NumTasks NumMachines NumScenarios
15 4 1000
TaskDetails:
TaskID ReleaseTime ResourceConsumption SuccessorsCount Successors...
0 0 4 3 6 6 2 5 6 
1 0 6 3 5 4 1 5 
2 0 9 9 2 6 1 7 
3 0 10 10 7 5 1 7 
4 0 8 1 9 8 0 
5 0 4 3 4 6 0 
6 0 9 2 4 1 1 7 
7 0 5 1 7 2 0 
8 0 2 6 8 7 2 11 13 
9 0 3 1 8 2 1 14 
10 0 6 9 8 5 0 
11 0 7 4 9 6 0 
12 0 4 9 5 2 0 
13 0 1 2 3 9 0 
14 0 8 7 2 3 0 

35 21 22 45 28 13 28 26 16 15 11 16 9 17 25 32 28 23 29 16 20 7 16 18 24 23 31 28 27 20 23 15 33 32 30 33 21 25 15 19 16 20 21 14 13 38 13 24 17 21 18 37 16 27 19 23 25 20 15 41 
16 18 14 21 28 17 25 27 16 17 18 22 15 16 22 21 21 28 24 29 48 23 19 16 24 24 37 14 18 19 15 11 32 26 10 31 17 29 28 36 25 13 19 17 18 17 23 21 17 25 33 33 20 24 14 31 19 30 5 37 
19 19 21 21 30 17 40 19 29 16 16 38 15 20 25 17 21 29 28 30 23 21 35 19 7 33 27 19 16 16 27 15 26 33 24 31 34 21 44 16 28 14 37 17 14 24 15 23 18 26 17 37 14 21 16 20 21 26 28 13 
21 23 32 17 16 16 5 26 25 8 22 36 13 14 26 26 17 30 24 14 28 16 10 8 17 25 23 14 17 22 21 16 27 31 21 37 30 28 39 41 28 14 36 19 26 30 16 26 18 23 12 31 16 30 20 18 18 25 24 28 
24 39 17 30 22 13 23 16 19 20 19 18 8 10 17 28 35 36 27 11 44 19 26 18 21 11 26 8 30 21 17 15 17 13 19 11 29 14 39 20 16 14 20 12 11 21 19 26 14 27 26 35 11 38 12 22 18 29 20 53 
20 29 28 43 22 16 40 20 28 11 21 21 17 14 29 22 32 36 23 20 38 10 11 11 16 15 22 12 28 18 24 16 15 26 19 23 36 29 30 27 23 17 30 17 14 28 15 13 27 15 10 21 21 21 19 15 23 7 21 31 
27 13 30 32 26 13 14 26 25 10 20 27 18 17 25 22 15 17 18 9 29 15 13 9 7 21 23 23 24 17 17 20 25 19 26 22 27 11 31 30 27 17 20 19 21 23 8 19 18 19 25 50 14 31 12 25 21 26 28 15 
10 29 19 39 25 13 33 23 22 12 12 21 19 19 21 24 28 14 23 15 32 8 19 10 21 42 14 23 29 21 36 16 38 33 24 17 24 39 22 35 33 20 15 11 13 31 18 15 16 22 15 20 14 26 19 16 19 20 22 44 
36 31 38 18 13 16 27 26 32 16 23 43 13 12 16 25 42 16 22 23 39 17 25 24 17 13 11 22 12 28 10 16 35 39 9 23 22 18 22 31 21 14 22 16 15 27 13 24 19 27 16 33 16 32 14 26 20 16 18 30 
21 18 34 24 17 14 28 24 33 10 14 29 23 18 12 20 19 26 24 12 30 19 18 17 16 24 45 19 25 28 22 13 25 17 18 34 27 33 28 28 18 14 24 11 16 26 18 18 21 24 15 41 12 33 13 25 26 21 30 26 
30 27 24 22 27 15 25 27 25 16 15 23 10 19 22 22 24 14 26 27 23 21 18 21 16 26 23 31 31 20 31 8 28 42 17 23 22 13 34 17 24 17 30 14 13 18 18 11 11 22 16 16 15 26 21 22 22 25 19 36 
36 43 28 23 18 15 28 19 32 18 17 19 19 21 20 9 27 25 23 23 36 16 17 15 20 14 21 20 11 12 11 15 28 23 28 31 31 26 22 40 25 23 22 27 22 24 14 35 21 21 23 35 11 14 17 10 15 22 8 28 
28 26 26 31 36 10 20 21 31 20 10 32 17 12 26 36 27 31 36 17 41 26 18 17 22 28 27 20 27 25 33 19 27 24 12 7 3 35 37 29 27 16 28 15 19 21 19 29 9 28 17 28 9 47 23 19 21 18 24 22 
34 22 30 34 16 24 27 26 23 14 20 24 14 13 29 15 30 22 16 8 24 29 10 12 25 18 22 12 19 27 22 21 27 23 17 16 27 14 43 34 19 19 26 20 10 33 14 25 17 17 29 24 22 43 17 24 27 22 22 27 
15 25 36 29 22 12 30 30 25 15 16 23 15 14 29 28 23 26 10 25 28 20 21 16 23 26 19 20 24 19 30 14 1 23 24 28 25 20 39 37 20 19 33 9 17 24 19 24 21 23 19 26 12 28 15 29 19 27 20 47 
27 21 34 27 25 7 32 20 32 13 18 30 22 18 15 24 30 18 23 18 24 16 9 16 22 32 34 18 20 14 19 17 23 24 25 25 13 24 23 9 14 19 29 11 14 25 10 26 24 10 17 41 12 31 11 35 31 37 12 32 
32 15 38 29 20 21 35 15 23 11 22 42 12 21 30 21 25 25 25 24 38 10 17 9 11 14 32 15 18 18 27 19 22 28 14 32 42 32 28 38 22 15 30 17 21 16 11 27 14 27 38 23 13 42 12 19 28 32 20 32 
33 21 28 22 21 16 28 19 18 18 13 35 8 15 23 28 29 24 24 19 31 22 19 11 23 15 33 19 18 23 23 16 35 22 24 29 38 37 26 31 20 18 29 18 14 25 18 23 20 27 26 36 16 32 12 24 20 36 18 38 
28 16 25 26 37 14 25 30 28 14 14 18 21 20 20 19 24 19 24 17 47 18 13 20 12 22 34 22 19 20 31 11 31 20 26 25 30 19 7 32 18 19 31 16 15 14 17 10 15 27 23 25 11 36 17 25 32 22 28 28 
24 8 22 39 36 13 18 28 23 21 15 29 9 23 16 20 37 9 26 21 29 16 12 8 22 29 33 21 15 27 28 15 38 18 21 29 29 19 19 30 25 19 16 19 14 25 13 21 22 23 11 31 17 29 15 36 24 19 35 20 
25 19 16 41 15 12 20 19 14 20 13 34 10 12 19 15 29 25 28 23 45 18 5 14 15 30 25 19 30 13 12 19 24 15 17 37 32 18 31 23 24 12 20 17 13 29 19 23 20 19 15 27 10 33 22 30 18 27 21 35 
23 27 32 33 21 13 11 24 23 15 20 44 4 18 30 13 27 7 18 21 33 7 24 10 20 14 25 17 18 15 18 16 17 15 18 39 36 22 25 25 26 19 25 19 18 16 12 19 18 21 33 30 17 31 8 30 24 24 31 24 
27 16 35 33 19 7 29 21 28 15 17 36 14 15 14 20 31 20 22 12 11 15 24 12 13 32 25 22 6 16 40 14 32 20 19 26 22 34 39 24 25 17 24 14 22 15 12 30 19 13 19 27 11 21 14 20 23 25 26 28 
34 21 26 34 28 14 19 21 27 16 15 27 16 14 24 11 16 27 22 15 16 24 25 12 13 22 25 22 30 21 24 14 37 30 21 39 17 22 44 32 18 27 28 13 16 25 28 28 14 25 19 37 14 27 19 26 22 14 18 16 
33 34 39 30 29 12 15 27 25 10 12 31 14 19 18 14 15 14 10 15 25 20 14 11 23 31 17 17 23 23 36 9 33 24 22 23 30 30 38 31 26 18 24 15 19 19 16 21 23 25 17 26 16 17 10 2 34 31 14 26 
19 21 44 29 22 13 26 7 19 11 16 35 15 17 26 22 23 35 27 16 32 28 17 15 24 31 24 19 15 19 36 13 34 21 17 38 27 21 17 32 38 13 23 14 15 21 12 21 14 19 18 29 16 25 12 35 20 31 14 29 
27 30 39 37 29 15 30 26 24 22 22 17 13 12 8 16 35 22 28 21 30 21 16 9 17 14 26 21 24 21 24 11 14 29 26 23 13 15 39 46 36 11 24 13 20 18 18 27 23 23 12 19 12 28 13 23 26 24 20 37 
20 19 31 36 28 16 27 19 40 11 11 37 14 21 19 29 40 25 20 21 29 23 26 13 8 33 30 17 34 14 30 9 25 39 28 35 47 33 29 16 23 16 27 23 18 18 17 15 15 32 20 21 14 31 20 19 22 30 17 37 
25 27 35 32 19 13 37 13 22 14 16 34 14 13 22 22 23 20 25 22 19 17 25 21 21 11 34 23 35 21 24 13 29 18 17 22 32 16 37 28 24 8 32 18 19 24 11 23 16 29 29 18 17 44 15 24 22 28 26 36 
30 29 23 35 16 13 24 24 28 17 13 24 14 12 24 19 34 4 26 26 24 19 18 19 12 23 19 20 19 17 30 19 37 31 22 25 31 24 39 32 14 11 21 15 15 31 25 23 14 25 25 20 19 24 25 30 10 25 20 19 
29 28 23 28 34 12 23 29 12 7 17 31 6 18 21 23 28 23 32 19 3 13 8 8 13 16 35 21 29 21 26 16 8 23 21 22 51 14 36 31 17 17 34 8 14 15 14 24 27 16 24 33 29 39 12 15 19 19 30 32 
33 14 11 40 32 14 27 14 15 16 14 21 18 17 23 22 29 22 32 16 35 15 12 15 14 12 31 23 30 12 8 16 24 25 7 26 34 24 26 38 33 13 31 17 16 19 13 31 26 21 31 27 20 32 22 26 20 17 27 21 
22 21 15 20 23 14 33 22 11 13 14 37 13 16 13 26 27 36 16 23 23 14 18 20 26 11 28 18 22 11 25 8 39 33 28 32 37 23 21 29 31 15 27 13 17 28 13 13 16 23 30 24 12 26 15 8 30 23 11 28 
26 11 34 25 8 5 31 18 24 15 25 33 16 14 24 29 50 20 23 16 31 13 7 10 21 30 31 20 15 18 33 7 20 30 23 11 13 32 18 34 23 22 30 13 7 27 17 17 15 28 14 39 21 33 11 21 19 32 7 33 
17 13 22 15 23 11 32 22 24 17 24 17 14 17 18 26 32 26 22 18 39 20 21 18 16 31 30 22 29 22 14 15 35 36 18 33 38 24 27 28 21 20 26 15 16 14 7 21 14 20 26 29 23 21 13 25 18 32 24 32 
28 23 38 36 28 18 25 21 23 12 16 22 24 18 16 25 21 29 24 20 19 16 17 15 20 21 29 23 27 16 35 21 26 44 16 34 21 16 27 33 23 16 39 14 9 25 14 25 9 26 24 37 22 23 15 19 23 17 32 31 
14 18 12 18 29 13 5 27 25 20 14 22 13 20 21 20 31 23 21 18 36 19 18 11 23 22 24 31 20 25 13 16 27 12 25 26 21 27 17 30 19 22 30 6 17 24 15 23 26 23 19 36 20 25 20 33 27 28 13 25 
23 24 17 22 31 14 20 25 18 12 16 27 15 20 22 22 32 14 28 24 25 14 25 12 9 24 36 22 31 19 35 13 29 23 16 24 40 30 51 41 22 19 27 18 17 14 19 22 18 11 16 40 14 20 19 30 19 22 27 24 
29 20 21 23 18 11 45 29 28 14 14 31 15 16 17 21 12 25 13 13 41 16 22 11 13 15 27 20 27 21 40 16 31 23 17 21 26 14 24 21 25 15 23 19 14 29 20 20 10 18 27 29 18 44 18 20 20 14 29 38 
29 22 38 25 21 12 28 30 22 19 11 22 20 16 13 29 33 26 23 20 31 16 20 14 11 10 27 19 22 18 24 15 21 22 24 27 23 16 12 26 32 22 27 17 12 26 10 24 19 18 29 32 12 22 19 26 26 25 20 37 
20 26 24 31 21 12 24 13 27 13 18 41 17 10 12 28 36 25 35 19 19 11 16 8 13 31 26 8 20 26 30 15 27 32 14 31 22 18 32 28 26 12 24 17 17 13 16 12 27 32 14 34 22 22 11 28 31 31 11 25 
25 13 29 13 31 15 32 25 31 17 15 36 16 18 15 12 12 19 21 21 33 17 24 12 16 25 26 18 16 15 20 10 13 28 14 9 28 14 23 22 24 18 21 15 9 19 18 23 17 19 24 29 19 46 16 27 22 23 12 29 
16 29 31 24 40 17 22 24 19 18 10 24 17 20 11 27 25 30 29 25 20 14 20 16 16 20 36 27 23 12 14 23 33 21 19 36 31 27 45 34 27 14 23 14 10 29 14 15 11 14 21 34 21 42 16 22 18 27 23 29 
13 22 33 37 33 19 37 12 13 11 20 19 9 19 21 21 27 9 25 14 34 19 10 14 19 23 12 17 24 17 33 15 16 25 25 16 46 12 36 38 17 23 19 16 15 11 12 33 24 29 27 31 12 42 12 17 24 24 19 26 
20 17 40 22 22 20 26 22 24 14 19 39 12 11 26 32 31 28 21 21 46 21 18 17 31 22 28 23 24 23 29 13 23 21 23 32 18 29 29 20 19 17 24 20 16 19 9 23 13 26 35 47 13 43 17 24 13 26 19 47 
31 20 23 31 23 16 43 31 27 16 22 24 9 15 22 24 28 21 30 14 41 17 28 13 17 4 25 19 19 8 18 22 32 16 14 32 44 16 38 33 30 14 10 17 14 20 13 19 16 18 23 13 14 35 20 18 22 10 22 22 
42 22 12 41 29 23 38 20 19 12 15 30 11 12 7 19 28 21 14 22 23 17 25 11 18 16 31 21 26 18 18 16 35 26 19 24 39 25 24 27 15 22 26 18 10 20 11 7 13 25 16 33 18 34 22 22 23 20 23 37 
33 20 26 44 27 10 29 17 22 20 13 30 15 10 29 14 37 13 21 26 24 14 18 13 8 18 25 18 19 32 37 17 48 25 13 7 35 23 24 24 21 15 12 13 8 23 14 15 19 25 18 39 18 16 20 21 28 23 10 28 
35 26 31 29 24 13 24 18 23 16 17 30 15 21 17 19 32 18 22 15 27 18 12 12 27 18 22 24 26 11 25 12 23 19 12 28 45 30 24 25 23 18 21 19 15 32 13 24 22 28 22 31 13 30 11 26 14 17 10 4 
26 26 12 35 30 20 35 21 16 16 16 23 19 17 21 21 16 18 20 15 38 12 22 13 14 24 16 22 35 18 28 14 27 21 17 35 17 27 27 29 27 20 37 14 26 21 15 14 11 21 20 37 16 49 20 32 22 24 14 29 
27 17 40 36 30 15 17 25 21 13 15 37 16 19 20 30 23 26 18 22 31 23 19 12 20 22 16 11 25 12 21 8 18 23 18 16 22 16 23 30 16 22 24 14 21 22 22 27 19 24 32 29 19 19 14 34 20 28 18 28 
32 30 35 39 11 16 31 24 20 16 11 22 12 21 26 12 34 23 27 18 27 18 15 15 4 22 24 15 32 26 18 9 45 16 26 35 39 22 26 34 22 10 27 18 21 30 19 32 16 26 15 41 12 38 14 29 30 27 22 33 
10 22 35 49 33 9 20 20 17 20 13 12 19 18 29 17 35 23 14 27 38 17 13 16 22 10 30 15 27 15 25 17 23 20 7 27 35 18 30 28 27 15 18 13 22 23 24 32 16 21 16 30 21 25 14 16 32 18 18 33 
20 22 18 31 22 14 32 19 15 14 13 25 11 17 27 21 32 18 20 5 37 23 22 16 16 21 37 10 24 33 21 20 17 28 18 15 29 31 29 43 25 23 31 8 17 19 8 24 19 34 17 18 19 26 19 11 18 22 19 29 
20 26 19 33 18 14 26 12 31 25 11 25 17 23 31 15 35 12 17 18 26 14 21 12 14 10 33 18 29 19 32 21 19 9 18 17 24 18 23 26 24 20 30 15 15 23 19 20 15 30 27 33 15 24 15 28 19 17 22 32 
29 26 39 36 25 22 35 26 27 7 20 21 12 13 29 19 33 14 27 24 18 14 12 17 11 23 24 18 31 21 19 16 16 25 11 9 36 34 30 24 28 20 11 16 18 27 13 14 23 22 14 24 12 21 16 26 20 19 17 39 
34 24 43 30 30 19 30 28 26 14 13 25 10 19 6 29 28 19 26 23 23 13 19 17 21 15 15 17 10 34 35 15 25 32 18 38 21 24 15 28 14 8 29 20 15 31 15 12 16 23 20 24 18 23 9 18 32 26 30 25 
36 25 23 36 24 16 38 27 18 17 17 29 19 14 20 19 28 20 10 11 33 15 18 19 11 14 24 15 37 31 7 14 30 21 30 27 27 25 50 35 17 16 33 5 18 21 11 23 18 22 24 31 18 30 12 18 22 10 11 27 
30 18 31 51 19 13 38 25 18 13 19 26 17 12 21 16 26 20 16 20 32 10 27 17 20 26 36 14 22 9 19 13 26 37 21 32 30 15 38 37 26 18 22 7 16 31 15 37 17 20 29 21 23 31 15 23 22 27 25 43 
33 36 32 21 27 14 16 16 21 9 11 42 19 15 13 28 39 13 26 20 42 11 17 17 20 12 27 22 17 17 22 12 25 25 23 31 29 26 35 36 23 13 18 16 13 14 19 18 23 20 29 18 19 37 21 21 19 9 23 33 
36 29 35 16 26 11 35 16 27 18 21 36 18 9 26 24 42 18 20 20 42 17 17 17 20 18 19 23 17 23 30 13 37 20 29 23 31 19 25 17 15 13 17 9 13 24 19 15 14 17 15 43 17 14 12 34 30 29 22 33 
24 30 24 26 27 12 22 18 32 10 20 34 12 9 19 17 17 33 33 16 37 21 19 16 16 23 26 18 29 31 27 24 29 24 24 24 45 24 48 31 20 24 23 23 16 16 16 23 18 29 21 17 13 39 19 28 23 22 17 22 
14 13 32 27 15 13 22 24 17 17 20 26 15 15 20 23 26 31 18 30 27 25 22 23 13 22 31 13 22 19 25 15 25 23 30 34 31 34 37 42 19 20 25 17 16 26 9 13 18 28 29 32 16 39 24 32 23 34 31 39 
35 17 25 16 30 17 23 11 15 9 16 37 17 12 28 20 23 23 17 15 29 14 27 22 7 23 25 24 33 24 39 13 24 19 24 36 39 27 25 27 7 18 25 15 20 24 16 11 19 21 13 20 17 32 16 29 11 25 18 29 
30 21 20 26 15 19 27 24 32 21 17 35 17 12 20 36 36 21 32 18 31 19 27 15 21 16 27 21 32 9 26 17 34 13 15 32 22 26 18 35 22 11 20 14 18 12 23 14 19 20 19 26 18 25 18 23 14 11 20 20 
24 23 31 23 23 13 22 20 19 13 14 31 12 17 15 25 32 12 21 16 17 13 27 14 21 19 35 16 34 25 26 19 15 19 15 25 43 31 35 39 19 14 33 17 14 31 23 30 15 27 19 22 21 30 14 24 26 28 17 33 
39 28 16 39 32 17 21 21 22 14 25 17 14 21 17 27 19 23 25 18 38 18 25 13 22 19 24 17 27 27 20 19 26 32 14 33 33 30 50 14 17 23 33 17 21 13 21 25 15 16 17 33 7 27 14 28 22 26 21 14 
27 30 27 49 37 16 29 21 32 10 15 27 13 13 24 29 21 13 14 19 34 16 18 15 14 25 19 25 34 5 23 15 44 17 8 32 29 18 33 36 30 11 25 16 13 26 14 17 24 31 15 27 8 36 12 25 20 28 24 35 
11 8 39 23 29 13 36 25 22 16 21 23 19 16 19 21 32 30 17 21 20 18 21 17 13 21 22 26 16 17 37 17 27 32 15 22 22 24 38 36 19 10 34 16 18 36 7 16 19 21 25 27 18 22 12 17 18 19 24 30 
33 30 29 48 25 19 26 23 13 14 16 21 10 15 20 25 40 20 25 23 32 12 16 16 28 18 20 17 21 19 32 14 18 15 24 31 31 14 58 29 27 16 30 13 14 29 19 23 20 23 31 23 24 36 11 22 21 18 19 26 
30 21 32 33 24 15 34 34 16 17 16 32 18 17 17 30 16 24 24 19 29 15 16 23 6 22 25 21 19 19 2 9 34 15 12 17 40 27 17 37 30 13 39 18 17 19 21 25 24 21 23 38 21 38 10 31 13 30 31 31 
23 18 25 38 26 17 22 25 31 15 13 32 18 17 20 25 16 28 25 22 33 17 16 10 12 17 31 17 17 12 30 17 21 30 22 25 45 28 39 34 15 10 35 8 15 15 9 16 19 17 27 27 15 33 13 34 18 14 18 22 
25 28 23 28 8 13 21 11 23 11 13 11 16 10 26 17 23 25 21 18 25 18 24 14 17 21 27 17 25 20 27 18 40 8 28 20 48 33 44 24 19 18 18 7 7 22 16 24 18 16 28 31 10 23 20 20 24 21 30 15 
27 12 29 31 19 13 27 15 16 12 20 31 15 24 23 21 20 19 17 12 34 12 17 10 25 26 30 10 24 15 27 15 24 22 21 29 49 24 31 35 18 23 22 19 16 32 14 10 18 19 24 23 15 26 13 27 21 28 16 30 
20 17 34 24 22 17 19 23 25 24 22 25 18 13 14 20 46 25 23 21 29 12 12 15 18 25 23 20 33 15 22 5 24 22 25 37 31 33 32 21 21 16 25 5 24 21 16 22 24 25 34 33 15 17 19 15 30 23 22 38 
38 27 17 24 21 13 29 22 21 21 15 39 7 17 21 19 38 13 28 24 14 21 10 18 22 18 29 9 29 27 19 16 14 42 19 25 21 22 22 29 26 18 29 12 17 22 17 28 18 23 20 27 10 51 14 19 7 23 17 31 
27 26 31 19 17 16 22 21 29 13 24 30 16 11 17 27 26 15 29 19 27 13 11 9 7 25 20 22 29 6 28 13 27 18 16 28 37 23 16 39 4 18 8 9 23 27 12 26 15 33 17 54 22 20 12 26 20 24 23 27 
28 16 29 33 22 21 29 13 37 17 20 27 11 14 21 23 28 27 37 11 11 18 16 19 12 24 36 20 27 16 27 15 19 33 20 26 42 20 29 26 15 20 28 14 13 29 11 14 16 22 25 27 16 41 13 24 34 33 29 26 
15 22 23 6 21 19 32 15 21 14 17 31 21 8 21 26 29 28 12 7 42 18 18 16 24 14 27 24 11 20 23 15 26 33 21 31 26 12 28 43 31 21 14 16 9 18 7 31 20 19 20 27 17 27 18 33 19 19 10 15 
20 19 13 29 24 16 31 22 20 20 20 26 16 10 23 25 20 18 20 23 39 20 12 10 16 27 22 16 28 24 25 12 21 26 18 10 44 33 24 32 12 15 20 18 14 33 18 20 16 26 20 27 20 23 10 37 15 22 15 29 
20 22 27 29 16 12 6 18 11 10 18 25 13 18 32 29 18 20 23 12 31 18 14 16 24 28 19 20 24 14 29 15 28 23 25 42 21 14 10 19 18 14 25 16 15 20 13 26 13 23 19 36 14 31 17 32 19 22 10 23 
32 25 23 21 22 11 7 27 24 12 20 27 15 20 14 29 31 26 22 18 25 9 16 15 14 10 32 33 25 24 33 9 28 25 22 19 25 38 21 15 19 19 33 19 15 17 12 9 16 23 20 26 19 28 25 15 26 30 17 29 
11 23 33 31 25 13 32 16 10 20 10 20 16 10 14 24 25 35 7 22 46 19 18 12 15 28 20 15 20 15 28 15 25 17 19 29 44 29 40 16 32 19 12 17 12 18 21 30 11 35 21 27 15 24 19 27 19 29 22 38 
18 17 37 20 18 11 26 10 34 16 18 26 15 13 26 32 28 28 21 13 22 20 14 15 14 20 28 25 25 16 31 17 20 26 26 24 52 30 30 29 30 21 31 22 16 36 23 24 22 22 19 39 16 32 14 37 15 20 15 16 
6 25 32 35 32 18 35 15 22 12 18 32 17 15 18 10 28 25 21 28 33 19 20 15 23 11 28 19 27 15 24 10 32 32 26 41 30 31 38 31 15 19 33 10 19 22 16 17 22 25 23 31 20 27 20 16 30 14 31 21 
22 17 21 14 22 12 32 29 28 10 18 40 15 9 15 26 32 22 17 19 21 15 16 17 16 29 24 17 30 15 29 11 15 42 20 29 29 33 24 25 26 19 27 12 8 18 11 22 19 27 15 26 13 36 10 29 24 25 24 34 
30 15 28 27 14 18 40 24 29 11 18 20 15 17 10 19 33 12 24 25 28 17 27 15 17 25 29 14 14 23 26 13 31 27 10 31 32 28 40 20 27 22 23 16 21 26 13 16 21 23 18 34 21 37 13 11 23 17 21 30 
33 26 27 46 28 20 22 15 18 12 8 30 15 13 22 27 43 24 30 19 37 12 18 14 17 22 27 10 21 31 31 17 16 28 30 37 26 19 26 25 30 10 29 8 24 32 11 29 18 9 31 39 14 32 13 26 24 20 15 27 
31 23 27 50 27 18 36 22 27 17 15 17 19 13 28 24 40 10 20 23 29 12 14 12 4 16 29 18 21 19 21 15 22 18 27 25 37 21 37 21 21 13 22 15 18 29 10 26 25 19 18 20 17 29 14 21 25 26 23 30 
39 35 30 28 24 11 31 19 28 7 13 49 14 17 30 13 31 28 25 20 47 21 8 15 25 17 28 20 24 22 29 15 30 20 21 33 30 30 29 21 28 18 17 19 17 19 11 19 21 26 14 26 19 32 17 23 19 24 26 44 
23 10 26 25 25 13 36 23 42 24 24 31 14 10 24 23 27 23 24 15 24 14 19 12 14 14 18 23 22 17 26 12 19 24 33 17 25 33 20 30 27 13 32 17 14 27 15 21 16 31 20 33 16 34 16 20 30 23 19 38 
25 19 14 32 26 18 30 27 26 18 13 34 9 20 26 21 37 17 21 17 15 23 27 13 18 18 20 11 24 11 29 17 33 11 15 26 30 28 13 14 24 7 20 12 14 14 16 24 17 27 28 25 11 38 16 27 23 21 27 31 
25 21 15 38 24 10 18 23 28 16 22 3 4 17 20 28 30 35 19 27 35 27 12 13 22 31 40 25 27 26 31 11 18 28 24 23 22 24 44 24 21 16 42 13 15 15 22 18 13 16 25 34 15 18 11 16 27 22 26 31 
14 27 28 40 27 16 21 27 16 24 14 28 18 13 31 22 29 35 17 19 26 12 22 11 20 21 20 17 31 23 25 10 17 30 24 21 29 23 30 19 19 15 25 18 18 32 15 25 26 12 25 14 18 27 15 31 26 21 9 27 
28 22 35 22 27 17 34 24 11 14 17 32 11 13 16 16 15 19 15 20 41 24 22 15 13 12 29 13 21 23 26 22 26 27 19 29 28 18 38 35 20 20 22 18 16 22 23 17 28 25 26 37 22 6 20 25 33 26 21 26 
29 12 32 30 19 14 53 24 14 11 18 18 8 19 21 22 33 23 27 15 29 17 19 13 26 23 31 19 36 21 30 15 42 17 20 16 40 17 26 41 28 22 15 17 20 18 11 26 24 33 18 27 23 10 17 25 22 24 9 42 
21 22 42 25 20 15 24 27 22 12 11 24 14 13 20 26 33 36 19 12 15 21 23 9 20 17 21 20 26 20 24 24 26 32 11 37 29 18 29 7 31 14 26 9 9 14 14 21 19 14 30 32 22 41 18 37 30 18 25 18 
35 22 27 40 24 12 37 23 15 18 23 31 13 17 20 30 24 19 27 33 35 15 22 15 15 34 18 24 9 14 22 7 27 19 17 29 28 22 17 32 17 13 17 18 16 25 21 26 8 22 31 27 21 36 11 27 26 22 28 26 
18 25 37 15 10 17 38 30 24 20 16 16 16 20 9 27 34 25 32 12 43 27 16 16 17 14 19 19 29 27 17 7 39 28 15 33 40 26 27 26 24 14 17 16 18 29 14 25 14 19 19 25 19 41 16 22 27 18 25 37 
16 18 35 37 23 17 39 21 19 17 18 19 17 21 27 19 25 6 19 22 12 20 19 20 23 22 23 17 30 29 25 10 26 17 27 27 43 17 21 26 36 17 15 14 14 19 16 16 24 24 21 43 13 30 17 25 25 20 24 23 
24 28 10 38 16 11 26 26 24 9 7 35 13 11 21 18 12 20 19 22 17 15 12 14 15 27 37 17 11 17 37 10 39 35 19 24 23 25 47 32 13 18 27 7 11 14 14 22 25 22 15 41 25 32 13 18 37 29 23 25 
20 25 25 27 9 13 19 26 25 11 15 23 16 16 18 26 28 25 27 21 19 22 15 13 21 16 35 22 22 24 32 15 28 24 19 32 31 35 29 30 27 17 24 17 10 29 13 25 19 23 26 13 18 37 19 13 16 24 23 24 
9 28 45 29 22 19 28 23 23 18 20 20 21 16 26 17 25 20 28 18 22 18 17 8 22 28 14 14 10 27 21 22 20 37 11 22 27 18 32 26 16 13 17 17 15 26 14 22 4 31 23 29 22 32 15 15 17 19 29 15 
29 19 14 35 28 12 25 21 28 14 16 35 20 10 19 21 29 17 25 14 34 5 18 10 23 17 26 17 14 27 14 8 29 35 5 34 17 22 27 35 26 14 34 14 16 20 21 17 16 31 22 21 22 45 9 20 24 18 14 26 
31 26 21 26 30 13 29 19 24 15 13 29 10 22 24 27 28 29 17 15 29 15 20 25 16 28 24 25 32 28 34 18 28 14 19 20 38 32 29 20 26 15 24 13 18 29 14 14 17 27 25 31 14 28 11 11 25 29 24 30 
25 28 27 26 22 16 5 18 19 18 14 30 17 20 15 20 22 28 27 19 25 9 16 12 14 26 21 12 19 18 24 14 34 35 12 25 24 16 50 25 38 19 28 13 16 23 16 38 24 21 35 28 15 31 16 16 29 32 22 28 
33 23 38 27 31 10 29 20 22 20 19 38 10 16 19 28 46 27 16 22 23 14 24 7 16 12 15 22 17 11 29 16 28 38 20 21 24 27 33 33 30 15 21 14 20 28 16 18 14 30 18 36 21 39 15 23 23 15 23 34 
32 17 17 38 24 19 22 26 19 18 15 27 23 13 21 32 24 21 33 18 23 10 19 16 20 19 32 15 18 20 31 9 33 17 16 29 36 29 28 23 12 9 22 15 13 20 16 22 18 15 27 27 10 38 11 22 28 31 21 35 
31 17 30 35 16 17 35 24 34 15 19 43 7 17 26 25 40 26 33 18 24 21 24 12 25 30 27 20 28 19 26 12 29 20 32 39 15 26 36 32 30 15 23 22 21 17 13 22 14 26 30 28 19 44 12 22 25 14 22 30 
10 21 24 30 19 24 35 16 25 17 21 27 21 17 19 26 15 31 28 16 35 22 18 15 17 17 31 20 30 18 32 15 18 20 30 31 17 23 41 36 40 20 27 12 16 30 15 17 19 23 22 23 18 23 17 28 20 27 34 20 
14 25 28 39 18 11 20 22 19 9 19 48 13 20 21 22 19 28 32 23 33 25 14 19 16 10 23 20 35 23 30 8 31 27 24 27 26 35 38 19 23 17 27 18 17 29 13 24 16 35 25 23 17 33 9 28 25 18 22 22 
32 26 45 21 29 15 29 23 37 15 14 48 16 12 14 28 26 5 19 21 11 26 16 22 17 30 23 18 18 23 36 17 24 34 28 18 21 31 24 27 17 19 38 14 18 24 10 31 4 19 37 32 21 28 13 23 10 30 13 30 
18 20 27 31 26 18 44 17 30 20 20 36 18 13 16 35 20 19 29 11 25 20 15 15 17 24 29 20 21 25 25 16 23 38 12 25 27 25 29 26 25 19 16 9 16 27 16 24 23 30 26 27 14 20 9 26 17 34 20 29 
26 26 23 32 22 15 30 24 14 16 18 29 17 13 20 18 24 28 22 31 33 16 12 10 18 10 19 22 16 20 18 15 21 32 15 29 27 30 20 30 14 19 31 20 11 33 17 13 8 27 26 33 20 26 15 31 22 26 26 27 
18 28 7 34 23 14 31 28 19 13 21 51 10 8 24 18 26 20 21 23 41 22 10 14 20 25 45 19 21 1 34 13 36 34 19 35 38 27 21 11 30 15 22 11 11 20 15 23 16 16 22 39 14 29 22 29 14 21 21 21 
27 29 36 29 24 12 28 13 34 17 11 35 18 19 19 16 28 21 16 29 25 9 22 20 17 14 32 19 26 25 22 11 32 20 7 15 49 32 36 47 20 10 20 15 21 36 14 16 18 16 29 41 12 28 10 24 23 28 13 23 
29 23 23 35 16 18 23 15 25 18 10 23 15 17 20 15 18 22 29 21 25 19 21 17 21 19 37 12 24 17 36 14 22 33 34 34 38 27 33 31 16 12 35 14 14 33 18 20 15 22 25 16 11 17 14 26 17 11 29 26 
25 25 32 37 26 18 14 17 27 11 14 31 11 13 20 25 41 19 28 16 26 16 23 12 15 16 33 11 29 16 27 23 29 24 20 30 29 21 25 21 24 16 24 13 10 20 11 39 20 28 18 42 18 8 17 10 15 23 19 32 
32 21 32 28 21 23 25 4 20 16 11 29 17 20 23 18 27 30 22 17 28 9 18 13 15 27 23 18 33 16 26 20 23 30 13 36 43 27 20 25 24 9 22 19 17 16 16 26 22 35 20 28 16 22 16 31 17 19 21 37 
22 18 40 34 28 14 20 19 19 10 18 20 17 15 20 20 29 21 15 19 32 14 13 14 17 10 39 19 25 22 20 16 29 25 24 11 22 23 20 32 30 17 26 19 21 16 18 18 15 17 13 14 14 11 22 28 25 27 20 39 
32 27 23 22 28 14 31 24 21 11 17 43 12 18 20 17 34 24 20 15 27 17 17 16 12 25 31 24 36 14 22 11 20 27 16 26 35 27 35 33 27 14 19 17 15 30 13 10 11 15 26 35 18 53 13 20 12 15 23 28 
22 26 30 30 27 13 28 22 18 16 25 28 22 18 20 19 18 20 26 18 7 16 21 20 20 14 24 18 24 28 31 19 28 23 17 35 36 21 50 28 29 16 23 12 19 10 12 32 21 34 21 24 15 33 17 14 23 11 22 18 
20 17 34 35 27 10 28 18 23 16 15 31 16 18 29 28 22 27 34 10 28 17 23 12 14 23 16 20 20 20 40 19 16 25 19 30 32 16 32 30 31 13 30 14 16 30 14 28 13 17 21 43 15 42 12 22 23 18 21 24 
31 24 36 24 23 17 27 20 29 17 21 37 11 8 27 18 14 18 16 30 31 17 15 17 19 15 27 20 29 30 16 14 44 29 21 38 18 39 21 19 9 17 29 14 13 21 19 25 16 19 23 34 15 34 24 18 21 19 20 41 
20 24 24 45 25 12 26 31 21 14 12 30 19 21 25 25 31 17 32 18 31 10 14 12 29 11 16 17 39 18 24 20 25 25 14 26 26 14 48 33 32 20 32 20 18 22 10 19 20 28 20 32 18 40 9 27 18 28 20 33 
25 36 17 29 29 17 23 11 19 10 22 27 13 14 24 19 36 26 12 20 21 10 14 17 14 25 28 20 20 13 27 13 20 30 21 33 45 32 17 26 26 18 19 12 14 43 12 14 22 18 22 23 16 36 13 39 19 26 21 20 
37 23 23 35 20 14 36 28 23 17 25 28 11 16 18 25 32 30 19 16 32 15 18 17 18 10 23 22 16 13 19 21 16 23 24 27 24 22 13 29 22 20 23 19 13 23 15 8 27 27 14 23 17 19 17 25 23 19 19 31 
26 21 20 28 14 12 38 13 13 18 15 20 8 13 8 29 32 18 14 10 26 14 18 17 16 23 31 14 22 17 34 13 32 11 27 27 30 23 20 36 40 14 30 14 16 24 19 27 23 18 27 42 12 45 19 22 19 19 15 27 
29 18 21 16 19 19 27 29 27 10 14 17 19 21 22 24 37 24 26 27 28 17 23 14 18 21 18 15 24 18 23 19 32 26 22 21 30 22 35 38 25 22 33 16 17 34 15 31 14 23 20 23 20 14 11 25 21 12 19 33 
34 29 17 35 37 2 28 14 15 12 20 20 17 15 14 22 39 28 16 20 16 12 16 12 15 30 27 21 21 11 26 10 26 26 6 15 39 19 25 33 33 12 30 11 15 36 12 16 27 18 28 20 17 35 19 32 26 24 27 36 
38 19 34 46 18 17 27 22 20 19 20 35 17 14 18 19 27 17 21 17 30 11 19 21 19 20 35 25 27 20 29 14 24 23 28 31 37 33 28 20 27 20 27 13 8 30 11 20 20 27 28 28 17 31 10 23 26 26 18 27 
17 16 31 36 20 11 24 26 22 9 18 30 18 14 19 21 33 25 26 21 28 22 22 18 27 14 25 16 12 17 20 18 10 33 31 19 24 33 50 47 16 20 17 17 15 21 14 24 13 24 24 15 17 24 13 22 25 23 18 45 
21 19 15 21 29 13 39 20 26 15 13 25 17 17 14 26 37 15 22 27 29 15 9 12 29 15 37 26 30 22 19 20 26 34 25 32 33 23 40 35 27 17 33 15 23 26 15 20 17 29 22 39 12 31 22 30 20 20 15 5 
23 15 29 38 27 22 20 27 30 18 21 15 12 13 28 8 8 13 22 18 41 14 18 15 11 12 21 16 31 7 35 17 33 18 21 21 36 32 41 36 22 16 26 14 14 19 14 37 28 10 25 25 24 19 16 20 17 26 16 36 
21 18 33 38 22 17 22 34 25 12 7 17 23 17 14 25 22 11 23 25 29 22 16 10 23 26 25 10 20 18 38 20 42 25 18 30 18 16 43 36 21 6 25 11 12 24 13 11 30 23 25 24 15 42 15 36 18 31 34 30 
27 27 27 27 29 17 18 9 23 11 11 29 16 23 24 25 34 35 17 17 40 21 21 23 18 28 26 16 36 27 31 23 17 30 30 33 21 37 53 34 13 21 32 15 9 22 18 23 22 29 20 28 10 37 20 25 21 17 32 11 
36 18 16 42 20 20 34 21 23 21 21 30 21 12 11 17 37 20 12 13 20 25 16 14 20 17 20 16 21 19 31 13 29 22 26 11 40 31 23 31 25 12 18 20 15 23 17 26 15 16 14 39 12 30 18 30 12 29 20 41 
25 27 28 29 25 20 33 16 23 16 19 35 20 18 20 24 35 27 30 9 35 21 26 12 26 18 28 25 22 19 25 13 21 31 22 22 45 18 39 40 21 18 19 20 15 29 11 25 21 35 21 40 17 33 16 19 20 30 16 29 
24 15 16 22 20 20 17 24 27 11 17 41 20 17 6 32 23 17 17 21 34 12 25 16 16 19 37 23 31 14 27 21 27 30 33 18 32 30 24 34 26 13 30 14 18 35 12 19 28 24 22 34 15 36 20 21 12 20 17 31 
29 9 33 29 22 13 23 8 36 13 6 15 20 10 19 21 27 10 23 21 32 15 22 13 15 20 28 11 17 23 30 16 21 30 27 26 25 20 14 21 22 23 21 14 13 15 13 15 18 26 14 25 26 50 11 20 24 24 25 21 
34 18 23 40 30 14 27 11 25 9 20 31 15 22 20 19 29 24 29 19 27 20 17 22 18 15 32 21 15 26 28 9 30 19 25 22 8 21 21 40 32 14 26 11 15 23 20 16 23 23 26 37 14 23 16 35 25 24 19 34 
29 6 17 40 37 14 29 25 23 23 19 29 18 16 15 16 23 22 28 21 25 18 12 17 15 21 27 22 16 20 20 4 27 24 28 33 28 39 17 21 23 19 23 19 12 28 21 22 25 13 26 29 19 35 15 14 17 22 16 25 
25 25 27 16 32 13 19 18 14 14 16 34 20 16 18 20 32 20 26 15 17 20 13 16 21 27 19 22 20 25 15 14 22 23 15 31 24 33 21 32 25 14 30 24 10 19 20 26 10 27 9 49 13 32 12 30 17 26 16 31 
24 23 14 20 29 15 21 13 10 10 18 26 15 23 30 23 36 10 24 30 27 15 22 19 17 31 32 25 33 17 26 17 17 32 21 13 27 22 32 24 26 17 37 15 17 25 11 27 20 21 16 22 18 30 12 36 4 16 14 22 
14 18 33 33 37 22 3 34 28 20 17 34 10 14 25 23 29 23 12 21 15 18 13 12 12 19 23 18 26 25 21 13 9 32 15 37 33 25 33 35 29 15 23 20 17 29 13 17 20 33 16 26 15 15 21 47 31 18 19 26 
22 17 32 14 19 12 18 25 17 18 17 22 16 18 19 22 34 10 14 17 30 29 24 12 12 16 16 25 28 16 33 11 31 26 20 18 18 36 25 32 25 25 16 9 17 31 24 31 18 21 15 16 15 26 14 23 24 19 16 32 
23 19 18 29 29 14 21 11 23 12 12 17 9 16 15 21 35 26 20 23 25 18 16 8 19 28 11 16 16 23 16 19 20 30 28 31 23 28 37 11 30 14 20 15 18 22 15 20 19 28 31 24 26 32 17 28 30 28 21 30 
35 28 19 33 40 19 35 18 27 14 20 34 13 11 15 15 30 34 21 24 31 19 22 21 11 19 26 27 17 20 27 20 29 17 20 18 27 11 37 30 25 17 29 13 18 38 12 26 26 17 28 22 16 34 16 11 23 24 20 18 
16 31 28 20 27 11 20 21 24 14 17 26 12 18 20 32 36 25 14 13 32 8 15 12 10 28 30 19 14 20 26 18 26 43 21 42 32 27 25 31 22 16 29 20 17 8 15 19 20 16 25 51 17 49 13 22 17 27 25 36 
33 24 23 36 19 16 24 29 19 13 14 33 22 16 24 21 25 26 25 17 40 8 24 13 7 7 25 22 28 19 22 11 13 24 23 37 35 23 37 30 19 23 31 18 20 13 9 14 20 21 18 33 20 36 19 24 18 21 7 30 
40 29 19 37 24 17 20 19 31 12 21 36 12 17 24 29 32 25 25 19 31 15 13 11 16 20 28 23 22 21 19 24 17 25 22 30 37 36 33 30 15 18 23 12 11 19 12 27 18 18 25 26 17 36 16 30 17 17 12 41 
28 21 22 36 32 12 11 17 26 16 19 29 21 13 29 18 31 16 17 23 25 22 17 9 17 15 17 30 24 11 21 14 31 24 26 24 26 18 25 29 25 12 32 11 12 32 9 19 18 17 23 32 9 33 10 13 19 17 32 18 
36 31 21 31 35 18 26 17 25 13 15 21 16 22 18 35 26 27 16 21 13 14 22 10 11 22 10 17 9 20 20 12 23 29 21 40 33 9 41 32 17 17 17 12 14 22 13 12 15 21 29 24 15 22 18 20 26 25 32 26 
16 32 31 17 18 13 37 26 14 17 13 40 18 17 14 14 27 17 26 14 20 23 8 19 17 16 29 20 35 30 21 15 29 36 22 30 27 31 45 20 28 15 23 11 22 40 14 26 14 22 28 30 20 31 15 17 20 17 19 29 
28 26 25 26 19 15 37 18 25 14 12 33 20 22 21 19 15 30 24 21 23 13 27 15 22 7 24 20 25 5 13 16 20 22 23 17 39 11 19 42 25 17 12 7 13 12 11 24 14 30 23 45 17 26 15 6 19 27 16 39 
20 25 23 34 24 16 23 19 29 12 12 26 19 25 17 30 31 28 31 17 34 19 13 12 10 22 27 16 24 17 27 20 16 25 26 29 35 15 16 16 21 16 26 18 12 21 20 19 18 22 26 24 19 49 25 7 27 27 13 36 
34 14 27 39 9 17 23 30 21 13 13 16 21 21 18 21 16 27 26 10 21 27 15 11 18 12 37 16 13 8 28 16 25 17 10 36 38 28 30 31 20 20 33 15 14 36 20 20 11 26 18 23 13 28 17 26 30 31 21 33 
33 22 21 42 28 15 19 16 22 10 9 7 15 16 22 12 25 28 23 27 36 20 25 9 16 23 22 20 15 11 23 10 16 29 26 31 40 20 30 31 29 25 36 20 15 21 14 19 14 18 19 37 13 37 17 29 22 22 27 38 
32 31 40 34 10 16 22 19 26 19 20 31 11 16 19 36 40 17 13 21 36 20 27 13 12 29 25 9 35 12 27 17 26 25 19 27 33 32 35 26 14 13 26 12 22 25 17 6 15 17 11 40 15 31 19 26 26 20 17 24 
24 26 23 31 27 12 25 31 25 14 17 30 13 25 22 33 31 26 17 22 23 12 20 13 17 17 27 8 33 15 31 17 26 30 20 33 18 20 20 31 27 14 29 15 9 14 12 24 21 15 23 24 13 42 14 15 21 24 23 35 
34 28 22 38 33 12 39 11 20 11 17 15 12 11 14 15 27 9 19 21 17 15 21 15 22 34 23 11 33 12 23 20 15 22 24 17 19 30 19 30 17 21 32 16 8 18 10 27 17 29 15 38 16 27 17 27 12 18 21 22 
21 31 19 19 8 14 24 31 16 12 19 23 12 21 24 16 33 15 25 20 23 15 17 18 23 24 11 21 34 15 37 22 38 18 27 34 38 28 26 18 26 22 18 14 22 17 23 14 15 25 14 35 17 52 12 28 25 23 25 48 
19 10 27 39 34 18 28 31 21 11 17 16 21 13 23 18 36 30 26 20 24 21 24 15 15 19 26 19 33 19 40 14 39 29 27 24 17 17 33 23 17 15 20 17 17 12 10 25 20 25 23 32 11 30 14 41 18 23 27 33 
25 23 29 38 25 12 32 30 25 7 21 30 14 10 19 31 31 25 30 17 24 10 23 15 7 23 22 25 14 13 36 13 23 30 27 31 49 28 35 40 34 21 31 20 19 34 13 15 18 19 24 29 16 35 11 18 21 20 29 21 
32 24 18 24 17 12 25 32 28 18 16 31 13 19 29 19 22 21 20 20 38 22 32 16 10 32 19 24 23 15 26 6 33 32 18 27 37 32 42 33 24 17 23 14 22 34 7 23 25 29 28 32 11 40 18 25 17 27 28 14 
22 24 34 13 29 14 31 19 25 23 17 16 17 19 20 14 25 19 22 20 31 17 15 13 12 15 27 14 24 20 33 18 30 29 24 21 32 17 27 33 25 21 17 14 13 26 17 18 16 14 34 18 4 38 15 33 18 20 16 36 
30 22 18 28 17 16 29 9 23 20 19 10 19 14 6 19 23 22 23 24 26 17 12 10 22 25 37 13 28 28 27 14 31 27 19 30 17 37 34 47 31 15 37 11 11 15 18 23 12 26 22 22 9 23 13 16 10 24 26 34 
25 21 36 38 16 14 27 18 25 19 19 33 12 20 14 17 35 21 14 21 32 15 21 12 12 7 18 20 24 21 28 24 39 41 27 19 18 11 27 29 14 13 25 6 15 21 14 31 14 24 23 29 17 22 15 17 21 23 24 12 
39 32 35 22 39 15 37 16 21 11 18 13 17 13 9 30 34 31 15 18 27 18 13 14 17 13 34 16 26 13 18 17 40 22 14 28 36 35 35 35 21 11 31 11 13 11 15 19 11 20 26 31 21 47 19 21 27 23 25 27 
23 15 39 40 23 11 20 15 23 18 19 13 18 18 28 25 35 24 30 18 18 30 26 12 11 22 26 19 22 16 24 14 34 21 37 35 15 15 28 26 27 16 29 13 14 24 16 20 21 25 15 26 20 41 17 13 12 18 22 46 
20 25 41 19 27 24 37 30 17 14 15 32 13 11 26 14 29 24 21 15 27 28 21 18 9 28 20 18 22 14 32 15 4 29 33 35 39 23 32 33 22 22 10 21 21 24 12 19 22 34 26 21 26 42 17 21 27 32 25 26 
36 23 36 24 32 16 40 23 30 9 13 26 18 12 29 33 30 28 21 18 20 21 21 15 18 10 27 20 21 11 22 15 27 25 6 28 32 37 34 30 19 20 23 18 22 24 19 25 15 33 17 34 21 30 22 19 31 39 27 35 
22 35 32 24 18 13 35 11 11 13 14 35 12 18 17 26 32 29 25 14 13 17 20 16 19 22 19 9 29 18 28 15 20 17 9 18 13 27 33 36 25 9 12 13 17 32 18 37 27 24 28 21 11 33 5 22 19 24 26 18 
36 19 22 33 27 17 33 31 24 9 18 34 15 17 24 24 31 20 25 18 31 18 17 15 15 26 27 15 35 19 16 15 28 14 23 40 20 22 41 36 13 15 25 12 9 22 12 17 16 23 25 43 14 37 14 17 22 26 18 21 
19 18 36 19 13 20 26 15 24 12 14 25 8 17 15 25 29 28 30 12 29 12 19 11 14 29 26 15 25 21 25 11 16 22 12 30 25 22 42 31 15 8 19 20 21 25 15 21 28 17 24 12 18 33 16 27 36 33 22 12 
34 15 31 49 28 9 18 26 15 17 17 40 12 13 29 28 36 27 17 26 16 16 24 14 20 23 26 22 39 24 28 18 15 42 19 21 16 31 43 17 30 22 19 9 18 21 11 27 19 16 17 15 16 23 12 28 15 28 27 48 
27 30 28 25 32 10 17 25 17 20 16 29 18 23 18 28 35 31 22 28 23 16 12 12 22 20 15 31 37 28 22 14 36 31 9 37 27 19 36 15 22 19 16 11 12 27 18 22 15 10 14 31 21 36 12 25 10 27 18 24 
27 24 24 31 23 22 32 21 20 19 8 35 21 16 17 27 27 22 30 19 33 19 24 11 12 15 27 10 30 29 28 16 39 27 16 38 31 19 39 23 18 17 12 15 9 24 12 27 20 21 26 36 14 25 12 27 6 15 18 38 
13 20 37 32 34 16 27 23 23 17 13 53 18 18 22 19 30 34 15 22 19 18 18 16 18 15 11 19 27 25 18 19 22 23 19 28 23 34 23 22 26 17 17 19 6 24 18 16 17 24 29 49 13 32 14 19 21 34 25 23 
21 16 28 36 26 18 26 22 11 14 8 26 15 10 18 31 25 22 26 23 26 17 21 15 18 25 30 19 16 21 25 11 40 12 23 21 26 15 21 31 18 19 21 17 7 23 9 11 9 33 29 36 21 31 5 31 21 26 12 39 
25 21 23 37 31 16 23 18 19 16 16 28 14 17 14 19 16 35 17 17 34 12 15 17 15 22 30 15 3 20 21 20 27 19 27 29 44 30 27 25 37 17 17 22 21 32 11 26 26 20 18 27 12 45 16 10 24 22 16 30 
36 30 9 41 22 21 17 27 13 16 21 13 13 18 31 21 33 21 25 8 32 22 12 17 25 19 24 16 24 20 14 16 31 27 19 29 32 24 29 26 22 12 25 17 14 31 13 21 27 19 19 17 16 31 13 16 10 22 31 37 
33 21 47 38 30 19 27 20 24 17 20 31 17 15 19 19 26 23 27 18 36 17 15 14 19 12 21 20 23 18 45 10 25 31 20 27 34 32 31 37 35 17 31 19 19 17 9 21 3 33 19 28 11 35 18 24 17 26 20 22 
27 23 18 21 29 19 25 14 22 10 20 38 17 19 22 29 33 21 23 10 34 13 18 14 20 24 41 17 23 16 26 20 30 26 19 33 32 14 32 32 17 24 29 20 24 26 19 15 16 18 30 42 20 22 18 27 25 27 24 28 
25 23 37 25 30 16 26 25 14 19 20 29 9 16 16 27 24 19 28 11 23 18 20 16 23 23 24 15 28 12 28 14 22 28 10 19 38 32 47 23 36 10 21 11 23 6 10 11 19 18 22 23 11 36 14 31 28 23 14 34 
30 23 30 53 23 18 18 13 15 13 16 33 11 15 23 19 28 23 19 18 26 13 18 13 9 37 26 15 16 22 23 16 34 35 15 28 38 23 32 29 15 12 20 14 17 9 15 26 25 18 33 31 21 38 13 24 33 21 27 8 
34 21 34 19 22 13 20 20 18 12 13 37 10 17 24 30 38 12 18 14 32 12 15 8 18 17 20 18 20 17 31 18 34 18 21 30 24 35 39 27 20 18 20 15 15 25 12 21 25 16 18 33 19 37 17 31 20 17 17 40 
25 16 49 36 18 13 22 19 22 17 18 33 17 12 26 16 27 32 28 16 17 14 22 15 22 9 25 19 30 14 34 10 27 17 19 28 26 17 34 23 27 20 19 16 16 21 15 16 22 32 22 19 17 39 17 24 23 19 27 24 
24 28 33 28 29 18 15 21 14 17 19 24 11 24 5 34 27 28 14 21 23 17 18 14 31 21 28 19 22 7 18 14 31 28 29 16 20 15 31 45 21 19 27 12 18 19 19 28 22 21 30 28 20 38 21 16 22 20 16 35 
27 22 44 47 31 10 24 27 39 15 17 39 15 16 21 22 19 9 11 27 30 9 17 13 18 6 32 31 12 20 26 19 27 9 26 36 16 36 28 23 23 26 34 18 13 14 21 14 17 29 24 28 14 38 15 21 17 16 9 37 
26 18 35 15 22 19 36 16 32 22 23 25 15 18 23 15 23 24 19 15 38 14 24 12 16 32 29 17 23 13 20 15 40 22 21 25 40 29 29 39 9 16 21 16 20 24 18 23 22 30 17 31 13 27 17 14 18 13 14 46 
28 27 36 36 17 12 33 21 23 17 17 39 14 11 20 28 35 18 27 14 23 19 12 21 17 23 15 13 22 14 19 19 22 32 17 18 23 35 23 37 20 17 20 15 18 25 18 24 25 25 12 29 14 30 15 29 15 22 15 37 
24 25 43 31 20 18 29 30 29 8 21 34 16 10 34 21 28 30 32 19 46 15 19 16 15 21 30 23 25 29 31 12 27 27 26 34 18 22 27 18 20 8 27 14 17 34 13 18 15 30 25 14 16 41 10 26 15 12 28 30 
6 24 16 31 23 19 27 24 31 12 17 34 7 13 19 27 27 26 22 26 22 14 16 17 13 22 17 20 32 20 15 14 20 22 13 22 24 25 25 35 20 9 24 16 16 43 19 10 22 19 12 29 21 30 21 29 26 21 24 25 
35 26 33 28 23 9 24 32 16 16 20 36 15 20 20 17 32 14 17 14 47 11 19 17 10 15 25 22 13 14 27 9 41 20 18 35 23 22 34 33 26 16 30 14 15 24 13 23 23 22 27 22 14 18 15 46 18 18 17 33 
36 24 36 26 21 17 12 26 23 13 18 38 4 19 12 19 27 27 21 15 24 17 21 19 15 13 32 27 28 28 24 14 25 26 29 38 36 29 9 25 31 15 23 17 11 42 16 24 17 28 22 28 18 32 22 30 16 19 22 25 
43 18 30 37 23 17 22 14 33 8 13 24 21 17 22 15 17 29 18 14 38 22 25 16 18 25 37 21 29 22 23 19 40 27 27 43 42 18 37 24 20 19 35 12 12 20 12 21 25 25 26 38 23 29 17 34 32 21 16 27 
24 26 28 29 18 17 37 10 16 15 19 27 13 19 20 21 25 15 31 17 40 7 25 24 17 26 27 32 19 16 22 9 19 22 24 36 29 20 33 29 23 15 23 19 22 24 15 26 19 18 14 9 16 28 14 23 14 20 25 28 
29 35 28 27 32 22 24 17 21 13 23 30 7 13 16 22 38 28 26 17 28 23 17 11 22 16 21 21 33 12 31 8 37 23 25 17 37 18 27 13 17 18 31 17 23 18 19 24 17 19 18 24 15 26 14 34 11 25 21 17 
23 23 33 38 22 7 26 20 18 17 12 36 16 12 26 22 31 23 27 24 31 10 18 11 28 21 26 17 34 22 24 13 33 17 14 23 31 26 23 21 27 16 30 11 17 32 8 21 9 31 28 18 13 29 18 16 32 18 22 37 
20 36 22 57 27 15 39 29 20 19 19 23 15 23 16 27 30 23 35 13 46 23 14 17 25 13 30 18 22 25 35 20 13 25 15 17 40 11 42 24 26 19 27 15 17 17 9 32 8 26 19 33 12 32 14 35 11 26 25 23 
34 11 31 31 22 10 41 16 22 9 20 47 17 13 21 24 43 26 28 12 33 20 19 17 12 29 28 15 31 12 30 23 8 21 16 32 44 21 37 30 19 13 23 14 22 23 17 7 16 34 17 36 19 36 15 35 17 17 28 27 
29 24 13 33 27 13 38 21 27 18 18 20 10 11 23 29 29 25 19 23 27 14 13 11 16 20 36 27 20 20 19 14 29 20 12 41 20 24 25 30 31 16 23 18 24 28 18 15 25 32 23 35 15 39 15 19 30 36 12 42 
21 24 16 20 26 9 40 23 19 13 10 18 9 16 19 28 26 25 18 23 24 15 13 14 18 23 30 16 21 11 31 14 12 29 15 40 18 15 22 34 23 14 35 12 6 29 10 19 19 19 33 19 16 30 15 36 18 26 17 25 
28 20 22 32 40 18 17 21 9 18 17 42 19 15 15 17 22 28 15 24 23 18 20 18 12 11 34 11 28 23 30 17 21 21 16 31 29 27 27 25 20 18 34 14 20 28 16 27 16 30 14 35 15 41 17 29 11 21 26 20 
12 23 20 41 20 10 18 23 25 18 20 38 15 12 22 19 27 19 29 20 26 13 18 18 25 26 33 20 13 27 31 19 40 30 18 29 39 23 32 28 11 16 21 17 10 22 23 14 18 24 13 21 17 33 18 25 21 23 17 31 
25 24 20 24 20 20 23 22 22 13 21 20 14 16 20 32 31 29 22 20 14 18 18 8 21 17 19 22 22 18 11 17 29 22 22 32 23 26 28 35 15 16 26 23 17 25 20 19 18 28 29 44 15 28 9 25 22 24 16 44 
23 11 33 21 18 17 31 16 25 18 18 19 13 21 19 26 20 27 25 21 28 18 25 20 15 26 16 19 32 25 32 18 20 20 30 40 34 19 30 17 19 20 36 19 17 15 16 23 19 33 19 25 15 52 8 16 20 25 15 28 
13 24 23 33 25 15 23 26 24 11 14 20 15 14 26 23 22 26 18 22 29 21 16 10 19 28 25 19 28 21 19 15 37 23 17 35 18 25 54 22 16 12 22 10 7 22 16 24 23 7 25 5 9 25 16 24 16 20 27 42 
30 18 45 30 25 14 30 17 18 24 17 24 19 18 13 14 25 11 16 17 20 10 19 17 12 25 25 12 31 29 28 20 28 24 10 16 16 25 7 36 26 21 26 19 13 36 15 29 21 21 32 27 24 32 10 25 23 24 16 32 
26 30 15 52 24 6 32 17 30 17 26 18 18 25 15 10 37 15 24 17 35 20 14 11 9 28 24 9 23 17 13 19 25 32 16 15 28 21 26 43 27 14 35 12 11 25 17 23 12 17 21 33 16 34 11 27 17 25 13 23 
22 19 18 32 33 16 25 29 25 17 13 14 19 9 28 17 34 23 21 16 39 17 20 20 12 18 33 20 14 3 29 18 25 28 20 24 33 25 25 38 21 25 28 8 18 18 18 35 27 23 26 22 22 35 20 16 25 20 28 21 
32 17 25 34 30 15 32 25 25 13 18 43 9 18 24 30 35 30 31 10 8 19 19 13 9 20 29 22 36 17 23 10 29 10 19 30 39 22 14 36 19 18 23 10 14 10 7 34 25 30 22 18 15 25 17 18 18 23 18 28 
32 31 27 19 12 18 29 27 25 14 17 44 16 20 13 17 25 21 27 16 23 15 21 14 21 23 28 20 31 22 24 19 22 21 8 28 43 20 39 8 17 21 25 13 16 26 14 30 11 20 28 32 15 25 11 25 27 25 16 10 
27 22 28 22 20 12 31 26 20 13 16 37 12 14 25 28 25 22 22 16 20 17 19 22 16 22 26 31 28 14 27 9 29 22 8 9 19 31 31 34 25 16 31 15 9 27 22 27 16 19 26 30 20 26 9 13 28 25 16 25 
34 27 33 36 19 16 34 15 14 12 19 33 22 12 26 17 42 29 22 16 25 19 19 18 20 14 24 22 32 12 16 12 37 24 12 27 40 25 36 36 21 23 35 18 21 29 12 14 12 8 23 32 15 28 16 29 25 15 16 33 
35 20 26 17 20 20 24 21 30 11 17 33 8 6 27 21 27 24 26 18 32 15 30 21 17 29 25 22 13 15 32 18 20 23 24 21 32 30 35 28 24 26 32 14 17 24 19 26 17 15 24 31 22 24 20 34 21 33 20 25 
26 24 40 30 19 25 29 29 20 14 21 43 20 16 20 25 33 16 22 21 22 22 16 5 17 19 17 18 26 23 21 14 21 32 19 22 29 29 34 21 29 15 26 14 18 13 8 21 17 21 30 28 16 22 10 11 18 25 23 34 
20 26 31 20 24 15 37 24 31 12 11 21 9 18 16 21 28 12 23 11 13 17 12 17 23 14 27 19 29 18 34 19 30 23 14 20 37 21 21 41 22 19 32 15 16 24 13 25 14 26 21 16 17 18 21 18 26 25 23 13 
24 15 35 39 18 15 26 23 21 16 15 22 11 16 8 26 39 30 39 25 22 17 18 7 28 14 29 22 23 20 21 15 26 28 25 34 22 27 33 8 18 18 12 18 20 32 7 16 19 29 26 25 14 34 21 7 25 21 15 21 
23 21 23 10 22 12 30 21 31 13 14 29 10 13 16 22 25 28 18 12 22 25 28 12 20 17 35 27 37 18 25 20 32 29 32 31 39 21 51 33 24 17 31 15 18 14 19 9 15 17 20 16 17 33 26 15 27 12 10 26 
21 12 31 32 41 19 30 22 32 13 18 32 16 18 25 27 37 25 32 18 39 21 17 21 16 14 14 20 25 15 35 15 20 20 26 32 36 13 23 46 21 16 29 7 18 39 15 18 8 31 21 27 19 32 18 25 19 23 27 28 
11 22 22 14 23 16 30 25 26 19 15 34 15 17 18 21 29 27 7 24 30 13 26 17 17 27 20 29 28 19 15 7 29 23 18 24 30 22 15 31 20 25 25 17 17 31 8 27 12 20 13 28 12 25 19 24 16 28 19 25 
12 11 32 36 22 13 25 25 31 15 11 36 12 15 26 25 25 29 32 15 31 18 21 23 17 30 19 19 17 17 22 15 14 22 21 35 25 29 32 28 39 23 31 13 19 36 10 22 18 26 24 20 17 34 11 21 26 11 19 36 
19 20 36 35 28 17 24 16 19 13 18 24 16 14 19 21 18 17 17 18 36 21 20 15 22 14 23 20 24 14 16 21 27 16 30 23 33 26 31 30 30 20 10 16 18 19 14 27 23 35 19 23 15 38 15 27 20 27 14 25 
11 27 41 27 19 9 20 20 30 14 17 37 19 19 22 26 26 22 34 11 47 13 13 12 18 20 24 23 26 25 16 15 34 19 22 19 21 33 37 22 16 15 28 16 10 38 18 29 17 26 26 32 22 47 14 21 18 32 26 35 
30 19 28 26 27 19 32 18 21 13 12 36 21 9 11 23 28 24 23 22 26 13 20 17 18 18 25 13 21 30 23 19 33 11 28 22 13 25 19 25 17 15 19 14 11 26 15 15 13 30 25 24 20 17 10 27 17 21 23 45 
26 28 29 21 16 13 6 27 23 23 22 47 25 12 20 20 27 13 26 21 32 14 25 14 15 22 34 13 30 12 26 8 10 30 33 26 17 33 26 29 22 11 25 9 13 50 18 28 17 22 21 33 17 22 13 23 19 28 25 34 
42 26 28 31 29 16 17 40 16 15 18 33 19 16 6 22 17 27 23 24 7 21 15 17 17 22 37 29 24 30 16 16 18 8 24 29 37 37 22 28 28 11 26 17 12 5 14 14 19 20 23 25 14 41 15 13 16 27 32 34 
22 11 32 36 15 11 45 24 28 18 20 30 19 16 20 23 27 32 28 19 19 32 19 13 14 36 19 24 25 23 33 20 34 28 15 50 40 29 14 27 25 15 24 14 18 33 16 25 19 23 21 29 3 41 15 24 31 20 21 23 
23 20 20 36 32 9 33 28 23 11 18 29 10 9 31 18 8 27 22 22 32 16 16 14 17 26 29 18 19 17 20 14 26 25 17 36 15 30 23 24 25 12 18 17 18 33 4 20 26 23 21 22 13 18 6 16 31 35 16 31 
36 16 27 17 27 13 27 32 34 18 12 27 11 15 12 27 29 12 28 18 21 22 21 15 16 14 12 17 22 26 26 20 18 20 14 29 21 16 26 19 25 14 25 12 18 23 9 14 18 13 23 28 19 36 22 16 17 22 29 12 
37 22 15 29 10 14 27 21 29 16 25 34 22 14 25 21 36 24 24 17 29 15 21 20 19 23 23 12 20 19 25 14 35 29 30 30 32 32 33 25 32 15 22 10 17 17 13 16 13 23 28 9 22 27 14 24 18 36 25 12 
32 26 29 29 24 18 35 29 20 15 12 34 13 23 17 21 34 13 24 22 18 18 18 9 19 18 24 21 33 19 24 22 23 26 17 22 35 33 40 28 30 12 21 23 13 23 18 31 18 24 20 25 17 23 21 19 17 25 13 31 
29 15 33 17 17 18 19 14 29 5 8 35 17 16 13 29 24 12 23 18 28 21 15 12 20 16 19 15 17 15 16 15 18 25 26 36 28 17 34 27 25 18 27 17 22 16 17 32 16 26 18 40 13 26 9 14 28 29 30 34 
27 33 44 35 37 13 20 30 17 12 20 37 15 14 16 31 27 37 20 21 31 14 15 10 20 25 19 17 30 19 31 22 39 21 15 30 27 12 33 36 26 10 28 12 19 26 10 11 28 25 28 21 17 13 16 19 28 28 24 43 
17 18 31 37 31 20 43 10 21 16 13 34 21 17 18 28 24 24 20 18 28 19 16 12 18 18 33 26 29 21 26 14 15 22 22 23 12 24 13 31 20 15 26 13 17 24 15 17 16 24 25 39 16 16 16 29 24 25 25 18 
20 23 35 32 15 19 14 22 18 17 14 43 15 13 5 17 34 28 30 16 25 17 11 12 12 18 14 15 23 16 33 16 17 18 24 32 24 21 38 18 21 16 24 23 30 27 17 26 12 31 23 26 15 29 6 21 25 22 26 20 
27 9 26 27 29 19 15 16 24 13 20 37 12 17 14 15 31 39 16 17 22 17 25 12 14 21 21 11 13 23 26 10 24 21 35 42 31 18 33 32 27 17 24 10 20 24 13 17 14 29 17 24 17 35 12 35 23 20 23 33 
25 16 24 53 24 12 31 23 29 25 17 30 12 20 23 15 28 34 21 15 31 22 19 17 14 14 22 17 20 32 21 17 21 24 28 24 36 22 33 30 38 16 27 9 16 22 21 15 21 20 20 38 11 33 19 27 32 34 10 49 
15 24 41 33 20 23 22 18 20 10 17 19 16 16 21 19 22 17 27 21 26 11 20 10 18 22 24 24 19 19 28 18 35 21 19 25 43 28 36 22 15 6 9 11 17 31 14 22 20 27 21 22 13 11 17 30 22 17 27 39 
32 32 31 40 30 18 30 23 32 14 17 26 17 17 21 26 33 28 14 19 27 11 17 20 14 17 24 13 27 25 27 16 6 24 14 21 21 11 30 30 14 14 24 13 10 26 17 17 24 24 9 31 19 30 12 17 27 30 15 19 
36 26 35 26 26 10 25 13 21 20 18 24 11 10 21 24 38 14 27 11 18 18 23 9 16 21 21 18 30 29 19 11 23 31 17 31 34 24 21 24 24 12 36 14 15 19 11 22 18 19 21 38 23 31 12 33 18 26 28 24 
19 21 25 30 32 19 26 24 16 11 15 20 17 19 22 19 42 14 22 25 30 15 4 14 14 25 21 17 22 23 33 16 24 22 21 30 24 36 23 30 24 23 18 19 24 26 14 19 22 22 22 27 18 15 17 12 17 22 20 33 
30 23 45 33 22 16 33 31 33 11 15 34 14 22 17 22 31 8 15 22 38 26 19 15 20 26 25 24 18 10 31 26 33 27 22 30 38 26 41 25 22 16 20 14 22 24 11 13 23 25 27 25 12 51 13 23 23 26 29 31 
22 25 28 19 1 11 33 19 23 16 22 33 12 14 30 20 21 26 26 21 27 19 15 17 22 18 27 19 22 16 40 10 25 13 19 11 41 20 35 16 35 10 26 13 15 8 25 23 17 24 29 28 22 41 14 18 16 18 18 31 
23 23 31 28 18 19 18 27 28 14 19 35 17 13 21 20 30 26 19 13 31 14 19 13 21 27 30 28 28 21 25 17 33 16 17 26 35 20 32 34 21 12 37 14 23 20 17 22 14 24 21 34 10 19 19 22 18 23 5 32 
12 23 30 26 23 13 30 20 31 17 17 35 18 17 22 17 40 33 19 21 14 22 24 11 19 13 29 14 28 22 28 15 40 40 5 31 26 16 37 38 18 22 26 14 18 26 16 17 16 25 19 26 19 29 16 26 25 38 15 32 
16 27 19 31 20 18 18 25 36 16 12 33 17 19 25 17 16 30 28 19 30 13 18 16 5 19 24 17 29 10 32 15 29 33 32 42 10 23 53 24 21 17 27 18 11 21 27 20 21 26 22 31 17 24 11 20 29 31 22 19 
21 21 23 21 21 23 22 23 27 20 13 35 15 22 20 21 30 25 19 17 24 16 27 21 26 24 22 22 16 18 24 13 23 26 21 25 31 23 26 31 26 24 19 13 16 11 19 27 33 31 25 40 14 18 16 23 19 15 29 33 
19 20 13 16 31 17 38 26 16 9 16 36 12 14 24 28 46 27 24 25 41 13 16 6 12 20 23 18 21 30 28 12 17 10 22 35 37 36 24 35 26 14 17 25 12 16 12 22 15 28 25 29 7 23 10 24 28 35 21 31 
37 16 29 29 28 13 22 29 28 7 16 24 22 15 27 21 22 32 22 17 33 15 13 19 18 15 15 13 33 26 28 20 14 31 23 39 28 25 21 16 32 12 28 11 12 19 10 17 18 13 9 32 22 38 6 19 21 29 15 26 
15 21 25 29 17 11 22 23 37 13 20 29 13 21 24 30 19 17 21 26 20 24 28 14 22 24 31 14 31 11 31 17 33 19 26 37 23 33 43 26 16 15 29 13 17 25 15 17 17 25 21 29 17 37 12 25 28 30 23 28 
13 27 21 35 27 15 19 23 30 13 14 34 18 16 13 16 39 32 25 14 22 16 18 22 19 32 21 11 25 23 22 20 30 30 20 14 33 17 8 17 15 16 32 15 14 40 10 17 20 27 27 34 16 28 9 15 13 22 23 37 
25 16 29 34 27 9 34 23 19 17 9 26 14 20 19 25 18 16 22 12 28 22 18 13 13 25 35 25 21 28 32 10 23 19 20 30 29 24 25 17 14 14 34 13 12 13 13 25 28 29 26 24 17 24 12 34 19 26 25 34 
11 21 6 39 31 12 23 29 18 11 16 25 21 16 21 17 9 16 16 25 33 18 22 23 11 23 18 20 24 23 35 10 21 7 25 16 25 10 28 25 22 14 19 23 16 20 10 17 23 32 20 42 13 18 12 23 24 37 17 29 
19 19 19 39 34 12 22 13 26 13 11 27 14 20 11 19 18 21 21 28 24 9 30 18 14 29 22 11 30 19 29 9 26 27 20 34 33 19 25 41 17 13 29 16 21 27 17 18 21 33 21 36 13 38 11 19 30 29 13 27 
29 24 25 40 22 14 26 29 21 15 19 25 20 18 14 23 14 30 22 30 17 17 24 16 22 25 34 18 22 16 44 14 19 23 22 20 29 38 29 38 33 23 28 16 14 26 14 10 19 16 34 40 15 18 13 20 23 15 16 24 
22 24 44 45 24 11 21 19 29 14 21 14 15 20 14 22 23 23 22 13 28 19 20 14 26 17 27 18 27 38 15 17 21 26 24 20 35 19 24 20 17 22 21 16 17 39 19 24 19 27 22 37 19 39 14 14 18 24 25 30 
27 36 32 38 12 13 47 26 26 12 13 24 19 18 25 25 27 24 22 22 39 19 13 17 23 24 30 19 17 15 22 11 28 17 2 25 27 12 29 33 27 16 30 10 19 27 16 22 18 18 36 25 10 26 20 32 13 15 34 27 
18 23 23 41 28 10 33 24 19 16 18 19 18 12 20 23 34 20 30 16 26 19 13 18 18 10 19 23 21 21 28 14 31 29 12 36 24 28 26 43 26 8 21 24 15 33 19 12 17 30 27 30 19 38 11 26 22 16 27 25 
23 31 48 38 33 13 16 17 14 13 18 38 12 8 12 18 26 25 22 21 31 27 13 16 26 10 36 22 24 25 22 13 31 7 16 28 28 29 18 27 27 15 24 19 13 30 21 20 18 21 17 22 23 24 17 35 14 20 27 46 
22 18 19 34 30 14 37 18 20 17 17 30 12 18 28 18 20 20 19 17 13 21 15 21 15 17 33 20 13 28 21 15 29 33 21 15 10 18 38 22 23 15 20 18 21 35 15 21 14 28 15 31 10 22 15 18 27 19 23 26 
27 18 28 34 28 16 6 15 24 24 26 39 13 12 29 15 27 22 22 19 24 11 11 20 15 12 26 23 18 24 21 14 14 19 21 35 35 22 32 12 23 17 35 11 16 18 14 31 9 22 13 22 8 31 15 27 38 22 26 18 
23 30 24 33 18 12 16 20 38 12 17 29 17 17 25 25 39 29 16 24 32 13 14 18 21 24 27 19 25 20 28 17 36 20 29 13 27 19 29 29 24 9 28 10 10 39 17 17 18 20 22 23 16 27 9 33 26 19 26 39 
20 31 16 31 23 19 36 17 24 15 15 35 18 20 39 26 22 9 20 17 25 27 16 17 16 16 20 30 32 14 38 17 38 4 22 38 58 19 42 19 28 23 24 16 17 18 15 19 24 30 16 31 17 33 20 13 9 27 30 32 
31 26 27 25 16 18 37 20 23 14 15 30 10 19 28 23 21 18 25 12 25 16 14 20 12 25 21 19 28 19 30 14 36 22 18 28 16 13 24 29 21 16 26 13 19 13 14 21 20 34 22 25 15 31 10 20 19 23 6 30 
28 23 31 37 21 23 28 24 28 6 17 24 20 11 21 25 8 32 23 19 29 23 32 13 14 13 25 17 30 18 31 21 33 17 20 33 22 26 42 42 25 19 25 15 12 26 21 26 11 27 26 21 23 11 9 20 16 21 14 27 
17 20 17 40 21 16 26 25 23 17 10 13 22 14 20 29 26 30 23 25 31 15 10 8 12 11 28 19 26 21 24 14 32 21 24 24 26 3 17 20 16 17 26 13 18 28 11 27 24 23 22 30 9 47 10 20 24 20 27 39 
34 28 16 53 22 18 21 25 16 21 18 20 12 20 16 28 26 20 8 22 28 14 19 21 10 26 38 15 20 26 26 10 15 28 24 26 25 22 34 43 18 16 14 15 20 29 17 20 17 30 20 30 18 27 20 22 14 26 29 38 
16 26 21 27 22 19 28 29 17 12 13 21 22 13 14 26 26 23 37 10 22 16 17 15 14 22 24 16 29 16 36 13 33 19 16 18 36 25 31 25 32 14 28 17 15 22 18 23 15 27 19 19 14 31 14 14 14 24 18 41 
14 25 31 27 10 22 21 15 20 9 18 18 5 15 17 21 30 29 29 14 39 14 19 19 20 20 33 19 27 23 17 15 10 28 16 15 36 29 29 18 15 16 18 14 13 20 16 23 19 13 12 31 9 31 14 19 27 12 8 35 
32 24 24 30 30 25 33 24 22 14 23 25 20 17 22 27 28 26 23 21 32 20 15 14 14 27 35 23 27 26 24 16 25 26 24 27 41 16 26 23 23 11 34 13 12 34 17 20 18 29 25 31 17 37 21 26 29 27 28 43 
23 18 25 28 36 10 18 14 25 19 17 19 12 14 23 28 30 24 30 22 13 10 18 14 24 22 24 18 36 24 26 16 33 18 24 35 47 26 36 27 23 14 15 12 16 23 18 25 22 28 31 30 16 25 15 30 23 17 26 22 
36 18 24 28 22 13 27 17 43 14 16 31 14 18 19 18 36 20 25 19 39 23 17 14 22 24 35 21 39 10 24 13 32 25 19 29 28 15 38 34 27 20 35 17 19 25 20 19 11 28 20 16 10 18 17 26 15 30 21 30 
30 21 30 36 31 11 28 27 27 14 14 40 13 13 5 19 35 17 26 16 17 21 11 18 20 13 17 13 9 18 28 20 24 20 20 41 23 13 25 24 16 22 32 12 16 12 22 22 20 18 22 27 20 29 12 24 26 22 15 27 
17 27 28 20 30 2 40 21 27 6 15 39 21 17 22 24 38 24 21 21 46 10 20 19 17 21 32 10 29 17 18 19 14 37 10 40 33 36 29 21 17 12 16 14 12 19 13 10 13 12 31 34 22 41 10 30 28 21 31 49 
40 21 32 40 13 17 17 20 30 18 16 14 17 17 26 28 31 20 33 17 10 17 25 23 21 27 30 21 33 16 36 9 31 29 21 31 33 30 36 29 17 16 22 18 26 31 20 26 19 17 14 29 18 28 18 19 21 26 23 22 
25 22 25 20 29 12 37 24 37 15 18 15 15 13 13 23 34 15 14 17 22 14 16 18 16 28 15 23 26 24 31 19 33 32 21 34 26 20 35 51 13 10 25 15 15 18 19 19 22 17 27 25 18 30 17 19 22 29 24 32 
29 27 27 10 24 15 17 27 19 12 20 19 14 15 21 22 19 21 24 17 17 15 13 11 15 26 27 20 26 12 22 17 21 32 15 23 37 25 34 30 21 13 25 12 9 38 14 17 26 23 28 29 16 28 13 20 19 22 23 36 
27 23 22 45 17 22 10 29 20 19 17 16 12 8 9 34 34 26 22 18 40 15 20 22 22 24 16 20 25 18 33 17 26 24 17 39 56 16 29 31 32 17 18 11 25 29 10 19 17 23 20 28 18 30 16 30 31 16 8 41 
25 23 26 32 15 21 33 19 27 15 14 29 18 19 20 27 26 17 23 14 24 12 20 18 13 19 16 13 27 31 18 16 33 27 13 19 29 32 13 25 21 21 29 18 7 25 20 28 18 33 26 29 29 45 16 20 8 27 31 32 
22 25 19 18 24 18 35 32 16 16 16 35 17 12 21 19 32 22 20 24 39 23 23 17 18 19 22 21 24 27 25 13 32 30 22 33 36 33 29 25 17 12 24 19 17 25 22 32 24 15 22 31 22 29 19 33 10 15 32 28 
33 20 19 44 22 18 22 11 27 12 17 27 8 13 11 19 29 32 22 15 27 6 19 13 17 13 19 14 16 18 23 19 41 32 28 32 33 21 13 28 18 13 30 12 18 23 13 18 17 25 14 37 11 33 13 21 27 24 26 29 
13 22 40 35 17 13 14 23 20 15 16 26 11 12 22 29 31 28 17 11 29 16 17 16 15 20 18 10 20 21 25 17 22 24 22 25 24 22 34 29 33 21 28 12 13 26 19 24 22 16 25 24 15 47 13 28 23 19 20 24 
15 26 32 27 27 23 20 25 23 22 19 31 19 18 20 21 22 33 6 21 27 17 22 14 9 19 27 10 23 24 23 13 38 34 19 22 33 20 32 22 29 18 37 10 19 18 18 20 16 29 15 42 18 63 16 19 7 19 29 33 
20 33 25 32 12 17 42 30 27 17 21 24 20 10 15 29 23 12 28 19 35 18 11 15 21 10 36 16 29 20 22 13 33 21 20 33 19 26 29 21 18 18 39 19 9 11 20 23 22 21 33 25 20 29 20 26 13 28 20 33 
22 18 23 18 34 15 22 17 24 14 17 32 15 15 14 24 26 28 23 11 36 9 13 18 14 18 30 9 12 19 22 9 30 18 19 35 29 26 36 38 20 13 29 14 12 28 18 8 16 25 31 24 23 22 13 29 9 28 20 47 
30 26 33 8 18 17 33 21 30 11 19 27 10 10 30 27 39 28 16 22 15 22 21 14 22 28 20 18 20 32 32 15 19 20 21 28 17 32 20 31 16 17 29 8 20 19 14 25 16 16 25 24 19 33 19 23 32 31 22 24 
27 32 21 27 18 15 17 37 19 12 13 31 13 19 17 24 26 4 16 7 34 14 22 13 14 15 27 18 27 23 4 9 24 16 19 31 35 24 26 22 14 15 26 14 20 36 21 32 22 29 35 29 16 20 10 19 24 15 18 29 
33 23 15 15 25 12 29 31 23 19 18 24 14 21 24 24 27 34 16 20 18 13 14 23 10 6 31 30 15 27 35 14 15 36 11 17 25 32 29 44 26 21 12 12 19 28 17 20 21 25 31 20 12 36 20 19 22 17 22 36 
27 19 25 40 20 18 29 24 16 8 15 17 18 15 17 15 28 17 37 15 25 9 24 14 21 19 21 22 26 20 23 13 24 39 15 29 23 27 10 24 33 14 19 21 16 27 16 18 16 31 26 31 15 38 20 34 13 21 30 27 
32 16 14 41 20 10 33 17 19 20 17 15 15 17 19 21 33 19 14 21 32 24 27 12 10 21 9 22 17 15 26 9 29 10 32 43 30 23 30 38 28 19 22 8 16 13 15 19 22 20 34 23 6 42 12 18 21 23 23 43 
24 25 29 10 22 18 22 17 16 16 13 39 7 22 21 21 34 22 24 8 32 16 10 25 10 17 17 23 23 12 23 16 42 20 23 16 49 30 32 28 15 13 23 21 19 22 17 25 22 19 23 25 17 23 20 17 25 28 27 29 
25 27 29 22 23 19 27 7 23 13 14 28 12 14 26 26 26 21 13 27 38 16 17 13 27 18 36 26 22 19 23 8 37 27 21 42 37 14 22 24 26 20 30 17 21 12 11 9 25 26 22 19 12 26 17 33 33 17 36 15 
31 27 6 19 25 12 31 9 24 17 12 31 16 17 19 23 39 27 39 18 39 28 23 15 19 15 17 15 21 11 35 13 28 19 18 23 12 23 28 26 23 13 15 24 22 20 15 26 20 28 18 32 12 28 13 24 22 23 21 20 
22 21 35 37 29 15 29 31 25 13 9 23 16 22 12 24 36 29 24 30 29 21 13 11 10 17 20 14 31 21 37 18 28 20 12 40 30 22 43 16 20 15 22 15 15 19 20 23 19 28 25 24 12 16 12 20 16 28 32 21 
35 31 18 36 24 15 31 24 23 18 12 25 10 15 14 13 32 28 14 23 28 8 10 13 14 13 21 28 39 19 30 19 27 20 19 23 30 22 31 25 37 13 21 18 17 24 17 20 12 32 23 35 16 13 17 33 28 32 25 47 
27 22 33 18 17 25 27 25 23 15 16 29 7 16 17 7 33 15 19 15 22 24 18 12 15 16 28 19 29 17 22 11 45 28 31 41 22 27 25 21 21 12 28 9 14 32 21 28 21 13 15 38 14 27 18 33 25 9 16 22 
29 18 44 36 30 20 18 15 20 12 13 40 18 18 20 20 32 18 25 17 27 16 12 14 16 17 31 21 24 14 31 15 23 27 22 26 30 35 35 25 28 18 22 12 17 31 22 20 20 19 16 33 9 31 12 19 30 31 14 33 
24 21 38 30 33 15 22 22 35 6 15 19 16 13 21 21 45 30 24 23 35 22 11 12 22 16 25 18 15 21 24 19 27 25 27 18 41 15 26 46 27 17 28 15 14 17 14 18 20 22 23 28 17 40 20 18 16 21 22 32 
15 25 31 29 26 16 20 28 31 11 14 40 14 17 28 25 36 32 27 18 26 22 18 20 24 17 27 15 24 15 36 17 31 26 27 34 20 9 24 23 26 7 29 20 22 33 18 7 24 17 24 31 21 32 16 15 15 21 28 29 
12 27 27 20 30 17 29 24 29 10 12 24 18 17 14 26 33 25 25 23 33 6 23 17 11 17 16 19 29 21 15 19 30 29 18 25 35 26 38 40 25 13 31 11 18 23 7 25 20 23 29 27 14 14 15 31 37 11 20 43 
33 25 34 12 24 11 26 19 34 11 18 23 12 14 10 21 22 24 34 19 38 18 11 11 23 25 22 17 21 29 26 15 30 30 41 27 28 25 28 22 27 23 30 17 17 14 9 20 22 31 23 23 6 29 15 19 18 24 18 37 
23 23 21 37 31 14 38 25 19 9 10 32 5 16 25 24 37 21 27 16 36 16 22 15 23 21 25 18 21 26 25 12 17 20 22 30 26 32 47 45 14 15 31 10 14 33 16 12 13 21 21 13 22 18 17 19 24 18 16 28 
23 23 25 21 26 14 26 25 26 14 15 23 22 11 31 15 19 25 12 17 29 13 22 19 14 38 31 23 23 18 20 21 35 26 25 29 36 35 32 29 25 14 22 17 13 32 10 20 29 30 16 20 20 16 15 23 27 21 30 40 
26 27 23 30 21 16 32 20 20 13 20 24 14 13 21 22 26 18 34 15 32 23 20 14 18 23 32 27 18 19 16 13 16 25 22 26 43 37 19 23 21 10 33 20 9 18 12 12 21 23 18 38 17 28 7 16 15 28 26 26 
30 29 20 28 26 21 35 30 20 19 21 25 18 25 34 36 31 26 21 16 31 20 16 5 11 24 26 19 21 15 20 16 28 22 29 30 16 33 19 37 29 20 27 23 20 38 11 21 22 25 24 25 11 43 11 24 14 25 18 32 
18 21 24 32 36 8 42 23 23 12 11 32 22 21 10 31 32 24 30 14 37 18 26 10 21 11 43 18 22 28 34 19 19 20 14 31 33 16 35 22 22 16 21 11 11 15 12 32 15 27 24 39 16 39 12 29 34 22 14 33 
19 22 27 24 22 15 18 30 21 16 16 26 8 7 24 16 33 25 27 18 31 25 17 16 15 23 20 19 15 22 27 19 28 25 16 33 31 36 32 21 32 17 27 11 17 22 19 8 23 28 19 28 19 26 14 22 36 19 25 20 
22 28 11 41 22 13 26 20 22 12 20 29 20 18 20 19 21 21 23 17 25 11 20 13 23 18 24 29 17 25 26 13 26 23 16 25 26 25 21 26 29 14 35 26 17 19 17 6 23 29 20 29 17 32 13 32 19 22 27 31 
28 28 30 41 31 10 27 29 23 14 22 28 17 15 5 25 23 27 25 16 37 27 19 22 18 12 32 26 30 23 35 20 37 26 7 14 37 25 10 30 25 23 27 15 19 25 9 18 17 20 28 28 13 17 15 30 27 26 17 19 
32 24 18 30 24 15 33 24 18 22 18 36 15 17 24 23 29 27 25 14 19 18 20 14 17 21 39 23 25 23 27 19 29 25 19 30 34 33 28 41 18 20 24 8 15 26 19 25 23 14 29 17 11 27 12 34 27 25 30 31 
20 26 32 33 23 17 15 30 24 17 20 27 17 16 27 18 23 29 19 20 35 21 21 16 15 17 33 30 22 21 33 17 26 43 13 34 36 12 21 31 26 17 33 18 17 25 14 25 20 17 25 21 17 36 15 35 15 24 9 28 
15 24 35 22 27 14 18 21 14 18 10 21 16 18 18 20 35 26 30 16 30 16 22 18 20 17 19 15 24 4 32 20 36 18 20 35 37 27 28 18 30 13 21 10 5 30 9 18 14 20 11 3 15 43 13 19 28 21 22 37 
21 16 35 51 25 11 34 19 29 11 17 18 12 15 21 29 23 31 18 14 45 23 21 18 14 23 19 26 21 22 18 16 12 20 17 34 47 21 31 16 30 20 16 17 14 15 12 26 18 27 11 26 20 15 15 18 9 21 18 31 
31 19 23 29 30 20 30 15 24 15 14 27 24 13 25 14 13 20 22 23 28 18 17 15 15 25 24 20 32 21 26 14 23 5 35 25 30 26 26 14 16 19 20 17 17 23 12 15 24 27 14 36 17 23 22 27 19 27 24 22 
24 26 34 29 15 9 29 20 37 15 21 37 14 13 24 32 40 25 30 20 19 19 13 14 14 23 29 14 34 26 41 18 24 29 27 36 37 26 31 36 28 18 24 11 19 30 12 23 11 15 28 21 11 22 10 14 22 26 21 15 
27 29 30 19 24 20 29 24 17 20 18 29 15 13 18 27 30 21 28 28 39 16 17 17 21 28 27 22 24 18 17 19 31 35 22 23 20 16 27 39 19 24 28 16 20 22 19 20 20 32 19 28 16 46 22 18 27 30 12 32 
15 31 40 21 31 22 18 24 11 20 14 49 13 26 15 23 43 18 20 20 36 31 29 16 14 26 9 22 15 22 24 22 22 11 11 17 36 18 35 29 22 17 35 9 24 23 6 24 12 7 25 23 13 36 9 23 22 17 27 25 
30 24 22 32 16 16 32 26 33 9 10 27 18 18 15 29 38 24 18 25 31 27 11 22 20 18 34 17 23 30 35 18 27 23 13 26 47 34 26 35 28 11 23 13 6 21 16 21 24 25 23 24 16 40 19 7 25 19 15 32 
21 29 17 38 33 14 25 33 26 17 15 26 17 18 20 31 33 31 25 35 17 20 12 16 26 22 27 22 19 23 35 12 47 40 27 44 33 26 29 31 25 17 15 11 19 32 13 15 28 34 25 32 14 33 17 19 26 15 25 53 
22 24 26 26 23 12 17 21 30 13 14 24 14 12 17 30 32 21 26 21 28 17 27 20 17 21 20 21 30 26 31 21 33 30 17 36 12 15 25 20 16 20 28 20 18 18 20 16 10 14 26 28 21 40 14 31 23 35 17 39 
32 26 33 25 33 12 24 19 20 19 17 31 12 11 17 25 29 32 25 22 15 16 23 15 13 19 21 22 30 14 26 12 32 26 15 32 24 21 34 17 26 18 27 15 10 25 20 19 23 21 18 26 11 12 14 29 25 25 24 25 
26 25 29 5 15 7 21 25 26 9 13 21 15 14 25 26 25 34 15 19 41 16 20 12 16 27 24 14 13 13 17 11 32 33 28 32 27 23 39 34 14 15 34 20 16 31 17 15 24 24 32 34 18 23 14 29 19 26 14 32 
25 27 26 37 21 17 23 26 21 17 12 24 13 15 27 11 12 26 28 20 29 18 19 13 21 30 28 19 26 20 36 10 30 32 21 14 26 17 11 36 27 16 20 18 16 23 15 25 13 29 26 29 17 24 9 18 24 22 23 38 
20 16 25 25 32 15 26 11 30 15 21 17 17 14 17 24 45 35 25 19 27 22 11 13 19 20 8 13 33 28 33 13 32 35 28 29 20 19 17 38 31 15 39 21 11 29 12 30 12 32 23 29 21 22 13 17 17 16 25 26 
22 26 33 34 16 20 23 33 27 11 21 31 20 19 17 24 29 19 23 22 31 9 16 11 14 17 25 18 25 20 31 18 28 20 15 37 32 19 39 34 27 17 22 19 19 21 16 30 18 23 21 30 11 26 19 20 26 22 24 20 
22 21 18 24 27 14 36 23 26 12 18 24 20 14 19 26 22 25 12 16 21 12 15 15 15 20 28 22 36 28 22 10 30 21 25 18 40 18 28 43 19 16 36 15 22 29 15 21 18 21 27 29 12 39 12 47 28 28 16 36 
26 19 20 19 24 8 37 13 17 17 16 47 16 14 26 26 32 31 24 19 23 18 23 25 24 20 29 18 34 14 28 10 34 32 21 25 26 19 43 29 26 16 26 13 17 9 7 16 15 23 29 32 13 27 26 21 25 14 25 33 
36 24 36 37 29 15 24 19 18 17 19 40 15 21 17 10 20 17 25 15 24 16 21 9 8 23 30 23 13 19 26 20 32 26 22 43 34 17 30 30 31 20 21 6 16 23 18 19 12 25 19 38 11 34 23 29 26 23 16 37 
31 20 35 34 29 19 20 18 26 10 17 20 19 7 18 22 40 33 25 12 35 18 17 23 19 21 26 20 21 22 18 12 28 34 30 26 31 28 48 30 24 11 35 12 16 18 14 27 17 15 14 39 14 25 20 25 11 22 32 15 
24 36 29 38 26 16 22 24 19 16 13 21 15 17 28 18 37 23 18 24 26 21 11 18 20 26 28 24 26 25 46 13 31 25 26 37 16 14 24 13 15 10 16 16 16 13 11 13 11 28 16 40 20 34 14 39 18 20 18 26 
29 28 22 15 27 18 33 23 33 14 16 17 20 23 12 20 37 25 15 15 30 19 17 12 18 23 33 29 23 24 30 15 30 15 23 30 22 31 33 36 41 14 39 15 13 25 14 25 5 22 27 30 15 38 14 25 10 24 27 39 
12 32 36 23 13 15 26 28 22 10 16 26 14 14 24 11 23 26 34 22 30 11 17 16 20 21 29 19 26 17 21 14 29 20 25 30 41 15 37 26 34 14 15 10 13 24 18 17 21 22 24 32 9 31 17 22 16 22 17 33 
36 23 14 30 30 17 34 25 17 18 10 28 15 16 18 23 35 29 26 18 34 18 17 10 23 21 18 17 22 22 38 12 25 20 26 24 20 20 20 12 25 10 23 14 21 15 16 12 23 22 15 24 16 21 21 39 14 25 16 29 
26 15 25 33 22 13 24 27 17 12 20 32 11 17 13 15 36 24 24 17 28 25 19 12 17 17 39 19 19 25 23 20 39 32 24 34 33 21 29 37 24 12 36 12 10 30 16 18 22 15 29 28 16 40 9 27 25 17 29 37 
23 19 29 40 16 21 32 17 23 14 15 25 12 19 32 18 29 31 26 25 21 24 24 10 4 18 11 22 28 13 32 15 41 30 16 32 36 29 20 31 25 20 26 14 6 28 13 24 17 19 29 21 13 37 10 34 32 24 24 44 
23 36 16 30 15 22 26 17 25 17 15 28 8 13 18 37 35 20 22 25 47 22 19 18 19 33 26 24 33 15 35 16 29 22 17 32 37 30 22 29 9 17 23 11 17 20 18 23 14 27 23 26 16 41 18 26 12 23 23 25 
32 21 19 32 18 15 44 29 31 12 28 22 15 12 29 27 45 14 28 22 32 20 20 19 21 25 31 26 28 6 21 14 38 23 23 39 39 40 37 27 26 17 25 14 15 21 18 22 18 31 24 36 17 35 20 26 23 30 26 33 
27 31 33 45 33 16 17 24 21 9 18 22 12 18 14 11 34 20 29 12 28 30 18 15 17 29 27 15 25 13 33 19 31 24 19 32 29 9 35 51 19 16 23 10 18 24 14 23 21 23 21 28 19 21 13 19 15 23 18 20 
28 23 38 24 24 14 22 33 25 8 20 23 12 6 19 17 35 16 11 19 36 15 20 18 13 25 33 17 32 7 33 12 34 31 30 19 40 18 28 30 29 16 30 20 11 23 2 18 9 24 24 35 12 27 18 24 26 24 11 22 
19 18 17 40 18 8 39 30 20 7 15 31 15 11 30 22 29 28 21 10 25 28 8 22 16 12 28 13 28 23 15 19 19 30 13 19 23 26 11 32 26 17 31 19 18 35 19 27 19 25 20 32 17 16 22 15 17 28 15 22 
20 11 21 48 20 16 16 24 19 10 18 32 16 17 25 30 31 33 22 16 25 23 14 16 31 17 37 20 22 15 19 19 25 22 24 38 37 29 34 39 26 15 30 11 18 32 11 24 17 14 23 40 21 30 17 33 23 27 18 31 
23 25 33 22 22 9 34 16 21 11 14 41 9 16 16 19 21 27 18 6 26 16 10 18 17 21 22 20 33 21 19 15 26 19 23 29 18 33 35 29 24 15 32 12 15 23 8 21 7 25 20 25 10 29 17 29 29 25 37 37 
26 25 18 28 32 19 39 30 20 17 13 34 12 13 21 25 18 29 29 25 20 25 12 12 13 19 13 22 23 11 29 17 30 31 15 10 35 26 29 29 19 21 25 20 23 18 19 25 22 31 26 35 19 26 14 29 15 22 15 19 
23 25 38 20 15 16 34 23 15 20 20 27 10 18 18 13 26 20 28 20 9 16 19 16 12 15 42 27 29 21 24 18 23 22 16 44 27 14 22 35 26 9 38 10 11 30 23 18 18 30 34 30 15 21 15 35 22 32 14 33 
26 12 34 49 17 10 31 18 23 15 17 33 14 22 13 22 22 24 27 12 38 17 17 21 11 15 30 12 35 18 27 16 36 26 18 29 37 28 28 20 29 15 15 19 23 24 19 22 15 12 19 31 18 42 9 26 23 25 24 23 
24 27 34 37 21 10 22 14 21 14 14 23 14 16 21 26 30 42 26 17 14 22 20 17 18 24 23 27 22 16 19 14 32 7 20 22 32 18 19 21 23 25 44 15 20 18 21 12 18 18 6 38 12 18 10 5 34 20 21 23 
43 21 33 14 27 13 20 29 28 13 9 31 13 15 23 16 27 29 19 22 35 13 10 22 13 19 37 20 27 21 30 16 20 25 16 25 32 34 21 30 7 12 20 14 10 28 22 17 19 9 23 24 15 34 21 27 16 25 21 16 
24 29 7 32 17 18 26 19 31 26 10 29 14 21 9 26 24 25 24 28 15 9 18 16 9 27 26 24 32 15 33 18 36 30 21 19 34 17 25 35 35 17 25 13 9 17 14 34 24 29 17 27 13 26 8 14 12 27 21 29 
22 25 28 38 18 18 41 25 25 22 21 28 12 16 11 22 38 19 17 13 23 25 7 9 16 20 13 14 30 23 26 9 32 30 20 18 29 21 44 9 25 21 17 13 22 18 18 26 17 13 29 25 14 26 15 24 27 22 19 33 
26 22 21 9 29 19 21 23 17 18 16 36 12 22 13 19 31 16 34 18 33 22 15 15 11 21 31 22 29 16 25 15 17 17 21 22 35 21 46 33 27 14 26 11 20 29 18 12 20 33 15 17 12 31 13 31 26 30 13 22 
28 26 23 34 20 20 22 27 33 5 17 29 15 20 6 11 45 26 16 13 22 15 12 21 17 19 27 15 30 27 30 13 19 24 20 15 32 37 43 19 35 22 12 11 16 11 13 22 22 24 21 27 24 35 21 23 20 18 14 27 
27 31 21 21 26 16 22 23 31 10 19 30 10 7 10 26 37 23 23 12 26 11 17 17 27 16 21 19 27 12 30 15 33 28 23 37 42 35 18 34 27 17 31 19 18 42 17 27 16 18 31 33 11 29 14 23 12 14 32 19 
27 21 27 32 27 16 33 14 18 15 15 36 10 20 14 25 39 27 30 26 33 25 23 10 20 30 29 25 14 18 20 21 15 25 14 28 29 23 32 24 22 14 34 20 16 26 16 25 10 25 22 31 11 46 16 10 17 28 14 14 
30 19 18 21 35 14 26 19 31 15 12 29 9 16 21 37 16 18 23 25 33 14 19 18 21 14 36 16 28 22 34 13 33 12 28 21 36 33 29 38 25 24 36 6 18 1 28 25 14 22 32 32 23 52 15 38 20 28 28 35 
19 15 34 29 25 21 24 19 8 14 19 37 16 17 19 20 14 19 32 19 23 17 12 15 10 25 16 19 37 23 29 15 30 20 32 23 27 23 29 34 34 24 23 13 21 16 15 22 21 14 28 42 12 34 10 27 19 24 22 22 
20 23 17 47 19 16 26 15 10 13 16 25 15 16 16 19 26 19 22 19 26 13 19 14 16 23 18 18 19 14 15 12 44 13 9 21 30 18 27 23 15 15 22 17 19 28 13 23 17 17 13 27 22 12 12 30 22 25 24 26 
27 25 22 39 17 17 17 30 15 7 7 31 20 14 22 21 46 27 16 14 23 18 18 12 24 26 27 25 24 26 34 17 5 29 24 30 25 28 29 15 24 14 36 14 22 29 12 13 15 14 16 26 14 14 17 19 17 24 17 31 
33 22 19 29 13 14 28 12 29 11 15 18 16 18 24 22 11 17 10 21 25 14 20 16 9 28 32 13 30 19 17 18 24 9 21 31 37 28 21 40 9 10 31 5 11 22 18 15 22 25 27 20 17 25 12 20 29 17 16 24 
31 33 36 22 18 17 32 30 17 13 13 26 15 11 19 23 24 18 17 9 39 18 22 13 9 27 19 18 25 24 24 18 27 23 28 23 18 20 33 37 18 16 21 17 12 23 11 26 20 26 23 26 18 47 16 21 18 30 27 35 
31 12 25 30 24 19 33 28 24 19 22 37 12 19 26 26 28 16 25 15 23 14 19 14 19 20 23 17 34 8 23 15 24 27 22 26 28 13 16 38 21 20 25 16 17 21 20 25 21 26 15 20 8 26 11 26 18 30 23 35 
6 40 25 30 16 16 20 20 22 10 18 41 9 16 17 24 34 29 21 16 29 16 11 16 17 28 29 12 17 17 22 13 36 24 20 35 27 37 21 36 19 14 24 14 14 29 15 18 23 23 17 46 20 23 12 18 24 20 25 25 
33 18 25 43 23 12 22 11 27 8 19 38 19 27 15 26 8 25 15 13 38 10 15 18 28 15 27 19 15 27 7 24 50 17 13 25 22 18 24 28 26 18 31 18 19 28 15 27 24 18 22 33 23 19 9 11 15 12 27 13 
34 23 22 27 30 15 36 20 21 6 18 21 12 16 20 22 24 20 29 22 35 18 24 15 11 18 38 15 28 17 24 16 29 20 30 17 48 16 39 31 26 20 20 16 14 19 14 21 16 17 24 26 16 23 20 21 27 17 20 29 
26 31 28 29 26 17 20 28 26 9 15 20 20 18 17 20 16 21 23 32 47 23 22 11 10 25 26 26 16 23 24 8 32 24 26 25 31 28 30 35 24 15 30 17 18 34 13 16 18 24 28 18 21 27 12 20 26 11 13 38 
25 31 15 24 20 15 35 26 22 7 19 30 20 21 9 8 27 14 18 18 14 20 22 19 23 24 37 15 19 21 33 12 35 22 29 21 33 21 28 28 22 15 33 18 12 25 21 23 23 25 16 19 16 42 18 27 23 24 25 32 
30 17 40 28 26 20 30 16 14 11 17 37 14 9 13 30 28 29 19 17 20 19 18 10 21 23 11 12 27 13 36 12 28 24 23 28 23 34 23 21 29 16 27 14 15 43 12 25 11 29 17 33 17 24 9 24 15 25 29 14 
17 27 34 27 17 19 33 19 18 14 17 16 6 17 11 24 21 24 35 22 24 10 17 9 13 12 16 13 3 20 46 15 27 15 23 21 43 17 38 34 25 11 12 9 19 26 12 19 25 22 24 31 11 29 22 15 23 26 24 16 
25 25 37 24 28 18 25 23 30 14 18 37 9 13 32 17 39 25 26 19 42 20 14 15 15 16 27 26 21 16 24 18 26 32 23 39 17 25 42 25 42 22 43 16 19 18 13 16 23 24 30 24 13 22 15 23 19 27 21 30 
24 33 38 28 25 9 35 26 23 13 21 6 21 18 21 11 19 24 31 14 16 20 24 15 15 19 26 20 14 21 46 14 20 42 25 33 31 24 18 37 19 18 21 18 13 18 11 22 12 16 23 33 19 8 16 25 21 27 20 25 
19 14 38 31 29 13 20 19 15 14 15 27 10 22 29 22 37 28 22 15 31 12 23 15 16 21 26 23 32 15 30 14 26 28 22 29 29 26 38 21 34 11 27 15 15 23 16 30 12 29 17 24 12 20 13 21 32 24 23 36 
18 27 21 22 26 18 43 34 18 11 20 32 8 16 26 29 38 17 28 24 15 22 23 10 7 22 31 18 23 28 24 12 23 23 18 29 22 28 22 25 17 14 34 12 7 31 9 13 20 34 16 26 21 30 17 36 16 30 14 22 
21 30 32 13 33 1 15 22 25 7 7 41 15 18 19 9 40 27 28 24 27 15 26 23 21 18 22 12 16 17 17 14 34 19 14 31 39 23 25 19 18 13 33 11 18 15 11 24 26 32 24 21 10 33 19 21 21 14 22 28 
28 24 7 36 20 29 27 14 19 17 21 28 14 19 18 32 33 26 18 16 40 8 21 15 16 24 17 18 20 14 35 21 21 32 21 42 23 26 48 20 19 16 26 18 7 29 16 27 21 23 21 33 18 12 9 49 9 29 28 28 
20 15 27 48 25 21 40 12 26 9 17 32 17 15 14 21 27 24 19 11 28 20 21 19 8 18 28 22 37 11 35 17 31 23 15 20 30 20 38 43 15 16 23 14 16 26 11 18 21 29 32 17 17 25 13 10 22 13 18 47 
36 16 19 33 33 14 41 20 22 9 18 31 17 13 17 26 23 21 23 30 33 26 16 14 25 19 31 14 27 21 20 12 31 28 14 19 19 25 30 40 13 15 19 19 18 30 17 26 16 21 29 25 15 32 16 28 17 24 15 30 
34 22 23 40 17 11 35 20 19 16 19 37 12 14 10 15 28 22 24 23 12 14 19 19 15 19 17 13 29 23 26 21 10 36 17 4 30 38 40 21 30 20 31 11 23 29 19 27 19 35 24 22 17 13 17 30 39 26 23 11 
22 22 29 28 28 12 32 25 16 19 13 40 11 22 24 20 22 29 33 15 33 15 16 12 15 22 37 21 22 17 16 14 21 24 20 21 23 21 29 30 26 10 30 16 18 16 12 28 19 26 24 40 21 31 10 20 14 24 25 32 
36 14 19 37 26 9 33 13 22 9 11 30 18 14 21 29 19 23 27 18 33 10 13 5 18 30 27 21 30 13 31 17 26 24 33 31 43 30 25 31 22 12 27 23 17 28 6 23 24 15 26 30 14 25 14 41 19 22 22 24 
25 22 34 42 26 13 35 30 14 12 12 24 13 15 27 28 26 24 36 19 34 16 9 19 16 13 30 13 17 24 21 17 19 23 22 30 7 27 15 32 23 20 26 18 19 22 13 25 11 20 16 29 11 29 11 22 31 20 24 12 
21 21 16 30 12 16 29 21 10 17 18 33 18 20 26 16 24 31 18 10 12 22 20 13 7 21 22 22 30 15 35 17 15 23 19 19 27 18 49 19 29 16 24 12 22 20 17 21 18 18 30 15 18 27 13 25 9 17 23 32 
23 31 33 30 22 13 19 16 18 12 18 31 19 18 27 25 37 20 19 15 32 24 15 12 26 18 29 18 32 14 35 11 39 17 14 37 33 23 41 35 25 16 26 8 17 26 13 28 14 20 36 30 10 28 17 25 20 15 30 28 
17 16 19 31 26 15 24 29 25 21 15 18 15 17 12 28 35 34 23 21 44 9 12 12 18 29 33 26 23 22 19 13 25 21 27 33 25 22 35 15 22 19 37 14 15 24 25 24 24 18 26 20 16 18 9 11 29 24 15 38 
22 16 26 26 37 17 31 24 24 15 17 25 15 9 20 19 45 16 12 19 27 11 19 16 14 19 26 28 29 25 12 15 19 20 20 12 34 21 28 23 31 21 32 11 17 20 16 23 17 19 31 19 15 17 13 16 30 22 25 36 
21 27 24 36 29 22 26 19 19 11 18 19 18 16 28 13 21 15 19 20 24 21 23 15 18 28 37 13 28 10 19 17 12 14 18 27 45 25 33 26 4 17 25 12 21 27 10 21 17 30 9 36 18 26 14 13 17 21 28 36 
13 24 18 16 24 15 12 9 29 7 11 18 17 18 21 15 29 25 32 27 23 16 13 16 17 14 17 19 31 25 26 20 27 33 24 34 41 25 31 22 26 13 26 10 13 17 12 17 22 27 24 21 14 32 20 30 18 27 19 23 
25 13 29 20 27 10 14 29 18 9 14 29 13 18 17 27 19 24 22 25 43 24 25 10 20 16 16 22 24 30 24 13 19 36 24 43 21 28 23 34 18 9 17 11 13 25 14 27 15 18 27 28 9 39 11 22 18 25 16 26 
36 30 41 38 15 23 23 18 28 5 17 35 19 18 20 21 41 16 24 15 23 20 23 16 20 19 34 19 33 21 23 23 28 38 14 22 49 14 42 32 25 15 21 14 20 14 18 25 10 28 19 16 12 35 20 25 29 16 17 14 
28 16 34 32 26 15 32 22 25 11 14 25 24 12 21 36 31 33 12 17 23 9 17 15 18 13 20 9 19 32 23 19 23 27 25 23 18 21 23 23 28 13 33 10 8 5 18 18 14 20 17 26 15 52 25 27 21 26 14 28 
15 23 33 26 27 19 41 20 29 12 10 50 13 19 17 23 27 22 31 21 29 16 11 15 8 18 26 21 19 17 31 19 29 21 24 41 30 28 22 26 23 17 37 12 11 24 17 27 8 31 24 33 15 36 14 30 32 29 11 30 
25 18 20 31 39 13 20 14 25 15 17 28 16 16 20 26 25 20 31 20 35 20 11 14 23 23 27 20 18 26 33 13 25 25 13 35 24 30 40 27 21 16 23 19 17 16 18 21 10 11 18 8 10 22 17 17 16 15 31 27 
26 13 29 24 24 17 30 20 22 16 19 25 15 27 18 19 40 27 27 18 16 15 23 9 17 23 26 18 21 17 31 16 25 20 18 24 28 21 11 9 20 16 30 14 17 27 19 31 25 27 18 28 19 48 7 9 24 15 24 38 
19 32 22 31 15 16 31 16 19 23 18 35 13 13 25 26 37 23 31 29 38 19 16 14 8 14 9 28 27 18 25 14 28 34 27 10 21 31 32 20 27 16 19 16 13 14 20 35 16 20 25 38 20 31 17 22 29 24 14 24 
18 32 24 43 26 22 33 33 26 20 13 22 19 14 24 30 17 15 9 28 38 22 22 10 13 21 32 26 13 29 21 16 27 21 16 28 24 25 39 28 25 16 28 13 15 25 21 16 14 34 21 20 16 35 11 20 17 21 16 19 
25 31 25 35 24 12 32 31 24 18 15 26 11 21 25 15 26 29 30 22 29 19 16 12 18 24 31 29 27 23 27 11 23 12 29 30 28 14 26 26 30 18 35 17 16 17 17 17 27 25 21 33 13 24 7 26 11 14 25 16 
19 24 26 44 18 13 26 37 23 17 14 29 13 16 18 24 24 31 21 21 29 18 22 9 17 21 20 19 25 15 23 20 26 24 33 13 28 21 30 31 33 19 37 15 12 26 11 17 16 17 20 29 10 30 19 30 19 31 24 32 
24 30 19 29 26 21 27 20 32 8 25 25 15 14 22 22 24 24 31 24 50 13 16 10 14 21 33 28 27 14 37 21 29 24 13 16 30 27 40 13 22 13 23 18 17 30 14 18 25 29 22 33 12 32 20 30 21 26 32 32 
21 16 30 25 21 17 43 27 29 15 11 36 11 7 22 15 19 14 31 16 21 10 20 11 11 24 24 22 28 24 26 11 23 21 32 34 45 36 22 37 15 12 22 9 18 17 13 18 11 13 17 36 19 39 11 20 14 34 26 23 
47 23 22 16 26 19 26 28 25 23 13 25 20 17 24 17 33 32 26 31 11 19 10 15 21 23 21 18 11 15 23 16 30 26 19 22 34 28 35 35 26 10 14 20 23 37 19 21 14 22 16 25 4 32 6 22 22 28 20 41 
35 20 27 18 31 17 32 22 22 10 22 16 21 15 13 31 20 15 23 23 34 21 12 15 9 26 34 20 21 30 17 15 28 18 25 23 30 15 28 30 20 10 15 13 20 31 13 27 22 13 12 28 13 30 14 15 26 14 26 30 
19 21 9 45 33 11 23 42 27 14 13 45 18 20 22 16 27 20 21 17 22 7 4 14 15 13 31 17 28 27 25 8 35 19 20 32 31 36 37 32 17 22 24 13 16 5 15 20 18 20 32 41 19 23 20 16 15 25 22 34 
24 26 45 34 19 12 33 17 15 9 9 18 13 14 19 27 36 17 30 30 14 15 15 6 18 17 13 18 33 19 27 11 24 29 14 25 31 11 25 18 20 17 16 16 21 33 17 16 19 19 19 36 15 27 17 19 23 20 32 29 
26 31 28 33 32 16 31 20 24 11 16 32 12 14 24 22 37 27 19 11 34 14 14 16 11 19 29 22 21 27 33 8 29 12 26 25 45 27 31 34 22 12 21 20 18 16 22 13 24 24 27 23 19 43 15 20 27 17 29 32 
23 22 18 32 32 12 18 26 28 13 13 21 15 17 21 13 19 24 27 15 36 13 14 14 22 13 35 16 19 30 27 12 31 18 21 44 31 33 19 31 18 18 37 20 13 22 4 14 18 28 19 28 17 22 16 20 15 21 22 19 
29 15 18 17 18 8 13 26 12 21 20 24 13 22 23 27 34 26 20 15 31 15 13 18 16 30 34 26 26 17 26 20 19 29 27 19 26 34 43 13 15 18 19 8 17 33 8 22 20 26 21 24 17 15 21 39 22 29 21 20 
19 24 36 43 19 9 13 20 11 11 16 27 11 17 16 25 21 21 22 23 34 17 20 11 22 14 30 22 16 15 18 16 16 27 21 20 25 32 35 24 21 15 31 17 9 30 21 21 16 31 8 27 17 32 22 22 17 28 13 37 
22 33 18 26 24 21 46 13 36 23 24 13 16 16 28 24 29 16 28 22 33 19 15 11 14 17 31 16 24 10 28 12 18 17 8 22 35 26 46 41 26 14 31 10 19 26 12 15 18 28 25 30 13 38 9 15 21 27 10 29 
17 34 39 27 17 12 24 27 25 10 17 27 17 16 24 28 34 30 27 28 31 16 24 17 12 25 30 17 24 17 29 20 34 28 19 28 25 26 24 15 29 18 16 10 19 15 12 21 17 13 32 16 17 36 11 22 17 28 24 38 
26 34 35 35 9 17 37 31 25 15 17 34 13 11 21 18 32 15 26 11 28 15 22 16 20 6 24 24 23 17 22 4 32 21 30 32 19 16 38 31 11 16 20 17 13 6 12 12 22 23 10 26 18 25 12 21 30 19 24 23 
19 26 29 31 33 12 25 18 16 15 19 29 16 21 20 21 34 20 26 19 18 24 19 11 10 17 28 8 25 21 23 21 32 29 24 29 27 25 36 29 11 14 34 11 16 19 18 20 18 19 18 36 12 27 23 16 23 14 30 30 
18 17 12 31 36 21 26 29 21 7 31 23 13 18 17 24 41 13 21 17 23 28 18 18 24 16 26 17 23 27 30 19 25 31 13 24 19 27 39 32 14 13 37 9 20 37 14 27 15 9 21 15 19 39 19 26 16 24 12 34 
25 13 25 27 21 26 19 20 19 15 18 34 13 15 21 25 7 18 21 21 12 24 13 16 18 25 28 18 16 21 25 12 37 26 23 38 24 24 44 27 21 17 21 15 13 27 8 25 15 27 20 13 19 38 16 37 24 20 30 30 
31 25 32 25 44 17 28 13 22 14 19 16 16 14 27 29 26 19 24 22 18 8 20 16 24 22 23 16 22 27 21 23 27 20 23 18 33 15 42 38 25 17 4 17 24 11 15 19 16 20 23 28 12 36 13 27 18 21 19 26 
18 24 24 20 16 16 38 23 22 5 19 18 17 25 23 27 31 17 21 19 14 26 5 17 13 12 14 18 31 13 35 10 13 24 14 16 18 28 24 43 26 17 31 15 22 25 23 28 15 20 25 29 25 35 7 29 11 22 22 15 
21 25 30 9 26 18 31 19 21 11 19 40 13 14 21 27 15 34 24 19 30 14 19 16 15 18 18 27 14 26 30 14 16 11 26 28 33 25 37 23 27 27 16 14 11 27 9 17 8 18 19 40 12 20 15 30 25 14 38 28 
32 25 33 28 29 17 14 30 19 14 19 34 19 18 15 29 19 22 11 14 23 14 16 15 18 29 21 21 40 21 28 18 27 27 10 10 37 24 43 33 26 18 27 14 10 22 18 24 16 16 15 37 26 28 17 31 26 23 34 41 
35 22 38 26 34 13 22 20 35 15 16 37 15 17 19 41 31 15 23 21 32 5 20 18 15 15 32 20 17 20 25 14 26 36 33 30 18 25 33 35 22 12 26 13 14 27 12 21 10 27 22 25 15 27 17 23 22 26 27 19 
27 18 29 34 17 11 22 16 29 18 20 31 19 19 25 22 30 37 16 21 30 7 19 10 17 28 29 26 21 33 15 11 31 29 15 13 21 26 48 26 31 20 23 11 15 19 9 29 18 20 31 19 16 26 20 15 19 30 25 20 
14 18 34 27 25 22 20 31 29 19 14 30 16 21 25 31 22 17 19 12 24 20 20 19 27 16 27 19 19 22 24 9 18 29 25 21 18 28 13 32 24 5 30 11 21 30 19 20 23 27 16 37 19 35 17 36 27 22 31 28 
24 19 20 29 15 14 18 29 31 15 16 25 12 16 24 14 25 22 15 18 27 8 11 10 17 39 28 12 21 19 27 14 30 13 17 37 44 12 25 12 19 16 25 12 18 27 16 16 19 37 8 29 12 40 17 11 20 30 23 20 
24 23 28 42 22 18 23 18 22 17 10 34 20 12 19 22 36 16 23 18 19 20 20 8 22 20 22 23 26 19 16 13 34 33 22 42 28 29 28 21 27 20 19 18 13 9 14 20 5 24 14 34 12 26 18 35 25 24 29 38 
32 29 28 27 23 10 41 26 35 19 11 34 11 17 19 18 18 21 21 21 29 23 16 17 23 12 25 11 34 20 35 16 31 14 21 22 33 21 18 38 29 21 36 16 18 21 15 31 31 20 15 28 16 26 16 28 26 24 29 23 
19 28 27 18 6 21 27 22 22 13 13 31 14 22 13 28 32 18 29 16 35 17 23 14 22 25 16 20 34 19 34 13 32 25 10 26 44 14 34 23 20 17 39 17 21 16 18 23 28 13 18 24 17 39 12 33 24 10 40 43 
25 15 20 19 20 12 42 20 17 14 13 41 20 15 16 26 33 27 17 10 37 13 19 9 13 24 23 20 24 21 32 5 33 27 12 28 31 22 31 37 22 12 18 23 22 34 15 21 16 28 15 17 18 20 10 32 18 24 28 23 
18 29 40 26 24 13 33 14 35 11 15 21 12 10 24 23 19 17 24 20 36 9 31 11 18 21 23 16 23 25 24 16 24 28 20 37 44 38 33 27 21 21 17 21 20 29 13 16 24 8 18 26 14 36 17 25 15 23 20 16 
27 27 31 37 35 18 25 20 26 20 14 13 11 22 10 30 14 15 22 22 30 15 22 13 21 25 34 24 15 31 21 12 21 24 24 12 40 30 34 21 19 13 24 15 14 35 14 30 14 25 12 25 11 25 26 27 17 31 29 40 
24 15 40 38 32 15 17 25 23 20 17 22 17 18 24 11 23 22 13 26 27 16 15 16 14 27 25 17 20 25 35 15 26 28 19 32 40 36 49 27 29 12 34 20 19 20 14 24 24 18 26 36 16 31 14 20 26 33 22 28 
25 21 28 37 23 12 32 20 35 16 13 25 15 11 21 33 12 22 24 13 20 10 22 13 17 28 25 20 15 14 23 18 23 26 20 21 29 18 21 25 12 17 22 16 17 24 14 14 27 43 27 27 12 36 19 36 15 25 25 25 
22 16 20 26 23 27 47 24 19 12 15 38 14 14 21 21 25 28 14 18 21 15 12 7 15 22 20 15 20 18 23 18 28 27 26 17 23 27 26 26 15 17 24 12 11 29 19 25 24 28 25 31 17 34 15 25 28 22 18 43 
20 21 28 39 25 12 27 18 20 16 18 25 12 18 28 28 35 21 21 12 22 15 12 16 18 16 24 10 27 19 23 16 33 25 18 29 23 24 28 36 19 18 24 17 17 28 15 16 22 39 22 43 15 25 20 26 25 25 25 19 
20 26 18 28 16 13 23 21 23 24 17 24 16 18 12 23 34 26 25 17 38 18 21 15 23 27 29 15 29 15 33 14 12 24 14 38 22 17 20 29 35 17 28 11 21 32 19 19 8 30 16 11 12 28 15 12 18 20 18 20 
27 18 30 54 8 12 38 18 20 18 10 21 19 19 14 15 37 30 20 16 15 21 18 19 16 10 21 19 41 17 23 12 27 11 16 40 28 26 38 25 33 19 33 26 15 28 18 28 12 15 29 41 20 29 8 22 17 22 19 34 
27 24 37 34 24 15 26 27 20 13 10 31 10 11 22 28 33 17 14 20 38 8 23 12 12 11 15 13 25 18 15 17 20 18 23 37 22 24 12 34 4 14 30 14 17 34 17 17 24 22 19 24 17 57 17 31 15 12 23 35 
26 19 30 30 17 13 17 25 25 17 24 25 12 15 24 24 17 29 23 6 25 16 19 17 12 22 25 9 31 17 32 10 28 28 20 33 27 17 28 41 26 6 26 19 15 23 18 13 28 36 25 16 19 22 14 16 16 25 16 29 
8 12 36 38 17 14 32 22 30 15 15 40 17 16 25 29 33 28 30 13 20 13 22 10 13 19 18 21 30 4 17 19 27 11 20 32 26 8 26 29 18 11 25 24 13 27 14 28 16 43 21 33 14 24 17 29 25 22 24 34 
26 24 31 24 24 17 22 16 38 14 14 26 17 15 24 16 29 20 20 27 21 14 20 14 11 15 30 20 28 15 31 21 32 23 12 24 18 32 34 22 12 15 11 18 15 26 15 24 21 30 16 27 16 28 8 22 22 16 18 7 
24 28 27 3 22 10 30 21 15 19 14 18 10 22 14 27 35 22 27 15 34 15 14 10 14 16 22 15 20 19 26 9 12 19 19 23 42 21 25 29 24 11 36 13 17 26 10 19 19 34 9 28 11 31 14 32 27 25 25 18 
28 22 29 35 26 15 36 22 38 14 16 31 15 18 28 19 27 24 30 17 19 12 15 15 11 24 28 14 20 19 31 14 33 22 22 16 28 10 44 34 22 16 20 18 15 26 17 29 15 30 16 29 20 33 19 32 20 29 18 34 
22 21 17 24 30 15 40 17 27 20 20 32 18 13 17 25 34 30 19 20 30 16 24 15 12 27 30 24 19 16 35 11 10 26 27 30 28 17 29 20 44 11 11 16 18 26 13 23 24 24 31 25 18 23 17 20 20 22 27 36 
25 20 2 40 28 11 19 23 15 21 21 29 13 20 18 26 42 27 13 19 21 14 17 24 24 13 26 21 23 14 21 13 36 19 31 30 36 23 36 36 15 11 33 12 18 23 15 20 26 14 19 24 12 11 13 32 19 23 24 20 
34 25 46 23 34 20 33 23 19 19 16 32 16 14 19 23 26 28 28 18 11 20 17 16 18 37 23 12 29 14 33 19 16 28 20 18 37 11 29 33 28 13 26 19 12 32 19 19 14 33 16 27 13 24 8 23 19 33 17 22 
35 13 35 29 24 14 29 23 31 19 17 28 13 14 13 21 20 22 33 20 22 14 14 14 16 24 25 11 17 23 22 14 19 21 27 29 35 32 34 30 23 17 30 14 15 8 12 19 14 10 20 36 19 38 26 18 29 26 20 21 
25 15 44 37 20 14 16 27 18 12 20 17 14 18 27 31 26 24 23 7 13 12 18 17 16 17 21 18 24 24 19 10 16 21 29 30 18 23 11 37 15 8 25 16 23 22 8 24 13 25 30 17 14 21 15 11 26 32 38 29 
35 25 26 13 20 16 26 23 18 22 7 36 16 11 18 21 30 30 17 24 28 16 14 13 6 21 31 26 16 13 20 13 27 30 16 32 9 13 21 19 17 18 24 10 22 27 15 25 14 31 19 26 16 12 17 32 20 31 17 19 
22 21 39 21 25 11 20 31 20 10 21 31 13 16 38 31 30 28 23 23 24 22 22 12 14 11 26 7 21 28 33 15 17 29 26 16 38 30 30 20 15 7 36 15 5 18 21 27 26 30 25 26 13 27 15 27 24 17 24 28 
17 28 24 34 15 20 22 25 25 18 19 37 18 23 30 23 33 23 25 19 32 14 24 15 15 11 20 19 21 27 26 12 22 36 15 33 35 33 28 22 22 20 22 15 17 19 21 18 24 26 21 26 18 20 19 32 21 22 15 24 
27 25 22 24 7 19 23 15 30 16 14 18 8 22 22 28 19 14 20 23 20 20 8 18 14 29 20 28 21 20 27 13 9 31 18 17 10 39 15 32 20 18 15 21 11 27 20 17 15 27 20 30 16 34 17 29 28 15 25 22 
17 23 27 30 19 7 25 21 17 18 12 37 16 20 20 24 25 22 22 18 22 23 15 10 16 14 19 23 25 21 37 6 20 18 21 26 29 31 35 37 20 18 28 16 25 19 13 22 22 28 17 29 11 27 18 21 17 24 22 24 
16 24 34 37 20 16 33 24 14 19 17 22 19 10 24 16 26 10 20 21 28 17 20 13 15 23 30 25 22 19 23 17 20 16 26 28 23 26 25 19 30 12 2 13 18 22 22 24 24 23 25 22 10 43 17 32 39 23 29 25 
19 24 32 33 34 17 27 22 21 16 15 17 17 22 22 19 31 15 22 10 19 15 18 12 21 10 29 23 17 17 38 19 10 22 22 30 34 21 21 38 31 17 26 13 9 29 18 15 21 18 16 31 13 30 14 22 19 26 17 30 
40 24 28 28 8 20 26 14 17 19 9 30 6 12 24 20 26 14 22 30 25 13 18 12 22 15 26 23 24 24 23 18 18 26 36 36 27 22 33 24 24 6 25 9 18 19 13 23 17 20 23 25 13 29 18 22 33 27 28 31 
30 20 25 43 30 15 19 18 15 16 13 26 11 15 26 23 26 21 21 16 36 20 11 13 14 25 17 24 22 17 27 23 32 29 27 26 21 38 22 19 22 17 22 16 16 23 17 11 12 31 18 32 22 36 8 17 23 24 18 22 
27 20 24 47 37 22 23 36 31 14 16 29 15 16 21 36 35 24 20 24 26 10 20 23 22 23 26 17 21 18 36 12 35 26 21 38 27 18 36 20 25 12 27 16 11 25 20 10 15 22 25 27 14 23 18 19 16 30 12 33 
21 31 34 22 6 9 19 20 19 21 19 20 14 19 25 27 24 23 23 24 26 14 21 13 15 20 13 28 26 17 30 10 25 41 27 22 35 21 17 48 22 22 18 25 19 25 15 32 18 31 28 36 17 27 12 14 20 28 21 40 
25 19 29 30 27 6 16 9 20 11 19 27 12 18 36 27 39 30 20 19 13 23 16 15 14 26 24 21 23 24 34 15 28 36 19 20 37 29 32 38 30 14 30 20 19 14 16 19 19 36 28 31 11 20 11 20 30 21 20 34 
32 20 33 19 19 27 31 19 21 11 18 31 11 18 24 23 31 11 31 12 30 15 26 14 20 26 34 13 26 22 15 10 17 25 23 33 29 25 34 26 27 10 26 21 11 37 7 24 31 15 20 37 16 12 13 15 28 17 27 24 
28 25 20 12 13 27 24 8 31 20 13 28 12 14 9 31 21 23 24 10 35 21 19 16 17 27 16 23 28 33 30 15 31 32 14 40 56 27 17 22 23 16 38 13 18 22 21 11 11 27 25 30 12 31 13 17 24 26 22 27 
20 28 25 10 19 13 31 24 33 18 15 29 14 10 25 22 30 18 16 24 18 19 16 11 15 21 31 23 34 27 19 25 34 38 31 38 43 33 29 29 23 17 26 14 15 34 18 18 14 14 27 28 11 32 17 29 24 22 23 29 
17 17 33 40 23 13 15 24 13 17 21 27 13 15 19 32 32 18 20 17 32 10 28 5 16 16 24 13 22 30 30 16 28 19 19 15 28 28 25 18 20 17 23 17 20 18 12 27 28 29 15 25 18 57 17 25 14 20 20 47 
15 19 28 29 28 19 21 16 24 19 16 23 19 4 16 23 23 17 34 6 18 23 10 11 21 26 17 11 15 25 30 15 27 23 15 28 9 10 33 29 10 23 26 17 18 20 12 13 20 27 19 34 15 31 15 29 14 22 34 18 
29 18 29 14 27 19 21 34 12 8 14 17 17 19 19 27 25 31 16 17 28 21 17 17 24 24 20 28 31 17 33 11 46 19 16 22 28 15 24 36 22 17 19 9 27 28 14 14 14 36 20 31 10 23 19 30 20 26 24 35 
26 31 34 25 24 16 33 22 15 17 22 27 24 18 4 23 24 21 27 24 31 26 11 8 10 19 34 19 24 23 31 17 30 10 18 18 28 21 12 35 11 14 26 16 17 29 21 18 17 26 30 33 14 32 21 25 17 19 22 31 
21 25 29 47 35 8 20 26 22 14 17 32 10 18 22 29 23 13 23 17 28 11 13 9 16 13 29 20 28 12 30 17 18 28 17 19 40 13 25 30 28 23 25 9 15 30 22 32 11 27 24 21 18 22 16 23 13 31 24 30 
35 17 38 26 32 15 14 23 25 18 16 41 15 17 7 17 33 26 18 10 35 12 27 18 21 20 23 18 25 27 38 9 17 26 14 33 36 21 26 28 19 16 33 21 10 22 14 23 17 18 23 22 13 48 19 18 29 12 38 15 
24 23 23 32 21 11 19 15 14 20 11 24 12 16 32 21 32 22 28 27 33 19 25 14 24 23 31 16 25 25 23 14 21 24 12 19 30 33 23 26 28 17 28 16 16 21 15 12 15 24 26 29 7 39 18 29 20 17 17 19 
29 18 29 30 17 17 23 24 20 17 15 25 17 15 22 40 38 21 19 11 29 16 13 18 17 26 24 26 6 16 32 17 24 19 20 26 33 21 41 33 31 19 22 18 19 11 19 24 21 21 18 28 17 41 17 24 17 26 20 36 
33 19 25 21 29 15 18 14 21 16 15 29 16 15 11 24 25 25 31 19 26 10 18 19 16 8 24 13 29 27 19 13 26 29 18 37 33 15 25 27 25 23 24 12 14 19 15 24 9 31 20 24 13 26 15 26 21 27 24 27 
20 19 24 35 29 22 25 16 30 18 15 28 14 15 19 19 20 26 32 25 28 27 7 13 25 16 29 18 34 25 11 10 15 17 29 14 11 29 37 22 27 20 27 17 20 25 10 28 17 21 27 16 20 30 15 14 23 27 11 36 
21 26 22 36 9 7 3 22 21 12 19 41 24 18 22 29 31 25 27 11 11 20 14 13 20 30 23 23 27 9 22 21 26 21 27 21 25 29 47 33 19 15 29 13 21 19 16 26 21 26 30 33 17 34 15 36 35 23 23 11 
16 12 25 46 9 14 18 22 23 17 20 21 11 16 23 25 44 14 21 19 24 12 18 18 12 7 38 18 16 35 30 19 18 33 16 33 26 17 26 31 30 17 20 11 14 25 11 17 21 21 33 38 11 20 12 33 18 27 29 33 
30 26 18 28 19 17 23 27 20 14 17 38 20 9 18 26 20 29 19 16 27 11 27 5 18 24 15 19 21 11 31 8 5 14 12 28 37 18 23 29 18 13 42 13 11 28 12 20 19 21 9 24 14 26 10 32 33 20 15 30 
23 19 43 29 26 18 42 25 20 13 16 40 18 16 20 20 26 18 14 15 30 22 18 16 18 21 28 14 24 21 28 14 29 38 10 35 22 24 13 27 18 15 30 18 19 37 11 26 13 25 29 28 11 43 12 30 19 28 26 27 
35 20 29 40 13 18 25 19 19 15 22 30 10 19 22 26 33 27 24 19 25 18 24 11 16 13 31 22 23 20 26 19 31 22 31 13 38 24 27 22 33 22 15 20 24 30 19 32 25 10 23 27 15 39 12 37 33 39 21 30 
26 34 30 18 24 11 26 19 27 17 10 26 9 13 26 17 38 22 25 10 25 20 22 18 21 16 24 11 16 23 24 12 35 23 17 37 41 13 18 46 13 15 32 12 12 16 12 20 19 25 21 16 15 31 20 23 14 26 28 20 
34 31 23 39 27 17 14 29 31 15 21 47 25 17 19 27 20 23 19 26 19 14 16 14 20 19 39 12 29 27 33 11 20 31 21 28 27 24 34 34 26 18 24 20 18 24 15 22 14 31 16 42 14 15 21 21 24 22 22 27 
34 20 6 33 27 11 44 18 23 16 15 20 12 19 30 21 29 25 16 15 37 21 16 17 14 27 21 16 14 21 27 13 30 24 16 43 44 19 38 45 20 9 25 21 20 14 13 23 7 16 24 24 18 33 18 20 14 8 26 40 
19 26 29 32 18 14 27 15 25 23 18 17 11 24 20 26 24 13 19 25 36 9 23 16 24 29 30 19 31 25 23 14 23 22 24 26 19 24 30 33 26 8 37 18 12 23 9 26 16 33 26 14 23 31 10 27 16 13 14 18 
33 20 25 25 40 13 27 28 21 17 17 19 12 15 35 19 42 13 18 19 46 16 27 22 8 20 20 23 25 12 13 14 36 31 12 36 21 24 17 31 26 13 23 14 10 33 17 18 13 24 23 23 10 30 20 14 31 19 15 34 
22 20 25 42 24 8 26 22 15 15 18 24 16 11 20 21 16 31 19 17 34 23 25 12 15 26 20 18 27 10 30 10 34 19 21 18 35 18 32 39 26 13 32 18 15 23 13 17 18 19 27 40 16 19 16 21 26 28 22 42 
25 29 30 20 20 14 26 19 21 21 23 19 19 19 22 23 23 23 23 25 26 23 20 12 19 16 43 19 30 16 28 10 37 16 28 25 25 23 25 10 14 12 25 12 18 19 16 25 15 27 31 33 17 38 17 15 14 19 33 21 
20 19 41 30 31 11 26 22 24 9 15 29 14 9 21 23 21 25 33 19 9 20 21 14 6 26 22 14 27 22 31 10 20 13 34 24 34 27 27 30 22 7 24 10 15 22 6 17 22 20 17 20 11 45 15 26 16 27 21 34 
29 31 21 31 23 15 28 19 32 18 18 32 18 21 20 23 41 30 20 22 32 18 9 16 18 18 7 17 30 23 30 9 22 16 28 26 28 30 41 30 25 8 30 13 14 25 19 17 22 22 14 31 21 32 14 16 13 16 24 15 
24 23 31 10 18 16 14 17 27 17 14 25 6 17 22 31 26 24 22 18 30 18 21 19 19 15 14 19 15 20 16 20 55 21 17 16 31 22 23 37 20 15 40 15 13 24 10 16 18 22 29 30 11 26 17 19 32 24 17 32 
38 14 42 25 31 21 33 26 25 8 11 42 14 8 23 26 36 25 33 20 25 15 15 12 14 28 43 16 23 26 35 6 31 17 14 25 31 25 27 27 22 20 13 19 19 33 15 28 18 31 14 25 14 32 12 28 22 14 14 31 
21 9 15 20 30 15 33 26 25 23 21 32 16 18 19 17 48 31 35 17 29 12 11 11 17 24 22 23 20 22 30 15 31 23 23 31 34 35 36 26 17 15 23 17 18 19 12 12 23 19 16 26 17 18 9 28 25 24 16 36 
22 29 24 31 31 15 38 18 15 12 18 27 13 18 23 28 29 31 28 19 33 22 15 12 17 22 33 21 11 8 26 15 19 20 19 19 49 28 29 27 27 12 35 13 15 17 13 27 15 27 15 30 16 31 17 24 18 12 14 20 
34 23 3 21 18 13 35 25 25 9 17 35 13 17 27 19 28 14 21 20 41 16 11 14 27 17 27 15 25 25 15 23 17 24 32 30 36 26 25 41 27 15 29 18 19 19 14 21 19 27 15 32 19 28 9 30 16 21 23 31 
33 25 25 35 10 15 42 14 26 16 16 33 14 17 26 21 29 24 15 25 28 12 24 14 14 23 31 22 26 19 21 12 20 15 26 15 27 34 23 23 22 15 38 17 18 27 13 14 9 15 17 33 21 25 3 6 19 25 21 16 
29 18 35 23 16 21 19 27 26 12 14 28 19 15 25 29 24 26 28 19 31 15 18 16 12 22 27 20 22 18 37 19 22 26 26 33 28 38 37 21 18 13 35 11 19 28 13 16 27 16 19 38 16 35 11 27 27 25 31 23 
37 22 31 38 18 18 14 23 20 19 12 13 12 11 19 11 20 21 23 16 29 25 21 15 18 22 25 20 19 25 39 12 31 17 15 28 31 23 28 27 19 18 19 14 15 17 18 21 25 19 23 36 14 29 14 14 24 26 19 24 
24 23 21 45 15 18 32 21 33 14 14 31 24 19 17 20 28 20 29 28 21 21 26 13 13 33 24 19 16 14 31 18 42 27 17 25 36 25 22 29 25 13 23 15 13 31 12 17 17 21 9 14 13 35 13 27 20 19 20 24 
16 34 35 24 21 15 49 20 36 17 20 38 12 22 8 14 23 23 18 13 32 12 19 16 27 22 28 13 27 15 42 15 51 22 23 34 27 40 37 31 26 20 18 16 18 17 19 15 22 19 19 31 25 32 9 19 28 26 21 10 
23 6 29 43 33 21 38 20 29 16 12 26 17 11 12 17 31 17 19 6 27 17 26 14 11 21 27 26 23 17 27 14 31 24 20 22 24 26 16 21 27 16 28 15 13 27 9 22 24 13 25 26 22 29 16 28 21 17 23 15 
25 15 29 23 21 17 28 15 23 16 19 41 6 14 16 31 15 25 25 22 30 12 15 15 14 18 26 12 21 18 27 17 29 31 10 39 33 20 24 37 14 18 22 20 30 17 13 14 17 29 26 33 21 36 15 27 18 26 16 11 
38 27 29 35 17 14 14 17 38 14 20 28 12 23 21 17 30 25 26 17 31 25 23 14 15 9 30 21 21 21 32 12 31 21 23 35 30 22 33 28 15 14 28 13 13 30 16 12 9 20 19 32 10 28 15 29 25 25 20 27 
21 18 25 37 17 10 26 24 22 10 10 32 19 14 15 30 29 20 29 5 28 14 20 7 19 23 40 18 32 22 20 16 37 14 17 39 22 13 36 30 17 20 22 16 13 5 15 17 15 33 15 31 21 31 23 18 19 21 17 46 
22 27 42 12 29 13 23 18 23 10 13 36 18 9 17 25 21 22 24 21 17 16 23 15 20 18 28 23 24 15 32 12 31 26 19 35 22 24 38 21 24 11 25 14 19 29 15 21 30 29 23 27 20 29 19 25 17 25 24 26 
31 21 22 17 30 23 26 16 18 17 28 37 9 18 27 21 16 25 23 16 21 15 25 14 18 26 32 33 17 26 36 14 18 13 12 20 23 30 29 28 31 14 25 13 10 34 12 17 16 25 14 33 17 37 9 34 16 26 25 25 
29 23 1 39 32 15 36 6 25 21 17 15 19 16 7 27 18 24 21 24 28 18 18 16 18 12 31 21 13 12 30 18 19 36 25 37 20 26 9 28 24 23 22 9 16 18 23 24 12 21 21 27 14 28 11 22 17 17 19 39 
15 28 19 23 23 17 24 22 21 14 20 37 7 17 11 15 34 31 26 18 30 16 16 12 21 28 33 19 21 18 29 17 35 22 24 25 33 27 29 32 28 16 11 21 15 13 18 22 18 30 20 28 14 39 15 23 15 27 11 40 
24 25 26 26 32 19 16 32 27 17 18 33 16 15 16 23 44 24 25 19 34 16 16 14 8 14 30 17 15 18 16 9 41 30 11 29 32 29 36 33 23 11 21 18 20 23 17 21 17 29 19 30 19 45 13 21 20 26 19 28 
27 31 35 36 27 7 26 26 16 15 21 22 16 11 24 34 30 18 21 25 13 19 16 17 12 23 30 19 15 19 29 15 32 30 11 10 36 16 24 19 33 21 20 16 22 30 14 19 18 11 28 30 13 36 22 25 36 30 7 16 
17 27 36 47 38 14 26 17 17 10 18 29 16 13 19 22 35 38 22 19 22 16 16 13 12 17 32 16 42 21 27 16 31 25 18 10 13 28 36 48 29 16 34 16 10 25 12 21 21 19 16 24 8 36 16 27 17 23 23 36 
16 25 26 34 19 16 16 19 20 16 14 29 15 12 20 12 24 23 19 13 34 17 27 20 15 14 27 21 32 21 24 11 8 23 15 15 26 29 33 43 21 11 18 3 15 14 12 18 17 21 24 44 14 35 15 27 21 31 18 25 
27 18 19 29 22 12 22 20 20 10 12 37 14 17 16 25 18 29 20 17 28 26 19 14 18 22 26 14 27 16 21 15 35 22 28 28 17 22 45 31 26 16 27 10 13 29 4 19 23 25 23 25 15 16 15 17 26 29 15 45 
27 25 24 26 29 17 34 27 12 13 15 28 21 18 18 17 47 23 27 9 25 20 21 19 16 21 27 17 34 21 19 13 19 22 16 17 27 29 41 27 20 14 22 14 14 20 19 19 13 17 28 27 13 37 11 17 27 26 27 26 
36 26 31 20 24 11 27 25 21 7 21 27 4 18 26 25 21 31 35 10 32 18 26 15 11 23 27 22 17 22 17 20 16 23 34 28 28 38 21 18 20 24 28 13 11 23 16 21 13 21 24 34 12 45 15 14 21 25 30 19 
29 14 25 37 26 21 37 26 20 13 16 22 21 18 12 22 20 20 17 16 28 22 17 15 19 21 27 20 32 23 31 13 35 33 29 29 27 23 37 28 19 14 24 15 21 11 13 21 20 29 31 25 19 26 8 24 21 20 20 34 
21 16 27 29 35 10 14 21 27 17 11 16 21 20 27 29 33 23 16 29 9 10 18 18 18 15 24 23 23 24 17 18 31 23 19 22 39 29 24 29 27 16 17 17 18 18 24 20 17 29 25 33 14 37 15 28 21 25 36 36 
25 28 19 36 27 15 41 18 21 15 18 27 21 15 28 28 30 23 25 19 20 17 22 16 15 28 21 16 24 18 28 18 28 12 16 12 34 34 24 31 5 15 18 13 13 23 15 11 17 11 23 11 19 26 16 13 20 22 19 41 
27 29 33 39 27 15 30 18 15 10 6 33 14 12 21 27 24 24 17 21 32 12 14 19 25 22 20 17 14 22 27 12 29 17 17 29 22 34 36 29 22 12 37 14 11 22 9 30 20 28 14 34 21 5 3 14 25 25 26 23 
24 18 32 37 33 7 31 28 26 16 10 25 16 12 27 29 35 30 27 6 36 17 16 15 12 30 22 18 7 25 25 16 38 28 23 28 23 20 16 19 18 17 31 9 17 27 8 20 24 27 17 28 23 46 8 24 30 19 18 30 
27 23 14 34 28 14 34 15 19 17 23 22 13 10 27 26 21 16 23 16 35 18 15 21 29 24 21 12 10 17 39 12 12 31 26 30 39 20 33 28 23 20 27 20 18 23 17 28 15 14 21 20 21 41 15 26 19 29 24 16 
26 24 30 22 20 13 30 19 23 17 16 29 14 15 17 14 38 33 24 24 34 16 19 19 15 25 22 23 21 12 13 22 23 22 20 20 30 20 16 33 18 14 15 19 12 26 19 23 24 14 15 16 18 33 18 19 20 22 24 32 
26 25 23 29 21 12 10 18 20 20 13 40 18 18 19 30 20 22 33 20 21 18 8 14 17 29 33 15 16 18 37 16 43 17 18 25 44 23 44 25 22 22 10 11 19 27 13 27 19 14 29 30 15 15 13 21 27 27 13 28 
15 28 26 44 31 11 20 7 24 11 12 38 8 12 25 30 21 16 31 19 23 22 22 16 11 21 30 20 19 21 39 15 39 16 20 33 26 13 26 38 32 7 35 8 20 37 19 22 21 16 9 32 14 29 14 17 24 38 12 26 
7 20 18 36 17 17 35 13 17 16 19 26 13 12 23 19 39 32 26 26 20 14 26 12 21 8 28 18 23 17 26 12 34 32 19 25 22 21 25 29 18 20 27 18 20 20 21 14 9 22 21 25 17 37 16 23 28 23 18 41 
18 24 16 27 22 13 22 29 15 20 20 23 16 11 28 32 31 22 23 14 35 25 18 5 16 23 27 22 22 29 25 12 34 14 10 34 27 23 36 33 18 22 31 10 21 18 12 23 22 20 19 24 26 23 10 32 11 30 34 16 
14 24 45 40 24 17 26 27 29 9 16 23 17 21 23 23 25 43 17 26 23 18 24 15 20 27 26 8 29 24 36 13 18 30 24 20 31 30 31 27 21 16 25 14 15 30 20 12 22 20 22 29 20 32 16 25 14 26 18 12 
21 24 27 35 21 9 33 29 14 15 21 32 20 17 14 15 38 20 30 22 32 24 12 18 21 19 31 21 25 20 21 14 22 10 26 26 22 13 25 39 19 16 30 21 12 25 17 17 19 18 25 34 18 29 12 38 21 29 11 36 
34 34 26 33 22 15 21 27 24 15 12 24 12 17 22 14 20 18 28 14 32 18 28 12 19 16 32 24 23 23 21 12 27 34 31 16 28 34 36 14 17 17 14 17 16 16 17 13 12 21 17 13 18 29 14 26 27 28 32 23 
20 20 26 19 20 16 18 16 23 19 16 31 15 11 11 23 18 23 28 19 28 21 18 14 21 28 35 16 28 24 31 13 26 31 31 35 13 23 27 25 31 11 20 18 7 19 20 22 7 19 19 21 18 20 19 20 21 16 19 32 
36 33 29 22 26 12 38 29 25 15 15 27 18 14 28 17 28 14 27 15 49 18 16 16 17 16 34 27 24 29 30 15 25 6 17 18 25 21 20 39 26 15 14 12 23 14 20 15 23 24 23 40 25 26 17 29 22 24 19 49 
30 22 25 33 28 21 22 18 25 13 16 36 23 13 26 21 19 23 29 15 26 9 14 6 22 18 22 20 13 12 26 14 29 30 13 34 40 13 39 28 30 8 28 13 20 38 19 24 14 17 28 19 13 42 17 27 27 16 29 33 
29 26 19 30 23 13 34 26 29 9 22 31 11 13 24 20 53 32 25 26 27 10 16 14 19 15 28 16 18 15 21 13 45 29 21 40 23 32 27 17 26 18 16 13 6 28 16 22 18 26 27 29 15 32 11 37 21 20 23 25 
17 29 26 38 29 12 34 32 23 16 18 40 21 16 16 11 25 19 21 22 39 15 14 16 27 26 24 17 33 25 28 8 30 25 25 29 24 31 32 32 31 18 36 15 17 17 18 12 23 16 27 20 17 18 12 32 28 23 19 23 
23 33 23 29 18 12 30 18 28 20 21 24 18 15 20 20 26 21 24 13 17 11 16 17 17 17 19 26 27 20 15 10 16 23 17 27 30 25 29 35 26 19 34 13 22 23 20 22 11 22 8 24 19 29 11 24 16 28 17 26 
28 29 25 33 33 11 24 16 16 11 12 37 11 21 24 19 23 26 19 18 18 11 19 18 15 29 36 11 27 27 24 20 24 18 17 32 24 32 44 21 15 18 29 13 12 12 15 32 20 17 21 24 19 27 10 29 13 28 23 14 
20 22 24 37 29 14 30 10 22 18 15 28 14 17 17 14 31 22 20 16 23 13 10 18 14 20 28 20 31 24 30 24 45 19 20 33 22 29 29 23 18 15 26 17 8 34 14 23 23 18 33 36 11 16 13 19 35 10 23 25 
17 17 24 24 18 16 28 22 23 11 16 31 17 29 16 28 19 13 25 17 18 21 20 8 15 17 26 20 20 27 28 13 38 30 19 33 36 14 39 45 35 16 19 15 19 25 23 22 17 20 13 35 14 48 12 23 31 22 21 26 
19 25 28 38 13 16 23 30 25 21 18 17 16 11 13 18 28 28 25 16 14 12 14 15 12 14 23 13 18 23 16 23 19 18 13 17 41 16 34 22 27 17 32 24 17 14 16 11 20 19 23 33 14 24 15 42 24 29 21 21 
25 22 30 40 23 18 19 24 14 14 17 29 12 11 36 21 10 28 30 14 29 17 30 16 12 13 30 21 34 17 17 15 21 15 28 22 24 23 40 29 22 17 15 10 12 22 14 23 16 20 22 30 12 37 13 26 18 32 24 23 
27 25 26 25 35 15 18 14 18 13 15 23 7 11 18 22 22 26 31 20 36 12 15 14 22 21 32 19 15 26 16 21 21 27 29 36 32 28 28 27 14 19 32 17 20 19 13 16 21 33 18 31 16 20 16 30 23 17 26 34 
24 28 26 48 18 14 44 32 19 15 16 37 23 13 17 25 24 22 27 18 34 18 14 15 18 20 17 21 29 22 25 18 25 36 18 28 13 24 26 15 22 14 25 16 17 21 16 31 16 23 19 34 10 20 16 35 21 30 22 38 
26 28 32 22 30 13 16 14 26 22 24 15 11 10 10 23 33 27 16 25 25 15 13 12 20 28 35 17 17 22 21 17 22 32 32 40 29 19 34 25 16 22 36 14 15 15 12 31 18 29 19 26 14 21 15 23 13 27 27 36 
28 21 29 27 22 17 26 18 16 23 13 25 25 25 21 21 26 29 13 15 28 14 18 19 12 21 27 18 17 24 33 17 25 30 36 19 27 19 23 23 19 16 28 12 14 17 16 23 20 26 19 15 14 33 11 27 33 19 20 35 
24 20 25 24 21 20 37 30 29 10 14 27 15 19 21 27 30 18 32 12 22 15 20 16 13 20 27 13 35 16 25 13 34 34 22 46 39 21 27 37 28 16 23 11 9 43 14 19 11 23 36 10 14 39 15 21 17 22 27 28 
19 27 30 16 25 17 33 20 14 14 20 26 24 21 24 13 23 16 16 27 41 17 18 20 17 16 28 21 11 30 32 13 25 24 20 26 52 28 44 27 36 11 38 11 16 23 20 12 26 25 19 36 14 17 12 20 14 12 14 24 
23 17 24 26 15 8 29 29 19 11 9 30 11 23 16 21 47 17 24 21 36 6 14 20 18 21 16 17 21 23 27 23 20 31 22 22 17 14 9 15 30 18 25 22 18 24 17 24 28 23 25 29 15 30 17 36 26 18 21 27 
27 26 26 24 22 15 4 17 19 14 20 21 16 13 34 37 24 12 21 20 25 28 17 22 14 14 20 25 18 18 26 4 37 21 23 32 35 18 31 36 28 13 27 8 21 34 13 14 19 40 16 27 23 37 19 23 24 10 32 21 
34 24 20 24 22 12 17 13 31 13 19 26 11 15 15 23 19 22 20 17 30 19 14 8 10 16 20 18 11 27 27 16 23 27 11 18 35 21 32 44 38 15 22 13 18 22 10 23 17 34 19 28 19 38 13 24 17 22 28 18 
25 24 30 41 20 7 21 14 17 25 23 33 27 18 24 20 23 22 34 18 22 17 12 22 17 25 30 9 16 19 25 10 31 13 18 26 28 16 41 32 23 25 27 15 14 29 14 30 9 21 27 37 17 31 14 28 23 21 31 26 
13 27 26 44 24 21 33 12 23 11 15 18 8 20 29 12 26 22 23 19 33 17 18 15 21 10 32 15 27 25 25 20 15 27 16 23 34 27 52 44 35 12 32 12 13 25 24 11 20 19 21 34 23 33 18 29 20 23 21 21 
24 22 25 51 17 12 16 26 25 16 14 20 16 13 9 19 34 7 24 15 38 14 22 18 15 22 21 17 18 16 26 17 14 24 27 37 27 23 34 37 20 7 33 13 18 26 11 21 15 21 21 36 16 46 20 18 20 26 14 34 
33 17 17 22 35 9 28 21 13 8 11 21 18 16 24 24 20 23 32 18 36 18 15 19 6 25 23 19 19 31 34 13 27 20 19 21 30 27 16 33 17 25 13 17 21 32 14 15 16 17 16 35 14 29 19 28 10 29 18 26 
35 22 24 28 32 18 27 29 20 10 17 12 14 19 18 29 26 29 23 20 8 22 20 21 5 26 15 18 38 17 30 16 43 28 28 18 19 21 16 19 27 10 26 9 18 23 21 31 13 18 23 21 21 21 16 36 33 22 20 30 
23 12 15 37 19 10 28 32 18 8 15 25 16 18 16 20 29 31 20 13 33 16 15 15 15 26 14 19 17 20 24 13 17 21 18 26 40 30 22 19 20 20 34 14 15 28 20 21 11 21 29 30 14 16 12 27 25 31 19 35 
16 17 27 14 33 13 29 15 26 16 17 19 15 10 23 26 33 30 22 26 21 13 19 19 22 27 32 12 33 16 37 16 27 22 12 30 41 24 25 20 27 17 35 16 13 31 10 32 21 19 17 38 17 32 14 17 25 17 24 22 
20 20 44 26 23 9 26 9 22 13 17 29 15 7 17 20 38 11 26 13 16 15 20 13 14 30 21 20 33 23 21 16 23 12 21 26 34 22 26 18 29 16 27 9 12 24 20 12 22 39 32 30 16 27 13 37 15 19 19 35 
24 15 23 34 10 22 33 24 28 14 16 31 12 12 11 19 35 25 31 20 17 18 23 10 20 18 20 20 21 24 19 14 38 35 13 32 33 22 30 29 22 10 21 16 19 18 19 18 13 16 28 32 21 21 17 27 26 25 21 28 
25 39 22 28 17 13 37 27 18 16 20 19 9 13 21 14 30 22 20 16 29 16 19 14 19 23 30 23 21 25 20 14 34 22 20 17 24 23 39 24 21 14 27 13 12 29 14 22 10 28 20 23 13 27 16 6 20 18 26 41 
32 25 35 37 26 20 31 16 23 14 19 25 13 6 27 38 18 18 20 18 19 21 26 14 13 26 36 19 24 16 18 15 23 18 19 29 35 19 27 35 22 21 19 19 23 11 15 32 19 29 25 31 11 36 14 17 13 20 13 32 
18 13 19 24 25 11 32 27 25 9 16 21 13 19 24 18 33 2 21 19 26 23 18 19 5 26 25 18 28 22 42 18 20 29 14 21 29 32 29 35 26 11 15 18 15 20 18 20 21 27 27 43 17 25 19 37 24 31 17 26 
37 22 21 40 33 8 18 19 17 15 17 17 18 14 37 27 15 20 20 23 23 27 24 12 23 13 24 16 37 22 20 5 21 26 15 25 45 32 45 33 16 19 41 8 14 30 24 21 26 23 16 32 22 22 20 10 23 20 13 43 
24 25 18 25 27 10 18 19 26 12 19 20 12 18 24 24 22 26 21 22 27 24 24 8 18 15 38 14 28 25 10 13 25 21 12 24 21 35 39 27 13 25 16 14 24 29 21 11 10 22 24 19 14 32 15 25 15 25 30 37 
20 27 41 32 26 18 30 20 17 15 11 35 14 20 21 25 35 30 24 23 36 12 17 8 18 19 11 21 42 25 42 15 28 17 25 10 31 19 34 23 19 20 24 9 15 20 19 17 18 28 25 32 18 16 11 18 25 29 20 20 
22 28 27 28 27 15 39 33 24 18 20 51 16 14 24 36 33 31 21 17 29 12 24 17 8 18 15 19 24 27 19 17 32 28 19 14 36 22 26 24 21 16 28 21 16 17 21 18 23 25 22 31 20 23 12 26 15 23 15 23 
25 30 30 16 19 9 15 30 26 19 21 22 14 14 16 27 29 27 33 21 35 16 9 15 14 22 29 23 28 20 19 19 15 35 25 37 34 29 20 22 27 18 26 20 15 29 23 16 22 20 27 29 17 28 20 18 17 17 31 21 
23 20 49 49 16 4 21 22 21 22 16 27 19 13 25 19 39 35 26 17 12 17 25 15 15 29 30 19 28 20 19 13 31 28 28 28 36 23 26 25 29 17 28 13 14 19 20 19 22 13 21 34 16 36 11 30 32 41 20 18 
35 23 15 39 15 12 31 21 13 18 19 40 14 16 15 18 34 14 34 23 35 23 21 25 14 28 21 21 22 21 36 10 22 31 29 46 41 20 18 31 28 18 22 11 18 21 18 29 14 21 26 35 13 25 13 22 18 31 21 18 
24 29 22 22 21 10 30 23 30 21 16 40 15 11 23 16 21 27 17 22 20 7 18 11 6 24 32 18 22 26 23 14 23 23 11 34 20 30 27 14 25 21 36 16 14 26 12 30 20 24 32 18 16 25 5 29 22 25 7 24 
19 24 26 30 33 13 12 14 20 6 17 28 14 15 15 31 28 32 14 25 38 12 13 12 14 27 23 25 45 33 30 18 24 23 32 39 28 19 25 25 22 18 22 14 17 31 15 16 21 26 22 29 21 28 12 29 17 29 29 17 
16 17 35 23 17 24 21 30 28 20 15 34 12 16 18 21 21 25 27 12 31 14 29 10 7 19 11 20 22 21 25 15 30 22 14 26 36 7 47 28 25 16 34 13 16 16 15 23 28 35 18 37 17 23 10 9 25 29 22 31 
21 16 36 32 23 15 26 20 15 17 21 23 16 19 19 33 32 27 20 16 29 17 27 19 19 26 38 24 23 15 35 15 36 18 22 34 25 19 32 19 21 16 30 10 12 28 14 25 15 26 20 21 15 28 15 24 9 20 22 45 
10 31 30 39 3 15 13 23 20 14 14 25 20 19 26 19 31 32 23 18 27 18 22 20 17 19 25 24 15 21 29 14 29 28 25 24 35 13 23 42 24 17 31 12 17 25 21 14 15 31 22 36 19 17 19 34 39 23 27 29 
17 21 27 52 15 12 29 31 38 11 24 31 9 9 17 17 35 25 10 20 32 8 13 22 9 24 38 12 11 25 35 16 30 18 20 27 48 30 39 36 31 14 23 15 15 26 11 11 13 34 18 33 24 24 17 18 11 30 23 34 
25 22 23 23 5 15 15 14 17 15 23 37 18 13 30 26 39 20 13 21 26 20 22 11 18 9 27 31 28 23 9 12 25 25 16 33 31 22 40 41 25 16 21 16 19 21 17 16 24 33 15 16 14 21 12 33 9 20 19 40 
14 22 34 23 24 18 17 25 34 15 11 35 14 15 21 26 30 24 15 14 27 18 28 11 14 25 17 14 28 17 12 10 30 26 24 13 28 30 45 22 20 17 26 12 18 18 19 22 19 12 13 44 16 36 26 21 29 21 20 28 
27 16 35 15 29 16 25 22 28 20 15 45 27 15 17 25 22 18 29 19 31 20 23 14 17 14 30 19 25 14 31 16 13 23 25 27 32 26 21 34 20 17 38 16 15 20 13 33 23 28 17 28 13 33 11 23 21 25 31 17 
28 25 14 37 26 20 30 13 24 21 14 36 20 22 27 25 22 17 12 21 23 8 17 15 16 24 22 20 34 20 16 6 19 27 32 38 38 29 32 26 25 9 34 14 17 16 14 22 27 23 19 35 16 30 18 18 20 18 20 18 
15 33 11 25 24 19 30 30 32 13 16 22 5 16 29 27 31 25 15 29 22 23 15 10 24 26 29 16 25 15 14 21 19 26 19 15 18 32 30 27 27 15 16 17 18 13 17 27 19 19 33 19 17 34 9 27 8 25 18 40 
22 26 40 26 12 23 34 20 22 7 19 31 19 15 28 23 24 27 28 24 27 17 19 18 14 12 42 22 15 29 25 11 15 19 19 33 23 27 30 37 28 19 30 14 14 36 15 20 17 24 9 44 17 51 17 30 23 34 18 14 
29 21 27 33 24 15 33 22 17 14 24 36 13 17 32 24 16 19 23 14 41 17 9 20 18 20 29 26 19 23 27 12 10 13 22 29 37 28 25 54 32 7 26 12 14 32 12 22 31 21 27 34 16 25 13 17 22 30 25 22 
29 12 21 38 9 19 19 16 28 8 9 39 12 16 9 32 32 23 17 22 17 15 19 20 16 20 32 23 19 23 17 17 36 19 29 39 26 31 28 23 16 16 20 14 16 29 19 12 22 22 20 33 18 36 4 33 29 27 22 61 
27 15 38 51 18 15 21 27 20 15 16 41 12 18 16 25 29 18 15 17 28 25 6 20 18 20 23 27 25 21 13 12 25 33 26 25 33 33 33 22 28 16 31 12 10 12 15 23 19 29 22 25 16 30 16 18 26 35 29 19 
20 20 35 42 15 18 22 17 27 14 18 38 13 15 19 20 30 28 24 21 33 17 17 13 15 16 23 25 17 20 23 13 19 32 26 22 35 29 44 31 23 19 26 16 13 24 16 9 21 22 20 30 9 28 16 38 21 25 25 31 
30 22 29 14 26 18 22 25 15 18 15 27 10 14 21 21 24 18 27 28 13 17 12 10 20 30 22 18 29 16 24 11 13 34 25 41 31 31 37 53 31 17 20 10 16 18 17 16 21 22 24 18 19 53 18 26 25 23 18 21 
25 27 27 25 28 13 25 35 28 15 15 24 14 19 7 27 30 29 20 16 41 9 20 16 20 20 22 24 10 19 21 17 21 32 24 33 39 24 34 35 34 21 35 16 12 27 17 14 19 25 21 30 21 33 18 26 22 16 20 43 
23 21 34 28 14 22 18 23 20 21 18 27 18 20 11 10 31 25 22 18 30 16 14 17 17 24 30 16 26 15 37 16 47 26 22 42 28 45 37 32 16 22 26 9 14 13 15 29 19 18 20 46 14 21 18 21 30 20 12 33 
25 24 34 25 21 23 27 13 22 15 25 30 16 16 22 23 29 30 17 15 43 17 13 8 23 19 33 21 35 29 26 7 21 17 24 22 37 33 27 28 29 18 25 7 17 27 10 20 24 30 26 39 16 28 7 29 28 22 23 24 
34 19 33 24 23 15 10 28 25 19 17 35 16 18 35 20 27 17 30 21 26 13 24 13 14 11 32 18 34 26 22 9 24 17 21 39 18 24 26 31 28 16 30 8 13 23 9 24 24 19 20 22 19 40 13 17 15 26 22 25 
21 20 21 39 22 6 41 21 22 10 19 28 17 21 13 16 31 26 26 15 32 15 17 12 17 20 21 19 23 20 35 19 22 18 20 30 35 21 36 30 41 15 28 11 22 22 16 28 15 15 21 33 14 24 20 24 25 22 24 33 
22 19 26 10 19 19 29 19 33 20 14 35 16 15 24 23 36 23 20 7 22 6 17 16 19 25 18 28 20 27 25 16 29 21 19 25 32 11 38 28 25 17 11 11 12 24 20 19 23 25 31 37 20 36 18 30 34 19 33 25 
24 22 30 41 27 18 22 25 13 16 19 30 7 13 18 25 15 21 22 19 27 16 21 16 21 23 26 25 29 23 37 13 29 37 24 35 33 35 36 35 28 17 36 16 17 26 15 20 22 14 20 31 10 37 14 23 20 21 18 31 
17 25 21 26 35 8 39 30 11 12 11 44 14 16 20 21 22 27 18 19 25 22 24 21 20 26 29 29 27 21 21 11 23 19 27 17 33 30 32 22 27 20 18 16 15 20 15 18 15 19 25 45 17 33 6 27 30 19 22 17 
33 29 38 43 12 15 29 25 29 16 17 28 10 22 20 25 32 28 18 23 31 11 12 6 20 25 15 17 29 25 32 17 15 29 20 22 17 38 37 25 18 19 25 12 13 26 14 25 13 22 19 28 16 42 11 34 18 20 23 18 
14 27 31 31 12 15 40 21 22 4 10 36 21 11 14 18 31 21 24 27 31 18 19 10 19 22 16 17 6 28 32 15 32 20 17 38 40 29 50 33 18 18 18 16 15 23 21 23 23 20 11 24 15 31 14 14 26 34 18 16 
37 30 28 26 30 17 27 20 30 10 19 23 18 24 10 26 25 23 31 22 36 18 12 14 26 14 42 20 24 19 28 17 34 22 12 25 29 34 21 41 28 14 17 25 16 23 17 19 23 31 33 22 7 26 13 22 26 15 22 16 
21 24 22 29 34 15 35 17 22 13 15 26 10 11 19 29 23 23 39 25 44 20 19 11 14 27 28 26 29 18 31 13 27 21 18 36 32 34 28 28 25 15 26 19 23 21 15 18 23 28 24 25 11 34 17 23 28 21 31 32 
20 11 14 48 10 16 24 17 23 19 18 56 18 17 25 15 41 21 26 17 29 14 15 14 10 26 23 15 22 24 20 15 16 7 19 27 20 20 38 33 25 11 17 14 15 9 18 27 14 25 27 27 16 23 15 25 15 20 8 32 
22 24 22 38 29 11 13 29 25 16 13 45 15 9 17 19 39 18 19 18 32 24 21 19 15 16 30 19 28 17 22 18 41 29 25 26 23 19 25 25 25 15 21 13 18 27 15 33 26 18 29 36 14 39 20 17 25 10 26 33 
22 27 31 37 24 16 27 18 19 10 21 24 13 6 18 21 36 22 27 22 43 11 20 15 24 7 22 22 25 19 26 10 17 24 13 28 39 24 45 42 25 15 25 14 19 19 16 32 17 22 27 23 11 31 15 21 29 13 17 33 
22 21 22 36 34 16 33 17 25 8 29 24 16 12 28 29 35 17 25 19 17 23 14 11 16 16 25 13 7 18 25 16 34 15 20 28 43 30 23 25 24 7 30 18 19 41 15 15 12 19 29 32 15 35 16 22 15 22 15 30 
32 30 30 31 31 9 25 24 17 18 12 25 21 12 30 23 18 21 24 20 34 19 13 17 15 24 12 32 25 22 23 16 32 24 19 22 19 35 45 21 18 19 2 14 16 18 13 18 19 18 36 40 19 27 11 28 25 16 24 37 
20 22 31 25 28 18 20 25 31 12 8 11 20 16 23 27 16 17 14 25 30 14 12 8 20 24 24 12 24 13 13 19 23 23 22 24 22 30 27 22 27 20 26 13 20 23 23 17 18 30 15 30 15 15 21 43 22 35 25 42 
27 24 31 26 29 13 33 21 15 15 12 28 11 20 26 9 21 39 14 21 18 18 17 20 14 16 26 13 33 20 26 16 32 22 25 30 41 21 33 22 19 14 35 15 20 16 15 35 19 16 16 42 16 34 15 24 21 33 19 25 
18 16 15 26 26 10 15 32 25 12 20 21 16 14 16 21 29 20 16 29 37 18 25 10 15 5 28 12 20 17 29 17 43 28 13 28 22 20 27 21 23 16 33 14 18 36 13 16 24 32 21 39 12 34 20 15 23 20 17 30 
29 29 22 31 24 17 29 26 26 20 17 31 17 17 19 22 39 34 33 26 18 4 26 21 11 29 34 25 34 21 20 17 26 30 14 36 54 33 25 20 21 17 21 13 19 35 16 19 15 15 21 24 17 44 18 22 27 16 34 30 
26 30 35 36 32 14 26 21 27 20 8 21 22 18 16 32 28 27 13 14 34 9 20 12 5 19 16 13 28 19 23 21 24 20 17 22 18 16 32 29 33 14 28 16 18 28 11 24 16 13 24 25 15 11 17 15 15 24 23 32 
26 12 25 22 13 12 30 27 18 12 15 28 13 13 18 19 26 23 31 19 24 12 15 12 25 21 25 17 31 15 24 15 21 21 14 17 20 34 36 27 27 12 14 15 17 24 13 18 8 25 16 25 23 33 21 25 27 23 20 27 
24 23 33 43 22 19 23 26 17 11 13 17 16 13 21 17 38 20 29 21 25 11 21 9 22 27 22 24 31 14 20 14 29 43 18 24 16 26 30 30 30 16 8 18 13 26 12 9 16 18 28 33 17 23 12 12 22 22 11 15 
26 21 22 19 23 14 27 17 11 13 19 47 18 14 16 26 18 26 16 13 41 12 14 12 16 15 28 25 21 27 38 17 32 16 14 19 23 21 38 43 25 14 26 11 10 23 19 20 17 23 35 18 15 36 12 15 19 9 26 19 
24 25 36 32 27 22 31 15 25 13 18 33 13 12 12 23 28 24 19 18 26 16 16 18 21 17 30 22 24 24 31 14 22 32 11 24 24 21 30 31 28 21 31 26 15 33 19 20 22 29 26 24 16 28 9 29 24 33 20 19 
26 33 35 25 26 24 24 19 20 20 23 24 23 12 22 30 8 20 26 26 22 22 15 10 12 21 22 22 13 20 19 16 39 28 17 26 28 33 32 21 28 19 26 12 23 29 13 26 12 38 16 35 20 30 20 33 19 32 22 29 
38 21 17 38 30 12 33 30 29 12 18 26 13 14 13 19 35 23 33 17 24 20 15 18 22 19 32 22 20 21 11 12 33 20 21 13 20 19 33 39 28 15 14 11 11 17 16 24 18 33 26 21 15 5 15 27 27 20 23 27 
27 24 14 40 37 15 27 21 25 11 19 18 16 18 25 24 30 20 24 10 24 18 11 10 14 15 36 26 40 31 35 22 28 25 15 27 30 27 35 31 26 23 42 15 12 25 14 22 16 26 16 22 14 29 21 27 31 21 14 22 
29 24 24 28 14 14 32 17 20 14 16 31 20 11 26 23 26 21 15 24 21 14 23 16 21 25 15 25 26 13 6 9 28 33 18 32 29 25 43 26 28 18 33 17 14 26 15 12 21 23 27 27 22 26 12 24 19 29 32 27 
26 17 21 39 15 13 25 23 22 9 17 34 15 19 9 35 29 16 30 16 32 23 26 19 7 20 18 17 47 18 19 11 29 22 29 35 27 19 43 24 25 13 26 11 16 18 16 24 23 15 26 27 17 45 20 29 23 29 20 22 
37 27 34 21 27 14 20 19 34 19 19 32 17 23 30 30 27 15 27 16 12 17 22 11 15 12 18 15 24 20 27 16 39 27 20 29 39 27 8 22 13 17 26 14 20 29 11 18 13 21 35 18 9 22 19 19 27 18 18 26 
35 24 30 31 18 15 33 22 23 10 11 33 18 14 29 20 33 25 24 22 12 16 11 16 10 24 32 18 10 16 28 10 25 22 26 20 6 28 37 26 16 11 21 13 12 16 15 31 32 19 24 32 15 29 13 22 21 22 21 32 
31 11 29 30 12 15 17 19 12 18 13 19 20 12 17 19 30 27 25 23 16 16 19 18 8 18 23 19 19 29 26 18 35 25 22 27 14 19 43 40 26 20 23 11 22 19 12 24 21 27 22 29 19 14 11 38 26 13 26 29 
18 24 25 28 30 20 31 22 23 14 21 29 20 13 18 25 28 24 26 25 31 17 16 24 8 17 29 16 19 16 29 15 31 12 14 15 14 28 33 35 19 14 23 12 20 40 18 25 9 19 28 44 12 25 18 19 24 28 17 25 
30 23 29 13 17 18 35 18 24 10 16 34 18 17 22 19 29 34 22 23 28 19 11 16 10 24 25 12 18 10 33 19 16 23 18 26 22 11 25 32 34 18 24 25 19 26 9 31 9 13 24 23 18 26 14 41 25 21 17 27 
32 20 26 42 26 15 29 11 19 12 14 32 14 9 21 30 20 19 21 25 21 13 16 16 16 15 36 21 22 26 24 10 30 19 18 39 30 10 25 35 22 17 33 15 15 25 10 25 17 12 20 25 18 25 13 30 22 36 23 32 
18 25 33 34 21 11 14 15 10 20 18 24 9 8 19 23 13 16 27 20 31 15 15 12 12 23 24 19 25 24 29 14 11 31 20 28 27 33 28 34 17 18 22 13 17 23 14 19 20 22 25 16 18 24 16 23 16 23 19 28 
20 28 24 21 19 14 23 9 36 11 16 30 19 9 26 29 25 34 10 23 33 18 30 11 19 23 24 15 27 16 26 17 27 39 26 40 28 24 44 15 12 16 35 13 14 30 11 28 27 30 25 24 27 10 14 13 32 18 15 30 
19 24 23 38 30 13 21 30 29 8 17 33 17 4 7 31 29 25 22 23 42 5 21 18 9 19 40 19 23 12 45 9 28 21 12 20 31 22 18 27 27 16 15 17 10 16 17 23 19 25 19 13 15 34 7 30 30 19 14 27 
17 22 24 29 36 22 16 21 26 16 17 33 11 16 13 34 34 20 22 28 31 22 18 18 13 15 32 23 27 11 36 19 43 10 26 27 25 25 31 37 24 21 19 16 22 29 20 27 28 26 33 32 17 38 15 24 29 22 13 21 
17 22 30 7 12 10 13 24 33 16 6 42 12 19 20 16 38 29 24 25 28 17 13 17 29 28 32 19 21 23 15 14 31 9 19 24 27 22 11 16 20 8 31 13 16 26 26 16 10 24 20 32 20 30 13 28 29 26 31 23 
23 19 28 38 25 12 25 28 23 11 19 44 16 11 19 25 28 16 23 17 4 11 16 15 18 18 28 21 20 22 30 10 23 32 22 16 31 20 31 26 21 20 25 20 12 18 15 11 16 20 21 20 23 34 11 11 33 23 29 34 
34 24 29 29 38 22 34 24 28 18 14 28 15 16 16 36 24 25 26 10 29 22 11 15 16 9 29 16 34 22 30 16 27 17 30 21 16 20 48 20 23 11 28 13 22 21 13 29 9 26 19 17 17 21 12 33 27 13 14 23 
34 23 25 20 31 21 26 22 20 8 15 27 7 14 19 23 28 18 12 22 37 5 12 8 18 17 28 23 33 21 29 15 21 22 14 28 36 24 37 31 30 15 23 11 15 27 14 12 24 29 33 31 14 37 15 24 23 22 28 20 
26 27 28 42 26 12 27 17 24 16 14 46 22 13 16 26 21 17 30 11 22 15 23 15 22 12 31 15 22 15 15 16 14 33 18 15 51 19 42 21 26 14 19 19 19 9 19 12 17 7 15 48 12 11 11 16 15 19 28 37 
15 22 34 31 16 15 29 14 22 14 16 46 11 21 21 20 31 20 16 15 16 18 24 18 14 14 29 23 16 16 36 14 33 18 19 25 16 37 36 30 27 12 23 16 16 24 6 29 23 18 19 24 17 22 19 16 21 27 25 31 
24 6 29 43 33 10 28 26 27 13 20 21 16 22 12 22 37 23 20 18 39 4 18 18 29 22 30 23 21 26 20 7 38 13 13 20 38 27 31 24 32 17 19 16 15 18 16 17 17 28 19 39 16 36 20 26 17 22 11 26 
32 27 40 8 20 18 31 25 25 10 13 29 16 18 1 23 24 18 29 22 16 14 8 17 27 16 16 14 26 21 32 16 33 12 25 24 42 9 45 24 21 19 32 8 18 18 17 22 22 29 30 14 21 27 16 14 19 30 18 55 
32 18 35 28 32 17 17 15 20 18 13 32 11 16 12 17 24 26 33 16 39 2 18 22 10 18 33 17 24 15 29 14 37 29 25 22 50 18 46 20 24 13 21 20 19 15 25 17 19 19 17 41 15 20 17 23 23 16 13 37 
20 22 18 41 17 12 29 23 26 9 19 31 18 11 27 38 46 25 21 16 47 15 16 20 28 17 24 25 30 21 23 10 27 27 22 29 30 22 36 22 20 22 21 15 7 19 10 20 14 24 19 25 17 18 21 15 19 20 32 31 
29 27 48 38 42 16 27 24 23 12 16 39 9 18 12 19 30 28 23 8 27 19 26 13 22 22 43 16 20 24 35 13 31 27 20 20 38 31 28 47 31 7 27 14 16 9 14 21 22 21 20 10 17 36 21 37 26 24 24 31 
23 18 26 29 25 13 37 17 19 15 11 30 12 13 16 26 14 21 13 25 36 20 14 10 15 16 34 14 17 16 16 19 31 25 19 35 33 29 32 41 18 14 27 19 21 26 17 29 24 19 19 14 18 18 15 11 13 24 20 30 
23 26 10 32 37 15 35 19 23 12 19 29 18 14 21 30 36 15 27 20 28 11 14 17 21 18 30 24 12 25 15 15 45 24 16 37 30 21 33 28 20 18 27 21 18 27 17 17 23 18 18 23 15 22 14 37 27 28 29 23 
24 12 26 34 10 11 35 11 16 13 13 14 17 20 20 24 21 16 22 9 42 16 16 16 14 23 28 14 24 19 32 16 37 16 17 32 33 22 31 18 22 9 22 19 18 27 22 16 10 38 26 16 13 1 16 17 25 23 20 18 
20 23 20 30 23 14 23 36 23 13 13 32 13 21 19 21 14 24 22 22 40 21 29 16 12 22 23 16 38 33 19 23 26 25 23 24 25 37 48 31 25 15 22 22 19 25 10 18 13 12 20 35 20 34 9 36 9 21 21 35 
19 17 18 26 31 12 15 24 21 18 16 22 16 14 29 22 20 36 25 15 7 12 18 7 15 20 33 16 20 16 35 15 36 31 11 27 8 27 19 30 24 17 28 12 7 17 13 15 19 15 21 24 23 31 11 38 10 29 38 23 
19 16 17 19 23 16 34 16 26 15 15 41 8 17 19 23 18 24 26 17 20 22 19 10 16 17 28 13 29 26 22 19 20 20 13 17 36 28 26 29 10 20 22 16 15 18 19 30 11 11 23 28 19 43 9 13 32 11 14 28 
21 22 38 35 30 16 13 23 19 25 13 36 17 17 24 30 25 15 24 15 44 8 13 18 14 35 32 12 9 25 21 24 27 32 14 31 40 24 35 49 8 15 26 19 16 22 14 23 10 22 19 30 17 39 11 27 23 32 14 29 
19 11 14 45 25 17 25 31 16 17 18 37 12 13 22 27 39 28 14 21 19 11 9 20 26 29 28 17 26 24 19 10 11 25 25 24 31 28 40 39 19 16 29 18 20 19 12 25 16 24 18 32 18 30 12 34 21 21 7 34 
35 31 19 19 22 10 31 23 35 12 20 28 7 15 19 39 22 37 27 23 27 15 14 19 23 16 17 15 27 21 22 18 29 16 21 27 31 35 28 39 23 11 16 13 14 30 18 22 17 17 25 27 16 18 14 22 16 20 25 39 
12 30 18 26 20 16 41 20 13 8 16 12 17 13 17 11 23 21 20 18 30 26 28 13 26 20 25 13 32 13 34 20 35 14 10 36 46 10 47 41 29 8 39 11 23 34 21 26 24 28 29 41 15 25 10 24 24 23 25 25 
22 23 22 27 27 8 38 25 28 11 24 17 13 13 18 25 33 20 13 22 33 12 25 12 14 8 16 11 19 11 29 22 29 29 22 26 8 22 50 39 27 15 26 12 15 18 13 12 23 24 19 12 23 39 9 25 23 16 27 31 
33 26 20 28 26 13 25 25 29 13 21 29 17 16 20 20 23 25 23 21 14 19 23 15 13 24 26 10 37 15 25 16 26 28 31 37 29 27 38 19 22 16 26 11 14 20 14 22 19 33 17 31 20 26 9 27 16 15 11 41 
31 25 28 42 22 13 25 23 33 16 8 34 19 18 24 23 21 14 19 16 40 16 20 19 14 21 34 26 29 11 32 16 18 28 21 37 28 25 29 29 24 22 32 16 21 20 13 18 13 25 16 26 18 35 10 24 22 10 8 14 
18 15 38 30 22 18 23 22 18 13 17 34 16 11 15 21 32 31 21 21 47 13 9 14 22 13 28 22 31 23 14 20 5 21 24 25 28 20 38 28 20 16 25 23 17 34 17 18 18 26 18 36 16 33 19 10 16 29 15 43 
29 8 25 27 26 12 36 25 36 12 12 23 17 11 16 19 31 21 20 13 27 14 27 18 19 15 32 24 20 22 22 13 15 23 23 25 22 19 27 26 9 22 29 13 18 16 13 30 20 24 26 29 14 39 17 22 17 15 27 28 
28 25 14 21 31 19 26 26 26 17 19 15 16 14 26 12 32 31 23 21 44 18 27 16 16 16 17 21 24 21 28 12 26 26 29 10 42 19 24 38 22 21 17 10 20 28 15 19 18 21 15 38 21 34 18 11 18 19 5 38 
17 29 27 43 31 14 36 20 27 16 15 25 15 14 25 34 34 32 27 19 23 17 18 13 19 13 26 24 17 19 45 23 24 29 23 35 33 42 40 36 16 13 14 16 11 18 8 15 21 24 25 18 20 30 19 29 22 25 24 24 
21 23 30 40 38 12 28 21 26 12 28 26 15 14 23 25 19 28 28 10 24 18 21 12 21 31 26 14 27 21 14 17 19 17 16 20 24 32 28 29 40 20 29 10 19 18 22 29 20 19 13 28 19 28 6 19 25 27 16 33 
31 27 36 45 11 10 33 23 23 20 25 26 15 17 20 9 29 23 12 17 36 7 20 20 16 14 25 28 29 21 27 12 19 9 22 26 29 27 20 21 17 18 31 18 13 33 14 16 23 19 26 14 14 21 20 25 17 21 14 31 
26 36 26 38 21 18 38 24 23 11 18 21 19 24 24 25 33 25 25 13 33 12 17 20 14 30 21 23 15 21 42 16 31 16 17 25 38 39 31 18 25 18 30 17 16 28 19 23 25 18 29 23 15 23 21 26 17 22 25 16 
9 18 15 38 9 18 13 24 17 21 17 21 14 18 21 30 33 23 23 19 28 14 24 16 18 24 23 13 20 23 30 18 25 20 14 31 27 24 48 26 27 16 27 13 19 30 11 19 19 21 18 20 17 34 16 40 17 26 21 39 
16 29 15 19 12 17 34 27 17 14 18 26 11 19 30 24 33 22 19 19 18 28 19 16 25 13 28 9 27 19 21 14 38 30 12 24 31 19 25 25 29 15 37 22 20 15 14 15 25 28 19 25 12 13 16 15 20 28 7 26 
33 17 34 28 24 14 22 28 23 10 11 22 21 14 26 17 35 24 27 24 23 22 17 17 20 5 31 22 22 20 24 15 22 11 23 26 26 25 32 44 21 16 20 13 17 14 18 16 16 24 35 36 13 37 16 21 18 17 23 17 
23 18 30 38 24 10 28 29 27 11 12 23 14 18 25 28 31 12 15 20 15 22 14 8 19 20 30 17 19 18 18 11 30 25 6 34 34 18 33 18 29 19 31 11 14 22 8 18 21 25 25 32 13 41 15 19 21 20 26 26 
32 26 34 39 32 18 30 19 26 16 19 29 14 20 21 19 27 17 15 23 26 22 23 11 7 18 20 26 28 18 22 21 24 14 17 41 41 15 27 25 13 21 26 11 19 27 16 19 16 29 18 35 28 39 19 35 23 30 24 20 
46 27 23 27 33 6 34 15 22 14 13 14 12 22 25 22 34 17 23 25 36 21 12 13 15 16 28 21 40 28 28 19 36 32 28 20 42 24 45 19 21 18 15 19 10 23 14 26 17 31 20 25 13 46 6 33 24 23 16 27 
32 20 35 24 34 15 25 10 21 18 13 19 18 20 23 27 39 23 19 21 24 15 5 19 17 28 21 24 24 8 22 22 29 29 18 28 25 38 40 29 24 21 25 18 16 27 11 17 20 23 17 22 12 34 16 28 24 21 31 25 
26 24 23 26 30 12 21 26 14 16 12 36 13 20 19 21 33 24 31 9 29 12 13 16 26 23 28 18 17 22 31 17 31 33 23 25 51 23 14 13 19 13 34 17 11 31 20 15 28 29 19 29 28 17 17 22 19 32 13 42 
26 19 27 11 28 9 9 16 18 17 17 48 18 21 14 22 28 26 32 14 41 16 19 19 14 17 21 11 31 23 30 15 30 30 20 26 5 21 30 33 28 13 37 17 16 15 17 19 17 31 16 23 10 35 8 20 13 13 21 27 
24 11 19 17 40 12 24 19 23 16 19 16 19 12 24 18 26 18 19 11 32 18 17 20 15 15 25 17 18 29 16 6 31 27 20 31 33 23 26 17 13 11 11 8 12 27 7 16 13 7 17 26 19 27 16 26 19 20 2 37 
28 21 31 34 29 19 35 23 22 8 21 22 22 15 22 30 31 24 21 14 40 18 25 16 18 38 31 20 19 24 32 9 21 27 32 25 34 9 22 36 23 6 21 16 19 22 19 24 29 34 13 29 8 28 17 12 24 23 11 29 
33 17 24 43 27 21 34 23 21 14 19 27 17 16 20 18 21 28 31 13 25 10 21 23 23 20 26 12 18 13 30 15 31 21 19 25 36 25 29 30 28 21 29 20 20 24 12 20 15 19 16 8 13 27 12 18 25 21 23 28 
26 28 19 32 31 15 34 26 15 12 16 28 13 15 12 29 21 32 28 19 23 18 15 15 26 29 17 19 22 20 26 16 26 13 22 13 44 25 44 32 22 18 12 18 18 30 13 25 18 22 14 35 16 25 15 24 41 24 30 27 
15 35 39 23 22 17 20 30 16 10 17 24 20 19 22 19 36 38 19 19 26 21 18 18 21 23 24 13 27 13 23 17 44 18 23 17 48 20 19 37 21 17 13 15 15 42 17 12 27 20 24 38 17 45 11 34 13 33 12 29 
35 33 25 18 21 19 13 30 21 18 22 37 24 14 21 26 42 26 34 25 31 21 2 11 21 19 28 23 25 32 32 19 15 23 14 36 28 29 28 32 20 17 21 11 15 29 8 19 17 32 20 10 23 28 18 34 25 34 25 26 
23 25 32 34 36 10 18 22 24 26 18 35 9 3 21 26 31 22 32 25 35 13 24 14 25 21 13 23 10 7 40 14 23 22 17 30 26 31 34 50 23 18 44 18 20 23 12 25 18 19 16 44 16 29 15 28 22 28 9 17 
30 15 23 22 22 18 28 19 21 11 22 27 15 15 21 17 19 16 36 13 39 11 20 15 14 28 22 20 22 19 18 11 22 32 27 33 33 32 28 34 25 21 19 12 13 36 18 28 14 18 19 18 21 32 6 18 28 23 27 28 
19 30 33 40 26 14 19 24 22 14 20 36 13 13 13 30 20 28 22 10 22 20 26 18 14 9 19 26 16 31 37 13 23 33 11 38 9 23 20 16 23 14 22 22 15 30 24 29 17 25 19 34 17 30 19 29 32 35 11 37 
31 21 37 34 38 14 29 23 37 10 14 30 14 17 27 20 19 18 16 21 25 21 18 14 17 20 28 19 25 26 25 17 36 24 22 19 44 29 18 16 33 26 16 10 19 25 13 15 11 30 32 28 15 36 19 23 26 18 22 43 
19 17 22 45 34 15 29 20 27 13 13 34 16 14 21 17 35 14 18 14 31 7 19 13 11 24 20 19 9 31 28 15 19 27 28 26 31 6 38 43 21 25 20 13 22 19 16 21 25 29 26 29 11 25 16 18 30 23 16 30 
18 20 39 37 24 15 24 17 23 20 15 26 18 15 23 30 18 21 15 23 28 19 23 15 16 30 32 20 26 14 37 19 23 24 18 24 28 33 33 32 28 12 28 15 14 31 20 32 22 11 20 14 9 35 11 30 14 27 25 31 
19 21 32 43 26 11 26 28 41 18 14 28 14 17 18 26 24 14 27 23 22 19 13 17 15 28 19 19 11 18 25 13 23 40 26 16 22 34 35 39 21 19 25 13 20 43 13 24 15 23 30 42 17 38 19 23 27 22 23 18 
19 28 21 35 22 13 33 20 25 18 20 29 13 14 19 15 20 18 17 18 41 20 21 14 15 13 22 16 20 15 31 21 16 22 27 31 46 26 19 26 21 14 29 17 17 19 14 12 10 38 26 28 22 24 17 32 10 21 6 22 
30 32 29 26 30 10 31 22 15 10 18 33 15 17 28 15 5 33 16 25 29 20 14 16 19 28 32 10 18 25 33 19 22 19 25 28 31 40 21 27 23 9 24 17 19 21 8 31 14 31 14 32 12 43 12 15 31 16 21 32 
36 13 17 30 20 14 22 22 25 18 15 26 4 14 20 29 30 36 20 21 41 19 26 17 16 32 26 19 28 16 31 10 35 25 22 28 38 20 35 22 19 20 12 15 20 24 12 16 13 23 17 24 18 45 20 9 25 18 18 13 
30 13 26 25 40 17 37 23 37 17 13 35 19 21 22 19 33 28 21 14 28 12 13 11 16 31 28 25 26 26 25 19 23 15 14 30 14 34 30 28 19 21 18 11 21 19 17 18 28 26 21 31 21 43 14 32 17 20 17 42 
22 25 31 23 40 16 27 26 15 17 17 31 16 18 21 20 32 30 17 29 23 17 23 10 14 22 33 23 22 19 33 9 35 14 23 35 19 15 29 20 20 25 20 17 19 20 18 22 13 18 22 31 12 28 23 21 23 24 19 26 
26 5 17 21 20 15 31 20 12 16 16 30 14 17 25 29 30 23 32 6 25 9 21 7 29 13 27 17 29 19 16 14 34 20 21 32 30 25 21 25 9 16 34 22 24 30 19 22 22 33 13 34 19 17 17 14 30 20 25 46 
22 28 33 43 16 19 29 19 25 16 21 25 18 18 16 15 13 19 26 23 39 13 14 16 15 15 20 15 23 20 23 14 46 33 22 27 41 26 36 32 23 12 22 17 16 14 18 21 23 24 31 21 19 29 16 27 22 29 23 31 
17 25 26 34 14 13 22 26 26 13 15 26 15 8 29 26 37 17 24 20 33 19 14 14 18 23 16 20 20 22 27 18 22 10 10 15 19 28 22 34 22 18 16 7 14 16 16 17 19 24 22 21 8 48 16 12 14 24 15 33 
18 15 29 26 25 8 28 15 11 14 16 25 12 10 17 20 19 26 30 19 17 10 14 18 26 22 36 22 22 14 35 14 38 25 19 47 28 7 17 30 19 16 34 9 16 23 13 15 7 24 16 21 15 45 19 25 19 28 26 23 
37 21 8 23 26 13 43 18 25 17 21 22 22 22 13 28 18 29 23 19 39 19 22 17 28 31 20 24 13 19 27 11 39 24 17 40 29 27 32 31 19 13 25 11 17 22 17 17 19 21 23 30 16 43 14 33 19 21 24 35 
21 29 37 30 31 21 30 23 31 13 15 34 9 19 25 21 29 24 13 14 29 11 15 10 27 32 23 19 24 10 29 12 27 21 24 33 39 35 35 21 31 18 21 18 17 25 16 16 16 20 13 32 15 28 21 20 21 11 26 35 
27 30 21 39 22 16 31 23 28 16 13 54 19 8 16 22 11 5 22 15 15 10 24 17 15 21 30 11 12 23 19 11 29 37 23 24 25 42 36 30 39 10 18 18 20 12 17 10 17 24 19 32 14 34 19 32 20 24 13 17 
18 30 18 18 16 13 26 13 32 16 9 24 20 15 22 16 24 14 22 27 36 19 25 16 23 21 39 13 34 17 25 15 23 28 20 38 22 29 37 21 23 19 14 14 21 30 18 29 15 15 21 21 20 17 15 23 17 30 20 22 
29 16 26 23 40 21 26 26 26 19 18 36 13 19 11 24 24 26 26 19 24 14 23 14 18 26 32 9 22 27 20 15 42 17 29 24 34 19 2 41 17 15 34 16 8 24 12 23 20 25 12 30 19 32 13 26 15 27 18 8 
22 8 30 58 31 22 38 27 19 22 16 30 25 25 16 2 24 35 22 26 26 18 22 16 18 17 33 19 20 8 35 19 23 21 19 24 14 22 53 23 29 20 28 19 21 33 19 22 12 29 23 31 12 25 12 14 14 15 20 29 
30 27 36 36 35 16 13 31 19 15 24 27 14 12 23 17 24 24 22 19 31 10 24 20 19 23 29 26 32 26 22 14 37 30 18 34 43 29 26 25 9 22 34 14 16 15 17 24 19 17 36 32 10 28 23 24 29 23 22 28 
23 10 33 35 22 24 35 21 17 18 2 34 15 23 14 20 37 24 20 15 38 12 26 15 18 21 14 20 30 27 19 16 20 29 25 15 28 21 21 23 9 20 33 19 12 27 19 15 18 29 22 30 12 29 12 28 20 36 17 26 
32 33 30 24 34 11 28 15 22 15 20 27 19 13 13 28 35 21 25 26 23 14 22 16 10 23 26 18 27 21 25 9 38 16 27 27 33 23 32 26 37 19 19 24 10 37 14 22 21 27 16 26 13 20 17 29 22 21 27 18 
43 18 26 46 23 15 32 23 16 10 13 29 19 14 15 31 28 16 25 15 26 10 24 20 22 19 32 19 27 24 36 17 22 22 31 5 34 24 23 22 25 13 38 11 13 12 10 29 21 26 19 39 17 34 18 22 11 18 15 46 
22 26 22 34 15 8 25 27 26 9 12 25 19 14 24 33 31 28 15 12 24 20 15 11 31 17 25 15 29 23 17 14 37 23 21 38 27 26 53 29 31 16 24 16 18 23 19 8 25 19 15 28 18 13 5 22 17 23 24 42 
21 29 30 38 24 18 33 33 17 19 10 31 17 13 29 24 31 12 11 11 14 8 17 17 8 20 23 21 38 23 35 17 38 28 22 38 23 21 11 32 29 18 20 21 16 9 18 11 20 27 22 29 19 35 14 21 10 28 19 40 
39 13 21 41 30 18 23 26 21 22 18 33 17 12 20 24 25 25 29 21 39 21 17 16 19 15 25 17 23 28 30 9 18 32 16 26 37 28 22 32 24 14 33 20 13 20 13 29 15 28 12 15 15 35 15 31 25 21 21 20 
22 28 23 24 21 9 25 29 17 18 21 22 18 21 35 24 25 25 21 15 28 21 17 22 7 28 12 23 24 18 24 15 21 18 16 23 18 46 28 23 18 16 25 12 12 26 16 5 19 36 19 33 11 7 14 24 23 15 24 25 
24 21 19 29 34 17 27 34 21 22 13 34 7 16 16 27 25 25 19 25 28 14 18 16 14 21 19 21 28 31 33 15 33 33 22 27 30 33 46 22 25 11 16 7 17 29 10 24 17 25 20 32 19 41 16 27 28 31 28 26 
13 31 42 58 24 9 35 13 18 15 20 35 17 17 13 13 40 22 11 25 29 15 22 7 19 13 17 14 19 23 30 16 26 27 31 28 34 24 24 29 30 18 25 10 5 44 11 19 19 19 21 16 16 24 17 6 25 25 27 31 
27 21 37 26 28 15 22 22 33 12 13 43 16 16 21 26 21 35 13 26 23 15 18 13 14 20 28 18 29 37 24 18 26 20 16 32 29 10 29 41 27 21 32 15 23 25 12 14 21 23 17 35 16 23 21 29 32 22 22 39 
31 28 34 33 24 18 29 11 17 22 14 17 21 12 27 28 20 25 16 12 22 28 19 22 21 19 21 19 21 18 25 20 24 30 27 22 37 21 29 33 23 19 22 18 12 22 16 10 21 21 28 25 17 34 11 30 30 16 14 13 
24 31 21 26 23 19 34 13 23 5 18 28 23 16 13 19 32 6 24 27 28 9 14 9 12 15 17 27 24 18 27 18 22 34 13 28 24 31 37 28 32 8 29 12 16 17 17 10 22 26 17 30 15 38 13 15 19 13 13 44 
26 24 35 25 29 14 39 32 14 10 20 33 17 16 26 17 28 28 21 28 29 10 19 13 25 19 29 14 24 27 26 16 33 26 16 41 33 19 24 35 26 18 21 18 10 25 26 22 21 21 33 38 21 36 12 22 30 23 24 37 
6 31 36 37 20 18 32 25 21 19 19 21 18 16 23 23 27 27 17 15 26 18 18 14 21 15 29 27 24 20 38 15 27 32 23 35 17 27 27 23 23 7 5 13 13 8 14 16 11 24 20 23 17 22 16 17 10 31 8 17 
29 23 20 36 25 18 26 35 26 21 9 25 18 19 20 32 31 24 22 21 8 2 14 19 11 6 20 22 22 18 33 16 18 12 26 42 40 19 23 21 20 12 29 12 10 42 18 15 18 17 17 35 17 26 6 30 16 22 22 19 
25 27 25 36 18 15 33 25 21 10 21 28 21 11 20 15 36 26 25 23 25 22 17 24 10 19 21 20 21 17 26 13 31 23 28 39 43 30 42 6 19 12 25 13 16 16 8 19 28 21 20 31 16 43 14 16 21 30 28 30 
26 24 21 39 22 12 33 25 25 14 13 12 15 14 17 19 38 17 25 28 26 21 24 18 13 11 31 13 25 21 32 18 22 24 25 31 28 13 12 25 18 18 11 19 19 35 14 17 18 31 20 20 16 29 19 36 13 14 29 37 
24 19 24 28 24 16 29 28 16 12 15 24 18 14 22 21 21 19 18 13 25 14 17 25 16 24 40 29 34 12 21 12 32 19 32 38 31 22 33 25 20 15 24 17 21 16 10 21 18 23 16 32 16 29 25 29 17 24 23 32 
20 23 20 52 33 18 33 14 5 10 15 27 16 15 15 27 25 17 15 13 32 21 23 16 15 14 29 26 35 14 34 19 19 26 7 17 24 29 25 20 27 17 18 14 16 29 16 33 22 12 26 26 18 18 18 16 14 30 29 32 
15 32 28 19 22 11 35 25 25 14 10 39 16 19 23 24 24 19 35 25 37 17 13 10 16 24 34 14 29 8 29 21 24 26 29 34 32 17 24 17 28 20 28 22 16 33 20 24 18 26 29 22 14 13 19 20 14 33 27 33 
30 26 29 28 24 15 21 25 21 21 10 38 12 12 23 32 13 26 29 23 35 28 18 7 7 34 26 14 22 21 21 8 17 22 11 23 22 37 34 27 21 15 20 17 20 16 6 13 18 21 26 26 17 39 18 25 15 29 17 21 
17 30 37 46 20 14 33 28 18 10 16 27 14 17 28 20 20 19 29 20 30 14 19 16 20 14 16 14 21 18 30 9 32 29 24 21 17 24 39 28 36 14 25 13 16 20 11 25 19 7 15 32 19 47 20 18 21 14 10 43 
24 23 25 29 29 8 33 12 24 17 17 28 16 11 29 21 31 11 18 27 29 20 10 14 22 38 27 27 40 16 35 20 25 42 21 14 39 33 25 28 21 10 23 14 14 26 19 21 18 27 18 48 11 35 4 28 25 26 12 35 
26 25 43 34 21 19 33 27 18 12 15 22 11 15 25 27 30 33 27 14 20 16 18 18 23 25 29 20 26 21 30 9 29 23 15 33 34 24 19 26 25 16 28 20 17 29 18 15 16 24 18 31 17 26 8 31 15 28 26 32 
30 37 21 32 30 18 26 24 31 17 21 29 17 16 20 12 31 28 20 24 17 19 15 17 16 11 25 16 29 23 24 17 33 33 12 30 38 17 23 18 10 22 14 20 19 28 16 30 15 35 3 27 13 17 12 19 15 28 21 32 
35 23 37 13 19 16 21 26 24 15 20 41 16 24 24 27 20 23 18 13 38 10 8 20 16 20 17 28 29 15 42 9 16 31 19 22 30 15 36 24 16 11 28 17 17 16 20 20 11 28 25 25 19 21 14 27 20 22 27 29 
18 25 14 32 29 15 25 17 21 18 19 26 9 18 20 31 26 24 15 20 39 15 24 13 13 16 27 10 18 38 32 13 35 26 21 15 22 23 24 30 16 17 31 15 19 28 7 16 16 27 18 18 20 19 12 20 20 30 19 30 
27 19 16 33 28 15 22 23 18 21 15 33 11 15 17 29 28 24 20 15 27 20 30 17 17 29 25 8 23 15 20 15 23 34 17 33 28 29 41 21 33 17 10 10 15 27 15 18 27 21 25 26 16 23 13 19 28 17 13 33 
15 21 41 35 38 13 35 21 26 20 10 20 13 11 28 25 37 9 30 25 37 19 19 14 9 30 22 15 33 17 30 12 16 22 30 35 43 20 7 19 30 16 14 13 18 21 19 17 15 19 25 24 19 25 17 36 27 28 15 24 
29 17 31 52 16 12 20 18 27 22 25 18 14 17 19 27 15 28 23 10 9 21 17 15 21 23 30 20 28 19 19 16 28 18 23 31 38 35 46 40 27 17 32 11 15 35 15 30 16 38 17 18 9 26 16 24 29 29 20 43 
13 23 24 22 24 13 27 20 31 18 16 28 9 21 10 30 21 18 21 21 39 14 9 10 11 14 8 21 30 27 29 13 44 21 25 39 27 25 41 35 25 24 17 20 15 29 28 15 16 18 21 34 8 35 15 23 18 27 24 22 
19 17 32 29 29 13 19 23 22 19 17 24 11 10 14 21 23 16 23 20 26 18 11 17 14 23 24 16 24 27 14 18 34 11 18 14 21 17 14 41 13 11 14 13 23 36 5 21 18 7 29 34 16 31 12 20 22 37 21 19 
16 20 36 24 21 13 32 26 27 15 8 29 12 10 18 24 35 37 29 25 16 22 13 18 17 24 30 29 35 28 23 17 26 21 22 21 30 25 33 34 20 6 29 14 19 19 12 32 12 21 19 17 9 25 18 11 28 24 23 22 
32 16 38 38 30 18 25 16 23 13 14 47 13 21 19 22 43 21 24 16 18 22 22 17 18 27 25 19 27 23 21 11 29 27 20 17 25 28 39 23 15 19 28 20 14 22 9 22 22 24 16 20 12 24 19 26 23 28 20 20 
24 21 32 37 27 19 29 21 22 17 24 32 20 17 18 28 25 11 21 18 46 12 19 15 11 11 14 16 25 31 40 13 23 22 26 29 33 29 37 40 15 17 31 13 10 19 17 31 17 27 24 36 16 46 14 31 22 25 19 20 
34 22 31 28 12 13 24 21 20 10 12 40 20 12 22 30 37 26 18 12 36 15 19 16 14 20 22 23 26 26 29 15 25 25 22 20 19 43 24 32 30 21 11 13 12 37 16 18 24 18 17 41 17 38 16 34 28 30 32 2 
11 25 9 36 20 17 24 20 23 11 13 28 15 14 10 31 27 22 29 14 32 17 7 17 22 20 27 20 23 32 35 14 37 22 22 27 11 22 39 25 23 18 22 20 17 24 17 20 18 25 18 17 19 37 14 40 24 25 26 35 
17 27 37 43 26 11 36 27 20 16 12 25 21 19 18 22 39 22 19 24 25 17 26 16 26 13 23 14 16 24 28 14 18 24 30 22 33 28 24 23 19 23 23 17 17 28 17 27 20 16 19 18 18 33 17 25 24 25 20 23 
36 23 31 37 27 24 30 7 17 13 7 41 9 5 26 19 34 37 31 18 29 21 15 18 21 15 21 27 20 17 29 17 35 34 15 10 28 34 42 38 31 13 24 10 8 31 19 26 8 28 12 22 21 23 13 16 24 22 23 18 
20 33 32 42 22 13 25 21 27 23 10 7 19 25 16 18 25 24 14 19 21 16 13 10 19 12 23 15 25 18 29 15 20 30 20 36 50 19 32 32 40 10 29 21 11 33 9 28 3 17 19 13 18 37 11 25 21 18 27 32 
21 17 26 26 27 20 28 20 31 20 20 31 15 19 26 17 38 19 27 17 19 28 23 10 10 24 24 20 18 14 26 10 16 25 31 19 28 11 28 26 34 11 34 24 14 28 14 14 17 18 30 37 17 34 19 16 25 26 16 26 
28 26 29 34 24 14 30 16 18 15 14 29 10 15 11 13 17 19 21 26 34 13 12 20 12 36 35 25 31 12 29 14 34 17 16 27 41 15 34 14 15 14 42 14 16 22 16 21 21 23 18 44 18 26 20 23 26 23 29 26 
21 28 30 27 33 21 29 35 30 17 17 37 17 16 23 24 32 21 17 21 17 24 12 22 19 23 30 10 34 17 10 15 23 19 17 11 33 29 19 31 30 27 18 15 19 20 18 23 16 22 17 8 12 23 14 32 22 10 26 25 
27 24 27 29 23 18 34 14 21 7 13 30 18 13 4 26 35 29 42 16 16 14 20 19 15 22 35 16 29 28 22 14 32 32 25 34 36 24 29 30 14 12 34 14 11 19 16 20 25 27 25 30 8 19 10 25 24 26 32 21 
29 30 30 38 30 17 28 19 16 31 22 42 13 19 25 29 24 18 15 22 31 17 25 11 19 23 34 20 27 12 22 11 31 10 28 27 39 20 38 34 25 15 26 17 13 23 15 17 19 23 19 18 4 44 21 19 22 26 27 23 
23 23 16 31 22 18 19 26 23 21 10 31 19 14 27 27 36 16 40 20 34 16 18 10 22 31 24 25 26 31 11 10 18 28 10 40 43 23 26 42 22 14 26 13 15 36 19 21 22 25 18 29 11 32 9 20 19 24 17 31 
28 20 30 34 37 20 17 25 24 15 17 18 15 18 31 27 23 27 31 16 31 18 21 17 18 8 26 19 35 24 18 15 31 34 16 27 42 30 32 38 20 16 31 10 13 24 8 17 19 26 25 17 16 19 15 20 23 19 8 26 
20 20 29 30 21 14 27 36 20 15 20 28 18 15 16 19 34 27 20 26 32 17 22 17 16 26 38 16 27 12 22 17 32 21 15 39 19 18 50 38 16 13 32 22 12 26 14 25 12 29 32 31 16 22 16 31 24 22 22 18 
24 22 19 32 26 13 16 22 16 14 20 26 1 22 16 18 27 26 24 26 44 8 23 14 27 11 19 12 21 32 38 13 29 29 29 11 28 20 27 23 25 13 29 21 19 28 17 25 16 22 19 37 20 26 22 19 25 25 19 28 
17 29 27 19 35 13 40 26 19 13 15 16 17 19 20 18 13 20 26 14 19 10 18 17 23 20 26 18 16 21 23 8 23 27 24 35 28 14 29 10 26 12 28 8 12 34 18 22 18 15 12 29 18 29 14 28 22 36 13 30 
24 21 27 37 32 14 11 27 29 23 17 16 18 13 29 15 20 18 23 27 30 16 13 16 13 13 25 10 19 21 20 13 34 35 31 12 36 44 22 33 24 17 17 11 14 26 14 21 8 12 28 23 22 43 18 21 19 22 20 18 
30 26 20 34 23 13 33 26 26 18 19 36 17 18 18 17 36 26 30 23 47 17 19 11 11 26 28 21 17 18 27 14 36 36 22 19 39 36 28 30 22 12 20 11 19 22 15 18 18 17 10 26 13 30 8 32 25 25 21 36 
27 31 35 51 16 10 18 22 29 14 19 24 16 20 20 31 30 29 17 22 36 21 15 15 14 17 26 12 31 28 33 14 11 21 15 44 31 26 27 21 24 17 21 16 16 24 21 13 15 19 31 37 17 37 13 18 19 17 19 32 
21 16 31 38 35 15 23 24 22 14 17 23 12 17 22 23 31 35 28 19 27 22 13 24 25 13 38 24 15 15 14 13 30 32 28 31 26 19 14 23 25 10 24 18 18 17 12 32 23 32 37 17 18 37 19 19 18 21 16 17 
19 21 45 37 17 12 23 30 21 12 17 24 9 13 21 22 33 20 26 21 33 24 16 17 11 28 24 16 27 11 20 11 34 30 32 38 36 29 31 39 22 13 19 17 13 18 14 17 24 23 18 32 15 37 15 27 20 20 21 19 
32 25 18 18 15 18 21 26 30 16 17 32 18 15 17 27 30 27 18 20 27 18 21 15 22 20 27 14 18 16 26 12 37 19 24 19 36 26 29 30 17 12 32 18 25 19 11 21 14 19 18 28 20 35 8 27 18 27 28 34 
32 34 5 32 26 15 25 11 23 9 18 20 20 17 17 36 24 25 28 24 29 19 21 13 19 18 13 26 15 15 28 19 25 20 15 24 26 26 30 44 21 13 18 8 15 32 18 18 20 22 30 35 4 30 17 33 31 27 20 36 
36 16 26 46 8 15 23 21 22 10 16 18 13 21 18 27 22 26 8 24 29 22 15 19 13 18 20 24 29 12 28 18 29 29 28 31 19 37 46 25 34 18 30 15 15 16 17 15 14 20 14 28 18 15 13 30 19 33 17 25 
19 28 21 45 22 17 31 26 31 13 10 26 13 20 27 22 32 31 32 11 38 12 14 18 8 19 30 18 32 27 11 12 17 25 16 34 30 18 31 24 26 18 20 22 19 30 13 31 22 27 28 25 16 34 15 22 14 18 28 33 
29 31 37 27 23 13 27 13 25 20 16 37 16 13 23 16 36 35 23 22 33 13 14 15 17 34 28 18 27 21 23 15 18 28 24 26 26 36 31 35 28 13 30 17 18 12 18 18 28 23 26 35 22 40 10 22 23 7 16 32 
30 20 32 35 26 12 30 16 25 19 12 27 21 12 15 25 17 29 27 14 25 20 18 17 23 18 25 29 28 12 38 11 39 36 26 8 32 23 42 25 24 15 19 14 21 21 13 30 22 13 19 33 18 29 6 21 10 23 25 19 
30 32 31 35 16 20 15 18 23 22 14 43 18 19 19 30 40 38 16 19 34 22 19 16 14 18 14 19 24 22 20 15 27 17 13 24 38 16 30 36 23 15 36 21 18 30 17 10 26 26 28 25 14 27 12 28 26 18 25 29 
27 29 41 37 22 10 30 24 23 19 19 39 11 16 19 16 34 12 26 19 37 16 18 5 15 19 26 15 20 31 28 14 26 22 25 21 14 21 15 30 16 16 26 9 15 24 15 15 17 12 16 36 17 13 18 19 20 24 18 48 
22 22 22 33 29 11 34 22 26 22 17 24 16 17 27 21 28 17 19 23 36 17 22 17 16 24 28 28 14 28 30 17 42 19 34 18 22 26 34 28 30 16 25 3 22 22 15 17 23 25 30 37 15 9 18 20 20 25 16 14 
31 16 39 10 16 15 17 29 29 16 20 22 15 20 24 26 30 25 29 21 21 25 18 10 13 11 27 15 21 23 42 9 29 40 28 25 39 26 21 35 24 18 31 14 14 33 18 7 19 17 20 39 14 31 10 17 15 12 18 28 
29 13 30 22 30 16 25 32 17 11 12 20 22 16 14 31 36 22 26 16 23 10 11 12 16 17 21 20 28 21 33 16 25 28 20 20 32 20 36 17 22 21 29 18 16 33 16 14 11 15 17 26 16 34 18 24 24 17 32 17 
30 38 29 20 27 15 25 22 31 16 18 14 11 18 23 21 31 24 30 21 10 20 20 11 8 19 26 17 15 14 29 13 16 28 12 30 32 28 55 29 22 17 30 20 13 30 13 23 15 16 24 26 19 37 15 26 19 18 17 22 
36 33 23 27 28 14 21 20 22 21 17 13 14 12 20 20 39 23 11 21 38 10 20 15 10 21 23 23 34 14 28 16 28 14 5 12 14 24 32 29 24 19 30 14 17 25 9 17 22 16 26 27 19 35 18 27 27 31 24 24 
22 28 34 48 29 17 21 24 29 14 13 50 18 20 17 16 30 24 24 21 25 7 34 17 14 15 38 25 29 20 26 12 26 21 20 32 26 16 40 30 15 13 26 12 19 32 10 14 14 32 25 19 19 37 4 15 22 16 28 14 
27 27 22 42 21 14 20 18 24 17 20 26 15 22 15 29 25 16 18 20 27 10 21 13 15 14 23 14 31 18 21 19 37 24 12 20 33 42 41 21 4 14 36 12 20 22 22 14 21 25 15 23 14 16 18 9 25 13 22 45 
31 25 12 21 30 14 34 19 18 17 19 39 18 14 9 17 18 21 14 27 18 11 17 15 20 21 22 9 20 20 27 9 26 25 18 17 30 26 11 21 25 28 24 11 14 34 14 19 14 19 20 36 11 31 19 38 28 21 23 20 
35 27 32 26 26 19 26 23 14 10 16 17 21 18 26 14 32 23 17 31 26 22 23 14 17 16 27 24 18 19 17 12 26 23 24 6 22 26 25 37 26 17 6 10 16 22 14 9 17 19 34 21 14 26 20 25 22 21 20 23 
25 23 27 38 32 15 35 12 18 17 13 32 14 17 21 9 34 21 20 21 37 17 10 14 14 14 26 23 25 25 16 13 27 32 22 28 32 27 49 22 19 14 21 12 9 26 17 28 11 28 26 40 21 36 11 18 20 17 14 23 
26 24 16 51 29 18 30 28 15 20 14 12 16 14 27 24 31 24 25 25 20 15 21 19 7 20 19 16 30 21 22 13 24 19 33 32 26 30 23 36 29 24 24 15 19 30 14 25 13 31 15 26 11 39 16 34 19 18 24 31 
24 15 35 32 34 17 34 22 15 20 17 30 13 19 22 21 30 27 25 25 36 11 20 20 14 16 33 15 31 12 24 13 37 30 31 29 20 13 11 29 13 14 22 16 23 17 17 10 22 22 16 18 19 38 11 25 22 26 25 28 
15 18 22 32 34 15 31 18 24 12 20 37 15 15 17 13 29 31 27 20 27 19 22 14 26 15 24 16 25 22 34 18 35 22 24 28 19 33 14 26 20 14 35 14 18 16 16 28 17 19 20 31 17 25 15 13 20 20 16 22 
27 20 15 42 22 12 28 20 29 18 10 18 14 19 29 17 29 17 32 27 34 20 14 19 20 27 28 19 34 10 24 14 19 24 28 27 27 22 29 13 26 15 38 16 10 15 17 29 15 32 14 48 13 45 19 28 26 18 19 32 
24 29 17 30 24 17 22 28 24 11 12 19 13 14 23 16 26 25 25 12 41 12 24 14 14 29 28 10 19 19 24 17 40 21 16 23 34 24 28 25 17 18 35 17 18 20 17 18 22 34 28 26 22 19 12 31 26 21 20 21 
24 15 46 16 27 11 37 23 24 13 23 28 10 11 25 34 25 20 23 17 28 14 19 18 15 11 23 17 26 24 29 12 27 32 30 23 28 22 26 38 27 16 22 12 14 25 12 25 19 14 20 37 15 18 13 24 18 16 24 20 
35 15 30 22 24 22 38 21 24 20 14 29 18 15 18 21 33 23 29 27 24 20 19 15 19 16 38 10 11 13 16 22 10 19 12 18 39 26 38 28 22 19 21 12 16 32 17 23 17 39 22 18 19 44 20 22 24 22 22 16 
28 19 29 40 19 20 13 21 22 22 10 39 16 19 20 26 20 17 24 22 33 14 13 15 12 28 24 16 27 14 17 18 27 30 25 23 48 28 24 32 31 7 14 10 17 28 24 25 19 17 18 30 21 13 20 27 27 16 9 32 
25 26 24 19 37 10 19 29 9 13 12 33 17 2 27 21 26 20 29 24 29 12 14 18 21 8 24 17 28 23 13 22 19 38 18 35 48 32 24 27 21 6 17 13 18 30 19 10 12 24 17 28 12 25 24 22 26 28 19 22 
14 32 15 8 27 17 40 24 13 14 16 30 23 22 22 26 37 20 22 16 39 24 28 17 15 20 31 20 20 13 26 21 44 29 28 17 32 21 13 25 28 22 30 8 22 8 8 14 23 24 22 30 18 30 17 26 35 22 12 25 
27 16 34 37 25 16 19 20 28 16 16 31 15 16 19 25 30 16 25 13 38 13 21 15 11 12 15 31 27 19 27 15 25 27 40 27 33 30 10 40 15 17 21 8 24 10 14 25 17 15 24 9 12 37 13 18 22 16 15 21 
16 15 40 33 29 20 23 31 28 20 25 55 6 16 19 33 27 20 22 22 44 12 20 19 21 24 23 18 11 16 29 12 30 27 11 35 36 28 31 35 22 6 34 15 20 20 19 24 19 20 21 25 22 31 15 38 10 28 40 50 
32 12 20 42 18 17 37 27 27 14 15 15 20 19 19 26 26 31 10 23 16 20 8 13 13 14 28 21 15 12 33 15 30 24 19 24 14 32 39 33 24 18 20 13 14 20 13 31 15 26 26 18 14 23 14 9 16 19 27 32 
42 28 26 29 25 13 31 21 15 17 18 18 15 19 24 19 18 37 14 25 30 10 17 12 25 24 13 10 18 13 33 12 48 25 29 37 31 14 24 17 37 19 26 14 7 33 16 20 15 25 28 47 5 34 15 29 24 20 19 32 
34 14 42 49 25 14 24 27 14 14 17 27 23 12 26 28 23 23 25 19 21 14 16 16 27 27 29 21 43 16 36 19 22 19 21 26 22 19 35 43 22 17 30 12 12 27 19 13 15 31 11 24 11 26 16 24 20 26 27 24 
31 30 10 30 30 18 29 26 26 14 10 23 8 10 27 21 25 23 27 16 24 16 20 18 23 14 28 24 21 13 25 15 31 24 20 22 29 19 31 16 15 22 25 8 15 25 16 11 22 30 23 21 17 28 15 25 30 31 29 26 
18 30 41 31 18 18 22 15 24 18 10 30 16 19 9 18 34 15 24 20 22 14 15 11 19 7 19 23 23 17 28 18 24 21 34 40 29 36 29 31 13 8 28 11 15 22 16 20 15 13 23 23 16 18 12 24 11 27 22 26 
29 29 29 27 28 14 26 19 20 18 14 44 12 12 21 28 24 18 22 20 48 14 18 20 9 23 13 22 28 16 18 19 14 16 17 40 15 24 20 31 32 16 35 13 12 17 16 2 23 29 22 41 9 32 6 17 15 21 25 16 
20 18 26 33 21 12 28 21 29 8 18 40 8 7 11 23 22 29 24 21 33 11 12 16 15 24 22 22 30 22 26 21 31 31 17 32 42 28 33 28 36 17 22 11 17 20 18 24 22 30 20 35 15 31 14 20 28 26 20 20 
18 26 37 46 34 23 45 22 25 13 20 20 18 14 27 23 13 16 31 19 33 22 14 15 26 31 26 20 24 26 32 16 11 20 18 21 39 21 23 11 27 14 23 15 24 28 11 7 19 12 23 43 12 41 10 28 32 29 24 35 
26 27 41 27 18 13 18 20 26 25 18 25 16 13 33 32 37 29 23 22 38 10 23 11 26 26 28 20 19 17 24 11 26 24 26 12 30 29 26 31 26 11 12 11 14 24 14 19 15 26 10 30 5 42 15 25 26 24 18 27 
22 20 9 39 30 13 33 18 20 16 19 3 10 17 19 39 19 29 23 24 22 8 18 20 23 27 22 9 10 22 25 15 43 29 18 33 35 23 20 36 11 14 22 25 15 19 12 23 20 29 22 20 15 37 12 31 10 27 15 40 
24 22 35 27 25 17 13 30 18 16 20 34 12 20 26 21 27 20 29 25 31 22 16 9 5 23 36 21 25 22 20 15 37 17 19 14 47 19 31 38 25 6 26 12 19 24 14 20 20 22 31 18 16 14 22 23 19 15 17 21 
26 23 28 39 22 9 37 17 19 23 17 45 5 17 24 33 15 20 27 19 31 20 20 18 16 20 21 18 34 23 27 14 26 23 27 33 30 18 25 44 24 12 29 17 19 27 16 32 19 18 29 25 9 39 19 24 22 18 16 9 
31 30 19 28 18 14 34 15 18 15 17 38 12 17 16 26 20 20 28 24 38 22 17 13 9 12 32 7 28 12 21 12 34 22 22 25 24 24 16 18 32 19 19 10 15 18 16 16 23 25 21 34 19 37 11 15 25 30 9 18 
22 23 10 30 32 19 15 21 33 20 9 36 16 21 18 25 28 22 24 18 32 18 16 20 23 24 30 19 27 21 25 18 26 21 7 21 21 25 41 25 26 15 27 14 12 23 16 17 21 20 11 37 18 29 18 19 19 30 27 28 
26 26 25 35 27 21 42 25 24 16 21 32 19 14 17 12 42 21 20 14 8 16 22 19 22 13 25 22 6 11 33 17 25 22 10 30 21 12 33 29 26 13 29 12 15 27 17 28 11 24 16 28 21 19 15 29 19 17 31 16 
16 20 26 36 22 24 32 18 29 11 16 24 13 13 23 18 24 24 21 10 27 15 23 20 15 20 29 24 16 34 28 15 25 20 20 27 30 22 42 29 17 14 29 8 22 24 11 21 9 29 12 24 15 25 18 13 17 26 18 35 
18 27 41 41 15 11 27 39 17 10 18 25 5 15 30 23 33 30 26 17 41 19 18 16 20 27 37 18 26 30 28 10 32 19 16 26 23 36 29 16 22 16 29 16 21 26 13 27 18 34 16 25 12 25 11 21 26 23 17 26 
19 12 42 21 13 16 16 32 25 9 9 12 15 16 24 20 28 19 31 20 21 14 22 19 8 27 34 16 19 26 33 14 26 32 12 27 25 27 35 26 22 11 25 12 17 31 18 21 18 25 30 45 11 31 15 37 24 28 18 26 
15 32 13 16 12 15 30 22 21 8 12 28 12 21 21 30 21 16 29 27 24 15 24 22 16 25 31 23 24 8 27 15 11 21 18 7 25 17 31 27 22 13 26 17 12 21 11 12 16 28 24 25 18 19 12 20 17 29 21 21 
13 25 41 22 22 18 13 19 38 11 13 31 6 15 21 32 23 19 28 24 23 19 17 12 18 16 31 20 23 22 33 11 18 18 28 26 41 31 29 37 23 19 19 7 15 24 12 26 21 29 18 34 12 37 10 15 22 30 11 23 
14 23 23 32 16 10 34 27 37 17 22 20 18 16 38 17 22 26 30 23 29 24 18 13 16 20 21 23 30 25 32 10 19 19 15 36 31 8 29 28 25 23 42 18 13 23 10 20 26 24 21 24 12 35 11 21 22 24 22 24 
24 29 37 31 28 20 21 11 6 16 17 22 9 11 17 19 25 26 17 18 30 16 9 13 22 14 16 23 28 12 28 10 24 26 16 30 22 19 24 26 22 9 19 12 23 32 19 9 28 31 16 16 17 48 18 28 16 22 19 36 
21 14 16 35 18 14 19 23 28 13 9 23 17 20 17 21 30 28 17 25 35 21 22 11 18 22 28 13 18 16 19 19 32 14 18 35 49 31 33 42 31 18 38 19 14 31 20 27 15 17 20 13 12 30 17 27 28 24 16 28 
21 29 42 13 12 10 20 26 26 11 15 38 15 13 9 19 31 37 23 13 35 20 18 14 22 13 22 7 26 21 28 17 11 29 12 34 21 24 40 38 25 9 16 13 16 21 20 7 17 20 15 34 20 29 15 20 20 22 32 26 
34 25 26 27 19 12 37 30 15 15 15 31 12 18 27 8 25 20 23 19 29 22 15 15 25 15 17 22 34 28 26 9 21 17 12 44 31 30 35 38 19 15 37 18 12 28 11 13 19 25 16 26 13 37 16 31 21 20 17 29 
25 40 9 25 22 22 37 22 22 11 15 31 15 21 17 34 21 27 23 20 34 15 13 17 21 28 32 15 21 27 31 10 20 35 13 24 22 26 25 36 23 15 37 14 14 34 16 16 17 25 26 28 18 34 15 26 23 27 14 36 
22 21 31 48 21 15 44 23 22 9 18 19 12 15 21 12 32 24 21 16 28 19 16 11 21 21 20 17 28 28 29 18 35 25 13 43 37 29 42 22 21 15 5 17 16 27 8 26 11 18 8 33 14 47 19 19 38 18 21 16 
40 13 26 18 28 16 31 14 29 19 13 31 17 10 28 20 30 39 26 16 27 12 21 15 16 15 34 20 13 17 12 19 26 29 7 21 23 24 29 35 35 16 20 18 23 21 15 18 19 23 18 34 15 39 12 20 28 19 22 30 
32 20 35 34 31 15 38 21 26 14 18 30 14 19 20 24 41 20 15 15 40 27 18 19 18 11 19 25 19 22 36 13 19 37 19 28 18 24 36 31 19 20 17 22 12 18 17 17 20 14 20 37 14 35 13 22 32 20 24 34 
30 24 43 31 19 13 6 26 24 15 9 34 16 22 24 22 30 25 28 13 37 21 17 15 21 9 30 18 22 31 20 16 25 20 31 21 28 30 29 34 18 16 26 23 19 25 10 20 23 24 32 26 10 54 21 17 18 17 20 20 
25 19 33 47 26 16 32 27 18 22 15 10 16 18 21 19 26 15 19 20 23 22 23 20 17 23 35 23 22 23 30 20 25 20 24 29 37 28 11 26 20 18 23 12 10 23 17 25 18 23 17 23 12 27 16 18 22 19 16 26 
17 18 21 25 20 20 38 23 23 18 23 32 13 11 35 23 27 22 8 12 24 17 14 16 23 25 24 20 21 21 34 13 31 22 15 29 50 25 25 33 31 14 13 18 16 25 23 23 17 13 19 35 16 28 20 24 23 16 18 34 
19 16 36 28 28 16 28 23 17 12 16 25 15 16 23 15 16 26 30 20 41 17 14 14 14 28 25 26 17 24 15 17 24 22 26 20 37 30 29 13 29 13 22 21 10 19 9 20 8 31 23 20 11 20 13 25 21 22 13 36 
32 18 41 39 27 16 21 15 26 18 20 26 14 13 14 23 27 25 18 25 19 19 15 15 16 17 33 14 21 7 19 15 31 22 29 38 30 21 27 40 27 19 33 14 14 25 14 28 22 24 29 15 19 32 18 25 22 28 17 24 
31 17 20 30 28 16 37 19 17 15 9 36 12 19 23 25 31 21 9 21 33 14 20 9 15 24 31 15 25 17 26 9 33 14 15 24 35 23 21 26 28 9 26 12 23 14 12 20 11 29 22 5 12 34 21 12 13 25 25 33 
25 29 28 26 24 16 31 25 23 7 13 19 15 6 27 10 29 28 18 16 36 18 22 17 4 37 32 14 18 19 39 24 31 9 28 28 17 25 32 31 25 13 18 13 19 20 15 23 15 30 33 7 14 27 7 28 16 23 22 36 
25 15 27 30 25 15 31 23 9 6 20 34 11 14 21 22 40 21 15 20 25 17 26 13 12 10 20 11 6 14 27 20 25 27 35 21 25 19 33 30 16 14 24 17 16 32 12 33 28 29 17 22 22 27 14 24 22 24 22 38 
20 28 35 33 26 22 28 19 35 18 18 23 18 23 15 25 42 29 30 18 34 18 15 17 16 19 29 16 20 20 35 12 32 23 11 35 39 24 38 48 32 20 27 16 13 24 11 24 17 26 26 17 18 36 16 16 19 18 11 30 
14 26 24 16 12 13 40 25 19 20 12 38 8 17 15 26 32 31 19 13 37 26 16 19 12 30 37 21 25 15 32 14 16 27 25 41 16 15 29 36 30 13 18 11 21 43 16 22 17 29 21 25 18 24 19 12 13 26 10 28 
13 22 33 26 35 21 31 23 23 14 15 28 17 16 18 23 11 27 14 28 26 12 23 20 14 29 27 17 23 14 32 16 36 24 19 23 13 31 31 17 15 20 25 17 9 22 17 29 21 23 28 32 17 43 15 23 24 19 23 36 
20 35 21 29 20 13 39 17 22 9 17 37 22 19 36 13 28 30 17 18 29 11 10 11 8 20 34 24 29 22 36 16 31 24 23 28 15 29 17 30 22 14 27 18 15 17 14 12 15 18 36 27 17 31 9 35 21 30 27 18 
32 20 37 30 24 15 31 23 29 14 11 35 18 26 10 11 36 27 26 22 23 28 19 15 24 24 33 21 31 24 27 16 42 23 23 39 39 34 32 27 16 21 18 12 11 27 9 22 19 21 24 34 17 20 18 29 19 27 19 26 
37 27 35 38 33 16 34 22 19 14 23 36 12 20 15 15 21 29 20 16 32 17 11 14 16 27 29 17 13 16 21 19 14 32 20 38 43 21 30 25 26 16 19 11 17 20 15 23 28 19 17 27 12 31 11 26 23 11 24 28 
21 23 20 33 20 10 13 35 24 21 11 34 16 14 16 26 35 24 14 19 33 19 19 8 17 23 21 24 26 30 10 7 39 16 25 20 42 21 38 26 24 22 25 20 18 27 16 32 22 16 27 23 19 31 12 18 20 21 29 30 
24 29 19 41 31 16 26 22 29 13 20 35 9 15 12 26 32 23 27 14 37 11 26 18 15 10 33 14 19 17 25 13 16 25 14 38 21 13 23 37 29 15 24 9 23 24 17 21 4 32 24 21 8 20 21 30 22 22 23 18 
30 27 29 33 27 11 42 20 23 17 14 28 12 22 12 21 23 26 24 25 36 16 15 16 15 28 14 12 16 20 23 8 34 33 18 30 32 24 28 18 22 14 21 14 14 19 13 20 21 24 23 26 20 34 14 28 24 32 17 27 
35 20 26 18 31 8 14 32 26 14 18 20 21 20 11 22 32 30 11 21 34 16 15 12 13 21 30 28 8 15 39 12 26 20 15 29 43 16 29 24 25 23 24 22 17 18 20 24 14 21 21 25 12 25 18 20 26 25 22 27 
17 22 32 35 26 12 18 13 28 18 12 50 11 20 25 20 34 20 15 18 14 20 14 20 16 22 22 24 25 21 23 8 17 19 30 20 23 35 32 39 26 10 22 10 16 23 22 23 14 23 17 29 16 24 17 17 22 26 12 20 
29 13 21 21 27 16 24 31 17 21 20 39 8 21 24 17 26 17 24 12 30 18 17 20 16 17 36 23 31 18 26 18 30 25 13 36 30 27 18 17 28 18 29 18 6 28 12 33 12 31 17 15 20 23 19 17 19 24 16 36 
29 16 25 28 26 11 26 20 21 10 16 32 13 24 27 21 31 18 25 14 13 11 13 20 24 32 25 26 13 14 28 18 28 12 16 21 18 18 21 24 32 17 20 13 21 22 18 12 19 31 26 26 16 44 13 23 12 34 37 30 
24 26 17 34 21 13 47 18 30 17 13 27 11 17 12 23 13 21 23 3 18 29 23 13 5 25 33 17 27 19 7 15 16 28 18 24 42 24 27 24 23 22 20 18 20 29 15 19 9 30 17 35 19 43 9 26 21 20 21 36 
18 24 34 24 19 12 15 29 33 15 14 26 20 13 23 21 15 20 28 20 19 21 9 12 15 22 35 7 18 16 31 14 23 32 22 27 24 29 33 23 33 21 26 13 15 29 11 31 19 31 12 27 21 22 5 33 27 17 31 17 
30 18 20 35 38 15 21 32 27 21 17 44 20 12 12 20 26 21 18 18 15 11 22 16 14 24 24 21 25 10 36 16 25 27 21 44 38 21 37 29 36 9 21 22 18 27 17 19 12 29 22 25 17 35 19 14 22 25 20 28 
13 21 15 28 22 17 16 14 31 12 17 26 18 16 14 17 31 17 21 23 39 23 20 12 13 34 17 15 36 22 31 11 26 21 27 34 23 18 28 26 21 21 28 18 17 19 12 21 12 18 18 33 21 25 15 30 16 15 19 38 
28 14 30 39 15 14 32 29 22 12 21 27 17 23 21 17 26 26 19 26 34 14 16 16 8 12 22 16 25 24 33 12 35 23 25 26 34 17 30 38 30 18 23 12 25 31 16 24 23 23 25 40 23 35 20 19 13 22 16 38 
28 26 38 27 25 16 26 21 25 14 18 19 15 15 16 14 31 26 34 23 30 31 15 13 12 18 21 16 12 14 16 11 33 23 19 38 17 3 24 20 24 15 25 14 19 37 23 20 13 25 18 33 21 35 15 24 30 25 30 35 
30 21 36 24 18 11 31 17 24 16 12 33 19 19 31 21 20 29 23 20 39 11 23 16 20 27 36 20 25 23 25 11 25 13 21 33 31 34 50 28 21 8 29 6 16 13 14 21 17 23 19 33 19 38 15 29 14 28 15 16 
24 13 17 29 38 22 13 23 13 20 20 31 24 9 24 16 23 24 18 25 22 21 24 8 19 17 33 18 17 24 23 13 29 19 27 30 20 39 28 27 14 19 15 16 17 8 15 15 24 18 18 41 21 31 17 33 23 16 20 26 
29 27 31 34 32 12 24 31 22 15 12 25 23 16 16 21 39 23 28 13 15 16 16 13 31 20 24 14 25 16 27 10 36 29 28 25 23 14 52 44 22 12 13 14 12 21 22 22 17 18 23 25 24 30 21 19 28 10 31 27 
29 23 25 57 17 18 30 26 31 11 9 30 21 13 20 26 27 29 16 18 32 23 13 21 12 16 30 25 18 21 18 16 27 25 16 27 35 10 31 43 19 15 22 19 15 32 18 27 4 30 18 23 26 24 17 30 27 17 10 31 
16 17 31 42 30 27 23 18 19 12 19 31 18 17 21 24 26 29 17 24 22 23 15 18 9 21 34 17 28 13 24 13 29 31 32 34 10 20 34 37 31 17 30 15 9 24 17 23 17 37 20 36 14 40 13 22 32 23 10 44 
31 26 38 34 21 15 38 38 20 15 19 33 15 14 14 13 28 22 25 13 34 13 19 14 12 17 18 21 33 15 36 15 28 21 25 27 18 30 20 16 20 17 27 16 16 24 14 22 23 31 28 25 16 26 15 26 24 24 25 24 
15 26 19 43 29 25 16 26 19 17 14 24 11 9 14 27 17 24 24 16 28 20 23 17 16 35 37 22 28 27 6 18 39 39 30 25 32 8 25 42 29 16 24 21 18 22 13 28 17 19 22 20 22 33 13 23 21 18 16 34 
22 18 29 42 20 14 37 28 22 17 17 27 16 23 16 26 37 18 23 12 41 25 18 12 17 19 33 15 22 15 32 16 21 34 18 35 42 20 47 27 16 20 21 16 14 34 14 22 20 25 12 25 19 44 15 35 25 18 16 36 
42 20 10 24 33 12 19 20 28 13 19 25 13 17 29 27 17 23 25 19 32 15 13 8 18 20 21 25 18 27 21 13 24 25 28 24 21 29 26 35 22 15 17 18 12 13 17 22 12 31 10 19 11 51 10 34 29 28 15 14 
28 21 40 32 22 22 20 18 32 13 9 22 10 13 13 31 13 24 20 21 30 22 20 15 21 14 34 16 31 15 9 13 32 39 24 24 37 33 33 34 19 8 29 18 17 31 12 23 21 18 22 32 13 27 16 19 23 25 30 34 
36 17 28 23 19 19 37 29 23 17 16 30 18 15 31 24 31 7 21 16 11 14 16 13 16 28 30 22 17 33 28 19 30 31 22 28 26 26 24 25 22 22 30 19 17 38 19 16 23 21 14 40 15 16 12 27 26 25 33 17 
25 23 26 31 21 10 26 12 25 22 15 27 21 13 35 28 29 13 20 16 37 24 20 12 22 31 37 23 31 18 29 17 21 20 19 16 27 24 27 38 31 11 15 21 22 22 13 26 16 20 22 34 22 39 8 14 19 25 25 26 
27 16 31 29 46 18 18 25 16 14 14 25 17 9 15 42 9 22 25 22 31 9 20 15 14 19 20 26 14 13 28 13 27 28 25 20 44 21 37 35 26 14 32 11 23 31 13 12 15 28 17 30 18 29 18 27 19 26 32 23 
39 24 26 25 23 18 20 24 22 18 17 25 21 18 20 18 24 26 22 18 20 31 14 18 24 22 45 14 30 19 21 6 28 38 20 26 39 21 42 28 29 17 27 20 13 21 13 15 14 41 36 13 22 27 15 19 31 22 22 33 
13 29 28 43 23 21 20 16 16 15 12 33 11 18 21 11 27 25 28 26 34 10 23 10 14 23 27 12 23 17 27 20 17 10 21 23 34 42 26 34 24 17 19 12 20 25 21 16 11 25 14 28 10 33 17 13 35 35 18 27 
20 13 27 22 16 16 20 27 22 15 21 31 14 10 24 18 28 26 21 17 43 12 17 23 24 10 17 28 31 9 18 19 22 19 22 33 29 27 26 29 34 22 31 18 12 22 8 13 24 14 19 15 9 31 8 33 25 24 17 14 
33 24 33 30 23 17 9 29 21 12 15 32 17 17 21 26 16 16 32 25 10 20 15 15 18 17 23 7 26 16 23 13 18 20 19 23 34 25 28 13 28 15 28 16 15 14 13 21 3 22 25 21 12 40 19 13 15 16 17 31 
34 25 21 34 26 14 20 28 9 21 17 36 18 21 18 3 42 28 19 18 31 23 25 8 16 24 33 14 22 29 25 15 18 23 32 17 24 25 39 24 27 27 25 22 12 19 18 31 21 20 18 11 9 24 13 9 17 18 17 33 
20 22 22 40 30 14 33 14 19 15 12 22 9 14 15 14 34 20 17 21 33 19 21 14 22 21 23 16 19 23 25 18 26 26 18 29 37 16 16 31 30 16 32 8 21 12 7 18 16 17 21 30 14 42 21 27 31 27 18 22 
15 17 34 37 25 11 22 18 22 16 16 24 14 16 23 18 37 24 30 22 38 13 14 11 26 27 15 16 23 32 30 17 26 13 26 23 27 27 37 47 28 20 14 15 18 31 16 16 14 27 19 23 22 35 6 27 36 12 19 43 
28 21 33 28 33 11 36 28 21 10 21 37 12 18 18 18 11 22 24 20 24 15 19 22 20 12 10 23 25 27 33 15 27 17 26 31 29 28 38 27 31 11 41 20 12 11 13 18 20 22 19 31 23 24 26 27 17 32 29 22 
30 22 47 43 35 15 15 20 11 14 12 35 15 14 12 31 25 20 17 14 33 13 15 12 21 28 29 18 15 13 27 14 32 24 6 21 21 40 12 28 31 17 21 19 18 24 17 22 13 15 19 32 14 28 15 20 17 15 15 39 
24 29 19 17 21 13 22 26 22 21 16 20 10 9 20 19 20 24 15 20 20 19 13 15 14 14 19 23 25 24 19 24 34 30 26 31 15 17 36 37 17 14 34 6 15 30 21 19 22 27 22 20 27 29 18 38 26 18 25 11 
31 26 33 26 24 11 45 19 32 14 18 22 17 13 24 16 35 18 19 19 33 21 26 16 18 26 39 17 16 26 27 4 31 19 18 23 11 22 30 29 35 15 28 19 15 30 13 14 17 21 30 29 11 25 15 35 22 16 28 26 
19 11 30 47 27 20 38 25 28 18 18 38 17 15 22 21 32 23 28 13 43 13 24 11 10 24 22 29 29 19 27 11 39 28 23 24 40 27 35 27 25 16 22 20 28 19 19 19 25 19 31 40 16 25 11 18 24 21 24 27 
27 25 21 23 27 7 22 22 23 10 21 30 20 12 29 26 25 15 25 20 15 19 20 10 20 3 34 25 29 18 23 17 28 29 22 29 25 22 22 43 17 12 19 19 23 21 22 32 14 30 22 32 15 31 8 28 19 15 25 33 
19 20 21 19 27 13 21 16 28 19 17 25 21 14 34 30 31 28 21 11 33 14 20 12 16 17 34 21 26 25 18 12 30 26 18 18 24 11 15 22 35 16 23 22 14 36 17 17 16 20 13 39 15 26 15 30 29 24 14 26 
30 18 30 20 19 11 24 22 24 13 18 20 19 10 18 24 20 23 26 14 19 18 20 12 9 15 34 16 23 14 26 15 44 33 24 33 35 30 19 32 35 18 35 16 10 17 6 20 18 18 20 35 18 38 24 28 19 27 14 17 
25 25 25 16 24 19 24 19 24 22 19 19 18 16 15 26 29 30 15 14 35 11 26 9 15 25 33 21 29 9 19 15 40 27 16 38 33 35 25 38 32 17 24 11 18 20 20 13 19 22 25 32 11 27 22 29 12 21 18 25 
19 26 24 29 23 15 20 22 25 17 20 23 13 16 28 12 23 28 27 18 30 18 10 10 17 22 24 18 28 30 28 18 31 27 34 21 30 33 21 49 23 14 24 15 21 17 11 13 22 20 20 21 18 43 17 22 26 26 12 15 
27 14 15 39 22 22 36 23 25 10 23 21 17 20 25 19 30 25 31 27 16 17 15 17 29 21 20 14 26 23 29 15 44 13 28 33 29 32 25 45 16 16 25 18 15 27 13 27 24 31 17 24 19 19 18 19 29 20 21 33 
24 20 42 30 32 11 23 25 26 10 28 21 17 17 15 22 17 27 25 17 20 13 17 8 17 24 23 17 27 32 26 20 34 27 21 34 35 22 23 22 21 11 34 16 15 35 19 27 6 27 17 37 14 41 18 22 30 26 27 34 
22 28 19 29 15 15 14 16 6 17 15 29 14 25 14 25 35 26 30 17 24 18 17 25 16 13 26 25 33 22 33 19 32 24 29 29 29 32 22 43 19 16 24 19 11 21 13 27 13 16 25 46 14 29 23 21 29 21 25 11 
34 15 42 30 26 10 26 19 29 17 15 11 18 12 22 34 31 29 30 23 20 17 20 15 15 20 35 27 24 24 29 21 16 22 25 22 19 44 38 28 29 18 25 16 16 18 6 17 22 21 32 31 13 38 17 28 24 25 25 21 
30 22 28 24 26 8 23 29 17 8 22 38 18 20 19 16 42 25 30 15 29 17 13 11 21 14 19 10 14 16 18 9 37 23 28 31 47 24 13 24 24 14 29 20 19 18 17 23 17 23 27 33 22 20 19 19 22 19 16 28 
18 36 11 36 38 21 27 17 18 12 11 34 13 15 18 20 12 29 26 21 21 17 20 13 14 20 26 26 19 19 29 12 38 23 20 15 15 27 24 15 22 11 18 12 15 34 11 27 17 26 23 19 9 47 19 20 31 13 30 24 
28 20 32 48 26 12 29 26 24 15 20 18 13 19 14 24 27 22 27 23 16 15 26 11 13 22 31 14 19 18 13 12 22 24 29 32 29 22 30 38 22 19 32 15 24 28 14 19 5 21 28 21 12 19 23 26 18 28 18 40 
19 14 30 44 20 22 17 17 30 10 19 20 21 13 23 23 17 37 27 25 33 17 9 18 20 13 34 21 11 18 32 17 18 37 31 24 26 34 38 32 23 21 16 7 23 24 21 25 16 16 23 46 22 21 20 33 21 18 18 20 
21 14 21 34 27 12 29 21 22 6 14 31 9 19 16 25 22 23 25 16 35 14 20 13 17 20 12 21 31 15 26 18 29 33 28 30 25 20 43 49 24 22 17 14 14 32 11 26 20 10 23 18 16 11 15 19 25 15 10 25 
18 24 17 34 25 10 18 20 20 11 21 30 13 16 14 22 31 12 13 13 25 13 16 16 12 11 27 17 19 13 10 20 17 26 14 30 18 37 37 38 17 11 16 17 10 13 13 16 19 26 11 13 24 46 17 16 22 31 25 24 
34 31 28 8 40 17 30 29 13 7 18 23 21 22 16 24 29 26 19 21 31 12 18 22 20 34 24 16 19 19 27 21 29 6 26 28 30 15 41 28 19 19 33 20 21 36 13 28 27 19 18 23 12 22 14 24 28 8 24 20 
35 17 17 28 21 6 32 31 29 7 15 31 14 23 21 24 30 28 23 17 21 21 18 18 19 30 28 26 29 10 14 16 28 17 20 31 36 27 40 23 25 16 12 10 17 25 12 25 17 24 21 29 23 35 12 27 19 23 22 22 
36 32 37 24 12 17 22 29 27 14 5 31 12 16 28 17 25 23 25 16 22 16 14 20 16 22 35 27 32 25 24 16 19 27 12 28 21 12 44 32 20 16 27 13 15 33 16 20 13 32 23 36 17 35 18 25 27 27 16 24 
28 30 30 23 22 12 17 11 18 20 18 37 13 12 15 16 23 20 26 19 39 19 17 16 14 21 23 3 25 22 33 16 23 19 28 25 30 28 28 26 19 9 23 10 17 25 16 16 13 28 24 21 21 28 16 20 21 26 22 40 
31 32 38 30 18 12 13 25 39 15 17 36 13 16 18 21 33 32 24 16 14 21 16 22 18 25 25 16 38 14 29 13 26 15 26 33 19 41 21 39 12 11 17 17 15 20 13 15 17 21 25 33 7 21 15 27 33 18 30 47 
22 27 27 48 21 5 29 24 18 4 15 17 16 18 25 18 23 28 29 15 18 16 8 18 16 25 24 10 20 16 24 21 37 26 25 21 53 23 29 35 24 24 15 20 21 16 13 22 11 30 27 37 11 47 12 15 24 23 25 40 
40 20 15 38 24 19 32 20 28 16 21 46 15 14 17 19 31 25 22 20 28 16 17 15 24 20 17 11 24 28 25 15 29 25 26 34 9 25 48 29 26 15 16 16 15 19 15 20 22 29 17 40 20 31 16 28 15 28 20 22 
21 28 22 31 21 16 29 29 29 17 14 20 14 18 29 21 30 34 16 22 20 13 18 16 4 11 28 15 18 7 16 17 28 34 20 17 41 23 30 32 31 19 23 14 17 34 20 27 15 25 27 19 18 31 10 20 32 21 23 30 
15 26 34 45 10 10 38 31 21 19 9 28 14 23 23 27 38 26 20 21 32 22 13 13 17 10 26 19 34 20 19 15 30 17 28 34 23 10 40 27 17 14 33 21 10 28 17 14 19 28 31 25 15 27 15 25 15 27 32 30 
25 21 33 25 21 17 21 26 30 20 10 33 12 17 18 13 30 25 26 12 22 31 18 15 16 16 25 17 21 20 39 15 15 21 14 23 28 13 35 22 27 14 35 15 15 22 16 9 19 19 19 17 17 24 13 21 27 23 24 29 
35 31 35 33 21 14 25 21 19 15 12 40 14 17 23 28 31 25 15 20 28 20 16 15 16 23 32 17 23 13 12 12 18 18 26 26 12 32 39 34 15 21 24 18 12 26 17 13 16 26 24 32 19 25 20 30 28 29 19 31 
25 20 37 10 40 16 40 21 34 20 10 29 16 18 26 19 18 22 17 14 10 20 23 18 16 28 26 21 23 21 15 17 31 25 22 33 37 37 16 35 15 8 23 20 21 16 19 22 14 16 29 37 14 41 14 24 27 22 25 21 
29 25 31 40 28 21 33 15 20 12 16 28 21 11 22 32 38 23 20 21 32 18 21 11 18 18 25 12 30 32 20 13 16 23 23 20 26 18 31 30 22 12 18 15 21 19 16 19 19 25 25 38 11 31 13 29 26 36 14 41 
42 24 30 22 20 13 39 27 21 19 18 28 21 21 16 14 29 23 27 21 24 24 17 11 12 23 29 15 19 23 34 11 15 23 22 22 24 23 42 30 27 20 23 17 20 19 18 25 16 20 24 34 15 23 12 28 28 24 16 44 
22 25 17 25 31 14 13 26 16 9 13 11 12 10 11 18 27 12 32 19 40 13 10 14 4 25 26 21 20 29 14 16 17 22 29 24 32 25 35 30 35 16 13 17 13 28 25 21 18 31 29 37 17 31 19 33 34 24 20 24 
17 23 43 26 14 14 7 33 19 17 13 29 16 16 20 22 42 34 18 26 30 15 17 12 22 27 25 12 25 16 23 17 15 21 21 7 42 29 26 30 26 14 41 21 4 17 13 27 21 13 14 46 20 42 21 35 23 15 17 40 
34 26 23 29 18 18 32 23 25 10 8 15 16 17 18 21 33 19 24 24 37 15 20 15 5 21 24 25 24 20 29 8 39 26 23 33 30 24 25 29 21 19 17 11 15 34 16 23 15 16 15 33 19 45 15 34 19 17 27 35 
27 22 25 36 21 15 30 22 36 19 13 22 20 11 20 28 30 34 18 8 40 20 12 24 23 20 33 16 18 16 29 13 29 13 21 17 36 21 24 51 27 18 28 11 14 31 15 22 17 11 27 29 18 43 17 30 21 19 32 21 
23 29 37 42 31 17 6 21 28 17 15 17 18 14 14 29 32 26 23 22 27 17 22 14 18 25 25 20 30 20 30 16 27 20 32 19 29 12 25 34 27 19 22 13 16 25 12 17 8 21 29 10 21 28 19 12 9 24 23 42 
28 17 18 35 22 13 28 29 30 22 15 27 16 15 21 26 18 18 23 18 38 20 24 17 15 24 16 16 13 27 44 18 9 31 12 39 26 24 27 29 30 15 29 15 17 43 18 28 20 23 15 30 11 35 17 29 21 26 21 41 
33 30 13 51 26 16 23 20 24 12 9 36 21 16 22 18 31 16 26 18 29 12 25 19 21 29 34 14 18 18 23 16 37 19 21 37 12 14 26 37 22 11 26 22 23 25 20 13 27 21 20 32 17 42 7 31 8 28 23 25 
25 31 35 24 19 18 27 25 16 17 21 19 9 25 22 22 35 16 32 24 34 14 18 15 17 17 20 19 24 18 10 12 38 31 23 23 39 16 33 44 20 16 27 15 14 29 16 30 26 21 15 20 15 36 20 34 22 18 19 31 
30 11 25 17 13 18 24 18 11 6 16 29 10 15 21 18 36 25 24 12 28 13 15 16 12 18 24 19 21 11 21 16 24 31 19 25 22 21 8 17 19 9 17 13 18 8 16 9 17 17 17 36 11 21 15 31 31 17 17 28 
15 20 20 32 1 17 20 23 26 18 17 26 18 18 18 26 32 24 24 22 31 17 23 12 20 16 35 18 41 11 23 14 25 21 31 19 19 23 47 44 19 12 29 10 18 21 16 26 15 29 16 33 14 34 15 22 24 19 29 49 
22 27 17 39 23 18 20 14 20 12 17 28 11 19 21 28 35 28 26 19 26 13 21 21 21 24 23 25 28 14 23 10 23 31 20 27 25 23 29 27 26 15 18 19 19 17 15 27 18 16 15 31 13 49 14 31 27 21 22 26 
20 13 26 36 25 15 38 34 30 18 18 34 18 12 30 18 40 31 13 20 23 25 11 15 14 18 31 18 22 18 26 19 32 17 20 32 36 40 29 40 17 22 19 16 11 28 14 11 24 19 20 26 16 31 12 24 22 28 15 13 
13 14 41 40 30 15 30 20 14 19 15 19 15 17 33 21 24 22 28 23 29 18 13 17 16 28 21 14 29 17 45 15 28 21 20 32 42 18 27 28 26 16 20 15 12 11 19 22 21 19 23 28 15 37 15 18 37 23 16 21 
18 19 22 21 19 11 24 17 27 15 14 29 7 12 21 19 19 29 21 25 26 13 26 11 18 25 33 26 24 28 29 15 24 11 22 19 21 24 29 27 26 20 35 13 9 21 9 19 19 12 20 36 17 33 11 26 19 22 20 22 
23 18 26 29 34 15 33 23 12 19 18 16 15 18 15 20 41 22 14 20 25 18 24 11 28 16 27 19 12 28 15 10 34 27 21 27 47 29 30 33 17 20 16 15 9 29 17 20 26 21 25 22 25 24 6 23 29 20 30 38 
39 25 38 37 16 12 29 15 29 12 14 27 10 13 21 29 23 28 23 22 32 19 14 13 11 27 27 21 10 21 18 20 20 25 20 33 30 23 33 39 22 9 30 15 22 33 20 20 9 20 21 28 15 35 11 29 30 30 15 37 
27 29 40 25 17 15 14 23 18 18 13 24 17 20 22 20 52 25 27 22 20 17 5 21 19 26 28 14 22 36 22 18 23 23 25 29 25 21 26 30 23 21 21 18 21 27 16 21 17 22 16 28 13 43 13 21 25 24 19 17 
25 19 23 46 23 11 25 34 25 12 15 28 12 18 24 15 21 29 30 16 28 15 19 11 16 26 28 13 26 15 35 16 14 17 21 48 24 25 12 19 25 15 31 21 16 13 16 16 29 21 21 34 15 36 10 29 11 20 24 9 
20 17 25 36 25 11 21 14 21 7 16 23 11 16 24 30 20 26 27 22 15 16 13 17 21 12 30 25 33 19 26 13 23 11 24 33 29 22 42 37 14 15 16 17 19 9 17 7 6 25 25 30 11 35 16 23 18 28 16 24 
27 35 20 20 28 13 26 19 17 13 24 37 13 15 25 19 30 34 23 13 17 23 17 12 21 16 31 25 36 26 15 18 34 23 22 30 19 14 39 25 27 26 22 12 15 24 8 25 19 25 24 32 13 34 12 29 18 23 20 34 
29 21 30 23 35 14 19 19 8 8 13 11 17 17 16 25 22 17 27 14 30 11 12 18 16 20 43 14 23 31 32 21 23 18 23 22 16 21 17 22 21 16 28 16 17 28 14 18 27 34 19 30 16 23 12 20 27 22 12 18 
25 24 44 37 12 12 32 16 23 16 23 40 11 14 31 12 20 9 23 18 19 19 22 9 21 19 21 20 23 19 22 14 35 16 25 26 26 17 26 22 20 15 30 18 12 26 15 30 18 13 9 28 9 28 22 41 24 30 14 34 
24 21 45 45 24 15 18 20 14 16 9 23 12 18 15 22 28 23 23 18 41 24 23 8 16 19 24 22 29 21 24 10 34 9 17 19 32 32 30 27 14 18 25 17 12 25 13 17 20 19 18 12 18 35 13 32 15 36 26 28 
29 17 33 35 25 12 24 27 32 20 16 26 17 15 16 17 21 27 20 26 28 24 15 18 24 19 28 11 18 27 37 22 29 15 24 17 36 20 24 27 28 20 26 16 12 13 27 27 19 19 31 13 23 30 11 21 19 15 17 34 
16 35 26 26 31 17 18 26 25 21 18 34 12 21 24 28 30 20 30 16 29 26 22 16 19 8 26 18 21 21 26 19 37 21 20 28 20 40 46 19 16 23 15 16 16 29 5 16 16 26 29 37 16 32 19 21 14 26 15 26 
26 27 28 36 30 19 22 23 24 8 15 37 13 24 17 29 27 25 15 27 25 10 11 13 13 14 27 26 25 24 33 11 40 22 21 38 25 16 28 35 30 19 20 10 14 32 19 10 9 22 22 33 13 21 10 23 26 26 20 22 
34 9 46 32 11 17 28 25 19 9 17 16 12 28 17 21 32 21 25 23 36 14 9 11 21 17 30 22 26 27 31 11 28 22 33 28 23 13 24 39 27 12 28 11 15 19 16 21 10 22 28 37 20 29 11 17 32 27 29 25 
27 31 23 35 32 19 24 18 19 19 13 22 16 13 29 15 24 23 33 25 26 27 18 13 8 30 27 23 23 25 19 13 29 19 13 27 32 24 36 29 26 18 11 22 20 26 19 14 19 32 24 30 11 40 17 29 24 30 29 16 
31 13 23 33 20 17 27 31 30 22 8 16 17 18 16 33 31 36 16 20 32 26 16 9 17 13 19 17 26 14 27 16 36 28 18 18 29 20 37 36 29 12 18 14 17 26 14 17 13 30 14 21 5 35 18 23 25 36 25 32 
31 23 33 32 23 11 26 28 22 12 17 31 10 18 23 17 34 33 28 21 30 21 20 12 15 31 10 15 27 36 29 23 32 32 24 24 47 18 39 27 30 13 21 11 20 29 12 20 23 29 15 28 19 35 12 12 22 23 6 21 
19 17 15 24 12 16 33 18 19 16 19 26 16 21 19 31 43 29 22 13 34 16 24 17 15 11 33 21 24 28 35 19 39 17 25 40 20 22 30 32 28 6 25 18 18 24 12 26 27 25 12 28 18 36 9 25 20 25 27 25 
26 21 26 32 36 11 17 18 30 15 11 46 6 15 24 27 21 39 19 16 18 14 22 14 15 20 31 20 22 33 32 20 14 14 17 25 21 15 43 31 25 18 20 19 16 24 18 24 18 28 18 43 11 16 15 27 19 10 22 20 
23 24 43 17 20 15 26 28 32 18 13 18 22 16 30 24 32 22 24 14 23 18 23 18 15 16 24 13 14 4 24 14 24 25 16 21 34 25 30 26 24 18 37 16 11 19 11 28 17 22 14 18 16 41 17 28 29 24 28 15 
30 29 26 42 26 15 33 23 31 15 15 20 10 16 26 39 25 32 19 20 16 16 17 15 19 28 28 17 21 28 33 20 24 30 18 21 23 27 54 29 25 12 19 16 22 25 11 29 16 33 16 39 14 21 19 19 23 20 18 19 
22 15 33 31 19 12 24 16 26 18 16 31 7 13 24 29 33 18 20 21 26 10 18 16 6 27 12 12 23 25 8 15 18 25 19 28 29 31 28 25 27 15 21 10 22 13 12 11 14 17 17 30 17 19 9 29 18 23 15 47 
15 23 39 37 26 8 27 18 28 13 18 37 19 13 20 24 29 11 22 18 19 13 23 13 22 10 29 16 18 27 24 18 27 22 20 42 42 16 36 38 21 15 26 16 21 43 17 30 15 29 15 32 15 6 10 36 19 13 21 32 
25 27 33 38 24 17 24 28 29 11 21 21 13 16 8 17 32 19 31 15 13 14 21 11 11 27 10 26 29 23 27 20 33 21 20 31 29 12 22 48 27 17 28 16 12 22 13 30 12 13 17 41 9 31 14 28 19 31 20 25 
31 18 29 20 31 17 28 21 17 18 16 34 20 18 11 22 32 25 26 25 28 11 23 23 21 27 24 17 11 28 23 16 35 25 24 34 18 31 36 38 25 13 26 18 15 31 11 18 16 38 23 28 11 40 14 24 20 29 16 36 
15 16 32 19 22 9 21 26 29 15 13 40 14 15 11 18 30 17 29 24 20 22 18 12 5 25 35 16 28 26 22 19 34 23 28 27 24 32 36 33 15 12 21 13 12 16 7 21 11 21 23 31 17 35 14 24 15 32 20 21 
20 24 14 35 50 16 11 31 19 15 12 28 21 5 19 18 27 28 29 15 16 22 13 19 21 23 29 24 13 31 28 14 41 19 24 25 24 18 19 26 27 17 13 17 26 23 13 24 21 12 28 32 21 31 20 30 17 18 9 10 
25 14 26 40 18 15 22 30 23 14 20 38 14 18 19 15 29 26 27 22 33 20 18 21 21 19 19 21 14 18 29 17 32 9 15 29 41 21 33 37 28 10 29 10 19 31 17 10 8 15 17 31 18 24 19 18 24 18 17 34 
20 31 16 18 29 13 25 18 28 10 19 41 11 14 23 14 32 33 21 12 24 19 20 13 23 24 18 23 29 36 26 4 28 22 29 40 30 24 32 38 27 22 15 16 20 32 20 19 19 22 18 40 14 29 12 31 26 24 19 20 
26 20 27 30 27 17 19 26 20 14 11 18 19 19 13 26 21 21 18 16 23 10 23 10 11 27 23 30 19 21 29 17 26 40 18 31 15 22 45 38 35 16 33 10 20 25 19 26 17 14 27 34 13 28 13 30 25 24 21 21 
15 34 28 34 32 13 24 17 18 14 11 33 16 18 15 16 31 17 13 21 28 18 18 13 16 8 19 24 22 11 19 19 17 27 30 32 31 26 43 36 23 11 26 10 15 45 18 26 25 34 19 39 18 35 15 19 9 29 20 30 
30 25 4 19 29 8 24 19 14 14 7 40 13 19 14 33 27 25 12 21 27 18 14 9 11 24 25 19 25 19 32 15 27 16 13 32 13 27 29 27 19 20 22 13 14 19 20 8 18 18 27 39 17 40 3 21 17 25 27 27 
23 22 37 21 22 17 24 31 20 17 19 37 15 13 25 24 36 21 23 18 30 15 23 14 16 17 15 17 25 17 24 17 34 22 16 27 26 29 37 26 30 15 30 8 15 30 18 19 22 23 17 15 23 28 16 36 25 23 23 47 
31 24 38 16 14 21 40 14 18 19 8 33 13 11 18 20 19 23 18 23 25 16 13 19 17 20 39 27 24 13 19 17 27 35 28 22 31 29 23 31 20 18 12 12 15 12 11 28 12 34 20 34 19 32 21 25 24 17 17 14 
24 18 18 34 13 19 20 25 16 18 20 41 13 14 16 13 40 22 26 23 29 10 16 16 16 24 27 18 30 31 15 19 16 20 21 24 24 31 29 38 37 22 33 13 8 11 12 22 22 22 21 38 10 50 12 18 29 31 26 22 
31 31 27 43 27 12 29 27 18 21 15 28 12 10 19 14 30 22 25 27 20 21 22 22 21 24 17 22 9 21 28 16 18 36 12 27 30 22 44 25 25 16 12 15 19 16 16 26 18 11 25 28 19 53 13 19 17 28 23 34 
20 21 27 30 18 16 16 20 10 13 14 16 18 12 17 28 26 23 26 13 27 11 15 13 17 24 36 16 11 26 21 18 24 17 10 18 16 17 39 39 20 16 22 16 15 27 9 22 9 27 11 34 19 37 13 13 20 20 8 28 
40 17 26 32 16 19 17 11 15 19 19 28 15 18 16 29 15 19 20 20 30 16 13 13 10 26 27 13 12 22 29 17 25 12 26 20 40 19 20 47 26 19 20 17 26 6 10 18 27 11 26 24 17 29 20 23 21 21 19 16 
23 21 31 26 34 14 26 26 26 13 19 41 14 12 14 8 14 29 24 20 31 17 15 18 10 12 23 13 15 10 22 26 21 34 23 28 56 24 38 17 9 12 25 12 21 23 18 17 22 23 25 25 19 31 8 30 33 20 21 31 
24 22 20 29 8 18 24 30 39 10 7 30 13 22 22 21 6 16 19 12 25 23 26 21 18 21 42 23 29 7 17 15 32 14 19 20 30 22 37 16 20 11 29 19 13 37 22 14 11 16 23 31 18 14 19 35 20 26 29 32 
32 23 28 25 22 15 24 14 27 7 16 20 17 18 24 17 26 30 27 22 29 18 16 17 10 22 23 23 46 11 30 12 34 27 15 39 33 25 48 28 17 18 18 14 19 24 22 21 23 33 20 45 17 22 17 14 18 39 19 35 
27 12 14 37 15 17 22 18 16 7 14 27 24 16 20 21 30 29 30 22 39 24 19 20 17 26 27 10 34 10 25 13 27 25 18 32 29 13 51 41 23 13 16 17 15 37 13 12 25 28 25 33 17 35 10 21 20 17 9 41 
33 18 23 44 35 7 26 18 21 21 16 23 17 18 21 27 25 26 16 22 17 13 19 8 15 20 21 21 21 18 22 12 31 15 18 26 14 35 31 31 21 18 14 13 13 22 16 17 21 22 18 28 19 40 15 32 24 15 23 24 
29 26 27 39 23 6 24 16 28 18 15 37 18 10 30 24 29 20 26 24 19 21 14 11 17 25 25 16 25 25 29 18 30 12 15 27 41 25 26 44 27 22 23 15 7 10 8 26 14 23 26 33 19 41 8 24 27 22 24 30 
41 28 22 16 41 14 34 9 23 14 20 36 18 12 29 28 32 32 26 14 40 14 27 8 12 20 29 15 32 15 22 6 41 40 19 18 42 29 17 35 21 17 23 16 18 21 19 31 19 25 25 27 14 46 13 19 25 18 27 39 
18 24 35 37 16 13 30 29 28 19 16 37 15 13 26 36 31 30 24 10 22 11 25 19 13 21 21 14 26 19 33 11 33 30 22 17 32 2 29 27 22 15 23 16 15 26 19 12 26 22 17 24 13 35 15 29 20 27 25 25 
14 15 23 25 14 13 39 15 27 8 16 31 12 17 22 18 21 20 25 12 35 17 19 13 11 20 24 20 16 26 24 18 40 25 25 35 45 31 22 29 34 18 28 17 9 27 13 9 22 30 21 33 19 37 8 28 17 22 23 18 
21 21 35 52 27 9 23 17 21 12 17 25 15 10 28 19 41 18 23 18 21 9 15 19 13 22 37 11 27 21 38 12 17 14 20 23 36 15 28 31 19 13 34 17 13 12 16 24 21 29 21 36 15 14 19 23 21 10 22 37 
18 27 16 40 17 9 20 34 24 12 23 19 18 13 15 28 32 23 22 16 30 18 18 16 19 17 31 24 24 26 37 13 17 35 17 41 38 24 29 24 21 23 22 12 18 26 14 28 18 17 25 28 12 20 21 29 29 19 13 16 
10 23 28 16 20 19 33 35 29 14 16 31 4 17 20 19 35 23 20 13 32 14 25 11 15 20 32 17 15 17 28 17 18 23 14 19 25 25 26 29 22 11 25 14 20 8 14 20 19 26 31 28 25 33 18 12 25 31 16 33 
27 12 17 26 8 17 19 26 27 14 18 23 12 17 27 25 32 11 21 17 6 22 20 11 17 26 20 17 26 27 38 15 44 26 16 16 31 27 24 44 34 13 24 17 15 18 12 28 20 17 25 34 21 21 15 33 22 18 17 27 
25 30 24 30 25 16 37 19 29 15 12 34 13 18 14 24 39 15 18 21 25 19 18 12 17 23 48 18 19 24 22 15 21 27 14 44 27 18 47 30 20 16 27 10 19 42 6 27 18 7 27 32 15 38 19 22 29 32 34 28 
18 18 22 30 20 16 17 14 19 12 16 19 24 9 18 27 35 14 19 18 32 17 23 18 12 27 22 18 30 24 34 18 20 16 11 34 26 26 32 30 31 18 17 14 13 26 19 20 18 29 15 43 13 37 14 16 25 25 20 32 
26 31 28 24 19 11 36 33 22 15 24 23 16 15 25 26 29 29 18 26 30 11 24 17 19 28 20 22 37 21 33 12 30 14 24 17 32 27 37 14 26 23 24 13 15 31 19 21 14 31 14 32 17 18 10 8 24 17 24 30 
24 19 37 32 29 20 22 31 17 8 15 21 22 13 10 24 44 16 24 15 32 14 14 22 18 23 29 15 30 21 23 20 37 27 25 27 29 26 12 22 10 8 17 16 7 15 13 24 14 20 27 23 13 22 18 22 25 22 15 24 
16 23 23 36 17 17 26 13 19 4 14 24 19 15 22 32 27 20 25 13 38 17 17 11 21 30 28 15 32 15 27 19 23 24 10 32 34 31 19 30 17 9 30 11 17 31 22 24 19 17 14 41 21 22 11 27 25 31 16 38 
21 24 32 30 22 16 24 23 27 12 20 39 19 20 21 20 24 29 18 18 35 19 21 25 10 17 30 20 16 8 14 25 29 27 21 27 33 25 19 28 16 14 36 16 15 20 3 16 25 21 24 24 21 27 15 30 18 25 15 12 
45 13 26 44 9 16 26 21 29 11 14 31 22 12 25 14 23 26 21 21 27 20 22 12 14 13 18 20 26 19 34 21 21 9 25 34 12 23 41 20 27 26 17 16 22 30 16 21 24 26 14 22 14 35 13 20 23 21 19 28 
27 16 16 36 18 15 27 30 24 20 16 23 18 7 5 27 25 17 32 19 17 20 12 19 17 24 19 12 29 20 16 9 21 14 25 25 29 16 40 32 12 10 20 18 13 16 12 25 19 12 17 30 16 37 17 30 20 22 11 24 
15 21 19 33 25 11 28 27 25 21 16 35 18 17 23 25 25 24 33 22 19 13 12 16 19 17 17 16 9 25 11 15 17 24 17 31 39 23 34 48 22 18 22 13 21 24 12 13 12 26 30 22 30 31 16 21 27 20 16 36 
23 20 14 47 38 16 28 23 26 8 11 18 23 20 29 21 25 21 26 8 31 18 22 16 13 22 24 24 31 25 25 18 27 35 20 13 37 24 48 32 15 18 18 16 22 23 13 22 22 22 22 38 16 22 12 23 24 31 14 37 
32 21 21 32 23 23 29 23 14 13 6 33 19 14 29 23 31 21 27 17 15 22 7 11 13 19 27 20 35 22 4 10 24 28 23 18 27 24 27 33 12 15 26 22 11 28 12 7 24 24 17 23 16 29 17 33 19 11 28 34 
28 32 30 30 25 13 38 27 26 17 13 29 10 17 20 22 11 16 27 24 37 16 19 9 16 26 14 23 22 19 27 16 27 27 17 34 36 34 53 25 25 12 18 18 19 19 22 23 18 24 14 53 20 35 13 15 21 26 22 32 
35 35 28 27 21 10 27 21 23 11 19 38 12 11 37 17 27 20 26 20 30 25 20 14 22 23 40 27 24 24 20 17 17 32 27 35 27 26 42 37 24 22 37 16 14 15 16 12 14 8 23 38 8 23 17 28 25 12 26 27 
26 30 33 30 33 16 19 17 19 17 20 34 21 20 17 26 32 23 25 15 28 23 12 11 15 17 30 11 29 27 15 18 31 23 22 32 25 34 33 23 19 20 13 13 22 25 11 16 17 27 32 37 17 30 17 27 25 22 23 41 
23 21 26 26 18 13 40 21 24 13 16 22 18 17 23 20 23 19 30 20 20 19 19 11 12 33 33 22 11 27 28 10 23 23 24 37 32 34 38 34 33 13 23 20 22 20 18 32 16 29 16 29 15 28 15 30 26 14 22 16 
34 29 33 37 24 12 22 21 34 21 15 20 8 7 21 23 21 25 26 20 19 6 17 8 13 11 35 25 32 18 27 10 24 23 27 17 33 26 28 31 18 19 28 16 15 16 16 29 25 22 20 25 20 41 18 30 17 31 27 33 
23 25 28 21 22 16 34 21 21 13 9 23 13 13 22 24 38 31 27 20 17 7 18 12 22 5 33 5 14 16 29 19 24 30 18 34 30 15 20 12 26 16 22 15 9 16 13 28 30 28 28 26 21 15 19 24 27 18 23 23 
16 28 13 41 24 22 35 32 31 20 14 24 13 21 22 22 16 19 21 21 20 19 16 19 14 11 22 15 26 31 28 22 19 19 21 23 30 22 43 33 21 12 12 17 16 24 23 25 23 16 23 26 15 22 16 25 22 18 31 34 
21 25 27 30 18 21 40 27 23 16 22 13 17 18 20 22 29 25 21 18 35 10 19 12 8 24 23 14 24 34 25 12 18 22 17 22 27 15 28 31 30 12 28 14 17 26 13 22 24 22 26 35 18 30 21 21 29 21 20 28 
19 30 34 14 26 9 31 17 23 18 15 23 21 16 14 15 20 23 34 20 37 15 22 15 10 26 21 7 19 13 27 12 17 23 19 26 7 30 35 29 30 11 10 18 14 26 13 21 20 23 33 27 19 31 7 18 28 10 8 34 
21 19 36 33 21 9 22 22 29 20 16 27 13 23 24 20 22 21 26 15 27 25 11 15 18 14 38 23 31 14 35 12 30 26 12 36 19 28 22 28 23 22 33 14 19 17 19 23 23 40 30 29 17 32 8 22 23 24 21 28 
17 23 29 14 25 24 31 16 20 15 14 31 14 16 15 27 18 27 20 22 29 21 16 16 20 12 31 10 21 20 26 19 29 27 24 33 32 15 43 42 34 16 29 13 11 24 7 22 16 34 25 27 20 33 9 20 19 22 25 23 
31 36 49 39 30 15 31 23 17 17 15 30 14 15 24 9 31 13 28 19 27 13 25 11 14 26 40 12 26 26 25 17 25 15 19 17 17 25 43 35 18 19 40 14 20 16 16 20 17 26 16 29 21 44 19 37 27 28 21 29 
24 21 21 25 17 11 34 22 26 4 13 33 11 12 22 37 30 25 27 22 30 12 17 19 19 18 22 17 36 20 36 18 36 21 16 31 25 25 26 20 21 21 7 13 24 30 19 23 18 18 25 23 11 32 15 16 25 16 18 32 
24 24 23 32 19 17 20 19 33 17 13 25 10 21 20 13 22 13 25 26 33 16 24 18 18 10 18 6 32 17 16 25 24 20 27 19 24 16 29 30 13 16 25 18 18 18 17 19 21 25 29 23 17 40 9 14 13 25 22 40 
29 27 34 43 25 17 32 14 17 17 18 41 19 9 26 14 51 21 21 22 27 12 19 16 15 7 27 28 33 17 17 17 18 34 32 25 25 33 37 26 23 14 27 8 20 22 10 24 23 33 19 27 17 38 15 9 14 23 23 34 
23 27 31 37 15 14 42 5 22 18 18 14 15 14 24 19 31 24 31 22 34 13 19 16 23 22 29 19 27 34 26 12 30 28 26 30 34 22 21 23 19 15 30 16 14 24 22 22 21 31 24 28 14 33 11 10 19 19 21 31 
18 18 18 18 25 17 44 14 26 12 18 40 15 22 25 23 32 26 20 26 38 16 14 12 14 12 26 19 21 19 28 21 18 20 32 20 23 23 24 31 32 20 31 19 16 19 7 20 9 22 9 36 16 30 12 29 19 15 9 24 
22 40 27 19 18 17 16 22 25 19 18 31 14 13 17 23 8 23 21 17 37 15 16 5 23 12 37 14 17 10 13 15 28 13 14 22 34 32 50 41 25 16 26 11 19 16 2 21 24 18 15 37 18 34 13 28 28 22 18 30 
17 29 38 22 25 19 30 17 20 15 19 41 13 15 13 25 32 32 19 14 31 17 25 12 11 11 35 14 27 17 21 16 31 24 25 27 30 20 20 29 24 14 11 17 19 34 16 23 10 30 21 27 13 36 12 44 19 22 25 17 
30 25 36 15 31 13 27 23 17 7 12 31 8 17 23 29 23 17 26 16 25 21 15 20 25 18 31 8 28 33 18 18 9 22 19 8 38 26 40 18 21 20 15 17 17 18 21 22 15 28 21 23 15 27 16 30 17 17 17 44 
31 19 11 12 29 15 34 26 30 19 15 29 8 16 26 18 27 30 23 13 24 12 21 11 13 17 17 18 24 7 28 17 23 32 16 24 29 36 21 23 25 17 36 10 17 37 12 25 12 24 17 43 16 18 17 26 21 14 10 31 
24 23 15 35 17 21 16 19 18 6 15 40 21 16 27 17 44 21 23 19 27 10 10 21 23 19 39 27 15 20 26 15 25 23 15 38 23 33 30 51 20 12 26 19 12 23 16 24 24 19 34 27 14 29 6 28 22 31 13 23 
21 29 37 37 28 15 27 24 20 18 22 24 18 11 19 29 30 20 25 20 22 19 18 17 25 18 24 16 23 15 29 10 24 25 19 20 29 24 36 37 30 20 30 14 20 27 7 26 28 19 21 30 12 29 14 13 37 23 19 34 
26 36 32 32 28 19 35 15 14 13 17 29 16 16 18 11 21 33 20 19 30 15 13 11 17 17 22 14 22 16 2 12 32 22 23 32 16 23 7 18 19 14 38 20 21 28 9 30 22 18 20 31 22 39 17 20 27 17 27 18 
16 17 35 37 27 21 24 28 21 16 15 32 16 17 32 20 29 22 39 23 17 11 21 16 16 13 34 21 20 20 25 15 46 24 28 31 27 29 30 31 21 14 28 15 17 19 18 5 25 26 20 28 15 21 14 25 26 24 14 20 
30 31 22 16 26 11 24 20 23 12 19 15 15 21 11 17 18 27 19 24 22 6 19 15 22 23 31 20 29 24 15 18 34 26 15 24 29 30 25 24 24 17 17 18 16 23 19 16 20 6 23 41 22 40 19 18 2 35 17 29 
10 20 25 37 18 17 31 14 23 11 11 26 15 22 32 24 30 27 25 21 27 17 22 11 20 19 16 18 24 9 25 12 44 14 18 37 42 25 33 25 12 17 32 20 20 17 23 27 20 17 27 20 17 12 15 32 19 35 29 27 
23 40 25 48 17 12 17 20 22 24 16 21 10 15 18 17 37 19 32 12 28 21 11 12 24 7 26 24 17 14 35 24 22 6 25 35 17 18 30 27 24 16 25 16 14 30 18 35 7 30 20 26 11 39 16 20 26 30 22 19 
49 10 27 40 15 11 14 21 20 13 14 35 14 17 17 20 28 21 24 11 31 10 12 16 21 10 30 20 19 28 23 13 39 31 27 30 36 11 33 20 26 19 10 13 16 22 13 24 13 23 16 21 17 29 11 8 22 21 24 8 
15 25 43 28 18 24 28 16 25 17 21 23 11 10 15 17 19 18 26 22 42 10 7 22 23 19 27 14 25 20 23 17 27 31 21 20 14 29 40 30 21 19 33 17 11 19 20 27 14 17 14 31 11 45 13 24 27 27 15 27 
28 24 29 24 33 15 23 17 20 5 15 33 10 13 13 13 26 26 13 21 16 18 20 15 20 23 41 16 29 19 30 17 23 26 32 29 26 35 33 29 16 14 33 13 12 16 17 19 16 26 21 34 19 25 12 20 25 29 23 17 
31 15 20 26 27 5 40 25 22 16 10 32 12 19 31 31 24 27 25 16 24 22 15 13 18 20 30 15 18 26 21 21 23 28 35 32 23 26 30 38 26 22 6 7 16 35 12 24 22 26 7 28 17 21 13 21 10 18 9 24 
26 31 30 34 13 12 31 28 22 18 18 39 18 10 24 25 32 30 32 23 16 15 20 14 16 20 31 18 38 21 22 18 22 26 23 31 31 26 31 38 19 12 20 14 20 35 17 16 20 24 15 16 15 10 15 30 19 10 23 23 
30 30 24 34 20 12 31 19 20 15 23 39 16 11 24 26 34 18 19 17 36 21 17 15 20 27 29 16 17 24 34 14 35 16 22 19 38 17 18 36 28 18 33 14 19 23 13 18 20 23 26 38 12 21 12 34 20 21 26 35 
35 32 35 25 28 15 32 18 29 2 15 41 16 17 21 27 22 29 24 15 23 25 29 14 18 22 15 14 25 15 33 12 15 27 17 23 34 26 20 30 18 22 24 19 16 25 20 22 13 26 35 45 18 23 20 20 26 21 35 24 
27 24 33 35 21 14 25 15 32 20 15 30 13 13 12 32 26 21 25 19 45 24 22 18 22 18 14 19 17 20 26 20 40 33 24 23 33 36 27 29 25 15 14 17 19 35 13 26 19 16 25 43 19 20 10 27 24 6 18 24 
24 31 36 26 21 12 23 21 22 14 10 52 17 14 11 29 25 11 29 7 37 11 16 12 16 26 19 20 28 25 16 20 23 24 33 25 43 29 47 14 18 18 22 14 18 14 12 22 25 16 26 44 15 33 15 26 13 27 13 32 
23 36 23 34 21 17 26 20 19 13 10 39 15 17 21 29 33 18 22 19 34 18 25 17 19 26 19 21 37 22 35 17 29 25 30 37 25 28 18 31 31 22 26 20 16 22 11 13 12 26 27 28 19 38 19 20 20 15 30 57 
24 25 17 29 23 9 38 17 27 11 12 27 16 20 17 24 24 17 8 15 16 19 14 19 19 28 33 20 22 19 23 16 30 19 22 24 48 22 31 20 30 13 20 11 15 28 19 20 20 28 24 31 11 18 17 11 18 15 6 22 
31 26 17 9 31 20 30 23 19 16 14 34 21 14 18 21 35 24 26 27 37 13 23 18 24 14 26 22 16 18 28 17 40 29 24 35 36 27 38 29 33 13 18 9 12 27 16 27 12 26 15 20 11 31 15 11 24 21 13 33 
24 21 37 40 29 14 18 23 27 22 9 33 14 10 15 32 41 30 18 20 24 22 28 18 18 9 27 17 23 16 27 20 25 9 21 43 39 15 27 18 29 24 21 12 18 30 13 21 18 15 22 27 14 26 17 34 28 21 22 20 

MachineCapacities:
MachineID Capacity
0 10
1 10
2 10
3 10
