NumTasks NumMachines NumScenarios
15 4 1000
TaskDetails:
TaskID ReleaseTime ResourceConsumption SuccessorsCount Successors...
0 0 6 3 6 10 1 5 
1 0 9 7 7 9 2 5 6 
2 0 9 7 3 3 1 4 
3 0 3 10 9 3 0 
4 0 1 3 2 5 0 
5 0 7 1 6 9 0 
6 0 7 6 9 10 0 
7 0 4 1 7 3 0 
8 0 8 8 10 3 0 
9 0 8 5 1 4 4 11 12 13 14 
10 0 6 8 4 6 1 12 
11 0 7 9 9 2 0 
12 0 1 5 7 6 0 
13 0 8 4 3 8 0 
14 0 6 4 2 7 0 

27 23 10 16 14 32 17 22 11 19 16 16 26 36 25 26 35 27 13 21 14 28 24 16 23 15 23 32 23 12 25 20 9 21 23 19 16 25 28 7 11 18 22 18 28 22 30 28 17 29 18 15 27 16 15 27 9 36 35 24 
35 25 22 19 11 17 30 17 17 31 29 11 15 28 13 26 29 26 21 21 21 20 16 18 24 20 16 22 19 11 36 16 18 22 24 14 21 31 21 15 28 20 20 24 6 27 13 40 19 28 26 31 23 23 30 37 17 25 22 26 
24 19 25 22 22 17 18 32 16 16 27 29 31 15 23 31 30 32 21 21 12 20 19 28 18 13 26 24 8 23 29 11 21 26 21 15 24 19 28 10 21 23 19 25 36 26 18 36 11 14 19 38 12 15 20 21 8 36 29 21 
26 32 15 34 20 18 15 19 16 23 22 18 31 40 24 39 30 21 28 12 18 9 13 23 24 43 12 23 15 10 44 37 21 9 24 19 21 36 36 23 13 19 24 13 27 23 23 44 16 29 24 29 17 15 25 23 16 12 10 25 
20 23 25 16 16 30 24 13 8 24 22 18 21 33 24 25 35 19 18 13 16 22 19 21 24 26 28 20 20 22 32 23 13 21 20 18 19 36 31 23 13 22 21 24 22 33 9 45 17 28 18 34 21 31 19 32 21 14 29 35 
33 25 27 14 16 25 21 18 16 20 31 13 21 30 14 27 21 33 24 21 28 29 20 24 23 15 25 28 21 16 27 23 16 13 24 30 28 19 42 23 17 27 22 24 29 23 14 45 18 29 26 18 12 26 16 18 14 31 24 15 
41 25 29 17 10 22 30 25 19 20 21 21 35 33 30 26 25 30 7 11 11 24 6 6 18 29 20 27 21 18 46 27 19 31 20 17 26 10 24 23 17 24 22 13 21 8 25 30 20 8 26 25 18 25 24 32 14 29 31 24 
23 40 28 16 18 18 12 19 12 27 22 22 20 37 24 52 14 32 24 18 25 24 19 23 18 30 25 32 22 12 39 16 16 20 15 16 23 35 39 22 20 33 12 23 8 36 23 30 17 35 25 35 16 15 24 21 12 36 34 24 
22 20 14 26 15 6 18 23 11 11 32 14 19 21 20 25 26 35 15 11 16 10 18 12 16 30 29 16 16 15 37 25 19 11 22 15 11 41 23 35 10 27 20 11 20 24 29 35 25 17 19 29 16 16 17 24 13 30 26 33 
18 24 10 17 18 26 17 36 15 15 17 22 28 12 21 33 26 17 22 13 21 25 22 25 16 25 22 31 24 21 20 32 13 21 22 22 27 33 31 30 12 21 19 13 16 27 16 34 26 32 19 30 11 12 19 25 21 16 19 34 
20 25 24 19 17 27 17 32 15 11 25 17 16 27 26 31 31 34 19 13 9 15 27 22 24 26 10 16 18 15 33 11 16 14 14 16 26 34 31 24 23 24 22 20 17 27 19 30 19 34 6 21 20 20 19 21 22 29 21 21 
26 36 28 23 13 28 21 26 23 15 32 15 25 27 33 28 42 41 27 20 14 22 31 20 13 40 24 23 14 15 37 33 7 27 19 16 23 28 36 8 15 17 21 11 27 34 23 35 19 35 14 29 20 26 16 23 14 24 34 31 
33 13 27 21 11 39 24 21 10 27 28 17 31 34 31 26 31 23 10 18 18 17 16 25 13 22 35 26 20 17 27 23 16 24 18 9 21 34 32 29 19 24 24 21 22 19 26 34 17 32 29 22 14 12 24 26 14 20 27 20 
25 24 19 24 21 18 18 27 13 19 38 16 28 21 31 25 16 25 23 22 24 22 26 19 23 18 24 29 19 14 37 37 17 7 29 18 27 34 10 30 7 14 20 10 21 17 10 31 9 19 25 28 14 22 29 29 21 26 19 22 
27 25 12 21 20 16 20 23 12 21 26 15 21 18 30 24 22 19 25 14 16 20 22 32 15 27 18 20 22 21 27 29 21 13 13 18 21 8 24 19 28 27 23 17 25 22 17 27 13 26 28 35 9 20 21 36 18 36 18 21 
21 29 15 20 10 14 28 24 19 21 37 9 19 17 19 40 29 22 19 24 16 32 13 18 18 25 23 7 25 8 17 25 16 15 25 18 30 21 46 19 24 21 13 30 35 29 25 32 22 35 30 26 19 16 24 23 10 28 34 16 
29 25 27 19 21 23 20 25 9 14 23 19 36 32 30 36 32 43 15 14 17 22 18 28 24 9 26 34 16 22 33 14 20 26 21 23 19 44 39 15 19 25 21 15 32 42 17 28 30 27 28 19 26 6 20 30 23 14 37 15 
22 44 20 16 10 36 21 21 19 24 22 21 30 21 32 19 41 25 29 11 27 29 13 28 12 37 15 29 35 15 34 19 10 27 20 22 32 22 19 25 22 22 15 30 37 15 17 27 17 19 16 37 22 25 25 25 19 26 19 16 
30 21 21 16 16 22 31 27 18 30 13 14 25 35 41 39 14 20 25 13 20 23 23 22 18 28 23 31 14 18 16 40 18 26 15 20 36 13 33 26 20 18 25 22 30 9 15 32 17 46 20 34 20 14 14 37 15 27 26 22 
23 32 24 28 14 27 23 29 9 22 7 27 20 21 31 40 14 45 20 22 25 30 25 19 21 31 31 25 14 14 39 21 18 17 20 20 26 41 26 19 25 29 17 18 20 31 15 21 23 26 23 37 22 22 26 25 16 29 23 28 
17 28 23 19 21 10 33 31 19 26 28 27 22 44 22 25 36 37 29 18 25 28 18 15 20 32 28 18 12 23 22 28 17 23 25 12 17 29 32 10 23 16 24 22 39 21 24 29 21 41 22 38 18 7 23 19 17 10 16 13 
33 26 9 11 14 26 32 27 15 25 34 10 31 24 21 22 20 18 24 13 27 9 15 41 22 24 30 27 8 16 26 16 16 25 23 11 28 35 33 21 16 14 21 18 23 30 20 41 12 24 19 49 15 13 23 28 16 24 33 33 
11 33 18 16 18 27 31 20 22 5 34 21 14 26 30 42 30 33 14 8 14 13 12 35 10 26 26 32 19 8 27 21 13 16 20 10 19 34 34 25 13 19 20 25 21 27 19 28 25 19 31 22 15 15 10 48 15 18 31 37 
18 32 18 20 17 15 33 37 9 26 26 11 16 31 32 29 33 18 20 15 27 22 20 25 27 33 16 27 18 18 23 23 13 28 20 15 24 31 22 30 23 24 20 40 15 26 19 31 23 27 16 22 14 23 31 28 14 15 25 8 
17 27 22 9 14 24 15 19 15 21 27 18 27 32 28 20 26 26 24 5 21 26 17 30 23 24 34 33 19 18 38 32 16 23 19 23 20 27 35 22 27 24 25 18 23 23 24 20 15 24 17 22 25 12 13 28 22 48 21 29 
23 26 20 15 20 34 19 28 7 20 14 18 29 41 14 14 28 28 23 16 30 19 36 29 25 34 33 37 26 14 33 33 17 18 14 14 18 20 21 21 20 24 21 22 28 27 22 32 19 25 33 36 18 1 31 27 18 21 25 26 
23 30 18 14 16 30 19 32 11 14 34 16 26 37 34 43 41 35 23 17 24 12 29 34 13 28 29 21 13 19 13 25 13 22 21 27 21 17 20 15 26 23 26 22 21 20 16 30 20 19 16 29 18 25 17 30 10 35 28 18 
18 33 20 21 17 20 19 27 10 19 28 14 29 23 27 37 29 21 21 15 24 14 25 24 16 31 29 26 20 17 41 28 9 17 22 12 23 30 34 6 13 29 23 23 20 21 18 22 17 34 17 30 18 20 21 17 15 12 29 24 
13 31 21 21 16 23 27 16 15 13 25 16 17 15 23 23 34 30 13 13 16 23 20 21 13 28 33 28 9 13 23 19 19 25 25 14 2 43 34 17 26 26 14 14 42 46 25 38 24 37 31 40 26 13 25 22 16 37 36 22 
26 39 33 20 21 24 29 29 15 23 31 15 32 37 17 30 18 25 22 20 16 17 22 23 16 28 28 26 25 15 38 30 11 17 30 22 24 32 30 22 13 25 21 22 28 15 21 19 28 22 15 45 19 15 25 28 18 24 20 23 
22 29 25 23 12 9 23 38 14 16 28 10 19 31 22 35 29 28 17 17 22 27 22 23 18 27 30 42 20 20 41 21 19 22 18 16 24 31 12 12 17 17 20 25 13 26 18 32 13 31 18 35 21 18 25 30 11 8 31 23 
23 35 23 9 17 28 11 39 6 32 22 19 14 24 25 53 41 16 22 19 21 22 20 34 9 29 26 37 30 19 9 34 9 26 16 9 22 28 23 17 24 22 22 10 28 7 22 24 25 39 16 30 20 16 28 28 15 27 17 15 
26 14 15 13 18 20 15 15 13 14 30 15 28 31 30 28 33 23 28 17 18 23 21 26 20 27 23 28 24 19 21 28 12 31 22 17 22 28 26 10 17 17 20 27 23 33 18 31 20 31 13 34 25 21 13 28 16 36 27 23 
26 25 20 9 11 19 31 29 16 18 24 17 23 32 24 31 31 32 24 10 26 16 28 21 20 30 18 23 26 16 26 26 14 21 27 7 27 27 33 23 14 27 23 19 38 15 19 34 26 37 25 40 16 12 25 30 16 24 17 18 
16 29 14 23 21 27 34 28 13 26 25 15 31 30 32 19 14 6 29 16 25 16 30 37 26 12 21 26 25 16 27 29 17 20 20 19 24 19 19 23 19 15 14 17 35 21 24 20 23 32 26 29 6 19 19 22 7 25 31 21 
20 20 26 19 17 30 9 32 13 26 27 15 28 21 30 27 22 27 16 11 32 41 23 16 17 37 23 25 24 14 35 27 20 17 20 9 30 18 30 7 5 19 21 13 19 33 25 40 23 29 22 42 20 26 15 19 23 23 21 22 
23 40 33 8 15 9 33 12 12 25 20 17 28 34 19 31 14 33 21 12 19 26 20 28 17 27 21 31 15 16 27 35 22 19 15 19 15 46 19 24 16 13 21 14 29 28 21 32 19 32 21 34 21 22 19 36 21 20 26 30 
18 28 24 14 9 16 18 21 14 18 27 22 29 30 27 48 29 29 24 23 16 16 18 29 22 36 12 36 17 22 33 23 13 25 22 24 22 28 24 16 24 24 19 20 16 21 25 19 26 46 24 33 21 22 26 15 16 34 36 20 
34 24 24 14 17 29 23 28 18 12 20 26 13 39 17 36 29 38 22 18 24 16 20 17 22 31 25 32 28 7 40 23 18 29 13 28 21 40 32 24 15 33 27 13 36 31 29 35 22 43 22 35 21 22 23 22 21 28 16 18 
35 27 17 16 16 26 21 39 15 12 24 8 15 25 31 26 42 24 20 10 31 14 33 32 25 33 27 37 5 16 41 29 14 27 17 15 21 24 21 9 19 16 21 25 15 29 26 35 23 26 15 41 16 10 14 31 13 34 39 20 
37 39 17 15 15 17 32 15 14 19 28 21 32 13 10 12 32 15 24 13 18 22 18 27 17 27 14 30 30 20 40 30 21 21 17 12 19 13 26 19 19 27 19 14 20 19 26 31 19 23 23 41 21 20 14 17 15 27 29 31 
19 23 24 16 15 34 28 33 8 14 22 19 16 44 28 22 35 32 30 17 19 27 26 26 19 13 30 22 15 14 38 33 15 18 17 11 9 30 28 10 19 14 18 20 20 14 8 38 26 30 20 11 13 20 24 20 16 34 25 29 
31 36 20 26 16 27 23 33 11 17 24 6 30 26 5 29 33 21 24 15 21 14 21 28 18 21 24 38 22 10 25 21 15 8 25 18 19 26 35 16 16 25 20 23 26 24 30 31 16 34 27 31 22 20 24 21 20 19 28 22 
23 22 15 22 17 26 26 7 17 16 18 10 20 27 23 26 26 40 9 15 13 15 19 18 14 22 30 24 14 18 28 24 18 20 9 19 20 7 31 19 18 17 14 16 23 27 27 18 21 16 18 36 14 15 18 12 21 21 17 25 
24 29 19 25 15 29 25 23 16 14 33 16 25 32 36 41 21 37 17 11 20 7 25 24 24 43 32 24 19 18 11 21 12 22 11 20 16 50 15 21 15 21 19 16 19 20 18 20 9 26 20 37 23 13 14 21 24 15 24 22 
23 18 27 12 17 29 14 23 13 24 30 19 12 21 12 31 23 28 24 14 19 19 14 26 8 28 17 30 22 21 32 35 10 27 20 16 19 30 14 27 19 19 12 21 21 37 26 37 22 19 15 24 21 9 17 25 18 25 15 27 
24 34 30 23 14 25 12 28 13 20 28 15 10 26 37 32 14 19 12 18 22 9 25 25 15 18 34 36 24 15 28 31 14 22 18 22 13 41 32 21 23 31 27 13 29 25 20 35 11 37 26 25 18 22 23 19 10 27 30 28 
26 17 25 23 14 38 32 29 22 23 15 17 27 25 3 40 30 28 22 13 18 29 30 23 15 39 21 14 12 17 18 31 13 15 17 22 16 34 20 18 27 20 20 22 25 25 22 12 24 55 24 19 14 14 12 17 28 34 18 19 
20 24 22 18 11 20 34 21 19 27 35 18 32 26 29 37 24 29 26 14 27 31 25 29 17 36 30 13 11 13 19 19 24 17 21 23 25 26 31 20 18 23 19 13 16 24 19 25 21 29 30 24 27 15 30 31 12 35 26 29 
23 31 38 20 21 28 12 34 13 22 21 14 31 35 11 30 25 25 21 14 18 15 23 35 29 36 29 33 9 17 18 23 6 27 13 15 23 42 28 23 16 19 22 28 21 26 31 31 27 23 17 35 23 20 3 28 10 26 25 26 
30 12 30 26 18 12 26 26 15 15 29 18 22 34 21 40 34 30 23 15 25 30 19 26 14 31 27 28 23 17 33 19 22 29 17 16 26 37 30 17 17 21 26 6 11 24 20 46 20 34 24 29 32 14 31 17 13 20 24 23 
26 27 18 18 22 22 27 25 11 22 29 20 8 20 23 40 32 25 25 13 24 25 12 34 14 37 31 26 17 12 42 17 14 16 11 13 25 27 24 16 10 15 13 19 30 22 21 21 23 31 34 13 28 16 20 34 12 31 25 19 
20 20 21 18 22 27 36 37 12 20 35 34 22 39 19 48 27 14 25 13 25 16 17 31 26 24 15 28 18 19 21 18 13 11 20 10 15 14 39 13 23 25 15 27 27 23 25 22 16 20 19 44 19 17 20 25 19 31 19 28 
38 20 19 24 16 9 24 21 18 25 30 20 21 16 22 33 41 25 20 19 14 13 13 13 18 34 24 32 21 16 26 15 22 29 19 26 32 16 36 20 31 21 19 19 29 30 22 22 27 37 22 33 24 18 24 24 14 38 21 13 
25 33 17 15 11 10 31 39 15 18 28 23 18 19 19 29 32 49 23 14 20 18 32 20 14 34 27 27 20 21 30 30 19 17 19 16 14 20 33 16 17 18 21 20 27 20 16 27 13 41 19 22 16 22 19 23 14 26 19 14 
31 32 16 11 13 21 27 38 22 17 20 18 34 26 9 26 16 37 29 16 23 29 13 20 22 21 25 23 27 20 37 31 13 32 18 9 11 24 31 31 17 19 10 15 31 23 22 50 21 31 19 48 27 16 16 28 10 21 21 34 
20 24 20 12 12 22 26 20 11 24 27 20 24 18 21 41 32 32 21 12 22 23 24 20 19 31 10 35 15 13 44 40 14 25 20 23 20 15 8 29 11 10 15 30 40 23 19 29 19 32 20 19 16 13 20 12 20 21 23 16 
35 10 23 24 14 37 15 15 13 17 34 24 17 26 26 22 16 15 30 20 22 23 13 29 15 27 31 28 24 20 20 34 9 29 13 12 22 27 36 26 19 23 13 20 31 21 25 39 16 25 24 21 11 16 24 20 11 37 19 17 
33 38 23 21 19 27 22 23 13 18 24 22 39 26 18 34 25 12 23 17 13 24 29 25 14 21 15 25 20 18 29 24 18 13 21 19 22 27 20 26 17 25 18 23 21 16 27 36 15 34 27 14 23 21 19 33 17 37 23 22 
22 21 14 19 15 22 30 31 17 13 25 18 22 24 17 38 22 32 15 16 17 20 22 17 16 39 15 35 11 12 43 25 8 24 11 19 18 18 11 30 17 27 18 17 18 32 28 38 24 41 33 26 12 16 18 27 26 27 17 20 
35 18 16 14 13 18 19 23 13 26 18 10 11 34 19 44 34 30 27 11 21 14 15 25 27 22 28 37 15 19 22 26 20 19 11 13 31 31 39 26 22 27 20 11 22 20 19 39 22 32 27 41 17 17 9 39 21 30 26 18 
30 28 20 20 14 21 23 23 15 25 26 16 26 30 23 30 30 36 23 19 25 27 19 24 12 16 29 32 10 11 37 15 16 21 17 22 21 35 39 13 15 10 19 14 33 28 30 20 23 35 17 33 12 11 16 31 21 21 4 13 
26 24 27 18 17 31 14 22 17 33 22 13 22 32 24 31 33 25 17 8 13 22 22 35 13 34 29 32 25 13 38 28 12 27 16 26 24 33 23 27 25 18 17 25 32 29 18 35 16 27 27 39 21 17 19 29 19 26 19 34 
28 41 16 19 19 29 15 38 19 18 18 16 20 27 19 28 36 35 20 12 12 30 20 27 21 35 20 26 24 13 23 14 17 21 17 32 21 19 28 24 16 29 22 24 36 20 15 29 22 31 33 36 23 16 30 35 16 25 24 18 
25 13 24 19 14 16 18 19 16 21 35 25 24 30 26 17 23 23 28 15 11 11 12 15 18 26 24 22 14 18 15 34 18 21 20 20 28 25 19 24 19 29 20 20 31 35 23 35 23 19 21 42 18 8 20 24 11 21 19 35 
16 32 31 12 10 24 24 35 5 12 11 12 34 30 39 32 26 23 16 21 26 18 19 10 17 29 27 8 19 15 34 29 24 19 14 22 22 11 33 27 23 19 18 30 32 29 19 24 23 32 34 36 24 20 15 22 12 29 23 21 
24 26 12 23 16 24 33 29 21 20 31 17 21 30 22 20 23 32 22 22 17 24 22 18 29 27 35 30 17 16 41 15 22 26 14 18 21 37 12 19 17 17 13 24 31 28 27 29 8 22 24 24 24 20 20 18 21 31 34 25 
46 24 25 15 17 18 20 15 18 27 40 15 9 33 28 30 25 27 14 18 16 23 25 46 11 37 24 28 21 16 45 29 18 16 19 20 27 14 41 18 26 31 16 25 34 32 13 40 15 40 14 25 29 23 25 26 16 29 19 26 
29 25 19 17 19 18 33 27 18 12 20 26 26 30 13 41 32 25 20 12 21 22 24 26 16 26 15 18 14 17 29 16 17 24 19 20 12 16 19 32 9 21 20 17 20 39 21 16 13 30 21 39 20 8 15 37 16 28 21 22 
19 31 24 17 21 19 32 23 9 24 20 16 22 18 18 28 12 26 21 15 24 18 18 35 18 26 29 18 22 21 42 33 12 16 10 21 12 20 36 18 21 34 16 24 16 36 22 38 14 41 18 34 18 17 16 30 14 27 20 22 
36 27 16 21 12 18 24 33 14 16 8 24 16 27 16 16 31 19 17 4 26 28 17 23 21 26 22 32 18 11 14 30 11 15 18 14 20 23 23 21 19 24 12 22 18 17 30 27 19 27 17 38 21 20 19 32 24 13 21 34 
31 30 15 19 12 23 29 32 16 23 39 23 29 8 23 28 21 33 27 16 17 32 26 31 16 25 15 22 20 18 21 26 14 22 18 23 19 23 21 26 21 18 22 8 14 29 28 44 21 28 24 14 13 27 12 27 16 37 29 21 
22 39 20 15 14 20 32 31 20 17 14 16 20 29 17 29 32 26 32 21 19 23 19 29 13 29 25 24 21 10 32 30 12 28 20 16 23 31 30 24 26 10 19 21 22 30 26 40 24 39 29 45 9 11 20 28 20 17 17 26 
16 31 17 20 12 13 33 23 12 19 26 14 20 36 32 32 17 23 20 14 24 23 12 15 24 43 22 17 18 11 42 29 15 21 30 25 24 41 34 19 20 28 11 25 19 35 23 40 14 26 27 38 27 16 11 20 21 31 26 22 
25 36 23 27 9 20 24 28 17 20 24 15 27 17 30 46 22 33 20 21 20 8 26 23 18 24 21 27 21 15 32 26 19 20 16 19 5 27 29 23 16 16 25 26 21 18 22 41 17 23 20 26 14 3 18 21 12 41 21 20 
15 22 14 22 12 18 24 30 21 25 33 12 12 33 20 28 12 29 24 5 19 18 22 8 15 35 34 24 11 18 41 27 15 24 25 23 17 24 25 24 22 19 20 22 28 35 21 37 30 29 22 35 25 9 20 23 14 15 31 26 
26 19 26 15 15 20 26 27 22 19 33 20 22 20 19 39 13 11 21 13 15 17 20 14 31 15 22 30 18 17 37 28 20 12 11 23 21 25 34 23 19 19 20 17 30 36 32 28 10 34 19 10 12 21 25 25 18 27 17 27 
32 19 23 17 15 24 12 32 17 29 17 25 20 30 17 34 23 19 12 18 22 17 29 27 19 34 28 7 24 16 29 36 20 25 15 11 24 38 30 28 14 24 23 25 27 32 18 13 17 33 23 20 18 22 26 33 14 19 33 30 
17 41 20 7 11 17 35 28 19 21 18 23 15 36 12 36 37 25 24 22 23 19 19 11 17 27 21 28 13 13 24 27 19 18 21 6 23 27 23 12 22 21 23 17 37 27 31 45 26 34 29 31 25 12 23 24 12 30 35 26 
16 39 26 16 15 17 19 20 16 23 18 25 26 40 32 30 32 25 20 18 10 14 25 26 18 22 25 31 27 13 42 41 14 21 23 24 14 20 32 21 25 18 22 14 36 27 15 22 18 38 31 21 18 17 23 21 20 24 17 29 
28 12 35 17 11 28 23 9 16 31 13 21 24 25 17 21 25 20 11 7 17 24 25 26 21 33 24 14 16 22 25 22 19 23 8 18 29 37 24 12 14 17 24 19 22 30 24 35 21 27 28 33 16 13 14 31 13 28 22 29 
24 22 31 17 13 20 22 26 14 19 24 12 25 20 24 32 28 18 19 15 24 26 20 15 10 31 15 36 27 19 27 38 18 27 25 15 26 25 22 14 19 30 13 17 24 35 25 37 30 31 25 32 21 12 12 26 15 28 8 19 
33 40 21 18 11 27 23 37 16 18 16 12 22 27 24 28 24 17 10 10 19 10 23 25 20 29 25 20 20 19 20 11 19 23 10 26 17 35 34 19 17 28 21 25 37 28 19 34 11 18 16 18 15 20 26 19 9 28 36 9 
17 24 17 15 21 28 23 20 16 15 28 13 29 28 19 30 22 24 23 13 20 32 26 15 13 27 18 40 14 13 15 32 22 24 29 19 13 12 36 32 16 28 25 14 37 20 15 34 24 42 15 18 13 23 17 36 14 31 30 30 
22 32 19 12 12 19 34 21 9 16 26 23 28 36 17 24 33 32 21 19 20 15 25 23 15 31 21 7 38 14 21 27 21 30 17 25 30 8 26 21 21 24 21 23 25 39 28 26 13 38 19 36 9 19 29 19 19 32 35 15 
22 34 34 11 20 25 26 38 13 28 24 24 27 30 32 39 17 18 7 13 13 20 15 22 18 35 35 26 25 17 45 16 20 16 22 20 24 28 36 21 11 12 18 26 31 36 20 33 17 28 28 35 18 12 16 25 15 17 26 20 
13 25 20 21 8 26 17 26 19 24 26 11 24 26 28 9 28 44 22 15 29 18 29 24 16 33 20 35 24 11 36 21 15 26 13 21 22 35 24 24 19 21 27 17 24 32 22 34 18 17 20 35 14 12 32 26 19 40 25 29 
27 19 10 16 18 22 29 21 15 21 13 17 17 25 4 29 29 29 22 17 18 24 19 33 13 32 12 29 18 14 31 17 15 16 25 10 16 30 17 17 20 28 10 18 36 27 39 29 22 34 26 47 17 20 19 32 17 35 33 23 
32 28 35 26 12 17 20 24 21 15 32 7 20 30 29 36 31 28 21 17 14 24 28 20 22 32 32 26 20 18 44 34 18 16 20 17 28 22 23 17 12 17 25 24 22 31 14 34 10 29 12 28 16 16 11 25 17 35 45 30 
12 21 21 12 3 35 11 27 16 28 28 21 25 31 21 31 38 21 32 15 18 24 19 15 14 33 22 23 22 14 7 23 12 16 20 23 31 43 15 21 23 19 25 29 24 26 14 15 16 22 27 29 24 14 22 24 12 20 20 30 
30 33 24 17 12 28 37 31 18 19 19 15 40 29 32 28 35 30 32 28 20 24 27 32 24 36 28 28 12 16 33 27 13 24 19 17 20 30 29 20 20 22 20 10 32 28 14 40 11 27 19 33 12 24 22 18 20 36 28 22 
27 31 40 9 17 33 24 10 14 9 32 18 21 27 22 20 25 31 22 15 24 34 38 31 26 32 20 19 16 23 30 22 16 22 27 22 24 46 29 22 19 21 14 16 25 21 15 30 20 43 22 29 17 21 21 35 17 32 27 30 
26 33 22 23 17 25 27 32 23 13 30 17 36 51 26 23 13 47 21 8 13 24 17 19 23 27 32 16 27 17 31 19 20 22 24 22 27 23 47 19 14 18 18 22 9 24 24 26 13 34 31 29 17 8 23 42 18 30 25 17 
26 27 22 13 23 31 21 26 18 21 23 15 27 42 26 32 32 29 27 15 13 9 17 14 25 29 20 29 17 19 27 29 19 18 16 19 26 26 22 10 22 17 28 18 26 26 25 19 24 45 9 27 15 16 13 18 25 32 27 21 
32 22 13 24 11 31 32 17 27 10 10 19 6 31 18 40 22 39 18 7 26 23 16 16 14 23 28 31 21 18 28 36 8 23 28 16 13 34 12 20 20 19 17 35 28 28 24 28 18 26 17 30 19 14 15 19 14 39 19 23 
28 29 24 22 17 24 30 30 9 27 25 19 34 25 37 41 33 25 27 13 21 20 18 29 21 37 27 21 23 16 29 20 13 32 13 13 22 35 23 16 14 14 20 29 23 23 18 36 26 31 11 24 24 16 26 32 17 32 18 24 
22 42 25 23 12 20 15 29 18 18 28 13 27 37 23 19 29 51 17 12 17 24 14 28 20 34 24 27 16 19 13 20 20 14 19 18 15 29 26 10 16 15 26 27 31 25 16 41 22 29 23 24 22 25 26 36 15 22 21 30 
10 25 24 22 10 18 23 31 19 12 23 17 39 20 21 22 32 19 33 16 18 16 24 19 18 43 20 38 21 11 20 26 20 12 18 20 21 27 36 15 5 27 18 26 14 27 13 35 25 28 24 42 19 25 11 28 21 40 34 30 
28 40 38 21 14 23 32 28 18 24 27 12 23 36 17 41 31 33 31 16 20 15 16 23 12 24 13 40 28 17 23 29 24 18 21 16 15 27 25 20 9 24 13 17 21 30 19 32 27 31 21 35 17 8 4 25 16 36 13 33 
21 16 23 15 23 24 17 21 11 28 37 21 24 27 31 29 32 22 18 11 15 27 16 25 25 21 14 13 13 9 24 14 15 17 18 10 18 44 28 22 21 28 20 17 29 31 11 16 21 42 23 33 14 15 14 20 15 37 31 16 
31 17 9 12 14 33 25 25 13 32 21 14 22 38 28 34 11 25 32 16 19 21 4 26 22 37 16 23 21 15 33 24 23 24 6 18 22 22 28 7 16 22 22 16 21 41 7 51 17 45 30 42 15 15 19 36 14 26 22 26 
29 20 31 27 15 20 30 18 17 14 30 19 31 26 26 30 44 24 22 10 24 18 18 35 16 15 22 31 20 17 40 19 17 20 24 16 16 32 17 17 21 23 22 20 27 38 22 10 19 17 27 30 15 14 21 22 19 35 21 22 
22 17 16 16 17 20 24 39 15 21 13 20 18 34 20 22 28 31 15 18 25 11 15 32 21 16 17 21 17 14 42 27 17 6 17 17 15 26 22 23 15 30 20 13 34 31 20 26 20 24 27 26 9 26 31 38 17 50 8 16 
24 23 25 17 15 30 19 17 18 13 44 14 33 20 16 43 25 29 18 13 11 18 28 20 6 18 29 30 13 14 34 22 13 31 19 23 26 40 29 10 21 16 28 17 28 35 31 34 20 21 26 36 20 13 25 13 12 38 25 26 
21 31 20 15 11 18 25 20 24 27 32 16 14 19 18 35 22 23 30 19 14 22 29 26 13 23 25 12 20 11 27 17 14 14 28 22 29 24 27 25 18 23 14 13 21 26 27 42 20 36 30 27 16 22 16 20 10 24 29 15 
24 25 20 13 19 14 30 25 14 14 31 17 31 24 31 28 19 21 12 16 22 22 17 34 20 42 31 37 17 14 29 25 12 17 24 23 11 19 28 22 32 33 21 17 21 34 11 18 22 35 28 43 20 23 23 28 15 23 36 16 
13 35 13 14 9 15 9 22 24 15 13 12 23 20 20 18 19 34 17 12 21 24 19 5 15 39 11 15 28 17 28 20 18 7 24 13 14 37 24 21 16 20 21 15 27 29 22 24 18 24 27 25 17 22 20 27 17 22 27 29 
35 36 21 8 12 26 25 28 20 19 26 17 34 23 27 46 35 14 12 9 16 18 28 18 12 36 17 18 28 9 26 26 13 18 25 22 26 25 24 24 18 19 24 22 13 39 16 29 13 28 26 29 19 14 19 30 12 27 21 17 
32 18 23 25 19 18 20 26 22 17 18 16 26 29 20 29 29 33 21 27 21 15 17 19 16 26 6 28 18 21 33 19 16 22 23 16 23 37 21 18 20 26 26 22 27 28 26 37 17 31 27 33 31 15 20 25 20 28 25 20 
21 22 25 21 21 35 18 26 16 12 21 18 22 26 22 24 22 19 25 17 27 13 25 24 26 31 30 25 14 19 30 18 12 22 26 17 31 26 30 19 20 12 25 27 29 26 21 26 14 23 22 22 19 10 17 15 11 30 27 34 
31 46 29 22 14 37 37 23 13 25 12 20 18 36 26 15 18 27 5 20 30 23 23 17 17 17 8 33 23 14 22 31 14 18 14 31 25 33 30 21 23 29 19 26 33 28 14 30 21 31 35 35 12 23 23 12 10 18 18 20 
44 24 18 20 17 21 26 27 9 28 23 25 15 41 31 19 32 21 31 13 28 21 22 32 21 26 25 38 14 15 26 27 17 25 11 22 12 29 25 28 20 18 18 27 22 14 32 31 20 25 14 34 20 23 29 27 12 32 26 26 
33 35 29 16 13 28 17 40 11 17 27 10 25 20 34 36 24 30 21 14 18 17 27 31 18 23 21 18 15 16 30 26 19 22 14 21 21 13 27 17 12 26 16 19 17 19 13 29 22 37 27 42 14 21 28 32 12 33 27 25 
28 23 6 16 20 25 20 20 24 15 24 21 5 13 26 27 37 37 14 16 15 15 22 19 16 22 21 19 22 14 30 20 7 9 10 18 9 48 21 22 15 20 22 16 19 23 22 26 16 32 17 33 29 31 26 16 16 31 19 23 
25 34 19 20 15 27 19 24 17 18 16 17 31 13 27 30 24 34 9 18 22 24 22 29 19 31 23 30 28 11 37 30 15 3 27 14 10 29 28 20 13 12 15 20 24 15 19 20 10 43 30 26 14 8 16 33 15 36 3 25 
20 35 30 19 19 10 33 20 16 18 11 19 30 35 25 10 33 22 18 8 22 20 21 32 25 25 25 20 20 22 24 29 20 13 20 22 22 32 39 10 20 14 31 14 24 28 33 31 19 25 24 15 16 17 19 30 14 24 30 35 
32 13 16 25 10 25 22 30 6 12 21 16 28 22 24 12 38 32 28 10 20 21 31 26 15 30 20 17 20 12 33 34 17 26 27 17 14 25 25 20 21 23 20 17 19 30 29 50 17 19 17 19 21 18 30 32 16 20 18 32 
30 20 26 20 22 21 32 32 11 10 31 18 29 18 26 33 27 42 31 20 22 18 20 31 31 37 20 21 21 18 25 19 19 19 25 25 9 20 36 19 12 21 16 29 29 32 23 28 14 35 19 46 15 17 10 33 19 27 27 23 
27 33 26 24 18 26 24 8 21 24 13 14 32 32 21 31 34 24 12 16 13 12 34 32 11 29 18 33 26 6 28 35 21 16 14 19 29 12 37 24 21 29 17 40 14 26 9 37 16 13 24 35 18 22 15 36 16 46 25 26 
36 23 24 15 13 27 14 15 16 23 25 15 20 19 14 29 34 12 16 12 19 22 18 20 20 33 21 28 11 21 19 21 18 22 24 23 17 43 26 18 20 20 22 21 36 26 24 29 5 41 13 32 18 13 17 24 20 26 28 17 
29 35 16 15 14 24 20 46 18 19 28 20 36 27 27 29 29 41 17 25 14 32 30 25 23 24 24 40 19 14 30 28 21 3 19 31 21 22 17 28 15 21 17 31 23 29 17 19 18 32 24 33 22 10 19 20 15 23 27 18 
24 28 27 18 15 19 19 25 17 18 27 10 24 31 26 33 45 31 19 17 10 21 25 24 11 39 23 22 23 20 22 31 21 18 16 20 18 8 38 15 24 15 21 21 23 25 20 37 21 6 30 24 16 17 16 34 16 9 31 26 
29 32 25 21 16 20 23 27 21 22 27 12 35 40 28 14 27 28 24 18 22 27 21 22 27 32 26 38 22 18 40 32 16 28 13 24 12 26 44 22 17 25 13 18 25 17 36 30 33 31 16 31 15 19 4 32 16 38 27 20 
29 27 32 26 15 32 27 34 20 19 17 17 23 34 33 28 38 35 24 17 18 12 28 21 20 21 26 23 20 17 17 29 10 11 27 18 21 12 39 11 21 23 15 14 34 29 25 31 17 22 30 46 29 19 26 36 16 21 25 24 
34 29 19 16 15 31 31 25 16 20 26 19 30 32 24 31 29 19 15 19 20 25 23 28 15 18 30 23 19 15 30 28 20 29 23 17 25 32 30 20 24 27 18 10 20 29 18 34 21 21 21 8 20 14 30 27 17 27 22 24 
31 34 25 18 16 26 26 15 17 11 19 8 31 34 31 15 31 42 15 16 21 25 26 29 14 14 33 37 19 2 30 33 27 15 16 13 16 41 25 21 16 20 26 16 27 27 13 23 19 15 36 19 10 15 21 26 9 27 32 29 
36 13 29 19 14 20 26 29 10 11 25 22 23 36 30 22 25 39 15 9 20 20 22 26 24 24 15 21 23 9 43 21 10 12 18 17 22 36 28 16 12 18 20 27 18 12 19 17 14 24 16 32 13 8 14 26 18 28 28 27 
31 52 21 17 9 19 17 28 20 15 35 24 24 29 26 54 33 23 25 18 20 21 32 31 14 31 31 13 18 16 17 23 12 29 25 16 17 25 22 13 28 19 16 19 28 21 28 17 20 30 22 32 11 15 16 26 13 29 22 23 
32 33 16 20 16 27 31 22 16 22 38 22 30 21 15 29 34 24 17 15 17 3 14 22 22 9 32 17 15 18 29 28 12 17 21 13 20 20 39 23 15 29 15 19 25 21 24 27 12 36 17 44 17 19 13 20 22 50 28 35 
18 27 10 14 15 11 19 36 18 19 32 17 16 38 21 28 36 36 26 18 18 23 11 15 18 23 22 19 17 17 39 20 13 23 28 20 31 30 26 16 12 22 19 20 20 23 11 30 14 25 22 22 19 16 24 14 18 33 35 27 
36 37 19 20 16 22 23 24 15 16 41 24 16 28 22 34 11 29 26 19 17 22 19 27 13 28 17 31 17 17 30 18 26 21 21 14 15 32 26 9 15 28 24 26 29 23 31 50 17 40 19 18 22 22 12 22 20 37 32 22 
33 33 27 19 15 19 25 17 18 18 26 25 30 23 11 20 34 37 12 13 11 14 24 28 11 35 10 27 13 15 35 27 19 24 22 18 23 21 29 13 27 29 14 18 8 27 25 34 21 23 18 16 24 17 11 24 19 24 20 29 
26 18 27 25 16 21 18 16 17 21 26 9 31 22 6 23 20 27 14 19 14 28 14 28 20 32 17 38 27 17 11 40 11 24 11 16 21 35 21 22 22 23 16 16 15 8 26 26 8 22 12 17 20 18 7 26 18 47 19 28 
23 10 18 14 23 19 20 26 17 16 26 18 15 24 14 23 37 34 24 15 21 25 14 13 20 30 17 15 19 14 46 13 8 20 23 9 24 37 30 34 7 23 25 8 19 24 14 29 25 28 12 31 14 19 9 31 18 37 28 18 
24 26 22 19 11 23 31 36 16 22 28 20 23 27 38 30 37 27 12 13 14 22 24 20 16 28 19 27 23 12 30 8 12 30 24 20 21 26 22 22 22 25 19 13 11 26 6 51 17 21 17 23 23 15 18 29 17 40 34 24 
12 23 22 21 17 21 35 31 23 16 19 21 14 31 18 34 20 30 25 15 14 21 22 23 17 24 18 24 25 16 25 36 15 21 19 24 26 19 12 34 14 19 13 22 27 25 26 23 16 26 19 42 24 17 22 23 16 33 30 21 
34 30 23 21 22 22 34 20 23 22 26 27 24 26 19 38 23 40 18 24 15 15 21 28 13 32 20 31 10 15 42 19 20 17 23 29 17 30 21 5 21 16 19 19 18 24 19 31 20 24 20 28 14 23 19 38 20 35 33 14 
14 29 23 22 15 10 26 13 19 25 29 19 28 29 19 38 32 20 20 13 33 20 21 24 12 26 25 24 6 10 29 23 13 18 22 17 16 26 28 22 13 20 26 16 16 29 14 32 15 27 22 29 9 19 18 39 12 18 20 15 
34 22 19 18 14 34 16 35 8 18 14 12 27 28 20 28 33 26 14 14 26 14 25 19 23 27 23 29 24 14 31 18 20 17 7 16 29 17 28 24 15 19 16 23 18 18 16 37 18 38 20 10 18 23 25 28 15 27 15 24 
32 11 22 17 18 15 33 23 21 22 32 17 25 32 25 44 25 35 19 13 19 22 26 25 21 19 18 14 27 20 42 15 15 28 10 17 26 30 16 31 8 25 14 13 36 20 11 44 16 30 27 20 17 17 31 19 13 21 18 21 
20 24 16 17 11 27 19 30 12 17 25 29 33 49 30 43 20 37 21 13 16 32 14 15 24 31 21 37 23 19 15 17 11 21 24 17 28 29 19 20 10 31 25 26 28 21 20 16 20 29 22 36 16 21 24 24 19 21 19 13 
25 21 21 16 15 14 43 18 12 9 39 26 20 32 28 33 22 6 27 21 12 16 23 22 15 36 17 29 16 12 31 13 17 25 27 15 20 23 37 19 11 18 24 6 21 24 20 29 15 33 29 36 14 16 20 16 14 28 22 21 
25 44 15 19 13 24 30 22 13 24 25 16 15 17 33 30 36 30 26 16 23 7 23 26 16 24 37 21 22 20 32 30 16 23 24 16 16 27 22 15 16 29 18 14 12 34 18 27 19 35 10 31 21 18 26 22 21 31 14 36 
24 24 23 16 21 23 28 29 16 20 23 10 16 26 25 31 24 38 22 18 22 22 17 20 13 26 15 33 15 16 21 36 17 8 21 16 9 24 36 18 23 13 25 20 22 15 8 60 31 42 23 31 22 15 28 19 16 10 23 30 
19 27 21 20 18 10 25 32 8 15 36 30 25 28 47 14 27 28 19 13 12 22 13 19 9 38 19 23 17 19 33 14 14 19 18 13 13 30 24 27 17 27 19 30 35 23 26 35 22 27 25 35 30 22 19 23 8 28 30 28 
29 29 12 13 18 15 25 25 13 18 29 19 22 9 18 21 30 18 23 15 16 22 28 35 15 30 21 27 13 13 28 30 8 31 22 26 26 28 37 22 13 12 6 8 25 33 24 41 18 28 16 23 16 22 6 23 14 16 26 27 
17 15 25 21 14 18 35 25 18 14 26 20 18 38 22 45 26 27 19 17 22 26 15 26 13 31 19 35 18 11 32 23 12 31 23 5 19 37 22 30 15 14 13 36 23 38 23 31 21 18 24 28 21 15 16 19 17 26 22 22 
26 29 26 22 14 16 35 41 15 23 45 17 24 37 30 21 27 36 23 14 16 20 30 12 23 37 13 14 18 11 31 17 12 23 17 11 19 17 30 20 21 18 12 16 33 17 16 31 13 37 23 22 20 16 13 31 10 37 22 21 
20 32 12 21 12 29 22 29 14 21 21 18 22 23 25 28 36 46 20 15 18 24 24 36 22 34 20 32 16 18 25 32 14 20 13 24 21 50 31 19 18 22 23 22 30 36 13 28 7 21 13 37 31 9 17 31 12 31 33 27 
20 27 23 20 18 31 26 27 14 23 21 24 19 20 19 34 19 23 29 11 22 23 25 22 19 46 27 29 21 7 33 13 11 24 6 15 7 28 17 22 27 23 14 17 23 32 28 34 14 33 27 20 16 11 13 23 15 34 18 26 
18 19 28 15 19 29 28 22 15 22 31 19 21 16 35 50 35 33 19 14 14 14 26 13 21 19 21 27 22 11 40 26 18 14 20 21 18 25 26 27 31 19 20 36 33 21 16 30 19 6 18 24 17 22 27 24 18 35 32 16 
33 48 31 23 24 25 22 22 21 13 39 21 26 21 30 17 30 20 27 16 21 19 20 31 30 42 34 31 26 18 43 16 10 11 16 18 28 37 41 25 10 22 8 11 36 29 23 23 17 23 22 33 24 7 16 26 11 39 31 28 
22 24 33 10 15 34 18 24 16 21 29 19 28 22 29 33 21 24 18 12 26 20 17 34 25 48 19 18 19 19 24 27 12 18 13 19 13 28 30 19 19 21 26 22 19 9 11 37 19 30 16 23 30 11 14 38 13 30 34 22 
17 19 17 4 8 29 17 19 18 26 30 24 24 29 7 27 24 32 16 20 28 31 28 19 23 18 31 13 12 15 38 23 18 17 12 10 34 39 33 10 28 21 27 16 38 11 13 36 22 21 28 28 16 15 22 19 17 32 29 28 
22 32 26 18 10 24 22 21 15 26 18 21 12 31 28 28 31 18 27 16 24 12 38 25 23 34 24 15 26 15 29 31 12 20 17 10 16 48 21 25 20 22 23 12 26 39 25 21 17 32 25 40 24 18 28 16 15 24 33 35 
15 18 16 12 16 27 19 31 11 5 22 22 11 31 22 34 20 26 25 9 21 12 24 29 23 18 32 30 23 13 35 36 19 25 20 27 12 8 12 16 8 21 8 18 35 19 13 11 22 35 22 24 20 13 20 25 18 32 25 21 
34 34 14 18 13 20 28 15 24 15 26 16 30 25 25 41 31 21 21 9 18 31 11 40 19 31 19 29 27 7 38 20 16 23 20 19 27 50 42 22 16 18 19 23 24 11 31 25 20 23 27 27 18 25 20 24 13 27 22 25 
22 40 22 18 17 21 23 21 21 20 21 20 38 36 27 33 21 34 15 20 18 23 19 7 26 48 25 22 15 18 32 23 22 19 15 20 23 41 19 16 22 26 15 23 29 24 19 33 14 31 10 33 17 10 26 28 16 45 24 17 
31 24 30 17 16 29 33 27 19 14 35 17 28 19 20 40 16 41 23 14 17 26 12 31 19 36 33 22 22 18 37 31 17 16 27 20 26 29 23 21 9 23 24 12 19 24 27 21 20 18 20 26 26 16 24 32 16 21 19 30 
36 31 15 9 17 27 26 27 15 13 22 5 29 27 18 30 40 17 23 16 19 19 17 20 15 14 33 22 16 16 20 24 18 22 21 28 30 38 29 17 15 28 16 28 23 21 18 41 13 28 18 46 18 14 21 12 21 37 26 21 
35 31 20 21 14 29 29 15 16 24 29 19 40 39 8 29 21 27 13 15 16 30 19 21 19 29 30 26 20 16 41 23 16 30 26 20 25 26 12 8 27 18 13 16 24 32 20 17 19 35 35 44 19 15 30 29 11 28 23 25 
22 11 17 13 17 30 22 23 10 21 29 8 31 20 18 41 32 22 20 15 24 31 24 22 22 21 24 14 8 9 35 26 16 16 26 28 15 13 8 21 6 16 27 20 10 17 17 28 26 34 11 27 17 14 26 26 13 32 19 21 
25 35 25 15 21 19 30 13 14 11 30 13 30 24 33 29 27 26 24 16 29 24 24 23 16 30 25 25 37 15 22 16 23 28 13 22 23 32 23 14 22 21 17 25 17 22 9 37 19 24 27 31 23 17 13 36 18 19 30 30 
23 32 23 25 20 31 16 24 17 22 18 21 16 33 29 34 19 12 24 14 5 16 15 26 18 32 34 35 18 19 31 22 8 22 20 30 23 23 29 29 19 26 27 24 24 25 22 28 19 22 21 29 24 19 12 26 19 21 22 37 
11 30 25 5 10 9 22 19 13 17 26 19 28 27 23 29 24 19 27 19 21 24 22 20 26 43 29 28 19 15 44 12 18 24 16 20 33 25 24 22 20 38 13 28 24 17 24 29 22 30 29 30 12 19 18 19 18 19 25 30 
27 31 26 15 11 36 25 33 7 13 28 11 37 19 21 11 26 37 27 17 19 22 18 16 17 42 39 30 20 19 27 26 17 16 9 21 17 33 33 12 11 24 19 25 29 21 18 36 23 27 34 42 18 13 27 30 15 29 36 26 
19 25 14 15 17 13 17 21 19 21 18 15 10 26 22 26 28 32 28 15 15 29 15 32 16 39 22 18 20 20 14 34 17 20 20 25 25 30 39 3 21 33 23 25 17 22 16 42 19 19 25 38 23 10 27 29 12 26 30 31 
19 38 17 22 19 14 36 21 16 15 29 23 23 25 26 25 22 27 15 13 21 14 19 13 17 33 22 28 10 11 30 29 19 16 17 20 24 30 16 22 17 21 27 24 34 18 21 38 13 38 13 30 15 8 32 15 15 33 13 30 
29 18 22 16 19 21 30 40 13 23 15 20 15 27 22 12 28 21 27 13 16 15 19 25 20 19 26 28 16 13 40 17 15 31 19 29 26 19 27 24 25 14 20 25 27 26 17 50 19 22 30 35 15 19 15 28 12 25 24 27 
20 27 29 14 11 19 4 19 19 26 27 13 16 28 20 11 26 26 23 9 16 29 30 24 23 20 25 30 12 20 31 20 17 27 28 12 24 41 21 29 10 25 26 12 20 41 29 32 16 30 17 32 28 13 13 19 17 35 39 28 
23 25 17 16 21 22 26 19 13 15 17 25 35 25 16 17 35 40 24 6 27 10 18 17 19 20 19 30 22 12 29 22 12 26 23 24 15 42 21 12 19 13 19 18 28 32 32 27 13 23 21 39 21 17 18 29 16 31 23 27 
35 28 17 17 19 17 24 15 23 25 18 20 31 35 36 15 28 26 20 11 28 20 19 21 24 35 19 29 23 21 51 33 16 17 25 11 20 11 27 20 18 23 19 7 34 24 26 19 23 29 27 32 16 22 22 26 18 25 13 15 
23 19 25 18 22 19 20 19 16 22 20 6 30 37 29 44 25 33 14 5 14 21 29 13 19 36 25 21 23 11 24 25 13 18 19 15 37 26 30 21 20 26 16 24 18 19 23 38 17 17 21 34 28 23 21 23 24 32 21 27 
22 24 19 18 20 24 18 21 17 16 26 11 33 24 20 41 32 39 13 12 13 21 24 33 10 17 25 17 22 18 46 22 18 3 18 16 33 36 26 17 24 19 23 16 28 28 18 44 19 18 22 34 27 13 22 29 16 32 30 20 
32 24 35 26 12 20 30 40 13 25 18 10 24 19 24 37 27 23 22 17 22 22 11 20 13 33 21 18 19 16 24 34 17 17 16 25 20 27 30 18 12 28 10 24 19 25 16 17 23 27 19 14 18 17 44 24 13 28 22 27 
26 24 19 21 16 18 15 18 22 22 21 16 21 48 30 48 36 22 33 13 11 14 17 25 14 24 19 28 17 14 20 28 16 18 15 26 16 35 29 20 17 8 20 21 26 34 9 47 14 42 25 49 19 22 16 39 15 38 29 33 
30 18 23 21 13 24 22 24 15 8 30 17 26 29 32 26 17 30 30 21 23 30 22 31 19 20 23 26 27 18 23 26 19 14 22 15 15 29 30 14 12 20 22 19 32 44 25 39 16 25 22 29 16 10 15 21 15 33 13 23 
25 15 18 23 11 24 28 9 12 13 22 12 27 16 22 19 31 11 19 20 17 31 15 36 11 27 19 18 17 13 16 25 15 12 12 25 29 20 18 27 18 24 29 21 25 23 26 44 24 38 18 34 19 14 7 32 12 45 19 24 
27 27 22 23 18 26 38 22 10 15 24 11 36 35 16 45 39 12 33 14 24 17 23 21 18 29 21 30 23 22 33 36 6 15 27 21 10 17 34 21 15 25 31 14 26 19 26 35 21 31 29 36 17 22 23 22 14 25 32 13 
18 24 24 20 23 18 25 24 17 26 11 20 36 32 29 35 28 40 14 11 9 27 18 30 25 30 23 17 21 13 40 27 11 23 19 31 16 39 23 12 20 28 12 12 22 36 38 38 18 36 24 27 20 12 11 20 18 31 18 35 
28 38 23 17 16 24 29 29 10 12 19 17 27 22 31 28 39 19 24 15 17 21 25 26 15 25 25 26 21 19 28 19 18 31 24 23 14 45 29 9 9 11 16 23 38 31 20 39 21 18 17 23 19 18 25 42 18 39 27 13 
15 19 20 19 19 18 21 24 14 3 15 18 32 31 21 48 29 47 12 10 18 20 18 13 14 35 28 28 26 5 34 24 11 16 25 22 29 11 28 19 24 30 10 18 26 30 21 18 21 28 24 26 21 16 23 31 17 23 19 19 
27 25 17 21 12 15 20 26 15 28 31 21 26 30 39 42 29 23 15 18 14 8 14 20 12 33 24 37 23 14 29 17 15 20 18 17 29 26 39 10 17 28 22 13 21 18 24 26 17 33 27 30 19 13 21 25 6 36 22 22 
20 16 17 15 17 24 28 29 21 26 35 16 19 25 31 12 37 29 28 16 18 29 14 28 16 29 26 16 25 15 5 31 19 28 30 18 30 23 18 24 18 9 16 14 25 15 28 24 30 35 23 28 16 10 25 17 19 26 20 19 
28 34 22 24 11 27 29 25 14 13 26 30 24 13 24 49 23 35 14 17 19 21 19 18 22 35 29 25 24 12 44 20 16 16 19 15 35 36 24 26 19 18 20 14 31 22 25 30 21 35 17 25 9 20 20 24 19 32 25 32 
33 27 18 14 14 18 15 20 9 30 28 16 34 38 31 28 21 37 24 18 9 18 21 28 9 32 18 37 11 16 17 40 17 26 19 16 26 28 34 16 8 16 20 19 31 21 18 31 15 38 19 18 20 16 18 22 18 43 22 31 
27 31 20 10 15 24 20 30 14 16 24 13 27 22 26 41 34 12 21 15 18 25 30 44 20 7 25 35 30 10 18 22 17 19 26 12 28 31 22 23 22 25 15 20 43 16 13 38 18 23 15 9 25 29 21 24 17 33 28 17 
20 14 23 16 18 31 25 22 17 12 20 25 31 33 18 28 35 23 26 11 16 14 16 26 17 24 22 25 15 12 30 24 18 19 19 24 22 11 32 21 22 19 19 20 24 25 18 13 11 28 21 27 32 20 17 28 10 20 32 20 
16 14 20 15 19 31 22 28 9 21 21 15 29 26 27 30 22 34 21 16 17 11 15 30 26 26 33 24 18 15 43 21 16 31 18 19 27 17 24 26 17 8 19 30 27 14 15 32 19 33 17 38 19 19 18 22 6 19 33 27 
24 44 21 10 11 26 32 21 19 17 14 25 28 29 26 30 21 27 23 13 21 29 28 38 14 41 19 22 18 18 30 14 19 18 16 7 15 37 25 27 20 32 21 22 27 31 21 20 12 12 19 24 25 20 11 33 14 30 25 20 
26 29 20 21 10 15 36 21 17 25 17 6 22 28 23 25 28 32 14 19 14 16 20 22 21 30 26 29 17 12 45 8 11 21 15 21 16 51 28 8 18 22 17 21 42 34 17 26 20 11 24 32 18 24 18 33 18 37 25 19 
17 35 31 16 16 22 20 35 14 25 19 16 13 35 35 26 22 27 27 20 19 20 9 24 20 31 26 32 12 21 28 26 18 21 15 16 20 33 28 18 24 23 22 22 37 28 16 24 18 27 29 26 30 21 20 26 13 35 24 19 
23 25 16 10 20 22 28 30 8 21 26 15 30 28 19 9 18 22 19 16 20 15 31 32 19 20 24 14 14 19 32 22 20 19 16 17 17 9 20 19 13 25 22 13 42 29 12 36 21 25 32 19 24 22 21 35 18 30 37 23 
15 42 24 21 18 36 25 19 18 31 26 21 28 21 29 40 30 28 25 17 20 17 16 38 23 23 25 31 29 18 32 27 23 28 20 21 21 12 35 25 15 21 14 25 39 46 14 36 24 33 23 41 23 18 27 33 15 41 31 30 
31 33 21 14 7 34 29 24 15 15 26 11 15 26 14 31 21 30 18 17 19 12 22 26 20 13 24 30 16 20 24 26 18 30 17 22 19 36 37 14 15 22 24 18 13 18 27 46 14 5 25 33 15 11 18 33 17 29 21 32 
13 31 23 15 15 20 19 28 6 16 17 17 14 44 33 21 36 24 21 23 20 28 31 32 17 15 24 34 32 16 33 34 15 25 13 11 20 30 12 18 14 20 14 27 34 31 18 27 12 15 23 18 13 14 15 30 15 26 27 19 
29 28 21 19 21 29 24 24 17 22 22 25 22 24 28 37 17 37 24 19 13 25 25 35 19 25 19 36 19 12 32 25 13 29 15 14 24 37 28 23 22 19 23 18 25 29 24 25 17 28 11 50 18 17 21 28 18 19 30 19 
27 53 25 22 20 27 22 20 11 24 30 16 26 28 29 28 18 27 22 12 26 21 17 21 12 33 29 31 27 19 27 35 21 16 24 21 28 39 30 13 22 17 19 30 27 36 17 32 11 38 22 26 28 19 18 28 8 28 37 25 
19 36 33 16 15 38 29 21 11 30 43 24 31 24 25 35 34 26 12 10 21 33 16 21 18 25 20 33 12 11 21 11 22 26 21 23 15 27 32 33 16 15 16 16 36 31 20 52 16 8 16 32 20 21 16 30 13 35 18 27 
23 15 16 24 12 42 28 26 19 23 26 15 24 43 24 30 25 31 22 18 12 17 23 20 25 34 24 31 27 19 28 30 14 21 19 12 22 32 27 21 19 20 18 28 29 41 18 24 25 35 18 34 22 10 25 26 14 11 33 19 
24 31 24 15 8 17 15 37 10 28 24 21 31 38 14 53 17 41 5 17 11 25 25 17 16 47 21 30 13 21 56 20 8 24 15 21 22 32 33 12 23 22 21 20 21 16 16 32 10 31 27 24 26 14 19 29 18 20 23 20 
40 13 24 14 19 28 25 25 13 22 25 15 14 28 25 38 33 23 22 17 23 15 16 33 17 24 20 16 18 27 26 20 10 28 13 15 24 32 38 15 24 18 20 20 29 28 31 42 13 21 30 27 24 20 25 27 22 38 17 29 
13 23 17 17 17 16 21 27 18 18 19 19 33 15 20 41 13 37 16 12 16 15 20 11 31 25 27 24 21 19 48 34 15 15 15 27 17 42 21 30 20 19 15 25 15 39 22 40 21 27 16 27 11 15 22 37 17 27 30 30 
31 44 16 10 17 23 31 21 24 15 27 16 21 30 27 21 30 27 24 19 20 21 16 26 24 27 9 25 22 14 42 28 15 19 23 22 9 33 23 26 15 22 11 21 31 28 20 39 23 27 17 23 21 12 17 15 22 25 38 31 
25 37 28 13 9 17 40 17 21 20 21 17 19 26 21 23 18 20 17 13 24 27 26 18 15 36 20 20 22 10 24 29 8 20 14 19 18 32 38 27 23 17 20 23 36 25 30 28 23 24 15 42 24 19 7 27 18 33 13 17 
24 23 24 25 13 26 28 23 14 23 28 10 29 38 31 30 22 31 23 12 28 22 23 20 28 23 28 25 20 19 40 22 18 9 20 21 29 31 19 23 21 30 19 30 21 13 11 16 19 38 10 17 19 16 17 32 16 28 29 30 
10 21 31 17 12 32 34 20 9 25 14 18 35 26 20 29 53 26 24 9 19 31 18 27 18 25 21 24 15 16 28 30 17 15 11 22 21 36 35 14 18 20 27 17 36 30 16 37 14 35 24 35 24 21 20 24 19 16 19 25 
23 29 21 21 9 29 16 12 17 21 14 22 29 28 28 18 29 22 33 20 21 27 14 18 21 22 22 24 24 11 35 43 17 25 21 22 14 27 20 25 6 28 11 14 21 10 20 30 25 43 19 31 9 20 27 18 10 25 27 25 
36 34 18 15 15 23 28 28 22 32 31 11 15 34 27 23 30 17 26 16 19 30 13 33 16 25 31 29 24 21 27 22 21 31 23 17 32 21 35 24 11 21 22 18 22 33 30 36 14 34 14 29 14 23 21 19 16 25 27 14 
34 22 19 19 11 25 26 25 16 25 33 9 32 33 24 39 23 37 30 6 23 22 14 28 19 19 31 23 32 19 27 30 16 22 17 30 20 23 28 17 12 27 20 18 38 29 18 36 15 27 24 28 15 15 22 6 14 25 27 26 
24 39 20 26 18 22 11 14 14 19 26 9 29 35 14 40 21 37 20 16 9 26 23 14 29 30 25 28 20 11 36 31 11 10 15 15 17 39 35 21 13 24 28 21 35 31 19 20 15 25 29 31 10 10 9 30 17 6 5 22 
21 21 23 14 19 34 13 32 14 10 26 9 40 36 29 29 35 45 9 18 18 19 32 17 16 14 31 31 17 18 34 36 16 16 20 12 9 33 35 21 5 27 24 16 17 20 29 14 17 20 24 39 18 22 20 22 15 31 24 23 
26 32 23 20 10 34 31 23 15 20 39 14 22 28 37 21 31 31 14 19 16 19 23 20 23 46 25 35 42 28 49 38 22 15 28 26 24 25 16 21 16 26 19 24 31 32 20 9 29 41 26 40 18 21 17 16 21 42 31 25 
18 27 29 17 16 32 32 19 15 15 23 19 25 25 19 25 16 30 17 14 16 22 23 27 18 26 34 5 27 12 26 27 21 30 25 20 22 42 25 28 17 31 7 22 34 38 25 30 20 18 8 4 20 13 24 26 15 35 32 31 
35 21 19 25 16 22 15 30 10 26 15 16 29 39 18 24 40 24 16 12 11 28 21 14 17 13 26 24 15 17 34 39 15 34 19 23 25 18 9 25 22 22 23 16 24 26 22 22 22 26 17 20 33 14 20 32 13 29 17 28 
25 22 26 19 10 23 13 18 14 17 24 16 19 19 28 25 29 34 23 19 20 17 30 29 17 24 31 20 13 22 34 17 26 27 3 6 20 35 28 19 25 20 19 22 14 23 27 13 12 28 24 30 18 14 18 28 12 23 26 24 
32 18 19 20 20 14 15 25 19 24 9 16 18 30 17 27 38 33 23 14 19 12 19 11 14 20 17 25 18 19 15 15 17 23 16 19 11 41 23 13 16 26 32 17 30 30 5 21 25 24 27 32 23 18 16 34 4 29 11 30 
30 30 21 24 13 36 25 32 8 19 23 26 17 15 19 48 26 26 16 12 27 24 32 33 17 32 16 22 9 19 24 21 18 35 27 30 18 22 28 28 22 18 33 22 33 19 18 30 26 39 24 31 15 23 22 24 14 21 18 24 
38 34 15 9 17 34 38 9 14 12 20 20 30 33 24 18 27 48 35 18 21 12 26 17 10 25 32 33 19 18 32 24 14 16 15 22 24 34 30 18 22 24 9 20 17 22 34 31 6 28 25 33 20 17 17 26 14 37 20 20 
24 33 25 19 19 12 20 23 15 19 21 24 23 21 16 34 9 28 30 17 20 21 30 26 27 30 26 24 25 11 27 22 22 23 18 16 29 29 26 12 25 16 20 18 30 5 17 21 19 25 23 25 20 25 22 19 20 14 37 19 
23 24 25 19 16 9 17 14 18 17 29 21 26 28 21 21 33 53 17 9 21 15 28 29 24 35 34 32 17 17 29 34 18 30 18 11 21 35 23 16 14 12 32 30 35 17 17 29 22 18 33 25 12 10 20 26 23 27 35 24 
26 19 34 22 22 28 26 10 16 15 21 14 19 32 27 34 38 25 17 12 24 21 27 23 23 45 36 37 19 5 46 20 16 17 27 22 27 36 39 16 13 31 16 26 16 34 21 30 21 28 17 24 21 12 12 17 16 31 28 23 
16 32 20 18 17 22 26 22 12 16 6 19 27 21 24 29 19 25 32 14 18 20 37 16 21 23 26 23 16 16 14 19 15 24 27 26 18 27 30 15 23 28 18 29 26 15 17 42 23 38 22 37 22 16 14 22 19 29 32 23 
37 33 21 23 21 41 16 35 17 11 34 16 25 15 21 29 30 30 26 15 23 24 22 25 31 15 15 22 12 13 31 24 15 25 21 16 26 43 12 16 24 14 25 31 16 28 16 34 19 15 14 28 15 20 17 27 21 22 20 20 
34 31 23 14 22 27 19 28 12 18 19 18 22 32 14 49 23 16 12 16 18 17 22 36 14 11 15 24 15 13 44 32 13 16 22 16 24 28 8 8 19 15 13 28 26 32 17 33 21 30 17 26 18 18 28 26 9 37 20 24 
37 28 23 14 15 21 31 29 12 12 20 26 39 22 26 31 28 29 17 15 15 27 20 24 23 35 29 21 25 12 39 28 17 22 21 21 28 28 30 38 21 20 18 17 23 21 24 32 17 32 13 28 23 11 8 17 12 35 20 27 
36 21 18 12 10 25 19 20 19 32 24 18 26 45 24 29 37 25 10 16 15 12 19 26 11 35 22 32 21 22 40 30 7 31 27 12 23 41 18 31 12 15 11 16 18 23 20 29 12 36 16 34 17 15 21 15 15 32 31 26 
32 18 28 25 13 24 16 36 25 24 36 11 25 32 13 25 28 30 19 14 21 19 26 25 20 38 16 24 12 16 45 30 9 23 28 9 26 34 33 20 19 15 22 16 17 37 19 9 22 27 15 13 18 19 16 26 19 25 28 19 
18 30 24 15 23 32 28 21 20 22 26 19 33 26 25 12 29 32 32 22 25 23 18 26 20 28 11 24 17 14 34 17 14 14 12 16 18 42 51 7 17 18 21 28 19 25 15 27 8 14 27 37 10 15 20 24 17 31 28 18 
24 28 21 16 19 31 21 26 9 27 13 25 21 23 22 42 19 33 20 9 20 22 23 18 23 19 19 29 28 15 25 16 23 30 19 12 27 36 20 16 22 37 13 17 24 16 20 22 19 35 28 28 9 18 13 37 23 25 22 24 
36 35 24 18 20 20 41 30 8 21 23 12 24 33 29 35 31 22 24 12 31 30 24 28 24 29 27 22 16 18 19 38 19 21 25 12 27 19 26 16 14 19 16 24 33 30 19 23 18 33 22 22 19 11 13 33 13 20 33 18 
19 27 20 18 11 28 29 33 16 27 20 11 35 23 20 41 34 33 17 8 20 18 23 26 18 32 21 27 25 14 37 32 7 17 22 17 24 27 23 23 19 11 10 23 35 35 32 28 24 47 13 25 18 23 14 29 17 22 40 23 
21 38 24 21 19 17 20 31 19 22 20 15 21 20 20 53 24 26 19 20 26 25 29 17 20 33 13 27 11 25 45 19 7 22 18 10 24 54 11 17 10 21 20 8 31 24 10 27 22 25 22 39 21 14 13 36 11 23 21 24 
22 28 13 11 16 31 29 15 17 9 16 28 13 23 24 17 41 25 23 10 17 19 27 26 18 41 22 19 22 11 35 30 11 20 24 16 20 34 26 26 17 16 23 16 16 29 19 57 12 11 26 38 26 13 11 26 23 26 23 28 
32 13 25 21 13 25 22 37 15 26 12 8 29 35 32 25 31 43 15 11 27 18 12 26 26 19 17 37 14 16 39 25 14 14 21 18 18 31 23 19 18 22 18 22 26 14 27 34 21 35 19 27 15 17 30 24 13 23 16 24 
26 31 28 11 20 33 15 21 19 22 24 23 19 41 32 22 23 22 21 10 21 30 7 40 23 29 27 15 33 17 37 24 21 20 22 10 34 37 27 22 15 9 15 16 29 26 10 30 20 19 26 34 23 14 20 28 19 22 24 21 
29 20 23 20 15 24 20 29 25 13 20 14 26 38 27 16 12 25 28 21 20 16 25 29 19 30 14 40 19 13 48 25 18 25 18 14 21 22 44 24 16 19 17 16 26 24 26 33 15 31 24 33 17 23 18 39 18 10 26 24 
36 35 21 15 16 26 23 31 20 22 26 25 19 31 18 31 22 19 31 13 16 27 24 9 12 26 18 15 26 20 33 27 13 20 27 14 21 34 29 29 21 24 19 17 22 24 17 28 22 37 28 28 22 14 27 32 22 17 24 25 
35 27 18 13 24 31 26 24 11 14 29 27 17 40 2 33 17 23 32 16 7 24 21 21 20 22 17 21 17 21 32 22 18 16 24 6 13 27 28 21 11 17 16 16 26 19 31 35 8 31 28 30 20 21 22 17 15 29 19 20 
30 27 21 15 17 29 26 22 17 18 21 19 31 22 21 24 26 36 17 12 18 7 29 27 26 34 24 19 23 15 25 30 16 23 30 22 26 33 21 19 13 14 22 38 36 23 10 31 14 22 10 42 22 9 22 27 16 9 23 22 
23 29 25 24 17 19 28 26 18 9 26 20 26 31 22 39 26 19 28 8 18 24 10 26 14 20 22 29 22 11 27 20 19 14 16 23 24 49 36 24 23 12 17 25 29 23 22 20 20 30 29 27 15 10 13 24 10 31 30 35 
26 26 23 20 6 27 4 22 16 30 26 13 36 26 16 20 23 18 8 25 25 24 19 12 28 18 23 20 32 20 23 30 12 24 21 23 28 37 12 12 19 24 25 13 31 14 17 24 25 32 31 18 23 22 24 30 14 33 29 29 
25 39 26 28 20 20 18 30 15 29 21 19 25 22 24 28 20 30 7 10 16 21 11 23 16 21 26 29 23 19 21 25 16 17 21 16 16 41 34 16 15 24 22 19 33 14 21 39 20 12 22 18 28 12 38 17 9 20 30 23 
22 32 25 17 17 23 21 22 23 24 23 16 31 24 42 25 22 20 17 18 17 17 32 8 15 39 26 19 17 15 19 33 19 29 18 31 24 27 35 22 20 22 18 18 20 28 17 17 25 37 16 24 22 19 17 21 18 23 29 17 
31 37 26 14 14 30 31 38 21 15 33 14 23 17 35 38 22 12 19 19 11 20 29 16 20 31 24 20 20 20 30 25 14 13 25 22 6 34 20 12 23 18 22 15 22 30 19 33 18 24 19 38 14 18 23 31 12 26 25 16 
22 17 22 13 20 35 22 26 18 18 28 21 26 30 22 19 39 37 21 15 22 23 26 29 22 32 27 36 27 24 33 16 22 25 14 14 16 32 22 24 20 19 10 17 27 27 17 23 18 43 18 34 12 12 17 29 21 41 30 15 
29 18 18 22 16 30 17 15 13 18 19 22 29 22 36 24 32 37 13 19 13 29 16 26 20 33 19 21 17 15 26 36 11 24 31 6 21 32 16 14 17 23 19 14 31 15 13 19 16 24 23 26 24 21 30 31 13 29 24 22 
23 29 31 21 19 12 19 20 14 20 28 15 24 30 24 26 34 31 15 10 18 24 29 16 21 21 29 26 14 16 29 24 14 18 14 19 21 17 22 13 29 20 15 20 23 25 17 27 24 24 28 41 29 19 25 16 16 29 22 15 
25 31 20 17 16 20 8 30 13 21 7 25 17 17 17 27 42 33 2 16 12 20 22 23 17 34 23 26 25 21 34 27 10 14 15 11 16 25 27 25 23 22 25 29 19 31 20 14 12 27 30 17 24 13 15 23 19 22 18 28 
22 29 21 17 18 12 31 42 18 23 23 10 29 22 21 32 34 35 2 10 16 24 20 13 21 16 30 46 20 7 28 18 21 31 26 10 10 31 18 19 15 25 15 19 39 21 23 33 27 22 17 36 17 21 25 39 17 30 34 21 
33 36 20 25 20 12 32 11 11 15 37 20 32 37 20 27 30 32 21 15 14 17 21 25 21 26 19 34 18 15 33 26 17 16 23 16 34 33 32 15 18 19 10 34 28 26 21 41 24 27 29 28 20 19 17 31 17 24 16 15 
23 25 16 15 15 38 16 16 13 20 16 28 33 27 26 35 29 26 22 16 22 21 26 12 18 25 25 22 14 14 28 34 12 29 24 18 26 16 29 17 28 23 17 18 30 33 16 20 16 29 24 30 11 23 19 29 18 28 28 22 
25 27 23 18 15 30 21 27 13 18 37 22 26 27 32 31 33 35 23 17 16 25 21 25 15 19 20 21 20 19 33 28 22 20 18 5 20 42 32 18 15 10 23 22 18 12 17 17 17 32 20 33 24 24 18 19 16 30 27 24 
34 35 31 21 12 26 31 21 16 11 9 17 19 24 23 30 23 35 31 18 13 18 27 23 20 28 23 38 16 15 20 10 16 32 17 14 26 36 19 24 15 13 25 3 15 44 27 47 23 46 19 33 19 19 29 24 16 32 28 16 
22 42 17 8 14 34 20 18 26 20 28 21 36 29 34 32 33 34 16 20 15 23 22 17 16 47 25 31 16 19 32 28 19 39 17 20 10 36 34 15 15 22 24 22 30 26 9 47 20 12 20 14 20 13 13 32 14 17 20 21 
37 22 23 12 8 28 38 32 23 14 28 19 14 21 18 42 24 15 28 17 19 21 23 37 23 22 34 36 25 15 37 41 16 14 18 13 19 27 22 19 18 34 28 18 24 26 31 26 19 25 20 37 26 12 29 28 18 28 23 15 
28 25 25 21 21 18 21 18 20 19 25 15 31 34 34 36 14 24 20 18 14 15 16 17 18 38 25 20 24 13 29 12 12 14 24 17 24 36 31 24 30 16 15 21 25 20 14 8 20 35 23 28 23 17 25 23 19 24 40 37 
23 15 10 18 16 22 25 27 16 18 17 17 22 27 17 42 11 16 26 15 16 21 14 22 15 20 21 15 18 14 47 17 12 20 27 13 14 33 18 18 17 21 12 25 27 20 18 26 14 45 22 40 21 10 29 17 17 23 30 25 
16 35 26 19 17 27 39 31 13 29 22 18 32 18 19 17 23 25 23 14 21 13 31 18 22 21 21 26 21 14 34 27 15 20 16 10 25 22 33 20 14 16 17 11 34 33 30 14 9 17 25 25 23 12 19 18 17 17 29 22 
41 27 12 18 8 23 25 16 18 17 33 18 31 29 31 31 13 33 20 20 28 38 24 17 19 37 17 23 14 20 24 28 14 28 12 19 20 35 33 16 22 28 23 31 19 27 10 33 21 22 21 15 15 12 9 22 17 33 31 27 
23 36 20 20 12 37 17 23 17 21 20 20 32 29 33 18 32 30 26 14 22 28 23 25 22 26 23 20 26 16 22 19 14 5 18 18 22 32 26 28 17 25 20 20 20 27 17 33 9 19 21 30 23 21 16 20 14 33 24 20 
25 21 23 15 19 22 35 26 13 28 19 13 22 34 25 46 32 31 25 16 15 19 22 19 17 31 13 34 14 14 32 17 18 23 21 20 19 34 24 18 20 25 22 18 23 23 16 15 15 27 20 37 11 12 8 30 13 22 32 17 
43 26 29 26 14 27 25 21 10 17 31 11 18 50 22 42 19 29 25 15 23 21 14 33 17 29 23 28 20 15 45 24 18 13 26 18 10 34 26 21 21 26 19 24 20 18 17 33 22 26 8 25 19 14 23 52 19 31 20 27 
27 32 28 18 15 30 29 30 17 20 33 19 27 23 30 34 37 31 11 12 21 19 26 18 20 34 24 27 19 15 38 21 19 10 28 20 25 24 31 22 19 18 13 13 37 17 25 49 13 32 11 20 25 17 20 24 18 17 33 22 
19 25 32 15 14 28 27 18 16 19 18 16 26 39 35 14 21 24 14 16 23 21 22 22 12 36 30 37 19 23 43 18 14 15 25 24 26 46 40 31 23 31 17 28 30 21 15 31 15 18 19 36 9 16 8 26 13 41 36 21 
18 31 16 17 8 27 25 18 14 22 12 16 13 29 25 24 31 42 17 16 17 26 27 14 24 27 24 16 33 16 29 10 19 33 22 19 19 35 35 16 13 25 27 19 17 19 16 26 17 21 23 37 23 19 23 29 22 28 16 19 
31 29 14 21 18 19 18 21 16 19 24 21 26 34 38 40 51 39 27 16 14 10 29 25 20 30 15 35 12 13 42 19 21 15 14 24 21 32 19 21 25 18 13 18 27 28 29 46 30 25 17 22 22 21 15 17 18 33 20 29 
19 27 16 19 17 23 15 17 13 19 15 16 23 32 20 20 32 41 22 18 19 11 22 30 20 1 21 37 19 18 25 35 15 16 21 19 19 27 17 24 23 20 20 24 7 30 16 40 23 38 25 36 11 9 18 23 19 27 18 30 
29 34 22 11 12 20 24 24 14 27 22 16 15 31 20 20 22 26 24 19 17 14 26 33 23 26 23 16 24 20 40 34 13 21 21 18 10 40 23 20 17 22 24 24 30 25 24 42 18 34 24 33 19 25 10 18 14 18 26 16 
18 33 24 23 18 25 33 19 17 18 11 17 33 32 15 23 25 31 14 15 14 22 13 14 28 37 18 35 25 18 23 21 23 24 21 20 18 44 19 20 17 31 19 14 23 27 21 27 24 29 34 33 26 14 18 25 22 40 24 29 
31 26 18 16 12 28 38 38 21 17 31 15 35 26 36 30 43 25 17 20 16 19 19 28 14 28 23 25 19 16 37 16 16 26 17 16 30 24 18 21 21 21 20 8 37 28 29 42 20 30 36 36 20 21 18 21 23 42 22 31 
24 31 22 21 26 34 23 23 16 17 24 8 26 31 33 18 26 11 27 17 25 25 38 8 16 27 21 20 20 16 22 16 18 25 10 18 23 30 44 5 21 15 22 25 24 21 3 50 16 20 20 35 15 17 23 37 13 31 24 25 
26 16 15 17 20 27 27 16 18 15 27 8 16 24 23 29 21 13 23 13 34 22 17 38 15 26 21 30 22 18 37 31 14 18 12 16 23 43 28 19 14 18 18 20 25 25 21 36 23 32 13 17 17 17 17 24 18 15 25 35 
17 26 11 17 15 21 25 16 15 26 17 24 12 13 27 23 36 25 27 12 12 23 21 26 24 26 21 20 9 17 45 23 18 19 12 24 34 48 22 25 16 18 18 21 29 23 18 38 21 41 14 30 19 20 11 31 16 29 19 24 
33 25 27 17 17 17 26 26 15 10 19 21 23 42 37 42 24 29 12 17 22 19 27 18 19 26 30 27 23 16 37 26 13 23 17 15 23 31 37 16 22 22 3 13 26 12 25 36 18 15 32 11 24 16 19 26 17 16 18 30 
29 29 29 11 16 36 33 26 9 22 16 25 9 14 13 45 34 20 18 11 26 24 30 30 7 27 21 17 28 19 40 28 10 19 26 12 20 35 16 21 20 23 15 25 33 28 18 22 21 21 24 27 13 18 21 24 13 26 20 27 
12 46 29 28 6 12 37 19 15 32 26 15 24 22 42 36 16 27 18 20 14 14 20 33 20 40 24 26 23 17 22 34 18 26 28 16 13 24 35 29 20 30 15 11 19 23 15 28 21 44 17 40 12 11 17 41 15 18 19 14 
19 18 24 15 18 17 29 17 12 21 24 20 23 21 23 43 45 10 23 16 23 12 14 23 25 25 28 28 9 15 8 29 13 25 19 24 32 22 36 22 22 16 17 20 26 25 23 17 22 36 10 37 19 20 6 34 16 23 16 23 
31 30 26 14 18 33 26 11 19 31 30 19 25 26 22 30 32 34 18 19 16 24 16 25 23 26 17 25 22 15 22 30 19 29 17 23 25 32 31 19 9 18 16 21 23 30 33 44 17 15 25 19 16 20 22 24 18 24 26 23 
12 18 19 13 13 9 23 30 14 23 18 16 23 32 29 24 25 34 18 15 23 24 12 28 9 23 13 21 25 18 24 30 20 18 20 22 34 41 37 18 18 17 22 24 27 30 20 8 15 33 17 22 19 20 19 35 12 52 31 25 
15 33 32 23 15 31 14 12 20 20 34 18 34 16 25 18 29 21 15 12 23 18 3 18 18 26 24 15 9 21 26 31 22 22 20 24 23 41 29 29 19 27 10 19 38 28 11 28 24 38 14 28 24 9 25 21 19 31 18 27 
24 24 22 17 11 27 36 19 15 21 25 25 27 19 15 30 20 21 14 12 19 28 16 25 19 26 13 39 27 17 30 17 21 19 18 24 29 29 34 27 19 16 17 14 23 23 24 31 24 25 19 46 16 30 20 30 11 23 25 22 
23 27 17 19 15 23 17 26 19 7 25 19 28 20 28 40 20 40 24 11 14 14 16 17 16 32 24 33 26 13 20 22 22 17 13 17 17 40 37 14 23 11 21 16 22 23 18 22 13 22 37 19 11 12 14 21 20 23 28 21 
32 32 25 15 19 22 22 21 22 20 14 26 23 25 26 26 23 21 19 22 15 22 23 20 19 21 15 37 17 16 19 29 13 16 14 18 41 33 25 11 7 22 19 34 28 28 26 35 19 30 26 41 13 16 13 18 14 23 24 22 
25 20 24 13 10 26 18 39 17 4 35 17 17 23 31 34 15 36 19 13 21 18 20 39 14 22 38 37 15 9 38 34 10 20 13 20 18 30 15 27 20 11 15 17 22 17 20 28 19 24 24 15 23 23 11 23 11 27 23 25 
37 27 29 21 14 13 25 26 11 22 24 21 20 26 12 26 34 24 20 22 21 18 18 21 25 25 30 32 18 17 27 34 20 20 19 30 33 30 25 29 9 29 22 17 14 24 23 21 22 35 18 23 13 14 22 31 19 28 20 18 
21 26 31 5 16 29 28 21 20 30 23 25 24 20 13 29 26 44 22 14 20 26 18 15 18 28 24 24 3 12 31 27 19 21 14 17 19 28 31 17 12 17 18 24 21 25 25 31 16 41 26 27 21 18 18 28 14 26 14 26 
10 30 16 18 16 14 22 22 15 25 32 17 20 36 24 24 24 3 15 20 28 24 20 9 18 35 16 30 27 16 30 25 11 19 20 22 21 37 18 30 21 26 17 18 37 19 27 31 23 41 15 29 19 22 18 39 20 27 29 23 
24 35 17 15 12 9 17 21 20 21 31 22 24 30 29 32 21 25 11 14 13 19 15 23 11 14 30 28 14 16 24 22 12 26 27 12 35 22 21 24 29 19 15 19 17 35 9 42 23 26 23 32 20 22 21 20 16 31 14 28 
24 31 21 20 13 35 17 21 14 16 32 25 34 26 26 34 18 25 21 17 20 27 23 22 24 28 24 17 24 13 24 13 18 16 21 24 18 30 33 19 19 17 19 20 18 26 19 40 19 32 19 26 19 11 36 29 19 20 18 23 
25 38 26 14 14 19 24 29 21 19 25 23 26 16 25 43 27 29 23 20 17 27 24 29 18 39 27 30 28 10 29 10 11 19 17 19 20 19 23 25 15 12 18 22 32 19 19 29 19 26 17 20 19 18 19 33 12 44 18 28 
26 36 20 16 17 30 19 18 10 34 25 19 24 18 21 30 35 41 21 16 19 23 17 26 17 44 25 35 19 14 49 23 9 15 20 20 24 34 11 9 18 33 17 9 23 13 8 31 14 36 7 11 22 14 16 24 14 42 17 22 
31 36 22 19 17 30 12 28 20 22 14 20 26 20 20 30 19 27 25 18 29 23 23 6 21 19 17 34 16 23 40 37 10 21 18 13 22 25 18 30 18 18 13 19 21 35 21 19 16 24 31 28 19 25 18 21 18 32 28 26 
24 43 20 24 15 20 17 24 10 16 20 16 30 40 14 23 44 37 27 16 14 25 24 34 15 34 25 25 22 22 13 28 17 21 24 25 23 16 19 21 9 21 15 6 28 29 19 23 24 44 26 37 15 15 22 28 20 28 23 11 
24 43 18 24 18 20 19 14 14 27 16 17 26 24 24 45 38 36 29 16 17 26 23 33 23 23 25 19 22 26 34 17 19 11 25 23 26 22 19 19 18 21 10 13 26 25 23 16 11 28 6 31 20 23 13 23 11 47 21 25 
29 32 20 21 11 42 19 30 18 13 28 17 20 39 27 47 18 31 27 19 12 25 21 27 33 30 22 28 24 20 32 24 14 20 12 20 29 41 25 23 23 19 31 9 18 21 17 21 17 29 17 27 32 10 24 35 19 29 25 37 
27 36 7 19 11 28 20 31 22 21 33 27 23 27 31 27 12 32 17 15 23 25 20 20 17 37 30 41 13 20 19 31 14 23 24 24 20 33 23 18 13 29 16 13 26 32 18 22 17 17 17 41 22 19 12 13 19 25 29 23 
21 47 15 27 14 25 23 19 16 16 27 13 26 35 17 28 34 44 19 21 23 28 22 17 21 14 23 29 22 15 34 16 17 13 25 21 15 21 18 12 17 17 17 19 21 32 25 23 15 16 17 28 18 19 18 26 20 25 23 17 
20 7 13 19 9 33 28 31 17 24 21 21 21 30 33 39 39 26 18 9 24 12 13 13 24 27 39 23 20 14 40 22 24 27 15 20 19 37 35 25 15 10 29 23 23 25 14 35 22 24 23 32 21 19 10 24 12 28 25 27 
30 23 23 28 17 35 27 27 22 14 36 6 26 30 26 29 20 33 16 17 15 20 23 19 14 28 14 21 19 16 23 28 18 19 16 21 22 41 23 13 15 21 22 16 25 23 26 17 16 28 33 24 23 12 16 31 16 32 27 23 
31 19 24 22 24 14 24 23 20 23 43 23 20 27 16 35 22 36 28 16 20 24 29 21 15 19 25 25 19 16 36 31 15 22 9 20 12 27 35 23 32 34 18 21 29 24 30 29 19 12 21 33 21 27 22 35 20 29 23 18 
26 22 24 21 16 28 30 24 14 25 26 15 32 19 26 29 37 22 15 21 19 18 30 28 25 26 23 24 12 17 58 30 23 24 13 21 7 28 23 23 10 16 20 29 20 18 31 33 27 12 19 49 16 17 9 25 12 38 23 29 
34 19 18 14 17 31 21 18 15 16 20 18 23 20 32 26 34 27 23 12 10 24 12 22 26 24 27 34 15 15 31 23 15 26 11 12 14 38 26 17 25 28 29 7 30 23 32 20 15 31 23 34 23 14 20 30 14 35 21 29 
22 34 21 20 12 23 29 19 21 14 26 13 14 22 24 18 26 27 17 11 21 24 20 33 19 24 25 38 11 19 27 9 16 13 23 10 29 37 25 10 16 33 23 16 18 29 34 29 8 41 14 30 18 14 22 30 11 25 19 28 
25 25 17 12 25 11 34 18 16 19 19 15 26 33 22 28 41 19 29 17 14 19 17 32 9 44 26 29 17 13 25 30 25 17 15 11 18 23 40 24 16 28 24 19 49 31 14 23 15 52 19 27 21 20 32 19 18 37 36 16 
11 32 17 16 17 27 25 14 17 17 24 21 33 24 23 37 21 42 31 21 20 25 19 21 15 41 23 18 24 22 20 27 14 15 19 26 22 31 21 10 22 23 15 21 12 25 23 33 10 16 13 37 12 20 29 16 12 22 25 27 
36 35 12 19 12 22 35 18 14 26 17 11 34 19 23 36 30 17 17 7 20 20 28 31 10 35 20 4 17 21 31 23 12 24 9 15 17 15 37 23 14 30 24 19 27 21 13 32 12 39 22 24 29 14 21 36 10 32 31 22 
25 26 30 19 20 19 28 22 18 15 32 5 33 27 33 18 35 33 24 22 19 27 23 29 13 43 19 35 16 18 23 29 14 18 13 19 18 24 32 25 21 23 13 19 22 21 23 45 21 22 18 20 15 15 21 27 14 20 20 23 
36 27 20 19 20 14 13 24 11 27 22 22 13 38 32 12 35 37 16 18 16 24 19 28 15 38 31 22 17 20 38 28 19 18 24 12 20 22 36 11 14 36 15 23 27 29 12 39 8 35 31 31 24 21 20 19 7 23 20 31 
22 43 20 19 14 22 25 34 13 32 23 21 27 31 22 20 22 24 13 18 24 28 31 29 21 33 28 28 17 15 47 29 15 21 12 17 21 17 38 18 13 22 11 21 24 29 19 13 21 17 18 32 14 9 19 24 20 29 35 22 
28 31 17 16 11 26 24 26 16 20 12 17 25 31 19 31 22 20 22 17 15 27 19 21 10 17 19 19 13 10 21 30 20 22 13 11 27 18 30 20 20 18 16 27 30 26 25 20 15 19 17 22 23 17 15 20 18 28 28 28 
35 22 22 25 16 29 11 35 15 13 26 14 19 40 38 34 22 28 21 27 20 11 9 28 18 18 20 31 14 18 37 22 23 18 27 7 16 40 30 30 18 30 21 19 15 28 25 31 19 24 23 20 13 18 23 22 13 24 23 27 
22 22 14 21 18 28 27 24 10 24 27 30 22 29 30 33 32 34 32 19 19 12 28 20 26 38 26 30 6 13 38 19 17 22 23 14 25 25 31 19 9 18 26 12 11 20 26 38 16 34 26 26 28 27 21 30 20 35 22 12 
30 28 25 25 13 17 27 18 12 16 34 15 18 29 15 34 23 17 26 17 21 15 23 25 17 16 23 38 16 16 27 32 13 12 15 9 18 31 14 21 18 12 15 33 29 22 23 22 20 7 32 44 23 10 18 22 16 27 21 16 
16 28 26 19 12 22 26 29 19 9 24 7 32 39 28 31 36 28 23 15 14 31 20 19 18 29 15 23 21 13 39 27 10 13 17 24 21 28 37 13 12 13 18 27 30 21 27 27 14 26 21 27 24 18 21 20 5 35 27 10 
27 25 25 18 16 24 24 21 18 18 23 18 32 34 17 24 29 20 13 14 10 26 26 18 28 23 18 23 10 16 41 24 25 12 14 33 24 32 16 6 24 23 16 16 24 24 19 24 26 32 27 23 19 13 15 23 20 35 27 26 
10 24 22 24 12 11 6 23 15 8 36 23 23 28 24 30 28 30 17 3 12 31 31 23 16 25 28 35 22 15 31 38 24 27 20 14 17 28 35 16 22 26 14 24 30 14 19 34 24 28 22 21 17 19 18 29 15 32 28 33 
24 28 23 21 17 22 14 17 14 18 16 16 24 37 23 38 24 21 15 16 22 23 18 10 20 24 26 39 13 17 28 11 19 13 21 20 22 38 30 33 14 26 18 17 31 24 8 26 23 33 20 22 27 16 25 22 21 31 20 10 
23 16 6 12 17 18 19 23 19 25 9 24 20 29 25 35 22 25 19 17 20 18 16 34 18 46 17 21 24 15 38 26 9 30 17 16 24 36 28 29 17 20 20 28 25 29 18 31 17 25 9 28 19 14 3 25 20 39 28 21 
28 28 35 27 17 32 38 28 17 13 24 12 21 41 29 27 32 26 17 13 24 18 29 28 17 31 16 32 32 21 30 17 16 13 17 15 8 34 26 13 18 20 15 22 21 20 21 31 20 24 26 12 18 20 19 25 14 48 24 29 
16 42 18 13 16 4 23 23 21 17 26 14 19 26 27 38 17 32 24 17 23 23 19 20 22 9 22 28 23 21 44 33 15 14 16 21 13 12 29 3 18 21 20 12 31 37 21 28 18 33 30 38 12 10 13 35 17 22 12 22 
22 32 21 22 10 19 13 34 15 24 31 15 20 24 21 26 47 25 35 20 20 30 18 29 13 50 26 30 23 16 41 28 17 14 16 9 18 31 30 8 22 20 21 17 33 30 14 30 17 40 23 35 18 15 8 26 16 31 30 26 
16 33 17 14 15 17 13 22 17 23 30 21 22 46 22 28 29 24 29 12 26 26 21 23 23 17 40 20 12 16 33 29 12 18 19 21 19 34 28 23 11 27 22 16 25 25 20 25 16 16 17 26 16 25 16 24 16 17 13 26 
24 25 23 11 14 19 25 26 15 20 25 24 31 23 20 34 23 22 17 20 17 19 12 30 25 26 31 33 22 21 20 27 15 30 24 10 19 14 20 24 15 27 28 20 25 27 31 24 23 34 26 21 17 15 28 23 11 37 30 14 
29 29 19 19 14 19 26 28 12 20 25 20 27 27 33 27 29 24 20 13 16 12 22 32 26 31 18 23 15 16 35 36 17 25 16 17 19 27 24 8 15 21 23 24 35 15 31 17 24 19 24 31 23 22 17 18 10 30 24 26 
31 15 23 24 16 13 20 25 26 20 32 14 9 29 18 53 19 36 13 12 22 20 17 13 14 36 17 26 15 22 31 25 16 23 19 21 23 24 23 15 16 22 23 29 23 25 17 31 23 34 20 25 17 18 13 21 21 25 20 19 
29 21 23 17 14 35 12 23 16 15 26 26 23 33 15 25 27 29 18 10 20 18 24 24 20 50 30 27 15 21 22 25 19 16 19 19 19 35 19 28 17 23 16 19 28 14 13 40 24 30 38 32 30 13 18 29 17 22 26 19 
33 25 32 23 16 21 24 20 23 18 34 24 27 33 26 28 23 22 24 11 18 34 29 31 17 19 26 25 25 13 41 26 25 34 24 16 21 32 10 31 18 23 15 23 13 19 22 22 19 27 11 24 21 20 27 24 18 38 41 24 
23 23 24 11 19 23 15 14 12 18 25 22 24 27 32 21 28 32 13 18 21 20 20 25 21 28 16 19 26 18 29 26 14 17 18 25 2 24 29 19 22 24 20 14 15 12 4 40 17 26 19 34 21 9 22 35 23 18 18 21 
17 28 2 19 14 26 29 16 14 26 26 27 32 39 26 40 28 40 24 13 19 14 35 38 15 41 26 29 24 11 50 38 19 16 25 19 29 27 36 17 21 24 29 17 10 32 23 41 22 27 26 27 28 21 4 27 15 8 27 24 
15 22 24 17 22 20 28 39 16 22 28 22 18 36 29 25 23 14 27 19 17 28 15 27 20 28 30 37 29 18 37 28 17 31 23 22 23 37 27 23 16 27 12 24 36 16 26 28 20 17 20 28 17 19 18 29 13 39 16 32 
26 10 25 21 18 31 24 32 10 13 36 19 20 32 11 43 23 18 35 17 18 39 18 21 27 32 22 38 17 15 36 30 20 23 24 15 19 34 18 24 19 25 18 24 11 26 25 23 24 19 21 23 20 21 21 24 11 26 28 20 
20 30 21 21 13 28 15 19 10 21 8 11 15 24 30 14 29 36 17 14 13 24 9 19 19 17 27 24 18 16 27 34 16 16 25 21 30 36 10 30 24 29 21 13 19 18 21 37 16 22 13 38 25 14 22 24 12 23 33 29 
35 28 21 11 16 31 21 22 14 24 23 13 18 24 32 15 18 29 22 14 20 19 19 12 23 33 32 16 22 13 28 28 13 21 25 20 25 24 21 15 21 32 20 24 28 31 21 21 20 39 25 33 22 17 15 21 13 40 27 29 
27 21 27 16 18 18 37 36 22 22 12 20 10 31 28 17 21 44 20 12 20 23 14 23 22 29 15 24 27 13 29 19 13 22 18 26 20 24 27 15 29 27 17 18 33 28 20 34 24 44 24 26 16 24 25 21 24 27 29 9 
19 27 25 20 20 27 24 30 14 19 35 13 18 30 24 20 20 28 21 10 17 13 29 33 21 39 24 21 14 11 14 23 18 18 25 13 17 50 25 32 22 22 17 26 29 27 17 16 11 35 25 37 18 17 23 24 18 24 29 18 
35 31 24 16 9 29 34 13 16 23 18 13 40 17 26 34 31 10 20 13 27 29 13 29 24 37 27 29 22 12 31 11 14 24 10 22 17 37 33 21 26 23 13 19 21 28 15 30 18 28 31 27 16 10 16 26 21 31 33 24 
35 30 24 19 16 31 10 33 14 23 17 14 28 30 29 14 28 28 32 19 15 22 21 22 19 24 16 20 16 11 21 23 18 21 17 19 21 25 22 26 17 20 10 7 28 33 27 25 16 36 14 38 13 20 16 18 18 15 44 21 
28 20 22 22 15 24 24 18 13 30 9 9 25 42 27 25 35 31 21 18 20 18 19 33 19 22 19 33 36 12 45 22 17 20 25 13 21 26 18 15 12 23 22 20 29 36 23 35 24 26 30 32 27 22 22 17 15 35 17 26 
24 26 23 15 13 22 24 22 16 19 35 22 18 22 26 33 29 33 16 22 27 19 23 21 14 20 14 19 17 14 29 32 13 16 19 19 10 3 25 19 22 10 21 21 23 23 25 22 21 27 30 21 24 24 25 14 24 30 31 22 
37 13 19 17 16 43 26 24 10 21 16 24 18 8 24 37 29 26 19 16 9 19 21 17 20 26 20 25 25 14 25 33 18 28 17 20 23 37 24 19 15 16 16 24 15 10 18 21 14 18 20 16 15 16 24 27 13 23 23 29 
23 33 15 9 20 26 34 17 14 29 20 25 27 20 25 21 29 30 26 14 22 26 27 40 15 21 31 31 12 16 30 27 17 20 30 18 34 28 35 18 24 15 24 19 33 16 19 34 23 30 17 23 22 16 22 29 17 25 34 17 
15 20 15 27 19 12 28 28 15 31 23 17 18 36 25 48 22 23 17 23 14 18 27 21 16 34 20 20 21 15 20 19 13 18 18 9 13 13 39 22 17 21 15 24 12 33 30 43 22 30 30 26 25 22 19 23 12 33 25 28 
26 25 20 22 16 21 13 19 15 26 30 16 29 26 15 18 13 27 23 11 22 17 26 25 21 23 25 16 20 20 12 23 14 27 24 12 21 28 33 26 18 29 30 23 28 22 21 15 30 21 18 41 19 22 18 28 13 29 27 24 
15 29 32 22 16 26 22 30 19 34 30 12 21 29 12 26 27 31 21 6 12 20 15 25 13 18 25 36 15 22 40 26 20 13 9 14 22 36 35 27 22 20 28 37 29 34 23 30 13 34 12 34 15 11 13 22 15 22 36 21 
14 24 25 12 23 30 42 33 12 14 29 13 19 30 27 17 22 28 20 14 16 21 22 16 20 20 39 24 21 16 36 19 19 25 21 12 18 7 41 23 22 34 5 23 22 25 18 37 18 33 32 36 15 6 25 16 14 31 17 26 
17 20 25 23 9 19 32 20 21 21 37 18 36 23 22 21 27 28 22 5 25 26 28 35 27 32 19 37 20 16 32 18 12 30 17 9 27 20 17 26 5 22 28 20 36 24 26 36 19 25 23 32 19 17 24 18 23 28 17 31 
27 24 23 20 13 25 39 23 23 21 27 11 32 29 25 29 29 32 24 14 21 27 15 26 18 26 28 29 25 18 18 20 18 23 11 17 30 29 26 16 20 16 25 7 23 36 11 33 21 29 22 24 20 18 23 22 10 31 34 26 
27 22 30 22 15 35 22 24 25 24 23 16 28 39 19 29 34 46 19 5 28 16 18 18 20 24 21 22 17 19 39 34 11 26 20 28 20 40 38 10 18 25 17 14 22 40 28 14 17 16 38 22 14 23 27 26 13 28 22 25 
30 25 24 24 21 28 33 22 14 23 17 17 38 14 23 31 43 26 13 22 26 11 26 20 20 18 25 25 16 11 21 32 12 18 14 14 19 37 14 27 21 17 23 13 30 21 26 45 16 18 16 34 29 22 34 29 16 39 7 22 
33 27 23 12 15 21 20 18 19 17 27 19 17 14 13 11 22 25 8 19 13 22 25 27 20 44 24 43 27 13 19 16 14 19 21 24 26 13 29 8 19 15 27 10 34 14 28 12 18 29 25 36 18 9 26 22 10 32 25 38 
31 19 26 19 21 32 17 20 10 17 19 23 26 35 18 44 27 42 20 9 22 5 31 16 27 23 21 24 24 13 25 28 15 20 21 21 13 29 49 7 17 15 26 18 41 35 11 20 11 20 25 35 14 12 22 21 16 24 30 29 
18 28 39 19 11 21 34 20 17 19 21 24 27 24 14 31 17 19 6 20 15 9 29 35 17 26 27 29 23 15 23 18 21 22 18 16 27 16 31 18 15 28 18 23 13 27 29 25 25 31 19 47 19 14 24 23 12 29 4 16 
28 31 34 11 20 31 24 17 14 28 22 19 31 30 18 40 25 16 25 18 29 19 18 28 22 42 18 26 14 19 31 23 22 25 18 15 24 15 39 29 21 19 13 22 27 39 23 23 19 25 23 27 17 23 15 22 18 32 21 19 
16 35 17 22 10 22 19 34 13 25 37 14 32 26 29 45 16 31 23 14 24 20 29 37 14 23 23 39 23 16 39 14 13 23 16 13 25 30 21 18 23 17 18 15 34 27 9 33 10 28 20 33 18 15 24 11 7 37 13 19 
25 11 20 15 16 20 19 20 10 27 21 14 24 26 20 21 31 32 25 13 16 27 16 23 20 31 26 25 23 20 29 23 18 11 23 29 27 14 38 17 25 26 15 21 23 30 29 34 18 15 26 23 22 20 29 7 13 26 33 21 
18 25 24 20 23 37 28 26 23 21 23 20 27 34 21 33 36 29 16 16 24 12 25 16 13 25 26 27 18 19 27 29 7 14 13 21 20 41 16 21 16 18 12 18 32 18 19 20 20 30 21 38 19 15 17 27 14 38 27 27 
26 29 25 20 17 24 15 21 9 29 31 15 21 30 29 44 23 37 18 12 15 20 29 21 17 16 23 35 8 13 26 31 16 35 21 17 21 34 33 20 15 33 14 10 38 20 23 30 18 23 32 33 19 19 12 15 13 22 18 17 
11 21 30 21 17 31 18 22 18 18 11 16 20 30 9 48 21 18 21 16 26 20 14 18 26 42 19 33 35 16 25 16 13 13 18 18 21 50 30 28 12 33 22 23 37 31 26 26 12 33 20 27 26 14 34 16 18 36 19 25 
33 39 10 26 7 20 26 27 8 12 29 21 20 25 22 36 17 29 31 21 20 4 21 28 19 27 26 25 12 20 47 22 16 31 14 25 25 38 30 26 18 36 14 27 17 24 16 35 16 20 22 26 21 21 25 23 17 31 34 17 
35 19 24 16 11 16 30 14 15 21 19 28 33 31 23 34 26 13 13 14 14 20 25 24 14 23 33 21 29 20 45 25 10 25 18 12 19 35 10 7 13 17 16 28 33 31 20 24 14 21 23 25 16 21 9 27 11 35 36 21 
20 30 17 22 19 20 28 24 25 3 14 18 20 29 26 25 41 25 22 23 17 19 10 30 26 31 31 35 19 17 39 27 7 23 15 27 25 21 19 16 23 27 20 19 27 30 27 22 25 21 21 32 22 17 5 22 17 19 36 21 
30 33 32 20 14 19 20 22 16 21 25 19 27 27 35 20 30 25 26 11 16 26 25 38 18 30 29 35 16 20 26 21 18 13 16 18 24 27 21 18 20 19 22 10 26 27 22 29 31 41 19 33 15 13 29 29 15 26 21 18 
10 30 20 15 22 23 12 23 19 26 31 16 38 25 33 26 27 26 16 14 25 14 24 27 22 41 28 36 21 17 35 37 11 23 24 17 26 20 18 15 30 15 22 11 22 28 19 39 15 17 25 35 16 27 20 22 19 33 34 34 
32 21 23 20 14 29 26 21 19 29 33 15 21 27 25 32 21 30 24 15 29 28 17 36 21 25 20 27 16 18 31 41 13 16 23 16 9 26 24 20 16 18 10 30 20 16 24 19 21 33 31 30 25 12 9 21 15 29 18 22 
23 30 18 14 13 23 23 23 22 33 20 17 20 19 32 16 13 20 24 8 21 18 7 20 12 29 22 25 25 22 29 18 19 24 26 18 16 50 36 26 14 12 13 17 29 22 14 22 22 29 27 24 22 18 21 19 16 26 17 19 
28 34 16 10 16 26 37 26 20 13 37 22 24 41 22 39 29 23 20 11 14 28 16 21 25 33 26 23 18 19 40 23 16 24 15 24 19 37 25 9 25 27 25 25 27 28 23 42 20 42 9 20 24 21 22 24 15 37 20 23 
24 14 25 15 13 24 16 26 14 17 23 22 25 32 28 21 25 19 9 12 20 14 29 25 20 38 31 23 22 13 26 24 11 12 14 22 16 40 24 15 14 9 21 29 34 31 20 36 16 20 38 19 18 12 8 30 15 30 36 21 
28 50 19 17 17 18 22 31 17 24 18 16 30 25 27 18 29 27 24 12 14 24 25 27 16 28 20 22 11 17 30 11 20 28 20 16 21 41 12 21 18 28 19 18 26 27 18 40 18 35 28 32 23 12 22 25 17 33 32 25 
31 29 25 27 14 32 26 30 16 21 21 28 24 29 37 29 32 31 19 19 29 21 23 22 15 23 17 25 14 15 24 26 22 24 15 22 17 39 25 24 20 20 17 37 28 28 30 25 21 25 23 21 14 22 27 32 22 34 19 21 
24 42 29 13 17 31 11 25 23 11 31 22 19 24 13 25 23 32 14 6 30 18 23 24 15 33 21 28 22 15 32 14 19 14 21 15 34 47 22 25 23 30 28 15 26 27 23 41 15 29 34 39 28 15 23 28 17 8 20 23 
24 21 25 7 22 24 23 35 19 17 37 17 6 47 25 29 29 19 16 12 17 29 22 37 28 24 21 33 19 14 22 39 16 14 23 15 17 37 37 22 10 24 16 26 27 27 32 20 24 37 20 16 15 13 18 49 15 22 30 14 
30 40 15 15 19 28 23 29 18 15 20 12 20 25 21 39 25 8 33 14 20 34 5 22 21 23 21 22 24 15 18 23 18 23 7 16 20 27 31 17 15 18 17 36 26 21 39 27 16 26 21 27 15 15 21 19 16 44 25 32 
28 26 24 19 16 12 25 21 11 28 45 20 25 18 29 37 35 26 21 20 21 6 21 8 21 28 22 34 12 16 32 36 8 27 23 23 30 37 36 30 12 15 10 8 22 34 18 46 13 36 31 22 20 20 6 27 17 21 27 24 
12 33 23 23 9 23 40 28 11 21 26 22 23 21 20 41 29 30 27 17 23 26 29 14 21 15 25 24 23 16 30 24 19 19 22 11 27 35 37 9 19 27 19 31 26 31 22 22 23 24 23 30 26 19 7 34 8 35 34 21 
36 16 25 20 11 21 16 36 12 24 25 20 35 22 30 15 25 42 22 16 19 25 27 27 21 32 29 23 28 12 12 25 25 16 24 24 10 33 38 21 20 25 19 15 28 19 20 32 21 43 31 32 15 11 22 30 15 22 30 17 
29 39 14 16 16 33 21 25 18 23 35 13 22 32 21 36 19 22 25 16 10 24 34 17 17 38 23 19 22 17 24 14 15 25 20 16 23 31 28 13 18 28 13 26 23 34 22 27 19 24 16 34 17 14 22 22 15 18 25 17 
24 26 12 15 16 11 29 27 18 26 23 18 29 33 21 38 24 24 14 16 15 19 17 32 24 33 17 30 14 14 31 26 20 21 22 12 25 23 17 14 32 14 21 21 19 21 21 39 19 29 17 19 12 18 18 19 15 36 26 22 
24 37 21 11 12 24 20 22 19 24 27 15 26 23 32 17 29 6 26 20 19 25 30 13 8 29 25 19 13 9 28 24 19 23 22 17 17 40 20 26 16 30 18 24 17 32 25 28 21 26 31 30 24 13 9 21 19 21 27 26 
28 26 31 19 19 32 20 37 16 31 24 20 20 25 36 28 31 34 19 16 17 21 14 19 19 35 23 24 18 20 35 33 15 19 17 16 24 31 27 11 19 29 24 21 30 15 19 32 24 36 14 31 16 18 21 25 14 28 31 28 
30 29 29 6 19 17 20 33 10 32 19 13 15 31 38 31 24 32 24 13 26 18 24 23 25 21 26 31 28 18 32 15 17 17 16 20 16 38 20 21 21 29 14 23 34 25 16 16 21 43 20 23 25 11 25 23 10 23 20 20 
27 16 16 24 17 19 29 22 17 20 36 18 22 28 31 31 14 30 11 16 20 13 23 30 19 24 15 22 24 14 41 34 17 15 14 11 24 38 11 17 26 9 19 12 12 26 19 27 19 38 23 24 22 21 14 25 19 30 30 24 
19 26 20 20 15 33 29 22 13 5 17 17 18 29 13 28 27 22 22 16 17 27 20 32 16 32 20 12 20 17 55 33 14 26 25 14 14 21 34 15 9 15 28 16 25 29 29 11 21 16 29 18 24 18 21 27 13 26 35 19 
27 17 18 19 22 31 25 36 20 24 36 21 34 35 26 33 28 24 28 16 17 36 27 18 16 28 10 25 28 15 30 26 12 10 16 17 24 22 29 34 15 22 21 21 40 23 26 34 24 29 22 14 16 20 9 24 11 29 25 24 
23 34 33 17 19 15 21 32 13 11 31 24 21 27 15 37 25 22 20 19 16 15 23 18 22 31 24 30 23 11 25 24 19 27 18 24 16 34 37 14 18 37 19 23 34 31 24 22 21 32 27 23 21 19 16 30 19 34 24 24 
26 21 31 19 14 14 16 21 19 27 15 17 30 26 22 29 24 25 18 16 12 18 20 22 19 47 18 19 24 18 23 29 13 33 14 21 22 20 44 22 15 25 28 24 28 14 35 40 16 35 24 28 11 14 11 19 17 38 38 28 
29 26 19 18 15 11 34 23 27 17 22 19 13 23 36 32 28 29 29 18 23 22 26 28 18 36 23 27 24 11 43 31 18 26 12 13 18 38 25 20 10 22 27 9 32 25 16 21 21 37 13 27 16 13 9 19 18 17 43 17 
18 17 31 18 26 29 12 16 16 15 24 17 25 25 22 22 14 26 29 17 16 18 28 18 11 15 30 24 20 13 17 21 18 21 24 20 21 47 17 15 22 23 27 14 22 17 22 32 8 29 27 33 16 17 11 21 14 41 24 22 
35 31 26 24 10 18 19 45 14 32 14 17 41 31 29 42 15 38 32 14 21 24 20 23 15 34 27 53 25 8 20 30 18 22 15 21 31 42 36 26 13 29 23 25 27 16 20 33 26 36 32 32 28 26 14 26 21 24 31 35 
17 26 24 19 18 25 21 29 12 27 23 23 27 29 43 29 21 23 15 12 19 16 29 22 21 23 18 35 16 18 31 26 18 32 19 7 18 42 26 17 24 10 24 14 33 24 19 42 24 32 24 35 12 16 15 30 15 36 30 34 
29 33 20 14 13 23 25 26 13 25 19 13 26 32 24 22 25 24 22 6 20 25 20 21 21 18 23 26 15 16 35 26 15 9 20 18 15 34 25 17 10 25 15 16 18 18 14 26 16 13 29 26 18 23 24 15 21 25 21 24 
28 26 17 23 11 25 25 20 9 13 29 20 21 35 27 27 34 25 25 13 21 12 19 22 10 29 18 25 24 15 29 34 21 33 22 22 25 32 31 19 20 37 20 29 31 28 22 41 20 37 7 24 12 22 22 25 21 20 24 21 
16 39 31 23 13 20 27 35 12 16 33 28 18 32 10 38 30 36 23 14 22 26 29 33 19 32 31 25 21 18 25 36 16 27 12 15 19 36 42 18 18 12 18 23 29 27 26 19 26 26 22 34 17 17 19 27 17 28 28 25 
17 30 26 18 16 41 15 39 20 27 23 22 28 26 23 26 18 38 20 14 21 19 22 24 28 49 22 29 24 9 45 29 18 9 26 14 20 32 27 21 15 24 25 13 21 21 10 33 18 37 26 32 19 13 19 30 16 28 29 34 
19 33 15 16 18 23 29 23 13 33 27 15 42 26 30 13 22 23 20 16 14 25 24 24 13 38 16 23 24 9 37 31 12 25 23 11 26 27 27 18 19 22 22 30 29 25 26 33 13 25 18 28 19 16 15 11 10 38 24 16 
23 13 26 18 19 29 28 28 12 19 29 9 28 55 41 34 13 28 19 17 20 28 16 27 26 30 17 22 22 21 20 21 22 22 16 17 22 30 24 33 8 18 13 17 24 39 18 30 15 20 20 23 28 21 18 23 19 29 19 18 
24 24 15 14 14 18 26 31 23 29 14 13 19 34 30 40 38 30 23 13 22 23 15 26 21 30 17 23 25 13 34 24 16 23 13 19 16 30 18 19 14 24 15 19 30 19 12 41 17 20 25 31 21 16 9 15 6 18 42 30 
36 23 22 17 17 34 26 22 19 25 25 14 29 40 19 29 19 25 26 12 17 27 24 29 21 35 19 26 18 18 21 27 13 34 19 24 17 31 12 19 27 28 17 18 18 33 21 38 18 31 24 26 21 10 12 34 16 26 20 19 
17 17 23 14 9 15 33 30 12 13 19 22 20 28 32 23 22 18 27 15 21 33 22 28 20 22 20 20 20 9 17 39 11 24 19 17 21 24 18 24 11 29 14 25 26 28 17 37 17 32 20 25 20 24 18 37 17 40 41 19 
30 24 25 19 18 13 25 26 16 17 37 12 31 19 27 32 42 28 28 20 24 19 21 28 25 37 20 13 17 21 20 24 19 26 19 23 12 41 37 19 15 24 16 32 27 28 24 38 14 35 21 39 21 26 29 36 21 26 27 23 
32 30 26 19 21 20 18 26 20 21 25 17 21 32 18 32 24 34 19 20 16 25 23 29 26 20 20 24 20 23 52 24 8 15 21 9 20 22 45 23 22 28 8 25 25 28 31 24 21 31 23 22 16 8 24 21 14 28 28 40 
12 30 26 20 20 34 25 21 18 31 26 23 39 30 24 32 30 29 18 8 21 9 27 28 26 15 13 18 13 14 30 27 12 19 18 20 12 26 25 30 16 19 15 20 32 24 30 27 18 23 21 32 19 22 14 21 19 19 25 21 
13 43 26 15 19 25 19 25 24 18 27 22 36 33 24 28 28 26 25 12 27 20 19 34 20 14 18 26 25 19 28 34 14 28 24 21 20 37 15 18 24 26 25 21 35 17 25 17 16 27 22 31 17 18 18 13 9 30 25 24 
26 16 8 20 19 33 28 25 7 27 18 21 24 21 26 24 39 21 27 13 26 32 30 22 7 18 25 19 26 20 42 25 14 13 27 13 25 17 26 23 15 21 19 13 28 26 14 18 24 32 15 31 18 9 27 18 17 38 26 26 
29 36 17 9 19 25 28 32 18 13 28 20 13 32 13 41 36 34 17 15 16 23 22 22 17 20 21 7 26 18 24 26 12 18 17 18 33 40 5 13 17 27 14 31 30 16 26 26 29 30 24 35 19 16 26 26 19 26 28 29 
21 18 30 7 17 21 17 30 17 18 34 25 29 20 28 33 18 39 25 19 19 16 17 29 23 26 20 34 21 18 31 30 25 10 25 17 27 19 26 23 19 20 24 19 35 28 11 31 18 37 17 16 15 7 21 12 17 30 26 25 
20 27 10 27 11 23 22 30 15 25 33 23 14 37 22 26 32 28 21 25 19 15 20 39 22 27 23 26 20 11 48 28 18 16 20 20 20 20 38 22 19 10 20 30 32 21 26 33 19 34 13 39 20 19 21 19 13 41 39 17 
22 38 35 26 20 26 17 25 17 21 14 16 31 22 18 28 28 20 11 18 12 17 16 20 20 21 24 43 9 15 45 33 16 32 17 27 20 29 36 18 16 14 28 16 34 30 24 41 24 36 26 32 22 10 28 27 14 15 31 22 
25 36 23 28 11 23 29 21 11 26 23 18 27 31 22 21 32 47 12 16 6 16 13 35 25 32 25 21 15 11 37 21 17 25 20 23 29 43 23 31 18 19 24 22 26 19 22 35 18 33 15 53 23 23 17 20 20 24 29 20 
19 24 24 17 9 32 28 34 14 31 27 24 18 23 22 28 18 38 18 16 21 5 11 19 18 26 25 25 6 15 37 33 13 33 24 28 23 18 22 26 28 26 3 23 30 28 23 31 13 29 18 30 14 12 29 27 15 41 23 25 
12 32 8 26 13 24 12 16 15 21 22 22 31 30 40 27 41 30 20 18 14 30 25 27 15 26 25 20 22 22 31 13 16 18 10 23 32 42 30 21 10 29 22 15 30 29 15 43 21 25 22 26 18 16 12 24 13 19 28 23 
29 35 31 14 17 25 28 24 14 20 36 18 21 25 25 24 25 23 19 18 27 27 31 26 23 26 31 27 23 18 21 22 24 27 16 24 10 25 33 27 25 32 22 25 22 27 12 18 22 37 13 42 18 13 25 28 17 27 31 19 
34 20 26 17 20 17 22 29 13 19 27 31 17 32 20 33 44 33 18 14 19 31 24 26 23 34 23 35 24 7 25 29 16 20 21 15 15 26 33 27 14 13 23 19 22 29 27 15 14 25 19 36 22 14 16 33 18 19 31 20 
22 40 21 12 20 15 16 23 23 23 18 14 28 7 19 41 33 33 18 14 23 23 23 14 25 28 23 19 20 15 13 27 23 14 16 17 17 31 15 17 24 22 24 16 21 34 32 29 19 16 34 17 14 16 22 15 16 25 18 17 
17 40 17 20 15 26 32 27 12 13 25 15 27 24 34 36 18 30 13 16 19 24 22 26 20 25 21 38 18 18 27 20 14 29 23 15 10 42 34 24 22 24 18 34 21 23 34 31 12 17 32 28 20 19 34 20 18 29 28 17 
27 9 13 21 16 33 23 25 14 26 34 19 30 29 29 24 21 19 18 12 13 24 20 30 14 32 25 32 13 15 24 33 16 34 23 18 26 32 23 16 7 38 7 19 14 30 26 27 21 17 27 30 21 18 19 25 15 30 31 20 
23 37 24 20 17 29 21 15 19 25 24 17 14 31 26 33 28 27 18 13 18 31 5 32 13 24 25 10 2 17 34 28 15 29 10 24 20 25 13 26 26 22 11 28 30 39 20 29 18 17 26 32 14 22 13 15 17 39 20 24 
16 30 29 19 12 17 16 39 13 11 15 7 15 23 10 41 31 30 20 14 21 11 29 14 14 35 21 15 28 15 28 22 16 19 20 9 18 45 42 21 24 13 22 19 26 24 19 28 17 44 14 45 16 15 23 43 20 26 26 23 
30 24 20 23 21 32 16 18 16 13 31 12 22 18 33 33 28 32 22 13 14 25 27 31 13 41 15 48 16 10 28 25 20 21 19 14 18 34 30 24 19 25 31 30 21 20 24 30 18 32 25 22 18 22 17 18 18 31 34 18 
21 19 25 23 8 40 24 19 12 16 37 21 20 20 28 32 29 27 21 10 24 4 19 22 7 22 26 25 15 16 9 28 13 22 13 12 18 24 18 30 16 16 16 17 19 31 18 29 11 33 26 46 31 17 31 17 18 31 19 18 
21 33 16 12 13 28 21 23 11 22 27 26 21 31 31 18 38 35 15 18 24 16 25 23 11 28 27 26 24 21 11 25 16 25 16 18 21 32 20 29 24 23 22 11 18 28 20 20 22 25 24 34 12 10 28 28 18 30 11 18 
26 40 18 23 19 23 34 24 15 19 21 19 27 19 32 30 23 36 18 10 24 26 21 24 14 35 17 35 15 21 29 31 18 25 8 15 19 11 35 13 16 19 23 25 37 19 35 34 20 16 31 33 10 27 17 24 6 27 22 23 
24 29 28 20 9 21 30 22 16 18 26 19 22 27 24 13 29 19 27 16 33 19 10 21 14 29 9 25 25 14 26 35 17 26 21 17 18 43 30 15 15 24 7 23 26 29 18 27 18 33 19 36 25 13 25 26 14 43 27 23 
23 24 25 22 24 16 30 24 12 26 21 16 24 22 27 30 19 32 31 22 12 16 20 16 12 39 25 28 26 17 28 27 18 19 15 17 24 24 38 16 17 31 22 20 23 29 12 30 18 22 24 17 12 20 20 25 17 22 24 33 
24 32 22 17 19 25 27 12 15 8 16 22 29 23 35 22 26 39 13 12 16 17 18 26 21 28 24 38 27 17 33 29 16 20 21 23 21 29 27 18 19 27 21 23 28 27 26 24 27 23 22 40 21 16 22 38 17 19 19 21 
42 25 15 10 23 22 28 17 20 23 24 21 26 21 25 41 9 27 12 11 20 12 18 19 12 20 19 33 13 19 23 18 7 15 22 17 29 18 17 28 10 19 25 28 18 20 15 30 22 38 18 37 19 14 23 30 16 27 30 15 
40 24 26 22 16 16 27 25 14 23 20 18 19 29 14 22 20 22 23 15 9 17 19 38 16 28 23 19 12 11 44 32 12 25 20 10 23 41 33 21 11 24 18 23 28 18 18 30 23 24 25 24 29 17 26 13 12 29 24 27 
36 24 39 12 18 10 7 15 17 24 23 15 22 29 26 31 27 22 22 15 15 13 13 35 17 41 19 30 20 18 39 24 25 30 13 18 10 33 34 21 19 23 8 19 20 22 19 43 13 34 25 14 21 18 20 26 14 39 30 28 
40 29 32 21 21 33 23 19 15 13 26 21 26 15 20 30 40 31 18 17 17 14 27 11 20 18 34 30 23 23 20 22 14 16 29 17 24 19 7 26 15 17 26 20 31 22 22 23 16 28 16 29 8 33 25 21 14 47 28 23 
31 30 14 22 15 13 30 22 16 20 29 19 9 21 22 31 26 38 14 22 17 29 15 21 21 19 16 24 28 14 35 29 14 20 19 13 26 23 19 16 26 20 19 22 30 13 23 38 11 33 26 32 22 13 17 25 21 29 22 19 
28 26 24 22 16 27 14 25 20 20 27 25 29 31 23 32 23 30 19 11 30 30 28 23 21 13 17 30 37 12 29 27 16 20 20 7 14 25 21 26 25 25 18 15 26 25 20 36 24 30 18 26 20 24 13 24 24 39 24 25 
31 31 26 19 12 28 42 25 15 22 30 15 16 37 32 36 29 21 26 15 22 21 12 27 23 17 18 28 16 16 38 44 14 24 23 11 31 28 23 14 12 20 23 31 30 30 26 20 23 23 26 36 17 13 12 30 14 34 20 21 
30 43 15 12 22 16 28 27 16 27 10 16 36 34 31 23 15 25 18 15 19 27 21 31 20 27 28 37 8 16 37 24 14 17 16 17 19 35 23 23 19 12 9 10 29 39 15 38 19 25 20 26 17 20 19 21 16 21 31 29 
21 32 20 18 10 20 34 33 12 19 29 17 26 12 16 31 24 23 27 18 19 18 20 23 23 27 32 40 21 24 28 23 17 13 17 22 18 34 35 25 22 26 19 18 31 18 26 27 20 24 22 30 16 21 19 19 17 34 30 29 
25 30 20 18 15 23 21 23 19 21 32 22 26 37 21 30 27 33 16 16 17 21 16 29 13 27 21 20 26 20 35 19 14 35 20 8 19 29 30 17 22 20 14 25 24 16 25 19 20 45 25 37 24 24 9 24 18 20 29 27 
26 29 20 16 17 34 30 32 12 10 31 20 26 33 24 41 26 28 13 19 20 19 15 16 10 23 25 31 27 10 22 27 17 13 10 22 24 32 21 2 15 26 17 25 21 23 18 37 24 24 23 11 7 8 18 24 8 20 22 25 
29 28 16 28 12 17 23 20 11 28 25 20 27 14 12 29 34 32 27 19 21 22 22 36 19 18 17 22 24 21 26 37 15 25 18 24 24 29 30 14 18 26 19 23 14 20 10 39 21 22 21 33 17 18 15 32 12 24 36 15 
24 27 27 18 16 18 13 35 21 20 26 19 19 13 30 26 25 24 11 15 15 13 26 22 17 32 23 27 32 18 24 28 17 25 18 13 19 40 29 15 16 17 22 12 23 32 24 27 17 20 18 32 19 11 25 26 19 26 25 18 
22 26 17 19 12 27 6 33 14 23 26 12 19 31 12 27 27 29 9 6 13 19 28 29 19 38 36 22 15 19 30 18 17 19 20 23 28 36 12 29 14 10 23 16 19 29 31 41 18 18 19 22 23 16 21 19 17 27 29 18 
32 24 27 20 17 4 30 29 13 16 27 14 21 26 20 25 32 30 28 16 21 21 13 26 15 9 24 20 17 12 34 31 12 23 18 15 13 26 19 11 13 39 18 18 20 21 23 35 32 37 24 32 28 14 22 32 18 26 31 22 
19 21 17 19 18 37 20 19 8 18 22 20 22 41 15 33 36 25 17 16 6 23 14 27 20 21 33 21 19 19 39 46 14 22 16 26 21 33 32 18 28 16 18 19 19 36 22 28 17 21 24 20 20 20 18 21 19 7 37 26 
23 27 23 23 13 21 25 29 12 19 28 25 27 37 27 28 27 15 21 17 11 21 22 31 24 25 18 35 24 15 21 19 18 25 23 15 16 39 41 18 20 30 25 22 15 21 23 34 24 41 25 33 20 19 21 31 16 21 24 28 
37 28 27 9 15 24 33 25 17 15 21 18 24 22 21 14 26 44 19 19 20 27 30 37 23 25 21 30 26 22 43 24 21 13 14 16 17 23 35 11 18 25 9 16 20 11 20 22 20 36 25 36 12 18 20 23 15 31 24 20 
32 44 34 24 9 27 22 21 13 29 29 15 14 37 18 35 32 34 25 11 21 27 21 26 16 23 17 20 20 17 30 32 21 28 22 16 18 32 23 11 9 17 27 30 22 19 26 16 13 24 19 23 16 19 15 13 20 31 39 17 
17 22 18 13 9 23 24 27 11 22 12 9 31 25 31 19 23 26 15 17 20 27 18 35 18 12 17 29 18 19 23 17 15 14 22 22 24 22 38 21 11 26 18 27 35 23 30 28 21 24 30 33 25 15 28 15 14 36 27 25 
30 41 19 17 13 23 20 12 19 14 23 10 25 33 20 27 28 35 24 19 15 21 20 24 25 29 19 21 11 16 24 33 20 26 9 12 17 43 26 19 10 3 17 24 26 15 13 22 17 34 21 34 24 18 15 30 15 29 19 26 
17 32 20 17 13 29 21 27 18 25 25 12 33 36 38 26 33 16 18 11 17 19 17 27 23 17 24 24 19 18 24 9 15 20 25 25 19 27 36 17 18 28 24 11 33 30 21 31 23 35 19 33 22 21 20 29 13 20 20 28 
36 22 16 23 16 19 18 30 14 20 23 22 32 27 21 35 17 28 35 20 14 26 18 14 24 23 23 29 15 18 19 33 22 24 15 10 27 25 26 18 12 21 15 25 38 24 27 15 19 31 27 31 19 11 24 33 18 32 35 28 
21 37 15 12 12 19 23 33 16 21 24 13 27 39 35 31 30 29 20 11 23 28 18 23 19 22 28 34 14 12 40 29 16 26 12 20 23 24 34 22 21 22 14 29 16 27 20 30 16 28 15 36 12 14 16 11 15 35 31 25 
35 30 13 16 19 27 26 23 13 21 24 17 27 22 38 50 31 21 7 11 23 27 16 36 20 31 20 24 26 20 29 20 16 24 19 8 25 35 28 26 21 23 18 25 22 27 36 38 19 19 24 20 22 21 7 30 19 23 40 29 
20 37 10 20 19 29 12 32 15 33 13 20 21 32 34 37 35 37 24 20 19 18 25 23 15 27 23 36 13 16 41 30 16 27 15 13 25 30 20 25 15 15 18 23 21 33 18 26 22 29 26 37 18 23 30 24 20 33 26 25 
25 35 14 20 20 18 28 41 19 20 21 21 34 30 18 31 37 34 11 15 24 27 30 30 19 26 26 28 22 23 42 17 17 19 21 22 29 36 16 23 19 8 19 7 20 21 25 33 21 36 24 35 13 25 24 24 22 36 25 21 
25 9 14 18 15 22 17 29 16 19 38 15 14 34 23 16 31 25 17 13 25 16 22 21 24 33 25 18 26 24 48 25 17 32 13 17 23 32 24 26 16 26 18 22 22 22 26 38 20 36 33 22 19 13 19 27 22 33 12 17 
21 34 28 20 8 26 30 34 10 21 22 21 40 28 17 28 30 33 17 16 25 20 22 16 14 24 27 20 9 8 30 20 9 17 19 20 17 29 27 10 20 30 31 20 36 18 26 24 16 28 18 17 20 16 14 29 19 18 17 12 
29 27 11 16 22 27 37 26 19 24 30 13 20 9 22 42 32 34 27 7 16 25 16 37 21 26 27 18 18 11 30 38 23 22 22 17 8 38 34 28 18 13 23 29 33 37 25 15 12 37 16 36 18 19 28 30 15 34 28 28 
28 18 23 26 15 15 29 43 18 16 30 23 18 27 19 43 15 19 10 16 27 15 14 31 26 23 35 33 12 16 25 37 13 28 23 14 24 32 2 34 17 18 19 15 38 25 15 23 23 27 23 16 21 12 15 20 15 25 17 17 
37 23 24 12 10 12 31 5 14 17 15 23 22 34 30 32 26 18 29 17 18 27 24 12 24 16 17 20 14 22 37 39 19 17 21 19 18 30 20 25 24 31 14 32 33 26 20 32 18 28 26 41 26 13 27 28 19 29 24 20 
31 31 18 12 15 29 21 24 17 15 12 18 29 18 26 27 19 20 24 15 13 17 32 22 14 30 31 31 20 15 42 27 19 21 19 19 24 30 34 16 14 24 21 24 40 39 22 23 27 32 22 16 19 17 4 20 19 34 25 20 
12 46 26 18 16 27 27 27 15 19 33 23 31 28 11 34 15 29 13 10 33 23 18 24 24 23 29 31 15 11 24 15 17 33 20 26 15 28 44 23 17 20 20 16 19 39 23 40 25 41 10 18 14 16 20 28 15 30 33 31 
7 33 24 18 13 25 20 32 27 26 29 20 22 31 27 26 27 19 24 17 18 24 15 14 27 36 21 32 26 15 26 19 21 16 20 15 21 37 33 23 21 6 23 21 26 17 19 36 19 22 11 43 18 25 19 32 9 20 31 30 
9 6 18 21 16 32 29 25 16 25 18 9 24 23 25 37 26 30 21 21 10 22 22 25 22 24 21 23 19 16 25 39 19 9 15 18 17 23 27 15 17 26 14 15 27 27 14 36 22 24 15 27 22 16 18 21 14 17 25 20 
18 33 18 24 18 23 31 32 16 11 28 21 28 26 27 41 29 25 32 18 23 40 17 22 13 41 14 24 31 22 35 21 16 31 16 6 27 18 22 19 17 11 27 17 36 30 32 32 28 41 26 28 19 20 14 33 17 34 27 24 
19 30 12 20 8 24 23 19 13 19 20 27 36 36 31 34 33 24 22 11 19 23 30 24 24 22 15 31 19 17 20 31 10 21 12 19 15 17 12 17 23 28 21 24 28 17 15 23 20 25 23 27 14 24 14 29 17 20 25 25 
22 18 17 20 14 29 25 19 14 27 25 19 11 16 12 29 26 35 26 17 25 11 8 30 14 31 21 24 16 13 15 28 16 23 16 18 22 39 15 25 13 18 16 26 21 25 25 35 24 40 24 25 14 14 23 36 23 27 23 27 
27 30 19 20 16 29 18 25 20 25 35 24 23 32 39 29 20 27 21 16 18 13 26 24 11 33 21 37 13 16 34 32 18 20 20 18 28 23 15 27 21 16 16 15 29 25 17 45 21 31 35 28 11 20 22 27 18 30 17 28 
20 38 29 24 20 25 22 30 20 20 26 21 15 13 30 39 29 25 18 18 18 23 9 19 13 31 21 30 18 16 18 21 17 10 23 17 23 34 24 13 21 19 12 24 22 24 21 28 18 13 15 25 11 12 26 25 13 34 34 15 
28 41 21 20 17 16 21 26 16 28 26 18 38 33 18 47 33 26 11 10 17 24 24 34 16 19 27 31 26 13 20 33 3 18 19 18 21 37 18 17 18 16 17 28 20 19 22 39 22 32 25 31 21 17 17 31 19 25 39 27 
15 19 22 20 13 29 21 17 6 13 23 22 30 24 30 22 34 29 14 15 17 21 22 21 21 30 7 22 39 17 42 12 20 17 23 14 15 47 24 6 14 24 22 20 28 15 12 25 22 43 26 37 17 20 17 33 10 34 20 19 
35 42 28 23 4 22 22 22 23 14 27 12 26 21 31 23 19 30 20 10 21 17 21 38 12 18 23 34 13 15 26 39 15 15 24 13 18 30 29 19 14 33 25 27 31 22 18 19 15 26 32 25 16 16 20 8 15 40 22 26 
28 33 4 9 13 16 26 28 7 11 25 17 30 20 23 27 18 25 15 17 23 22 14 25 15 25 18 31 18 21 40 30 14 17 31 17 25 23 25 18 21 24 22 29 29 29 31 41 28 30 24 30 18 17 22 25 23 42 31 25 
17 29 33 12 13 23 16 26 9 26 18 20 16 11 19 42 39 27 5 13 10 23 13 32 22 27 29 21 18 16 36 21 21 27 21 14 13 26 27 24 9 22 12 25 30 30 17 36 16 30 16 30 25 16 16 17 16 33 12 14 
29 12 26 21 16 19 16 17 14 14 24 16 17 48 21 24 27 41 18 18 34 23 27 23 17 26 36 16 23 11 21 30 22 13 17 24 25 8 29 12 22 19 24 9 24 28 24 30 27 40 24 28 16 11 17 19 11 22 24 18 
26 50 19 18 15 35 26 21 21 18 35 20 41 28 23 28 20 20 19 11 11 20 22 19 18 29 23 27 22 14 20 26 17 12 15 4 24 29 28 12 14 20 19 10 30 18 32 25 10 30 20 27 24 16 15 22 13 34 36 17 
16 28 32 16 11 27 18 18 10 21 26 12 22 20 16 42 17 25 7 6 22 17 17 8 21 36 15 31 20 17 35 30 17 19 13 12 12 13 37 26 20 13 16 19 15 45 19 25 22 21 24 16 6 23 23 18 19 22 20 24 
19 31 24 10 11 7 25 18 16 28 32 21 19 37 33 25 28 17 17 19 27 25 19 27 14 23 10 20 21 26 37 28 14 9 30 15 29 36 30 15 24 22 17 19 36 38 26 28 28 26 19 33 20 21 26 32 17 29 25 18 
23 30 24 20 10 25 16 27 14 14 21 17 33 26 10 34 38 32 23 18 16 28 22 23 21 22 17 25 23 17 35 29 16 27 25 12 15 36 28 21 22 35 20 19 28 24 19 35 20 31 25 21 18 16 25 20 16 37 19 30 
19 30 18 21 17 33 14 25 21 16 35 18 28 24 17 18 44 24 28 14 17 21 25 31 27 22 20 21 14 16 31 29 20 21 15 10 20 30 28 22 25 22 17 11 31 21 24 24 24 33 15 35 18 15 12 35 12 31 29 10 
31 34 27 16 20 19 18 20 20 28 24 15 18 15 31 29 26 24 24 20 12 28 23 37 20 31 30 35 26 21 13 26 13 12 29 21 22 31 29 19 21 27 11 16 24 33 18 35 14 45 18 26 18 16 20 23 14 29 31 35 
22 31 19 16 18 26 21 27 20 25 28 24 32 27 25 26 35 30 22 24 14 34 22 16 25 31 30 28 25 22 37 23 17 16 18 17 26 19 21 19 22 23 19 4 32 41 22 37 17 22 17 19 14 19 26 28 17 38 20 22 
35 24 32 18 17 18 17 32 13 31 31 25 35 23 26 33 26 37 15 12 20 30 20 23 17 24 28 32 25 10 27 22 22 15 15 21 24 28 21 15 20 38 12 25 31 14 10 34 21 22 30 38 19 20 25 31 16 30 26 24 
18 20 38 18 18 21 28 26 18 16 14 15 8 10 22 31 35 29 14 16 19 22 20 22 18 36 35 19 19 13 31 20 9 33 21 19 27 21 31 21 18 29 12 9 15 29 15 13 21 32 29 23 14 26 16 25 17 19 18 25 
24 15 22 22 19 25 22 26 13 27 22 23 25 17 21 18 21 30 32 16 27 32 22 17 23 28 32 28 19 15 42 25 21 23 21 28 6 11 30 31 17 11 16 18 27 23 19 42 26 34 22 36 20 17 16 27 19 31 35 21 
28 17 31 14 19 39 20 35 15 20 29 7 33 28 25 33 35 24 11 15 18 22 12 23 19 22 19 16 26 14 43 15 13 24 20 19 30 39 31 24 16 17 18 22 25 28 27 29 23 35 19 26 17 13 11 28 14 40 23 27 
20 10 21 19 18 20 20 30 23 22 19 13 13 26 29 14 19 21 22 16 23 13 28 27 11 28 28 24 25 18 37 19 17 35 26 20 22 31 27 30 15 16 14 13 33 24 19 25 26 41 21 35 18 14 25 20 14 17 29 19 
25 23 21 19 15 19 21 23 14 19 24 22 25 40 26 40 27 17 21 15 20 26 16 27 28 29 31 35 21 17 25 18 13 20 15 24 15 26 18 16 20 28 29 15 19 31 15 25 23 25 16 40 14 17 29 22 21 41 25 25 
14 29 30 10 15 20 35 17 23 20 17 16 21 27 13 24 19 21 22 12 26 18 16 26 17 17 11 34 16 10 16 25 18 19 20 17 23 26 29 15 25 26 13 26 33 19 18 20 12 23 19 36 12 12 18 32 12 33 23 23 
15 35 32 25 20 36 25 29 7 17 22 18 30 48 30 30 25 40 20 14 18 19 19 22 22 22 15 25 23 17 21 26 15 19 32 14 31 28 28 25 14 16 27 12 28 34 19 16 22 19 33 26 19 20 18 28 19 26 24 15 
20 23 26 14 13 15 29 13 20 25 29 14 33 31 28 33 38 14 13 10 23 10 23 19 19 33 17 26 13 18 34 13 10 20 29 6 25 36 13 21 18 24 15 19 30 26 9 17 22 32 21 15 24 17 25 22 15 23 17 18 
24 29 23 12 17 26 34 24 11 15 23 13 20 32 15 22 17 31 22 17 19 10 19 20 29 33 24 14 20 11 32 36 11 20 27 23 16 32 35 23 20 28 24 35 22 28 25 21 18 40 23 28 21 21 19 37 16 37 29 29 
23 25 16 10 18 26 36 27 18 13 32 13 22 18 35 43 26 40 28 15 18 26 20 25 27 31 21 15 18 13 21 26 15 29 22 19 24 19 30 25 20 8 20 17 24 22 33 27 21 40 21 31 11 21 16 25 17 36 19 12 
38 26 32 15 12 31 18 37 18 24 23 14 24 38 23 39 14 21 15 19 14 22 18 33 12 25 23 29 22 10 26 27 22 18 19 12 25 32 34 9 21 13 25 6 20 19 29 30 25 39 22 29 18 24 25 15 15 19 31 32 
24 23 15 23 16 10 41 27 12 16 19 20 33 18 21 37 39 32 17 14 19 18 26 22 23 27 8 21 28 20 28 21 22 22 20 29 25 19 28 25 24 24 21 9 22 30 22 26 21 31 30 40 25 23 14 18 17 36 29 29 
26 37 22 22 17 25 6 27 17 28 16 7 18 28 16 37 38 22 21 18 16 30 20 7 25 13 27 25 25 12 26 30 12 14 11 23 23 29 23 20 21 15 25 25 25 28 14 39 21 34 26 29 20 16 24 33 18 25 23 19 
15 12 30 17 13 26 27 22 20 20 22 15 37 5 33 14 14 26 17 16 27 18 23 22 26 22 21 26 21 13 32 33 16 13 32 16 24 21 31 14 14 22 26 24 22 24 26 40 20 25 18 26 15 18 16 31 22 23 16 19 
22 34 18 15 16 27 23 31 15 23 20 18 21 22 14 29 30 31 21 14 13 24 20 33 15 19 28 27 22 11 17 11 11 18 16 19 22 33 23 23 24 27 8 29 26 18 14 17 23 34 20 32 11 17 29 29 15 32 23 22 
33 33 29 17 19 14 14 31 24 23 32 26 26 19 23 25 22 16 22 15 20 23 24 25 25 26 36 19 17 21 34 29 19 15 12 6 19 34 38 22 12 14 24 25 24 28 28 35 19 37 21 17 15 24 21 34 16 33 24 18 
26 19 23 21 13 15 41 22 7 21 15 19 19 30 19 22 22 20 24 8 24 30 24 17 23 30 19 12 14 17 35 14 13 13 24 24 21 32 35 14 18 28 16 12 18 28 22 27 18 32 19 42 13 19 17 19 15 27 26 23 
16 40 22 19 16 30 27 26 18 21 27 16 31 32 19 31 32 15 16 12 18 28 16 18 32 36 23 26 18 11 21 23 16 16 12 23 21 23 21 21 21 22 16 26 13 27 20 45 20 20 12 31 15 16 21 29 12 32 24 16 
34 23 15 21 17 23 27 24 25 19 23 12 30 5 32 24 38 13 19 13 23 20 17 30 12 37 25 26 20 9 37 24 22 17 21 13 32 36 32 28 20 24 22 27 19 28 25 25 10 36 17 41 12 17 10 19 17 35 22 21 
29 31 27 21 13 26 26 18 14 16 25 12 24 25 29 36 26 26 27 16 21 20 30 19 28 14 26 31 21 12 26 35 15 18 27 17 16 16 21 30 24 30 26 20 25 29 25 40 15 19 19 42 10 22 20 32 10 40 14 22 
23 32 27 26 14 23 29 28 19 7 25 13 23 42 21 32 29 44 23 15 21 16 16 23 17 29 23 26 17 17 41 31 12 19 13 19 29 28 21 19 18 30 16 19 21 39 14 22 24 48 24 39 19 18 22 23 22 38 33 17 
29 20 23 15 15 21 18 21 19 30 27 13 30 38 27 29 41 18 26 9 15 24 17 36 19 37 23 27 27 23 27 20 10 10 18 19 26 23 29 36 9 19 9 26 19 43 6 29 18 19 24 36 9 16 7 33 19 29 34 23 
11 18 11 21 14 32 23 18 17 27 24 13 16 28 20 26 31 31 18 10 24 20 23 23 19 35 29 27 17 13 40 24 21 15 18 13 15 37 22 31 17 28 9 27 34 35 25 28 29 34 16 34 15 17 18 28 14 45 14 18 
27 42 30 24 17 21 21 38 16 30 33 22 31 36 25 31 12 18 19 19 21 25 11 34 20 21 12 28 16 15 36 34 14 16 14 9 28 42 28 28 10 19 20 14 32 32 23 42 18 50 21 23 24 22 22 7 28 29 23 12 
25 40 23 19 15 15 31 32 14 25 32 24 20 30 15 19 31 22 30 14 20 24 23 26 17 22 31 22 15 21 27 37 14 20 19 28 22 42 28 25 15 26 22 25 27 35 19 34 23 16 21 31 27 11 31 29 20 34 22 30 
22 30 21 11 9 33 32 28 14 17 27 19 22 8 37 17 25 31 16 18 8 30 23 26 21 27 23 34 28 12 36 23 17 22 8 28 27 13 18 16 19 25 19 32 17 27 28 34 23 32 15 22 16 13 22 26 17 24 33 23 
31 22 35 19 16 20 17 10 19 20 20 13 26 15 16 38 11 21 18 15 25 34 21 24 14 34 31 27 12 14 28 22 19 20 15 26 21 22 31 23 14 17 14 22 31 21 17 37 20 23 23 19 18 28 13 26 17 30 26 19 
34 27 19 10 17 35 22 22 24 31 23 25 24 28 22 40 24 19 33 14 23 25 28 22 17 22 24 21 15 16 18 20 18 22 17 22 23 32 38 19 14 15 14 14 21 29 17 39 23 36 26 21 19 15 14 31 20 30 25 18 
27 29 25 15 20 20 23 11 15 17 16 20 27 29 9 28 33 32 13 19 15 12 21 40 21 26 26 32 23 20 31 20 15 18 20 21 24 31 35 21 21 25 25 28 33 26 24 28 28 22 27 35 14 23 11 20 12 16 27 29 
21 19 27 15 19 16 33 25 13 20 30 24 7 33 30 31 14 27 19 10 10 19 29 29 20 13 15 18 31 20 38 35 17 18 21 12 20 31 33 23 23 18 13 19 21 15 25 26 15 28 23 15 22 19 24 17 16 22 32 15 
14 35 24 17 11 11 29 37 8 17 14 21 24 23 33 32 19 40 24 21 20 27 22 19 19 44 23 42 14 8 27 21 12 25 21 13 26 25 26 23 23 24 20 23 23 30 16 50 23 33 22 29 16 12 23 23 15 16 43 19 
35 39 25 21 19 15 20 24 21 20 9 31 37 22 20 23 25 21 14 19 19 22 16 35 28 34 24 20 15 21 34 16 15 20 14 13 24 26 24 22 11 13 27 18 37 31 18 31 18 34 34 35 19 22 19 22 23 13 29 28 
21 26 25 27 14 29 24 36 9 35 34 18 24 27 30 27 22 24 28 16 10 22 13 32 30 34 31 25 20 14 27 35 16 18 19 13 28 30 36 28 22 19 17 12 30 17 7 43 14 34 13 23 22 22 23 22 14 35 27 31 
29 17 21 15 12 29 14 28 13 29 29 20 17 28 21 52 30 42 22 16 20 25 26 27 25 23 18 20 22 17 34 27 16 25 20 16 12 20 16 20 18 27 14 18 25 31 12 30 24 36 1 33 19 15 28 16 14 32 23 22 
29 17 26 14 13 16 35 19 12 14 22 8 23 24 28 21 26 23 17 14 15 15 20 34 19 22 23 32 18 13 38 27 7 19 23 13 28 27 29 21 15 14 19 17 17 28 28 40 19 37 25 32 11 14 30 23 11 22 28 33 
16 18 13 25 16 30 18 25 14 12 35 19 26 32 30 27 21 39 20 20 5 27 12 18 13 23 23 19 21 11 21 23 15 18 19 18 17 25 27 13 31 26 12 10 31 22 21 18 19 15 28 38 9 19 25 15 15 32 22 20 
24 22 32 11 19 26 22 17 18 11 19 31 27 20 23 27 30 12 21 17 20 22 17 9 16 30 22 29 22 20 18 27 18 25 19 12 27 36 29 17 19 26 16 21 27 27 24 15 13 35 20 14 10 18 11 24 13 27 24 29 
23 18 25 19 9 35 26 19 14 30 29 21 40 22 22 33 35 27 22 12 22 27 19 12 18 32 23 17 22 22 40 22 11 22 10 17 22 19 33 17 26 19 14 30 24 32 22 18 4 10 27 47 21 18 20 21 17 26 26 14 
17 23 27 21 14 24 19 39 19 21 24 20 36 25 13 35 15 26 23 19 17 18 23 32 26 15 32 28 15 14 18 21 15 22 15 15 18 38 25 24 26 34 18 19 29 30 30 17 15 24 23 36 22 17 18 22 18 50 13 17 
26 20 21 15 13 37 31 23 19 29 16 20 25 20 22 51 19 21 18 19 19 28 15 19 17 24 16 29 24 20 33 30 17 24 27 18 26 36 24 24 22 18 20 11 18 32 23 35 12 22 20 34 12 4 27 23 22 16 24 30 
26 24 17 26 18 24 10 34 26 20 12 24 17 36 26 39 11 32 25 7 21 28 24 15 26 24 30 34 22 20 32 22 19 17 15 14 20 49 32 36 14 19 8 14 22 21 15 24 8 21 18 32 21 19 24 25 19 32 29 22 
25 26 17 20 19 31 21 28 21 20 15 23 32 25 29 44 14 22 27 17 21 22 17 21 18 30 29 26 17 20 50 15 13 20 12 17 30 28 39 20 11 28 20 28 21 17 24 42 21 16 17 38 20 21 16 25 13 34 25 13 
36 25 30 11 10 38 19 19 13 21 22 17 20 37 21 32 32 35 21 11 24 26 16 24 25 20 23 24 8 18 32 27 14 28 17 17 26 47 36 17 24 18 24 24 24 17 26 27 18 16 22 29 21 15 14 26 18 30 28 23 
26 22 13 16 19 21 14 31 22 20 26 21 23 24 25 43 23 32 32 10 16 25 16 18 17 34 15 32 24 18 43 22 17 13 18 8 20 24 26 16 16 26 17 18 29 31 24 31 12 41 26 29 18 18 17 23 18 28 41 30 
22 32 20 11 12 27 35 31 19 21 19 15 22 42 28 28 25 23 25 15 22 29 18 27 16 17 15 25 22 16 50 23 13 21 14 21 14 33 30 15 10 13 18 18 27 28 29 9 24 34 16 27 22 16 22 22 17 23 17 20 
29 14 20 22 11 16 21 18 17 21 26 18 32 31 23 34 30 40 36 17 17 23 36 10 23 26 22 28 28 19 46 24 21 21 24 18 9 26 28 25 23 21 10 15 31 27 16 29 24 35 24 25 24 17 16 39 23 22 28 19 
18 33 28 21 15 23 17 33 23 19 29 19 28 44 21 42 26 39 17 16 12 31 28 19 15 31 32 26 10 17 15 21 17 25 22 24 20 14 28 13 18 29 14 22 25 32 25 33 17 32 29 33 21 13 26 24 18 12 28 11 
25 28 21 28 17 34 16 27 12 26 32 15 12 39 31 27 32 21 20 11 22 22 16 8 14 24 15 12 19 19 29 18 12 19 18 17 22 34 27 19 19 17 17 22 21 18 31 35 19 26 18 11 18 20 22 17 21 28 38 19 
22 14 18 15 20 24 33 3 18 25 24 17 30 39 26 34 29 20 30 10 17 23 26 28 22 29 15 32 18 13 22 28 22 19 19 21 13 27 26 16 16 14 10 24 21 33 24 43 13 36 22 19 26 21 28 18 17 22 23 15 
35 32 20 13 20 24 27 14 16 29 22 22 16 33 29 22 29 27 26 16 18 28 15 19 21 35 21 27 21 9 39 23 14 17 19 17 35 39 20 15 18 21 22 23 23 25 16 14 17 45 19 26 18 12 16 32 15 33 36 18 
31 23 22 7 18 26 24 21 17 16 44 15 35 31 24 34 29 25 25 8 18 16 25 34 21 33 25 29 15 11 28 19 14 22 20 19 22 19 27 15 23 23 21 18 22 14 22 27 19 33 23 28 17 22 21 24 12 44 36 26 
24 17 24 29 12 22 25 43 18 16 22 25 21 14 25 36 25 30 32 16 26 16 19 37 8 46 30 22 20 17 29 30 15 22 17 4 38 12 22 13 25 29 18 18 17 28 32 38 16 33 22 33 20 13 27 38 12 34 22 29 
22 31 22 8 14 15 23 29 11 20 35 22 20 33 23 21 21 25 20 18 19 30 19 36 19 35 29 24 19 15 34 24 16 27 12 17 21 32 13 23 12 28 16 19 23 17 22 24 13 36 19 35 20 14 29 28 16 14 18 33 
24 37 21 14 15 23 11 14 14 27 35 16 31 38 29 49 25 38 23 13 18 20 24 26 25 35 20 19 19 19 32 26 20 26 24 13 11 30 22 21 19 10 15 14 21 39 29 37 23 17 25 42 19 26 13 18 24 26 12 19 
31 30 24 17 10 27 17 28 11 16 25 22 7 37 19 39 33 33 27 16 17 16 20 33 21 36 25 29 26 22 28 18 20 19 22 25 23 34 20 18 11 24 8 14 29 46 14 42 2 21 24 27 21 28 26 12 20 24 21 23 
27 34 22 23 18 23 23 24 15 18 27 25 36 23 31 28 27 26 22 15 22 23 13 28 13 30 21 23 8 7 21 18 11 32 31 16 12 38 27 12 22 31 15 21 24 17 21 39 18 28 31 42 16 14 23 20 10 37 16 23 
24 32 32 20 19 11 17 33 18 29 27 21 22 32 27 14 38 30 20 13 21 20 13 9 23 34 21 14 27 22 11 22 20 21 7 24 22 21 11 14 23 8 15 28 21 31 14 30 17 27 18 19 10 17 19 15 19 29 15 34 
14 30 28 24 12 22 21 20 7 25 22 22 27 33 6 29 16 37 19 13 21 16 18 28 21 40 23 24 15 20 30 28 16 20 13 23 16 19 10 20 15 26 22 16 41 25 24 38 17 30 22 31 10 16 26 28 9 18 22 25 
27 31 20 18 21 28 13 34 20 14 18 26 20 25 13 17 25 28 15 14 23 17 13 21 14 31 27 28 29 17 12 23 16 25 24 19 25 35 18 10 17 24 19 24 25 26 27 29 23 25 27 21 24 15 17 34 15 36 29 30 
23 32 15 26 24 17 39 20 20 18 34 18 31 32 22 14 30 18 22 14 4 19 17 29 18 37 27 22 12 24 18 21 13 24 22 13 13 30 24 22 17 27 12 20 31 29 28 17 16 23 21 30 26 19 22 30 18 38 44 24 
26 28 26 13 19 23 24 25 21 16 17 16 26 26 17 31 29 37 25 15 25 29 15 28 11 27 8 23 29 12 23 21 19 18 16 19 17 40 25 22 22 23 21 10 17 37 24 43 19 41 26 19 13 16 22 33 18 27 21 26 
20 17 29 17 14 32 24 29 16 27 22 22 21 12 17 53 28 32 14 15 24 14 30 37 26 38 24 19 18 17 37 22 15 19 21 21 22 38 24 17 13 25 17 24 25 7 19 28 23 31 26 29 19 25 22 20 18 27 28 20 
18 20 17 20 12 16 11 16 19 24 38 16 16 28 18 16 13 22 26 10 15 12 17 26 29 21 34 31 27 11 39 18 20 28 25 12 20 20 30 23 22 22 17 19 18 21 11 14 12 28 26 26 19 19 14 26 16 27 29 24 
12 37 23 21 17 21 17 29 15 22 20 18 23 19 18 43 18 29 30 21 13 26 30 21 18 20 24 30 12 17 23 31 20 25 18 19 17 45 41 10 16 22 19 26 29 19 24 44 29 10 20 9 24 15 23 16 17 34 22 26 
29 38 17 16 12 29 31 35 13 13 33 21 34 30 26 27 29 35 11 18 19 21 24 30 19 26 25 24 17 9 36 21 21 20 19 18 16 17 29 21 19 18 20 17 22 19 12 23 21 43 30 27 18 21 22 31 15 30 27 36 
25 21 24 11 12 28 16 34 25 10 19 21 31 32 22 33 26 31 21 15 14 16 21 29 29 25 41 17 32 16 43 25 13 20 17 23 28 34 35 21 18 14 17 25 31 18 9 31 24 32 23 36 18 22 16 21 18 17 26 25 
28 9 24 16 14 18 16 31 12 18 22 19 28 26 17 30 28 16 27 23 11 24 15 26 21 37 19 32 12 13 38 8 19 37 27 19 20 44 19 23 26 27 21 19 28 27 24 23 23 24 20 18 14 24 25 38 15 18 27 9 
33 32 30 16 21 18 24 33 20 21 17 23 21 35 25 57 25 40 11 17 19 22 18 22 28 34 29 24 26 20 29 20 12 31 22 11 28 37 29 30 17 16 22 20 17 10 17 30 24 37 18 41 20 12 14 35 10 36 35 20 
25 24 21 19 15 15 32 28 13 17 32 13 20 38 17 22 30 36 16 17 26 15 17 18 19 41 25 13 10 10 18 34 16 21 19 26 9 35 16 20 16 23 16 25 33 24 26 32 8 27 21 29 17 17 18 24 12 32 22 20 
32 21 22 15 9 30 33 15 23 17 14 14 34 36 29 44 32 29 21 21 20 25 30 21 18 41 21 30 25 18 19 25 18 25 16 17 19 33 25 10 18 14 19 23 24 26 21 33 14 29 23 18 22 27 27 24 14 37 27 26 
23 26 19 23 14 31 21 17 22 14 22 20 40 25 13 38 24 33 25 15 19 39 11 45 16 17 29 16 9 16 28 19 15 21 19 20 27 31 43 15 19 13 19 18 35 7 29 24 8 20 29 20 22 15 17 11 10 30 38 25 
18 30 22 21 13 20 20 35 13 15 30 13 22 23 26 32 23 20 12 18 25 29 24 22 9 36 23 18 28 20 34 30 12 22 20 22 20 35 18 21 21 14 18 18 24 33 10 36 17 13 13 39 10 16 25 23 15 22 27 22 
19 32 21 18 21 27 23 34 16 22 22 21 17 24 30 22 15 26 20 15 12 17 18 22 8 21 28 19 24 14 28 31 21 19 21 16 20 31 42 29 18 22 16 28 27 14 25 31 26 15 21 32 19 21 19 24 16 37 30 18 
25 35 25 16 9 25 27 26 10 18 29 26 25 14 27 32 12 31 21 10 20 27 16 18 15 27 23 25 19 8 51 26 12 15 17 17 23 34 27 18 23 23 25 26 31 38 19 30 29 22 22 40 20 26 26 24 14 34 17 30 
28 23 28 22 13 31 18 24 12 19 8 21 25 29 29 25 35 17 21 12 21 29 13 24 13 40 17 24 18 9 29 24 15 21 14 20 16 27 24 13 25 21 23 23 28 28 18 39 17 34 22 19 10 18 32 34 23 27 11 26 
44 18 17 21 15 23 18 18 19 19 19 15 22 29 7 39 21 43 8 17 29 26 24 29 18 14 13 33 25 21 21 22 15 34 16 21 28 34 35 19 13 19 21 14 24 19 26 10 20 38 23 31 11 17 20 21 16 12 24 34 
27 25 19 17 20 22 20 27 15 15 24 18 11 41 21 46 36 30 26 18 19 23 17 21 17 10 20 23 21 17 37 28 24 28 22 18 22 40 27 15 10 15 16 22 31 13 17 36 26 35 10 10 23 19 24 22 20 8 25 21 
23 32 25 16 20 34 23 20 20 22 36 17 33 19 25 15 36 29 17 3 19 24 27 21 14 27 13 28 18 11 36 24 22 24 15 22 23 51 21 26 13 36 11 17 23 23 25 23 19 30 28 32 16 18 16 19 16 29 16 18 
18 21 28 30 7 30 25 28 17 21 15 16 24 24 26 25 35 27 29 23 21 17 26 22 18 25 29 19 11 21 19 19 19 19 12 22 17 45 39 20 15 19 19 25 21 27 14 13 18 28 12 34 17 9 19 34 23 24 25 21 
15 38 27 20 9 18 20 40 16 14 32 21 15 32 26 27 15 23 16 8 24 36 20 25 27 32 31 34 26 15 25 20 18 27 16 21 20 15 16 20 21 14 21 26 13 21 25 43 21 35 27 38 11 9 17 20 12 26 31 24 
23 23 23 23 21 21 26 18 13 18 37 13 17 22 22 31 28 33 13 11 22 23 11 36 25 18 22 30 11 16 26 35 15 27 20 23 29 38 29 15 14 21 18 23 39 18 10 28 27 39 21 28 14 18 26 16 25 16 26 29 
39 7 21 24 13 31 21 26 15 17 28 14 15 34 24 26 22 35 23 19 17 23 21 30 13 25 19 24 24 21 37 30 12 27 20 12 34 34 31 24 13 17 26 13 37 30 30 41 21 46 23 13 10 12 13 9 21 33 22 23 
41 37 27 18 17 30 27 19 19 19 23 20 33 21 23 35 34 25 20 13 14 24 15 28 15 37 24 26 15 18 50 8 14 15 14 20 16 23 42 20 24 26 14 24 19 17 21 35 16 30 24 32 28 13 31 29 19 29 32 18 
28 36 23 13 14 25 32 30 16 22 19 13 32 18 13 28 31 14 16 11 16 17 15 35 13 41 22 42 26 13 22 24 18 19 21 12 29 39 31 21 14 19 13 27 17 34 25 27 18 29 30 21 13 10 23 20 19 21 28 15 
38 20 26 20 15 24 19 21 19 17 23 20 23 31 20 35 30 21 25 15 17 11 21 22 23 23 29 28 30 11 51 22 10 18 19 22 20 24 25 15 12 23 19 19 36 22 18 13 19 22 21 28 14 19 37 32 17 21 19 8 
24 25 21 24 13 11 10 24 7 19 29 18 20 33 24 14 23 33 12 12 18 14 25 23 17 40 21 41 5 20 34 24 15 18 22 21 24 30 25 21 14 23 22 17 24 22 25 28 20 40 14 19 15 26 13 26 14 21 14 16 
27 27 30 24 12 25 13 23 16 29 27 20 21 28 19 36 27 30 10 20 22 15 21 28 20 27 27 32 28 14 37 27 12 23 23 15 21 31 27 20 27 19 23 20 10 23 24 30 25 13 18 27 13 21 18 25 12 38 31 23 
25 22 25 7 17 36 30 23 12 24 29 22 35 49 27 32 26 27 24 21 19 18 14 20 17 36 29 18 29 16 35 31 12 27 12 23 23 35 37 21 11 24 15 10 16 21 32 25 15 43 22 27 15 11 23 30 17 26 32 22 
34 29 11 13 21 38 17 17 13 13 25 16 22 44 25 34 20 45 33 17 22 22 11 20 30 29 24 26 17 18 46 17 10 18 15 23 17 28 34 19 22 20 22 21 31 33 26 22 21 33 29 25 13 21 28 26 12 23 42 23 
25 29 25 23 14 37 7 24 19 16 25 14 18 23 14 20 40 32 28 9 15 19 13 17 27 34 24 32 17 23 27 36 11 17 15 18 30 27 29 21 18 16 24 30 30 28 16 26 27 40 21 14 16 23 19 19 18 16 32 30 
28 45 23 14 15 21 31 31 13 24 31 18 21 35 32 44 39 34 29 12 29 25 23 24 24 39 21 21 16 15 15 23 23 26 21 17 20 42 25 15 21 11 16 23 29 32 15 40 19 18 23 34 20 24 16 23 15 43 12 36 
26 30 30 21 14 20 25 24 12 25 25 18 27 16 30 37 37 27 13 14 16 21 17 14 19 26 23 46 31 13 14 26 19 27 14 17 23 24 33 10 26 21 20 25 20 36 28 28 18 28 10 29 17 18 23 30 11 31 22 22 
17 32 16 26 21 15 16 21 15 28 27 21 24 28 10 30 20 22 16 11 29 15 10 17 17 15 22 26 13 18 3 45 14 26 9 9 37 22 25 28 15 19 29 15 11 14 14 30 26 36 14 34 20 26 15 34 13 38 29 23 
33 19 28 7 23 21 26 22 12 29 27 18 21 33 26 29 20 18 24 16 10 18 14 28 18 32 19 32 19 15 34 29 17 16 16 17 11 26 21 24 20 23 23 19 32 33 15 36 25 25 22 26 20 17 29 27 20 36 25 13 
17 48 36 11 13 26 8 32 17 27 19 24 23 27 16 35 19 26 24 12 21 30 23 33 10 41 29 22 11 17 29 26 10 20 15 21 29 28 36 18 29 16 20 17 23 7 22 23 19 38 15 20 25 13 24 28 17 21 30 31 
21 42 13 26 15 24 22 21 18 2 14 13 27 30 20 25 17 35 9 10 17 15 17 15 26 32 28 28 33 14 29 26 22 13 24 5 15 25 22 18 23 25 20 17 23 21 28 33 19 39 22 35 14 10 10 40 18 24 25 17 
25 31 20 13 12 25 14 22 28 22 33 24 29 27 23 24 23 37 28 12 26 29 18 33 13 17 29 34 18 16 13 24 19 21 23 16 22 31 27 25 11 26 9 25 21 33 28 35 22 34 19 24 18 12 17 21 17 25 28 24 
25 12 23 14 7 27 15 32 14 27 21 21 14 16 19 39 39 36 23 15 15 20 17 20 17 29 17 10 21 15 34 39 13 14 23 23 25 37 18 13 16 22 21 27 30 31 22 34 23 25 25 21 13 26 24 35 16 19 26 20 
19 24 14 24 9 27 26 20 15 27 37 22 31 32 20 28 19 17 24 10 16 22 26 22 25 18 23 21 23 13 23 28 14 7 23 20 23 36 25 13 15 23 23 31 22 21 12 10 25 43 21 39 22 17 32 30 14 27 17 28 
32 28 17 15 16 21 24 21 12 38 30 23 16 28 16 18 15 24 19 18 23 19 18 30 7 29 12 21 24 23 31 34 21 21 22 8 22 32 20 22 15 8 17 24 29 41 28 10 22 29 32 34 25 15 23 30 13 27 21 29 
28 36 17 27 21 13 39 23 15 30 23 26 26 27 32 29 22 38 16 13 21 27 33 23 29 44 23 34 22 20 30 30 18 36 12 13 17 14 4 19 20 15 23 22 34 21 37 49 23 20 23 15 27 23 19 31 10 29 19 16 
25 33 22 23 19 14 24 27 14 21 20 16 25 15 22 35 38 20 15 14 21 11 21 25 22 25 23 27 23 15 31 32 17 28 15 22 16 32 24 8 17 21 22 18 10 32 7 33 4 22 28 33 19 16 22 28 17 35 22 17 
29 27 16 17 17 34 27 14 10 23 26 15 23 12 30 39 39 30 29 17 17 21 21 15 20 39 27 40 21 21 33 28 10 20 21 18 21 40 24 21 14 17 17 24 34 30 16 38 21 40 19 34 19 13 21 32 19 44 16 22 
22 35 17 18 20 17 28 27 20 20 22 12 19 21 17 28 43 17 26 20 19 24 10 23 25 24 31 13 19 20 40 22 13 19 20 13 12 37 27 24 19 30 24 19 35 27 14 34 26 29 22 38 21 12 23 27 25 37 44 25 
29 39 9 11 17 38 22 26 16 17 17 14 30 27 15 18 26 39 24 10 25 16 23 42 17 21 31 26 11 21 29 32 16 21 18 23 18 33 31 24 16 29 21 20 32 31 23 42 24 13 21 38 24 21 24 22 26 24 18 23 
31 27 31 26 10 23 39 30 10 31 27 10 17 41 18 29 22 24 13 15 19 15 10 30 27 26 32 37 19 18 24 22 13 28 23 23 19 23 26 25 23 17 16 12 32 19 16 27 22 25 35 28 22 21 15 15 18 21 26 17 
18 29 22 17 19 19 35 22 7 17 26 17 25 34 21 28 22 23 20 16 28 21 22 23 14 30 22 22 17 20 24 26 19 27 24 21 26 25 22 13 12 24 8 14 31 36 25 24 18 32 19 30 25 16 30 25 18 29 35 35 
30 23 12 18 20 24 16 8 18 14 19 19 29 28 15 27 30 26 26 14 22 16 16 29 18 23 29 29 28 12 23 40 18 14 19 20 18 32 15 18 23 27 26 22 18 29 20 22 14 22 18 37 20 13 16 26 14 27 30 22 
34 35 23 20 20 29 10 29 11 21 29 17 34 17 23 24 34 31 15 16 15 24 21 29 13 18 23 22 25 13 31 28 23 22 13 13 20 30 36 19 11 15 16 25 12 25 19 25 26 40 24 28 19 18 15 23 13 17 39 16 
30 32 25 21 13 32 18 11 13 16 30 26 19 27 14 42 33 26 15 16 18 31 24 12 24 21 26 25 27 16 20 24 18 26 18 16 19 29 22 8 15 21 12 28 32 32 25 28 19 42 17 20 15 12 18 32 12 21 24 18 
28 41 28 25 24 24 25 24 14 11 36 20 33 34 26 23 26 12 29 9 19 25 23 20 27 23 15 10 20 16 30 31 15 20 16 16 37 47 21 19 16 18 24 21 17 36 22 32 18 16 22 32 26 9 12 33 11 30 17 22 
33 28 27 18 14 22 32 23 14 15 11 16 25 18 27 42 16 37 24 11 12 31 22 15 25 34 26 26 20 23 17 22 10 22 18 21 15 21 34 26 22 25 16 14 17 27 11 35 19 15 26 24 24 15 23 20 20 32 18 24 
14 28 23 21 13 21 18 20 16 19 28 16 26 26 26 40 17 20 21 11 13 24 17 38 21 19 29 11 20 13 25 26 17 19 18 27 17 20 30 14 23 25 17 7 36 28 14 9 6 41 25 33 15 12 20 24 18 30 29 31 
26 23 10 20 19 20 39 28 18 22 28 16 35 21 42 38 22 9 29 19 27 25 11 30 20 31 26 29 17 15 6 16 15 24 15 21 32 35 32 13 15 23 19 13 22 31 31 42 15 32 21 28 16 12 15 16 7 11 6 16 
24 26 14 16 7 19 47 29 14 12 22 11 32 32 17 44 22 29 26 11 28 14 26 36 16 23 22 17 31 20 27 25 10 27 14 19 22 26 38 15 16 29 17 22 50 36 15 23 24 36 28 33 23 15 25 23 20 25 22 17 
20 35 27 28 12 24 38 16 21 13 16 20 30 30 23 13 26 40 22 16 19 17 21 25 18 46 19 17 19 22 34 24 13 17 20 15 22 32 30 14 15 26 18 21 25 22 33 24 18 48 36 26 22 19 26 35 15 37 33 19 
20 14 16 24 25 32 22 25 19 22 16 24 23 27 27 22 23 34 20 14 14 13 21 39 18 30 30 25 30 15 13 23 20 5 18 14 20 28 45 21 25 18 20 8 27 24 15 25 20 24 19 29 26 24 15 25 17 29 32 23 
31 25 13 15 7 24 24 34 9 17 29 20 38 19 27 35 11 21 26 14 20 24 22 12 13 25 27 30 17 12 20 29 16 29 20 19 27 24 41 27 20 25 22 21 26 37 25 17 26 37 21 11 12 21 29 33 15 20 26 10 
27 23 20 13 15 26 8 28 15 11 18 13 21 9 32 41 30 27 30 12 13 26 20 22 16 39 28 23 15 19 27 25 16 8 16 18 8 38 33 22 20 24 24 23 24 38 18 38 11 27 21 35 18 16 15 22 20 28 16 18 
35 30 15 15 19 19 26 15 14 21 31 23 27 35 33 19 29 23 6 16 13 22 14 36 24 22 28 15 13 24 29 7 14 21 25 24 28 14 27 11 12 20 22 13 25 28 27 40 12 26 17 26 18 14 26 32 18 35 25 22 
23 28 23 22 12 20 16 30 17 16 22 17 32 29 25 13 25 31 25 14 29 18 27 12 16 42 27 20 18 15 25 28 19 20 11 19 26 40 4 17 21 20 14 21 25 21 20 14 15 29 28 15 26 20 20 4 16 26 31 35 
18 28 16 12 17 26 13 28 13 28 10 19 29 32 20 14 27 25 18 14 23 27 21 23 14 32 25 20 16 13 20 33 12 21 21 12 26 36 30 31 27 25 22 20 23 34 19 27 14 35 14 25 18 18 21 32 15 30 19 23 
29 33 25 21 18 16 32 14 12 26 25 16 33 32 32 31 23 22 16 6 21 25 18 11 18 31 15 27 14 16 27 23 21 26 18 25 24 53 30 3 21 19 22 28 31 18 20 21 17 28 15 35 18 10 15 18 17 46 39 25 
28 30 23 17 21 33 24 24 12 19 18 13 22 25 19 20 4 37 31 8 20 15 18 25 14 32 25 27 24 15 29 34 13 10 26 19 19 32 32 25 10 23 19 24 24 38 25 25 22 24 26 24 23 12 25 32 15 8 21 25 
26 32 26 16 16 15 29 28 12 14 34 23 25 31 25 31 37 29 25 9 17 27 18 27 20 36 20 19 19 10 39 27 15 24 11 23 19 36 23 17 21 32 22 26 13 14 12 13 28 25 21 16 24 17 11 28 12 23 13 15 
30 25 19 21 16 23 27 25 20 16 16 20 36 38 20 32 23 31 20 17 15 28 19 18 26 24 25 29 25 20 30 18 18 16 22 16 21 29 36 14 31 17 28 23 26 23 22 33 14 22 31 31 13 22 27 29 21 25 29 26 
30 20 29 11 14 7 17 18 16 25 14 15 33 20 20 26 34 21 11 16 20 26 30 29 16 29 14 26 5 15 27 29 13 26 15 14 30 41 26 25 20 21 17 23 24 24 15 49 18 31 32 21 27 19 18 23 19 27 22 28 
37 22 21 13 23 22 19 9 17 22 31 12 10 23 32 20 32 14 25 19 17 32 18 42 23 39 18 27 20 11 43 17 14 18 9 12 22 38 34 13 23 24 18 27 20 21 22 31 25 33 15 34 21 21 23 45 10 24 38 22 
26 30 29 15 15 25 13 17 17 23 21 21 25 28 29 32 24 22 24 15 20 24 30 35 22 23 30 30 25 12 43 18 10 29 15 20 22 32 38 27 24 15 12 29 31 15 27 25 21 16 9 31 17 14 7 23 21 25 20 34 
19 30 22 16 22 26 22 30 15 20 11 23 23 27 19 29 30 26 27 16 18 23 18 9 18 20 23 36 18 16 33 28 11 27 20 24 31 41 31 14 20 32 15 9 28 21 20 30 20 34 21 22 16 16 10 25 16 25 34 23 
24 36 29 24 9 24 39 21 16 22 11 14 22 16 33 13 31 34 22 13 18 14 12 28 14 30 19 21 32 17 35 25 17 23 18 11 20 46 45 29 27 28 16 11 24 29 23 35 18 28 22 25 29 14 16 24 17 32 30 30 
25 31 28 20 18 21 33 21 24 19 27 14 27 34 15 31 31 20 13 12 25 31 23 23 20 37 19 41 28 12 26 13 12 12 11 22 21 24 19 36 16 26 26 18 23 33 25 25 12 45 19 37 13 20 29 26 18 33 22 28 
14 25 24 18 12 18 13 40 22 20 16 12 36 20 16 23 23 25 24 11 21 21 26 19 21 25 29 35 31 15 43 25 9 15 20 19 33 52 29 24 18 28 29 20 35 10 25 41 22 32 17 9 28 17 15 13 11 25 31 22 
37 29 19 25 20 26 32 27 25 20 28 32 30 23 30 33 23 26 14 17 14 19 22 21 13 37 16 20 20 19 38 22 18 5 18 14 22 16 22 25 19 28 17 18 26 25 9 31 20 19 26 35 17 22 21 22 18 16 24 33 
24 16 21 17 15 32 27 31 19 15 28 23 16 17 32 29 30 24 26 12 22 24 16 22 11 31 25 26 33 19 35 26 11 22 18 22 24 22 20 13 17 23 23 18 33 37 29 30 20 21 15 35 27 12 23 21 13 36 31 28 
30 26 25 16 13 19 17 26 21 18 41 28 40 26 17 55 26 29 22 24 5 12 15 20 20 24 24 28 15 20 16 11 19 17 29 13 18 25 22 24 10 17 12 20 34 24 29 30 30 36 17 44 21 16 17 21 7 32 43 24 
35 38 28 17 16 24 25 29 16 18 32 12 18 27 35 34 24 13 15 17 23 24 27 27 20 26 8 30 23 9 44 28 14 25 17 29 22 15 22 25 19 12 13 10 23 26 29 27 18 40 21 27 22 13 16 27 19 29 23 28 
18 24 25 22 19 19 29 33 12 24 23 20 21 25 15 26 12 32 29 9 19 20 15 36 20 24 16 23 17 22 39 15 11 29 16 29 25 26 14 27 14 23 14 23 25 17 19 25 17 40 32 30 21 8 21 17 16 22 27 22 
38 28 35 4 19 26 20 20 20 24 31 15 26 24 28 49 31 19 21 21 25 23 24 27 26 31 21 27 20 15 44 34 18 25 22 16 12 31 22 26 7 21 15 27 42 21 22 24 21 23 22 34 18 12 9 25 20 28 16 32 
31 44 23 23 16 20 15 29 19 8 16 26 32 37 15 34 31 26 27 10 7 26 24 22 19 32 22 26 34 22 14 20 7 26 18 17 22 29 32 23 18 28 26 21 33 31 16 25 26 20 18 27 19 21 26 33 15 33 24 18 
21 31 19 26 7 35 25 21 7 15 31 16 25 39 30 35 28 25 20 16 14 16 29 26 24 15 18 10 13 10 25 26 22 18 26 21 16 28 28 19 12 18 23 26 23 14 16 25 29 31 15 32 27 19 30 26 19 30 28 21 
15 19 26 26 11 23 21 26 23 16 34 17 20 32 24 32 24 33 26 23 13 22 18 27 22 48 23 24 23 20 38 24 13 25 16 16 19 22 39 22 24 20 21 25 24 34 17 31 24 32 29 27 19 18 25 36 18 16 37 25 
29 24 25 27 19 17 23 38 14 26 34 25 17 34 13 34 43 28 24 13 27 30 15 13 20 7 18 17 20 14 23 24 12 26 18 16 19 26 16 18 24 21 16 25 21 32 23 34 13 30 24 25 20 14 23 41 17 25 27 28 
29 24 18 4 12 15 23 25 17 26 26 21 17 31 26 44 31 21 14 14 22 10 19 27 22 35 21 37 23 19 30 30 12 22 26 15 27 38 28 24 17 25 16 25 28 22 18 33 15 40 13 12 15 11 17 24 21 34 21 11 
25 27 23 22 22 14 24 34 12 17 21 13 30 34 18 40 27 19 28 13 23 8 21 22 22 30 16 22 20 18 16 22 13 24 17 20 21 35 21 18 28 21 4 19 29 11 20 29 5 47 22 33 17 15 20 14 11 22 21 13 
17 33 20 14 18 28 22 28 19 26 17 21 36 38 28 35 13 34 29 17 15 20 19 21 22 20 23 16 24 10 26 26 12 26 19 23 23 24 28 12 21 18 13 22 27 27 21 22 20 20 13 28 13 16 28 23 20 32 22 25 
31 40 29 5 20 27 14 25 23 11 24 18 21 25 25 39 33 24 24 13 19 15 12 15 18 34 23 14 21 15 16 15 16 16 23 19 20 11 35 14 10 28 20 10 33 17 35 38 17 24 14 29 35 9 25 23 23 34 24 24 
22 23 18 17 17 22 24 22 12 27 13 30 32 13 34 32 27 22 30 15 17 23 25 31 19 38 19 31 17 14 51 22 15 15 17 18 33 39 27 9 22 20 16 14 37 33 21 44 20 34 17 16 23 14 24 12 11 35 32 31 
28 25 28 18 9 29 25 23 17 12 18 7 19 22 26 22 25 36 19 8 22 17 16 18 12 23 31 22 20 14 25 27 11 22 18 15 24 43 41 13 21 21 17 27 27 24 25 31 19 34 22 14 16 18 18 29 7 25 21 19 
23 27 24 27 15 33 24 24 19 33 19 18 31 48 16 21 26 38 17 14 18 21 24 21 17 27 21 28 29 19 20 32 21 15 27 17 25 38 36 22 17 21 14 17 40 22 16 30 10 34 21 38 23 15 23 18 17 52 28 26 
19 30 29 12 15 26 9 21 19 16 18 6 20 26 25 41 40 20 16 10 20 24 31 20 21 38 19 35 18 19 42 27 16 28 24 21 23 18 18 19 16 18 18 21 28 24 41 28 23 40 21 41 16 14 32 20 13 27 24 24 
32 33 24 17 14 22 7 27 13 19 16 19 36 24 27 22 23 25 19 20 15 25 22 26 18 23 26 21 19 12 28 26 18 26 32 14 17 15 33 13 14 32 20 23 22 10 29 40 24 28 28 37 28 19 18 26 15 39 25 26 
31 27 20 17 10 29 15 24 12 36 18 9 32 38 28 37 38 32 20 23 16 23 15 18 13 43 32 40 19 21 40 32 28 26 25 26 17 24 23 26 26 29 22 14 21 19 30 35 17 32 23 34 19 13 16 17 18 22 24 30 
30 29 18 18 17 30 28 33 17 21 25 14 28 26 23 35 15 45 15 10 25 17 4 27 21 20 17 25 15 19 27 21 19 14 26 14 23 26 22 24 17 29 17 28 12 31 26 50 19 38 21 38 16 21 33 20 18 17 25 22 
25 22 14 12 17 21 23 13 18 22 33 19 23 29 11 39 25 26 17 14 29 17 29 17 24 28 10 25 24 13 35 21 18 20 20 14 29 31 46 19 19 21 20 28 20 32 21 38 25 11 28 31 20 21 25 22 19 20 18 27 
25 28 29 19 16 30 24 40 22 27 36 21 34 33 30 9 30 35 27 10 17 23 14 26 30 32 22 35 14 17 14 17 18 28 14 17 26 32 36 13 18 25 11 23 25 19 19 25 21 24 16 44 11 19 33 21 12 19 29 25 
30 32 27 26 13 27 28 29 26 20 33 15 8 21 42 39 38 28 6 11 21 17 21 4 24 25 29 24 25 15 20 25 13 13 21 21 19 21 35 27 23 26 21 27 18 15 17 25 13 15 32 28 28 17 20 18 18 14 36 18 
35 38 20 19 17 23 13 28 10 9 24 21 31 33 22 36 20 31 22 11 16 20 21 28 27 31 17 29 27 10 21 27 18 29 12 12 27 42 28 12 17 23 25 19 25 19 21 11 15 43 21 38 15 13 16 28 15 19 30 23 
27 27 21 23 15 20 25 27 17 13 24 17 37 45 25 19 28 21 10 18 21 10 12 33 38 25 26 28 20 18 24 18 20 15 15 14 24 27 25 16 20 27 28 9 37 36 22 23 13 31 31 20 19 20 15 21 18 31 34 24 
24 18 19 25 14 19 10 31 20 27 24 19 22 38 13 24 23 28 23 14 21 20 22 19 21 21 9 12 25 16 26 27 13 14 17 16 17 19 28 21 22 26 19 22 27 23 32 29 25 27 16 25 17 15 18 26 13 24 19 16 
20 4 27 18 15 28 17 22 20 23 14 21 30 35 26 32 33 25 22 15 16 16 19 24 16 33 27 21 10 10 17 37 14 23 19 16 24 28 31 22 27 18 25 15 19 24 22 45 17 9 21 32 12 17 9 21 16 24 15 18 
31 30 35 16 13 22 31 29 16 29 33 6 28 24 25 22 22 22 17 11 19 26 22 11 16 21 31 16 18 20 15 17 13 30 19 22 21 27 23 21 17 16 19 31 31 21 27 47 16 38 21 25 18 10 15 29 14 32 21 25 
12 25 17 30 11 29 25 26 19 16 25 21 27 27 27 28 38 41 28 17 17 20 27 21 30 13 25 17 11 12 19 40 18 33 9 18 23 42 15 14 19 18 19 19 30 32 11 15 27 32 18 25 17 18 24 22 21 35 40 25 
25 49 21 20 14 31 40 9 15 13 24 16 35 29 19 29 36 29 26 16 26 17 22 25 21 42 23 20 32 19 14 29 20 13 27 21 9 24 2 20 19 13 20 15 45 23 23 47 20 26 25 35 14 18 23 34 8 32 13 18 
32 22 26 11 14 21 19 29 14 29 32 13 38 30 22 36 16 29 27 13 9 27 30 15 14 32 22 20 29 13 34 20 10 30 13 18 19 6 34 25 17 28 18 18 7 26 20 29 20 30 8 19 15 15 20 20 16 30 30 33 
18 13 13 21 19 14 23 18 20 16 28 19 36 32 19 37 32 11 15 8 24 25 18 36 11 31 25 28 25 11 35 30 12 21 11 15 12 29 27 21 23 20 15 16 22 33 24 39 15 25 23 24 21 15 20 20 14 19 29 19 
23 17 19 12 16 30 20 20 6 32 16 13 22 25 13 31 35 23 16 11 18 23 15 25 12 33 27 25 22 15 33 14 16 23 20 20 27 32 20 13 21 34 19 27 33 23 18 40 20 26 21 32 11 25 25 18 16 27 33 33 
24 29 21 18 25 32 25 36 13 19 28 18 32 26 24 41 35 31 16 16 25 23 10 28 16 28 24 33 27 15 29 27 18 22 24 5 29 22 17 17 14 20 22 23 17 21 17 34 11 49 16 23 16 12 26 22 10 34 24 27 
21 20 18 19 17 23 24 19 22 32 31 14 21 7 22 26 25 28 21 15 18 23 17 24 16 34 31 23 26 20 30 37 18 19 24 16 27 36 26 19 19 27 20 9 10 18 22 22 10 21 23 17 18 14 21 17 23 42 27 32 
16 18 16 15 9 28 18 27 13 24 18 20 28 41 19 26 33 43 14 13 21 9 21 25 20 25 25 33 26 25 23 19 13 20 31 28 27 32 26 15 23 26 22 12 21 16 19 36 19 28 33 11 20 18 22 11 12 18 16 28 
32 30 21 20 18 34 20 26 15 15 10 24 19 28 18 46 29 29 19 14 17 19 25 23 28 21 23 28 25 23 21 27 18 31 29 20 27 19 27 23 13 18 17 28 24 32 21 39 20 43 23 32 23 16 23 27 25 28 28 13 
25 42 22 27 9 16 22 23 10 26 26 6 36 23 30 42 25 28 19 18 17 27 30 19 16 31 17 17 24 18 21 32 8 22 24 14 18 23 22 26 15 24 17 25 6 36 22 26 14 23 17 19 11 11 16 31 8 35 29 20 
30 23 22 24 16 15 19 33 16 22 28 17 17 10 25 22 18 32 28 7 11 25 37 25 18 35 29 30 16 14 16 35 11 23 14 22 6 22 35 28 20 21 22 24 38 28 23 32 10 30 25 29 17 25 25 42 15 22 17 16 
31 32 11 20 12 34 23 26 16 24 18 18 21 20 30 37 29 39 22 20 16 25 23 21 24 25 20 32 16 11 14 16 11 16 14 14 11 48 21 19 12 26 23 15 37 37 20 41 14 31 10 32 18 16 26 23 17 34 26 34 
17 13 22 20 16 34 29 24 22 24 18 10 34 30 39 30 12 23 24 12 22 15 23 32 18 20 17 21 16 16 41 32 16 21 15 22 29 20 21 17 25 18 6 19 19 31 21 27 15 26 30 33 16 17 23 21 13 29 27 23 
15 37 20 14 11 13 15 18 15 21 29 18 23 27 23 28 41 34 11 6 28 31 7 20 20 31 26 20 21 16 19 24 12 19 15 15 13 42 40 19 14 18 28 25 26 34 26 23 22 39 15 48 21 2 23 30 13 26 12 33 
30 36 27 30 19 17 24 32 15 12 34 24 25 30 26 36 39 16 31 14 14 15 23 27 25 43 21 23 27 15 17 24 19 7 26 25 29 47 33 5 18 20 21 12 33 23 25 20 22 21 17 22 20 13 11 17 21 31 18 21 
34 29 22 6 20 23 24 21 14 30 38 29 26 15 21 37 29 26 10 17 9 16 14 23 14 31 23 22 31 20 41 34 6 18 22 19 18 25 26 18 13 28 23 20 28 15 22 47 13 24 42 33 12 12 26 14 21 27 18 14 
39 31 25 20 17 27 18 21 15 19 21 23 13 27 17 36 43 14 20 15 22 18 20 31 12 13 30 30 22 16 33 24 17 23 20 9 15 32 19 29 21 24 16 12 18 23 20 26 17 32 16 28 30 15 19 27 18 22 24 24 
19 44 16 5 18 21 15 37 15 21 16 17 23 22 26 39 18 26 18 16 22 17 25 24 14 38 23 26 28 15 30 31 19 20 17 23 30 34 33 15 22 19 11 15 13 22 29 54 26 34 22 35 21 10 18 24 12 30 26 22 
31 27 25 19 21 29 40 19 14 31 31 22 22 27 29 31 38 20 17 15 16 20 26 15 17 31 22 23 7 20 28 18 19 19 19 18 27 41 17 7 25 33 27 26 27 33 22 22 27 24 23 32 14 14 17 24 23 24 23 15 
24 28 22 19 12 21 30 26 24 8 35 16 21 42 18 26 26 28 25 10 18 24 26 37 23 25 24 28 19 18 29 35 14 18 19 13 17 35 25 29 9 24 16 28 24 24 14 21 19 38 22 35 24 10 21 19 23 32 26 15 
31 22 29 21 3 22 29 25 15 17 25 16 19 19 11 28 37 28 29 21 28 15 27 26 16 23 30 24 23 15 28 18 17 18 17 14 17 32 31 25 20 11 18 33 28 29 21 47 23 23 37 29 22 24 20 24 28 27 29 21 
22 25 21 20 16 24 28 33 10 25 23 18 25 31 23 31 36 20 16 18 23 7 22 20 24 23 25 28 8 15 37 23 12 36 23 10 19 36 23 16 15 19 26 29 18 28 29 32 21 31 14 38 20 18 23 33 18 20 32 32 
24 33 29 22 12 22 18 28 22 18 41 23 26 25 17 26 15 20 29 18 23 29 19 17 17 31 13 26 19 17 23 26 17 26 15 16 28 37 33 30 18 29 24 18 23 27 19 47 19 25 23 37 17 20 15 5 18 23 30 19 
32 33 22 18 16 19 33 22 18 18 34 30 27 36 29 40 26 20 32 20 17 26 35 31 20 32 26 27 18 18 39 25 14 15 14 7 20 19 35 19 23 17 18 10 20 22 26 35 22 36 20 30 20 17 17 21 14 35 34 17 
28 25 25 27 12 31 17 21 17 20 22 19 35 28 28 40 22 24 33 11 20 19 27 25 19 30 27 23 19 17 20 35 19 34 23 14 22 20 20 23 20 26 20 22 40 31 21 19 24 38 14 31 22 11 24 14 17 21 23 28 
13 25 17 17 16 13 30 19 12 10 26 19 27 18 20 35 15 38 20 11 15 20 20 28 25 40 16 24 22 20 21 25 11 19 24 14 26 45 33 19 17 41 11 20 17 23 17 23 21 25 26 33 16 21 20 20 9 34 36 23 
21 18 32 28 14 12 19 19 16 32 20 24 19 36 19 21 17 15 23 11 11 3 21 27 20 25 26 18 25 9 20 27 17 16 23 17 16 27 44 13 14 21 15 27 29 26 21 44 18 20 28 28 13 19 22 39 19 20 13 29 
26 27 23 18 12 38 41 28 14 17 24 22 15 13 26 33 25 38 12 16 22 11 21 31 16 30 14 30 20 17 40 18 18 20 22 22 20 31 31 22 16 16 21 18 29 31 21 29 12 22 31 17 20 19 16 17 14 35 31 34 
13 36 31 11 16 1 17 24 14 15 20 7 28 30 11 48 23 37 26 13 21 16 16 22 19 27 23 32 24 9 32 35 18 28 25 20 17 18 27 15 14 15 19 19 22 22 19 45 20 37 22 39 20 18 16 36 15 21 24 16 
22 37 10 29 23 21 25 25 21 8 28 13 30 25 25 30 10 27 22 19 16 10 24 20 19 22 22 15 18 15 30 24 11 23 17 22 14 44 4 17 22 22 20 20 31 29 15 47 14 26 33 28 16 16 22 19 12 25 16 27 
21 15 17 10 10 19 21 31 11 25 24 22 25 15 30 30 40 28 13 19 24 20 25 17 18 34 25 39 27 23 25 27 20 16 21 26 16 19 31 17 15 29 27 17 32 24 15 34 32 23 32 19 17 25 20 21 17 22 36 24 
18 17 20 10 19 31 23 17 15 22 22 24 40 20 8 32 18 28 18 9 16 24 20 21 12 18 19 34 24 8 23 20 16 19 19 17 9 21 35 9 21 29 18 23 25 26 6 29 21 28 18 17 22 22 33 24 18 32 32 25 
45 26 24 24 19 21 23 36 11 20 25 22 13 33 13 31 31 16 34 16 26 17 26 22 16 29 29 25 20 13 29 25 17 22 15 17 16 44 24 14 22 13 21 19 23 32 16 33 21 25 23 37 23 17 18 38 17 18 25 31 
22 10 19 17 7 28 40 26 2 20 24 20 22 36 19 15 7 40 24 15 10 24 21 23 15 33 25 32 20 17 35 27 17 15 18 24 30 32 23 21 21 13 17 22 29 27 18 44 19 36 15 27 24 16 24 37 22 25 29 15 
20 25 15 23 17 28 12 28 22 16 14 22 24 25 31 28 32 24 15 15 15 15 19 10 16 31 26 10 27 13 19 23 19 3 24 16 18 40 39 21 19 24 20 21 30 26 16 27 20 27 29 34 19 28 17 26 19 27 31 13 
31 33 11 17 19 35 19 31 19 20 13 20 26 38 18 26 25 28 21 12 29 23 14 28 13 29 15 27 12 17 47 20 18 25 17 21 26 25 29 23 14 33 16 23 26 29 25 37 17 18 15 13 23 18 19 21 19 26 29 32 
12 37 31 9 10 13 12 35 16 32 19 16 22 29 7 12 17 37 36 15 17 20 19 12 16 32 14 30 13 5 35 10 9 26 24 16 22 34 28 15 21 25 14 31 22 8 26 46 25 31 13 33 16 24 14 28 19 26 17 25 
16 18 32 21 13 29 30 20 11 14 21 17 20 40 20 38 6 31 27 14 17 20 15 8 19 33 32 31 24 12 31 21 18 25 14 22 19 37 32 25 23 23 22 35 19 33 14 31 23 34 6 19 24 20 11 22 13 26 39 20 
24 28 22 22 20 21 35 15 26 16 35 27 31 45 28 19 32 23 28 14 10 17 18 25 16 29 23 33 15 15 28 34 17 14 21 22 19 23 28 22 19 17 17 13 34 37 22 47 22 17 18 31 21 16 14 34 14 31 23 25 
26 46 21 19 11 26 28 37 17 19 22 15 28 35 14 40 36 40 19 27 23 22 21 27 12 42 26 29 21 20 30 23 14 20 26 18 28 28 9 14 18 26 16 22 26 34 20 21 15 26 30 21 26 19 13 12 15 24 41 27 
25 47 26 15 12 24 16 19 18 8 17 13 33 26 27 39 27 48 29 12 19 19 14 29 24 15 16 9 23 9 20 30 15 14 26 20 22 27 38 16 18 20 27 22 19 20 18 24 20 36 24 35 16 14 27 24 13 43 23 20 
24 15 29 17 20 30 28 23 16 18 26 20 18 24 30 35 33 21 18 9 20 7 33 13 34 33 19 37 17 18 48 27 15 25 17 22 18 26 38 18 4 28 13 12 29 31 11 36 20 24 29 39 14 20 6 21 15 27 20 13 
22 14 24 17 20 16 24 19 12 29 37 16 13 33 27 36 22 27 16 21 24 23 14 34 19 20 23 36 20 16 30 22 10 33 22 15 22 14 34 22 19 25 12 27 23 27 28 40 15 19 30 25 17 16 21 30 13 29 18 15 
39 34 28 22 24 25 19 13 17 25 30 16 35 24 32 17 27 13 23 20 19 15 24 42 20 39 14 34 22 20 19 22 11 24 19 17 18 38 27 19 17 19 22 31 29 26 11 31 20 28 26 30 22 9 30 14 11 36 29 21 
27 28 22 22 20 23 29 34 17 25 25 9 30 25 23 40 31 30 16 18 13 14 24 31 17 28 20 14 16 20 31 22 18 18 15 12 24 36 29 8 7 15 23 15 26 11 16 39 18 26 17 32 19 17 27 18 16 20 21 20 
21 22 23 20 15 33 36 39 15 18 29 15 31 15 14 36 26 37 5 17 20 36 21 32 19 27 35 34 31 14 25 25 17 24 16 15 32 28 27 26 10 32 23 17 26 30 18 48 15 28 26 41 19 20 17 18 20 25 24 26 
7 28 16 20 17 21 19 23 8 11 37 25 32 29 19 41 32 27 20 13 22 23 24 15 11 31 26 38 15 18 37 20 16 23 22 20 25 29 41 24 11 22 23 23 26 14 17 34 15 38 22 20 16 14 17 18 15 31 32 12 
17 22 28 25 19 10 22 18 23 16 28 15 43 37 26 32 33 23 25 17 10 13 17 32 28 23 16 29 33 11 40 23 17 10 18 11 15 47 32 12 21 20 30 26 34 28 36 44 23 24 28 39 18 12 22 36 15 21 24 24 
8 27 21 17 13 16 22 28 20 27 36 12 32 30 15 29 30 34 24 23 27 27 17 16 25 44 26 38 11 11 30 27 13 24 18 19 24 37 31 9 20 12 15 26 33 25 30 20 11 44 24 26 23 28 19 23 18 32 20 32 
27 23 14 14 23 17 16 32 16 20 10 15 23 27 12 22 25 35 28 20 23 16 24 20 12 20 30 36 31 18 41 28 13 9 21 25 20 26 35 14 8 14 22 22 28 24 28 24 18 21 29 36 25 6 24 34 15 36 38 27 
30 25 15 20 20 19 23 32 14 23 23 12 38 23 30 32 22 43 17 13 14 22 23 23 23 11 30 24 22 9 20 19 19 26 28 28 16 23 17 20 13 19 18 21 37 26 22 34 24 20 23 50 13 17 15 21 16 33 32 30 
32 16 27 18 23 25 18 12 18 16 22 10 12 15 32 21 21 20 18 11 18 20 5 34 23 29 15 29 14 16 38 23 17 24 14 13 21 31 39 12 18 27 20 26 34 17 24 44 21 26 27 25 31 16 22 40 6 29 35 27 
32 28 26 16 17 24 23 34 14 16 39 16 32 24 11 42 19 34 25 15 23 22 20 19 12 25 25 29 14 15 34 20 16 26 27 18 19 14 21 20 17 30 22 20 13 12 30 19 20 33 13 38 14 19 14 42 20 20 19 13 
17 27 29 21 14 23 21 31 17 15 24 15 27 29 21 6 42 38 12 11 19 17 16 24 15 17 22 21 35 22 34 35 13 21 27 2 27 29 31 29 18 23 13 22 26 28 25 36 6 22 36 7 16 14 18 14 18 19 22 19 
18 30 21 21 17 32 30 27 20 11 19 14 31 39 26 23 24 22 29 20 20 20 14 38 25 28 27 25 29 11 23 19 13 15 17 16 19 24 26 11 23 26 23 18 23 24 22 25 19 27 12 29 23 8 30 28 24 35 30 25 
29 16 23 12 17 21 26 24 24 36 21 19 25 22 32 32 25 19 13 18 10 14 19 27 16 32 38 30 27 20 42 24 14 16 11 14 19 15 34 17 19 31 18 25 6 23 10 21 20 31 16 29 17 22 14 36 24 25 23 15 
36 29 31 15 17 22 16 40 12 23 38 20 16 22 25 16 38 29 20 18 14 32 27 28 20 24 26 32 23 19 21 24 14 16 21 23 20 14 29 19 19 28 24 19 10 29 25 48 18 28 23 46 20 18 13 20 19 27 15 16 
25 12 30 20 12 30 39 15 15 21 19 19 37 15 18 33 33 28 25 20 20 18 32 22 21 23 13 28 22 19 33 33 13 24 21 15 27 40 32 26 22 23 25 29 29 24 27 27 19 20 21 41 19 18 34 33 11 29 38 25 
17 27 18 25 19 26 35 24 17 17 27 22 18 37 18 29 27 22 9 10 27 19 18 21 11 33 25 24 19 13 29 35 19 19 21 17 20 33 21 27 15 33 22 18 28 23 13 10 17 34 24 33 18 15 19 27 17 22 33 24 
24 33 18 20 16 25 24 32 24 25 22 11 19 43 16 24 14 30 19 19 27 22 18 39 20 35 20 24 23 14 41 24 13 35 11 14 14 44 25 14 20 29 26 20 36 28 22 45 16 40 25 38 14 10 32 33 18 37 20 7 
19 36 19 15 11 23 29 15 20 21 22 25 29 27 17 20 22 33 12 13 20 16 20 14 18 18 32 36 27 17 37 18 16 13 19 15 24 30 24 30 19 19 23 26 35 31 17 22 14 40 27 28 19 17 13 30 19 27 28 22 
25 14 25 23 22 27 28 26 13 25 21 27 26 31 18 27 32 33 19 18 22 27 18 9 13 17 23 30 24 14 26 33 19 24 16 18 10 21 16 31 12 20 19 17 20 30 23 32 23 27 20 14 22 10 24 36 15 27 36 22 
28 31 24 24 20 33 25 29 15 15 22 16 15 34 23 24 39 19 22 13 17 30 13 26 21 22 29 30 17 14 55 14 15 20 15 21 27 24 26 18 17 27 12 16 31 13 6 41 22 33 23 25 26 22 19 34 14 18 35 21 
29 21 24 9 16 22 26 27 10 22 30 18 18 34 28 22 22 37 25 17 25 24 21 29 17 42 16 24 16 9 28 14 15 20 30 10 23 37 27 34 15 16 15 22 26 24 15 29 13 31 27 40 20 16 12 27 13 30 33 28 
24 28 28 24 21 21 29 34 11 32 24 18 20 28 30 23 29 37 17 14 23 15 28 30 25 15 15 20 29 21 33 17 20 21 24 19 17 13 30 16 15 24 25 21 26 8 26 34 5 25 27 21 28 4 16 33 20 22 20 20 
26 24 25 19 19 6 30 28 15 20 22 24 26 30 23 34 24 51 18 12 24 21 14 29 22 25 25 35 18 13 19 19 18 22 17 16 21 20 25 22 20 23 21 32 16 15 26 10 15 20 23 29 16 26 31 9 18 46 37 25 
30 34 23 21 11 13 17 39 14 24 38 23 32 23 15 20 39 26 25 11 13 23 25 23 23 32 25 35 27 11 19 28 32 14 18 22 30 24 16 14 17 23 20 17 27 37 19 23 16 37 15 32 24 11 28 22 26 40 25 31 
40 11 23 15 16 33 33 26 17 14 24 20 17 14 17 21 26 33 26 10 20 27 15 16 18 24 23 26 15 21 21 39 21 32 14 21 13 29 34 14 13 18 14 26 31 20 24 16 17 25 30 42 18 17 23 12 19 33 29 23 
22 27 29 14 13 14 22 39 16 26 18 18 37 29 24 24 28 8 19 12 15 16 20 32 18 38 18 24 24 20 25 24 22 19 23 15 17 19 21 23 14 21 22 24 24 27 20 31 23 29 24 36 24 21 15 26 23 26 15 14 
24 16 19 16 17 20 24 25 18 24 26 17 19 48 10 43 40 43 14 13 15 26 20 25 18 31 29 40 21 18 20 32 16 16 14 15 16 22 34 16 10 23 22 20 30 28 13 27 10 29 27 30 23 21 34 21 13 19 35 26 
33 48 14 20 19 26 12 27 12 17 30 25 17 25 22 40 23 19 20 20 20 20 28 26 23 33 29 34 26 24 33 33 21 21 19 26 33 25 18 16 12 18 22 27 26 25 23 32 18 24 27 28 12 23 15 19 10 21 27 21 
31 42 23 15 15 14 28 23 19 22 32 18 26 29 43 28 21 40 24 13 18 19 29 26 8 46 26 32 23 14 31 26 17 29 28 17 24 31 25 17 16 25 20 24 21 22 27 32 13 30 17 37 22 22 17 17 20 37 23 18 
30 32 22 25 19 30 11 37 20 19 27 15 24 24 28 29 25 35 24 20 28 27 31 21 12 27 24 22 19 16 15 34 11 30 21 25 28 25 26 29 19 24 17 11 27 37 35 67 18 32 21 31 16 17 24 26 16 19 25 26 
26 27 24 10 9 32 19 26 16 21 28 19 33 30 29 29 22 28 15 16 20 16 31 19 24 32 34 26 19 16 33 28 16 17 12 14 24 39 28 25 15 17 9 21 23 27 20 40 22 30 29 32 12 18 20 36 17 26 21 29 
26 33 25 10 18 17 20 29 19 23 26 24 18 14 28 16 38 17 29 10 20 21 17 16 17 21 23 33 17 15 28 36 20 14 18 12 17 38 35 18 6 19 15 17 31 21 24 36 19 26 16 34 30 10 14 22 17 30 16 30 
16 39 25 17 16 17 16 25 19 19 38 15 28 30 17 34 40 20 17 24 15 34 29 17 20 16 16 25 18 15 13 26 14 7 20 18 33 43 18 9 26 28 12 14 28 21 12 22 20 24 20 30 23 11 27 26 11 31 30 28 
23 24 28 15 16 16 23 20 19 16 24 9 17 38 17 35 23 26 26 9 14 23 22 30 24 26 29 38 13 19 28 34 20 29 21 30 27 52 38 25 19 14 20 26 17 27 23 25 14 30 17 32 14 11 29 19 10 15 20 17 
17 29 20 22 19 30 18 24 16 18 27 15 32 40 38 27 24 28 13 19 14 14 22 25 20 27 23 25 21 18 32 26 11 15 21 23 16 46 19 11 21 26 23 15 29 21 25 46 16 22 24 24 18 11 13 14 15 31 21 21 
36 31 28 12 21 27 29 26 15 21 31 13 34 32 24 54 27 34 27 8 18 16 18 14 26 39 21 32 12 18 24 29 14 13 18 24 29 35 35 12 22 11 16 32 25 20 17 36 20 22 23 37 24 21 17 8 14 24 29 24 
20 25 23 20 11 24 29 15 10 26 22 20 27 35 22 26 19 35 21 17 16 17 30 28 13 21 15 27 13 20 39 17 18 21 22 8 14 16 12 16 18 26 14 19 22 20 21 45 22 20 26 25 26 10 17 34 17 24 29 20 
33 40 21 17 10 28 25 23 16 20 28 16 35 39 12 32 16 28 22 9 22 22 13 13 20 3 38 20 19 16 26 32 14 29 19 15 22 31 31 20 22 2 18 17 38 23 22 35 24 30 14 25 21 13 27 21 10 17 25 14 
28 34 22 20 13 16 29 24 20 16 12 22 11 41 17 27 27 17 17 18 31 13 16 34 25 26 23 11 17 15 30 21 13 20 16 20 31 39 26 25 21 15 26 15 34 13 23 31 23 41 12 32 23 15 10 29 20 28 23 16 
25 34 21 20 14 3 32 18 17 32 14 11 30 42 27 39 32 19 30 20 22 14 19 30 26 28 24 26 23 25 40 30 15 10 14 18 26 24 27 35 10 21 23 18 26 26 12 30 13 25 19 32 17 16 18 32 17 22 19 21 
24 29 24 25 14 23 17 33 16 21 20 17 33 18 22 35 12 26 24 12 11 33 27 16 20 27 25 15 13 14 36 31 22 28 25 14 18 40 31 11 18 24 21 20 25 27 29 39 18 26 22 28 27 16 16 24 15 31 39 25 
13 30 22 30 21 16 35 22 17 20 13 9 28 34 21 33 12 34 27 7 15 29 22 31 18 18 14 17 28 11 40 29 17 19 16 7 16 39 27 26 16 26 26 17 25 18 32 21 23 36 21 32 21 19 18 21 9 37 25 21 
15 26 22 16 23 24 21 21 12 21 18 15 20 26 11 24 23 38 26 15 22 13 30 31 23 31 14 15 29 13 35 15 16 23 20 22 17 31 31 28 19 30 20 19 36 21 18 28 21 20 39 38 14 8 19 28 28 15 23 23 
27 20 25 19 9 9 21 23 20 17 21 22 18 51 21 16 17 28 33 21 26 21 27 25 14 13 24 24 16 13 27 32 14 31 17 21 27 37 26 19 19 15 20 29 24 34 26 31 21 27 31 35 29 25 19 17 16 23 23 22 
27 15 28 25 17 10 24 20 16 20 14 20 24 31 23 28 43 15 21 15 20 33 17 31 17 30 20 28 10 11 33 26 12 29 14 12 23 26 18 25 16 20 20 21 30 15 9 35 17 35 21 25 15 18 23 33 16 33 19 23 
23 40 28 18 18 15 23 34 21 21 35 15 30 20 17 27 40 26 16 18 19 27 11 21 16 32 33 14 28 17 31 35 17 26 21 22 24 25 38 30 20 33 20 21 37 21 30 12 28 38 20 42 18 15 29 31 17 36 22 24 
18 22 22 14 18 31 22 12 22 25 24 9 24 19 23 20 18 20 27 13 27 21 15 3 23 21 16 32 17 9 42 42 16 21 20 18 25 39 26 10 22 11 27 37 20 28 27 18 26 29 35 23 17 10 16 23 11 27 22 16 
15 20 26 17 17 23 20 21 15 23 16 10 19 32 33 38 35 33 26 9 16 35 21 26 18 25 15 29 13 16 30 15 13 30 28 18 21 35 18 18 15 18 21 20 36 33 24 33 24 38 13 28 15 19 25 17 16 40 27 13 
33 24 19 23 20 24 23 32 15 17 35 18 37 21 25 32 26 20 19 14 18 28 29 26 16 21 26 36 18 20 25 33 13 26 19 21 26 26 34 25 17 18 19 27 20 26 18 39 21 23 25 26 17 27 31 23 15 24 35 27 
17 37 26 12 14 33 15 26 13 11 32 14 23 38 22 24 13 57 35 11 24 13 16 27 16 32 13 19 25 7 31 21 17 25 13 24 12 46 23 14 21 31 23 16 15 22 19 26 22 21 25 31 16 21 19 18 5 18 31 36 
5 31 27 20 10 25 22 25 15 17 18 18 30 20 18 14 16 36 29 18 20 20 17 21 19 30 27 25 17 13 28 35 14 21 22 24 15 37 32 23 18 25 16 16 17 22 18 36 21 27 28 20 19 20 24 20 8 24 22 17 
30 15 27 14 10 23 21 28 15 16 23 21 28 21 24 34 25 23 22 18 17 24 18 25 21 33 22 31 22 14 26 26 9 20 10 13 16 23 30 19 17 21 21 13 33 30 23 20 17 19 20 24 19 11 14 21 18 23 29 28 
21 36 26 16 20 15 29 27 13 19 23 10 18 20 20 13 18 17 18 11 19 20 18 27 11 29 33 24 15 14 23 23 13 22 21 16 18 32 31 31 14 17 9 20 18 23 16 40 20 28 25 31 19 16 18 25 13 29 20 29 
23 27 21 13 10 23 37 27 19 21 24 19 27 28 29 16 21 40 20 17 24 11 22 27 22 32 28 27 26 19 31 24 14 20 34 23 23 14 19 29 16 16 22 18 25 31 20 42 19 35 13 27 14 21 22 34 8 27 14 26 
29 31 28 16 11 31 25 35 23 22 19 7 34 24 12 35 34 32 31 19 21 22 18 30 13 22 21 20 28 12 33 20 16 24 10 19 20 23 33 15 20 24 16 31 27 27 20 25 15 30 26 35 24 11 26 28 17 28 21 26 
12 25 19 25 19 16 23 25 19 28 24 17 7 26 31 16 32 25 21 14 20 17 20 16 19 27 20 36 16 19 35 17 16 15 21 29 20 35 33 12 19 18 17 21 17 42 29 37 34 19 16 18 14 17 27 22 12 36 32 35 
21 17 25 30 16 24 26 20 15 15 19 21 26 24 30 25 6 27 21 14 16 21 15 11 26 27 18 36 21 11 33 33 20 26 23 23 13 22 27 29 11 32 19 22 34 21 23 50 19 34 21 22 24 14 20 30 17 30 24 24 
17 34 15 22 9 23 15 25 15 21 13 23 24 51 34 35 27 43 16 8 25 22 20 7 16 31 33 33 16 20 23 28 15 20 18 20 19 32 40 23 14 16 10 10 19 15 14 39 25 23 20 20 7 14 15 36 12 40 25 21 
15 17 22 17 14 19 31 25 6 20 14 15 19 29 24 25 19 30 29 14 16 7 31 27 22 37 33 42 15 17 51 17 21 25 17 19 19 30 33 13 16 17 21 15 37 32 22 33 17 29 15 31 16 18 21 10 15 9 26 28 
37 34 23 13 23 28 29 29 11 18 26 29 23 16 22 45 21 41 20 17 10 31 13 17 16 24 25 29 24 18 36 33 19 16 23 23 15 34 30 23 10 28 17 21 20 14 16 37 12 33 21 23 17 20 24 30 10 25 29 31 
27 16 19 23 12 30 33 28 8 20 29 23 21 29 14 28 31 19 26 13 27 25 25 33 26 35 26 32 15 4 31 17 16 20 12 28 17 9 44 15 22 16 23 19 21 25 31 44 25 27 17 17 10 20 14 26 20 35 27 19 
24 29 21 17 14 26 27 23 18 27 27 21 34 27 35 43 29 22 31 14 21 26 24 21 23 27 22 25 16 15 35 37 16 26 16 33 27 29 35 30 18 13 15 24 34 34 17 43 27 43 20 43 16 8 22 23 22 21 32 21 
29 24 23 16 15 17 23 22 15 23 35 18 24 21 28 39 11 38 19 22 27 15 19 33 16 29 26 16 20 15 26 13 24 25 22 9 18 32 15 30 16 19 15 25 25 19 23 26 27 32 21 26 14 11 19 31 15 9 21 23 
35 31 16 12 17 16 16 21 11 25 23 23 18 33 17 35 12 34 28 14 13 20 8 21 13 24 21 29 10 13 34 24 23 19 21 14 21 29 24 15 16 24 9 21 24 19 29 27 17 20 18 25 15 14 19 35 24 30 16 20 
19 12 23 18 14 32 16 21 18 29 20 18 21 39 16 43 40 32 24 14 20 16 24 17 23 13 22 42 22 15 37 20 19 29 13 22 27 20 23 19 19 30 26 19 28 31 10 41 18 22 20 7 11 25 9 27 12 32 33 20 
35 29 25 21 19 18 18 28 15 15 18 22 33 31 24 34 21 25 19 12 30 18 22 26 18 22 26 25 25 11 19 23 13 27 17 13 15 27 25 23 17 10 24 24 25 36 18 42 14 20 22 32 12 17 22 27 13 25 30 29 
30 26 25 6 14 37 31 31 12 10 30 8 23 45 27 21 35 43 20 19 26 23 9 17 29 29 28 16 23 17 24 28 16 24 15 12 17 31 24 26 16 11 16 20 18 18 29 20 12 22 26 23 24 18 15 18 9 34 29 21 
26 25 19 24 17 13 23 32 13 13 31 24 17 28 17 41 28 21 31 15 17 26 23 24 19 18 32 19 28 8 11 32 19 28 18 23 15 28 11 23 22 22 18 19 16 26 32 47 32 36 25 23 16 12 19 22 17 27 18 32 
31 31 22 21 15 21 26 19 14 22 27 10 22 32 20 25 27 32 27 12 14 13 29 22 13 34 24 21 19 15 28 22 25 22 21 19 26 35 10 23 21 12 19 23 29 10 19 27 20 12 23 34 12 24 31 27 16 22 22 19 
23 20 21 14 14 20 32 36 24 25 33 18 21 26 22 28 14 22 19 24 25 7 19 34 29 29 16 24 11 11 45 22 22 22 22 10 20 33 8 14 18 26 15 14 32 29 33 23 14 21 17 16 17 21 19 19 14 29 23 20 
14 24 21 21 12 16 12 22 16 21 30 10 32 5 31 10 22 34 26 15 26 24 20 22 16 22 17 33 24 19 36 24 10 19 11 28 27 33 21 19 13 30 25 13 26 31 28 23 25 21 18 36 21 17 19 23 21 24 11 32 
23 18 30 14 15 9 30 23 16 19 24 15 18 28 26 22 19 27 21 19 14 24 22 30 26 38 22 24 21 14 24 23 18 32 9 23 28 30 38 10 16 26 16 13 21 37 15 35 21 29 26 23 16 14 16 35 14 32 15 30 
20 34 20 20 17 25 33 23 10 18 23 14 34 20 16 32 44 37 14 16 14 18 28 20 17 29 13 22 21 17 28 22 16 26 20 19 24 28 25 28 24 23 12 29 28 24 18 30 13 39 22 25 21 15 15 30 15 34 18 17 
29 30 17 20 16 23 22 27 16 28 27 24 18 19 29 21 13 35 14 20 24 22 14 28 18 27 24 11 21 16 25 26 12 16 17 19 17 30 24 27 11 30 18 22 17 15 23 43 21 30 22 25 20 15 12 34 7 41 27 21 
22 35 27 17 15 18 22 27 17 12 24 15 9 26 29 24 12 23 22 10 25 19 17 24 15 29 19 27 20 22 51 20 16 30 22 15 26 30 37 32 22 34 27 18 28 27 38 22 26 27 28 37 11 7 18 38 21 28 30 12 
16 26 22 9 16 12 31 23 18 21 17 19 24 49 23 22 35 20 17 14 27 25 17 19 13 32 28 21 19 15 25 22 16 20 13 10 30 28 23 23 13 18 19 11 21 33 17 28 20 20 12 30 24 17 22 14 10 37 16 26 
24 27 31 16 15 23 26 38 13 20 21 14 25 18 14 35 36 34 20 15 20 25 28 21 16 34 23 20 8 9 33 28 15 15 15 20 28 30 14 17 22 21 12 17 30 24 24 31 31 52 23 29 10 18 26 42 19 25 17 9 
21 18 17 15 14 23 13 36 18 24 18 20 20 25 30 28 30 14 39 15 24 24 28 32 17 32 27 17 15 16 30 33 17 16 28 20 17 30 42 19 21 25 13 29 46 27 15 34 21 41 11 36 19 17 13 21 18 28 32 23 
22 30 22 7 13 17 20 30 22 22 19 22 19 22 20 28 26 28 22 19 23 32 27 40 21 30 23 24 22 16 16 20 8 17 19 18 18 27 9 15 21 19 17 20 20 31 21 45 19 35 20 24 18 20 26 21 7 29 15 25 
29 29 21 13 17 29 24 26 13 16 19 15 28 39 26 33 24 14 24 22 18 20 39 21 15 28 26 15 16 19 33 8 17 11 18 19 20 19 25 17 16 21 22 23 35 22 32 21 18 34 32 32 19 19 28 29 12 19 19 19 
11 35 13 16 13 27 31 28 14 18 30 23 24 28 23 43 30 25 23 14 25 25 18 33 22 26 18 14 30 19 35 24 21 21 11 11 25 45 26 29 17 19 29 27 20 21 21 40 19 22 35 7 26 6 20 5 14 39 24 23 
9 37 22 26 21 29 37 33 10 16 22 20 38 22 30 28 26 16 19 18 7 21 20 18 20 31 19 23 7 14 33 30 24 9 29 22 20 28 15 21 24 26 20 16 16 35 24 15 24 20 15 30 7 18 18 31 15 36 20 35 
17 33 12 16 12 21 29 19 15 13 30 31 15 36 28 19 30 25 16 11 26 22 25 34 23 25 21 11 25 4 35 26 12 24 14 23 22 35 24 21 9 20 26 30 23 34 31 15 21 19 23 40 20 19 20 15 23 30 21 20 
30 20 20 21 24 27 18 27 16 16 19 17 18 26 14 40 33 28 15 12 10 29 21 14 16 40 23 9 26 21 22 32 20 15 32 17 20 36 31 24 26 27 24 15 18 29 20 32 16 37 33 36 23 20 24 18 23 20 30 20 
47 38 25 24 21 21 12 25 13 19 27 16 39 21 25 45 20 28 23 10 24 18 21 11 18 33 21 20 10 10 34 26 12 26 17 22 20 33 36 32 17 18 20 18 30 27 31 31 22 40 19 27 9 10 21 14 22 45 26 27 
28 28 20 14 19 34 28 23 16 19 30 21 24 29 19 17 16 32 28 10 16 18 30 36 16 36 26 23 31 18 24 24 12 33 14 22 27 22 22 27 18 24 17 12 17 25 31 24 21 42 30 35 14 16 28 23 11 30 28 31 
29 25 22 12 14 39 14 25 16 32 19 17 37 27 25 12 25 28 27 22 10 22 26 20 15 37 30 16 23 18 12 19 15 28 19 28 16 25 20 23 14 20 22 14 25 24 25 29 28 31 30 40 22 11 24 20 25 16 16 28 
29 37 17 7 17 14 30 13 18 22 20 19 47 36 22 16 24 30 29 22 34 12 18 19 11 21 29 27 13 17 33 30 18 24 20 25 27 17 27 36 19 35 24 19 39 26 14 24 20 23 15 26 17 12 13 20 12 26 22 26 
46 31 25 14 9 33 30 16 18 15 18 25 29 10 18 9 41 28 16 16 18 20 19 24 15 37 26 32 26 20 38 25 20 22 15 23 20 25 21 18 16 14 22 19 27 21 22 42 15 35 14 28 24 16 11 24 20 15 29 31 
8 38 36 9 13 23 10 30 9 29 33 14 18 27 31 19 9 36 29 13 22 28 33 27 22 17 19 24 24 20 45 27 20 24 18 20 14 35 17 18 13 30 10 20 31 40 22 31 20 29 17 21 20 20 18 26 9 43 30 11 
24 35 21 19 17 14 17 23 21 20 10 16 28 36 37 50 29 24 10 20 24 16 17 23 13 25 19 38 14 22 37 24 16 22 18 19 18 21 10 30 16 27 13 28 36 24 25 24 23 32 25 35 23 16 30 20 16 35 15 22 
28 36 19 13 9 32 36 28 15 18 23 15 29 38 22 32 28 33 9 17 14 17 17 18 21 17 29 27 23 15 31 20 10 22 18 17 18 38 20 18 8 24 18 20 16 25 23 24 18 18 32 21 17 12 20 15 22 21 36 21 
33 17 20 24 17 30 27 16 25 25 29 22 29 14 36 25 18 38 23 13 15 25 20 14 24 21 16 33 11 14 31 26 15 22 14 12 16 30 41 16 15 14 18 16 25 13 23 22 16 24 15 26 8 13 16 21 18 36 13 18 
22 29 22 16 11 32 27 25 18 20 27 20 38 25 23 37 14 26 32 15 20 17 24 16 14 38 27 14 15 19 28 15 11 21 18 20 13 28 29 13 12 31 22 8 27 42 31 26 16 51 18 11 22 18 20 22 15 33 24 21 
34 25 21 22 23 24 31 23 13 21 20 17 24 30 37 29 21 24 14 14 23 23 23 25 27 23 27 18 19 18 29 22 14 19 14 20 21 29 47 20 18 32 17 24 25 34 18 34 27 50 18 36 23 14 19 18 20 29 19 32 
17 27 13 7 17 18 29 38 11 15 27 25 28 32 16 31 21 33 26 11 23 28 26 31 16 22 25 22 19 16 16 41 14 20 16 19 25 36 41 16 6 28 15 18 31 22 15 27 27 28 26 31 21 17 22 26 17 28 28 15 
31 19 27 18 20 32 23 14 15 16 16 21 35 41 22 24 26 16 14 11 20 24 16 31 9 17 23 38 24 24 29 22 14 16 6 27 17 31 31 20 17 11 20 14 31 19 18 32 12 19 26 49 24 16 15 34 20 17 29 31 
21 2 19 19 14 35 11 18 20 23 35 17 24 30 27 26 28 14 20 7 14 15 24 13 29 20 24 21 25 12 36 30 14 15 17 18 26 17 29 31 11 30 16 12 44 16 27 28 22 19 19 32 22 24 17 24 21 33 25 23 
24 22 20 18 18 28 19 32 14 20 19 22 28 28 24 27 32 20 8 22 15 22 20 27 21 18 18 19 22 18 20 26 17 25 17 8 21 26 20 22 14 15 20 21 35 19 21 45 24 26 13 37 13 21 23 8 12 23 30 23 
30 32 27 17 14 19 36 24 10 27 19 28 31 16 29 24 27 29 27 15 25 25 19 16 21 40 23 23 29 15 30 13 16 25 21 20 21 38 32 11 21 18 19 16 25 18 11 31 28 25 23 36 17 14 15 31 20 26 28 24 
30 34 25 20 19 15 15 27 5 30 33 16 21 38 17 30 31 24 22 19 15 14 28 31 23 34 25 22 19 15 37 25 18 13 24 30 22 41 11 22 15 24 17 19 34 32 29 31 14 35 17 26 23 20 26 24 10 34 21 21 
26 22 28 23 19 22 29 32 13 18 28 23 28 28 17 29 28 35 34 15 11 24 20 29 27 31 30 18 15 9 36 31 12 6 16 21 18 25 34 12 16 21 25 23 36 32 16 35 17 31 15 44 23 17 22 7 13 24 21 20 
36 28 24 20 13 26 17 24 15 28 26 15 36 13 17 40 24 34 24 16 11 14 32 20 24 27 28 16 12 19 25 21 14 11 17 10 13 41 32 22 11 25 30 25 19 24 24 15 11 18 20 27 28 19 24 23 16 23 31 17 
34 22 23 26 14 41 28 25 18 14 21 19 20 28 35 29 27 44 25 19 21 24 33 26 19 29 33 29 4 20 32 30 10 7 19 24 28 18 27 25 24 26 19 22 11 25 25 43 18 20 36 24 19 20 16 24 18 22 30 21 
38 11 26 22 17 17 13 25 14 15 19 15 16 19 25 23 24 18 15 21 12 14 16 26 26 34 30 23 28 17 24 17 24 20 23 18 15 37 24 16 14 26 18 21 36 19 19 28 28 31 14 31 16 22 14 24 10 35 18 27 
31 35 19 18 19 24 27 17 16 16 22 24 41 30 21 34 32 31 20 19 22 31 28 15 16 35 26 26 9 21 18 16 20 19 25 9 23 33 32 22 18 21 27 22 29 25 23 34 18 25 29 43 26 22 19 11 10 26 33 29 
33 28 16 20 20 25 12 24 20 24 30 23 27 33 18 27 38 28 19 15 8 17 12 33 24 34 23 22 24 21 32 24 23 25 16 17 24 28 43 25 13 24 11 21 29 40 21 25 20 35 24 17 21 23 31 16 10 12 14 23 
38 39 28 13 20 41 19 28 23 20 27 24 11 27 26 22 40 30 20 8 16 16 15 22 20 26 42 19 29 13 34 15 18 18 20 14 22 38 40 15 13 19 19 19 23 24 26 36 13 39 18 24 13 15 19 21 17 23 19 29 
27 22 27 18 18 18 15 31 18 19 17 8 16 36 35 44 25 28 20 25 20 17 15 17 24 25 30 29 19 18 32 25 13 26 13 15 17 23 25 17 22 31 10 23 18 26 24 31 26 33 24 36 16 13 20 15 19 31 13 20 
32 24 30 15 14 21 16 21 6 15 13 16 15 33 19 12 36 30 27 17 16 12 16 30 20 31 17 40 17 15 25 24 10 9 16 20 31 25 34 15 23 11 24 23 31 27 27 23 15 29 24 24 20 9 25 23 14 31 38 24 
27 25 31 18 16 24 21 22 6 14 25 20 32 19 21 32 28 35 22 17 10 19 23 23 25 35 22 26 18 15 34 15 16 20 21 13 13 43 31 15 27 25 19 22 23 15 33 33 14 37 15 40 19 21 18 31 19 32 28 31 
34 36 20 19 20 22 23 16 12 21 26 26 29 32 31 27 22 17 19 9 18 25 27 22 10 53 26 18 25 14 22 29 24 29 25 17 22 22 19 15 21 24 24 23 8 17 14 30 14 30 14 35 15 17 14 20 13 28 35 26 
24 21 31 9 9 28 14 26 24 19 30 12 21 10 24 24 28 21 26 15 19 20 9 12 10 37 18 30 21 8 40 25 14 27 15 15 28 48 28 24 21 28 11 10 19 15 35 27 16 11 24 30 11 17 23 23 6 35 12 20 
21 11 24 17 14 22 27 25 13 16 23 13 36 33 23 33 16 36 19 11 22 24 18 20 15 15 32 34 22 24 30 23 17 17 14 21 18 31 37 16 19 26 18 21 36 22 30 6 21 28 22 31 18 11 20 32 13 38 26 29 
18 9 31 18 7 30 36 21 19 29 33 13 20 24 23 46 22 28 18 13 14 10 24 17 23 16 35 24 29 19 36 20 21 11 15 19 22 28 37 16 21 8 20 26 20 22 26 28 27 35 25 35 17 12 23 18 16 16 23 28 
25 42 20 16 15 15 24 29 15 20 40 15 16 25 20 43 33 34 16 14 22 21 14 29 18 28 22 13 28 9 25 24 14 22 18 16 23 36 24 13 12 31 19 23 29 31 13 19 13 21 27 34 12 12 21 21 7 22 28 29 
25 17 20 20 22 26 27 15 15 27 22 9 16 28 14 46 28 22 20 15 16 31 20 26 21 36 26 18 21 18 38 14 21 19 19 18 16 40 32 19 22 18 23 23 15 25 19 22 18 23 21 20 25 17 20 18 17 31 29 42 
27 6 33 14 21 23 17 21 12 19 27 19 44 10 26 13 19 35 28 11 28 14 20 25 16 21 20 22 21 20 26 19 12 15 12 18 25 34 37 22 21 26 17 19 12 24 16 38 14 36 19 39 20 13 7 25 11 35 26 9 
23 21 30 21 18 24 10 34 16 19 31 14 24 28 24 41 30 38 21 18 25 36 33 19 26 27 19 22 19 19 23 33 14 28 16 19 8 24 28 24 11 18 13 24 29 30 33 27 23 37 27 17 19 28 10 28 12 31 35 25 
25 21 28 21 19 32 21 21 15 14 32 21 28 25 27 14 35 24 23 13 15 21 20 29 24 28 27 19 18 26 34 27 15 20 16 11 24 20 28 22 23 22 20 22 22 23 11 21 20 29 33 24 21 13 6 25 17 22 18 29 
18 25 29 23 20 22 33 23 21 19 32 16 24 27 32 23 38 21 24 7 23 18 20 26 19 20 20 27 21 19 26 20 16 13 29 20 18 34 30 9 16 23 10 20 23 29 9 33 14 24 28 27 25 17 15 22 17 19 18 14 
16 15 28 25 17 16 12 17 17 23 19 16 22 27 15 21 32 27 22 15 11 27 22 38 29 21 19 11 15 16 46 22 14 24 21 29 23 33 15 23 21 22 25 21 33 33 9 29 25 32 18 40 17 15 17 24 15 30 27 14 
26 40 25 27 13 29 17 31 14 25 32 19 30 25 16 21 12 31 22 12 16 33 29 29 16 39 21 35 18 21 40 26 15 21 14 11 14 26 39 18 22 19 23 23 33 32 23 22 13 25 24 27 20 26 7 24 17 35 21 30 
25 26 16 19 16 8 27 27 7 27 28 18 15 28 10 23 32 35 21 12 24 17 21 19 14 34 21 28 6 22 27 26 23 21 12 16 17 43 25 19 10 29 15 14 20 29 26 22 19 31 12 33 18 21 11 13 11 36 24 15 
27 31 30 16 19 35 26 15 10 11 29 21 26 26 32 23 20 19 13 16 19 27 14 21 20 45 20 15 29 18 20 26 19 18 16 15 22 18 28 19 19 14 12 24 17 29 11 41 9 30 26 34 25 18 26 30 12 38 30 19 
20 20 8 27 15 13 26 24 16 19 20 15 30 28 20 28 16 31 9 13 20 11 17 27 22 35 35 35 12 16 31 17 19 23 22 11 27 30 31 8 27 15 14 30 41 30 14 29 22 34 30 23 17 22 21 14 17 17 31 26 
35 34 15 16 11 19 25 33 15 17 19 17 27 20 22 30 19 31 25 13 17 9 17 11 14 34 19 29 19 15 30 31 18 28 17 15 20 41 25 25 17 29 23 15 20 27 21 28 16 32 23 28 20 21 23 13 14 22 23 28 
30 30 35 16 21 25 25 23 9 23 26 15 32 31 36 41 21 33 17 12 20 11 23 39 19 20 25 19 17 13 21 25 16 25 20 18 26 29 34 15 16 24 6 18 32 38 11 46 21 24 27 22 20 14 17 17 19 18 31 13 
23 20 25 11 12 35 16 26 11 10 27 19 23 26 19 52 34 38 31 13 26 19 22 30 17 35 7 38 18 8 15 30 18 25 19 19 18 27 31 26 7 14 16 25 25 24 21 10 16 35 19 21 22 13 18 35 27 26 19 24 
29 36 11 15 19 31 18 24 11 25 22 11 33 32 23 39 54 27 12 15 21 18 22 19 21 27 22 28 10 11 21 25 18 27 18 19 22 34 41 26 25 11 9 24 17 27 16 37 23 31 25 30 22 22 23 34 18 28 24 24 
25 20 36 9 12 27 15 19 11 5 25 19 9 37 15 26 31 26 19 14 14 29 20 19 13 30 29 22 9 18 29 18 16 23 15 21 18 38 38 24 10 23 15 27 24 12 27 29 17 36 20 23 19 17 17 24 17 16 20 25 
18 32 16 17 10 24 38 29 15 15 20 20 23 25 27 28 8 24 23 14 17 16 23 14 31 14 20 19 19 22 38 31 16 30 14 17 14 36 17 26 16 28 15 24 32 28 23 42 19 37 24 30 28 14 28 29 15 15 27 29 
21 42 27 15 22 12 7 28 17 15 29 18 22 26 27 43 29 18 20 21 9 22 15 14 20 44 19 19 19 19 29 11 15 23 16 16 27 39 32 17 15 22 22 21 34 28 22 40 14 31 13 16 28 25 29 26 9 18 19 23 
13 16 23 18 20 21 38 24 19 16 19 24 23 25 16 30 42 42 7 18 24 8 9 20 13 30 17 32 32 14 40 21 14 10 19 23 31 38 21 19 25 12 12 19 34 19 28 19 27 37 16 46 14 19 19 21 15 37 23 12 
24 13 19 25 18 17 30 30 14 19 16 14 19 10 16 54 33 22 24 16 14 18 17 30 19 42 22 30 23 13 36 29 13 22 20 25 24 41 19 27 11 22 28 23 30 19 10 19 20 37 14 34 23 19 27 14 18 23 21 26 
29 31 28 21 13 21 33 32 16 18 13 13 31 26 23 43 30 24 19 10 23 26 19 30 27 28 26 35 18 20 23 24 14 22 27 21 27 33 12 23 14 13 14 28 15 44 19 44 21 41 22 33 29 21 15 33 16 32 38 16 
23 43 33 28 16 21 21 34 12 14 18 15 22 32 10 41 25 19 22 25 17 33 23 28 24 38 23 31 17 15 46 24 21 24 18 15 21 23 25 23 9 28 22 19 21 40 16 33 18 40 25 45 23 16 29 33 22 35 38 17 
28 42 22 19 11 31 20 29 14 21 23 15 22 28 12 41 18 33 22 11 20 26 20 23 18 43 27 18 26 14 42 22 15 17 20 25 17 44 17 14 15 20 25 19 22 18 27 31 15 13 24 28 22 20 23 23 12 27 19 23 
28 26 18 22 18 22 39 25 19 19 22 18 36 33 27 24 32 27 26 11 19 18 29 25 18 36 28 18 14 21 32 29 11 28 18 18 22 39 20 21 17 19 13 27 18 15 18 20 16 24 20 37 19 22 27 25 9 20 30 22 
34 26 23 21 13 25 27 19 11 28 21 5 34 17 26 31 34 30 22 20 28 6 25 23 24 25 16 35 20 18 36 22 15 29 15 20 28 24 15 21 16 23 20 3 31 19 30 13 23 17 20 42 18 15 15 18 17 12 15 22 
24 35 23 21 21 9 23 20 15 17 28 15 37 27 28 33 9 22 28 22 16 13 28 18 16 33 24 20 23 15 11 34 25 25 13 25 31 12 32 22 18 34 17 22 34 26 27 24 24 22 11 23 27 17 12 21 18 23 19 25 
11 28 37 24 18 23 26 21 19 16 33 13 30 18 6 26 23 27 27 9 31 16 27 29 25 29 22 22 25 17 24 28 18 28 15 21 14 47 34 25 18 14 26 20 24 18 19 15 21 24 22 35 18 18 26 30 20 30 24 13 
28 24 28 12 16 12 16 38 19 12 25 22 22 29 27 25 40 35 25 18 22 23 31 19 25 40 26 36 5 17 29 38 11 36 20 11 23 32 20 27 17 20 18 14 26 21 21 26 26 22 21 25 16 16 14 29 15 38 22 28 
27 13 23 20 16 14 24 30 13 29 38 21 33 24 34 38 45 27 26 18 31 22 23 26 11 18 17 36 19 16 30 31 16 28 26 23 28 32 8 28 20 24 13 25 34 32 27 34 22 28 16 20 26 23 26 28 10 20 18 18 
24 29 22 21 23 29 15 22 11 24 27 18 34 29 13 18 36 17 21 17 21 18 17 33 20 18 24 32 11 10 39 18 20 16 26 32 18 30 27 17 19 15 25 21 33 32 26 44 20 26 27 24 21 21 20 31 17 14 26 21 
29 23 17 17 15 17 31 36 17 24 30 24 25 26 32 26 29 32 37 14 19 12 25 24 20 24 43 23 21 18 12 42 8 22 30 21 26 45 22 23 19 17 22 15 47 27 18 27 20 21 19 29 16 20 26 18 16 34 18 24 
20 28 28 24 19 9 25 26 19 12 18 12 32 30 22 19 26 25 12 17 15 27 18 29 18 35 13 40 19 18 36 31 14 23 23 14 24 40 31 15 24 41 19 17 42 20 23 31 17 17 33 23 18 14 29 17 8 22 28 21 
29 30 17 12 15 27 22 26 17 17 34 20 35 33 23 20 27 22 10 24 17 19 8 25 23 17 24 24 27 15 38 27 22 32 11 25 27 8 31 24 21 21 20 22 23 22 14 34 17 29 25 28 20 18 20 14 10 16 34 34 
27 26 27 14 17 24 24 28 9 18 23 9 34 30 42 15 16 23 17 22 16 17 20 20 18 23 11 28 30 18 41 34 17 27 19 18 8 15 40 14 12 25 7 16 33 28 26 33 17 25 16 16 21 25 24 27 24 37 29 24 
21 49 32 11 14 22 20 19 19 27 22 28 22 23 27 12 18 37 20 21 10 20 17 27 13 30 31 18 22 13 33 26 19 15 14 16 20 20 16 14 18 24 17 20 36 10 33 45 18 27 23 30 18 13 24 35 22 35 20 22 
29 32 16 11 15 23 15 30 15 25 8 16 18 41 28 27 33 24 21 11 14 19 17 31 18 23 23 18 8 13 43 18 17 21 19 15 29 31 38 38 20 28 11 32 19 20 25 13 16 36 17 46 21 10 18 21 22 27 31 30 
32 39 22 32 15 30 23 22 15 13 25 15 24 30 36 43 29 41 32 11 24 23 20 26 22 21 27 33 28 22 7 19 23 21 14 20 28 32 11 12 19 21 18 14 16 36 17 50 19 18 27 40 20 18 18 15 20 33 32 18 
19 34 19 27 15 16 8 30 14 13 27 17 28 12 21 27 22 26 25 14 14 20 19 29 19 37 11 19 20 17 34 31 16 11 22 22 22 18 16 14 24 21 13 19 36 36 25 29 30 26 19 18 15 20 22 40 22 29 6 30 
32 32 30 19 20 21 23 22 15 22 13 20 31 32 29 24 39 33 25 11 13 15 20 27 16 25 24 20 26 19 32 21 11 21 26 14 15 16 25 15 24 28 21 24 2 27 18 19 9 26 17 33 17 19 16 18 19 32 22 20 
21 23 22 10 16 28 37 21 13 26 16 21 30 19 24 44 40 24 12 12 17 21 26 17 16 25 29 21 20 10 38 25 19 18 13 24 14 39 14 15 13 24 15 25 25 29 31 26 25 19 11 38 15 16 20 32 17 18 23 26 
13 33 22 23 14 16 11 18 15 22 22 16 22 29 28 39 18 26 25 18 21 11 16 7 24 36 19 16 19 17 39 27 20 26 24 21 19 39 26 17 15 30 20 22 22 21 26 36 34 22 31 12 24 26 17 31 21 25 25 17 
22 21 24 23 19 37 31 30 13 16 33 21 24 20 30 22 26 18 34 12 20 17 24 15 9 32 18 31 25 20 22 22 21 19 17 26 28 15 8 29 18 18 23 25 34 34 22 48 17 23 20 32 23 19 20 22 18 31 19 22 
32 16 24 23 12 16 30 25 20 16 21 10 22 37 14 25 32 28 27 18 18 22 20 20 19 22 21 24 19 16 35 31 17 26 25 10 19 19 28 22 27 13 18 27 26 21 30 32 18 27 27 34 20 17 23 21 21 20 19 18 
35 27 27 28 13 15 11 30 11 16 26 15 23 28 21 26 28 33 25 20 16 27 19 29 17 28 21 26 29 19 19 43 17 23 17 21 15 32 23 22 14 34 27 24 29 26 29 46 23 24 19 17 14 16 18 19 18 21 15 28 
33 31 27 4 14 24 16 26 19 7 29 17 27 23 29 29 34 36 12 21 7 23 27 12 9 34 24 21 26 21 19 12 20 15 16 21 16 30 11 29 23 15 28 25 29 35 23 20 12 18 11 22 16 14 20 39 15 36 27 25 
19 31 27 22 10 6 14 25 19 9 25 20 28 27 31 40 35 23 27 5 22 13 33 26 26 46 20 20 30 10 28 22 12 20 16 17 34 39 29 19 15 24 16 15 19 9 31 32 16 31 23 31 10 17 26 37 12 37 20 22 
35 33 29 15 27 17 21 20 13 19 35 30 23 32 26 20 30 30 27 22 24 26 31 15 14 33 11 22 16 19 35 12 17 9 28 17 22 4 23 21 16 15 21 28 18 13 24 37 14 34 20 20 21 25 26 31 12 34 26 27 
31 31 30 16 19 28 30 18 20 21 19 17 14 26 18 29 40 20 16 11 18 19 17 33 16 31 27 28 25 14 14 23 14 17 22 22 17 36 32 11 20 23 25 17 17 14 32 39 23 18 22 30 24 9 26 23 8 30 12 18 
24 14 32 19 13 21 29 30 19 26 26 27 29 43 19 21 29 32 25 17 19 22 27 24 16 18 19 27 21 16 36 38 15 32 24 14 20 38 23 27 19 22 30 17 34 38 25 29 10 29 24 34 30 21 21 26 19 35 24 20 
21 31 16 19 11 29 14 19 15 22 11 16 17 33 19 30 23 23 28 21 9 18 22 20 17 35 22 25 25 18 29 29 18 30 17 18 17 34 17 21 18 26 18 27 39 26 23 29 13 27 10 33 19 16 10 26 18 33 31 27 
39 22 18 21 20 27 24 19 20 19 27 8 21 33 23 26 3 27 26 19 17 18 9 23 16 32 24 19 14 20 33 22 12 29 14 16 23 22 21 20 22 28 25 22 40 17 18 31 12 33 22 28 23 16 29 26 17 29 13 23 
21 33 18 14 15 15 18 27 13 28 25 25 19 37 24 22 20 35 27 13 16 30 25 23 18 28 21 10 25 11 19 21 12 19 12 18 20 49 28 15 12 15 23 24 23 21 29 21 26 34 16 40 23 16 21 12 16 26 33 8 
36 38 23 24 8 27 12 19 15 37 18 12 9 34 15 17 29 45 21 14 16 17 20 31 15 34 20 33 7 21 36 24 15 9 13 10 21 40 39 14 15 20 18 25 28 26 24 39 23 29 19 34 17 6 10 17 13 29 22 27 
8 24 26 12 16 19 31 47 16 22 19 21 34 30 24 42 30 34 16 9 19 24 23 22 18 31 26 29 32 12 40 31 20 17 28 17 20 59 31 30 15 25 25 21 20 24 20 28 17 27 13 30 20 18 15 12 10 16 14 39 
12 24 9 25 19 21 19 28 12 17 26 16 29 29 18 35 6 33 13 19 16 20 23 13 17 18 31 27 21 24 19 26 18 9 13 19 28 28 18 17 24 18 23 12 24 21 28 33 16 46 29 35 21 14 13 10 15 32 30 29 
26 27 19 13 19 23 28 19 11 15 14 17 20 34 20 27 22 20 24 18 18 33 18 42 21 38 27 26 16 11 27 29 12 20 13 15 24 27 25 20 22 22 19 36 24 31 24 34 20 26 19 35 24 27 9 21 21 35 27 31 
26 28 15 22 17 36 23 38 10 23 20 19 35 28 26 16 28 30 25 13 16 25 14 33 20 23 22 30 13 15 40 23 19 16 10 14 18 29 23 20 13 27 19 6 30 26 18 27 16 13 17 22 20 12 31 28 14 27 32 17 
17 34 13 20 9 12 32 29 16 17 10 11 34 25 26 34 29 23 30 11 18 23 18 20 17 28 24 24 18 16 35 25 17 23 19 21 7 35 43 21 15 26 26 24 29 36 21 38 13 29 20 26 22 15 25 33 21 38 20 13 
22 34 13 21 15 9 30 29 11 17 26 21 33 38 22 23 28 39 15 15 19 22 10 28 23 36 26 30 20 19 30 27 2 26 11 12 23 33 22 16 22 8 23 21 23 28 15 37 23 27 25 25 23 16 22 22 16 18 25 26 
24 19 14 4 13 30 25 23 20 23 24 12 36 33 17 29 33 37 22 13 18 14 22 26 22 26 21 36 14 17 28 24 20 15 21 20 31 20 36 22 20 19 17 25 22 28 27 34 26 41 17 24 22 11 21 35 14 23 19 23 
29 24 24 14 10 4 28 28 21 26 18 19 31 24 34 35 21 24 14 14 16 30 26 39 16 16 25 24 11 17 26 6 9 25 18 25 20 31 19 12 11 30 24 11 36 23 12 16 11 27 20 25 24 15 28 33 14 26 31 16 
30 28 23 16 16 24 26 35 13 24 23 14 32 41 26 33 28 37 14 13 14 23 22 20 10 16 10 31 20 10 44 30 12 23 18 11 16 40 22 14 12 23 16 26 29 26 22 32 16 20 25 30 20 17 19 28 14 34 25 20 
25 14 28 15 16 30 26 20 8 16 29 17 28 20 20 36 26 32 31 16 13 26 31 35 26 18 21 35 10 19 19 27 9 18 23 19 18 25 28 23 20 12 17 15 23 28 20 33 23 31 23 31 22 15 21 24 24 28 17 33 
22 20 16 21 20 14 21 26 16 17 24 23 30 24 15 26 21 37 22 12 21 22 30 20 20 27 21 27 25 19 31 26 18 21 26 19 14 60 45 27 26 14 18 22 29 32 13 27 11 18 14 34 21 13 12 25 15 19 22 26 
35 17 20 6 13 24 20 21 13 29 18 18 9 30 22 45 36 39 20 21 17 25 23 30 19 30 26 35 22 16 33 27 15 26 16 16 15 36 12 22 28 26 17 11 27 18 22 28 14 38 19 29 19 18 19 28 17 19 23 32 
25 25 18 13 18 32 21 17 11 28 16 17 40 19 23 31 33 28 19 16 14 20 19 19 17 30 16 20 18 13 13 23 21 13 20 15 23 33 35 23 19 22 20 21 20 19 19 22 22 40 16 24 24 18 16 28 23 8 26 12 
41 28 20 18 13 26 32 15 5 21 29 15 33 23 36 33 17 35 27 32 18 28 18 27 19 22 18 21 24 13 32 33 17 16 21 20 22 29 15 16 22 15 15 17 25 38 16 24 17 36 20 22 11 12 19 25 23 32 34 30 
25 22 29 16 13 26 26 23 21 27 17 19 26 33 22 21 22 37 18 13 26 28 23 23 29 23 28 25 17 13 20 22 10 15 19 21 14 44 31 16 16 11 22 16 20 11 22 12 18 39 30 32 8 19 16 23 16 30 30 12 
21 33 23 14 17 22 27 26 16 27 31 10 26 41 35 18 31 34 18 16 17 25 18 27 17 27 25 30 13 18 42 18 17 17 23 21 16 36 16 24 18 24 21 31 15 16 21 42 19 25 22 37 16 7 32 26 22 20 29 25 
30 20 16 18 15 33 5 22 7 19 26 20 34 39 28 20 26 34 25 13 18 17 25 14 23 41 23 30 15 15 38 21 14 20 16 19 14 31 29 27 15 16 16 16 27 27 19 44 16 32 11 34 18 19 21 16 12 29 20 24 
33 23 26 25 20 18 29 36 8 32 18 16 27 32 29 43 19 25 24 20 20 16 24 30 17 18 12 38 18 13 45 18 23 23 21 9 25 48 47 18 28 17 27 18 29 34 24 16 16 35 30 29 24 14 30 30 17 28 20 23 
25 22 10 14 11 21 20 23 20 22 37 16 19 39 28 24 18 22 16 13 17 22 32 19 14 40 20 26 18 14 34 21 21 15 14 16 20 18 24 9 15 14 11 23 33 20 11 3 8 40 16 32 20 23 13 29 16 33 21 21 
26 41 10 24 17 18 25 22 16 6 26 17 34 32 29 13 12 26 25 14 22 20 12 26 19 26 22 25 27 17 27 39 19 27 17 24 11 23 44 18 17 13 30 19 20 34 22 38 15 26 13 24 15 24 17 34 10 15 34 25 
29 29 16 18 19 20 21 26 10 14 26 17 24 22 38 24 26 41 20 15 19 23 32 24 15 38 12 29 17 15 21 28 16 16 17 19 27 25 26 28 8 10 20 22 8 17 24 33 27 20 22 36 19 11 24 40 12 26 32 29 
30 28 16 21 17 29 35 20 10 15 29 17 23 46 14 17 31 10 17 15 19 15 26 25 18 24 20 39 24 18 34 27 13 28 21 22 19 38 26 31 13 22 15 18 33 17 18 25 15 25 16 38 12 20 15 23 22 25 19 27 
24 36 21 23 15 25 36 21 18 19 32 18 31 26 25 32 27 33 24 14 15 33 16 29 23 18 22 16 16 21 40 16 17 25 25 20 28 17 22 31 14 23 15 25 22 30 19 34 16 30 20 20 11 21 10 24 16 33 15 35 
32 32 23 14 16 23 18 34 13 18 33 23 26 41 25 22 30 31 20 12 19 18 21 15 18 30 30 31 30 26 39 32 19 18 24 18 27 32 23 20 24 22 20 14 23 26 12 19 11 23 30 35 24 16 17 39 11 22 10 14 
24 26 29 8 8 21 19 25 19 15 33 15 20 29 19 20 39 28 29 16 24 11 13 19 20 21 27 30 23 12 15 30 8 26 14 23 16 31 27 20 22 19 17 15 29 35 18 25 21 19 15 17 26 18 20 20 14 36 29 16 
21 16 34 27 4 15 14 33 14 23 21 16 23 35 30 31 17 29 17 10 20 34 15 18 24 33 29 11 34 10 30 21 14 23 28 3 27 30 40 17 12 15 16 7 21 23 26 25 26 38 23 28 20 8 26 19 18 25 26 21 
22 28 18 22 18 29 22 32 18 24 27 28 29 18 17 25 16 17 17 13 21 25 24 17 25 35 18 26 15 19 17 16 19 20 20 25 21 26 22 15 22 27 20 22 23 32 31 40 17 26 26 27 19 18 33 26 14 28 13 26 
17 23 24 12 11 16 24 21 11 16 19 14 23 34 30 28 34 33 15 21 21 13 20 22 22 30 16 26 25 15 43 23 15 19 20 15 24 32 28 9 20 28 23 20 21 33 20 35 15 34 32 30 17 17 23 24 20 38 25 21 
22 47 25 22 11 16 25 25 23 7 22 12 24 37 26 25 28 34 13 21 17 13 21 18 19 38 17 27 23 22 41 37 12 27 19 13 24 15 27 17 20 24 20 22 23 8 12 24 20 24 20 29 15 29 17 20 17 37 22 24 
21 29 15 13 19 22 16 26 19 14 21 20 24 32 43 26 34 14 22 16 28 12 29 39 15 28 20 22 17 7 22 26 22 19 26 15 15 27 24 22 14 11 21 25 25 31 33 12 26 51 27 36 18 16 17 19 22 20 34 23 
33 43 24 16 21 21 5 29 13 29 16 14 23 23 13 35 28 21 20 11 15 34 19 24 13 29 21 25 19 15 21 30 16 27 22 18 17 19 24 28 12 20 19 28 14 28 20 28 21 20 20 25 23 5 22 20 19 24 31 22 
28 23 22 19 20 22 30 38 21 13 15 13 27 21 14 35 23 36 28 17 6 30 26 25 18 30 33 19 25 19 35 25 18 10 13 24 14 15 18 22 17 15 21 15 20 33 24 19 26 57 23 26 17 8 9 22 22 20 17 20 
24 35 22 14 16 14 28 25 16 26 20 14 27 7 21 35 18 25 35 10 23 21 15 34 27 19 22 17 11 12 27 20 16 19 28 18 24 34 21 27 23 16 17 19 24 23 23 24 23 39 20 18 16 17 21 21 14 27 37 18 
14 23 22 21 18 42 21 29 16 23 16 18 16 16 20 36 38 27 15 16 15 16 18 23 12 34 31 23 29 12 33 18 19 20 19 14 5 39 32 20 21 17 21 19 35 20 14 25 23 25 20 36 21 13 18 28 22 22 11 31 
41 27 23 14 19 27 15 37 20 22 34 21 23 19 27 26 36 43 14 19 18 20 8 21 18 6 22 29 25 15 30 23 17 20 26 18 25 40 13 25 27 31 15 17 13 24 32 30 19 22 13 30 26 18 21 27 23 28 24 13 
20 32 18 24 14 34 25 17 16 28 30 10 45 16 33 38 33 31 14 10 16 19 26 40 16 44 28 19 14 21 37 38 16 21 19 13 25 25 23 14 24 19 18 21 17 30 24 28 16 37 21 37 18 17 8 24 15 19 21 29 
19 32 34 7 25 27 16 31 12 30 25 19 25 40 22 33 32 23 19 12 13 26 16 17 17 26 26 12 21 15 33 33 20 22 11 26 27 28 14 22 20 20 17 20 14 32 16 34 19 46 12 28 20 22 18 21 20 26 27 19 
23 29 29 20 12 26 24 9 13 15 32 22 34 49 25 24 33 21 19 18 16 20 19 14 19 25 14 23 15 15 41 26 8 37 13 18 10 31 30 20 24 18 14 24 20 39 19 46 19 37 24 11 19 11 18 28 20 35 33 19 
32 20 25 20 22 27 29 20 7 19 38 24 37 27 21 23 30 30 15 21 7 17 24 27 13 32 17 24 8 19 24 28 15 19 13 13 16 24 16 23 19 20 9 25 23 16 21 24 9 29 21 35 20 19 18 34 18 34 20 28 
39 18 26 22 16 20 22 16 15 23 25 9 18 34 32 43 37 29 21 11 13 15 11 16 24 31 19 28 8 12 21 39 12 21 23 14 15 37 23 23 19 22 18 24 37 21 9 17 11 39 31 29 10 8 10 25 17 24 17 19 
28 14 21 22 14 26 25 25 11 25 23 24 22 29 14 20 35 16 15 14 18 32 15 28 19 31 28 34 17 18 38 16 16 22 20 30 17 34 35 24 20 23 22 25 13 38 25 44 10 19 26 37 22 23 6 19 13 35 26 19 
33 38 20 13 16 30 20 27 15 11 23 19 41 32 27 32 16 37 24 17 20 22 26 22 18 23 19 35 26 10 42 22 19 13 28 24 23 13 21 12 15 19 33 17 37 40 17 26 14 33 30 12 15 15 20 16 14 26 17 17 
21 20 24 17 19 10 18 16 7 17 24 19 18 36 29 27 30 30 25 16 16 20 24 27 16 36 24 35 11 9 35 23 14 18 16 12 15 52 14 25 10 14 17 18 16 37 30 31 21 28 20 10 20 18 17 30 14 35 20 20 
14 41 20 26 20 24 17 29 18 13 37 22 24 23 23 24 30 13 24 16 24 25 24 19 14 14 19 17 16 14 39 35 11 28 19 11 28 31 25 13 21 13 21 16 36 29 22 24 22 32 23 29 16 20 19 31 21 29 19 15 
32 27 24 9 17 12 23 12 18 13 28 24 28 24 19 42 29 25 14 19 13 29 23 22 15 29 30 24 17 13 44 28 13 19 9 15 19 30 31 13 11 17 18 26 15 26 20 20 17 34 26 37 20 21 15 25 10 26 28 28 
32 24 23 21 18 31 33 20 14 20 36 17 29 38 37 29 39 28 15 15 17 21 19 23 17 5 25 28 17 14 25 24 16 17 11 11 27 36 23 14 24 21 19 12 21 34 26 34 13 21 18 33 18 15 18 29 22 25 26 23 
25 34 25 20 14 37 28 32 15 34 37 17 31 35 25 18 28 29 22 19 23 18 27 30 23 20 17 34 18 10 38 29 19 18 21 16 21 33 27 20 15 13 15 21 36 21 32 35 20 31 20 30 18 22 24 21 17 23 19 17 
18 24 22 15 13 18 11 25 13 17 27 28 23 28 30 44 15 36 20 16 23 12 16 29 18 23 17 36 24 14 32 23 17 22 17 19 26 32 36 20 30 26 20 18 23 30 19 33 15 34 29 30 22 17 24 24 25 21 23 26 
33 12 33 19 14 25 10 36 10 12 27 20 26 26 20 26 16 9 17 20 18 24 22 28 20 23 27 19 19 23 41 20 17 10 25 12 20 40 29 12 23 22 13 17 26 18 19 24 18 29 16 18 30 9 16 25 21 29 23 27 
34 30 9 22 15 18 29 17 16 32 21 16 21 35 32 42 37 25 18 15 17 13 16 24 23 24 25 25 25 20 38 26 21 26 15 18 23 24 4 17 18 30 13 15 32 24 20 27 21 36 22 30 14 22 18 23 10 32 21 29 
19 30 24 19 22 32 33 16 13 21 35 25 8 27 31 20 26 24 30 19 23 23 25 22 21 26 14 23 22 9 41 25 9 18 21 16 17 30 20 32 24 22 12 32 24 27 17 20 22 21 21 25 8 17 22 33 15 29 24 16 
23 12 18 13 18 13 13 29 23 15 17 11 18 17 9 36 26 20 23 13 14 23 23 35 17 39 21 22 18 12 43 36 16 26 27 15 16 30 12 18 19 27 16 23 30 24 19 26 19 25 15 24 21 8 27 20 19 9 29 19 
34 26 27 12 13 20 34 28 19 19 24 19 22 25 23 37 16 21 24 16 11 15 20 23 13 26 29 31 29 19 47 27 12 14 27 16 20 25 19 24 14 15 11 25 30 13 11 26 29 30 26 29 20 16 17 29 16 22 39 23 
21 22 19 14 17 11 19 30 18 17 18 22 35 19 19 22 39 28 19 12 28 28 12 27 24 23 23 20 26 12 36 34 20 15 14 17 15 27 29 19 19 21 17 10 10 32 16 24 24 21 14 33 24 18 20 17 16 47 20 26 
22 26 23 15 16 28 10 34 20 14 27 10 25 31 22 16 26 34 27 15 16 21 22 10 21 29 26 14 21 18 19 30 18 29 22 9 17 33 29 15 21 17 29 24 33 23 8 38 32 20 10 17 24 12 26 20 19 22 25 19 
34 21 24 16 18 31 25 25 16 13 25 14 25 25 26 32 19 33 27 12 21 21 29 22 23 23 30 29 20 17 18 45 17 22 20 23 26 21 26 29 20 20 17 15 25 34 18 16 22 34 11 34 15 22 18 26 21 25 28 20 
19 26 27 17 13 23 20 23 17 19 25 16 22 27 22 22 29 17 19 17 25 26 22 21 21 30 19 17 6 13 45 19 18 21 22 19 24 27 32 26 14 16 21 28 29 21 18 30 33 25 22 13 13 14 14 20 14 31 28 18 
22 16 26 27 14 18 19 23 20 23 23 12 39 22 27 26 41 22 21 15 15 24 34 19 16 29 23 28 22 21 25 23 15 22 29 22 24 29 26 22 17 21 19 27 28 25 23 20 12 39 28 26 9 14 22 27 20 34 15 23 
31 24 23 23 19 17 18 32 18 25 20 16 28 27 21 13 34 22 22 8 20 31 27 9 17 35 30 18 17 18 7 24 17 15 14 15 8 35 30 23 15 29 22 18 19 28 19 29 28 25 22 34 25 23 12 20 13 35 24 17 
19 28 25 13 11 37 17 24 16 35 37 30 24 30 10 29 27 22 10 13 18 17 24 28 25 34 17 17 16 16 39 27 14 22 18 10 10 36 29 12 23 24 15 20 19 26 9 27 13 21 23 31 27 22 23 25 20 32 34 19 
13 41 19 18 14 26 22 26 17 37 20 11 29 28 26 35 12 36 21 16 22 8 13 22 16 37 29 29 24 17 20 25 17 14 20 14 19 26 33 12 15 19 12 27 28 37 20 22 22 20 18 40 19 31 8 26 11 33 27 28 
31 25 9 15 18 15 30 23 17 21 29 12 19 19 27 29 24 32 17 15 22 15 18 24 17 28 14 24 17 12 38 29 20 21 16 8 26 35 32 25 15 25 18 14 36 21 22 46 16 19 27 13 18 31 14 24 20 38 29 20 
36 28 23 17 12 32 32 30 7 34 31 17 17 35 24 27 17 28 24 11 18 14 20 20 24 39 25 26 21 21 31 31 14 20 20 15 24 18 24 26 21 17 18 11 23 19 14 39 14 28 7 35 17 16 23 12 11 31 28 26 
26 13 15 22 21 28 32 29 14 10 38 17 17 19 26 30 30 27 23 12 22 26 26 18 26 30 16 20 18 16 32 29 23 16 13 14 17 21 38 28 8 27 19 20 24 31 23 41 22 35 31 24 11 28 9 21 17 22 21 20 
24 42 12 19 22 21 25 29 15 11 19 14 24 43 30 40 18 35 27 16 9 27 32 22 20 26 25 24 22 11 26 22 16 31 17 22 22 21 41 17 14 28 20 15 21 23 16 29 20 12 20 27 20 12 22 29 15 37 17 16 
29 32 27 24 8 33 16 24 26 29 16 19 26 36 25 30 43 33 27 4 21 18 21 25 13 20 27 13 21 12 33 18 19 22 26 20 16 43 34 19 16 23 31 26 25 27 19 40 22 23 16 32 9 22 21 32 15 16 30 24 
35 34 18 26 17 20 20 28 24 24 23 17 32 30 19 28 38 28 15 7 21 32 20 17 24 41 19 32 30 11 28 16 19 13 21 26 20 13 34 33 17 28 19 21 37 22 18 15 22 36 26 40 19 18 10 18 18 26 27 25 
16 38 21 20 11 37 24 35 13 18 28 21 21 26 13 24 28 17 12 16 23 19 26 24 19 29 19 14 22 4 27 25 12 22 21 9 36 29 27 21 18 38 19 31 31 31 20 40 18 28 22 31 17 17 21 27 12 27 28 25 
27 24 19 22 16 28 19 25 15 16 19 11 33 22 20 38 25 26 13 17 18 25 32 15 16 21 25 29 18 19 17 26 13 27 30 12 39 17 34 20 18 15 19 7 20 36 23 17 17 24 28 21 20 16 20 27 19 25 34 30 
16 29 28 18 14 32 33 19 12 8 30 21 36 28 21 45 35 37 28 17 18 22 13 21 22 33 18 13 18 19 19 32 16 15 13 9 16 19 32 20 13 26 20 18 19 14 19 38 22 33 18 35 16 16 14 26 25 28 30 32 
23 14 14 24 9 25 32 24 18 26 32 22 21 33 25 35 37 24 23 13 16 20 20 34 23 34 27 34 21 17 28 28 12 21 22 12 14 31 37 28 23 22 18 13 22 9 18 26 17 41 31 34 18 7 22 20 20 30 23 10 
21 28 18 32 21 21 24 16 14 29 14 20 23 19 35 8 21 22 38 15 22 16 17 27 16 32 13 36 13 16 25 24 20 19 22 15 22 29 24 24 25 16 26 16 31 15 15 23 12 35 28 26 21 20 17 27 13 47 22 21 
26 32 32 15 17 34 35 25 17 22 26 21 13 19 10 43 42 21 14 8 11 16 15 21 15 41 18 30 13 12 37 25 15 23 16 14 18 31 27 20 18 26 13 22 24 22 31 17 18 20 18 42 26 22 20 29 14 38 32 34 
27 21 13 31 24 13 24 25 14 23 11 24 26 36 10 36 21 16 19 17 21 16 21 21 21 35 22 28 20 15 28 23 24 32 20 9 10 28 39 19 16 16 26 22 29 24 27 24 19 29 19 16 10 20 13 34 19 25 19 22 
31 24 21 21 17 15 31 17 15 24 28 23 20 36 18 29 23 31 17 16 15 15 16 31 8 26 34 17 23 20 25 23 12 26 22 16 22 38 46 30 10 31 20 20 27 26 23 27 18 24 35 40 14 14 21 37 9 28 33 25 
32 17 26 18 16 24 28 31 15 22 20 11 20 20 15 43 16 28 32 14 14 18 17 29 17 22 13 39 18 17 32 31 17 21 19 13 16 30 20 18 13 12 26 16 24 15 29 11 21 35 33 38 20 16 31 15 16 36 19 20 
30 26 25 23 21 23 36 34 19 21 32 12 13 21 33 38 23 46 17 17 15 15 21 14 25 13 22 21 18 20 28 28 17 21 16 18 27 6 21 33 22 21 13 22 24 29 20 32 8 22 15 35 20 21 11 28 17 29 23 24 
35 19 19 19 17 19 23 22 20 18 19 15 28 26 32 49 36 31 19 15 15 21 15 26 25 28 24 18 20 12 2 21 15 19 13 18 6 16 32 12 18 26 16 22 27 28 22 20 18 33 24 33 14 15 12 23 16 19 29 24 
31 27 26 25 11 13 35 27 23 15 25 22 32 31 25 32 27 32 21 19 16 29 19 24 15 27 35 24 15 18 28 26 13 11 30 18 23 14 28 18 15 25 15 14 22 31 22 42 20 32 15 31 21 11 26 16 18 27 24 13 
24 41 20 20 19 24 18 28 11 19 36 19 8 29 14 28 13 15 12 16 22 14 19 11 11 41 24 31 33 13 40 20 16 32 19 15 26 37 24 15 19 25 17 18 29 16 28 37 19 42 20 13 11 19 17 22 20 32 26 30 
25 42 16 14 16 20 11 22 13 19 39 13 33 42 25 27 16 26 26 12 18 22 23 27 22 31 31 29 17 15 29 28 14 28 25 16 22 24 22 25 22 18 30 25 31 11 20 26 17 27 22 39 16 13 20 23 10 23 35 24 
36 25 16 20 22 29 32 28 20 20 24 15 17 27 31 22 42 21 22 12 24 23 21 16 24 21 23 19 23 13 34 13 18 13 27 25 17 20 11 14 16 25 27 26 26 26 22 42 24 23 19 22 17 18 27 32 16 30 36 11 
21 21 17 17 17 29 26 24 10 29 25 9 35 21 30 26 23 32 25 17 20 27 32 37 15 28 24 22 16 14 25 23 14 17 14 27 13 33 13 29 20 27 21 27 23 27 13 35 20 45 23 22 11 18 17 12 21 25 35 24 
41 44 14 16 12 21 16 24 21 30 18 18 30 25 33 21 21 39 20 16 20 26 22 27 34 20 19 23 7 11 22 23 14 25 13 17 17 43 16 22 19 14 18 23 26 19 19 14 20 19 21 38 18 20 26 20 20 37 30 25 
29 24 16 13 20 12 25 22 7 19 19 15 20 21 30 27 25 30 28 18 15 23 22 35 17 34 6 26 22 13 53 15 12 16 15 15 14 44 30 26 20 22 17 33 21 38 24 19 19 29 24 30 15 17 15 33 18 28 27 20 
28 6 18 16 19 19 33 20 16 17 19 20 40 33 32 30 33 38 34 16 25 32 14 18 18 36 12 31 13 17 29 14 17 24 16 18 29 39 24 26 16 18 21 16 23 40 30 26 22 20 16 30 21 16 21 32 20 30 26 23 
24 12 33 22 18 17 8 26 13 19 19 19 27 20 34 31 35 27 15 18 20 18 20 18 28 37 23 32 14 21 28 24 20 19 16 15 12 18 25 23 20 27 25 23 25 37 29 44 16 25 23 27 26 9 16 24 16 30 38 31 
41 33 24 10 16 24 35 26 15 18 22 11 27 20 16 42 30 31 27 12 23 20 17 26 21 27 20 11 19 13 27 27 19 23 11 18 27 16 27 15 20 35 16 17 24 25 12 36 12 28 25 39 11 8 16 28 16 30 32 24 
17 25 26 10 15 33 23 18 19 10 37 24 37 20 25 36 15 38 17 17 19 28 15 19 12 34 28 28 19 18 19 28 13 14 15 25 17 27 12 21 16 22 18 13 11 23 23 45 22 24 21 44 12 12 13 19 14 31 49 13 
26 39 7 15 15 33 30 25 15 9 41 18 33 35 30 39 30 21 10 7 24 24 29 25 15 45 22 34 18 11 16 20 12 32 15 1 24 48 24 20 11 21 13 24 17 44 13 35 7 33 17 34 25 14 26 25 18 36 29 19 
30 36 12 20 13 19 30 23 10 8 15 17 23 24 32 23 17 25 27 8 17 20 17 17 15 22 34 25 34 12 33 26 13 22 26 21 22 52 30 20 15 29 17 18 28 29 26 34 16 30 30 13 22 15 21 26 20 22 22 25 
20 26 25 18 9 14 25 41 23 21 35 15 30 31 20 30 25 14 20 22 16 27 19 15 18 28 16 33 19 16 16 34 15 24 21 16 15 10 31 5 21 19 18 24 34 25 23 29 18 30 25 29 15 16 8 23 21 35 30 27 
21 24 29 17 13 18 34 35 12 26 17 16 21 23 24 31 19 16 20 8 15 29 25 25 12 26 18 17 26 14 29 22 12 19 14 10 24 17 25 25 23 21 17 23 35 33 23 39 9 32 24 40 21 16 23 22 20 42 32 22 
16 16 25 20 15 17 15 29 21 29 17 18 12 22 21 29 20 23 24 14 21 16 16 20 16 38 28 22 9 20 36 30 8 20 26 22 21 28 16 12 14 22 14 27 28 27 25 18 18 36 11 14 13 3 17 23 13 29 12 36 
28 33 21 20 15 19 21 28 19 25 11 24 29 28 10 42 24 31 20 16 19 25 29 22 25 19 25 9 16 12 39 28 22 30 17 6 28 31 22 15 20 20 23 32 23 19 20 22 22 32 28 24 16 19 22 23 15 23 33 11 
26 41 10 28 18 23 20 11 11 13 31 25 8 26 23 35 30 26 26 18 16 31 17 40 14 24 32 19 27 19 31 10 12 29 25 15 21 16 26 24 23 36 16 15 23 30 22 25 18 33 21 29 14 14 29 30 16 26 36 19 
18 27 25 19 17 14 34 22 17 5 33 12 22 24 35 42 26 29 22 17 20 25 28 12 15 45 24 16 12 14 36 24 9 31 6 26 33 12 33 24 24 22 19 13 25 25 21 21 22 37 14 9 17 18 26 24 15 27 22 24 
28 20 27 17 19 18 26 9 13 28 28 17 15 34 29 21 26 20 16 12 15 24 23 24 13 31 31 21 28 20 25 32 17 19 22 16 20 16 37 29 17 30 18 31 30 12 31 42 13 23 18 23 14 18 15 31 20 23 15 32 
31 41 21 19 16 22 26 33 17 23 17 20 25 29 28 39 27 38 12 14 20 25 30 28 26 30 24 16 19 3 13 34 19 19 18 22 22 37 24 19 20 25 20 12 15 16 16 31 21 28 20 27 17 21 19 26 14 34 31 23 
16 26 36 11 16 22 21 17 19 20 39 19 34 18 13 27 46 19 12 14 28 25 28 22 31 31 22 10 28 21 25 26 8 12 18 23 30 25 30 21 15 19 17 19 23 28 29 43 9 25 15 32 16 17 19 22 21 26 32 26 
30 36 18 20 18 33 35 32 15 20 13 23 22 38 30 26 31 12 7 16 18 11 20 35 14 24 20 33 19 14 20 21 20 23 23 20 23 33 19 21 16 21 14 24 32 18 18 47 17 26 31 32 20 14 12 25 26 31 21 19 
32 28 33 20 20 25 21 22 15 28 16 17 19 24 26 17 20 27 24 17 26 18 21 35 17 27 32 23 28 14 31 41 16 20 16 19 23 35 32 21 17 31 28 20 19 34 12 36 23 21 21 50 17 16 17 30 18 23 22 24 
21 35 21 26 15 31 24 20 21 28 26 30 28 26 24 17 18 26 25 20 16 23 18 26 15 26 30 26 13 19 34 28 12 17 25 19 19 42 21 24 22 20 13 17 20 14 21 31 19 43 25 29 17 12 14 34 3 31 22 19 
13 24 30 19 14 29 23 29 12 22 35 6 30 33 28 32 37 12 31 12 13 24 26 29 18 32 16 35 26 15 24 14 21 20 21 14 17 32 24 27 5 22 16 19 17 23 11 21 16 23 30 36 22 19 20 18 23 27 42 28 
14 31 28 19 10 28 28 23 16 22 25 13 22 31 20 32 33 35 26 16 14 15 15 17 19 22 29 29 18 15 30 28 13 25 24 24 30 32 30 10 26 20 23 13 16 30 23 23 31 34 12 14 23 12 28 28 18 10 30 20 
25 13 20 17 21 30 27 23 20 25 17 16 26 36 23 32 36 33 32 16 20 31 21 30 19 23 12 40 19 11 27 28 8 29 24 23 16 11 32 17 21 25 11 25 27 41 22 21 11 25 18 30 18 18 33 16 18 13 8 23 
29 20 19 18 15 31 20 24 19 16 17 18 15 39 19 25 21 39 14 10 16 31 25 18 14 35 18 36 17 20 31 25 12 17 21 20 17 43 19 13 16 18 22 26 25 25 25 37 10 21 30 40 28 24 20 24 15 36 27 31 
19 26 15 17 14 20 19 28 14 18 31 8 32 13 23 18 17 25 13 19 26 24 31 16 9 30 14 15 25 9 20 30 20 19 14 28 27 39 23 21 18 18 18 23 14 21 28 34 12 40 18 46 20 22 15 28 9 40 24 17 
36 33 19 17 23 11 14 25 25 33 33 15 18 19 21 50 42 17 27 15 14 19 25 34 12 17 34 28 22 14 26 13 13 12 11 17 12 19 26 23 17 18 12 18 28 16 6 42 11 24 31 21 23 14 28 39 15 29 27 31 
16 42 23 19 17 19 13 17 16 22 19 15 33 31 29 37 22 24 19 8 14 17 24 22 20 29 18 40 23 12 39 24 23 16 14 22 14 35 18 22 11 23 20 20 35 23 29 25 18 31 17 30 23 14 19 28 18 7 35 14 
36 14 22 25 18 20 27 13 23 28 11 23 23 35 32 22 6 19 18 15 18 19 11 11 15 31 29 32 30 15 28 32 21 21 16 12 19 29 25 19 19 24 23 18 27 27 18 34 14 35 20 26 20 19 24 23 8 29 35 26 
19 34 14 12 14 17 17 22 19 22 30 20 21 25 21 18 26 28 15 19 5 26 17 35 18 15 28 23 26 13 24 28 10 30 24 16 25 47 37 22 15 12 13 16 30 22 17 19 25 40 14 21 21 21 16 25 21 37 40 22 
39 24 20 10 17 19 21 34 17 7 22 14 18 13 28 46 29 33 18 12 22 16 21 17 19 30 23 16 21 14 27 27 15 28 10 16 23 39 12 16 12 25 20 14 36 36 23 34 11 23 12 28 15 18 30 28 15 28 26 24 
18 32 27 15 10 9 29 20 14 12 5 14 29 20 22 31 39 33 16 13 14 20 18 31 32 27 13 32 15 20 20 27 13 15 15 15 46 30 22 20 24 13 21 8 30 25 18 23 21 32 20 35 17 17 18 28 16 21 39 26 
16 19 20 16 20 31 27 26 17 17 19 9 17 26 16 38 18 31 28 17 19 29 17 32 16 26 17 24 17 19 38 26 13 19 20 13 26 32 14 19 19 22 20 20 39 27 25 43 19 32 22 33 23 15 6 22 12 43 18 20 
26 36 36 17 16 6 24 19 13 20 14 17 20 9 25 36 32 44 24 16 24 20 9 29 20 42 20 32 20 8 20 23 26 26 15 20 16 45 13 19 23 27 24 18 18 22 26 10 21 36 32 43 19 11 20 31 17 39 20 18 
18 22 23 19 17 18 18 30 17 16 40 18 17 22 27 42 24 21 26 17 14 6 14 29 22 25 16 22 12 23 27 36 15 17 31 18 22 26 15 32 21 16 14 20 30 26 17 31 22 28 31 24 17 17 26 28 11 28 26 26 
26 44 29 16 12 39 29 21 12 19 21 19 13 40 26 18 20 27 30 15 13 26 21 15 5 23 26 32 8 19 39 39 25 23 31 15 18 35 15 24 24 39 21 25 24 34 27 17 20 23 30 44 20 11 12 30 21 18 39 29 
28 31 27 22 8 20 24 21 13 15 32 19 24 25 30 26 26 30 15 21 23 25 29 23 15 32 31 14 23 18 3 23 16 23 18 12 18 38 34 10 13 32 16 27 20 25 17 31 15 32 29 37 20 20 21 29 15 20 32 15 
21 32 28 18 5 24 15 18 11 25 30 20 32 36 29 48 10 9 27 9 16 17 19 29 22 25 13 32 21 22 25 25 16 21 25 17 24 44 25 39 11 24 15 20 34 32 24 25 13 35 27 35 23 11 21 20 12 38 27 27 
34 28 20 20 19 13 31 31 21 28 28 19 28 22 19 54 41 46 25 16 18 21 21 28 18 13 33 20 18 20 23 24 20 26 20 22 17 40 22 24 15 19 19 14 26 21 21 25 20 30 13 30 16 19 25 37 19 34 30 25 
14 33 28 21 23 18 23 18 14 6 32 26 28 26 25 19 37 38 29 19 20 17 24 19 17 33 17 28 26 22 33 16 20 17 18 25 7 26 27 25 21 43 19 27 36 26 16 24 24 45 25 29 13 11 21 21 17 32 28 15 
9 30 20 9 15 17 22 26 14 22 24 17 20 27 27 10 23 21 19 8 23 27 16 24 23 19 27 28 33 15 45 20 16 30 6 28 31 32 25 14 22 23 22 26 35 19 12 27 24 40 20 28 19 14 20 24 16 28 22 20 
34 27 18 18 13 19 14 20 19 20 17 22 20 27 28 29 27 24 24 12 11 31 27 20 24 43 37 44 27 12 36 29 25 20 18 15 16 25 25 17 15 28 25 23 34 27 28 25 22 26 16 22 22 22 22 17 24 18 32 25 
40 35 28 16 18 25 17 37 17 16 25 17 26 39 25 28 36 26 24 16 27 18 28 31 19 21 27 23 17 13 10 24 15 21 17 20 25 35 34 28 21 24 19 26 39 31 25 41 28 22 16 16 19 18 20 25 11 29 30 14 
15 25 24 12 14 22 36 27 14 26 30 25 30 20 26 52 26 22 27 14 22 13 12 31 16 35 22 22 22 20 24 27 15 29 23 18 21 37 22 25 32 33 17 17 15 32 16 14 14 22 20 27 25 12 23 34 21 31 33 27 
19 32 24 25 16 20 24 23 11 23 23 26 20 24 32 31 39 23 24 17 14 28 26 18 29 25 30 27 21 13 38 24 24 13 20 16 17 39 34 24 24 17 27 25 25 32 16 29 33 34 14 29 18 19 24 43 9 21 26 13 
27 28 29 19 18 33 24 33 14 28 28 22 25 40 14 18 17 44 18 16 26 26 23 38 16 23 24 27 19 17 22 18 23 13 18 15 18 26 37 32 13 17 24 30 22 22 36 47 9 27 16 36 23 17 15 24 24 34 29 26 
26 39 19 18 22 32 16 21 14 13 18 12 30 32 22 23 19 25 26 23 26 18 19 13 17 34 20 22 19 16 31 26 20 18 20 21 18 37 24 17 18 20 21 21 21 28 33 26 12 33 29 22 17 13 19 28 21 35 18 7 
25 23 20 15 17 34 29 11 8 18 31 16 31 44 31 39 24 26 19 20 30 23 27 26 19 30 27 18 18 23 43 24 15 19 22 17 10 34 29 16 23 23 14 19 20 15 14 25 24 36 23 24 14 24 15 27 16 35 38 14 
34 29 26 12 15 28 31 30 23 12 26 19 29 36 7 41 20 20 31 19 20 4 19 22 26 15 12 31 21 13 26 18 15 12 24 10 22 48 36 17 22 17 9 15 34 29 16 36 11 27 34 22 14 18 26 24 18 32 26 19 
14 33 21 7 20 24 25 40 13 23 30 8 33 25 11 32 40 17 24 20 29 20 23 15 26 20 26 24 40 21 13 31 22 13 19 16 17 32 22 22 20 35 23 9 26 18 13 36 12 23 15 24 13 16 22 26 16 23 31 23 
20 18 22 14 20 35 33 21 21 9 16 15 33 44 25 35 25 31 9 22 21 17 27 22 15 10 29 17 27 17 23 24 6 22 22 30 18 38 19 27 20 20 19 18 9 25 15 45 17 25 33 24 20 16 26 23 13 28 29 16 
43 28 22 23 18 23 24 15 23 10 17 11 29 31 3 21 36 31 28 11 17 23 25 25 17 41 9 37 25 10 31 20 11 30 22 19 27 43 5 20 15 17 20 26 24 29 28 35 16 25 17 32 15 21 16 20 20 24 39 32 
42 35 26 19 11 19 29 25 15 14 27 27 16 16 32 40 25 33 21 14 30 33 27 12 18 37 19 24 27 22 35 25 18 24 14 23 23 39 29 32 25 22 12 18 21 35 23 25 21 27 30 22 21 20 20 27 13 18 11 30 
25 29 11 21 21 27 21 36 21 11 33 11 20 24 27 42 22 18 8 22 15 22 19 20 23 25 20 28 21 19 22 23 11 22 21 9 18 22 41 15 17 31 18 26 27 15 20 23 27 34 36 27 30 26 22 20 16 16 27 21 
27 4 17 22 20 16 33 22 18 26 24 21 43 17 31 24 31 27 5 16 18 20 13 22 22 35 14 24 26 17 35 28 13 26 26 24 26 33 30 27 19 11 28 12 22 31 19 22 28 46 27 33 16 16 14 30 16 30 19 21 
28 30 18 24 15 16 13 34 22 32 34 15 32 27 19 33 32 21 14 14 22 24 14 9 14 26 19 38 35 16 41 19 20 23 20 30 22 38 14 12 18 25 24 10 40 23 19 36 21 29 34 41 16 20 22 34 17 27 31 31 
28 26 25 17 14 25 36 30 10 30 23 27 15 17 24 42 21 34 20 18 14 20 23 30 18 16 20 36 14 15 39 24 15 28 17 21 13 22 27 17 13 17 16 30 24 20 19 37 19 38 13 26 16 20 26 24 21 15 14 18 
19 31 20 24 11 10 31 39 16 21 32 16 21 30 20 38 17 47 18 16 11 23 17 9 18 23 27 20 21 12 27 25 17 19 16 14 21 26 6 17 11 20 18 31 31 28 34 28 18 34 25 39 20 23 22 32 20 25 20 12 
8 38 16 21 10 31 35 28 16 17 25 20 42 30 29 42 24 27 27 12 26 29 11 24 22 25 25 36 15 15 30 21 20 11 19 17 28 27 36 11 13 19 13 23 20 29 22 31 17 30 17 30 15 4 15 29 12 28 41 21 
39 29 31 15 16 26 21 24 22 17 25 18 25 24 21 25 21 27 21 17 18 23 28 31 11 30 23 38 18 15 28 41 14 18 24 27 19 30 23 19 19 28 21 26 30 35 25 26 26 34 24 13 18 21 12 19 16 30 25 23 
9 26 27 14 15 28 15 16 18 16 24 20 27 33 21 44 16 27 18 16 20 21 26 27 15 31 21 29 18 16 35 24 9 19 13 21 15 33 20 17 12 15 20 20 25 15 26 35 16 29 29 31 21 18 15 28 14 18 27 18 
28 37 17 16 23 18 20 18 13 19 19 23 30 32 22 32 25 39 14 17 20 32 19 15 16 40 33 20 14 14 28 24 18 27 18 11 32 26 30 21 16 24 16 18 26 32 21 36 14 36 15 36 19 16 13 21 15 33 26 20 
23 32 21 19 20 12 24 23 13 16 24 14 28 28 6 28 26 27 21 15 12 22 11 18 23 26 26 14 19 17 20 33 18 28 23 14 31 39 15 18 19 17 22 26 29 37 29 24 20 20 22 31 13 11 17 36 13 42 18 33 
29 31 24 16 17 25 22 40 16 17 26 21 21 28 10 23 30 27 21 16 25 10 15 14 22 24 14 22 16 20 13 22 13 29 19 22 24 40 18 26 14 24 20 20 30 26 26 32 19 31 19 36 12 11 16 18 17 36 23 22 
28 35 17 7 16 7 19 24 22 20 29 23 13 40 16 46 28 39 31 16 20 19 23 28 22 22 16 24 22 11 45 23 15 21 23 9 19 20 20 8 28 21 27 18 21 35 23 32 24 39 7 41 27 22 3 22 17 25 32 28 

MachineCapacities:
MachineID Capacity
0 10
1 10
2 10
3 10
