NumTasks NumMachines NumScenarios
20 4 1000
TaskDetails:
TaskID ReleaseTime ResourceConsumption SuccessorsCount Successors...
0 0 9 10 1 9 2 1 2 
1 0 5 7 5 2 2 6 8 
2 0 6 3 3 9 1 3 
3 0 7 2 4 4 1 4 
4 0 7 7 8 6 2 5 8 
5 0 1 7 3 7 1 6 
6 0 3 7 9 5 1 7 
7 0 3 10 6 6 3 9 10 11 
8 0 7 9 9 7 3 10 11 13 
9 0 3 9 7 3 2 12 13 
10 0 9 3 3 10 1 12 
11 0 1 2 3 5 0 
12 0 1 7 6 9 0 
13 0 7 9 10 6 0 
14 0 7 1 4 3 1 15 
15 0 8 8 3 10 3 16 17 19 
16 0 8 4 1 5 1 18 
17 0 6 4 6 8 1 18 
18 0 9 7 9 2 0 
19 0 6 1 5 7 0 

23 32 17 30 17 29 21 19 20 21 20 18 19 25 34 16 18 22 13 19 20 32 16 18 18 29 30 11 34 22 32 26 21 11 31 21 46 14 28 14 19 27 16 15 20 25 11 24 24 23 26 22 26 34 16 14 25 38 18 18 29 13 37 29 26 16 33 18 22 21 20 37 33 29 20 13 10 22 23 24 
24 10 16 20 19 20 27 20 21 12 18 22 22 13 36 20 12 23 18 17 35 19 14 25 24 9 20 12 14 17 30 36 21 28 25 18 14 21 22 15 33 26 20 21 30 17 31 20 20 26 19 29 15 27 24 16 14 19 18 22 10 20 37 30 20 12 28 20 15 22 20 14 37 31 34 18 26 19 19 17 
39 25 24 29 14 27 10 28 18 21 14 27 29 19 45 19 14 23 8 38 30 23 16 17 16 23 18 22 20 12 25 18 11 33 27 16 49 24 34 15 26 29 18 19 13 17 28 12 13 16 26 32 19 32 14 19 16 22 21 17 18 18 40 31 26 22 22 29 22 22 18 24 32 34 37 5 22 14 31 16 
39 18 21 43 22 33 37 35 16 17 10 20 35 32 38 19 22 19 12 18 27 17 16 14 17 39 24 11 18 19 19 24 7 14 29 19 41 20 31 16 31 34 17 21 20 17 27 11 36 27 24 18 15 16 11 19 22 29 21 26 15 15 34 19 27 26 53 18 8 25 15 10 23 41 49 21 18 25 35 17 
33 24 33 27 29 22 22 33 18 24 16 30 35 16 28 14 24 27 14 30 31 16 19 20 16 33 25 17 20 19 13 25 20 20 19 21 31 29 27 8 26 34 13 17 21 17 18 17 43 29 12 20 16 34 22 23 20 18 18 27 22 14 26 25 26 10 56 30 20 31 16 23 30 25 28 19 19 12 19 19 
38 20 21 35 21 37 11 25 19 10 8 17 41 31 27 16 9 9 12 28 31 25 21 18 23 32 18 16 16 16 19 25 21 13 27 25 22 19 23 11 24 35 15 12 19 21 38 33 24 28 35 15 21 41 22 15 18 37 23 7 28 25 26 12 31 9 40 16 27 16 17 23 21 13 40 18 13 18 20 22 
33 28 18 26 21 22 33 14 15 20 17 20 22 18 46 15 19 23 12 28 12 21 14 20 21 34 22 17 33 14 22 12 21 6 24 23 29 23 24 18 40 35 24 15 19 17 11 22 24 20 23 11 20 35 17 16 14 19 15 28 17 13 36 23 6 17 32 27 32 34 13 29 13 28 30 22 19 12 30 11 
14 17 24 19 16 25 31 30 8 9 11 18 29 10 15 17 12 38 8 38 22 25 14 14 12 38 26 17 26 16 18 16 20 26 29 14 32 32 40 12 13 3 25 17 16 23 35 26 28 22 40 12 15 13 14 13 19 17 22 15 15 14 29 26 10 13 11 25 31 36 10 41 21 29 22 21 13 11 16 9 
29 21 31 29 10 20 22 23 20 27 16 26 35 19 28 20 10 26 11 24 18 22 18 19 22 22 23 16 17 13 15 23 13 17 13 23 35 23 25 20 10 26 24 12 15 24 24 23 22 34 19 22 17 27 18 13 14 42 16 17 29 12 30 18 20 9 36 31 20 28 19 35 38 25 32 16 14 10 24 12 
32 17 22 24 28 12 33 23 18 19 11 26 11 19 49 23 22 28 16 38 17 17 17 22 23 29 20 25 18 15 17 11 17 26 27 16 19 20 33 15 18 42 15 16 31 13 19 14 33 37 31 25 30 32 17 8 15 26 20 27 21 21 24 19 33 9 32 24 21 22 25 10 20 37 30 19 24 19 33 26 
21 22 11 31 22 26 16 25 18 19 13 18 32 24 28 14 18 33 21 35 19 10 13 23 19 14 22 11 25 18 26 16 23 33 23 18 32 35 29 16 16 34 27 13 24 27 25 30 27 33 12 31 13 12 22 21 21 25 6 20 21 22 27 25 15 25 42 19 25 28 23 20 17 45 22 17 19 7 31 31 
39 22 28 29 6 19 22 35 27 13 16 26 25 26 14 17 27 20 19 37 13 24 17 19 9 22 20 11 20 19 31 28 25 23 25 20 43 27 26 15 32 28 24 15 24 16 26 16 32 29 31 21 19 33 16 24 15 24 16 18 16 18 35 13 16 17 32 24 18 14 25 25 25 28 26 13 17 24 9 15 
21 20 16 20 13 28 25 33 19 15 21 27 20 20 23 20 19 22 21 33 20 6 18 19 18 30 21 18 30 21 28 24 23 29 21 22 31 33 27 22 28 13 14 17 19 21 17 30 42 17 14 12 20 26 13 19 14 16 18 24 29 10 34 25 5 17 19 20 27 25 18 21 22 22 26 26 15 26 14 20 
15 14 21 28 22 20 25 34 11 17 18 17 28 28 42 15 23 16 19 15 33 24 18 30 22 34 29 24 24 13 18 36 7 30 27 23 15 31 34 16 17 33 23 21 33 24 30 22 31 29 23 20 22 24 14 17 17 29 16 24 26 11 29 27 24 25 41 22 12 16 28 28 23 37 26 19 28 10 33 25 
29 8 23 29 26 21 32 21 17 22 14 24 13 10 37 10 13 18 16 34 22 12 12 13 19 13 24 20 25 18 30 16 17 25 32 24 14 34 18 7 31 21 13 11 29 25 23 23 24 21 20 28 23 27 25 11 22 17 17 19 20 20 17 22 23 10 40 28 14 23 24 24 24 29 41 24 19 14 25 11 
22 13 16 31 24 22 25 12 15 15 19 19 36 24 27 16 19 36 17 24 25 18 13 17 18 14 23 17 33 19 29 19 14 25 23 23 35 26 32 11 27 2 25 16 28 26 28 15 39 18 18 23 34 15 15 20 20 23 17 20 20 14 28 14 16 18 27 32 18 22 17 25 14 22 32 18 12 23 32 27 
39 26 10 28 15 20 21 19 22 18 14 19 26 27 40 10 31 26 19 29 20 11 16 18 10 24 26 12 30 18 18 20 30 23 17 23 26 30 23 10 21 57 20 14 17 24 30 18 28 38 31 22 12 29 18 18 19 39 13 28 11 18 24 18 20 9 26 21 11 24 18 24 42 18 21 8 23 13 13 19 
30 21 22 22 27 22 33 35 17 17 16 23 24 22 34 21 5 30 8 23 29 30 23 18 18 31 35 20 28 16 24 28 16 21 23 20 39 26 34 16 26 31 25 12 28 17 22 16 26 27 27 22 22 32 12 20 16 31 17 6 8 8 30 21 11 6 30 18 18 40 25 33 34 24 32 18 23 10 29 17 
44 22 18 11 30 18 28 31 20 12 21 23 29 17 36 13 14 32 11 22 9 23 13 14 24 26 24 7 23 16 20 24 13 17 30 13 32 23 14 12 29 29 27 17 26 18 25 21 37 28 32 18 8 28 21 28 22 38 19 14 20 10 31 19 21 18 20 33 12 19 26 12 36 25 14 19 30 10 9 20 
26 27 8 34 16 23 26 13 18 12 8 16 30 20 18 11 28 21 18 35 27 19 20 18 18 30 38 27 25 19 14 30 15 27 22 17 21 25 31 8 21 29 24 19 26 17 32 28 25 29 8 6 11 27 13 18 15 35 6 26 17 13 34 21 22 15 29 25 11 21 21 22 32 31 49 12 18 18 13 27 
21 16 12 22 13 32 32 38 18 21 14 19 18 21 22 23 15 26 13 33 21 7 19 17 11 25 33 12 20 18 31 35 17 15 37 20 33 23 22 20 28 25 13 11 29 12 34 25 26 21 34 15 27 29 23 17 22 16 16 13 22 16 46 16 17 21 18 19 21 24 18 20 34 39 37 17 24 16 35 22 
25 14 16 31 16 32 34 27 11 16 18 15 22 24 25 22 14 24 18 31 15 17 18 14 26 19 28 25 9 16 12 25 27 21 31 20 26 37 27 10 33 26 23 16 20 21 24 31 25 26 27 22 18 33 17 24 24 25 16 17 18 17 40 17 24 11 28 23 24 24 18 30 28 26 24 16 23 18 21 21 
38 17 24 12 5 29 26 17 18 16 11 21 35 17 38 22 11 27 16 23 18 19 23 20 15 26 28 10 25 12 30 21 22 28 26 20 30 29 30 17 28 41 19 6 7 15 31 28 33 27 19 12 29 24 28 23 20 30 13 23 19 6 13 22 16 16 29 16 9 30 21 29 35 27 28 5 20 22 30 17 
41 16 29 26 23 20 37 22 20 16 15 22 13 19 27 13 10 19 17 35 12 9 16 20 16 28 41 16 9 22 25 19 18 23 38 19 12 43 16 23 37 19 22 15 15 21 21 16 41 21 13 16 9 33 23 19 15 22 21 24 13 19 15 18 17 8 30 29 29 27 21 31 27 39 31 27 18 14 24 14 
37 13 18 31 30 28 24 33 19 14 14 30 33 18 24 13 19 21 16 22 10 15 17 26 10 36 18 13 16 20 29 25 15 20 39 22 32 23 19 15 22 35 31 24 20 24 48 14 33 18 13 12 16 21 17 22 26 29 15 18 20 13 25 10 26 21 16 21 11 26 21 45 24 26 20 14 17 15 34 19 
41 16 33 21 18 21 26 15 19 9 13 25 15 27 40 16 22 18 23 22 19 20 13 19 18 38 40 16 32 15 25 23 30 17 35 19 29 38 18 19 34 14 26 17 8 33 21 13 26 17 12 18 28 7 10 13 28 34 12 17 22 20 29 19 31 19 29 20 15 31 21 27 16 32 26 20 21 14 25 7 
32 22 42 20 24 24 20 25 11 17 11 19 37 19 35 11 26 41 13 42 31 17 19 22 24 22 29 24 34 16 18 31 25 27 20 12 15 28 24 16 20 35 29 15 28 33 29 11 33 30 24 19 11 26 19 20 28 28 16 30 24 19 36 30 14 15 30 11 23 44 18 29 29 19 30 24 35 26 23 14 
33 20 20 29 18 10 35 26 23 11 13 25 56 23 26 17 29 16 20 34 20 22 6 21 16 25 19 18 24 19 35 28 15 27 25 4 32 26 24 19 33 28 26 12 23 15 25 8 25 31 12 34 24 30 18 14 12 27 13 22 27 22 32 14 29 14 29 20 15 32 17 20 25 38 36 17 29 13 32 19 
34 16 25 16 16 23 17 21 17 16 15 13 33 25 42 15 20 24 16 34 13 14 14 23 20 7 27 23 25 18 25 26 20 27 24 20 55 38 32 17 20 26 18 21 14 14 30 7 38 31 21 31 19 25 12 15 15 44 13 20 15 18 36 20 23 14 29 21 16 31 18 21 34 28 32 17 8 19 25 20 
36 24 18 20 19 29 29 16 18 14 14 20 20 29 40 11 30 38 17 16 12 23 12 19 9 31 20 24 21 19 25 23 22 28 24 27 29 40 23 12 23 27 6 13 23 22 34 18 31 27 18 26 24 33 18 13 21 40 24 19 8 15 16 18 10 21 31 11 18 31 19 22 36 29 35 13 31 12 29 11 
41 22 34 17 22 22 22 18 17 3 10 20 28 15 23 14 10 18 13 32 16 17 16 28 14 25 35 17 16 18 23 15 30 19 4 21 39 40 14 13 33 29 27 11 18 15 24 31 31 27 18 27 26 22 19 18 17 40 21 28 15 17 25 33 17 12 27 28 16 25 19 26 31 36 36 16 22 6 37 11 
28 15 27 14 25 19 23 21 5 21 15 13 28 17 48 16 18 36 13 28 23 20 16 22 14 31 21 14 29 19 20 25 7 29 36 15 44 34 15 9 22 37 12 19 23 20 39 22 31 14 24 15 17 29 19 21 18 20 24 23 24 12 27 13 18 10 30 25 27 16 18 17 26 18 23 14 23 12 24 23 
24 13 31 18 19 21 27 17 23 15 21 17 37 24 16 17 19 30 11 27 17 18 13 18 15 23 22 19 21 14 13 25 22 14 27 18 32 32 11 10 15 27 29 16 11 28 25 21 20 27 23 22 19 44 28 26 15 41 28 23 27 16 19 30 14 17 32 13 7 39 29 28 33 38 25 24 24 18 28 9 
19 15 31 21 7 29 11 17 12 16 14 23 25 35 23 17 20 22 18 24 17 24 22 21 20 38 18 23 12 21 18 20 30 17 31 26 20 26 31 15 18 42 13 14 26 17 24 14 29 18 23 25 21 24 24 9 20 27 13 26 27 19 24 7 26 9 29 29 18 25 18 26 18 27 20 24 21 27 13 13 
38 23 13 38 27 21 19 27 18 18 15 21 31 29 12 12 17 29 20 32 22 34 17 19 10 28 30 23 12 21 30 33 17 28 29 17 32 23 22 20 30 47 13 9 15 32 18 22 20 37 30 22 27 16 17 20 15 31 24 15 20 24 22 26 24 20 25 15 18 19 17 24 39 26 39 19 28 19 30 18 
24 13 26 26 16 29 24 21 9 17 13 16 16 18 23 20 13 38 17 31 21 27 16 15 8 34 23 17 24 16 32 40 22 28 23 11 9 21 20 16 19 28 18 17 19 4 24 23 32 26 21 28 16 28 22 19 23 24 16 25 22 14 37 24 16 17 23 19 14 23 26 30 33 42 29 18 22 16 35 15 
39 22 15 18 8 19 39 31 11 11 21 15 38 17 18 13 28 44 21 24 25 19 19 17 15 22 14 16 25 18 23 32 15 20 23 22 25 30 27 15 19 10 18 22 22 25 19 4 27 29 30 7 32 30 15 10 17 28 16 16 15 14 21 19 18 17 34 18 25 17 21 26 30 33 32 27 29 15 33 19 
23 24 33 24 25 30 16 35 18 17 18 26 33 26 17 13 28 35 12 20 21 18 21 22 23 23 28 24 15 19 29 28 14 27 11 23 42 32 21 11 26 14 14 16 25 19 28 12 29 26 15 33 14 31 14 13 20 26 22 23 27 11 25 18 17 27 43 28 27 21 17 14 24 32 26 29 20 21 16 23 
34 6 18 26 21 17 40 22 25 16 13 15 34 35 26 18 13 34 19 27 9 20 17 22 27 32 7 26 15 14 17 35 29 26 22 16 39 26 25 13 26 28 16 18 20 20 28 24 16 33 12 15 19 10 8 15 9 23 29 25 15 23 35 23 23 23 32 23 16 33 21 18 19 26 25 24 29 28 19 8 
25 17 22 33 24 31 37 13 22 14 18 15 35 28 35 18 23 24 18 32 23 21 17 17 18 38 14 16 20 24 37 17 14 38 26 17 32 23 8 25 30 28 20 18 15 28 9 18 29 20 24 20 15 15 18 18 9 34 20 30 25 22 23 29 18 30 16 25 23 29 13 34 41 36 22 11 18 20 33 19 
26 13 19 14 17 14 28 19 19 19 12 24 11 23 37 18 8 26 17 21 21 24 20 18 18 39 26 16 26 15 21 18 13 17 35 12 25 36 25 20 25 40 14 9 21 16 17 27 28 29 24 16 14 13 12 10 18 35 30 25 23 23 26 14 9 25 37 17 24 28 23 28 42 27 24 28 12 16 34 22 
27 13 16 23 27 21 31 28 12 16 13 25 43 11 37 15 26 34 10 20 16 32 17 21 21 21 28 18 16 13 27 16 24 34 21 12 24 32 22 19 18 18 23 17 10 12 24 20 30 13 12 24 15 29 20 18 16 22 15 22 20 16 30 26 26 9 25 21 20 16 22 24 35 22 33 19 23 22 24 21 
8 30 28 18 27 20 12 15 20 13 19 17 18 13 31 24 18 24 14 22 24 27 9 14 19 35 20 21 22 9 35 29 20 24 33 17 40 28 24 19 19 29 13 11 32 23 18 16 33 23 15 28 20 19 15 10 17 39 12 21 23 19 22 21 25 18 19 20 17 27 26 23 29 30 12 20 24 10 15 17 
33 21 23 37 17 17 15 29 24 19 17 20 18 19 19 24 25 19 17 10 22 19 20 14 27 25 29 13 35 21 11 28 17 32 18 13 26 33 21 17 32 36 27 10 32 33 27 13 12 17 16 36 13 19 16 6 16 23 14 21 20 17 28 19 19 13 39 29 19 26 14 17 31 35 20 14 23 9 32 23 
24 17 25 24 22 30 15 31 16 24 12 22 34 28 49 9 34 13 17 23 16 19 10 17 19 30 22 20 19 21 8 27 19 37 22 19 17 25 20 21 21 21 18 19 14 24 44 16 22 25 18 17 15 19 22 14 15 31 17 23 22 11 21 35 18 21 30 25 22 37 22 22 17 13 23 13 19 25 23 19 
35 15 19 38 31 19 27 25 19 25 20 18 18 25 31 15 25 6 23 26 29 16 15 19 21 25 22 29 18 16 43 32 16 24 25 15 36 40 20 14 18 39 18 12 24 21 25 27 35 37 23 25 16 39 16 18 22 35 25 14 26 11 25 21 28 10 45 18 22 40 16 16 12 37 43 22 27 10 17 21 
27 32 11 31 25 27 23 21 17 21 13 19 25 29 16 18 22 40 15 21 24 17 12 24 26 4 28 15 20 15 19 31 22 20 25 12 29 27 37 22 24 15 12 15 36 20 31 22 25 26 23 30 24 23 25 14 16 46 23 31 12 9 34 21 15 14 25 8 34 22 14 25 36 35 24 14 23 9 36 13 
31 24 21 21 20 4 21 21 16 21 12 20 19 22 10 14 25 30 18 30 15 22 19 18 18 28 26 21 29 20 31 29 24 27 27 10 34 18 34 21 19 43 20 18 32 7 25 23 24 25 15 15 18 26 17 18 15 28 19 17 25 11 33 34 20 23 43 19 27 21 28 22 21 28 35 23 23 7 27 19 
23 24 20 30 10 27 30 29 20 15 18 21 34 17 24 18 18 24 18 33 17 25 11 31 31 25 34 11 15 9 21 27 23 24 15 19 21 20 24 12 26 19 10 12 15 12 29 26 23 29 31 24 25 29 24 16 21 26 27 23 32 20 33 16 29 15 38 27 33 37 11 34 37 41 31 18 28 14 21 13 
36 22 38 22 20 29 27 30 24 19 12 13 34 17 18 13 9 37 16 33 18 23 14 22 19 34 32 22 13 21 30 21 23 18 28 15 40 29 23 19 35 33 29 17 26 19 32 21 24 31 23 24 22 33 15 18 16 25 16 31 8 20 21 31 14 17 34 21 28 24 23 16 37 23 23 27 23 10 32 15 
28 14 24 28 28 29 19 35 12 17 12 24 27 24 28 18 27 16 9 23 21 22 12 19 20 27 31 20 16 13 21 14 17 28 16 16 36 29 19 16 37 16 24 11 11 21 20 21 34 34 25 20 22 33 23 9 25 29 18 16 19 20 19 22 26 16 26 15 13 29 27 48 12 37 31 19 20 12 11 30 
33 14 19 33 12 24 19 21 20 14 15 11 28 26 10 11 23 26 16 23 18 15 11 20 22 35 25 17 18 11 16 30 20 24 34 24 26 27 35 18 21 42 21 22 28 19 14 6 26 34 32 25 19 11 18 12 15 30 9 23 33 16 28 17 17 25 15 11 18 15 22 28 20 34 30 22 17 22 24 20 
39 12 17 23 19 29 25 28 14 15 15 16 27 29 28 16 23 27 21 6 13 10 16 28 17 32 30 23 22 13 24 19 23 26 29 16 18 35 29 8 34 26 18 21 10 13 22 20 17 32 25 26 14 36 13 11 19 22 14 26 20 15 30 15 25 12 36 26 30 24 30 26 31 26 25 19 24 5 25 22 
20 18 21 22 38 36 38 24 18 18 19 23 27 11 27 12 16 29 16 28 15 11 12 20 16 46 19 17 27 21 39 22 25 9 21 8 13 31 30 19 27 32 14 13 25 26 21 20 27 22 18 15 12 29 21 20 19 29 13 18 18 19 16 18 14 13 33 9 28 23 13 20 47 31 21 17 15 17 14 18 
40 23 18 20 33 19 15 23 20 11 16 17 18 16 36 13 25 33 17 28 23 14 19 16 31 29 34 19 18 17 21 25 21 25 12 19 36 16 20 12 34 30 18 11 24 10 19 12 35 33 19 28 10 29 26 26 18 35 17 18 12 17 19 14 18 13 43 16 23 29 10 24 26 32 45 19 17 16 21 12 
19 11 12 31 22 24 26 22 7 19 20 22 33 25 26 24 19 14 23 34 16 14 17 27 23 16 34 23 26 14 34 23 14 15 30 16 31 22 17 16 36 30 26 15 18 21 36 32 29 13 27 19 29 26 17 18 17 31 9 18 25 16 22 22 19 20 22 24 21 40 12 33 35 24 41 19 31 22 17 24 
35 12 26 30 15 29 28 36 18 8 20 32 22 24 22 17 25 25 21 23 23 25 19 19 19 24 24 24 20 19 21 12 17 31 38 17 35 25 19 15 25 35 27 17 24 25 16 10 25 11 25 8 21 31 17 18 18 17 21 29 22 22 46 13 22 19 29 20 11 30 27 39 27 31 20 26 32 15 32 23 
21 25 16 22 14 24 21 35 22 20 13 18 28 21 37 12 24 23 15 32 22 24 8 16 24 24 7 13 25 18 35 25 18 22 29 13 28 13 23 12 32 34 24 14 29 22 30 23 30 45 29 20 11 24 25 23 13 20 15 25 24 25 14 20 24 21 25 27 24 14 27 18 23 27 37 21 24 19 19 20 
23 5 22 24 23 38 38 8 22 18 19 22 37 7 31 23 26 30 24 33 20 23 15 16 10 29 24 19 18 11 27 25 12 23 18 30 33 32 20 17 29 17 25 11 20 21 26 20 24 22 28 17 29 21 21 13 19 48 20 27 23 16 24 19 26 18 34 24 19 33 22 4 34 36 22 22 29 16 28 19 
25 15 14 30 26 21 11 7 17 21 24 13 49 17 17 17 31 31 17 40 6 15 14 15 13 33 19 19 16 14 25 16 14 19 10 21 27 26 30 15 41 38 5 14 14 21 27 4 28 35 26 25 28 20 17 20 19 26 17 24 23 10 23 23 16 21 35 32 20 20 29 28 32 22 39 18 18 5 27 12 
22 26 37 31 14 23 22 15 16 22 12 17 44 25 37 9 17 22 14 35 27 20 17 17 28 27 39 26 14 22 30 14 18 32 26 9 37 36 24 12 20 20 9 24 16 17 35 25 26 30 22 24 14 25 27 15 23 30 19 18 22 21 25 15 21 20 23 22 24 35 11 31 46 43 18 28 13 20 30 6 
29 19 30 36 23 23 19 16 20 12 9 27 21 25 34 19 24 34 15 28 20 19 20 27 19 31 13 18 25 13 35 24 18 22 29 21 28 15 23 18 20 18 15 21 17 14 25 26 17 24 5 24 23 24 26 15 11 35 12 23 19 19 34 17 18 10 36 27 15 27 15 19 25 38 30 21 26 18 19 24 
19 26 28 33 28 24 32 28 13 14 25 17 27 15 32 15 25 36 23 35 21 17 11 25 16 28 25 14 19 16 18 15 23 31 31 16 31 24 27 22 32 10 17 12 20 25 33 11 39 32 14 18 22 11 22 19 19 36 22 23 17 17 33 29 15 15 31 24 35 18 20 23 29 26 47 22 24 14 24 17 
32 22 32 21 16 29 15 28 16 23 13 14 30 30 40 14 31 26 9 23 19 10 13 21 16 39 20 9 22 16 30 29 19 21 24 21 29 19 28 9 18 24 32 11 22 18 31 22 14 29 31 24 16 12 24 17 19 33 12 23 34 16 26 27 21 15 27 19 27 19 20 23 23 22 33 20 23 23 31 19 
31 10 21 19 19 22 15 35 20 13 14 12 39 19 23 18 27 23 18 21 25 16 17 17 27 38 19 20 23 18 29 14 22 44 13 18 30 27 22 11 8 32 36 5 27 26 38 23 8 19 36 22 18 24 19 21 19 18 22 15 21 17 37 10 15 17 28 28 20 16 8 24 30 41 40 24 16 16 29 27 
25 14 26 20 32 22 30 22 21 11 14 18 35 15 20 12 23 16 17 29 16 25 17 17 10 32 25 19 27 17 29 31 30 27 40 15 33 35 19 10 19 25 23 13 11 19 41 18 30 32 32 27 17 19 27 22 15 24 22 26 12 25 51 20 17 18 14 15 14 29 22 17 34 36 25 13 18 18 38 28 
18 25 11 28 23 33 22 15 20 12 20 19 18 28 39 9 16 24 16 31 20 13 16 26 20 31 19 18 20 18 16 22 28 21 20 19 28 20 9 19 16 21 10 15 23 13 37 24 40 23 48 13 29 30 31 7 20 39 13 15 14 8 27 14 19 25 23 32 15 23 24 20 24 44 41 15 14 12 14 27 
32 24 20 22 18 30 22 23 17 16 9 17 36 27 29 16 11 37 24 21 23 11 19 23 24 27 42 13 20 16 17 35 27 10 16 5 18 32 27 16 26 22 20 15 8 16 34 29 22 23 34 24 24 21 24 16 23 30 24 18 17 13 15 17 24 22 13 14 14 15 13 18 30 35 42 19 20 22 26 22 
28 15 24 23 27 29 28 24 21 11 16 12 32 21 36 17 19 26 18 27 28 22 15 14 19 17 13 35 30 13 30 15 23 22 36 22 36 23 32 17 19 14 15 16 9 20 15 13 23 31 29 16 16 20 23 17 21 39 16 13 21 16 32 26 24 25 26 15 26 33 16 31 28 24 35 26 31 9 31 17 
53 12 16 26 19 20 25 30 16 19 20 24 32 22 22 14 13 36 12 28 22 14 12 17 21 29 22 15 21 14 19 26 23 23 18 13 42 15 22 15 26 16 17 10 17 16 19 15 16 26 25 35 26 29 30 7 16 35 19 17 25 19 17 15 25 19 23 14 20 26 17 27 20 22 15 17 20 17 24 20 
20 13 17 23 12 25 20 10 16 10 15 17 30 27 27 17 32 24 14 33 28 9 14 21 19 29 33 14 28 23 28 23 18 17 28 30 41 34 22 16 12 34 22 15 22 24 38 22 32 26 16 9 17 40 19 13 14 35 18 24 22 13 24 28 11 15 25 11 24 32 28 31 27 40 19 15 26 24 20 15 
24 15 22 31 14 30 21 29 20 18 16 28 21 16 30 14 20 22 14 35 33 22 13 20 22 24 28 23 22 18 19 18 15 25 33 18 40 33 19 16 28 36 25 9 14 21 31 22 29 19 14 36 28 19 21 11 27 35 21 18 18 19 14 19 10 15 39 23 21 23 9 31 24 17 23 26 24 16 24 17 
25 12 14 27 20 24 23 27 20 15 15 7 32 23 27 13 16 31 14 20 18 22 13 22 25 37 24 10 28 15 14 27 21 22 30 21 36 30 22 14 19 37 18 14 5 19 20 30 15 26 21 25 20 35 16 16 17 25 22 23 32 18 14 27 16 23 31 20 21 28 21 27 27 31 19 10 23 7 19 22 
38 11 25 30 21 24 26 18 10 20 10 22 38 17 30 19 13 23 13 20 23 14 11 21 21 25 32 16 27 18 24 31 23 21 19 19 26 22 18 14 15 30 19 9 20 15 21 24 28 15 24 27 27 26 21 15 20 14 18 18 26 19 31 22 26 9 33 24 25 11 11 23 21 35 24 26 17 23 22 16 
46 11 21 31 29 26 25 21 19 22 13 19 42 28 29 21 20 26 17 30 29 24 24 16 15 17 13 23 20 18 31 21 19 27 22 17 39 20 12 13 27 24 22 19 20 18 25 13 22 22 21 34 21 29 31 23 19 27 15 14 26 14 25 17 19 23 43 23 11 22 18 19 21 22 27 25 9 15 24 21 
18 16 31 36 10 15 31 31 11 17 13 17 29 6 40 9 24 15 19 23 22 17 12 25 24 22 16 11 23 18 27 30 18 20 24 8 45 43 31 13 21 42 19 14 26 11 31 23 25 42 33 20 19 34 16 19 16 37 16 22 23 11 36 24 19 24 32 24 24 21 18 37 31 32 32 19 24 20 34 17 
20 12 5 20 21 21 23 31 22 17 9 11 30 11 44 16 18 18 12 34 18 25 11 14 20 40 31 14 28 15 21 11 29 16 18 16 20 25 29 18 28 27 21 11 19 15 28 17 34 27 22 27 20 16 16 14 19 31 13 16 23 19 33 29 16 17 23 19 23 15 26 28 16 38 39 19 19 25 20 21 
10 19 24 29 23 29 19 23 15 20 12 18 28 14 26 12 32 30 6 38 22 15 21 16 22 30 17 16 28 14 26 30 24 36 28 10 25 36 19 18 12 30 16 18 18 15 35 21 24 27 28 28 22 30 30 15 21 47 20 21 17 13 28 26 23 17 20 23 11 24 27 25 24 22 18 20 22 19 20 24 
22 10 15 25 29 23 33 24 20 13 11 17 16 26 27 15 23 14 10 23 19 27 14 25 16 22 26 20 20 10 16 33 9 22 14 17 36 25 27 22 19 12 20 14 15 14 20 21 39 27 26 24 23 18 25 21 6 28 19 22 22 15 33 14 20 25 4 26 24 14 22 27 24 23 34 19 27 16 14 17 
25 23 19 15 20 10 37 32 17 20 15 17 28 20 39 19 17 29 18 23 17 20 14 20 20 23 24 14 15 13 30 26 24 23 19 18 27 30 36 18 22 33 16 5 26 13 19 16 23 23 14 19 31 20 18 19 21 14 17 25 24 14 28 15 14 9 31 18 28 18 6 26 21 39 15 25 14 15 25 10 
40 18 33 18 30 26 14 34 17 22 12 17 33 28 16 15 10 14 16 25 15 17 12 19 18 31 20 24 24 15 37 23 20 18 15 21 17 18 19 25 30 6 16 19 27 26 24 19 16 34 14 27 24 26 29 11 9 40 29 21 19 19 29 25 29 18 9 21 21 11 21 33 46 26 23 12 32 16 30 16 
23 20 18 16 26 18 27 18 14 17 19 24 21 25 25 19 19 21 18 30 17 17 12 16 4 31 37 15 24 15 31 18 21 37 21 21 30 13 38 14 23 30 36 19 24 15 27 25 9 31 39 13 20 24 19 14 28 28 21 18 22 14 34 33 28 23 38 30 22 27 18 28 34 31 40 20 25 15 27 15 
27 23 32 42 24 15 26 20 15 18 9 17 31 24 14 19 18 23 8 20 18 24 12 14 22 25 42 20 19 22 38 31 13 22 33 6 19 15 22 18 15 25 28 15 18 16 24 30 23 30 35 10 27 31 13 20 21 46 20 16 14 19 24 26 16 18 28 20 15 20 17 18 23 23 25 19 15 18 29 18 
26 21 30 35 24 19 27 28 19 18 14 19 25 23 28 22 19 25 13 14 29 19 19 30 16 26 26 14 16 22 26 10 27 36 24 19 36 31 18 14 24 26 24 16 16 17 27 25 15 16 22 33 18 28 23 19 17 33 12 27 22 11 23 16 24 16 18 24 19 23 21 26 31 28 30 16 21 14 25 29 
27 16 26 19 11 14 21 20 16 22 14 18 19 19 25 10 21 36 18 32 18 20 16 23 23 26 19 16 17 16 29 17 30 30 14 12 16 18 14 20 27 28 19 13 21 16 30 23 45 33 22 25 23 25 17 14 25 35 23 16 24 19 15 19 16 10 36 19 18 23 8 26 26 16 24 13 22 16 21 22 
29 22 26 33 19 22 24 16 27 21 16 13 32 17 25 22 17 22 10 31 11 23 17 21 23 20 22 14 18 19 24 22 18 33 30 18 14 20 24 12 20 20 27 20 21 14 28 18 27 23 28 20 12 32 20 22 17 33 20 25 14 15 22 20 22 22 43 17 11 16 27 31 34 36 29 22 27 19 21 12 
29 13 34 34 14 22 30 37 12 18 17 21 46 19 32 15 24 27 18 22 28 28 19 15 21 35 18 27 18 16 14 26 25 23 16 15 20 24 24 14 15 27 10 9 21 23 19 31 21 34 25 25 24 28 9 11 24 27 16 17 22 16 36 23 22 16 34 18 21 26 27 11 23 33 36 19 27 17 15 21 
33 21 28 25 34 16 41 19 24 14 18 18 20 14 21 24 21 40 18 30 17 24 12 20 16 26 21 16 31 17 28 22 21 26 15 17 28 30 25 20 21 29 25 13 31 21 21 19 38 23 18 27 16 30 24 9 21 31 16 32 5 20 43 17 23 15 25 23 28 16 11 36 37 27 29 14 27 15 25 18 
40 12 22 32 11 17 23 33 22 20 15 10 31 17 54 15 23 33 18 26 33 16 19 13 22 17 21 25 26 14 25 8 14 24 10 22 35 31 10 15 29 22 22 20 13 23 27 22 28 32 18 26 22 15 18 16 16 56 19 34 14 19 30 18 13 18 25 21 21 13 15 15 32 22 33 14 22 22 23 15 
31 15 22 27 27 19 21 23 16 10 16 26 39 22 14 9 23 20 20 22 9 36 18 24 13 40 26 21 27 24 29 23 29 23 21 20 44 32 22 17 26 33 24 12 24 25 29 22 10 27 24 10 23 22 25 9 19 33 20 24 17 14 35 13 15 19 39 15 20 32 19 24 19 35 25 19 20 16 18 14 
30 16 26 34 24 24 33 25 15 13 15 16 44 28 38 14 18 20 21 19 20 35 14 22 15 32 18 23 13 15 14 25 9 15 18 18 29 33 23 7 24 24 29 11 17 12 31 16 46 20 32 30 31 29 23 18 19 34 21 23 18 18 30 12 24 17 37 28 31 29 16 18 21 22 33 15 29 17 14 19 
28 20 19 18 38 21 28 27 7 16 13 17 40 17 27 24 26 16 14 42 17 22 19 21 16 30 27 15 27 20 22 25 18 39 23 14 36 13 29 17 39 27 28 8 19 15 25 28 27 24 12 26 18 26 30 13 26 28 25 23 14 17 27 20 26 26 15 20 17 21 10 23 26 29 13 21 23 19 20 20 
23 25 30 21 36 34 15 28 18 13 16 21 16 27 22 15 17 26 15 25 17 16 18 18 17 21 17 25 31 22 21 14 20 24 18 17 22 41 25 16 21 36 31 12 25 9 45 18 29 24 24 23 26 24 19 16 16 5 28 14 11 17 27 23 20 26 32 21 14 25 18 29 20 46 33 9 17 21 28 16 
14 22 41 25 35 24 19 25 13 15 14 20 17 21 43 20 20 32 15 24 19 14 13 18 10 34 33 21 14 15 32 34 26 18 21 20 19 31 32 23 32 37 19 12 14 25 40 22 20 17 17 22 16 22 24 14 24 37 6 20 28 15 37 21 16 18 31 26 24 39 20 32 25 26 42 26 23 7 33 14 
37 16 19 34 21 27 26 25 27 18 12 14 42 27 30 21 24 9 20 16 18 16 15 18 21 33 22 15 28 13 33 24 20 21 41 19 37 40 17 15 22 41 12 18 18 18 23 17 38 21 29 22 18 14 14 18 20 33 14 19 18 13 22 20 24 10 33 32 18 27 18 22 44 27 20 17 33 11 18 25 
26 17 16 14 21 27 28 16 22 21 12 30 27 22 5 16 24 29 16 23 23 39 12 14 17 36 27 23 32 19 25 35 20 22 14 15 19 24 26 18 22 26 22 15 13 13 23 20 26 24 28 21 20 18 17 12 16 31 19 27 24 19 17 17 33 19 9 20 21 27 23 26 22 33 23 22 30 22 32 22 
18 11 23 31 19 27 24 16 27 9 11 11 26 25 44 10 19 16 19 18 13 23 18 13 18 34 31 16 25 15 30 27 19 28 31 12 26 30 26 17 21 26 15 11 25 19 31 27 22 21 18 26 7 29 17 17 9 18 18 22 23 11 26 17 19 9 32 26 27 34 27 27 39 42 30 22 18 14 37 18 
37 6 29 23 15 24 38 28 22 13 20 18 31 22 34 14 10 23 14 26 22 36 17 19 13 31 27 19 25 15 29 26 20 15 19 12 14 17 31 19 17 25 27 9 10 14 30 25 43 28 15 29 24 22 27 18 14 39 19 18 19 11 25 26 13 19 27 27 25 7 23 29 20 33 32 16 22 25 17 17 
26 28 11 38 27 28 17 36 17 11 6 14 38 20 43 18 23 35 13 24 23 24 22 25 18 22 22 27 27 14 16 24 14 20 35 19 38 34 31 13 31 22 29 16 30 16 29 16 26 29 33 31 22 25 15 18 18 17 20 29 27 20 36 14 18 16 19 33 20 25 14 23 27 26 32 21 19 21 27 27 
40 10 11 27 18 22 22 31 15 11 17 12 23 20 17 19 30 27 12 27 28 21 13 20 22 35 24 26 24 23 26 22 29 28 16 25 42 29 25 16 21 40 18 8 17 14 40 19 39 26 7 24 27 26 19 18 31 16 16 31 21 22 37 27 18 16 25 23 25 35 24 25 25 17 30 22 26 10 27 19 
33 23 34 34 9 26 26 29 17 17 12 15 16 34 36 18 29 40 19 22 20 16 13 22 10 15 15 12 20 16 20 17 15 15 33 15 22 35 39 15 22 35 14 11 23 15 25 26 25 30 21 21 14 26 19 14 19 31 20 16 18 13 47 29 22 19 9 16 27 29 15 32 29 15 20 22 24 13 24 17 
39 9 26 20 22 27 27 25 22 14 14 10 31 12 25 7 22 15 13 34 28 20 18 26 13 34 18 13 24 13 30 18 16 31 16 21 6 18 14 18 22 33 20 12 14 24 19 26 39 33 42 16 10 29 14 11 18 33 21 12 14 14 33 26 13 25 32 25 31 23 9 20 26 28 32 29 28 20 23 24 
23 24 25 30 30 20 16 24 16 21 12 13 27 14 38 16 32 15 19 34 16 14 14 9 14 23 20 17 24 10 27 41 31 22 30 19 45 23 15 16 24 24 23 22 25 20 11 18 28 27 21 23 23 23 23 20 13 30 22 12 14 19 14 22 25 20 15 28 23 22 23 26 21 30 13 20 21 18 19 18 
29 18 39 27 24 22 17 36 29 20 14 11 23 16 29 15 23 29 11 24 29 16 14 11 24 44 34 16 18 16 25 31 24 25 28 19 25 26 29 15 29 34 21 21 24 17 13 26 32 31 30 28 14 28 22 20 28 41 29 15 32 19 32 14 18 13 32 23 11 21 18 27 33 29 35 27 12 22 16 13 
23 12 23 36 28 18 29 38 16 16 18 5 26 31 23 22 22 20 15 31 19 14 24 18 15 17 20 14 24 19 39 24 22 38 33 12 40 11 17 17 33 31 24 6 27 18 35 17 24 13 18 24 35 25 20 6 19 16 16 21 23 12 36 23 23 25 24 12 16 25 20 18 20 18 33 22 29 18 31 22 
18 13 11 14 25 29 27 15 13 21 3 28 34 37 41 21 21 31 21 33 20 17 22 8 8 18 21 15 16 19 16 33 13 20 35 15 35 20 24 18 23 19 22 22 22 16 43 32 11 39 18 22 21 27 23 18 10 23 18 14 26 18 27 14 18 22 40 28 14 27 17 40 21 33 14 20 21 17 22 15 
21 16 21 22 18 21 23 33 14 16 14 25 12 17 21 19 29 31 17 28 16 19 13 14 16 25 41 19 22 23 31 9 15 15 29 18 24 38 26 14 36 26 23 17 26 23 31 19 27 9 28 21 17 24 17 11 18 45 31 18 24 20 21 23 12 9 23 26 25 28 12 23 32 17 22 12 36 18 34 14 
35 19 26 20 21 31 25 37 14 18 12 13 25 16 28 10 15 19 13 37 27 19 7 17 16 36 27 20 14 15 34 16 15 27 21 18 26 19 19 7 26 30 16 20 15 20 29 29 13 25 19 17 23 21 24 12 13 42 15 23 18 17 35 33 8 24 32 19 19 25 14 37 34 27 28 19 12 16 26 19 
25 14 29 16 12 27 25 20 12 24 17 21 22 12 51 17 23 17 15 22 22 14 15 20 22 25 28 23 23 17 30 21 19 34 19 13 12 11 26 13 26 30 15 15 21 30 26 28 26 32 27 28 23 22 20 17 18 29 19 19 17 18 32 30 16 12 49 28 9 24 14 17 15 39 35 13 29 22 29 26 
35 16 23 29 22 22 20 13 17 20 17 21 37 7 30 20 21 23 14 37 22 21 19 23 9 42 28 22 10 19 24 31 23 24 28 15 30 27 15 21 23 19 15 10 13 21 27 26 44 24 22 13 16 41 7 5 15 32 16 5 27 18 18 14 14 12 33 20 17 41 23 19 40 29 46 21 25 7 29 18 
19 7 16 26 16 21 28 25 14 13 17 23 20 17 35 13 21 33 16 25 19 31 14 20 14 31 27 16 20 18 33 28 20 31 19 16 36 13 35 18 23 25 21 16 19 23 33 18 29 30 18 26 10 21 13 6 20 31 19 23 29 14 24 36 23 17 26 21 23 23 17 17 41 36 34 14 13 17 26 19 
29 10 26 31 25 22 20 33 20 7 17 12 17 21 24 17 19 20 19 30 21 16 13 15 6 32 23 6 20 11 28 35 7 26 36 19 24 34 27 19 27 31 32 19 22 16 29 14 32 25 26 37 22 28 13 19 13 38 23 15 23 18 30 11 23 20 19 26 17 40 14 33 40 21 33 22 21 16 29 24 
49 18 20 14 14 28 31 14 16 15 21 22 40 25 48 20 22 30 14 32 22 28 17 22 20 28 42 24 6 11 30 22 14 28 30 20 40 25 19 5 29 27 31 16 13 20 42 18 37 18 16 22 16 28 18 18 20 23 16 23 20 19 34 28 22 16 11 12 19 21 14 26 35 33 43 28 16 14 26 16 
34 20 22 22 18 19 29 24 11 15 23 17 27 9 38 22 28 31 13 29 9 30 13 13 19 28 33 17 21 20 28 26 26 27 9 25 29 26 26 11 20 44 33 12 23 11 44 11 34 41 20 25 24 27 17 16 22 30 19 24 23 19 27 21 26 23 19 30 29 24 18 36 24 21 28 20 15 25 10 12 
41 18 21 23 12 8 26 18 11 21 18 24 27 24 21 15 19 22 22 22 26 18 15 26 19 16 26 28 20 19 38 26 21 35 27 17 48 18 8 13 19 34 29 21 26 13 23 18 31 45 23 26 26 33 20 16 23 26 24 27 20 13 41 20 20 18 39 14 22 37 23 23 31 30 38 27 22 10 39 18 
27 18 29 20 22 21 25 19 21 21 13 19 19 15 24 17 16 21 17 11 19 15 12 20 29 22 36 21 25 14 29 27 19 34 20 16 33 30 25 20 23 24 27 12 18 15 31 16 33 36 20 8 15 26 25 15 15 35 19 20 21 13 13 18 10 19 36 21 25 20 9 15 36 24 22 13 22 21 31 13 
25 23 30 28 11 25 24 34 14 15 17 18 39 24 13 16 22 21 10 19 30 16 18 21 14 20 34 14 22 6 22 34 22 17 15 23 32 20 33 15 30 32 12 21 20 15 22 7 35 41 32 28 21 29 17 17 23 13 6 15 13 14 40 22 13 24 27 20 25 43 17 34 33 22 46 23 27 21 7 24 
34 16 24 26 19 15 22 32 19 5 11 23 18 16 25 12 17 31 20 35 24 29 14 12 31 10 19 22 25 16 14 24 29 33 21 18 40 24 24 19 23 3 23 17 24 21 35 17 30 10 27 16 26 24 19 19 28 37 16 20 22 13 23 21 19 25 42 11 22 34 14 41 22 25 47 22 30 16 23 20 
21 22 29 14 31 12 26 20 21 20 13 18 28 32 34 12 8 45 19 25 22 14 10 12 21 39 20 21 32 9 32 22 22 13 24 16 21 22 28 17 28 16 26 17 28 18 34 26 55 16 20 15 15 22 18 17 12 24 16 23 23 20 48 18 25 23 35 21 29 22 31 19 28 27 25 24 24 10 15 23 
33 11 16 27 16 25 22 30 22 21 15 20 30 21 22 18 2 36 19 23 30 32 11 5 20 28 24 22 18 24 35 24 9 40 21 24 10 36 24 13 20 28 10 17 18 16 28 12 25 42 31 31 18 38 18 11 16 40 11 14 16 20 17 25 13 13 35 26 21 18 19 26 24 38 37 19 19 8 32 26 
27 11 19 25 18 25 35 35 22 17 14 25 26 28 44 18 20 26 24 28 24 14 12 12 16 23 23 8 28 19 23 26 28 28 21 22 24 39 18 12 45 33 21 14 23 29 14 33 20 22 16 13 25 20 25 20 25 41 21 31 26 17 16 24 25 19 36 20 27 24 21 31 36 28 26 26 16 10 30 28 
26 8 29 27 22 17 36 11 26 20 12 27 22 21 25 15 14 41 11 12 32 23 20 17 19 32 24 15 20 23 30 15 13 25 19 18 31 33 17 10 21 26 17 15 16 20 21 27 22 31 30 31 30 26 15 14 19 30 21 21 15 23 5 19 21 13 12 10 18 21 25 29 20 33 46 19 17 18 31 16 
28 24 20 16 33 16 18 21 16 13 20 10 25 9 47 13 20 24 12 27 9 21 23 7 20 26 18 16 26 17 25 31 19 31 15 16 27 32 23 23 25 16 22 5 16 22 27 26 27 26 34 25 21 30 16 19 22 36 23 18 17 12 34 11 20 8 24 25 23 23 21 13 16 26 29 25 25 14 27 23 
19 11 19 30 12 21 20 11 12 22 9 17 32 19 17 11 28 26 22 28 33 24 18 16 26 30 28 26 22 19 5 28 11 22 21 15 28 22 15 18 32 32 26 15 24 20 34 26 29 21 24 15 16 29 28 23 22 36 15 23 16 21 25 19 19 21 28 18 20 25 17 24 31 22 39 15 21 21 26 26 
33 20 30 30 13 27 20 34 20 16 14 19 37 22 31 16 17 32 25 40 11 24 17 16 11 31 22 24 22 18 32 24 22 21 29 14 44 28 24 7 16 34 31 11 26 23 15 34 46 26 26 20 25 12 19 19 29 34 15 20 10 12 20 26 14 15 33 19 17 22 15 40 39 24 34 23 24 10 20 22 
37 17 17 34 22 9 29 25 23 21 10 17 18 15 34 7 15 22 11 21 7 17 19 13 16 24 19 24 26 13 31 30 14 24 18 13 20 26 15 16 18 35 29 12 31 10 22 15 38 28 28 23 22 16 11 19 13 44 16 20 19 12 25 17 9 15 22 24 23 21 20 35 32 30 34 22 17 17 14 27 
29 19 10 28 16 17 35 28 22 14 10 22 20 26 25 15 17 37 12 13 6 6 28 24 15 27 27 21 22 19 23 26 8 27 21 20 32 42 28 15 20 23 25 16 23 12 22 28 25 38 31 26 32 16 11 22 22 24 23 18 17 18 20 13 18 22 21 22 15 23 22 25 23 39 30 10 19 9 24 13 
34 15 26 30 31 17 23 36 15 22 23 21 31 29 28 14 22 18 12 20 22 20 10 25 22 27 32 16 23 14 16 21 25 29 25 7 39 43 28 15 25 29 17 18 20 21 33 22 37 29 33 20 16 32 20 14 25 45 23 17 11 17 29 16 36 17 30 13 31 34 8 22 33 26 41 18 24 6 31 18 
26 13 20 39 15 16 35 20 15 13 19 13 31 20 25 17 28 26 10 21 32 16 14 17 20 14 26 23 23 27 28 22 15 22 14 15 35 34 22 17 31 26 14 14 39 27 21 21 26 32 22 22 16 18 21 15 19 50 20 23 22 23 30 24 15 12 27 37 21 19 22 20 40 24 24 13 34 24 18 26 
46 16 17 37 10 22 24 23 27 14 18 19 30 17 28 21 18 21 15 26 31 12 16 14 20 31 18 16 27 20 16 21 28 39 22 17 35 29 23 18 18 27 15 10 14 21 27 18 41 34 22 22 17 25 18 14 12 52 17 21 8 21 27 14 20 19 27 27 18 22 20 19 32 31 18 15 35 11 28 16 
23 14 23 25 11 15 18 20 22 6 17 19 16 24 22 14 21 20 15 14 27 15 16 19 14 21 16 19 23 16 33 28 25 26 25 13 25 42 33 17 29 31 24 20 21 26 44 25 17 29 20 25 11 33 26 14 14 3 10 20 13 10 20 19 19 22 32 19 17 25 22 29 23 27 36 22 23 23 26 19 
23 12 24 21 12 33 19 23 24 19 16 24 49 22 26 12 18 11 19 20 17 12 15 18 23 43 17 15 12 18 31 19 19 30 18 20 29 26 15 16 21 37 29 18 30 23 17 18 25 24 26 24 28 24 15 16 20 31 13 12 14 16 35 21 9 8 2 15 27 28 22 22 25 28 44 18 25 11 22 25 
49 21 19 19 21 15 44 22 17 16 16 10 23 21 29 12 13 33 18 27 18 35 14 12 14 17 31 22 19 18 24 25 16 28 29 20 41 13 28 23 32 23 15 19 18 20 24 27 37 20 28 21 27 24 13 20 19 47 19 26 20 13 36 26 26 26 15 22 21 29 17 32 28 23 46 14 28 24 18 18 
15 12 35 22 17 17 29 21 29 10 14 22 41 22 32 20 22 25 15 23 14 13 18 16 19 31 15 3 22 20 23 17 21 29 26 12 25 42 37 12 32 42 24 18 24 19 27 20 22 20 23 33 21 31 28 20 20 43 28 20 21 14 32 22 25 24 25 9 22 25 20 32 37 28 34 21 17 23 22 29 
36 17 28 30 11 22 18 14 25 10 15 17 45 22 37 16 18 28 14 24 25 21 9 21 17 25 14 21 18 17 21 15 18 23 23 14 31 33 20 13 29 32 22 9 27 27 35 29 30 33 22 19 25 31 25 19 29 37 9 16 17 14 23 10 16 10 32 18 25 21 14 31 33 40 15 12 23 23 37 24 
40 21 12 20 17 28 22 13 21 16 17 20 40 26 30 13 13 26 19 20 16 23 10 26 22 23 17 22 19 18 18 28 14 32 20 18 25 29 20 14 18 36 23 5 27 15 26 23 33 27 24 30 16 25 22 14 25 28 11 20 17 20 15 20 19 18 18 20 16 18 17 16 22 44 29 24 25 11 10 19 
17 18 7 35 23 29 27 27 18 17 17 23 28 20 36 15 16 32 15 20 22 15 16 23 17 30 52 19 26 17 32 19 21 34 29 26 35 34 22 14 31 28 27 17 22 22 8 28 32 32 11 17 26 27 13 12 16 19 14 18 25 14 18 11 13 13 22 18 22 31 29 34 38 39 29 21 23 14 23 24 
2 20 21 28 11 16 19 35 23 18 16 22 18 18 42 23 21 19 19 26 31 21 20 18 27 22 32 25 20 10 41 23 18 25 20 12 42 42 35 18 22 16 13 11 21 17 31 18 38 36 19 22 20 22 14 15 18 25 6 20 16 16 23 11 24 23 32 17 35 19 12 36 26 29 33 24 32 23 22 24 
22 18 21 20 7 25 27 37 9 12 18 14 25 13 28 22 27 30 16 20 19 27 24 27 18 33 14 20 28 19 22 18 19 28 33 25 19 19 34 19 35 41 28 16 22 24 32 18 31 25 31 20 20 32 20 20 18 36 16 9 25 16 41 15 14 25 40 20 19 29 13 33 16 30 19 17 22 9 24 17 
32 34 25 31 20 14 20 17 8 14 13 18 46 14 23 25 13 25 16 32 17 25 16 18 13 28 30 17 26 19 27 34 23 25 20 16 46 31 17 16 20 16 17 22 25 21 24 21 34 20 30 17 11 32 17 19 23 37 24 43 22 13 38 22 9 19 46 26 13 34 20 16 20 44 27 18 14 18 24 11 
18 16 26 20 15 12 25 26 21 13 14 19 22 12 21 16 16 22 11 19 22 22 11 12 8 19 18 22 30 16 37 42 14 18 22 16 36 22 28 20 29 29 32 12 23 18 30 21 24 40 18 21 26 24 28 15 24 30 22 16 19 12 30 16 18 15 26 10 22 23 20 29 43 27 29 22 14 16 11 19 
46 19 28 30 29 26 13 23 16 10 20 21 14 21 39 7 29 32 19 29 19 28 15 18 25 19 20 20 15 12 20 20 26 20 22 19 33 40 25 21 22 32 25 10 25 28 28 23 49 16 12 32 22 15 14 12 25 30 16 15 20 15 22 18 18 8 43 23 16 31 24 22 20 26 32 19 24 14 34 18 
27 16 25 17 18 30 36 32 31 10 16 15 37 14 25 21 23 24 15 29 24 24 14 20 16 24 31 29 12 14 34 20 12 24 15 6 34 30 27 9 26 33 31 10 25 22 37 23 28 24 14 29 23 33 24 10 15 44 9 11 19 19 26 22 31 20 23 17 23 19 25 26 26 22 42 20 15 23 21 15 
20 11 12 15 16 12 22 20 14 21 18 19 13 14 19 17 25 23 11 24 24 26 18 18 16 30 35 20 14 23 23 30 14 26 23 23 26 21 31 21 29 25 26 9 16 17 24 27 9 32 5 23 23 13 23 15 4 32 18 16 19 21 35 27 17 24 24 20 15 25 14 30 41 22 20 15 18 17 21 23 
43 20 25 26 25 23 22 24 20 18 14 10 33 27 26 14 14 27 11 19 19 15 15 12 21 32 27 21 26 15 15 25 16 22 25 25 50 20 26 11 37 30 23 11 23 16 39 18 28 25 17 13 13 26 9 18 27 26 16 34 15 22 21 20 17 24 19 15 13 22 19 21 20 14 41 21 26 20 25 30 
23 23 29 26 22 20 25 18 14 15 12 23 35 20 24 12 23 34 19 21 16 24 8 14 8 16 29 20 19 12 23 20 18 20 29 14 25 28 24 18 17 35 25 20 27 22 29 19 19 30 24 15 17 28 21 12 14 20 15 23 17 13 26 28 5 13 44 22 20 16 26 15 38 35 27 8 22 16 24 17 
27 16 31 31 13 21 19 34 14 16 9 19 27 23 15 14 30 22 13 19 21 21 15 20 16 36 27 23 27 11 31 25 21 28 27 16 41 35 26 14 35 17 23 9 11 13 43 27 13 37 34 26 16 19 22 14 29 55 24 23 16 18 18 21 23 14 26 14 22 19 20 21 26 26 30 24 14 26 28 25 
25 4 27 27 5 38 30 25 17 16 11 23 21 25 24 18 19 31 13 31 20 5 11 25 23 26 35 32 20 19 38 20 28 29 19 22 22 23 18 10 42 24 16 20 20 16 27 22 31 17 22 20 14 45 14 20 20 37 24 11 26 17 28 17 23 13 36 20 25 20 26 27 40 24 29 19 22 23 32 19 
41 14 9 22 21 29 28 36 15 17 14 26 36 9 16 9 28 21 18 26 24 20 15 9 16 22 23 15 8 15 34 21 19 36 24 17 29 33 36 18 14 32 26 14 18 20 29 6 20 36 28 22 27 22 23 15 19 28 11 17 25 19 9 25 21 19 36 29 24 25 17 29 41 28 24 21 24 12 25 12 
11 19 23 13 29 20 23 25 16 13 17 23 38 21 27 11 22 26 22 24 15 12 22 12 8 27 8 13 24 16 25 30 23 14 19 19 37 23 35 11 33 30 16 13 24 17 30 25 29 23 18 22 25 18 25 16 23 19 15 14 7 14 17 16 13 18 23 23 28 31 20 37 41 34 34 14 4 22 26 14 
26 21 24 16 15 14 18 11 18 18 6 25 37 25 31 18 18 29 16 10 26 26 25 25 24 41 29 16 24 11 18 30 17 30 9 25 34 19 16 13 34 27 26 24 37 20 28 22 43 24 24 17 21 21 14 16 12 39 18 6 13 5 26 32 16 11 27 23 23 32 15 29 33 42 29 20 16 23 24 19 
34 19 15 23 21 16 25 27 23 14 19 19 25 27 29 29 17 29 17 24 16 19 16 14 25 29 23 24 26 15 18 21 14 33 25 24 19 29 27 15 29 26 24 13 33 16 36 14 27 17 24 15 10 28 9 15 22 31 20 32 20 19 20 14 13 25 24 21 21 20 24 26 33 38 39 21 34 28 22 23 
16 26 35 40 18 26 32 36 22 15 16 26 38 25 34 13 24 28 10 25 14 18 15 20 10 52 12 20 20 20 23 22 16 23 30 17 41 22 29 16 31 18 18 15 23 16 23 20 40 24 28 15 15 24 16 12 23 49 16 14 23 17 41 26 23 20 27 23 19 18 21 23 34 30 27 13 12 13 29 19 
37 25 37 19 20 15 14 11 18 8 18 12 29 25 18 15 15 23 9 30 20 16 19 16 20 42 17 15 31 18 35 21 19 30 30 14 41 20 29 19 17 25 16 15 23 15 16 15 18 23 30 18 22 28 14 14 24 26 23 20 22 14 17 19 25 21 25 24 20 18 22 26 30 21 29 7 13 15 29 15 
22 14 34 29 17 23 11 32 16 13 11 18 31 13 16 18 24 23 15 17 12 25 17 18 20 31 20 12 21 21 35 31 26 21 9 21 30 28 22 12 35 32 30 17 25 20 21 17 29 40 37 23 16 28 10 10 24 13 23 16 32 20 21 25 25 8 29 20 27 27 11 17 26 29 61 24 20 23 21 19 
36 16 36 15 17 18 26 33 21 15 15 21 38 29 27 20 27 16 19 29 10 20 12 22 20 49 22 26 18 17 12 30 21 20 32 18 25 29 28 14 20 28 4 18 36 28 26 24 20 28 19 28 25 32 15 16 24 41 16 10 12 11 27 28 27 16 60 20 22 25 16 22 11 34 26 18 16 16 12 24 
21 15 14 29 14 22 34 24 19 19 12 22 28 26 16 23 32 26 17 31 24 17 18 17 17 14 26 12 27 10 19 18 22 31 23 10 24 25 23 23 30 38 21 16 23 15 31 27 23 18 14 30 23 22 27 17 16 17 16 26 16 19 25 19 20 19 35 22 17 29 17 23 32 12 37 17 19 17 24 19 
34 18 32 18 30 20 26 27 21 19 18 20 20 25 31 17 10 25 13 22 22 34 15 9 26 40 24 13 20 21 29 30 25 12 7 14 35 10 26 26 26 33 12 15 19 19 29 17 28 30 30 18 25 30 13 18 24 17 21 21 19 13 28 30 23 22 36 21 19 33 18 24 30 7 17 16 16 4 17 27 
29 14 25 30 32 21 34 21 15 21 10 18 46 20 31 14 27 42 14 20 24 8 14 18 15 37 14 25 29 13 19 29 7 21 36 22 24 26 36 22 20 38 22 18 24 19 25 20 28 20 22 18 22 30 24 20 15 21 20 27 9 15 27 17 25 20 12 21 27 33 19 21 33 22 32 23 22 21 18 32 
43 22 29 26 11 33 18 24 22 19 15 18 25 18 44 17 13 29 15 25 18 24 23 21 23 22 20 26 18 22 21 33 28 22 16 21 34 34 25 17 30 14 17 15 22 15 20 8 20 34 34 17 9 29 15 21 20 19 24 22 17 17 31 24 30 18 28 32 21 30 17 28 25 32 29 19 10 13 29 15 
31 26 27 37 16 26 36 30 19 25 18 19 39 22 31 19 20 36 15 17 19 7 18 20 10 21 14 17 25 20 23 26 24 30 23 17 18 27 19 13 25 37 26 8 28 12 30 22 36 24 18 13 13 35 17 13 9 18 29 33 27 12 32 28 19 16 13 16 26 21 18 22 33 38 28 15 22 16 32 20 
23 21 27 29 20 27 13 23 13 13 12 20 36 28 48 18 22 28 14 25 12 23 15 20 17 25 27 18 31 12 28 22 14 36 22 22 16 23 24 20 21 25 20 11 20 21 21 29 37 17 28 27 21 35 30 26 23 42 21 25 27 15 36 12 13 22 11 18 21 25 21 28 24 22 50 18 19 7 44 13 
34 19 8 24 21 22 24 24 13 14 7 21 21 27 40 15 18 18 21 34 16 14 15 15 19 9 31 23 20 16 24 22 22 16 21 20 45 34 32 14 29 21 33 11 18 26 16 7 33 22 32 16 18 31 14 13 15 40 14 11 18 19 15 23 17 11 37 19 19 24 16 25 27 24 20 19 23 21 21 26 
31 17 20 32 21 33 35 26 14 20 19 20 25 24 30 15 20 29 13 17 15 20 16 18 12 28 34 25 27 15 8 15 12 36 31 8 29 21 7 19 33 37 9 16 24 16 18 21 34 28 30 36 25 25 20 13 10 39 23 27 14 22 26 24 9 19 33 17 19 18 25 18 33 35 21 16 15 22 23 17 
13 24 30 16 33 27 23 26 18 18 16 16 27 19 37 15 11 23 17 22 19 18 24 18 15 22 13 14 20 14 24 18 25 15 5 11 25 27 10 15 27 19 24 18 19 17 24 19 38 34 19 20 13 28 14 12 24 35 18 16 34 9 35 21 24 20 20 21 31 37 19 19 31 28 25 26 15 9 25 24 
32 19 26 6 17 17 24 16 27 20 18 23 32 30 30 14 25 26 16 8 14 13 16 16 22 31 21 20 20 21 23 23 22 18 26 13 35 31 28 14 8 26 22 15 27 20 25 19 31 20 19 23 18 20 19 10 26 34 6 23 14 19 17 14 22 23 41 28 24 19 6 12 36 38 29 24 20 18 25 16 
40 23 32 25 15 19 34 18 22 14 13 19 35 22 35 18 28 27 20 23 40 24 15 16 20 20 35 23 14 8 13 20 18 29 31 21 24 27 21 16 25 25 26 12 30 12 35 15 34 30 25 23 30 29 27 14 13 32 16 16 12 17 35 17 27 17 32 21 26 32 11 13 14 27 26 18 31 23 34 16 
33 19 26 30 19 21 20 26 14 12 18 15 23 24 39 19 23 16 28 24 17 23 15 19 21 32 27 20 32 21 20 23 20 35 21 20 37 23 15 15 26 34 18 13 30 22 37 11 14 35 24 21 15 18 25 11 24 26 15 26 14 15 20 24 15 23 48 21 28 14 17 20 24 16 41 17 15 16 13 25 
19 22 13 28 9 19 25 18 12 15 18 20 33 24 26 11 17 16 14 40 24 26 10 17 20 39 23 23 14 10 20 23 20 35 20 28 25 32 22 19 30 24 18 14 24 22 22 20 34 15 24 20 25 35 17 11 24 27 20 18 20 4 25 18 16 16 39 21 31 32 11 24 11 37 23 17 27 24 21 18 
28 10 28 27 13 27 24 32 22 17 20 22 40 31 31 17 22 22 7 32 28 18 17 19 18 32 34 23 13 16 24 18 22 21 28 21 19 25 24 18 25 30 12 14 27 19 19 19 19 33 28 22 17 28 15 15 19 27 20 23 22 13 35 21 17 16 56 28 26 37 22 28 42 11 19 16 24 17 24 22 
27 21 29 24 20 21 33 14 14 12 19 12 50 21 30 24 22 20 6 21 18 28 17 16 4 38 27 10 13 19 28 22 19 22 31 16 19 28 24 12 29 18 29 10 26 28 32 20 30 32 18 29 15 16 22 14 27 46 18 23 20 12 29 21 15 14 42 19 21 17 19 39 32 39 29 30 17 18 25 20 
28 14 19 21 26 19 13 34 10 21 14 16 24 25 28 19 22 17 20 34 28 32 10 24 22 18 29 24 17 12 35 33 15 29 28 21 33 36 27 8 25 23 16 14 18 9 31 15 32 16 14 19 24 24 28 17 16 32 17 15 26 22 29 11 11 19 35 34 27 38 19 27 39 28 26 20 18 15 25 25 
40 5 12 33 10 24 26 25 26 21 7 13 28 15 29 16 8 29 15 11 14 28 21 28 19 11 28 17 24 18 20 16 22 28 23 7 23 32 23 15 21 16 28 9 32 14 28 24 29 17 25 29 15 23 20 8 25 39 15 24 14 15 24 26 31 21 46 23 19 22 22 28 37 21 34 31 17 21 18 16 
37 24 15 32 29 30 36 30 19 18 10 10 29 17 30 12 20 26 15 25 19 18 14 11 8 32 8 13 24 16 16 24 26 24 27 10 44 20 29 9 32 26 32 12 17 25 23 22 25 29 17 22 14 25 17 12 21 30 21 21 20 12 27 19 30 21 29 20 31 23 15 16 21 18 34 14 23 13 32 20 
39 29 29 29 13 15 19 16 16 18 22 20 29 17 37 16 19 37 14 33 24 19 15 15 10 23 35 20 20 14 32 30 23 23 21 10 17 41 16 11 39 23 23 17 25 23 30 19 16 38 25 25 14 28 22 4 18 33 19 22 24 11 35 33 12 14 29 26 28 33 15 21 22 20 31 22 21 16 24 20 
21 6 29 27 38 26 35 21 27 12 13 24 26 20 28 5 10 27 10 39 15 21 12 14 21 40 31 13 29 19 23 19 9 24 19 10 27 33 18 7 27 23 16 12 28 13 18 16 22 25 19 19 16 28 15 15 20 31 23 12 19 13 30 26 24 19 44 8 21 25 23 25 25 17 29 26 24 16 35 16 
24 21 27 23 28 27 19 29 26 15 6 15 23 13 26 14 26 25 15 22 25 33 14 17 21 13 23 24 30 17 14 22 20 25 34 9 27 22 13 11 16 17 20 11 18 20 31 36 33 23 24 23 14 22 17 16 20 34 18 16 16 20 19 32 10 20 15 22 18 33 16 24 32 36 39 16 17 25 23 15 
14 20 24 28 29 25 24 40 19 17 11 23 33 18 24 14 9 24 13 28 18 16 18 15 16 35 36 7 27 21 31 18 16 20 18 16 31 28 23 16 24 33 20 19 28 8 18 26 14 36 19 18 16 21 22 20 21 38 17 15 26 15 23 18 17 15 32 19 20 27 20 20 26 33 23 8 15 21 25 20 
41 27 17 33 18 18 27 17 18 18 12 23 28 27 23 11 10 15 20 15 16 18 14 17 20 27 17 16 17 23 21 22 25 23 25 21 19 30 19 15 36 32 14 16 19 17 34 22 24 34 17 23 5 15 25 20 29 28 15 27 19 23 37 20 28 21 27 22 11 32 16 29 25 33 32 21 19 24 29 12 
20 16 32 24 17 25 20 20 24 20 13 24 40 24 41 17 12 23 13 30 21 21 15 22 19 23 27 17 27 17 30 21 23 13 27 13 31 22 25 20 19 30 14 19 22 14 13 12 29 24 20 21 10 27 21 9 22 25 21 14 24 20 28 32 25 16 28 21 31 20 24 27 28 18 29 21 29 8 18 30 
34 21 23 25 21 22 30 18 25 13 13 14 25 18 34 18 22 29 16 36 19 16 13 19 17 18 23 16 22 15 19 24 23 37 18 22 39 39 16 14 29 33 19 11 23 25 42 22 24 32 27 25 25 21 24 17 20 35 19 14 22 17 31 25 15 20 22 24 20 24 19 21 23 30 43 18 19 28 30 13 
27 18 23 29 20 22 37 38 22 8 8 19 24 22 18 21 22 25 11 28 28 19 23 19 16 34 28 20 26 15 35 27 21 27 34 21 33 42 28 9 21 6 30 19 20 19 41 25 6 33 29 30 23 30 20 16 10 31 14 15 20 20 36 26 19 11 35 14 26 44 15 29 23 30 18 27 30 7 11 19 
4 20 30 27 21 25 30 26 17 19 15 21 28 8 22 17 31 32 17 24 12 17 16 22 11 34 38 4 19 17 27 21 26 26 29 19 29 13 21 19 19 42 20 11 14 24 24 28 26 36 18 25 19 17 18 13 11 22 24 6 16 11 37 18 16 18 31 24 20 30 17 30 23 27 35 26 18 25 33 9 
24 11 32 16 11 27 19 29 13 16 15 16 30 18 33 18 23 16 20 28 20 19 23 19 25 19 28 16 18 15 26 19 22 22 24 22 26 35 18 16 25 31 19 19 20 16 36 24 32 32 26 22 16 36 24 17 21 49 19 27 17 21 22 28 19 16 35 15 11 20 5 26 39 45 25 20 25 14 25 17 
29 22 13 16 20 21 27 16 15 12 17 24 37 24 36 23 20 24 9 15 42 16 18 14 26 30 18 22 24 18 23 15 22 21 19 23 36 32 25 13 14 25 29 16 19 18 17 24 14 26 27 23 15 25 18 8 20 30 22 20 26 9 18 17 28 21 23 27 23 21 22 23 26 19 31 24 25 17 32 19 
25 22 20 26 15 27 28 28 14 5 8 12 39 34 32 21 22 26 16 36 19 27 15 18 24 23 44 26 20 10 31 24 15 16 28 26 33 17 18 12 19 38 28 14 24 13 17 30 34 28 8 19 28 12 23 13 23 31 21 18 10 14 30 26 21 19 28 28 16 22 17 38 33 32 34 14 19 13 19 14 
29 15 31 24 9 26 24 15 17 16 14 19 46 14 21 13 21 19 23 33 14 30 10 17 19 29 30 21 20 10 22 15 12 23 31 25 26 33 34 18 17 15 13 14 18 18 23 24 30 27 22 14 26 10 19 24 18 20 16 24 15 15 25 31 23 14 20 23 16 30 23 20 22 29 25 20 33 19 36 21 
27 17 19 18 24 23 9 23 10 18 16 28 20 28 32 26 19 40 13 22 30 14 18 19 32 26 32 21 18 10 23 24 31 39 31 19 27 18 20 14 19 36 19 13 25 15 30 29 34 37 7 23 26 13 9 14 25 16 22 6 24 17 11 17 18 22 48 33 24 32 18 33 24 21 41 18 17 16 22 23 
31 24 32 21 23 25 35 24 20 8 14 21 27 26 46 12 21 34 18 10 21 13 15 27 22 32 21 16 19 17 21 36 22 33 33 17 41 30 34 17 26 23 17 20 31 18 21 28 24 27 17 34 26 24 27 14 26 31 26 26 14 11 18 16 17 19 30 14 23 29 12 19 26 40 25 21 16 17 15 12 
33 25 27 11 23 19 31 21 11 15 16 15 23 28 36 18 19 19 22 30 33 19 14 15 14 22 22 13 28 16 30 28 20 26 30 6 32 42 15 19 36 30 20 14 25 21 33 24 28 29 24 21 12 25 24 15 18 30 15 21 27 14 20 24 23 5 30 16 24 36 22 27 35 34 35 21 13 16 26 23 
8 15 13 21 20 15 23 23 20 13 14 16 24 19 26 14 12 33 16 12 23 20 25 12 21 24 29 11 19 17 30 33 19 35 14 22 26 32 16 17 33 26 29 15 25 18 22 30 37 32 31 19 9 30 22 21 17 28 19 13 24 25 34 37 25 16 31 19 20 20 35 24 36 36 35 10 32 26 25 18 
43 12 11 37 33 26 28 23 18 28 14 25 40 18 31 15 18 42 13 26 18 20 14 20 26 21 21 10 22 15 14 30 15 24 26 21 10 43 22 14 22 29 21 17 15 26 30 23 29 22 27 29 5 27 16 19 20 36 18 19 16 17 22 19 18 14 26 24 28 27 12 18 22 35 38 24 26 18 26 8 
34 9 23 40 23 26 22 19 12 15 10 18 18 23 31 19 23 26 10 31 22 18 6 20 17 40 26 20 21 13 33 27 23 7 28 13 30 21 24 13 21 17 21 10 19 22 25 10 36 31 27 27 19 32 19 6 16 27 21 26 9 10 29 9 33 15 34 23 27 27 14 17 42 36 44 23 12 22 30 16 
35 20 35 28 24 23 16 18 12 20 16 13 25 16 32 10 13 36 15 16 23 21 23 19 28 47 26 19 15 17 32 17 22 30 24 29 30 37 28 13 34 19 24 15 27 17 29 29 37 24 26 29 22 26 16 10 19 22 16 32 20 9 27 21 23 15 13 20 21 18 22 28 32 35 23 22 12 14 22 20 
13 20 26 18 24 18 17 32 15 20 16 16 38 28 10 15 25 36 15 24 22 18 19 24 18 16 37 22 15 11 28 23 21 22 23 22 20 26 24 13 20 16 18 19 25 8 8 25 20 22 16 30 5 22 17 19 27 36 15 19 21 17 24 18 21 31 25 12 22 24 25 32 23 25 27 14 28 29 20 22 
34 15 21 21 17 32 14 30 19 16 8 16 32 17 18 11 14 18 19 33 13 29 15 12 22 34 30 13 26 22 37 36 31 25 36 22 43 38 29 14 19 18 32 11 12 19 32 20 31 8 28 26 21 17 18 16 27 15 14 19 13 16 30 19 5 10 25 27 21 35 17 25 27 21 14 15 22 15 23 16 
23 19 34 26 19 25 29 29 29 12 17 31 38 18 18 15 34 26 18 23 21 21 12 14 22 36 36 22 14 17 23 32 15 23 22 16 34 27 31 11 23 33 22 17 19 20 29 21 22 26 33 10 28 24 25 17 12 27 19 25 23 19 31 7 27 30 19 28 20 29 18 33 39 20 21 24 27 20 37 18 
31 15 14 33 18 11 32 30 30 22 10 25 28 15 33 15 23 24 6 29 33 26 13 24 24 31 26 12 31 18 18 37 25 22 22 10 34 25 38 7 19 23 16 18 18 15 9 24 14 38 18 26 15 23 19 14 7 26 21 34 24 20 21 22 22 17 36 20 28 20 25 27 41 32 13 19 29 12 12 16 
9 19 27 27 25 28 10 23 9 12 14 11 28 14 20 12 18 20 14 29 23 19 12 13 27 16 17 22 24 19 26 16 14 25 33 27 40 32 22 10 24 26 15 21 24 19 35 18 33 20 21 26 15 26 13 23 22 17 16 24 26 15 23 27 17 25 31 11 22 20 11 21 29 28 27 11 23 26 17 16 
26 19 22 21 17 13 30 25 20 16 17 20 46 19 29 17 20 34 25 17 24 26 8 16 10 24 19 16 22 17 21 29 15 19 23 17 29 43 36 18 21 20 18 17 20 24 19 20 22 31 28 6 23 26 25 20 20 17 16 21 15 14 29 14 20 15 43 20 18 29 22 20 21 42 30 21 15 20 11 25 
24 14 11 29 24 26 17 18 21 18 17 17 30 11 35 14 24 43 18 27 24 12 13 15 16 16 33 18 34 25 16 26 20 20 28 12 15 28 21 12 17 32 16 15 32 18 30 17 39 36 30 20 26 32 22 21 19 39 19 19 16 17 24 29 27 10 27 20 14 20 17 22 19 27 32 11 29 25 25 20 
21 25 20 26 16 29 27 29 13 10 12 21 38 23 14 23 24 22 18 24 18 15 14 20 21 24 14 19 28 15 13 29 23 16 16 13 27 25 31 18 46 39 15 18 27 18 47 27 27 20 34 17 17 37 17 16 25 42 25 25 29 14 37 27 19 24 30 24 12 36 14 32 35 19 30 21 27 31 27 19 
28 16 21 19 13 23 21 26 15 15 10 11 29 32 20 8 21 25 18 28 20 9 21 18 20 26 19 25 17 12 24 21 11 31 25 20 20 34 30 13 23 42 18 12 21 14 35 27 34 24 8 29 7 17 31 12 17 34 24 12 14 18 31 28 22 19 23 24 28 35 18 20 31 40 24 24 22 18 19 13 
22 21 30 27 8 24 24 23 18 23 17 27 17 19 35 13 29 32 18 35 27 17 15 14 16 51 25 20 26 19 37 14 12 38 27 10 25 18 35 13 23 27 17 20 20 23 18 22 20 32 21 21 19 31 20 12 17 46 22 22 21 18 19 8 30 18 32 31 13 34 14 23 27 34 30 13 25 11 28 16 
45 27 30 31 29 20 23 21 12 14 10 16 22 17 40 14 24 25 20 13 24 23 9 16 21 40 23 17 29 12 17 28 25 26 17 20 32 35 24 18 26 28 16 18 11 22 34 27 34 20 33 22 24 38 18 20 31 33 19 18 9 17 21 20 16 23 42 21 23 32 23 34 28 34 21 17 26 17 23 14 
24 19 44 18 13 19 21 32 11 26 20 12 37 29 43 21 20 18 11 19 21 14 22 21 23 36 38 13 26 16 26 22 23 26 22 17 26 34 28 14 27 32 17 16 23 17 35 30 31 30 25 13 23 28 20 19 27 36 6 16 12 20 37 26 23 15 42 25 24 27 22 22 37 17 52 20 25 17 36 20 
38 17 16 26 24 26 26 19 14 21 15 18 29 25 36 19 17 36 21 25 27 27 16 19 25 49 27 21 31 19 30 29 17 24 30 11 33 37 21 21 11 34 15 16 30 22 30 22 42 26 6 22 12 29 21 14 16 36 11 26 16 16 32 22 21 10 38 25 23 26 16 29 22 21 39 14 16 10 25 23 
22 17 27 19 15 28 20 35 16 20 18 11 37 16 20 13 12 25 18 27 18 20 15 19 22 27 31 19 22 18 17 12 23 25 34 19 13 38 31 15 26 26 14 6 26 14 38 27 27 22 29 11 16 22 17 10 17 41 17 20 22 15 28 26 20 20 37 15 29 16 18 19 39 34 36 21 24 21 32 17 
31 19 27 18 32 17 21 14 17 16 18 20 29 29 32 17 14 33 17 23 21 9 16 24 16 17 5 18 19 14 27 20 14 37 20 19 31 30 22 15 26 36 27 11 19 17 24 22 27 13 31 32 28 33 17 18 18 27 22 22 20 20 41 27 9 15 39 28 19 34 19 27 22 35 33 15 22 15 34 17 
32 20 18 29 23 33 15 26 19 15 14 19 28 16 29 14 27 10 18 21 28 20 19 17 19 28 20 14 24 12 11 21 17 21 23 11 33 18 28 14 33 40 24 20 19 11 33 25 35 22 32 19 16 25 29 16 24 26 20 35 15 12 35 16 22 28 30 20 12 28 24 19 27 34 37 21 31 24 30 16 
28 16 18 35 14 21 27 22 16 18 17 20 18 25 37 19 15 21 18 27 33 31 14 22 19 27 34 15 16 19 20 24 22 31 29 28 17 30 24 15 16 40 25 21 16 21 30 25 24 25 20 20 19 26 16 20 25 28 12 21 26 16 10 25 21 22 34 35 17 15 22 21 31 33 34 17 19 20 5 18 
21 18 24 14 18 41 18 27 20 15 15 17 33 15 34 22 19 23 20 40 11 25 16 24 15 23 20 19 26 9 23 17 12 26 16 21 12 20 22 21 21 33 16 17 25 17 41 24 27 38 29 22 27 25 25 14 22 26 18 11 19 9 32 18 22 17 40 16 23 30 18 14 45 35 34 21 26 19 19 16 
30 15 24 20 17 15 15 22 17 17 22 19 27 24 7 20 10 17 14 20 26 21 12 17 19 46 21 15 28 17 25 31 23 20 10 22 33 40 30 17 25 34 23 17 20 21 27 23 32 38 23 23 22 16 18 14 12 22 26 20 16 18 33 23 18 10 25 22 16 19 15 25 33 34 29 19 21 15 25 19 
33 10 17 24 28 21 32 21 16 15 22 20 23 19 22 29 14 22 18 29 18 29 21 17 17 31 34 22 17 16 32 26 16 19 28 21 26 23 25 16 19 31 23 17 19 18 27 19 37 36 19 23 19 17 18 20 22 44 19 29 24 17 38 16 18 21 34 15 17 34 16 40 39 29 35 17 15 22 24 20 
39 20 13 17 19 30 23 29 24 17 20 25 37 23 47 11 23 24 20 30 15 28 21 16 17 31 29 11 24 12 25 33 18 24 18 20 40 32 32 12 27 15 13 9 17 21 35 25 42 19 21 26 32 35 21 17 20 10 20 24 10 14 32 22 17 14 34 31 14 35 20 30 40 11 19 14 15 12 21 2 
24 26 19 21 23 25 27 15 29 5 18 16 22 14 13 10 27 27 17 34 21 11 18 17 25 32 23 9 20 18 26 25 7 17 18 22 55 37 11 13 22 41 15 13 30 16 31 25 27 21 25 28 26 28 13 12 15 28 17 21 30 20 25 20 25 15 23 18 26 27 20 28 33 35 31 17 29 21 27 20 
25 28 24 13 21 31 29 22 17 5 20 24 23 25 32 14 21 15 20 32 25 28 15 35 18 27 17 16 21 16 19 21 28 30 21 18 22 36 21 14 25 27 17 14 9 19 38 29 24 29 21 17 18 32 21 10 17 20 17 22 22 16 36 13 31 23 15 33 16 13 11 22 21 24 19 27 18 24 29 20 
24 19 17 27 18 27 13 32 29 12 18 25 34 14 49 12 13 34 16 30 28 4 18 19 25 18 25 15 26 22 25 27 16 17 15 23 29 34 18 7 20 33 23 16 14 17 20 8 20 17 25 18 34 32 15 16 27 41 18 32 17 14 20 19 20 29 34 18 26 17 19 27 38 39 30 27 28 14 33 17 
25 17 16 20 28 17 36 24 13 14 17 22 39 18 24 13 30 18 14 28 17 23 13 12 19 43 27 11 22 13 27 17 17 20 25 18 37 12 17 15 31 36 17 13 19 29 31 15 27 30 21 25 30 31 19 15 31 26 28 22 27 14 35 18 32 23 28 25 22 27 17 31 29 10 29 22 17 9 16 10 
31 14 32 38 18 16 17 23 13 10 16 20 28 35 33 11 21 28 20 30 13 19 18 19 20 22 16 19 17 17 32 41 18 25 23 15 25 34 24 20 17 12 17 16 13 23 23 17 36 38 29 31 17 31 19 16 22 28 20 23 26 22 27 14 13 18 37 16 13 29 17 26 27 46 15 19 31 8 16 16 
36 20 27 33 2 16 25 21 19 16 11 17 33 21 38 12 20 38 19 24 22 15 14 28 21 25 30 24 29 12 28 28 17 33 11 14 20 25 28 16 27 31 19 17 12 27 39 30 15 41 22 29 31 12 20 19 23 31 21 26 19 15 15 24 18 22 31 35 21 17 21 34 23 23 28 16 34 18 25 22 
21 22 37 33 27 20 20 24 22 22 10 5 24 26 60 14 23 36 24 26 17 13 25 13 21 30 29 25 25 8 20 21 19 15 20 19 17 17 31 16 14 26 18 13 18 15 29 31 27 17 12 26 15 24 19 23 19 32 10 16 4 16 27 5 6 10 32 23 14 44 21 33 16 31 17 28 22 7 16 20 
33 26 34 30 16 14 31 28 25 20 15 17 15 27 33 19 26 24 17 16 14 19 22 22 10 28 12 13 13 17 29 26 29 13 28 13 33 32 25 14 26 34 25 7 16 22 23 16 41 36 26 24 6 22 24 13 17 40 13 20 25 25 30 18 12 17 17 26 20 31 16 21 36 38 35 35 6 19 30 19 
29 11 22 30 27 32 24 26 29 10 17 18 19 30 33 20 21 15 10 19 14 30 15 29 17 28 19 13 23 17 11 25 36 26 24 23 25 28 22 16 22 17 12 13 39 21 15 12 19 13 26 29 27 7 18 17 16 33 12 22 28 13 30 21 14 17 26 15 23 22 27 25 40 17 38 17 16 23 14 14 
35 18 10 27 18 17 9 21 18 17 16 29 37 26 36 18 18 26 10 15 16 23 23 16 22 35 34 19 24 13 22 4 31 21 36 18 35 39 25 25 13 25 19 17 24 14 29 22 21 17 33 19 27 26 13 22 30 37 15 20 23 15 36 24 29 23 30 26 25 19 12 27 24 31 31 16 24 14 15 10 
44 9 16 38 25 26 26 20 18 14 12 13 31 9 45 20 11 32 19 19 22 18 16 15 22 19 34 16 27 12 30 22 24 9 23 20 27 32 26 20 13 19 20 20 21 18 27 21 27 28 34 26 12 15 14 8 20 35 25 26 11 25 37 33 11 15 30 29 29 9 9 23 39 24 37 15 27 17 29 22 
27 23 7 32 26 27 24 21 16 20 14 13 24 21 21 20 18 20 14 33 19 17 12 13 17 29 10 16 27 17 34 14 3 23 25 13 41 21 21 13 22 34 16 9 16 20 27 19 37 22 23 27 6 21 22 13 22 25 17 19 18 16 18 21 13 10 25 26 17 24 29 26 27 41 44 21 17 10 32 14 
31 20 19 33 20 34 31 26 18 21 14 31 42 24 44 17 14 30 23 32 26 24 17 17 24 29 20 19 20 17 27 15 13 40 30 11 27 27 39 18 32 19 19 21 17 14 42 31 35 18 15 43 11 29 13 19 17 39 20 35 29 18 24 21 19 15 36 18 28 25 10 19 31 10 23 10 29 19 39 20 
29 23 20 29 25 21 11 9 17 7 14 11 31 15 29 18 23 27 15 37 21 24 20 18 20 7 24 21 25 19 31 24 17 30 17 29 28 17 21 20 25 42 24 8 10 16 22 19 33 29 19 8 32 28 18 16 28 32 29 20 24 19 21 28 17 19 45 10 24 26 10 24 24 35 45 17 20 20 31 13 
37 15 22 35 22 19 15 22 13 19 15 17 45 23 22 21 28 20 17 27 27 11 20 3 18 26 30 25 28 20 28 18 21 24 20 20 24 27 15 15 25 10 22 20 12 13 20 22 15 32 21 18 23 28 19 12 22 38 25 11 30 10 29 18 14 17 38 21 19 41 18 17 35 33 26 26 27 8 18 21 
26 19 21 31 25 26 32 25 22 16 16 26 11 16 28 10 14 35 16 14 16 15 11 16 32 23 29 18 17 5 20 13 24 28 29 12 34 30 19 15 25 24 20 11 25 17 31 27 26 27 28 24 22 13 21 12 23 46 19 27 17 17 22 24 16 21 21 22 25 34 15 24 54 23 21 17 18 11 25 19 
39 10 30 20 19 16 31 16 14 19 22 8 43 27 20 15 24 16 10 21 31 19 16 13 24 30 25 14 17 6 28 38 12 25 27 16 42 24 25 8 27 28 11 17 21 15 24 22 29 32 30 25 22 10 17 13 11 42 17 23 22 13 39 15 22 15 34 21 30 27 24 29 28 32 27 22 34 18 32 24 
41 20 23 29 25 19 21 23 20 15 15 18 23 22 37 20 8 26 17 32 11 16 16 11 14 35 35 16 21 23 25 26 25 16 32 6 21 27 25 12 23 17 19 13 22 12 36 24 26 39 19 18 29 29 22 13 17 36 16 9 21 11 21 13 25 13 21 10 21 29 11 26 13 18 30 24 23 13 27 20 
21 22 14 25 13 25 14 22 15 16 21 20 27 24 39 14 25 32 15 33 16 29 19 22 22 25 13 19 27 17 26 12 15 24 29 21 55 39 24 17 30 26 28 20 28 19 14 19 19 20 17 25 21 25 15 14 18 29 17 10 29 19 28 21 21 25 42 16 15 22 22 18 44 19 34 16 15 24 25 21 
13 23 29 31 33 17 35 25 13 14 16 20 21 25 22 17 14 29 15 29 16 22 17 13 17 22 24 18 20 23 18 35 27 28 11 24 30 35 32 14 26 47 22 10 25 18 26 27 37 28 24 21 18 17 16 18 20 32 27 25 21 13 14 11 17 25 20 21 12 41 30 20 25 21 36 22 21 15 20 21 
13 15 29 35 16 18 38 19 10 17 12 16 27 17 27 17 23 27 15 28 22 21 18 9 15 16 18 26 28 14 29 16 24 25 27 21 39 24 21 15 29 37 17 8 21 24 36 16 18 31 30 29 19 35 27 16 19 34 7 18 17 23 23 30 29 16 36 23 15 26 21 29 20 26 20 22 19 24 27 17 
44 13 35 33 32 28 32 28 27 16 12 29 35 18 31 24 18 36 9 15 20 17 15 13 17 28 23 12 25 20 24 16 22 26 21 32 42 31 32 24 21 20 24 15 30 26 25 24 29 13 14 21 26 35 19 14 15 22 19 20 15 14 23 15 17 16 28 31 21 19 21 20 28 16 37 7 27 26 28 11 
34 16 18 34 14 32 27 16 17 17 11 26 29 24 18 12 14 12 16 28 9 34 15 25 12 18 32 12 28 22 15 15 26 30 25 19 29 18 14 12 22 13 31 20 18 13 15 9 16 26 18 12 15 27 18 16 16 45 16 15 21 10 18 18 16 19 24 15 17 34 22 34 30 22 35 23 17 21 16 21 
28 19 21 26 19 33 20 23 22 27 11 20 37 25 37 14 24 22 16 29 18 24 12 22 11 24 6 24 16 17 28 31 16 16 22 16 24 31 22 9 18 32 22 13 20 19 21 14 29 26 18 32 25 29 15 12 24 30 23 25 22 18 16 25 23 13 26 26 24 20 28 24 25 40 13 21 25 15 7 24 
23 20 39 30 15 25 22 24 16 19 13 16 15 19 34 16 21 38 19 26 25 31 24 9 17 26 24 12 28 21 26 30 12 23 13 24 32 40 27 11 18 30 17 17 21 21 39 21 35 20 37 22 24 36 20 17 11 34 18 22 22 15 35 24 12 20 22 26 20 16 22 21 26 42 32 18 21 18 19 18 
24 10 29 24 18 15 27 15 20 17 13 20 30 18 32 18 25 33 12 19 21 20 13 17 18 32 29 20 18 17 27 31 24 28 32 10 32 30 30 19 24 37 26 11 12 19 17 27 22 35 6 31 22 34 18 16 19 37 19 25 23 17 32 15 6 15 29 22 19 28 25 14 40 25 35 25 18 19 18 18 
21 15 16 35 27 19 18 30 13 19 16 14 15 19 40 19 17 26 18 39 16 20 14 28 14 29 20 27 20 19 11 21 20 28 17 21 46 29 28 17 9 25 22 15 27 8 22 27 25 29 16 24 25 29 16 23 10 25 20 25 21 16 32 30 34 22 33 27 19 14 14 13 27 35 22 23 23 12 29 26 
20 17 28 35 22 25 27 27 24 15 14 25 31 14 24 15 13 36 8 32 13 13 23 15 19 37 21 13 26 9 29 18 30 20 20 17 29 25 23 19 31 37 10 15 22 10 30 21 25 25 25 17 23 19 16 15 28 35 23 31 17 13 11 33 26 17 41 23 16 36 22 23 20 24 41 26 24 18 33 19 
34 9 31 25 27 26 25 28 14 21 15 24 34 22 44 17 20 24 13 25 18 21 15 19 20 44 18 10 14 13 30 35 12 29 23 23 39 22 34 14 18 37 21 16 26 22 24 9 18 27 21 24 14 18 24 14 25 22 19 36 26 14 16 18 21 23 38 19 21 25 16 25 9 25 32 32 18 15 19 11 
23 15 26 23 20 32 34 31 26 11 15 23 12 24 31 15 31 28 17 33 22 25 21 22 16 36 28 8 27 13 18 23 25 34 28 33 39 29 22 23 26 25 12 12 15 20 31 13 25 14 29 19 27 21 23 18 15 30 14 26 19 17 26 8 22 15 47 20 17 28 22 42 28 40 27 18 23 16 15 3 
37 18 25 28 22 20 34 27 18 18 12 15 33 28 34 19 25 26 22 37 23 10 16 18 18 40 13 24 22 23 26 28 29 22 33 20 23 26 32 21 25 29 19 14 30 10 19 23 38 38 35 12 34 21 21 17 17 34 18 14 22 16 15 24 21 14 31 25 12 25 16 42 27 48 40 23 22 25 14 23 
22 15 28 15 23 15 34 20 16 15 8 18 30 30 28 14 21 17 20 36 24 11 10 22 20 50 28 19 21 14 20 25 13 33 26 17 33 34 21 14 20 17 8 19 9 25 22 18 17 30 24 26 21 12 20 21 25 37 18 17 23 16 32 21 28 17 27 23 22 26 19 22 20 35 30 1 28 21 16 16 
23 20 26 23 32 18 22 41 13 12 16 17 22 20 40 14 23 29 20 13 26 20 25 26 25 29 21 18 25 16 34 27 16 24 40 23 28 43 40 19 32 40 14 16 16 13 26 24 26 22 31 17 23 9 24 12 16 29 15 18 20 15 15 27 15 16 29 40 14 43 20 32 35 26 33 20 28 10 28 18 
20 25 25 28 27 27 13 16 18 21 15 20 20 43 37 22 17 15 20 31 16 23 10 20 19 28 20 29 34 17 22 13 13 32 16 21 42 36 18 15 27 26 21 17 10 17 18 13 20 41 28 17 15 17 27 12 17 20 32 19 17 22 38 23 19 13 22 22 23 27 19 41 39 31 32 20 31 14 26 16 
20 10 23 31 25 15 23 24 20 14 22 14 21 20 24 15 21 23 4 19 19 23 15 17 25 36 24 14 7 18 29 32 19 25 22 28 41 33 33 17 34 12 26 18 30 22 9 10 25 25 31 29 20 30 16 13 12 44 18 16 20 15 15 21 23 9 31 26 31 29 19 43 30 31 35 20 30 20 28 19 
41 17 28 22 14 15 35 9 16 15 19 25 42 38 21 17 20 15 16 29 10 11 12 19 14 34 21 21 25 16 28 31 17 20 15 14 33 9 8 12 22 34 27 20 22 15 33 24 22 25 14 26 20 41 22 17 20 20 14 15 23 19 41 29 30 11 27 19 19 24 13 22 29 44 36 21 14 11 26 22 
27 22 20 35 15 15 29 30 17 20 14 17 27 25 42 14 20 26 13 23 23 8 25 16 22 21 9 15 16 14 36 21 27 27 11 6 36 17 27 16 42 29 25 9 24 22 23 13 24 32 30 30 23 23 14 12 18 55 21 24 22 11 26 23 29 11 20 14 19 31 21 15 20 18 32 17 27 18 35 23 
33 18 9 10 18 22 21 23 15 12 13 18 32 16 23 8 28 25 18 24 14 16 14 16 21 22 30 21 20 14 26 21 30 12 19 21 32 25 30 23 15 30 27 15 21 13 31 20 20 23 25 18 19 15 22 15 21 38 25 17 18 15 38 14 27 13 25 20 23 24 14 20 34 28 24 29 18 7 14 21 
19 21 26 29 26 17 40 35 21 14 16 17 17 26 35 6 23 27 20 23 23 19 18 15 17 34 30 18 14 16 14 33 20 22 25 14 40 25 13 11 20 23 16 15 18 15 17 19 34 25 15 21 26 18 27 16 20 46 20 21 20 19 21 23 20 20 25 22 30 16 22 35 40 35 34 26 10 25 24 19 
30 18 21 22 26 19 32 14 25 14 16 23 37 17 29 14 17 24 10 27 25 13 25 19 21 32 16 13 23 19 21 29 13 17 27 16 39 27 24 9 28 25 27 10 15 18 29 30 26 30 36 20 19 27 5 11 10 39 20 20 24 19 28 20 19 16 33 16 29 37 21 27 20 30 39 14 17 16 18 23 
27 11 24 23 25 30 14 15 19 10 20 22 21 23 45 16 16 35 15 29 27 24 10 11 16 29 24 22 18 14 13 19 14 26 14 14 31 29 25 16 27 37 22 4 18 21 32 20 22 18 33 36 22 36 24 14 23 36 24 23 25 9 22 24 20 12 18 26 15 27 19 25 19 31 39 24 11 21 24 22 
47 13 26 22 17 19 33 16 8 18 21 25 19 22 22 16 20 20 25 31 26 22 16 10 17 23 28 20 19 15 21 27 19 24 37 15 41 31 30 9 31 29 26 14 25 21 21 19 31 21 21 18 17 28 22 16 11 27 18 16 20 13 28 34 22 14 39 26 27 30 23 20 16 45 35 17 16 17 23 19 
18 10 17 22 9 22 17 25 23 10 16 15 38 18 27 23 28 24 13 37 21 26 12 13 13 35 16 16 21 11 17 12 19 21 14 22 34 29 29 22 30 12 18 9 20 18 35 17 35 23 30 37 16 26 24 14 23 29 22 19 10 19 19 12 10 16 40 27 15 13 19 26 27 26 39 17 26 16 26 17 
16 12 37 28 16 15 20 31 19 21 11 21 13 21 26 15 14 24 21 29 13 12 20 18 20 25 25 15 32 21 35 31 24 33 16 21 10 35 24 12 18 49 19 15 23 19 28 21 28 29 29 26 18 31 18 20 19 36 17 22 16 15 34 35 20 14 34 29 22 28 5 28 33 20 34 25 12 11 20 15 
26 15 27 34 17 29 16 21 23 8 11 21 13 18 39 19 24 23 15 27 18 23 16 18 21 9 32 14 23 16 28 23 27 27 25 20 33 25 37 11 22 49 16 9 22 22 22 26 37 40 17 27 19 31 26 17 17 24 17 25 15 17 32 22 25 22 37 30 22 32 19 23 39 19 30 28 23 14 29 17 
21 8 25 30 35 21 26 28 27 14 19 20 24 26 39 17 23 26 15 24 24 13 20 16 14 27 41 15 25 13 35 30 16 26 16 20 7 20 19 14 15 42 20 16 20 24 24 32 17 18 18 15 23 34 19 10 19 27 14 22 15 13 36 30 16 18 22 31 17 25 25 27 27 26 17 18 20 22 37 23 
43 17 26 39 19 26 28 20 19 14 24 14 41 24 37 20 14 24 17 24 29 22 14 15 16 33 21 18 18 23 16 19 24 33 26 19 28 23 20 12 25 41 21 20 31 18 28 23 29 24 26 21 33 26 11 20 15 21 21 18 11 10 28 21 25 26 25 23 20 22 19 27 40 38 55 18 22 12 22 15 
4 18 37 27 26 29 33 16 23 23 10 24 41 28 32 12 18 26 17 30 23 29 17 23 19 41 30 18 21 11 40 17 26 25 12 22 25 48 34 22 32 33 20 16 18 21 31 17 31 30 30 16 14 27 21 17 19 15 16 29 13 6 19 18 21 16 27 26 21 20 22 16 26 24 21 22 28 22 21 22 
37 16 24 37 22 23 24 23 20 10 16 16 28 24 35 11 28 31 17 18 28 18 14 24 13 29 29 13 30 16 18 19 23 25 25 20 29 28 25 19 31 28 25 18 29 10 25 22 26 21 26 19 24 24 19 16 21 19 22 17 20 15 42 27 18 20 13 29 20 11 15 26 27 16 45 23 30 26 20 17 
37 18 21 25 21 29 19 26 15 18 16 16 24 19 19 18 20 28 14 27 19 18 18 24 17 14 16 14 30 13 25 32 21 35 27 21 30 32 16 19 27 43 11 10 22 21 27 22 16 22 16 30 19 25 23 23 31 36 17 19 29 13 32 23 23 14 48 25 26 23 27 35 35 35 28 20 23 26 21 17 
21 11 24 24 21 23 24 18 15 17 18 16 30 25 40 21 14 28 12 18 21 29 10 15 19 46 29 23 24 21 20 29 15 35 15 19 25 33 23 12 22 31 26 16 14 18 27 30 10 16 25 17 21 30 20 19 14 44 18 22 34 20 28 23 19 25 47 23 19 31 18 31 12 25 24 7 29 15 34 13 
31 19 13 29 7 28 22 29 19 19 17 20 47 16 14 13 16 25 13 23 28 21 21 17 14 44 26 21 27 16 10 35 14 32 24 6 39 23 23 16 13 24 35 13 16 15 18 17 18 27 24 30 23 30 16 15 17 46 16 26 24 13 39 10 26 19 23 27 27 26 20 29 33 31 23 16 24 22 31 21 
30 17 20 20 17 26 19 11 12 11 18 14 19 25 44 18 15 28 10 21 20 26 19 13 34 24 29 18 19 19 41 14 15 28 24 24 35 31 6 18 35 33 30 21 29 20 20 28 31 17 20 20 12 21 15 18 22 24 19 25 25 16 28 12 25 22 21 11 23 29 24 27 22 52 28 17 27 15 20 31 
26 12 29 29 28 32 36 34 19 14 17 22 43 27 17 18 28 38 10 28 24 16 13 25 15 29 24 24 25 18 23 16 20 15 17 18 42 30 29 13 14 25 21 20 20 24 26 22 19 31 20 21 30 19 24 17 19 39 15 22 12 17 23 17 27 14 27 25 18 25 22 23 41 34 56 20 24 18 36 16 
32 17 15 29 21 24 25 30 21 24 7 29 34 26 34 20 15 17 19 21 18 15 15 15 25 32 18 21 23 15 25 36 19 20 24 25 26 35 23 16 31 21 21 21 19 16 24 21 27 33 32 21 12 20 20 21 15 25 15 22 17 11 27 31 22 27 22 19 9 23 22 36 35 8 27 26 28 10 36 20 
21 14 36 43 20 18 30 31 24 19 19 26 18 29 26 19 19 29 24 28 8 34 18 24 17 29 27 9 24 11 33 19 18 25 22 12 35 39 20 17 21 22 17 15 23 23 26 26 37 18 24 32 25 29 21 18 14 31 8 21 22 17 32 25 19 18 45 15 21 16 14 32 31 22 26 22 27 18 16 20 
27 20 30 34 12 12 24 28 13 16 15 13 22 19 37 15 28 27 13 39 21 15 20 18 16 28 18 28 23 21 33 27 10 25 28 17 35 57 32 11 22 31 29 14 23 23 13 23 28 35 23 20 21 32 22 21 7 17 18 23 14 23 23 19 20 17 40 11 24 25 7 30 25 36 17 34 32 25 24 23 
33 20 20 38 19 25 36 36 22 21 11 21 23 15 35 11 17 20 18 19 22 21 18 15 17 13 18 18 17 20 29 32 21 26 19 15 33 29 23 16 17 19 18 27 13 15 23 27 20 25 21 22 15 23 26 14 28 31 15 26 16 19 29 21 20 21 29 23 28 30 15 35 38 31 22 19 24 13 23 12 
25 33 16 26 13 27 26 26 28 12 18 27 36 18 36 17 22 28 16 28 19 9 8 15 12 31 21 17 25 16 25 23 17 22 29 18 16 29 30 18 20 19 24 10 24 11 38 20 18 29 25 36 13 27 14 18 20 23 12 26 25 15 39 18 19 24 38 25 29 15 14 32 30 13 24 14 19 24 11 23 
37 24 28 32 6 21 21 25 27 12 12 18 15 12 33 20 14 17 19 37 22 19 21 13 18 17 30 18 22 19 28 24 30 25 29 10 25 36 9 11 30 24 27 14 23 16 27 23 35 37 21 15 16 23 16 13 26 29 12 18 22 17 32 33 25 13 37 22 31 34 16 26 26 23 34 16 21 16 25 14 
15 31 26 30 17 30 27 18 16 17 11 20 31 26 39 23 11 36 14 42 8 14 16 24 14 21 30 23 27 16 24 29 21 27 22 20 26 17 34 16 28 23 20 13 13 22 25 32 15 23 17 33 20 31 15 21 18 28 25 27 14 18 29 24 22 20 40 23 14 33 19 21 27 35 42 24 20 21 15 24 
24 20 21 24 16 19 19 20 19 16 15 20 31 18 32 19 22 30 13 30 30 29 21 25 18 26 36 14 21 20 18 15 19 30 28 22 32 43 26 19 25 44 21 16 29 16 25 11 36 35 14 26 16 30 22 20 18 12 21 17 21 20 27 28 14 21 31 19 16 18 23 15 42 31 34 17 25 20 23 27 
22 18 32 30 13 24 31 23 23 19 16 17 35 11 18 18 27 17 21 17 27 21 20 23 23 20 17 30 27 22 18 30 30 33 13 18 26 36 27 20 21 23 25 20 12 24 33 21 26 31 36 24 15 25 23 18 21 36 13 22 20 10 20 22 20 16 33 21 21 31 11 30 21 24 21 9 20 11 30 12 
33 15 23 16 23 24 42 32 20 19 21 29 27 5 39 17 13 34 15 28 17 16 15 19 24 24 39 22 17 14 31 38 18 18 26 21 26 34 18 19 20 31 15 20 3 22 30 25 27 24 10 19 20 33 15 12 18 32 24 32 8 8 22 32 13 20 24 5 24 24 18 26 40 16 36 27 27 20 34 20 
29 12 22 13 19 15 27 27 13 12 12 20 30 25 25 20 24 29 20 21 18 19 21 18 21 32 20 17 19 19 22 6 20 33 36 13 25 38 23 12 36 15 30 17 17 25 28 21 46 24 26 14 15 35 20 11 18 19 10 23 23 17 22 27 19 17 31 20 9 14 9 32 36 29 38 15 21 12 19 20 
35 14 24 23 22 24 35 29 21 5 6 14 43 8 10 14 32 24 16 13 29 22 22 3 20 28 21 19 29 19 21 15 17 24 29 22 20 31 25 14 8 31 23 10 31 19 25 22 43 22 27 25 23 20 24 17 11 38 16 22 18 12 11 16 23 22 36 20 28 22 13 22 26 27 30 27 22 5 35 18 
18 10 19 24 13 19 10 18 16 21 13 10 28 27 11 15 27 21 13 20 17 17 15 22 24 23 32 14 15 22 24 20 11 18 33 14 26 29 21 17 27 32 21 12 24 18 28 14 33 25 29 30 16 15 21 12 17 53 15 23 21 19 42 27 20 14 20 16 15 26 20 39 26 38 29 24 31 16 26 21 
24 20 11 21 8 16 23 25 20 15 12 22 33 15 15 14 21 18 14 26 19 14 11 24 17 33 30 14 19 14 31 18 24 26 37 8 22 25 24 21 24 21 21 18 19 16 19 40 19 26 19 26 26 27 32 21 16 25 20 23 17 15 35 14 22 20 13 18 23 18 21 28 33 26 40 22 14 14 22 26 
21 14 22 16 13 20 33 28 24 16 9 14 57 22 45 13 19 19 14 28 31 13 10 14 24 33 30 16 21 17 27 18 8 36 34 19 29 22 23 21 27 18 27 11 31 24 40 30 37 23 22 21 31 18 24 19 18 5 22 24 13 11 33 25 26 15 37 25 12 34 12 18 31 26 40 18 21 21 18 16 
34 18 24 26 22 21 13 25 12 17 14 17 26 27 23 10 14 36 12 31 20 29 16 14 18 21 18 19 11 22 22 24 19 23 29 23 23 30 24 16 33 18 19 8 34 13 29 32 26 23 20 23 21 29 14 15 15 35 12 22 27 19 27 31 24 20 37 27 33 36 20 29 35 16 23 31 16 14 19 14 
17 21 20 40 23 27 21 24 18 16 19 18 51 13 27 14 20 29 7 30 16 16 22 21 13 31 25 16 27 15 26 32 21 33 29 20 36 18 37 21 23 18 25 21 21 19 25 19 26 24 23 23 17 41 24 20 28 47 10 23 19 15 40 13 27 14 27 23 15 40 20 36 34 25 42 26 19 16 23 17 
34 27 23 36 19 23 30 41 11 23 22 22 28 22 39 16 16 25 10 28 17 19 20 28 19 28 35 20 19 19 23 26 15 29 27 22 19 39 27 12 21 30 25 16 11 26 7 21 32 12 30 27 5 28 18 18 28 22 15 17 20 16 28 19 8 23 37 22 19 24 18 31 38 22 30 13 26 19 16 19 
30 17 25 29 28 11 35 18 23 23 10 26 26 18 16 13 15 26 18 24 20 24 7 16 12 25 25 22 23 16 26 30 16 40 30 5 32 26 19 12 19 29 22 15 9 18 26 19 6 35 30 24 16 37 17 25 23 27 21 14 20 16 32 17 24 11 38 18 15 33 25 22 18 25 42 15 13 13 23 28 
17 12 12 36 16 28 29 32 24 5 13 26 28 16 36 16 18 26 14 31 12 11 23 15 14 29 25 11 21 16 23 24 16 30 26 24 24 24 20 20 22 36 14 9 14 14 26 23 33 32 24 13 15 40 24 13 27 46 23 22 18 16 23 21 19 21 23 16 24 32 19 33 35 30 14 19 25 22 15 18 
28 23 19 21 23 14 39 26 15 15 20 22 19 14 27 21 22 30 15 27 27 16 23 15 16 28 35 19 31 17 25 30 26 24 24 7 35 22 34 15 24 25 21 18 18 10 18 22 28 21 22 17 20 24 16 13 14 22 21 31 14 15 33 13 19 23 47 24 16 25 22 12 9 27 20 26 32 20 25 24 
20 17 19 27 28 26 11 30 22 20 19 15 37 16 12 13 16 35 18 20 17 20 20 17 13 38 28 26 22 8 26 34 21 22 20 24 21 24 13 19 29 27 12 11 18 25 19 13 32 12 17 20 28 28 19 14 22 35 19 23 33 7 35 24 14 27 34 21 26 28 16 28 18 27 28 10 33 11 13 14 
21 20 21 25 18 23 30 15 17 11 15 14 28 20 29 18 14 37 15 35 26 14 21 10 15 21 20 22 29 17 32 6 21 32 15 9 43 40 24 18 31 26 18 17 23 21 35 18 16 35 15 31 13 16 13 13 20 37 14 21 14 15 22 27 17 16 25 14 18 19 21 20 14 34 14 15 34 22 28 22 
31 20 18 29 20 16 43 27 14 14 16 13 26 23 44 12 25 28 19 20 12 16 18 18 16 42 28 15 22 14 25 31 13 31 20 14 37 16 10 18 36 26 26 23 16 25 15 32 24 22 14 24 19 18 24 23 20 28 17 25 13 18 17 24 18 19 28 28 9 23 20 29 15 40 21 11 31 16 31 23 
25 18 27 23 12 13 32 22 14 14 12 17 45 25 18 20 31 29 13 19 15 19 13 31 23 17 22 14 27 9 18 21 15 15 22 17 19 35 15 15 20 24 31 12 21 20 34 26 20 22 32 16 22 17 23 13 30 30 18 14 36 13 32 23 18 18 28 19 30 23 23 36 19 46 36 21 15 12 32 18 
41 25 26 24 16 27 31 23 34 11 18 25 38 23 16 19 13 31 8 24 34 18 15 18 18 11 17 17 17 13 31 30 19 23 18 11 26 20 14 13 22 12 28 20 24 16 20 15 14 20 28 20 24 23 22 18 19 25 15 25 24 14 41 20 22 13 34 33 28 27 20 24 23 19 27 20 31 25 32 20 
17 16 18 26 27 13 20 17 16 15 16 20 38 28 35 16 24 21 19 27 26 21 18 19 18 19 22 15 31 17 15 32 12 21 36 6 13 32 29 18 27 38 19 11 21 16 23 25 24 28 31 21 17 35 19 16 23 38 10 24 28 17 34 23 27 19 16 17 33 24 20 39 28 33 41 28 24 14 21 25 
63 17 28 30 12 28 27 30 13 18 19 12 42 14 32 16 9 27 21 30 30 15 23 21 18 28 27 17 26 10 12 32 24 24 40 16 38 26 22 20 26 24 25 12 19 19 32 25 25 21 19 24 18 30 13 17 24 25 18 14 23 13 16 10 16 16 18 13 30 7 17 36 35 37 28 19 17 11 24 24 
31 23 26 27 16 37 28 7 21 13 17 28 30 22 37 15 19 31 14 27 26 17 14 22 18 10 32 19 23 12 29 22 19 18 26 10 29 27 20 10 19 29 18 14 23 20 12 13 41 25 22 21 12 32 17 21 20 26 21 15 17 17 42 29 19 15 38 20 26 21 32 23 30 37 43 21 29 14 32 28 
26 21 15 20 29 17 18 21 7 14 13 18 37 25 15 14 13 33 3 41 30 26 14 18 19 22 35 18 12 20 23 23 19 28 16 24 35 29 28 16 3 28 19 13 13 13 23 21 36 18 24 27 24 31 19 14 11 43 27 22 24 19 20 30 20 18 19 25 17 30 15 21 32 22 32 13 24 17 31 22 
15 9 23 25 23 34 13 21 17 14 13 10 41 16 27 14 30 37 16 25 20 31 20 25 17 31 21 15 27 9 23 26 19 34 23 15 26 38 32 18 27 37 19 18 27 15 39 17 25 29 29 26 8 31 11 25 12 23 19 25 20 12 16 25 10 11 47 24 21 15 16 33 24 20 24 16 13 13 26 15 
16 20 35 31 26 18 20 27 23 13 16 14 44 26 52 9 28 14 22 33 20 20 21 24 20 26 29 21 18 14 24 28 21 27 29 5 20 19 19 15 28 22 12 12 20 24 26 17 28 28 17 25 11 22 14 10 16 39 15 33 16 11 34 16 10 21 34 34 20 30 13 24 27 17 26 20 22 12 20 19 
23 13 14 30 23 30 14 25 19 12 22 17 38 14 42 16 24 20 11 33 18 26 19 27 21 46 21 23 24 16 24 24 21 31 30 21 30 23 26 14 24 15 19 19 24 24 25 9 21 34 23 25 29 31 23 13 16 22 11 8 22 17 33 21 28 11 41 19 30 30 10 30 25 35 40 16 32 13 20 11 
31 15 28 18 18 20 24 25 22 11 9 20 44 13 29 12 20 29 21 22 19 19 20 13 21 27 20 21 20 19 30 30 15 24 23 23 30 33 23 12 26 17 27 12 26 11 46 27 27 29 26 28 15 42 17 15 19 29 13 27 27 10 33 25 25 16 33 14 24 27 26 27 24 34 11 25 29 24 21 11 
31 19 16 21 24 32 22 25 15 15 22 26 24 24 17 15 21 20 18 32 29 21 15 8 23 31 36 23 31 15 40 21 21 19 17 24 21 31 25 12 21 26 12 17 23 22 26 22 32 21 33 21 10 19 17 17 15 30 16 26 17 20 27 22 25 21 12 15 22 30 20 40 17 21 19 17 21 22 19 26 
21 20 19 16 23 22 15 24 28 14 15 25 39 29 43 12 19 18 13 25 18 26 23 14 16 26 17 20 16 21 19 31 24 21 21 13 40 21 26 16 18 15 21 15 20 19 23 34 25 25 21 20 19 21 14 21 13 7 24 20 12 6 24 31 15 19 28 25 19 36 20 20 16 38 37 14 21 18 29 22 
27 26 28 34 27 22 20 19 7 16 10 15 24 24 27 17 17 24 18 20 21 27 23 14 25 20 23 16 14 12 18 26 26 26 9 21 28 26 26 15 14 27 13 18 21 16 26 6 34 34 16 17 29 22 25 19 17 16 15 28 35 17 16 25 28 17 25 25 25 28 20 31 33 36 25 11 9 15 33 19 
26 22 37 16 25 19 23 9 13 7 11 26 45 18 37 20 19 25 12 29 19 18 11 17 20 31 27 21 29 23 18 9 10 18 27 21 17 21 30 20 16 21 15 21 13 20 42 24 36 34 23 18 21 17 14 12 17 10 19 23 25 19 23 25 13 18 34 23 17 37 12 23 17 18 27 19 16 21 29 18 
16 14 25 26 16 32 15 23 15 14 18 22 32 20 36 12 20 30 12 26 26 25 21 23 14 18 20 17 28 12 25 17 8 24 21 15 25 25 24 20 13 22 20 13 21 22 25 19 21 29 22 26 30 28 18 13 16 34 19 35 25 18 30 20 7 16 28 20 19 29 13 30 40 27 11 11 25 30 35 23 
42 18 18 35 22 23 25 16 24 19 11 27 36 26 33 25 12 26 16 31 15 14 12 13 16 24 24 19 28 10 16 46 25 23 28 12 34 31 20 14 25 42 29 8 20 14 17 21 20 23 40 19 24 34 21 11 13 24 19 7 26 21 17 15 14 23 41 18 17 24 19 31 30 35 48 17 10 25 22 15 
25 13 27 35 22 27 32 38 25 18 18 23 14 29 42 16 22 13 17 30 22 17 17 21 26 20 21 18 24 19 25 25 28 23 13 25 34 22 20 15 19 34 27 14 13 19 25 29 22 21 19 33 16 20 15 16 21 30 17 18 22 8 20 27 20 7 25 20 13 37 22 17 37 24 17 22 31 19 8 14 
37 24 30 41 25 22 6 14 19 13 22 19 28 22 33 18 18 17 15 14 17 34 15 21 25 26 28 14 16 13 26 23 24 25 25 18 34 32 27 20 28 34 14 14 25 13 21 17 33 35 11 18 13 17 18 16 26 40 27 12 22 23 13 16 19 20 28 22 24 28 20 34 29 33 38 18 27 15 27 28 
27 8 25 29 21 22 27 28 21 24 16 26 24 24 35 17 25 25 22 37 27 25 14 22 22 22 22 12 28 20 24 31 26 35 27 23 35 39 17 15 25 27 23 17 22 15 28 22 40 27 34 21 18 32 18 14 14 31 17 21 19 23 2 18 24 23 33 14 12 27 20 25 26 22 34 20 25 23 35 17 
33 17 35 18 13 25 29 35 17 14 14 31 22 22 35 16 24 24 24 26 18 21 12 15 13 27 28 16 32 21 22 33 37 37 11 22 31 26 22 15 33 19 14 8 18 18 26 19 22 26 31 25 29 24 18 14 15 38 22 14 19 15 16 15 24 22 44 23 10 25 12 3 36 29 31 23 31 5 24 12 
29 23 21 19 9 24 36 31 18 16 15 21 23 12 19 10 27 30 18 23 14 26 23 23 13 16 37 17 18 20 13 30 25 14 27 17 28 19 16 15 15 9 27 12 29 17 28 27 19 27 24 28 16 27 20 19 22 30 16 24 23 21 30 17 22 17 34 16 38 27 20 40 47 33 34 21 27 25 25 16 
17 18 20 35 17 19 39 35 21 16 20 36 38 19 35 15 26 25 14 35 21 25 8 22 9 33 23 18 20 13 22 21 19 19 23 10 41 27 17 31 35 29 24 7 19 18 15 30 19 12 26 22 23 24 20 16 16 22 18 19 22 10 23 24 25 23 26 18 12 27 15 36 52 42 38 17 27 15 20 23 
12 18 30 35 23 18 32 41 18 13 19 15 21 23 32 9 22 38 19 29 27 24 14 16 16 38 24 23 26 16 24 21 24 27 32 23 27 33 35 7 29 41 9 20 24 23 39 27 28 20 23 21 17 20 15 21 19 10 15 26 23 21 30 23 32 19 47 16 22 26 24 27 30 24 37 29 24 14 16 31 
29 25 20 30 18 21 29 28 22 18 18 18 36 14 43 19 24 20 13 18 19 18 20 21 16 17 22 16 19 8 30 11 25 14 30 19 33 27 26 20 32 13 16 19 22 19 33 16 20 23 20 16 17 12 24 11 12 30 27 11 8 10 12 23 19 18 28 21 17 28 17 35 30 19 37 30 28 25 35 13 
24 17 18 22 21 29 26 11 13 23 14 21 34 29 27 24 27 29 16 22 21 22 15 21 15 45 13 13 28 16 32 25 22 20 9 22 28 16 22 10 13 38 26 14 24 21 20 23 15 39 26 23 6 28 17 12 15 43 16 19 23 29 28 17 27 15 40 41 28 30 18 22 24 30 27 20 25 13 23 13 
29 26 32 22 18 21 26 25 14 15 12 13 28 27 22 18 27 20 16 22 18 27 23 12 17 33 23 27 28 11 33 21 14 29 14 19 31 42 19 12 24 25 22 13 30 21 19 12 34 29 17 19 19 18 13 20 21 20 20 25 14 10 14 26 22 14 36 23 17 35 29 26 36 47 42 19 26 14 28 19 
29 12 7 17 17 25 39 26 18 13 13 23 18 26 16 13 22 6 15 32 16 18 16 20 17 25 36 18 18 22 28 15 39 39 19 12 46 23 19 17 17 26 25 13 31 27 24 27 30 21 23 22 22 21 16 9 15 29 20 11 18 23 37 27 26 21 34 26 22 27 23 27 16 17 32 16 14 18 16 18 
32 29 31 25 7 22 16 24 13 11 21 18 25 25 46 21 29 22 14 32 13 15 13 9 16 20 25 22 28 21 22 29 24 21 19 17 34 11 17 24 37 35 13 17 23 21 21 29 37 19 22 30 23 28 22 21 29 21 19 21 17 16 30 17 17 28 41 25 23 37 24 31 18 22 26 22 18 18 21 12 
17 25 23 34 15 20 24 24 15 19 9 17 31 26 24 16 22 30 17 14 14 18 19 19 7 32 30 14 20 11 26 8 9 23 28 18 21 17 22 15 16 23 18 22 21 13 24 16 42 29 20 25 24 30 21 15 23 52 22 25 7 12 15 23 20 20 24 18 26 27 13 35 5 27 22 15 11 16 21 23 
25 19 21 20 13 30 25 32 11 17 18 23 32 23 31 15 26 25 11 29 10 13 10 15 13 18 21 25 21 14 27 27 21 17 22 25 38 16 24 21 19 24 20 18 30 22 34 21 19 38 12 24 20 25 23 19 14 34 23 15 23 19 35 15 27 16 15 24 33 22 18 28 33 32 16 10 16 8 25 16 
34 20 22 33 10 23 28 29 14 14 13 18 26 23 27 16 22 18 22 21 18 13 11 18 30 33 39 14 24 14 33 23 15 36 27 13 21 24 18 17 30 29 27 14 19 35 6 24 26 25 23 13 14 16 12 19 19 19 36 18 22 19 30 18 26 24 32 14 12 27 16 25 21 30 38 29 19 13 24 19 
15 16 34 38 18 24 20 33 14 17 16 16 25 29 28 15 25 30 17 31 26 23 10 16 21 35 35 17 22 20 33 18 19 32 37 14 12 25 20 13 12 30 27 8 17 17 17 24 15 36 15 25 23 41 14 16 16 22 17 9 15 15 15 31 31 18 27 20 25 20 22 21 42 35 28 23 15 17 20 21 
37 19 16 37 22 25 25 29 9 18 16 20 34 11 24 13 30 24 20 32 23 34 13 23 4 39 27 21 26 15 27 28 20 25 20 25 24 23 22 16 31 28 15 12 18 13 24 21 7 34 36 15 25 28 22 15 18 18 18 23 21 12 32 39 19 21 35 30 15 33 17 23 40 29 37 13 20 30 28 12 
24 14 4 23 29 24 30 23 19 13 18 16 18 18 30 12 21 21 22 23 25 17 19 17 15 25 33 15 30 7 32 32 20 22 25 26 21 19 35 10 22 28 31 17 18 19 29 13 27 25 24 21 23 30 21 16 16 27 12 15 23 22 30 20 29 17 23 16 26 33 22 24 17 33 27 17 24 9 25 28 
20 14 25 15 25 26 30 15 19 10 19 10 29 11 32 17 12 16 23 29 12 19 15 12 11 30 31 12 24 20 19 10 27 30 24 13 36 30 14 16 25 21 15 16 20 18 33 20 36 31 24 22 33 25 12 17 17 17 24 29 17 26 9 22 29 22 22 23 23 37 13 22 19 42 19 20 20 17 25 22 
34 29 23 31 18 23 32 24 16 17 19 27 33 23 18 15 16 38 10 37 24 18 12 20 12 28 13 17 24 16 19 15 18 23 29 15 41 23 33 18 28 29 12 19 26 20 13 18 38 35 23 35 23 23 7 13 11 31 17 17 16 17 8 15 19 11 22 21 18 22 23 19 25 27 35 14 19 22 19 28 
25 16 15 33 25 24 25 24 20 13 20 7 26 19 22 20 17 30 11 27 31 23 21 23 11 29 41 16 26 22 18 20 21 31 12 20 29 22 28 13 26 36 22 11 22 13 45 25 30 28 40 27 27 27 29 7 19 28 19 20 24 14 19 21 28 20 41 15 33 25 21 23 27 21 38 24 28 22 21 21 
28 21 38 29 10 27 21 24 13 7 15 29 36 17 20 18 23 15 11 28 24 17 17 23 12 21 31 23 15 13 20 22 21 12 19 15 44 15 31 23 31 18 18 15 22 17 19 15 30 35 19 26 29 31 13 13 16 19 18 11 34 11 23 17 22 19 32 17 30 29 12 26 27 32 25 23 23 18 22 15 
21 19 23 27 14 34 19 23 16 9 11 19 39 21 27 18 24 28 16 29 21 21 15 19 17 25 24 18 22 20 27 29 20 20 31 12 25 44 28 13 26 46 18 13 16 19 43 25 17 29 32 12 10 18 18 9 22 28 16 25 16 20 30 13 23 12 38 25 11 33 20 19 16 16 34 11 23 17 33 21 
32 15 31 34 15 22 24 34 18 13 21 15 44 20 29 11 26 31 15 17 24 11 9 20 18 28 12 16 16 20 27 35 18 24 30 11 31 29 26 13 16 34 24 13 16 16 18 34 22 35 23 24 9 29 22 16 20 29 14 18 15 18 38 10 19 15 25 24 24 27 21 30 31 20 24 11 20 13 29 18 
21 13 14 24 19 33 29 40 18 15 11 29 31 19 36 11 25 29 15 31 20 18 14 24 20 22 30 12 13 9 22 27 14 39 26 16 32 22 23 21 45 29 18 19 20 9 30 16 28 13 10 10 13 28 7 17 17 37 13 29 17 13 26 22 18 21 37 15 21 13 29 31 41 32 31 22 21 17 25 21 
16 17 21 35 17 23 27 23 19 15 23 13 29 20 42 13 24 29 16 39 20 8 17 26 17 34 32 22 16 19 12 19 18 25 24 10 23 33 29 13 23 15 13 8 32 20 20 9 27 25 38 25 13 33 18 18 11 38 23 26 6 18 17 21 8 7 35 24 35 24 23 22 13 22 31 18 22 20 34 19 
41 23 23 25 20 22 31 33 14 16 12 20 45 30 27 22 9 33 14 20 25 21 17 19 16 40 22 16 22 11 18 22 16 36 28 24 15 19 33 15 30 23 36 10 19 17 22 37 7 17 28 34 26 19 20 15 21 40 17 26 17 15 22 18 26 20 33 32 22 27 14 22 23 28 29 28 25 8 18 21 
21 20 14 19 10 15 26 30 24 16 11 15 13 27 38 18 20 37 20 32 27 28 10 14 18 34 22 19 25 17 37 34 28 22 24 14 38 26 30 19 21 16 21 18 12 16 17 29 41 25 17 8 26 24 15 14 13 39 19 24 23 14 16 21 13 22 28 15 12 31 21 31 29 38 30 22 26 25 36 22 
29 8 15 31 30 20 16 29 20 13 17 27 27 19 39 10 17 23 25 34 20 22 20 26 17 8 33 19 25 17 20 38 8 33 27 22 31 13 29 15 15 23 17 16 13 19 29 26 16 30 12 9 21 23 23 19 20 28 27 17 18 21 16 21 17 19 23 16 13 17 14 33 32 25 20 21 24 20 26 25 
31 30 16 35 14 21 32 21 18 23 18 19 42 17 35 16 18 28 11 27 29 23 16 20 14 20 36 10 16 14 25 11 20 9 26 17 45 33 17 11 39 9 22 21 21 21 39 22 26 35 23 26 26 18 22 10 27 32 20 27 18 21 37 21 20 24 44 21 7 30 19 18 19 40 25 23 27 21 18 23 
21 16 26 31 31 17 24 22 17 16 14 23 29 18 30 19 20 22 11 26 25 20 14 14 23 39 23 17 28 16 40 28 24 42 23 21 33 16 35 22 32 25 32 17 18 18 30 19 33 8 15 28 17 20 25 15 22 32 15 20 15 18 40 19 24 12 30 23 14 6 18 29 37 40 36 21 22 14 24 25 
32 19 25 21 13 31 28 36 16 16 15 23 45 22 30 13 16 36 16 24 22 13 17 19 20 39 33 28 18 17 22 22 29 22 18 19 26 33 23 21 22 15 20 17 23 23 27 17 39 35 33 13 27 27 21 14 25 37 21 27 9 19 12 17 25 17 37 23 38 27 17 26 35 37 36 23 21 13 29 17 
39 20 27 33 9 32 26 21 16 19 6 13 38 11 22 23 29 26 18 15 17 27 10 20 17 26 21 13 16 15 28 24 19 42 28 26 30 18 29 22 23 39 24 13 23 13 28 26 42 37 25 11 23 21 19 14 21 22 15 12 23 22 11 22 23 21 24 30 29 14 11 20 30 25 42 22 16 22 39 23 
31 18 22 25 26 26 12 20 19 13 11 18 24 18 19 13 29 28 20 24 25 12 17 24 14 26 23 22 26 15 24 26 20 26 27 12 31 21 28 21 24 15 21 13 12 20 32 16 40 26 19 24 11 25 10 18 28 21 19 24 24 25 34 11 14 17 50 31 17 27 24 28 28 34 19 22 16 17 18 12 
32 24 32 26 26 28 19 20 16 19 22 21 28 17 31 13 25 42 22 31 22 26 18 17 27 34 17 22 16 23 20 37 29 17 23 29 33 29 33 14 32 22 25 14 23 17 30 16 28 38 23 27 18 21 18 18 23 27 22 20 26 17 30 24 22 24 19 25 31 28 11 17 29 17 32 16 16 24 31 17 
36 15 26 20 21 16 28 19 18 9 16 19 33 19 56 12 18 25 20 29 20 15 15 24 3 25 29 20 25 17 31 13 20 24 31 13 26 22 30 12 27 32 15 12 28 19 22 25 44 19 21 34 18 22 25 12 25 22 12 20 33 13 26 15 13 11 36 19 29 23 12 31 13 29 50 18 22 17 31 30 
35 16 37 26 16 29 14 27 19 15 13 22 35 28 35 19 11 40 16 29 22 19 13 22 25 33 23 19 31 15 32 28 16 28 22 12 26 24 26 13 22 32 28 19 22 20 9 18 23 33 27 27 30 31 16 15 25 22 14 21 18 7 31 12 23 24 19 30 21 24 22 36 26 17 27 24 14 17 15 16 
45 14 36 20 24 20 31 21 21 15 12 16 27 14 12 7 16 20 12 18 16 23 12 15 19 33 24 10 23 10 24 32 13 17 25 20 22 38 20 11 20 25 25 15 19 12 25 18 25 39 25 28 17 28 15 13 25 39 24 19 20 14 17 29 10 13 27 28 18 23 20 18 15 23 18 17 26 16 18 21 
38 16 37 30 17 25 26 16 20 16 14 17 32 19 16 16 22 25 18 21 19 12 13 21 18 39 17 16 14 12 18 32 22 24 28 19 34 33 28 11 28 33 17 8 26 15 33 20 30 39 20 35 19 22 19 23 32 6 17 14 14 13 29 22 24 19 32 19 22 26 11 30 14 45 23 20 7 17 23 14 
41 18 19 35 19 29 34 16 18 16 14 12 18 15 32 10 25 32 14 18 17 12 17 15 20 22 44 14 26 14 23 32 17 24 29 16 42 26 24 23 19 28 12 16 16 21 39 26 31 36 20 31 12 14 18 14 18 31 20 18 15 19 36 27 24 15 27 29 8 13 13 24 20 28 40 14 11 18 33 19 
17 19 17 28 23 20 21 20 20 10 11 27 48 25 29 16 26 33 12 28 19 14 11 19 19 11 27 25 27 16 24 29 18 34 15 21 26 21 25 24 21 21 29 28 28 17 33 17 21 36 29 20 15 23 23 8 18 29 15 39 36 12 23 16 22 21 39 19 22 18 16 32 12 22 24 24 21 11 21 12 
27 12 25 24 20 27 27 23 20 17 10 15 51 19 22 12 19 18 12 36 17 15 14 20 9 19 30 20 25 8 21 27 24 25 13 10 19 21 29 19 24 35 20 16 18 17 33 29 31 35 19 10 14 26 24 14 20 38 21 12 19 18 15 23 14 20 5 18 18 20 17 29 29 25 33 26 19 21 34 15 
18 10 21 26 23 22 29 14 14 15 15 22 24 33 30 9 21 19 16 19 20 17 19 18 19 41 4 17 23 22 25 17 26 18 22 9 38 44 23 19 24 28 28 6 22 16 23 17 36 28 14 30 21 19 22 19 19 39 25 25 6 20 36 22 2 10 25 24 13 27 11 32 24 24 28 12 16 20 17 17 
38 12 24 27 10 17 26 31 18 18 15 28 19 16 32 15 17 32 22 18 23 15 16 20 13 23 38 19 8 19 33 29 20 35 20 16 32 33 25 18 45 29 32 14 16 20 21 13 27 25 34 20 21 32 19 17 20 17 12 20 15 18 33 21 34 17 30 28 29 20 22 33 12 37 12 19 28 12 13 18 
34 13 22 20 20 13 22 11 8 18 12 15 25 15 16 20 25 23 17 25 13 11 15 18 16 31 24 15 17 14 23 3 18 30 11 28 35 26 29 13 23 33 19 19 26 22 33 5 30 25 21 23 19 23 17 15 17 26 20 18 26 18 29 20 20 18 37 40 18 28 19 35 31 41 47 17 15 21 25 20 
33 16 20 34 7 23 30 23 20 18 18 21 35 23 39 16 20 39 29 31 22 17 18 19 16 37 28 21 19 17 12 36 15 26 26 19 23 15 33 11 29 25 17 23 27 22 20 16 10 39 27 28 13 25 16 19 21 22 18 11 20 18 15 16 16 20 32 24 25 27 16 38 33 10 19 16 14 17 17 26 
26 11 18 27 20 22 38 15 15 22 18 16 18 20 50 13 24 33 18 34 35 22 17 20 22 44 23 22 14 14 26 26 5 22 24 7 23 37 25 15 15 26 13 18 21 25 34 9 30 23 25 15 32 11 28 14 10 28 24 31 25 13 23 18 29 16 35 28 17 20 11 22 43 19 35 23 18 16 23 21 
36 10 27 38 7 19 13 22 26 11 12 14 31 19 33 13 9 20 15 25 31 19 23 15 17 33 23 18 25 16 31 23 20 20 32 21 11 18 20 22 25 29 17 18 30 12 15 20 48 14 28 16 29 25 25 20 24 35 16 17 24 18 37 20 19 18 21 9 20 16 14 26 28 36 22 23 6 12 19 31 
37 24 24 26 16 10 38 29 15 13 19 18 25 18 24 13 14 23 16 22 26 15 19 18 18 39 15 20 26 18 21 24 31 30 21 8 29 25 26 18 32 35 23 14 11 23 19 24 28 23 19 26 20 19 12 13 26 26 12 22 19 16 22 22 23 28 16 26 21 23 22 25 25 13 32 16 32 17 32 24 
41 18 17 27 27 11 35 23 8 9 16 20 41 18 28 16 16 24 14 38 17 11 15 14 33 18 15 26 24 14 31 23 17 20 25 23 24 40 14 17 29 24 20 14 24 21 32 18 61 17 29 26 23 28 15 15 17 39 15 28 29 15 15 22 18 15 36 13 19 8 24 17 33 44 36 19 21 22 23 14 
26 11 28 24 18 20 25 28 19 20 16 16 25 14 60 21 28 28 7 26 27 24 17 15 28 36 23 5 24 11 37 30 11 12 33 18 18 32 18 13 26 29 10 14 12 17 16 24 27 19 29 22 14 22 22 13 8 31 13 30 28 15 36 21 16 20 33 15 24 18 14 28 23 30 24 22 18 21 24 17 
31 17 22 9 19 22 28 23 17 20 6 21 29 22 37 22 24 30 10 30 19 23 12 16 26 22 25 25 19 15 25 26 24 36 29 11 14 24 21 13 19 39 16 16 11 17 21 24 21 34 27 23 23 21 16 13 31 27 27 27 22 20 30 26 13 13 25 29 18 18 22 19 27 31 36 17 22 18 30 28 
30 16 40 23 9 24 10 20 4 7 14 13 31 23 47 21 15 36 22 32 26 23 8 15 13 23 6 16 23 12 32 22 14 32 17 17 34 32 30 13 24 31 26 16 20 15 39 30 16 27 31 20 22 24 12 12 24 19 22 20 8 17 17 30 27 19 28 30 18 22 21 31 29 36 36 15 29 17 33 15 
20 17 23 10 17 19 26 31 23 21 16 24 21 27 52 23 26 42 19 18 22 8 20 23 22 21 28 28 31 19 21 23 21 32 38 27 36 45 28 18 29 24 14 9 17 19 25 25 46 33 29 18 12 25 19 10 29 34 23 15 17 16 28 9 8 20 30 28 30 31 17 19 32 11 15 18 11 13 25 20 
43 15 32 28 16 19 21 18 20 14 10 22 43 18 32 5 16 17 17 24 26 20 12 16 25 25 14 16 21 16 23 26 22 15 18 11 30 42 32 15 17 33 13 16 25 13 33 23 18 23 13 22 9 42 17 12 21 38 25 25 13 17 24 21 13 19 29 30 12 29 27 36 19 35 24 25 12 7 19 23 
28 21 21 21 12 39 39 25 14 23 4 18 24 22 33 12 12 20 16 30 9 22 9 17 16 29 17 21 25 21 34 11 20 25 16 18 23 23 24 20 19 36 17 19 25 17 29 18 31 29 29 14 16 27 33 19 26 28 23 14 18 16 16 19 15 15 23 34 18 36 19 27 14 37 34 21 17 13 31 26 
36 19 13 19 29 30 14 29 22 14 12 18 38 26 27 21 19 7 18 14 25 15 18 16 13 19 30 13 18 17 28 31 14 35 21 22 28 34 29 23 42 31 13 4 7 15 18 27 27 26 7 29 14 17 10 23 18 30 14 24 16 15 27 27 21 18 24 25 26 18 16 15 34 24 47 19 16 22 24 22 
25 19 30 38 19 16 23 31 17 15 16 31 28 28 33 11 32 16 14 37 27 31 9 19 16 30 26 14 20 22 19 31 18 26 10 19 29 25 24 14 20 25 25 19 36 19 31 19 24 24 21 26 21 19 21 19 22 42 14 27 16 17 24 20 31 25 36 26 19 22 21 32 35 25 20 24 23 19 27 14 
22 14 29 24 32 26 21 23 19 13 19 18 43 14 20 23 27 27 11 31 20 22 10 21 14 43 27 21 29 13 35 9 21 22 17 21 25 39 27 12 29 20 25 20 21 21 36 17 18 29 34 26 20 28 26 10 18 35 16 33 11 12 16 23 14 22 21 13 19 27 11 32 30 8 39 18 29 26 22 15 
42 19 27 28 19 22 28 21 16 23 14 19 33 12 34 20 22 25 19 25 20 12 23 13 14 20 15 19 24 17 29 34 28 31 22 17 33 25 28 12 22 21 24 7 16 23 12 21 30 24 34 29 29 25 25 17 21 26 21 18 23 18 26 18 21 20 40 23 26 28 9 5 19 25 23 30 13 15 25 24 
22 17 13 41 29 30 30 20 16 7 23 14 21 17 30 16 20 20 15 9 14 20 24 26 18 27 29 24 14 16 30 27 23 19 23 10 22 36 16 15 25 44 22 13 27 14 18 26 37 25 22 17 28 37 19 13 10 38 17 10 9 22 28 21 12 18 44 14 14 15 29 24 13 36 50 19 14 13 18 21 
25 20 20 22 14 28 38 30 15 18 14 19 31 30 27 19 14 32 11 14 18 29 14 26 13 31 9 18 20 14 25 25 24 21 12 17 37 30 23 16 20 34 19 12 35 25 14 25 41 26 21 19 28 23 17 19 15 26 8 20 21 19 24 19 25 22 27 31 25 19 21 31 31 36 33 20 24 19 32 24 
20 16 27 29 19 25 29 21 24 17 21 18 17 32 22 11 17 38 15 31 29 8 18 15 21 27 22 18 23 18 26 25 33 23 40 22 43 32 35 15 25 27 22 15 21 16 24 15 28 32 30 21 29 21 17 20 8 48 20 19 7 10 22 12 19 13 26 24 18 23 18 25 26 34 37 28 24 18 34 27 
44 13 24 27 6 34 21 35 19 10 11 20 35 22 11 19 15 23 17 10 26 20 19 13 18 33 22 10 24 12 54 25 22 26 26 15 27 20 38 20 10 19 29 13 31 8 14 19 13 35 29 23 15 24 13 22 25 31 19 22 29 17 27 13 31 21 34 15 13 36 19 30 43 36 44 16 23 26 19 17 
39 23 18 29 25 18 18 22 12 18 14 11 32 25 18 15 9 19 16 23 23 23 21 23 25 31 22 23 14 18 25 18 26 22 25 10 23 30 34 16 32 35 22 5 26 24 23 24 20 23 21 21 27 43 26 17 23 18 24 29 24 7 40 15 26 12 34 22 23 17 26 21 41 43 35 15 30 16 15 18 
17 20 21 14 16 28 19 25 15 11 24 16 16 24 31 13 20 35 14 26 23 13 19 14 18 29 20 23 12 20 25 22 13 37 13 10 17 34 20 21 21 23 20 11 28 23 9 24 21 32 21 22 18 20 23 16 24 31 8 20 13 13 33 21 12 25 23 19 27 16 23 23 30 30 40 13 22 24 20 21 
38 22 24 29 21 31 32 25 31 15 16 13 18 19 25 15 23 21 10 18 21 12 11 19 25 24 25 16 28 6 22 29 18 10 22 16 10 33 34 18 17 34 23 12 30 16 31 23 30 32 39 27 14 31 12 18 27 25 15 16 15 22 42 29 20 20 29 27 26 12 22 24 23 27 29 19 29 21 35 20 
25 18 20 21 22 14 27 16 16 13 14 16 43 29 13 15 19 17 22 33 29 17 25 10 14 20 24 21 20 19 27 12 18 21 27 15 46 37 18 24 23 23 24 12 27 19 29 22 40 20 19 18 6 29 23 17 18 35 15 22 17 17 38 20 15 14 31 14 24 40 29 21 37 33 35 26 11 20 19 20 
25 23 20 28 19 28 34 20 25 18 18 22 31 23 49 15 23 17 9 25 20 24 16 18 18 37 7 17 17 21 24 30 20 22 28 20 35 36 20 15 15 15 20 19 21 23 21 8 24 34 10 19 26 33 26 19 12 27 17 16 7 18 28 10 21 22 29 24 15 22 21 24 29 20 33 25 24 21 20 16 
35 10 16 32 22 18 23 20 14 16 21 30 41 19 30 8 17 32 13 22 18 18 16 19 20 20 26 25 19 21 28 15 20 34 29 23 20 26 11 13 32 35 13 8 30 18 36 21 30 29 10 27 19 12 23 18 7 29 23 16 24 12 30 22 19 20 44 21 25 29 18 30 22 31 47 22 15 19 13 9 
34 26 9 21 25 27 28 19 23 13 8 18 18 21 37 19 27 32 19 26 16 22 14 10 15 23 21 17 16 15 35 33 17 21 30 17 22 25 20 19 12 33 25 12 19 17 21 29 21 24 18 14 20 27 19 6 18 29 15 26 24 14 31 18 16 15 26 33 26 24 16 18 33 41 38 27 19 28 15 18 
23 12 15 29 19 19 32 20 16 15 10 21 21 26 37 10 25 27 14 33 22 19 9 28 12 36 14 20 21 10 21 12 20 16 29 22 15 39 27 16 8 28 12 21 17 19 30 21 31 21 20 32 23 16 20 23 23 42 19 15 21 15 27 25 21 16 35 24 18 31 15 21 28 18 3 25 10 18 21 18 
37 12 30 37 15 23 25 18 13 12 11 17 31 14 58 16 17 15 18 13 29 20 9 12 12 32 24 11 27 18 12 21 24 18 18 22 13 32 13 20 31 22 12 14 16 17 7 23 24 21 16 34 28 17 12 21 19 33 20 25 23 16 24 31 25 25 18 22 18 26 16 33 20 40 41 23 23 16 25 21 
39 19 16 16 19 19 18 21 24 22 11 16 33 19 31 22 9 43 19 22 23 16 20 16 16 28 27 17 32 18 36 30 6 18 12 23 22 16 38 19 30 31 10 15 18 24 33 24 29 32 30 13 34 20 14 17 17 26 13 13 22 17 24 15 20 17 39 16 25 21 21 34 26 30 31 24 14 12 32 26 
23 20 32 36 21 23 34 31 22 14 25 18 30 9 8 22 22 23 14 13 18 24 20 27 14 31 29 17 26 9 20 33 22 24 32 19 37 28 30 17 20 25 20 15 21 17 22 11 17 26 35 30 21 30 21 22 16 27 23 24 19 18 25 17 22 18 32 18 21 24 22 25 25 40 35 28 28 21 22 25 
46 16 13 10 11 25 20 26 8 17 19 18 15 17 22 16 20 35 18 43 25 7 10 13 14 28 26 23 20 11 22 22 9 31 30 18 44 49 25 10 16 24 19 14 11 14 37 25 29 33 22 29 16 22 15 20 13 31 20 17 21 11 29 26 21 11 21 24 17 25 24 23 28 39 39 23 28 18 22 16 
35 21 23 19 21 17 26 16 12 18 14 20 43 22 38 16 24 44 19 23 19 33 14 10 8 26 22 16 28 19 33 19 20 15 22 13 38 16 28 8 18 33 27 13 17 18 22 6 40 29 25 25 19 25 19 15 28 22 16 20 15 15 26 14 24 18 31 24 28 16 24 20 23 25 8 16 20 23 37 19 
37 13 30 18 21 20 25 17 24 12 14 25 40 26 31 12 21 15 17 18 16 27 17 8 16 23 24 23 23 11 28 18 24 24 14 13 33 29 32 15 21 18 24 14 26 19 18 32 32 35 24 17 22 27 21 13 16 22 19 18 26 10 35 21 20 16 38 17 31 23 20 21 39 17 24 15 24 17 30 22 
14 24 27 30 18 15 25 25 20 16 18 8 23 17 48 16 27 25 16 43 13 17 11 16 16 14 24 17 32 11 27 22 21 19 17 15 37 32 32 13 10 27 12 19 15 25 14 18 23 36 26 27 21 27 24 15 26 27 17 19 2 19 26 25 16 15 32 30 14 30 19 29 37 29 33 16 24 21 18 18 
23 19 36 28 18 26 14 24 13 18 18 20 22 19 41 22 27 20 7 26 20 30 20 26 17 43 30 24 11 10 16 27 14 23 20 25 21 26 27 19 29 24 21 15 7 12 31 19 22 17 17 33 13 25 25 16 15 31 21 15 12 12 43 26 21 21 36 21 26 25 23 31 43 24 26 20 14 20 21 13 
24 14 34 23 15 22 22 18 22 16 16 17 16 24 44 14 25 34 17 23 20 20 16 16 10 11 22 18 19 16 23 26 26 23 20 20 32 23 17 22 15 17 10 14 16 19 25 27 26 35 21 26 36 26 23 16 18 24 13 36 30 19 26 23 12 17 25 22 17 27 13 24 16 47 18 13 30 13 24 5 
31 29 22 19 21 25 25 14 21 21 15 11 27 20 18 21 28 23 17 13 20 13 26 20 15 37 20 15 31 17 29 32 20 23 19 21 27 32 30 12 26 37 9 19 18 15 24 18 31 26 21 26 16 19 13 21 20 29 17 25 23 18 27 24 30 21 34 22 15 11 16 16 32 44 23 26 14 20 24 17 
31 19 20 26 16 13 19 11 18 23 12 24 28 14 35 16 17 26 17 30 20 27 11 11 14 27 27 22 23 17 22 20 27 11 13 17 26 31 19 19 39 27 30 15 21 20 32 32 21 29 22 36 23 21 20 8 21 38 18 13 27 19 22 21 16 16 37 10 24 20 18 16 46 38 15 18 25 22 23 18 
18 18 29 29 22 26 16 31 10 17 17 20 29 16 25 16 24 25 18 33 22 24 18 24 16 21 23 15 22 11 27 32 27 23 30 16 1 25 19 13 19 37 12 16 23 14 37 22 23 30 21 23 16 23 13 14 10 35 21 26 19 20 40 20 15 19 26 14 28 31 18 12 26 24 25 15 11 21 30 12 
31 30 16 33 25 24 23 28 12 20 21 22 32 30 34 17 19 23 11 26 30 20 20 23 31 31 28 14 22 25 26 28 16 8 24 23 32 31 29 15 20 31 18 14 30 31 22 27 40 31 28 28 28 32 18 13 26 32 20 17 19 12 33 25 11 23 37 23 28 35 22 19 21 31 45 16 23 20 36 16 
27 17 19 20 23 34 24 19 17 20 16 9 25 15 19 20 21 22 16 40 22 22 15 25 19 24 26 15 39 18 21 29 18 31 32 16 23 38 14 15 20 24 25 17 10 21 29 21 31 22 23 25 17 20 17 14 21 47 15 22 19 13 37 22 15 15 26 32 20 20 14 3 23 23 34 30 15 23 19 17 
29 19 22 29 29 18 19 22 16 23 16 24 37 23 34 21 20 30 15 23 14 11 16 14 11 23 21 16 24 22 22 28 16 21 21 10 48 18 13 25 22 25 31 14 25 19 24 38 34 20 24 22 21 11 23 12 18 38 18 13 28 17 34 12 25 24 34 15 27 19 22 31 23 36 34 12 19 17 33 15 
31 23 19 28 15 26 25 29 20 19 15 14 44 14 30 17 24 27 15 31 17 29 16 23 21 37 39 11 18 25 31 19 21 25 28 11 21 28 19 23 27 27 19 4 31 15 28 26 34 35 18 25 30 21 26 21 22 40 29 18 33 14 21 21 22 28 19 27 19 34 19 18 33 45 27 10 26 17 36 18 
39 23 11 24 25 25 29 29 21 14 13 25 43 10 30 20 12 30 16 29 11 19 11 22 21 13 19 17 25 12 27 17 11 17 31 16 52 16 30 18 17 19 23 16 12 20 21 13 36 36 18 24 16 35 18 6 28 19 18 22 15 21 21 27 18 15 19 29 15 36 23 19 30 32 25 24 21 18 33 18 
29 29 26 26 23 18 16 30 25 20 17 24 35 29 31 9 17 26 16 24 38 23 16 19 18 21 29 28 24 11 20 28 24 18 25 21 17 40 19 17 17 37 16 14 20 21 29 20 25 19 16 35 9 36 13 17 23 37 12 31 10 17 16 34 17 25 34 37 16 29 13 32 56 16 12 28 22 10 32 24 
31 19 19 23 20 21 28 28 15 10 12 19 28 27 34 14 27 8 19 26 23 24 14 16 14 32 12 28 21 20 30 25 14 19 25 16 25 28 26 17 29 14 24 15 26 8 22 35 22 20 21 20 9 26 14 18 13 40 10 27 22 18 31 16 16 11 35 22 27 28 22 36 18 18 37 9 23 22 27 23 
35 19 35 18 23 25 26 20 12 13 12 21 28 18 40 17 21 21 22 27 15 17 13 24 7 39 18 13 17 19 29 17 16 40 18 23 30 39 26 19 42 18 19 17 27 11 32 15 35 34 26 21 25 21 27 19 20 24 23 19 19 18 26 18 16 20 37 25 28 24 20 30 30 36 12 14 26 16 16 22 
20 24 18 32 17 29 22 30 25 16 14 23 32 25 28 16 9 27 14 30 25 14 16 26 22 31 19 33 18 18 17 22 14 22 26 19 44 34 33 16 23 18 23 13 11 14 49 29 38 29 25 28 9 18 13 22 13 51 11 26 18 15 26 15 15 8 25 18 26 31 29 20 23 37 21 16 24 18 19 25 
23 16 17 28 26 30 27 33 12 16 10 23 32 20 31 13 21 17 18 21 20 18 21 26 17 21 35 23 22 6 22 9 31 26 14 22 33 19 30 15 30 32 29 14 18 15 33 33 29 31 19 29 13 25 16 17 20 24 23 18 31 22 29 18 29 29 32 25 12 21 11 17 27 37 35 13 10 19 22 21 
16 18 36 18 9 21 28 21 12 20 20 15 20 38 18 19 22 16 14 27 16 15 14 10 9 37 24 5 21 15 29 24 23 24 27 22 31 24 23 12 28 21 25 13 22 21 22 29 38 34 37 20 25 29 24 19 24 31 17 24 16 9 31 21 24 22 25 30 17 12 22 22 33 24 37 19 16 27 23 20 
35 22 27 29 28 18 19 27 14 11 14 25 24 26 34 20 19 39 18 31 14 8 14 22 16 38 17 10 17 13 22 23 21 34 34 23 29 16 30 22 17 20 12 15 25 25 26 9 27 24 35 28 22 37 15 12 27 37 16 23 16 22 23 22 25 10 42 19 30 28 15 32 24 37 45 27 18 20 18 23 
35 10 11 28 16 21 29 32 15 20 13 18 34 30 32 14 27 29 16 38 18 14 18 12 25 30 25 17 19 17 17 39 20 29 30 19 21 32 39 10 32 34 20 14 22 20 22 27 12 31 37 20 18 23 22 10 19 36 21 32 25 15 30 30 19 5 21 20 22 30 18 7 31 27 34 19 24 16 26 16 
38 20 10 22 11 13 25 30 18 16 18 25 21 30 21 19 26 35 14 32 22 21 17 27 29 32 26 22 20 21 29 18 12 18 20 22 20 28 33 16 17 39 31 15 23 23 29 17 24 28 21 20 25 27 10 11 10 42 16 21 16 4 9 20 17 20 27 32 25 15 13 18 24 52 29 28 28 10 34 19 
26 26 9 34 16 28 15 12 26 17 18 17 35 24 8 23 18 18 23 28 22 14 26 18 23 26 10 15 32 11 21 23 19 26 33 12 35 34 15 13 25 28 30 15 28 17 40 26 15 24 27 25 5 20 20 19 8 21 18 23 14 18 19 17 22 23 41 40 25 28 36 46 44 24 35 7 29 25 34 12 
35 19 25 27 26 27 22 14 17 26 22 23 35 25 28 20 18 17 21 22 25 28 14 14 8 31 15 19 22 23 21 17 13 30 21 21 30 17 22 24 19 28 20 17 23 22 27 16 32 18 33 24 15 23 24 18 22 31 24 28 35 21 29 14 21 5 52 37 24 35 22 23 32 26 14 4 24 15 25 18 
36 15 25 31 27 32 16 26 20 21 13 23 19 12 16 12 23 31 11 23 30 10 14 16 11 40 26 18 23 15 19 35 14 30 28 20 4 35 24 15 30 36 26 20 21 23 37 22 29 26 34 23 21 32 23 11 16 54 1 19 24 12 30 21 25 16 31 25 30 17 18 33 35 25 18 21 25 21 22 12 
16 7 16 16 25 23 22 19 22 16 13 28 35 20 35 17 20 22 10 23 22 32 16 18 13 29 30 14 15 20 34 19 19 26 25 10 19 10 10 16 17 36 31 20 20 19 15 13 22 33 29 29 15 41 37 15 29 32 16 28 17 13 28 24 15 13 27 15 25 32 19 29 29 25 43 22 23 19 29 11 
36 17 25 14 26 21 35 25 21 19 21 19 43 19 34 20 14 19 17 31 8 20 17 15 18 29 25 18 28 18 17 41 17 23 22 7 36 34 22 11 15 38 18 20 22 20 38 15 37 23 14 21 19 21 14 12 15 41 11 22 17 20 26 31 25 21 41 30 26 29 18 25 34 44 33 15 27 19 16 17 
33 7 30 31 16 12 30 28 19 18 13 22 31 21 26 16 22 29 20 21 20 28 1 14 29 41 29 18 32 19 13 16 14 27 30 23 37 27 17 17 12 14 15 14 32 20 37 16 29 22 13 17 20 16 12 16 25 27 9 22 22 19 27 20 34 22 23 13 17 24 20 41 21 16 34 13 20 14 31 14 
25 13 29 14 20 13 25 26 22 19 15 18 44 23 27 19 18 20 23 20 18 14 14 21 19 30 24 14 23 12 23 33 23 21 25 20 28 32 21 8 21 30 30 17 22 22 20 14 29 16 17 25 9 20 22 19 20 27 21 17 14 12 28 19 22 22 32 22 20 35 21 2 35 27 40 17 29 26 33 24 
36 23 18 32 20 19 25 25 25 8 14 16 19 13 25 15 15 27 24 38 14 18 19 20 28 13 22 11 25 26 15 34 21 24 34 18 52 33 34 15 14 26 15 13 16 20 35 23 32 16 23 23 29 25 21 14 34 26 14 22 16 18 8 21 31 11 35 23 19 30 23 37 37 35 12 18 27 20 24 21 
17 22 26 18 20 21 23 24 13 18 10 10 33 24 31 23 17 29 17 31 19 17 14 5 31 29 22 18 16 14 21 27 10 22 27 8 19 28 17 20 18 29 18 6 25 18 31 24 37 23 18 21 22 20 24 20 18 33 18 15 13 14 38 26 20 22 48 18 22 13 21 26 30 32 34 19 24 27 25 22 
39 30 34 35 33 21 36 16 18 12 13 17 37 22 33 19 23 26 17 39 12 22 14 15 13 38 24 21 23 11 25 16 21 15 17 23 19 36 34 9 30 21 16 18 21 16 24 16 34 23 20 25 17 12 17 18 31 35 18 30 14 17 23 19 16 22 29 21 19 25 20 17 25 17 45 16 23 20 9 12 
18 9 21 38 16 28 22 17 24 16 18 13 33 13 54 15 25 25 21 17 21 21 14 21 20 31 20 14 19 19 28 31 19 34 16 19 35 21 23 20 21 34 26 13 11 14 35 21 20 34 25 27 29 29 16 16 20 38 26 15 22 12 35 27 27 21 39 27 20 36 20 36 36 26 27 17 19 24 34 17 
20 13 18 15 14 30 20 31 22 12 8 22 31 29 20 14 26 19 18 25 21 23 16 19 15 29 21 13 33 17 20 6 22 23 32 20 39 35 26 18 19 33 18 17 17 23 28 16 29 18 30 28 14 35 7 11 12 26 15 16 21 15 36 15 25 18 34 17 12 28 31 30 22 40 40 12 22 14 19 21 
42 27 28 20 17 32 21 19 24 17 14 29 28 23 47 16 23 16 12 26 27 23 20 13 22 24 27 14 21 20 31 23 20 29 18 23 26 22 35 6 13 34 14 15 4 19 20 22 32 29 27 16 27 26 15 18 25 41 22 31 14 16 23 23 17 15 32 26 24 37 26 30 20 35 33 19 21 16 20 19 
23 17 21 28 9 19 20 16 16 9 20 17 30 22 27 14 4 18 19 27 14 18 14 14 13 18 12 22 30 12 21 20 21 24 24 22 31 15 18 16 25 20 25 18 16 17 28 19 38 15 33 12 14 27 15 23 19 35 16 29 21 13 36 18 15 21 42 19 19 18 27 40 18 28 38 13 15 12 28 15 
30 11 31 27 22 18 22 31 24 12 14 27 25 35 45 9 18 28 16 27 30 24 17 19 14 31 26 23 24 14 39 23 18 20 28 22 18 34 29 22 28 42 23 16 16 10 35 20 44 32 30 23 11 37 13 15 13 26 16 18 12 16 38 16 21 17 28 22 17 17 25 32 25 35 29 23 16 13 23 18 
29 23 28 34 24 18 28 18 13 14 17 13 21 25 44 19 17 18 25 27 22 15 14 18 21 25 25 13 19 12 34 23 25 22 23 22 32 25 16 16 27 40 29 21 9 22 14 16 18 25 16 22 29 30 19 20 28 32 13 31 19 18 30 24 21 16 25 10 18 45 6 21 29 23 33 25 26 25 16 23 
31 15 28 23 29 34 11 21 10 16 15 18 47 21 12 8 17 15 17 24 28 18 13 10 14 28 27 23 21 11 34 18 8 20 28 19 30 21 11 16 34 32 19 11 21 15 25 13 19 28 8 29 18 25 17 23 12 33 20 18 10 19 30 16 21 9 47 20 15 28 22 26 10 30 20 19 36 16 31 13 
39 22 18 22 32 21 25 14 7 19 21 17 19 15 37 16 21 15 17 25 27 8 23 20 16 29 29 11 25 12 13 37 23 40 17 22 35 19 20 21 12 24 27 19 21 16 19 30 15 25 26 24 19 21 26 15 16 34 17 19 19 16 25 21 15 19 29 30 23 34 21 25 14 31 34 8 21 21 30 26 
30 19 27 28 14 29 34 15 14 17 22 17 19 23 44 12 13 23 15 28 16 24 14 18 29 35 37 18 23 13 37 41 22 20 26 16 35 23 39 19 23 32 18 11 16 20 27 20 30 25 26 22 20 42 22 9 20 27 19 26 2 16 22 30 22 16 29 22 14 34 10 18 36 31 33 13 10 14 32 25 
35 20 23 40 19 25 23 27 5 13 5 22 24 26 25 20 38 23 14 18 15 19 16 20 20 33 23 22 24 19 26 20 23 17 27 31 24 43 25 12 26 25 19 11 23 19 33 26 33 28 25 17 19 21 20 14 15 52 14 21 21 16 34 28 17 12 29 11 16 35 25 31 29 24 14 19 9 24 24 20 
36 25 30 22 16 21 22 22 21 17 19 12 32 18 35 24 28 17 10 26 13 18 20 24 25 26 16 24 25 10 33 19 29 22 21 26 33 11 28 16 25 49 16 12 20 23 44 23 22 20 16 25 14 22 18 9 20 31 13 18 23 18 31 31 17 30 31 30 21 41 13 21 29 39 28 18 29 15 24 26 
27 18 11 28 15 24 30 20 15 13 16 17 41 20 25 15 28 27 18 33 31 21 13 27 16 25 36 20 25 16 31 30 29 23 18 12 36 43 35 10 22 43 20 10 16 27 46 17 42 27 19 22 35 25 18 15 19 37 20 26 18 18 33 21 9 12 32 23 24 22 16 33 41 28 16 19 11 25 23 13 
30 20 28 19 16 26 18 16 19 23 24 25 33 15 34 17 29 22 16 34 24 23 11 18 11 26 21 11 22 24 26 33 26 24 21 15 34 27 32 15 17 26 17 16 30 27 10 13 19 23 12 38 28 32 17 10 31 18 22 21 18 19 25 25 22 13 21 25 25 26 22 28 44 22 29 15 28 19 26 12 
20 14 31 21 16 25 29 14 20 16 18 26 35 18 41 18 24 19 18 28 23 34 14 16 22 12 13 17 20 17 26 22 18 29 22 7 37 32 24 14 17 24 32 16 26 17 28 21 27 33 16 28 28 19 15 18 10 16 19 26 27 15 5 32 26 16 31 15 23 23 12 33 32 28 40 17 26 17 21 18 
32 23 24 13 22 20 29 7 22 12 10 13 26 22 14 7 26 31 20 21 19 17 27 25 25 15 27 31 26 15 30 26 21 26 27 18 29 38 23 13 37 36 17 17 32 16 24 25 25 29 18 29 23 31 17 14 15 37 22 22 28 10 33 18 16 21 27 30 27 17 18 30 27 32 38 19 12 11 32 21 
22 23 25 32 19 22 32 33 21 3 17 8 23 12 20 14 20 19 14 25 17 19 16 15 16 26 35 13 28 22 19 20 20 17 16 16 29 22 32 22 30 16 22 11 25 19 24 31 44 27 28 24 23 15 19 9 21 28 20 9 20 17 27 21 22 16 34 24 16 27 12 21 23 25 26 18 28 20 17 12 
35 13 36 19 14 34 15 20 14 25 23 25 36 16 43 12 23 15 19 23 21 22 10 28 20 34 27 21 28 14 22 25 23 19 25 15 32 23 16 11 23 38 18 17 16 18 31 21 24 31 23 12 24 31 15 17 13 32 22 16 14 20 24 27 34 18 26 21 22 31 21 22 23 22 25 25 23 25 19 10 
34 14 30 14 20 38 18 28 13 17 14 14 20 25 29 11 31 42 22 29 18 23 16 17 23 14 33 16 18 20 16 20 13 36 33 14 27 28 26 19 34 26 25 16 31 17 30 28 18 18 25 34 21 25 26 17 21 23 18 32 28 8 44 19 11 19 41 25 21 17 14 26 32 30 42 16 19 23 20 15 
24 19 36 31 22 27 18 14 17 14 25 21 36 19 22 10 19 29 25 26 23 23 17 17 31 26 22 13 20 15 25 13 11 25 23 12 30 16 14 21 23 21 26 12 17 19 29 19 28 43 21 11 19 22 18 18 19 34 21 21 16 22 24 21 18 29 36 21 16 39 15 34 38 16 20 32 24 21 23 18 
27 20 23 21 17 14 29 26 12 8 6 13 33 22 26 17 17 28 18 27 14 25 16 17 13 42 20 18 13 17 28 22 26 29 27 18 21 18 34 19 20 21 26 21 20 18 37 20 31 33 18 22 27 29 19 16 25 29 22 25 13 17 25 14 17 15 29 10 26 30 21 14 32 22 32 20 8 18 34 22 
39 16 22 38 16 19 39 24 21 18 16 15 26 30 30 19 25 32 15 14 23 24 18 20 21 39 26 24 24 15 19 21 18 18 23 12 52 36 27 20 21 20 18 19 27 23 32 15 33 30 20 29 19 14 27 13 7 31 22 26 29 16 32 20 19 13 20 16 10 22 21 28 21 28 44 8 14 21 20 14 
22 12 33 32 23 19 29 28 21 13 13 16 27 32 29 11 23 22 17 27 11 30 12 19 24 29 25 17 12 7 23 16 24 32 20 19 20 23 25 22 30 36 16 19 3 23 12 24 34 32 25 23 27 27 17 15 19 44 14 23 21 13 26 30 20 16 33 21 27 31 25 17 31 23 14 21 16 13 20 27 
27 18 33 27 28 22 26 20 18 16 8 25 30 20 31 11 6 28 23 36 19 28 13 17 22 35 28 14 22 11 27 32 16 18 21 18 11 30 23 19 30 38 23 21 14 24 18 20 21 19 27 15 24 23 17 22 21 29 16 24 24 15 36 18 8 15 37 24 20 29 17 26 30 46 41 21 10 12 28 18 
39 19 26 28 26 32 19 22 13 17 9 19 40 15 20 14 20 23 24 24 13 15 15 22 15 24 26 8 24 15 20 29 22 23 30 13 42 35 30 17 43 23 23 17 25 12 41 16 25 38 40 32 15 23 14 23 23 44 20 13 9 12 24 27 18 14 27 22 17 30 22 16 21 23 23 18 21 3 33 14 
33 25 23 25 28 26 26 12 20 15 13 24 37 21 35 18 29 19 18 19 10 22 6 22 23 29 31 15 19 9 12 13 26 34 35 18 30 13 34 15 20 22 29 17 20 26 27 23 31 26 22 10 22 26 26 17 26 39 27 25 19 18 34 14 14 13 9 26 16 33 22 18 32 34 29 17 9 22 28 17 
37 10 19 16 18 22 26 12 16 18 17 16 30 23 31 11 18 39 19 13 22 17 19 12 24 33 34 11 18 9 15 25 26 18 21 24 12 29 34 19 15 30 26 15 20 24 34 10 32 21 23 24 18 29 22 13 21 31 25 14 26 17 38 18 33 20 15 17 31 30 17 18 29 24 35 24 22 17 38 19 
23 17 18 28 19 17 30 26 17 21 20 18 25 9 20 19 23 28 21 28 23 22 16 18 19 34 33 10 15 17 29 32 22 22 28 19 31 45 19 16 29 18 16 16 24 12 24 25 35 35 21 24 26 21 15 22 17 14 24 12 19 20 16 21 18 15 36 15 38 25 10 26 12 31 29 27 11 21 23 13 
18 20 19 31 26 21 22 17 20 15 19 16 25 14 44 16 18 16 20 23 19 22 13 23 31 27 27 22 21 11 20 33 17 18 21 16 52 7 21 11 33 32 16 15 20 13 44 30 31 26 24 21 26 29 22 9 23 43 13 17 28 18 19 28 27 26 18 28 24 34 18 35 41 30 23 11 30 21 35 19 
21 27 27 31 22 27 38 26 24 23 21 24 27 11 26 16 17 21 23 15 23 34 9 10 22 20 32 14 15 16 19 24 27 18 22 16 35 53 32 10 20 17 15 12 19 20 34 23 21 27 15 20 23 23 18 16 11 39 17 24 27 18 37 14 29 17 48 18 16 32 20 29 24 27 34 18 16 20 23 19 
23 21 20 20 11 17 34 31 15 18 18 17 40 26 19 14 19 9 17 24 30 19 16 18 19 14 16 17 30 13 26 25 27 20 37 15 38 21 32 11 13 34 32 12 26 22 28 23 32 35 26 36 22 21 17 19 26 39 16 21 4 18 32 26 30 20 32 28 15 23 13 21 15 29 33 20 21 20 13 27 
17 18 28 23 19 15 28 27 14 23 14 14 44 7 31 20 30 20 16 32 17 34 12 17 12 27 21 26 30 15 25 20 13 35 20 25 24 34 26 10 27 35 10 15 14 17 20 22 43 35 29 21 16 25 20 16 13 24 15 16 25 21 40 27 18 15 41 27 21 30 1 24 28 31 31 24 15 9 21 16 
36 21 17 30 21 32 32 23 18 8 21 23 34 24 15 17 28 29 25 26 24 25 17 21 26 37 29 19 27 19 20 15 24 24 28 14 33 28 24 17 34 17 11 14 19 16 37 17 20 35 26 22 22 28 22 23 15 38 21 17 15 17 22 20 18 21 32 27 23 20 19 21 42 26 55 16 20 11 15 25 
25 21 28 28 22 28 21 23 19 15 14 29 18 18 38 15 24 32 10 25 12 29 8 21 19 26 28 17 25 17 35 13 17 26 21 10 56 34 18 19 11 10 19 17 25 21 43 13 29 23 39 31 22 26 20 25 23 28 18 18 20 15 31 17 23 12 33 42 18 29 21 17 19 29 40 20 29 10 30 27 
36 22 12 22 20 20 30 22 8 19 17 16 17 19 34 17 26 20 13 31 25 26 18 19 16 41 26 12 30 22 31 29 24 15 27 16 33 26 30 14 21 38 22 24 17 14 21 24 27 19 26 32 7 17 10 13 14 37 32 21 22 21 16 16 20 20 43 16 20 30 14 15 33 40 31 28 29 11 28 16 
27 20 17 31 10 23 29 25 17 23 11 16 27 18 32 14 29 26 16 25 24 15 14 24 18 37 23 19 15 13 42 27 15 25 15 26 15 29 26 13 28 35 23 15 22 29 20 23 22 42 36 13 23 16 19 16 23 44 20 18 17 13 26 33 21 10 18 21 23 31 19 28 38 32 35 19 10 16 22 17 
29 19 18 27 23 13 10 25 18 7 20 15 21 23 36 19 20 5 25 22 9 18 19 19 13 27 41 10 26 16 28 26 17 29 20 15 37 31 31 15 34 32 23 15 9 15 23 19 22 19 20 24 25 27 20 8 16 29 16 20 20 13 31 10 26 16 22 32 21 28 25 43 28 23 28 15 19 17 20 23 
34 10 11 26 20 25 12 10 18 10 15 17 28 7 27 18 16 25 21 22 28 14 17 20 18 14 33 15 26 10 27 23 19 16 37 18 31 30 21 15 23 23 20 19 25 5 30 12 40 40 38 17 22 15 17 18 18 30 27 19 18 19 34 24 11 24 30 22 12 33 31 30 31 22 31 14 19 13 29 16 
29 17 19 20 31 21 27 36 25 9 16 26 35 12 36 12 20 26 12 36 20 28 18 18 14 30 23 14 23 17 35 32 25 25 22 6 29 22 41 16 15 50 11 22 26 17 25 22 30 25 12 28 25 30 21 15 19 39 20 25 28 18 28 22 20 23 25 30 15 13 11 37 20 25 13 16 24 21 32 25 
24 11 22 23 28 29 27 34 16 11 17 14 8 13 32 21 23 25 19 30 26 16 14 22 10 29 17 16 26 17 23 19 25 18 38 26 41 7 9 23 16 21 23 21 21 22 37 21 40 22 11 21 23 20 13 12 19 34 25 22 29 16 30 18 27 23 34 28 8 24 12 30 32 43 33 20 22 11 15 14 
25 13 32 17 25 14 38 20 12 18 8 19 26 25 12 13 17 21 19 22 23 14 17 13 16 20 31 24 21 12 23 19 30 9 36 20 23 18 16 17 14 30 25 13 23 14 29 21 37 20 30 21 28 8 25 21 21 25 8 21 20 16 29 19 25 22 21 34 22 21 27 23 21 11 35 23 15 22 29 26 
27 17 30 32 25 30 26 24 15 15 15 21 44 15 43 16 15 36 18 24 17 14 16 12 16 34 31 14 15 18 31 29 20 25 18 14 22 21 28 19 14 24 25 14 20 18 32 25 26 34 24 23 10 21 13 13 15 9 10 24 17 14 25 24 7 13 23 24 26 22 10 16 24 18 23 27 15 19 30 15 
30 20 30 13 26 13 30 23 22 18 11 16 27 10 34 13 15 26 10 33 20 21 21 24 17 41 27 21 31 12 27 17 12 33 30 18 37 16 35 15 33 25 24 13 17 23 21 18 20 34 22 23 30 23 11 21 13 34 22 33 21 18 38 15 22 21 31 16 15 28 23 26 27 23 29 24 27 11 25 25 
17 23 19 34 22 18 29 17 19 22 17 10 23 22 38 23 16 36 11 18 19 17 12 17 13 16 24 15 29 22 34 24 27 20 16 27 23 30 29 18 21 21 15 16 24 19 31 13 23 29 18 34 13 28 16 19 20 23 17 20 31 15 19 30 18 21 27 28 26 20 24 29 26 28 15 14 17 11 19 24 
32 30 17 22 16 31 16 20 16 11 18 27 20 27 20 21 17 20 15 32 20 16 13 12 23 18 7 12 16 13 28 15 23 21 25 20 33 25 34 13 23 32 10 12 32 20 33 18 27 23 17 25 14 35 20 15 19 19 17 16 30 9 25 20 28 16 37 20 16 23 19 44 28 26 16 25 24 17 41 23 
24 21 24 26 25 27 17 32 18 15 10 16 22 19 30 20 12 24 16 24 26 31 16 22 17 41 14 17 15 19 31 20 31 29 29 14 26 32 10 14 27 30 25 19 10 28 30 12 20 22 26 21 18 25 17 21 26 27 20 19 15 15 29 9 19 18 25 23 16 38 21 17 13 36 25 16 24 20 11 21 
30 16 28 26 29 23 21 38 17 19 9 18 13 26 21 15 21 32 13 32 6 24 20 14 21 25 24 21 29 12 24 25 34 36 24 6 40 41 21 14 13 26 27 9 16 18 30 20 20 30 27 25 23 19 9 13 18 31 8 22 22 18 19 24 29 14 26 22 14 25 11 17 34 21 34 19 23 20 26 18 
24 12 24 28 19 22 16 32 18 17 14 18 29 14 28 15 17 18 18 20 17 21 19 18 26 40 28 18 30 15 29 20 19 36 20 27 23 42 24 14 15 23 25 13 19 15 32 21 26 22 23 15 27 23 20 25 18 25 16 24 15 21 30 33 19 18 29 8 21 34 18 28 26 28 39 26 28 14 22 20 
20 24 33 36 8 23 25 22 20 20 13 22 30 18 16 14 15 18 14 34 23 26 13 14 19 35 9 15 13 15 24 14 17 24 18 11 35 21 26 10 36 35 7 11 22 5 15 25 31 31 4 18 19 22 17 21 12 20 20 28 15 18 27 24 20 20 32 17 16 19 19 41 24 34 28 21 29 13 11 16 
38 15 26 35 9 23 31 18 12 15 17 24 27 7 30 14 26 19 13 21 32 19 20 20 10 28 32 14 23 15 24 24 35 24 29 17 31 26 23 16 17 33 25 25 12 16 19 21 28 29 34 20 21 20 15 16 21 23 16 21 18 17 21 25 25 11 30 24 23 21 22 35 31 32 29 22 26 22 30 13 
17 17 14 16 20 16 17 28 15 13 9 21 35 15 25 14 20 26 14 20 21 29 16 13 26 13 31 8 28 18 21 43 19 28 24 15 14 28 37 15 28 26 24 15 23 15 29 24 22 27 16 25 13 19 12 20 22 38 21 18 9 7 27 16 17 10 27 11 31 22 24 22 10 35 19 15 18 21 17 17 
25 13 27 30 21 25 27 21 19 16 9 27 33 23 22 16 15 22 20 29 27 30 16 23 17 38 22 14 29 7 31 31 28 29 23 32 28 26 31 16 15 37 32 15 17 12 30 13 27 17 27 20 22 22 17 16 24 19 16 20 27 14 29 22 23 21 14 9 18 21 14 17 23 26 24 28 14 12 33 32 
23 19 14 29 28 18 34 30 16 18 16 17 24 22 15 17 21 37 22 24 14 20 16 21 14 22 43 21 8 20 33 31 26 18 23 23 38 19 20 8 11 34 22 11 19 17 31 14 21 27 24 27 27 36 24 21 17 35 16 30 23 15 26 24 22 24 26 27 12 39 23 36 22 22 28 17 22 14 24 10 
21 18 17 30 18 13 17 23 28 17 16 13 16 20 42 9 28 27 6 27 30 22 18 20 17 44 27 20 34 20 22 30 16 21 25 10 22 27 37 17 28 27 29 23 21 11 26 26 20 36 15 27 26 33 16 9 16 20 13 25 22 15 23 21 16 19 39 18 26 22 23 8 29 29 15 25 23 21 21 26 
3 14 31 28 27 12 36 39 26 12 14 13 32 22 22 13 11 26 20 25 19 14 18 20 24 38 38 19 19 17 22 28 26 30 23 13 18 30 31 19 19 35 12 20 19 20 24 34 26 24 26 9 14 24 14 19 19 24 23 24 24 10 25 21 11 15 23 19 22 31 21 50 26 30 33 10 14 14 39 19 
21 17 23 41 19 33 30 26 16 21 8 25 32 26 10 12 16 30 15 12 25 18 20 23 22 25 30 20 22 13 26 30 18 20 17 11 42 12 20 21 34 23 22 8 23 19 32 23 28 23 29 32 14 34 18 17 13 39 24 22 26 15 21 23 16 22 39 17 13 20 23 30 21 22 27 16 27 18 28 10 
33 23 26 33 23 25 44 20 19 9 15 18 26 25 39 12 26 27 16 33 26 11 13 17 23 33 20 15 31 6 21 8 18 20 31 11 36 33 25 15 34 8 14 12 6 21 12 26 44 25 20 18 23 25 29 19 17 36 12 22 12 11 14 15 27 24 46 24 15 34 14 24 31 32 15 16 17 21 24 21 
27 20 30 19 15 23 12 27 17 8 16 9 26 19 21 16 21 27 16 29 25 16 18 11 14 25 26 18 17 13 13 24 27 37 29 16 21 28 27 17 27 26 31 17 14 30 35 20 21 18 13 24 21 36 12 17 21 17 15 26 19 17 30 13 19 19 29 21 30 22 24 20 41 27 39 23 21 15 23 22 
31 14 16 28 10 18 17 25 23 16 8 18 39 10 39 16 24 34 13 23 32 17 20 13 14 36 23 20 14 16 26 35 23 34 30 31 21 9 24 13 26 30 20 16 21 18 18 25 26 37 14 24 25 29 18 13 17 27 21 20 15 17 23 32 32 21 26 28 26 29 21 22 17 20 23 27 18 21 23 15 
17 17 36 10 31 24 35 24 18 16 16 13 46 25 38 17 26 29 9 27 24 19 14 14 13 37 38 22 21 21 39 29 16 38 28 22 32 10 22 8 24 14 24 10 13 30 16 26 24 33 24 16 18 25 16 24 11 29 21 25 24 19 32 17 19 19 37 21 14 25 34 16 16 22 26 27 15 11 25 20 
32 27 35 29 29 24 21 19 16 17 13 14 25 18 41 17 30 33 16 24 25 10 16 19 10 28 29 13 14 19 22 23 22 15 25 11 33 26 30 13 22 23 28 15 6 18 20 29 28 40 25 16 25 27 17 19 16 36 16 17 17 16 34 26 15 26 40 25 15 31 17 29 22 41 34 18 18 17 25 18 
20 20 27 37 12 36 36 24 18 21 13 21 20 25 20 26 24 22 15 18 8 17 23 17 15 25 21 7 21 14 9 27 11 15 13 30 31 19 24 13 22 29 18 12 19 25 32 17 35 21 29 14 24 44 21 16 17 42 20 20 25 17 26 18 17 17 51 11 25 26 24 31 30 45 39 16 19 23 31 22 
31 20 24 37 24 20 36 22 12 18 13 20 29 20 48 21 22 20 17 26 22 12 17 19 18 42 21 12 18 13 31 24 28 30 27 21 28 31 31 11 34 14 26 12 31 19 38 19 20 21 27 19 35 27 22 18 18 28 14 18 26 17 30 9 16 15 17 18 20 23 15 23 32 39 41 7 25 27 36 25 
30 21 18 17 26 18 17 23 20 16 12 26 27 24 42 17 21 28 17 43 19 18 18 14 20 39 23 20 24 17 28 23 26 34 23 8 23 49 23 17 19 29 16 16 16 22 18 19 20 25 25 21 29 28 18 19 20 19 22 25 23 19 19 19 29 23 31 22 18 25 18 27 25 30 33 20 23 9 30 23 
30 13 22 21 16 16 19 33 21 9 12 21 25 14 36 19 27 27 18 26 11 12 20 20 14 20 23 12 20 13 21 23 20 23 14 26 22 29 27 11 32 30 17 12 36 18 33 16 31 16 24 16 26 26 15 14 16 38 27 22 24 19 41 28 26 13 38 27 20 27 20 22 30 26 16 25 31 14 25 15 
42 16 32 20 21 23 24 12 16 19 17 11 33 16 40 16 30 24 15 29 18 15 15 11 16 11 17 13 21 14 22 22 21 35 29 16 19 39 35 20 31 29 19 21 17 24 37 17 47 30 24 24 14 18 17 13 28 43 16 23 20 9 38 22 25 18 34 19 17 17 20 18 25 19 24 16 30 15 31 25 
36 18 26 23 26 22 29 24 29 13 14 18 19 18 25 18 30 26 16 16 30 26 13 12 18 28 25 20 27 19 15 15 27 20 11 20 30 35 16 13 28 29 19 18 25 12 34 16 43 15 31 30 12 13 22 11 26 26 19 17 32 18 31 20 16 19 20 15 21 39 14 26 34 36 48 21 15 22 29 25 
37 25 33 38 4 36 20 22 5 20 15 24 18 20 32 23 25 21 12 28 26 20 20 12 24 26 17 25 25 7 7 32 29 33 19 16 28 19 22 11 17 20 9 20 12 22 21 21 41 22 30 31 20 22 16 14 25 24 25 32 24 25 16 27 21 14 24 26 7 30 12 20 31 33 29 17 26 21 30 23 
30 17 23 34 15 25 19 14 20 14 19 20 33 17 35 11 29 29 22 14 11 13 13 15 18 24 20 11 12 21 34 30 35 21 21 22 15 29 26 16 27 24 15 4 24 13 24 22 17 31 11 24 24 19 14 20 11 26 16 20 21 18 15 26 14 21 23 30 24 30 19 15 18 26 33 17 29 17 21 11 
18 13 30 30 20 11 25 11 21 18 14 20 26 15 25 15 21 21 15 26 15 22 12 15 12 21 15 17 26 18 14 28 26 38 26 14 24 23 20 9 28 23 30 10 23 27 24 21 20 15 30 17 18 17 21 16 22 28 28 21 12 15 24 17 20 14 35 25 27 13 16 33 29 32 50 17 21 18 23 16 
43 25 23 28 8 22 29 20 12 16 16 23 37 21 18 18 16 30 15 16 22 6 15 10 22 25 14 19 17 17 16 26 21 20 16 8 11 20 23 20 15 25 27 19 12 25 28 31 33 21 22 24 17 31 16 13 20 8 20 15 16 11 29 33 4 22 27 18 26 26 27 29 26 38 41 20 25 16 27 15 
10 17 22 22 15 22 24 33 20 17 17 2 46 23 37 18 25 40 16 34 14 12 15 16 23 33 24 22 15 11 27 15 25 27 21 13 25 36 28 16 14 28 17 13 9 16 4 21 25 33 28 16 20 27 22 13 31 28 6 21 23 9 27 17 29 14 41 30 21 12 18 26 17 31 28 21 23 9 19 19 
33 24 11 28 22 16 28 20 15 21 14 18 42 29 40 18 4 20 14 34 11 18 25 17 18 11 20 25 28 16 25 32 20 33 32 26 23 17 10 17 11 24 14 15 19 24 24 13 12 20 30 25 16 23 20 18 17 28 13 23 4 16 23 33 16 25 18 22 24 28 23 37 26 28 35 20 32 16 19 17 
20 17 26 36 13 24 24 22 22 13 17 28 32 14 35 17 25 25 8 25 21 29 16 24 12 32 21 15 18 10 21 15 22 26 34 20 22 30 23 13 27 17 15 10 31 19 21 25 12 39 22 21 21 28 25 15 16 14 22 23 31 15 36 20 10 13 22 16 15 32 16 25 22 12 25 19 19 16 45 15 
24 15 24 22 22 23 26 24 23 18 14 21 23 18 27 19 17 23 11 34 21 11 13 12 7 37 26 25 30 17 15 32 29 10 21 11 28 35 17 20 25 26 21 14 24 23 20 23 39 26 17 18 17 30 17 11 24 41 15 23 19 20 21 18 25 16 36 22 24 27 13 31 30 33 28 23 19 15 33 21 
25 21 28 29 16 25 28 14 29 19 13 17 27 10 17 13 27 31 21 15 13 23 21 12 18 30 21 22 25 11 16 22 23 19 35 17 41 34 27 9 25 29 19 16 30 15 25 22 25 24 31 18 31 21 10 13 18 19 10 16 25 16 29 14 21 24 30 22 22 18 20 31 24 25 23 19 24 23 27 17 
24 21 32 27 19 22 24 23 25 14 7 20 22 17 27 22 20 10 14 29 20 20 13 15 21 31 15 12 19 14 25 27 12 23 27 15 31 28 43 18 28 37 19 17 24 18 25 23 35 27 23 24 17 16 15 18 18 31 15 21 29 11 18 22 28 19 54 23 33 30 17 23 35 28 21 24 14 21 24 18 
20 19 15 16 16 24 27 25 16 13 13 19 31 25 26 3 29 35 20 22 17 22 18 24 15 32 47 20 27 16 17 23 20 30 37 12 31 27 26 19 23 46 14 14 27 17 27 15 23 24 27 31 24 27 25 23 20 35 11 17 25 13 17 11 9 17 30 27 14 33 18 27 34 38 23 25 22 19 26 13 
20 19 26 26 22 19 23 27 27 16 14 21 27 25 45 12 15 31 8 8 27 15 15 20 25 26 37 26 32 12 18 24 8 20 16 18 31 32 23 19 33 20 23 20 25 25 42 28 37 30 31 21 22 16 31 20 13 30 23 23 17 7 43 25 26 14 36 28 22 24 14 30 24 31 34 31 23 8 21 21 
33 26 18 28 30 30 33 22 19 8 14 24 34 17 27 17 11 30 10 31 24 27 17 22 13 33 29 14 15 14 23 26 30 39 21 18 35 28 32 22 31 35 22 16 22 17 33 26 34 30 23 23 22 28 16 18 14 20 18 31 15 18 24 27 14 18 26 19 15 33 16 35 17 30 52 18 25 22 30 19 
44 12 22 20 21 25 34 23 27 7 20 17 15 25 8 19 19 11 18 14 25 19 7 24 19 19 30 16 19 21 22 26 22 35 34 17 35 31 26 17 18 33 10 18 22 24 17 20 34 31 20 21 23 15 20 10 13 22 12 20 17 14 23 22 10 15 23 32 16 27 24 35 19 23 39 18 12 10 26 16 
24 18 22 21 22 8 21 16 22 21 17 9 46 28 32 22 14 18 15 28 26 9 16 26 12 40 27 16 23 12 13 19 27 31 26 17 26 36 42 13 21 25 24 8 15 16 33 34 23 27 20 24 21 22 22 15 11 23 25 26 28 15 33 20 19 23 24 22 26 29 23 30 21 21 44 20 26 16 30 26 
20 29 29 36 21 26 25 17 14 14 6 21 37 23 43 14 22 17 18 18 25 23 22 20 25 32 40 17 24 22 20 11 20 17 27 21 28 32 29 15 21 32 18 9 16 28 24 11 27 26 9 28 18 16 20 9 19 42 23 13 12 19 36 6 25 21 29 17 24 12 19 23 34 36 33 22 19 21 29 18 
36 11 23 30 19 13 41 21 14 9 20 21 34 31 36 17 16 24 11 11 19 18 18 13 20 24 21 12 23 15 22 29 17 17 27 18 33 29 12 10 25 34 25 18 23 18 15 19 32 23 38 19 34 26 11 14 26 34 16 21 21 20 25 13 15 28 19 23 22 31 23 24 29 24 25 20 15 22 19 26 
34 23 28 28 24 35 22 29 18 9 12 24 27 26 49 16 23 25 11 25 23 21 8 17 19 26 7 19 21 18 19 23 25 32 30 20 32 43 33 16 27 18 27 11 25 16 34 18 20 28 29 32 19 25 19 12 24 30 19 19 20 9 22 17 11 14 24 24 20 23 20 25 23 32 27 17 19 5 20 22 
38 20 27 19 26 19 34 19 27 14 13 29 15 23 23 16 24 25 15 27 19 20 18 15 12 41 15 18 23 18 28 18 28 26 30 19 26 6 23 14 37 28 24 10 24 13 28 18 35 28 34 19 13 24 22 17 19 16 24 25 28 18 19 25 23 15 40 27 23 23 15 34 24 32 24 19 22 20 18 21 
22 18 18 32 24 20 24 15 30 20 11 20 28 25 24 16 20 27 13 19 29 10 16 16 17 26 18 22 14 16 28 38 8 24 23 15 39 16 25 12 19 46 24 12 26 11 34 28 36 12 25 29 22 18 28 14 15 25 18 21 14 17 39 21 25 17 21 28 16 23 17 8 31 24 49 17 18 17 26 16 
28 10 22 24 19 19 32 27 20 14 22 21 36 21 25 16 17 23 14 36 6 19 11 13 12 21 18 9 27 17 33 20 19 13 25 16 32 33 16 19 22 34 23 18 28 17 30 15 34 17 28 32 21 32 24 16 20 28 17 31 26 20 29 15 11 20 41 23 20 37 17 30 30 29 43 23 18 18 16 27 
19 20 22 24 29 21 19 24 17 21 15 15 23 17 36 16 32 32 11 35 14 16 12 11 26 38 15 19 26 9 27 22 10 21 27 23 38 21 21 13 34 27 16 17 18 13 22 18 34 23 17 18 23 19 16 8 12 16 21 19 19 14 22 31 4 23 32 15 25 37 24 22 35 25 34 17 18 11 24 22 
30 7 25 26 10 17 20 23 20 18 15 17 27 24 17 11 10 25 14 33 16 22 13 19 20 29 32 15 27 18 34 21 17 15 29 25 30 25 30 19 30 28 16 25 21 22 32 16 29 12 36 21 19 13 21 18 21 34 27 22 23 16 25 31 25 14 30 24 18 21 22 27 20 35 40 15 20 10 22 19 
31 11 21 19 19 22 23 16 12 12 15 21 36 19 19 24 21 34 21 16 16 16 19 25 23 35 5 27 23 19 27 24 28 20 25 14 31 19 20 15 17 20 27 7 20 16 35 12 35 41 31 24 15 18 15 20 16 26 20 35 17 18 28 19 20 19 34 20 23 18 14 27 28 38 29 24 17 20 26 21 
32 15 12 8 26 27 33 38 5 17 15 14 36 21 27 21 22 29 22 20 17 27 13 20 13 23 35 13 20 20 25 13 20 17 22 20 43 24 27 21 27 30 22 14 28 19 29 35 14 30 42 30 29 27 23 9 21 30 21 21 25 16 23 17 27 18 47 9 25 15 15 39 29 16 31 16 25 14 31 27 
29 18 21 27 22 23 25 31 10 18 15 16 25 22 34 14 25 29 17 35 22 10 20 21 15 30 28 22 22 13 27 32 21 22 35 22 28 40 21 19 27 27 34 22 14 23 37 18 19 28 23 22 18 34 13 20 18 16 25 20 22 16 28 21 15 18 33 30 22 21 17 19 18 42 30 25 18 22 13 23 
10 20 26 22 3 26 23 24 13 20 16 10 46 25 29 13 23 22 15 22 15 24 19 15 24 23 25 30 25 8 32 35 16 25 29 17 22 25 17 15 34 46 18 13 26 7 42 21 10 34 30 23 17 25 17 19 21 27 24 28 23 23 28 18 14 19 26 11 36 20 12 26 18 34 23 11 33 24 17 24 
28 32 27 23 15 16 18 29 15 16 21 23 29 19 27 21 20 20 19 34 21 15 17 22 16 41 24 15 31 23 15 17 16 38 25 27 33 24 27 23 24 20 26 15 22 15 20 20 21 19 26 22 21 31 12 13 21 28 24 20 18 19 11 12 25 21 37 15 24 29 12 34 33 19 19 17 27 11 13 25 
36 16 33 24 33 28 36 16 27 11 23 18 27 21 25 16 25 14 14 32 16 23 16 25 19 22 33 15 31 17 36 30 12 19 18 16 19 26 17 18 33 24 25 16 23 12 15 25 26 37 16 26 16 24 12 18 21 23 18 28 20 14 34 26 18 3 37 20 7 18 17 10 44 39 16 13 11 20 35 23 
23 8 24 20 21 30 24 40 19 21 14 15 15 22 28 19 19 23 16 31 25 17 15 22 10 19 17 22 15 10 37 29 17 23 29 19 23 35 15 16 27 26 17 14 31 15 50 19 30 13 38 16 21 28 14 16 21 36 12 22 15 14 30 9 21 21 24 14 31 28 22 18 39 31 30 16 14 20 20 20 
38 23 21 33 9 19 28 38 21 18 10 20 45 25 45 16 22 16 19 34 17 27 9 24 23 30 24 13 21 17 26 31 22 34 24 17 22 28 21 9 28 23 25 18 17 12 24 15 34 14 28 19 11 12 23 12 16 28 22 11 16 21 28 29 11 13 31 19 15 35 23 20 24 26 37 20 26 22 16 20 
36 13 17 26 27 31 20 15 14 21 16 13 36 19 29 14 20 30 13 41 10 4 20 16 29 26 14 17 15 13 20 13 22 19 17 13 28 25 21 15 36 25 19 17 27 17 27 25 29 23 25 21 25 28 18 14 29 18 23 27 20 12 34 26 21 24 28 22 18 22 29 23 13 16 34 17 20 19 36 28 
26 16 18 28 11 22 15 33 26 18 18 22 31 23 34 17 13 34 19 24 26 28 15 24 12 25 15 18 28 12 20 31 12 17 16 20 30 29 15 23 19 29 18 10 19 15 36 18 22 24 27 23 14 27 17 19 15 34 20 29 25 15 22 25 20 18 26 12 12 34 25 32 45 29 14 22 16 14 16 21 
26 7 30 36 16 20 23 31 7 17 16 15 30 24 32 16 6 36 9 14 29 18 18 14 10 30 29 21 22 22 16 16 17 11 20 13 12 21 27 17 33 32 22 14 13 19 14 20 24 26 28 10 31 19 19 24 21 17 12 16 29 24 19 32 21 19 16 18 16 24 17 26 23 31 46 14 14 20 34 19 
35 30 26 28 15 16 20 29 21 7 16 25 26 22 33 25 22 28 12 34 29 10 23 15 12 24 38 9 19 18 22 29 11 19 41 30 45 45 23 17 25 28 17 13 6 14 39 23 27 14 34 17 34 26 21 20 32 48 15 28 13 14 32 14 16 18 27 26 23 25 13 32 41 24 42 18 28 14 22 16 
20 24 13 28 9 29 29 25 16 19 8 12 25 19 38 14 19 30 16 22 12 18 10 24 29 36 25 14 23 7 20 26 14 10 24 17 20 19 21 22 32 29 22 15 21 14 22 22 20 22 38 22 28 19 27 18 14 23 12 25 23 14 29 7 36 16 33 22 19 26 21 28 20 32 14 19 21 17 15 18 
24 11 30 30 21 28 33 21 24 19 18 21 28 22 24 12 26 31 8 24 19 25 22 18 16 37 27 15 16 20 23 14 23 25 21 14 42 16 27 13 27 37 25 12 16 15 30 21 28 28 31 20 28 24 21 13 30 29 14 25 18 21 31 10 20 25 36 11 26 24 20 15 40 24 30 21 17 10 26 19 
36 22 22 26 25 18 13 24 10 19 12 23 25 15 30 22 21 26 15 10 16 18 17 14 17 10 33 16 22 12 8 27 21 30 28 17 23 35 20 17 16 28 18 10 20 25 41 16 32 35 31 29 22 31 22 20 27 28 22 30 27 12 13 16 28 16 44 17 25 22 24 13 22 35 32 6 25 17 18 21 
39 27 31 34 22 28 23 27 20 21 14 21 22 27 38 13 20 28 16 19 20 22 23 24 21 16 28 20 18 16 40 26 39 30 16 15 34 11 15 15 24 27 18 14 10 10 34 13 23 35 22 27 22 22 23 18 20 37 9 20 25 15 26 27 19 14 26 23 19 19 15 23 22 7 45 20 21 10 21 16 
34 17 34 16 13 16 27 21 19 8 14 23 31 20 5 19 24 20 14 23 24 21 13 18 10 39 32 21 14 14 19 20 16 29 12 15 24 42 19 18 27 28 23 10 16 14 24 25 31 29 25 6 20 37 21 17 22 41 16 26 3 17 13 21 26 9 24 12 25 23 13 31 36 26 30 21 29 19 23 18 
37 22 29 25 24 14 15 31 19 13 18 24 31 28 30 23 32 16 12 33 26 20 17 13 20 33 26 8 18 16 31 21 19 5 21 19 26 20 21 17 22 33 27 13 17 13 21 20 39 17 26 24 27 35 26 21 18 21 10 12 16 18 19 31 19 5 23 19 31 28 16 35 20 35 23 25 34 10 18 15 
31 10 30 24 31 32 33 13 19 17 19 18 38 17 34 23 19 35 16 32 17 17 19 20 22 26 25 17 14 15 35 18 9 32 26 17 19 29 31 14 27 25 25 15 21 28 26 26 23 31 26 18 27 22 20 21 22 46 19 24 22 23 32 10 26 18 20 22 21 39 16 30 29 41 30 18 25 19 20 21 
30 23 24 34 20 27 18 24 25 14 16 12 42 19 15 16 16 35 16 22 24 8 17 15 16 35 18 21 22 20 23 28 22 25 17 21 32 28 39 17 21 30 18 17 30 22 30 24 8 29 24 27 25 24 19 10 24 22 13 24 25 9 20 23 30 18 22 27 30 18 25 25 30 26 35 26 20 16 21 21 
33 17 24 39 21 20 38 38 15 15 10 15 41 8 31 18 10 20 20 24 17 21 18 20 18 29 21 7 18 18 28 24 19 22 26 15 30 35 25 21 23 29 21 23 24 23 13 24 32 34 26 29 22 22 18 20 20 34 19 17 15 5 28 28 12 10 40 26 19 16 25 19 27 31 33 13 22 20 24 21 
41 22 25 31 23 21 27 27 26 17 16 25 39 24 31 15 21 30 23 25 21 15 20 23 16 26 20 7 23 16 20 23 12 26 34 20 40 21 20 14 32 41 20 22 21 25 8 21 35 35 28 18 18 16 13 13 17 36 20 6 24 17 21 18 15 18 32 23 19 32 12 12 29 34 28 20 24 8 26 20 
14 17 31 29 11 37 24 31 20 18 16 19 22 22 20 12 30 25 14 27 18 23 20 10 21 22 25 15 21 21 23 13 31 22 30 21 28 34 33 20 31 20 26 12 25 20 40 21 24 44 31 23 29 21 23 15 21 38 14 20 26 18 18 16 24 19 28 32 10 32 16 21 17 44 24 19 28 21 21 28 
35 26 24 35 19 29 32 24 14 25 14 15 38 14 51 10 20 34 19 24 20 17 13 21 19 33 25 12 21 22 34 17 17 25 19 18 22 39 12 14 28 22 19 12 7 26 37 17 40 29 27 17 28 34 18 19 22 27 24 20 19 16 27 32 6 26 34 29 30 25 25 40 30 40 31 18 22 12 18 18 
34 15 40 39 18 25 27 33 15 16 18 17 28 20 30 26 26 15 15 20 31 31 20 22 24 26 26 8 20 11 35 15 21 38 33 29 42 27 30 21 21 35 22 16 11 16 34 12 38 18 13 29 14 21 23 19 25 26 20 28 17 22 29 28 27 20 13 24 20 17 16 29 32 41 23 15 32 14 22 19 
27 15 31 25 19 27 25 30 16 15 18 21 26 21 31 13 24 36 9 21 11 20 8 19 19 28 24 10 24 8 25 20 18 22 17 15 22 12 13 13 17 26 8 17 23 18 15 20 38 31 25 27 17 26 9 11 26 34 24 30 21 9 23 19 16 29 16 22 30 26 22 31 26 24 32 17 29 16 26 16 
28 14 27 24 25 19 17 20 20 20 9 11 25 12 24 12 19 26 12 30 25 27 14 13 13 27 24 15 15 16 35 28 21 19 27 18 29 35 30 8 21 49 15 15 14 22 33 30 42 40 29 21 24 21 18 9 13 36 17 16 26 13 33 22 20 12 45 15 20 16 9 36 30 20 23 17 26 26 24 12 
26 22 22 15 17 24 10 30 26 16 16 18 35 26 33 13 19 33 20 30 16 39 18 21 22 24 28 22 28 16 22 32 21 24 10 16 29 30 24 14 29 26 31 16 29 22 40 14 14 24 16 13 17 23 19 16 13 37 16 24 9 15 35 18 21 24 22 24 21 33 16 19 23 25 46 16 9 23 23 17 
10 12 13 24 19 18 12 20 16 20 19 16 31 28 26 8 18 28 22 27 18 17 20 4 14 38 23 20 22 12 20 28 25 26 35 25 22 44 33 13 30 39 16 14 26 13 26 31 19 11 23 9 18 26 23 18 23 35 27 17 23 16 28 31 26 13 31 13 16 12 21 27 38 21 21 22 21 13 37 24 
28 10 20 24 16 18 16 18 22 19 15 19 31 20 8 17 15 31 19 24 26 22 17 24 18 36 33 24 20 13 37 30 18 26 22 21 32 24 23 12 30 38 9 6 13 19 22 20 21 15 31 20 26 39 13 15 17 14 20 15 22 15 24 15 20 30 27 28 21 32 17 17 28 26 28 28 38 20 23 17 
28 22 27 26 12 21 24 24 14 16 13 22 30 24 37 14 24 27 10 30 25 29 19 17 20 22 33 21 29 13 31 22 26 7 21 13 23 23 34 10 29 23 23 18 23 24 19 29 26 32 16 26 14 28 22 22 27 28 24 23 22 15 32 30 17 20 25 24 24 15 21 26 26 32 40 18 15 16 19 16 
34 23 22 23 12 25 20 17 15 14 17 19 22 21 21 14 19 23 17 18 16 29 18 14 22 23 28 19 15 20 31 23 26 29 27 13 36 38 29 17 22 36 18 15 25 24 20 18 22 30 22 19 34 22 17 19 27 26 19 21 18 16 24 31 15 20 15 22 25 21 11 31 43 30 30 21 28 23 27 21 
31 18 32 26 20 26 20 35 23 20 10 12 29 27 21 18 20 24 12 26 10 26 13 11 18 33 16 11 21 14 29 19 7 27 26 13 53 15 16 19 25 38 21 22 27 13 28 15 34 23 20 22 19 13 16 13 12 32 24 18 16 14 31 11 15 9 41 13 22 21 12 19 31 29 15 19 33 19 27 21 
15 12 30 33 25 15 16 23 28 14 12 18 33 20 21 16 16 15 17 29 11 20 19 25 20 40 16 23 21 12 21 25 13 25 26 10 19 30 38 20 26 13 27 22 5 20 31 14 27 24 29 27 20 39 15 8 15 32 26 18 26 18 44 26 25 13 42 24 25 35 20 19 25 31 35 19 17 18 25 22 
25 18 36 30 16 30 22 32 22 10 18 17 35 21 36 16 22 23 20 23 25 11 17 23 19 29 22 14 14 15 14 20 24 29 30 14 40 36 22 19 28 29 23 15 21 14 32 19 23 18 29 21 27 20 28 9 21 30 20 27 33 17 29 23 15 11 27 26 27 29 22 39 24 27 35 15 18 12 34 14 
40 21 24 14 26 23 8 23 24 16 24 22 26 28 27 14 20 26 23 27 23 19 13 25 18 35 23 16 19 20 21 18 15 18 18 15 29 15 34 11 22 40 17 23 15 5 35 22 26 25 28 27 13 29 26 15 15 20 35 27 29 20 24 23 18 21 21 23 15 20 15 24 43 23 33 23 21 20 33 28 
37 22 35 31 20 29 29 47 26 18 25 21 30 25 37 19 15 21 8 17 24 24 17 18 13 13 20 24 32 23 18 18 23 29 19 13 21 33 35 11 19 16 27 19 24 22 30 27 34 31 20 25 18 25 21 20 13 24 18 25 18 23 37 12 9 17 36 27 15 26 17 24 39 33 31 15 37 10 32 16 
29 12 32 25 27 20 27 31 16 16 19 29 39 27 26 12 23 15 16 24 17 13 19 15 17 25 27 16 24 17 25 37 29 22 27 19 37 41 35 14 23 39 9 15 25 17 26 26 32 17 29 22 24 21 15 18 20 33 23 24 21 13 24 24 20 19 17 25 16 20 20 22 33 26 33 18 18 16 21 22 
29 19 11 29 9 25 21 20 14 13 14 18 36 15 41 15 20 23 19 28 14 15 17 16 19 14 15 20 25 17 23 14 25 20 24 26 33 23 31 22 30 26 18 14 15 28 30 14 35 21 8 20 21 34 22 15 20 32 26 12 29 12 7 21 31 24 30 24 7 21 18 27 32 27 34 25 16 19 31 8 
37 27 22 20 17 32 17 23 25 11 21 23 36 10 38 15 23 28 18 22 21 19 9 23 21 36 26 21 21 22 33 32 20 26 27 20 41 40 20 12 21 30 23 9 10 21 26 11 45 33 13 27 28 23 13 25 19 32 27 15 7 13 15 15 21 19 38 23 15 21 20 25 34 34 19 19 27 21 40 23 
15 15 25 21 14 22 18 16 22 12 19 8 37 15 28 20 20 25 21 23 22 18 17 25 23 20 22 21 21 15 21 34 15 21 10 19 27 22 24 17 23 38 21 15 33 13 10 14 19 26 24 20 25 18 26 16 18 31 18 25 23 20 34 17 15 15 33 18 21 25 20 23 35 27 37 21 20 19 5 23 
18 26 31 29 15 32 24 30 27 8 17 13 39 18 17 14 15 28 19 32 18 14 13 17 12 37 21 9 18 19 20 28 18 24 13 16 38 35 14 16 27 38 23 19 22 14 42 35 32 23 22 17 16 29 19 16 21 40 11 16 27 21 25 13 22 19 34 25 31 21 30 28 34 25 25 11 24 13 27 26 
36 14 15 37 16 14 21 21 16 15 8 16 33 21 35 16 11 29 16 31 20 36 29 27 15 24 20 13 24 10 25 35 28 21 27 14 33 28 27 12 35 33 27 13 20 20 21 24 7 31 18 14 29 41 20 20 7 31 28 16 16 18 24 30 29 30 44 20 22 43 10 30 37 20 16 13 29 15 25 19 
43 13 32 29 16 26 27 14 11 17 11 9 33 26 34 22 11 26 16 24 27 16 21 16 21 20 19 15 9 23 18 25 21 17 29 15 38 34 36 12 30 26 31 11 21 21 14 29 10 27 18 31 27 24 21 17 14 29 21 14 19 13 27 18 19 32 19 15 25 29 10 31 37 25 41 6 21 10 11 22 
33 13 33 14 14 19 29 23 15 11 12 17 17 23 16 14 24 15 18 26 20 19 15 15 15 21 29 21 29 21 31 30 25 30 20 12 42 48 21 10 11 27 16 3 23 17 38 32 26 30 19 17 30 26 18 8 16 19 15 19 19 9 24 11 29 15 40 29 15 24 21 42 30 35 33 13 25 27 27 14 
46 14 25 31 18 18 22 25 21 17 16 30 33 11 17 21 19 22 19 14 28 18 17 17 18 21 23 19 21 11 33 25 22 23 21 18 49 38 28 18 33 31 13 11 10 19 38 16 47 28 23 35 29 23 13 20 19 20 17 22 20 20 35 13 15 17 30 16 28 26 25 15 26 24 24 15 16 18 33 17 
25 14 31 26 23 18 24 18 8 12 15 16 27 11 22 20 23 34 17 40 12 18 11 18 24 19 20 14 11 15 21 39 12 27 22 24 28 30 18 19 33 39 16 16 29 20 26 27 28 32 13 28 13 30 18 15 14 30 22 32 22 18 29 10 26 18 29 22 20 29 21 36 31 32 19 27 19 8 21 31 
26 16 32 37 7 20 33 24 29 20 20 30 10 16 32 16 27 26 20 29 26 18 23 25 21 27 26 12 26 14 26 25 20 33 28 12 23 37 24 7 12 13 23 20 5 16 28 26 24 35 40 27 18 33 17 18 27 24 17 21 27 19 35 22 17 4 19 18 16 16 21 29 20 21 33 30 35 20 17 6 
26 18 26 24 19 15 32 28 15 11 16 17 48 18 46 17 35 20 17 34 17 22 11 15 14 42 36 23 24 16 15 30 20 36 21 17 21 40 19 21 29 30 18 18 26 16 19 26 44 23 16 25 24 34 22 18 18 29 14 18 28 17 26 26 20 25 13 24 24 33 21 23 28 25 37 15 7 27 22 9 
22 17 28 36 20 25 14 25 22 14 23 22 18 22 28 16 12 30 20 33 12 11 15 17 24 26 24 24 24 7 33 27 19 34 24 28 13 19 32 21 23 23 32 14 19 13 26 24 29 29 21 29 13 27 19 17 23 46 18 17 23 21 42 19 15 18 40 31 23 31 23 32 26 32 36 22 16 19 17 22 
22 12 45 31 9 24 33 21 15 18 14 19 34 22 29 16 14 31 17 10 21 23 18 28 23 26 28 14 14 20 24 30 12 36 26 5 24 44 21 13 26 34 15 15 20 13 24 25 14 20 15 23 23 16 19 16 21 16 22 21 21 22 39 14 13 26 20 25 17 26 12 16 37 38 43 17 22 14 28 15 
43 20 10 16 14 21 23 20 24 14 16 23 38 26 24 18 21 26 20 22 18 15 16 15 21 14 23 24 25 6 32 23 22 18 7 25 41 28 16 12 31 30 17 22 19 25 40 24 17 24 26 17 23 18 15 13 14 24 21 27 13 13 31 31 20 20 42 17 18 30 16 32 31 12 34 23 15 22 30 16 
32 19 18 35 21 25 31 24 26 14 17 21 39 22 26 20 15 32 19 29 19 19 23 18 14 28 19 17 18 14 29 25 25 25 29 8 8 27 30 18 36 20 15 17 26 25 30 14 32 28 14 21 18 39 22 21 22 43 12 21 20 16 40 16 16 18 30 23 20 38 17 28 25 14 36 14 31 21 21 17 
45 25 14 16 26 23 31 31 16 18 13 31 43 27 29 19 6 31 20 33 14 10 12 23 21 36 21 21 32 20 40 29 14 22 26 15 23 23 21 14 21 26 21 16 17 23 13 12 25 13 24 24 26 36 21 19 4 36 19 21 21 24 21 29 29 11 26 22 26 33 18 17 35 18 34 19 19 18 28 20 
36 25 18 23 28 28 16 27 20 17 12 15 38 13 11 11 25 20 20 14 27 13 13 15 17 25 10 21 23 11 17 20 17 22 15 18 28 35 14 15 24 34 27 12 16 14 28 16 25 23 31 23 16 20 8 12 22 21 31 12 18 6 24 28 19 17 32 20 24 28 25 25 26 38 16 11 20 17 28 19 
38 21 25 29 18 28 28 23 26 19 21 24 39 18 18 18 16 33 18 30 26 17 21 18 21 31 35 9 23 12 38 18 23 26 22 8 26 34 29 13 32 34 26 16 27 20 25 14 26 28 21 32 16 31 24 6 15 42 22 27 15 14 28 8 28 12 37 20 23 22 15 29 29 22 31 24 14 20 31 17 
20 17 24 13 19 20 35 46 16 12 15 14 38 13 38 8 20 12 20 14 28 30 12 22 22 22 6 17 20 16 29 32 15 29 19 21 30 32 24 18 9 14 26 15 20 15 37 16 32 17 41 12 20 14 15 24 20 45 8 10 28 16 37 16 17 12 28 16 20 21 17 32 35 39 28 21 22 19 21 14 
20 26 25 28 19 20 4 31 21 14 15 15 46 16 26 9 10 18 17 26 23 21 10 17 17 20 25 8 23 17 35 23 25 32 20 18 30 31 35 21 36 34 22 7 17 25 34 24 17 40 27 26 16 26 26 17 17 24 20 27 25 19 20 24 22 20 31 19 19 32 12 32 25 39 40 22 18 12 29 19 
35 26 18 24 15 25 23 26 14 16 18 18 25 31 35 12 21 26 14 25 16 18 14 22 14 46 16 22 25 14 20 14 19 32 22 13 13 32 30 22 14 20 21 24 17 19 18 30 38 22 36 19 18 21 7 13 19 28 18 13 26 14 22 26 19 16 35 24 23 26 20 24 22 33 26 22 25 14 27 19 
13 17 16 24 29 23 24 15 18 17 9 19 25 32 36 13 18 22 18 29 15 18 9 16 23 28 8 19 24 16 33 23 31 19 34 21 32 34 17 17 25 25 22 19 28 13 16 21 23 30 31 25 19 19 18 18 19 37 25 32 12 13 5 14 29 24 27 23 22 30 10 19 18 23 37 13 20 20 16 21 
28 18 26 20 19 24 20 24 18 24 12 12 36 18 36 16 18 22 8 26 23 20 13 20 19 31 24 14 21 15 13 32 21 20 33 11 23 31 18 10 22 27 13 12 21 24 28 27 28 30 13 28 32 18 20 16 17 30 17 21 19 19 28 17 22 23 36 28 30 15 17 26 40 29 27 20 26 16 34 18 
22 15 18 29 13 16 36 14 21 17 13 24 34 12 31 17 31 11 6 18 30 19 13 15 9 24 16 19 15 21 16 18 15 26 21 23 20 14 21 13 26 14 28 9 14 13 28 24 32 27 17 28 11 26 20 16 22 24 29 16 12 17 23 28 20 19 6 23 19 31 19 19 19 22 32 20 29 13 28 14 
24 18 23 19 12 31 35 20 21 25 14 29 33 24 41 15 27 24 17 28 17 12 20 10 21 25 30 23 22 16 19 16 22 25 31 22 19 29 13 19 19 26 14 5 28 21 21 19 28 33 26 24 25 25 20 15 17 28 13 14 28 15 44 12 22 20 31 26 15 27 26 13 27 28 46 27 33 14 17 17 
18 16 13 30 24 17 35 28 19 16 14 21 36 22 36 21 27 29 19 34 29 21 16 17 9 26 35 19 17 12 22 24 21 28 28 17 35 27 23 19 19 42 19 26 27 26 34 13 19 29 23 22 28 10 32 12 16 39 15 12 25 14 29 21 27 16 25 17 34 24 29 32 18 30 32 21 35 22 27 29 
23 20 32 17 24 23 25 27 17 12 11 19 32 21 33 11 29 23 18 27 14 13 11 9 16 34 30 11 24 20 22 20 31 29 21 21 21 39 12 16 26 33 17 22 23 15 31 31 23 21 17 23 21 35 19 18 23 33 18 16 20 17 21 21 25 27 37 35 16 28 17 23 30 24 33 26 16 18 25 12 
32 23 11 22 20 23 31 23 12 16 13 16 35 17 23 20 17 23 16 24 21 22 19 30 15 38 27 24 15 17 32 26 5 25 37 21 35 30 23 20 26 36 13 15 22 14 20 31 34 28 29 28 20 22 26 20 15 32 8 24 24 11 38 15 28 12 26 17 15 28 17 28 23 46 36 20 19 15 33 19 
33 14 14 37 16 25 25 19 19 19 10 12 43 14 38 16 24 31 12 24 20 21 24 22 15 40 19 18 33 18 21 28 18 26 31 10 38 25 25 13 19 26 20 23 26 22 30 20 14 13 37 25 11 31 21 14 18 26 18 13 20 15 31 28 21 15 19 23 21 13 22 39 34 27 13 15 22 15 17 33 
28 15 29 33 20 17 21 24 19 13 23 22 31 9 29 18 18 15 18 21 24 22 22 16 21 35 25 19 16 20 19 25 17 25 25 16 32 24 20 13 46 18 22 16 20 19 27 17 35 25 26 25 33 24 21 17 17 30 14 26 16 18 25 21 16 23 22 26 21 24 21 29 37 36 23 25 21 20 35 17 
13 18 39 25 25 15 22 17 17 15 14 28 20 26 25 16 37 27 20 23 26 11 9 19 15 18 31 21 22 14 29 25 18 30 34 13 39 36 26 19 28 31 13 15 23 17 28 29 29 17 15 16 12 22 19 20 13 20 16 25 22 15 17 32 23 19 25 20 17 37 21 28 24 24 17 20 28 9 28 17 
10 8 12 25 17 17 18 27 17 13 19 14 22 9 13 20 33 27 14 14 9 25 18 22 19 40 26 18 32 8 19 28 23 23 30 18 12 29 18 15 31 16 22 11 26 23 26 19 19 34 24 29 29 19 16 20 23 42 14 14 23 18 22 5 19 18 30 23 24 20 26 37 30 32 43 10 32 13 22 15 
26 17 21 21 25 19 20 28 18 17 16 23 31 18 26 19 21 32 13 26 18 31 13 6 14 34 20 12 20 19 30 23 18 24 17 14 24 46 20 16 32 30 13 15 25 14 27 34 26 27 27 22 32 31 17 18 19 28 14 32 17 14 28 23 19 11 28 14 4 31 25 28 39 10 22 23 24 24 24 22 
31 23 31 21 29 18 18 37 15 13 14 22 34 32 23 10 18 34 13 27 24 16 16 21 13 35 19 22 15 16 36 30 16 21 29 17 26 25 20 15 36 29 25 16 14 20 29 20 38 22 23 32 19 12 23 11 21 27 11 12 18 14 18 15 28 4 27 20 20 34 21 28 39 39 32 22 12 15 32 21 
28 19 24 15 18 18 42 27 21 12 12 10 24 19 22 17 28 16 11 28 15 23 14 23 14 37 26 17 30 4 15 25 25 28 26 23 28 21 34 14 25 30 23 13 24 14 13 20 26 33 20 26 19 31 22 19 20 16 25 19 35 18 33 18 24 17 36 21 22 20 14 27 34 39 33 26 21 17 23 18 
35 18 20 26 27 34 15 38 24 19 14 13 37 25 30 13 9 32 20 14 27 23 10 25 16 20 22 21 27 21 35 31 21 28 25 17 26 26 22 20 28 43 24 15 17 19 14 21 26 44 24 21 19 24 18 18 17 20 20 18 28 19 32 27 30 23 29 26 19 24 20 37 39 10 28 20 16 9 19 16 
24 22 18 35 16 17 18 19 8 21 14 20 38 22 26 22 20 25 16 30 19 25 20 31 12 36 30 12 25 13 22 19 27 33 20 14 41 17 27 20 30 21 27 18 16 20 25 15 19 26 27 23 20 34 24 13 21 31 14 23 21 11 21 11 30 22 23 26 16 20 26 21 16 23 21 17 17 20 22 17 
32 19 32 28 12 18 14 19 16 8 8 19 26 27 26 9 26 30 14 35 18 10 24 21 9 31 14 17 14 14 26 35 6 21 23 16 43 24 16 18 24 30 18 19 36 23 27 26 34 30 20 22 24 14 16 14 23 39 21 14 23 11 18 23 34 20 32 26 16 20 15 26 16 39 21 14 20 21 26 14 
37 18 21 30 10 23 25 26 20 17 15 17 22 31 30 24 26 30 17 15 14 23 10 18 16 6 10 27 22 16 32 15 22 20 26 21 38 25 22 16 28 34 16 18 16 18 35 25 24 22 29 26 20 23 21 20 27 17 19 13 11 19 24 15 21 21 19 15 13 22 15 22 23 27 46 25 8 18 30 11 
29 21 11 36 27 23 29 21 18 14 21 20 38 20 26 16 15 18 22 32 16 13 12 22 18 38 20 18 20 18 32 17 19 11 24 19 43 16 28 14 15 34 15 10 16 30 23 30 36 33 19 18 15 28 16 14 14 17 23 18 21 9 29 15 26 19 32 24 24 26 16 29 37 44 34 21 14 17 14 21 
18 12 28 21 16 22 31 24 18 9 19 10 34 25 32 15 19 23 17 32 18 13 18 22 19 20 25 14 31 18 19 14 30 27 19 22 34 33 24 12 33 16 20 12 21 16 17 21 21 21 19 11 16 18 17 18 24 34 26 14 23 15 40 18 29 17 29 21 26 40 27 16 20 42 36 15 21 22 25 23 
30 6 19 25 22 17 17 23 20 19 14 20 36 22 31 19 15 24 13 31 32 21 20 11 23 27 33 5 33 15 27 25 28 34 22 21 10 37 26 19 20 26 27 8 22 9 40 19 38 43 30 31 24 31 17 19 18 22 18 21 21 10 27 21 24 17 22 22 19 22 14 28 30 23 40 17 16 15 31 16 
35 14 21 39 22 7 33 9 21 20 17 20 26 13 31 15 20 36 12 32 24 11 10 18 16 33 30 23 20 19 31 25 15 23 25 22 39 42 23 16 26 31 22 18 28 13 35 18 33 29 27 25 28 24 32 19 20 29 15 20 29 16 23 27 21 18 27 28 26 27 12 35 40 21 33 25 23 15 27 19 
28 22 21 28 20 20 33 28 18 12 11 25 30 15 29 11 9 20 16 31 13 22 15 22 23 31 22 19 11 25 39 24 22 16 12 20 23 31 15 15 30 28 21 19 18 16 26 20 43 29 31 26 15 17 11 18 21 44 15 11 14 18 31 31 18 23 33 29 12 40 21 31 24 30 28 15 23 5 40 17 
25 18 16 15 25 16 18 8 9 16 10 17 25 22 24 15 21 36 18 36 28 20 23 12 21 16 11 17 16 22 24 30 15 26 17 11 23 28 37 17 23 27 10 16 29 21 36 27 32 28 15 18 24 23 16 12 20 41 24 19 15 13 32 31 16 12 24 19 20 27 27 37 31 17 38 18 27 23 32 17 
30 16 36 35 27 31 32 17 11 21 12 24 20 25 25 17 16 38 19 30 18 23 17 10 18 36 30 23 28 18 28 15 15 30 14 13 14 45 25 21 20 38 28 12 24 22 41 15 21 29 23 26 11 31 23 13 23 32 23 20 35 6 3 32 13 17 25 33 25 24 20 27 43 26 26 17 20 14 32 18 
28 14 16 33 16 30 23 14 19 10 9 22 26 13 23 14 16 36 13 40 26 19 21 28 21 31 31 22 12 24 19 17 13 21 41 25 37 24 18 18 32 28 19 18 33 24 24 20 36 35 31 23 20 26 17 19 21 43 10 24 25 18 32 19 19 21 37 17 13 21 18 26 31 4 15 19 23 14 41 18 
26 17 29 29 20 16 23 24 26 12 14 18 41 23 37 19 19 26 16 30 23 20 17 18 19 23 18 17 20 19 27 27 26 37 44 23 49 27 23 15 26 28 14 13 23 22 27 9 45 42 24 22 21 29 20 12 21 40 20 41 19 14 30 19 31 10 35 18 27 21 19 11 35 43 23 15 14 14 35 19 
34 25 26 15 15 23 29 15 17 16 20 18 24 20 46 17 27 38 10 5 13 15 16 20 20 25 27 23 20 17 35 22 30 35 29 19 29 29 14 16 34 31 22 16 22 17 33 17 28 23 26 28 16 28 17 12 30 26 20 14 21 20 22 15 17 21 35 18 24 24 18 28 29 36 40 17 17 19 28 20 
25 22 24 17 19 23 22 32 8 17 11 14 37 30 45 16 9 38 16 30 30 22 16 15 14 19 22 14 25 13 25 25 18 16 29 20 32 28 20 18 25 21 19 12 23 28 23 13 29 24 16 21 14 30 18 13 25 32 22 25 17 12 22 9 23 16 27 21 13 24 19 25 21 43 34 22 29 22 19 12 
30 18 33 28 23 18 26 29 21 14 18 22 40 23 31 8 16 41 11 15 25 29 19 21 15 33 27 14 24 17 24 32 11 15 29 18 28 24 18 20 29 33 25 21 23 25 43 25 16 26 17 28 32 35 19 18 19 13 28 18 25 10 25 17 14 28 45 27 28 28 27 21 28 29 10 18 24 19 35 20 
20 20 23 34 25 23 28 23 23 12 19 16 20 21 17 7 12 27 23 23 25 16 13 8 20 35 24 16 28 11 34 25 20 27 20 12 32 21 26 17 19 21 26 13 22 17 25 11 15 32 23 22 19 27 27 17 11 14 23 14 26 13 23 21 25 15 23 34 21 29 16 42 30 16 37 26 21 15 11 15 
22 16 25 37 26 39 24 13 21 18 23 14 29 18 34 17 23 25 17 14 28 26 21 9 21 20 23 16 22 19 26 22 19 30 23 16 52 24 27 10 19 31 26 12 21 20 17 17 48 31 32 18 18 33 21 16 19 18 19 29 21 16 9 20 30 21 40 26 19 34 17 37 22 31 22 20 28 17 16 20 
33 24 24 29 13 14 32 31 18 15 16 20 21 21 36 15 10 22 18 20 25 16 14 11 20 20 32 16 22 22 22 22 25 18 23 21 6 27 18 15 17 13 15 21 27 26 33 15 36 28 13 25 21 20 15 17 24 46 19 25 11 19 16 20 11 11 17 21 23 41 17 18 40 35 33 12 17 27 23 7 
29 25 24 26 16 11 28 24 27 13 15 13 27 15 31 19 26 32 18 35 23 19 18 30 14 30 32 13 26 14 25 28 15 31 27 17 23 20 6 10 27 31 14 14 21 15 37 25 29 18 20 22 20 27 18 17 25 26 25 20 21 12 28 25 15 25 12 25 16 20 23 19 26 10 40 21 23 18 29 16 
24 18 26 34 30 29 19 22 23 10 17 10 37 16 18 19 28 37 18 14 26 19 15 17 22 19 36 16 29 15 32 25 17 14 30 17 35 16 21 11 12 26 27 9 16 16 24 12 26 31 18 19 20 26 19 16 21 45 23 25 11 21 25 9 22 14 23 17 22 25 29 28 40 28 31 23 27 20 25 14 
16 22 23 34 23 21 13 25 27 14 13 18 24 16 42 17 30 39 14 10 15 15 12 19 23 36 19 18 28 22 25 25 24 21 20 16 28 31 27 17 29 40 24 17 31 25 24 21 32 29 25 20 20 31 19 17 27 23 21 28 22 21 17 11 8 20 26 31 15 17 13 13 32 41 29 15 8 15 37 17 
36 14 29 15 16 23 29 21 30 21 16 11 27 12 30 17 16 11 15 40 24 19 18 22 20 38 20 20 20 16 27 18 19 29 23 15 32 23 13 20 18 44 25 14 19 16 20 11 24 23 21 29 17 15 19 15 13 32 24 25 25 11 9 23 5 25 25 16 26 23 21 14 25 39 40 18 31 13 38 22 
33 22 9 27 21 23 18 26 15 16 21 19 20 16 29 14 13 21 13 36 21 9 16 17 20 30 21 25 16 17 36 27 32 25 16 12 29 18 17 14 30 27 22 15 23 20 28 18 22 25 27 18 18 16 23 16 21 45 15 21 20 20 28 23 24 17 21 21 21 30 13 34 28 28 29 20 29 18 27 25 
32 14 26 37 16 19 19 30 18 15 18 17 29 25 21 15 16 25 17 20 19 23 11 18 18 12 26 13 17 12 35 30 23 31 18 25 21 25 20 19 25 27 26 24 21 30 31 25 42 21 15 22 21 27 17 10 20 29 14 18 14 15 17 21 26 20 46 21 23 25 16 24 28 34 32 25 19 20 18 28 
28 30 30 18 26 21 29 22 17 9 20 18 32 19 17 11 21 23 17 24 15 17 4 19 14 21 24 20 18 18 32 38 25 14 31 26 40 37 21 20 27 34 23 17 7 16 22 20 31 28 29 23 27 30 23 11 14 25 16 21 29 12 25 14 17 21 33 26 22 34 24 25 33 28 24 18 18 20 29 12 
23 16 18 33 19 30 30 23 30 19 13 17 11 24 41 17 17 38 15 17 25 23 14 20 18 37 30 21 35 19 22 13 7 27 19 14 28 38 19 13 30 37 23 20 24 18 37 29 43 19 32 24 22 35 23 18 15 10 13 17 18 21 36 25 22 11 27 22 33 22 14 32 26 30 34 25 21 19 36 22 
38 19 23 21 25 17 37 27 16 16 20 28 19 28 20 12 12 23 17 20 21 23 13 15 10 39 13 7 39 19 31 24 25 25 12 12 25 23 31 13 26 26 23 14 18 25 23 21 17 26 28 30 13 38 8 17 26 32 11 25 18 17 32 27 25 20 33 23 29 22 21 29 15 48 25 13 27 20 25 19 
38 18 26 29 20 18 25 20 18 14 14 17 23 22 36 18 19 24 12 27 27 22 8 17 23 35 22 18 27 14 20 22 31 29 21 16 18 21 12 21 18 33 24 12 24 23 21 11 29 23 27 25 30 23 11 14 19 22 27 17 4 20 30 19 18 14 27 29 18 21 22 27 17 48 13 21 23 27 26 21 
19 25 31 37 30 30 25 23 18 19 11 18 29 23 26 18 18 41 13 38 17 24 13 18 19 19 17 24 24 9 37 30 24 24 26 17 31 29 13 16 30 40 23 19 11 16 28 12 26 23 38 29 21 29 20 19 22 34 18 22 12 14 31 16 20 17 27 22 24 22 21 17 32 22 24 12 15 14 17 13 
30 22 23 21 13 22 30 27 12 20 18 10 35 15 28 11 24 26 19 20 27 22 11 17 17 21 28 5 22 15 32 23 25 24 24 20 30 20 4 11 24 25 16 14 20 21 16 22 41 33 28 32 15 27 19 20 16 29 17 17 20 19 34 16 16 11 31 37 19 16 21 14 18 28 26 13 25 17 28 15 
38 21 23 18 14 18 27 20 24 21 16 26 25 9 31 10 24 30 19 38 19 26 20 18 20 23 24 13 16 15 28 21 12 28 29 19 32 22 31 22 11 33 24 16 14 8 22 15 31 29 36 27 17 16 18 20 19 20 16 29 14 17 21 32 27 18 36 24 10 15 9 30 26 26 32 16 20 15 21 16 
24 15 12 28 14 20 20 18 13 18 15 20 25 33 43 20 11 35 10 20 26 15 14 10 22 24 17 18 19 17 29 29 25 29 26 10 16 29 31 18 22 19 28 16 20 24 42 19 25 21 34 24 24 28 20 16 17 16 8 19 28 15 37 24 18 19 23 19 24 28 19 8 27 34 8 16 22 23 22 23 
27 14 24 36 24 20 23 7 16 22 19 16 46 30 43 10 20 30 12 31 10 21 19 22 13 12 27 16 28 19 30 30 15 28 31 16 35 32 28 9 17 18 26 14 20 19 22 15 21 18 19 34 28 33 14 24 24 33 20 26 20 11 29 28 20 12 44 15 31 34 21 23 34 28 31 12 19 14 31 22 
36 25 9 19 22 21 29 14 18 19 8 14 21 18 33 17 21 24 13 45 21 17 26 12 20 26 23 20 17 19 26 22 15 23 22 15 22 29 26 12 10 19 25 8 18 18 31 19 16 17 17 14 15 26 21 14 21 41 18 26 14 17 20 20 19 20 24 25 12 37 23 28 17 24 26 30 35 22 27 23 
25 20 20 31 22 32 26 26 22 14 7 8 41 12 27 19 32 8 20 22 23 15 27 15 20 23 26 19 23 23 30 35 18 30 37 28 34 29 25 12 29 33 21 17 15 6 19 18 37 25 42 20 27 21 16 20 16 19 18 30 20 13 31 23 23 18 52 26 35 36 6 25 24 25 23 15 17 7 25 19 
35 12 18 30 16 27 34 26 10 25 17 17 30 26 21 15 17 11 22 31 24 19 12 25 18 25 23 20 26 13 22 39 30 26 16 28 26 33 36 13 50 37 14 18 17 18 27 20 33 26 15 19 21 33 12 13 20 29 16 16 22 17 38 19 19 17 25 24 8 30 28 28 31 40 37 18 20 20 30 21 
28 26 20 30 19 30 36 28 16 16 24 14 31 28 28 20 22 30 19 19 35 17 15 27 17 26 22 13 24 15 27 33 25 25 24 19 32 38 20 15 24 27 28 15 12 13 29 19 25 33 14 37 13 27 25 12 16 50 21 16 11 14 27 22 32 13 27 12 14 29 16 25 15 32 40 23 21 26 28 20 
34 21 23 19 39 34 18 22 10 19 19 20 20 21 39 16 28 42 20 18 13 24 17 23 20 36 32 17 26 20 24 31 24 25 16 11 11 29 34 16 26 23 20 17 12 20 16 20 42 18 38 21 11 22 13 15 13 42 21 16 19 17 30 17 27 21 11 23 19 34 23 32 30 30 29 25 29 8 17 9 
40 19 32 28 17 24 23 29 8 19 9 26 16 23 26 7 18 31 17 22 32 18 17 10 15 27 24 21 23 12 24 30 10 16 28 14 28 39 26 18 19 24 26 17 16 19 23 19 29 23 20 25 24 33 15 12 10 37 17 19 12 16 22 10 21 15 31 20 14 31 17 10 32 24 30 15 19 21 22 20 
20 15 34 31 23 22 24 10 24 15 11 22 31 19 37 20 27 17 10 26 30 7 20 23 22 36 22 10 22 16 29 13 15 25 28 29 36 18 19 16 15 41 26 18 27 27 37 20 24 17 17 33 20 27 20 16 22 36 4 23 24 15 25 32 22 23 36 17 16 18 18 21 35 34 42 18 14 22 36 14 
29 21 26 19 21 21 24 15 14 18 18 25 25 20 40 15 25 27 16 20 19 28 7 16 25 21 34 17 21 17 24 18 14 21 30 15 46 37 35 14 31 33 17 14 33 20 21 16 17 33 36 30 20 36 18 16 23 25 13 26 17 18 35 20 22 14 35 15 39 19 17 29 27 29 32 19 18 15 31 19 
33 18 21 28 23 24 27 24 25 16 9 21 33 16 38 11 13 19 14 27 17 10 16 29 17 28 19 17 17 20 14 21 20 20 13 22 31 28 21 21 15 35 21 10 21 27 26 13 32 22 7 24 11 33 18 22 24 21 17 16 24 14 31 16 20 8 29 17 25 21 14 12 35 26 28 11 19 13 20 14 
40 13 26 32 11 25 19 26 19 14 19 28 37 24 32 21 29 20 21 28 18 12 22 16 25 12 22 16 16 21 31 33 16 27 20 19 32 17 28 18 31 22 15 13 21 19 21 18 33 35 20 22 22 30 19 13 15 31 9 26 19 16 42 19 17 21 10 18 25 10 10 17 32 28 39 28 21 17 31 24 
18 13 18 32 10 37 25 25 12 20 9 13 28 24 30 17 29 11 20 30 28 16 10 18 14 34 22 32 23 17 31 25 14 25 15 17 24 28 19 16 23 30 24 18 11 16 22 25 32 20 21 20 20 27 13 14 14 36 11 27 19 20 31 31 27 24 33 24 21 28 26 35 23 33 8 20 18 17 25 15 
39 22 36 20 23 27 30 23 20 11 21 15 39 19 36 14 25 27 17 24 19 20 17 24 9 30 20 11 11 18 15 30 21 13 9 6 31 19 33 6 3 22 20 22 15 14 15 36 38 28 26 23 16 9 14 23 17 33 16 18 19 15 35 22 12 11 36 20 18 27 15 15 35 25 39 18 22 18 28 17 
30 17 18 31 16 26 18 16 17 13 20 17 48 12 34 11 28 32 22 35 17 22 18 12 21 17 24 20 20 18 10 14 25 26 27 25 20 31 18 17 19 25 22 17 21 23 21 25 35 31 22 28 21 35 19 10 13 33 21 24 17 21 31 11 30 6 43 20 13 20 13 36 39 32 39 8 16 21 23 22 
18 30 26 27 18 24 12 18 22 21 17 18 52 11 31 15 14 23 18 36 24 21 14 15 20 35 20 20 31 20 20 25 10 17 33 23 19 31 25 20 32 35 13 12 26 28 13 19 29 27 37 24 28 22 25 18 21 41 13 24 21 20 25 19 22 19 46 29 33 23 17 26 32 20 33 20 29 17 31 18 
26 10 33 30 22 25 21 20 22 17 15 13 39 13 10 14 27 22 23 36 21 24 16 18 24 14 31 17 8 10 26 34 16 17 12 19 34 28 30 12 24 14 21 17 27 21 18 8 24 22 20 28 24 31 24 16 14 25 36 19 25 11 10 31 16 15 33 18 14 25 24 12 18 23 31 20 28 7 26 17 
34 22 38 25 15 28 25 20 19 11 18 23 30 24 20 12 13 30 18 22 20 19 19 21 17 26 17 19 11 17 27 24 25 21 28 7 28 40 26 12 20 30 26 16 13 20 20 20 27 28 14 38 10 30 15 14 14 27 19 17 25 17 18 28 23 22 36 25 22 21 17 22 18 22 20 20 19 20 30 29 
20 21 31 32 24 26 30 29 16 18 7 16 29 10 27 14 26 30 16 15 10 25 20 16 24 18 18 21 34 14 26 24 10 28 29 20 40 19 19 14 28 33 28 18 22 25 29 24 25 39 19 20 22 12 24 16 15 51 12 11 18 11 43 23 16 15 43 20 24 33 12 32 26 16 31 17 31 26 25 15 
18 23 22 15 22 29 24 15 7 21 25 23 41 29 23 17 16 18 16 32 25 21 20 11 11 27 21 26 20 12 25 29 17 32 26 21 32 23 28 16 24 35 13 10 29 24 24 20 18 32 33 13 14 22 16 21 18 21 16 25 25 19 24 27 24 25 50 23 22 22 19 29 32 33 33 10 16 21 24 11 
34 21 20 41 15 20 28 27 23 16 21 17 43 16 34 18 23 26 15 29 15 12 15 24 5 37 34 18 27 18 20 26 16 16 24 22 27 14 42 18 33 14 16 14 15 14 37 16 28 28 32 32 29 25 13 20 24 26 12 20 11 20 25 17 22 17 15 35 11 29 23 22 38 26 33 28 17 21 25 22 
16 26 22 20 19 26 27 19 15 16 18 19 31 10 48 22 18 26 15 28 16 14 18 16 18 25 34 21 20 20 38 41 26 21 25 18 38 28 28 13 21 35 23 18 27 19 21 16 24 33 25 17 6 35 14 20 13 22 27 25 22 13 23 22 20 26 23 14 20 31 13 33 25 37 33 27 19 20 26 26 
33 27 27 27 22 24 30 29 11 19 19 13 32 23 34 16 24 31 15 19 12 20 13 14 14 26 27 23 21 14 36 22 20 43 23 18 29 30 12 14 34 27 21 18 18 25 27 10 24 33 16 29 26 18 17 8 14 25 15 25 18 13 18 23 5 19 25 22 13 33 26 25 20 19 40 13 22 12 18 12 
29 17 20 36 26 35 29 21 15 13 20 17 20 13 27 20 10 21 15 35 20 22 12 18 12 40 23 21 23 20 30 28 7 26 16 23 12 19 18 16 23 35 17 11 13 19 25 20 27 22 19 22 24 25 22 17 16 18 24 16 22 18 33 31 24 11 43 23 24 20 11 20 7 27 37 21 25 15 32 21 
20 16 28 21 12 27 42 18 17 16 10 32 30 25 34 14 12 31 19 29 25 25 24 19 19 28 22 29 24 21 27 25 22 30 18 19 33 29 26 14 14 37 16 13 7 23 21 10 25 26 32 19 25 32 28 23 18 22 21 32 21 15 28 10 17 20 37 21 23 25 25 29 28 23 13 22 29 18 23 16 
33 14 34 24 9 26 34 33 14 12 19 9 55 16 6 22 16 28 24 28 21 18 18 20 17 29 22 7 14 18 32 21 20 22 32 26 32 30 24 20 30 17 23 14 24 13 11 22 33 27 20 27 27 33 15 22 24 25 15 16 15 14 39 20 19 11 34 16 24 39 5 26 38 36 17 14 19 19 32 21 
24 10 27 12 14 26 19 15 17 13 18 31 23 24 34 11 29 26 15 18 22 7 12 21 16 30 30 19 23 16 17 18 11 24 32 23 33 34 27 16 35 30 11 15 36 13 31 27 22 28 19 17 33 27 7 11 15 20 11 28 23 14 35 13 18 20 18 23 17 37 23 19 28 29 41 31 33 14 34 15 
27 26 30 28 15 29 31 19 20 19 18 19 24 28 14 17 28 32 12 28 26 18 14 20 16 24 14 21 21 17 11 26 15 14 17 12 24 21 19 14 16 15 15 12 27 20 28 19 31 24 28 18 20 23 22 19 21 21 21 24 21 10 35 18 24 16 26 24 27 14 14 20 37 35 32 9 20 17 22 23 
37 25 7 36 8 13 32 18 20 10 15 26 39 24 32 14 18 21 20 23 19 26 13 9 22 33 30 16 24 16 29 24 29 26 23 18 43 16 27 14 18 10 29 12 22 19 32 14 26 25 19 27 16 39 19 18 22 31 17 27 25 10 26 15 35 16 28 34 21 31 15 30 18 28 34 23 29 13 38 13 
35 16 12 34 21 18 24 23 15 16 15 18 31 31 33 18 20 27 15 23 15 19 18 14 27 21 28 13 21 20 15 25 28 3 35 17 37 34 29 11 28 23 25 18 24 21 14 23 25 17 24 19 17 22 16 15 12 22 22 24 22 19 30 29 24 11 29 23 19 23 20 29 29 32 30 26 15 17 17 17 
23 18 31 29 30 26 31 12 15 18 18 15 24 20 29 18 20 22 20 30 14 23 16 11 23 25 21 22 24 17 16 24 18 23 31 14 36 34 12 10 17 27 31 16 35 13 12 21 36 20 28 23 26 24 10 17 18 25 12 18 11 18 23 14 16 13 35 23 22 28 21 21 29 24 29 23 34 14 26 23 
11 23 16 24 22 29 36 29 14 15 22 23 29 7 32 18 24 30 16 24 31 20 14 21 20 23 27 14 23 12 28 26 11 18 29 26 23 37 21 13 32 29 26 9 19 24 21 13 34 29 27 9 24 16 12 18 17 38 21 18 13 18 32 24 14 18 48 20 14 19 25 27 33 25 25 21 16 17 29 16 
37 15 25 31 22 18 28 25 24 17 13 18 40 26 34 17 16 36 15 29 21 20 17 17 19 36 29 14 27 21 30 14 16 22 39 16 37 26 19 15 27 40 16 10 15 15 8 26 27 29 19 20 18 17 15 17 21 23 19 19 18 13 29 20 16 25 39 26 19 24 16 32 30 23 39 18 10 13 23 13 
26 15 25 33 21 26 24 41 21 15 15 24 35 29 33 18 18 34 11 12 28 26 18 19 23 31 20 21 22 18 43 14 20 27 20 13 26 25 17 9 38 24 27 16 22 11 37 20 35 32 34 17 32 24 25 16 17 41 23 13 23 21 24 22 24 13 34 11 17 27 20 17 24 41 28 20 29 15 42 17 
20 20 20 33 15 18 30 22 21 22 15 14 26 25 30 17 8 25 10 22 32 12 14 18 16 18 26 8 25 17 19 29 21 19 28 28 26 29 27 15 32 33 20 16 11 21 39 20 24 32 17 16 19 30 26 22 20 35 21 18 16 20 27 21 15 20 32 23 20 27 17 26 23 36 30 27 20 16 17 31 
27 18 25 29 21 22 27 28 16 15 18 29 35 29 30 16 20 32 18 20 18 23 17 25 11 31 11 16 32 18 24 25 23 37 26 12 21 30 11 23 38 26 21 15 21 23 26 29 12 25 25 9 9 22 20 18 25 13 14 19 24 19 12 19 16 22 32 10 26 35 13 21 30 23 33 16 21 21 24 18 
36 14 22 28 15 15 26 32 16 22 14 17 44 8 32 14 22 20 19 13 21 27 12 18 19 29 19 18 24 13 14 26 20 26 20 26 15 34 16 16 24 27 17 24 27 28 20 23 32 36 22 17 32 24 24 17 10 24 17 20 23 15 22 27 29 9 31 22 14 27 23 38 43 26 32 25 20 15 20 22 
38 20 31 21 17 20 28 30 18 17 18 17 11 28 37 16 15 25 8 21 16 27 21 22 24 21 29 22 18 17 15 16 26 19 23 17 24 36 34 13 24 39 20 20 12 19 14 35 23 29 31 25 27 25 13 15 16 34 25 9 20 22 28 6 26 11 34 20 22 35 20 25 23 21 28 16 24 16 17 26 
30 12 18 26 16 28 32 28 18 20 19 24 15 35 24 12 20 29 17 28 21 23 14 17 18 26 21 20 24 22 16 30 25 24 23 18 28 31 14 20 19 39 20 13 20 9 19 11 21 41 35 24 22 24 13 24 17 41 22 15 22 19 18 22 20 22 21 20 21 27 29 19 19 32 29 9 30 12 20 18 
31 22 34 31 13 17 37 30 20 18 18 23 35 23 25 23 23 18 15 28 17 18 10 28 15 28 17 16 24 18 35 10 7 27 24 15 45 22 27 10 31 43 16 21 26 15 25 24 21 34 24 20 14 24 16 11 21 30 18 19 25 16 31 23 19 28 15 26 30 28 21 17 25 24 26 16 27 7 31 19 
39 15 23 23 20 19 33 31 17 22 14 17 28 24 39 11 19 24 16 28 23 19 19 12 13 21 34 19 22 15 32 19 19 28 18 19 31 30 21 20 25 40 27 16 20 10 19 20 31 28 26 20 19 27 22 13 25 39 14 20 12 21 18 19 15 10 17 22 11 21 17 20 16 40 22 20 26 24 23 9 
29 19 32 31 22 26 22 19 7 17 13 20 25 21 31 14 20 18 18 19 31 18 12 21 10 36 30 21 25 18 26 23 27 22 32 25 31 25 16 20 17 35 16 17 30 19 30 12 27 24 15 37 15 25 7 17 28 24 19 24 9 15 39 13 12 16 40 25 18 19 17 29 29 43 22 12 22 19 28 22 
11 15 16 24 25 32 27 28 24 20 23 26 30 17 38 20 20 28 12 18 15 20 14 14 30 32 26 19 29 15 36 17 23 14 11 17 12 32 14 19 19 32 19 13 19 22 34 13 29 29 15 19 12 36 22 13 21 21 13 30 17 11 8 24 21 5 28 19 15 34 14 22 42 30 31 16 10 18 17 16 
16 21 37 28 12 25 18 34 27 22 19 27 26 18 34 16 14 23 18 39 29 16 14 15 25 25 18 17 31 10 24 22 20 30 26 18 42 45 23 20 20 29 16 13 15 15 33 16 18 30 24 15 15 20 21 7 17 23 13 17 9 19 22 13 23 17 26 28 24 17 28 36 34 13 41 15 27 25 35 14 
23 16 29 39 22 17 24 22 14 22 8 11 26 27 28 13 21 29 20 26 15 19 17 21 12 40 26 22 23 13 29 14 23 19 23 17 29 20 33 11 28 32 29 10 26 15 28 25 32 26 27 15 21 20 23 15 23 40 24 16 17 21 41 10 14 20 30 27 29 30 22 27 11 19 18 21 23 9 26 16 
31 17 23 40 16 16 20 21 21 15 11 28 17 17 25 18 25 31 21 28 19 18 17 19 17 39 31 17 22 17 27 26 15 23 26 15 25 36 17 18 27 29 19 15 16 14 39 19 28 28 38 18 26 23 13 21 21 44 17 16 24 18 25 16 21 28 33 22 20 32 18 15 36 25 40 28 9 24 30 21 
35 15 25 21 21 19 26 18 16 15 11 19 43 28 28 17 11 36 27 36 8 24 22 21 22 30 25 17 20 19 35 17 20 40 31 16 34 24 12 18 17 31 22 15 23 21 25 28 33 14 20 19 24 17 10 16 15 35 17 17 19 17 26 28 27 7 44 21 31 20 23 13 20 28 33 24 21 25 28 23 
30 15 23 29 15 35 29 33 13 17 25 16 36 16 24 15 14 36 20 34 18 19 15 24 19 26 34 27 29 12 29 19 15 32 28 16 20 28 13 15 22 35 20 15 18 25 12 30 26 26 30 20 22 32 24 9 26 25 16 17 28 23 22 23 24 26 38 18 17 39 21 9 12 28 41 15 23 27 24 23 
46 13 33 35 11 25 31 20 20 16 10 26 41 15 36 12 13 32 17 18 16 26 18 13 21 32 16 14 17 14 37 21 10 15 23 12 43 17 24 15 26 12 31 13 18 19 19 21 36 25 21 33 15 28 16 15 16 37 18 15 18 15 39 23 14 14 25 19 18 32 20 34 18 42 24 13 14 22 33 15 
31 19 31 28 20 29 32 32 5 21 6 20 36 26 55 24 17 22 16 23 22 19 14 30 25 30 21 18 22 13 19 17 20 27 20 25 37 40 23 13 29 29 31 14 18 25 22 27 18 24 35 18 9 26 22 14 17 42 14 22 21 17 25 21 31 18 21 22 32 25 16 35 20 15 26 15 23 17 16 19 
28 16 27 27 22 13 29 20 13 16 14 21 4 31 16 15 8 18 9 32 17 18 14 11 28 30 37 16 27 15 25 10 15 18 27 20 26 22 29 15 27 25 16 13 26 20 25 20 20 35 30 28 21 36 11 23 18 26 14 21 25 24 30 24 19 19 33 23 15 27 16 35 18 29 29 18 22 23 23 18 
36 17 20 12 28 15 12 24 16 9 12 18 26 24 29 12 37 25 21 30 22 18 11 21 14 19 17 10 22 13 21 21 15 23 16 22 23 38 28 10 27 36 16 8 20 19 33 18 35 26 24 25 24 34 19 16 33 41 9 21 30 16 32 21 17 16 36 8 26 26 26 22 26 46 33 19 16 11 27 23 
25 17 36 29 19 34 27 25 18 18 19 14 25 16 24 16 17 24 25 33 19 12 19 18 15 32 29 18 20 17 29 26 30 33 19 19 16 28 29 9 26 32 30 16 30 17 23 24 26 30 28 19 18 25 24 19 13 23 13 29 20 11 19 20 27 18 32 18 24 23 14 26 28 33 35 13 35 26 19 2 
38 15 28 25 20 25 18 24 16 18 14 14 27 20 44 11 21 28 27 24 22 14 18 16 23 27 34 19 23 23 29 24 7 24 28 24 10 18 27 12 25 25 19 12 14 8 22 24 31 25 34 19 19 31 8 24 21 39 22 23 21 15 19 20 9 23 41 26 14 18 21 26 26 36 28 20 26 20 32 14 
15 21 22 23 14 29 20 35 30 15 9 19 30 18 28 14 3 29 20 30 19 15 14 21 17 36 23 22 20 12 27 6 23 28 26 16 31 29 29 15 20 14 18 14 14 16 31 29 36 35 36 26 19 26 22 20 19 18 13 9 24 17 33 16 12 21 44 14 9 37 23 28 27 37 23 5 24 18 20 29 
21 25 36 24 17 16 28 20 14 13 16 18 28 22 36 11 17 29 16 22 28 17 15 24 17 33 30 13 24 17 27 27 13 30 15 21 34 14 22 5 23 23 21 9 25 19 40 25 25 21 43 17 13 18 17 20 26 8 25 26 21 18 22 18 9 17 35 20 24 24 21 19 31 33 24 27 17 17 16 12 
21 24 30 24 14 27 24 20 15 13 14 19 43 29 18 16 23 22 17 16 13 18 23 15 16 16 37 14 21 14 22 34 26 31 25 15 41 20 28 25 28 40 18 18 24 16 24 16 20 20 31 34 17 31 20 19 24 41 26 18 16 16 21 28 23 14 37 21 17 16 18 23 29 30 17 16 23 19 17 14 
38 21 33 27 26 28 13 16 9 14 15 17 36 18 31 21 19 23 16 29 26 21 20 13 21 21 19 20 19 13 19 14 16 28 27 14 43 36 25 14 36 41 18 9 22 16 26 11 31 16 26 27 20 32 24 20 18 23 15 21 20 22 34 16 11 16 28 23 29 21 18 33 16 39 13 26 30 10 24 9 
18 21 16 27 19 19 26 15 14 21 15 17 32 26 33 19 25 20 16 31 14 17 11 22 24 37 33 17 28 14 25 20 27 20 27 19 22 24 20 17 31 19 12 15 23 23 32 29 38 27 42 22 10 11 14 12 27 39 15 22 21 22 33 25 23 25 28 25 24 25 19 32 33 21 29 24 25 9 23 18 
42 15 21 28 15 26 35 24 16 13 25 7 36 21 22 12 26 19 19 24 22 28 14 25 15 29 16 14 26 19 29 31 28 38 21 20 22 41 44 12 25 35 29 15 27 16 22 31 24 14 13 24 17 29 17 12 11 24 13 26 15 13 37 10 22 26 29 16 27 24 6 27 23 23 50 14 24 16 21 16 
31 19 16 35 27 21 23 24 17 16 12 14 17 31 45 17 16 22 23 9 25 26 16 14 17 28 20 14 25 17 25 20 21 22 16 19 36 31 25 16 22 12 22 12 26 27 11 25 25 12 15 23 17 20 18 13 23 30 20 21 17 17 23 15 14 16 30 20 15 25 18 32 31 40 40 20 19 5 22 15 
28 15 20 16 15 20 17 23 12 20 16 18 34 22 29 6 24 22 13 25 19 17 21 17 23 16 26 7 28 18 28 22 19 23 29 21 28 31 30 17 24 23 16 18 18 20 28 12 18 19 31 28 19 34 17 12 5 42 17 21 18 15 30 13 10 19 31 31 22 43 22 26 38 25 41 25 19 13 25 26 
27 25 29 26 12 26 17 34 21 13 15 19 31 21 23 17 10 26 12 27 20 19 8 18 17 32 24 15 14 15 32 19 21 34 40 18 24 26 29 14 19 31 22 19 12 18 36 25 33 31 30 33 21 22 21 22 12 23 10 24 30 19 18 31 20 20 41 23 15 30 19 16 36 43 44 22 19 21 22 26 
29 11 13 31 14 20 23 33 16 15 15 14 37 24 35 12 23 21 15 32 22 16 13 13 18 46 30 9 16 13 23 23 23 29 38 17 39 33 30 22 29 42 19 16 34 17 28 21 27 22 24 31 24 21 18 11 16 32 16 10 24 16 31 17 18 22 40 31 19 39 19 19 28 25 22 24 26 15 25 16 
23 19 38 26 21 25 29 17 21 15 13 11 32 18 25 16 13 24 12 21 12 27 24 21 11 19 18 17 16 22 32 25 24 27 19 20 13 31 24 11 12 22 21 12 18 22 27 25 40 32 27 36 18 16 21 21 10 29 13 26 13 20 23 27 22 19 43 24 34 25 18 25 15 19 14 21 14 16 23 21 
35 25 33 31 31 17 33 31 21 20 15 20 44 18 23 14 20 23 13 19 26 31 15 20 15 26 10 24 18 11 28 32 16 20 38 15 49 33 18 16 26 15 18 21 11 29 36 26 31 30 16 18 22 33 19 16 16 45 22 26 17 13 20 18 19 17 30 22 21 26 17 28 23 26 28 22 20 21 31 15 
15 22 23 29 17 33 15 24 12 13 16 14 33 27 29 15 19 25 8 29 26 26 13 21 14 24 31 12 30 21 16 14 14 20 36 7 29 27 26 15 18 20 33 6 15 12 32 20 20 29 20 26 20 27 12 16 34 16 19 15 8 22 32 17 21 9 43 9 14 36 19 18 23 30 31 23 13 21 34 20 
20 23 16 32 29 23 36 22 18 18 12 12 15 22 28 12 27 43 15 32 21 13 13 27 19 25 29 14 20 23 24 26 19 34 20 21 42 20 21 4 21 30 27 18 24 20 24 23 33 19 32 27 14 23 17 19 28 43 18 17 21 22 20 21 19 13 15 23 36 16 15 37 26 39 44 22 15 21 21 14 
31 17 32 20 14 21 28 19 24 18 17 20 34 10 45 20 13 16 14 32 21 22 15 20 15 37 31 10 23 18 27 16 21 13 22 30 28 26 29 11 17 35 10 19 41 13 31 28 16 30 11 31 17 22 19 11 17 32 17 21 11 5 47 8 16 21 11 15 15 24 15 34 26 38 40 21 24 21 27 9 
28 20 25 37 18 16 15 22 13 17 19 19 14 25 27 19 26 29 31 19 15 12 11 19 22 19 25 13 20 16 23 35 19 26 19 14 34 37 26 23 29 27 16 14 27 25 16 26 37 12 28 15 15 35 23 9 15 15 18 21 23 15 28 24 21 18 29 29 17 33 14 23 41 38 31 21 24 14 18 17 
18 15 27 28 23 24 23 23 25 15 12 23 26 22 39 11 26 22 17 27 19 12 8 23 20 12 32 18 16 16 18 20 16 24 24 13 38 30 29 18 28 23 13 20 26 23 22 10 21 27 29 20 25 31 15 9 21 26 21 31 24 21 44 35 15 17 25 31 18 23 30 29 23 31 41 27 23 27 24 15 
15 22 18 17 21 20 31 16 16 15 18 13 39 17 40 19 23 29 16 24 18 11 14 26 15 11 19 11 30 20 11 29 24 23 41 17 23 28 31 19 17 28 18 19 20 19 22 18 31 39 21 13 21 24 13 11 11 35 28 17 16 6 33 16 8 28 43 25 18 30 10 38 31 32 29 21 18 18 24 10 
46 24 33 37 20 39 26 28 26 19 12 20 37 7 39 13 21 33 15 37 30 21 13 26 9 28 34 17 33 17 24 30 25 29 23 20 17 23 26 19 28 11 22 23 26 19 29 27 33 27 24 27 21 11 14 12 15 17 5 18 26 18 30 12 23 29 41 18 32 25 28 36 27 36 21 23 20 12 21 19 
28 17 24 21 15 12 25 26 17 17 15 14 30 16 30 13 24 30 14 11 22 16 21 19 16 28 34 14 24 17 33 33 32 20 27 14 30 18 22 15 31 27 26 19 27 29 25 10 32 32 26 24 17 24 20 16 23 28 20 21 19 20 20 19 23 18 43 28 17 14 23 18 25 28 37 28 28 19 33 18 
38 15 27 26 14 34 29 33 17 18 22 14 4 24 35 16 14 16 13 42 28 9 20 20 23 25 39 19 21 15 26 30 34 27 12 16 19 17 25 9 28 29 25 21 25 15 21 36 19 17 26 13 24 34 18 17 20 25 8 15 23 19 27 12 22 23 19 20 18 28 16 19 34 24 42 23 30 13 27 25 
28 19 34 28 21 23 32 20 22 24 22 23 40 20 36 7 14 23 22 27 16 25 17 17 24 16 22 12 17 17 30 26 16 37 15 22 32 14 34 17 25 26 28 3 10 19 19 22 31 21 27 23 24 33 22 17 24 21 16 21 28 18 28 22 18 21 24 23 15 21 19 30 33 30 52 11 12 17 39 16 
46 26 20 15 14 13 13 19 15 20 15 19 27 19 20 17 29 30 15 33 33 19 20 15 16 22 22 19 31 19 32 23 18 33 17 13 25 44 16 15 13 23 24 8 29 15 24 14 28 29 29 20 27 25 16 8 16 32 11 25 20 21 28 16 20 20 18 20 20 17 16 27 31 43 30 18 27 14 14 22 
21 19 23 24 21 26 20 25 20 18 19 12 25 17 21 21 18 13 17 33 23 27 17 17 12 30 23 20 23 14 30 25 22 26 38 23 18 33 25 18 26 24 17 23 19 15 29 23 27 25 33 21 10 20 12 18 16 29 21 24 31 18 23 14 25 28 27 20 22 21 15 29 41 35 46 17 29 16 14 16 
40 18 21 33 20 19 23 29 13 16 18 14 33 26 31 18 28 21 24 20 32 15 17 21 16 21 23 24 23 13 34 22 28 25 26 14 25 38 23 19 22 28 28 18 38 17 19 14 28 6 13 24 17 12 11 12 22 42 24 22 19 16 25 22 19 17 22 15 14 31 26 33 23 33 16 18 15 13 30 23 
17 16 23 22 22 28 18 29 16 16 23 16 42 15 22 16 10 25 13 30 23 15 16 11 18 26 20 6 19 13 33 30 22 29 9 18 35 17 20 12 23 19 20 16 15 16 17 21 25 26 27 30 26 36 26 10 20 29 18 17 29 20 29 23 27 22 28 18 21 43 13 12 43 33 22 12 8 12 25 19 
33 7 23 23 15 24 25 38 11 14 14 26 34 20 43 17 21 26 14 21 21 25 16 22 12 11 33 13 32 16 16 22 25 27 22 20 26 25 11 10 13 27 26 15 25 24 16 33 31 20 16 34 11 26 18 21 23 38 26 20 20 10 17 17 23 14 42 21 17 18 23 42 28 33 34 11 16 23 23 20 
37 19 23 18 21 17 29 21 25 20 16 11 32 18 28 19 17 17 16 25 25 20 18 18 20 25 27 17 24 12 15 24 9 30 18 21 49 24 32 13 35 26 18 13 22 21 2 21 22 19 35 30 28 14 17 23 22 22 11 6 35 22 31 20 12 19 46 24 23 28 25 25 22 37 35 14 24 25 31 21 
33 16 26 15 15 23 33 30 17 23 19 25 34 34 22 22 21 29 18 15 18 20 15 12 13 29 29 24 24 21 28 17 15 29 25 18 24 24 25 21 34 17 23 12 21 17 22 9 22 21 10 11 3 15 13 15 7 27 11 21 25 15 25 19 13 17 43 26 23 32 22 29 38 24 37 10 25 29 12 15 
25 18 19 15 21 21 35 40 13 21 20 22 6 14 34 11 22 26 25 16 14 25 26 23 15 35 22 21 17 5 21 16 18 34 30 23 24 21 26 17 14 31 12 14 20 26 30 19 27 6 28 34 20 25 17 17 22 29 19 8 15 13 29 30 18 17 40 23 18 29 16 10 35 26 35 18 21 20 17 18 
34 30 13 35 32 30 18 16 22 13 11 25 51 32 29 13 21 28 18 25 28 9 15 18 7 33 24 14 12 11 25 13 22 27 15 18 23 22 16 16 11 11 9 15 23 29 16 25 25 32 21 21 31 23 18 17 16 30 28 12 21 16 34 21 22 19 22 17 12 24 17 28 29 14 18 36 30 10 15 23 
23 13 26 24 15 23 27 25 15 10 14 26 39 20 19 12 22 26 19 27 26 22 16 23 22 43 38 22 25 18 31 24 21 31 16 25 40 18 23 10 31 42 29 13 16 28 26 33 21 22 22 19 21 24 30 14 18 19 12 17 17 18 32 32 24 17 33 17 15 32 16 26 26 32 40 14 20 20 17 18 
23 14 23 24 28 28 14 27 19 19 18 21 27 24 15 18 16 18 19 14 15 16 17 14 11 33 30 13 16 17 17 31 2 31 30 22 32 36 6 19 24 21 41 11 30 18 36 30 19 30 17 17 31 27 17 5 11 30 22 25 27 8 20 20 12 9 22 20 19 28 24 19 14 27 14 16 27 22 27 23 
29 20 22 25 20 27 25 18 18 22 15 17 45 21 22 13 23 23 20 25 18 24 13 19 17 29 29 20 14 18 21 25 9 16 29 28 21 23 24 14 21 33 16 25 22 20 26 21 22 22 25 19 26 22 19 19 19 29 10 15 19 12 25 25 24 29 30 20 20 7 19 29 36 21 37 19 20 12 27 22 
25 26 20 31 7 19 32 20 15 11 15 18 26 20 27 17 22 28 11 30 27 19 9 15 15 35 29 16 13 16 28 19 28 27 35 20 54 41 23 17 26 25 28 12 21 29 21 14 33 25 27 24 22 21 20 15 22 30 19 31 21 15 28 18 31 11 36 27 7 33 31 30 38 28 34 19 20 9 39 21 
24 14 20 32 19 23 21 23 16 15 12 16 15 21 43 17 32 24 28 21 29 24 23 14 14 27 22 16 21 21 19 22 16 11 29 20 55 25 24 21 30 30 21 19 24 21 12 20 28 38 24 19 16 17 17 13 10 46 23 10 31 15 19 21 16 25 31 25 17 25 20 18 23 43 37 19 28 18 31 15 
30 18 12 28 27 25 31 22 21 8 18 15 39 24 19 16 11 28 17 28 23 14 16 25 19 22 9 24 25 15 27 24 26 26 41 14 22 32 24 12 26 33 26 11 17 13 36 30 27 29 25 21 34 21 18 14 27 32 25 32 21 11 30 17 9 26 23 33 13 25 17 33 31 34 27 24 20 16 14 11 
40 15 22 25 26 22 20 25 24 21 12 14 41 23 43 14 18 31 15 32 20 23 16 19 18 15 35 7 25 20 33 23 17 32 22 23 25 27 24 20 17 33 16 21 27 22 25 24 29 25 17 29 12 17 24 21 21 31 17 22 17 17 20 27 2 9 26 13 16 23 23 16 34 24 33 17 19 15 29 16 
30 13 18 22 15 34 33 20 20 15 17 19 27 11 34 13 24 27 19 19 16 26 21 13 15 34 27 18 9 16 20 20 18 32 14 19 32 15 27 24 22 23 24 14 19 21 34 10 28 19 35 22 3 19 28 17 20 21 7 8 23 11 42 17 26 19 40 20 25 14 19 40 44 22 32 19 17 16 34 17 
12 16 19 36 26 26 33 21 15 18 13 20 27 17 14 17 21 35 13 28 36 21 20 19 10 20 22 5 25 17 27 15 17 14 17 29 39 29 27 16 25 34 25 14 18 22 31 21 41 29 34 27 14 30 21 18 23 17 21 11 14 18 30 14 25 21 30 25 30 35 15 16 40 22 32 15 21 7 16 18 
19 27 23 22 16 21 18 29 10 13 16 11 32 22 34 13 22 25 18 19 21 18 24 13 17 22 23 16 23 20 22 21 17 14 20 18 14 27 24 18 22 38 23 19 28 16 30 33 26 22 32 26 13 18 28 15 16 30 18 23 19 14 20 21 13 19 28 21 23 23 23 23 31 36 33 10 31 17 26 20 
27 18 13 15 15 23 21 21 12 21 15 24 32 5 27 10 28 23 22 20 29 15 18 20 18 33 20 18 10 17 29 26 27 37 33 14 22 16 26 17 20 27 20 16 10 17 18 22 32 32 21 26 20 35 14 17 17 19 21 8 21 26 31 21 22 19 26 15 25 31 25 29 40 28 28 15 22 25 16 13 
26 10 16 17 25 17 20 33 5 18 13 9 29 27 32 20 23 22 21 33 16 10 21 19 22 50 31 16 25 11 17 21 19 12 18 25 43 29 14 12 26 10 27 13 18 16 23 19 33 39 23 24 15 31 19 21 24 42 8 28 18 12 31 26 22 19 35 21 22 40 29 43 31 17 53 24 28 21 21 17 
29 11 37 23 18 14 20 30 16 17 26 18 33 26 45 18 25 37 17 30 26 15 19 24 10 23 30 17 26 26 24 34 13 28 20 18 32 34 23 15 5 26 22 10 26 18 29 20 31 19 22 23 20 23 25 17 18 37 25 16 22 19 24 25 23 13 25 29 19 31 18 17 28 36 25 21 25 19 17 25 
23 11 22 16 28 22 21 32 17 19 19 9 27 30 33 16 20 32 21 27 22 23 13 18 22 27 16 13 21 18 26 21 35 34 26 16 38 35 34 9 29 33 19 12 25 23 38 25 30 23 26 25 18 12 22 15 22 33 19 17 24 24 42 7 18 21 26 26 22 28 28 26 11 32 28 17 14 18 21 19 
32 10 30 21 26 28 20 34 11 12 10 22 24 11 27 12 22 18 18 17 21 21 10 18 16 49 36 18 12 13 22 21 16 34 42 20 34 36 18 25 16 28 21 15 17 19 32 22 32 25 16 29 20 33 24 8 10 43 19 35 26 18 22 20 35 20 24 33 30 24 16 27 33 18 30 14 18 21 36 19 
20 11 19 22 20 27 20 37 18 17 12 17 34 18 23 21 23 25 15 35 15 16 17 19 27 21 30 15 14 20 21 26 19 23 17 16 16 36 30 11 20 28 18 15 26 13 30 21 29 23 19 20 18 29 26 12 10 43 23 24 26 12 23 29 12 21 34 14 17 25 14 21 34 40 48 19 13 24 25 17 
28 22 31 26 21 9 29 36 16 13 18 21 41 20 30 12 32 44 13 24 30 24 23 19 21 38 25 17 21 22 35 35 23 28 16 16 46 30 21 15 23 19 20 15 35 14 36 27 24 24 22 19 23 23 29 19 26 37 20 36 21 14 27 17 16 22 35 16 14 38 26 33 34 25 49 21 24 20 18 13 
37 24 20 27 20 22 24 25 27 10 13 14 25 32 35 15 21 25 21 24 18 25 16 22 22 24 16 21 17 10 23 25 21 29 35 16 24 28 21 13 30 26 10 23 28 16 15 24 14 28 42 26 31 20 18 17 16 26 25 28 23 13 15 16 12 12 20 27 33 17 21 17 34 22 30 13 10 20 30 17 
26 15 19 21 24 32 23 30 18 20 15 31 28 19 46 17 26 29 16 22 12 26 9 24 18 24 26 20 9 19 17 24 35 12 24 23 35 36 16 26 27 34 24 12 21 18 35 30 24 22 28 18 17 22 29 19 22 15 14 17 20 13 19 26 21 15 33 27 22 19 21 24 30 34 35 27 19 25 35 9 
33 19 38 20 18 28 29 32 20 22 10 23 41 37 36 15 19 27 14 30 30 14 9 23 18 27 8 12 25 17 20 14 20 23 22 24 26 28 20 15 13 18 22 9 20 15 26 23 46 27 19 31 21 23 20 15 20 23 20 36 24 17 33 16 19 16 20 13 19 27 20 33 29 33 19 29 22 23 34 16 
21 23 19 11 22 27 27 21 24 21 17 17 23 22 43 13 27 26 23 22 25 18 19 27 15 30 30 18 30 10 13 10 15 23 22 15 42 23 19 25 25 35 31 17 26 16 23 23 29 19 22 16 19 32 23 15 28 23 19 28 14 18 18 32 21 20 30 11 19 26 15 15 25 18 32 17 20 20 23 21 
10 18 1 18 18 21 28 22 30 21 15 25 25 18 31 15 12 13 13 22 15 30 14 19 21 29 23 21 23 19 19 36 17 27 35 22 32 32 20 21 24 40 14 14 16 20 25 19 26 35 21 28 17 17 21 17 19 34 16 30 18 12 34 18 20 22 30 24 22 15 14 11 28 14 33 24 19 19 36 26 
19 26 27 20 18 24 14 21 19 16 15 17 32 26 25 18 14 24 12 15 12 21 14 17 12 23 40 18 27 10 19 19 31 32 23 17 19 30 18 15 33 34 21 10 30 14 30 22 20 13 14 20 20 25 16 15 25 25 22 28 19 6 32 27 28 19 25 22 27 24 25 18 51 45 22 26 31 19 33 19 
47 18 30 24 19 24 14 28 14 18 19 10 29 19 21 16 22 43 15 42 18 15 15 26 26 27 36 19 12 12 34 21 27 20 12 23 40 36 33 14 38 36 24 13 15 23 23 15 22 30 18 19 23 23 14 20 24 26 13 16 10 18 23 13 19 15 33 21 24 30 18 29 35 38 18 26 20 15 34 20 
28 20 25 26 26 23 20 15 18 12 17 21 29 17 22 14 15 24 17 16 24 17 16 16 19 33 20 13 25 10 16 35 14 25 22 21 23 22 23 14 35 36 22 11 29 24 20 29 8 31 30 32 19 24 16 20 15 26 18 13 32 12 38 17 13 22 32 33 24 24 25 35 21 23 28 22 20 15 29 16 
21 22 5 18 22 24 33 25 18 13 16 17 22 28 32 18 12 30 17 15 24 17 21 22 22 23 25 23 30 11 16 23 19 13 24 21 37 21 25 3 31 32 24 12 24 22 23 20 34 20 15 20 19 26 22 15 22 32 13 16 25 16 46 18 15 19 43 24 11 16 19 20 24 36 19 19 28 24 26 18 
28 22 21 20 13 24 30 27 21 10 6 22 13 18 18 17 29 29 11 36 31 25 15 16 20 38 32 21 15 17 24 26 14 29 29 18 29 27 20 20 20 24 17 16 21 11 19 33 30 30 36 27 30 22 19 22 19 32 15 9 15 21 33 24 30 6 31 29 28 31 26 32 39 10 26 6 28 23 35 23 
21 18 19 34 28 29 29 24 20 14 12 16 45 18 29 20 28 27 14 28 26 27 18 23 19 28 18 24 22 18 34 38 14 16 33 12 27 47 32 13 20 16 25 11 16 22 20 20 37 10 26 15 22 14 10 17 13 37 23 29 35 11 25 31 24 14 34 8 14 25 18 23 12 35 29 13 15 27 21 21 
39 20 19 40 17 23 19 20 16 18 9 21 19 18 29 16 12 22 17 30 35 19 20 27 21 20 29 19 21 16 26 15 24 16 30 12 41 29 34 17 30 18 24 17 17 22 10 20 28 33 19 24 20 31 31 11 27 33 15 23 23 21 28 11 19 23 31 23 28 19 17 33 34 32 49 14 16 21 22 13 
50 21 18 21 19 24 29 11 13 17 13 23 24 17 29 11 18 30 14 20 32 24 20 20 23 15 23 13 31 20 30 30 13 28 29 20 41 29 20 8 7 35 36 19 6 16 15 27 18 26 37 16 23 15 15 15 21 26 14 25 6 14 18 29 25 21 41 24 15 25 27 31 25 15 44 10 24 14 24 19 
27 15 35 20 29 31 32 30 19 16 14 26 26 4 22 18 22 32 17 25 22 15 23 14 18 29 29 21 30 22 28 17 14 32 28 20 19 18 35 21 28 25 16 19 16 17 24 21 23 26 15 23 25 22 24 13 15 19 22 19 19 21 22 21 17 16 17 20 22 29 21 24 35 33 26 21 39 27 29 19 
27 11 29 33 16 14 34 31 16 23 15 17 20 20 20 18 15 19 12 27 16 20 11 21 24 39 25 29 32 18 21 19 27 27 16 24 32 25 16 15 28 33 32 15 18 14 31 11 24 21 40 27 23 17 19 15 18 37 11 25 16 15 33 24 23 18 38 22 32 23 16 10 41 28 28 13 17 7 25 7 
31 22 26 32 20 25 27 22 20 8 10 16 23 19 25 17 17 26 15 22 17 16 24 17 26 27 24 20 21 14 30 30 14 37 29 22 51 29 24 15 19 24 17 14 25 22 23 14 15 17 34 16 23 25 21 21 17 26 21 24 27 20 13 17 19 20 31 11 20 18 21 23 38 29 26 13 21 17 28 16 
20 24 25 33 13 17 28 17 15 16 13 23 23 30 29 21 19 16 13 31 20 17 19 21 17 9 19 19 18 15 18 28 13 13 18 21 23 25 22 14 26 26 19 14 23 28 29 22 39 19 30 21 25 22 9 16 17 17 15 19 26 15 25 18 16 21 30 14 21 32 14 33 23 38 34 20 23 21 29 25 
16 25 30 32 18 21 29 29 10 17 13 19 18 24 9 14 22 26 20 40 22 32 17 17 15 35 33 9 25 13 16 31 22 24 27 12 42 28 15 13 28 33 26 13 11 25 31 17 31 23 28 40 19 7 20 16 12 34 19 16 27 17 24 25 4 15 23 22 14 22 24 31 21 26 37 17 24 12 24 30 
39 22 28 37 32 23 21 28 16 18 16 25 27 11 47 15 30 26 18 30 15 16 15 19 22 22 19 25 19 12 29 30 23 28 43 13 26 34 23 15 25 16 20 8 23 21 27 25 40 27 28 31 24 33 18 12 24 11 20 15 26 16 22 10 21 25 26 16 21 35 15 35 34 30 40 18 33 15 36 22 
24 22 24 16 18 21 18 28 22 19 4 20 2 19 28 12 32 23 12 30 23 17 15 24 14 23 24 18 20 10 20 23 21 21 19 13 25 34 21 21 27 11 20 11 11 22 24 13 25 21 34 28 26 20 19 25 21 34 16 19 26 11 30 20 10 16 23 28 28 12 14 25 33 41 27 18 20 16 31 14 
25 24 22 27 26 19 21 15 14 7 13 26 41 19 42 21 30 30 13 25 22 14 15 20 15 30 27 21 32 16 31 30 20 20 7 17 33 24 21 16 26 10 17 13 14 21 32 10 33 25 13 29 13 22 21 19 13 35 17 12 18 7 17 21 8 15 33 20 18 14 25 23 31 45 21 22 22 20 38 20 
29 15 15 29 25 15 32 22 17 18 20 16 27 18 33 19 16 21 22 23 20 14 21 20 18 30 13 13 20 19 23 28 16 20 22 20 31 35 25 21 15 36 24 14 15 20 22 18 22 29 28 30 15 27 19 18 20 30 19 22 20 19 23 17 23 20 38 21 14 28 13 33 32 34 27 10 19 19 7 7 
34 22 16 17 9 20 23 35 10 16 14 29 36 23 15 24 20 18 11 27 22 26 12 18 15 29 16 33 33 14 28 19 21 25 13 15 46 39 26 14 18 34 15 16 23 20 28 17 24 28 28 29 22 31 17 19 15 39 17 32 32 15 40 12 27 17 30 29 24 20 20 18 42 32 34 27 30 15 29 16 
44 13 21 37 18 21 29 35 9 12 14 14 14 27 19 16 10 35 15 30 16 31 15 28 20 18 22 31 26 15 27 15 20 24 24 15 66 34 46 14 30 30 18 13 17 12 17 16 27 26 29 20 22 25 22 9 17 26 14 24 14 15 28 20 20 17 36 29 16 29 22 30 25 18 7 21 23 17 33 27 
28 16 15 20 14 19 29 21 15 9 14 13 10 19 31 16 23 32 17 5 21 28 16 18 19 26 23 11 19 16 15 25 16 34 15 20 16 26 27 16 16 41 24 18 30 34 16 21 17 23 28 26 23 26 20 18 21 16 18 19 20 19 22 21 19 17 35 21 17 19 23 29 25 18 38 22 22 16 27 15 
37 13 18 32 19 14 30 24 8 18 8 16 27 8 35 11 26 29 14 24 27 20 19 16 19 18 33 22 14 15 33 33 14 29 23 12 28 31 22 14 38 14 15 14 32 24 29 14 27 28 21 22 18 41 11 16 11 24 13 23 32 13 15 23 21 20 26 43 27 34 17 26 23 42 50 17 25 20 23 21 
23 20 26 14 21 22 18 19 18 16 17 17 34 21 18 15 26 22 20 24 38 22 11 19 22 33 28 9 18 9 37 25 15 28 19 19 36 26 22 15 39 31 22 20 21 17 32 16 33 43 22 30 22 24 17 16 6 33 12 30 14 13 37 15 23 23 38 22 28 29 19 26 23 24 30 12 24 16 22 27 
35 15 23 33 19 19 29 21 6 19 13 20 47 25 32 15 24 32 22 26 9 20 12 25 13 32 24 19 20 16 14 25 22 44 24 20 37 24 31 19 23 31 18 17 19 23 24 32 23 26 21 26 24 28 14 21 21 29 20 23 32 14 39 20 20 21 33 26 19 36 30 28 23 35 33 18 28 20 26 23 
36 25 35 25 22 19 26 29 14 11 6 17 31 34 45 16 7 36 13 28 27 22 19 13 15 33 18 20 26 13 26 17 18 36 40 12 38 34 21 16 23 27 19 16 22 26 27 19 39 23 20 21 14 30 23 9 15 27 28 26 19 15 25 21 29 18 27 21 19 23 32 44 33 31 37 19 20 26 17 25 
37 14 32 25 19 26 25 22 10 10 17 14 23 19 25 17 22 31 10 28 18 23 19 14 16 21 22 12 15 12 40 17 17 29 22 21 17 25 17 8 19 29 12 14 21 16 18 20 20 28 35 23 15 19 18 13 6 44 14 25 17 14 35 23 26 14 34 38 19 31 27 27 38 31 39 15 25 9 27 15 
28 29 25 24 29 22 32 20 24 14 13 23 30 34 13 19 22 21 21 21 27 27 12 23 20 30 20 21 20 11 24 12 16 22 27 23 17 33 14 17 23 25 17 12 22 12 22 24 25 21 29 30 19 22 20 1 27 27 18 21 29 17 18 24 16 24 26 30 26 26 16 19 25 31 18 21 23 18 14 12 
23 13 35 20 23 33 28 30 19 17 13 19 42 29 24 10 11 18 11 23 16 15 20 18 16 18 27 16 31 20 21 19 18 19 28 12 27 29 19 11 31 17 19 17 18 19 22 22 36 30 24 37 25 35 26 8 20 26 15 20 18 21 22 20 18 11 29 24 12 35 22 31 19 31 41 21 28 4 30 17 
9 15 28 28 17 26 26 33 9 19 17 16 32 12 26 19 16 32 10 34 27 23 21 27 16 29 29 22 15 18 23 32 29 48 31 15 3 21 18 16 33 27 20 17 13 25 22 12 34 27 12 16 23 13 25 19 36 27 10 31 8 20 29 26 22 12 32 18 29 18 28 22 31 33 34 22 18 23 29 21 
29 24 21 43 16 23 25 10 20 16 9 23 24 19 18 20 10 34 20 23 22 22 17 23 25 38 40 11 22 17 24 30 19 36 21 18 29 31 23 13 20 32 21 19 7 22 29 25 30 28 22 20 21 25 19 20 5 30 18 12 26 13 20 5 18 11 20 13 27 18 11 26 20 31 37 18 7 31 28 24 
33 15 27 30 18 16 34 23 21 17 15 16 35 17 30 17 19 19 11 28 33 22 23 26 14 20 8 16 26 17 17 24 17 20 29 10 28 21 8 18 19 18 26 15 15 26 28 25 41 19 31 29 26 15 18 15 23 35 22 13 30 11 36 37 24 24 26 16 20 32 18 37 23 28 35 23 19 16 24 22 
30 26 26 25 18 23 22 25 14 12 19 24 19 11 27 18 23 29 10 19 20 14 16 18 16 34 6 22 26 12 21 24 21 25 18 20 22 26 25 16 29 36 19 18 18 24 35 14 15 22 21 27 21 42 14 19 21 29 21 23 28 20 32 21 23 20 18 29 23 22 15 34 29 29 20 25 17 20 24 21 
34 21 20 33 13 8 46 21 23 15 12 19 38 27 24 7 25 27 12 28 28 30 19 20 15 27 23 18 24 14 18 21 18 18 40 18 15 46 24 12 19 31 20 16 27 26 26 23 35 29 27 34 23 33 23 16 24 25 17 18 17 24 29 27 15 16 35 21 23 27 20 33 32 37 30 21 19 26 22 12 
32 15 32 25 17 31 17 24 11 17 9 14 37 8 23 12 19 23 15 41 27 36 17 21 19 27 17 25 21 13 21 33 13 18 34 15 32 25 21 16 17 28 25 23 17 24 23 22 30 25 18 22 21 26 20 17 24 31 16 24 16 6 21 21 31 13 21 24 15 37 18 30 34 26 31 16 20 18 15 27 
30 27 21 33 24 21 23 12 14 17 15 18 21 26 25 19 23 31 14 23 20 20 15 20 15 33 31 12 16 13 21 25 14 22 26 22 27 22 32 14 20 23 8 12 14 17 25 14 20 27 23 25 25 18 8 16 25 27 17 18 25 20 36 14 24 11 22 16 19 31 25 24 22 25 30 24 36 21 14 21 
28 21 27 26 15 23 26 23 14 22 14 14 27 32 25 12 20 31 17 31 13 33 25 23 23 25 23 12 24 11 31 11 31 20 26 25 21 15 27 23 33 41 23 17 10 19 32 12 17 23 23 33 17 36 16 13 24 26 23 11 15 16 16 25 20 15 23 26 20 36 20 35 38 19 37 10 17 9 18 26 
38 19 17 25 22 29 19 21 28 18 13 23 49 30 31 14 18 22 22 33 27 26 17 14 8 31 37 19 19 19 26 23 15 19 33 23 36 32 23 18 16 27 15 21 23 24 31 21 22 16 33 24 26 20 14 20 23 41 29 26 25 20 21 20 25 11 34 24 19 25 29 26 23 30 17 15 15 14 28 4 
30 22 28 32 20 15 28 35 7 17 12 21 26 21 30 23 22 33 10 15 26 28 13 18 19 32 33 12 33 10 17 26 18 16 27 23 37 34 22 26 21 35 38 18 9 21 45 32 17 13 31 22 30 26 14 16 11 21 20 19 18 16 38 8 21 19 16 24 9 21 15 34 31 36 33 19 27 18 11 15 
31 17 26 14 22 27 21 22 25 11 13 18 25 28 36 7 15 20 20 31 12 26 19 16 12 16 20 6 21 14 29 17 25 26 26 18 30 26 23 16 19 27 19 18 22 17 44 23 35 27 20 23 18 31 27 9 18 28 20 28 25 22 27 16 18 26 41 15 15 21 13 34 19 27 15 16 13 20 37 14 
17 11 23 26 28 35 21 18 17 15 16 18 20 33 22 12 10 25 16 11 16 20 10 15 12 23 26 26 14 19 33 24 26 32 31 27 26 46 20 24 28 28 12 22 27 15 32 18 37 32 29 24 13 26 20 13 22 31 13 27 18 19 28 34 16 17 22 19 28 25 24 28 23 37 36 14 21 14 27 24 
27 19 38 38 13 18 23 21 6 9 17 24 40 14 36 18 18 19 9 26 16 16 15 19 10 44 17 21 14 12 27 27 20 17 23 14 30 32 30 16 12 22 21 14 29 16 24 18 27 30 14 27 27 20 17 5 19 25 15 13 21 21 28 35 21 27 31 21 31 19 15 31 25 31 17 2 33 9 28 11 
32 30 31 20 29 21 26 25 16 13 10 22 39 12 31 15 20 24 22 37 21 4 17 14 9 25 24 16 17 25 11 14 19 22 32 18 43 31 32 13 20 27 21 13 23 15 26 27 42 23 22 27 15 36 14 17 15 50 28 16 15 11 38 18 24 21 33 13 17 22 26 20 19 22 34 12 23 15 23 31 
21 18 18 32 19 27 27 16 21 16 19 17 33 26 37 21 14 13 19 34 19 19 19 23 15 26 18 11 27 14 36 17 26 25 26 16 18 33 17 22 27 33 14 15 10 24 30 26 32 20 17 21 12 23 11 14 26 44 26 18 27 20 25 19 29 25 44 30 29 35 19 37 30 30 25 18 18 13 28 14 
37 18 29 30 22 25 18 31 20 8 18 17 29 14 44 18 16 38 20 35 16 10 14 20 17 33 24 21 23 12 39 16 24 28 24 15 45 24 13 16 29 30 22 16 25 17 33 22 25 23 27 32 27 22 15 11 21 39 15 26 26 19 34 19 11 13 24 17 24 21 17 26 19 24 30 14 25 4 27 27 
35 18 23 34 18 18 28 19 27 14 9 20 20 36 27 12 21 22 20 25 18 25 21 15 19 25 16 18 30 9 24 31 16 20 23 22 34 6 19 19 37 23 21 17 20 20 22 28 39 17 22 22 23 29 13 7 20 23 14 17 34 26 37 25 20 15 33 20 23 33 23 31 35 19 33 22 16 16 28 21 
35 16 25 31 17 9 24 18 22 15 21 20 24 21 30 16 23 30 17 31 26 15 18 19 15 22 41 20 20 20 23 26 16 31 19 14 35 28 30 22 28 33 19 18 18 19 54 22 28 23 24 26 19 21 15 15 12 28 25 19 23 6 26 29 17 10 22 17 21 20 20 27 26 25 33 31 19 22 37 16 
28 21 13 35 16 34 27 23 18 16 18 19 30 15 14 18 12 34 11 25 20 18 18 18 26 22 21 14 31 17 24 17 23 24 23 16 39 10 22 17 34 13 23 13 15 16 18 19 26 37 37 34 7 26 24 15 32 35 24 18 22 19 28 15 14 21 33 27 30 31 10 26 41 22 21 17 37 10 20 25 
17 25 19 38 30 32 24 33 8 12 21 20 35 22 35 21 25 33 14 37 26 4 21 19 18 10 31 24 8 14 38 30 21 17 35 24 31 31 25 14 24 34 34 16 25 18 42 22 36 34 16 27 24 24 15 13 18 32 20 28 11 13 25 14 18 9 25 45 18 38 11 36 27 38 45 21 13 14 19 22 
40 22 11 23 24 21 22 22 12 17 19 19 30 19 31 15 14 20 20 24 21 15 20 17 17 27 25 18 18 24 18 14 35 29 24 22 28 23 35 20 18 28 29 12 30 15 32 25 44 28 34 24 15 19 23 15 20 37 16 14 8 12 20 19 18 20 37 17 29 29 25 24 28 31 35 17 23 19 23 11 
27 14 30 25 6 21 23 24 14 17 19 21 33 15 30 16 18 23 7 25 16 25 10 20 26 19 27 22 23 12 22 16 21 27 13 18 28 22 33 10 22 31 28 18 19 14 32 17 32 21 21 22 23 22 21 10 22 23 18 14 17 13 16 26 12 21 32 19 28 19 20 26 24 30 40 11 8 14 32 20 
26 21 33 18 13 21 20 21 22 22 11 21 31 18 40 11 24 31 14 33 23 17 13 13 15 25 12 19 28 14 31 27 17 30 26 13 38 40 32 11 29 30 5 19 28 15 18 23 15 28 31 25 12 14 16 12 22 30 17 26 15 10 36 20 11 11 50 23 27 24 16 21 35 53 36 17 22 24 21 18 
46 14 19 29 19 28 20 18 25 24 15 16 39 19 24 18 22 20 12 29 18 22 18 20 27 25 25 27 22 16 26 25 23 24 31 10 33 33 27 14 29 43 30 14 21 18 33 17 41 20 28 29 11 30 20 13 14 15 11 21 18 13 35 28 2 15 31 27 12 30 11 11 38 38 31 18 27 11 24 18 
29 18 18 29 21 25 16 38 24 14 11 17 24 19 25 15 18 19 22 21 13 11 17 15 21 19 18 19 32 16 22 26 17 24 32 27 29 38 20 17 39 24 21 14 22 12 43 20 33 21 15 21 21 30 19 18 22 31 23 22 28 13 21 21 10 25 12 13 29 25 17 34 34 13 27 11 18 6 16 27 
31 17 16 32 23 15 23 30 7 16 7 23 46 24 28 15 24 25 9 25 31 14 16 19 24 26 26 17 23 19 19 34 28 19 33 21 36 27 24 17 33 24 19 22 23 21 28 14 26 26 19 21 24 12 20 22 24 29 24 34 5 22 27 18 15 23 19 33 23 37 25 15 30 29 42 18 20 19 29 14 
36 11 32 32 13 27 32 20 16 21 16 16 31 28 41 19 25 31 12 35 16 21 21 19 21 33 26 13 16 17 32 25 14 24 20 25 45 27 29 17 22 31 25 18 20 21 22 27 27 30 14 19 21 26 10 19 10 35 21 17 19 9 23 11 26 7 31 18 19 24 19 25 19 24 38 31 17 19 29 23 
29 20 26 29 14 23 20 20 17 17 13 21 30 14 24 18 21 25 18 17 17 21 21 29 26 20 17 9 29 6 23 17 18 25 24 14 24 28 26 9 16 22 26 15 14 11 37 18 31 46 24 21 19 32 24 10 21 34 21 22 28 17 26 19 17 14 33 37 24 36 31 32 18 30 22 22 17 29 26 10 
35 14 20 30 23 16 22 25 18 17 20 11 29 30 40 12 22 19 11 20 7 24 10 30 12 29 36 20 23 14 41 20 23 24 22 13 50 24 31 18 20 39 23 15 25 17 33 27 29 14 19 18 26 29 25 14 16 18 24 31 20 20 13 28 28 13 17 16 21 25 19 18 24 15 18 20 26 14 17 16 
37 21 32 21 17 13 30 20 16 14 5 23 24 14 31 16 27 34 11 24 22 18 13 21 16 22 19 34 20 18 16 23 19 16 38 15 34 26 13 16 23 24 22 17 20 21 28 23 52 7 29 20 19 20 15 20 21 32 17 19 24 14 33 12 20 23 26 23 17 24 19 31 30 35 46 24 26 17 31 25 
28 18 19 29 20 30 29 23 25 13 11 21 12 25 33 20 25 24 18 29 16 17 19 20 28 21 29 14 18 15 26 30 10 34 33 15 27 33 13 12 14 32 29 14 21 21 31 13 32 18 20 20 15 17 15 19 18 24 24 20 11 10 24 14 19 21 14 24 30 21 31 21 26 20 35 18 22 14 34 19 
29 13 26 24 30 30 25 16 21 17 19 13 22 25 37 14 12 31 15 23 27 22 17 20 21 15 26 18 17 14 17 20 11 37 19 18 53 38 31 11 24 10 12 18 29 9 36 16 40 27 29 25 19 22 11 9 13 30 14 30 19 17 35 17 20 11 24 17 19 31 20 21 29 25 40 13 16 19 30 15 
7 23 18 30 21 18 23 16 17 21 12 19 45 20 29 15 24 18 17 24 15 22 16 14 26 34 8 25 25 21 15 26 18 27 45 26 31 15 28 14 23 34 14 7 18 23 34 13 38 29 27 26 11 27 18 7 16 41 21 19 18 20 22 19 19 22 36 25 35 24 22 18 30 18 39 17 13 20 22 19 
27 15 25 33 18 14 19 23 14 21 8 20 17 13 36 18 21 21 5 27 20 25 19 18 16 16 26 15 16 10 22 20 20 25 26 20 29 28 12 15 13 25 28 15 28 13 18 24 25 26 31 20 16 20 9 16 18 17 5 21 16 17 21 26 24 15 28 17 25 28 19 29 20 23 16 11 17 14 17 19 
21 15 25 25 19 23 29 16 16 13 11 19 44 14 31 11 21 25 18 25 20 23 17 15 15 28 25 24 20 18 16 26 20 16 24 18 39 30 29 17 28 25 24 13 25 15 30 28 20 32 16 24 22 27 27 16 23 24 19 17 19 10 35 23 20 22 32 29 23 21 17 24 41 34 25 21 7 18 25 16 
2 12 33 26 17 24 29 10 14 18 8 23 39 24 27 22 25 23 8 20 12 20 15 20 22 37 29 22 10 18 29 24 18 17 24 18 18 39 34 14 12 16 15 9 24 22 30 17 29 16 20 24 20 24 21 15 25 31 23 16 15 14 24 17 28 19 44 32 17 22 37 21 29 13 32 21 26 12 35 15 
38 23 23 24 31 27 10 32 28 21 16 26 37 29 33 18 21 24 17 19 19 15 17 16 16 31 30 5 19 9 22 21 22 30 13 26 39 35 15 7 30 26 18 19 23 23 38 17 23 25 29 27 18 31 20 16 21 36 18 21 19 15 40 18 26 17 21 14 19 26 18 14 33 23 24 16 15 25 21 15 
35 21 35 32 17 21 18 8 17 17 15 27 35 19 26 14 21 35 26 29 21 7 25 19 16 26 22 20 14 16 22 31 20 27 25 16 35 43 19 18 25 23 26 13 19 22 38 19 21 31 27 20 20 10 23 10 15 33 20 23 20 19 22 33 35 16 16 32 16 26 16 29 33 18 29 16 12 16 34 22 
15 20 24 21 15 36 29 25 25 21 11 21 30 32 23 16 27 34 13 30 19 15 15 15 17 29 36 21 12 15 21 21 21 24 15 21 18 25 29 16 22 20 27 21 18 23 32 21 20 20 30 21 20 32 21 23 19 35 25 16 22 11 34 17 12 16 38 31 28 43 14 22 37 16 34 23 23 13 33 8 
21 14 30 25 14 17 18 23 17 16 5 27 39 22 37 11 14 11 20 41 40 20 9 22 21 32 18 24 23 15 32 10 27 30 22 11 18 22 29 15 25 39 17 11 18 15 17 26 20 21 34 22 19 28 25 15 17 33 20 20 14 16 14 24 13 21 34 27 22 26 14 39 22 25 31 21 15 12 20 9 
48 13 34 33 24 19 30 29 13 23 7 26 34 16 26 12 15 34 11 15 11 9 15 12 17 26 20 17 26 18 25 22 28 19 30 20 29 30 23 22 21 25 19 17 17 16 23 22 36 19 16 21 26 31 22 15 22 44 19 23 18 15 10 19 19 25 21 20 24 22 15 20 20 25 34 18 24 15 26 18 
28 17 27 16 19 25 19 24 15 14 12 20 18 13 32 10 25 25 15 13 18 19 25 25 10 37 23 10 26 21 17 22 15 32 23 21 12 25 37 14 29 19 33 16 17 16 26 14 19 28 25 26 20 30 9 17 13 38 14 29 19 18 16 27 9 18 25 20 11 22 20 22 37 29 30 16 15 10 32 20 
39 19 27 18 18 24 14 28 15 19 13 24 28 11 27 15 33 22 23 32 19 6 21 14 17 8 23 16 17 19 16 26 15 20 24 15 24 12 21 17 22 24 21 12 12 22 17 28 29 28 26 22 14 26 8 22 23 27 11 24 16 23 22 19 22 24 22 13 16 42 22 29 25 24 24 7 21 13 26 25 
16 21 33 34 19 16 33 21 19 17 19 23 33 20 34 17 23 35 13 26 26 21 18 9 30 10 15 16 15 14 14 38 20 20 14 17 31 38 21 15 32 26 25 12 26 17 9 18 41 25 23 24 10 21 19 19 14 36 27 15 36 13 27 26 19 12 16 26 23 14 18 22 41 25 30 18 18 14 28 11 
20 17 18 19 30 20 16 26 19 16 9 21 41 19 33 17 16 20 15 32 26 18 20 19 8 24 28 18 5 10 13 22 22 26 33 25 47 18 27 20 32 25 27 12 20 19 23 24 27 31 21 23 26 29 22 17 14 35 8 22 12 14 35 14 16 11 21 25 18 32 16 31 32 27 27 24 12 25 14 13 
23 14 26 28 9 21 21 13 16 10 12 12 49 15 12 23 22 21 15 24 24 14 12 15 12 27 23 16 22 14 23 8 24 12 28 9 30 20 28 14 33 17 18 20 11 21 41 12 30 25 36 20 28 21 18 15 14 62 20 29 12 13 9 21 8 17 34 25 22 22 19 27 28 20 36 14 23 20 25 25 
29 24 31 31 4 23 13 33 14 20 7 22 19 27 26 19 19 23 19 21 21 11 7 14 23 30 31 19 17 12 18 40 17 32 24 25 19 21 29 14 18 34 15 15 22 20 19 20 14 20 20 32 19 33 22 10 16 11 20 6 35 21 16 13 28 24 28 24 34 31 23 31 15 16 33 9 18 18 21 20 
13 20 31 26 21 26 31 33 15 18 14 24 35 24 33 16 19 36 19 27 19 22 15 19 17 35 9 8 17 11 24 19 21 20 22 23 36 33 29 14 28 33 29 25 22 20 26 19 36 13 34 16 14 23 20 9 15 43 27 9 11 26 28 23 18 11 40 30 23 31 13 30 25 33 49 16 13 18 30 17 
28 22 22 23 14 18 27 33 18 20 13 7 31 27 41 16 19 26 12 28 17 19 16 18 11 14 25 13 21 12 28 39 16 31 18 16 25 29 35 20 36 31 35 9 18 17 22 14 31 21 35 20 12 26 27 11 17 31 19 23 8 19 27 26 16 16 31 26 19 27 26 19 36 36 23 20 21 20 25 9 
37 18 17 28 16 22 35 28 18 17 15 17 21 13 25 12 19 3 15 18 15 13 21 13 18 11 34 27 29 17 31 23 20 17 24 16 31 33 38 9 42 30 10 19 13 15 20 22 27 30 20 23 19 25 13 12 10 28 22 17 20 15 15 32 12 21 45 20 14 33 15 25 34 29 35 19 19 13 15 13 
33 21 25 26 22 27 10 28 18 19 17 14 30 25 39 15 22 15 21 34 17 24 15 31 24 28 35 15 24 16 16 17 28 25 17 18 39 28 23 16 26 28 18 18 19 23 24 19 38 33 31 20 16 31 29 17 23 39 15 12 24 18 11 18 19 5 22 18 19 11 26 29 50 33 28 23 19 16 33 18 
29 15 30 24 23 28 18 35 16 16 15 21 13 21 15 15 14 30 14 34 20 16 15 20 11 33 23 15 17 11 12 17 20 30 19 13 26 37 27 9 22 26 20 15 20 32 28 26 38 37 20 21 20 31 22 23 22 21 19 16 32 18 24 20 14 20 33 18 14 39 18 23 26 33 36 23 27 26 48 24 
34 20 29 32 19 31 40 23 12 15 22 24 25 17 30 6 17 23 16 40 24 19 17 14 21 36 22 31 28 13 11 27 28 32 19 13 20 11 22 11 32 33 17 22 24 19 41 13 14 17 35 22 28 10 24 23 17 36 14 21 24 10 23 20 16 15 43 18 24 28 15 30 26 39 32 13 17 15 26 30 
25 17 27 28 19 29 29 27 28 15 12 19 17 20 42 11 9 10 19 24 17 5 20 19 16 31 22 14 18 20 18 21 32 25 22 14 40 24 19 17 28 44 17 8 18 12 25 13 40 38 17 24 12 32 13 13 15 16 18 20 16 12 26 25 17 22 23 17 18 24 17 34 19 36 21 22 24 33 23 20 
31 19 17 17 10 20 19 20 25 6 15 20 36 26 9 13 26 10 13 18 13 19 13 25 17 28 34 21 22 21 34 31 22 39 18 19 43 29 23 19 24 38 33 13 33 19 29 21 18 20 25 26 20 25 22 15 14 22 20 22 16 15 31 27 21 22 16 16 25 25 15 18 38 31 22 24 25 24 28 13 
40 23 16 15 17 23 25 19 21 15 18 21 32 17 54 18 19 41 15 15 27 13 15 12 16 27 29 22 23 16 33 12 10 15 21 20 15 25 25 6 17 35 17 17 23 26 26 17 37 20 24 28 11 17 18 23 23 35 24 11 24 12 31 18 17 20 24 12 22 27 21 26 34 36 14 17 22 20 22 20 
20 23 22 24 24 27 20 20 24 17 17 14 26 24 26 16 16 24 16 34 21 21 16 15 28 36 20 20 17 11 18 17 19 21 25 12 39 23 16 12 27 27 16 18 21 24 16 4 21 40 27 27 14 30 25 21 15 36 22 25 16 16 15 18 32 15 31 18 36 30 20 27 23 18 12 11 24 13 25 19 
27 19 32 26 24 25 19 17 17 24 18 17 36 16 31 23 25 26 8 27 22 23 13 17 15 4 28 20 19 13 28 27 17 31 31 15 33 37 37 15 24 22 24 7 26 27 25 25 29 40 31 21 9 27 23 16 20 32 11 32 23 18 19 25 16 26 28 22 24 15 24 18 52 22 23 19 17 14 33 25 
34 19 10 24 15 10 40 30 21 14 17 17 36 17 23 20 19 33 21 29 14 7 15 20 7 23 30 21 31 18 26 13 21 20 32 10 39 33 25 18 25 29 27 13 21 14 20 25 38 32 19 21 22 17 15 15 21 32 14 31 26 12 26 25 20 23 40 24 20 21 21 20 20 29 40 12 20 23 23 17 
28 18 19 31 29 32 17 19 17 10 15 17 28 33 48 19 33 28 18 40 24 14 21 11 19 30 21 21 23 25 21 24 24 26 29 20 26 26 39 21 47 18 13 18 19 19 32 15 24 17 28 13 19 25 21 16 27 38 18 19 16 14 44 16 19 19 13 28 22 10 7 25 25 27 25 23 17 16 19 23 
31 13 33 29 24 17 19 35 33 17 12 20 34 17 12 15 22 25 18 31 30 28 10 25 19 29 25 20 30 15 29 9 23 30 33 9 32 36 21 11 30 30 13 14 21 16 28 19 22 28 25 24 18 17 12 16 24 27 17 22 17 15 40 14 21 15 27 20 29 28 12 23 35 37 29 20 18 24 27 25 
30 11 25 30 22 8 23 28 20 10 19 27 37 13 31 19 19 35 13 30 23 24 14 16 20 31 11 8 25 22 39 19 23 21 35 9 23 19 20 12 29 32 25 16 27 27 25 26 34 27 20 29 15 26 16 22 15 34 11 18 18 22 33 20 29 17 34 20 24 29 15 31 19 28 25 20 27 22 23 15 
33 9 26 36 14 25 29 22 33 16 18 9 32 20 17 13 13 16 18 37 25 24 22 27 19 36 16 16 29 17 21 28 20 43 10 16 48 15 28 11 32 20 15 16 33 27 18 15 13 30 30 19 16 26 26 11 20 29 17 21 21 18 32 20 26 21 35 23 24 32 12 33 47 41 30 13 27 8 27 27 
26 20 20 26 16 22 21 25 21 17 16 23 43 21 10 16 19 36 22 22 18 21 10 15 26 29 26 12 12 12 21 28 29 22 33 8 34 14 15 13 34 25 15 17 27 14 30 20 29 28 22 26 25 21 21 12 19 17 17 22 23 15 43 17 22 19 43 32 16 41 24 21 25 37 31 20 19 27 19 12 
40 10 31 28 22 18 27 32 16 14 16 20 26 18 18 16 11 10 15 36 23 15 22 17 20 19 13 14 19 15 23 23 11 21 27 17 31 17 28 16 33 33 19 10 21 25 22 13 36 44 25 25 34 31 23 11 19 44 18 19 21 16 20 25 14 17 23 25 19 40 26 34 29 26 18 26 32 13 20 24 
33 8 18 18 18 34 31 30 15 20 18 19 37 22 38 16 19 33 12 24 26 21 19 16 19 14 29 15 25 18 18 21 36 27 36 14 10 14 11 18 24 21 16 11 16 21 28 25 25 29 26 20 27 25 19 17 18 27 21 20 27 19 33 19 25 19 25 20 9 29 15 34 16 29 25 5 24 12 21 27 
46 8 35 15 25 21 20 22 17 18 13 18 21 32 38 15 22 18 14 24 9 26 23 17 16 24 41 25 14 22 20 25 24 31 28 25 17 28 26 10 23 31 33 19 20 23 27 28 30 29 26 29 35 19 25 15 24 41 19 29 39 19 34 10 19 24 22 13 10 35 23 18 16 16 28 23 11 8 13 19 
24 22 17 26 18 26 12 33 25 10 15 20 43 24 22 10 10 9 17 34 27 19 13 21 19 23 20 19 27 14 25 16 22 25 18 27 34 37 30 26 29 33 18 20 29 17 41 14 15 13 14 27 21 23 21 16 14 30 20 25 15 15 24 38 18 12 23 36 23 25 22 14 28 35 27 26 26 15 27 23 
37 23 24 23 13 25 23 21 20 21 12 25 28 21 34 12 27 17 17 24 16 17 15 20 11 21 27 19 25 9 36 29 22 15 26 12 23 35 29 16 31 35 28 6 25 23 39 14 39 32 22 28 26 31 22 13 19 31 22 24 24 21 29 23 21 23 32 18 34 29 8 37 26 33 31 18 26 19 20 19 
38 17 21 22 19 32 29 36 21 16 14 24 36 16 46 17 5 25 12 25 31 22 20 19 18 37 25 11 24 14 28 23 22 23 23 28 23 23 19 19 18 13 21 17 24 22 9 32 35 27 23 33 20 27 20 15 9 20 17 13 9 18 19 15 17 10 35 22 23 39 20 31 31 34 28 25 21 25 30 14 
33 22 16 15 19 24 27 18 20 20 16 19 50 16 39 17 25 25 18 18 19 23 9 22 19 15 23 26 27 17 21 22 19 23 31 16 3 28 29 14 30 24 35 10 26 19 24 14 19 18 29 23 17 25 21 11 14 41 13 26 24 13 21 17 20 27 33 13 22 29 27 14 28 29 37 23 16 19 26 22 
13 21 32 24 27 15 21 23 20 22 13 13 16 25 32 8 26 28 14 25 21 15 17 17 12 26 14 14 17 6 31 30 13 38 34 19 30 32 23 12 17 26 29 14 17 26 32 34 30 28 22 21 19 28 23 21 22 25 22 24 15 21 25 18 26 17 35 17 31 28 16 23 25 16 29 16 20 16 28 28 
29 12 29 32 22 10 40 22 12 22 20 25 25 11 21 13 28 28 19 27 18 18 15 17 14 40 15 26 24 14 42 26 23 25 20 10 25 33 29 18 26 29 15 14 32 17 37 25 17 30 38 31 7 18 20 20 18 43 16 14 16 20 24 29 22 10 31 34 24 19 27 28 39 30 42 17 21 14 21 28 
29 22 26 19 16 26 36 33 7 21 14 6 28 13 27 9 34 23 4 44 25 18 21 22 17 36 17 20 16 20 32 31 30 14 26 19 31 30 30 15 23 32 23 17 26 23 15 20 39 31 24 16 21 29 19 18 8 36 18 13 10 12 30 16 19 15 34 27 25 18 18 18 30 36 34 19 20 16 28 28 
42 12 29 21 14 16 27 33 16 10 20 18 27 21 19 14 17 28 14 20 33 10 18 16 16 27 33 19 20 20 34 25 23 28 37 11 37 25 11 22 11 27 20 8 19 26 29 20 28 18 29 23 13 24 18 21 7 29 23 12 17 18 18 23 11 19 25 23 22 39 12 20 25 31 20 16 23 11 39 28 
43 17 20 21 21 19 28 32 23 17 21 13 37 25 32 15 14 26 17 26 26 27 15 23 23 24 25 19 15 16 25 27 15 35 40 32 26 32 29 18 26 16 15 16 24 19 27 18 37 28 23 27 21 26 17 9 17 28 23 18 30 21 39 21 18 18 18 20 20 28 16 29 38 28 44 24 32 14 28 20 
28 17 16 23 17 18 23 25 17 14 16 14 43 18 32 12 27 29 12 28 22 18 6 19 9 23 30 21 29 18 24 37 17 20 19 15 42 39 26 14 28 27 23 20 18 16 28 11 31 28 21 13 24 32 19 23 18 17 9 20 17 18 30 29 22 11 31 21 19 17 20 34 42 28 34 20 25 25 16 13 
20 14 34 17 8 17 31 36 17 10 16 23 23 20 42 22 18 28 18 31 15 22 20 15 13 25 37 21 28 15 28 29 12 31 32 10 10 27 26 22 17 20 21 21 26 4 38 10 42 25 7 26 15 26 20 15 27 37 30 29 23 20 12 13 19 28 20 21 26 20 13 11 21 20 30 19 17 19 30 19 
27 14 6 29 25 27 9 38 28 12 9 27 32 27 36 10 28 35 18 25 34 14 11 24 18 27 42 20 15 17 22 32 10 33 21 10 29 35 23 12 26 22 32 16 9 24 28 11 37 17 19 22 25 35 22 18 23 6 15 1 16 17 29 24 18 23 20 27 22 23 24 24 18 42 33 10 29 19 33 17 
40 17 33 29 14 20 18 26 19 14 12 26 23 23 26 17 24 24 19 26 20 14 14 16 14 27 28 23 19 11 33 26 20 31 19 13 13 14 13 14 31 23 14 20 18 14 37 28 7 27 23 10 24 35 23 21 22 30 15 29 20 20 25 24 15 19 22 34 24 33 17 35 25 31 27 14 24 21 29 25 
39 19 12 29 17 21 22 10 30 16 18 24 24 21 43 10 25 22 15 16 19 12 4 15 18 40 22 20 8 19 32 37 22 21 22 19 34 18 25 17 25 21 27 17 19 9 15 17 32 11 29 18 21 36 20 16 19 23 12 27 22 18 25 21 15 22 29 23 12 14 16 35 46 20 28 7 30 22 21 26 
15 19 26 29 14 22 28 34 16 20 19 15 20 24 30 22 16 17 10 22 15 24 17 19 22 35 21 15 25 10 17 25 24 27 26 22 24 21 39 13 25 10 35 14 11 20 26 31 34 20 31 30 18 24 23 15 13 23 25 28 12 17 30 25 12 13 29 31 28 29 16 23 33 24 27 24 21 16 16 12 
30 20 28 35 25 32 24 20 9 23 9 16 37 23 26 21 7 23 18 19 16 29 10 24 17 46 28 16 21 21 22 22 28 37 16 24 24 21 16 13 21 37 23 16 27 21 29 29 36 41 24 28 23 48 27 8 25 27 17 17 9 14 17 17 19 20 34 16 20 16 22 31 40 21 17 23 28 12 27 13 
17 24 41 11 15 22 31 30 16 15 14 18 30 14 39 19 20 21 20 34 24 20 17 18 12 24 12 18 20 11 13 23 21 28 29 30 48 23 22 17 12 22 18 19 19 27 39 20 17 36 36 17 19 7 15 17 23 16 26 22 13 14 21 27 6 8 33 24 10 29 27 25 30 39 25 17 11 19 37 20 
26 27 25 30 18 24 22 19 25 15 10 13 51 25 49 17 21 26 17 29 23 17 15 19 20 33 24 27 11 19 34 10 24 24 21 19 38 21 20 11 46 26 18 13 30 12 48 23 32 17 23 28 26 33 12 16 25 16 11 28 13 18 34 20 20 23 33 14 15 10 23 22 15 20 33 24 26 15 17 23 
25 20 30 31 23 20 31 32 23 15 9 20 35 16 17 8 27 27 17 24 6 13 24 15 21 28 38 15 23 22 22 12 16 34 16 19 31 22 25 18 29 26 21 19 12 19 24 20 30 17 29 15 19 26 18 16 18 27 21 20 18 15 24 16 26 13 27 15 12 41 15 31 18 40 28 13 23 25 28 24 
15 27 26 25 16 30 13 20 12 15 18 21 29 14 30 20 14 32 9 20 31 18 15 17 20 28 26 17 28 15 18 16 18 25 25 14 20 21 22 16 9 23 25 12 17 12 17 9 23 18 20 20 19 32 27 13 17 17 18 18 14 13 22 22 20 20 33 33 28 18 26 23 18 35 32 20 23 19 22 27 
22 7 32 31 19 27 21 17 17 10 16 19 23 24 23 16 25 28 12 17 26 34 14 19 16 30 33 19 18 12 26 28 8 19 25 20 25 23 25 15 22 9 26 10 26 19 27 17 26 34 24 17 16 20 22 17 11 20 16 7 22 17 34 26 27 19 24 17 21 22 18 22 23 27 39 19 7 17 25 17 
40 16 16 30 18 32 35 31 13 18 21 18 28 15 31 19 9 33 13 22 28 21 20 15 27 29 18 22 19 21 28 23 32 30 19 20 40 33 22 20 28 35 25 12 22 26 46 19 38 31 19 17 24 29 19 11 23 18 13 25 11 17 31 16 16 12 31 24 27 26 22 16 36 29 46 15 30 16 17 18 
37 26 29 25 21 22 30 13 16 23 17 22 26 16 28 9 14 24 18 34 20 13 18 12 7 39 37 21 22 18 20 29 10 19 14 20 29 30 24 15 11 23 23 12 29 18 25 29 18 21 39 30 10 20 26 20 16 41 22 14 18 15 15 35 9 14 34 26 18 27 18 24 32 27 43 17 21 9 17 20 
21 32 12 18 20 16 27 19 15 20 17 14 29 22 22 16 15 37 16 37 13 11 23 15 18 20 36 11 27 16 30 30 16 30 35 23 16 32 23 16 24 25 15 15 21 17 30 18 33 35 29 23 19 35 14 10 23 29 18 20 26 16 36 14 19 14 25 23 31 25 20 29 27 11 29 14 18 14 28 17 
26 12 26 32 26 22 20 31 19 10 11 20 42 18 45 13 16 19 16 44 28 19 13 9 21 13 17 19 24 8 30 35 14 29 22 19 38 33 33 15 22 40 22 15 12 11 27 17 22 29 18 23 20 33 23 12 21 28 17 18 17 17 45 25 19 27 37 20 20 20 23 32 30 24 33 24 28 31 28 13 
28 14 30 16 25 26 20 17 23 11 15 20 23 28 25 15 15 37 19 28 19 22 18 16 18 20 30 18 35 12 30 25 26 34 15 20 27 37 31 23 27 31 21 16 20 20 35 19 23 21 33 17 16 29 16 15 15 31 20 25 23 8 32 25 16 19 31 18 22 28 19 21 34 50 37 22 22 20 23 21 
25 22 27 33 22 28 19 12 14 17 18 26 19 6 27 15 8 29 18 22 19 24 14 24 14 47 28 9 26 17 26 31 18 19 19 14 26 30 23 18 27 32 18 20 20 16 32 22 32 10 34 19 18 32 11 17 22 36 13 11 21 19 23 22 14 19 37 14 16 36 16 33 27 17 13 12 29 19 34 18 
46 19 39 21 21 24 12 13 17 21 13 21 36 19 29 18 29 21 22 27 24 28 14 22 18 34 20 20 20 13 23 24 11 31 22 16 36 32 27 15 41 35 21 19 23 9 19 13 33 34 13 21 22 34 24 13 21 22 24 25 18 20 26 12 21 21 33 20 16 26 30 25 35 23 29 22 26 13 16 30 
27 20 31 29 11 22 23 24 16 14 13 16 19 12 26 19 12 23 12 20 32 13 13 16 23 34 36 21 17 21 20 10 22 21 25 24 20 31 21 14 21 26 33 20 19 12 31 22 20 22 28 18 27 12 15 22 16 18 23 24 20 18 31 21 17 12 26 15 29 29 23 20 36 33 20 26 26 23 36 14 
26 23 26 30 29 23 22 32 10 13 16 10 41 19 33 19 27 26 16 23 23 26 16 16 16 29 32 14 21 11 30 26 29 31 28 11 15 26 16 20 33 32 19 19 24 19 18 20 23 28 26 24 29 33 20 14 13 30 20 18 20 19 23 13 11 24 36 26 18 30 21 18 36 48 27 20 20 14 28 27 
22 20 34 30 22 24 32 25 13 12 18 26 36 12 10 8 21 22 23 34 36 17 22 24 16 36 26 17 29 21 25 22 25 22 36 20 33 20 20 13 18 26 21 14 10 21 14 28 40 16 27 27 24 36 23 15 13 19 17 20 17 13 32 19 11 21 20 17 18 25 16 20 40 24 25 21 26 10 25 23 
34 11 16 27 23 19 11 10 17 22 21 23 29 21 8 16 25 27 12 25 17 11 10 21 13 34 32 17 29 20 18 22 15 25 28 11 37 43 20 21 22 28 28 17 25 23 28 18 22 26 34 19 22 39 11 14 22 20 21 18 10 15 22 12 17 13 25 20 20 37 16 33 21 20 36 22 26 19 12 18 
24 16 26 33 19 22 34 23 16 15 9 9 12 21 45 19 14 34 13 43 15 27 9 22 15 38 23 17 26 8 19 26 14 21 27 13 44 28 22 18 15 30 21 16 21 12 21 20 28 42 30 21 18 26 22 22 28 27 17 22 13 20 30 21 19 16 27 25 15 25 25 36 13 39 35 14 25 17 32 16 
16 20 27 30 14 16 30 31 13 19 18 21 39 33 42 11 18 30 15 31 12 23 21 20 20 22 29 15 17 15 17 23 17 32 27 9 4 31 29 13 28 16 20 24 34 25 28 21 38 21 19 17 32 28 25 12 22 30 18 27 14 24 26 24 16 7 4 23 13 19 29 13 18 35 26 34 24 9 31 17 
18 17 13 26 26 20 26 25 8 9 7 21 35 19 36 17 21 19 17 26 17 17 19 15 11 48 26 23 23 18 37 30 19 34 17 10 26 19 26 11 20 31 25 18 29 19 11 18 30 21 21 16 15 19 19 14 17 26 19 16 15 15 22 11 24 19 29 30 16 29 13 26 26 31 34 14 20 10 20 25 
34 24 24 27 26 25 19 22 20 15 24 23 27 22 31 15 17 33 19 18 32 18 16 17 21 24 30 30 28 13 26 25 16 31 17 11 34 20 14 17 19 40 29 17 19 17 27 16 18 25 21 24 15 23 17 13 24 40 16 23 23 19 36 22 19 23 35 25 17 32 14 17 22 30 30 14 12 10 20 8 
28 14 21 20 20 35 17 19 35 13 12 21 26 17 33 8 18 29 8 28 24 21 15 13 22 36 29 18 25 12 16 24 15 23 20 22 27 33 26 19 24 21 23 12 16 19 43 17 16 19 26 26 16 23 19 15 21 40 14 16 19 13 25 32 14 12 28 21 15 26 29 26 41 17 35 5 18 16 23 30 
35 15 28 29 21 23 21 35 17 16 11 22 9 20 37 9 17 32 7 26 26 22 15 20 15 28 16 22 24 20 22 16 10 22 26 25 11 36 32 21 30 20 13 9 25 25 37 23 7 18 16 23 20 27 22 14 25 30 11 17 26 16 29 26 27 18 41 16 29 26 15 23 33 33 29 24 23 21 41 18 
32 14 18 39 15 24 22 27 17 17 22 14 39 19 33 19 17 33 19 26 17 17 17 17 23 31 25 19 16 14 29 24 17 27 8 17 29 4 34 23 19 37 22 11 26 14 35 22 32 34 22 21 25 17 8 16 18 40 13 29 23 16 20 14 21 20 38 17 20 20 17 29 18 18 35 15 20 24 2 25 
33 11 16 26 14 17 22 13 14 15 8 11 35 24 32 16 4 33 14 28 19 19 14 9 12 24 17 19 21 13 13 14 12 28 22 22 22 29 33 17 18 37 27 13 24 26 25 25 36 22 26 22 20 35 20 22 17 23 22 22 25 12 23 14 30 24 38 28 17 43 24 20 39 29 27 7 22 15 27 27 
31 22 25 27 14 13 11 17 18 19 15 28 43 13 36 20 19 8 10 35 21 21 17 25 13 21 35 13 26 18 27 30 25 29 20 13 21 22 31 18 32 19 9 11 8 19 27 28 27 19 30 29 28 23 14 20 20 29 25 32 23 15 15 24 14 11 29 21 12 38 17 30 23 22 49 23 22 18 29 23 
25 19 24 32 18 14 31 35 21 15 6 29 25 16 31 21 15 22 13 29 23 17 7 27 21 28 22 27 30 15 23 18 24 20 30 12 20 30 20 15 30 28 27 18 21 17 25 25 18 23 13 25 30 28 16 16 14 13 20 18 16 12 26 18 30 18 47 28 31 29 14 40 18 34 40 19 20 13 22 24 
21 24 24 24 17 29 20 21 14 14 11 24 25 24 21 17 22 25 24 20 26 22 25 25 13 32 17 16 18 26 35 44 28 24 30 10 23 33 28 10 17 41 22 15 20 7 16 19 31 16 19 9 15 28 20 8 19 29 22 29 16 15 21 9 5 14 45 21 17 33 17 24 41 21 44 29 26 15 21 17 
35 17 21 31 12 25 30 35 18 14 13 17 36 13 32 9 16 25 13 24 14 14 16 21 13 41 24 23 13 14 21 21 31 22 32 14 25 36 23 15 29 20 21 16 22 18 34 23 32 29 37 31 16 22 17 18 19 29 26 17 23 16 19 17 26 20 30 22 32 26 16 26 21 25 40 16 19 17 24 20 
20 17 25 32 9 18 35 27 17 12 6 14 31 31 30 9 24 27 15 29 24 20 20 25 20 15 34 23 26 18 34 34 25 26 29 23 40 19 27 22 27 23 18 17 25 17 17 30 20 25 13 19 20 29 12 14 18 15 12 17 26 15 29 20 19 18 35 30 25 26 17 10 30 17 23 20 16 20 20 18 
29 17 19 21 21 23 25 30 19 24 12 16 22 17 26 20 24 28 15 35 24 20 17 8 16 37 20 19 34 21 36 24 21 30 15 17 46 15 20 16 20 34 19 13 14 15 21 21 38 26 24 26 19 30 17 12 23 21 17 19 26 24 14 27 34 16 37 20 22 19 15 21 37 23 32 13 15 11 18 24 
20 11 35 25 36 29 23 25 19 13 15 17 26 8 35 16 24 35 17 16 22 31 19 17 27 8 29 9 12 8 27 22 24 14 35 19 36 29 19 18 17 21 23 13 21 18 24 17 32 18 17 27 16 21 27 20 16 47 20 34 19 13 33 26 19 10 27 24 13 25 23 19 47 32 23 16 22 23 24 23 
36 17 26 36 12 17 26 26 24 17 13 22 41 31 38 22 20 37 14 34 21 24 8 21 19 37 26 20 19 21 29 26 20 21 19 6 46 12 21 22 15 22 10 9 35 18 30 29 24 23 31 23 19 18 11 17 17 23 17 30 22 9 22 22 13 17 32 18 24 26 19 24 31 21 40 11 15 16 14 9 
32 11 25 22 20 22 24 21 30 12 19 12 35 12 27 18 7 28 18 27 19 24 8 14 17 31 8 18 18 14 19 23 13 22 27 8 46 24 14 15 24 38 28 17 20 18 38 28 19 21 27 17 25 22 19 13 18 37 22 34 27 14 31 31 27 10 32 25 15 23 24 30 14 40 38 15 30 8 20 20 
38 16 31 26 13 27 32 25 19 13 14 28 27 36 43 15 34 35 15 25 18 7 15 16 21 25 19 23 26 20 26 29 23 28 44 14 20 36 12 10 38 41 22 21 28 12 9 12 27 27 31 22 9 21 18 19 20 21 13 26 18 8 42 35 31 13 45 28 8 22 12 28 46 25 47 21 18 20 22 7 
24 19 33 32 25 22 22 37 10 11 19 10 39 9 30 19 28 18 18 23 20 18 17 16 12 32 9 16 22 12 19 29 15 22 24 23 29 16 20 12 14 19 12 15 27 21 23 26 31 15 23 24 26 27 14 17 21 23 20 28 17 16 38 24 22 13 40 16 18 28 18 19 32 34 39 10 11 15 45 24 
16 21 26 32 40 20 31 21 10 18 18 22 43 14 33 19 19 24 14 24 16 22 15 11 22 30 24 12 15 18 18 35 21 33 25 26 44 18 32 19 29 32 23 23 17 25 20 13 21 36 10 27 12 29 27 16 26 39 22 13 24 16 42 30 3 10 51 33 22 23 14 33 19 22 24 8 19 19 16 20 
33 18 32 22 26 25 22 35 20 18 18 27 31 14 26 9 20 18 18 36 20 16 15 16 29 16 28 18 24 8 34 20 32 34 38 20 23 38 33 20 29 35 26 13 28 22 22 21 21 32 16 24 19 18 19 15 11 38 12 23 22 14 29 21 15 16 30 34 16 36 18 33 28 4 48 24 16 25 19 17 
28 5 28 26 24 16 19 26 20 9 9 19 25 23 34 17 11 25 18 26 21 22 15 13 21 24 11 24 22 14 14 29 23 26 33 14 29 19 40 12 25 18 28 15 20 15 33 28 22 17 26 27 27 16 20 16 15 30 29 27 21 15 14 13 26 13 26 14 18 23 11 38 29 43 13 13 27 11 27 10 
29 21 20 26 25 16 15 36 14 11 20 15 40 23 30 17 15 37 23 22 22 14 13 5 13 28 28 21 24 17 17 31 17 26 31 21 18 27 40 16 41 15 25 14 15 26 21 23 35 16 23 35 16 24 22 10 29 17 16 21 15 16 29 22 26 25 28 19 19 22 19 26 39 29 12 23 20 19 28 14 
21 19 27 38 16 16 31 20 15 17 17 12 24 21 34 9 28 27 15 36 6 27 17 17 18 32 42 24 21 20 32 21 21 28 23 19 43 22 11 11 20 31 19 16 21 26 24 18 45 23 13 28 24 23 21 13 23 19 30 25 25 9 25 13 17 17 41 8 25 21 23 33 32 35 29 15 24 19 27 18 
32 20 17 29 14 30 18 31 22 17 15 24 17 28 30 17 15 22 6 23 25 19 16 17 26 34 30 20 24 11 22 28 7 30 16 16 25 7 30 20 22 28 26 16 27 16 36 25 33 30 26 34 27 27 16 21 21 43 25 19 22 14 28 29 18 15 31 33 18 31 13 25 34 28 19 18 17 12 21 19 
22 10 22 18 13 14 17 21 10 17 11 19 32 24 42 15 19 27 17 16 27 18 19 23 22 10 31 27 23 13 32 44 22 27 27 19 27 24 15 12 16 32 21 15 22 16 37 21 20 29 27 34 17 26 23 16 27 33 17 26 26 20 34 26 3 13 20 28 26 32 24 29 20 20 23 19 22 18 34 22 
32 14 18 17 15 33 18 25 10 11 11 19 30 21 33 17 15 19 17 32 18 30 19 10 18 37 21 23 19 21 19 37 20 30 24 18 32 26 31 11 26 35 25 17 31 21 26 25 36 29 22 25 29 24 20 13 21 22 17 20 16 8 34 23 24 21 39 25 26 28 21 18 38 30 29 27 15 19 28 15 
29 13 23 32 37 11 39 23 28 18 19 24 36 13 32 20 16 30 11 28 22 11 16 20 8 31 25 14 26 19 25 28 30 33 24 25 15 34 32 15 26 37 22 20 8 15 19 24 29 20 34 22 23 15 18 23 16 41 15 6 25 7 43 14 24 21 28 26 26 23 24 21 38 24 47 20 22 5 26 18 
43 18 31 23 11 24 24 20 10 22 13 16 18 25 20 18 13 23 19 26 12 21 11 20 22 32 17 19 13 7 29 18 3 17 25 25 29 37 31 17 20 24 23 24 30 28 16 15 41 21 28 34 20 28 25 16 11 28 20 24 18 17 29 16 22 18 36 9 13 17 27 30 32 20 35 17 22 16 25 28 
27 15 5 16 21 40 42 15 16 10 9 19 27 18 22 14 19 30 11 27 29 23 18 22 20 31 11 10 26 9 22 33 16 19 27 24 33 29 22 9 17 23 28 22 23 17 28 30 30 28 22 25 22 25 11 22 17 25 15 17 15 21 30 9 23 14 30 13 12 19 20 4 40 27 29 17 20 25 22 19 
23 24 19 28 20 24 39 27 11 14 7 13 28 15 25 16 21 23 13 38 9 21 20 19 17 27 27 6 30 20 22 30 22 19 23 16 44 29 11 12 25 27 11 12 29 24 27 19 33 25 15 25 22 20 24 15 23 21 12 20 7 14 21 13 12 5 39 15 22 26 18 20 35 40 43 19 28 25 10 29 
23 16 41 22 29 17 28 32 16 19 14 18 35 22 23 21 26 34 16 38 22 14 15 11 20 13 37 25 25 21 38 30 14 28 23 17 35 36 29 20 29 34 29 16 15 16 23 13 32 25 18 29 17 35 12 15 13 16 17 25 23 10 28 26 15 26 31 23 23 9 14 29 41 32 22 14 23 7 30 12 
7 14 26 29 18 22 28 22 25 15 10 18 20 15 23 15 19 34 25 18 19 20 16 20 21 28 19 25 24 16 33 18 14 16 31 17 25 16 34 19 26 25 23 18 11 12 25 25 33 33 39 28 35 25 14 21 20 50 21 24 18 15 25 19 21 13 25 27 24 30 23 16 37 31 37 13 29 15 23 27 
27 22 17 31 27 18 27 23 17 19 10 14 27 13 22 22 22 33 11 19 21 12 11 16 12 25 26 15 31 17 15 19 18 23 20 18 39 28 40 18 18 22 15 14 24 21 22 33 22 18 35 27 13 21 17 16 24 25 13 18 23 20 21 25 20 21 13 16 28 17 25 25 38 24 28 26 17 20 25 28 
31 10 33 17 9 29 20 24 24 15 13 21 22 17 34 15 31 23 19 11 19 20 17 26 17 31 19 18 17 25 23 18 24 30 34 7 23 22 37 18 12 21 26 15 29 26 31 27 34 4 24 26 19 14 20 22 17 21 19 32 22 10 39 21 14 25 34 10 25 34 18 27 22 26 36 26 26 23 32 16 
18 21 27 22 20 13 29 16 14 11 19 19 36 13 36 10 19 22 21 23 23 32 14 13 16 23 31 17 18 20 38 11 17 28 17 20 43 36 26 17 21 30 16 13 30 19 14 23 39 23 24 25 28 17 26 13 13 32 23 26 18 20 23 15 26 15 27 23 18 35 18 28 23 29 27 18 20 16 27 18 
35 21 33 36 18 16 22 19 18 24 22 18 18 23 30 19 17 21 18 31 20 19 21 18 19 36 20 24 18 18 15 26 18 41 31 13 17 34 27 20 29 27 32 15 17 19 16 21 32 35 24 17 25 20 24 16 21 27 15 21 9 21 45 14 21 19 34 18 28 25 21 23 34 13 46 24 24 20 30 28 
44 15 17 25 25 21 23 23 22 18 13 27 22 31 24 20 37 24 16 19 30 21 20 16 16 27 22 22 21 10 31 29 25 22 41 16 35 46 12 12 33 33 29 17 10 17 24 25 22 12 22 20 22 25 28 16 14 31 10 14 10 23 27 24 30 18 23 13 13 15 18 34 21 13 33 7 25 24 28 25 
35 8 19 25 16 34 25 28 19 13 21 13 43 19 49 14 25 11 16 34 33 22 13 10 28 25 19 17 7 7 40 25 16 20 30 10 25 27 31 8 26 26 38 23 17 25 36 15 34 16 30 28 24 29 20 14 14 25 17 19 17 28 28 24 19 21 30 33 17 27 24 37 40 34 48 26 20 20 20 31 
22 16 23 21 29 27 23 37 11 17 12 33 29 20 33 12 18 36 23 18 18 26 19 15 15 26 21 16 31 23 31 29 9 26 32 23 20 34 22 19 27 22 33 12 26 24 29 24 21 33 22 18 19 19 27 13 24 23 15 21 15 18 22 27 19 22 39 26 11 24 16 28 41 25 37 22 20 18 30 29 
28 21 23 29 12 22 28 12 24 19 20 19 24 22 43 12 23 11 16 34 16 18 11 13 19 34 19 16 32 19 18 27 20 16 37 21 35 21 22 17 36 23 25 15 34 20 12 16 35 23 36 26 14 35 25 14 27 28 20 22 32 18 15 27 22 26 28 22 23 32 15 32 32 29 35 20 25 15 24 16 
36 17 36 28 18 32 16 18 17 25 14 12 25 25 29 16 17 36 22 22 13 20 15 14 22 27 23 16 25 17 8 29 26 35 25 16 30 11 26 13 19 30 23 8 29 19 27 24 28 17 17 8 15 23 12 8 27 37 22 26 21 18 22 15 24 20 21 21 26 22 32 22 22 25 9 19 20 21 32 14 
24 17 21 23 15 27 26 16 13 17 18 13 22 26 25 14 20 18 13 26 19 27 23 18 23 56 35 11 30 14 27 24 11 7 25 19 33 52 27 18 18 30 20 17 15 13 43 16 31 25 26 25 15 19 23 15 13 36 21 20 16 19 23 20 19 19 20 11 14 22 13 21 23 25 29 19 33 18 34 14 
21 13 20 27 13 20 24 31 11 20 18 14 44 17 46 16 21 27 13 39 20 12 22 19 26 24 37 15 21 14 5 27 16 13 15 23 27 35 28 17 25 23 20 17 10 22 21 18 43 10 28 22 8 16 12 16 27 31 26 29 13 15 14 22 27 19 24 27 21 25 18 27 28 11 17 10 18 14 29 16 
47 8 31 27 23 13 33 25 18 16 15 22 21 32 41 17 20 20 21 26 29 5 11 18 16 26 28 22 35 23 25 25 26 32 27 13 24 30 23 10 26 44 27 17 30 20 27 24 22 26 18 24 17 24 26 12 19 31 20 29 19 10 11 16 7 21 36 14 17 17 24 24 21 27 38 16 24 16 25 24 
16 21 23 33 23 13 19 23 25 14 11 11 34 32 41 16 18 39 14 32 27 30 15 16 14 36 20 23 18 11 29 28 13 33 22 21 40 28 29 12 9 26 19 19 27 19 23 15 17 19 39 19 9 20 18 9 23 23 9 18 17 8 35 16 22 24 37 9 17 25 16 42 36 29 17 19 17 19 32 19 
25 25 35 17 26 27 16 30 10 15 19 19 21 13 35 20 24 24 12 7 9 22 16 16 16 24 24 21 30 13 15 17 17 31 28 11 26 22 25 14 27 36 24 12 31 24 29 11 31 22 20 22 13 21 17 19 16 18 21 29 20 13 20 35 25 20 19 19 25 29 16 33 18 23 14 17 23 27 32 20 
20 20 20 31 19 20 32 27 19 10 18 17 44 11 31 18 16 30 24 13 23 17 19 22 20 39 18 23 13 16 36 23 15 28 43 17 37 25 26 12 37 31 19 18 28 24 43 13 31 22 19 10 25 23 23 17 25 30 18 29 23 20 32 29 17 22 23 26 24 32 16 31 21 39 37 18 18 15 37 11 
29 5 25 34 16 32 15 16 11 17 23 13 27 27 36 12 20 35 13 25 16 12 17 24 17 15 28 18 13 19 31 24 21 15 14 22 30 25 34 12 16 30 25 16 22 15 26 35 41 28 35 12 24 32 16 16 11 21 19 11 18 14 23 15 22 13 28 32 25 21 26 24 33 39 22 22 23 13 25 20 
22 15 19 32 23 34 34 21 27 16 15 17 22 19 25 15 22 25 23 26 23 16 13 8 17 37 21 17 17 17 34 22 15 22 16 12 31 36 23 23 26 30 27 17 21 20 31 15 29 22 25 28 15 27 13 22 20 31 16 24 23 21 30 23 21 20 37 25 28 38 22 26 31 14 14 23 20 24 27 19 
24 11 32 24 21 24 26 26 15 18 11 10 19 29 42 20 25 28 16 15 18 16 18 15 17 32 31 20 21 25 20 26 18 30 35 21 30 31 21 13 30 31 16 10 18 14 35 25 32 20 14 34 23 25 13 25 16 43 18 12 23 12 29 18 20 16 29 29 20 29 11 13 49 29 39 23 20 17 25 6 
24 18 24 29 21 24 21 27 15 21 14 12 22 21 50 17 15 28 14 20 23 29 17 19 13 40 20 15 12 22 20 30 24 34 9 20 23 25 19 10 31 18 24 18 28 25 25 26 25 24 19 20 18 30 28 23 20 26 15 16 29 22 34 32 32 9 45 15 26 50 20 26 29 40 29 12 29 14 32 23 
39 22 28 14 15 17 34 28 21 13 14 21 23 17 34 19 18 32 17 32 17 20 10 25 12 16 33 26 18 3 15 12 34 17 21 18 32 24 33 19 15 30 13 14 22 17 30 25 20 22 20 17 30 30 25 20 17 18 23 37 26 19 15 18 17 17 24 15 32 21 22 29 41 35 40 15 21 8 23 21 
25 17 25 28 19 17 35 31 20 8 18 16 15 18 33 17 27 18 20 36 23 20 13 17 20 21 27 15 19 12 36 27 22 28 30 22 26 29 6 14 30 19 32 22 23 19 27 21 32 22 25 18 11 23 19 17 26 5 9 22 31 20 15 23 25 16 40 22 17 18 16 27 25 19 25 19 15 18 25 11 
47 17 31 34 24 24 25 22 19 20 20 20 26 15 23 22 25 17 16 21 18 25 18 14 12 16 29 18 17 14 28 28 17 25 23 17 38 49 31 10 30 35 24 13 31 15 32 12 45 23 27 25 13 15 17 24 16 29 16 20 18 19 27 19 18 15 24 19 21 31 22 17 27 29 27 18 28 8 24 19 
34 19 32 34 28 21 16 20 19 12 7 13 50 25 24 16 26 6 13 33 19 25 20 19 8 37 32 8 24 24 19 32 17 21 24 17 33 31 19 15 22 24 11 14 20 19 25 25 39 16 18 9 30 19 12 19 18 32 20 20 23 21 24 21 20 18 35 21 27 28 19 32 27 23 28 24 31 17 21 23 
34 23 20 33 25 25 17 21 17 18 20 9 22 21 20 14 26 22 11 32 21 17 11 24 22 24 29 16 31 15 20 23 16 25 20 18 21 15 29 19 21 18 18 12 26 25 41 16 29 28 15 19 33 21 20 13 24 30 15 20 18 20 24 20 7 13 29 32 17 19 16 17 24 25 27 15 17 5 34 27 
34 12 14 24 31 34 30 19 17 8 19 27 25 17 40 16 24 34 15 19 23 20 14 22 16 13 25 12 21 13 24 19 17 26 27 19 39 32 37 8 23 27 26 13 19 12 21 11 31 14 26 18 18 28 9 15 22 29 14 13 16 12 21 21 22 23 36 17 8 15 20 24 36 32 36 17 29 23 26 22 
27 19 32 10 18 23 22 32 23 18 12 11 35 19 31 16 10 11 13 30 16 19 17 20 14 42 31 24 11 16 23 9 16 33 20 24 38 34 18 10 22 27 28 14 25 23 35 12 19 10 29 28 32 29 23 20 20 28 19 30 24 18 25 26 28 18 38 27 7 26 24 37 36 24 35 19 21 18 30 13 
40 14 29 17 32 12 32 24 19 16 14 27 21 16 25 17 24 31 21 31 9 34 21 22 17 27 27 11 26 26 27 22 14 31 18 10 35 25 10 15 33 41 14 17 24 25 26 17 23 36 24 16 20 29 21 16 24 22 17 21 22 16 18 22 25 18 33 24 18 33 20 20 30 23 25 29 20 21 31 21 
29 26 23 23 22 33 17 29 22 14 15 12 19 27 28 12 35 30 16 32 25 15 12 14 23 20 24 23 20 11 23 26 15 29 19 19 25 31 29 14 22 25 28 9 17 10 22 29 29 34 33 6 15 27 22 13 18 48 24 23 29 20 6 20 21 11 47 23 15 29 28 11 25 1 36 21 24 15 17 5 
28 13 34 29 24 19 25 19 10 14 12 13 34 22 23 16 18 27 16 23 17 16 25 12 11 22 29 8 17 21 17 30 10 25 20 12 52 33 35 16 26 16 19 21 15 32 38 28 19 31 32 23 29 25 21 10 23 51 20 40 18 18 5 13 19 23 57 18 18 27 19 32 29 21 30 25 29 19 24 25 
34 8 42 25 27 19 30 20 24 16 14 17 33 32 38 12 30 13 23 16 20 32 22 28 10 19 33 20 29 11 34 26 22 32 34 20 19 42 22 25 9 18 24 10 27 23 17 26 27 30 32 29 20 22 22 9 15 26 19 23 24 18 29 22 23 19 33 28 21 17 17 23 31 35 41 16 24 15 29 16 
36 19 25 12 18 17 15 29 16 9 14 19 37 19 35 22 19 31 10 29 13 12 16 16 25 32 7 14 22 14 31 12 29 25 31 16 30 32 25 20 14 27 23 15 21 18 19 18 38 21 12 23 22 13 20 25 23 27 10 8 11 17 30 24 14 17 43 24 22 26 18 21 32 24 43 15 26 21 23 26 
28 25 28 32 25 29 25 26 22 18 15 16 34 17 41 12 17 27 15 17 33 25 17 21 22 34 32 17 21 23 25 26 20 16 22 18 32 32 11 14 19 29 29 9 20 22 11 15 14 21 16 21 12 37 21 16 16 42 14 15 14 10 19 25 27 23 36 22 21 20 12 21 23 31 29 14 33 15 10 19 
45 16 21 24 5 20 15 11 21 23 10 26 26 29 32 14 28 28 16 43 16 31 21 21 14 23 31 22 19 9 29 21 17 12 35 17 26 38 17 20 25 42 26 12 25 21 42 21 17 27 25 19 21 20 16 22 12 23 17 25 20 23 25 15 19 8 30 30 26 22 18 16 44 30 37 24 23 20 23 19 
32 26 33 29 18 27 28 28 21 11 18 18 24 25 18 12 20 25 14 24 7 36 15 24 16 28 12 20 21 20 30 31 21 39 26 25 15 28 28 18 38 29 22 13 23 14 33 29 23 34 34 21 8 21 21 19 13 24 17 30 22 15 17 19 18 15 34 31 20 19 10 26 32 32 34 18 26 18 48 18 
22 19 30 21 25 32 27 22 19 21 21 19 23 15 21 20 17 21 24 24 30 21 16 16 21 31 17 13 27 17 27 28 17 34 25 20 29 35 30 14 29 29 20 19 29 20 28 23 28 25 24 25 15 26 20 27 17 36 18 22 20 17 21 22 18 18 35 31 28 26 22 32 28 33 26 14 27 25 31 22 
17 15 23 31 15 28 15 29 12 14 15 25 16 33 30 17 16 26 14 25 28 25 21 19 17 35 25 27 10 21 18 34 24 37 25 4 43 17 28 15 26 22 23 12 23 25 20 30 14 29 23 30 21 27 14 24 18 35 18 21 19 12 20 11 17 19 41 25 31 28 16 31 25 29 23 21 9 26 35 20 
39 16 28 10 26 24 31 24 14 12 22 19 18 10 29 9 18 22 8 15 14 27 18 13 16 20 30 22 26 23 29 19 25 23 31 22 24 28 19 16 22 32 28 19 15 15 26 22 31 28 23 23 23 17 23 21 17 27 18 26 18 20 22 28 11 11 17 25 21 16 18 22 31 39 26 29 17 8 26 19 
36 13 25 35 24 23 24 7 22 14 13 14 45 17 26 8 19 27 13 20 19 17 12 8 14 26 16 19 24 8 40 18 18 23 8 16 35 16 22 25 11 39 16 14 30 20 37 23 32 21 20 20 22 37 16 24 22 19 14 17 22 10 30 37 11 16 38 20 17 33 15 28 21 34 39 22 19 21 12 18 
29 8 16 15 19 20 12 30 15 12 11 7 21 28 23 17 26 28 19 20 29 18 15 26 28 29 20 24 25 15 31 29 19 27 19 23 25 22 18 14 21 50 15 14 19 21 46 23 30 18 42 17 19 16 22 21 15 28 24 26 23 23 39 21 28 17 32 26 23 27 20 32 16 18 28 12 21 22 22 17 
31 22 16 26 20 17 20 20 16 19 17 15 37 28 26 7 23 25 14 12 22 17 19 24 15 21 41 11 22 21 21 29 25 24 8 16 32 38 17 21 28 22 20 13 13 21 37 17 33 25 21 32 22 17 25 16 23 22 23 11 25 17 37 25 14 23 30 20 21 24 11 29 26 36 22 18 21 19 23 19 
30 14 31 25 22 25 26 37 22 14 14 14 50 15 38 16 18 37 18 30 23 15 9 19 18 20 20 9 23 13 18 10 14 28 21 12 26 21 31 19 35 33 18 14 19 15 22 24 20 18 30 22 13 24 19 12 29 26 14 18 29 9 22 16 21 22 38 27 31 11 17 30 26 12 31 19 20 19 15 19 
32 21 35 39 26 28 22 20 28 19 18 15 29 23 24 19 13 29 15 29 13 17 17 17 25 29 32 14 33 16 23 27 21 23 20 16 37 36 22 10 33 26 20 19 28 18 29 23 27 24 18 30 14 23 26 19 20 31 23 19 21 10 21 11 20 27 33 29 24 35 16 28 34 28 37 26 22 18 17 13 
21 20 42 30 18 21 29 17 17 9 24 19 29 16 41 12 25 35 9 31 27 20 17 23 15 18 19 18 14 14 21 16 12 28 21 17 12 24 4 14 19 17 22 20 21 19 25 18 9 27 33 19 22 14 13 14 22 38 17 25 25 14 33 17 22 22 31 23 15 32 19 12 46 28 36 23 19 9 18 17 
26 13 31 26 28 33 14 29 16 20 17 21 24 29 40 16 13 39 16 25 31 10 18 14 9 35 26 22 23 24 31 27 29 22 10 17 38 18 21 23 25 21 25 14 20 13 28 22 20 24 25 23 15 28 23 16 32 32 17 16 25 15 26 17 20 21 27 14 33 17 17 22 40 21 24 16 22 22 30 25 
18 14 23 38 24 25 28 12 20 13 19 31 54 12 20 16 15 36 16 18 14 12 20 21 22 26 20 21 16 18 33 16 23 16 31 17 33 42 22 15 18 37 24 18 13 11 17 24 30 40 13 21 18 19 26 18 20 41 16 19 22 21 22 24 18 27 34 23 15 19 14 33 31 43 18 18 27 16 29 16 
29 17 22 29 25 35 27 25 15 20 19 13 30 29 17 22 18 18 14 15 23 9 14 11 20 33 19 15 27 7 16 20 20 28 11 17 27 37 14 16 21 30 13 14 11 13 28 21 28 32 22 14 15 17 16 17 18 18 11 19 25 14 15 26 32 26 20 35 11 20 21 18 21 38 32 11 17 24 19 10 
12 21 31 27 15 24 30 20 18 19 19 12 23 12 23 18 24 26 10 37 23 24 16 19 20 18 44 19 25 15 31 15 9 33 27 14 34 20 29 14 29 21 19 16 21 27 39 20 30 21 27 18 17 18 16 23 10 38 19 17 12 22 38 27 14 21 22 32 22 30 16 18 30 11 9 31 22 8 18 18 
30 16 20 36 28 21 21 27 17 16 17 15 25 16 35 9 19 31 24 24 18 16 18 21 20 16 14 19 20 15 10 24 17 32 11 13 24 26 11 19 38 23 27 27 23 14 24 18 30 32 32 21 18 36 16 18 26 38 18 18 22 13 23 22 27 13 17 32 21 17 23 34 37 18 48 25 26 15 24 28 
33 23 28 18 17 30 32 20 8 16 14 17 11 23 32 17 8 18 21 29 23 16 15 11 29 34 22 20 13 15 29 27 25 26 29 12 33 25 18 15 26 25 23 14 25 25 42 24 41 33 22 36 16 27 23 9 17 23 22 16 17 19 22 17 25 13 22 22 28 18 21 28 40 30 40 14 31 11 34 25 
43 18 21 25 22 18 34 13 9 13 16 20 30 12 31 7 21 29 15 19 33 17 14 25 12 25 24 15 32 20 26 30 17 21 12 21 30 26 14 12 21 14 16 15 22 14 38 15 28 40 20 26 8 28 20 23 16 14 25 4 25 13 33 25 22 21 25 25 19 20 25 21 27 31 26 19 10 18 28 16 
22 21 19 32 16 18 27 25 17 19 12 23 16 18 41 17 21 19 17 20 19 20 16 21 16 11 22 18 19 20 29 24 14 23 17 17 37 31 29 8 19 14 22 13 12 21 24 18 27 26 16 18 14 29 23 17 28 24 20 14 22 15 42 19 21 18 41 19 27 20 24 23 28 24 33 20 32 16 24 24 
38 11 22 20 19 34 29 18 16 16 13 19 28 20 30 17 29 31 12 34 26 21 16 25 13 26 17 16 24 23 26 24 23 15 7 20 51 15 26 15 24 23 20 19 23 24 22 25 26 30 19 13 14 25 16 16 17 6 16 5 14 14 33 10 21 22 21 28 21 23 12 24 24 28 31 18 20 16 24 19 
21 21 29 18 28 23 15 25 20 19 21 22 36 28 38 22 29 32 19 32 27 17 23 17 21 23 21 29 24 11 18 18 29 31 25 24 18 32 9 20 22 24 21 13 22 21 28 27 28 20 14 27 13 23 17 14 17 25 15 9 20 9 22 21 24 20 23 22 26 22 15 30 41 27 21 21 26 15 30 21 
28 11 20 33 30 24 20 29 2 13 7 10 22 22 42 11 27 36 15 14 19 23 13 10 24 26 35 19 28 11 33 11 15 31 30 18 45 24 10 11 21 31 26 15 13 12 18 17 25 23 34 13 7 35 20 19 18 22 13 14 14 22 34 18 13 18 20 18 13 27 18 18 26 34 43 23 16 24 34 17 
36 23 16 22 27 18 26 23 12 12 17 23 37 17 26 10 16 25 20 29 17 17 14 19 18 24 24 13 22 20 20 27 21 25 23 21 15 23 16 8 20 21 21 18 23 26 34 17 37 35 17 16 35 20 20 13 18 31 17 22 31 14 27 26 26 12 33 17 20 35 26 24 34 25 20 21 16 19 23 20 
24 32 18 32 25 26 23 20 23 12 18 16 35 10 30 14 11 23 9 29 26 19 13 15 22 26 25 20 28 15 17 35 22 32 27 17 43 28 23 21 24 30 27 9 10 16 26 13 30 18 35 26 16 29 14 18 28 37 33 28 9 20 24 27 22 13 21 16 23 38 25 21 15 37 29 18 23 16 30 19 
42 20 15 17 21 29 37 14 19 16 16 29 7 15 25 15 28 32 20 28 21 31 15 18 21 27 24 14 30 13 19 20 13 26 21 23 27 17 27 13 18 48 40 15 28 16 31 30 34 28 16 19 17 29 17 20 20 33 23 24 29 13 29 14 14 18 30 17 25 24 18 32 22 29 26 20 21 14 12 17 
38 21 22 21 15 28 31 25 24 17 13 12 43 36 36 11 14 42 15 21 36 17 12 24 23 30 24 14 18 17 26 20 13 29 29 19 47 14 41 15 13 28 13 12 23 17 25 20 34 23 17 21 29 30 20 18 23 35 19 28 18 16 35 29 18 8 34 22 16 18 15 13 22 21 53 14 22 13 21 17 
33 14 24 23 29 16 23 27 21 18 20 12 25 29 37 20 25 14 10 36 21 13 15 19 18 31 24 22 19 17 28 28 23 31 13 19 46 23 14 15 26 31 31 25 16 16 13 16 43 35 19 20 21 25 18 25 22 32 26 28 13 13 24 34 16 17 35 18 20 23 6 36 24 31 33 23 20 20 26 10 
22 13 22 24 4 28 33 33 17 20 19 29 12 27 33 15 22 14 15 32 19 16 15 19 7 41 27 21 24 10 35 23 10 29 19 15 28 27 45 14 23 36 19 17 24 15 37 21 14 24 28 29 33 40 12 24 5 43 29 21 21 22 32 27 3 27 35 39 17 28 18 26 41 20 20 31 21 22 13 17 
30 24 29 29 11 29 27 2 28 18 16 18 31 15 32 25 18 22 25 18 22 27 17 10 10 29 25 19 17 25 28 14 29 22 21 17 47 33 25 14 24 26 23 16 17 14 30 19 19 23 39 25 16 19 27 22 14 49 25 15 18 12 36 18 32 23 24 19 21 25 15 28 20 30 23 19 23 20 19 8 
24 25 27 35 24 24 29 17 15 17 14 21 37 14 45 18 7 18 20 23 30 18 9 14 25 17 19 21 17 11 26 24 17 26 18 14 56 27 23 17 22 30 30 8 23 17 31 19 28 26 16 37 24 17 18 16 23 31 20 21 21 21 18 21 18 23 33 20 17 19 22 26 28 27 22 11 14 21 19 14 
37 16 19 27 11 24 26 33 15 14 13 20 39 18 36 14 21 17 23 41 14 25 11 18 25 47 24 14 24 21 19 17 18 39 27 18 32 41 31 13 34 36 26 19 21 12 37 27 21 15 21 29 27 26 19 9 17 27 21 24 27 19 27 14 19 21 24 21 25 29 21 17 25 15 34 17 26 11 17 10 
23 9 23 29 13 28 25 30 9 12 16 18 36 35 29 20 17 15 17 25 26 25 10 9 16 32 28 16 28 20 47 30 24 30 17 19 42 32 33 15 16 45 22 18 27 20 28 22 24 35 27 30 9 31 27 22 22 30 12 14 4 14 21 20 11 25 32 24 8 25 23 26 15 32 34 15 21 19 25 12 
35 19 23 31 17 14 37 21 20 16 11 11 33 26 25 9 21 31 20 20 25 18 22 16 12 28 23 15 27 14 25 23 18 34 25 23 18 34 17 20 18 17 16 18 32 18 24 25 32 23 26 23 10 26 18 14 20 47 33 29 28 18 27 16 22 19 45 15 12 14 27 21 23 42 16 10 19 9 14 23 
21 23 17 10 23 24 22 28 13 12 14 19 34 21 41 14 21 22 11 37 14 11 14 10 23 30 31 19 16 20 21 31 33 27 18 11 50 41 20 16 23 25 24 14 22 28 17 11 24 21 26 14 28 23 27 15 20 31 11 20 17 24 29 31 9 18 13 23 19 20 17 19 35 38 31 16 22 20 24 19 
19 10 17 27 18 37 34 22 11 17 13 12 45 13 36 13 17 27 15 29 16 26 12 18 12 29 33 14 15 14 35 22 18 18 34 15 37 32 19 14 19 40 27 20 31 23 26 13 32 27 25 23 26 26 18 12 16 41 26 16 21 18 39 21 20 24 39 29 11 28 19 29 35 32 22 21 17 14 20 14 
16 12 25 18 18 23 33 26 12 15 18 16 37 18 13 6 22 25 14 28 27 24 16 19 13 35 22 12 16 11 30 22 10 22 30 28 26 32 37 18 29 10 33 12 21 22 24 12 35 29 38 19 20 25 22 19 23 25 17 16 17 22 34 23 9 20 27 19 18 42 14 25 23 21 37 17 15 22 31 11 
32 9 25 35 19 23 33 26 11 14 6 20 24 14 47 12 15 20 14 16 30 17 19 13 21 31 23 15 27 15 25 19 29 28 24 23 43 25 23 17 23 30 21 13 26 20 41 20 40 21 28 32 21 18 18 29 19 19 17 14 23 14 24 41 19 15 36 24 27 15 12 25 37 34 36 17 25 22 27 22 
36 23 33 31 24 29 36 27 25 20 12 22 30 19 27 28 7 28 15 34 13 22 9 23 16 25 18 28 20 17 24 33 18 32 32 16 47 27 29 10 23 38 28 18 14 15 32 26 32 26 17 25 24 17 15 13 23 25 23 17 17 12 24 17 20 17 38 27 19 26 39 20 11 27 31 23 23 23 32 11 
37 26 14 34 6 16 23 24 11 8 10 11 24 20 28 27 18 30 20 19 20 18 14 22 21 41 21 14 18 12 16 23 25 33 42 15 33 20 29 20 30 23 9 15 21 19 32 20 27 32 36 26 14 27 33 16 20 37 16 27 17 16 22 16 15 16 27 31 22 29 22 21 20 25 38 23 25 18 17 21 
34 16 21 27 20 11 35 26 11 12 18 7 43 22 49 17 20 29 15 25 23 16 20 11 17 18 14 14 26 17 18 34 22 18 13 20 38 14 28 19 33 21 12 8 19 16 11 21 29 39 33 23 20 25 14 11 20 23 16 24 16 12 41 14 28 25 17 20 22 20 22 25 32 26 40 25 17 8 15 22 
28 19 18 24 18 19 27 35 17 18 19 9 29 25 53 22 10 30 16 28 17 22 24 17 19 36 21 23 31 18 22 28 18 34 19 16 32 16 19 17 29 27 15 15 26 15 25 12 20 26 27 22 15 32 8 16 16 19 19 27 15 15 29 23 14 8 40 23 19 27 17 26 29 33 46 17 15 22 13 18 
31 14 39 34 14 23 37 31 23 16 11 17 34 15 39 15 28 30 18 29 18 13 13 23 7 28 25 10 36 13 18 28 12 32 15 12 26 40 21 21 32 28 19 14 17 20 18 14 46 24 22 23 21 32 16 17 14 24 14 25 15 15 22 17 24 20 22 6 26 25 7 20 24 37 25 23 18 20 26 20 
38 17 34 28 23 30 26 14 22 19 18 16 31 26 14 18 16 10 19 26 12 13 18 15 19 29 16 19 21 20 19 23 23 9 22 19 21 19 26 15 21 18 26 20 21 19 34 21 24 22 21 18 17 30 14 7 12 23 8 24 12 18 30 23 24 17 33 32 16 24 12 27 21 33 33 10 32 24 40 27 
45 6 23 27 17 14 23 26 19 13 9 16 30 24 25 27 17 23 21 16 20 24 9 15 15 39 24 20 18 9 42 10 23 13 16 22 33 32 12 19 30 25 16 14 30 8 33 21 21 19 33 27 15 26 16 18 15 33 17 21 23 14 23 26 14 24 44 28 20 26 18 22 37 38 38 18 28 24 30 16 
36 15 24 19 22 14 25 23 18 13 8 21 37 21 13 14 17 17 16 26 27 19 10 19 15 18 32 18 26 16 23 27 13 27 12 14 37 25 25 13 32 21 21 14 18 26 28 10 29 20 13 13 22 32 14 19 17 23 14 25 17 15 15 28 13 11 27 22 22 23 19 27 31 32 31 22 17 17 33 21 
39 14 25 19 16 18 20 22 12 21 13 27 37 19 23 14 17 22 16 43 25 6 16 24 22 27 35 16 15 15 23 18 7 25 26 21 39 10 25 17 16 29 17 10 22 14 15 21 17 11 30 23 22 19 12 15 18 30 4 21 23 19 34 8 22 27 34 28 22 32 19 12 33 20 16 21 24 18 28 26 
36 21 23 30 23 11 26 17 24 22 13 21 27 23 22 14 19 17 16 16 15 14 8 24 17 20 24 19 20 14 38 26 9 16 24 18 21 10 12 17 17 47 23 22 20 17 21 28 40 23 36 20 26 16 25 15 23 34 26 20 28 22 29 24 10 10 42 15 25 23 2 31 38 29 55 24 25 19 28 11 
28 19 21 19 18 24 30 16 13 20 18 17 49 27 34 27 23 28 14 27 31 24 13 19 24 23 25 13 24 15 30 16 8 25 31 20 46 14 24 17 32 29 22 5 15 27 23 24 37 36 15 24 17 22 27 21 20 34 19 22 22 14 23 20 19 9 50 22 25 43 18 25 32 30 33 22 23 21 15 12 
37 20 21 21 19 14 25 23 16 16 14 19 28 18 30 22 24 32 21 24 27 17 16 16 14 28 24 17 16 17 12 27 21 20 17 17 30 25 32 18 22 23 17 16 27 13 31 30 26 35 19 17 17 20 24 14 13 36 13 21 20 14 10 25 9 17 21 8 26 30 17 22 37 35 46 23 18 21 16 25 
32 20 20 19 19 16 33 21 19 13 15 17 18 18 24 19 14 22 16 25 11 19 21 11 21 38 23 19 32 14 35 30 17 25 15 17 27 29 36 22 25 26 12 18 21 15 26 30 23 33 23 17 17 25 8 16 8 32 26 21 26 10 17 25 22 17 28 31 14 39 20 15 45 42 27 16 18 14 25 26 
38 22 22 12 19 24 23 28 16 17 19 16 35 13 32 16 13 19 18 19 31 23 19 18 16 36 41 24 15 16 17 12 29 42 18 15 22 31 26 14 26 25 21 13 18 22 34 13 27 28 9 21 19 31 20 11 29 24 21 22 16 21 16 28 20 17 45 31 15 27 19 29 31 35 24 17 15 16 30 33 
27 8 32 23 23 20 23 35 5 24 19 22 27 29 32 20 20 26 14 23 18 12 18 14 19 15 23 10 20 16 28 17 19 24 25 23 27 41 19 17 20 36 20 10 25 28 26 19 40 31 20 15 5 17 22 21 21 30 23 19 22 11 32 26 9 20 19 19 24 25 14 31 32 41 22 21 12 17 33 22 
29 27 36 19 12 18 24 15 23 21 18 16 26 29 40 20 10 29 13 26 20 20 18 24 12 21 25 19 27 17 17 24 22 20 13 19 41 38 28 21 23 30 20 10 21 9 38 31 24 26 27 25 23 19 21 17 17 29 13 13 15 24 30 16 19 17 38 18 21 21 22 22 32 24 20 22 17 16 23 18 
25 22 19 26 20 27 31 12 12 10 16 24 26 18 24 14 28 30 19 30 18 15 17 24 14 27 25 25 30 14 29 20 10 16 25 26 16 32 27 15 15 26 20 15 28 21 33 12 12 23 39 18 20 20 27 11 21 47 20 9 24 17 32 29 29 16 30 21 27 20 18 28 36 16 33 16 19 15 20 21 
26 15 19 22 20 21 22 37 15 16 13 17 40 23 32 12 24 25 18 25 19 18 19 31 11 18 28 5 13 18 37 25 18 20 26 20 33 22 29 2 29 32 29 11 21 18 23 17 15 18 23 18 23 23 14 11 21 45 19 11 20 21 13 20 22 20 34 15 23 32 17 16 28 34 31 23 26 16 27 28 
28 15 32 27 13 30 27 14 14 16 5 19 17 29 25 22 21 34 15 27 12 22 15 18 14 38 34 28 23 19 21 25 20 22 23 22 41 23 29 14 21 20 22 15 16 25 34 24 25 25 30 24 25 22 20 12 22 36 21 20 14 10 23 11 17 18 31 20 25 34 18 25 20 38 27 35 22 11 20 13 
39 22 23 26 23 19 26 21 22 16 7 25 36 25 36 10 34 21 9 32 26 24 15 20 17 42 31 24 24 17 20 33 13 25 18 14 40 26 26 18 21 35 19 11 12 17 11 17 25 34 33 28 24 25 27 14 19 36 26 16 23 22 36 20 25 23 25 21 33 24 26 24 35 37 31 27 15 12 23 23 
23 23 14 26 17 14 29 16 16 19 18 22 25 30 31 15 30 18 15 28 14 24 20 19 20 25 29 19 28 13 13 34 17 34 33 22 30 17 16 14 24 14 27 20 24 16 30 23 11 20 26 24 18 26 22 20 23 39 27 18 20 18 28 22 16 16 48 16 20 24 18 19 33 27 12 25 26 13 10 15 
29 17 28 37 17 36 27 29 29 12 15 22 29 9 50 17 22 28 20 18 22 17 13 17 15 28 26 15 20 16 27 18 14 22 25 13 23 28 23 23 17 23 20 13 26 14 9 14 34 30 13 18 24 19 24 13 17 33 22 21 12 14 31 18 22 12 11 30 23 23 17 28 34 37 29 15 26 24 35 26 
25 18 23 26 27 24 32 15 15 14 11 12 36 17 23 11 27 16 8 25 15 19 11 27 23 39 27 12 20 12 41 22 11 37 18 11 18 24 26 13 21 33 27 16 27 14 54 22 26 28 18 21 28 34 18 22 14 36 19 35 15 21 13 25 14 17 29 30 32 17 16 25 36 16 16 15 23 28 39 15 
22 14 20 29 36 14 27 46 16 15 20 21 18 28 22 23 30 28 14 23 23 20 8 13 12 35 17 18 14 12 26 22 16 20 13 19 27 17 32 10 34 46 16 18 6 23 31 25 24 28 28 23 12 36 24 17 16 28 15 20 35 17 21 26 22 24 38 12 17 22 17 19 21 36 41 12 22 23 22 26 
11 19 30 24 15 27 15 32 16 21 15 13 29 28 31 16 21 22 16 32 16 15 17 18 20 23 21 19 19 22 31 22 29 15 21 14 32 41 28 13 27 22 32 25 29 18 37 28 26 22 29 17 16 15 12 18 19 25 17 20 25 15 17 17 23 19 22 32 12 25 16 35 25 23 17 16 21 16 25 23 
31 13 25 22 22 20 39 48 21 18 12 18 32 25 51 15 30 21 9 17 9 14 20 22 14 23 24 14 12 16 29 33 19 32 17 22 45 28 21 21 26 37 14 18 19 28 37 16 31 36 34 32 10 17 16 23 13 25 21 29 9 12 38 5 15 24 44 11 17 28 13 24 27 27 47 18 18 19 33 17 
22 22 15 29 15 42 36 35 19 18 14 13 21 27 37 14 21 25 10 36 18 21 13 19 12 14 27 18 8 11 20 28 27 25 24 18 38 39 34 17 20 16 18 19 27 19 38 15 31 25 26 23 21 20 24 17 18 27 11 10 34 14 26 12 16 14 21 26 17 15 22 33 21 25 22 15 21 21 32 19 
2 15 30 21 27 17 36 19 17 18 11 15 30 15 30 13 20 30 12 42 18 11 17 18 15 42 29 18 12 16 24 31 20 21 32 20 13 20 18 13 28 37 34 13 15 9 32 20 27 38 19 37 22 31 23 16 21 11 23 18 17 13 20 16 23 20 38 9 23 22 24 27 31 31 18 20 20 17 27 24 
29 19 32 30 24 23 38 28 13 4 13 32 42 12 31 18 24 27 5 26 20 27 14 12 16 28 23 2 19 15 40 30 26 36 26 19 24 26 33 16 30 16 20 14 9 24 25 23 48 22 20 23 18 22 15 16 9 28 24 27 22 10 24 27 19 21 21 28 23 38 28 46 28 31 40 21 19 14 18 16 
19 18 31 30 12 30 26 17 21 14 14 14 32 26 18 14 23 27 10 24 12 5 19 18 24 27 20 16 16 10 15 27 18 16 26 30 30 25 17 23 41 24 11 15 22 19 22 25 30 23 25 16 19 22 21 13 19 45 17 20 22 17 28 27 21 25 18 30 28 20 16 18 25 31 26 27 30 15 20 16 
28 21 22 25 23 23 23 22 9 17 17 16 34 23 39 11 35 30 20 17 33 20 20 20 24 37 28 13 24 18 13 33 31 31 42 17 18 33 34 12 30 42 26 18 24 23 14 21 24 20 28 30 18 18 19 18 23 44 21 26 12 16 30 29 12 23 37 21 16 22 20 25 24 23 39 21 11 9 34 12 
34 12 19 25 16 24 24 21 19 16 20 18 33 27 31 15 17 34 10 17 24 23 14 18 32 19 16 20 26 19 35 31 22 11 33 17 46 33 18 15 20 25 29 18 17 15 22 23 29 31 19 15 21 31 19 13 25 18 20 21 10 20 24 15 19 22 42 19 18 31 25 32 33 23 38 16 18 22 23 24 
16 17 26 30 17 20 21 34 23 25 17 16 53 32 47 19 33 25 16 28 18 18 23 12 23 35 23 24 20 19 36 25 12 31 22 21 13 37 24 12 27 25 22 13 20 19 28 18 43 21 27 23 25 35 27 19 24 39 15 27 25 18 33 23 18 13 26 30 28 42 17 27 26 40 41 25 28 26 23 22 
28 10 26 22 28 22 34 31 15 14 17 20 22 20 32 11 17 17 17 37 21 23 14 31 23 28 23 14 23 20 30 29 18 21 22 25 29 36 27 18 23 9 39 14 14 13 39 17 33 18 17 24 23 23 26 17 12 29 20 18 22 17 12 25 8 17 19 27 15 42 17 31 36 11 24 16 21 10 35 16 
22 9 14 38 30 23 34 19 18 20 12 12 41 32 19 18 26 20 19 27 26 22 14 16 21 46 24 16 25 9 22 22 21 12 13 26 21 29 30 20 27 26 26 10 18 19 25 15 31 29 25 20 29 22 26 9 22 27 20 26 21 14 21 24 23 17 31 16 16 25 15 34 20 20 17 21 27 10 22 21 
17 13 23 32 20 18 30 28 23 16 11 23 49 25 44 20 30 20 16 34 19 24 13 22 26 16 28 17 28 12 35 19 28 17 19 20 39 43 20 23 13 8 19 7 17 21 20 24 20 36 15 16 13 23 24 12 19 19 16 22 20 17 19 31 25 13 22 25 22 21 25 31 36 27 43 19 18 13 30 24 
35 17 24 24 32 15 15 30 16 17 13 22 33 20 16 23 11 20 13 23 21 23 19 21 17 19 32 17 19 12 29 35 26 28 21 13 29 30 31 20 2 36 28 14 22 14 31 25 29 37 28 33 19 13 11 19 22 33 24 19 13 20 32 20 19 21 18 33 19 19 25 35 23 35 33 25 19 22 15 16 
30 23 20 27 24 38 37 25 11 15 12 10 37 28 43 20 22 25 14 17 20 16 13 24 17 13 19 20 28 20 29 31 20 31 19 18 35 21 15 16 33 26 19 7 21 21 27 21 27 26 31 16 22 31 21 14 10 28 9 31 20 19 19 3 29 16 22 32 22 22 15 21 35 38 21 17 28 8 26 16 
25 17 21 27 17 19 13 24 18 18 13 17 13 30 33 16 13 20 14 31 27 22 8 19 7 27 33 21 22 16 23 33 13 33 15 15 39 23 34 21 25 8 25 13 26 24 14 35 34 34 25 20 17 32 20 29 23 35 14 22 28 18 27 29 16 18 20 32 25 16 20 27 16 41 37 25 13 17 22 16 
40 13 11 27 24 5 21 30 10 20 13 19 41 14 28 16 20 30 20 37 22 19 22 13 20 31 29 13 16 13 4 29 14 22 25 20 34 46 28 13 35 26 12 22 26 24 32 29 36 14 23 23 20 22 23 15 20 13 25 21 17 19 31 21 28 11 26 29 30 20 20 28 22 18 24 20 33 11 29 12 
26 15 22 30 15 20 31 22 27 20 18 10 38 13 17 10 18 14 20 26 10 16 12 18 23 36 33 18 14 12 26 16 21 30 15 21 40 18 29 20 30 45 11 15 22 24 29 17 26 25 11 20 21 19 14 24 19 47 21 21 25 17 25 14 16 12 46 21 24 26 16 29 26 36 14 20 15 28 23 24 
27 13 30 39 31 19 25 23 28 15 18 24 29 26 38 27 26 26 20 25 30 23 20 17 18 22 34 18 16 9 25 34 20 18 34 18 33 24 28 7 23 41 26 18 21 18 26 27 24 35 22 28 10 39 17 10 19 18 26 15 18 21 34 26 17 17 37 21 24 18 19 31 9 34 26 27 17 18 23 15 
36 19 23 29 14 18 13 22 15 19 15 23 63 20 37 18 18 33 12 28 23 27 15 23 10 34 15 17 28 14 25 18 18 27 30 18 25 19 28 17 14 32 13 13 16 14 35 15 25 33 15 19 31 30 23 18 24 22 19 25 29 18 27 27 21 9 45 21 22 12 17 26 32 21 23 18 17 28 22 22 
26 23 31 34 26 28 11 19 11 21 13 29 31 21 35 25 14 26 17 29 24 23 15 23 24 33 26 15 19 17 19 34 26 29 21 18 39 26 24 17 20 19 19 17 30 19 29 25 22 24 14 17 32 27 18 15 24 17 12 17 6 18 44 22 25 19 26 24 17 24 12 6 46 35 30 23 12 14 29 26 
22 18 27 31 23 21 24 15 15 23 17 25 29 17 31 14 29 13 17 21 14 25 24 18 18 26 17 21 23 11 30 14 26 24 21 17 17 36 32 14 31 28 18 20 14 16 22 20 31 28 23 19 18 34 12 15 15 29 18 27 23 10 28 21 11 13 33 34 15 35 21 23 29 20 37 17 26 19 40 18 
17 22 18 18 24 17 29 18 18 20 13 20 44 13 31 16 24 24 19 13 29 22 14 19 15 33 30 14 20 16 24 27 15 35 20 23 38 28 20 15 30 36 22 15 17 16 27 11 24 17 22 19 16 25 22 14 22 36 17 17 5 18 24 20 38 16 25 26 8 26 17 26 33 29 10 13 35 14 20 24 
36 17 28 37 27 27 24 34 8 11 12 23 36 28 52 21 22 35 23 25 18 20 15 22 3 33 16 12 10 21 21 20 14 37 30 15 29 25 11 9 31 14 17 15 22 25 27 25 40 38 18 22 15 15 16 13 16 37 22 11 30 8 27 24 19 15 28 16 20 33 23 6 41 15 34 21 37 19 24 16 
17 27 24 32 18 23 35 28 14 18 21 29 46 28 32 12 21 33 20 25 16 24 19 23 24 35 28 18 22 13 23 15 18 24 19 29 28 34 18 13 27 26 11 16 28 18 41 19 20 30 24 25 8 25 24 13 18 52 13 21 14 20 49 28 19 32 20 24 24 21 23 25 18 40 34 21 26 18 18 26 
24 15 18 22 21 33 20 41 11 16 18 24 31 27 22 10 26 20 11 27 17 31 9 8 21 27 25 20 23 20 29 24 22 17 18 15 44 27 27 15 33 23 23 22 24 22 24 2 19 25 39 18 21 17 21 13 24 51 24 30 15 13 14 24 13 20 27 26 28 41 19 35 29 33 43 22 28 15 30 19 
32 8 10 35 22 21 33 23 20 11 16 11 35 18 39 11 14 27 17 29 29 15 22 14 20 33 26 17 28 19 26 22 20 27 13 13 25 28 7 22 16 21 25 22 27 20 31 24 33 26 33 25 20 29 11 14 25 12 19 18 14 16 7 22 16 14 22 29 9 37 15 37 26 30 23 27 19 11 37 22 
33 8 14 31 17 17 28 32 22 16 27 25 24 14 17 15 11 41 16 31 14 17 19 18 13 32 24 18 25 12 25 27 21 22 31 15 28 23 19 14 28 25 14 13 20 22 29 30 38 14 22 24 24 31 13 21 23 32 23 31 27 11 22 26 27 8 18 26 22 36 27 24 22 9 40 26 22 28 25 19 
19 24 19 16 12 14 13 12 20 10 13 25 26 20 28 14 33 29 18 28 20 22 16 24 21 19 15 14 15 8 16 21 18 22 15 15 14 35 16 17 18 39 18 19 21 16 28 31 22 11 27 21 26 28 19 15 19 40 15 18 34 13 20 22 28 13 43 9 27 31 18 27 13 23 29 21 24 23 25 19 
18 19 25 29 15 17 28 17 17 19 15 25 34 31 30 21 19 30 19 34 15 21 13 21 16 19 14 15 31 7 16 21 19 21 29 22 46 24 21 12 9 42 14 17 26 16 30 28 37 22 28 18 4 23 19 17 22 44 13 18 9 20 36 22 16 19 29 31 25 23 13 36 35 22 38 20 13 23 19 18 
22 11 16 24 16 19 26 22 24 18 8 13 36 11 24 24 31 26 19 19 25 20 9 30 8 19 16 18 31 17 19 34 23 19 17 17 37 31 29 11 28 44 25 14 29 25 35 21 34 31 24 18 19 22 21 17 13 25 21 23 13 14 32 26 13 22 31 25 23 23 21 20 17 32 12 27 22 21 22 9 

MachineCapacities:
MachineID Capacity
0 10
1 10
2 10
3 10
