path,tasks,machines,scenarios,psc,index,sha256,bytes
10_2_10/os_0_com_0_time_0_rcom_0/0.txt,10,2,10,L,0,d4f73a61ac0311bfbe92b932015301d486c88b80f6ab812751a54af35585a765,923
10_2_10/os_0_com_0_time_0_rcom_0/1.txt,10,2,10,L,1,3a37aa8d693338f9011cd70a3ae4d3f10581c665bf0db92f937e8e73636fa725,913
10_2_10/os_0_com_0_time_0_rcom_0/2.txt,10,2,10,L,2,b67b2cc82e05cfacc10e229055f074e1453c9a37030a34388877bd636e8126df,913
10_2_10/os_0_com_0_time_0_rcom_0/3.txt,10,2,10,L,3,492123d60547cadbd8fb5c5054d4271d9158db7736e8908d171f7e3e24545f69,923
10_2_10/os_0_com_0_time_0_rcom_0/4.txt,10,2,10,L,4,f301a8471037ddace302326bf7de4605f95ff58fdb28562b7a3a0af4e8107ccf,925
10_2_10/os_0_com_0_time_0_rcom_0/5.txt,10,2,10,L,5,098014014def28be53b3223c04aae63ba543ec50a49490eeef8a0e530edcaec7,926
10_2_10/os_0_com_0_time_0_rcom_0/6.txt,10,2,10,L,6,98051e00e625fb6c305cae6bae91ab371f3f9097fd7c151a6c0e07054486caba,923
10_2_10/os_0_com_0_time_0_rcom_0/7.txt,10,2,10,L,7,9b45536afa11b8d33c5044891672a785b3e8593182a45639627e4e00176ea1de,924
10_2_10/os_0_com_0_time_0_rcom_0/8.txt,10,2,10,L,8,74b027e050b3f4c06795bffd834506d431b080b0ad75372866377ac037d4378c,924
10_2_10/os_0_com_0_time_0_rcom_0/9.txt,10,2,10,L,9,33b4737c62763c430e81cde92180141b712646b93f1c9a02634c510e6817f9de,916
10_2_10/os_1_com_0_time_0_rcom_0/0.txt,10,2,10,H,0,b69260080777f78bb0c7de17ed00e81f3f58f7c4c24608e9ff664188ef6e392d,924
10_2_10/os_1_com_0_time_0_rcom_0/1.txt,10,2,10,H,1,682b42443e63ab51081c977cf7f7be777ca51583cac4af6651ef331485a186e8,923
10_2_10/os_1_com_0_time_0_rcom_0/2.txt,10,2,10,H,2,b6e43d99b31a779f35be8b22c686ea16463d8ef7fe961c181db4b7b11082aaed,923
10_2_10/os_1_com_0_time_0_rcom_0/3.txt,10,2,10,H,3,237f940b172369164eed335036fcb1f85f3d553179bf791e30770194498183d1,933
10_2_10/os_1_com_0_time_0_rcom_0/4.txt,10,2,10,H,4,99be8947ce1ab2f179a48f44ee1dda8ae399f82c68d69e18fd076c4f0fa2fc2e,933
10_2_10/os_1_com_0_time_0_rcom_0/5.txt,10,2,10,H,5,0b6ec4db9ee3aa88224df31d772d0e13d3c33d62e67c9ca06c982cb60a5e5cf5,938
10_2_10/os_1_com_0_time_0_rcom_0/6.txt,10,2,10,H,6,a349feaee5221c9efd92e802027a87691df19053afd72e84be084821fd3d70b0,928
10_2_10/os_1_com_0_time_0_rcom_0/7.txt,10,2,10,H,7,6bfe75e42fe3576b63d6a9a9c29c1c7e67524ed8880172af878e61c78a979ef9,925
10_2_10/os_1_com_0_time_0_rcom_0/8.txt,10,2,10,H,8,97e76fe4dd928f6d4cb3c247bf88eaeafd425cff8718cae9f199ae310d095800,929
10_2_10/os_1_com_0_time_0_rcom_0/9.txt,10,2,10,H,9,43cef2c593cd00391747d62b004f6e14ebba2d2e80e90704075cb6f4ce7ea210,929
10_2_30/os_0_com_0_time_0_rcom_0/0.txt,10,2,30,L,0,a963a4584acb98053b65a78dc989afc9374da0b87a7e99c8b731827bdccf004d,2113
10_2_30/os_0_com_0_time_0_rcom_0/1.txt,10,2,30,L,1,460c36407a64bd5a3869da2cf60ceb3dc2dc643fb50bedfe1447ddc7f5046b9f,2100
10_2_30/os_0_com_0_time_0_rcom_0/2.txt,10,2,30,L,2,be78ab408eba870dfcca6d9ed865fdbc7e7e7fbf889b5a177dbdb0f319ad5fdd,2125
10_2_30/os_0_com_0_time_0_rcom_0/3.txt,10,2,30,L,3,aca6e23390da648df49d4d727a7ab0d6f6d03f8842e45ece9d1f8bb7af69ecb9,2124
10_2_30/os_0_com_0_time_0_rcom_0/4.txt,10,2,30,L,4,a675b8e0362a77273725684c5303fcbc613aa208afcebe962fda1b8174c82c73,2137
10_2_30/os_0_com_0_time_0_rcom_0/5.txt,10,2,30,L,5,93b54d0306509379586c69f1f17e1c4ed13ef296d26c77e457210e8d3b1139ba,2130
10_2_30/os_0_com_0_time_0_rcom_0/6.txt,10,2,30,L,6,84218118c204cbf13975055353a078e459b3aede546d5b3c81defa0e99c5656e,2126
10_2_30/os_0_com_0_time_0_rcom_0/7.txt,10,2,30,L,7,300de745b8a348b8597daa66f421f11fbe4bf5f5e6665d686e6323554d74a5e2,2159
10_2_30/os_0_com_0_time_0_rcom_0/8.txt,10,2,30,L,8,2ee668da7ae56cd40e7fc62a1f90520c96f49d4dc8a76c9fc6a8648cf8ddbd75,2136
10_2_30/os_0_com_0_time_0_rcom_0/9.txt,10,2,30,L,9,5da5f7737470af601d1117504a7411b366158d70b13ae936215f45f526002b2f,2129
10_2_30/os_1_com_0_time_0_rcom_0/0.txt,10,2,30,H,0,a5308478a26411aa74df39e9e480372d4f84657f46ec1d7ed6c3d86b1f6b85e9,2117
10_2_30/os_1_com_0_time_0_rcom_0/1.txt,10,2,30,H,1,a7fa3329a3eee96fcbf74865fa23b57f11c4969437bd7ee860410bf429e42de2,2126
10_2_30/os_1_com_0_time_0_rcom_0/2.txt,10,2,30,H,2,b262687d04061c1516f92dcc89b43804a360c80a0b879ad27572c9c5adf95d12,2146
10_2_30/os_1_com_0_time_0_rcom_0/3.txt,10,2,30,H,3,8ba74e192ebbc5d9b8c05a1276d9d4056f557b7a64fb5b243ca7ada9db582da1,2139
10_2_30/os_1_com_0_time_0_rcom_0/4.txt,10,2,30,H,4,cdf2ea669f7b3b7cee4dc454242031ca70376c4e407e46d2b76d7c0c2477c2b8,2140
10_2_30/os_1_com_0_time_0_rcom_0/5.txt,10,2,30,H,5,eda34071e1d970839b0a268d981e014a94ba0ce046ab7119240162720f624bed,2142
10_2_30/os_1_com_0_time_0_rcom_0/6.txt,10,2,30,H,6,aa6ff620743bee092a3e4a794e2b0fb16a584e3ffa90d5fa98c58703cfe9b5c0,2133
10_2_30/os_1_com_0_time_0_rcom_0/7.txt,10,2,30,H,7,0d8b89a9db4499e7971725b7e56c26faa6625a6044c741002f3341cba89fef55,2172
10_2_30/os_1_com_0_time_0_rcom_0/8.txt,10,2,30,H,8,4987625115de051859edf8b737f0622e0a69c0209db8ef70a9414aaf1245cc46,2143
10_2_30/os_1_com_0_time_0_rcom_0/9.txt,10,2,30,H,9,4f714450207cbbf611dd9e40e5f779fda813057c45a24753a843a56ba06c6b07,2134
10_2_50/os_0_com_0_time_0_rcom_0/0.txt,10,2,50,L,0,eb62e140b5c03f48236137db8f86ff2e60c4f0a94374e5e5586738cdcd6d7b8c,3323
10_2_50/os_0_com_0_time_0_rcom_0/1.txt,10,2,50,L,1,b0ed11c832b7ad51f45a1dd478b3f89404ed594b31e64b28f87c991e807ce69e,3367
10_2_50/os_0_com_0_time_0_rcom_0/2.txt,10,2,50,L,2,818a1347fbbe98bd6371a71d140bdefdc19c6c3e250c3b0a7536e000c19fb57a,3392
10_2_50/os_0_com_0_time_0_rcom_0/3.txt,10,2,50,L,3,13b8e339af1c5716a10458bd20778f15c7c5059bd3b920e209bd399160616e3a,3359
10_2_50/os_0_com_0_time_0_rcom_0/4.txt,10,2,50,L,4,05a359518be8c56ae1f497e888ddc47ed3f9437020dbb3618183c52aa80a7f31,3333
10_2_50/os_0_com_0_time_0_rcom_0/5.txt,10,2,50,L,5,f9d0915b03481dd5749194f27d26d79e8afa69f4e16110e8860204637466ee2a,3347
10_2_50/os_0_com_0_time_0_rcom_0/6.txt,10,2,50,L,6,df95573869d80600aec5eaad67db18e3e1a3c74633c7f9878f03138a2f875535,3319
10_2_50/os_0_com_0_time_0_rcom_0/7.txt,10,2,50,L,7,413843eef38c6f6a4da397748d865c434ec49668a14a12409b9e80b17f9d4ab4,3341
10_2_50/os_0_com_0_time_0_rcom_0/8.txt,10,2,50,L,8,3a2f2bfe27f390e3bfe60ccdad13ebc36c768625ae0e8faf6abc3acc2078a87d,3313
10_2_50/os_0_com_0_time_0_rcom_0/9.txt,10,2,50,L,9,de24dc0b9ec527a5a58fe3fa6dafa786a30cd4e7c3ff3dc4f85be4c1192c32e5,3335
10_2_50/os_1_com_0_time_0_rcom_0/0.txt,10,2,50,H,0,b6175c4e1d5f64138796971c6a41a735fe1dd4b29cb129c94eb7bfad53aefafc,3341
10_2_50/os_1_com_0_time_0_rcom_0/1.txt,10,2,50,H,1,25669e1da60b02e86ae51aa027467aa2a5f7fb689cee810dfd9fa956ef11582c,3374
10_2_50/os_1_com_0_time_0_rcom_0/2.txt,10,2,50,H,2,08cf79f94a429143ba49df516070520623cb13f0e6a4f8f2851dd782688f0510,3392
10_2_50/os_1_com_0_time_0_rcom_0/3.txt,10,2,50,H,3,eef762ba42233af1db5093a43096152432c543cb55bb3b69aed2bf21eb9d94fb,3372
10_2_50/os_1_com_0_time_0_rcom_0/4.txt,10,2,50,H,4,6929dfec58220c5de4d99a15eb12b7383da756c9b92a31cb3efefae0e5a7ae59,3361
10_2_50/os_1_com_0_time_0_rcom_0/5.txt,10,2,50,H,5,d08ac3a08f8be96b6acfe56b8e18750ad397856237322eb5b4ca973c90359829,3362
10_2_50/os_1_com_0_time_0_rcom_0/6.txt,10,2,50,H,6,0cbfac3f2e8bc9ac22aa4c3678331814b9c77403ccc19feb66d03109dc928fd1,3344
10_2_50/os_1_com_0_time_0_rcom_0/7.txt,10,2,50,H,7,b353e6fc57cd635831c720bb63a8727e5271bb00403095df42ebea41fcb847b6,3334
10_2_50/os_1_com_0_time_0_rcom_0/8.txt,10,2,50,H,8,945ffae255227d9c5ad3f08f63217c9da7e7ab7d8c2bfb47bd5b211f502ba8d9,3331
10_2_50/os_1_com_0_time_0_rcom_0/9.txt,10,2,50,H,9,fdade760c2c527b230557c494f27033af5a9e60ace6d6aa3231409bc4753c930,3339
10_2_100/os_0_com_0_time_0_rcom_0/0.txt,10,2,100,L,0,bbb2c4c40edd604b624fd00ec4aa34456858f4043e242c5eb788c05886e80d2b,6353
10_2_100/os_0_com_0_time_0_rcom_0/1.txt,10,2,100,L,1,beee4f8f8c51201cfb20fb7e02d3e6d6a97de0b8be604e440bbc0d537fe0d419,6346
10_2_100/os_0_com_0_time_0_rcom_0/2.txt,10,2,100,L,2,a40171aaf833157b3a6a80a5f27cde78c5417d2e8505fd8f1f6603de52ab4370,6345
10_2_100/os_0_com_0_time_0_rcom_0/3.txt,10,2,100,L,3,1e1e5bef27126a7720d9dcc6aea6c0e4ea9d8c78b0ac15134af23ea2333cc0a1,6336
10_2_100/os_0_com_0_time_0_rcom_0/4.txt,10,2,100,L,4,05382270834b68acc7468839c05f1180ffa5a7f651c81fe3a092c273cbdc5ab9,6334
10_2_100/os_0_com_0_time_0_rcom_0/5.txt,10,2,100,L,5,0e2fb3f9a08162ac03b0380d02add4b9eded804ae4d3ae24c3b559742192b60a,6322
10_2_100/os_0_com_0_time_0_rcom_0/6.txt,10,2,100,L,6,333422ffec5675437659792a663927b87141319265fa58b61ce2d3ca298f7ac7,6341
10_2_100/os_0_com_0_time_0_rcom_0/7.txt,10,2,100,L,7,223f0653478c45b9a1c74422e669c2e2264893b875762742df52fa64cc486436,6353
10_2_100/os_0_com_0_time_0_rcom_0/8.txt,10,2,100,L,8,e12884e6b58f473ffe9d46e71e2797058a10f972be7901493d27069dc08c9bdc,6321
10_2_100/os_0_com_0_time_0_rcom_0/9.txt,10,2,100,L,9,f0a172e71db81b9d562356bb1b427c1b0db48c17186915d5ea6be6a9c07bf15f,6339
10_2_100/os_1_com_0_time_0_rcom_0/0.txt,10,2,100,H,0,51ac060a0b4ac89896048d2801320b10b72bf0f4eb015698f0b7cfc2b519cc8b,6369
10_2_100/os_1_com_0_time_0_rcom_0/1.txt,10,2,100,H,1,e44f50aa70ed4a112b5fb718db774780a72e51ed0dedcb5d6f3296435e9ef0ba,6360
10_2_100/os_1_com_0_time_0_rcom_0/2.txt,10,2,100,H,2,fd9ce78f883f9265432c5c556c0344e1b0153d23f7060b045c8112e319ae789e,6355
10_2_100/os_1_com_0_time_0_rcom_0/3.txt,10,2,100,H,3,0576d58c2c1060820645657bb828584e607d09b03eef727c8b3f2dd0e30dd146,6350
10_2_100/os_1_com_0_time_0_rcom_0/4.txt,10,2,100,H,4,374503cc57c4a9188a2fe78d84c4f6451b8a60c7392dd74073f67dc393768d35,6352
10_2_100/os_1_com_0_time_0_rcom_0/5.txt,10,2,100,H,5,88864a382df9f314672d4c8026e81f6806a93b7e54371b196d9d15ceb4ec65a3,6334
10_2_100/os_1_com_0_time_0_rcom_0/6.txt,10,2,100,H,6,b016035aab6167085ae51233fe082d97d33791669b91f6965eeb3b4837155fd7,6349
10_2_100/os_1_com_0_time_0_rcom_0/7.txt,10,2,100,H,7,ad4d9095ddeda7f83227517d675ce5d673dc323586e3eb3b1687fe3317ac8761,6365
10_2_100/os_1_com_0_time_0_rcom_0/8.txt,10,2,100,H,8,797a3bf678188e371f55c7f7df1c3320307fa8aa492b401295876831bc101c5a,6337
10_2_100/os_1_com_0_time_0_rcom_0/9.txt,10,2,100,H,9,9cb8fa510f528ace70aac30ab82a2cc2b5300f7a45372ae4eb00f1251cdddaf7,6349
10_2_500/os_0_com_0_time_0_rcom_0/0.txt,10,2,500,L,0,0f690381e1a6c8e4b3ea428c90270ff51741e7596d03d346b616c18ddf49ae32,30571
10_2_500/os_0_com_0_time_0_rcom_0/1.txt,10,2,500,L,1,027fab926774d5e0424560048e72971ba800bb0bf2c6d53f9f7a209248083454,30577
10_2_500/os_0_com_0_time_0_rcom_0/2.txt,10,2,500,L,2,357cf5414b78e70786cec3ad6a5e36249a95d10b5d8a6ed9cec46026606ce6f5,30584
10_2_500/os_0_com_0_time_0_rcom_0/3.txt,10,2,500,L,3,52f180d94512c4dcaac86a0ed501ed966c07aad033a1a7385b3947ac68ff786e,30557
10_2_500/os_0_com_0_time_0_rcom_0/4.txt,10,2,500,L,4,70b6fc78c6ae9c5826a40e5b13fb8b754cb6fec0b517102363d71576f404f478,30502
10_2_500/os_0_com_0_time_0_rcom_0/5.txt,10,2,500,L,5,667acff8791f4b1234b8c07b28731ff728dd5ae6148fb857c00362aaa23d06c3,30452
10_2_500/os_0_com_0_time_0_rcom_0/6.txt,10,2,500,L,6,a775227f350e9b93f733975330cceef50e5762eb0fe2a9289ce1e9f24caab089,30538
10_2_500/os_0_com_0_time_0_rcom_0/7.txt,10,2,500,L,7,ca16161b772da5d589705afe7281cf3abbb526d04de779d9cb6e8879a5afb5b9,30626
10_2_500/os_0_com_0_time_0_rcom_0/8.txt,10,2,500,L,8,2f861fa2c552e6ba84b954f37733dbc894a9933c457b0705ed17ea692fed7db4,30447
10_2_500/os_0_com_0_time_0_rcom_0/9.txt,10,2,500,L,9,49656df7f0947b8d3fdd0f31106950d5b2b65184d545a5e61f3bf662bb5b41f0,30484
10_2_500/os_1_com_0_time_0_rcom_0/0.txt,10,2,500,H,0,366fa10ab0afbdb568ac72646a685cd3cb6978628c2d26d05be42eb2bc146458,30587
10_2_500/os_1_com_0_time_0_rcom_0/1.txt,10,2,500,H,1,884ffe7f17953a227b43a85dbbaaf12dae7a66fb43ae9a438a5e9ef57847d4b8,30591
10_2_500/os_1_com_0_time_0_rcom_0/2.txt,10,2,500,H,2,a0b5a3333d68a33198c89339c78fd4ded90bc31aa670dc38f1bf8f003c8280a7,30594
10_2_500/os_1_com_0_time_0_rcom_0/3.txt,10,2,500,H,3,585371dd16afc2dedd62784668f91792152f23f587245e221748a318af4c9bbf,30571
10_2_500/os_1_com_0_time_0_rcom_0/4.txt,10,2,500,H,4,d95693511d70bacf26062493211cbeba70fc3b598ce4d5e56d3a8604e28d3d92,30520
10_2_500/os_1_com_0_time_0_rcom_0/5.txt,10,2,500,H,5,0143a366032efee0aeb4ab8a904a891c378220754e9ab00b56d3dddb63e24db9,30464
10_2_500/os_1_com_0_time_0_rcom_0/6.txt,10,2,500,H,6,79824d5dd6e76d99fc44db870ec7b5a4fd50a898df99fbd230b1fd88a6e1a86a,30546
10_2_500/os_1_com_0_time_0_rcom_0/7.txt,10,2,500,H,7,4915535cd229be0b405ef6e4a4c9c2d299bcd61098a5b729f0974b914d8a697d,30638
10_2_500/os_1_com_0_time_0_rcom_0/8.txt,10,2,500,H,8,6f7de9a5ca6fb6a11e21e7599e154a4d8da194343d5d4f47d20fe16608f2fd57,30463
10_2_500/os_1_com_0_time_0_rcom_0/9.txt,10,2,500,H,9,af2c07809f163896fffb5dfafac6b643eae2278fde1434d1d081e47de4822ec8,30494
10_2_1000/os_0_com_0_time_0_rcom_0/0.txt,10,2,1000,L,0,0a03a7978e5e5c20426066d39a00f2f96618c820627cc91e1de55c4574993407,60832
10_2_1000/os_0_com_0_time_0_rcom_0/1.txt,10,2,1000,L,1,a3d4a47f20c69d03b3fceabc8142cc01b5da53781ca55a8d1c5275e88390a061,60844
10_2_1000/os_0_com_0_time_0_rcom_0/2.txt,10,2,1000,L,2,56ac356fa2a84d64b81baf4bf61ad8714a835d51dc2a3550441f7df721e2f229,60809
10_2_1000/os_0_com_0_time_0_rcom_0/3.txt,10,2,1000,L,3,4af48ff52a92f3b6b4fe4c772f8e7a14f0d3cbeee14b0240360f0b11b1a5e96e,60846
10_2_1000/os_0_com_0_time_0_rcom_0/4.txt,10,2,1000,L,4,97f4657f31b5f46c9999178192897837678ee41cc14d9c0e98e4ce920ec32c42,60745
10_2_1000/os_0_com_0_time_0_rcom_0/5.txt,10,2,1000,L,5,912fc64d8ea92c54dbdd8ba0bbd40ee378d621bd31ff10c43e115a41405c0f18,60655
10_2_1000/os_0_com_0_time_0_rcom_0/6.txt,10,2,1000,L,6,55551fd092383f46caf5b519461658bffe8db0694a1b2c06b45cc98d9cc0beb0,60779
10_2_1000/os_0_com_0_time_0_rcom_0/7.txt,10,2,1000,L,7,d530de73800cf68304e8a5a825e8476b6c09e4fd014df5ddec184d6ac338005e,60920
10_2_1000/os_0_com_0_time_0_rcom_0/8.txt,10,2,1000,L,8,512ecb297b7b74baa55d8936cf57d8feb6fc7ff947af39a4b96f273b40386360,60596
10_2_1000/os_0_com_0_time_0_rcom_0/9.txt,10,2,1000,L,9,c91dd5713909d87bb5382c7951af007647cb7f248c303ff4c6782b7a5e9e5057,60722
10_2_1000/os_1_com_0_time_0_rcom_0/0.txt,10,2,1000,H,0,f4dfca9ac31b0f8f784702a1d89f95ea451582c62f203ff2f85b7fcee36cc813,60848
10_2_1000/os_1_com_0_time_0_rcom_0/1.txt,10,2,1000,H,1,a123620da671e0dd0c6dfb251059ca2b968743f7d404c18c8b92cc2982a14fec,60858
10_2_1000/os_1_com_0_time_0_rcom_0/2.txt,10,2,1000,H,2,313a5cf17c12594a0f474903d833996f036c43e85f6993e225db0c0447b29655,60819
10_2_1000/os_1_com_0_time_0_rcom_0/3.txt,10,2,1000,H,3,15a662e46b2f52e2d7cb1865a8e9a217602dc468efcbc5557331c642e13a944f,60860
10_2_1000/os_1_com_0_time_0_rcom_0/4.txt,10,2,1000,H,4,700e32b2beb087a26e1faec6902a93695e758ecf501e8fa820ce35b22dceb6c6,60763
10_2_1000/os_1_com_0_time_0_rcom_0/5.txt,10,2,1000,H,5,82914d2b44cd0bd669bbb71897b705775daad637eef36b09c884cc321f8c8b91,60667
10_2_1000/os_1_com_0_time_0_rcom_0/6.txt,10,2,1000,H,6,a7248948ce7354e4f5a26e4eda3c51121540bc9dd8cfeff4ca2241be7052a50f,60787
10_2_1000/os_1_com_0_time_0_rcom_0/7.txt,10,2,1000,H,7,22f691cd1b4d756f9f09e4fb840e55ea377441a4c74a234ddbbc79899620106d,60932
10_2_1000/os_1_com_0_time_0_rcom_0/8.txt,10,2,1000,H,8,9d04fad45dea0797822b8f1efed3761d4d6b4e11274559fdaf9910d735cead47,60612
10_2_1000/os_1_com_0_time_0_rcom_0/9.txt,10,2,1000,H,9,a421b1018eca67702338fefb527ba63333b854324c89964cd950400990b6a3e8,60732
10_3_10/os_0_com_0_time_0_rcom_0/0.txt,10,3,10,L,0,35be7c718a2dca7e2b7f2a85728415fdf67e5dd8f88cb78d6d03f5dee4810c83,1205
10_3_10/os_0_com_0_time_0_rcom_0/1.txt,10,3,10,L,1,85ef77e146cfaa99ed3f63f84cdff088cd8b4500c65e8639e87aec8e24a09a13,1204
10_3_10/os_0_com_0_time_0_rcom_0/2.txt,10,3,10,L,2,5cd95d8a1c5cfe143b94ba53334efddc1e53f13d6b88f3bc6358e55f154a8ab8,1213
10_3_10/os_0_com_0_time_0_rcom_0/3.txt,10,3,10,L,3,c09d1127fc38fcf70c5d59a0423a129a6c9f8ab51251e86685f3533e8ed83d25,1214
10_3_10/os_0_com_0_time_0_rcom_0/4.txt,10,3,10,L,4,ef9018f65997c8b9e3098e390da2358ad396cf4e42638122316cc4168d1ad379,1209
10_3_10/os_0_com_0_time_0_rcom_0/5.txt,10,3,10,L,5,854605eb0606f3c2e3c71053df2ff0b8d432f20d2b6e952b064990e4a2cb8ea1,1207
10_3_10/os_0_com_0_time_0_rcom_0/6.txt,10,3,10,L,6,b8ec156001763ccc097ea30970d726250d2e94931e15de81bddc98d9b304aae9,1206
10_3_10/os_0_com_0_time_0_rcom_0/7.txt,10,3,10,L,7,89ce9eb3ee0c40c9605c63daea5842658ad3044e8cdf1bf6f61f79069bc4eb44,1207
10_3_10/os_0_com_0_time_0_rcom_0/8.txt,10,3,10,L,8,9cb292b1af685442d72cbead1eca4ff0c0ee90383d8a9cff014b1128a9334547,1200
10_3_10/os_0_com_0_time_0_rcom_0/9.txt,10,3,10,L,9,aad20f8a97d0cc51c7362de4fed431cd824382b4d966e90c305935a076e194a0,1199
10_3_10/os_1_com_0_time_0_rcom_0/0.txt,10,3,10,H,0,3dd3e8c4fe3ee5fe3b535dc05f4809506046c6002be5d917c7c7bc92ff20ea32,1218
10_3_10/os_1_com_0_time_0_rcom_0/1.txt,10,3,10,H,1,c2fb943ed0d96ae36905ef1152f56f7f4b78aa43367a571bcf6f15ade591372b,1215
10_3_10/os_1_com_0_time_0_rcom_0/2.txt,10,3,10,H,2,1c0b22a79128562b8c8fb95d9129aa2205a14d12d31a87305a868625d8601f14,1223
10_3_10/os_1_com_0_time_0_rcom_0/3.txt,10,3,10,H,3,85e94988dac3a1e7b8cce018032b748a7ab19568a360fefb10eb20c4cf9cf069,1217
10_3_10/os_1_com_0_time_0_rcom_0/4.txt,10,3,10,H,4,624cff87692140db80e21d1b5c04ce5203afc3a95645d2e615c07657d6fb95e2,1219
10_3_10/os_1_com_0_time_0_rcom_0/5.txt,10,3,10,H,5,8ecfb61c69b33050d3a4e941d98f0f9bdb7f50b26e3503584b4547ff04c6e6fe,1224
10_3_10/os_1_com_0_time_0_rcom_0/6.txt,10,3,10,H,6,f4bf6c8ad5e926665140f260c4584c04c87deb30787ccd97f729a280dc19a536,1213
10_3_10/os_1_com_0_time_0_rcom_0/7.txt,10,3,10,H,7,197f0d45a641e7cc9fdd348ec5908faad98a795fbc9171018ee536ac0da143a5,1210
10_3_10/os_1_com_0_time_0_rcom_0/8.txt,10,3,10,H,8,10de6c3b934c727d8c072c2e9f68e1b87550e2bc82410902dd32dbbe75b99c1d,1211
10_3_10/os_1_com_0_time_0_rcom_0/9.txt,10,3,10,H,9,cfc55f4514b73f87ce532b6b9130f86745db002582e9bde8322eed0cceb913ed,1209
10_3_30/os_0_com_0_time_0_rcom_0/0.txt,10,3,30,L,0,f98acdea70a962ae704d1e2b009b92539198881ef5173ce32c6737f9afddb348,2967
10_3_30/os_0_com_0_time_0_rcom_0/1.txt,10,3,30,L,1,7fb28195f3388864969987641a713c056a93ff2acbfb391ef52dd8aeea25be15,2985
10_3_30/os_0_com_0_time_0_rcom_0/2.txt,10,3,30,L,2,913ed237b5cadc2c0c19c83b01cfe55ac7b9b1ad950efc3a923f42fa21bea0c7,2954
10_3_30/os_0_com_0_time_0_rcom_0/3.txt,10,3,30,L,3,e57907805ea08c96c2a9dae9ac48ce823711998e6e2ae07e8c7bc56b2cc341fe,2967
10_3_30/os_0_com_0_time_0_rcom_0/4.txt,10,3,30,L,4,c3158890fb9474b2e3d143633d87e03e30115ad93c01fa83f5cd426eeb6a7751,2978
10_3_30/os_0_com_0_time_0_rcom_0/5.txt,10,3,30,L,5,71b5287777b217cfb99d2b1e820776872a1fb1b9ce022e208e04d6b11e9a4c26,3022
10_3_30/os_0_com_0_time_0_rcom_0/6.txt,10,3,30,L,6,1d205e818212a6a419675b632cc037bae360b52e91522e4403bca50fb6f0f944,2995
10_3_30/os_0_com_0_time_0_rcom_0/7.txt,10,3,30,L,7,86df76dcd32668c43742dbaace01e8e133f14919a9f277877dc73e1ed5fc9ddc,2989
10_3_30/os_0_com_0_time_0_rcom_0/8.txt,10,3,30,L,8,b56ff51e9cecf1b44a7e2727a135baa1b77b15f9179bbbecf76f66f02999a2f1,2986
10_3_30/os_0_com_0_time_0_rcom_0/9.txt,10,3,30,L,9,53aeae9778820697d276d5c40d7d3662c39ccb0c8bbd3af7054c65f13625f4a2,3003
10_3_30/os_1_com_0_time_0_rcom_0/0.txt,10,3,30,H,0,c9f2b5f9c8d435f69d53803a2de2b929bfa9c2eefe2342afa660edfa4cc844a4,2965
10_3_30/os_1_com_0_time_0_rcom_0/1.txt,10,3,30,H,1,5554d8a05a2b8713f678ffd28f23285e2933d26d17ead2271cdf12eaad04df11,2985
10_3_30/os_1_com_0_time_0_rcom_0/2.txt,10,3,30,H,2,ab295941a55d121158b6b8fc99ba2b934e024ad6656e6682ba7790742809144b,2970
10_3_30/os_1_com_0_time_0_rcom_0/3.txt,10,3,30,H,3,be0fb8cf556e8322f976291aa641c50c84a95a9d6ac11711f69299e484cc13b2,2985
10_3_30/os_1_com_0_time_0_rcom_0/4.txt,10,3,30,H,4,b96577cc1f554f0a2a8d3e03d1baa28961a17a857cf98e6f981aee8d2e681140,2970
10_3_30/os_1_com_0_time_0_rcom_0/5.txt,10,3,30,H,5,53d6660128675f05a7d68ab2b96d4dd46057d9f08dea80fa41fefb5e213a1cb6,3033
10_3_30/os_1_com_0_time_0_rcom_0/6.txt,10,3,30,H,6,8c0eb24792686c8b2ced4f35131c58e337fc08ff56a70ee0f55630ee56077a9a,2988
10_3_30/os_1_com_0_time_0_rcom_0/7.txt,10,3,30,H,7,7e9bc0a9b68495ab54fe82356da1f0bb9c0f985e5eaa3fc3c36e982439da957a,2991
10_3_30/os_1_com_0_time_0_rcom_0/8.txt,10,3,30,H,8,e35098ce0dd14d1ce7b22d888b2cdee2d24eb81e02e8056a46c0a0ac5164d13a,3005
10_3_30/os_1_com_0_time_0_rcom_0/9.txt,10,3,30,H,9,b7019279006ada728d35711b5eac624dd1da295339bd97cc52ae72658e1b3e1e,3001
10_3_50/os_0_com_0_time_0_rcom_0/0.txt,10,3,50,L,0,5d70b289a14cf74a066c5b8cb57c651b48fbf47ab62d6fd0d9a738abf54682b0,4752
10_3_50/os_0_com_0_time_0_rcom_0/1.txt,10,3,50,L,1,6140a50c5d7cfe20945247ee6d0e3c19ee249602ba84d0b38ab25902bc4ef3bb,4793
10_3_50/os_0_com_0_time_0_rcom_0/2.txt,10,3,50,L,2,86bdd0516a63f367a6780b2c341eaf1d6a8e627594dfd6330800ed41ecc6a3aa,4772
10_3_50/os_0_com_0_time_0_rcom_0/3.txt,10,3,50,L,3,607856fc1d09bcd1ebf9c0c9904d48972708888d4fb243b7ff608bf1704168dc,4782
10_3_50/os_0_com_0_time_0_rcom_0/4.txt,10,3,50,L,4,193e6c1b9318f2da8049fedac4535c02e9e8492623b66a84d11b19a00fe76362,4727
10_3_50/os_0_com_0_time_0_rcom_0/5.txt,10,3,50,L,5,94eca53ca45dab4e4d0a8ac39cc27f5b8fb5ef8e67aad0d8e02580e6fc97625c,4746
10_3_50/os_0_com_0_time_0_rcom_0/6.txt,10,3,50,L,6,97191a0d32bef016926a2034881068d8cb4e32ceda91e3e9209eb7f528012278,4720
10_3_50/os_0_com_0_time_0_rcom_0/7.txt,10,3,50,L,7,b58a580c8cfc521e97e1f63aabcb86940053ca19e6b9b6d73f0eb91f38654823,4770
10_3_50/os_0_com_0_time_0_rcom_0/8.txt,10,3,50,L,8,2f40f13981e345e592b5ee2aa5c1ce931c4fbc697c623899ce0c64ed82b1330a,4803
10_3_50/os_0_com_0_time_0_rcom_0/9.txt,10,3,50,L,9,3e46f6e8d973f0ce1b57168d801db8fdc890b2933aeecbf0228195e3e49c0548,4737
10_3_50/os_1_com_0_time_0_rcom_0/0.txt,10,3,50,H,0,706039eb63ff14b7de0da587f60cd8fa22b987a802c0324aaed36ad89b8cde77,4771
10_3_50/os_1_com_0_time_0_rcom_0/1.txt,10,3,50,H,1,d618ccfee3cc4902715162618425ded6a8b532835bdb91a5abc53f7e2ae63793,4806
10_3_50/os_1_com_0_time_0_rcom_0/2.txt,10,3,50,H,2,a239c160ce1efe8fbe04f3673fb8ded66d7174261eea2c96d50b01150ee481e4,4766
10_3_50/os_1_com_0_time_0_rcom_0/3.txt,10,3,50,H,3,d17060db6d8c292056864d5e026dd1ea9540ed62515cdc1a6aa64c386276a7f0,4792
10_3_50/os_1_com_0_time_0_rcom_0/4.txt,10,3,50,H,4,4a272aacc93be9aa3c102e06350dcab2a029bd47a583884b41633ef763194b9e,4745
10_3_50/os_1_com_0_time_0_rcom_0/5.txt,10,3,50,H,5,ad6d09b9a426bf2e0570165bac558f5fee521cb9e32922068d59173de2e21ad0,4750
10_3_50/os_1_com_0_time_0_rcom_0/6.txt,10,3,50,H,6,a6c9e9e7627618d283cebfc720c0a43594051fbf949af575b1645a7356c2ce8d,4717
10_3_50/os_1_com_0_time_0_rcom_0/7.txt,10,3,50,H,7,d6ad11bb0280de4625a51f75187a457ca65689ad8ffae8716f413850cd4c59f4,4774
10_3_50/os_1_com_0_time_0_rcom_0/8.txt,10,3,50,H,8,f60b38db0bbcd0c0b278c6db5d1cf581f26ed7971dc8e625717074a55f699a2c,4810
10_3_50/os_1_com_0_time_0_rcom_0/9.txt,10,3,50,H,9,9221a00ca4c8fea4354fdb4d36aee7606edff2f856d16216fb24e4a61f9a76f1,4773
10_3_100/os_0_com_0_time_0_rcom_0/0.txt,10,3,100,L,0,4013d424155713e1169926a2aabb8d26e5737112c5df5ad9b529126b732fc7ea,9340
10_3_100/os_0_com_0_time_0_rcom_0/1.txt,10,3,100,L,1,18754a8e72a42e53ee40dbf69d28ae7000593a08724412f063ee4c1d6c4f7420,9292
10_3_100/os_0_com_0_time_0_rcom_0/2.txt,10,3,100,L,2,726541f4b46d6dd5189a7be01918797e49f39470a34d0006a4abea4218c8eafd,9354
10_3_100/os_0_com_0_time_0_rcom_0/3.txt,10,3,100,L,3,c5344340245512fa707e8f9819a69889b726ecec13f5c7b8f1c092194c2fcc4f,9339
10_3_100/os_0_com_0_time_0_rcom_0/4.txt,10,3,100,L,4,9706f05ecc9c965f47cf636052019a25325569cf3a048e70279da7a0fc0d441c,9352
10_3_100/os_0_com_0_time_0_rcom_0/5.txt,10,3,100,L,5,94fd26dd95861de4845d4c41a17dcb37e07b3d847fea158c5146d9286ff41589,9353
10_3_100/os_0_com_0_time_0_rcom_0/6.txt,10,3,100,L,6,7ed71e1250fdfbb44dda7ed19d32c2fd1f63322c7fd983e75cbb77acb70545de,9348
10_3_100/os_0_com_0_time_0_rcom_0/7.txt,10,3,100,L,7,a1480ebd218af550f040a812caee4cb538e11a5f1116a45bb3f3d20eacb9eecc,9321
10_3_100/os_0_com_0_time_0_rcom_0/8.txt,10,3,100,L,8,15634877c943e03ea224ecd4a9e314b001a379cf404532b39bd6eacb89b26b93,9323
10_3_100/os_0_com_0_time_0_rcom_0/9.txt,10,3,100,L,9,07f7c187610b036bc7e4b71593e897a08f78c752175dcf1094c5f49140a6c951,9326
10_3_100/os_1_com_0_time_0_rcom_0/0.txt,10,3,100,H,0,1f8119801c994641c9f50671267ff39a8a59beef2fbaa51b14b7aca732390fae,9356
10_3_100/os_1_com_0_time_0_rcom_0/1.txt,10,3,100,H,1,7e414540b03c6a8ebcf73d0836c89ed4df342225227fd64d353e073ab7a4b5c4,9306
10_3_100/os_1_com_0_time_0_rcom_0/2.txt,10,3,100,H,2,25df25d730f9182559c5efe039ad9d5e14ccc85a3f81a8cc2f4d737736f299ba,9364
10_3_100/os_1_com_0_time_0_rcom_0/3.txt,10,3,100,H,3,ef9678bd9727c8b074b2f7c81ffb9977f994b85602c8eb5acb8ae98a096bde6b,9353
10_3_100/os_1_com_0_time_0_rcom_0/4.txt,10,3,100,H,4,7439f8e35998a2b4135d51735bb85edae2165f6ff8374636e3b8178e83ab0ac1,9370
10_3_100/os_1_com_0_time_0_rcom_0/5.txt,10,3,100,H,5,80e93bd0efe74bef0dcbc60e5d527767839f200580420158cfb7b26fa929344b,9365
10_3_100/os_1_com_0_time_0_rcom_0/6.txt,10,3,100,H,6,dedf8d599b94cec16e566b2637423753b244ee64c0813e03710dfab915ee7df5,9356
10_3_100/os_1_com_0_time_0_rcom_0/7.txt,10,3,100,H,7,56c4364e684f19ac621d1c6ce1592f5eb5d4cab54dd29a3e5cb7f3f2885ff518,9333
10_3_100/os_1_com_0_time_0_rcom_0/8.txt,10,3,100,H,8,8d9b37e42fddf5d5361ea6dbff789e39b8ea53a225960f950f19ad2f98074f03,9339
10_3_100/os_1_com_0_time_0_rcom_0/9.txt,10,3,100,H,9,810a75275b7eae9fc2f3e08c9b4b676175433ec043670bb3fc25a95aaac14333,9336
10_3_500/os_0_com_0_time_0_rcom_0/0.txt,10,3,500,L,0,a6a7f69a1ac4aac8c974ad578d4ba5de45cdaf09adcacd5198357e1f7ee8d1af,45448
10_3_500/os_0_com_0_time_0_rcom_0/1.txt,10,3,500,L,1,40f662d5c6be4d9136b0f8c08dbf597292f88ace8201f8e59fb939e44383d629,45286
10_3_500/os_0_com_0_time_0_rcom_0/2.txt,10,3,500,L,2,9e824efa7abccfa1299fc117764a5ada193170c06670bfcfc770ee8cdfcbffb1,45466
10_3_500/os_0_com_0_time_0_rcom_0/3.txt,10,3,500,L,3,33565aba2f906a6eade835319090ee614934128060b05e0cf37a0df33568f4a9,45401
10_3_500/os_0_com_0_time_0_rcom_0/4.txt,10,3,500,L,4,518b772d43257095b7222e386b434c7485762752ce8aadc3dc6466a78e3520b9,45507
10_3_500/os_0_com_0_time_0_rcom_0/5.txt,10,3,500,L,5,87a571be671f63bbe6b73fdb681e31c0b0d9e700ba0bf62e87d7c5abba9e112d,45501
10_3_500/os_0_com_0_time_0_rcom_0/6.txt,10,3,500,L,6,32602aad73e9d3afc37f75d3804bc6c6b3a0071207f85a836d356b342969c2bf,45436
10_3_500/os_0_com_0_time_0_rcom_0/7.txt,10,3,500,L,7,bfa6e9109404c911eb69c5917685a8ce772b3a918d57bf523db7e52353f8d972,45405
10_3_500/os_0_com_0_time_0_rcom_0/8.txt,10,3,500,L,8,608dac26d197cdd24f70a015764b939dfdc3484bb58e7ad33557e95413834bf1,45348
10_3_500/os_0_com_0_time_0_rcom_0/9.txt,10,3,500,L,9,bfc6f1e0ca9b03974b61eb3fd2df53e26ecf71c6c05cc2a1ba7e5ce2f6d00ce0,45403
10_3_500/os_1_com_0_time_0_rcom_0/0.txt,10,3,500,H,0,a30a2d920742cf74f971bafa55803def1366ef77220d4f9067d8d32a7b54b37f,45464
10_3_500/os_1_com_0_time_0_rcom_0/1.txt,10,3,500,H,1,5f0c2b0092542ad670bfc6498878ed7d4ce9c77180b73198bbcc1653ef496228,45300
10_3_500/os_1_com_0_time_0_rcom_0/2.txt,10,3,500,H,2,76bce0a2638707190dd36f5ca9656a4095135fd30e096d7317ebadaabdc56f4e,45476
10_3_500/os_1_com_0_time_0_rcom_0/3.txt,10,3,500,H,3,f71c440018ad3ed6a87f747721b1f7611fabe46e7c6dbb5d77b103bd2d452280,45415
10_3_500/os_1_com_0_time_0_rcom_0/4.txt,10,3,500,H,4,ea9812c173a342d43a90c01dc8adb6cf4c3bf7b89247fdeb59c6fd3d646bb92c,45525
10_3_500/os_1_com_0_time_0_rcom_0/5.txt,10,3,500,H,5,ba2720023a336e0169c408f5be8c1848a99655847ddc6e12c3e1c1b80d6be4a3,45513
10_3_500/os_1_com_0_time_0_rcom_0/6.txt,10,3,500,H,6,cccd75ae6eb0c8eb908ba40f299b62014a1e652fd4cb2abdd8cfb8e9dabd8d28,45444
10_3_500/os_1_com_0_time_0_rcom_0/7.txt,10,3,500,H,7,a6a04b4e5e210c7db370fb03bd69855261fef6458a738e73444b25db1d36c488,45417
10_3_500/os_1_com_0_time_0_rcom_0/8.txt,10,3,500,H,8,9869ea7b9d0455de39d0176331b3d1c4809251912cdba66b132958c1e45cbb95,45364
10_3_500/os_1_com_0_time_0_rcom_0/9.txt,10,3,500,H,9,1e3684b5912330ea175d69acdf696a4ed7ea93d0596241feaa55a19ed02122fc,45413
10_3_1000/os_0_com_0_time_0_rcom_0/0.txt,10,3,1000,L,0,ca7f86b5eb6e179b95506a542216574253795108ac104b66004c1569868cfb14,90535
10_3_1000/os_0_com_0_time_0_rcom_0/1.txt,10,3,1000,L,1,c27e098a9b983c8a227626521a82fc76e4f9007ec027063171551305de56279c,90262
10_3_1000/os_0_com_0_time_0_rcom_0/2.txt,10,3,1000,L,2,d9c85982f3a5a73101789b5259a6f56d585354ec8b5627a7ea0960148bfee1a7,90476
10_3_1000/os_0_com_0_time_0_rcom_0/3.txt,10,3,1000,L,3,57fec39da39c1f1d1c538e3b949951341499697370292f0218bd82aff79816f1,90440
10_3_1000/os_0_com_0_time_0_rcom_0/4.txt,10,3,1000,L,4,0e46b3a6318cfc5cab4b72c0bc675a20448147f012fdcfde7d3bf64aa18020fd,90677
10_3_1000/os_0_com_0_time_0_rcom_0/5.txt,10,3,1000,L,5,c66220a27dae6484fe6fd65e20c9b3a18a3580058fd014f2b6e1286816e5edaf,90636
10_3_1000/os_0_com_0_time_0_rcom_0/6.txt,10,3,1000,L,6,2e15335468bc9b0e1c07f798452e9b6e145c73b2bbe2055cf74e5f0ea33e8cf5,90609
10_3_1000/os_0_com_0_time_0_rcom_0/7.txt,10,3,1000,L,7,64517b2c14fb1d2e659da08c60029ed35690c047cff5d43e6d33453d0d430bce,90385
10_3_1000/os_0_com_0_time_0_rcom_0/8.txt,10,3,1000,L,8,25deb59ac1e03f475378e15597668212639bcca11394297a173e6ec307f35811,90313
10_3_1000/os_0_com_0_time_0_rcom_0/9.txt,10,3,1000,L,9,c81fd4da89b2de119ae3d62b2ecf37650268e00f52eb786d91a202b4f709064d,90398
10_3_1000/os_1_com_0_time_0_rcom_0/0.txt,10,3,1000,H,0,904916952f421c16945fb655e6f7e56ac7902caf38cd029c2125eee8b477c70b,90551
10_3_1000/os_1_com_0_time_0_rcom_0/1.txt,10,3,1000,H,1,f51d324c4dec0ea76b4bc15c43a5a8530df66785e449893aab8dd0c8936a3c1f,90276
10_3_1000/os_1_com_0_time_0_rcom_0/2.txt,10,3,1000,H,2,16afe61201f0634f82d970fba60e14ee56814bb09d65bb7cf3afb229bcf902c8,90486
10_3_1000/os_1_com_0_time_0_rcom_0/3.txt,10,3,1000,H,3,efd78f7a577cee48803ac415aaa82a3cedbac96b13d8108d507dec04439d7b52,90454
10_3_1000/os_1_com_0_time_0_rcom_0/4.txt,10,3,1000,H,4,4bf0b64910ff7491e4fde32675306a7e3318af0c194d21e65d57e17c45b724e9,90695
10_3_1000/os_1_com_0_time_0_rcom_0/5.txt,10,3,1000,H,5,f49b1249ded66d6a6229bc00872a216bc2a7ffa329ef396841bf1a6c84a97636,90648
10_3_1000/os_1_com_0_time_0_rcom_0/6.txt,10,3,1000,H,6,45149adf9087670d13013fd7c97998a908b3e3e0ffea81f0e14ca99e852e94c1,90617
10_3_1000/os_1_com_0_time_0_rcom_0/7.txt,10,3,1000,H,7,6154694f2545011e23d370dfb945371071b2191daf1c711d31510356bfbb2b70,90397
10_3_1000/os_1_com_0_time_0_rcom_0/8.txt,10,3,1000,H,8,8fb3bae42641ff614c5cf222dbab55f64e96d3043a6f3dca017680d865ed36f1,90329
10_3_1000/os_1_com_0_time_0_rcom_0/9.txt,10,3,1000,H,9,d5674ae96f059ee3bbe4ac8176e64b7c9a568953679aae38dbe15d881300da05,90408
10_4_10/os_0_com_0_time_0_rcom_0/0.txt,10,4,10,L,0,f32fb076db19ba7c68ba9cf3cb452b89166b3573e465c7ce242607b63f8a4a01,1531
10_4_10/os_0_com_0_time_0_rcom_0/1.txt,10,4,10,L,1,7e9e9305c31f657a554564721eb70df338e9668ad2c1300e134a7a0cf871514e,1514
10_4_10/os_0_com_0_time_0_rcom_0/2.txt,10,4,10,L,2,39763210839ff6c25571b7b0e76c6d5ac6bb007419294c1a4a7de29d3adad50c,1531
10_4_10/os_0_com_0_time_0_rcom_0/3.txt,10,4,10,L,3,b2174b56ccd660fd8d90eb719384e5c0d551e511da8603ae789fbab9eb66c2b3,1528
10_4_10/os_0_com_0_time_0_rcom_0/4.txt,10,4,10,L,4,da552c65ee36997827bd0b18b3f27b6a268776eda6a993365da4c4c0d05347c6,1527
10_4_10/os_0_com_0_time_0_rcom_0/5.txt,10,4,10,L,5,4afd11cfdb549c177cfe441e89c212a213fe893e4a29e4c0dbc687c8f87918f5,1521
10_4_10/os_0_com_0_time_0_rcom_0/6.txt,10,4,10,L,6,a982b5ea059035e07fae27de9126e6b94d8a2664f3339d3e26dcfea43a6d7da8,1513
10_4_10/os_0_com_0_time_0_rcom_0/7.txt,10,4,10,L,7,8ba33762514f4a2b29525ac10da6df5bd62f35900577d18829788e293b4b344e,1536
10_4_10/os_0_com_0_time_0_rcom_0/8.txt,10,4,10,L,8,9d676ce41fcc96dc2d001491176984006e933d1e11ec4adb08608ad2dfe4144f,1515
10_4_10/os_0_com_0_time_0_rcom_0/9.txt,10,4,10,L,9,28906018345fc1e67c71cac6e85314ed64c0c1c1646056e2561bd8a0d6ed2f2d,1525
10_4_10/os_1_com_0_time_0_rcom_0/0.txt,10,4,10,H,0,21fd7769d8347f741ddc1f47bd31eb9ae39ab18b6d0c7fb271633dbc7b1ca181,1543
10_4_10/os_1_com_0_time_0_rcom_0/1.txt,10,4,10,H,1,dad85fe714b92ff0edbc7e04a68c83bfde23e92b7e5ca1b6a15974a07ba1fe2d,1531
10_4_10/os_1_com_0_time_0_rcom_0/2.txt,10,4,10,H,2,38e4e8be42476a94c6b13732d43aee970b0629cbd24c75aaba04a49928a47d6c,1539
10_4_10/os_1_com_0_time_0_rcom_0/3.txt,10,4,10,H,3,4a3b7902f9302a28dde85eb670b5d79674ef52e15539bb3183b36d9d77b7355b,1544
10_4_10/os_1_com_0_time_0_rcom_0/4.txt,10,4,10,H,4,b982c9a947f15336a030f62067c6321f4482951421cb0319a51e9d5cb457a0a2,1531
10_4_10/os_1_com_0_time_0_rcom_0/5.txt,10,4,10,H,5,4ffe2e81990466dd51463b2ba76b6748a8be722f23a935e7fb06a90a57438ca3,1536
10_4_10/os_1_com_0_time_0_rcom_0/6.txt,10,4,10,H,6,ab276fa83d1407695c005f82a99fd22d87cd26e316ecad4e6eaa4a92325c1b3e,1538
10_4_10/os_1_com_0_time_0_rcom_0/7.txt,10,4,10,H,7,1a1c2a57a29be8b20d2f3ee4d3de65ec36acc6a246e7ebea511e7970f3c6dc57,1546
10_4_10/os_1_com_0_time_0_rcom_0/8.txt,10,4,10,H,8,0ab493439a690eca934dd1936fea4e9ea284739ac22eafa00c1f317827eac47e,1518
10_4_10/os_1_com_0_time_0_rcom_0/9.txt,10,4,10,H,9,cafc780038a24478013c360c39e611a6aedf43e37bc425cbaff49be5caa8798d,1529
10_4_30/os_0_com_0_time_0_rcom_0/0.txt,10,4,30,L,0,c87f0c421598924f9af921d5fa389b2c53dd3439f849f927a68897110f5cefbb,3877
10_4_30/os_0_com_0_time_0_rcom_0/1.txt,10,4,30,L,1,3acdd486285eee28790864e722b2068dfa04d1e1a12fbed65e7df6c798bcd2b4,3866
10_4_30/os_0_com_0_time_0_rcom_0/2.txt,10,4,30,L,2,56b6366e11bbfc09a57468cb9d619d222fc9bdd93b1aade816e7b053cfe4ff1b,3868
10_4_30/os_0_com_0_time_0_rcom_0/3.txt,10,4,30,L,3,ac992baf2d7c7e896660f773cd4c962dc2bf4d84ac12f80cbe5cf9224bf4dff4,3894
10_4_30/os_0_com_0_time_0_rcom_0/4.txt,10,4,30,L,4,291bb842a380b04c94062e9dd9eb203fe0ffd53b5e6731216dcc40878d04664b,3925
10_4_30/os_0_com_0_time_0_rcom_0/5.txt,10,4,30,L,5,eb016fa9c5b93764c0b47abf12fa7039bf86e8f55bae34966005b4aeea497653,3857
10_4_30/os_0_com_0_time_0_rcom_0/6.txt,10,4,30,L,6,5baa22f827b873ec3d09ae7edb081ebfeccffabceb0722a74f1fa3e8c94ee49a,3910
10_4_30/os_0_com_0_time_0_rcom_0/7.txt,10,4,30,L,7,65c7a4246b4a895cefeae6583e2eae2913f640c625e8bde656ba230134dcbdaa,3891
10_4_30/os_0_com_0_time_0_rcom_0/8.txt,10,4,30,L,8,b235130c8bf1bba596d248e4c65b2db542176a3ff60cf752260a3f2f9aa7e6c8,3909
10_4_30/os_0_com_0_time_0_rcom_0/9.txt,10,4,30,L,9,5c8714059f1fb78346bbf5cc63a80e7bd4e50471ef97280e0b1b5854b0e10823,3882
10_4_30/os_1_com_0_time_0_rcom_0/0.txt,10,4,30,H,0,d5eeca3b544d3fe14308e0838daa2efcdfb964dd149b008de1289c5f4cab14f4,3871
10_4_30/os_1_com_0_time_0_rcom_0/1.txt,10,4,30,H,1,7133f583864932f3d4e71dd0bf9ddfa21a7d955ed5ef07d2a0f120429ad2bede,3856
10_4_30/os_1_com_0_time_0_rcom_0/2.txt,10,4,30,H,2,fa09fe53414b9bf46bcf369f67d0b327cc7a7bf9fc385e2bd443ec423c5e2988,3875
10_4_30/os_1_com_0_time_0_rcom_0/3.txt,10,4,30,H,3,8099ab115821e57b49bd282143d5b117892e083657d216c8207cdcc3b49b1809,3906
10_4_30/os_1_com_0_time_0_rcom_0/4.txt,10,4,30,H,4,bed6a0d46a785ae52dfc6a6d430810955d25c89b0498f5261902f2122b038c68,3944
10_4_30/os_1_com_0_time_0_rcom_0/5.txt,10,4,30,H,5,16351429adc617e8b2eaa3536f7abb9331be82e244f14a3811e3a17f6e028c80,3878
10_4_30/os_1_com_0_time_0_rcom_0/6.txt,10,4,30,H,6,3eb93dbeb508f91529e23ca4bdf334d4b217a7feda39c41cfb74bf6367d1ed68,3916
10_4_30/os_1_com_0_time_0_rcom_0/7.txt,10,4,30,H,7,0a14d660ca21cd9fb33e1138c00b78b7d17558e6fc40a9f209614dbfeb52b9b9,3893
10_4_30/os_1_com_0_time_0_rcom_0/8.txt,10,4,30,H,8,ae61fafd61271ef4b7976d55e8dcc0398faceff3593963523412f1b5357f3737,3925
10_4_30/os_1_com_0_time_0_rcom_0/9.txt,10,4,30,H,9,df08fd8e1c3c4b5caad4a5560409d73a2ef880697e6d88ac860644705568d904,3876
10_4_50/os_0_com_0_time_0_rcom_0/0.txt,10,4,50,L,0,84e8109e72f015301cb46a09c524dba749eb699df5572d2840a3873cd78b0227,6271
10_4_50/os_0_com_0_time_0_rcom_0/1.txt,10,4,50,L,1,f080a68bd7f9a33f319f4aa76b67eb291a69f00278180168a0921eb3e3493fb8,6306
10_4_50/os_0_com_0_time_0_rcom_0/2.txt,10,4,50,L,2,227ed394fd1b64655357cf1b5dd21627820c6e5112fcdda8df476c43fc8a52cf,6266
10_4_50/os_0_com_0_time_0_rcom_0/3.txt,10,4,50,L,3,50b1dfbbad6a56cdda2d0d590990657cf0723b45d2992b292b5233d47a3fda38,6229
10_4_50/os_0_com_0_time_0_rcom_0/4.txt,10,4,50,L,4,8c1175d354ff74b4ec6eb8fab1f74b40051920cf111959c62d461f7eb3b17c1e,6229
10_4_50/os_0_com_0_time_0_rcom_0/5.txt,10,4,50,L,5,712610a9f9076f86e1ba001388c7e4701cb075df4d89baaeb954fb5e865e9771,6196
10_4_50/os_0_com_0_time_0_rcom_0/6.txt,10,4,50,L,6,2868e0524d7a638531e8ad977e7e148903911c49e05fbfa0f42d6007141fb07c,6288
10_4_50/os_0_com_0_time_0_rcom_0/7.txt,10,4,50,L,7,ec0feee86e822cd9fd3e025e750afae29d030ba86f90bec280b927361e2067a9,6286
10_4_50/os_0_com_0_time_0_rcom_0/8.txt,10,4,50,L,8,ce1101c330570a8199dfd9fce952ddd9af2df42a3142261856cb4ab4ad553333,6212
10_4_50/os_0_com_0_time_0_rcom_0/9.txt,10,4,50,L,9,3821dce2055e875ccf26b14705392addfc129afbcf15993b05ddc999beccb676,6248
10_4_50/os_1_com_0_time_0_rcom_0/0.txt,10,4,50,H,0,1f33b762189c664b6c68d2687ff00c731fb6c28c900dcbff54935f4d82202de3,6268
10_4_50/os_1_com_0_time_0_rcom_0/1.txt,10,4,50,H,1,a4ff1e863dae65bf8cdf40342550d0ba67b0dce21543cee9a40af696d25f5cc0,6314
10_4_50/os_1_com_0_time_0_rcom_0/2.txt,10,4,50,H,2,8e8b8a8e0fa3ae779147013a83773694ca6a998e889f1ae1c9060cf3898684e7,6268
10_4_50/os_1_com_0_time_0_rcom_0/3.txt,10,4,50,H,3,815e7fef413fc3cb472132300f68154bce6f8d8bf7748a17c2f84a95cb035a2d,6258
10_4_50/os_1_com_0_time_0_rcom_0/4.txt,10,4,50,H,4,263073946b3ddd676d47d4d5c615082ac05db7f9edbb2d685d1a1ec8a1adf9dc,6252
10_4_50/os_1_com_0_time_0_rcom_0/5.txt,10,4,50,H,5,edf40e5cf7312e5ff04d6a094e2715f206d7b7cf33220d01e8baad4115cf2e70,6230
10_4_50/os_1_com_0_time_0_rcom_0/6.txt,10,4,50,H,6,2584e3d5d1da25560b12f027ed68d0873b639b9238e32295cc9260f9effac0d6,6276
10_4_50/os_1_com_0_time_0_rcom_0/7.txt,10,4,50,H,7,91dd6779b474fcfd727472f3a89d8945f6bf89e5794305cdce59388e6ef60f1f,6276
10_4_50/os_1_com_0_time_0_rcom_0/8.txt,10,4,50,H,8,5f03a51998f01fc567c895c9301f5f66f551a348704f557f96240a35763312e4,6214
10_4_50/os_1_com_0_time_0_rcom_0/9.txt,10,4,50,H,9,6c09b1026881a13aa02838ecfb663d9cb702c8574dd9336cbfc43b326eaa0e24,6257
10_4_100/os_0_com_0_time_0_rcom_0/0.txt,10,4,100,L,0,717a95d8d983f19a5fe6405e7251174ab4e30056cb92c790049bb827bbd7ef2a,12330
10_4_100/os_0_com_0_time_0_rcom_0/1.txt,10,4,100,L,1,4c4bf6c1c054b27206e7cdf544c40539a2f51620dd9e8633bb23878eb51e63d1,12301
10_4_100/os_0_com_0_time_0_rcom_0/2.txt,10,4,100,L,2,e3d5ae9f1cf0865a224a7072f2b2ec37a39991537f73acd52a72c420175e7838,12322
10_4_100/os_0_com_0_time_0_rcom_0/3.txt,10,4,100,L,3,5324f0927bd22c68152e04e5b04640261c044f170616accb8255b8180fd69ec6,12325
10_4_100/os_0_com_0_time_0_rcom_0/4.txt,10,4,100,L,4,7cede4475eba1e18efd894fe3394a9d281c83ed7803233aca88f364897d6bbdf,12334
10_4_100/os_0_com_0_time_0_rcom_0/5.txt,10,4,100,L,5,bf0876d46c89fdf8779ed3d76d6753ef5f609f8b2b4ae95de362e3a28799e76b,12338
10_4_100/os_0_com_0_time_0_rcom_0/6.txt,10,4,100,L,6,bbaf01466807c5e3d49eaf8f40f673c5bee00ef118e4c784165494873b1d91ea,12328
10_4_100/os_0_com_0_time_0_rcom_0/7.txt,10,4,100,L,7,589fdf218eda88eb1baecc79544652ebae872c3d32389cc669a1f48e632b0d96,12338
10_4_100/os_0_com_0_time_0_rcom_0/8.txt,10,4,100,L,8,873713f692e4a81b3c9743d1e44b6c2648d955082f604709443644b7d3a153ca,12329
10_4_100/os_0_com_0_time_0_rcom_0/9.txt,10,4,100,L,9,c5ac755205e718296dc62c994b501f75c7a1711a372c84749c6f6002e65c8ecb,12352
10_4_100/os_1_com_0_time_0_rcom_0/0.txt,10,4,100,H,0,0f8346fdff687dda489de7c95f860581a411763623c7188905436d93f735f7b9,12346
10_4_100/os_1_com_0_time_0_rcom_0/1.txt,10,4,100,H,1,5ee103ce406b41bd9481e4beb43ee53c3c1c3daf1a0842e81a9e8560844d2a2d,12315
10_4_100/os_1_com_0_time_0_rcom_0/2.txt,10,4,100,H,2,6ee9c17e415e5cc5fb6d79cd3a2c34b6cfbba4cd7e8c9bff07e58e0e5196a215,12332
10_4_100/os_1_com_0_time_0_rcom_0/3.txt,10,4,100,H,3,3f355dacf1531f80513a038b166755f5e3453891e298baac645cae13d4f78dbe,12339
10_4_100/os_1_com_0_time_0_rcom_0/4.txt,10,4,100,H,4,b8def5fefa2365ca02a744d8bdc8b92128e11c79c1c978defb8693c0eb256376,12352
10_4_100/os_1_com_0_time_0_rcom_0/5.txt,10,4,100,H,5,c9cfe32d4b9462e999261f7aa7914e9d74fdfff7012626ffe0d71dd64deb5981,12350
10_4_100/os_1_com_0_time_0_rcom_0/6.txt,10,4,100,H,6,ee0b857d6a287f9ee1f5f37dfb44333fae862234a4df90ed6ddbaedb730ea2fd,12336
10_4_100/os_1_com_0_time_0_rcom_0/7.txt,10,4,100,H,7,a8c2deafe71e6cdc01803d6892fd34a34ecc5c14634cc04664e46d466424eb8c,12350
10_4_100/os_1_com_0_time_0_rcom_0/8.txt,10,4,100,H,8,f6f37563e607afc234a0f15df6fc8f4392086ce488ca2f5337433add590f1742,12345
10_4_100/os_1_com_0_time_0_rcom_0/9.txt,10,4,100,H,9,6d95106d1809bfb92f8deb97e08d9c489611560c5df877e07bd52623092a704e,12362
10_4_500/os_0_com_0_time_0_rcom_0/0.txt,10,4,500,L,0,76ff129ef959e0b601d93f23a8d05b197f7f8759a596978a2117713e5ad97450,60302
10_4_500/os_0_com_0_time_0_rcom_0/1.txt,10,4,500,L,1,a6bff8e5db291751159597a49f36734d0062eda7028096fef9a38cc2486fda43,60206
10_4_500/os_0_com_0_time_0_rcom_0/2.txt,10,4,500,L,2,a3e0c9231791740b8a06d3fd00a89a9a06b9a6d8a78d1158d27af0386b7830fb,60255
10_4_500/os_0_com_0_time_0_rcom_0/3.txt,10,4,500,L,3,5b39be852f874511e5348e241fcfd8200c715f1c57b83682c5a00040f290bd23,60353
10_4_500/os_0_com_0_time_0_rcom_0/4.txt,10,4,500,L,4,1412308e20adf517b1b869c35dbf0933dc434a3fce49687770e11965682d516c,60238
10_4_500/os_0_com_0_time_0_rcom_0/5.txt,10,4,500,L,5,5b8c26320252afc63b3d638e1e5692807a80df9d51f7364ba431a2c8646e363a,60256
10_4_500/os_0_com_0_time_0_rcom_0/6.txt,10,4,500,L,6,ec099bf2a790de005e6c56638207461b4b0444c1cff466bdf0fe771080e31e9b,60212
10_4_500/os_0_com_0_time_0_rcom_0/7.txt,10,4,500,L,7,30861d06134b89f661d22bd12f365f99860d41432d47852aa978185705ab489c,60186
10_4_500/os_0_com_0_time_0_rcom_0/8.txt,10,4,500,L,8,6438006e3007e646dad4bbc3bcddab003c18b4b87ef14c1de92e12518850522a,60256
10_4_500/os_0_com_0_time_0_rcom_0/9.txt,10,4,500,L,9,20dc4c52f9b302f904a7ca5c703649a58aebb9ffa9aef589f7763b776414ca0c,60323
10_4_500/os_1_com_0_time_0_rcom_0/0.txt,10,4,500,H,0,cab499cdbb6c47bcca323a94c382f4548ea0d649ba84554de9c7e161e1d452f2,60318
10_4_500/os_1_com_0_time_0_rcom_0/1.txt,10,4,500,H,1,0585408eed165ab5e4be1f395edc90d8e880e7064cad04d969173af568a0f073,60220
10_4_500/os_1_com_0_time_0_rcom_0/2.txt,10,4,500,H,2,81f95d1556e20c2ff71a63260c6ca7814af4cb1c1beaf52d6891df0d0fd0ea3f,60265
10_4_500/os_1_com_0_time_0_rcom_0/3.txt,10,4,500,H,3,a8357b21b14e964942c50790d2b4a9755483291b65b30d0aee2646d2d9fe8e74,60367
10_4_500/os_1_com_0_time_0_rcom_0/4.txt,10,4,500,H,4,bb11b26927ec0a96dc821e8a426ff689244400a4a0261af6a4dbff65e380e0ce,60256
10_4_500/os_1_com_0_time_0_rcom_0/5.txt,10,4,500,H,5,bb335ac8d797ef995dd1528234006f40c7ff5799a4b7e29156e4ee7a9b1c67cc,60268
10_4_500/os_1_com_0_time_0_rcom_0/6.txt,10,4,500,H,6,5d8d2f0ea8fe231fee510b28da7f80553652828054c4add15406f1d9dd3a14ee,60220
10_4_500/os_1_com_0_time_0_rcom_0/7.txt,10,4,500,H,7,361c09304c0a1430168ccb22322e337cb6ae50b4ce5980c8c473c7e271387050,60198
10_4_500/os_1_com_0_time_0_rcom_0/8.txt,10,4,500,H,8,a558239ff7d3a75219fa87d7a187ee086213adbf72fe2995a3b4efa16522d0ff,60272
10_4_500/os_1_com_0_time_0_rcom_0/9.txt,10,4,500,H,9,64ec7587a95e87f688459415489ac0a2cf7584c6191fecc48c7518dcef06d72a,60333
10_4_1000/os_0_com_0_time_0_rcom_0/0.txt,10,4,1000,L,0,39932e549a5fdafe9aaed2f6ec63a6f1e68fd0553adac798f4677e3ada445ddd,120226
10_4_1000/os_0_com_0_time_0_rcom_0/1.txt,10,4,1000,L,1,3aa669cc287beae4ca6c38b56be3e5e7a7b6a69057344c03d8f61e0766098459,120126
10_4_1000/os_0_com_0_time_0_rcom_0/2.txt,10,4,1000,L,2,2108f11e25e4cc66dc5fdd4fb46b2ef57ea3110997c984f678f1f00996557428,120183
10_4_1000/os_0_com_0_time_0_rcom_0/3.txt,10,4,1000,L,3,0308c14265bb2a477b6e0347ddb86073ecdbef8647d6e9db2f9687fbbb0c763b,120216
10_4_1000/os_0_com_0_time_0_rcom_0/4.txt,10,4,1000,L,4,dbab662d5494518357c778c60970a17f68ce6130b1d7e6cdfb780e7995c4bd2d,120113
10_4_1000/os_0_com_0_time_0_rcom_0/5.txt,10,4,1000,L,5,8094a19d939a22777ca503f51004e1b1a20bdae0654f6bf0fa757403bc4f4f30,120188
10_4_1000/os_0_com_0_time_0_rcom_0/6.txt,10,4,1000,L,6,96631c8b74fe24ea9d2041783e6fedee34eeddb6af9474ec007be236f0725534,120127
10_4_1000/os_0_com_0_time_0_rcom_0/7.txt,10,4,1000,L,7,767a655388d44825bdcf9e139322ffad10132b32e8fa4b1b1934b51fb2e9798b,120097
10_4_1000/os_0_com_0_time_0_rcom_0/8.txt,10,4,1000,L,8,5ef4d7a698c1deb790d0a5480380279a07b8da7882871442f0d5582818314e5b,120134
10_4_1000/os_0_com_0_time_0_rcom_0/9.txt,10,4,1000,L,9,884ec61741b3027126a0aa201a688e8472b74eab02b50f6b5236f0df33603f76,120314
10_4_1000/os_1_com_0_time_0_rcom_0/0.txt,10,4,1000,H,0,e6caa8a14e9a88b6d671d53cacb597fe944abf7ed85ce35391e7f26bc0cea849,120242
10_4_1000/os_1_com_0_time_0_rcom_0/1.txt,10,4,1000,H,1,bc06bdf178d8a0ff2a3ab699fdc5207c7b41a1a1894bb05485b9f206b4300de5,120140
10_4_1000/os_1_com_0_time_0_rcom_0/2.txt,10,4,1000,H,2,58c49f4e2dc88e8dbd79a45547def3e3c3c4ebd8c250f2d10bc5ce83646d6809,120193
10_4_1000/os_1_com_0_time_0_rcom_0/3.txt,10,4,1000,H,3,b0038454664adb9843b5a8e9693be2bf06dcbffe70f0d0ebd3d7713152caa798,120230
10_4_1000/os_1_com_0_time_0_rcom_0/4.txt,10,4,1000,H,4,b4c54244b414d4e1b785fda88454bf49ae315fb8488f0017ebfd47380afc211d,120131
10_4_1000/os_1_com_0_time_0_rcom_0/5.txt,10,4,1000,H,5,3e47b98768435275d0fb669de0162b5f4a56bbc1416669e2315e5cedcaf5b451,120200
10_4_1000/os_1_com_0_time_0_rcom_0/6.txt,10,4,1000,H,6,4bab0d94223532d67f9e54fb13f19a892fcc626c3c2b17d031b8593ded33a12c,120135
10_4_1000/os_1_com_0_time_0_rcom_0/7.txt,10,4,1000,H,7,5fb000e6f482b8c9ef14f09323afcde2fc918eed698ac53de626ed189ee3e250,120109
10_4_1000/os_1_com_0_time_0_rcom_0/8.txt,10,4,1000,H,8,f701304d4f1068dd0cc973b367ccfcef2c5a1ec8f1826baa74c7195661f942e3,120150
10_4_1000/os_1_com_0_time_0_rcom_0/9.txt,10,4,1000,H,9,78d70ec5579d9e59268a757b3505e5595c9f350f854e946e372b8aeb321ba268,120324
15_2_10/os_0_com_0_time_0_rcom_0/0.txt,15,2,10,L,0,a9be22aaf75e04bc79fc12b8c4cab8337baa961e5c0f5f8f524d702972b4a8a9,1267
15_2_10/os_0_com_0_time_0_rcom_0/1.txt,15,2,10,L,1,196b8ebc11677fed3ffe3269bc0e00f28800fe53137bc58241ed4992c4daa5e5,1260
15_2_10/os_0_com_0_time_0_rcom_0/2.txt,15,2,10,L,2,eed9ce43229bfbc127f94d3d254a4769b4713a7a64f91d6578832862f56846a9,1267
15_2_10/os_0_com_0_time_0_rcom_0/3.txt,15,2,10,L,3,73333b92265fd7571c86b53a6dbb2611a82580db907742b376567bce9f03c0b6,1266
15_2_10/os_0_com_0_time_0_rcom_0/4.txt,15,2,10,L,4,45e96029c8e6c8c16a47c971a731446082ccc29b7331373bf6bdff561e25a340,1265
15_2_10/os_0_com_0_time_0_rcom_0/5.txt,15,2,10,L,5,a4a84b9035f6d8349ad7f808a13f10acfc89785a2f8f61533dc3a36302099cd1,1280
15_2_10/os_0_com_0_time_0_rcom_0/6.txt,15,2,10,L,6,c3d7e1dcf66e9d129dd0cbd454b480bfdb62af35fc44741e2841bf356b25a69b,1257
15_2_10/os_0_com_0_time_0_rcom_0/7.txt,15,2,10,L,7,1b41fb092ad41934d07a4785c2cd13edc5df5a79c2ca49cd58b70b69c11e918b,1252
15_2_10/os_0_com_0_time_0_rcom_0/8.txt,15,2,10,L,8,be976edf6d81d64e7bcbbdefb516e66bd388c984c3c0980fdb4537c26825765d,1266
15_2_10/os_0_com_0_time_0_rcom_0/9.txt,15,2,10,L,9,36487b8ff2ba84d955a897601a80cb6a64a11d933727dfb9792ba2a9723d8889,1274
15_2_10/os_1_com_0_time_0_rcom_0/0.txt,15,2,10,H,0,4e54cdc57d02500fb56197308466caa7a5d9a018018ab3e47f230dcf8f726dc6,1282
15_2_10/os_1_com_0_time_0_rcom_0/1.txt,15,2,10,H,1,c3195482f485e85d047cc83b0bf225866196c561f99c43e83f04ff0d5a709c21,1278
15_2_10/os_1_com_0_time_0_rcom_0/2.txt,15,2,10,H,2,2c01e4bb6f54ec27c43e46289aca919ffc25b2f0b603354edd4eff3a86d52a6f,1272
15_2_10/os_1_com_0_time_0_rcom_0/3.txt,15,2,10,H,3,ad26cea31120786d4bd75b5abb08a8d1d37042606c508939df5e2d0ab970265b,1270
15_2_10/os_1_com_0_time_0_rcom_0/4.txt,15,2,10,H,4,217423cfe31e2a637095fcd8b4f336b8888686a488ae9a2a30792680d74666e0,1285
15_2_10/os_1_com_0_time_0_rcom_0/5.txt,15,2,10,H,5,1def2b1674f6ea0603add482c3ca73c72718dc84f4d0dca85fa620efadc82dc0,1283
15_2_10/os_1_com_0_time_0_rcom_0/6.txt,15,2,10,H,6,2e422ff06029068577b64def38998d52d59338206d1189013429008dbe5525da,1263
15_2_10/os_1_com_0_time_0_rcom_0/7.txt,15,2,10,H,7,571042347e9c3f54cf100cadc7e2d2579caa89576a295b610f8a5322073b979e,1268
15_2_10/os_1_com_0_time_0_rcom_0/8.txt,15,2,10,H,8,663f9df64f34e60258957a6f0b855e3114f7db88acffa44d9ecab9f9f04297e5,1276
15_2_10/os_1_com_0_time_0_rcom_0/9.txt,15,2,10,H,9,e8c1aedb01292ad938ee2aa4d14a60c9b0fb3dcda9fad276aba39c1e1800e827,1280
15_2_30/os_0_com_0_time_0_rcom_0/0.txt,15,2,30,L,0,11b1d76e0de304d41571a8e452dd7e3d14934c60f39aea00caf44286732c748c,3012
15_2_30/os_0_com_0_time_0_rcom_0/1.txt,15,2,30,L,1,47ae768bd636922b0300dfbb0010b54252d671d0fb595d13e5ac7143e4d69c76,3031
15_2_30/os_0_com_0_time_0_rcom_0/2.txt,15,2,30,L,2,25925cdcb97840f2ced43845be5ae215e0a35fe037728a56299d5be378359003,3010
15_2_30/os_0_com_0_time_0_rcom_0/3.txt,15,2,30,L,3,6b8f833458bf5fdaa91c1386b411fdcd37ef50495d977a5483373c5d076a0d1a,3029
15_2_30/os_0_com_0_time_0_rcom_0/4.txt,15,2,30,L,4,8caeabe6e0fb3eb593b6f09d357b814cfc1622f43bd0cfb5886e3c747351da8a,3031
15_2_30/os_0_com_0_time_0_rcom_0/5.txt,15,2,30,L,5,ad6e93161b35990b40df60f2220d40e0e0004522af5fb81113de021bfaf36bcc,3039
15_2_30/os_0_com_0_time_0_rcom_0/6.txt,15,2,30,L,6,8b88742a9078226cc8b49277888e41c5fbe1d63d1693f774e2e74a56f5b298bd,3047
15_2_30/os_0_com_0_time_0_rcom_0/7.txt,15,2,30,L,7,80d14871d4f1c01f8b7a077bcba8cf7beaeac9e8ed6ee065703db18553fcfa80,3034
15_2_30/os_0_com_0_time_0_rcom_0/8.txt,15,2,30,L,8,e31ca082eec39cd18406289cc3d7c36d4b89869642debc5267c747ebb15f3879,3059
15_2_30/os_0_com_0_time_0_rcom_0/9.txt,15,2,30,L,9,1db71b9c9e864b9d282c10b24b1493878a42c31d38c2959a195d0e69e4ed1a4d,3055
15_2_30/os_1_com_0_time_0_rcom_0/0.txt,15,2,30,H,0,85001defc5dafd46c97f88dacbb6e4f6c546e32b2b121fc4fa9b7ed7d8fb04a9,3025
15_2_30/os_1_com_0_time_0_rcom_0/1.txt,15,2,30,H,1,9899558b83b79dde3fb9183007f97eadafbdbbc2d534463a6fad876ec5e580db,3052
15_2_30/os_1_com_0_time_0_rcom_0/2.txt,15,2,30,H,2,e82b9798f8adf3f401bca3dffcb7a326167cb523ac9fcd32b46b1899efb70527,3026
15_2_30/os_1_com_0_time_0_rcom_0/3.txt,15,2,30,H,3,448059579289b479c95c4f2df4680823e8da66a6ca3c6b2d72f8a1aa6ce07c13,3044
15_2_30/os_1_com_0_time_0_rcom_0/4.txt,15,2,30,H,4,13ec406c16607eb18f9549b7efe479f2e33887d53e79ea1f198e09213983f579,3051
15_2_30/os_1_com_0_time_0_rcom_0/5.txt,15,2,30,H,5,f9a5f763f42eea9f4caf4119a9b9f87f831bb18a595d8f83573b65728c353868,3071
15_2_30/os_1_com_0_time_0_rcom_0/6.txt,15,2,30,H,6,64ddeb7d640f1de92e53a9318ff6185d20a93895d9692a4d4454c6e24b1a653b,3049
15_2_30/os_1_com_0_time_0_rcom_0/7.txt,15,2,30,H,7,f26581c6baf925c106b82072f1722cf6449710330da57c60bac4b1bb54b67db3,3048
15_2_30/os_1_com_0_time_0_rcom_0/8.txt,15,2,30,H,8,5c0929dc080390e3e0398bc6314cce3a882efdab1e98faedd17902dc5261191c,3059
15_2_30/os_1_com_0_time_0_rcom_0/9.txt,15,2,30,H,9,b0f0bc47aa161779a009e627ae08dfcf41bb4cce4d77f0b65074c0ff82552c48,3072
15_2_50/os_0_com_0_time_0_rcom_0/0.txt,15,2,50,L,0,70989307196546454fcb03d11fa645a2a25a385e513a2cd7808b4251f358e85a,4815
15_2_50/os_0_com_0_time_0_rcom_0/1.txt,15,2,50,L,1,eb07c404ed25fdf15a71c82e4ba599de9634a6ce11314b9da5f76dfed0e60cf8,4883
15_2_50/os_0_com_0_time_0_rcom_0/2.txt,15,2,50,L,2,8b92ba81966cb2a965bee01b86cddf4b5e60d2e13bc69158befc8ec9b9a00c0a,4848
15_2_50/os_0_com_0_time_0_rcom_0/3.txt,15,2,50,L,3,94d6139d3d197fa983b79d538f96f9815046678339cf892f5f1d560eebd432f5,4856
15_2_50/os_0_com_0_time_0_rcom_0/4.txt,15,2,50,L,4,9799d2835f308ebb93031b887a5cba1dfa4356d3b7533900bcd90c23a29441d0,4787
15_2_50/os_0_com_0_time_0_rcom_0/5.txt,15,2,50,L,5,f7f1b90696391a55110492c36f7a702fa317964fe81b1af65c226f39d5d85ca5,4761
15_2_50/os_0_com_0_time_0_rcom_0/6.txt,15,2,50,L,6,9fa9add3e8e3c13a8cd35beea563cf6b9f2a408523b9f9154ce6f726627cd5a1,4818
15_2_50/os_0_com_0_time_0_rcom_0/7.txt,15,2,50,L,7,e63f4486d7363936965133ce8b8bcf651b0551f1fbacb35720437a4fecc1f465,4874
15_2_50/os_0_com_0_time_0_rcom_0/8.txt,15,2,50,L,8,4ee3fcdd1bb1dc32734c5636abf45e7f8e6137932f54f6a28c793e463f8283bc,4816
15_2_50/os_0_com_0_time_0_rcom_0/9.txt,15,2,50,L,9,67f61dd4d48c7d36b819e8a114050deb8c146be1771eeb8d0c8aaf704b62a13c,4814
15_2_50/os_1_com_0_time_0_rcom_0/0.txt,15,2,50,H,0,6d637c9258cd831e94ff3a29c47215201308dd601ab9aefae0b8db58929f30d9,4821
15_2_50/os_1_com_0_time_0_rcom_0/1.txt,15,2,50,H,1,cd7a84209dfb261af77616e3043f0da88295b00c6e04e2ed14b7850392d9d47d,4867
15_2_50/os_1_com_0_time_0_rcom_0/2.txt,15,2,50,H,2,d19529f97bb89c37c73f3a06c88b1927b567eaa8b20156ecda1b4dcbe04ed638,4842
15_2_50/os_1_com_0_time_0_rcom_0/3.txt,15,2,50,H,3,381076eef6d86acf516a3e338c4ea8400edf876c2cc78e5784e664e142aeb95a,4856
15_2_50/os_1_com_0_time_0_rcom_0/4.txt,15,2,50,H,4,7eca275daf2d8b099bf0a7273a218d50a95a299ed90b79651c376ca6b0e686c0,4782
15_2_50/os_1_com_0_time_0_rcom_0/5.txt,15,2,50,H,5,e4fb8111e3224c1f7df72428b2dd921ff668b558bf631098b52c3b0227048d14,4787
15_2_50/os_1_com_0_time_0_rcom_0/6.txt,15,2,50,H,6,a9eea4627d2855b624620591387aba85c163d8cbcb2a8fa183e954e2c6b2bf31,4835
15_2_50/os_1_com_0_time_0_rcom_0/7.txt,15,2,50,H,7,c1671827a7b03863540867b4300bfe168539d656753d645cb70056bcb9b861fc,4873
15_2_50/os_1_com_0_time_0_rcom_0/8.txt,15,2,50,H,8,87a392080b114bff4fdbea0cae82374cf699b60d008e0205764b75007ec6b02d,4840
15_2_50/os_1_com_0_time_0_rcom_0/9.txt,15,2,50,H,9,b55dc8b44cbf807fa72d592caab05d4f7d88155f226359525cb62185b57f9b5a,4847
15_2_100/os_0_com_0_time_0_rcom_0/0.txt,15,2,100,L,0,e44777b0b0173180ab0b7c30adfa2649b7efe56de1ca13d585e24db041321090,9399
15_2_100/os_0_com_0_time_0_rcom_0/1.txt,15,2,100,L,1,fecb0c9c249d9eee1a60d18c438423cb15104658b18a8580071624117a29a91d,9390
15_2_100/os_0_com_0_time_0_rcom_0/2.txt,15,2,100,L,2,7955e623e02cee64d1a39faab13df3ed2c594c7b0243260aeed0be5b02b1ba33,9373
15_2_100/os_0_com_0_time_0_rcom_0/3.txt,15,2,100,L,3,69aedcaae37541e207b1cf0c818d7a2bb51a5ae91379f31e406d0069c8b7e92e,9370
15_2_100/os_0_com_0_time_0_rcom_0/4.txt,15,2,100,L,4,c0b63aadd346aec44bd80dae3a9f6b927bbb618ac28f479024afe4bb9bc68a13,9402
15_2_100/os_0_com_0_time_0_rcom_0/5.txt,15,2,100,L,5,5fed558a2b30180c45c6f5143207d7404033fd904a6beaf1d67ca276ad38184e,9370
15_2_100/os_0_com_0_time_0_rcom_0/6.txt,15,2,100,L,6,ec96b420489ea48158d3edc19a1318c1f77d1519995c9f49324316cb06b163d1,9379
15_2_100/os_0_com_0_time_0_rcom_0/7.txt,15,2,100,L,7,506592fcacb82173598d832ad95832ed3e2382ddbf9c32b2fa418d6cd6089760,9382
15_2_100/os_0_com_0_time_0_rcom_0/8.txt,15,2,100,L,8,aef97d304d73c73f87112bd3de3a66b63574f92287e23cc80e0058293c1ca863,9388
15_2_100/os_0_com_0_time_0_rcom_0/9.txt,15,2,100,L,9,3acb223564137364658872b8a2b7b2e9fc767a463923037f73a71f5126657efd,9375
15_2_100/os_1_com_0_time_0_rcom_0/0.txt,15,2,100,H,0,23808578337a7c0badf124d69e401bbfcbde8788ef9802be2d823404735d29b2,9427
15_2_100/os_1_com_0_time_0_rcom_0/1.txt,15,2,100,H,1,b5266c6184041b07576e345650e5d4b1229b48095c840f7d75cc710e56d7c61b,9403
15_2_100/os_1_com_0_time_0_rcom_0/2.txt,15,2,100,H,2,7c9cc7c1bbbb415eff18dc4ba16ae7b0325386efcdf4cdfeab3a2e58eca77670,9403
15_2_100/os_1_com_0_time_0_rcom_0/3.txt,15,2,100,H,3,cf7d9a02d8e6c6c1c4d97d4bed78fd7c84abc93e061f4d9b6ee6eadc25488fa9,9382
15_2_100/os_1_com_0_time_0_rcom_0/4.txt,15,2,100,H,4,3f595b63a9c4465d476b9e88e18cc86e82a73f08864b71ce807de172c51b9050,9412
15_2_100/os_1_com_0_time_0_rcom_0/5.txt,15,2,100,H,5,9ac914ae46e42db7702e8f5bb250cc6c97efe9a8ab77a27224b67a8775f75e9b,9397
15_2_100/os_1_com_0_time_0_rcom_0/6.txt,15,2,100,H,6,65c06c0936744ac9ced96681afc63a0c409d78e7780daad499f56bbe5439f1e7,9404
15_2_100/os_1_com_0_time_0_rcom_0/7.txt,15,2,100,H,7,ea2e5b7737c169ecbc39b2f16b615df3f44e4877e73766b64af9403f26cde5e7,9402
15_2_100/os_1_com_0_time_0_rcom_0/8.txt,15,2,100,H,8,d0d2bb3f9cbc4a27d6213cbca8d290a0b95bd9d12e6b44af3ff64be6b3627e69,9406
15_2_100/os_1_com_0_time_0_rcom_0/9.txt,15,2,100,H,9,6d0d422df9f249790876aa1bb2991cc4cb5035f93e26c977718340a5d34bc11d,9394
15_2_500/os_0_com_0_time_0_rcom_0/0.txt,15,2,500,L,0,3b24d6dbc9ba7d842119d42a2da7510abc291ca3e88e50c775699377a709ab7b,45478
15_2_500/os_0_com_0_time_0_rcom_0/1.txt,15,2,500,L,1,864764fabc3f3e533dcb950bc41923bec01e6ba9b9e61bf92560dd397d52a7bf,45492
15_2_500/os_0_com_0_time_0_rcom_0/2.txt,15,2,500,L,2,9c808601b2df245943da45cfa1dacc18c0a08c1867d02e438f5b860a50939fd0,45452
15_2_500/os_0_com_0_time_0_rcom_0/3.txt,15,2,500,L,3,23972b319d13180ff220ebc19f0cde6312c591cbb71cf6bfb0dae4b814e25780,45369
15_2_500/os_0_com_0_time_0_rcom_0/4.txt,15,2,500,L,4,f2321d44d9606e2586b4b329432fe0413c961a42c11c2450229428727dd51313,45537
15_2_500/os_0_com_0_time_0_rcom_0/5.txt,15,2,500,L,5,fa86cc81d39d05feda5070d50c94f93c2bec889b556b526e086bf8110bed6ad1,45356
15_2_500/os_0_com_0_time_0_rcom_0/6.txt,15,2,500,L,6,9026539390648085309667ba83fe4954212a348bf34eb67c479754afef933886,45408
15_2_500/os_0_com_0_time_0_rcom_0/7.txt,15,2,500,L,7,5c5ee7c01ffb2ae49f04dda6f7432b57d0c568965bd25857ad6ab9e5ae09cc8b,45375
15_2_500/os_0_com_0_time_0_rcom_0/8.txt,15,2,500,L,8,67c94ec26c8f5ff5e6530528252ed3743802d80ca7b0ebea018c3464a6bc9a1b,45453
15_2_500/os_0_com_0_time_0_rcom_0/9.txt,15,2,500,L,9,83101c547c7e9866d31eafd5f6763b4367da3c2e6e9dfb00c8c5a0a78cf9881b,45463
15_2_500/os_1_com_0_time_0_rcom_0/0.txt,15,2,500,H,0,d9a66d1e57b5a581f02459b7782fbd760ba44132b68c5c7a3f7242bd02cc5795,45506
15_2_500/os_1_com_0_time_0_rcom_0/1.txt,15,2,500,H,1,25c4b3e0aac5c5730018ffd1b1490bb0320fa85e00d1f0a4c5a85f3f7ac1d226,45505
15_2_500/os_1_com_0_time_0_rcom_0/2.txt,15,2,500,H,2,17a8427fff3a4e1a17cedd17dcc1b7c0a3a5c3d46349077f20aeababbbe6ce00,45482
15_2_500/os_1_com_0_time_0_rcom_0/3.txt,15,2,500,H,3,8dfe2c4a6dc1b5dd3a0ce2c56e407d129ba1c292253658a65b6bc715952cd235,45381
15_2_500/os_1_com_0_time_0_rcom_0/4.txt,15,2,500,H,4,c833903633ec939c84ccb94a1a6f32401fe3105aebbd9378c770057cd2aa099e,45547
15_2_500/os_1_com_0_time_0_rcom_0/5.txt,15,2,500,H,5,add38db8d5678e85e304bef85c0a9e39219846ef1776a46dc8851fa17d9a694f,45383
15_2_500/os_1_com_0_time_0_rcom_0/6.txt,15,2,500,H,6,1ae74a07e72760297cb268f0bcf893220fcd9e7b83b90477fe63accfb1fa1728,45433
15_2_500/os_1_com_0_time_0_rcom_0/7.txt,15,2,500,H,7,366c2f525fb30fc95083ef1dca8978c234f703bf984541d1b858d96a2be491d1,45395
15_2_500/os_1_com_0_time_0_rcom_0/8.txt,15,2,500,H,8,e5091f09d87346392dafb285bb79d7b85034af1f3222a05093c6c3693475a8aa,45471
15_2_500/os_1_com_0_time_0_rcom_0/9.txt,15,2,500,H,9,27daa91eea647ec8f69fe4186fa33f33934dc9e6ca9835a95b9cb61cc191dc09,45482
15_2_1000/os_0_com_0_time_0_rcom_0/0.txt,15,2,1000,L,0,d6e159dc4a37e1fc9e6886a6708d06b48850e7639c2ac7f0df7550479203d7ef,90622
15_2_1000/os_0_com_0_time_0_rcom_0/1.txt,15,2,1000,L,1,5cd09e22f859152b5818649217283f2b8fa389c16428cfe6fec36b601228f0e0,90613
15_2_1000/os_0_com_0_time_0_rcom_0/2.txt,15,2,1000,L,2,e2230ac6a4df146b2711abbf269f05d2496db8494443a9615a9398a2116c2607,90558
15_2_1000/os_0_com_0_time_0_rcom_0/3.txt,15,2,1000,L,3,118caced73d075b3738b6d77c55f3f41bb140e7d5f8aec925b25848f1f65fbe5,90376
15_2_1000/os_0_com_0_time_0_rcom_0/4.txt,15,2,1000,L,4,e209383d589a1ad65ce24d17942cc45c89f899df425987c2fd372272789da32d,90668
15_2_1000/os_0_com_0_time_0_rcom_0/5.txt,15,2,1000,L,5,19175ac0b4374d5c9b4b06cb6d92a7fdd6ad239246b5c5fe4bae14a23b18238a,90330
15_2_1000/os_0_com_0_time_0_rcom_0/6.txt,15,2,1000,L,6,5545f00738dbe508c3c098504ca4db23b1d21e2a9d2e1087a2a165caabee11cb,90479
15_2_1000/os_0_com_0_time_0_rcom_0/7.txt,15,2,1000,L,7,d49c61893a3cb4a9a878603386d2308e741b2754c7060b73f5d127fd0a6bc7a8,90359
15_2_1000/os_0_com_0_time_0_rcom_0/8.txt,15,2,1000,L,8,8b786093239f62075cc21720353020f5926fff7eec9147a3bce4b10f4effa5d5,90530
15_2_1000/os_0_com_0_time_0_rcom_0/9.txt,15,2,1000,L,9,c7f979a4798e6169dcf48e68d853235601e50f65650e5f4dc6426fc7bda91e38,90628
15_2_1000/os_1_com_0_time_0_rcom_0/0.txt,15,2,1000,H,0,0d4444324998ff09f60dd0d08ef1cdc42f8d069a655616e824278b21d5027499,90650
15_2_1000/os_1_com_0_time_0_rcom_0/1.txt,15,2,1000,H,1,32a4220b5d05328b4ec9c5b22d82cbef69f434863bef885b040d00326a4cee5c,90626
15_2_1000/os_1_com_0_time_0_rcom_0/2.txt,15,2,1000,H,2,e055adedc5754cd06f448f641410d1cbefce1ab35ea45ed0d9990a0071d466ee,90588
15_2_1000/os_1_com_0_time_0_rcom_0/3.txt,15,2,1000,H,3,f39391cf73eb99dcb745baa7b4293434403f4999383f87151302efca44c8636c,90388
15_2_1000/os_1_com_0_time_0_rcom_0/4.txt,15,2,1000,H,4,f65aadc3be0b4f7db62353ec9543e6930b9334eddb0a75a9722e311a5d2a3717,90678
15_2_1000/os_1_com_0_time_0_rcom_0/5.txt,15,2,1000,H,5,75849cf27d0cfa7f87c4747edab5ab6173c2465a6c57fd8f71fcb04beae6f809,90357
15_2_1000/os_1_com_0_time_0_rcom_0/6.txt,15,2,1000,H,6,30f265c0df4a8afc3897ed90430dfacaef78d75336b2958299b7775e2352d0ea,90504
15_2_1000/os_1_com_0_time_0_rcom_0/7.txt,15,2,1000,H,7,11103a4662e32d446782fb655de5e7ec30d9e97f6fa2de4fd937c7fb32cbc2d0,90379
15_2_1000/os_1_com_0_time_0_rcom_0/8.txt,15,2,1000,H,8,0df07afc37657f078cd01b00adf5ae0a1644a417cd12fe163047074a9b038bea,90548
15_2_1000/os_1_com_0_time_0_rcom_0/9.txt,15,2,1000,H,9,1ed53e365dc6c428be7b68fe13ffc600bc79452862e3363d1d33c105d51d74bb,90647
15_3_10/os_0_com_0_time_0_rcom_0/0.txt,15,3,10,L,0,50d575e37fe135a6aa4b04c7e329e5f4e882ecc5ac852160d9003473be432520,1734
15_3_10/os_0_com_0_time_0_rcom_0/1.txt,15,3,10,L,1,25c69897d0257b303960b39adcaa451b3880e48f4fac6ebc37b337352dce11e3,1725
15_3_10/os_0_com_0_time_0_rcom_0/2.txt,15,3,10,L,2,e230585c11c58d5eef94d3a0e4697c00c0cce52fcc845b4e35030ff34bb3f909,1736
15_3_10/os_0_com_0_time_0_rcom_0/3.txt,15,3,10,L,3,262052621580249bf909e23259b35bd73e5ab2fe9ac01c6d85f749def9d38c84,1750
15_3_10/os_0_com_0_time_0_rcom_0/4.txt,15,3,10,L,4,e45e9b28b35d27e5f2b0390ac46c37a4c6944bc7718a8dfe074728d9eff5af7c,1754
15_3_10/os_0_com_0_time_0_rcom_0/5.txt,15,3,10,L,5,e548f8f4af21a698a657490490aa39bfebadc424371258b23c4064ef5fa68235,1737
15_3_10/os_0_com_0_time_0_rcom_0/6.txt,15,3,10,L,6,b7c5fe19a047aeb9fc49c967bcf987eddc2265f14266375ab5e759d61eabf463,1731
15_3_10/os_0_com_0_time_0_rcom_0/7.txt,15,3,10,L,7,a668c833125595b2c623b8f2ba6d80bd06419728471140d5863f310364782889,1721
15_3_10/os_0_com_0_time_0_rcom_0/8.txt,15,3,10,L,8,2722e4387957e1b8d2cf88b64a50b3efed62a954cc57f1fce321b5b6af384da5,1738
15_3_10/os_0_com_0_time_0_rcom_0/9.txt,15,3,10,L,9,1a742b562457f94b0d1f1b31012211398a2833ca568b0ffbf275682b5d7a9ac2,1747
15_3_10/os_1_com_0_time_0_rcom_0/0.txt,15,3,10,H,0,a8e9feb4b4ba946e4fbe1d7454b6166b9fa172e7f7e6056d55e71d774550aff1,1751
15_3_10/os_1_com_0_time_0_rcom_0/1.txt,15,3,10,H,1,7c5245dfad2805ca69cf911a8bd69f0a9d18b47fc182e60457bbfda4c4b4816a,1743
15_3_10/os_1_com_0_time_0_rcom_0/2.txt,15,3,10,H,2,7b680ef3abe9d6b7e56220fa7c1e1c4f948d8acf3092ab6af834c999e1acdd01,1751
15_3_10/os_1_com_0_time_0_rcom_0/3.txt,15,3,10,H,3,805a42a01aaabf6ebc0ce4c09d050bbfb0a2995dbf8a4457a5e35379fc372ca1,1753
15_3_10/os_1_com_0_time_0_rcom_0/4.txt,15,3,10,H,4,82f171b67ce9f25f423df5ec1d7c55704a2cbb9abbc29ad2cd08c41f4527d09b,1752
15_3_10/os_1_com_0_time_0_rcom_0/5.txt,15,3,10,H,5,e88298b0c6da53fda34b7aba5b24e15e7541d149314c840d61f3ed6f66b2c421,1743
15_3_10/os_1_com_0_time_0_rcom_0/6.txt,15,3,10,H,6,89f67c381152f565a317cf52982e3f6fd4eceb6ffdceda62cd7f1e6390998fdc,1743
15_3_10/os_1_com_0_time_0_rcom_0/7.txt,15,3,10,H,7,60f5cfad6b9e9a63689213bdb332eabb408feee1ebc2cade60176d231e6a3df6,1742
15_3_10/os_1_com_0_time_0_rcom_0/8.txt,15,3,10,H,8,d4f8af1ad4b7a7cac3d63440dd2c534788031d16a308a8700670b391c42f1ae1,1744
15_3_10/os_1_com_0_time_0_rcom_0/9.txt,15,3,10,H,9,b0e93ee4794d8776d6e80f4f3ba068cf57d72729ba948c87744f3b52d138929e,1753
15_3_30/os_0_com_0_time_0_rcom_0/0.txt,15,3,30,L,0,725c4dce01a81e14f28a462c358b6ada4bcf2a7c7517ec5e731c95c7a01fa1e1,4364
15_3_30/os_0_com_0_time_0_rcom_0/1.txt,15,3,30,L,1,a27a5c2eaf46781200688edeed4c559038ebcf0a46f40d1dea947fc0ae7065fa,4355
15_3_30/os_0_com_0_time_0_rcom_0/2.txt,15,3,30,L,2,5aadf2e6389c26d2fa12778b40764ff7eb1ab0d4100b090ad00b585e2791096e,4382
15_3_30/os_0_com_0_time_0_rcom_0/3.txt,15,3,30,L,3,a88fcf656efef54a8d6039239b448e1bdc3992ebb498ae4d246792aedda7fd16,4416
15_3_30/os_0_com_0_time_0_rcom_0/4.txt,15,3,30,L,4,c137f34d5cf159dd44bc8bd2f5feb6a4ef41d9e721efac0e9a8dccc5d8f4f226,4392
15_3_30/os_0_com_0_time_0_rcom_0/5.txt,15,3,30,L,5,a37344d2ec8bbb01d84b627b9779259d15941cd8e4ae2afa799d54cac61b488d,4422
15_3_30/os_0_com_0_time_0_rcom_0/6.txt,15,3,30,L,6,3b5bd5f2b32ca6406900f992f66cd53ea3624fae8b913b284ddb393030b3d7c6,4427
15_3_30/os_0_com_0_time_0_rcom_0/7.txt,15,3,30,L,7,0c04a89bc504b3958bd1f9122d54cefd081c9a33892fc3e1ac15f78285255566,4373
15_3_30/os_0_com_0_time_0_rcom_0/8.txt,15,3,30,L,8,154b955b837bb3f7c2de826cc9268f433e3c85a184a93d6c29c069d1d24a505b,4380
15_3_30/os_0_com_0_time_0_rcom_0/9.txt,15,3,30,L,9,033c9db62fb09b2adf5ac1a66077a1413eda3c9144f55267c6f68e22a97206e1,4344
15_3_30/os_1_com_0_time_0_rcom_0/0.txt,15,3,30,H,0,8a64a92d9cab7dc346cfb042a391b766f460289fd6d8f1527fbd3d5050ac76f7,4365
15_3_30/os_1_com_0_time_0_rcom_0/1.txt,15,3,30,H,1,de0fd7bb770f54d64a18eff0d5c6bf3593b2219eaeee63690757cce88be3a1ac,4369
15_3_30/os_1_com_0_time_0_rcom_0/2.txt,15,3,30,H,2,44c7b334b99b48d4daa926e238b4e8419dab782c8d45f6adf2c29b5c4b02c7c5,4392
15_3_30/os_1_com_0_time_0_rcom_0/3.txt,15,3,30,H,3,9105bcd7b7d246991cd1c7a758a721d74df0ee6a009ae39b9dc0d6c2da9a361a,4435
15_3_30/os_1_com_0_time_0_rcom_0/4.txt,15,3,30,H,4,113270a1266b5c6cab893e05f8e50744b1b9cd2359b57a744b6d043bf65a00c1,4407
15_3_30/os_1_com_0_time_0_rcom_0/5.txt,15,3,30,H,5,508b90b8bf33475c6aee1ff041f5f9643bcb97d188eba63c736766ce19a6ad04,4425
15_3_30/os_1_com_0_time_0_rcom_0/6.txt,15,3,30,H,6,0905fbb465a7c034f0fdfba5c18ebe12498aad3df30d2a48ed6d461665864c43,4426
15_3_30/os_1_com_0_time_0_rcom_0/7.txt,15,3,30,H,7,50253c3b0b127526e67f979e51f09bb7e8cdad174a95e9fceafa3d5ce60ca9ac,4378
15_3_30/os_1_com_0_time_0_rcom_0/8.txt,15,3,30,H,8,8ea344e412b5c896da8e280249360ff26d68b9daf09bc6f023384d3ea2fcd82f,4398
15_3_30/os_1_com_0_time_0_rcom_0/9.txt,15,3,30,H,9,08e232848368d9710123efaafb6505a75ab9cc656b168b6ecf6c8e9d894a0be3,4366
15_3_50/os_0_com_0_time_0_rcom_0/0.txt,15,3,50,L,0,f522243e480316836ed2cc79342e67966603fad01becdfb09eac12ae352d98b0,7058
15_3_50/os_0_com_0_time_0_rcom_0/1.txt,15,3,50,L,1,7cfb43bb3968ad18d760b99c28cbc20559b41cf88a40335978efb3fe3e67e6c2,7108
15_3_50/os_0_com_0_time_0_rcom_0/2.txt,15,3,50,L,2,0116b0100f788110abd6ac032da00b3d5150c6f84fb2a503d09c4fbad437b6cd,7069
15_3_50/os_0_com_0_time_0_rcom_0/3.txt,15,3,50,L,3,b6574b6bbf368b610df8cd2dadb31ac49eea8df4c1925b47edd79e143e73779e,7037
15_3_50/os_0_com_0_time_0_rcom_0/4.txt,15,3,50,L,4,2dc32d4171d36eaf6b9b61849ec88f55b8af41eadbcd77b74459d383b86e00ca,6994
15_3_50/os_0_com_0_time_0_rcom_0/5.txt,15,3,50,L,5,e4fc107943698dac2b6de49f2a91d0292fe45e0303d7f09108e003fb97139a07,7080
15_3_50/os_0_com_0_time_0_rcom_0/6.txt,15,3,50,L,6,86322dddd81bb68d7791ffbee71ac91e4fe375a025fbcf1d39a184717c8f1288,7027
15_3_50/os_0_com_0_time_0_rcom_0/7.txt,15,3,50,L,7,18948109f2c459fe22360e66a1773ad8e435bde72d37b4dd7a68d305626926ef,7065
15_3_50/os_0_com_0_time_0_rcom_0/8.txt,15,3,50,L,8,0564a438be60b52214095d02034c0e521bd6f685fdc8a5aae18014c54bfe3de1,7082
15_3_50/os_0_com_0_time_0_rcom_0/9.txt,15,3,50,L,9,d3d00d94e52ebc97607599cf2edfa8258bd88b6bca2e4ec1f3506bc57dda3c3d,7001
15_3_50/os_1_com_0_time_0_rcom_0/0.txt,15,3,50,H,0,304ee9caffc4b4a81a040154cf140b581627c796394f851aecf03a6212cd604f,7064
15_3_50/os_1_com_0_time_0_rcom_0/1.txt,15,3,50,H,1,b5c87033bee1334c7932c5777fbeae4d50963a11997a8b907bd41f8be7b8866c,7110
15_3_50/os_1_com_0_time_0_rcom_0/2.txt,15,3,50,H,2,72ed6d78554670365a0f5e7c2d150b93be380d1174ccef1f1c5ac89e0ac701b9,7091
15_3_50/os_1_com_0_time_0_rcom_0/3.txt,15,3,50,H,3,dc5c3504ab04221c6b652ce0ddf33677e3c9c0aa221c2ecec0e47249296ec6ba,7061
15_3_50/os_1_com_0_time_0_rcom_0/4.txt,15,3,50,H,4,a417cd9bbf2041dd24d46f534edcf2260e86d4fda4417bbc5e43f8afc8ad1f36,7035
15_3_50/os_1_com_0_time_0_rcom_0/5.txt,15,3,50,H,5,bb5d84141fbaeb92a90ed62f261b4ea7e0eccac480d8c81b2fb283df96ff4351,7108
15_3_50/os_1_com_0_time_0_rcom_0/6.txt,15,3,50,H,6,f22396b842aca6784d9e35ea1bc206e174658dcd0f35a3022c70e90107c300f6,7031
15_3_50/os_1_com_0_time_0_rcom_0/7.txt,15,3,50,H,7,a2e33f648fa6e5a080745b9a1d27aad360de20f5af0d5b39c5034a2cf4fe2561,7082
15_3_50/os_1_com_0_time_0_rcom_0/8.txt,15,3,50,H,8,11170397552dc395f65fb0c4d2939b6b8406a7f1dca0a107a2578c5b85b5e96b,7076
15_3_50/os_1_com_0_time_0_rcom_0/9.txt,15,3,50,H,9,d256736bf3c206ef2a3d5efa571ff08d45508b4ce062b1c507f1b3c8a9e58243,7034
15_3_100/os_0_com_0_time_0_rcom_0/0.txt,15,3,100,L,0,090ee450e656ff9ff2801b369fa668803f22b8fb152de95914bd6a91722146f5,13869
15_3_100/os_0_com_0_time_0_rcom_0/1.txt,15,3,100,L,1,59f6732b41dc4d18373fbb28adcabf45a015ed58978a06b06e8f5a4e2f045152,13889
15_3_100/os_0_com_0_time_0_rcom_0/2.txt,15,3,100,L,2,d6b8c4d53f04780822b8231e6570b5df6b687827460ea832e9294c5db5b1d429,13865
15_3_100/os_0_com_0_time_0_rcom_0/3.txt,15,3,100,L,3,586aff3fddf89e15075348aaff660812083d115a5d465cbc42cfa7b868f7b669,13901
15_3_100/os_0_com_0_time_0_rcom_0/4.txt,15,3,100,L,4,89310452c855beae32b8477b948aa12efdc1659484335c95e7e659664490be69,13920
15_3_100/os_0_com_0_time_0_rcom_0/5.txt,15,3,100,L,5,5dc03a1219b3c4f0ecde5afa644130694bf54ece9d57c6b6d8f200710436316e,13873
15_3_100/os_0_com_0_time_0_rcom_0/6.txt,15,3,100,L,6,ec9141003444a2a0ac65474e921f8f10d8df811f5a3bedacaf1982a313f434e2,13875
15_3_100/os_0_com_0_time_0_rcom_0/7.txt,15,3,100,L,7,860423bcf8f73b1ec26f48112e3776d78608e67b734f03e180965c160c87c593,13873
15_3_100/os_0_com_0_time_0_rcom_0/8.txt,15,3,100,L,8,5ba4b099d00f9f4f27e93c11a7c3f8da0b3235e230b211600646d5948d8bd5e6,13918
15_3_100/os_0_com_0_time_0_rcom_0/9.txt,15,3,100,L,9,14f86d53cb13ff09b36a82ac55632c5fe61d53f558c93540aab2d6f77d02f083,13862
15_3_100/os_1_com_0_time_0_rcom_0/0.txt,15,3,100,H,0,f766f742240b78d2e95c2fbf8749f0f6134f67c41cca0764825b9ee3608a8f67,13897
15_3_100/os_1_com_0_time_0_rcom_0/1.txt,15,3,100,H,1,5a9e0f1573560861a871d2c41b3d97f9121f785d78d99d0ac0cf3fcff3953d0e,13902
15_3_100/os_1_com_0_time_0_rcom_0/2.txt,15,3,100,H,2,175250805944dd212ccf6eeb4119e43f0958ed3af4efdb33af417bfdc5bb4c25,13895
15_3_100/os_1_com_0_time_0_rcom_0/3.txt,15,3,100,H,3,cf18d186b13f619297121c5221cebb9e7921ab6e43d58d9735f10c9bdb5f4f2c,13913
15_3_100/os_1_com_0_time_0_rcom_0/4.txt,15,3,100,H,4,cb0115585df7ee344c14084082489d20295309ba46a0a3ec57eac458a8d05519,13930
15_3_100/os_1_com_0_time_0_rcom_0/5.txt,15,3,100,H,5,43fcb7ed8a34b516f27031728199d4a731aa83650f6281a632beb49b73fd2d8b,13900
15_3_100/os_1_com_0_time_0_rcom_0/6.txt,15,3,100,H,6,59109a95b1f2eaf149b052221d6cf5b900e6490ee6b125c1a6332c6d0b0dd7b4,13900
15_3_100/os_1_com_0_time_0_rcom_0/7.txt,15,3,100,H,7,065204c0d70713d27a9424e97ef3918c3aa73eecba7d0b5500702f31cf147ad0,13893
15_3_100/os_1_com_0_time_0_rcom_0/8.txt,15,3,100,H,8,75161c27f37a7bb6110a60235efdee775d549e52888349518d0d25116712971d,13936
15_3_100/os_1_com_0_time_0_rcom_0/9.txt,15,3,100,H,9,ad986e7be63187c9a966959a9159e8eff111f1bc37ed0d1cb3acf5b85f06ed4b,13881
15_3_500/os_0_com_0_time_0_rcom_0/0.txt,15,3,500,L,0,e29eb39b05fd20ca91951898fe2cd67bb664c5784696568de702ec903561b22b,67772
15_3_500/os_0_com_0_time_0_rcom_0/1.txt,15,3,500,L,1,1d8ccf3af14ea9b036d7fb101984ec4125354a3b857dfe37faf8fe17c0504276,67772
15_3_500/os_0_com_0_time_0_rcom_0/2.txt,15,3,500,L,2,253afb06c0f9988c7175de9dcd937d5d4251fcf373b0a153e5b100d988eb80f9,67745
15_3_500/os_0_com_0_time_0_rcom_0/3.txt,15,3,500,L,3,977ae67537b07dc037b7c317dab0f945ce014332f5c36d904037edbc3279c0e2,67894
15_3_500/os_0_com_0_time_0_rcom_0/4.txt,15,3,500,L,4,4dff226b08e91b297e01c2beed52c0ede33745faf3a33859993a01ec44753b23,67893
15_3_500/os_0_com_0_time_0_rcom_0/5.txt,15,3,500,L,5,11d442b8225c0b51fc3c740b0eba72066f1bbd25d95d112deb7aade6a9ebc4db,67696
15_3_500/os_0_com_0_time_0_rcom_0/6.txt,15,3,500,L,6,67c4e2794d21f94123300c2589cd4d0dc8c54cf52abe156106bcc5713c591d12,67817
15_3_500/os_0_com_0_time_0_rcom_0/7.txt,15,3,500,L,7,a88249ff185b6a7d830c5a4325b256b5553435d92b7983e257bb3f9ab3812b50,67748
15_3_500/os_0_com_0_time_0_rcom_0/8.txt,15,3,500,L,8,e853a546ebbc9704263c4338d9000808b58e99fa388f1f858d55d8259199ae47,67927
15_3_500/os_0_com_0_time_0_rcom_0/9.txt,15,3,500,L,9,a16afddffc1d027b679c39f4ba73b0baca0a8feef9482b91e7c825c852081295,67676
15_3_500/os_1_com_0_time_0_rcom_0/0.txt,15,3,500,H,0,63efe3d7dc5789caa840d24d1d086b8921242246439c85ba8454180f76ce6811,67800
15_3_500/os_1_com_0_time_0_rcom_0/1.txt,15,3,500,H,1,9a5feabdc8108cb2583d76b2e726ac72843608660ea92af315401b12cf6d782c,67785
15_3_500/os_1_com_0_time_0_rcom_0/2.txt,15,3,500,H,2,c6a4a6192fe6497e34c4db3b2bdab9a3cb54b42b9b7d042cb112f838d104e592,67775
15_3_500/os_1_com_0_time_0_rcom_0/3.txt,15,3,500,H,3,334f16a158b4355499fa368f43f18b2df2c549d294e8ebf717008eac700559f1,67906
15_3_500/os_1_com_0_time_0_rcom_0/4.txt,15,3,500,H,4,ad5f17eff9198db10999b639c7a2f07758d08c59937ec0c357988d67bca4713d,67903
15_3_500/os_1_com_0_time_0_rcom_0/5.txt,15,3,500,H,5,b26683d30eaad9ef35c7e0fce57bfc54549af88bdb27ba51ce19921c0f25e162,67723
15_3_500/os_1_com_0_time_0_rcom_0/6.txt,15,3,500,H,6,1beef6068dc012cce3c98687988a5d88868599fa6f1416d652ab51730493e4dc,67842
15_3_500/os_1_com_0_time_0_rcom_0/7.txt,15,3,500,H,7,03912ff105d177afe846d799ece1d89dcd176cb1b9f5187aac88b35b967c1167,67768
15_3_500/os_1_com_0_time_0_rcom_0/8.txt,15,3,500,H,8,e303f1bcbfb2bd7ffc4668f7766428171882c32b2c254f433128aa3ca02bf0b3,67945
15_3_500/os_1_com_0_time_0_rcom_0/9.txt,15,3,500,H,9,15bc96fd6b89f67cb464ce63607d752f3d879e39b4d5dccde8e63cd155745d28,67695
15_3_1000/os_0_com_0_time_0_rcom_0/0.txt,15,3,1000,L,0,d67ca0abb0c20e8a8849c6dfb5d8cd1df882d17157f7a8a6c8b673e923f0a49a,135169
15_3_1000/os_0_com_0_time_0_rcom_0/1.txt,15,3,1000,L,1,5a6dc64b56a30467a544edc2b7cc76508479fa83484a73891fe229b106394572,135110
15_3_1000/os_0_com_0_time_0_rcom_0/2.txt,15,3,1000,L,2,d3dd4796a670ead4b884851bb6b386e31f064a1c8e68b0d45bea292671ec53cc,135040
15_3_1000/os_0_com_0_time_0_rcom_0/3.txt,15,3,1000,L,3,57247ebc8aaca9f2bb50009bcdea72fec862976788ef4d6717656ae530fcb768,135370
15_3_1000/os_0_com_0_time_0_rcom_0/4.txt,15,3,1000,L,4,4b9cb29da6166da3d7082a79a7d5efe8a8e79884921e24176c97e2f288c98d4b,135378
15_3_1000/os_0_com_0_time_0_rcom_0/5.txt,15,3,1000,L,5,9ec340c1a7a0edc5bfa3b5220b6fc9bfd84cf379d600f2289b45931d57767bbb,135000
15_3_1000/os_0_com_0_time_0_rcom_0/6.txt,15,3,1000,L,6,455cf14abae3c51b50c1fc71f90d3e365dc3a4751a422af9dbd7db4105963630,135204
15_3_1000/os_0_com_0_time_0_rcom_0/7.txt,15,3,1000,L,7,7a8bd28b3a7c1e669fa35dab681a3a843bb007e09cb61dc878752096fe58eba6,135179
15_3_1000/os_0_com_0_time_0_rcom_0/8.txt,15,3,1000,L,8,55cda20af6a579f4bf0184797b507821e644c39da8f86eb9787f10b5c16b87e1,135390
15_3_1000/os_0_com_0_time_0_rcom_0/9.txt,15,3,1000,L,9,c4599540517850f7b8d277ea980092f5be4faef84006df31a4f4dfc10fb4e6a6,134928
15_3_1000/os_1_com_0_time_0_rcom_0/0.txt,15,3,1000,H,0,4c211182b54dc80551655c676152e1bf8b2978f82489a2998c9ae113136e5154,135197
15_3_1000/os_1_com_0_time_0_rcom_0/1.txt,15,3,1000,H,1,3481e69d73328713da996b7c0b354a681b6c74287717f8b420215f15ec683bf9,135123
15_3_1000/os_1_com_0_time_0_rcom_0/2.txt,15,3,1000,H,2,bdb4a47624855ffb7da2f27b67491d1cd2f0f7dd4c38156b9fc59f2794030952,135070
15_3_1000/os_1_com_0_time_0_rcom_0/3.txt,15,3,1000,H,3,63dc12edc83f3c6b01455d65a5c4532e5df42d259f7d26881892c9c6575bcd8a,135382
15_3_1000/os_1_com_0_time_0_rcom_0/4.txt,15,3,1000,H,4,180e62e40376b758e85c70f4e7a1603c089c316202f0222dbaf5d75bc9007c8a,135388
15_3_1000/os_1_com_0_time_0_rcom_0/5.txt,15,3,1000,H,5,ebf6db34387c6a1e3694f2bd4457a092ddbb8f5275f4b87111c83136a38820ad,135027
15_3_1000/os_1_com_0_time_0_rcom_0/6.txt,15,3,1000,H,6,5934bb47c30abe2d993726193e007e6c1ee2405ba1545c66087c9fd652b238e8,135229
15_3_1000/os_1_com_0_time_0_rcom_0/7.txt,15,3,1000,H,7,042588daa7d400767f5778dd2b82cb9f371e158641576ed4430ca5eb5794e8bd,135199
15_3_1000/os_1_com_0_time_0_rcom_0/8.txt,15,3,1000,H,8,3171a698e80764839493aee7b7b5cb9dda93ba0c16b93298542eb4048fbd7d53,135408
15_3_1000/os_1_com_0_time_0_rcom_0/9.txt,15,3,1000,H,9,6ee3caf3827370c9a4c4649b6ad152fb8fd6671fa7902bc27ed65c8a5eee3b9b,134947
15_4_10/os_0_com_0_time_0_rcom_0/0.txt,15,4,10,L,0,c64d5cb95a4e9c977aaa72499a71f879b15c200248e7e50fd8a8805152a1b547,2227
15_4_10/os_0_com_0_time_0_rcom_0/1.txt,15,4,10,L,1,10c30abc91f25e49a49f52aeca6b53a99bd76be7e097685859c67b5552eb1586,2196
15_4_10/os_0_com_0_time_0_rcom_0/2.txt,15,4,10,L,2,9f564ce6525663be1bd433a85ac4dca910de49f7c8ebfd14484f6d01e6d07208,2218
15_4_10/os_0_com_0_time_0_rcom_0/3.txt,15,4,10,L,3,8f3a69c7cffbe9cec55b2b2bdaad5b8c1ec0ac95969adb1bd982e222c38a7f0f,2198
15_4_10/os_0_com_0_time_0_rcom_0/4.txt,15,4,10,L,4,c995221f0da4474218af334ce54cfa63c7ab4058b164f74ba24d9e6f12e1ee54,2223
15_4_10/os_0_com_0_time_0_rcom_0/5.txt,15,4,10,L,5,4eedce07ec4823635227c1a071748eb05818bd876fac99d0aec9eac5e0bd0c3e,2241
15_4_10/os_0_com_0_time_0_rcom_0/6.txt,15,4,10,L,6,ac9b18d2fe5469e8b5b0400855baf2e82abd07ef06da616ed42e843164bc3d9b,2195
15_4_10/os_0_com_0_time_0_rcom_0/7.txt,15,4,10,L,7,7f5caa86310c4dff360b1c6dd33b5b53c5d4573fd8efb98bd7c8df850d87f379,2217
15_4_10/os_0_com_0_time_0_rcom_0/8.txt,15,4,10,L,8,4d555d48c0f17b8298527689c74f0ebc61ae0cd37023d427582e4d3bb8b72446,2211
15_4_10/os_0_com_0_time_0_rcom_0/9.txt,15,4,10,L,9,874e57e519330840f02258101cb93be0afdbb09bae417275ed3a6cdae299dba8,2213
15_4_10/os_1_com_0_time_0_rcom_0/0.txt,15,4,10,H,0,2505786f6d9fcea42d0ff0d01756c5b62e3a6c64dba0d623a97b923c89440a8f,2239
15_4_10/os_1_com_0_time_0_rcom_0/1.txt,15,4,10,H,1,071ad0aae2dcb9e88e8d093cd206cf9199ebcfb9465568f49a7ec0440ccacef5,2219
15_4_10/os_1_com_0_time_0_rcom_0/2.txt,15,4,10,H,2,b8b26cea155157d6ce691fe9531a92ca642143a9942036f5788fcd698c3093f7,2227
15_4_10/os_1_com_0_time_0_rcom_0/3.txt,15,4,10,H,3,ee3f36ed7c37591e84fae6d4be3306a180b40a3abe11a1a70e7be5a393f4663f,2219
15_4_10/os_1_com_0_time_0_rcom_0/4.txt,15,4,10,H,4,5563ccfd5d785289d703ddac5101e334061fd4910602f8bd17ad453055d56668,2225
15_4_10/os_1_com_0_time_0_rcom_0/5.txt,15,4,10,H,5,97a65108f9e502fd5ab7e1cce4e8d3e8d98cbf03112455dee43b96ee548b9215,2223
15_4_10/os_1_com_0_time_0_rcom_0/6.txt,15,4,10,H,6,535b4131fa7eb44fd2214edc4bb5763d697d185b0c1f4c00f2fafe5cab15c707,2218
15_4_10/os_1_com_0_time_0_rcom_0/7.txt,15,4,10,H,7,1cddd0c6bf42f1448d54212978651ae2ed1f50cef2d540bc2518dd311689d0d0,2234
15_4_10/os_1_com_0_time_0_rcom_0/8.txt,15,4,10,H,8,8f51216d4f8e0d8ab4c16a7d2ceda84aebceccea7bde44d6e385127bb231b2f7,2240
15_4_10/os_1_com_0_time_0_rcom_0/9.txt,15,4,10,H,9,5bd8643316ed3c9e8114ab4f9fb1bc64cf3fd97a8583547fdcf64e9ec3972b79,2235
15_4_30/os_0_com_0_time_0_rcom_0/0.txt,15,4,30,L,0,b25fa5edb3a62d53ea98b173bf30a953f26b8e0c11fa2d2d28af9554551b4329,5773
15_4_30/os_0_com_0_time_0_rcom_0/1.txt,15,4,30,L,1,609243f925dddfdff916ef4bce36ec25e0bf005253c821d6cc76cd6d8387b1a5,5747
15_4_30/os_0_com_0_time_0_rcom_0/2.txt,15,4,30,L,2,f27f2cc47941466f6374886db547992bd5758f765fb8965927165cceecb04578,5735
15_4_30/os_0_com_0_time_0_rcom_0/3.txt,15,4,30,L,3,9fcda859f3675f8a7fbe0bf81323d1c63a3481f019db0dc48874e7819cef7e68,5743
15_4_30/os_0_com_0_time_0_rcom_0/4.txt,15,4,30,L,4,f0dfa1b2ea2df15461d59f67cc1f7b4eb5aeaf3b04f2871ec52f5519ab970c4a,5738
15_4_30/os_0_com_0_time_0_rcom_0/5.txt,15,4,30,L,5,f614b94462bb0e52b356ad4d4a54a16748b932ad6793afa4a52afe924cff96e8,5779
15_4_30/os_0_com_0_time_0_rcom_0/6.txt,15,4,30,L,6,aae22429888a7509f3971fae4fa05d4ab272c05c152e2821bcb6d745e3c86ceb,5702
15_4_30/os_0_com_0_time_0_rcom_0/7.txt,15,4,30,L,7,2cae82256038e79faf77853dd53ac91428310cb177f325b00d3c2f7eb6ba02ea,5773
15_4_30/os_0_com_0_time_0_rcom_0/8.txt,15,4,30,L,8,025d08b6b2e4598e91d944380ca43f34579abf6d3dab6195cd98053ecad1114f,5751
15_4_30/os_0_com_0_time_0_rcom_0/9.txt,15,4,30,L,9,a99f9212ef8996a8b42a8450bfb51af9f242c16358ac204948f2ce38e76df58b,5704
15_4_30/os_1_com_0_time_0_rcom_0/0.txt,15,4,30,H,0,d9deff62c31225103858c797036ce24c95fc7e6ad89947aabcff58716d74207c,5752
15_4_30/os_1_com_0_time_0_rcom_0/1.txt,15,4,30,H,1,e48feaa51fc2580be393d6f9f854b1adcfe11bc42db962840e64d2718b628557,5779
15_4_30/os_1_com_0_time_0_rcom_0/2.txt,15,4,30,H,2,0be565527c2c891f0c330ddeddbdda6d1006c7ad8d25ef65786685c7c78f45c4,5760
15_4_30/os_1_com_0_time_0_rcom_0/3.txt,15,4,30,H,3,92b85513956c641540ee40588f033b2475eb3e77c5501f178e5008e26e138cb0,5722
15_4_30/os_1_com_0_time_0_rcom_0/4.txt,15,4,30,H,4,ff94cc71b66da2ca7c21a9bfc5c9d8b44cf59a96d0d0070e00d309929668c8e4,5743
15_4_30/os_1_com_0_time_0_rcom_0/5.txt,15,4,30,H,5,e6687879e8444abc7ff8e583e3feac833dfbe9937cf1e9baa44ed40821aeffcb,5787
15_4_30/os_1_com_0_time_0_rcom_0/6.txt,15,4,30,H,6,2413da28415ef34dbc80fc07ff788e39e7d075f339b140fe19bbee7733a41c09,5731
15_4_30/os_1_com_0_time_0_rcom_0/7.txt,15,4,30,H,7,8ece12977ce23af11928644e1bb4ad3697e0c8a3874fe4ba3ea545400eba220c,5745
15_4_30/os_1_com_0_time_0_rcom_0/8.txt,15,4,30,H,8,c7b21fc685432532da33c04c0115b6212feaf916691260c58c18fee546ee1eb2,5737
15_4_30/os_1_com_0_time_0_rcom_0/9.txt,15,4,30,H,9,7862253b7df5acc0fe4fde9e7d0eaf4afdef2ea903aa01023f8d00cf8c1d553f,5710
15_4_50/os_0_com_0_time_0_rcom_0/0.txt,15,4,50,L,0,5993343cfe2badb4f63064facb38609e275122c2086ca0b19ff99b43b7383af3,9310
15_4_50/os_0_com_0_time_0_rcom_0/1.txt,15,4,50,L,1,c280e163187f57470eecaf78dad5d0f36a2173256e14eae0aecd59845ba6e1fc,9344
15_4_50/os_0_com_0_time_0_rcom_0/2.txt,15,4,50,L,2,7fb2eb4f0d735c51ae1b15764dba46d381d906c5ec371250c60dae48bd6c8691,9261
15_4_50/os_0_com_0_time_0_rcom_0/3.txt,15,4,50,L,3,98db7b97238f135ae9e216fc1f997606855739160648a3111836771feef0db80,9205
15_4_50/os_0_com_0_time_0_rcom_0/4.txt,15,4,50,L,4,de9046c71f7d89e05141b34f3914e501e2a9d27537c8e9ccaac61476db9f511d,9333
15_4_50/os_0_com_0_time_0_rcom_0/5.txt,15,4,50,L,5,cd8eda176aa2e275b20f11f284b9951c7d6028a8dcb313f69b3be95caabaf2b5,9276
15_4_50/os_0_com_0_time_0_rcom_0/6.txt,15,4,50,L,6,14e142a9cf0e1bcea8b07737c4a03ea0bbcbdf712351bb576f562fc22bb5e019,9292
15_4_50/os_0_com_0_time_0_rcom_0/7.txt,15,4,50,L,7,937a285b14e9873d66c7108ad8b2498502b792b04f56eda7534a1c06dd9139b1,9283
15_4_50/os_0_com_0_time_0_rcom_0/8.txt,15,4,50,L,8,0dbd712a819db7ba365a3a50564015d244f847dc67d265fa923de7b9ec0ee969,9327
15_4_50/os_0_com_0_time_0_rcom_0/9.txt,15,4,50,L,9,fa728bedf34bd6ff3278dbe9e1f06b82ab621d1e8620b53b1502f336114d456f,9309
15_4_50/os_1_com_0_time_0_rcom_0/0.txt,15,4,50,H,0,1601a4fac83dc4e50bb0236c24851c09e23b15765b457893d05992ed25e5ab68,9314
15_4_50/os_1_com_0_time_0_rcom_0/1.txt,15,4,50,H,1,4b4453471cbfe6a84ab548ff71eb6a421a0ab0ef76a3485aefb6fac56bdf7547,9296
15_4_50/os_1_com_0_time_0_rcom_0/2.txt,15,4,50,H,2,9e76069116144db9bbe7d6db86ba9295137bea2a5d99cf0a9a9fe4f198599354,9251
15_4_50/os_1_com_0_time_0_rcom_0/3.txt,15,4,50,H,3,52f7b525bf33f3250655c2056598be2b68701b8d645a4b0d86b1a6ac75f41a33,9223
15_4_50/os_1_com_0_time_0_rcom_0/4.txt,15,4,50,H,4,9c47a1cbba5b2c9603de9f283a1308b411edaf9708e251d6167f415b72053e76,9340
15_4_50/os_1_com_0_time_0_rcom_0/5.txt,15,4,50,H,5,88855bb020d76f3f5909fae327e75db731d4346e926d060ddba5e821c09aaa3f,9303
15_4_50/os_1_com_0_time_0_rcom_0/6.txt,15,4,50,H,6,3327ee6f6fef15ee0691dd4328fe206cbb92b44244f4ef859f679511a3105cea,9344
15_4_50/os_1_com_0_time_0_rcom_0/7.txt,15,4,50,H,7,943e4e012da9e091d937f6d6f87d3d568f9b6c36b2955005421fbe34ada9e3b2,9290
15_4_50/os_1_com_0_time_0_rcom_0/8.txt,15,4,50,H,8,dbade4c0e6ac3ac60d7d9b6289d80632b262333d456a26e223fa20b6b790cfe5,9312
15_4_50/os_1_com_0_time_0_rcom_0/9.txt,15,4,50,H,9,174ff9e4521b0415be08140165bccb011a0fc69fb09d792ffd636e81291d5c41,9290
15_4_100/os_0_com_0_time_0_rcom_0/0.txt,15,4,100,L,0,decdf72e2164da0a769841242ba89d302dca7591a30bd5d70ddc39f9203ea588,18344
15_4_100/os_0_com_0_time_0_rcom_0/1.txt,15,4,100,L,1,9631eea8245bbc18f13fa4b97c86e394335b8eee92baa7b31666ef9f6cdaae27,18370
15_4_100/os_0_com_0_time_0_rcom_0/2.txt,15,4,100,L,2,b1329e6aa2827c0ce3a3d71e550792bee2b7d7b6f1ad67a00c8366fca76909aa,18348
15_4_100/os_0_com_0_time_0_rcom_0/3.txt,15,4,100,L,3,42096141b593fe4eac41fb3d24795a086efff889245640ecadcc50d6888cbd2e,18374
15_4_100/os_0_com_0_time_0_rcom_0/4.txt,15,4,100,L,4,aee9642cc966c1822134715db7944ac7438655fe2c737f4a931e61e1952a3ff2,18384
15_4_100/os_0_com_0_time_0_rcom_0/5.txt,15,4,100,L,5,0c924202414bca984c0496c556fd77163c22d42372cf430540175f2ea400fab2,18341
15_4_100/os_0_com_0_time_0_rcom_0/6.txt,15,4,100,L,6,8d17b1d87ef21fc759f60d877e8156e79921f386e0b5a60d9dd27f1cc9bac0ab,18355
15_4_100/os_0_com_0_time_0_rcom_0/7.txt,15,4,100,L,7,03b117eb4b88710f05f519d25fb30e9c2cd2a909c4452af9134b62c3135b43c8,18392
15_4_100/os_0_com_0_time_0_rcom_0/8.txt,15,4,100,L,8,87b59d416509052bf57da4217d47b3d0f463a9d5777604a92a958452a47b3045,18372
15_4_100/os_0_com_0_time_0_rcom_0/9.txt,15,4,100,L,9,642537ccca5c4a946657e41f4a73ae584ee86aa17b0983cfdf6ad938c026c575,18354
15_4_100/os_1_com_0_time_0_rcom_0/0.txt,15,4,100,H,0,bd54dc7b402590682dc7242a612dc9bbebf97fc4b67e1e6249f30a54122e595e,18372
15_4_100/os_1_com_0_time_0_rcom_0/1.txt,15,4,100,H,1,2ef551645733ba0844ed3a858d1546c9fab4ec6706159c86a52c73328ad7f575,18383
15_4_100/os_1_com_0_time_0_rcom_0/2.txt,15,4,100,H,2,3104a71daef017f8f9d4b37084aebd656062576089afce9907005006d2a8e26a,18378
15_4_100/os_1_com_0_time_0_rcom_0/3.txt,15,4,100,H,3,ef70b8ddd8438aaf762ff113814cc1def6d6eceba1abb7e4be4510f99d100730,18386
15_4_100/os_1_com_0_time_0_rcom_0/4.txt,15,4,100,H,4,b200b4c0ec5b110a80dc005e50cc77dc5896b72720e2c893bf240df394fa3e9f,18394
15_4_100/os_1_com_0_time_0_rcom_0/5.txt,15,4,100,H,5,7c67ccf6a1f26b8cb98ffc43538f8aee2cb4f98265b82f339bfb06cfaa25061e,18368
15_4_100/os_1_com_0_time_0_rcom_0/6.txt,15,4,100,H,6,a250a0f121b018914445d501b3c46f86043e0a51697b55e16c3b17a37e7adaf4,18380
15_4_100/os_1_com_0_time_0_rcom_0/7.txt,15,4,100,H,7,4e300ccf6495953c30bdc1dcd4196ec7f5c59910c9929538037b9ff3844c9dcc,18412
15_4_100/os_1_com_0_time_0_rcom_0/8.txt,15,4,100,H,8,b501a31f25d3e33f069f057a777ae48f84ea940ab2a8d71a0711d7544a495060,18390
15_4_100/os_1_com_0_time_0_rcom_0/9.txt,15,4,100,H,9,942b8edfd858ebd0b96a8118dd40f1a5fbc166595c55fff120e79c7291fb3af2,18373
15_4_500/os_0_com_0_time_0_rcom_0/0.txt,15,4,500,L,0,c8a83d26554827aeb737b74ca91336aa987516d410ba15527b106b3a596ae837,89984
15_4_500/os_0_com_0_time_0_rcom_0/1.txt,15,4,500,L,1,3dfd65680d575b2021e60e4b0b8febf99dc0bcd8659d7c719cb3b06143eee675,90098
15_4_500/os_0_com_0_time_0_rcom_0/2.txt,15,4,500,L,2,4cf1fb2edc36bb4d1e106376db6222a234738b701413efb795aa8dfb7323feb6,90023
15_4_500/os_0_com_0_time_0_rcom_0/3.txt,15,4,500,L,3,4e44d1d295fe048aaf64b6992ef1aa63c60948f54bd7b84812156e2ebe64b2ab,90012
15_4_500/os_0_com_0_time_0_rcom_0/4.txt,15,4,500,L,4,f8380ba76c4414f22237ffbe6e66fac8cd58afccbfdfab9d364763d163c2fbb0,90000
15_4_500/os_0_com_0_time_0_rcom_0/5.txt,15,4,500,L,5,948eb4cbde0b43a2eb2a3b54d039555d10ae2315998f527e61a860096a397af2,90004
15_4_500/os_0_com_0_time_0_rcom_0/6.txt,15,4,500,L,6,383f70d3675e48691a72297d9ea1f20ae0df38f799c67aa7008ff80704f17151,90123
15_4_500/os_0_com_0_time_0_rcom_0/7.txt,15,4,500,L,7,49de0a35fe1000f4e2f9892ea15d8628ff67db2af544fdb6ddd3e04d6c0fc616,90164
15_4_500/os_0_com_0_time_0_rcom_0/8.txt,15,4,500,L,8,7a252b59e74f9a2a10921d7a661321df5bc299b6dc85b21630c4a221d7f56468,90116
15_4_500/os_0_com_0_time_0_rcom_0/9.txt,15,4,500,L,9,7b3adf6a8be5a3ac9bfd280627cbcf461bd91bbcbd3c606b4cea5b09ae4a1932,90076
15_4_500/os_1_com_0_time_0_rcom_0/0.txt,15,4,500,H,0,462e593785de285cd61b25b7beb11ff736b8f0e05c897bfc0d88e6c1ab9453a4,90012
15_4_500/os_1_com_0_time_0_rcom_0/1.txt,15,4,500,H,1,772cdff936a9507a452d25f93e2a35362564974276d49157af526886087b4d29,90111
15_4_500/os_1_com_0_time_0_rcom_0/2.txt,15,4,500,H,2,a7c07fa24d2385fe4bc4a89b59442db7134fe60da8a7472183d9a0eec6fa4260,90053
15_4_500/os_1_com_0_time_0_rcom_0/3.txt,15,4,500,H,3,a716bec9388d15bf21a826b643a48314dcd2d2210719d233a88492113dedcb70,90024
15_4_500/os_1_com_0_time_0_rcom_0/4.txt,15,4,500,H,4,f35f2fe12f2a79247939a88bf2194bb3ec29eea433ed34f66e1fa45bf4fa88d4,90010
15_4_500/os_1_com_0_time_0_rcom_0/5.txt,15,4,500,H,5,ca42482642edd9a0b64f3d0aa16778fdf559af62ec5b253bfdf4173a99039791,90031
15_4_500/os_1_com_0_time_0_rcom_0/6.txt,15,4,500,H,6,970a17d9beaa1b63a23abc62a5ad89ee636a6e5968d3acbfcbe9447287d29d18,90148
15_4_500/os_1_com_0_time_0_rcom_0/7.txt,15,4,500,H,7,4cc8f3113cd90c3b6ebd5006af4e8f73d098ba2b33d4be29118521dc4bd51774,90184
15_4_500/os_1_com_0_time_0_rcom_0/8.txt,15,4,500,H,8,d76f48883979f849ead86c8bcf89f7b0e940f6f0c2a6829d6fe8749371e4a08e,90134
15_4_500/os_1_com_0_time_0_rcom_0/9.txt,15,4,500,H,9,763e3216536a01f1fdfda1570e365762135b3add0029aa47f140671d6395d7e7,90095
15_4_1000/os_0_com_0_time_0_rcom_0/0.txt,15,4,1000,L,0,eb03f664a68d3f28cc52a14399995b12b19297a399ff04c6945ae387119d424c,179567
15_4_1000/os_0_com_0_time_0_rcom_0/1.txt,15,4,1000,L,1,a5917de89374c617af824326a819a6efe47bd0a249e34770adde3e98a96e0630,179620
15_4_1000/os_0_com_0_time_0_rcom_0/2.txt,15,4,1000,L,2,ea19ad6f1fb2ca4fa797a2395c3ad0e45eab73664d4fd58df82006d5d5ed6511,179684
15_4_1000/os_0_com_0_time_0_rcom_0/3.txt,15,4,1000,L,3,a0fe53375d65f77bd6c1abc43701b73bd1e44c1dab9d1072a5cd26d98c4fb4f9,179596
15_4_1000/os_0_com_0_time_0_rcom_0/4.txt,15,4,1000,L,4,fa452896daed821539bd2146484ec6bcbf543b53818cd816e6748ec8a860fd79,179641
15_4_1000/os_0_com_0_time_0_rcom_0/5.txt,15,4,1000,L,5,e85f8c171efd480d5789798dd8abcb87b20fb658e29888a528aeb9041e5a94f1,179614
15_4_1000/os_0_com_0_time_0_rcom_0/6.txt,15,4,1000,L,6,76db9b5fa7adbd04be4f3d99bbed6877f1c581b33c3833aaa2b15c15ca79663d,179751
15_4_1000/os_0_com_0_time_0_rcom_0/7.txt,15,4,1000,L,7,7187bd45668f07cbe641690def96f522b684c748e10b93b36d5ae8049cf48bf9,179878
15_4_1000/os_0_com_0_time_0_rcom_0/8.txt,15,4,1000,L,8,fa686ef2e2d877b4c51a7c5e48e46245d3a5ef4ac92f7b5ce90d7f72604ff15a,179792
15_4_1000/os_0_com_0_time_0_rcom_0/9.txt,15,4,1000,L,9,005108e642770815eb302fc8fcdb0d288c29ede3ba852cc2d861e3cd5f7a4cd0,179774
15_4_1000/os_1_com_0_time_0_rcom_0/0.txt,15,4,1000,H,0,53003dafde03be780e5426512ecfd4082cf7fcb2a4ab34630198cf659abb39f0,179595
15_4_1000/os_1_com_0_time_0_rcom_0/1.txt,15,4,1000,H,1,c5cd503c20e9ea181c98744589c0aabc6c96ef720387cca4b3a26e4aa7835027,179633
15_4_1000/os_1_com_0_time_0_rcom_0/2.txt,15,4,1000,H,2,3b62500d47045f9b9f8deb2f9f02f5b01ccf9ca01d46ad5e91be91fb0d3da6e3,179714
15_4_1000/os_1_com_0_time_0_rcom_0/3.txt,15,4,1000,H,3,413133c176a987417a31fe18c9a3bd9cc7d23532e718fca13ed7686be79410e6,179608
15_4_1000/os_1_com_0_time_0_rcom_0/4.txt,15,4,1000,H,4,172659d55ef6f423584382b2a6bc8b2c58fabb10f403be34a25311d038a87ac1,179651
15_4_1000/os_1_com_0_time_0_rcom_0/5.txt,15,4,1000,H,5,9b4a21cebb38fcf0de7551b264606864e63b528655bf400f3c44b4cccd3a4a31,179641
15_4_1000/os_1_com_0_time_0_rcom_0/6.txt,15,4,1000,H,6,325278aef5e8c0cdc658d6993503c3dd7341cb86d92ef68d2b98f340b3cd9c30,179776
15_4_1000/os_1_com_0_time_0_rcom_0/7.txt,15,4,1000,H,7,b76a1f54245a93b4a3c4a0edce976398983cefd4cf71f67f6154acb84937a0b5,179898
15_4_1000/os_1_com_0_time_0_rcom_0/8.txt,15,4,1000,H,8,e39f4408bfe0c1d2159be2d572f63ff74af5ed933fe9ed15b1e0736f9b7e8338,179810
15_4_1000/os_1_com_0_time_0_rcom_0/9.txt,15,4,1000,H,9,4ad7f74e68759c9e2c67289f27e86c372540d9e4c10bee9fe561018c144c411f,179793
20_2_10/os_0_com_0_time_0_rcom_0/0.txt,20,2,10,L,0,ba39557359a3b126fd6fab2eaac4d1b9ade2e159b96ac67f3fd425cfa8a7d9b4,1646
20_2_10/os_0_com_0_time_0_rcom_0/1.txt,20,2,10,L,1,5b32c0b61c21fc64116aa75e615f303e60e98403a837c281f13e716c7089725d,1656
20_2_10/os_0_com_0_time_0_rcom_0/2.txt,20,2,10,L,2,1f849e4dc29d88e647b93f86b98e12fbadfa6c72efe3c15e3fb07550c7286da3,1634
20_2_10/os_0_com_0_time_0_rcom_0/3.txt,20,2,10,L,3,9badb926788f886622fe9665fcbaca762f4601401e5f8aaeaf9b82b21df4ced1,1635
20_2_10/os_0_com_0_time_0_rcom_0/4.txt,20,2,10,L,4,4a01afb05e6abf01f1777797b31013eca123cc2134d6c2d7fd1fa3abe8fd645e,1653
20_2_10/os_0_com_0_time_0_rcom_0/5.txt,20,2,10,L,5,e93b0cd051a7e24f177594f1e9778a7e494cc3cde294fb8e76b1fcd17daa53fb,1678
20_2_10/os_0_com_0_time_0_rcom_0/6.txt,20,2,10,L,6,d5378ee0dbdcb7bf5c98f0720c350581e4979aa16d9eebeb910fda51bb82f7b8,1659
20_2_10/os_0_com_0_time_0_rcom_0/7.txt,20,2,10,L,7,3b3c4883c35c9cd2b46e6f3b461a6c7726bbf7d6c69b0dadcb2fa1c4192326f2,1639
20_2_10/os_0_com_0_time_0_rcom_0/8.txt,20,2,10,L,8,e74768ada5b2874fb3df39b1a121743f90beed54a9ed2441572ef10477bd4318,1633
20_2_10/os_0_com_0_time_0_rcom_0/9.txt,20,2,10,L,9,7ae5746054a5c64c8bd31b5caf2722eada39414b20289faec981159fdedf4a8d,1651
20_2_10/os_1_com_0_time_0_rcom_0/0.txt,20,2,10,H,0,2f6eafd29ae3c4583fcf5d3cbd6b951209b57d05355201bf9a6df2b6fd046d9f,1655
20_2_10/os_1_com_0_time_0_rcom_0/1.txt,20,2,10,H,1,fdb657ef116866038c0cc8e1e8c68be199ca1da349aa286fb9d38ec4d1553c25,1679
20_2_10/os_1_com_0_time_0_rcom_0/2.txt,20,2,10,H,2,27bf95feec126b08c94623f44730059bf30f532b06a0a1104988027e1a0fc164,1646
20_2_10/os_1_com_0_time_0_rcom_0/3.txt,20,2,10,H,3,54490e06312280f0a85ef4a2f7d9f09f8a14290290b57efd868df1f366632943,1654
20_2_10/os_1_com_0_time_0_rcom_0/4.txt,20,2,10,H,4,54de0c0e48790479345d01bd1ef536c8d8fc0bdd4f62fda6adc69c555af80c7b,1655
20_2_10/os_1_com_0_time_0_rcom_0/5.txt,20,2,10,H,5,24ed33b600c616ded7250a677f829aba658d832a588ae28d3bdbdc82b2064003,1668
20_2_10/os_1_com_0_time_0_rcom_0/6.txt,20,2,10,H,6,e4e06fdd3c7045a8f71948f770c7f1e96e209fc7d2544fb9e2c12b5850783f71,1654
20_2_10/os_1_com_0_time_0_rcom_0/7.txt,20,2,10,H,7,8161356f7f9bb50bd19cc631cc0a0db8987a66b9daad286689614c0a235b6451,1653
20_2_10/os_1_com_0_time_0_rcom_0/8.txt,20,2,10,H,8,862c3598918a9522330677b3def5fe1081b51dab4c9f9091beb2c551fc101aec,1662
20_2_10/os_1_com_0_time_0_rcom_0/9.txt,20,2,10,H,9,55f8e8202595ae9405922bf5b9d2b882cb3486c9067f741e0e71221487295dfa,1646
20_2_30/os_0_com_0_time_0_rcom_0/0.txt,20,2,30,L,0,3e4890b8fa5ca4612acb62b0bfee10b8a1d139ecf28133a83ed7fdd97c5459f9,3960
20_2_30/os_0_com_0_time_0_rcom_0/1.txt,20,2,30,L,1,aa47cb3eebee75b04850e9eebee039f56598be5bce65073115b47411584805f3,4018
20_2_30/os_0_com_0_time_0_rcom_0/2.txt,20,2,30,L,2,bcaf5c6f2769ea07d4491fcd1214b1678edf0fdac4059eaf4f19560ceaf7adcc,3988
20_2_30/os_0_com_0_time_0_rcom_0/3.txt,20,2,30,L,3,7be2d161fefde4015a1771597ef339b4a278798f2dbc97789ea6007d3608b53d,3971
20_2_30/os_0_com_0_time_0_rcom_0/4.txt,20,2,30,L,4,23ff3f3d81136c62b5e0e3de4cf294df31e832d12eadb4ee5638e20a5d649c86,4009
20_2_30/os_0_com_0_time_0_rcom_0/5.txt,20,2,30,L,5,843fcf26245311d0f8410e8f5c3c768d0c1ced80f4d3de7b79308edc859bf56d,4004
20_2_30/os_0_com_0_time_0_rcom_0/6.txt,20,2,30,L,6,d51de2d232ff0b5a476aa90715da5bdd99cf2a736684a0f20b79c17698f9f4e7,3958
20_2_30/os_0_com_0_time_0_rcom_0/7.txt,20,2,30,L,7,b9198976220d195349c7c7cb43586bf8c7d6a2f9ef31de05bed83275603520eb,4004
20_2_30/os_0_com_0_time_0_rcom_0/8.txt,20,2,30,L,8,e75a273f28d41d613e7ae07a5cb3ae54abd684a55d3e5e512d51d7689555282d,4043
20_2_30/os_0_com_0_time_0_rcom_0/9.txt,20,2,30,L,9,889843c150a2e59b1daebd3142231eb435046a118171dff6f34d35d7c9d0d3cd,4018
20_2_30/os_1_com_0_time_0_rcom_0/0.txt,20,2,30,H,0,6c34141eb0a81035628ffd4d08709e7e3d392e00f4f086442e28dd295e269dd6,3971
20_2_30/os_1_com_0_time_0_rcom_0/1.txt,20,2,30,H,1,17fd29f9a9e628f9fe6261b393b7a1a1210731de5d195f4e221564a3cdcf6629,4014
20_2_30/os_1_com_0_time_0_rcom_0/2.txt,20,2,30,H,2,f460ec61dd6fd7abc4feafd7c249cf9af8dc30ae20d8ad1cee1fce16209c8c38,4003
20_2_30/os_1_com_0_time_0_rcom_0/3.txt,20,2,30,H,3,8583c1df0d6f9e3fba342499f9b2f268090aa65bbc82130ad011539befe60d4e,3983
20_2_30/os_1_com_0_time_0_rcom_0/4.txt,20,2,30,H,4,8ec91607559a318f252b3d3da328d05cca074216974dc6420b66077a29f03498,4006
20_2_30/os_1_com_0_time_0_rcom_0/5.txt,20,2,30,H,5,b00976d83a6c35a1105c72f1b59a021b3a638d13ba6381992b8212fca90a1c50,4003
20_2_30/os_1_com_0_time_0_rcom_0/6.txt,20,2,30,H,6,e81889a06d4e25c9beca4f54755a037bab8326a13cd6aa01c339fa7e2f260190,3975
20_2_30/os_1_com_0_time_0_rcom_0/7.txt,20,2,30,H,7,fa6c83925bf93be64d9c20105089b4afa9c9ed3b90b9f8721f0fc6ea678c5911,4020
20_2_30/os_1_com_0_time_0_rcom_0/8.txt,20,2,30,H,8,c52c076e49b8644bad91584a68bdf2a3dd3e879feb07a2ffb4713076cf00396e,4030
20_2_30/os_1_com_0_time_0_rcom_0/9.txt,20,2,30,H,9,2bb9f2e56d5b5dafdafe08bdc18357021135fe22499b31a0294c3b3cb93f00df,4044
20_2_50/os_0_com_0_time_0_rcom_0/0.txt,20,2,50,L,0,dd5ba1a6939609ed34a1850cae85c961bcc4d3853341bc8b5fe4d2c9dbdf6764,6390
20_2_50/os_0_com_0_time_0_rcom_0/1.txt,20,2,50,L,1,12aa7eecaaaaf03f180855a29a110e0f48638ec9c561ad396e0b83a6bd433e56,6388
20_2_50/os_0_com_0_time_0_rcom_0/2.txt,20,2,50,L,2,670fe4d30a93f740e350d56e7bc2907ac6d2950bf845b98160259fcb6b77715f,6388
20_2_50/os_0_com_0_time_0_rcom_0/3.txt,20,2,50,L,3,9d35c0cf69519f36f44ac5274139ff859f3bc9c658fac4c7e7bb8fe50600ef28,6386
20_2_50/os_0_com_0_time_0_rcom_0/4.txt,20,2,50,L,4,7937cce7dd5145fa8479e7139042aaee056f1e4591827bff5af30d1290ab8fea,6306
20_2_50/os_0_com_0_time_0_rcom_0/5.txt,20,2,50,L,5,9e9d61427e785d83dbea6e63141951028981dbd3821c4779b0dba5f4f9e587db,6396
20_2_50/os_0_com_0_time_0_rcom_0/6.txt,20,2,50,L,6,3b10ea5c033df5067f5ef3f7f05dbbb88daff451d7b664c359899dd0bd0be705,6388
20_2_50/os_0_com_0_time_0_rcom_0/7.txt,20,2,50,L,7,e5a8d29277c26a228835f8f9efd3bb6cabb3ec216fca4d3e86f099d5f67c8b31,6370
20_2_50/os_0_com_0_time_0_rcom_0/8.txt,20,2,50,L,8,7ac057cb409c0b2a6b893b6e0c9b08fca8e6d0e4f097c141e2d6f139e3f9eaa6,6398
20_2_50/os_0_com_0_time_0_rcom_0/9.txt,20,2,50,L,9,c6de90ae408930c7e3082468ddb017f0ad74e1ea6eebf96e36c206ea2f8f45dc,6329
20_2_50/os_1_com_0_time_0_rcom_0/0.txt,20,2,50,H,0,fefc2774a0ac082590a0d26a73bce82909aec963251a8d11ae464519d2ec22e1,6375
20_2_50/os_1_com_0_time_0_rcom_0/1.txt,20,2,50,H,1,6685b1967bd957d93731df496fdc03caa4d2c3ad5dbfb4b245295a9d5ba2d505,6438
20_2_50/os_1_com_0_time_0_rcom_0/2.txt,20,2,50,H,2,a2fd3e42c50a3edd7bbcc5d717fe99a4233cddcfa29e723240ddd46a1d2ea5a7,6407
20_2_50/os_1_com_0_time_0_rcom_0/3.txt,20,2,50,H,3,5a03ac329aa5157e8cc702185b7a4ba6694848aac83f5f383bb1549b8c853cae,6384
20_2_50/os_1_com_0_time_0_rcom_0/4.txt,20,2,50,H,4,8c0ce6867d61f06124ab57f51cd5fc815c947184e8f17145ec00d68ee418a584,6318
20_2_50/os_1_com_0_time_0_rcom_0/5.txt,20,2,50,H,5,a691b5f46789fe542bd670fa4c3d4a6c8e1bc2537c7f68a20b889bc7e1519220,6412
20_2_50/os_1_com_0_time_0_rcom_0/6.txt,20,2,50,H,6,9362e4fa90dfc306bee1efd7df3de77c68d73ba587b4222908b03389eeb75e72,6400
20_2_50/os_1_com_0_time_0_rcom_0/7.txt,20,2,50,H,7,358ba2d401e7124c34dfa06b1a24e0c629ddc385d3feb6690838dcab26571ac7,6373
20_2_50/os_1_com_0_time_0_rcom_0/8.txt,20,2,50,H,8,fb8df8512f7a557ecd4d74642fca3d388163f6bf187dee727413513c85944e5f,6405
20_2_50/os_1_com_0_time_0_rcom_0/9.txt,20,2,50,H,9,f0fbf3d57b51fd48b1b4aa56f49e770439506acfca7501e380a1c71c3803f159,6360
20_2_100/os_0_com_0_time_0_rcom_0/0.txt,20,2,100,L,0,4ccc9128ebc282add0552f1cff0f05de036d7983b8794757fb55b175ded64b6c,12450
20_2_100/os_0_com_0_time_0_rcom_0/1.txt,20,2,100,L,1,29ccc36d4f766463734527f8be58164df1126d6e8304a16c6def2cf76454b94c,12463
20_2_100/os_0_com_0_time_0_rcom_0/2.txt,20,2,100,L,2,77966ffb333a7cc152d5309ca18a7f1bbfd002572de39b08a6ad5596e53dd0c2,12406
20_2_100/os_0_com_0_time_0_rcom_0/3.txt,20,2,100,L,3,a3ccd5f80fbaef75288e1f126ead999c4b27432aad4a04bb0bce04618fa04daa,12452
20_2_100/os_0_com_0_time_0_rcom_0/4.txt,20,2,100,L,4,9cd092f1d6e7436f9cff7ca26cedb366d144eaea7a2ccfdfa28e308e351e5959,12464
20_2_100/os_0_com_0_time_0_rcom_0/5.txt,20,2,100,L,5,ad349b3b0d01214d71344bc9ac4cc084f11c5e28d8c80493546d0c2151db6361,12441
20_2_100/os_0_com_0_time_0_rcom_0/6.txt,20,2,100,L,6,9d31f92175781e2e2b0031b554f18e968748116875a93d64d86cc85855f612df,12456
20_2_100/os_0_com_0_time_0_rcom_0/7.txt,20,2,100,L,7,e5296a0208eab8fd1a1ccec8b97ae6d9dbe61ca9625c52f021468bb0459bacd5,12439
20_2_100/os_0_com_0_time_0_rcom_0/8.txt,20,2,100,L,8,0e1d5e230757a0cb7194f06b137df15cce8fe3f026c4ddbba656d6ade49bb30b,12416
20_2_100/os_0_com_0_time_0_rcom_0/9.txt,20,2,100,L,9,4cfb086735d412929ebf32e57fdc06db23a42cb7c80d3c97f087db38173feab7,12425
20_2_100/os_1_com_0_time_0_rcom_0/0.txt,20,2,100,H,0,3371277bf3b14d603844ccac63b4338ce4baa96567abe86511755736fe45e705,12487
20_2_100/os_1_com_0_time_0_rcom_0/1.txt,20,2,100,H,1,3ed75c3fc5bc0d8b88dd4b3ba7c19c6c1ebd878dde3ed8ca63a1e7a05119865d,12481
20_2_100/os_1_com_0_time_0_rcom_0/2.txt,20,2,100,H,2,848ace64913eea6fb305ddf1a70711a64ddd05500a417a0273f030926067bc79,12434
20_2_100/os_1_com_0_time_0_rcom_0/3.txt,20,2,100,H,3,a9b964b9a21fe2cf152648023e725c30d0df231234c2fafd1fdafa692dfc8603,12484
20_2_100/os_1_com_0_time_0_rcom_0/4.txt,20,2,100,H,4,60acbc8c5bca25daaeb95bfaea98ccc098ea0b701f2ce18e6a67f66172949a21,12486
20_2_100/os_1_com_0_time_0_rcom_0/5.txt,20,2,100,H,5,ffd9207c2fd878e3a763c17b4b634dc477c11615a8f187ab46403c6136f6fa27,12460
20_2_100/os_1_com_0_time_0_rcom_0/6.txt,20,2,100,H,6,632337d0e0bf8e168295604ee9b0fdc8d024c9448090bcfffbfb611a835d111c,12491
20_2_100/os_1_com_0_time_0_rcom_0/7.txt,20,2,100,H,7,8caca13535b158d409211a482bfaf58532ec5b32bcbe5471001ea4f69b3d5826,12471
20_2_100/os_1_com_0_time_0_rcom_0/8.txt,20,2,100,H,8,ce18eb2d5d697fcb909631d27505323fda2bf55ed4a67cfbae19ae967d053dcd,12432
20_2_100/os_1_com_0_time_0_rcom_0/9.txt,20,2,100,H,9,edb88f8b40a31f054314d7353580f845dfc2cb9c0d48a7345ea499fc8000cbcc,12455
20_2_500/os_0_com_0_time_0_rcom_0/0.txt,20,2,500,L,0,25f1c6de0f9e1aacdaf290a9a6a60d012855b240fe22cf750f508283c708cd4b,60408
20_2_500/os_0_com_0_time_0_rcom_0/1.txt,20,2,500,L,1,f1b35dae5d3e6c5f89e15a4eb6234be9fa88bd7462b6bd31f27467e16d6d6a26,60487
20_2_500/os_0_com_0_time_0_rcom_0/2.txt,20,2,500,L,2,e04822fcd05d7b16a18d6053ae0448aef3056df9bae71a7f52ef8824232b1c7f,60298
20_2_500/os_0_com_0_time_0_rcom_0/3.txt,20,2,500,L,3,fca010784f1adbfa71de9fedfda4abe01c4ce62ee686f1b89a08ff6dc88f4118,60500
20_2_500/os_0_com_0_time_0_rcom_0/4.txt,20,2,500,L,4,af7958b31a1d1d5b9f5d4f6b9324e49cbab7aa78e9704db2200c105b84fada81,60434
20_2_500/os_0_com_0_time_0_rcom_0/5.txt,20,2,500,L,5,7eece5aebc1363612c8087c02f5ba280d1125dc5ff232e763ebc41cf99775b2a,60323
20_2_500/os_0_com_0_time_0_rcom_0/6.txt,20,2,500,L,6,031d5de70dd04850c3cf6aebf0f2ca1808c1918c83d4f8d9c0b62b1d237dd1a7,60382
20_2_500/os_0_com_0_time_0_rcom_0/7.txt,20,2,500,L,7,7e54ad0c25a84ad290debef948e04dd5b9eaf4be59b0311b46d098c49ee221f8,60421
20_2_500/os_0_com_0_time_0_rcom_0/8.txt,20,2,500,L,8,3688ad2ea1271bb10ca9ebbd80a21bc109dabd9c07b2ce99b2d01a75ec8bc8ae,60316
20_2_500/os_0_com_0_time_0_rcom_0/9.txt,20,2,500,L,9,ab6ac0d69493a40924e257c5da8305ea262db9cc86734c1eae5f050e1f42ae59,60376
20_2_500/os_1_com_0_time_0_rcom_0/0.txt,20,2,500,H,0,c6ba7063873e28fac1a666dd5071d3f869493961e52140cb7e376e5c5c2682d4,60445
20_2_500/os_1_com_0_time_0_rcom_0/1.txt,20,2,500,H,1,0cdbc51e9e60304f9893081a8dd58f611e328b60e01da58f229386716489d44c,60505
20_2_500/os_1_com_0_time_0_rcom_0/2.txt,20,2,500,H,2,5cdd2865f636bc514141f050e5298e6e26994597a9be01b58f3635785a26f332,60326
20_2_500/os_1_com_0_time_0_rcom_0/3.txt,20,2,500,H,3,e73deecda022df89718da46070fb93813a8e5e4cce1ee7d456e7a9fb70e95ccc,60532
20_2_500/os_1_com_0_time_0_rcom_0/4.txt,20,2,500,H,4,df22b7f8f4e4ac0ba9ee8cae6306051b0263b95ff5f49a87756af04a433c1be1,60456
20_2_500/os_1_com_0_time_0_rcom_0/5.txt,20,2,500,H,5,b1cf37bd2888d706539131d6cab20386de2b6d02ed2c4d64bca2261476adf2a4,60342
20_2_500/os_1_com_0_time_0_rcom_0/6.txt,20,2,500,H,6,0237c6395953d6f831bd9c6b9b7a4771dc78dd6ba1a575d6982a79a941c12496,60417
20_2_500/os_1_com_0_time_0_rcom_0/7.txt,20,2,500,H,7,8ec6aa97edac3c5c187b7b03c6ac04ed619c880d673cfc0e076f959f0288378c,60453
20_2_500/os_1_com_0_time_0_rcom_0/8.txt,20,2,500,H,8,49c32bf59b931c7e10e5813bbf5f31a0db9db4b54cb41abc3ab1e5d0820562fa,60332
20_2_500/os_1_com_0_time_0_rcom_0/9.txt,20,2,500,H,9,5a687909a1e39764d23aad89750e079ec7e867e488411a2af143bf2d3d75275c,60406
20_2_1000/os_0_com_0_time_0_rcom_0/0.txt,20,2,1000,L,0,b38b47f2e5a68405f709b7a47b1f1f898a7e4625214401a0c8b9f82380df986a,120412
20_2_1000/os_0_com_0_time_0_rcom_0/1.txt,20,2,1000,L,1,9b509a9bcab52c1e360c854c1ac5738152d22174c5470c03c049b324191dde8d,120477
20_2_1000/os_0_com_0_time_0_rcom_0/2.txt,20,2,1000,L,2,5350dc8a26cf732bf491f7fc9bc8d52096151bf21bdc89b15afcd80f435da855,120229
20_2_1000/os_0_com_0_time_0_rcom_0/3.txt,20,2,1000,L,3,e64fdff988ae84e5c20fc4e97583287fa44e2f5d9eddef3f0a718b1674fb2232,120526
20_2_1000/os_0_com_0_time_0_rcom_0/4.txt,20,2,1000,L,4,04684f17db16ac950d50207745845ef06c52a0308f57dd0286ef5691566a6b55,120371
20_2_1000/os_0_com_0_time_0_rcom_0/5.txt,20,2,1000,L,5,8697cdaa1e1523199c5758c48dfad03dcd2d2630c0eba9ad698cb8dc4429af69,120142
20_2_1000/os_0_com_0_time_0_rcom_0/6.txt,20,2,1000,L,6,bd6a734188ddaed31876edc6d5daabb13a57b78647645f2e853bbb85ad4d6589,120429
20_2_1000/os_0_com_0_time_0_rcom_0/7.txt,20,2,1000,L,7,27553e1fede3c7f1b16825d1c5eb16331e9b1ad13f1655d043118aa0ea04522a,120334
20_2_1000/os_0_com_0_time_0_rcom_0/8.txt,20,2,1000,L,8,2058ffd3dd24b217b6097eb272395ee6b55960a296c1a957cf0536105ab5d894,120084
20_2_1000/os_0_com_0_time_0_rcom_0/9.txt,20,2,1000,L,9,b79c07315d8deaa5b10e3b3aa738076f71b2ee637e4f7cb982cf3b3a8d9784f0,120340
20_2_1000/os_1_com_0_time_0_rcom_0/0.txt,20,2,1000,H,0,6474beb119857718254d5af3bb8ead9ce12b237c7da970c472c3d7bbcf631203,120449
20_2_1000/os_1_com_0_time_0_rcom_0/1.txt,20,2,1000,H,1,4bb6a7624b79cdb137b2f5d1eae0e02a9c77328bae8767098fb3128b5d8be0a7,120495
20_2_1000/os_1_com_0_time_0_rcom_0/2.txt,20,2,1000,H,2,727cc0770d8fd0b3246c1b01bae7149e4ce9dc4952183a7d67ca9f0a819a23f8,120257
20_2_1000/os_1_com_0_time_0_rcom_0/3.txt,20,2,1000,H,3,7090aeb62c36cce2165c7de500baf6dbf2b23d7b858cb0476dd3f6b7e24f5c44,120558
20_2_1000/os_1_com_0_time_0_rcom_0/4.txt,20,2,1000,H,4,33c7fd860498e471dd9512edb73fa2bce894491308292384451181307baed86e,120393
20_2_1000/os_1_com_0_time_0_rcom_0/5.txt,20,2,1000,H,5,c39c3f0777f8eb0a7a0989e002568738f6197993c5cdf6ab2c9ede4d904a2f81,120161
20_2_1000/os_1_com_0_time_0_rcom_0/6.txt,20,2,1000,H,6,8edbc3610d1616275495dd7864aa1f7ba556dde1b03ad0e15f4de5773adf836e,120464
20_2_1000/os_1_com_0_time_0_rcom_0/7.txt,20,2,1000,H,7,1f89d2c1ab6f53e7a3bbc5cf60333e7ca983db8ae9bd62772281715f20d14126,120366
20_2_1000/os_1_com_0_time_0_rcom_0/8.txt,20,2,1000,H,8,7228606a588de877010e96893c7dd24aba80893a6ba8d3199946b1b6c42e0251,120100
20_2_1000/os_1_com_0_time_0_rcom_0/9.txt,20,2,1000,H,9,625fe155d43e1fc1d083025cd8327df7c6f4ca0e76964247357b0e8f97af80e4,120370
20_3_10/os_0_com_0_time_0_rcom_0/0.txt,20,3,10,L,0,4697e103638c678648e41c9c603cd06c2b32a1f5e60251b537a9e4c5949d5a19,2260
20_3_10/os_0_com_0_time_0_rcom_0/1.txt,20,3,10,L,1,be482ba7e3b8387038e115d2311727c6ec3cedc84ff8d0feeb6699cff20fc4a4,2285
20_3_10/os_0_com_0_time_0_rcom_0/2.txt,20,3,10,L,2,161f5e712e931621cb432524b083c1a127bc79178f1e02f467cd6ddb373195b2,2258
20_3_10/os_0_com_0_time_0_rcom_0/3.txt,20,3,10,L,3,09b88a55e76812f0671453b328e6eb9fbcee9e35ffdcc08548503d4e9ed0f460,2268
20_3_10/os_0_com_0_time_0_rcom_0/4.txt,20,3,10,L,4,c50716aed4ee9f06ece68e22c564657573bfc715eb3a6cbd5d918712f5c9e00a,2274
20_3_10/os_0_com_0_time_0_rcom_0/5.txt,20,3,10,L,5,1bdd57b4cbe2eba003595ca8d908192799739532a05d00f72703952e994b5654,2300
20_3_10/os_0_com_0_time_0_rcom_0/6.txt,20,3,10,L,6,25f4556a9bbf21e82fd85c9f533a03f1d049adb7b1f65871a2dd3257bc8e1adb,2295
20_3_10/os_0_com_0_time_0_rcom_0/7.txt,20,3,10,L,7,24ea036e5d88ab349bd9bc51000d7a429bacee7d5f0035f67dfbddd1c93fd16c,2264
20_3_10/os_0_com_0_time_0_rcom_0/8.txt,20,3,10,L,8,2b4665e396c65b002c321e8a14d8f8e66c4d9e4acf7679bbd11ad3d348853838,2246
20_3_10/os_0_com_0_time_0_rcom_0/9.txt,20,3,10,L,9,31e46774b1c8b364d882bf472f63e0b88c695089593a096ec4b7bb6b72ca3e48,2287
20_3_10/os_1_com_0_time_0_rcom_0/0.txt,20,3,10,H,0,ca7d15985e633c4714c7e322d47096ccbee480297699ea8f618f95128dd9fa20,2282
20_3_10/os_1_com_0_time_0_rcom_0/1.txt,20,3,10,H,1,a104d450561ea0c8d443480894843aeb176f44f6d4f3b9e4e683fc5bad2c3801,2301
20_3_10/os_1_com_0_time_0_rcom_0/2.txt,20,3,10,H,2,d0a505643935406350a14f0b498ee24a7216c8cdf2b9e35c28f523260c38d49a,2282
20_3_10/os_1_com_0_time_0_rcom_0/3.txt,20,3,10,H,3,0294d0684e03d8840729ad3dd60893bd1b2ac29bd18b113f0d3770a448e916d2,2286
20_3_10/os_1_com_0_time_0_rcom_0/4.txt,20,3,10,H,4,034fce7f72afd0d7d14fbbdb03defcbe07e275feec97e43d2bab502585bc62c8,2286
20_3_10/os_1_com_0_time_0_rcom_0/5.txt,20,3,10,H,5,9b8936b6e5654caf7355c36e121523b02938d088409b23b47d6526edd101c054,2289
20_3_10/os_1_com_0_time_0_rcom_0/6.txt,20,3,10,H,6,d97c8fe17289130175576e5b239d7a18e97feb5e8383519f0048be41d2df6e32,2289
20_3_10/os_1_com_0_time_0_rcom_0/7.txt,20,3,10,H,7,f64246cc0d3da73c147788898fb7f1e79b61c07652e5f9ad3757644f0a2d7ffb,2300
20_3_10/os_1_com_0_time_0_rcom_0/8.txt,20,3,10,H,8,0ad8d46f16e4f01ca2af3815693d3e3d7f7a7858389119071e177c4d734872a8,2277
20_3_10/os_1_com_0_time_0_rcom_0/9.txt,20,3,10,H,9,0ce27087d60a9f3f326d530ff7e7a594d6c32908847932f3ae5cbe59270f6365,2279
20_3_30/os_0_com_0_time_0_rcom_0/0.txt,20,3,30,L,0,a1ac3ec3f6d354c0891584544c33b99d5a53dfcdb65a295f924f151ef8a6af53,5756
20_3_30/os_0_com_0_time_0_rcom_0/1.txt,20,3,30,L,1,26e9ecd8f881a7ec17363f3b0dcbec3bd041b62f0aaa4934d501d14d6b7ca12c,5790
20_3_30/os_0_com_0_time_0_rcom_0/2.txt,20,3,30,L,2,c7d3c7205d8e165669edac2171df123544fe6b08f7cee2a2210a8c7bb1a45c30,5799
20_3_30/os_0_com_0_time_0_rcom_0/3.txt,20,3,30,L,3,0a740fe7d46f2018890bc152ee887a1da0cbf9b8083ff46d3b7f1a50fdf8ce5b,5807
20_3_30/os_0_com_0_time_0_rcom_0/4.txt,20,3,30,L,4,886a815d7ca058eff8e9decda2e56a11b28434d88c2d76ffc6774da2b8899183,5760
20_3_30/os_0_com_0_time_0_rcom_0/5.txt,20,3,30,L,5,5a98881d9e082ab01b4f689452462b2e3eee1cc77e5a95797c942130dfc1ad95,5823
20_3_30/os_0_com_0_time_0_rcom_0/6.txt,20,3,30,L,6,683b4ee7bc747e5850a5a08dd501eb233d1b9df8de8ffc4ecf1a10a905542698,5802
20_3_30/os_0_com_0_time_0_rcom_0/7.txt,20,3,30,L,7,e80204e94f4d40a25982c19c676d5cd20dce5877d25da45fd0a5b7590c0a95cc,5803
20_3_30/os_0_com_0_time_0_rcom_0/8.txt,20,3,30,L,8,b65736d5722addeeab2beb042c07437166d0b59ea350651dc6a3b2c02a4d88ba,5853
20_3_30/os_0_com_0_time_0_rcom_0/9.txt,20,3,30,L,9,953fc36067849400063876c5729b6cc6efc4cb4683085d7953bde51260b35817,5751
20_3_30/os_1_com_0_time_0_rcom_0/0.txt,20,3,30,H,0,0ddd880fda8572c710f2980f77929bd20b1f9152ca76035cc159ba4122d0354b,5757
20_3_30/os_1_com_0_time_0_rcom_0/1.txt,20,3,30,H,1,3335d4935f7c3a7c6b7eece7a219c31ba28d711a6747431a503a887bf227a78b,5813
20_3_30/os_1_com_0_time_0_rcom_0/2.txt,20,3,30,H,2,62602a941c03b01c6938aeab8114c9ccb587bb6c5f3503828788bf227acd972c,5798
20_3_30/os_1_com_0_time_0_rcom_0/3.txt,20,3,30,H,3,53611dfb16a6b446e1900aff509365b9d127f2b2e7238164b6a995f551267650,5825
20_3_30/os_1_com_0_time_0_rcom_0/4.txt,20,3,30,H,4,2866da9b0312d877e39ca64d359cec5406f032d06decb1215bf880a12e2c4ece,5810
20_3_30/os_1_com_0_time_0_rcom_0/5.txt,20,3,30,H,5,f1170e1c3496a2f3b6d2ca46bf92584cdc9b35012be3a2b6aa3429650a9783db,5824
20_3_30/os_1_com_0_time_0_rcom_0/6.txt,20,3,30,H,6,4d541a2b0b1df5335379b61c38cf6b9bf77faaa9b05f161d66e56240ff5d223d,5805
20_3_30/os_1_com_0_time_0_rcom_0/7.txt,20,3,30,H,7,33cff6282f0d32b31ea74f37c458dd42aac318c8a6a030eef0ef4a5c0f4bceb7,5816
20_3_30/os_1_com_0_time_0_rcom_0/8.txt,20,3,30,H,8,fe2fb1daa62a9e2cb05e138f99c810b6afeacfee755f8ce072c3cff1c746f813,5857
20_3_30/os_1_com_0_time_0_rcom_0/9.txt,20,3,30,H,9,17dcfc45ceb52a666a59497ee8b2c9326d22cb2d926456fb5ef63cd559507e39,5767
20_3_50/os_0_com_0_time_0_rcom_0/0.txt,20,3,50,L,0,8b82c71431940794130fe26269901c242aa2f421821e3b8d58278a0437ec30ba,9356
20_3_50/os_0_com_0_time_0_rcom_0/1.txt,20,3,50,L,1,f3bac267d04fbc20cc15c3d2b788f921d985199d47f9244a64b8921b50276d5b,9343
20_3_50/os_0_com_0_time_0_rcom_0/2.txt,20,3,50,L,2,24f4a9dc005bea6b531603fea004c4f37786356081b34100fd1d70dc0cf302f3,9321
20_3_50/os_0_com_0_time_0_rcom_0/3.txt,20,3,50,L,3,158a367b14366d4a93dcd57eb87962f2397f5582ac245aaa43505e5aece12e0f,9268
20_3_50/os_0_com_0_time_0_rcom_0/4.txt,20,3,50,L,4,652e0fe0750f3d0c67853e18c2895288e2800c083889b61d77d48933a396739d,9384
20_3_50/os_0_com_0_time_0_rcom_0/5.txt,20,3,50,L,5,e85676109be77b428eb01fb59f60dae9a8d34a14644fc88089ec8d3c0265e329,9278
20_3_50/os_0_com_0_time_0_rcom_0/6.txt,20,3,50,L,6,dffdc5af2c6c58b82daab1d72422e8bd6589da365feb72eacbb7056dec9dff71,9401
20_3_50/os_0_com_0_time_0_rcom_0/7.txt,20,3,50,L,7,cb68170408e06fb31646aab39be5e01297f4be8adb05c354dac436d22d1d82c5,9258
20_3_50/os_0_com_0_time_0_rcom_0/8.txt,20,3,50,L,8,ae42d020d66b87ad32e2371e04aac57540589b10a0c208d5994a457f132788e6,9373
20_3_50/os_0_com_0_time_0_rcom_0/9.txt,20,3,50,L,9,bfa4b1af1665f1a64d78bf88312965bed3e4d5057e90ca0d82d2797da7c1f4f8,9384
20_3_50/os_1_com_0_time_0_rcom_0/0.txt,20,3,50,H,0,ea81d47ede575562134e5838d85ab687913f735633592f0c80be40ea2fd9e2ea,9354
20_3_50/os_1_com_0_time_0_rcom_0/1.txt,20,3,50,H,1,f201794fc967767c58d829e7ff40d015feb62563d529b1c4ccd0366b4fad80d7,9392
20_3_50/os_1_com_0_time_0_rcom_0/2.txt,20,3,50,H,2,02be53e210cf4cff19902e8201c7fe7e32c138ab0d0287c943a2fdb9815257ac,9354
20_3_50/os_1_com_0_time_0_rcom_0/3.txt,20,3,50,H,3,244657506c10f4975a59c663a101318991eaa7d18c3b62bee8bc4e530d9a32d8,9308
20_3_50/os_1_com_0_time_0_rcom_0/4.txt,20,3,50,H,4,1faba5bfe916373e77a0610ca0498aac96b259acf1e0d83ba34c703eeba30ade,9372
20_3_50/os_1_com_0_time_0_rcom_0/5.txt,20,3,50,H,5,9c202ef90b8c230b5b6ddd26f0bc9c861b80afb0f982858042c3be0874d99540,9290
20_3_50/os_1_com_0_time_0_rcom_0/6.txt,20,3,50,H,6,914a9a3bc339a32e142faf5b8577b0656c92352d89d9b1009729d984d78434bc,9415
20_3_50/os_1_com_0_time_0_rcom_0/7.txt,20,3,50,H,7,3ccf2101aca418d2f61c11ec8952daa6fc9e6462ec0361689097c2855d6ea274,9267
20_3_50/os_1_com_0_time_0_rcom_0/8.txt,20,3,50,H,8,7a21dcd0fec2027680421a0d99c787ea6b35c7fcdde0bcfc35b8a8b985b25b77,9395
20_3_50/os_1_com_0_time_0_rcom_0/9.txt,20,3,50,H,9,28d2e2f4737131d5884f6c48f93d85e1ce8b782cd731b4c00f9e2fd9d4892898,9391
20_3_100/os_0_com_0_time_0_rcom_0/0.txt,20,3,100,L,0,8b90016eba34dc8acfb59ca4e14fd00b712331282e139bc22e8fb4ea13a8205f,18439
20_3_100/os_0_com_0_time_0_rcom_0/1.txt,20,3,100,L,1,10e4105e904a7770523f3fd259b66974d5b637b0183ff76af87df33ed3642dc0,18419
20_3_100/os_0_com_0_time_0_rcom_0/2.txt,20,3,100,L,2,c375b841b181d8d4a926d6dcb9321e5a7d61ec38ab1d1e76eb7d73ab73cacd67,18442
20_3_100/os_0_com_0_time_0_rcom_0/3.txt,20,3,100,L,3,e6f24d809867a1b03ff1dcd2b04928db649c9a24aa586d5c3be21a766d0e2167,18437
20_3_100/os_0_com_0_time_0_rcom_0/4.txt,20,3,100,L,4,8aab0b8508b1d462655c5f4ed44f96599080d5ac725248df3014b81f80a5b894,18420
20_3_100/os_0_com_0_time_0_rcom_0/5.txt,20,3,100,L,5,8b21bbed7b1ad129dbe2848c5245d11357c200adb53e95b83320ab142242d220,18419
20_3_100/os_0_com_0_time_0_rcom_0/6.txt,20,3,100,L,6,ff0ccbab2e1f964c3fd30bbd38854cc60d04de9d7838e948e09089cedf6a4535,18477
20_3_100/os_0_com_0_time_0_rcom_0/7.txt,20,3,100,L,7,648601e73796e9a60ae7feb6b60e0e438459b58271619ef8c15db7711955d67f,18420
20_3_100/os_0_com_0_time_0_rcom_0/8.txt,20,3,100,L,8,0bf1b0cf827a034214137107b072e31caeda0e8ee7033b524de8a2da691c2629,18482
20_3_100/os_0_com_0_time_0_rcom_0/9.txt,20,3,100,L,9,f4122095291741795fab8b90e4cb9ff63d598c4fb4ad61b7be4a6884f506f8ce,18430
20_3_100/os_1_com_0_time_0_rcom_0/0.txt,20,3,100,H,0,5d116441cc5f97c786497656619d847d0b3fae804ff792d2abb8f77567ef7db7,18476
20_3_100/os_1_com_0_time_0_rcom_0/1.txt,20,3,100,H,1,1da1cc7fa50b6bb7ec57c33b3c9cda6393af0b2928f8c2635b64b4b6ed5cc8e4,18437
20_3_100/os_1_com_0_time_0_rcom_0/2.txt,20,3,100,H,2,334bf30fef2475ca37026815746ded2263bba8466541c733c16438c6e7984c9d,18470
20_3_100/os_1_com_0_time_0_rcom_0/3.txt,20,3,100,H,3,c1f1eacdf7e3efd2432b576f739453ddbebc6bf02dd44648f945b22af93b49bc,18469
20_3_100/os_1_com_0_time_0_rcom_0/4.txt,20,3,100,H,4,972d786f8980f75579a2020aaab9ef655ca6e40334afcb44484abeae14e33f9a,18442
20_3_100/os_1_com_0_time_0_rcom_0/5.txt,20,3,100,H,5,e9498ae64632eccac49346bed0079095cd3f5b2f15b342f4b7321c0c8a1112b3,18438
20_3_100/os_1_com_0_time_0_rcom_0/6.txt,20,3,100,H,6,f845e9e2b47aba1b23a9c37cfe70f49dda1f103f4368979dbf44a82340611ba5,18512
20_3_100/os_1_com_0_time_0_rcom_0/7.txt,20,3,100,H,7,071940203884909639077ecb996b761bac04c3752f561b1709a663de1bf44b87,18452
20_3_100/os_1_com_0_time_0_rcom_0/8.txt,20,3,100,H,8,1ccdf2030b3c589310dada943e69e762ead99c4fe9632bb21f94659af81d0c92,18498
20_3_100/os_1_com_0_time_0_rcom_0/9.txt,20,3,100,H,9,ed2bf2588d4202455984b2987f7e54b24b9b7e5e2fd0e57af772011f186aa3aa,18460
20_3_500/os_0_com_0_time_0_rcom_0/0.txt,20,3,500,L,0,27ce0a029cf68caca7d4bfbb6b2f62b03f698b02a0294a833a441535b0121197,90189
20_3_500/os_0_com_0_time_0_rcom_0/1.txt,20,3,500,L,1,5b77f77264fd6faf8ebf149f9006b4d23bb79b72f8d5ffc4593de6119c54e617,90155
20_3_500/os_0_com_0_time_0_rcom_0/2.txt,20,3,500,L,2,69275f8e2940c07237eb2b1b361c20113dcef4672d4c6ddf6bc8c95231c6d3ba,90310
20_3_500/os_0_com_0_time_0_rcom_0/3.txt,20,3,500,L,3,284fcef989afcb18152b77ecd336b4291281fa5b74c4d1161d09b4d8d2f2ab04,90201
20_3_500/os_0_com_0_time_0_rcom_0/4.txt,20,3,500,L,4,7771d3fdc009f70da03fd24d3b668fdd2163ef3d499a1ce5b8c99585e1b07f26,90055
20_3_500/os_0_com_0_time_0_rcom_0/5.txt,20,3,500,L,5,5b9f8406e594fc29c532da13814ec269bfc89c5e1193ce0a5bf3d9ed77f52484,90236
20_3_500/os_0_com_0_time_0_rcom_0/6.txt,20,3,500,L,6,d264fedd96d074ccf039de3f97e3f5eff38b393f94af7bd01b48fea2cc590e09,90318
20_3_500/os_0_com_0_time_0_rcom_0/7.txt,20,3,500,L,7,0dcc01f3601456e846eca8df2ce63d5dbfb83638d0f460b950b965eb3546fba5,90031
20_3_500/os_0_com_0_time_0_rcom_0/8.txt,20,3,500,L,8,89a738d2a685cf7aa1272328bd8bcea6ba213e70141dc8cb84013629ff7a23c4,90302
20_3_500/os_0_com_0_time_0_rcom_0/9.txt,20,3,500,L,9,88c88cd90b1d39006df597a84273132a48be8253ad976cb9a6da0b90a5a0098f,90145
20_3_500/os_1_com_0_time_0_rcom_0/0.txt,20,3,500,H,0,26fc8dea9062705dc0efe1b6c96ff1d0ca232e2f5c84c212f9153b43c2720ab4,90226
20_3_500/os_1_com_0_time_0_rcom_0/1.txt,20,3,500,H,1,8c788105814de1763f4d2785d2b4dc48d670f9ba181ff2753f20acec103e8ee2,90173
20_3_500/os_1_com_0_time_0_rcom_0/2.txt,20,3,500,H,2,9db1eaba86662120514dbbe1c88687c2e028bcb2fdd55bc15d59c74f6023bec3,90338
20_3_500/os_1_com_0_time_0_rcom_0/3.txt,20,3,500,H,3,d148744807a2f029e811446a76db6ec67c0e5721fd159e0188e217e96a35c2d1,90233
20_3_500/os_1_com_0_time_0_rcom_0/4.txt,20,3,500,H,4,a733bed406475bd7e3a4c13caa8309a9e57195ddcc3703af424e93248cf5f553,90077
20_3_500/os_1_com_0_time_0_rcom_0/5.txt,20,3,500,H,5,21f847c6a42fc4afa724fbb4ae8216b276011462fce92be53b60a89dd9491530,90255
20_3_500/os_1_com_0_time_0_rcom_0/6.txt,20,3,500,H,6,01a168ace3c7aaf0d5c85d44012524d9494d5774ef7a3fd2523c0605025f1e61,90353
20_3_500/os_1_com_0_time_0_rcom_0/7.txt,20,3,500,H,7,b1447c53d60338298595993d5cd94035e25b72784f116d84e6e7cdeaa6a397c2,90063
20_3_500/os_1_com_0_time_0_rcom_0/8.txt,20,3,500,H,8,b1d89be4b58014ae1210c5d8897328f619036addf68e63f8edf8c215ac0d391b,90318
20_3_500/os_1_com_0_time_0_rcom_0/9.txt,20,3,500,H,9,4cc29dd406345f3e73dcf0295b2773f9bee75da2b8305ce43baef128c62ff1f5,90175
20_3_1000/os_0_com_0_time_0_rcom_0/0.txt,20,3,1000,L,0,a189a9ebe6498b198ce1e958a44799a0e03b3c90b64332d3dd272ab622cdc061,179949
20_3_1000/os_0_com_0_time_0_rcom_0/1.txt,20,3,1000,L,1,0f5916aed42aa7d4f9118bbca2e089d2791a87ca2299602c40f1018344271954,179732
20_3_1000/os_0_com_0_time_0_rcom_0/2.txt,20,3,1000,L,2,5321b40967a80afdffd635de25b814992c7487df4df6329614c8a7e5ebf57109,180105
20_3_1000/os_0_com_0_time_0_rcom_0/3.txt,20,3,1000,L,3,5ba42439894d6cae671ae2985d8eeb4c9fd9c0dc58d8aa892b6d9f43d9ac6ef0,179920
20_3_1000/os_0_com_0_time_0_rcom_0/4.txt,20,3,1000,L,4,ab17e8538d837ce55ed78ab7ddb22adab16b980dfcd9356e70acb90fbef1521a,179629
20_3_1000/os_0_com_0_time_0_rcom_0/5.txt,20,3,1000,L,5,b5844458061129ef1d6ce2c554be788c075231c97784dcc63e2cc81f1059ff3f,179895
20_3_1000/os_0_com_0_time_0_rcom_0/6.txt,20,3,1000,L,6,b2c3387fd52d4a0f3f36ce64b9b0d193734a3bb729b176b2b9ef08b0bffc15ce,180088
20_3_1000/os_0_com_0_time_0_rcom_0/7.txt,20,3,1000,L,7,5f693d69135a5932e097552afc0a733bf9f6c52b14135bfcfc75b91afc9012e8,179548
20_3_1000/os_0_com_0_time_0_rcom_0/8.txt,20,3,1000,L,8,bb2353a7dc7625976582b863b6c3f5d6f033abe8eec4075a6e7c5ad73e0ef0eb,180142
20_3_1000/os_0_com_0_time_0_rcom_0/9.txt,20,3,1000,L,9,0e79c2ef401a2eba1f15b1817453415742fc4554982f4c872b951b85bccc348b,179849
20_3_1000/os_1_com_0_time_0_rcom_0/0.txt,20,3,1000,H,0,6e74356eb6b11b9d4ce3526f37b0011ca195c043ebad4af4aa174fbe7d01f56b,179986
20_3_1000/os_1_com_0_time_0_rcom_0/1.txt,20,3,1000,H,1,38b8c78b48e3f844f8555e1c0a1fd650941a2f95943259572f831188975e9d98,179750
20_3_1000/os_1_com_0_time_0_rcom_0/2.txt,20,3,1000,H,2,333d8b25fb9c63faa7f428706ce6a9b3d9194a6c89a8fe45ff79f1849a7dc5a8,180133
20_3_1000/os_1_com_0_time_0_rcom_0/3.txt,20,3,1000,H,3,974eff0b06c805d97376505c5748b3c8e0e3b0955b4de4a68e7f38c354f144e2,179952
20_3_1000/os_1_com_0_time_0_rcom_0/4.txt,20,3,1000,H,4,f8b6935f643db01763486c58f116f0a466e03c170e2959d7ae315517c3823c27,179651
20_3_1000/os_1_com_0_time_0_rcom_0/5.txt,20,3,1000,H,5,9ce8f45571203e0f6807962b62f7494cd387038943bad2d8ae3593db67bbdf95,179914
20_3_1000/os_1_com_0_time_0_rcom_0/6.txt,20,3,1000,H,6,5691dca4b19c88b1b9a9b0c84b6957c06584a8202b672bbcb7276e43d2dd00af,180123
20_3_1000/os_1_com_0_time_0_rcom_0/7.txt,20,3,1000,H,7,ac52d52813284bf8f6cfed529dbcb8df34b0a0d40a760164bdcfb7be8262b6c6,179580
20_3_1000/os_1_com_0_time_0_rcom_0/8.txt,20,3,1000,H,8,ffd8ab969ec8f36cdde48963f6151b1bb0d36bae7c9a5e4e607d039ba846ac38,180158
20_3_1000/os_1_com_0_time_0_rcom_0/9.txt,20,3,1000,H,9,9e1295c54c50cc068b5b1b5f4a29113563fb97f8fe7bb80f2fb89eadc870a664,179879
20_4_10/os_0_com_0_time_0_rcom_0/0.txt,20,4,10,L,0,59e1f7fc695d5c9decb9568bc95c59d4895f7a5a5bf98f39a158185fe3f6ae98,2908
20_4_10/os_0_com_0_time_0_rcom_0/1.txt,20,4,10,L,1,569ff53a094b49ca0927ac58ec1b3ecda03624a912210fde3daef7a3216dac95,2917
20_4_10/os_0_com_0_time_0_rcom_0/2.txt,20,4,10,L,2,d7c25e1f39825a4eec09ea7e121adf4c24141bf078a90cc99b84c5f3b828d6ba,2900
20_4_10/os_0_com_0_time_0_rcom_0/3.txt,20,4,10,L,3,2070c201908191259858016f1956c71f8895dd4d7240fdfd05ff59b272c945b0,2918
20_4_10/os_0_com_0_time_0_rcom_0/4.txt,20,4,10,L,4,a113d02c71db8cf881accb4ebf025bf5a070e7145a14ca820096136aed09ce5c,2896
20_4_10/os_0_com_0_time_0_rcom_0/5.txt,20,4,10,L,5,b3d51f07715538ef0e1366e7aa783f159deb61e2695b4cc519610fdd26d5ef46,2951
20_4_10/os_0_com_0_time_0_rcom_0/6.txt,20,4,10,L,6,93f90745f77d9e992a2c53c6d48862f3d8260a76778b8d50d739283fedc37eaa,2932
20_4_10/os_0_com_0_time_0_rcom_0/7.txt,20,4,10,L,7,a9ddd8eb819b38460d33cf80f8b8528a050826e17184e684924407695d1c4ee5,2897
20_4_10/os_0_com_0_time_0_rcom_0/8.txt,20,4,10,L,8,930823b672d6484f6c2069832fa6e2a6d371008ba1d00f5c3d234c1891aca53b,2902
20_4_10/os_0_com_0_time_0_rcom_0/9.txt,20,4,10,L,9,0ae84c027bba3f1e3784ebf6fd410fd651739125beb3329d00407f04180d0155,2913
20_4_10/os_1_com_0_time_0_rcom_0/0.txt,20,4,10,H,0,1c4b0593b27fc0b50d2be840f05fd149787c21cd192409fcb548b807b47f9946,2922
20_4_10/os_1_com_0_time_0_rcom_0/1.txt,20,4,10,H,1,42d12879b402f84583e99d5b626a966dcfb351b7b8cb850ad7795ecf7c90c086,2914
20_4_10/os_1_com_0_time_0_rcom_0/2.txt,20,4,10,H,2,b64b8fd4e6e1b682e323fc1d048f94011672af23a70fb956a35c266f914c38f6,2892
20_4_10/os_1_com_0_time_0_rcom_0/3.txt,20,4,10,H,3,0a7a60ca7c67f913eb73757cc93c78f1b8a98662ebc90c6e124bf2a2a942f490,2922
20_4_10/os_1_com_0_time_0_rcom_0/4.txt,20,4,10,H,4,ebb7c0b3447352258a4935ce6a81545a4457cdeef5633d3a9af8952f2d7e11f6,2926
20_4_10/os_1_com_0_time_0_rcom_0/5.txt,20,4,10,H,5,35935b45bf99b80355a747a85025ef8acde968063c48067b66c7242c49092f96,2922
20_4_10/os_1_com_0_time_0_rcom_0/6.txt,20,4,10,H,6,4fed1c7efe30515f9281db8656f2654054b3fc99f2d876c9365c19bb09341343,2902
20_4_10/os_1_com_0_time_0_rcom_0/7.txt,20,4,10,H,7,61701caef8bda82532fc3224ef40f46cd1206c5b5e4f46fd71cbfdcfc2e5375c,2919
20_4_10/os_1_com_0_time_0_rcom_0/8.txt,20,4,10,H,8,c9aab406ee0fe96d6b73b29f6178c2b54961af68520668139d2eb26afbe8afef,2920
20_4_10/os_1_com_0_time_0_rcom_0/9.txt,20,4,10,H,9,d6b2cae85f8997780e2346a042f042cb887e1681b6a367bfeb9dd9a9502c142c,2895
20_4_30/os_0_com_0_time_0_rcom_0/0.txt,20,4,30,L,0,d7a54b5dedf101bc7c77645dbc443b1a976e47eba5c3850bc8124342f89ec5bd,7581
20_4_30/os_0_com_0_time_0_rcom_0/1.txt,20,4,30,L,1,1d86bf10449965ad8b8a4b95ab665b070a628c4ad91106a5ba38ba8343b5a6c7,7631
20_4_30/os_0_com_0_time_0_rcom_0/2.txt,20,4,30,L,2,97086854614f9884ac1a32cfd53c2bcf0e4ce19d3e4bced44a92e043042889a5,7609
20_4_30/os_0_com_0_time_0_rcom_0/3.txt,20,4,30,L,3,bd8a7ade9dd9bed489503bf698729a5123effcac8d92e9d9d32f600ae471ab45,7579
20_4_30/os_0_com_0_time_0_rcom_0/4.txt,20,4,30,L,4,4716e2b25cfc504c47e4f549c02ee6ff96f23dc4df0670626742a4779778cd4e,7597
20_4_30/os_0_com_0_time_0_rcom_0/5.txt,20,4,30,L,5,c34584635034f57d5f9347afc9ee58f70b0305c0efadad90bf25a00fd9663047,7642
20_4_30/os_0_com_0_time_0_rcom_0/6.txt,20,4,30,L,6,be922c12260e7766feff05792b63650a4adf37699278778710e016701ebf7366,7623
20_4_30/os_0_com_0_time_0_rcom_0/7.txt,20,4,30,L,7,d2ade7b292a1ba216dd0b0fa85c3aff8eb53d16479a99330d161ce6fd503d104,7525
20_4_30/os_0_com_0_time_0_rcom_0/8.txt,20,4,30,L,8,475186bac6cf6a72acab0fbceccff2e95b03aab6e273fca3139a48e2e33196cf,7643
20_4_30/os_0_com_0_time_0_rcom_0/9.txt,20,4,30,L,9,2f541ac40a569a1627af6bfb290bdd2c1a9d27ed50af4d29f0107e2471fd3ecf,7582
20_4_30/os_1_com_0_time_0_rcom_0/0.txt,20,4,30,H,0,adefb13f4d0748516f7a12ac5302a179db08f341dabc58793b699bae2aef812c,7600
20_4_30/os_1_com_0_time_0_rcom_0/1.txt,20,4,30,H,1,4f6ac3d1da7b1192d57151c69c9595f4c88e8fe77afe38d6559b4a47bb88d25c,7614
20_4_30/os_1_com_0_time_0_rcom_0/2.txt,20,4,30,H,2,f12a54c21bcb878bfd526b7485392b501a8df0ec5ba44ab23d0e2be8e2686cfd,7609
20_4_30/os_1_com_0_time_0_rcom_0/3.txt,20,4,30,H,3,806f64ff0d963bc7a06ad756fcfc4092e1b9b3351b6029520de65434e833169a,7601
20_4_30/os_1_com_0_time_0_rcom_0/4.txt,20,4,30,H,4,e2dd974cc964914828c7a2e6b51a7d08c70cefc1a535e04a4d77168797b1f135,7628
20_4_30/os_1_com_0_time_0_rcom_0/5.txt,20,4,30,H,5,446e6c511f40e4a412c5a95c50303c1429af3867a4767bd19f87fc5e5dcd1d51,7643
20_4_30/os_1_com_0_time_0_rcom_0/6.txt,20,4,30,H,6,b34442981842b01b38b346c9bf9032df29a9f9b868e1c6eedaf8bc8af836f4ce,7647
20_4_30/os_1_com_0_time_0_rcom_0/7.txt,20,4,30,H,7,06c50df3ee81a3301ac477f3f68d5b3af4aa6d82bc0f074bd75a56ebf3f0947d,7537
20_4_30/os_1_com_0_time_0_rcom_0/8.txt,20,4,30,H,8,7cb91912a21b6f9e7937684dd9f62ade79972af83b941d88fbdc6b94bc96d5e3,7627
20_4_30/os_1_com_0_time_0_rcom_0/9.txt,20,4,30,H,9,ea2d9c426b705a848f8d28565e48e79f2796d33d311a9f49443aeb67d604fa5c,7613
20_4_50/os_0_com_0_time_0_rcom_0/0.txt,20,4,50,L,0,a3ab7b27ae1bb1b30a7cf7b35e789f5854fe1b56846bd51d982e05d54680b385,12376
20_4_50/os_0_com_0_time_0_rcom_0/1.txt,20,4,50,L,1,ea88090b9717bd75e99fbf343659b9228572f755b291909ca2ea523e663aa4cd,12351
20_4_50/os_0_com_0_time_0_rcom_0/2.txt,20,4,50,L,2,7ab65277d7dd40fb2da9b70233059e31435c5eb12a6814f0e2fb29e13a4d3b60,12242
20_4_50/os_0_com_0_time_0_rcom_0/3.txt,20,4,50,L,3,18008dfa5c7737dd749b8fa7623b100e797ccfaf5d84108049e230717336917f,12316
20_4_50/os_0_com_0_time_0_rcom_0/4.txt,20,4,50,L,4,fc5ea7389098200159866f3304554d4eb95dbd0f36292bedbf9930eeb1ee06ec,12237
20_4_50/os_0_com_0_time_0_rcom_0/5.txt,20,4,50,L,5,9cd957dc49e4a2d2afd40d6214d8c464fa4dbec82fd3c50266dd4da309e203ed,12303
20_4_50/os_0_com_0_time_0_rcom_0/6.txt,20,4,50,L,6,63a0f5169ccad24455ec8419434cf564473b56378d240aa971e05183e1c3b105,12397
20_4_50/os_0_com_0_time_0_rcom_0/7.txt,20,4,50,L,7,30847c73b6c53149abdaed91d7413d12e92431b17d9b951ffcded33ef22c16cc,12332
20_4_50/os_0_com_0_time_0_rcom_0/8.txt,20,4,50,L,8,9cdf7736dce2def625745d4c181c2fd52c3c89e028d9be3c72ff46e565396b4e,12347
20_4_50/os_0_com_0_time_0_rcom_0/9.txt,20,4,50,L,9,e804045ce2e4cfd600ee094c2f3d6ad11d0b9661faf7bb4a58369eda35e4cb8d,12305
20_4_50/os_1_com_0_time_0_rcom_0/0.txt,20,4,50,H,0,1fa3625c7b58a3c3d61f75c88886f5c5d6a7e8056dda05dc98d23067e09fbb1a,12389
20_4_50/os_1_com_0_time_0_rcom_0/1.txt,20,4,50,H,1,ac6adb4e2ed239b6cc579c74ea802c3bb95557be56b1197d4a0af31fc0bc92ee,12362
20_4_50/os_1_com_0_time_0_rcom_0/2.txt,20,4,50,H,2,9f08a61cc996cee34aa51e191ef55429ad2ec272b6d21521607d30cbe9cfe4c7,12310
20_4_50/os_1_com_0_time_0_rcom_0/3.txt,20,4,50,H,3,8664d78cb5eb69d10972e6f825abce65132af86cb8f5bc3ddfdbc209d969d8dd,12359
20_4_50/os_1_com_0_time_0_rcom_0/4.txt,20,4,50,H,4,a6ea8680e7af54fbb7d4f9c3d34f3fbe380069b6732eec5077691571ca285835,12288
20_4_50/os_1_com_0_time_0_rcom_0/5.txt,20,4,50,H,5,6b08744ecda46002ff731e7fb2b700e33d407713355def5793e32bffa85d5008,12306
20_4_50/os_1_com_0_time_0_rcom_0/6.txt,20,4,50,H,6,fafc0d6fa32e6cd0a5c9c1bb0396eaed8df1dc726188d5710c4ed57c82706425,12446
20_4_50/os_1_com_0_time_0_rcom_0/7.txt,20,4,50,H,7,02a1c41eaf8bf804fca4491287c978cb14143bfaeb9bd927523fbd9373048420,12369
20_4_50/os_1_com_0_time_0_rcom_0/8.txt,20,4,50,H,8,ad4aabd51e08958a5591b831056a834240dbd0c9677df23700b8c6b4447e25a5,12315
20_4_50/os_1_com_0_time_0_rcom_0/9.txt,20,4,50,H,9,02a1fbee755cf5e7c6510189ac3ca2fe300b0d3cb08d283cb4252712e3bf0e0e,12321
20_4_100/os_0_com_0_time_0_rcom_0/0.txt,20,4,100,L,0,17d16ae74cad868da6a0c846a27995512c78597270ab7c7fec95ea035fbaa87d,24399
20_4_100/os_0_com_0_time_0_rcom_0/1.txt,20,4,100,L,1,e90692d5bb416374c330a4114df6c479456f7d07dfcc960c79968631ab709625,24395
20_4_100/os_0_com_0_time_0_rcom_0/2.txt,20,4,100,L,2,f47994aa82a05ff1273613cea90839dbdfa487bb916c81f9042db4cd68cfcaa4,24383
20_4_100/os_0_com_0_time_0_rcom_0/3.txt,20,4,100,L,3,9700fa4ef9b27c262693b44ae88b46070b7a2c4204d56700e87ac605c8aa7b33,24424
20_4_100/os_0_com_0_time_0_rcom_0/4.txt,20,4,100,L,4,9424d381b27e11925abe3f58e84b1b85b227ff8602b37d4608b16c49190fca48,24392
20_4_100/os_0_com_0_time_0_rcom_0/5.txt,20,4,100,L,5,607e751b7b7240abe4fb23cf0e8cdec462a57704213643a451f2fcc17d260a93,24453
20_4_100/os_0_com_0_time_0_rcom_0/6.txt,20,4,100,L,6,335f5406e5c14204c94527d8a9de529548f2f74f19c97d2b2c8c3797d8722f9b,24429
20_4_100/os_0_com_0_time_0_rcom_0/7.txt,20,4,100,L,7,fa7a69aa90f575e4ecd95b4bd2a9e7f3bfe55d6261b5702d4c3fb7be3f762c66,24437
20_4_100/os_0_com_0_time_0_rcom_0/8.txt,20,4,100,L,8,64af89eae74e3e2211d3cf12de1eb29d3dbae80adf4b13d00a54ebf376c973f9,24445
20_4_100/os_0_com_0_time_0_rcom_0/9.txt,20,4,100,L,9,664599e86835b8c136358c496a442c5375a5d52952b21033c0bccab8b70ba24d,24442
20_4_100/os_1_com_0_time_0_rcom_0/0.txt,20,4,100,H,0,47ca873a26116641211796d838ee66bf362e11afd79195fc67fc0b92a425c4ff,24436
20_4_100/os_1_com_0_time_0_rcom_0/1.txt,20,4,100,H,1,bccdc6837593d9cf9f29ff458115508ca9bb763ea0d16fbad534fbc1ef6e462c,24413
20_4_100/os_1_com_0_time_0_rcom_0/2.txt,20,4,100,H,2,8f77685327047df49736719c8b15814a9acb589127c759ca0028bb980d3c0cb9,24411
20_4_100/os_1_com_0_time_0_rcom_0/3.txt,20,4,100,H,3,0cf879c8ec8d852f13d7c692466cb79399356d56f17ab8a31ffce1992517158a,24456
20_4_100/os_1_com_0_time_0_rcom_0/4.txt,20,4,100,H,4,46f72abe954f1b470b0242b47613825ce2f832e386e93a49901239b46a8c8c05,24414
20_4_100/os_1_com_0_time_0_rcom_0/5.txt,20,4,100,H,5,0b029152360afe15bae47217fcbfc2ddd1cee7958565ea003f8a1ca97d1c2bd3,24472
20_4_100/os_1_com_0_time_0_rcom_0/6.txt,20,4,100,H,6,cbf64d0f2cb43f5a825e8ed231ecce7a44392034b2818fcc8756ce22ebeb2aca,24464
20_4_100/os_1_com_0_time_0_rcom_0/7.txt,20,4,100,H,7,a2e5c7d461a2e1a1ec478d902fcab93865a396d0650ec8adadb723d9d41ac050,24469
20_4_100/os_1_com_0_time_0_rcom_0/8.txt,20,4,100,H,8,3c9eaaac91243563f2acccf7b8dedc195802f9ffd2b208c588707ebd75fc6aca,24461
20_4_100/os_1_com_0_time_0_rcom_0/9.txt,20,4,100,H,9,6ae8a1044978126085b0ae4512f4a616417d78fb3902ada24b18c856b13aec38,24472
20_4_500/os_0_com_0_time_0_rcom_0/0.txt,20,4,500,L,0,d025dfbac81b54b0c1521cdba3674f0d6bee88aafb01974ae8d0d773193d1650,119834
20_4_500/os_0_com_0_time_0_rcom_0/1.txt,20,4,500,L,1,c8307f1141c8608e995feec7d19347e6ce1d846c0fd59167a19414ae7677aee5,119920
20_4_500/os_0_com_0_time_0_rcom_0/2.txt,20,4,500,L,2,f69660bada925b5a38b2cd920d6570f65c5766fd3c9a73f26ae6026ab3c27b18,119790
20_4_500/os_0_com_0_time_0_rcom_0/3.txt,20,4,500,L,3,2cf601338119187e3a6efaf47d84fa28cc8672e3d8bc9e95cc53cd175bffc4bb,119875
20_4_500/os_0_com_0_time_0_rcom_0/4.txt,20,4,500,L,4,f6581de67c89d66773007d9407331ce7644ca1c7f1f6e863809c06ff7a0fb132,119908
20_4_500/os_0_com_0_time_0_rcom_0/5.txt,20,4,500,L,5,91df152b9d9418a3adf21c506975f67f5d4dd304a5653f05161e3850ab7efa1c,119933
20_4_500/os_0_com_0_time_0_rcom_0/6.txt,20,4,500,L,6,f307b3838b8dcc21c4cac18e802615f29fc8e9ef7222903c0e0462056e7e2ff3,120017
20_4_500/os_0_com_0_time_0_rcom_0/7.txt,20,4,500,L,7,f460fba76776960165c0236604aa80fe878a2811aa1cfe26893beac1527adcef,120001
20_4_500/os_0_com_0_time_0_rcom_0/8.txt,20,4,500,L,8,7467bc9ecc645ff5121dff6b9582e6f4be5a465d81cb9b43fcb2ba9cf364de97,119967
20_4_500/os_0_com_0_time_0_rcom_0/9.txt,20,4,500,L,9,a25fbb9aa59807c3cc37348cc9dd18b67ad7633920fc85b3d785d5be0dae02da,120109
20_4_500/os_1_com_0_time_0_rcom_0/0.txt,20,4,500,H,0,539fa2d3e53b1fa3f8d093c1efc54bfab8fcdfc3d150c81129133d06b7aa16b6,119871
20_4_500/os_1_com_0_time_0_rcom_0/1.txt,20,4,500,H,1,51f8ea5e71f445afe88b4313b9edf14314fd4b49c2f072c4e01bc491c090ee40,119938
20_4_500/os_1_com_0_time_0_rcom_0/2.txt,20,4,500,H,2,67e99db4c2d0ca5a66c4a4f4971251bdb1d95c4208b547b6a6bd2b423ae634bf,119818
20_4_500/os_1_com_0_time_0_rcom_0/3.txt,20,4,500,H,3,e3d9c9860e660f0c0c0ddfd815e5784322a4aef712b7c2b8893edf14e34228ea,119907
20_4_500/os_1_com_0_time_0_rcom_0/4.txt,20,4,500,H,4,055f3fc0ab711d95470535a58c946cc18b5380dea41069aaa4fcabc621d8fc4a,119930
20_4_500/os_1_com_0_time_0_rcom_0/5.txt,20,4,500,H,5,e500542481ef417e25c910407733865a4599131343c31917206bbd442ec4fc5c,119952
20_4_500/os_1_com_0_time_0_rcom_0/6.txt,20,4,500,H,6,da9ca975311ba2d544ec5b77793579c7a1adeee91d1148c7cc44885120fc067e,120052
20_4_500/os_1_com_0_time_0_rcom_0/7.txt,20,4,500,H,7,e48e58eef5e23554359dd205ccbbf409a086922fd2d518907290205a69d2622e,120033
20_4_500/os_1_com_0_time_0_rcom_0/8.txt,20,4,500,H,8,3a484f27f8e3c24774fc51bb90a39ea7733ebad46655a48460af13ab1912d7ac,119983
20_4_500/os_1_com_0_time_0_rcom_0/9.txt,20,4,500,H,9,69cf9610e2f234989ff6435dabb35e41fa54c9d38a5c136008a97b0afe0a6800,120139
20_4_1000/os_0_com_0_time_0_rcom_0/0.txt,20,4,1000,L,0,bfad3802cef9b33d461d91b9398ea9a60cf7055cc2fdd9f30b97ab449ee2b8e3,239189
20_4_1000/os_0_com_0_time_0_rcom_0/1.txt,20,4,1000,L,1,9bd4d577822dada8cedece9ebc85d667eb4441c113d2bb84f08c032649fc1c50,239099
20_4_1000/os_0_com_0_time_0_rcom_0/2.txt,20,4,1000,L,2,12d47fa5a60a703c0d040c86ce0fab090bf831111d8ed67aaf4bbc8453f07164,239037
20_4_1000/os_0_com_0_time_0_rcom_0/3.txt,20,4,1000,L,3,7a65d8bf4c7036f05b670bf5f4b4bbd36f6e636efa78bab6d5316c609a9efc15,239275
20_4_1000/os_0_com_0_time_0_rcom_0/4.txt,20,4,1000,L,4,9500ae4a9f910066e943f4842206eb406149d03b9ffebdcfe870ae5bb01e8148,239235
20_4_1000/os_0_com_0_time_0_rcom_0/5.txt,20,4,1000,L,5,36bb753f2660c3a33c2749f4bb9bdb93cf3ed8a86f3e78bdc258f705f72f3032,239287
20_4_1000/os_0_com_0_time_0_rcom_0/6.txt,20,4,1000,L,6,60c272f5494d8ad79b142bdada272a19170431e75c92eb88b33a429dba6a5e17,239369
20_4_1000/os_0_com_0_time_0_rcom_0/7.txt,20,4,1000,L,7,1cca24a0cd3ab97b891ec114cd3fe5664c29812764a9366faadd3ade1a4b3a26,239394
20_4_1000/os_0_com_0_time_0_rcom_0/8.txt,20,4,1000,L,8,9ffce652fec745931d0ac16b3b750b0fbe434d22fb48d0eaec20a22366e7c17f,239437
20_4_1000/os_0_com_0_time_0_rcom_0/9.txt,20,4,1000,L,9,f5288762fdd7ec6a4047082b0f31c5b2f12a714b1f0a0e3aba77d1ce9d71c8d4,239597
20_4_1000/os_1_com_0_time_0_rcom_0/0.txt,20,4,1000,H,0,0e9b850ffdd1e38fc2dd0bacc76225ff8eeaff2e991cdc7cc5993a196a15d540,239226
20_4_1000/os_1_com_0_time_0_rcom_0/1.txt,20,4,1000,H,1,ff6ad226813401484d020be77a5495147cb504b5b7ea0f852a3a37b33d7d1601,239117
20_4_1000/os_1_com_0_time_0_rcom_0/2.txt,20,4,1000,H,2,efb9587830fe9b1ebcf566117c2e25420b18798dd70098e5861c244a99a412c6,239065
20_4_1000/os_1_com_0_time_0_rcom_0/3.txt,20,4,1000,H,3,8c60867aa6d772f44870d2681c3fc8a570e883ecf5cf44b2d81de65de3ba0909,239307
20_4_1000/os_1_com_0_time_0_rcom_0/4.txt,20,4,1000,H,4,2447967ae9a17e35522c2606fe333d3497665115981d06c9fb1ebc07a0a961bf,239257
20_4_1000/os_1_com_0_time_0_rcom_0/5.txt,20,4,1000,H,5,a1e962aed387037578f7c8575897a519113115af3450f3e9ede3d9a248bf2eb6,239306
20_4_1000/os_1_com_0_time_0_rcom_0/6.txt,20,4,1000,H,6,5f611071d508cada1a9ae11b7c2614512cd1871618d2af23b17a38e13a0961d2,239404
20_4_1000/os_1_com_0_time_0_rcom_0/7.txt,20,4,1000,H,7,b42b954ec5327530a75ef4881886c1f93f9e13aa9c89970e92d891ea9aee0e21,239426
20_4_1000/os_1_com_0_time_0_rcom_0/8.txt,20,4,1000,H,8,1843212100cd8cce79e3c6424a2dcb61993095da855d42807d4c081cd3a38168,239453
20_4_1000/os_1_com_0_time_0_rcom_0/9.txt,20,4,1000,H,9,b0ecd9fb58ae9e80a518f48a1d24648a2c3b2bf22b8960d1f4cd233953f9a4c4,239627
25_2_10/os_0_com_0_time_0_rcom_0/0.txt,25,2,10,L,0,02d067b7c00e62a42852ed76d3808abef0415cdb6cce1327d6d773cefda73d9a,2064
25_2_10/os_0_com_0_time_0_rcom_0/1.txt,25,2,10,L,1,d34bdfbcbfcefd848560479287a3c6fc7645bfca8e09201c6cc57ea95216dd02,2048
25_2_10/os_0_com_0_time_0_rcom_0/2.txt,25,2,10,L,2,b511979dc77e1da309af3578b465c32a6c46c7e40c7f4aab6bb00083880da512,2034
25_2_10/os_0_com_0_time_0_rcom_0/3.txt,25,2,10,L,3,1c9c894eee0b6a248624fccf5251221c0858902d12848b40fdb0f447ab71e5a1,2013
25_2_10/os_0_com_0_time_0_rcom_0/4.txt,25,2,10,L,4,7505e57bd3b7fc795798d06c9522dc3e9162375f8fdd76b9698ae8f86fce88c2,2025
25_2_10/os_0_com_0_time_0_rcom_0/5.txt,25,2,10,L,5,1391891162ab23540392e204bca9d75b000c3d35fa32234c44d3f14134fd7a4f,2035
25_2_10/os_0_com_0_time_0_rcom_0/6.txt,25,2,10,L,6,f2ea5a8f5692240d8d203a07df630d50a10a6043fde60cf3d9072c394d5ff33b,2043
25_2_10/os_0_com_0_time_0_rcom_0/7.txt,25,2,10,L,7,14ad7303ff5afdfcefb1d3efb88d89bbc3926436df9b5894a37b117be3f4074e,2039
25_2_10/os_0_com_0_time_0_rcom_0/8.txt,25,2,10,L,8,d6f72f53327284cfcf3c9163cc85d9c20feaece321a558930f8b8de4d2998711,2049
25_2_10/os_0_com_0_time_0_rcom_0/9.txt,25,2,10,L,9,320a592ad8cd33d9871bc12c089eeca3a8c278747538fe2994eb6a010494cc1b,2050
25_2_10/os_1_com_0_time_0_rcom_0/0.txt,25,2,10,H,0,2c4528063fffb070987c5a90a4893461780ea1c5acad312fa4789685223f57c7,2035
25_2_10/os_1_com_0_time_0_rcom_0/1.txt,25,2,10,H,1,7ae57106e4790b748c9c269fb988d0547daa6c70fdc53334a9cf5a5f3601b813,2031
25_2_10/os_1_com_0_time_0_rcom_0/2.txt,25,2,10,H,2,6630c0fcaa8f84ffdb04ad693a989181aa68c7ba01f21b52aa289e61b9a64689,2023
25_2_10/os_1_com_0_time_0_rcom_0/3.txt,25,2,10,H,3,972c2b8cbe81c13b9b52c3b29d369da8380cedda362afb446302fa4c714e5128,2052
25_2_10/os_1_com_0_time_0_rcom_0/4.txt,25,2,10,H,4,e26d9b9f32fdf9a4f4b7bc2f44c97d2568bf6d2ced340da5aea003b94658d515,2041
25_2_10/os_1_com_0_time_0_rcom_0/5.txt,25,2,10,H,5,f1c1afc7aaa943096f4ed5785a04a3134116a0b066755e3907a74df08970c02a,2057
25_2_10/os_1_com_0_time_0_rcom_0/6.txt,25,2,10,H,6,1a16fb98d1f41cc05b23b902f302bde5a7c9ae1a4e518699f06a6e5c16904181,2046
25_2_10/os_1_com_0_time_0_rcom_0/7.txt,25,2,10,H,7,b756b9c3c065bdfeb6cb854fb5814e0cc888ba40c380d7e82e129333838ac77b,2066
25_2_10/os_1_com_0_time_0_rcom_0/8.txt,25,2,10,H,8,518c3a225f4718735414843664cfad3e18eefcc4f1d3b0f23a7944d2d3320f7a,2032
25_2_10/os_1_com_0_time_0_rcom_0/9.txt,25,2,10,H,9,23bea71a4ea6401fd8afe3c59c6a77eafeea6a9d7b52a720e2cad7019a17a339,2026
25_2_30/os_0_com_0_time_0_rcom_0/0.txt,25,2,30,L,0,6eaafd615da5d9f656842e9194a041f139de26c042a21683efc512eb97178264,4944
25_2_30/os_0_com_0_time_0_rcom_0/1.txt,25,2,30,L,1,4ee21cad498d86bf5d392de33485152dccea967dec78f6ca29ff33276311079e,4917
25_2_30/os_0_com_0_time_0_rcom_0/2.txt,25,2,30,L,2,00e5ed0304eec9d005b569fd5e35dac9871fab32796505b7ae342ada918fbf1a,4991
25_2_30/os_0_com_0_time_0_rcom_0/3.txt,25,2,30,L,3,0f8562081d1eb19ae5c154b922982d70034db11a3aabf738c8f262076ffc81d4,4986
25_2_30/os_0_com_0_time_0_rcom_0/4.txt,25,2,30,L,4,32dcd09ddc6c784e86d98fee80cdba03c603faf9626d09eacf6453e53c555318,4956
25_2_30/os_0_com_0_time_0_rcom_0/5.txt,25,2,30,L,5,57cf50251e40d11d7f3f42a4b996937abc35eb2ca7098063169dded8011707e5,4968
25_2_30/os_0_com_0_time_0_rcom_0/6.txt,25,2,30,L,6,1ad0786c32b62db7f9dbc5d5ee181fffa03c093f710ebc2f41a2d5c32302a056,4979
25_2_30/os_0_com_0_time_0_rcom_0/7.txt,25,2,30,L,7,5a3f34a2e6b0b5b696e2eaba679598fb0c9a89cee13c3cee79e58fd2de727120,4991
25_2_30/os_0_com_0_time_0_rcom_0/8.txt,25,2,30,L,8,b3b6edafc66f2039c451b4c2bd222a2c474effc76881cab7b075ba6827e65e76,5004
25_2_30/os_0_com_0_time_0_rcom_0/9.txt,25,2,30,L,9,cea8b016d3f9522adcc2f69b2dfb0cd30a9e08adc9bf4a88e2e26def1ef1dc96,4999
25_2_30/os_1_com_0_time_0_rcom_0/0.txt,25,2,30,H,0,5a903bd733df8932cf4fd426d0501242a52f8fce06b25a06c4355b09243678c2,4942
25_2_30/os_1_com_0_time_0_rcom_0/1.txt,25,2,30,H,1,bc5568246efbc4d2f729bb017fc4daeb2acbf633885fb3690b4ebc2ff449a526,4960
25_2_30/os_1_com_0_time_0_rcom_0/2.txt,25,2,30,H,2,88203b13beec8e4d67b1a494dc284aec44dd9943b98a57d1f9ae9527bc7749ca,4979
25_2_30/os_1_com_0_time_0_rcom_0/3.txt,25,2,30,H,3,88ced150eb8c48e4f2043d0903e2f742f44bb665003a06027be371550d82e104,4995
25_2_30/os_1_com_0_time_0_rcom_0/4.txt,25,2,30,H,4,c6c27f3765d0eaf9f97e1625aae2fa75060e7f80dc1bc2bf663f19d9f9ccd3ad,4956
25_2_30/os_1_com_0_time_0_rcom_0/5.txt,25,2,30,H,5,356022ce8d0115bfdc394cbc865cda4d42eea88f966564ab30c0cee6a2696d29,4980
25_2_30/os_1_com_0_time_0_rcom_0/6.txt,25,2,30,H,6,ce499d9992644d99627fb7361fd8b88293d9f80a7613d448eddaeb75eba1fdf6,4959
25_2_30/os_1_com_0_time_0_rcom_0/7.txt,25,2,30,H,7,1284d0746bf2d665043da3b223b03d4e37fef3eead3abec53666130adc69d4a5,4995
25_2_30/os_1_com_0_time_0_rcom_0/8.txt,25,2,30,H,8,da0ba1177cf3404f360ca8d16bbd9de77e6cf38c76603b50d221986fd9cb5099,5007
25_2_30/os_1_com_0_time_0_rcom_0/9.txt,25,2,30,H,9,7c2d81385e72779a15c7bd65d5de8d3f9af46a02d64b3ed399cc3e397513cbbc,4986
25_2_50/os_0_com_0_time_0_rcom_0/0.txt,25,2,50,L,0,c8f40d9614c16a719db8884cd69f4e094219f95dfa12bc952779c6b3f7db808b,7909
25_2_50/os_0_com_0_time_0_rcom_0/1.txt,25,2,50,L,1,989044a80fe17ac086273a0a56435fab7a9af5616e8a16ff63c64da8c73f183b,7997
25_2_50/os_0_com_0_time_0_rcom_0/2.txt,25,2,50,L,2,f2aec12be8cf2ac6a460caf311d921e3cd036b4f2e91f4f12c1229e2a49391bf,7922
25_2_50/os_0_com_0_time_0_rcom_0/3.txt,25,2,50,L,3,010b905c2c07372a75d6831cc5dd6a462ac20581c3d072424616e6a70262d42c,7832
25_2_50/os_0_com_0_time_0_rcom_0/4.txt,25,2,50,L,4,c7a5baf09080027a503c5c7671c0adf2f5ec00cc4783642966124acf15f7719c,7960
25_2_50/os_0_com_0_time_0_rcom_0/5.txt,25,2,50,L,5,ddba265f03a910fbd7f44103f8eaa75622ccfcffe729f423bbf42344b538a735,7929
25_2_50/os_0_com_0_time_0_rcom_0/6.txt,25,2,50,L,6,8346e0ecd1d7922947a2e41279d23a7b8694d113fdc454e173e943602b576b41,7943
25_2_50/os_0_com_0_time_0_rcom_0/7.txt,25,2,50,L,7,30730727f1bc2b6728e3b6b0258ec6e36e153ceaef08c354265f47ffb4b117fc,7921
25_2_50/os_0_com_0_time_0_rcom_0/8.txt,25,2,50,L,8,4a235f49d5c52857532708b6aeaedd190a0a109c9eb51e6712d68656f0492d90,7959
25_2_50/os_0_com_0_time_0_rcom_0/9.txt,25,2,50,L,9,cc7872c0e0b18c6cb2fcca6e184b8417661e6f7578dcf5fe76eae189aaef08d8,7960
25_2_50/os_1_com_0_time_0_rcom_0/0.txt,25,2,50,H,0,e20da6e65b7d6d6a1f57b651ab538a269092d77959a48ff9749f958a4344ca5d,7948
25_2_50/os_1_com_0_time_0_rcom_0/1.txt,25,2,50,H,1,ce9e061bc11699a0aa64328a7009851c9b6ae12e675de4f20fbfe636760ab4a7,7965
25_2_50/os_1_com_0_time_0_rcom_0/2.txt,25,2,50,H,2,370ba0dd6805260eca758db772a7271697abadc0c95b811efd6bfd11d113c8a8,7921
25_2_50/os_1_com_0_time_0_rcom_0/3.txt,25,2,50,H,3,e277e5dcd47691aabf6305bbad9e9e1f6ec57402837e7994172e2f361e24743a,7866
25_2_50/os_1_com_0_time_0_rcom_0/4.txt,25,2,50,H,4,1e0928e14d542045c7069f8307de5a6de348093de10517d1aabcf99de6b2b515,7966
25_2_50/os_1_com_0_time_0_rcom_0/5.txt,25,2,50,H,5,dd3b1337d208e8fdf3ab8930b511caa246507e7dfd3d07bd5e5bbb3f3f6f629e,7917
25_2_50/os_1_com_0_time_0_rcom_0/6.txt,25,2,50,H,6,e364de10a3e1d0e16c0c5d2a343a660b6306e1da6333d677faf3a50916f904db,7981
25_2_50/os_1_com_0_time_0_rcom_0/7.txt,25,2,50,H,7,ff766a14a715c94612623125c7fc8c9482201bf7c84c82d0e14ec17bba1ec11a,7926
25_2_50/os_1_com_0_time_0_rcom_0/8.txt,25,2,50,H,8,5f18ce955c5fcbcac2549bdd78b2d1259e6493b2317dd9c87e17eff9635ba1b1,7946
25_2_50/os_1_com_0_time_0_rcom_0/9.txt,25,2,50,H,9,a49ec9c43001b89d5231f96145ab85f17a2a2cce3a019d0cd7a23a41856b19b1,7964
25_2_100/os_0_com_0_time_0_rcom_0/0.txt,25,2,100,L,0,8545cfa3d3a82dc125ce69004e85075a1e80bf4ceef0bb6609657fc68cc9c55a,15517
25_2_100/os_0_com_0_time_0_rcom_0/1.txt,25,2,100,L,1,576178903c9ec473d6637b13d28e75814afcea2d7aaebf86598f2ee669706754,15522
25_2_100/os_0_com_0_time_0_rcom_0/2.txt,25,2,100,L,2,b16b3fc429b4ad8941cd6141e2f5910cf87225a7ac3ea290f867dafcfe257112,15472
25_2_100/os_0_com_0_time_0_rcom_0/3.txt,25,2,100,L,3,942cfea637abc7eac5665de33f9cca12684050e373cb66e30e98fae2a89a1dc1,15503
25_2_100/os_0_com_0_time_0_rcom_0/4.txt,25,2,100,L,4,732d97c7cacb3a9f9c0f814232339f3a3dbad460ca337e33a19c890884834ef2,15479
25_2_100/os_0_com_0_time_0_rcom_0/5.txt,25,2,100,L,5,00c783584c6959781cddc09b12f8af1fd97bca63c2021aabb48466c3b51a637e,15493
25_2_100/os_0_com_0_time_0_rcom_0/6.txt,25,2,100,L,6,7aa8df40ad528eb6e5bc12a733a0334c9ac2acfa1af3cfca42d16708dededc19,15460
25_2_100/os_0_com_0_time_0_rcom_0/7.txt,25,2,100,L,7,cafb5df9ef82d2946b215bdb5ef33eeee161a4cfb30341dc2111170de49c7994,15528
25_2_100/os_0_com_0_time_0_rcom_0/8.txt,25,2,100,L,8,35594bcd2bb71d700409ef4258b9e2c605be8b6f65fa81c5aeafbcdf78114e5a,15483
25_2_100/os_0_com_0_time_0_rcom_0/9.txt,25,2,100,L,9,fb27c0f5b8d252c02416f365154f962aa94049db4525b24355d22b64de081af5,15441
25_2_100/os_1_com_0_time_0_rcom_0/0.txt,25,2,100,H,0,6aca41b327cb37075f6d04eb9baaaa9850665fd075dd3c459215111e4bae192e,15522
25_2_100/os_1_com_0_time_0_rcom_0/1.txt,25,2,100,H,1,2cd0545994ceed1979d2aa1d1b0ffd64d61dd2edd848a14f8ad45c65e0b0de43,15534
25_2_100/os_1_com_0_time_0_rcom_0/2.txt,25,2,100,H,2,1457e1376e0ad741a6c76730bb2c2296c79f847f8819609fb1ae47444818d2eb,15501
25_2_100/os_1_com_0_time_0_rcom_0/3.txt,25,2,100,H,3,b42323a11f887020e061c8bbd817d8581884201f6ee5ee351131cfaae677b502,15537
25_2_100/os_1_com_0_time_0_rcom_0/4.txt,25,2,100,H,4,d968b18b7891c4946f243c1a37537c3dd906189ded31493663c62ca023a82559,15503
25_2_100/os_1_com_0_time_0_rcom_0/5.txt,25,2,100,H,5,0770877871a3a8789f683e47bbee0c5bd875326da4cf2d999d7acfa4a66ecdb1,15521
25_2_100/os_1_com_0_time_0_rcom_0/6.txt,25,2,100,H,6,12c0908264da6c9d9c41c275e13be91b71f0570496ada81fb407e255322b3156,15491
25_2_100/os_1_com_0_time_0_rcom_0/7.txt,25,2,100,H,7,d87c6295cdf35e367c4a6e753ca8e8c17405f8f0c458eb1a0c3913c57ac4d723,15525
25_2_100/os_1_com_0_time_0_rcom_0/8.txt,25,2,100,H,8,5b6a796b00d5567ef7f2d4c161cc81195d3033c148db83696be3fbd950276dbd,15534
25_2_100/os_1_com_0_time_0_rcom_0/9.txt,25,2,100,H,9,6a9e5786e20ebad0b0b37b5d1a5ec9e98e0da4c4a6f1653be07829ad4a5f19f2,15502
25_2_500/os_0_com_0_time_0_rcom_0/0.txt,25,2,500,L,0,8e43cafb8becaee4d874851dae7b18f5d16f1caf0d051bff75d5b5034d8d3a48,75453
25_2_500/os_0_com_0_time_0_rcom_0/1.txt,25,2,500,L,1,982587adb2af2a9ef5424388b5fb89069df5cac8205cf4810cdd94061f192666,75447
25_2_500/os_0_com_0_time_0_rcom_0/2.txt,25,2,500,L,2,9c1db7949b189fea6cc707e0dcb8cd530e44df160987101a8b6eabfd9aed9149,75398
25_2_500/os_0_com_0_time_0_rcom_0/3.txt,25,2,500,L,3,948f2b5753afafb58ae69e218f33b8146d8c88cb495e06c1aff341026574d379,75329
25_2_500/os_0_com_0_time_0_rcom_0/4.txt,25,2,500,L,4,837a08d67eadb2c7a80a05d1c1186a5fb8b14f3e3caad78b9ae9f67871e66f82,75164
25_2_500/os_0_com_0_time_0_rcom_0/5.txt,25,2,500,L,5,64913a9192a1bc067046c7087e321e45c67e304aac7a6a2bd50dfec49528b579,75341
25_2_500/os_0_com_0_time_0_rcom_0/6.txt,25,2,500,L,6,b36c4bf1015b5935d46c8dca24b6b5b93363211e414d3168c27c4e63ed706b82,75283
25_2_500/os_0_com_0_time_0_rcom_0/7.txt,25,2,500,L,7,f82ada1b4ee29c9991741de8c78a3573e62c053af7baf4535d7da42103c9a12f,75409
25_2_500/os_0_com_0_time_0_rcom_0/8.txt,25,2,500,L,8,a01e77742ddeeda764de6be8470234445302ade8c46d12e11633639804cdce85,75388
25_2_500/os_0_com_0_time_0_rcom_0/9.txt,25,2,500,L,9,df1d2b293c4b18064721de4848629d6879e4ab8205bf512f88c4e313b6b18e23,75151
25_2_500/os_1_com_0_time_0_rcom_0/0.txt,25,2,500,H,0,6482b30ac96e8bd8056f1e548a7aac566037037f3808337d478343900abeeb6b,75458
25_2_500/os_1_com_0_time_0_rcom_0/1.txt,25,2,500,H,1,9b9740cd60498e6efb97b325a9bd40bdbc56b4d44d3ff7308f61dea520353fca,75459
25_2_500/os_1_com_0_time_0_rcom_0/2.txt,25,2,500,H,2,d02f9068a4da07cccceef76a161f60f86bed29c0d982b12601835f6e127e3fa9,75427
25_2_500/os_1_com_0_time_0_rcom_0/3.txt,25,2,500,H,3,aee6341aa1a4c4b84d8e1805e99fa90e5bf18e19b659138272f4ab1d6bd7ccb9,75363
25_2_500/os_1_com_0_time_0_rcom_0/4.txt,25,2,500,H,4,aa302662fba204417cbeff416579b71fb55cf5077fa434eea9549ac7b4f4dae4,75188
25_2_500/os_1_com_0_time_0_rcom_0/5.txt,25,2,500,H,5,49c480ba357af3dc03b5c8dccd0a9d79993341d7671faf9bdd68ea2e3c75861a,75369
25_2_500/os_1_com_0_time_0_rcom_0/6.txt,25,2,500,H,6,7e15b002d209ee60fd0819f3879ebf8b0b94390401103f09f942b4f92eb69594,75314
25_2_500/os_1_com_0_time_0_rcom_0/7.txt,25,2,500,H,7,3523467e89109705ab4196b6a25460ed59b19fd922686f64b5fff59941d02080,75406
25_2_500/os_1_com_0_time_0_rcom_0/8.txt,25,2,500,H,8,f86cb36eed5b6a52dec8bd84b88fcdc49690c0cacae072a245b1422012a49707,75439
25_2_500/os_1_com_0_time_0_rcom_0/9.txt,25,2,500,H,9,91bbd3cccc7962b10d3fd5103f2a05a11909cebf05cfe7da3d66f32190609ad4,75212
25_2_1000/os_0_com_0_time_0_rcom_0/0.txt,25,2,1000,L,0,4a19abca3df46b92d9059713acd674dd54c572c327ee6eaa4678085856b07e16,150387
25_2_1000/os_0_com_0_time_0_rcom_0/1.txt,25,2,1000,L,1,7023c1163dbbf6b0a31495f045ecd2f0815de2ad57ec6725bc804530a0344b68,150329
25_2_1000/os_0_com_0_time_0_rcom_0/2.txt,25,2,1000,L,2,a2e67ebecb38103bdaff8c5a2a2e5fca4041572de8e81b07cb29af30ec3399a4,150132
25_2_1000/os_0_com_0_time_0_rcom_0/3.txt,25,2,1000,L,3,92058adc81b6651d9a9dce27c7d45ad537432b8f9852376208365fed0f6ada2e,150097
25_2_1000/os_0_com_0_time_0_rcom_0/4.txt,25,2,1000,L,4,f66bfeb3deab0c00ec9d2fa315a808ac84e90e8d1519082fd050f47e3b3f6e03,149825
25_2_1000/os_0_com_0_time_0_rcom_0/5.txt,25,2,1000,L,5,92b77c7b6c44d0ff60a3dad24eb4c28e3850c0e4cb7d398b78aced58f86c28fd,150261
25_2_1000/os_0_com_0_time_0_rcom_0/6.txt,25,2,1000,L,6,25e1c959d855a2bf934a4636b9ec22c3397bef519d9872c66afe769762e607b1,150009
25_2_1000/os_0_com_0_time_0_rcom_0/7.txt,25,2,1000,L,7,98ec2fff7240c674d67c356b176732e7f038cedafa7e5ab0f79b1eca139025d5,150196
25_2_1000/os_0_com_0_time_0_rcom_0/8.txt,25,2,1000,L,8,323eb381faaf68ee495eb1077bdc0fddfa7ac14767645dd5caf7737bb277aeef,150211
25_2_1000/os_0_com_0_time_0_rcom_0/9.txt,25,2,1000,L,9,0fa36e2a82393f796ad7dbeea1e64a53348354a4c35c6f5bdb5e1bf2d199eaeb,149806
25_2_1000/os_1_com_0_time_0_rcom_0/0.txt,25,2,1000,H,0,c7383b93854bc20d4904a735597cdedc74c600ffc738af088f2d2e49668bd927,150392
25_2_1000/os_1_com_0_time_0_rcom_0/1.txt,25,2,1000,H,1,855af0133529ee2da830834b6e4ff34c6bdad6bf847699f7ce7d342fbf430673,150341
25_2_1000/os_1_com_0_time_0_rcom_0/2.txt,25,2,1000,H,2,818eaa47a372a35619210aaf8a4ccbff94591aaf554e98adf1c56d5eef092771,150161
25_2_1000/os_1_com_0_time_0_rcom_0/3.txt,25,2,1000,H,3,4fd62c1e74d856841f65e1931b623a8a8c2bdd5d237b6a013472b7cae2651b8a,150131
25_2_1000/os_1_com_0_time_0_rcom_0/4.txt,25,2,1000,H,4,3b118e06e31849b66f64b4ca9e3d07b90ada645de41ae2f8c842b5bf5e9dc1a5,149849
25_2_1000/os_1_com_0_time_0_rcom_0/5.txt,25,2,1000,H,5,ab9a9fad7fc77fabdf193579ca87dd150459035f20b543dd968419171c7fdf71,150289
25_2_1000/os_1_com_0_time_0_rcom_0/6.txt,25,2,1000,H,6,5575c9ec5f0922372dcac618886b91378e61f5b267c489f462636f0b6081c3bc,150040
25_2_1000/os_1_com_0_time_0_rcom_0/7.txt,25,2,1000,H,7,d92e3a55c9c6f96cb2bccc028811deece2ada8d01e7091f3b529e2e12a85907b,150193
25_2_1000/os_1_com_0_time_0_rcom_0/8.txt,25,2,1000,H,8,e8eadef95ab9b867789e7957ce035b169c31afc04d7e3821f66189582f1b4569,150262
25_2_1000/os_1_com_0_time_0_rcom_0/9.txt,25,2,1000,H,9,47f99db98ea5c4aeeb53e24860e591e8b6ab32f05ed4bdd6d472f7e637f05503,149867
25_3_10/os_0_com_0_time_0_rcom_0/0.txt,25,3,10,L,0,9269aec03afa5cfb992b062cf4cda05e68f49fb8e5f3538541ae0afe4287df30,2822
25_3_10/os_0_com_0_time_0_rcom_0/1.txt,25,3,10,L,1,6a3d27703b2186249ec9c1e53d958a7e7655baf941aee272f48bf02a1dbb6139,2840
25_3_10/os_0_com_0_time_0_rcom_0/2.txt,25,3,10,L,2,e6d6d15a9e745852b3dc21088baa16dc1de67d133605506bdf3c0e4c3aa32743,2846
25_3_10/os_0_com_0_time_0_rcom_0/3.txt,25,3,10,L,3,b85fef83769d161d1878e09ffc038ea1cc76686be61530929f8c5d0a410e4f1d,2825
25_3_10/os_0_com_0_time_0_rcom_0/4.txt,25,3,10,L,4,2ec6f8cb5ff0b2bfaed1c8fa46a9fc830bb8e3c7067a41f7a8fb086aa6a0aba1,2820
25_3_10/os_0_com_0_time_0_rcom_0/5.txt,25,3,10,L,5,ff0a37e21fea072c68e9f7a8a28229967a5907f0f35b9f74ea7385d1bfce899d,2837
25_3_10/os_0_com_0_time_0_rcom_0/6.txt,25,3,10,L,6,2f8308fa647b021d331fee4ac069cf5fd470b4aec64304aad6ba4e256d0c6f7f,2809
25_3_10/os_0_com_0_time_0_rcom_0/7.txt,25,3,10,L,7,c2a20eca03e92d16c10d2a009635a65fcddd3a601891a65ad22d72d022e8dfb7,2805
25_3_10/os_0_com_0_time_0_rcom_0/8.txt,25,3,10,L,8,710faa2aaa5cb59b78f0f77cde6ef96d918bd7a225ce99373d275e391e6b9a7f,2826
25_3_10/os_0_com_0_time_0_rcom_0/9.txt,25,3,10,L,9,7916cb55ce73bb48fa1a9cf341d0f149d314e977d1e933a5047eff14ed4bb4b9,2809
25_3_10/os_1_com_0_time_0_rcom_0/0.txt,25,3,10,H,0,f80834da027cbd78acfa9661f6847002deba017494e15daa36291c31f3a3074b,2819
25_3_10/os_1_com_0_time_0_rcom_0/1.txt,25,3,10,H,1,89933b61b7d88acf8c1c131b4e38e547fa212e15f56826de2321d55dd91d5bb4,2808
25_3_10/os_1_com_0_time_0_rcom_0/2.txt,25,3,10,H,2,25cab818734dcb472676720162e92db20993df82b483b75b9cf9a0d66246fcda,2846
25_3_10/os_1_com_0_time_0_rcom_0/3.txt,25,3,10,H,3,cf022e22ba29aa6e2d94b30568b496e122a45f8e151c346e08fda609641ff9aa,2836
25_3_10/os_1_com_0_time_0_rcom_0/4.txt,25,3,10,H,4,fba9e9785d3f308880fae95ff348dd9909a836f8c0a8228679c30a32b60cd4e0,2829
25_3_10/os_1_com_0_time_0_rcom_0/5.txt,25,3,10,H,5,71defa22cee86aeadaf49c5220329d41a693d09600e02037d67f87da87cc53a4,2793
25_3_10/os_1_com_0_time_0_rcom_0/6.txt,25,3,10,H,6,baa96ffda62c16174a3b233902f0a8d3e51bf609ecf47ec7e8eef3275c839b11,2826
25_3_10/os_1_com_0_time_0_rcom_0/7.txt,25,3,10,H,7,ea65b6e8f4e5f2275caced0ef629bd6d1063af192c886ca7b654c0bbeaefb1c7,2833
25_3_10/os_1_com_0_time_0_rcom_0/8.txt,25,3,10,H,8,d5bc8d3aa205a08d54ea386568ef8006129586c1c7f758eb2e09b59225d44fbb,2842
25_3_10/os_1_com_0_time_0_rcom_0/9.txt,25,3,10,H,9,5a444afed34fb103afc1ee96f012f9cb23fa5a5f8bd92ddd89572dda51e9cf41,2832
25_3_30/os_0_com_0_time_0_rcom_0/0.txt,25,3,30,L,0,d36e1f9c1d154eeb46924cce63f517434d8052b85d879590b2d3a0b980174bf8,7183
25_3_30/os_0_com_0_time_0_rcom_0/1.txt,25,3,30,L,1,43f3af06b1d940e98b347effd8161b8a92c514e0aed26acbd4bff425ecf2c7a5,7189
25_3_30/os_0_com_0_time_0_rcom_0/2.txt,25,3,30,L,2,efcd13e4dce34919429a43214af3effe7d4c88eac8f94344e61fff313ba1688b,7207
25_3_30/os_0_com_0_time_0_rcom_0/3.txt,25,3,30,L,3,4e0b8b3d57129be4344841b10c36045c689c502828eec2206f23c701c2a5799b,7207
25_3_30/os_0_com_0_time_0_rcom_0/4.txt,25,3,30,L,4,c7726fd75f0b5b06b28557fc121e1bd9940a3addd21830d3e25f31f8f0fefd02,7162
25_3_30/os_0_com_0_time_0_rcom_0/5.txt,25,3,30,L,5,67dc48ed8f093210d77eb627a85c612493c13f14134d6e5a3a0a07c40d8ff0d7,7217
25_3_30/os_0_com_0_time_0_rcom_0/6.txt,25,3,30,L,6,08ae6eb843683f7123e5caca7fd5a62f7619129c76b9522c7fa477e53989aa57,7248
25_3_30/os_0_com_0_time_0_rcom_0/7.txt,25,3,30,L,7,3109256651930340099f26a38ef752ad2d872c66e5e57b7992699347f204e784,7233
25_3_30/os_0_com_0_time_0_rcom_0/8.txt,25,3,30,L,8,728c27a23e7bd9b5d582154febc66e9226d2cc65b006e22065ec16fc0ba4f024,7224
25_3_30/os_0_com_0_time_0_rcom_0/9.txt,25,3,30,L,9,8d5d8b00a34e5987bed78c75e05d96a7e37cd06f2e91fe47464e7d4cf7f8e1a4,7271
25_3_30/os_1_com_0_time_0_rcom_0/0.txt,25,3,30,H,0,d23c8a6d83c9e0221063e18d12c9c9a7b6020567ca3270b02785c9e928881541,7180
25_3_30/os_1_com_0_time_0_rcom_0/1.txt,25,3,30,H,1,e4ff89062d91f7aeecef367d3e89aa26ee8f88deff8f83e52464af8d289cf7ab,7208
25_3_30/os_1_com_0_time_0_rcom_0/2.txt,25,3,30,H,2,1febc92595843fe6c77c09c89c5511581445cd1962336b42bec3aee76ca04a59,7232
25_3_30/os_1_com_0_time_0_rcom_0/3.txt,25,3,30,H,3,aad90f23ea35e10d56f15a94fdfe58a6a5ad2f0fb0ae805564eaf1a0db69a5bf,7243
25_3_30/os_1_com_0_time_0_rcom_0/4.txt,25,3,30,H,4,ffca7a62c86bbc95318b0017faf5c93b3d1b97682c238f32ba88e139f3bbb5c9,7182
25_3_30/os_1_com_0_time_0_rcom_0/5.txt,25,3,30,H,5,74d92315b67d36f433ec8ab9fc895bd8f09f122ddb4527e16943a14f4a4ab63d,7211
25_3_30/os_1_com_0_time_0_rcom_0/6.txt,25,3,30,H,6,cb9ab98debebd4532deb86dd5013974e508c2bf6dae13ddf36045dad7a3bbf40,7222
25_3_30/os_1_com_0_time_0_rcom_0/7.txt,25,3,30,H,7,7d889c2c7201c8b9ca108c42fada6c8e46e82a12530fb5f12c1e443c40c7f0b3,7249
25_3_30/os_1_com_0_time_0_rcom_0/8.txt,25,3,30,H,8,7dcd917da93633f3b59466e4dbb26f4fdb0fa7a8fcaeae7a015c50539afd5b99,7198
25_3_30/os_1_com_0_time_0_rcom_0/9.txt,25,3,30,H,9,078d35410355c53df5ba0bc58ba09da1e168f98b6b5b1c086b212f1431b3aa3d,7298
25_3_50/os_0_com_0_time_0_rcom_0/0.txt,25,3,50,L,0,9796785bfea5b072cd14ab1dbf72a1213dbbad1991144b2398a4a7ef44e1e643,11690
25_3_50/os_0_com_0_time_0_rcom_0/1.txt,25,3,50,L,1,2340b3e999ef3a332720edc266921c2c1739a4f5beff94583c9fa04d8a4fd010,11740
25_3_50/os_0_com_0_time_0_rcom_0/2.txt,25,3,50,L,2,0f7f24e2ee532af6e649bccda6df35e089bc33b78f4c940a27f9e3676b6553e4,11562
25_3_50/os_0_com_0_time_0_rcom_0/3.txt,25,3,50,L,3,97d9a332b2ad0af997148231d863aa73efb5119a8eb21128f384c8294904d363,11648
25_3_50/os_0_com_0_time_0_rcom_0/4.txt,25,3,50,L,4,02fb5793b43265d0f44547995c70c33b37a7699ef946db12d812e843a1c60377,11613
25_3_50/os_0_com_0_time_0_rcom_0/5.txt,25,3,50,L,5,06078e3cb727f5192a83d1b718a6792e65de0b22c1f23b7c01f73e1538b2e1bc,11672
25_3_50/os_0_com_0_time_0_rcom_0/6.txt,25,3,50,L,6,3583705e66be5e5934429c78608423c35491ae970febbb01962b0fa163eed8b7,11705
25_3_50/os_0_com_0_time_0_rcom_0/7.txt,25,3,50,L,7,598f7e58aa91ae849805f3bd93556d4a5654b5462721f414a6da7766ebcd518d,11668
25_3_50/os_0_com_0_time_0_rcom_0/8.txt,25,3,50,L,8,70dc20b5368f64c201f18f30297270497691a5488a3a64bc93633c38b15ab824,11670
25_3_50/os_0_com_0_time_0_rcom_0/9.txt,25,3,50,L,9,41e9eee96a569ae8690f7e07ddcf2011644690fe27ccba2a19b20917f1c233b2,11673
25_3_50/os_1_com_0_time_0_rcom_0/0.txt,25,3,50,H,0,6d6d6c0c11f299d2323ff6467d3f42081669b3b6c543eca5510a1d0b04ccfd7a,11715
25_3_50/os_1_com_0_time_0_rcom_0/1.txt,25,3,50,H,1,adf0eb0d3700236e21b8e963354aaaa2ec0cc9d64e775e503aaabe8dd04c101e,11665
25_3_50/os_1_com_0_time_0_rcom_0/2.txt,25,3,50,H,2,b39b0c9494ae3f9f4e614fe7a8880b7d777387b87abfe536b1821819e8054436,11585
25_3_50/os_1_com_0_time_0_rcom_0/3.txt,25,3,50,H,3,e5098881dc197d2e0efe42793c090b79ec0e0279312c4fc622fb69b5c8ad4973,11690
25_3_50/os_1_com_0_time_0_rcom_0/4.txt,25,3,50,H,4,38bcf167c77b5447f84c983cab97a241d0d30c2156e00eab90f6f59b43f2f54b,11610
25_3_50/os_1_com_0_time_0_rcom_0/5.txt,25,3,50,H,5,6f156358cf0cf1646525763795f380f58fc11b1fd10531015205195aa3065e00,11655
25_3_50/os_1_com_0_time_0_rcom_0/6.txt,25,3,50,H,6,a69d6641fa72e2ee21ac09f0aa0d8e53271f2ee6a3e34c6dbea2ef6d93693e57,11740
25_3_50/os_1_com_0_time_0_rcom_0/7.txt,25,3,50,H,7,e5ce2f2168e112c06b8e660b1277f464a59b3d6a997ac104fb0a61978fa4790e,11697
25_3_50/os_1_com_0_time_0_rcom_0/8.txt,25,3,50,H,8,dfd46f055b2e35b2aea8472b73440c3c35225f5d4332e2cfe72414317af99a91,11655
25_3_50/os_1_com_0_time_0_rcom_0/9.txt,25,3,50,H,9,e6821c86a3085138cfec8100a271a036b5da84fb0eec69761937ce5897ad932c,11639
25_3_100/os_0_com_0_time_0_rcom_0/0.txt,25,3,100,L,0,428e1c1b0fd586b74f3692909efefed7bb0a0c191bb9d31c7ce3dde6a6fd4600,22995
25_3_100/os_0_com_0_time_0_rcom_0/1.txt,25,3,100,L,1,8062bc122d0ada302e00abc00c25a0a26af7ee4ada2138549b8e1d9614319dc6,22961
25_3_100/os_0_com_0_time_0_rcom_0/2.txt,25,3,100,L,2,975b69579e602cb707b5b98659c5c2b37dba8c16244c31d0474500b00ce78f8b,22998
25_3_100/os_0_com_0_time_0_rcom_0/3.txt,25,3,100,L,3,91af90eadd4b604a39ff41f121a4e9faaa8abca124857ea1e1ed1eb3070be23c,22974
25_3_100/os_0_com_0_time_0_rcom_0/4.txt,25,3,100,L,4,eb203a63e147edf3e3a6423bcc5e17c14afa6304da7a21cca969df7a43c69f3c,23002
25_3_100/os_0_com_0_time_0_rcom_0/5.txt,25,3,100,L,5,bea7757354ec3acfbbc8265acbaede233c4526e14701a83eb577c9d699695e44,22995
25_3_100/os_0_com_0_time_0_rcom_0/6.txt,25,3,100,L,6,755d1f3f9d94f012ab46512fa99d236e178f2463df95a97aadaddd1f1dd8f2bd,22977
25_3_100/os_0_com_0_time_0_rcom_0/7.txt,25,3,100,L,7,f92c233d1c5d169a52261e4b88d05e3eaac0e7db038253ecadd640d2bd60c0e0,23000
25_3_100/os_0_com_0_time_0_rcom_0/8.txt,25,3,100,L,8,df60cd83eb9aee3d3feb17bb6b8d6982783d2be904da8a1a6a685241e114f3bf,22961
25_3_100/os_0_com_0_time_0_rcom_0/9.txt,25,3,100,L,9,78b3bba6190050b5138e44470892194d61fba14862be8e543f397b4f01b3c022,22952
25_3_100/os_1_com_0_time_0_rcom_0/0.txt,25,3,100,H,0,b74df1d786725c983e191b5f5e52d7356d11e1a7050b3d075f9e6ca573613c44,23000
25_3_100/os_1_com_0_time_0_rcom_0/1.txt,25,3,100,H,1,4fb0d84ec83911d59ed374212eb52ef5b1cc166dc91c64002a4b580aa6716aef,22973
25_3_100/os_1_com_0_time_0_rcom_0/2.txt,25,3,100,H,2,617e4de1fe2b0967e0aadf5787701bb0f9399970c585ce49b51c47dea6e8bdcd,23027
25_3_100/os_1_com_0_time_0_rcom_0/3.txt,25,3,100,H,3,9816c4c9522010ff3fcf89a9ae595a2513aae03b81d9956b548c55fdbbe52be9,23008
25_3_100/os_1_com_0_time_0_rcom_0/4.txt,25,3,100,H,4,be58d5fc60039f42e5f02a76bd88812b07699e36b6090d1987a48de913f3ba33,23026
25_3_100/os_1_com_0_time_0_rcom_0/5.txt,25,3,100,H,5,ca8f2dea3293baa6eb0afb0cef91231831cbea5db487fd78b8d1b60e7864e577,23023
25_3_100/os_1_com_0_time_0_rcom_0/6.txt,25,3,100,H,6,8e346d5a17a914853174f8559e87e69934e6a448c45c3de890659b430cbccc29,23008
25_3_100/os_1_com_0_time_0_rcom_0/7.txt,25,3,100,H,7,d4544c096b2162d970f45753c89654ebcd15bc2c5657b3bb3e36dde96415201a,22997
25_3_100/os_1_com_0_time_0_rcom_0/8.txt,25,3,100,H,8,c702e73015dd7ea9373bb31709773073d424ca92578f1f19245bf5cea96a6942,23012
25_3_100/os_1_com_0_time_0_rcom_0/9.txt,25,3,100,H,9,dfa06b049443def0293e332526ad29829d097236148be14d0eb0ad61ef44aa33,23013
25_3_500/os_0_com_0_time_0_rcom_0/0.txt,25,3,500,L,0,8171d05f96eca0a3cdc15ded799198e1e1ecae5b06d389f641f05867c38f9bf3,112512
25_3_500/os_0_com_0_time_0_rcom_0/1.txt,25,3,500,L,1,802419ca9e8ace9674a924815bb88dcaebc5ea31781b5489b2f0309115dfd13e,112463
25_3_500/os_0_com_0_time_0_rcom_0/2.txt,25,3,500,L,2,e1d63766cfee31e4aa11a20852aa4da5c5c046294cb4c05f283b557083aca876,112667
25_3_500/os_0_com_0_time_0_rcom_0/3.txt,25,3,500,L,3,083d07dc9132bf0c4e8793152f6648f116a65f5e586a506b0b919252da201c7c,112549
25_3_500/os_0_com_0_time_0_rcom_0/4.txt,25,3,500,L,4,16b8cd78e21aab2bbc764f98e192a2c80f182477bc868d1a3df2d4f918eace91,112528
25_3_500/os_0_com_0_time_0_rcom_0/5.txt,25,3,500,L,5,4eb07b21bcc88431ba493333d6681a22092b5f2391d4c38a2d9e4a66f494de47,112599
25_3_500/os_0_com_0_time_0_rcom_0/6.txt,25,3,500,L,6,e0dc8a09074b7b510f9102a987c9fd1d3e4b395a4471180bda459fc831e6e9fa,112594
25_3_500/os_0_com_0_time_0_rcom_0/7.txt,25,3,500,L,7,9ccb5ce61d822b9b1756994739e7fecb76d6eda58c6ffafbf0a77af8e87d30c9,112563
25_3_500/os_0_com_0_time_0_rcom_0/8.txt,25,3,500,L,8,238dc6b74fd4ff6ebcff2c783c35c60ef278899fdbed7d72ad2f88b12e1f6cc3,112626
25_3_500/os_0_com_0_time_0_rcom_0/9.txt,25,3,500,L,9,ebdf3e949e021a471df8eeede3ec62848b881bc5ff41594c45f3adf1c4f29a59,112593
25_3_500/os_1_com_0_time_0_rcom_0/0.txt,25,3,500,H,0,65bc94e8f6ce0ff7330ed48b2e788929dc8f855ef2fc7a890b76f9285918b131,112517
25_3_500/os_1_com_0_time_0_rcom_0/1.txt,25,3,500,H,1,dced5f686cdc1fc09e53e5e8ab7b0167716b619e163de92785592c5ca287b448,112475
25_3_500/os_1_com_0_time_0_rcom_0/2.txt,25,3,500,H,2,6ebf84beb8f801a1eae83caba18af5ac54e1d351f1d4ca7e726b52791543c03b,112696
25_3_500/os_1_com_0_time_0_rcom_0/3.txt,25,3,500,H,3,70f275101fdc2a2faeab003d6ada41392c6e363a50488d4abeebc6379bbd2ae8,112583
25_3_500/os_1_com_0_time_0_rcom_0/4.txt,25,3,500,H,4,7cb67d236f754675ffdbee7b91ef37667e10f08b2a15ce3e1b232bde40b77184,112552
25_3_500/os_1_com_0_time_0_rcom_0/5.txt,25,3,500,H,5,bec53bd3a962d59e4ade433b37630cafd019f44bcddf120b9815db37908f041c,112627
25_3_500/os_1_com_0_time_0_rcom_0/6.txt,25,3,500,H,6,4128acf729b088028486f267a26c68e8ac5990897ef9d81afeb08f7b2af76697,112625
25_3_500/os_1_com_0_time_0_rcom_0/7.txt,25,3,500,H,7,736fad7c10bdb1ee7bf8ea01f7de1c0b52df7cd8088390cf5c5ded83ffe903d3,112560
25_3_500/os_1_com_0_time_0_rcom_0/8.txt,25,3,500,H,8,e44842fc7dd0bdf82bc953b89617c63f0ce948c31c68391edb3a3720670b4ebc,112677
25_3_500/os_1_com_0_time_0_rcom_0/9.txt,25,3,500,H,9,b57f5e802a1fe3bc856269a4e0dcce7e74a22c319eb425da2e4ef8b8201ce1c7,112654
25_3_1000/os_0_com_0_time_0_rcom_0/0.txt,25,3,1000,L,0,023ec12e0dc8180f57f768fdee135c6dbc9c16c66f77711f28fe90ed458eb41d,224506
25_3_1000/os_0_com_0_time_0_rcom_0/1.txt,25,3,1000,L,1,cbe0f690d8f467a03dc6763d071e7f7d613823c911ad1352c569daa3eb3963fd,224231
25_3_1000/os_0_com_0_time_0_rcom_0/2.txt,25,3,1000,L,2,383040d0928aae2cc5e5e90eecbc1483434868492e46c6fd6be9203b97ca6905,224785
25_3_1000/os_0_com_0_time_0_rcom_0/3.txt,25,3,1000,L,3,9127b4863a829ad28d94c135acb7a4488aa3ebf4f0782f7213b0ed1a36ba425a,224315
25_3_1000/os_0_com_0_time_0_rcom_0/4.txt,25,3,1000,L,4,e08df0355e3ae069709969574d1d650d95f0f966b80880d82cff6ddf6cebbc9a,224499
25_3_1000/os_0_com_0_time_0_rcom_0/5.txt,25,3,1000,L,5,878a7ed28dc4b1d3861007f9f9e1e407556e959b3ec1d0017b42b2097e1633e2,224571
25_3_1000/os_0_com_0_time_0_rcom_0/6.txt,25,3,1000,L,6,d1550bbd49b555434eb25cf5a4709c2fdb651ac7a8649d5e1e3c68eb85c19abd,224731
25_3_1000/os_0_com_0_time_0_rcom_0/7.txt,25,3,1000,L,7,bf0cb890209d062ec0f54f578ce75e1092e50571cd68f0de73106c7f05b0fc17,224519
25_3_1000/os_0_com_0_time_0_rcom_0/8.txt,25,3,1000,L,8,4ce5e4038cdb69a745f80a7b76fbc3959ffe353112c811b1203f7fa61f087b90,224662
25_3_1000/os_0_com_0_time_0_rcom_0/9.txt,25,3,1000,L,9,aa9193ff362b94b3d59e7eed8a7d807e9e8b347f856873293d9c5747dfd7de83,224578
25_3_1000/os_1_com_0_time_0_rcom_0/0.txt,25,3,1000,H,0,f3f2427a3a125d3f2ea942b49fe6d83f7698b7713cce8da4bd4b4994586e4178,224511
25_3_1000/os_1_com_0_time_0_rcom_0/1.txt,25,3,1000,H,1,aefad914ff37f38101231ebe52017402e68986da2d288958ef117718b352a7b3,224243
25_3_1000/os_1_com_0_time_0_rcom_0/2.txt,25,3,1000,H,2,b1ee22ea847f1d9f6fe980fd9cce28ae1c48d67bc513848f700b651b0081051e,224814
25_3_1000/os_1_com_0_time_0_rcom_0/3.txt,25,3,1000,H,3,a1f0ad3760a9052e3ad4f636bd92bc0ed4a1110434dc6b1a7ebb118f81a6e20e,224349
25_3_1000/os_1_com_0_time_0_rcom_0/4.txt,25,3,1000,H,4,7d4666343b9c2ed0d08e9e7237b92fd0ed0e3751e2b2f25b9bfd74b8c0f4faf3,224523
25_3_1000/os_1_com_0_time_0_rcom_0/5.txt,25,3,1000,H,5,dd4dbf5eda825c15e01c47de73a5284e92d2219d0f1f41ffc1cc22eb0db069e3,224599
25_3_1000/os_1_com_0_time_0_rcom_0/6.txt,25,3,1000,H,6,b291f43fe5084f76435b36524ff4424e840963e6317bc66d914c85e5be836ad4,224762
25_3_1000/os_1_com_0_time_0_rcom_0/7.txt,25,3,1000,H,7,ad665a417a72c765de64e01b1dc46e25bc342d8433ba6de36a2b7c64c0acdbf9,224516
25_3_1000/os_1_com_0_time_0_rcom_0/8.txt,25,3,1000,H,8,9d16203509e2a4aee47872eeb60786b00e7442d56c88fcb6eb205130ca0fb664,224713
25_3_1000/os_1_com_0_time_0_rcom_0/9.txt,25,3,1000,H,9,c65cb5a48b167e3c174011b89e81d33364c0e6cba7ad6285296c8bc9edbe223c,224639
25_4_10/os_0_com_0_time_0_rcom_0/0.txt,25,4,10,L,0,8bc234f5c45be4549d99e53bc14753985f8fc923086203e0841a5b92a6e6709e,3631
25_4_10/os_0_com_0_time_0_rcom_0/1.txt,25,4,10,L,1,20515ceb9618557ba004329584156be0078cb5cb8eba35fd32c76775aa882e9f,3615
25_4_10/os_0_com_0_time_0_rcom_0/2.txt,25,4,10,L,2,a5f3e91ec285496c435644a321e81d5509a24ab9db88b4b5e128824aea624467,3615
25_4_10/os_0_com_0_time_0_rcom_0/3.txt,25,4,10,L,3,4d8371c86e258f48136c63127c4af525d927c6698d28c8e1e70fdafde71f5834,3602
25_4_10/os_0_com_0_time_0_rcom_0/4.txt,25,4,10,L,4,91ab855db7704bb9c549422b46574cdd658c91380c7a1e5450bee55812215426,3594
25_4_10/os_0_com_0_time_0_rcom_0/5.txt,25,4,10,L,5,18d232846696a4ca05d60ce31da51732b3809c45c3fed5fdb8550d26b07c5a41,3605
25_4_10/os_0_com_0_time_0_rcom_0/6.txt,25,4,10,L,6,34d3af53e9bb57503658671ff7c98ce1184dee89faf364405b964f8a323235f6,3575
25_4_10/os_0_com_0_time_0_rcom_0/7.txt,25,4,10,L,7,89b3de175b9be293c3b4b7f6723ca8d564cadccdbad74303230d1d59d383b9bf,3617
25_4_10/os_0_com_0_time_0_rcom_0/8.txt,25,4,10,L,8,b188629a071f7f6328ede99707ff6bfbbea78cf831a23a9307e59dd6b87c145a,3602
25_4_10/os_0_com_0_time_0_rcom_0/9.txt,25,4,10,L,9,f0189111c5c9c4fba549eb772536a74c89aeae487ea4c4c1807a7332801ccfa7,3609
25_4_10/os_1_com_0_time_0_rcom_0/0.txt,25,4,10,H,0,c4b48e5cf145588f621fb8e7f7e64a1cd4030f96a06bdd8513b365ad8d681658,3592
25_4_10/os_1_com_0_time_0_rcom_0/1.txt,25,4,10,H,1,e76f28263e229f64c8ce8a1f6b382dfbdb2c06ac7cccf2d358c04b5d94a5bb47,3608
25_4_10/os_1_com_0_time_0_rcom_0/2.txt,25,4,10,H,2,1969671bd13430707090a54cd9548757aa9dc7c343fe8eb5b86ca1be70ce36c8,3603
25_4_10/os_1_com_0_time_0_rcom_0/3.txt,25,4,10,H,3,42fe2dd8c39081fbe3ba5caee26dae12b0e6a2aaf99ac6537fafc78aee418a00,3593
25_4_10/os_1_com_0_time_0_rcom_0/4.txt,25,4,10,H,4,697a6a2612350524f94f4987c7c7e0a34f1b943e8c5ccd9b7cba2ebb543ccffd,3585
25_4_10/os_1_com_0_time_0_rcom_0/5.txt,25,4,10,H,5,e10e4f8ceada63bec67382ced7c9b6a457222d4b02db260cf92936b0f8e334d9,3571
25_4_10/os_1_com_0_time_0_rcom_0/6.txt,25,4,10,H,6,02507ff314c822bc74ccf71f5a056cd16cabddd26c9d1e4b2de410b404ba9189,3613
25_4_10/os_1_com_0_time_0_rcom_0/7.txt,25,4,10,H,7,db5fb5b1c0bc8eb94d5edcd746ddff9bb98be320bd7d83452114f5197401b127,3626
25_4_10/os_1_com_0_time_0_rcom_0/8.txt,25,4,10,H,8,f54e34405b3fc415c25d2b1802b17e71987483908f886a775171524d07db7d2b,3581
25_4_10/os_1_com_0_time_0_rcom_0/9.txt,25,4,10,H,9,cea8098bef51b766b241c6ec24890974eb3b6ebbc8b6ecf98e0e3c31f6816a03,3582
25_4_30/os_0_com_0_time_0_rcom_0/0.txt,25,4,30,L,0,661649bf1a04aedbedd32fd54b80f1b8551cc44b5b362d107b5f6cd454f34c5c,9467
25_4_30/os_0_com_0_time_0_rcom_0/1.txt,25,4,30,L,1,2bd591ccec12d862a3dccf1cb948561164da43f1a631c701c509d3f76d04941c,9480
25_4_30/os_0_com_0_time_0_rcom_0/2.txt,25,4,30,L,2,e151babcd61e5611ac2303a5f058050b84fcec120f1fcfc60f2b2712c5d847cc,9543
25_4_30/os_0_com_0_time_0_rcom_0/3.txt,25,4,30,L,3,cd0197d381080d78283cdb0bd81be64d7a5dc6a86ecec36c46ce35a274dad55b,9476
25_4_30/os_0_com_0_time_0_rcom_0/4.txt,25,4,30,L,4,bcd19c1de1b55020c64e8040892703ca0e6070a73322751501c7fc8516a82595,9525
25_4_30/os_0_com_0_time_0_rcom_0/5.txt,25,4,30,L,5,51d90a4959d2e78b021c51ea5bc2d90b0264e1b0c816cfb798c34405f3b1755d,9392
25_4_30/os_0_com_0_time_0_rcom_0/6.txt,25,4,30,L,6,6e0952d2e5c99ee19da386d569ef8d44ec41c88b847d8323530d076d3fcbcbe7,9543
25_4_30/os_0_com_0_time_0_rcom_0/7.txt,25,4,30,L,7,12acf01ba1e530387ce547dc25f5e86adb98df642e6439a474e06f85580f4672,9478
25_4_30/os_0_com_0_time_0_rcom_0/8.txt,25,4,30,L,8,9fa118e42855ff0758aed7c9eecb85ad3e5f8c55c3011f07efcc5bb45a2fc601,9469
25_4_30/os_0_com_0_time_0_rcom_0/9.txt,25,4,30,L,9,3b01adb5848abfd5b4ff5fdbdd5025c2bf2d75088ed939fdf6727f8d025b03d8,9559
25_4_30/os_1_com_0_time_0_rcom_0/0.txt,25,4,30,H,0,31c8ea04c9b71e4a851855fbb004e208fc87362b94f19ee8b1f13d5c71cd1f86,9478
25_4_30/os_1_com_0_time_0_rcom_0/1.txt,25,4,30,H,1,50eb5984ae396d6234484e190b80ddf638fc72cae4cc10a26861339001249a5b,9438
25_4_30/os_1_com_0_time_0_rcom_0/2.txt,25,4,30,H,2,34961b4a32261565274dac68d90361f5db663578a65e37ce8a6f883b09243eb3,9508
25_4_30/os_1_com_0_time_0_rcom_0/3.txt,25,4,30,H,3,fb603a4e2cec5220c57e9004b1b911ef6f70429168b7b19a5ab7db8203620495,9479
25_4_30/os_1_com_0_time_0_rcom_0/4.txt,25,4,30,H,4,7d2c5eb53ead9c967e419c4d7a28091eb59251546a2cd0689212996ccd6bd1ce,9534
25_4_30/os_1_com_0_time_0_rcom_0/5.txt,25,4,30,H,5,8b9dd3d17076b09638aa6b6bdeda6bc6b91ea62941477d58825bc0cebc2e4516,9425
25_4_30/os_1_com_0_time_0_rcom_0/6.txt,25,4,30,H,6,3f20ab00808a14cee2d0436f4d048a0ba0d4807bac9f7d7a0698981b57486495,9538
25_4_30/os_1_com_0_time_0_rcom_0/7.txt,25,4,30,H,7,19b987a3040cc5589e8d9a79c330390271533d4afab21cbaf7d5c98331cee3d3,9533
25_4_30/os_1_com_0_time_0_rcom_0/8.txt,25,4,30,H,8,60d98c73b6f75f62ee40528694332915b2831101a20bcb864761c36fc612302d,9503
25_4_30/os_1_com_0_time_0_rcom_0/9.txt,25,4,30,H,9,e31e16d4ade2937799bc604b88932fc1e4646a7b51dea468a4b94181ecbe0b59,9555
25_4_50/os_0_com_0_time_0_rcom_0/0.txt,25,4,50,L,0,6dc9075726fea83ddf87424fbb195840bdff37efc7e95a3ab266f36beb6ece0d,15393
25_4_50/os_0_com_0_time_0_rcom_0/1.txt,25,4,50,L,1,18536dd7904be7231060963f62c9dd90dfee0d07c50fbf7a9e7740666a7dd864,15422
25_4_50/os_0_com_0_time_0_rcom_0/2.txt,25,4,50,L,2,081dc800464d43296ab7007e639ea30013da1d700fc0886efa617d3d574332e7,15367
25_4_50/os_0_com_0_time_0_rcom_0/3.txt,25,4,50,L,3,cd51078b19fe5d1256aaf80dbb9539f0a4ee3408067458122171b903563a9ff0,15354
25_4_50/os_0_com_0_time_0_rcom_0/4.txt,25,4,50,L,4,e0958e20aabce0560250050b18c34f563ae852ebddcf25a64284c897ef34052d,15297
25_4_50/os_0_com_0_time_0_rcom_0/5.txt,25,4,50,L,5,72c58569e93176cf4286f16412e7f783bc3f7b3504d5426d3e6b57affb899b43,15435
25_4_50/os_0_com_0_time_0_rcom_0/6.txt,25,4,50,L,6,1d854876a23109d8175bdc253e69ae4a154ef9fcc85392fe101e41ac42f57f1e,15406
25_4_50/os_0_com_0_time_0_rcom_0/7.txt,25,4,50,L,7,d7a78e630f6b8cdcff5a2084f349a56c064a29b1b00ed96f04e441aafc818c0a,15308
25_4_50/os_0_com_0_time_0_rcom_0/8.txt,25,4,50,L,8,62d08ba121b91d4e071c4fe3cbffd1e5e221c5e03d7437dff32a4baa986b2812,15374
25_4_50/os_0_com_0_time_0_rcom_0/9.txt,25,4,50,L,9,1c2f85e601a0d58fbf7387ca10d3c7f0916b4ce36e5dd769e5deb3d59c5b062b,15201
25_4_50/os_1_com_0_time_0_rcom_0/0.txt,25,4,50,H,0,af11c9daa9125cd547edb1d7ba84825f6f984192ebf5a38ca346e6a41b499940,15444
25_4_50/os_1_com_0_time_0_rcom_0/1.txt,25,4,50,H,1,8e758cf2bba50ba80cdc190942bf2acea1c8f5b509358758375b2c704c57efdc,15332
25_4_50/os_1_com_0_time_0_rcom_0/2.txt,25,4,50,H,2,2d567a761783c469954ee6e30994ffe3ffca7cb6ff736e2a294e3cfcf9497150,15349
25_4_50/os_1_com_0_time_0_rcom_0/3.txt,25,4,50,H,3,aed1efb57acdaaa3dc38b43a2669243a7c3def0fc4bd079b34f23ea5549dba1f,15337
25_4_50/os_1_com_0_time_0_rcom_0/4.txt,25,4,50,H,4,b8862d04ccccc2591046a77b14f0779db5c6cb62e1559209e7a0538d7a394754,15336
25_4_50/os_1_com_0_time_0_rcom_0/5.txt,25,4,50,H,5,a6d3fa764461c828589ce100463aa75d35a63b8884855377510f60049c936eaa,15456
25_4_50/os_1_com_0_time_0_rcom_0/6.txt,25,4,50,H,6,b8a86f24592d4a414881f6c357a4a48bcd62a34728eb81b1628bfb340959f9ff,15429
25_4_50/os_1_com_0_time_0_rcom_0/7.txt,25,4,50,H,7,5914122f61b183b76f837741ba38de4ab9514a78874d64faeeafe779f7955c37,15306
25_4_50/os_1_com_0_time_0_rcom_0/8.txt,25,4,50,H,8,e4ca0f3b01e3a8fe7e0090c80dcd6385e08483b36fbdc0ec1cb83388378cd558,15327
25_4_50/os_1_com_0_time_0_rcom_0/9.txt,25,4,50,H,9,dc8604ec7f7acc509b684b6f9d1ce3e7eab7a5784f9257ddecd1cdfe4793f334,15244
25_4_100/os_0_com_0_time_0_rcom_0/0.txt,25,4,100,L,0,cd06489b4e37d57433dabf20ca4c8ab76960a951c4bc5c17bf2d81c73870fe8b,30490
25_4_100/os_0_com_0_time_0_rcom_0/1.txt,25,4,100,L,1,6906fdada35df079f04f257bcacce7d07f12947da08216dec1d7ba8226622092,30450
25_4_100/os_0_com_0_time_0_rcom_0/2.txt,25,4,100,L,2,a8bbeab157d279fb118b2e0d65b4dc30ebc37eda759b0da43aa0be899fea5409,30455
25_4_100/os_0_com_0_time_0_rcom_0/3.txt,25,4,100,L,3,0b8f5be90d83ab1cae69c1712570474d9cc4b38de0a12c1d11fba2eb243b91a7,30468
25_4_100/os_0_com_0_time_0_rcom_0/4.txt,25,4,100,L,4,e39412c2dd396450dbddbb546bd47e23fc4692250e659eb4a9bc58b4408a069a,30444
25_4_100/os_0_com_0_time_0_rcom_0/5.txt,25,4,100,L,5,3ad4c21856963e64444979c56c5814350b04d25dddfed29415a479cb6cdccf5a,30484
25_4_100/os_0_com_0_time_0_rcom_0/6.txt,25,4,100,L,6,714c69e9d7e8c1c878de90a23627ba844fadeddc5cbbd99593a02964eca83725,30455
25_4_100/os_0_com_0_time_0_rcom_0/7.txt,25,4,100,L,7,dfa3762a8c4464fb3ed0d2a141cd3904858c1b62cf06b2b7274147430b3ddc51,30486
25_4_100/os_0_com_0_time_0_rcom_0/8.txt,25,4,100,L,8,180ade6362b6feca89569790deb584f74ea3fc41fd7437f9ea7961f28f8a265a,30382
25_4_100/os_0_com_0_time_0_rcom_0/9.txt,25,4,100,L,9,47ce9a6b268d4a3e74bfc081d7b4ab6bc2e42639e119ca3f4d38c9bb1ff8d8f3,30439
25_4_100/os_1_com_0_time_0_rcom_0/0.txt,25,4,100,H,0,c5ab4310eea7fd4e64bbf9b91c40f7f9eafe2ef31fdf826603655e9d0b85e66f,30495
25_4_100/os_1_com_0_time_0_rcom_0/1.txt,25,4,100,H,1,216b8e36cdee9c3dd284946c47c2a3b49364dbc034024a6a37032c8865fd4a58,30462
25_4_100/os_1_com_0_time_0_rcom_0/2.txt,25,4,100,H,2,998b46190f68768a336f0ec3969fb504a4440f4fae2227ccdb5e618237b5af15,30484
25_4_100/os_1_com_0_time_0_rcom_0/3.txt,25,4,100,H,3,8e911c7da36562be166584ef7afdb70f196fba20a1d7a818cd0f51fb7929859d,30502
25_4_100/os_1_com_0_time_0_rcom_0/4.txt,25,4,100,H,4,8cb41d87e0cfd17fc69f696c1b1af70ebbc0de12a16d80fedc286b60ab08bdec,30468
25_4_100/os_1_com_0_time_0_rcom_0/5.txt,25,4,100,H,5,fa86007cb7d61a0dd3cc81c2f1b82f6d02f89216e85d630884e8e3c36c0702b3,30512
25_4_100/os_1_com_0_time_0_rcom_0/6.txt,25,4,100,H,6,33f85fa0c2413f1e7c352b187fdf1de4f4511e0892073cbe3831aee0c2562850,30486
25_4_100/os_1_com_0_time_0_rcom_0/7.txt,25,4,100,H,7,129fd6a4e92d3a44c326da893f4d2b3d4f8135ce903eaadcb1ae29e31b6fb521,30483
25_4_100/os_1_com_0_time_0_rcom_0/8.txt,25,4,100,H,8,736819d7af194f60166555837ac70befda1927162dcf7235a9a3e4c9c769e180,30433
25_4_100/os_1_com_0_time_0_rcom_0/9.txt,25,4,100,H,9,90de60790d31f2e545b81a3952ab414d20fca101a3b6721814e6283b14d3853a,30500
25_4_500/os_0_com_0_time_0_rcom_0/0.txt,25,4,500,L,0,cf0728db9150ff65874325bb971ea012b6bd074986edd69538aef8b597f1c475,149706
25_4_500/os_0_com_0_time_0_rcom_0/1.txt,25,4,500,L,1,40eac0d7a273e2bea9798274022060ad9a91d978d158b9ce41827679fc6bcb26,149626
25_4_500/os_0_com_0_time_0_rcom_0/2.txt,25,4,500,L,2,5fc5a09abd3d59c5b3e9dfed8f6e3978b8eba7f3dd1bf0a655b771a786011767,149684
25_4_500/os_0_com_0_time_0_rcom_0/3.txt,25,4,500,L,3,c14d27cc98fc967f3ee2379bc3a40125700f131865af6cb350b3e4a1d967a70d,149698
25_4_500/os_0_com_0_time_0_rcom_0/4.txt,25,4,500,L,4,4b88f027ad0d4a628e013a9f4b49752c0923d7bc07972317eb462a8142a81b83,149651
25_4_500/os_0_com_0_time_0_rcom_0/5.txt,25,4,500,L,5,757cddf561ada7a1de47a8d8733c07db834837db81e30f1554265f19817dd6a6,149710
25_4_500/os_0_com_0_time_0_rcom_0/6.txt,25,4,500,L,6,9132649e82d3645f5171474ba398f25955707f4c986be4422baa3705ceb2b912,149835
25_4_500/os_0_com_0_time_0_rcom_0/7.txt,25,4,500,L,7,bab3c39adf993a02ad13f8b151990dd619627c2b4be487895193d29d2dc82e48,149821
25_4_500/os_0_com_0_time_0_rcom_0/8.txt,25,4,500,L,8,2a7dce01e804a62422dcfeea204995d45d54337ba8e85142cfa73498427f85c7,149677
25_4_500/os_0_com_0_time_0_rcom_0/9.txt,25,4,500,L,9,bdd121e0cd66bbb218262afb841416a4e305f0943855a9ff166e5f490dc402dd,149711
25_4_500/os_1_com_0_time_0_rcom_0/0.txt,25,4,500,H,0,61ef269af76d2b1540f355b1e50afb6bdae3564688d615ef5a444d96a4afe5b2,149711
25_4_500/os_1_com_0_time_0_rcom_0/1.txt,25,4,500,H,1,30e4e9087254dbae42c324e3e69fc33cebf020c3db94fc4e1c487141f3bd7087,149638
25_4_500/os_1_com_0_time_0_rcom_0/2.txt,25,4,500,H,2,52289fac6bee975ce2ff9f0f79f7c50a215f9c6a43a153d23d3d74631eee4a05,149713
25_4_500/os_1_com_0_time_0_rcom_0/3.txt,25,4,500,H,3,66f86720817fc839e3fab96593224e84bd3be499363842962b8effec44df739f,149732
25_4_500/os_1_com_0_time_0_rcom_0/4.txt,25,4,500,H,4,c7a405b5ff0259ea94260e41c4fa2bc86b72399ee60a1ebc805cfc613514377f,149675
25_4_500/os_1_com_0_time_0_rcom_0/5.txt,25,4,500,H,5,59525a4f81dca8d2dd9de777c3818e041e64dfc472e9faa2186f724a927cc670,149738
25_4_500/os_1_com_0_time_0_rcom_0/6.txt,25,4,500,H,6,4e67f5f798c4b8de5faf16c7b5b9333cfaeec9cc3f83e7cf70e56071b68c26d4,149866
25_4_500/os_1_com_0_time_0_rcom_0/7.txt,25,4,500,H,7,057a46b4b51ad3d0f28fec37033e5ee7d94c287ebe5987e09ecc18466e34c368,149818
25_4_500/os_1_com_0_time_0_rcom_0/8.txt,25,4,500,H,8,2aa407cd00ccfb98165e8935aac3bdcacd82d386a4f6ddad621c2b4639602446,149728
25_4_500/os_1_com_0_time_0_rcom_0/9.txt,25,4,500,H,9,05f06fe4f008c3f9c0493a51d31e289ea20a5c5283da782ad4eb4781882c0626,149772
25_4_1000/os_0_com_0_time_0_rcom_0/0.txt,25,4,1000,L,0,4e1696c984863be870d58ba5f64152f6bb82d64e886a1aab86b877086229afe6,298672
25_4_1000/os_0_com_0_time_0_rcom_0/1.txt,25,4,1000,L,1,d1cd64b01799a134da5cd55aac33935ac05da83614ea401392bfe951b109e0dc,298693
25_4_1000/os_0_com_0_time_0_rcom_0/2.txt,25,4,1000,L,2,9dde3ff2fe6d1c31abd4759d8404645681d447b8e5511c37abe379165d398678,298676
25_4_1000/os_0_com_0_time_0_rcom_0/3.txt,25,4,1000,L,3,10d5664847c47c5370049aa1087d735b812de0923344442353441f53b58df2a7,298775
25_4_1000/os_0_com_0_time_0_rcom_0/4.txt,25,4,1000,L,4,cb7b966e815c5601ad33bd503474a450614f58b57b76362b46a55d4c82aa48e7,298632
25_4_1000/os_0_com_0_time_0_rcom_0/5.txt,25,4,1000,L,5,e09ac6fdb64947fa291679b07e130e6a607652c7439d6cf5b7cf8988b1e08e71,298860
25_4_1000/os_0_com_0_time_0_rcom_0/6.txt,25,4,1000,L,6,442e583f90e35cb35f293eb28644c510160eec6cf2691ef421099fbae3f0e1eb,298925
25_4_1000/os_0_com_0_time_0_rcom_0/7.txt,25,4,1000,L,7,98c6f0f0d2a821c27c5828185c87c45af9242015a12ac9496a889760e772586f,298956
25_4_1000/os_0_com_0_time_0_rcom_0/8.txt,25,4,1000,L,8,5dffb2903281e24ba9467afa4ef9b0718dc91be8268b8e9509f3e43a4f928f28,298693
25_4_1000/os_0_com_0_time_0_rcom_0/9.txt,25,4,1000,L,9,773f588d4183534af71bc8bf9c82f1d4fcfdb11560e60a230f79819bfbbabf8a,298887
25_4_1000/os_1_com_0_time_0_rcom_0/0.txt,25,4,1000,H,0,d8031a7bdc08685317c80a7e680d33c00b8bded70cd4f8870d7c7a652d58f64e,298677
25_4_1000/os_1_com_0_time_0_rcom_0/1.txt,25,4,1000,H,1,bbe595b3029ee0d4e6b1d4a618bec20fa7ade1d0473f8ac49d6046f2461eceab,298705
25_4_1000/os_1_com_0_time_0_rcom_0/2.txt,25,4,1000,H,2,3ba6acde81d44bee99e4fb76613712b4428fdb1aad4f155a6aec998fca4a4d4f,298705
25_4_1000/os_1_com_0_time_0_rcom_0/3.txt,25,4,1000,H,3,0ae37c5ade2d7b35ab1505a009ebfe6db1a4cf1a7d1d108da09d3508420ffdf7,298809
25_4_1000/os_1_com_0_time_0_rcom_0/4.txt,25,4,1000,H,4,4234862782b527e378d1f3d813e927a421300a01d12bcda42fba508dcf1d726b,298656
25_4_1000/os_1_com_0_time_0_rcom_0/5.txt,25,4,1000,H,5,ce34b91a93585d84b63f966fdf8335328f2776a8aacb3a09a5d45942ff6648b1,298888
25_4_1000/os_1_com_0_time_0_rcom_0/6.txt,25,4,1000,H,6,2db5a25ba1813333322ad2108d8027e5d20795a95f6013087733780902f106f9,298956
25_4_1000/os_1_com_0_time_0_rcom_0/7.txt,25,4,1000,H,7,d436ed2ac953efae197c59d95fe6ece4546ddc327ddd2e424292ababaadce779,298953
25_4_1000/os_1_com_0_time_0_rcom_0/8.txt,25,4,1000,H,8,cb14948bc44a0be3a45c3b591a7908e84626eb6ab54ed30a71745a624464ab20,298744
25_4_1000/os_1_com_0_time_0_rcom_0/9.txt,25,4,1000,H,9,bdd7c6c0d710b1404f11eeb82678433a2d35a08723f702965a16482a841c2ce7,298948
30_2_10/os_0_com_0_time_0_rcom_0/0.txt,30,2,10,L,0,f1f0a755e4f726112477d7a356e9f3229d1bc07fc5a0f34d46c99ac2ad21e0e6,2406
30_2_10/os_0_com_0_time_0_rcom_0/1.txt,30,2,10,L,1,6aef5a0ec856f53b98e1a01e989713b4f3823d4e551c95a013cbe3d042e5c726,2442
30_2_10/os_0_com_0_time_0_rcom_0/2.txt,30,2,10,L,2,a0f56c141345a35da500a145245128f59289ae996a7181f441e7af62626403ac,2483
30_2_10/os_0_com_0_time_0_rcom_0/3.txt,30,2,10,L,3,8cf71599155dae0d4bddb50a5926450e16f4742dc24d31e5c33218466fe1b5cd,2419
30_2_10/os_0_com_0_time_0_rcom_0/4.txt,30,2,10,L,4,2f23b09ec8f2ae6c29f7e3c66b8951060f5b67e4d9b655e751153faea0e829a0,2414
30_2_10/os_0_com_0_time_0_rcom_0/5.txt,30,2,10,L,5,7c4f7ec4f6480021c72e45e1560751f531b435df4887651f8551801a415d2ab6,2396
30_2_10/os_0_com_0_time_0_rcom_0/6.txt,30,2,10,L,6,e9d88441408c3f2d602d596f6f9db1734531a9cc071642aafdc87fd57614c204,2465
30_2_10/os_0_com_0_time_0_rcom_0/7.txt,30,2,10,L,7,b4a1b6790f38e5b0b9b04ec6f586eaf613ecefb12762ed3b5e7c178da42df544,2419
30_2_10/os_0_com_0_time_0_rcom_0/8.txt,30,2,10,L,8,6b7f244d3718aaef247c3fa952002a628ca64386692b30817458205f1c4c0f63,2514
30_2_10/os_0_com_0_time_0_rcom_0/9.txt,30,2,10,L,9,476bdfa49cde58292f6be21557e21e1b1332d1570c5eefaabc16aeaa72792db0,2400
30_2_10/os_1_com_0_time_0_rcom_0/0.txt,30,2,10,H,0,d9ab424a5d8027012b4af70a0b1e64fdd4895e84710bbb3404fe9d55303df61c,2439
30_2_10/os_1_com_0_time_0_rcom_0/1.txt,30,2,10,H,1,2200ad4f1fc11b04410598be61e633b259bb769745d16fa331077db03272bc9f,2455
30_2_10/os_1_com_0_time_0_rcom_0/2.txt,30,2,10,H,2,3a69f1ffca320f1f2f413cf06dbc54567c67712e02d959d191ad1c779c7326bd,2422
30_2_10/os_1_com_0_time_0_rcom_0/3.txt,30,2,10,H,3,e6f7cec49337865171a591fdbe21a1735f1263ef521fb4dacd4912e86474623a,2444
30_2_10/os_1_com_0_time_0_rcom_0/4.txt,30,2,10,H,4,15dcce41f817c03b32d1f163c26be1b62dcb6aef6c91a7e9de40cb14984493bf,2448
30_2_10/os_1_com_0_time_0_rcom_0/5.txt,30,2,10,H,5,286a1253afb0c0598815db65d30161202fc23496c1e74987c2026422c787680d,2421
30_2_10/os_1_com_0_time_0_rcom_0/6.txt,30,2,10,H,6,282ffc5c4dcbb32c18fe5515add37051df1f0f9b7fc045cae343f33a45bee57d,2463
30_2_10/os_1_com_0_time_0_rcom_0/7.txt,30,2,10,H,7,3328e310048244dd546a7742a3f6312df8f30759b9d7af55834ebae8d9f09d02,2426
30_2_10/os_1_com_0_time_0_rcom_0/8.txt,30,2,10,H,8,8f183ba69f71359582194c57f44766a2eef83671613a18c78ffb86ae72bd46c1,2434
30_2_10/os_1_com_0_time_0_rcom_0/9.txt,30,2,10,H,9,f3373a38eae1c236d9123077d9c87349f706667a494919fcfbb478e09869ab26,2452
30_2_30/os_0_com_0_time_0_rcom_0/0.txt,30,2,30,L,0,a3680b829aed415f677c39185db79326d83ac3e1ee5e05ad9c3734a172deac77,6004
30_2_30/os_0_com_0_time_0_rcom_0/1.txt,30,2,30,L,1,6c1a7f2795104fbf62d26d131deceaf83dd68d5e2b4af6c92ecb14ac343fc23b,6020
30_2_30/os_0_com_0_time_0_rcom_0/2.txt,30,2,30,L,2,2541d8004041b2eb26698a9c1dbbab4520eb4885544597bb0266c59348ade9f2,6075
30_2_30/os_0_com_0_time_0_rcom_0/3.txt,30,2,30,L,3,d231edd3f928e0737348aac8a151994ff4d487645dfa20e036f492d54d83a3a1,5991
30_2_30/os_0_com_0_time_0_rcom_0/4.txt,30,2,30,L,4,88fbdbc8863acc3bccf6396268ecc73558ac1fdf58700f65cdaf37ffaa7ce4d2,5996
30_2_30/os_0_com_0_time_0_rcom_0/5.txt,30,2,30,L,5,2676a2edca25355d4ea4852ecb47d97cb9a8b4499bb7a90baea5a03e275df8b6,5981
30_2_30/os_0_com_0_time_0_rcom_0/6.txt,30,2,30,L,6,3e702e47f9124f61031f539cfa95ccaf6428d66e934caefe5172acdf65718607,6041
30_2_30/os_0_com_0_time_0_rcom_0/7.txt,30,2,30,L,7,6af621c9f100dc2d79fcb32e6a443de6199542cfb843c10def3c93d821e2f099,6009
30_2_30/os_0_com_0_time_0_rcom_0/8.txt,30,2,30,L,8,f09f9956be01eb045f63b2a6868cb362b1e43aba89f9daa90ba26a3b6e5dfc67,6095
30_2_30/os_0_com_0_time_0_rcom_0/9.txt,30,2,30,L,9,5d1ccb9d5f629710df751ac0b527c04af5d9995a68e0f10fc133f05a483f59e2,5991
30_2_30/os_1_com_0_time_0_rcom_0/0.txt,30,2,30,H,0,cd745b7f0a1ae8e4b6a4b3d4ea1e19daa250ff6ca9c099b4e99a99c8f6f35718,6037
30_2_30/os_1_com_0_time_0_rcom_0/1.txt,30,2,30,H,1,e6f3090ca753e3db071a03ee0d4f7fee410a580694acc22a5579822ab07bbcef,6033
30_2_30/os_1_com_0_time_0_rcom_0/2.txt,30,2,30,H,2,c5bbeeccd41f723fe0365239bba50055873f4c55b18aaffb1a02f8953241ee46,6014
30_2_30/os_1_com_0_time_0_rcom_0/3.txt,30,2,30,H,3,90ecb7999ebf9bfe83b9708bb4ff89ddb7e4966a170bdbd28724e44eaa3944ac,6016
30_2_30/os_1_com_0_time_0_rcom_0/4.txt,30,2,30,H,4,0e742dfaa135b716b10c6aedcac46448ce182686522a34d96d5eb70c9eb10d0e,6030
30_2_30/os_1_com_0_time_0_rcom_0/5.txt,30,2,30,H,5,3419c69abccd636a00a427e07aa0fdaa2d72eb6c7118ec91593e3c04973508ad,6006
30_2_30/os_1_com_0_time_0_rcom_0/6.txt,30,2,30,H,6,6dbaaba8cf238efb793f8b6036c8984042b0fd6f66fb0f060dbdaa6909708194,6039
30_2_30/os_1_com_0_time_0_rcom_0/7.txt,30,2,30,H,7,5d683cfd6ebce6ece2729e4df6767bb1f191257e29d1039835b72617c824c92d,6016
30_2_30/os_1_com_0_time_0_rcom_0/8.txt,30,2,30,H,8,d0f4ec25555eac11d719d8df1272ddedaf3ad9e56d340504e8555e6796a24c78,6015
30_2_30/os_1_com_0_time_0_rcom_0/9.txt,30,2,30,H,9,e9f24f7d8cc8ca7610e9a77c690360a0df3f87afa2e5b5cbbac7eeacde9c328d,6043
30_2_50/os_0_com_0_time_0_rcom_0/0.txt,30,2,50,L,0,074e5426d684bdf920f5d0720cb4041c0d5681d3d98ef9576457a06e0a988404,9597
30_2_50/os_0_com_0_time_0_rcom_0/1.txt,30,2,50,L,1,964656227f59e3ab48fc29282d014ce8547b36efd6a108418b7f7f29c16b6191,9610
30_2_50/os_0_com_0_time_0_rcom_0/2.txt,30,2,50,L,2,6caf779e5e91ca4a89b698cb13db7c019687bba31a22d2fc4a4b955014925b66,9655
30_2_50/os_0_com_0_time_0_rcom_0/3.txt,30,2,50,L,3,f46a1112c1bcfd8c9f2cb4934742218b4df2fa7a734cf8c7ccc46280ffd54575,9566
30_2_50/os_0_com_0_time_0_rcom_0/4.txt,30,2,50,L,4,ccc481bf8b0779a4b2e026093bfa3f3c7ce6d2544cc4e67f7c3bff83a21c383b,9574
30_2_50/os_0_com_0_time_0_rcom_0/5.txt,30,2,50,L,5,f96fd6f5494a7f288261c306676c01e282c8e827c11517ed4487bd58e42d75ab,9575
30_2_50/os_0_com_0_time_0_rcom_0/6.txt,30,2,50,L,6,89a81d68ae28a1b380b08f1ee7d14dd0b40fd4921b24f77d78d51e79fe6cd5ae,9648
30_2_50/os_0_com_0_time_0_rcom_0/7.txt,30,2,50,L,7,031193bf9b4d1cf5886d2102dcaef5908eb2e095f5625b61c03f09d9b84f83be,9597
30_2_50/os_0_com_0_time_0_rcom_0/8.txt,30,2,50,L,8,f09f21da8bfe7ac5162c50d3a19ed0fecbff3a029779bdf5efebed32b10f6f2c,9707
30_2_50/os_0_com_0_time_0_rcom_0/9.txt,30,2,50,L,9,56c1e7f1bab0c0b530b6b2ba6f39e5f127b497b507af601c719c6c0fa7760252,9559
30_2_50/os_1_com_0_time_0_rcom_0/0.txt,30,2,50,H,0,0dd8c2da6925c85326fcfbe7e08453efd3a0aa5a93f500ba54e18fb5ee365387,9630
30_2_50/os_1_com_0_time_0_rcom_0/1.txt,30,2,50,H,1,7855fdbec1640508fb3b918536437549bc8c18777928a44a29e474aa1989e398,9623
30_2_50/os_1_com_0_time_0_rcom_0/2.txt,30,2,50,H,2,ff1b51b84baf01762a6aa4c211d8d5f1422464dd1095ccc48bd6be9e9fc8c669,9594
30_2_50/os_1_com_0_time_0_rcom_0/3.txt,30,2,50,H,3,ddfa799fb0c8827592defe2d9d2f2aba64b3cd9b50b878c3ff994197e7d4d00f,9591
30_2_50/os_1_com_0_time_0_rcom_0/4.txt,30,2,50,H,4,1115e7dea634143957713ca101e05b2a82c310bebd1b478705c2a7b4bcf03a0d,9608
30_2_50/os_1_com_0_time_0_rcom_0/5.txt,30,2,50,H,5,d92d20c2fb7e241d04d0f2db211f5ccb0ccdfb812c8962f9999c47057d8b4d41,9600
30_2_50/os_1_com_0_time_0_rcom_0/6.txt,30,2,50,H,6,1d35ef54082de75d5c65d52cdb6cafd1c4e910d0634545c4238736c9caa075d9,9646
30_2_50/os_1_com_0_time_0_rcom_0/7.txt,30,2,50,H,7,e517447066f32ad348be093b1d3eec8b187c0dd85a569bb25c1a3137e17e712e,9604
30_2_50/os_1_com_0_time_0_rcom_0/8.txt,30,2,50,H,8,3cce3e1dca243984926aa33950d5d27d9b7df2a08d80fa686ce18cd9a19fed0f,9627
30_2_50/os_1_com_0_time_0_rcom_0/9.txt,30,2,50,H,9,29f05cc52a5334fbb958797b733b46dc9a158b1477a0e3e9ccaaf236ccbbf847,9611
30_2_100/os_0_com_0_time_0_rcom_0/0.txt,30,2,100,L,0,be13df3abd28708cf5f41195f56a1f746d1b5aa605e173ddd1be512757fae849,18581
30_2_100/os_0_com_0_time_0_rcom_0/1.txt,30,2,100,L,1,86bab35e31e4ead0f8206a5255d0732426d9000462668c2a74f5b7963cf3e7c6,18514
30_2_100/os_0_com_0_time_0_rcom_0/2.txt,30,2,100,L,2,4cdb42c06b9e4e3c1c6e6c8b28b63105d19bf2a43efddce0221505dc983c878b,18562
30_2_100/os_0_com_0_time_0_rcom_0/3.txt,30,2,100,L,3,e7b945645f27064219c98f5e2fc1fdaa2dfcd10e0e8a7db57b5f711619ec07f3,18584
30_2_100/os_0_com_0_time_0_rcom_0/4.txt,30,2,100,L,4,f8dc765dd408983ae2289380cf7d7ed97711f42aa470d7fe7c12c35459188e17,18553
30_2_100/os_0_com_0_time_0_rcom_0/5.txt,30,2,100,L,5,5718685e27a903ec3835e1242005e5f60d5f823c4238d437d1f023b458f99b5e,18539
30_2_100/os_0_com_0_time_0_rcom_0/6.txt,30,2,100,L,6,a3e054e70889f1802f4dc82442ca5189bd04096b2afb8f60147779fa0b20589d,18531
30_2_100/os_0_com_0_time_0_rcom_0/7.txt,30,2,100,L,7,443207ef854bf07a72db8286e2e22787d031a6ea701818c8966a906ec0404dc1,18547
30_2_100/os_0_com_0_time_0_rcom_0/8.txt,30,2,100,L,8,eb335ed371f34abdbbb6e1656f2d87efc99920c8facf516d86aa8f276a01eed4,18530
30_2_100/os_0_com_0_time_0_rcom_0/9.txt,30,2,100,L,9,3ffc9679146000779d35b36c6c0e90f93d3da4f9448a6a49d038a31a1e2cbc6a,18516
30_2_100/os_1_com_0_time_0_rcom_0/0.txt,30,2,100,H,0,1a25f9c065335e9a2f30596207b42a7b8a131cf37e5ddcbd0a0eef27eb5c4104,18607
30_2_100/os_1_com_0_time_0_rcom_0/1.txt,30,2,100,H,1,fe8cb2ea3475da688ddbedadc9383c4ad3d3f7f9c70606535d75e9f92bb4df88,18580
30_2_100/os_1_com_0_time_0_rcom_0/2.txt,30,2,100,H,2,a00f97119e1d2b2011754314e945ad5d4e0b58ac614fef90abe126dd009c0dfc,18596
30_2_100/os_1_com_0_time_0_rcom_0/3.txt,30,2,100,H,3,99dbf2a9ee62da7de0b21804496372cb425495a77312c4e2bd915fb1772706df,18591
30_2_100/os_1_com_0_time_0_rcom_0/4.txt,30,2,100,H,4,f6a9f830b7a4cb93c066831356c8310fe868f3dd66ed1ac0b67020964bcff954,18608
30_2_100/os_1_com_0_time_0_rcom_0/5.txt,30,2,100,H,5,cf8786905e0050864f47fcb03dd9d11c60bb193b1540a74395ed51b1eabc5733,18572
30_2_100/os_1_com_0_time_0_rcom_0/6.txt,30,2,100,H,6,b0f2041fd30470b9d46c74d49a43c714372b3e676302c70840e9dd37dbdd05f3,18547
30_2_100/os_1_com_0_time_0_rcom_0/7.txt,30,2,100,H,7,c92ac47ee617e2411e46373f5ee1838941bd805d70b60c7d1559c3756ebf64f5,18585
30_2_100/os_1_com_0_time_0_rcom_0/8.txt,30,2,100,H,8,54fd69064193922b70fe7414640d350400b0c12c400f8f36e613cb81bde5ba42,18571
30_2_100/os_1_com_0_time_0_rcom_0/9.txt,30,2,100,H,9,e19a1f2941fbd880c3d16e6e187ddfbfae6eba6a9f3d38a9a59596feac22287a,18546
30_2_500/os_0_com_0_time_0_rcom_0/0.txt,30,2,500,L,0,88717156231f89cd6c04140bb22535eaed20b4d88c61b8005f056e7087a0ea30,90390
30_2_500/os_0_com_0_time_0_rcom_0/1.txt,30,2,500,L,1,0e956ba023d1d5d6557a05d000007e235f23473b5b5dc427c0876586bb00ad41,90257
30_2_500/os_0_com_0_time_0_rcom_0/2.txt,30,2,500,L,2,8c9bb7d1c6d4ed0807907b2b8eaddb52f9200013dca2863dfdd193ff5a5342b1,90420
30_2_500/os_0_com_0_time_0_rcom_0/3.txt,30,2,500,L,3,e52bdbd53c16d29c918d34ccb39a60f1dc2b8c0fab95c716b385925795025d61,90144
30_2_500/os_0_com_0_time_0_rcom_0/4.txt,30,2,500,L,4,3f569ef1eaeb88c69ba7f9b8c380236d4318f472f8032a0748a178ba41bbcdaa,90306
30_2_500/os_0_com_0_time_0_rcom_0/5.txt,30,2,500,L,5,241d5d2584c2cd4a7c8e8a1d15b9c7792038001c5d39a95329a8d7741b10b0e7,90261
30_2_500/os_0_com_0_time_0_rcom_0/6.txt,30,2,500,L,6,3d87608c418aa0a0579092dca4db6cbbca4509571bf3bb59abacff0bef9e321f,90185
30_2_500/os_0_com_0_time_0_rcom_0/7.txt,30,2,500,L,7,5d9309293524a3d148c4f3feda722331840208b413bb687f0b04627eda3dc402,90279
30_2_500/os_0_com_0_time_0_rcom_0/8.txt,30,2,500,L,8,49f2077c06f2b974ce126e5e1141e9971187ad9241d9100148dd91f867045896,90326
30_2_500/os_0_com_0_time_0_rcom_0/9.txt,30,2,500,L,9,ce85b77bb5b1d4dd357e7de00152923a47e07b8787f917569de07a1c4d7b1be3,90205
30_2_500/os_1_com_0_time_0_rcom_0/0.txt,30,2,500,H,0,c6f9fa1103c31afdc725611d3a4de2f594cf3fcebb082c87cde0db939c193539,90416
30_2_500/os_1_com_0_time_0_rcom_0/1.txt,30,2,500,H,1,a863bcfea6062e303bb3dfbf354a8d45f3077d56c9445169c88dcef225feda6c,90323
30_2_500/os_1_com_0_time_0_rcom_0/2.txt,30,2,500,H,2,d538a4287f785dd8a09418969bf2ae92419659352c0f99a2d174d3f6064ded51,90454
30_2_500/os_1_com_0_time_0_rcom_0/3.txt,30,2,500,H,3,10e19b63e2c9548ebac8a3605306a1bc01e6ac0acb564182451cc4905011dbb5,90151
30_2_500/os_1_com_0_time_0_rcom_0/4.txt,30,2,500,H,4,7c27281adc249ac378fbdca95460544bf4ce456ac7739470c9132251b748e5d5,90361
30_2_500/os_1_com_0_time_0_rcom_0/5.txt,30,2,500,H,5,b6b53ec5263017fa7ef3ed8ca74c3380e3076e8ca5e5b4b685c14bcf33ecc5ad,90294
30_2_500/os_1_com_0_time_0_rcom_0/6.txt,30,2,500,H,6,2098d79a62741ec421d773b3e8344f63c34985fe51410341f7ca307fbd8b28c7,90201
30_2_500/os_1_com_0_time_0_rcom_0/7.txt,30,2,500,H,7,36b53518fec6c7e81d7c7af7fd46afbc586146b0e4fe31b8dd34b9e06e41155c,90317
30_2_500/os_1_com_0_time_0_rcom_0/8.txt,30,2,500,H,8,bada5d90bedbe579d2c634b770e76756000fb6c194c100d010166c13f153a56c,90367
30_2_500/os_1_com_0_time_0_rcom_0/9.txt,30,2,500,H,9,da0db33d03feca013e1ef1e6bba9207ca95f045e2359ae2c3e2c6fc3ec09a456,90235
30_2_1000/os_0_com_0_time_0_rcom_0/0.txt,30,2,1000,L,0,8078e7d1e2a6ed4cd3bb27188be256158c336047089199e01ad580988df8e272,180069
30_2_1000/os_0_com_0_time_0_rcom_0/1.txt,30,2,1000,L,1,891e44b79a809a813e4766b2d32695b1f32d43dd6a4955d2d9f1cd67a44fca49,180027
30_2_1000/os_0_com_0_time_0_rcom_0/2.txt,30,2,1000,L,2,5bf6c77814c4b7a3f94cf5e70dc774026335cab348a8933c27a7f4cfc985eb34,180190
30_2_1000/os_0_com_0_time_0_rcom_0/3.txt,30,2,1000,L,3,d18673cd56becb6feaea6e99af967b3b14062183abf1cd9f041549b436a051f2,179669
30_2_1000/os_0_com_0_time_0_rcom_0/4.txt,30,2,1000,L,4,f407032b95f3c7c76bafe29ad3bdb45ff80a0ecf909021848e396d46607345de,180041
30_2_1000/os_0_com_0_time_0_rcom_0/5.txt,30,2,1000,L,5,507cfdf23571091b7f4ebd3b0ec815473167c54e8a7bb0a250a37c72a90d8741,179893
30_2_1000/os_0_com_0_time_0_rcom_0/6.txt,30,2,1000,L,6,b2fc4b479b8585e879c036ccd8ce01f8dd3b836dcc763c9489e9b371c0f5158e,179768
30_2_1000/os_0_com_0_time_0_rcom_0/7.txt,30,2,1000,L,7,de3cae2f13d3f6c365b4c1272e9b91f3d594eae152d46f86244246713b6c59dd,179958
30_2_1000/os_0_com_0_time_0_rcom_0/8.txt,30,2,1000,L,8,39d662a9405ddc500d8fbaa4fed907a7d6b33e3a46888e6fff9f80849f52ee0a,179989
30_2_1000/os_0_com_0_time_0_rcom_0/9.txt,30,2,1000,L,9,dd1c37cb834e8783f001601c87765b54ef370f4cbab03c34ca42fb28855317c3,179804
30_2_1000/os_1_com_0_time_0_rcom_0/0.txt,30,2,1000,H,0,2cd289404015f124f55779cd8372731a3ac925b8b49fa47eb6bc1599e01825cc,180095
30_2_1000/os_1_com_0_time_0_rcom_0/1.txt,30,2,1000,H,1,ba693528e8e43743bdb4035404391e3ba49d02f5bf7ef0d62ddb77d2eca777ac,180093
30_2_1000/os_1_com_0_time_0_rcom_0/2.txt,30,2,1000,H,2,76ec9228793881ffe3e19e1536990e5f570ba49680e3d5409d894569bf4d286b,180224
30_2_1000/os_1_com_0_time_0_rcom_0/3.txt,30,2,1000,H,3,b6594cc9efc1c141b2a45c25b603629489c3df032c61c4b82de23a6c34d720cb,179676
30_2_1000/os_1_com_0_time_0_rcom_0/4.txt,30,2,1000,H,4,3d3fb060eec4db23fd79d1cd2aec093c079126558dbc0204ec3da787d0e5b6bd,180096
30_2_1000/os_1_com_0_time_0_rcom_0/5.txt,30,2,1000,H,5,2b54acc70a87debbb953ad3cc01fb35aadab737e80db7101c6e2f27555bc5a6d,179926
30_2_1000/os_1_com_0_time_0_rcom_0/6.txt,30,2,1000,H,6,25f959124ee30b267ef0f2f31619dbb0444257a5787e686a7e4f51ff81877626,179784
30_2_1000/os_1_com_0_time_0_rcom_0/7.txt,30,2,1000,H,7,b3893830bf552579e795dbe584f3b24e9e71d5c2fdb02cee7490bf29f5e5218f,179996
30_2_1000/os_1_com_0_time_0_rcom_0/8.txt,30,2,1000,H,8,f7dc6f2556e38714f1f434dd1709c84240fc4c17287a2f50fd398a0489aeb5cf,180030
30_2_1000/os_1_com_0_time_0_rcom_0/9.txt,30,2,1000,H,9,caa4b181edbc628a51feaf726bbb0adb1041617d3a6df8740cb54aeefe1e52e4,179834
30_3_10/os_0_com_0_time_0_rcom_0/0.txt,30,3,10,L,0,864425ad06a68f51f33617ffbb6394513022f58efb35ef384798c167e1f15ba9,3375
30_3_10/os_0_com_0_time_0_rcom_0/1.txt,30,3,10,L,1,5261e37f1ead28bf101ae85fd52d8519dc88ec842debacab85141cec74feb0bf,3388
30_3_10/os_0_com_0_time_0_rcom_0/2.txt,30,3,10,L,2,cdf0682df7feb7fbe777dbb7bd47773a423467628e37053c069aef9b0062a9a0,3442
30_3_10/os_0_com_0_time_0_rcom_0/3.txt,30,3,10,L,3,40c27a0745d50282a94241eedd521d4da841802a73a7b15e8345c02376a669d4,3377
30_3_10/os_0_com_0_time_0_rcom_0/4.txt,30,3,10,L,4,2cc2b9ddbf941a64d1888037f89a5397b4937e3b3b11a8b9d6ea7b4c63a65a15,3360
30_3_10/os_0_com_0_time_0_rcom_0/5.txt,30,3,10,L,5,5b90da0225f967dc2a1f7807fd079f3221d3b3e60f9e5531b053ae414f0a4ef4,3365
30_3_10/os_0_com_0_time_0_rcom_0/6.txt,30,3,10,L,6,9260d92cb3ee29779927109825cc64826ec40d5476cdb7a2b86bba88de181285,3418
30_3_10/os_0_com_0_time_0_rcom_0/7.txt,30,3,10,L,7,12a3671f6eb2d5dc2ae7a1fdfb6de3b726767c5e642700f1d6ab525f3eedda42,3396
30_3_10/os_0_com_0_time_0_rcom_0/8.txt,30,3,10,L,8,aaad0c87a2132d29c1f4c7000cb20819732dc2c7ba728def92a5628d21c2b2b8,3477
30_3_10/os_0_com_0_time_0_rcom_0/9.txt,30,3,10,L,9,8b23e225191caa63317170ed38a7b88259cf4dbe1bf119e1beec2f38824d1d18,3353
30_3_10/os_1_com_0_time_0_rcom_0/0.txt,30,3,10,H,0,cd3c63b0e20bf686b6566f801fb112e181c8fc44fc113016d32841b5c7607253,3408
30_3_10/os_1_com_0_time_0_rcom_0/1.txt,30,3,10,H,1,935d68353ada715a4409d90800b95a3b5a97a1058f123b5a3f37a884d3bc2e1b,3401
30_3_10/os_1_com_0_time_0_rcom_0/2.txt,30,3,10,H,2,8d110776cc1aced4c8eb3038d9692dfa5e2b8cf427f3f47d702e31bfff83fc3f,3381
30_3_10/os_1_com_0_time_0_rcom_0/3.txt,30,3,10,H,3,99186e27bf5e34289db95212289bed3cd0307710d00afb86a4c9c55eef081377,3402
30_3_10/os_1_com_0_time_0_rcom_0/4.txt,30,3,10,H,4,151b56ea8a4dc8e2146f096cd24ea756bc0dfb93d207efd86259ded47bc51760,3394
30_3_10/os_1_com_0_time_0_rcom_0/5.txt,30,3,10,H,5,e0b8d398cfcdf848753355d9b30d955b482496725138af49c2be3ce7852402a0,3390
30_3_10/os_1_com_0_time_0_rcom_0/6.txt,30,3,10,H,6,9d79982259c3f059cbc030b792f4b0e920fb85ed2c2957777824de493cc76250,3416
30_3_10/os_1_com_0_time_0_rcom_0/7.txt,30,3,10,H,7,589d9d1281c384e070c3093c6741d7e9d7054d83d6cd104d514da4171e6302fb,3403
30_3_10/os_1_com_0_time_0_rcom_0/8.txt,30,3,10,H,8,5848d6e21766b569274a97346081cf0776246df760e522901e8c360840d17e7e,3397
30_3_10/os_1_com_0_time_0_rcom_0/9.txt,30,3,10,H,9,ec7a0b44886362e023911884e7501483366c0dcb94de5eb6c8992e45f3e403d6,3405
30_3_30/os_0_com_0_time_0_rcom_0/0.txt,30,3,30,L,0,7db3fdd135ac85f7f94836db31f1c3766ab6201865ec173ac775d4e9f326b884,8747
30_3_30/os_0_com_0_time_0_rcom_0/1.txt,30,3,30,L,1,d0e78aea9505e8adbc2e82bc5e9ae5325db2e67e92e3fd57cb73f437dd752150,8750
30_3_30/os_0_com_0_time_0_rcom_0/2.txt,30,3,30,L,2,6d0a7f6c0a5b562be3bf06856a2bdf4de4d30d97e5cb0ff10ea5a2db43615dbd,8821
30_3_30/os_0_com_0_time_0_rcom_0/3.txt,30,3,30,L,3,fc4b60b7a5dd08e4aeb565e9d8e4e87d6e4ef7a1b2760c793356b6b1430de335,8765
30_3_30/os_0_com_0_time_0_rcom_0/4.txt,30,3,30,L,4,df798258907566aea185c36841ab068e4f13cdd81235c9aaa0f7dd0297fd3d76,8738
30_3_30/os_0_com_0_time_0_rcom_0/5.txt,30,3,30,L,5,e7f0b85e6a15ff481257c83d685636659dbfcfbdd27a550239859c87e0ec9bee,8729
30_3_30/os_0_com_0_time_0_rcom_0/6.txt,30,3,30,L,6,a7dceb3774a287a1469c3fab6956ebadd676510c1a496b2aa4c117994e53b47a,8776
30_3_30/os_0_com_0_time_0_rcom_0/7.txt,30,3,30,L,7,26c504281f681e1980942718649de739ed44166eb646ef356b5255e0d2a06cf9,8780
30_3_30/os_0_com_0_time_0_rcom_0/8.txt,30,3,30,L,8,7285a553fa55e3fc8fbc470240dfe667a9f5a7526d78731a16a7c35365a87234,8857
30_3_30/os_0_com_0_time_0_rcom_0/9.txt,30,3,30,L,9,a7d60b57c51f888916f314a4b67b6995403c7109a31f5973f0f545ca1a072675,8723
30_3_30/os_1_com_0_time_0_rcom_0/0.txt,30,3,30,H,0,9c3f4b52b0146c0db7d1102157d510a3c53dbb3f6e8542a64914c975754a36b8,8780
30_3_30/os_1_com_0_time_0_rcom_0/1.txt,30,3,30,H,1,6d82829d9af2a35c02fb53a90b4cb1ef92cda94466888d4604113094179bd373,8763
30_3_30/os_1_com_0_time_0_rcom_0/2.txt,30,3,30,H,2,83da5604bdaa7735f763da2611101bd9abee095eeb473567c5d7b101f90de150,8760
30_3_30/os_1_com_0_time_0_rcom_0/3.txt,30,3,30,H,3,88d33fc7a62f3440d3dbf3b3d56b9e6d6a7e2bc2d29db7f7dc3a34b7c717eaaf,8790
30_3_30/os_1_com_0_time_0_rcom_0/4.txt,30,3,30,H,4,550fb0898e0824d407bcc488f7e408dc4de7eb3bbe3fd5be0f465c2273e4d326,8772
30_3_30/os_1_com_0_time_0_rcom_0/5.txt,30,3,30,H,5,9d697958e51d5c22c54fa86ed78038ab2de0a56c2fe553dd189be3dc4baac68d,8754
30_3_30/os_1_com_0_time_0_rcom_0/6.txt,30,3,30,H,6,6e8eebd0f69302b55ced4a68f5ca34556fdd4fe14858a6f95bca81c766058823,8774
30_3_30/os_1_com_0_time_0_rcom_0/7.txt,30,3,30,H,7,7a516ec0bfa4077663bda060c946d4be78c126b69f6010475c9a3fed83f94886,8787
30_3_30/os_1_com_0_time_0_rcom_0/8.txt,30,3,30,H,8,05ebebdb992e358f64a25f9e034577009acfa5800d5618fe1478f90480bf2421,8777
30_3_30/os_1_com_0_time_0_rcom_0/9.txt,30,3,30,H,9,feb42383b87a644155c0ad144ccfc8f7de4e7d4aa914dd24179bb7f90733a98c,8775
30_3_50/os_0_com_0_time_0_rcom_0/0.txt,30,3,50,L,0,5ee060d5697df6e804cca59fc0cd98c39cb95d9ab96cbf9136a3fe5fa5c9803d,14105
30_3_50/os_0_com_0_time_0_rcom_0/1.txt,30,3,50,L,1,c3d362a8618f642d9595caae2f75de832620cf9194765859bd71c1792443c0ae,14139
30_3_50/os_0_com_0_time_0_rcom_0/2.txt,30,3,50,L,2,6a5dbf8f7f8b740ef13e32c4d685371d35a67b59510472183c99d7613bf40d11,14177
30_3_50/os_0_com_0_time_0_rcom_0/3.txt,30,3,50,L,3,810c7017d5c216cff613a4a28bb40d88a6ed99fd6c1de0cec4f492866a507639,14123
30_3_50/os_0_com_0_time_0_rcom_0/4.txt,30,3,50,L,4,c73f484800fedae945423e07968ab987828411e86cfbdb26cc467a4ee2005560,14117
30_3_50/os_0_com_0_time_0_rcom_0/5.txt,30,3,50,L,5,8a71fb9afe8aa0b082845b017c8890ef7361e5eea4df3c53346c75a853e132c6,14098
30_3_50/os_0_com_0_time_0_rcom_0/6.txt,30,3,50,L,6,de6eb7aa329f28096c36d6964630831808ef9d53b62a83c0238beac3073fee6a,14158
30_3_50/os_0_com_0_time_0_rcom_0/7.txt,30,3,50,L,7,2878e003cef2c9c579367f5ac43f19e6b23abff431993b0f1f0663b9dfe02277,14166
30_3_50/os_0_com_0_time_0_rcom_0/8.txt,30,3,50,L,8,d6954a3af3141c3e55160013e11b31de9d00ecc6a38ff932d1752e8a6725cc77,14232
30_3_50/os_0_com_0_time_0_rcom_0/9.txt,30,3,50,L,9,8d89f528519645ef4da030eacbf85b0eb53d6ab6227c33463cec86669ca196ac,14118
30_3_50/os_1_com_0_time_0_rcom_0/0.txt,30,3,50,H,0,1c92c5cea429f23a6ab506bb413b345501e915f255bc9cab426eb282c1f3c5f9,14138
30_3_50/os_1_com_0_time_0_rcom_0/1.txt,30,3,50,H,1,b1a2947dad391bd592369360570c797d26e74423be4ed11be10452892f50d5cf,14152
30_3_50/os_1_com_0_time_0_rcom_0/2.txt,30,3,50,H,2,24b035252bf92524cfefa722a8004b822944ae9a1a4747438ee098ccada21a47,14116
30_3_50/os_1_com_0_time_0_rcom_0/3.txt,30,3,50,H,3,e6dff05cc6bdf53d5877d60c2a63d73ff86d12e9fcf4432eb85cc1727ae6c5b2,14148
30_3_50/os_1_com_0_time_0_rcom_0/4.txt,30,3,50,H,4,387ec89b79b4d84ec06ea6a5e0ba734a823e032d3074c94a98ce30931429a828,14151
30_3_50/os_1_com_0_time_0_rcom_0/5.txt,30,3,50,H,5,07394f08dd344d161af95cddfa46df9cff41fee8510e8c62f1b37ccbc220c5d5,14123
30_3_50/os_1_com_0_time_0_rcom_0/6.txt,30,3,50,H,6,b02486098439a89fc61651251993235620513f609518f530afa9d766637a1d51,14156
30_3_50/os_1_com_0_time_0_rcom_0/7.txt,30,3,50,H,7,8fd4eb23db78c97cb30a2b190bdb26d47c07888e660adcd4f8201b99f3fc1c8d,14173
30_3_50/os_1_com_0_time_0_rcom_0/8.txt,30,3,50,H,8,3db9268ecfb85c29fa860c8f0050f1fb8fc869bdaf507fc9b4e7589ddc305643,14152
30_3_50/os_1_com_0_time_0_rcom_0/9.txt,30,3,50,H,9,b9215b28fc9aa75b5f07b7ea0e28a942c82ad1164a44b97719da8ec02c0b8df8,14170
30_3_100/os_0_com_0_time_0_rcom_0/0.txt,30,3,100,L,0,16e6cf64106430407af9409d15ed15ac8404a3c150de265d0b091901b59b0d8c,27548
30_3_100/os_0_com_0_time_0_rcom_0/1.txt,30,3,100,L,1,da9f326773d9eca988ceac31f67943cbd30349fe96309fbaedd0374b7477cfe2,27507
30_3_100/os_0_com_0_time_0_rcom_0/2.txt,30,3,100,L,2,e2cd5a008a852631594beda3ae18a958f5a65e547b87d95d98aec39dd536e0a9,27548
30_3_100/os_0_com_0_time_0_rcom_0/3.txt,30,3,100,L,3,3c6fb06e4a891f461f1b4d7dd5998a02f4a00fa8821f5029431a75f67b4254ad,27567
30_3_100/os_0_com_0_time_0_rcom_0/4.txt,30,3,100,L,4,c2c27e0e699480e21cf3ed53c7ebec6637bd670dc91a22d6b277b73364cb6a12,27577
30_3_100/os_0_com_0_time_0_rcom_0/5.txt,30,3,100,L,5,f6f3c6d913df1b44f0c2107117f4e86d0dce820c342f32390e5e301a13d9b85a,27600
30_3_100/os_0_com_0_time_0_rcom_0/6.txt,30,3,100,L,6,43bdc328f65cfbb779bf94308fb7e9e099984de9e91a2af77a4f81de16a62215,27521
30_3_100/os_0_com_0_time_0_rcom_0/7.txt,30,3,100,L,7,8eca302e3a2d21bddf534da8496d92d9450c6d5a3c9507a88132e49f2bc69b7d,27590
30_3_100/os_0_com_0_time_0_rcom_0/8.txt,30,3,100,L,8,a84544681170e4c59bb3db36335a44e70e1b75430514804d244e4e6b37d639e5,27538
30_3_100/os_0_com_0_time_0_rcom_0/9.txt,30,3,100,L,9,a8a1e8558e71046562567ca960bbc512d1ae30b9ad73075601090214fd4536a5,27507
30_3_100/os_1_com_0_time_0_rcom_0/0.txt,30,3,100,H,0,3d00f7cb0947471d78f09f4a3122e2a5309dd2556dc524d063d8b61bf950c43c,27574
30_3_100/os_1_com_0_time_0_rcom_0/1.txt,30,3,100,H,1,279db3bfce5f9ff6bf37e13188e40026f3aadd159a9aad2430918a31eaca9bd8,27573
30_3_100/os_1_com_0_time_0_rcom_0/2.txt,30,3,100,H,2,debff112d26638a21c2bb4738e486b364cdd88f3dc5cf4ab86b9abc3514e099c,27582
30_3_100/os_1_com_0_time_0_rcom_0/3.txt,30,3,100,H,3,0ce9fabd92ea7b8dffd6813fbaacedda71b6b4ffca1417276e2ac8ffc8488bea,27574
30_3_100/os_1_com_0_time_0_rcom_0/4.txt,30,3,100,H,4,29405805830b8ab3e7393f4b5c07e0c9e425aab78510a7be4d2bbf5fe325b78f,27632
30_3_100/os_1_com_0_time_0_rcom_0/5.txt,30,3,100,H,5,488f8ec601bcb7374c35bc4817518e74d2b8f390157697b64c21234e67d4d6cb,27633
30_3_100/os_1_com_0_time_0_rcom_0/6.txt,30,3,100,H,6,a506fffab6502d55f56cfa76d4641f286e6f6f3f32476dddad20cd9fbf78b2f1,27537
30_3_100/os_1_com_0_time_0_rcom_0/7.txt,30,3,100,H,7,e1c222f7506f8502d099a733094675a5cd51ded3e6381aa45d36f5a984c272a6,27628
30_3_100/os_1_com_0_time_0_rcom_0/8.txt,30,3,100,H,8,a05d5b0b2ee9cb97aebdc11ec981a6bb552cd116023606238b2c57b09d3577f9,27579
30_3_100/os_1_com_0_time_0_rcom_0/9.txt,30,3,100,H,9,8f129f50f4435911ce558dfc0c6771702d3405f0188b5e2416025fd7a8131a45,27537
30_3_500/os_0_com_0_time_0_rcom_0/0.txt,30,3,500,L,0,0f72c26f090bcc7964a4ff9b9230873a05be585c85abf9555183025ba819735a,134994
30_3_500/os_0_com_0_time_0_rcom_0/1.txt,30,3,500,L,1,b82f1a5b06940ab7eb75f69776f7ee3111cbd3b538a91b51699d696cebcd8641,134977
30_3_500/os_0_com_0_time_0_rcom_0/2.txt,30,3,500,L,2,e58ee2bfa61aadb3454e97e96190ee4c85fa3c0e26e62b5ba72ef9f27b3d0267,134998
30_3_500/os_0_com_0_time_0_rcom_0/3.txt,30,3,500,L,3,992fdc3ba6101f387b666ee5b453734f680fadda00de662d9c09498b6e2150ac,135064
30_3_500/os_0_com_0_time_0_rcom_0/4.txt,30,3,500,L,4,04695e75aab3d19d522e296d70dbda3638c394e9decad3f4e8509dc1a0546730,135078
30_3_500/os_0_com_0_time_0_rcom_0/5.txt,30,3,500,L,5,8a9ca8dc8bec6309b24d2918b68fe10a87761047764d64ae31badf4c3b061036,135003
30_3_500/os_0_com_0_time_0_rcom_0/6.txt,30,3,500,L,6,a676a73d39b9a8d1c8046e83989717553c5a5118c0f979866c9ec9778abf6b4e,134930
30_3_500/os_0_com_0_time_0_rcom_0/7.txt,30,3,500,L,7,b0c60c306b2a04936b653d8a5594fefc7ae95bd119adcb97f7c66b172c943c65,135142
30_3_500/os_0_com_0_time_0_rcom_0/8.txt,30,3,500,L,8,18deeb2b8fd556f4acccc194c9c0bef530cbcd4e73ec63d88b2a3ff9289fad11,134960
30_3_500/os_0_com_0_time_0_rcom_0/9.txt,30,3,500,L,9,dd076aad751e7ce7d04f2fbfbb99dd57a22cb36ef1757101cf2861862ca7bb7e,135017
30_3_500/os_1_com_0_time_0_rcom_0/0.txt,30,3,500,H,0,9dc2344b6e8b52cb1f9338981648d7696e4fa81e8cbc9cf475b75a83a920f066,135020
30_3_500/os_1_com_0_time_0_rcom_0/1.txt,30,3,500,H,1,96392f61e0fb7605d14973fbada987616a0307c13fb46873f73af716229ea10f,135043
30_3_500/os_1_com_0_time_0_rcom_0/2.txt,30,3,500,H,2,5b92f138a1229721bf6eec0d5b720e7f910808eed21e837871f5fa3206f55598,135032
30_3_500/os_1_com_0_time_0_rcom_0/3.txt,30,3,500,H,3,39339d5ff3faa3cafc2cee986d5679b9ac7faa05021e0c9a2e1dfa25c9bd0281,135071
30_3_500/os_1_com_0_time_0_rcom_0/4.txt,30,3,500,H,4,bd71db30880c38f79652f4d08fe9944899e14e98a20e050ce3715bccfebc37e1,135133
30_3_500/os_1_com_0_time_0_rcom_0/5.txt,30,3,500,H,5,0551665990803c327c7b24851315e6c91a03cd111b313cfd46b93a2a52b1f2e8,135036
30_3_500/os_1_com_0_time_0_rcom_0/6.txt,30,3,500,H,6,4c877a381f481cafe7c477d88a1c2c5c9523dbeb54d0fdb6e832ce7a26bcebe1,134946
30_3_500/os_1_com_0_time_0_rcom_0/7.txt,30,3,500,H,7,607f1b7b47bc855389f9a5d1cc05d440e2535b3a5199f7655ef3aad4f5035df1,135180
30_3_500/os_1_com_0_time_0_rcom_0/8.txt,30,3,500,H,8,4941daad44d6432462ec5fc5249e67191585a8a61b8f2db3e9abffd0be9187cc,135001
30_3_500/os_1_com_0_time_0_rcom_0/9.txt,30,3,500,H,9,3fd04d040be89c0d174eacfa3eb38087d4dd8f8211c803d84a6d2f91b08a6331,135047
30_3_1000/os_0_com_0_time_0_rcom_0/0.txt,30,3,1000,L,0,fe21037d417211aacab60558743d873162c54ca7d0fa2b6431a141ae6ad2e6d9,269326
30_3_1000/os_0_com_0_time_0_rcom_0/1.txt,30,3,1000,L,1,83958be0fcd86cc0b713c7a560188bf4b37a34a55ffa641722fc1944b946b41d,269339
30_3_1000/os_0_com_0_time_0_rcom_0/2.txt,30,3,1000,L,2,a9fec4d63245bbd143512a7ba64671ae92cdb2f09fb05a749cffd458ebd3c063,269347
30_3_1000/os_0_com_0_time_0_rcom_0/3.txt,30,3,1000,L,3,18481217ce1bf4131a2f6cd0ececd3c1a8a7e050ee7587c84f09c9c040850a55,269306
30_3_1000/os_0_com_0_time_0_rcom_0/4.txt,30,3,1000,L,4,86add7aaafbd5fe851d16694fc18f949f101514d8478d9d84de6fd1516ebe7bc,269495
30_3_1000/os_0_com_0_time_0_rcom_0/5.txt,30,3,1000,L,5,21c09de9f1cd895d4fe65e3dc305dbd15e936c387169ad478b0e83c559ac3f89,269452
30_3_1000/os_0_com_0_time_0_rcom_0/6.txt,30,3,1000,L,6,a1efa684e7495ad5329166ea92e5a30db1282d40a57b1faefbfe3fff44c0cd3a,269194
30_3_1000/os_0_com_0_time_0_rcom_0/7.txt,30,3,1000,L,7,26eed5d30135a04281f2473b410645508217013b8f9a563a40c709b97b157f6c,269570
30_3_1000/os_0_com_0_time_0_rcom_0/8.txt,30,3,1000,L,8,7c4d2d4d973a149271f644dcfaabef0efd438a47310d7022aa6eb683bc736256,269253
30_3_1000/os_0_com_0_time_0_rcom_0/9.txt,30,3,1000,L,9,3e26212fcbf11fb120232e1782913d61020c3d46dd67daa818aefc690a6e07ea,269390
30_3_1000/os_1_com_0_time_0_rcom_0/0.txt,30,3,1000,H,0,fe2eff9a6ede9afae77ad1694002b1b687837d32ef927e9911b970e1b52ab11f,269352
30_3_1000/os_1_com_0_time_0_rcom_0/1.txt,30,3,1000,H,1,bf0bc947a4b90d2a209d289bc10123842b7dc53413d3becd0e4c5b8a70d0acbd,269405
30_3_1000/os_1_com_0_time_0_rcom_0/2.txt,30,3,1000,H,2,8ed69b35e9d94785bc50b9774e8a2f47c41ddc37d12a97a16c1c4a44ecdf4161,269381
30_3_1000/os_1_com_0_time_0_rcom_0/3.txt,30,3,1000,H,3,a9d169fb4ee660ee121bf867cb8340f19ffd49c57a1dbbadc243afe5ffed0756,269313
30_3_1000/os_1_com_0_time_0_rcom_0/4.txt,30,3,1000,H,4,6ec5fcc4c815ccc836985f030166ae2b4ce5ddbd07df9e15ed53d082eccc56b4,269550
30_3_1000/os_1_com_0_time_0_rcom_0/5.txt,30,3,1000,H,5,53a9e0256d0a2d9c937ca8554f59614139d7dffd2c453272d012132d73dbd3e0,269485
30_3_1000/os_1_com_0_time_0_rcom_0/6.txt,30,3,1000,H,6,532a17bff953eb5c6af98244c6793e2aa27e537cb9359ab17dbff93ce4519f19,269210
30_3_1000/os_1_com_0_time_0_rcom_0/7.txt,30,3,1000,H,7,aae44e40f1ce3ca40baa922aa34cd738c25d366b3486aaf8c88be0a82fe23a3c,269608
30_3_1000/os_1_com_0_time_0_rcom_0/8.txt,30,3,1000,H,8,869e5d44c83b39f7cfa6fc78335892a1df8dd14dca34527a1fdbad869fbf9035,269294
30_3_1000/os_1_com_0_time_0_rcom_0/9.txt,30,3,1000,H,9,3134fcfa3c2f827e4d3e874e0f7ea74db6faafe3642a64acf804279c4e2cb278,269420
30_4_10/os_0_com_0_time_0_rcom_0/0.txt,30,4,10,L,0,7e36fda6258e3b47b9a8261c9526f00a425d5e2422ae61e7c354e26f41a0b5fe,4329
30_4_10/os_0_com_0_time_0_rcom_0/1.txt,30,4,10,L,1,6528c2721b85163d54c3682365f522d4439e854086e9fde389ee077fae4de86f,4337
30_4_10/os_0_com_0_time_0_rcom_0/2.txt,30,4,10,L,2,c855296564a0329a4c37941bbd2368647b01706a43b41bf2b038dbca31423012,4389
30_4_10/os_0_com_0_time_0_rcom_0/3.txt,30,4,10,L,3,30afb598611cc9623727b7605f62c525614d05eaf5efd3413aa376f2132ac61a,4345
30_4_10/os_0_com_0_time_0_rcom_0/4.txt,30,4,10,L,4,f4515207fc375c3650ad2f0ada9063b2d7d770595fa2951b5689dad3e7d50a98,4319
30_4_10/os_0_com_0_time_0_rcom_0/5.txt,30,4,10,L,5,39866acdfe21a846ab7249658a9bf8432013172ab937ea3a1cdf687be18fc2af,4315
30_4_10/os_0_com_0_time_0_rcom_0/6.txt,30,4,10,L,6,2764188adeafc828645ae8b8102b9323700bc65efcd6d328310ff2ee28a33716,4385
30_4_10/os_0_com_0_time_0_rcom_0/7.txt,30,4,10,L,7,2ecd6729594fb262aed8134435925a094501b681e40e608fa7dfb842053589ca,4324
30_4_10/os_0_com_0_time_0_rcom_0/8.txt,30,4,10,L,8,78a4932ce5629a23a84ae9acf4285d5caa3edba652ebcc8f2438b835dd2cb1d5,4434
30_4_10/os_0_com_0_time_0_rcom_0/9.txt,30,4,10,L,9,b0e4e1cbbddb87d8c815e8a8689d936c0fa84fc1132336ebac391ec58ad08c66,4322
30_4_10/os_1_com_0_time_0_rcom_0/0.txt,30,4,10,H,0,aa10b8ff2a662e4207045c8ddcb30dd824b194bb697b90b6cf776a801b5c6e93,4362
30_4_10/os_1_com_0_time_0_rcom_0/1.txt,30,4,10,H,1,a02df69a298e71e2023248eff0b42fe46dd154ef124df731784b2ecc4c929c67,4350
30_4_10/os_1_com_0_time_0_rcom_0/2.txt,30,4,10,H,2,df600cddb1ed8d6d23e0bc4938ccdcb2d7b3954ebc508e25e23ed1686c23330f,4328
30_4_10/os_1_com_0_time_0_rcom_0/3.txt,30,4,10,H,3,77b5fab436b13fc65c7b51b82377f163293770f1e9c5e0aa214c8009ec18d224,4370
30_4_10/os_1_com_0_time_0_rcom_0/4.txt,30,4,10,H,4,fdbb3b9caac8c3a8a08eb22b3b99e8ba891414047b82058ce982177faf27a836,4353
30_4_10/os_1_com_0_time_0_rcom_0/5.txt,30,4,10,H,5,f989a8862473cb94459a38e80516e63f27c31349523fd9d8999fd3af7d2e517b,4340
30_4_10/os_1_com_0_time_0_rcom_0/6.txt,30,4,10,H,6,f136782256202ad1582e331b421e03cdbec0d36b1d7ae4fd966e052ad414a7c3,4383
30_4_10/os_1_com_0_time_0_rcom_0/7.txt,30,4,10,H,7,16336dd2df0343e8c42d9d349568e05f27ccbe415f1018eabf193a41bd438fcc,4331
30_4_10/os_1_com_0_time_0_rcom_0/8.txt,30,4,10,H,8,81b4e43a737637f58d058d587df05c7c40f9eb857efe115ba9a33a771c2b8665,4354
30_4_10/os_1_com_0_time_0_rcom_0/9.txt,30,4,10,H,9,f0aa40fbe5c2c40036e6a95fd5bbe9f88015240b463ad6c80b00aec7d2be4964,4374
30_4_30/os_0_com_0_time_0_rcom_0/0.txt,30,4,30,L,0,81f7586ab2c359ace09bc38637c7a9ffddd4e2acb094615792f47a51cedc3785,11473
30_4_30/os_0_com_0_time_0_rcom_0/1.txt,30,4,30,L,1,33313eb5166d3b1ddb2150f7f2955a36801587ae3ab356417329b303a132b0cf,11489
30_4_30/os_0_com_0_time_0_rcom_0/2.txt,30,4,30,L,2,8a0cd905143edc0e47e898240951d66e0186ab5a5c104d058a7164b97c2d3a52,11530
30_4_30/os_0_com_0_time_0_rcom_0/3.txt,30,4,30,L,3,7ac73b53cfe80007dc3e3996913a408144456e00f5b1aeb58bd57bc2b287fb7a,11481
30_4_30/os_0_com_0_time_0_rcom_0/4.txt,30,4,30,L,4,9fcc0bbaf66f21c69af822cf60368bc72b4e4a510251743f3ef14e33376d4001,11466
30_4_30/os_0_com_0_time_0_rcom_0/5.txt,30,4,30,L,5,d300ee37b4c3ca2eabf4c3c5d95b2b78055688f25ac53b9b0f0a2b7d35f741b6,11485
30_4_30/os_0_com_0_time_0_rcom_0/6.txt,30,4,30,L,6,f4ce45b7a4b5d979d52c367c2005184680ee5c09d9ada5cd71ea67513c9ebb95,11552
30_4_30/os_0_com_0_time_0_rcom_0/7.txt,30,4,30,L,7,6def5aaac48a1de63006f97cfffd1fa7f008c6e10b8e02a839b309121b0e5eca,11478
30_4_30/os_0_com_0_time_0_rcom_0/8.txt,30,4,30,L,8,4002a137cd3e542b0d164288977d69e01360fb03b083e079ac88e5047e0832f2,11590
30_4_30/os_0_com_0_time_0_rcom_0/9.txt,30,4,30,L,9,4c935035890a700b62b6a4b060ed7f0faeed8b9422a46b815b400d352df6282f,11459
30_4_30/os_1_com_0_time_0_rcom_0/0.txt,30,4,30,H,0,905de58ef8335688e076fbd5a141c2162892169bba3b2b6cece448bad8009676,11506
30_4_30/os_1_com_0_time_0_rcom_0/1.txt,30,4,30,H,1,7d63b12d598675023ace568efbdcce8f83acac8204067450a32f73bfce648f35,11502
30_4_30/os_1_com_0_time_0_rcom_0/2.txt,30,4,30,H,2,b45a8bc0346993f02badecb1f1cce69f45951537df0ff1c9a0fbe3550dea6c99,11469
30_4_30/os_1_com_0_time_0_rcom_0/3.txt,30,4,30,H,3,f73f49a70a67971c08caf33411ff5b89a0a11e073dd8db0787bfb4d89b49fcfa,11506
30_4_30/os_1_com_0_time_0_rcom_0/4.txt,30,4,30,H,4,898aa8f256d3c76e3fe198b9cc4e8b726958cdd8e5467823a530694a8ef102eb,11500
30_4_30/os_1_com_0_time_0_rcom_0/5.txt,30,4,30,H,5,6b8304076c75f1aad810e4d92e08552bf2de3609bf41e99aa748bd647923677a,11510
30_4_30/os_1_com_0_time_0_rcom_0/6.txt,30,4,30,H,6,5fb9e2a776a24d8cae2bae0f1cc11129215e944fcac20da4f3826c3a34eec9a2,11550
30_4_30/os_1_com_0_time_0_rcom_0/7.txt,30,4,30,H,7,54db5e07a40dba4a3d640962daa3a349687b8228d144b63cc785e80a0702f404,11485
30_4_30/os_1_com_0_time_0_rcom_0/8.txt,30,4,30,H,8,3a5af70d04f041cd35aeacd0b910dd9880a7f76c9113575648c636bfaa5166f2,11510
30_4_30/os_1_com_0_time_0_rcom_0/9.txt,30,4,30,H,9,c3df9a50e4e5a6a3d2ab8322a76d901445dd38f078458b2ac3e0ede1529821ea,11511
30_4_50/os_0_com_0_time_0_rcom_0/0.txt,30,4,50,L,0,85471254046b300d3c6083e0e0b1d3df5a1da303adf92dd0ac58018a8d99e889,18612
30_4_50/os_0_com_0_time_0_rcom_0/1.txt,30,4,50,L,1,f11dd1d4ca369b386c9ddfd4e9a211bf20fc5d79375d34107003f9c05bf8720b,18631
30_4_50/os_0_com_0_time_0_rcom_0/2.txt,30,4,50,L,2,c6ae1fe49de406fce435ec10f51ba6805e5e18de9ec165e34900fd3633feee49,18681
30_4_50/os_0_com_0_time_0_rcom_0/3.txt,30,4,50,L,3,a97a7a1b63d819283765324dbf0a25ab3aa678d7b548b76a11d58d3c26a0dba2,18652
30_4_50/os_0_com_0_time_0_rcom_0/4.txt,30,4,50,L,4,a3c31db1e32c470e738ffc3ae9c18d815908e6224e1ba26e182e8424dd1683f4,18634
30_4_50/os_0_com_0_time_0_rcom_0/5.txt,30,4,50,L,5,3d7c144a8324b0c24b6781a399f4795b10688391e64635343a8d140b0e4bdb0f,18622
30_4_50/os_0_com_0_time_0_rcom_0/6.txt,30,4,50,L,6,755a01caf2feb71e70042ac474300323bf3046ebac64d09cbe1e8fdeca5abff4,18727
30_4_50/os_0_com_0_time_0_rcom_0/7.txt,30,4,50,L,7,ddee4954db13e118c6a707673c780b93af48a1173b8423ce9c0a39a93fcb8571,18632
30_4_50/os_0_com_0_time_0_rcom_0/8.txt,30,4,50,L,8,3a4f63e7721d993d2a2e0f33cf49122dde97bb847eb4aabf4d62e90fe4a285e1,18731
30_4_50/os_0_com_0_time_0_rcom_0/9.txt,30,4,50,L,9,3e494fc7dbfcaf0e39e2c914b84cba29967877a75834ba7d3b853f361e3ff2ba,18662
30_4_50/os_1_com_0_time_0_rcom_0/0.txt,30,4,50,H,0,fdd76db3019a2a3ef15120259d391bb617fb77a63f98865d56e0e97a69823167,18645
30_4_50/os_1_com_0_time_0_rcom_0/1.txt,30,4,50,H,1,b7407f885617045ade7dc3b647362c17e110ba3c83d7b6d1cf2d43c4dafb3af5,18644
30_4_50/os_1_com_0_time_0_rcom_0/2.txt,30,4,50,H,2,dd8770ee3089094c4aeeb270fa7f2e86b3441d1e0a756bb6fe18545f1e35960f,18620
30_4_50/os_1_com_0_time_0_rcom_0/3.txt,30,4,50,H,3,213d484a402e35b0419ecc13b3b980449fd7d5fbe0ceefe8dc73315626ecc5a8,18677
30_4_50/os_1_com_0_time_0_rcom_0/4.txt,30,4,50,H,4,f74eda1291779ca716f2d011960c5d6693c70ca300623a63bf0c4f57eeb5fe91,18668
30_4_50/os_1_com_0_time_0_rcom_0/5.txt,30,4,50,H,5,6ad6df8f561520563f049965e40e5ceae86ced73775fe174eecda23d320fed7e,18647
30_4_50/os_1_com_0_time_0_rcom_0/6.txt,30,4,50,H,6,a5ccbf03ccee95946cdca125f3d78fc0fea1fc4d0707ecf1fd16b82af44df99c,18725
30_4_50/os_1_com_0_time_0_rcom_0/7.txt,30,4,50,H,7,7452df7601f09fdbe562d0f2b9ab8758a813b241be06562d2f5cce42c2468c76,18639
30_4_50/os_1_com_0_time_0_rcom_0/8.txt,30,4,50,H,8,95f25f0dd5de2d5176b8550527daa7df62a0115d3aebfd3228c51259c4773239,18651
30_4_50/os_1_com_0_time_0_rcom_0/9.txt,30,4,50,H,9,a8c506cd801f864f95527f697db91dfd8fb23742bd199c90e9f44f922043d5b2,18714
30_4_100/os_0_com_0_time_0_rcom_0/0.txt,30,4,100,L,0,235ceea2bfd71484b23a0a05d4f5cc82943835dfca13650fdff5faaf5646fe2e,36495
30_4_100/os_0_com_0_time_0_rcom_0/1.txt,30,4,100,L,1,6d13b46c19ddbe330150b37a8599ff60b16f7000ca6879c414b3e129afdf6f43,36476
30_4_100/os_0_com_0_time_0_rcom_0/2.txt,30,4,100,L,2,4de536d3f21f8d07e97a39317c49eb31cbed52eec201b2cb967e5ae00bbbe18e,36462
30_4_100/os_0_com_0_time_0_rcom_0/3.txt,30,4,100,L,3,4e3858d3f5958d058258a1eb042ef6c383d3545c931a5336b0f5ab38d8625f94,36523
30_4_100/os_0_com_0_time_0_rcom_0/4.txt,30,4,100,L,4,ca1a66e922fb2b5d87a83ccb781e1037ba2cbe27bacf7ed12cee98e1c00c0e7c,36535
30_4_100/os_0_com_0_time_0_rcom_0/5.txt,30,4,100,L,5,579acfb1fd9b55383430b6c8a02ba04ecad98c7e6dfdc1d693e962129fd34517,36576
30_4_100/os_0_com_0_time_0_rcom_0/6.txt,30,4,100,L,6,0a50a60d8187ed0a37d2af002c96798fb9f79f61b997a1dea345877dc0de4b5d,36574
30_4_100/os_0_com_0_time_0_rcom_0/7.txt,30,4,100,L,7,9ad61b9f978bad39f9415fc86733303e201a636b5ae614eaf56cfcb7385fac5a,36456
30_4_100/os_0_com_0_time_0_rcom_0/8.txt,30,4,100,L,8,e2c31086f8424519254c49e69c7a654d0132753e01aba372cbddc15a1301e7d8,36501
30_4_100/os_0_com_0_time_0_rcom_0/9.txt,30,4,100,L,9,d08bd5cc4e12b80358e4d885e84071badabb89ff375e7d48c511056a743d318a,36491
30_4_100/os_1_com_0_time_0_rcom_0/0.txt,30,4,100,H,0,3207db017a91d78994a912ad3c902cc390f03e2a603ff9deb10bef05323a2a7b,36521
30_4_100/os_1_com_0_time_0_rcom_0/1.txt,30,4,100,H,1,e797a5d27e73222f4d148d99c63fab063ec49a6cdda8c9b5e75a242e4ae78258,36542
30_4_100/os_1_com_0_time_0_rcom_0/2.txt,30,4,100,H,2,b01e013853fe7fdfe70e1ec4af32fe9dbe05600c091dd3d3fe51a67e08b19092,36496
30_4_100/os_1_com_0_time_0_rcom_0/3.txt,30,4,100,H,3,ae09434278456dd746702b901a4fe8dd13e91aee1bdda199c0328312c877dd1a,36530
30_4_100/os_1_com_0_time_0_rcom_0/4.txt,30,4,100,H,4,51107da1e1fef9be10c1a1e0431aa75eb88e30315942f966f2a501925bc00c66,36590
30_4_100/os_1_com_0_time_0_rcom_0/5.txt,30,4,100,H,5,f2983224cd811fb6a1d313b25fbecfc6c5a43a5a14edcab9eb93e0ac8423594d,36609
30_4_100/os_1_com_0_time_0_rcom_0/6.txt,30,4,100,H,6,f4822550728249f48f08bf088aed252fd0f03a3bb8655394977e91815e3db1e0,36590
30_4_100/os_1_com_0_time_0_rcom_0/7.txt,30,4,100,H,7,e02c723197deb9bfafd7a7a5620cc3bbe51201757056bff8ff2aa25419deae7f,36494
30_4_100/os_1_com_0_time_0_rcom_0/8.txt,30,4,100,H,8,f4a1ef081bc1d82de27ae0c479e69251c4b663386dee50f25ef1b8e5eae8b4c9,36542
30_4_100/os_1_com_0_time_0_rcom_0/9.txt,30,4,100,H,9,29af407390c136eba760bb4ed51012f304c200dd600589ced14acf1d094f3551,36521
30_4_500/os_0_com_0_time_0_rcom_0/0.txt,30,4,500,L,0,dcb98427a1bdc7c29cc1556bf5d993084318add9d4d7453202b8044e504daddc,179504
30_4_500/os_0_com_0_time_0_rcom_0/1.txt,30,4,500,L,1,9e33cad7975de233bed593641bc8c17d42c2151688e2786f78c62dcddc63c2ef,179504
30_4_500/os_0_com_0_time_0_rcom_0/2.txt,30,4,500,L,2,9a06dbba1f864c615ca2cdf4e930b01fe2c7a2018cd1a2543730e7317b9d2584,179396
30_4_500/os_0_com_0_time_0_rcom_0/3.txt,30,4,500,L,3,11ee7d2a5a4164f68ea2b5dc69ae2b9851b2153caad7bee879dc96f90dcc3aaa,179561
30_4_500/os_0_com_0_time_0_rcom_0/4.txt,30,4,500,L,4,268c5fad47b89d9ee0bcd0ef514758428acbd8bb706cb14fba2fde559b8b8418,179664
30_4_500/os_0_com_0_time_0_rcom_0/5.txt,30,4,500,L,5,11f1cd3b4e35a1b3807eaa5a849b84126c7837f73d393af009f377bb2267076b,179671
30_4_500/os_0_com_0_time_0_rcom_0/6.txt,30,4,500,L,6,d6ac162783aa0b5bc4e0cd0e2373427fbbd5c1a66ac0cec6c945202209123f5d,179858
30_4_500/os_0_com_0_time_0_rcom_0/7.txt,30,4,500,L,7,ce68efd71eae249b0803e290b350134aeb6b29cd12d8e546c2ca3ff8f434525a,179370
30_4_500/os_0_com_0_time_0_rcom_0/8.txt,30,4,500,L,8,79a5a27291f3ba29d769e336828ef6f27e07fa8c62120f8a084e40a993de7ef3,179441
30_4_500/os_0_com_0_time_0_rcom_0/9.txt,30,4,500,L,9,ff1ef3c0952608df8f0075adfb76f3c3bebbb7432a401062bce0f710569f7aac,179578
30_4_500/os_1_com_0_time_0_rcom_0/0.txt,30,4,500,H,0,7a1eed684118d70c5fb04e3f895957688512d7f1c4781668668c08e212efaccd,179530
30_4_500/os_1_com_0_time_0_rcom_0/1.txt,30,4,500,H,1,81a02581f6ca2c0970ba5be441f298d654fbdc28fb81abee6d1a33e0e3bcab21,179570
30_4_500/os_1_com_0_time_0_rcom_0/2.txt,30,4,500,H,2,c1cfcdf5ea21e63f87ffbcdecb96b95f12d90f3d0ae2faf05456bfb24fecaa51,179430
30_4_500/os_1_com_0_time_0_rcom_0/3.txt,30,4,500,H,3,35793fc0d93949a2bafea826cb5315b01278c29bf51e108fcd5e21993f76732b,179568
30_4_500/os_1_com_0_time_0_rcom_0/4.txt,30,4,500,H,4,3453929bf1260cfb3d9deaa57b97519040f23b87036419c87312da57e8bc028a,179719
30_4_500/os_1_com_0_time_0_rcom_0/5.txt,30,4,500,H,5,41ac2a964a8e055f5cf9bb201ee114b1d26859c8a77dad814284b743b3b67bfb,179704
30_4_500/os_1_com_0_time_0_rcom_0/6.txt,30,4,500,H,6,4abfb428a7d1a7c3ae8380e4e8b2046b0592bac86c8c3beb41ef4bf517c2dd4d,179874
30_4_500/os_1_com_0_time_0_rcom_0/7.txt,30,4,500,H,7,2e5b5dedacc0b8bf9fba79f164a407fd3bf03db43025db9519e60175aca1d56d,179408
30_4_500/os_1_com_0_time_0_rcom_0/8.txt,30,4,500,H,8,b23fb9ce17c632b1e29b15ed2d24764415c105604a627408d7338196d3976e8f,179482
30_4_500/os_1_com_0_time_0_rcom_0/9.txt,30,4,500,H,9,ce910b5e10bf858ec5a2a9fd6502b0b3f8c5d6f8529e5ffe5e78ab54f7c7258a,179608
30_4_1000/os_0_com_0_time_0_rcom_0/0.txt,30,4,1000,L,0,b0484ef2f04c573866653de87cf2ad3df80264841c36196c653f6399cedc79d6,358158
30_4_1000/os_0_com_0_time_0_rcom_0/1.txt,30,4,1000,L,1,af2b781b25b97f3175f72e4277eb9112e8c81b94dac34231e06fde888b78de4b,358086
30_4_1000/os_0_com_0_time_0_rcom_0/2.txt,30,4,1000,L,2,d1b0f7a3b2b9e26f795c2c563e496d0682a7905faa784179d8119493a1ba181b,358137
30_4_1000/os_0_com_0_time_0_rcom_0/3.txt,30,4,1000,L,3,ffb9cdd93e093ef78b583e2701a6405c8d61545a9dba947f5d0ce5d399f48952,358261
30_4_1000/os_0_com_0_time_0_rcom_0/4.txt,30,4,1000,L,4,8faedd7be2b805f553e485202458187c48714fd26ad1b68b0f74b48704ffa988,358445
30_4_1000/os_0_com_0_time_0_rcom_0/5.txt,30,4,1000,L,5,b2628cb48c2a5ea0b97e05c05db0e433d48ff6fe0662fa556eae0ddb0871a3a2,358495
30_4_1000/os_0_com_0_time_0_rcom_0/6.txt,30,4,1000,L,6,d09a77ffbe7b8d2bc3d6b34d160153c4110d219cf6e781145032f5cf59ce6c5a,359036
30_4_1000/os_0_com_0_time_0_rcom_0/7.txt,30,4,1000,L,7,80a2728719976136c731164ed2bbd0fe4b855cd18173bdf3ffc66734ea550359,357990
30_4_1000/os_0_com_0_time_0_rcom_0/8.txt,30,4,1000,L,8,f98c9bc1087be9fe95fc93bacd2ecc6860eb80993a34697616cbbdfca690f30a,358282
30_4_1000/os_0_com_0_time_0_rcom_0/9.txt,30,4,1000,L,9,0cb9bd4e789e3035669633c6997add7938291d53d91da0ccad80944aba9f0471,358329
30_4_1000/os_1_com_0_time_0_rcom_0/0.txt,30,4,1000,H,0,9abef52b2ffb1a5d5ddac018be8a3d955446b6e807718d751199663e1fcbff76,358184
30_4_1000/os_1_com_0_time_0_rcom_0/1.txt,30,4,1000,H,1,b5f01b844f48fa92c7fd544c939309309731dfbc34fc1320e2d4af519114817c,358152
30_4_1000/os_1_com_0_time_0_rcom_0/2.txt,30,4,1000,H,2,864c30813dc04764460fb0e6dd9cad7574ec5cd7867927a6b514622f1cff5718,358171
30_4_1000/os_1_com_0_time_0_rcom_0/3.txt,30,4,1000,H,3,c3bb6913cf919834a5e1feea3259a4d8d421d5c197f943cd0d6cff9b0ee82097,358268
30_4_1000/os_1_com_0_time_0_rcom_0/4.txt,30,4,1000,H,4,54139eaf05dfbc705f91560c48673e5eb4c1c248e8f13d54592ef9ddef8337df,358500
30_4_1000/os_1_com_0_time_0_rcom_0/5.txt,30,4,1000,H,5,394b93c2a28dab64c41ba9c152bfbbd48af62ee30efeb9def6fd9e8297ca72de,358528
30_4_1000/os_1_com_0_time_0_rcom_0/6.txt,30,4,1000,H,6,8a68b45a887e325e140679eb73a53ecea695d2ff89de95c11fa7a168b8918419,359052
30_4_1000/os_1_com_0_time_0_rcom_0/7.txt,30,4,1000,H,7,8c09e66eec429194cb94e3fa6846890a8ceda6e94b583bd29bd682ddb9865d29,358028
30_4_1000/os_1_com_0_time_0_rcom_0/8.txt,30,4,1000,H,8,bc5c58f65845697cdd23b1ebf5cf7dfe3ac45d3c20938f401e3f5e97d09361a4,358323
30_4_1000/os_1_com_0_time_0_rcom_0/9.txt,30,4,1000,H,9,cc3defef35061a847bef977340e565f20e8855aea59b12011bddb791b69bec73,358359
