NumTasks NumMachines NumScenarios
15 4 1000
TaskDetails:
TaskID ReleaseTime ResourceConsumption SuccessorsCount Successors...
0 0 2 2 2 10 1 2 
1 0 3 6 9 7 1 3 
2 0 1 5 5 5 1 3 
3 0 4 5 1 6 1 4 
4 0 8 8 1 9 2 5 7 
5 0 8 8 4 2 2 6 8 
6 0 9 8 7 10 1 9 
7 0 9 5 3 2 2 8 9 
8 0 9 7 9 9 0 
9 0 2 10 5 8 0 
10 0 6 1 3 5 2 12 13 
11 0 6 3 3 9 1 12 
12 0 10 8 5 9 1 14 
13 0 8 3 2 2 1 14 
14 0 10 5 4 3 0 

14 34 19 32 42 36 14 37 25 27 34 19 33 9 19 7 21 16 15 27 12 36 22 8 33 27 17 11 26 31 22 43 10 37 13 17 29 15 17 20 6 12 21 25 19 16 29 14 28 15 19 13 28 32 17 30 13 30 12 20 
13 16 19 18 26 24 23 26 16 15 12 18 48 22 10 19 15 7 17 36 36 32 34 19 31 21 24 15 20 37 24 29 13 45 22 16 18 22 19 32 14 14 7 26 38 20 37 9 22 16 10 22 26 22 23 46 14 23 22 31 
21 25 22 6 24 23 22 33 30 25 24 11 31 17 19 13 19 15 23 30 36 34 15 14 31 23 29 18 13 37 35 33 23 15 29 8 21 23 17 46 19 20 14 35 36 16 23 11 24 19 26 42 13 16 33 20 18 25 12 13 
20 46 13 18 35 24 14 31 20 18 23 16 32 22 11 22 16 18 21 10 18 32 24 21 31 30 27 15 13 33 18 27 26 42 19 15 25 24 10 27 16 18 20 34 31 9 43 15 34 14 7 24 15 25 21 26 14 30 23 12 
17 24 22 11 18 32 18 36 35 24 26 11 46 13 15 14 33 22 28 24 29 36 15 16 24 17 15 16 14 34 33 26 26 24 28 16 24 13 15 32 17 21 12 25 28 19 20 16 16 13 17 24 28 12 9 41 21 34 4 18 
10 24 12 29 16 21 24 42 18 20 29 24 15 12 19 19 19 24 13 34 22 19 39 2 26 24 22 15 17 23 25 38 9 21 18 15 16 18 11 24 8 11 22 22 28 18 37 18 41 15 17 29 30 31 12 41 23 23 22 17 
15 27 30 24 31 41 18 22 35 24 20 14 38 35 14 13 39 13 15 21 29 26 23 19 26 23 28 10 17 25 21 19 9 37 13 25 24 12 17 35 26 21 8 31 31 18 39 20 31 7 15 30 21 35 16 40 17 23 9 22 
19 38 33 17 13 18 28 25 26 11 43 9 42 25 20 9 16 13 22 22 32 27 29 19 11 25 19 18 18 21 27 33 21 34 27 14 28 15 18 43 17 11 25 11 38 11 32 20 36 6 8 29 18 29 13 43 16 20 25 18 
10 27 32 22 44 28 22 18 24 19 28 13 36 25 13 11 27 14 13 20 30 22 30 22 24 26 24 27 26 21 23 15 18 24 19 9 26 29 22 19 17 10 22 42 12 18 24 16 32 17 20 21 27 2 24 53 10 22 13 24 
19 23 28 15 38 27 14 25 25 24 32 17 25 13 21 18 14 12 17 21 37 23 32 15 20 28 27 18 7 31 28 37 18 25 14 21 24 22 20 25 17 17 21 21 45 11 22 16 20 10 23 19 14 32 18 35 21 17 18 22 
21 15 20 29 12 27 13 28 37 29 31 20 19 15 22 18 26 18 8 22 35 28 19 18 34 35 31 8 25 34 21 34 15 31 30 11 26 21 12 38 17 10 22 27 32 11 31 13 21 20 20 33 15 30 16 29 20 13 24 22 
13 34 26 14 29 15 20 32 27 27 28 21 34 24 16 12 23 25 19 15 23 45 22 22 27 15 22 22 12 25 21 34 17 18 35 13 34 21 10 21 13 12 18 30 38 15 27 13 20 17 15 24 22 41 14 35 21 18 22 22 
23 28 23 18 40 16 22 17 23 34 34 22 35 10 23 24 29 20 17 23 40 28 20 12 26 22 15 16 3 24 31 35 41 27 24 16 25 25 12 38 15 18 25 33 38 16 26 11 33 9 16 30 11 30 10 19 26 16 17 17 
17 13 24 13 24 27 9 37 33 25 33 18 38 23 10 21 15 23 9 32 33 22 31 19 7 34 18 20 16 23 30 36 30 32 29 11 33 19 16 25 13 16 24 33 42 20 30 14 41 12 8 27 19 31 19 15 23 34 18 14 
13 27 25 22 32 24 14 29 34 23 17 15 19 20 14 18 22 10 23 30 42 22 44 17 15 30 20 13 11 43 25 25 27 52 18 21 23 24 22 11 16 12 16 6 27 19 34 17 26 18 12 41 24 28 19 29 26 33 24 23 
22 29 15 34 32 24 23 30 24 25 37 17 30 28 16 14 21 15 17 19 29 38 8 19 14 33 35 15 21 17 31 28 22 23 21 28 32 16 16 34 20 21 27 24 19 16 32 14 25 14 18 34 26 45 28 37 24 19 17 17 
15 21 25 22 24 40 17 28 9 21 19 12 27 23 18 16 30 14 27 22 23 17 35 16 32 25 19 20 13 24 30 22 27 24 15 15 21 15 20 12 22 18 19 41 43 16 35 22 27 16 24 34 13 39 15 19 11 24 8 17 
14 27 28 30 29 27 27 35 31 22 26 16 39 22 6 8 25 19 20 23 24 22 40 12 22 29 31 10 28 26 38 34 19 21 21 11 35 27 17 22 12 12 29 40 34 17 21 15 32 8 30 18 23 31 24 29 25 15 5 25 
20 14 31 17 31 18 9 31 33 20 38 20 29 34 20 26 28 22 26 20 42 23 39 11 26 31 20 23 8 23 15 28 20 13 15 28 38 21 22 22 4 15 26 25 32 15 12 7 30 12 18 12 13 21 24 35 15 15 8 23 
23 16 21 26 32 28 27 19 32 25 40 18 28 22 18 18 18 23 33 35 29 26 29 10 7 29 20 17 33 37 28 24 30 17 20 22 31 30 27 21 12 25 24 39 29 17 38 19 36 18 15 37 30 22 26 21 26 28 5 20 
23 21 27 24 17 21 17 35 27 22 21 21 40 20 15 20 20 24 24 33 31 36 33 18 30 34 22 18 33 13 30 22 16 26 23 9 29 28 21 28 11 10 20 22 15 16 34 15 18 14 19 32 17 31 24 7 13 17 19 25 
9 36 35 21 29 26 14 37 23 24 27 9 37 27 18 19 19 31 13 17 21 48 37 19 30 29 21 14 8 25 29 33 44 28 14 13 22 29 18 26 23 14 16 20 27 21 17 20 28 19 21 28 18 21 14 43 17 13 27 17 
18 32 27 24 20 27 19 37 17 23 29 23 19 16 9 20 20 19 29 25 42 24 33 22 17 26 16 21 6 35 24 19 24 28 11 14 28 28 21 27 16 11 25 27 26 15 19 15 35 25 18 48 26 34 27 37 19 30 19 18 
22 15 25 36 35 24 9 22 22 23 35 18 34 23 22 13 23 16 17 17 31 30 26 24 30 19 19 20 20 25 20 26 19 20 17 9 28 18 20 26 20 15 35 25 25 13 32 15 20 19 15 29 12 30 24 27 12 41 14 11 
16 16 17 25 31 24 22 21 20 22 28 16 25 22 16 18 32 27 20 33 27 15 29 19 18 34 16 17 27 24 31 26 22 14 28 17 22 24 23 12 16 16 17 42 36 15 35 15 27 18 19 20 27 24 10 36 27 35 17 20 
12 15 18 21 34 34 16 32 26 24 58 14 20 18 19 23 28 22 27 36 34 33 25 10 26 21 27 22 26 22 30 31 27 33 18 24 31 22 17 36 15 13 13 29 29 17 39 11 29 17 16 30 28 32 9 23 17 28 13 21 
11 17 16 30 23 25 24 35 29 24 30 19 34 29 17 13 22 10 26 16 19 20 28 13 28 42 24 21 16 22 35 31 27 33 22 22 21 28 21 25 8 19 11 25 18 13 19 12 15 13 19 39 15 17 12 22 26 32 20 27 
14 26 19 18 37 27 23 25 27 18 25 13 15 34 11 26 28 20 27 20 38 33 37 11 20 14 15 12 14 27 33 14 30 28 25 18 27 31 21 41 26 10 28 22 22 16 28 18 31 13 24 38 32 24 17 19 21 8 18 13 
18 19 22 35 34 25 21 7 25 24 30 23 28 23 11 14 24 25 28 23 41 28 20 15 20 33 31 20 3 30 25 35 19 33 26 19 38 38 14 24 21 17 26 34 23 16 35 8 21 24 13 29 23 20 14 40 19 18 15 24 
19 16 14 17 21 13 16 29 19 27 26 19 37 20 11 25 29 20 22 26 40 28 26 21 32 25 31 17 23 27 29 34 26 34 11 14 18 23 13 18 28 14 20 37 34 14 22 12 44 18 21 38 10 44 28 22 12 11 11 15 
15 18 21 32 34 19 25 24 38 21 14 20 30 23 16 14 30 13 10 19 31 20 19 19 27 33 34 18 7 21 20 32 30 32 20 12 29 22 19 20 5 12 22 5 34 20 26 13 29 17 16 31 7 32 15 27 20 18 13 24 
20 21 15 10 25 24 8 36 26 25 38 13 28 22 10 7 20 16 11 30 38 16 32 9 24 25 17 17 13 25 35 16 14 32 11 19 35 19 7 34 14 9 22 34 37 18 24 15 32 12 10 36 16 30 19 26 21 15 21 28 
23 19 21 21 33 21 14 25 33 27 38 20 13 24 20 17 31 20 22 25 23 35 33 11 32 23 16 17 31 29 22 24 18 15 25 8 29 27 15 24 16 12 14 37 23 14 52 16 26 21 22 24 24 36 19 32 15 17 15 11 
18 23 31 15 19 17 17 21 23 21 24 5 38 20 13 22 21 26 21 19 38 31 27 14 23 22 25 24 19 33 27 33 26 42 28 25 14 20 12 30 23 17 24 28 29 21 23 13 3 23 23 34 17 32 19 34 18 6 16 18 
14 24 21 17 34 24 8 37 30 18 37 13 28 24 8 9 25 21 18 18 46 36 33 16 27 26 25 16 19 37 25 34 28 32 19 4 25 21 23 33 19 17 20 26 28 17 27 15 25 16 15 24 18 41 24 19 25 23 23 22 
15 14 22 22 38 21 27 11 21 31 31 14 40 34 13 20 31 19 27 14 24 31 35 15 23 15 15 17 22 38 36 27 36 26 20 17 34 24 19 36 21 15 32 33 31 16 37 16 29 14 14 19 17 38 17 41 16 17 15 22 
26 29 17 35 32 31 12 31 20 26 33 18 24 26 18 28 25 14 19 24 35 47 29 22 28 28 24 27 16 25 27 29 24 48 23 13 34 25 18 21 19 12 24 21 32 22 19 12 27 10 24 35 20 6 20 26 30 19 17 20 
15 12 15 29 41 30 15 24 29 23 44 24 44 24 11 24 16 10 20 21 33 19 31 15 28 35 33 13 38 36 16 26 29 22 23 24 25 22 14 33 24 23 11 32 28 20 42 16 30 14 22 30 9 42 18 19 25 18 24 20 
18 16 13 18 15 26 17 36 15 25 39 15 38 14 13 20 24 16 20 16 27 29 35 19 19 14 29 19 18 28 34 26 16 27 23 13 30 26 21 24 15 19 9 24 23 12 39 15 28 21 25 29 25 24 20 36 24 18 19 17 
13 23 19 26 13 23 10 32 30 26 31 15 23 19 15 14 26 17 34 29 30 28 27 18 21 25 13 5 11 28 26 20 26 25 15 19 25 22 15 28 9 13 18 29 30 22 27 8 35 20 18 25 32 25 23 15 24 25 10 16 
16 28 20 24 37 18 9 27 41 23 28 22 39 26 17 26 27 17 33 30 34 45 20 20 21 31 8 20 28 25 22 21 32 40 25 14 31 29 16 26 19 14 10 35 30 17 15 17 30 12 10 32 22 25 25 31 15 21 21 17 
17 22 21 14 22 11 12 41 34 19 21 23 29 17 13 15 6 23 15 18 30 24 14 22 34 31 23 14 14 29 35 50 33 18 27 16 27 31 9 21 16 17 19 26 26 20 38 16 28 17 16 25 30 12 28 42 21 27 16 10 
13 18 20 10 38 26 20 40 35 20 25 14 24 23 16 9 27 22 23 23 29 31 28 8 26 26 21 31 16 29 16 35 30 34 25 21 17 24 26 21 21 20 20 17 19 10 40 12 31 13 10 20 27 52 9 37 21 27 12 15 
21 22 21 21 44 29 12 37 17 20 45 25 41 18 13 20 19 19 17 27 19 26 31 20 20 24 23 16 19 20 38 18 30 34 29 15 20 24 23 27 20 11 25 33 32 17 46 19 20 11 26 16 12 40 24 39 20 13 17 9 
19 21 22 23 36 30 19 22 28 21 28 16 34 18 23 17 39 18 24 21 41 12 32 9 27 29 27 17 14 15 24 15 32 27 13 21 13 25 17 26 13 21 16 31 26 13 20 18 14 13 25 24 11 29 21 11 7 18 18 29 
17 27 15 23 24 21 12 22 16 10 30 17 32 27 16 18 22 20 21 25 30 22 16 16 22 27 17 8 22 35 46 27 28 29 24 18 6 25 21 35 21 11 26 30 34 21 21 20 25 20 23 24 16 24 10 38 27 29 18 22 
11 16 24 23 18 29 18 12 23 30 22 16 23 19 18 25 12 15 28 21 17 24 26 18 24 37 20 16 32 39 30 22 18 26 23 19 25 18 18 22 9 14 15 31 31 16 18 8 26 16 14 27 20 28 23 7 19 18 22 15 
16 21 15 27 33 27 17 30 23 15 13 10 32 22 15 12 21 18 20 33 16 24 26 14 19 32 12 4 23 29 31 35 36 24 38 15 24 27 19 33 11 22 21 33 25 17 26 10 32 9 18 29 5 17 28 28 23 39 8 12 
19 23 24 21 46 17 19 31 33 21 29 13 32 18 19 14 24 10 12 14 34 22 17 16 23 28 24 21 18 34 24 14 40 25 12 27 15 21 22 38 14 10 28 32 34 10 30 23 30 13 21 27 21 31 14 38 27 23 20 17 
16 21 27 16 17 23 22 28 20 21 25 13 27 20 20 25 16 19 21 28 32 25 32 21 25 27 16 15 29 22 18 34 30 13 16 13 33 31 16 25 31 19 20 17 27 14 41 18 21 15 22 17 23 35 22 28 24 22 25 13 
20 24 28 15 26 13 19 29 28 24 22 18 25 32 14 14 26 19 28 23 39 34 38 22 19 26 22 18 27 22 18 27 17 20 18 12 34 25 17 27 17 19 20 38 25 13 13 15 17 20 20 20 5 31 18 34 15 40 19 13 
21 24 25 6 31 21 12 13 27 25 31 25 22 28 13 16 17 11 10 31 29 32 19 12 5 24 20 17 22 36 16 22 18 23 37 10 28 40 25 36 19 20 23 36 28 15 40 21 25 24 16 33 24 30 14 15 10 28 13 23 
9 19 16 20 41 29 15 36 35 28 27 17 35 20 14 24 31 22 24 26 32 33 33 21 26 27 30 13 24 27 25 27 3 24 28 17 17 23 21 48 13 15 25 17 44 16 23 9 18 19 16 39 18 49 14 31 18 15 22 13 
14 16 19 28 43 17 16 30 37 21 36 23 24 19 22 27 21 12 16 22 25 23 9 13 21 12 21 15 14 20 30 21 18 27 27 19 22 21 11 18 16 21 18 23 32 23 13 14 22 11 21 32 21 28 12 26 19 25 14 14 
13 18 9 17 33 24 14 11 30 17 43 20 28 15 11 20 25 14 25 29 26 14 15 20 21 25 26 8 20 26 22 19 26 22 22 19 26 27 9 34 8 7 16 26 29 15 30 19 39 9 24 15 26 20 17 37 23 8 21 23 
17 24 21 32 36 25 18 43 26 23 26 17 26 19 14 16 21 20 24 23 37 29 19 21 23 28 34 18 17 25 32 27 25 31 29 15 21 27 23 28 22 9 22 34 22 12 35 12 35 18 14 27 20 40 17 28 35 17 8 14 
11 26 21 22 20 24 17 29 25 25 31 17 33 20 17 6 14 22 27 29 39 32 22 22 32 25 28 19 12 19 22 21 16 32 21 18 22 8 13 39 13 14 10 24 22 19 24 12 22 12 14 18 29 18 23 34 18 17 10 15 
14 36 24 25 25 19 15 40 19 17 24 9 33 37 20 12 20 14 29 31 29 34 26 12 16 34 20 18 14 22 24 20 10 24 23 15 25 14 22 27 20 14 16 12 25 14 16 17 30 22 10 34 22 50 31 39 16 15 16 15 
14 19 18 46 15 30 12 26 30 23 31 19 45 34 13 18 20 17 17 30 7 37 25 20 30 6 13 20 28 19 34 22 38 24 24 14 25 34 21 25 27 15 15 24 27 18 44 15 30 24 13 22 13 31 24 40 16 31 14 19 
16 19 25 16 34 16 16 34 28 20 32 22 21 19 5 16 27 19 17 19 36 32 41 15 31 34 20 16 15 26 36 31 17 21 22 16 28 24 16 35 22 15 24 36 22 17 36 18 23 21 16 29 20 32 19 25 21 19 15 16 
19 8 26 24 27 28 13 35 16 24 38 18 39 13 16 18 26 23 19 11 47 37 29 18 24 33 20 25 25 34 18 28 31 22 17 14 24 20 16 27 28 13 30 29 30 17 32 19 31 17 11 24 21 36 18 26 24 10 14 14 
23 29 23 28 21 19 10 31 19 18 23 21 29 21 18 12 32 13 15 34 26 21 35 13 23 30 5 18 23 35 34 30 27 26 20 5 31 33 17 25 9 10 25 35 24 15 30 11 43 8 11 34 20 26 32 9 32 24 18 21 
12 25 22 18 29 25 16 22 22 24 34 6 39 24 11 22 28 20 18 19 40 26 27 22 15 24 22 17 22 10 14 34 22 39 24 13 30 14 21 38 6 12 22 16 26 20 43 22 19 19 20 40 28 52 17 30 23 25 16 25 
22 22 20 16 25 24 12 30 29 31 29 21 11 41 20 30 15 17 22 36 33 30 12 14 33 27 24 21 20 30 23 30 34 24 20 7 12 20 16 15 11 19 30 22 13 21 28 16 26 16 27 23 19 19 14 36 16 15 15 18 
13 9 30 20 28 18 16 34 31 11 38 22 24 24 14 12 24 23 25 14 30 15 29 13 16 31 38 16 23 25 37 28 24 6 24 13 25 25 7 12 18 13 7 37 25 12 43 20 28 17 10 22 24 31 17 24 17 35 25 18 
24 27 22 32 39 21 21 32 28 23 31 15 12 30 12 21 21 26 15 23 37 31 21 14 14 3 18 17 15 16 28 21 15 42 26 11 26 17 10 31 12 14 18 20 24 22 33 16 35 21 19 33 7 33 21 20 27 29 18 12 
14 23 25 16 31 24 13 36 26 16 27 13 44 16 17 21 14 17 15 28 38 33 30 19 22 21 22 12 20 29 35 50 25 21 32 16 26 19 23 27 23 19 5 27 32 19 32 17 34 12 21 7 20 13 23 45 22 16 19 23 
22 26 31 36 37 25 14 30 17 26 33 13 38 11 13 16 17 18 12 26 38 27 22 19 28 25 19 14 20 37 27 35 25 39 24 20 27 31 14 25 27 14 17 41 38 11 32 12 18 11 23 31 23 36 36 32 2 25 12 20 
19 20 27 19 25 26 25 28 39 29 34 17 30 17 11 19 34 15 16 32 27 33 17 20 16 28 21 16 20 33 34 37 24 8 18 15 33 25 20 23 21 21 18 36 27 12 30 11 27 10 10 39 22 29 19 34 13 30 11 21 
12 25 25 18 23 29 11 27 12 23 39 13 18 24 18 25 17 18 16 28 25 43 21 21 23 29 21 15 25 23 21 34 31 26 19 17 24 34 11 19 4 18 12 23 19 8 33 23 13 16 22 20 30 33 20 23 18 25 16 13 
22 21 24 31 31 21 18 41 23 23 30 8 37 1 9 20 21 29 22 12 32 42 18 24 12 28 24 15 26 21 28 19 25 48 22 21 24 18 27 32 15 18 30 16 20 13 33 17 32 16 20 37 30 25 18 46 30 20 15 10 
14 28 21 29 31 22 22 39 27 32 41 16 49 31 17 22 20 15 25 25 31 18 27 13 26 27 22 9 12 22 32 27 31 31 18 11 20 22 22 34 25 20 26 22 14 20 39 14 29 12 23 28 15 39 15 36 25 37 20 19 
20 22 20 20 32 30 20 15 33 18 40 8 3 30 14 7 15 16 31 22 34 28 24 6 15 32 22 20 18 19 23 21 39 32 17 17 30 30 16 28 18 23 24 17 39 13 16 19 18 8 17 33 21 42 19 27 26 32 25 17 
14 20 19 31 26 16 15 30 33 27 32 8 5 21 12 10 24 22 18 21 19 47 31 12 30 28 21 11 21 24 29 23 17 31 24 19 28 24 15 36 22 16 20 35 19 19 41 17 19 22 24 30 19 34 12 22 30 3 22 21 
14 22 18 31 45 15 21 42 29 11 16 15 31 12 12 19 30 12 21 12 21 35 33 32 25 8 25 18 24 26 27 25 19 37 19 23 19 25 16 29 23 12 24 28 31 23 31 10 28 21 18 15 24 40 31 16 25 47 15 23 
21 27 32 9 44 14 25 36 23 25 19 16 25 33 14 25 27 17 20 19 37 2 32 23 24 26 20 18 25 32 25 29 25 28 22 19 28 26 19 33 14 10 16 20 15 20 19 14 29 13 12 20 21 16 24 34 22 25 18 20 
19 30 17 36 19 26 12 28 38 24 40 12 24 24 13 12 10 20 11 18 29 34 26 16 34 27 13 12 19 33 23 21 38 33 21 16 28 21 16 21 25 16 14 35 31 16 26 13 32 17 18 28 19 14 12 31 28 19 17 22 
17 23 14 15 31 29 12 41 29 17 24 19 28 21 15 21 24 25 24 23 32 32 17 18 24 35 19 16 17 22 34 22 28 29 19 17 22 25 15 26 23 16 15 33 23 15 25 22 31 24 25 33 19 27 20 46 19 13 15 12 
16 38 14 18 16 16 7 33 31 24 31 15 29 18 17 17 22 12 27 15 25 22 19 13 17 34 21 25 24 26 19 27 23 26 30 17 30 24 12 34 11 10 21 37 38 14 31 20 33 16 24 19 18 36 19 37 25 26 24 24 
15 22 31 26 27 16 14 21 33 21 34 21 36 28 23 18 19 16 25 27 25 38 21 18 21 24 24 14 32 32 32 34 22 26 12 9 22 21 21 15 23 17 24 30 29 14 29 19 25 17 23 24 14 17 23 35 24 12 23 14 
16 24 14 10 14 30 12 38 21 31 39 13 36 31 15 5 10 6 20 36 38 11 21 16 23 9 19 16 20 36 28 23 43 29 23 15 18 33 14 28 21 9 31 35 14 21 33 10 18 16 17 31 32 25 24 24 21 28 17 25 
13 18 35 27 24 30 19 38 34 24 27 2 25 25 19 16 30 13 23 34 28 40 13 31 14 23 34 18 18 38 32 18 16 26 18 21 42 31 15 25 21 22 24 39 15 10 31 19 38 17 26 27 25 37 9 31 24 14 17 19 
13 25 15 25 27 19 17 21 20 27 23 9 37 30 22 12 18 19 17 25 22 31 35 7 13 23 19 19 16 28 28 34 25 34 27 16 27 13 23 19 16 12 24 37 33 17 43 16 17 18 10 34 28 20 17 48 13 28 17 18 
18 33 30 21 35 22 12 16 21 16 16 17 32 27 17 13 17 23 24 29 35 34 29 16 29 16 18 10 9 28 9 27 26 24 11 21 11 17 20 29 21 20 11 23 44 14 32 18 26 18 11 30 27 20 22 29 21 26 16 28 
16 35 29 18 22 16 19 24 30 29 20 15 32 24 20 17 26 17 16 20 25 46 34 16 21 40 21 5 13 33 40 31 34 32 29 10 35 20 16 22 19 18 15 22 31 24 31 22 30 19 10 28 21 34 32 37 24 18 17 20 
19 27 19 27 29 11 14 34 32 29 32 17 49 26 12 16 10 15 16 23 17 39 32 27 27 31 18 14 20 22 49 18 28 24 3 22 29 29 21 29 21 16 12 23 25 19 31 9 31 15 13 38 20 30 27 32 24 27 13 17 
13 17 18 20 31 28 12 20 27 26 12 16 33 25 7 21 35 23 16 32 29 18 16 21 11 33 26 8 16 23 26 34 33 35 15 18 21 27 11 26 22 17 26 30 34 18 42 18 24 16 13 22 19 33 19 24 16 22 17 11 
13 20 26 16 31 10 11 21 29 25 42 18 26 29 10 12 33 26 23 17 14 38 28 28 27 35 33 19 27 26 25 31 19 26 12 20 19 29 16 30 27 17 26 42 35 19 25 21 31 19 16 22 26 32 16 47 18 36 22 18 
21 25 17 14 29 17 28 29 26 25 32 30 28 17 13 31 18 22 20 26 19 33 38 21 30 35 28 15 21 32 25 30 14 21 19 16 27 17 19 26 23 23 19 37 36 18 27 10 24 13 9 38 19 12 30 30 20 33 25 21 
11 26 24 11 11 27 24 26 24 25 26 20 44 20 12 14 19 26 14 25 35 40 24 23 41 28 18 25 25 30 9 29 32 27 34 13 30 24 24 36 10 15 27 16 14 16 18 18 25 16 28 18 20 27 32 42 18 14 22 14 
22 25 27 29 16 23 11 28 18 26 39 15 40 25 12 24 20 9 27 25 25 41 26 26 27 31 25 13 11 25 34 31 30 28 24 6 35 24 17 23 18 11 22 38 37 19 26 20 28 18 21 31 17 31 25 25 21 20 32 11 
13 28 24 20 33 38 12 25 24 34 30 19 42 25 14 17 17 21 33 26 36 36 24 22 23 13 22 16 15 38 41 17 20 9 10 8 18 19 10 33 18 12 31 22 41 15 33 15 21 18 9 12 19 33 21 27 19 11 20 22 
17 24 15 22 28 29 15 29 18 26 41 18 22 16 18 10 20 12 30 9 30 24 22 18 42 8 18 19 24 27 29 18 29 25 20 13 44 20 14 30 10 15 26 16 46 17 43 19 26 19 13 20 24 30 21 29 31 36 25 18 
14 18 14 24 30 28 9 45 35 22 36 22 35 24 22 23 7 20 18 24 50 45 15 23 19 22 18 12 20 30 44 37 30 27 21 10 25 22 16 27 17 12 20 41 34 15 30 9 32 19 26 21 29 24 24 34 21 17 27 27 
24 30 19 38 20 20 13 39 34 29 28 12 16 16 19 16 37 11 24 22 30 34 15 15 23 48 26 9 23 24 30 18 36 26 21 17 17 30 16 38 14 16 23 34 25 16 23 23 26 10 18 26 18 29 23 33 20 31 14 18 
13 24 24 26 17 23 24 33 30 22 30 14 37 21 15 17 34 17 19 31 17 29 19 17 28 29 17 25 19 28 40 26 16 26 25 21 27 22 15 40 12 15 22 31 26 7 41 15 36 13 15 26 15 18 24 51 28 30 13 19 
8 10 2 33 34 21 16 31 31 15 22 16 27 30 16 19 31 11 16 24 25 45 26 19 36 20 12 15 19 29 27 24 27 29 14 22 25 23 29 30 12 20 23 31 27 17 27 13 24 18 23 20 30 17 24 38 11 31 17 15 
8 20 26 17 28 28 11 33 15 24 32 17 28 18 15 24 40 17 17 21 31 29 27 20 23 31 27 19 9 24 34 26 29 13 13 13 27 29 9 17 16 13 16 16 36 18 25 18 37 11 23 36 15 37 23 35 27 10 18 29 
13 30 24 28 26 26 19 31 14 16 21 18 20 18 13 23 39 27 27 15 25 29 25 29 31 23 25 18 19 22 29 12 25 24 26 13 21 29 19 18 14 15 12 32 27 13 23 22 27 18 15 16 17 35 25 24 20 21 26 19 
18 24 21 30 29 18 21 19 25 19 25 26 36 29 14 18 12 19 27 34 14 32 45 24 12 25 18 14 26 33 37 22 30 19 16 15 23 20 21 32 20 11 27 27 22 21 29 11 35 23 23 18 24 38 22 38 23 32 12 8 
16 11 18 19 42 25 19 39 29 22 33 23 32 13 16 23 25 13 16 15 21 46 24 23 21 29 20 14 14 24 23 31 20 23 26 23 29 24 22 17 10 19 15 26 35 14 26 18 24 16 16 23 22 36 16 35 32 24 16 18 
17 27 27 26 43 34 13 16 29 20 31 15 27 23 17 20 27 20 17 28 38 43 31 17 20 30 24 9 16 34 31 20 19 31 20 19 21 11 14 48 23 18 8 36 22 14 33 19 36 16 18 19 24 30 33 22 24 27 28 20 
20 21 11 24 33 19 22 30 23 24 24 8 29 27 14 14 30 21 20 23 28 35 26 23 14 2 24 20 24 17 36 29 38 32 24 17 31 7 25 23 18 8 13 44 27 18 35 13 28 15 17 20 18 39 22 35 20 18 15 16 
16 30 14 24 18 24 24 36 30 26 29 23 15 19 16 23 24 24 26 30 36 15 33 25 26 37 24 22 16 20 20 19 17 20 9 20 30 9 19 23 20 13 19 35 26 20 37 14 25 17 20 33 24 31 25 35 19 24 12 15 
16 19 29 25 25 24 18 30 27 16 15 14 18 25 14 10 32 16 21 22 47 23 28 19 21 30 20 14 21 16 30 17 38 29 29 18 15 27 19 11 6 18 16 24 31 21 32 11 39 11 15 24 15 35 21 38 14 8 9 23 
19 29 9 13 11 19 20 31 28 19 25 16 24 33 13 25 34 18 23 21 32 25 18 16 35 29 28 14 26 22 23 30 19 26 20 19 34 20 17 39 16 15 19 28 37 8 22 13 23 15 21 33 17 37 25 23 10 25 22 22 
23 24 27 24 31 26 23 25 26 8 18 15 43 33 15 16 17 18 18 23 24 41 26 16 29 25 26 12 20 17 25 35 24 33 21 26 41 23 29 19 19 14 21 35 44 12 21 19 45 19 10 37 21 38 17 25 9 24 20 22 
10 20 17 18 26 19 19 25 28 19 34 13 38 18 17 12 20 22 10 25 28 29 24 25 30 29 29 13 25 32 34 20 18 24 29 16 21 26 19 27 15 12 17 25 41 17 33 15 8 14 15 17 19 26 19 31 18 27 19 22 
14 30 25 25 26 21 19 32 16 20 18 17 30 22 14 17 19 19 31 20 36 40 23 18 32 25 21 20 20 25 23 37 22 29 19 23 29 19 21 26 19 18 30 29 22 12 28 24 21 14 13 17 15 19 22 32 9 22 14 12 
22 28 28 14 31 17 17 32 26 19 10 21 18 29 13 17 18 15 16 21 18 31 23 20 20 35 25 13 24 22 32 25 16 22 23 7 39 22 17 34 19 19 21 8 20 19 11 15 39 17 28 42 16 32 16 25 17 29 20 19 
16 15 27 14 22 26 12 18 21 25 17 19 38 32 24 8 33 22 22 16 26 36 30 18 29 37 28 10 26 31 24 44 25 34 20 19 28 19 12 36 24 21 27 37 39 17 22 19 28 20 24 20 24 32 25 29 16 18 20 14 
16 14 16 29 21 27 21 30 21 17 23 21 19 18 16 20 17 21 24 7 32 43 26 17 17 30 36 17 22 30 22 24 30 12 22 20 23 28 13 25 21 13 21 28 30 19 21 13 18 23 22 38 19 39 24 21 27 26 14 25 
19 32 25 39 23 27 16 29 28 33 23 26 30 19 7 15 24 18 25 21 28 24 26 18 21 37 13 17 25 28 43 25 17 19 24 28 18 22 13 16 19 13 29 17 48 18 33 18 25 20 28 25 25 27 20 12 28 9 27 18 
14 11 16 28 26 20 24 29 33 24 30 17 21 22 12 16 19 17 36 19 26 25 21 28 30 29 20 20 15 30 25 25 24 25 27 16 24 18 16 24 17 14 24 44 17 12 32 25 26 21 20 31 11 20 24 14 22 16 18 25 
23 25 17 34 22 27 16 43 20 27 35 21 24 24 15 13 32 20 21 29 25 35 21 23 25 33 26 19 19 45 26 29 27 21 26 13 14 26 18 24 27 15 30 24 36 18 43 7 33 18 14 29 25 34 22 27 13 28 21 22 
17 30 24 35 22 32 19 29 27 29 27 19 30 28 12 18 29 10 24 33 42 5 28 23 18 33 23 17 20 27 36 23 27 20 21 22 18 18 14 23 17 18 23 35 23 16 21 13 31 19 13 34 14 33 26 31 22 30 15 23 
19 36 32 34 30 17 17 29 41 22 44 11 37 18 16 19 34 19 11 23 30 15 18 13 18 22 22 11 23 37 29 24 12 36 22 22 22 30 27 12 17 18 21 22 35 15 26 18 27 13 15 23 9 37 26 23 14 39 10 14 
15 17 25 32 31 20 15 32 24 26 10 21 29 29 20 15 18 14 14 28 26 22 33 23 27 34 16 21 25 25 31 36 21 33 16 15 20 26 15 26 6 22 12 43 20 20 39 18 37 15 22 22 15 31 28 32 20 29 19 22 
15 18 27 31 26 18 16 24 28 36 30 15 18 25 19 12 30 30 18 11 28 31 18 17 20 22 30 15 20 44 33 25 22 33 19 16 27 20 16 36 11 10 26 25 36 15 37 10 28 20 11 23 21 33 19 30 12 19 16 20 
10 23 25 19 24 20 12 15 29 28 36 15 26 22 14 14 19 14 22 32 23 23 24 7 28 38 24 20 27 20 26 43 23 21 19 13 30 24 22 26 20 17 25 36 28 15 28 11 33 20 14 25 28 20 28 34 19 22 13 23 
19 25 24 24 37 23 9 28 18 22 31 17 22 21 9 15 32 17 16 15 20 20 29 16 15 29 27 15 6 28 33 15 28 21 8 17 15 14 19 35 14 14 14 20 31 20 28 20 26 15 8 33 28 22 27 28 14 23 9 25 
17 10 20 23 18 27 21 21 23 30 29 19 41 15 7 17 14 22 17 40 39 41 19 22 21 35 26 11 18 16 27 19 31 36 29 11 31 32 20 27 20 10 22 19 34 15 37 12 26 19 23 37 18 33 26 21 21 32 17 9 
12 24 23 15 23 26 23 31 23 22 29 15 19 19 15 14 13 19 22 23 24 53 25 16 32 25 17 10 20 26 38 22 17 20 20 14 30 17 17 32 25 18 21 28 22 9 25 21 16 16 7 22 15 33 10 17 27 17 19 22 
21 30 21 28 31 25 16 25 12 21 29 13 28 27 15 22 20 23 30 41 27 38 22 16 18 29 37 16 16 37 24 22 21 24 13 9 18 25 16 28 12 23 18 22 16 21 28 22 36 14 12 26 28 34 23 25 28 28 8 25 
14 36 14 26 34 19 23 28 29 27 44 16 36 22 16 15 21 11 18 17 26 25 14 14 18 25 19 22 19 25 32 30 31 17 15 25 37 18 31 29 20 14 26 34 30 17 21 16 35 16 18 31 20 24 11 27 18 27 18 18 
18 18 17 33 23 25 22 28 28 32 6 6 27 14 23 14 7 18 22 16 31 22 17 23 20 30 19 17 21 21 25 11 31 19 23 16 14 24 13 30 16 17 27 31 20 20 42 19 30 16 25 22 14 31 19 15 11 33 12 19 
19 18 20 30 24 26 11 26 30 24 29 21 33 20 15 19 33 18 20 17 35 9 26 25 4 28 20 21 28 23 32 18 26 40 33 17 18 27 11 25 24 10 27 18 21 14 25 16 26 22 22 34 26 50 20 9 19 37 15 18 
13 18 30 40 31 18 10 43 21 20 30 12 18 21 13 26 8 15 27 29 25 24 27 13 28 37 22 20 19 23 14 16 9 21 24 18 8 12 18 26 18 11 27 21 29 13 26 13 20 22 16 37 26 30 20 24 20 18 14 23 
20 16 21 12 36 13 16 47 20 18 25 14 33 20 18 22 12 10 23 22 25 37 27 17 23 12 27 20 16 26 20 30 38 31 27 27 30 18 15 47 12 21 27 31 22 7 42 21 16 11 21 38 23 37 28 25 23 34 17 14 
19 26 21 14 33 13 12 19 18 24 39 23 32 22 15 10 26 20 13 16 17 46 28 9 25 32 18 7 17 27 25 35 32 37 25 19 35 12 11 31 20 17 36 16 19 15 25 15 21 16 23 33 17 21 19 43 27 28 15 23 
22 21 26 23 33 12 10 29 39 28 27 23 38 16 22 22 8 14 25 30 30 48 27 26 8 20 22 13 18 31 30 21 29 39 27 10 37 26 27 25 19 11 20 33 27 15 30 17 33 13 19 30 28 40 12 13 21 20 30 14 
18 29 22 23 37 30 15 42 34 16 26 20 33 23 8 19 23 24 16 15 32 28 19 24 20 29 35 20 17 17 38 29 22 21 25 15 35 14 21 22 11 20 21 24 25 13 32 19 19 10 17 21 34 32 19 25 21 28 19 24 
19 27 17 25 33 14 16 16 25 27 24 11 48 23 17 22 16 24 17 22 26 19 29 20 24 32 23 23 15 24 30 20 29 15 14 14 19 33 13 14 31 13 19 28 35 16 37 13 23 12 20 24 36 28 23 11 14 34 19 10 
17 16 30 19 29 24 21 38 15 20 21 19 24 29 17 17 31 10 24 34 42 31 43 16 16 30 28 7 28 30 33 32 25 31 21 10 33 15 16 37 15 9 18 21 33 20 28 10 33 14 15 29 11 19 10 30 20 24 27 15 
18 36 29 36 34 27 9 24 24 15 27 19 10 25 17 21 23 26 24 24 39 28 20 23 40 36 26 23 19 29 32 46 17 35 11 12 32 6 17 21 15 13 32 19 35 22 26 19 32 11 27 15 23 37 27 40 23 11 19 24 
21 22 16 29 32 36 15 30 28 32 31 20 18 25 12 26 20 16 17 33 19 33 22 18 31 44 16 22 29 25 35 45 27 31 23 20 19 19 19 29 16 10 14 19 38 16 22 13 24 14 13 30 23 20 15 29 18 11 13 14 
11 32 26 31 24 30 18 35 36 23 43 22 29 27 8 20 44 9 26 21 37 33 36 26 23 30 22 13 24 22 20 46 30 22 17 25 26 28 15 30 16 16 15 28 24 14 29 20 27 18 24 12 14 19 26 39 15 34 24 29 
18 19 25 25 33 16 14 14 29 17 29 17 33 32 15 17 15 16 12 28 47 28 22 15 28 29 29 24 9 30 48 33 25 39 16 12 25 28 20 24 22 9 20 35 23 19 44 16 20 12 23 17 18 34 28 26 17 31 16 20 
19 26 27 32 19 30 21 25 25 20 15 24 39 22 16 18 33 18 31 32 17 44 37 22 15 34 14 10 19 38 16 27 22 32 21 16 23 14 21 18 15 11 17 35 28 18 25 16 29 22 12 27 6 26 12 32 12 23 12 18 
20 33 19 17 26 23 20 26 19 22 26 22 34 19 12 17 23 26 21 20 26 32 26 16 28 26 35 19 12 26 18 34 17 26 28 20 22 16 18 23 20 25 21 24 28 14 33 13 37 14 16 18 20 40 16 15 11 11 18 18 
17 40 14 22 28 27 14 24 19 17 26 23 47 35 20 19 20 22 25 22 37 34 28 18 29 32 28 17 19 38 28 34 22 22 19 22 28 28 21 30 25 12 23 30 19 11 38 19 22 15 19 32 17 36 11 21 21 16 13 16 
10 26 32 16 36 25 21 32 32 18 33 15 9 19 10 16 21 13 12 15 27 43 30 20 36 23 22 9 24 12 23 15 29 14 26 14 40 22 8 26 23 19 18 28 35 17 18 14 22 18 11 16 18 21 25 34 22 31 16 25 
19 29 20 27 23 24 19 25 28 37 31 24 24 15 14 13 16 10 25 21 20 19 18 22 19 26 13 24 15 24 27 16 19 28 16 21 28 11 23 19 21 15 20 23 37 20 29 13 37 14 13 27 17 29 24 37 19 25 21 22 
9 25 24 34 24 24 15 27 27 30 34 16 25 16 13 10 20 16 27 12 34 43 21 29 16 27 20 13 30 40 23 27 23 25 23 14 5 28 13 33 16 15 29 16 32 16 40 15 33 16 21 28 24 24 22 31 18 34 10 17 
17 22 14 23 22 22 14 34 23 25 29 17 28 12 20 23 26 16 17 21 22 30 15 19 20 45 27 17 25 24 19 17 36 23 20 13 17 19 29 30 12 15 24 22 30 15 27 20 30 13 15 24 19 26 25 15 26 9 15 21 
16 23 17 10 34 16 23 31 31 35 12 21 39 20 26 13 30 13 26 26 34 21 30 18 23 21 16 13 20 21 27 33 25 30 25 20 31 24 19 26 19 13 16 32 16 11 47 18 25 7 22 46 15 26 33 23 17 23 11 16 
12 30 26 27 27 22 17 18 24 21 34 12 40 17 24 20 2 13 11 17 38 13 38 20 34 29 27 14 19 34 24 35 15 29 24 8 31 19 18 26 20 17 29 23 46 11 30 23 19 15 25 25 18 21 20 38 25 27 13 19 
17 31 19 33 30 29 20 30 35 23 33 18 23 24 22 21 18 21 19 17 36 41 40 27 29 24 19 20 20 19 29 30 22 34 11 22 27 12 22 23 24 5 14 33 25 16 35 16 30 11 19 24 19 35 19 35 29 23 12 19 
15 20 20 26 29 19 20 23 20 25 30 17 22 26 18 19 17 23 17 19 38 32 34 19 37 25 23 13 25 11 26 33 23 31 34 13 25 17 26 22 17 17 9 28 38 16 23 18 32 18 6 18 19 16 26 27 21 21 15 21 
17 29 27 29 27 36 16 23 30 15 28 15 36 20 12 15 27 15 32 21 23 32 29 20 17 22 15 18 15 28 18 22 15 35 21 21 13 22 25 20 9 17 32 28 35 20 37 12 15 27 29 46 6 28 16 20 16 21 24 18 
7 28 23 30 22 10 17 26 27 5 33 15 30 25 13 9 32 18 6 21 25 28 23 25 15 21 17 13 16 35 34 13 25 38 19 19 28 23 22 41 12 20 33 34 30 13 31 16 14 12 19 32 16 37 22 33 24 6 22 18 
29 30 30 23 29 16 12 29 22 18 13 13 39 17 14 27 21 15 19 17 33 39 25 17 16 11 21 14 11 29 30 26 18 32 22 8 24 22 21 31 19 18 30 31 34 13 33 23 22 10 16 20 19 16 16 13 17 29 20 18 
21 5 22 15 35 18 20 34 30 24 19 14 17 17 13 9 21 17 22 32 41 28 29 18 27 26 27 21 35 24 32 18 34 30 21 13 20 20 22 34 23 15 10 37 30 19 33 8 30 18 23 23 23 21 17 17 31 19 20 11 
16 26 17 28 30 17 20 29 26 16 18 13 40 16 16 11 21 13 21 22 29 21 20 12 30 29 30 24 10 17 39 37 22 30 24 2 26 22 17 30 17 15 26 32 18 20 28 15 25 15 21 20 32 26 20 42 8 32 14 15 
16 28 17 29 42 24 15 24 34 18 14 20 33 22 22 19 20 19 30 20 37 23 29 16 19 20 16 14 25 17 32 31 21 37 19 15 34 25 21 38 16 18 21 22 17 9 15 17 23 19 16 25 22 24 7 36 15 40 17 13 
17 27 16 23 34 19 17 19 29 27 43 16 32 30 12 15 26 26 14 19 35 22 30 17 13 19 31 19 23 34 29 35 17 24 33 25 17 26 20 12 16 17 18 16 29 14 29 14 37 17 13 24 14 42 16 35 35 18 19 20 
12 30 23 32 14 25 7 23 14 33 32 16 21 21 6 15 14 17 19 28 24 32 18 22 18 32 23 20 25 23 17 27 29 29 20 24 24 27 17 43 8 9 21 29 22 10 30 14 31 11 14 27 20 31 20 35 26 21 15 17 
16 25 20 19 19 26 15 29 26 16 29 21 40 11 19 14 18 14 12 24 34 37 36 16 18 25 35 15 16 31 17 33 21 21 17 19 30 12 20 23 14 15 14 14 36 18 27 10 23 18 14 31 20 23 28 39 18 19 19 23 
21 18 28 27 22 18 22 19 27 24 36 12 34 36 18 20 27 24 16 36 30 27 30 13 23 38 14 16 19 31 31 32 39 18 23 17 20 29 10 18 20 15 20 20 39 15 41 18 45 15 11 26 22 44 26 26 15 22 23 21 
16 9 15 25 29 25 12 23 21 24 28 18 30 24 13 15 18 22 18 23 28 50 22 16 33 37 31 21 8 27 34 31 24 24 28 14 19 27 22 41 28 14 26 44 31 13 25 22 28 21 22 40 18 35 30 32 18 32 17 21 
10 27 18 28 20 27 13 39 18 22 28 18 43 22 20 12 29 11 26 29 17 34 30 22 17 25 19 16 12 27 31 20 33 34 27 21 14 27 16 21 22 22 19 43 31 11 30 17 27 15 21 26 27 34 18 33 32 23 15 14 
10 15 14 21 30 25 12 22 27 14 39 24 25 32 17 17 13 15 22 21 34 36 25 24 35 28 18 20 17 16 22 29 25 44 21 8 25 24 15 34 12 13 27 18 31 14 30 13 19 14 15 26 12 28 32 22 20 29 18 23 
17 13 26 24 33 27 29 26 13 34 27 17 25 23 17 19 23 20 19 17 16 25 21 22 37 37 22 15 20 23 17 38 22 38 21 14 22 13 18 16 15 11 13 16 30 14 38 10 23 25 21 23 19 39 18 26 34 39 4 23 
18 29 21 41 24 13 9 31 31 9 33 19 47 24 14 32 17 23 12 24 43 21 17 21 25 32 27 16 6 21 40 34 28 29 19 8 27 28 24 38 15 11 21 30 32 13 25 9 20 10 19 18 21 37 19 35 12 33 6 19 
17 38 26 36 25 23 15 25 19 24 34 17 28 11 16 16 21 25 24 20 28 18 24 18 21 40 30 17 11 37 30 8 24 18 29 14 34 20 15 31 10 17 16 26 14 17 26 13 21 8 18 26 23 21 22 24 28 30 15 21 
13 27 34 11 40 28 18 39 26 26 36 22 34 15 11 20 21 10 30 16 8 40 25 8 25 40 24 19 9 25 28 15 24 26 21 14 32 28 17 30 12 13 24 32 25 19 37 13 23 15 19 29 21 37 24 36 16 22 12 16 
16 31 20 28 22 34 12 23 20 29 43 16 38 20 13 16 24 16 13 29 25 36 25 16 30 25 19 6 22 29 19 28 11 28 12 13 26 30 23 24 24 13 23 29 31 13 27 13 17 14 13 20 7 17 27 34 27 22 5 15 
16 16 21 14 28 22 14 21 36 24 36 17 34 22 14 23 25 7 21 28 52 19 28 22 21 24 23 20 15 39 37 23 34 19 17 19 21 27 15 23 13 10 27 21 33 21 19 21 15 19 21 35 20 20 20 36 20 16 11 19 
18 17 12 13 25 24 17 19 28 30 21 18 28 23 12 22 21 11 19 20 25 31 28 12 18 19 20 20 18 25 28 18 37 25 27 4 26 24 11 30 19 12 9 29 31 14 34 13 25 22 24 24 17 37 16 25 25 33 18 17 
11 11 28 20 22 31 17 27 34 25 22 15 31 25 16 13 20 16 11 35 40 25 13 20 21 22 28 23 3 23 34 23 20 6 29 12 34 29 24 12 17 17 28 37 28 13 24 15 33 17 20 24 20 25 21 17 18 20 19 17 
14 16 13 37 25 20 14 28 26 17 28 8 23 22 13 24 24 16 28 19 30 31 26 13 15 31 22 13 17 34 33 20 16 26 31 21 26 26 31 16 28 17 14 33 23 14 28 21 32 22 16 32 20 42 26 41 19 35 26 14 
12 29 25 18 27 37 21 32 15 25 40 14 30 24 19 20 26 21 19 20 45 30 21 16 27 23 41 17 23 37 36 24 20 20 30 21 17 20 22 44 16 15 19 33 16 18 32 15 28 13 19 47 25 28 16 32 29 23 19 13 
8 20 17 30 36 18 18 27 27 36 20 10 23 21 19 18 26 9 21 16 39 45 21 23 20 28 22 24 16 24 28 27 23 40 26 18 32 18 13 36 7 10 27 20 38 18 24 24 14 17 16 27 14 26 29 45 14 26 17 15 
17 24 16 28 20 18 24 22 44 18 32 19 46 13 12 12 15 15 22 28 38 24 18 16 21 19 15 20 23 26 32 36 17 29 12 19 19 16 19 27 16 12 15 21 13 11 22 18 16 17 26 19 26 23 22 20 15 27 16 20 
16 23 37 23 35 29 13 32 27 23 41 19 21 24 14 15 18 23 18 31 28 18 27 12 26 30 23 22 10 20 32 35 28 49 19 18 20 26 16 24 18 12 22 28 29 12 31 22 24 19 19 27 17 41 18 21 18 22 12 18 
19 23 24 31 17 20 16 26 31 27 35 10 36 32 16 28 12 12 23 19 29 40 19 16 21 40 19 23 13 26 33 40 19 31 19 28 29 20 9 29 24 15 19 27 36 14 35 20 17 21 17 31 25 41 21 9 22 23 15 19 
15 25 30 41 30 19 17 33 22 15 28 23 30 15 17 27 25 23 30 22 30 31 28 16 31 39 15 8 23 21 38 42 18 29 33 12 9 35 9 43 12 11 28 24 34 20 29 17 29 21 17 39 24 29 19 37 32 26 16 24 
13 30 16 21 27 25 19 32 38 21 37 14 43 19 17 25 16 19 5 23 23 25 27 11 30 41 8 10 30 14 22 30 19 35 29 22 33 23 26 36 11 20 22 18 24 8 24 23 30 15 22 23 20 16 22 36 17 24 26 3 
16 27 21 35 38 19 26 30 29 20 41 19 19 23 18 7 38 21 18 31 40 35 27 23 23 33 19 20 27 24 4 42 26 36 24 20 31 20 19 19 20 15 19 25 30 23 22 17 15 11 20 22 27 23 30 23 19 37 22 24 
13 29 23 22 27 30 17 23 37 33 43 13 23 18 18 19 16 18 25 36 37 33 33 14 25 38 26 19 31 26 27 17 17 42 23 17 14 24 29 24 18 18 18 21 30 18 35 16 24 19 23 26 20 22 31 32 21 9 17 26 
17 33 20 28 32 31 24 37 19 22 43 12 35 23 19 15 27 14 9 23 36 39 24 18 19 16 21 17 17 22 34 30 31 26 20 13 36 18 18 31 12 8 24 38 23 14 21 15 31 17 19 27 18 15 11 30 23 19 12 20 
11 26 32 17 28 23 13 32 25 24 26 14 37 26 19 18 21 26 22 30 30 24 25 20 21 26 17 19 23 32 33 32 9 42 19 28 16 9 10 40 16 13 23 34 37 14 42 18 27 15 26 33 22 37 22 17 33 18 22 14 
18 17 22 24 31 31 12 34 34 26 34 16 33 24 9 23 28 17 22 24 28 21 26 8 21 22 34 20 19 13 27 30 20 32 14 14 27 19 20 33 13 14 20 27 21 18 27 18 33 11 20 25 31 31 23 49 12 28 20 10 
23 33 24 18 27 29 12 16 38 29 42 13 19 15 22 10 23 19 7 23 25 20 15 14 12 36 27 21 20 32 32 16 39 22 20 11 23 22 20 26 18 14 20 29 29 15 26 16 20 10 20 44 16 17 19 37 22 14 21 19 
21 18 27 23 13 32 16 26 24 17 27 13 30 27 14 17 40 19 16 27 18 48 13 24 30 10 16 16 21 26 19 19 25 32 23 14 28 20 18 24 17 16 16 22 14 16 42 17 31 19 21 21 14 40 28 33 13 25 16 10 
21 39 34 25 26 21 14 34 20 11 19 11 25 31 18 22 34 17 21 22 30 22 22 17 15 21 23 16 26 31 29 30 21 31 20 16 27 12 10 37 8 16 27 36 29 17 32 7 8 17 9 27 21 45 19 33 15 25 14 23 
15 32 29 19 37 30 10 32 21 27 46 17 26 24 20 17 32 13 29 20 30 32 25 19 34 24 18 19 15 23 29 25 20 18 13 12 28 17 16 37 16 14 33 28 32 12 23 16 24 17 26 18 28 22 20 24 27 22 21 13 
16 35 24 31 21 19 11 39 26 33 37 22 22 22 9 21 11 19 19 31 26 34 25 24 24 22 21 17 17 21 25 26 21 35 25 13 34 24 8 31 13 9 16 33 34 9 19 12 31 22 21 31 24 14 16 39 24 45 9 23 
20 34 22 31 35 21 28 32 20 24 29 15 47 15 18 24 30 18 30 23 34 33 39 10 18 32 20 23 23 15 17 30 25 34 29 20 16 26 8 25 10 15 28 26 37 18 43 10 39 13 15 43 21 25 18 27 19 26 27 14 
14 25 30 17 38 18 16 29 28 29 23 15 12 25 13 20 28 22 18 24 28 7 39 19 15 21 14 6 28 30 42 31 29 28 18 6 18 22 19 31 17 15 11 37 20 10 32 16 24 15 20 29 10 36 21 41 25 21 26 21 
22 17 27 28 16 30 17 34 19 22 22 16 33 30 10 21 26 19 13 22 27 24 29 13 26 29 14 11 25 22 17 19 17 33 13 18 11 8 15 39 18 10 21 32 28 16 34 19 33 20 21 41 16 42 28 28 22 17 19 19 
19 19 24 20 29 21 19 32 18 28 19 20 31 17 13 14 15 20 20 20 37 39 25 28 23 8 13 15 14 17 31 20 32 22 19 13 33 13 23 26 21 14 8 7 21 13 26 12 35 19 18 30 19 30 18 28 26 25 6 18 
15 24 22 24 23 22 22 17 38 17 47 11 36 19 16 18 20 22 18 20 21 19 26 22 35 35 21 19 11 24 34 35 26 30 13 22 17 21 21 32 12 19 20 20 25 8 43 13 38 12 26 40 19 12 20 44 28 25 19 12 
16 22 26 25 28 30 10 18 29 17 35 21 29 34 16 19 26 17 20 26 36 22 27 17 30 26 21 16 21 32 35 29 23 25 30 20 20 25 20 36 15 15 25 20 40 16 37 17 25 12 17 30 11 24 30 33 35 19 14 18 
16 16 22 27 23 26 21 4 29 19 30 26 24 17 17 24 22 26 14 25 36 32 31 14 15 23 33 24 22 30 23 41 23 31 18 22 26 25 18 36 20 15 26 31 18 19 34 14 29 13 19 25 15 20 20 38 20 12 15 18 
14 30 21 29 31 17 13 23 36 21 19 22 37 9 15 16 32 18 10 6 32 26 16 25 34 38 22 5 13 27 28 33 28 7 26 8 34 17 12 34 19 9 23 15 17 16 17 10 24 14 17 31 24 33 13 22 10 25 25 19 
13 22 15 37 33 32 23 33 33 23 30 25 29 18 16 12 18 13 21 26 31 40 33 5 29 32 28 18 16 20 30 24 13 31 18 21 20 25 16 37 12 24 30 33 26 18 34 20 28 18 14 18 17 36 20 37 20 24 18 17 
18 32 20 31 35 27 29 30 34 25 27 11 40 29 19 17 25 20 17 33 27 32 17 15 29 17 24 20 13 33 39 13 20 35 18 20 19 21 12 39 7 18 24 32 18 12 29 14 20 16 18 32 19 34 25 33 27 21 25 21 
20 26 16 19 34 24 28 33 25 18 21 14 28 22 15 14 32 9 25 21 39 30 26 24 36 25 14 19 19 23 24 39 23 18 26 19 23 25 7 41 15 8 30 36 23 11 43 13 27 15 15 24 30 21 28 23 24 18 17 13 
22 29 26 33 23 20 9 19 16 19 31 9 43 23 17 17 13 16 14 19 40 37 18 16 29 35 21 15 17 22 30 28 26 33 22 10 29 21 12 26 18 19 20 45 38 17 29 20 28 14 14 39 24 31 17 38 19 26 13 16 
20 32 20 25 32 37 14 36 33 27 29 9 35 26 19 25 36 15 14 26 27 39 13 14 32 27 27 15 27 20 11 26 21 27 23 15 13 28 16 23 15 19 22 33 29 21 25 19 32 9 17 28 15 16 18 42 31 28 17 14 
9 41 20 32 44 25 24 31 36 22 37 16 30 18 21 19 19 17 24 17 22 46 30 19 32 32 28 19 18 27 28 22 28 29 17 14 19 22 24 28 12 12 24 20 31 14 36 20 22 13 15 37 18 20 28 20 21 27 15 15 
20 29 27 21 37 17 11 27 38 29 42 29 32 19 21 18 23 10 20 11 35 28 31 14 21 19 13 25 27 25 16 22 30 28 12 18 41 33 19 27 26 11 21 25 33 19 30 20 30 15 6 19 21 28 20 22 30 25 23 21 
15 25 17 35 19 30 16 39 34 25 17 23 29 26 19 15 30 15 19 29 24 51 24 21 23 17 33 7 22 22 21 41 27 29 28 23 28 18 21 16 21 17 13 24 28 7 39 14 35 19 17 29 20 31 25 38 23 27 22 20 
13 28 20 8 24 24 10 32 27 24 34 18 14 25 19 19 33 24 16 25 32 26 34 16 28 36 28 19 16 26 30 39 20 33 21 23 31 22 17 45 21 18 20 17 22 16 12 14 11 13 16 30 32 20 11 29 12 22 26 22 
19 17 29 25 27 23 19 26 33 27 32 13 47 30 17 13 20 25 20 26 34 18 18 18 26 27 21 12 17 26 40 23 18 35 21 15 22 16 13 27 18 7 24 20 24 15 30 19 37 16 29 23 24 26 23 33 22 37 20 21 
20 28 10 15 35 18 13 40 27 20 22 13 23 16 14 20 30 15 16 23 38 30 28 15 25 30 20 19 20 15 28 22 17 28 21 11 21 32 16 34 28 11 15 25 32 11 33 14 35 20 8 37 15 31 30 58 18 21 23 16 
11 34 14 22 25 15 20 36 38 28 7 14 29 29 21 11 24 18 26 17 21 34 29 22 25 27 22 24 27 36 30 38 26 31 23 20 23 29 24 23 13 20 24 26 38 24 27 11 22 15 27 17 13 39 29 25 18 26 20 31 
21 21 20 29 30 36 22 46 31 16 25 15 22 33 19 22 10 22 14 19 33 32 21 12 24 16 22 5 22 28 16 26 27 30 21 16 26 23 22 28 16 13 21 32 31 14 29 12 34 15 14 31 13 33 30 42 19 24 24 19 
11 14 24 26 42 18 15 21 30 32 34 18 9 25 12 23 26 16 13 31 40 39 37 18 15 25 17 9 31 31 25 18 24 19 21 25 31 17 13 28 15 16 18 29 36 17 36 15 33 17 24 41 15 40 12 49 35 26 19 13 
12 29 19 32 39 21 9 21 20 23 21 10 35 22 15 31 21 6 29 25 10 21 25 17 34 30 27 20 22 34 26 35 30 35 14 22 17 30 17 38 24 15 22 26 30 14 29 18 26 19 17 37 18 25 19 41 15 23 21 16 
20 6 14 24 27 25 19 28 30 26 27 14 15 12 20 25 21 9 24 29 19 29 25 12 22 25 28 8 22 37 34 32 16 39 18 25 11 12 32 32 15 14 28 40 37 21 31 11 31 16 19 31 22 26 21 30 21 13 14 21 
17 28 20 25 39 34 13 48 35 20 34 20 26 17 15 10 23 17 26 31 16 20 33 21 18 23 22 16 27 20 21 35 34 24 29 11 36 21 12 24 8 14 24 37 49 22 33 9 23 15 12 37 21 11 27 37 13 26 13 22 
11 21 6 20 37 33 26 26 31 29 34 19 25 37 18 10 24 21 20 12 32 27 21 19 15 19 15 10 18 29 21 23 28 33 31 13 33 18 17 18 21 16 19 30 32 14 32 9 33 17 22 49 12 25 13 28 28 20 17 16 
16 32 29 28 26 19 9 23 27 31 20 15 16 17 13 15 38 23 13 30 29 29 30 3 31 29 21 14 16 25 37 36 32 30 26 16 20 17 17 26 18 14 20 46 23 21 23 13 24 11 24 27 26 11 22 24 29 11 12 18 
8 31 21 24 23 30 13 30 37 22 28 16 27 29 10 16 23 22 23 17 21 42 23 18 13 10 18 8 18 25 30 35 24 30 29 21 23 20 12 33 15 15 29 19 34 16 29 20 23 19 13 19 29 18 16 29 16 24 18 15 
12 30 18 38 39 36 15 29 25 17 26 12 25 22 14 15 21 21 32 26 38 24 27 21 22 42 14 20 10 26 14 28 27 26 29 8 23 28 16 33 15 11 21 13 24 18 32 14 38 14 15 23 29 23 22 31 20 27 15 26 
17 23 25 24 22 23 17 24 25 23 28 18 22 13 17 19 33 27 14 26 25 31 26 18 18 29 18 17 19 29 40 13 8 24 23 19 38 25 15 19 13 20 18 32 36 15 32 16 30 12 14 28 33 30 22 21 28 26 13 10 
17 28 20 3 27 22 17 22 31 24 21 19 21 19 11 11 35 15 25 35 24 31 25 27 21 31 29 12 17 19 28 35 28 22 27 13 34 26 13 30 19 10 16 28 38 12 42 17 22 16 21 30 19 26 29 24 19 13 25 19 
14 14 26 26 33 23 17 35 30 19 31 10 27 18 12 18 28 12 21 25 28 34 19 22 10 31 26 16 26 25 23 30 30 36 20 14 21 14 13 21 18 21 22 38 36 18 45 13 34 24 20 30 21 29 30 42 26 25 19 10 
25 32 20 20 35 26 8 30 25 11 20 8 25 24 13 22 30 20 10 26 37 31 35 7 28 31 17 25 19 30 24 21 23 28 24 24 20 9 16 10 22 15 18 35 28 20 28 11 26 25 13 22 9 31 16 45 16 30 12 26 
14 22 25 22 36 24 18 33 22 21 45 9 14 19 17 28 24 21 18 9 23 24 17 14 27 25 15 23 11 35 30 28 17 27 17 14 27 23 11 25 12 21 17 44 22 18 18 23 32 9 12 33 18 20 11 48 19 15 15 13 
14 36 37 21 19 12 22 22 35 25 19 21 32 21 21 19 20 28 27 27 29 32 26 15 23 33 28 13 29 16 28 36 23 35 22 16 14 22 13 21 24 17 26 30 18 17 24 8 32 12 18 28 18 45 17 26 17 28 15 14 
26 17 28 31 24 15 18 33 32 21 39 15 14 24 10 13 15 18 25 18 30 34 28 13 23 17 16 13 11 33 38 31 25 28 24 9 27 21 13 38 16 13 15 20 37 16 35 22 28 16 17 36 21 26 20 32 13 24 12 12 
12 34 21 17 31 37 18 25 19 16 38 4 14 23 19 17 22 25 17 20 34 17 28 20 14 37 36 26 21 33 31 20 28 16 25 18 26 26 6 30 20 19 20 26 27 18 21 12 23 19 12 43 18 26 10 32 25 29 21 18 
23 27 29 18 30 19 18 40 20 21 20 17 47 18 17 30 25 26 18 27 28 17 25 21 26 13 8 18 19 13 27 30 31 21 28 17 17 24 13 33 16 19 9 37 12 26 28 19 29 18 27 27 17 34 10 35 18 18 14 10 
15 21 18 33 25 21 8 22 19 12 28 7 36 31 13 20 15 11 23 24 17 22 20 10 28 29 22 14 23 28 29 46 26 19 23 17 30 32 13 22 23 17 26 42 38 14 31 12 27 25 18 28 26 23 23 32 18 26 18 25 
22 8 17 31 29 22 19 31 27 22 27 20 38 28 16 22 28 21 26 22 20 35 36 17 23 31 18 20 19 30 17 35 34 14 21 17 22 19 15 21 10 14 28 30 12 16 36 11 21 14 10 46 15 30 16 31 19 30 23 17 
14 28 9 26 32 18 19 31 27 19 41 12 5 33 17 19 20 14 23 19 12 31 19 14 26 20 11 15 25 26 29 23 26 17 17 14 38 20 19 34 18 14 29 19 28 7 21 15 23 19 13 22 23 31 23 37 22 10 12 12 
14 42 22 22 25 31 10 28 26 22 28 22 29 23 21 18 24 14 31 25 44 31 34 19 32 30 11 25 20 29 24 26 26 24 28 15 16 17 20 32 17 14 31 26 31 23 37 18 33 19 25 22 13 40 25 39 24 26 21 13 
16 21 16 32 22 35 18 24 32 25 39 15 40 18 17 15 17 4 21 26 25 26 17 22 27 33 28 19 28 37 24 6 28 29 13 22 11 19 18 17 17 17 27 17 21 11 27 14 20 13 21 19 21 17 19 18 22 22 17 20 
24 36 21 31 23 22 24 18 24 29 21 14 47 21 13 19 26 11 14 17 40 33 21 15 23 5 16 21 18 18 22 24 20 19 22 16 23 14 15 31 12 20 14 14 10 12 31 23 32 20 19 31 20 27 25 33 20 26 15 13 
15 35 25 27 30 16 23 30 34 28 37 23 25 9 19 18 19 24 24 18 43 37 17 29 19 31 20 23 20 11 18 24 18 29 5 14 5 14 13 14 18 12 15 30 25 13 24 18 36 17 6 30 25 29 15 25 24 28 22 16 
18 25 26 16 32 18 9 20 40 23 31 24 29 34 15 8 12 18 10 22 32 36 28 23 19 41 31 17 9 35 36 41 26 24 16 21 21 33 13 27 18 17 1 21 34 16 20 11 13 19 19 40 17 23 14 44 8 30 28 13 
16 15 13 35 26 31 29 26 35 18 38 12 19 19 18 13 30 19 19 19 35 20 24 13 15 39 22 15 19 30 28 39 33 17 21 19 29 19 17 34 15 22 23 22 33 18 30 13 28 13 22 32 25 32 20 29 14 18 14 26 
17 19 23 21 27 31 19 35 42 21 27 21 34 41 17 23 23 25 22 17 21 41 25 17 25 27 12 18 14 28 37 31 18 38 21 11 15 20 22 25 11 24 25 24 26 19 27 15 26 18 18 26 19 34 18 27 18 22 10 17 
19 16 18 15 38 11 12 25 35 35 25 21 25 24 15 17 20 22 25 29 37 27 22 26 13 15 16 15 23 17 29 23 26 24 16 13 33 32 22 36 24 20 31 10 25 21 19 16 30 10 24 17 25 21 23 25 14 23 19 17 
20 34 12 25 40 22 15 34 38 17 16 17 35 24 13 17 30 15 23 26 19 34 32 22 27 26 37 18 18 30 24 20 25 22 26 23 30 31 15 16 19 13 14 33 30 11 28 21 28 20 20 18 28 30 19 21 24 14 26 15 
9 16 22 31 25 30 23 24 23 19 35 14 22 25 15 19 20 12 9 20 34 41 17 26 19 27 19 15 23 36 33 35 22 27 29 21 21 21 13 19 21 14 11 31 31 17 32 15 21 15 9 16 16 13 9 26 19 30 18 24 
11 18 21 36 43 23 19 29 29 24 27 21 35 25 19 14 22 23 19 39 27 35 16 21 24 23 31 13 16 20 49 27 28 33 24 11 22 16 18 25 10 15 25 28 23 11 31 16 30 20 23 11 24 23 11 28 18 13 15 11 
19 25 23 38 25 31 14 38 19 20 33 17 28 26 15 18 28 12 10 19 39 22 33 20 24 27 25 12 28 21 22 24 27 35 18 9 24 18 20 17 19 17 21 27 34 10 37 9 29 21 11 30 20 23 20 10 14 36 8 22 
10 39 21 19 32 19 30 24 41 24 45 15 9 22 13 15 18 23 20 19 45 21 30 20 21 33 13 13 26 37 21 41 31 25 9 9 21 31 20 27 27 15 20 30 32 21 23 22 33 11 14 22 14 16 33 30 14 24 12 14 
12 31 23 23 19 31 4 47 18 21 41 10 28 16 22 21 24 20 15 21 30 30 28 18 18 28 34 13 15 29 14 45 14 42 26 24 34 21 17 20 22 20 11 50 32 20 22 15 17 15 16 19 15 32 18 42 25 32 12 24 
15 32 26 25 26 25 4 41 17 30 21 22 49 28 14 22 20 11 17 24 34 47 35 21 18 42 26 16 18 25 24 32 20 35 22 10 22 25 18 32 14 12 22 24 25 18 42 22 25 15 17 8 31 21 18 28 20 18 9 20 
18 17 24 21 22 32 22 39 8 24 21 10 19 27 13 17 37 18 30 34 29 23 36 19 22 19 29 23 18 20 29 31 28 27 24 18 26 14 13 32 11 12 10 28 35 14 44 14 25 15 13 18 18 7 11 29 15 20 7 18 
20 29 19 22 27 24 13 36 39 32 37 15 11 12 17 13 26 24 17 33 37 34 6 22 15 28 10 18 24 24 27 30 24 17 26 15 22 23 18 30 21 18 18 25 15 16 35 19 33 20 9 33 21 41 8 24 22 10 11 22 
13 29 18 31 34 17 12 27 15 23 26 21 25 20 12 13 28 13 22 32 36 33 18 25 25 34 22 13 23 26 32 23 17 34 23 22 19 19 18 42 14 8 18 23 25 16 37 20 35 8 23 27 11 29 21 40 11 11 23 18 
17 17 30 23 42 27 5 32 27 21 24 17 34 26 18 15 19 17 24 35 26 16 21 9 23 27 22 20 22 25 40 24 27 35 26 19 28 32 18 27 24 20 21 41 36 15 28 8 29 13 18 27 13 23 23 42 27 21 19 21 
17 19 29 41 19 17 18 20 18 24 24 13 24 26 17 18 28 8 18 38 33 28 23 13 31 28 24 15 22 29 31 25 23 25 22 23 27 14 14 25 22 15 27 10 36 18 19 17 32 21 21 35 12 23 16 15 24 27 18 20 
16 29 17 22 32 23 19 19 18 17 3 24 2 24 16 16 28 21 32 29 29 43 25 18 31 19 12 29 18 23 30 39 29 17 27 19 20 22 16 45 12 14 15 32 30 18 22 24 28 18 21 20 16 33 33 32 30 28 13 19 
8 29 24 12 17 26 12 34 33 18 28 13 32 15 9 23 33 18 20 21 24 35 29 22 29 33 19 8 22 33 23 34 37 27 31 16 35 39 19 26 16 16 24 16 22 16 38 20 16 23 8 31 26 35 27 24 25 15 13 17 
22 15 25 24 39 22 30 24 34 29 21 11 38 19 21 11 34 18 20 24 29 30 27 23 30 30 27 11 21 16 20 26 18 18 15 23 16 26 14 32 7 8 16 18 33 17 26 12 22 15 14 21 18 45 20 31 26 25 11 24 
14 26 24 28 36 24 12 30 32 27 36 20 32 21 19 18 21 29 17 33 37 19 18 16 29 38 23 7 21 32 32 22 30 24 30 26 28 25 19 25 19 26 19 35 5 18 17 9 33 10 16 41 30 26 12 27 22 31 13 16 
15 25 20 32 23 22 21 29 34 24 32 28 38 22 15 12 20 23 15 22 31 26 29 11 18 37 30 16 20 6 23 41 28 19 26 21 23 32 25 29 21 9 23 28 20 14 38 22 33 16 26 42 16 33 12 25 24 22 15 22 
9 14 18 39 29 30 19 20 34 27 32 14 32 29 14 15 19 24 15 26 26 49 36 6 18 17 17 7 19 32 12 5 26 38 25 14 27 21 18 31 18 19 11 46 35 22 19 22 24 14 14 22 18 28 30 35 13 9 16 13 
13 17 35 36 24 29 19 43 30 22 22 12 31 26 14 15 16 17 24 19 16 33 26 15 22 3 15 20 20 37 24 40 27 30 27 15 34 27 11 23 24 16 19 26 32 14 29 13 36 13 20 20 15 16 22 22 24 19 21 24 
18 20 19 20 28 16 10 23 26 16 32 26 16 23 16 17 24 23 15 12 35 22 41 22 24 25 24 13 20 27 30 23 25 37 25 19 19 14 18 30 16 14 15 6 17 18 25 21 28 13 15 15 23 36 8 39 29 28 16 15 
11 28 16 17 45 30 17 16 24 26 34 16 32 22 18 20 34 19 21 25 40 42 33 23 16 21 18 32 18 16 38 19 31 12 23 19 25 24 21 30 19 16 15 39 25 25 15 13 26 16 20 44 10 32 20 39 21 33 15 25 
16 21 23 22 37 21 13 41 33 30 18 26 40 22 14 22 22 13 14 29 30 32 30 23 26 21 12 19 27 25 30 23 24 20 12 10 24 21 15 29 15 16 11 32 25 21 39 15 37 14 14 30 18 40 23 42 17 30 16 21 
23 28 20 17 25 17 18 47 25 23 45 20 22 12 21 19 36 14 29 37 22 27 22 17 29 41 29 14 24 31 26 23 27 21 17 23 25 19 19 34 8 18 20 30 32 10 34 12 30 11 19 30 22 30 26 28 22 42 21 9 
11 23 25 23 22 24 23 32 36 23 34 15 30 21 18 20 26 13 21 26 29 16 21 23 16 29 18 17 19 23 32 36 3 18 18 17 34 18 13 27 15 14 28 33 27 15 38 18 20 21 18 37 32 39 26 14 23 25 18 23 
19 17 25 20 46 31 13 36 30 17 28 11 46 14 13 22 30 15 14 19 46 33 26 24 23 48 19 28 34 30 34 37 25 35 20 13 13 17 13 19 14 17 27 36 27 17 32 17 29 21 20 37 20 35 17 41 17 26 8 17 
17 32 24 23 26 33 17 23 28 17 20 15 20 24 12 17 35 15 27 28 34 34 22 16 39 20 35 22 19 41 27 25 20 27 18 14 31 21 8 27 14 17 15 20 23 18 29 14 21 13 20 22 21 29 39 36 17 21 20 5 
19 14 27 23 32 23 7 26 26 36 26 21 22 17 17 17 28 19 20 25 34 44 34 9 19 24 21 23 14 27 28 30 15 32 27 15 20 31 19 23 16 12 20 26 34 15 23 17 22 18 24 25 17 28 24 29 19 21 20 31 
20 17 24 22 28 37 6 41 27 31 31 11 26 29 16 11 19 19 19 21 42 22 27 16 30 38 26 17 20 16 33 40 40 33 24 16 34 36 18 18 17 13 19 33 27 14 7 22 26 15 25 32 31 31 15 23 19 29 16 15 
10 33 15 5 26 34 15 29 23 21 42 24 15 20 18 12 19 21 22 4 28 37 17 14 36 31 19 21 25 8 34 34 31 30 23 15 31 16 20 25 18 8 20 25 20 18 20 14 40 20 26 21 24 40 15 25 17 18 12 21 
16 24 29 16 30 31 12 32 20 48 24 21 37 19 17 20 26 17 11 26 16 37 35 13 18 36 18 18 19 23 25 27 27 30 36 28 41 22 20 44 16 12 23 26 12 22 32 15 17 20 9 26 20 13 15 26 25 19 20 11 
21 32 23 14 36 14 27 26 21 26 43 12 15 11 23 15 17 19 16 23 30 25 24 15 20 45 34 17 25 25 27 30 29 35 24 14 31 27 15 33 17 14 17 22 27 11 32 14 38 15 13 34 20 31 18 14 17 28 10 21 
21 21 15 19 33 28 26 19 26 20 35 13 35 23 23 24 34 26 22 28 31 23 24 17 22 28 23 22 25 26 29 32 31 38 23 21 18 24 10 25 20 19 24 42 23 15 31 18 33 14 18 15 20 25 13 18 24 28 21 19 
15 12 20 15 23 34 13 11 30 20 27 21 31 27 14 16 20 27 14 26 32 31 22 8 36 19 30 19 28 45 36 21 25 21 34 18 21 25 25 26 21 17 14 35 25 14 37 24 34 8 17 8 23 22 23 46 23 24 22 15 
18 22 28 26 27 41 16 15 32 21 28 10 35 24 14 20 24 12 19 17 33 6 33 16 28 22 30 20 20 27 24 24 23 27 29 23 21 18 25 33 13 21 22 24 29 21 20 12 23 13 22 28 13 26 32 27 23 22 25 13 
17 28 22 33 35 31 21 20 24 27 37 18 16 23 17 28 19 14 14 28 22 23 25 3 16 23 21 18 21 31 41 27 23 32 17 20 19 14 25 27 28 10 17 45 39 17 24 18 27 16 10 29 20 32 22 30 20 38 8 21 
13 33 28 29 25 27 12 26 17 31 24 24 37 26 13 21 14 14 14 30 24 17 19 7 31 21 22 19 28 35 23 37 26 15 29 15 18 24 13 19 9 16 21 29 5 22 24 20 32 15 15 46 17 26 22 22 23 35 13 18 
13 21 23 36 39 46 5 18 14 31 17 16 11 25 11 15 17 19 20 35 14 41 32 18 31 26 23 14 26 34 26 8 33 30 20 11 13 20 20 40 16 15 16 29 28 8 20 18 28 11 23 27 27 28 17 15 20 19 17 18 
6 40 15 29 31 25 13 22 28 26 40 22 29 26 15 15 16 16 24 25 55 22 26 20 25 33 18 22 21 25 35 28 23 29 16 29 26 28 19 36 31 13 8 23 29 18 31 15 24 17 26 15 19 24 22 36 25 29 2 8 
18 32 18 32 34 31 13 27 15 20 20 12 40 18 15 19 29 24 9 20 22 38 29 17 17 40 27 10 17 35 25 17 16 29 12 8 15 9 17 40 13 22 18 35 24 17 36 15 25 20 19 24 22 33 15 36 13 13 19 18 
16 21 17 28 44 33 7 38 34 33 7 12 55 22 20 17 23 26 21 32 27 20 14 19 12 25 24 14 30 29 35 36 19 30 15 10 43 24 24 35 19 10 20 35 45 10 39 17 37 18 26 23 16 26 19 13 27 16 22 30 
13 19 18 24 38 7 18 15 22 31 27 20 20 20 15 23 24 15 11 24 22 10 28 21 21 22 22 19 20 26 25 33 10 27 29 18 26 25 22 38 16 14 23 23 43 11 41 17 23 17 26 25 30 14 21 38 9 21 19 21 
16 19 26 28 30 30 13 31 15 30 28 20 35 24 22 11 22 18 21 15 33 18 30 25 32 35 31 11 21 35 26 32 34 28 31 14 13 21 17 28 17 14 19 30 27 8 24 20 33 18 12 26 19 45 25 41 28 21 16 15 
14 38 27 16 16 35 16 40 31 11 26 11 17 23 9 21 16 18 19 23 17 36 21 20 24 26 25 19 14 36 39 30 33 48 10 10 29 26 29 22 20 19 13 35 43 14 23 13 19 14 16 16 16 27 20 42 14 35 9 20 
14 28 20 28 18 31 18 18 35 19 41 13 46 26 23 18 34 15 18 28 21 24 11 14 30 22 14 10 11 25 14 30 17 28 27 13 31 30 7 33 24 12 23 41 35 20 28 15 21 20 15 23 11 28 33 22 21 21 23 22 
20 24 22 22 30 17 18 15 22 23 31 17 23 23 16 11 27 17 14 28 45 17 35 15 16 23 23 15 30 29 24 21 22 38 19 16 13 15 20 20 20 18 15 30 34 15 35 9 32 14 14 33 17 47 12 20 20 31 15 17 
13 29 22 32 31 27 18 45 19 26 35 16 21 18 14 13 21 13 17 30 29 38 23 15 17 28 23 14 9 21 26 24 29 24 27 10 26 13 24 49 17 8 16 26 32 10 26 23 14 14 20 48 22 27 25 28 8 18 16 21 
20 24 18 25 22 20 13 28 32 22 27 21 36 13 21 22 24 16 20 29 33 33 31 23 21 43 29 12 26 10 39 34 35 17 28 23 31 31 19 28 24 21 16 19 24 17 26 18 29 15 20 41 21 33 20 27 28 18 19 24 
18 33 19 24 37 25 15 36 20 34 39 7 16 20 22 13 30 19 11 28 29 42 11 14 23 8 25 17 15 33 45 13 8 38 25 17 29 22 18 13 12 14 20 34 21 12 30 10 27 14 22 22 20 37 29 32 13 22 16 19 
13 14 30 12 26 18 12 26 23 28 36 25 20 23 20 28 23 12 26 31 44 48 24 20 15 27 19 18 18 35 26 34 15 35 20 9 36 28 15 26 25 9 24 30 31 15 46 14 24 15 19 18 15 40 26 24 22 31 17 20 
18 23 20 20 24 26 23 27 29 18 26 11 46 11 11 20 27 13 20 20 43 6 18 16 17 37 28 20 19 21 10 18 32 34 26 19 24 14 18 29 16 18 24 25 36 18 24 9 30 11 14 33 22 31 29 34 23 25 21 19 
21 18 22 25 24 29 8 31 23 34 34 17 25 19 14 17 27 24 25 26 30 20 32 18 36 23 16 14 19 15 31 28 30 37 21 15 18 18 20 29 19 16 27 16 30 19 28 10 25 21 19 25 24 30 21 26 12 17 19 13 
16 18 21 28 31 31 18 25 29 24 25 20 39 20 11 15 26 24 13 29 32 34 39 19 20 33 16 17 14 21 44 31 21 24 30 4 28 18 25 29 20 10 23 35 36 16 38 18 30 19 16 16 16 20 22 30 15 33 27 12 
19 14 9 31 40 33 22 26 41 31 17 18 45 31 14 13 20 15 13 31 26 36 18 25 35 30 13 11 18 22 43 33 26 42 29 16 22 20 27 24 16 9 16 23 35 17 18 20 33 17 19 29 23 31 20 31 24 29 15 24 
10 17 33 18 26 27 19 33 34 18 39 12 19 32 21 19 27 15 25 42 34 37 26 10 23 37 31 15 27 26 26 33 27 26 30 17 29 17 19 38 17 13 36 32 25 16 32 16 27 17 18 22 21 26 21 37 14 28 21 17 
11 23 15 23 30 21 14 30 21 27 22 9 33 21 15 13 14 15 20 23 27 36 28 16 30 26 25 30 7 20 27 21 31 38 16 21 19 20 21 21 12 15 16 31 22 20 25 17 26 15 11 31 16 16 36 15 24 17 26 17 
15 26 24 29 27 29 19 31 35 16 36 11 33 33 20 20 7 19 20 30 25 30 28 19 27 23 20 17 12 21 28 29 40 25 21 23 15 28 23 32 16 17 20 27 42 16 41 15 14 20 18 22 16 21 10 23 25 28 22 25 
15 22 23 18 38 20 22 31 26 34 28 14 31 22 20 15 26 14 17 33 28 27 27 11 22 19 25 11 20 30 29 33 25 14 22 12 21 29 16 36 14 15 21 37 25 21 21 11 24 10 16 17 15 29 28 34 26 24 15 21 
13 26 12 24 27 36 16 46 24 15 20 15 23 18 15 22 24 17 23 13 30 20 23 16 22 27 11 19 10 29 29 29 32 23 28 24 16 20 14 23 20 14 28 18 36 15 34 19 10 12 12 22 31 26 19 33 9 25 21 19 
22 22 18 32 32 23 15 25 29 12 26 19 39 22 20 28 28 16 13 17 37 28 27 23 24 38 17 15 19 34 31 27 27 12 30 14 36 20 16 21 21 15 19 33 42 22 28 23 28 14 15 27 28 29 24 44 28 8 12 21 
15 27 20 16 21 15 20 27 16 13 41 17 27 34 18 25 10 22 24 24 27 26 19 12 31 31 20 29 16 13 42 37 25 14 33 9 26 31 13 20 17 17 23 21 32 15 35 20 27 10 26 24 10 24 19 38 27 26 24 11 
13 28 22 28 30 14 18 30 38 25 26 12 31 20 19 16 31 25 25 15 31 34 32 25 30 27 17 25 22 24 25 32 26 16 23 20 17 29 19 35 24 5 17 44 28 25 35 18 23 14 5 37 24 40 23 42 27 23 15 12 
16 25 6 32 32 20 20 33 28 37 35 26 15 17 13 8 27 16 25 34 37 35 26 15 28 31 19 17 14 25 22 15 23 24 20 18 19 27 27 19 14 9 28 24 34 17 25 8 39 19 25 24 12 41 18 39 10 28 20 3 
23 37 10 19 30 25 16 36 23 10 36 25 39 4 21 13 13 17 16 30 34 17 26 19 14 18 15 9 29 23 37 23 24 26 27 13 31 12 24 8 22 21 14 38 36 17 27 15 28 12 18 19 22 21 16 41 31 22 15 18 
22 34 17 26 33 32 14 30 37 19 23 20 25 14 22 25 19 23 25 21 47 12 38 17 24 20 27 23 19 36 40 29 33 20 26 7 19 23 16 27 18 26 10 14 26 17 28 18 19 16 16 25 14 34 19 32 18 23 11 32 
14 25 23 20 41 32 9 33 25 23 30 15 27 23 17 15 21 22 26 19 24 35 38 15 16 39 28 6 40 31 23 25 15 21 17 20 24 23 25 39 19 24 15 27 30 9 30 18 16 9 15 34 24 33 18 12 18 29 15 10 
15 34 25 17 23 22 12 31 35 23 32 12 20 20 16 8 31 22 19 24 38 9 35 22 21 44 19 17 11 26 37 41 18 40 31 10 23 23 18 32 18 17 24 34 26 21 22 16 20 21 20 32 18 35 18 35 27 20 9 22 
14 27 26 17 19 21 22 19 43 17 33 20 29 10 12 15 23 26 4 17 35 28 23 17 35 32 22 18 12 27 38 18 28 40 26 16 36 31 7 38 17 21 20 6 30 17 32 15 27 15 19 21 23 33 29 40 19 21 17 14 
17 19 13 21 28 24 22 35 36 28 38 15 27 22 13 23 25 19 20 28 25 36 27 15 16 26 22 8 26 25 39 25 24 18 16 18 20 20 13 19 13 16 20 25 34 21 26 21 36 15 22 29 21 44 23 35 26 31 21 16 
11 13 27 42 20 22 15 16 11 24 38 14 30 15 13 10 27 18 29 17 40 24 18 28 38 36 20 13 17 23 27 21 22 14 26 18 27 25 13 38 16 14 14 35 31 17 41 17 36 20 20 22 18 31 5 17 16 31 18 13 
19 34 31 26 24 29 9 25 29 26 21 17 36 15 20 18 26 17 23 9 31 26 17 25 21 32 35 30 20 28 25 28 21 29 13 15 22 15 19 32 21 22 24 28 30 20 33 11 20 18 18 34 22 22 25 24 22 28 17 19 
16 29 22 31 38 18 17 20 31 24 33 14 22 22 12 31 20 13 19 31 20 23 24 25 34 30 29 16 18 18 27 25 27 32 30 17 16 18 28 21 20 13 24 35 35 19 16 18 19 12 14 31 23 22 22 34 8 16 21 25 
17 30 20 18 11 18 14 25 18 26 28 15 46 22 12 20 30 13 20 31 36 18 30 11 40 11 23 17 9 18 40 26 32 10 29 16 20 22 22 26 10 18 23 23 26 9 44 15 30 17 13 11 27 12 11 13 22 30 24 16 
18 17 25 31 26 21 20 18 19 31 37 26 26 25 20 11 26 22 26 31 20 23 16 20 36 27 17 13 11 29 35 42 18 33 33 21 26 34 14 38 21 17 32 38 42 7 26 12 16 20 11 45 10 26 17 36 12 31 16 17 
13 28 27 24 22 22 9 38 17 33 17 22 35 26 16 19 22 20 20 26 31 21 21 16 23 26 21 18 29 37 24 28 26 40 22 13 39 25 21 30 14 11 25 31 27 16 20 9 27 19 27 44 20 26 20 21 14 22 13 25 
15 41 31 31 27 17 16 22 31 23 30 17 45 21 11 23 22 17 18 24 24 29 26 16 38 31 20 17 20 26 23 37 18 32 23 20 31 15 23 23 17 20 23 37 34 24 24 17 31 19 19 35 22 47 14 18 19 12 18 19 
21 37 13 30 12 22 11 46 21 23 26 15 20 5 12 19 31 20 6 27 27 29 16 26 27 28 23 21 19 16 22 38 19 36 27 19 24 22 14 23 24 14 26 34 17 14 38 15 30 17 13 37 19 34 6 17 25 14 23 21 
19 22 34 29 38 33 12 41 12 14 17 13 26 21 14 23 35 20 19 30 25 12 25 22 34 23 23 22 22 17 35 25 16 30 26 21 20 30 19 28 16 10 21 31 30 13 25 16 24 20 11 31 23 25 34 30 16 17 13 18 
23 11 26 21 22 12 18 40 35 24 18 22 41 29 18 13 19 15 31 28 37 45 19 15 24 36 26 20 11 16 29 26 24 19 19 9 29 38 25 29 13 15 21 27 29 16 36 17 21 16 12 26 16 33 4 27 20 21 23 26 
17 28 23 30 27 36 26 29 37 34 10 20 30 9 16 24 27 13 21 14 28 28 18 21 13 24 22 19 23 37 36 12 23 20 24 21 29 21 13 31 15 12 20 20 34 13 34 18 35 9 21 36 12 14 23 29 29 26 11 19 
18 35 13 16 34 16 24 18 29 27 32 14 24 31 16 21 26 19 20 23 22 35 33 12 31 19 19 17 20 21 16 40 22 22 19 22 36 16 20 29 22 8 23 35 24 16 18 14 29 13 20 26 19 26 23 20 18 34 23 20 
18 22 19 20 23 33 15 35 40 27 23 15 29 25 6 13 12 13 22 15 22 38 19 19 19 21 27 12 17 24 26 30 25 44 23 19 37 21 13 41 18 18 12 27 28 14 41 19 32 14 26 31 26 43 28 36 34 12 19 16 
17 20 22 20 30 24 26 41 23 24 26 18 23 10 15 20 26 18 18 20 31 11 27 17 18 24 30 11 25 19 38 40 19 27 26 19 16 24 25 19 16 12 19 29 30 19 37 15 39 13 17 19 24 18 8 29 26 17 14 25 
18 29 28 29 27 27 12 22 24 31 33 22 27 20 13 15 10 17 14 15 26 41 12 22 26 31 20 12 27 19 39 41 25 25 13 21 25 29 26 37 23 16 23 35 20 11 35 12 12 18 28 30 17 32 24 26 18 23 25 20 
10 20 15 23 29 31 23 38 26 28 31 24 32 16 14 15 9 5 27 18 35 29 40 10 13 26 18 20 14 33 23 27 20 23 26 23 37 19 12 14 15 8 12 20 40 17 32 12 13 13 15 21 20 22 26 30 31 19 9 14 
15 33 22 18 30 19 9 34 28 23 35 18 33 27 14 22 13 11 22 17 18 28 32 12 22 33 16 11 13 20 19 29 15 35 32 14 35 32 19 17 19 18 29 32 27 10 17 17 14 15 9 36 16 36 17 39 24 27 14 14 
15 10 28 43 24 14 18 13 25 23 41 15 26 17 13 21 31 19 18 8 32 37 42 18 24 39 25 15 21 34 30 27 30 29 18 11 28 29 20 33 22 12 22 13 31 15 32 16 27 23 14 23 27 18 10 29 12 20 13 14 
15 27 25 25 24 29 22 29 14 26 21 18 30 25 14 14 28 20 18 31 31 24 32 25 25 26 27 2 16 26 22 25 24 39 35 14 8 19 19 38 20 14 25 49 36 17 32 21 38 19 16 22 13 51 13 31 27 28 21 12 
11 26 15 28 33 36 18 33 26 30 42 12 25 17 20 19 29 25 34 13 29 23 24 23 30 27 14 19 17 35 39 36 24 24 17 17 19 15 26 31 18 15 18 23 29 17 34 21 28 15 11 31 19 25 15 22 32 37 10 16 
17 33 16 26 28 18 24 26 22 26 38 16 31 16 16 10 30 24 20 9 36 44 12 22 13 15 16 13 31 31 32 20 21 23 22 14 32 17 15 19 17 17 32 26 19 14 32 11 21 17 16 28 22 35 28 24 35 31 18 15 
11 27 25 17 23 16 15 35 29 20 37 16 39 23 10 26 12 22 17 33 31 43 26 9 37 23 17 15 29 18 30 33 11 36 12 18 29 11 24 33 20 13 24 18 30 18 26 20 34 21 25 22 25 41 17 27 24 20 13 22 
16 25 16 30 12 14 13 20 31 22 37 8 25 25 16 15 15 19 22 26 27 40 28 21 17 35 33 24 18 31 28 20 29 29 25 26 23 19 13 35 16 9 14 23 29 19 44 21 21 17 15 15 22 14 8 17 28 34 18 14 
12 21 20 17 21 29 18 37 35 25 33 17 42 18 15 7 24 15 20 19 51 40 22 30 23 40 19 17 13 35 28 19 30 28 19 14 13 23 14 37 20 16 14 22 30 12 23 17 31 15 15 24 20 26 29 43 25 23 16 8 
12 16 25 23 33 34 23 36 27 29 32 7 34 34 10 19 27 12 27 18 35 10 32 18 19 21 22 9 12 26 33 36 2 34 29 18 23 21 21 26 26 12 22 29 17 12 36 19 34 17 18 25 24 36 17 44 16 22 20 15 
19 18 25 19 33 30 14 22 33 17 35 17 21 27 20 14 33 17 25 19 30 15 18 18 34 24 22 14 15 44 17 32 28 22 21 14 24 33 21 14 11 11 18 28 28 14 27 21 26 20 19 24 18 25 22 32 27 29 13 18 
15 18 16 7 16 26 10 14 24 19 21 16 35 14 18 16 30 12 21 32 26 20 24 19 30 30 20 15 29 40 21 50 31 23 25 19 24 33 27 34 19 12 19 29 23 11 14 14 19 13 13 10 22 20 17 23 7 16 25 30 
19 22 16 21 25 18 19 20 19 25 36 29 22 28 19 21 19 16 11 18 26 38 28 15 18 35 18 14 11 21 23 20 27 28 27 24 31 32 17 37 22 7 21 27 33 11 36 14 36 19 14 27 9 21 19 19 25 18 20 20 
11 13 11 23 25 35 15 19 29 16 44 13 27 11 12 23 26 21 23 9 17 38 35 17 18 19 21 16 22 15 32 27 22 26 12 19 27 31 12 19 23 17 19 14 33 14 22 24 30 21 26 34 10 28 23 41 22 27 20 6 
16 18 25 26 30 21 18 32 31 25 38 23 22 21 17 23 19 22 24 25 32 45 15 17 22 22 17 14 21 24 36 33 16 22 18 16 25 34 6 15 20 23 21 47 27 14 26 18 34 12 19 38 20 25 23 30 20 7 20 16 
13 20 21 25 23 24 22 26 37 31 27 21 23 32 10 22 26 20 16 15 30 43 22 10 25 19 29 23 26 31 30 24 27 36 15 22 12 24 31 14 15 11 20 20 40 11 30 13 12 11 10 22 20 34 21 33 16 26 12 22 
16 19 27 28 30 16 17 37 17 16 35 15 27 30 17 13 28 17 29 29 17 11 33 18 12 33 25 14 15 39 19 21 24 34 29 18 20 23 7 43 17 8 20 23 26 16 19 23 23 18 16 35 20 30 23 16 27 33 12 14 
15 32 19 22 30 25 16 18 39 17 21 19 37 25 11 10 30 17 19 13 28 19 26 26 36 27 21 19 23 31 16 32 21 36 13 18 24 28 18 18 10 14 15 38 32 17 22 11 35 12 6 15 27 46 14 21 23 28 15 20 
23 31 28 44 28 16 22 24 20 25 35 18 23 21 19 21 29 25 22 31 37 25 23 21 30 12 29 18 27 22 16 41 19 35 37 20 26 25 18 40 19 10 17 25 35 20 35 10 27 14 28 23 13 20 19 22 25 30 8 16 
12 14 17 36 29 36 22 26 25 22 29 10 36 28 13 19 37 30 21 18 23 27 31 17 12 27 25 12 16 31 20 42 22 29 23 15 34 17 19 19 19 12 19 19 19 19 24 14 23 20 18 6 21 23 20 35 30 25 12 8 
22 18 27 13 28 26 13 14 26 26 25 2 39 18 16 18 15 19 20 28 25 27 25 22 17 37 25 11 31 23 16 29 21 33 33 15 20 22 19 37 16 8 8 21 34 24 27 19 35 25 19 20 20 37 18 40 16 21 20 19 
20 25 34 32 28 31 17 26 19 23 29 15 38 14 13 19 25 20 25 14 9 15 29 19 29 44 21 7 24 29 35 22 25 35 14 17 16 27 14 20 12 17 32 34 33 24 39 20 29 19 18 31 35 22 18 23 32 23 14 19 
23 19 22 29 26 26 17 24 29 24 24 15 30 21 4 17 30 13 20 32 24 30 25 14 22 26 25 21 22 11 21 24 37 25 28 14 12 26 16 15 22 16 21 33 21 10 32 15 19 15 15 30 12 30 14 29 21 29 11 18 
14 35 26 40 33 17 25 21 22 32 36 12 26 28 17 20 20 17 22 19 25 40 26 24 20 16 23 9 19 26 29 15 23 16 27 24 33 25 19 37 18 17 21 24 47 8 27 16 30 19 17 21 16 29 7 17 30 26 20 12 
16 34 16 25 50 30 17 22 30 23 34 3 35 27 9 25 31 21 15 28 38 31 34 16 24 25 24 16 20 13 33 21 28 20 19 22 21 23 18 23 16 19 37 25 29 20 17 18 17 16 17 31 18 45 23 37 17 26 14 18 
24 9 31 25 16 16 24 38 25 28 22 26 23 22 12 11 18 19 19 29 40 44 31 10 19 34 21 18 25 21 28 27 26 36 28 19 32 33 19 29 17 8 26 21 39 15 27 19 28 17 21 23 21 49 5 17 25 24 18 16 
18 20 25 5 33 20 19 28 30 20 30 15 30 21 18 17 26 18 21 29 24 43 27 13 32 27 24 12 13 26 17 21 22 26 16 19 22 34 15 47 16 18 17 28 34 13 26 16 21 19 19 19 21 31 23 41 13 18 11 28 
15 25 22 23 25 23 17 29 23 21 30 14 41 24 19 20 14 16 28 22 38 32 6 23 30 13 30 26 21 41 19 28 22 35 23 8 31 24 20 37 25 17 21 24 10 16 33 22 31 16 8 22 31 31 15 26 16 21 17 21 
16 27 26 36 25 15 21 40 30 35 38 18 17 25 14 23 24 22 31 18 41 36 20 16 21 30 27 14 18 29 24 21 17 23 34 19 23 24 23 30 13 16 18 31 35 12 9 20 26 16 12 19 7 39 21 22 24 26 14 16 
13 16 16 22 35 31 19 32 24 13 29 20 30 25 18 11 27 26 27 21 38 44 28 21 38 28 17 18 5 35 24 33 21 32 25 20 27 18 20 18 22 15 20 32 37 19 33 19 33 18 13 30 6 22 24 14 20 13 18 23 
23 21 18 21 26 27 20 19 37 16 26 14 24 19 14 16 31 17 29 12 16 27 31 22 33 40 15 25 18 30 21 32 20 30 42 16 20 20 15 16 19 17 15 22 31 24 38 19 31 18 21 37 23 25 23 29 15 19 21 23 
18 27 26 19 39 21 19 38 23 30 22 16 23 30 6 3 22 19 18 26 39 25 31 14 19 20 29 23 18 23 19 46 12 38 19 21 26 31 21 35 11 14 23 28 8 20 29 15 25 18 25 34 30 31 14 33 14 33 3 17 
15 32 25 20 36 30 12 41 32 16 37 10 27 23 18 20 21 17 27 29 18 44 19 11 22 29 30 18 25 22 25 29 29 25 28 18 28 28 19 21 13 12 29 29 26 12 32 18 22 18 27 29 31 42 32 32 17 23 15 11 
16 23 13 19 50 15 19 23 41 21 35 19 33 14 18 15 35 11 17 23 30 41 19 17 28 31 19 15 19 27 23 41 21 46 25 21 26 28 16 19 11 20 18 31 44 19 40 12 41 15 8 27 19 21 32 27 26 19 25 24 
15 24 20 27 34 29 19 49 27 25 31 11 27 13 9 16 28 13 20 11 18 16 23 25 23 15 23 11 29 13 20 34 13 25 20 17 22 12 17 36 9 15 24 24 22 10 34 13 33 17 16 26 15 26 18 47 25 29 28 20 
14 40 41 28 34 4 20 33 24 13 27 17 21 31 18 15 33 18 23 21 30 56 23 18 26 15 30 15 22 32 32 33 24 28 22 17 30 24 26 32 13 17 24 35 15 10 42 15 19 16 10 29 20 47 21 21 20 22 19 22 
18 17 28 17 27 16 22 14 28 27 25 12 45 32 19 20 11 23 25 15 24 35 31 25 27 10 14 9 25 28 11 25 24 42 24 16 30 24 17 24 16 18 8 30 13 8 28 19 34 13 21 26 11 38 10 35 16 25 10 12 
23 12 21 23 25 16 12 31 37 23 39 26 40 21 9 23 30 14 20 21 20 17 21 18 29 35 24 13 19 19 22 32 36 34 29 10 40 19 16 27 20 16 21 27 35 13 34 21 19 16 17 37 18 39 29 33 22 27 16 19 
23 28 12 27 27 21 20 34 24 19 23 13 30 31 14 25 22 23 16 33 36 46 23 22 21 15 25 14 25 32 16 25 19 23 15 22 14 22 13 28 16 15 13 22 30 12 4 15 27 7 17 19 18 27 11 37 19 35 20 14 
12 24 14 27 25 30 5 16 26 35 38 15 33 21 16 13 18 15 15 24 26 21 28 19 23 21 24 17 23 24 30 18 28 34 31 12 37 19 22 20 19 9 16 41 35 16 25 19 25 14 22 33 19 45 27 40 25 29 28 15 
15 10 26 31 36 22 9 25 14 35 20 14 35 23 15 16 21 18 16 24 25 33 27 14 20 25 21 23 20 39 22 28 38 41 26 28 33 38 27 31 21 24 18 42 24 19 27 12 21 20 19 20 19 16 21 26 16 31 17 12 
19 27 22 32 24 19 12 22 15 27 30 14 27 23 19 22 18 8 23 21 20 22 25 10 37 37 26 8 13 27 38 22 24 22 26 7 34 14 14 36 13 6 27 30 24 19 25 17 21 10 22 29 28 30 20 23 15 27 17 20 
19 10 17 27 21 14 20 19 39 21 22 14 30 20 19 17 22 9 20 19 31 27 31 18 23 45 27 13 11 26 39 39 22 33 16 21 24 26 28 24 22 9 21 21 22 22 39 16 30 21 16 25 28 38 24 37 17 27 14 19 
18 26 23 19 34 36 10 30 35 16 50 10 37 24 11 14 34 11 8 17 26 38 31 22 24 25 19 22 21 23 27 40 18 42 24 18 25 25 11 26 18 8 16 22 21 21 6 21 24 16 20 33 25 31 18 25 17 15 16 24 
19 15 21 25 25 26 23 23 23 27 32 16 31 8 18 23 28 28 19 31 28 56 20 18 25 23 28 13 21 32 33 23 18 27 37 12 34 8 24 41 21 15 18 29 30 24 31 15 24 14 24 8 15 8 22 44 22 28 20 22 
19 23 21 38 37 20 15 36 26 20 39 18 32 21 20 15 14 22 28 26 29 41 25 13 34 28 24 12 23 25 19 42 38 30 30 21 16 31 17 27 14 8 25 33 31 14 20 22 28 16 12 33 29 31 18 23 19 26 31 21 
21 24 15 22 43 41 27 24 38 27 32 20 29 14 26 12 20 18 20 12 42 19 24 16 22 10 22 12 23 32 36 18 22 12 14 16 39 32 23 31 20 16 33 33 35 21 32 13 29 9 17 27 25 40 18 21 17 30 11 20 
14 30 21 29 29 6 10 28 32 28 26 26 18 29 18 11 19 25 17 25 32 37 24 15 36 36 20 19 19 29 22 36 27 28 10 15 12 18 21 23 18 15 29 21 19 9 29 11 19 24 16 37 20 36 16 30 37 15 16 29 
16 19 27 19 28 19 20 41 29 29 36 19 29 27 15 23 23 17 28 29 11 36 13 19 21 25 23 17 23 42 29 29 20 36 25 14 25 24 14 27 16 13 13 27 27 11 36 11 19 13 2 25 32 33 24 20 14 11 16 18 
19 19 17 35 20 19 17 33 27 22 27 16 32 24 12 21 28 15 20 32 27 24 15 24 22 20 26 19 18 27 31 17 39 18 22 7 20 12 19 16 5 16 9 36 27 15 25 22 22 18 13 40 21 40 28 38 26 29 20 17 
17 25 25 25 24 17 12 36 28 24 44 23 29 30 26 15 14 13 14 19 33 34 23 21 31 36 34 12 22 28 19 35 13 32 19 28 21 15 19 26 14 14 17 40 41 17 30 18 14 20 31 36 21 29 17 18 22 21 26 23 
22 17 29 23 53 21 9 37 28 23 26 25 30 23 11 15 14 30 29 26 45 25 24 17 23 29 12 9 21 32 25 18 18 35 24 15 27 23 17 29 13 17 19 40 25 16 43 20 27 13 19 31 15 26 21 29 23 19 18 20 
21 36 30 11 32 17 11 30 22 19 30 21 29 19 21 15 35 21 23 15 39 32 25 8 34 14 22 20 26 28 24 16 30 25 24 20 25 30 24 20 16 8 31 18 18 19 22 12 43 11 22 34 23 33 18 26 20 23 29 17 
10 7 25 24 38 29 21 36 28 15 39 16 36 19 15 20 10 17 24 23 44 34 22 21 29 35 16 19 26 39 30 27 24 11 25 14 25 16 16 31 24 20 15 24 18 19 15 17 24 24 18 28 25 14 21 36 20 25 11 13 
14 19 12 21 28 22 17 27 34 42 33 15 28 35 15 8 23 21 11 23 31 27 16 26 22 31 34 15 12 38 32 24 27 16 20 17 19 33 18 25 20 19 15 33 18 15 32 12 30 17 24 42 18 35 19 12 17 35 20 19 
19 25 36 34 31 20 26 32 22 21 23 18 29 10 19 14 23 16 20 22 33 26 30 19 26 38 27 10 16 25 26 30 26 18 14 16 25 28 19 19 23 14 12 41 25 12 37 16 38 19 25 30 27 23 21 24 15 24 12 17 
19 26 15 13 45 27 21 41 21 13 25 17 17 16 13 17 21 15 20 20 28 17 18 23 25 17 9 23 23 16 16 46 15 29 28 14 49 15 17 30 16 21 23 24 30 19 27 23 33 17 13 19 23 23 11 32 17 32 23 17 
16 13 23 19 21 24 12 23 33 25 33 22 24 18 22 18 13 14 17 34 22 26 22 18 17 34 22 16 22 22 32 37 14 31 20 13 30 25 15 26 13 15 16 35 34 11 42 14 27 11 24 13 16 14 29 18 20 28 18 19 
19 31 24 29 27 16 15 36 39 22 19 27 31 19 11 23 19 13 25 25 35 35 23 19 13 21 24 17 16 28 38 36 19 36 18 19 7 14 13 37 9 16 17 26 28 13 33 23 28 19 15 42 34 22 17 39 12 26 25 9 
20 32 22 19 37 20 12 23 20 23 27 18 34 15 11 9 22 22 26 25 48 18 24 15 30 39 18 19 13 32 5 30 32 25 9 24 20 22 22 32 9 8 21 16 29 18 43 15 28 11 15 27 20 20 25 17 23 32 22 24 
13 27 35 17 29 34 11 21 29 27 24 8 30 8 20 13 22 22 21 29 38 29 17 11 16 39 17 23 13 30 31 27 28 27 16 20 19 12 22 26 12 18 23 25 32 17 16 18 26 17 21 26 18 15 24 10 27 33 27 17 
12 26 34 23 26 31 25 33 35 16 40 10 26 21 15 25 25 29 20 26 28 39 23 29 18 33 24 15 16 34 19 30 23 19 16 10 22 25 11 25 9 15 20 18 31 9 35 16 32 14 16 37 14 40 7 42 14 9 12 26 
10 13 28 23 34 28 10 30 14 32 43 17 32 25 16 14 25 15 24 16 28 45 37 37 20 17 21 7 15 21 27 19 27 21 20 20 29 22 9 28 21 12 24 33 38 17 41 16 26 15 24 28 15 26 31 32 21 32 23 17 
15 26 27 21 33 21 11 30 24 24 39 15 62 26 20 25 23 14 22 32 32 38 30 13 19 32 19 32 20 26 29 26 29 25 22 17 24 17 15 30 22 16 17 12 22 16 18 11 24 21 22 26 15 23 26 30 25 31 13 13 
12 15 17 16 27 14 21 31 30 11 24 20 30 24 19 21 24 22 27 32 28 19 36 11 31 27 23 19 22 27 16 20 22 22 17 16 33 28 17 38 16 16 17 15 40 19 23 11 28 18 18 27 18 42 13 45 27 8 14 21 
20 12 23 18 21 20 15 13 37 34 33 11 43 13 8 11 20 29 36 22 23 22 28 22 26 24 27 25 18 36 26 33 29 45 25 15 14 25 18 24 7 14 28 29 29 8 12 20 35 19 21 29 11 28 10 32 19 3 17 16 
17 23 18 17 17 21 16 41 32 21 36 6 25 15 19 24 29 19 18 24 33 39 21 27 25 39 31 26 21 26 27 37 20 32 21 9 11 19 12 32 18 14 21 33 26 21 30 13 19 10 13 29 13 43 16 23 20 17 8 22 
21 31 21 21 26 25 18 21 20 23 42 18 15 21 11 18 51 26 21 26 31 44 21 14 27 21 22 18 22 25 37 35 16 36 19 17 28 19 20 18 14 20 13 26 23 22 5 13 25 21 16 16 18 31 21 40 29 37 14 24 
18 29 20 29 17 8 15 18 19 22 23 20 37 27 8 23 15 15 22 31 21 25 28 6 31 5 26 12 15 34 21 35 29 23 17 19 37 24 25 24 16 16 30 11 28 17 29 16 30 20 20 22 23 27 33 25 19 32 15 20 
16 17 28 37 37 19 19 10 13 17 29 14 21 23 14 12 25 21 11 16 20 48 21 8 22 23 12 21 27 31 29 29 13 30 13 25 20 22 17 11 19 19 10 18 31 17 30 13 23 15 25 23 24 23 23 24 19 24 19 21 
21 28 13 30 18 25 12 18 19 22 28 13 6 27 20 15 28 23 16 35 40 37 30 16 30 20 19 24 22 39 44 39 31 18 23 10 25 19 16 32 19 18 24 35 25 15 21 16 31 21 13 19 11 39 26 34 23 23 12 22 
19 34 20 23 37 26 20 28 23 14 35 22 26 16 14 16 31 14 13 18 26 22 29 25 26 27 22 16 8 27 7 31 30 28 21 15 21 15 13 39 22 16 19 19 28 13 14 18 19 23 15 28 18 31 12 46 25 28 16 23 
16 29 32 26 26 25 17 33 21 20 25 17 26 22 21 33 18 24 10 31 20 21 16 20 18 20 21 23 17 27 31 28 36 31 13 23 13 21 19 32 19 12 20 39 13 15 26 20 17 17 13 22 17 22 24 26 24 19 18 23 
15 27 17 32 23 22 27 18 22 14 41 13 33 17 8 29 22 21 18 23 29 22 28 22 39 26 18 22 18 21 25 22 22 23 25 7 23 30 13 31 8 14 21 23 14 15 35 21 18 14 16 35 10 41 20 28 19 18 6 17 
11 12 17 33 47 30 19 37 20 21 26 18 45 32 11 14 11 19 33 16 25 29 18 21 27 33 27 14 16 27 23 20 26 27 26 19 30 14 25 11 17 18 15 29 23 15 22 22 28 20 23 28 18 36 30 16 21 23 12 18 
26 31 32 29 42 21 33 30 26 15 30 11 12 27 7 18 34 19 30 14 44 41 19 20 29 26 26 21 18 28 12 22 32 28 24 14 30 32 25 31 8 20 23 27 33 17 26 19 13 14 13 25 22 30 21 41 26 31 17 20 
14 18 14 24 42 27 7 25 19 24 24 14 35 18 11 20 31 18 20 23 27 12 15 10 29 27 30 16 26 22 38 26 33 25 28 22 20 22 23 18 25 13 7 10 20 18 35 18 23 15 19 44 14 37 23 41 22 21 22 12 
16 21 31 23 19 29 25 31 30 15 38 21 35 11 11 11 32 24 19 21 36 49 28 23 23 20 24 15 19 33 30 21 30 13 33 21 28 17 17 25 20 12 21 26 30 21 26 19 22 15 17 27 26 27 24 34 18 23 19 26 
17 32 21 29 23 23 15 28 25 20 37 18 26 15 14 18 23 26 20 27 32 26 25 19 27 32 16 12 26 34 34 12 34 15 16 20 26 27 11 36 24 5 16 25 35 17 36 20 19 17 8 26 21 13 24 12 33 26 22 15 
12 18 21 19 34 21 25 30 32 32 32 19 29 24 17 16 27 23 17 24 43 34 27 9 34 35 22 11 27 30 36 34 33 5 20 18 37 23 14 40 15 18 23 20 34 24 28 17 24 22 24 21 9 19 11 45 13 23 12 24 
19 27 11 22 35 20 14 25 21 19 36 11 43 27 10 17 17 15 15 26 25 22 24 20 21 40 26 15 19 25 14 30 22 23 19 25 30 27 11 28 22 16 17 33 47 19 29 12 38 17 23 22 18 16 22 17 19 25 18 17 
21 22 21 18 21 39 14 30 21 6 34 19 31 19 12 14 32 29 19 28 41 26 19 27 25 31 6 18 16 32 52 25 19 9 8 25 17 9 22 28 19 12 19 32 26 15 29 16 20 16 18 24 17 24 18 28 23 22 14 17 
9 36 25 33 15 13 23 42 38 25 38 25 37 25 18 21 31 19 18 12 18 25 27 20 23 27 17 17 22 18 34 46 14 25 21 13 22 25 15 17 22 14 15 23 30 14 22 24 29 24 18 17 21 43 1 40 20 22 16 18 
16 27 20 35 27 32 29 29 28 21 24 25 36 24 12 13 4 17 42 16 36 34 5 22 11 23 27 17 9 36 21 36 19 42 27 21 25 23 12 29 29 16 27 22 31 20 29 20 43 9 30 33 24 29 5 15 21 26 13 20 
15 14 19 35 35 27 14 26 33 14 29 14 33 18 10 14 20 16 25 30 25 44 35 20 26 26 30 22 25 17 24 28 21 27 20 16 25 17 19 18 22 13 19 27 42 13 20 20 22 16 13 32 23 29 14 23 25 27 19 15 
18 21 20 23 36 24 23 32 26 10 31 13 28 25 19 17 33 8 23 29 35 17 35 33 41 18 28 10 22 23 21 22 25 28 32 22 27 35 17 34 24 14 21 37 26 15 44 19 21 17 13 22 11 14 22 31 17 12 12 20 
15 25 23 21 37 24 14 20 25 25 23 17 30 22 17 8 34 19 10 36 19 24 30 20 20 30 23 9 20 29 30 27 35 36 27 22 36 32 6 30 17 8 19 35 38 11 28 14 49 16 20 27 12 42 29 38 24 30 23 17 
20 33 19 17 24 7 9 27 17 23 10 22 36 31 24 21 30 14 26 14 36 23 29 20 28 18 21 20 21 24 20 38 18 24 23 12 24 12 12 31 20 12 19 25 31 17 19 21 29 26 7 21 31 29 15 32 26 28 21 28 
15 26 19 45 34 20 22 31 26 28 43 16 32 32 19 24 28 14 12 22 22 32 17 14 29 23 23 20 31 13 34 12 19 24 16 14 32 18 20 26 11 14 26 32 22 21 24 9 29 19 18 23 18 20 28 28 25 27 15 20 
9 28 24 24 20 31 22 27 31 19 31 17 31 22 15 15 21 4 20 25 31 31 21 28 13 20 21 19 18 31 14 30 26 22 25 13 10 12 12 19 22 10 15 24 32 18 29 18 24 25 19 27 19 25 30 25 16 29 18 23 
16 31 16 22 30 17 15 35 23 24 27 20 28 32 11 18 14 19 26 20 21 38 30 9 28 30 21 12 13 19 22 19 16 21 20 18 20 18 16 31 17 19 15 40 44 17 17 24 9 12 20 16 10 29 23 27 8 17 11 17 
18 19 23 37 19 34 23 25 28 27 28 20 37 18 19 18 13 20 31 22 26 50 21 13 38 16 22 10 13 34 24 16 13 23 10 15 27 22 21 26 9 15 21 19 38 15 29 15 29 16 15 40 23 32 8 36 26 18 13 15 
10 41 24 27 45 30 13 37 34 20 35 12 24 19 14 21 41 20 24 24 22 30 26 18 12 26 23 14 19 16 28 29 30 30 17 17 39 25 25 28 21 14 22 28 29 15 23 16 24 20 17 29 9 24 24 28 23 28 22 15 
10 24 22 25 31 28 19 40 24 29 40 25 28 26 15 21 33 14 11 31 38 18 36 26 10 17 20 17 24 37 43 32 31 39 20 21 26 25 9 25 23 16 20 19 49 17 30 11 32 9 13 34 15 50 21 24 11 23 14 11 
10 19 20 32 25 37 27 34 25 11 39 20 35 20 13 16 27 14 28 32 43 37 24 26 37 33 18 19 15 24 21 32 19 26 24 15 34 21 10 34 23 12 20 18 37 16 20 19 31 22 20 23 21 28 18 51 25 29 18 6 
18 33 25 18 22 26 16 46 22 23 27 17 41 32 13 15 15 20 16 16 36 38 21 10 33 34 21 22 11 37 21 28 24 35 20 15 23 22 20 30 11 9 17 30 39 17 30 22 29 19 11 22 15 31 21 23 29 22 17 16 
12 30 21 26 24 28 15 30 31 23 27 24 27 33 18 18 38 22 22 22 21 19 29 18 33 17 19 20 24 29 29 31 27 24 24 16 33 19 21 37 11 13 21 17 39 9 32 15 22 20 21 28 8 22 23 33 32 24 27 22 
17 29 17 16 18 26 12 28 29 16 25 12 30 21 18 18 37 21 24 21 25 23 31 19 21 22 16 22 32 26 25 34 30 22 22 9 14 17 21 35 9 16 22 19 19 14 28 16 28 19 24 21 21 41 18 24 25 34 27 16 
17 19 21 33 19 15 18 30 37 28 29 19 40 9 12 24 26 19 24 31 29 23 34 20 35 41 31 19 11 24 17 37 22 22 31 17 41 9 23 28 19 14 20 41 29 14 35 11 21 16 32 22 19 19 25 21 19 20 13 21 
16 30 17 20 36 36 24 36 26 29 41 16 29 26 16 20 15 22 21 25 34 22 26 21 31 11 32 19 31 26 43 25 23 18 20 17 28 31 19 31 20 8 14 39 27 16 29 10 25 10 18 31 15 17 23 30 21 27 19 19 
13 13 26 16 41 37 11 29 25 23 35 11 52 17 12 16 19 20 19 18 35 23 37 24 19 23 24 18 14 29 33 48 27 26 28 10 18 30 15 40 11 13 18 31 35 17 22 11 18 13 26 25 24 29 20 47 21 26 8 17 
19 20 22 23 32 21 12 18 35 18 15 21 49 22 6 22 36 19 13 32 12 19 31 24 36 41 27 25 12 31 30 19 22 23 28 30 33 17 21 26 11 15 12 32 37 20 33 16 26 12 21 25 16 27 19 21 25 35 19 22 
19 22 32 19 38 38 10 29 20 15 19 22 25 27 15 17 18 17 12 23 36 16 21 26 23 13 21 13 22 19 28 29 27 47 14 16 22 27 23 21 18 18 21 38 17 20 31 17 15 20 22 23 13 32 18 24 21 34 9 18 
10 13 23 23 15 13 22 34 20 10 26 15 30 19 14 18 40 23 19 37 43 31 31 20 38 29 29 20 32 42 22 33 27 22 21 17 28 24 13 18 9 12 12 36 33 20 18 21 27 12 18 35 9 18 17 6 14 23 20 22 
12 27 18 24 29 23 12 36 31 18 25 19 20 21 15 17 32 18 27 26 31 50 27 10 13 33 23 16 25 20 28 14 25 30 20 11 32 32 20 21 25 15 17 19 25 17 32 17 25 7 13 37 27 22 20 34 26 11 9 18 
14 19 18 26 38 27 13 15 34 26 40 27 40 27 21 12 23 12 23 28 29 28 21 10 25 15 17 22 25 19 22 25 20 29 22 14 35 27 19 17 16 17 22 28 36 14 44 26 23 14 17 30 21 20 20 41 19 21 13 24 
10 27 30 15 27 20 18 22 22 27 42 15 21 22 24 13 11 23 27 30 35 28 29 14 26 29 16 17 20 31 22 18 15 27 11 27 37 23 15 32 20 12 29 30 32 14 31 22 30 10 15 29 29 20 19 27 17 17 23 13 
14 29 33 26 28 20 22 28 20 13 44 13 38 20 13 15 40 22 16 20 27 25 23 20 32 30 20 22 29 25 27 22 24 27 31 7 24 26 22 16 16 12 29 11 27 13 40 7 24 13 24 32 25 19 22 24 19 13 21 15 
14 38 25 31 22 38 14 24 33 25 38 22 32 25 17 10 29 11 16 11 30 36 11 25 17 28 26 14 26 20 33 10 27 22 21 16 27 22 18 18 19 17 6 39 18 11 14 21 22 12 20 28 27 21 32 30 33 21 8 22 
16 28 22 18 29 23 17 17 22 24 24 17 36 33 15 6 28 17 8 26 23 17 31 8 20 24 19 15 23 22 36 19 19 40 15 12 33 20 14 23 14 14 11 27 27 24 22 16 29 9 26 16 30 29 22 41 16 15 3 21 
20 21 24 30 28 28 15 24 19 29 21 22 31 18 12 12 13 17 20 14 15 29 29 29 16 18 16 22 18 37 25 18 22 25 32 20 30 24 18 12 20 15 29 22 11 14 20 7 32 18 21 27 23 46 31 18 20 26 16 26 
19 31 25 28 44 30 28 24 21 18 31 10 26 19 18 20 28 22 22 22 45 35 26 2 24 27 32 29 31 16 27 32 21 11 14 10 15 20 21 25 9 16 19 34 41 16 31 20 37 21 16 19 18 43 22 28 25 14 24 25 
15 21 29 29 25 28 21 37 25 16 25 18 41 21 12 27 31 26 18 17 28 48 24 20 26 32 29 22 14 30 23 20 30 29 17 8 38 24 18 34 19 17 17 25 24 24 33 14 29 9 27 33 28 23 22 27 16 20 10 22 
11 30 26 15 40 7 16 34 30 34 27 21 27 13 10 11 29 12 16 25 35 19 27 10 9 24 33 15 11 24 27 27 40 19 24 19 30 18 18 25 16 20 17 22 34 9 45 13 33 16 16 33 23 40 5 21 30 24 16 18 
16 19 28 23 32 25 19 34 35 20 32 18 51 31 13 16 37 22 19 25 28 24 23 22 15 33 30 15 23 27 21 34 23 21 16 24 33 18 18 9 12 16 19 32 30 17 30 19 21 19 17 31 14 17 17 33 24 23 8 18 
11 22 21 21 22 19 19 32 20 16 34 11 31 22 9 22 19 25 26 35 35 25 31 30 25 28 26 16 24 23 30 25 37 36 17 18 28 19 16 35 16 8 21 38 31 13 44 10 18 20 19 32 32 34 13 37 24 24 14 23 
18 30 21 23 45 23 26 41 31 21 18 25 36 13 19 8 26 15 17 29 28 15 39 21 31 19 22 13 14 29 12 29 22 26 30 14 22 23 22 25 22 7 19 13 36 18 26 16 21 14 25 34 21 25 20 16 23 20 14 19 
21 25 19 32 39 23 14 36 19 32 42 17 25 22 24 26 36 26 19 11 44 40 28 17 40 37 15 21 30 28 33 37 15 29 28 13 26 22 14 40 19 11 33 18 21 20 21 11 29 13 15 22 25 27 19 38 21 36 17 19 
16 26 21 31 12 20 15 25 24 20 46 13 23 14 16 25 28 11 10 33 11 36 24 29 23 23 24 23 17 33 25 36 14 26 13 10 28 19 25 38 13 16 17 11 27 11 16 19 27 21 11 21 28 31 26 38 13 17 21 17 
18 25 26 27 28 31 11 23 34 30 40 11 26 25 19 21 24 17 26 28 32 45 20 13 17 34 27 20 16 12 30 26 20 16 21 8 30 28 15 31 10 12 25 31 31 13 24 15 20 12 15 18 19 28 24 29 30 24 17 12 
23 30 7 18 18 26 18 13 36 24 38 16 28 30 18 14 24 25 19 11 29 41 23 18 27 27 27 10 20 19 39 31 20 34 27 22 28 30 16 14 16 14 30 12 42 13 38 21 26 18 15 22 22 24 26 32 14 14 7 11 
18 6 29 15 28 21 14 33 31 16 15 5 29 16 24 24 31 20 20 20 19 32 36 22 28 22 27 25 18 32 31 19 27 31 29 23 19 22 13 32 17 11 14 26 22 24 37 7 32 18 17 30 22 33 28 23 20 24 15 17 
17 27 22 29 38 16 23 24 13 25 14 16 18 24 9 21 19 13 22 4 23 29 12 21 21 30 29 17 23 16 33 23 29 25 32 17 19 29 24 33 21 16 17 30 38 14 24 16 20 15 24 29 16 29 17 23 24 16 20 18 
15 23 22 34 32 25 18 5 36 27 29 15 46 14 12 18 33 25 25 27 33 41 43 12 21 24 16 16 25 26 30 25 3 28 32 14 22 28 16 28 17 9 16 37 25 12 19 16 8 18 13 34 12 29 21 22 20 29 23 15 
22 28 35 28 35 28 24 30 20 31 32 23 28 21 16 19 23 24 28 33 33 21 24 21 26 30 28 15 9 26 13 25 15 14 17 21 36 24 24 27 18 18 26 33 35 28 16 21 39 12 22 23 13 18 23 30 14 32 11 10 
15 25 23 22 30 22 29 3 27 29 28 12 24 10 20 26 34 15 19 25 13 26 35 15 34 33 23 19 20 31 22 21 32 32 27 23 21 14 15 26 10 11 24 28 28 11 33 19 32 18 10 24 27 36 26 28 18 32 23 15 
9 10 26 21 30 20 27 29 23 24 30 12 23 14 19 21 28 18 20 14 22 43 20 24 18 27 23 12 22 27 27 26 24 6 23 14 15 20 24 27 11 13 24 33 35 17 32 16 20 22 24 40 21 28 17 35 28 11 20 22 
24 14 12 8 22 20 13 35 29 23 28 15 27 21 9 11 37 22 26 35 42 23 26 17 19 27 21 15 34 31 9 21 28 29 23 24 26 16 14 26 21 9 25 28 25 17 22 13 30 13 21 33 17 35 11 25 25 25 20 15 
19 20 24 39 38 26 27 24 18 33 42 24 24 21 7 26 28 8 17 18 38 32 30 16 21 37 16 15 15 25 47 28 17 29 20 22 16 13 11 33 16 13 15 27 24 11 24 15 14 15 23 35 25 15 25 33 19 23 23 19 
17 4 22 33 25 25 11 27 24 17 35 15 40 15 13 26 36 20 20 20 30 31 23 21 24 25 19 14 15 24 29 21 17 25 29 15 23 28 20 26 13 17 20 28 34 17 21 13 29 20 19 23 22 29 16 39 22 20 10 18 
20 28 23 39 24 22 18 36 24 4 26 18 37 8 21 24 26 18 8 25 23 23 31 16 28 33 28 18 15 18 47 35 26 24 20 16 24 22 19 40 20 15 27 24 26 19 19 24 28 23 16 28 30 24 19 40 24 40 19 19 
10 28 15 13 23 24 17 24 34 24 15 17 50 15 15 14 25 8 24 15 31 17 36 11 19 29 34 14 24 33 19 24 15 41 23 22 29 27 13 25 14 13 31 13 26 17 37 16 24 16 24 24 33 32 33 28 23 17 20 19 
15 11 18 13 45 27 12 45 32 12 34 10 24 20 18 18 23 12 23 21 43 27 22 21 27 17 22 15 24 29 34 24 27 26 27 23 21 25 10 34 19 13 18 31 24 19 31 19 18 19 27 29 21 34 12 32 21 18 10 8 
19 25 15 34 18 24 18 22 33 28 39 28 24 20 24 19 20 20 28 21 37 22 15 19 33 24 29 23 16 29 24 39 27 23 26 8 25 27 17 47 18 13 25 31 34 7 12 11 32 20 13 33 21 27 17 30 28 30 21 19 
19 27 16 21 23 31 17 22 23 12 39 18 31 19 17 13 23 15 16 34 35 61 22 7 10 4 24 27 30 27 28 36 24 38 26 26 26 12 14 31 22 21 19 28 18 15 23 14 35 13 14 27 24 26 20 33 17 37 11 20 
11 11 14 19 26 16 13 23 26 21 25 17 35 30 13 16 27 24 19 24 27 36 28 28 18 26 21 13 18 16 26 36 19 36 20 23 29 24 17 31 20 11 31 34 17 14 34 12 35 18 19 25 20 25 31 27 29 20 23 18 
18 28 26 17 37 33 11 29 30 27 34 14 26 14 17 14 24 21 27 14 25 18 35 18 28 34 19 14 27 33 31 42 28 21 17 12 21 26 15 33 21 12 14 14 33 18 39 18 21 22 8 25 20 31 18 26 18 25 23 22 
14 26 25 26 33 24 17 25 19 19 23 13 36 23 24 16 23 14 24 34 20 50 21 14 17 24 23 15 21 17 33 21 26 35 19 18 20 20 19 21 27 13 11 21 25 21 46 10 32 17 18 17 21 20 12 34 15 22 22 16 
13 11 20 21 24 30 17 42 28 19 34 22 40 27 13 15 23 11 7 23 33 27 25 13 31 34 29 15 30 21 40 28 33 38 22 24 18 27 17 24 17 17 26 33 36 20 21 21 21 24 19 27 18 21 22 27 28 23 15 26 
13 23 26 14 30 20 12 11 21 18 29 23 19 32 11 10 16 23 29 22 10 29 20 32 17 28 13 15 24 25 34 27 30 20 19 14 22 25 7 23 24 14 22 37 25 22 28 17 33 18 16 25 18 29 22 37 21 13 17 19 
20 30 22 22 39 23 17 39 17 30 23 19 37 29 6 18 22 16 17 31 34 9 33 12 40 32 20 22 20 30 43 32 20 35 26 19 21 27 17 6 26 12 30 38 27 17 30 14 12 20 8 26 12 31 18 26 20 36 16 12 
17 19 21 28 23 35 15 17 28 23 18 11 6 29 18 16 30 22 28 25 22 22 29 17 20 24 14 8 27 32 23 31 27 35 37 12 38 27 15 18 12 18 23 26 22 18 32 20 13 19 20 15 11 41 21 18 18 30 13 12 
17 22 24 25 38 15 21 39 30 21 33 6 30 12 13 8 20 15 17 19 15 12 31 18 21 16 18 19 21 19 27 7 19 33 38 16 29 18 19 27 7 21 19 28 26 19 25 24 26 15 11 20 23 27 34 17 19 33 25 11 
20 22 15 26 16 30 19 28 37 24 32 22 38 20 11 18 22 15 27 11 23 11 27 18 34 28 28 21 26 21 30 18 27 25 7 25 15 27 13 19 15 12 24 31 32 8 39 13 25 13 18 26 20 30 23 15 28 22 14 22 
20 14 32 19 28 20 8 35 41 23 37 12 30 21 16 20 21 30 19 25 33 35 29 9 37 22 28 22 25 27 28 9 19 15 21 11 25 19 17 22 25 15 18 33 30 15 33 21 31 23 12 28 10 32 16 33 22 18 13 27 
16 13 22 21 27 27 27 34 22 12 35 21 23 29 20 18 22 15 21 29 27 28 14 20 28 28 23 23 30 25 24 29 24 40 21 19 37 24 19 32 15 17 29 39 34 18 40 17 23 13 19 15 21 28 21 31 16 24 17 13 
21 18 21 20 18 11 13 10 22 28 34 11 46 29 15 18 20 20 15 13 18 41 20 12 22 20 17 25 16 38 29 16 25 12 20 14 11 30 15 20 22 12 7 32 19 10 18 13 21 14 17 16 8 23 18 19 33 19 14 26 
7 21 19 17 40 36 20 30 17 27 30 13 27 34 19 19 21 25 18 19 28 38 26 22 24 22 17 19 23 23 23 32 21 34 18 25 24 24 19 19 23 21 27 34 27 21 33 23 24 16 16 31 23 26 29 40 13 32 21 19 
10 21 26 13 23 25 17 37 25 20 12 18 17 13 20 19 24 21 19 36 34 34 30 18 25 27 36 12 19 13 28 25 21 31 25 19 20 23 15 23 15 18 5 38 41 11 34 11 33 17 30 21 3 35 8 12 16 31 15 22 
15 23 32 15 19 23 20 15 21 25 14 33 40 16 5 18 31 18 8 26 26 33 24 24 25 31 23 13 22 20 33 19 18 13 20 15 21 23 10 23 18 19 21 18 29 17 21 9 23 30 16 30 23 29 16 24 27 38 19 17 
16 26 30 29 30 20 19 43 10 26 43 22 14 13 18 11 19 21 22 28 27 35 26 21 29 25 22 24 21 22 43 9 25 22 22 26 30 25 12 25 25 15 13 30 12 15 28 18 30 12 27 26 17 30 27 29 14 32 19 4 
7 7 13 22 31 24 23 32 26 21 40 27 14 23 14 19 19 20 22 19 42 36 23 19 38 37 23 14 20 21 25 33 21 19 35 19 22 19 23 28 19 15 26 29 34 17 18 13 23 23 20 37 16 35 30 32 18 25 19 17 
16 29 24 23 30 19 16 22 38 30 40 5 39 16 9 16 27 14 14 14 32 23 27 19 32 24 16 19 21 27 43 26 18 20 8 24 27 23 16 22 26 14 17 38 26 15 21 7 22 22 21 27 14 28 18 15 22 38 24 19 
17 27 32 35 22 35 18 30 23 30 23 17 17 20 13 22 27 16 24 5 23 32 26 17 17 32 32 12 24 20 40 6 23 20 20 12 26 14 14 41 21 12 26 41 29 11 46 7 39 12 12 41 15 21 11 25 16 11 12 17 
16 27 23 20 34 36 15 44 20 17 23 21 40 19 10 13 32 19 24 20 34 30 39 7 25 29 29 14 28 26 23 28 27 31 34 22 26 26 24 26 13 14 25 30 27 16 27 13 19 16 24 29 22 32 28 21 16 25 25 15 
9 15 20 16 29 31 15 39 31 18 22 19 36 25 10 22 19 12 27 36 32 33 28 22 42 28 33 10 12 26 30 36 16 33 25 14 17 25 18 45 13 16 30 18 38 12 37 8 30 16 16 21 17 33 13 26 17 26 16 10 
19 27 17 26 29 27 13 27 25 20 47 22 22 22 21 19 25 22 19 15 40 18 29 17 27 14 17 10 15 12 39 31 23 32 23 19 30 24 19 28 14 16 21 14 29 11 22 12 23 17 24 37 17 38 20 27 24 25 21 25 
19 12 20 33 26 31 20 21 21 24 18 25 19 16 16 23 22 7 25 26 22 33 37 23 26 41 21 12 24 17 17 16 24 38 30 6 23 33 21 31 22 15 20 41 37 17 45 13 15 18 13 24 21 31 15 32 28 24 16 17 
20 18 21 34 9 14 17 33 31 25 24 19 31 21 20 9 13 20 19 13 44 30 30 10 30 31 20 15 15 24 28 26 20 25 25 15 34 17 25 26 17 11 17 26 34 20 35 18 31 10 22 31 37 24 29 37 29 31 20 19 
16 26 22 36 37 28 17 27 22 23 24 12 26 10 18 19 27 23 18 28 17 30 34 23 21 22 17 23 19 21 28 25 19 20 21 14 19 21 14 33 14 12 7 27 41 21 8 15 27 25 22 23 21 37 23 35 18 24 18 16 
18 29 21 15 33 17 19 31 35 23 41 19 40 21 18 14 28 20 23 31 36 39 30 18 31 30 25 19 14 21 31 21 30 22 30 15 28 23 18 43 16 19 25 28 37 18 37 16 20 16 14 24 31 30 25 28 23 28 21 29 
13 18 34 27 36 17 13 32 31 21 27 20 31 20 13 22 22 18 21 20 51 30 25 25 19 34 20 6 15 28 31 27 34 26 14 17 27 17 15 30 20 15 20 43 46 16 24 10 27 21 17 23 24 24 16 32 29 26 23 18 
21 25 19 31 21 30 18 32 24 20 36 10 27 20 13 32 26 18 30 14 28 36 25 16 15 27 27 24 25 29 32 20 16 24 19 17 37 27 22 22 16 16 12 12 48 17 32 11 41 17 20 11 23 31 23 15 35 24 14 21 
15 21 20 16 30 31 12 27 27 14 21 12 27 20 16 32 37 17 26 8 21 7 24 19 23 28 18 10 17 19 37 44 37 18 18 27 30 22 13 19 18 15 18 22 28 13 22 19 27 12 5 30 31 31 27 23 21 26 9 16 
22 26 33 16 24 20 13 13 23 28 25 28 39 19 12 26 19 13 20 39 34 38 20 24 24 29 17 19 23 34 22 23 18 29 21 17 20 25 15 43 21 15 28 20 25 18 35 13 28 18 16 23 23 32 27 23 23 13 24 15 
8 32 32 13 21 21 8 23 17 17 34 18 30 19 19 15 21 16 21 28 45 39 34 18 33 42 31 21 19 13 17 17 19 36 10 19 26 16 25 21 17 16 17 23 38 14 38 21 25 12 22 38 24 35 22 39 21 26 15 16 
18 28 29 6 16 27 6 39 41 25 28 23 19 13 10 18 21 13 10 19 28 28 30 16 27 27 22 19 23 33 36 12 23 19 30 15 21 23 21 27 13 11 15 23 38 20 28 10 37 20 27 20 23 30 19 32 18 30 14 15 
15 28 20 14 25 37 18 38 42 24 33 17 19 13 18 25 17 14 18 4 28 23 6 18 21 19 18 12 17 27 20 42 28 20 20 13 29 21 22 13 13 15 23 29 17 17 37 9 28 24 20 25 20 23 9 27 15 12 13 20 
20 24 18 31 21 18 7 20 32 25 12 23 29 17 16 19 12 20 19 13 20 35 26 16 27 10 25 22 19 21 18 37 22 16 27 14 23 28 24 42 16 16 18 31 33 12 26 19 20 15 18 30 19 41 20 33 25 27 20 16 
20 15 21 23 20 31 11 28 22 14 29 13 39 33 15 18 20 21 19 12 41 38 31 8 29 25 22 20 27 6 24 20 12 39 20 7 21 31 23 23 19 10 14 41 36 17 32 9 21 18 24 43 14 36 23 31 28 13 21 23 
10 10 26 22 29 27 20 35 17 33 25 14 31 26 12 23 18 15 19 29 33 32 17 22 27 47 35 15 26 28 26 23 21 15 28 22 14 5 25 20 12 8 23 18 28 18 42 16 23 14 24 32 18 28 29 34 12 19 26 10 
16 26 22 27 29 37 20 25 28 23 23 14 34 31 20 18 28 11 30 13 39 24 22 15 20 34 38 23 12 30 29 21 16 33 22 22 19 11 17 25 21 22 22 28 24 21 25 16 30 18 19 30 7 29 32 35 16 7 18 13 
9 23 32 28 28 4 15 19 27 21 30 25 43 24 22 12 36 16 16 25 18 29 36 15 30 32 19 20 21 27 25 32 26 18 15 29 25 24 21 22 24 18 19 26 25 17 23 17 17 25 17 25 30 29 31 40 20 16 17 17 
19 13 27 23 29 36 21 41 22 24 35 16 35 14 16 25 21 25 29 24 22 25 29 14 29 33 12 19 25 38 20 21 13 24 26 18 30 18 19 15 21 13 15 20 47 19 28 13 38 10 13 45 22 23 22 34 21 14 11 15 
18 27 22 23 31 22 18 27 14 30 35 17 33 19 18 18 29 23 24 13 10 19 28 15 16 33 19 8 22 35 29 25 22 21 14 20 28 28 17 12 27 14 19 36 34 7 12 15 19 20 20 25 28 40 21 26 20 24 15 21 
18 27 29 28 35 33 17 30 28 22 25 17 39 22 19 25 27 17 12 32 33 36 20 17 22 28 31 22 14 23 21 31 28 21 26 12 32 22 14 24 15 16 14 19 36 10 39 24 18 11 14 28 25 25 14 27 15 18 20 20 
19 28 28 13 22 28 20 31 38 14 28 10 16 23 16 18 32 20 17 21 23 32 18 15 23 34 15 16 17 21 35 22 34 32 10 17 28 20 9 47 22 21 19 28 27 13 29 14 26 15 18 20 21 36 14 52 17 21 11 17 
12 20 17 27 22 34 21 44 11 22 20 23 40 20 13 21 25 20 23 30 34 23 26 19 19 20 16 20 12 18 32 27 20 16 9 22 15 13 17 35 16 17 27 20 36 15 26 10 21 15 18 34 24 23 33 35 24 21 18 24 
20 35 17 12 20 17 14 32 27 19 20 17 30 33 10 26 18 15 30 34 37 13 22 18 29 6 28 17 12 21 2 45 23 36 23 21 31 23 17 25 18 5 9 36 27 18 38 11 21 13 15 31 19 36 22 33 25 17 17 26 
17 33 16 21 26 16 18 21 23 23 18 16 32 16 17 10 11 14 16 21 22 42 23 6 20 33 25 17 20 33 37 48 15 35 18 13 28 27 20 20 15 12 27 27 22 17 37 13 24 13 21 29 25 42 27 34 12 16 19 13 
11 28 26 35 38 19 6 33 24 29 23 20 25 10 15 22 23 13 26 10 31 32 27 12 17 26 20 18 20 29 26 30 28 21 21 22 25 19 23 32 15 15 22 27 42 22 27 19 29 10 18 32 18 19 23 9 20 30 15 10 
15 32 28 17 32 24 18 28 27 20 29 11 35 23 10 24 21 22 11 25 25 22 10 20 28 32 19 21 29 26 31 37 12 30 26 12 32 17 24 48 15 14 32 24 28 14 26 14 20 11 12 13 13 16 30 28 15 26 10 20 
14 27 22 12 22 24 23 23 22 25 31 18 38 17 17 23 30 23 31 30 21 25 25 11 34 28 19 22 15 24 38 35 15 19 23 11 16 18 23 24 14 12 13 32 32 14 31 15 21 19 21 18 13 21 34 42 23 38 12 15 
21 13 20 36 34 20 20 34 27 21 47 15 29 25 20 18 24 16 21 23 38 32 23 23 15 30 30 20 15 29 33 13 9 29 18 11 29 22 21 31 20 16 19 33 21 10 30 15 16 27 14 20 13 32 21 30 16 26 20 16 
19 26 23 23 34 33 18 24 19 22 22 19 26 17 7 21 8 22 25 19 25 35 25 20 23 27 14 19 11 20 30 28 25 7 19 6 19 39 20 21 18 15 12 35 32 18 44 17 21 12 22 6 11 33 13 22 12 38 20 15 
21 28 17 36 43 8 17 25 21 18 30 19 38 15 18 18 17 21 13 23 37 31 18 11 22 27 25 13 23 49 15 24 24 24 21 18 22 22 17 28 16 17 16 35 27 23 37 23 24 19 21 46 26 31 19 48 17 27 22 22 
14 22 22 23 36 34 19 27 24 15 41 18 37 25 15 19 27 22 33 22 30 35 22 24 29 27 23 20 20 20 40 33 23 34 25 19 42 28 20 24 12 12 13 34 23 16 34 17 21 21 16 9 33 24 29 22 22 38 14 14 
22 17 33 21 20 25 14 33 24 32 36 16 27 18 19 20 7 28 13 23 30 41 26 25 32 28 26 15 25 23 22 28 17 39 18 20 18 23 20 32 15 16 22 36 31 14 28 18 23 18 14 25 17 31 26 29 25 9 15 16 
15 27 23 24 13 29 22 28 23 29 28 25 45 35 9 23 27 14 22 27 28 27 29 14 32 37 22 22 30 24 29 38 28 24 10 11 33 11 19 29 21 12 33 28 44 23 27 12 28 19 27 27 18 15 25 22 21 23 17 20 
15 22 20 32 35 20 21 31 26 30 30 13 34 23 17 16 26 20 16 20 35 21 25 14 29 27 17 15 21 38 17 28 23 22 28 15 21 22 20 25 22 19 19 22 26 16 25 19 30 17 18 24 10 25 15 31 20 17 11 24 
15 31 25 36 40 19 17 33 24 29 19 18 25 26 12 25 6 23 24 25 22 43 32 23 23 16 20 15 23 28 34 32 27 29 28 20 22 16 26 33 18 22 27 29 26 19 21 19 25 20 17 21 26 14 28 23 23 16 15 25 
19 23 15 18 23 26 18 26 22 19 23 6 26 19 19 21 20 23 16 19 9 42 20 23 32 33 21 18 28 17 40 20 24 38 22 22 42 32 17 17 10 10 29 43 13 10 42 18 35 15 22 33 12 26 14 34 12 31 21 18 
22 26 17 32 19 21 21 27 23 14 25 15 31 26 18 15 23 19 14 20 32 40 21 22 23 11 28 13 18 26 24 42 15 25 22 19 26 17 20 22 19 10 24 22 19 17 26 14 22 14 19 27 20 6 14 37 16 25 16 20 
16 27 15 38 26 21 25 16 34 21 33 13 30 21 18 26 4 19 29 27 19 36 28 14 44 35 27 10 27 21 20 34 25 16 16 26 26 15 19 35 12 15 8 44 20 17 12 12 33 14 14 26 5 51 29 33 19 18 16 20 
14 13 24 21 21 30 18 31 39 20 38 15 46 24 8 17 11 25 18 38 32 38 13 25 18 35 24 15 18 41 21 28 14 37 21 17 23 19 16 29 14 14 20 25 28 13 31 16 34 19 20 40 15 24 10 29 23 28 14 20 
18 18 19 29 42 21 6 36 23 25 27 16 37 22 20 13 21 18 16 33 28 24 29 24 15 30 25 20 20 27 25 39 19 26 30 22 27 20 11 18 14 22 18 35 31 15 17 21 23 21 20 35 18 36 11 34 23 26 22 22 
11 20 17 22 15 28 19 18 34 33 17 22 33 8 19 18 20 19 15 13 25 30 40 18 29 44 20 16 11 17 28 23 23 29 20 6 19 25 19 25 16 17 1 25 23 13 21 5 28 24 18 32 16 17 24 28 31 7 14 20 
22 34 25 40 26 13 2 23 28 23 17 23 24 22 6 26 21 14 23 34 27 26 25 14 31 46 20 16 27 23 39 24 28 16 27 6 28 23 18 34 21 19 14 37 20 17 21 16 36 16 26 23 6 35 23 38 26 24 15 21 
14 25 17 22 26 28 5 41 19 16 36 9 19 15 15 15 17 29 17 32 34 31 8 21 24 25 15 19 12 17 28 35 30 17 26 17 39 25 15 17 12 16 25 24 43 14 27 13 19 18 21 18 28 23 18 23 25 10 18 14 
16 17 38 18 30 21 12 38 25 22 21 24 37 20 7 17 41 13 17 25 43 35 22 12 20 24 26 21 29 36 43 33 30 26 15 14 23 22 18 17 10 15 22 31 43 16 29 18 33 17 22 27 19 19 24 29 13 22 24 22 
18 26 21 33 29 32 14 23 8 19 27 21 51 29 20 17 33 24 9 13 41 33 33 22 3 22 24 21 16 17 31 24 28 37 24 7 19 26 28 36 14 17 20 23 30 18 20 23 35 18 18 19 18 17 8 30 17 31 18 20 
17 16 17 28 32 20 12 28 21 32 31 9 29 21 20 14 35 14 29 18 31 27 25 23 26 38 26 19 30 25 17 30 35 28 24 18 16 14 7 32 19 8 12 25 26 13 32 12 21 18 13 28 18 27 28 36 18 23 13 12 
14 19 24 18 15 17 24 15 26 27 30 24 26 35 19 17 28 15 23 16 16 28 21 21 32 26 24 26 31 32 16 27 33 36 17 14 27 17 14 38 9 16 15 23 40 24 30 21 24 13 20 21 23 26 29 32 29 24 12 24 
24 4 19 25 36 16 9 31 35 17 27 22 29 17 15 13 31 22 20 32 25 28 16 14 23 20 30 21 8 18 34 25 32 39 22 12 17 20 19 24 16 18 20 40 27 14 32 20 28 16 19 26 8 41 27 20 18 16 15 22 
16 10 18 33 25 23 19 20 19 26 25 17 22 27 14 19 20 18 20 17 33 42 10 17 32 26 30 27 15 23 35 33 21 36 23 8 9 17 20 43 22 13 14 32 32 14 27 19 28 25 17 32 29 29 17 28 26 28 6 19 
19 17 13 22 33 37 24 40 25 24 31 16 23 24 15 19 36 18 26 27 35 39 31 26 29 27 30 20 24 18 18 12 21 22 21 14 21 30 13 46 26 17 28 24 24 15 21 14 38 19 3 13 29 34 18 39 27 31 24 15 
17 34 21 28 43 35 11 29 25 28 29 27 25 25 5 16 16 17 27 20 36 19 28 11 30 19 18 15 17 36 31 28 24 30 22 23 28 28 22 23 22 17 19 20 27 14 8 9 21 14 9 27 39 30 25 27 16 32 15 9 
17 15 17 23 28 3 22 6 27 14 37 25 35 7 19 11 24 19 24 25 37 41 33 19 28 12 25 16 16 21 32 22 20 31 16 15 25 19 37 27 17 13 22 21 25 12 37 10 28 25 22 25 18 24 30 33 23 30 21 18 
17 25 15 34 28 23 16 29 24 25 28 20 41 20 21 22 13 19 16 23 19 31 28 23 29 36 20 21 26 21 28 36 16 23 23 16 25 22 16 29 18 13 31 20 24 18 16 16 26 21 12 36 7 22 29 20 24 24 21 17 
15 24 9 7 27 22 18 18 27 17 40 19 18 29 11 19 17 20 16 13 32 36 26 16 38 19 18 26 29 23 25 26 37 41 12 17 21 21 22 20 15 22 19 20 27 16 24 12 22 11 17 30 24 30 9 41 19 15 23 23 
8 37 20 21 32 19 15 19 36 26 32 13 25 18 14 19 28 14 21 12 22 37 27 21 26 18 22 20 23 12 37 33 15 27 18 18 29 23 18 44 9 19 18 27 33 15 31 13 17 21 20 40 5 29 22 38 9 26 20 15 
14 21 28 26 23 27 14 13 25 27 23 20 21 21 17 16 30 30 20 19 23 33 12 15 21 26 17 16 18 17 27 25 20 27 28 17 27 19 22 42 17 8 15 23 34 18 17 19 18 20 16 21 17 37 18 38 22 19 15 18 
23 21 25 35 38 21 13 29 27 2 22 15 45 23 14 12 21 16 16 7 38 32 29 17 30 35 20 9 14 22 22 35 24 43 23 23 27 19 13 22 10 15 17 35 27 15 20 15 26 18 12 24 14 25 25 43 13 25 16 21 
11 22 19 19 37 21 25 28 29 19 32 24 20 30 14 26 27 12 18 10 24 28 21 21 16 38 31 13 16 32 37 25 6 22 19 10 38 24 23 21 11 17 29 29 18 19 29 11 29 16 12 33 20 25 17 41 29 29 15 20 
14 28 22 18 28 31 15 42 18 32 45 17 22 23 14 19 17 20 18 30 29 42 24 22 34 35 28 22 19 24 34 34 23 18 20 12 32 24 27 38 13 15 19 26 18 19 16 17 31 18 21 35 27 40 19 36 22 18 12 18 
21 15 18 16 32 31 5 19 33 29 32 22 35 18 19 14 18 11 28 32 35 34 24 19 36 39 23 11 17 17 38 16 19 29 20 15 28 13 16 33 19 11 19 21 30 17 28 11 20 15 14 29 13 24 22 31 22 36 20 29 
14 20 33 17 18 7 6 28 21 26 34 27 29 19 9 29 25 25 16 25 38 30 22 22 38 39 16 23 25 32 20 31 18 16 32 21 34 21 14 20 13 17 30 21 24 20 13 11 21 16 13 17 12 29 27 37 31 23 13 15 
16 28 25 19 32 25 15 34 29 26 39 16 44 24 20 17 32 17 28 25 38 36 24 14 17 21 26 16 22 21 32 18 30 26 22 24 28 18 13 42 13 13 20 29 33 19 13 17 12 15 15 30 30 20 18 10 23 30 14 20 
25 21 19 33 33 28 30 20 30 10 24 29 27 17 13 19 18 25 8 19 29 38 28 18 26 37 11 10 22 21 11 27 22 32 20 12 24 19 25 33 18 12 20 21 39 15 41 20 25 11 13 35 21 26 13 32 18 13 20 23 
19 8 23 18 26 15 15 34 31 26 15 11 35 18 18 15 19 17 24 18 25 9 31 26 17 18 25 27 4 28 27 22 22 40 27 28 15 24 17 32 9 18 27 34 18 15 26 17 15 10 10 22 28 45 20 28 29 28 11 20 
16 16 14 35 34 23 18 32 27 25 26 17 27 26 21 32 18 16 15 22 13 30 28 18 32 44 28 9 21 19 30 26 21 35 30 23 26 16 17 27 8 21 19 27 27 24 31 9 33 20 12 39 23 31 27 21 30 17 7 17 
13 6 25 24 18 20 21 25 18 20 34 16 28 19 18 19 17 28 20 24 38 42 18 20 22 34 21 16 29 29 34 19 31 32 8 20 23 21 28 30 17 14 23 33 33 13 27 14 19 12 13 29 15 22 17 33 26 19 14 24 
21 21 26 29 24 28 13 20 34 26 39 25 38 23 4 22 35 15 20 19 17 41 21 12 20 28 20 10 19 33 29 28 21 29 20 22 36 25 18 36 21 10 18 32 36 29 42 19 30 21 15 31 17 40 16 36 22 17 12 23 
15 23 12 27 29 25 25 20 34 14 31 20 21 10 11 19 19 19 13 27 17 54 24 14 24 25 19 17 14 17 24 29 18 20 22 16 23 15 15 32 17 8 13 38 29 20 38 19 24 15 12 31 26 22 25 45 18 23 20 11 
15 20 25 19 43 27 15 25 25 16 30 24 37 20 16 23 18 28 24 28 34 31 23 17 18 8 24 20 18 26 15 18 23 28 19 26 39 5 16 31 23 5 21 42 28 18 32 20 41 15 24 35 18 21 25 32 22 15 14 13 
15 25 31 23 34 11 18 38 28 21 33 22 31 19 15 16 25 14 7 25 32 30 29 18 37 24 18 6 20 24 21 23 19 23 8 19 19 31 19 28 18 15 23 30 30 19 21 19 25 22 10 26 22 36 20 28 14 22 19 25 
6 25 35 18 35 31 7 18 29 23 34 21 26 27 17 20 14 15 38 15 34 24 29 15 28 30 31 15 21 22 25 29 29 31 22 12 22 25 13 21 13 16 23 30 25 22 24 13 25 14 23 18 10 43 10 28 14 33 23 17 
15 20 27 19 31 25 20 21 28 22 36 12 29 26 12 24 25 17 32 14 20 47 23 21 11 42 16 14 14 21 24 28 33 26 13 27 18 25 22 23 16 19 29 42 26 11 24 17 24 18 12 37 17 18 17 28 28 34 19 20 
15 21 22 28 17 23 16 30 25 25 25 14 26 21 17 21 28 13 32 4 31 32 36 18 8 28 23 17 31 30 36 26 37 44 27 20 30 26 25 31 19 17 24 30 37 12 38 22 34 14 18 35 28 33 30 31 19 25 14 15 
7 15 18 23 25 21 1 25 26 18 23 17 33 19 22 18 30 19 16 27 22 27 38 9 27 27 25 21 35 31 7 20 26 44 15 19 26 21 19 35 12 15 20 40 30 18 28 16 33 17 24 27 29 41 27 33 37 30 10 13 
20 24 35 26 27 31 24 28 28 25 41 19 23 16 15 17 26 20 20 35 27 27 29 17 27 35 18 17 25 30 35 12 28 46 35 14 24 25 19 31 15 14 20 36 37 16 32 16 26 14 19 24 12 24 25 23 21 27 20 19 
14 23 27 40 27 31 14 43 21 26 29 16 28 32 11 20 28 31 17 25 31 4 26 15 20 24 22 24 22 28 23 40 23 20 17 15 24 26 19 30 9 13 14 43 43 18 28 14 27 15 25 17 20 36 23 26 24 32 24 17 
18 33 24 19 21 22 20 43 30 20 19 22 39 21 18 24 15 17 21 22 28 26 27 17 6 37 18 7 18 29 22 39 24 22 26 24 32 21 15 34 13 23 29 18 25 12 21 20 24 17 16 24 23 23 30 15 18 21 18 17 
17 29 21 28 36 15 14 28 9 20 36 13 20 33 15 8 30 17 12 23 24 38 13 17 25 33 21 21 16 35 21 29 17 28 25 17 28 20 22 23 12 19 16 27 27 15 17 14 33 18 8 30 25 23 25 15 27 24 17 19 
13 17 39 18 20 28 17 26 20 22 36 26 21 23 17 19 35 7 13 20 33 36 29 15 15 25 22 14 19 26 25 31 23 39 26 20 29 40 24 32 6 20 18 24 11 23 21 15 22 17 21 35 20 20 21 11 17 24 11 14 
12 29 30 25 24 33 14 25 32 28 31 22 36 16 20 16 18 19 22 13 24 27 33 13 13 31 17 16 14 28 29 20 21 21 20 11 25 30 19 32 15 18 25 25 27 13 28 23 24 18 19 18 18 31 12 37 12 25 21 6 
12 25 20 17 27 33 19 24 36 12 33 13 42 14 17 15 19 29 18 32 25 31 29 6 27 32 26 20 14 30 29 35 9 19 16 16 15 14 27 28 18 10 18 36 29 19 23 18 22 15 16 12 19 29 13 41 31 27 7 26 
15 21 24 28 29 32 16 29 29 6 19 16 26 28 4 13 37 14 27 19 24 34 22 20 18 12 32 17 10 29 32 35 28 29 20 10 33 19 9 32 27 19 20 20 23 14 26 17 26 13 17 21 19 37 12 38 12 27 15 13 
17 30 17 31 38 15 21 20 37 22 23 10 18 19 23 17 16 21 26 25 27 42 29 22 24 42 21 17 5 27 19 19 15 22 26 19 27 30 23 24 13 8 18 18 25 13 35 10 23 11 22 16 31 21 27 25 24 29 17 12 
13 21 15 22 31 23 26 22 24 13 39 21 30 27 17 20 20 25 15 11 30 40 22 29 19 30 26 17 24 30 10 38 30 33 16 19 34 15 17 23 12 17 24 40 24 18 30 15 21 17 14 49 19 49 23 13 20 30 13 23 
10 31 16 32 30 39 8 19 27 16 32 15 25 25 19 24 27 24 24 21 21 29 28 23 15 29 23 16 27 27 17 14 17 21 28 17 31 33 23 51 16 16 20 8 33 16 17 14 16 18 15 39 18 26 21 48 33 25 17 21 
12 19 18 20 26 26 21 28 30 37 30 15 19 28 16 8 16 7 31 12 32 30 17 14 25 26 27 9 20 24 20 29 33 20 18 15 28 19 18 36 15 11 18 22 37 20 30 18 29 22 11 33 34 19 17 33 24 25 18 28 
13 18 12 21 32 31 17 26 13 24 30 12 20 25 12 25 21 16 18 32 38 26 30 11 22 30 32 12 19 17 33 32 26 21 17 20 35 21 15 36 24 21 32 28 36 16 37 13 24 21 22 26 16 34 23 29 19 37 6 25 
18 21 21 31 26 19 29 36 26 35 37 19 23 10 22 21 10 19 21 26 24 29 19 16 28 31 28 12 30 17 24 25 10 26 30 14 23 10 16 41 15 11 21 24 31 19 25 17 37 16 24 30 13 30 24 43 21 36 3 16 
15 17 26 20 34 30 15 28 35 32 24 14 38 14 12 18 34 8 16 22 32 17 26 19 16 17 24 13 24 36 12 28 25 26 23 14 15 16 15 37 13 13 13 20 35 12 43 20 30 18 21 9 19 29 24 55 16 29 10 21 
19 21 26 30 28 28 16 23 29 22 31 19 25 16 21 14 17 28 23 31 33 20 6 17 26 18 16 13 20 33 29 27 15 37 21 20 24 25 21 41 18 16 27 24 23 15 28 14 28 18 19 24 21 30 31 33 23 25 11 25 
16 17 18 19 28 21 24 35 26 23 31 7 30 23 13 13 38 14 15 18 43 36 23 21 28 38 17 11 21 23 36 22 6 42 21 19 28 28 17 25 11 12 4 31 30 15 21 18 47 15 20 32 25 34 16 31 16 28 16 15 
24 28 17 15 16 26 26 29 22 19 42 23 30 23 18 9 28 19 25 33 31 17 29 15 21 30 25 12 17 26 23 28 31 30 17 17 29 28 16 27 18 15 25 22 25 19 41 9 25 14 19 27 20 30 20 24 14 18 18 15 
15 25 17 22 30 14 17 31 37 23 29 15 37 25 14 13 12 20 22 14 25 14 31 28 14 20 16 16 10 34 31 34 8 35 25 19 28 8 14 36 23 15 22 35 38 15 30 20 18 7 12 31 10 28 14 22 14 19 13 25 
14 34 26 29 23 23 15 30 15 12 24 17 32 28 15 15 9 30 22 27 24 37 12 7 31 17 31 14 17 18 17 34 16 32 24 12 23 23 14 33 7 19 31 11 35 20 30 16 28 17 23 42 17 16 15 23 19 25 15 19 
19 15 29 34 32 24 12 16 23 27 23 27 41 25 18 27 37 14 17 23 34 42 22 19 20 30 19 13 13 21 34 29 18 28 17 3 31 24 14 21 21 14 22 23 28 21 35 21 13 12 12 28 26 34 22 24 15 18 16 21 
13 21 26 22 26 27 23 33 36 22 38 14 39 33 16 17 28 14 18 17 41 25 33 16 22 31 27 13 19 31 33 27 31 11 31 14 28 15 22 27 24 16 14 38 15 15 31 13 36 13 17 30 18 25 24 38 26 19 14 19 
12 25 21 27 26 29 14 13 22 25 37 20 20 13 17 15 20 26 17 27 31 10 24 17 15 24 24 24 25 33 29 29 31 22 18 12 32 29 20 29 25 12 17 26 41 18 22 21 22 16 24 37 18 31 30 37 21 35 24 13 
20 23 20 23 29 26 11 23 39 25 28 14 24 27 15 20 29 20 23 28 32 21 17 20 26 18 28 23 22 33 22 27 19 36 12 18 22 30 22 24 19 10 15 22 34 12 10 10 28 15 13 12 27 22 10 19 20 25 10 12 
13 33 17 30 29 29 8 43 19 17 25 30 31 18 16 22 15 19 24 23 50 46 14 17 25 35 18 11 39 13 34 36 35 16 30 12 26 6 10 30 11 8 14 33 15 20 37 25 16 22 14 10 24 22 23 25 21 27 18 14 
12 10 19 12 26 31 23 28 29 25 33 20 36 23 11 14 26 27 24 37 18 34 29 22 25 32 22 16 18 30 15 38 18 32 11 21 27 14 29 27 26 7 18 19 18 13 25 12 31 15 18 12 12 38 18 34 11 13 16 11 
21 14 23 28 24 26 30 12 16 20 24 12 27 18 14 14 25 17 24 24 29 40 32 17 30 6 25 21 17 32 30 15 33 15 26 21 14 16 18 43 18 13 20 31 11 14 24 24 24 13 15 26 17 21 22 22 30 34 23 13 
20 19 14 18 25 20 24 23 30 23 34 15 35 12 15 22 26 20 29 15 26 31 15 11 28 17 39 22 22 22 30 32 30 29 29 24 20 14 9 27 18 19 30 31 14 11 26 12 17 18 25 23 16 28 24 42 21 33 24 15 
21 34 22 24 45 30 11 23 25 30 28 17 33 20 13 13 36 19 10 38 22 15 20 24 15 32 25 12 11 26 38 41 21 33 27 12 28 17 21 24 12 11 15 23 34 24 26 13 18 17 17 31 22 44 23 32 31 29 14 16 
20 26 16 36 30 30 30 28 36 23 22 12 23 21 19 23 33 31 16 19 29 16 35 14 22 32 13 10 19 33 27 22 28 19 20 9 23 13 21 32 19 12 30 25 28 22 15 14 14 18 15 37 13 28 15 37 17 25 23 15 
15 23 22 28 34 6 12 16 31 15 13 18 34 31 17 23 18 6 16 20 36 15 30 17 25 27 31 22 17 30 18 31 20 26 23 16 25 28 23 29 12 16 22 32 23 19 34 16 19 13 16 29 16 24 12 34 31 32 18 20 
20 29 9 22 31 25 11 43 24 15 25 16 13 34 14 21 28 16 20 14 32 51 24 13 17 21 32 15 7 37 26 39 33 32 28 10 30 22 19 32 20 16 15 22 9 17 29 10 19 15 7 21 15 23 21 41 22 17 15 27 
10 16 24 37 38 32 16 23 16 34 27 17 32 31 9 19 33 15 22 29 27 34 24 12 41 34 25 18 13 29 22 28 21 29 26 18 31 19 19 41 18 23 12 25 37 15 26 15 33 20 15 28 21 33 25 43 25 28 15 11 
10 33 20 17 35 25 14 22 27 27 35 21 13 25 16 18 20 18 35 23 22 21 20 16 34 27 22 16 17 32 34 32 32 42 22 18 25 18 16 22 24 19 10 21 22 14 23 23 30 18 13 32 12 30 23 36 26 30 12 12 
16 29 22 18 33 26 7 34 27 27 12 17 42 16 16 25 25 21 16 26 36 21 21 19 27 31 23 11 22 24 18 20 22 17 18 12 21 12 12 28 10 18 14 23 39 14 35 18 30 24 18 20 8 28 12 38 23 26 21 19 
16 33 27 41 17 21 19 43 17 27 34 21 9 21 17 33 14 15 15 11 36 19 26 23 30 25 22 24 28 39 28 22 24 31 33 16 20 27 22 21 15 15 15 20 23 15 33 18 30 16 10 21 10 23 25 38 21 18 11 15 
27 32 19 26 46 14 23 43 31 26 24 23 33 11 20 16 27 21 18 22 27 36 35 23 20 28 16 20 33 21 36 31 20 32 34 18 26 15 28 42 14 14 25 46 20 19 29 10 26 17 20 21 8 17 21 21 16 19 13 23 
21 24 20 21 14 22 22 18 30 27 38 18 31 17 13 16 29 23 20 19 32 34 31 11 18 28 14 25 18 30 35 22 26 19 19 14 34 14 26 43 20 14 28 27 31 21 43 16 45 12 20 18 7 50 23 36 23 22 13 17 
13 24 25 25 17 30 15 26 21 26 23 21 20 17 11 19 29 3 31 27 35 21 28 25 29 30 21 17 28 29 20 35 30 30 11 12 20 21 24 20 11 14 18 25 34 21 23 17 27 19 13 28 18 33 23 46 20 10 21 13 
16 26 27 13 36 26 21 33 26 25 25 16 29 25 14 16 26 26 16 40 27 33 29 8 30 16 15 13 17 25 32 36 35 39 19 20 11 27 8 29 17 12 17 24 28 17 28 11 30 18 20 20 24 34 20 28 13 26 19 26 
18 31 24 24 35 28 18 38 47 20 33 9 20 18 17 6 21 17 17 35 19 26 34 21 18 31 25 21 20 36 25 22 22 29 20 21 14 13 16 22 26 14 18 25 29 20 27 14 21 20 18 31 14 33 26 31 21 32 11 18 
17 29 18 34 28 23 10 42 28 12 28 18 35 26 19 19 25 26 19 23 44 31 19 18 31 23 21 18 22 23 16 24 25 34 27 25 29 21 15 25 24 17 23 27 31 13 41 17 26 14 17 44 24 23 25 26 31 30 12 22 
17 28 23 19 28 22 24 12 23 15 27 13 24 32 18 31 28 19 10 30 30 38 20 21 16 17 21 17 19 32 30 16 18 40 13 9 30 15 12 38 20 14 25 40 39 18 36 20 23 16 23 23 20 32 21 30 26 27 18 23 
19 29 27 21 23 28 18 30 29 26 31 8 33 22 18 14 31 14 24 28 38 22 29 26 29 45 23 21 23 12 32 28 24 26 22 10 17 22 17 27 20 16 9 19 35 19 20 12 25 14 25 36 9 32 26 50 22 23 15 20 
11 22 23 16 29 26 14 29 29 31 34 19 22 17 18 13 23 20 15 22 21 39 30 16 29 30 15 22 15 31 16 18 19 40 12 19 21 29 16 29 22 20 26 13 46 15 36 11 30 18 23 41 15 22 6 36 18 22 15 23 
15 26 21 17 23 15 27 35 24 28 23 15 29 22 18 6 24 15 28 20 25 32 24 13 33 15 23 16 16 23 35 38 28 23 22 22 36 31 17 29 12 20 19 34 22 17 25 20 21 11 24 34 20 21 25 40 14 30 12 19 
21 14 29 36 39 30 20 17 21 29 31 26 28 23 16 23 23 23 23 34 33 32 24 9 22 22 15 26 15 29 26 14 22 33 23 15 24 29 13 43 16 18 17 35 32 23 22 14 27 21 5 29 23 45 22 18 24 25 12 12 
16 26 18 31 25 25 9 27 31 27 35 9 32 11 22 22 17 13 14 32 17 37 26 25 38 24 20 19 12 21 17 33 37 28 22 13 33 25 18 22 13 12 11 33 27 22 38 23 35 19 16 26 28 27 23 33 16 32 22 15 
15 20 21 26 30 21 18 17 31 20 35 14 43 19 12 21 34 22 17 16 27 21 27 22 15 26 15 20 19 35 21 16 31 31 21 16 30 22 10 21 13 10 25 31 19 23 34 16 17 16 11 35 17 34 21 26 14 21 6 24 
17 28 21 18 35 20 11 31 30 17 24 14 28 26 20 9 7 15 24 31 24 30 33 19 10 37 13 20 2 25 24 21 22 29 25 20 26 13 16 42 17 22 14 37 31 15 6 19 26 17 28 26 26 23 28 24 27 32 24 14 
19 24 25 15 28 23 19 33 17 24 38 9 21 31 9 26 21 18 18 29 39 18 24 19 24 49 17 12 12 28 21 14 14 22 20 11 23 17 17 31 17 16 19 24 22 18 36 20 33 8 14 32 17 38 23 38 18 29 16 25 
15 35 8 23 35 23 14 18 21 21 50 18 32 19 12 15 32 19 12 26 32 19 14 23 29 40 13 12 27 28 20 32 25 44 36 22 20 22 12 25 28 10 21 24 24 11 31 10 24 9 9 28 20 26 31 27 32 19 13 19 
19 21 25 26 29 18 18 23 34 27 27 9 35 23 18 13 28 22 24 21 41 25 27 15 18 31 24 22 20 32 22 29 33 33 15 21 25 18 14 12 13 11 25 31 40 14 31 21 25 16 15 32 23 30 22 26 12 24 14 26 
18 30 32 32 36 13 16 39 30 18 16 11 34 21 17 21 17 21 18 27 28 32 28 16 18 38 22 21 13 19 28 25 22 29 20 14 34 24 20 34 22 15 19 33 39 19 22 18 22 14 12 22 19 24 13 25 32 31 8 14 
15 19 28 30 28 19 21 27 19 24 21 13 34 17 11 12 21 22 8 24 37 31 18 20 24 32 28 21 19 19 28 23 27 23 20 11 30 22 16 33 18 16 16 18 30 19 26 23 25 22 25 18 31 18 25 24 22 32 27 14 
14 22 21 15 34 19 18 30 34 22 32 9 25 19 12 25 18 21 15 22 37 32 22 22 27 12 17 11 14 19 35 34 33 43 26 10 23 16 16 40 24 14 19 27 39 15 30 14 30 21 23 23 19 26 9 24 17 24 13 26 
16 20 20 17 41 14 9 18 32 23 16 22 25 26 6 18 19 19 17 23 16 36 25 11 29 20 19 22 12 31 33 29 19 29 17 24 24 26 16 30 21 13 22 17 34 16 34 16 21 15 20 25 16 34 28 19 23 30 14 12 
14 32 19 28 19 25 16 23 25 15 49 17 29 15 14 14 27 17 22 22 30 29 22 12 17 21 27 13 15 35 22 34 23 34 20 15 20 21 23 10 23 13 19 20 36 14 19 20 22 18 10 22 23 29 19 29 18 23 17 26 
18 27 12 29 39 23 27 18 24 24 21 14 35 22 14 29 25 17 12 36 29 51 21 15 20 27 20 15 21 38 15 13 30 20 16 20 24 22 26 16 24 16 22 25 21 21 30 12 35 16 15 19 25 33 22 34 25 28 9 19 
20 25 25 30 22 19 18 28 34 28 33 11 67 21 16 26 22 21 27 26 38 31 28 15 26 36 24 16 26 22 33 19 36 20 29 10 23 20 30 34 10 12 17 25 37 17 42 21 28 13 23 25 15 32 18 30 18 15 15 17 
16 25 23 32 26 13 21 14 36 26 38 9 36 23 8 19 26 27 23 26 28 28 10 25 11 23 15 8 25 35 5 25 7 21 28 24 19 24 20 35 21 20 20 29 33 13 30 17 24 11 17 31 13 26 18 38 19 25 22 23 
13 27 20 24 26 8 22 25 29 26 23 16 17 18 15 25 16 18 23 32 27 35 28 20 42 27 32 20 26 22 18 33 39 25 27 22 25 13 21 29 21 18 12 25 27 16 27 17 30 24 20 30 22 22 25 22 23 9 11 18 
20 33 24 18 25 20 18 35 29 20 35 19 32 19 18 17 17 14 25 15 46 32 10 10 23 26 23 21 29 34 25 20 20 30 22 1 26 24 14 25 14 10 19 24 24 11 27 21 32 20 13 27 17 30 26 27 27 23 16 20 
28 13 29 5 34 28 19 7 32 17 9 13 27 24 11 22 30 11 21 23 24 32 23 25 29 36 13 13 11 31 28 23 30 24 17 21 26 16 21 20 21 13 19 34 18 17 10 19 24 17 20 20 22 21 17 31 19 26 19 18 
19 19 27 27 25 13 22 31 22 27 31 12 43 28 18 27 31 15 15 7 30 30 27 13 20 25 18 13 22 24 29 32 40 24 26 14 6 30 21 36 16 8 26 18 29 16 35 13 27 18 20 30 10 22 15 30 25 26 17 13 
9 17 19 21 18 27 11 29 32 14 31 23 19 20 20 11 20 21 19 26 26 32 25 19 10 24 30 22 23 29 32 13 27 25 26 19 27 17 25 27 25 13 18 32 32 18 27 5 39 12 15 24 23 30 23 28 29 28 8 28 
12 10 22 26 22 24 19 29 17 26 16 20 37 22 14 8 29 15 12 29 26 30 34 19 27 48 27 10 20 21 27 23 25 32 26 19 34 27 13 36 17 16 35 32 30 20 34 16 31 23 18 25 7 32 22 34 16 16 11 23 
16 20 22 22 34 27 28 12 30 23 23 16 24 31 8 18 31 12 16 13 18 40 37 20 16 15 14 21 20 30 33 24 20 38 24 18 27 19 16 16 12 12 19 21 17 23 33 14 22 12 17 34 26 33 22 27 14 19 19 17 
14 20 37 28 32 43 15 26 11 19 29 20 26 28 20 21 10 21 23 39 35 54 31 20 23 23 16 24 17 16 14 10 24 20 33 14 32 21 22 34 12 12 9 26 26 22 13 19 31 22 17 29 29 37 20 38 14 9 21 13 
19 21 13 25 32 27 16 29 35 18 42 11 41 25 8 27 35 16 26 21 23 28 23 14 19 25 30 12 18 21 16 19 22 33 15 20 16 24 19 45 13 12 28 23 21 16 41 21 31 20 23 23 17 24 11 34 28 26 15 25 
18 20 23 28 27 18 10 22 24 32 39 11 33 24 16 18 30 17 14 23 20 32 32 19 30 20 33 13 7 25 44 14 25 19 25 8 23 24 22 23 11 20 25 23 26 24 31 13 31 21 27 25 22 34 19 25 14 21 15 18 
17 25 29 28 5 23 20 25 22 19 33 21 37 23 10 23 19 23 30 18 28 28 19 16 20 32 8 8 26 24 29 27 23 18 30 13 21 26 19 29 12 10 19 37 37 15 21 22 27 16 20 18 10 21 26 33 15 32 21 10 
20 38 31 40 30 15 19 32 30 28 36 16 33 27 16 17 15 19 23 14 20 37 20 25 33 38 21 15 23 27 32 35 28 27 26 19 18 30 9 30 15 20 18 36 21 15 26 11 12 14 14 28 23 19 19 31 31 20 18 21 
20 27 23 33 30 32 23 46 25 24 35 15 31 20 13 18 27 17 21 26 24 42 26 17 28 25 15 9 18 29 28 41 15 32 11 17 26 21 23 28 32 20 16 26 25 16 34 15 33 14 19 28 19 18 20 42 27 2 19 20 
18 19 28 32 29 30 19 30 33 12 43 15 27 17 9 15 19 25 23 19 41 28 23 16 10 40 18 18 29 24 20 34 19 42 20 13 21 15 11 32 4 21 21 32 22 5 43 16 28 17 17 53 23 26 8 24 40 29 19 17 
23 24 22 24 22 23 11 38 22 12 27 18 36 24 9 21 26 7 19 27 43 36 32 20 27 21 27 7 19 32 33 27 20 12 35 13 22 12 17 25 15 24 12 22 35 17 31 16 29 17 24 16 17 16 12 48 13 33 18 21 
21 24 28 37 37 27 18 12 27 22 20 18 32 23 14 17 20 10 14 14 40 25 26 11 38 8 15 18 22 22 24 26 19 16 18 16 19 14 22 33 17 19 28 28 29 17 13 22 23 12 31 18 22 36 25 24 20 27 18 21 
4 25 18 30 33 25 18 18 22 21 33 6 38 23 10 19 8 20 18 24 32 26 15 17 18 29 19 11 16 22 32 26 17 29 17 21 34 25 18 31 27 14 21 29 32 11 22 19 17 17 6 32 26 30 16 40 22 9 23 17 
14 22 35 26 28 19 8 31 31 34 13 18 31 19 20 22 26 27 17 20 26 26 20 17 35 30 26 13 16 26 33 25 24 25 18 20 11 24 13 14 15 18 32 22 28 15 24 16 28 8 23 25 21 26 19 27 29 34 14 24 
13 17 24 22 21 18 22 17 24 27 29 12 26 28 18 8 23 15 22 28 34 41 33 25 28 33 21 16 17 28 16 30 19 39 16 22 25 26 16 29 9 14 17 34 30 15 22 15 32 22 16 33 24 22 16 26 20 16 24 19 
15 25 29 20 20 24 13 24 33 16 42 6 44 24 12 20 25 25 17 18 18 26 28 14 14 33 23 12 14 21 33 38 18 26 15 21 30 26 19 22 9 16 16 28 37 21 17 21 29 13 23 37 22 37 19 22 31 20 24 10 
9 28 28 30 38 30 22 30 18 16 23 13 21 34 17 8 21 19 19 27 23 31 38 21 24 33 25 15 24 40 28 39 27 20 26 23 18 23 15 25 20 13 16 22 26 14 20 27 18 14 17 25 9 36 28 36 27 31 25 17 
15 25 21 35 50 10 14 35 24 24 31 14 22 19 17 21 26 5 30 23 28 26 23 16 19 44 32 21 16 32 27 24 11 24 16 16 33 9 16 30 18 22 21 41 15 14 27 17 34 21 19 19 15 14 16 40 23 10 11 16 
9 18 33 21 36 35 18 29 22 22 19 17 30 20 11 26 28 17 19 33 28 34 21 16 36 29 24 21 17 34 29 19 16 33 9 24 6 12 14 26 26 20 24 18 38 18 17 14 21 10 19 47 25 28 26 41 23 28 24 20 
19 24 14 35 31 27 14 14 35 15 42 23 18 30 21 27 9 25 21 40 32 36 27 16 20 26 27 24 16 19 15 11 30 24 26 26 18 23 14 24 13 16 18 27 25 12 29 15 24 14 23 26 29 25 26 37 27 28 15 21 
15 29 31 26 22 23 24 33 30 20 36 21 23 21 19 16 26 12 20 17 38 25 28 16 17 24 27 14 19 26 25 27 22 40 23 22 21 26 19 17 16 17 25 32 34 15 20 14 27 10 13 35 13 33 23 17 11 19 27 18 
19 28 15 34 32 15 23 19 27 18 33 13 40 24 18 20 24 20 13 28 23 30 2 20 29 32 21 19 18 27 24 35 20 25 20 15 29 27 16 37 19 23 18 23 30 18 29 22 21 19 19 26 8 28 25 19 19 22 6 15 
20 14 12 29 37 18 14 32 22 24 34 22 26 22 15 23 21 14 23 24 25 36 31 19 34 39 24 23 13 28 35 22 14 32 27 25 27 23 19 30 12 14 34 22 35 12 30 18 30 12 34 36 26 24 13 43 28 24 19 20 
15 35 26 31 29 37 19 21 34 24 23 19 37 22 17 18 28 23 24 26 41 48 21 20 32 26 34 17 20 27 31 19 29 38 18 17 25 22 15 31 16 23 10 29 17 18 20 21 12 14 18 38 22 32 24 36 21 21 23 23 
18 13 18 43 26 35 13 42 28 25 25 18 19 26 15 14 33 27 4 25 34 36 25 24 33 29 29 24 29 26 23 30 17 21 14 18 28 28 8 31 10 23 23 17 40 19 27 24 30 14 16 31 23 27 14 23 11 30 20 23 
17 29 22 32 24 24 15 42 26 20 22 20 39 16 10 14 8 14 27 17 35 34 14 9 28 18 24 17 9 26 26 22 21 26 23 15 16 20 22 33 13 14 13 19 31 13 20 15 30 17 20 33 16 36 19 18 21 27 24 14 
14 20 36 30 29 29 10 41 19 22 28 11 43 11 7 16 26 9 29 24 16 34 36 10 20 33 27 14 20 15 25 24 15 32 20 19 21 25 22 34 23 17 18 28 42 22 42 18 25 12 15 19 21 31 28 36 14 17 17 24 
11 36 25 29 41 18 14 31 22 8 38 15 33 23 12 18 18 29 30 25 32 21 29 12 32 26 13 15 23 37 39 27 15 21 23 20 28 16 19 29 24 13 19 37 46 18 36 12 33 20 19 31 10 28 22 24 21 27 19 12 
20 23 20 22 24 24 18 34 12 19 36 17 40 24 20 20 24 23 12 31 30 33 31 10 21 16 16 18 21 22 32 40 15 31 26 21 24 21 15 21 24 10 20 22 33 13 34 20 25 13 22 22 13 25 27 28 30 16 14 13 
14 30 27 37 26 17 16 41 19 28 22 18 33 13 10 15 9 16 13 23 36 31 24 16 35 39 30 18 18 26 22 23 25 29 13 17 20 25 16 26 14 10 27 32 31 11 35 20 24 19 14 32 19 36 15 30 23 22 21 20 
13 19 13 29 23 22 8 48 27 26 20 11 32 13 18 21 23 22 25 18 20 48 25 15 27 41 35 11 18 18 33 16 18 14 35 13 21 16 27 16 20 9 18 38 32 18 26 11 26 19 13 33 32 31 25 20 20 15 16 28 
19 22 27 25 34 24 7 52 21 28 37 16 27 24 12 14 15 20 20 35 35 28 31 22 21 31 20 8 17 13 23 40 36 30 16 18 12 33 20 31 7 15 29 27 40 14 25 12 22 23 18 25 11 23 23 45 22 38 8 24 
16 27 32 24 31 17 22 29 17 21 37 13 34 18 12 20 27 35 20 24 25 42 38 17 18 22 23 21 20 19 39 26 12 21 11 22 31 21 15 37 21 14 26 27 36 16 31 9 27 20 24 20 18 21 27 25 28 35 11 15 
15 23 32 24 35 25 19 39 24 15 28 16 40 25 9 16 24 19 18 19 44 34 24 25 34 15 37 13 24 18 20 34 22 22 22 21 31 27 18 24 17 12 22 15 41 13 33 12 25 17 20 20 13 18 17 30 18 27 8 27 
16 25 27 13 20 24 16 30 23 32 20 18 24 26 23 22 37 16 25 25 16 30 29 20 21 25 34 11 20 28 26 20 13 11 23 15 27 22 22 20 18 9 12 22 20 14 27 19 18 16 16 23 18 35 18 43 27 16 14 24 
15 17 23 22 25 29 16 33 10 29 23 34 24 26 23 15 20 32 20 12 18 45 15 13 34 27 19 18 20 35 28 24 36 28 19 22 24 22 13 27 17 14 19 26 28 16 27 22 33 18 24 24 31 35 17 35 7 17 17 16 
16 21 19 23 36 24 17 38 22 24 9 18 15 24 18 20 29 23 21 29 24 17 25 22 19 22 26 20 28 34 19 36 31 40 20 11 33 28 15 29 17 22 27 38 29 21 23 11 18 18 11 31 23 14 28 34 35 26 20 21 
19 38 11 20 39 19 18 31 31 26 23 22 39 25 18 22 21 14 23 20 46 29 32 15 46 25 24 14 19 25 30 31 17 30 24 15 33 25 21 40 14 18 39 26 37 14 37 14 16 14 14 28 20 35 20 18 21 22 16 15 
13 24 35 25 34 36 16 22 27 25 20 13 36 20 11 19 26 11 15 19 34 31 32 26 17 23 17 20 17 24 35 20 16 13 34 25 21 14 22 28 10 16 23 35 26 28 33 20 37 19 22 22 19 27 31 23 23 29 6 16 
20 32 28 21 31 24 14 30 18 28 49 2 41 17 12 21 38 14 13 22 38 12 24 23 28 28 23 27 19 30 30 37 12 34 31 19 21 24 18 25 16 21 11 45 42 20 18 17 14 21 8 41 16 28 23 31 22 13 17 20 
16 37 15 24 19 34 18 27 18 17 19 21 38 24 14 23 23 13 23 26 34 48 25 15 23 12 19 28 15 23 35 26 33 23 18 21 30 25 10 19 23 17 15 32 30 16 32 6 28 9 17 26 24 23 28 33 23 26 6 22 
18 30 20 16 27 32 26 23 21 15 27 8 26 20 12 25 13 17 13 15 37 22 24 21 35 18 38 19 24 22 12 16 33 21 29 13 25 26 25 39 21 12 15 33 30 17 26 10 21 12 9 24 20 30 21 32 30 19 17 23 
17 13 19 8 19 30 23 36 36 23 25 12 30 22 18 11 20 22 17 23 23 30 29 20 26 20 20 20 23 29 20 25 25 23 17 19 28 27 11 23 25 11 13 26 38 17 30 20 25 11 18 25 18 32 29 39 27 16 4 20 
19 17 15 28 26 18 13 31 26 35 34 12 36 29 13 24 31 19 15 30 28 34 17 10 37 40 27 18 14 17 34 22 27 20 23 22 28 23 10 41 14 10 20 24 25 20 37 22 37 13 9 32 18 37 30 16 23 18 10 27 
20 27 23 27 32 24 15 28 34 30 26 24 20 23 13 22 28 11 12 32 16 23 38 26 22 41 23 14 2 27 30 32 20 25 21 21 26 22 24 24 22 13 23 25 29 19 23 22 35 18 24 39 32 42 11 18 29 20 13 19 
16 17 20 24 39 23 20 28 20 26 44 15 35 19 18 30 35 21 22 29 31 31 29 13 23 39 29 13 24 17 25 28 34 25 17 21 36 24 23 25 20 19 30 18 22 18 29 12 44 17 18 36 17 35 23 20 27 16 19 20 
18 31 25 31 43 20 16 19 39 8 23 12 34 18 13 16 35 18 22 12 26 32 32 13 23 25 24 18 21 23 12 45 24 28 19 11 29 14 23 28 14 16 13 13 36 16 17 9 42 23 17 6 13 33 18 32 8 23 27 22 
19 21 26 13 21 17 19 30 32 22 34 19 34 36 17 22 17 20 17 28 22 27 19 23 23 26 11 11 24 33 33 29 28 33 23 16 18 19 15 29 30 12 21 34 27 13 30 16 16 18 14 24 27 35 31 24 18 30 17 18 
15 41 11 23 40 19 28 37 14 32 34 19 24 22 18 18 24 15 16 34 27 16 28 17 24 30 31 18 18 15 17 31 25 32 18 15 25 21 11 18 27 15 16 23 28 11 28 11 32 12 21 36 18 33 32 21 13 22 18 9 
20 32 21 18 30 20 10 20 21 30 42 20 23 26 13 10 37 32 15 20 44 44 21 15 28 22 24 13 28 5 26 25 26 41 21 10 27 33 22 23 25 15 11 20 32 11 33 15 34 19 27 18 18 23 20 34 30 28 9 17 
15 21 16 22 30 4 19 30 23 32 34 19 37 11 13 16 33 20 11 30 23 40 17 12 23 27 30 24 13 20 12 33 18 23 18 15 27 25 17 15 22 12 21 29 26 10 18 16 28 14 15 22 19 40 20 29 21 10 23 10 
9 29 14 26 32 22 16 37 28 20 42 23 27 20 10 13 25 20 24 28 24 40 24 24 28 32 30 19 12 28 20 25 21 25 14 21 15 28 21 16 15 20 29 42 42 18 20 23 29 18 12 27 13 32 19 24 17 30 24 11 
18 28 27 17 7 22 21 29 22 32 23 16 20 32 15 27 25 20 25 8 27 13 25 21 26 29 18 19 17 30 24 30 34 46 23 25 16 21 19 15 22 18 21 30 34 9 29 17 26 20 18 40 22 24 22 36 11 24 20 13 
13 24 23 10 32 28 15 16 30 31 37 16 54 26 16 15 35 25 18 24 44 19 29 18 26 21 24 10 17 22 26 28 8 15 27 16 19 22 21 35 20 15 24 20 21 15 19 16 20 7 21 24 18 25 13 34 10 28 17 18 
14 21 24 9 23 9 14 22 20 29 25 21 35 28 12 23 32 23 14 28 22 42 30 20 25 29 16 16 18 27 32 24 24 29 28 15 23 17 20 31 17 14 21 11 33 19 26 9 22 9 31 29 3 21 19 29 23 14 22 25 
9 20 15 25 27 21 12 27 31 27 36 21 30 36 21 19 22 17 14 29 38 25 28 14 38 39 19 17 25 34 25 23 23 25 24 20 18 30 11 32 15 12 22 15 27 21 9 13 39 11 12 17 11 10 18 26 22 20 15 25 
18 33 19 20 35 21 17 42 24 17 25 17 40 23 16 11 29 12 28 22 26 42 20 14 13 28 26 4 8 18 44 25 16 20 29 10 22 23 9 19 18 15 25 18 25 26 21 20 20 14 17 18 11 38 25 35 22 11 18 11 
22 17 18 25 21 11 24 30 23 18 31 20 26 17 11 24 19 5 14 30 32 29 16 11 28 36 30 18 28 29 25 24 44 37 30 15 17 20 18 32 21 18 19 27 16 19 28 22 24 13 10 20 12 17 11 37 29 35 14 23 
23 37 21 21 19 28 14 32 22 26 36 21 33 25 8 19 33 16 23 28 26 33 32 21 31 35 29 19 18 10 21 22 38 25 31 22 28 18 14 33 15 16 16 17 24 15 24 22 21 21 19 29 20 32 20 37 12 23 17 25 
16 18 17 25 37 29 15 25 26 19 47 20 44 20 21 14 23 18 22 21 34 17 25 19 30 27 17 21 19 19 24 32 15 21 17 16 21 31 10 20 20 13 5 39 25 13 21 14 29 7 15 24 24 14 28 26 15 16 20 16 
23 24 23 29 40 21 16 14 30 19 36 18 44 14 16 31 28 23 13 22 27 26 16 28 20 21 24 14 29 27 33 28 30 37 28 15 26 21 13 31 12 15 16 22 34 17 27 21 22 21 23 35 24 19 25 48 9 29 8 20 
15 19 21 19 16 17 22 26 20 22 26 14 22 18 18 15 24 15 18 26 27 26 26 14 37 27 21 8 9 30 24 26 14 17 21 17 32 25 16 28 15 19 20 39 42 15 29 20 28 14 18 25 25 27 22 18 23 23 29 21 
13 32 23 18 25 23 17 41 25 21 26 21 8 22 14 25 21 14 13 39 31 21 30 21 32 24 11 16 28 31 31 14 37 41 19 19 33 24 20 41 19 12 28 31 34 16 28 19 31 21 15 43 25 20 17 46 27 32 20 7 
14 25 26 24 25 26 23 27 28 22 25 7 27 17 20 24 28 16 14 31 26 21 36 17 23 47 31 16 22 39 35 19 28 42 21 17 32 26 18 32 19 19 30 27 25 21 13 19 33 17 12 30 16 24 22 22 12 28 11 17 
18 25 24 24 21 39 24 32 21 21 27 17 37 25 20 17 26 13 28 27 22 44 29 15 25 31 27 17 13 23 17 26 35 16 17 16 27 8 18 28 27 4 25 35 30 20 36 18 24 17 8 26 17 30 28 18 21 15 17 24 
21 24 15 28 43 24 15 26 12 31 23 19 11 23 23 14 20 17 18 30 38 35 25 21 19 31 29 15 12 29 35 28 28 17 22 20 20 17 19 35 19 13 17 20 33 18 29 8 24 12 16 18 25 42 23 31 16 31 18 18 
23 31 32 31 38 20 12 37 29 18 30 9 35 35 21 20 22 19 15 18 24 44 31 15 30 12 16 17 20 25 28 31 25 27 27 9 32 14 12 43 19 9 22 33 18 16 24 7 27 13 11 28 29 19 11 34 18 23 13 17 
17 17 21 16 18 24 11 27 22 19 29 20 14 22 7 23 22 19 13 26 34 29 22 23 26 33 17 24 22 21 14 38 21 24 18 18 24 25 10 28 13 15 21 21 20 17 26 19 27 14 22 11 14 27 9 26 21 28 22 15 
11 25 28 12 24 20 16 26 14 19 19 20 27 29 11 15 10 27 30 29 22 36 13 10 27 25 22 15 8 30 21 23 19 28 18 14 21 27 20 34 14 14 19 34 31 13 24 14 36 19 21 36 25 43 10 27 13 36 20 24 
14 22 28 28 35 34 18 42 30 23 22 15 31 20 9 18 22 19 14 9 30 25 34 21 35 21 35 20 23 26 35 34 18 26 14 26 35 21 22 25 21 13 24 28 36 20 21 9 21 18 11 26 22 37 20 10 16 31 21 18 
10 22 24 28 31 25 14 34 26 10 27 17 41 22 19 19 15 19 26 15 29 28 33 17 40 33 27 24 30 22 26 35 19 31 20 19 31 22 17 27 16 13 32 30 32 18 40 14 30 11 10 30 21 32 19 26 16 24 16 21 
12 26 13 23 32 17 13 40 29 26 29 15 41 19 14 16 26 16 12 16 22 30 29 18 28 25 21 16 16 23 16 38 14 24 25 17 27 34 23 28 26 24 14 14 32 12 26 16 19 20 21 47 14 37 26 37 19 31 18 18 
15 27 23 15 24 28 21 39 14 13 35 12 25 21 15 14 24 13 22 32 44 52 34 18 37 24 25 14 14 18 35 20 31 25 25 24 13 19 12 33 20 26 19 33 39 11 37 20 21 12 23 33 16 32 14 27 19 19 22 3 
15 14 23 19 27 31 19 5 21 37 29 20 32 16 12 24 28 10 26 28 29 22 23 19 16 28 27 17 28 16 28 20 16 26 19 21 21 29 16 18 15 14 13 29 33 16 10 11 22 12 8 20 30 27 30 35 14 25 16 9 
13 24 28 19 27 28 12 32 35 26 36 8 39 26 14 11 29 17 20 32 43 22 29 14 35 38 28 13 34 17 21 35 26 14 16 22 26 29 18 21 8 15 30 36 35 16 12 14 33 15 12 23 14 24 24 29 25 32 15 14 
11 24 26 21 15 38 16 28 26 21 11 15 15 28 14 12 15 12 20 36 24 26 29 21 27 32 19 21 15 26 32 23 15 25 35 17 17 29 16 44 18 14 4 11 18 20 24 8 26 16 21 35 18 41 16 25 10 39 13 21 
25 24 19 28 20 29 10 39 33 15 19 21 33 27 15 24 28 14 27 21 26 26 19 17 36 25 23 14 19 24 41 30 20 31 19 15 25 20 13 20 10 15 29 24 11 17 29 14 26 23 15 8 31 28 14 46 16 32 15 18 
16 22 32 23 29 37 20 27 20 20 36 18 35 9 21 14 37 10 20 22 36 36 23 23 26 44 27 19 17 21 27 32 27 22 15 17 29 20 25 18 22 20 21 13 35 11 34 19 35 21 15 13 21 25 14 27 20 29 20 12 
11 26 25 15 12 21 18 27 23 36 22 16 38 29 13 13 24 20 16 23 34 40 33 23 13 25 13 17 32 18 17 35 29 24 21 12 27 17 24 19 17 11 18 33 39 23 22 14 37 13 14 13 17 40 30 48 16 22 21 8 
18 12 30 27 29 18 12 23 18 14 37 10 30 28 18 17 27 11 18 16 23 34 30 14 35 31 29 11 20 22 23 36 21 34 25 19 39 18 13 30 12 9 15 30 35 17 27 16 19 18 23 29 15 35 28 37 26 26 19 27 
20 24 5 21 28 15 15 14 27 29 32 18 24 20 10 5 34 12 12 24 38 49 35 13 12 25 22 13 13 38 21 33 29 28 31 11 32 17 19 31 13 18 26 22 16 11 32 13 33 13 12 17 23 34 20 28 25 22 11 13 
22 28 22 29 38 24 26 30 32 22 28 5 18 23 15 21 20 19 24 26 41 40 23 18 17 23 30 18 24 27 26 25 23 35 14 17 26 21 13 25 21 18 12 17 32 14 32 15 19 15 14 23 18 35 18 41 12 26 24 21 
11 33 18 32 36 20 26 15 36 14 25 21 31 22 17 8 31 16 20 30 22 37 34 16 29 23 16 10 19 28 14 19 35 34 28 21 25 31 15 27 4 12 12 20 31 12 15 20 28 17 14 23 26 35 4 38 22 19 12 25 
17 23 26 21 35 19 9 24 25 18 20 17 36 18 17 27 21 21 22 6 18 39 16 12 27 29 27 16 26 31 23 24 20 30 24 25 21 28 13 28 9 13 15 25 37 18 38 11 36 16 32 31 23 27 15 32 23 28 16 10 
15 28 22 19 34 33 17 36 30 14 32 17 35 25 17 16 15 19 19 28 30 29 36 15 30 39 25 15 24 35 24 14 21 16 32 19 25 25 26 26 6 21 19 20 21 18 30 11 32 16 16 13 29 14 18 27 18 23 19 17 
20 23 20 20 24 25 16 28 22 24 29 25 19 27 18 24 26 22 16 9 21 40 26 17 23 26 28 22 20 18 28 15 20 33 21 17 25 20 21 35 21 15 19 24 26 16 34 14 17 16 22 30 32 35 29 31 25 18 12 18 
15 21 30 29 22 39 28 27 30 26 18 23 36 25 21 20 29 15 21 28 31 31 33 17 24 22 18 23 11 18 19 31 15 18 22 16 23 23 17 19 13 21 10 30 16 20 28 15 16 23 12 39 23 36 24 46 10 30 8 24 
26 29 27 15 32 28 20 29 25 16 38 14 25 22 7 10 35 23 30 13 40 41 19 19 34 16 23 13 30 38 21 35 28 30 12 16 27 20 26 18 22 15 16 25 36 23 20 17 27 25 24 18 13 36 25 50 12 19 20 24 
24 31 31 26 30 26 23 29 26 33 28 21 32 18 15 20 28 12 31 15 31 36 33 12 31 24 16 19 28 27 32 30 19 30 14 14 17 26 18 39 9 14 22 40 35 13 29 22 23 19 19 4 18 15 16 17 31 38 19 20 
15 32 27 22 18 27 17 21 18 39 26 25 40 27 18 17 38 18 28 37 31 18 16 18 25 29 27 22 24 22 30 13 18 28 25 19 25 27 16 31 15 15 11 35 45 15 20 22 33 21 20 18 26 31 23 36 19 22 10 15 
15 16 14 28 29 22 17 32 40 24 40 13 40 14 21 17 22 19 25 29 34 26 26 23 30 16 37 18 29 31 19 27 21 45 24 16 32 33 23 13 24 14 27 35 44 16 31 23 31 13 23 35 25 30 18 31 16 21 17 19 
19 24 26 29 28 23 9 35 24 15 23 23 28 18 15 22 31 20 16 17 31 22 28 21 24 25 17 22 19 28 20 22 31 30 29 21 11 20 17 44 14 13 27 34 47 12 14 8 32 11 13 22 17 39 19 16 14 20 15 21 
14 22 31 10 44 14 18 14 27 31 27 20 25 12 11 14 23 12 12 33 26 28 32 16 21 10 23 12 18 26 42 17 25 29 30 14 26 9 23 25 10 12 17 33 43 27 36 17 14 19 10 30 22 35 10 37 14 20 27 17 
16 25 13 23 45 20 13 29 31 27 39 18 25 29 15 10 13 11 21 32 24 13 33 29 29 20 23 15 17 32 34 8 12 32 14 18 27 21 18 25 20 16 20 36 26 13 21 15 25 11 17 35 24 17 33 11 27 19 22 24 
14 23 18 23 25 29 16 38 14 27 24 24 32 13 9 16 21 20 19 20 19 18 32 16 22 23 25 13 13 25 14 50 34 22 17 24 19 23 17 40 24 12 29 34 41 13 22 17 28 13 14 26 15 37 20 50 14 27 18 23 
19 22 21 16 32 21 16 36 42 22 17 15 31 20 7 16 33 11 21 26 27 22 25 16 26 29 22 15 22 20 23 24 17 29 18 20 25 21 11 30 18 16 17 14 49 10 39 23 20 19 24 29 20 35 29 23 21 21 17 12 
17 15 30 26 22 18 19 31 23 23 34 3 32 23 13 22 20 16 19 17 15 20 32 18 22 20 21 16 21 20 29 20 28 32 19 14 24 20 22 19 14 10 31 32 25 14 19 20 24 14 15 28 15 35 25 18 23 18 12 20 
16 21 17 7 35 33 16 22 38 26 38 14 21 18 13 16 23 15 8 24 15 36 25 22 23 45 16 22 20 24 22 27 26 18 29 20 26 23 21 39 13 13 14 30 34 16 24 16 25 10 15 27 20 29 13 40 13 34 18 13 
15 16 20 38 32 14 22 35 30 19 31 17 33 22 12 15 18 20 24 14 36 43 25 21 11 34 22 17 27 32 37 28 25 36 21 25 39 10 15 15 18 5 18 35 16 15 29 14 24 14 18 26 20 22 24 17 16 22 9 22 
20 36 27 28 30 9 21 43 30 30 28 18 16 21 10 23 19 29 19 26 38 22 24 21 25 27 15 21 24 20 37 42 24 17 30 9 40 13 18 37 13 13 19 52 28 15 28 9 34 20 22 36 21 22 24 30 12 22 14 17 
19 33 27 28 33 28 17 44 25 18 25 16 36 19 16 16 27 23 18 14 22 7 28 13 33 29 12 15 24 22 22 30 19 30 18 13 33 22 22 35 18 19 19 27 20 15 34 15 28 15 11 24 12 32 20 45 30 14 20 14 
10 23 21 24 22 12 14 34 36 29 29 18 32 7 17 14 30 15 21 23 32 30 26 19 19 35 28 8 15 25 51 38 19 22 25 12 26 20 14 35 10 14 23 36 37 18 20 22 27 9 20 23 28 24 18 40 27 18 14 18 
15 34 25 26 23 30 12 38 22 25 28 15 21 22 25 19 25 14 8 28 24 39 32 16 26 36 29 16 22 19 39 15 29 38 21 25 28 32 19 10 18 18 14 27 15 17 27 21 25 17 18 22 20 33 20 35 28 34 24 17 
19 30 13 25 26 22 16 28 19 38 30 19 26 17 18 15 26 25 16 12 27 34 27 14 22 29 19 22 16 27 9 11 23 34 22 21 15 25 11 9 17 13 16 28 10 19 25 12 28 15 19 22 22 26 35 17 29 30 15 22 
12 37 27 34 29 29 25 14 25 26 24 24 28 28 21 24 24 26 30 22 21 13 28 27 33 14 25 17 25 16 22 27 15 42 26 14 25 14 17 28 16 18 15 29 24 16 36 21 24 24 11 19 12 26 17 33 13 14 14 11 
23 12 21 29 31 35 12 36 27 21 25 17 48 28 17 24 25 20 22 28 20 37 21 22 15 33 23 17 30 33 36 31 17 34 7 10 23 25 23 23 14 16 24 31 20 22 30 8 24 17 21 29 9 34 12 17 8 20 17 17 
16 25 14 25 40 18 17 28 22 20 43 29 31 18 5 17 19 27 22 13 16 24 33 14 28 35 20 20 28 32 20 35 31 23 27 20 31 24 23 24 22 18 26 39 20 18 39 14 15 15 19 32 14 34 34 51 31 20 21 19 
19 19 22 29 33 26 16 25 41 28 30 17 35 25 24 25 24 16 31 23 37 34 28 17 24 39 12 18 32 21 34 34 39 25 26 9 21 10 16 18 15 17 14 25 32 16 28 11 9 6 15 30 15 41 20 26 20 30 28 20 
18 34 33 22 27 25 19 28 17 22 26 22 20 18 19 25 26 16 10 21 19 10 29 15 19 8 19 17 23 19 10 23 36 34 26 25 33 23 21 34 23 14 23 39 24 21 35 7 37 19 23 23 19 44 22 37 19 21 17 18 
17 13 16 13 35 24 18 32 33 11 31 8 19 16 15 19 19 15 18 27 30 29 32 18 19 20 23 16 16 27 26 37 30 39 15 26 35 25 14 44 13 19 22 19 46 20 30 20 22 17 20 28 14 26 11 44 10 33 9 21 
3 15 32 19 29 23 23 35 23 17 34 8 24 32 19 10 23 28 20 22 19 21 36 22 21 22 21 16 23 13 26 16 3 31 8 24 23 29 24 22 15 19 32 32 24 12 50 7 25 11 21 34 12 30 18 13 19 33 18 20 
20 21 34 20 38 5 8 40 34 32 20 17 37 15 14 14 26 17 17 15 22 37 22 23 4 25 26 23 25 34 19 29 32 30 18 16 21 23 14 14 7 12 22 23 28 14 33 15 27 13 26 27 24 29 24 28 30 32 12 22 
23 31 15 13 5 24 14 6 28 5 28 14 46 22 15 25 36 15 22 27 32 29 32 23 19 41 34 11 19 17 25 36 12 46 20 5 26 27 19 26 10 15 25 16 22 17 19 14 24 15 17 36 18 18 20 21 25 22 27 22 
22 26 15 28 16 31 19 21 20 19 39 10 60 19 11 7 18 14 16 26 36 20 28 17 27 17 19 17 20 31 25 26 30 37 25 23 28 21 23 35 14 22 24 31 27 21 40 16 20 21 28 33 19 36 17 17 14 26 17 16 
17 34 26 27 38 31 18 38 25 23 29 14 39 25 13 12 14 20 21 14 27 26 17 16 29 39 13 17 20 31 39 23 12 30 10 23 19 20 18 25 26 12 15 38 23 17 25 15 29 8 17 30 26 27 22 23 28 18 13 26 
12 32 17 16 29 25 22 45 28 42 33 22 44 21 7 24 30 13 20 34 37 32 40 17 28 41 24 20 21 14 29 22 21 21 14 16 24 22 20 36 18 20 13 29 23 12 38 14 28 18 28 25 16 22 8 27 18 15 20 19 
19 19 29 28 16 30 14 29 30 16 36 15 29 13 11 15 24 28 21 30 35 21 17 17 20 22 21 14 26 23 24 16 27 33 22 14 14 11 15 37 19 18 20 32 22 12 36 19 28 17 9 24 25 33 28 29 16 29 24 16 
14 20 22 20 34 27 27 32 16 23 30 16 38 22 18 15 27 13 2 28 25 36 25 20 24 24 20 12 16 16 39 40 34 18 17 14 20 16 13 23 11 13 23 49 42 14 23 13 34 13 8 26 18 31 5 27 22 13 18 19 
16 29 22 21 28 22 21 34 26 31 22 14 11 28 12 24 32 22 23 28 29 25 29 21 29 30 20 16 28 26 28 26 27 26 16 21 26 31 15 37 11 11 14 30 20 18 34 18 17 20 17 12 26 40 22 29 22 10 24 10 
15 17 23 20 49 20 24 29 21 22 20 9 40 28 15 14 9 17 26 16 38 28 24 21 37 32 18 12 9 32 19 22 16 23 18 26 39 16 13 32 18 8 33 31 26 17 32 17 26 9 18 14 13 35 12 34 20 30 18 14 
17 13 25 33 29 24 15 36 30 17 18 8 35 24 11 13 15 13 24 19 24 34 23 25 25 22 22 21 18 22 12 33 26 10 27 15 33 29 15 37 12 17 23 28 28 20 20 16 29 13 24 23 15 32 25 34 18 35 23 19 
17 21 20 25 14 20 18 31 20 26 40 17 43 18 16 23 37 15 11 26 26 43 15 16 30 21 19 15 21 30 31 26 27 15 24 12 24 28 18 28 16 13 24 44 34 13 46 18 24 11 19 20 20 38 23 24 24 16 13 28 
20 30 27 40 38 33 16 8 30 16 25 21 40 27 13 24 33 9 24 24 33 22 26 14 33 21 18 18 14 22 35 17 16 40 23 5 34 20 22 35 10 16 29 28 26 15 48 16 28 22 18 29 17 30 17 34 16 25 19 20 
20 28 28 27 32 30 19 16 18 18 29 25 33 18 12 19 29 13 23 18 45 33 32 21 33 35 24 18 31 22 32 23 34 11 21 24 21 32 14 20 22 12 27 32 27 17 14 16 27 19 18 26 23 25 30 37 20 12 20 19 
18 28 15 23 28 11 14 22 23 25 48 20 22 22 20 15 27 26 14 18 44 34 25 16 17 18 28 19 22 22 25 28 27 49 22 29 23 30 13 33 17 14 9 29 28 18 24 16 32 8 21 15 16 16 21 35 10 29 19 8 
14 27 17 23 39 25 16 34 23 27 33 17 26 26 14 15 28 16 15 24 28 31 29 16 31 29 16 11 22 29 13 26 30 25 33 5 31 24 26 32 20 25 17 30 16 16 22 20 32 18 15 40 16 28 22 28 25 20 17 13 
11 19 31 31 37 17 21 31 30 26 40 16 25 15 14 5 28 5 24 31 26 51 16 16 23 30 21 17 19 32 23 20 31 19 25 22 31 15 22 21 17 12 26 20 32 13 27 20 31 13 23 25 19 36 20 33 17 14 20 12 
18 22 22 27 28 28 19 38 21 34 41 13 44 15 16 19 18 21 21 29 22 17 20 18 20 14 24 18 8 20 10 21 21 24 16 19 28 11 24 33 17 5 15 34 37 13 20 14 16 17 16 27 26 28 13 44 14 21 8 18 
10 13 36 21 46 25 3 27 19 21 37 17 40 23 15 27 23 14 21 20 24 30 35 19 25 36 28 10 18 36 17 28 16 33 20 19 13 19 21 37 9 11 27 30 21 16 29 15 21 17 14 35 25 22 27 27 21 25 22 21 
15 26 13 19 44 34 15 17 28 29 30 17 11 24 13 10 30 12 16 24 19 32 29 17 22 32 16 11 21 22 29 16 33 21 19 16 12 15 22 26 19 14 18 24 41 13 44 18 23 13 28 25 19 52 12 27 18 15 22 12 
16 19 18 29 23 14 10 26 19 24 26 18 17 28 18 17 30 20 30 29 40 23 17 14 30 23 21 9 23 31 24 36 40 24 16 11 16 19 16 28 26 19 19 4 42 17 29 22 25 14 12 7 21 28 33 21 18 26 13 19 
15 22 30 24 21 14 17 53 27 11 34 17 38 20 15 25 25 13 14 17 39 37 32 17 17 34 25 23 23 28 16 25 17 27 21 24 22 27 20 39 17 12 19 31 24 17 39 23 26 9 12 29 24 24 23 31 19 33 20 20 
16 24 25 31 19 16 20 36 35 15 36 14 27 25 20 22 37 18 34 32 25 18 26 17 25 21 22 14 29 23 40 17 12 37 15 24 20 29 18 16 20 16 18 22 14 11 26 13 32 22 21 38 21 40 23 42 16 28 20 15 
16 8 12 17 29 11 11 37 37 28 20 17 35 29 19 26 22 12 20 12 27 23 21 20 21 25 20 26 24 27 27 31 45 31 27 19 17 20 20 44 8 8 11 32 22 16 30 19 19 14 11 30 24 36 22 27 18 20 20 18 
19 18 26 19 29 14 19 22 25 19 17 14 41 30 10 19 10 28 27 30 16 35 29 22 21 31 13 24 20 28 39 28 24 38 20 20 29 27 21 25 16 17 27 32 32 23 20 13 30 14 17 20 21 29 14 31 35 36 14 22 
18 20 12 36 19 23 9 32 31 16 37 10 29 27 16 20 29 15 30 18 24 20 9 19 26 51 22 20 19 22 32 29 23 26 19 14 21 21 24 38 21 15 18 36 29 12 30 16 36 20 18 20 27 33 11 17 21 30 16 23 
18 9 20 29 41 26 14 14 26 22 26 20 8 27 10 12 16 18 29 26 31 24 24 25 22 32 21 14 26 17 25 32 33 24 20 25 11 32 31 30 14 14 23 20 31 17 16 18 24 14 19 17 21 27 18 24 16 15 12 11 
17 33 31 10 27 15 17 28 27 33 8 16 10 34 19 13 13 15 27 33 46 31 37 13 12 13 25 11 22 39 16 27 32 4 26 15 38 25 27 30 16 17 13 34 21 18 41 16 31 17 12 28 9 27 14 37 14 22 25 20 
9 23 23 13 23 11 12 20 31 17 26 17 25 18 17 22 13 21 12 32 8 39 22 20 30 26 25 22 18 22 27 16 33 28 29 25 42 16 19 30 25 15 6 19 32 22 27 15 28 18 26 29 25 27 15 40 24 16 26 20 
17 25 25 24 22 32 11 37 31 24 28 21 30 24 9 20 21 17 23 25 21 33 31 20 31 21 32 19 14 27 37 32 28 26 15 23 18 34 17 22 28 13 19 19 33 24 32 18 31 24 28 1 24 29 22 31 23 23 15 18 
16 34 11 29 29 29 18 20 27 26 24 12 11 30 20 20 25 27 21 27 36 39 30 17 9 29 20 20 18 28 36 36 28 28 27 23 18 27 17 9 16 20 10 24 27 22 29 23 18 11 14 21 15 32 30 32 10 31 13 20 
14 24 14 31 26 23 16 30 31 25 27 11 17 20 9 9 19 26 16 16 36 38 44 22 23 27 20 18 18 40 23 28 34 24 22 15 24 18 20 24 20 8 19 27 29 16 35 17 25 8 22 27 20 26 20 35 20 21 17 14 
17 29 18 26 28 29 15 37 30 20 30 22 31 17 18 14 28 13 15 32 31 26 35 11 24 25 21 14 23 20 28 32 27 39 18 16 33 15 17 18 25 16 17 16 22 19 11 22 35 18 17 21 18 31 19 19 13 28 12 19 
19 20 24 20 40 26 22 34 23 21 32 18 44 25 15 21 22 10 23 29 32 30 29 15 20 40 21 21 19 19 35 27 19 34 22 16 26 19 14 29 14 16 29 26 30 18 33 9 22 19 12 14 30 7 22 49 24 20 17 14 
8 24 21 24 25 28 16 30 37 29 25 17 32 12 14 9 19 20 24 21 34 22 27 21 30 28 28 15 26 30 25 36 11 35 21 14 28 15 16 18 19 13 23 25 41 13 24 13 26 22 19 31 21 23 27 28 15 17 19 19 
12 22 25 23 20 29 33 31 25 14 21 12 22 16 13 21 25 17 17 28 42 34 26 17 28 24 18 14 18 47 35 45 24 24 24 20 29 27 16 30 23 23 19 19 40 15 13 18 34 15 20 30 27 37 19 21 31 19 24 21 
19 23 25 9 34 23 22 41 28 15 49 12 27 23 14 14 38 23 24 29 38 23 32 16 20 31 16 21 20 33 17 25 25 34 20 18 24 35 10 29 14 20 22 37 38 15 21 18 32 5 17 32 26 22 22 3 26 26 15 12 
22 30 32 25 29 30 14 33 35 22 29 15 33 18 9 8 16 19 19 18 26 30 40 25 27 23 25 31 23 41 35 32 17 36 20 15 29 20 21 43 21 16 24 20 37 22 40 10 21 8 22 31 19 30 7 31 24 14 14 14 
18 29 23 23 27 40 18 19 28 22 27 16 42 21 20 23 30 13 23 27 25 36 34 14 8 25 29 11 22 19 39 29 21 33 29 20 2 26 23 42 23 8 23 28 29 23 36 18 20 10 19 24 23 39 18 29 17 22 15 14 
20 26 26 15 30 26 23 32 27 18 30 17 23 26 19 23 15 24 24 35 19 26 33 15 18 28 21 19 29 22 16 39 25 30 10 24 33 19 18 30 18 15 27 31 30 16 18 20 30 20 21 38 21 24 24 17 28 31 12 20 
17 23 11 21 37 15 14 29 45 31 25 29 32 22 17 19 14 7 29 35 17 43 21 17 28 15 20 20 20 18 24 28 26 25 13 18 22 21 20 31 14 11 21 38 39 15 5 16 22 21 24 20 11 27 12 26 29 17 19 18 
21 34 31 37 31 32 9 22 29 12 30 16 29 35 10 16 23 13 16 22 25 41 29 25 36 22 25 24 18 36 27 26 19 34 26 17 26 22 22 28 13 14 14 44 20 21 33 13 13 9 13 28 32 30 18 42 20 31 18 8 
13 22 14 34 36 21 2 34 32 21 22 11 46 27 16 15 19 12 20 30 40 22 27 18 27 30 27 14 20 26 19 27 33 11 34 15 28 16 19 31 20 16 9 38 10 17 35 24 14 22 11 33 25 47 24 39 24 33 10 18 
11 29 21 15 16 29 20 28 26 23 17 13 30 22 13 28 16 11 22 23 19 18 19 24 32 46 39 24 13 26 31 27 22 29 21 16 30 26 13 36 22 18 19 7 30 12 18 19 14 18 19 25 21 29 9 29 19 25 21 27 
18 26 18 22 17 33 19 41 27 24 22 9 31 20 5 15 31 19 23 29 27 31 26 18 25 35 26 12 26 34 32 31 22 22 16 21 29 17 8 29 15 17 21 20 19 17 33 24 23 16 23 35 21 40 21 17 30 26 23 14 
12 33 29 37 27 14 23 11 15 28 36 18 52 26 19 12 31 28 14 25 25 44 21 13 12 31 26 16 24 38 36 19 21 32 20 15 20 23 15 29 22 10 25 25 19 20 34 10 29 10 11 38 22 28 18 25 19 35 14 23 
17 15 28 34 36 9 20 6 40 27 39 27 35 24 18 15 23 17 20 24 25 36 35 19 38 28 25 11 19 20 16 27 20 28 21 12 33 17 17 19 24 18 10 37 41 15 35 16 28 14 22 21 25 22 22 27 28 25 14 12 
13 23 20 26 39 22 17 29 27 15 36 7 42 27 14 22 22 11 18 29 20 48 18 19 24 35 30 19 6 32 41 25 27 28 29 9 22 26 16 22 17 16 22 41 37 19 37 11 17 15 19 29 13 33 17 19 11 24 22 16 
28 25 20 24 25 25 16 26 25 33 15 16 21 9 18 18 19 14 30 24 36 47 31 14 24 33 24 12 17 21 27 35 26 16 30 21 29 20 15 30 10 19 7 23 16 23 41 20 21 14 22 38 18 38 16 19 29 16 16 22 
17 23 29 35 18 16 18 25 34 28 10 16 21 22 11 16 7 18 21 13 27 23 23 10 25 31 29 23 22 16 18 22 23 21 28 25 21 31 22 36 22 15 19 40 31 12 28 23 25 16 21 17 26 24 28 35 28 26 11 21 
20 22 9 34 35 27 21 31 17 23 34 21 25 19 20 19 27 15 15 28 47 36 24 14 24 21 20 10 18 28 30 39 36 22 20 13 6 23 14 40 32 16 14 18 19 17 33 12 28 14 13 49 12 24 23 48 29 27 9 17 
12 34 20 27 27 41 20 22 35 19 34 22 21 13 17 19 21 23 23 15 23 35 33 16 21 42 15 16 23 29 21 27 25 36 27 24 27 26 16 35 14 9 20 23 32 15 33 17 27 19 22 28 27 18 26 28 10 17 19 11 
20 36 19 32 25 32 28 34 26 22 19 16 13 23 14 18 24 15 27 23 27 23 33 23 25 20 23 14 17 21 27 32 14 39 28 18 20 22 21 46 17 12 19 40 42 22 22 6 30 21 21 21 18 20 25 29 12 23 11 16 
17 25 37 34 32 26 18 35 29 19 24 26 37 19 16 27 21 19 14 32 34 30 35 14 20 26 20 19 23 26 29 20 33 25 20 12 17 22 20 26 19 17 11 22 41 14 38 20 25 15 23 19 18 33 18 17 17 23 17 21 
12 19 21 46 23 23 16 43 28 27 18 17 26 22 14 21 37 13 19 19 20 43 33 13 33 40 17 16 8 26 36 26 26 33 22 17 25 18 17 44 17 19 23 34 35 18 21 17 19 16 21 42 16 23 17 16 12 31 16 17 
15 32 19 29 39 35 8 30 35 16 22 15 28 23 19 16 21 9 27 27 35 19 26 12 36 26 14 22 8 14 30 31 10 12 24 13 20 21 18 34 7 12 14 15 18 18 40 22 24 17 25 32 28 21 20 33 28 12 13 20 
15 27 23 18 37 17 13 26 24 25 40 17 33 29 10 11 29 22 12 12 50 36 28 14 22 21 20 13 13 31 20 40 24 21 25 22 19 29 16 41 20 9 25 36 23 15 28 15 37 12 15 27 12 17 16 35 13 20 18 14 
18 27 27 8 25 15 18 27 29 25 28 17 35 20 14 24 46 19 13 14 27 24 37 23 26 31 21 23 11 26 32 31 28 28 27 15 9 12 19 31 20 18 23 23 32 22 39 12 29 16 20 24 28 27 22 32 7 20 16 20 
18 34 28 22 23 21 10 27 20 30 34 23 32 25 20 19 15 22 23 35 38 36 34 12 29 13 31 18 6 17 36 26 20 26 18 13 11 25 24 31 10 11 25 17 29 21 30 5 25 24 19 26 25 30 8 34 17 18 14 15 
13 34 24 30 35 30 12 25 32 15 34 10 30 19 19 24 33 20 17 26 32 26 36 13 33 26 23 20 28 35 31 35 16 16 24 13 24 29 20 28 15 23 21 33 26 23 38 16 29 22 14 29 24 35 29 24 16 26 15 17 
14 28 26 21 39 26 18 21 22 20 31 14 46 27 13 21 33 16 25 15 30 34 22 18 28 31 12 19 17 30 37 22 18 9 13 19 23 25 8 20 23 9 20 40 23 8 22 17 27 15 13 29 17 23 24 24 15 31 17 14 
16 16 27 24 25 36 14 29 26 27 29 21 29 13 9 23 26 12 31 27 13 33 18 12 14 39 24 17 23 24 41 26 28 24 13 18 27 25 14 34 22 22 20 21 26 14 28 25 41 14 19 21 25 43 16 36 22 19 14 11 
8 9 24 39 30 23 21 27 20 21 28 12 31 30 14 19 37 20 21 25 22 33 18 28 35 36 17 25 22 25 15 43 24 12 17 21 29 19 13 18 21 18 23 23 29 14 33 15 23 23 19 27 13 22 23 32 18 23 25 16 
20 33 18 15 29 23 23 37 41 21 11 8 39 28 22 17 35 21 18 9 22 24 30 16 14 19 27 21 14 39 29 31 13 33 19 20 24 17 6 42 17 17 31 16 36 14 23 16 45 12 22 26 25 35 24 35 30 36 11 11 
22 18 27 28 21 30 9 26 30 22 28 14 39 18 17 15 11 13 22 20 17 32 5 19 23 28 26 9 27 22 22 27 28 40 16 18 24 16 13 31 13 21 22 33 40 18 22 10 27 14 16 30 14 19 30 32 29 25 19 17 
14 19 38 22 39 28 10 30 26 25 40 8 31 23 11 17 16 16 15 37 30 20 24 17 31 28 30 22 10 34 42 27 22 31 27 11 23 11 17 22 23 21 21 22 25 10 30 9 20 15 18 29 23 26 21 26 16 22 18 14 
9 28 29 17 42 24 28 27 34 18 27 18 32 21 16 15 34 17 19 17 28 38 27 18 26 24 15 19 20 28 34 27 24 12 15 8 24 16 22 30 10 17 18 18 32 20 22 19 30 22 7 20 13 16 37 30 11 28 19 19 
13 24 27 17 23 24 24 25 30 25 31 15 48 23 24 14 22 20 12 21 24 32 22 23 24 17 22 17 21 21 37 35 37 17 24 8 28 12 20 24 13 18 26 47 35 21 30 5 34 20 19 23 17 32 21 34 21 25 23 20 
16 36 20 25 40 42 24 34 36 12 31 20 14 29 12 19 24 23 18 21 26 30 25 18 32 20 26 21 26 20 29 29 20 47 36 13 23 28 19 30 23 11 32 29 29 11 22 18 48 6 16 22 21 31 16 41 27 30 7 12 
15 22 24 26 19 17 15 26 15 30 29 20 30 24 10 9 36 18 31 29 38 29 28 22 33 45 27 8 25 18 38 37 15 31 18 13 27 22 15 22 18 14 18 33 49 16 42 12 24 16 12 40 22 22 28 39 23 17 17 14 
13 26 19 28 26 35 19 27 27 16 39 13 29 21 5 15 17 11 33 24 29 30 24 24 19 35 19 16 27 27 31 28 24 24 22 21 22 18 12 32 21 17 28 25 23 11 39 18 25 17 19 20 22 21 17 10 20 19 12 26 
19 23 29 16 26 37 24 40 33 28 37 7 35 22 11 16 33 19 9 30 28 25 27 20 36 33 21 16 21 33 30 35 11 26 14 19 27 15 17 28 19 22 8 21 35 13 30 17 16 14 20 27 17 32 11 14 21 35 14 24 
8 32 21 5 27 20 12 38 17 21 33 14 34 15 20 19 22 23 10 28 27 19 34 22 27 45 20 14 8 27 17 21 31 16 23 19 20 16 22 27 13 14 22 34 34 15 34 21 38 21 18 25 18 20 35 14 21 26 8 11 
14 27 15 19 24 26 16 23 22 30 25 25 24 20 17 7 27 13 17 25 26 34 28 13 27 25 39 25 12 28 28 19 33 27 18 20 18 12 19 19 16 20 12 13 52 11 16 18 27 23 19 16 21 22 19 40 10 25 18 16 
13 16 13 28 13 17 22 32 14 36 25 21 33 15 16 17 21 19 20 27 36 43 14 15 17 34 17 18 18 31 34 33 28 33 18 11 40 28 14 37 21 10 17 30 24 17 41 11 30 20 21 40 21 33 24 34 27 32 25 18 
14 25 12 25 37 29 17 39 32 32 27 20 23 29 16 17 32 9 19 36 25 20 24 19 29 24 20 12 18 17 19 31 22 35 7 18 32 21 10 34 24 14 16 18 33 15 31 21 23 18 22 17 16 36 17 33 21 27 17 12 
17 16 27 14 28 14 22 35 24 20 27 21 35 25 18 23 21 15 17 25 30 35 32 19 28 39 22 19 14 31 31 30 20 24 23 15 19 14 16 37 20 16 23 23 33 7 16 13 25 18 25 45 25 31 27 27 21 36 19 16 
7 40 24 29 44 35 14 36 21 24 10 14 10 24 10 15 31 18 16 21 38 30 34 16 19 19 17 18 20 29 13 25 30 26 28 17 23 23 14 24 21 17 23 25 31 18 30 17 33 10 13 19 25 37 17 35 28 24 17 20 
21 13 18 33 36 29 23 36 25 20 21 16 20 17 17 23 30 13 15 26 35 22 11 20 34 32 17 12 13 28 34 10 34 21 23 19 18 26 17 28 14 21 29 26 13 19 29 14 25 21 19 21 18 34 19 24 21 22 16 21 
13 21 31 15 28 19 21 16 40 36 35 16 28 19 14 20 18 20 35 32 35 34 17 14 30 35 24 6 15 32 25 24 18 26 13 13 33 24 16 36 16 18 8 13 33 8 34 19 26 21 23 31 21 29 26 44 22 33 8 20 
10 19 24 16 30 10 23 17 22 22 48 17 31 15 12 15 26 20 15 29 32 35 16 23 24 20 30 18 25 17 36 28 18 25 24 17 13 28 12 19 21 19 20 31 28 13 26 13 34 13 18 27 24 39 21 37 16 22 19 18 
9 27 31 22 30 29 14 17 24 32 47 23 50 41 13 16 20 16 22 10 22 16 41 15 27 39 21 23 20 22 27 30 26 22 23 15 13 24 14 21 25 11 34 22 36 19 41 15 26 7 20 40 23 33 16 30 16 23 16 22 
20 21 17 32 29 38 22 52 20 11 36 20 33 21 16 25 29 26 24 26 16 28 36 15 29 24 16 15 16 28 23 30 30 36 24 18 22 22 14 27 19 17 11 39 35 12 19 14 33 20 17 22 22 25 20 38 24 19 21 25 
8 33 19 20 30 17 23 21 32 29 14 21 28 21 20 19 15 20 19 16 14 29 35 15 38 12 25 14 21 14 27 35 16 39 12 23 32 20 19 36 16 16 21 36 40 16 27 17 25 20 18 25 28 30 15 24 19 29 23 10 
23 30 21 17 37 22 23 30 11 23 29 18 35 17 14 16 29 23 22 32 28 25 30 21 33 23 21 27 30 33 39 12 19 20 22 20 32 22 21 25 19 14 16 36 18 18 21 21 39 13 27 29 25 25 22 38 24 27 13 20 
17 29 12 21 32 33 15 29 35 24 39 12 36 23 17 24 31 21 13 23 32 25 31 12 14 25 24 16 19 21 26 30 21 14 28 21 28 20 13 32 23 12 27 27 36 12 28 11 20 14 16 25 30 20 22 26 14 17 15 16 
14 16 20 28 29 28 12 15 28 24 38 14 34 18 17 19 8 19 20 17 44 36 21 12 28 42 23 18 17 28 43 28 17 19 23 22 31 24 16 40 15 17 24 23 25 15 42 12 24 15 21 25 22 23 19 27 8 12 22 23 
15 29 28 31 20 22 20 40 12 17 33 13 32 13 15 16 26 17 8 16 32 33 37 26 29 31 19 10 23 22 37 33 35 17 21 19 29 25 21 34 15 17 18 39 27 16 38 21 33 12 11 13 21 9 13 36 25 22 24 19 
18 17 32 28 27 28 13 20 14 26 28 25 35 32 13 22 32 22 14 30 27 29 31 20 21 37 30 20 21 27 36 37 28 31 38 16 32 27 27 24 18 22 19 26 16 14 16 17 23 18 18 15 17 24 18 15 24 24 11 14 
14 19 14 26 36 19 22 25 21 26 21 26 39 18 13 15 34 17 8 14 40 43 20 15 26 22 25 19 17 27 22 29 31 27 27 20 35 16 24 21 19 8 17 26 33 20 22 19 30 10 20 37 13 41 22 38 13 36 10 21 
8 34 29 25 31 25 14 19 20 13 26 14 40 16 12 24 28 13 22 16 30 29 22 29 15 36 31 8 20 21 30 34 27 42 15 13 17 16 17 29 23 11 17 13 30 20 26 9 30 21 15 37 21 31 26 5 14 13 19 16 
13 18 26 26 41 23 15 31 21 26 20 22 36 24 17 3 31 14 18 35 25 43 27 14 13 17 25 15 16 23 32 12 25 24 24 16 25 26 22 24 6 13 9 31 34 15 29 17 17 21 15 24 27 24 25 36 11 35 21 18 
20 28 23 28 28 18 19 31 31 19 26 22 48 18 10 16 17 15 23 28 33 42 24 12 29 32 19 6 25 24 38 19 26 23 13 28 23 20 24 29 9 13 28 35 35 9 32 13 14 15 19 34 23 34 19 28 24 25 21 23 
22 8 17 28 25 27 11 23 18 27 32 12 21 15 11 17 12 12 22 26 31 35 25 16 31 18 32 20 16 30 43 24 14 21 21 17 34 32 16 35 26 22 13 16 23 18 35 7 29 9 18 29 15 20 7 35 14 18 30 16 
12 25 33 21 24 31 24 19 12 17 33 18 44 29 14 15 28 20 23 14 43 29 29 14 36 19 24 20 29 26 25 24 26 27 21 23 38 19 8 37 24 19 29 18 22 18 24 24 20 22 20 21 22 34 29 37 23 16 15 5 
17 34 26 31 19 22 20 25 20 29 44 14 37 17 18 18 30 20 26 27 23 16 19 18 27 14 28 23 28 30 19 32 25 38 20 18 33 20 15 21 21 19 15 18 25 15 29 18 19 18 21 24 18 36 22 47 14 28 18 22 
23 18 20 16 41 19 17 38 22 21 23 12 37 22 21 13 17 17 20 34 25 26 18 18 22 38 29 14 15 37 43 31 18 37 14 16 24 18 14 22 20 18 17 25 23 13 43 17 22 17 15 30 35 23 27 18 21 32 14 24 
16 25 26 13 27 16 22 22 29 27 31 13 34 29 22 28 22 16 16 18 40 31 21 12 28 8 20 28 18 23 17 28 15 17 11 15 37 18 19 14 14 15 24 33 31 16 14 21 24 17 21 26 26 25 17 43 35 26 14 24 
16 30 21 29 25 14 17 22 26 16 35 15 7 24 18 13 29 18 17 31 29 15 10 18 33 23 16 18 26 23 31 42 20 34 29 13 25 29 12 32 20 12 14 24 17 26 25 19 21 16 15 41 27 40 32 31 37 40 17 18 
11 16 19 24 29 29 16 24 22 30 22 7 15 11 9 25 22 18 15 28 18 34 24 13 9 39 17 16 18 27 32 31 28 12 13 26 29 31 19 14 10 14 19 19 18 16 27 17 12 16 17 28 21 23 17 41 30 24 21 26 
17 21 28 17 15 9 21 26 27 31 39 12 28 22 14 20 32 11 18 13 41 37 22 13 33 41 23 17 17 28 32 39 14 27 21 19 24 30 9 30 23 18 29 28 32 18 30 19 23 17 19 19 21 27 15 26 19 12 18 26 
24 14 18 16 34 25 12 20 32 32 43 16 28 29 20 14 35 19 12 22 28 32 24 18 27 27 22 18 7 21 24 30 26 27 18 21 24 25 14 24 17 13 30 30 17 19 25 15 27 23 33 14 20 27 20 42 19 25 21 11 
20 33 23 35 39 31 21 32 31 14 21 24 38 17 21 26 25 23 16 25 30 29 32 14 6 26 29 14 20 24 32 28 17 30 8 19 24 23 19 42 20 14 22 26 29 17 35 16 31 16 18 32 11 38 23 30 21 9 25 15 
16 15 21 22 16 26 20 34 32 28 23 21 39 17 17 16 34 19 19 27 29 42 31 21 26 30 31 14 34 27 41 21 37 21 21 14 31 35 22 38 23 19 21 36 37 13 24 13 30 14 17 29 20 20 22 12 20 23 12 14 
11 24 20 40 23 20 20 17 17 21 22 11 23 24 9 20 21 7 28 17 31 26 25 18 20 24 22 10 20 23 18 24 21 22 22 12 25 28 16 23 15 14 18 26 27 12 46 18 20 21 20 32 16 35 19 32 16 13 8 18 
21 21 27 21 28 22 19 22 16 30 21 10 37 21 12 25 14 14 17 29 21 24 32 22 22 25 31 16 20 29 24 28 17 34 14 8 21 25 12 25 10 11 24 24 45 16 47 14 23 14 26 19 25 24 22 38 21 25 10 16 
11 22 14 26 36 17 17 28 22 25 26 8 31 28 18 15 37 19 20 30 41 27 38 13 15 29 13 12 15 25 28 20 25 17 9 19 25 25 13 29 14 11 32 20 32 27 23 11 34 15 24 29 20 18 32 4 22 33 20 13 
14 15 17 16 30 20 10 29 28 28 28 11 36 26 8 15 30 13 33 16 42 30 25 7 25 24 27 15 25 20 26 32 29 29 29 9 21 29 15 23 17 14 17 30 28 23 28 17 24 16 21 16 20 39 17 24 13 20 13 24 
17 20 34 32 32 37 12 21 25 10 21 9 39 9 6 21 33 25 25 18 28 46 35 16 19 25 32 11 12 27 29 16 29 42 19 19 21 31 24 24 16 15 23 25 18 12 39 15 14 14 18 23 11 27 27 17 23 30 14 15 
16 11 13 26 31 29 9 35 27 19 35 5 30 21 16 20 24 22 26 34 41 31 23 22 27 43 19 16 15 20 12 22 27 15 21 11 32 17 24 26 22 12 15 23 26 20 38 17 31 14 11 19 30 28 28 37 17 31 22 14 
10 25 27 27 22 10 17 45 30 24 34 9 27 31 21 14 6 17 14 22 23 26 32 12 16 26 24 14 21 29 28 37 25 26 33 26 17 28 15 31 20 18 15 35 18 13 24 17 30 18 17 29 19 52 13 17 24 30 18 12 
18 17 20 31 30 33 8 32 30 25 35 21 47 28 13 17 23 15 23 21 35 35 11 16 30 23 24 14 18 20 21 28 21 17 30 24 29 22 14 26 25 16 26 31 26 15 19 17 23 14 17 20 21 14 20 15 23 24 25 12 
11 36 23 19 37 35 15 34 22 20 35 15 21 21 16 17 36 16 26 42 31 13 29 15 36 29 24 21 13 32 14 10 27 24 21 27 27 14 22 26 22 17 18 31 29 18 35 18 25 16 8 30 20 31 15 33 31 24 20 19 
11 10 21 27 19 31 14 23 19 21 32 14 21 21 20 16 34 15 21 26 28 25 19 16 35 18 19 18 14 12 23 13 18 31 14 18 22 17 22 28 14 14 18 15 31 13 16 9 21 23 16 23 17 25 23 18 26 16 18 23 
11 25 10 32 38 27 18 22 29 21 30 25 34 12 26 14 31 15 11 19 23 22 28 13 15 25 18 10 29 35 31 22 37 26 22 17 27 19 23 20 12 11 14 29 19 15 30 15 28 16 19 35 23 30 32 47 17 16 16 23 
21 19 12 26 24 24 10 20 26 15 24 22 14 24 26 25 21 15 15 23 15 22 24 28 33 23 28 9 13 30 28 33 22 39 29 19 28 14 19 28 10 20 24 33 20 11 31 16 24 12 21 36 24 20 20 46 14 20 22 13 
20 12 21 29 13 23 17 21 29 16 30 16 26 34 26 15 22 20 17 19 26 46 37 20 26 28 23 18 29 30 34 22 17 23 17 22 20 16 23 22 14 21 7 27 30 18 31 18 23 13 23 27 15 33 21 25 16 16 26 17 
16 19 22 30 32 35 23 25 39 13 31 13 39 24 17 11 27 12 5 24 24 16 25 14 31 41 19 11 23 29 32 3 24 28 19 29 23 28 13 40 12 22 21 22 30 13 30 22 41 14 20 16 19 35 9 22 23 9 14 20 
19 33 30 35 15 32 19 22 27 21 31 10 26 8 19 17 28 29 5 18 40 26 18 10 29 40 33 16 28 23 25 26 30 21 10 19 12 26 10 34 22 15 20 26 53 12 32 17 27 18 15 32 28 30 20 12 20 21 25 12 
24 24 31 28 23 29 24 38 19 19 35 9 33 19 20 20 30 20 31 25 27 40 37 15 18 19 19 17 22 27 32 8 20 27 21 5 38 32 19 8 14 12 13 24 22 20 29 12 23 10 14 29 4 41 13 36 14 20 17 23 
16 15 26 27 23 16 22 41 14 16 42 17 29 17 11 19 23 15 27 20 18 21 35 13 30 37 25 20 12 28 34 34 34 20 32 14 25 30 15 17 14 15 16 13 31 24 22 19 35 16 20 16 15 25 12 37 25 28 18 21 
12 24 12 15 35 28 17 33 21 20 27 23 36 32 9 20 29 18 21 21 29 27 17 18 24 20 26 13 18 33 19 36 27 38 28 13 24 24 25 25 18 15 15 15 25 19 31 1 38 21 9 27 29 22 21 14 13 25 22 20 
26 29 22 21 16 31 10 34 39 25 27 10 35 25 4 16 17 16 24 35 32 29 27 27 21 33 9 8 21 30 41 28 23 28 23 11 30 22 14 27 11 15 25 24 25 9 25 19 23 12 30 33 22 35 20 18 16 36 14 18 
16 17 18 29 32 24 14 32 20 26 25 12 30 23 16 19 29 18 8 27 26 41 42 32 33 28 37 17 16 32 26 27 16 34 32 12 26 23 17 41 15 7 19 30 23 19 35 11 43 17 15 22 15 28 24 32 23 22 17 17 
11 24 35 36 29 31 17 30 33 19 25 16 27 18 10 24 31 19 20 36 39 22 28 11 38 20 29 18 20 27 24 21 16 32 21 10 21 16 7 45 15 15 27 29 37 12 36 12 28 21 17 20 8 32 13 42 15 22 12 17 
20 21 25 34 30 21 18 31 27 34 30 17 34 23 13 27 29 22 16 21 39 36 22 21 17 21 16 12 19 27 29 28 16 11 14 20 28 21 22 34 17 15 28 29 27 17 42 19 35 10 13 31 17 40 30 21 13 30 13 18 
25 21 18 27 24 33 6 28 17 26 24 11 32 26 11 21 22 12 26 21 30 27 20 19 31 32 25 17 14 21 33 28 29 20 23 21 22 23 19 34 14 12 25 32 33 10 46 18 29 13 9 21 36 36 18 16 22 28 25 18 
19 22 14 28 40 14 19 38 26 22 21 20 5 23 19 13 34 25 21 29 26 32 18 20 28 29 38 17 26 26 17 30 17 26 14 17 23 22 16 41 7 12 18 28 27 7 45 15 31 10 12 14 18 39 23 25 17 14 17 12 
19 13 24 27 20 35 24 23 31 23 22 21 23 20 16 24 31 18 13 18 31 42 31 17 20 37 27 20 29 24 24 27 20 36 19 17 25 18 26 20 8 22 20 30 21 17 26 8 22 7 21 27 12 18 27 38 16 31 19 18 
20 22 31 33 23 27 14 29 15 32 13 12 40 19 13 18 23 21 18 22 16 25 33 12 25 25 11 9 9 32 15 39 27 29 29 7 17 17 17 17 23 21 9 31 16 8 16 16 26 21 15 36 20 36 7 53 25 24 19 25 
18 26 19 31 17 23 20 36 28 11 32 22 26 24 18 25 25 18 24 35 31 34 23 16 27 12 25 12 18 36 28 43 23 34 15 15 37 29 16 20 7 9 15 28 32 15 26 19 33 11 20 44 15 32 19 26 23 29 21 21 
25 27 16 28 26 40 22 25 25 20 12 19 22 21 10 12 19 12 23 35 27 38 28 13 31 16 18 14 18 17 20 32 30 35 25 15 30 39 14 27 10 10 23 28 31 22 35 12 22 17 9 26 23 35 15 25 19 19 17 23 
11 30 20 28 26 30 22 34 24 28 19 11 34 24 10 20 15 20 29 32 22 29 29 23 28 35 22 15 23 23 37 32 28 22 18 16 36 15 22 44 22 19 17 20 34 16 32 18 23 19 19 34 19 21 17 30 15 19 16 20 
13 30 34 20 34 18 15 25 25 29 34 19 32 18 16 17 20 6 19 26 21 32 31 20 27 25 27 18 21 26 40 26 25 16 22 15 28 28 23 38 5 15 21 34 34 9 29 18 16 15 12 28 16 32 15 20 17 25 14 12 
16 25 17 18 29 27 20 25 21 22 10 22 28 20 13 17 18 7 18 20 25 26 16 19 12 33 19 15 28 24 35 31 26 30 25 15 23 21 19 26 23 22 25 31 35 15 17 10 28 13 17 34 24 24 34 18 17 31 15 22 
15 21 20 30 19 29 12 26 30 28 34 24 38 25 16 14 35 17 16 14 31 35 33 17 23 15 24 12 23 30 22 29 22 30 24 12 32 16 11 37 15 20 16 21 29 13 28 20 19 17 17 42 21 34 25 18 34 22 26 16 
13 25 24 26 26 27 21 29 19 23 18 15 34 24 16 17 21 31 35 42 38 27 21 18 24 27 24 17 24 35 15 41 21 32 28 20 33 27 6 23 15 16 15 38 27 10 20 22 14 21 14 24 25 13 17 25 36 25 12 24 
7 28 27 19 26 19 14 44 19 32 30 13 31 20 8 24 9 15 18 29 36 27 11 21 19 29 24 18 19 33 37 29 16 25 20 25 18 24 13 20 10 17 25 37 31 20 23 19 16 12 18 23 26 39 29 28 25 28 18 11 
14 19 19 25 26 26 22 16 29 23 29 18 51 22 18 19 26 16 23 25 14 12 36 21 9 26 13 12 17 30 21 19 21 25 12 20 24 23 19 37 19 13 20 37 32 19 34 19 21 19 13 30 14 26 22 26 25 14 17 18 
16 16 20 14 46 30 20 19 21 17 19 15 42 10 15 18 33 15 21 35 33 36 23 27 20 22 24 10 9 26 14 27 23 29 25 17 16 17 15 41 13 12 20 42 20 9 41 18 30 13 21 39 26 21 17 17 11 23 16 21 
17 29 26 39 27 15 20 21 30 25 14 17 29 13 11 24 27 17 22 22 38 41 31 19 21 36 18 25 16 27 32 21 22 22 28 21 24 21 7 30 17 13 28 29 34 20 29 22 21 21 5 20 19 19 20 31 9 28 12 24 
20 20 14 15 13 30 26 21 20 31 32 16 31 20 17 17 32 22 16 23 34 26 33 10 23 22 13 14 29 29 32 29 26 32 30 16 28 21 7 20 19 22 15 25 20 13 49 14 26 10 17 24 23 33 25 26 35 16 23 20 
10 35 24 32 25 27 16 24 32 18 28 30 34 18 17 22 32 24 18 12 25 34 24 18 30 8 41 22 17 36 38 35 15 35 22 8 24 14 12 17 17 16 23 23 34 17 25 18 28 16 19 35 19 23 26 23 21 26 13 14 
18 22 28 21 28 17 17 23 14 38 38 21 26 24 10 17 26 25 21 24 11 32 20 24 22 35 28 21 22 25 42 30 20 31 23 12 28 19 6 31 16 14 21 40 18 14 26 25 29 15 10 30 26 25 16 28 24 24 12 25 
18 25 27 16 31 24 16 41 29 30 38 19 30 20 15 16 29 12 20 10 22 42 28 23 19 26 24 26 15 36 22 17 29 34 25 19 24 28 16 23 18 24 24 41 42 20 18 11 10 15 5 27 27 35 19 25 19 17 17 17 
19 14 26 19 27 29 9 35 24 25 31 9 51 24 10 11 16 24 14 10 26 58 46 8 27 18 17 21 11 24 18 26 32 29 28 14 25 20 23 35 20 17 19 28 33 10 32 17 30 17 14 11 18 24 24 32 19 33 15 15 
13 16 18 18 27 26 10 32 43 33 30 16 32 18 10 17 28 28 19 30 11 21 16 20 21 17 20 17 17 14 24 28 25 41 24 17 32 20 24 38 15 26 20 31 19 22 19 11 30 20 15 20 21 32 23 27 16 27 23 16 
21 24 24 19 33 32 13 21 31 14 29 25 17 19 17 22 24 23 14 24 23 18 13 7 30 27 22 21 16 33 27 26 33 32 17 13 25 31 18 26 25 14 16 37 29 20 31 19 32 19 19 24 12 34 20 20 30 24 3 13 
14 31 14 26 27 35 21 36 21 31 21 21 38 15 15 12 35 9 19 23 41 35 21 14 26 29 28 22 20 35 21 39 36 25 25 20 30 22 27 34 19 11 25 29 27 15 36 12 21 20 22 16 21 39 23 28 15 19 12 19 
11 19 27 26 24 30 13 35 31 12 21 17 36 23 7 20 8 16 9 19 34 38 27 21 35 23 25 12 24 26 41 34 28 36 19 22 26 19 9 35 23 10 17 40 24 19 26 21 22 17 10 38 16 40 3 49 23 13 18 23 
18 31 26 14 23 34 17 24 19 17 29 13 47 11 17 22 35 17 28 39 40 21 23 21 23 21 25 17 21 27 33 19 32 20 31 14 31 13 18 43 15 14 19 28 26 21 27 15 14 11 12 29 14 35 21 20 29 15 15 23 
19 35 12 12 25 25 21 29 28 32 32 12 35 18 14 22 25 15 19 24 37 33 17 20 19 20 16 14 24 43 29 34 23 26 14 24 29 24 21 24 24 11 12 37 34 17 36 14 23 22 24 32 31 25 19 37 24 31 12 14 
14 33 24 19 43 12 17 38 20 24 20 20 41 27 14 27 25 17 9 23 18 19 33 7 23 16 26 17 26 20 32 36 36 15 24 13 20 31 25 30 16 12 16 23 32 23 43 15 20 22 13 20 23 11 17 27 16 21 16 21 
29 26 31 6 34 15 9 19 17 20 35 18 28 22 9 15 24 21 28 29 31 17 20 14 27 27 9 19 22 34 30 38 25 39 27 10 25 23 7 35 29 19 29 26 18 15 22 16 29 15 15 25 19 37 6 28 27 26 16 14 
19 20 13 16 28 25 18 30 35 15 21 10 25 21 14 27 29 19 14 16 34 30 25 19 27 45 28 9 28 20 13 19 36 20 23 20 12 27 17 23 10 13 30 15 30 18 16 18 18 16 18 31 16 21 21 47 15 28 13 20 
21 27 8 24 26 25 18 31 25 22 27 23 41 19 17 19 28 20 22 23 33 32 26 30 23 19 15 14 21 22 17 18 22 27 24 13 30 22 16 38 20 14 27 38 30 23 34 14 11 17 19 33 22 11 26 26 26 10 28 22 
8 10 25 31 33 21 24 21 23 27 24 15 32 26 12 19 22 13 20 9 37 37 21 22 31 25 22 14 28 28 36 29 7 20 26 19 21 32 21 39 18 22 11 22 31 15 33 13 39 8 22 30 11 8 29 31 22 2 18 25 
16 27 23 32 29 31 20 22 26 24 16 16 26 21 14 17 29 27 17 21 26 31 29 14 24 33 13 15 19 18 29 32 35 23 29 13 25 25 18 19 16 11 16 23 36 15 18 13 30 12 17 35 16 37 25 13 22 20 17 12 
7 18 26 19 22 20 16 39 16 22 32 18 33 12 19 17 21 15 22 13 23 16 27 21 31 24 29 18 20 9 39 20 9 16 29 20 29 17 20 29 18 22 17 26 32 20 36 20 22 9 17 12 21 26 14 34 19 13 25 25 
19 16 25 10 23 29 12 30 23 36 33 4 27 25 16 7 20 33 22 14 33 36 21 21 24 29 11 22 16 35 42 37 28 22 26 25 29 33 18 30 11 12 29 20 43 17 19 19 20 21 17 35 21 24 17 36 21 24 7 11 
19 30 19 34 22 16 10 28 26 35 15 20 28 22 16 16 25 6 18 31 32 33 22 21 21 47 20 27 12 27 33 19 20 32 28 22 20 36 6 25 20 11 7 11 39 13 22 16 25 13 15 16 19 23 21 16 18 21 26 24 
14 29 17 19 12 19 15 30 28 19 20 18 19 28 16 19 34 18 21 10 24 22 19 20 26 33 25 16 24 32 36 33 22 42 26 12 26 21 12 31 25 14 19 40 39 12 21 15 25 11 33 23 31 36 24 27 24 35 27 26 
12 23 32 22 30 25 18 25 43 31 26 18 51 19 16 16 26 16 19 27 34 34 16 17 22 34 31 16 21 22 20 28 26 38 31 11 39 16 36 20 9 17 23 30 34 21 41 20 22 13 24 29 26 22 33 38 18 36 17 21 
12 19 26 21 27 27 11 14 23 19 20 17 36 21 10 15 25 13 12 22 18 43 31 14 29 22 24 11 21 40 32 31 33 29 14 13 13 23 19 28 26 19 16 29 11 16 19 16 25 18 21 17 26 35 25 45 20 26 16 20 
16 29 20 19 25 31 25 27 20 27 37 15 10 23 21 21 16 18 16 13 34 35 29 22 16 30 23 14 13 27 33 37 15 34 21 25 23 28 19 33 14 13 12 21 21 10 26 15 42 18 26 39 12 42 12 35 23 26 14 15 
6 8 23 21 28 18 17 29 26 21 18 17 41 22 16 23 26 12 15 28 31 44 24 19 17 38 34 13 20 19 25 22 23 17 20 13 38 24 20 30 20 21 18 31 28 16 23 10 26 17 11 19 20 35 25 34 26 26 12 23 
20 16 29 33 40 21 14 20 46 18 38 19 36 30 21 15 16 20 16 26 27 23 26 11 20 38 18 17 17 33 32 34 12 33 19 13 25 28 18 29 27 7 19 15 22 21 27 22 24 15 21 39 21 26 22 29 11 35 14 12 
19 33 33 28 32 19 14 36 25 25 23 20 33 24 13 20 31 19 20 40 9 19 25 12 21 35 17 24 25 22 35 21 31 22 27 18 28 30 29 29 20 21 27 35 29 13 32 11 28 15 20 24 22 29 16 27 26 18 24 18 
20 22 14 24 24 36 13 29 30 19 20 20 38 31 11 16 25 17 18 21 41 30 28 23 25 46 18 15 21 14 30 33 18 26 28 28 26 15 20 39 11 14 17 9 47 20 39 20 36 13 15 30 23 24 12 22 17 16 16 14 
21 23 29 29 23 25 16 29 27 32 19 19 19 27 16 26 29 19 15 21 39 21 33 24 29 25 24 22 26 35 28 25 29 24 28 30 26 30 13 33 18 17 21 49 27 13 37 17 35 18 17 27 17 31 18 44 19 27 27 19 
8 21 10 9 30 19 16 25 23 21 34 16 30 21 14 18 26 11 27 27 28 38 20 19 29 9 14 10 25 23 29 33 15 49 22 24 24 13 19 30 18 24 16 25 38 14 39 23 32 14 14 44 21 40 21 28 24 29 17 11 
16 25 27 25 22 28 22 20 26 19 26 16 33 13 18 16 23 19 27 19 31 41 17 13 18 25 26 16 21 28 23 24 26 28 23 27 24 16 12 32 16 7 27 34 26 18 25 25 15 13 21 30 35 32 26 27 15 19 12 27 
17 24 8 21 17 30 11 28 30 21 26 15 30 21 14 21 24 15 17 19 22 22 27 19 20 23 28 20 10 18 35 19 25 26 21 13 9 22 13 23 14 13 22 33 29 11 33 16 23 15 18 16 29 28 31 35 18 13 17 24 
12 24 19 31 22 27 14 27 32 27 23 15 8 24 18 16 20 17 17 20 35 25 39 19 28 35 19 13 27 37 41 22 16 23 18 5 32 23 6 24 9 18 18 20 43 23 23 18 31 16 17 37 25 23 15 34 20 14 20 24 
21 33 21 14 27 24 22 20 25 25 24 16 27 19 19 14 12 18 20 29 24 34 29 14 15 31 27 9 28 24 19 21 27 50 27 16 21 18 22 20 12 16 12 33 34 14 36 20 25 14 8 16 22 12 26 29 20 27 20 20 
18 27 20 31 21 28 19 28 21 25 37 21 25 26 16 17 31 6 21 14 27 33 24 26 26 20 20 8 18 35 37 38 21 23 27 12 26 22 24 33 23 8 25 31 24 16 26 11 10 14 27 22 15 27 27 17 26 25 19 24 
11 22 19 26 41 23 11 26 17 25 34 21 39 18 22 15 32 14 27 20 27 18 33 16 29 29 26 25 20 15 31 26 17 32 25 22 14 25 24 24 23 21 21 38 26 17 41 20 27 15 17 17 23 37 23 23 26 28 16 12 
23 31 18 31 29 31 12 25 31 28 32 12 34 28 12 19 24 22 13 26 36 44 36 25 22 37 26 12 19 30 24 26 26 30 16 14 42 10 22 22 14 17 20 25 23 19 42 9 25 13 23 33 8 32 18 29 19 25 8 20 
9 36 22 16 30 20 22 27 25 12 22 10 33 15 15 18 19 10 16 18 9 34 51 23 27 34 15 9 18 26 16 25 30 41 15 19 23 31 21 43 17 14 21 27 36 15 42 17 19 18 19 34 21 24 16 17 14 29 15 18 
18 18 21 35 37 25 21 26 32 17 28 30 23 18 13 26 23 18 21 28 36 42 10 16 25 19 22 24 16 28 25 32 23 43 15 28 16 23 21 27 11 15 18 35 19 11 33 10 34 19 16 15 25 44 12 31 29 23 26 17 
23 24 19 26 28 26 17 38 30 26 32 17 38 25 17 25 11 21 18 24 22 32 27 21 27 21 21 16 15 33 24 32 33 31 27 22 26 14 20 31 8 11 18 15 34 13 36 12 34 22 21 14 8 23 29 27 22 18 9 11 
23 26 21 23 20 15 18 39 25 19 27 18 34 11 9 12 24 26 19 19 33 39 19 16 30 18 23 22 30 25 40 21 23 19 19 14 35 34 18 33 11 13 22 30 34 14 16 17 15 16 21 27 17 29 26 32 11 13 17 21 
21 27 13 13 27 26 18 37 18 27 32 21 38 37 14 19 28 21 16 17 21 25 16 20 25 35 21 18 15 36 37 38 23 17 19 19 24 17 20 15 10 8 12 28 27 16 44 17 28 12 19 33 18 29 19 60 14 23 14 14 
18 30 18 35 31 25 16 41 20 31 46 8 44 23 19 17 21 14 5 28 24 35 23 23 31 15 15 16 18 35 28 20 34 22 31 23 32 21 8 25 16 11 25 16 29 17 33 16 34 18 16 6 18 17 18 20 30 28 22 21 
14 17 19 22 38 22 26 31 17 14 30 14 41 26 17 14 18 19 19 29 33 28 31 9 23 36 26 18 19 31 21 17 39 44 20 28 26 17 16 28 11 23 12 28 26 20 26 13 26 14 24 23 24 42 6 39 25 20 22 13 
19 27 23 8 21 24 10 46 39 28 32 24 35 30 15 14 22 19 16 21 30 27 25 22 35 50 24 14 17 24 23 24 19 55 26 23 37 21 18 41 15 17 22 16 24 18 28 23 32 17 9 30 24 26 18 42 22 18 16 20 
18 19 35 20 40 17 18 24 27 25 18 20 32 19 12 18 22 9 25 30 27 33 30 15 22 34 25 23 15 26 28 21 27 30 9 23 16 27 24 34 21 20 30 28 28 15 20 21 25 20 21 21 10 27 30 25 31 31 14 19 
23 22 6 25 24 21 18 26 18 20 20 26 47 22 18 11 31 28 14 19 32 31 25 23 27 38 19 15 18 27 30 15 25 45 16 10 33 26 16 24 17 11 24 37 22 17 26 5 29 10 15 33 20 30 26 27 25 19 12 17 
11 31 26 30 32 31 11 33 16 32 26 18 36 9 15 16 4 18 24 28 21 27 27 24 23 18 28 19 13 26 19 33 22 31 21 18 28 15 15 25 15 17 21 18 32 12 38 17 25 16 19 28 21 26 23 24 14 25 14 19 
11 12 14 18 33 29 12 26 18 21 32 29 40 23 12 13 23 15 20 15 37 23 20 27 17 40 16 24 16 25 43 34 25 27 19 23 14 27 17 29 14 18 16 39 29 22 35 14 22 21 18 21 16 33 19 30 21 37 21 22 
11 32 26 19 36 27 19 17 38 19 38 9 25 13 14 14 19 10 18 26 21 20 27 13 29 36 23 15 20 25 30 47 19 20 25 21 38 28 23 24 21 15 17 21 21 13 23 14 32 18 12 31 26 21 28 33 18 14 15 18 
22 20 12 18 25 30 15 23 36 34 39 9 17 33 11 21 24 17 15 38 30 26 23 13 15 39 18 22 23 23 22 31 22 26 35 12 26 19 16 29 17 17 23 33 21 10 38 16 29 12 17 33 19 19 38 19 27 28 17 17 
15 22 29 21 26 30 13 21 24 22 20 20 37 13 12 23 29 19 23 33 8 16 25 22 34 20 20 19 29 22 19 29 17 31 22 23 30 28 17 17 19 7 25 19 23 16 6 17 20 13 13 18 27 20 30 24 16 34 17 14 
18 17 21 28 16 23 17 29 28 28 27 23 33 30 20 20 25 23 12 27 28 20 18 12 22 20 23 24 27 25 29 30 29 7 22 20 22 28 19 18 18 16 8 24 47 22 36 20 27 16 16 31 12 30 20 48 22 13 16 19 
14 29 19 23 39 20 21 35 19 18 27 14 37 29 19 9 27 19 19 22 32 38 39 17 14 31 12 24 23 33 15 19 25 20 28 20 19 20 14 25 17 8 24 24 35 13 20 15 24 20 12 31 24 28 11 32 33 22 16 21 
18 20 19 34 25 26 23 30 24 31 22 20 36 22 17 14 43 20 19 24 41 38 30 22 23 28 16 14 17 34 19 12 28 27 13 28 24 17 15 46 25 17 25 26 27 20 18 13 35 17 19 23 20 37 25 33 17 34 9 18 
15 38 28 20 21 25 17 29 23 9 46 18 50 29 15 16 24 24 26 9 19 33 16 22 32 32 34 18 19 24 21 36 16 24 20 17 24 22 23 14 22 16 18 38 32 17 32 9 19 18 23 26 15 38 22 34 30 28 21 24 
17 30 20 34 30 32 20 20 30 22 25 15 28 20 15 27 22 15 28 26 27 31 32 15 17 28 25 21 19 21 36 22 38 40 34 17 28 18 23 26 17 10 27 31 40 29 30 12 11 18 11 22 17 33 9 23 29 21 16 17 
17 24 27 16 21 37 16 39 34 32 45 9 45 28 25 26 13 20 19 14 28 17 19 24 27 35 28 11 30 28 46 21 15 21 15 20 30 24 21 34 16 20 20 22 34 12 16 12 18 16 13 27 17 37 29 38 25 23 20 22 
17 14 14 15 20 24 15 22 28 19 47 24 18 17 9 14 22 10 15 16 33 25 11 24 25 25 26 13 21 18 39 21 28 8 28 15 34 31 18 19 19 15 9 24 29 18 26 12 26 12 15 18 24 30 31 29 28 19 23 10 
14 16 28 25 33 29 18 28 38 23 8 15 35 29 23 12 23 16 16 23 47 36 22 19 19 33 19 29 16 21 46 51 21 28 24 22 33 38 22 25 15 14 20 41 9 12 35 11 25 17 25 36 20 28 13 30 22 21 16 14 
15 24 17 26 19 21 17 20 33 30 23 15 32 29 13 21 20 15 24 6 24 32 34 13 36 32 24 24 35 31 34 14 41 28 34 23 29 29 15 39 24 15 17 24 22 20 21 13 26 11 20 6 17 29 25 47 17 34 21 23 
14 23 29 11 26 23 13 27 26 28 29 20 28 17 16 23 30 12 25 14 27 31 23 17 22 39 10 18 22 26 20 6 16 26 21 21 37 21 22 31 19 14 11 37 27 19 26 13 27 16 12 21 23 33 21 34 20 21 17 20 
16 21 23 25 22 18 17 14 29 19 26 25 36 26 12 24 42 18 12 24 23 22 23 16 22 29 26 12 26 22 23 26 24 32 24 32 13 24 18 29 14 18 25 31 26 21 19 16 19 22 12 14 19 25 16 46 27 23 14 15 
14 23 24 26 28 40 27 34 27 30 33 17 23 22 8 20 33 6 21 19 32 29 23 18 27 20 22 19 8 23 20 49 21 14 23 22 23 10 25 9 20 13 23 32 25 16 24 11 23 16 6 35 19 28 8 20 19 28 17 22 
17 21 29 33 21 36 13 23 23 30 25 5 19 19 14 20 20 22 23 24 33 16 26 6 18 32 28 16 18 20 38 22 38 35 14 14 16 25 17 18 27 11 13 10 21 17 38 12 16 16 12 25 22 23 27 16 21 17 15 34 
15 32 21 22 33 22 8 16 19 23 22 19 25 29 13 23 27 18 16 22 33 33 23 13 36 39 23 20 18 26 30 18 19 11 20 14 29 39 12 32 17 10 17 27 31 14 35 8 21 13 16 35 14 35 32 31 24 18 16 24 
9 22 23 30 27 31 19 35 38 29 30 18 35 13 15 28 38 20 23 18 31 24 30 25 23 20 30 23 19 24 27 27 27 30 17 26 18 23 18 34 13 11 24 31 24 23 24 17 24 24 22 43 25 35 22 35 11 46 8 21 
17 23 24 20 17 30 22 38 25 27 18 14 45 27 17 20 27 19 21 23 23 32 19 9 38 33 28 9 20 20 31 27 24 27 20 21 27 28 20 33 12 9 18 20 33 14 26 17 30 16 17 18 31 32 14 21 23 21 15 19 
18 30 30 27 20 24 15 34 38 23 32 11 29 29 10 15 15 23 14 18 24 28 25 17 18 30 19 13 24 7 28 15 28 21 15 14 27 21 13 34 9 15 13 21 31 18 32 17 33 11 18 27 25 32 15 27 17 35 20 22 
20 27 30 28 42 30 22 28 32 27 24 15 40 15 11 18 25 10 22 12 23 29 25 19 4 24 20 31 18 18 24 25 24 31 27 18 19 27 16 33 22 11 15 30 31 22 20 12 31 16 17 19 32 26 26 17 21 8 11 14 
8 19 25 26 31 25 16 32 30 32 39 15 24 20 13 14 18 21 20 15 17 17 29 28 16 30 25 14 20 21 22 41 18 34 33 10 25 23 12 24 21 9 19 24 31 17 28 7 27 17 24 33 22 13 18 21 27 29 13 24 
13 27 33 32 22 30 18 34 28 29 29 21 29 18 19 18 25 14 28 29 41 28 36 17 37 26 19 14 22 20 22 25 29 46 25 16 33 32 18 20 13 9 21 25 32 19 8 4 18 13 13 29 20 32 26 27 15 22 17 17 
16 33 32 26 25 23 23 29 27 26 25 21 46 28 14 19 27 15 21 31 30 28 25 19 17 13 18 13 25 42 20 34 2 31 23 18 32 19 14 26 17 16 19 24 45 14 25 13 25 6 15 29 18 42 16 53 21 18 10 14 
13 28 10 44 25 34 11 7 16 23 28 13 36 20 14 19 32 29 27 26 20 29 27 18 11 47 27 22 9 20 22 30 19 29 24 16 20 19 13 27 17 17 16 28 38 8 30 14 23 19 22 15 21 29 20 36 25 20 16 17 
14 22 20 33 8 15 20 37 18 21 26 13 35 18 19 18 22 25 24 7 13 11 21 16 27 30 24 27 19 36 19 26 19 35 18 21 37 16 12 10 11 14 25 14 30 13 22 15 28 12 22 25 20 38 22 43 18 24 15 24 
26 40 21 27 8 21 26 49 26 19 26 19 36 22 16 18 29 22 18 21 17 33 24 19 18 29 22 22 15 27 21 20 24 23 19 20 17 33 23 24 15 12 17 38 25 7 31 17 35 16 19 25 19 29 23 28 14 31 14 21 
13 20 26 19 29 26 27 31 35 23 39 13 26 19 9 20 33 17 18 21 33 20 27 15 36 24 23 21 16 17 20 26 17 34 24 20 23 19 24 39 7 13 16 29 27 16 28 17 24 24 18 18 20 35 24 18 17 15 19 20 
13 28 28 29 26 31 19 39 18 17 28 23 38 23 20 14 21 23 19 19 27 16 17 19 32 32 18 21 18 30 18 22 22 36 25 20 31 19 26 31 10 17 22 31 43 15 25 19 24 11 21 17 17 26 14 16 24 11 15 16 
13 18 14 35 23 35 17 37 30 35 14 18 37 9 20 20 24 12 28 27 22 29 25 8 37 39 21 22 18 20 28 20 34 22 18 27 27 20 16 24 25 16 15 31 23 11 39 13 14 19 11 22 18 29 11 20 26 21 8 21 
14 23 26 21 40 27 18 28 28 27 20 23 26 21 18 18 25 12 27 21 27 17 22 18 24 26 28 20 28 14 34 38 24 15 27 22 30 23 16 24 24 15 14 30 25 9 51 12 24 23 28 26 10 27 15 34 24 28 20 14 
16 28 26 26 38 22 10 30 18 22 20 16 24 18 19 16 25 26 21 13 29 30 20 17 23 26 19 21 17 37 24 27 29 28 16 27 29 27 23 21 13 21 21 23 39 13 29 12 42 9 27 24 16 28 30 6 25 20 17 13 
14 22 20 30 30 18 17 43 25 15 43 13 33 28 21 20 35 15 12 38 13 24 23 20 31 39 26 15 27 32 37 33 28 35 20 12 20 21 27 30 18 17 19 31 36 18 19 19 15 18 16 24 13 33 16 20 28 20 16 16 
16 26 7 37 37 33 16 35 31 25 31 20 36 12 20 19 16 16 41 22 39 34 15 21 14 19 18 20 13 30 23 38 14 38 20 11 41 26 19 22 20 22 18 26 31 20 24 19 25 5 19 23 19 28 25 36 20 27 18 18 
17 26 23 12 26 28 18 18 28 13 38 26 24 31 7 23 33 8 19 21 36 17 37 25 33 19 34 19 15 9 32 34 17 37 25 19 22 21 17 19 27 8 7 29 15 15 39 11 23 16 25 27 16 28 17 23 16 24 22 19 
16 17 22 25 29 30 14 43 21 27 35 28 39 20 15 10 25 12 25 24 38 32 26 19 23 37 26 15 16 38 24 33 36 15 24 15 20 17 8 35 7 14 28 4 31 15 26 17 24 19 24 29 23 26 25 26 24 26 8 25 
16 22 26 25 42 26 10 33 30 20 28 18 18 24 18 21 28 17 23 28 28 41 26 26 4 23 29 17 18 26 17 36 29 32 27 28 25 24 15 26 22 12 13 38 19 15 38 9 32 12 19 11 23 18 15 25 26 18 17 27 
14 27 12 30 24 19 17 26 22 20 37 19 34 20 12 20 20 17 23 17 25 39 26 22 34 37 20 12 22 25 25 35 20 19 17 25 28 23 11 20 23 13 24 38 28 20 45 18 24 11 12 23 20 35 23 27 17 29 20 11 
17 25 25 16 32 16 13 38 28 32 25 14 30 10 13 23 20 26 20 2 27 45 32 23 30 26 20 21 25 32 25 26 28 36 16 19 10 25 11 27 23 18 15 28 33 16 46 13 20 18 20 24 26 26 32 42 16 19 19 16 
16 22 14 15 43 27 18 25 27 20 12 18 32 22 20 21 14 22 20 12 14 34 31 11 26 14 27 17 23 28 34 14 10 38 27 14 23 13 14 36 25 15 31 48 48 18 28 17 34 15 14 33 17 35 14 43 19 24 19 17 
23 15 25 22 37 13 20 22 35 23 31 18 21 23 7 15 22 20 19 16 19 27 13 24 21 20 17 15 21 28 48 39 29 21 24 22 27 20 23 25 10 15 21 41 20 12 43 16 23 17 17 28 21 34 23 25 18 26 16 13 
19 25 23 18 25 40 15 34 27 12 46 24 24 29 12 22 31 20 7 15 22 37 27 23 18 28 17 18 22 27 28 34 12 32 18 11 24 20 11 28 25 13 29 23 24 18 29 17 43 12 18 28 16 26 26 24 19 26 16 21 
11 32 16 28 14 32 9 22 18 20 20 15 16 13 18 9 33 17 21 37 32 40 27 18 21 35 27 18 22 33 18 25 24 36 20 11 26 26 19 39 21 15 28 42 19 11 24 19 22 14 16 39 20 30 16 43 27 23 15 18 
22 24 24 17 48 25 24 39 28 22 27 21 36 19 16 15 25 5 23 23 29 22 12 17 36 37 30 22 22 21 41 32 19 30 23 15 30 33 13 41 17 17 17 24 27 19 39 21 21 15 11 34 17 23 28 28 17 21 29 18 
11 17 24 28 34 22 23 39 27 23 16 7 30 22 19 19 24 25 14 29 22 28 21 15 28 17 19 20 21 20 20 27 12 30 23 20 34 23 19 39 16 16 17 22 30 19 22 16 24 20 20 32 24 22 16 26 25 15 17 27 
9 21 35 24 27 17 13 40 30 17 25 21 25 19 14 20 37 9 17 10 43 40 24 14 37 39 25 23 19 29 32 29 9 24 21 24 22 29 18 22 15 15 15 18 16 20 23 19 35 20 14 20 32 41 27 29 25 21 19 18 
18 17 31 19 37 12 30 34 19 29 19 18 44 27 14 18 26 10 14 20 27 46 18 28 25 38 20 25 8 23 28 24 36 20 19 18 28 18 27 23 19 11 12 32 51 21 19 19 36 15 20 21 27 31 36 32 10 28 12 14 
18 38 17 14 33 23 20 37 22 25 32 7 47 10 10 13 8 21 19 33 23 19 20 25 33 37 31 19 14 21 28 30 22 30 21 20 24 19 22 29 15 10 28 39 30 17 20 23 25 17 20 18 19 39 22 35 23 16 20 23 
16 27 26 8 44 29 13 26 22 15 26 11 26 30 12 10 31 10 12 19 29 12 23 16 31 37 26 4 23 18 28 32 21 35 10 25 26 15 29 21 11 11 13 40 22 24 17 12 22 11 22 26 10 30 18 17 16 31 23 17 
18 21 18 19 40 32 11 36 28 26 29 14 38 19 17 23 27 17 21 26 37 37 27 34 21 29 26 25 19 31 33 40 30 32 12 19 28 28 13 43 15 15 32 28 32 16 27 13 29 16 16 26 9 20 11 26 19 27 12 13 
14 36 11 27 30 8 18 23 20 21 47 20 7 22 14 27 13 16 24 24 26 23 30 19 21 28 23 25 11 36 31 28 26 15 31 23 16 24 12 38 15 18 16 15 31 19 18 17 27 23 18 20 28 27 13 33 18 20 26 12 
15 9 17 30 32 13 24 18 33 22 33 14 26 30 11 22 41 19 25 16 48 14 36 18 19 7 10 21 24 25 25 26 26 34 29 25 31 14 14 24 9 18 20 25 15 16 33 4 13 8 17 28 17 33 21 27 24 26 14 21 
20 29 26 30 29 35 10 32 25 16 44 14 6 23 13 13 18 20 20 21 23 38 29 23 20 30 16 22 20 26 33 24 25 19 18 11 22 21 19 23 28 16 18 23 26 16 32 23 26 17 8 19 16 46 20 17 28 19 10 28 
13 20 24 27 32 21 17 35 23 21 27 14 21 23 14 16 27 20 21 24 25 22 15 26 24 26 27 13 15 19 28 30 21 21 26 17 34 18 15 32 22 19 30 48 30 13 23 12 20 18 18 31 22 23 26 26 32 26 18 17 
14 6 28 18 18 16 20 27 32 28 24 8 49 23 12 23 31 10 16 17 21 19 28 21 26 24 29 26 20 26 33 30 29 19 19 10 19 18 12 28 19 21 14 40 33 18 34 10 25 17 23 10 21 26 25 26 23 34 19 18 
15 19 25 19 22 15 19 17 8 22 34 22 34 21 9 11 24 15 20 24 30 32 32 20 11 36 23 16 16 28 29 34 32 24 24 18 23 16 10 29 25 15 18 21 14 18 28 12 25 16 18 16 31 29 26 46 17 19 7 13 
13 22 30 17 28 32 26 24 20 27 31 16 29 31 20 15 22 11 24 21 7 31 29 16 14 14 29 20 17 20 21 44 25 30 17 20 29 21 20 20 16 16 25 34 43 13 29 23 28 12 20 37 20 26 22 20 32 16 16 15 
15 22 29 35 34 11 20 21 15 20 30 14 41 21 16 18 28 21 16 26 40 19 13 14 23 35 19 18 18 30 27 34 36 24 24 20 18 30 28 37 17 18 22 29 23 10 19 16 39 8 17 29 13 40 26 13 26 24 10 14 
16 30 26 29 22 36 21 38 31 26 26 23 23 23 11 17 24 20 17 30 36 29 25 12 29 23 15 25 30 29 28 28 17 37 22 22 17 21 21 28 21 18 25 26 26 15 30 11 32 14 12 21 20 35 28 38 17 26 17 14 
19 26 20 27 45 28 15 29 27 26 22 21 26 30 24 18 20 22 9 27 22 28 28 13 25 40 18 24 23 21 20 25 27 30 12 18 35 26 13 25 16 19 27 26 11 20 14 10 25 15 7 23 16 14 31 30 16 32 19 22 
18 24 24 22 22 25 21 21 46 18 25 16 30 23 17 19 18 16 16 20 22 24 32 7 28 28 18 18 7 18 20 14 23 39 27 21 8 18 6 32 20 10 8 39 35 16 20 17 30 10 21 13 20 24 2 10 22 22 16 14 
21 22 23 24 20 22 21 34 25 16 26 22 30 19 17 19 19 16 13 24 29 41 23 16 24 20 16 18 27 24 35 33 20 17 12 11 18 26 22 39 20 11 20 31 32 10 42 21 18 13 15 28 25 26 34 27 21 28 12 11 
15 16 27 12 26 35 17 27 19 20 29 12 17 28 13 8 19 14 17 28 35 37 22 23 20 26 17 22 20 30 36 32 32 20 10 20 26 27 6 31 22 13 20 24 28 14 29 13 20 15 21 44 17 27 25 27 23 37 22 15 
11 24 23 17 31 19 16 23 30 21 47 12 24 22 17 21 15 20 21 26 19 44 23 23 24 36 25 17 16 12 26 32 16 23 21 16 28 24 29 31 17 17 13 28 15 14 30 15 32 16 17 30 24 33 18 42 28 27 15 19 
11 40 32 17 39 13 16 38 35 25 29 12 19 14 10 30 22 9 21 35 40 32 31 18 22 19 32 15 7 12 31 27 35 15 22 15 43 21 18 20 18 22 21 44 41 13 32 23 20 11 21 26 24 18 22 30 12 28 14 8 
21 29 25 31 26 33 19 39 25 35 26 20 30 26 15 18 24 25 21 21 25 26 18 10 28 37 20 23 25 20 28 24 28 16 18 14 41 23 13 30 20 15 10 37 27 15 34 17 22 25 19 28 24 37 22 24 23 26 24 20 
16 14 25 13 16 27 16 23 22 17 34 9 30 24 18 21 30 19 12 21 21 51 22 15 19 30 24 14 11 36 16 22 11 28 25 15 21 31 11 34 18 15 6 24 30 23 28 19 27 23 17 30 13 37 21 35 29 11 20 20 
11 28 28 18 29 34 18 35 24 33 21 25 33 22 17 26 29 14 26 23 2 30 29 23 21 31 27 11 11 28 32 26 16 46 30 13 17 17 19 28 18 11 18 30 27 12 32 14 27 14 14 46 19 23 20 27 26 12 15 17 
12 17 18 30 26 23 15 40 19 23 11 13 33 28 5 14 32 15 17 19 35 15 21 14 34 21 25 17 17 27 27 18 18 13 27 21 24 15 16 32 13 22 18 33 23 12 12 11 18 18 20 35 21 44 18 28 32 34 20 18 
14 25 28 21 28 30 12 41 27 23 21 23 35 21 11 13 9 20 17 15 23 25 24 20 22 26 24 22 18 31 28 22 18 19 30 15 29 24 17 25 20 7 33 27 35 22 42 19 28 14 23 40 20 38 25 25 18 23 18 15 
12 26 16 16 34 24 21 21 20 26 24 19 22 28 15 26 27 17 25 23 23 39 24 18 21 26 24 19 22 23 26 37 25 21 34 15 26 28 18 17 14 14 11 32 23 26 32 20 35 17 18 25 25 36 11 19 14 24 16 20 
16 31 25 9 23 22 15 32 11 29 21 14 32 17 13 25 19 11 12 18 21 21 24 18 23 11 31 19 26 36 32 29 15 35 21 23 20 23 16 42 17 19 17 34 18 16 27 15 33 6 18 21 16 26 24 25 8 16 16 12 
12 15 23 23 27 15 19 21 27 19 28 28 32 9 7 13 28 23 21 27 41 30 25 28 18 17 21 19 16 30 23 32 20 27 20 13 23 25 20 23 18 20 26 36 30 11 27 15 23 9 15 29 23 25 28 27 28 27 23 18 
17 34 26 21 19 27 13 30 31 22 33 17 43 19 12 22 32 19 14 20 38 34 23 13 13 17 18 9 18 28 32 36 31 32 29 10 28 26 17 34 21 16 23 28 38 14 13 16 20 15 29 34 18 28 17 44 10 26 16 16 
12 15 28 28 42 11 14 38 29 16 28 17 35 27 14 22 20 16 15 32 24 27 24 15 22 32 16 16 24 29 22 25 19 24 23 15 33 33 30 34 11 14 12 34 36 20 19 11 25 19 14 32 23 20 32 41 14 25 19 16 
21 21 23 26 18 10 16 27 20 27 42 16 26 20 13 14 28 22 26 29 28 34 33 17 20 42 15 11 21 22 23 32 35 30 24 11 33 24 25 25 15 20 21 15 43 17 28 27 33 21 10 42 22 36 17 35 19 23 14 18 
15 15 22 37 29 21 14 33 27 25 28 13 28 22 10 16 28 27 15 17 20 27 28 13 25 31 17 23 10 29 27 22 26 22 19 14 24 24 21 24 11 20 25 25 19 17 22 18 11 14 11 33 19 18 26 32 25 21 14 21 
16 25 9 24 37 15 10 29 25 17 22 14 41 22 16 15 26 12 20 34 22 8 18 6 10 16 25 24 9 31 27 39 31 29 25 13 19 18 21 26 13 14 28 31 21 16 33 15 19 16 12 24 26 32 23 30 26 14 26 11 
15 28 22 17 19 32 17 29 18 22 33 7 41 26 17 20 25 25 33 27 24 29 38 21 42 38 28 17 31 32 34 29 19 29 23 22 36 13 22 17 6 17 16 22 47 22 26 14 30 20 27 17 23 34 19 31 22 23 15 14 
10 18 20 35 19 26 20 17 24 25 30 23 32 16 13 9 21 14 25 25 31 32 28 13 31 26 26 20 14 16 33 27 28 37 16 17 32 23 19 19 17 16 20 37 34 17 35 13 41 20 24 22 22 23 13 36 20 34 16 13 
14 22 21 15 27 18 20 16 33 32 29 20 25 22 12 11 22 27 21 14 29 30 25 16 31 22 23 6 21 29 26 31 27 38 14 14 31 30 12 34 7 12 16 22 28 20 33 13 22 12 24 30 20 28 21 27 18 22 16 14 
18 34 24 31 15 21 17 24 24 16 36 13 27 22 15 32 25 18 23 23 22 26 18 31 32 28 27 11 19 29 35 35 31 13 11 13 37 7 26 26 12 10 17 20 27 12 17 21 30 15 18 26 31 32 29 30 21 21 14 19 
18 30 14 32 42 37 20 32 22 18 27 28 37 20 13 18 25 18 11 31 35 37 21 13 29 33 19 19 21 26 27 31 34 20 19 11 22 31 9 22 11 14 10 43 30 20 22 22 35 20 18 29 30 29 26 17 20 32 20 20 
8 29 17 12 34 17 14 31 23 21 35 13 25 18 12 19 21 20 19 37 30 19 29 22 22 29 21 18 28 29 23 26 28 29 27 20 18 15 12 36 20 12 14 19 34 18 25 11 23 19 25 12 14 24 25 42 21 18 22 24 
18 20 19 16 28 30 16 32 23 19 24 12 38 29 16 29 23 21 29 12 41 22 26 19 34 22 24 12 28 30 25 40 25 22 24 12 39 41 19 25 22 16 22 15 35 19 27 15 20 14 17 24 23 5 18 31 16 29 13 17 

MachineCapacities:
MachineID Capacity
0 10
1 10
2 10
3 10
