NumTasks NumMachines NumScenarios
15 3 1000
TaskDetails:
TaskID ReleaseTime ResourceConsumption SuccessorsCount Successors...
0 0 1 1 3 0 
1 0 10 3 2 1 4 
2 0 1 9 6 1 4 
3 0 8 9 8 1 4 
4 0 3 9 7 0 
5 0 2 10 6 0 
6 0 10 2 10 2 10 11 
7 0 4 3 3 3 10 13 14 
8 0 3 4 4 3 11 13 14 
9 0 7 1 6 2 12 14 
10 0 2 8 3 0 
11 0 9 4 4 0 
12 0 7 2 7 0 
13 0 9 9 1 0 
14 0 4 3 9 0 

21 22 24 25 38 15 19 32 18 14 17 20 14 22 18 34 19 28 19 23 10 17 39 31 15 25 16 33 28 20 13 24 25 16 20 23 16 22 34 39 40 41 25 28 18 
26 18 11 27 36 14 30 27 31 20 15 14 13 8 12 24 22 28 22 33 21 20 22 27 26 24 15 22 29 25 20 16 18 17 25 33 25 32 30 35 19 39 15 38 22 
32 15 24 14 28 9 37 8 28 21 24 21 30 21 30 37 21 27 23 27 20 23 23 23 12 28 24 34 37 32 15 24 30 16 23 26 21 26 31 42 34 31 18 33 18 
21 21 34 9 41 26 40 35 37 29 27 18 20 24 23 25 35 19 32 15 20 22 35 23 21 10 20 30 36 35 20 21 27 23 23 32 14 16 39 28 31 31 27 24 20 
18 18 29 21 14 18 23 31 38 36 27 19 4 24 15 21 14 27 38 23 24 19 32 20 11 24 17 18 27 16 26 20 20 9 24 23 13 27 23 36 34 28 22 17 17 
19 8 19 17 36 26 23 23 38 21 23 10 19 21 23 29 28 17 34 23 17 25 32 34 18 29 20 27 11 27 23 34 27 18 16 30 24 38 15 35 33 42 32 22 22 
20 12 33 16 17 28 24 30 28 24 16 10 20 25 25 17 26 32 35 24 19 24 24 28 16 24 22 23 35 9 20 32 16 17 24 15 18 40 26 30 38 32 23 26 22 
22 20 21 24 18 21 25 36 30 19 33 21 25 28 21 19 22 15 22 39 23 20 30 23 17 24 17 30 30 26 16 22 33 28 34 13 19 29 42 37 12 31 24 23 22 
29 8 17 29 21 26 29 29 27 30 32 14 14 27 20 21 20 37 38 27 24 13 36 18 20 21 11 24 22 25 17 30 31 18 23 39 10 28 20 27 42 28 10 16 17 
29 16 17 23 37 25 18 27 28 15 28 22 16 26 11 24 24 35 35 18 25 21 25 21 22 25 12 26 41 10 21 16 20 15 22 25 24 38 26 40 30 33 25 31 25 
16 11 15 18 25 33 22 23 20 24 27 16 30 30 20 27 13 11 22 34 17 13 29 25 20 19 17 16 13 40 14 25 37 23 21 33 21 22 17 17 30 37 14 33 20 
26 17 27 21 24 31 25 24 42 19 36 12 29 21 18 22 19 33 28 27 21 14 22 12 4 24 21 10 28 23 26 27 26 12 29 30 32 28 24 20 37 34 11 28 15 
22 17 23 22 36 23 31 28 32 23 29 27 22 18 18 27 17 38 22 27 25 12 34 30 18 26 20 15 16 22 15 21 14 14 20 9 22 21 28 23 19 34 20 19 14 
32 11 16 24 18 36 34 26 24 21 18 16 18 18 24 29 4 25 22 29 23 22 40 22 12 25 21 21 24 28 20 36 24 15 18 26 14 18 32 25 26 23 20 18 17 
18 14 30 27 34 28 16 23 9 18 17 14 16 29 27 30 21 22 36 26 14 9 29 16 27 28 14 26 39 29 19 26 31 16 10 27 18 23 27 38 54 20 23 26 13 
15 21 37 18 30 18 27 21 16 17 25 15 19 20 21 20 14 27 21 23 9 19 21 18 23 30 24 24 28 30 21 31 18 6 25 25 21 16 44 31 36 25 18 21 12 
29 4 20 33 37 23 22 13 34 10 21 10 22 27 17 29 20 10 45 39 22 23 36 28 20 20 16 34 32 10 21 30 22 18 31 35 23 25 23 35 47 28 23 23 19 
16 18 30 33 17 20 28 34 20 12 24 9 32 25 16 29 12 19 32 43 21 5 23 22 17 25 19 32 30 19 17 36 33 9 27 14 18 26 25 37 24 27 15 25 18 
26 13 26 17 27 30 28 25 30 9 15 11 18 26 19 27 25 28 36 41 27 22 33 25 23 22 12 36 27 30 26 29 25 18 18 17 22 21 37 22 24 44 19 13 24 
25 14 24 34 24 5 31 26 33 24 14 16 25 25 20 27 27 18 28 26 20 23 37 43 10 27 14 19 14 21 7 28 14 21 31 23 19 29 30 35 27 28 17 19 15 
22 13 36 29 18 19 22 25 27 37 25 14 28 25 23 32 19 34 12 37 24 14 22 17 22 30 15 27 28 26 25 22 20 15 21 28 14 25 29 26 26 16 15 26 14 
25 9 19 25 28 22 23 28 21 24 23 15 11 21 21 26 24 12 34 6 12 18 38 25 11 24 21 23 24 31 10 29 27 17 39 29 29 36 31 22 31 39 19 24 14 
30 16 18 14 16 25 30 30 39 20 28 20 17 24 26 36 23 15 38 29 23 14 45 18 12 19 15 34 11 24 23 28 27 20 30 23 28 24 25 33 40 34 23 44 20 
17 10 18 18 20 17 24 22 25 17 13 22 19 4 20 14 24 31 31 33 19 14 26 20 15 15 10 29 35 26 25 35 25 13 29 21 21 33 27 31 42 37 22 25 22 
4 15 21 24 28 19 18 16 24 22 13 17 18 16 28 29 28 18 26 14 24 12 41 22 21 24 19 20 35 34 12 20 26 18 20 20 20 14 34 34 30 35 17 24 21 
21 13 22 20 20 21 18 23 21 22 28 15 17 22 26 27 9 22 25 12 25 18 28 25 24 16 22 29 27 33 19 19 23 15 22 23 26 25 32 33 32 37 19 18 20 
26 15 17 14 24 23 32 30 24 24 25 18 21 28 19 28 31 22 20 16 17 22 26 24 27 24 13 15 33 27 17 24 30 18 17 22 19 18 28 32 36 29 28 27 13 
26 10 21 14 29 38 29 26 35 33 24 20 24 26 18 30 17 26 31 20 26 26 20 28 16 28 25 26 34 27 22 34 25 23 11 23 25 18 26 25 31 24 21 24 12 
20 17 26 28 45 26 16 16 31 34 22 15 23 31 28 27 22 20 23 28 20 17 34 15 10 20 19 37 36 26 13 37 39 16 13 21 30 18 19 36 23 34 18 39 20 
32 18 23 24 33 33 26 41 24 19 28 17 19 27 27 16 25 29 22 39 18 24 30 14 8 23 19 21 28 32 17 23 19 16 25 23 20 26 29 40 27 45 13 37 13 
28 19 27 16 25 28 23 34 32 24 31 14 30 25 19 22 27 18 35 8 22 19 22 25 12 16 15 29 18 28 25 31 23 13 32 9 15 29 26 42 21 19 19 35 15 
23 13 23 17 41 22 18 33 19 31 14 13 23 10 24 35 30 46 27 20 13 17 30 29 8 28 18 17 31 25 24 20 27 23 27 18 22 27 34 38 14 31 22 28 26 
34 10 17 16 25 28 24 25 12 16 20 15 32 18 19 31 28 17 36 20 26 16 31 30 12 28 12 23 33 19 8 26 30 20 36 33 19 23 31 15 30 24 24 27 19 
8 16 17 14 14 26 16 19 12 24 20 10 26 19 24 28 18 16 34 10 31 14 38 36 21 25 22 23 16 24 19 13 19 12 20 30 25 25 34 40 34 47 26 29 14 
30 12 20 32 31 30 28 22 11 23 24 20 29 28 23 14 21 21 31 25 12 19 47 29 19 37 20 34 27 24 22 26 23 29 26 28 33 23 37 40 37 31 26 31 20 
30 12 26 32 14 27 30 27 12 31 21 20 16 23 21 31 42 34 23 39 23 17 44 26 29 34 20 22 34 31 24 32 18 15 18 30 16 20 29 21 28 35 16 29 23 
26 17 31 30 25 29 30 29 54 17 25 16 19 24 30 25 30 27 38 29 19 19 47 23 13 25 14 36 29 24 11 21 26 31 33 16 17 22 32 12 20 26 21 30 15 
19 19 10 22 33 32 35 21 36 32 19 16 14 22 13 29 16 24 25 34 21 22 27 17 24 28 20 25 34 21 26 28 16 24 27 27 26 20 23 39 34 34 28 20 9 
28 12 29 14 24 32 31 32 29 20 27 11 31 24 25 16 23 37 38 19 20 23 22 21 20 27 11 40 42 29 14 17 14 20 40 30 15 23 33 24 19 35 21 33 9 
29 13 19 21 25 34 24 39 32 18 23 10 12 31 16 28 26 9 38 24 5 15 39 28 19 25 24 35 20 22 17 24 30 22 34 22 9 21 25 44 38 30 22 29 16 
15 17 20 16 17 19 12 19 24 17 16 16 21 14 22 31 21 11 24 20 24 19 22 27 10 30 20 37 28 31 20 24 19 22 23 29 21 28 23 34 56 37 15 19 23 
26 19 23 30 37 22 32 19 28 17 12 14 14 19 23 30 30 41 34 25 24 15 25 18 9 21 20 35 15 23 5 31 31 13 24 15 31 26 23 14 31 34 16 19 15 
29 18 15 22 21 27 21 28 21 19 30 14 20 24 22 24 22 25 22 28 10 7 21 18 15 25 14 18 21 20 15 23 34 18 20 32 22 32 34 28 16 18 33 21 27 
29 16 28 18 30 33 23 23 23 28 16 10 18 28 16 37 17 27 38 30 25 15 28 29 11 16 17 24 27 37 32 17 26 9 20 22 19 37 36 24 35 32 24 26 22 
17 15 20 15 37 18 39 29 21 20 17 14 18 23 38 35 23 22 17 31 21 20 30 20 14 30 12 22 26 24 26 24 30 21 24 27 19 33 23 16 20 32 27 26 19 
27 16 31 17 26 27 29 44 35 24 22 18 27 20 10 29 29 25 26 32 20 21 20 23 12 23 22 18 25 17 24 21 25 23 25 20 8 30 28 26 33 18 27 17 25 
24 18 17 13 35 27 37 48 25 28 21 16 16 35 21 30 34 26 4 11 23 13 30 21 12 21 8 34 24 22 32 31 30 20 11 30 17 21 35 24 10 33 13 28 20 
20 20 10 11 25 27 25 47 31 19 19 19 16 20 16 23 13 27 31 37 17 18 32 32 19 15 20 26 30 21 23 30 21 10 28 23 21 23 30 44 30 28 24 18 22 
23 18 24 34 30 24 26 29 24 36 19 19 27 24 20 19 24 38 36 28 25 18 29 14 17 20 24 28 38 16 25 33 8 17 37 24 27 31 22 47 20 16 16 26 8 
27 6 30 18 39 49 37 30 25 28 25 14 20 25 19 24 19 25 29 21 14 15 39 28 9 20 11 32 20 32 17 31 25 16 20 25 27 36 20 26 24 32 29 19 26 
25 13 15 10 29 25 13 31 30 18 25 9 24 17 19 39 20 25 21 21 26 15 38 18 27 28 27 23 32 29 22 25 21 16 28 9 20 16 14 17 26 21 22 20 11 
29 14 22 16 31 38 17 32 19 21 20 18 21 23 24 28 20 29 24 28 10 20 23 32 23 14 20 40 25 24 25 22 26 21 23 22 24 35 35 32 20 30 24 31 22 
13 11 11 21 28 31 17 30 39 6 24 12 14 26 12 31 15 25 23 25 21 23 20 12 12 18 21 22 23 32 21 29 26 13 17 20 10 14 38 35 25 29 22 37 24 
21 13 26 24 37 29 36 16 29 25 21 20 25 22 33 27 17 33 21 17 28 20 34 13 16 27 17 15 18 17 24 18 8 21 31 26 28 28 17 32 33 40 29 26 15 
19 13 26 25 35 27 48 28 34 24 16 19 14 24 20 32 18 14 30 20 15 16 28 20 20 24 23 32 42 32 24 33 13 10 28 18 18 25 37 42 36 36 15 24 28 
13 11 30 24 28 28 23 22 28 22 19 14 25 20 14 32 19 20 26 27 14 9 30 22 21 16 12 21 35 20 35 33 25 24 37 23 27 23 35 33 42 21 18 28 12 
23 17 15 23 33 17 39 38 30 29 27 10 13 26 18 15 18 34 27 35 27 18 27 16 22 32 17 22 22 25 21 19 17 7 20 23 17 25 17 42 33 26 19 34 16 
21 9 16 21 31 25 34 21 35 11 28 14 17 27 22 24 11 19 28 22 32 17 28 26 24 22 17 25 13 35 19 24 20 23 31 25 14 15 37 28 20 21 24 19 17 
21 18 26 31 21 30 18 28 27 20 27 16 15 25 20 23 26 35 38 18 19 16 38 22 18 32 18 32 32 18 16 31 32 21 20 26 18 36 30 36 22 32 13 30 8 
16 15 17 24 45 21 18 43 31 28 21 15 26 20 23 24 9 46 35 22 32 20 43 19 11 19 20 18 23 31 27 23 24 15 16 37 14 27 33 53 37 46 17 32 21 
20 13 31 30 28 18 33 32 30 25 27 9 28 13 18 17 26 37 20 5 30 20 28 20 26 8 20 40 26 20 19 33 36 15 5 31 24 22 42 22 35 32 22 24 19 
29 9 17 24 14 31 15 30 27 23 23 15 21 23 17 19 23 35 34 38 23 21 21 27 12 16 21 28 33 28 30 34 30 14 19 33 12 25 29 24 30 36 29 34 15 
26 17 38 18 13 24 26 34 25 15 25 15 24 12 21 19 25 26 31 30 19 9 32 34 13 42 27 10 36 28 23 23 15 11 42 37 28 24 20 38 22 41 7 30 9 
26 19 10 14 24 24 21 10 35 28 31 13 21 22 28 23 22 35 32 24 16 23 20 23 16 24 18 26 23 22 29 13 26 16 30 25 14 28 34 25 30 25 19 44 17 
16 13 20 18 21 31 19 34 36 9 23 12 27 34 24 24 15 32 37 37 18 16 26 18 28 37 13 14 32 28 25 30 17 8 30 23 23 30 28 23 29 38 26 24 19 
20 16 19 19 33 26 32 24 27 23 18 20 30 33 20 32 23 40 27 23 35 15 22 26 16 30 24 29 17 14 26 32 16 19 20 27 21 10 28 31 16 37 20 34 19 
10 12 25 18 29 18 16 27 19 14 22 10 10 22 16 33 4 34 29 25 22 9 39 27 16 26 20 28 26 28 26 27 10 19 31 34 10 21 8 36 33 44 18 18 24 
16 8 27 21 35 20 16 41 29 13 21 19 12 22 37 23 26 22 25 29 20 25 19 5 8 37 15 21 25 33 12 30 30 20 20 8 23 17 32 33 37 14 27 15 23 
23 12 30 22 26 28 24 3 28 26 19 18 31 28 20 37 22 40 24 23 13 18 32 29 16 30 20 32 21 21 22 27 27 25 38 24 17 33 28 37 31 37 18 36 29 
20 12 29 39 28 13 31 29 31 10 22 14 22 29 29 21 22 30 30 27 20 18 37 28 15 16 19 15 24 17 25 34 23 18 21 31 18 41 38 25 36 26 6 19 22 
14 12 29 27 28 34 36 23 24 30 17 15 18 25 26 18 30 15 39 30 17 19 12 26 17 14 26 15 25 16 17 30 23 17 40 6 19 13 20 31 30 28 20 13 13 
18 13 24 18 27 39 26 23 12 18 31 19 24 28 19 25 15 40 33 23 14 10 25 19 20 22 2 15 29 15 19 23 30 24 26 26 17 35 33 22 30 19 16 13 14 
19 23 19 21 32 27 21 25 34 20 19 17 16 18 22 29 26 17 27 30 29 13 36 37 20 15 18 25 25 28 20 24 31 14 23 29 15 30 26 45 32 27 10 25 7 
18 17 17 25 21 23 14 22 28 12 20 13 17 18 9 24 22 18 24 42 15 24 20 26 22 11 16 31 22 13 20 10 27 9 23 24 17 29 35 30 40 40 21 40 20 
14 19 30 24 31 19 26 29 29 27 20 19 12 31 29 9 24 33 44 30 20 23 6 23 10 11 18 24 27 22 19 24 18 17 13 14 18 19 32 28 36 30 28 18 23 
19 17 39 25 36 17 17 16 25 24 24 19 25 19 10 18 25 34 36 27 16 27 41 28 22 22 25 26 28 26 24 26 28 18 22 13 30 34 31 35 23 43 28 39 20 
18 21 20 28 39 34 14 33 36 19 24 13 8 36 30 35 29 25 15 27 15 15 24 23 15 31 9 29 13 9 36 31 16 19 32 19 16 25 24 27 37 27 20 28 14 
24 22 18 13 21 21 11 22 35 24 13 11 24 27 24 28 24 33 37 34 24 9 26 32 11 26 22 28 25 22 12 26 24 13 10 19 17 28 29 23 31 37 11 25 22 
18 11 22 24 17 32 34 35 30 16 27 16 19 10 7 28 27 31 13 29 21 20 43 16 24 25 24 35 27 34 14 29 26 13 25 22 35 38 31 28 34 23 9 27 10 
22 16 25 25 21 27 31 26 18 19 20 9 22 31 17 31 32 25 20 19 20 14 24 16 22 22 17 29 27 23 19 41 24 4 11 15 22 28 20 21 43 19 19 24 18 
19 17 23 19 24 33 27 15 24 32 17 20 24 15 23 31 22 24 41 31 27 17 22 24 9 20 17 28 36 21 7 21 18 21 32 7 8 21 31 43 10 19 21 44 15 
20 17 28 34 17 18 34 33 31 21 23 10 21 24 22 22 15 35 23 28 20 19 8 18 22 30 12 36 19 18 24 35 30 18 25 27 20 21 26 34 32 33 17 35 12 
31 14 17 32 36 39 27 35 17 29 16 19 30 20 18 16 24 34 10 38 24 25 21 23 13 24 15 12 27 22 20 40 30 16 20 28 22 21 36 29 29 41 17 39 8 
16 16 35 11 48 34 30 23 13 19 21 17 25 30 25 23 15 39 28 14 14 14 17 30 20 14 14 28 33 24 22 26 26 9 23 22 14 19 32 20 26 18 20 16 23 
23 16 35 16 25 29 43 23 33 23 37 11 10 23 15 30 20 20 36 22 27 14 27 16 17 16 21 25 34 26 14 22 37 9 29 24 32 24 18 24 33 49 23 21 20 
28 13 21 30 24 28 41 37 21 20 9 11 18 19 6 30 32 19 22 49 19 14 23 28 16 19 24 32 39 29 27 29 23 15 22 20 12 19 15 8 38 41 23 11 14 
9 7 28 17 37 23 27 27 25 19 27 9 17 23 28 23 33 23 34 23 21 17 46 27 15 28 21 29 22 17 18 22 32 20 29 19 11 13 27 9 22 28 26 11 18 
30 14 32 19 23 41 21 20 19 13 31 14 33 14 22 22 22 25 29 30 20 18 29 21 7 15 16 29 21 20 24 29 31 21 35 27 22 27 18 41 32 43 27 20 16 
8 16 22 23 44 31 23 31 21 16 17 16 28 22 16 27 22 30 18 36 23 14 29 26 18 34 17 20 41 28 20 26 32 21 19 12 25 24 32 24 28 23 21 38 16 
24 10 16 14 26 42 30 27 31 18 28 14 20 20 15 20 27 27 35 22 14 16 32 29 24 35 14 46 30 34 26 26 21 19 22 29 25 26 23 33 42 34 17 22 28 
21 14 27 16 24 30 23 13 12 29 20 15 26 13 16 27 17 10 11 20 30 16 47 24 19 17 35 24 29 28 13 19 21 17 27 17 20 38 33 36 22 34 24 31 24 
11 9 29 19 23 35 26 39 27 34 29 14 19 18 22 36 21 23 21 32 29 14 30 15 5 18 36 20 23 17 25 20 39 21 23 28 19 18 35 33 30 21 18 22 24 
31 19 19 26 34 24 18 27 30 27 32 21 15 26 19 32 21 26 39 23 34 9 32 28 15 30 12 25 29 30 13 32 20 25 16 16 7 41 21 23 25 23 29 25 18 
25 21 25 23 19 29 27 23 44 20 10 13 15 12 19 11 23 28 29 21 12 17 33 24 18 29 26 14 29 27 17 29 40 15 20 28 25 20 43 31 26 24 21 33 16 
31 7 24 17 30 19 32 29 31 24 23 15 16 21 16 29 24 31 36 10 30 19 33 17 18 18 21 16 31 23 30 20 29 14 24 35 23 24 39 23 29 28 25 23 17 
12 14 28 25 29 22 14 18 34 11 26 18 15 19 20 25 21 29 44 20 9 13 34 36 18 18 12 24 33 21 16 28 18 25 19 33 16 20 32 34 38 40 30 13 21 
28 18 32 26 23 24 16 7 21 17 13 14 14 21 29 32 11 38 26 24 20 21 26 27 11 27 18 43 32 17 17 17 28 14 15 14 16 23 27 27 29 28 27 28 21 
28 12 22 16 30 35 28 27 14 21 16 13 23 47 18 38 28 45 34 28 12 19 26 29 18 27 10 21 34 22 19 16 28 19 33 21 28 30 32 28 40 35 14 25 16 
18 14 12 24 21 33 18 36 29 32 26 16 16 24 20 27 28 27 24 27 21 25 20 21 15 23 20 28 38 27 26 32 25 14 36 30 15 25 34 30 49 22 26 27 18 
26 10 34 26 12 18 29 27 22 12 22 13 7 23 21 20 34 37 25 21 17 17 27 22 19 29 23 28 13 32 24 31 24 10 26 28 16 22 36 19 27 10 19 24 19 
20 17 16 29 20 18 22 27 9 17 26 11 10 30 20 29 18 16 22 30 3 17 32 35 18 37 24 22 33 24 23 40 28 20 36 28 24 33 27 27 38 38 33 25 23 
20 15 26 21 26 20 24 19 35 17 28 19 20 24 25 36 19 29 29 30 24 14 18 23 17 33 18 36 25 29 20 8 11 16 24 32 26 25 23 21 28 19 22 30 19 
19 12 24 19 14 29 24 27 30 23 24 12 24 17 14 34 21 23 23 28 19 20 13 25 15 23 21 23 35 35 25 26 29 9 18 30 21 29 22 40 29 35 23 32 26 
28 20 32 22 24 21 13 18 38 29 22 23 8 30 21 29 21 42 30 14 26 21 24 26 16 21 15 26 23 30 20 29 33 26 26 22 15 28 49 50 32 21 32 41 11 
28 15 31 18 16 21 26 17 24 19 20 14 26 22 19 30 22 19 30 32 17 16 39 12 2 29 22 6 21 13 23 33 23 26 27 13 18 18 24 20 22 32 20 26 22 
28 21 24 26 20 36 34 37 16 25 26 11 13 19 20 20 29 10 27 17 23 3 14 26 9 31 19 32 35 27 31 26 28 11 17 21 20 11 22 33 38 27 25 34 21 
23 14 28 23 18 27 26 25 33 33 26 17 19 18 21 42 14 31 33 22 15 19 21 16 17 18 18 24 44 17 28 29 25 25 25 23 27 25 39 49 41 29 24 30 28 
22 14 21 27 36 20 38 31 20 22 20 19 28 23 23 16 24 18 41 38 26 31 37 15 10 30 25 26 22 8 20 31 19 19 20 24 23 24 28 28 26 41 28 34 15 
28 7 19 19 19 32 26 34 29 15 18 13 22 18 22 22 23 18 21 39 25 9 21 17 21 24 25 14 22 24 24 24 22 18 29 18 7 35 30 28 40 39 20 30 24 
19 11 24 24 19 21 29 21 24 34 22 27 26 15 25 29 17 34 35 28 31 14 30 31 17 14 11 22 42 16 25 32 24 18 31 19 20 20 30 28 11 21 16 33 21 
33 17 21 27 36 28 21 33 39 12 18 14 25 26 20 50 21 41 24 17 18 12 20 24 13 20 24 25 34 26 25 29 22 18 29 19 17 24 35 55 39 23 18 40 19 
16 7 23 21 23 29 26 33 48 28 12 25 22 18 26 30 23 21 24 21 24 16 24 23 23 14 20 26 37 23 24 21 11 17 31 29 30 20 29 30 25 20 28 47 28 
26 17 16 29 27 22 25 31 38 34 29 15 23 21 10 22 22 28 33 21 18 16 30 25 16 29 19 19 21 21 17 26 27 19 27 22 22 22 27 36 32 30 16 25 16 
21 17 29 16 22 40 31 23 41 16 15 17 20 22 21 35 13 25 34 36 17 24 30 17 19 31 19 21 20 15 17 32 19 18 32 29 20 34 33 34 39 44 17 42 19 
23 14 39 20 34 27 21 19 17 28 23 11 13 24 23 17 23 26 28 35 23 16 16 16 18 24 13 31 21 29 18 27 27 14 23 29 15 21 22 38 42 32 27 25 17 
26 17 20 12 18 30 26 36 24 12 15 18 17 12 19 39 19 24 42 38 30 22 14 36 19 23 8 31 32 29 18 19 14 22 26 19 21 17 35 28 26 33 27 48 12 
32 18 15 14 25 42 19 41 13 27 25 11 23 17 23 31 22 20 18 27 14 27 22 28 20 20 21 28 35 28 22 27 25 14 22 14 28 32 16 42 37 20 18 29 25 
19 14 14 29 23 13 20 26 25 22 13 11 9 21 17 18 19 22 30 34 19 22 26 26 23 24 20 24 30 27 24 26 30 15 33 27 31 23 25 31 36 39 26 36 21 
26 13 22 32 24 24 24 22 38 21 18 8 19 25 19 24 14 16 24 29 17 22 21 26 16 22 21 28 29 16 14 25 31 29 15 33 23 27 25 37 25 26 17 32 19 
17 12 24 12 33 32 40 28 33 25 17 12 22 20 18 22 16 9 31 30 22 22 28 21 21 27 20 34 42 40 26 25 33 18 26 22 22 30 31 24 22 33 21 14 21 
32 14 23 21 28 23 21 13 41 17 18 13 25 26 15 29 18 34 25 33 19 15 25 18 20 23 17 23 25 30 9 27 21 18 30 24 27 23 33 34 24 12 31 30 20 
27 18 37 22 30 27 28 40 35 25 27 15 19 21 27 20 12 13 23 41 31 19 36 31 17 31 18 25 16 21 20 31 19 10 20 40 15 16 28 31 33 13 27 40 15 
13 7 23 21 25 38 23 45 16 20 37 8 12 26 9 25 22 35 35 22 11 8 30 35 27 29 23 26 24 20 26 28 15 20 28 11 15 21 39 34 26 36 23 50 17 
35 15 20 18 31 26 15 35 5 23 25 13 29 22 18 16 14 31 42 32 24 14 38 25 17 16 10 26 18 18 19 37 7 20 25 12 2 27 33 45 17 34 13 18 27 
29 14 24 15 20 36 22 39 31 20 14 11 16 28 26 30 21 29 42 18 26 16 32 22 26 22 18 34 33 30 27 35 25 10 23 7 30 21 39 38 24 37 26 19 20 
33 8 21 23 24 31 24 21 27 28 26 19 9 22 22 20 19 29 52 29 20 25 23 26 21 25 17 21 12 15 22 27 32 16 13 23 15 29 22 22 33 31 13 42 25 
31 16 20 30 16 30 24 21 36 15 23 16 23 31 11 26 10 40 29 39 23 10 40 22 20 19 26 17 32 33 14 25 31 20 29 24 30 22 32 23 29 27 15 27 17 
18 12 22 29 26 15 33 27 24 25 32 13 13 14 23 14 25 29 20 30 28 16 28 21 12 27 16 19 22 24 15 17 18 17 30 24 18 28 31 27 20 38 16 23 32 
18 14 23 27 36 30 30 27 21 25 21 14 25 20 25 25 21 17 29 34 35 20 36 18 22 29 20 35 34 27 15 33 25 18 26 18 26 32 24 34 34 44 15 21 14 
17 17 28 26 28 25 23 30 27 18 28 13 21 25 21 13 26 22 25 43 20 18 33 24 9 30 10 17 42 29 14 29 29 13 31 20 23 26 20 26 37 28 16 20 20 
27 23 21 25 19 20 19 23 41 12 18 14 17 27 19 29 25 5 24 38 22 7 33 11 19 16 29 41 38 26 18 28 29 17 29 32 10 22 46 26 24 32 20 28 18 
19 12 31 23 33 22 26 21 16 31 18 16 20 21 21 24 22 19 24 30 27 17 36 17 15 29 22 31 30 30 20 23 18 15 24 22 35 30 29 40 33 26 24 28 21 
17 15 15 14 30 20 20 21 23 20 19 16 19 28 18 30 20 31 25 31 15 27 36 29 17 25 21 28 34 13 17 40 24 23 17 34 27 31 22 27 23 50 24 37 17 
32 18 27 16 29 26 12 30 27 19 23 11 27 25 18 20 36 24 28 38 26 20 25 18 13 15 17 16 29 26 23 29 32 15 23 21 26 24 33 24 11 36 24 24 23 
25 17 30 4 28 32 29 26 25 19 29 17 18 27 25 30 27 22 28 10 20 9 25 16 13 18 20 21 34 27 27 30 25 18 32 31 19 25 30 14 38 36 34 23 6 
20 13 12 20 43 27 26 30 32 16 36 19 18 10 21 20 21 30 26 21 20 17 32 14 19 27 27 13 28 23 11 17 16 21 14 17 17 33 30 30 22 29 17 27 29 
13 11 25 25 36 25 27 33 30 23 8 15 27 15 33 33 29 34 36 42 19 9 27 23 12 28 22 20 33 33 16 28 29 22 22 33 24 21 23 45 26 40 20 18 22 
15 18 18 19 36 38 23 36 27 28 16 16 19 17 30 26 24 20 34 26 30 10 45 22 13 23 11 35 28 31 23 19 21 14 14 21 23 29 19 17 25 29 22 39 17 
24 14 26 18 10 34 28 31 25 17 37 15 21 32 10 16 12 20 30 22 21 13 30 19 16 18 28 18 33 23 12 21 20 22 18 28 28 18 23 38 21 34 20 19 29 
23 9 35 16 24 11 12 31 31 19 30 18 13 21 18 36 17 15 27 15 18 19 25 29 17 26 21 21 38 14 24 15 33 15 13 22 28 14 27 34 28 40 17 16 13 
25 25 18 19 26 17 31 36 24 16 24 16 30 19 34 20 25 40 30 18 26 27 18 17 15 40 13 30 31 24 18 37 27 8 29 20 12 27 30 48 44 32 27 30 18 
17 16 34 24 32 26 21 24 18 25 21 22 29 19 12 22 23 19 30 23 21 15 36 29 17 21 21 21 12 26 15 8 28 20 17 27 21 27 45 22 47 30 19 27 20 
21 21 27 21 33 42 14 29 27 21 32 13 16 28 21 30 28 32 32 36 30 21 28 24 21 15 23 42 20 31 19 23 23 25 27 23 22 16 27 46 33 26 25 24 14 
23 14 26 27 22 24 26 9 30 24 16 16 9 24 23 37 26 39 34 27 24 16 36 26 17 26 25 21 18 30 16 28 32 15 27 27 15 36 38 28 29 28 9 7 28 
17 11 32 15 24 21 28 16 44 26 31 12 12 25 28 24 27 24 30 39 22 9 37 25 18 18 15 26 34 31 26 44 27 14 26 29 23 13 31 36 40 35 17 29 12 
20 16 25 19 28 30 22 23 9 26 15 17 16 29 30 17 18 27 31 33 37 18 34 17 21 8 14 32 41 18 18 21 39 20 28 19 11 11 23 33 28 21 25 31 10 
15 11 29 22 27 37 26 23 33 24 20 18 26 32 16 32 30 40 20 21 26 8 38 24 21 25 17 35 25 25 20 37 25 20 30 28 16 22 38 32 26 34 25 44 22 
20 18 25 20 24 27 22 25 29 27 19 20 23 19 26 38 18 36 33 21 20 18 18 30 17 12 23 31 27 30 19 24 10 5 23 27 21 21 43 27 26 29 15 32 20 
19 12 25 34 30 10 27 13 29 20 27 15 25 25 18 31 15 36 29 36 20 21 28 17 19 22 25 31 35 31 13 26 15 23 29 11 12 23 29 39 6 28 26 31 14 
23 13 11 16 21 18 31 24 17 19 27 9 23 27 12 23 23 26 29 29 21 19 31 19 12 21 15 16 26 29 24 21 20 12 23 24 28 33 29 21 5 26 26 33 27 
13 18 35 20 36 33 26 34 37 18 22 15 23 17 19 20 27 18 11 2 20 17 17 12 24 28 14 31 33 12 18 22 23 13 31 36 20 23 34 33 30 39 23 19 28 
18 15 22 22 15 32 15 25 39 18 23 18 10 25 24 31 20 39 31 28 25 16 28 23 10 19 15 20 24 20 11 35 32 12 17 20 20 20 48 16 30 26 15 36 2 
28 16 13 26 14 10 28 16 25 26 21 5 13 19 22 48 21 40 23 20 21 19 30 25 16 26 12 36 12 36 10 31 23 18 19 25 16 19 27 30 19 31 13 41 17 
26 14 31 21 27 39 18 17 35 35 17 12 13 26 19 31 22 34 21 26 23 22 26 25 12 15 16 17 19 9 16 21 23 8 33 28 9 27 24 29 40 34 25 29 21 
23 18 18 25 23 30 29 20 23 22 30 18 28 24 13 11 27 29 36 31 14 16 24 23 15 19 22 27 37 24 11 32 14 17 21 29 23 24 32 20 28 47 24 25 15 
25 10 28 27 35 20 19 35 25 24 23 14 27 16 27 28 21 22 37 22 23 16 27 20 21 21 15 27 27 32 22 24 22 18 20 18 19 33 12 26 43 39 14 22 16 
10 17 18 16 30 23 26 17 37 24 32 18 15 32 25 25 26 8 29 20 18 11 30 29 18 23 23 22 22 25 26 38 32 20 23 21 21 23 28 21 27 35 23 29 24 
21 11 17 23 24 27 24 20 34 15 22 7 19 19 19 22 28 24 27 26 26 12 30 31 11 22 16 26 11 25 23 32 26 17 22 23 26 16 35 24 24 26 26 29 18 
24 12 28 20 37 31 18 19 22 37 35 14 21 14 30 29 13 40 20 28 20 17 33 20 21 27 18 29 34 14 30 15 24 15 27 26 13 30 25 28 29 26 18 23 12 
13 19 19 19 37 32 30 19 29 32 20 19 14 25 26 19 24 38 20 35 20 26 31 29 20 25 10 20 28 11 19 27 27 24 17 39 28 29 35 35 28 34 33 37 14 
26 19 26 23 30 13 15 24 18 15 22 13 20 34 31 28 21 25 41 27 21 15 24 29 17 20 19 42 23 30 13 33 18 14 30 29 26 21 29 39 26 32 23 35 28 
21 11 31 22 24 25 16 32 33 24 25 15 19 25 15 40 18 32 39 30 16 16 26 30 16 34 21 37 20 35 19 13 17 10 19 26 28 30 20 35 24 27 23 29 24 
30 10 32 29 34 28 31 24 38 19 8 9 23 23 30 23 20 32 34 11 28 13 36 22 20 19 20 17 31 29 17 32 6 21 27 17 28 30 36 40 33 27 28 38 20 
24 16 21 28 36 27 25 32 23 26 19 19 20 23 24 18 19 22 18 38 20 19 32 28 27 19 23 32 34 36 23 18 22 16 31 20 18 33 26 29 25 24 17 32 17 
16 20 21 22 24 25 21 16 39 27 25 17 20 25 9 25 28 37 9 21 21 27 24 21 25 24 24 31 28 27 16 34 18 24 23 26 21 34 47 25 23 33 21 20 24 
26 10 28 23 28 25 20 37 37 17 14 15 24 20 15 26 20 22 27 20 29 23 33 21 16 16 14 19 29 38 24 34 31 17 29 21 27 38 34 33 22 20 19 32 22 
17 14 22 28 27 31 19 35 43 16 31 13 22 20 17 20 26 31 19 25 29 20 29 9 23 27 16 23 26 27 23 13 32 21 32 28 23 30 17 39 37 29 28 30 19 
17 15 26 25 32 24 34 26 34 23 23 16 20 31 14 23 33 20 27 31 26 12 38 12 14 19 18 29 43 30 23 28 23 9 24 22 16 19 26 28 18 23 25 30 10 
25 20 18 22 33 26 26 30 24 11 21 26 25 24 22 34 28 39 26 40 31 14 22 5 11 43 20 15 20 20 22 30 32 12 26 17 11 13 22 31 15 12 20 18 21 
23 10 24 30 18 25 27 20 23 17 15 13 27 13 15 23 25 17 31 33 20 20 25 26 21 31 11 31 37 24 19 26 30 15 21 32 12 27 19 46 27 35 13 20 19 
31 20 24 27 36 31 30 34 36 26 21 25 19 20 17 24 32 20 29 22 4 25 40 25 12 35 17 28 29 17 15 19 27 10 25 16 19 28 42 33 49 13 21 36 22 
23 16 20 22 18 26 26 52 42 22 20 26 13 24 22 23 24 18 21 46 30 18 36 30 7 26 20 21 17 22 32 8 18 15 37 20 23 21 24 28 38 33 21 28 19 
19 16 24 10 29 22 20 23 40 27 24 16 19 13 29 25 22 29 30 35 16 18 27 18 24 25 21 9 28 29 23 26 23 16 16 30 21 23 31 42 29 21 18 33 19 
10 11 28 21 34 29 23 16 26 28 21 26 24 30 20 24 15 28 20 30 30 24 35 24 21 35 13 34 24 18 10 26 33 15 20 17 23 32 38 29 27 38 20 42 28 
19 14 33 18 25 26 35 23 29 25 19 19 18 30 28 14 13 24 26 34 15 22 29 17 25 19 14 28 28 25 27 22 22 13 29 22 14 18 31 29 32 35 15 30 18 
29 16 29 25 20 21 29 29 34 16 29 13 19 25 32 27 19 29 33 23 28 19 20 24 27 23 9 24 32 15 23 34 32 22 19 25 20 12 25 41 39 43 22 28 12 
30 18 22 19 13 11 24 31 8 25 18 11 17 18 22 27 16 30 23 22 23 16 22 23 7 28 6 31 29 37 19 21 24 17 12 19 18 25 28 38 39 27 17 31 25 
25 17 26 22 26 23 21 36 14 14 17 14 27 19 21 22 22 34 20 31 21 19 27 14 18 19 22 44 37 33 17 18 14 10 26 18 22 35 43 49 46 35 15 21 17 
20 13 28 21 17 32 39 40 28 18 27 5 25 32 15 12 44 28 29 28 32 21 23 23 19 24 13 26 37 19 23 23 32 10 24 18 35 15 27 16 46 30 19 35 13 
21 17 22 22 29 26 27 25 39 25 26 14 26 14 15 35 17 20 24 26 20 29 34 26 23 21 25 33 38 20 21 33 21 19 19 14 16 26 33 33 30 38 31 24 17 
23 12 23 21 39 10 34 32 23 22 13 16 25 33 16 36 16 33 25 23 21 21 31 22 12 30 22 27 35 31 29 25 20 10 31 25 27 26 33 31 31 26 23 35 16 
23 14 13 19 18 23 22 35 35 24 26 19 19 25 30 20 29 10 25 26 19 18 39 20 11 31 21 34 39 30 18 13 27 16 18 28 29 36 20 22 33 29 18 39 20 
15 8 27 23 36 34 5 25 27 19 33 18 27 26 17 41 16 30 21 38 16 20 19 18 6 18 23 37 24 14 16 18 36 18 19 21 19 24 39 20 38 36 20 17 20 
20 17 14 12 31 29 26 27 29 30 26 3 21 19 20 17 23 13 26 28 27 21 20 26 12 24 20 24 44 17 20 30 22 23 38 28 13 30 19 29 48 31 30 31 25 
16 12 15 23 28 31 18 28 26 7 28 18 28 21 20 29 23 29 35 17 20 23 37 13 9 15 19 16 35 2 19 25 28 23 23 40 25 36 41 34 19 33 16 37 20 
32 15 18 15 25 26 27 18 11 10 14 18 29 19 37 26 25 21 17 35 19 13 45 21 26 32 12 16 24 32 19 23 12 21 20 23 24 18 21 17 35 49 21 47 21 
13 15 27 31 27 32 23 22 28 21 19 18 25 28 9 27 24 31 31 10 22 10 42 25 20 24 21 22 34 24 21 30 40 17 27 29 31 26 30 28 8 25 25 22 16 
40 17 20 21 24 34 18 27 34 20 10 9 23 19 25 27 28 29 22 29 21 14 33 23 19 22 16 19 22 21 31 27 32 23 20 17 16 36 28 29 25 18 22 30 24 
29 8 39 19 27 16 34 49 41 11 12 20 18 21 14 26 25 41 30 23 23 15 25 20 16 24 11 35 26 6 26 24 25 21 35 30 27 22 40 40 29 29 26 38 14 
25 11 34 12 20 20 33 30 31 28 19 13 25 23 22 28 17 23 17 29 13 13 16 29 15 19 17 17 15 23 12 23 30 12 30 18 22 19 44 23 31 20 7 5 17 
30 17 28 23 19 23 30 22 25 30 20 13 14 18 28 20 34 33 28 26 11 19 28 28 22 25 24 34 32 31 14 30 27 27 22 19 23 31 28 16 32 31 19 29 22 
20 22 21 17 42 32 26 41 24 20 16 14 20 22 31 13 23 29 30 33 26 18 36 23 18 31 21 29 38 28 25 30 24 21 26 29 16 31 31 37 48 31 15 35 11 
29 20 24 10 29 28 25 34 25 10 20 13 17 20 20 22 27 33 15 30 24 12 22 12 19 20 22 20 12 23 13 34 37 7 23 18 18 20 17 35 36 37 19 20 26 
26 15 33 25 35 32 27 34 27 20 25 11 18 20 15 21 26 42 13 34 16 15 47 17 23 16 28 29 21 31 29 28 26 12 28 29 19 26 23 24 22 44 29 21 18 
13 12 21 24 24 30 6 35 28 12 24 6 28 21 17 23 25 30 14 21 19 22 42 21 18 18 23 34 27 17 13 28 14 18 26 22 14 29 27 16 32 21 10 37 19 
23 15 30 8 29 22 24 33 27 15 20 13 26 16 25 23 23 12 30 28 28 26 26 27 12 16 21 24 17 19 16 34 19 14 29 14 16 27 23 40 36 32 30 24 13 
23 18 27 10 20 19 16 33 21 19 26 23 25 19 22 13 21 34 35 36 27 29 29 32 12 25 16 25 24 19 21 29 32 15 27 30 34 27 43 38 36 26 16 32 20 
23 9 16 19 26 21 12 39 13 29 27 12 24 24 16 19 25 31 26 22 9 20 30 23 9 14 25 35 32 29 28 36 17 13 28 14 22 25 20 40 30 33 31 26 12 
25 13 20 23 33 15 27 39 15 11 23 12 11 17 25 18 25 25 20 26 28 11 30 23 10 19 9 29 39 25 19 18 22 17 20 15 15 27 35 45 22 45 14 27 30 
26 17 22 20 26 13 29 20 26 25 20 12 17 23 19 20 17 20 23 18 31 17 28 26 18 19 29 28 23 36 2 30 25 14 15 6 18 26 28 27 19 33 21 31 19 
32 18 27 16 11 19 23 29 26 29 28 10 15 27 26 30 27 26 19 22 10 18 16 28 22 26 21 23 27 32 21 36 23 14 33 35 14 39 27 32 25 43 21 19 21 
23 10 22 24 24 42 34 25 11 25 18 14 20 27 17 33 32 16 44 33 10 19 24 23 23 14 27 34 32 30 22 25 17 14 25 15 21 27 18 26 35 27 22 38 19 
24 22 26 32 28 25 23 10 33 25 26 17 10 24 18 25 27 27 25 39 20 21 22 31 4 21 14 25 32 39 11 27 24 5 28 19 31 24 26 26 40 28 18 32 24 
28 16 19 19 41 15 39 27 30 19 19 14 21 24 20 26 33 32 27 36 21 12 32 30 15 34 28 41 34 17 15 20 33 32 15 29 21 24 21 13 17 35 13 37 18 
11 16 28 18 14 18 34 28 12 29 39 15 16 23 22 25 18 30 39 32 30 5 36 31 20 23 17 21 29 37 17 38 17 18 30 15 17 13 21 40 20 18 18 31 21 
15 17 19 11 35 10 8 35 32 35 28 16 28 24 19 30 20 36 22 25 21 13 17 32 24 20 19 23 33 37 18 45 29 7 32 16 22 27 23 25 28 13 10 13 25 
24 10 19 23 20 27 21 34 30 19 18 14 13 20 26 26 27 40 34 18 28 18 28 20 20 24 19 23 47 35 12 27 13 18 23 39 25 30 26 18 33 34 24 21 24 
27 3 19 23 17 26 35 12 21 23 21 17 24 29 21 25 19 38 22 18 24 9 22 14 18 20 22 33 43 32 23 32 30 17 31 31 26 40 27 45 32 30 18 31 18 
20 16 12 17 28 19 27 23 38 24 26 18 21 37 22 22 14 37 15 27 25 20 31 32 9 8 15 5 38 26 22 34 23 29 14 32 24 30 27 36 29 32 25 37 13 
17 15 29 25 6 23 33 32 29 16 22 12 14 34 20 26 19 34 26 26 20 13 34 18 9 32 19 30 30 21 18 24 20 11 29 19 26 16 20 28 26 28 27 15 21 
31 8 19 27 25 27 36 31 20 34 23 12 7 22 28 23 19 15 12 24 28 26 38 13 16 23 9 31 30 22 20 27 20 10 27 26 18 26 33 35 32 42 27 37 22 
19 25 11 21 9 27 15 24 28 9 23 16 17 22 24 16 29 20 34 40 19 20 20 33 17 19 17 37 41 27 29 28 22 13 21 30 23 26 36 28 38 28 21 29 17 
32 18 16 17 26 29 19 12 24 15 11 13 17 26 25 22 14 23 45 43 30 7 37 28 17 18 18 17 16 30 17 34 21 18 21 13 25 13 21 20 19 35 13 18 18 
26 13 11 26 20 24 27 28 29 22 14 12 9 17 14 25 23 30 32 27 25 18 34 37 20 24 26 17 11 23 24 31 27 20 27 36 21 23 23 36 35 8 21 35 15 
19 21 31 24 25 23 19 26 19 28 28 18 23 26 28 28 27 30 24 25 15 20 21 18 18 14 13 20 15 28 20 18 31 13 23 35 24 28 18 22 32 35 17 25 25 
24 16 22 16 34 17 20 21 19 14 28 16 14 21 27 39 22 11 19 28 18 7 38 19 24 21 26 23 25 28 28 15 31 24 25 33 15 21 34 39 38 32 18 39 12 
23 20 21 14 25 12 26 34 32 22 23 13 19 17 22 27 18 40 40 25 20 24 25 24 19 9 17 23 40 31 21 42 23 20 31 26 22 21 42 34 28 15 18 25 13 
23 14 36 19 31 13 29 29 22 25 11 9 25 27 11 30 15 17 28 30 24 20 33 42 21 20 22 20 20 29 11 15 21 18 27 30 15 35 35 23 24 30 11 17 21 
25 18 34 30 24 23 31 20 26 11 16 12 18 30 19 25 21 24 30 22 15 20 28 26 7 21 14 24 30 23 23 18 29 23 16 35 20 25 28 43 49 34 28 18 24 
25 12 29 14 32 37 26 36 25 22 19 15 22 27 20 30 27 17 26 34 17 11 29 8 7 22 16 29 27 30 16 31 8 18 14 27 19 38 37 24 35 28 23 30 20 
28 17 16 16 24 27 26 24 26 9 14 14 13 18 19 26 28 17 35 31 16 11 31 19 15 23 21 42 31 24 10 11 35 14 26 16 23 19 38 24 33 35 24 14 26 
12 10 30 19 42 40 27 35 28 34 15 10 30 25 24 32 21 21 42 27 26 16 25 13 9 26 23 18 39 28 16 13 16 21 26 28 12 29 39 32 20 44 17 38 15 
30 7 35 29 33 19 28 32 22 15 17 15 15 32 25 41 21 24 25 26 19 18 19 27 18 30 23 33 22 31 17 32 33 24 27 24 26 26 23 39 22 23 21 30 23 
21 19 24 11 32 15 22 22 18 30 30 16 19 19 25 20 30 21 36 42 20 17 29 28 20 37 17 19 23 37 26 28 21 19 24 24 26 36 22 23 39 43 18 31 24 
22 16 39 20 38 24 23 34 21 23 22 11 39 18 26 27 16 44 33 19 20 15 34 26 18 28 20 32 26 23 31 24 25 14 40 14 23 30 24 23 28 36 12 22 17 
14 20 32 27 31 25 27 10 23 28 18 23 24 16 20 35 11 34 25 34 25 26 38 27 18 24 17 33 30 25 21 25 33 17 23 25 24 14 27 36 31 36 29 37 15 
27 8 20 20 15 26 19 20 10 20 17 16 16 22 27 41 31 11 21 22 21 15 32 28 21 29 16 40 38 21 31 29 21 18 31 34 24 29 36 31 10 18 28 31 20 
21 10 28 34 12 34 8 36 31 27 19 19 21 27 32 21 33 17 23 20 33 19 35 18 18 17 14 23 32 23 22 40 25 21 26 24 23 35 36 18 34 34 15 31 22 
26 11 35 29 31 16 23 31 26 29 17 14 13 21 16 28 18 9 33 18 22 13 41 23 22 25 11 26 40 18 15 25 13 21 23 24 29 26 15 28 32 27 31 30 16 
27 17 22 22 24 26 25 34 29 25 17 10 21 26 28 20 20 25 37 24 12 18 18 30 16 24 12 18 40 13 15 33 33 21 16 25 27 31 22 33 32 33 14 23 22 
29 18 27 31 33 15 21 30 20 15 24 15 22 13 21 25 22 18 39 21 26 15 26 28 20 19 23 27 38 37 20 21 30 19 20 18 11 22 28 31 27 27 23 27 22 
23 18 22 18 17 31 26 24 38 19 20 12 22 28 16 23 27 19 16 28 23 15 13 27 21 19 21 29 32 29 19 29 17 19 27 37 21 21 22 40 35 24 22 19 9 
24 13 23 24 29 28 18 35 22 22 36 17 21 23 30 20 15 36 25 28 29 14 20 18 18 7 25 36 32 19 20 27 14 15 13 22 17 32 21 28 28 22 18 31 27 
27 12 23 13 30 32 23 38 22 27 25 18 22 24 22 26 18 41 27 32 27 12 20 30 21 27 22 22 36 26 22 30 11 21 32 44 30 25 25 19 19 24 20 31 12 
24 18 29 14 21 31 15 32 32 10 27 9 19 30 26 33 12 41 25 6 25 15 32 20 18 20 19 23 28 17 15 38 19 15 28 19 20 26 27 39 38 36 23 28 16 
28 18 20 29 25 16 16 25 24 15 17 19 13 21 11 25 29 39 24 21 20 18 45 24 21 29 21 23 23 32 15 7 32 14 20 22 13 23 24 38 34 30 24 34 14 
29 14 26 18 34 34 21 23 27 31 34 17 20 31 19 23 22 17 21 23 12 18 28 19 21 18 14 27 21 30 16 26 21 12 28 29 18 19 22 31 18 28 25 19 22 
20 15 19 14 18 18 23 42 36 20 23 10 22 25 8 35 16 25 33 14 17 16 23 28 20 23 20 25 25 31 18 26 27 18 18 39 21 25 31 31 25 35 9 28 11 
19 17 16 20 27 26 31 19 27 23 26 22 24 25 28 27 18 19 16 34 30 15 22 13 17 19 24 32 17 14 15 15 30 21 26 27 27 27 21 31 33 16 20 23 24 
24 9 24 31 39 23 26 20 28 18 18 18 27 21 12 22 18 34 30 29 13 21 27 17 15 32 22 9 33 34 15 29 28 11 38 28 23 29 11 13 43 22 32 7 29 
19 11 27 16 40 18 15 19 26 20 16 20 16 25 18 16 24 36 33 36 17 14 28 23 18 29 27 9 41 25 19 40 26 5 37 21 29 32 38 36 30 29 14 25 22 
27 14 38 21 18 31 22 25 19 29 27 17 14 27 21 18 16 24 18 17 19 29 44 6 17 33 12 29 31 29 12 21 23 28 22 23 26 29 12 45 26 42 17 37 20 
8 12 24 19 27 27 21 30 27 24 26 20 24 17 26 9 29 26 25 17 19 15 34 21 17 23 21 34 29 16 23 23 20 13 22 19 26 26 38 36 19 31 21 21 13 
29 11 14 31 36 25 29 23 28 22 26 13 27 25 22 23 24 23 20 33 26 16 22 26 11 20 7 27 26 19 29 25 18 22 29 24 22 23 34 29 32 34 11 37 22 
24 14 31 18 33 31 27 11 32 25 7 14 22 22 21 30 20 30 33 19 16 12 29 30 18 25 18 25 23 28 14 17 32 14 28 30 15 26 25 41 19 39 24 23 17 
31 14 30 8 39 28 24 22 33 25 24 11 18 27 29 17 19 8 33 13 12 14 29 20 15 22 9 18 26 35 16 26 27 11 20 23 22 33 41 37 43 30 19 33 13 
12 17 25 35 29 18 26 34 26 25 17 19 27 18 21 20 28 29 20 20 24 16 29 13 17 20 25 25 36 26 20 22 37 26 42 13 16 29 15 43 23 31 21 31 17 
11 16 20 24 18 30 15 24 33 19 26 18 20 23 16 17 23 22 30 25 9 20 28 22 12 18 22 36 20 27 12 27 28 18 22 15 17 32 46 33 27 40 15 16 16 
14 14 27 32 26 31 26 12 32 19 21 11 15 25 20 18 25 37 24 24 18 16 13 19 21 23 16 17 35 29 12 23 25 17 26 32 25 21 43 21 34 10 18 31 12 
15 26 12 19 27 18 20 37 24 20 25 11 23 16 22 27 25 35 32 30 21 19 26 22 16 15 19 45 23 29 16 34 34 14 32 26 18 30 28 23 16 37 24 24 30 
13 9 31 18 19 28 22 33 25 31 19 13 22 22 25 34 15 23 24 23 29 9 29 25 16 20 17 32 36 21 26 24 34 15 20 15 20 27 40 26 13 33 34 30 23 
8 17 7 22 34 25 9 23 41 20 28 13 13 31 27 19 25 29 42 8 29 20 23 11 23 30 16 31 29 33 24 18 29 21 21 24 35 27 30 31 24 36 30 41 18 
22 11 31 16 15 31 24 21 11 16 25 12 10 25 31 33 24 13 38 23 17 25 45 21 24 22 20 17 33 22 10 22 19 22 34 31 8 31 29 41 43 26 22 29 22 
22 24 25 27 29 22 26 36 27 19 16 19 9 36 21 20 30 34 29 31 26 14 35 25 19 26 21 26 23 23 18 21 30 9 25 28 27 27 22 23 34 42 25 17 20 
25 13 14 17 15 30 23 33 26 23 19 11 23 21 14 33 15 35 27 32 13 6 40 22 17 27 15 34 24 31 13 20 16 33 21 32 18 29 34 35 33 26 16 31 17 
20 19 20 27 43 25 26 16 28 24 20 15 21 27 21 26 18 25 44 32 21 19 38 33 20 28 17 16 38 20 24 27 14 16 23 22 25 24 28 35 37 24 21 25 27 
15 13 28 21 39 22 21 44 24 17 18 17 11 24 28 19 13 25 25 40 25 18 39 29 12 27 22 20 19 26 21 18 29 6 22 34 40 27 28 13 25 24 19 45 14 
23 7 24 14 27 26 26 44 23 21 16 17 14 20 11 20 22 16 36 27 25 14 30 12 21 22 26 24 36 34 14 37 24 12 9 21 16 28 40 27 34 41 20 22 21 
7 19 20 21 24 32 23 30 25 16 26 12 23 28 18 26 31 24 23 40 5 19 16 17 7 21 22 7 35 30 17 28 16 15 27 26 23 19 33 22 37 25 29 23 21 
20 13 16 29 28 29 16 25 35 11 25 18 27 18 14 25 14 17 32 20 20 21 14 24 24 19 23 20 31 23 10 23 23 12 24 24 19 31 35 26 22 34 8 38 22 
18 13 10 18 46 19 2 16 40 29 26 16 7 29 35 21 19 24 32 27 7 21 24 33 12 26 16 22 45 25 26 26 21 16 24 26 23 26 44 41 17 30 29 28 26 
20 19 31 20 7 23 22 47 26 18 31 10 17 27 15 24 23 30 22 27 17 18 30 23 24 30 15 22 38 32 17 21 38 11 30 18 12 30 36 28 29 24 11 35 27 
22 10 29 23 22 25 22 38 24 19 21 18 20 16 28 27 29 22 35 28 20 21 15 18 17 29 26 22 20 22 16 21 26 14 26 21 26 25 25 15 23 40 12 13 25 
18 15 16 19 27 34 27 33 11 17 29 12 15 17 24 26 15 39 32 20 33 20 42 20 18 29 17 19 20 20 17 25 12 14 15 25 21 24 47 34 34 26 20 9 17 
23 15 23 24 15 31 24 11 44 12 24 15 16 36 23 31 18 8 37 23 22 12 36 25 18 26 11 35 31 34 15 16 19 21 13 28 21 29 28 28 33 27 29 27 23 
15 14 27 29 14 31 22 16 36 22 24 18 12 17 25 25 18 26 28 31 19 18 19 16 15 18 20 24 26 29 18 18 17 14 42 13 25 29 13 17 27 28 25 20 24 
17 9 23 17 24 22 42 31 30 23 21 15 13 30 8 27 23 31 18 28 26 25 19 15 20 13 9 18 30 33 24 18 28 23 29 28 19 35 25 40 41 28 13 30 17 
23 11 11 28 30 25 47 38 19 14 20 19 27 27 20 26 26 29 13 25 7 23 27 19 20 42 19 25 19 15 29 31 26 13 24 23 25 39 50 27 41 38 34 29 25 
27 13 21 27 22 19 20 17 20 25 18 11 13 37 18 23 28 21 29 30 21 17 30 18 19 22 22 32 34 39 23 19 34 19 18 26 18 34 23 45 42 49 19 39 20 
22 11 15 19 30 20 24 35 13 19 25 13 24 20 24 27 20 29 37 30 32 6 31 35 11 27 12 21 23 23 25 26 16 15 20 33 20 40 34 44 28 26 17 41 21 
23 16 25 32 28 28 32 25 35 24 18 10 4 24 28 29 26 29 25 20 16 15 26 22 14 10 24 32 32 26 23 28 19 15 35 27 29 20 30 37 40 31 17 40 12 
22 11 27 22 29 16 28 32 30 25 28 19 18 25 24 20 27 28 32 43 13 16 46 21 15 28 16 27 26 26 17 15 24 16 36 26 17 19 19 23 51 36 28 29 19 
28 18 20 29 31 30 32 34 23 18 26 20 20 10 29 16 26 28 19 19 18 25 31 23 11 22 18 15 36 34 19 22 9 16 28 23 18 22 25 15 24 31 15 32 22 
18 17 26 28 10 14 35 20 30 17 15 18 19 20 19 26 20 25 37 27 19 12 22 35 18 27 27 35 30 19 25 29 14 13 26 21 20 27 21 34 20 24 24 13 21 
23 17 16 20 20 40 34 29 6 12 23 26 29 14 17 20 25 30 28 30 22 13 33 34 20 31 19 13 28 34 23 31 39 17 20 29 19 31 28 22 16 31 26 22 22 
23 14 31 31 40 30 7 29 31 17 22 10 15 21 24 26 29 25 26 17 22 9 24 17 13 33 30 26 30 11 24 23 22 14 29 18 21 23 41 41 21 20 25 41 25 
23 15 23 32 27 19 38 31 34 19 27 13 16 20 15 27 15 33 27 23 12 11 30 21 20 23 26 30 29 29 18 13 36 19 31 24 21 32 16 21 35 15 18 32 17 
18 13 20 16 33 24 21 28 23 26 23 19 21 30 19 31 11 35 37 16 26 22 17 22 14 29 16 23 41 33 23 29 22 31 21 21 36 23 27 39 33 42 17 37 16 
19 15 25 28 20 25 22 37 28 32 13 9 23 35 19 18 21 33 27 21 15 13 30 26 15 24 23 26 46 33 22 17 22 17 24 17 14 30 32 24 12 46 25 43 15 
32 16 40 17 41 15 26 28 35 22 28 21 24 30 20 22 21 40 12 30 18 21 31 31 21 23 13 18 19 18 20 27 19 19 25 28 19 20 35 26 28 37 16 26 13 
26 20 24 20 29 24 35 30 24 25 30 17 19 18 24 38 28 28 31 22 26 20 23 22 14 19 12 33 28 19 23 32 22 14 31 16 19 19 29 18 21 29 30 23 21 
22 11 17 32 29 25 25 24 34 23 27 12 32 31 23 26 10 22 11 17 26 16 33 22 16 23 24 22 13 26 27 28 25 23 16 17 31 20 30 49 31 41 27 32 18 
28 7 28 17 44 21 29 38 38 18 17 17 25 11 22 27 16 22 29 23 25 17 47 16 18 31 17 20 42 26 23 11 16 16 15 27 24 28 45 35 20 20 25 31 12 
22 22 22 15 17 39 30 33 22 13 25 20 22 15 19 22 33 41 18 20 23 17 38 28 21 27 16 7 23 26 21 19 36 15 19 34 25 29 19 48 31 32 26 23 24 
31 17 10 29 31 22 22 45 26 20 22 17 14 30 16 17 11 30 28 34 16 12 18 8 18 22 18 24 29 26 16 33 36 14 23 29 19 18 25 33 23 42 24 23 17 
24 22 33 36 17 30 32 27 25 26 22 9 24 29 18 19 30 27 25 46 8 17 16 14 20 21 14 15 22 26 19 25 21 14 20 33 24 28 29 30 27 28 21 30 23 
18 18 31 23 22 21 21 28 31 29 30 10 26 29 18 28 29 30 33 10 25 17 25 37 24 15 28 26 38 16 25 26 25 17 23 30 18 10 29 37 25 21 24 12 18 
26 15 14 29 31 27 25 31 28 26 22 13 23 13 10 24 30 28 22 32 23 16 14 17 12 26 18 33 28 17 22 28 27 7 37 19 25 22 42 26 34 13 20 26 16 
8 12 28 23 15 39 20 31 16 21 16 2 24 16 28 34 20 29 16 25 23 22 34 17 22 21 15 31 28 21 21 30 27 24 21 18 19 17 37 36 34 38 26 18 19 
26 9 30 29 33 34 26 40 22 24 26 17 22 21 16 35 29 37 24 23 20 22 32 34 14 24 19 19 20 35 14 18 27 21 32 23 13 31 24 23 33 30 26 23 17 
24 15 36 31 21 21 15 28 33 25 27 13 11 20 27 24 25 21 35 36 25 19 25 27 14 18 22 24 41 25 17 19 20 21 21 12 26 28 17 31 45 32 12 23 23 
28 16 20 23 37 25 27 25 29 24 37 23 31 20 18 21 24 36 44 32 25 21 27 36 23 19 15 23 23 26 26 16 27 10 20 27 22 21 30 44 24 49 25 40 18 
24 18 22 18 24 33 20 28 21 19 24 18 18 22 10 28 27 28 28 33 21 16 31 33 18 16 22 29 25 26 16 26 24 9 23 22 22 38 28 35 24 46 14 20 14 
17 19 36 25 20 27 22 21 28 11 20 12 26 20 9 22 19 24 31 23 35 17 29 16 26 28 25 40 21 27 16 21 13 19 11 29 18 32 26 24 33 44 10 21 11 
24 14 19 18 32 24 32 17 22 19 16 16 19 27 26 35 23 44 17 26 34 13 31 27 18 29 15 30 24 21 28 37 25 13 11 13 16 36 11 34 26 37 9 33 21 
35 10 21 27 23 33 23 19 21 23 16 13 28 20 29 29 12 32 32 22 25 19 29 31 13 26 20 35 16 25 24 36 33 18 22 22 30 25 28 13 42 16 26 35 16 
17 10 22 39 21 25 29 22 33 25 31 9 21 23 26 30 22 32 20 22 23 16 25 18 18 19 15 15 22 27 21 44 19 17 29 33 34 17 30 25 33 48 19 24 18 
27 11 25 37 34 19 16 34 19 15 21 18 19 33 18 30 34 26 41 28 14 17 33 25 18 22 20 31 23 19 26 18 26 23 21 27 26 27 40 33 16 35 11 16 26 
15 12 25 25 22 24 35 34 24 24 33 17 23 33 14 24 30 24 30 26 33 33 27 35 20 32 33 26 34 26 19 27 30 10 14 14 19 31 37 23 34 23 24 17 11 
19 11 32 35 21 35 33 22 22 19 26 27 17 16 18 28 21 19 40 28 18 17 13 35 23 19 20 27 46 24 14 29 17 18 36 17 12 17 24 26 15 38 11 32 21 
26 17 25 23 18 24 13 21 29 16 36 12 28 23 17 21 19 23 27 19 28 20 31 21 17 12 23 31 27 22 22 31 22 19 16 28 28 28 35 28 35 32 22 33 27 
23 10 36 27 14 21 28 18 26 13 12 24 23 23 13 26 25 22 27 24 13 19 29 21 8 19 9 41 27 25 13 38 14 23 26 32 12 28 45 18 20 22 25 29 20 
21 9 23 32 37 40 29 23 43 21 28 17 28 29 29 25 23 16 31 30 26 29 32 30 22 25 25 15 32 20 22 21 6 10 49 32 24 22 37 22 27 28 19 29 14 
29 12 19 21 34 18 20 19 25 19 19 8 23 22 15 16 18 33 29 19 26 27 24 20 16 22 22 18 31 27 23 22 33 19 37 23 18 21 26 48 28 36 29 36 14 
23 16 20 33 36 37 30 34 25 12 22 18 27 29 23 28 18 14 35 28 26 13 34 9 18 22 14 26 33 28 16 23 38 18 40 26 15 24 32 23 32 44 25 19 11 
21 21 22 18 21 12 19 6 41 20 21 12 25 23 28 12 22 37 25 23 13 19 27 26 21 11 24 35 22 36 21 20 38 11 37 10 21 29 26 36 38 39 18 36 25 
13 15 22 15 17 26 24 24 41 24 32 19 22 17 18 45 19 39 46 23 13 13 41 19 20 26 16 24 25 21 29 21 20 21 24 15 18 23 35 33 26 39 15 26 21 
23 12 20 15 22 9 32 20 26 23 22 20 21 33 17 33 27 23 8 30 21 10 38 30 21 32 19 23 46 38 20 15 22 14 27 29 19 25 28 27 23 27 20 25 15 
23 24 26 31 14 29 18 13 38 22 22 10 18 28 18 36 31 13 30 27 24 16 27 19 13 35 19 30 21 23 15 28 33 15 23 33 6 28 32 30 18 38 31 37 22 
27 19 31 18 20 20 28 16 34 8 19 15 24 30 15 28 22 40 20 25 27 19 25 23 20 17 17 34 33 13 24 24 24 8 21 21 21 26 23 46 37 34 18 25 23 
26 14 26 19 21 24 25 28 37 17 34 13 19 20 13 32 28 19 26 28 33 25 8 29 13 31 23 23 35 20 14 23 17 20 21 30 27 18 27 35 26 50 27 43 12 
26 16 30 21 30 27 30 40 29 26 16 8 16 19 17 19 29 26 15 25 22 28 34 29 14 40 16 31 22 6 18 31 21 10 28 35 15 24 20 24 38 27 14 25 19 
32 11 25 30 17 25 18 17 31 14 23 13 27 24 26 12 33 21 36 28 17 13 29 26 16 22 20 20 12 16 13 18 23 17 23 25 19 31 37 35 27 21 21 37 26 
14 16 22 22 17 29 31 34 26 22 27 19 23 21 31 24 23 25 41 25 19 18 26 22 18 21 13 24 26 27 25 35 25 21 24 21 24 19 32 24 21 28 23 37 14 
24 9 36 16 29 32 22 32 46 16 26 15 20 27 21 28 12 42 22 19 24 20 22 19 30 24 20 29 37 17 11 24 17 18 16 35 18 20 21 39 19 29 25 27 14 
13 17 17 14 35 31 27 26 36 16 21 20 29 26 33 20 16 22 38 19 26 25 22 16 9 17 28 16 23 17 16 28 28 15 19 13 17 30 33 36 35 42 21 25 24 
14 15 15 21 19 32 22 27 19 38 36 24 19 17 14 22 21 21 18 17 18 17 22 19 16 24 25 23 35 23 16 30 23 18 37 22 14 35 27 40 32 44 26 35 17 
21 8 24 29 28 34 30 23 27 24 16 21 20 18 4 26 30 37 28 30 4 19 34 22 20 15 12 18 34 28 21 26 37 20 16 29 33 33 19 36 29 29 17 30 22 
26 13 15 20 34 21 31 40 32 27 22 9 27 19 24 29 15 40 25 27 20 14 31 27 23 30 15 31 24 20 11 19 34 17 27 17 18 27 33 23 30 26 20 16 11 
21 18 16 30 28 34 31 17 40 26 17 11 16 40 25 16 18 19 25 29 19 20 28 26 18 21 19 31 31 21 17 35 23 12 20 30 30 25 17 28 12 44 22 20 28 
26 12 34 23 12 33 27 39 30 22 26 14 20 21 17 23 22 42 23 23 26 11 30 18 15 22 12 36 37 28 14 30 25 22 21 27 18 29 25 25 29 14 21 30 18 
38 12 22 16 30 28 17 39 24 30 32 6 26 21 18 31 28 24 24 33 32 14 37 21 22 20 12 31 24 38 21 25 32 9 13 26 18 35 26 29 21 42 21 23 14 
24 21 24 14 26 25 22 24 33 26 22 16 26 23 22 34 29 23 28 20 13 19 33 16 21 24 18 12 18 27 25 39 15 19 34 29 20 27 39 36 25 28 21 17 17 
15 20 30 16 5 24 11 35 22 29 28 15 14 28 24 30 32 31 20 32 20 18 42 13 24 22 23 26 20 30 29 21 20 16 19 20 18 17 28 36 29 29 22 30 18 
31 13 25 17 24 24 32 38 22 24 32 13 25 26 28 32 17 19 19 43 26 17 23 28 19 23 14 16 30 24 19 37 23 16 33 32 20 33 28 36 34 22 24 32 19 
23 16 28 17 30 22 26 40 42 25 25 18 18 17 21 22 11 37 17 18 20 26 30 14 10 28 22 26 31 20 17 28 19 20 21 34 11 18 36 25 24 18 22 24 14 
32 6 7 17 28 36 15 11 17 12 23 18 21 13 10 22 20 5 18 29 26 17 24 20 10 32 22 31 23 12 19 22 22 22 26 19 14 22 30 36 23 16 26 25 16 
10 18 31 30 25 18 25 30 39 15 26 17 26 25 14 29 19 24 24 34 19 15 33 16 13 24 25 26 28 18 15 25 23 20 24 27 20 26 24 36 18 29 14 32 15 
24 10 33 22 28 23 20 41 20 21 23 10 27 19 18 21 36 14 32 30 26 19 38 27 22 14 29 29 38 23 15 18 30 23 32 35 19 31 30 23 24 33 18 30 12 
23 15 21 22 19 28 32 13 16 26 12 12 16 23 16 18 21 32 19 24 27 20 35 20 15 22 19 26 37 33 23 22 28 20 22 28 32 22 31 22 34 35 8 18 16 
23 17 19 23 14 17 19 30 40 7 27 9 21 28 22 23 15 26 32 30 28 6 29 22 22 24 12 44 23 46 21 21 31 19 29 29 27 30 20 27 36 31 14 33 21 
21 15 27 24 30 20 34 41 27 21 10 19 16 27 21 29 21 26 28 44 9 11 35 27 13 25 16 22 28 19 16 16 36 11 16 14 17 28 32 37 51 20 20 30 14 
7 15 26 17 18 24 29 34 30 31 27 14 18 18 9 32 22 31 42 27 26 17 21 7 12 19 29 19 34 24 17 27 28 13 23 31 12 39 33 38 27 23 22 31 18 
18 8 22 17 31 28 21 26 24 15 15 10 30 23 27 13 27 25 38 31 32 22 28 23 15 31 11 31 35 21 12 27 19 20 20 25 27 27 31 36 32 31 16 26 15 
18 15 31 20 24 22 31 4 25 22 23 19 24 28 26 23 11 23 25 34 20 16 32 20 9 29 21 41 36 19 28 17 32 16 31 23 33 27 38 37 21 39 18 30 19 
35 19 12 28 18 24 16 28 35 28 18 19 28 10 16 24 28 25 21 28 18 16 38 26 13 19 20 30 23 30 25 27 19 12 12 25 22 26 22 32 38 36 25 17 17 
20 21 24 25 28 30 26 23 35 18 27 20 29 21 10 19 26 26 23 14 19 28 34 31 20 24 24 38 34 29 16 10 14 14 11 13 14 31 36 41 23 36 18 30 12 
24 14 17 30 31 31 32 35 33 16 16 17 21 26 26 21 30 9 26 28 21 16 32 19 24 21 12 22 26 25 24 26 29 17 22 30 19 27 22 22 34 33 23 32 17 
25 19 22 14 27 28 32 43 27 4 22 17 26 16 21 25 33 26 21 13 34 8 23 11 11 15 18 27 39 23 28 37 15 22 29 17 19 25 40 27 41 20 24 27 16 
21 13 21 18 28 33 21 44 27 10 17 18 16 18 16 29 27 29 23 26 18 15 31 26 17 26 24 17 52 32 26 33 16 20 26 54 20 25 22 35 8 44 18 18 20 
18 12 28 21 28 22 12 21 30 29 25 11 21 19 20 23 23 25 38 28 29 10 34 23 18 28 12 13 34 28 13 28 8 13 30 32 23 13 27 21 29 21 24 17 24 
22 17 28 25 38 35 26 27 24 13 28 21 19 27 27 31 25 12 26 28 28 17 22 21 19 34 24 27 30 26 24 19 29 16 39 20 9 24 28 23 20 24 21 21 14 
13 14 28 24 35 22 29 49 14 12 26 12 11 20 28 18 23 26 22 31 26 22 30 12 18 17 25 17 27 18 23 33 34 14 35 20 13 29 22 28 27 30 20 20 27 
18 10 24 22 31 34 35 31 36 25 16 19 21 24 28 22 21 21 31 17 18 15 20 24 19 17 27 16 28 18 20 27 21 15 16 19 23 22 23 45 27 36 30 22 30 
22 13 22 19 16 21 25 26 14 14 19 13 16 34 23 30 25 3 37 39 12 18 25 19 21 23 15 25 21 23 9 26 25 21 28 17 8 34 34 30 15 24 24 45 16 
30 14 32 18 30 21 20 24 49 15 18 14 28 23 14 17 28 21 34 23 29 22 38 32 15 8 15 28 28 17 22 32 31 26 26 7 19 36 28 50 27 25 22 26 8 
25 25 29 30 31 25 28 12 15 25 30 14 24 16 20 23 28 20 23 23 21 15 28 20 24 18 21 36 20 14 19 19 28 17 28 28 25 24 27 8 30 38 11 19 17 
28 22 23 15 24 23 23 11 26 26 21 19 14 30 24 26 35 15 32 17 25 26 25 21 23 28 17 21 36 33 13 15 29 21 24 16 18 28 16 36 37 34 17 41 19 
18 4 29 27 36 23 25 33 31 22 27 13 29 25 20 29 20 23 35 29 28 14 28 28 13 27 12 30 40 27 27 18 22 23 27 22 18 30 13 27 33 21 20 38 16 
28 19 21 20 23 32 28 40 25 12 17 13 23 32 19 21 18 26 23 28 23 9 32 19 20 15 16 24 17 23 23 26 39 17 16 32 13 40 46 38 21 25 22 28 23 
18 14 22 22 18 36 32 14 36 23 27 14 20 22 24 24 27 30 31 28 24 13 33 23 25 31 19 29 33 28 20 40 25 18 40 31 10 31 27 26 27 27 29 28 17 
8 6 26 25 42 21 26 35 36 26 21 13 14 27 28 17 28 22 40 29 20 22 30 32 12 23 15 33 29 33 11 30 18 16 20 18 16 21 12 27 40 12 24 29 21 
26 15 20 24 32 35 36 36 31 23 25 24 22 25 21 27 30 25 18 41 20 19 26 17 22 16 26 27 29 33 22 29 33 26 8 21 33 29 24 23 28 24 16 39 16 
23 17 16 21 10 23 24 28 32 31 23 20 22 30 28 13 30 38 39 21 13 14 35 29 23 27 20 30 28 12 22 30 37 18 19 20 19 25 31 25 32 17 24 33 11 
19 19 26 22 15 24 12 37 22 7 23 13 16 24 21 24 24 45 37 25 23 18 32 25 22 36 12 25 28 23 7 32 31 18 19 25 22 24 34 33 20 31 16 33 18 
23 23 24 18 53 24 21 31 25 25 32 20 8 22 31 25 21 32 40 8 13 19 24 25 14 30 23 25 37 14 11 25 17 24 17 13 18 32 30 32 33 37 25 12 18 
18 12 31 24 35 23 30 19 27 15 23 21 32 23 24 35 31 33 20 26 27 21 28 25 7 22 16 27 41 23 20 21 25 21 8 30 22 31 40 27 36 29 27 40 13 
19 14 23 29 32 21 35 27 29 29 29 19 28 23 25 37 17 35 41 25 19 20 29 31 14 26 14 21 28 25 11 29 24 18 12 18 12 30 45 33 42 23 23 36 19 
28 12 28 26 47 21 24 25 28 25 26 15 23 29 28 21 25 27 29 27 21 17 35 21 19 23 21 32 28 22 21 19 18 21 20 27 19 21 26 40 33 25 25 21 12 
26 11 20 15 34 36 34 22 29 15 14 10 12 14 13 18 25 13 32 24 17 14 17 10 16 21 21 24 30 38 12 37 24 15 20 25 23 29 26 29 32 36 26 21 16 
14 18 30 13 9 22 18 30 26 20 14 15 17 27 29 26 24 25 36 34 12 10 31 29 16 18 17 26 26 44 14 39 24 24 25 39 18 26 31 23 31 45 20 41 25 
29 20 10 28 22 19 27 15 38 33 23 15 27 21 26 38 26 31 26 25 22 20 38 27 12 29 14 29 41 33 7 25 38 8 27 15 18 30 19 26 25 37 27 25 13 
28 16 15 26 27 25 27 44 14 21 19 17 19 24 21 31 20 28 46 29 27 11 25 16 17 17 14 24 23 27 22 33 30 18 30 32 25 19 24 41 36 39 24 27 17 
23 18 26 28 24 23 20 19 24 31 27 23 17 21 36 15 20 37 35 19 36 13 49 25 19 20 18 44 24 35 21 43 28 10 24 27 15 18 27 20 36 32 20 27 4 
23 12 28 24 36 30 26 33 34 20 19 11 33 29 26 30 21 34 30 25 25 17 30 21 15 36 20 33 40 25 19 27 24 15 26 18 21 31 30 37 28 18 17 16 19 
24 15 17 29 27 20 32 32 49 27 17 18 19 19 19 13 22 28 34 17 21 7 40 16 20 35 25 25 39 36 23 22 34 10 15 9 21 35 31 14 25 36 24 20 20 
19 26 32 27 37 26 27 18 10 19 24 10 20 29 30 30 16 33 27 32 16 20 28 26 16 32 15 30 25 34 22 24 25 18 34 31 14 28 31 44 23 25 20 19 23 
25 12 20 19 43 33 29 39 22 18 22 16 22 26 19 26 29 37 42 26 23 14 37 15 18 14 30 28 28 9 28 27 32 12 24 22 20 34 18 33 9 31 15 24 14 
28 12 25 19 32 21 25 48 17 24 25 6 20 30 21 35 11 36 15 23 23 7 23 31 15 35 11 16 27 22 17 30 23 16 21 25 17 26 24 35 14 18 17 24 20 
26 14 28 22 13 31 19 19 33 22 19 20 15 16 11 12 21 37 24 28 7 24 34 19 18 14 20 27 44 32 25 31 27 12 31 28 20 26 22 22 29 37 11 33 14 
28 12 36 6 41 20 29 24 19 13 17 20 15 21 27 13 17 18 24 22 19 17 28 28 12 21 17 21 38 14 18 33 10 27 26 29 24 30 20 36 17 31 20 35 16 
25 16 28 27 31 25 30 41 10 24 35 15 19 11 5 22 44 33 32 19 27 8 21 17 4 7 20 17 18 33 19 34 33 21 31 20 21 20 41 37 28 36 31 36 20 
28 20 26 20 38 24 19 17 34 9 20 11 18 17 13 32 19 33 30 41 17 18 23 25 24 26 15 20 21 28 15 22 24 18 31 15 24 22 34 27 19 24 22 35 17 
33 16 26 14 18 11 23 41 28 25 20 10 26 15 12 27 25 28 34 26 12 7 16 36 15 25 16 40 25 29 19 27 9 20 16 14 26 29 33 32 35 23 26 29 14 
15 19 29 22 24 35 6 21 49 25 26 11 20 15 30 25 29 31 29 42 17 19 21 33 20 27 17 28 34 31 15 29 29 20 19 34 23 28 36 31 30 28 10 33 21 
23 13 27 31 32 26 19 27 13 21 31 11 19 32 23 35 30 22 30 33 10 14 26 28 14 32 16 17 38 18 13 24 20 15 22 23 19 15 33 33 40 27 20 30 9 
18 12 18 35 35 32 21 26 30 17 33 20 15 33 17 29 26 31 41 19 28 14 33 24 13 21 24 34 42 31 25 31 17 22 26 21 26 19 33 50 28 38 21 24 8 
19 22 14 20 29 20 24 21 13 29 20 18 11 19 11 28 23 30 36 32 29 19 23 19 26 24 17 18 36 32 17 30 38 13 19 24 35 29 26 23 29 25 15 19 10 
18 14 18 19 26 30 28 24 16 16 20 6 13 22 22 28 23 24 45 32 33 14 24 21 24 32 29 28 25 35 21 24 16 19 21 21 34 26 36 24 24 41 31 33 20 
19 14 24 14 26 28 21 33 32 18 22 6 22 32 24 28 26 39 37 41 24 19 19 27 18 19 27 24 43 31 14 16 26 14 20 21 28 27 32 40 24 42 19 21 31 
23 8 26 17 26 21 13 26 20 18 20 13 19 20 24 29 18 32 21 23 18 16 37 27 16 32 19 22 18 22 24 24 37 23 24 28 23 14 31 28 20 26 11 28 28 
20 20 31 29 30 23 25 14 38 12 24 12 19 27 17 25 31 29 19 33 19 21 27 23 19 10 17 24 17 19 22 21 24 16 17 7 27 28 31 28 49 36 22 33 21 
24 15 19 23 38 26 25 26 17 25 20 15 18 32 17 24 26 30 32 33 28 17 32 25 20 18 14 31 42 28 17 36 22 13 19 24 17 24 20 19 40 30 20 18 20 
30 21 29 18 53 19 25 36 37 21 27 9 14 29 22 17 22 12 29 22 14 7 37 18 10 34 21 22 29 35 16 22 30 8 29 12 17 31 33 27 29 19 23 20 18 
18 16 9 9 23 28 35 23 41 19 33 11 36 29 14 17 33 31 32 40 21 14 18 16 9 21 18 27 37 4 22 24 23 19 25 25 12 29 29 24 31 25 18 41 15 
31 14 20 19 29 31 21 36 28 14 23 17 13 20 28 20 21 28 39 35 18 17 26 14 16 18 16 32 30 28 12 20 20 16 23 33 18 27 20 45 31 16 18 25 21 
25 20 21 25 37 21 30 28 23 24 24 20 21 20 19 30 29 11 25 24 27 21 36 26 13 24 24 19 31 22 19 15 15 16 14 28 29 28 27 36 25 32 13 38 25 
24 11 18 14 32 28 31 35 19 26 23 23 15 26 23 23 26 22 21 10 2 25 22 27 13 22 21 26 20 31 24 28 35 19 19 21 20 27 41 29 34 17 20 32 20 
19 8 22 24 18 32 27 26 12 31 18 7 15 23 20 30 22 17 43 34 21 17 29 17 22 20 21 20 44 25 18 36 22 7 35 30 21 35 24 34 24 45 16 32 16 
22 14 24 21 19 21 11 14 36 16 22 16 28 27 17 20 21 33 25 22 18 14 36 29 17 23 25 31 22 16 15 33 27 14 36 22 16 33 24 2 26 34 19 29 14 
31 16 40 26 30 34 18 25 19 12 32 15 20 37 20 30 20 14 31 28 26 17 18 28 8 37 22 24 29 19 21 24 22 15 29 28 3 27 28 29 14 23 21 40 10 
27 15 43 15 20 34 17 33 28 32 17 16 16 16 9 25 19 45 32 22 21 21 30 18 23 25 17 26 29 26 22 30 28 16 26 17 17 30 22 42 20 29 15 37 28 
20 9 14 17 26 14 27 20 42 24 21 16 8 29 21 28 16 22 34 30 33 18 17 20 20 25 22 32 20 20 23 27 32 15 25 17 22 17 28 30 16 33 23 20 16 
18 8 22 27 38 23 30 41 30 20 21 15 21 24 14 31 28 25 23 16 19 18 18 3 15 31 25 15 30 18 19 29 23 18 19 29 35 17 33 33 23 39 24 26 15 
2 20 31 21 11 31 17 33 42 11 33 17 19 30 33 23 29 33 19 28 20 16 21 25 10 23 23 30 39 22 30 17 21 16 16 22 21 17 23 42 33 44 31 26 20 
20 14 27 21 36 40 21 22 25 21 30 7 25 22 28 27 26 36 42 39 24 10 26 27 17 19 16 15 37 31 29 25 22 20 14 32 20 28 33 31 21 25 26 23 16 
29 12 27 15 30 18 17 28 23 10 20 14 20 29 19 24 15 14 26 28 19 16 20 19 16 23 23 24 26 21 19 21 15 18 16 35 22 24 28 36 27 14 19 23 11 
31 16 14 19 28 26 21 40 33 14 20 17 22 15 15 41 24 18 27 31 28 4 32 34 18 15 24 38 19 23 18 27 18 24 37 18 27 31 27 49 30 25 24 32 19 
12 13 34 26 26 27 20 24 29 29 18 10 9 25 23 25 34 20 20 22 29 15 30 18 13 30 19 23 21 27 24 22 32 13 34 21 23 28 19 40 23 30 20 24 18 
16 12 31 17 33 35 32 27 24 22 26 23 20 27 17 26 27 21 33 38 11 15 25 20 22 19 18 15 32 25 21 21 16 23 27 19 18 13 40 47 23 37 20 24 16 
21 12 11 21 20 21 34 32 22 33 9 12 17 21 29 37 15 26 29 17 20 24 20 29 14 20 20 33 19 36 23 21 29 15 30 17 25 21 25 28 32 36 11 26 26 
16 9 30 16 30 31 35 12 11 11 26 13 20 34 37 24 14 29 34 34 19 4 17 23 17 26 20 29 43 33 24 20 30 19 28 14 17 22 36 36 31 16 19 30 16 
17 19 22 12 20 27 23 34 34 19 12 18 20 20 15 32 18 26 27 31 22 17 35 15 18 28 15 21 29 18 23 24 19 14 15 11 15 39 35 32 47 8 20 26 26 
23 14 25 31 41 24 24 18 19 29 22 17 9 26 18 24 12 21 28 24 21 26 30 25 22 8 23 24 38 26 30 19 7 17 27 22 33 18 26 21 27 42 17 17 18 
29 15 26 30 35 35 13 51 15 6 14 23 22 21 23 18 12 16 21 24 13 17 27 21 19 19 25 22 29 30 14 40 31 11 33 34 14 13 42 32 39 45 13 46 13 
16 11 29 16 28 19 20 24 27 19 26 6 19 42 20 22 25 33 24 24 32 8 16 15 15 28 22 33 33 24 14 33 18 21 18 24 21 19 33 24 46 39 18 6 21 
12 16 10 22 36 22 36 24 20 17 23 16 26 28 18 28 26 12 18 17 23 21 33 24 19 21 24 33 26 22 10 30 25 26 22 15 14 17 24 18 35 38 14 26 21 
27 13 31 25 27 32 28 27 38 22 28 9 27 27 22 26 17 25 14 33 18 15 21 22 16 13 23 30 18 20 15 25 24 15 30 26 24 23 19 38 53 27 27 30 22 
24 17 24 28 26 22 26 25 14 20 24 16 14 30 25 30 9 26 27 22 16 20 24 24 12 19 18 20 35 19 23 22 30 24 27 21 20 21 26 32 25 44 17 29 19 
21 11 35 20 41 46 35 20 14 30 30 12 22 31 17 26 24 36 19 26 20 11 23 24 19 27 23 46 41 25 12 27 28 8 19 20 31 25 22 30 29 18 22 25 15 
17 18 22 19 29 27 21 31 48 20 31 12 19 25 22 27 32 14 16 28 25 19 25 29 21 27 23 24 21 20 37 16 37 24 27 32 26 26 35 44 22 32 25 32 20 
20 11 39 23 8 29 32 26 26 22 10 20 31 25 15 21 13 32 25 29 26 18 20 30 15 15 10 23 13 29 22 14 16 12 24 27 22 21 32 21 36 20 28 34 13 
19 14 29 13 16 23 19 28 21 27 21 12 20 19 14 23 29 40 42 26 31 23 25 12 17 20 16 28 18 23 31 19 27 18 29 21 20 24 34 36 41 26 16 22 15 
20 17 16 21 33 27 14 21 30 28 14 12 20 30 19 24 20 12 25 22 16 14 29 30 26 21 22 19 24 33 21 22 25 16 27 21 18 23 28 35 29 37 14 19 19 
14 13 22 17 36 11 15 25 18 19 18 15 22 21 28 22 29 31 37 30 28 13 24 22 23 20 17 19 28 25 4 24 29 26 15 21 25 28 23 18 17 20 24 41 28 
27 11 21 28 24 24 28 27 22 22 22 20 21 25 21 25 25 17 38 25 23 16 18 22 11 20 20 31 34 26 33 24 27 24 35 7 24 26 37 34 30 32 18 26 9 
21 7 27 23 19 31 31 33 32 13 26 16 24 20 12 14 21 30 40 37 19 13 35 24 20 20 26 25 32 20 19 36 29 16 23 20 15 13 40 26 22 34 28 20 11 
19 21 25 25 36 32 15 32 20 17 18 18 23 30 29 29 18 27 40 40 22 21 31 19 17 29 28 29 32 27 22 21 33 15 15 29 11 25 47 39 40 9 12 32 13 
27 12 27 27 36 12 24 42 20 14 19 23 20 24 36 20 25 26 26 22 21 21 24 20 25 29 17 29 19 11 21 29 15 24 35 24 30 36 32 45 36 46 20 34 23 
20 14 32 22 20 11 31 28 27 25 16 8 28 25 16 26 24 30 30 25 13 15 33 22 23 21 24 20 37 28 19 27 21 11 28 29 18 25 28 16 29 23 17 29 17 
30 14 31 22 25 36 39 47 21 31 22 16 11 25 29 27 20 15 32 27 15 14 32 19 19 22 17 35 25 25 17 27 25 14 29 23 25 27 27 36 43 21 14 22 15 
23 11 27 25 32 22 21 13 33 20 16 11 7 14 24 29 20 25 30 37 17 25 20 23 16 26 17 18 26 20 12 32 32 11 23 18 21 25 31 38 40 25 20 17 21 
26 19 20 34 29 21 23 17 20 10 9 21 32 19 21 30 31 33 17 14 28 8 36 20 18 25 11 26 21 42 15 36 14 19 35 22 16 20 34 22 21 24 12 36 14 
23 10 10 16 20 22 25 7 19 19 33 17 20 17 22 34 26 30 35 17 20 21 32 20 18 22 24 33 17 19 11 21 31 17 11 19 26 12 20 41 28 27 21 33 13 
33 12 21 20 23 23 28 14 27 18 25 11 16 21 23 33 16 17 38 19 11 20 22 25 19 22 5 30 28 23 23 22 29 19 22 31 23 21 25 30 13 35 24 45 10 
27 16 38 25 31 32 11 21 26 18 28 17 13 17 19 27 26 31 21 24 14 12 28 17 23 23 21 25 36 22 24 30 17 14 33 28 16 31 45 19 23 21 31 31 22 
25 22 31 19 35 31 25 26 38 18 12 17 18 26 20 14 17 38 33 32 17 11 14 18 9 28 17 23 22 25 28 23 28 8 12 36 24 22 20 26 26 28 19 10 21 
16 9 27 17 40 24 35 41 27 22 18 15 19 23 20 26 17 16 29 26 30 16 25 23 11 30 26 29 9 28 19 18 24 15 34 41 24 13 42 23 29 29 19 30 22 
23 16 20 18 36 30 17 20 25 17 24 13 15 29 23 24 18 20 26 25 22 13 20 27 25 25 20 24 28 16 19 39 14 19 15 41 25 32 21 36 32 28 15 21 14 
22 8 32 17 27 18 36 30 28 11 12 15 28 16 25 22 18 23 17 29 27 25 22 33 18 19 27 31 42 15 25 11 30 17 18 21 27 17 32 40 45 40 27 37 24 
31 18 17 23 15 30 21 36 33 19 23 13 28 20 22 15 15 28 21 30 32 21 35 26 23 14 22 33 34 19 22 28 37 24 27 33 21 13 20 18 29 30 25 22 16 
30 9 21 13 23 17 29 29 36 17 13 14 17 5 18 19 29 29 34 21 20 18 40 23 19 13 31 30 25 22 26 29 28 19 17 23 18 14 33 35 34 43 23 27 33 
24 12 19 23 28 30 29 40 29 18 24 14 19 25 24 34 26 23 40 24 21 19 37 20 24 36 7 22 35 17 18 23 34 16 23 20 31 21 25 35 26 11 21 38 11 
20 14 17 20 36 32 31 18 34 16 21 10 18 19 24 24 27 27 39 22 29 13 25 12 15 33 27 20 19 18 22 20 23 16 17 39 18 28 12 27 20 37 19 30 26 
19 11 16 24 33 26 17 33 28 25 23 18 20 15 27 12 28 35 37 45 16 19 29 27 14 25 17 17 18 23 20 20 19 20 15 29 19 28 21 26 38 27 12 35 23 
30 12 18 14 38 37 23 21 32 15 19 12 19 15 24 28 24 22 23 25 22 14 22 18 17 24 13 22 28 18 8 14 23 17 26 15 13 24 11 24 40 30 21 29 28 
25 12 18 29 33 32 26 31 40 17 22 16 13 33 32 22 16 21 38 18 26 13 31 25 14 22 16 31 33 18 18 28 8 17 23 23 24 24 43 37 42 25 14 25 25 
37 17 23 24 31 27 26 32 29 21 26 20 22 18 21 22 30 20 33 18 19 17 39 36 22 14 5 21 33 26 26 17 23 16 25 27 25 18 17 32 17 29 27 16 16 
22 13 25 27 35 29 20 14 26 21 12 14 20 14 20 36 15 14 30 26 25 25 22 25 13 33 20 22 28 22 19 24 20 10 26 27 10 19 27 30 16 38 19 24 21 
25 19 28 32 17 27 14 15 26 26 25 19 26 16 24 22 22 30 10 36 32 20 46 22 22 20 18 36 18 32 19 29 24 18 27 35 16 26 25 34 25 24 21 31 23 
24 18 19 22 29 37 34 22 26 26 18 14 28 7 23 10 28 30 19 9 30 23 28 33 11 12 13 34 23 33 8 26 25 11 25 22 22 23 29 48 34 17 12 26 24 
19 14 21 6 33 22 24 39 35 17 21 14 18 15 27 35 20 20 33 24 20 22 24 23 33 18 18 36 21 17 22 24 22 13 27 11 8 24 18 27 35 21 10 14 18 
18 16 23 15 33 29 13 23 29 11 26 11 23 26 11 28 16 34 30 27 21 22 37 19 16 25 24 30 36 30 13 34 24 16 37 24 26 27 33 39 14 24 26 24 26 
23 15 25 22 26 23 17 21 12 27 17 15 23 18 21 31 20 20 32 39 8 21 29 21 14 29 15 35 23 19 33 29 28 18 33 16 20 30 24 43 38 44 13 27 17 
15 18 16 24 26 43 4 32 29 28 27 10 17 27 21 25 23 20 37 15 11 22 25 21 15 18 18 18 36 34 14 26 20 9 27 23 10 22 28 37 33 23 14 30 19 
23 16 11 20 35 14 19 24 19 22 27 14 23 17 15 31 22 28 28 11 15 14 23 27 11 31 14 33 42 30 11 34 21 15 27 25 14 22 31 27 31 33 21 15 25 
33 8 26 21 37 36 22 29 17 19 29 21 26 18 11 15 24 26 38 26 18 20 40 22 17 23 13 19 25 34 30 26 20 15 8 42 30 34 17 32 23 39 17 24 18 
27 14 22 27 28 37 24 26 23 23 16 20 24 21 17 27 23 27 32 19 19 22 25 29 19 22 25 22 38 26 16 27 11 13 33 24 16 28 30 34 45 38 26 28 16 
19 14 33 18 27 25 23 28 37 18 14 17 18 23 24 29 25 15 38 22 28 20 20 9 9 22 21 26 39 21 20 38 22 22 20 26 25 31 22 27 32 34 20 32 19 
19 20 23 28 33 46 23 36 22 28 18 12 10 18 26 32 23 38 31 27 21 12 27 29 14 25 22 25 38 26 8 35 28 24 20 19 16 25 40 22 21 25 22 23 17 
30 15 25 19 31 33 3 26 36 30 28 16 31 25 18 19 34 29 40 36 19 19 37 22 20 19 21 31 12 27 23 16 19 13 19 14 24 25 35 39 17 30 29 31 20 
21 16 20 24 23 31 27 39 30 9 27 17 17 26 25 31 9 21 32 31 28 26 34 5 14 22 21 26 24 38 28 42 20 20 23 18 33 27 18 29 29 34 11 27 23 
23 15 15 20 26 21 30 25 35 21 25 17 18 30 15 35 23 36 31 27 21 22 26 23 17 27 22 25 24 24 16 28 21 30 32 21 22 16 13 30 39 38 11 27 19 
15 19 16 12 28 25 24 19 28 13 22 11 13 23 32 28 24 16 13 34 24 13 27 19 16 20 19 27 21 6 16 24 18 5 22 38 18 22 25 28 42 9 32 17 23 
13 13 34 14 31 19 29 19 22 29 21 12 26 17 21 26 33 18 29 26 11 22 32 30 6 15 22 22 30 27 17 20 18 18 8 17 22 31 35 22 35 18 12 30 30 
24 9 24 31 31 26 25 34 15 15 29 14 16 33 29 48 24 26 48 39 20 14 41 31 14 30 23 27 41 29 32 22 16 24 16 16 15 24 32 38 45 30 16 18 18 
12 16 14 12 36 26 22 33 12 14 31 19 28 13 20 29 24 30 33 26 27 15 20 27 20 23 24 33 33 24 26 27 22 20 24 24 33 48 37 55 32 34 23 28 17 
14 15 29 11 22 37 23 8 36 21 24 13 26 12 19 31 31 26 23 29 30 20 22 26 16 25 23 25 24 25 30 29 29 15 25 38 19 18 34 30 29 26 16 37 21 
15 27 29 22 21 26 16 31 29 28 20 25 16 22 19 34 28 40 13 21 24 19 33 17 26 24 21 19 35 36 23 26 19 16 26 20 19 29 28 34 19 39 11 25 14 
6 14 23 30 25 13 23 17 30 22 25 17 23 25 23 35 27 18 31 15 18 14 26 13 22 22 18 11 39 14 26 34 20 24 29 23 26 27 43 25 17 38 20 35 20 
21 21 13 25 34 31 34 41 35 16 36 21 21 29 24 32 29 23 40 27 20 19 29 24 12 24 15 10 28 16 15 26 18 18 27 23 11 31 22 38 48 18 15 27 10 
29 18 16 29 31 36 21 26 34 19 24 11 16 26 20 35 20 30 38 25 12 16 24 29 18 14 8 25 19 23 7 17 5 21 16 34 26 26 31 34 28 46 27 32 21 
25 9 30 28 19 25 21 30 38 29 11 19 28 34 18 29 15 35 37 15 24 19 16 15 14 23 9 17 21 27 24 17 32 19 17 24 19 30 23 21 46 29 29 26 10 
24 18 20 26 23 29 37 39 31 21 28 14 17 20 20 26 22 22 17 25 29 23 33 16 17 33 16 27 37 28 22 34 28 23 19 39 24 36 26 2 17 18 16 27 25 
18 13 23 26 35 28 27 44 24 27 23 18 15 28 23 28 20 20 23 36 15 18 35 26 22 27 14 21 34 33 20 34 20 13 36 31 29 22 16 34 36 22 17 27 12 
21 17 22 20 25 35 8 37 18 15 21 9 17 19 15 29 24 19 37 19 21 24 36 20 15 28 21 27 24 22 37 18 11 19 23 31 18 31 25 12 23 22 17 19 16 
30 15 24 19 32 26 11 25 33 15 16 8 15 13 23 28 28 28 21 21 29 13 18 26 21 22 15 20 28 22 19 23 34 29 20 21 22 31 25 32 21 34 20 16 17 
29 11 19 27 21 16 16 32 20 22 29 11 27 20 26 27 24 26 44 7 22 14 27 17 9 21 17 28 28 19 22 26 30 20 29 21 17 25 31 31 22 39 21 21 24 
19 9 24 30 29 37 33 33 21 21 23 14 21 28 17 24 19 26 28 18 16 24 23 33 9 25 28 26 42 34 22 31 21 11 10 22 30 33 34 31 47 26 22 49 23 
14 17 30 26 37 28 22 16 39 14 16 7 15 31 10 14 19 26 32 27 22 19 40 22 18 24 23 18 37 27 24 20 30 13 18 29 20 34 21 31 8 29 29 20 13 
26 13 15 22 36 24 22 33 25 40 8 16 21 24 28 29 26 31 7 21 21 27 22 29 14 14 20 26 27 20 19 30 16 6 19 31 16 12 30 27 43 31 20 32 25 
15 25 24 23 29 23 21 20 24 24 12 14 17 21 23 20 33 32 31 21 19 14 26 16 20 25 18 15 35 23 24 24 40 15 22 21 22 18 22 28 40 31 34 42 14 
17 17 19 14 32 27 26 32 33 11 27 22 19 17 22 12 13 22 40 23 17 14 24 20 9 25 17 23 22 23 26 32 22 21 22 11 23 43 29 10 42 31 24 25 17 
30 18 28 20 27 23 22 18 31 26 20 11 19 27 21 24 37 33 31 22 22 23 31 26 20 26 18 20 33 23 21 27 27 11 23 26 19 6 30 26 29 12 19 31 13 
14 16 21 16 30 33 23 19 28 24 31 13 13 22 12 34 17 22 26 29 24 23 38 31 22 19 16 26 23 23 26 40 28 30 14 30 10 23 32 4 29 39 16 29 20 
20 19 37 20 23 32 36 30 25 13 10 15 29 24 21 29 28 27 27 36 17 8 35 31 19 18 11 31 33 21 19 15 15 18 17 28 11 30 30 7 19 27 28 27 11 
31 14 26 31 39 27 15 28 20 26 15 13 18 13 12 19 20 23 38 34 23 24 38 19 15 19 16 31 35 28 22 24 16 10 30 31 19 23 20 35 29 27 33 19 19 
17 4 20 15 9 27 24 2 22 23 13 14 21 30 20 17 30 23 19 25 23 13 27 18 13 24 18 17 40 21 29 36 10 19 16 37 32 15 23 22 25 31 25 20 16 
28 20 34 27 28 21 18 32 23 14 28 15 20 15 15 24 18 19 35 29 28 8 28 28 15 28 23 37 35 24 26 23 36 21 21 24 12 29 33 33 27 31 36 14 27 
25 20 27 29 31 21 25 39 33 23 20 14 18 27 15 29 29 28 36 29 24 18 24 29 15 21 13 34 23 19 22 18 21 5 25 12 18 26 25 26 46 21 17 31 25 
23 12 36 24 39 25 15 23 22 26 31 13 13 20 15 29 29 41 22 24 24 15 29 26 14 14 19 27 33 22 14 34 21 15 31 26 24 18 29 27 26 28 26 36 11 
22 18 20 17 29 26 21 29 18 27 21 15 17 24 19 20 22 20 35 32 25 17 34 30 18 9 19 19 19 16 29 32 49 22 35 20 26 29 31 23 29 29 25 35 14 
31 15 24 23 30 29 26 29 16 16 22 23 26 18 16 36 12 22 27 17 28 17 27 29 35 16 26 32 16 25 17 20 26 13 32 26 12 23 24 36 30 36 22 32 15 
24 15 24 21 19 21 36 40 18 12 22 16 24 27 21 24 21 31 27 22 10 19 42 32 20 24 25 21 30 18 29 30 30 26 30 3 22 32 36 57 21 37 12 17 17 
19 17 41 31 29 17 19 17 19 16 33 17 20 13 33 28 22 41 38 38 15 18 26 25 17 40 15 28 24 20 9 24 34 16 19 16 16 28 24 21 43 44 18 17 16 
31 16 42 28 33 19 31 28 33 23 17 9 24 22 5 15 24 21 26 30 25 18 27 28 11 27 16 24 30 16 17 28 40 19 31 23 27 20 24 24 34 28 35 21 14 
19 16 18 27 36 28 21 30 29 22 17 16 28 27 28 22 15 28 38 18 20 32 29 26 9 31 32 31 39 18 16 27 20 11 22 32 15 36 38 24 17 27 17 38 10 
33 15 19 11 29 41 17 27 22 18 23 20 26 29 22 27 17 10 16 25 9 15 28 25 26 26 16 28 41 18 21 27 15 20 27 31 22 28 33 25 36 31 17 39 14 
15 13 17 25 35 28 15 19 28 8 19 14 11 21 20 30 27 37 24 35 22 29 40 28 15 13 21 20 25 32 17 43 11 19 14 31 22 12 23 26 25 19 9 32 17 
36 12 17 28 11 41 18 34 37 19 27 15 13 22 16 23 30 24 21 34 14 16 28 21 15 19 12 17 31 15 21 39 18 14 24 23 16 25 31 27 29 35 18 19 18 
27 15 35 24 19 27 17 20 32 22 24 20 17 22 21 23 13 26 37 22 15 18 26 19 17 28 16 21 27 24 17 26 9 9 24 15 13 26 29 26 44 39 13 26 22 
20 26 16 22 34 24 45 16 37 20 29 28 20 26 17 29 23 21 24 29 11 16 43 31 26 11 13 21 48 24 17 13 20 8 31 47 20 20 26 23 11 34 31 23 22 
24 14 21 25 33 17 27 29 21 26 24 15 22 30 21 24 33 28 27 28 18 16 32 15 19 17 28 11 15 14 16 37 30 10 25 35 25 30 18 25 43 34 22 32 19 
14 17 14 28 30 30 20 36 17 23 27 16 19 29 12 25 7 26 21 26 26 8 27 35 9 20 18 17 34 32 33 30 20 12 27 15 22 35 34 39 35 18 18 23 8 
17 13 25 23 28 30 24 21 29 28 25 10 15 18 26 15 22 28 19 14 18 22 27 29 17 20 16 27 24 26 21 25 21 15 24 25 26 34 40 37 20 15 25 23 14 
12 15 20 21 25 28 28 26 32 22 21 13 14 16 13 32 14 25 32 10 20 22 28 23 19 13 28 26 29 28 21 22 27 7 30 7 36 31 33 31 37 19 21 45 22 
27 11 30 17 29 28 29 22 25 18 24 17 20 19 18 21 29 35 43 38 25 9 55 30 21 12 21 26 37 24 20 24 19 24 34 11 22 22 26 31 44 19 36 32 16 
24 13 24 18 29 25 19 27 19 35 24 21 8 13 20 21 26 26 32 25 28 19 28 23 17 35 20 36 22 23 13 22 37 11 42 18 26 21 28 29 23 23 21 18 27 
21 12 26 18 28 20 34 35 29 22 25 16 29 20 25 22 25 35 21 33 25 17 19 25 6 15 22 22 25 29 19 20 31 19 11 19 16 24 25 25 37 25 17 26 12 
17 9 23 20 16 32 25 32 23 12 11 14 19 24 29 27 17 23 20 31 14 20 33 29 17 25 22 29 24 17 9 30 26 20 17 14 28 24 21 23 14 36 19 32 14 
26 13 31 40 16 30 24 19 33 24 24 22 16 21 20 24 19 32 45 32 26 16 27 23 18 14 22 22 39 23 15 27 12 21 28 25 24 23 36 31 27 16 23 36 28 
17 17 24 27 22 19 28 33 35 18 12 14 22 16 21 20 17 40 22 15 23 15 21 30 20 32 22 30 15 35 14 28 19 14 29 18 28 25 40 19 39 24 16 36 14 
29 8 23 26 37 25 12 25 19 26 25 20 23 22 25 43 29 36 29 14 12 23 29 27 16 15 23 30 36 15 26 35 16 14 23 17 22 34 45 31 22 21 19 40 24 
21 18 14 25 29 22 33 24 19 23 24 18 25 21 24 32 16 39 41 39 20 20 33 17 30 23 15 34 38 22 28 30 19 17 22 30 25 25 28 30 21 26 35 24 19 
21 20 37 26 40 18 26 23 29 21 22 19 25 20 36 24 26 33 29 29 18 22 28 23 21 22 28 31 9 15 19 28 31 20 22 32 28 30 33 18 27 34 27 26 19 
15 9 30 19 26 25 26 27 33 7 26 20 18 32 19 23 15 33 27 22 19 13 31 20 17 15 17 28 33 26 26 33 17 16 23 26 26 11 20 17 15 16 30 10 15 
28 12 18 20 27 30 15 28 30 18 15 18 16 19 18 29 17 35 32 32 24 24 32 22 16 24 22 34 30 26 33 39 32 20 16 31 19 33 26 20 21 25 27 34 16 
23 18 22 25 40 38 23 19 38 19 29 16 29 23 10 20 9 17 26 9 20 28 39 32 10 25 18 30 17 38 17 33 19 18 27 29 24 28 34 25 38 20 26 45 19 
26 13 18 23 24 27 30 24 24 17 15 18 26 21 25 20 24 31 22 20 32 20 20 29 18 29 22 21 23 30 16 42 36 25 22 10 10 30 25 53 49 38 19 23 28 
25 14 29 20 25 19 33 24 34 24 28 13 22 28 16 25 14 29 30 19 28 5 36 26 19 27 25 39 23 27 24 33 12 12 16 31 21 29 23 23 36 41 31 35 21 
30 16 28 25 34 35 17 31 30 16 11 15 20 18 17 18 20 34 31 32 15 13 35 23 17 20 18 25 16 23 21 31 24 23 30 28 30 23 25 22 38 34 23 32 22 
21 11 22 19 31 26 14 24 49 19 25 12 22 26 21 21 28 12 43 38 21 18 25 15 20 19 21 29 20 22 25 29 20 27 23 18 13 29 26 30 23 21 25 34 17 
17 11 25 26 40 32 25 28 24 23 21 12 18 19 19 26 27 27 21 36 20 22 16 24 17 32 19 22 17 28 27 21 20 25 25 20 21 18 26 46 21 24 16 21 17 
23 17 13 16 22 15 26 28 15 25 19 18 32 8 19 33 17 34 27 18 17 16 28 18 15 26 13 16 30 19 28 41 24 12 20 28 22 25 37 25 35 26 24 27 18 
15 14 22 13 39 26 20 31 27 23 25 14 22 17 24 30 21 28 29 11 19 8 34 18 14 27 16 26 19 25 7 24 6 16 23 14 20 30 26 28 29 16 21 32 17 
34 10 18 16 15 35 23 27 12 25 25 7 24 24 19 21 32 17 26 23 15 13 18 23 16 27 20 35 6 28 18 30 11 29 14 21 21 27 27 37 27 37 11 30 21 
25 27 20 23 25 29 17 30 28 23 15 19 35 21 16 20 30 26 29 20 29 12 31 15 24 29 17 15 33 15 15 32 18 15 32 44 26 20 24 26 33 30 20 31 25 
17 13 31 19 17 35 23 38 25 16 35 8 11 30 28 17 21 37 32 25 19 18 42 18 18 26 17 12 30 19 17 31 27 8 19 37 27 38 22 41 28 21 18 20 23 
18 16 26 33 20 22 15 31 31 35 21 12 19 22 16 19 25 40 15 34 12 18 27 11 16 15 15 33 21 18 13 16 24 16 17 18 15 25 32 18 33 28 20 30 22 
22 15 15 15 17 18 18 34 27 15 26 19 24 26 13 30 23 23 29 26 25 21 25 24 23 15 28 13 24 29 28 20 22 17 24 24 28 23 16 24 40 17 24 17 18 
13 21 23 20 31 33 18 26 19 26 23 11 12 21 26 18 22 27 23 24 17 18 24 21 20 24 23 21 32 27 24 27 31 25 23 19 14 17 24 33 29 34 28 34 16 
32 16 27 22 29 24 27 26 24 16 17 11 18 25 25 30 29 26 31 18 17 16 28 16 16 24 21 15 33 28 21 42 25 14 28 19 18 34 27 41 14 34 11 16 21 
18 15 31 34 22 42 25 22 40 16 26 14 23 28 27 26 31 23 32 33 12 6 34 27 8 17 21 32 36 28 29 23 26 21 21 19 20 25 40 32 22 34 24 30 21 
26 15 30 22 38 33 35 25 23 14 25 8 28 33 21 28 17 36 35 24 9 21 23 21 22 13 26 28 30 19 21 28 27 18 40 36 30 21 32 47 26 31 24 40 18 
23 11 17 19 35 33 47 33 17 25 24 14 15 22 29 25 26 25 29 31 17 20 19 29 21 20 29 32 21 30 25 19 23 21 23 33 22 26 23 18 26 11 24 35 20 
24 16 26 22 25 33 25 27 19 24 23 11 18 24 24 41 22 23 36 28 7 16 33 15 16 25 19 23 17 17 29 21 20 18 17 25 25 32 28 29 36 31 31 21 17 
18 11 22 21 30 23 26 24 30 17 21 15 19 13 23 19 20 27 30 12 17 9 31 16 30 22 21 20 36 21 15 12 24 17 27 29 18 31 33 23 25 37 13 24 8 
30 15 41 24 24 24 30 19 29 17 10 16 14 32 19 34 26 34 29 38 30 23 26 33 24 29 15 27 19 25 19 23 33 16 28 23 28 22 28 26 34 19 13 14 14 
22 10 23 18 19 19 26 17 13 18 24 15 16 22 23 22 7 24 23 35 15 16 31 24 15 25 28 24 35 19 18 14 18 16 29 16 19 27 28 31 38 27 33 29 22 
29 20 25 25 36 26 12 24 29 20 14 15 22 25 19 32 28 21 28 38 18 16 15 24 17 30 20 12 38 30 15 15 19 11 18 24 20 16 30 30 44 27 21 23 26 
21 15 32 26 25 23 32 17 31 26 18 20 11 16 20 34 27 29 27 36 24 19 33 21 19 25 19 30 13 8 19 21 24 15 25 32 27 17 29 25 13 23 15 44 23 
20 18 17 14 38 20 21 12 36 23 25 26 17 20 24 24 25 23 49 36 30 21 31 21 12 29 25 10 23 15 34 35 24 17 24 18 17 17 39 36 44 20 32 16 17 
23 11 16 14 26 36 38 30 19 14 24 17 24 25 20 18 13 27 43 20 22 15 32 15 16 26 14 21 32 30 31 15 38 18 36 16 19 20 34 38 30 32 9 26 17 
19 13 26 30 22 20 33 34 22 28 17 12 21 18 24 21 13 21 27 20 18 11 21 21 8 17 23 22 26 30 25 18 22 23 14 35 27 45 44 24 38 24 22 24 23 
30 25 26 19 19 24 17 48 38 26 26 13 23 16 31 19 14 24 22 12 22 19 39 18 20 18 19 30 37 20 20 23 20 22 27 23 24 32 30 43 22 23 19 26 27 
28 10 30 31 26 27 29 17 22 24 30 7 22 24 12 21 20 18 32 35 17 17 30 20 17 19 11 26 46 25 23 34 20 15 25 22 18 30 41 34 45 32 14 31 19 
22 14 29 18 26 24 23 31 36 19 30 18 27 17 38 37 22 22 42 29 24 10 29 22 23 28 10 32 34 28 19 25 39 14 28 33 23 22 13 38 29 32 20 41 23 
16 24 22 30 22 32 27 19 14 12 25 14 21 28 9 19 18 31 25 33 19 22 24 33 16 30 25 15 30 35 23 31 31 11 24 36 28 32 20 50 38 32 26 38 12 
17 20 28 25 38 26 17 40 25 3 24 25 14 16 17 12 23 31 30 38 26 16 26 27 12 18 23 28 46 30 20 23 22 18 36 27 18 33 41 47 29 34 34 34 25 
24 8 28 26 33 24 21 14 33 31 35 11 25 18 15 36 22 28 38 29 20 20 21 20 16 22 18 27 27 29 12 32 24 21 18 29 28 26 49 30 42 15 16 27 19 
20 11 28 30 35 29 14 27 29 25 25 10 21 27 32 12 24 29 24 32 19 22 15 9 8 13 23 28 23 25 22 30 30 15 32 25 19 31 34 28 14 40 13 18 19 
22 20 19 1 29 39 28 31 26 23 34 11 20 36 25 15 31 23 14 45 8 16 23 20 9 9 21 23 30 31 13 30 29 10 26 24 29 32 32 17 21 26 21 34 22 
24 6 24 22 18 21 24 35 18 29 23 23 25 18 17 15 16 25 14 23 35 19 31 26 17 26 17 27 22 13 20 18 23 14 22 14 14 23 26 33 33 15 32 26 18 
28 10 22 21 26 34 31 25 23 21 28 16 29 15 34 19 24 26 38 21 22 23 23 17 25 12 25 13 26 30 7 46 12 21 24 28 22 23 36 27 32 34 28 22 21 
36 18 18 27 21 28 23 2 32 22 27 13 27 25 26 16 17 33 26 29 23 19 32 15 15 24 17 23 19 30 19 22 26 11 29 40 25 29 29 29 24 29 25 25 19 
19 17 26 19 7 27 29 28 21 15 18 19 17 21 15 10 19 22 41 38 27 14 26 18 23 21 13 15 41 27 13 23 25 19 21 17 19 31 29 21 22 41 19 30 23 
16 11 21 22 12 21 27 26 20 23 21 12 17 15 22 33 13 27 27 21 20 14 30 17 21 24 30 32 35 21 13 31 24 14 15 29 25 33 44 29 20 18 26 26 25 
23 26 34 26 19 22 27 30 39 23 23 22 16 19 30 26 19 30 19 32 19 14 22 14 27 28 18 20 23 32 23 7 21 9 17 32 22 13 33 21 25 19 28 27 26 
30 21 18 25 24 23 23 33 38 12 24 16 15 18 22 30 24 19 31 29 24 14 33 22 24 13 17 31 41 25 28 26 24 17 19 17 16 30 41 33 6 26 18 11 22 
23 15 29 26 20 26 12 34 29 26 11 6 17 31 24 38 15 27 37 33 12 8 25 25 23 28 18 23 25 22 25 25 25 18 13 21 21 19 28 31 46 43 26 31 24 
10 12 22 22 30 17 35 21 28 26 29 17 23 32 15 28 24 31 31 24 22 8 50 35 35 26 20 24 9 34 29 19 29 23 21 17 20 31 29 17 43 13 15 34 28 
18 18 37 15 46 15 14 29 7 16 23 14 28 18 21 29 28 21 16 35 21 16 25 28 18 30 18 24 35 17 10 24 21 22 23 26 20 30 13 31 38 16 27 42 17 
11 15 27 19 24 19 28 16 25 27 13 13 12 23 9 26 21 25 27 25 12 8 25 20 12 21 14 16 25 18 17 22 33 8 21 32 14 33 26 25 31 23 9 29 29 
16 16 29 25 21 18 20 26 27 18 28 11 19 24 19 28 16 21 44 24 21 24 19 19 18 26 16 31 21 29 10 19 37 17 23 21 28 29 57 29 45 42 23 22 14 
13 15 31 29 15 27 24 26 25 25 21 14 12 16 13 25 29 40 37 16 27 18 16 22 11 24 16 38 36 16 13 38 24 22 28 38 29 29 28 31 38 23 15 23 17 
10 23 29 26 29 24 23 21 36 12 24 23 25 25 21 28 17 23 34 36 18 24 25 23 19 28 13 23 41 27 20 34 23 11 23 30 27 25 35 25 37 31 16 37 28 
34 12 15 21 23 17 18 23 30 30 28 9 26 20 25 27 21 34 27 20 7 18 22 20 16 13 25 25 27 40 18 28 39 14 34 12 20 20 22 43 16 38 31 44 26 
26 15 34 27 27 28 27 16 10 12 27 16 17 16 30 19 26 37 35 28 21 18 31 28 22 22 23 24 28 15 10 10 28 21 23 24 24 31 29 30 24 43 26 32 26 
26 18 15 20 35 17 10 40 32 8 18 14 17 24 17 37 25 18 39 26 31 17 41 22 11 32 16 33 29 37 13 23 37 11 17 20 25 29 37 40 40 38 21 21 14 
17 13 20 24 23 27 12 27 19 28 34 16 19 20 11 18 25 19 34 44 18 12 30 16 11 26 15 14 10 23 6 35 41 19 22 22 14 37 35 37 21 39 11 33 18 
16 13 26 24 28 33 19 23 35 15 17 12 14 25 33 31 31 21 25 22 26 7 37 30 11 11 18 27 25 30 10 22 28 12 28 18 18 34 29 36 34 24 23 31 23 
19 10 21 12 28 29 41 21 24 13 21 17 30 18 30 14 19 23 35 17 30 17 25 27 15 32 15 19 33 37 18 11 29 12 21 12 23 29 34 12 30 32 26 28 18 
7 11 25 19 26 26 21 34 30 14 22 14 23 24 10 41 27 13 39 36 24 13 25 21 17 32 23 35 31 17 17 28 35 17 24 27 33 20 24 34 29 38 28 36 17 
27 19 18 24 31 14 22 25 32 23 20 14 20 23 19 30 23 26 29 30 18 24 21 20 27 23 16 22 21 32 21 20 30 15 34 23 18 14 33 21 24 27 23 36 22 
18 11 17 19 33 27 38 20 18 20 22 15 20 24 30 32 17 38 32 28 25 15 39 23 12 24 23 28 15 23 21 32 21 28 24 34 19 29 36 25 29 16 22 25 19 
9 22 24 23 29 29 31 27 26 18 25 12 21 22 18 30 20 26 25 29 12 24 25 24 12 17 14 25 24 32 14 27 38 11 23 16 21 34 42 32 21 27 29 31 16 
19 12 19 26 14 22 9 28 26 20 24 18 17 26 17 20 15 33 37 24 19 16 36 27 24 31 13 16 32 27 21 28 20 18 21 23 10 31 33 15 25 23 24 40 23 
28 18 27 19 21 27 29 17 31 22 19 21 19 31 24 27 25 22 36 24 16 22 33 29 13 21 17 31 24 41 15 29 27 17 28 33 18 20 29 34 31 33 20 30 22 
20 4 35 21 34 32 19 15 25 22 25 10 24 27 20 12 27 29 39 17 15 17 44 18 19 23 18 9 34 31 9 23 22 12 31 21 19 40 30 17 49 32 21 36 26 
23 12 38 21 20 18 17 10 27 24 26 18 15 32 7 10 25 41 33 34 18 22 30 16 13 27 16 14 37 16 11 23 26 22 9 18 19 29 31 28 23 24 27 29 12 
23 19 34 28 24 28 32 25 30 13 26 15 12 21 24 6 16 31 34 32 16 23 39 30 21 25 18 30 38 22 12 24 21 18 26 16 25 26 19 34 23 34 25 36 23 
30 16 41 20 25 36 40 31 31 20 19 15 20 26 20 13 16 30 20 4 24 22 38 25 20 30 18 27 28 27 24 36 21 8 29 20 15 20 38 48 29 32 21 31 21 
21 12 29 18 17 36 21 29 21 28 26 14 20 17 27 21 27 37 26 28 13 17 27 18 13 21 17 24 22 27 25 33 19 24 29 29 16 25 22 29 26 33 27 23 23 
24 15 29 34 10 19 28 24 28 22 22 14 18 25 23 33 26 24 36 23 32 7 36 15 17 19 25 34 17 26 13 21 15 27 28 25 17 19 27 22 24 34 35 20 13 
11 12 20 31 23 15 32 34 23 23 20 18 22 10 33 21 33 7 30 22 21 14 30 23 19 26 18 29 19 18 15 27 17 17 24 29 36 18 22 21 8 29 29 35 23 
18 19 18 26 25 29 15 43 20 15 25 22 14 23 23 28 26 42 32 30 28 2 27 22 11 31 23 25 32 21 15 33 28 15 32 35 24 26 17 35 28 22 28 23 21 
11 12 32 28 31 15 26 32 31 25 17 14 31 15 28 38 6 28 36 29 26 17 35 14 21 19 20 33 42 17 19 32 26 15 21 33 15 26 28 21 22 38 22 10 23 
23 13 15 17 22 31 35 26 24 22 11 20 23 16 23 24 27 23 16 14 27 14 33 21 16 13 23 29 24 29 13 39 29 11 28 16 15 27 19 45 30 16 17 36 22 
21 18 16 31 26 21 23 45 9 17 29 13 27 33 23 24 13 17 29 35 17 16 32 21 19 24 20 17 40 25 22 20 24 23 25 28 19 31 38 33 32 21 20 36 25 
24 18 33 19 20 23 36 29 26 20 25 15 21 13 17 23 23 25 39 23 24 19 20 21 21 33 18 26 36 16 25 31 18 18 17 16 34 17 25 18 25 41 23 33 20 
13 23 32 21 24 28 22 33 37 19 25 21 16 20 30 25 17 23 29 22 16 18 33 23 23 17 21 19 28 14 13 1 32 17 18 28 9 28 26 27 27 36 27 29 15 
12 17 28 19 25 34 21 27 40 17 20 7 17 21 20 19 22 36 28 29 17 22 14 15 22 35 17 39 19 29 24 19 20 20 20 14 17 22 31 22 33 23 22 28 16 
24 22 20 14 31 35 26 28 31 20 24 12 2 38 21 19 18 20 31 24 28 19 41 18 21 18 17 25 34 24 21 28 31 20 22 25 22 29 25 26 14 31 20 35 24 
35 15 14 24 35 22 19 29 29 12 28 17 20 21 22 33 29 28 32 28 22 18 41 23 19 25 19 26 21 13 25 29 20 13 32 39 22 24 32 26 20 14 25 33 16 
28 20 15 15 27 23 24 23 30 24 34 10 16 12 19 13 17 18 30 38 10 13 41 36 17 18 14 27 37 18 20 32 19 26 19 27 20 28 28 29 30 36 30 29 12 
22 16 23 29 32 28 23 29 27 15 19 14 29 29 16 23 33 29 18 27 29 14 33 19 26 18 15 27 38 21 36 14 30 13 26 31 21 24 14 36 39 32 30 33 22 
22 10 15 27 35 26 26 21 31 14 28 17 22 20 39 40 25 19 40 25 17 15 45 23 17 27 9 24 27 36 21 25 30 16 31 22 14 16 21 29 35 39 32 26 22 
27 18 19 23 27 34 24 26 11 24 22 20 12 9 17 26 16 39 30 33 16 14 39 22 30 32 2 20 43 18 22 26 17 21 28 24 32 36 22 21 29 29 24 25 18 
20 15 19 18 36 22 33 36 16 20 32 16 25 17 22 34 21 21 33 10 25 25 32 29 12 28 15 22 25 19 18 20 24 22 33 31 23 6 37 44 21 27 33 29 20 
14 14 37 33 21 32 19 23 13 14 23 19 22 25 22 28 27 36 30 20 37 15 23 19 18 26 12 18 21 24 23 23 23 11 24 23 26 19 36 31 34 40 15 40 24 
18 18 23 18 36 26 15 36 35 14 19 14 21 23 14 21 19 27 27 34 19 11 31 20 16 31 15 19 20 17 30 34 21 14 24 27 27 31 30 41 21 38 26 30 21 
31 11 27 22 38 24 27 47 35 19 29 11 22 18 14 33 19 36 33 17 22 17 27 30 22 31 3 21 33 33 16 21 45 22 20 26 15 21 25 22 34 38 25 21 15 
25 11 32 14 37 30 13 20 26 17 23 10 24 31 20 23 26 32 28 35 23 21 26 19 20 17 24 26 29 14 17 16 20 18 22 29 14 21 26 43 44 32 19 37 21 
19 18 22 8 24 32 35 17 20 16 20 19 25 25 13 19 23 18 35 31 22 22 28 33 15 24 17 34 19 28 23 32 26 25 33 22 23 10 22 36 30 6 32 27 25 
27 18 31 21 10 27 22 25 20 25 25 13 20 10 18 23 20 27 27 23 17 12 40 26 13 20 16 34 26 20 20 29 26 20 22 27 30 12 35 35 41 27 14 37 17 
25 13 18 31 22 27 20 31 26 20 15 25 22 31 26 19 28 33 29 40 20 23 26 31 19 29 23 29 31 22 20 37 21 10 22 32 20 1 47 46 34 36 22 25 13 
23 17 17 24 30 30 21 26 30 24 23 12 13 29 10 40 17 19 25 19 8 17 18 19 17 29 25 28 42 23 16 24 18 12 25 18 26 37 27 47 28 23 13 35 25 
21 11 13 20 29 29 22 16 25 27 27 21 21 16 7 28 25 32 19 14 22 17 28 17 16 24 14 34 23 19 23 36 28 8 14 39 16 31 24 27 27 37 14 30 16 
13 19 32 17 26 25 24 35 31 21 29 16 18 24 16 18 18 39 33 21 35 22 30 23 22 24 22 24 21 31 16 17 33 11 19 32 13 32 33 38 43 32 28 42 19 
25 12 13 23 31 23 18 39 27 13 29 12 25 29 25 23 19 30 31 32 21 17 34 23 17 24 15 25 39 17 10 36 23 14 19 20 28 23 43 24 36 28 23 25 19 
16 21 9 27 31 42 18 35 36 19 27 17 22 13 15 21 19 23 36 31 25 22 46 38 21 39 21 10 20 21 26 23 15 16 25 31 15 25 54 43 34 28 29 21 20 
24 8 26 20 35 37 21 21 30 14 20 18 15 30 16 19 16 32 30 36 15 11 30 33 10 21 17 16 29 14 19 30 33 25 10 23 35 35 52 19 19 35 15 36 15 
27 15 25 24 31 22 29 17 18 26 29 10 21 17 14 34 22 40 16 26 23 18 35 21 20 31 18 33 28 20 13 30 19 12 7 13 28 18 24 29 49 37 28 40 25 
25 16 43 24 31 37 39 17 39 8 29 17 9 28 29 34 22 26 22 45 19 17 28 24 21 19 15 17 27 28 24 23 16 21 19 12 12 25 38 34 50 35 27 26 19 
37 11 22 16 22 30 29 26 24 18 18 10 27 20 14 37 18 39 16 30 17 23 34 27 17 28 18 17 36 42 26 28 37 19 29 26 8 36 29 27 24 35 22 46 13 
23 20 19 29 28 28 26 26 21 20 16 13 12 26 16 26 18 22 20 27 13 17 23 21 21 31 20 19 20 32 18 21 28 14 23 18 18 6 33 27 31 18 11 18 21 
26 17 7 21 19 11 11 27 27 17 29 13 20 28 23 29 11 24 27 37 26 21 33 28 12 30 20 17 39 27 21 26 20 15 27 38 14 23 38 35 26 18 28 41 21 
23 14 24 20 19 19 26 13 36 18 25 22 24 33 11 27 28 6 28 36 18 18 37 23 24 17 18 7 28 21 9 19 16 8 27 27 17 25 29 22 28 30 24 26 12 
28 22 35 30 44 21 25 17 20 25 28 12 29 18 21 29 30 23 32 32 17 15 37 18 23 28 27 26 21 20 18 20 13 12 26 17 16 38 43 39 31 20 24 30 21 
19 13 31 24 16 25 27 24 29 23 20 7 28 28 28 36 30 21 35 29 21 26 24 21 17 25 19 30 32 26 20 29 26 17 25 30 17 39 35 33 33 25 19 24 4 
22 24 26 12 18 35 24 24 13 26 21 10 23 31 25 27 28 46 36 31 13 12 30 23 10 28 15 28 37 23 16 28 26 13 12 30 25 40 22 23 16 36 21 28 18 
33 18 11 21 26 32 29 22 22 20 23 12 13 31 26 35 25 36 21 31 14 10 34 21 12 19 19 35 25 22 15 24 33 14 32 29 21 31 19 40 35 30 11 30 21 
30 12 18 20 25 19 24 20 36 26 23 15 15 22 16 28 21 20 25 38 30 23 35 25 21 9 23 35 42 17 20 15 25 16 32 26 17 25 27 42 49 26 15 33 24 
19 14 20 21 20 26 12 23 26 25 23 20 19 31 14 27 24 25 34 28 25 16 20 42 15 27 20 28 23 31 25 29 22 11 28 34 22 22 20 39 36 26 26 22 24 
26 10 25 28 36 22 42 10 27 18 24 15 15 19 26 30 16 28 37 28 27 22 17 20 22 23 26 37 18 26 14 28 20 7 32 24 31 28 34 26 39 23 19 21 18 
19 7 35 16 13 28 31 47 23 11 22 14 25 16 21 28 18 24 34 26 25 16 9 24 16 17 10 24 30 24 27 20 11 14 18 29 28 27 32 40 30 29 18 33 25 
18 14 17 23 32 44 16 9 32 23 25 18 18 24 25 18 23 18 35 29 22 16 38 7 20 22 19 29 33 18 19 34 21 21 29 33 14 31 29 34 37 17 19 32 23 
12 10 22 20 21 36 26 20 23 22 21 22 21 25 25 37 23 25 34 18 23 12 21 23 14 20 16 18 35 31 16 27 36 14 32 19 29 27 22 33 17 35 13 24 15 
21 13 38 9 27 31 17 24 24 20 12 17 24 17 16 29 25 25 30 38 20 8 19 26 11 18 22 38 34 22 14 18 30 20 8 13 9 7 20 31 32 21 27 25 22 
25 5 38 16 21 31 16 22 31 16 19 16 21 25 26 22 26 27 28 27 26 16 32 26 11 23 17 27 31 20 29 38 19 13 24 30 23 19 23 28 33 46 21 19 22 
19 16 7 16 33 23 36 32 35 22 23 17 11 27 15 28 29 13 28 26 19 22 16 21 12 26 18 11 26 29 18 20 18 11 30 11 13 13 22 32 42 27 19 37 24 
29 17 20 30 40 29 16 31 33 20 23 10 15 26 25 24 25 15 41 33 21 17 17 34 13 18 29 17 23 40 18 19 19 15 24 18 26 29 42 30 29 54 22 23 20 
17 13 19 21 25 18 21 30 29 19 22 10 16 18 16 32 15 24 34 26 24 13 47 35 15 19 31 45 41 28 18 31 30 15 15 16 23 19 20 34 37 32 32 33 19 
28 16 24 29 38 10 34 20 30 23 18 18 21 22 22 19 22 15 31 32 23 16 23 25 25 36 27 19 29 30 26 23 21 9 14 29 16 31 29 29 29 39 26 34 20 
20 19 23 23 28 22 25 27 14 25 35 10 23 30 20 36 21 21 25 34 11 17 19 19 20 11 11 28 35 16 13 26 26 25 24 14 17 27 31 47 21 24 10 34 22 
26 13 33 23 29 25 23 23 36 27 27 8 29 23 19 23 12 30 21 33 17 20 36 24 13 21 23 35 19 33 11 27 31 23 21 17 22 29 26 23 22 44 13 15 12 
20 13 28 27 24 37 28 35 40 28 24 14 20 18 17 44 16 32 32 16 23 9 34 18 14 18 24 34 31 20 19 33 15 4 19 30 28 25 28 29 46 31 14 36 12 
18 21 16 23 35 22 29 13 24 31 27 23 28 13 19 18 20 37 30 40 29 8 18 19 20 28 18 20 34 31 2 30 31 12 20 31 28 30 31 36 17 23 17 21 21 
24 12 33 24 19 33 23 42 23 11 22 17 20 28 18 29 21 44 19 23 31 15 34 23 18 28 15 20 19 22 21 42 33 18 24 24 15 28 14 19 13 14 28 22 11 
20 14 38 22 21 14 15 24 19 21 21 18 19 17 23 20 24 21 39 32 19 14 39 37 20 29 21 13 31 20 21 27 30 18 36 25 18 23 17 40 39 36 15 17 23 
11 17 12 29 34 35 19 10 20 12 24 9 17 33 17 30 20 16 16 36 7 16 45 17 15 22 13 29 28 19 20 23 18 14 26 42 24 34 21 32 25 37 26 21 26 
18 13 21 23 28 23 22 22 28 25 28 16 30 32 18 23 16 28 35 29 23 13 39 20 11 22 18 20 29 30 27 32 21 13 30 18 21 33 24 25 38 41 25 35 24 
22 12 5 23 31 43 31 36 31 23 14 8 16 19 20 20 23 18 26 26 30 12 20 28 11 28 19 30 29 32 11 31 14 17 20 31 13 19 34 36 25 23 12 30 13 
25 22 37 22 43 28 20 30 27 28 21 15 16 23 14 37 23 46 22 22 24 9 31 27 21 13 7 26 22 18 12 33 20 21 18 22 18 30 44 27 33 38 15 30 13 
25 17 34 20 16 29 25 32 39 28 31 16 25 19 25 20 18 27 21 42 19 18 37 20 18 36 20 33 32 13 19 40 25 14 23 20 14 19 26 29 22 30 20 13 18 
20 17 17 22 33 23 18 22 26 14 20 17 13 30 11 28 16 28 35 23 11 13 44 19 4 17 15 24 28 27 24 33 17 11 31 15 27 25 34 18 46 9 17 23 21 
8 14 31 14 21 16 25 16 25 25 14 14 13 26 13 21 19 33 38 38 18 19 36 24 22 17 15 27 22 18 20 20 12 20 17 20 28 25 30 42 30 35 8 37 15 
24 18 37 29 19 38 30 24 28 11 16 18 13 29 33 30 9 17 27 33 20 13 35 21 15 29 22 24 36 26 18 31 19 18 7 32 22 22 33 12 46 41 18 20 17 
14 16 23 24 24 19 16 21 31 10 21 11 27 24 21 32 21 24 25 32 31 15 20 25 17 20 21 37 27 20 20 37 25 6 29 20 25 25 34 25 34 31 14 43 17 
22 17 24 21 23 30 11 33 38 23 29 17 18 21 23 37 20 22 45 25 25 13 36 18 21 24 15 41 22 30 7 29 27 23 23 27 20 29 26 34 38 32 22 34 18 
14 14 14 25 15 30 16 21 33 16 12 19 13 28 4 30 23 5 13 33 19 15 34 26 19 27 20 23 33 33 19 31 14 18 28 29 21 10 31 13 29 32 19 27 26 
16 9 29 32 31 21 27 14 28 21 14 19 19 20 18 23 21 28 34 17 16 15 46 28 12 25 19 12 36 15 19 27 20 21 41 43 23 18 32 31 19 34 23 32 22 
11 10 20 21 16 25 20 30 17 28 21 14 22 18 28 20 23 30 27 43 25 11 19 26 24 26 14 34 29 17 24 22 33 20 34 20 21 23 41 35 18 48 17 37 22 
18 15 13 25 24 25 17 30 12 21 21 14 8 16 16 36 24 39 29 35 16 24 33 41 12 35 18 29 33 35 19 38 21 19 23 14 14 27 33 35 27 11 16 30 15 
13 14 28 24 18 27 20 36 34 21 25 18 14 24 16 32 24 18 35 28 25 9 40 23 10 16 21 19 37 19 16 15 29 25 13 18 14 23 38 46 29 27 15 10 24 
23 15 21 24 45 24 19 30 17 26 26 17 17 28 25 34 23 10 30 34 18 17 19 17 19 15 20 22 30 7 19 32 35 12 22 26 24 28 25 22 26 17 23 27 12 
18 23 10 25 28 20 25 23 30 24 26 1 26 26 13 37 18 23 25 22 22 22 27 20 19 29 19 30 44 16 16 16 12 20 24 16 23 22 45 35 22 23 27 39 17 
24 17 27 20 32 32 30 14 20 9 19 12 16 30 28 24 19 26 26 18 29 22 18 33 10 11 25 10 20 28 19 28 24 24 27 19 23 21 43 20 23 23 23 39 17 
31 11 27 26 28 26 24 17 34 14 14 11 25 21 26 25 23 33 22 24 20 12 33 29 22 32 15 21 20 17 22 24 19 19 15 21 18 21 35 18 50 14 21 26 19 
27 18 26 17 22 29 26 34 33 21 7 9 7 24 23 32 27 25 36 41 16 21 37 29 20 23 15 35 29 29 26 32 15 23 29 30 34 23 43 15 32 34 17 35 10 
10 16 22 18 27 31 16 45 29 23 38 11 13 19 28 32 29 21 25 21 30 16 29 26 15 22 23 30 38 13 29 25 27 17 18 22 20 27 29 38 30 20 22 40 22 
29 13 16 27 16 24 19 23 27 14 26 14 16 15 25 38 33 29 34 17 20 14 25 12 16 42 10 37 31 27 16 18 17 19 21 21 40 24 34 37 28 18 27 18 19 
30 22 13 28 12 33 19 39 32 25 24 16 26 28 24 33 17 34 28 17 21 13 29 22 18 14 25 26 36 25 22 42 24 27 17 25 14 34 35 34 29 34 26 25 27 
21 17 25 9 29 22 24 32 27 25 34 16 18 16 29 23 21 15 22 18 24 14 32 10 10 18 25 26 30 33 9 40 11 30 26 28 21 27 37 23 51 25 14 38 22 
28 18 36 17 32 13 17 21 30 19 30 15 26 29 26 30 27 39 41 39 26 11 50 23 20 34 21 32 35 39 18 40 25 9 13 31 29 30 34 17 32 38 24 34 15 
23 20 26 15 24 26 36 24 39 20 30 18 15 30 27 15 33 36 38 17 27 9 29 14 18 30 19 22 19 26 15 22 35 8 35 31 17 35 47 42 32 52 10 33 24 
18 16 17 19 36 22 31 22 25 22 31 11 11 20 25 31 23 29 16 26 18 19 27 31 16 21 20 16 15 30 26 23 26 18 27 19 20 38 32 23 24 29 32 32 20 
28 17 21 31 24 25 21 29 13 18 14 17 13 22 20 16 22 40 23 29 24 21 26 27 17 20 24 18 35 28 27 16 24 17 22 33 17 30 20 18 34 27 24 28 24 
24 20 34 26 28 12 14 16 26 31 18 13 22 26 18 29 14 26 42 15 30 20 40 24 31 30 21 30 33 27 13 26 33 16 18 16 15 29 27 22 32 29 16 12 23 
20 14 38 21 30 11 17 31 22 23 21 10 21 20 18 29 24 35 13 25 29 30 25 30 9 19 16 32 39 31 22 31 30 20 15 25 19 27 30 30 26 40 25 25 20 
31 17 21 28 19 44 32 21 29 36 13 13 21 25 17 31 15 34 19 17 22 13 37 25 12 26 24 37 17 12 20 35 32 11 12 22 20 30 25 18 30 33 23 31 18 
14 14 19 18 28 28 21 39 39 27 17 16 12 24 10 20 26 27 27 43 18 23 20 18 15 18 11 34 36 25 21 26 23 12 34 28 13 22 15 23 25 32 30 47 16 
15 7 17 25 34 12 14 34 16 16 13 14 12 24 24 19 28 31 26 32 16 15 30 23 16 32 13 33 29 26 17 27 28 24 19 34 20 27 31 35 27 14 17 29 14 
25 10 17 23 24 9 19 32 18 12 19 19 12 15 22 21 14 28 31 31 33 19 36 35 22 14 10 16 22 20 18 37 24 21 25 26 30 30 29 30 16 21 18 32 17 
31 18 24 23 27 27 21 29 12 22 25 27 24 22 25 24 22 18 25 23 15 18 20 25 13 20 28 28 38 23 28 21 20 10 30 21 22 21 19 29 26 29 25 20 22 
19 14 23 22 29 16 24 34 23 27 32 13 19 24 23 30 28 15 38 16 32 12 23 23 13 19 14 26 33 22 17 35 27 5 33 17 10 28 15 35 29 29 22 39 21 
25 19 27 23 26 20 20 19 30 29 31 12 17 22 23 33 27 21 30 37 20 15 32 24 16 26 26 24 32 36 23 22 22 16 28 23 17 26 22 2 25 23 21 6 24 
20 18 17 9 36 24 22 37 36 10 19 21 17 32 19 29 31 30 19 29 13 10 39 16 23 22 16 24 38 27 14 34 18 16 23 19 24 36 23 46 31 34 19 22 19 
29 22 14 24 16 36 22 37 36 22 29 18 16 23 18 27 32 8 30 24 15 19 28 17 14 23 29 22 29 38 16 23 18 20 32 24 22 25 30 31 20 38 29 18 14 
16 18 26 31 31 24 31 22 36 18 21 14 25 25 14 31 23 39 38 23 29 22 25 24 18 33 19 32 36 23 16 16 17 17 23 17 30 22 30 14 38 52 21 30 17 
22 14 10 30 22 28 34 31 37 21 17 17 12 26 32 33 24 28 31 42 26 15 25 19 8 18 18 39 18 22 18 19 24 19 21 20 23 25 36 32 31 27 18 24 20 
16 14 19 17 33 27 22 19 29 26 25 10 29 29 14 23 15 26 26 25 24 10 41 21 17 28 14 30 19 22 19 27 23 23 20 33 13 19 18 40 23 39 27 15 19 
22 19 32 20 41 21 23 25 27 29 31 17 12 27 27 29 17 22 24 32 26 21 32 27 13 17 17 36 17 39 14 26 19 14 24 27 18 32 26 11 35 32 28 37 19 
23 14 21 24 32 25 27 37 27 14 16 15 17 34 20 30 31 32 43 14 18 10 26 20 15 12 20 31 30 20 8 34 30 23 24 19 8 39 22 42 39 36 30 35 14 
13 15 11 28 39 33 25 24 21 25 17 20 22 22 15 24 35 16 33 10 21 11 43 28 18 31 14 30 27 18 17 38 28 19 25 15 23 39 32 27 31 26 14 24 16 
19 16 29 15 38 28 28 26 33 29 25 9 24 30 26 22 14 25 28 16 25 13 33 28 17 23 10 42 31 30 10 23 24 19 27 23 25 40 27 37 43 22 19 27 29 
34 7 29 24 33 26 23 34 23 17 25 17 13 27 24 24 21 36 37 34 26 24 41 19 18 18 24 25 23 17 24 16 26 11 26 21 19 25 36 31 43 37 25 22 9 
26 21 18 28 23 7 27 24 21 24 18 13 21 21 16 23 18 30 30 30 16 21 31 23 25 16 15 30 38 28 22 37 21 17 24 27 27 33 21 13 16 20 30 26 21 
8 9 14 31 39 18 22 44 24 19 32 14 4 12 25 35 27 26 30 30 25 9 39 31 17 23 17 17 51 18 25 18 17 20 33 18 13 38 29 41 22 37 32 22 18 
19 15 18 7 34 31 21 26 22 19 25 12 20 15 25 22 28 29 36 28 28 14 47 25 27 30 16 25 24 29 25 30 27 19 22 29 28 23 39 28 19 28 29 31 13 
18 19 21 23 22 30 25 18 31 14 27 12 19 15 22 22 18 18 14 40 10 18 36 25 13 19 20 25 20 17 12 38 28 15 19 19 16 31 29 27 31 21 17 47 7 
14 17 20 22 16 39 28 24 14 15 22 14 15 25 26 15 33 30 30 32 24 8 31 27 21 22 21 38 38 37 11 16 24 20 22 35 18 34 34 28 44 45 19 21 17 
15 12 20 26 27 27 29 22 18 15 18 14 19 27 10 27 27 16 35 32 28 18 26 18 13 31 19 29 37 23 13 44 32 11 28 38 13 33 26 42 23 24 23 30 22 
24 14 28 20 2 29 24 31 18 19 19 15 12 12 23 31 18 31 37 21 23 20 32 27 18 32 19 28 30 21 24 28 25 11 27 23 24 18 17 33 32 48 19 37 16 
31 9 28 13 23 35 26 26 27 28 20 7 35 22 11 30 28 26 27 31 15 23 21 14 20 18 19 24 32 14 21 20 20 15 10 21 21 32 28 26 32 8 19 26 17 
35 10 19 16 28 18 27 22 24 20 31 13 26 28 25 22 22 21 28 21 22 22 23 16 17 25 14 22 19 23 20 32 25 18 33 22 18 32 46 40 36 23 25 21 14 
25 4 32 17 24 35 23 40 19 31 21 14 22 19 32 25 22 10 42 32 19 35 31 21 16 22 14 28 37 10 26 13 21 16 24 26 17 41 18 26 41 25 25 44 23 
25 10 25 26 23 17 26 32 29 39 16 14 28 23 25 22 34 24 36 18 17 16 21 17 20 17 17 21 29 26 25 36 24 15 14 23 22 31 25 30 26 19 15 41 19 
15 19 24 19 27 26 22 29 17 26 17 19 9 29 25 14 22 30 15 29 23 19 23 25 16 31 17 31 37 21 16 37 14 6 27 20 10 14 27 17 21 23 17 28 27 
16 19 28 21 19 34 31 45 24 16 31 11 24 32 23 21 35 24 22 19 15 12 17 28 18 17 14 22 32 21 29 30 24 8 17 19 18 23 33 32 35 27 20 26 18 
30 13 20 26 30 17 29 32 22 21 24 16 10 21 34 29 23 20 41 32 21 16 33 29 22 13 15 28 27 20 23 24 20 22 37 19 24 42 37 37 19 18 19 17 15 
21 19 38 12 30 33 29 27 42 18 13 13 8 20 25 29 20 22 28 21 18 23 38 26 17 14 17 30 36 26 15 26 24 20 21 27 22 31 23 16 1 27 30 37 10 
14 22 19 27 20 19 22 27 22 23 28 17 24 22 16 16 25 29 25 34 22 21 36 20 7 18 18 28 24 23 17 18 29 18 28 24 28 35 29 39 33 36 31 25 20 
20 15 30 21 29 22 21 32 27 20 16 22 19 29 15 22 19 30 22 16 23 13 28 32 23 22 17 28 21 24 23 34 15 17 22 32 25 21 27 24 27 34 25 37 18 
31 11 24 17 44 32 28 27 17 28 22 17 19 20 12 29 23 20 25 18 22 9 38 29 20 24 16 27 19 12 17 15 30 17 29 26 23 26 19 20 37 37 28 27 28 
20 14 20 24 30 16 20 16 15 26 27 15 17 4 15 34 16 22 28 27 22 20 43 28 13 23 19 20 22 18 23 31 10 16 14 24 21 12 30 19 31 30 21 28 19 
24 13 20 11 36 16 24 19 24 32 18 9 24 29 25 32 27 31 21 12 27 22 37 27 20 23 20 25 28 35 19 27 16 16 31 19 10 26 32 52 34 28 36 36 18 
20 17 29 29 24 29 23 35 33 18 22 22 19 28 21 24 15 35 25 19 28 8 35 19 15 19 18 34 23 21 17 21 18 18 27 19 18 31 18 37 29 34 18 37 16 
25 15 13 29 40 30 31 34 28 22 21 22 23 25 26 36 26 29 22 37 17 17 13 23 16 25 15 30 24 24 19 30 21 19 20 24 21 29 34 29 37 33 25 30 20 
34 16 27 18 35 29 30 30 26 22 15 19 20 31 15 26 18 25 29 33 23 21 26 17 15 21 16 31 28 14 21 25 26 16 20 8 24 26 39 18 33 36 25 14 15 
18 13 24 22 28 26 39 26 20 26 20 13 26 27 24 10 27 21 23 24 27 32 25 24 20 30 14 42 33 28 20 22 20 13 23 16 24 21 10 39 39 37 32 17 19 
27 9 12 17 16 24 23 21 18 16 16 22 27 33 8 22 14 30 36 42 14 15 33 23 17 26 21 35 35 21 27 22 15 21 36 27 18 19 30 40 38 23 9 26 18 
20 21 30 15 37 32 33 5 27 21 26 13 28 29 13 42 34 19 27 26 22 23 40 24 13 25 14 21 39 23 22 35 25 13 29 19 16 24 23 30 43 46 17 26 20 
17 18 21 28 33 24 32 38 32 22 20 15 14 26 21 27 33 34 25 22 9 7 31 23 25 25 19 23 19 22 24 22 24 12 22 20 30 29 17 35 30 37 18 12 20 
27 8 22 16 30 15 26 29 40 23 16 16 12 33 21 21 37 25 35 26 24 15 23 26 23 32 23 28 27 24 20 26 19 31 33 29 22 28 41 30 25 32 17 23 25 
22 17 18 26 43 7 22 13 34 25 28 17 27 18 24 31 22 20 33 41 24 16 28 26 14 9 8 35 24 23 32 42 22 14 28 29 21 21 30 35 16 32 22 31 19 
15 10 23 28 26 23 30 36 34 13 18 14 12 16 29 43 9 23 24 27 41 32 45 28 12 19 22 34 19 27 27 39 31 18 25 20 26 29 25 34 44 23 19 28 27 
16 16 30 15 23 27 26 16 41 23 15 7 33 23 17 18 22 15 32 16 11 13 23 21 23 26 36 19 30 30 26 26 15 24 27 18 18 32 25 31 37 27 16 31 13 
26 11 21 22 31 23 18 23 20 25 26 18 25 29 8 30 19 34 38 30 16 19 28 23 12 30 23 15 24 23 19 44 16 27 17 19 20 27 26 34 26 33 24 34 21 
14 20 29 34 9 28 30 25 25 25 18 13 25 12 22 20 19 22 26 24 19 26 32 34 22 34 22 35 24 23 19 28 26 20 13 32 25 31 41 29 27 24 16 35 21 
15 11 21 23 23 38 30 35 27 18 14 26 16 25 18 29 26 40 42 29 23 20 33 17 28 18 28 33 28 29 25 33 19 23 18 25 10 28 28 31 20 34 23 32 23 
20 6 14 18 40 38 27 19 35 23 27 11 19 37 11 26 19 28 35 30 13 17 20 17 14 29 13 12 40 7 22 24 23 20 17 26 13 30 32 21 24 35 33 35 18 
24 16 21 29 16 34 21 35 24 23 13 19 24 21 15 34 26 23 41 33 14 18 40 25 9 21 18 28 36 31 25 33 32 24 24 20 17 15 24 35 31 39 17 31 16 
24 15 27 18 17 27 33 16 20 21 32 12 23 26 31 33 32 26 24 26 37 9 35 24 19 30 22 23 28 20 14 21 24 18 22 28 17 25 32 43 45 19 26 23 18 
19 14 18 16 15 34 24 25 34 22 29 19 24 18 25 20 26 14 35 36 21 17 25 28 19 26 12 23 33 22 12 16 21 13 24 16 25 22 34 41 15 30 19 33 17 
24 12 19 27 20 30 24 36 16 27 29 25 16 22 22 30 29 23 25 34 24 17 27 26 15 26 20 35 35 24 13 26 23 12 24 15 30 29 26 21 31 40 13 29 23 
17 19 27 33 29 27 20 24 34 26 25 13 31 23 18 20 26 18 42 16 25 16 34 22 18 19 18 19 36 22 21 33 19 19 24 26 31 13 24 26 14 26 5 21 27 
28 14 21 19 33 26 33 36 31 27 22 8 15 23 24 31 29 13 24 33 22 9 24 25 14 30 17 42 22 29 25 31 25 17 26 27 23 28 19 22 24 29 18 43 14 
23 10 24 23 24 20 20 19 35 18 24 8 14 26 19 24 19 19 24 25 21 22 28 29 25 28 17 23 25 23 22 17 12 20 28 27 22 37 22 16 24 41 31 23 16 
19 10 23 22 23 18 27 29 26 20 15 22 13 22 11 29 14 23 30 16 27 14 21 29 23 34 19 18 35 30 16 16 30 26 19 32 20 25 34 43 29 29 17 30 14 
16 11 28 13 28 34 24 36 28 22 23 17 19 23 30 16 25 38 29 36 17 16 20 16 13 25 24 22 40 22 19 19 33 20 28 30 23 16 26 32 40 32 18 23 14 
14 13 31 25 35 25 22 27 27 24 25 13 19 26 28 28 22 37 41 10 14 19 16 27 6 28 13 29 30 27 26 35 32 23 17 27 12 42 29 35 45 30 23 34 24 
23 14 35 26 26 40 24 26 28 16 34 20 11 20 16 21 19 38 26 28 15 18 27 30 17 16 19 28 33 21 21 43 21 22 27 19 20 18 22 13 33 32 33 39 22 
29 13 23 14 29 42 17 21 33 15 28 15 26 22 19 30 21 10 33 38 16 25 24 19 17 10 15 33 24 16 28 19 20 17 34 19 19 17 44 30 24 41 22 27 17 
25 9 17 17 28 44 22 39 19 26 16 19 8 14 34 23 23 30 25 21 19 22 30 22 9 16 13 42 25 25 25 17 29 10 11 16 19 17 21 23 21 26 18 25 19 
18 22 23 15 22 36 18 33 22 17 37 18 17 34 28 30 19 26 27 33 13 20 18 31 14 13 18 13 28 22 18 17 38 24 27 24 31 25 26 27 34 23 16 22 12 
19 13 32 20 24 22 27 38 30 22 33 9 12 25 10 26 18 25 25 23 14 9 26 23 14 36 20 37 31 28 19 22 32 20 30 26 30 27 28 33 38 45 4 23 22 
27 15 29 23 36 27 24 36 29 18 25 18 22 30 12 18 27 39 33 32 17 11 27 17 23 13 21 32 23 29 27 22 26 23 28 23 17 19 20 43 31 30 17 22 15 
27 16 21 28 41 23 18 25 26 33 15 19 18 25 12 29 21 24 40 33 18 21 33 23 16 22 16 37 24 24 14 30 16 11 30 27 14 23 33 16 45 23 27 23 17 
26 7 32 31 25 27 26 20 25 12 28 11 26 26 20 14 30 31 26 26 36 21 27 26 13 23 22 26 22 25 15 27 21 14 26 20 27 27 27 25 17 33 19 19 5 
17 15 23 19 37 25 34 32 34 20 16 19 19 18 28 36 14 30 19 26 17 22 23 27 22 20 20 27 38 19 20 27 23 25 32 15 27 28 20 30 27 23 26 27 9 
26 17 11 22 21 32 23 40 25 24 30 18 22 14 30 30 34 39 29 33 22 23 31 21 11 15 23 24 21 22 16 27 20 26 21 22 18 32 58 35 38 29 23 21 17 
23 12 28 32 21 17 14 22 18 20 19 11 10 34 20 29 11 25 23 29 26 8 36 25 13 22 21 23 27 32 19 19 32 18 29 22 26 31 20 25 25 26 13 43 15 
24 21 24 16 25 32 28 26 29 21 22 19 24 27 21 34 20 14 27 25 27 15 35 14 18 26 22 33 37 17 16 31 35 11 25 21 20 24 29 34 21 28 19 25 19 
22 13 15 22 44 25 23 27 30 15 25 15 23 17 25 36 30 28 29 39 22 18 50 20 16 24 22 33 29 29 22 37 25 15 19 37 20 30 42 33 34 38 19 39 13 
18 17 30 22 20 37 17 18 36 21 29 13 13 24 32 35 28 38 37 30 21 18 35 26 12 30 30 22 25 30 25 28 17 27 30 31 21 9 14 39 32 21 25 35 12 
34 13 28 14 26 27 28 37 16 17 19 12 21 20 12 27 25 22 34 27 25 12 19 14 18 24 21 40 16 22 18 37 31 23 36 21 10 22 37 46 21 37 14 38 15 
30 18 18 21 13 31 14 27 16 29 33 24 17 20 10 25 25 18 38 28 12 17 37 21 14 32 17 21 29 35 19 25 26 12 43 19 20 27 19 35 34 46 29 37 15 
30 15 17 24 17 32 16 32 37 13 30 11 11 18 29 18 3 2 34 20 27 22 17 25 26 25 14 31 20 42 18 35 19 16 19 26 22 25 24 36 20 29 29 50 11 
11 12 29 24 26 30 15 31 38 28 23 12 20 28 21 31 20 42 34 35 20 15 25 26 18 15 18 28 30 12 21 19 13 18 34 22 31 27 15 47 28 39 22 34 15 
9 16 25 4 20 22 39 23 31 15 23 15 24 19 18 25 28 34 34 25 16 17 36 19 29 26 24 18 20 22 16 35 23 6 17 30 23 22 38 19 37 21 17 27 31 
32 17 30 27 24 19 22 38 25 28 22 17 22 21 3 27 23 25 40 23 24 25 9 38 16 23 30 39 6 30 19 32 19 15 33 6 21 30 15 29 30 29 22 31 24 
26 15 25 27 41 34 20 19 30 19 24 14 10 10 30 36 24 34 38 17 12 19 25 29 23 29 25 37 34 27 17 15 31 19 13 23 18 19 33 42 14 20 22 24 17 
24 18 21 17 20 28 13 25 31 22 14 18 20 21 15 23 12 31 39 27 20 5 27 39 9 24 16 35 28 19 19 28 19 18 32 17 18 36 40 19 28 29 23 29 22 
23 18 24 27 33 24 20 26 32 29 30 15 36 33 11 17 24 27 27 21 30 16 31 30 23 21 23 34 26 28 16 33 24 10 28 19 16 32 37 28 20 26 26 24 19 
26 17 25 24 29 18 14 24 24 11 20 9 22 22 16 31 24 24 26 23 20 25 20 24 4 28 20 29 25 22 16 17 21 14 23 31 27 21 36 45 29 30 23 31 19 
32 11 17 28 32 23 24 18 24 23 27 14 14 26 34 22 19 21 25 33 21 17 19 20 21 25 19 39 45 32 12 33 24 16 18 21 15 19 28 17 19 35 22 29 18 
22 21 31 17 24 40 17 11 26 22 36 15 20 25 27 21 17 30 23 23 26 22 32 15 19 26 23 28 39 21 19 23 31 21 21 25 22 11 43 50 38 20 22 30 14 
15 15 29 20 29 30 14 24 33 14 14 16 10 17 5 29 26 24 38 31 22 24 39 15 19 21 19 16 40 12 25 7 24 9 25 21 33 21 43 29 32 22 15 22 21 
25 18 20 25 30 38 22 21 44 10 17 18 27 30 25 24 21 32 23 22 14 7 23 16 16 16 14 30 25 24 17 26 24 16 21 22 17 19 29 35 30 30 16 18 21 
25 13 31 22 26 17 30 31 24 21 25 10 28 27 24 21 10 27 28 15 22 17 25 19 23 33 22 28 30 19 23 35 20 23 17 20 23 14 26 35 33 32 19 31 26 
24 18 24 30 29 25 16 32 21 22 25 12 29 25 33 29 10 25 42 13 29 19 26 26 14 25 16 25 14 28 26 31 19 16 29 24 20 31 23 36 31 39 23 30 17 
15 8 18 28 35 33 28 29 6 13 14 8 17 26 9 18 20 38 29 20 28 11 35 25 11 22 17 23 34 27 19 36 23 23 17 33 16 14 26 36 24 24 19 28 15 
24 20 26 16 18 28 26 26 22 25 21 9 28 20 20 22 30 23 18 31 24 17 20 18 16 28 20 24 19 36 26 28 33 17 18 22 22 29 29 36 28 47 22 21 28 
25 18 25 18 39 16 27 33 30 16 17 20 14 15 25 21 18 29 23 27 8 18 28 18 16 18 27 32 35 30 26 26 17 18 24 23 25 26 25 20 24 23 32 28 10 
14 18 28 24 11 29 23 22 19 31 27 14 28 18 17 17 11 34 35 26 15 14 28 27 13 17 21 35 24 38 14 28 26 20 13 16 27 31 20 16 33 16 18 23 19 
28 23 27 15 47 34 33 26 33 20 33 13 23 21 29 13 18 31 23 31 26 12 27 33 12 35 18 19 18 35 10 24 35 18 20 11 32 23 28 50 31 23 18 29 21 
26 13 26 22 26 25 21 27 27 19 19 11 18 16 23 20 21 17 40 23 20 18 19 18 13 27 17 32 32 33 15 30 9 17 26 22 24 27 30 19 27 27 23 34 15 
16 16 7 21 29 23 29 34 34 18 7 17 29 18 17 29 33 25 33 17 16 21 15 31 18 20 13 7 30 29 24 24 28 12 36 14 25 27 21 35 37 27 23 37 29 
36 18 32 19 27 18 21 25 31 21 29 15 23 19 17 34 21 36 32 25 18 16 18 22 9 28 29 15 25 22 14 16 22 18 26 21 23 27 31 15 31 16 20 27 25 
30 8 25 30 28 29 33 21 36 23 31 15 24 23 35 21 18 32 32 29 15 12 25 13 10 9 23 17 17 19 30 30 32 13 27 23 6 31 19 36 40 35 23 33 16 
25 19 31 34 10 29 20 31 26 17 24 23 19 19 9 16 24 22 36 39 17 22 37 25 18 23 9 15 30 17 20 19 9 15 22 34 24 31 29 27 21 33 24 36 19 
35 20 16 15 30 23 21 24 43 28 12 17 20 30 15 30 24 24 33 19 14 15 30 38 25 27 18 28 41 14 21 27 13 22 27 29 22 36 41 23 26 15 16 26 18 
27 15 17 23 40 28 22 23 29 23 21 20 19 21 7 26 25 31 22 22 25 18 29 27 21 14 18 23 33 18 4 17 24 20 24 30 29 38 21 38 34 42 19 18 19 
20 13 23 16 23 19 29 34 25 17 22 16 21 21 24 34 24 32 32 31 25 15 42 13 18 19 22 24 26 26 13 34 29 21 26 41 18 21 30 30 46 27 20 39 12 
19 17 20 14 21 22 24 31 27 40 29 11 18 30 21 25 18 20 37 25 38 17 39 30 18 34 19 31 22 17 25 34 17 19 25 20 21 32 30 30 34 32 14 34 22 
24 18 25 23 26 23 22 34 30 22 23 15 8 23 15 18 26 21 32 33 23 14 44 24 22 22 20 17 25 23 7 34 25 15 27 28 17 20 38 25 25 34 23 19 10 
10 17 20 17 28 19 24 38 22 18 26 17 9 26 18 23 27 24 34 30 22 16 18 25 17 24 11 29 30 27 21 19 25 17 15 20 25 12 20 29 22 35 33 25 11 
23 19 22 29 32 38 27 32 31 21 26 12 22 18 22 31 24 46 40 23 15 20 34 26 16 14 11 19 38 22 21 17 25 12 29 27 27 23 19 30 41 24 28 14 27 
16 17 8 27 22 21 18 19 37 11 17 16 16 27 13 27 26 31 26 3 24 18 40 20 8 26 17 29 29 32 18 35 35 23 23 35 23 19 37 33 35 22 31 19 11 
27 18 24 19 45 34 17 25 31 19 22 17 17 21 23 31 26 30 32 23 22 14 16 25 8 20 15 15 39 25 23 44 28 9 28 24 25 28 35 27 37 34 19 25 20 
29 9 21 19 42 19 19 25 37 24 21 12 22 27 20 23 32 11 25 18 26 14 33 25 12 18 17 23 28 31 22 17 36 20 26 32 11 18 34 48 39 45 30 32 27 
25 18 30 16 30 26 25 18 23 25 21 18 25 19 23 24 27 21 31 38 12 19 21 19 25 19 19 34 20 27 28 35 24 17 31 32 20 15 39 46 14 22 21 18 17 
15 15 30 24 34 29 30 20 26 31 24 12 2 16 26 42 25 27 24 12 23 25 27 13 19 26 10 17 31 45 13 35 18 12 16 4 27 13 21 30 35 18 22 26 18 
24 21 17 27 24 19 29 24 26 17 27 18 10 31 14 21 22 21 27 30 28 16 26 26 11 26 32 17 27 36 19 36 31 20 21 26 24 31 29 26 36 16 24 35 24 
21 13 16 21 20 28 34 27 34 13 15 15 20 26 21 23 25 20 26 33 20 16 18 27 16 18 14 16 31 23 18 36 10 14 27 33 25 23 39 20 23 18 25 22 20 
28 16 18 22 31 34 9 23 20 28 25 22 17 14 32 31 18 24 21 30 22 11 35 11 15 28 18 41 25 32 12 33 23 23 18 18 20 17 30 25 29 41 10 29 18 
19 14 25 28 20 22 24 25 31 17 30 15 26 12 11 24 21 13 33 31 38 18 32 22 27 24 10 28 38 22 14 30 17 18 32 20 26 25 18 43 10 37 21 15 19 
19 11 21 20 40 25 22 23 34 24 24 19 14 27 12 25 25 31 24 38 11 20 15 20 20 15 20 28 19 23 24 22 30 21 22 12 24 31 21 33 37 16 28 38 15 
29 15 9 28 21 39 24 21 38 27 16 12 22 28 16 21 10 24 18 31 28 16 29 19 18 16 19 29 33 26 16 11 32 16 27 26 31 29 32 38 32 34 24 41 28 
19 15 27 16 27 28 20 36 21 12 37 16 28 16 19 17 18 14 27 36 15 19 24 21 23 9 17 20 35 28 16 21 25 17 12 31 15 28 31 26 24 19 13 27 9 
34 15 17 24 24 24 24 31 31 26 35 17 16 20 11 22 22 29 16 31 25 7 24 28 15 15 19 29 31 27 16 16 25 24 20 25 13 22 32 27 37 18 36 33 26 
19 22 31 29 32 27 27 35 38 19 28 19 15 20 29 39 21 38 33 26 22 21 45 13 14 30 22 30 50 34 28 38 32 23 12 28 18 18 19 15 24 32 23 27 8 
18 15 23 27 34 15 30 27 30 23 11 9 34 32 20 25 37 16 30 30 21 15 26 29 25 26 23 32 44 17 20 20 20 18 30 16 20 19 35 25 26 32 21 23 23 
32 15 16 29 28 22 24 25 39 20 31 23 26 16 31 27 16 27 25 28 30 9 28 21 13 22 20 16 26 24 31 22 14 11 17 17 11 17 31 42 25 19 17 25 17 
17 21 5 28 26 28 20 28 27 25 25 16 18 16 11 37 23 37 31 37 31 18 41 23 14 29 14 28 23 11 24 25 36 12 21 24 17 20 21 13 37 47 24 32 23 
13 17 24 16 26 29 15 39 27 30 23 15 15 16 19 9 27 23 32 38 21 22 29 20 25 28 18 35 21 25 25 21 18 21 23 27 20 27 38 36 36 38 21 28 26 
28 15 21 13 30 24 15 28 3 17 23 17 26 20 22 25 21 35 28 38 20 17 22 20 18 26 25 21 19 30 15 24 21 16 26 22 30 39 25 15 11 26 17 21 28 
25 20 21 23 14 38 25 34 31 23 35 15 23 17 26 14 21 34 32 27 23 17 40 33 6 35 10 25 16 17 24 28 18 20 27 28 12 25 32 25 36 29 21 43 14 
13 10 26 25 26 20 23 24 29 17 29 16 17 17 31 27 21 33 25 6 27 18 33 19 23 20 10 34 23 26 23 25 30 19 24 23 24 33 30 22 24 48 11 41 14 
26 10 24 21 15 33 30 32 25 18 32 10 17 21 21 32 28 35 23 36 21 11 20 20 6 26 20 23 24 23 22 24 14 18 25 24 20 16 40 31 45 21 17 12 21 
22 9 31 15 21 29 31 17 21 24 23 14 18 28 23 25 16 29 18 12 22 10 35 13 9 15 12 25 17 17 19 14 17 19 30 9 21 30 34 29 21 22 14 37 21 
21 23 23 8 26 27 29 23 29 20 26 10 16 18 15 16 14 22 36 20 24 21 31 11 17 19 20 29 26 15 26 30 21 20 15 16 19 20 31 33 39 46 21 27 16 
19 13 19 16 24 19 22 41 33 27 12 11 15 27 25 36 19 26 26 24 27 22 37 15 22 18 16 18 40 12 18 17 22 15 34 22 25 19 21 25 30 41 24 13 27 
17 19 13 20 35 25 18 24 25 25 24 13 32 22 26 27 29 14 23 27 29 22 28 22 24 21 14 24 22 27 27 18 40 14 20 38 17 22 15 26 29 35 15 27 16 
20 20 32 27 20 22 32 28 29 23 22 15 16 24 17 25 24 33 41 19 17 20 35 21 19 13 31 24 27 27 21 26 22 13 24 22 18 31 22 24 38 31 18 27 17 
11 18 32 24 36 40 32 29 21 8 25 9 28 18 25 31 27 16 32 29 6 17 26 17 11 14 10 19 40 30 35 39 25 26 29 23 23 19 14 50 15 25 22 39 8 
9 10 25 17 32 26 30 24 28 23 37 18 28 17 23 25 27 41 46 32 21 12 32 26 14 18 23 36 30 25 10 25 28 13 26 24 26 24 11 21 50 32 27 31 23 
29 12 29 18 32 23 28 27 36 20 23 17 28 25 18 35 17 14 19 27 22 8 31 23 16 33 19 21 26 33 21 20 21 21 24 27 14 26 26 10 30 35 19 23 14 
18 11 20 17 31 25 16 38 16 16 11 14 20 14 20 27 23 19 35 19 24 18 41 25 24 34 19 25 22 37 24 16 28 14 10 20 21 30 29 31 30 30 16 24 21 
11 13 19 26 30 31 21 36 33 18 24 16 19 24 30 27 18 19 27 27 21 27 32 35 21 26 12 20 23 25 20 29 12 11 30 34 16 32 29 35 19 37 13 31 19 
18 13 19 29 30 17 29 35 32 19 28 11 22 19 19 37 28 24 17 34 22 16 47 17 13 29 18 29 26 32 12 31 31 19 22 27 22 22 27 31 33 37 19 33 9 
26 16 23 19 26 16 16 38 10 31 19 11 26 26 17 36 20 44 25 19 26 18 35 19 20 33 8 30 29 36 30 26 18 9 25 30 24 32 23 40 32 30 18 22 20 
10 12 18 10 21 33 15 41 18 20 17 13 24 23 17 19 12 29 25 26 14 21 28 25 21 27 27 32 32 31 16 22 24 25 31 27 27 25 30 11 27 37 27 23 22 
28 20 16 26 15 32 29 37 32 29 17 16 22 35 19 22 35 37 25 15 20 19 29 23 15 19 13 31 33 19 25 19 31 17 21 19 22 31 19 33 15 43 19 27 16 
22 13 28 11 36 36 25 34 22 33 22 16 23 33 21 36 15 26 38 19 21 17 43 25 16 27 20 39 28 35 30 10 29 25 34 29 30 35 24 24 24 36 12 29 13 
16 19 44 17 39 28 23 35 18 23 26 7 15 28 24 25 18 38 26 18 24 14 35 29 23 23 9 13 43 14 14 35 6 18 20 36 15 30 25 26 41 39 23 35 7 
16 19 26 25 26 22 34 24 31 32 23 17 23 37 16 20 25 37 48 30 18 20 25 11 21 22 21 26 29 24 22 27 28 15 27 21 26 21 40 19 18 17 27 27 14 
19 22 31 19 20 25 38 30 30 19 28 10 17 17 21 24 15 38 27 25 22 12 30 37 11 21 25 28 26 26 23 27 15 17 30 17 11 32 33 33 36 18 12 46 22 
28 15 19 17 20 27 19 52 41 20 28 15 19 20 37 25 22 27 39 14 23 24 35 10 14 21 23 29 33 29 11 22 10 21 20 20 20 30 26 25 22 22 35 36 18 
26 11 19 27 27 22 23 21 22 29 32 18 20 32 18 13 17 39 37 31 13 18 32 26 24 16 18 31 27 31 18 25 18 13 19 22 20 33 24 51 40 48 22 27 11 
31 15 27 20 32 14 28 26 30 28 26 18 16 16 18 24 15 28 40 11 27 26 36 21 19 25 15 21 20 29 21 27 15 23 26 9 18 31 24 37 32 35 10 19 21 
22 16 24 33 27 16 18 20 12 28 20 11 22 27 19 25 19 9 22 26 19 15 36 19 13 27 20 21 32 15 20 31 28 21 24 26 14 20 31 13 16 40 13 33 23 
40 28 25 20 22 19 28 20 34 19 19 13 28 27 16 38 23 32 17 29 23 19 30 11 13 32 18 28 19 27 27 24 29 21 21 30 8 16 41 28 37 37 26 17 20 
22 15 28 18 36 21 27 24 28 28 17 20 27 28 19 27 39 19 27 16 22 11 18 21 14 23 16 19 15 11 24 20 36 11 20 12 23 29 27 35 32 34 14 18 9 
5 17 29 24 17 27 25 22 34 21 20 16 10 29 37 39 21 22 23 20 20 22 37 22 15 12 19 22 13 33 24 24 26 12 22 26 18 27 38 27 39 38 25 29 23 
26 14 18 21 21 32 14 43 25 19 27 9 23 24 8 22 18 26 34 27 36 23 33 36 11 29 22 25 32 29 23 24 32 7 19 14 14 24 19 26 18 28 34 14 14 
18 15 29 34 24 19 27 20 37 26 28 16 26 17 28 31 8 22 31 34 24 23 19 21 14 14 17 32 34 26 18 15 22 10 27 16 33 31 32 31 29 32 17 18 24 
11 10 24 29 21 12 29 31 12 21 23 10 17 27 29 20 8 31 35 33 19 11 33 24 23 16 14 22 47 20 25 20 15 18 9 32 27 34 29 23 39 28 22 33 28 
18 7 26 27 11 27 18 36 23 16 21 11 23 28 28 27 25 22 28 19 31 24 13 29 16 10 16 13 35 18 15 28 31 18 32 25 19 21 36 31 29 24 19 45 9 
27 19 21 17 24 25 19 34 10 15 32 20 20 20 20 18 27 45 24 31 23 19 22 29 25 25 21 26 20 21 21 23 23 24 15 17 17 29 16 20 24 28 9 33 21 
29 11 22 23 24 19 34 36 33 22 31 13 22 23 21 14 20 36 22 21 17 17 25 26 15 24 16 36 24 19 18 30 20 17 21 22 22 31 31 28 46 14 28 20 22 
32 13 28 25 35 39 26 32 15 14 22 18 27 25 27 22 26 24 43 37 18 19 24 28 20 24 17 27 24 22 13 26 11 12 29 18 27 25 30 30 36 38 37 15 28 
31 17 28 18 31 37 22 17 41 19 29 9 15 28 28 29 25 28 34 29 26 18 41 26 16 26 21 34 29 35 24 24 21 14 30 23 23 27 36 34 35 31 29 30 23 
21 13 38 25 32 26 15 34 32 22 30 20 14 9 24 27 21 28 34 29 13 21 19 24 24 17 18 29 19 23 25 16 28 14 31 35 27 25 11 27 22 44 16 25 24 
12 15 22 25 26 28 21 31 40 12 16 15 22 28 25 25 27 34 33 16 11 21 28 36 27 19 20 36 31 28 19 34 17 14 27 7 24 16 26 32 27 48 13 30 18 
33 14 24 21 24 18 24 18 28 30 16 8 18 19 24 24 25 35 26 21 20 6 41 24 24 30 19 41 33 44 18 32 23 21 18 35 11 8 17 11 31 35 24 36 14 
26 19 21 26 21 32 25 24 29 24 15 19 22 27 21 37 21 22 27 35 16 16 34 17 7 18 23 17 36 30 18 35 22 15 19 23 12 25 39 35 33 32 20 19 26 
25 15 16 31 20 21 25 28 20 16 19 19 10 27 17 20 27 11 19 24 25 14 9 27 21 27 16 18 23 27 26 9 22 22 21 8 13 27 46 33 31 25 20 38 30 
15 15 21 19 30 22 15 24 26 19 19 18 29 31 15 16 20 18 25 20 35 13 41 22 16 36 19 24 42 26 26 30 24 21 26 25 19 37 25 38 27 48 27 30 20 
24 13 32 27 26 7 27 34 32 24 25 15 24 22 9 27 28 41 25 29 26 13 25 31 20 25 19 30 21 17 17 24 22 14 31 22 20 21 41 33 28 42 21 32 17 
19 5 21 20 26 29 20 25 34 19 25 17 14 34 26 31 26 25 26 34 20 16 29 29 17 21 19 25 34 21 16 27 15 19 23 27 24 25 36 34 18 33 22 39 23 
23 7 25 21 44 16 24 40 27 29 20 14 12 24 21 19 22 29 23 19 24 12 37 18 8 25 22 16 21 33 9 29 21 17 30 33 26 36 32 35 26 37 16 13 24 
28 13 19 25 30 14 29 27 22 6 17 14 18 30 22 34 23 27 38 37 22 22 35 32 23 33 23 22 38 31 22 32 16 15 19 19 7 28 28 31 24 46 22 23 21 
26 14 17 21 32 24 21 37 16 21 24 18 20 34 14 27 21 23 33 23 17 17 31 15 19 21 21 20 17 19 29 23 24 11 23 12 4 20 22 27 38 37 26 33 15 
20 20 11 34 24 26 27 11 24 27 32 24 23 33 18 10 29 27 41 33 13 11 31 27 7 26 28 22 35 29 10 17 26 15 20 17 26 25 30 38 45 27 16 26 20 
15 18 7 19 26 30 21 26 30 21 24 10 17 22 23 24 23 26 17 19 27 19 18 31 9 23 16 35 37 18 9 18 31 15 23 33 18 19 38 21 27 20 20 32 22 
27 16 29 23 31 23 16 28 26 30 29 10 16 15 15 27 20 32 47 29 14 17 33 17 21 18 19 26 17 27 25 22 19 20 13 19 12 27 19 29 19 42 13 30 17 
22 13 19 19 30 22 18 14 40 20 16 15 20 31 25 29 19 28 37 18 23 7 15 17 26 26 15 21 38 37 26 13 32 24 17 11 28 34 33 37 29 13 18 36 15 
22 11 5 26 27 34 26 18 35 15 19 8 18 28 26 40 18 23 25 33 24 13 14 18 12 22 16 18 22 22 17 32 30 22 13 24 19 20 22 30 23 42 18 9 16 
28 15 24 12 30 19 30 23 28 21 16 15 11 25 14 17 17 27 17 20 23 14 34 23 23 22 13 28 40 34 21 15 23 21 24 28 25 28 22 39 28 31 27 22 18 
22 22 13 6 33 18 26 34 33 24 21 12 18 20 20 32 32 11 32 35 23 23 15 25 14 18 17 32 19 25 27 29 19 13 25 23 16 24 9 35 31 36 5 12 29 
31 17 19 25 24 29 34 14 28 20 26 13 8 32 22 25 15 25 24 34 34 10 22 25 23 23 22 20 23 28 25 14 29 19 36 34 19 25 22 36 32 9 18 14 20 
28 15 21 16 36 32 36 22 16 20 24 14 18 30 24 36 24 26 22 34 30 13 22 26 23 18 18 17 32 16 27 29 24 17 23 29 12 23 35 40 28 21 32 36 18 
16 17 29 14 30 26 26 27 9 16 31 11 14 20 16 32 32 24 30 36 24 10 37 19 10 19 22 25 31 31 9 17 21 17 23 18 26 31 29 31 46 28 16 36 15 
26 10 24 21 25 28 24 21 24 15 19 15 16 16 13 19 31 35 36 29 19 8 33 21 15 20 21 25 42 27 17 35 27 14 35 30 18 36 25 19 29 37 31 10 18 
26 14 21 8 17 22 18 20 20 14 29 15 11 32 18 25 16 27 25 16 18 19 31 19 12 19 17 26 25 24 15 31 37 16 12 31 17 40 11 20 14 25 20 27 26 
38 15 26 27 39 27 29 24 22 22 17 17 13 26 13 15 22 34 34 36 24 28 13 18 20 20 20 23 26 38 23 26 27 21 16 20 12 29 6 40 27 51 24 18 20 
25 18 12 26 37 26 29 17 33 14 23 9 26 33 5 16 16 30 21 28 30 21 39 19 22 32 15 32 45 41 25 24 28 13 19 19 28 35 31 31 44 22 19 21 12 
22 18 15 21 21 14 27 7 19 24 20 19 19 20 20 12 26 40 35 30 25 19 24 13 16 22 22 39 23 38 18 25 31 24 27 19 26 22 19 45 33 29 23 11 22 
25 6 25 31 22 16 31 29 20 21 28 12 12 25 24 32 17 31 38 35 21 14 30 22 20 23 11 25 18 21 26 29 35 27 23 27 19 28 35 22 31 42 20 29 16 
24 10 28 20 21 26 33 25 19 33 19 17 14 19 30 41 27 26 24 26 23 13 27 31 24 27 17 21 15 27 15 24 28 30 29 19 26 23 32 33 21 18 19 22 26 
17 14 23 20 30 27 14 32 29 7 27 10 14 18 21 27 27 24 26 31 17 19 29 26 22 27 20 26 29 32 11 19 13 13 27 25 28 17 29 21 46 45 19 22 12 
34 10 28 26 14 17 23 29 26 19 9 12 5 27 18 30 24 35 24 21 19 16 29 25 15 19 32 32 39 12 17 32 27 3 16 26 16 12 20 20 28 37 13 33 31 
15 19 23 24 25 14 11 27 16 29 23 16 19 23 16 30 36 33 15 25 28 9 32 25 13 30 10 29 28 25 24 32 25 20 21 24 22 21 24 33 30 20 27 18 10 
19 12 34 18 18 17 34 25 4 16 18 15 15 11 9 34 23 31 25 26 18 8 11 29 21 25 13 24 35 34 17 25 27 20 30 29 25 32 13 32 47 25 14 23 14 
17 9 35 26 25 34 14 43 20 35 22 13 23 26 22 26 17 31 29 31 12 14 29 26 21 11 18 38 20 15 23 33 30 19 29 22 15 22 21 17 22 23 25 20 22 
21 12 26 19 30 12 13 15 26 29 26 12 17 20 15 26 17 38 29 24 21 9 32 25 27 16 27 16 31 22 13 20 9 14 24 17 25 13 25 44 29 23 20 31 12 
23 15 32 30 24 29 42 32 39 15 25 18 17 25 22 22 16 31 36 23 26 24 28 12 15 15 18 14 24 15 25 40 26 8 30 12 27 30 29 28 39 19 28 26 17 
28 16 27 9 15 23 14 19 29 29 22 15 16 28 25 23 24 31 36 34 27 19 40 26 8 14 20 26 26 26 26 23 26 21 32 19 21 24 11 34 35 28 17 25 22 
33 21 26 3 33 25 30 24 36 12 30 18 16 18 23 23 21 28 21 21 33 21 16 15 22 33 25 19 20 22 17 33 27 21 28 24 16 29 31 42 23 12 26 19 17 
27 18 24 15 35 28 23 35 30 7 26 20 22 34 17 35 12 13 31 26 22 19 20 22 14 22 27 26 20 16 8 17 24 18 37 18 29 27 33 46 22 64 30 16 12 
11 12 22 25 19 36 20 21 29 26 25 13 25 20 22 14 19 17 31 38 20 20 28 28 23 21 16 22 32 29 19 28 33 23 15 35 24 27 19 19 42 48 24 30 26 
32 12 28 15 27 28 22 32 25 22 27 11 20 12 22 41 13 21 22 14 28 17 25 23 15 27 27 19 31 19 18 14 22 25 20 33 25 28 24 33 38 32 14 39 15 
23 14 18 8 27 27 25 25 25 25 34 22 20 17 20 17 13 34 14 28 19 14 20 29 11 29 15 23 37 31 11 31 16 13 25 29 23 22 32 18 24 22 23 31 17 
17 20 12 19 39 32 27 42 21 23 32 12 22 30 35 25 20 29 40 30 26 24 31 29 15 31 22 26 28 12 27 38 24 13 14 10 22 26 30 38 33 13 18 37 20 
26 14 15 22 30 22 31 21 25 26 20 5 16 29 25 27 23 21 21 21 23 6 38 25 14 22 18 26 17 22 32 22 26 22 33 28 26 33 26 27 31 33 15 18 23 
21 18 27 29 30 26 18 28 41 20 32 16 24 21 20 23 30 20 15 32 26 19 20 28 12 25 16 32 16 27 23 15 36 27 20 16 10 24 24 35 26 36 32 14 5 
24 18 19 20 15 19 25 24 31 23 17 18 22 25 30 26 24 34 25 35 21 17 21 21 17 23 12 42 34 35 17 25 17 20 11 30 15 36 41 25 18 42 18 23 28 
24 14 27 30 33 16 19 33 20 22 16 15 24 27 30 27 27 32 38 18 23 21 28 22 20 25 21 27 33 27 19 31 34 10 19 27 20 28 27 40 24 23 27 22 20 
26 14 22 32 32 29 24 34 32 27 30 13 25 23 19 20 28 28 27 28 20 11 29 32 21 21 21 31 31 40 31 41 28 12 28 31 26 31 24 23 24 31 15 29 18 
12 22 26 15 28 25 25 46 21 26 29 15 12 14 19 27 15 15 19 35 20 11 29 13 21 29 18 42 33 14 20 25 14 18 25 31 19 31 31 15 44 28 14 35 17 
33 21 30 29 15 24 24 36 38 28 30 21 25 34 22 37 14 32 35 24 25 20 26 13 17 31 27 19 37 34 13 21 18 11 28 20 11 23 45 30 28 38 22 28 12 
22 16 26 28 26 26 15 43 42 21 18 12 25 27 23 22 22 48 34 22 14 10 26 19 19 23 5 25 49 15 23 18 25 17 20 29 9 21 27 22 25 16 22 18 13 
25 17 23 22 18 19 28 20 19 14 13 16 19 17 21 26 29 29 37 24 18 11 50 13 21 25 24 36 23 27 31 13 18 16 28 19 19 35 22 21 28 29 26 17 24 
33 19 36 16 30 37 33 32 19 19 26 14 13 31 14 23 24 17 32 22 29 8 34 14 18 23 21 15 26 26 13 31 20 22 29 28 10 21 19 39 18 13 19 20 22 
23 11 29 21 11 39 22 29 23 10 24 10 21 24 22 26 29 23 27 43 16 20 30 12 16 26 21 18 37 15 25 26 9 16 23 13 25 21 31 21 24 54 28 30 12 
25 20 26 16 23 19 20 19 21 23 29 16 26 31 16 35 32 25 43 30 19 10 16 23 22 14 17 27 37 20 21 32 29 16 31 27 20 49 33 40 38 44 14 34 20 
19 16 36 17 27 14 15 22 26 25 17 18 20 29 21 23 26 23 41 38 16 25 32 22 16 27 12 26 30 22 15 30 15 15 15 18 16 38 26 42 34 13 16 24 19 
21 10 27 25 21 15 23 33 23 13 11 11 8 16 20 24 29 41 32 32 23 15 35 23 14 20 24 40 32 16 22 22 23 16 29 33 21 34 28 28 42 17 22 36 16 
15 7 28 30 26 13 33 29 20 19 28 23 22 27 22 26 20 22 19 29 31 26 23 30 11 16 14 36 34 22 21 27 19 20 19 16 24 35 15 25 25 39 24 19 23 
29 17 29 22 18 20 9 31 33 27 17 19 16 14 28 35 22 43 20 31 18 17 36 23 14 22 21 32 20 25 9 30 23 25 31 32 23 29 12 30 33 44 24 28 18 
28 19 18 33 38 27 20 20 23 18 29 14 23 35 33 23 25 26 31 31 19 19 16 28 30 21 23 29 33 20 22 23 27 18 26 21 27 29 34 31 39 34 24 32 21 
25 22 26 31 29 28 23 26 20 31 32 14 17 19 16 19 18 32 35 26 26 27 29 22 5 20 29 33 16 17 12 28 19 11 25 35 21 38 43 30 49 20 25 22 18 
23 19 25 20 21 33 21 19 28 20 17 17 14 24 26 27 23 33 31 21 24 16 12 25 11 23 26 25 42 37 13 26 30 28 27 16 23 32 28 24 36 20 18 29 19 
21 15 24 33 27 29 22 24 28 33 21 21 16 19 19 28 15 32 17 15 23 16 28 26 12 18 30 30 22 26 17 27 41 16 17 13 24 15 29 28 40 21 27 35 10 
29 20 34 23 21 34 22 14 29 32 23 17 16 28 26 23 16 31 27 25 9 15 45 23 17 27 24 31 32 22 8 23 24 9 19 20 23 30 33 48 44 29 12 20 22 
25 17 18 21 21 40 33 40 37 29 19 13 23 12 17 28 22 38 23 23 25 14 9 23 10 24 25 24 26 28 23 34 30 13 25 19 23 20 41 44 41 42 18 26 16 
13 21 26 20 20 39 28 29 13 19 18 17 18 29 23 22 22 47 28 29 22 22 39 16 18 21 24 18 24 23 19 14 32 23 28 36 19 22 45 32 41 14 22 17 15 
32 22 23 21 27 19 26 35 21 23 23 12 23 27 25 31 18 29 27 26 31 14 37 26 21 14 20 26 29 25 15 29 24 20 27 32 23 19 25 35 32 29 22 34 16 
20 19 20 14 14 29 31 31 28 22 29 12 24 24 16 16 31 28 29 40 24 14 37 19 12 24 22 26 28 31 19 33 30 19 26 26 16 27 35 29 25 37 16 29 17 
25 11 30 26 32 31 22 24 23 27 25 21 24 21 27 27 21 29 33 29 21 20 21 30 21 18 22 13 25 27 15 28 31 19 9 25 21 19 32 46 17 42 14 25 20 
23 13 28 28 23 14 22 18 29 21 19 21 21 25 20 28 26 28 19 29 23 19 33 24 22 22 13 25 32 35 19 23 19 18 18 19 16 26 18 26 38 48 17 18 22 
21 11 23 29 26 24 14 38 27 21 12 23 29 24 15 21 18 21 36 32 22 9 17 26 16 31 14 23 31 25 24 32 15 15 22 27 25 36 34 26 36 13 12 41 12 
35 18 15 25 29 32 27 30 35 39 17 23 27 32 15 13 17 29 35 14 24 15 35 17 24 17 25 28 18 21 21 25 23 14 31 22 16 19 27 34 46 35 22 21 20 
21 11 15 14 33 18 22 33 17 23 32 16 19 23 14 19 30 33 25 24 17 22 35 35 12 21 16 34 29 32 30 26 21 11 26 30 18 15 26 38 40 26 20 42 16 
25 17 21 24 26 28 30 32 20 24 28 15 11 28 21 21 24 27 30 20 28 15 26 24 17 27 19 15 18 27 23 30 27 17 31 33 23 33 11 42 23 30 24 24 17 
17 12 13 25 32 29 29 15 32 15 28 13 14 16 28 16 11 38 34 29 17 22 46 18 17 18 20 26 9 33 21 11 35 15 16 15 25 30 19 34 25 37 17 21 22 
19 17 33 21 32 30 25 25 30 18 20 14 15 33 28 14 20 26 28 27 23 17 25 28 20 20 22 29 30 31 26 22 19 9 18 26 21 28 40 29 20 23 16 22 6 
19 9 20 29 18 15 27 22 32 2 19 19 29 23 31 31 30 41 36 43 19 13 37 29 13 20 20 35 27 33 5 27 26 11 29 31 24 21 33 19 47 46 18 33 17 
5 12 18 37 21 13 37 35 7 23 15 16 18 33 18 39 22 17 20 33 25 22 39 18 22 29 18 14 38 18 18 37 20 17 20 22 24 19 24 22 28 24 28 21 13 
22 12 29 26 34 39 22 28 38 28 16 13 22 29 32 34 25 33 41 38 15 21 22 15 6 17 19 20 39 28 20 32 22 15 32 14 28 17 30 17 30 24 23 36 19 
22 10 32 30 37 22 25 18 26 19 16 14 18 24 18 28 14 36 25 28 24 31 7 29 11 26 10 11 28 33 18 35 28 11 31 24 23 22 31 49 25 38 22 10 20 
26 17 16 23 11 35 26 35 47 20 20 16 14 28 27 26 24 9 31 34 23 22 24 27 18 22 11 28 28 21 20 24 23 17 31 16 14 36 27 32 30 12 20 24 20 
21 15 23 14 16 24 14 28 33 18 21 18 28 11 13 18 46 24 33 47 25 5 40 23 15 11 24 14 30 17 27 21 24 22 28 19 16 27 35 43 30 34 32 25 21 
20 16 17 15 24 14 25 27 21 28 18 14 13 23 27 26 22 32 24 38 18 18 29 26 19 21 25 30 19 24 16 28 29 16 30 21 18 22 36 19 21 39 16 24 16 
30 15 26 26 28 22 29 24 23 15 25 14 19 16 21 18 20 40 30 31 26 12 26 17 6 30 18 20 42 22 21 39 30 23 23 25 35 17 16 37 21 20 19 22 24 
17 10 28 22 31 14 23 28 31 22 19 18 23 18 25 37 25 20 36 31 28 15 24 26 16 19 23 27 26 18 21 20 30 9 29 21 16 17 17 28 34 23 20 33 15 
11 7 16 32 28 29 37 20 35 25 28 19 30 13 24 20 24 27 29 25 13 16 27 34 20 19 12 22 33 15 15 26 31 10 21 23 28 37 7 29 22 41 19 31 16 
16 14 28 11 50 16 32 22 26 35 25 19 21 29 25 29 23 25 55 30 15 15 36 25 19 23 21 26 30 28 29 24 32 22 25 25 3 24 17 4 17 34 17 29 21 
21 20 34 4 24 33 44 29 31 11 14 19 17 10 25 24 17 33 32 16 36 9 37 19 26 22 23 25 29 14 20 14 19 23 21 28 36 22 30 12 20 27 15 39 26 
10 15 21 21 23 27 18 16 30 28 24 11 21 15 17 28 20 15 34 16 20 25 33 22 15 24 24 24 17 15 34 22 24 13 17 25 22 31 37 20 30 44 18 28 15 
25 17 24 27 10 24 31 15 36 25 27 23 22 20 19 21 25 38 42 24 19 19 46 22 14 35 13 30 19 24 27 26 31 12 14 26 23 19 32 36 35 31 10 37 15 
34 15 31 19 22 28 23 26 36 18 11 15 27 26 15 31 30 21 28 12 15 9 33 15 12 22 18 35 15 34 16 35 21 17 30 28 18 23 27 18 32 24 21 24 9 
20 18 31 24 31 27 9 36 19 17 21 12 14 17 20 10 24 34 30 21 18 12 29 20 13 19 20 31 28 33 20 25 28 17 16 31 19 29 25 16 25 30 16 33 16 
18 8 12 22 19 15 19 36 20 22 14 16 25 27 21 29 15 36 23 29 20 13 15 25 19 26 25 18 36 27 17 27 21 13 26 35 26 26 23 23 37 23 29 31 19 
24 13 21 21 17 26 34 18 16 21 22 12 27 24 18 28 25 28 27 33 11 17 20 25 13 24 30 23 30 12 26 27 34 15 34 15 21 21 19 20 19 44 6 33 22 
17 17 12 17 23 25 5 39 25 18 24 23 23 18 15 12 23 29 39 19 27 14 24 18 15 28 22 23 5 32 24 28 34 18 20 19 25 30 21 28 45 28 19 25 19 
17 17 24 13 14 19 28 27 23 23 19 17 17 26 15 19 32 16 38 28 19 13 28 27 3 25 18 20 47 12 20 31 22 16 24 29 11 34 37 32 39 17 23 41 20 
29 17 6 8 21 27 15 10 39 28 31 14 24 25 30 28 21 26 21 22 8 10 22 17 18 18 13 28 34 24 15 22 34 27 28 18 21 23 28 22 32 23 29 38 22 
21 9 32 27 14 23 23 23 35 21 36 20 21 11 26 21 31 26 27 21 33 26 18 26 18 18 23 8 22 19 20 19 20 14 11 27 26 21 41 33 19 37 15 6 13 
17 16 33 28 33 25 19 26 17 28 24 21 22 23 15 31 26 28 19 19 23 19 35 32 10 16 22 25 25 25 16 28 25 10 35 20 15 25 21 28 34 33 17 25 19 
21 18 40 24 32 26 22 35 13 23 24 11 17 24 30 24 25 35 17 26 18 16 47 25 9 22 21 26 38 16 23 24 23 21 18 21 20 26 35 27 31 31 12 23 31 
29 7 27 26 32 30 41 24 29 21 18 14 20 19 23 23 17 26 18 32 30 19 24 16 12 26 20 41 28 24 20 21 18 10 14 24 13 27 23 41 26 32 25 24 24 
21 6 17 27 35 20 30 13 18 23 25 10 15 17 12 38 17 12 28 37 16 28 28 35 22 22 14 28 27 24 16 17 25 13 13 31 10 26 27 39 21 24 10 25 14 
32 13 9 20 21 26 23 29 34 30 29 10 22 33 21 22 34 33 31 30 27 18 6 16 13 24 25 25 37 28 20 16 26 15 22 28 23 17 28 36 29 37 29 26 29 
27 17 24 28 23 23 31 29 32 22 16 18 30 34 19 31 20 14 24 34 25 19 28 13 23 22 16 28 34 35 22 26 19 12 30 20 12 13 22 11 15 45 19 32 15 
32 14 28 22 28 31 22 37 35 22 27 12 24 18 17 27 28 22 31 39 27 20 47 26 17 23 15 32 26 30 24 21 18 18 18 24 29 20 22 31 52 31 24 35 19 
28 15 25 31 34 35 21 36 6 18 29 18 32 24 18 33 19 32 20 24 27 23 42 26 16 23 14 31 25 33 20 20 23 22 10 18 12 35 35 30 21 34 19 38 19 
20 15 31 27 30 18 11 21 30 18 32 10 23 26 20 23 23 33 34 35 20 20 28 18 8 36 29 35 35 28 10 45 7 15 25 34 21 20 43 37 31 27 23 22 20 
25 18 16 22 44 25 26 43 31 28 30 20 22 25 28 21 22 27 23 25 29 17 31 27 19 20 32 27 27 18 18 15 17 19 16 36 23 15 31 31 34 14 11 11 21 
21 16 24 20 28 25 12 43 18 22 32 18 19 16 18 40 12 13 27 30 26 19 33 20 11 27 17 23 29 32 15 27 26 16 15 30 18 29 43 30 47 22 18 23 25 
23 14 25 14 43 30 21 18 23 17 26 12 32 27 13 21 16 30 34 17 21 14 23 22 19 20 23 30 24 39 25 27 28 17 18 25 18 30 50 40 30 24 14 30 24 
15 15 24 27 32 27 30 27 32 29 8 22 17 23 28 35 22 40 31 22 19 16 33 20 19 29 32 41 22 25 19 28 19 24 21 20 20 38 39 29 36 34 13 34 14 
13 15 22 26 23 28 27 16 22 23 25 12 19 16 25 34 17 33 26 32 21 22 34 21 20 15 12 25 42 27 26 19 15 11 30 21 28 26 38 42 20 32 15 28 23 
20 12 21 17 36 22 21 15 24 22 19 13 26 30 22 33 24 33 25 40 16 21 31 6 22 25 20 15 34 14 22 25 24 23 22 27 20 32 21 23 42 36 28 25 15 
7 13 14 25 30 37 18 29 18 9 16 18 12 26 34 36 24 23 44 28 19 16 35 22 13 27 25 11 18 18 26 23 23 13 15 28 22 18 32 42 32 37 14 33 20 
16 15 15 28 31 35 18 15 34 18 20 14 24 24 27 13 13 32 45 36 12 14 35 22 14 15 15 23 20 36 25 30 11 15 33 26 26 25 23 16 38 40 28 19 16 
16 16 23 11 21 21 36 33 31 31 23 20 29 11 13 33 27 20 31 22 24 25 13 22 21 21 24 12 24 42 31 31 31 27 24 20 27 30 34 44 22 27 18 12 17 
12 15 29 20 27 23 22 19 32 24 34 18 19 36 19 27 24 22 28 32 15 14 44 23 15 30 20 38 35 25 16 38 13 17 20 18 28 36 24 29 46 28 23 27 12 
17 16 17 20 35 24 24 20 22 22 22 11 26 25 23 27 17 14 16 21 24 13 26 21 19 19 14 36 40 28 17 27 24 18 26 20 21 26 45 41 21 34 22 11 23 
22 15 23 16 29 24 33 48 26 17 21 16 22 26 17 38 21 31 30 27 13 18 10 26 12 30 17 29 28 19 17 29 30 17 35 27 29 21 30 37 35 16 19 17 19 
10 15 19 25 37 26 27 25 22 23 28 15 19 28 15 26 32 13 27 24 17 14 30 33 14 37 21 27 42 32 14 21 39 10 22 23 12 23 27 31 42 30 22 38 27 
18 16 21 18 26 31 23 27 21 21 16 11 15 15 19 31 25 31 20 31 19 18 44 39 25 17 17 35 37 27 18 36 37 12 34 29 21 19 43 45 32 42 18 27 21 
11 16 22 18 39 22 39 14 35 22 38 15 10 26 22 29 16 29 26 33 33 17 33 29 17 30 26 38 30 26 20 25 25 17 14 34 18 28 24 13 32 14 19 24 20 
17 15 34 20 31 25 28 31 28 20 16 20 26 20 23 28 19 23 22 33 14 13 36 24 22 7 13 21 37 43 33 33 24 14 19 26 17 29 20 16 22 23 21 49 13 
15 19 14 26 23 25 18 15 38 20 21 14 31 31 13 17 16 35 33 17 23 11 17 18 16 32 22 29 46 29 13 27 13 14 19 24 17 21 22 49 35 35 13 19 21 
23 16 26 29 26 24 34 27 28 17 16 14 7 22 8 27 26 33 29 29 24 16 28 24 20 26 19 27 43 29 27 22 23 14 25 24 25 36 41 30 32 25 23 41 24 
34 20 34 20 11 34 30 38 20 22 23 15 17 26 7 26 29 37 40 18 26 19 28 27 26 27 17 26 35 35 18 22 24 13 25 19 23 31 36 26 25 34 17 37 13 
27 12 22 20 25 22 27 34 24 22 27 14 10 17 28 21 27 38 42 29 22 16 40 18 18 22 19 27 35 19 19 21 17 17 22 27 24 34 27 42 34 21 20 33 18 
16 12 10 20 17 31 7 39 23 30 22 18 28 13 21 24 14 24 27 31 16 16 40 33 17 18 18 32 27 23 22 24 22 15 20 26 20 21 28 25 24 36 31 31 18 
19 12 30 27 40 38 30 31 26 19 24 7 22 41 7 32 7 38 23 24 17 22 22 18 21 26 23 25 35 36 15 22 31 18 23 13 24 20 29 39 41 28 11 18 17 
27 13 29 25 26 34 19 26 14 24 27 19 25 12 26 22 20 26 22 16 15 15 25 26 24 24 14 21 19 37 21 19 31 16 17 19 19 28 31 29 24 24 28 29 19 
11 21 32 18 32 15 33 28 42 10 24 8 22 27 20 24 15 24 25 25 18 9 23 21 10 24 19 19 24 20 20 18 6 18 31 14 13 20 21 52 39 39 9 39 19 
24 13 29 19 24 22 28 21 41 19 29 23 23 16 21 11 21 29 43 22 18 20 24 30 9 26 22 28 26 18 29 21 26 10 35 28 22 26 32 14 19 47 19 46 20 
23 18 17 25 36 8 37 22 29 25 16 13 23 20 24 16 24 25 21 15 13 21 34 27 14 20 20 33 28 28 13 26 16 18 22 25 20 26 42 36 16 16 15 39 25 
19 14 19 23 20 19 27 24 26 24 24 10 15 23 26 22 29 24 13 36 25 26 32 25 16 14 25 22 30 31 25 29 17 25 24 31 27 29 31 35 17 27 17 21 23 
19 16 20 30 26 30 26 35 29 14 15 12 17 32 36 28 18 30 39 33 21 23 41 26 13 15 20 23 33 26 17 21 27 17 35 20 13 21 27 27 30 39 22 28 18 
28 19 38 22 31 23 34 30 28 15 19 18 15 28 16 29 18 16 35 10 11 17 34 17 23 26 17 31 26 21 22 11 25 11 31 27 17 33 24 22 31 30 24 24 13 
26 9 33 22 24 29 14 28 23 30 33 17 12 14 26 28 17 18 19 27 22 9 28 24 27 20 13 36 20 26 18 29 7 15 36 37 13 26 28 15 19 38 19 33 20 
15 15 26 26 51 28 20 22 23 32 32 12 21 18 22 39 29 29 15 37 23 10 23 12 25 21 20 18 11 22 22 25 25 16 22 2 26 17 43 37 23 50 20 20 17 
21 23 23 19 30 23 32 31 26 24 27 16 10 39 25 22 25 18 31 23 31 18 39 22 13 26 19 26 34 22 23 29 28 18 24 27 10 24 31 19 25 38 26 27 24 
14 18 29 31 27 16 19 33 32 22 23 15 19 27 19 21 21 20 17 7 23 27 33 23 22 19 18 26 28 31 24 35 26 16 7 22 23 19 21 22 33 24 5 24 19 
22 19 27 26 47 18 20 22 28 35 32 15 18 22 20 17 21 35 39 32 23 21 25 14 19 23 19 30 30 19 21 12 29 14 24 24 23 18 26 32 14 29 31 31 11 
30 11 26 30 26 19 22 24 23 24 22 8 15 27 22 27 25 23 25 40 17 8 24 16 20 15 17 20 34 24 17 24 36 14 29 13 29 34 34 41 36 30 14 22 15 
27 12 13 27 30 25 20 30 29 13 21 12 23 15 28 23 19 33 35 24 20 14 28 24 18 26 11 21 43 16 22 28 27 18 21 20 19 35 33 23 28 40 27 43 26 
10 10 31 15 33 22 24 18 14 20 15 10 21 31 29 36 27 19 42 27 31 18 23 29 18 31 13 21 34 20 20 27 37 11 19 26 24 36 26 25 23 41 9 40 18 
8 12 26 24 29 20 24 23 4 30 29 16 9 24 12 37 20 18 18 18 26 23 35 24 22 23 11 32 35 33 15 15 27 17 22 20 22 15 28 32 50 45 31 23 24 
9 14 32 30 36 25 36 19 28 13 18 13 24 30 18 17 31 27 31 23 4 15 16 18 21 25 31 36 28 33 33 34 34 20 36 28 21 21 26 25 35 43 23 21 16 
19 16 35 21 27 27 24 27 22 12 24 17 20 20 10 26 16 49 35 26 26 19 47 11 14 22 14 23 30 20 20 29 27 20 27 26 14 22 36 38 27 19 16 19 19 
19 18 35 31 19 29 22 17 28 21 26 11 8 25 23 42 18 28 46 28 30 8 29 22 13 16 19 26 18 14 19 29 24 17 5 22 26 27 13 38 25 23 20 21 13 
13 12 27 21 27 20 29 27 29 16 28 14 23 28 17 23 19 43 25 19 14 23 25 17 14 8 29 32 31 19 10 13 27 18 12 19 30 27 32 20 34 38 21 29 29 
20 16 30 19 28 42 23 23 28 9 25 15 6 29 16 22 21 24 19 15 14 22 27 19 15 32 15 19 34 27 15 38 27 14 28 26 29 24 24 26 23 30 29 29 22 
15 13 20 26 25 36 28 37 29 17 14 16 20 26 35 21 33 14 29 26 19 10 31 30 14 32 17 31 32 39 17 21 24 9 17 21 28 25 41 22 35 38 14 29 15 
22 10 30 27 41 25 23 30 32 19 27 17 21 20 22 28 23 36 28 26 21 20 14 21 15 30 25 35 34 29 25 8 12 15 30 21 25 40 9 31 19 43 32 22 21 
21 17 28 15 41 33 17 28 32 26 24 16 16 18 28 25 20 27 42 23 19 15 26 29 19 28 24 30 10 21 20 20 28 17 26 20 17 30 41 38 36 35 24 29 12 
30 5 29 17 34 17 20 35 18 22 30 14 20 20 10 21 12 53 34 12 22 13 25 22 15 27 20 22 32 32 28 20 30 21 35 22 16 16 39 31 24 29 23 27 18 
22 14 19 15 26 17 23 34 16 10 28 13 25 28 11 19 25 42 31 37 21 15 23 29 13 10 21 29 23 22 9 18 29 8 28 31 27 37 25 9 25 38 20 8 18 
24 13 15 20 35 19 29 30 34 25 12 12 32 18 19 17 21 25 36 21 22 23 27 14 19 25 26 28 27 21 19 26 25 16 21 29 15 31 25 24 48 36 25 30 17 
25 18 27 25 38 16 28 29 29 25 32 14 8 28 21 30 28 12 22 36 13 20 30 18 24 19 24 30 28 30 24 26 10 16 27 19 8 35 36 22 23 8 23 23 14 
27 22 17 18 25 26 14 13 24 16 16 20 26 18 29 23 16 15 29 34 30 18 21 17 13 22 14 41 24 35 21 20 23 17 13 16 24 23 20 24 40 35 19 18 15 
21 15 12 26 16 21 28 30 32 21 17 13 16 20 23 18 26 21 39 35 16 14 24 17 16 17 19 25 12 18 23 26 28 21 24 24 12 29 11 24 21 38 30 31 28 
17 20 30 19 27 40 18 26 25 24 22 13 19 20 18 34 20 36 41 22 18 19 51 19 18 22 18 19 38 22 15 24 40 22 30 27 20 26 34 19 24 23 11 21 18 
27 8 19 17 28 15 23 23 34 22 30 18 20 21 42 20 24 18 25 30 31 17 29 25 22 5 15 20 37 25 18 26 21 23 20 26 17 33 19 51 30 41 30 17 25 
23 10 27 17 37 28 26 23 30 24 29 19 13 23 19 36 13 21 19 13 25 23 12 13 10 19 21 30 48 19 15 36 17 22 16 21 27 29 31 32 30 42 19 27 25 
27 18 21 17 23 22 24 29 27 30 22 16 21 22 20 32 22 21 40 20 25 24 30 25 20 9 14 15 35 30 15 40 18 22 19 31 26 35 25 31 37 45 19 48 23 
29 15 30 27 27 24 16 41 21 17 28 15 17 16 21 35 30 33 35 23 26 12 28 20 26 15 18 32 35 29 19 34 19 10 38 22 22 23 25 34 36 21 24 24 10 
25 8 30 31 38 15 27 15 36 33 15 22 27 16 21 28 23 33 20 27 11 12 29 25 18 39 21 8 16 22 15 33 22 16 28 32 29 23 35 30 44 45 20 32 16 
21 16 24 24 27 26 17 43 19 26 38 16 21 20 17 24 23 30 32 11 12 12 23 28 19 30 21 26 17 32 15 27 28 14 20 27 20 15 11 40 25 45 24 33 26 
24 19 18 27 21 36 34 27 32 23 20 12 20 21 19 24 19 27 10 31 23 16 18 31 10 27 17 31 34 32 19 21 15 11 22 28 13 20 34 30 18 18 23 28 11 
29 11 20 25 41 40 19 34 25 25 33 10 22 23 23 19 26 18 27 36 17 10 24 35 18 27 20 29 37 29 13 25 39 16 27 23 21 26 31 51 13 24 23 18 22 
30 24 29 17 36 25 36 30 27 22 27 12 22 21 27 25 16 26 19 24 19 19 32 22 6 21 25 31 26 19 10 23 31 22 26 20 22 13 31 15 34 32 26 39 27 
20 15 27 31 41 36 20 34 16 22 23 20 18 24 20 24 27 28 24 29 23 17 3 25 16 14 12 25 23 26 36 29 15 21 27 28 17 25 32 31 47 23 16 38 25 
17 17 19 9 38 31 21 35 37 24 20 11 13 22 23 24 26 24 29 21 22 20 26 31 22 23 22 24 35 32 22 22 18 19 15 19 18 21 43 17 38 38 8 38 3 
26 16 17 22 25 18 39 35 24 25 24 24 26 20 28 25 21 29 33 34 25 13 16 24 16 27 25 17 42 15 15 23 22 21 22 24 26 21 40 25 11 24 22 32 16 
21 15 23 19 24 27 25 14 29 26 22 19 25 33 29 19 30 18 30 16 16 22 27 17 18 18 20 11 11 17 17 15 31 4 20 42 19 29 29 29 39 30 29 42 19 
21 11 14 23 25 23 4 33 27 27 30 20 22 34 12 13 27 20 23 16 22 14 38 25 16 22 26 29 37 29 18 22 21 18 17 30 16 33 32 24 20 22 27 29 19 
23 18 21 22 26 19 23 21 27 14 16 12 26 21 12 30 28 25 39 31 17 12 31 19 29 21 21 35 37 26 14 28 17 24 31 20 25 28 32 32 37 31 15 39 32 
15 17 29 23 26 28 29 35 28 26 9 18 18 35 17 29 26 30 33 26 24 17 23 20 22 15 17 25 35 32 13 19 28 16 19 30 22 23 30 46 21 15 12 29 16 
20 20 28 18 32 24 22 16 22 20 21 12 25 15 15 23 28 23 31 19 21 26 34 33 26 15 21 22 45 30 23 26 24 23 24 14 21 30 22 29 21 37 18 33 22 

MachineCapacities:
MachineID Capacity
0 10
1 10
2 10
