NumTasks NumMachines NumScenarios
15 3 1000
TaskDetails:
TaskID ReleaseTime ResourceConsumption SuccessorsCount Successors...
0 0 3 9 1 3 3 4 7 
1 0 3 1 4 0 
2 0 4 4 8 0 
3 0 2 4 2 0 
4 0 4 7 6 0 
5 0 7 5 4 0 
6 0 6 7 3 0 
7 0 10 8 8 0 
8 0 5 3 9 1 12 
9 0 3 6 8 1 11 
10 0 2 2 2 3 12 13 14 
11 0 8 8 2 0 
12 0 2 6 6 0 
13 0 9 6 7 0 
14 0 6 8 8 0 

6 34 31 19 17 19 9 32 20 25 22 15 19 18 37 9 18 18 46 22 25 20 19 20 25 17 29 22 16 17 12 22 14 20 31 28 12 34 22 16 11 9 15 22 19 
22 29 31 17 22 16 28 21 26 23 36 16 23 24 20 32 22 22 34 29 31 16 14 20 26 23 23 33 17 24 22 30 17 11 21 34 14 23 24 22 17 36 10 34 21 
45 38 41 13 25 12 25 26 26 28 15 14 24 33 28 31 17 14 26 28 5 27 9 17 22 18 23 31 24 27 20 34 14 20 17 41 16 22 34 21 13 29 18 31 12 
25 17 36 15 19 13 26 39 28 24 24 16 23 19 13 20 27 11 23 24 21 25 21 18 15 19 16 35 8 21 14 36 17 9 19 29 20 18 27 19 12 36 13 13 18 
35 27 35 13 23 24 25 29 19 47 31 11 16 33 36 25 17 34 26 8 19 27 14 26 20 20 31 30 15 25 13 30 19 16 18 32 16 22 26 17 10 26 13 24 14 
45 16 42 22 19 10 31 23 20 31 30 10 18 24 19 22 7 16 36 15 14 39 17 17 20 17 30 27 19 24 18 17 13 13 20 34 22 23 16 12 16 23 19 16 15 
34 32 23 14 20 24 19 26 24 19 21 18 22 28 28 26 32 22 21 21 7 15 23 17 21 18 28 29 15 26 19 33 21 14 16 34 16 35 22 14 10 28 12 28 14 
53 35 22 17 25 20 18 16 37 20 24 18 22 21 24 7 17 24 35 25 12 35 25 23 20 28 23 27 23 22 16 36 13 15 21 36 14 27 22 8 22 15 19 32 15 
28 27 18 12 18 24 17 23 18 29 24 12 14 28 43 13 19 27 21 34 18 37 24 21 23 16 27 29 24 25 19 45 25 8 25 13 17 30 24 17 8 19 15 21 17 
16 23 48 16 20 20 14 33 32 31 18 17 12 17 28 12 22 23 23 20 14 27 20 18 20 22 27 20 16 17 16 13 16 22 17 37 21 28 14 11 18 22 16 24 7 
24 26 32 18 18 17 21 28 24 54 18 10 14 30 30 27 18 25 21 30 18 19 17 19 19 25 23 22 12 21 15 34 18 16 24 38 17 18 15 14 11 26 16 36 19 
37 20 37 16 21 8 23 28 24 26 30 17 17 25 49 23 20 24 27 26 14 28 21 12 19 20 26 22 26 29 17 28 28 9 22 25 24 24 20 18 19 32 16 18 33 
26 30 27 17 19 23 15 13 32 24 27 16 20 18 35 24 26 22 28 41 23 9 12 19 10 24 27 40 11 29 12 28 26 14 23 31 13 18 26 15 22 34 20 22 10 
34 25 19 13 18 14 21 29 34 21 30 16 12 25 16 40 16 25 29 17 13 25 9 19 22 15 12 30 20 17 20 37 15 16 32 27 20 20 25 16 10 30 10 15 18 
31 33 33 14 22 17 17 21 25 30 23 9 16 29 39 30 14 19 17 34 16 21 26 21 18 18 25 20 23 18 12 30 17 15 21 16 13 29 19 12 14 27 12 30 15 
20 24 32 14 15 19 17 33 22 29 19 14 19 34 25 24 28 10 16 25 18 26 19 26 21 18 19 45 25 26 17 26 16 9 31 43 16 15 27 19 11 25 13 11 11 
31 21 42 16 14 24 13 19 19 33 25 13 19 28 23 29 25 26 35 30 13 16 17 23 9 14 28 36 21 17 19 20 15 20 16 16 18 21 28 18 14 24 15 20 16 
35 27 28 12 22 10 21 32 20 38 17 14 27 16 26 27 16 20 16 30 34 41 21 18 28 21 17 23 25 29 11 45 23 14 15 18 26 18 17 11 5 21 13 25 16 
16 33 25 17 13 19 17 24 32 11 26 10 16 26 28 21 12 20 29 24 23 28 13 23 25 21 29 23 28 24 21 30 18 14 15 20 12 29 13 17 10 11 14 27 26 
26 29 40 19 21 22 23 15 16 31 21 16 15 29 28 33 21 18 40 42 17 31 26 16 19 11 15 33 23 24 19 32 17 7 22 28 23 27 17 16 18 23 15 31 15 
24 26 12 11 15 19 19 19 26 16 34 11 12 30 7 15 23 24 30 29 23 30 22 33 22 9 32 32 28 34 18 30 18 16 27 35 14 25 25 18 15 25 16 15 21 
15 26 36 15 19 23 12 31 23 34 21 12 21 33 41 29 23 29 39 48 23 12 17 26 20 5 27 31 17 23 14 23 23 15 13 21 16 22 21 16 13 29 21 25 13 
30 18 31 17 20 19 15 24 24 26 25 19 14 31 36 31 18 29 31 13 19 27 21 29 26 19 29 21 11 16 7 26 14 17 15 24 25 18 18 17 13 15 15 16 19 
41 22 35 19 14 25 11 24 26 29 30 10 20 19 18 22 5 24 22 31 19 23 14 37 20 19 25 34 22 23 10 38 16 13 21 29 17 32 24 24 12 33 11 8 15 
30 40 23 13 22 27 15 31 25 20 26 16 21 23 34 27 21 24 19 41 19 23 16 22 20 13 26 31 24 31 17 23 14 8 20 28 16 28 28 10 24 17 13 9 26 
20 22 15 17 24 22 18 22 20 25 23 15 11 29 29 19 21 25 35 22 23 26 29 13 15 8 26 23 21 20 19 31 11 17 38 19 25 29 16 19 12 36 17 24 17 
34 22 37 19 18 18 19 25 24 27 24 18 21 33 27 27 15 33 26 31 13 21 26 33 24 21 30 44 21 19 21 11 17 23 28 42 18 23 22 16 18 19 15 34 14 
37 28 37 8 19 10 16 19 27 19 33 13 9 30 37 21 27 26 35 30 24 26 19 19 16 15 21 28 23 14 23 25 11 11 21 38 18 23 24 11 22 25 19 28 13 
56 18 34 17 24 12 17 25 27 26 22 18 13 34 42 39 16 20 22 21 20 24 17 17 30 21 28 33 22 15 14 35 15 9 21 33 30 22 21 18 12 24 13 13 17 
46 36 29 15 17 19 22 24 32 35 24 18 24 41 36 29 15 17 35 32 30 33 16 20 12 20 18 45 23 26 13 28 21 16 23 40 25 30 17 11 15 17 18 29 18 
29 28 25 19 21 20 13 31 24 16 17 25 15 23 40 19 26 24 22 24 16 38 25 24 16 15 21 12 13 19 17 29 8 16 14 15 28 32 25 15 14 16 16 35 14 
26 27 39 12 18 10 21 23 39 17 26 21 12 21 28 27 11 14 35 28 18 21 21 32 14 20 23 21 16 16 19 23 21 9 10 23 15 20 17 15 15 34 19 25 19 
30 31 34 15 24 21 10 32 10 43 11 15 15 19 28 24 12 19 20 24 19 36 21 27 29 8 37 28 22 22 17 32 11 9 30 28 21 8 18 18 14 20 20 37 17 
24 13 38 13 23 19 22 18 16 22 35 7 28 24 33 30 20 14 33 12 19 5 15 23 18 25 15 27 15 28 22 35 11 15 13 34 11 32 21 20 13 18 15 29 24 
31 20 34 13 16 22 21 30 20 13 32 13 18 18 26 23 20 30 29 32 16 18 21 26 18 22 24 26 20 19 18 42 15 17 20 27 16 15 23 11 11 32 24 25 32 
26 20 32 22 17 22 7 23 22 14 30 19 17 25 25 24 16 29 32 24 26 13 12 34 21 21 31 33 3 20 20 26 16 14 22 25 25 29 18 11 17 34 9 27 26 
26 22 18 13 25 14 7 25 13 12 21 23 16 19 28 20 18 23 31 27 18 26 27 3 18 20 27 22 22 10 10 15 18 9 18 14 14 35 17 6 17 16 18 18 13 
19 22 36 18 9 16 26 23 11 15 26 17 17 20 31 27 16 27 20 16 16 34 8 32 34 16 27 35 19 25 13 39 12 16 18 27 11 21 21 17 15 28 15 27 19 
37 14 37 18 27 18 10 36 21 17 20 18 15 28 28 23 14 14 27 38 17 23 20 29 21 16 15 32 22 19 14 36 14 12 17 34 17 21 27 8 14 14 15 9 18 
27 21 33 19 15 19 18 21 17 34 23 20 16 34 40 36 28 15 43 39 20 25 19 28 9 16 33 37 25 19 25 36 13 14 17 29 22 30 29 21 13 24 13 31 15 
17 34 47 17 14 21 18 19 26 17 31 17 10 29 41 29 20 14 28 25 15 26 27 23 27 26 25 41 17 26 14 38 17 13 26 35 20 20 15 16 9 18 14 21 13 
22 33 32 9 9 19 14 42 20 34 22 12 31 21 30 23 23 20 31 22 23 24 14 16 29 14 22 37 13 23 15 29 16 16 24 21 27 23 22 16 16 26 17 34 26 
28 22 28 13 22 19 24 23 40 30 15 13 19 29 32 18 22 17 20 36 18 24 22 24 26 20 32 36 16 23 19 19 17 11 19 26 11 29 18 14 18 24 16 30 29 
28 36 51 10 21 18 22 27 24 33 22 23 22 17 26 24 8 27 33 26 29 16 24 20 21 1 26 53 15 24 18 32 15 17 24 34 26 23 23 24 23 11 13 28 14 
38 29 28 22 13 15 18 22 28 46 29 8 18 35 40 15 16 28 21 17 19 24 25 20 18 21 24 32 18 21 13 26 19 14 22 33 16 12 21 12 22 23 18 6 19 
35 24 31 13 18 19 15 23 26 23 26 13 18 30 43 24 12 23 32 16 16 24 29 22 23 17 19 37 24 22 12 32 19 12 29 29 26 21 30 16 17 21 21 24 19 
34 23 32 26 24 13 16 36 30 19 26 9 15 31 24 31 13 15 19 35 17 23 14 22 15 19 39 31 19 17 14 21 19 15 16 36 14 31 19 15 16 26 20 25 14 
47 18 34 17 26 16 11 29 34 16 18 14 19 32 29 22 13 30 32 43 5 21 21 23 21 17 27 35 20 31 18 41 15 15 26 26 17 29 20 16 13 28 13 13 20 
27 37 41 16 16 11 8 31 27 31 19 15 8 25 35 29 17 15 23 15 24 42 17 19 22 13 21 27 14 16 14 26 16 16 11 25 18 21 21 19 16 35 12 21 17 
48 30 32 8 20 22 23 29 35 25 21 11 14 21 27 12 15 34 22 38 20 23 27 13 23 16 9 31 23 36 17 42 12 14 11 23 11 29 23 18 12 35 17 14 18 
26 28 44 16 16 16 21 26 39 32 18 4 17 12 39 25 23 18 29 12 19 28 16 24 10 21 18 14 13 15 9 30 16 16 22 28 26 29 18 11 14 20 16 32 18 
26 33 20 18 16 19 13 22 18 31 29 14 20 25 20 43 20 24 43 35 18 22 21 22 20 22 33 30 21 25 19 30 15 13 12 31 16 20 18 15 10 26 14 32 16 
26 25 36 11 24 23 23 36 22 18 39 16 17 26 31 19 15 30 49 34 17 35 20 30 9 18 37 33 15 24 14 16 15 20 8 30 26 36 13 11 10 25 16 30 13 
36 27 34 12 17 14 20 32 14 27 15 22 24 28 36 31 24 36 24 28 17 30 21 25 14 24 22 31 29 21 10 36 18 19 17 50 24 37 15 13 16 23 18 34 23 
23 26 23 20 28 10 25 22 28 27 24 8 19 27 23 23 11 14 19 18 26 31 8 32 26 24 16 33 24 28 21 18 13 9 24 27 10 11 27 17 13 20 11 30 16 
42 23 33 12 23 15 14 22 27 24 26 11 11 32 33 19 14 23 30 42 25 17 18 30 23 23 29 38 16 20 17 46 19 23 6 36 15 26 18 16 16 13 9 31 15 
31 28 26 17 22 14 11 24 31 28 23 21 18 35 22 10 21 24 33 51 21 20 18 17 18 11 31 41 15 25 12 24 16 17 16 28 11 33 24 19 19 21 13 37 21 
33 32 25 12 14 16 12 12 25 28 16 18 13 22 33 28 28 31 30 34 30 38 23 14 19 17 31 15 22 26 13 32 13 16 26 24 20 29 22 18 18 18 14 35 8 
27 33 38 20 18 22 11 20 32 15 34 20 18 27 32 29 13 18 40 41 4 22 25 19 18 10 29 39 12 15 8 38 17 14 19 28 14 18 19 14 16 38 5 16 15 
35 21 23 19 23 25 24 31 28 32 24 12 11 25 27 12 8 28 33 13 17 32 7 12 25 21 23 26 31 12 9 33 22 20 23 30 19 23 14 8 11 26 11 23 23 
27 29 36 17 18 20 20 17 35 22 33 12 21 21 28 22 16 30 35 29 13 17 32 23 30 15 25 34 16 13 13 37 7 18 7 34 14 29 33 11 13 21 14 23 13 
34 27 23 16 16 1 14 29 31 37 30 13 15 30 28 25 16 30 28 22 19 21 25 37 27 19 28 23 15 27 16 26 18 13 24 33 10 21 23 21 17 25 15 25 8 
31 29 29 7 14 18 18 25 25 31 23 19 24 27 26 19 14 21 35 34 19 17 14 20 12 13 21 35 19 13 15 35 16 17 28 31 20 20 22 9 15 33 17 25 21 
16 31 25 18 13 13 25 41 20 34 20 13 23 23 20 32 13 27 29 29 25 21 31 30 13 19 20 34 21 29 12 28 14 11 17 35 18 18 21 26 12 26 20 23 17 
18 32 43 15 22 21 12 33 24 39 28 17 27 25 16 23 29 11 40 45 19 25 18 8 13 24 26 20 23 25 16 31 12 12 22 31 14 33 19 14 22 24 11 26 14 
41 24 26 16 20 18 18 22 24 37 27 19 21 22 18 33 23 15 15 27 23 29 25 28 21 20 41 21 28 33 17 28 11 22 18 23 16 45 25 20 11 23 16 16 12 
42 28 25 13 21 20 23 23 29 34 27 14 22 30 16 15 24 26 34 31 17 23 14 13 24 22 24 17 13 21 18 24 16 19 28 34 20 19 23 15 10 26 12 27 27 
31 25 28 14 17 17 15 24 20 26 29 7 19 28 27 28 27 26 31 40 26 17 24 25 19 15 23 37 28 26 18 23 19 16 15 22 17 26 28 21 15 41 15 33 15 
36 19 11 15 10 13 29 33 27 20 31 13 22 29 38 18 24 11 18 27 11 33 21 13 18 20 19 31 22 14 21 32 15 11 30 23 10 23 12 19 20 24 15 33 13 
32 16 31 15 18 14 19 28 39 21 24 11 21 20 19 12 13 27 39 37 22 25 21 25 20 9 30 29 25 14 16 19 14 14 16 30 16 29 18 9 14 23 16 24 15 
25 26 14 12 24 10 18 28 25 32 23 12 8 28 19 22 24 23 31 30 21 29 21 10 37 18 33 22 10 31 15 22 16 10 21 32 10 18 17 12 15 25 12 21 23 
31 16 34 10 25 17 18 20 29 20 27 21 20 17 23 31 20 21 27 16 11 30 8 27 13 16 22 35 18 26 11 14 17 17 27 19 16 22 23 11 7 22 18 37 20 
8 27 20 13 22 20 20 20 37 24 23 9 27 37 31 25 26 20 17 37 29 27 23 21 21 22 28 22 15 19 16 29 9 16 19 12 21 23 14 16 12 26 18 22 20 
27 31 33 16 26 18 17 32 36 17 27 10 21 26 36 25 12 24 21 33 12 23 19 24 21 21 25 34 21 27 19 40 25 16 14 33 14 22 13 18 17 19 13 20 19 
29 25 37 15 13 23 13 30 33 30 27 14 16 29 30 31 13 21 35 25 19 17 25 21 29 13 25 46 10 32 28 26 13 20 12 32 25 17 21 18 18 25 14 24 18 
31 22 33 16 18 22 18 34 16 32 16 13 23 29 22 27 13 27 37 55 15 28 11 43 14 11 22 26 26 17 13 31 19 10 11 25 19 26 30 11 21 23 14 15 17 
36 19 20 17 28 18 21 26 25 26 30 14 9 24 36 14 21 20 20 24 23 10 19 20 26 17 29 32 24 24 16 23 14 22 15 46 23 20 24 10 14 26 13 27 16 
30 31 22 15 24 15 16 17 32 26 19 16 22 33 31 32 20 16 12 14 19 39 16 20 22 11 30 23 16 17 19 10 10 23 19 23 12 20 20 8 8 27 18 17 29 
23 17 30 15 15 15 20 34 22 36 34 10 17 28 39 20 11 22 40 21 30 22 26 17 23 16 18 25 24 22 19 20 13 12 20 26 22 21 11 14 18 19 15 34 18 
16 28 24 18 12 17 17 23 22 20 35 10 7 27 25 19 20 35 28 35 16 21 22 24 10 21 32 27 13 21 18 44 14 20 16 25 24 21 25 13 17 23 14 26 20 
48 25 29 12 15 14 13 27 26 18 35 17 15 30 25 29 22 26 31 14 28 17 23 28 23 16 34 19 16 21 18 25 14 16 24 20 18 7 18 19 17 29 23 36 27 
28 39 26 9 18 22 14 14 39 25 27 9 23 27 44 20 24 6 10 25 16 28 18 8 25 16 29 30 23 15 18 25 19 12 19 20 16 16 18 19 6 26 14 29 24 
18 11 33 16 16 27 27 28 16 11 20 15 21 16 24 24 10 26 20 25 19 27 19 18 29 13 22 26 18 18 11 35 25 15 10 34 24 23 21 16 15 26 20 37 13 
31 25 19 17 16 16 24 21 28 19 30 14 13 37 25 29 19 23 26 34 36 25 21 25 25 8 17 30 29 17 14 36 11 12 13 25 15 22 32 18 19 17 11 22 20 
26 35 33 8 16 23 12 26 40 17 24 13 16 25 21 14 18 28 31 33 12 25 23 34 19 15 24 14 19 24 12 26 16 20 25 20 21 32 18 17 16 15 16 19 21 
33 28 49 17 11 10 25 30 21 41 24 17 12 22 35 24 11 19 11 26 14 8 19 18 19 9 28 14 18 16 17 16 12 16 21 27 13 27 21 8 13 30 21 25 18 
32 32 23 15 16 19 13 25 30 15 20 10 16 16 21 16 20 31 28 35 22 26 26 27 29 27 27 27 20 10 16 40 18 20 30 33 24 24 18 20 14 35 17 31 16 
15 31 37 24 8 31 10 27 20 33 32 19 19 22 30 44 10 14 23 38 29 16 15 28 28 17 23 19 27 15 9 27 17 17 29 20 14 28 27 14 17 35 13 19 22 
43 35 26 20 15 22 18 34 31 26 16 16 10 33 16 22 13 25 20 29 17 38 20 29 19 12 19 45 22 19 16 27 25 16 16 25 15 31 22 15 11 30 22 35 27 
22 29 24 9 15 13 27 31 33 6 34 15 9 8 43 24 17 29 31 41 15 30 21 36 31 21 11 36 22 20 22 40 26 18 22 27 22 19 21 18 14 38 17 16 20 
34 10 10 17 20 13 17 25 25 22 22 13 12 35 20 23 28 24 30 25 23 27 31 31 19 16 35 36 23 30 15 28 17 15 24 31 17 28 16 16 8 36 20 25 16 
25 30 24 15 14 19 22 33 23 35 17 17 12 17 24 13 13 14 41 26 24 24 21 20 22 21 31 18 19 9 23 34 18 15 24 34 23 13 16 17 13 27 18 18 12 
37 27 29 9 16 27 18 24 30 18 28 18 27 38 31 28 19 26 26 32 18 24 15 23 21 25 36 16 20 26 15 25 20 12 26 29 14 15 12 8 15 23 23 43 20 
27 31 35 20 10 21 20 15 37 41 19 19 28 12 25 30 16 28 33 6 8 15 13 38 29 26 26 32 9 25 21 40 20 15 22 26 16 20 21 21 15 11 16 33 12 
15 34 31 14 18 17 15 13 28 12 37 23 15 36 18 38 16 27 29 30 26 19 22 18 28 27 25 13 16 33 14 12 8 13 22 20 11 18 8 14 16 24 16 14 22 
30 22 14 15 23 19 21 31 26 31 21 11 18 30 45 20 18 21 24 43 17 22 16 32 20 17 30 13 18 34 18 28 18 15 13 19 22 18 13 11 16 20 10 24 20 
30 31 33 16 24 18 12 30 24 21 28 11 23 20 27 32 13 19 23 30 13 9 25 24 26 14 28 28 20 23 21 25 22 14 25 23 22 34 26 19 21 22 20 31 22 
32 32 47 14 18 11 20 34 21 37 33 17 19 34 30 24 17 19 19 52 21 29 14 23 15 15 33 36 10 20 17 25 13 15 25 38 21 15 22 17 23 28 17 39 25 
56 38 24 8 31 14 16 21 39 16 23 13 13 29 28 24 22 23 23 28 27 33 27 30 18 20 24 27 21 27 17 22 16 18 22 41 14 27 16 21 16 21 13 22 19 
49 21 45 14 14 14 25 33 26 28 38 18 19 29 29 10 17 27 35 25 20 28 22 26 25 25 30 39 18 10 12 47 19 10 23 34 16 22 16 11 12 16 17 27 21 
33 8 23 14 10 9 18 13 33 47 29 18 16 18 29 19 21 22 28 43 32 36 24 17 17 19 17 31 26 19 12 32 10 14 12 28 5 19 27 13 12 17 10 25 20 
26 27 37 17 19 9 25 34 29 27 20 9 12 27 14 21 22 18 31 40 28 28 13 28 9 9 28 33 15 30 18 27 23 15 14 19 17 33 30 19 13 25 12 16 27 
31 19 26 17 13 8 22 28 26 20 23 16 18 23 32 21 23 16 28 31 25 19 23 17 28 22 24 23 9 30 19 29 17 15 25 15 20 22 18 16 15 26 8 25 17 
32 27 44 11 21 16 24 14 33 29 30 14 21 24 17 20 19 21 20 28 21 30 23 34 21 18 25 31 20 24 19 24 20 8 19 25 12 25 13 15 13 24 14 26 23 
44 30 25 18 22 23 7 33 16 49 34 22 16 20 28 10 17 31 33 21 29 24 25 24 22 25 19 32 23 34 15 24 16 16 25 28 17 25 21 19 9 29 19 24 16 
30 21 21 12 11 11 20 25 22 20 31 17 19 22 24 23 10 18 30 31 24 14 18 25 20 25 34 30 14 18 20 22 16 13 24 37 12 31 26 13 13 30 18 28 17 
35 26 45 16 17 19 27 32 26 32 24 11 14 21 30 20 19 21 20 14 21 33 14 28 19 19 44 27 18 20 12 32 9 12 11 53 18 13 22 17 14 30 13 25 8 
35 33 22 15 23 13 17 21 25 33 26 10 16 26 32 20 21 18 31 22 25 20 15 11 25 27 12 35 20 29 15 12 17 12 22 40 16 22 29 9 16 20 12 19 22 
31 27 32 18 21 13 17 28 22 24 19 13 9 19 14 22 15 27 24 40 16 24 28 20 23 12 26 31 17 24 16 31 15 21 20 26 21 24 17 13 16 11 12 18 23 
23 26 27 14 21 11 16 20 29 21 27 15 10 7 42 31 20 20 42 39 21 25 30 21 26 21 25 30 22 20 15 21 21 14 19 35 19 31 28 18 16 20 18 34 15 
23 32 27 16 29 26 17 27 18 20 22 16 10 26 18 28 18 16 28 38 18 19 2 11 21 14 31 35 15 23 9 22 17 19 16 30 10 25 20 12 16 20 12 19 22 
24 33 36 15 16 24 12 23 25 41 18 14 31 24 34 30 19 31 40 18 16 29 17 27 10 21 33 25 18 16 16 33 17 15 10 27 12 20 26 17 19 33 12 18 13 
48 35 18 12 16 20 17 20 19 32 14 15 14 39 35 16 15 23 34 24 31 21 12 20 20 15 34 28 21 28 20 31 14 13 16 35 22 29 22 16 14 21 16 25 23 
20 25 24 10 24 22 28 17 28 37 25 23 7 27 40 28 9 12 41 34 28 27 15 22 22 6 23 32 22 24 14 27 14 12 25 35 24 37 16 18 17 30 15 18 25 
36 31 46 19 24 13 16 21 28 30 34 12 20 30 19 19 17 28 18 30 16 35 22 18 10 21 36 33 24 28 14 34 18 18 18 45 25 30 13 6 16 18 16 27 24 
29 36 24 17 19 17 13 25 23 25 33 17 12 23 22 30 22 30 28 46 20 34 21 21 18 11 31 46 22 17 7 26 17 14 20 25 16 29 22 15 22 30 19 33 19 
18 26 19 12 11 13 10 26 16 18 37 19 28 29 27 12 23 19 29 24 25 40 20 19 14 23 30 26 14 29 17 26 16 16 28 36 19 30 17 16 6 35 10 15 12 
31 32 19 15 23 22 18 33 26 29 10 13 14 23 14 33 23 17 29 27 29 21 25 22 21 17 23 35 19 31 27 27 15 17 22 29 15 20 11 8 21 24 17 29 21 
49 17 19 13 21 28 26 29 32 23 17 17 19 37 35 23 20 32 28 50 15 16 18 27 28 21 12 9 21 15 15 35 22 21 19 13 18 37 17 29 16 27 17 39 19 
32 34 26 13 19 12 10 27 30 30 16 21 19 30 29 22 19 27 7 31 22 27 13 21 18 22 25 21 21 25 21 34 15 11 19 38 18 25 10 10 14 31 14 17 14 
37 30 23 17 24 3 26 30 13 24 29 22 20 15 49 32 28 21 21 33 20 33 16 24 16 14 28 23 19 24 23 18 18 13 26 35 19 22 27 15 13 22 7 29 22 
47 23 34 22 20 26 21 38 28 35 31 6 19 30 35 23 10 22 25 29 26 24 21 24 13 16 23 27 25 20 23 17 14 13 19 23 21 18 21 23 10 34 11 22 14 
23 20 21 11 11 24 6 21 26 32 34 16 16 28 20 13 20 18 24 19 27 24 32 13 16 10 26 27 20 18 15 30 20 14 19 24 24 35 11 15 9 26 18 22 28 
19 20 54 20 18 21 17 18 29 29 28 17 18 17 27 26 21 25 33 30 17 8 18 22 27 20 27 29 16 22 15 38 14 14 22 39 23 23 13 15 16 13 14 40 19 
44 27 27 16 11 24 10 29 30 33 35 17 16 24 36 25 29 18 33 26 20 10 27 19 15 17 23 19 17 22 10 42 19 14 10 31 14 21 26 8 16 25 10 21 17 
29 33 43 17 10 11 19 22 37 17 29 18 14 41 31 20 13 16 23 37 25 21 25 35 21 24 27 31 6 18 14 25 14 15 22 33 17 22 21 23 14 28 16 26 23 
38 21 19 15 16 9 25 27 26 15 29 18 27 15 28 26 29 19 23 34 19 27 23 18 17 12 25 31 21 24 10 34 18 17 25 29 20 23 21 10 11 39 13 21 9 
31 32 29 25 15 7 14 29 33 28 39 14 9 24 42 28 12 33 34 27 33 16 24 30 8 10 34 16 26 12 17 12 23 12 21 17 15 29 18 16 16 19 9 26 17 
30 38 27 13 11 14 12 32 24 20 22 20 17 19 30 16 16 34 42 9 20 25 28 23 13 24 30 38 16 26 13 27 19 22 20 47 16 30 20 17 15 20 14 16 16 
27 20 43 19 11 18 16 32 34 19 36 20 25 20 53 25 19 16 30 16 24 22 26 28 26 17 32 32 14 18 18 30 18 13 23 28 19 31 20 15 22 29 19 27 15 
37 31 45 14 23 9 17 33 33 16 30 13 22 24 33 35 18 23 21 38 11 26 26 32 23 10 29 21 17 34 14 20 11 16 16 44 13 25 21 14 17 30 9 34 19 
30 21 25 26 21 17 21 23 18 28 22 10 19 32 37 27 18 22 29 54 12 38 16 27 19 5 21 33 22 27 16 38 13 12 7 28 20 23 18 19 16 21 12 24 20 
31 29 35 22 11 19 9 32 9 23 23 8 17 26 30 13 24 20 23 33 10 33 15 23 12 20 18 38 15 25 20 43 16 15 24 30 18 22 28 10 15 31 13 23 18 
47 31 36 9 9 10 25 35 35 32 28 15 17 30 36 24 13 28 13 12 6 28 20 24 22 6 34 30 17 11 10 7 11 13 25 32 16 23 22 11 12 35 18 17 16 
18 25 21 16 21 22 22 17 36 26 18 23 23 13 26 16 15 27 17 27 7 22 21 14 20 11 25 12 12 16 9 29 19 14 29 31 17 15 16 14 19 28 12 30 15 
14 35 25 14 11 19 11 26 21 35 23 19 9 28 45 30 10 23 9 39 19 27 34 27 27 23 24 22 21 18 22 21 15 13 26 43 18 31 14 15 14 31 26 21 9 
18 43 41 23 19 11 17 32 30 20 19 16 17 21 40 22 13 23 35 33 19 18 21 25 18 15 20 22 12 15 11 34 18 15 17 42 20 32 20 15 8 25 15 17 23 
40 37 39 16 14 23 19 30 34 35 24 19 29 18 25 23 18 13 31 37 4 27 14 19 27 19 25 29 20 24 11 28 19 16 31 29 21 40 19 14 17 32 17 35 13 
21 28 50 15 22 23 26 24 25 37 28 11 14 35 42 25 22 27 32 33 27 38 12 25 14 21 23 35 13 18 18 31 13 15 23 32 15 22 24 17 15 27 12 21 17 
31 18 14 20 29 16 13 30 27 15 26 13 11 25 30 36 16 17 33 24 14 27 27 25 20 19 19 22 23 19 15 26 15 18 12 27 26 24 20 15 17 39 16 38 12 
35 25 36 14 21 14 24 20 22 22 19 14 23 17 31 25 16 17 24 38 26 40 18 12 24 16 27 38 32 24 15 38 16 25 8 28 10 16 18 9 13 28 17 23 13 
43 16 31 26 19 21 5 17 20 25 36 11 16 23 23 23 18 34 30 26 17 30 21 17 11 18 12 23 28 20 11 27 15 16 17 36 28 32 10 19 20 27 17 20 22 
23 29 42 15 21 21 27 21 42 30 29 19 18 22 39 14 14 30 18 39 22 23 25 21 24 15 28 3 14 24 21 43 19 12 14 21 16 19 23 13 22 15 22 27 15 
37 21 35 12 21 22 16 35 20 11 17 19 16 29 33 24 21 21 36 24 8 22 20 30 19 26 26 28 17 18 19 33 17 13 10 31 14 17 30 16 12 15 21 17 23 
27 30 29 12 20 20 15 22 25 27 29 21 16 10 33 20 19 20 36 19 29 29 28 28 26 12 11 19 14 24 18 21 21 14 21 32 10 25 24 14 20 32 13 19 19 
55 30 36 17 15 21 10 25 31 40 36 18 20 24 23 25 17 30 35 28 20 30 24 26 24 17 24 35 21 26 26 27 9 20 10 27 22 24 18 6 19 52 13 29 17 
55 17 27 16 19 19 23 18 27 26 28 15 10 34 32 30 12 26 36 24 21 19 16 35 24 28 24 27 17 23 12 23 15 21 12 19 21 19 24 13 18 35 13 22 15 
26 21 36 11 12 16 9 38 22 38 31 20 20 30 25 36 11 18 20 19 24 8 20 30 33 14 9 21 14 27 12 19 18 16 27 46 25 20 17 18 20 19 22 33 18 
38 26 37 14 12 14 22 23 29 25 15 19 20 38 36 16 21 26 30 22 19 14 17 25 33 19 23 17 13 25 13 21 11 12 26 29 13 20 26 15 12 34 18 6 28 
50 22 31 18 18 12 17 12 34 24 38 12 32 28 22 21 14 27 35 18 26 21 15 18 11 5 19 34 27 37 19 28 16 18 30 15 9 14 9 11 16 24 13 22 12 
45 24 43 18 14 18 16 31 31 28 29 15 12 38 20 19 30 23 27 27 26 29 22 28 20 15 26 30 16 17 18 48 21 14 4 29 21 15 20 8 13 21 15 22 20 
26 17 28 20 12 15 7 34 26 16 32 9 7 14 30 25 15 29 10 34 27 18 26 27 17 19 25 28 16 26 16 30 28 14 27 47 17 30 21 14 19 24 16 27 17 
27 21 34 21 10 14 19 22 30 13 38 6 25 15 43 25 24 22 20 33 30 32 15 27 17 15 21 26 17 36 16 20 15 17 12 33 12 20 8 11 15 35 15 31 19 
25 27 44 18 19 20 20 34 28 20 36 18 22 29 39 10 7 29 16 29 14 13 22 22 27 21 23 26 16 22 21 42 16 17 19 36 24 16 27 16 15 30 15 15 7 
22 37 47 13 21 20 17 20 32 27 32 13 13 35 27 34 26 22 37 31 23 28 25 34 12 11 27 24 23 21 21 25 17 17 28 25 15 28 23 12 12 15 12 23 27 
31 18 37 22 15 10 18 28 27 30 22 14 20 28 29 20 21 20 23 38 25 14 25 20 15 20 20 16 28 20 15 33 15 21 32 26 15 24 15 9 16 34 6 13 18 
26 14 36 11 25 17 20 26 21 34 16 14 12 29 27 25 18 30 26 25 16 25 21 25 23 21 20 32 18 23 16 35 16 18 22 35 25 22 14 20 14 26 14 30 20 
20 28 40 16 29 29 18 13 20 29 30 12 24 14 44 13 17 27 38 26 16 17 16 22 8 17 27 17 20 22 16 17 19 20 15 24 20 22 21 12 24 33 13 35 7 
38 19 31 16 15 10 18 21 24 23 20 16 16 19 26 29 20 27 32 28 27 23 23 25 18 16 31 30 10 30 14 22 16 16 21 18 22 26 19 14 17 36 12 22 16 
28 20 26 12 14 20 11 33 22 25 31 21 27 31 28 16 29 26 27 38 19 8 18 35 18 17 37 26 23 16 13 24 16 13 24 19 18 21 25 14 12 27 9 28 13 
22 26 22 7 13 19 17 31 18 32 26 14 21 31 35 27 12 29 26 43 24 35 25 35 31 17 28 37 14 28 18 25 22 18 27 21 16 25 16 11 13 31 13 18 28 
36 25 25 17 25 20 16 30 32 41 26 16 10 13 38 12 19 22 31 32 21 25 19 34 13 9 31 26 17 19 16 26 19 13 23 31 14 17 26 12 18 25 15 24 12 
26 32 45 13 17 16 20 17 24 35 32 8 17 38 29 26 18 16 31 32 15 25 26 22 25 21 24 32 19 27 12 22 12 18 16 34 19 21 11 12 13 39 13 28 22 
12 19 20 10 23 24 16 26 31 19 36 17 25 30 18 30 19 26 26 23 14 28 25 26 28 18 23 24 24 27 22 31 21 21 20 29 20 23 17 13 11 14 17 35 16 
23 21 15 19 14 23 23 16 33 15 23 21 14 19 29 29 22 34 35 44 12 15 23 22 18 18 26 23 21 34 17 34 17 13 23 30 17 22 23 17 19 15 5 24 15 
19 27 16 14 22 14 26 20 22 22 21 14 20 36 24 20 14 32 34 49 15 20 17 26 12 15 7 23 17 27 12 32 18 18 17 22 31 23 22 13 15 25 22 32 18 
33 21 21 20 15 20 19 17 24 25 12 16 29 18 19 24 16 22 20 28 16 31 19 32 16 16 24 36 22 15 20 22 13 12 19 34 11 25 9 20 11 20 15 21 20 
31 27 33 15 17 9 25 19 18 27 27 15 19 28 19 27 21 23 36 35 21 24 9 17 26 9 22 26 21 3 19 34 16 19 16 18 25 26 13 12 16 32 12 19 11 
32 25 31 13 17 19 13 36 14 15 41 15 18 42 19 19 19 16 33 29 8 17 3 24 18 19 19 43 11 20 10 27 17 18 35 35 19 18 24 19 12 34 11 23 19 
22 41 32 20 11 12 19 22 23 18 20 16 9 21 28 22 13 24 27 20 22 24 22 30 15 25 15 31 20 23 12 27 22 16 27 9 33 30 29 18 19 23 14 30 19 
25 27 31 18 14 18 19 33 22 32 15 14 20 35 37 1 12 22 17 40 16 32 20 48 19 11 28 23 23 10 16 20 11 11 21 19 21 20 21 15 13 20 11 31 19 
24 35 22 16 26 22 19 35 37 25 23 18 23 17 20 30 16 18 40 26 30 25 22 24 12 20 19 37 22 21 19 34 14 11 20 31 15 31 15 14 18 39 20 33 19 
27 16 34 13 21 17 16 24 13 14 18 20 8 38 39 24 23 16 39 23 18 30 21 18 22 14 19 22 13 19 15 29 22 13 16 28 22 13 23 18 16 29 13 25 15 
46 11 31 14 22 13 15 21 32 32 32 22 14 26 18 22 27 17 34 25 25 35 25 34 20 15 16 25 19 25 15 19 19 16 27 27 17 28 16 10 15 20 12 21 22 
40 32 27 16 17 7 27 31 22 44 22 9 20 23 26 23 25 26 15 25 16 15 33 29 18 10 22 22 15 22 18 35 13 10 19 17 10 32 11 11 19 50 19 33 21 
39 24 25 20 14 30 17 18 33 32 17 14 13 13 19 37 21 36 18 42 17 23 16 23 15 19 23 26 18 27 20 28 23 14 20 37 27 30 29 12 12 27 17 28 22 
35 30 32 20 18 15 13 26 15 12 38 15 11 32 37 16 22 26 43 20 25 28 29 21 19 15 26 33 21 26 19 34 21 14 25 21 13 30 4 14 17 26 12 16 18 
41 30 21 8 15 12 24 17 17 30 18 9 20 29 35 33 23 28 24 34 15 8 21 22 17 13 20 31 7 26 16 42 16 19 14 31 25 20 28 13 18 29 12 24 15 
24 32 32 19 5 13 20 20 45 19 31 11 22 32 21 31 24 14 44 42 21 25 28 32 12 16 19 24 12 19 13 37 24 15 9 26 16 31 11 17 14 28 10 17 13 
30 21 30 19 15 16 14 21 40 41 31 8 23 35 46 25 22 30 35 30 26 30 27 21 20 26 13 25 16 22 13 24 13 14 31 24 15 19 11 20 20 23 13 22 15 
46 40 29 19 18 15 10 33 31 9 20 12 24 28 41 27 16 19 25 33 16 21 21 16 25 13 33 37 18 29 16 25 14 17 26 21 19 23 17 22 15 28 15 27 24 
33 28 31 16 12 23 19 28 23 33 24 20 16 21 30 20 25 20 34 26 29 22 18 31 25 19 27 24 16 19 17 39 11 17 20 28 15 22 25 14 10 29 14 16 17 
38 15 36 19 18 19 15 34 27 28 29 13 23 20 26 11 13 23 21 33 30 36 16 32 31 18 36 34 14 32 21 28 11 10 17 27 18 20 23 13 17 26 10 23 26 
39 27 28 15 19 21 14 16 31 36 40 23 13 16 38 36 18 28 29 21 21 27 24 30 18 13 28 17 27 22 17 33 19 12 19 24 19 19 19 14 11 22 17 33 13 
14 30 22 19 20 21 20 29 27 21 31 16 19 25 25 25 24 23 32 30 22 25 8 16 24 9 12 42 19 26 17 27 19 11 19 32 11 33 20 14 18 22 14 28 19 
32 31 33 21 13 18 20 21 34 8 23 13 18 35 27 19 29 20 25 20 27 18 18 31 20 18 24 30 18 21 11 24 14 17 22 29 17 16 24 20 14 23 14 16 10 
35 27 38 15 14 17 14 41 34 48 24 20 18 31 24 17 12 24 42 24 24 32 16 26 27 19 27 35 9 25 24 26 25 19 20 17 25 30 18 25 8 27 12 20 13 
21 21 27 15 10 12 19 27 5 32 29 24 6 17 31 25 19 35 24 32 25 27 19 25 27 14 31 21 17 17 23 32 15 17 12 31 31 36 8 13 11 21 17 22 18 
41 31 26 14 13 22 21 31 24 23 18 18 13 32 22 18 23 16 29 38 24 19 17 36 28 21 21 30 15 29 21 23 17 18 27 30 15 23 10 13 17 24 14 19 14 
18 7 4 21 14 20 16 17 33 31 38 17 22 20 26 33 20 17 13 24 21 28 23 17 34 27 27 24 15 21 19 40 18 10 20 35 22 25 30 12 15 27 23 14 15 
22 43 50 18 6 12 17 46 10 30 25 14 8 34 24 23 21 26 25 24 6 37 27 25 11 25 30 29 16 28 20 29 13 17 12 19 25 24 21 21 15 15 16 17 17 
41 38 22 12 23 20 21 41 25 20 8 13 20 13 20 30 21 26 17 27 14 29 27 31 16 24 30 49 15 29 9 35 20 11 14 23 18 21 19 7 15 28 10 23 22 
17 27 33 18 17 28 29 17 23 22 20 15 20 29 23 27 19 26 15 33 17 19 23 21 19 16 22 35 15 23 16 40 16 19 27 21 23 12 16 12 15 23 10 28 20 
42 12 38 20 22 22 24 21 33 17 23 18 7 29 25 15 21 20 28 30 20 20 16 26 14 14 21 35 17 28 16 28 14 13 13 19 10 27 18 19 10 21 9 21 20 
34 28 48 11 25 13 29 23 38 24 30 19 15 27 27 30 21 25 37 41 15 17 11 17 14 10 20 26 10 21 16 21 14 16 17 36 31 23 18 13 19 29 18 22 23 
15 17 20 20 24 17 9 11 27 41 33 20 28 26 25 22 10 24 34 32 24 24 26 27 18 21 20 31 12 20 16 29 19 15 12 42 13 24 22 15 17 30 19 22 23 
15 22 15 18 13 19 25 22 33 19 26 13 17 32 34 19 14 24 30 22 16 29 18 28 19 12 18 37 15 32 13 44 15 18 10 23 19 19 10 20 15 39 19 27 20 
40 37 24 26 5 18 19 29 32 34 25 20 7 29 30 28 23 29 27 38 19 15 17 20 23 6 23 30 6 32 8 14 10 13 17 34 29 18 16 8 18 29 19 25 12 
30 17 43 16 21 24 13 23 37 26 14 17 15 19 42 19 18 18 27 17 19 18 13 33 14 22 25 40 21 23 17 38 17 21 13 31 13 17 13 12 19 23 10 31 17 
44 19 35 23 20 11 25 20 32 23 30 20 19 17 44 34 13 28 41 18 21 24 16 26 20 16 40 33 18 13 20 25 21 14 30 34 29 31 16 6 14 36 14 13 10 
27 13 41 17 17 14 20 20 23 27 15 15 18 17 21 39 24 12 31 21 14 30 18 23 24 15 22 19 17 23 12 29 22 14 26 35 13 24 19 14 17 16 14 26 15 
31 20 22 17 9 10 18 40 30 32 11 7 17 28 21 13 11 29 38 15 20 20 22 24 26 21 12 33 10 26 14 38 20 9 27 31 35 29 20 19 14 22 18 19 20 
18 28 30 10 19 12 20 26 29 35 28 16 5 15 33 30 18 30 25 26 30 23 18 29 12 23 42 46 22 31 18 15 23 17 25 29 21 26 26 17 12 22 18 34 21 
36 25 19 16 29 26 25 26 29 26 25 17 13 31 28 23 21 28 32 28 26 40 16 18 21 11 29 24 19 25 26 36 21 16 26 28 17 21 17 20 23 28 16 13 20 
40 22 30 16 22 18 10 29 23 34 36 11 23 28 21 21 15 30 30 42 23 18 26 29 28 10 22 33 6 24 14 28 22 18 14 33 17 18 31 18 19 31 17 21 16 
38 17 16 18 26 14 13 29 25 24 28 15 17 21 26 21 18 27 28 35 23 34 10 19 23 30 33 26 24 21 4 33 17 17 24 35 12 35 29 16 20 28 22 29 21 
37 20 27 12 27 18 14 33 26 29 29 12 18 24 36 25 21 13 39 35 13 19 17 20 24 14 22 11 12 26 16 33 17 18 33 32 24 22 24 16 11 24 11 17 20 
38 28 32 22 9 19 23 41 16 18 30 14 17 27 30 42 20 14 40 45 16 33 19 36 22 11 20 40 17 20 17 25 14 16 22 32 20 29 20 12 18 23 16 25 17 
40 29 28 14 13 30 27 29 11 35 26 17 19 35 30 19 21 17 21 26 29 30 17 22 27 21 30 31 19 33 22 29 17 15 22 39 15 13 21 19 13 19 17 26 21 
22 21 19 10 24 16 18 31 27 23 27 19 16 33 16 25 24 19 23 31 26 22 14 28 18 22 26 28 15 22 20 19 13 17 26 26 20 9 22 13 10 35 10 18 14 
34 24 27 17 15 10 16 40 19 33 16 17 15 34 23 29 22 25 36 17 31 28 8 22 28 18 29 28 22 25 12 37 11 14 28 28 21 22 14 7 15 25 18 27 18 
41 28 19 11 13 19 27 34 29 23 34 9 15 23 37 31 24 23 33 27 28 35 13 20 13 19 22 19 21 18 22 23 17 21 17 38 14 20 34 16 17 19 19 36 18 
48 8 21 18 17 15 20 26 42 31 36 15 29 19 29 17 19 18 26 23 25 19 18 29 25 20 24 28 23 25 8 29 11 20 12 28 20 20 25 25 17 30 21 26 22 
29 25 25 14 12 17 15 22 24 21 23 17 15 21 45 31 22 26 23 31 18 24 12 27 24 17 23 33 19 22 19 27 12 16 8 25 22 25 23 19 16 28 13 19 18 
39 35 37 15 16 19 24 23 24 22 19 20 28 30 16 22 20 15 35 14 25 33 14 17 24 23 29 28 14 17 20 36 15 15 22 21 20 16 19 17 12 18 14 19 17 
21 28 36 19 12 25 30 30 16 26 24 20 12 13 38 24 25 26 13 18 21 34 22 29 14 25 25 29 16 24 20 18 17 14 26 20 16 22 31 9 15 23 14 30 14 
27 25 40 12 21 13 11 19 29 31 21 13 10 21 28 21 17 20 30 39 19 29 25 20 27 20 27 20 22 23 16 43 12 14 21 37 12 13 13 14 15 8 21 23 23 
33 24 20 15 15 17 16 25 38 14 18 12 17 21 22 22 11 15 22 25 17 32 19 32 12 13 27 37 13 24 15 40 17 16 20 34 19 45 22 11 12 24 16 24 21 
27 22 46 19 26 24 25 16 24 22 27 18 16 40 24 24 24 14 41 50 18 32 19 26 28 11 16 21 26 24 9 28 19 13 17 48 25 36 23 16 18 21 14 26 16 
9 23 37 14 22 23 25 32 27 24 16 12 19 21 32 17 15 22 30 20 19 16 14 22 27 18 14 32 19 31 24 33 17 9 21 34 21 27 29 12 11 34 21 20 29 
25 39 19 23 18 26 13 34 19 33 23 10 22 30 24 20 22 30 23 33 15 30 22 30 22 22 20 21 14 22 20 24 22 12 22 18 20 28 25 19 14 19 15 20 13 
38 27 42 18 19 20 15 32 27 43 19 16 27 30 26 27 5 34 48 31 14 29 15 27 19 15 15 30 16 15 13 22 18 14 29 26 8 17 22 16 13 29 16 28 18 
22 19 29 21 17 18 21 27 27 25 20 21 12 26 27 11 21 26 33 37 22 17 18 26 15 20 34 36 7 16 20 30 12 14 29 28 23 19 1 21 14 31 9 30 21 
19 29 23 10 16 24 30 23 39 23 27 13 20 27 15 32 18 35 37 57 25 14 11 32 18 16 12 31 18 13 21 43 14 22 13 18 21 5 18 14 19 25 19 27 17 
29 23 30 19 12 18 27 28 34 23 22 10 14 26 33 30 22 22 20 25 13 34 19 21 13 7 25 32 17 27 15 32 16 21 14 21 22 23 21 12 12 16 12 31 25 
41 31 41 18 18 20 17 27 21 25 24 19 35 13 23 33 24 27 17 34 11 32 23 26 21 15 25 31 24 20 23 35 16 11 33 9 18 40 26 17 14 16 12 7 28 
34 24 20 18 20 18 22 11 11 42 27 16 20 14 38 16 17 36 25 12 17 24 18 16 17 21 15 19 22 17 15 40 13 14 27 21 28 25 36 19 15 27 17 43 25 
32 22 35 21 22 14 6 34 23 20 18 18 25 40 21 31 21 32 28 45 14 32 22 30 20 27 23 29 18 20 18 22 15 24 27 25 21 30 12 16 18 29 14 27 17 
43 24 27 17 11 17 11 39 31 26 33 16 17 35 23 39 28 15 20 27 16 22 13 28 24 19 21 31 21 34 24 29 13 16 23 29 25 15 20 10 7 31 15 34 20 
46 32 40 22 23 16 16 33 23 19 11 20 14 18 37 23 28 27 28 25 9 24 19 28 23 18 24 32 22 20 15 32 19 20 13 21 23 22 16 11 17 23 14 18 20 
29 25 36 13 19 16 16 22 21 25 14 20 22 27 19 26 4 31 29 16 17 30 28 24 12 15 21 28 26 25 10 29 10 18 21 21 20 22 16 10 13 26 22 29 18 
28 24 27 17 26 12 30 28 37 25 11 12 21 21 27 21 24 27 17 36 26 37 17 23 19 17 27 30 21 26 15 19 13 16 26 31 11 28 27 16 13 35 10 39 23 
32 25 28 15 16 16 16 22 23 25 38 18 23 20 27 28 18 19 26 34 17 31 16 36 14 22 15 33 13 12 15 24 9 24 13 27 8 34 26 12 23 16 19 30 18 
35 22 32 11 16 14 24 34 27 22 36 21 6 22 29 23 21 22 34 34 15 13 24 17 24 18 25 30 17 23 11 34 19 13 22 22 18 30 18 21 14 29 11 25 8 
26 29 52 17 23 15 15 31 29 50 31 14 23 18 24 28 13 22 23 26 23 35 17 18 22 16 27 29 21 18 18 27 21 15 28 41 15 26 16 13 19 20 13 24 14 
18 28 34 15 17 13 23 24 25 37 18 13 22 22 16 26 16 30 26 41 21 32 16 21 18 15 16 34 11 17 18 28 9 20 14 30 25 24 15 16 8 30 17 16 11 
19 30 22 18 13 17 12 29 18 35 29 14 25 16 28 13 20 23 37 33 19 13 17 15 24 16 25 38 19 19 15 19 13 13 14 36 17 17 17 20 19 25 19 15 12 
32 35 19 19 11 17 16 23 23 26 21 16 19 32 36 35 25 27 45 31 14 23 28 23 23 16 27 20 15 22 14 36 17 16 29 37 21 29 16 16 12 29 13 26 13 
19 35 24 19 16 12 22 39 36 27 26 12 22 17 29 33 21 20 38 34 21 24 29 33 7 19 24 50 25 17 23 27 13 23 20 26 19 28 25 20 15 15 20 10 16 
17 35 35 18 22 11 15 24 26 18 3 13 15 17 26 21 16 25 33 27 20 29 4 18 24 10 20 37 26 15 13 37 15 18 16 41 18 30 25 19 9 14 16 26 22 
43 36 40 21 21 18 15 21 32 29 31 18 10 28 26 32 28 29 27 42 13 23 35 25 25 27 15 31 22 17 14 42 23 11 19 45 22 20 20 12 15 25 15 35 11 
48 26 28 23 26 23 16 40 20 21 33 16 18 21 35 31 23 23 34 17 28 38 18 24 22 17 27 20 24 27 18 32 16 13 19 7 24 16 14 11 11 28 14 21 21 
25 37 29 23 16 20 22 31 24 25 34 17 17 31 19 21 5 24 26 27 16 25 29 29 18 19 29 32 22 27 14 17 17 17 20 38 15 32 36 19 8 26 16 18 10 
44 17 44 10 13 10 16 23 15 34 15 13 15 27 31 24 16 25 34 41 19 26 13 14 26 21 20 37 5 24 16 32 15 13 21 27 18 22 13 16 14 16 16 27 20 
37 19 38 14 15 22 18 27 39 39 31 13 22 31 28 17 13 15 32 27 11 26 25 21 19 8 25 32 26 22 18 25 4 13 19 28 21 29 19 13 16 14 10 26 13 
41 20 16 10 25 20 15 28 17 26 29 13 7 38 31 23 11 16 28 32 20 29 21 28 21 17 12 40 19 22 14 17 20 18 18 36 23 24 26 10 15 39 11 19 31 
14 38 19 17 15 26 18 20 15 28 29 15 6 23 22 26 18 22 41 39 13 28 22 18 9 13 25 27 32 21 9 29 11 18 21 32 16 28 19 11 11 22 10 13 13 
33 33 31 14 19 11 24 34 29 21 28 16 20 28 24 18 17 15 26 26 14 28 21 24 30 15 20 27 12 19 13 23 17 17 18 18 19 23 8 17 20 34 10 22 12 
31 20 21 14 16 14 15 30 12 16 40 20 18 35 22 23 25 29 37 16 34 15 21 21 11 17 25 19 29 20 19 52 14 16 13 24 16 15 27 13 15 32 14 27 22 
27 28 11 18 12 15 19 26 25 37 24 17 21 33 32 17 25 27 26 21 8 15 23 28 18 15 23 20 22 25 12 27 16 9 28 15 23 23 17 11 10 13 12 35 18 
29 18 22 20 18 25 18 22 26 31 24 20 20 30 23 16 21 16 47 25 22 26 17 28 7 13 27 35 23 19 20 21 22 9 25 21 22 22 14 14 19 14 14 32 7 
24 23 37 22 11 18 11 15 33 23 27 8 13 29 25 32 13 30 29 39 30 40 20 17 15 14 31 30 20 27 15 44 26 3 24 44 20 13 25 19 14 43 10 21 18 
21 26 46 15 22 11 29 24 28 22 10 9 10 25 30 15 25 27 33 28 18 25 18 27 16 12 27 29 13 19 19 41 15 18 36 18 13 16 21 21 16 25 17 26 28 
22 23 36 11 12 18 14 27 26 15 33 16 16 33 33 29 22 23 30 37 19 38 19 24 17 19 17 34 25 23 17 26 20 14 15 46 17 18 18 19 15 12 23 15 21 
39 30 39 15 15 20 15 35 28 17 23 20 15 22 32 31 16 24 42 39 19 27 18 20 26 17 25 33 26 16 18 31 15 12 29 33 13 16 17 11 15 23 15 31 14 
29 23 33 12 13 25 26 36 20 25 23 20 13 24 27 30 22 29 10 45 22 22 22 17 17 24 28 34 21 16 19 56 21 15 22 30 14 38 15 11 26 31 11 37 22 
43 15 23 12 20 13 24 29 28 25 28 18 14 28 33 30 24 15 36 20 21 29 34 14 21 13 20 31 21 26 16 27 17 22 22 38 12 24 31 13 18 20 12 15 31 
39 16 33 17 15 9 13 29 23 29 27 12 15 27 33 28 8 12 18 35 23 19 20 29 19 17 24 25 15 28 27 21 10 8 13 23 26 17 28 17 18 34 18 21 23 
35 18 31 12 19 19 20 26 18 21 22 7 22 19 15 18 15 19 21 17 25 31 22 26 28 18 36 33 10 14 13 34 15 9 11 18 21 37 22 19 14 22 12 19 19 
17 29 35 23 26 10 11 33 40 29 27 18 16 16 36 10 15 9 33 48 21 40 22 21 24 26 17 32 16 19 14 21 12 10 15 22 19 21 20 20 18 27 14 32 17 
28 44 35 16 15 5 13 32 33 26 20 18 17 27 27 9 23 20 19 33 19 25 25 26 24 15 21 16 23 25 20 29 12 17 22 32 18 37 19 15 13 23 13 28 24 
30 25 40 18 23 22 14 28 16 23 15 15 32 17 30 21 14 11 28 19 10 29 16 18 12 13 18 40 14 19 13 28 16 10 12 34 21 30 28 12 19 31 18 14 16 
34 28 40 16 18 10 15 19 25 29 24 19 17 19 11 19 17 26 38 33 23 25 18 38 23 12 25 34 22 13 21 28 13 16 19 18 9 27 18 14 16 26 18 25 14 
33 34 9 18 15 15 8 26 31 18 13 10 17 23 35 20 15 24 48 36 19 24 24 38 24 17 26 29 13 22 13 33 17 20 31 30 19 30 12 16 3 25 12 19 28 
16 30 37 14 20 11 11 25 36 25 29 5 16 29 32 25 12 27 13 23 30 23 16 23 21 21 32 42 18 27 18 39 18 17 25 11 19 28 19 14 12 25 7 12 23 
27 17 31 21 17 15 8 14 35 35 31 18 23 28 22 20 10 23 42 34 15 25 13 28 15 14 14 28 16 26 11 33 15 12 15 28 18 24 21 15 22 29 17 29 20 
25 32 32 17 19 19 32 31 30 24 21 19 14 18 30 32 14 19 25 32 29 13 19 9 18 10 37 12 13 15 7 44 15 17 26 39 15 46 25 16 12 33 15 39 16 
41 29 32 11 8 10 7 21 28 27 17 13 19 23 33 17 14 25 45 38 18 17 21 17 23 15 22 12 25 27 13 30 22 10 19 37 21 25 7 14 17 12 12 30 18 
28 22 48 14 23 20 25 23 15 25 29 15 11 31 41 21 6 12 42 30 10 18 20 34 21 13 20 33 21 14 16 29 15 11 13 23 14 11 27 12 18 26 10 40 14 
22 16 26 19 22 11 16 34 22 41 32 20 19 33 17 15 16 26 48 42 10 36 25 25 22 10 20 41 26 12 24 17 19 17 27 28 17 29 15 15 21 28 14 30 25 
28 12 23 12 22 14 15 28 25 24 36 18 19 23 25 21 15 19 28 32 18 31 33 25 25 19 21 36 19 26 12 29 12 13 11 27 22 26 24 18 17 23 12 22 20 
32 39 18 19 16 20 19 24 18 25 22 18 18 17 29 26 31 14 17 30 17 14 23 34 15 19 33 32 25 31 20 18 10 13 22 24 13 31 18 9 17 18 10 26 16 
15 31 30 19 22 13 19 27 11 17 18 18 20 20 24 17 23 29 25 31 16 24 13 28 21 15 29 21 12 27 18 31 10 14 16 28 28 25 13 26 8 16 10 27 13 
22 23 31 16 22 18 15 29 25 21 17 16 13 22 14 29 10 24 12 34 26 22 24 22 22 15 24 11 15 20 15 40 12 13 17 35 16 14 17 20 13 19 16 22 15 
51 26 24 12 23 20 17 18 26 50 33 16 21 24 30 23 24 22 29 32 16 32 23 22 22 22 35 25 11 21 10 33 19 19 23 27 20 27 20 18 12 24 11 20 17 
34 28 25 11 12 11 21 14 24 18 24 10 12 24 13 28 14 21 42 35 18 33 21 22 7 17 28 25 21 30 7 33 9 17 25 29 21 30 26 9 17 33 19 25 22 
25 24 22 19 18 24 14 32 24 30 34 18 11 15 22 26 22 20 51 16 18 27 15 14 26 22 33 27 20 17 18 12 11 15 21 38 15 17 20 14 20 31 14 19 19 
19 32 27 18 26 19 8 12 31 32 24 14 9 35 40 24 18 24 34 27 14 27 24 28 18 18 21 28 23 27 16 40 15 12 16 25 19 27 15 7 23 17 12 28 28 
28 29 43 18 19 21 19 33 35 32 27 9 8 14 31 27 23 33 30 39 37 34 27 24 8 14 17 34 18 19 18 29 22 18 24 28 21 17 25 16 15 16 14 37 13 
13 32 26 17 22 17 24 25 33 38 26 19 26 30 25 23 25 30 29 44 24 24 23 31 24 12 22 38 11 12 10 45 26 14 12 18 16 21 13 9 11 22 20 17 24 
19 30 14 19 19 14 9 32 44 17 18 12 11 30 34 29 9 33 20 31 19 18 26 21 17 14 26 47 26 29 19 39 15 11 20 36 13 11 20 3 18 20 8 21 15 
23 26 19 17 20 14 12 25 17 23 32 9 24 25 32 21 22 26 46 31 20 7 15 26 20 13 28 30 17 21 16 27 9 15 23 33 7 27 29 19 13 27 12 33 22 
33 32 33 20 21 15 19 30 23 19 27 17 20 31 33 29 16 19 33 43 3 29 11 28 37 11 28 30 22 24 16 9 12 7 28 34 22 27 20 14 7 28 12 22 14 
33 27 25 23 19 13 18 23 30 38 20 7 11 8 25 19 21 29 38 49 18 32 9 22 18 14 18 35 20 32 21 34 19 12 11 23 15 28 8 23 18 9 22 22 22 
23 31 35 20 20 9 15 19 20 25 27 8 18 13 30 16 16 22 33 56 26 14 21 33 16 15 15 32 26 20 17 23 11 16 17 20 27 30 15 15 12 31 13 22 26 
27 19 17 21 26 20 21 35 26 27 28 24 16 26 41 20 16 28 16 36 30 28 25 15 25 19 30 29 18 25 11 32 21 16 17 41 18 20 20 17 14 12 12 22 12 
30 28 34 11 22 9 27 32 18 11 37 18 25 35 31 27 22 22 35 24 21 24 22 26 20 14 23 18 15 16 25 12 11 9 24 29 13 32 22 20 18 20 17 22 9 
24 14 41 15 22 10 18 24 16 31 25 13 16 27 38 36 21 16 30 19 30 30 26 16 27 9 20 20 19 26 11 27 18 18 8 35 22 21 12 17 18 19 16 27 16 
26 11 48 16 14 13 15 38 25 26 20 13 15 32 32 37 16 28 18 13 23 19 11 25 12 5 29 29 20 19 12 32 13 7 26 22 20 27 20 11 16 23 20 29 14 
30 35 20 15 23 15 18 26 29 27 18 10 19 27 24 25 17 12 35 14 11 21 21 25 29 16 29 21 28 19 9 31 15 17 16 20 16 18 15 22 12 25 16 34 14 
25 28 19 20 11 17 23 13 22 33 29 17 12 26 29 25 11 26 17 34 18 32 21 22 21 12 19 28 15 15 12 27 20 12 24 24 16 36 19 13 23 20 16 14 19 
31 28 35 15 15 25 14 31 22 19 29 12 11 23 33 20 19 22 30 4 18 35 29 29 15 20 21 32 20 26 17 21 19 17 16 17 18 36 20 4 14 21 20 23 24 
37 23 33 15 14 16 26 11 32 32 14 11 16 19 27 26 21 20 36 41 19 20 38 6 28 3 30 32 12 14 19 31 15 15 15 21 21 25 34 16 12 35 12 27 19 
14 24 21 25 11 12 20 38 35 40 23 11 17 18 32 12 19 22 26 32 18 16 20 17 19 22 33 24 22 30 17 30 16 21 22 38 16 12 21 9 20 28 11 34 16 
27 38 22 20 15 9 25 27 25 33 17 10 20 21 33 16 15 27 47 39 22 25 27 27 22 18 30 20 23 22 6 30 16 17 21 25 15 23 18 20 12 20 15 40 21 
45 34 34 16 13 13 19 34 16 31 20 23 15 28 41 32 20 25 33 27 8 17 17 28 27 20 27 30 17 21 19 29 20 22 35 29 9 22 27 12 17 19 12 29 19 
29 28 36 26 26 16 12 26 38 27 35 16 30 34 28 14 10 23 33 24 24 19 21 34 15 20 20 38 2 36 18 27 11 10 9 23 15 23 19 22 16 25 21 22 13 
34 24 36 15 14 17 18 14 37 19 18 13 14 44 30 30 19 20 32 30 19 28 33 17 18 19 13 19 9 18 23 27 17 14 32 20 11 21 18 15 18 32 15 35 11 
41 24 28 17 20 20 26 39 36 20 36 14 14 28 29 21 21 10 28 51 19 34 25 22 11 9 23 35 11 29 12 14 17 10 13 25 23 20 16 18 15 26 17 19 15 
43 35 29 20 18 15 23 35 33 22 20 23 19 27 19 26 24 26 38 30 17 23 22 17 25 12 36 30 11 18 12 22 11 14 18 42 26 24 25 15 9 23 26 31 17 
43 43 28 19 20 10 20 34 23 27 30 13 23 26 22 28 20 24 30 19 23 17 18 39 27 16 17 37 15 27 9 35 18 14 14 21 22 33 27 4 9 24 13 8 23 
46 29 28 14 21 20 13 20 16 27 17 12 16 36 21 28 18 23 32 24 20 39 18 12 12 13 22 26 16 28 12 25 21 17 16 37 17 13 32 8 14 30 12 25 14 
19 25 50 13 24 18 23 24 19 23 28 18 22 41 24 23 9 30 29 31 17 7 15 21 17 22 13 29 20 31 15 32 8 18 20 30 15 11 29 19 10 29 7 37 11 
30 30 47 24 12 19 13 17 16 31 33 12 14 34 26 17 15 18 25 22 16 23 20 31 18 10 27 27 19 17 21 27 15 15 16 34 19 29 23 11 13 38 25 24 27 
29 28 21 17 19 17 12 26 11 21 27 18 23 33 26 22 25 28 26 31 13 20 15 21 23 14 18 32 17 19 11 19 11 19 20 23 20 21 30 16 18 15 16 25 13 
23 26 33 24 18 14 16 26 27 21 38 14 29 25 23 19 13 19 35 15 27 21 22 30 18 18 19 36 20 29 10 33 17 23 27 34 16 19 20 21 12 31 19 19 22 
29 34 37 19 23 21 18 30 38 25 27 12 13 21 45 27 14 26 50 38 15 32 10 31 17 22 16 27 19 35 17 40 19 17 14 35 14 21 23 16 22 12 6 37 12 
18 32 39 18 11 14 17 25 32 25 21 26 25 24 18 13 17 15 18 36 27 21 18 23 20 15 27 37 14 22 19 20 15 15 25 24 28 28 18 9 14 29 16 29 19 
35 25 35 11 19 24 11 37 30 15 33 8 16 28 35 28 9 23 29 40 23 21 27 24 22 19 12 19 12 16 15 16 15 17 19 29 15 34 29 11 8 34 16 25 4 
24 32 31 20 18 16 15 21 25 26 26 14 11 36 36 15 8 23 23 19 24 13 20 14 27 9 30 25 19 21 23 32 20 12 19 21 17 34 19 14 13 24 13 20 19 
39 34 45 20 12 19 14 26 21 30 14 8 23 21 28 27 17 21 23 32 18 30 20 25 17 10 36 22 14 21 18 30 16 15 22 39 15 24 15 13 18 26 15 26 13 
37 28 29 11 13 20 22 31 14 28 28 17 23 33 31 17 13 9 34 23 19 26 23 30 11 15 21 31 17 16 14 34 18 12 21 33 11 23 28 14 7 28 14 16 12 
36 24 22 19 27 23 15 21 36 23 37 13 19 21 28 27 27 27 35 16 24 25 21 29 21 12 37 18 26 20 15 32 22 18 30 25 19 24 6 11 17 46 11 32 18 
21 24 26 20 8 21 16 36 27 32 22 8 15 28 27 38 11 15 30 36 20 14 20 29 18 15 21 33 27 24 19 27 20 11 38 29 24 25 22 5 14 22 16 33 10 
26 32 25 18 16 16 24 31 16 38 22 22 19 36 23 16 9 20 12 41 29 24 22 22 20 10 25 41 14 26 15 42 12 10 25 30 23 25 22 9 16 31 14 38 24 
37 25 27 14 25 16 22 26 30 26 39 18 20 24 35 30 17 24 34 33 22 32 30 25 23 22 30 21 13 19 16 38 17 14 26 28 19 23 14 15 17 20 10 21 21 
22 37 41 15 22 22 16 9 27 24 28 13 8 28 23 24 16 20 35 34 18 33 16 28 12 18 13 36 13 12 15 23 21 13 10 30 19 42 20 15 12 29 18 39 23 
35 14 46 11 14 10 23 30 18 22 28 17 20 33 27 32 12 17 29 32 15 29 21 31 23 20 28 27 21 26 18 43 15 12 20 36 23 21 24 17 13 26 13 24 16 
27 21 40 25 17 19 11 15 27 18 34 15 16 32 24 20 8 28 20 26 19 40 23 25 27 26 26 20 18 22 21 33 16 17 11 31 22 23 18 4 14 28 14 31 19 
13 34 30 24 9 15 15 42 16 37 30 18 13 24 26 29 21 19 30 16 24 26 32 11 31 17 38 36 15 26 7 34 18 11 21 25 17 22 21 14 14 9 13 25 19 
11 26 36 14 23 24 11 27 19 14 10 24 24 28 40 19 19 24 22 26 19 39 13 36 19 18 19 46 26 18 17 13 17 14 25 26 15 25 15 10 19 26 16 17 18 
38 31 28 23 15 10 14 26 33 19 29 16 14 33 32 41 9 25 37 43 16 23 23 17 34 20 22 36 24 15 17 44 20 20 22 28 26 24 28 16 15 26 15 35 15 
26 22 27 9 12 18 13 22 27 14 28 11 23 28 49 25 20 25 21 17 10 17 18 23 16 19 25 30 16 20 18 18 16 20 24 26 18 23 22 21 18 23 17 19 19 
29 30 36 17 20 10 17 25 22 43 30 15 22 45 42 32 14 19 14 37 23 29 24 19 26 17 32 30 20 25 16 36 19 15 25 31 19 19 19 10 13 19 16 27 22 
44 19 25 18 23 12 19 28 19 25 27 11 15 24 24 18 16 33 16 15 25 25 24 20 11 22 20 34 10 26 13 30 18 11 13 37 13 22 19 9 12 11 8 32 20 
34 22 22 12 22 20 18 31 35 29 35 13 8 35 30 28 24 16 25 36 21 19 21 29 13 25 25 34 7 24 18 20 17 5 25 35 23 24 5 20 14 29 20 31 23 
40 12 35 10 18 14 15 23 30 30 24 15 17 27 41 15 21 24 26 25 16 25 14 23 25 6 18 24 25 21 8 28 19 17 14 33 16 19 12 14 15 19 14 28 23 
31 32 22 7 30 23 16 23 18 22 27 15 24 20 27 26 19 27 36 18 11 27 26 26 16 22 25 27 15 16 20 35 23 15 21 35 6 23 21 11 8 24 17 25 17 
21 19 39 11 11 3 21 31 23 12 17 18 11 22 32 31 22 26 37 20 24 21 14 17 24 15 19 14 21 39 19 34 19 18 9 42 22 24 29 12 13 19 13 23 24 
30 25 25 12 18 21 14 14 27 20 21 18 22 32 24 18 21 25 37 25 23 31 15 21 21 6 23 22 16 18 17 32 16 20 12 32 15 20 21 14 18 17 6 19 20 
22 18 33 10 19 13 20 32 23 37 33 15 13 17 16 31 13 15 39 29 22 23 20 26 16 16 21 18 22 27 18 23 16 17 19 36 8 25 23 15 17 32 14 25 14 
27 20 22 21 16 9 6 20 24 26 34 11 11 29 18 22 22 23 24 36 13 24 24 16 22 15 20 26 22 30 11 50 10 13 25 22 19 26 19 14 14 17 16 13 19 
27 20 20 19 13 23 13 27 30 20 14 14 19 24 17 28 23 20 9 30 25 26 20 18 26 14 17 27 21 8 17 43 16 10 21 41 19 14 20 11 17 14 22 34 20 
38 19 30 15 16 26 15 28 15 42 30 15 16 38 43 14 18 20 38 34 16 26 24 24 18 18 21 34 27 21 18 43 11 15 12 30 28 28 26 12 12 28 14 32 14 
24 21 46 14 22 11 17 35 28 30 28 15 23 8 35 25 9 17 33 20 28 20 18 30 17 24 23 34 18 17 22 25 14 15 22 37 25 35 22 15 19 34 18 31 18 
44 23 29 12 24 19 17 34 19 29 14 17 26 30 28 10 19 16 31 39 15 29 31 30 16 10 21 41 20 13 11 30 19 9 24 30 19 19 25 14 8 25 12 17 26 
27 32 33 6 10 35 19 19 30 21 23 9 27 29 20 26 19 30 18 10 14 23 17 27 10 16 21 29 15 16 14 27 18 16 19 30 21 35 22 17 12 33 16 19 18 
34 36 44 22 19 15 14 30 23 30 19 18 7 31 36 27 20 31 28 29 27 34 22 14 22 15 35 23 16 12 12 35 12 13 19 31 16 8 16 17 16 16 13 24 23 
36 22 22 16 16 15 27 44 29 27 24 19 20 35 28 29 21 19 20 31 26 32 12 26 25 16 26 30 11 29 16 34 14 14 28 28 16 12 24 13 14 22 12 18 17 
31 30 45 21 27 20 11 22 33 32 34 14 11 27 43 30 19 15 30 30 11 19 16 28 15 18 28 22 13 14 18 20 15 16 22 28 25 25 15 14 10 26 17 26 28 
12 17 19 9 11 23 19 31 25 22 31 8 18 27 37 23 18 31 36 25 16 27 19 20 14 14 24 33 22 5 13 18 20 18 3 19 21 15 12 16 17 34 20 21 15 
31 15 30 15 9 22 11 21 26 20 28 6 27 16 33 31 15 31 35 23 10 29 24 12 26 27 22 22 17 35 19 35 10 9 22 34 26 24 17 17 9 27 15 34 23 
47 25 31 12 23 13 18 29 39 14 26 20 13 25 9 32 22 24 28 44 27 29 28 41 20 18 39 35 16 18 14 24 24 13 15 40 13 25 23 17 10 17 20 15 10 
30 29 33 14 13 14 21 14 32 22 40 15 22 23 23 29 13 19 16 32 20 20 20 24 22 21 30 36 24 23 12 38 22 9 29 17 20 13 18 17 22 24 12 27 20 
33 26 27 17 23 22 15 10 23 9 22 16 17 27 28 19 22 27 29 39 22 26 21 30 25 20 34 40 27 19 18 40 16 21 21 45 19 32 19 14 15 34 12 23 20 
17 29 31 17 17 21 22 20 16 15 24 26 13 23 21 39 16 22 28 33 26 27 19 37 23 17 28 23 17 16 21 29 14 19 23 41 29 17 20 13 17 33 16 22 16 
18 24 30 6 22 3 15 19 29 5 31 9 8 24 26 20 9 20 28 42 9 17 15 18 21 18 17 30 21 26 16 24 20 16 23 20 16 25 20 9 16 16 13 26 32 
22 30 29 22 21 20 22 27 22 21 36 12 17 44 40 19 19 19 23 27 27 5 22 27 8 8 21 25 12 8 15 36 12 18 16 20 20 28 16 15 17 26 12 21 11 
32 26 31 15 18 21 18 22 30 44 31 18 23 35 32 41 19 20 26 30 26 33 29 27 28 7 29 30 22 20 8 26 12 8 22 33 14 39 22 9 18 34 20 33 20 
15 25 28 12 19 15 8 22 19 21 37 13 13 27 19 31 15 27 30 39 19 21 22 29 24 12 21 30 17 27 18 13 8 22 11 37 16 42 11 11 11 9 22 33 19 
36 30 37 12 26 10 19 30 27 27 24 11 20 28 21 26 6 14 23 51 12 34 18 17 20 21 32 33 25 17 14 36 18 16 22 34 22 18 21 2 13 24 18 13 11 
37 30 35 12 22 27 15 30 20 30 25 17 16 13 26 32 20 27 23 27 20 35 20 39 26 26 20 36 14 22 13 34 19 13 11 26 19 26 14 15 12 23 13 32 16 
37 27 27 20 14 11 10 25 30 18 21 12 10 36 28 30 12 19 27 22 24 29 31 26 19 14 30 26 21 20 21 25 21 18 29 29 21 39 12 17 15 29 15 24 15 
33 30 28 12 14 15 11 25 35 29 20 12 18 22 26 23 27 22 32 27 14 24 23 30 27 13 22 34 19 21 19 28 19 20 13 19 19 23 31 18 19 22 18 43 19 
32 20 24 10 8 12 14 22 27 20 27 11 26 31 38 14 12 19 23 27 20 28 34 18 13 12 15 18 14 21 9 21 14 16 21 33 18 19 16 18 22 26 17 27 16 
28 42 28 13 13 18 15 42 30 27 23 12 16 13 29 32 21 21 29 33 19 27 30 29 19 27 30 20 19 18 16 26 13 10 17 47 22 13 15 13 20 32 14 29 19 
35 38 26 15 16 11 20 35 29 32 36 7 13 33 24 28 13 27 20 36 19 24 27 22 18 11 25 34 32 24 12 27 11 17 15 26 12 21 16 16 22 35 13 42 13 
27 29 37 22 11 17 21 28 20 15 23 18 26 33 15 25 16 21 32 32 29 32 12 17 16 17 23 27 17 33 21 39 15 19 19 28 18 26 19 13 11 22 13 23 21 
32 26 28 19 21 19 22 22 26 21 20 18 29 21 34 29 25 15 46 24 25 40 21 18 19 16 29 23 16 26 20 29 17 11 24 39 20 31 26 6 17 15 15 24 24 
32 31 43 26 11 19 13 18 29 36 30 13 13 10 23 37 29 22 20 22 19 30 26 27 31 11 24 27 20 17 18 31 19 14 24 21 18 21 22 10 8 24 15 20 18 
21 18 48 17 18 14 11 26 41 24 20 17 9 30 34 29 13 10 41 41 25 14 25 27 22 12 26 23 19 19 20 33 13 14 25 43 19 29 19 10 16 17 19 25 19 
26 26 26 23 23 12 17 31 22 33 33 17 23 23 48 28 12 20 39 42 23 17 28 25 27 18 23 33 20 21 22 39 18 16 16 30 17 13 24 18 21 10 15 27 36 
21 20 51 19 17 17 14 26 27 39 25 13 17 21 32 21 18 23 44 31 14 29 20 20 22 14 18 38 10 16 11 31 22 13 30 39 22 35 21 12 12 28 14 11 16 
38 21 22 15 22 25 18 18 24 18 36 13 13 26 40 25 19 15 35 25 23 20 19 35 15 15 36 42 16 15 13 23 19 15 13 15 22 22 25 14 17 25 15 13 15 
33 33 26 18 22 22 20 7 15 38 28 14 24 25 25 34 28 27 37 42 20 28 21 16 19 21 22 36 23 29 13 30 12 9 23 31 20 33 18 21 12 13 21 24 14 
17 19 40 12 26 22 18 15 25 33 27 9 14 29 24 32 19 18 25 42 24 42 24 16 8 7 18 29 20 20 24 43 22 15 22 23 21 31 17 7 23 36 12 32 14 
35 24 31 18 13 19 16 33 17 33 30 15 21 16 21 24 21 20 39 22 22 21 27 26 19 11 28 22 17 15 20 40 11 16 14 23 11 25 18 24 17 29 12 30 18 
44 29 35 16 14 20 25 25 28 31 23 17 19 29 25 35 26 31 16 34 23 22 15 27 25 16 27 28 19 14 10 28 16 13 16 31 22 23 19 16 12 28 7 18 14 
20 18 17 25 29 6 7 27 31 16 23 17 13 38 22 17 23 30 12 22 21 12 20 24 16 7 22 39 16 28 22 40 16 18 19 19 13 30 20 15 19 18 13 21 16 
29 30 52 9 18 4 17 23 16 34 28 13 17 23 36 24 14 30 26 44 13 31 20 28 12 14 29 28 14 14 14 31 14 17 23 25 17 19 23 15 5 17 18 29 22 
30 23 28 14 17 12 23 33 22 12 32 17 17 32 31 16 19 20 34 29 22 25 7 29 30 22 24 25 20 12 13 17 21 16 19 40 17 26 16 17 19 23 12 27 17 
27 25 33 17 16 20 22 34 18 30 22 21 13 25 36 30 13 17 50 38 15 27 30 27 13 15 27 35 22 15 19 15 18 18 20 32 19 31 31 13 19 29 12 32 20 
34 16 33 17 19 10 14 24 19 27 26 17 16 18 19 43 16 23 30 31 16 20 13 40 10 25 17 15 16 20 17 35 16 7 23 38 13 20 15 16 17 24 24 27 21 
20 28 33 24 23 19 18 23 25 24 23 11 21 22 10 31 25 22 36 30 27 27 13 6 18 27 19 33 16 30 16 31 19 22 14 40 20 25 24 13 19 26 19 27 17 
16 30 26 17 24 8 23 16 27 28 27 12 19 27 23 32 19 33 33 25 22 35 26 22 23 18 24 40 26 23 17 33 19 18 15 23 14 28 12 15 8 18 18 25 24 
33 32 28 19 20 16 17 30 24 34 37 15 6 22 28 18 14 17 27 41 25 17 27 29 19 11 15 25 35 31 19 41 19 18 21 31 18 19 21 21 17 19 16 32 13 
28 27 11 14 10 24 19 24 22 29 36 13 13 27 33 18 14 14 31 14 23 23 16 26 29 24 32 41 19 17 9 27 27 15 21 31 13 31 20 13 21 33 15 9 18 
44 17 30 18 19 26 23 27 18 19 33 20 20 36 25 25 25 26 25 39 26 30 24 29 17 25 21 30 13 24 11 37 8 20 33 25 11 18 25 10 11 26 13 21 18 
18 33 15 21 14 15 17 25 26 16 28 9 23 26 33 14 16 29 31 24 19 13 25 19 21 20 26 22 14 34 13 20 14 6 14 38 13 26 14 12 15 12 14 21 16 
30 28 17 18 21 14 22 20 37 36 26 15 17 30 22 24 27 21 25 23 25 22 17 13 18 22 27 31 4 23 12 13 15 13 11 38 24 35 20 16 14 23 19 38 19 
45 25 18 17 19 16 23 32 30 36 29 15 17 24 39 23 29 17 31 32 10 29 24 25 14 19 37 43 22 28 16 32 22 21 21 24 18 29 19 10 9 20 11 15 20 
33 17 32 20 29 20 15 43 29 35 26 12 16 31 22 26 23 15 39 26 18 18 24 28 14 13 17 47 25 15 16 35 17 13 15 34 21 25 34 18 20 21 13 30 16 
23 21 26 18 27 25 23 22 26 42 25 15 14 13 25 41 15 22 28 34 5 35 24 33 24 21 23 39 23 27 13 40 8 15 27 37 19 22 30 22 17 33 18 35 19 
33 24 11 14 20 14 25 35 31 29 26 17 14 31 32 26 16 28 36 38 20 28 24 19 30 21 26 39 20 21 12 32 8 10 12 22 18 32 16 17 14 31 16 41 9 
36 22 45 19 13 18 10 31 24 28 25 14 17 34 33 20 18 19 38 36 9 34 17 18 4 25 25 19 10 26 20 26 16 13 17 37 19 19 13 19 11 28 11 33 21 
36 19 20 16 15 14 11 12 30 27 24 15 17 27 37 30 19 21 35 24 32 27 20 23 12 23 35 25 16 25 16 31 19 18 19 31 8 17 23 19 22 16 19 28 16 
21 31 28 18 19 21 18 21 21 42 29 17 12 26 24 40 21 22 29 31 16 27 24 11 22 16 25 39 22 28 17 20 14 16 18 18 12 10 14 25 20 30 21 26 14 
24 28 54 16 7 21 17 32 38 28 33 15 34 29 33 20 13 35 35 28 7 28 19 18 20 12 36 29 17 23 13 35 2 19 19 29 20 30 12 22 14 12 15 22 33 
29 28 31 11 20 26 11 28 13 34 28 15 5 34 34 34 18 10 32 41 24 21 28 21 18 15 41 23 16 23 15 25 15 17 21 32 18 34 20 15 19 26 22 29 18 
34 29 42 14 17 17 12 29 19 20 15 15 17 27 30 22 23 28 28 28 20 21 14 27 17 24 24 24 13 15 18 34 24 11 16 37 23 20 8 12 9 23 18 25 16 
18 17 33 14 12 20 21 14 25 15 27 18 26 35 29 26 14 20 45 15 24 10 14 23 23 15 30 38 21 31 9 46 19 11 18 35 15 23 20 13 8 36 13 22 17 
36 29 26 11 10 15 22 34 23 20 30 18 18 31 34 8 13 20 30 28 22 20 19 31 17 10 32 10 14 27 18 11 17 17 16 31 14 31 29 7 18 41 19 24 17 
45 30 30 15 15 20 20 20 25 26 31 15 19 28 16 31 24 19 47 30 38 32 25 11 23 11 26 39 15 19 16 31 13 9 18 28 15 39 22 14 9 31 8 20 15 
27 27 20 14 12 16 16 22 23 29 35 21 28 21 38 9 22 22 34 39 16 30 22 31 17 27 22 35 12 21 11 28 20 14 10 29 11 13 19 12 4 27 10 17 20 
46 27 28 18 11 18 20 34 35 25 9 27 23 34 32 12 17 38 17 9 21 25 10 27 21 18 19 21 18 17 18 17 18 21 31 33 18 28 18 15 16 23 16 18 12 
31 26 39 16 16 16 11 27 24 27 31 11 16 25 29 20 16 25 23 27 17 21 18 27 16 18 32 35 24 17 16 33 22 15 11 23 18 28 25 22 19 20 21 10 9 
39 24 28 19 23 23 16 26 29 22 25 15 20 26 49 21 13 14 32 50 17 23 19 29 19 14 27 34 20 29 19 14 24 19 4 25 13 17 27 11 10 31 17 32 29 
17 29 44 12 14 31 16 36 22 24 23 20 20 32 30 27 16 30 29 40 15 20 22 23 17 18 28 25 12 31 17 40 15 14 23 31 16 23 28 17 13 37 15 23 23 
38 10 27 12 23 14 5 24 28 35 26 15 19 27 22 30 15 21 27 29 16 24 21 23 18 17 27 37 12 25 10 28 14 25 19 37 20 24 14 14 18 26 6 38 24 
61 39 17 21 18 22 27 20 30 29 24 17 10 24 30 29 24 30 23 33 23 30 14 17 19 22 22 29 21 26 11 35 18 15 28 23 18 20 16 14 7 21 18 31 22 
12 45 20 14 18 20 19 25 29 35 36 14 21 18 32 30 10 22 25 23 17 33 22 18 14 18 26 33 16 21 13 31 18 7 15 34 13 23 22 16 8 21 11 30 19 
19 28 35 11 19 17 11 9 25 32 30 13 27 21 31 8 17 13 27 32 5 29 20 19 10 13 19 38 17 26 16 24 13 14 14 23 20 22 19 18 23 22 16 31 24 
31 30 42 17 10 26 26 24 28 27 29 16 17 29 42 27 19 21 19 24 23 18 16 17 20 21 25 27 19 20 21 36 24 10 11 27 20 15 20 15 17 23 12 20 24 
32 31 46 15 24 12 12 26 35 8 37 14 22 33 12 25 16 20 33 47 18 26 29 27 16 27 9 20 12 32 14 31 23 21 18 33 14 22 20 13 14 16 12 25 21 
34 28 33 20 20 20 23 21 14 10 25 10 15 17 24 34 20 18 35 29 16 17 22 33 21 18 23 30 10 37 15 19 13 18 24 24 20 29 24 12 11 7 14 19 22 
11 34 26 19 15 8 20 26 22 18 20 18 18 12 39 21 22 15 34 28 20 26 25 26 24 20 21 26 25 25 10 36 14 3 35 28 21 32 28 14 9 17 20 25 10 
26 13 17 17 24 13 17 25 25 14 30 11 22 33 17 19 10 23 9 31 19 26 7 27 17 19 28 25 13 26 12 20 17 21 29 18 16 21 28 23 10 26 16 24 17 
32 39 29 14 11 14 18 39 18 23 25 4 10 17 18 20 17 19 39 12 22 26 11 24 17 20 16 27 16 18 20 15 16 15 15 41 13 25 22 15 15 16 16 20 26 
29 23 19 13 15 24 23 31 27 24 17 19 20 19 24 21 21 15 27 27 30 27 10 8 30 15 26 25 21 27 14 34 17 20 10 28 28 19 24 23 17 25 23 30 20 
27 31 29 17 16 21 13 17 14 27 35 15 20 26 50 32 23 21 20 24 24 16 10 21 17 18 18 20 23 13 17 13 15 18 17 31 16 13 14 14 15 36 17 30 20 
21 27 24 15 9 14 9 18 23 23 22 18 19 20 27 27 22 12 34 39 27 27 21 23 12 18 25 25 16 21 17 22 18 17 9 24 10 18 32 22 14 21 14 41 24 
15 23 20 15 6 27 13 30 26 26 32 11 23 18 23 30 25 29 33 33 22 33 27 14 16 18 22 21 10 19 17 34 20 16 27 38 14 30 17 20 21 20 19 26 31 
26 21 37 21 22 21 10 40 23 34 30 18 24 24 33 14 18 18 26 32 27 23 18 19 15 11 25 29 25 22 16 26 21 18 7 33 24 29 18 10 9 23 8 27 27 
31 30 10 12 22 17 15 28 40 29 31 11 20 17 36 20 25 26 22 25 19 39 19 31 16 20 38 44 18 16 18 24 18 24 15 18 24 23 25 21 15 32 11 26 19 
23 24 28 13 16 10 16 30 30 37 22 13 12 20 20 41 7 20 29 21 22 33 17 27 22 22 13 27 14 23 20 29 16 10 20 43 14 25 18 22 23 17 18 17 13 
26 24 29 15 19 16 15 30 19 26 31 15 20 23 16 25 21 14 30 38 20 39 30 27 26 21 27 43 21 25 19 29 22 10 22 30 18 21 24 14 13 10 12 18 18 
42 24 21 14 14 6 14 25 30 38 14 13 19 24 38 23 7 28 26 25 23 26 22 13 18 18 25 26 20 32 18 30 17 20 20 31 17 25 3 10 14 32 11 37 18 
19 28 27 16 21 17 20 28 34 33 39 19 17 27 24 26 12 22 21 29 26 22 16 31 27 25 25 40 16 16 18 16 7 18 19 30 18 25 18 21 12 27 19 26 9 
35 28 33 21 21 17 12 26 27 23 27 15 16 16 31 17 18 29 37 34 28 31 22 24 17 19 30 33 13 17 17 20 13 17 18 26 18 17 27 15 3 26 17 36 22 
12 14 21 20 23 15 18 33 33 35 31 17 15 27 27 38 21 26 19 33 14 29 26 24 17 17 9 27 15 28 9 26 22 25 20 15 20 25 25 18 15 41 10 7 17 
13 11 27 16 23 22 22 21 22 25 27 13 27 22 31 18 17 13 25 44 12 21 22 18 11 7 31 34 18 23 18 22 19 12 16 23 20 4 19 13 8 25 20 23 11 
31 21 32 16 20 12 14 21 8 25 30 18 24 29 27 41 6 26 38 35 12 17 8 27 16 25 15 31 17 20 16 21 15 19 25 23 31 15 25 16 15 18 20 14 18 
28 33 33 16 30 21 8 27 28 19 22 13 18 23 20 24 15 23 32 23 29 11 20 42 22 23 24 38 11 16 17 28 10 11 15 37 15 26 13 18 11 22 22 19 29 
32 30 27 17 19 25 16 23 11 27 15 12 16 32 36 34 11 17 40 12 18 29 12 26 20 23 11 23 9 12 18 38 12 17 16 29 17 17 30 12 13 23 19 21 26 
24 27 32 12 17 17 17 28 16 33 26 18 25 25 20 17 20 30 29 34 12 19 17 21 19 19 17 33 16 18 17 34 20 14 26 31 15 21 16 19 13 15 16 32 24 
31 20 33 18 16 16 11 23 28 26 15 18 17 26 33 22 15 18 26 29 17 26 26 26 29 15 37 39 15 11 14 41 16 23 18 18 11 24 30 21 11 26 15 37 19 
43 33 41 22 15 11 12 35 22 13 35 14 21 25 34 33 34 23 33 28 16 32 18 25 22 14 24 28 26 28 15 46 15 14 20 31 9 15 33 15 10 35 10 20 13 
42 21 32 21 18 17 24 22 39 33 28 13 14 24 28 29 18 27 41 43 19 22 13 32 20 16 24 8 19 15 14 32 19 20 15 25 18 26 15 22 14 9 13 29 12 
24 22 25 7 15 18 17 25 20 35 25 16 19 19 38 26 21 23 28 20 20 33 16 23 20 17 18 29 21 27 17 42 19 16 5 38 24 21 21 12 17 23 20 13 22 
31 26 40 9 17 20 14 28 34 26 29 11 21 29 34 29 24 29 34 21 6 19 17 26 19 18 18 37 21 9 17 38 17 14 20 29 11 13 14 19 15 26 16 21 17 
28 27 28 19 19 18 18 8 22 36 26 24 23 15 33 25 20 25 37 41 27 14 26 35 18 15 24 28 10 21 12 34 16 13 12 33 20 18 25 17 17 32 19 32 21 
29 33 31 19 22 15 24 15 25 35 23 18 16 22 27 31 19 26 18 30 21 21 24 23 24 20 14 43 24 26 15 25 18 18 32 47 17 14 21 10 19 29 16 33 17 
25 11 17 13 17 26 19 18 22 26 25 14 12 14 16 32 18 18 31 36 27 32 17 17 23 24 25 23 6 24 15 27 15 20 25 9 17 23 20 15 20 40 22 21 23 
36 22 25 20 22 16 21 23 28 26 15 8 25 23 30 26 14 26 39 42 30 23 17 25 28 22 21 32 19 16 17 47 14 13 16 15 15 39 15 10 17 25 9 37 15 
26 14 24 16 19 18 10 30 26 19 20 15 19 34 40 32 12 19 20 52 25 32 24 18 23 19 41 35 22 24 15 21 23 16 22 27 24 27 33 17 12 24 15 33 21 
31 18 26 17 8 19 17 26 26 15 26 13 13 29 43 26 23 21 16 21 31 29 16 28 17 18 26 28 9 22 18 33 12 20 17 22 13 24 27 19 9 30 17 29 26 
35 15 53 19 25 23 20 20 29 23 31 13 13 41 42 22 15 36 41 21 24 25 21 11 13 11 27 29 19 34 24 26 22 17 20 33 17 19 23 14 13 10 14 20 16 
29 41 40 25 17 10 22 25 17 31 18 18 26 18 30 29 15 25 28 38 15 30 26 12 15 8 26 19 21 21 18 28 22 17 19 36 12 7 20 12 14 29 14 26 23 
28 20 34 18 23 22 15 18 24 29 9 14 19 31 26 24 18 17 26 28 23 18 22 31 33 7 12 21 26 30 20 33 17 17 16 22 15 35 9 22 18 29 14 36 15 
30 15 30 22 18 16 18 29 34 34 31 17 18 20 34 24 9 21 27 30 16 23 28 35 12 13 29 26 20 32 15 34 17 17 18 37 15 27 25 21 14 38 13 26 26 
31 39 16 18 19 21 16 31 24 28 21 13 16 27 37 21 22 30 41 46 24 28 22 27 26 13 21 30 10 29 17 32 17 8 23 36 8 23 17 9 13 17 10 22 17 
30 21 38 15 22 19 18 13 35 31 27 14 25 33 36 40 18 26 30 35 15 22 26 29 25 19 33 30 16 22 12 30 14 12 16 26 22 25 21 10 10 15 14 24 10 
30 29 40 13 18 17 8 21 31 20 28 16 16 32 40 26 13 21 30 21 5 31 26 26 24 16 22 29 24 22 16 39 12 19 20 44 20 18 18 9 12 24 12 25 15 
9 25 25 14 13 11 22 20 25 37 27 16 24 16 26 18 25 29 29 25 17 24 18 26 25 12 28 22 13 27 16 18 10 13 8 37 17 22 22 12 10 25 15 30 17 
20 17 19 16 20 16 26 23 15 16 24 11 17 27 21 23 18 30 39 18 18 27 22 14 15 12 28 21 22 24 21 41 22 22 20 31 15 31 25 22 24 24 14 30 19 
24 26 19 12 24 17 22 35 39 19 24 11 16 25 27 30 18 24 20 36 17 27 15 38 22 10 26 32 20 32 17 37 10 11 11 22 17 38 30 18 21 16 16 31 15 
20 34 26 16 20 11 21 32 24 30 22 10 10 21 36 27 14 22 22 48 12 17 15 36 13 19 26 37 21 28 13 28 18 24 18 21 25 19 27 3 12 26 7 45 15 
24 24 24 19 23 19 15 26 29 31 23 13 19 36 32 16 20 21 23 38 14 30 22 33 10 19 24 18 12 12 18 24 26 11 22 18 13 18 21 22 18 24 14 20 20 
27 14 34 17 21 19 14 25 14 24 17 14 24 25 15 19 23 27 40 20 17 27 29 21 27 19 22 18 15 26 16 38 11 13 16 22 15 16 23 16 11 19 9 21 15 
40 37 17 12 17 18 15 21 30 31 15 11 23 24 28 25 20 31 31 32 10 23 16 24 17 20 14 40 10 18 17 34 17 14 14 38 20 9 21 5 12 32 17 30 18 
29 37 38 16 25 21 16 24 19 28 33 13 9 21 27 23 23 21 31 34 19 39 14 23 24 19 24 25 15 33 15 30 22 18 9 34 18 32 9 8 13 22 19 35 21 
44 14 28 22 12 16 17 19 32 35 23 18 17 18 40 21 24 15 19 26 20 27 29 25 32 10 28 32 19 26 14 27 18 18 19 25 18 29 16 21 11 29 20 32 25 
29 22 48 14 21 18 12 31 25 35 33 18 8 25 16 27 8 23 29 12 21 17 30 22 36 10 30 32 14 16 12 30 17 22 21 36 11 19 16 10 20 22 16 21 18 
39 22 36 14 23 25 23 24 30 15 23 13 7 27 22 26 18 22 23 42 16 31 13 34 28 25 20 25 17 23 20 16 18 9 21 35 13 18 17 19 18 17 13 29 20 
31 17 25 22 19 20 11 32 27 20 12 17 11 26 12 15 13 26 27 41 15 38 23 36 18 11 36 43 18 29 12 26 15 16 17 23 17 33 20 19 14 8 11 25 20 
26 32 41 18 26 7 13 25 26 30 32 10 22 24 46 16 23 20 25 37 2 34 17 27 16 13 15 19 15 14 24 35 20 19 15 48 20 16 19 16 15 37 9 41 12 
29 28 18 21 20 10 18 19 34 20 23 11 21 16 5 13 11 21 29 38 25 15 16 20 21 17 21 26 16 18 24 34 16 12 14 32 10 39 22 15 15 27 17 20 23 
24 27 33 16 23 29 22 18 36 13 11 10 15 32 24 20 19 30 35 34 23 23 25 22 13 8 21 37 17 28 19 37 11 15 26 30 24 27 6 8 11 38 18 22 12 
32 30 34 14 22 7 20 27 23 31 19 23 28 24 30 30 16 22 32 46 28 27 20 28 10 19 31 50 28 22 15 37 14 11 29 25 22 26 20 10 15 22 17 21 18 
26 24 37 6 16 19 8 34 24 23 24 6 21 25 33 29 18 24 40 56 24 12 30 12 9 14 24 24 7 13 19 24 16 11 32 42 9 25 25 9 13 20 17 24 16 
39 33 22 16 17 11 21 13 33 11 29 16 19 29 29 18 13 30 24 42 23 19 27 31 21 23 17 32 21 21 24 29 13 9 16 42 4 21 10 16 11 41 15 18 22 
23 25 24 14 19 17 11 18 15 28 36 19 8 29 30 30 20 21 15 28 24 26 25 20 23 11 20 41 13 17 19 26 13 18 21 7 17 30 19 18 17 12 19 33 13 
38 32 30 23 14 11 24 27 22 25 23 11 9 15 42 21 15 15 15 47 22 30 30 32 29 14 32 30 13 24 13 25 20 13 23 22 22 25 16 18 14 34 16 13 21 
26 23 28 10 12 23 15 27 33 41 17 16 22 22 10 14 19 20 32 19 16 29 25 40 19 19 15 31 11 11 16 14 16 16 9 28 26 28 22 14 18 37 14 25 11 
28 32 29 14 14 12 11 35 22 19 37 11 14 25 21 31 14 17 38 25 15 32 8 28 30 28 35 55 15 20 9 29 9 16 18 31 13 30 30 16 13 11 12 30 11 
18 31 41 7 11 8 16 29 14 21 31 11 23 8 27 17 14 10 34 23 22 37 21 31 22 29 19 22 16 26 11 26 14 13 28 21 22 22 15 17 17 29 9 17 23 
32 15 28 15 9 19 24 35 24 36 34 17 25 25 25 27 18 26 37 41 19 28 33 17 12 23 20 37 16 24 12 29 16 15 23 31 22 30 15 12 14 17 16 28 22 
32 37 35 12 23 17 16 26 36 30 24 16 25 18 42 14 27 15 21 26 17 29 15 25 14 12 17 26 13 23 20 26 7 12 23 48 21 28 28 17 11 22 14 27 18 
16 31 21 17 11 23 23 32 38 32 29 13 16 25 27 20 15 32 27 34 30 25 27 32 22 15 18 34 17 22 17 34 19 17 9 32 20 26 24 20 21 31 11 27 16 
41 21 47 9 23 16 20 25 32 31 15 21 16 21 13 15 23 23 24 19 23 30 34 18 13 16 24 44 14 18 16 29 10 13 15 34 18 9 21 9 15 26 13 27 20 
30 31 20 14 18 18 22 36 24 17 31 14 20 23 31 29 18 17 23 29 21 25 20 14 24 23 16 37 21 15 19 34 14 16 16 16 8 27 18 13 12 15 12 19 15 
45 15 28 22 18 9 20 27 25 34 16 15 19 19 33 17 23 18 26 25 18 25 12 25 27 13 30 47 14 9 11 34 19 15 27 26 24 17 16 13 22 40 19 18 28 
30 36 30 20 19 20 23 30 25 42 23 18 17 18 27 24 18 25 35 32 19 23 27 20 24 19 19 24 26 23 13 13 14 17 19 33 11 22 21 19 18 18 14 23 19 
29 26 26 12 21 22 18 27 22 40 47 13 21 26 27 19 20 37 37 21 17 19 12 17 22 18 20 29 14 30 21 26 19 19 10 36 19 40 22 8 17 20 21 17 26 
37 25 39 12 11 20 8 29 26 23 30 19 19 25 34 32 14 29 33 24 27 38 22 22 22 27 28 19 12 19 18 18 9 13 20 21 18 31 17 15 13 16 18 11 16 
37 25 37 11 17 9 16 23 30 23 36 15 17 25 23 27 20 16 41 31 19 14 16 14 26 20 29 44 13 24 11 27 13 11 19 27 19 33 23 24 18 13 9 14 20 
32 24 19 25 16 18 23 19 36 21 19 15 16 21 17 27 8 23 21 34 9 13 27 23 19 20 16 32 21 29 17 42 11 16 25 23 20 24 24 18 19 25 16 25 18 
26 26 26 12 11 19 14 35 33 31 23 14 12 22 27 30 10 27 32 22 15 30 12 20 15 9 25 21 20 24 11 41 21 9 29 37 20 15 11 10 10 22 10 27 15 
25 25 39 10 11 8 22 27 21 38 37 13 11 28 23 30 18 19 31 28 28 14 23 30 10 10 42 39 18 29 18 23 21 18 21 31 13 23 13 15 15 22 10 19 25 
42 30 21 12 15 16 15 30 21 26 37 9 24 24 32 16 23 28 41 33 21 22 18 27 18 18 20 40 18 19 23 23 25 11 28 31 3 23 24 3 16 24 16 23 24 
25 34 28 15 24 16 21 33 20 21 34 13 14 18 22 16 24 17 25 13 25 29 21 28 9 12 26 49 18 20 19 31 14 20 18 25 29 28 22 16 19 35 17 28 17 
29 33 31 13 19 11 24 19 22 21 23 14 18 33 22 29 10 25 31 21 31 16 31 40 2 26 20 40 26 16 18 29 16 15 23 24 18 32 19 21 13 13 6 23 20 
38 11 23 14 21 20 23 20 30 23 36 15 18 23 40 28 10 25 33 39 25 13 24 15 28 12 32 27 19 14 13 27 17 17 14 30 15 23 19 7 20 21 11 16 11 
29 39 48 21 13 12 23 17 26 37 27 14 22 21 32 13 20 32 25 29 29 25 18 24 8 17 30 22 4 15 22 26 23 15 24 26 14 28 17 10 19 15 19 29 15 
25 21 32 7 16 19 18 22 21 19 20 14 22 30 33 30 24 18 20 27 17 19 15 19 14 22 28 31 18 18 15 45 17 10 21 9 19 23 19 19 19 21 15 25 23 
22 23 35 19 10 23 17 22 41 29 29 18 21 26 39 15 15 19 16 23 28 15 18 31 10 15 28 22 18 18 15 20 13 17 16 35 16 18 13 9 14 29 15 24 20 
33 33 27 15 9 19 13 16 29 42 7 16 18 24 36 13 15 18 29 19 16 20 16 23 13 10 26 23 25 18 19 11 10 19 27 36 22 18 22 14 22 32 19 29 21 
32 27 26 13 22 21 22 25 24 30 17 16 24 14 34 23 18 27 31 32 26 25 15 18 16 17 36 17 22 15 18 49 19 14 15 28 17 14 17 12 15 20 19 27 24 
12 23 24 16 20 17 26 17 34 34 27 15 22 28 10 30 15 21 28 27 18 26 11 17 20 21 26 32 13 30 12 21 13 4 10 17 9 11 29 13 22 33 13 15 20 
41 22 38 14 18 15 13 17 26 35 41 20 15 33 17 13 25 20 36 47 18 29 18 33 27 11 40 18 18 27 17 28 20 15 22 11 19 23 15 19 19 15 16 26 22 
36 19 23 17 18 14 14 24 17 41 24 16 21 27 33 29 12 23 26 16 23 37 15 9 30 13 22 27 5 7 15 43 17 14 23 28 17 20 13 8 20 11 18 34 11 
28 29 16 26 14 17 17 32 24 9 24 7 20 27 34 22 13 23 32 18 25 25 27 28 17 12 32 33 10 17 18 35 15 17 16 25 12 30 26 12 16 22 5 23 20 
25 26 28 20 16 14 18 26 35 13 24 14 14 16 19 19 27 18 25 42 20 20 22 7 25 19 25 45 12 8 12 29 15 18 19 37 24 36 7 23 15 14 19 24 20 
7 20 25 16 12 22 14 27 12 24 29 16 11 13 23 13 12 30 26 32 15 19 16 27 13 19 35 43 13 21 20 32 18 16 17 23 21 19 19 10 15 26 26 26 15 
40 27 29 12 15 19 16 24 30 26 27 11 21 30 35 26 16 27 17 28 25 24 14 27 15 19 33 33 16 24 20 32 10 18 22 27 20 27 12 16 10 15 8 32 16 
39 30 39 21 15 19 15 28 30 36 17 13 19 19 34 32 21 24 41 29 15 12 22 31 14 22 9 24 21 24 17 20 16 13 12 31 16 21 23 13 20 26 20 28 20 
18 23 26 14 17 19 21 19 16 39 26 12 11 21 49 25 16 26 30 21 14 19 15 16 23 18 26 29 20 29 14 40 20 19 21 18 17 31 19 13 16 31 14 23 20 
20 20 38 20 10 11 23 17 29 44 24 11 21 28 27 15 21 27 19 23 16 24 20 17 26 18 28 35 23 19 15 23 15 20 23 22 13 25 17 12 18 35 16 38 24 
24 18 18 14 18 18 17 29 35 19 20 16 14 29 27 20 24 10 23 31 28 26 18 8 12 18 30 28 19 16 13 39 20 12 24 27 11 27 20 23 13 26 22 29 22 
13 25 30 16 19 18 17 35 24 38 19 15 24 24 33 22 25 34 26 38 21 7 25 10 19 12 33 33 19 35 12 27 13 10 18 37 15 22 23 15 13 14 16 22 21 
40 23 33 13 22 18 19 22 18 25 31 19 14 32 41 26 16 27 42 22 18 32 20 38 16 14 30 29 22 28 21 26 19 16 17 19 14 21 38 14 17 16 14 5 11 
22 24 30 15 22 25 15 30 7 22 19 11 4 35 36 27 21 18 21 28 22 18 27 21 8 15 22 33 19 23 21 22 13 16 10 35 20 16 27 13 20 17 16 27 22 
32 24 52 8 24 19 15 27 42 7 17 12 22 30 37 22 21 27 17 33 23 34 19 18 25 16 16 35 22 27 15 19 19 10 10 32 20 31 11 13 16 9 21 24 12 
42 18 39 20 10 16 15 22 24 29 28 19 22 24 21 28 20 19 31 33 19 17 21 31 24 20 23 29 21 24 19 25 20 20 27 37 26 14 16 13 12 7 15 26 22 
25 26 36 24 16 9 15 16 16 37 27 11 17 34 21 18 12 21 16 25 25 27 11 20 18 16 7 34 15 31 19 32 11 14 26 26 24 21 17 12 16 28 5 27 20 
16 28 25 18 19 1 28 29 33 17 34 13 19 26 16 11 17 20 27 41 16 24 11 28 17 10 15 37 16 21 12 30 16 19 19 27 21 27 28 13 19 26 17 25 10 
30 33 21 12 17 22 17 27 29 30 28 19 19 32 31 31 12 22 31 27 23 27 18 31 13 16 28 17 17 31 14 28 24 12 15 37 21 11 17 13 16 17 21 33 21 
16 15 34 10 16 18 26 21 27 36 35 15 26 25 39 27 17 23 19 38 17 25 26 27 23 10 26 34 16 26 15 23 14 15 18 24 15 18 20 21 14 28 13 24 14 
31 28 29 13 10 14 15 7 29 20 23 16 11 32 26 34 27 22 26 39 27 18 22 27 17 15 24 39 20 30 11 25 22 20 17 32 18 21 15 9 18 24 15 24 28 
37 23 14 20 14 18 14 34 20 17 23 13 25 23 34 18 17 20 11 42 27 23 22 27 16 13 27 20 22 16 16 23 17 10 19 38 26 43 14 14 15 26 18 36 17 
31 26 19 19 23 23 21 25 19 29 26 4 23 31 21 19 18 13 34 16 16 21 28 20 23 20 33 29 18 20 19 24 13 22 9 35 22 18 16 17 21 22 15 17 15 
28 38 32 15 18 21 19 27 30 21 32 17 22 28 37 14 14 18 33 22 22 28 16 17 17 21 21 27 24 19 17 34 5 18 17 34 23 11 23 15 18 19 20 36 15 
43 30 28 17 18 21 17 30 24 29 12 20 23 19 22 22 22 17 23 5 25 34 13 27 22 9 24 16 24 21 18 26 12 10 9 43 20 25 22 20 17 20 7 34 31 
16 29 31 17 15 14 12 5 21 12 34 22 13 39 24 27 18 24 34 34 29 33 19 27 14 16 29 33 17 19 17 45 16 11 9 25 15 21 23 17 15 25 14 25 15 
45 30 30 16 21 13 16 28 32 30 26 15 23 28 43 17 10 34 25 40 17 38 18 19 19 26 34 25 16 15 18 32 19 17 22 30 16 30 16 11 8 22 19 22 10 
32 41 23 18 14 12 24 20 38 29 38 18 16 20 30 14 8 23 40 37 17 26 23 16 18 21 21 25 7 31 20 35 11 16 23 33 28 31 19 18 13 41 8 20 26 
35 33 24 16 23 15 21 25 14 22 27 15 22 20 27 22 14 36 28 28 19 22 24 13 28 10 36 32 15 33 16 35 12 18 14 25 17 22 23 19 8 23 4 20 15 
19 27 50 13 25 14 24 26 21 37 31 10 10 23 23 28 16 25 21 19 20 32 14 18 22 14 22 6 25 22 17 26 14 11 22 18 24 30 36 16 18 23 19 26 21 
31 37 23 11 14 19 20 25 24 13 26 19 19 28 33 27 24 13 20 27 22 19 21 30 16 17 30 18 10 23 11 41 11 18 22 32 15 20 28 13 11 24 15 26 23 
12 28 38 22 29 15 23 30 26 24 35 22 15 13 37 33 14 25 29 9 21 13 14 25 23 19 23 21 21 34 15 8 16 20 30 24 30 29 22 15 16 21 12 17 28 
31 22 30 11 21 8 13 37 26 28 24 15 7 18 16 23 22 21 37 26 18 27 19 21 32 10 25 17 12 21 10 33 12 19 18 31 18 25 14 18 13 24 22 23 9 
18 24 39 19 22 16 23 17 28 14 38 22 17 18 21 13 18 23 29 42 17 24 23 17 18 7 34 31 21 19 14 31 17 14 16 23 19 19 21 13 18 26 16 34 22 
23 33 18 21 20 13 13 35 23 12 13 17 22 23 28 24 15 21 25 28 27 35 27 24 14 20 24 37 17 20 17 30 13 16 26 20 15 17 20 20 20 33 9 11 15 
36 34 52 9 16 18 11 29 29 31 14 6 13 25 28 22 15 29 40 18 18 24 29 24 19 25 38 37 17 14 21 31 19 17 18 37 22 22 29 19 17 23 14 27 14 
18 34 4 18 16 21 20 34 23 44 24 21 25 30 35 20 27 28 33 34 16 31 13 24 22 21 23 37 15 28 17 32 13 21 6 34 26 28 10 13 18 37 25 31 21 
41 20 26 15 17 18 21 19 17 38 24 15 24 39 33 20 26 22 22 29 21 29 24 24 16 16 16 33 22 24 16 27 15 13 20 42 22 23 11 10 12 24 16 23 19 
25 39 38 18 21 16 16 32 17 39 40 14 20 24 25 20 20 31 32 26 23 26 16 20 29 17 11 32 14 18 17 35 24 14 17 21 34 23 18 10 10 30 15 20 19 
31 21 29 16 19 17 9 24 24 29 8 12 20 20 38 25 24 26 31 40 16 24 16 26 25 25 33 32 19 11 6 44 20 8 17 14 14 22 21 16 11 26 13 30 19 
24 32 23 15 18 13 16 33 28 35 29 19 9 9 30 13 15 11 28 26 17 31 13 36 19 9 25 25 19 21 22 27 17 15 12 44 24 27 25 21 20 31 11 32 16 
29 27 44 18 21 19 12 21 30 13 35 15 21 26 41 17 24 21 27 33 22 13 18 27 20 21 21 34 18 24 16 36 15 13 14 25 18 25 23 18 23 40 20 26 23 
36 32 39 21 21 13 17 19 21 25 28 14 9 22 16 37 23 17 31 36 25 19 14 26 15 21 25 29 16 24 16 37 16 18 21 22 16 23 18 11 11 34 20 21 19 
11 23 29 15 22 24 15 20 24 39 27 9 23 15 27 24 14 21 32 30 13 21 26 30 31 20 26 31 21 32 14 28 16 13 17 44 24 13 20 16 18 41 19 28 13 
20 19 28 19 27 19 12 34 30 34 27 14 24 15 23 27 15 28 23 24 19 36 21 31 19 11 22 24 18 23 20 20 7 12 12 35 18 23 19 12 12 28 14 36 11 
16 30 45 16 22 13 18 18 32 26 24 11 15 18 33 24 23 24 32 30 19 22 18 21 21 16 35 22 21 26 16 22 14 9 20 44 16 32 24 11 13 22 7 13 15 
21 24 32 18 21 11 23 21 33 32 40 22 18 22 17 15 25 22 25 31 14 17 8 20 24 14 19 36 21 20 15 26 18 15 12 35 15 21 19 16 14 11 18 20 13 
44 17 34 17 19 16 9 25 20 13 33 11 22 16 20 22 9 13 43 27 27 16 31 34 17 21 39 22 24 12 16 18 20 21 20 34 19 25 19 17 17 31 11 29 21 
26 27 45 18 17 9 20 19 24 25 21 17 14 27 22 22 20 23 26 34 17 27 25 25 15 15 26 33 19 21 14 35 13 4 18 34 13 27 23 18 13 23 16 30 18 
22 25 32 15 11 27 15 26 33 41 18 16 26 26 33 38 15 21 26 14 23 20 14 4 22 21 16 26 21 16 21 27 8 23 23 34 26 17 21 21 19 20 16 33 25 
25 36 9 17 13 24 12 12 30 30 31 11 17 14 41 13 12 16 39 38 26 18 30 15 12 17 36 38 19 28 11 25 13 19 10 32 18 26 22 10 13 26 14 32 22 
27 18 30 15 14 17 22 20 36 32 29 21 10 27 39 17 11 18 37 6 22 22 25 16 29 15 30 31 22 26 18 38 15 20 15 22 7 25 25 8 11 18 5 18 13 
25 33 34 13 20 21 22 32 26 35 22 13 17 25 31 22 25 16 32 32 20 23 24 14 24 23 23 33 25 24 15 33 11 10 18 27 21 29 20 9 13 25 18 33 22 
29 18 32 22 20 14 19 38 25 31 30 24 22 24 20 14 11 21 39 41 10 19 22 21 12 18 25 30 26 27 14 43 14 14 32 38 14 21 24 16 17 23 15 15 14 
29 16 34 18 9 12 14 38 31 30 28 24 10 36 33 33 16 29 26 22 14 28 20 33 28 18 19 34 18 24 17 12 18 16 26 27 18 32 16 10 17 25 14 23 26 
33 26 35 14 20 20 16 30 28 16 29 18 18 24 33 46 12 19 25 51 21 30 29 30 23 17 45 39 11 15 17 20 15 15 13 37 21 23 8 10 17 23 13 9 18 
26 23 27 9 14 17 18 28 16 35 35 10 16 17 15 20 20 26 32 33 11 37 14 17 15 19 22 28 19 16 17 33 20 12 22 29 20 22 21 9 9 23 19 21 14 
34 26 46 17 22 24 20 22 33 20 35 20 21 20 43 33 19 23 32 26 7 23 24 10 29 17 26 32 21 25 16 21 11 16 18 31 15 25 16 11 12 33 16 16 21 
19 19 37 16 24 23 18 24 31 34 25 14 12 15 18 19 15 23 17 25 15 27 16 16 19 21 19 12 11 19 19 29 11 12 16 45 11 24 21 20 14 23 16 21 17 
36 25 19 17 18 14 6 24 32 26 30 14 22 20 39 29 18 25 36 38 9 26 22 12 18 20 12 31 17 10 15 25 15 11 35 41 15 9 27 19 14 19 13 26 25 
33 29 22 6 20 17 20 26 26 23 28 12 19 32 24 8 16 22 33 32 21 19 12 18 15 17 20 33 10 20 14 32 14 17 33 26 15 24 23 19 19 35 9 22 12 
44 47 30 26 22 20 10 21 36 36 13 12 12 23 21 31 13 32 30 37 5 23 18 36 27 22 38 22 14 30 22 30 16 18 26 36 20 35 31 12 15 36 7 20 16 
51 16 24 22 18 16 18 24 18 18 24 13 13 35 26 24 15 29 24 26 21 22 17 26 24 26 24 30 21 15 13 29 14 15 27 29 13 18 17 8 16 16 11 13 20 
30 34 29 11 24 15 14 33 32 32 36 22 24 25 37 30 19 24 25 12 21 26 25 22 19 22 30 20 23 19 12 37 11 17 18 26 20 27 19 17 19 20 16 20 10 
43 20 32 17 19 15 16 22 12 26 24 13 14 36 35 28 18 14 22 45 32 15 19 30 16 22 27 22 17 14 16 33 16 14 24 38 29 27 13 14 16 32 16 24 22 
23 26 35 21 19 16 17 39 26 19 17 15 22 11 20 13 19 32 48 17 17 27 16 24 18 14 12 25 13 26 19 25 15 14 18 24 14 25 17 13 13 25 17 35 22 
31 34 42 16 17 16 11 31 16 20 6 16 24 30 45 14 7 25 51 8 15 36 24 28 16 13 19 23 23 21 14 37 15 16 29 22 22 24 5 15 12 27 15 27 9 
35 31 41 16 24 31 25 32 21 11 16 11 17 25 39 11 16 23 43 42 18 23 18 24 20 17 20 30 17 12 17 35 20 12 17 26 15 18 11 11 18 35 11 19 13 
18 30 18 18 18 14 29 31 44 24 27 13 21 31 23 20 24 18 41 26 23 14 25 28 20 16 29 27 22 19 12 23 22 18 33 34 18 13 18 12 12 33 16 20 17 
34 25 25 13 8 22 20 22 20 31 23 15 17 18 32 33 16 13 34 41 15 23 14 8 20 10 20 31 12 21 19 31 16 7 21 30 13 27 17 16 13 24 11 21 22 
33 23 50 20 24 18 21 31 29 15 24 15 21 22 35 22 22 26 26 25 26 20 19 20 29 22 31 35 21 25 17 31 22 24 18 33 15 28 25 16 15 27 15 24 14 
39 29 30 16 22 15 19 25 23 26 30 12 13 17 28 22 25 38 31 20 26 34 24 19 14 9 28 40 20 27 17 29 19 11 20 32 16 28 20 13 8 19 18 17 17 
32 27 22 17 16 13 22 19 35 31 4 16 28 23 23 41 18 24 24 46 24 25 20 16 8 11 33 28 23 26 18 19 12 10 13 37 13 18 18 13 17 25 21 20 13 
38 15 33 16 11 24 31 21 24 32 22 14 19 36 35 28 16 26 33 28 17 22 22 23 18 19 17 29 21 13 20 41 13 13 21 26 22 17 16 16 16 25 15 27 13 
12 36 47 10 18 25 17 38 27 20 23 22 22 37 21 37 22 17 19 25 27 27 27 20 35 19 26 22 22 21 16 18 14 12 16 17 11 16 7 16 13 21 10 14 20 
25 24 42 16 21 18 19 24 24 12 25 15 23 31 32 26 9 34 24 38 15 33 13 39 25 22 31 27 18 17 11 33 16 15 24 22 12 25 30 20 18 27 26 37 20 
24 31 24 17 18 15 21 43 17 8 16 17 28 3 42 13 17 27 25 32 18 23 22 18 18 16 28 17 12 24 19 21 9 13 31 14 19 18 28 12 13 29 8 21 16 
20 28 34 17 13 6 17 33 16 17 24 12 32 22 28 26 31 18 21 35 17 20 30 34 17 18 30 19 21 27 22 42 14 18 26 24 10 19 25 10 21 41 18 28 9 
39 20 31 15 19 13 17 17 28 31 21 19 18 18 23 17 18 10 28 22 22 35 23 21 25 13 41 33 20 37 27 43 15 4 29 24 20 23 16 22 14 19 16 31 21 
40 27 28 13 18 20 9 14 28 17 22 17 17 37 20 31 20 35 27 36 24 24 19 13 28 18 16 33 21 17 14 38 16 10 23 28 19 21 17 11 19 28 15 20 16 
27 28 34 14 22 16 19 16 36 27 21 14 18 31 29 30 24 22 31 21 17 25 14 21 28 23 28 41 26 23 18 43 18 18 26 21 13 21 19 12 15 18 15 13 15 
21 25 43 22 9 18 16 34 18 27 27 15 14 8 33 31 14 22 27 29 23 25 18 22 29 21 30 30 18 18 17 38 18 17 10 24 18 13 27 11 8 33 22 16 17 
20 17 29 16 10 11 16 26 27 26 36 21 21 37 22 15 21 19 35 25 12 30 18 16 21 13 24 33 11 22 18 29 20 9 16 31 22 16 19 12 14 30 14 18 10 
26 27 25 19 11 22 6 19 20 16 22 6 20 28 24 23 16 29 22 24 14 27 19 23 24 8 14 31 15 24 18 16 15 17 21 16 17 40 24 14 20 25 8 21 13 
29 39 23 9 22 11 24 23 34 17 40 16 13 23 22 16 22 17 24 33 24 20 29 26 14 15 18 39 25 42 13 27 19 13 3 13 23 20 10 17 15 34 20 13 12 
19 31 32 6 19 15 11 12 23 32 25 15 12 24 28 31 18 31 47 16 15 14 20 23 23 23 24 24 22 22 13 28 13 20 20 24 24 31 24 25 20 44 8 31 16 
37 33 23 23 14 14 23 31 28 34 22 10 8 31 20 20 23 26 23 24 20 23 19 19 31 17 24 15 17 16 17 32 11 10 21 28 16 18 26 15 19 13 16 23 18 
43 36 8 12 21 20 24 28 18 43 6 16 11 24 11 14 23 22 36 26 22 21 26 21 11 18 22 41 19 30 12 24 19 14 28 32 23 20 20 21 9 18 15 29 20 
39 4 34 13 16 19 23 40 11 41 32 9 17 27 29 28 17 15 38 33 18 24 27 27 21 8 34 23 24 30 12 46 16 17 26 38 20 18 16 13 16 19 20 20 20 
32 14 26 18 21 14 19 26 23 33 32 13 27 36 23 9 20 30 31 27 27 26 25 23 28 17 19 19 21 27 12 23 17 17 14 25 19 28 20 20 17 27 11 22 16 
29 32 41 13 14 27 18 24 21 21 23 19 18 38 25 16 18 25 35 33 11 26 28 26 15 23 22 42 24 16 20 26 18 20 21 31 10 27 12 17 17 16 16 30 18 
22 34 33 12 21 16 14 25 29 22 22 15 20 34 19 24 11 20 11 42 23 25 20 14 16 26 31 42 18 11 22 25 7 10 20 26 26 19 21 22 18 27 20 15 14 
27 30 38 22 11 24 16 24 22 30 42 12 22 34 25 20 22 27 17 27 17 24 17 25 27 15 23 29 21 19 20 29 15 13 24 29 18 25 19 17 18 22 15 11 24 
30 26 25 13 21 19 18 28 26 28 33 13 11 33 23 34 19 17 26 39 8 23 21 25 31 12 20 33 17 25 22 26 12 11 14 32 17 42 12 12 5 31 16 17 14 
25 16 41 13 17 9 20 35 32 40 27 13 17 36 43 25 17 18 34 36 19 30 17 18 12 11 22 23 25 32 19 25 13 15 23 35 20 30 21 14 15 24 16 21 19 
37 33 42 14 17 7 14 26 31 26 25 14 28 23 42 32 11 23 33 38 30 14 25 26 33 23 20 18 8 32 14 23 11 12 15 29 25 27 17 9 27 26 17 21 19 
36 32 35 12 13 15 19 22 31 12 27 14 15 28 42 30 11 24 33 36 19 27 22 30 15 11 26 30 23 30 12 30 19 15 15 34 28 18 21 19 13 23 14 20 22 
32 28 27 11 18 20 24 31 29 46 28 22 24 27 26 27 22 22 33 27 15 21 16 28 26 14 31 36 16 25 14 32 12 22 18 39 22 24 22 16 10 31 18 24 20 
34 35 22 17 20 17 17 33 23 27 30 15 14 18 7 28 23 31 35 23 22 30 17 31 20 20 11 31 16 27 20 24 12 14 22 40 22 27 10 11 14 15 16 24 20 
27 23 13 15 18 15 20 35 32 19 31 15 16 16 29 27 24 32 34 28 25 32 21 34 22 21 28 28 13 19 17 23 13 14 16 28 15 19 14 17 19 29 12 19 23 
30 28 26 19 15 14 8 33 29 19 14 11 16 18 31 18 17 24 38 27 26 30 22 36 19 22 20 17 16 22 11 20 16 10 22 33 24 14 31 22 7 22 19 24 26 
28 28 28 18 19 15 18 20 26 17 28 8 12 28 19 36 13 19 23 28 19 26 16 25 7 14 15 26 21 20 8 16 12 18 25 42 21 21 9 17 18 25 19 38 9 
35 10 27 16 32 19 18 25 19 41 29 15 15 26 24 22 21 30 28 23 10 25 14 20 15 20 20 23 20 23 23 26 15 15 24 32 23 20 24 18 13 25 22 16 12 
36 22 27 12 18 16 17 34 33 29 18 21 9 29 36 31 11 26 29 29 23 25 18 32 22 24 33 16 14 19 12 44 18 16 23 21 16 30 14 15 15 18 14 28 19 
27 33 27 14 20 8 11 24 19 31 20 18 19 31 27 12 12 18 19 13 13 22 16 33 21 16 38 32 18 18 15 35 20 14 24 26 18 19 14 10 10 23 9 27 30 
28 26 20 18 14 6 13 28 26 26 32 14 7 14 36 28 10 29 25 31 15 19 34 18 17 9 29 23 20 11 10 28 18 12 26 38 13 42 19 6 21 28 25 15 14 
23 19 26 22 18 20 22 25 26 25 18 11 26 20 35 30 12 22 34 31 16 17 6 13 22 19 26 36 10 26 19 32 24 24 14 25 19 22 20 15 14 27 17 23 19 
35 24 26 7 27 19 21 17 27 33 34 21 16 30 27 12 19 19 23 28 24 27 28 31 17 16 24 25 22 18 16 33 11 15 24 29 15 24 14 10 16 37 10 28 17 
9 28 24 18 26 18 18 41 21 32 25 18 20 23 35 22 28 21 23 25 16 26 17 18 22 19 27 31 11 17 13 39 17 12 15 29 18 36 12 12 12 17 19 22 21 
34 28 32 14 18 9 14 19 28 20 31 16 22 21 32 20 20 20 30 13 30 14 17 5 14 14 34 31 16 28 21 30 14 13 15 41 10 27 15 16 10 28 15 22 14 
31 18 23 20 10 23 24 28 24 28 21 15 25 26 38 26 19 28 32 27 20 29 21 25 26 18 22 31 15 13 13 36 19 12 23 26 16 20 27 16 19 21 18 39 5 
18 29 24 14 17 13 21 31 37 12 38 13 26 28 30 19 18 27 26 45 24 22 17 31 22 16 26 30 20 24 18 40 20 17 21 29 16 31 24 16 17 34 21 21 19 
4 32 21 12 14 19 19 22 22 18 25 12 14 20 34 30 20 26 24 36 30 20 13 31 21 7 26 42 22 16 17 30 16 10 26 18 13 22 18 11 10 15 19 35 20 
27 40 31 19 27 22 17 16 30 36 35 17 25 18 16 27 18 14 33 24 23 16 19 30 28 21 26 20 23 30 12 14 11 15 17 28 18 21 24 18 12 22 22 27 24 
26 23 23 12 23 19 12 40 24 21 26 14 25 32 21 20 11 24 21 19 23 17 20 21 13 16 24 30 18 18 21 34 19 18 25 39 19 17 28 19 13 29 26 26 26 
32 13 9 21 16 14 12 21 18 25 36 19 29 28 41 25 21 22 27 27 16 36 24 19 23 15 40 35 29 14 15 25 16 17 13 30 10 22 32 11 12 28 19 18 12 
22 27 49 8 21 20 20 27 14 20 26 19 13 35 37 33 23 23 43 21 21 24 31 33 16 22 12 33 17 19 18 32 24 18 17 12 4 26 2 16 19 15 11 17 24 
46 27 27 20 24 17 20 33 32 28 13 17 17 35 26 36 33 29 35 39 13 22 21 30 12 27 28 42 16 21 14 39 17 16 13 24 23 25 16 13 20 25 11 22 19 
34 30 26 11 18 19 16 20 33 28 27 20 21 25 32 32 16 35 34 34 22 23 7 24 21 19 33 42 21 31 13 30 22 13 26 23 16 16 26 17 16 24 11 24 23 
27 30 20 18 19 20 20 27 37 27 38 16 11 24 37 33 16 7 35 29 19 35 21 26 22 17 31 20 17 22 14 33 19 13 8 28 22 13 16 17 14 23 12 26 15 
19 25 37 19 20 15 20 25 22 33 15 24 21 25 30 21 22 20 45 29 30 22 14 27 19 13 31 29 20 20 11 30 23 12 9 42 13 11 16 8 18 33 18 27 4 
36 30 33 14 14 13 20 25 41 34 31 20 13 25 47 31 16 37 14 22 16 35 13 21 13 24 30 20 16 15 15 32 19 15 21 34 16 14 26 15 19 17 15 16 27 
29 29 44 15 18 26 24 21 32 7 32 18 18 25 29 26 21 26 38 38 27 30 18 37 15 20 17 46 22 21 18 34 19 22 10 31 18 17 12 18 17 32 9 21 14 
25 19 36 14 23 25 22 34 15 27 17 12 12 19 15 13 16 24 49 41 21 23 19 31 27 16 16 33 17 24 18 30 13 11 22 39 21 20 19 13 13 24 17 29 21 
29 32 40 16 13 19 16 23 33 26 32 23 21 21 31 26 19 11 19 32 16 31 14 22 18 22 22 32 20 17 20 36 19 16 14 23 13 27 14 16 10 27 19 19 11 
34 24 28 13 18 22 20 10 24 21 19 18 17 25 15 29 24 16 25 23 19 18 20 31 24 16 16 29 14 18 14 31 14 13 23 34 18 33 29 15 18 32 12 10 17 
18 18 36 16 15 20 26 21 32 36 20 19 16 29 34 21 23 37 24 30 21 26 22 23 25 21 34 35 19 23 12 35 19 12 15 22 11 25 20 22 12 20 19 21 14 
31 27 45 16 17 19 11 30 11 9 29 14 19 18 16 30 3 22 44 36 21 31 28 31 25 23 21 24 17 26 23 29 19 20 6 33 14 17 26 9 18 34 15 26 15 
42 26 38 19 18 21 12 21 35 31 24 12 19 20 38 33 20 21 33 23 28 30 24 39 18 22 15 47 12 31 19 31 16 11 19 28 17 24 23 14 12 21 18 31 24 
31 34 38 12 11 14 18 30 19 24 18 15 19 26 21 19 27 21 32 23 20 34 16 21 17 19 28 28 10 22 7 22 19 19 20 23 24 30 28 14 15 26 19 24 20 
45 25 30 17 19 27 19 21 31 18 29 10 18 22 20 11 20 37 15 46 23 18 22 23 25 16 23 44 18 23 17 19 15 17 15 26 17 39 24 10 14 11 10 27 15 
44 34 28 25 22 21 13 24 19 22 34 21 17 37 27 26 13 9 31 28 23 26 19 17 19 16 22 25 16 18 22 39 19 17 27 17 13 28 10 17 12 27 11 38 17 
31 19 35 20 11 24 20 19 26 31 28 19 16 27 33 35 11 29 31 29 18 30 15 34 21 18 23 35 18 12 7 21 13 15 20 13 12 28 12 16 15 9 14 34 18 
27 23 20 19 14 12 20 25 30 17 26 18 20 21 26 24 14 19 22 24 12 3 15 21 5 19 29 24 26 17 16 14 12 12 18 39 16 25 32 17 16 45 11 26 15 
44 14 28 13 19 15 19 23 38 25 18 11 18 21 26 30 18 30 29 24 37 22 22 28 18 18 30 26 22 19 18 33 16 16 30 27 18 17 22 8 17 34 10 25 20 
31 29 31 11 13 20 15 24 22 31 16 20 21 31 32 25 15 24 31 25 23 23 16 25 33 15 27 25 22 28 15 27 8 14 23 37 22 17 18 11 12 29 10 23 9 
17 13 12 15 13 18 15 43 23 33 23 17 14 29 22 23 14 13 44 28 21 21 24 26 21 13 19 35 26 19 16 30 15 17 17 33 19 27 39 22 17 20 23 34 20 
23 28 34 25 22 25 18 21 27 22 23 23 4 21 31 21 11 22 12 29 19 39 11 24 19 18 19 19 22 9 11 31 21 22 16 26 24 28 25 15 11 29 23 17 14 
38 37 24 13 28 16 26 15 38 25 27 17 24 25 34 24 9 22 27 35 19 38 21 31 19 25 35 31 17 29 22 35 14 17 20 28 11 26 24 14 15 37 8 28 20 
22 34 40 20 12 7 21 24 23 24 27 18 23 17 40 22 23 31 25 14 11 10 23 23 12 18 25 38 5 26 22 27 20 10 25 31 19 22 21 18 17 26 20 25 10 
40 24 39 11 13 13 12 35 31 27 28 14 21 29 29 26 14 21 26 22 7 28 18 23 23 19 34 25 13 30 10 35 12 16 10 25 20 21 24 12 14 25 15 23 16 
23 16 39 18 18 14 15 36 34 10 23 10 19 30 45 16 25 19 37 25 20 35 18 34 26 12 21 30 19 27 14 25 20 11 25 32 17 23 18 20 19 24 18 14 20 
16 33 18 15 16 22 17 13 28 37 30 9 23 34 29 20 22 16 40 26 13 24 22 25 18 22 30 16 8 19 13 35 11 8 23 37 20 23 15 11 19 40 20 24 21 
25 29 35 12 23 21 18 18 35 27 25 18 10 26 30 41 8 23 27 30 41 21 12 35 23 19 14 21 18 27 18 31 19 8 16 17 20 28 33 18 13 28 13 31 16 
23 23 32 21 23 20 11 14 10 37 17 19 26 19 26 26 23 11 27 47 15 31 12 30 21 10 17 25 15 23 19 38 19 18 29 20 15 36 19 20 21 34 13 27 16 
39 24 17 9 20 18 23 24 24 29 27 17 20 31 33 21 12 15 41 43 18 27 22 29 20 21 27 11 25 29 19 33 18 18 13 28 19 13 22 19 15 21 14 13 22 
26 28 32 19 16 9 20 23 26 31 25 17 20 33 26 26 20 35 20 17 15 33 24 18 13 14 17 32 12 9 12 28 13 14 27 24 16 28 25 22 12 20 15 8 16 
38 30 35 16 20 15 9 26 27 26 42 18 24 25 37 12 18 23 13 39 20 30 21 41 19 28 23 38 19 17 16 14 13 18 29 30 22 28 25 17 12 36 14 20 20 
27 25 40 21 9 18 13 28 30 25 17 12 15 24 27 13 16 26 21 28 28 24 8 30 23 16 19 27 24 26 22 21 12 16 17 25 17 16 21 13 15 8 10 17 11 
30 36 19 14 28 10 12 30 25 20 35 15 22 41 30 27 21 23 33 26 13 23 16 16 21 27 33 35 28 20 25 38 10 14 27 36 18 27 23 11 9 31 13 13 18 
33 26 24 18 18 15 18 27 40 25 28 17 21 17 38 30 7 30 34 28 24 30 21 21 18 17 13 6 25 24 10 38 13 15 16 44 24 20 12 13 15 27 15 26 23 
35 32 37 17 8 15 22 30 26 39 28 13 13 22 41 21 14 20 23 25 29 28 18 20 17 25 32 28 14 28 11 46 9 10 18 27 19 24 2 15 16 14 15 19 16 
23 34 31 15 12 26 17 36 32 22 21 17 8 31 30 25 17 21 36 28 20 24 32 15 12 22 22 36 15 35 5 26 6 17 28 37 14 17 30 14 2 32 11 30 26 
23 40 34 17 18 15 20 17 31 27 22 11 18 33 18 32 13 22 17 40 13 23 19 19 30 13 26 29 17 21 14 30 20 11 15 23 13 25 23 20 19 28 15 16 14 
33 19 40 20 17 17 25 29 30 33 22 24 7 22 38 13 19 30 23 18 24 32 26 21 23 22 31 34 19 14 15 27 14 10 17 26 24 32 20 15 9 30 16 34 11 
26 29 13 13 11 14 21 23 28 34 41 17 26 29 25 31 20 13 33 24 16 19 21 23 24 14 39 39 19 26 15 35 14 14 11 32 15 29 21 12 17 11 11 18 14 
42 22 36 11 25 19 15 19 19 18 31 18 29 27 42 27 16 15 27 38 26 31 27 28 22 11 30 39 25 18 20 24 21 10 23 40 15 21 20 10 17 26 19 34 23 
30 21 26 16 7 10 17 25 23 22 24 16 13 35 28 22 15 29 31 22 31 20 20 22 18 20 15 21 16 25 22 30 17 18 16 38 21 29 17 15 13 9 8 23 10 
18 31 36 18 26 10 15 27 35 22 36 15 18 26 14 47 22 28 43 23 13 26 24 31 20 13 12 34 9 29 16 38 16 7 26 38 13 30 12 10 26 32 17 23 23 
40 25 41 16 27 22 21 29 30 27 28 14 18 35 26 27 14 13 21 46 17 19 19 31 14 21 26 23 21 17 19 41 17 19 17 23 9 25 15 18 15 15 11 22 15 
21 29 3 19 12 21 16 16 30 27 35 13 15 24 12 16 23 27 32 41 18 23 16 14 21 20 37 18 11 17 18 37 13 11 15 33 17 21 20 11 15 31 18 18 17 
43 30 27 17 15 8 18 22 32 31 28 15 19 24 30 21 10 22 46 2 15 22 23 24 21 14 22 35 17 27 11 19 18 17 29 32 12 16 19 19 14 14 18 28 10 
24 31 24 17 19 14 15 25 26 25 29 11 21 38 36 23 10 15 30 19 24 36 12 21 24 21 18 30 26 22 15 18 13 14 24 37 15 14 24 17 10 14 14 23 22 
47 30 45 14 25 16 22 27 16 28 19 16 25 35 24 14 21 21 31 11 25 17 12 19 10 12 28 29 21 25 11 21 12 11 19 24 16 25 12 12 17 20 16 33 15 
40 33 14 18 15 17 17 25 32 12 28 13 19 27 25 26 15 29 27 37 19 17 18 19 29 17 23 31 27 13 20 22 15 15 30 23 21 20 15 17 10 30 24 31 13 
31 27 45 13 21 10 18 24 29 23 30 9 16 34 40 30 17 19 32 21 26 30 16 27 17 9 13 32 11 20 23 23 15 24 16 31 16 24 15 16 17 9 20 33 20 
30 16 38 16 20 11 14 22 26 34 33 21 17 29 33 26 18 40 41 23 22 28 17 26 24 22 38 23 15 27 12 21 17 16 27 29 15 24 21 15 12 35 10 30 20 
34 38 22 18 17 17 22 19 15 15 20 20 23 26 36 24 21 22 28 44 11 29 25 30 16 15 36 28 17 17 12 34 23 14 14 17 23 29 13 11 4 25 13 23 21 
32 26 29 19 22 25 21 15 26 42 23 16 27 29 22 22 16 19 31 29 19 20 21 16 29 13 31 34 21 18 22 31 15 10 19 16 20 31 13 13 25 19 15 28 33 
46 17 31 18 13 13 21 21 15 30 23 20 4 24 35 20 18 36 39 49 22 42 21 19 16 11 18 17 22 19 14 23 14 8 17 18 21 35 26 17 8 31 12 25 28 
19 22 40 21 10 12 23 34 17 31 33 19 17 21 20 17 25 26 33 32 11 28 13 23 25 3 21 20 14 27 19 30 16 10 17 17 14 29 20 16 18 21 18 18 14 
38 25 33 15 15 20 16 14 30 13 21 12 19 17 23 24 20 34 32 37 28 20 15 20 19 19 42 22 19 11 13 31 9 17 13 33 20 22 19 15 17 17 22 29 19 
34 40 16 15 16 20 12 20 11 20 18 8 20 21 38 28 19 16 21 23 21 16 18 22 14 8 16 28 12 17 22 31 20 20 14 14 23 30 25 14 19 22 24 31 22 
25 21 43 13 19 12 14 35 21 33 29 13 15 27 30 36 16 17 30 18 22 23 19 27 20 24 30 32 22 22 12 32 10 17 9 24 23 32 29 12 15 14 17 27 17 
23 34 35 17 13 22 21 23 35 13 31 23 15 39 32 39 22 27 20 43 24 26 19 30 25 22 27 19 10 8 14 33 18 15 14 21 10 29 28 14 10 16 18 27 20 
46 14 34 17 26 22 15 20 28 27 30 12 21 20 43 21 23 27 20 18 17 15 24 20 27 23 28 37 11 32 13 27 15 13 20 20 13 24 21 12 18 18 20 9 18 
22 26 31 21 11 21 27 28 32 27 18 11 13 42 37 27 18 28 39 17 24 29 17 18 15 14 34 33 14 28 18 13 7 18 25 17 18 11 8 15 16 23 12 27 22 
49 31 31 13 28 22 19 29 22 20 27 14 21 20 36 34 21 37 34 32 17 20 29 25 19 5 42 27 23 24 17 25 14 16 25 36 15 21 17 20 11 21 14 36 18 
38 23 33 9 17 9 11 39 25 38 22 19 26 15 37 17 16 25 40 28 21 23 22 27 16 19 26 23 18 28 21 43 12 13 22 37 10 24 15 19 20 26 11 24 23 
19 22 12 21 23 12 23 25 13 27 34 18 14 20 25 18 16 23 34 18 18 19 22 22 12 17 16 24 13 23 15 29 14 8 30 50 17 16 20 12 14 27 17 21 16 
18 27 21 20 14 9 10 35 19 13 18 13 5 22 32 33 15 19 36 27 29 37 17 19 25 18 12 22 28 31 18 25 17 13 29 26 25 33 17 16 15 25 13 8 25 
37 16 32 18 13 16 16 33 36 25 18 17 19 24 37 38 12 23 21 11 17 22 11 14 17 16 17 15 9 23 11 28 20 21 14 18 19 24 23 19 13 21 16 23 22 
32 36 26 16 15 18 13 24 11 17 23 11 20 33 24 23 6 21 30 29 17 23 23 17 21 20 20 27 18 20 23 19 23 11 30 35 16 20 20 12 16 20 14 23 20 
34 21 27 15 20 27 13 36 18 22 29 13 14 17 13 33 10 15 30 38 20 36 13 23 20 15 27 21 15 18 17 39 17 16 39 17 18 26 16 11 13 19 13 18 17 
21 25 28 10 17 11 12 24 23 49 32 9 14 26 19 23 24 20 16 34 21 23 25 31 21 19 21 33 17 24 16 26 9 17 24 40 16 28 20 19 11 26 5 21 15 
34 17 31 13 18 19 16 15 20 33 15 14 10 28 38 16 19 26 26 28 22 28 16 30 22 24 40 27 18 18 14 23 17 5 23 24 24 24 21 7 14 34 18 21 18 
35 40 21 18 19 12 12 31 30 30 14 17 14 24 22 20 27 24 37 45 25 29 20 23 23 20 21 37 9 34 18 35 18 13 12 43 17 20 23 25 14 40 6 27 19 
16 23 33 15 14 10 18 38 35 37 38 15 19 34 33 18 20 27 26 25 16 23 15 19 19 12 33 26 10 26 18 32 17 13 13 31 24 16 13 16 18 28 17 19 18 
15 27 33 17 20 15 19 38 20 40 32 18 16 35 33 30 15 28 35 38 12 15 21 22 22 20 27 19 21 16 11 33 14 10 23 32 23 33 19 14 14 25 14 26 9 
21 24 32 20 19 18 22 16 35 15 28 13 19 20 39 25 20 23 30 25 27 34 20 31 26 21 10 27 22 28 14 20 18 10 19 29 17 25 12 10 19 25 17 21 20 
42 29 45 14 27 14 22 29 24 41 26 16 16 26 23 30 21 20 32 33 20 22 28 23 18 23 27 28 24 17 20 27 17 16 21 24 20 19 29 14 19 34 12 24 24 
23 23 21 14 18 26 14 31 20 27 30 17 13 27 25 26 17 19 22 9 13 22 13 25 20 10 27 20 19 16 12 28 19 17 35 26 15 22 31 16 19 25 10 28 12 
17 24 38 13 20 16 8 22 33 37 29 14 7 24 11 17 16 21 24 27 13 15 21 20 29 22 33 32 16 24 4 28 23 17 20 22 15 26 23 18 16 17 13 35 16 
21 29 28 15 22 21 16 27 33 35 33 18 16 30 19 20 14 11 28 16 8 21 22 24 10 17 22 35 14 11 10 31 13 12 19 26 24 12 20 24 14 32 19 20 20 
28 13 38 19 19 13 14 22 21 22 20 12 19 25 31 30 22 27 33 41 19 28 27 24 18 16 28 41 19 13 15 24 11 19 17 29 20 21 20 16 13 33 11 30 16 
28 26 33 14 18 12 21 21 14 24 21 21 16 28 30 30 23 20 23 38 26 16 14 24 28 18 21 28 24 21 12 27 14 8 32 17 15 25 23 10 16 28 13 17 20 
19 32 19 14 17 14 12 24 36 43 25 15 11 21 21 25 17 22 30 43 20 15 28 23 26 20 22 26 22 26 13 34 15 16 30 31 17 18 7 20 15 35 15 23 29 
15 30 26 19 18 25 16 27 18 20 33 24 16 19 35 21 27 23 24 29 25 17 20 17 21 16 31 40 17 22 19 27 17 11 15 15 18 18 20 14 13 32 14 32 23 
27 32 33 11 8 20 15 21 35 42 12 9 17 23 43 15 20 25 15 43 26 17 21 31 25 20 26 26 19 29 19 27 11 14 28 9 20 41 29 12 20 25 22 14 14 
23 24 33 17 21 12 15 25 19 29 25 16 9 33 27 28 13 22 41 43 28 24 11 24 14 15 24 28 8 24 20 28 19 8 27 25 23 26 19 2 19 26 14 29 20 
37 19 46 19 22 20 10 28 29 15 27 17 18 31 26 24 16 24 21 47 14 4 14 22 24 19 24 32 17 17 13 19 19 10 4 39 12 19 27 13 20 28 16 16 25 
31 34 29 18 19 20 24 27 39 31 22 17 21 39 35 24 19 15 33 11 37 26 21 25 23 18 34 32 16 21 15 37 20 16 22 26 23 25 19 16 8 35 20 28 15 
33 12 41 17 22 16 24 30 30 24 32 15 21 15 35 25 16 24 37 26 9 36 26 15 19 18 16 19 20 23 21 15 18 19 23 27 24 20 15 16 22 31 10 18 20 
23 42 40 14 15 14 18 22 24 32 22 20 28 27 26 23 18 24 42 16 17 31 16 29 24 17 31 36 20 17 17 35 17 13 30 28 14 20 14 15 19 17 11 19 19 
24 24 33 17 23 22 13 10 42 22 21 22 18 18 13 26 13 21 17 33 23 13 18 25 14 17 19 36 22 30 12 20 12 14 22 44 26 35 21 9 12 21 17 20 20 
42 20 28 14 20 23 18 32 26 19 17 18 20 32 16 16 21 22 34 16 22 33 10 34 19 15 26 45 17 17 19 43 5 16 19 33 24 13 21 13 21 39 10 22 17 
32 15 27 17 17 16 22 35 27 26 37 17 11 42 41 14 6 22 16 32 20 24 26 27 6 10 35 28 26 18 20 37 17 18 18 16 10 9 25 14 12 22 12 15 22 
42 29 21 15 17 17 9 33 23 15 13 18 9 15 32 28 19 24 36 30 30 36 12 35 25 15 26 19 16 18 16 38 17 18 16 32 22 31 24 18 10 20 17 19 21 
25 11 27 15 8 17 14 17 17 29 28 10 22 28 33 12 16 17 6 34 16 25 21 21 10 11 29 22 22 37 16 30 16 13 12 22 19 21 20 8 15 25 19 20 17 
32 27 49 13 17 9 11 18 28 30 24 18 8 25 44 17 15 24 25 26 25 33 21 32 23 12 13 18 21 22 16 28 14 13 24 25 24 19 31 19 14 19 11 37 24 
22 28 31 18 15 19 23 31 13 21 39 15 26 22 19 22 18 24 29 23 24 17 21 6 24 15 20 29 20 20 21 22 17 11 19 29 24 26 33 14 16 18 19 19 14 
46 15 31 13 14 15 21 20 39 28 29 10 16 35 19 27 16 23 31 28 27 20 23 36 15 8 32 31 15 22 17 28 17 10 25 17 19 34 23 9 12 17 10 17 23 
23 28 31 21 11 25 15 18 21 43 28 12 24 12 30 21 15 26 24 33 22 18 15 22 22 21 23 25 30 26 19 45 11 17 29 22 23 26 17 10 18 29 18 16 23 
43 37 25 14 17 8 17 21 39 20 18 15 14 24 20 33 23 22 16 17 13 35 18 23 13 27 22 30 17 20 18 29 12 22 22 22 19 34 17 18 9 32 11 21 11 
24 35 44 21 17 22 21 13 21 47 24 21 23 27 29 26 15 27 30 38 20 27 30 20 15 10 16 21 21 17 22 28 21 16 18 34 11 30 5 15 14 16 13 25 21 
32 23 43 21 17 12 21 15 31 31 28 11 16 30 24 20 12 8 39 37 20 38 9 26 29 27 14 18 22 22 15 26 21 8 22 30 12 32 25 6 10 28 12 24 19 
40 41 25 16 21 10 15 11 21 29 37 17 13 29 19 32 13 23 51 39 24 15 15 29 13 16 18 26 13 14 14 19 17 15 16 26 17 31 21 11 17 31 15 24 14 
28 39 41 15 9 13 20 26 17 15 18 12 22 22 32 19 12 24 25 45 15 21 22 21 25 19 14 28 12 10 17 33 13 14 24 25 14 25 18 15 18 21 9 30 26 
17 14 16 17 9 20 19 35 33 25 31 10 12 24 28 22 20 21 32 21 23 25 23 19 9 12 20 40 12 30 8 26 16 17 13 19 19 18 22 12 16 38 15 30 19 
23 39 28 14 15 19 15 21 32 29 17 11 14 23 32 24 18 14 36 41 20 29 22 28 22 20 31 31 22 20 19 29 10 24 18 32 14 25 18 19 15 36 15 30 25 
25 22 15 22 18 21 13 24 23 19 17 14 11 26 32 24 19 32 24 30 10 32 26 30 21 16 29 35 15 18 16 45 10 18 21 31 11 29 15 20 18 22 13 20 10 
27 22 26 19 13 12 19 30 25 34 28 10 20 28 39 12 17 35 18 14 19 16 21 19 26 15 37 28 8 26 13 30 16 16 18 37 16 21 20 9 15 14 12 29 24 
34 27 22 12 19 22 22 33 31 40 31 20 12 20 31 12 22 26 32 24 11 15 12 23 14 11 28 26 14 18 17 30 17 8 15 28 19 19 16 10 13 37 19 31 20 
45 31 32 14 16 22 21 16 27 22 23 7 12 27 19 11 9 32 31 31 19 28 20 25 21 21 27 38 25 19 17 22 16 14 19 31 14 14 27 20 10 29 17 23 17 
39 33 18 17 18 17 17 32 22 33 29 14 22 13 24 16 21 17 40 20 10 32 13 30 11 12 27 24 12 26 13 36 14 13 38 26 21 21 26 11 22 34 21 25 15 
43 28 31 16 21 13 18 23 29 23 26 18 11 22 37 26 26 24 38 47 9 36 22 35 28 24 22 22 11 18 17 23 9 17 15 43 13 31 27 19 13 6 15 26 10 
32 16 34 14 28 18 10 21 15 38 36 12 17 29 46 33 15 29 27 28 20 15 15 21 18 15 26 26 24 26 10 33 19 14 21 38 21 28 21 14 12 22 13 22 20 
27 16 41 15 9 22 23 25 34 39 32 21 31 22 32 23 21 39 28 23 21 26 18 22 20 21 22 19 20 19 10 30 13 12 13 26 21 20 8 19 15 24 19 24 15 
27 19 31 15 19 18 19 32 22 33 26 19 15 29 37 32 20 31 48 30 16 39 20 17 27 22 12 22 13 22 23 26 19 19 22 30 20 29 16 15 13 22 16 20 15 
32 23 38 19 26 22 25 28 29 32 27 15 18 31 35 24 20 30 32 26 25 30 28 22 15 10 26 46 22 28 11 38 9 21 25 24 16 28 18 12 10 35 14 37 27 
56 32 25 16 27 23 20 25 34 28 30 17 16 21 43 30 19 23 25 41 18 20 21 24 18 20 26 31 21 15 8 26 11 3 21 27 12 23 3 21 9 29 11 30 10 
22 27 46 9 23 16 17 27 30 32 21 17 14 35 34 6 26 26 37 31 13 34 34 25 14 19 23 9 14 27 14 32 16 17 25 36 19 23 27 14 15 13 11 34 22 
34 28 28 15 9 7 23 13 46 22 23 23 20 16 34 30 10 21 29 5 8 23 16 16 25 13 37 25 18 23 11 40 11 14 19 32 14 29 20 12 13 28 10 26 25 
25 25 33 12 23 26 21 5 29 24 28 21 14 27 26 20 14 25 17 37 26 11 22 15 27 17 20 30 18 27 24 29 18 25 15 39 14 17 13 17 14 23 10 22 17 
33 21 28 17 19 16 18 31 31 31 33 13 20 33 36 24 16 22 37 25 12 24 20 24 14 25 33 23 17 22 23 20 13 18 14 37 19 9 16 12 14 9 7 31 10 
43 23 29 15 12 17 19 21 30 12 18 13 17 24 27 20 26 22 27 34 19 15 21 29 18 19 28 31 21 26 23 23 19 15 24 29 20 12 29 12 10 22 11 26 23 
44 26 27 16 15 10 17 27 29 34 27 16 22 28 22 33 17 21 37 17 21 21 18 27 20 21 29 36 11 24 21 26 10 19 25 17 15 25 22 11 12 27 14 27 15 
29 32 29 18 21 16 9 32 24 26 23 20 22 20 17 12 26 26 26 27 24 28 14 23 13 12 22 20 9 32 16 11 15 15 21 17 19 26 23 12 15 22 13 25 15 
30 32 45 9 17 16 26 27 23 29 21 16 12 34 17 22 11 15 27 19 28 23 26 24 22 13 25 24 26 26 15 22 17 9 25 23 18 23 26 16 13 29 17 27 17 
29 12 43 25 11 20 14 21 22 15 35 14 10 23 27 28 15 22 17 28 23 23 20 27 32 23 21 35 19 25 11 20 22 16 20 37 25 34 18 12 10 19 15 28 11 
28 28 37 24 24 16 27 29 29 21 41 14 9 42 37 21 19 26 29 26 17 28 26 36 24 13 40 31 22 27 15 34 16 7 26 35 18 23 20 11 15 40 17 23 17 
25 17 32 19 15 17 29 19 39 30 25 16 26 28 23 37 13 26 29 37 12 26 24 28 32 6 17 27 15 15 14 23 15 13 15 23 28 31 23 16 13 40 16 31 20 
25 32 24 15 30 16 12 23 24 27 29 15 22 16 27 18 14 21 24 23 20 38 28 18 26 20 17 17 24 15 12 30 13 15 35 33 25 23 7 14 11 17 18 27 12 
37 11 45 19 24 15 20 21 21 17 5 10 24 27 20 32 22 26 36 26 25 28 19 16 14 12 22 30 26 36 18 29 22 9 11 16 11 33 22 8 13 28 20 33 14 
37 24 43 18 20 16 17 24 20 26 23 19 15 33 17 28 22 25 24 20 17 11 14 25 18 20 22 22 14 18 13 40 17 19 18 29 16 29 21 11 6 17 20 24 17 
20 35 12 17 12 24 17 23 30 29 29 11 25 26 17 38 10 23 38 37 28 18 21 15 28 11 26 29 13 37 17 19 21 4 21 33 12 6 12 9 21 27 10 14 22 
28 22 11 12 19 19 8 14 37 23 16 23 18 17 30 18 24 20 21 19 17 21 22 29 22 20 32 37 21 33 20 26 15 14 17 28 19 25 33 14 12 27 23 22 14 
30 34 38 11 29 9 18 23 32 25 27 11 23 31 29 20 20 17 33 23 19 22 23 20 23 12 22 33 27 29 21 23 10 14 27 33 18 34 21 16 13 24 11 37 23 
28 22 27 19 26 16 13 24 15 35 34 8 15 25 35 24 18 12 31 38 11 19 11 25 20 13 34 29 26 18 19 42 18 14 21 26 24 17 14 15 15 19 14 22 17 
14 10 47 17 19 23 27 29 24 29 26 14 12 30 22 23 13 20 33 27 23 15 13 23 11 11 26 42 17 18 17 35 19 11 20 16 16 20 27 16 15 26 16 19 20 
35 32 39 19 19 13 16 28 6 37 35 16 21 32 38 27 18 19 38 42 23 10 21 21 26 26 34 24 17 23 14 38 17 16 20 31 19 22 16 22 16 16 11 41 9 
51 41 20 13 20 11 24 35 21 42 21 18 23 30 32 19 20 27 25 11 23 25 24 28 13 14 22 29 16 14 18 32 19 13 28 24 16 21 16 18 9 29 19 21 30 
26 16 32 9 22 17 21 36 28 34 24 19 24 24 32 35 11 20 32 38 13 38 18 25 25 18 28 33 26 23 18 20 13 16 22 34 23 16 16 11 9 12 22 32 11 
27 29 38 16 11 23 20 19 32 31 22 16 19 4 40 20 27 19 35 26 27 27 24 25 19 17 19 24 13 30 14 24 26 16 9 28 18 26 21 20 18 25 14 38 12 
39 32 40 16 12 21 27 15 12 40 16 23 22 23 29 26 19 19 30 31 16 31 22 20 18 16 27 28 29 28 15 34 8 22 19 18 5 17 17 16 19 9 13 23 31 
11 30 52 15 19 18 11 22 26 31 35 11 15 32 34 23 25 21 25 31 29 21 27 20 28 15 24 33 18 30 22 40 16 15 28 26 12 18 14 19 16 25 18 22 17 
44 21 21 7 10 16 14 21 41 34 31 13 24 27 33 28 21 30 35 25 7 27 23 27 37 18 30 29 22 29 18 28 14 15 17 25 19 17 20 20 19 12 17 26 21 
22 22 34 23 18 15 27 22 22 30 11 18 19 21 27 27 14 33 19 34 28 26 14 35 14 14 24 22 14 25 22 31 19 15 18 24 27 18 23 15 17 27 16 28 16 
24 26 30 16 24 10 27 13 20 18 25 15 17 29 15 30 22 23 33 25 12 24 29 27 19 19 27 18 18 19 18 44 18 11 19 39 14 17 5 11 14 31 18 23 18 
24 29 36 16 8 11 21 20 11 28 25 16 20 28 22 29 17 20 28 36 24 32 20 24 25 15 14 19 23 25 18 25 13 10 18 28 13 22 20 10 8 19 17 20 8 
30 20 34 12 14 23 15 35 12 22 30 14 24 25 26 19 23 27 34 36 14 27 23 14 24 18 34 28 21 18 16 28 7 4 24 34 26 19 17 13 14 37 16 31 13 
49 29 37 22 17 10 19 29 26 19 22 10 25 26 19 26 30 30 32 13 25 26 13 24 25 9 34 22 12 14 15 23 14 18 26 20 19 20 14 20 18 20 18 33 16 
36 36 27 11 14 10 11 26 27 30 14 15 19 10 38 36 21 23 26 13 15 25 23 29 27 26 15 21 26 21 15 55 17 21 29 27 20 6 21 18 22 19 19 22 15 
33 19 25 19 19 17 19 29 22 22 17 15 21 29 37 38 15 24 26 30 14 32 26 27 22 14 19 40 15 30 21 40 22 22 10 37 17 12 31 19 19 31 14 7 11 
52 22 34 15 12 21 24 31 29 19 22 15 17 20 16 28 19 16 19 42 13 35 14 19 28 13 29 24 10 10 19 37 14 3 20 26 17 26 22 13 13 25 10 43 13 
36 23 15 21 24 16 23 23 34 9 39 18 22 35 32 12 12 26 28 25 20 27 28 25 19 17 21 30 20 18 15 18 19 18 17 26 13 12 19 16 13 22 11 21 16 
17 19 28 20 18 12 17 20 23 18 31 9 20 29 29 29 19 10 34 27 33 18 25 30 9 18 27 29 20 21 12 18 14 15 16 36 22 28 19 15 14 34 20 20 19 
25 20 19 11 8 30 16 34 27 24 19 17 22 21 26 21 12 28 35 47 22 21 5 44 14 14 24 29 24 24 15 13 18 21 19 30 28 24 18 25 13 10 14 30 18 
26 31 36 16 14 24 21 28 18 23 32 16 23 21 34 7 24 24 25 30 29 7 28 26 23 21 20 20 14 19 16 41 18 19 9 18 18 21 7 19 19 26 16 23 14 
27 26 41 17 21 8 17 37 30 20 30 11 15 36 21 24 21 34 39 26 28 29 28 33 19 20 22 26 26 12 9 43 17 9 16 15 21 27 16 17 16 27 13 27 16 
32 29 28 24 20 18 17 46 28 33 28 9 17 28 31 38 3 26 25 22 10 32 25 21 16 18 28 7 11 25 11 29 13 21 18 30 19 19 24 16 15 21 18 16 11 
44 33 23 16 18 11 15 25 31 24 26 10 14 12 37 14 17 24 30 33 30 27 23 26 13 12 15 19 10 22 10 19 17 11 25 37 22 23 10 18 16 22 18 26 18 
27 26 15 12 10 16 15 27 28 27 29 14 23 24 40 27 20 20 21 27 22 24 24 18 11 17 18 40 17 19 17 38 13 14 23 33 19 31 15 10 24 22 15 29 19 
22 17 31 11 17 16 14 44 29 30 26 13 20 12 27 34 19 34 34 30 29 16 25 12 25 19 35 36 18 17 16 32 11 13 28 31 19 24 27 11 21 20 14 8 16 
29 12 36 15 18 23 21 34 28 36 35 17 15 24 39 33 11 18 27 49 26 24 5 21 24 28 21 15 26 25 15 29 12 13 26 37 27 5 34 17 15 21 14 26 17 
36 38 20 16 25 11 12 12 26 42 30 8 27 35 28 24 19 21 15 24 19 17 37 34 31 26 38 23 9 24 15 27 17 16 22 22 12 29 15 17 14 28 21 28 22 
29 27 24 11 24 16 13 24 15 14 32 10 19 22 23 14 16 26 25 28 23 33 15 16 19 12 22 50 19 27 13 28 20 16 28 32 14 29 10 14 14 22 11 17 18 
31 31 34 12 18 15 18 29 33 35 16 15 12 28 11 35 19 26 27 35 21 23 21 22 23 20 23 34 18 37 13 21 21 19 18 20 16 22 16 15 14 24 11 33 21 
47 29 20 14 16 20 12 33 28 26 17 10 24 11 45 18 19 28 14 48 18 28 26 16 22 14 33 40 14 11 15 29 22 17 25 26 10 19 19 21 12 26 19 22 25 
38 31 38 10 15 14 23 27 16 36 33 12 21 43 31 17 26 22 34 45 19 25 19 24 26 22 25 37 18 19 15 38 19 11 12 29 11 21 25 10 14 39 20 24 18 
42 17 31 17 23 22 19 37 24 20 30 23 25 26 21 19 14 21 38 36 21 36 20 30 15 14 32 36 24 21 16 43 19 15 23 28 26 28 15 12 14 26 11 27 13 
43 11 43 11 23 19 21 31 16 33 19 7 18 40 21 29 20 13 17 28 22 19 11 24 18 19 6 47 24 14 15 35 15 12 17 30 20 23 25 16 14 30 9 15 18 
29 17 32 16 20 19 17 34 22 25 35 14 8 18 21 32 25 30 16 30 29 37 31 35 30 16 35 25 27 17 20 20 18 18 13 31 20 21 36 9 11 24 18 16 13 
31 32 34 22 18 9 10 24 28 41 34 16 19 30 35 21 15 32 22 48 10 24 20 28 30 13 17 55 18 20 12 30 22 12 24 39 16 16 28 15 15 25 19 21 8 
22 13 27 16 30 15 9 36 16 20 17 19 12 24 25 18 17 22 24 19 24 16 13 25 14 23 20 35 19 22 17 26 14 19 18 26 25 29 29 11 8 23 7 20 9 
45 37 28 18 23 27 2 28 35 25 31 12 8 34 32 37 18 33 29 45 16 29 16 20 19 16 25 37 19 21 22 27 14 20 22 16 21 27 21 15 17 13 19 30 7 
36 25 44 12 14 14 17 3 25 25 23 17 25 40 9 26 18 29 19 29 23 16 17 27 17 16 36 31 13 17 16 21 11 9 18 37 19 17 15 11 19 21 11 31 23 
38 43 41 21 10 21 19 12 27 20 20 9 18 23 23 17 19 23 17 22 16 14 18 12 24 11 18 31 9 10 26 24 18 15 19 25 23 29 17 20 11 19 20 35 17 
20 14 25 11 21 17 15 21 27 23 30 13 14 37 35 26 30 7 24 42 8 25 26 22 12 18 28 21 25 25 17 37 17 20 12 31 24 26 17 17 17 26 10 28 18 
39 25 27 9 26 9 24 40 27 36 24 14 19 22 23 18 17 23 29 32 16 26 24 9 23 17 16 37 17 29 11 31 11 14 23 28 18 16 17 17 15 24 17 24 21 
37 30 33 20 2 5 18 29 19 23 27 16 22 35 33 18 20 11 41 24 15 21 21 14 22 21 23 39 14 30 17 30 22 19 20 25 20 38 22 15 11 25 14 28 16 
22 12 41 18 15 14 17 29 28 25 34 19 17 39 30 25 9 25 29 26 16 16 23 29 33 15 22 32 16 30 17 16 9 12 18 42 19 27 18 12 14 31 17 32 25 
24 32 25 10 20 21 15 32 39 38 26 14 9 19 34 20 19 21 35 29 36 27 13 27 23 11 25 38 20 22 8 20 19 20 14 34 24 22 14 11 10 38 13 29 21 
36 11 21 21 14 24 18 29 11 30 25 20 30 29 16 24 20 33 23 22 30 28 17 31 20 15 17 16 23 29 21 27 13 16 11 24 10 25 15 20 17 21 13 24 14 
30 33 30 13 21 16 20 19 39 23 27 15 12 19 24 32 12 20 33 25 24 3 28 31 24 19 29 21 26 22 24 38 17 10 15 29 20 27 20 16 17 9 18 26 14 
27 31 33 11 10 16 12 30 21 14 30 20 17 21 24 23 18 22 30 38 16 29 14 16 24 22 14 32 17 37 16 36 15 12 17 34 21 24 16 12 19 24 23 24 30 
24 9 32 10 18 16 19 23 16 20 24 15 14 38 41 23 23 20 42 33 13 4 23 12 16 17 23 33 16 33 23 27 12 20 35 19 13 23 10 16 18 26 15 37 18 
20 22 31 14 24 19 13 16 31 31 15 11 12 28 30 22 17 10 29 40 27 27 33 17 21 15 25 29 17 25 15 26 16 15 30 30 19 22 26 13 18 22 20 32 17 
25 32 12 16 16 13 20 28 26 27 27 17 27 28 23 26 16 22 28 45 23 24 19 35 7 17 37 36 24 28 13 30 14 15 16 27 18 15 23 15 12 30 17 28 19 
34 41 26 16 21 12 13 22 42 27 9 13 18 23 26 25 23 28 32 29 19 27 18 24 18 12 32 35 22 22 16 47 18 17 20 24 27 30 20 10 20 24 20 24 19 
46 25 32 21 27 15 23 21 38 29 16 12 13 22 20 14 19 21 38 16 20 30 12 19 23 21 18 33 23 18 14 19 14 19 28 28 15 35 19 15 12 25 13 30 29 
41 26 40 16 17 8 30 12 24 38 31 16 17 28 27 31 12 31 44 32 23 31 19 37 24 12 20 35 25 18 17 9 12 9 32 39 22 17 33 13 8 22 20 23 18 
42 39 38 20 22 14 19 32 26 28 14 18 20 23 11 5 27 23 41 33 13 31 11 21 23 10 19 25 9 18 19 29 16 12 23 26 18 17 17 11 11 31 11 26 22 
27 21 34 11 18 14 15 26 28 21 15 17 28 46 32 21 20 19 35 13 27 21 17 28 27 18 32 25 17 21 11 39 15 18 25 35 20 22 16 14 10 28 13 21 19 
13 27 41 21 18 11 16 33 26 34 38 11 11 33 25 34 17 24 16 24 18 19 19 29 23 25 12 34 17 20 22 36 20 9 10 38 22 24 17 12 9 34 21 31 30 
19 31 38 26 19 17 16 12 15 43 33 18 21 16 33 32 11 22 34 39 17 18 10 24 16 11 13 24 19 13 17 18 21 10 17 15 22 33 14 11 9 22 11 21 19 
53 19 36 15 24 14 18 29 12 27 27 16 21 21 43 28 28 30 30 22 11 18 21 31 19 20 29 19 24 16 22 38 22 15 15 14 19 26 20 16 15 27 11 31 11 
25 21 32 8 14 17 17 28 38 21 28 16 19 26 37 15 20 11 37 45 18 21 19 14 11 22 25 30 15 29 19 31 17 18 9 45 9 10 13 18 18 22 19 21 21 
23 34 23 17 17 1 8 25 40 25 23 13 2 33 33 30 22 24 22 25 20 27 11 34 22 23 14 29 13 22 25 24 19 17 14 24 26 37 27 13 19 22 20 22 15 
27 29 27 14 14 18 25 20 27 18 32 17 12 25 32 27 10 21 32 36 13 19 35 21 22 11 17 47 9 10 17 32 18 24 16 34 12 27 21 15 13 25 15 21 17 
24 17 28 20 13 26 23 28 38 25 28 18 17 33 19 14 23 33 35 36 20 21 17 13 13 16 30 23 28 24 20 28 13 21 18 31 16 28 26 15 21 20 17 19 16 
22 26 34 16 16 19 16 26 24 21 26 20 14 27 24 18 18 22 26 20 17 38 12 8 16 18 21 10 12 24 12 25 21 6 19 34 17 36 24 17 15 26 20 17 13 
37 23 41 18 23 20 13 29 30 28 33 15 19 28 20 27 23 27 41 31 9 31 14 25 15 26 20 31 29 14 12 32 18 17 20 26 9 37 21 16 15 16 13 21 18 
25 23 17 19 16 27 13 32 22 21 20 17 13 28 47 28 12 9 34 20 15 29 14 34 22 18 27 8 19 22 16 20 14 12 30 33 20 26 5 14 18 18 17 29 11 
24 16 33 10 17 25 26 21 25 40 30 15 12 16 41 19 16 17 30 32 22 26 24 27 24 27 38 29 20 15 18 22 14 13 21 29 27 45 21 16 12 8 23 26 12 
24 27 36 7 24 12 12 17 31 22 37 19 19 30 23 22 12 20 31 30 14 15 15 26 23 26 30 44 13 28 23 29 19 13 26 35 16 40 11 14 18 20 8 13 16 
35 15 21 19 11 25 17 34 14 30 14 16 22 40 33 29 12 29 18 25 19 17 17 22 13 22 27 21 15 26 21 30 17 16 22 44 20 30 29 11 16 31 22 28 17 
34 23 28 19 26 11 14 14 29 14 21 12 13 22 22 22 21 29 25 11 25 21 17 24 21 25 16 40 12 35 9 37 17 15 12 38 9 31 24 11 16 27 20 29 25 
20 17 37 13 14 9 24 32 32 26 29 22 18 29 35 20 15 32 35 54 19 36 19 6 27 12 14 37 26 10 13 33 11 12 21 35 13 30 16 18 18 20 20 26 11 
29 19 16 15 17 11 20 27 27 17 35 16 16 40 27 18 17 25 28 31 23 28 24 25 29 16 23 23 31 25 13 32 23 19 20 45 18 27 25 21 11 27 15 42 20 
42 39 33 15 31 16 18 21 13 34 40 17 20 25 35 31 15 14 20 38 6 36 16 19 24 18 13 39 11 21 12 39 16 17 19 8 28 23 29 9 11 15 12 37 21 
29 41 20 19 8 14 17 32 18 20 33 12 9 20 31 26 27 20 27 37 23 33 16 26 24 22 26 20 14 6 15 42 17 15 19 35 14 23 16 14 16 29 8 26 10 
39 27 30 15 17 9 23 24 28 18 26 15 17 27 32 32 20 17 30 26 15 29 17 34 20 20 19 19 24 20 9 38 17 8 14 26 9 32 26 20 13 25 13 31 13 
27 25 47 16 3 5 23 29 24 26 25 17 15 17 37 29 16 22 27 19 21 25 21 25 9 12 27 13 13 14 10 27 18 18 15 35 14 30 26 12 18 35 11 28 18 
31 22 48 18 24 14 11 23 25 23 25 12 18 18 46 30 15 25 39 45 23 14 28 19 16 22 28 14 23 17 17 27 16 12 19 21 24 28 28 13 14 28 15 22 12 
29 29 11 9 9 6 19 35 32 21 22 12 20 21 23 21 14 26 18 28 14 13 25 28 12 14 27 28 23 23 14 22 14 11 17 29 18 13 30 13 13 28 12 19 20 
28 39 23 13 4 23 22 21 36 13 24 19 19 20 25 16 18 31 10 31 18 35 18 33 23 21 26 49 21 20 18 42 18 20 14 21 18 23 13 15 17 15 21 13 12 
29 26 25 11 18 28 15 35 18 30 30 15 19 27 18 28 20 27 22 25 15 22 21 36 26 24 28 16 16 27 17 36 20 18 17 18 20 20 13 12 23 25 14 22 20 
29 28 19 13 22 13 16 30 30 37 13 19 23 29 35 9 22 20 35 31 23 25 13 30 25 12 22 30 19 23 18 28 16 12 35 27 28 28 28 8 18 21 13 18 18 
18 11 38 18 24 20 13 38 27 29 30 18 19 17 32 9 21 29 36 15 16 5 33 16 21 21 17 36 29 18 12 32 20 17 11 32 19 8 20 18 20 32 9 34 12 
36 24 32 8 22 26 27 19 28 26 26 22 14 26 28 32 20 19 43 36 10 14 16 18 17 22 26 15 13 19 15 26 11 7 19 21 17 36 14 17 10 29 18 10 23 
17 27 25 16 13 24 13 33 32 42 24 12 20 33 24 18 20 25 27 33 14 25 16 24 21 20 18 32 19 20 16 24 17 21 24 17 19 17 16 10 23 34 14 14 12 
18 21 35 12 14 7 24 32 27 23 29 20 16 29 24 20 15 15 20 21 25 19 19 16 17 19 34 28 15 24 17 31 18 15 16 31 17 18 24 14 24 23 13 22 17 
32 35 40 15 23 15 7 16 28 30 33 18 16 34 46 28 24 20 21 45 25 29 21 23 23 22 30 19 22 16 14 28 17 12 12 22 21 29 26 13 13 23 17 25 21 
25 21 32 18 14 15 17 22 34 22 15 23 12 27 43 31 15 31 36 41 17 26 10 32 11 17 29 14 21 22 21 46 19 14 20 40 15 15 25 13 11 19 10 25 17 
31 34 32 13 20 22 20 20 32 23 29 12 15 20 20 26 16 14 34 13 20 34 12 20 16 17 36 39 26 32 9 36 13 23 25 27 16 24 15 15 14 22 13 27 17 
41 8 28 14 21 21 17 32 20 25 13 15 17 32 26 25 22 25 28 22 20 28 15 30 18 14 26 8 9 20 16 31 22 11 30 33 24 29 20 17 6 25 14 27 20 
33 34 37 14 24 18 21 26 19 34 12 15 22 19 37 33 26 32 27 29 25 28 16 25 24 18 37 28 20 20 9 18 19 22 20 21 10 24 26 13 19 28 15 28 19 
33 32 38 16 20 25 15 29 27 23 26 10 27 18 26 15 22 16 26 27 17 28 23 19 14 23 27 25 17 18 18 37 18 18 13 18 12 21 21 18 14 24 11 26 20 
31 22 33 24 18 26 16 20 28 30 25 11 20 26 33 13 18 22 31 33 14 22 19 4 20 22 19 51 10 26 20 29 20 21 13 42 16 22 30 11 13 24 12 17 20 
20 22 54 14 19 20 21 34 28 32 36 13 24 22 15 23 17 21 24 36 17 17 10 18 8 11 17 26 12 11 15 39 16 13 15 24 20 21 26 17 10 30 13 25 18 
38 21 29 19 14 12 15 30 20 20 23 11 22 14 30 37 20 24 29 33 24 32 15 30 17 17 24 23 19 22 7 24 21 18 19 32 18 23 16 10 11 20 15 19 23 
42 37 43 18 20 11 28 16 38 39 23 11 20 27 27 21 22 33 22 21 6 34 18 17 16 14 19 23 27 26 16 25 15 14 30 19 14 24 5 19 11 18 25 21 12 
24 14 30 23 10 18 21 16 15 19 30 12 15 22 23 34 13 32 22 35 20 16 15 26 25 20 30 17 16 24 19 44 17 10 20 28 21 23 16 15 21 36 18 28 18 
32 28 16 23 15 14 20 24 24 9 35 22 12 23 16 8 26 22 21 45 4 21 17 22 14 24 35 24 16 21 11 26 16 9 26 22 18 21 26 13 8 28 12 38 5 
37 22 36 20 11 23 19 20 25 27 32 14 17 27 32 27 12 26 22 27 18 20 28 22 20 19 25 25 19 28 15 29 13 10 20 37 28 23 25 8 21 18 5 14 21 
33 14 28 11 18 15 19 21 29 29 18 21 17 21 23 20 24 29 38 25 25 29 15 21 26 10 20 43 20 23 19 23 15 16 28 41 22 15 11 18 18 27 11 9 12 
33 22 29 12 27 18 15 24 12 41 29 10 18 31 23 23 18 16 39 22 24 27 10 18 28 21 15 31 22 30 17 29 21 15 32 28 19 25 15 8 23 26 15 23 17 
40 25 27 13 21 21 20 33 23 20 22 18 19 25 33 28 15 21 28 35 12 17 19 24 30 17 32 25 18 26 16 19 18 19 22 35 16 25 19 12 20 13 19 29 24 
43 24 32 20 16 19 22 20 29 21 38 24 10 28 36 24 13 23 33 26 21 23 13 24 30 19 17 40 14 27 14 24 14 16 19 36 19 27 24 20 19 29 13 25 20 
14 34 40 19 18 21 19 16 37 25 32 23 17 30 19 15 12 28 24 15 23 20 12 29 25 20 26 41 26 16 18 32 17 11 15 26 24 27 12 15 15 26 12 27 12 
21 20 37 17 9 13 23 22 26 21 24 16 20 28 30 10 16 23 35 17 25 27 17 23 17 19 27 29 11 32 18 28 19 13 11 43 10 38 25 14 16 14 12 22 17 
34 30 29 18 26 12 22 18 25 31 31 23 15 37 36 24 17 19 55 46 21 27 22 29 16 18 23 38 24 25 10 24 22 16 9 34 19 19 24 16 9 16 14 24 16 
15 33 37 13 19 13 12 16 29 26 5 15 7 24 18 33 21 27 35 17 18 37 15 13 7 23 24 21 17 26 12 27 6 18 10 25 19 14 17 16 22 18 17 19 26 
50 41 18 16 11 19 15 23 32 17 23 11 18 31 25 24 19 29 22 42 27 20 19 37 35 24 23 28 22 22 18 31 19 21 8 28 17 16 23 22 19 27 13 34 13 
28 22 33 9 14 32 18 25 25 15 23 15 13 25 31 32 15 25 45 32 17 16 21 29 10 16 21 27 26 32 19 30 15 13 16 17 17 8 17 16 8 33 12 24 19 
26 26 25 18 20 14 16 19 32 28 35 13 19 23 39 29 16 20 38 35 21 33 19 32 12 16 27 21 17 12 17 13 24 9 21 30 16 18 20 17 11 31 7 41 15 
23 33 29 15 9 16 15 38 22 24 34 18 21 23 22 27 15 25 26 28 26 28 17 19 15 11 38 31 20 11 9 37 15 13 14 20 21 21 19 13 13 14 18 25 16 
30 21 27 11 14 12 18 17 7 16 16 15 24 20 32 5 9 20 25 38 16 36 23 9 21 4 33 35 16 15 16 30 15 14 27 32 18 21 28 14 6 38 19 31 22 
39 19 15 9 21 16 21 24 25 19 21 18 14 19 10 13 20 15 21 23 25 22 27 9 32 13 11 41 22 26 12 37 16 18 29 35 24 22 34 21 12 24 13 23 25 
34 30 34 16 15 18 34 35 32 22 19 16 15 33 29 20 28 32 29 16 23 16 6 23 14 24 14 29 18 22 12 30 8 14 22 23 30 21 22 12 10 14 15 13 18 
27 19 25 23 13 18 8 43 28 39 37 15 21 33 31 28 24 14 22 41 14 22 24 18 29 23 23 23 13 26 18 49 13 19 23 25 22 23 15 18 11 25 11 23 24 
9 25 26 13 22 22 14 35 27 14 37 15 18 32 25 28 22 17 36 40 24 17 23 25 17 24 26 36 25 18 11 16 6 11 23 33 27 36 29 18 7 18 11 28 14 
33 37 46 13 26 20 12 19 16 38 30 14 19 21 25 18 20 27 42 25 34 22 22 34 21 20 22 18 17 16 16 28 10 18 18 24 17 21 18 23 16 23 16 29 23 
21 35 33 17 19 23 20 43 26 34 34 17 21 20 31 37 19 19 23 36 30 23 27 18 19 16 32 28 29 29 13 20 15 13 14 23 20 24 29 8 12 15 22 34 19 
29 24 26 14 25 25 19 16 31 33 26 20 19 30 28 24 16 17 43 23 18 31 23 11 15 13 18 26 15 19 19 25 20 14 16 25 18 27 20 16 16 32 8 16 8 
20 35 48 20 22 12 16 19 26 31 21 19 17 35 32 26 32 34 5 34 25 30 17 19 18 18 23 36 21 31 15 27 16 12 26 35 27 23 21 9 21 31 13 25 19 
33 30 23 11 19 15 16 21 34 16 24 17 14 38 21 22 21 24 19 31 25 23 12 30 11 17 25 22 24 36 8 23 16 19 31 28 25 35 23 13 13 36 18 24 28 
28 24 33 24 23 11 20 27 20 28 21 19 13 45 33 34 14 21 35 11 31 14 13 30 31 17 25 40 11 11 18 27 13 14 22 30 33 21 30 14 11 27 19 24 15 
27 19 30 15 16 6 15 27 29 33 25 18 12 26 18 22 13 28 27 27 12 29 39 16 26 20 11 39 10 16 22 33 10 15 23 33 22 19 10 12 10 24 12 31 19 
27 21 50 22 9 8 20 30 30 22 30 22 19 16 36 17 17 22 7 39 18 19 27 25 15 23 39 32 18 15 15 45 20 11 20 18 26 24 30 12 15 30 5 24 10 
24 25 45 17 19 18 17 26 26 19 30 23 18 43 21 25 22 25 31 40 19 26 30 38 10 21 26 35 25 20 14 29 22 17 18 27 20 22 17 9 16 31 12 24 17 
28 20 23 17 22 17 18 27 45 38 23 19 18 18 33 28 19 21 32 30 23 34 7 20 17 17 32 40 22 27 18 22 13 18 22 28 14 22 28 14 8 37 13 10 13 
8 29 21 21 24 11 24 14 34 25 27 12 21 28 39 12 11 25 28 24 10 35 19 28 16 17 14 18 18 10 14 29 17 14 18 24 14 12 24 15 9 27 17 27 16 
33 14 24 14 11 19 11 34 17 27 41 6 16 36 24 39 13 24 43 38 14 25 32 25 18 12 16 21 20 30 9 27 21 17 13 43 21 28 23 6 13 14 12 15 17 
27 25 24 14 9 13 26 25 23 18 25 10 20 26 40 19 16 21 25 19 24 19 4 24 20 17 25 30 21 20 11 25 12 5 20 31 22 31 17 4 12 25 17 23 7 
36 34 15 15 12 16 23 21 13 27 28 15 21 28 20 28 19 33 41 23 24 23 21 18 17 15 24 24 18 22 15 30 13 20 26 48 15 26 28 12 20 23 21 24 10 
27 24 33 16 21 22 9 31 7 31 15 17 15 36 25 11 13 19 30 41 12 24 26 36 30 18 13 34 20 23 12 36 13 11 13 37 18 29 15 14 16 32 17 31 19 
36 23 22 17 15 22 25 32 6 36 26 13 14 17 40 11 26 24 35 25 21 22 19 25 11 20 32 18 18 28 12 26 17 19 16 29 15 21 22 11 18 23 20 35 19 
37 26 28 21 15 18 15 17 32 40 34 15 15 33 34 30 23 21 37 37 24 32 21 20 17 14 21 30 10 30 20 29 14 17 16 22 21 26 16 12 14 21 16 31 17 
37 30 33 20 17 14 14 31 27 23 22 14 14 25 27 29 22 20 27 28 26 14 21 25 12 9 31 23 18 15 12 32 19 15 10 20 17 31 17 9 11 30 15 34 21 
35 18 19 21 17 16 25 17 29 16 25 14 17 25 26 21 18 19 19 42 14 24 13 26 15 23 44 42 23 20 14 34 9 11 26 19 9 28 23 18 20 34 19 23 28 
25 16 22 14 20 21 15 31 15 18 14 13 14 24 23 20 24 24 31 31 22 36 20 24 24 19 23 31 21 19 13 28 17 10 22 35 21 23 20 18 16 20 17 41 30 
28 15 39 21 9 8 15 42 26 28 23 7 13 29 24 33 24 14 38 6 13 20 21 15 14 13 40 29 16 24 14 28 17 7 20 23 14 22 20 7 11 30 18 25 12 
48 28 49 15 22 12 16 21 28 24 20 14 18 42 14 16 20 29 28 40 19 22 24 32 23 13 32 33 16 24 13 46 17 7 17 26 17 23 21 18 17 11 14 29 23 
22 22 22 18 18 21 23 24 30 20 34 11 25 37 31 22 15 29 40 38 18 22 24 40 24 26 31 23 25 23 15 19 15 15 16 14 20 21 24 15 12 18 17 32 22 
17 28 18 18 20 15 20 20 25 36 17 20 14 25 45 23 23 24 11 42 15 26 18 26 20 23 20 25 14 30 18 27 26 11 20 16 18 22 13 11 20 17 17 23 19 
31 27 29 17 18 14 10 13 38 31 21 14 25 26 41 9 16 24 20 20 21 32 22 21 28 15 7 49 22 25 11 30 20 10 24 24 20 16 22 13 17 28 17 17 21 
26 33 14 22 22 16 20 36 34 26 29 12 19 16 33 30 16 14 30 30 14 23 13 21 21 13 19 17 20 18 17 26 15 20 26 12 22 20 21 12 16 30 14 25 18 
27 27 18 14 24 11 19 30 23 28 33 14 15 14 31 20 19 26 34 38 17 22 25 27 26 12 29 34 15 31 9 25 17 17 10 12 15 23 16 15 19 32 14 30 24 
47 13 29 11 17 22 20 23 19 12 27 16 21 37 37 31 13 19 24 29 27 22 25 22 17 16 35 31 23 29 19 30 19 17 20 26 22 28 27 14 15 21 14 21 12 
17 12 30 5 18 19 19 30 38 34 40 21 20 26 18 22 14 30 31 36 24 32 15 19 18 17 34 20 26 22 16 37 16 12 16 32 9 21 21 18 15 25 17 39 29 
40 21 21 14 18 12 15 22 42 28 27 12 27 25 35 26 23 29 43 46 22 31 24 29 13 20 15 18 26 27 23 7 15 15 18 44 18 27 30 12 15 20 11 27 19 
33 26 31 18 17 16 24 27 16 42 33 8 17 19 21 22 21 29 18 35 19 23 27 26 18 20 26 32 13 27 14 31 21 23 27 21 18 20 12 19 14 23 21 23 11 
24 27 43 12 18 20 14 18 41 26 38 12 25 32 31 24 19 27 24 25 18 41 23 30 19 10 31 42 24 15 10 26 12 14 21 29 14 10 26 15 15 21 18 24 26 
16 18 22 12 21 19 30 27 25 36 24 15 22 13 25 14 23 23 27 37 35 29 22 29 25 7 28 28 13 25 12 21 21 10 21 34 12 21 34 23 16 21 12 27 10 
22 19 35 10 20 25 16 27 35 30 31 22 26 24 39 30 10 29 20 26 20 42 13 31 18 32 24 30 15 23 19 36 18 7 18 31 16 13 12 18 6 20 22 20 24 
31 34 41 13 21 23 18 21 30 22 16 10 15 20 8 28 18 17 30 43 24 22 15 30 13 18 23 38 14 30 24 28 12 19 23 41 17 21 32 13 15 24 19 9 32 
32 21 16 7 25 21 26 35 25 43 29 16 23 25 37 21 15 31 32 36 12 21 20 30 19 23 33 31 14 18 10 27 16 21 36 34 17 31 17 18 17 18 9 25 14 
30 35 33 20 17 20 21 27 45 31 27 11 23 23 34 19 14 28 38 25 16 21 28 11 14 21 23 28 16 18 5 33 21 17 16 30 18 19 23 10 12 20 14 15 20 
38 28 25 15 24 13 11 9 22 37 33 11 16 37 22 35 34 30 27 35 36 33 22 27 19 13 26 44 15 19 20 37 20 11 18 31 17 24 25 20 20 27 18 29 18 
23 34 19 12 18 18 23 27 38 11 22 13 16 36 37 25 15 27 29 43 27 17 26 29 27 15 12 37 23 32 15 42 14 10 15 42 19 23 11 23 11 23 15 29 14 
38 18 29 9 24 21 15 26 24 18 27 9 16 29 33 25 18 23 27 15 20 22 15 19 24 23 29 30 13 22 25 23 20 16 17 36 19 25 11 16 9 27 11 29 6 
38 17 11 20 23 14 18 21 30 32 30 9 13 32 40 11 18 22 34 31 22 18 20 19 24 11 31 37 13 23 15 22 19 10 26 31 14 24 30 19 21 10 14 17 18 
19 25 16 14 9 10 18 35 30 30 36 20 16 27 24 15 21 23 27 25 24 15 24 20 25 22 27 33 13 21 19 27 13 13 25 31 26 34 23 14 2 31 20 29 19 
25 23 31 22 14 17 24 19 26 33 42 5 24 15 27 33 22 23 39 16 19 29 17 22 17 18 19 23 19 22 17 31 18 11 23 26 26 26 22 9 28 37 15 29 25 
43 27 24 17 19 16 18 8 33 36 22 8 27 28 34 26 17 23 40 31 17 23 26 34 23 4 24 33 21 20 12 43 15 16 23 43 17 33 13 11 15 23 17 9 24 
27 32 24 13 22 10 10 26 31 25 15 13 20 28 21 25 19 32 23 28 18 24 22 29 18 17 13 19 19 25 12 19 18 7 18 13 16 30 27 13 13 27 19 32 16 
10 23 38 14 4 19 15 28 27 26 25 13 5 27 35 24 23 21 21 27 26 28 19 33 19 17 28 28 19 19 22 17 10 16 23 25 21 31 25 17 11 32 14 32 22 
42 22 30 15 27 20 20 31 25 21 21 9 17 18 16 11 19 24 40 27 25 21 19 31 27 13 28 30 24 19 16 38 19 9 25 44 12 18 15 9 21 37 15 20 19 
25 14 26 14 26 17 15 26 35 23 27 10 13 22 28 28 21 17 25 27 7 15 21 19 14 13 22 32 18 20 13 16 14 12 10 36 29 34 15 17 8 21 8 19 16 
34 29 35 19 24 18 17 25 23 10 29 11 15 36 34 18 13 22 31 32 26 32 12 25 12 7 17 29 20 22 20 31 15 12 16 39 18 31 24 14 23 19 15 33 12 
43 21 25 14 16 14 19 27 32 24 27 22 17 23 31 20 12 25 30 9 25 26 19 25 21 18 29 47 19 25 13 16 16 13 22 27 18 12 26 17 16 30 21 22 17 
24 30 13 17 18 19 22 18 25 35 25 15 24 25 19 30 25 29 33 22 14 31 24 23 13 18 19 20 17 23 21 22 17 18 18 29 18 30 16 18 15 23 12 18 20 
29 25 47 16 15 23 19 24 30 22 23 3 17 13 19 18 10 26 33 38 16 29 22 17 19 22 36 16 18 26 20 21 13 16 15 25 14 13 21 19 13 24 12 24 27 
30 31 39 13 15 13 14 34 21 31 17 12 14 35 36 30 14 28 38 32 25 19 19 17 14 17 24 28 21 27 24 28 22 15 22 32 15 17 18 6 22 19 16 29 19 
27 29 29 16 13 15 18 34 14 30 40 13 16 20 19 21 23 16 20 36 14 26 24 16 35 9 32 34 22 14 21 8 20 14 24 43 23 24 27 14 16 6 15 29 25 
28 36 34 18 10 15 16 28 28 26 29 10 9 22 17 32 9 23 37 33 18 20 14 33 26 16 17 27 23 18 22 38 23 14 25 34 2 14 24 14 15 18 12 26 17 
27 19 46 8 17 20 16 28 29 21 26 19 14 22 43 17 20 9 38 22 23 29 15 21 24 18 21 32 20 28 12 10 16 9 25 24 19 9 7 13 15 27 21 22 6 
31 17 37 15 21 15 9 27 25 31 27 18 14 14 23 19 12 24 17 26 19 27 22 31 24 8 20 31 15 22 15 36 12 15 18 35 24 33 29 12 19 33 10 12 19 
25 29 26 20 24 16 20 28 25 25 25 12 18 26 42 24 12 18 31 35 10 16 26 28 33 17 5 47 17 19 16 26 15 16 19 31 11 26 16 9 22 22 20 26 22 
33 19 40 13 14 13 19 24 37 27 21 21 20 30 20 20 11 19 34 36 22 25 10 20 14 15 26 27 11 27 14 10 4 13 16 21 12 17 18 16 20 22 12 20 23 
37 23 46 23 13 5 20 23 23 25 35 14 26 32 29 23 19 21 29 33 12 29 18 25 20 13 28 43 17 14 10 26 18 18 14 41 11 29 24 22 13 27 16 30 21 
25 23 30 16 23 9 19 21 15 26 31 23 14 16 19 24 18 29 23 34 22 31 21 30 17 22 23 31 19 24 18 34 17 15 33 32 19 30 15 16 15 17 6 33 21 
20 26 52 14 32 17 13 19 35 36 16 17 18 25 26 17 11 30 19 32 8 34 14 40 27 21 18 22 16 15 16 6 13 18 29 30 20 20 19 18 14 21 19 20 17 
21 31 27 21 22 19 17 24 28 17 26 19 25 41 23 43 22 20 44 34 20 30 9 28 27 18 33 48 25 25 13 20 20 13 23 26 17 32 19 10 15 21 8 21 10 
42 36 51 22 11 18 21 26 34 30 33 17 14 29 21 21 17 18 23 36 26 30 26 15 14 14 31 16 13 21 21 42 17 10 19 40 21 26 15 13 21 31 13 32 27 
3 30 27 11 15 11 16 32 14 37 22 14 23 21 26 31 22 17 37 36 21 12 29 26 16 22 20 29 23 12 10 30 11 13 22 28 11 26 22 16 13 21 19 17 20 
26 28 22 11 25 19 15 16 31 14 22 15 16 22 35 23 18 18 33 40 26 22 25 18 11 16 27 44 21 31 19 24 18 19 19 32 15 32 25 10 15 33 21 23 19 
42 34 41 13 21 13 4 20 20 16 29 11 19 32 37 22 17 25 38 19 12 37 22 18 22 26 34 29 11 31 18 32 18 11 27 37 23 29 18 11 22 24 16 22 18 
25 20 40 10 12 13 14 31 36 28 28 21 15 18 18 36 16 26 29 12 19 24 23 34 17 14 31 32 25 16 13 28 15 12 27 31 21 20 32 16 18 27 3 23 17 
23 18 16 23 24 27 34 29 26 31 18 20 21 23 38 32 20 30 19 44 13 28 24 24 25 10 14 45 23 15 16 26 15 23 3 7 17 32 23 13 8 41 10 23 20 
24 24 32 19 19 17 17 20 35 26 40 11 22 23 20 36 13 21 31 13 20 22 16 27 9 20 31 34 21 27 14 29 25 15 19 13 22 25 32 24 12 26 15 23 22 
47 26 28 15 14 21 17 27 32 25 21 16 15 24 33 30 17 21 38 29 16 24 21 29 25 18 33 14 23 24 18 44 9 13 22 28 20 24 13 17 16 24 19 24 19 
25 42 35 18 13 22 17 20 22 36 26 16 15 22 37 36 15 18 29 33 11 26 19 23 22 19 26 42 19 18 14 37 13 9 25 30 18 30 29 12 17 23 20 25 16 
18 23 25 17 20 23 16 33 24 31 26 9 16 14 35 31 23 14 42 23 22 24 17 18 19 19 32 23 16 18 18 29 17 15 25 34 24 24 23 15 14 19 24 25 16 
33 36 14 14 9 15 8 23 35 20 23 16 19 21 33 33 21 16 44 42 18 20 17 22 17 13 26 25 20 22 19 16 20 12 29 31 18 26 13 19 16 31 16 17 18 
28 33 37 18 19 21 19 31 36 30 27 12 16 25 21 10 18 34 26 28 22 32 17 15 31 18 28 28 16 30 16 33 16 16 18 19 13 31 16 21 20 10 18 27 17 
25 17 30 15 15 11 20 18 17 37 18 14 14 30 26 30 7 28 42 36 14 16 17 25 17 19 26 43 17 30 14 31 22 8 23 20 21 26 19 15 21 24 13 27 18 
17 26 41 13 24 21 19 15 14 28 26 16 10 24 23 34 12 26 23 31 18 23 17 25 32 23 33 32 17 24 19 28 15 13 21 28 23 25 11 21 14 18 15 34 13 
30 36 34 21 28 21 25 23 25 24 33 21 13 35 30 20 13 25 45 24 24 28 28 18 19 12 24 27 14 17 15 32 10 11 22 30 21 46 17 19 8 27 17 22 16 
34 30 25 19 21 15 24 30 47 29 12 14 8 27 29 29 15 19 21 44 14 22 21 32 25 17 17 41 7 22 13 38 20 9 14 27 15 25 16 14 16 20 17 28 25 
28 12 50 18 23 23 17 30 25 17 25 17 14 23 31 31 11 20 36 28 14 42 13 27 18 23 25 35 23 20 13 27 24 17 20 36 22 23 13 24 14 26 19 25 15 
38 25 18 19 13 20 21 18 28 29 15 10 15 17 21 22 14 28 29 19 32 26 20 28 26 16 8 31 21 13 13 37 18 14 22 25 18 22 26 19 15 25 16 19 15 
30 22 30 18 24 10 19 17 21 4 22 23 27 34 24 29 17 17 27 27 21 22 20 25 14 15 17 36 16 16 24 42 15 17 24 19 22 18 17 17 14 29 13 29 11 
37 19 21 18 18 4 13 30 33 14 28 20 13 31 33 20 24 24 31 42 19 23 22 29 23 20 21 41 30 35 21 41 18 17 17 26 15 25 22 19 19 22 20 17 18 
14 33 43 12 22 24 11 25 16 23 29 14 27 15 32 20 15 24 31 26 20 29 13 28 24 19 23 22 19 25 13 25 26 11 27 33 9 11 13 22 15 26 26 22 21 
29 25 14 20 18 15 21 21 22 30 34 17 12 21 33 27 14 30 30 35 20 22 19 15 13 18 31 38 21 18 16 16 11 14 18 42 19 26 22 16 17 23 13 27 20 
28 29 41 18 17 19 19 22 15 27 25 11 16 10 20 22 14 30 20 39 15 26 21 18 12 3 31 30 16 16 20 24 16 13 25 29 12 37 22 18 11 21 15 20 16 
20 28 36 18 14 15 8 35 25 20 23 12 26 21 33 27 12 26 31 33 17 32 23 25 24 18 38 21 18 28 8 32 12 15 17 28 10 28 6 12 13 28 15 26 21 
37 36 9 18 26 20 17 19 23 23 32 16 23 26 13 33 22 20 37 28 22 27 29 26 23 27 23 30 15 27 18 27 16 22 15 24 15 29 28 16 13 23 19 19 27 
30 28 25 22 9 10 16 25 22 26 33 11 22 25 19 26 11 15 13 38 16 24 19 19 34 18 17 20 20 30 13 14 20 19 29 32 14 36 15 16 15 25 11 35 12 
27 30 14 17 11 11 22 27 21 7 45 17 20 19 27 26 12 26 28 13 12 26 19 19 19 10 10 22 15 16 18 22 21 5 25 30 18 27 10 14 11 32 18 34 13 
36 30 35 12 19 30 23 14 30 26 17 12 21 28 32 31 22 20 29 30 24 24 15 32 25 21 32 32 17 28 4 19 23 10 24 23 17 33 25 14 13 24 17 27 20 
26 25 20 15 17 10 13 18 41 24 28 17 14 23 22 31 22 28 28 18 16 28 16 17 19 13 31 36 20 22 17 47 14 19 19 47 12 29 29 12 17 18 17 21 26 
29 15 28 19 22 20 21 31 28 32 21 12 28 25 56 16 24 23 34 17 13 35 11 28 25 12 33 23 18 33 12 38 22 9 21 35 22 42 26 13 13 21 13 28 25 
29 26 23 19 21 13 24 26 24 17 41 21 12 26 31 21 17 27 33 15 21 25 26 20 13 16 15 28 6 20 15 42 18 14 14 23 19 20 15 10 12 29 11 27 23 
39 24 40 21 13 15 6 28 34 35 22 12 11 32 22 34 21 24 45 26 26 16 13 15 21 25 36 33 13 14 14 23 20 24 26 46 17 31 17 16 15 27 14 27 20 
44 20 40 21 19 21 21 13 37 29 29 15 21 15 24 27 12 25 22 34 20 34 19 25 23 20 26 25 18 27 15 37 17 16 28 20 24 22 25 15 12 19 15 12 30 
25 28 45 19 10 28 3 25 39 13 21 16 14 34 21 14 14 17 24 52 18 24 16 21 25 18 22 31 22 36 20 22 15 4 20 37 17 28 12 17 15 20 20 24 19 
32 12 41 15 22 15 22 19 33 28 25 15 27 26 21 29 18 22 22 21 14 22 12 22 16 18 38 27 14 27 18 21 8 10 32 18 13 30 15 16 16 29 13 35 11 
41 44 35 14 23 2 23 33 26 50 20 11 25 26 18 36 19 13 25 32 22 35 14 38 17 17 25 31 23 22 17 23 16 15 28 35 21 30 16 11 17 32 14 14 25 
32 22 26 13 14 25 23 7 30 21 29 16 27 26 46 23 20 19 43 25 5 31 28 25 19 14 32 41 14 15 21 27 15 12 25 37 14 17 24 15 13 32 21 26 19 
15 22 23 21 18 23 6 37 30 17 23 19 16 19 27 18 11 33 31 50 32 38 11 29 15 18 27 27 13 25 16 35 15 9 23 41 21 27 18 13 17 35 12 22 17 
32 25 29 13 23 18 14 13 27 19 26 12 16 31 29 14 20 20 20 18 18 22 24 19 33 25 27 34 15 29 18 26 12 22 27 25 20 29 16 15 7 19 12 26 23 
50 28 36 11 21 20 26 23 34 28 31 18 26 21 34 22 23 21 29 26 19 25 12 33 21 16 13 16 27 14 26 20 27 22 15 25 16 19 20 19 13 25 16 30 18 
44 28 40 15 21 25 20 28 27 20 34 13 19 28 34 25 21 23 20 22 12 19 25 24 19 17 24 22 14 19 17 36 20 18 20 20 14 28 29 11 24 18 21 21 16 
19 19 35 23 16 13 17 27 24 29 32 10 19 20 29 27 10 18 32 26 23 22 16 31 9 15 12 40 22 20 27 28 14 25 10 37 19 13 16 20 15 9 12 15 10 
26 22 23 13 14 23 14 14 18 19 26 14 25 37 13 30 15 27 26 39 16 22 20 28 9 20 24 20 13 16 24 18 16 23 15 25 17 21 16 12 15 29 14 22 20 
26 22 29 12 20 18 18 17 10 45 32 14 16 25 25 17 23 22 37 34 29 22 11 23 20 15 21 17 17 29 14 38 16 16 13 41 7 35 24 13 8 6 13 12 17 
35 26 41 18 21 17 7 29 28 13 23 20 16 29 42 34 19 23 18 42 17 31 20 18 22 21 26 36 27 27 11 40 14 13 31 31 23 18 16 17 7 28 20 18 11 
47 22 23 11 10 12 13 40 24 40 28 16 17 24 20 38 16 30 33 27 15 27 26 21 15 18 36 38 18 25 13 25 16 11 22 40 19 20 29 9 21 22 16 26 6 
23 25 21 11 24 23 20 41 28 11 34 19 21 23 40 19 25 29 27 37 16 25 20 33 15 16 30 48 13 18 22 28 7 15 17 31 24 29 18 10 13 24 13 26 24 
41 23 32 23 20 12 9 27 16 21 23 17 12 31 18 31 27 20 27 19 7 30 13 14 7 9 13 25 19 24 15 34 19 7 40 22 13 32 22 16 18 31 9 28 20 
36 15 22 16 14 17 18 34 21 41 22 16 21 38 36 10 26 29 22 20 14 22 20 25 21 13 17 32 17 18 16 34 22 19 19 25 22 24 16 15 21 14 11 23 25 
27 19 19 16 25 20 15 27 30 23 20 17 24 15 42 19 16 20 36 9 15 19 32 26 20 22 23 45 16 19 14 39 16 19 5 37 17 13 24 16 21 30 19 24 28 
39 28 31 18 20 15 21 35 20 27 20 19 18 23 32 27 18 30 31 37 17 25 18 12 17 20 36 27 10 22 15 30 16 21 9 43 19 24 28 17 9 25 6 35 13 
29 27 24 20 19 10 12 37 25 21 18 14 15 18 31 28 22 19 31 32 15 21 11 20 17 15 40 30 17 18 17 36 21 12 22 39 17 30 22 13 13 34 9 29 20 
33 25 44 13 15 18 17 39 31 21 33 9 11 35 42 28 17 26 39 31 13 18 25 35 13 24 25 40 23 32 12 32 12 5 15 31 17 27 20 25 12 28 16 29 14 
25 26 24 13 16 18 17 22 27 25 18 15 14 28 27 11 27 22 30 16 10 19 22 39 28 24 26 23 26 19 17 40 24 15 27 32 10 23 19 17 18 28 12 31 19 
25 18 39 18 18 3 29 22 15 21 26 16 9 22 22 32 27 18 33 29 16 24 16 24 20 21 34 35 22 17 14 30 10 14 22 34 25 22 24 9 15 40 10 18 13 
49 13 21 13 25 14 25 29 31 20 3 16 16 30 38 23 17 18 22 34 16 18 14 21 20 19 17 27 22 17 19 28 11 22 19 40 20 29 13 18 17 32 19 30 18 
37 28 29 18 18 19 18 24 22 9 25 17 17 21 28 31 33 21 32 20 14 29 13 29 21 19 20 37 14 13 18 44 18 15 24 25 19 22 30 15 19 27 18 25 22 
31 31 26 17 20 18 28 38 31 11 31 14 16 25 29 22 16 17 30 21 14 34 23 28 14 22 15 35 20 21 15 31 14 16 26 31 21 24 23 16 16 23 17 32 14 
52 21 33 19 16 22 11 33 28 28 10 16 12 36 14 28 17 21 31 18 24 16 29 28 9 11 19 22 20 15 14 21 16 18 19 30 22 33 20 15 20 38 2 29 20 
41 22 29 22 17 12 19 31 24 18 26 14 25 27 33 26 26 24 20 35 10 21 19 11 18 12 21 24 25 29 20 14 17 21 14 19 22 31 26 17 16 25 14 22 22 
24 24 28 17 24 10 19 26 20 38 19 17 14 17 32 23 23 25 29 29 13 23 21 26 27 6 27 13 17 26 17 36 16 19 18 31 17 21 21 19 11 18 21 33 22 
35 37 24 20 25 16 21 29 23 20 25 13 7 34 43 25 23 24 30 49 28 25 30 19 8 20 25 26 11 7 22 42 15 18 13 17 16 34 18 18 17 32 15 19 21 
7 29 20 13 13 14 24 25 34 24 29 19 17 14 19 18 24 21 23 23 15 15 22 37 20 22 31 15 14 25 12 29 18 17 16 26 19 16 20 23 12 25 18 22 9 
30 23 35 19 23 4 22 18 20 31 39 20 14 37 20 19 24 15 24 24 17 19 21 22 26 22 30 30 29 31 15 26 13 11 28 43 17 21 21 15 16 28 14 19 15 
30 17 15 22 20 14 19 23 25 26 20 17 27 31 30 36 21 19 31 29 20 11 21 27 28 23 24 31 15 20 13 17 13 10 24 25 19 36 8 17 10 16 11 25 21 
26 41 43 13 23 19 9 32 24 17 25 17 22 20 33 23 18 25 33 26 18 24 25 30 22 16 25 18 25 21 19 33 18 22 17 24 11 22 25 10 9 24 22 31 20 
24 26 25 24 26 19 26 29 33 22 29 18 18 21 37 34 15 17 23 16 16 21 11 20 20 16 15 48 17 12 19 24 7 18 17 42 21 17 31 14 18 23 23 15 18 
31 22 40 17 24 7 14 31 26 27 34 23 19 25 30 40 16 20 33 33 17 21 19 7 16 25 38 26 13 37 9 31 16 15 14 29 17 22 29 16 17 27 19 20 13 
26 20 35 22 11 23 17 14 22 25 36 11 27 20 23 27 17 29 25 34 16 32 20 20 23 16 23 30 9 26 13 32 21 13 22 39 15 12 26 21 14 26 23 27 14 
24 19 12 18 19 23 13 25 29 25 36 15 18 25 28 24 26 23 32 29 20 34 20 31 11 19 27 21 19 28 18 28 19 18 27 28 21 14 27 15 11 22 12 18 16 
22 35 33 19 13 14 18 19 26 34 27 22 15 32 25 31 19 27 27 21 17 28 19 15 21 15 24 28 11 31 15 22 19 12 22 21 15 7 28 12 18 29 19 36 14 
34 25 42 8 18 4 17 22 17 24 24 19 14 44 40 25 7 25 42 15 15 21 31 13 17 27 24 37 14 26 9 27 18 11 17 35 22 18 23 13 12 21 9 17 16 
25 34 33 12 13 14 26 33 20 23 28 10 23 28 18 21 20 18 33 25 19 16 16 14 29 13 38 12 19 20 20 29 14 19 29 27 15 21 16 11 7 30 16 21 17 
42 7 19 14 24 21 14 32 36 27 32 18 15 39 36 31 13 25 23 32 27 16 24 32 18 23 20 35 15 18 13 33 19 20 27 14 11 29 23 17 16 33 18 25 15 
43 24 26 19 17 14 15 20 24 27 23 13 20 34 20 29 18 23 36 17 26 15 19 29 17 11 16 32 19 22 18 40 17 18 16 39 10 41 18 16 19 30 21 33 16 
25 22 29 16 15 17 20 21 27 14 38 12 13 18 27 25 15 19 28 39 31 33 24 29 19 21 28 34 21 24 20 29 16 12 20 23 17 26 20 9 16 19 15 26 12 
10 36 24 19 17 9 17 39 31 27 27 21 20 24 45 24 20 30 7 34 25 27 20 19 14 13 39 37 12 11 17 22 20 24 19 35 27 29 11 24 13 25 20 13 20 
22 16 43 19 18 10 22 25 29 25 32 12 20 31 26 32 18 27 31 44 25 31 7 22 15 22 30 44 24 18 25 24 14 6 25 38 17 18 19 14 14 30 13 26 18 
26 8 30 15 10 14 18 16 29 36 29 18 19 23 31 16 17 17 28 36 19 20 16 25 23 20 20 32 20 29 20 21 13 17 14 34 19 18 21 15 17 23 17 30 19 
39 28 30 7 18 14 20 40 31 23 20 16 19 44 36 19 16 20 21 12 23 18 26 26 17 14 15 30 11 20 15 36 16 12 18 38 23 21 14 17 19 24 14 24 21 
24 21 25 16 23 10 23 28 26 48 27 17 10 25 35 25 15 14 20 27 26 22 20 25 12 11 21 29 15 29 10 24 12 13 12 26 21 43 23 15 7 21 15 20 15 
40 18 30 16 16 21 16 20 17 19 39 17 26 22 30 27 26 18 24 20 21 30 24 24 16 23 30 15 28 26 22 23 22 14 26 39 11 31 16 16 15 25 7 18 14 
29 32 40 13 17 11 14 39 22 25 20 10 24 31 42 33 8 16 18 38 21 23 26 32 19 18 31 22 20 25 12 39 21 19 16 31 15 21 20 14 19 33 7 16 14 
30 23 13 12 10 17 22 19 22 35 31 15 19 18 23 15 15 20 25 43 22 17 19 22 23 15 26 38 19 29 13 29 10 17 22 37 20 25 16 17 11 34 24 18 6 
32 23 20 15 15 10 25 24 32 22 36 21 20 22 45 29 26 22 29 40 16 13 24 20 15 14 36 29 12 18 18 25 17 16 22 28 25 20 23 13 18 31 13 32 22 
52 36 33 13 18 30 13 36 31 43 31 13 26 30 35 28 17 19 36 23 32 18 19 19 17 23 26 44 19 15 12 34 17 13 23 24 20 22 16 15 16 24 16 36 16 

MachineCapacities:
MachineID Capacity
0 10
1 10
2 10
