NumTasks NumMachines NumScenarios
30 4 500
TaskDetails:
TaskID ReleaseTime ResourceConsumption SuccessorsCount Successors...
0 0 5 10 6 5 4 5 8 11 15 
1 0 3 10 5 8 4 5 8 9 15 
2 0 9 4 8 1 2 4 6 
3 0 1 4 1 6 2 10 14 
4 0 8 9 5 4 2 11 16 
5 0 10 6 4 5 3 10 12 14 
6 0 4 9 7 8 1 14 
7 0 5 6 7 6 0 
8 0 7 1 6 7 1 12 
9 0 1 9 5 4 0 
10 0 5 2 5 7 0 
11 0 3 9 4 8 0 
12 0 8 2 4 2 1 16 
13 0 7 4 9 2 0 
14 0 5 1 9 9 0 
15 0 8 10 5 6 0 
16 0 2 10 2 2 0 
17 0 9 7 6 3 4 24 25 26 27 
18 0 5 5 1 5 2 26 27 
19 0 5 4 6 1 2 28 29 
20 0 1 9 8 8 0 
21 0 8 8 2 4 2 25 27 
22 0 8 7 10 9 1 29 
23 0 5 2 9 3 2 28 29 
24 0 7 9 9 9 0 
25 0 10 2 5 8 2 28 29 
26 0 6 1 5 3 1 29 
27 0 3 3 9 6 0 
28 0 5 8 10 9 0 
29 0 8 3 2 2 0 

27 15 29 36 17 28 36 13 18 35 24 11 39 22 24 12 31 35 26 8 28 23 17 29 11 18 24 26 20 24 26 20 30 38 15 16 22 19 16 19 21 19 21 22 15 28 30 27 26 27 5 19 24 20 16 23 15 23 9 20 25 16 28 15 16 19 16 16 17 23 23 28 41 35 11 26 23 23 24 24 31 19 29 15 22 26 25 24 29 19 20 27 32 14 15 32 28 33 17 21 16 12 27 19 28 28 31 28 9 20 12 22 22 20 19 14 16 24 34 21 
23 23 9 23 17 30 43 23 30 13 14 18 22 16 33 18 27 19 34 10 26 25 22 19 15 24 23 41 32 16 33 9 15 42 13 15 17 23 14 13 29 23 17 14 15 28 22 20 37 25 21 26 17 24 26 6 10 21 27 19 23 18 20 20 24 24 13 20 19 32 18 26 17 21 11 16 30 20 23 10 35 20 22 23 46 7 27 24 23 14 13 24 33 42 20 43 15 35 13 24 26 8 22 13 38 32 25 34 23 16 19 29 15 13 33 18 17 19 19 7 
23 24 23 12 15 20 30 10 30 20 19 19 43 16 41 20 21 29 34 19 39 37 29 22 4 20 25 28 35 25 21 13 24 20 17 21 31 20 13 16 28 14 22 12 17 21 23 30 26 20 13 21 17 12 21 22 16 23 33 18 15 12 13 17 24 28 15 20 15 34 18 33 43 32 8 42 24 16 25 16 27 23 11 13 35 23 21 19 27 11 26 17 15 19 18 24 27 30 22 16 15 19 16 15 31 24 26 20 22 16 17 36 22 16 24 35 12 21 33 19 
26 25 17 23 19 46 26 13 27 29 28 18 29 40 28 19 27 30 29 13 22 31 30 17 21 26 18 20 32 14 28 18 31 22 11 9 19 23 31 15 12 16 16 25 21 20 13 15 29 24 20 11 20 17 23 25 31 26 14 21 21 20 13 21 18 18 15 15 19 28 31 16 31 25 16 22 23 12 17 28 37 21 17 26 30 14 38 17 12 19 22 19 25 12 14 29 17 36 10 40 26 16 18 29 16 28 12 37 9 18 23 22 25 23 30 18 24 13 31 14 
32 11 18 25 14 15 26 28 28 31 16 18 30 34 19 16 27 27 24 16 27 14 19 19 19 26 19 27 46 22 28 23 21 40 17 15 23 23 22 22 23 11 23 20 16 28 23 27 22 34 12 28 21 26 28 27 30 22 10 18 19 23 13 23 20 26 19 16 15 31 12 30 31 29 13 30 24 17 19 15 44 10 17 12 17 21 27 15 42 20 15 14 25 28 15 22 26 8 19 30 3 19 28 18 24 33 20 31 15 19 20 30 17 25 19 31 24 16 29 24 
22 21 27 23 12 37 28 12 11 28 21 21 26 30 25 21 25 42 34 14 44 17 34 27 15 26 15 27 11 18 25 16 30 30 12 17 18 32 20 12 19 19 22 20 23 16 19 34 25 28 16 18 19 26 20 11 13 14 18 21 16 12 14 29 14 36 22 17 11 45 32 23 26 18 12 30 20 23 16 18 36 26 19 25 27 6 16 26 31 22 11 6 25 29 22 29 29 28 20 31 23 22 29 10 22 31 21 24 29 22 22 34 29 17 31 30 23 17 32 17 
33 13 22 30 21 27 42 17 24 27 29 14 18 23 19 17 40 36 33 17 19 24 19 35 9 35 35 44 31 29 34 16 26 28 22 15 23 15 21 24 28 18 16 21 26 21 10 18 24 28 9 16 12 25 24 13 20 22 20 17 21 20 13 25 26 17 18 18 20 35 31 22 29 18 10 29 39 15 18 22 19 29 29 14 32 11 21 19 23 13 26 23 25 32 23 28 21 24 22 31 36 5 32 12 27 35 32 40 21 11 15 6 18 13 30 25 12 19 25 17 
37 18 19 38 14 21 18 20 24 29 6 19 35 32 32 19 35 27 27 16 25 21 26 22 15 10 20 32 33 28 16 19 29 32 25 15 20 15 22 18 21 8 21 24 14 14 20 20 30 29 26 22 7 11 23 12 15 19 17 15 23 22 18 28 17 28 15 14 15 27 33 13 30 25 17 32 20 9 8 38 25 24 22 16 37 10 26 20 44 17 12 31 18 9 8 26 26 31 16 10 18 15 26 20 13 40 26 23 17 3 39 27 22 19 28 38 16 24 23 19 
23 26 25 25 23 20 28 22 25 27 24 11 44 31 24 21 24 35 30 15 13 17 21 22 5 21 38 42 26 24 20 10 17 41 24 22 19 27 21 18 18 11 28 15 21 16 21 23 30 24 16 17 23 22 22 27 20 19 30 19 31 14 18 22 26 19 14 10 17 41 19 40 8 27 14 34 31 20 17 27 30 21 15 15 22 27 12 17 33 11 21 23 28 4 16 39 17 29 15 29 23 24 27 24 22 36 10 31 23 24 26 21 19 22 29 23 16 13 33 10 
23 19 19 15 15 21 28 17 18 29 13 15 21 14 13 25 24 26 43 18 36 27 26 18 15 33 24 24 21 45 26 9 25 31 14 20 31 27 15 16 20 18 22 15 21 23 18 24 19 34 10 18 23 25 16 14 13 22 11 15 27 23 17 21 16 29 15 20 16 37 28 34 26 18 9 35 28 21 17 33 29 21 11 15 33 26 22 17 47 21 10 26 38 26 8 16 30 18 24 37 19 17 17 22 20 36 17 32 13 21 23 26 18 18 21 33 13 18 31 15 
28 20 20 28 19 31 31 21 29 21 21 14 20 26 20 19 39 31 18 17 29 13 27 20 11 20 28 44 19 21 22 13 39 22 20 17 20 43 24 21 30 14 14 18 23 22 6 32 20 31 14 21 19 23 19 14 26 31 20 16 19 24 14 22 25 19 10 18 12 19 30 19 29 26 20 37 32 5 22 27 31 23 16 11 35 17 22 18 34 8 19 25 25 12 20 29 12 31 20 25 20 15 31 25 29 19 23 24 15 31 30 31 11 23 36 5 11 3 26 16 
31 18 21 23 19 31 33 19 32 15 17 19 29 27 28 23 22 32 28 26 28 14 25 28 14 13 26 10 24 18 30 23 34 20 21 23 18 34 26 24 33 20 17 22 24 25 15 27 19 26 22 32 20 14 15 13 19 17 29 19 20 24 23 19 13 21 19 22 12 45 20 26 35 21 13 23 37 25 31 33 47 30 23 16 30 13 22 14 29 13 11 21 18 29 5 27 25 27 21 33 10 21 10 20 22 25 24 20 21 29 29 26 16 17 16 25 18 19 38 16 
23 26 19 18 17 18 48 10 19 29 13 7 21 35 24 16 24 28 25 14 30 33 28 17 15 23 28 33 15 23 12 12 31 27 21 19 28 19 21 5 26 21 16 16 26 16 23 25 25 22 11 26 17 12 23 25 25 21 23 17 26 19 18 21 21 11 11 31 16 33 26 24 32 32 19 11 32 13 24 33 34 31 14 15 23 17 22 11 27 16 28 21 6 16 14 28 23 25 13 24 24 19 20 26 20 35 21 39 25 24 21 11 29 21 18 30 21 14 16 15 
28 22 25 24 14 30 35 15 19 17 31 14 29 22 36 18 36 40 19 11 30 26 18 14 8 24 28 31 14 30 17 21 41 36 18 27 33 8 11 12 21 17 23 10 19 24 16 37 22 7 14 11 18 15 13 19 14 13 15 21 36 22 22 9 24 41 23 19 17 33 29 38 32 20 24 34 39 9 21 32 35 22 19 16 32 19 23 15 24 13 23 14 16 20 10 25 25 30 16 32 17 20 22 13 14 31 32 28 17 11 23 14 26 19 12 33 13 13 16 19 
26 17 21 37 14 22 23 23 20 25 16 13 17 25 30 19 30 22 30 13 43 23 33 26 16 26 29 27 27 25 30 13 27 28 14 5 24 26 14 26 15 13 14 12 20 14 22 36 19 29 16 18 19 21 20 19 16 12 19 12 17 16 15 21 15 31 18 22 18 23 26 40 24 17 24 42 26 14 33 27 26 13 20 20 23 4 32 16 15 12 30 25 16 25 16 23 28 37 15 16 23 14 23 11 31 21 14 37 18 16 19 32 17 21 31 30 18 18 27 12 
39 22 16 17 11 42 22 31 21 32 16 14 29 28 34 16 34 20 29 17 22 24 22 25 16 30 37 21 26 14 38 17 20 28 10 15 26 31 17 18 26 19 18 20 15 24 29 27 7 14 22 20 24 29 17 25 21 8 23 22 19 16 17 26 13 7 16 17 18 22 25 31 28 41 17 49 41 15 30 21 24 24 26 12 38 21 31 11 33 9 20 19 15 31 17 34 19 37 26 13 28 19 14 17 15 32 34 25 18 12 31 34 16 16 20 23 20 14 33 15 
19 26 16 19 9 39 14 23 28 22 22 7 28 20 31 23 40 27 31 10 37 20 21 16 10 18 16 24 31 32 28 15 32 41 27 7 24 34 30 18 11 18 18 20 20 26 21 21 12 28 17 20 13 19 12 17 22 19 17 15 28 19 13 32 26 25 14 27 20 35 12 29 36 30 20 34 21 17 30 29 24 36 16 21 23 15 21 11 24 13 10 32 35 15 22 24 33 22 14 26 19 20 27 27 29 32 18 26 8 19 31 18 22 19 26 31 19 10 34 21 
37 22 23 29 17 30 23 14 26 29 13 14 30 24 41 27 21 22 24 12 27 33 36 17 11 25 10 32 29 21 21 18 30 19 28 18 12 29 25 14 14 14 18 6 21 26 27 27 19 28 4 23 22 16 22 10 23 22 11 16 22 11 17 24 13 10 11 28 13 17 16 26 26 19 17 29 23 14 23 31 28 20 22 9 19 21 24 22 43 16 22 22 17 24 15 34 21 26 24 33 22 18 22 31 19 25 9 21 18 14 17 28 30 11 37 33 9 15 35 12 
29 19 10 25 20 10 32 21 28 20 26 17 28 17 31 19 29 31 27 15 21 19 30 20 13 25 29 21 27 13 21 10 28 29 20 19 29 30 21 23 6 18 16 25 16 22 3 29 20 31 14 28 19 23 23 26 18 13 18 8 14 23 22 17 14 14 19 13 22 30 23 28 15 25 31 34 26 15 10 29 18 4 16 29 29 15 33 15 33 17 20 24 28 21 25 30 34 26 21 39 21 23 17 17 28 21 21 25 19 19 16 24 29 28 25 9 14 20 19 15 
24 24 21 16 23 28 17 22 20 31 30 18 15 18 26 23 16 34 23 7 33 14 15 29 19 16 32 17 12 21 24 14 26 22 11 15 19 21 6 21 18 18 25 15 26 21 23 18 19 28 21 17 17 28 23 17 22 12 19 21 27 26 14 16 19 21 22 16 12 37 30 28 24 19 16 26 35 13 25 17 30 26 34 16 21 20 20 23 21 19 26 27 31 28 19 13 36 39 10 36 27 20 20 19 33 30 21 30 15 20 30 39 17 15 19 33 9 16 26 15 
15 15 14 24 12 24 36 13 19 18 21 16 20 12 30 14 28 32 36 22 25 25 15 11 19 28 20 31 25 21 19 23 17 33 18 22 21 17 23 19 19 14 24 17 17 17 13 28 23 22 18 28 21 16 23 17 17 21 19 16 31 18 14 15 26 15 14 17 13 24 13 24 29 22 13 18 29 14 25 19 41 27 24 16 29 22 14 14 32 22 10 23 32 24 21 10 26 55 8 21 22 20 23 26 26 17 31 29 11 15 27 25 22 19 22 18 22 17 29 12 
20 14 14 24 10 22 19 30 32 25 15 11 30 32 23 17 25 12 35 15 23 28 25 22 17 33 31 25 31 22 22 11 21 21 26 18 16 25 13 22 19 17 20 25 20 24 21 16 24 25 21 22 13 12 22 20 20 7 19 14 26 24 14 17 17 26 17 19 15 21 22 13 32 15 23 25 20 21 28 32 17 30 32 15 17 16 36 15 38 7 20 27 24 31 16 32 30 43 17 28 23 17 19 21 33 43 29 31 15 17 20 36 22 29 30 32 19 24 41 21 
30 31 16 22 15 25 29 17 26 19 12 17 19 27 24 8 18 31 13 13 18 35 28 14 15 35 34 21 27 21 32 17 40 40 16 11 37 41 18 20 29 10 18 14 16 31 22 32 25 19 12 19 16 12 32 11 15 20 23 8 32 18 10 23 21 32 17 26 17 28 22 37 20 12 10 17 21 22 26 18 23 40 10 17 21 15 26 18 26 16 19 31 30 21 21 34 15 25 16 24 17 22 23 31 25 19 14 33 20 22 16 31 27 19 35 25 18 19 26 12 
22 25 18 31 11 37 29 20 18 16 17 18 28 23 35 15 28 30 36 20 26 9 23 21 16 29 28 42 30 12 29 21 29 24 18 14 24 20 19 14 25 11 22 11 13 26 17 27 26 34 15 23 20 24 17 14 29 21 20 12 17 16 18 24 24 23 24 19 17 26 22 27 27 32 19 37 29 15 23 26 26 24 23 18 23 17 35 22 43 16 20 26 29 14 22 36 9 26 20 24 9 22 19 17 24 32 20 26 10 17 17 37 30 13 28 25 17 14 20 13 
29 18 15 26 22 23 22 25 19 23 21 13 21 18 29 20 22 28 27 14 40 23 22 28 18 26 24 30 24 25 26 15 32 40 32 15 10 32 10 10 18 12 20 20 20 9 16 34 25 23 15 19 18 12 21 18 17 14 17 16 33 17 17 27 16 15 9 14 22 24 25 27 27 24 14 35 13 12 22 27 42 26 24 13 29 29 26 18 28 10 30 22 33 18 21 23 17 21 15 31 23 20 30 8 16 14 22 31 11 12 42 13 27 18 37 25 13 15 24 10 
21 18 15 26 21 31 26 15 30 22 20 13 31 25 22 20 32 41 29 19 17 21 31 23 16 19 15 25 37 18 16 9 16 22 19 19 21 30 15 26 29 16 27 18 21 21 7 42 26 13 20 14 19 22 30 10 9 22 14 17 27 24 5 11 24 18 15 24 17 27 15 32 21 26 23 30 28 14 7 17 44 33 15 26 34 17 23 19 40 11 25 31 15 17 22 30 39 31 16 21 34 21 33 16 38 37 35 30 20 19 17 47 19 15 21 11 17 15 18 14 
21 19 29 25 14 26 13 20 28 21 15 13 27 19 23 31 37 27 22 15 34 22 30 14 11 23 18 46 26 24 18 16 19 15 15 8 26 20 25 22 21 14 18 21 19 28 10 20 13 27 13 34 23 12 22 20 27 26 23 6 28 15 17 10 18 39 16 21 11 14 28 15 36 29 20 15 17 24 17 26 32 24 27 17 26 14 21 18 34 11 14 19 29 36 21 36 23 30 17 29 16 9 31 34 43 18 34 27 14 14 15 31 13 33 15 36 17 22 16 22 
21 13 21 30 14 16 27 12 23 16 26 11 34 3 32 16 22 36 36 12 29 38 13 12 17 24 29 10 29 17 22 13 18 28 20 21 20 20 27 24 17 10 25 8 12 22 17 33 19 19 18 20 18 12 14 16 13 21 23 13 32 20 22 23 17 23 17 19 21 34 19 40 20 22 2 46 36 11 17 21 34 16 21 24 27 9 21 21 26 8 17 16 29 19 22 26 19 31 25 37 28 22 27 25 6 35 18 17 22 10 30 30 23 17 22 25 17 20 26 12 
30 13 19 27 12 29 21 23 23 15 13 16 17 18 34 7 22 26 22 11 30 20 27 26 17 19 21 22 12 28 27 16 25 38 18 12 17 35 18 13 25 16 21 15 10 19 25 14 24 29 20 19 26 25 10 26 14 17 20 16 29 21 13 9 21 27 16 17 18 31 33 22 21 27 22 32 22 9 25 29 20 22 17 7 27 12 17 18 27 14 15 23 23 26 19 41 32 18 9 20 24 14 26 31 18 35 30 30 7 21 26 30 19 16 27 11 21 13 38 13 
34 10 24 12 18 26 26 30 25 39 17 12 24 18 26 14 33 42 32 16 24 23 22 16 12 27 31 30 29 20 29 16 24 24 21 16 15 27 22 16 26 19 12 18 20 24 17 41 18 28 15 28 18 9 25 11 21 14 16 17 24 28 11 22 26 21 16 18 22 28 29 47 18 18 13 45 3 14 23 23 39 18 27 20 24 14 30 7 11 15 15 35 30 17 17 35 39 19 24 30 21 13 15 19 23 34 22 30 16 17 21 17 30 21 26 18 13 23 28 17 
30 21 23 27 17 26 36 22 34 24 26 9 24 20 20 28 37 41 44 14 31 22 29 25 13 17 20 31 38 38 29 18 30 34 19 11 22 28 33 25 20 11 13 24 19 12 13 35 20 20 17 24 13 29 27 12 21 16 15 18 20 22 19 13 16 19 8 21 18 26 25 14 21 29 26 29 36 17 29 12 31 28 23 19 30 18 28 18 12 15 6 30 18 28 18 25 11 24 25 15 33 11 22 18 6 31 17 17 18 5 21 37 19 23 41 27 10 17 28 17 
22 23 10 26 15 31 28 18 21 23 23 16 35 30 31 16 24 27 27 12 27 33 35 24 7 25 21 40 21 19 22 17 29 29 14 23 27 20 22 17 17 18 20 13 16 24 28 12 27 28 15 27 17 15 23 14 31 25 9 20 16 12 18 19 17 16 18 13 17 17 15 29 30 16 6 44 29 13 29 24 30 24 19 22 31 15 13 12 28 16 23 19 26 17 20 25 32 45 18 27 16 20 25 20 17 37 18 36 16 12 31 31 28 20 36 20 12 17 21 13 
16 19 15 28 11 16 39 18 25 34 22 14 4 32 17 26 26 41 8 11 20 28 33 20 11 20 24 31 29 27 37 16 33 22 15 25 32 20 16 21 23 22 13 24 12 19 23 31 27 14 22 17 13 18 16 17 23 26 20 9 29 21 16 15 20 35 12 10 15 18 36 34 23 27 19 34 40 21 30 34 36 24 25 17 20 16 24 20 46 13 20 26 21 24 17 29 21 42 18 30 17 23 25 23 28 34 21 27 13 11 32 23 29 23 32 24 16 18 35 12 
31 25 27 24 13 24 26 14 29 23 27 19 30 17 34 15 42 39 37 16 28 22 31 7 11 25 28 29 30 39 24 14 28 18 24 19 12 20 9 23 27 17 11 14 9 30 21 32 30 29 19 34 9 24 28 15 27 35 22 21 13 20 17 18 24 30 22 19 16 28 22 28 24 30 15 29 33 17 29 25 10 27 23 18 26 11 19 22 35 8 16 20 22 22 14 30 26 34 11 26 36 18 23 19 33 27 18 15 19 11 24 33 13 23 35 14 13 15 45 18 
19 11 24 38 15 26 24 21 42 22 24 13 34 20 29 16 29 26 5 21 31 20 23 19 14 32 25 36 35 18 24 16 30 23 19 17 23 26 21 26 18 21 22 15 13 25 22 18 16 24 12 23 17 23 18 22 23 27 20 4 22 10 14 26 20 15 25 21 20 29 13 18 35 19 13 21 30 19 23 9 29 24 37 14 13 14 31 14 29 20 12 18 36 13 15 26 26 34 17 34 21 5 18 20 32 33 29 30 21 18 36 19 20 17 39 26 15 13 31 6 
22 19 21 25 15 18 9 20 22 17 24 15 23 35 31 25 27 22 33 18 31 25 22 19 13 26 26 39 29 10 28 15 32 22 16 13 10 43 15 23 19 15 14 18 13 22 13 25 31 30 13 16 29 31 37 14 33 18 23 17 19 17 13 26 16 26 13 16 14 28 22 24 25 24 23 38 30 15 23 20 31 31 24 10 13 18 23 21 17 13 18 19 19 7 26 22 29 15 13 34 16 21 17 17 16 28 35 18 12 21 22 20 24 27 18 29 16 14 30 19 
24 15 15 25 14 29 18 26 27 29 30 17 40 18 25 14 32 32 12 16 20 19 25 31 14 33 21 30 25 25 36 17 13 17 30 22 23 38 12 18 15 11 24 11 23 26 23 27 19 31 18 22 6 22 10 19 19 13 15 12 21 13 18 34 17 22 18 16 11 32 14 25 26 29 14 27 13 15 16 15 30 24 23 20 37 28 14 14 44 13 16 14 19 19 24 30 24 35 16 13 34 16 20 20 41 40 18 28 19 18 34 28 25 31 31 21 17 10 29 12 
32 10 25 26 12 35 15 22 12 27 29 18 14 27 24 12 17 32 30 21 24 27 23 23 13 24 28 24 27 19 28 13 37 27 16 18 28 32 27 16 26 15 15 23 16 18 17 31 23 23 8 29 30 21 21 13 17 25 20 12 26 25 11 20 30 8 22 20 16 24 28 38 30 28 22 25 23 24 10 29 32 25 26 23 32 10 28 20 28 16 28 19 14 23 14 40 19 23 25 21 30 17 31 19 26 13 21 35 29 23 32 27 24 26 29 24 19 22 25 10 
32 21 27 31 13 29 28 25 31 28 21 16 27 19 16 11 38 42 33 17 34 23 31 20 19 13 20 22 29 17 14 14 15 24 17 19 15 11 21 15 30 20 6 15 27 22 28 14 20 21 12 33 23 27 32 10 17 25 25 16 23 26 15 18 11 29 23 16 21 46 27 29 22 23 10 36 39 22 25 22 18 32 21 18 15 15 28 15 33 15 23 24 26 21 19 24 31 28 22 37 31 13 27 15 24 31 26 34 14 23 31 29 20 19 33 30 18 19 18 22 
18 22 26 25 14 24 29 11 30 41 17 15 22 26 29 18 17 34 29 17 35 25 30 34 20 21 17 23 19 32 20 21 27 36 22 27 34 24 25 10 22 13 12 27 15 34 13 28 18 14 23 32 16 26 21 18 25 20 30 14 29 23 13 28 18 28 19 14 9 40 32 18 20 14 20 22 25 10 23 28 45 17 31 18 28 15 19 16 37 6 8 21 18 24 19 23 30 32 22 38 23 13 29 16 27 24 27 24 26 19 23 45 24 26 25 22 18 18 31 14 
33 21 9 33 15 25 29 22 22 18 25 5 28 17 31 21 28 38 23 20 41 30 18 20 16 35 2 44 24 32 27 14 26 32 24 11 21 21 20 21 20 19 16 21 6 19 22 27 17 26 24 40 18 25 13 21 13 22 16 20 27 20 11 19 22 29 16 23 8 29 25 19 19 23 27 34 25 11 12 28 24 20 16 21 21 10 30 12 34 9 11 26 22 23 14 37 35 18 22 24 19 15 23 26 37 25 19 22 13 16 18 30 15 5 36 24 12 9 28 16 
11 20 18 26 27 13 34 8 26 7 21 16 26 12 34 15 32 28 45 14 38 39 18 28 19 26 29 36 22 37 30 16 37 24 16 22 20 31 20 19 12 18 13 16 20 31 18 39 18 21 12 17 29 23 14 22 15 18 10 19 18 23 14 23 22 12 18 17 13 20 30 30 17 28 17 34 31 17 26 16 31 20 27 15 34 15 30 21 20 19 19 19 16 41 12 33 27 35 13 25 34 14 25 7 34 34 13 32 15 27 21 31 19 15 14 35 26 18 20 20 
30 22 24 17 12 23 27 19 11 24 26 21 32 21 18 15 36 26 11 19 30 26 30 26 11 14 31 26 21 34 23 15 23 23 14 19 21 20 23 23 10 23 18 6 20 24 14 29 34 24 17 15 31 14 26 24 12 21 37 14 24 23 14 20 15 19 24 23 12 34 22 28 40 29 21 28 19 16 29 28 30 36 18 20 28 25 22 26 30 18 14 22 10 20 20 19 23 40 25 28 29 10 18 26 24 23 12 29 26 6 27 50 24 20 39 26 19 23 32 17 
31 13 8 23 4 44 31 21 12 24 14 10 29 29 23 19 27 39 23 16 33 26 26 23 15 15 21 25 35 35 36 20 24 36 15 16 19 26 21 19 9 17 24 20 23 28 17 36 39 37 17 20 23 13 18 9 7 10 27 14 36 20 17 19 19 20 16 14 18 33 29 35 21 13 17 32 32 15 21 33 27 40 15 15 22 7 15 23 33 11 15 26 23 21 20 36 36 24 14 13 22 17 22 22 34 38 26 23 21 19 27 27 31 16 21 20 23 18 29 8 
31 13 27 9 10 34 46 22 28 37 10 14 39 7 26 13 13 25 36 19 17 28 30 16 12 27 19 35 16 18 37 12 40 33 18 17 27 15 26 11 18 20 19 15 12 30 16 20 21 20 28 24 19 25 12 13 21 10 17 15 17 20 13 26 11 33 20 20 15 29 18 27 19 38 18 33 33 19 26 32 19 25 22 12 41 13 17 14 32 19 20 24 18 40 15 20 13 45 18 23 32 19 30 24 27 27 20 28 26 20 35 20 26 15 16 27 20 19 21 11 
25 23 12 29 14 13 20 15 16 25 17 24 25 12 19 16 27 34 29 17 8 18 20 29 15 17 23 34 17 28 35 16 17 30 22 19 28 21 15 18 30 18 15 13 19 30 24 30 21 20 17 25 16 9 6 15 14 24 22 10 28 29 16 22 25 31 12 22 18 28 16 23 22 18 18 38 35 17 21 33 40 25 23 19 37 16 33 15 33 19 19 28 18 21 16 37 25 25 20 24 26 21 24 22 28 16 27 31 17 13 26 24 29 15 35 27 26 12 19 18 
18 19 17 7 19 14 33 20 4 25 27 14 40 26 30 14 30 39 25 9 19 38 20 26 15 24 15 40 17 4 30 21 10 22 22 24 20 27 9 19 19 16 19 18 22 24 21 22 24 29 11 19 20 25 24 16 21 22 17 16 20 21 4 23 18 23 20 17 10 26 18 23 18 30 14 31 41 21 24 20 28 21 28 20 45 13 25 10 28 11 22 25 8 29 17 21 12 25 14 30 32 18 12 28 31 19 25 37 14 17 37 41 19 16 30 19 15 17 27 11 
49 18 11 21 17 21 33 16 25 21 11 16 21 24 28 18 17 44 48 17 28 11 28 18 8 23 24 37 38 34 23 20 21 26 16 20 19 26 20 18 20 19 21 16 13 24 21 32 25 28 27 18 18 24 12 18 23 25 21 20 35 23 20 22 20 21 19 20 24 45 20 32 25 30 21 37 36 18 17 10 28 16 22 21 30 24 32 18 30 15 20 23 17 25 19 28 25 30 14 21 25 22 23 13 27 26 36 22 19 10 26 23 27 20 29 26 15 15 26 14 
31 21 21 16 11 22 26 20 27 28 28 14 26 27 36 19 24 29 41 18 46 36 22 21 16 11 24 36 38 13 32 18 34 30 22 16 18 25 22 21 22 14 12 18 18 25 11 27 21 20 19 24 22 19 12 10 22 23 28 14 21 18 12 10 27 21 18 19 14 26 14 34 21 12 21 19 35 16 20 35 34 19 26 21 30 17 34 18 38 11 12 26 19 34 21 31 31 43 21 30 33 20 19 21 39 24 27 21 16 15 34 33 23 23 31 43 12 15 26 12 
22 17 16 25 13 22 18 15 17 34 23 14 27 24 20 9 37 26 38 16 40 38 31 25 15 36 14 28 19 23 21 12 38 34 17 6 28 22 12 15 21 18 19 17 8 13 16 45 30 20 15 21 10 16 19 14 15 21 20 16 21 14 13 14 26 25 19 19 13 26 29 28 20 36 13 36 30 19 21 32 26 28 25 16 37 16 22 13 27 18 20 6 28 29 7 18 20 20 21 25 29 9 23 26 26 32 15 20 20 14 12 29 22 19 36 14 16 13 31 15 
40 22 20 21 9 9 28 25 25 21 18 12 18 17 24 20 26 39 12 24 24 30 25 31 18 17 22 19 21 12 32 20 18 34 14 21 25 17 23 26 22 7 7 17 19 22 18 35 15 33 13 19 23 15 23 23 21 11 10 17 36 21 9 27 18 14 16 19 25 42 26 40 21 11 13 46 36 12 20 19 30 20 22 11 36 20 26 19 39 15 15 15 21 25 25 35 27 20 19 37 30 19 22 19 28 36 19 27 16 11 28 31 18 24 34 26 24 19 18 15 
33 11 29 28 15 29 32 12 29 29 21 16 42 28 26 18 44 33 15 17 32 25 11 28 24 18 33 32 20 27 28 16 26 22 12 14 28 26 12 23 27 17 16 19 25 27 15 39 6 21 19 21 21 24 25 15 17 19 11 16 21 22 10 12 19 24 13 22 15 26 23 18 17 36 20 33 31 17 31 15 36 29 25 11 28 12 27 15 33 14 16 23 25 31 15 30 30 35 10 17 20 11 27 22 36 18 24 27 18 16 17 26 17 23 29 32 26 16 37 13 
36 22 14 23 8 19 28 24 26 15 16 16 27 28 47 18 20 22 30 7 31 16 20 24 12 25 20 23 25 31 27 20 22 43 19 16 10 29 23 18 22 15 9 20 20 20 19 30 30 11 25 24 15 20 17 25 35 20 26 17 25 13 19 24 28 19 11 13 16 26 33 26 22 30 13 27 29 19 19 35 40 26 21 16 29 12 19 23 23 7 32 11 14 23 19 42 25 33 14 26 15 26 21 21 38 19 36 24 15 21 25 29 24 15 33 28 8 19 24 17 
14 21 25 17 15 28 32 20 27 41 26 19 23 21 18 9 36 37 35 11 32 29 33 20 11 22 26 6 21 28 26 14 32 32 19 15 20 36 12 17 24 15 19 17 16 24 19 30 17 24 17 20 26 27 21 18 14 18 24 17 22 15 17 23 18 35 16 13 8 35 21 30 28 18 18 29 17 19 18 23 15 16 22 10 37 12 12 22 23 12 8 19 19 23 20 13 25 23 13 38 17 11 14 22 29 18 31 33 15 17 21 15 23 34 31 25 8 21 44 16 
18 23 25 19 13 33 19 15 28 23 28 10 32 26 18 18 18 19 48 21 31 12 37 25 23 12 19 35 29 34 36 18 24 38 20 9 23 37 21 20 15 16 16 18 26 16 20 35 24 18 20 6 30 24 31 20 26 7 29 18 28 25 22 22 22 22 13 19 7 26 30 40 31 18 16 33 43 16 28 17 36 24 21 11 24 23 24 14 29 15 16 23 23 26 6 21 24 30 23 23 22 15 21 30 27 35 13 29 18 8 16 30 6 21 19 30 12 21 20 13 
23 14 24 29 14 48 30 13 23 19 21 13 31 19 32 17 18 25 35 21 9 27 21 20 15 28 29 31 22 12 16 16 29 23 25 20 16 15 19 24 20 22 19 24 21 21 21 29 30 21 18 25 12 30 14 16 21 25 25 14 28 15 13 25 27 33 21 27 15 36 29 26 26 42 17 27 46 16 28 21 21 24 24 19 31 14 29 19 23 17 22 23 31 33 28 25 25 9 18 33 28 9 21 13 43 36 16 34 8 28 26 34 31 19 24 35 21 18 34 15 
33 10 24 22 19 27 23 24 39 30 21 11 24 15 23 9 17 36 32 14 37 34 22 25 16 8 23 24 27 21 29 16 30 29 17 19 27 33 22 17 33 19 27 15 22 20 19 31 30 31 15 19 17 12 22 23 12 34 18 10 33 16 12 28 20 25 21 21 20 41 22 24 32 36 5 44 34 19 23 23 28 29 27 13 35 19 28 24 38 9 21 22 23 32 7 36 29 27 16 44 16 17 18 28 26 42 17 27 16 10 17 34 19 21 15 33 30 19 23 11 
20 18 14 32 14 29 34 13 19 14 20 18 38 22 28 19 7 35 32 15 35 33 15 32 16 23 36 29 12 21 2 20 32 40 19 18 19 18 21 14 21 17 20 21 14 19 18 30 35 25 21 17 24 19 13 23 13 25 12 16 21 20 21 24 20 31 20 21 16 14 20 28 18 20 23 37 18 19 20 22 42 20 26 12 32 9 25 23 24 12 16 26 26 25 17 28 22 22 21 6 20 7 27 20 46 29 18 41 15 12 19 21 28 12 31 42 16 14 39 20 
13 22 22 26 16 33 16 19 21 30 18 18 35 31 15 10 26 24 25 17 39 23 18 24 14 33 16 36 24 28 27 16 22 24 12 17 13 24 12 23 26 19 20 20 22 27 17 24 26 26 17 16 13 20 27 23 20 17 14 10 24 22 8 32 23 20 20 13 16 32 33 24 30 20 18 26 36 14 31 36 25 17 23 25 31 16 25 24 15 9 14 36 26 32 8 28 37 13 13 30 26 16 28 25 25 40 29 22 18 18 31 39 12 12 26 27 7 12 34 17 
31 11 17 14 11 36 22 20 23 23 17 14 34 16 30 16 29 24 28 14 19 26 26 21 19 18 43 22 24 22 37 18 29 41 14 18 25 26 18 16 20 23 19 13 26 25 19 30 23 22 13 15 15 15 23 6 21 25 26 15 30 16 19 28 18 25 18 27 14 29 30 37 16 30 18 22 19 17 11 24 37 28 23 13 34 17 36 21 31 12 13 15 28 8 15 35 28 17 20 38 18 17 16 21 16 24 17 42 15 15 11 39 36 16 32 13 16 15 39 17 
31 24 24 15 14 21 6 23 22 37 13 19 29 20 32 23 33 23 25 12 30 21 24 21 19 16 23 29 21 22 29 16 36 45 25 16 15 13 28 17 26 21 23 16 7 16 14 26 15 29 12 23 32 16 19 12 11 23 18 12 37 20 12 4 14 25 18 19 13 27 20 21 24 12 16 24 35 19 14 23 37 27 12 12 29 19 20 24 34 18 22 28 23 29 17 43 23 38 13 25 32 23 23 19 24 34 25 28 11 6 8 35 25 22 27 32 15 17 20 8 
25 16 12 32 13 15 39 18 20 21 14 16 18 31 20 12 19 30 43 16 36 19 29 14 10 26 39 34 33 28 22 11 22 25 19 22 32 24 24 14 19 17 15 19 23 24 16 27 27 25 20 26 16 20 15 16 27 20 22 11 36 23 15 11 18 18 21 13 19 32 27 14 23 26 16 3 22 16 24 30 38 23 27 15 46 22 17 12 17 12 22 27 27 22 32 11 30 21 14 24 20 21 20 19 20 41 38 15 21 8 28 21 25 15 23 34 22 11 28 13 
32 21 19 20 11 32 32 24 31 39 13 18 23 27 32 22 27 29 28 14 29 14 27 35 14 15 21 46 34 32 22 18 22 36 21 15 18 49 15 18 16 17 16 24 26 23 21 19 28 18 10 20 24 16 22 19 19 21 16 11 29 22 23 26 16 20 14 15 14 30 23 21 25 20 19 26 17 19 20 21 41 30 27 10 34 30 20 8 25 24 22 17 29 18 18 26 33 18 27 29 19 25 23 22 27 29 18 14 27 26 23 18 24 26 24 28 18 14 25 14 
38 12 5 21 11 47 24 19 24 32 19 21 21 40 39 14 27 28 27 17 15 24 37 15 17 23 22 34 28 30 24 17 27 31 21 15 20 16 15 16 30 16 17 15 17 21 8 19 26 21 21 16 25 25 17 14 14 29 34 7 24 19 14 31 19 26 14 19 18 36 29 20 28 20 17 22 20 19 9 28 24 28 23 28 29 16 31 19 29 10 23 14 20 18 22 23 38 26 18 20 26 14 10 23 24 35 24 25 25 10 29 22 33 18 31 19 22 16 37 20 
25 16 14 23 20 32 36 8 26 18 27 13 32 22 25 17 26 29 21 24 35 24 25 22 15 18 33 31 23 36 30 18 34 31 21 17 24 27 21 17 20 26 15 23 16 30 15 19 20 19 12 30 12 23 21 12 23 20 28 17 31 20 17 17 20 31 16 15 20 38 21 32 31 18 18 29 18 15 14 32 21 35 26 10 39 18 17 13 22 22 18 30 12 7 15 30 25 28 9 29 7 19 24 21 11 26 12 14 15 22 18 36 26 27 25 22 18 22 30 13 
15 15 27 30 13 34 13 17 34 23 20 17 22 26 26 17 31 24 21 15 39 14 27 23 9 16 22 44 31 18 29 20 36 26 22 26 25 41 26 17 30 15 16 20 11 29 24 11 14 19 15 11 25 20 27 22 16 20 10 23 13 10 14 23 19 17 13 18 19 20 26 18 41 33 17 24 20 13 11 20 32 26 26 24 15 14 19 15 32 15 24 17 19 19 20 31 36 38 8 26 12 12 21 10 20 38 18 40 9 19 30 24 24 21 32 31 16 14 14 17 
33 3 24 21 9 18 23 9 36 31 22 16 40 19 37 7 37 23 23 18 18 28 32 22 15 20 19 40 17 23 19 15 32 16 21 19 21 31 16 23 36 11 11 15 13 29 17 19 28 27 19 17 19 13 18 18 26 26 16 15 26 17 19 17 20 16 19 22 18 27 31 23 26 26 13 25 27 14 18 12 32 30 20 21 21 13 25 14 31 16 4 19 19 37 20 36 34 21 16 25 10 13 11 27 32 8 25 24 15 21 25 39 26 25 26 30 17 27 28 14 
30 13 22 23 11 31 21 17 25 21 23 11 27 21 28 15 25 36 17 14 28 16 28 39 18 22 37 23 14 26 34 22 27 13 19 11 21 30 21 15 21 15 26 12 14 18 18 27 26 18 15 23 10 16 23 14 24 12 26 15 30 13 16 21 11 24 17 24 17 26 30 10 22 26 15 24 27 23 16 17 18 29 26 18 42 17 28 20 20 9 22 21 22 16 22 32 16 30 16 21 22 16 28 16 30 28 18 29 18 8 17 25 26 17 27 29 20 22 29 12 
30 21 27 29 16 27 42 26 32 25 7 19 40 20 26 14 38 27 26 15 44 21 28 21 10 15 24 27 11 22 29 24 22 26 21 24 15 40 18 16 16 17 13 21 21 15 22 40 19 32 11 20 17 17 27 21 26 17 34 17 31 29 15 38 17 29 14 13 11 25 26 17 20 15 10 30 45 16 19 33 37 22 24 14 22 9 23 17 37 11 16 22 16 27 21 25 26 13 16 35 29 20 20 16 19 14 8 22 14 12 23 14 28 19 34 29 21 15 31 13 
17 21 20 16 14 20 32 24 22 16 11 12 34 9 29 22 28 30 36 16 22 27 29 22 10 32 28 34 21 23 32 12 26 32 18 21 26 17 9 19 24 18 24 14 20 29 21 33 15 19 8 19 17 28 25 15 28 11 19 21 24 19 14 32 10 21 12 17 19 19 21 27 12 24 16 21 40 12 16 25 36 25 26 20 32 11 24 16 31 12 11 19 14 27 12 39 48 40 12 15 22 16 32 18 36 29 21 24 12 20 28 38 23 24 49 34 20 11 29 13 
21 20 25 25 19 31 37 14 26 27 29 15 19 24 28 21 28 36 26 17 18 16 18 17 10 24 25 21 23 24 17 19 31 22 10 8 27 12 17 21 23 18 22 20 25 25 23 31 14 20 20 24 22 25 19 18 27 17 16 8 18 29 14 15 25 24 20 13 17 27 22 27 34 24 22 18 30 14 30 10 26 24 18 18 21 15 33 20 38 14 24 19 17 18 19 30 12 27 26 30 24 17 22 25 27 27 16 26 16 16 13 27 19 26 19 20 19 21 40 17 
20 21 20 21 15 29 24 13 26 24 26 13 28 27 19 25 26 14 26 15 44 27 26 20 2 27 26 55 28 33 30 25 31 23 16 23 31 35 14 10 21 19 15 15 21 18 15 41 21 33 24 18 19 25 18 16 18 18 26 15 40 20 19 24 24 22 22 18 10 23 34 21 21 21 11 21 33 20 12 20 32 27 22 18 35 20 13 14 31 11 14 31 25 35 18 32 40 31 17 37 16 16 27 21 38 29 32 23 15 11 13 19 30 11 28 29 20 18 29 15 
31 15 13 20 19 32 26 20 26 27 11 17 20 28 35 24 41 22 29 12 35 16 21 26 9 29 34 30 24 32 18 17 29 16 15 19 22 31 27 10 17 17 14 17 25 9 25 15 18 19 26 25 11 27 31 15 22 21 24 13 14 17 14 21 19 36 16 25 15 30 28 21 34 26 23 21 35 6 31 27 29 20 10 18 15 24 27 24 41 22 31 21 25 17 5 34 26 37 22 22 44 19 15 33 13 47 26 27 4 17 26 44 11 24 27 23 17 16 32 7 
25 20 11 23 11 21 18 15 27 22 17 16 40 24 36 10 22 48 28 14 37 36 15 24 20 25 32 25 29 20 22 18 8 28 15 17 23 29 24 20 16 13 21 16 14 26 14 29 10 23 20 24 21 20 23 19 18 23 11 15 28 22 20 22 17 21 16 21 10 29 26 28 30 20 22 20 45 10 26 28 31 27 26 17 25 25 34 23 41 18 21 30 31 27 14 32 33 42 19 34 33 17 35 24 35 32 22 38 24 15 32 26 31 22 28 23 12 18 41 16 
31 16 24 25 21 6 35 24 21 29 20 10 15 9 25 12 41 34 30 13 25 30 26 22 10 22 34 44 18 24 11 21 28 36 20 25 19 5 21 14 24 19 18 13 18 11 21 33 28 27 15 22 18 27 21 21 18 23 16 16 30 24 18 14 18 26 10 19 16 33 8 18 16 18 16 14 20 12 23 22 22 22 18 15 25 12 18 33 39 11 24 20 27 25 18 41 15 40 13 37 27 13 34 28 24 32 22 23 17 22 13 26 22 17 42 19 23 17 26 14 
15 12 22 19 23 18 25 5 31 25 17 12 36 18 39 17 37 34 14 11 21 25 15 25 13 22 25 28 24 22 20 14 28 25 20 23 15 29 18 20 27 15 20 18 28 28 21 25 5 27 10 11 28 21 18 21 14 14 19 9 25 21 10 12 11 23 15 17 17 39 23 37 8 23 8 30 23 15 24 21 26 30 17 17 29 14 16 17 22 27 17 17 30 23 20 22 28 42 16 35 29 16 23 18 18 23 17 25 33 7 29 32 32 20 30 29 6 11 44 16 
25 8 24 6 14 14 24 16 28 15 22 17 29 20 36 11 24 24 37 14 25 30 25 24 16 14 8 33 21 25 33 8 28 32 22 18 23 23 14 21 16 14 21 13 20 10 12 35 19 24 17 23 26 18 9 12 27 29 19 15 17 22 14 15 23 29 23 18 12 25 23 38 29 21 32 12 36 15 18 21 34 29 20 20 27 16 23 17 25 14 28 20 23 24 22 44 44 22 20 28 18 14 34 19 21 37 23 34 34 22 22 26 32 17 17 31 26 18 21 17 
28 13 8 28 19 23 15 24 13 25 30 14 34 22 35 10 27 21 33 17 34 27 33 24 17 25 30 27 29 21 35 11 24 33 13 16 29 24 8 30 25 15 13 11 20 23 20 20 19 26 18 22 8 15 27 16 22 14 25 8 32 18 12 11 24 27 14 14 15 34 19 25 33 28 19 50 11 13 25 25 18 18 27 14 35 19 27 17 24 9 18 34 26 32 14 27 40 33 20 41 31 15 20 22 31 22 21 29 12 16 12 31 25 18 16 34 19 15 19 11 
31 24 20 30 23 29 33 14 38 32 20 16 24 15 30 22 27 29 32 11 22 28 24 8 8 11 35 28 26 9 32 13 20 26 20 21 15 8 30 15 11 24 18 15 28 22 23 26 28 22 18 17 14 16 18 20 18 21 17 16 41 17 17 22 21 15 13 13 16 23 26 34 29 20 10 38 28 16 8 19 20 24 24 13 37 23 19 12 23 18 21 14 18 29 19 26 20 46 23 30 36 16 17 11 26 21 25 29 14 19 14 40 24 16 36 27 21 7 33 24 
17 21 15 27 17 29 28 26 17 30 13 14 37 19 41 12 36 24 31 18 23 29 25 19 14 22 24 25 37 24 25 18 47 35 19 26 27 22 16 17 13 21 7 19 26 35 21 36 25 35 11 21 21 31 19 20 13 16 26 12 28 13 9 19 16 22 24 16 18 36 26 23 18 29 16 30 29 15 26 39 30 12 18 13 28 2 26 19 31 13 20 28 35 21 21 31 29 42 14 25 11 17 28 17 28 26 19 27 30 14 27 27 23 27 12 18 25 15 23 18 
28 12 29 20 12 26 13 28 25 14 35 6 27 31 37 19 28 25 44 23 34 33 21 21 15 18 25 19 19 26 35 20 13 32 18 27 17 37 25 22 13 12 16 16 26 32 30 13 7 29 17 21 23 19 21 20 22 26 26 9 33 19 10 19 16 17 15 28 13 9 23 24 29 15 17 37 19 12 22 25 27 13 12 19 24 24 30 12 41 19 21 21 31 18 21 23 27 30 20 38 27 17 30 20 26 39 28 22 12 13 20 26 31 15 24 30 13 13 19 9 
28 20 11 22 10 22 26 16 38 28 27 10 24 17 31 16 25 30 29 17 22 13 30 25 21 28 16 38 25 15 27 16 20 25 15 7 28 27 26 20 25 16 11 20 18 19 15 31 30 29 17 17 28 31 23 10 17 30 27 14 22 17 14 26 15 34 21 16 21 44 9 27 21 16 11 35 40 14 23 30 27 15 19 13 31 16 29 25 29 10 9 33 17 28 18 28 31 19 10 23 30 20 17 19 32 28 27 33 17 16 22 25 20 34 44 23 19 17 33 17 
24 4 26 34 19 20 24 23 11 32 25 17 27 21 13 20 18 16 38 11 19 34 27 29 16 22 28 16 20 22 30 8 26 29 21 22 28 24 18 7 25 15 25 19 12 10 20 32 20 24 17 28 16 25 10 21 15 20 11 8 22 12 18 13 20 22 23 15 23 25 14 19 26 24 24 20 31 14 30 33 25 24 13 15 20 16 22 21 40 12 17 21 25 21 20 37 23 28 17 25 27 19 17 27 23 42 21 29 15 21 25 43 25 21 30 22 31 14 27 10 
44 17 20 29 17 33 22 24 25 33 24 16 29 23 31 16 36 38 33 16 34 26 25 19 12 29 24 33 16 30 29 14 20 20 14 18 15 20 13 17 15 18 14 24 13 23 25 21 27 22 16 10 17 7 19 20 22 26 23 16 27 25 8 17 19 34 13 29 8 41 24 25 39 17 17 22 28 15 17 22 37 3 14 18 27 9 23 17 14 24 11 25 20 15 14 31 22 22 9 36 35 8 23 21 38 41 23 26 15 19 31 23 11 17 23 25 16 16 13 14 
24 23 15 20 19 38 20 18 22 31 16 20 22 27 29 17 24 44 32 12 42 23 28 27 15 24 18 35 19 18 24 13 32 14 14 9 32 39 7 16 19 12 19 16 22 18 15 26 21 8 9 17 18 25 12 12 10 18 22 20 11 13 22 8 18 25 18 26 10 28 27 14 21 22 23 23 36 18 20 21 39 43 25 15 41 16 23 8 23 18 23 33 30 19 17 39 28 28 18 23 29 11 27 15 22 16 19 17 22 16 15 15 24 11 30 19 11 14 25 14 
26 23 13 23 13 18 31 12 14 26 21 10 22 32 15 16 25 38 23 10 30 31 15 36 19 16 22 28 35 23 24 10 29 26 11 21 25 36 26 18 17 8 16 24 14 34 15 31 24 29 19 25 21 17 29 14 20 12 28 17 30 18 15 28 19 11 21 27 19 40 16 30 34 29 14 38 22 22 21 19 33 24 25 15 29 14 32 21 25 17 11 22 28 24 18 38 34 17 35 30 24 11 26 26 30 31 13 35 14 17 16 27 22 25 43 32 17 14 23 14 
25 15 25 14 22 37 30 20 30 23 19 19 25 19 23 13 32 37 35 21 18 32 23 24 15 24 18 21 24 16 28 12 31 10 17 9 17 20 26 17 21 14 19 13 42 26 20 29 15 14 21 20 28 17 24 20 11 22 18 7 29 20 10 14 17 27 20 13 10 33 19 26 16 23 7 19 24 18 23 21 30 19 36 10 26 15 14 14 4 13 24 28 12 21 16 23 25 29 20 25 36 23 26 14 20 26 27 26 15 12 7 16 19 24 41 13 19 14 23 12 
36 24 34 18 16 48 27 18 28 20 29 16 34 41 18 17 34 25 26 15 42 34 18 12 8 10 15 35 12 28 31 11 15 24 13 13 24 27 12 4 17 20 6 12 26 21 22 22 23 26 21 19 15 12 20 22 23 8 15 14 24 29 22 23 12 22 27 13 18 25 27 16 30 37 22 26 38 23 13 28 28 28 26 17 23 22 32 15 22 15 27 30 19 24 19 41 29 29 13 31 15 17 25 20 16 40 14 23 12 17 25 29 27 20 21 32 19 11 27 12 
18 22 18 33 18 33 22 14 33 7 20 22 41 26 18 13 14 23 45 26 27 19 16 15 21 22 22 25 11 16 28 16 37 34 17 14 21 23 22 21 25 15 10 16 24 41 25 15 18 46 29 21 21 19 21 14 21 22 17 15 21 28 17 18 21 27 18 19 18 34 27 38 28 35 17 32 32 9 22 28 26 13 20 14 19 22 24 20 31 8 16 20 20 28 13 19 17 49 16 40 30 10 17 26 21 22 18 25 14 16 19 37 20 24 44 34 22 12 23 17 
46 19 35 23 8 22 49 15 28 30 21 22 19 23 36 14 23 31 18 13 27 15 32 34 21 15 33 40 20 17 29 13 19 34 12 13 21 28 20 23 30 11 22 15 17 23 21 34 29 32 16 28 25 25 24 22 32 26 17 17 35 6 16 17 24 25 15 20 20 38 30 19 27 32 25 35 24 12 24 23 50 26 39 18 29 7 37 17 20 15 18 15 16 19 10 37 23 31 27 18 32 15 14 23 30 35 30 19 17 17 15 24 33 11 14 26 18 22 27 22 
19 18 21 15 11 27 24 18 28 25 19 10 42 19 37 15 43 29 28 20 3 19 16 32 13 10 12 27 27 19 30 17 29 19 24 18 19 30 13 22 29 18 22 21 20 25 10 23 16 29 8 21 22 8 19 21 32 15 17 10 26 32 11 16 19 18 15 12 21 47 27 23 30 17 26 41 28 15 26 24 29 33 16 12 41 24 25 26 21 21 20 18 35 34 24 35 25 34 8 33 24 15 28 27 24 34 21 21 12 12 17 33 24 23 25 19 13 16 24 13 
29 21 30 23 15 26 17 16 21 20 19 17 39 15 29 27 19 39 18 17 37 36 15 23 15 16 32 8 18 24 16 12 31 26 17 23 22 44 15 15 19 18 17 16 12 30 21 18 21 17 11 28 21 19 21 13 19 16 26 10 25 18 14 15 22 16 19 23 15 24 28 25 19 11 6 47 31 23 37 19 33 33 26 17 45 17 17 17 16 19 21 15 17 21 20 19 30 16 16 26 18 14 30 27 22 25 21 20 13 18 18 18 21 23 20 22 11 15 29 15 
40 8 21 26 12 36 23 17 30 38 19 12 31 23 27 15 8 23 24 8 37 20 31 19 7 23 13 36 17 20 26 22 25 35 13 14 30 34 15 12 25 14 9 16 25 18 21 38 32 24 21 20 17 23 30 16 15 23 31 14 22 16 16 14 15 11 27 22 15 7 41 35 25 26 17 30 39 19 28 29 40 19 19 14 30 19 17 21 34 18 19 16 15 26 13 20 30 21 8 39 17 17 17 15 30 27 17 21 18 9 13 11 35 19 29 19 14 14 34 18 
29 26 28 27 21 37 42 9 27 26 17 12 22 16 19 22 23 34 24 22 35 17 16 26 17 31 23 24 24 21 16 18 17 22 21 11 28 24 20 26 22 23 22 15 26 28 14 22 32 32 16 27 10 20 21 13 21 17 10 15 27 14 22 29 23 23 16 11 8 42 16 24 23 41 18 14 31 18 22 19 38 23 18 20 34 12 28 14 40 13 22 13 35 29 18 19 14 15 22 31 9 14 18 14 23 31 25 34 14 20 23 25 28 11 16 26 11 16 35 18 
24 13 19 16 12 30 30 20 33 25 15 23 13 21 36 24 15 27 33 16 27 24 25 22 21 17 32 34 29 24 31 18 28 38 25 12 27 30 27 23 26 10 22 14 19 18 13 17 22 33 18 21 20 23 26 19 15 20 13 22 20 19 21 23 22 29 20 24 17 17 39 31 13 16 18 34 45 25 23 15 36 18 18 26 23 8 36 13 16 6 26 33 33 27 26 31 20 30 15 21 30 14 14 9 42 22 30 37 12 15 31 34 19 14 35 29 27 8 33 15 
12 12 24 29 16 41 35 25 15 24 16 14 27 23 24 20 16 37 23 19 35 17 24 24 18 13 35 25 28 24 34 19 31 34 16 22 28 32 24 19 34 17 17 23 17 30 15 34 28 33 12 15 9 29 25 23 26 22 11 19 30 32 17 25 20 20 14 21 14 19 30 15 29 13 13 11 33 20 26 25 35 24 22 13 16 18 33 14 16 17 23 20 22 38 13 31 35 31 17 16 20 19 22 14 21 24 20 36 7 14 30 31 25 28 25 13 12 15 12 13 
24 20 18 28 19 33 18 13 33 18 25 14 31 17 24 14 21 34 26 18 22 33 26 25 19 16 25 38 33 32 27 16 25 15 26 24 18 24 22 17 10 19 13 17 28 20 24 25 26 27 20 15 12 12 18 22 17 21 11 18 36 11 12 20 14 24 13 9 16 21 26 29 13 34 24 27 22 22 24 24 31 23 31 9 25 19 17 21 30 11 16 10 15 29 21 35 29 23 21 23 25 18 20 12 24 32 14 12 9 12 32 15 13 23 31 33 26 8 21 14 
29 18 12 20 11 27 35 17 28 39 19 20 31 21 14 16 23 32 37 22 30 38 19 26 14 22 24 46 20 22 27 17 31 19 13 17 18 16 30 22 19 15 22 13 27 28 15 31 16 27 10 17 10 24 24 17 11 11 22 11 25 14 9 24 24 14 18 17 18 45 27 29 20 19 12 36 34 22 17 28 30 30 22 22 30 33 30 13 28 17 11 25 33 24 25 37 33 25 18 17 15 16 21 33 19 37 24 27 23 14 26 24 21 16 31 20 14 14 28 18 
25 15 27 25 20 30 28 23 37 38 32 14 27 29 29 19 34 17 32 12 29 24 16 21 11 25 24 44 24 23 31 18 25 30 13 24 26 23 19 20 11 17 15 19 27 21 10 29 19 30 16 32 17 28 23 23 17 22 19 14 23 21 12 12 19 35 22 15 17 41 18 26 11 30 13 35 41 14 26 30 27 35 32 14 34 16 19 20 22 15 13 14 30 26 9 18 24 38 19 32 23 21 36 21 27 37 41 15 21 26 31 25 25 14 40 18 18 16 20 19 
24 18 20 28 10 22 33 20 25 31 25 14 26 22 25 22 31 36 28 12 22 27 16 9 15 35 27 46 33 37 28 19 29 30 14 13 15 30 18 16 28 13 11 19 30 26 17 23 19 37 8 15 16 24 25 26 10 15 22 14 20 22 19 14 23 32 14 20 15 33 21 26 27 17 17 31 9 13 20 22 10 26 17 19 35 17 24 8 24 15 22 17 25 25 18 27 23 34 22 28 28 18 25 19 41 15 12 29 22 22 21 28 22 18 35 21 21 9 8 17 
24 9 24 19 19 24 28 20 18 27 19 21 24 19 21 22 26 28 29 16 41 27 16 32 13 14 29 29 34 14 25 19 32 39 21 21 28 30 16 16 11 16 22 10 18 28 19 24 19 16 23 21 16 10 28 18 17 16 16 14 13 17 13 6 17 16 20 18 18 36 21 31 17 28 19 12 38 23 18 24 30 34 23 18 38 14 35 18 27 11 10 21 26 19 19 22 31 23 24 25 26 6 14 14 25 41 27 24 13 19 25 43 18 15 26 20 6 16 30 9 
33 13 16 28 17 29 29 11 22 34 20 13 28 21 28 18 39 36 26 14 36 22 19 22 15 24 15 25 27 20 31 11 19 34 22 11 21 31 22 22 27 14 19 13 17 23 28 37 18 26 19 16 16 16 23 21 25 14 27 15 8 19 17 12 21 22 10 27 16 28 14 37 24 16 21 18 21 9 24 23 26 29 23 25 26 22 27 25 28 19 34 8 35 26 13 32 36 29 22 28 12 12 16 26 29 19 14 31 14 19 27 40 22 19 39 21 20 18 33 14 
34 20 17 23 21 32 23 17 36 32 16 18 36 18 37 22 22 24 27 9 31 18 16 19 8 27 38 22 34 15 26 18 42 30 27 25 27 35 15 20 29 11 20 9 25 25 19 17 16 27 13 19 16 16 16 16 14 16 18 13 21 15 18 15 24 19 21 27 16 30 28 24 23 26 14 38 20 17 23 32 32 27 32 15 35 14 19 10 25 9 24 28 15 24 15 29 27 11 11 29 24 19 17 24 43 24 30 24 7 20 21 25 18 21 31 30 15 14 30 13 
29 18 22 20 16 37 13 18 27 20 19 19 24 13 18 18 25 21 17 9 30 26 34 32 11 21 27 17 14 20 19 16 23 43 23 19 28 27 20 15 21 20 23 20 19 14 24 16 23 32 23 25 20 11 22 22 24 7 16 13 11 22 16 23 16 13 13 27 9 41 18 28 23 15 17 40 31 20 19 25 35 23 30 26 17 17 24 21 40 13 24 20 15 24 17 14 15 23 28 21 15 20 21 19 19 11 21 29 15 23 43 28 24 13 31 34 29 23 30 19 
27 16 9 28 20 29 29 24 26 29 31 18 36 24 17 22 44 33 28 17 39 9 31 34 10 19 32 34 19 20 25 15 24 18 13 16 18 25 20 7 19 10 17 18 29 31 25 21 18 21 18 25 18 30 18 18 17 17 16 15 28 12 20 26 21 28 14 31 20 34 17 32 21 29 20 41 40 22 30 18 39 29 26 10 36 16 26 21 37 20 23 27 20 10 16 28 31 20 24 26 23 19 31 17 29 34 20 33 16 13 19 28 25 20 44 23 16 20 25 17 
27 20 22 27 10 42 22 21 30 12 20 14 26 25 23 17 20 24 25 12 27 14 25 30 11 18 34 31 20 25 31 11 21 28 26 12 18 24 23 13 24 15 9 15 15 17 29 16 27 39 26 29 18 24 24 19 13 19 15 20 13 23 17 24 26 13 21 22 16 31 41 27 29 26 20 26 28 11 21 20 37 33 16 18 39 16 29 11 29 12 21 27 25 24 23 25 26 31 21 33 37 18 17 15 21 18 22 33 7 17 22 38 18 24 37 22 13 12 25 14 
25 25 23 32 21 22 23 15 28 36 16 10 30 23 18 19 17 35 19 8 28 23 20 25 17 13 31 21 22 20 32 25 33 32 13 17 25 39 18 24 12 15 12 17 26 22 19 39 16 36 19 14 14 22 14 21 16 26 22 21 21 24 12 23 23 16 14 19 16 52 26 32 28 16 17 27 28 14 23 21 38 26 29 9 17 18 22 19 29 11 24 21 27 22 10 10 27 21 20 24 32 13 7 18 40 35 26 22 9 21 17 18 9 14 35 26 15 19 21 16 
26 20 20 26 14 27 33 13 32 17 22 15 34 18 13 13 19 31 25 13 11 27 16 34 14 21 28 23 27 34 42 18 20 25 22 17 20 16 24 21 15 9 21 15 21 18 23 19 34 23 7 23 10 21 27 12 9 13 20 14 23 17 14 12 23 29 22 18 10 35 11 37 16 23 24 28 46 17 22 30 39 20 27 11 24 15 38 14 35 17 22 15 32 13 13 33 23 22 15 26 18 17 13 26 38 21 23 23 22 23 32 34 27 15 25 14 14 12 24 16 
32 22 19 22 21 24 35 22 7 36 16 17 41 29 29 6 31 38 20 11 21 29 21 24 12 17 23 34 28 27 30 7 28 36 5 21 27 27 9 22 28 20 22 21 24 26 15 20 27 23 26 20 21 26 24 15 3 26 18 14 35 16 13 23 23 26 20 19 17 38 28 25 31 17 15 30 27 12 26 13 13 25 15 14 24 13 29 18 23 15 13 25 34 13 14 18 18 24 28 33 21 23 19 24 19 27 18 23 24 10 31 16 28 9 13 23 22 18 30 19 
20 13 21 33 18 38 32 19 31 28 19 13 30 18 27 17 37 19 24 13 28 22 29 29 11 23 34 34 2 13 30 10 21 13 16 16 19 24 11 26 24 10 16 17 7 22 16 41 18 16 15 16 20 20 19 11 18 22 26 25 31 11 21 25 20 27 12 17 16 30 26 17 24 21 18 30 34 8 24 17 15 29 33 23 31 17 24 6 20 16 34 27 24 16 18 26 31 37 16 28 43 12 25 24 22 34 13 28 20 17 25 23 17 20 45 33 24 18 27 8 
24 26 11 29 20 43 37 18 29 19 17 15 27 26 20 15 21 26 27 18 41 25 22 20 16 18 26 16 30 27 30 16 22 36 13 16 25 39 19 5 28 17 16 14 29 18 16 34 12 28 16 11 15 27 30 17 17 17 23 15 35 22 16 26 20 8 16 22 9 38 20 37 22 18 19 21 18 21 23 26 37 21 31 18 35 20 20 17 37 21 30 23 32 39 13 47 30 12 22 29 19 19 13 19 33 15 16 27 16 19 24 33 19 24 28 27 17 19 24 19 
25 6 20 16 21 33 31 17 27 33 21 20 26 19 13 13 43 19 24 13 30 24 34 14 18 21 33 36 31 30 24 16 28 33 22 16 15 39 20 18 21 12 17 9 19 21 17 31 25 20 16 20 16 23 21 5 18 12 8 13 22 21 18 13 13 22 19 20 16 32 31 20 22 14 19 17 16 21 18 14 45 24 14 18 26 24 21 17 27 19 17 15 16 28 16 30 37 20 6 36 21 8 19 20 26 30 28 22 21 20 10 19 21 12 35 19 16 10 23 11 
44 27 12 8 13 26 36 9 16 36 15 15 25 29 31 21 28 29 27 19 22 29 27 24 14 27 26 22 24 28 19 16 22 12 20 7 22 18 15 25 22 18 19 22 16 26 6 28 24 23 20 16 21 31 18 3 18 15 22 15 32 20 15 21 21 33 7 21 10 39 18 30 12 17 9 28 54 22 29 21 28 23 24 10 18 14 36 17 36 16 23 24 17 24 17 23 16 30 25 38 17 26 25 20 19 37 16 19 16 18 23 30 24 25 33 18 5 13 41 17 
16 19 19 18 15 21 24 17 21 22 27 22 22 29 36 25 27 25 12 13 23 26 17 24 20 14 19 27 18 20 44 15 27 40 11 21 23 23 19 21 26 19 10 22 26 26 23 15 12 9 16 19 15 24 28 19 4 20 9 14 24 15 17 14 14 26 15 16 22 25 19 32 30 14 19 23 41 9 17 29 20 15 29 22 41 25 17 17 36 13 16 28 31 18 25 35 12 27 18 30 29 19 29 15 33 29 22 24 16 17 30 23 17 17 29 31 19 15 25 13 
34 27 15 4 10 27 31 21 34 36 19 20 34 31 26 18 41 18 25 14 31 26 25 14 13 26 30 38 29 21 21 12 36 31 14 17 23 27 26 18 17 14 17 21 23 19 11 31 21 26 19 17 18 15 25 18 23 9 20 14 15 16 15 11 18 31 14 13 16 15 18 21 22 30 20 37 37 7 22 24 28 29 21 18 29 21 35 23 45 18 30 32 22 32 28 28 25 32 26 33 20 18 29 12 16 27 26 17 17 20 35 31 10 28 21 13 10 11 44 18 
12 12 20 20 16 23 41 6 7 15 16 16 21 34 14 10 16 33 24 18 36 28 23 25 20 32 22 39 15 11 26 15 33 24 23 21 21 23 20 20 24 18 15 13 15 21 18 37 41 15 15 23 19 21 24 13 15 25 12 18 29 18 16 21 22 24 11 20 12 27 28 20 17 26 25 40 29 16 29 13 20 21 25 16 36 16 32 14 31 16 12 18 22 19 19 28 18 17 20 20 31 24 15 30 16 24 16 23 6 15 31 28 15 29 29 28 17 5 32 14 
17 27 19 21 15 19 27 17 34 20 27 8 24 22 28 17 30 42 28 11 29 21 28 16 14 33 20 28 20 10 25 12 27 50 20 7 23 21 21 13 31 18 11 20 21 23 25 25 23 27 14 21 17 17 15 15 29 26 15 17 30 6 18 31 18 20 15 24 15 28 7 20 14 22 18 33 26 9 23 27 23 20 28 22 44 14 37 25 46 16 26 36 20 17 24 34 20 29 27 9 18 16 25 18 24 31 22 24 15 22 24 33 26 26 32 13 22 7 32 16 
28 22 23 14 21 15 21 21 17 29 18 13 23 22 19 11 30 26 30 22 32 27 27 24 11 13 20 32 30 25 27 20 30 44 10 15 35 26 15 13 21 23 23 17 28 19 20 25 34 13 23 13 14 19 21 14 32 10 29 15 19 17 15 22 20 14 15 7 18 32 20 24 39 18 22 37 25 22 12 20 20 13 30 16 25 6 21 22 34 18 13 25 21 32 25 25 28 39 14 30 23 11 17 19 13 29 11 30 10 14 19 31 24 11 24 27 18 18 5 17 
34 23 19 19 17 23 29 23 29 15 17 13 11 26 24 15 28 38 27 22 39 23 28 34 15 11 24 19 24 21 21 14 31 30 16 20 28 30 23 16 21 15 13 10 12 24 19 28 28 40 13 26 16 18 24 12 11 22 20 14 21 15 17 23 20 25 16 21 11 35 18 19 25 30 19 33 26 13 15 16 28 26 24 20 33 21 22 21 37 20 10 21 40 26 19 39 18 35 18 30 25 23 22 12 25 20 15 26 20 3 9 41 18 12 21 29 8 13 23 18 
33 16 18 32 21 17 29 11 35 22 26 15 41 19 32 23 15 28 32 3 38 26 19 22 10 26 27 35 26 28 25 16 20 50 14 13 14 29 14 13 18 8 19 22 17 21 19 29 39 23 12 28 15 15 17 17 21 23 10 16 17 20 16 23 22 20 28 19 23 28 18 22 33 21 18 44 20 30 29 33 21 21 31 19 23 19 21 15 21 15 40 23 31 15 15 9 34 55 15 28 18 17 34 21 18 28 16 22 26 23 34 13 13 19 31 32 14 17 24 12 
28 25 25 25 13 38 23 18 31 32 11 11 17 14 31 16 15 12 21 21 19 13 21 21 19 17 14 24 21 27 29 9 26 22 26 18 20 44 8 12 19 21 23 21 17 13 25 28 14 29 11 18 11 19 19 22 23 10 26 19 33 24 17 17 20 10 21 18 18 22 30 38 19 14 19 39 31 10 22 20 24 18 29 23 39 15 17 15 39 11 33 23 28 21 23 22 47 15 13 46 15 19 29 17 43 35 16 38 14 7 17 35 20 20 48 17 24 17 37 25 
29 13 22 13 13 30 33 15 27 20 18 20 33 23 20 18 36 41 30 12 33 24 30 29 18 20 27 37 24 20 26 7 33 47 11 16 22 18 21 23 13 15 23 17 14 25 15 13 29 28 17 19 11 25 29 18 20 10 20 14 24 21 19 18 19 46 17 17 13 14 16 28 21 32 11 17 38 11 18 32 26 15 30 25 14 22 28 26 47 14 18 19 27 23 25 26 20 31 19 32 33 15 31 22 25 32 25 22 20 18 19 18 23 21 32 33 20 5 31 11 
27 20 21 24 12 33 15 17 32 28 21 9 25 11 28 15 22 30 13 6 26 24 12 30 15 12 29 44 25 24 19 18 27 27 19 14 24 35 24 13 22 17 16 11 19 30 28 34 18 42 22 16 16 16 22 17 23 14 21 16 23 11 19 31 23 24 17 26 17 24 23 29 28 30 10 43 35 18 30 25 44 33 23 21 22 24 30 18 29 19 18 17 22 39 17 22 15 24 18 30 19 20 29 14 27 25 21 19 16 19 22 29 25 21 35 42 17 16 30 16 
20 18 14 30 19 25 19 29 19 20 20 16 33 23 35 26 34 36 19 13 25 19 12 28 16 24 30 33 33 28 18 18 16 28 20 18 16 19 23 16 22 13 14 14 25 26 19 28 24 29 7 18 16 21 27 7 32 29 27 12 20 27 11 19 23 21 14 22 19 28 36 29 24 34 11 42 43 15 7 31 27 31 22 20 18 6 18 13 18 16 21 29 26 31 16 23 18 26 24 37 16 18 29 23 38 14 32 44 13 24 24 21 26 27 10 26 17 18 20 21 
27 14 23 31 15 37 24 23 25 21 14 19 28 23 18 24 34 41 17 17 24 16 35 21 24 27 34 29 35 31 21 18 28 23 12 13 22 32 12 25 22 20 7 16 19 21 21 21 23 33 18 16 16 31 24 25 15 17 32 10 29 21 24 25 10 23 29 23 16 39 20 42 28 34 11 48 40 18 23 10 45 32 10 13 50 10 42 11 21 16 23 23 19 21 18 14 24 46 17 26 30 19 27 30 34 36 11 29 19 18 30 28 21 26 14 28 15 18 28 10 
13 17 28 19 18 40 24 21 27 22 16 18 34 14 30 12 26 31 20 16 26 27 14 32 16 11 24 30 28 22 28 21 25 27 11 20 12 26 15 17 23 20 17 26 21 34 23 22 20 17 11 25 21 27 26 19 21 21 23 18 32 30 23 12 29 29 15 16 16 27 37 19 20 18 7 14 35 17 37 15 47 24 24 18 11 12 23 18 36 20 20 17 25 34 19 30 26 31 21 24 33 15 24 26 19 29 21 20 18 14 27 23 17 23 17 26 4 22 22 12 
24 24 10 15 16 22 19 16 25 27 25 8 4 26 30 13 30 29 21 18 38 40 29 27 11 21 24 18 27 18 12 10 15 15 7 19 26 32 14 18 26 11 24 13 23 12 17 29 25 17 26 20 18 22 21 13 14 13 27 9 29 21 19 20 19 20 18 14 12 39 22 29 21 27 15 26 42 20 25 24 30 22 29 12 30 20 16 23 33 14 7 29 26 33 27 40 24 39 17 33 28 15 26 20 19 27 26 25 21 14 22 17 16 26 27 26 13 13 23 22 
25 16 33 26 14 28 28 26 20 29 19 9 21 22 16 22 30 33 30 15 19 19 26 18 9 31 19 13 11 24 31 21 17 17 18 16 21 14 16 19 24 10 12 14 11 23 16 29 22 31 17 14 28 9 24 17 17 17 23 15 28 13 10 25 11 33 12 18 13 40 24 27 28 24 14 30 34 17 28 27 35 8 23 15 19 20 36 17 18 17 12 17 19 28 17 36 33 21 24 28 33 18 21 28 32 23 13 29 20 25 27 44 23 18 31 29 19 14 6 18 
20 16 25 26 17 35 26 18 24 33 21 19 23 28 33 19 24 22 26 21 44 35 23 24 17 21 25 36 23 17 17 13 21 33 17 13 32 26 16 16 20 19 18 10 25 28 16 16 19 19 8 30 20 9 34 24 24 9 22 16 30 19 10 27 21 24 18 26 19 42 25 40 32 16 17 27 36 12 19 30 21 10 21 23 36 12 29 6 28 17 24 36 26 43 17 40 33 43 17 15 23 8 25 21 30 40 26 27 15 14 30 18 19 21 36 31 18 10 41 14 
38 7 39 45 12 37 23 15 27 31 18 10 28 21 26 20 25 29 25 12 39 36 17 29 17 17 21 40 17 28 28 19 36 39 16 21 22 20 23 29 23 17 20 22 27 32 11 26 21 22 24 20 22 25 25 27 27 16 19 17 14 28 18 19 21 36 4 16 13 40 10 29 21 15 9 29 27 21 29 28 22 12 18 26 35 13 23 20 37 11 11 23 33 9 17 19 33 17 25 49 25 13 17 25 33 29 25 17 23 14 12 25 20 27 45 32 21 20 20 7 
17 23 20 29 11 24 34 22 39 17 22 26 27 24 17 21 22 23 28 16 33 24 26 12 14 20 29 27 27 36 22 16 22 30 14 18 16 35 19 11 11 21 19 17 29 20 20 26 22 17 12 23 13 20 20 21 17 20 15 17 26 16 20 12 14 37 22 23 12 17 19 16 33 15 25 45 16 18 34 24 38 18 22 26 39 22 38 20 38 16 22 26 34 19 19 34 21 32 15 21 21 11 23 24 31 27 14 32 19 27 18 15 29 20 36 26 21 20 34 17 
29 18 9 29 21 32 26 17 20 30 17 13 39 25 27 10 33 34 15 11 32 20 21 13 7 19 26 23 27 19 42 18 31 21 10 28 29 34 22 28 22 17 26 17 21 32 16 20 14 29 11 25 21 26 16 19 33 25 28 13 27 20 17 14 16 35 11 24 13 27 23 28 27 17 11 18 28 24 16 24 37 20 18 18 21 20 30 20 38 17 24 29 8 34 16 29 26 26 31 31 27 16 23 34 13 18 27 30 12 18 30 28 13 26 30 28 14 14 38 15 
21 20 12 9 12 34 41 14 37 30 17 22 29 19 26 17 26 31 34 18 33 16 25 27 15 11 27 14 28 29 24 11 32 14 24 13 19 20 12 13 31 19 10 15 28 21 17 23 23 27 17 28 15 12 29 14 18 23 14 3 27 21 15 36 21 35 17 15 21 33 27 21 27 26 22 36 35 18 29 13 6 29 36 21 32 22 23 21 33 10 22 14 23 23 23 36 29 42 24 36 23 9 25 12 36 30 11 16 17 19 20 45 24 27 34 4 11 21 27 14 
33 16 16 16 17 24 33 16 32 39 25 11 22 15 31 17 32 38 29 12 40 24 21 22 14 21 23 25 10 31 35 18 26 36 22 24 22 21 14 24 14 14 18 16 15 19 19 26 17 21 15 23 12 27 22 24 17 11 22 14 33 19 16 13 20 16 19 18 20 28 24 33 27 21 22 22 35 12 24 12 31 16 26 18 23 9 19 18 32 13 26 17 31 25 30 33 16 8 14 26 33 20 18 25 26 41 22 25 29 27 31 25 20 12 30 30 20 24 47 16 
33 19 8 20 19 6 16 17 26 27 28 16 27 24 28 12 38 40 21 15 36 27 30 31 18 21 37 30 9 11 23 17 13 25 20 21 30 20 20 11 27 14 25 19 12 30 17 26 14 30 28 25 14 18 24 5 13 21 19 10 17 16 15 22 20 27 21 15 20 12 27 23 31 27 13 24 25 20 31 37 29 23 15 12 34 14 31 21 40 15 22 25 26 31 27 33 28 37 14 25 16 19 18 13 18 24 29 36 13 10 27 15 22 22 15 35 9 16 17 27 
22 11 34 17 17 27 19 18 19 34 24 16 31 39 24 17 19 43 21 14 23 33 26 20 17 21 37 17 27 20 20 11 16 44 20 23 20 31 22 11 21 13 16 19 15 17 21 20 26 24 19 28 22 28 18 16 16 23 20 14 27 15 28 19 28 25 16 20 17 31 21 34 16 15 13 26 30 14 27 27 21 34 27 12 21 24 26 18 47 14 22 17 32 32 11 36 21 23 21 14 26 21 28 22 32 25 25 20 11 17 34 15 15 15 19 16 18 25 32 16 
33 21 17 27 18 36 30 22 30 33 23 18 5 14 25 21 30 23 25 9 30 30 32 13 15 26 27 21 20 33 30 26 31 38 12 22 18 21 18 16 19 20 25 14 14 18 14 21 26 27 13 18 14 19 28 17 13 21 22 13 43 26 12 23 16 33 17 17 18 33 26 22 10 33 17 24 32 15 15 32 24 30 25 17 27 23 30 19 36 17 14 27 14 19 24 28 28 26 21 41 30 10 27 21 21 24 27 23 15 30 34 34 25 19 29 31 6 13 20 11 
22 27 22 19 19 18 31 16 14 25 14 20 25 13 25 9 34 24 33 15 26 22 19 22 16 27 30 28 27 25 27 16 30 26 15 23 26 24 20 18 14 21 19 14 24 23 18 35 24 27 19 23 18 15 18 14 17 27 21 9 39 12 10 22 17 23 9 15 16 21 15 21 29 19 14 31 33 17 15 23 30 24 19 19 25 15 36 19 30 6 27 26 17 31 13 18 43 29 13 17 32 23 18 22 35 28 35 18 15 21 21 42 16 15 31 43 16 11 21 12 
27 16 25 17 15 22 19 25 37 16 25 14 18 33 32 16 20 25 19 14 29 25 27 20 13 26 23 31 19 6 24 19 42 19 17 5 15 25 28 21 22 15 18 16 19 21 21 20 21 37 9 28 15 20 22 20 24 18 20 16 31 16 15 12 23 37 20 26 25 26 27 27 31 26 17 32 32 12 21 39 32 4 25 13 18 19 28 9 26 19 11 19 36 27 10 31 27 25 16 36 12 19 25 24 24 28 15 27 23 13 24 32 21 20 32 25 19 10 33 18 
27 20 15 16 13 23 41 13 26 20 17 12 30 24 31 8 27 32 33 21 30 15 21 25 16 25 34 42 16 20 26 17 31 33 13 24 24 35 18 21 16 19 16 21 24 32 15 40 19 12 24 20 18 20 18 22 14 20 13 22 25 16 23 27 22 25 19 16 11 44 31 20 17 13 12 30 21 14 19 11 23 16 20 17 29 10 32 24 36 13 21 13 23 29 14 15 37 24 17 31 19 20 25 25 13 33 28 30 15 10 25 19 15 25 38 35 9 20 35 24 
18 24 17 26 20 28 27 14 26 32 23 17 31 30 17 23 20 35 39 12 38 31 29 22 15 28 29 29 31 28 29 20 28 21 10 18 23 25 17 19 24 17 16 7 19 19 13 27 15 33 19 24 10 9 25 12 18 24 30 10 28 15 15 20 22 19 18 24 15 20 16 19 20 24 19 34 43 10 20 27 27 11 29 9 31 22 28 26 31 10 19 20 34 26 20 27 36 37 16 14 30 16 32 23 30 25 22 25 13 29 21 21 26 20 39 30 9 20 23 16 
28 18 33 12 19 21 22 24 34 21 25 18 19 30 15 21 22 25 26 16 43 21 24 19 17 19 22 36 17 28 24 17 14 15 16 25 20 30 14 12 22 17 23 19 33 23 8 25 25 20 8 10 15 21 15 21 19 21 18 22 15 19 12 33 18 31 11 25 18 20 22 28 23 25 18 35 31 20 7 37 28 19 21 17 22 19 21 15 29 14 23 19 15 29 20 42 19 22 18 22 23 20 19 24 13 22 24 28 17 15 26 24 23 29 30 19 19 18 31 22 
34 18 31 41 10 23 27 17 16 27 25 15 37 27 24 18 31 31 12 15 31 22 27 15 14 29 10 36 26 20 32 18 27 19 18 26 17 5 31 16 11 17 21 19 20 22 23 31 16 24 15 24 22 11 12 17 25 12 17 23 27 19 13 28 20 34 16 13 21 34 25 25 18 23 15 23 30 17 32 22 23 15 24 14 24 15 32 16 35 18 16 15 29 23 20 24 16 29 19 39 21 13 22 30 21 32 23 24 27 25 28 25 35 17 25 22 16 16 25 10 
25 18 16 6 18 20 32 12 24 24 26 21 36 20 20 20 17 30 29 16 38 15 26 19 16 22 20 22 26 21 39 19 30 19 4 14 11 30 14 23 15 15 20 13 21 28 21 20 9 35 15 18 20 30 5 12 25 13 22 18 12 17 14 34 24 29 24 20 18 36 48 27 23 29 18 33 40 14 17 16 35 24 24 25 33 18 23 20 29 15 31 21 19 27 12 15 27 30 16 28 21 21 30 20 30 30 19 30 17 19 19 25 31 27 24 17 27 9 31 19 
16 16 29 7 17 22 16 13 21 32 16 23 23 19 24 25 19 15 31 12 11 34 33 21 22 20 40 19 27 22 32 20 15 26 18 20 35 24 19 17 26 13 20 13 19 24 19 26 16 23 23 16 25 29 33 16 30 32 27 20 26 29 16 15 18 22 20 29 13 26 29 22 27 35 22 30 7 19 21 22 21 23 23 21 23 12 19 30 30 19 24 22 38 34 27 29 23 34 34 29 30 19 16 21 38 32 27 35 6 18 25 15 32 12 34 34 15 24 28 18 
21 15 17 27 16 34 34 23 41 27 21 11 22 30 36 15 25 25 35 24 12 28 20 19 16 24 26 32 32 29 34 11 28 17 12 26 22 27 5 16 24 18 17 24 15 27 22 25 19 16 18 31 21 17 20 27 20 22 17 15 14 24 18 19 22 33 13 20 15 46 27 14 10 22 14 29 28 16 18 22 43 14 18 16 24 16 28 16 24 8 31 19 27 25 20 36 18 38 18 28 27 23 25 25 28 38 20 26 21 21 27 33 17 23 13 15 16 19 31 14 
31 19 25 15 18 21 36 14 17 29 23 12 25 24 13 22 36 37 23 12 30 28 15 22 12 23 7 32 25 35 33 17 26 23 20 18 29 41 17 21 24 16 21 12 19 21 24 22 32 31 19 21 12 8 14 18 27 22 22 16 21 15 22 25 16 14 18 21 15 24 19 13 24 5 15 33 29 14 18 34 19 23 16 16 12 23 35 18 43 14 15 25 26 27 21 19 35 28 21 27 24 22 26 23 23 30 17 32 15 15 23 40 27 13 26 23 14 15 23 19 
42 15 20 28 15 26 19 12 25 20 32 17 21 19 22 11 30 23 17 16 22 36 31 20 15 21 29 45 29 38 18 16 34 13 16 22 26 27 15 14 21 16 20 26 24 21 22 30 30 23 15 25 21 23 22 14 14 20 16 18 17 13 17 22 21 22 30 10 7 33 17 18 34 21 23 24 31 21 24 28 28 30 12 6 33 15 30 14 37 18 21 11 25 26 19 35 20 51 22 14 26 22 10 19 30 36 28 24 25 23 30 36 21 25 20 26 19 17 23 14 
25 23 17 28 18 35 2 20 20 35 10 14 38 21 24 13 45 34 22 13 24 29 26 29 14 20 13 20 22 29 4 15 24 34 9 14 22 32 7 19 21 5 20 8 21 25 20 39 21 34 23 24 20 32 33 20 20 24 26 13 26 11 16 22 20 25 23 17 15 31 29 23 12 25 18 36 23 12 26 36 26 25 39 12 22 7 27 25 30 18 25 21 32 11 25 25 29 27 14 22 25 20 22 29 24 14 15 27 17 27 31 29 32 30 22 26 17 16 25 8 
26 16 18 26 15 36 34 14 21 28 22 14 31 28 20 14 47 43 14 11 20 15 24 22 19 20 17 36 23 15 23 12 26 41 24 10 21 28 26 10 27 10 16 3 10 12 22 25 22 2 6 5 12 21 25 14 23 23 22 15 20 14 13 17 18 25 17 25 13 22 22 20 27 18 16 36 24 11 26 23 36 17 18 15 30 12 12 17 38 20 15 28 30 21 27 24 27 32 8 33 23 13 25 21 21 27 23 24 14 18 19 20 30 25 19 23 18 19 38 17 
26 7 20 29 14 35 31 20 29 22 20 14 31 25 22 22 19 27 24 21 34 34 24 31 13 20 35 29 21 32 15 19 27 29 17 21 16 21 30 22 10 20 18 11 24 27 24 34 17 24 15 27 10 22 17 18 15 31 25 7 30 16 20 23 27 28 15 17 14 42 26 22 25 20 23 15 35 15 17 26 32 28 31 26 38 21 19 28 49 13 21 26 25 16 19 30 34 31 19 19 34 23 21 13 24 38 37 21 11 19 25 34 17 26 29 20 6 14 29 6 
27 19 34 34 14 26 16 21 28 31 16 15 23 13 21 17 35 35 21 15 45 26 20 28 12 22 18 36 33 15 18 13 25 36 23 11 24 23 23 24 29 15 18 18 12 16 15 22 26 25 11 24 18 28 23 19 23 24 17 10 24 11 11 10 27 34 17 23 11 36 21 24 23 30 12 25 44 17 15 31 39 31 32 21 19 15 34 22 50 10 23 32 22 17 27 17 34 27 18 32 29 17 16 22 35 52 29 24 17 23 27 35 31 31 27 23 17 24 29 21 
15 12 25 26 16 35 30 14 15 25 16 16 35 30 33 25 20 17 28 15 32 25 26 24 14 29 29 25 14 21 21 13 28 26 20 17 15 25 10 18 23 21 15 18 26 13 16 28 28 26 15 25 23 21 18 16 15 28 17 11 19 16 19 21 11 28 15 24 22 30 13 34 18 16 6 34 23 20 27 11 21 33 24 11 14 13 32 13 36 10 16 18 24 11 18 41 24 24 20 36 9 19 23 14 33 27 24 27 12 22 30 30 18 20 31 28 14 15 17 13 
15 18 10 18 16 40 31 10 28 19 15 20 25 20 14 22 41 30 16 17 27 20 22 28 13 15 30 33 27 17 35 18 29 15 15 27 27 28 21 18 25 13 20 14 26 28 14 37 16 19 15 19 11 18 14 10 30 15 24 10 27 18 17 17 29 32 16 9 16 30 25 28 24 31 16 21 29 21 33 22 33 39 24 13 32 14 15 21 35 14 16 17 20 35 19 38 38 35 25 9 21 19 30 22 26 15 21 26 15 11 28 43 25 12 37 41 15 19 24 12 
30 19 16 19 12 29 34 17 9 28 31 15 27 16 31 10 22 36 21 20 34 22 20 18 21 24 35 16 7 12 35 16 33 34 21 22 27 28 8 27 30 9 20 22 13 16 18 19 37 28 17 20 21 22 25 30 26 26 21 12 21 21 12 21 21 20 7 16 10 40 31 24 15 14 17 23 20 10 22 34 23 27 25 12 37 23 28 15 27 14 14 17 20 24 10 23 31 8 11 27 21 15 18 21 17 30 28 29 7 13 27 34 18 16 23 22 21 16 35 22 
27 22 16 12 10 19 32 15 26 31 25 11 28 22 23 11 28 23 32 18 22 18 7 26 15 16 31 29 27 22 18 15 33 24 24 18 26 30 21 18 18 11 16 11 32 33 14 16 24 28 18 14 24 12 21 21 24 31 25 13 34 19 14 5 26 28 19 13 17 16 24 24 24 32 19 30 38 10 26 29 25 20 23 18 28 10 38 19 26 17 6 34 16 22 4 22 34 32 13 21 21 14 22 27 34 25 19 31 18 21 21 26 21 15 38 10 15 22 30 19 
15 15 17 24 17 23 39 12 23 29 20 11 32 20 32 23 23 16 38 18 38 18 18 32 13 20 24 26 20 22 31 18 14 32 21 19 23 37 22 15 17 8 21 18 19 24 15 28 32 23 14 25 13 26 28 15 17 22 13 20 29 22 15 6 17 21 17 16 19 26 17 17 15 35 27 31 22 13 26 26 34 22 10 27 43 15 32 20 19 16 16 25 21 18 13 20 33 23 23 31 16 19 24 18 23 26 13 28 8 19 21 36 19 28 29 34 11 12 30 20 
27 24 19 23 18 26 34 16 34 21 11 15 20 16 31 21 31 40 17 12 42 20 18 37 14 32 15 14 26 29 8 21 40 23 18 13 23 14 18 23 12 16 22 22 17 30 21 24 24 31 2 28 12 22 8 7 14 23 15 19 21 25 19 20 25 21 12 22 17 14 32 31 18 31 21 15 31 12 16 23 25 22 23 19 43 10 38 5 24 18 21 27 30 37 18 31 35 28 19 31 16 10 24 18 30 40 16 30 18 12 33 24 27 22 33 31 17 17 32 14 
33 25 20 30 16 25 33 20 29 21 15 10 36 21 38 19 29 26 14 16 14 14 26 18 23 28 25 37 25 26 29 15 33 22 19 17 14 11 24 11 23 19 24 16 13 13 21 30 27 33 16 19 16 15 20 20 8 20 29 16 25 5 21 15 24 26 19 24 26 17 15 30 48 24 24 24 37 24 31 30 32 22 22 16 27 9 30 15 33 12 20 31 20 33 25 23 22 42 19 27 11 20 25 14 32 18 31 29 19 10 30 32 17 20 28 30 21 19 16 15 
15 19 22 27 18 31 29 20 23 31 27 21 38 32 28 14 18 29 11 13 25 15 29 14 18 17 27 25 32 26 21 17 32 32 18 20 19 33 24 24 22 14 22 20 27 15 21 29 16 26 18 25 15 15 13 18 24 7 13 15 28 19 23 13 20 22 17 8 12 29 17 33 35 23 10 38 26 15 25 16 28 24 27 22 25 15 33 11 37 19 20 22 22 25 16 33 22 30 12 27 23 18 17 25 40 19 19 18 11 13 20 32 39 15 12 17 17 23 22 16 
29 23 19 30 12 6 34 17 23 27 28 12 38 28 32 8 27 31 25 9 17 22 24 22 13 20 21 34 34 7 13 19 22 38 21 11 22 34 24 23 27 20 26 13 20 24 8 25 29 26 11 30 22 13 29 9 10 12 29 11 27 15 18 26 18 16 20 30 7 31 38 21 35 23 24 30 10 17 26 34 30 24 27 19 35 10 30 15 38 17 20 25 14 18 17 16 31 43 25 30 24 13 18 22 25 26 13 36 17 26 30 20 26 19 22 23 17 14 28 13 
19 11 30 27 18 27 32 21 31 49 17 13 30 23 23 26 26 25 30 18 39 23 14 23 15 24 15 8 23 24 24 23 30 32 15 19 18 37 18 17 33 16 26 21 23 30 24 31 23 26 17 16 18 34 11 15 17 23 34 15 31 25 17 26 16 21 15 25 12 36 20 39 33 33 14 23 47 19 14 27 27 29 25 20 26 6 27 15 40 16 15 25 17 25 14 33 25 32 15 18 6 14 20 12 36 27 13 34 9 19 23 22 16 24 25 21 20 14 32 13 
31 15 18 42 12 33 29 14 22 32 27 16 34 16 43 15 16 21 13 10 31 23 15 34 15 19 24 27 23 21 25 13 27 24 17 19 18 31 16 17 16 15 9 18 26 15 15 31 16 28 21 17 17 27 18 25 19 12 20 19 20 22 8 21 17 31 17 19 8 14 34 29 18 23 13 40 36 21 23 25 39 15 30 18 40 17 22 24 34 12 21 23 22 18 16 32 22 31 18 25 29 7 27 8 23 19 23 37 15 14 30 33 9 35 32 21 16 7 28 4 
14 20 19 27 22 17 17 21 26 30 18 16 35 34 20 22 25 24 38 14 35 31 18 33 20 22 36 37 33 14 39 9 20 29 23 13 30 26 29 18 12 13 8 10 18 15 17 17 20 32 15 15 21 23 18 23 23 33 33 14 23 27 15 25 20 31 22 25 19 18 14 27 21 11 21 29 51 12 12 31 33 28 28 15 27 19 24 23 45 13 15 21 33 18 12 33 20 13 16 31 26 19 25 25 17 22 27 26 15 18 25 22 24 18 31 29 18 18 24 9 
25 23 21 21 14 21 29 23 24 39 16 6 26 21 38 20 42 35 16 15 29 21 24 30 10 20 25 36 17 35 17 11 29 22 14 16 19 23 21 20 27 12 26 14 17 19 25 28 29 27 20 24 20 28 22 19 23 23 38 11 25 22 11 26 24 20 31 19 17 27 35 32 14 18 17 21 24 12 26 30 25 43 24 18 22 10 23 20 29 18 21 12 10 20 14 24 28 26 20 29 22 17 17 23 31 30 13 34 16 26 41 14 28 19 53 20 13 10 26 11 
17 19 23 40 25 40 33 20 27 25 19 15 20 16 19 22 31 24 15 13 22 25 20 22 13 18 26 34 23 18 15 15 20 36 14 17 16 26 16 21 15 16 15 18 22 20 25 29 21 16 20 24 15 23 24 23 30 18 26 21 17 13 15 16 25 17 21 20 17 23 16 23 21 19 19 33 23 22 7 26 42 24 20 13 47 14 19 11 30 21 20 27 10 32 16 41 27 19 13 30 38 23 21 24 34 42 21 26 25 22 31 40 17 26 32 22 16 20 43 20 
32 23 8 31 18 14 23 20 21 25 18 22 24 32 33 21 23 27 13 17 23 19 11 19 14 12 17 32 15 34 22 12 31 45 23 24 20 13 15 18 25 14 26 15 22 11 21 11 17 11 22 21 24 17 22 13 23 16 26 14 30 20 19 8 19 34 15 20 16 42 29 39 15 27 14 22 29 11 31 26 24 46 24 20 46 13 23 18 43 17 22 24 20 24 26 29 37 37 21 26 30 22 19 14 22 31 23 30 19 27 42 27 18 22 34 22 18 9 25 14 
24 22 23 25 24 29 24 21 17 28 24 13 27 26 25 17 27 43 14 18 25 29 22 23 14 26 15 28 23 28 27 21 22 34 18 18 20 45 23 30 31 11 25 18 18 18 21 23 28 25 7 19 16 23 22 13 18 22 25 14 27 11 19 16 20 25 9 20 14 31 20 30 21 19 16 27 37 23 33 30 26 22 28 19 22 13 28 12 18 13 27 19 17 26 23 26 11 19 13 36 25 6 32 24 32 30 21 27 15 5 31 24 22 12 19 35 14 19 29 15 
28 18 21 9 14 26 26 12 33 33 16 15 33 24 25 13 14 33 29 16 13 26 27 26 14 20 28 37 32 28 23 19 28 15 16 19 26 27 17 18 22 21 23 14 5 25 14 24 21 16 23 9 22 12 23 26 21 19 4 12 17 12 19 30 25 26 8 20 19 18 28 37 33 24 14 23 17 14 15 21 27 12 34 14 35 11 41 14 36 13 17 17 21 27 18 34 42 42 14 26 20 16 25 16 31 19 25 20 14 10 10 33 27 16 23 17 16 14 44 20 
19 11 10 31 17 35 41 24 28 30 22 20 22 14 19 22 23 30 29 11 39 25 10 15 16 25 23 26 28 17 28 15 19 34 18 23 13 33 25 10 24 19 14 15 35 14 18 36 32 40 21 21 20 21 24 20 28 24 20 13 14 16 16 14 19 20 24 16 15 28 30 15 23 21 22 48 39 15 24 33 29 24 21 21 35 18 27 17 40 15 18 32 25 32 12 30 32 37 20 33 13 26 15 23 33 19 34 28 22 19 36 38 11 15 32 29 22 27 31 16 
16 16 21 21 14 25 35 17 25 23 23 8 33 21 26 17 21 17 35 12 32 12 29 28 18 23 22 43 26 21 27 17 28 27 19 14 28 15 14 24 30 19 16 18 14 33 15 22 28 22 14 19 16 18 19 9 19 19 15 14 24 19 23 18 20 26 15 25 23 24 27 40 23 28 22 35 46 12 28 32 50 20 35 20 35 21 32 17 40 16 12 26 16 18 19 29 33 27 23 33 37 14 24 25 18 36 27 28 17 26 17 24 12 21 31 25 25 18 30 12 
32 16 21 35 13 22 36 16 27 34 20 21 19 16 31 27 24 23 44 14 33 20 27 18 8 22 18 41 23 28 14 11 26 26 25 24 22 31 13 12 13 22 25 20 21 25 24 20 34 28 13 20 16 16 23 25 16 22 21 16 34 18 18 18 26 30 5 26 13 20 22 34 23 17 29 29 18 14 19 26 45 15 33 26 23 20 29 20 38 13 21 32 31 25 14 29 27 35 23 36 24 20 21 18 23 22 10 25 19 16 22 15 15 11 47 21 24 18 27 16 
29 13 25 30 17 27 27 15 12 25 27 8 13 18 23 14 28 15 38 12 22 20 33 19 17 9 31 31 36 24 25 14 26 28 31 21 23 17 22 19 17 10 19 12 22 14 22 15 15 35 19 25 24 19 17 24 8 22 26 13 18 27 16 23 18 18 12 18 15 44 27 16 27 34 21 34 21 20 24 26 24 23 16 9 26 29 9 26 36 11 16 18 24 28 28 20 27 10 24 29 33 10 29 17 25 15 32 27 10 17 13 37 34 18 35 23 8 22 21 15 
37 21 21 21 16 7 26 17 21 14 17 18 32 30 25 23 9 37 24 16 28 9 21 21 14 22 28 36 29 24 32 23 23 28 24 21 21 23 24 16 20 14 20 11 17 23 18 35 24 32 14 18 20 16 20 26 25 26 9 15 31 26 18 17 20 27 16 19 17 33 29 30 29 22 17 25 43 18 26 22 48 24 28 23 33 16 37 22 19 15 23 21 13 23 23 41 23 22 17 30 19 7 17 17 19 32 16 37 10 25 19 27 19 17 24 23 17 16 25 17 
24 19 23 27 21 16 32 20 25 28 19 16 24 21 19 21 43 31 31 13 29 24 23 23 13 20 13 28 17 36 27 15 17 18 21 21 26 32 23 20 29 21 24 12 15 14 19 36 27 29 11 27 27 17 19 10 15 23 20 21 24 22 14 23 13 22 21 24 18 17 19 25 31 29 25 18 25 23 14 19 29 27 29 9 32 22 26 23 41 24 19 29 26 28 18 29 27 29 13 41 30 7 18 22 18 28 18 33 25 16 20 28 15 23 15 23 26 25 26 11 
21 20 24 28 12 13 24 19 27 23 33 19 22 27 18 23 20 35 31 9 35 29 24 25 13 25 29 35 14 34 28 22 27 27 19 14 27 29 20 12 20 17 15 26 21 18 18 17 20 30 22 13 18 19 20 22 30 26 18 16 28 24 18 21 21 25 22 25 17 5 19 17 18 22 21 43 31 13 11 24 30 21 19 13 29 14 36 10 34 21 23 17 8 13 17 30 29 31 15 31 28 16 20 26 25 43 10 38 18 20 22 33 22 23 12 13 23 16 33 20 
36 11 20 28 11 38 23 18 26 18 13 18 42 20 17 21 25 32 22 9 18 23 24 30 5 23 15 44 30 30 25 18 26 16 13 19 19 22 13 18 23 14 21 13 18 25 12 27 35 37 19 28 15 31 14 12 13 26 23 15 23 26 20 27 14 24 13 18 11 31 29 20 27 31 14 29 19 15 22 27 28 14 27 12 17 16 30 19 7 11 16 19 18 26 9 27 35 35 19 30 31 24 18 14 19 26 17 20 16 25 27 44 24 15 25 21 25 18 28 15 
35 18 15 14 12 18 44 20 30 34 23 18 17 19 19 18 29 34 49 10 21 35 19 20 13 22 27 18 25 33 20 16 27 36 25 18 33 23 17 20 14 16 15 16 17 20 21 21 18 15 24 23 20 24 20 17 23 25 22 21 27 22 8 21 19 23 14 23 20 32 21 19 29 28 12 24 31 17 20 24 39 26 24 15 27 5 32 26 45 13 26 18 17 24 17 47 29 14 19 29 34 20 24 26 34 29 25 22 15 11 21 27 30 11 13 19 17 14 27 14 
39 21 27 25 20 35 25 25 9 22 16 20 25 27 34 30 21 25 23 8 43 20 23 24 12 23 27 31 30 30 25 12 22 20 24 22 28 30 22 22 19 12 20 16 13 24 22 25 33 27 14 16 19 39 35 14 12 28 16 16 12 14 15 8 25 11 25 29 15 14 22 36 32 36 17 22 17 17 16 25 25 17 18 15 35 12 39 15 26 19 14 21 17 16 21 39 31 29 23 24 20 15 18 18 18 35 18 21 18 17 26 34 17 24 40 25 24 17 16 18 
18 16 18 19 17 35 32 11 25 20 12 18 29 33 29 16 29 31 18 17 37 23 20 20 21 21 26 23 27 15 21 13 29 18 12 22 21 39 21 15 37 16 18 12 10 14 23 34 19 30 10 17 9 18 28 17 15 24 23 12 28 11 16 17 25 15 19 31 25 15 29 25 26 17 16 25 35 22 12 19 24 21 14 18 35 21 26 16 24 14 13 13 36 14 22 18 33 41 29 33 33 19 33 28 25 30 16 34 12 24 27 36 38 15 24 30 13 9 40 13 
27 10 22 34 16 20 23 21 14 27 20 15 20 14 31 15 29 38 27 19 36 18 30 29 12 21 17 26 20 24 37 21 18 30 19 13 8 32 23 17 18 21 18 31 22 18 13 26 25 15 14 20 16 26 15 11 13 16 13 21 29 18 8 17 18 15 20 16 14 33 26 28 21 33 19 32 28 11 14 31 46 21 11 19 46 18 29 26 35 14 21 24 15 25 16 18 36 25 17 12 20 5 23 5 32 31 20 35 19 18 15 37 16 34 33 8 14 16 30 15 
36 23 15 33 17 17 38 8 21 16 12 10 32 19 24 8 21 28 25 11 40 21 28 28 19 18 22 44 28 34 20 13 20 19 24 27 18 20 16 17 7 18 17 19 19 20 25 30 28 23 26 20 19 27 25 18 22 28 20 15 34 20 12 20 17 23 25 19 14 31 31 32 39 17 17 21 23 18 20 26 23 21 24 14 41 10 16 19 29 16 16 20 12 25 20 28 24 28 22 24 25 16 10 23 42 12 25 28 18 14 22 17 15 14 21 18 28 21 20 16 
19 27 23 31 9 25 44 9 29 20 27 7 39 21 28 20 21 34 27 14 35 21 32 18 17 27 21 24 34 27 12 15 19 12 14 16 33 36 24 7 9 20 24 16 19 28 23 18 28 23 9 17 16 24 18 15 22 23 15 18 26 12 7 4 22 25 22 21 7 27 28 36 35 17 8 27 36 11 29 34 16 23 22 14 39 12 13 14 39 15 24 25 29 29 19 28 19 44 25 18 30 20 23 24 42 23 32 34 13 18 39 32 18 13 33 17 22 17 26 17 
44 14 14 23 9 28 33 25 22 27 22 13 32 28 31 18 34 32 38 15 33 23 22 21 11 24 30 24 28 21 21 15 31 33 20 19 21 26 24 27 13 10 13 18 26 34 16 20 21 17 11 33 23 13 27 15 18 20 29 20 18 20 11 27 19 13 24 23 22 29 31 25 23 23 19 28 27 17 17 21 38 26 31 24 26 16 36 15 27 13 15 24 25 24 16 44 14 36 22 30 28 25 27 18 32 30 20 25 26 23 19 17 30 22 21 18 14 14 27 14 
21 24 26 22 23 24 26 13 27 33 13 17 40 12 29 12 37 26 20 15 43 15 24 22 13 16 34 22 20 13 22 15 22 20 16 23 20 36 10 23 21 15 15 12 23 18 22 15 27 29 14 15 14 20 13 16 25 12 22 12 17 26 12 19 20 28 23 13 22 21 20 24 27 30 20 27 43 9 21 23 24 25 26 20 21 15 15 20 28 14 19 20 21 24 8 23 39 28 16 51 24 11 23 18 22 12 20 20 4 17 20 28 21 24 35 21 24 10 20 14 
21 17 27 31 7 18 18 15 15 20 18 11 20 17 31 23 32 21 28 16 35 22 19 25 14 23 24 22 20 29 31 18 27 35 26 11 19 29 23 21 33 17 17 16 17 15 15 26 18 20 10 19 25 17 19 20 27 24 21 19 24 12 13 27 23 25 17 18 18 14 23 17 22 27 10 26 36 13 16 18 22 16 18 25 32 25 32 16 41 22 18 32 34 28 20 46 33 29 19 33 29 23 24 19 24 26 26 25 17 15 27 32 29 17 35 16 11 16 17 14 
21 26 18 23 21 14 37 20 19 24 16 11 19 21 21 19 16 17 34 9 47 20 31 27 24 28 21 38 25 18 27 8 32 21 16 11 17 28 14 17 23 12 12 14 14 35 17 22 14 17 8 18 28 14 22 17 23 18 18 9 24 23 19 18 14 17 7 23 18 27 21 28 17 23 15 30 20 16 23 26 22 22 19 22 25 17 29 18 38 17 20 26 24 36 25 27 23 34 19 30 22 15 27 15 25 42 22 28 15 28 26 27 29 12 38 10 20 16 19 20 
21 11 19 26 9 28 29 18 21 8 22 12 42 29 33 15 21 17 31 7 22 8 21 21 14 26 29 30 20 33 24 2 22 42 22 17 20 42 18 24 24 11 15 12 19 16 14 22 26 45 12 19 5 13 27 21 14 16 25 17 37 18 18 16 13 36 14 19 13 30 24 23 25 43 25 35 26 18 13 29 32 29 19 19 24 4 23 16 44 14 15 20 24 33 24 34 11 30 18 35 39 21 26 26 33 20 31 25 23 14 31 32 23 15 29 30 18 19 29 13 
29 23 24 29 17 23 26 30 24 14 15 16 18 22 15 10 30 37 21 16 24 26 31 24 17 21 41 35 30 29 11 23 31 26 20 16 18 26 15 19 23 9 21 17 14 14 24 21 18 32 13 36 17 30 11 23 16 6 32 15 25 17 14 20 13 26 12 10 12 41 21 29 21 42 13 32 32 18 24 36 19 37 23 19 25 21 21 12 36 17 9 26 18 23 16 34 37 28 17 25 22 20 16 14 41 26 12 26 16 20 22 14 7 14 19 32 13 17 41 17 
16 21 22 38 14 17 26 18 21 34 25 14 40 19 32 26 13 46 30 17 27 25 23 19 7 18 18 23 9 20 31 15 24 14 11 17 28 21 12 24 18 22 15 20 20 19 25 28 22 16 6 20 22 25 16 14 22 19 23 9 15 19 14 28 22 23 13 26 18 30 34 20 13 28 20 19 29 22 16 15 28 19 33 14 28 12 39 25 42 18 21 25 24 26 8 25 23 32 17 25 23 16 20 19 31 33 23 31 21 14 23 22 27 20 31 28 18 13 44 7 
29 18 21 35 22 25 20 30 31 21 18 19 30 23 32 21 17 34 39 20 36 5 31 21 24 12 27 43 17 24 34 13 24 33 13 12 15 30 16 21 23 15 15 17 15 19 17 22 15 12 18 12 6 29 19 22 25 13 18 15 26 6 16 9 20 31 22 17 12 26 10 37 15 18 9 32 30 19 23 12 29 28 26 15 26 7 26 19 33 14 11 9 31 30 13 23 24 28 20 23 25 27 21 19 29 9 24 34 12 20 21 19 23 19 12 14 14 9 35 17 
17 23 19 22 17 17 30 7 26 24 18 13 22 22 26 18 13 43 26 18 25 24 20 20 13 28 33 26 16 22 23 13 15 25 27 18 20 30 25 10 27 16 19 12 34 34 21 20 13 21 20 22 15 18 13 9 6 19 22 15 30 22 15 19 22 29 11 12 13 24 26 27 30 29 23 30 23 14 36 30 32 17 13 12 39 14 19 17 43 11 26 19 31 17 25 34 35 24 27 33 21 18 23 21 31 30 26 13 18 12 24 25 24 21 32 17 20 23 31 15 
16 26 20 20 23 33 21 24 14 19 30 8 32 21 20 26 21 31 28 19 35 31 24 19 15 20 28 25 18 27 28 19 29 22 10 15 26 8 10 30 23 15 25 11 21 21 32 28 25 35 25 26 12 38 23 24 23 21 29 17 32 22 17 17 21 27 14 14 16 24 32 9 21 24 19 32 29 16 16 18 28 19 19 6 27 12 28 13 37 17 21 31 30 10 26 29 31 34 17 38 35 20 22 13 32 40 26 18 18 18 28 34 23 21 19 12 17 16 34 18 
30 17 27 33 24 21 20 18 31 19 27 11 21 37 25 23 21 28 28 17 44 22 23 24 14 20 28 50 21 26 18 16 23 21 23 15 23 16 22 20 26 18 21 15 24 23 24 28 22 20 17 26 29 24 27 10 18 16 11 15 35 25 9 19 25 13 12 22 18 35 27 31 36 42 24 28 31 14 24 29 21 18 18 17 24 11 20 32 39 26 11 15 25 35 22 30 23 20 12 29 37 17 22 14 35 29 23 26 18 18 37 8 21 15 20 32 16 18 23 14 
12 13 21 13 13 35 30 20 18 27 19 18 40 28 16 15 17 17 30 10 30 14 16 27 14 23 32 19 22 31 39 15 27 28 28 22 28 17 18 15 21 13 15 25 19 29 18 18 25 16 14 17 15 33 23 20 19 33 11 17 30 24 17 21 17 34 17 12 17 26 29 38 28 16 13 25 30 21 19 26 40 8 28 23 31 23 25 22 34 16 14 17 29 31 24 35 12 25 3 28 20 16 21 20 40 40 16 28 13 13 25 19 14 16 15 22 11 20 31 13 
16 28 21 20 26 35 35 18 25 16 25 16 34 25 19 8 19 12 30 13 22 31 23 22 18 14 29 24 18 23 35 13 32 36 20 19 27 28 20 14 29 8 22 17 9 22 24 19 17 28 16 18 20 20 23 19 19 19 22 18 16 17 14 23 14 11 17 26 19 25 14 31 27 14 5 28 17 15 18 25 36 31 25 16 42 22 27 28 34 18 23 19 27 35 24 33 24 35 19 27 31 22 34 20 28 25 26 20 17 12 15 22 13 21 28 16 11 19 26 21 
27 17 23 29 21 25 28 16 29 22 16 17 25 21 37 12 14 23 18 22 24 28 17 30 16 21 18 43 31 27 21 21 19 38 22 14 28 26 25 15 16 13 14 20 23 17 22 31 12 32 23 21 25 26 12 22 24 26 20 13 13 14 15 14 12 14 15 17 18 28 24 28 23 28 14 26 39 14 23 24 20 24 40 17 22 20 20 16 20 10 29 26 28 20 15 30 32 40 8 45 25 20 18 28 38 41 23 15 19 23 26 22 20 18 32 37 25 14 27 9 
26 21 17 33 21 31 17 19 29 22 34 7 32 24 12 18 34 42 18 19 29 23 17 30 12 15 31 25 27 24 30 19 24 36 26 11 24 29 21 23 21 21 27 21 23 23 14 25 25 21 13 22 22 22 23 15 28 19 20 17 29 16 24 24 18 7 14 18 20 32 32 30 26 16 14 36 28 16 21 24 32 21 26 14 34 18 32 19 27 15 18 24 25 19 21 27 24 18 20 39 32 11 11 24 18 21 16 30 14 8 28 9 10 30 18 29 18 21 32 15 
20 26 19 34 14 21 38 16 16 18 16 12 16 25 37 21 16 18 33 14 51 24 30 31 13 36 24 26 25 21 22 13 28 30 19 22 21 30 13 15 23 20 12 16 6 11 29 32 32 33 18 24 20 10 26 21 8 17 17 14 26 17 17 17 18 28 15 20 13 29 23 31 23 30 24 29 26 15 24 26 37 27 16 12 34 31 29 13 15 9 20 13 22 7 13 37 33 47 21 32 19 13 23 15 25 27 31 25 17 21 19 18 27 14 21 14 19 16 25 19 
32 23 21 26 16 29 27 11 37 13 20 19 21 8 23 19 17 41 17 13 25 29 25 31 14 25 32 28 23 21 23 17 18 28 21 19 20 17 17 15 24 14 15 27 17 22 15 24 17 41 18 18 14 24 13 19 19 13 22 15 26 11 16 21 27 23 18 32 18 27 23 21 17 37 20 34 32 23 27 11 12 24 28 20 31 17 19 15 29 14 20 18 22 32 15 24 38 26 24 28 23 15 16 28 35 11 22 32 15 23 17 37 34 13 41 35 17 16 24 19 
29 18 21 30 11 18 31 18 20 22 13 7 28 21 19 23 42 30 18 11 47 27 21 22 10 34 25 17 34 19 24 17 22 39 11 28 24 32 16 17 16 13 21 12 30 22 17 26 28 17 14 22 14 16 25 21 23 19 23 4 24 9 16 18 11 25 20 23 16 32 24 22 22 30 12 41 30 17 18 31 21 3 31 14 30 21 24 17 26 18 20 25 11 30 11 22 21 42 20 28 14 20 19 17 34 20 27 36 21 13 24 18 22 20 24 26 10 13 26 19 
7 14 15 22 14 17 28 19 24 22 15 17 23 28 32 15 22 31 33 16 20 10 22 18 15 34 20 28 20 29 16 19 19 27 12 28 24 39 20 18 11 16 17 13 30 26 31 23 25 11 18 8 9 25 21 22 11 23 22 14 23 20 21 14 20 30 9 13 16 43 18 31 31 14 21 32 21 9 17 26 32 23 27 5 32 18 19 8 27 27 38 17 24 33 16 28 22 43 8 22 26 19 29 24 29 28 25 22 13 16 27 27 21 14 43 12 21 21 34 16 
27 5 24 29 16 22 29 25 32 32 22 14 31 19 24 17 26 25 31 22 25 28 22 25 17 11 30 17 13 30 19 14 30 31 16 20 27 25 27 19 24 15 17 17 18 16 19 20 24 18 21 14 16 29 30 18 25 31 21 16 18 26 21 25 22 20 19 17 17 25 33 26 24 21 14 34 32 16 26 19 35 27 21 25 21 10 22 25 38 14 26 16 21 25 27 27 28 21 20 30 27 19 21 9 31 17 22 27 17 22 36 36 27 16 39 34 17 10 25 15 
16 17 20 15 12 19 21 12 31 16 18 19 28 19 17 23 35 14 33 10 20 22 25 10 13 18 24 34 20 20 26 18 20 28 18 7 29 33 22 20 19 16 21 22 15 31 18 25 13 20 20 27 17 27 13 19 17 9 18 23 36 19 24 23 25 27 17 15 17 18 34 19 20 31 18 32 26 21 18 14 16 13 24 21 43 7 20 17 51 13 16 30 25 29 18 27 27 28 16 18 22 21 18 17 36 13 31 19 14 25 43 26 27 15 19 24 13 17 32 17 
33 19 20 32 16 35 29 20 35 23 26 13 31 32 22 12 29 26 23 20 33 24 33 17 18 22 27 31 33 26 32 16 25 35 22 13 18 21 9 18 16 15 12 10 10 18 16 23 13 27 26 24 25 31 28 21 17 12 29 15 18 17 18 22 18 28 18 19 21 29 20 26 23 26 20 40 20 14 20 17 26 18 24 18 24 22 29 23 25 10 14 24 19 27 23 33 27 24 20 27 24 16 23 30 27 36 23 24 15 14 28 48 25 25 33 25 21 11 22 16 
23 13 22 21 14 11 46 11 18 37 16 15 26 20 27 11 14 34 27 14 27 23 29 28 11 16 29 30 17 29 21 15 34 14 15 21 25 31 20 21 29 15 19 9 19 34 12 30 23 26 28 31 16 18 14 21 17 23 12 10 26 12 17 32 22 22 17 23 17 28 33 31 21 21 11 21 28 13 21 36 13 10 24 15 28 20 33 22 27 15 28 34 14 35 27 28 35 26 25 30 21 11 19 24 17 18 30 13 21 11 39 32 31 23 24 28 19 15 20 15 
38 19 24 24 18 18 35 19 40 29 30 16 26 18 31 17 37 40 26 19 58 25 26 26 14 11 32 37 20 20 22 16 26 19 27 14 26 21 26 22 19 14 11 21 6 12 12 38 23 25 21 27 18 28 21 12 26 18 21 8 24 17 19 27 19 27 5 29 21 27 15 26 31 20 16 36 27 12 28 21 31 22 27 20 31 10 23 17 29 19 15 26 40 29 13 29 11 24 14 48 19 23 27 14 22 23 22 40 18 21 22 20 25 30 30 17 17 13 18 10 
31 16 12 26 17 19 28 23 15 30 14 12 22 25 19 16 39 26 34 19 34 37 20 22 14 12 22 32 26 21 34 22 23 41 21 19 31 33 23 20 23 17 13 20 21 29 21 26 29 31 14 9 12 25 11 13 22 28 14 12 25 16 11 27 17 25 12 16 18 24 24 27 28 31 19 26 20 9 24 19 35 18 25 15 28 15 13 15 27 17 13 35 26 26 11 27 19 30 24 35 24 15 14 27 9 26 24 25 10 25 30 30 18 20 27 17 23 16 34 14 
24 26 10 28 11 32 32 16 20 32 21 13 24 25 26 15 28 27 36 15 28 23 15 24 17 13 31 27 23 33 24 14 36 41 16 8 15 34 21 23 24 15 19 8 18 13 18 27 27 36 7 17 19 20 27 14 21 19 12 11 19 12 18 31 22 43 11 18 11 37 16 26 27 31 10 39 23 12 19 21 32 26 29 16 38 20 25 7 27 13 17 25 23 18 13 32 31 25 21 24 19 22 25 18 32 31 20 22 17 8 20 16 31 19 29 24 19 14 24 23 
13 15 22 14 9 4 30 19 27 19 22 23 32 26 21 13 25 20 31 10 38 29 32 23 19 23 30 30 18 21 22 17 23 26 24 21 22 15 22 17 7 17 13 31 30 20 17 18 36 17 26 22 23 29 27 18 14 24 22 17 20 18 18 18 11 22 12 22 17 29 32 35 30 25 22 24 29 15 30 16 32 30 28 14 36 20 14 19 24 18 11 20 23 32 22 21 16 34 20 25 19 14 11 19 44 17 30 26 16 26 18 28 16 23 19 27 13 10 21 13 
31 12 7 17 15 35 22 19 14 16 23 13 22 22 31 7 23 40 26 18 24 16 24 37 12 17 33 14 30 18 31 11 24 36 13 19 14 17 21 14 19 16 25 27 22 17 17 34 17 22 19 20 16 15 14 13 24 10 23 21 15 17 14 20 18 31 17 14 14 27 29 25 1 29 19 28 27 21 23 17 33 17 14 15 10 13 17 15 25 22 16 25 23 28 14 23 18 21 18 28 32 19 27 24 22 42 13 27 22 24 25 26 27 19 13 15 23 21 13 19 
34 21 19 21 24 31 27 18 33 24 15 16 25 23 14 17 22 18 29 10 37 28 31 25 21 23 21 36 32 25 26 20 23 33 21 26 27 22 25 24 19 19 17 15 29 20 24 28 29 39 16 25 18 20 22 13 17 19 27 17 21 14 13 22 17 28 19 23 19 30 24 28 14 29 13 29 39 14 11 17 23 24 17 23 28 17 20 15 34 13 12 16 14 11 8 35 25 36 19 21 20 14 23 11 39 28 18 22 22 21 25 29 26 22 46 16 20 25 45 19 
36 19 19 19 8 17 31 19 22 27 17 5 36 19 36 24 29 44 39 13 11 32 27 22 11 38 34 27 34 30 36 13 26 16 16 12 32 27 15 19 24 17 17 16 18 33 16 15 12 40 16 18 13 21 10 20 19 26 21 13 24 17 12 30 17 28 15 34 14 39 21 11 31 22 16 23 29 18 18 19 18 31 27 19 27 20 27 12 37 18 31 18 21 17 22 34 22 41 16 26 24 14 27 12 22 26 15 25 8 27 22 26 24 14 30 30 10 12 34 9 
36 21 20 25 16 20 24 12 31 21 9 13 10 26 24 21 20 40 32 14 24 30 18 28 18 30 26 44 17 22 26 13 36 22 14 16 17 11 23 19 19 22 18 8 25 16 18 26 33 32 14 19 29 22 27 18 20 28 18 11 26 18 20 14 14 28 15 23 15 23 27 36 23 35 12 13 29 14 16 12 26 34 23 10 17 16 24 13 31 10 10 28 14 14 10 24 26 24 13 34 24 16 25 15 18 42 21 27 21 19 30 32 6 24 24 19 14 13 26 18 
33 22 27 30 18 30 37 8 27 21 28 13 24 30 32 18 14 30 20 17 31 19 18 17 10 36 26 41 33 37 32 22 32 25 16 22 17 31 15 25 27 10 10 19 12 34 11 20 21 13 17 17 9 28 35 16 15 30 17 21 9 17 21 14 22 36 24 20 6 36 7 36 15 20 13 43 31 17 19 28 23 33 20 11 33 9 24 18 44 10 22 30 8 30 20 25 18 31 20 25 17 19 20 21 23 37 31 13 3 20 21 54 28 16 20 32 21 19 25 9 
24 11 18 33 16 12 16 8 27 32 19 13 23 27 28 13 18 19 34 7 32 26 23 26 9 21 39 38 23 37 25 16 34 44 12 10 21 23 20 12 24 22 11 12 16 24 21 31 17 26 26 20 22 16 28 19 24 19 18 24 28 22 19 24 27 18 13 16 16 27 34 32 11 26 16 17 21 18 34 24 29 12 31 22 23 16 24 23 40 19 15 14 25 35 13 18 25 36 9 24 27 15 22 20 46 27 20 38 15 24 25 17 17 20 33 20 19 21 27 16 
30 15 23 20 14 35 27 21 29 35 13 21 27 24 32 22 14 38 49 17 32 19 18 12 7 21 33 28 21 37 28 22 30 27 7 24 31 45 17 25 24 23 20 24 21 27 24 28 31 27 14 17 22 38 16 12 16 11 27 11 17 21 13 25 20 20 16 20 22 34 17 16 14 27 24 35 37 20 29 33 30 12 24 28 17 7 40 20 30 12 25 43 25 31 11 27 23 36 13 30 31 21 19 15 26 25 17 17 21 13 28 20 16 16 36 19 21 18 25 5 
30 24 28 26 22 17 40 30 36 20 4 19 34 20 18 19 24 42 24 19 22 25 23 30 13 26 54 38 7 30 20 18 17 36 19 18 23 18 21 24 26 12 25 10 26 27 18 21 28 34 21 27 17 27 22 16 13 20 20 23 11 20 8 10 11 30 15 18 10 33 26 18 27 17 16 28 29 12 21 23 35 23 39 17 26 19 33 14 35 10 19 29 20 15 14 38 26 40 11 24 27 21 20 20 35 29 16 24 27 19 29 40 22 25 31 19 22 21 26 12 
25 18 11 22 12 32 25 18 24 32 7 16 14 24 22 21 11 27 25 20 45 25 27 24 22 32 30 52 28 24 32 16 19 23 18 17 12 22 14 20 22 20 12 23 33 30 24 26 15 35 19 13 13 26 23 17 18 19 29 22 27 17 16 13 23 21 19 32 24 26 17 35 29 40 28 18 21 12 23 35 19 24 20 28 33 21 23 18 22 22 11 37 19 26 15 26 37 46 23 39 26 24 21 26 42 28 17 23 12 13 26 30 28 25 41 34 15 18 40 17 
19 12 9 27 10 32 17 21 26 26 21 19 38 30 31 29 27 33 31 11 19 24 11 27 25 21 18 27 26 24 16 14 23 30 22 25 14 35 21 17 27 12 26 24 16 15 22 21 17 25 28 20 14 21 25 24 16 21 13 12 25 19 15 26 10 22 21 12 15 25 36 28 23 14 15 29 24 16 20 26 23 17 27 6 29 19 21 7 27 14 14 26 36 18 15 31 25 24 18 21 7 16 15 23 20 25 24 22 22 16 23 28 17 26 21 9 18 14 11 13 
34 12 27 20 16 27 30 13 33 28 20 19 16 27 24 16 29 34 29 16 29 30 18 27 17 20 26 20 17 25 29 20 36 22 9 21 20 38 18 11 17 22 19 14 22 19 16 20 12 33 9 15 18 9 19 25 21 19 13 22 20 30 18 13 30 28 25 19 20 22 16 40 33 22 18 24 19 21 18 34 34 19 26 14 38 17 19 17 27 15 19 14 17 17 19 32 18 16 16 26 21 9 21 22 24 23 21 23 11 15 24 37 15 27 25 24 13 21 20 12 
32 28 20 22 13 31 15 20 30 23 32 8 33 22 25 23 39 22 35 12 35 34 18 31 17 21 21 33 24 25 24 13 22 33 18 13 21 43 22 19 23 17 22 16 26 27 27 15 20 30 9 22 20 22 15 21 14 37 13 12 30 18 16 22 24 34 14 25 10 20 31 25 30 36 27 12 39 20 12 25 40 28 18 18 30 16 20 16 25 25 18 17 21 22 17 43 28 38 13 30 29 12 28 27 17 21 18 26 16 15 21 24 19 20 17 26 17 25 28 18 
35 14 21 21 16 36 29 18 24 29 30 22 17 23 24 23 26 27 39 7 29 11 14 16 12 25 18 38 26 24 33 20 20 29 15 19 22 35 15 19 26 18 16 26 11 19 18 15 18 24 21 29 15 27 18 21 21 23 21 19 30 17 22 22 21 15 22 22 14 26 24 32 24 16 17 27 35 14 21 41 31 28 28 23 33 15 36 11 29 14 22 19 31 27 21 39 20 14 18 35 29 14 16 20 12 35 24 24 23 9 29 34 18 14 42 21 11 13 31 18 
20 22 23 19 20 13 23 22 31 30 19 20 38 25 22 17 24 30 29 13 37 27 29 19 13 14 23 17 24 23 28 16 38 23 21 11 21 26 17 15 23 11 17 15 25 27 24 30 28 29 15 22 17 31 9 21 14 13 29 11 19 8 18 24 27 29 19 21 13 29 30 23 26 18 8 25 34 5 29 28 33 34 28 11 38 19 24 17 39 11 16 18 27 21 15 21 18 34 5 25 21 11 18 17 41 23 16 28 16 23 20 25 25 15 25 21 20 12 35 16 
11 22 11 22 20 30 31 16 20 26 18 9 37 13 26 13 21 22 41 21 40 14 28 15 15 22 33 21 26 27 28 14 36 25 27 22 33 37 19 16 25 12 19 8 21 19 17 25 15 19 14 18 13 22 24 19 16 24 13 11 17 15 14 16 27 24 15 22 13 23 11 29 29 23 18 16 29 19 23 21 50 19 37 9 27 18 14 18 29 18 21 21 28 21 31 40 31 25 29 30 25 20 22 18 31 22 35 27 6 16 46 42 18 19 13 36 18 21 38 21 
22 19 30 13 22 29 48 28 25 38 20 22 33 25 29 9 35 23 20 10 22 15 27 26 19 21 24 26 17 28 25 12 31 26 20 17 23 8 12 20 9 20 21 21 22 22 10 34 21 35 22 15 7 30 27 22 16 21 15 18 29 22 9 22 19 29 23 22 21 28 22 34 29 20 15 26 27 20 4 36 33 29 32 22 51 18 27 21 13 13 20 25 30 23 15 33 38 47 17 14 15 14 28 23 13 16 16 37 28 21 9 18 23 14 38 24 15 9 24 13 
32 14 10 28 17 41 15 23 32 20 42 19 18 29 27 18 24 28 37 9 24 21 24 23 17 38 36 22 33 20 24 17 28 36 26 14 32 35 18 13 28 10 21 21 21 24 21 37 29 21 12 26 20 18 12 24 25 15 22 18 19 19 13 26 25 23 13 20 19 15 27 27 29 36 21 25 26 16 19 23 28 26 20 12 33 18 34 20 39 13 19 28 19 33 21 38 30 23 19 32 40 9 27 20 38 23 17 27 18 19 15 23 27 11 41 32 12 17 26 15 
23 16 18 22 19 20 20 12 27 28 23 15 12 22 21 28 31 30 32 15 23 26 33 25 11 24 32 40 34 21 37 10 23 23 25 18 16 14 21 23 18 11 19 10 13 14 13 24 14 19 14 16 19 22 13 18 29 21 18 15 24 5 16 26 13 6 18 20 18 27 27 22 7 17 18 42 35 13 13 28 28 16 14 16 33 18 24 22 34 11 12 23 24 23 17 12 38 30 19 42 25 23 25 14 23 7 22 39 19 27 36 43 23 20 26 14 14 17 30 27 
22 17 17 29 13 35 36 18 31 21 18 16 26 33 33 10 15 33 25 17 20 27 26 29 17 32 28 34 26 27 20 21 31 22 14 14 31 24 13 12 5 10 14 19 23 30 16 23 23 29 11 25 17 26 13 22 25 19 18 10 24 19 16 22 16 16 15 26 16 23 19 23 23 29 12 26 37 17 26 26 24 21 27 21 27 10 29 19 26 20 23 17 20 19 20 23 28 25 25 31 29 21 21 21 30 31 18 31 5 11 20 40 27 14 21 14 20 19 29 15 
28 16 27 26 14 27 21 19 21 23 21 11 33 12 27 24 15 22 19 13 29 20 26 20 20 18 13 23 37 22 26 18 26 40 12 18 22 25 32 18 20 12 10 17 23 19 25 27 24 35 24 18 18 14 18 13 22 25 17 15 28 20 23 7 26 25 26 15 9 25 22 9 19 31 18 21 26 12 26 14 25 23 15 25 26 19 16 13 14 13 23 29 10 25 8 27 31 25 17 31 34 19 29 28 31 42 23 20 17 12 17 35 26 22 31 9 16 17 20 23 
30 28 27 35 16 12 33 14 31 18 26 19 34 22 21 15 32 43 40 14 15 23 34 28 16 19 35 36 40 12 23 17 28 20 21 23 24 27 16 24 24 13 16 25 10 29 15 18 22 30 16 23 17 15 29 19 30 15 13 16 24 24 14 19 19 31 3 20 15 15 22 22 6 27 12 19 19 17 25 31 30 34 20 17 13 22 22 13 25 9 20 22 16 41 18 37 29 24 22 31 27 20 21 18 38 25 22 30 15 16 24 31 16 25 20 18 24 18 39 13 
23 27 14 28 8 35 13 27 29 6 20 15 27 26 30 15 34 8 17 20 17 19 20 20 20 28 26 37 15 22 19 12 26 26 21 20 25 34 27 25 23 22 17 18 19 24 23 21 26 19 10 14 21 24 42 17 24 10 26 11 31 19 13 21 25 40 23 26 12 21 6 18 23 28 34 10 22 21 29 18 34 28 29 14 47 16 29 17 37 12 16 18 27 16 17 29 22 21 21 34 29 23 26 23 34 36 21 17 20 15 27 22 19 21 35 29 14 11 22 9 
20 17 21 22 16 28 28 15 29 26 28 12 24 26 27 22 20 32 23 15 52 19 28 18 14 29 25 21 22 21 27 17 29 44 22 21 31 34 19 20 23 16 12 15 20 16 23 29 20 37 15 26 15 26 28 24 24 23 24 12 16 17 12 28 18 23 17 17 9 29 31 35 16 29 18 32 30 9 21 29 44 16 26 17 15 26 26 24 18 14 17 11 26 36 14 31 36 38 16 28 17 15 21 21 32 25 27 29 16 20 21 22 20 15 18 29 19 17 30 12 
17 16 25 30 10 14 28 17 20 19 15 16 39 25 35 18 11 39 25 17 27 19 21 20 13 22 13 35 29 40 32 18 24 28 20 16 25 31 14 24 25 22 20 13 12 34 15 20 26 20 15 17 24 25 24 12 19 19 16 18 27 28 11 7 19 30 22 25 15 40 24 20 28 36 12 36 29 19 28 22 21 26 37 16 21 18 23 14 44 10 13 24 26 30 21 34 33 29 20 26 7 24 25 24 22 23 19 33 10 19 22 39 19 21 22 24 24 13 30 13 
30 15 21 22 14 35 16 17 33 26 14 14 28 23 27 23 34 24 36 22 34 25 23 18 16 24 38 17 33 25 41 16 24 1 16 13 27 32 19 8 24 14 20 24 16 16 18 22 22 30 16 19 9 22 12 17 32 10 26 7 26 20 10 28 14 23 13 18 19 25 16 26 44 42 13 39 36 10 18 24 23 26 33 20 37 15 31 7 25 16 18 19 25 16 28 18 14 34 22 18 29 25 25 17 26 31 22 29 12 17 24 30 15 22 21 20 5 22 40 21 
33 16 22 22 20 23 18 12 17 22 23 19 29 17 21 18 16 24 29 11 35 40 22 16 15 27 21 16 26 26 25 12 31 18 20 34 29 35 24 18 24 19 18 10 30 29 24 33 28 28 18 26 16 23 24 18 22 26 18 13 11 26 16 28 15 26 23 22 15 37 31 27 26 28 13 24 38 14 28 21 31 27 20 21 38 12 31 21 42 18 23 25 30 25 18 39 21 16 18 22 32 15 23 20 27 40 19 22 21 23 15 34 4 20 21 36 11 14 37 24 
21 10 22 38 14 14 18 21 24 19 14 12 16 16 24 20 31 53 35 20 40 26 18 24 18 22 32 18 21 29 35 14 24 28 14 22 24 29 31 25 21 15 16 25 21 14 21 28 24 5 21 24 11 14 21 13 22 17 25 7 30 24 17 27 10 26 14 18 16 36 18 27 21 23 13 24 35 11 26 15 24 14 24 15 33 23 29 11 33 17 21 22 19 29 23 37 17 23 15 33 38 9 14 17 26 27 18 29 11 13 39 29 25 28 27 29 14 17 9 16 
18 5 20 23 13 26 27 16 30 13 27 9 35 17 28 17 30 42 23 20 36 13 19 23 9 23 31 38 36 28 20 17 19 21 23 21 29 37 34 15 22 15 17 20 16 24 15 30 32 5 19 20 22 16 18 18 27 23 21 16 20 18 12 25 14 29 17 18 21 15 25 28 19 23 14 22 42 18 22 28 37 30 34 15 24 15 18 21 26 15 21 16 30 15 19 19 31 29 17 25 16 14 20 23 17 25 47 41 12 16 25 19 23 15 40 15 12 21 27 22 
24 27 23 23 10 16 32 15 30 35 17 13 30 14 18 24 29 22 17 16 34 40 31 18 14 34 25 30 12 30 23 20 29 25 22 15 30 30 12 21 24 14 14 16 8 20 23 30 36 27 19 22 15 26 20 20 24 20 23 18 24 20 17 25 24 14 6 10 20 26 19 18 28 27 14 31 49 11 19 26 37 32 14 10 32 12 16 17 21 24 22 26 16 23 16 31 42 24 19 30 16 20 27 12 29 30 17 17 15 22 25 28 17 20 24 24 17 21 26 19 
23 19 21 35 17 40 24 17 30 38 8 13 45 16 27 25 52 37 35 16 31 9 22 14 17 24 26 17 21 22 8 13 15 25 20 21 19 27 11 13 12 20 22 18 19 18 17 28 17 29 8 21 20 19 10 20 18 19 31 15 28 14 24 15 16 31 22 16 15 25 18 27 30 27 14 33 15 14 18 20 38 19 15 10 34 21 39 9 31 18 14 27 12 20 16 37 22 23 15 26 28 21 25 19 33 26 20 40 26 21 29 30 32 19 23 27 22 14 30 12 
29 17 16 31 15 27 25 18 26 36 31 11 25 37 24 9 33 42 18 18 30 16 29 25 20 22 26 49 6 30 26 17 36 31 17 15 24 38 22 17 15 20 20 21 19 28 14 16 28 18 18 22 25 21 14 18 25 18 26 17 31 16 19 23 18 16 13 23 16 20 30 37 21 22 22 45 37 15 25 29 32 16 26 25 35 23 32 15 30 15 24 25 25 21 19 29 30 18 12 22 17 25 28 12 38 21 25 34 18 26 26 30 22 15 52 13 20 14 37 16 
31 19 31 29 10 40 34 26 30 27 23 23 29 26 14 18 22 29 17 16 26 30 36 6 14 27 22 28 8 23 16 14 15 14 20 15 22 33 14 20 29 18 15 28 18 25 12 35 28 31 11 16 19 23 21 15 23 18 19 13 25 19 15 20 22 24 11 14 17 20 26 26 24 21 21 27 32 17 23 23 33 20 26 11 25 17 25 23 43 16 14 31 25 29 10 37 26 24 15 31 30 14 18 22 36 23 22 25 20 24 18 37 24 23 23 19 18 16 43 16 
33 18 16 16 20 19 21 14 42 21 23 16 32 17 23 16 43 30 31 15 33 18 19 26 18 24 19 52 17 29 23 15 17 25 21 19 31 33 27 20 20 19 29 23 26 29 17 26 28 20 12 17 25 26 24 12 21 23 14 14 27 14 14 20 21 8 20 30 18 33 22 18 29 15 17 32 31 12 21 28 43 14 14 9 32 16 30 22 38 16 29 24 33 37 23 30 36 25 13 24 31 5 27 24 24 33 31 18 17 17 25 35 32 30 32 30 26 14 20 16 
26 11 25 19 23 19 38 16 24 30 24 6 21 24 22 21 27 25 27 12 30 34 12 14 13 25 28 25 26 22 17 15 16 16 23 19 25 26 26 12 21 14 18 20 25 36 18 19 28 25 26 24 12 25 11 26 22 25 24 19 30 22 13 20 16 17 17 17 14 25 28 36 21 27 24 30 25 12 22 34 30 33 18 24 25 13 31 12 23 18 16 23 26 35 20 35 41 8 21 35 30 20 23 25 17 28 27 33 24 20 34 24 18 19 25 23 14 29 34 26 
24 18 15 21 19 25 31 19 25 23 8 21 29 17 21 22 28 27 5 11 36 28 25 17 11 20 29 33 31 19 16 13 21 17 17 23 16 34 29 14 20 16 17 12 21 18 20 26 28 14 21 15 17 21 27 10 15 22 24 18 21 11 17 25 17 23 12 20 14 47 12 34 20 41 13 25 27 20 9 32 38 30 32 13 43 26 32 14 32 11 25 26 21 34 13 23 42 26 24 44 22 19 19 25 34 41 19 18 14 25 37 31 22 27 30 24 23 16 24 14 
36 24 17 30 8 32 28 21 37 25 13 20 20 23 33 11 23 28 18 19 42 34 26 19 21 23 21 27 32 26 22 18 18 25 13 18 19 47 27 17 14 16 13 15 19 18 16 36 24 24 21 20 25 28 27 18 19 19 9 15 37 15 12 10 14 24 19 22 13 29 26 25 32 23 21 43 23 17 19 30 36 13 25 22 26 21 22 20 25 19 18 26 30 16 20 28 21 40 18 33 24 14 24 10 32 23 17 24 11 17 28 18 21 19 31 17 17 9 30 17 
35 10 23 24 12 35 41 20 25 23 15 14 19 27 25 23 16 21 23 14 40 28 18 36 20 17 27 31 27 29 32 19 30 23 17 19 19 34 23 28 21 8 25 17 16 19 13 30 24 17 23 24 26 22 20 10 14 13 13 18 14 13 16 20 20 31 16 20 15 35 27 32 36 26 22 40 15 21 12 8 25 21 28 11 37 15 23 11 29 17 21 13 23 21 14 30 20 33 21 21 30 20 25 28 25 33 21 34 11 17 21 39 17 28 22 31 25 21 40 18 
31 19 15 23 17 27 33 21 28 19 17 7 19 22 30 28 28 33 31 20 34 28 19 15 16 25 29 40 17 25 31 16 22 21 17 22 33 31 24 14 18 20 24 33 22 14 10 22 34 33 23 23 19 19 26 18 21 18 18 21 26 12 12 25 16 29 13 19 10 27 42 35 24 24 7 29 35 12 28 27 25 22 13 21 31 23 25 9 31 20 17 24 28 32 16 33 28 45 9 23 6 19 32 30 23 18 23 12 10 16 24 35 23 26 26 26 22 17 24 21 
38 19 30 19 20 30 16 23 20 21 14 23 35 25 38 9 27 11 17 15 33 31 29 23 20 23 33 28 25 40 19 16 21 19 15 23 21 25 17 18 20 17 17 14 32 25 24 38 19 35 12 22 15 24 21 15 15 22 20 17 24 18 18 22 7 7 19 23 16 29 28 35 25 32 14 30 39 15 26 29 19 33 20 20 38 14 8 14 40 19 18 23 13 27 17 31 27 45 20 22 36 25 23 23 15 27 23 16 19 31 38 32 21 22 31 31 11 12 34 14 
27 20 22 17 16 24 19 16 28 29 27 15 18 17 20 12 34 35 32 16 35 13 21 26 19 25 21 39 6 30 30 15 30 31 20 17 26 37 16 24 25 25 12 28 22 26 19 28 23 25 21 26 15 30 6 9 25 17 15 11 37 12 12 23 20 25 19 27 15 29 26 30 35 21 20 27 31 9 29 28 26 20 24 11 28 12 29 22 38 17 14 21 19 37 18 19 24 21 19 17 29 13 15 16 27 36 21 19 16 24 22 32 32 31 3 36 20 16 41 9 
26 16 15 27 7 23 45 19 27 22 13 17 27 22 17 26 21 40 22 18 26 38 23 23 17 18 21 31 17 20 22 11 26 30 29 22 23 36 17 17 18 14 21 20 2 17 18 19 18 23 18 15 13 32 18 6 22 19 15 19 29 27 13 15 20 20 24 16 9 26 21 26 21 32 20 30 33 13 23 16 30 19 29 16 29 10 34 20 25 20 17 20 28 15 19 36 36 47 18 34 34 18 29 21 48 41 28 26 24 12 18 17 14 19 40 23 15 16 33 18 
39 26 7 25 18 39 22 21 26 27 26 18 35 26 19 21 13 37 37 9 13 25 28 19 15 21 21 38 24 26 13 18 41 35 14 9 20 23 17 17 11 14 27 17 26 19 14 26 29 23 26 16 19 26 29 21 25 24 24 15 20 25 13 22 21 23 12 21 13 41 23 37 27 21 19 44 32 21 28 19 33 24 24 26 43 25 26 13 27 22 19 29 19 41 15 33 22 35 18 21 35 19 21 16 25 32 18 37 23 17 19 23 16 39 25 31 13 22 24 14 
38 18 21 16 17 36 25 18 31 19 28 10 21 23 29 19 36 33 16 16 35 24 15 29 23 21 28 21 12 22 36 23 24 26 11 15 13 21 12 14 26 23 18 12 15 20 24 25 14 23 11 22 21 21 24 14 22 15 23 14 21 14 29 21 14 19 18 13 13 34 25 28 19 20 21 18 32 17 18 15 28 28 27 17 21 22 42 16 29 18 20 33 14 26 19 24 26 29 23 34 11 15 28 17 27 37 30 31 12 19 20 37 32 25 27 31 9 24 19 11 
31 15 28 32 14 28 9 24 23 30 13 11 28 20 30 15 29 37 35 11 38 20 21 19 16 14 11 39 22 7 23 12 35 27 16 27 23 17 18 19 30 11 10 23 9 19 23 22 32 26 12 7 18 32 35 18 21 13 23 10 24 19 12 20 20 17 20 23 17 27 23 30 27 29 9 18 28 21 22 27 36 15 17 23 21 15 23 19 46 15 23 17 36 28 14 35 27 27 13 29 40 20 34 20 31 24 25 37 16 18 27 41 23 13 38 17 19 20 29 25 
22 19 16 9 20 24 21 27 28 20 23 12 26 33 28 20 30 31 26 11 29 17 25 20 21 27 22 25 26 33 23 17 32 19 22 18 22 21 21 12 11 20 16 13 21 27 13 17 22 39 19 10 12 27 23 19 25 23 24 11 23 25 20 21 28 32 11 29 17 35 23 13 24 23 16 31 35 12 23 14 24 30 20 18 30 12 27 16 42 17 27 17 31 32 23 29 31 30 22 20 20 19 29 17 33 46 20 20 17 20 22 18 25 23 29 19 28 19 32 16 
29 23 15 24 13 34 20 23 22 25 16 15 32 16 31 15 28 46 26 16 48 24 22 22 20 19 24 14 29 16 12 16 20 21 22 23 32 20 22 17 19 18 24 17 26 21 21 25 22 18 18 29 12 23 28 14 29 33 8 13 26 9 15 22 19 25 22 27 23 28 19 21 24 22 23 8 26 14 21 28 46 32 20 6 34 20 28 19 22 10 29 33 5 19 22 24 19 20 22 25 22 9 8 34 19 15 25 21 17 13 25 38 18 17 22 22 17 13 24 19 
30 12 26 29 21 39 26 23 20 29 28 13 37 28 30 12 33 47 29 14 29 21 17 22 13 20 23 23 19 25 28 12 20 19 20 9 16 32 25 12 21 23 23 23 24 9 29 17 36 18 19 26 15 28 20 23 25 20 15 16 35 10 13 11 26 20 15 27 18 16 29 25 12 20 17 30 37 25 14 33 31 16 22 10 34 18 26 13 33 18 14 29 39 39 22 34 28 20 12 21 24 19 35 19 29 32 33 19 16 21 28 18 18 25 29 29 11 12 36 9 
22 26 24 19 14 30 25 6 22 34 25 18 33 26 21 18 26 42 30 19 27 31 24 19 18 24 27 29 31 24 27 15 31 27 21 19 23 35 30 18 14 12 10 11 21 18 25 26 17 28 16 22 11 17 33 30 9 20 26 16 36 16 21 23 22 26 11 13 18 22 16 32 24 30 15 13 31 12 24 26 9 21 26 17 37 12 17 14 28 13 23 23 17 14 14 25 30 14 20 23 10 27 15 8 33 31 22 32 21 24 28 33 24 15 28 17 28 20 17 14 
21 33 6 33 15 33 18 23 22 25 27 12 35 19 35 19 23 32 29 18 35 28 29 35 4 26 24 22 27 12 31 12 39 30 20 22 22 32 22 14 13 14 11 14 28 20 14 28 22 27 23 31 18 16 30 25 29 9 20 28 25 16 23 25 13 9 20 18 14 21 32 21 20 18 6 19 26 10 19 19 17 19 28 12 36 16 28 25 28 12 22 28 25 30 16 34 25 21 27 27 22 17 25 16 27 24 23 21 16 21 29 22 21 12 39 18 14 18 12 18 
25 12 7 18 20 24 29 18 13 37 21 20 29 17 16 20 21 21 26 12 34 34 21 22 12 39 19 34 26 43 26 13 19 27 16 17 17 31 21 21 16 9 23 21 24 27 19 34 17 21 15 28 26 20 21 18 23 26 23 12 27 23 24 9 21 18 18 26 17 18 16 18 8 19 21 31 34 22 28 12 22 28 29 22 20 17 25 21 33 10 8 27 27 21 11 40 16 24 25 32 24 16 17 30 23 33 30 21 16 17 20 29 22 12 23 22 12 13 20 19 
18 25 29 34 13 38 16 18 29 26 26 12 31 26 19 17 36 23 35 19 34 17 25 27 9 14 28 33 29 15 26 15 30 44 20 14 24 20 18 10 12 20 17 21 16 24 21 15 21 36 20 33 12 15 14 19 32 28 23 12 23 22 17 17 21 33 19 26 18 22 21 45 26 32 24 41 16 19 10 37 37 33 18 12 36 16 20 14 30 15 12 14 9 23 14 28 13 26 19 33 25 27 38 27 14 30 28 27 13 12 16 20 13 17 36 32 22 12 18 14 
31 25 18 36 18 32 28 15 25 20 13 16 29 22 15 9 21 25 36 14 34 11 29 32 16 27 20 34 22 34 24 21 25 29 14 21 24 48 29 20 22 9 20 13 21 26 27 31 15 24 13 23 18 15 33 14 21 27 15 15 29 21 14 25 19 26 14 25 12 38 28 24 21 20 19 25 25 8 25 21 36 21 26 21 19 19 38 12 39 12 14 18 31 31 10 27 24 35 24 20 21 21 20 17 35 40 27 18 23 18 38 9 17 26 31 28 15 17 26 14 
14 11 12 16 16 37 9 12 22 27 23 13 24 33 23 13 30 30 32 14 37 36 29 24 16 24 43 46 23 26 15 23 16 23 25 20 22 18 30 19 24 22 11 20 18 18 15 34 20 18 14 23 24 21 28 15 16 28 18 17 27 16 14 15 19 25 17 20 16 33 32 34 18 17 25 17 46 19 9 30 28 28 25 18 21 17 29 25 53 18 24 16 24 20 22 24 19 25 18 28 20 2 28 15 25 21 28 20 8 26 28 35 25 26 31 26 20 19 23 20 
15 17 25 28 15 24 32 24 16 26 25 20 14 20 35 11 30 19 16 14 30 27 28 19 11 16 29 15 20 28 28 15 29 23 12 15 23 8 20 21 13 16 11 17 31 26 23 33 19 30 20 29 22 23 27 15 19 23 25 12 25 17 14 20 12 18 26 19 17 30 33 27 32 17 19 30 35 14 18 23 44 28 27 26 22 17 40 16 34 19 16 17 12 10 18 38 28 38 13 16 19 16 22 8 29 13 18 16 15 14 23 27 23 23 20 23 24 8 35 14 
27 17 18 21 17 28 30 19 25 30 24 8 26 25 27 11 12 33 29 16 32 24 17 34 10 9 28 20 21 26 28 12 29 30 12 15 19 9 25 24 11 13 21 16 29 26 17 34 26 31 24 27 25 19 12 18 22 22 26 16 27 18 8 23 28 21 11 16 22 31 25 30 32 19 22 27 51 17 18 25 20 26 15 16 26 11 39 15 18 19 21 13 18 23 19 19 26 31 15 30 29 17 23 21 41 12 27 31 14 18 17 26 29 23 28 20 18 11 29 14 
16 16 23 19 14 27 26 15 18 31 25 9 20 23 34 20 30 31 23 7 18 13 23 10 9 27 30 21 35 33 18 18 36 38 16 13 18 31 19 6 27 18 15 28 22 26 19 20 17 24 15 30 31 26 23 19 18 10 22 13 31 15 20 15 21 24 18 17 16 41 8 22 18 28 23 30 40 16 20 31 31 21 18 19 24 16 24 15 12 20 7 18 21 35 17 25 23 33 16 19 38 20 21 20 29 41 16 14 11 16 37 31 33 19 22 14 19 20 30 15 
26 5 21 16 10 30 41 13 24 11 20 9 24 26 22 19 25 28 28 17 30 21 19 25 17 21 27 27 17 21 36 15 33 39 17 19 18 32 8 19 17 12 15 20 14 17 17 27 22 31 19 14 21 20 41 21 32 13 21 18 13 15 12 8 16 25 15 16 21 29 24 9 17 25 9 21 27 15 20 27 34 26 13 15 20 12 36 19 30 13 20 25 20 25 23 26 28 34 18 30 21 15 20 31 33 23 32 27 14 19 28 22 23 19 40 18 15 13 32 17 
20 12 24 28 7 31 25 15 30 28 11 20 27 15 37 17 32 41 26 18 48 19 23 28 16 21 27 30 23 32 12 18 39 31 17 20 28 30 22 24 20 13 27 9 18 26 17 20 15 29 14 25 16 13 30 15 21 14 30 17 22 11 17 19 21 15 13 22 13 31 18 32 21 22 19 10 19 20 26 26 36 22 21 22 16 16 31 18 38 13 22 25 25 33 22 39 35 22 16 45 27 10 30 28 28 34 18 36 18 5 36 26 32 20 40 14 20 14 22 15 
31 10 27 17 15 24 24 26 27 16 17 6 22 29 14 16 32 31 23 15 31 25 35 23 5 19 20 51 19 23 22 17 26 27 21 15 20 29 24 26 23 13 18 21 24 28 22 23 23 14 24 19 22 26 6 21 21 21 19 15 23 18 21 27 23 20 18 14 18 19 18 28 33 35 18 38 34 16 21 24 37 30 20 17 20 20 29 17 30 11 18 22 24 31 19 34 26 39 18 35 19 22 18 22 27 19 29 27 15 21 10 31 31 12 44 30 20 16 30 9 
31 17 31 26 11 17 34 15 32 34 17 18 31 30 10 11 43 39 28 20 38 30 18 15 11 26 40 22 26 31 21 19 35 34 16 20 18 51 11 29 20 5 15 8 24 20 18 27 21 15 21 24 17 18 27 19 17 19 23 25 34 17 14 23 19 20 21 17 26 14 35 23 21 22 15 35 27 17 15 27 22 29 26 18 23 19 34 11 19 17 26 17 22 18 19 31 39 34 11 45 37 22 23 27 28 28 18 32 13 13 25 14 17 26 31 22 19 14 22 18 
20 21 17 11 15 17 26 15 19 17 28 14 21 17 42 11 37 12 31 10 28 26 24 19 17 28 28 24 25 30 42 23 29 34 9 27 27 35 15 22 21 17 13 16 18 19 18 16 25 39 14 18 10 27 25 9 16 14 31 15 18 15 18 24 18 21 23 18 10 30 23 28 29 28 17 39 38 15 22 31 7 24 28 21 29 12 27 17 31 17 19 17 25 30 19 37 24 20 19 20 22 16 14 25 30 31 19 34 25 21 16 16 26 31 36 33 10 18 22 7 
29 22 18 21 22 22 24 14 27 29 21 13 25 21 22 21 21 25 25 20 32 25 25 20 8 13 10 44 22 28 18 8 15 42 19 12 25 23 23 13 9 20 15 17 16 26 23 31 26 16 17 25 13 16 20 30 24 10 22 15 35 20 13 14 13 22 19 21 16 22 39 8 22 22 17 20 30 14 24 23 42 33 22 12 28 10 19 14 37 12 19 21 23 30 14 38 24 34 17 36 17 8 31 16 32 32 21 28 26 18 23 20 17 21 34 37 24 19 22 16 
35 22 26 32 20 33 10 21 28 27 17 17 17 10 24 24 13 30 17 18 35 24 25 18 17 19 13 30 28 17 29 12 28 27 18 15 29 28 24 15 12 8 15 15 9 22 12 23 24 30 4 14 21 11 27 21 14 22 16 14 23 17 19 29 19 27 13 13 13 27 3 24 22 18 19 23 34 17 12 25 30 28 22 19 28 14 25 16 27 15 13 25 25 24 26 32 19 47 16 26 21 15 25 24 24 43 25 19 27 21 38 32 30 21 29 23 25 11 19 12 
24 17 14 11 10 28 33 21 14 39 23 15 34 25 24 14 15 17 29 14 34 5 29 26 16 19 18 37 22 23 27 20 21 22 21 22 27 25 16 20 20 11 17 26 24 19 25 38 18 24 19 29 22 31 25 16 21 21 19 21 31 16 18 33 14 26 21 15 14 27 23 26 17 20 5 31 33 13 19 46 38 36 21 15 35 21 25 14 35 17 18 21 14 32 20 34 31 29 21 16 28 22 29 15 32 11 14 25 15 13 34 35 17 18 38 39 23 15 26 13 
24 12 30 20 9 39 45 21 24 20 27 16 32 21 19 16 15 21 32 17 42 16 15 13 9 18 28 38 20 12 27 17 18 33 22 16 32 26 7 28 21 17 16 15 20 17 31 22 14 20 9 21 15 18 12 17 23 21 25 14 17 12 19 17 23 9 14 22 13 24 22 34 22 28 25 27 40 17 19 21 35 25 20 6 23 16 36 7 34 20 20 22 19 22 17 26 24 33 18 27 6 23 20 15 29 24 14 31 9 32 8 33 24 20 31 19 10 25 25 12 
31 20 28 27 17 26 33 27 34 26 27 24 36 23 24 22 35 44 22 12 10 21 18 20 19 18 26 17 27 18 26 15 22 37 17 20 19 37 26 10 26 18 21 12 28 25 26 28 33 30 17 21 16 15 27 18 23 21 2 26 18 20 20 21 16 24 13 22 17 23 26 22 22 24 13 24 22 17 15 27 34 24 8 15 34 23 31 16 19 16 12 19 38 30 16 32 34 23 17 34 30 17 21 12 25 28 26 28 20 18 24 30 21 20 19 29 14 5 20 17 
21 15 22 29 15 6 32 18 37 15 10 16 18 23 26 29 30 19 12 6 35 25 16 24 17 28 31 37 24 19 28 22 24 29 20 24 28 28 10 20 23 17 22 13 26 26 17 25 19 27 16 21 25 18 11 18 17 9 7 10 13 17 21 20 18 26 20 20 9 34 14 31 19 23 22 13 27 14 20 21 22 39 19 18 16 19 27 10 33 13 31 17 30 23 11 23 26 31 12 23 20 21 27 22 27 40 25 24 15 24 14 34 25 22 15 8 18 14 30 18 
25 14 24 18 15 29 30 21 18 24 19 15 17 31 23 23 32 30 27 15 30 22 15 33 17 27 25 37 30 31 30 19 16 28 5 13 27 27 15 17 26 17 23 24 28 16 12 17 17 20 19 7 26 24 17 24 13 16 20 15 19 23 15 18 12 25 12 17 18 14 33 39 23 26 15 31 38 15 23 25 23 21 21 21 48 16 25 21 19 16 19 13 21 24 12 33 20 25 26 24 34 12 18 25 19 27 25 36 25 16 15 23 21 18 43 23 17 16 37 16 
34 17 23 27 26 27 28 21 23 20 13 20 32 17 31 26 35 19 37 12 28 21 22 14 18 16 19 31 22 23 27 14 24 13 26 13 26 12 24 20 13 8 13 16 12 23 17 18 32 15 16 13 22 21 9 10 26 22 19 12 33 18 15 14 25 18 21 17 19 36 19 21 28 28 13 39 22 14 28 30 30 29 24 14 29 24 23 13 23 11 18 19 22 19 25 31 17 37 12 39 29 19 40 11 31 49 28 25 16 19 23 24 23 31 22 11 14 16 18 9 
15 19 13 23 17 18 23 13 34 21 19 22 32 23 26 18 34 27 40 14 27 20 33 25 23 24 28 15 35 29 11 20 27 15 19 18 22 29 15 12 21 21 17 29 26 14 22 19 22 21 16 20 13 12 19 16 23 8 22 17 24 13 18 27 18 23 14 26 20 22 30 26 27 7 19 31 38 18 29 26 27 30 31 21 50 18 23 9 32 22 15 27 27 23 17 33 27 30 16 23 14 16 32 33 22 31 22 25 23 21 17 24 19 17 29 25 19 14 27 18 
24 17 16 14 18 28 28 17 39 35 10 10 43 26 32 23 13 25 34 18 33 24 30 21 7 21 15 37 31 5 12 25 25 32 15 19 31 22 19 15 13 16 19 16 12 20 20 25 24 23 24 25 15 30 27 18 28 16 19 21 33 21 17 33 15 20 3 8 18 12 25 20 27 21 19 27 21 12 27 21 27 23 31 16 40 6 34 21 24 17 23 25 29 27 20 34 17 30 18 16 29 13 20 29 38 25 20 29 16 22 13 30 24 21 35 30 11 15 30 9 
23 20 29 25 15 25 27 22 22 28 19 15 25 18 19 12 41 40 27 8 36 21 17 34 15 31 30 33 21 29 26 18 32 20 22 17 24 31 29 19 24 12 23 18 29 25 13 28 28 23 15 23 22 24 22 23 29 21 17 18 24 14 16 14 14 14 22 12 16 26 23 28 25 27 25 16 28 19 21 21 26 15 28 16 27 18 23 28 17 9 20 15 31 30 20 12 22 33 19 28 23 19 17 21 27 19 25 25 14 19 26 34 26 16 32 21 18 15 26 16 
25 23 18 33 13 20 14 17 26 31 22 25 26 25 32 16 28 29 27 6 29 23 29 33 12 28 30 23 29 15 23 17 33 22 13 23 37 40 11 12 10 16 28 23 17 23 17 30 24 30 27 25 18 18 23 17 20 27 21 16 27 16 13 18 25 31 27 21 20 39 29 20 29 15 18 25 27 16 20 29 14 14 12 20 32 10 26 23 24 16 20 17 24 25 16 24 32 25 14 26 13 11 19 13 36 28 28 23 19 17 22 27 15 23 42 16 20 21 24 12 
35 19 24 20 15 23 24 10 20 26 22 16 36 19 23 16 20 16 37 14 38 26 15 29 14 26 38 35 36 30 29 21 23 23 12 11 26 30 18 17 21 6 20 19 24 16 17 25 29 15 21 8 19 21 14 19 24 15 21 2 23 16 12 4 17 27 14 15 16 24 26 40 15 22 14 21 23 17 18 29 32 20 20 17 14 10 18 16 18 6 19 23 22 25 25 23 17 40 23 22 16 18 12 4 27 29 14 23 21 21 31 27 17 23 38 24 22 12 25 18 
25 12 20 16 15 15 31 21 29 28 20 19 25 22 27 18 28 14 23 15 23 26 29 29 16 15 27 40 24 28 22 23 27 35 12 15 24 11 26 23 14 19 26 12 21 24 23 31 16 20 17 20 20 32 28 16 25 16 21 16 27 21 16 24 26 29 8 18 22 24 31 25 26 34 14 27 17 16 28 32 41 24 27 19 23 23 18 16 33 19 14 20 16 27 20 23 22 32 14 21 32 19 18 22 32 23 25 34 31 17 36 35 14 26 26 29 19 19 38 15 
27 16 23 34 15 35 32 18 28 14 14 17 33 21 20 17 19 30 27 11 29 32 24 23 13 25 28 27 17 21 37 16 19 30 20 18 24 28 15 19 23 7 14 14 25 18 21 30 23 19 17 14 17 34 19 14 9 19 21 11 27 20 20 13 22 26 17 18 13 22 27 16 19 23 23 30 30 18 15 31 24 29 18 18 26 10 34 20 36 15 24 19 16 32 20 40 22 19 17 36 31 31 19 28 29 20 24 19 14 19 21 24 33 17 32 24 18 22 39 15 
33 12 14 23 18 18 21 25 13 16 22 16 24 18 28 18 27 25 22 21 28 25 16 27 13 12 31 25 16 21 23 23 30 33 20 19 19 12 11 20 30 19 17 15 19 23 23 26 32 30 27 14 13 25 12 17 23 21 21 13 29 24 15 31 23 19 14 21 16 17 28 23 13 20 14 28 30 21 21 20 18 33 25 15 22 24 21 22 33 17 17 26 27 31 24 14 26 23 17 36 30 20 32 15 24 16 37 28 17 20 18 39 21 23 28 27 27 11 31 9 
20 18 28 15 13 34 27 17 34 25 25 18 14 16 34 11 38 17 32 17 28 32 14 17 16 22 26 44 21 10 10 16 35 15 22 18 24 31 26 17 25 17 12 12 16 22 22 28 24 32 18 9 19 18 9 18 15 21 15 15 15 19 21 16 10 24 14 7 18 23 21 32 20 41 21 44 32 19 21 25 29 27 25 23 24 7 19 11 28 21 27 24 46 17 28 16 24 15 23 11 19 16 19 12 30 31 18 17 9 9 6 31 25 6 26 26 18 15 20 15 
44 15 14 21 28 17 14 16 25 34 20 14 22 20 21 19 23 12 31 15 27 27 24 28 16 23 31 30 20 25 34 14 37 43 10 17 27 30 20 24 18 8 17 19 17 24 18 26 9 11 16 23 14 23 21 16 36 31 28 15 14 19 18 24 17 26 15 22 9 30 25 33 24 23 19 31 32 13 13 32 44 26 16 18 35 21 15 16 12 13 10 23 28 31 14 37 30 46 16 31 38 8 21 27 24 37 19 30 14 18 18 31 26 25 26 14 12 11 30 13 
29 21 15 35 13 25 27 13 24 27 25 15 35 29 21 2 28 17 40 16 32 17 17 9 23 26 26 36 33 25 24 10 31 10 10 12 30 38 25 16 16 14 13 15 23 24 13 23 18 40 12 16 18 19 25 16 19 23 19 10 18 19 16 28 21 21 25 17 10 31 30 27 17 17 13 42 32 26 20 20 12 18 21 18 25 15 13 18 28 9 32 27 15 25 22 18 23 51 14 17 25 25 25 20 29 31 25 14 23 20 18 25 39 22 37 22 25 14 29 12 
23 29 23 23 19 22 24 12 19 32 15 12 21 34 21 16 36 42 32 20 34 28 33 22 18 31 28 33 26 23 31 8 26 17 27 22 27 30 11 17 23 11 17 20 22 28 25 22 23 21 25 25 24 32 25 16 13 23 26 21 20 24 18 20 26 14 17 25 17 27 18 26 20 22 14 24 25 17 26 10 25 27 22 14 20 25 18 26 33 12 13 25 12 31 14 26 29 16 28 32 38 11 40 20 30 36 20 24 9 17 9 33 27 25 31 27 13 15 39 19 
36 17 10 24 17 25 36 10 28 35 14 13 40 25 21 11 27 20 20 17 36 29 28 17 19 19 21 21 30 23 29 18 19 11 16 15 26 28 17 11 24 20 22 22 26 13 20 34 14 31 13 16 17 25 25 17 8 24 20 19 10 17 10 16 21 23 21 27 17 43 19 30 26 28 12 43 31 16 32 23 32 15 30 14 21 18 37 14 22 8 28 36 23 34 25 33 27 19 20 44 34 22 20 15 37 29 24 27 19 18 16 25 24 27 32 24 19 18 29 13 
18 16 23 25 15 27 21 22 30 27 13 16 17 28 29 16 25 30 31 18 60 28 28 24 13 23 37 24 27 24 27 12 23 23 18 18 29 37 22 23 28 10 27 14 26 21 17 21 18 27 27 20 18 22 23 22 16 19 10 10 26 24 15 25 17 25 14 20 15 26 29 33 32 22 19 37 35 16 24 29 43 30 20 13 28 18 31 13 29 13 20 17 28 31 21 32 19 34 17 20 34 19 22 25 28 37 34 22 23 20 28 31 12 28 29 23 19 15 36 13 
29 21 15 22 13 30 33 18 31 23 12 7 20 20 21 17 21 32 30 8 38 23 26 17 20 18 23 37 25 21 23 15 22 30 16 14 20 30 14 9 30 22 16 10 19 17 17 12 29 23 21 20 26 21 26 22 34 20 22 20 35 13 14 27 20 29 28 23 17 27 25 33 30 27 25 20 31 23 18 25 23 24 28 23 31 15 35 23 38 15 18 17 29 14 16 27 25 18 13 31 30 19 35 20 29 35 18 26 22 27 29 27 20 22 34 24 28 15 29 13 
35 21 26 23 10 38 19 30 14 23 31 15 31 28 31 18 29 41 26 16 50 20 30 30 16 20 17 37 20 32 19 19 32 33 19 18 23 23 15 17 21 14 23 16 22 9 19 38 25 29 17 28 16 33 24 17 23 25 12 16 32 19 20 22 16 32 8 17 24 38 22 20 28 31 15 19 27 18 18 30 30 29 25 14 26 12 18 15 17 21 13 16 8 15 23 32 31 7 29 31 23 16 29 20 17 12 21 29 20 19 27 34 23 24 29 17 17 15 36 14 
19 25 19 26 12 30 30 17 26 18 21 13 28 18 32 10 39 31 12 8 42 18 20 12 14 32 36 32 12 23 34 7 36 12 28 15 14 22 27 18 16 19 20 20 8 24 15 34 21 27 12 36 18 18 27 23 19 19 25 10 30 26 14 20 18 27 15 25 13 42 22 24 28 25 19 44 37 22 23 37 26 31 27 16 34 15 18 18 15 17 21 31 26 40 19 37 15 31 26 28 13 28 16 13 39 27 20 20 14 17 23 24 19 18 33 21 17 19 32 7 
28 8 21 29 14 33 36 20 28 20 18 15 32 28 31 11 35 30 24 13 34 9 11 19 15 24 27 44 21 33 25 23 39 28 20 10 17 29 24 18 16 11 23 15 25 24 12 24 19 23 20 23 23 13 20 11 27 15 23 19 30 13 22 14 22 16 14 17 11 29 17 17 15 17 20 26 36 16 31 29 31 27 21 23 22 19 24 16 30 19 16 22 24 19 24 34 28 37 12 31 25 18 12 26 31 30 29 41 17 19 18 30 24 23 39 24 15 17 24 22 
36 16 15 29 17 36 24 17 32 23 8 14 33 15 6 18 29 30 35 16 25 22 28 25 18 18 26 20 9 19 20 12 29 30 8 25 21 22 12 18 10 14 20 19 6 23 24 16 31 16 9 30 18 27 28 28 23 14 16 19 27 12 9 15 14 27 19 15 21 34 24 27 25 25 17 30 33 12 12 29 42 31 19 18 34 19 14 27 45 11 26 12 29 28 19 24 34 45 11 25 18 24 19 27 24 20 26 21 15 11 34 27 23 24 38 26 19 21 31 14 
19 9 14 28 16 29 25 18 30 23 20 16 33 32 29 20 40 40 13 15 44 28 30 19 18 25 27 39 29 20 33 22 16 16 10 18 25 33 25 17 26 9 13 15 28 34 14 25 22 26 20 20 25 11 18 24 15 14 26 16 18 18 24 16 25 29 19 28 16 27 12 43 28 25 20 27 33 13 20 33 29 32 35 12 24 24 11 23 12 19 24 10 22 18 18 43 26 38 9 34 32 11 34 20 31 27 25 31 27 21 26 19 23 18 34 21 25 11 22 10 
20 23 11 24 15 27 29 21 29 12 20 16 15 24 10 20 36 24 36 15 44 15 16 27 16 17 25 19 8 33 21 19 32 30 24 25 18 34 17 8 14 18 21 19 15 22 9 16 23 34 17 16 23 20 27 19 13 20 18 19 13 14 19 24 10 32 15 15 12 21 12 35 20 23 18 22 22 20 30 33 33 20 13 16 26 17 35 18 17 14 20 32 22 21 13 20 29 31 20 36 31 25 23 14 23 29 17 17 21 22 16 35 21 14 39 20 19 16 34 15 
26 18 14 26 14 21 44 16 25 19 28 18 20 16 18 27 20 23 26 19 35 41 12 17 10 23 23 32 26 15 30 14 34 30 18 24 24 23 21 12 13 14 12 27 8 15 15 24 20 23 20 27 20 15 13 22 18 27 28 15 21 21 19 14 29 28 15 22 19 40 30 24 13 27 18 34 29 21 21 23 32 37 20 16 29 17 17 22 32 18 19 22 23 20 21 23 22 20 26 34 30 22 31 24 31 26 28 15 17 24 16 44 24 13 33 28 17 19 28 22 
21 15 22 24 17 14 17 24 23 31 13 23 18 15 19 17 25 20 24 18 40 27 33 26 17 24 5 26 33 27 26 20 30 28 19 19 27 28 19 13 15 12 14 21 20 23 20 32 23 30 15 18 20 28 24 15 23 14 16 23 30 15 11 15 18 27 17 26 20 34 26 31 14 11 23 27 26 10 13 35 40 17 27 19 26 20 22 25 31 15 13 28 29 12 21 27 26 28 21 15 31 15 20 24 24 35 22 8 13 19 21 19 20 13 34 27 14 14 35 10 
30 14 18 18 19 27 27 15 25 27 21 18 30 26 30 23 32 30 27 17 40 18 10 25 21 20 19 25 31 23 24 12 21 36 10 21 12 48 10 17 24 11 15 26 16 19 19 26 21 14 17 15 20 29 31 16 14 18 13 13 30 20 15 16 18 33 16 14 15 37 29 19 32 20 19 34 23 17 22 26 38 30 18 16 26 15 25 13 27 13 18 18 24 20 15 30 26 38 18 36 22 10 30 18 43 32 21 8 12 20 20 34 25 17 20 32 25 19 33 19 
35 17 8 17 16 26 27 8 21 37 23 16 37 30 22 19 32 40 35 16 23 21 30 21 18 12 21 22 34 28 30 20 26 37 22 24 26 26 26 16 22 11 32 13 14 20 21 15 22 26 16 25 14 24 12 16 28 19 16 8 22 32 9 18 14 29 19 23 10 27 21 21 18 17 19 31 22 9 25 32 30 25 18 15 24 14 23 15 21 14 18 16 26 17 23 41 41 43 20 32 33 13 22 25 28 29 33 33 21 14 26 15 21 29 36 16 19 7 18 13 
24 15 22 22 19 45 31 15 22 35 24 10 41 25 30 23 25 40 28 14 22 28 14 18 17 19 35 24 20 13 18 14 18 30 25 15 20 23 16 21 15 15 17 19 19 13 22 22 25 28 17 28 20 37 26 27 31 20 25 19 23 11 17 36 21 13 16 21 16 29 32 26 23 18 14 19 23 22 21 36 28 40 19 24 23 27 18 11 43 6 21 23 21 1 14 44 32 7 19 34 28 21 33 29 35 17 23 33 15 17 33 33 28 20 22 29 21 12 20 8 
15 18 10 23 17 29 15 14 19 28 20 13 33 19 23 11 31 31 34 17 30 33 29 20 13 19 20 37 23 14 20 15 28 24 10 16 21 32 22 19 29 14 23 10 26 21 25 28 20 28 17 24 20 22 22 11 19 25 13 21 31 19 13 17 14 18 21 14 10 31 24 31 29 18 22 29 42 16 31 29 20 29 18 14 44 13 32 29 35 9 12 13 34 19 17 34 23 31 28 25 34 8 22 16 37 13 27 30 12 19 15 24 23 21 29 31 16 17 14 11 
23 18 24 20 21 29 21 27 23 12 24 14 34 24 26 13 38 31 25 15 26 25 25 34 12 29 25 38 20 21 35 10 24 17 23 31 18 29 15 20 26 22 13 17 17 24 20 18 15 41 22 24 18 13 16 17 17 21 27 16 30 21 13 15 22 30 10 21 13 32 26 34 25 20 8 23 16 23 17 25 32 32 27 16 26 11 20 17 24 14 13 22 37 32 25 40 17 21 9 38 26 7 31 20 20 21 17 20 19 28 24 30 15 23 42 33 18 13 15 18 
27 15 20 34 25 26 42 22 12 36 15 12 21 21 32 13 15 32 25 10 25 32 21 30 24 21 14 11 8 28 19 15 19 24 23 19 21 35 25 17 35 16 16 7 25 23 19 22 30 20 13 27 20 28 20 19 19 37 17 10 40 18 17 18 22 40 28 15 21 29 25 22 31 21 9 25 22 11 34 24 40 15 16 16 21 18 32 18 23 7 20 36 22 23 17 38 21 41 22 23 28 15 26 17 33 25 20 35 28 6 27 21 20 10 17 17 13 9 17 14 
23 18 15 31 11 29 13 16 19 25 15 14 52 20 27 23 17 59 24 18 43 21 25 26 14 23 23 30 27 34 18 21 23 11 18 22 32 36 12 18 24 20 17 16 21 35 23 15 26 10 19 16 19 24 11 16 23 28 24 15 24 8 13 23 24 41 20 15 17 5 13 31 29 20 28 29 14 19 8 30 34 25 30 14 16 21 23 15 38 13 33 31 4 16 15 16 22 21 16 24 16 7 18 19 31 28 16 37 20 26 15 19 22 24 19 9 19 20 25 14 
27 14 16 29 11 33 12 11 29 22 15 16 25 25 28 11 39 18 34 13 35 17 25 37 18 18 42 49 24 30 29 18 24 30 12 12 24 14 18 27 22 17 19 17 28 41 24 11 10 4 22 20 11 16 18 20 24 11 13 15 25 15 12 18 23 9 22 23 16 37 22 34 39 14 18 19 19 15 21 17 12 20 12 6 31 14 13 24 29 11 25 23 19 23 23 58 31 17 14 36 26 20 18 19 19 40 24 23 11 15 27 25 15 22 19 25 11 15 31 15 
32 17 11 23 13 34 22 25 27 23 25 16 30 25 23 14 41 21 44 6 37 26 12 19 12 22 17 40 31 31 20 13 26 26 23 21 24 38 21 18 21 20 16 2 23 31 23 34 21 21 14 22 21 21 8 14 19 22 13 15 20 21 23 22 18 25 24 21 19 20 9 25 47 31 27 20 20 8 20 23 29 25 19 20 23 16 31 14 30 19 12 19 19 34 16 27 33 36 20 36 26 16 25 4 11 39 27 29 23 14 23 18 19 16 14 34 13 11 28 16 
28 16 11 26 20 21 26 17 37 30 15 17 23 31 34 22 28 36 29 12 42 22 19 14 10 31 41 41 26 31 29 19 18 27 19 17 13 23 25 16 30 13 11 14 11 16 17 26 22 21 4 13 15 26 15 12 31 20 23 18 37 20 16 11 12 23 12 10 11 27 21 15 22 13 22 32 21 16 26 18 31 35 24 19 27 12 21 16 37 9 22 35 26 30 19 32 32 30 27 21 23 17 18 21 47 19 18 24 22 19 25 22 30 23 25 30 8 21 23 21 
17 21 26 20 14 34 31 23 46 26 18 16 32 27 23 11 30 32 22 19 46 11 24 20 10 25 21 26 36 22 16 12 22 29 15 23 29 37 15 24 33 21 9 17 19 22 20 27 16 26 17 25 18 22 24 23 21 21 23 15 30 20 19 19 20 8 24 33 22 18 22 22 20 31 13 19 22 18 17 43 16 28 26 15 34 15 22 23 24 13 19 5 21 30 14 29 26 25 24 21 32 19 28 13 26 28 18 21 12 15 26 38 19 20 27 18 18 24 25 18 
33 15 25 37 10 27 23 20 23 22 31 14 38 16 25 14 9 24 31 20 28 16 28 23 10 20 20 16 16 28 22 19 30 19 11 13 25 34 14 16 17 9 13 14 22 21 20 18 22 24 22 15 20 12 35 18 31 14 23 17 27 17 16 10 20 35 13 21 23 33 30 19 20 31 15 33 43 15 22 27 36 20 25 18 25 17 30 22 26 11 25 23 18 24 22 27 18 7 19 21 23 24 16 14 27 31 24 13 11 18 38 24 18 19 33 29 18 18 27 16 
25 15 29 34 20 21 38 13 40 18 26 19 12 21 38 19 40 22 35 16 27 32 14 28 21 19 28 28 26 21 17 17 30 20 20 20 35 10 20 21 19 20 17 9 22 16 24 28 15 24 17 25 15 28 19 15 16 18 21 10 26 22 15 9 18 21 21 16 18 23 26 31 24 21 16 29 23 13 18 29 40 19 26 10 26 18 20 16 29 12 17 30 35 21 21 38 36 23 10 40 20 13 32 26 27 19 22 31 16 20 27 43 33 18 20 24 26 11 34 10 
30 24 24 18 16 16 19 26 37 26 20 12 22 23 29 16 20 22 32 23 14 23 24 29 16 29 24 21 29 25 23 16 18 27 19 26 15 23 21 26 21 13 17 22 23 28 20 26 22 21 14 21 17 16 19 18 16 26 24 24 28 19 14 16 12 20 20 14 20 40 34 26 13 21 19 28 27 19 36 23 36 36 28 26 20 19 18 24 47 12 16 20 18 20 20 26 31 35 14 31 28 15 23 27 22 34 37 5 22 20 23 27 19 16 41 21 26 18 24 17 
26 20 27 19 18 37 22 13 16 28 28 11 18 25 23 15 14 37 31 19 32 25 27 34 13 22 18 30 8 28 32 6 36 40 20 16 21 35 12 16 27 19 24 19 23 25 29 37 22 26 12 22 15 26 33 24 28 36 25 15 28 9 17 24 15 36 19 15 7 15 16 31 16 20 17 19 35 17 26 25 37 18 19 20 33 13 35 27 54 13 36 11 31 14 25 19 15 32 17 30 23 15 24 22 36 36 23 25 18 18 24 23 26 18 19 24 25 17 29 14 
13 18 16 23 8 27 33 21 27 13 22 20 17 21 23 19 26 30 24 14 31 30 18 25 18 27 27 41 30 25 22 10 19 19 5 17 26 40 9 24 21 26 17 15 13 30 12 23 23 34 15 14 23 19 12 17 16 27 21 15 15 19 16 24 20 22 18 22 17 34 18 30 29 19 19 25 41 21 23 21 33 16 24 7 33 17 18 20 47 15 30 27 27 26 13 21 23 35 17 20 29 6 27 34 42 33 27 30 25 10 29 22 15 19 23 31 18 17 26 7 
33 16 15 20 14 49 21 20 33 22 17 16 32 24 12 16 15 31 25 16 19 20 28 22 10 33 28 29 28 18 22 18 15 39 25 18 24 35 7 8 24 17 17 29 27 6 23 6 11 19 21 36 25 23 7 16 12 19 11 14 33 19 12 26 16 15 21 26 17 31 26 26 15 18 21 15 30 15 25 33 39 30 20 19 35 15 26 22 40 20 27 22 26 20 27 29 32 20 16 26 35 17 23 16 19 41 25 18 19 16 15 17 19 23 35 27 21 18 39 13 
33 16 26 30 17 15 23 17 30 11 24 15 28 15 23 28 21 32 41 12 38 17 11 16 19 24 35 25 24 22 36 18 22 25 17 14 33 39 24 17 19 14 29 18 18 18 25 22 28 13 22 15 19 19 25 19 19 17 31 15 32 15 14 13 26 21 10 16 18 26 37 37 16 23 12 32 32 11 25 28 29 27 24 9 21 17 24 5 19 17 18 22 24 26 24 44 21 36 23 24 23 11 28 23 23 19 17 28 18 13 30 36 18 26 32 22 18 16 17 8 
36 5 22 28 10 25 32 14 22 24 18 21 22 22 34 18 10 39 19 14 32 29 15 15 11 20 25 36 23 23 17 19 24 32 15 21 28 24 20 18 20 14 10 22 21 23 21 23 22 26 17 30 19 17 19 21 17 23 30 15 24 20 12 27 25 23 15 22 20 15 33 21 31 33 2 22 24 18 16 25 27 18 23 21 24 21 12 13 48 21 23 27 27 9 18 45 20 9 14 22 29 29 28 30 25 31 26 21 13 11 35 31 32 28 27 26 13 16 42 12 
23 14 23 29 15 11 29 16 21 23 22 18 27 33 30 19 48 29 24 21 20 14 18 30 8 19 33 20 18 22 29 8 16 40 19 19 31 19 28 17 29 22 18 15 25 17 15 20 17 27 15 24 24 20 18 10 9 29 22 10 32 21 12 18 28 23 9 19 18 22 20 24 26 36 15 37 31 25 20 28 41 31 10 16 34 18 27 11 34 11 12 13 29 36 15 42 33 26 15 18 16 9 27 19 36 24 14 24 19 17 33 36 25 24 31 17 16 7 15 5 
25 24 13 12 15 29 34 25 28 31 26 18 28 32 30 18 5 28 28 19 27 28 30 23 19 21 35 23 25 30 22 9 22 21 14 22 23 31 16 22 24 10 15 17 14 33 16 24 25 16 11 27 16 18 16 19 30 25 28 14 18 21 11 25 17 31 12 20 16 5 20 34 29 29 23 42 22 13 18 29 26 21 19 9 13 20 24 18 50 18 8 32 19 24 18 34 7 26 21 21 21 18 32 17 31 20 17 16 27 11 11 31 25 19 23 24 11 13 14 13 
28 8 19 36 14 33 33 27 17 24 10 12 36 32 32 9 42 22 33 16 24 17 31 20 17 16 22 44 10 17 36 15 38 28 20 21 28 28 21 19 13 10 24 14 21 14 17 21 15 25 19 19 13 17 9 15 14 19 26 16 17 16 19 29 24 25 20 19 19 28 21 22 32 32 11 20 31 25 25 41 42 36 27 17 21 20 26 20 19 14 18 28 23 39 20 34 38 34 20 32 16 20 22 24 21 34 27 34 18 21 35 18 19 15 18 20 15 19 14 11 
37 22 14 34 17 30 33 24 30 27 27 15 22 30 6 12 18 36 35 26 25 13 20 23 18 16 32 38 24 17 37 15 23 36 16 17 23 32 17 19 32 19 22 16 22 24 16 26 17 19 17 28 16 21 23 20 18 17 12 13 29 20 11 17 23 15 17 13 24 23 13 25 19 20 19 37 27 11 24 15 27 31 29 22 41 13 11 7 14 10 19 17 25 29 22 39 23 25 25 34 9 23 12 12 26 36 20 19 14 21 22 40 19 18 40 24 20 11 25 20 
15 16 14 24 14 26 40 9 25 31 29 16 27 15 32 14 34 33 26 15 34 37 18 16 19 16 36 19 22 33 22 16 37 26 24 23 20 38 12 21 28 11 11 17 27 16 27 20 26 24 13 22 28 21 18 15 27 18 29 9 33 18 9 23 26 25 21 18 6 22 14 30 17 25 13 22 24 20 18 25 25 31 20 15 28 21 28 28 11 11 26 26 22 23 19 31 36 23 11 21 28 16 30 25 30 34 26 27 26 25 27 29 24 17 30 20 13 20 37 13 
38 13 15 21 17 25 19 21 33 16 16 18 26 36 16 19 19 37 30 16 36 24 12 26 13 20 25 27 14 20 32 15 20 30 13 16 12 11 20 21 21 17 11 12 15 26 17 24 16 26 24 35 13 20 18 16 17 16 24 8 20 15 15 23 29 25 13 18 10 21 4 24 23 30 19 19 25 12 23 18 25 9 17 16 39 6 29 21 52 14 16 28 23 39 21 33 25 16 24 21 18 8 18 9 37 28 29 34 19 28 22 34 16 25 21 16 16 19 14 17 
21 11 24 16 11 21 33 9 17 17 15 10 26 26 18 14 29 33 43 19 32 27 18 22 12 23 22 40 21 18 24 14 27 38 22 16 24 24 17 20 13 7 20 14 23 24 19 32 18 25 10 26 17 25 26 21 22 9 29 13 32 11 26 29 14 22 17 22 20 31 17 29 20 23 10 31 24 22 29 22 25 27 23 20 34 16 20 21 31 10 11 27 29 15 19 28 27 41 19 31 22 9 14 19 22 40 21 33 11 12 36 17 13 27 43 22 20 17 24 13 
26 11 29 25 16 28 26 16 27 25 20 8 37 36 23 12 24 42 19 10 25 23 24 20 10 29 33 37 34 14 9 17 23 18 17 21 27 27 26 16 17 18 13 14 23 29 15 36 20 25 20 27 20 17 20 19 18 17 14 15 24 23 15 24 16 25 26 20 12 31 29 25 27 20 16 38 53 9 28 23 38 22 27 18 33 27 34 11 19 19 19 28 20 23 17 26 38 33 13 36 20 10 18 20 37 29 20 21 11 23 33 19 11 26 27 17 11 21 21 13 
20 24 19 25 22 20 28 21 24 25 22 15 34 18 48 17 34 41 16 17 24 33 25 27 9 17 35 26 16 13 12 19 18 28 21 18 26 19 18 20 18 14 15 16 16 16 17 25 21 27 18 13 12 22 17 27 22 17 19 18 25 27 13 21 31 25 26 16 16 29 24 32 13 21 14 33 16 13 31 24 45 19 23 23 31 17 18 20 31 15 11 27 22 30 24 35 29 15 15 26 24 8 22 24 27 26 26 30 26 24 19 26 34 22 11 26 23 16 37 17 
36 28 5 15 17 30 28 19 22 25 17 14 32 25 25 9 21 27 33 11 43 21 23 19 8 29 21 35 38 23 22 13 28 37 20 20 21 29 21 16 24 14 22 21 11 28 19 26 17 31 25 26 17 18 30 17 16 25 16 19 15 9 17 13 28 20 13 18 10 21 29 33 22 14 16 28 21 16 28 23 37 20 31 18 36 20 30 23 16 17 10 29 31 21 18 35 27 40 15 31 19 21 22 20 32 27 22 37 16 16 30 36 18 22 17 28 20 12 18 11 
10 9 18 24 19 35 30 11 23 28 25 18 25 26 18 18 21 24 28 10 35 17 25 28 15 24 30 13 25 21 24 13 24 33 15 20 31 26 16 19 18 12 15 23 19 21 13 25 30 13 27 22 20 34 28 16 22 9 23 12 19 14 14 23 16 15 17 14 12 24 27 21 26 22 17 23 36 18 18 18 30 18 33 20 41 9 23 16 39 11 27 20 14 25 14 27 27 24 13 19 15 16 16 26 29 25 13 22 23 17 20 29 22 15 25 15 21 21 25 14 
39 22 19 36 16 25 15 12 14 21 23 18 31 23 15 17 25 30 33 9 19 11 18 36 19 21 9 34 35 18 26 12 27 17 12 27 25 11 20 21 21 18 17 20 28 24 20 41 31 41 15 20 26 15 30 27 26 19 21 14 17 24 16 13 31 18 14 22 17 17 13 27 24 17 12 25 26 7 23 20 18 20 19 9 31 23 22 17 39 2 16 16 28 34 19 34 26 34 18 27 35 24 20 16 29 26 29 32 16 17 21 17 28 15 10 24 13 10 43 13 
20 16 16 32 13 30 27 25 20 23 22 6 20 25 22 23 28 21 34 11 28 30 23 29 9 23 23 35 23 19 20 10 19 32 13 6 15 31 25 14 22 13 17 19 20 15 16 21 23 23 18 25 17 19 21 15 19 24 22 20 34 16 11 19 20 24 16 26 24 25 16 22 19 24 10 16 33 13 26 5 22 32 19 19 32 13 23 18 21 13 10 24 24 18 21 31 29 22 10 31 31 12 30 20 34 33 25 24 10 19 17 32 27 7 27 24 13 16 33 18 
20 19 22 37 17 16 31 9 24 31 35 15 34 19 28 22 29 26 17 17 34 35 12 24 13 18 40 39 14 16 32 17 15 40 19 19 32 29 36 23 26 21 22 12 25 25 18 18 19 24 19 15 24 21 21 16 14 17 8 15 33 18 19 18 18 37 19 28 12 26 11 28 19 17 21 32 21 16 25 24 33 25 24 19 35 14 10 17 33 24 19 34 23 21 20 25 31 30 21 30 33 24 24 16 17 28 30 28 14 19 24 12 27 17 11 25 16 16 33 14 
26 13 7 23 12 28 26 19 31 15 8 8 30 25 16 18 27 24 31 14 27 26 14 22 11 20 27 19 33 22 31 15 30 36 16 24 24 24 19 14 23 22 21 9 14 20 22 35 30 25 9 20 23 23 26 19 13 19 34 17 26 19 20 23 20 30 10 21 17 33 15 20 22 28 20 28 41 17 22 15 21 33 23 19 22 10 30 11 44 13 23 12 13 13 7 17 25 41 16 34 29 18 21 17 14 25 23 20 11 30 22 26 19 20 16 40 27 9 24 16 
10 22 18 22 14 14 34 24 34 17 20 12 50 21 35 18 52 44 17 16 27 27 19 23 14 32 28 27 22 26 36 19 37 25 20 13 18 13 28 15 15 18 17 17 22 27 23 20 19 17 27 28 14 17 29 23 15 27 25 15 24 11 13 17 15 28 20 10 10 37 21 23 28 47 25 28 34 20 17 34 25 38 24 14 24 7 25 4 54 8 18 25 31 25 15 31 29 44 13 50 25 14 19 22 18 18 27 26 13 22 21 34 18 25 36 26 8 15 19 17 
32 22 22 38 17 28 38 19 13 34 28 12 26 21 17 14 36 43 40 10 30 29 28 11 9 20 25 33 28 23 24 20 17 24 20 18 28 20 16 7 18 17 20 21 8 21 30 22 23 24 30 20 18 23 16 11 26 29 20 9 28 18 16 13 20 33 12 14 25 38 29 24 37 20 20 16 31 11 18 26 35 18 26 19 22 18 33 16 33 17 27 18 30 21 18 7 31 35 19 41 24 18 18 30 34 28 19 16 13 13 25 36 19 32 39 19 15 14 40 17 
30 20 21 12 14 28 21 23 29 23 22 13 34 14 22 15 42 35 21 18 35 26 20 11 13 30 19 28 16 16 17 22 27 28 21 13 31 36 19 13 23 16 13 16 14 21 23 28 18 26 18 16 18 16 28 18 9 28 23 21 31 12 19 20 6 23 25 19 13 41 23 33 28 25 16 37 17 15 23 30 23 18 22 18 32 17 32 15 30 19 13 15 21 28 26 35 29 23 13 40 34 14 25 16 27 34 22 27 15 19 26 19 22 17 33 26 8 24 27 15 
26 10 13 21 16 33 24 15 25 23 4 14 24 32 34 13 39 34 22 19 30 21 22 20 16 29 26 26 18 22 22 15 37 29 11 23 26 24 30 15 23 11 31 16 26 28 10 19 20 28 11 19 15 27 17 16 14 19 26 14 33 23 18 20 19 31 17 14 24 35 24 25 18 23 29 19 20 17 23 13 41 31 26 16 20 18 36 26 26 23 13 19 15 26 10 38 26 38 14 34 28 14 31 18 12 44 17 29 12 16 28 31 24 21 24 24 14 19 20 18 
26 23 24 27 11 23 38 11 27 17 22 14 39 27 11 19 29 23 33 13 24 39 20 11 22 33 33 39 14 34 21 21 26 42 19 24 20 15 21 18 23 16 16 25 23 20 20 28 25 26 9 23 18 20 16 13 30 16 22 9 29 26 18 24 15 19 12 18 14 31 21 26 19 23 17 32 35 21 31 31 12 18 34 16 26 20 28 14 38 18 12 24 7 38 13 34 40 17 19 33 15 13 19 31 33 34 26 12 11 23 22 11 17 19 33 32 20 17 31 18 
21 15 17 32 15 16 21 27 14 31 22 15 22 27 18 16 22 32 23 22 20 20 27 24 11 23 32 46 29 32 17 22 24 28 14 25 29 18 19 15 27 15 21 20 16 23 13 26 21 18 18 25 20 17 20 16 20 30 21 21 16 18 19 29 10 33 17 28 16 29 27 26 25 18 8 31 47 6 31 28 25 13 14 19 24 22 39 31 40 17 9 25 22 29 13 22 27 26 18 21 19 18 20 20 23 38 34 35 10 13 18 13 23 25 24 21 20 15 19 18 
29 15 27 31 17 26 31 21 11 16 10 15 28 23 22 16 16 26 29 12 13 17 24 21 12 33 29 25 36 26 30 22 25 37 29 26 17 27 19 19 17 19 20 15 28 18 19 36 18 25 14 26 20 21 24 19 23 18 17 21 28 12 19 22 18 18 12 25 17 25 29 18 21 24 15 28 35 22 22 11 30 24 23 21 16 17 30 18 33 12 21 11 35 21 14 28 26 37 28 23 19 21 23 18 27 41 7 20 19 26 27 34 15 33 30 28 15 20 28 10 
22 22 25 23 13 30 33 15 30 26 18 10 27 29 13 23 18 37 30 14 24 32 21 25 15 28 23 38 25 28 21 16 23 31 23 19 14 34 25 19 19 21 26 31 16 26 26 35 29 21 17 26 13 15 23 21 19 21 23 13 21 20 20 18 23 29 16 19 18 25 19 20 25 18 13 34 31 17 14 29 44 9 36 19 40 25 29 26 39 25 24 16 30 19 15 24 36 14 17 33 19 11 26 15 19 24 20 32 25 14 30 28 22 27 23 22 16 21 37 13 
18 20 17 24 16 24 33 20 17 20 20 18 24 25 36 19 11 46 39 12 35 40 22 25 25 18 24 23 20 5 28 20 16 21 14 25 18 21 28 20 23 15 15 19 24 20 21 24 28 17 21 14 16 29 34 20 22 23 12 11 26 13 15 16 18 21 21 17 19 22 22 22 24 32 19 25 31 16 22 30 33 23 18 16 25 17 22 16 35 21 30 21 23 23 16 45 45 29 19 31 17 18 22 14 32 30 29 31 17 20 29 18 16 22 29 25 10 20 35 11 
31 16 23 24 12 25 22 13 26 29 14 11 16 20 36 13 27 35 37 15 38 34 14 34 11 24 18 22 18 28 20 23 18 32 18 19 20 30 25 13 33 14 20 23 17 30 13 16 16 20 14 26 20 26 26 18 21 30 25 17 28 21 14 24 20 35 20 17 17 19 22 21 16 31 11 24 49 11 36 12 41 13 22 20 14 17 38 15 29 15 17 24 24 25 18 37 30 29 11 25 27 19 29 18 39 35 32 29 19 28 21 32 19 11 30 17 20 19 20 10 
28 22 25 16 19 26 31 13 20 20 13 10 18 29 22 12 35 22 17 16 45 25 26 29 21 18 18 26 16 31 10 12 24 27 16 17 29 28 7 20 29 17 24 17 22 16 17 30 23 19 17 23 18 18 28 15 28 24 17 20 28 14 21 24 17 32 17 11 16 32 31 26 22 24 6 34 28 9 24 19 20 33 26 23 25 24 27 16 29 17 14 24 28 21 20 41 22 37 12 28 26 19 29 18 30 25 33 20 22 22 28 19 19 21 14 24 23 15 27 10 
38 13 25 17 18 36 28 17 36 26 24 16 36 26 24 17 27 41 33 19 46 27 22 30 12 22 18 21 32 33 14 24 23 28 20 28 31 35 21 20 30 20 25 16 29 20 19 26 19 35 23 26 24 28 24 11 17 24 21 19 19 21 13 26 16 17 20 24 19 47 27 37 14 23 14 36 16 24 17 10 22 28 28 20 32 14 26 18 30 15 18 14 26 16 25 28 19 29 22 41 18 12 27 10 26 39 20 24 32 20 33 31 28 33 38 30 22 14 40 13 
22 19 24 27 17 30 37 14 18 14 21 16 28 35 19 11 36 36 27 18 46 26 28 21 17 24 20 34 15 22 40 15 27 38 16 19 16 33 21 21 34 21 27 20 31 26 23 27 18 17 15 21 24 26 18 21 21 18 14 19 35 23 19 23 16 30 20 23 16 29 18 28 26 28 17 26 34 20 16 28 35 26 21 23 33 12 33 17 31 16 25 20 29 23 26 40 19 25 16 34 26 14 20 12 22 37 29 29 24 18 21 6 29 23 27 30 13 17 26 14 
35 21 25 35 16 23 34 18 32 22 16 7 37 18 30 22 32 38 32 7 28 16 29 26 16 28 33 44 18 23 20 10 30 29 12 18 15 30 5 15 15 17 16 14 16 21 19 22 22 20 9 15 24 14 17 13 19 15 30 17 26 18 15 21 17 35 15 22 19 27 20 39 24 32 14 32 9 9 16 32 36 35 22 16 26 22 27 16 30 8 30 21 33 22 19 15 19 21 35 38 28 14 21 16 25 31 14 14 18 21 13 41 25 17 34 24 17 18 29 13 
26 16 23 13 14 18 11 19 37 42 22 7 29 29 20 17 23 26 16 20 22 34 17 30 19 25 25 28 22 21 20 21 27 17 23 21 26 16 21 9 17 20 24 19 11 26 22 43 11 32 22 20 14 38 22 22 24 27 15 21 17 25 18 19 28 26 22 21 15 22 25 24 19 20 13 26 35 13 26 19 10 20 19 16 34 22 30 30 11 19 16 20 16 23 20 20 30 42 7 32 31 12 16 20 32 29 20 23 16 18 11 33 32 30 32 32 14 20 33 13 
19 15 11 19 24 31 29 22 26 23 18 12 37 26 31 12 37 20 32 15 22 20 26 32 10 21 19 17 22 28 27 12 40 27 14 25 23 16 24 8 18 21 12 27 14 29 19 28 26 7 9 8 22 16 22 16 13 14 17 17 22 17 17 21 17 31 15 18 20 21 17 33 24 24 22 33 34 12 17 27 29 15 25 10 39 22 35 15 24 19 14 27 24 23 23 26 28 24 22 32 31 13 27 27 25 35 31 18 18 14 18 29 16 27 11 27 19 15 10 14 
24 17 13 12 16 20 21 19 31 13 26 17 29 13 30 16 26 13 35 21 37 14 21 18 14 28 20 12 16 38 15 9 29 18 22 20 16 28 23 17 22 15 22 17 28 21 16 20 19 20 24 14 10 18 18 14 26 20 14 17 26 19 13 17 30 22 16 17 9 30 18 37 21 21 15 15 35 20 32 31 28 24 18 21 18 13 25 9 34 14 10 15 43 12 26 25 23 36 17 40 21 21 22 21 32 34 25 28 12 15 26 38 21 15 38 38 17 14 21 17 
21 16 22 23 15 29 19 19 18 16 26 16 25 26 23 16 40 23 25 12 35 19 13 22 12 14 21 31 17 30 20 14 26 21 24 21 23 25 20 21 17 18 13 29 17 27 15 33 24 23 19 9 25 29 28 21 30 15 16 3 28 17 16 27 17 24 21 26 20 40 23 34 25 26 14 30 29 12 18 20 37 30 24 15 33 18 23 19 40 15 26 19 27 19 21 36 34 20 25 43 29 18 22 16 20 34 14 18 15 20 37 35 24 11 21 30 5 20 27 9 
27 15 27 18 22 29 31 17 26 24 10 16 40 20 16 13 33 25 10 13 36 17 28 12 19 28 32 42 26 21 32 20 16 27 17 13 24 28 18 16 14 16 19 24 23 29 17 23 30 19 11 23 9 21 21 22 31 26 18 18 34 21 18 17 20 24 8 25 23 15 33 31 24 27 19 25 32 11 24 33 37 20 23 16 26 19 27 27 20 13 26 27 23 11 16 29 19 27 16 31 21 13 25 18 36 16 21 31 15 19 28 25 25 16 26 20 6 10 26 14 
11 21 22 24 22 21 21 17 15 25 21 15 25 22 18 22 27 37 34 15 44 26 30 23 24 27 29 34 29 35 14 24 24 38 18 17 24 27 23 10 25 13 9 21 22 20 21 26 31 21 10 31 22 22 21 24 10 17 21 12 26 25 17 32 20 20 24 23 24 26 25 31 20 33 12 14 27 17 25 26 27 23 20 19 20 16 29 19 44 14 24 16 18 19 23 39 24 18 24 36 28 30 18 23 24 29 20 29 12 18 20 32 16 9 36 21 19 16 7 21 
19 17 14 12 18 27 6 11 30 21 20 11 10 25 30 23 28 39 38 12 31 32 26 24 17 21 22 28 15 25 28 17 19 24 16 18 25 15 19 21 18 20 18 19 23 32 21 23 20 36 18 29 17 30 25 28 19 19 26 18 25 19 21 26 19 28 17 18 19 29 29 30 25 24 15 15 30 24 19 25 13 30 35 26 32 19 36 17 31 12 21 26 27 26 21 35 30 35 22 27 22 25 17 18 25 28 28 18 11 20 6 23 39 15 21 22 15 12 32 12 
27 18 26 7 22 20 30 19 30 25 23 23 49 31 18 16 14 23 20 12 31 30 27 29 21 30 26 27 18 26 26 19 26 45 19 12 32 33 24 28 22 19 27 13 11 31 16 34 24 26 13 27 16 28 16 18 22 27 22 16 35 17 10 28 18 21 26 20 15 43 18 27 26 12 27 20 33 14 14 12 30 21 10 22 39 20 23 19 39 8 21 28 27 29 28 26 25 31 14 21 19 19 25 21 18 30 31 25 13 25 34 28 33 25 13 25 27 16 31 20 
16 15 21 12 20 33 18 17 30 26 19 11 26 27 19 14 22 18 21 17 34 16 22 18 9 26 28 36 19 17 28 12 32 21 20 23 23 34 23 22 5 7 13 23 25 10 16 33 26 32 12 19 12 14 20 10 30 26 16 9 30 20 19 22 21 28 19 17 18 7 16 29 19 29 12 21 26 12 29 33 34 25 28 12 26 15 29 15 30 12 26 27 10 33 16 39 28 34 15 36 21 15 19 11 29 17 20 10 20 22 19 35 21 25 21 31 25 10 39 21 
22 21 31 30 16 37 33 10 13 24 22 11 26 27 29 17 15 33 13 15 21 19 25 20 18 27 16 38 12 33 25 7 20 23 15 20 22 32 15 18 24 13 16 16 25 33 17 15 13 14 13 27 23 34 27 22 19 20 10 9 16 26 17 38 22 21 17 24 16 31 19 13 27 10 22 34 26 16 32 16 21 21 28 17 21 14 32 27 26 20 9 17 28 27 20 24 32 39 19 25 24 19 24 15 13 33 20 15 14 19 29 17 18 13 34 24 19 15 27 12 
8 22 30 30 9 24 33 11 34 31 23 20 39 26 23 24 26 14 6 14 34 21 18 18 20 21 19 36 23 34 18 19 24 22 19 28 33 19 7 16 13 11 19 24 13 27 20 30 25 19 18 16 12 12 11 26 24 30 21 9 29 13 16 23 21 20 23 27 14 27 27 10 30 32 11 22 27 23 19 23 27 35 22 17 21 20 31 16 25 15 19 24 13 23 20 24 27 31 21 7 20 22 14 14 23 31 24 22 11 19 17 18 29 33 30 24 21 19 26 13 
16 23 28 18 21 28 17 20 22 25 21 19 28 33 30 14 35 30 25 11 26 26 21 14 8 25 29 47 19 32 18 16 30 43 17 14 13 21 17 19 18 20 23 10 27 17 17 26 18 21 18 15 19 21 19 22 25 10 25 11 20 21 8 21 26 30 12 20 17 29 35 11 19 27 23 31 43 13 20 36 42 17 27 16 14 14 24 11 21 13 23 25 11 30 18 22 29 29 27 20 31 19 36 22 27 21 30 18 18 25 14 41 19 20 27 25 23 16 24 22 
26 13 19 16 20 25 33 18 35 26 9 17 20 32 28 8 35 29 21 10 31 19 24 26 20 18 17 36 16 37 29 18 27 26 21 24 10 29 18 22 20 19 11 24 23 19 20 33 28 24 14 27 7 26 13 19 11 24 16 24 19 19 13 20 24 27 13 20 16 36 30 33 12 19 12 21 37 13 13 23 35 32 22 22 28 18 38 22 41 14 14 40 40 21 18 49 22 32 17 41 24 12 29 22 16 29 18 21 9 20 33 29 25 21 33 17 8 12 37 16 
28 23 26 24 18 11 21 14 44 22 8 19 31 34 30 18 31 16 43 10 31 24 28 16 17 31 36 24 23 24 28 15 31 14 22 20 17 26 20 14 28 11 11 10 19 23 20 34 26 25 25 20 7 18 19 17 20 18 26 11 24 17 11 14 10 10 13 22 14 35 24 28 15 15 10 32 28 16 20 13 30 23 29 19 12 25 23 8 39 13 18 28 23 18 30 41 24 33 21 43 25 13 32 21 37 23 17 32 10 17 28 31 26 27 24 22 12 12 15 16 
20 17 20 28 15 12 14 11 33 26 9 16 34 30 26 14 35 27 33 21 20 23 30 11 19 16 31 29 20 19 12 13 16 17 19 18 23 22 28 12 23 18 22 23 17 15 20 37 25 21 12 22 9 14 14 21 16 16 22 15 21 28 6 24 25 38 22 9 18 24 31 22 29 28 29 30 35 21 20 32 35 35 14 13 31 25 26 17 19 10 11 28 24 24 19 23 33 24 12 30 28 9 15 20 20 16 21 26 10 30 30 37 17 14 26 19 20 15 36 14 
16 25 20 19 23 19 27 23 25 30 27 9 32 37 21 23 32 39 33 15 20 22 28 13 19 32 27 37 33 21 14 15 28 32 20 18 18 32 26 17 20 12 25 27 18 23 15 13 18 22 17 25 13 24 9 14 21 19 23 17 14 14 13 20 25 17 15 21 16 12 21 29 29 36 16 27 20 19 23 18 30 30 30 20 19 20 20 21 33 11 21 21 29 23 28 31 23 30 25 47 18 20 27 15 13 38 25 26 14 16 38 24 23 18 35 30 25 16 40 17 
25 21 27 23 13 27 35 7 11 22 17 18 20 26 37 15 27 43 24 15 28 19 25 27 19 29 28 18 26 20 26 12 33 15 21 23 25 17 31 11 29 15 15 27 19 22 24 24 26 25 16 26 23 25 23 18 27 11 13 15 20 21 22 31 19 30 15 23 14 29 32 36 38 12 15 29 15 15 35 20 30 13 28 18 21 16 25 18 25 17 18 30 33 19 15 43 15 39 18 28 32 23 19 16 22 31 22 27 25 26 22 31 28 20 21 25 14 18 26 15 
39 18 19 31 12 35 24 24 26 21 25 13 36 30 21 25 28 38 18 18 31 29 29 28 21 12 27 24 25 26 25 23 23 23 11 17 19 28 16 21 15 11 20 12 18 21 18 13 17 26 18 29 23 18 12 14 20 12 16 14 25 27 14 14 29 26 29 19 17 40 19 27 13 21 19 37 46 11 25 29 29 30 23 18 34 21 27 32 21 16 22 24 28 25 15 19 17 27 19 34 14 7 23 13 37 15 25 35 19 16 23 26 15 28 18 27 27 12 30 20 
21 24 21 22 15 23 19 12 28 23 11 21 24 19 36 15 32 24 21 14 32 25 26 18 14 18 27 27 18 23 26 13 23 30 29 14 23 15 22 25 35 15 20 11 31 32 20 26 23 35 17 32 21 24 25 18 5 17 11 18 29 16 18 16 18 15 14 20 23 28 31 19 16 29 18 30 43 21 25 14 35 26 27 22 27 18 12 11 27 15 16 24 19 38 22 20 22 26 9 25 29 14 18 17 28 23 21 40 16 15 29 38 10 6 21 36 26 16 34 12 
18 26 19 26 14 23 36 29 24 19 24 13 34 16 23 20 16 18 26 18 9 25 16 13 11 27 35 38 34 21 16 18 31 28 14 10 16 32 26 22 28 12 27 14 15 29 19 21 23 34 13 12 16 14 26 23 28 14 18 14 22 19 17 19 26 27 8 24 17 32 22 30 15 28 18 35 36 9 26 3 32 31 27 21 17 9 17 24 35 25 21 16 23 25 27 27 20 14 17 26 19 13 20 21 30 31 28 27 19 16 25 25 13 24 30 28 15 12 26 8 
25 20 10 30 14 16 17 27 20 29 26 11 30 30 26 19 28 45 37 17 29 12 21 25 4 34 24 39 27 20 21 15 30 31 27 18 34 29 25 23 25 11 13 19 26 25 14 16 29 24 13 21 16 20 25 15 21 12 27 12 15 16 16 23 22 24 17 23 11 31 24 21 27 22 25 26 18 14 30 26 30 31 15 18 32 17 24 25 19 24 30 18 43 23 22 34 34 36 33 4 34 4 25 25 24 10 28 30 17 15 21 6 19 19 25 29 16 20 24 20 
27 14 18 28 16 21 33 18 36 23 12 9 27 23 16 26 37 34 24 17 50 22 34 28 6 27 26 35 26 19 28 15 24 37 17 30 23 19 33 16 20 16 20 12 33 14 25 32 29 19 15 17 22 30 26 21 7 21 15 10 26 26 18 14 13 18 19 20 14 25 13 27 26 25 10 36 34 14 13 22 36 22 31 15 38 25 23 19 15 14 25 24 17 22 18 10 20 41 23 42 27 16 31 15 33 43 15 30 9 20 32 24 20 14 44 17 22 15 44 12 
26 21 8 33 11 20 31 23 24 20 14 23 37 26 38 12 34 25 30 11 24 28 31 23 17 16 27 19 23 25 32 12 16 32 21 14 22 20 16 24 20 25 14 12 12 24 22 30 34 20 17 19 16 23 17 25 20 20 26 11 33 21 24 20 17 32 20 24 15 32 34 27 21 19 17 39 37 17 24 24 31 21 11 8 27 22 17 22 27 13 20 18 21 21 19 33 36 43 9 44 28 16 21 16 25 19 19 15 11 16 24 21 17 24 14 29 28 16 23 19 
32 18 30 28 10 16 34 21 17 26 14 20 28 16 16 19 31 30 37 18 24 24 25 22 16 22 37 26 19 28 33 19 22 10 31 17 25 23 24 23 19 15 20 15 24 10 13 35 19 32 22 16 13 20 7 26 20 18 19 18 23 25 15 27 13 16 18 22 14 24 21 37 31 30 25 22 22 17 23 11 28 34 22 19 37 16 33 19 21 16 27 27 14 10 19 17 35 26 16 30 17 19 19 18 34 19 24 29 13 20 21 30 27 15 24 30 13 14 27 13 
10 16 13 26 7 33 41 19 34 17 22 13 29 22 26 13 35 33 45 13 28 28 29 20 19 23 32 31 23 26 36 16 35 38 21 19 25 26 19 20 20 11 15 15 16 19 14 35 22 24 16 16 19 24 10 24 20 27 25 12 24 23 14 17 17 26 16 13 16 21 33 43 27 28 16 25 19 14 18 15 32 26 15 26 29 18 21 11 26 16 12 31 14 22 26 22 11 36 13 13 20 13 32 21 20 33 25 26 24 20 12 16 14 28 35 24 16 14 21 9 
19 24 13 27 16 30 17 18 21 33 15 17 40 32 27 20 35 34 32 20 35 12 19 20 18 21 22 33 31 12 26 26 22 33 19 14 27 34 28 22 19 19 12 20 30 28 19 30 27 26 21 20 22 21 31 16 18 24 21 18 25 19 12 11 27 20 20 22 8 23 31 21 24 25 19 33 26 19 13 32 36 35 27 25 32 17 22 27 31 11 6 22 32 25 8 22 24 33 25 36 26 24 18 27 35 26 11 20 17 18 26 23 24 18 30 21 18 14 45 19 
31 21 15 13 15 40 32 18 22 23 18 18 30 30 25 13 8 33 21 15 25 15 26 29 19 27 29 11 23 24 43 23 30 40 18 16 18 32 21 11 8 20 21 16 19 28 19 33 21 36 18 17 17 12 19 18 18 17 24 12 27 9 15 22 16 23 14 17 11 22 27 18 25 30 14 29 22 10 19 23 35 14 22 17 30 19 19 20 18 12 13 19 27 33 6 27 19 47 18 36 24 25 21 33 20 18 26 29 18 20 19 34 26 22 30 26 14 14 23 11 
27 23 14 29 16 33 24 10 25 22 25 15 34 23 25 14 28 44 34 15 19 21 19 30 18 21 31 18 33 10 12 22 22 34 15 16 21 29 14 15 23 17 14 12 29 27 17 29 19 32 18 20 19 28 34 22 18 22 26 7 18 20 20 15 18 19 12 17 17 41 24 31 30 25 9 26 28 13 20 42 34 40 30 26 33 25 30 25 67 12 15 31 11 33 19 25 28 24 18 30 27 14 29 24 27 24 8 31 14 26 15 13 20 11 26 23 16 22 17 13 
24 16 14 28 14 24 39 21 22 31 23 11 21 28 31 28 16 25 16 17 22 20 18 26 18 12 33 6 36 34 37 15 24 39 24 17 30 36 18 27 18 14 11 15 24 26 19 26 20 12 19 25 23 28 28 17 18 4 21 12 26 16 13 22 18 24 25 23 16 28 38 34 28 35 22 25 26 13 20 12 30 28 26 23 36 17 31 27 32 11 17 18 12 21 27 20 29 36 31 35 23 23 21 14 23 20 22 34 16 15 20 24 24 27 35 23 13 19 18 20 
26 18 24 28 15 26 27 19 32 31 18 17 25 25 12 20 28 16 26 21 39 23 24 30 17 19 30 27 32 30 32 14 17 32 21 18 27 29 20 16 15 12 11 8 27 31 24 34 30 19 19 24 17 19 22 28 18 18 19 11 37 13 18 18 13 31 27 24 24 38 18 29 21 26 20 32 29 25 27 30 23 32 14 17 28 11 32 19 33 18 23 16 19 26 19 35 16 21 27 18 20 16 25 25 25 36 15 23 19 10 18 31 17 21 24 23 21 12 37 10 
40 19 21 19 22 17 32 20 26 23 26 12 25 18 24 20 31 20 25 17 42 24 26 27 19 12 9 18 24 30 28 13 20 34 21 23 24 32 19 13 18 14 14 15 12 22 27 24 23 28 16 30 14 33 24 18 34 12 24 16 39 22 16 10 21 34 18 13 15 28 19 30 15 41 27 25 27 11 25 27 43 20 27 16 24 13 34 16 29 9 20 29 30 32 16 43 28 30 31 30 21 21 25 22 10 32 11 13 23 22 17 27 18 29 33 25 10 16 22 15 
37 15 22 33 17 39 35 14 28 30 11 17 36 18 31 16 41 22 27 16 23 27 13 21 19 20 27 43 22 19 31 14 19 11 19 15 24 18 27 20 25 19 10 22 34 23 20 13 16 17 16 15 23 11 12 18 22 21 30 14 33 17 12 32 21 32 15 11 18 27 26 18 19 29 20 38 30 19 22 12 16 18 20 20 10 27 16 9 33 15 20 23 14 36 24 26 32 49 28 36 20 17 17 20 25 38 31 25 29 22 18 34 26 18 35 25 18 19 29 12 
33 22 5 18 11 36 16 17 24 21 29 20 26 22 13 12 29 33 39 17 21 27 19 38 13 26 30 32 34 32 26 19 22 29 17 11 23 36 20 18 21 19 13 21 19 24 23 22 18 42 20 30 7 25 23 17 22 28 16 13 28 21 18 18 23 27 4 10 14 26 25 30 24 22 25 18 36 15 27 19 35 24 24 19 28 19 14 21 36 13 26 33 17 22 12 37 20 36 20 32 28 21 27 25 32 24 23 27 8 23 25 25 18 19 34 28 18 15 40 22 
14 16 25 24 12 21 2 18 24 20 22 17 40 28 23 13 25 20 30 16 16 38 28 20 16 32 40 31 24 25 24 14 14 26 16 26 23 36 12 27 29 13 22 15 25 12 14 21 17 24 14 13 11 27 20 23 19 20 20 10 27 19 20 15 19 30 20 20 19 43 32 31 15 32 18 34 39 8 23 32 42 19 19 21 31 19 34 20 39 15 20 20 10 34 16 27 25 17 12 21 29 10 22 18 24 21 27 28 9 25 32 36 20 13 32 25 22 11 39 22 
25 18 20 21 27 29 28 21 28 30 19 12 41 19 32 17 28 47 30 11 23 21 25 25 21 23 31 34 20 23 19 12 11 21 16 19 29 21 18 29 19 20 20 13 25 25 6 22 23 28 13 28 25 22 18 15 15 29 12 18 20 18 21 21 20 38 22 10 24 24 18 29 18 22 19 28 39 17 19 26 33 33 24 23 24 11 29 16 40 13 11 34 13 26 18 27 23 27 15 26 28 14 39 23 16 24 19 28 13 21 25 28 24 21 45 29 19 15 30 8 
31 17 27 27 11 25 33 14 32 28 18 13 46 21 31 18 15 43 27 12 39 31 18 16 20 13 24 39 16 12 27 23 14 31 14 23 13 28 17 17 20 13 10 18 22 24 8 31 18 19 15 22 9 26 16 16 31 21 18 14 22 18 18 20 20 33 23 22 19 38 25 30 34 18 14 33 32 17 21 27 38 28 32 16 20 15 20 17 30 11 23 30 36 23 12 26 20 20 19 26 20 12 14 23 38 40 14 35 16 25 30 35 21 14 30 17 21 17 31 17 
34 6 5 30 16 22 30 4 16 23 21 12 46 14 16 13 30 16 30 19 27 26 19 33 12 19 24 24 34 27 33 21 28 22 18 23 31 3 27 15 21 18 17 17 14 25 20 37 23 25 11 22 17 22 29 24 18 18 18 19 16 23 24 22 22 20 11 8 10 37 23 32 24 12 16 38 30 17 20 23 16 27 30 20 30 15 26 8 33 17 13 22 24 16 16 35 31 18 23 31 30 6 23 24 33 32 16 35 17 27 24 12 22 22 29 22 14 13 20 15 
15 11 5 24 17 30 31 19 31 23 23 18 27 20 22 20 24 24 34 24 22 23 20 13 15 33 30 32 9 27 21 20 8 39 27 18 33 31 27 19 33 14 16 16 23 26 21 22 10 21 27 23 18 21 18 7 21 21 27 16 21 19 16 19 30 17 18 17 20 26 27 24 29 29 21 43 42 17 6 25 30 15 13 22 18 16 25 17 35 18 19 25 24 30 11 31 35 43 13 21 18 25 12 9 43 18 23 21 13 17 23 26 32 19 23 26 21 17 36 20 
21 23 29 28 23 29 25 22 24 31 12 18 22 40 25 13 27 36 34 15 35 14 21 32 13 28 23 12 26 19 24 22 21 29 20 16 21 27 14 18 22 7 20 12 22 22 19 31 18 23 11 26 17 19 19 30 24 19 29 10 16 26 15 7 30 33 21 18 16 33 33 26 21 32 22 26 22 14 29 38 25 29 26 26 28 10 16 28 38 12 27 21 23 8 16 32 52 34 25 28 22 18 22 28 23 29 27 26 23 19 16 19 26 14 22 38 10 23 26 14 
23 23 24 29 11 29 18 23 19 16 8 12 39 20 29 11 44 25 17 27 28 34 20 25 19 14 24 19 31 11 23 18 22 25 16 19 34 21 21 13 19 12 15 19 14 22 16 26 27 29 19 33 20 26 26 4 18 24 16 10 18 24 23 23 17 27 22 27 14 27 30 14 23 27 17 38 18 17 31 21 19 20 28 17 30 21 21 17 24 18 14 21 28 17 14 34 27 20 20 39 23 14 30 21 23 31 34 23 20 22 27 29 10 17 35 30 24 12 25 13 
27 10 8 16 18 16 39 15 29 11 24 17 39 12 24 15 43 32 37 10 39 31 16 32 17 25 26 15 20 27 20 17 28 41 19 17 20 33 27 19 12 16 23 22 22 30 28 22 24 25 14 30 20 28 25 22 12 17 9 10 24 17 13 25 17 16 18 17 15 19 28 22 18 16 19 41 27 11 20 30 37 24 24 20 26 26 34 16 33 16 15 20 28 30 16 36 11 26 23 18 29 22 18 17 31 27 29 25 24 15 20 27 23 24 41 17 8 20 48 14 
42 14 25 30 19 23 20 18 37 28 22 26 37 27 16 15 7 34 18 10 32 37 25 31 13 27 34 37 18 33 19 18 29 32 15 11 30 32 20 12 21 13 13 19 15 20 20 35 16 26 14 30 14 30 11 18 12 18 32 18 34 21 17 23 17 19 23 11 14 19 25 32 27 26 13 31 17 14 23 23 23 18 25 13 26 23 26 17 25 19 16 31 20 11 15 25 30 16 15 26 28 18 24 22 17 14 10 25 11 11 24 23 15 19 33 27 20 19 34 16 
18 16 17 29 17 16 36 21 17 17 32 22 23 27 24 11 46 21 39 16 26 19 11 17 18 21 18 29 13 25 34 17 36 29 26 16 20 16 25 18 21 20 22 14 18 19 16 26 23 20 16 30 12 19 21 18 23 37 14 12 17 19 22 28 17 26 20 15 15 28 19 26 24 21 17 25 35 19 20 32 25 9 15 19 21 10 35 22 23 10 29 17 18 16 15 38 26 27 11 31 17 15 19 21 31 30 29 11 13 12 29 19 28 15 18 22 15 20 18 19 
46 24 2 20 16 19 32 20 18 22 16 23 27 32 34 20 28 23 29 16 34 25 23 19 16 24 28 51 14 26 30 14 10 25 23 18 12 36 29 12 11 24 17 12 24 17 24 31 28 9 15 14 23 21 23 21 22 27 20 17 22 20 16 7 18 26 13 4 21 29 18 20 25 26 18 21 34 17 24 17 31 20 17 19 31 17 23 21 24 18 19 13 25 18 9 18 25 45 11 17 25 26 19 24 15 30 23 25 24 20 20 33 24 28 27 38 15 11 25 15 
28 23 18 34 16 38 35 18 22 25 17 15 21 18 33 19 20 27 31 14 11 33 23 24 20 26 32 27 21 23 26 17 20 25 15 12 14 34 19 15 13 21 17 17 17 18 23 23 18 18 9 24 12 12 19 19 30 18 19 18 28 6 16 16 11 24 24 22 13 35 30 41 22 17 24 33 25 18 25 25 42 35 18 24 24 13 19 19 33 13 7 18 23 30 22 24 10 14 13 15 23 13 34 15 39 20 24 39 21 20 27 25 14 18 17 35 22 8 27 9 
31 21 21 28 12 30 37 15 19 29 35 19 34 29 24 19 30 20 23 24 22 35 19 23 14 19 36 28 38 14 18 17 19 37 22 15 28 34 20 14 19 14 11 17 20 15 14 26 27 23 15 27 11 17 16 13 29 30 14 8 30 19 17 18 14 19 16 18 11 36 30 40 30 30 13 37 31 23 36 21 42 22 18 8 26 17 24 19 14 17 26 15 24 14 12 28 34 42 19 34 31 28 28 10 48 31 18 22 17 16 27 19 22 35 28 19 19 8 24 12 
30 23 18 18 18 35 31 19 28 29 22 20 23 18 20 24 24 28 27 14 15 18 19 17 8 23 28 39 23 21 28 13 26 16 10 10 30 23 18 15 15 18 13 13 16 22 18 30 20 31 19 22 10 14 25 18 19 27 19 12 18 26 16 23 17 32 14 25 21 19 21 14 31 27 17 28 37 14 20 17 28 33 16 10 37 21 32 27 20 20 23 18 23 31 22 11 33 42 11 39 17 16 17 25 45 32 23 39 12 19 24 23 34 22 35 24 19 13 17 13 
26 23 8 22 9 35 16 17 31 23 20 14 22 35 26 18 31 24 26 15 33 28 28 25 16 19 14 36 12 25 38 13 21 37 20 19 23 24 23 23 28 18 14 26 14 34 6 27 15 18 13 9 16 24 25 18 14 18 21 10 23 21 17 15 19 25 10 18 19 40 33 24 24 30 20 29 25 13 21 30 17 28 32 19 29 21 23 16 29 5 12 16 26 29 31 27 28 18 18 29 16 23 31 18 34 51 9 19 22 12 19 20 19 15 33 25 22 15 24 9 
24 25 16 24 18 24 28 14 19 15 27 19 23 25 37 21 31 32 22 16 39 30 23 22 14 26 25 30 18 25 35 14 30 21 28 11 26 27 20 16 23 15 20 16 28 16 19 38 17 22 20 23 10 26 12 17 24 19 9 21 27 16 17 20 19 24 9 17 17 25 20 24 21 23 7 38 32 11 28 31 25 34 32 18 46 20 9 15 27 13 17 13 12 26 25 26 15 14 23 26 28 14 14 9 19 21 19 36 11 23 20 28 22 23 22 23 16 17 22 15 
29 20 23 24 17 31 38 21 33 30 25 15 44 14 29 21 18 37 36 14 24 34 26 31 15 19 25 36 24 32 22 10 24 31 13 23 28 33 31 18 10 14 22 27 27 15 18 27 31 24 8 21 18 26 18 20 16 14 9 18 33 22 13 20 18 28 23 22 12 25 28 24 19 10 11 30 25 15 21 37 34 16 18 16 38 11 26 16 39 15 18 20 11 22 22 21 15 26 17 44 16 18 21 23 42 30 10 17 12 17 13 37 19 16 36 31 9 12 33 18 
27 13 21 21 19 25 21 16 37 13 28 21 22 23 22 19 14 20 34 7 36 21 32 32 12 10 11 37 17 21 25 10 18 25 8 12 31 27 13 18 32 19 9 13 16 10 19 20 31 24 5 23 17 19 30 15 31 29 20 14 23 17 18 24 27 12 13 22 16 35 22 12 28 21 13 33 30 13 26 26 23 20 21 18 25 19 15 16 27 14 19 25 35 30 12 20 20 32 25 11 22 16 33 20 21 26 18 44 16 16 39 18 24 14 28 18 15 22 19 11 
42 18 21 32 17 35 25 6 19 20 18 16 40 29 26 18 10 44 27 13 36 29 24 14 17 18 24 35 23 33 15 19 22 37 12 14 19 28 18 14 28 17 20 14 7 22 19 37 22 16 24 19 19 28 25 26 28 30 25 9 16 19 14 29 25 23 17 18 12 22 19 34 13 32 17 25 37 11 22 25 26 29 20 13 29 12 12 16 21 12 23 34 32 25 17 29 20 18 30 26 31 23 27 22 36 33 14 27 9 24 22 28 26 22 21 24 21 14 28 17 
27 18 30 23 18 22 25 27 32 30 18 21 28 28 22 13 31 36 21 22 25 22 23 25 9 16 20 35 19 24 34 20 30 16 29 19 24 21 6 24 26 19 18 24 17 16 19 27 26 15 7 16 14 17 27 10 27 27 20 17 13 23 18 23 13 17 19 16 17 31 24 25 22 15 17 32 34 31 21 17 42 17 20 13 40 24 31 18 34 22 14 27 22 35 19 30 26 23 20 42 21 19 16 20 24 31 11 23 15 15 17 34 24 24 33 26 19 12 23 15 
31 11 22 18 14 29 36 13 28 33 21 12 33 26 11 12 25 30 22 14 20 24 22 29 12 31 34 23 29 26 21 19 31 44 17 15 11 22 25 13 16 15 27 16 24 32 33 38 20 27 20 25 25 23 15 10 18 20 11 20 43 15 15 30 17 16 21 25 15 24 26 18 31 21 21 32 30 16 18 35 19 39 7 7 40 16 38 14 30 8 23 26 34 12 19 29 20 40 20 29 17 20 34 38 33 26 21 29 24 13 19 26 23 19 20 18 17 19 33 7 
24 14 18 12 17 17 17 14 21 37 25 10 28 20 26 9 25 21 31 18 27 17 26 27 16 28 16 22 22 23 21 17 17 13 14 15 25 15 28 18 22 16 13 10 13 22 24 21 32 20 15 20 15 34 29 16 18 19 20 20 35 15 17 22 19 26 24 14 20 34 46 25 27 26 15 49 27 14 23 20 29 24 16 17 31 17 21 17 40 9 14 20 25 23 13 30 21 15 18 29 24 19 21 27 33 27 15 22 10 21 36 47 24 24 29 25 6 13 21 15 
40 17 17 17 11 27 48 33 29 20 18 18 37 22 29 22 26 33 33 14 34 23 31 31 12 23 32 45 29 30 33 8 27 19 22 19 30 17 23 19 12 15 25 7 21 31 22 15 37 15 16 17 19 23 29 14 22 14 13 17 28 22 16 29 18 26 15 20 19 27 32 28 17 17 21 40 25 20 21 27 20 27 21 7 25 14 20 21 30 17 12 21 25 30 11 31 46 40 17 36 37 10 25 15 23 20 13 29 30 23 28 27 23 22 32 15 22 19 21 15 
27 17 20 28 17 24 33 24 31 35 11 18 39 14 24 21 31 39 27 11 35 23 25 16 16 15 28 22 35 12 23 23 34 36 18 17 28 51 28 18 16 21 20 23 29 21 25 23 19 25 16 22 16 24 29 23 18 18 29 17 39 25 19 18 25 34 25 18 17 27 18 37 18 24 21 32 27 21 16 23 28 26 29 14 22 17 25 21 32 19 31 26 38 20 15 36 28 18 22 30 28 18 25 13 37 23 21 33 15 16 21 24 31 19 31 14 20 16 23 8 
30 16 19 21 16 26 13 25 26 22 29 12 35 24 23 16 26 28 36 16 24 18 16 15 10 32 20 30 21 26 21 12 30 26 19 20 18 17 13 6 10 9 18 14 17 19 20 34 33 21 19 24 12 33 24 29 12 26 27 11 14 19 17 15 26 16 15 25 14 30 24 23 16 28 19 39 42 12 26 21 35 21 30 20 34 21 24 16 21 5 20 25 27 31 24 38 25 29 22 25 25 10 11 17 20 26 19 26 14 15 26 27 23 18 32 30 12 18 9 19 
20 26 18 22 17 31 24 22 15 28 27 15 33 30 28 10 31 38 41 13 46 28 26 19 13 33 25 35 25 15 25 10 23 34 25 20 13 41 25 15 21 12 19 25 14 25 11 32 24 22 21 16 21 22 15 14 12 21 11 13 38 23 14 17 14 19 18 20 10 35 33 27 37 23 19 33 32 15 30 25 34 22 19 13 23 12 15 16 34 25 18 17 17 23 27 31 26 24 15 35 31 20 23 21 22 28 23 30 9 21 11 28 19 19 44 30 25 15 24 18 
22 20 27 28 15 32 27 19 25 30 20 17 32 21 26 16 20 26 20 12 41 35 30 21 10 19 33 20 17 26 27 11 25 30 21 11 29 21 30 17 21 16 25 19 14 21 22 30 18 30 15 25 20 17 21 9 20 17 22 17 21 22 20 14 20 26 14 21 14 31 23 45 29 34 20 30 12 15 27 18 19 9 30 16 23 17 22 21 23 11 26 19 10 21 27 29 25 10 17 29 11 17 27 16 39 35 17 29 10 21 29 18 17 25 27 11 20 14 32 18 
21 12 20 26 11 18 16 21 29 20 28 20 33 20 18 15 22 22 34 18 36 11 22 16 14 32 25 33 32 35 17 21 31 26 14 21 20 31 20 21 15 14 22 30 23 20 20 32 28 18 9 31 15 21 23 19 30 21 16 16 24 20 10 32 18 21 12 18 20 34 32 30 21 21 10 26 44 13 23 8 18 23 28 16 29 18 24 25 36 19 14 23 12 40 18 37 30 18 21 24 16 8 29 12 33 40 29 19 19 20 18 31 18 27 41 40 15 23 28 15 
30 21 19 21 17 22 30 16 28 25 21 17 29 9 34 18 22 44 33 16 36 32 22 16 20 13 31 25 24 16 35 15 33 43 16 21 35 23 25 18 15 17 18 24 18 29 25 41 28 25 19 22 12 16 19 23 33 28 19 11 41 18 15 24 15 27 20 24 19 33 30 16 28 32 21 34 31 19 30 22 39 16 27 10 18 24 27 20 48 22 9 13 21 27 25 28 24 29 24 33 20 18 26 28 28 29 23 21 14 16 22 26 27 18 23 28 18 15 18 18 
29 16 21 18 19 23 24 12 27 33 17 13 33 22 20 14 24 24 21 21 25 28 9 21 18 17 28 14 21 29 36 18 29 34 8 20 22 29 17 18 11 12 22 11 11 30 20 29 10 30 24 16 22 20 21 16 17 29 19 10 46 21 15 25 25 25 21 20 17 29 18 18 31 15 23 25 16 17 25 18 32 23 14 26 32 14 24 19 38 15 22 10 26 22 17 40 26 23 18 23 30 18 14 32 22 39 25 37 10 20 23 31 30 16 22 29 17 17 29 12 
33 9 19 31 13 23 34 20 21 16 18 9 29 14 18 24 39 22 44 11 35 20 31 17 12 18 26 39 28 24 32 7 30 19 10 21 11 24 12 28 24 12 12 24 10 21 19 33 23 22 14 26 13 25 24 24 21 26 17 8 27 14 16 16 18 23 14 10 9 21 34 38 32 31 11 38 27 23 17 17 28 27 23 17 26 15 29 13 25 15 9 34 26 18 22 34 29 27 17 22 27 21 29 22 20 26 21 27 12 20 29 29 17 15 15 24 20 20 16 6 
37 13 24 29 10 19 23 25 24 32 15 14 21 17 28 21 26 19 33 11 26 23 34 15 10 25 31 34 34 22 27 18 27 29 14 27 31 27 15 14 28 17 8 14 22 19 22 35 32 16 9 21 19 16 17 29 23 20 23 18 43 13 20 22 28 26 17 23 12 20 29 48 18 19 17 48 33 17 24 30 27 27 29 18 35 14 21 23 37 14 18 15 16 24 16 22 23 25 12 21 18 11 20 28 31 16 37 29 26 15 21 22 15 28 33 17 22 21 30 18 
37 19 22 34 11 20 32 11 29 34 19 21 25 28 23 24 23 35 32 16 29 27 8 16 17 26 26 43 28 19 17 21 29 30 13 17 28 37 24 12 26 20 11 20 30 24 21 31 35 23 15 20 18 30 30 3 16 20 24 12 22 20 12 26 17 23 14 19 22 37 17 11 26 24 11 35 33 16 22 26 28 38 28 23 26 38 16 16 48 15 30 21 26 17 21 21 20 40 14 37 18 20 29 15 38 18 18 28 27 15 29 36 29 21 37 30 14 14 39 16 
25 18 23 34 15 42 26 22 23 28 13 17 44 27 20 21 23 25 26 11 35 20 11 27 10 19 18 28 25 18 27 26 35 20 15 14 19 39 10 21 24 10 17 16 15 18 17 17 23 35 8 27 29 23 17 14 11 24 16 20 22 22 16 15 12 30 20 15 20 21 10 21 22 20 14 50 34 12 28 10 25 28 21 14 29 15 20 28 40 11 21 20 41 20 16 25 33 21 21 20 28 10 25 21 14 37 29 21 10 19 23 22 28 23 43 32 21 11 27 14 
17 10 12 13 22 22 30 15 18 20 14 14 23 19 41 16 22 28 29 21 15 5 25 29 10 14 35 34 13 37 28 18 25 38 18 14 29 29 27 13 21 18 19 18 20 25 14 30 28 25 25 18 16 23 22 11 20 19 18 12 12 21 19 21 31 20 26 13 22 29 19 23 18 13 19 54 20 13 5 25 35 32 27 15 23 19 33 13 32 19 22 16 14 27 11 23 22 18 13 26 19 14 29 14 16 36 34 37 18 16 32 40 20 22 19 20 17 16 30 9 
32 18 20 15 18 39 30 25 27 29 21 13 34 21 23 19 14 49 35 17 25 11 23 17 21 23 25 29 31 30 34 20 25 19 21 12 19 34 14 23 23 14 24 12 18 30 29 32 23 22 16 20 16 16 25 17 19 27 9 14 35 20 16 23 28 25 24 23 21 31 13 36 36 22 13 27 27 15 17 28 30 13 31 14 36 18 32 16 41 21 18 20 23 21 10 30 23 29 4 38 21 20 17 24 18 19 16 20 16 13 22 16 26 19 40 24 18 17 13 12 
32 18 22 26 15 30 24 12 25 27 11 8 16 35 20 27 38 26 28 19 17 38 26 33 12 20 8 18 23 34 30 7 22 29 24 16 24 27 22 13 20 19 28 14 13 26 20 7 20 21 15 19 20 9 30 18 11 23 17 14 30 28 10 13 21 24 17 17 21 36 17 28 1 39 18 29 32 16 19 30 32 13 23 22 34 19 30 17 31 16 19 16 24 23 18 28 20 41 17 29 7 4 26 23 31 33 20 24 10 18 21 22 31 19 47 12 21 18 31 18 
13 16 18 16 13 27 19 6 16 20 10 21 29 13 32 23 46 30 27 15 19 19 22 33 19 36 37 30 32 18 15 13 38 26 19 22 23 44 19 22 13 22 7 17 18 19 22 21 24 32 17 19 13 26 26 21 10 6 25 23 23 18 18 15 20 21 19 15 21 29 12 32 16 38 23 22 43 16 21 21 28 25 26 21 19 14 34 8 27 14 10 21 27 23 16 32 30 32 23 35 18 13 22 22 26 42 24 38 26 12 25 25 15 24 12 24 26 21 27 7 
21 7 23 20 21 24 19 19 20 26 20 18 28 22 11 15 44 34 7 12 18 34 21 25 20 26 18 31 35 21 18 14 25 31 27 22 24 22 15 24 10 14 18 16 16 16 25 19 25 13 29 29 18 21 20 22 19 20 24 7 23 16 18 19 16 22 22 21 18 34 34 26 16 26 23 30 30 13 21 26 27 44 16 24 27 25 21 13 37 14 21 24 38 20 19 42 23 28 30 22 32 21 24 18 21 23 13 24 17 11 18 23 25 13 38 34 23 20 42 15 
33 19 6 20 11 27 32 21 36 23 27 19 29 20 20 17 23 33 32 16 16 27 22 28 19 16 20 31 26 22 21 13 34 26 16 22 25 22 23 18 23 16 27 15 32 32 15 16 31 33 21 15 19 23 22 10 22 17 9 19 35 24 20 20 21 25 17 20 19 28 38 34 22 33 23 20 13 15 21 27 30 14 22 18 32 14 36 5 23 14 16 25 36 31 11 29 20 36 9 37 19 20 21 20 20 32 20 17 12 23 16 28 24 28 19 37 26 12 30 19 
24 15 12 23 17 8 23 23 19 25 29 16 44 23 30 22 27 32 28 21 31 22 17 17 16 29 11 31 18 29 26 22 27 22 12 19 22 36 21 15 27 20 19 14 21 17 21 21 25 26 14 17 15 27 28 8 18 14 18 19 27 20 17 14 5 20 11 17 16 33 25 24 22 22 16 16 36 17 20 14 36 22 25 28 19 14 21 28 36 9 34 18 24 23 18 33 36 24 25 16 26 13 14 25 38 25 25 26 15 13 29 37 17 21 20 26 14 15 34 15 
21 15 25 32 18 17 30 23 28 2 16 9 30 22 38 14 17 42 29 19 16 31 21 20 18 26 41 44 28 23 31 20 36 25 18 19 17 35 24 11 13 19 14 13 34 29 13 34 22 24 28 29 17 24 24 10 26 18 25 14 33 21 15 21 15 27 22 24 17 38 12 31 34 24 23 38 24 20 21 26 26 22 17 10 23 16 20 15 36 16 13 14 25 26 21 13 27 32 17 29 21 17 27 9 32 24 23 24 26 18 37 29 18 13 19 19 15 21 17 15 
21 23 27 22 20 31 6 23 11 35 23 16 25 24 32 19 28 40 12 14 30 22 24 26 14 29 22 30 28 22 27 17 21 28 19 16 19 23 15 8 11 13 18 21 24 19 21 21 30 25 21 25 20 16 18 24 18 4 24 7 10 26 9 10 17 26 17 26 19 38 12 31 19 25 9 29 20 17 21 17 34 21 27 22 44 14 37 11 11 16 27 13 29 32 22 20 33 34 25 45 24 16 16 19 27 27 11 29 17 14 16 25 20 13 21 25 14 15 38 14 
23 17 19 18 17 29 29 9 31 30 16 16 21 34 17 9 27 24 29 13 17 18 29 17 16 20 28 26 24 22 30 17 27 24 13 18 31 43 17 26 24 19 12 11 12 31 22 33 24 28 25 27 16 22 20 19 26 18 12 15 16 13 7 21 17 26 16 29 14 29 26 29 29 23 8 28 42 15 24 28 35 21 29 11 21 24 23 23 37 12 19 25 22 35 22 29 29 33 16 20 22 18 31 17 26 28 18 22 18 16 25 11 22 18 26 17 16 14 24 10 
24 20 18 24 11 28 20 22 29 24 15 20 1 19 33 17 17 30 30 8 21 19 27 23 20 19 33 43 15 17 15 20 16 29 21 15 20 29 30 18 17 18 17 23 22 24 22 26 24 15 19 17 22 14 25 19 5 11 23 17 31 27 9 12 17 29 20 22 19 31 25 34 33 28 13 20 45 17 23 25 25 16 23 18 22 21 29 22 20 13 17 30 27 22 12 28 21 23 16 37 30 16 23 23 19 18 23 10 15 12 28 27 25 13 40 23 11 15 35 16 
18 15 25 14 17 31 34 19 22 18 20 16 33 25 24 12 33 11 11 14 25 29 19 23 16 28 33 32 9 28 45 16 28 19 14 25 18 35 7 19 9 24 13 14 18 29 20 36 25 20 10 16 11 22 33 14 17 19 20 14 27 27 17 23 16 18 22 12 17 27 25 13 21 31 18 24 45 11 13 30 20 25 24 23 32 13 35 22 23 20 20 20 35 18 23 39 21 37 14 15 29 17 20 13 26 33 17 26 12 12 35 27 25 27 28 32 20 17 43 10 
26 18 25 37 12 23 42 12 18 28 26 15 20 22 26 20 23 36 30 16 21 36 30 25 11 30 29 13 27 16 25 21 21 15 17 20 33 33 12 17 28 21 14 11 21 27 21 25 5 19 10 25 17 17 25 10 21 17 22 19 40 30 16 21 12 25 20 20 26 32 25 10 35 15 21 29 13 17 17 12 40 17 23 14 29 13 24 19 23 20 23 28 26 23 19 30 24 19 16 30 25 20 27 18 22 33 30 31 20 17 28 13 18 22 14 26 17 19 18 14 
39 20 25 22 14 28 16 20 26 32 12 12 19 37 26 14 28 33 26 20 27 12 29 19 16 13 29 28 17 34 16 15 32 24 17 27 23 25 11 22 14 21 23 8 20 19 20 18 30 23 13 18 14 26 26 20 23 24 25 10 18 11 15 19 14 25 21 9 18 23 26 23 15 19 17 31 24 19 11 21 24 29 23 14 35 26 28 13 31 16 23 6 28 15 13 25 26 50 23 24 22 19 19 11 29 30 27 11 26 27 29 30 25 7 25 15 15 13 31 15 
28 24 13 16 17 20 19 11 24 22 23 14 27 29 30 19 13 37 35 17 37 19 24 28 12 34 32 28 25 40 29 19 15 36 16 29 33 25 17 19 2 16 23 10 25 27 18 38 31 33 17 22 9 15 6 21 14 14 28 17 29 14 13 26 15 22 16 15 8 22 25 28 26 30 18 17 36 7 31 34 43 29 18 9 30 23 12 14 49 11 23 33 34 17 14 23 24 34 21 43 33 22 26 23 26 23 24 24 15 17 21 21 20 20 37 17 19 14 37 18 
30 14 23 30 9 45 21 15 24 19 21 21 19 24 14 14 19 21 14 18 24 33 19 25 14 17 27 29 23 26 22 20 28 31 14 21 26 36 21 20 22 16 20 13 13 11 19 26 31 32 20 19 20 22 29 20 20 19 25 20 25 21 12 29 17 24 11 16 14 19 28 39 16 36 13 32 20 19 31 8 20 27 21 18 31 24 16 20 32 18 23 28 35 27 24 26 25 45 24 24 24 21 25 19 38 30 21 25 17 14 33 19 28 25 38 23 15 14 28 18 
18 17 12 20 21 26 30 26 24 25 20 13 29 27 17 17 23 29 23 15 25 35 19 24 16 18 34 33 10 30 21 16 32 39 19 18 21 18 15 25 19 11 22 9 34 29 19 26 15 21 17 8 7 23 5 19 20 20 23 14 29 19 19 27 21 30 16 24 22 35 27 31 18 31 22 34 37 18 22 19 37 29 27 19 16 15 20 19 41 9 13 12 29 23 17 18 8 22 13 43 12 27 21 25 30 40 23 14 22 27 19 23 5 17 29 19 15 22 28 16 
19 12 19 22 20 35 26 19 31 19 16 22 15 25 13 17 33 44 24 16 18 18 14 17 9 8 9 31 17 22 35 24 19 31 9 15 15 25 20 21 23 19 13 19 10 23 17 28 8 28 16 15 22 19 18 28 17 23 25 12 34 21 26 14 13 21 19 12 18 37 24 35 25 29 25 29 27 18 29 22 27 22 20 11 27 26 39 11 17 12 19 24 27 17 12 35 34 37 23 33 28 9 21 20 28 32 11 23 23 24 29 23 20 21 34 21 14 9 43 15 
22 19 20 21 5 28 7 23 34 20 24 14 24 19 22 12 15 36 28 17 44 22 22 18 19 24 38 26 15 31 29 18 28 27 23 21 23 34 22 6 27 22 18 27 23 28 26 21 17 39 7 23 19 24 22 24 20 27 22 11 36 22 16 21 19 26 19 26 20 39 30 27 38 33 24 14 23 17 30 22 38 20 24 20 33 23 36 24 29 11 16 21 17 35 17 35 16 34 10 20 22 17 18 19 21 26 18 35 17 22 25 21 22 33 33 12 22 13 25 17 
29 20 18 37 17 31 38 18 25 16 27 12 20 26 33 18 28 5 36 14 29 24 25 16 15 27 19 27 13 27 18 10 27 43 23 19 17 37 29 20 25 17 18 22 15 19 24 17 17 29 20 31 10 12 24 22 23 22 19 12 26 24 20 22 22 20 12 14 18 21 26 26 19 26 11 18 24 12 15 18 37 12 21 20 39 8 30 15 12 14 21 15 36 22 22 15 29 20 21 23 15 13 26 15 35 31 13 10 21 24 16 26 16 21 22 33 10 19 18 16 
23 9 14 22 17 33 33 18 14 12 29 15 20 22 31 14 20 24 39 18 39 28 27 24 12 19 20 54 18 24 30 17 30 8 17 23 19 38 18 24 19 15 24 19 19 21 15 33 23 26 10 30 23 13 19 8 34 11 14 9 15 19 16 29 14 25 14 18 18 30 25 22 18 24 17 15 29 16 19 20 34 18 37 14 33 10 24 17 43 10 17 15 25 30 16 40 41 39 26 36 26 16 28 22 34 25 20 21 14 15 26 24 17 18 22 28 22 17 40 16 
22 19 22 21 15 34 26 14 8 17 29 20 18 21 32 16 22 38 28 21 30 34 18 22 22 22 25 37 23 31 30 9 41 35 23 12 19 38 21 12 26 17 19 17 21 4 19 11 15 31 18 30 21 13 20 25 18 10 29 22 33 22 11 20 20 42 30 15 23 29 25 35 18 28 22 47 9 20 15 20 37 26 20 17 24 11 22 14 44 23 8 17 24 26 15 40 22 22 13 30 21 21 18 15 22 22 31 35 20 20 24 29 25 17 17 24 21 24 35 6 
29 15 10 19 20 34 28 22 29 29 17 9 30 21 27 28 28 22 24 8 25 37 18 30 18 26 39 35 28 25 24 18 22 20 16 13 18 36 29 9 22 19 13 21 32 27 15 31 10 21 17 19 17 29 19 17 11 14 20 21 29 27 15 35 19 20 31 20 10 37 23 38 18 37 15 30 17 13 26 26 47 23 20 23 28 16 31 23 39 17 25 14 30 21 16 43 25 44 20 31 24 24 29 13 20 40 23 34 22 21 19 21 36 29 33 22 14 10 16 10 
25 25 28 24 16 37 24 17 33 27 17 17 25 14 26 12 35 23 31 18 31 15 26 21 19 28 33 50 29 30 34 16 25 33 21 19 23 26 19 18 14 19 19 19 20 14 27 17 24 22 17 32 25 19 17 11 12 28 22 18 10 19 12 18 23 25 7 33 11 24 25 22 30 32 20 29 35 19 12 31 37 32 25 22 36 19 40 11 27 16 16 26 5 37 24 19 37 40 20 13 23 10 26 15 23 28 22 14 16 14 20 20 20 17 23 23 16 13 37 18 
13 14 23 34 14 23 19 10 27 27 17 12 20 22 27 22 33 29 28 20 23 21 17 24 12 21 14 20 25 30 16 22 27 40 13 18 23 20 11 18 18 16 13 13 24 23 19 23 23 24 12 19 8 23 19 15 11 23 26 12 27 16 20 23 17 13 10 16 14 40 27 18 23 18 19 21 35 16 31 19 31 26 15 12 26 9 5 13 42 24 17 18 33 22 17 41 27 38 15 24 19 18 17 22 8 28 24 39 25 12 24 29 22 19 32 27 17 15 15 12 
22 15 27 24 14 19 29 14 28 21 22 12 10 28 29 8 34 34 31 6 32 30 21 19 11 14 36 31 26 20 30 17 17 40 4 17 24 17 18 14 14 15 17 23 16 21 22 27 18 27 25 11 23 22 16 26 19 12 26 13 38 25 10 20 28 30 23 26 15 17 24 32 21 31 20 27 16 16 18 21 29 23 22 21 33 22 21 14 34 5 28 28 27 43 20 24 29 37 10 31 22 22 19 19 14 18 23 23 24 17 29 30 22 22 28 22 15 14 16 14 
20 14 18 19 15 32 44 19 21 28 16 15 16 27 21 17 17 39 25 14 22 24 23 21 12 26 25 36 14 29 21 14 30 41 14 26 22 21 18 29 15 10 22 15 15 23 17 34 24 21 23 24 25 18 23 5 25 14 26 14 27 26 11 15 18 41 15 19 14 38 29 38 24 18 10 15 34 16 21 14 30 24 20 11 23 11 40 17 34 10 21 22 11 31 16 25 25 24 19 27 20 11 26 18 15 29 9 20 23 6 26 30 21 20 22 23 15 20 40 13 
28 16 15 19 19 20 12 18 26 24 25 9 26 25 24 20 20 39 16 17 31 22 20 19 13 16 34 38 26 17 32 16 24 29 19 22 25 53 22 26 27 19 17 20 29 23 27 33 21 24 21 10 8 17 14 21 19 18 21 16 22 19 16 13 23 22 19 6 19 45 30 25 11 4 18 25 33 17 28 36 34 23 22 17 43 21 27 21 44 14 20 24 31 8 20 32 27 36 13 28 9 15 21 15 12 24 35 36 17 10 24 16 18 24 14 34 17 17 27 20 
21 22 13 22 15 40 17 22 27 37 19 11 30 25 26 15 23 31 46 14 20 10 19 20 15 17 21 25 17 30 32 21 29 25 13 18 24 26 14 23 12 16 12 6 25 30 24 30 28 29 12 16 19 32 14 21 23 22 28 10 21 17 19 13 9 17 12 3 16 35 29 27 26 34 20 28 10 17 28 21 44 22 23 8 30 18 26 23 27 23 25 20 37 9 20 28 31 41 16 23 25 21 26 21 39 17 20 27 16 22 14 22 16 16 37 21 18 12 24 11 
24 15 29 17 18 33 23 11 25 22 29 13 39 23 23 14 26 25 30 13 13 33 28 22 16 21 22 38 18 20 24 10 31 25 15 17 15 26 25 23 16 20 16 20 18 28 11 22 26 25 18 25 18 22 17 20 18 14 7 19 26 19 13 21 18 16 19 19 13 26 18 19 30 9 14 40 50 24 21 18 20 37 23 16 35 16 38 24 36 11 30 22 16 23 10 28 35 30 21 48 17 7 26 24 33 35 18 23 20 16 25 16 30 18 37 29 22 22 38 17 
25 17 14 29 16 26 26 9 19 23 31 22 27 31 23 12 28 41 20 13 23 18 13 27 18 21 39 32 16 31 22 23 21 29 12 20 24 20 15 20 18 19 20 15 13 19 22 28 30 24 23 15 24 26 9 27 20 32 13 21 25 26 9 26 22 18 14 20 11 37 29 38 22 13 16 27 33 21 28 14 50 26 21 12 36 12 19 19 39 9 22 17 26 14 19 42 29 37 23 38 26 15 27 18 15 19 14 25 13 10 27 24 27 32 35 20 16 15 21 17 
24 11 10 44 24 34 26 24 24 33 22 7 31 22 34 16 20 39 30 14 11 25 28 29 19 19 35 52 19 26 28 15 21 29 27 20 14 28 19 16 31 13 19 4 18 15 22 38 18 15 18 22 18 22 19 16 29 28 22 23 10 21 20 12 15 31 21 21 14 36 19 19 18 19 20 27 40 17 24 23 38 21 17 14 48 15 21 17 35 17 23 21 16 34 14 28 36 35 11 28 19 10 19 19 39 32 27 36 16 11 17 20 23 28 26 29 15 23 30 18 
37 18 21 25 22 25 27 14 31 30 23 13 30 19 18 16 9 28 20 15 25 16 35 24 16 19 16 1 22 17 34 16 22 35 22 14 27 21 29 14 21 12 16 20 23 26 22 19 16 31 20 15 11 28 22 11 15 11 26 15 23 26 20 20 18 28 28 19 11 26 25 24 26 26 20 16 22 16 25 22 32 23 20 20 42 18 30 18 23 16 33 22 29 23 20 32 27 27 18 30 28 14 14 14 13 36 18 28 24 20 19 32 24 9 39 26 10 25 28 17 
23 25 10 35 16 30 42 26 28 22 12 17 32 31 27 24 21 33 24 10 25 26 24 16 16 18 30 13 39 15 34 16 26 15 24 25 15 34 19 17 24 17 16 19 15 22 19 28 23 20 14 15 18 31 27 25 13 21 21 5 45 13 28 10 26 27 11 23 14 28 30 25 28 29 21 40 24 20 20 19 26 24 25 19 44 19 41 16 35 9 18 29 26 28 12 20 12 43 13 20 17 21 27 14 23 31 28 23 11 17 22 20 16 21 23 33 18 18 27 17 
22 19 17 26 18 37 19 13 38 17 18 13 34 24 32 23 36 40 42 11 30 25 14 23 12 21 21 32 27 26 28 13 26 29 20 16 27 27 23 15 16 18 25 17 17 23 18 23 28 20 12 19 15 11 13 20 17 18 18 11 45 15 17 20 14 17 16 21 13 15 24 20 32 24 25 31 18 13 17 29 33 23 26 16 37 16 24 24 50 11 17 27 23 9 9 22 20 23 17 13 27 18 26 25 36 24 23 26 20 12 28 24 9 19 44 30 20 16 26 9 
36 19 17 18 14 30 40 29 20 30 18 12 29 27 17 22 23 42 27 20 34 30 23 26 18 23 24 15 23 19 29 14 25 32 13 17 21 38 6 16 18 15 26 19 16 20 16 39 24 26 19 21 20 15 18 11 26 6 19 6 30 14 21 15 24 32 13 23 14 8 21 29 22 24 19 36 33 11 16 30 25 19 22 21 31 10 20 19 25 14 12 36 28 27 17 27 23 22 19 13 26 16 20 26 23 31 10 34 23 22 25 27 21 21 27 29 19 19 36 21 
23 11 13 37 14 29 24 18 21 22 22 16 37 17 27 19 30 18 27 19 33 16 18 21 15 40 16 45 24 22 18 12 27 22 20 15 27 37 18 14 14 11 13 16 17 25 19 30 14 15 7 25 15 29 23 22 21 20 23 11 20 16 18 19 15 30 7 24 21 44 21 31 30 22 13 20 11 15 21 22 32 30 24 8 27 25 34 15 28 20 31 27 22 19 15 21 7 24 13 27 31 15 27 23 31 41 28 36 14 15 20 33 19 11 33 27 22 14 25 15 
34 25 27 15 17 12 25 2 35 25 17 14 25 23 24 17 26 29 22 9 24 26 22 20 16 27 23 44 20 37 28 15 19 45 18 16 11 23 11 12 21 18 15 12 12 28 17 19 21 18 25 13 20 11 25 8 20 17 21 14 23 22 17 26 19 21 24 23 19 30 11 29 36 16 20 19 32 17 10 25 38 25 25 16 20 14 22 21 18 17 20 25 22 16 12 30 25 26 16 33 26 18 18 10 27 27 32 30 13 18 12 29 17 24 21 25 16 22 21 19 
29 27 18 23 16 34 27 27 28 10 16 15 23 21 26 11 17 32 25 20 23 33 11 21 23 35 31 22 43 28 29 16 25 23 17 20 28 27 22 14 7 19 12 13 10 25 20 22 20 29 10 28 25 22 27 14 22 18 29 14 30 20 21 18 25 31 13 28 16 33 27 28 26 16 21 32 31 13 31 22 40 30 18 14 38 24 31 21 35 7 26 22 23 28 9 15 23 33 2 22 28 11 29 22 25 19 25 36 7 22 30 18 19 16 16 36 9 13 24 18 
17 17 23 32 17 13 28 21 25 29 26 22 23 14 31 5 21 35 25 13 42 27 20 28 8 29 7 29 23 27 24 15 26 30 19 18 35 35 18 16 21 24 18 13 22 24 16 17 28 28 13 11 19 26 17 19 21 16 26 14 24 20 18 18 19 27 16 19 12 17 27 26 27 29 22 32 21 14 13 23 26 14 17 17 23 13 15 16 33 10 20 19 22 23 23 21 31 15 23 25 19 17 18 22 18 29 28 23 5 15 28 22 12 32 19 27 16 16 42 7 
18 14 23 21 17 19 35 21 22 27 22 16 24 33 28 10 29 35 23 17 32 27 20 18 18 21 31 32 28 22 32 17 30 21 12 6 18 25 22 23 28 22 21 27 16 30 15 34 27 26 19 5 18 22 14 18 12 13 26 15 17 21 18 14 22 29 16 6 13 27 19 24 18 26 16 33 14 14 24 23 32 26 27 18 28 7 28 11 34 13 19 15 25 26 11 28 31 52 16 24 15 17 20 19 27 20 23 33 15 14 39 32 29 24 28 17 8 16 28 10 
21 27 27 14 18 30 20 23 17 30 27 16 25 15 32 9 25 26 21 15 26 28 22 22 15 24 24 24 36 12 21 11 23 21 15 24 26 19 27 24 28 16 17 23 26 28 5 27 23 19 19 18 23 12 17 16 24 11 29 18 33 17 15 28 23 27 11 21 16 29 33 23 20 19 29 32 26 16 26 21 31 26 19 21 23 15 18 16 51 22 19 16 25 21 20 28 35 23 19 34 27 15 27 20 33 20 18 24 14 18 15 22 17 18 19 28 25 22 13 22 
25 20 14 24 13 34 28 22 15 27 26 13 33 24 21 20 30 31 43 17 40 30 18 29 15 13 28 40 32 15 26 15 24 44 20 15 21 26 28 15 19 19 17 16 16 23 18 20 11 36 18 20 13 20 25 23 11 28 19 19 37 29 13 16 19 23 19 9 15 34 34 38 31 23 7 34 29 17 32 26 29 31 8 21 39 17 38 18 38 15 22 18 19 24 28 21 34 47 20 33 25 18 31 35 32 29 32 25 16 16 27 26 18 26 19 27 19 20 34 16 
24 25 24 28 16 28 24 22 9 16 17 9 42 27 25 30 36 27 33 9 41 33 26 23 20 29 29 28 27 22 23 18 32 31 25 19 16 19 20 13 19 15 21 18 16 21 25 25 17 25 22 25 11 21 25 22 7 21 22 19 26 16 20 24 21 27 13 16 11 42 39 34 25 34 19 20 33 17 14 24 19 37 17 22 19 19 27 29 18 21 13 23 25 25 25 27 31 37 21 25 18 27 38 16 21 28 29 17 15 15 22 28 14 25 34 24 20 16 33 18 
28 25 19 33 19 22 23 22 32 34 18 23 41 23 37 10 18 29 28 11 39 32 19 15 14 22 32 10 30 28 35 15 13 33 16 11 22 40 27 20 19 11 25 15 29 21 24 19 28 14 10 26 18 22 26 26 18 23 27 8 25 22 17 26 17 32 18 20 22 23 24 23 26 13 16 30 31 16 25 30 20 29 23 19 29 19 36 21 24 20 31 29 17 27 24 35 31 32 12 30 29 13 25 20 19 24 23 18 12 14 34 21 14 21 10 25 16 16 29 17 
20 28 19 20 21 23 21 19 26 36 14 10 29 20 24 12 23 39 27 11 35 31 25 20 12 13 30 30 32 31 12 18 24 18 15 24 29 32 18 11 13 14 14 14 15 18 23 31 24 28 23 16 10 19 25 13 19 23 29 13 17 19 15 20 23 28 16 17 17 31 27 16 29 21 18 27 57 19 31 29 31 19 34 14 29 15 18 22 19 21 16 33 28 18 20 34 29 33 15 14 40 17 19 19 25 31 23 32 7 17 32 13 20 20 15 17 16 16 37 11 
35 19 26 29 22 28 23 10 26 26 20 14 27 22 30 12 27 32 17 13 32 27 15 22 19 14 32 25 19 4 27 20 30 31 16 29 23 43 27 18 27 14 21 9 29 24 17 18 31 28 22 33 19 20 11 26 18 23 34 22 17 16 15 20 27 35 12 23 18 32 29 11 24 30 18 34 29 20 20 27 23 25 17 14 39 19 30 17 34 24 16 31 16 30 10 14 17 24 13 28 23 18 20 15 18 39 25 28 21 19 35 27 16 14 25 48 16 12 20 10 
28 23 18 21 15 20 30 19 37 27 25 14 30 32 23 16 36 23 25 11 45 13 20 28 13 16 37 29 25 29 31 12 20 32 17 15 22 31 18 25 17 21 21 19 22 18 23 28 26 25 19 23 16 24 31 11 20 19 19 16 14 30 20 13 23 19 15 16 14 34 19 36 30 21 22 26 34 20 23 17 20 37 15 8 36 22 39 21 37 13 19 12 16 32 11 31 31 28 15 30 24 18 18 23 21 19 21 13 25 15 32 32 24 20 36 34 13 15 34 17 
22 18 14 22 19 26 27 13 33 32 12 14 24 21 26 12 27 17 30 15 25 33 21 19 23 30 27 30 10 31 24 16 23 22 17 22 20 32 7 11 17 17 22 22 24 22 21 28 23 25 16 26 17 19 12 15 22 20 19 13 22 23 14 11 16 22 12 24 16 29 30 32 14 39 7 27 27 12 25 25 24 35 34 20 21 9 17 16 41 9 15 26 29 27 18 31 21 56 24 31 43 19 29 20 44 27 21 23 22 16 28 34 25 25 23 32 15 13 22 16 
23 19 26 14 19 19 38 17 9 23 18 13 24 24 26 11 32 37 41 17 16 27 25 33 12 20 22 20 29 25 24 12 16 18 19 15 27 20 19 23 26 14 12 12 24 21 18 23 19 18 15 19 17 6 26 17 3 13 20 23 27 14 10 29 9 20 17 3 9 24 20 20 18 11 8 39 29 12 27 20 9 25 29 16 28 16 32 19 35 23 11 17 20 22 19 39 32 33 10 24 29 21 13 21 38 29 29 25 16 20 33 20 26 23 17 24 18 26 27 16 
23 24 25 27 13 13 16 18 39 18 17 8 33 23 39 17 23 29 25 15 23 26 21 24 21 18 27 31 32 33 42 15 22 26 17 7 15 25 13 21 22 23 26 17 19 10 25 34 15 27 17 16 21 21 23 13 34 23 6 14 22 22 18 21 20 33 1 24 16 21 30 31 21 25 11 38 21 15 19 28 28 18 24 21 49 9 23 24 29 16 12 8 34 17 25 50 27 41 21 27 15 19 36 17 32 37 20 30 24 15 27 34 16 26 25 17 15 23 29 23 
19 21 8 23 17 28 23 20 31 18 26 16 40 27 28 12 42 16 40 13 35 17 14 31 16 21 31 24 23 7 35 19 26 29 19 17 21 18 22 16 19 15 13 17 25 18 12 52 20 32 16 21 20 20 23 16 19 19 25 7 15 15 14 6 17 35 15 13 21 21 28 28 23 36 23 37 41 14 23 24 39 16 23 20 24 9 22 13 34 10 22 17 23 24 17 26 24 29 19 34 32 16 18 21 29 26 21 18 18 27 27 36 13 21 23 27 26 14 20 13 
46 14 23 14 11 19 16 26 27 18 15 19 21 22 23 13 31 22 30 17 13 30 28 24 21 33 25 36 33 14 27 16 32 42 15 14 22 31 18 13 18 16 21 13 30 7 20 27 14 27 14 15 21 20 25 27 24 24 27 13 32 18 22 20 19 22 18 25 22 27 48 26 25 31 21 18 31 16 21 25 21 34 35 15 31 22 26 23 31 21 20 28 20 23 11 35 27 38 21 29 22 12 23 16 29 29 22 25 25 28 35 28 23 18 27 13 18 26 32 12 
32 16 14 27 18 27 20 13 29 15 19 22 22 20 29 23 31 37 22 16 34 42 29 15 9 28 24 22 19 21 27 17 33 31 19 17 31 24 21 20 16 18 9 13 26 15 27 35 26 24 18 25 17 18 28 17 12 21 15 21 31 21 22 18 18 21 15 28 14 27 28 19 21 28 15 37 27 18 19 29 22 26 23 19 35 23 25 14 35 15 17 13 19 32 18 42 35 37 25 29 29 23 8 27 30 25 29 23 13 17 25 23 21 26 29 23 19 21 34 14 
26 18 14 26 13 30 24 17 34 23 15 18 20 32 25 21 14 33 16 20 28 26 21 15 22 28 38 38 17 16 12 14 31 20 25 13 26 44 18 12 24 13 17 23 29 16 19 18 17 23 14 13 25 18 18 25 21 16 19 6 23 19 16 20 13 25 18 24 16 35 37 21 31 21 22 39 38 21 20 22 26 14 20 15 17 19 25 11 16 20 27 17 31 26 24 35 30 32 16 25 32 17 30 25 36 27 16 32 17 17 17 17 27 29 24 19 30 18 17 18 
33 21 15 21 17 27 26 27 23 24 16 10 12 22 12 17 19 32 24 20 38 19 15 23 17 20 35 19 25 28 22 13 34 27 22 21 28 27 29 15 14 21 21 21 12 27 24 33 16 22 22 16 23 14 19 15 12 22 26 11 26 13 17 10 25 23 18 22 17 19 15 13 16 36 10 29 37 12 18 31 36 13 17 18 27 8 27 25 33 16 19 23 16 24 13 31 27 33 15 20 35 17 22 33 23 29 27 28 21 12 24 31 15 6 26 32 26 12 29 16 
26 23 18 17 15 33 12 20 25 27 23 20 31 19 35 24 18 14 27 17 17 12 22 31 13 25 28 33 31 41 28 17 27 28 22 24 23 25 24 14 9 18 17 10 17 22 18 34 28 32 14 21 22 18 30 18 24 16 22 14 23 30 14 26 26 22 20 23 9 21 19 20 24 26 22 41 26 19 21 31 31 29 20 23 24 14 28 23 36 22 27 23 27 14 19 29 19 25 17 22 28 23 28 28 28 34 18 31 18 15 20 32 24 17 38 27 20 16 32 13 
23 18 11 29 13 19 17 19 30 36 23 22 29 21 30 14 20 17 32 16 29 29 29 25 13 25 20 41 23 24 24 16 14 38 13 10 22 23 18 13 28 14 15 35 21 18 23 25 19 29 21 36 26 28 29 18 25 23 18 14 23 19 11 26 15 24 21 18 13 24 14 15 22 25 23 34 19 8 25 30 29 26 23 15 29 16 31 21 12 18 21 16 36 21 24 24 16 50 20 29 26 22 13 16 21 32 28 18 30 28 32 27 31 27 31 22 26 7 27 13 
18 28 21 19 15 19 29 16 26 23 30 20 29 23 28 14 22 31 19 15 14 21 30 22 24 34 28 19 12 27 41 11 30 36 16 24 18 42 26 13 17 19 24 25 14 23 2 22 22 19 12 27 25 21 25 20 19 16 25 12 28 12 22 25 19 26 20 21 16 22 22 20 32 22 19 28 25 21 22 11 40 31 25 20 24 25 27 20 36 13 14 21 14 25 24 30 35 37 22 25 19 13 19 18 25 29 17 24 19 13 35 24 17 15 31 30 15 21 20 8 
31 18 23 20 16 18 30 18 24 14 23 12 44 22 28 29 23 26 16 19 31 32 27 23 14 27 30 37 22 28 26 14 29 25 14 23 23 10 25 18 22 11 20 12 20 27 28 25 22 21 24 27 23 23 28 24 31 26 29 22 51 19 16 17 26 9 14 11 12 34 25 26 18 29 15 22 18 16 21 17 25 19 26 18 24 18 21 19 28 21 17 26 33 31 11 34 32 36 22 39 24 14 24 22 27 30 12 44 10 18 29 24 26 22 20 36 16 19 24 18 
31 22 12 26 15 42 32 23 24 39 24 8 31 21 22 17 18 34 39 22 31 30 21 17 16 20 35 31 30 17 26 18 27 26 17 14 31 19 30 15 28 14 21 24 29 24 17 24 19 30 21 26 21 19 15 14 14 26 15 21 31 13 21 29 13 29 9 20 20 14 21 41 9 24 21 31 44 12 25 27 30 25 12 19 21 14 26 19 27 15 23 27 28 24 8 21 29 25 22 28 29 22 28 16 36 38 19 24 9 16 19 39 23 18 19 17 20 23 25 10 
22 18 24 16 15 23 26 28 32 28 10 10 10 26 19 11 31 25 38 22 15 29 21 10 16 22 15 24 26 18 34 18 39 16 27 21 27 27 22 22 28 12 23 16 19 22 22 31 25 17 19 11 14 10 22 8 10 22 11 8 25 20 20 21 20 20 17 17 14 41 20 29 35 10 13 36 38 19 13 12 26 28 28 14 37 20 34 19 27 18 27 19 19 17 18 38 37 42 19 16 24 13 20 18 27 44 32 35 24 13 28 19 26 24 30 26 21 13 23 16 
24 18 26 24 14 22 30 17 23 20 21 15 18 27 20 16 13 18 29 18 16 28 26 26 17 28 36 41 6 29 35 16 21 35 6 21 33 25 21 10 21 16 15 19 27 24 18 30 18 22 23 27 18 26 38 18 20 27 19 18 25 24 11 21 12 27 18 21 13 35 25 32 34 22 27 31 44 10 29 14 21 25 15 17 28 13 23 19 30 13 20 19 31 14 22 17 26 39 21 32 32 14 33 24 38 19 20 16 18 14 25 22 17 23 35 23 19 14 23 12 
8 18 17 16 8 26 19 20 14 18 15 19 44 25 20 14 33 33 22 20 39 8 27 22 13 28 27 25 20 34 30 17 27 24 16 18 21 30 16 18 25 18 22 19 28 26 22 15 29 20 18 28 21 15 20 18 17 11 23 11 31 13 13 24 23 25 16 13 17 9 40 31 29 24 11 32 40 14 26 23 43 28 20 21 30 17 22 20 23 10 14 18 48 24 22 11 25 34 18 34 25 16 17 15 52 35 17 19 22 17 29 21 16 33 36 34 15 19 32 15 
20 22 19 19 15 31 17 17 26 32 21 19 35 20 24 18 25 18 42 20 38 14 18 20 13 27 32 36 14 21 21 16 22 23 20 22 31 26 34 12 24 18 13 11 22 19 21 21 34 25 12 29 20 22 22 22 21 11 29 19 28 23 13 18 17 30 7 19 18 32 19 26 11 7 15 30 31 20 28 30 32 28 28 18 34 18 19 28 26 12 20 28 33 18 10 42 23 39 20 24 29 18 23 19 29 26 33 33 14 19 27 32 24 23 28 26 26 9 40 14 
44 23 19 18 13 32 40 10 31 20 20 21 32 18 29 12 18 44 13 13 27 39 34 19 13 21 23 34 20 27 34 20 18 23 14 18 22 23 13 17 14 21 11 17 19 27 18 25 16 25 14 20 19 20 12 18 23 25 10 11 26 15 14 21 26 24 15 22 15 26 22 33 22 26 23 21 35 23 22 36 12 37 20 14 38 16 21 13 21 15 18 26 33 15 11 26 17 41 16 9 24 12 19 20 16 29 17 30 10 26 24 19 26 14 15 31 28 12 28 12 
16 5 10 15 16 30 42 16 25 25 30 16 31 18 36 20 17 32 26 18 25 19 23 25 13 3 22 32 22 25 18 17 32 26 19 18 18 30 25 20 16 16 18 22 13 14 17 34 29 25 23 14 16 23 16 20 19 18 20 21 38 27 12 26 25 26 16 14 22 29 18 29 32 22 18 36 18 19 22 21 22 19 27 27 36 16 31 17 36 13 29 25 6 18 15 31 23 22 17 24 28 14 16 14 38 38 12 25 17 24 21 17 25 16 21 28 19 19 30 19 
36 16 21 23 17 36 19 18 26 27 16 11 24 22 35 15 29 34 27 13 38 9 26 26 18 19 18 26 21 33 31 17 30 23 15 30 31 18 15 6 35 13 20 17 18 26 19 26 16 25 14 15 16 18 22 27 12 20 18 12 25 21 20 22 16 24 22 21 22 30 26 24 11 16 23 36 22 9 15 25 28 28 12 19 31 26 36 16 32 12 26 27 26 28 16 36 28 13 17 21 24 22 24 20 25 33 10 40 14 15 19 30 25 18 15 31 22 16 30 22 
33 14 20 18 21 9 21 25 18 38 21 13 19 34 20 21 36 28 21 10 36 17 18 29 19 16 18 18 32 15 27 12 25 35 12 14 29 41 29 18 16 16 20 15 23 21 18 34 19 11 24 22 10 12 19 20 27 19 11 13 22 29 17 27 14 24 18 11 18 19 26 20 33 15 15 37 25 21 25 33 38 22 23 25 31 16 26 20 39 15 14 21 25 41 29 24 25 37 24 30 25 14 30 21 26 31 3 28 18 11 12 28 17 19 29 23 16 20 11 10 
18 11 23 26 16 35 25 22 40 20 24 17 32 13 20 16 32 19 31 10 25 34 13 27 13 25 28 30 24 24 27 17 40 38 26 23 36 27 19 22 23 14 32 11 29 15 13 20 20 16 8 26 12 34 17 11 21 26 16 16 28 18 21 15 15 25 20 16 16 47 20 34 15 24 12 36 29 14 25 24 30 23 25 15 24 25 27 17 21 6 22 26 6 26 21 28 26 26 25 31 20 23 22 16 21 26 21 29 23 18 22 43 29 23 15 32 17 20 26 17 
19 12 10 25 8 36 22 20 19 21 18 13 31 26 23 17 20 26 29 20 25 26 17 20 14 34 36 27 37 25 19 17 29 25 18 23 15 19 19 15 24 7 9 12 16 28 16 19 25 23 15 22 10 17 28 23 17 10 17 11 26 22 17 26 13 18 22 23 15 28 31 15 38 16 26 34 27 22 20 35 34 33 13 13 23 11 20 17 8 17 19 24 40 18 17 21 19 31 18 48 26 21 26 28 22 22 30 26 23 17 28 34 21 14 36 28 32 10 8 14 
23 8 27 28 18 18 18 11 33 16 24 17 15 19 30 19 18 31 21 12 19 32 27 31 14 16 20 49 14 21 31 17 18 20 14 14 20 35 12 20 27 10 16 15 19 19 17 21 14 22 17 21 20 26 28 16 22 25 15 22 16 17 10 24 13 37 14 15 16 33 33 42 23 19 17 29 17 20 27 27 47 32 19 18 30 21 26 19 39 14 23 23 27 23 19 21 34 22 17 22 23 13 21 14 25 24 21 41 12 20 12 38 19 22 28 36 15 15 41 12 
35 16 14 28 12 25 28 17 28 22 23 15 28 31 34 12 35 37 14 12 22 29 16 30 15 21 22 30 32 19 13 15 27 30 22 24 25 23 28 19 32 17 17 15 24 18 20 25 21 31 20 16 15 23 31 8 13 13 20 9 24 25 10 20 23 14 18 27 12 38 32 23 28 17 24 38 12 14 18 29 26 25 31 19 26 19 23 15 35 17 33 10 19 24 16 32 36 26 10 42 24 17 14 15 25 18 24 26 19 21 22 40 24 13 29 27 22 12 25 14 
32 15 18 22 13 25 25 15 18 27 15 16 26 13 25 21 39 34 24 14 27 16 31 24 15 19 21 39 22 40 34 19 21 20 15 17 25 27 18 18 15 18 16 16 4 23 15 24 17 33 16 24 24 26 11 18 24 18 22 20 27 18 14 17 20 17 18 12 11 27 13 36 5 14 21 31 24 11 24 26 23 33 23 8 36 16 39 16 33 10 22 14 19 9 26 34 29 31 20 25 9 23 26 24 22 24 21 21 17 21 30 36 30 26 16 36 15 16 36 22 
22 17 20 28 15 35 22 16 23 34 24 17 25 17 11 18 33 32 22 9 8 18 24 25 11 24 36 27 24 22 18 8 31 33 19 19 20 29 16 22 16 23 11 22 16 30 27 36 24 25 20 23 19 20 15 16 9 33 13 24 39 16 22 21 19 33 14 20 18 28 24 35 12 28 20 16 39 18 18 26 31 23 24 22 38 7 32 29 59 8 22 22 9 15 15 26 19 38 33 43 35 18 29 16 15 36 25 19 16 16 40 40 22 21 16 20 20 18 21 6 
25 17 18 30 17 14 25 19 29 24 30 20 22 11 24 20 27 26 31 13 3 24 30 30 18 23 31 10 31 17 27 5 13 27 15 15 22 5 19 19 18 26 16 18 18 12 24 16 24 37 21 25 12 11 21 14 8 18 26 16 23 9 13 21 18 9 24 21 17 28 20 43 30 6 19 29 29 7 32 38 26 26 19 10 23 11 21 19 43 13 15 11 22 34 24 16 25 30 27 31 20 18 29 14 21 33 21 23 16 17 11 36 26 31 25 29 5 11 12 14 
23 13 15 22 19 21 45 22 18 24 20 11 27 13 23 12 28 31 23 22 25 21 12 26 20 18 33 31 9 19 17 16 29 28 23 24 22 30 22 23 15 15 19 20 15 36 13 31 27 21 18 16 22 24 19 24 23 19 14 26 17 22 21 8 15 26 16 25 17 32 24 8 16 36 26 33 29 16 14 25 36 23 31 22 46 20 22 19 24 9 5 28 26 14 28 38 29 30 11 30 19 20 12 14 27 21 22 43 19 16 30 28 10 23 28 18 18 20 36 16 
12 17 19 28 19 14 19 20 29 18 17 23 32 26 21 19 43 33 37 21 26 30 17 23 16 28 36 36 30 32 29 11 30 34 17 27 28 32 8 14 25 13 14 12 13 19 21 18 20 28 14 32 22 10 25 14 9 20 24 21 25 21 19 22 24 21 20 21 25 6 14 12 26 27 19 36 22 15 29 26 36 17 29 6 37 19 39 20 27 10 14 22 37 34 21 13 26 21 14 29 22 21 19 19 34 23 27 18 12 24 28 27 26 28 30 20 22 26 27 13 
21 18 8 23 16 14 18 19 26 14 15 18 44 22 24 20 22 20 20 15 21 31 22 22 21 20 28 24 28 33 31 19 28 37 20 18 22 24 21 19 33 16 10 14 16 31 26 19 9 23 13 33 10 16 32 16 23 22 21 10 23 20 14 23 21 21 20 22 21 34 34 32 32 16 18 28 26 17 20 13 30 38 29 12 23 15 33 17 21 8 13 25 37 19 14 24 12 19 22 24 40 10 21 29 27 23 27 29 16 18 23 21 15 26 20 20 17 14 33 12 
23 25 19 25 21 24 31 19 36 37 30 13 43 15 25 14 29 33 27 14 25 7 26 31 24 21 25 24 32 13 22 15 27 26 22 18 12 20 15 16 29 10 17 20 19 22 18 36 16 22 11 25 20 21 26 20 32 24 22 11 21 18 13 18 21 19 15 13 15 34 20 23 13 25 16 17 31 9 30 31 38 26 26 25 28 24 38 19 34 18 41 20 22 23 14 29 35 35 20 26 31 15 33 24 25 40 24 19 18 13 30 36 13 23 21 21 29 17 24 18 
23 10 11 32 13 15 29 17 36 29 26 10 28 17 18 18 40 21 35 14 21 12 16 24 11 16 31 44 24 18 34 14 36 18 17 13 27 34 13 12 13 10 21 17 18 23 14 20 24 29 11 19 23 19 20 24 21 30 24 17 39 31 17 12 15 23 9 15 16 32 25 27 21 25 16 32 35 20 26 36 28 22 20 16 42 20 34 16 32 18 19 25 28 22 16 34 40 38 12 43 40 21 15 17 22 27 14 29 22 4 32 33 20 19 27 23 13 16 22 26 
28 19 28 24 14 13 16 19 27 28 10 4 35 30 9 22 22 23 20 12 37 34 32 27 11 11 28 30 26 24 26 12 12 18 17 20 19 23 19 10 21 14 16 23 13 22 17 25 15 35 18 10 17 17 24 16 20 25 12 13 26 17 13 19 15 19 21 22 16 25 40 26 21 15 11 44 29 19 27 17 30 19 16 16 24 18 23 21 33 21 16 16 22 40 26 29 14 22 22 26 22 21 17 15 46 29 17 26 14 19 28 19 18 14 28 28 15 13 37 12 
26 19 14 22 12 23 37 16 28 22 24 19 14 29 26 17 25 51 40 10 44 23 22 20 21 22 23 34 41 13 31 13 24 19 14 23 16 27 14 14 29 11 18 19 20 12 11 19 28 32 18 31 23 13 25 15 21 12 31 18 31 19 16 21 13 21 16 8 11 28 18 18 28 35 18 12 19 10 7 24 18 41 22 15 24 22 20 17 23 12 19 20 15 25 24 13 15 33 23 39 25 14 20 20 37 24 32 22 11 29 32 20 31 28 12 18 19 14 24 20 

MachineCapacities:
MachineID Capacity
0 10
1 10
2 10
3 10
