NumTasks NumMachines NumScenarios
30 4 500
TaskDetails:
TaskID ReleaseTime ResourceConsumption SuccessorsCount Successors...
0 0 5 10 6 8 5 15 16 17 20 21 
1 0 7 2 9 3 4 16 17 19 21 
2 0 7 2 4 5 2 13 19 
3 0 7 2 9 6 2 19 21 
4 0 1 4 5 5 3 12 13 18 
5 0 8 6 2 1 4 13 15 17 21 
6 0 3 2 9 2 1 20 
7 0 2 8 3 1 1 21 
8 0 4 4 3 9 0 
9 0 5 8 8 10 3 13 19 20 
10 0 2 7 1 8 0 
11 0 8 7 5 8 0 
12 0 6 5 9 3 2 17 20 
13 0 9 6 4 5 0 
14 0 2 6 4 2 0 
15 0 3 3 5 9 0 
16 0 6 5 4 9 0 
17 0 3 7 5 3 0 
18 0 1 5 4 3 0 
19 0 6 1 9 1 0 
20 0 3 2 4 2 0 
21 0 9 3 9 7 0 
22 0 5 10 7 2 0 
23 0 1 3 2 3 3 26 27 28 
24 0 8 6 2 1 1 29 
25 0 1 10 9 1 0 
26 0 3 7 7 1 0 
27 0 3 8 9 5 1 29 
28 0 7 7 4 8 0 
29 0 5 9 2 8 0 

14 26 12 35 15 39 33 15 18 26 24 33 17 19 11 26 13 31 27 35 17 29 18 13 18 27 18 21 24 21 41 14 35 19 30 12 24 27 29 20 26 26 8 25 10 13 17 18 40 39 20 29 18 40 24 32 17 26 30 18 11 23 26 37 25 25 19 14 37 35 25 18 33 24 30 20 16 12 37 19 42 19 19 9 27 16 24 32 13 31 14 27 35 27 23 30 28 13 26 8 30 28 35 17 25 20 19 32 20 42 27 25 17 17 26 28 34 15 19 21 
21 19 16 18 23 36 21 36 13 22 22 28 25 28 21 11 20 17 23 32 20 15 16 25 35 22 18 16 17 23 30 21 20 24 28 24 20 26 21 19 24 16 39 19 36 4 19 14 24 15 27 25 14 22 12 22 29 25 15 7 6 49 27 44 5 28 23 24 24 36 24 21 28 20 32 24 22 31 20 20 34 34 14 27 20 23 16 18 19 11 19 25 26 13 18 23 27 19 25 32 32 31 33 23 18 19 22 24 28 27 30 38 19 32 22 16 15 11 27 9 
39 20 19 25 10 25 16 19 24 17 21 47 13 22 22 25 30 17 20 32 14 28 12 18 18 34 22 13 25 31 28 15 25 8 10 29 18 25 20 19 14 14 34 44 31 22 30 18 20 37 19 34 43 17 17 14 12 35 23 19 12 7 31 26 26 32 19 17 20 17 26 17 44 16 24 18 24 18 28 26 23 26 15 21 29 26 15 26 22 33 17 19 17 16 20 27 36 14 58 35 31 41 32 21 22 28 17 18 27 21 19 18 31 16 24 16 22 16 25 10 
19 15 20 24 10 27 34 30 23 22 20 25 27 10 28 23 18 33 6 25 23 23 10 17 33 19 37 23 24 23 42 25 18 7 24 34 26 39 28 7 19 18 30 14 22 22 20 14 26 35 15 40 37 18 13 17 29 31 22 19 20 25 29 20 30 33 15 18 30 36 16 13 22 26 29 22 29 22 26 24 39 34 14 17 27 20 28 33 30 19 24 32 34 23 16 23 23 16 20 16 31 33 33 13 12 28 15 20 27 26 25 27 22 23 37 23 7 19 30 22 
43 21 19 12 22 34 39 33 17 17 34 34 17 25 17 23 18 26 37 19 13 23 15 21 32 26 17 17 26 17 20 14 17 20 36 34 21 23 35 19 18 10 24 24 16 25 30 20 19 46 17 22 23 21 12 15 18 21 26 23 23 22 29 32 32 41 20 18 31 22 24 15 37 16 32 22 25 8 28 13 43 41 10 27 14 31 21 20 29 28 21 29 17 23 36 32 8 19 35 38 25 31 24 20 13 18 6 29 17 19 16 25 20 27 31 13 26 16 28 26 
16 24 13 23 16 42 38 24 20 20 18 32 24 22 25 21 10 23 32 40 21 17 7 14 30 22 19 17 26 19 26 23 40 26 26 21 23 14 33 20 15 11 34 23 20 23 14 29 29 30 24 29 21 33 27 11 14 25 25 30 17 30 39 29 34 24 26 21 27 20 14 7 30 24 18 28 38 9 18 7 36 35 14 26 25 33 25 19 26 14 22 30 25 10 26 16 25 10 11 35 27 30 27 21 16 28 12 32 8 25 20 14 32 30 41 21 19 14 25 18 
27 19 15 23 15 32 14 37 14 20 20 36 21 12 23 27 32 31 31 24 24 45 12 23 24 11 22 9 28 23 35 16 27 12 41 23 11 46 28 13 16 20 39 26 20 19 17 31 34 25 19 21 30 35 19 32 29 26 19 21 15 20 27 30 28 19 11 14 37 24 32 15 39 28 18 22 36 9 41 16 31 24 8 31 25 25 13 34 28 23 8 25 29 21 21 34 25 6 34 21 24 28 23 22 15 29 12 26 21 35 14 38 25 32 25 26 32 13 33 17 
21 26 9 29 22 34 41 34 20 26 13 29 27 24 25 33 28 22 29 35 19 33 9 28 43 14 22 18 31 32 34 25 19 10 22 25 24 17 17 10 15 15 54 23 21 24 21 26 26 20 21 26 27 24 22 9 19 27 30 28 14 32 17 34 20 14 16 25 34 14 29 8 43 23 26 19 33 26 34 22 38 39 22 37 23 25 15 34 29 24 16 42 24 24 32 17 35 18 33 33 30 31 33 10 22 29 14 30 41 31 24 26 7 8 30 23 28 20 25 25 
33 20 8 19 12 28 30 14 24 19 25 26 26 36 17 44 27 31 24 21 16 34 16 44 30 21 21 31 23 27 37 18 17 8 17 20 24 40 25 18 20 21 20 21 17 19 32 35 32 17 22 24 24 19 24 16 21 24 24 23 10 14 34 19 27 29 24 15 24 19 30 17 34 24 30 20 14 20 41 19 48 26 24 45 24 30 25 32 41 14 16 19 30 16 15 19 22 11 29 21 32 22 28 19 20 23 14 16 37 28 15 23 25 27 26 14 23 22 22 15 
32 12 14 20 13 23 28 24 12 23 15 31 24 17 26 25 29 22 24 34 14 13 17 29 15 24 28 34 12 32 40 8 14 20 14 17 24 33 27 13 20 24 32 25 16 22 16 24 33 34 17 23 10 27 14 18 13 28 17 27 12 24 26 42 23 39 20 4 5 4 38 8 44 19 22 23 27 21 36 20 19 26 17 33 21 19 17 33 14 26 24 24 19 22 37 25 33 15 21 30 22 19 33 18 17 24 14 25 23 38 23 23 17 23 34 23 28 18 46 19 
31 9 9 26 16 23 40 38 29 26 26 23 20 15 10 28 27 33 48 29 20 25 15 27 20 24 14 20 25 23 31 15 29 15 20 21 22 31 17 21 22 16 36 29 22 19 12 18 30 35 22 4 29 21 20 14 25 24 29 24 13 39 17 21 20 30 22 21 21 2 14 15 33 32 21 14 37 18 20 15 28 27 25 29 22 20 7 30 35 10 20 25 26 23 30 32 36 15 18 17 35 36 25 16 16 25 17 24 29 30 17 20 15 27 32 19 22 19 31 21 
29 20 18 16 11 17 43 20 15 22 15 38 27 20 18 30 26 22 27 23 10 51 17 25 17 27 30 31 33 24 32 19 31 11 27 31 16 20 15 15 14 18 36 25 29 14 24 40 33 44 11 22 28 18 21 15 21 23 15 23 8 22 18 22 28 28 28 21 43 29 36 8 24 20 22 23 36 15 12 21 43 31 25 35 24 23 18 25 17 28 13 39 23 22 28 29 37 15 30 20 29 23 39 16 27 22 13 28 21 23 32 31 15 34 39 14 16 17 39 26 
34 17 17 24 8 36 32 32 17 15 16 38 31 22 20 23 25 27 21 30 15 5 14 29 34 4 28 25 17 17 21 22 29 17 21 20 18 27 23 19 13 13 36 48 23 19 27 25 34 27 18 15 18 17 26 22 22 25 23 17 16 36 27 32 33 26 29 13 25 37 28 18 28 32 17 31 30 17 44 14 18 42 23 38 18 18 25 31 23 16 16 24 20 29 31 27 30 12 13 27 21 25 25 12 25 27 18 31 26 34 26 28 17 24 17 23 19 11 33 16 
21 24 22 23 15 43 11 33 18 22 25 38 14 24 14 20 21 30 31 19 28 37 12 26 12 45 16 5 18 23 28 16 23 19 18 16 17 39 28 19 17 24 21 37 15 21 23 36 29 27 19 35 34 16 16 14 26 25 17 16 11 25 24 29 17 27 21 11 29 26 30 18 35 10 26 22 25 21 21 19 23 26 10 23 29 22 22 38 11 38 28 35 15 39 22 29 37 20 41 35 34 17 47 22 18 23 11 15 24 33 21 29 19 14 32 26 16 14 16 13 
25 14 13 22 19 29 22 11 17 16 26 44 24 20 23 20 34 37 19 20 20 35 24 32 24 20 12 26 22 21 37 15 42 22 31 35 24 28 29 19 20 23 33 10 11 24 15 36 35 34 21 24 16 31 14 7 23 15 35 25 18 23 27 24 31 25 22 13 20 24 25 12 25 16 20 23 30 35 36 29 38 34 12 18 28 18 14 45 27 27 11 25 25 16 25 23 22 14 27 27 29 27 34 27 24 25 19 29 26 26 15 15 18 31 44 13 19 13 25 28 
28 25 13 23 16 27 24 25 13 18 29 48 17 13 20 19 25 27 36 27 26 26 13 34 19 28 16 19 26 32 29 13 33 26 22 36 10 28 9 12 15 21 33 19 13 20 19 24 21 29 19 18 22 25 17 19 11 23 18 15 14 28 28 22 34 33 15 17 21 21 33 17 28 15 14 27 32 20 17 19 27 29 13 25 19 27 22 14 28 36 24 35 20 22 27 32 33 22 26 30 25 23 27 12 18 21 14 26 23 27 14 24 20 23 45 23 19 12 36 24 
40 17 16 22 16 14 35 13 23 20 26 34 24 30 6 29 22 25 20 37 25 21 13 31 32 26 20 22 27 22 39 23 24 20 23 24 13 33 30 24 20 25 41 17 27 22 21 29 28 34 14 24 29 24 22 25 25 13 30 20 14 34 34 39 8 35 19 20 16 28 17 22 25 14 16 16 21 31 37 31 27 23 17 19 23 16 17 22 18 41 18 21 30 34 14 27 36 15 30 34 39 31 37 16 18 21 11 25 28 39 10 23 22 20 22 20 23 18 29 20 
27 20 28 19 17 33 19 38 21 16 19 31 19 19 16 33 20 26 14 24 18 28 8 29 37 21 18 19 15 28 28 22 18 32 26 14 19 36 22 14 14 18 16 19 13 19 32 33 26 32 22 31 24 32 24 20 21 30 18 24 18 32 37 32 15 15 23 20 27 33 20 15 23 19 30 7 39 23 28 32 45 44 15 36 22 26 19 29 28 40 21 23 19 18 19 31 44 14 38 34 37 16 30 20 22 22 14 20 27 27 24 23 14 22 24 16 23 12 28 20 
22 18 17 22 15 31 33 16 25 17 19 25 16 26 20 31 17 28 19 29 13 23 22 33 28 29 15 14 33 15 4 17 29 21 24 39 18 37 22 19 17 11 31 22 24 20 22 40 32 24 17 17 39 18 26 17 24 23 27 19 15 34 28 33 30 30 20 20 27 23 33 17 24 16 32 17 29 15 19 26 37 17 25 23 19 16 12 11 17 34 21 23 20 27 27 43 25 15 34 34 31 25 35 15 23 34 19 36 28 9 25 9 17 24 26 20 24 18 18 27 
23 3 21 28 23 25 15 27 24 27 19 36 28 15 18 38 12 25 21 34 21 33 11 37 35 27 13 24 29 19 24 24 35 27 33 25 18 33 17 19 12 11 30 20 23 23 29 39 17 39 21 28 32 22 22 20 15 32 17 28 20 30 21 39 36 25 9 5 17 19 25 14 35 10 28 21 37 9 35 24 36 28 14 29 21 26 15 28 28 17 15 39 21 23 34 30 44 20 29 44 36 21 32 15 21 20 19 20 18 30 21 22 9 7 34 20 24 21 24 31 
36 12 16 27 17 32 29 40 15 28 11 41 8 21 26 23 31 27 25 28 13 16 14 30 23 27 24 29 42 25 33 8 46 22 26 20 16 17 20 19 20 20 42 32 30 20 32 39 14 34 29 27 11 24 4 22 13 28 10 20 22 26 26 47 34 29 28 19 18 16 25 21 39 26 26 23 29 19 31 15 20 42 19 19 8 30 18 38 22 36 30 37 16 21 25 17 24 21 29 30 28 29 40 12 12 25 19 15 16 26 11 37 23 29 32 20 28 17 21 18 
24 23 24 37 17 44 24 31 14 27 18 20 25 23 20 17 36 20 9 16 17 18 18 24 32 18 8 18 32 20 31 25 23 27 28 31 16 29 24 25 15 10 16 33 25 15 21 37 33 27 20 30 23 17 18 25 18 15 24 21 15 23 30 25 38 26 15 8 32 25 33 10 9 22 10 28 37 19 27 34 31 27 26 34 23 18 35 27 16 28 18 26 20 25 23 10 21 16 36 24 24 24 42 21 15 39 22 31 38 34 18 31 16 14 37 9 22 18 33 17 
23 16 17 34 23 6 26 34 12 17 21 8 26 22 20 27 29 20 21 25 27 35 15 33 29 20 24 19 29 32 37 16 43 22 34 29 12 22 25 19 24 11 33 30 21 21 25 18 28 24 11 39 34 33 22 19 18 24 21 17 10 15 42 37 37 27 18 20 22 26 25 11 37 19 13 33 35 24 17 15 27 19 15 22 26 23 16 32 20 26 22 42 28 17 34 24 46 15 25 31 31 31 17 11 25 8 13 37 25 37 23 34 29 36 24 24 15 13 28 19 
38 15 16 15 14 22 34 7 14 8 28 30 22 17 22 19 26 22 39 26 19 43 16 23 43 37 25 17 35 18 21 34 34 30 24 14 12 41 34 17 26 23 37 34 14 19 33 28 34 28 20 26 30 29 24 15 19 29 18 16 19 14 36 28 20 29 20 20 20 32 3 13 27 25 23 22 26 21 23 15 31 19 25 31 20 11 24 33 24 21 13 32 15 12 21 20 21 11 46 31 21 24 37 14 17 20 22 22 22 24 17 23 23 33 17 19 29 13 29 20 
33 17 23 36 14 34 30 41 20 14 24 32 29 7 20 34 30 22 23 35 23 35 15 28 24 28 19 29 31 19 32 11 41 17 26 33 14 30 28 20 18 17 37 18 23 22 24 29 35 21 29 26 26 30 19 22 19 33 13 28 11 14 38 14 11 25 13 20 24 15 26 17 36 30 30 20 33 21 53 11 35 32 8 30 19 27 20 27 35 22 15 34 22 21 29 22 34 16 32 35 21 19 34 21 19 30 14 34 31 23 19 9 9 38 18 18 16 20 29 22 
29 13 20 24 13 15 26 36 19 16 19 25 30 25 19 21 24 18 29 21 23 26 17 37 33 19 32 20 25 17 18 15 17 18 34 23 15 39 27 17 23 26 45 13 21 17 35 41 22 25 25 25 33 10 21 21 23 15 26 22 10 36 29 25 23 23 28 15 22 30 23 17 26 20 38 15 38 25 26 25 28 39 13 30 21 21 22 22 23 22 26 31 31 16 37 41 33 17 33 38 18 23 23 18 15 15 16 39 17 35 28 19 14 17 27 21 29 11 36 11 
32 27 18 26 13 22 31 25 24 24 21 21 22 25 25 21 25 24 32 29 12 34 13 24 29 22 14 20 16 20 38 13 29 31 28 32 22 22 21 12 14 24 18 23 16 12 20 24 33 21 25 18 15 34 17 18 13 24 29 31 23 32 25 18 9 41 19 16 17 34 39 15 23 19 24 19 31 17 25 17 21 35 19 22 20 25 17 12 20 19 26 31 32 29 37 36 26 14 35 20 33 27 29 12 15 26 13 17 37 45 24 27 15 27 45 20 24 15 28 25 
28 24 15 13 18 33 22 22 14 15 15 42 27 25 13 11 18 23 28 34 10 28 16 24 32 30 25 18 31 22 30 18 34 21 31 28 26 23 25 16 25 19 35 23 26 18 13 39 39 28 27 23 24 32 15 17 12 21 12 30 16 35 38 25 34 16 20 16 16 27 29 18 28 13 24 21 27 14 16 24 32 18 19 20 29 12 22 33 19 26 26 46 25 27 33 21 34 26 22 26 41 23 15 14 16 24 12 26 22 29 19 19 23 25 23 13 15 25 41 25 
17 24 10 25 14 20 31 38 17 30 27 49 11 31 17 37 21 30 31 30 16 26 10 27 39 30 17 28 34 18 19 19 30 19 21 24 25 41 31 18 18 15 31 27 22 15 23 32 44 24 27 11 24 27 28 22 26 19 27 24 13 35 37 18 13 46 9 28 15 29 35 9 24 25 18 15 32 16 27 24 22 34 20 36 12 21 21 28 20 32 11 28 22 22 36 19 38 18 8 39 23 18 20 17 18 28 15 34 16 27 23 30 20 32 39 12 30 13 23 11 
33 18 24 17 9 34 24 30 19 22 22 40 25 19 15 27 13 20 19 29 21 34 16 27 15 14 25 27 20 27 30 19 31 18 36 23 24 35 22 17 21 17 14 13 35 11 27 22 27 35 15 22 30 30 14 18 25 20 23 22 12 38 24 22 29 32 18 16 17 27 9 18 41 24 36 12 36 13 35 16 14 35 15 23 28 25 31 25 12 27 14 31 22 29 26 28 3 11 27 19 13 22 31 13 20 33 8 31 5 29 14 25 28 20 25 24 31 10 36 27 
24 15 19 22 14 38 25 39 22 21 18 28 22 25 18 27 19 13 28 16 20 30 21 24 39 16 27 24 12 22 32 21 35 16 35 31 19 46 30 20 20 20 32 23 12 17 22 34 34 36 22 33 25 23 29 12 21 26 28 27 17 36 31 12 39 41 23 10 24 26 17 15 53 20 31 29 33 20 31 25 37 26 21 24 20 26 20 14 30 27 20 36 23 6 30 26 33 10 26 32 35 30 29 16 18 22 13 47 23 36 17 23 20 30 17 17 10 11 36 22 
29 16 17 28 13 22 34 32 19 20 24 19 15 21 37 23 38 40 19 20 21 27 16 23 25 19 33 23 24 28 17 22 36 16 34 38 17 39 34 17 10 21 31 34 26 16 24 27 36 36 30 27 27 32 17 24 30 27 23 20 14 18 23 39 30 26 19 24 24 37 27 11 21 27 28 28 21 26 41 29 48 30 22 32 23 30 20 33 28 24 21 24 16 25 31 39 32 14 30 22 32 17 31 19 17 29 12 27 20 37 16 26 25 25 25 26 10 15 25 19 
30 8 17 30 19 24 25 25 9 14 20 40 18 27 18 18 32 25 34 31 20 27 16 19 51 19 27 25 29 21 28 15 34 24 33 30 25 38 22 7 16 18 37 23 20 16 22 38 20 40 26 43 17 13 20 25 24 20 20 24 19 22 34 41 32 20 18 15 26 25 41 13 19 6 28 17 9 16 28 22 39 40 22 28 30 23 18 30 29 31 10 25 26 26 31 29 28 16 25 15 22 27 12 10 17 16 21 18 20 32 31 25 17 33 27 26 21 8 18 10 
17 19 13 15 17 32 40 19 19 21 21 24 22 20 23 30 23 19 25 31 17 37 18 18 8 28 22 22 36 26 17 12 30 18 21 21 10 35 34 12 22 23 29 37 26 20 23 30 20 36 16 35 10 28 10 19 21 27 26 16 16 43 26 45 25 9 9 15 16 29 30 14 19 25 24 27 20 17 26 19 39 21 17 33 21 28 26 16 12 13 20 40 14 23 41 29 32 14 29 32 21 26 26 15 23 29 15 29 31 27 23 29 22 30 31 20 13 12 34 19 
21 24 13 20 7 25 18 25 20 19 19 37 11 25 26 12 27 26 19 27 10 38 14 25 28 8 24 22 23 28 43 18 6 22 31 23 21 44 33 22 15 23 26 30 22 17 14 45 16 38 9 28 25 12 21 25 21 30 29 19 23 28 38 38 26 33 27 20 15 26 36 13 21 25 35 20 39 18 30 19 35 25 23 37 25 22 24 21 26 29 16 31 28 22 31 37 19 13 23 27 26 29 22 10 18 21 19 37 28 25 25 31 12 18 29 13 23 20 27 28 
35 23 16 36 11 37 17 42 18 15 22 34 16 20 15 26 31 30 36 36 17 37 17 21 44 29 21 14 16 24 30 11 23 18 20 26 21 19 22 15 16 19 29 27 23 18 22 47 10 19 19 29 28 24 15 22 21 13 24 17 9 16 20 39 28 34 11 15 27 29 28 14 21 21 26 23 27 17 16 18 45 27 20 48 25 33 20 34 25 23 16 30 21 29 37 18 21 19 26 27 31 23 32 19 13 33 17 7 22 32 24 21 19 20 23 30 18 19 43 30 
22 10 6 26 19 11 42 30 9 18 18 40 24 16 19 28 23 17 21 16 24 24 14 24 31 19 24 19 20 24 38 16 39 20 20 27 11 16 27 7 20 20 27 14 21 12 11 31 28 26 20 19 38 35 18 24 22 33 29 18 16 15 23 31 27 24 14 16 23 29 13 19 23 25 27 17 11 21 37 17 24 39 11 28 11 25 11 32 24 10 17 36 19 16 44 20 14 19 38 36 27 36 48 11 23 27 20 19 17 32 19 19 11 36 13 21 22 10 35 34 
24 20 25 22 19 24 30 37 25 21 22 20 32 17 38 13 21 32 22 28 24 39 18 37 31 24 28 33 13 20 39 18 32 21 21 34 16 33 29 14 17 21 37 41 13 21 20 30 30 25 20 32 20 14 19 20 18 26 15 31 17 34 23 19 22 39 23 15 27 35 6 12 37 14 27 26 23 27 43 25 35 48 12 17 20 30 27 21 33 14 16 30 12 22 30 17 40 20 35 37 21 24 36 16 20 17 14 23 24 26 17 32 26 25 41 11 26 14 34 22 
16 11 29 26 17 31 31 36 13 16 11 29 36 16 26 25 23 24 27 18 18 14 11 25 18 18 17 25 27 24 22 15 48 22 29 35 14 25 21 16 19 19 32 23 32 20 16 23 28 29 21 38 16 22 13 24 8 10 19 20 18 28 24 19 16 29 15 21 22 52 20 13 43 19 32 26 32 21 30 19 49 30 14 34 17 17 30 28 35 24 28 27 26 18 24 19 21 17 32 27 31 32 38 16 27 16 15 28 21 39 18 26 21 23 24 20 20 17 31 22 
29 19 13 27 17 45 28 29 17 21 32 25 30 31 20 33 23 28 24 24 14 32 15 21 10 18 17 29 32 10 40 27 29 22 29 22 15 29 14 21 21 15 32 47 20 16 24 30 38 32 19 26 56 15 12 28 21 39 28 34 17 28 23 25 36 30 19 17 22 23 36 18 23 24 16 5 37 20 43 15 36 18 24 33 15 38 16 34 24 16 17 34 30 29 32 23 26 18 32 25 21 19 26 17 24 24 12 25 22 31 21 23 21 14 32 20 18 18 34 30 
31 14 18 29 18 48 36 26 16 18 15 30 18 17 31 23 23 23 22 33 12 27 18 33 25 37 41 21 3 32 15 14 25 16 26 24 16 20 21 12 23 20 35 20 24 18 16 24 26 17 29 10 22 14 23 22 20 30 29 28 22 30 22 50 15 30 19 6 24 23 24 21 14 31 29 17 33 19 14 23 32 11 18 26 28 29 17 36 39 11 14 34 22 17 22 24 38 17 30 34 34 14 22 16 22 22 15 27 26 17 34 34 15 26 31 18 31 15 42 22 
29 23 15 16 19 29 32 17 13 12 32 39 25 17 19 27 20 37 29 16 31 22 13 24 21 21 27 15 23 21 23 21 12 21 23 50 18 37 15 19 18 15 13 30 29 21 19 26 33 33 29 19 43 26 17 18 19 18 16 30 11 26 40 53 23 20 24 16 27 27 25 11 33 16 35 15 44 23 24 33 29 46 16 31 19 22 22 29 22 23 8 19 29 22 25 31 30 20 23 34 37 25 30 12 12 32 13 33 15 30 9 25 26 26 33 13 22 11 21 18 
32 23 22 20 18 22 27 29 12 22 22 29 18 21 25 13 24 35 20 25 27 32 20 32 21 15 10 17 30 29 37 28 12 24 22 28 10 30 16 19 11 11 32 37 24 18 31 23 25 27 25 22 35 22 12 16 15 35 35 14 18 22 21 40 34 18 26 13 20 18 32 15 22 17 30 21 42 15 30 26 26 41 18 27 13 29 22 10 20 24 17 25 14 28 33 25 34 13 27 37 31 19 24 19 22 33 15 33 21 38 23 21 22 13 8 21 27 17 19 21 
17 23 19 21 19 15 25 28 25 27 21 30 21 32 36 34 26 29 26 25 21 18 24 26 32 29 15 22 31 16 31 16 38 20 9 28 17 32 22 17 20 14 18 20 12 12 19 22 21 37 26 27 28 20 20 22 24 12 15 10 13 24 39 12 19 14 20 18 13 12 25 17 20 19 24 29 21 11 18 20 43 16 19 26 26 24 8 31 26 18 22 29 23 10 25 37 34 15 30 30 27 30 29 17 11 20 10 12 25 36 24 20 23 13 26 23 19 17 41 10 
48 19 9 19 14 24 24 19 20 13 22 33 17 19 11 27 31 26 33 28 16 17 18 34 38 26 12 31 21 18 39 21 10 19 24 31 24 21 24 10 10 25 31 35 18 18 22 34 36 34 16 19 21 20 17 21 20 37 19 25 16 33 51 18 29 28 31 9 24 24 26 17 39 17 24 21 35 28 26 27 23 37 22 32 21 11 21 36 29 34 21 33 23 14 35 29 45 18 27 31 14 24 28 13 17 17 17 17 15 39 23 22 20 25 24 30 26 14 16 21 
28 16 24 26 17 16 35 26 18 10 26 40 25 22 24 33 29 26 29 22 14 25 15 20 22 28 17 17 28 29 21 21 32 9 35 29 17 22 24 20 16 21 28 29 24 23 14 26 28 14 25 21 37 28 11 17 20 9 15 23 17 25 32 30 28 14 12 22 14 20 33 12 22 21 27 21 25 10 29 19 24 19 14 18 21 27 20 28 23 26 23 45 21 26 23 23 34 11 27 34 20 26 22 17 16 30 20 26 22 27 21 29 25 25 30 20 15 15 18 23 
31 19 16 15 21 31 29 34 20 13 23 41 11 20 19 28 24 13 25 25 28 26 16 34 31 28 17 29 18 15 26 22 29 17 34 24 10 35 36 18 20 9 25 20 24 6 30 29 29 34 13 36 26 23 19 26 18 26 27 14 21 26 22 38 20 9 21 15 25 30 13 22 20 10 11 32 42 15 39 29 34 32 15 29 24 28 24 38 24 29 19 35 23 27 28 29 38 11 28 34 35 31 24 18 18 22 17 17 20 26 17 27 24 13 26 23 12 17 23 16 
29 27 6 26 15 19 26 36 20 19 19 32 27 15 25 24 26 30 20 18 15 30 15 25 25 17 17 17 17 29 16 20 29 18 23 32 12 25 18 15 12 19 20 16 14 24 35 25 28 46 18 26 24 38 21 16 23 27 32 22 14 32 33 15 19 25 16 14 23 33 29 20 24 16 23 27 42 24 25 29 22 26 14 22 28 27 25 23 32 19 19 35 29 20 27 28 33 7 32 32 34 11 36 22 27 19 15 23 22 28 31 34 29 20 33 12 31 12 21 21 
41 23 6 21 18 17 46 21 20 15 24 22 35 13 18 25 22 25 20 21 14 24 14 20 28 23 34 23 22 23 21 21 24 27 20 28 19 46 27 13 24 20 24 21 14 21 21 36 28 30 21 30 33 35 13 11 25 36 31 23 19 36 28 28 35 55 20 19 32 32 36 13 41 19 20 17 23 17 35 20 32 40 30 26 22 19 14 33 27 30 18 26 9 20 29 36 33 10 22 31 31 26 34 15 31 19 21 29 7 25 20 21 17 21 18 15 25 17 28 23 
30 19 16 28 18 21 23 27 19 21 26 44 19 28 28 14 21 20 22 16 22 19 12 21 23 23 39 18 18 21 18 16 30 13 41 37 25 26 19 15 7 29 27 29 15 22 17 34 25 16 23 29 26 30 18 10 18 26 26 21 16 22 33 35 31 20 29 4 17 20 37 18 22 38 22 18 41 24 32 21 22 25 22 29 30 8 30 25 28 20 21 22 23 27 24 36 32 17 23 11 32 16 28 21 24 32 21 29 26 14 19 25 22 32 27 21 21 8 26 28 
35 10 23 25 13 32 29 28 17 16 23 38 14 13 18 25 29 17 19 35 21 22 12 17 25 13 15 24 23 18 31 20 28 18 24 19 25 19 34 21 15 25 31 37 34 5 24 21 36 30 14 22 23 36 22 22 17 23 17 15 18 30 28 20 29 29 13 13 25 31 28 14 31 16 23 24 23 29 51 25 38 29 22 33 28 31 17 42 22 9 24 31 27 24 18 17 15 20 36 26 24 23 34 13 28 18 22 28 42 24 21 29 17 32 23 12 30 16 31 15 
24 22 17 18 14 34 24 25 10 15 26 27 10 26 22 33 33 13 20 16 19 29 17 22 29 30 22 21 18 23 24 25 17 24 16 16 14 25 13 13 23 12 15 19 34 21 36 24 17 40 9 20 27 18 17 33 21 30 19 13 14 21 10 25 29 30 17 24 33 35 31 24 11 15 30 29 32 20 48 15 36 21 23 30 16 23 24 22 25 11 23 22 26 17 23 21 29 17 28 38 30 25 20 14 26 32 17 21 31 25 29 30 26 24 24 17 24 15 24 32 
35 24 23 16 16 31 10 28 17 18 26 19 17 4 13 34 25 29 28 19 27 36 14 9 13 44 29 17 9 15 28 14 20 29 21 24 17 26 21 20 16 20 39 29 18 20 20 18 24 31 16 19 31 12 11 36 23 28 24 17 15 16 44 36 31 26 10 21 7 10 16 13 23 28 27 28 27 11 39 7 40 40 19 35 20 18 21 28 22 18 21 24 34 19 29 25 18 13 42 32 34 5 33 17 20 27 13 32 14 25 19 25 19 11 21 22 25 13 32 26 
29 12 20 25 18 29 34 37 13 13 17 21 32 21 28 31 30 29 19 22 20 25 17 29 19 23 29 34 20 20 24 24 32 33 38 29 27 27 29 14 14 15 22 18 34 13 22 28 23 33 12 19 36 25 19 19 22 25 20 30 16 25 24 41 22 35 22 16 29 19 26 15 37 26 47 15 32 28 11 11 47 26 15 15 18 19 17 40 22 27 14 34 24 20 41 28 29 18 36 40 30 26 34 20 13 26 12 31 23 35 22 15 13 23 21 12 31 16 25 19 
35 23 9 29 10 45 33 31 20 25 21 37 20 20 16 14 25 37 27 32 13 18 18 35 27 13 22 26 23 8 36 18 32 14 23 23 17 29 33 18 19 10 44 28 26 6 13 33 35 34 24 30 24 25 25 20 22 29 28 27 18 29 50 24 39 19 15 7 31 25 32 17 33 29 19 17 29 18 29 41 28 26 22 29 20 21 18 28 28 21 17 39 19 26 15 32 26 13 18 17 31 15 27 21 18 29 23 27 29 37 21 29 10 26 30 20 36 14 29 17 
24 18 19 24 14 21 33 15 18 28 21 43 17 27 19 13 22 27 16 31 17 22 18 21 14 28 25 18 16 24 26 21 36 34 29 25 34 34 27 16 17 18 23 30 24 15 28 27 36 29 18 31 29 15 25 24 17 29 23 36 17 21 30 31 12 27 17 19 38 46 15 14 28 23 24 15 30 15 8 23 17 37 19 29 15 19 16 32 10 24 20 33 26 17 25 34 31 20 33 30 39 21 24 10 15 31 12 37 37 33 20 13 24 15 23 20 20 14 33 34 
36 26 20 30 21 34 20 41 18 18 19 23 13 25 21 30 26 25 24 21 18 31 16 28 34 21 24 21 39 20 32 15 36 31 25 37 15 32 21 15 22 24 26 30 25 8 33 38 30 38 22 14 26 29 20 21 21 19 13 14 21 42 35 11 36 22 22 14 22 24 38 5 33 35 22 16 14 22 32 20 31 28 27 36 12 32 16 26 34 30 17 35 27 27 20 27 41 19 33 24 38 38 31 11 20 29 11 26 16 44 32 30 20 16 6 21 14 18 33 20 
39 21 19 2 15 19 29 34 23 24 26 27 17 25 15 25 19 23 24 25 22 26 14 10 36 26 27 26 16 17 27 14 40 19 26 38 20 22 24 15 27 24 36 25 28 18 22 38 32 25 13 24 21 18 24 17 16 36 16 22 15 29 21 24 35 21 17 12 20 29 18 16 20 11 27 18 23 28 20 26 27 32 20 29 27 27 18 23 16 22 9 25 33 22 17 37 21 16 43 31 32 20 37 11 31 17 18 22 28 21 30 27 19 21 32 18 23 18 29 24 
23 25 21 16 15 22 33 31 31 6 23 21 21 31 16 33 8 31 22 24 12 29 10 38 19 34 25 13 11 17 33 28 24 20 30 23 17 32 27 19 12 17 18 24 25 16 26 25 30 24 23 31 29 20 18 26 29 34 14 29 21 31 23 43 27 28 22 9 36 38 28 22 26 25 36 18 17 17 42 26 39 32 21 15 25 25 24 33 16 39 24 21 21 15 29 32 34 18 20 20 24 24 15 14 9 21 17 10 20 28 18 17 18 33 32 13 19 8 26 24 
27 8 7 20 20 29 26 32 20 21 21 24 27 24 19 24 23 36 25 26 20 35 16 23 30 25 28 21 23 26 26 32 37 22 17 37 19 39 18 10 13 24 25 27 24 31 28 31 17 29 16 25 20 31 16 13 21 18 21 31 12 21 34 37 38 41 22 20 33 31 35 12 19 15 22 19 47 17 29 29 32 35 14 24 27 19 21 38 23 10 27 33 31 25 37 32 27 9 37 29 22 25 22 15 14 15 18 27 44 32 21 21 14 25 30 11 22 13 34 30 
34 14 14 23 23 24 29 19 22 26 25 30 23 24 26 24 24 25 31 30 16 25 18 20 43 32 29 26 27 15 30 15 25 10 15 37 13 19 24 21 11 15 26 24 26 19 14 25 26 47 22 18 26 23 27 14 24 24 39 23 21 15 30 41 23 24 10 12 14 30 22 12 29 18 18 22 31 24 24 23 45 27 12 24 28 24 18 24 26 21 13 33 18 21 33 36 21 16 37 31 41 38 26 21 21 23 15 23 24 21 29 15 10 23 22 22 24 13 19 18 
18 21 20 11 14 20 35 28 19 11 23 28 25 17 22 27 30 36 34 25 20 36 17 12 18 33 19 11 23 5 16 17 23 27 18 30 23 30 33 18 27 19 24 23 17 19 33 15 39 31 23 31 31 27 21 20 21 22 26 18 18 29 19 27 32 35 18 13 29 21 20 15 37 30 32 26 7 19 34 25 43 35 21 18 19 17 27 40 29 22 19 28 14 31 28 22 24 19 47 28 26 25 24 18 25 22 19 37 30 34 28 22 9 26 29 25 31 17 40 16 
45 21 14 22 21 25 26 38 13 23 29 34 27 21 22 13 22 36 22 31 11 34 12 8 28 30 23 23 19 18 49 16 29 22 23 22 25 33 28 12 15 20 31 29 17 10 22 25 20 32 22 23 27 32 14 13 18 16 26 22 17 16 26 29 13 41 12 16 38 28 17 16 39 22 26 21 28 16 34 15 33 18 13 29 25 29 24 27 15 15 17 22 31 19 28 20 19 7 33 25 41 30 29 7 17 23 15 30 32 36 15 29 16 20 22 17 16 22 29 29 
33 22 19 27 20 9 32 24 32 10 20 40 25 21 28 34 15 30 21 25 17 25 9 28 29 30 25 24 17 16 43 18 45 20 18 20 21 31 30 9 17 18 28 25 19 26 17 40 26 40 16 20 22 22 23 30 20 30 20 26 14 32 21 28 21 31 21 9 19 33 21 14 16 26 13 9 50 17 38 21 26 24 19 33 13 18 19 30 21 21 15 20 22 25 25 25 30 14 37 12 31 25 24 13 16 25 14 33 30 36 18 29 24 19 32 18 17 19 33 22 
28 18 13 17 15 45 23 39 28 25 27 36 27 21 8 30 22 35 24 32 6 47 15 31 37 24 23 24 21 28 49 25 27 19 11 44 15 33 28 14 15 26 37 12 19 22 35 21 26 22 16 22 26 18 21 17 7 11 39 23 19 20 5 27 23 38 18 20 34 29 25 18 30 15 28 22 40 20 19 21 31 28 12 29 21 13 26 35 25 18 16 17 18 27 29 16 19 22 29 42 41 22 38 11 22 27 18 27 19 21 22 10 15 12 35 13 21 14 33 25 
40 17 19 15 11 32 23 31 18 15 26 42 14 22 17 23 28 30 24 30 21 25 23 19 25 24 17 15 27 24 7 25 27 22 29 30 25 40 18 20 10 14 33 22 20 17 23 38 31 33 14 12 29 33 25 14 20 32 25 17 21 9 29 18 24 32 16 17 14 20 33 13 19 17 27 19 30 18 35 23 20 27 22 43 22 32 21 26 30 23 23 22 21 25 33 28 16 9 40 34 30 26 18 19 13 27 20 25 31 28 23 20 25 36 13 19 26 6 35 29 
23 21 22 28 17 31 43 39 20 21 22 32 23 18 17 21 19 25 28 26 24 36 12 19 41 11 27 20 28 31 28 15 32 18 18 28 13 32 30 17 19 19 29 19 16 8 30 28 37 26 18 30 22 11 17 25 15 38 20 26 22 17 15 37 27 17 15 22 26 28 18 17 17 16 30 13 44 24 28 17 25 28 23 29 21 20 18 33 23 29 10 29 26 22 21 25 25 13 33 23 31 39 15 17 20 22 8 18 32 42 10 30 4 41 17 25 14 10 24 27 
18 20 17 18 15 30 28 14 23 15 13 31 12 31 27 20 24 19 24 28 19 18 15 27 37 27 33 15 18 31 43 20 22 24 28 11 23 19 19 20 17 6 21 30 11 17 18 27 32 32 27 39 20 29 11 23 27 18 28 10 14 29 29 23 19 32 17 12 20 30 19 11 37 26 33 24 29 21 27 18 36 25 22 12 21 25 23 42 24 23 16 41 21 23 24 38 29 13 40 25 32 33 30 14 24 23 12 33 25 28 21 21 21 30 33 16 14 13 30 27 
22 10 22 18 11 29 36 38 19 28 21 26 28 16 21 22 20 28 26 38 18 13 9 12 23 25 37 29 21 12 19 19 32 20 25 34 23 28 28 23 23 25 13 44 26 23 26 44 25 16 19 30 35 22 23 8 21 34 14 14 14 31 26 27 27 22 26 18 38 31 33 16 29 22 34 30 35 19 26 35 39 18 25 33 22 19 22 32 26 21 12 42 31 25 32 18 24 18 27 31 18 40 35 14 14 13 14 23 24 25 15 28 17 31 46 10 29 13 37 22 
27 22 17 23 17 24 36 42 14 17 22 32 22 11 22 29 25 26 31 36 13 24 11 37 39 19 30 17 25 5 40 18 34 10 15 21 15 42 23 17 13 17 21 36 22 20 29 31 32 44 13 14 33 16 22 15 20 20 15 22 12 31 22 28 17 25 17 21 18 33 30 14 14 22 30 30 30 20 29 10 25 27 18 33 15 19 19 13 26 20 17 33 17 26 33 30 45 21 31 28 32 21 37 15 12 16 13 26 17 28 15 32 22 17 29 23 14 12 25 18 
25 23 12 17 14 33 35 28 20 13 19 26 18 32 34 26 28 28 22 17 10 30 11 14 40 34 10 24 26 19 27 15 28 5 22 12 12 38 20 17 19 20 26 36 22 16 18 44 30 30 16 28 24 33 15 24 12 24 14 30 19 32 19 34 31 16 21 18 15 26 23 20 39 29 34 32 32 22 42 19 41 28 14 15 26 14 23 27 20 6 17 24 27 42 29 28 42 16 25 18 31 30 31 18 9 22 12 31 14 14 28 20 22 19 30 15 18 17 46 18 
26 10 13 20 14 46 30 38 23 17 16 36 15 13 31 16 30 29 19 20 20 37 20 29 22 35 28 7 23 25 36 21 50 17 27 40 22 22 11 16 21 19 27 31 16 22 26 13 28 18 20 28 32 9 20 27 14 17 26 21 18 26 26 27 25 25 14 16 28 19 48 16 30 19 23 28 35 25 38 23 42 26 9 18 21 16 26 32 29 21 25 16 21 25 34 31 27 20 22 22 31 16 22 13 5 21 18 33 21 31 28 18 16 19 38 20 19 10 32 19 
16 17 15 26 14 29 39 36 13 10 20 23 23 15 28 15 27 27 34 33 17 29 14 29 23 28 17 28 20 23 30 14 36 21 10 34 26 35 24 15 17 18 26 33 9 5 27 17 26 23 23 27 14 27 16 13 27 13 12 17 11 17 32 50 32 30 19 16 31 29 34 17 28 15 31 15 40 31 49 14 36 15 18 29 25 22 25 25 19 21 21 25 29 22 32 28 38 6 40 32 28 14 18 13 23 17 20 27 21 39 20 17 25 32 34 14 25 19 28 23 
30 13 16 16 11 26 25 29 18 21 21 32 22 19 24 28 26 25 23 19 25 19 22 28 29 29 22 18 35 17 37 20 31 28 32 33 17 33 22 6 22 12 42 27 21 12 14 21 23 20 19 28 29 26 23 21 29 30 24 12 16 17 22 41 22 23 7 20 18 42 18 20 14 18 28 30 32 16 18 20 27 11 25 24 5 17 17 27 23 28 11 27 25 19 23 42 30 14 23 30 34 32 37 16 15 29 17 8 28 23 18 13 20 23 33 18 19 11 23 24 
30 18 10 15 16 26 19 29 23 20 17 21 19 19 20 17 29 30 20 22 20 31 15 23 23 18 16 20 29 22 22 24 15 21 24 32 18 23 26 11 23 13 32 23 25 18 23 32 19 41 18 33 17 22 16 28 8 18 22 25 15 25 31 16 26 29 14 18 21 27 7 16 34 16 14 21 34 15 27 25 39 45 15 34 16 17 24 36 19 30 16 20 25 23 26 44 22 16 22 22 39 13 29 9 30 26 4 35 20 17 27 36 31 28 34 16 21 16 28 24 
44 25 14 26 21 15 36 33 17 22 20 36 25 20 18 42 13 29 14 28 17 27 10 23 29 29 14 19 19 13 13 22 15 23 22 20 22 37 12 11 20 17 34 22 19 11 19 26 26 33 28 27 37 38 24 26 22 10 23 21 21 19 31 13 30 31 21 13 20 27 37 21 29 13 31 25 30 14 38 18 14 40 19 24 28 28 17 44 15 35 4 22 32 12 21 40 33 9 29 28 45 38 30 19 19 26 10 22 14 28 22 35 21 38 21 17 33 23 22 19 
30 19 15 27 15 30 34 27 15 14 19 7 33 17 19 7 24 15 23 32 14 30 22 19 21 19 36 25 17 18 26 19 32 12 22 42 17 33 36 14 10 11 24 29 16 12 20 33 16 17 27 24 27 28 16 13 32 22 27 11 15 36 31 38 15 29 30 12 30 37 28 16 40 17 26 25 23 15 25 21 43 30 18 36 22 17 16 16 17 6 13 41 32 28 43 15 25 11 27 28 38 9 19 16 17 20 10 14 17 35 27 16 22 31 41 19 24 13 24 31 
40 15 20 23 16 33 20 25 20 28 24 33 22 24 19 14 24 12 27 28 34 50 21 15 22 22 27 28 22 27 32 26 36 15 21 10 19 43 21 17 27 21 34 31 18 14 19 30 32 35 19 21 26 24 25 19 20 21 24 22 12 26 31 26 27 25 16 19 24 38 33 18 36 8 36 26 39 22 30 27 8 20 22 25 18 26 22 19 18 28 23 26 24 13 37 20 32 12 41 21 28 24 34 15 18 23 20 15 18 33 18 31 20 17 36 22 15 22 18 13 
24 18 16 22 14 27 26 33 24 17 33 21 17 27 23 26 29 28 23 32 13 26 17 18 29 25 21 25 32 20 31 29 28 11 27 24 13 28 21 13 12 17 28 17 18 15 17 37 22 27 20 22 39 17 16 18 18 37 25 22 15 36 38 34 33 33 25 24 12 14 35 15 29 29 33 24 33 27 37 23 32 13 22 32 24 33 17 25 10 23 17 29 24 21 35 30 23 15 29 21 15 19 19 11 21 25 18 14 20 27 27 14 22 33 30 15 20 17 35 20 
27 13 13 24 10 26 30 15 24 30 31 36 15 12 26 20 14 26 19 21 17 41 14 22 15 9 29 13 20 29 38 20 26 22 27 22 19 34 34 20 22 16 34 33 13 9 16 28 24 16 23 24 25 23 25 25 17 30 24 19 18 20 33 33 37 20 17 14 35 24 30 11 35 27 25 20 13 28 27 28 24 21 19 37 22 19 15 20 20 30 22 32 35 13 22 10 21 20 35 27 25 16 20 17 19 20 18 23 28 28 22 15 19 33 37 17 19 8 54 20 
29 28 24 32 17 37 33 12 21 23 25 40 24 25 19 25 20 22 22 29 14 28 10 28 33 23 18 30 25 27 29 20 30 10 21 34 15 15 17 14 22 19 21 17 24 18 18 32 34 29 9 30 29 24 20 18 18 7 13 14 23 39 41 52 24 26 17 21 26 29 34 17 26 21 21 9 28 29 29 18 15 22 19 36 19 14 33 44 36 29 18 20 25 22 19 23 38 17 28 27 21 24 34 22 19 10 17 33 30 36 24 31 19 20 25 23 32 14 22 21 
25 11 12 22 14 24 34 21 16 27 33 24 13 17 12 18 21 23 21 16 8 31 6 25 29 38 27 18 23 23 40 20 28 26 30 32 21 14 24 15 14 16 19 21 19 12 25 25 35 23 24 18 24 25 24 12 27 23 22 24 13 34 20 23 27 25 23 21 24 20 25 14 25 18 22 22 21 24 30 21 20 33 12 38 22 23 16 39 25 21 18 31 20 12 36 19 42 14 9 24 25 31 39 19 28 32 21 37 26 13 25 16 25 33 28 16 23 15 16 21 
25 13 19 30 21 30 37 32 19 13 25 33 22 10 15 27 20 30 16 33 20 26 19 14 20 32 23 14 10 26 35 22 12 21 25 28 24 23 24 11 17 22 36 25 27 14 27 28 28 29 23 29 33 23 17 17 13 29 27 25 12 29 25 32 17 34 18 14 18 28 27 8 36 18 12 23 28 17 20 24 24 35 12 25 23 23 15 39 19 14 22 44 28 20 52 17 22 15 36 23 24 21 38 17 24 25 18 39 15 28 22 17 17 34 8 15 20 24 16 21 
33 11 14 25 11 19 23 19 17 18 36 29 16 20 18 22 9 22 24 20 21 21 16 11 18 27 20 16 21 31 29 23 30 23 26 27 14 38 22 13 15 18 25 26 20 19 29 22 24 39 29 31 39 35 20 19 16 30 26 13 14 14 26 22 35 29 15 9 10 31 24 22 40 21 17 16 53 25 25 24 22 28 20 30 15 21 20 44 24 28 21 31 14 24 29 31 29 16 21 45 24 23 31 19 28 29 12 23 9 43 27 36 18 33 26 21 24 12 32 22 
36 14 20 26 16 29 36 19 21 12 27 41 17 19 16 24 22 26 36 22 7 44 12 30 28 19 25 18 35 10 37 27 12 20 17 31 13 26 26 17 20 18 30 33 27 11 8 28 30 26 14 37 23 33 11 16 16 23 16 19 12 19 27 37 22 26 12 30 22 28 15 20 23 20 32 17 46 38 39 18 30 19 19 27 23 27 24 35 33 19 18 24 22 29 26 39 24 25 38 20 19 14 28 14 9 29 17 33 26 29 26 21 25 18 18 19 19 12 14 30 
17 21 11 19 12 21 22 17 25 21 29 25 24 19 25 26 18 29 25 31 16 30 14 29 20 10 15 17 27 25 38 20 39 13 31 32 22 33 28 22 22 17 31 37 21 21 27 44 27 17 13 23 39 25 11 6 23 16 24 21 19 26 38 50 33 21 18 17 19 35 21 10 39 17 33 16 27 16 29 20 31 17 18 22 33 25 26 21 29 19 20 30 10 20 22 38 19 15 35 25 28 30 45 10 18 30 20 28 23 41 16 18 20 29 31 16 25 26 19 24 
27 15 11 30 17 34 21 30 21 25 17 16 18 17 19 30 24 26 22 40 15 31 11 32 28 28 20 15 30 23 31 17 36 17 23 32 20 19 22 19 9 19 31 39 13 29 24 33 35 16 22 23 19 30 18 28 28 29 24 18 7 32 15 19 55 35 20 17 18 21 23 13 33 15 24 25 30 20 44 17 12 35 23 22 43 12 17 21 38 29 21 41 27 14 22 30 34 15 31 28 20 33 36 14 21 26 13 30 31 18 17 33 25 29 41 19 16 22 28 26 
28 15 16 15 22 39 25 36 15 21 32 35 30 24 26 16 18 21 33 36 19 39 7 24 26 11 21 20 24 29 35 17 24 16 22 25 23 30 40 20 11 15 11 18 30 16 30 31 23 20 15 19 32 25 18 25 20 16 30 16 22 23 28 38 30 30 12 13 30 30 12 13 25 13 25 18 35 27 39 16 37 26 11 21 20 16 24 37 34 37 22 34 18 19 29 13 24 21 27 35 35 14 19 22 28 34 19 32 23 24 29 25 14 33 12 21 21 18 34 26 
22 23 14 32 12 41 37 28 16 17 28 17 17 27 27 30 31 33 33 23 19 10 12 33 6 23 23 13 19 14 39 17 25 33 40 41 11 21 33 22 14 22 17 44 22 10 23 32 30 27 21 30 27 15 29 19 24 27 19 21 13 25 29 29 36 34 22 21 20 29 23 14 29 8 34 26 32 14 34 13 25 20 19 40 33 21 12 16 25 21 22 34 25 24 31 36 12 21 19 21 27 30 37 19 16 30 16 29 20 31 9 23 21 20 32 19 27 17 21 22 
19 16 19 20 11 33 30 25 19 21 20 34 24 17 25 23 17 24 30 14 18 8 17 29 25 18 26 15 15 18 29 15 24 15 23 13 21 33 18 22 25 19 33 24 22 15 26 27 29 31 1 26 32 33 13 25 27 32 21 17 19 26 28 29 26 21 16 12 17 18 21 19 24 16 15 19 34 19 40 27 18 30 14 27 13 27 18 10 25 30 15 26 27 20 26 38 25 21 33 38 20 10 20 12 22 24 17 23 20 27 22 18 11 10 24 25 18 13 27 20 
41 23 26 20 13 34 27 40 17 27 15 40 12 20 33 24 26 25 32 24 18 36 17 14 39 23 20 18 28 12 19 17 22 21 7 37 14 22 21 15 21 8 16 38 21 23 22 26 35 58 9 24 32 17 26 34 21 23 25 20 11 24 28 23 22 30 23 13 21 29 25 24 35 24 23 15 37 19 36 14 39 7 5 30 10 28 17 36 32 24 26 21 22 24 31 27 25 16 26 23 24 18 26 22 19 13 9 30 18 27 19 29 18 24 24 8 18 20 29 32 
29 11 21 18 18 36 35 39 17 19 19 20 18 9 22 31 17 32 32 26 26 35 19 24 37 38 17 7 24 20 36 24 30 29 11 25 11 35 22 18 20 11 27 20 27 17 29 28 34 33 18 28 30 28 21 23 22 23 20 20 15 40 40 24 23 37 20 5 21 23 40 13 28 19 22 13 41 24 18 21 40 39 18 17 22 22 21 32 30 21 21 46 26 15 23 24 24 12 25 12 23 27 31 13 24 21 20 28 23 16 17 30 13 16 40 22 27 18 20 12 
33 21 18 25 16 22 31 28 11 16 25 29 20 26 27 14 33 30 20 28 21 25 15 29 26 35 19 26 22 28 38 25 25 27 35 26 29 27 10 15 16 11 29 25 23 21 27 33 24 45 19 24 27 24 16 28 10 30 25 19 15 28 36 17 27 36 11 15 15 15 22 18 24 16 23 8 35 20 29 29 40 28 25 19 17 14 16 20 15 37 21 37 10 28 24 23 34 18 29 21 31 30 25 16 8 25 12 28 23 30 19 23 16 23 32 15 23 20 25 30 
21 21 21 33 20 33 20 33 26 20 20 28 26 28 22 34 26 29 25 29 17 28 19 25 27 14 22 32 19 27 33 24 32 28 13 33 14 36 23 19 17 16 35 21 18 22 29 21 27 20 14 31 7 16 23 9 22 37 10 18 14 29 31 39 47 25 15 18 12 37 34 14 19 14 20 26 26 26 32 23 20 17 14 29 24 19 20 14 15 26 25 40 8 10 24 32 28 11 31 13 40 26 31 19 28 19 16 18 24 46 13 19 18 33 40 6 23 13 28 30 
34 19 12 28 17 27 29 32 28 26 16 18 14 17 16 30 23 20 28 20 27 28 22 37 26 23 26 27 28 17 21 22 25 10 26 21 22 29 25 12 15 18 29 16 26 20 26 39 33 44 5 29 20 34 11 19 21 22 16 16 16 23 28 35 25 21 23 12 17 26 40 18 46 22 30 22 28 18 20 20 25 29 20 40 24 14 16 25 44 38 16 16 29 25 29 28 32 15 16 22 36 20 39 20 30 35 19 42 27 43 30 26 20 43 44 24 24 12 22 26 
26 19 18 26 12 30 14 22 29 17 15 21 18 14 29 28 17 26 29 26 19 40 9 40 18 29 16 17 26 25 13 17 30 14 18 14 9 23 22 14 15 12 25 23 23 19 25 18 40 27 28 27 26 37 11 21 15 20 25 24 12 36 23 27 25 22 17 15 11 28 13 9 20 16 15 20 27 16 31 33 39 24 15 34 25 23 21 26 17 28 28 11 26 32 29 28 25 12 24 13 43 29 20 18 23 29 10 31 11 35 21 32 2 31 42 16 18 13 15 20 
17 17 14 25 14 22 34 27 11 23 26 20 9 17 27 20 24 14 21 30 19 35 15 20 32 35 24 15 21 33 29 18 45 14 20 39 13 33 33 14 17 16 28 33 14 17 30 15 23 22 27 17 11 18 12 14 24 24 26 26 23 25 37 33 23 28 22 11 19 24 20 15 32 8 19 22 26 24 28 22 16 27 21 33 20 25 26 24 40 23 25 23 14 30 38 23 18 18 40 33 34 37 13 17 17 18 17 14 31 17 17 5 25 22 20 20 12 16 34 20 
21 19 15 24 18 37 24 33 13 23 27 24 14 30 27 33 21 23 22 28 18 33 18 15 33 28 20 18 34 16 28 20 29 15 22 33 19 33 31 25 23 16 42 23 25 15 28 45 34 34 15 24 21 28 31 18 17 37 15 14 14 29 23 37 41 36 24 12 19 21 16 18 39 15 15 22 38 20 33 8 21 22 20 39 15 29 18 35 29 21 20 23 24 33 12 33 43 20 36 42 26 31 27 25 11 17 14 29 29 22 27 25 21 25 26 29 15 21 39 24 
39 17 19 20 23 21 24 28 16 16 13 18 15 18 34 27 19 31 31 18 22 26 17 30 20 21 33 24 20 24 28 17 25 27 36 42 15 6 27 18 19 15 26 21 17 24 18 24 41 18 19 22 21 28 18 28 20 21 19 22 22 34 22 26 26 25 20 20 18 41 20 11 17 20 28 19 39 19 29 17 26 25 19 27 9 19 21 15 15 24 22 26 20 24 22 34 41 16 32 33 31 21 32 16 14 20 18 10 18 12 12 29 25 27 24 14 25 6 27 25 
31 21 19 29 15 31 24 28 26 11 18 22 11 12 20 26 15 28 14 26 21 38 10 15 32 22 18 10 22 23 31 18 16 29 24 18 19 30 26 21 16 21 31 28 14 16 29 14 43 35 18 18 37 23 20 22 17 26 11 16 20 41 43 33 27 15 15 13 26 35 13 9 32 8 26 26 30 26 26 36 25 39 20 27 11 18 23 30 22 23 18 14 20 27 38 22 27 15 39 27 19 36 44 18 12 26 18 25 26 27 19 33 18 22 24 20 21 21 13 18 
26 17 16 20 16 44 17 13 14 22 14 29 20 15 9 11 28 22 31 26 20 25 14 25 30 25 25 17 28 25 28 19 16 18 19 29 14 25 26 17 22 11 37 40 14 16 23 29 26 35 19 34 22 12 22 22 17 37 16 21 16 31 30 25 14 16 28 14 35 32 25 14 41 22 30 27 33 15 38 18 32 26 23 36 12 20 22 10 24 24 18 30 15 24 40 24 26 14 28 20 38 36 34 15 5 32 14 20 25 36 23 23 20 26 27 23 20 16 33 13 
23 17 20 28 17 20 39 29 18 18 23 21 17 16 17 15 30 26 20 21 20 32 8 24 12 24 18 21 24 27 40 13 32 22 9 39 26 19 22 9 22 18 35 35 35 18 11 31 25 18 28 24 28 29 19 24 26 14 29 15 16 48 21 38 35 30 33 12 10 27 29 13 39 24 35 23 23 20 27 22 53 25 12 32 21 19 19 33 24 26 20 19 27 15 29 30 32 18 38 31 39 24 31 15 21 34 24 30 24 20 9 24 26 31 35 14 27 17 35 20 
25 19 23 32 12 25 33 35 17 18 13 27 19 20 21 34 26 20 34 26 15 21 14 17 29 23 30 21 24 25 33 18 29 25 19 19 19 17 27 15 9 24 27 13 30 18 17 22 30 26 20 32 41 21 19 21 15 17 13 19 25 18 24 37 29 32 18 16 34 45 30 14 25 25 33 22 33 15 44 18 9 37 10 34 22 27 9 29 24 27 12 35 20 26 39 24 27 15 31 33 29 20 25 20 23 14 16 27 11 33 20 31 27 27 28 18 26 18 41 23 
32 22 12 13 15 14 31 39 15 6 16 22 19 21 24 22 18 14 26 14 13 43 18 24 25 15 29 22 18 28 33 14 37 29 26 31 26 27 24 20 19 9 25 23 21 18 30 33 26 37 32 24 32 34 9 19 23 20 26 27 18 29 40 23 40 40 14 5 17 42 32 16 27 13 23 4 16 24 35 21 32 17 28 13 19 29 30 30 24 27 12 29 18 18 20 13 42 18 36 30 28 21 38 18 22 23 19 17 20 37 31 25 18 31 21 22 19 21 34 27 
27 18 13 13 14 32 34 18 19 24 28 32 20 22 32 24 11 13 26 10 17 38 24 23 43 10 21 21 18 29 34 19 31 23 25 29 25 24 16 19 25 18 34 31 20 24 22 35 35 30 19 31 25 22 12 20 18 22 33 21 15 28 23 21 17 29 21 7 30 34 16 16 4 16 16 19 30 19 36 29 21 32 20 32 22 25 36 31 10 25 20 33 22 25 18 25 24 26 26 36 35 29 34 18 18 16 15 31 32 24 20 14 20 34 31 17 22 18 29 18 
49 20 19 26 8 18 33 32 23 20 26 25 20 15 15 17 19 27 34 17 21 26 21 27 40 32 27 17 28 23 22 10 36 26 30 26 19 21 30 13 21 11 27 27 17 11 21 31 27 37 24 37 16 15 25 28 30 23 24 27 14 30 30 32 15 37 18 20 20 12 29 16 15 35 30 25 28 21 26 24 34 41 18 15 4 19 22 11 12 24 21 23 22 26 24 18 34 8 19 32 26 37 33 12 17 23 18 20 31 36 24 22 24 12 17 25 22 18 45 21 
41 19 13 17 7 28 31 16 20 19 23 29 20 28 26 29 30 33 24 25 9 40 16 12 26 34 26 8 27 22 27 28 33 36 26 26 22 28 31 16 10 16 43 42 36 14 19 36 29 41 27 22 43 29 12 19 31 18 23 19 12 23 35 26 28 31 14 13 25 37 30 16 26 24 29 25 23 23 33 17 34 34 17 30 17 16 20 34 19 7 23 14 22 27 31 17 30 12 39 35 27 12 23 17 20 11 15 21 14 33 32 26 21 38 16 25 16 16 23 20 
36 18 18 26 16 19 31 29 9 24 20 22 18 21 19 21 20 24 26 25 15 30 16 18 33 29 25 18 18 28 21 22 28 18 38 14 19 35 20 20 20 19 32 14 19 27 22 34 39 37 8 14 21 25 16 30 20 33 25 25 23 30 33 23 24 38 12 17 24 27 17 19 35 22 16 18 17 15 31 39 33 21 19 27 20 23 13 21 24 23 16 15 19 19 23 16 15 16 26 29 26 25 23 20 16 22 19 22 27 20 24 17 18 35 21 24 32 15 18 20 
15 11 22 19 19 30 30 24 21 20 26 26 23 21 26 27 15 42 23 29 24 33 15 34 21 19 24 14 25 30 40 23 23 32 21 22 13 48 26 16 18 10 23 30 27 11 16 31 32 19 19 30 25 26 23 17 16 23 16 19 20 25 31 30 28 35 13 16 18 26 16 13 32 19 12 20 16 24 54 17 28 18 19 22 22 24 28 45 14 41 18 27 23 19 31 26 28 16 39 21 35 26 27 13 20 33 6 29 31 23 18 30 27 24 24 18 29 13 24 16 
35 21 26 31 13 25 37 36 13 12 30 43 30 20 22 26 38 28 36 32 21 14 10 19 26 28 28 25 18 30 21 21 26 18 31 41 20 32 21 22 24 21 15 29 26 26 26 11 34 27 29 28 19 20 21 17 24 20 19 14 13 21 35 21 31 19 15 18 6 31 22 16 29 20 23 27 18 16 24 20 29 32 18 20 23 30 26 31 27 37 22 14 15 20 37 17 19 21 40 33 20 33 15 6 21 39 11 23 19 28 15 20 19 28 21 22 17 16 29 25 
36 22 14 26 20 42 25 26 22 27 32 43 24 20 20 30 13 13 25 7 15 25 16 26 17 28 23 23 31 17 35 18 22 27 23 35 11 29 20 11 18 22 20 30 24 14 13 33 22 32 19 27 29 32 18 15 14 29 18 27 18 18 44 27 34 11 25 17 35 11 26 10 39 27 28 28 36 20 31 26 30 29 22 34 30 36 24 31 19 21 25 25 16 22 25 20 18 12 47 35 28 16 24 18 19 29 21 38 9 32 26 28 19 18 41 18 16 16 24 23 
25 15 12 22 22 45 25 35 20 20 21 44 22 20 28 23 20 23 25 25 13 31 20 28 25 18 25 13 21 29 15 19 29 9 11 39 22 24 24 14 11 16 25 23 16 17 29 36 40 31 19 22 25 17 14 22 17 30 22 16 18 24 9 31 20 26 20 18 17 19 28 4 39 22 30 25 35 10 46 24 26 35 15 31 25 20 19 31 15 24 11 25 29 31 33 22 20 20 38 12 17 27 37 11 12 24 15 38 26 45 21 20 22 40 44 24 13 17 24 35 
38 22 23 27 20 47 35 35 16 13 26 42 22 22 15 17 31 29 24 31 10 26 15 33 38 23 22 20 24 21 28 16 40 17 29 30 21 29 23 21 21 18 43 17 34 15 30 28 36 17 27 38 22 17 19 12 25 20 27 17 14 24 30 12 40 24 15 19 22 31 21 21 23 13 28 34 47 31 19 18 27 23 21 27 27 22 15 38 34 21 21 31 17 25 39 34 26 17 36 26 25 23 26 11 22 30 18 25 16 31 22 20 21 13 30 10 30 13 36 19 
33 19 18 23 19 36 23 31 11 9 27 33 25 17 18 31 22 21 26 27 16 16 12 30 27 14 21 21 21 28 36 12 17 23 33 23 29 36 18 16 9 22 37 20 20 18 19 25 13 28 21 19 26 19 25 25 8 22 20 14 18 32 35 33 23 28 23 16 35 30 23 10 23 17 11 17 32 13 11 25 20 31 17 20 28 18 20 34 19 17 12 26 27 30 40 17 27 14 40 30 28 31 30 15 21 29 7 27 29 35 20 17 26 25 27 19 19 15 27 22 
21 14 21 34 11 28 22 23 19 24 30 34 26 22 32 20 32 25 21 24 20 35 23 16 20 21 21 16 32 22 23 10 36 17 31 24 18 16 16 20 20 22 21 20 24 14 16 41 36 16 21 24 38 32 19 23 16 22 24 22 20 24 27 32 21 22 24 13 19 21 26 15 34 16 25 9 38 27 27 31 19 31 15 30 13 26 22 39 32 25 12 37 23 23 29 28 31 18 6 32 31 17 31 12 18 27 19 34 22 21 23 20 18 18 38 21 28 18 29 22 
38 15 13 22 14 26 35 26 15 18 23 42 25 19 19 25 28 35 17 22 15 27 21 29 27 24 10 23 24 22 25 18 35 9 30 28 20 31 27 14 20 16 18 21 20 25 12 14 31 29 21 29 36 30 14 21 15 24 31 20 21 30 25 36 40 15 16 12 22 17 33 19 40 10 39 12 36 20 29 19 33 23 25 29 17 25 21 28 17 18 21 33 30 23 29 23 23 17 29 42 41 31 27 16 16 31 22 44 16 23 26 30 27 25 24 22 30 9 29 27 
31 17 25 23 7 29 41 24 24 20 25 28 25 23 16 37 11 35 27 19 16 29 17 20 20 29 26 29 17 28 34 23 25 24 19 31 15 16 22 13 8 24 30 31 18 25 20 11 46 20 16 18 44 38 19 21 31 32 32 13 19 18 19 16 29 40 23 16 19 18 24 16 39 15 33 17 36 8 24 22 26 31 13 29 21 39 21 25 40 28 19 22 31 19 25 33 21 16 37 24 32 21 28 12 14 34 12 29 25 19 26 29 26 27 37 24 26 11 13 24 
39 22 16 28 21 26 32 37 27 15 20 39 17 21 23 19 23 18 19 22 17 22 16 22 30 26 30 19 28 16 18 23 33 33 20 26 3 40 13 19 21 23 29 24 21 16 28 26 20 36 23 37 6 26 26 20 20 14 32 27 8 26 30 31 16 29 13 19 18 26 20 20 23 31 25 19 34 11 19 12 34 35 15 37 32 24 21 25 29 25 27 32 25 15 10 17 38 15 32 33 12 14 32 11 15 22 16 18 26 34 32 14 18 25 17 27 16 18 23 18 
36 21 23 18 14 28 15 40 16 16 23 35 22 24 16 44 31 29 27 24 16 21 13 36 26 23 32 25 9 30 44 14 20 16 19 31 23 27 17 25 20 14 31 34 24 26 21 23 35 45 23 22 32 18 16 19 18 17 28 16 17 29 8 42 23 27 17 21 25 34 37 22 25 19 20 26 30 20 21 28 22 28 26 28 26 22 17 34 13 17 20 29 24 13 16 32 31 17 50 19 15 28 27 16 16 23 8 30 26 24 20 29 23 36 28 14 27 11 24 23 
23 20 12 14 12 27 22 29 26 18 20 28 15 33 20 16 21 25 23 19 17 27 11 24 21 19 27 25 36 15 18 15 32 23 30 33 20 34 26 11 17 16 23 24 10 7 31 31 31 34 26 30 23 18 18 20 17 28 19 17 21 20 34 30 38 36 17 22 26 33 20 10 32 23 37 19 39 19 36 8 24 22 26 17 17 22 15 27 28 30 15 24 20 11 29 26 33 12 33 38 41 30 37 18 25 18 8 30 32 43 18 34 28 13 33 15 13 22 32 19 
41 17 20 24 11 28 37 26 17 27 9 34 20 13 35 29 25 27 22 30 20 34 8 46 45 31 22 18 21 34 36 23 34 18 18 34 21 16 29 15 12 13 30 42 36 11 26 35 37 30 14 26 30 20 14 25 17 26 25 20 19 37 17 38 21 32 18 16 29 32 23 12 32 25 3 14 29 11 28 15 37 23 11 33 14 24 23 35 35 34 11 14 30 25 38 15 29 12 22 30 30 25 29 21 18 22 23 30 21 28 29 33 27 23 29 27 22 14 16 29 
20 8 12 26 10 27 41 23 18 14 10 39 19 17 13 15 22 26 33 28 21 35 15 35 25 20 25 17 20 30 27 12 28 23 37 23 18 36 18 8 22 17 33 17 19 7 28 36 32 33 19 28 21 21 14 18 10 28 25 19 16 31 28 49 32 19 19 9 23 20 13 17 44 21 19 13 36 18 14 16 37 19 18 25 24 15 16 25 26 18 13 41 21 23 30 39 20 15 36 31 36 39 31 10 16 29 23 23 24 21 27 19 19 34 23 21 32 15 28 26 
41 19 25 24 17 30 35 32 23 4 22 27 16 21 25 35 20 21 31 20 15 36 12 18 22 22 18 25 12 23 32 23 28 18 23 26 25 37 26 16 24 11 30 26 23 15 21 27 12 33 23 24 28 27 26 13 18 17 26 21 19 32 13 58 24 18 28 22 20 27 38 12 30 16 21 28 28 20 40 18 37 34 13 14 10 26 23 30 26 30 9 47 19 17 25 20 21 13 18 25 34 23 25 25 17 19 15 29 35 21 26 26 29 27 22 14 16 14 38 18 
28 26 20 17 10 22 18 28 14 21 26 31 20 35 26 27 18 29 24 31 18 21 17 42 33 29 32 18 31 27 47 16 31 11 25 47 18 27 32 18 20 19 37 38 22 23 24 21 34 30 18 33 34 40 15 25 23 19 28 26 16 33 30 24 23 28 19 19 23 38 12 9 31 21 31 20 35 11 21 25 31 31 18 23 22 26 18 17 27 32 13 16 25 13 33 18 30 12 34 32 22 24 21 14 18 32 7 34 28 23 12 20 14 29 33 16 15 10 37 21 
23 23 22 29 10 29 13 35 26 18 24 36 20 10 28 17 18 28 31 24 29 28 12 27 20 26 23 16 33 23 42 13 19 9 25 37 16 21 19 17 30 20 44 25 26 6 24 45 36 37 18 32 24 22 10 25 36 31 24 24 22 16 31 23 25 16 15 12 25 16 19 13 29 19 37 24 23 25 31 14 30 13 18 20 18 14 21 21 32 21 16 37 22 27 22 25 37 23 20 27 39 33 15 8 18 18 14 20 23 36 24 26 19 30 31 23 29 18 31 25 
29 10 12 27 12 25 39 35 16 21 16 37 26 22 16 20 27 26 24 23 16 32 17 36 29 24 21 28 21 29 18 17 19 22 20 33 25 30 25 15 15 18 24 26 15 15 19 34 26 32 20 26 29 25 19 25 18 6 15 21 19 15 26 23 27 28 18 22 20 34 37 9 32 15 24 32 19 26 45 6 37 29 13 13 14 27 30 23 19 15 14 27 20 17 33 27 27 15 32 28 24 34 19 20 23 31 18 16 25 17 10 32 22 22 29 14 20 8 31 23 
29 19 14 25 20 34 16 34 12 16 30 24 21 25 22 23 29 43 28 29 26 42 15 15 44 32 21 16 22 24 37 15 28 24 21 14 19 34 30 16 27 17 36 25 5 21 24 26 38 26 21 26 42 20 21 22 30 28 22 13 15 36 23 23 21 31 12 14 32 25 31 12 30 20 27 23 41 20 34 18 29 39 23 25 23 12 16 31 28 25 19 40 18 23 27 30 37 14 27 12 25 35 27 15 18 11 20 28 21 44 33 26 14 28 27 23 21 12 34 26 
23 20 22 26 13 40 29 20 18 18 25 26 12 19 21 26 22 33 33 21 16 34 21 26 29 22 23 25 21 30 24 26 42 22 29 18 20 32 24 25 19 16 26 33 18 20 22 29 14 23 21 33 22 28 9 24 21 21 22 25 15 24 28 28 27 27 20 6 29 25 42 15 26 24 31 25 28 15 14 18 27 32 16 35 26 27 36 22 18 33 14 28 20 27 21 34 27 22 26 26 35 25 22 23 19 16 16 27 12 34 31 8 15 24 34 19 23 11 29 17 
19 20 22 34 18 22 31 33 16 14 37 43 21 28 25 26 16 38 20 22 24 36 25 30 26 25 30 25 37 18 34 18 33 14 19 33 17 27 25 6 21 27 38 35 21 19 18 27 20 23 18 31 26 16 24 16 15 14 25 26 9 17 29 18 19 13 24 25 20 26 44 16 38 20 16 16 20 15 52 29 19 25 23 22 15 27 16 26 26 25 13 21 21 18 30 33 33 16 27 20 31 15 28 13 14 25 15 37 22 22 20 26 13 9 17 19 7 13 36 12 
32 19 17 32 14 44 36 22 19 17 22 19 22 26 20 19 18 41 22 32 4 8 13 14 26 21 32 24 33 24 36 27 34 27 29 18 9 13 22 15 19 23 29 36 20 20 25 35 26 29 21 23 7 31 17 22 24 29 21 22 17 32 24 36 41 23 25 16 28 15 35 23 21 24 32 20 34 20 38 22 27 39 22 9 14 13 24 40 25 23 22 26 21 19 34 38 32 17 29 36 22 27 11 14 19 15 12 37 33 21 18 19 20 29 35 17 24 8 24 19 
49 17 22 32 22 32 47 28 14 15 23 34 20 23 27 31 26 27 23 20 22 23 20 24 26 25 27 23 30 27 39 9 27 4 21 24 24 30 25 14 22 15 34 23 24 12 24 24 33 30 17 26 23 13 18 16 26 29 27 20 14 33 33 23 30 28 20 12 18 23 29 20 28 22 25 13 18 12 33 26 37 21 23 29 31 30 21 23 28 17 19 22 18 19 20 28 36 18 7 35 32 29 28 17 20 25 9 24 23 34 35 27 5 21 31 20 32 18 20 12 
33 16 26 9 9 18 26 29 13 25 14 39 21 13 31 25 26 26 24 35 16 21 20 28 29 24 13 24 42 28 33 17 23 25 29 31 22 24 25 18 12 18 17 22 23 24 19 35 32 46 33 27 22 10 23 28 25 25 21 19 16 21 30 49 24 16 16 24 29 36 18 16 40 17 34 26 29 24 23 21 34 28 15 32 25 16 18 41 37 28 22 31 30 19 16 20 14 4 34 31 28 18 20 20 17 9 15 21 14 26 17 29 17 22 28 24 32 18 32 28 
39 23 14 28 23 32 20 22 16 27 17 31 7 26 17 25 30 25 15 32 20 32 20 21 53 21 24 23 18 20 24 16 33 24 29 38 19 29 20 13 21 14 35 37 9 11 14 47 14 33 24 19 28 20 17 22 14 19 25 25 22 18 26 21 24 38 24 20 38 23 20 11 23 26 19 14 26 21 41 29 27 42 22 23 10 21 14 22 34 22 15 41 21 24 23 21 28 13 22 23 32 25 37 16 21 24 19 33 9 33 23 31 9 40 27 18 25 13 45 16 
37 22 19 19 22 32 13 28 23 21 26 36 20 31 21 32 13 27 33 31 18 22 21 34 34 27 28 21 15 17 28 14 31 24 32 29 18 18 25 13 20 17 48 34 29 19 20 19 41 40 27 26 18 15 24 21 20 19 29 21 20 41 34 36 13 11 21 21 31 34 30 19 16 22 24 11 34 23 38 24 34 50 18 32 17 33 24 24 22 30 16 22 27 29 39 32 44 20 24 28 24 30 19 12 26 27 17 24 29 19 24 23 24 18 31 14 21 17 33 26 
27 21 14 19 24 19 21 25 17 16 30 33 15 11 31 19 16 22 26 23 11 26 14 26 35 26 23 23 17 27 31 20 19 34 28 25 20 29 16 26 26 18 23 26 20 15 17 33 31 28 22 16 24 35 22 17 15 33 22 19 23 22 33 38 28 21 11 9 17 26 47 17 35 9 17 17 41 16 25 16 37 32 15 32 20 29 28 26 31 24 9 33 9 16 31 20 33 17 30 21 31 39 27 19 22 29 22 18 12 44 29 18 25 25 40 22 19 21 28 24 
28 9 23 38 20 29 22 31 18 15 33 28 13 13 17 16 23 24 34 32 19 34 10 31 26 32 31 12 20 35 18 28 35 25 28 14 15 18 26 23 26 21 31 42 21 12 21 29 27 53 23 24 37 41 21 31 17 37 10 22 13 25 24 36 28 39 18 11 25 17 26 13 34 8 20 17 32 23 22 23 19 23 13 20 24 27 12 38 27 20 23 19 23 26 25 33 22 20 33 32 21 18 32 17 26 20 16 36 23 29 17 19 10 17 24 17 11 9 36 18 
23 20 20 19 13 30 28 30 22 20 32 20 24 8 35 9 21 28 19 26 13 22 6 31 30 32 17 21 18 22 28 19 32 18 34 30 25 16 22 20 23 23 31 13 18 22 33 29 35 41 21 18 24 30 16 18 23 29 28 27 20 33 19 18 32 17 21 21 36 19 42 16 18 22 16 13 32 18 12 21 35 25 22 19 11 17 24 39 32 33 16 34 13 27 21 30 26 11 29 29 36 27 16 15 17 21 8 28 18 28 11 18 35 27 33 18 14 15 21 22 
25 17 20 15 18 18 29 19 23 24 9 39 25 21 20 21 21 22 17 32 24 32 10 31 30 28 25 26 25 19 34 17 22 23 17 21 4 30 21 16 15 24 23 17 23 16 25 30 33 27 14 34 15 25 22 14 24 23 18 17 18 33 37 36 27 32 12 12 24 17 32 11 26 21 20 15 39 23 28 23 27 27 21 13 19 23 24 43 13 29 11 29 29 29 31 21 41 22 31 21 26 23 30 18 23 34 19 34 33 15 19 23 23 20 36 8 31 12 37 13 
21 12 18 19 18 26 19 21 23 18 35 29 33 16 19 16 21 32 27 23 8 32 19 32 27 21 22 22 18 28 45 19 37 20 37 26 14 36 30 17 27 13 28 20 19 15 28 34 24 17 28 31 20 29 21 17 23 24 25 16 12 28 52 35 29 22 8 21 15 29 25 6 23 21 15 15 18 19 42 27 26 40 13 17 24 13 18 35 33 38 15 29 22 15 28 26 26 8 35 51 34 19 44 20 15 30 21 23 17 20 23 28 31 28 33 25 15 13 27 23 
24 15 18 10 18 42 25 25 27 16 18 19 22 22 31 21 14 15 31 21 30 29 10 28 20 34 16 18 27 25 25 23 29 30 20 20 15 32 5 16 7 17 27 24 23 13 15 30 27 36 27 30 21 23 25 20 30 30 27 22 13 39 24 22 24 33 26 22 23 24 26 13 15 11 31 18 23 15 41 17 36 33 21 18 33 24 17 30 15 28 20 36 28 26 21 15 30 14 31 25 33 23 29 15 15 21 16 30 23 35 16 42 24 22 30 12 31 23 30 16 
42 16 28 20 19 47 26 45 16 17 21 17 23 25 17 29 23 31 31 31 21 39 19 27 32 27 22 24 26 23 43 17 30 22 39 22 22 18 18 18 10 12 23 26 26 10 29 34 30 17 17 24 26 23 26 20 24 21 27 23 15 23 19 24 19 38 14 8 25 36 19 19 36 24 28 31 13 23 32 27 40 20 24 17 17 19 14 48 27 26 21 23 18 25 25 15 17 19 31 12 31 26 32 19 18 29 17 32 25 37 21 29 17 31 36 12 19 14 15 18 
26 14 25 17 15 22 12 32 20 18 18 30 19 18 18 20 30 22 20 29 16 35 15 29 30 28 16 23 20 15 31 23 30 15 20 27 7 27 24 17 15 17 31 23 20 14 18 39 27 42 21 29 14 13 20 13 15 42 26 22 26 28 36 19 31 20 24 18 18 29 21 14 32 24 31 19 15 11 22 19 36 27 14 18 19 9 21 39 24 22 20 15 23 24 38 24 32 13 26 29 26 23 9 16 4 20 17 30 29 14 24 31 15 17 35 20 18 18 27 26 
24 12 24 21 14 16 28 29 16 14 19 28 20 13 20 44 30 25 33 21 21 27 15 19 26 20 24 19 20 28 37 15 44 19 31 23 21 41 33 16 5 17 32 26 15 24 26 26 30 37 29 24 29 34 23 30 25 30 25 30 12 49 18 31 19 25 21 21 19 39 20 10 35 28 32 15 17 20 26 23 22 53 20 28 10 11 23 32 37 20 25 24 22 21 32 22 34 11 13 28 30 27 20 11 18 20 12 34 33 29 27 23 22 26 26 17 18 17 34 28 
27 16 26 18 18 28 29 35 23 11 9 39 20 16 32 27 18 20 16 38 24 32 16 28 30 22 24 22 13 18 27 16 20 24 37 12 24 23 26 23 15 13 23 36 12 20 16 35 29 33 24 26 3 19 19 21 24 28 22 17 20 35 21 32 21 27 16 21 30 25 19 18 13 25 11 33 36 21 9 24 14 44 12 35 25 16 20 24 18 27 20 29 24 26 32 19 15 20 17 30 31 17 20 20 28 19 17 25 23 25 13 36 17 27 11 27 18 12 27 19 
27 17 19 18 16 44 32 41 25 26 23 30 15 15 28 19 31 29 23 36 26 27 15 25 38 17 15 24 22 23 37 21 31 23 27 27 19 24 31 8 10 25 29 17 22 21 25 35 37 41 32 35 22 20 27 19 11 17 23 11 19 17 40 33 21 31 18 20 20 21 35 10 9 24 26 19 19 17 39 24 38 23 22 19 16 15 19 31 21 24 18 20 10 24 30 21 29 14 43 33 18 21 25 21 13 22 16 29 18 31 24 9 26 30 30 15 20 9 16 16 
23 22 24 30 21 23 35 30 21 18 30 53 14 13 14 25 18 34 34 33 14 22 13 27 17 12 22 14 27 24 34 14 16 18 19 20 14 35 28 19 13 9 29 25 17 19 24 30 21 32 27 19 30 22 12 14 14 34 17 25 16 22 24 31 34 30 15 17 19 31 18 15 35 21 22 15 24 15 25 24 41 16 14 33 15 25 26 20 19 33 9 12 23 24 26 30 28 9 31 29 32 19 44 19 22 31 21 38 25 36 20 31 20 23 34 19 24 19 24 21 
36 20 23 14 18 25 32 27 23 13 21 13 31 25 23 18 25 28 29 35 22 28 14 28 42 34 25 24 31 27 33 18 14 12 24 35 20 28 26 9 20 18 22 28 17 15 24 38 27 27 8 35 22 33 18 24 19 24 24 19 17 35 25 27 31 24 15 19 17 16 30 6 25 12 31 21 16 13 26 22 28 30 33 27 22 28 23 3 26 25 19 40 21 22 44 26 42 18 27 45 31 37 21 16 30 24 12 30 30 40 23 34 17 33 34 10 20 15 29 28 
35 20 14 26 25 13 29 15 18 19 26 34 16 33 19 28 26 31 18 32 17 20 10 27 29 36 26 22 14 16 25 29 36 14 38 29 30 26 32 15 13 11 38 26 20 22 14 23 20 41 22 24 21 15 17 17 14 30 22 16 14 27 23 36 20 30 16 19 36 28 13 17 36 20 25 17 29 18 25 24 20 34 16 34 9 17 17 35 30 19 25 19 22 19 15 27 20 22 36 17 30 21 38 18 16 24 13 30 28 17 30 24 19 17 30 11 20 14 50 33 
31 22 18 25 16 22 24 32 17 24 28 18 38 14 15 30 29 12 23 26 21 18 19 25 47 21 27 26 33 13 25 17 7 20 19 23 16 44 15 14 19 19 32 41 7 11 16 29 32 44 17 20 19 19 28 24 29 19 19 28 17 26 31 43 37 31 22 16 30 24 27 16 24 12 21 23 26 11 38 22 21 38 21 30 19 15 30 25 25 31 18 27 24 27 39 35 29 14 39 34 41 19 19 17 21 37 16 8 24 34 20 23 28 28 32 14 14 14 12 24 
25 15 23 23 14 39 36 29 22 17 19 20 27 18 38 29 25 26 12 25 22 36 7 19 34 19 27 21 24 19 27 18 44 28 11 28 18 29 17 14 24 19 23 37 27 15 23 26 33 32 29 26 9 15 15 9 27 28 29 23 21 31 21 30 34 34 23 17 29 51 19 15 26 24 31 21 37 19 32 22 46 17 31 16 27 16 19 37 18 36 21 36 23 19 28 34 36 16 34 33 16 21 28 21 22 29 16 33 38 24 36 22 17 30 20 21 20 21 45 25 
32 15 16 30 21 28 21 38 23 7 24 16 18 20 18 28 17 27 21 27 22 34 12 19 20 39 31 16 25 20 29 18 16 27 18 19 26 23 31 23 10 18 16 31 29 15 26 31 45 34 20 16 19 13 18 10 24 33 33 19 18 19 34 25 23 16 21 13 31 18 26 20 23 28 31 13 31 18 15 21 34 37 19 15 27 11 21 34 30 16 20 16 28 17 35 15 18 18 20 23 15 23 18 14 21 20 12 27 25 24 27 18 17 20 24 18 26 20 28 25 
17 23 15 20 17 28 32 46 20 14 21 33 24 22 27 36 36 38 30 20 22 35 9 32 37 28 26 16 30 22 11 15 26 27 30 20 24 37 22 15 18 11 25 39 8 13 34 17 30 22 14 35 23 11 24 23 20 19 23 27 15 8 33 34 44 16 24 14 27 26 13 14 31 17 26 15 18 33 24 19 22 27 20 40 25 19 18 28 17 30 23 28 31 19 29 16 20 17 20 34 38 23 29 16 27 18 11 24 29 21 15 12 18 21 22 22 13 19 38 20 
41 16 14 33 17 24 23 24 24 20 28 31 13 9 19 25 22 22 22 23 21 19 19 18 38 27 32 11 38 26 23 22 20 30 24 19 18 33 42 16 18 16 30 22 15 30 32 22 21 22 14 31 29 21 17 20 7 27 30 21 18 16 20 19 35 25 12 16 17 30 30 16 20 19 11 23 27 23 25 19 44 32 13 29 25 23 22 44 19 22 17 24 24 30 28 17 28 14 33 39 26 31 34 18 12 32 13 23 15 23 24 26 11 17 35 15 21 13 30 24 
22 25 18 18 23 31 19 28 15 21 26 52 24 23 23 32 28 29 25 28 15 35 13 17 36 33 24 21 27 18 34 20 36 14 30 39 23 23 16 15 19 15 19 30 19 17 22 33 32 34 22 22 28 23 19 15 17 25 19 25 13 35 21 29 21 27 13 18 22 25 36 13 29 11 23 15 25 13 33 17 14 26 17 22 25 28 21 28 27 21 23 23 7 23 32 29 38 19 40 34 18 24 34 21 18 27 15 32 18 30 13 31 25 21 30 17 24 21 21 25 
12 20 21 28 14 28 39 30 20 24 34 25 24 27 32 23 22 32 32 14 16 32 20 19 28 26 22 12 31 10 21 12 28 20 31 6 18 24 21 18 21 19 40 37 11 16 24 18 11 42 18 35 21 18 23 31 18 24 20 17 17 46 29 38 32 33 21 18 26 28 20 15 30 19 31 11 36 22 23 27 33 25 17 15 22 26 25 30 36 20 13 18 15 24 34 33 27 11 27 26 27 27 24 15 21 23 14 23 23 40 33 34 15 23 20 19 14 19 39 24 
37 17 20 26 18 36 38 33 14 15 19 39 22 17 18 9 22 27 34 18 16 34 22 11 31 32 21 18 21 24 36 16 28 25 24 27 14 31 26 8 22 20 31 42 16 21 23 38 30 28 13 25 27 29 15 26 14 26 28 25 21 30 19 17 42 19 26 18 36 22 29 13 44 15 23 22 33 26 34 35 22 31 19 15 16 27 17 38 15 41 22 26 23 27 25 23 32 16 33 38 19 14 27 15 16 25 17 32 28 22 12 19 22 31 31 18 16 24 27 24 
23 18 20 21 13 33 23 5 9 24 22 18 14 18 14 24 20 39 32 21 18 49 16 23 28 29 30 24 33 27 36 20 21 21 21 17 24 31 8 14 23 21 29 33 19 27 29 26 28 8 23 20 23 38 18 17 21 22 26 20 15 21 34 40 38 26 20 19 24 27 33 24 24 12 22 18 39 21 29 16 27 28 27 27 12 27 22 37 33 16 11 28 28 19 31 21 31 18 29 37 19 26 41 11 26 27 21 31 37 20 39 19 25 18 27 10 12 18 20 23 
28 26 18 28 21 31 40 33 16 20 23 17 28 13 12 25 21 26 30 25 20 36 10 27 38 34 17 30 30 21 44 24 30 14 26 29 20 35 25 14 21 10 22 13 17 15 30 31 28 7 21 25 38 35 24 25 13 16 21 21 12 29 29 20 36 17 13 10 19 17 31 16 40 18 16 24 17 25 43 27 41 27 8 31 28 18 23 23 23 26 26 36 16 18 25 26 33 13 41 45 26 18 37 16 22 21 14 31 18 22 18 15 14 31 8 13 22 9 39 34 
23 18 16 9 18 22 21 21 13 16 20 16 22 23 23 21 27 33 21 50 10 35 11 26 20 27 33 22 36 27 40 17 13 32 30 32 20 26 13 13 15 19 30 43 25 5 18 30 47 27 33 27 21 20 22 7 33 15 21 17 9 28 25 46 26 23 20 21 30 36 17 13 12 10 27 20 31 11 27 19 23 20 18 27 15 19 26 25 26 20 19 27 27 20 23 26 31 22 22 47 37 25 23 15 21 25 17 25 44 27 23 39 13 10 29 13 23 20 41 21 
22 24 23 33 9 35 29 30 25 19 36 27 28 17 26 24 26 29 26 16 19 39 14 22 35 12 22 22 14 35 45 14 25 14 30 22 13 24 37 14 12 20 32 40 28 14 33 41 20 38 11 15 34 29 13 21 14 30 23 26 10 38 38 6 23 23 18 21 22 22 28 19 22 22 30 18 3 13 35 19 33 42 22 25 19 22 18 33 15 26 20 33 27 30 36 37 33 18 13 35 36 32 38 21 18 24 20 27 21 25 19 34 20 31 25 13 26 19 28 23 
32 14 19 32 21 16 10 23 17 13 20 14 23 19 24 30 15 37 22 28 23 24 18 28 30 24 32 16 20 18 26 11 24 19 34 25 19 37 18 13 25 10 26 34 15 21 17 35 28 31 10 26 30 24 25 11 14 32 19 18 17 40 44 27 34 27 23 21 20 18 17 14 37 24 21 25 20 12 17 27 34 14 18 32 27 24 10 33 14 13 25 28 19 23 32 24 13 14 20 23 33 13 34 24 23 29 21 37 17 34 16 14 24 28 22 15 26 22 27 22 
34 25 13 21 10 35 26 44 17 22 27 32 21 23 16 29 25 24 23 31 16 31 16 25 24 26 22 28 24 20 39 17 28 18 30 27 15 23 21 20 20 16 18 40 16 19 29 27 11 26 23 26 25 32 17 25 20 25 18 24 11 20 35 32 30 31 18 18 30 16 19 13 27 22 32 22 36 18 32 22 25 31 16 44 31 28 21 37 26 25 19 30 35 19 24 24 16 16 31 31 25 28 38 19 16 27 10 21 22 21 34 31 25 45 35 15 20 15 21 28 
38 27 20 35 15 48 27 23 12 11 34 26 21 26 32 19 20 26 20 40 20 25 5 37 34 18 33 34 20 31 34 18 28 24 24 45 19 21 13 17 16 16 15 42 21 16 18 35 23 34 15 26 22 14 22 10 25 38 28 32 18 21 38 32 28 20 19 20 23 21 26 6 27 26 27 16 28 21 21 35 27 28 19 42 5 26 27 27 21 19 13 36 19 27 25 17 24 17 24 42 27 24 29 19 14 19 13 31 19 34 30 30 19 22 22 14 20 13 34 17 
30 7 23 24 14 33 21 45 21 14 21 26 15 19 26 18 21 24 25 29 15 32 14 26 32 21 19 20 26 34 18 16 27 11 22 20 25 30 18 9 18 18 33 26 30 17 19 35 20 31 24 22 23 23 11 19 21 20 20 20 10 23 33 53 28 29 19 4 33 21 34 10 33 24 31 22 43 15 35 36 39 20 12 32 20 23 29 18 32 30 26 19 24 23 11 23 25 11 25 25 48 36 35 15 19 25 19 30 32 21 26 27 26 21 32 28 24 17 29 24 
31 14 15 17 17 42 27 27 17 16 12 24 20 22 20 27 24 37 22 23 11 18 16 13 23 25 29 25 40 23 28 25 27 16 22 24 21 11 28 20 16 9 16 18 18 11 27 25 26 35 12 16 11 24 18 28 27 19 26 22 26 34 24 19 29 29 26 18 22 19 27 17 12 21 42 17 41 16 38 28 27 24 24 31 25 15 16 34 22 21 22 21 23 24 30 24 22 14 10 27 19 21 29 16 22 31 17 21 36 36 27 21 27 36 36 22 26 15 30 25 
22 20 17 18 20 30 36 33 17 23 31 22 19 25 23 32 27 29 22 15 13 32 19 16 15 31 23 19 32 14 55 17 48 23 32 41 12 38 34 19 23 9 33 27 35 18 29 19 38 46 20 27 25 27 13 27 20 22 18 17 17 41 23 27 20 20 21 20 32 25 27 19 27 26 35 24 31 19 43 13 33 34 23 28 26 20 15 35 14 18 17 31 13 26 31 33 18 19 19 34 40 23 21 19 20 23 18 12 19 27 9 16 21 35 39 11 19 17 27 23 
36 16 14 25 15 35 27 38 23 23 10 45 7 17 20 28 29 29 32 34 22 36 20 26 36 18 19 18 28 22 38 22 37 28 32 12 15 18 19 20 22 23 36 29 28 18 22 32 25 17 24 17 34 20 12 24 13 23 31 25 11 23 16 27 21 20 13 21 23 28 11 16 19 18 8 23 29 12 31 7 20 42 23 40 24 18 31 31 30 17 21 22 22 20 34 26 21 13 18 46 23 26 35 19 16 23 10 27 23 31 15 23 12 27 26 27 20 22 40 33 
25 23 9 27 14 21 30 19 25 12 29 23 25 30 18 30 18 40 7 27 17 35 15 29 20 26 26 10 12 27 27 15 35 15 27 14 27 31 15 19 11 10 38 38 29 11 16 29 18 33 18 32 6 24 23 24 28 39 32 34 19 16 23 23 28 36 20 20 28 31 17 15 25 14 24 13 43 22 37 6 22 33 29 23 12 17 23 19 12 20 21 28 18 25 33 24 35 13 36 28 26 27 19 15 18 28 14 26 15 37 13 15 17 13 32 22 16 13 40 28 
41 28 15 32 13 34 31 30 22 21 27 48 17 11 22 23 17 19 21 29 15 44 8 26 20 23 23 18 18 16 32 20 23 23 16 27 23 21 22 11 10 12 36 29 20 31 23 18 41 48 20 21 18 29 15 31 25 25 21 17 18 33 34 38 20 38 10 15 21 2 21 10 29 18 18 18 27 10 34 24 24 34 19 32 20 21 12 29 28 21 12 32 30 23 23 26 26 12 16 34 20 19 26 13 21 29 15 32 26 44 22 14 17 17 25 21 20 21 33 21 
44 22 31 24 19 23 19 13 21 28 12 27 20 14 34 3 13 22 13 32 20 37 6 31 40 25 34 11 23 26 32 20 36 19 21 16 21 31 26 12 17 15 20 23 22 4 25 29 17 32 19 31 35 29 15 20 29 14 25 27 20 37 34 27 25 25 21 17 28 31 38 13 23 28 30 8 38 24 19 13 26 38 13 31 33 19 18 41 19 27 15 25 19 16 26 29 34 6 24 24 20 23 33 10 18 34 20 23 38 20 14 21 15 25 17 19 24 15 17 22 
29 6 13 21 16 31 36 22 22 16 30 32 24 24 20 28 21 22 31 15 14 27 20 23 20 10 14 12 18 25 9 24 39 21 29 19 18 37 24 11 17 17 25 24 29 21 15 36 27 29 30 28 32 14 23 19 26 15 22 32 18 32 24 33 19 30 19 22 30 41 19 17 29 30 16 24 33 31 30 21 13 30 27 34 35 25 30 32 28 37 17 41 28 25 16 40 30 18 42 28 34 26 26 16 10 19 15 39 15 21 31 23 25 23 36 21 15 22 22 22 
48 27 16 31 15 25 40 38 24 18 23 26 24 24 19 33 23 26 23 22 18 25 14 27 24 18 26 26 19 10 13 19 30 15 25 36 17 32 35 15 13 9 20 45 24 8 20 32 33 27 18 28 29 26 21 10 14 18 34 18 13 23 36 21 24 39 22 19 22 24 15 14 31 14 16 19 41 15 26 13 31 27 13 37 26 11 20 30 18 14 19 29 21 22 28 27 26 21 20 31 29 29 28 16 20 38 17 36 23 42 19 29 20 26 22 23 23 14 33 21 
37 20 11 31 13 38 28 33 24 11 13 41 20 21 26 12 28 32 28 32 22 31 5 28 27 28 18 16 17 14 32 11 26 26 28 25 16 30 28 17 21 17 33 32 22 27 14 34 27 33 15 27 21 29 28 13 23 33 13 24 24 31 22 33 28 34 19 9 22 38 32 11 28 16 18 21 25 29 27 28 19 19 20 8 17 11 25 19 29 18 20 21 27 19 29 31 26 19 25 37 14 20 31 20 18 27 17 26 21 15 17 36 20 26 27 24 23 16 17 24 
24 15 16 17 21 37 24 43 13 15 7 36 18 24 23 33 22 32 22 16 11 31 18 29 40 22 19 25 19 16 20 15 33 19 16 11 10 31 24 23 13 24 21 26 18 32 26 33 26 21 24 26 23 16 11 20 20 23 16 23 19 33 34 32 32 24 14 15 22 22 24 20 24 22 27 13 23 21 30 15 33 40 23 34 30 30 13 20 7 28 18 29 26 9 35 27 18 19 26 30 21 21 43 21 23 28 19 20 25 30 17 14 12 13 22 21 23 14 27 28 
26 26 14 21 16 29 12 32 25 22 18 15 20 16 13 16 15 20 24 30 24 22 12 20 26 25 28 22 18 20 27 16 26 13 16 39 22 17 22 26 24 10 38 27 28 21 18 34 31 29 24 22 18 15 15 25 24 28 24 28 14 26 33 28 20 29 18 18 34 26 41 10 43 28 34 15 24 21 37 25 29 19 14 33 27 26 22 29 28 25 27 33 29 9 36 33 40 17 27 44 19 32 27 16 26 30 13 16 23 16 29 30 16 29 32 14 31 12 32 24 
34 17 19 21 13 32 16 20 24 10 27 18 27 24 30 25 25 32 21 23 16 36 9 25 32 33 27 15 21 28 31 20 48 15 30 18 20 16 30 22 16 11 21 35 32 21 30 30 20 47 5 23 18 25 17 25 12 6 18 11 20 13 44 42 27 35 20 10 20 37 20 12 7 18 23 16 27 16 27 23 22 39 21 37 21 17 27 30 28 8 20 24 34 20 31 41 28 10 33 39 31 20 14 23 19 30 20 24 27 30 29 29 24 24 33 16 31 19 32 28 
35 29 23 25 17 18 33 34 23 20 29 16 40 16 15 33 20 9 23 37 17 26 16 29 25 24 28 25 37 13 16 15 29 3 28 30 23 36 29 18 21 10 24 34 29 10 23 22 32 37 17 22 28 21 9 16 23 27 20 16 17 38 33 35 18 20 11 18 14 36 31 15 38 19 24 14 38 27 31 19 18 39 23 14 13 16 23 30 33 24 23 36 35 30 30 32 28 17 25 26 33 32 28 12 21 13 15 25 36 27 15 22 18 27 23 19 20 22 46 8 
20 12 21 23 11 37 43 33 25 19 24 26 18 19 28 18 23 38 17 30 21 32 18 25 24 14 12 18 24 20 32 22 29 15 29 38 7 28 28 13 16 18 49 29 25 14 20 34 15 10 29 34 33 19 18 13 20 22 16 29 15 26 32 27 18 21 9 16 10 21 38 15 42 15 17 25 58 23 42 29 15 33 17 21 20 25 18 20 14 25 29 34 28 9 26 38 32 17 33 27 31 16 7 24 13 19 25 31 24 29 31 28 18 20 35 8 26 16 32 26 
34 17 20 34 14 30 31 23 15 15 15 38 14 18 14 31 22 12 27 19 20 27 8 21 29 13 16 18 21 21 48 26 40 25 20 30 24 31 12 17 9 12 35 26 20 17 24 33 24 32 24 32 16 14 18 16 19 30 15 28 16 29 19 56 28 24 14 25 21 27 14 8 35 13 24 25 41 29 9 31 22 30 9 38 27 24 14 37 32 23 18 34 34 13 28 24 30 15 36 45 32 10 38 14 25 25 21 31 21 37 28 23 21 20 28 11 27 21 33 27 
32 19 16 12 21 35 22 39 20 25 25 26 23 21 21 17 6 37 25 35 19 33 12 20 21 27 22 26 25 19 37 19 37 16 20 33 13 31 27 9 24 19 38 28 15 18 22 29 22 28 29 28 32 22 25 16 20 32 26 21 18 29 30 24 17 37 14 15 33 10 19 15 16 15 19 21 40 24 32 16 31 26 15 28 20 26 17 21 29 16 21 35 25 26 34 14 24 22 26 29 34 32 25 16 18 27 20 28 27 38 24 26 19 8 29 21 28 14 33 18 
12 15 14 32 19 25 33 27 11 8 23 23 28 25 30 19 22 35 25 29 18 32 10 33 30 22 19 27 21 9 34 17 25 28 22 29 15 30 14 21 26 15 25 27 14 19 26 27 20 36 18 16 23 39 20 24 17 23 30 8 18 31 32 12 23 27 23 14 23 36 11 16 42 17 29 18 28 22 35 18 29 22 21 31 21 20 16 41 24 14 25 30 26 27 21 28 33 13 35 33 29 14 25 19 14 19 15 22 26 26 17 36 16 16 18 12 29 13 23 22 
18 21 18 25 18 31 34 33 22 22 19 31 11 35 10 33 17 26 18 29 9 24 19 27 30 29 17 18 35 32 43 16 28 25 13 50 26 40 27 16 24 15 23 18 26 22 20 23 41 27 27 8 21 24 22 18 27 23 15 15 20 14 19 31 25 19 19 16 14 34 47 19 14 29 31 17 40 15 45 20 35 33 22 37 19 25 23 23 26 30 13 40 17 19 25 21 44 11 16 28 24 31 21 14 12 27 13 26 33 21 14 15 18 21 45 18 26 12 23 27 
27 23 14 27 15 27 27 39 28 15 19 37 21 16 18 6 24 26 26 28 23 24 20 29 29 14 26 17 25 26 42 15 22 25 27 33 20 11 20 16 18 24 26 21 15 13 19 31 16 47 8 19 22 18 10 25 11 14 18 24 7 18 32 41 27 38 17 15 29 27 16 16 32 20 20 21 40 19 38 24 43 17 17 27 22 15 19 36 17 21 29 25 13 39 21 17 25 17 22 27 32 17 21 16 18 22 16 15 32 15 25 27 23 12 35 19 22 17 26 22 
26 19 9 21 10 23 30 38 17 12 22 43 24 13 24 25 27 25 7 26 15 27 16 31 37 9 27 25 42 20 13 19 18 22 22 7 30 39 19 7 23 20 35 18 18 12 34 22 19 27 15 28 26 25 19 15 26 19 12 19 14 33 29 32 30 17 13 11 16 37 38 9 33 19 21 20 32 28 35 29 43 27 21 7 21 17 16 46 20 21 20 24 24 28 18 29 30 12 25 17 27 27 26 13 16 23 17 31 24 29 22 27 24 22 21 15 28 17 25 13 
40 17 12 18 8 35 38 34 25 26 22 27 20 15 22 12 18 24 22 31 17 39 17 26 33 19 19 21 19 23 25 18 31 21 17 17 11 16 25 8 13 17 24 42 26 18 17 27 34 21 29 27 37 19 20 22 18 29 23 13 23 27 15 30 28 34 14 5 31 13 33 16 25 26 12 30 30 22 26 17 28 19 12 36 26 26 17 14 31 32 28 34 15 32 35 24 41 14 48 37 25 14 25 16 33 30 17 21 20 24 39 18 21 32 42 13 12 15 33 20 
29 16 9 25 21 31 19 26 25 13 18 17 28 32 29 26 28 35 17 19 15 34 19 18 31 26 27 20 28 33 41 20 33 13 36 21 19 42 21 10 17 13 33 24 19 20 14 31 38 16 27 17 24 25 18 29 19 14 15 21 10 30 21 26 29 26 20 18 30 17 21 15 18 5 26 20 38 24 38 27 37 34 23 30 29 28 25 31 17 24 17 22 30 17 27 26 29 11 20 44 37 19 35 16 17 32 15 33 28 20 25 24 15 31 31 17 35 14 38 20 
32 13 22 30 18 19 37 31 26 28 3 40 17 30 2 27 15 24 26 27 24 34 10 22 38 19 29 18 18 19 20 24 35 23 28 28 15 23 10 15 20 18 25 34 20 20 24 30 33 29 15 23 17 17 19 21 21 30 20 17 23 18 26 33 24 24 20 19 31 27 34 13 23 22 27 15 19 24 26 22 40 36 12 24 20 27 29 20 20 30 22 44 14 15 35 19 45 16 32 23 35 21 45 20 15 25 14 23 24 23 15 33 26 4 17 26 36 20 19 21 
41 19 21 15 14 36 26 17 18 21 29 49 21 13 20 22 41 26 17 27 12 18 16 12 18 28 24 21 27 5 20 16 20 21 21 16 21 29 19 7 18 19 31 16 25 16 26 47 27 15 18 10 29 24 21 22 26 17 22 22 8 30 15 35 38 36 30 13 27 14 16 13 25 20 35 16 40 17 34 25 33 29 16 25 25 13 31 32 9 27 14 31 16 22 39 35 18 6 18 31 30 28 46 14 23 19 18 18 25 21 28 12 18 29 37 15 24 18 29 13 
36 27 11 21 18 31 50 53 18 17 19 36 24 28 26 22 20 24 33 37 20 27 13 18 22 29 23 18 17 23 11 11 31 18 13 26 14 27 16 13 21 22 30 35 5 23 18 34 31 26 13 29 29 29 19 35 21 17 18 22 11 29 9 18 28 27 17 17 41 32 42 15 36 16 23 22 20 20 23 20 40 24 16 35 11 30 30 13 31 26 18 25 20 25 41 38 25 14 39 30 23 23 42 17 21 18 13 21 21 33 14 24 18 36 23 19 17 22 3 18 
22 12 20 19 20 6 43 14 22 24 20 25 24 15 20 17 27 32 27 15 16 22 9 15 18 29 18 28 27 23 36 21 28 25 27 32 24 34 22 18 15 18 32 26 14 14 28 39 28 36 16 26 25 26 21 28 17 30 13 18 11 27 24 15 19 24 21 8 27 24 30 14 36 28 23 20 40 16 31 23 12 22 18 36 16 16 25 31 23 33 33 39 18 25 44 32 38 11 36 47 17 17 31 17 21 20 14 29 19 15 24 26 41 13 22 23 20 22 24 24 
32 4 20 24 14 10 25 30 22 24 17 20 20 21 14 29 24 30 21 35 17 32 15 26 27 4 26 19 28 20 20 19 41 22 17 4 21 30 17 7 16 16 27 27 29 21 32 22 25 33 19 29 47 19 7 22 19 8 29 9 14 29 33 35 35 33 22 22 17 38 15 20 34 25 18 17 37 23 31 19 40 27 19 29 28 29 22 31 26 20 19 25 35 15 30 30 20 19 17 22 29 31 33 16 17 13 25 16 22 20 24 32 22 18 32 19 29 15 16 21 
35 12 12 24 23 19 41 30 25 13 19 34 25 18 23 20 23 25 33 18 24 41 19 23 32 22 14 24 19 32 32 22 35 19 19 21 24 25 13 21 14 21 33 35 22 25 12 41 21 24 20 25 25 39 22 15 18 22 15 27 20 18 41 32 34 21 21 23 27 14 29 17 30 25 13 17 35 23 44 8 23 31 20 37 22 21 19 33 21 21 16 19 23 27 32 26 28 13 36 36 34 17 19 13 16 19 20 26 13 29 7 36 29 22 22 17 20 26 23 17 
23 20 19 32 10 40 24 23 22 16 13 27 19 21 30 31 25 17 33 43 19 28 11 28 39 34 35 17 27 27 33 22 28 20 24 26 14 27 18 20 19 23 19 35 14 18 23 33 38 23 24 31 33 22 19 25 14 32 16 18 20 21 23 37 26 27 17 15 28 28 31 19 38 31 38 30 34 17 29 35 24 40 17 26 10 27 26 21 24 39 12 36 27 18 26 26 24 11 32 17 25 43 25 13 23 21 15 31 12 29 17 30 18 31 18 12 19 16 29 26 
25 10 17 21 15 22 24 27 17 22 25 4 28 17 21 32 22 24 24 29 20 26 17 28 32 28 25 31 12 24 28 28 42 22 22 38 13 32 26 18 19 20 24 18 27 8 29 20 40 38 26 22 25 32 19 18 14 24 22 24 15 21 32 28 21 24 18 18 21 27 29 13 25 31 23 21 34 13 30 33 23 26 16 18 16 13 21 22 33 19 21 43 18 29 28 35 24 10 44 21 23 23 20 18 24 29 23 23 27 41 11 30 18 28 25 16 14 17 21 9 
36 19 12 32 13 29 21 40 24 13 31 29 26 14 8 27 31 37 16 28 16 30 17 35 24 34 35 24 19 24 35 20 34 16 34 15 24 11 26 14 19 12 33 21 20 9 15 34 34 19 10 22 30 27 14 20 17 21 32 22 13 39 26 35 39 21 9 14 24 13 28 19 30 25 14 25 47 18 27 22 29 27 17 47 27 24 27 49 32 13 11 19 38 20 25 27 28 17 31 26 21 21 26 14 25 30 20 23 11 35 12 14 22 20 36 13 20 17 26 28 
38 17 24 12 14 25 20 29 15 21 21 42 24 12 21 31 24 41 21 15 13 27 9 36 29 19 20 13 20 25 26 12 37 10 25 25 17 17 14 11 18 9 19 14 10 16 24 35 29 19 23 18 25 28 16 26 26 32 29 25 23 32 36 25 21 52 23 10 38 13 26 12 22 24 27 22 28 18 29 23 11 20 15 16 23 33 34 36 23 36 16 36 34 19 19 15 29 16 21 28 33 28 25 17 26 18 14 31 15 28 25 25 23 15 21 16 7 13 26 20 
25 20 18 30 16 17 16 20 30 16 13 22 17 27 30 17 24 19 24 29 19 31 19 21 42 14 26 25 23 28 41 10 36 29 33 32 12 43 19 16 13 20 24 2 21 21 20 26 19 32 27 31 47 37 22 22 9 33 7 26 16 22 16 25 32 25 19 20 31 28 16 16 29 21 27 24 29 16 42 28 22 27 17 18 24 21 19 33 24 31 16 34 35 32 32 13 14 8 30 33 42 26 33 20 22 30 18 16 24 26 17 20 10 15 37 16 34 15 20 25 
39 28 13 26 19 34 32 33 18 33 23 44 18 22 22 20 24 28 21 15 17 40 14 24 26 38 24 11 14 38 23 21 27 24 28 27 18 30 30 13 15 8 26 19 18 11 27 33 36 39 24 28 26 24 19 27 8 11 49 19 11 16 39 25 30 26 13 23 20 30 22 22 41 23 31 28 21 22 45 16 32 39 9 6 26 26 20 30 26 22 11 29 25 20 29 39 27 12 39 17 18 25 32 12 21 23 15 24 16 33 11 24 22 32 36 29 20 21 13 20 
31 20 11 15 23 8 26 29 22 17 27 24 22 29 32 42 25 30 32 17 8 30 15 38 38 19 25 20 20 25 27 25 28 13 22 31 20 32 30 17 14 21 17 25 26 13 33 24 30 24 27 20 26 32 21 26 25 28 28 17 16 24 33 20 31 37 23 19 19 31 23 20 41 15 30 21 29 21 24 23 38 44 9 19 26 21 22 38 31 20 21 33 19 25 26 19 33 15 39 19 29 15 35 17 32 15 12 27 37 31 25 19 25 24 21 14 15 18 49 23 
15 28 14 33 21 40 36 16 17 21 36 25 15 13 26 23 25 32 12 23 16 40 18 30 26 18 25 33 31 17 13 21 29 15 23 32 17 35 26 18 19 9 36 22 22 16 14 36 32 42 10 34 21 33 16 26 20 32 19 15 12 22 39 11 36 22 25 18 26 30 28 20 38 19 23 12 28 11 35 14 35 31 16 46 18 21 18 34 24 31 10 40 12 23 47 37 37 18 36 32 16 37 32 18 20 20 8 28 29 31 15 28 26 24 39 23 21 16 25 10 
22 11 12 17 24 25 24 27 17 18 22 23 27 16 27 25 20 21 2 31 22 25 18 25 23 30 21 16 27 31 46 19 17 23 27 19 17 13 17 12 19 18 34 12 27 21 31 28 27 36 18 29 25 12 13 22 14 28 32 20 14 27 19 36 24 23 20 13 34 23 38 12 37 23 11 18 42 12 40 22 29 35 18 26 32 13 21 39 22 13 20 30 23 31 16 20 33 23 27 35 23 21 34 22 26 26 16 35 30 22 9 13 24 23 38 17 25 13 35 29 
23 12 17 33 17 9 36 45 26 20 13 30 31 37 25 30 30 30 26 26 18 18 15 30 28 34 21 18 28 19 26 11 30 24 18 18 13 20 32 20 25 19 13 30 32 14 29 34 26 35 30 34 33 21 27 13 25 21 27 32 17 29 46 34 15 10 17 25 23 22 31 17 29 19 32 21 8 23 28 30 31 30 17 31 16 26 19 23 23 17 21 35 16 28 32 23 29 14 24 38 38 29 27 23 27 15 20 22 19 20 21 16 14 25 22 18 21 13 20 19 
30 11 13 8 17 40 16 29 12 29 23 34 26 30 13 32 28 25 27 24 24 28 17 28 32 31 31 14 18 17 33 20 22 28 31 43 15 29 25 21 13 8 38 16 23 27 17 24 26 23 14 28 41 22 13 22 18 21 12 21 17 40 36 6 28 27 20 17 20 41 14 18 22 21 34 29 29 19 15 11 33 21 13 23 24 18 31 30 33 40 18 22 27 18 18 24 18 16 33 30 27 28 39 14 19 15 12 27 22 35 25 21 26 10 29 19 24 19 33 22 
26 19 13 22 19 25 37 34 15 20 34 14 29 26 32 28 15 21 28 31 14 25 16 20 35 32 24 18 21 15 33 21 18 25 20 30 20 33 37 16 17 11 21 24 39 26 21 24 24 34 21 21 25 14 19 19 16 24 16 17 12 3 19 29 29 37 25 14 24 32 30 19 33 27 34 27 13 15 21 21 37 11 23 18 21 23 17 26 11 33 19 34 29 20 26 29 28 17 22 34 37 19 31 22 9 23 13 23 22 35 19 16 26 28 39 11 22 13 29 20 
35 19 24 22 14 17 30 24 24 20 9 29 29 21 22 34 15 24 25 32 19 40 13 25 35 26 22 21 19 31 25 19 22 24 11 25 11 34 28 20 15 17 37 31 20 17 23 32 50 34 10 24 12 19 16 19 24 28 16 28 13 11 28 19 37 16 12 14 6 19 30 13 18 27 16 25 27 20 32 17 23 26 19 18 24 27 15 29 33 24 16 28 20 32 18 19 32 16 28 37 46 22 26 15 23 22 19 35 22 10 16 19 16 22 37 17 18 21 39 17 
15 16 12 11 17 17 11 35 26 19 23 31 21 27 31 16 23 39 29 31 19 35 11 23 21 22 26 21 31 29 19 15 26 26 22 6 2 27 28 15 22 19 23 26 18 13 21 26 34 35 17 15 31 30 23 12 21 35 12 13 8 24 18 36 34 18 18 12 32 23 20 16 15 14 19 33 53 20 50 16 40 29 18 22 25 21 27 32 32 31 14 17 19 18 29 27 21 16 15 20 19 24 22 18 10 38 21 28 24 20 25 23 27 43 32 18 4 7 16 28 
11 19 18 22 18 37 16 9 20 20 32 34 22 18 10 39 21 31 24 30 30 28 18 19 28 28 19 17 28 21 27 18 30 22 29 28 12 30 15 17 13 23 33 16 18 14 32 24 24 21 19 30 30 29 20 24 16 17 32 9 19 25 38 37 25 30 25 14 30 11 23 15 33 22 35 19 24 13 26 33 30 21 26 20 28 17 17 38 24 31 19 32 14 19 17 35 40 12 31 35 34 20 26 18 17 12 27 26 16 26 29 23 19 25 25 11 25 21 30 17 
20 9 14 17 10 22 36 27 18 24 34 43 17 28 27 29 30 18 20 30 15 13 18 19 21 22 15 23 14 16 33 24 22 22 39 22 19 36 27 14 8 23 36 21 21 19 33 32 20 23 16 24 26 19 19 10 23 30 22 20 18 20 47 30 21 39 17 16 19 19 26 13 28 24 34 17 37 23 24 17 37 22 16 33 29 25 19 18 11 26 22 18 21 26 27 28 33 25 34 23 30 22 24 19 17 31 20 16 22 30 19 22 17 22 40 22 15 20 40 21 
40 18 22 20 13 34 44 42 22 12 22 31 30 17 24 26 22 31 29 29 12 41 21 22 34 35 19 29 36 22 21 26 23 24 33 31 13 23 22 27 17 15 17 24 23 21 31 48 44 48 22 29 22 30 22 19 15 18 19 26 17 18 29 22 27 17 20 11 23 37 40 17 23 23 23 25 40 36 23 18 31 10 15 30 26 19 28 30 28 26 19 31 26 36 18 24 35 18 24 41 41 34 27 17 16 17 15 29 15 30 16 39 20 23 20 17 16 10 38 20 
43 29 24 25 21 40 28 23 28 20 21 36 23 22 22 19 14 30 30 35 9 30 6 23 31 26 22 25 35 22 29 23 28 23 15 6 14 23 19 17 15 23 21 21 22 24 25 27 29 41 24 18 23 17 23 25 23 19 21 19 19 15 39 32 32 28 15 19 34 40 30 21 23 26 29 22 27 23 29 30 20 35 22 12 22 22 30 32 25 22 23 30 27 27 30 13 34 13 20 19 17 35 22 16 25 18 17 24 32 23 14 14 26 23 24 18 18 11 36 17 
39 19 16 21 18 25 27 20 10 16 20 51 14 22 21 25 19 25 41 32 19 26 13 19 41 27 21 24 35 25 31 18 26 30 14 15 22 38 21 12 18 19 40 44 17 16 17 28 25 38 26 30 39 31 33 18 17 29 27 21 23 21 25 19 15 34 27 16 15 36 22 13 34 18 33 21 44 12 36 20 34 26 25 39 22 18 27 42 22 33 21 43 25 12 27 22 31 8 36 25 24 13 23 20 20 27 13 36 23 24 16 43 17 26 32 24 23 11 33 22 
19 20 16 19 10 28 50 24 18 16 29 40 29 20 20 30 14 21 30 30 18 25 14 32 40 21 20 16 18 34 29 16 19 18 35 16 24 32 30 17 5 19 37 31 24 5 26 42 26 36 14 24 38 28 27 16 26 34 26 19 16 22 37 35 27 32 19 16 28 47 28 10 32 28 25 22 41 2 28 20 44 33 16 33 11 25 23 21 13 35 17 21 26 32 24 37 31 8 28 31 21 20 38 10 13 24 12 31 25 19 13 32 19 30 23 18 24 11 37 39 
42 17 24 20 12 28 44 34 20 20 17 39 20 28 23 35 23 12 15 18 15 32 11 25 33 20 18 19 16 20 27 13 39 22 17 27 18 37 24 13 16 12 33 31 12 20 17 23 32 24 24 27 26 31 26 7 13 8 21 18 12 17 18 34 46 16 19 12 13 29 35 12 37 22 38 20 26 19 16 23 22 37 21 37 17 29 13 28 36 5 20 22 30 20 21 25 39 13 22 22 30 30 20 12 20 27 12 19 23 21 28 25 14 25 22 18 20 21 28 19 
37 13 28 21 9 30 29 24 9 18 16 23 28 23 20 20 27 28 24 25 15 28 17 20 20 32 29 29 33 30 26 18 34 19 12 27 9 28 23 14 15 15 25 24 22 16 18 26 16 21 18 28 30 18 18 18 20 23 34 26 18 39 22 31 15 28 4 15 37 39 32 23 24 17 17 28 29 22 43 22 22 26 12 27 25 13 19 24 26 26 29 13 31 24 25 21 30 15 18 34 27 14 21 12 12 25 19 18 23 23 25 5 10 24 27 22 19 15 34 28 
35 13 20 35 22 14 25 35 18 17 9 35 13 22 15 31 20 23 32 33 22 32 13 38 28 24 19 21 22 28 26 21 36 21 17 19 17 20 10 17 18 18 20 26 20 29 26 29 26 42 20 15 14 19 24 25 31 23 29 14 17 23 28 28 15 31 6 20 27 22 47 15 33 17 36 11 42 29 19 28 18 30 23 28 27 23 26 27 32 25 30 33 16 24 35 26 33 15 17 19 31 18 34 18 15 21 12 31 30 41 19 25 11 29 35 21 15 18 26 26 
21 11 13 25 10 34 32 18 27 28 24 22 17 27 27 25 26 26 20 40 20 51 15 22 30 25 35 14 42 19 25 13 35 29 28 13 11 32 22 11 21 17 44 22 20 15 23 10 39 27 15 21 30 30 15 18 19 34 20 18 8 33 29 41 26 17 12 20 31 25 34 22 42 25 16 18 27 18 13 21 43 31 18 16 12 21 24 28 18 21 26 33 22 11 26 18 30 19 32 21 32 31 42 13 11 24 15 27 14 39 27 27 18 45 24 10 24 15 22 30 
34 17 16 17 13 30 46 22 17 22 30 24 23 20 21 32 17 41 41 19 14 23 15 37 37 32 21 24 17 17 20 15 34 16 23 22 16 35 15 14 20 9 30 32 24 11 21 31 28 35 22 22 35 23 19 21 17 20 10 27 21 26 18 34 33 37 14 13 14 26 24 12 45 32 22 17 50 13 36 24 27 18 21 12 27 14 36 22 10 19 17 25 30 26 24 15 15 12 37 40 41 15 23 18 24 24 19 28 17 25 29 22 24 20 37 21 16 17 31 24 
22 12 15 18 10 34 22 44 12 13 25 27 17 21 28 32 21 31 30 30 23 37 12 21 41 28 33 27 34 15 38 23 34 10 17 24 18 29 32 13 14 27 32 43 22 24 24 36 33 28 9 22 20 9 15 16 26 28 34 23 22 17 23 30 37 15 17 21 16 8 21 19 29 17 22 34 12 16 25 20 51 28 17 7 21 16 24 44 12 35 26 13 34 26 31 17 26 21 26 27 33 16 43 14 13 17 23 20 21 22 19 32 21 26 31 16 9 8 25 24 
35 17 25 13 17 17 21 29 19 19 25 18 24 15 21 39 28 26 28 29 21 21 16 29 26 21 11 16 24 15 32 22 46 28 35 23 12 37 21 29 12 17 23 25 19 15 15 36 27 26 27 25 26 25 17 27 17 31 24 31 17 28 21 22 20 31 20 23 29 28 26 16 30 16 28 19 5 21 37 21 26 34 21 29 26 23 25 24 12 28 17 28 15 24 16 25 19 16 24 34 19 34 31 16 11 21 21 17 29 21 27 22 18 18 12 24 24 19 38 18 
34 10 11 24 20 26 30 38 19 23 22 40 23 27 21 20 21 16 27 23 10 31 23 15 35 45 36 17 21 23 30 10 30 13 41 22 20 22 15 15 19 9 32 29 24 14 17 42 33 41 7 32 40 26 15 19 12 31 25 15 20 35 32 27 29 30 28 27 26 29 32 18 6 25 28 17 37 16 23 21 41 25 15 23 15 11 24 13 25 28 22 40 27 31 31 34 40 14 30 25 17 31 26 11 23 27 9 28 35 21 17 29 5 26 29 14 13 20 32 22 
38 15 12 27 16 16 35 24 21 27 21 25 12 23 20 17 36 21 38 13 25 27 14 21 36 30 26 22 16 14 12 12 45 23 28 16 14 31 26 13 14 12 24 21 20 13 26 40 30 30 16 22 19 19 14 21 25 30 25 25 13 23 25 27 21 24 22 17 22 28 31 14 18 28 20 23 35 31 35 19 31 32 19 23 14 18 17 15 27 20 21 20 25 26 20 29 32 7 33 31 37 24 29 12 27 23 20 31 19 40 30 28 29 17 36 21 19 18 18 25 
25 7 14 33 7 25 31 25 22 17 19 36 15 15 30 31 27 27 27 20 18 35 11 42 30 22 20 16 13 26 32 12 36 13 27 31 12 35 32 20 14 21 28 35 20 13 22 20 25 36 25 26 32 25 13 28 14 38 17 23 21 23 30 30 15 21 26 10 19 29 19 13 45 18 26 16 28 17 29 32 33 29 18 14 18 28 22 37 27 18 19 25 16 42 24 15 19 17 39 26 20 32 24 11 12 18 18 24 27 16 20 24 22 22 28 18 25 25 31 31 
34 14 11 12 13 42 34 33 19 24 13 18 29 32 22 26 25 35 26 20 17 26 12 13 29 31 27 24 17 25 40 22 38 26 26 29 3 32 25 13 15 11 18 30 16 20 13 35 30 38 16 32 20 21 16 14 20 30 16 23 5 38 27 40 28 32 19 16 18 15 36 10 23 12 16 28 34 26 29 23 29 34 16 21 25 28 26 15 30 34 15 30 31 5 38 25 15 18 35 26 25 30 34 14 18 23 16 20 17 25 23 29 31 23 33 11 23 8 25 22 
21 25 20 26 19 14 31 42 21 16 18 31 26 14 19 16 22 37 11 26 18 16 14 25 25 28 20 21 23 26 16 17 35 22 32 24 18 30 26 14 15 14 38 33 29 23 23 32 28 44 20 43 35 27 18 17 21 28 22 23 17 35 38 43 14 10 26 23 10 29 29 12 32 25 29 18 36 22 40 25 51 36 22 20 20 18 21 34 30 24 13 26 18 21 30 21 24 17 33 28 18 35 27 24 22 22 16 29 23 31 13 22 26 22 34 14 28 10 26 16 
33 10 23 31 24 15 26 24 20 18 20 28 24 10 14 18 18 31 18 18 21 27 15 34 35 23 16 17 19 10 25 14 26 34 19 16 18 31 24 20 12 12 22 35 21 20 26 9 39 42 26 33 39 15 14 23 22 38 22 22 13 39 20 31 13 30 18 16 23 27 41 5 20 12 21 32 42 8 29 23 40 26 28 19 4 22 17 20 26 17 19 42 33 27 21 16 34 20 26 24 25 26 30 16 13 24 18 40 31 28 22 29 15 35 29 15 32 17 35 23 
36 15 22 11 18 46 37 23 16 9 13 24 23 12 23 32 27 28 24 22 23 26 23 23 34 13 22 20 27 27 26 22 29 26 29 32 17 36 41 17 11 22 22 19 23 9 16 34 30 35 15 29 25 18 18 22 24 24 20 27 19 26 24 38 17 28 28 25 21 28 28 14 41 19 14 19 35 30 16 23 12 27 21 38 25 19 17 30 23 24 20 27 21 22 24 37 33 19 39 25 44 13 39 9 19 22 14 26 26 27 8 16 26 26 29 15 19 21 19 17 
37 17 21 19 15 23 19 17 28 5 31 23 12 25 21 35 24 35 23 26 14 15 16 34 17 31 24 21 31 30 24 19 31 5 22 34 22 31 24 15 20 19 26 39 14 14 21 43 32 19 23 33 35 34 15 23 26 28 27 20 14 27 26 36 44 31 24 26 16 32 30 13 48 27 29 20 18 13 34 26 33 25 18 19 22 21 29 40 13 28 12 19 25 23 20 31 31 10 39 35 16 19 24 22 17 17 10 29 21 27 14 16 9 27 19 13 19 13 26 29 
28 12 15 18 13 41 33 24 20 29 16 37 18 30 13 28 34 20 16 25 13 31 15 22 12 26 26 19 16 34 28 19 36 19 20 20 15 35 24 7 20 14 32 23 24 14 18 49 26 29 14 21 28 23 19 29 6 17 22 22 15 21 30 32 27 32 18 18 32 31 29 12 26 20 31 11 35 17 49 23 44 33 27 39 16 20 24 21 18 29 18 15 16 22 16 27 29 18 31 37 28 11 36 9 21 28 18 19 37 23 11 27 11 46 50 16 16 14 11 14 
21 20 20 31 12 46 30 10 21 18 10 39 27 15 24 25 34 33 19 21 12 37 19 27 29 20 22 18 11 16 26 14 37 11 30 36 5 30 15 8 17 14 41 30 22 19 9 27 25 35 29 21 42 33 21 19 10 27 25 24 15 20 27 41 34 36 14 25 26 19 13 21 31 28 24 19 43 22 25 24 29 34 20 30 18 23 22 28 31 23 23 38 29 17 10 19 20 10 33 27 34 26 39 18 19 31 15 17 20 24 12 23 13 26 26 18 24 8 40 29 
27 11 21 17 18 34 33 29 13 18 10 33 13 30 7 30 9 34 19 33 17 22 12 14 31 22 14 27 20 33 28 19 32 9 16 25 9 44 18 15 20 20 38 30 23 17 19 25 36 35 15 35 19 13 28 30 18 26 28 15 19 40 7 43 17 37 17 15 21 33 30 12 26 24 36 17 37 20 17 22 40 25 23 37 28 24 32 7 14 18 22 22 21 22 32 16 28 13 40 25 26 20 35 18 14 38 19 20 27 31 26 23 26 23 27 24 13 9 18 20 
19 12 9 35 14 40 24 38 25 13 30 31 14 19 11 18 29 17 26 28 21 29 22 29 31 33 20 21 27 25 29 22 22 23 25 38 24 36 19 17 22 6 30 38 29 17 21 26 36 44 25 14 28 26 25 25 23 19 20 21 11 40 30 23 27 48 15 21 37 20 21 23 27 22 26 14 27 20 37 30 40 34 24 31 33 16 20 22 29 25 18 25 34 18 29 24 27 15 35 41 35 23 32 4 23 21 22 15 28 30 24 11 20 23 23 20 36 16 27 26 
33 21 22 12 17 41 19 29 27 23 26 33 29 21 23 13 17 25 20 30 22 20 15 11 15 24 23 17 31 19 28 15 33 26 22 13 4 17 19 19 23 13 28 32 18 8 23 27 27 28 25 29 30 20 20 28 11 26 20 23 11 23 26 30 21 26 18 17 28 25 26 11 31 25 29 24 18 21 48 14 19 17 17 23 14 20 19 41 35 26 20 28 16 26 37 38 28 14 33 39 33 28 30 19 21 16 14 30 23 17 24 31 38 22 26 18 19 21 13 24 
43 22 14 23 17 34 31 36 17 13 22 26 29 19 30 29 25 22 31 16 17 34 10 20 17 25 23 17 33 28 40 28 35 26 16 24 23 32 28 12 22 13 43 30 18 22 25 33 39 24 28 29 19 26 22 22 17 33 26 13 15 38 29 36 45 22 22 11 20 22 27 13 42 13 23 22 24 2 38 11 27 16 11 4 27 28 16 37 25 18 11 18 7 26 40 31 49 14 50 31 31 25 36 19 27 29 23 34 14 18 16 14 12 14 38 17 14 15 32 13 
26 18 11 26 18 16 34 21 22 17 28 22 21 22 9 17 25 30 20 21 13 22 13 29 19 23 17 11 21 23 28 14 25 31 17 40 22 23 23 17 24 15 20 19 18 14 41 33 37 30 20 23 18 20 9 18 23 38 26 23 11 23 42 16 35 27 22 17 21 31 32 6 33 17 25 15 25 29 28 28 23 40 20 39 9 34 23 43 33 7 21 34 20 17 39 25 28 17 32 21 29 25 23 20 19 23 12 24 5 26 26 23 14 21 44 22 25 17 33 33 
17 11 17 22 15 26 30 16 20 22 24 42 12 24 38 22 19 25 17 26 11 22 16 17 32 26 17 23 22 21 19 16 21 21 23 32 16 27 15 15 15 17 29 29 26 20 32 30 44 39 27 33 24 25 12 19 20 38 13 16 23 37 15 31 25 29 11 19 33 19 28 24 18 24 25 12 26 12 25 24 30 19 14 37 19 31 23 32 24 13 24 29 23 23 28 28 4 18 38 30 22 23 17 17 18 29 12 25 25 12 18 15 13 24 39 16 33 16 25 20 
31 15 27 15 15 35 24 35 27 21 28 38 14 19 13 31 31 28 27 34 18 12 20 32 18 36 23 24 27 21 17 15 27 34 26 26 32 31 22 14 28 28 24 21 17 22 15 25 34 17 12 38 30 33 20 14 10 32 41 23 5 23 22 26 32 30 24 18 21 30 35 13 23 12 19 27 40 16 31 14 31 40 18 38 26 30 13 32 28 33 23 33 25 21 26 24 28 13 19 32 23 40 31 15 22 30 11 24 22 41 9 22 11 28 26 14 20 19 32 26 
26 19 17 19 9 36 28 25 17 28 7 27 25 11 21 35 19 24 25 15 22 38 14 23 32 40 21 21 21 27 32 8 22 23 28 28 21 35 26 12 21 25 25 31 15 9 26 37 32 27 22 38 34 29 19 16 13 24 32 13 26 35 26 21 34 13 16 24 16 28 8 20 23 15 23 15 25 35 18 14 53 25 20 39 19 25 20 18 22 37 17 45 23 26 48 14 35 19 38 51 35 39 22 14 9 18 16 20 13 28 20 10 20 26 31 20 19 16 33 27 
19 20 17 29 12 22 27 30 24 14 13 27 15 21 14 27 17 40 36 31 28 21 24 38 28 35 28 22 25 20 36 24 40 23 26 42 19 23 39 14 17 15 36 32 16 8 17 27 13 34 23 16 28 29 20 23 23 19 22 20 17 35 22 31 32 31 13 17 34 29 29 16 35 3 16 24 20 30 33 16 38 41 20 28 12 19 18 26 29 36 24 24 22 17 42 24 38 24 18 38 30 24 32 21 9 33 23 27 34 27 20 19 13 26 29 16 31 18 30 21 
40 18 11 30 16 31 33 21 22 15 29 14 33 18 21 25 21 41 18 39 15 30 7 24 33 26 27 18 25 21 32 12 30 26 17 27 26 44 12 14 22 20 19 36 27 14 14 35 38 32 19 22 40 38 19 12 30 32 21 11 17 22 39 29 11 32 28 10 34 41 29 12 27 17 16 12 38 26 31 22 18 26 21 29 14 33 13 35 31 16 17 35 31 23 25 21 35 15 36 22 23 22 21 15 23 14 11 39 18 27 16 14 19 38 35 13 19 15 38 32 
15 11 15 14 22 34 19 38 12 14 21 23 18 26 17 24 16 33 40 35 13 35 12 32 21 25 34 14 20 19 23 15 23 16 25 36 11 31 19 18 17 6 44 25 22 17 10 46 30 27 6 29 40 16 24 28 22 33 28 20 22 30 21 22 29 24 17 11 9 29 30 17 34 15 32 23 18 15 29 28 28 12 13 21 28 19 20 32 20 26 18 38 24 21 21 24 25 20 11 13 34 23 27 13 19 10 15 22 19 40 26 38 22 15 3 11 19 22 31 27 
31 17 14 22 10 33 25 32 17 11 21 32 15 14 27 22 18 29 30 11 21 39 13 24 31 37 20 27 20 25 18 11 34 14 27 32 16 44 24 12 12 29 33 31 21 20 26 32 31 26 17 17 27 14 18 14 13 28 28 12 16 25 29 23 22 35 11 23 15 25 32 11 19 16 29 24 33 16 27 14 32 28 27 26 19 14 37 23 28 28 14 20 22 27 23 27 42 12 14 21 29 32 37 18 13 22 16 37 31 29 19 16 24 16 34 17 21 17 23 23 
22 15 16 18 16 21 23 18 17 23 32 35 11 16 18 21 28 30 34 30 24 31 16 30 40 24 38 29 30 19 36 23 39 13 28 19 14 34 14 20 22 24 31 17 17 7 34 35 35 30 24 22 34 25 22 20 25 20 25 16 11 22 20 36 30 29 7 11 23 39 27 9 34 6 30 22 22 17 27 19 39 27 21 37 10 27 19 32 31 23 15 31 25 21 33 28 29 18 38 28 40 30 18 15 27 28 14 25 29 39 17 9 22 24 27 13 6 22 34 25 
14 20 20 17 9 23 37 42 25 18 23 35 10 18 35 31 25 31 30 27 15 22 19 26 22 13 19 14 23 19 26 24 46 18 42 45 20 22 31 22 24 10 20 43 24 15 28 20 34 36 3 29 33 20 21 23 24 24 28 22 18 32 22 28 38 33 32 18 28 26 27 14 11 18 38 13 41 21 20 15 28 30 18 41 34 27 24 17 12 26 16 23 36 26 15 11 35 17 39 40 27 22 27 20 25 24 21 37 26 33 12 26 21 20 13 15 17 13 18 23 
28 14 17 34 22 26 39 36 17 19 24 16 20 14 22 28 23 16 14 31 21 13 14 20 31 31 18 18 24 31 47 13 28 11 29 26 13 27 22 11 17 14 23 45 21 19 8 39 21 37 18 11 25 25 15 20 20 22 23 26 13 22 32 49 31 33 22 23 24 12 29 11 33 12 22 19 24 22 27 31 30 19 26 24 21 22 17 41 17 25 22 46 17 22 27 21 30 14 39 27 30 26 21 18 20 19 16 26 28 29 17 33 20 20 31 19 28 14 32 21 
28 16 21 25 18 30 28 40 18 20 23 41 14 14 25 25 17 22 30 29 25 13 19 30 21 21 23 24 19 26 29 21 47 25 30 15 14 35 21 20 25 15 45 24 21 11 11 31 29 29 19 16 4 27 16 10 23 26 31 20 17 13 45 41 31 28 15 13 18 31 40 17 28 25 28 15 35 19 28 22 15 13 19 26 12 22 25 25 37 35 18 25 22 27 36 29 25 13 27 27 45 31 30 16 13 10 11 35 16 28 18 23 16 29 31 19 26 15 27 29 
31 20 12 28 23 37 23 24 21 13 7 34 18 23 28 25 23 43 24 24 25 13 24 32 38 29 18 15 22 20 31 23 17 24 19 31 14 37 27 21 18 8 24 22 19 14 27 23 24 16 20 37 35 26 18 25 27 36 18 26 18 17 28 29 25 26 20 22 21 27 18 13 37 21 28 15 38 18 28 23 23 23 16 27 26 20 28 47 34 39 21 18 24 25 35 30 41 19 31 33 39 32 29 11 11 27 13 36 23 39 21 25 17 32 35 14 13 13 43 10 
15 21 15 25 15 32 31 24 15 13 25 40 20 17 28 30 21 27 22 31 17 30 12 22 30 24 25 15 31 15 34 11 21 21 19 28 17 22 19 19 24 21 31 28 17 4 18 26 31 27 11 23 21 26 17 4 19 22 16 21 17 20 36 34 27 26 24 24 35 23 45 14 34 21 16 15 35 18 35 28 19 22 11 41 6 30 27 37 33 33 21 30 21 20 30 30 38 17 22 32 15 27 29 13 15 30 13 25 14 26 19 13 22 28 24 13 23 12 37 26 
24 2 19 24 19 41 41 22 16 11 19 26 7 15 15 30 25 28 36 29 22 25 11 20 27 32 11 20 19 29 32 29 34 24 30 31 28 32 27 8 26 23 37 35 18 19 19 39 30 50 23 8 22 20 13 20 14 32 23 22 23 27 22 39 38 19 13 24 37 25 34 15 38 18 23 24 31 10 23 15 38 20 27 24 20 19 23 26 11 30 13 38 32 28 38 30 41 21 38 36 36 36 31 17 20 32 14 16 29 26 25 37 22 17 29 19 24 21 25 23 
28 15 16 15 16 30 23 27 19 7 21 50 20 25 18 33 21 20 33 30 22 35 9 27 32 4 18 20 16 19 27 17 36 26 19 16 25 38 22 15 17 18 36 25 17 11 30 29 25 27 21 22 24 19 15 22 19 23 19 10 22 16 31 28 22 25 17 24 21 16 21 16 25 16 15 19 14 25 35 25 37 35 21 27 18 21 26 26 12 19 13 20 24 14 33 18 35 24 24 29 43 28 26 15 13 42 15 30 21 37 30 18 11 22 29 15 23 12 18 16 
14 10 20 21 16 28 31 30 14 16 21 33 27 27 26 33 24 32 27 20 23 25 17 23 23 17 32 21 32 18 32 13 27 15 26 20 16 24 24 15 19 21 23 14 23 19 19 23 30 31 12 27 32 37 19 28 25 20 29 22 11 25 20 31 28 22 21 17 32 25 23 13 43 16 16 26 16 25 38 23 21 40 14 21 18 23 29 36 7 35 15 50 27 26 24 31 21 13 40 37 31 30 25 18 17 43 13 34 36 41 29 24 20 22 29 11 24 13 24 14 
34 21 23 27 21 18 39 47 24 22 22 27 14 14 23 36 31 17 30 28 26 22 19 40 40 26 20 18 19 38 43 16 35 18 17 24 16 25 14 19 16 17 40 24 22 20 30 22 25 36 20 15 30 25 9 17 26 31 18 16 12 24 17 20 29 28 14 17 35 42 26 20 14 14 28 23 34 28 34 36 38 32 9 24 17 18 30 29 35 15 24 29 11 25 37 12 19 16 34 32 35 12 27 15 23 28 14 14 13 29 33 21 18 20 28 16 21 14 35 14 
27 13 19 16 13 25 33 18 21 19 22 42 24 18 24 28 18 18 15 22 19 21 11 29 26 38 26 12 32 27 35 19 25 17 21 21 28 37 9 15 19 11 30 24 19 17 19 38 25 31 15 18 43 30 18 15 18 35 14 25 16 31 18 38 36 19 9 12 35 23 20 11 18 9 22 17 13 17 28 13 36 26 9 35 15 19 26 48 18 26 23 24 22 27 27 23 26 23 41 25 22 27 21 11 21 26 15 21 22 25 19 18 23 19 28 17 29 18 27 28 
25 18 16 23 17 33 28 22 13 15 21 24 19 25 13 22 22 29 24 12 21 19 20 31 28 23 20 30 26 21 35 16 34 12 24 39 16 24 31 9 13 21 22 22 39 20 23 44 24 26 20 22 27 41 21 24 21 30 15 29 15 41 46 24 30 39 24 10 19 44 27 16 39 23 16 20 39 27 22 17 20 18 13 31 25 19 17 39 19 23 18 25 15 16 22 17 30 23 33 18 33 22 30 23 14 32 17 24 25 26 30 33 21 14 27 21 24 7 26 22 
47 31 19 27 10 38 10 22 25 17 13 46 13 26 38 19 29 24 21 35 16 31 20 19 32 19 17 13 25 27 25 14 29 19 35 33 22 29 6 13 19 17 34 23 23 23 21 34 21 15 24 31 28 29 13 10 12 32 28 28 13 27 9 24 34 35 18 19 22 30 27 8 23 22 21 25 37 12 28 24 37 26 11 35 27 26 23 51 17 31 20 37 27 24 25 31 36 19 46 27 35 27 23 18 16 33 17 33 33 27 24 24 25 23 22 26 33 8 32 16 
23 20 22 15 21 26 35 34 17 19 25 45 22 12 23 28 26 37 29 24 14 22 25 22 31 19 23 22 18 26 19 14 7 20 25 16 19 32 20 18 19 20 40 28 20 16 28 22 36 26 15 32 44 26 16 26 22 20 25 28 15 33 29 29 34 36 18 17 27 41 23 21 33 24 18 6 29 25 32 26 30 21 19 30 13 21 26 39 25 26 26 16 13 22 24 26 15 12 46 27 31 25 42 12 23 33 23 24 33 27 13 23 22 19 26 16 26 15 25 14 
19 21 19 11 15 30 41 23 17 22 35 32 23 22 17 25 11 29 35 26 15 24 21 22 7 31 26 16 23 22 34 21 36 29 29 24 14 24 18 23 28 17 23 22 19 20 25 41 31 36 19 12 11 21 16 24 24 33 18 17 15 30 32 36 4 29 24 20 30 26 54 25 36 24 26 10 22 11 30 18 32 32 13 35 15 22 19 24 21 22 22 31 29 24 29 27 26 15 38 33 28 29 37 9 11 12 15 29 18 27 21 19 30 21 26 17 20 17 17 19 
42 17 17 23 16 28 31 21 18 14 21 24 9 23 11 20 18 28 25 23 13 28 12 29 35 25 21 29 37 25 27 17 38 19 24 32 11 35 17 13 15 10 26 32 29 29 30 32 35 33 28 17 32 26 21 33 11 15 17 31 19 30 25 11 34 38 26 22 17 22 31 13 17 19 19 14 23 15 45 33 22 43 14 23 16 26 26 30 26 26 26 40 18 27 24 33 23 17 19 28 34 22 39 18 17 17 12 27 24 21 29 27 20 32 23 13 21 13 29 35 
23 20 17 19 19 35 38 34 21 23 20 25 13 18 13 29 10 25 30 15 14 37 18 33 36 30 24 22 29 33 23 18 33 25 23 20 13 36 23 17 19 12 31 25 27 13 25 29 13 20 18 35 25 24 24 27 17 25 12 15 16 30 19 49 20 25 29 18 17 18 32 11 37 13 38 26 42 14 29 10 18 28 26 30 18 17 27 45 25 25 27 35 30 24 24 30 17 11 28 26 17 23 19 14 20 26 19 19 23 27 16 24 20 26 39 23 20 20 32 15 
27 22 32 23 15 40 31 25 11 19 26 16 20 21 25 33 31 31 27 32 23 20 11 32 17 19 34 25 23 19 37 23 25 21 13 11 31 24 19 7 19 16 23 45 27 19 23 27 34 16 26 31 26 32 14 18 18 38 25 11 9 24 19 37 36 37 19 18 23 19 19 15 25 17 15 25 30 13 27 17 25 32 21 28 31 18 20 9 14 29 17 31 22 18 10 27 15 22 38 29 32 8 30 17 19 26 15 27 16 11 21 20 13 25 27 16 23 16 18 15 
24 18 15 19 13 33 19 36 21 12 25 23 12 9 22 28 32 39 35 37 21 22 11 23 31 30 25 19 20 29 21 22 21 20 23 24 24 33 28 16 18 15 29 23 3 20 21 33 37 15 16 27 31 37 21 12 23 26 35 20 18 23 28 30 37 23 20 17 21 17 24 16 38 12 25 18 16 34 48 29 34 21 18 25 1 21 13 28 20 17 21 9 22 32 19 15 27 21 37 36 33 30 31 13 25 39 11 23 23 23 19 13 26 22 22 16 26 20 24 26 
31 23 17 19 14 31 22 17 13 15 16 32 15 12 15 31 35 15 31 35 15 34 20 26 28 22 12 22 23 27 28 19 36 14 32 33 21 31 31 16 6 18 36 26 13 17 21 29 24 12 22 24 37 35 25 21 20 29 23 12 14 10 36 28 43 29 15 9 17 22 34 6 33 26 36 25 26 25 25 29 24 13 14 20 27 22 20 40 27 10 15 20 18 20 37 28 36 13 30 28 36 37 31 14 21 17 10 17 25 32 16 27 24 29 21 12 20 12 19 28 
30 18 21 18 11 23 18 31 21 19 28 35 27 24 32 29 30 22 33 29 21 22 15 20 28 19 23 27 22 27 33 29 35 14 27 29 12 37 19 14 6 17 34 29 24 16 24 28 32 26 30 26 27 18 17 24 10 32 25 21 17 33 30 33 36 27 20 14 27 36 20 11 34 19 26 16 38 17 33 32 30 27 19 35 32 18 26 20 20 23 9 31 26 37 29 28 19 21 22 21 30 33 30 21 10 27 19 41 27 26 16 21 24 25 41 19 21 17 44 22 
36 13 19 24 16 31 22 40 14 17 26 27 12 28 20 17 27 22 15 16 11 30 13 17 12 22 33 31 28 19 30 17 29 12 29 34 16 42 32 7 24 24 22 41 11 18 34 31 18 40 26 15 17 18 19 26 20 37 14 5 20 31 33 41 24 30 25 18 35 11 37 16 28 14 32 27 36 11 28 19 25 25 19 41 24 25 23 39 22 33 17 33 28 19 32 11 32 13 29 27 31 15 38 20 14 24 23 32 29 22 19 17 15 11 28 20 24 16 31 24 
30 27 21 19 11 27 27 41 23 21 10 33 20 18 22 27 24 26 15 13 16 22 12 31 27 33 19 22 24 28 26 14 39 19 32 28 20 47 32 19 20 21 40 31 15 22 26 27 12 36 19 27 37 29 14 12 17 26 21 20 24 32 13 17 21 32 20 18 18 23 16 17 17 24 26 15 35 27 24 23 37 31 15 23 29 26 20 23 11 23 17 37 22 21 38 25 15 21 19 37 34 30 29 19 14 34 11 12 28 31 19 28 20 30 24 27 20 17 21 12 
29 21 13 26 15 12 29 35 18 18 23 27 30 15 28 21 12 21 24 27 17 25 15 15 25 24 23 20 33 11 37 17 26 25 23 28 18 29 27 19 12 10 31 28 23 28 20 25 17 30 13 29 25 30 15 19 19 29 23 16 24 19 22 39 26 36 14 25 24 14 31 18 32 20 16 21 45 15 36 20 44 26 25 12 20 32 23 17 20 23 26 39 30 23 40 6 21 11 22 28 40 12 22 13 22 35 15 27 29 37 27 24 17 10 24 21 13 18 23 8 
17 20 18 25 14 37 11 21 12 17 27 23 17 21 16 37 24 19 15 28 31 26 20 29 32 32 18 31 20 22 22 14 36 9 30 19 15 24 30 14 18 17 34 22 8 21 27 37 16 21 16 38 30 28 20 15 20 31 15 22 16 28 34 30 24 25 20 13 32 31 40 15 36 24 23 28 52 25 30 18 29 30 19 41 16 22 23 12 18 48 15 32 15 26 12 28 26 15 11 37 37 19 33 12 27 27 13 36 28 24 18 32 17 24 46 12 25 28 14 21 
27 16 24 27 11 29 29 19 21 20 21 39 17 33 26 28 29 16 22 16 7 41 22 15 25 26 24 24 21 16 33 24 31 26 18 39 14 26 21 13 22 18 37 34 30 13 33 30 28 31 12 31 25 30 24 15 13 24 18 19 28 28 35 30 40 25 18 17 29 28 32 19 38 22 23 19 27 28 22 18 28 31 16 31 36 22 25 29 36 16 21 27 20 6 37 29 26 17 40 29 32 24 25 17 29 30 21 24 6 28 25 23 27 33 25 13 13 21 25 17 
26 21 23 11 16 41 35 26 16 23 22 41 22 27 17 29 21 26 22 21 13 36 12 16 40 14 32 6 27 32 44 21 27 12 25 26 12 15 25 15 13 22 42 29 21 17 13 14 36 42 24 23 20 29 22 29 15 25 31 21 17 42 12 39 15 39 17 9 23 28 22 20 31 20 21 14 23 18 37 24 27 22 23 18 16 19 17 17 36 31 8 24 20 21 39 25 35 13 35 38 40 25 27 17 22 28 24 13 22 17 28 21 33 35 44 20 23 11 26 12 
40 14 22 28 15 22 33 33 18 24 18 25 16 23 26 27 19 29 16 24 10 35 16 30 31 27 15 21 18 26 53 17 17 9 31 28 18 33 20 19 26 15 35 32 21 16 22 24 34 22 12 21 21 33 18 25 20 16 24 25 16 24 29 20 24 7 21 18 27 35 18 11 22 19 26 16 22 24 34 24 6 20 12 30 19 28 15 35 24 14 13 31 20 23 32 21 9 18 35 29 36 29 32 15 20 26 10 22 8 33 14 17 10 17 29 13 19 11 41 25 
35 4 7 21 19 32 34 29 12 11 14 30 24 19 25 24 23 24 30 30 26 30 5 18 26 19 22 13 27 35 17 21 28 23 33 41 19 30 27 11 20 11 26 36 27 21 23 12 23 41 30 25 17 26 24 23 12 20 20 20 15 29 26 36 38 23 19 15 21 38 34 15 28 31 23 26 34 27 22 13 33 29 10 27 14 27 19 46 25 26 19 37 27 14 33 24 37 20 38 26 31 26 39 17 19 22 15 27 20 29 12 23 24 26 32 23 21 14 25 29 
24 14 16 25 21 16 31 26 26 21 28 13 18 28 28 25 22 19 25 25 15 21 17 25 28 18 12 18 28 29 39 20 28 33 23 28 25 19 10 15 18 16 27 33 27 13 22 33 25 32 24 28 36 20 13 20 17 24 14 21 15 38 19 28 25 34 8 14 22 23 39 18 30 24 21 16 45 23 17 34 38 21 20 38 19 30 24 21 18 24 18 44 25 10 31 28 26 13 25 25 15 18 21 21 27 24 14 34 22 42 22 18 19 35 23 18 17 13 30 18 
43 22 13 27 14 10 20 30 16 18 19 26 20 12 10 26 26 20 11 28 15 18 15 27 32 32 21 20 29 18 18 20 16 11 23 39 30 42 29 9 28 17 27 25 24 11 16 16 24 48 23 31 41 10 21 21 21 29 26 10 10 23 33 40 35 23 17 19 12 17 26 18 29 25 26 22 43 16 58 25 53 22 21 36 20 18 16 28 20 36 17 34 22 31 12 23 32 16 31 32 28 35 41 17 21 28 18 20 30 39 28 12 24 24 27 29 13 20 38 31 
26 22 25 32 17 23 50 20 25 21 18 31 10 34 32 26 27 24 20 18 7 28 10 32 26 23 17 17 24 24 36 14 39 18 17 43 16 34 15 16 23 14 19 31 30 14 24 32 24 38 9 9 29 30 18 24 15 22 14 10 22 31 24 33 21 34 22 23 25 34 27 18 29 12 8 22 44 29 28 23 5 20 20 26 20 20 20 27 32 25 26 20 31 17 28 32 25 13 18 31 13 28 15 13 22 18 9 27 22 16 13 30 21 24 33 17 17 19 30 27 
20 18 14 13 8 11 24 13 24 17 25 30 20 20 34 31 28 24 16 19 18 27 16 23 36 13 25 23 20 21 42 14 28 19 11 36 11 38 25 15 14 16 26 30 21 23 12 11 23 27 28 39 29 19 20 9 23 27 23 15 17 30 33 30 26 29 15 22 15 28 24 14 29 26 15 18 45 17 39 24 20 27 26 31 24 33 23 31 18 37 25 24 32 11 29 36 36 19 36 34 27 20 45 17 22 22 11 36 20 11 15 29 14 14 37 22 22 13 24 26 
22 13 17 18 19 24 26 22 27 12 27 41 19 15 22 27 12 23 30 39 16 22 19 5 24 19 28 34 18 30 34 21 22 24 29 29 14 18 19 11 22 12 12 29 26 20 19 24 26 13 22 18 36 22 26 28 16 17 18 24 15 29 20 27 43 30 8 13 19 16 22 18 30 31 18 22 22 17 25 21 11 14 21 32 27 17 17 52 20 24 33 29 28 25 19 14 13 15 42 23 36 39 38 17 19 31 15 12 35 27 18 23 20 32 21 27 14 15 24 21 
35 14 22 17 17 33 7 28 15 25 18 32 14 20 28 29 23 44 31 32 26 21 15 20 28 22 20 18 29 18 27 14 32 26 16 34 13 33 26 18 17 25 17 35 23 15 21 10 27 43 12 25 34 26 15 23 25 34 24 18 10 23 17 35 27 38 20 18 33 13 34 15 36 13 18 16 25 24 29 21 32 24 15 26 7 28 32 47 26 29 21 36 16 13 16 20 14 15 44 33 29 23 18 16 18 25 15 42 27 9 19 17 24 18 19 23 16 22 33 25 
26 9 19 13 15 25 35 29 18 25 22 21 18 26 25 26 22 27 19 26 25 22 13 19 24 30 32 15 28 22 24 20 38 21 20 21 18 26 27 20 19 14 19 28 30 21 26 24 28 8 36 28 41 17 25 17 11 22 20 21 17 23 30 35 25 31 15 9 22 26 36 19 19 14 31 21 24 24 32 25 33 24 19 17 15 23 30 28 14 16 22 32 9 23 32 31 27 12 37 34 27 24 22 22 28 26 17 29 32 29 27 25 10 29 33 26 19 20 31 28 
39 11 11 22 17 38 23 24 17 26 18 37 23 22 18 22 24 26 31 36 10 44 8 32 24 34 27 27 11 19 28 11 23 22 20 10 13 21 22 16 20 18 28 39 17 17 27 27 29 38 22 31 27 36 19 23 25 24 28 25 16 20 33 32 26 32 16 5 27 25 18 12 22 26 25 22 28 28 49 15 7 14 28 22 27 20 25 40 24 27 21 32 28 33 25 22 30 23 33 37 23 29 28 15 19 16 11 28 13 29 19 12 19 20 21 22 32 21 30 16 
37 14 26 15 21 25 34 38 16 27 14 46 22 15 22 26 18 20 38 15 13 34 21 25 17 15 19 22 31 21 31 17 25 21 40 21 15 46 8 20 6 13 29 18 17 13 32 35 19 36 17 22 26 32 12 20 20 33 27 16 18 28 35 43 36 19 9 11 31 32 35 15 39 16 24 19 23 29 34 27 31 24 20 27 23 20 24 39 18 34 20 43 25 25 34 32 38 17 31 28 43 21 15 12 22 32 16 29 16 14 19 29 12 27 37 23 19 14 28 21 
38 14 25 33 8 37 37 24 12 23 22 28 24 13 26 27 22 41 25 21 13 29 14 27 13 22 19 23 33 22 30 22 51 18 30 22 11 30 15 16 27 27 31 29 22 14 26 29 34 36 12 24 28 25 24 11 20 25 36 21 13 35 29 39 25 32 9 19 29 38 35 16 29 25 20 29 35 21 36 28 16 38 24 33 18 24 16 35 29 22 17 32 20 25 30 20 46 18 34 28 41 25 33 21 20 17 21 27 27 23 27 31 19 41 26 12 23 18 37 24 
24 15 20 17 13 43 21 30 34 20 19 33 14 24 22 18 16 28 29 26 27 39 20 20 43 23 22 9 23 19 34 25 21 23 30 28 21 39 41 13 20 23 39 14 29 4 21 25 44 27 14 27 14 21 7 10 17 34 15 14 20 24 31 17 16 27 19 16 28 22 30 20 33 11 28 21 40 24 42 15 27 19 23 14 25 30 11 43 24 32 13 32 22 24 36 37 31 15 34 29 36 26 37 21 15 17 15 36 21 32 26 31 18 33 30 19 9 16 36 20 
27 21 17 26 15 38 23 29 20 25 15 39 27 19 23 23 20 34 29 21 11 43 18 25 28 27 14 21 31 31 30 20 28 18 22 24 16 20 22 15 22 20 29 28 22 13 30 23 14 24 23 19 34 28 14 41 23 21 26 35 9 26 26 31 35 20 18 16 21 25 21 15 25 13 17 15 32 21 36 18 33 36 17 40 26 22 25 34 26 18 32 21 12 27 31 36 21 18 27 21 37 35 33 26 6 17 16 23 22 30 14 24 18 23 18 23 21 14 34 24 
26 24 10 24 14 41 32 33 20 14 18 28 22 18 33 20 27 22 26 25 15 24 16 26 30 30 23 17 30 18 18 4 25 19 31 22 13 20 23 20 23 18 36 27 14 17 28 37 25 20 26 24 22 28 24 19 19 25 25 21 16 29 30 47 29 26 18 17 46 23 34 15 40 16 31 23 30 21 36 24 22 32 18 10 24 18 24 16 25 29 19 24 23 12 40 8 31 19 47 29 32 21 32 10 23 33 17 21 28 28 22 9 18 26 39 18 14 22 38 20 
47 22 8 25 13 15 22 12 21 13 25 11 18 24 14 28 12 34 20 25 18 31 20 21 35 31 23 23 20 24 22 24 35 21 20 25 24 28 33 21 4 19 44 43 11 20 13 30 16 38 25 33 24 30 19 25 19 12 21 13 13 32 36 28 38 18 24 19 17 27 30 20 34 26 36 18 38 22 33 20 43 28 28 21 11 31 20 23 26 30 23 25 30 28 16 26 25 18 33 25 30 21 49 18 20 20 15 31 30 29 6 23 21 21 35 18 26 17 41 16 
32 17 16 24 15 16 28 31 11 29 10 17 25 21 21 23 20 24 28 27 17 28 14 31 17 32 21 17 33 24 50 21 28 10 20 37 15 30 17 17 12 18 20 21 11 19 21 21 24 37 18 34 56 30 14 23 15 6 32 23 20 22 38 23 30 28 23 17 28 45 27 13 19 16 7 21 29 33 24 30 30 24 21 27 19 17 22 36 24 33 8 34 22 22 28 36 30 19 33 28 37 20 36 19 22 19 11 26 20 28 25 26 15 35 28 15 22 15 24 20 
31 16 25 27 11 50 21 40 16 13 17 30 17 25 21 34 31 40 38 14 25 24 15 34 36 30 24 16 11 24 39 20 20 28 23 21 7 26 27 11 26 19 22 44 18 14 23 34 24 38 19 27 34 37 16 19 25 25 13 19 15 20 26 22 34 23 15 31 32 26 21 13 30 20 34 27 42 11 31 13 29 36 5 37 19 30 26 38 35 29 15 24 19 26 16 23 27 19 51 31 34 30 38 14 15 36 11 31 20 40 20 20 22 19 30 22 28 18 28 21 
27 18 13 26 15 28 21 43 22 14 30 28 23 22 19 18 22 27 22 23 23 26 13 36 38 23 27 13 22 22 17 24 36 22 30 29 12 30 14 14 12 15 28 24 15 22 25 25 37 30 20 21 30 16 25 14 14 14 33 26 14 33 22 26 35 31 20 12 17 27 35 17 25 20 20 26 28 28 37 35 36 36 15 22 11 22 30 36 32 13 22 24 18 15 21 25 33 10 29 36 31 26 27 20 16 28 16 16 23 12 23 31 14 16 32 17 25 19 24 26 
35 18 25 20 21 29 19 32 23 18 29 34 13 26 15 34 23 34 27 23 22 25 14 12 30 24 17 21 28 20 29 25 50 30 32 30 18 40 8 18 18 15 30 33 21 20 27 37 23 37 17 28 41 20 18 20 13 17 25 26 12 23 19 17 43 34 18 6 21 25 36 12 35 21 15 28 29 20 19 33 33 43 17 37 22 23 21 38 23 26 15 29 30 33 16 37 23 19 32 22 22 28 37 13 24 5 21 26 17 25 24 22 21 34 27 25 18 11 27 17 
31 16 9 27 17 21 29 26 22 18 27 35 12 30 29 14 16 12 23 30 15 32 11 31 39 31 18 20 17 16 20 15 32 17 21 23 7 18 29 18 21 18 37 31 21 16 17 19 49 17 20 18 26 21 14 22 17 21 20 18 20 25 18 46 30 22 10 16 36 26 37 18 31 18 25 15 22 16 33 22 17 35 19 33 18 22 31 26 32 37 24 37 20 20 31 31 36 13 31 30 17 30 29 8 26 42 15 20 26 33 16 27 25 28 29 15 25 22 27 28 
40 12 13 32 18 30 30 20 26 19 29 24 40 22 24 24 26 17 34 25 12 35 19 25 36 21 24 17 24 29 37 15 28 19 24 28 20 33 22 21 9 25 33 29 26 18 33 35 30 33 24 24 18 24 14 21 19 28 14 16 16 20 21 26 28 16 20 16 33 27 21 21 39 31 23 31 22 11 37 21 65 25 20 18 28 23 23 25 7 24 24 42 26 27 25 30 31 10 20 32 14 31 21 16 25 29 16 22 36 41 22 29 18 9 31 11 12 24 36 10 
37 16 8 24 18 14 16 32 16 20 19 13 18 19 23 15 17 21 26 37 14 18 19 31 22 24 19 13 12 22 28 13 29 32 37 28 18 30 33 9 25 15 27 33 12 26 19 31 53 35 25 30 24 32 14 16 20 12 19 29 22 18 29 32 43 32 16 16 22 23 25 12 28 11 16 18 27 19 27 13 40 31 16 10 18 24 21 24 27 33 12 42 19 23 18 32 28 15 28 39 42 17 17 20 13 23 16 14 28 34 20 27 21 31 31 20 12 13 43 23 
22 20 22 14 19 26 37 36 16 19 24 29 21 37 35 19 14 26 17 21 8 28 12 18 11 15 24 19 25 22 17 6 29 18 25 28 11 23 24 20 17 17 30 31 17 18 23 26 31 21 25 29 36 26 13 29 12 24 29 19 14 35 26 46 32 21 25 13 16 32 20 14 20 18 20 32 37 23 21 20 31 34 16 20 21 22 15 20 33 11 16 34 28 23 22 20 19 15 32 41 32 22 41 24 19 30 18 22 21 30 23 21 26 16 30 23 27 25 9 21 
12 25 8 18 19 37 28 32 21 9 17 25 16 11 19 13 17 32 29 24 18 40 15 25 28 14 26 10 35 24 21 10 23 25 20 22 16 35 31 19 26 12 35 28 20 13 26 30 36 49 21 33 31 20 20 21 20 33 24 35 24 20 27 36 9 44 13 14 14 23 25 9 32 24 25 22 37 16 26 31 16 44 10 29 10 24 29 32 16 23 26 31 21 28 20 28 30 12 32 24 14 25 9 15 15 26 16 19 32 18 17 24 19 25 40 21 21 14 20 26 
26 16 12 26 17 35 23 17 18 21 30 24 28 16 16 23 19 18 27 22 19 24 17 26 31 37 14 28 24 19 30 24 41 17 13 23 8 38 14 14 21 9 28 22 13 24 22 26 18 36 12 18 14 13 28 29 12 31 36 11 15 29 30 17 21 32 14 20 22 18 21 11 33 17 30 26 20 23 25 15 27 35 21 23 25 17 22 33 27 31 18 23 30 13 33 23 26 14 34 31 33 28 30 26 20 17 24 24 17 31 16 24 14 30 29 17 19 16 42 15 
35 16 11 19 16 26 18 18 15 28 32 37 22 15 29 14 31 18 21 28 19 42 17 23 17 17 26 23 19 29 28 20 34 17 23 35 17 25 23 19 18 12 20 34 18 22 12 36 23 28 17 26 42 24 17 27 29 35 24 13 21 28 23 35 30 27 16 14 21 21 30 16 7 24 34 15 19 18 45 11 31 19 21 12 23 18 21 29 12 29 26 14 24 31 17 25 24 19 35 32 26 23 21 11 23 35 8 17 12 20 18 16 15 23 35 21 15 19 29 23 
25 11 16 19 16 21 37 16 21 22 16 43 21 30 23 23 28 28 31 30 23 33 9 18 42 13 19 20 29 23 22 19 31 17 21 20 18 26 27 17 25 26 20 23 29 16 24 30 38 17 24 18 17 27 17 20 19 20 20 16 13 28 36 18 21 13 21 20 19 41 42 14 41 23 28 23 21 28 23 24 28 33 24 20 29 27 22 34 27 28 12 30 34 23 26 27 26 13 17 26 35 27 26 22 21 28 22 32 20 29 17 32 16 20 26 22 10 14 33 27 
37 20 16 19 17 25 19 24 26 19 21 16 24 14 38 32 27 36 27 20 22 23 7 23 16 14 25 17 15 33 28 13 20 29 30 23 19 41 26 10 23 8 29 23 22 21 33 38 29 31 22 16 23 26 27 18 27 30 16 21 9 13 15 29 10 28 17 26 29 28 19 12 45 22 32 22 43 16 43 24 21 25 20 11 18 23 12 35 12 16 15 27 19 24 27 22 32 8 21 24 44 21 33 10 18 30 24 30 20 24 13 15 34 18 35 15 22 12 26 28 
25 13 20 29 19 32 31 22 17 16 18 20 10 18 15 21 17 34 34 36 23 14 6 18 23 21 33 25 42 25 28 20 31 16 20 16 9 31 16 15 12 15 35 21 18 16 30 38 30 31 12 21 29 20 15 17 18 20 17 14 19 27 29 36 40 15 9 16 28 33 16 18 47 18 30 23 26 25 20 24 28 27 9 34 20 32 20 20 39 19 14 23 27 22 35 31 32 22 50 26 28 21 27 20 13 25 11 27 19 23 14 25 17 26 21 20 18 21 18 15 
34 20 10 12 17 20 16 29 20 23 28 17 18 15 23 24 21 25 29 36 16 31 18 31 21 16 24 23 33 21 27 23 18 27 20 37 25 38 20 19 13 29 18 39 24 12 32 38 27 41 27 25 26 25 22 18 11 19 16 21 9 26 36 37 32 40 14 11 29 32 37 15 40 10 16 18 29 29 35 20 35 26 32 20 11 23 22 47 33 31 23 12 33 16 42 30 21 11 45 29 38 27 29 17 16 22 15 31 18 26 29 21 20 34 33 25 20 17 24 17 
23 17 17 30 17 29 26 17 14 26 24 30 21 18 14 21 26 43 13 23 18 39 18 31 23 39 25 27 28 32 10 18 38 21 16 29 11 17 33 11 23 20 26 29 29 21 25 30 25 38 9 22 27 23 17 16 18 7 22 22 19 31 18 33 33 18 19 11 12 21 37 18 37 18 31 25 29 21 23 17 28 30 24 18 20 19 26 24 8 22 22 15 16 32 24 36 22 15 17 33 51 11 23 14 26 37 18 14 20 33 28 23 20 23 32 13 16 20 33 32 
39 25 17 27 16 44 20 29 21 20 28 35 25 14 24 19 19 18 28 23 29 27 22 13 32 14 22 25 30 28 36 17 30 28 25 34 26 26 19 20 17 17 34 32 13 21 23 18 18 12 23 21 28 32 19 4 15 20 15 24 11 26 36 30 25 27 19 16 17 39 20 21 24 32 35 31 34 31 35 17 40 25 26 30 28 26 15 40 21 14 14 11 15 17 32 22 23 10 41 35 41 23 21 10 29 31 23 30 32 35 30 19 12 21 25 25 24 18 20 11 
47 29 23 26 13 11 21 18 20 24 27 33 22 8 23 16 25 23 35 33 19 35 19 15 36 17 28 29 31 20 25 17 23 22 43 26 28 34 32 14 12 23 31 26 25 16 23 35 25 29 22 14 22 36 20 21 16 27 26 20 13 31 42 33 34 20 21 14 32 26 28 17 42 20 30 6 21 12 37 26 28 37 25 27 23 12 30 41 23 30 24 13 14 22 42 41 29 14 24 18 22 32 29 15 15 7 17 24 16 36 20 12 14 33 27 13 24 17 27 17 
32 18 26 19 12 36 33 33 10 24 19 26 29 23 20 28 22 30 24 16 20 36 13 36 34 22 29 18 27 24 26 25 30 19 29 33 21 34 24 12 14 13 37 23 21 19 22 7 30 17 23 34 19 32 19 18 23 41 14 21 16 19 29 42 39 25 26 12 27 24 19 9 39 17 19 22 27 17 38 17 29 23 13 21 17 22 14 23 34 19 22 30 21 19 25 16 19 20 20 19 26 29 23 13 14 23 19 15 27 28 16 35 21 32 33 19 17 21 32 21 
43 14 18 25 18 26 37 34 13 19 20 27 16 24 27 23 37 29 35 19 14 46 13 31 29 12 33 25 19 17 15 25 36 27 15 31 10 27 29 14 18 18 17 8 27 20 20 31 34 30 21 22 39 19 6 19 18 20 18 22 11 23 47 21 25 34 23 20 10 27 50 14 31 26 27 18 29 20 35 20 30 27 19 15 17 21 29 29 34 22 26 27 24 23 21 28 29 15 39 34 30 26 23 7 18 37 15 36 25 22 26 30 29 28 18 26 23 12 31 21 
24 11 19 31 12 30 28 39 16 18 16 20 27 20 21 28 27 17 12 16 2 12 4 16 24 29 28 32 11 15 33 16 25 31 22 19 14 34 40 13 19 25 26 13 12 17 32 13 36 19 15 15 28 40 14 20 10 16 19 21 17 33 31 29 18 18 16 20 23 11 29 20 31 26 21 17 45 29 47 15 18 26 12 23 24 8 34 33 24 16 24 27 16 23 27 32 41 14 39 19 21 17 25 18 12 23 17 23 22 18 14 22 20 30 28 16 26 21 16 11 
30 15 13 17 14 22 36 32 16 11 24 25 28 27 20 17 17 25 16 20 17 26 19 32 36 12 22 20 11 28 25 20 18 12 19 32 31 12 23 16 21 16 23 25 23 19 26 17 34 38 30 34 26 29 12 23 20 31 2 18 18 34 33 18 40 24 10 18 30 28 45 16 38 14 26 18 20 9 30 36 34 32 23 32 20 9 24 37 32 39 25 22 26 24 43 29 30 17 39 31 23 27 22 18 25 22 16 25 12 34 9 21 15 27 20 22 17 11 8 18 
48 25 8 22 18 38 37 28 14 22 26 32 17 32 26 36 11 33 34 24 30 35 17 22 22 36 24 28 34 18 31 15 34 26 29 19 8 35 22 19 19 16 32 33 11 11 21 29 39 30 16 10 32 24 24 21 30 31 19 21 19 20 23 37 24 22 25 9 25 43 25 21 30 19 28 16 26 13 29 14 29 33 17 22 28 15 19 46 30 20 9 13 24 17 31 31 42 15 25 11 32 15 25 14 15 17 22 24 21 29 26 29 28 32 24 8 19 15 16 26 
30 13 22 12 12 31 30 26 19 22 18 19 23 14 21 31 24 26 26 24 13 35 15 19 21 34 5 14 34 24 33 21 25 17 27 24 20 31 18 15 21 20 41 36 19 15 24 31 30 29 16 22 35 24 14 22 22 34 21 23 16 26 33 34 18 20 14 16 25 34 27 15 18 16 22 29 22 17 33 26 23 34 19 20 16 34 26 42 18 21 18 26 27 28 41 9 34 14 38 21 22 19 24 12 17 15 9 28 22 18 24 22 20 19 14 12 22 17 25 17 
25 13 29 32 16 28 38 39 22 11 29 20 34 14 24 26 19 29 16 27 24 23 20 33 24 39 24 12 21 20 33 22 37 10 36 15 11 32 26 16 14 12 27 15 14 15 13 42 27 34 16 32 30 31 15 21 22 30 17 14 18 24 32 32 17 40 27 13 21 15 22 21 26 14 18 22 30 28 28 25 41 27 13 26 38 18 17 29 33 28 18 14 15 28 36 30 38 17 36 19 45 27 22 15 21 24 12 18 30 33 22 20 22 47 32 16 20 20 23 22 
27 20 21 22 10 25 25 30 21 24 26 21 14 28 26 30 26 25 24 43 19 42 17 38 32 31 22 18 26 22 11 20 26 21 30 34 29 41 32 24 25 15 25 32 18 19 16 19 28 36 19 29 29 25 11 22 18 26 35 21 19 34 31 30 41 25 11 26 22 27 39 12 21 14 27 27 22 13 26 24 36 29 27 30 16 25 23 21 29 13 28 28 28 26 41 27 14 16 21 16 30 28 37 18 19 31 12 26 12 22 26 22 22 23 28 12 20 12 35 24 
23 20 14 23 17 32 22 28 17 17 15 19 21 18 18 28 26 32 22 25 23 11 20 31 30 9 32 32 9 13 30 14 22 21 39 18 17 31 36 18 11 18 38 22 11 8 32 26 35 36 22 30 25 18 11 17 19 32 21 25 21 20 14 32 30 22 14 18 20 23 26 18 33 23 14 19 42 26 36 23 41 25 14 22 13 24 13 32 14 24 12 20 24 22 17 30 12 14 28 24 25 35 36 20 14 13 17 37 26 38 12 23 18 27 32 22 17 12 21 18 
37 12 16 32 27 49 17 14 6 34 28 30 21 25 20 33 10 26 26 26 19 22 13 23 36 32 32 26 25 26 29 25 39 21 15 19 13 32 18 21 17 21 30 32 15 16 18 27 32 38 19 22 10 25 22 9 8 13 18 13 11 29 36 36 15 26 24 12 30 23 29 19 16 31 20 21 21 16 31 27 46 36 20 32 25 25 29 32 22 24 20 32 24 24 27 14 22 15 23 30 38 30 36 15 23 18 23 13 24 21 21 21 18 35 42 11 20 23 25 39 
31 21 8 15 20 31 29 21 22 17 20 25 26 19 22 22 16 20 14 28 14 14 11 13 30 10 9 21 29 17 24 18 19 13 24 15 23 35 19 14 13 17 41 18 18 21 25 40 21 42 18 36 21 30 8 17 9 19 22 12 21 17 21 13 30 39 26 21 26 5 12 7 39 19 34 24 31 24 30 26 43 30 18 29 31 18 24 24 18 27 18 13 12 24 24 30 30 13 42 42 35 29 35 17 16 22 19 32 33 29 23 30 26 28 21 15 23 13 39 24 
40 23 12 15 13 27 19 29 13 19 26 11 16 29 26 16 21 35 22 31 26 20 10 31 20 29 26 18 23 25 29 12 34 20 31 37 15 31 21 16 19 21 41 20 17 16 26 28 22 43 17 22 40 24 15 29 16 22 25 25 16 34 25 37 16 12 13 17 24 24 26 21 27 22 36 23 29 23 21 23 33 33 16 23 29 35 31 34 41 22 18 28 18 24 28 30 24 15 34 30 29 22 20 13 24 25 15 23 30 40 11 27 24 20 30 14 19 10 13 26 
25 26 17 24 15 20 22 32 19 25 20 21 26 23 16 16 32 29 23 29 12 23 13 28 20 21 21 32 20 20 33 23 29 25 38 25 12 30 34 15 18 17 38 22 8 14 32 19 38 33 24 19 26 13 15 17 16 22 33 15 18 27 20 16 23 42 18 21 25 26 33 10 22 13 32 20 38 31 24 25 39 17 22 14 23 27 26 18 18 25 18 20 21 23 43 22 25 20 18 26 24 26 26 11 14 21 20 18 25 42 28 18 24 16 28 15 22 15 26 19 
29 17 9 22 18 48 25 23 27 16 29 30 17 20 20 26 20 21 30 11 25 26 14 24 33 24 18 35 18 27 37 25 26 10 32 31 16 34 35 15 21 22 38 29 16 16 25 40 39 31 16 26 25 26 21 15 28 30 24 20 14 39 33 24 26 14 10 12 24 27 17 9 31 32 33 29 32 20 38 34 27 26 26 31 19 23 20 21 29 24 17 23 21 16 36 13 26 22 12 23 22 26 21 17 13 21 19 30 20 18 29 41 17 36 36 19 30 16 32 24 
32 20 18 23 10 36 31 22 23 19 27 17 16 25 16 15 22 28 34 14 28 29 16 18 24 17 24 16 33 26 34 15 23 22 30 24 16 23 30 18 15 14 24 30 16 25 19 35 19 33 30 37 33 30 17 8 13 23 21 22 14 26 11 21 8 32 33 18 22 21 39 18 31 12 25 21 42 32 30 23 40 32 19 7 18 21 23 9 20 17 30 27 29 14 31 15 28 13 28 27 38 22 24 17 12 21 17 26 32 24 12 40 11 34 29 24 30 13 36 20 
34 14 17 21 9 11 34 35 24 20 18 37 24 12 28 27 33 31 16 19 14 23 21 27 36 23 39 31 13 7 27 21 38 26 27 4 20 27 26 13 20 26 32 23 23 25 35 25 55 16 35 25 35 23 20 12 14 18 25 20 18 18 36 22 22 25 25 12 22 19 29 2 17 11 24 32 46 32 36 30 37 19 20 3 36 35 11 28 32 25 24 16 23 32 28 39 41 15 23 36 19 29 38 7 20 23 14 18 27 28 12 19 14 27 31 10 31 21 42 28 
23 19 13 23 11 25 28 19 16 12 17 36 25 18 24 32 23 42 20 31 19 31 17 29 40 23 31 17 20 23 24 17 45 29 19 21 19 30 16 20 18 21 44 22 21 22 29 24 11 32 15 23 26 12 28 19 25 21 20 25 17 44 20 24 13 34 21 20 15 36 20 9 24 19 28 27 27 10 45 33 17 28 17 36 13 38 11 18 28 32 15 36 15 27 30 40 17 11 29 34 20 33 32 15 26 33 20 25 40 26 26 22 13 24 20 16 19 24 12 18 
21 24 14 25 19 34 29 32 19 21 25 35 26 9 21 18 27 27 27 10 22 41 10 34 28 30 21 21 27 17 23 24 32 11 26 17 22 31 27 15 15 13 33 16 16 16 28 25 31 34 17 28 29 20 19 22 20 24 16 22 17 23 25 28 23 20 16 2 31 6 22 10 17 22 30 25 34 22 18 8 17 39 15 26 25 21 23 21 30 18 13 28 27 23 13 28 41 19 37 31 22 27 29 16 16 26 21 38 14 32 33 24 20 27 29 26 20 14 44 22 
33 19 27 18 14 29 36 28 21 24 23 13 12 24 21 16 27 32 27 19 18 44 11 19 22 11 24 28 18 22 20 20 31 38 24 24 22 21 26 25 10 21 37 32 15 24 25 35 32 35 32 35 25 14 20 20 25 22 8 29 20 36 36 39 20 32 16 18 35 18 26 22 41 23 21 18 29 17 23 18 36 38 20 33 8 20 34 34 7 31 13 27 28 25 20 24 33 10 32 27 44 23 33 24 20 30 20 26 22 12 23 15 23 27 26 26 14 13 32 17 
19 18 12 31 13 44 23 37 18 15 26 19 22 23 30 30 24 18 20 30 18 42 16 45 27 23 19 18 16 22 43 22 29 14 21 28 22 38 35 16 21 23 37 30 14 14 24 37 16 27 27 44 38 24 17 18 18 37 31 23 20 19 26 30 34 27 22 13 33 38 36 13 25 14 23 19 16 32 45 16 24 21 19 41 30 18 21 22 16 33 21 40 17 17 32 29 36 22 21 36 28 31 28 16 18 25 16 20 30 23 17 26 25 23 31 23 8 17 40 24 
35 27 29 27 14 35 21 19 21 22 17 16 20 13 29 31 14 33 34 28 16 30 19 30 43 42 22 13 19 26 31 16 22 22 28 31 13 24 21 14 22 25 31 28 24 21 24 28 35 31 19 17 30 21 16 22 15 33 28 18 15 15 38 38 20 31 19 17 19 27 42 12 31 21 37 13 23 11 33 16 46 33 18 31 27 13 16 29 25 31 19 26 21 29 34 29 14 12 42 23 33 29 26 19 14 17 19 28 22 16 21 27 21 27 34 14 22 13 29 19 
44 17 16 16 17 40 22 17 21 19 23 28 18 30 24 19 21 24 17 32 23 32 10 18 30 26 20 8 21 24 29 25 29 14 24 36 9 26 11 22 17 15 18 18 20 5 16 27 22 12 19 13 23 20 19 23 16 11 19 24 18 28 29 12 28 26 19 15 13 31 10 21 26 23 33 22 31 23 26 29 18 22 22 19 25 22 24 42 36 23 25 28 20 22 33 20 33 17 39 30 40 22 37 14 17 22 16 27 27 21 30 19 24 36 34 27 24 17 27 27 
28 23 15 22 16 36 45 40 13 16 20 30 22 26 21 30 18 25 15 35 21 39 10 37 30 37 18 22 23 19 31 17 29 14 29 26 20 41 21 13 19 11 33 22 25 17 24 26 21 37 20 31 37 14 18 16 23 19 25 20 15 20 32 32 30 37 17 16 28 32 18 17 42 20 30 17 31 24 25 19 28 33 7 32 18 22 15 44 18 21 34 31 26 13 28 23 9 16 25 37 30 21 12 22 18 7 19 29 24 29 24 24 15 20 29 24 19 14 33 25 
35 15 9 18 19 26 49 22 11 17 18 30 23 25 22 20 14 31 20 28 14 26 14 27 35 25 26 26 23 17 49 18 23 24 33 18 20 8 34 21 17 17 23 35 29 20 25 35 46 17 20 17 23 28 23 11 23 26 15 21 17 27 40 30 28 32 14 21 35 23 48 17 25 19 19 23 28 13 37 14 20 36 16 22 29 20 22 24 35 19 19 23 27 25 30 26 13 18 37 27 24 23 24 15 27 16 10 15 20 29 14 32 24 19 21 19 14 12 39 36 
42 25 21 35 11 15 33 34 19 18 23 27 20 25 19 19 24 32 10 24 14 20 17 31 27 31 31 26 25 28 34 15 24 27 24 25 21 49 33 19 15 21 24 31 24 29 29 26 13 32 23 31 30 13 15 21 16 27 19 29 26 30 29 32 26 22 16 18 25 31 26 22 34 28 32 20 29 4 38 23 19 39 14 22 23 21 17 25 29 26 27 27 29 19 22 24 42 12 44 32 24 10 40 20 14 19 9 28 25 32 13 23 7 26 16 10 21 17 30 22 
25 13 14 26 21 37 34 25 15 28 22 21 27 27 17 21 25 15 20 32 20 38 21 35 35 32 12 27 24 21 31 25 31 23 27 15 13 13 19 14 20 9 28 27 29 20 32 26 29 23 13 21 18 23 17 8 30 26 22 16 18 36 39 24 21 22 23 13 28 19 34 10 16 13 28 21 18 26 27 23 39 33 11 32 31 13 19 17 38 23 19 22 28 14 34 23 27 17 42 41 14 30 27 14 24 22 19 22 20 21 29 22 15 21 25 15 21 10 42 18 
31 13 26 26 9 10 33 20 19 23 15 29 36 29 30 35 22 20 17 31 21 35 10 30 30 24 18 6 25 28 20 21 40 29 21 30 13 25 14 10 11 19 24 36 20 13 25 34 28 35 10 8 25 20 21 18 26 19 21 19 9 29 29 25 29 38 13 16 19 20 31 11 29 20 35 19 31 15 21 19 50 38 16 29 24 31 18 47 30 24 17 39 25 24 43 26 37 16 17 29 16 17 14 18 20 29 11 22 16 34 25 22 8 20 33 30 31 18 36 32 
24 17 29 24 15 26 17 27 28 20 19 24 15 26 23 15 11 27 22 23 28 29 15 27 30 24 23 20 20 23 25 17 37 23 20 35 24 22 17 20 13 13 33 37 25 7 30 21 24 17 14 33 35 18 16 21 19 28 34 11 14 35 28 33 21 43 28 7 40 27 28 20 32 23 28 22 25 30 31 22 13 37 26 30 14 24 29 27 22 16 21 35 27 19 36 28 27 17 48 36 14 31 28 16 15 17 16 32 33 23 16 32 17 24 17 28 17 18 38 19 
40 15 18 32 22 35 27 38 32 17 24 33 28 26 22 18 23 19 20 27 29 39 15 30 29 31 14 24 13 11 25 12 33 21 31 33 13 33 27 17 19 10 25 33 10 16 25 35 25 25 14 23 29 24 21 14 13 19 24 20 4 37 18 29 23 24 29 11 40 32 32 20 34 20 27 23 16 25 32 30 14 43 16 37 12 20 23 43 32 32 7 30 16 27 20 29 34 14 41 29 20 17 25 26 16 23 13 30 17 40 34 20 23 46 42 15 28 17 22 15 
22 22 12 15 12 33 27 37 24 16 21 29 21 30 28 34 24 17 30 32 18 28 16 29 33 18 28 21 24 20 26 13 25 34 27 21 17 18 29 12 21 23 41 34 21 13 21 26 25 15 16 31 31 20 23 17 25 29 23 24 9 18 22 22 25 30 20 15 37 23 25 12 21 9 16 19 38 26 36 20 44 29 15 23 22 31 2 45 19 29 19 31 26 19 20 28 27 8 19 29 29 33 20 12 22 18 19 15 23 30 26 24 18 22 28 15 14 17 29 22 
26 29 18 31 14 26 19 27 25 9 19 54 16 13 22 30 19 21 23 35 19 18 17 18 22 6 16 23 28 28 29 7 25 20 28 27 14 33 19 19 15 13 29 33 25 25 27 27 25 24 14 25 30 36 24 17 9 16 19 23 23 23 26 27 28 24 18 22 28 24 40 16 15 15 22 18 25 22 21 19 3 44 17 39 34 23 9 24 17 27 18 37 26 28 31 21 17 13 30 30 18 19 18 11 27 20 14 23 15 39 19 24 12 33 23 14 22 13 34 22 
22 25 25 27 12 29 30 19 12 25 14 27 23 18 20 32 14 29 16 31 11 22 18 15 30 30 28 12 19 34 26 25 30 23 20 23 14 29 30 16 10 17 31 27 21 19 28 21 16 34 13 16 40 26 21 16 6 18 19 20 24 22 45 35 27 20 16 7 18 28 20 19 26 21 33 20 35 12 34 13 26 28 16 29 14 24 16 42 26 39 21 23 28 22 32 22 27 23 25 25 27 15 17 20 19 14 13 24 25 18 34 33 18 30 20 20 15 17 29 21 
31 21 19 22 17 34 26 34 31 14 22 28 32 20 23 23 17 36 17 36 22 32 11 31 19 23 29 31 25 26 24 20 21 21 29 29 16 30 16 21 20 16 36 38 23 33 32 28 32 27 17 15 31 22 20 32 24 32 12 24 11 30 53 37 44 10 18 15 29 32 27 19 12 6 24 20 41 18 46 23 35 36 18 21 27 22 25 27 16 23 24 24 19 17 22 27 27 15 42 23 45 32 30 20 20 16 14 23 27 34 23 25 22 36 29 15 20 13 44 19 
22 16 14 18 12 23 27 29 13 11 24 32 20 20 23 35 27 22 20 25 13 24 16 18 41 23 28 24 26 18 44 21 32 27 14 30 19 36 20 14 7 21 27 13 18 26 22 29 18 38 18 36 36 18 20 7 33 15 13 20 16 12 28 25 26 12 22 5 30 35 40 10 25 16 31 27 28 8 29 25 25 37 23 39 26 20 29 13 21 24 15 39 19 20 23 31 27 16 37 31 25 33 32 12 13 29 18 22 32 14 28 11 23 32 36 11 8 17 22 24 
40 16 23 29 13 35 35 29 24 14 17 46 20 17 17 21 25 32 30 25 19 30 16 26 38 14 19 25 19 29 14 13 37 17 22 32 15 21 19 16 16 19 27 34 32 18 19 33 19 26 27 32 32 17 19 8 27 10 14 30 25 39 41 31 20 27 21 27 18 21 24 15 30 23 27 21 39 24 25 23 40 21 9 27 29 17 27 27 34 24 17 39 8 23 20 28 40 9 28 21 29 22 31 23 22 13 24 31 15 22 11 25 25 16 36 15 25 12 17 20 
24 10 17 27 17 28 27 28 16 15 24 38 16 20 24 27 18 40 30 27 29 37 16 28 27 30 19 22 29 29 30 16 34 15 18 20 20 18 19 23 18 16 23 32 23 16 24 36 41 42 29 28 24 31 9 14 27 26 9 40 16 28 25 33 4 27 12 17 23 27 36 16 24 17 33 11 10 24 29 5 26 27 25 33 26 22 25 28 22 31 15 27 23 21 24 37 23 18 29 28 24 23 29 15 20 23 18 22 30 26 24 18 30 33 31 15 21 10 18 23 
25 15 15 24 11 21 28 31 19 16 21 25 16 19 17 29 27 25 30 25 21 15 20 34 41 24 28 16 29 24 51 22 26 29 28 37 7 23 26 22 23 13 41 23 21 13 30 25 24 34 18 29 29 24 18 18 18 22 27 24 13 40 21 31 24 20 15 14 25 25 32 14 29 15 25 18 51 25 32 19 25 26 16 22 10 17 16 33 12 41 15 30 18 22 33 18 34 19 13 17 28 36 20 18 23 12 16 26 14 21 25 18 28 18 36 23 18 23 25 31 
40 16 21 15 21 36 36 19 15 24 26 28 11 13 16 24 26 20 22 29 13 41 17 27 26 21 31 27 31 27 17 15 28 21 18 19 18 35 21 14 24 20 22 12 20 25 22 30 23 42 16 36 28 20 16 21 26 23 34 20 17 38 13 41 24 18 12 17 20 7 34 11 29 33 21 22 22 25 13 30 38 26 20 26 24 23 27 29 26 27 24 25 26 13 17 24 28 17 29 18 19 25 29 13 18 29 18 30 24 29 21 26 29 31 27 14 18 14 27 18 
44 22 18 30 14 31 31 28 16 20 27 24 20 24 22 26 19 20 28 28 8 14 13 26 29 15 34 18 23 24 30 18 14 15 10 34 17 23 26 11 26 16 26 33 26 11 21 36 39 30 18 24 17 29 18 16 22 10 22 24 17 29 27 27 26 19 22 25 13 31 23 16 14 22 37 25 24 20 40 17 39 36 17 26 17 21 16 24 15 21 27 15 20 22 24 25 32 18 22 27 17 27 41 20 12 31 13 25 24 32 20 13 20 21 28 29 16 19 24 18 
39 20 21 34 20 36 24 34 21 18 20 20 30 28 33 24 24 27 25 28 16 20 18 36 28 31 23 21 29 29 27 7 25 32 28 28 15 19 18 17 22 9 33 23 22 25 22 15 36 24 16 22 27 26 20 17 26 26 19 16 10 16 34 32 17 26 10 22 27 34 36 12 31 26 34 31 36 10 24 21 38 10 18 24 15 27 25 22 21 33 12 32 33 27 25 30 20 16 21 38 20 19 25 22 18 14 11 39 11 37 22 28 20 28 19 13 26 15 16 19 
25 18 12 11 19 21 15 20 20 17 23 23 18 13 24 34 20 30 26 24 22 19 14 28 44 27 23 25 25 20 19 20 41 25 27 21 15 42 27 15 15 17 32 29 18 17 20 29 39 34 14 36 28 34 27 32 21 24 18 24 17 42 40 35 21 27 11 12 16 17 32 18 27 20 13 18 27 26 30 26 35 26 19 26 29 23 21 36 22 20 18 28 12 21 26 38 34 18 23 20 29 24 37 18 18 32 11 28 1 33 24 32 29 26 21 25 15 12 29 36 
18 14 22 24 13 27 28 28 16 19 15 23 21 19 32 21 19 24 23 13 14 31 14 13 37 31 33 29 35 11 33 15 25 18 20 33 20 27 24 14 23 22 18 43 21 20 26 27 17 29 20 14 23 25 13 28 24 18 18 31 15 19 36 26 29 26 11 14 49 25 26 12 36 22 21 21 45 26 29 14 35 27 20 28 27 16 29 17 27 22 17 29 12 20 26 14 25 15 28 42 18 18 11 17 15 12 16 27 28 26 19 32 19 33 41 17 24 17 35 18 
30 20 23 8 18 14 25 39 27 27 22 31 23 30 25 32 23 25 28 21 15 27 17 32 26 34 23 22 27 27 23 25 27 18 19 25 19 32 23 17 23 10 38 23 22 16 8 13 14 33 20 14 8 24 16 17 32 34 28 25 13 29 27 31 16 32 17 26 29 20 10 22 22 23 32 24 22 28 36 21 23 34 14 19 26 14 19 13 28 20 15 39 22 22 10 28 27 13 30 19 20 31 20 17 16 14 12 30 25 35 25 30 18 23 30 23 23 21 23 10 
33 20 33 27 19 30 19 27 11 22 20 31 21 14 33 14 17 36 10 32 15 15 15 34 17 8 24 19 37 9 40 16 29 21 14 27 13 15 20 16 17 11 19 39 16 20 31 38 28 39 19 25 29 37 28 23 24 14 27 16 17 25 27 21 24 34 10 14 25 32 34 18 24 24 33 19 34 6 4 13 32 20 20 21 24 8 27 26 19 31 19 32 20 21 33 14 23 18 25 32 31 40 17 13 20 12 22 19 21 15 19 16 29 32 45 18 29 15 29 14 
30 14 25 18 16 22 37 27 8 23 21 18 19 28 15 22 26 32 35 23 11 44 16 27 23 22 29 24 22 15 22 26 18 26 30 25 14 41 14 21 21 21 31 33 12 15 15 32 28 51 15 22 32 15 16 20 18 23 16 25 21 33 25 33 26 38 22 15 19 17 33 12 40 28 28 13 30 24 23 17 34 24 25 19 19 25 26 21 21 29 15 41 16 25 39 11 28 8 32 38 25 32 32 14 24 27 10 34 23 31 24 23 22 23 42 16 22 17 27 20 
38 16 27 29 14 26 24 25 20 27 18 35 13 19 23 29 21 25 28 25 16 24 13 26 29 20 25 28 22 23 12 6 38 22 18 27 18 20 26 18 15 21 40 16 22 17 21 26 28 46 22 21 25 27 11 23 14 30 19 23 18 29 31 30 28 34 20 19 35 24 9 5 22 23 33 25 31 16 13 31 29 43 27 29 21 17 24 28 7 13 20 24 21 22 20 12 33 18 34 35 27 24 5 15 24 29 14 36 22 34 22 28 17 37 26 20 23 16 34 11 
26 16 13 13 12 32 40 17 10 19 24 27 21 34 19 10 31 26 19 24 16 46 16 11 43 16 34 31 17 24 31 14 32 16 19 40 14 16 16 9 24 21 34 22 16 20 26 19 35 17 17 21 11 24 25 28 21 27 26 20 21 28 41 24 22 26 14 22 17 20 33 22 34 19 34 22 26 18 49 24 26 23 14 25 17 22 19 14 18 27 27 16 29 16 20 19 37 18 31 23 24 40 34 17 16 19 15 23 30 41 35 22 26 43 20 21 15 10 15 18 
25 16 25 32 15 25 25 29 15 18 11 39 25 11 21 13 23 29 43 21 16 20 11 19 25 33 24 30 21 31 24 17 27 22 16 29 10 24 32 9 23 23 28 31 14 26 20 26 30 22 21 25 37 39 17 30 19 25 21 31 11 40 29 29 37 20 23 23 12 33 31 6 51 16 16 20 19 10 22 30 7 14 15 41 23 15 18 33 31 26 17 44 24 22 26 19 33 18 31 16 32 22 29 16 16 24 7 28 29 49 16 28 21 20 31 11 23 12 29 27 
26 21 11 29 25 23 47 42 17 23 26 40 17 25 29 39 23 19 31 32 19 25 11 14 28 24 23 17 30 31 30 25 52 23 13 32 21 29 20 10 19 17 37 43 20 15 32 34 35 40 29 18 22 24 10 22 35 23 25 21 11 27 36 49 41 25 14 20 26 22 30 14 10 28 27 27 19 17 40 39 33 26 20 39 13 28 29 28 26 8 22 26 21 16 29 28 34 22 35 23 31 26 5 17 18 24 19 34 24 34 18 26 15 24 11 16 26 9 43 26 
35 17 14 14 14 21 30 38 27 22 15 43 17 20 20 18 28 23 18 22 24 35 13 34 22 31 23 24 21 24 18 16 29 14 22 26 18 30 16 17 21 24 27 28 20 17 30 19 21 26 26 28 6 26 24 23 23 25 24 21 17 27 31 55 37 37 20 14 23 23 39 11 19 22 9 29 36 17 41 21 30 18 16 21 31 16 21 22 28 33 18 33 18 21 27 20 34 15 24 34 28 26 25 6 21 24 17 32 33 21 17 23 26 29 20 18 19 15 30 16 
40 24 11 33 23 32 18 16 22 14 23 15 23 17 30 23 27 26 23 28 20 29 22 25 40 23 17 19 23 8 26 21 34 26 21 30 19 23 28 19 24 16 24 31 27 23 21 13 27 17 17 13 31 25 10 17 24 25 19 27 16 31 19 44 19 32 11 25 29 38 16 16 27 18 19 19 1 13 31 21 22 23 16 14 14 18 27 23 20 24 29 22 21 30 26 19 31 15 18 43 23 5 32 20 27 14 13 34 25 36 16 20 15 23 43 20 23 13 34 28 
25 18 19 20 20 34 38 22 21 18 34 25 14 19 28 19 22 26 24 28 23 34 13 25 11 36 13 20 20 25 14 23 23 19 22 7 25 29 16 15 15 27 29 25 29 13 24 31 29 31 24 19 30 20 15 27 25 20 23 8 18 41 23 44 33 17 10 15 32 15 34 17 30 29 26 23 14 20 18 19 35 29 25 26 14 29 24 36 17 25 12 26 14 22 32 34 16 15 18 26 18 19 20 17 14 23 19 21 17 36 15 22 18 27 22 23 21 22 27 27 
33 10 18 22 18 18 30 22 17 15 22 24 17 19 23 23 20 14 25 29 10 32 15 26 32 11 14 13 23 31 33 11 44 19 25 19 18 28 23 15 32 26 48 22 29 27 25 39 29 21 29 18 26 26 12 6 31 39 23 24 20 23 36 33 29 30 9 11 20 35 21 6 36 8 18 14 31 18 37 18 50 22 19 27 17 25 20 24 29 35 22 33 30 16 36 15 39 12 25 42 20 32 40 12 18 31 15 19 36 18 20 29 17 22 20 18 16 16 32 23 
27 23 9 24 15 21 36 37 22 17 8 39 10 21 29 22 22 25 24 16 17 20 19 24 44 12 15 27 31 14 45 25 27 16 28 27 20 30 27 16 24 7 22 24 23 22 28 30 48 32 21 14 27 29 24 10 27 30 30 18 18 32 27 32 22 25 24 21 40 16 15 11 49 13 26 15 44 25 29 29 19 25 23 21 21 29 16 30 39 21 24 35 25 19 18 23 20 14 27 39 26 32 28 20 21 29 15 21 17 30 22 20 26 24 26 9 23 14 23 13 
24 14 22 16 23 31 35 28 25 19 18 13 26 19 20 27 23 33 40 28 20 28 9 9 21 20 23 16 24 20 35 17 5 19 27 31 18 25 30 13 20 20 35 35 17 15 27 32 26 41 23 20 26 19 16 13 17 35 26 24 22 26 26 30 26 39 15 23 30 17 18 7 23 32 32 12 18 29 24 27 24 18 14 37 37 30 21 36 23 31 18 25 19 12 25 30 33 15 41 22 24 24 34 14 20 27 15 20 8 24 33 26 27 18 7 17 25 19 7 34 
35 14 10 21 15 26 22 21 17 15 20 26 20 24 18 29 15 29 24 27 21 31 21 33 25 32 23 16 33 31 27 23 38 13 36 28 19 36 34 17 22 10 23 39 29 12 18 29 26 42 24 31 22 27 25 13 25 29 25 15 17 12 36 42 31 23 13 18 12 18 28 17 28 21 14 22 30 13 45 16 38 21 14 28 18 27 24 41 15 23 16 25 34 31 37 33 23 14 14 24 32 22 43 15 23 15 20 30 8 21 22 25 14 40 27 25 22 14 22 25 
48 16 19 16 21 35 30 12 19 20 27 46 24 5 32 17 20 18 35 37 19 26 13 32 26 25 19 22 24 18 36 18 31 22 28 15 23 15 15 16 7 6 26 12 16 28 27 22 42 39 22 29 35 26 20 15 26 27 15 14 15 23 35 40 45 20 8 14 22 24 35 18 39 30 14 26 25 25 24 25 40 33 20 31 20 26 27 33 25 26 18 29 30 12 25 24 44 23 21 21 44 27 26 17 16 8 25 31 24 27 26 17 30 10 25 19 17 16 25 17 
18 17 19 11 18 33 40 34 27 16 30 27 35 12 25 28 26 17 32 36 22 22 9 20 33 32 23 19 17 18 15 17 17 24 20 29 22 23 32 8 20 21 33 12 21 18 19 28 35 39 20 25 38 25 17 24 19 21 17 14 11 40 19 25 35 28 24 17 34 18 14 15 23 12 32 21 33 20 19 16 14 18 10 26 24 36 26 34 37 24 13 14 31 27 21 30 31 19 32 42 27 20 42 9 18 33 18 24 17 18 19 32 18 31 33 12 22 14 38 30 
15 22 15 29 21 18 22 22 29 21 26 35 16 24 22 18 19 28 16 31 24 25 10 20 32 22 28 15 15 25 35 10 18 19 23 29 9 15 25 12 21 18 34 23 16 14 24 28 29 33 25 32 13 20 19 19 12 29 20 25 12 30 28 31 35 26 21 4 41 31 17 20 25 9 16 23 23 26 27 14 18 30 28 25 19 18 18 34 32 13 15 31 28 17 33 27 14 22 36 30 28 34 26 20 19 24 19 20 25 17 15 37 24 18 22 21 19 11 36 22 
22 14 9 20 20 20 29 32 22 16 22 37 21 14 20 20 24 36 21 26 19 13 16 27 17 14 20 24 29 22 45 16 21 12 30 37 22 34 26 11 17 11 44 34 15 18 9 30 27 40 16 37 24 28 14 33 28 11 25 18 20 20 20 26 32 24 20 22 31 36 17 22 50 20 15 9 18 13 50 15 22 24 5 22 16 17 22 30 26 26 17 28 17 28 37 24 28 12 18 31 35 17 19 16 11 31 19 22 22 29 20 27 27 15 37 16 35 13 34 25 
38 29 9 37 9 31 26 21 18 12 21 32 23 19 25 22 31 9 27 25 27 27 15 15 25 20 31 18 18 20 38 13 37 34 19 21 17 22 17 13 14 20 26 21 21 16 25 32 18 23 34 23 32 24 22 21 29 29 19 12 8 21 19 26 41 25 19 21 20 21 41 23 22 22 26 22 51 28 27 14 36 30 17 34 3 32 22 42 20 24 20 35 21 19 46 21 27 26 40 23 28 26 23 19 27 20 14 19 34 24 18 27 22 23 36 22 31 15 32 18 
45 15 19 27 18 40 19 36 13 18 22 42 11 31 18 26 35 22 14 11 23 40 18 31 17 16 26 20 44 11 37 23 35 19 22 25 24 26 24 14 24 9 34 31 33 16 19 33 25 22 27 36 3 27 16 18 18 19 28 23 13 28 19 29 26 42 27 16 13 15 28 25 29 23 27 19 30 19 41 26 28 38 16 23 32 28 32 18 11 31 19 22 18 18 9 41 23 12 29 36 35 20 19 17 11 35 11 27 32 25 17 24 28 15 31 11 32 16 30 17 
18 20 18 32 21 39 42 27 19 27 21 28 9 15 22 33 13 27 37 17 8 38 17 25 31 18 30 26 27 18 30 21 34 19 18 26 7 24 22 10 16 23 45 23 22 13 19 26 38 42 22 22 31 20 20 24 22 32 19 23 14 22 33 23 18 33 22 20 29 15 38 16 22 19 19 23 29 19 32 30 23 27 13 21 21 23 15 21 33 26 21 32 22 33 27 14 37 16 30 21 39 26 10 20 18 29 24 29 32 27 28 23 20 26 28 22 16 17 31 17 
28 8 14 32 13 17 40 17 15 20 12 31 25 27 19 30 18 15 20 31 12 34 17 33 41 40 21 19 27 24 31 16 33 12 26 25 17 29 25 13 17 23 35 30 10 13 24 29 33 34 23 35 26 28 27 29 26 42 19 25 14 34 31 21 28 21 27 8 17 27 28 18 23 33 20 25 22 33 18 24 33 39 22 18 30 20 23 32 34 33 17 35 30 26 41 26 21 9 14 25 25 21 15 15 30 26 17 35 30 32 16 22 16 32 28 18 13 12 10 22 
43 15 6 26 20 24 21 32 12 14 13 49 19 12 26 23 31 36 14 29 22 37 15 25 23 35 13 17 19 28 33 20 40 13 37 35 23 26 21 14 17 13 29 30 21 22 27 34 50 38 24 18 26 29 19 19 22 22 24 20 12 9 21 20 35 38 20 11 27 28 26 16 17 22 31 19 21 14 31 25 20 23 8 22 16 28 23 23 30 39 22 37 17 28 32 31 36 21 31 28 27 24 32 10 16 34 10 24 28 27 14 18 22 18 23 19 22 17 33 14 
26 20 11 18 21 41 31 23 10 10 27 30 21 27 23 17 25 26 25 26 18 36 12 30 23 16 21 14 36 22 45 14 23 24 38 30 27 46 33 15 18 19 14 36 30 28 18 25 32 34 12 30 35 26 19 24 24 20 10 12 9 29 19 23 29 29 21 19 23 27 27 19 22 16 24 21 21 11 24 14 36 35 16 24 26 32 26 35 25 20 12 23 27 21 26 29 26 15 34 15 32 20 23 18 19 34 10 20 25 14 9 22 32 11 38 8 10 21 28 26 
27 18 19 22 13 28 35 18 16 16 21 18 22 15 21 30 19 31 20 39 10 25 11 20 45 20 25 28 23 23 34 19 28 19 35 35 17 25 26 21 21 10 25 28 20 20 27 33 33 6 22 28 29 18 18 17 16 21 22 14 17 33 25 14 33 27 28 13 24 27 33 17 26 20 30 20 32 23 36 34 42 28 20 35 19 26 29 19 25 36 33 15 18 24 19 22 42 16 16 40 25 26 25 12 14 27 24 22 31 34 32 25 17 39 23 11 25 21 44 16 
23 18 19 24 10 29 42 14 16 21 31 29 29 13 30 28 30 24 28 34 15 31 16 33 40 35 29 17 17 38 32 18 33 21 17 30 17 37 35 14 19 16 29 19 26 16 20 30 29 26 23 26 14 27 22 24 13 35 20 38 13 32 44 24 36 20 22 20 34 22 22 14 26 19 20 24 10 12 26 25 29 26 23 24 11 21 32 40 36 27 21 30 19 14 20 32 20 10 18 24 32 32 20 13 18 39 17 34 16 35 37 21 24 17 41 10 28 9 26 27 
33 12 10 21 20 28 26 27 20 22 14 21 24 11 20 18 24 32 22 32 13 22 13 34 28 13 27 25 24 23 26 14 29 42 30 28 27 39 19 17 26 16 32 32 23 18 31 28 33 33 27 12 36 20 10 35 24 20 20 8 12 17 30 10 25 28 17 12 18 29 25 15 13 25 32 31 29 26 32 24 47 38 9 38 18 28 20 38 26 29 14 25 27 37 26 11 34 11 36 28 21 28 49 21 23 35 11 33 29 26 27 30 21 7 30 18 22 18 30 19 
25 23 17 13 15 27 9 17 21 20 22 22 11 14 26 25 26 25 21 14 21 30 11 11 26 28 11 20 16 20 34 16 23 24 24 28 22 24 25 28 19 15 29 21 36 13 23 16 31 30 19 31 34 11 20 10 26 43 16 24 8 27 31 29 28 34 19 18 20 21 24 13 30 33 38 21 35 16 27 26 37 26 10 30 15 21 21 22 22 25 24 29 29 21 32 28 13 13 32 37 31 30 33 16 24 23 17 23 26 32 24 18 18 17 26 20 19 15 16 26 
23 22 22 25 16 38 22 28 24 23 26 46 10 29 23 16 29 35 8 19 10 25 23 21 35 28 15 25 31 12 31 15 27 28 21 22 32 28 17 7 11 12 25 29 25 16 20 18 20 17 27 18 42 28 17 26 23 22 20 27 13 7 37 34 30 33 20 13 17 22 22 8 22 24 20 19 31 26 26 26 39 33 20 20 15 12 35 30 17 25 15 33 25 25 21 29 32 18 28 37 34 27 19 21 19 23 13 30 30 25 18 20 11 34 32 18 35 19 27 14 
42 23 9 17 13 40 24 42 19 18 20 36 26 20 22 24 23 23 23 18 21 32 17 31 24 26 36 17 26 21 29 29 24 17 17 18 32 23 24 15 13 15 21 31 17 16 28 31 32 32 17 27 33 37 12 27 10 34 17 28 14 23 15 37 26 32 17 22 21 24 22 19 26 9 25 25 32 24 28 17 31 25 17 29 26 24 16 35 23 27 25 11 31 15 39 15 23 19 23 26 30 21 32 15 15 26 13 25 19 27 23 18 27 25 19 12 23 20 34 29 
34 12 14 19 15 32 19 34 25 16 24 18 25 21 26 34 25 27 24 40 20 35 12 27 20 28 16 29 19 20 25 23 33 13 25 21 17 16 25 13 23 21 38 29 21 13 28 30 25 33 13 9 24 18 14 15 22 43 24 21 23 5 27 16 24 27 18 20 23 24 28 17 40 37 32 20 28 10 19 28 33 22 19 32 14 21 18 35 25 29 18 39 15 19 29 32 34 20 43 30 33 25 23 6 16 17 15 16 31 24 20 17 21 29 39 22 23 17 49 18 
24 18 9 20 16 20 24 28 24 24 26 35 25 16 23 25 19 18 28 23 14 40 16 27 32 17 25 19 17 21 20 13 26 16 24 18 18 12 22 14 15 12 31 28 18 18 17 26 33 42 13 25 25 22 27 17 20 25 25 14 16 37 23 13 17 34 17 10 16 31 26 19 26 14 31 26 23 27 33 23 23 17 21 28 16 20 32 32 32 14 19 22 18 28 6 16 33 16 30 40 26 14 31 20 16 16 21 27 18 48 19 18 24 23 26 15 12 21 30 19 
23 9 17 38 15 17 34 28 17 21 18 19 19 27 19 33 21 25 20 14 22 28 11 21 23 17 26 21 19 27 27 18 30 32 37 31 23 39 32 22 19 27 33 45 17 18 16 32 42 29 21 29 35 24 19 18 26 26 18 28 15 22 24 21 11 37 19 16 16 27 30 15 27 14 32 21 32 26 11 24 18 33 17 38 25 22 31 19 24 24 29 39 20 18 31 31 16 20 46 36 32 23 33 20 29 21 13 21 24 20 21 43 31 25 19 14 23 14 35 20 
18 14 13 20 12 24 31 27 26 25 16 30 18 32 16 2 14 14 22 22 16 40 17 27 26 41 22 27 24 25 26 15 32 24 35 31 14 23 29 18 19 17 24 41 22 11 16 27 38 36 19 34 34 18 20 24 22 23 24 17 9 32 24 28 33 23 22 24 29 32 36 13 31 22 26 19 25 27 27 18 24 33 14 33 22 29 21 21 41 23 22 27 21 14 37 26 36 21 28 19 17 21 34 26 24 30 17 26 27 20 29 11 22 35 21 18 12 21 50 20 
19 16 16 16 23 39 38 26 16 17 26 30 24 20 32 32 25 28 25 41 24 25 16 27 26 22 30 14 34 21 35 11 29 17 18 24 17 25 25 14 15 18 16 16 11 17 19 36 25 31 31 27 33 18 12 25 29 28 12 22 19 22 19 26 18 29 18 16 19 36 25 17 29 20 17 23 4 20 28 16 37 29 15 18 14 30 15 22 21 6 24 32 21 21 33 27 21 15 35 24 27 21 44 17 11 21 13 23 23 29 20 18 18 28 39 19 27 16 27 23 
37 20 17 23 18 45 14 22 20 8 29 31 36 19 28 26 20 38 25 20 16 22 15 30 32 34 27 22 35 18 18 21 27 32 20 28 17 19 26 11 25 22 36 25 25 17 21 38 19 26 16 24 33 27 20 21 22 22 20 28 12 25 31 23 27 25 12 16 27 28 16 13 16 27 19 26 19 19 41 24 25 24 23 31 18 22 23 30 31 21 13 23 20 21 24 32 44 13 44 23 31 29 35 15 23 23 12 14 41 24 15 28 5 14 19 13 15 9 24 36 
2 17 14 22 11 29 33 24 17 21 5 28 24 15 16 21 18 29 24 37 21 31 15 18 33 40 21 22 27 31 30 18 36 24 21 24 25 30 32 20 15 18 36 17 26 12 10 26 43 24 22 14 32 29 11 14 34 20 23 25 12 37 21 51 29 24 19 19 24 37 36 17 38 17 18 31 35 21 34 17 18 34 17 13 17 26 32 18 18 29 21 38 21 22 39 30 35 22 21 15 31 28 36 16 14 16 17 25 24 25 24 33 4 35 37 14 18 14 34 28 
33 17 20 29 17 25 27 28 21 14 23 40 10 25 13 19 28 28 38 26 18 28 18 25 40 20 15 24 26 11 35 25 9 19 30 31 16 23 28 11 18 12 25 28 23 14 27 18 20 34 16 40 15 32 20 19 18 22 27 25 13 32 39 27 14 32 21 15 21 21 40 13 25 13 29 20 39 22 29 22 34 38 25 27 20 10 33 41 22 24 18 13 6 27 25 23 39 26 18 24 25 35 21 23 19 27 17 24 32 22 19 28 29 16 50 18 23 13 18 21 
31 18 17 29 6 35 32 41 19 19 23 41 24 21 15 26 24 16 21 42 15 38 16 26 31 24 19 13 25 29 18 12 20 23 22 33 21 34 33 27 11 21 26 34 27 22 18 19 35 33 25 32 10 27 17 22 6 25 12 29 19 24 22 45 30 30 24 15 24 33 23 17 24 19 15 24 34 19 18 17 34 37 18 19 22 12 22 42 22 25 13 11 19 21 38 31 25 12 25 17 34 31 12 16 18 25 21 26 27 36 22 26 10 16 40 14 28 15 33 23 
29 21 8 19 22 40 33 25 11 16 23 36 23 21 31 26 19 26 25 26 17 30 12 15 37 24 25 29 16 17 43 22 24 26 24 28 17 26 26 18 30 26 21 26 24 18 29 14 21 44 18 34 25 25 19 18 8 32 13 21 16 23 43 36 39 19 19 20 15 28 37 17 14 20 20 24 35 19 27 17 24 32 18 23 23 23 24 35 33 24 8 20 29 23 17 33 35 13 7 45 36 23 35 9 25 25 15 23 23 26 29 17 16 27 35 15 16 19 33 28 
29 9 16 19 15 20 38 9 26 14 31 39 24 26 27 22 19 20 33 26 17 31 19 34 27 22 26 24 19 18 12 23 29 16 23 33 27 17 29 20 21 25 25 31 14 10 16 31 24 26 23 18 22 27 18 20 11 14 28 22 15 18 40 28 16 29 12 9 22 22 43 12 14 13 22 24 39 32 19 23 31 20 21 30 21 26 17 27 17 27 20 25 29 25 33 26 18 12 30 30 36 24 35 15 22 25 10 18 29 27 26 30 12 21 27 21 25 21 28 19 
23 14 9 27 14 29 41 48 13 15 26 32 15 24 17 12 32 23 32 28 26 18 11 13 24 24 25 17 41 14 25 25 32 18 26 21 20 30 30 14 24 16 38 38 18 17 26 25 39 42 31 22 20 20 16 8 11 25 20 21 13 43 21 23 36 33 18 16 24 20 11 21 26 29 31 27 31 7 29 31 24 13 14 25 32 17 21 21 26 23 20 32 19 22 41 34 32 27 30 27 33 29 22 9 29 15 13 24 14 25 35 28 18 18 34 21 13 9 27 21 
37 19 20 40 14 41 21 16 15 9 33 38 23 30 22 21 18 34 27 13 16 34 17 17 33 30 23 14 12 21 30 20 30 21 25 21 21 50 22 16 19 22 25 38 38 16 21 35 22 23 22 29 43 23 27 7 21 33 28 26 15 29 28 27 19 30 22 13 29 36 31 15 18 26 32 10 23 23 24 19 33 31 7 29 32 19 13 28 27 21 18 22 20 9 11 29 31 19 35 34 44 16 40 16 21 11 9 26 31 27 11 21 18 17 25 16 20 21 17 28 
27 17 17 30 17 32 36 19 15 16 16 42 26 25 21 31 29 34 20 23 18 27 20 26 29 24 17 38 13 46 35 16 23 18 30 40 16 32 24 19 20 22 31 26 18 19 29 37 24 19 23 31 19 32 18 16 25 39 28 21 15 25 39 34 21 29 14 13 21 21 34 14 23 26 27 25 15 18 18 24 24 27 12 4 10 23 19 25 22 20 15 20 24 17 31 27 22 14 40 22 38 29 19 17 18 28 16 43 16 29 10 31 16 36 15 12 14 19 31 15 
28 21 28 13 16 38 23 35 16 16 23 33 16 23 21 22 16 28 36 33 29 37 19 36 26 27 16 30 29 30 30 21 11 20 25 24 10 38 24 20 18 19 29 37 15 11 25 38 32 29 20 26 15 32 16 19 23 22 12 17 16 22 36 35 21 24 21 15 18 17 37 14 34 20 20 28 33 26 24 30 27 33 17 37 21 19 31 37 33 18 24 28 16 21 19 24 12 18 30 13 25 23 42 11 17 22 15 24 16 35 21 22 15 29 32 21 20 20 23 15 
32 17 21 31 18 31 38 15 17 21 21 46 20 17 18 20 18 43 16 23 16 24 13 20 42 39 21 20 14 16 24 16 23 17 28 25 21 30 24 23 8 21 22 33 21 12 23 32 30 30 26 21 21 29 16 38 21 32 9 20 14 12 28 41 29 24 22 17 27 13 30 15 11 14 21 24 36 28 45 24 24 36 15 32 13 18 36 30 27 14 22 30 29 29 29 27 20 11 41 24 15 30 40 10 19 26 12 12 18 35 25 31 11 25 30 21 29 12 30 13 
28 21 14 34 20 25 27 18 23 18 20 24 24 22 20 29 31 32 20 24 21 23 17 18 10 26 23 15 32 25 17 19 29 14 25 34 22 43 16 10 14 14 37 31 15 19 20 24 34 29 21 25 34 20 21 24 24 30 21 21 17 27 22 45 21 13 27 18 20 28 20 18 38 17 23 25 35 17 21 14 33 26 22 23 23 15 15 42 15 31 16 43 30 9 21 33 25 15 19 31 20 17 15 12 17 29 16 18 29 37 16 29 26 18 28 19 9 15 24 16 
33 22 10 22 4 41 34 34 16 13 25 23 24 26 16 21 15 25 30 20 18 25 10 31 17 24 30 20 18 40 27 13 27 11 27 28 17 21 22 18 16 20 25 33 25 12 12 21 20 32 15 17 25 23 24 15 16 20 14 17 17 26 33 34 27 23 15 16 21 26 27 16 39 31 19 24 24 20 19 30 34 46 23 23 20 22 32 26 23 15 23 38 20 11 16 33 26 16 23 36 21 28 33 11 26 17 13 19 22 24 21 32 24 21 19 13 30 9 17 19 
49 19 15 24 16 17 8 31 12 20 23 30 22 13 27 40 26 18 44 25 16 35 14 16 34 36 19 20 20 29 26 18 26 19 26 26 15 42 26 14 24 18 26 36 24 7 18 33 28 38 28 28 34 33 18 18 21 22 21 14 14 20 33 30 29 36 17 10 25 40 25 11 35 21 31 24 17 11 10 28 22 32 16 18 17 26 23 31 16 25 18 27 29 30 25 27 35 16 30 37 25 40 15 11 22 30 11 19 15 23 9 33 11 33 20 20 17 15 31 19 
18 15 24 20 14 44 12 25 19 24 17 39 9 17 28 30 27 23 38 27 10 30 18 21 43 13 21 16 29 17 20 18 24 25 28 24 16 26 32 13 16 27 37 17 18 28 19 32 35 36 18 27 29 20 23 27 17 26 20 33 15 20 33 13 33 29 29 16 33 12 25 12 26 27 24 19 14 23 27 23 50 24 25 25 29 24 16 33 24 24 24 41 13 20 23 21 13 14 26 29 14 28 30 18 15 26 13 36 30 22 38 37 11 29 29 15 23 18 17 28 
22 17 15 23 15 28 24 22 21 19 20 22 14 29 31 35 19 16 24 25 13 28 11 36 30 24 20 27 36 19 36 9 47 18 26 25 18 30 31 15 18 17 23 6 33 11 14 30 29 33 20 36 29 23 13 19 18 28 15 33 17 11 21 36 31 22 9 21 41 25 47 16 21 21 18 19 28 21 17 22 43 37 18 33 20 20 20 22 19 25 11 35 30 26 17 24 37 22 40 21 25 27 18 18 24 37 20 34 22 22 15 33 30 26 21 11 16 15 23 20 
36 15 22 28 7 28 40 27 25 19 18 29 22 25 25 38 25 32 21 24 24 40 16 11 37 17 29 19 19 30 31 22 31 22 38 31 14 22 33 20 18 23 34 9 27 10 20 23 27 30 24 29 24 20 24 15 27 25 22 18 26 28 35 44 19 26 17 25 13 33 23 14 24 16 34 17 36 19 26 13 21 33 19 30 16 20 20 23 19 24 22 17 25 32 24 27 27 14 47 27 20 22 43 11 14 32 15 24 16 14 23 29 22 17 35 25 18 25 26 23 
6 17 21 25 16 26 31 53 13 15 21 39 23 27 32 31 23 37 24 23 11 24 10 22 31 28 21 20 25 24 18 13 25 20 23 24 21 26 24 12 16 12 24 29 22 22 27 35 19 24 33 26 8 21 19 21 25 25 17 24 13 31 39 39 35 32 12 10 23 33 25 18 27 14 37 10 21 11 26 26 44 17 18 15 25 16 14 35 28 18 19 35 28 20 32 24 34 17 29 33 37 17 25 17 20 25 14 25 16 19 26 24 23 32 23 14 17 18 11 25 
26 19 7 15 16 30 34 18 18 15 21 14 22 25 28 33 32 27 32 38 18 34 12 20 41 23 29 6 29 20 23 20 44 24 31 22 24 27 25 17 20 15 15 25 18 17 24 50 32 31 14 27 29 26 21 19 23 27 22 13 13 17 14 17 35 34 13 15 31 15 12 11 31 24 38 23 18 26 36 20 45 34 13 35 22 19 21 20 23 31 13 31 21 27 33 7 35 18 20 33 31 21 28 23 13 21 15 40 11 42 29 30 13 37 28 12 9 12 36 21 
40 21 20 31 13 27 32 33 26 26 21 23 18 32 27 21 15 26 16 21 26 30 19 31 36 18 28 16 33 24 43 16 31 16 23 31 25 39 27 16 14 20 27 16 24 23 30 37 38 20 18 22 17 37 18 19 14 22 20 19 17 31 24 37 29 40 26 9 11 28 24 15 25 26 21 14 34 12 23 21 17 34 26 28 15 23 29 32 19 27 23 36 22 31 31 38 29 15 43 32 20 35 39 16 20 23 14 37 21 15 18 18 30 23 40 18 7 17 38 23 
29 20 29 14 15 42 31 41 25 24 20 27 17 22 26 34 29 25 21 16 18 34 18 16 30 24 26 27 34 30 14 21 30 25 23 28 14 22 13 24 21 19 42 44 25 14 22 23 23 38 10 14 16 16 17 20 15 18 17 12 21 22 21 38 45 25 17 21 16 20 29 12 26 25 23 24 26 18 20 23 29 25 18 28 23 17 20 23 41 34 20 31 9 16 36 29 21 19 30 15 21 29 31 12 18 21 21 13 26 21 24 28 22 26 35 15 21 9 30 13 
25 7 18 14 13 38 38 27 22 27 16 37 15 16 24 21 27 20 19 32 13 34 4 16 16 27 20 24 23 18 19 24 21 26 35 35 31 19 12 18 13 10 28 31 25 9 17 25 35 37 13 35 29 27 27 18 8 19 20 20 17 43 36 35 25 34 15 23 25 32 40 13 18 20 22 29 24 13 27 15 38 28 28 15 26 29 17 21 20 12 15 24 19 21 30 15 30 26 46 26 35 26 42 13 12 24 16 23 26 43 26 26 8 21 29 19 19 16 33 20 
35 22 11 23 19 18 21 35 11 20 27 33 11 27 24 21 28 26 17 27 8 31 14 27 21 23 23 21 39 24 37 18 20 32 41 36 16 16 19 13 17 16 33 32 14 16 31 24 24 18 27 39 38 21 15 20 20 32 26 21 18 28 23 28 33 25 22 21 24 39 31 14 14 25 29 25 37 25 22 24 35 37 27 37 34 16 34 38 28 16 18 20 24 23 15 21 26 17 34 29 33 36 15 20 13 15 13 18 23 39 30 18 24 39 25 18 27 5 26 32 
23 26 19 18 15 35 27 19 29 19 18 17 16 16 24 29 35 26 27 39 24 19 20 10 21 25 30 23 28 9 39 18 37 17 21 12 14 31 41 16 19 4 29 16 19 17 26 20 38 32 23 35 22 13 15 19 21 17 16 13 17 32 37 32 34 32 12 12 11 13 33 19 31 12 18 29 3 31 34 38 41 39 19 33 29 28 21 25 35 10 9 19 19 19 19 31 18 21 19 24 41 20 32 12 19 27 15 18 25 41 23 19 32 38 12 27 17 16 31 24 
36 20 8 18 16 19 37 31 19 13 20 36 28 27 15 26 20 40 17 30 9 31 15 25 25 18 17 18 21 20 28 17 27 29 19 27 17 39 10 13 13 21 41 34 22 19 18 28 22 23 18 22 45 25 19 31 25 10 17 13 19 28 23 42 30 22 27 16 27 31 33 18 32 18 24 7 36 18 25 22 26 19 17 40 36 19 26 39 18 27 12 15 19 26 33 28 18 14 34 17 22 15 46 17 25 18 19 27 26 21 23 33 20 38 23 21 17 11 24 17 
27 10 13 17 13 42 37 26 7 18 20 39 22 24 14 24 31 18 18 28 16 29 13 17 22 8 24 23 19 31 22 20 31 29 12 26 14 22 27 13 23 13 20 39 18 19 21 30 37 47 8 33 29 21 17 19 14 36 25 20 15 27 14 28 28 27 16 13 29 16 17 18 28 16 17 33 35 22 22 13 51 32 20 16 19 18 23 21 22 28 23 26 26 28 30 28 33 14 28 40 23 17 12 8 21 19 17 28 17 28 22 40 19 33 27 22 25 19 33 19 
30 19 16 22 17 27 25 32 22 27 18 18 34 27 10 23 17 17 12 34 21 20 20 32 32 34 28 18 23 26 33 18 24 11 24 36 21 32 30 7 18 22 30 25 17 25 24 30 35 39 9 37 30 30 9 24 19 32 25 20 18 22 28 29 16 37 18 11 17 17 17 17 28 25 39 19 27 10 24 36 8 7 14 28 18 6 29 35 16 17 14 20 25 20 22 41 34 12 42 29 43 28 32 8 22 23 11 11 16 28 18 22 22 26 23 14 25 19 20 18 
33 14 18 29 16 28 26 43 17 21 17 33 23 18 20 29 30 30 24 32 15 26 18 12 41 27 21 19 24 25 26 23 35 18 26 32 14 32 12 14 12 5 31 29 22 19 32 25 26 53 23 24 24 23 21 18 17 16 31 26 18 20 16 30 28 27 19 9 26 33 34 14 23 27 27 7 35 11 17 22 24 31 18 20 25 26 22 24 19 21 7 33 21 7 26 17 31 22 11 30 43 26 23 19 21 29 17 28 37 35 23 20 22 17 33 17 23 26 32 25 
20 22 11 29 20 22 33 33 21 11 25 34 14 25 18 39 17 33 33 19 20 34 15 23 33 30 38 21 20 12 21 24 35 12 23 26 25 35 32 19 28 22 31 32 18 21 24 39 30 38 23 25 46 33 6 12 24 23 16 23 19 31 37 26 21 6 22 17 35 29 17 16 43 17 33 14 20 19 24 24 28 33 19 21 19 24 22 38 30 33 21 26 11 12 26 21 21 16 37 33 41 37 19 13 19 20 19 28 22 23 20 20 24 25 18 17 33 14 26 10 
36 25 23 27 13 33 13 42 15 14 23 30 28 20 21 31 25 28 31 28 7 41 14 23 30 15 18 33 39 19 33 11 46 11 30 45 15 32 29 17 16 17 34 28 23 19 26 35 29 30 26 32 17 34 25 19 19 35 18 15 15 28 19 45 9 16 26 17 21 24 17 5 30 15 15 29 37 26 27 25 21 28 17 23 31 19 27 27 21 37 20 17 24 34 25 30 43 17 32 40 33 24 44 11 8 19 13 31 34 39 27 16 17 21 32 31 21 18 36 29 
31 18 21 21 21 37 29 22 28 18 22 30 27 13 23 36 28 23 26 27 23 42 15 16 45 22 22 21 29 18 33 17 29 17 30 37 15 28 16 12 15 19 23 22 22 6 21 23 20 34 34 20 40 28 22 17 24 28 21 29 14 23 30 33 28 35 17 15 31 21 23 12 32 15 30 29 25 5 23 23 42 26 14 32 22 21 23 23 12 21 11 30 27 21 33 20 13 10 38 24 22 16 28 19 23 16 14 33 30 30 13 26 19 35 22 17 25 15 37 25 
14 18 19 18 10 21 42 23 21 22 17 21 29 16 22 7 20 36 26 18 11 37 16 18 39 22 27 24 13 32 28 15 24 7 31 44 24 36 25 18 16 18 35 13 6 12 16 26 42 32 13 33 24 22 22 35 18 33 25 16 23 33 34 36 6 34 22 15 24 27 26 10 24 27 26 4 21 25 18 17 25 21 16 33 27 30 25 43 21 17 32 11 18 27 32 25 16 16 44 38 25 25 37 14 19 29 15 4 26 32 25 26 26 20 31 7 24 11 37 21 
29 22 26 28 14 28 31 21 17 19 21 43 29 10 23 33 17 41 18 23 28 34 20 23 25 25 17 26 29 12 47 10 30 18 29 34 16 28 22 23 20 12 13 50 25 17 24 21 17 20 24 35 21 28 27 10 26 23 24 11 16 24 20 24 31 29 21 10 29 31 36 15 35 25 49 12 25 12 23 19 28 30 11 22 19 24 25 38 42 22 23 38 26 21 39 22 47 12 29 27 24 31 31 10 12 30 18 17 16 29 18 27 18 31 36 24 22 17 29 22 
22 20 2 32 19 26 41 43 13 6 25 30 20 26 18 38 32 26 11 41 16 39 6 32 29 18 19 21 11 25 25 16 30 12 23 46 23 40 22 23 17 11 24 37 12 11 19 38 19 36 13 18 32 28 19 13 19 25 19 28 19 27 25 15 35 38 18 10 19 25 24 16 39 29 30 22 28 27 26 29 44 33 18 27 33 24 25 21 18 17 17 24 21 9 36 31 26 17 43 33 26 30 23 22 15 18 27 30 24 26 24 37 11 40 21 15 15 9 36 18 
38 23 23 30 19 42 37 31 12 21 27 32 25 19 28 23 26 31 30 25 16 40 11 15 34 37 21 9 29 24 33 14 42 10 36 35 14 41 18 16 15 15 21 46 14 7 34 32 38 28 21 28 26 19 17 30 25 16 15 21 13 27 29 36 19 15 16 16 19 26 20 16 22 26 20 25 37 28 45 23 23 25 18 27 25 22 17 45 5 23 20 21 11 10 23 21 37 18 20 33 44 26 22 17 23 20 16 35 20 17 35 16 14 22 26 14 30 8 24 10 
44 15 17 21 12 30 13 29 28 8 25 28 15 19 26 27 23 33 23 32 11 25 14 28 27 36 23 12 25 8 22 22 29 26 24 27 25 31 25 19 15 21 34 34 27 14 20 21 36 16 20 11 22 28 20 18 22 12 12 19 16 36 32 25 29 34 13 10 19 31 17 14 22 9 17 29 17 18 32 20 17 20 24 27 30 24 34 36 27 23 27 31 25 32 28 31 5 18 17 25 25 21 26 13 13 28 20 30 29 28 25 26 25 31 30 15 22 11 24 26 
44 27 20 27 13 32 23 38 18 18 21 35 20 17 21 24 21 24 26 20 23 23 14 30 29 34 26 23 30 27 19 22 23 30 28 28 17 30 30 17 19 18 25 34 34 27 13 34 30 26 12 27 23 32 19 22 26 25 24 18 19 21 40 30 28 8 13 21 36 19 33 18 16 33 41 21 33 17 37 11 30 34 28 31 17 21 12 20 18 31 14 23 25 19 23 22 22 24 41 24 33 30 30 11 15 28 20 24 17 38 24 8 24 26 37 24 15 15 19 16 
32 7 13 20 11 24 11 24 23 14 19 25 16 29 26 20 28 32 17 25 14 21 11 23 18 25 17 26 34 19 45 10 24 15 34 29 21 28 26 11 10 21 19 41 18 16 22 21 27 24 9 21 20 26 21 16 21 34 24 22 18 32 22 30 14 40 19 18 10 29 22 11 40 23 31 17 18 24 20 27 25 27 16 39 15 10 7 9 45 33 16 28 25 26 28 32 26 17 12 31 26 27 30 23 22 22 13 21 28 31 24 15 16 33 26 26 28 18 45 14 
16 26 20 19 20 25 25 32 15 13 20 37 15 21 16 22 27 25 18 34 18 14 13 14 27 16 27 18 26 26 46 14 27 32 21 39 28 33 24 21 17 15 32 19 15 13 24 29 18 42 25 24 35 21 20 17 12 22 27 24 16 9 36 47 31 24 19 17 19 33 25 17 34 21 33 24 41 17 25 28 32 25 24 41 27 18 13 32 26 19 33 27 23 13 42 34 10 14 35 26 39 24 31 8 24 22 15 19 20 43 17 16 29 21 25 14 28 11 30 21 
24 20 24 23 10 23 44 23 17 18 25 14 22 27 23 44 25 24 18 23 11 24 17 31 25 26 28 19 16 22 57 27 23 21 23 34 16 28 19 12 20 15 29 46 23 18 25 42 32 34 15 17 25 41 19 14 23 19 31 17 13 18 44 42 19 39 30 15 17 40 14 14 27 20 38 18 37 20 30 18 28 39 16 21 19 22 32 18 23 19 21 32 17 19 34 33 18 14 42 45 27 23 33 16 18 28 12 25 18 18 15 27 20 22 42 24 21 15 25 22 
28 15 10 38 15 30 13 37 19 14 22 32 19 26 19 21 24 19 27 28 11 23 24 17 32 20 19 17 23 22 17 12 21 18 30 8 21 29 13 18 13 15 30 21 20 9 29 22 29 31 15 19 17 26 20 21 27 29 27 22 16 18 23 46 37 29 22 19 27 37 27 21 45 24 15 24 24 22 16 29 42 25 13 3 12 21 15 17 17 23 18 35 24 19 23 25 32 18 23 27 35 30 30 20 20 23 13 17 24 23 14 36 15 24 38 22 24 20 45 23 
26 13 16 10 19 23 24 17 18 19 27 47 14 17 12 29 28 21 23 31 13 32 14 23 17 24 20 28 34 27 43 23 19 18 22 24 20 31 33 15 14 17 31 29 16 10 17 28 37 30 9 11 3 16 24 21 24 21 19 20 22 26 32 19 24 37 32 20 19 19 29 10 49 19 23 21 33 9 23 22 29 22 12 35 23 23 19 52 21 17 15 18 28 26 23 30 27 16 25 33 34 28 38 9 22 36 20 21 16 37 19 26 18 32 38 14 25 15 38 21 
20 23 17 34 17 36 29 21 25 24 28 45 11 21 22 28 21 32 23 20 27 21 19 35 20 22 13 14 35 19 25 14 34 18 40 15 17 34 32 17 19 22 32 27 20 15 16 20 33 27 21 28 15 3 19 26 18 18 23 25 17 17 24 46 42 19 24 26 28 32 31 15 28 19 19 16 28 30 31 27 47 36 19 39 33 21 23 25 28 26 23 39 19 9 30 25 30 19 39 28 32 28 22 21 17 38 19 24 28 33 13 23 14 15 40 10 21 14 42 23 
36 19 15 25 14 26 34 29 11 22 21 27 12 25 18 27 19 17 22 24 17 23 16 29 23 19 27 24 25 13 39 27 37 29 27 35 16 23 30 20 24 20 45 34 10 13 20 25 25 13 16 14 29 19 22 16 14 30 25 29 9 16 29 41 41 35 26 20 12 20 23 19 25 11 29 21 35 21 40 27 30 24 13 27 25 17 17 35 13 36 23 24 16 27 24 30 20 19 22 37 25 26 24 16 16 21 12 33 27 9 28 18 19 27 34 19 22 21 24 22 
33 16 23 22 11 27 25 36 11 18 21 31 13 19 17 17 20 16 18 39 17 37 17 17 10 24 14 21 7 31 34 24 31 24 24 29 20 36 23 15 21 16 23 35 20 12 24 23 29 39 19 26 58 25 22 21 26 20 23 28 19 40 32 37 25 23 23 17 31 30 28 18 9 27 29 26 13 14 39 23 19 20 15 17 16 19 27 25 16 14 13 21 18 18 30 31 45 20 40 39 29 27 30 14 18 32 2 28 21 31 13 16 15 36 36 20 24 18 19 19 
40 27 18 17 19 29 42 29 25 19 33 23 27 30 20 14 37 25 22 26 15 19 20 37 40 27 21 12 15 17 30 17 33 18 34 38 15 28 24 14 13 16 27 23 7 16 19 29 25 15 24 31 28 18 31 14 12 35 19 21 17 34 42 41 23 36 14 17 21 20 10 16 30 31 13 14 37 14 25 14 28 41 24 31 21 17 20 41 39 38 19 34 13 24 35 32 24 13 29 32 40 35 18 11 26 29 22 38 32 30 23 31 24 21 32 17 28 14 29 28 
30 22 16 27 14 13 36 27 28 14 16 42 28 19 20 28 15 33 12 27 12 25 15 13 27 21 25 41 25 28 31 12 23 15 12 23 16 27 36 12 14 28 20 26 21 21 19 36 29 30 14 25 32 22 22 25 22 35 25 21 13 23 42 34 19 28 16 10 19 42 32 16 25 20 30 16 38 14 17 28 26 36 22 33 28 44 24 24 34 26 9 31 34 26 18 34 30 10 20 44 27 24 17 17 19 13 10 23 26 21 17 11 20 27 33 15 21 16 22 13 
21 17 13 20 11 21 30 31 12 13 10 20 15 26 30 24 33 44 16 19 17 26 18 20 32 32 26 22 37 19 32 18 32 21 22 43 14 26 31 15 27 16 37 28 25 13 22 22 32 22 18 21 23 10 20 17 21 28 32 19 15 32 17 28 11 27 30 18 28 32 39 17 14 19 22 13 41 22 14 22 39 12 25 34 25 25 20 42 23 26 26 20 18 25 18 18 22 14 38 23 27 27 30 22 20 32 14 29 28 18 26 36 21 28 50 11 12 22 32 13 
21 13 23 23 14 21 29 26 16 17 20 13 30 22 17 30 28 22 16 23 19 30 16 21 38 23 21 18 25 15 28 25 41 27 43 15 19 23 29 11 15 23 33 26 19 19 26 34 25 33 17 22 34 39 11 17 28 21 14 20 11 8 32 32 30 13 20 20 36 16 32 18 38 22 25 19 17 26 34 29 39 17 14 40 10 12 21 37 24 26 28 33 18 17 30 19 38 16 26 22 40 26 19 21 16 19 12 16 12 15 18 11 18 21 22 24 26 16 13 15 
19 19 21 20 11 26 32 36 21 19 19 32 30 23 14 36 21 32 17 27 18 37 13 19 35 33 26 19 29 14 23 17 26 27 8 34 5 29 27 9 22 16 6 30 22 13 22 38 37 39 17 34 22 22 14 19 14 29 31 16 12 21 23 30 23 34 28 19 25 27 33 15 25 20 28 24 29 9 33 28 26 26 13 28 13 16 20 23 22 17 22 33 25 26 34 24 16 16 24 26 30 35 46 12 20 16 23 28 26 20 24 20 29 21 29 17 16 10 20 23 
13 20 25 20 15 46 23 39 15 18 19 41 14 14 14 21 23 21 16 13 24 32 18 30 28 39 19 27 29 23 33 16 29 16 19 26 14 36 28 16 14 12 33 37 25 14 18 34 13 23 8 15 31 26 16 13 18 21 20 16 19 20 23 30 27 31 13 22 28 37 36 18 30 18 17 25 30 12 25 25 33 20 13 18 18 24 19 24 23 34 7 21 33 22 27 16 39 10 40 35 26 10 28 15 18 22 15 23 31 34 15 22 15 35 22 19 13 16 26 24 
16 16 26 20 13 21 29 30 17 21 20 39 23 28 27 16 28 27 25 29 20 25 20 31 31 21 32 13 26 14 16 13 45 27 12 39 25 34 19 13 21 15 45 51 28 18 19 34 20 29 23 20 23 15 20 14 21 20 20 19 16 35 18 47 30 37 17 3 27 28 7 25 34 21 24 21 21 25 21 26 24 32 17 33 17 26 21 8 15 35 24 27 31 39 25 32 43 14 42 34 23 31 20 14 15 14 26 23 19 39 21 20 20 26 32 11 20 14 20 39 
21 23 18 28 21 16 36 30 20 16 25 21 25 19 26 19 32 27 33 22 17 30 15 33 36 24 32 16 9 20 32 24 32 31 21 28 17 40 29 8 10 8 40 22 25 17 26 29 27 14 17 20 24 20 7 19 28 22 21 31 16 26 27 36 41 31 11 19 30 24 23 16 30 5 18 29 35 19 40 20 37 27 18 25 13 18 27 38 8 30 20 30 27 29 33 25 24 18 44 28 23 28 31 12 19 14 7 27 23 13 31 21 18 26 27 14 25 20 36 22 
27 11 19 23 22 26 21 18 26 13 10 29 6 15 24 24 23 32 27 15 14 31 18 20 40 16 30 22 19 19 34 17 32 25 26 24 14 28 30 12 24 17 35 18 18 11 10 25 19 22 13 25 21 26 25 24 21 36 31 25 18 18 5 39 28 20 17 20 24 15 20 9 20 9 25 24 9 27 37 26 31 33 16 31 21 8 27 38 39 34 25 42 27 19 31 17 20 19 26 34 12 35 32 11 13 19 21 25 30 46 38 25 21 27 44 17 22 12 30 19 
21 18 10 29 16 9 20 6 18 28 18 17 19 22 24 31 18 29 27 38 17 31 11 34 27 24 27 22 15 20 32 13 29 23 32 24 23 28 20 20 17 33 25 32 22 15 18 27 30 22 28 26 25 32 22 18 14 22 16 27 17 36 19 31 30 25 22 16 27 24 44 12 37 13 24 13 30 12 14 25 12 27 21 28 24 33 22 38 18 17 13 41 19 21 28 20 36 16 35 38 37 28 44 25 17 29 9 37 35 44 20 28 26 37 35 17 24 22 36 26 
32 14 20 24 10 28 20 25 18 21 13 57 10 23 20 31 21 24 19 24 22 28 20 19 34 24 29 14 20 23 33 16 25 20 36 25 21 19 18 16 15 12 35 45 18 11 26 30 43 38 23 28 24 25 17 13 22 22 25 22 15 17 14 22 32 26 24 24 37 18 26 10 15 9 25 9 37 11 29 26 18 28 13 24 10 25 21 24 29 22 21 43 16 19 40 30 40 14 29 34 36 20 38 12 23 29 11 23 18 28 24 18 12 18 19 16 28 13 32 24 
22 15 22 20 20 28 31 24 13 17 27 36 18 23 21 17 26 26 25 19 17 11 9 22 33 19 17 17 34 26 26 19 13 28 23 21 13 28 25 11 10 20 34 24 19 10 14 36 30 30 22 28 21 15 18 27 28 32 28 18 7 32 28 30 25 18 26 20 34 31 32 16 22 16 26 33 46 20 24 24 14 16 23 12 27 17 34 39 18 30 23 14 22 20 36 27 16 11 27 29 57 31 26 20 16 23 19 23 36 15 19 18 21 34 34 17 22 17 36 30 
26 24 23 15 19 33 14 28 14 23 24 54 18 30 18 27 12 32 25 21 24 28 13 26 33 20 19 21 4 27 52 28 28 24 18 30 14 35 30 20 14 17 38 38 19 8 15 19 29 40 27 22 53 21 20 19 16 21 9 25 14 26 20 28 12 35 14 14 14 31 19 15 38 20 27 25 23 24 28 27 16 44 28 27 22 26 25 26 27 24 18 15 24 15 34 16 21 12 33 35 28 14 22 15 18 36 19 35 24 30 24 19 23 32 24 12 14 21 32 19 
41 19 14 14 2 31 27 34 26 12 26 28 23 12 20 33 28 23 24 30 18 32 16 25 29 23 32 2 16 37 23 15 33 10 25 31 11 15 30 12 22 8 42 34 29 16 17 32 37 28 17 33 19 26 12 32 19 36 18 8 11 34 35 22 35 26 19 22 24 26 24 16 30 15 22 34 35 22 25 29 29 34 20 38 30 24 12 25 26 21 26 28 34 21 22 39 32 12 40 37 31 33 28 17 20 13 16 28 15 31 19 27 23 24 34 21 21 12 43 14 
33 27 14 9 18 39 23 26 21 20 24 44 19 23 22 26 25 15 35 24 21 20 19 35 24 27 23 18 23 22 23 22 21 24 25 22 7 15 35 20 4 18 29 27 24 13 23 28 17 41 9 25 23 22 4 18 21 21 14 16 26 23 18 44 35 20 23 22 21 47 34 14 16 33 22 11 19 18 40 16 25 45 19 34 31 23 19 27 33 33 22 27 21 23 28 26 40 14 36 24 37 36 18 13 22 31 14 21 29 13 28 29 18 20 30 13 22 13 33 23 
51 18 18 30 15 44 29 25 23 18 20 20 16 31 18 20 20 27 25 21 19 34 17 34 21 18 16 31 26 21 27 23 20 14 22 19 25 22 28 17 16 23 37 31 23 27 31 25 30 36 16 24 19 17 17 12 18 25 28 18 25 24 37 36 29 27 15 11 21 19 28 14 44 26 20 13 45 28 18 19 30 43 15 27 18 24 26 19 29 25 13 33 17 35 15 29 26 18 33 19 37 8 21 27 23 3 12 18 12 35 16 22 33 32 18 18 14 18 35 31 
43 11 17 23 19 23 25 32 12 31 21 25 22 28 27 22 24 29 12 23 22 25 14 39 37 29 29 16 34 27 36 17 43 26 12 31 20 31 32 21 23 22 33 22 23 22 23 32 36 34 15 25 12 11 15 16 22 28 21 21 11 25 36 38 28 29 20 13 20 13 18 16 31 14 22 24 41 20 27 12 35 28 26 27 23 15 18 26 25 18 19 37 24 25 28 28 27 16 17 35 33 14 38 12 16 21 17 31 22 36 24 17 13 26 27 20 21 21 25 18 
34 21 15 14 19 35 26 27 19 27 21 32 33 22 21 27 23 13 22 30 12 28 15 21 28 24 20 21 21 19 22 18 8 29 18 24 13 32 13 19 24 16 35 32 19 13 28 26 31 13 18 17 30 17 17 13 11 33 23 22 18 31 30 30 41 24 11 18 17 32 16 18 19 18 21 17 33 15 22 17 33 25 25 25 34 23 24 29 44 18 23 46 28 21 33 40 20 15 39 34 23 17 35 18 28 24 15 29 12 28 36 30 21 26 32 20 33 17 16 28 
35 12 21 21 12 30 16 39 15 10 23 10 37 31 26 20 22 25 26 23 22 28 17 11 19 13 31 20 12 32 35 19 30 14 28 32 13 23 18 18 16 21 24 34 27 18 30 14 42 11 13 19 36 25 21 10 26 26 33 32 10 10 36 29 43 31 11 14 21 27 22 11 29 15 10 25 38 24 40 29 36 16 11 30 21 26 17 21 25 29 26 35 34 19 39 26 24 19 23 31 33 27 47 16 24 9 13 39 9 48 32 23 13 24 41 13 19 17 28 28 
15 23 19 18 13 26 30 36 14 17 17 32 11 18 19 36 34 22 28 37 9 34 17 31 28 39 21 15 15 17 21 18 36 17 32 15 12 40 25 21 8 21 30 9 21 20 19 31 23 21 10 27 29 21 21 32 18 21 19 25 14 23 37 21 24 18 19 12 29 32 25 13 41 29 22 33 29 25 18 20 26 23 12 23 13 23 25 43 16 34 15 14 18 18 24 33 7 17 33 35 28 22 29 17 18 32 16 33 26 33 25 31 14 31 39 20 14 21 32 11 
2 11 19 31 17 37 24 30 23 19 9 11 27 16 21 13 20 37 30 22 19 26 9 21 36 28 15 36 30 29 24 25 9 25 17 22 18 33 23 19 20 16 30 22 24 22 26 27 28 20 26 25 15 22 17 20 20 7 23 24 13 47 26 32 18 53 24 16 24 36 25 21 46 22 29 21 39 27 26 21 29 26 21 33 15 30 22 27 34 31 15 25 24 25 24 13 31 17 31 33 19 21 21 17 23 26 12 26 22 23 16 31 15 33 45 17 23 17 33 24 
27 28 21 23 13 24 24 28 21 20 21 21 28 21 27 26 22 24 25 23 13 36 15 36 35 31 19 23 21 34 51 19 25 31 32 35 18 23 27 16 19 5 33 32 24 22 20 39 37 44 23 30 40 31 12 18 18 15 17 24 18 38 30 24 28 15 16 15 23 27 43 16 30 19 14 34 34 20 43 13 34 32 20 29 19 17 32 30 27 21 12 29 15 22 29 26 24 11 40 29 55 22 23 19 23 27 15 25 23 30 34 23 17 36 23 16 22 16 23 28 
25 19 16 21 19 20 23 25 16 13 21 24 23 25 22 25 12 31 33 20 21 41 14 35 33 16 27 17 28 31 30 20 32 28 23 26 24 24 25 13 22 15 36 19 32 17 25 29 21 33 20 19 20 33 17 20 12 24 33 23 21 26 45 22 29 27 20 16 19 22 21 19 23 10 35 11 42 18 25 18 36 27 22 30 13 28 29 41 38 14 25 35 16 25 37 20 20 22 41 23 34 29 32 17 24 27 8 26 19 22 20 20 8 28 22 20 13 10 24 26 
28 27 18 20 17 27 21 36 27 20 12 16 22 24 34 32 33 26 25 35 18 26 16 20 25 24 31 30 6 12 39 11 31 22 26 39 24 13 16 15 13 17 28 13 24 16 10 19 40 40 32 26 10 27 18 22 22 20 15 23 18 26 11 23 31 26 17 14 13 37 16 23 20 21 28 22 18 21 39 17 28 30 8 37 27 18 25 21 22 22 23 43 26 33 30 24 24 19 32 37 21 28 48 13 23 17 13 33 32 18 27 35 27 36 36 19 25 11 15 22 
24 18 12 23 16 26 28 25 17 16 14 12 24 7 15 28 24 17 24 33 17 33 8 36 20 29 12 27 22 34 23 15 38 18 26 24 20 20 23 12 18 15 20 31 21 20 23 30 21 30 18 37 32 23 17 30 17 19 14 15 10 30 20 31 20 35 20 23 40 33 30 10 18 15 17 18 34 31 33 22 24 35 18 25 30 20 28 35 23 23 16 16 20 30 31 23 23 20 37 33 27 22 16 10 27 16 11 40 19 30 25 29 24 27 26 10 32 17 32 16 
33 21 2 21 17 30 30 34 12 24 34 19 16 20 26 33 29 20 19 20 12 30 18 24 26 23 24 15 8 28 31 34 33 29 22 41 13 24 32 14 17 16 8 15 22 10 34 22 30 20 15 29 39 30 14 27 25 23 18 10 15 21 15 27 32 20 8 18 19 20 21 20 18 13 19 17 28 16 24 18 34 22 16 28 22 29 13 28 19 27 23 34 24 31 9 26 27 19 29 25 17 24 39 18 18 34 14 21 28 32 20 33 24 19 35 26 21 7 22 17 
18 16 14 29 15 27 25 33 29 16 21 35 10 19 29 34 24 15 22 25 18 40 8 22 22 13 16 14 14 22 22 16 31 24 43 32 16 29 24 12 16 15 28 30 23 17 18 24 36 21 31 14 30 12 19 17 26 20 20 23 20 35 23 23 40 25 15 8 27 28 29 21 31 19 41 22 33 14 37 24 26 24 16 12 20 17 24 26 19 29 16 26 28 31 10 31 37 20 23 23 23 19 25 17 19 23 16 25 28 27 28 32 6 17 36 9 30 13 23 18 
25 21 22 26 20 27 21 35 18 16 19 26 18 22 19 24 24 27 18 23 21 23 6 17 34 24 24 30 37 17 39 17 23 23 18 28 20 24 29 15 23 13 19 15 12 22 14 23 27 25 19 27 26 16 17 15 31 21 20 26 15 28 33 19 29 21 18 25 27 18 30 14 25 25 26 18 40 14 30 7 17 38 23 43 20 19 28 29 37 34 18 40 26 20 28 14 35 14 33 25 33 26 32 14 26 28 11 19 21 37 20 20 22 20 25 24 28 14 37 28 
32 24 19 15 14 22 34 28 20 18 27 32 18 23 21 31 24 31 21 29 10 32 11 25 22 25 28 16 26 16 39 20 21 11 14 28 16 24 21 9 19 19 15 33 18 20 16 34 37 31 31 31 23 23 18 30 15 31 23 20 11 26 31 41 13 19 30 20 29 26 26 16 26 25 19 30 22 17 21 19 26 33 21 30 23 22 30 26 19 20 20 27 16 20 24 26 25 12 30 32 43 19 35 20 26 16 14 30 28 25 15 26 27 38 30 16 28 18 32 27 
25 23 18 24 18 31 19 30 20 22 26 23 23 16 24 24 22 26 19 21 19 40 14 22 46 29 16 19 24 22 34 19 28 31 39 33 7 14 24 13 19 10 39 30 20 11 25 38 28 45 21 22 33 27 21 24 18 35 24 22 17 39 33 33 41 31 10 14 5 39 36 14 28 31 29 4 40 24 41 25 36 31 18 12 22 17 16 29 31 32 23 28 15 25 18 32 48 13 33 23 30 16 41 21 9 10 16 5 26 35 23 25 22 30 31 17 27 16 32 21 
12 13 19 34 19 31 27 16 16 19 26 18 25 32 5 21 25 28 21 33 19 35 16 24 13 21 27 16 36 22 22 13 37 19 33 25 25 22 27 15 13 16 23 16 16 23 8 24 18 41 17 21 27 24 21 19 23 22 25 17 15 31 40 24 40 36 9 14 14 36 16 9 33 14 30 15 31 19 25 22 26 31 20 31 12 28 24 28 23 37 20 40 17 24 24 22 26 17 23 32 25 25 35 14 23 18 16 26 27 25 27 23 16 33 33 21 27 17 27 18 
41 23 19 25 24 31 38 24 25 16 29 29 19 25 15 13 18 6 24 35 28 24 16 29 23 24 21 21 29 13 17 19 26 23 17 22 13 33 31 19 21 21 43 28 19 8 13 58 24 35 15 37 29 17 23 22 23 23 15 23 14 22 36 36 31 28 16 9 21 38 30 14 27 12 28 11 30 23 30 17 31 27 8 28 21 27 21 39 12 17 16 40 26 17 35 29 22 18 27 26 19 26 36 18 19 31 16 23 30 24 22 18 24 28 34 14 6 9 17 28 
46 19 23 25 16 28 40 25 25 17 21 40 17 38 31 23 14 32 24 20 11 34 21 28 17 18 17 16 33 30 27 22 20 13 36 33 19 11 19 21 8 21 24 35 21 20 20 16 24 34 25 26 29 23 24 15 16 23 33 24 17 31 20 26 20 20 14 17 20 35 24 7 32 19 16 20 29 19 30 33 20 21 14 28 15 33 28 20 35 14 18 30 23 26 32 23 17 15 19 18 26 32 39 14 22 34 18 18 12 17 20 20 18 22 33 19 23 15 17 28 
12 18 27 22 12 26 33 22 17 18 32 35 16 14 23 19 26 32 18 20 18 24 16 37 31 35 26 20 23 19 20 22 29 7 24 15 20 31 36 11 24 18 49 26 33 13 20 41 22 34 21 44 25 31 22 16 12 23 22 32 24 35 30 27 17 23 16 12 31 25 23 18 22 22 35 26 44 6 31 28 14 12 16 37 12 27 7 36 26 11 16 26 28 34 42 30 35 15 39 24 21 34 26 13 18 21 19 28 32 37 18 28 22 35 29 20 11 15 32 20 
36 27 12 24 20 32 11 29 13 18 33 38 24 17 19 21 24 22 36 28 24 39 14 33 30 34 25 22 20 19 42 27 27 17 33 23 19 21 37 20 18 25 25 39 22 25 28 21 19 20 15 22 29 24 12 22 23 16 16 19 22 22 32 21 27 16 12 20 33 30 10 17 22 25 22 13 28 22 23 17 40 34 21 25 15 32 25 48 22 21 16 22 18 19 20 33 29 19 35 29 30 31 9 17 28 15 19 37 26 27 20 29 23 30 33 18 25 16 27 14 
29 23 16 21 16 24 29 38 17 14 25 35 6 21 16 29 32 30 25 31 21 34 17 15 26 25 28 5 20 14 23 19 19 19 24 31 14 27 20 13 17 15 24 18 27 17 11 32 29 50 13 29 23 28 12 17 21 30 30 20 22 15 34 26 31 18 20 22 22 38 28 17 27 16 36 28 38 26 24 11 37 33 24 24 20 24 14 36 41 31 32 36 21 23 24 25 21 29 27 36 36 29 13 23 28 24 15 39 15 13 32 39 23 28 28 18 40 15 38 29 
25 18 16 21 25 23 29 24 19 17 24 44 16 17 12 25 21 15 30 20 17 31 18 10 43 22 19 18 25 23 35 14 40 23 28 28 15 32 31 6 20 14 35 29 25 17 21 23 31 25 18 23 21 21 20 27 21 15 15 15 19 34 36 36 28 28 8 20 11 26 43 17 32 18 20 14 28 12 28 14 34 30 22 31 21 14 26 31 21 8 21 28 32 22 31 25 22 21 34 32 8 29 21 16 15 24 13 22 14 28 15 22 24 23 15 23 26 18 34 21 
37 18 5 19 15 34 36 13 12 20 10 50 18 24 23 32 24 19 15 37 22 41 18 13 36 29 19 26 27 32 32 22 29 13 19 17 23 31 16 14 14 18 17 18 30 16 15 32 30 47 21 40 46 25 20 13 22 32 16 23 19 27 46 30 36 31 16 24 16 30 27 19 25 21 34 28 28 22 40 24 31 24 10 28 16 19 33 30 12 25 19 33 20 11 26 25 19 18 33 32 35 20 33 9 16 21 17 12 27 30 15 28 15 17 38 15 29 17 24 27 
38 7 16 28 22 27 27 30 18 23 29 31 12 32 26 17 15 29 23 27 16 28 18 17 26 24 18 17 13 20 39 22 12 7 30 19 15 20 32 6 16 15 36 41 25 14 21 30 30 27 17 26 48 20 11 21 18 33 27 17 14 24 21 39 46 21 22 20 20 23 21 13 40 10 31 23 30 9 25 24 24 18 12 19 14 26 28 18 34 23 13 36 27 27 20 31 40 23 46 44 29 37 35 22 25 29 14 20 15 43 16 14 20 30 28 20 6 19 33 23 
20 17 17 33 9 23 26 19 19 21 20 7 11 17 27 25 31 23 23 24 13 14 12 25 25 22 19 17 25 32 30 18 31 24 30 44 13 34 40 20 16 10 28 46 21 19 21 29 31 22 15 31 35 35 23 12 22 23 29 16 15 25 25 34 26 35 13 16 28 28 31 14 29 21 25 16 30 27 11 30 28 39 19 15 19 23 26 34 30 29 8 38 37 15 36 25 32 15 39 39 20 18 37 19 22 36 16 28 20 16 28 22 8 32 36 30 32 11 38 21 
21 20 16 26 15 9 33 44 24 16 29 41 23 22 15 36 26 19 37 32 16 27 9 28 25 38 10 16 19 18 37 17 23 7 29 13 27 22 27 13 17 17 24 8 19 20 36 34 38 24 21 27 25 29 17 27 15 34 22 30 17 12 27 41 19 12 16 5 26 30 28 19 35 7 24 11 22 18 16 21 19 20 14 24 16 20 25 34 23 17 14 43 14 15 34 28 35 17 20 21 29 34 43 20 21 22 10 25 22 20 31 27 19 32 26 21 17 14 33 17 
31 12 25 27 10 26 33 37 18 16 28 25 30 22 11 26 18 14 19 26 17 26 8 26 42 16 20 19 25 21 24 17 16 25 26 30 18 33 26 23 16 17 30 29 27 28 16 33 37 13 17 13 23 18 17 20 21 21 26 16 13 26 26 29 42 40 22 14 17 23 31 14 36 14 24 17 36 23 4 25 32 39 23 28 12 20 22 22 20 27 13 29 20 31 25 23 31 18 22 21 42 25 31 11 22 10 21 21 19 13 24 28 23 17 22 21 25 18 26 22 
16 21 14 27 26 33 30 32 13 16 18 26 12 28 22 39 36 17 26 27 15 33 10 14 28 21 17 14 27 18 30 28 27 23 21 38 25 36 20 20 23 20 39 28 27 18 21 23 31 27 28 34 15 22 18 13 15 22 19 14 15 28 15 40 40 27 20 12 34 23 27 12 36 21 30 15 16 15 33 27 33 15 27 32 18 25 20 25 18 21 21 33 20 12 29 33 25 9 37 33 18 17 20 15 17 31 18 47 34 20 26 31 19 43 36 17 17 22 22 19 
43 16 17 30 21 40 35 40 17 25 28 28 28 21 24 15 32 19 30 31 12 29 16 31 50 26 22 20 21 20 21 13 28 17 27 22 16 19 13 16 27 11 13 29 20 19 24 28 15 42 20 28 25 18 26 15 14 24 20 12 19 28 32 20 33 34 16 16 36 23 21 15 21 26 31 26 28 6 38 9 19 48 13 24 23 29 13 21 28 29 24 31 24 18 30 34 38 15 23 31 40 20 36 16 20 18 12 20 29 34 23 10 21 24 28 18 32 18 42 13 
26 21 13 32 19 33 39 36 16 18 18 27 38 21 24 30 28 38 14 16 27 32 8 21 18 35 18 19 23 19 41 18 35 14 26 19 22 26 22 15 22 18 20 25 31 21 24 30 34 21 7 37 27 25 26 12 27 18 20 19 19 27 19 34 17 30 16 27 37 34 33 21 24 18 22 14 25 13 25 16 25 38 16 32 20 27 11 34 28 12 17 35 32 20 27 34 20 12 36 36 30 18 31 17 23 24 18 27 24 21 27 12 24 31 37 22 17 21 28 26 
44 17 22 37 17 31 24 14 20 15 21 25 27 29 21 27 28 32 32 25 21 21 13 30 29 22 17 17 25 40 20 13 24 17 33 16 31 38 15 19 25 24 39 27 15 11 17 29 21 43 24 32 35 37 14 24 19 26 21 24 17 24 27 26 33 32 17 19 27 22 28 16 24 26 36 23 35 21 15 25 34 30 22 40 25 8 17 18 31 33 23 33 20 30 32 29 30 18 25 37 17 42 30 18 19 35 16 33 22 19 22 28 23 26 23 14 30 16 27 21 
34 21 21 20 22 39 27 36 25 19 23 43 37 23 26 36 27 31 29 23 17 35 9 28 37 21 30 9 29 17 33 27 34 23 27 41 18 8 23 11 21 19 24 23 25 10 28 24 29 35 21 26 14 31 22 22 20 21 25 16 12 35 20 21 17 27 23 12 22 31 19 12 35 16 36 18 39 24 16 27 23 20 15 16 20 25 22 26 24 23 20 35 22 27 29 26 31 12 15 34 29 35 29 8 25 31 15 27 22 19 8 30 13 34 37 17 19 19 13 18 
26 16 9 21 21 27 28 30 18 19 27 30 24 26 15 34 14 25 17 35 21 35 17 28 35 31 21 23 25 26 20 29 21 18 15 26 18 35 26 15 25 18 32 20 27 18 20 29 15 30 28 22 16 4 19 17 17 27 19 15 23 22 30 31 29 25 18 17 31 35 19 14 25 17 26 20 13 26 44 30 40 26 20 25 19 27 23 30 31 37 24 14 19 28 36 23 37 16 32 22 35 27 22 16 17 33 14 28 27 21 25 28 30 15 31 19 20 15 29 21 
23 17 14 30 7 34 24 38 19 23 21 32 21 17 17 27 17 12 21 23 15 28 9 27 18 28 20 27 35 26 41 17 17 26 30 34 15 38 20 14 18 27 28 35 18 19 37 22 22 39 15 27 42 24 18 11 22 31 16 19 18 33 30 43 38 33 16 17 21 20 37 11 26 22 23 18 33 22 31 14 36 35 22 20 16 25 23 48 37 21 23 30 22 29 24 19 34 13 30 32 36 30 44 10 21 24 15 17 35 34 31 19 22 27 34 16 21 14 25 21 
30 15 22 31 15 19 29 36 19 8 26 32 25 24 35 20 14 31 19 28 21 32 13 22 33 4 22 15 24 23 15 17 52 15 28 29 16 30 21 18 13 19 41 27 18 22 35 16 35 29 27 21 22 19 20 24 9 23 16 13 16 18 33 12 19 24 25 14 28 20 31 17 25 30 29 20 46 24 29 29 30 39 15 31 19 22 12 29 11 29 17 32 22 29 20 28 33 15 14 45 35 28 32 19 21 18 13 27 20 28 17 21 12 15 26 17 23 23 29 20 
33 5 22 13 11 25 22 35 20 14 21 31 34 17 18 32 24 26 31 29 15 13 18 28 40 30 25 21 29 25 35 18 33 21 27 31 26 28 25 17 12 16 25 18 16 25 22 24 33 36 22 23 14 20 19 15 14 20 21 24 19 26 28 29 23 27 19 20 13 19 25 20 26 26 22 19 27 30 32 17 27 22 34 20 18 24 25 25 34 33 18 27 25 29 34 20 29 20 33 24 22 29 33 14 16 25 16 20 26 31 25 21 18 25 26 24 31 13 29 21 
20 17 22 27 22 30 40 33 20 26 17 27 25 23 15 20 30 21 38 35 18 34 14 17 37 23 24 29 27 14 19 18 38 19 30 36 19 38 32 19 20 27 19 33 20 22 26 20 39 40 17 23 30 28 12 22 14 25 29 19 16 21 31 40 31 36 14 18 12 16 14 13 31 26 29 32 22 18 34 34 43 32 19 29 8 24 25 15 20 29 20 24 19 25 40 18 38 17 36 40 11 16 20 11 14 20 3 21 35 22 18 27 22 27 19 29 6 19 25 16 
19 9 9 30 16 31 39 27 12 21 21 42 24 20 11 23 26 27 25 11 12 23 18 44 37 11 19 18 35 17 25 27 25 24 30 26 14 30 30 20 20 11 20 21 19 16 23 42 38 28 19 30 22 19 16 25 21 26 24 24 19 28 25 40 34 30 20 14 39 27 12 15 39 24 23 20 5 28 39 17 35 31 16 28 11 28 27 36 33 24 36 29 22 15 24 25 28 13 26 40 35 22 28 13 24 21 14 26 24 23 20 10 20 34 39 15 24 14 21 20 
38 20 10 20 12 28 31 30 19 25 14 46 27 11 33 19 12 15 20 19 15 19 22 20 39 28 24 17 26 17 31 17 34 11 33 45 13 35 33 18 12 27 20 19 28 17 27 38 7 34 21 34 17 24 16 24 29 25 24 17 11 17 35 29 33 20 8 14 28 29 29 11 25 15 10 15 18 21 23 36 38 22 18 40 28 22 33 25 20 19 17 29 36 24 23 32 18 16 31 38 39 25 41 20 16 32 14 23 23 18 17 33 14 36 28 13 19 18 34 28 
25 15 13 33 11 25 31 22 21 15 15 32 32 23 14 25 18 28 17 23 15 30 15 30 12 17 22 26 31 19 25 17 45 24 18 26 21 26 26 23 22 17 28 46 19 27 24 38 26 39 17 38 35 23 22 21 21 23 26 21 7 26 33 22 14 17 10 18 18 36 41 14 18 13 24 15 17 22 32 21 50 32 11 29 23 27 25 18 23 28 20 32 18 14 30 21 30 20 52 26 29 24 23 14 23 24 20 18 10 22 23 15 25 22 24 23 32 19 39 19 
35 18 17 27 15 33 31 37 27 19 15 20 21 26 16 15 26 23 24 24 29 15 15 36 14 15 20 26 26 26 39 4 19 21 22 28 18 22 21 17 18 22 21 28 32 21 21 30 22 26 32 29 24 29 25 27 14 28 25 18 20 13 22 20 24 32 19 18 27 24 31 9 40 29 35 11 50 18 40 33 14 30 22 33 22 26 27 29 23 15 21 27 28 22 45 26 18 18 41 23 23 23 23 24 20 24 19 19 29 43 28 32 17 20 29 22 32 11 7 18 
35 35 14 26 22 46 29 22 13 31 16 36 23 25 30 28 11 21 21 25 11 24 16 15 17 31 23 11 22 20 26 16 23 22 37 26 12 16 27 13 17 17 42 28 22 9 18 8 29 30 4 9 14 25 20 13 35 28 28 11 17 15 42 30 11 17 20 20 35 39 31 12 16 25 29 29 39 19 26 12 39 31 22 35 20 23 13 20 23 35 23 17 23 10 20 15 30 18 32 41 15 29 20 17 22 25 14 27 29 33 10 18 23 22 23 26 30 17 30 8 
26 23 13 21 20 20 28 35 30 21 19 18 19 12 26 24 28 22 19 33 24 33 28 6 31 29 23 21 15 22 35 24 41 20 27 44 11 32 23 11 26 19 36 29 12 9 17 20 43 29 33 24 27 18 14 21 21 11 23 37 17 27 36 25 27 25 20 15 14 15 22 27 32 11 15 15 13 21 39 29 7 27 20 22 23 15 23 42 19 28 19 21 22 19 19 28 24 22 29 40 17 31 25 12 25 13 12 31 24 12 23 21 14 9 25 18 23 17 44 27 
36 21 19 21 16 17 16 21 22 28 20 38 26 29 23 27 18 23 4 38 15 42 15 29 39 25 37 10 21 21 34 21 21 22 26 20 12 39 20 20 18 11 41 46 26 14 22 33 27 41 23 36 35 24 23 24 14 15 23 17 17 28 24 33 22 15 10 26 12 18 41 18 32 21 21 21 25 15 19 23 12 42 23 15 26 27 16 32 21 25 16 35 16 30 25 32 20 19 28 35 10 24 31 15 22 26 20 14 16 27 30 24 19 25 29 18 24 21 33 14 
17 13 8 24 18 40 35 16 30 25 34 16 18 21 29 34 8 12 21 34 15 35 11 31 27 28 27 19 31 8 37 24 35 21 22 25 23 27 16 14 18 12 37 25 16 15 29 26 24 21 14 24 28 9 17 25 22 34 14 4 15 28 20 41 20 23 15 15 30 20 16 11 29 20 23 28 25 19 36 8 24 35 14 32 18 21 20 28 24 17 19 20 14 18 33 22 26 24 29 27 41 36 31 12 12 31 12 28 27 22 28 24 31 31 31 18 29 15 48 30 
33 26 18 17 18 43 36 35 22 20 21 41 22 16 23 23 25 28 15 17 29 36 10 22 27 39 26 27 16 21 43 16 21 32 36 34 12 18 47 10 21 11 35 25 27 19 37 42 32 27 20 24 22 29 16 27 19 13 16 22 7 21 14 40 30 43 20 17 31 22 30 18 25 8 10 20 9 19 15 23 21 28 20 31 22 21 31 30 28 32 19 32 7 21 33 29 34 19 30 25 35 18 46 15 12 21 20 26 36 32 11 11 16 21 26 21 25 13 9 34 
33 17 17 34 17 47 27 33 22 15 29 25 22 31 10 29 23 14 22 22 22 43 14 22 33 30 16 27 19 22 42 21 24 12 23 18 22 29 21 23 20 13 40 39 16 19 24 37 17 40 2 25 25 29 26 26 25 28 17 22 15 22 31 24 26 17 17 17 8 28 36 9 19 15 26 12 37 18 23 25 33 29 12 33 26 31 12 45 14 27 16 21 21 28 27 24 45 15 18 35 33 22 39 19 10 17 18 23 25 25 26 30 23 32 31 22 21 17 40 9 
23 17 9 17 21 28 15 21 15 12 20 56 17 25 22 19 6 21 13 31 20 34 10 28 30 19 21 21 21 22 22 23 25 24 32 25 19 33 26 17 9 19 20 34 32 18 29 25 31 25 23 20 32 17 19 24 27 19 21 40 13 19 24 24 17 27 19 23 13 33 20 14 18 25 17 16 37 31 10 31 40 20 17 33 12 14 17 45 23 25 14 38 24 22 22 20 9 18 48 19 29 28 24 21 17 25 8 28 24 15 25 24 16 22 30 19 28 19 32 24 
11 16 14 13 21 28 32 30 15 27 16 32 18 23 21 35 23 33 27 25 20 26 18 38 29 31 29 30 27 22 34 23 23 17 24 30 17 30 23 13 19 21 38 12 21 19 28 15 23 29 12 20 34 34 17 19 31 25 24 26 11 36 8 21 26 28 14 16 15 24 24 16 17 27 29 19 46 16 23 31 36 34 14 24 25 19 10 31 14 20 12 36 17 16 12 26 32 10 30 13 18 25 36 17 15 26 17 19 29 16 21 16 22 14 27 15 22 22 31 20 
33 23 15 28 19 28 37 21 27 23 27 37 19 11 23 31 25 27 12 20 17 34 17 44 39 24 25 25 22 30 41 25 30 11 23 18 14 21 26 16 18 13 25 26 20 16 12 41 35 32 20 27 38 33 14 14 16 30 15 32 11 30 23 20 38 27 21 7 31 33 33 23 19 29 26 16 26 22 32 16 36 22 19 19 23 21 24 22 27 27 14 28 19 21 28 23 43 12 45 39 33 12 38 16 23 32 14 27 41 29 15 29 19 24 37 24 24 16 27 20 
20 15 20 25 17 44 35 29 15 11 12 25 29 14 21 14 36 41 18 22 13 34 18 24 25 19 26 9 20 27 42 16 22 32 20 14 20 24 20 15 15 15 31 31 22 16 25 30 31 34 9 21 15 17 27 26 17 29 15 25 16 30 33 39 23 24 17 20 32 22 13 15 35 27 19 13 37 25 39 21 43 43 17 27 23 9 19 25 37 22 26 41 21 26 30 20 29 18 34 20 26 17 33 14 26 26 14 39 17 40 28 38 25 32 34 27 23 13 45 25 
24 19 26 21 22 15 17 27 16 17 16 27 21 19 15 29 29 25 16 29 19 25 26 34 31 32 34 17 17 26 30 26 40 19 29 28 9 18 22 20 25 17 25 21 16 18 22 22 25 26 14 22 24 23 27 20 14 28 17 20 10 33 9 38 41 30 11 20 21 20 36 11 40 22 17 20 31 14 42 21 34 18 13 19 9 22 23 12 40 23 26 20 16 28 19 33 40 10 18 37 35 26 29 15 13 14 12 23 11 41 30 20 13 15 13 10 22 12 14 17 
31 17 17 19 23 26 21 30 12 14 19 24 22 17 15 21 30 30 32 27 13 34 18 20 34 15 25 21 25 20 30 18 43 17 24 33 32 20 26 19 21 21 25 33 18 17 25 25 35 20 25 15 23 5 25 14 21 28 28 17 11 25 25 24 30 25 10 12 27 28 24 14 28 15 17 22 30 15 44 27 35 22 14 35 21 28 26 33 28 15 22 33 17 19 33 29 21 23 27 25 40 12 32 18 17 6 20 20 27 46 26 19 22 22 29 16 27 14 25 12 
26 20 17 24 23 35 29 33 28 29 11 28 19 20 15 32 30 27 30 17 17 16 20 27 40 27 15 15 25 19 34 19 32 30 25 34 14 44 23 19 26 18 30 16 24 17 24 31 26 39 23 16 30 18 22 19 12 29 18 18 23 29 26 28 29 20 18 14 13 33 25 14 17 22 16 24 33 17 32 22 26 31 21 34 27 15 16 30 24 19 18 29 26 26 32 22 30 17 39 34 33 33 14 17 20 30 19 25 32 35 16 14 20 16 37 14 29 6 39 24 
39 17 18 23 19 31 34 32 20 22 16 9 17 21 22 23 25 34 12 36 15 33 19 20 31 17 22 15 20 16 42 25 24 15 31 20 22 32 16 9 16 22 35 25 21 20 34 22 29 26 32 19 28 19 28 18 24 11 19 21 17 19 33 46 28 32 20 6 22 29 27 19 11 16 32 19 34 13 31 27 35 24 26 13 18 24 26 32 25 29 27 47 28 24 35 24 15 12 13 27 35 19 35 17 14 28 22 18 22 33 30 26 22 27 32 24 20 15 38 23 
20 15 16 16 22 13 36 18 13 28 18 31 28 17 17 30 13 30 18 37 15 24 15 24 25 23 27 26 32 12 30 20 15 23 25 24 17 30 17 18 14 14 26 42 24 22 33 24 23 12 32 32 26 32 20 15 28 29 20 14 13 37 39 33 29 36 19 20 11 35 26 20 32 20 29 17 42 20 39 24 31 41 19 28 20 18 21 26 25 24 20 32 35 16 16 17 23 19 44 18 33 24 36 20 15 34 14 19 32 28 24 30 24 23 13 12 23 14 31 16 
22 23 14 30 13 30 49 36 16 12 19 32 27 26 19 25 22 22 23 8 15 31 25 21 25 18 13 16 19 24 27 19 41 29 32 40 12 28 30 8 21 17 28 43 22 18 29 30 36 41 25 22 35 27 9 25 15 18 21 26 21 32 52 39 28 25 28 18 21 15 22 11 29 23 16 18 15 25 25 29 25 36 20 21 21 17 27 29 25 24 8 32 20 33 25 21 31 18 51 28 40 23 27 16 18 14 3 33 24 29 24 26 17 34 33 18 25 13 22 24 
39 20 21 28 16 42 41 31 11 19 22 29 30 10 29 25 34 27 28 36 16 39 17 19 26 32 30 21 25 21 29 27 15 15 27 37 27 42 11 25 15 19 31 24 24 17 16 32 29 16 23 26 21 24 22 11 19 20 35 20 26 36 34 30 39 15 23 13 20 31 15 17 18 27 21 18 27 10 28 22 43 28 16 29 13 28 31 35 13 15 23 32 40 24 30 25 24 13 32 19 38 27 27 17 22 21 14 21 15 11 27 10 27 21 25 11 25 16 33 23 
14 19 24 30 19 29 23 32 19 22 22 42 20 19 23 26 23 26 20 18 21 29 13 30 17 22 22 17 33 25 26 19 21 21 23 24 20 32 15 23 21 20 19 37 31 17 27 36 29 33 27 24 24 24 19 17 34 32 12 11 20 19 34 33 19 34 22 12 13 24 28 12 39 13 25 20 11 19 24 37 39 23 22 23 27 26 22 42 29 31 8 23 19 8 41 20 22 27 26 38 16 37 23 11 25 30 12 28 35 49 24 13 25 23 25 18 25 16 37 25 
15 15 20 21 17 29 28 27 16 17 16 13 22 17 20 33 26 31 8 22 16 20 19 20 23 27 22 19 23 20 34 21 30 15 29 24 10 37 16 18 23 12 39 24 22 19 30 26 25 18 20 31 36 28 19 20 23 18 20 24 12 31 32 10 28 24 14 17 15 15 29 11 16 21 31 31 40 22 28 28 19 21 23 19 29 27 28 17 24 25 27 25 24 20 24 31 29 10 27 32 37 21 24 15 17 21 12 34 17 29 17 33 19 25 21 22 24 19 39 21 
17 25 18 22 16 42 30 23 22 16 32 41 23 18 16 18 31 26 17 22 21 25 15 22 24 31 28 34 14 23 34 29 29 25 39 25 18 24 34 14 15 28 27 25 23 17 11 21 38 32 27 8 12 22 17 20 21 18 29 23 16 21 41 15 18 18 29 13 22 26 15 9 29 17 28 20 41 20 15 24 38 36 14 19 19 23 24 28 23 36 26 34 13 26 25 17 13 12 29 28 44 38 27 8 15 12 23 34 36 20 24 28 26 34 32 16 21 12 36 16 

MachineCapacities:
MachineID Capacity
0 10
1 10
2 10
3 10
