NumTasks NumMachines NumScenarios
25 4 500
TaskDetails:
TaskID ReleaseTime ResourceConsumption SuccessorsCount Successors...
0 0 7 3 3 7 2 1 3 
1 0 8 7 2 1 2 5 6 
2 0 2 6 3 8 2 3 5 
3 0 6 3 3 6 1 4 
4 0 6 5 8 10 2 6 8 
5 0 2 7 3 9 3 7 8 9 
6 0 5 4 2 7 2 7 9 
7 0 6 9 7 2 1 10 
8 0 4 1 5 5 0 
9 0 1 8 2 6 0 
10 0 2 9 3 2 0 
11 0 1 8 2 3 1 16 
12 0 3 9 4 4 2 15 16 
13 0 8 5 10 8 2 14 15 
14 0 7 1 2 8 1 16 
15 0 5 7 8 8 3 19 20 22 
16 0 6 5 3 9 2 17 19 
17 0 9 6 4 5 2 18 22 
18 0 2 4 2 6 1 20 
19 0 9 3 3 5 2 21 23 
20 0 6 4 5 9 2 21 23 
21 0 3 3 5 7 1 24 
22 0 1 3 4 5 0 
23 0 9 6 1 1 0 
24 0 2 3 4 2 0 

16 32 25 25 25 17 8 34 27 20 26 34 17 16 29 27 14 26 18 32 22 22 17 9 17 17 25 11 35 12 30 26 21 16 15 31 26 16 35 23 27 20 30 21 15 35 17 9 21 29 22 20 29 19 21 25 29 34 38 23 24 19 18 17 20 31 34 15 17 19 15 40 30 38 12 35 22 23 21 24 15 12 14 22 11 28 27 23 30 20 35 21 26 47 40 17 33 32 4 25 
26 39 44 26 18 6 14 32 28 17 18 43 24 15 18 20 15 21 16 19 31 27 22 16 16 14 18 20 26 12 31 39 25 18 29 37 18 24 26 20 28 34 21 24 32 22 25 9 35 41 21 15 30 18 29 19 21 19 36 29 19 30 15 20 24 25 44 16 20 23 17 31 22 32 19 30 30 22 13 26 25 31 19 27 18 20 20 36 52 15 10 16 37 21 19 14 35 21 25 17 
16 25 43 34 10 17 17 21 25 15 14 13 22 16 16 21 12 34 12 23 20 26 34 15 12 21 20 20 28 15 20 34 22 11 25 30 13 29 12 15 16 37 18 29 32 36 18 8 27 25 31 19 28 27 17 20 32 22 15 20 15 16 12 21 9 31 25 19 31 22 23 28 31 17 27 25 35 15 7 26 24 35 23 17 19 38 27 33 24 7 31 22 28 35 21 17 34 19 22 22 
14 22 32 22 18 19 22 26 32 12 20 23 16 20 28 21 16 29 15 29 26 24 37 18 19 5 21 14 12 14 26 23 28 26 25 34 14 34 27 28 29 29 27 22 21 32 20 13 23 40 26 23 32 29 29 18 29 23 20 38 22 12 14 17 21 32 45 10 29 17 20 29 22 15 19 15 30 30 22 27 30 18 35 23 16 14 21 24 40 24 31 15 35 42 40 18 36 21 23 23 
14 20 27 17 15 17 15 28 30 10 12 44 29 15 19 20 14 22 16 33 30 32 12 10 15 19 27 16 32 11 33 27 58 23 15 33 13 19 21 19 30 12 20 40 8 27 28 17 27 15 24 18 25 18 18 33 15 16 32 23 24 25 21 12 26 25 35 21 33 15 27 20 38 29 17 17 22 25 19 31 24 21 25 21 14 31 38 23 48 18 26 16 25 32 20 16 27 29 22 17 
26 27 30 22 14 20 16 21 16 31 15 37 28 17 37 12 19 25 12 10 23 39 23 17 22 16 31 17 37 17 31 38 24 17 18 21 15 39 43 10 37 21 26 16 35 28 26 17 12 36 22 25 29 26 18 17 16 25 21 31 17 23 19 8 17 31 35 24 35 10 27 17 21 26 21 18 26 17 25 40 13 10 20 16 18 48 22 33 31 18 20 15 34 28 39 12 17 26 14 19 
11 27 34 16 28 27 14 22 18 9 19 22 14 17 16 19 15 26 20 30 21 14 30 13 17 21 21 15 44 12 27 43 42 11 14 43 24 10 17 28 22 19 27 26 23 33 22 15 37 40 27 22 22 18 12 15 30 15 26 13 11 21 9 21 21 30 23 8 38 18 26 28 24 26 7 38 25 15 22 34 23 24 21 21 10 18 36 38 9 20 23 19 29 22 24 6 30 19 18 16 
12 20 28 24 19 18 15 10 27 16 21 33 18 10 18 16 4 25 18 20 16 33 32 9 11 12 19 19 39 17 23 32 33 18 17 37 8 30 26 27 31 31 24 1 37 36 21 14 26 37 30 9 28 22 29 17 21 35 28 27 16 20 28 11 15 30 37 14 34 31 21 42 18 18 24 42 32 17 21 10 11 18 17 8 13 21 20 33 23 16 22 25 33 24 33 10 23 23 15 15 
10 21 23 16 21 15 12 25 26 19 22 28 26 16 18 14 13 30 15 33 21 27 21 18 21 13 14 18 38 16 37 14 42 10 11 26 17 15 25 23 22 31 37 23 34 34 21 12 14 20 26 22 31 14 19 20 22 27 29 22 23 21 20 13 24 30 39 20 39 13 16 20 38 30 11 25 26 32 28 35 20 12 25 16 14 30 31 46 38 22 15 19 30 35 28 12 22 29 19 15 
26 28 10 31 29 8 15 33 25 15 23 28 28 12 27 20 15 18 20 36 17 28 22 13 6 17 24 18 25 14 30 43 35 13 8 36 19 28 32 21 26 17 32 24 23 33 32 14 33 19 35 24 21 10 19 20 26 24 27 29 36 17 32 18 14 41 40 13 35 16 36 40 36 22 11 27 11 19 18 37 21 19 12 26 14 23 18 20 36 13 21 15 33 37 31 14 18 16 22 18 
21 24 8 22 12 29 8 21 30 19 16 38 22 16 24 17 12 17 14 31 19 24 26 14 13 11 17 24 28 20 21 16 26 16 18 34 18 30 25 15 17 13 26 17 17 31 15 15 17 30 15 18 24 14 17 29 24 30 21 45 30 26 22 18 10 21 34 22 21 15 29 9 23 28 29 26 34 24 26 20 37 21 24 29 19 21 30 11 38 20 33 17 27 18 45 13 40 22 24 15 
20 19 36 18 21 13 13 22 26 21 27 31 21 20 32 14 11 33 15 7 25 20 21 15 6 16 23 17 45 15 33 37 27 23 18 20 18 19 35 22 17 20 25 30 24 19 33 14 18 12 23 28 33 26 31 28 28 29 32 36 28 20 20 15 20 29 35 11 44 13 28 20 15 27 17 45 32 19 25 22 30 25 22 17 20 30 29 26 32 16 23 25 52 21 35 14 39 19 31 28 
18 20 22 21 18 15 18 21 23 18 16 23 23 8 18 16 16 18 20 29 30 19 36 19 15 11 25 18 16 18 33 18 36 5 29 38 23 19 22 25 27 27 27 23 20 27 19 22 17 21 16 23 47 17 33 37 18 33 30 30 22 22 9 18 15 18 34 20 22 15 17 18 28 20 15 21 34 26 26 26 30 20 34 25 17 34 22 15 35 14 30 16 25 23 36 17 30 30 14 15 
20 26 25 19 14 8 9 17 34 17 17 46 17 23 23 13 14 23 10 38 20 22 25 21 22 18 16 16 35 12 32 19 24 14 20 29 20 19 29 15 33 14 24 22 17 29 29 11 17 30 24 15 15 15 30 19 22 18 29 27 39 28 20 19 21 36 19 19 44 19 30 29 15 17 7 28 27 15 23 37 25 27 33 22 14 32 17 17 30 19 25 11 27 35 24 13 30 35 26 13 
22 25 23 32 18 23 11 16 28 11 27 17 17 20 27 18 19 13 11 28 32 28 19 24 19 26 20 23 41 17 28 20 34 16 29 19 20 20 30 25 16 21 38 25 12 27 21 13 18 32 19 18 28 19 18 24 25 28 37 21 21 22 25 9 15 36 34 16 31 18 11 18 25 25 18 27 32 30 26 37 24 24 33 15 16 37 18 48 31 14 26 20 37 19 19 10 35 20 20 14 
21 34 35 26 20 20 10 12 23 10 11 39 18 23 28 17 17 16 22 20 24 32 31 14 18 20 31 25 17 16 24 32 52 19 17 21 20 24 28 21 40 13 35 25 23 38 21 23 16 28 21 22 27 21 20 31 31 34 23 22 29 14 21 13 24 25 30 20 28 14 32 28 33 17 17 33 30 13 45 21 23 23 15 18 10 33 27 24 21 13 25 10 27 32 24 13 32 38 21 27 
22 27 30 35 20 15 13 17 20 11 26 31 19 22 27 20 6 31 12 36 18 34 31 15 24 21 29 21 25 20 21 27 18 19 12 21 5 24 23 22 23 37 19 23 30 33 33 13 21 30 20 31 28 13 23 32 30 27 37 35 28 21 25 17 17 38 22 26 23 17 20 36 17 20 16 37 20 13 29 49 18 21 32 17 21 24 30 11 41 11 42 19 30 17 26 13 36 27 20 6 
22 16 32 42 19 22 20 27 16 17 21 31 17 16 29 22 16 30 16 39 14 23 29 14 11 32 28 16 36 18 29 30 30 15 8 23 23 19 37 23 20 28 30 24 26 31 29 12 29 27 22 15 33 10 20 32 17 12 42 36 29 27 17 11 27 31 39 13 30 17 15 20 31 17 14 15 16 16 16 17 29 21 27 21 24 26 12 23 31 15 32 25 33 21 31 16 26 23 27 23 
26 16 40 22 17 14 13 22 16 28 9 36 32 22 21 13 13 20 10 33 19 23 23 14 7 23 26 19 22 16 32 23 24 19 22 40 16 20 28 18 36 22 25 12 12 33 21 8 22 18 15 15 27 26 18 31 21 29 32 17 12 32 22 14 26 16 41 15 33 14 24 44 27 18 22 34 28 21 32 18 18 26 14 20 15 26 30 34 17 15 40 14 20 29 32 11 23 21 10 15 
15 24 42 33 16 16 16 28 21 21 24 29 32 18 19 14 6 24 19 20 15 17 38 18 14 22 20 25 22 10 32 41 25 28 14 22 25 13 31 15 36 19 30 21 15 47 30 20 29 27 10 22 35 13 29 27 12 22 36 31 16 32 27 14 16 41 36 19 29 23 14 11 37 23 30 35 24 13 27 49 31 16 27 25 15 20 22 20 25 9 21 21 30 22 29 14 27 9 17 21 
10 30 24 31 13 17 17 19 27 14 21 25 21 16 9 18 20 20 15 33 24 34 34 19 14 15 32 30 31 22 20 27 26 25 16 35 21 8 28 13 25 10 26 16 28 19 13 13 17 30 13 20 31 12 16 21 20 19 38 28 21 21 13 15 20 14 15 11 26 13 19 31 18 14 20 25 21 13 8 42 14 24 13 21 11 42 30 37 21 11 17 21 15 15 23 11 29 28 11 8 
28 36 35 18 17 24 18 19 29 24 20 8 34 18 23 21 9 12 17 22 31 35 21 18 18 21 19 19 32 12 29 42 35 31 20 24 15 20 26 30 28 8 32 22 24 19 33 15 20 34 28 24 40 27 21 32 34 20 25 21 18 16 16 16 23 9 33 12 41 12 13 26 22 10 24 41 35 9 21 33 20 33 21 20 17 34 25 25 23 21 26 23 30 40 29 21 34 13 11 22 
18 17 28 32 21 19 20 18 24 17 10 19 22 17 17 19 15 27 15 28 32 29 20 19 14 18 24 13 42 22 39 23 15 21 18 39 22 19 6 23 22 23 35 15 21 29 28 12 19 26 17 24 28 21 31 35 30 31 26 29 17 24 10 16 13 16 41 19 24 17 23 24 23 30 22 28 20 29 26 38 22 26 25 20 20 32 20 24 34 23 30 15 24 21 17 8 21 33 24 26 
16 17 22 18 14 15 18 23 30 19 18 32 16 17 18 3 17 29 19 29 19 20 34 16 17 21 22 15 24 9 26 18 31 20 23 22 14 26 29 16 34 22 27 18 23 33 26 21 30 40 29 18 22 15 12 27 39 25 32 34 21 21 17 15 21 40 30 14 15 21 18 43 26 28 19 24 43 14 27 24 20 14 25 23 11 47 18 38 14 11 17 22 25 23 23 11 26 22 25 23 
7 17 29 31 27 12 22 37 19 20 19 48 18 6 22 17 13 6 14 16 24 28 31 13 14 22 29 13 19 16 13 35 28 23 20 15 16 17 23 31 35 25 31 17 42 28 24 18 25 44 12 24 42 13 21 25 14 33 37 35 16 32 15 11 19 29 34 25 46 15 12 35 25 29 24 27 34 22 33 49 21 20 17 16 17 30 24 29 30 16 25 20 38 27 16 9 28 33 21 20 
19 25 37 35 6 17 24 22 25 15 12 33 18 13 21 15 19 33 12 39 29 26 26 20 11 22 22 13 24 20 24 29 26 20 24 38 24 23 21 16 25 27 36 19 25 43 16 17 17 22 21 19 7 12 24 19 18 10 17 31 25 29 17 11 24 28 29 19 40 21 19 25 27 32 27 37 21 22 31 19 23 23 12 16 22 25 27 30 17 20 34 27 11 17 38 21 25 31 11 19 
17 35 34 33 23 19 14 24 25 22 14 26 20 9 21 16 22 26 11 28 25 18 33 21 13 8 30 15 22 14 39 40 16 22 25 19 20 26 37 19 25 21 26 22 15 34 38 16 24 25 26 15 27 22 18 29 30 34 18 31 18 23 17 9 19 32 33 10 23 31 21 28 23 19 19 26 24 20 37 30 12 19 13 17 15 15 29 21 36 15 38 20 26 25 30 7 30 20 19 11 
19 19 25 24 21 17 18 22 31 24 24 33 18 15 19 15 13 26 11 39 21 26 28 21 19 20 15 18 29 18 25 29 27 21 27 26 18 14 11 18 19 18 31 21 10 38 32 18 14 39 20 22 20 20 27 14 21 28 33 30 29 17 24 20 23 37 26 19 29 15 29 10 41 24 29 28 42 27 14 30 22 24 26 15 11 26 18 20 10 20 35 22 26 37 27 17 27 25 12 24 
20 25 32 34 21 26 10 26 14 7 17 41 28 12 27 16 12 18 20 36 19 34 23 17 21 17 27 13 34 17 33 36 36 27 26 19 17 17 26 22 36 15 28 30 32 29 21 16 28 30 24 14 31 17 22 15 28 40 22 24 14 20 19 12 16 22 30 18 28 12 15 27 33 19 22 26 29 22 29 40 14 23 18 23 18 44 17 41 52 17 30 14 22 22 39 19 25 31 24 19 
25 32 24 16 18 17 19 24 19 24 18 21 14 18 23 13 13 30 20 21 13 24 26 14 14 17 31 17 35 20 27 31 39 16 27 35 17 18 29 26 24 18 21 25 31 31 19 23 21 31 13 15 39 18 12 28 16 14 24 9 19 12 10 13 17 15 41 17 41 13 11 27 7 28 20 32 23 29 12 33 14 20 28 17 17 28 29 29 49 17 14 22 20 31 48 15 28 33 29 26 
19 25 40 39 27 18 16 19 15 17 29 26 12 15 6 24 13 29 12 28 24 24 25 16 26 27 18 24 31 15 27 23 39 25 21 18 19 17 22 25 16 20 26 6 33 35 22 15 28 23 34 25 4 14 20 31 26 14 20 44 30 29 25 22 18 18 23 25 39 20 18 27 19 27 23 30 30 13 10 14 22 23 18 18 18 21 26 36 40 15 30 19 7 29 25 20 27 24 23 10 
26 26 32 34 17 17 14 22 20 21 13 21 18 22 22 17 14 17 11 32 26 37 24 24 14 13 29 21 31 15 27 34 26 20 24 29 30 27 20 16 35 16 26 26 26 43 19 6 35 33 14 29 40 19 29 20 18 20 32 23 25 12 18 11 21 26 23 31 34 20 23 20 21 29 20 31 25 8 31 30 24 31 23 24 16 22 38 21 28 22 37 26 35 30 6 15 35 28 19 11 
22 20 22 36 19 19 16 26 21 17 23 28 21 19 20 17 19 26 17 31 22 21 38 12 16 9 20 20 34 19 26 25 29 20 17 24 9 19 35 7 35 22 32 11 9 31 27 22 27 20 14 21 28 16 24 32 30 37 27 25 26 20 19 18 12 22 29 16 39 20 28 32 22 27 11 25 14 27 42 36 8 28 11 26 14 27 23 28 41 16 32 19 30 49 33 20 30 23 15 21 
12 28 36 34 16 19 16 32 29 23 10 51 22 17 18 14 17 20 8 35 30 25 28 13 19 12 26 16 30 12 39 36 37 26 29 20 15 19 22 23 35 19 25 28 10 17 22 19 23 19 22 27 45 20 30 15 33 23 28 30 26 29 8 20 6 36 31 15 29 24 27 23 20 28 20 33 17 23 33 19 12 36 22 19 20 18 35 36 37 14 27 19 28 23 21 15 28 22 8 15 
25 31 33 24 22 11 17 33 19 18 20 30 17 19 22 22 23 23 11 19 20 30 34 24 17 14 21 19 35 8 27 16 16 22 20 24 9 8 25 22 18 22 27 16 31 31 27 9 24 21 18 20 20 17 22 24 20 15 23 30 22 27 16 15 13 25 10 9 24 8 14 24 29 10 21 13 25 14 19 37 13 16 20 24 22 19 20 28 17 15 20 20 1 30 20 16 33 30 23 18 
21 28 28 32 20 18 16 26 24 17 24 23 23 13 29 15 26 16 13 25 21 22 37 12 11 17 34 27 23 12 34 18 35 17 24 35 16 27 20 25 22 25 26 20 27 24 35 26 21 33 13 23 28 23 17 15 20 19 30 26 16 25 19 20 23 36 33 17 27 13 24 41 31 27 18 38 32 14 21 18 18 28 19 19 14 25 24 26 34 16 19 24 33 19 27 19 28 16 15 22 
14 39 28 36 22 15 17 20 18 9 18 36 21 16 29 24 21 31 17 33 26 18 37 13 24 25 13 18 24 23 18 28 25 17 26 27 17 19 25 28 30 17 25 25 28 47 24 21 18 40 16 19 19 22 22 13 31 20 27 24 23 22 14 16 18 35 21 8 15 10 31 37 31 22 22 27 15 26 22 19 21 24 33 17 14 25 31 34 31 18 19 22 25 38 22 11 34 20 37 21 
19 21 28 33 23 13 15 21 25 17 16 29 13 9 27 16 18 22 16 27 21 31 25 13 29 18 18 12 21 13 24 20 24 15 20 22 22 22 22 22 12 17 27 17 16 37 23 20 22 22 30 13 32 23 29 34 23 34 32 27 21 10 19 12 13 29 28 16 33 21 30 24 13 20 11 27 29 9 23 37 22 24 14 20 14 25 24 22 27 13 26 18 39 27 33 15 14 31 25 10 
17 27 22 24 25 17 10 23 20 18 25 22 33 13 22 16 9 36 9 18 27 28 25 17 26 21 23 19 22 20 19 28 15 23 24 28 27 19 30 17 41 19 11 20 32 25 35 20 38 30 29 22 20 16 25 15 29 21 25 25 16 17 19 20 15 36 29 20 33 19 16 25 17 30 21 32 11 21 16 41 16 23 19 23 16 26 27 38 28 8 33 19 40 37 38 14 13 21 21 19 
17 28 21 34 24 22 12 29 24 22 27 25 14 16 12 17 13 31 12 23 25 33 27 15 32 20 27 20 21 16 8 41 33 24 24 22 17 37 21 27 23 22 31 23 20 25 22 16 24 37 18 21 42 21 24 24 22 24 22 26 19 29 16 14 21 31 26 10 29 14 18 42 24 17 19 45 30 16 22 29 17 25 24 12 13 35 34 23 30 15 29 13 25 35 29 10 30 18 29 22 
10 17 30 49 13 17 8 15 24 16 23 43 20 10 23 12 25 24 15 33 20 30 16 21 8 16 26 5 23 12 27 33 31 14 18 18 18 9 25 17 19 23 31 28 17 33 30 17 13 26 15 20 37 13 26 33 30 24 29 23 20 10 20 19 18 27 40 22 17 15 13 33 30 10 24 11 7 22 29 31 13 25 22 18 14 34 19 24 32 27 20 13 32 22 26 13 20 21 33 26 
16 23 37 22 18 26 16 15 14 23 18 24 25 13 25 21 23 33 9 35 27 24 26 19 11 11 29 15 34 26 26 23 28 19 12 34 20 23 28 24 21 26 21 25 19 29 23 18 28 25 23 14 45 17 17 21 8 13 23 9 28 23 14 17 14 20 34 12 31 11 14 35 23 23 35 22 26 31 30 43 18 17 22 16 10 23 15 21 27 17 30 20 29 32 24 13 42 37 19 21 
19 18 23 23 21 16 10 14 22 18 29 37 10 13 25 12 16 29 22 39 16 22 37 8 12 6 23 16 20 17 36 16 37 18 18 31 18 20 21 21 33 17 31 20 21 21 22 12 20 27 25 21 21 20 22 35 23 14 13 26 12 20 27 25 20 38 20 21 28 16 35 42 25 23 13 26 15 21 12 23 17 26 15 18 16 27 24 26 45 24 35 10 25 25 25 17 33 25 19 12 
22 9 24 20 18 23 16 21 13 20 19 35 14 17 19 13 18 22 13 11 24 29 22 23 12 29 28 17 34 12 35 32 32 15 20 36 27 28 24 20 30 21 22 15 18 34 22 21 24 40 18 22 42 18 25 13 18 33 41 41 26 13 20 11 21 24 24 16 36 21 22 30 18 13 38 36 29 16 35 12 32 22 15 17 14 16 20 34 19 27 26 17 35 31 18 18 31 34 23 23 
14 33 36 35 18 14 21 18 23 26 23 31 22 8 21 15 15 27 15 36 30 22 24 18 12 29 33 11 19 23 18 31 30 22 8 23 17 24 34 28 25 25 33 18 14 33 18 14 25 33 22 21 38 24 19 25 24 13 28 35 20 33 16 20 17 31 19 25 26 10 12 23 19 17 21 41 28 24 31 21 30 20 20 26 14 18 24 34 41 21 21 13 23 36 36 8 14 23 22 23 
15 17 19 27 20 19 15 18 30 5 31 32 9 18 22 18 13 15 16 15 18 47 21 15 19 16 25 21 37 14 15 20 38 16 25 34 21 28 30 16 27 21 40 21 19 17 20 20 28 20 23 13 28 15 24 24 14 24 38 35 31 20 13 12 26 34 40 15 31 24 18 33 33 30 18 23 22 26 19 22 22 18 29 13 14 26 37 37 28 27 27 16 12 40 28 18 27 30 15 18 
19 19 18 28 18 17 19 22 25 19 9 45 26 17 28 11 17 37 17 29 15 33 28 20 19 24 31 10 36 10 25 31 25 21 22 41 25 31 10 12 30 25 21 31 27 46 17 16 28 42 18 11 31 13 17 21 24 18 30 28 32 25 16 12 18 24 36 21 37 11 15 26 28 25 19 24 18 27 16 21 5 25 25 18 18 45 30 32 38 17 33 20 26 20 26 19 27 19 22 22 
12 27 34 21 21 25 19 24 24 21 21 22 18 23 8 13 18 44 17 43 26 33 29 15 26 14 29 15 38 13 25 20 39 23 18 27 24 27 18 21 31 27 21 11 24 28 8 11 18 20 12 14 15 20 28 19 19 27 35 24 25 29 17 21 27 37 28 11 35 16 29 32 22 14 26 32 27 28 33 39 30 16 24 27 12 25 25 31 38 5 27 23 31 27 22 18 42 27 12 19 
21 28 16 29 15 18 20 20 23 15 18 32 30 12 13 14 21 27 10 45 8 24 30 20 13 31 19 14 19 13 35 25 26 19 26 30 18 34 31 29 15 14 21 19 17 19 35 16 26 33 17 23 30 19 27 27 23 31 25 41 15 12 18 18 15 11 30 12 26 18 33 17 21 23 19 37 39 25 19 18 32 21 30 20 18 26 27 20 24 18 35 22 23 22 24 11 16 5 19 18 
16 25 22 22 19 18 16 20 23 19 27 31 12 13 15 20 16 25 10 17 22 33 29 20 23 19 30 9 35 20 28 39 32 19 26 30 25 21 23 16 17 23 33 37 22 41 20 16 13 27 20 18 34 26 25 22 21 35 37 37 21 26 15 13 14 33 50 17 32 13 16 30 36 24 14 40 23 30 19 42 18 16 27 16 17 24 21 19 27 10 33 20 21 21 24 11 31 29 21 21 
8 18 36 36 20 13 14 25 21 10 19 32 7 21 9 10 15 32 5 28 15 26 23 18 17 23 22 15 35 15 24 18 44 11 17 16 15 15 20 23 27 16 16 25 19 29 18 24 14 28 30 22 33 10 23 19 28 22 32 35 32 17 18 17 18 13 27 16 20 13 27 23 31 13 23 25 20 27 22 36 21 21 19 28 21 18 29 37 27 16 28 20 38 48 32 21 22 30 15 22 
16 6 19 42 15 9 16 25 22 20 23 38 20 18 19 20 20 18 20 20 19 25 11 12 20 15 31 13 14 14 34 21 19 25 8 40 23 24 26 29 31 21 25 24 23 15 19 25 29 30 24 20 21 17 20 34 16 14 24 39 12 21 16 19 15 40 27 15 36 13 23 19 32 25 21 28 19 24 24 36 28 25 11 18 18 29 29 37 30 11 35 29 34 36 25 13 13 33 19 22 
23 25 34 35 11 22 19 29 24 14 20 36 18 20 16 14 15 44 16 27 14 32 24 17 15 23 18 22 18 11 34 18 27 11 17 34 24 21 19 30 25 21 16 16 26 21 32 19 17 36 21 14 9 23 31 20 27 32 25 35 30 20 24 16 14 38 35 19 18 12 18 25 17 16 8 28 15 18 27 32 22 26 18 19 11 39 24 21 23 18 14 22 57 30 11 21 23 23 15 19 
25 5 28 21 17 21 20 17 13 22 14 40 25 18 24 20 9 38 16 26 33 20 28 16 14 14 16 15 35 17 16 32 54 18 19 33 22 10 34 24 35 24 36 26 18 22 11 6 24 15 20 23 23 19 19 34 23 23 38 36 22 24 17 11 18 33 34 20 34 20 21 40 31 22 14 32 15 18 27 35 25 10 14 20 21 23 28 36 38 10 32 13 33 35 32 8 12 15 17 22 
21 20 39 21 19 13 13 27 18 24 12 18 25 14 19 13 19 17 18 40 16 21 29 10 19 26 21 10 25 18 32 24 41 23 15 36 23 37 25 6 27 21 36 31 24 29 27 20 29 40 13 19 39 25 30 21 24 24 25 38 20 21 14 20 21 30 26 12 30 15 21 28 28 27 14 34 23 18 15 18 27 26 13 21 12 24 19 23 24 10 34 13 17 36 23 24 22 25 24 23 
18 40 26 32 8 15 23 28 34 17 25 19 25 16 27 20 15 15 19 33 17 23 21 21 20 19 23 13 17 24 30 32 40 16 20 23 15 19 17 25 27 26 20 14 27 21 13 17 24 30 21 16 28 9 17 31 21 14 21 36 15 23 25 19 19 32 41 22 29 11 22 18 23 41 24 35 38 31 21 41 24 25 20 16 8 35 24 30 37 18 4 13 33 14 24 13 16 22 8 28 
15 29 20 41 17 19 9 25 22 18 15 17 12 19 20 16 16 25 18 27 22 17 16 20 7 20 22 15 24 20 26 23 26 16 29 11 19 16 32 29 28 30 5 19 18 32 32 14 22 26 29 13 27 21 20 35 20 28 34 35 25 17 22 17 23 27 30 16 31 15 27 26 23 20 10 26 28 17 22 33 27 20 15 19 14 33 31 25 40 16 33 10 25 33 33 14 35 24 17 10 
26 22 32 42 20 17 17 37 27 18 26 16 11 22 31 10 13 33 7 32 19 17 22 15 11 18 18 21 26 15 20 36 30 19 33 41 19 14 18 25 26 32 34 17 25 35 20 16 20 32 10 15 27 11 17 32 16 38 27 32 30 22 25 16 20 21 24 9 28 13 14 32 14 29 15 34 18 24 31 43 18 19 16 11 22 26 29 35 31 10 24 21 25 32 28 14 35 36 12 27 
11 20 29 25 14 22 15 29 36 24 24 26 8 8 16 16 20 25 15 37 14 40 20 13 23 24 28 13 35 21 29 40 34 15 23 36 15 31 24 21 20 13 25 12 26 28 28 21 17 35 26 26 37 22 16 28 10 26 31 29 16 32 11 16 18 27 41 15 32 17 10 28 30 16 22 36 28 8 28 29 26 37 17 16 13 34 27 34 23 16 27 19 20 29 16 14 11 20 19 11 
22 17 26 35 15 17 18 15 21 11 16 26 20 19 29 14 8 33 12 35 19 18 13 12 9 13 29 23 26 16 26 30 27 21 12 30 10 25 13 25 31 28 22 11 21 25 10 15 39 20 21 19 20 24 16 11 15 33 34 26 23 24 14 20 10 24 26 18 31 16 15 25 15 29 21 20 13 22 27 34 20 11 25 14 21 21 17 46 34 21 21 21 47 6 17 13 42 10 26 16 
19 23 41 27 16 16 15 13 20 15 21 26 29 15 20 19 18 23 18 40 20 17 18 5 8 23 24 18 32 16 24 33 17 12 19 19 12 11 21 38 21 31 28 21 44 29 31 9 7 20 21 14 40 19 28 20 28 25 35 23 28 22 9 20 27 25 29 19 28 16 15 27 9 28 18 40 49 13 8 31 18 31 22 18 5 18 20 17 27 23 40 26 28 29 45 19 33 9 14 21 
21 14 27 21 17 16 19 13 19 11 22 38 16 24 32 12 10 18 17 30 25 12 32 25 15 21 31 19 37 16 30 23 28 19 20 18 23 9 24 15 29 26 30 15 22 39 30 17 25 30 19 21 17 21 21 29 42 15 34 20 30 24 13 22 20 30 45 17 21 20 15 27 31 23 30 29 36 30 22 48 22 17 23 12 13 48 23 35 32 8 14 23 16 30 22 12 19 9 18 18 
29 25 30 26 18 22 20 26 30 24 20 40 20 20 22 9 22 15 14 25 22 26 21 20 17 10 37 24 29 13 19 33 29 28 18 17 26 26 30 25 28 26 18 19 22 20 11 21 32 22 18 26 44 9 22 19 21 36 30 21 28 24 18 18 16 33 19 20 18 13 22 15 23 23 15 33 24 18 20 23 24 14 17 18 9 39 26 30 27 19 15 16 22 25 28 12 33 22 18 19 
21 32 31 37 19 11 18 19 26 19 19 39 19 7 19 12 20 30 14 36 27 15 36 18 18 15 26 22 20 19 22 19 30 23 21 24 19 26 28 27 29 13 19 21 32 30 22 23 29 40 20 18 10 9 12 30 19 25 36 31 29 28 9 16 22 28 33 19 47 21 17 16 42 22 25 12 27 18 31 38 25 17 29 23 18 38 28 20 44 14 42 11 19 27 31 12 37 18 17 7 
27 40 27 19 24 21 10 27 20 19 18 32 23 14 27 22 17 28 18 26 18 38 22 13 19 14 29 24 21 17 37 35 19 16 25 38 23 26 24 28 27 18 33 34 27 38 27 8 18 18 29 23 22 20 18 18 25 24 37 19 29 27 19 11 19 4 28 16 28 16 19 30 23 25 27 17 40 19 20 24 17 26 19 22 15 33 30 25 16 10 23 16 16 24 39 10 34 11 22 21 
14 25 33 21 12 14 18 13 27 17 20 26 13 16 19 16 11 33 14 34 32 26 30 22 25 23 17 17 43 18 32 32 14 21 19 13 23 28 25 25 31 27 14 25 18 27 27 10 20 25 27 30 34 12 20 19 21 19 31 23 25 12 25 13 26 22 29 16 22 9 17 35 19 25 30 17 30 21 36 23 13 14 19 16 19 16 24 30 24 13 37 21 21 14 29 17 33 31 21 25 
17 12 40 27 16 6 17 29 16 20 12 40 14 10 16 24 17 21 22 18 27 20 19 21 20 18 22 14 31 17 29 30 33 17 27 38 19 27 36 18 18 33 22 31 31 29 24 12 22 42 19 14 34 20 21 32 23 19 34 26 17 14 25 19 24 24 18 10 12 17 22 16 21 29 25 46 34 19 24 33 4 24 20 15 20 27 22 19 35 14 38 14 24 27 34 13 17 20 23 24 
13 23 20 20 14 17 14 22 21 10 19 27 26 7 19 15 17 29 22 27 35 27 30 9 19 25 18 20 31 9 19 24 9 21 16 34 22 20 29 17 21 25 34 23 27 14 23 14 5 36 23 13 30 24 18 22 25 33 42 28 39 23 14 10 18 32 24 27 44 13 20 31 24 18 15 38 31 14 29 36 28 16 20 25 16 21 20 27 30 23 24 19 28 29 37 13 35 24 15 24 
15 27 21 29 24 11 12 24 20 19 19 24 20 18 40 15 13 31 13 28 18 28 16 28 15 14 35 18 25 16 32 19 37 32 8 37 19 5 32 25 25 28 32 19 32 42 40 15 17 21 17 18 25 21 16 15 19 19 29 17 39 11 16 19 23 17 24 16 33 17 27 35 17 30 16 27 34 24 32 38 16 15 10 23 14 29 27 29 43 19 18 18 22 29 34 15 28 31 15 31 
15 30 28 19 19 18 15 25 23 24 20 24 15 12 28 24 16 26 23 22 23 22 31 19 18 23 18 24 31 11 38 32 34 25 17 34 28 22 32 17 29 14 30 14 25 33 30 8 27 41 20 15 28 24 29 23 19 35 19 30 26 13 11 7 20 21 33 18 28 14 29 30 30 31 16 41 19 10 22 21 31 17 10 20 24 18 26 22 34 14 20 28 28 32 30 12 34 25 19 27 
24 27 36 28 17 19 8 17 9 7 13 32 6 11 17 18 13 22 19 22 17 19 31 16 20 17 17 14 19 16 25 33 21 21 21 17 15 5 21 18 33 22 28 30 23 25 28 10 33 27 20 13 37 27 24 19 30 20 30 34 21 21 9 18 20 37 20 18 22 8 25 20 27 29 30 33 29 14 16 44 28 17 14 21 18 37 19 38 25 18 32 19 24 29 24 16 33 18 27 27 
23 31 31 23 15 22 12 21 27 19 22 51 12 14 25 16 11 12 8 48 24 28 25 17 19 19 16 16 19 14 41 30 27 16 5 23 26 19 29 18 34 21 25 26 19 31 18 7 44 15 20 26 11 20 22 23 29 18 24 29 36 15 22 10 15 33 27 19 28 20 26 23 20 16 13 30 29 19 32 45 17 9 24 24 8 26 33 19 36 30 18 21 39 34 29 15 38 28 14 15 
15 28 26 23 18 16 15 22 24 11 12 36 15 16 21 21 16 35 15 22 26 9 7 20 15 13 32 17 18 18 20 36 30 23 16 17 23 21 15 13 21 14 31 19 23 19 33 17 11 15 17 21 24 14 19 29 25 12 23 28 23 25 20 20 16 28 16 14 17 15 15 30 26 17 21 35 29 29 24 37 26 23 23 20 14 29 37 33 20 13 18 20 30 23 17 13 10 30 8 21 
12 24 25 32 22 16 18 36 21 20 17 26 27 16 17 11 12 29 21 21 43 26 26 15 21 16 18 22 26 14 16 43 48 20 23 31 22 10 16 14 40 29 36 19 21 26 29 6 27 30 25 20 23 21 22 32 29 31 28 33 24 30 17 9 22 29 45 19 18 20 15 30 36 22 18 30 33 19 25 40 22 16 16 18 17 38 17 37 39 15 21 20 26 43 29 16 16 21 6 23 
23 21 43 28 19 15 18 20 12 22 8 21 16 15 22 17 23 29 2 18 20 29 27 11 15 18 21 20 14 15 30 43 19 22 17 10 25 22 20 17 26 23 30 28 21 13 33 18 27 40 23 18 31 16 32 30 26 29 23 27 15 22 18 15 7 20 34 22 38 16 22 15 24 29 10 35 25 19 25 31 21 25 16 23 19 39 43 24 33 12 19 23 33 22 40 16 28 25 14 38 
23 28 25 18 16 19 16 25 31 27 20 27 17 11 21 15 16 19 18 37 17 16 44 12 16 16 26 18 31 23 33 25 40 21 34 41 19 25 19 25 18 30 33 27 22 31 34 19 25 39 32 19 25 13 24 14 18 7 31 36 9 16 21 19 21 14 35 16 30 23 25 28 34 24 14 22 22 23 32 36 31 28 17 21 18 27 27 21 30 23 17 15 23 23 32 9 33 32 11 24 
21 23 32 33 14 24 18 17 18 22 10 26 30 16 15 13 15 30 23 36 24 25 28 19 19 17 25 25 26 15 28 24 22 16 32 27 20 18 24 17 31 24 29 18 20 24 33 16 17 31 23 13 21 30 29 28 12 34 31 18 20 20 21 21 19 40 36 20 43 13 19 38 35 20 25 44 23 26 18 30 19 21 20 23 19 15 26 16 42 22 33 23 26 21 22 14 43 34 19 13 
10 8 31 29 13 19 18 23 15 6 18 14 16 10 29 21 20 23 15 19 20 24 32 11 19 20 22 18 23 19 32 31 28 13 24 40 26 20 24 19 33 30 31 26 19 40 32 18 22 30 22 13 27 21 28 23 21 22 15 21 20 17 19 17 24 40 34 18 18 7 21 22 33 8 26 6 16 16 27 40 19 27 17 24 16 17 18 11 34 17 24 19 13 18 22 19 48 30 28 18 
24 12 40 28 21 13 18 18 14 21 10 41 20 23 27 23 21 35 13 23 20 33 27 16 10 15 21 19 21 17 26 35 24 12 19 23 20 32 27 33 19 19 26 18 24 26 35 17 22 20 10 21 30 19 35 29 29 17 31 24 22 16 19 16 18 22 42 21 25 19 21 28 19 32 30 36 27 21 34 12 24 25 20 18 17 29 23 26 38 10 29 16 13 32 24 11 28 40 20 16 
13 22 23 23 15 11 15 24 29 13 21 28 22 17 19 17 21 25 18 34 25 25 36 15 23 16 22 17 22 20 36 14 33 11 25 23 19 26 23 17 36 22 19 13 17 30 37 16 31 25 26 18 17 24 19 7 18 17 30 20 15 21 16 15 5 36 33 17 38 10 8 34 21 25 18 30 31 20 38 28 26 23 8 15 20 10 10 34 25 14 36 20 24 16 22 15 36 33 20 18 
16 36 36 24 13 15 18 17 21 25 12 31 22 12 31 19 20 19 20 22 24 27 14 22 11 21 18 17 29 22 38 27 37 14 28 31 24 38 36 22 28 24 13 19 26 31 25 15 16 28 23 9 31 30 26 17 20 25 26 29 23 22 14 19 11 35 25 20 30 21 19 30 29 15 24 15 24 20 24 40 23 24 23 23 17 16 35 41 46 18 31 17 18 27 11 15 24 37 25 19 
23 26 17 23 15 16 19 19 27 28 33 39 25 16 24 17 12 30 14 29 20 23 29 5 19 10 28 17 28 13 41 21 24 24 34 18 21 27 24 26 25 15 24 13 14 30 35 18 18 33 34 16 40 13 25 23 22 28 23 27 32 31 22 24 22 35 29 18 28 15 17 24 18 16 25 29 31 3 19 35 15 16 22 31 17 30 29 32 33 12 26 24 30 24 23 14 41 24 29 25 
24 21 23 32 14 18 14 15 20 24 6 25 32 20 26 17 16 20 17 22 15 27 24 12 20 12 20 19 28 16 25 30 23 21 17 24 27 25 19 19 17 31 26 11 19 15 27 21 29 26 29 22 32 11 16 6 30 22 18 46 22 18 23 12 15 20 28 18 15 17 21 33 28 18 23 26 32 22 33 24 22 29 11 12 10 30 26 40 36 21 34 26 29 30 32 10 20 27 23 29 
23 12 39 16 31 16 15 26 21 12 20 31 18 7 22 23 21 22 10 32 16 35 38 15 14 25 28 15 30 14 31 14 38 17 14 33 24 31 23 20 27 28 25 8 15 29 27 18 22 33 24 22 19 18 34 4 22 30 33 12 25 18 21 14 20 30 40 20 35 13 22 30 34 25 22 30 30 34 24 23 24 25 25 21 18 25 18 22 24 16 32 20 23 27 40 15 33 34 24 19 
15 26 21 12 14 14 16 24 16 13 13 18 21 18 34 11 18 21 17 39 22 35 30 17 20 20 20 24 39 15 23 21 25 13 22 28 17 20 27 32 18 20 38 16 19 28 20 16 35 35 26 22 29 15 11 23 13 24 13 34 24 21 14 19 15 18 13 14 26 31 21 19 19 27 12 29 29 26 28 33 19 17 17 19 6 26 22 24 40 15 23 6 36 16 40 11 20 13 10 20 
18 13 19 23 19 23 25 31 24 17 20 22 25 11 2 16 21 20 11 36 26 28 21 20 22 17 20 18 20 20 40 21 32 24 24 22 17 21 30 31 22 22 18 23 28 42 20 11 27 28 29 14 20 12 30 17 25 22 24 29 28 21 22 16 18 24 20 17 30 15 9 32 30 32 21 32 14 27 24 28 17 26 15 33 14 25 29 17 37 19 36 11 35 22 27 16 20 10 15 21 
9 25 35 36 14 12 18 18 20 21 16 41 30 15 26 7 19 41 11 35 9 23 23 5 22 20 29 10 27 20 17 32 32 15 31 31 16 26 25 17 24 21 28 26 18 21 21 23 30 23 9 8 36 19 28 29 30 31 26 27 12 21 23 13 17 38 29 11 25 12 25 21 20 20 12 27 27 7 26 34 18 29 15 17 15 40 18 22 32 18 40 13 29 42 21 18 19 25 17 31 
18 14 34 30 16 9 8 24 21 17 12 35 14 22 13 14 13 10 14 39 31 25 33 12 27 16 23 17 28 11 16 39 41 18 33 42 13 21 25 22 24 22 19 29 18 39 25 26 21 20 22 23 20 18 24 28 30 21 46 25 21 21 7 18 18 39 18 14 25 22 28 34 29 22 20 31 23 24 35 25 26 15 19 24 17 24 27 30 23 19 26 22 39 24 25 12 27 18 24 13 
16 25 27 21 16 17 18 28 29 22 22 27 26 18 8 19 24 21 15 29 16 24 23 9 29 18 21 21 30 25 34 30 35 24 28 20 12 18 27 22 28 23 23 9 18 42 22 15 26 25 15 13 31 16 20 17 21 20 2 21 28 19 20 19 10 28 9 10 24 14 32 37 34 26 11 42 34 15 23 32 30 28 22 16 19 19 32 18 18 12 35 23 31 40 24 19 26 27 19 22 
19 26 49 24 18 16 27 27 14 11 22 31 18 11 28 17 14 26 14 28 36 25 33 19 15 21 23 18 26 14 32 29 32 16 26 8 26 24 24 21 24 17 24 22 28 31 17 11 29 39 17 10 33 13 21 22 23 19 35 13 23 29 10 12 12 35 24 22 23 6 23 27 33 26 24 31 33 24 13 36 26 23 14 17 16 34 21 23 31 18 18 22 27 26 35 11 31 5 23 29 
25 32 38 21 14 18 17 18 18 11 21 23 21 20 18 8 14 38 2 19 22 19 12 8 24 23 37 19 32 10 38 32 16 18 20 32 16 19 22 27 23 15 27 24 23 32 22 12 34 32 19 24 30 17 22 29 23 26 20 34 15 19 12 19 19 31 33 11 30 19 21 22 33 23 16 27 39 30 29 24 25 19 8 21 19 38 37 25 37 27 28 9 32 33 17 15 29 17 20 25 
14 36 31 32 19 14 13 24 26 23 22 23 24 21 24 14 15 30 15 22 18 20 29 21 12 16 14 20 33 10 29 43 26 25 25 26 20 21 26 15 22 19 28 29 38 28 22 17 27 21 20 13 39 23 23 30 30 6 41 25 50 16 20 13 15 16 23 13 34 11 24 15 27 21 16 32 33 15 23 27 22 22 34 20 15 30 32 27 40 20 34 24 25 33 32 12 37 19 22 20 
18 31 26 38 22 17 20 22 25 12 18 21 21 16 12 10 24 14 16 35 25 29 25 20 14 20 33 11 23 11 35 16 18 24 26 30 23 25 28 17 28 18 18 31 24 50 23 17 38 29 32 28 26 19 20 27 21 24 24 31 13 29 12 24 15 18 45 19 33 30 22 27 20 16 20 28 31 30 27 39 24 22 20 17 16 25 17 28 38 14 19 18 20 26 24 9 33 32 19 19 
24 28 35 34 20 15 21 24 22 16 25 22 26 20 26 24 17 20 18 34 26 32 16 16 21 10 19 25 17 14 32 32 20 13 17 25 22 5 21 16 18 22 38 19 26 36 8 17 28 17 29 22 16 24 30 26 25 21 37 39 15 23 10 15 23 19 45 29 19 23 8 31 32 22 22 40 25 30 39 30 24 28 11 17 11 31 26 32 16 27 27 24 16 11 30 17 22 27 20 25 
8 25 37 35 8 7 9 32 16 20 22 12 25 17 19 15 22 38 13 22 26 20 26 15 14 19 25 22 50 23 20 12 40 19 22 36 19 27 23 17 44 28 32 20 14 32 31 18 20 4 21 25 36 18 25 18 25 30 32 21 22 2 15 23 16 16 20 21 26 24 25 39 32 25 28 14 26 19 33 32 36 32 11 21 18 22 27 16 35 17 27 16 21 26 32 15 29 19 22 20 
6 20 25 30 20 16 22 24 17 13 15 31 25 17 21 23 17 18 20 38 27 23 20 21 22 14 14 18 33 19 7 27 29 18 18 16 20 24 34 14 34 32 24 21 32 34 28 23 27 32 20 11 20 21 17 15 22 13 31 23 26 23 18 15 16 34 23 14 35 22 16 18 31 21 9 29 24 25 26 14 21 26 30 13 16 35 28 36 20 7 20 14 18 15 26 14 37 20 17 24 
24 27 6 25 16 19 11 28 18 17 19 27 26 15 28 18 19 28 7 36 17 31 23 16 21 22 31 20 45 17 32 20 29 17 26 31 18 25 20 29 25 22 26 19 26 38 33 15 13 32 22 14 36 17 19 34 19 11 32 30 28 23 16 19 12 25 20 12 27 15 20 22 23 18 23 23 33 18 20 9 27 18 17 22 22 21 28 28 37 15 38 22 22 29 22 11 26 20 28 25 
12 20 26 19 10 19 18 23 21 15 16 33 16 22 22 18 20 31 13 27 19 11 15 23 17 17 30 13 27 17 24 23 28 20 17 34 15 17 28 24 27 19 35 24 22 23 29 20 22 33 21 21 26 23 23 26 20 32 25 11 17 15 9 19 24 22 19 23 33 17 13 22 27 28 16 39 33 20 27 22 18 29 26 21 17 29 34 27 48 22 15 26 28 23 35 10 29 42 23 13 
20 22 22 30 22 16 9 30 26 24 28 16 14 9 19 15 19 23 7 32 26 28 21 15 16 25 27 15 32 11 26 36 27 12 20 24 18 21 23 32 30 20 17 19 18 32 18 15 16 21 25 23 27 13 18 24 22 31 27 36 20 26 17 14 23 35 37 21 29 13 16 23 28 17 19 20 29 11 39 28 21 33 24 12 19 26 29 26 37 12 13 27 31 48 35 10 26 16 18 33 
20 28 12 28 15 9 21 16 27 23 27 28 17 16 22 12 14 21 13 26 21 22 18 19 13 16 19 12 40 13 37 32 27 27 24 24 13 8 2 14 7 22 24 27 24 40 15 14 20 38 16 6 16 13 29 25 21 15 36 12 28 22 19 11 20 29 37 22 32 11 18 25 25 24 20 37 27 26 12 36 20 25 24 19 15 33 21 29 28 11 30 30 26 27 27 16 34 19 29 11 
16 41 26 16 22 24 15 17 28 19 15 29 19 15 19 19 15 36 14 15 14 22 20 14 20 18 22 19 30 23 31 40 31 17 26 22 18 27 17 18 20 12 25 16 22 33 30 22 25 22 24 15 27 17 19 22 22 34 36 37 17 4 14 18 16 3 33 13 30 16 31 32 23 28 26 35 33 20 22 13 30 31 33 18 16 32 28 36 40 16 35 12 27 23 35 18 34 30 14 13 
17 25 43 32 6 18 20 19 31 19 19 34 11 24 29 12 12 34 15 43 26 38 19 26 18 26 17 21 40 15 25 34 24 16 23 32 13 23 19 15 33 19 27 29 22 10 26 16 33 21 18 23 21 8 22 32 26 13 33 21 25 19 16 11 19 17 29 15 28 20 22 34 31 23 27 24 17 14 29 36 12 22 14 21 16 23 19 9 18 17 26 18 26 11 26 12 19 13 16 16 
19 26 25 32 26 10 16 28 26 14 19 29 15 22 17 16 12 22 13 23 17 12 23 14 12 22 20 23 29 14 41 22 42 18 27 23 19 18 18 23 27 23 22 22 22 27 29 18 21 20 19 23 35 20 24 25 12 15 25 23 26 20 22 19 12 26 32 8 37 17 27 31 23 22 19 27 27 26 29 36 20 25 17 23 21 21 28 32 32 9 23 14 13 37 31 12 30 40 13 11 
24 14 34 24 16 25 14 13 17 18 18 43 17 14 24 15 20 26 15 25 24 32 31 13 14 20 23 11 38 12 31 39 23 18 28 33 13 22 22 24 16 21 28 16 26 34 26 15 26 30 17 19 40 14 25 31 26 24 40 37 33 15 14 23 15 42 43 11 25 7 18 27 28 21 26 29 42 14 26 31 26 14 30 22 13 36 17 34 23 10 25 10 21 33 22 12 11 24 24 34 
19 18 32 35 19 19 16 26 32 15 14 8 22 9 22 15 14 31 15 24 27 25 28 4 19 30 19 21 48 15 21 26 17 17 17 36 21 34 12 18 26 23 25 11 34 39 33 16 20 37 18 9 26 27 17 31 31 30 14 26 18 27 20 15 14 28 26 13 28 26 24 43 19 14 24 34 20 11 21 34 24 21 14 25 19 24 22 28 31 6 20 21 39 27 25 15 38 23 26 9 
15 36 39 29 17 19 12 26 15 12 22 33 20 15 22 13 20 23 20 27 22 35 35 25 19 24 24 16 34 13 25 26 29 12 24 33 15 25 16 24 27 19 39 21 31 19 31 11 17 22 22 17 32 20 18 27 17 22 23 11 21 27 7 14 9 27 31 15 25 19 11 34 25 32 15 28 38 11 21 35 12 21 15 16 23 23 18 38 27 15 37 19 18 31 20 14 35 27 19 20 
16 26 36 23 16 15 16 17 31 19 18 28 20 19 25 13 20 25 17 25 20 26 32 19 33 15 25 16 22 14 38 23 28 25 15 28 17 21 31 30 25 32 26 21 29 21 42 15 22 31 10 19 50 26 31 32 28 32 49 32 25 22 22 6 13 15 37 11 27 16 19 19 32 17 17 20 20 12 29 22 17 28 12 24 21 23 23 24 46 14 40 29 28 33 10 11 23 16 26 15 
14 32 41 34 22 22 9 35 23 5 13 7 27 12 21 13 11 26 16 25 24 16 37 17 11 21 33 19 34 10 31 49 20 25 12 17 17 16 25 19 29 24 22 24 25 25 27 11 17 30 21 19 33 27 22 29 31 24 25 21 25 19 20 12 20 22 24 23 25 10 17 29 26 31 21 22 24 10 26 21 19 17 11 8 15 19 27 31 29 16 32 13 28 33 27 12 27 30 20 21 
16 10 34 33 19 22 21 18 29 27 18 36 19 22 24 12 17 35 13 28 15 25 28 17 11 9 20 23 30 15 22 37 31 8 25 22 12 10 36 25 24 26 22 25 24 36 29 20 32 16 24 26 27 11 27 24 29 15 30 20 24 12 10 14 20 33 36 10 25 17 22 36 16 23 19 23 32 17 26 21 20 26 19 12 22 37 20 29 33 13 29 18 28 27 36 12 22 30 24 22 
17 20 41 29 19 15 14 31 21 17 19 10 21 22 30 18 13 7 19 34 23 27 23 24 11 26 31 16 35 17 29 37 24 24 8 26 18 22 29 22 36 17 29 22 22 28 19 9 29 41 25 21 40 13 29 21 26 23 27 16 37 12 1 13 23 36 27 22 33 12 16 26 23 23 27 43 30 13 24 22 11 32 13 22 22 26 33 24 31 23 30 16 23 28 28 12 34 12 6 30 
19 37 26 33 3 5 12 13 28 18 17 21 16 12 28 14 16 25 11 29 27 20 38 17 23 18 17 19 21 11 29 28 40 17 15 29 16 27 29 27 25 15 29 18 19 28 27 15 14 31 26 16 33 16 23 27 24 23 18 38 22 20 19 11 9 19 31 13 18 16 14 21 20 21 14 43 8 16 26 29 25 29 19 14 13 14 24 38 21 15 34 21 28 28 20 13 34 23 15 27 
25 27 30 22 19 14 14 20 20 22 25 21 17 17 21 7 11 26 15 36 18 31 17 17 19 21 31 18 34 20 32 25 21 22 14 28 22 9 27 27 22 23 24 19 30 30 28 16 31 21 21 18 35 9 24 25 28 33 39 11 20 16 14 11 19 23 39 19 16 19 23 33 34 18 22 25 31 11 33 39 21 13 26 16 13 27 21 24 41 15 31 22 22 16 29 17 32 27 29 24 
9 3 11 35 19 23 21 22 32 17 27 35 17 10 16 20 14 26 20 18 25 25 28 21 18 24 22 16 17 13 47 16 39 16 25 29 19 18 28 16 33 22 23 24 20 20 26 16 28 34 14 10 52 15 28 31 14 20 32 19 31 18 10 7 26 21 25 14 19 16 11 16 19 24 14 26 25 11 23 24 25 21 31 18 16 24 21 28 24 18 39 29 32 21 27 21 29 21 28 25 
19 18 53 21 15 22 18 20 23 7 26 11 13 12 16 19 15 37 12 26 26 26 16 9 18 26 12 27 36 17 20 37 40 20 18 28 21 17 15 23 33 31 23 21 21 32 28 11 23 41 23 22 28 18 22 27 26 27 26 30 31 22 19 8 23 28 27 17 32 16 23 27 23 19 24 34 20 25 24 39 21 21 8 19 18 20 42 35 38 9 21 10 30 20 20 17 26 24 22 23 
15 27 13 23 20 30 19 9 21 13 16 33 21 17 30 21 20 20 9 31 19 21 16 16 22 15 31 13 31 21 35 28 30 16 18 27 17 11 24 16 32 15 32 11 24 20 26 15 33 39 20 15 23 23 13 24 18 27 37 26 23 8 21 19 19 30 17 7 37 21 17 13 34 22 25 33 19 17 24 14 13 29 33 16 17 11 20 35 27 12 22 13 30 27 36 10 22 25 36 23 
26 21 44 29 10 20 15 26 26 26 25 12 28 16 13 26 14 31 19 33 25 29 30 20 19 13 26 17 23 17 23 31 14 12 27 37 11 8 22 22 26 24 21 20 41 34 18 14 24 29 20 16 43 15 21 27 13 30 12 28 21 30 25 11 17 29 41 31 26 22 22 25 24 21 18 27 40 27 23 25 28 23 16 11 19 40 26 21 28 14 23 11 29 32 19 12 20 9 23 15 
19 13 31 3 21 17 21 31 16 16 16 14 15 18 22 20 22 27 19 44 27 26 26 23 6 14 32 22 25 17 23 22 18 25 22 26 17 14 35 16 22 37 45 19 16 25 20 14 30 22 23 14 32 17 25 27 34 19 44 31 31 15 18 21 20 37 25 20 21 18 17 23 26 17 20 23 37 16 24 16 24 29 19 18 15 18 27 31 23 14 44 10 14 30 25 15 28 27 23 13 
19 18 36 36 21 17 16 20 20 18 16 19 26 22 28 8 18 29 21 32 29 25 16 20 11 17 18 18 20 19 28 29 37 12 21 32 29 15 33 26 32 18 19 13 36 52 29 19 27 12 16 22 33 23 25 22 40 37 31 22 14 25 10 12 28 35 25 10 28 12 30 28 22 13 16 26 18 21 30 40 19 18 20 18 11 20 31 30 34 15 23 25 20 30 29 20 29 22 25 20 
18 8 32 25 14 13 20 15 30 16 15 33 9 18 17 21 14 13 16 26 26 29 22 15 18 21 30 14 15 23 31 15 33 15 5 35 9 24 27 38 29 16 17 26 24 12 24 18 20 17 25 15 42 16 12 29 29 21 14 24 28 34 8 13 14 40 29 17 43 8 35 15 20 22 26 31 26 29 19 46 23 23 20 15 20 31 11 29 29 26 27 27 31 19 29 15 24 30 24 17 
26 40 30 37 23 23 21 28 18 21 28 33 21 19 14 18 20 25 11 30 22 14 20 20 20 13 12 23 21 15 28 22 45 20 20 21 20 24 34 26 18 19 25 23 13 36 28 14 35 33 19 18 27 17 23 20 28 23 19 23 26 14 25 14 12 18 26 10 23 16 29 25 25 11 18 39 30 16 31 46 23 25 23 21 12 23 15 30 30 14 32 14 19 32 30 4 25 26 23 11 
15 20 32 25 25 9 18 26 20 19 17 22 12 16 27 20 18 27 23 30 26 20 35 21 11 20 27 7 29 20 32 33 17 25 26 34 18 34 20 15 25 28 19 20 29 15 27 9 29 25 19 17 33 20 16 24 31 16 26 40 11 16 18 18 23 29 30 16 26 29 21 26 27 20 27 29 35 21 19 40 14 11 25 24 18 31 19 16 40 19 13 19 33 22 22 14 33 16 12 31 
22 26 41 26 9 14 13 15 25 14 31 30 18 14 16 17 14 30 18 19 18 34 34 11 10 15 21 23 32 14 16 33 38 22 28 37 25 18 20 26 5 28 29 18 16 36 15 22 26 28 20 17 37 22 30 31 20 29 27 21 25 25 25 15 24 37 41 15 15 23 13 17 25 24 32 30 33 24 20 30 18 28 14 20 13 16 31 30 24 11 38 15 40 36 39 12 15 30 14 22 
27 24 27 24 13 8 16 20 21 15 13 37 26 21 21 18 18 25 18 27 17 13 17 22 18 24 22 22 37 15 26 35 25 23 27 34 19 20 21 23 29 28 19 26 25 25 32 16 17 34 28 21 42 26 30 36 25 16 44 18 29 29 26 9 25 24 28 19 24 25 17 25 12 27 19 23 30 19 49 31 18 20 25 24 18 14 29 18 14 20 21 21 32 27 20 13 34 28 14 22 
16 31 29 18 13 14 18 17 28 17 14 26 24 16 21 17 11 36 12 29 23 32 24 13 14 13 19 15 19 15 27 50 18 28 18 17 27 15 35 20 19 23 27 12 13 26 29 20 29 28 13 23 35 18 20 44 13 25 30 20 22 23 20 11 20 37 34 18 19 14 17 22 38 14 20 26 20 17 33 31 19 32 14 25 18 20 34 36 23 16 21 11 32 39 33 13 13 25 16 20 
14 19 29 36 19 15 16 18 16 23 22 30 17 15 20 17 22 43 20 40 25 19 21 20 16 17 21 15 35 8 24 16 44 32 21 28 23 26 22 16 22 15 39 25 23 20 33 13 33 25 23 17 33 22 28 28 18 37 16 15 15 33 15 18 16 26 32 12 43 17 20 32 28 30 19 29 35 15 25 18 28 26 16 14 16 27 35 29 20 16 19 24 20 36 26 17 37 24 11 12 
17 32 37 28 15 25 18 27 23 18 26 38 21 14 23 18 10 33 12 37 17 33 26 24 9 19 21 18 24 15 23 23 25 13 26 27 22 22 40 15 39 29 20 20 21 30 30 13 34 21 11 14 32 20 20 23 31 26 26 25 25 29 12 16 13 24 21 16 17 17 24 35 36 26 26 29 15 16 32 40 27 21 18 21 9 26 22 17 12 20 22 19 26 42 21 13 18 28 26 25 
12 16 23 25 14 18 14 20 27 11 17 18 16 11 33 14 14 28 10 13 24 16 28 18 14 20 18 13 35 17 39 30 38 30 21 13 25 19 30 24 24 18 30 24 25 18 18 16 26 33 15 22 27 22 18 24 19 20 20 31 29 23 19 6 22 32 38 16 39 18 14 13 24 20 17 32 26 24 3 30 25 24 24 19 20 28 17 38 19 12 39 19 32 29 22 17 27 16 25 15 
20 28 35 29 21 9 12 21 22 15 19 36 16 21 24 12 13 22 9 32 29 30 28 22 18 24 24 21 40 18 34 25 18 23 16 31 20 29 24 30 39 23 27 26 28 26 33 17 10 29 29 17 37 20 20 27 26 24 25 27 24 17 20 19 11 40 31 16 22 18 17 32 36 4 22 25 29 25 17 18 18 23 10 21 15 30 37 25 30 9 20 15 32 45 17 17 21 26 26 22 
14 22 33 31 19 20 15 17 22 26 19 42 19 13 17 12 14 32 8 47 25 27 43 7 22 13 31 23 19 22 28 26 12 30 17 23 18 21 31 24 26 29 21 34 33 34 23 12 32 27 18 16 35 7 29 15 27 19 32 24 29 20 10 24 10 29 27 18 35 13 22 33 30 28 11 18 24 19 33 32 18 23 28 30 11 33 18 25 28 26 31 9 18 6 27 17 23 32 24 28 
21 22 50 41 19 11 14 33 14 13 12 33 29 21 12 11 15 25 15 35 15 23 19 11 23 25 30 20 24 12 34 28 25 24 20 30 15 18 23 19 31 21 22 14 33 32 31 15 28 22 26 23 10 14 28 18 19 28 35 15 26 21 18 21 15 35 13 14 29 15 17 17 6 25 19 11 25 32 24 31 22 13 8 19 14 34 25 14 36 31 16 30 9 34 18 18 30 32 34 16 
13 24 24 20 18 17 17 21 22 27 27 31 16 14 22 14 15 30 12 46 33 23 27 20 18 26 26 25 21 7 27 26 33 22 19 20 15 16 15 15 20 35 19 21 32 27 18 18 17 38 35 17 21 25 23 28 24 29 20 34 25 30 18 12 26 26 24 16 23 10 23 25 32 34 16 32 31 12 30 29 20 18 28 19 15 40 37 35 39 16 17 10 16 36 19 5 27 15 24 24 
21 18 58 19 16 12 14 22 25 23 10 29 30 13 20 11 13 20 22 27 23 23 23 16 13 19 22 14 24 21 14 23 26 28 20 34 21 7 26 18 25 25 34 24 16 40 21 10 22 35 23 18 38 18 24 30 21 15 28 18 4 29 9 23 28 20 22 20 21 25 28 21 18 29 20 26 21 21 24 22 21 22 19 22 20 40 34 19 20 27 29 16 15 19 29 8 26 33 27 14 
19 26 19 28 14 22 17 11 29 20 17 35 28 15 25 16 13 37 14 43 22 12 22 22 21 18 28 28 23 13 26 20 22 13 16 24 20 13 27 13 24 32 23 18 23 29 25 13 34 30 17 8 48 20 20 33 26 24 6 24 20 30 11 13 9 30 37 22 32 15 28 22 28 18 25 30 17 26 20 29 16 14 14 23 17 35 35 24 32 9 31 13 17 37 29 18 25 30 16 23 
23 20 26 2 12 24 21 18 25 17 25 43 23 23 33 15 13 28 13 37 26 33 7 23 17 17 22 18 19 12 17 27 45 10 18 30 16 25 20 19 17 14 24 28 25 42 19 6 32 40 20 14 33 10 23 20 29 23 16 15 25 10 17 17 13 17 30 18 49 10 15 38 33 20 26 23 29 25 16 35 16 20 16 20 17 35 27 28 27 11 27 20 27 29 30 9 25 19 28 8 
11 24 22 31 11 6 18 17 28 16 13 14 9 11 20 17 12 17 17 24 21 27 20 12 9 14 22 11 23 15 24 32 28 25 20 26 22 26 18 21 33 27 20 23 29 26 24 16 28 35 13 10 33 10 23 34 26 32 24 15 29 19 19 14 15 33 47 19 28 14 19 30 24 25 30 34 26 14 25 37 25 15 28 24 19 25 16 15 50 13 33 24 26 15 27 6 31 11 30 16 
19 16 46 22 15 17 10 20 22 19 13 13 16 17 26 16 16 31 18 34 16 27 34 10 13 21 32 6 26 26 21 31 27 19 17 35 18 29 17 17 12 25 25 9 30 27 16 8 21 28 18 23 32 20 33 19 23 27 33 18 35 22 25 21 24 37 18 17 43 10 19 22 36 29 20 28 29 24 22 38 36 22 8 32 9 28 21 28 30 20 23 15 17 41 24 12 30 21 8 26 
16 21 42 16 17 23 17 13 27 22 28 44 15 12 28 21 17 19 19 27 28 26 32 11 27 10 19 21 26 16 29 30 33 19 15 22 26 25 28 21 24 21 38 25 27 24 34 12 17 17 24 13 23 22 18 8 32 24 30 31 19 10 22 14 21 29 39 20 16 20 23 17 16 34 26 31 34 32 11 32 19 19 20 20 17 16 36 36 34 8 17 24 20 25 18 23 24 30 9 22 
18 24 37 35 18 21 19 14 20 19 17 29 12 11 19 18 20 17 14 34 24 21 28 16 29 12 23 18 29 15 29 25 35 17 25 34 18 16 23 37 24 27 19 27 27 24 33 14 26 34 17 17 40 22 33 27 46 16 25 32 23 16 15 14 14 20 38 18 28 18 13 23 25 17 38 23 20 25 14 13 18 18 21 14 13 26 40 23 50 15 36 15 26 36 26 12 29 24 14 21 
12 8 23 45 14 16 18 18 23 13 21 31 17 18 26 13 17 24 12 38 17 25 21 24 7 22 20 14 35 23 28 37 31 16 23 49 9 31 12 21 27 17 22 20 19 33 17 18 26 31 29 16 28 16 20 34 29 22 7 33 35 13 18 14 16 37 17 14 19 12 11 32 26 22 22 20 35 14 17 21 2 19 9 17 13 34 19 36 25 12 32 16 16 32 29 24 19 25 19 38 
13 28 53 29 19 20 22 31 15 21 22 18 18 14 21 12 24 29 16 14 15 9 40 21 19 21 20 15 37 9 42 22 37 23 18 22 15 15 30 24 44 12 26 26 24 16 36 13 25 30 27 16 21 24 34 26 30 17 34 34 34 12 16 14 14 19 13 13 35 17 25 26 21 27 15 13 39 18 30 17 30 22 28 16 20 34 24 15 33 16 20 14 35 23 18 17 20 7 11 17 
14 28 18 17 17 13 17 18 25 17 23 37 13 13 14 11 18 35 15 30 28 29 28 13 14 13 25 15 35 17 16 42 35 23 21 38 21 29 24 25 17 25 28 24 36 45 23 12 26 27 29 14 29 24 28 13 21 23 29 25 22 27 14 25 26 42 30 9 34 19 17 31 18 25 10 24 27 20 20 26 18 27 18 22 14 30 36 12 28 19 27 25 26 27 24 15 30 25 9 16 
18 21 32 42 19 12 16 20 28 9 20 23 24 22 16 15 19 20 12 29 33 12 34 24 18 23 20 26 33 23 39 9 41 12 12 39 19 16 22 29 17 18 14 5 25 33 28 20 16 28 26 21 32 19 21 25 31 22 38 26 22 15 13 23 23 41 24 19 29 20 17 36 21 18 21 22 21 23 17 39 7 17 15 14 9 20 29 30 45 21 18 7 17 14 33 12 23 16 12 18 
22 25 47 19 13 19 23 16 17 21 25 48 28 15 24 15 11 26 16 23 23 17 11 8 21 18 20 16 40 12 28 42 41 22 25 28 20 31 20 21 36 26 30 19 35 15 22 15 21 34 14 30 35 23 24 24 20 18 32 24 23 29 14 20 13 34 18 19 26 17 16 20 30 12 21 31 30 26 22 29 13 23 24 17 11 33 27 37 32 12 16 16 40 27 21 20 22 13 19 31 
8 12 36 34 17 26 23 16 17 17 29 21 26 15 22 18 15 38 14 19 22 23 27 21 20 21 18 22 35 14 32 16 33 10 16 14 25 22 28 22 29 23 28 23 27 28 21 8 28 51 23 11 37 16 17 17 26 28 37 32 24 25 16 16 23 43 28 16 33 17 29 25 18 25 22 24 29 32 27 14 25 25 9 14 9 22 26 20 14 15 31 16 17 15 29 17 11 30 18 18 
23 33 27 19 18 9 18 15 16 20 6 34 11 21 25 18 11 19 14 12 25 21 25 22 14 21 29 9 30 7 14 35 22 22 26 25 18 36 41 24 35 22 30 21 18 33 21 18 27 34 27 13 18 23 30 24 21 18 29 42 23 27 17 23 20 40 12 14 24 16 20 20 30 28 24 41 26 17 24 44 29 18 26 25 24 43 25 18 24 21 21 16 26 30 28 21 26 24 15 22 
15 32 38 22 9 20 19 21 19 7 14 34 20 17 18 14 13 29 23 13 37 26 23 18 19 9 21 21 30 12 22 28 19 6 11 30 14 28 26 11 36 25 24 19 18 32 19 15 24 26 20 9 26 14 20 13 16 17 30 21 13 21 23 14 17 38 41 16 22 9 14 16 22 23 20 32 38 17 28 35 6 29 29 25 14 23 16 25 19 13 32 21 23 27 40 18 39 27 19 12 
18 20 29 28 20 18 21 28 22 29 17 28 21 17 18 19 14 32 14 14 28 35 19 8 15 10 23 21 32 13 29 33 28 20 27 23 12 23 24 26 21 18 35 24 33 23 32 13 32 13 21 20 38 20 20 31 27 30 19 16 16 33 26 21 23 34 22 11 45 17 19 22 28 27 15 21 30 22 15 42 28 23 25 18 16 24 27 33 42 10 35 20 33 24 30 15 22 21 28 33 
15 30 32 28 21 14 13 23 29 6 15 15 26 15 24 17 19 39 13 20 25 18 21 15 22 26 16 13 35 19 28 22 36 11 25 39 19 24 26 30 35 35 39 19 21 28 24 15 18 22 18 11 37 15 23 14 10 18 28 28 19 17 22 14 24 26 23 26 27 19 29 25 19 31 7 9 37 8 19 32 26 18 16 18 9 17 27 19 18 15 26 25 36 8 28 17 36 13 26 18 
18 26 25 35 21 22 18 19 19 20 18 25 32 15 14 19 16 27 8 15 27 29 20 25 21 24 27 23 28 15 24 19 40 19 24 34 34 26 29 21 35 24 30 15 34 26 25 14 18 26 17 16 34 12 33 27 20 14 38 17 13 22 25 15 22 36 31 7 19 16 25 30 26 23 17 32 16 17 35 20 26 25 18 18 11 22 31 16 34 5 45 14 38 19 19 16 41 20 26 35 
22 17 30 41 17 11 10 23 27 15 3 19 16 11 27 14 19 30 12 34 16 29 31 18 16 17 23 21 28 10 23 27 24 17 16 31 18 20 37 27 43 45 24 12 27 33 18 19 28 37 22 25 18 20 27 24 31 41 16 33 17 28 21 11 17 34 42 22 39 16 26 36 27 19 19 24 35 24 23 31 30 19 17 24 13 37 18 33 21 11 38 13 29 26 28 14 24 22 20 22 
13 8 29 31 19 23 11 20 20 14 15 22 27 13 20 15 24 43 9 39 36 20 20 17 14 18 22 24 35 21 44 43 27 21 22 34 20 22 24 19 20 24 55 26 8 42 18 19 20 41 24 19 22 25 22 18 25 33 45 24 21 19 17 14 20 17 23 15 37 16 16 18 9 12 26 30 36 28 17 20 16 31 14 14 23 25 17 22 23 18 17 29 22 24 11 14 24 25 18 29 
28 22 30 27 13 13 19 25 23 13 18 30 11 13 11 20 18 23 11 32 13 30 24 13 30 18 19 21 14 11 41 21 41 9 20 35 13 15 21 31 30 23 20 24 16 20 22 13 24 32 17 5 30 12 23 26 17 31 32 29 16 21 18 20 23 29 21 12 34 17 24 22 18 29 16 32 27 23 15 17 17 19 17 13 16 14 17 33 12 16 39 17 41 14 26 22 26 26 9 16 
16 25 16 29 20 10 18 15 19 19 17 19 30 15 30 13 13 30 15 27 18 30 21 26 26 7 8 13 12 12 31 49 22 19 19 22 18 22 16 25 32 24 13 20 22 31 29 16 29 31 27 19 24 21 27 27 26 30 38 23 20 24 13 22 14 22 42 10 30 19 19 22 27 19 22 33 37 26 28 41 27 15 13 31 18 21 9 33 23 25 25 23 24 33 21 3 38 30 17 25 
19 23 46 26 25 14 22 19 25 16 23 16 22 20 14 13 13 24 8 31 31 40 20 17 20 14 19 19 28 15 21 36 50 20 24 40 14 18 26 27 29 22 31 16 18 17 26 21 25 31 19 10 34 22 12 34 20 16 27 28 21 21 22 14 23 37 35 14 17 18 20 29 24 25 20 32 25 17 32 22 21 22 25 18 20 30 26 26 39 18 21 22 31 27 24 15 28 28 14 20 
16 21 29 34 18 16 13 19 20 16 24 19 9 14 18 10 11 29 16 21 20 14 19 11 21 18 18 14 31 14 25 14 36 18 16 15 17 15 8 26 27 18 25 24 21 25 28 17 12 31 34 10 21 15 28 11 36 27 29 32 25 24 14 17 19 26 32 12 33 15 24 16 29 18 22 30 17 19 30 34 17 13 22 25 15 21 22 16 29 18 29 23 18 47 37 16 48 24 9 15 
15 21 39 20 15 10 17 21 24 22 24 18 17 13 13 15 15 26 10 25 22 21 23 15 13 20 26 13 32 19 29 28 32 19 21 28 22 23 32 14 27 31 22 21 15 26 22 18 16 26 33 25 28 13 18 26 30 18 33 30 22 17 21 16 15 28 36 18 37 16 23 34 19 17 17 23 46 14 14 25 29 28 16 17 17 28 26 26 37 13 20 24 37 32 37 14 3 34 23 14 
19 22 34 33 24 12 15 21 25 12 25 2 13 17 20 14 12 20 13 18 26 27 26 17 16 20 22 28 22 16 18 28 36 9 19 27 27 8 22 14 35 15 19 17 17 46 17 15 32 28 12 21 34 22 17 33 31 32 41 30 17 22 19 13 15 32 16 7 32 17 12 21 13 25 25 41 26 11 22 15 24 18 25 19 15 30 27 22 31 10 23 25 5 35 38 5 24 34 16 24 
10 31 36 16 17 20 8 28 21 10 12 15 12 21 24 13 13 35 21 25 15 30 27 14 21 31 21 25 42 17 23 19 43 16 15 28 14 17 29 26 35 22 20 13 30 34 21 13 17 19 18 20 33 24 25 27 19 14 10 39 13 35 18 24 22 23 34 23 33 9 23 13 31 29 19 30 8 14 39 28 24 20 18 18 17 34 34 31 53 16 36 10 31 27 20 21 22 11 26 22 
8 24 32 25 24 11 21 14 27 16 16 28 22 21 25 20 16 22 19 41 23 23 24 13 19 12 24 18 13 20 35 29 36 18 25 28 19 15 29 17 25 18 22 27 22 22 20 15 25 28 20 9 48 15 19 22 25 31 28 17 13 20 17 21 15 25 32 17 24 11 23 32 33 34 19 14 23 28 22 32 17 19 23 23 20 15 24 32 33 19 36 15 23 22 27 12 36 22 33 5 
20 28 39 25 16 15 12 28 19 5 16 27 20 8 19 12 21 27 12 22 26 21 23 17 12 18 27 16 35 10 28 26 28 22 26 43 25 30 34 18 22 17 22 33 14 28 29 12 27 39 26 24 21 16 17 21 21 17 31 36 26 14 26 18 21 34 13 22 22 14 22 37 11 12 8 10 27 15 22 40 24 19 17 16 18 32 15 37 37 20 30 23 14 25 38 14 22 26 27 21 
20 24 42 30 9 13 10 30 25 21 19 25 27 16 30 17 13 25 20 26 17 28 34 22 21 21 27 12 41 15 32 26 17 23 11 27 9 18 18 30 19 24 21 11 21 26 25 13 25 27 24 19 39 12 18 22 8 36 27 35 35 19 20 20 24 29 50 12 18 16 20 30 20 21 23 29 35 31 12 42 40 20 11 18 23 28 26 25 40 12 30 28 35 24 36 16 27 14 30 18 
21 29 37 36 15 13 17 21 20 26 23 27 22 16 22 25 17 38 12 28 26 34 31 14 18 22 27 19 48 19 25 41 36 23 21 31 22 26 38 26 18 19 42 29 33 26 24 14 31 25 12 15 31 21 33 27 21 20 24 30 10 12 17 14 22 35 25 21 29 15 7 35 23 24 10 41 37 14 23 44 22 26 25 20 13 27 29 24 23 17 26 24 37 42 19 7 23 28 7 22 
25 14 11 30 9 10 15 20 21 16 15 42 12 21 13 18 12 34 19 40 19 23 20 9 25 19 36 25 41 12 38 27 25 20 31 35 13 26 15 19 26 18 17 22 20 26 23 12 22 32 20 26 11 21 25 29 19 21 22 11 23 29 17 9 21 18 31 20 35 19 22 29 25 14 17 23 23 22 17 29 14 12 26 20 19 25 28 25 46 22 31 18 43 28 31 13 37 27 25 29 
8 29 21 32 10 16 16 21 30 19 28 29 12 17 26 14 10 13 17 31 18 30 31 15 22 14 20 16 24 20 22 33 41 27 13 22 17 21 16 15 20 15 26 25 25 29 27 18 30 31 9 18 19 20 14 27 25 27 40 27 30 24 22 12 14 31 25 14 24 19 25 27 22 21 22 31 21 31 16 34 11 16 26 20 20 32 17 33 37 16 21 27 33 41 38 9 19 30 17 22 
29 29 30 15 17 17 14 15 18 21 15 32 20 16 22 9 12 24 10 28 19 28 33 14 21 11 29 19 36 15 25 30 40 25 27 31 10 20 31 24 17 30 28 23 19 30 9 14 36 25 24 20 36 26 23 17 20 27 21 27 29 27 15 15 11 32 25 13 22 15 25 27 8 10 27 28 16 22 31 40 31 18 15 18 12 36 23 25 29 15 40 19 16 19 21 12 14 22 17 22 
13 14 29 28 23 13 18 20 28 22 20 9 24 19 30 17 16 23 18 31 23 10 21 16 18 24 20 13 39 14 37 28 16 18 24 37 10 24 26 24 16 23 21 26 15 29 24 15 23 30 23 23 25 19 33 22 14 28 36 39 26 19 21 23 12 21 25 24 21 14 6 33 31 18 23 39 28 29 26 34 17 10 12 19 25 23 24 5 12 13 26 22 32 11 32 12 21 25 24 28 
19 27 28 36 23 13 12 26 32 15 23 39 16 14 20 15 14 25 12 33 20 27 29 17 13 11 22 13 34 17 32 19 25 13 15 38 16 21 21 23 21 13 27 22 18 21 31 6 28 37 18 10 20 28 22 30 29 20 12 34 11 5 17 17 30 29 36 12 18 13 26 35 18 13 20 40 17 23 22 34 22 14 33 18 11 32 27 44 29 23 34 18 28 33 24 13 23 21 21 25 
14 33 47 22 11 15 12 28 21 19 14 22 29 14 17 15 10 17 5 41 15 23 33 19 13 26 26 20 40 17 39 41 31 20 23 42 9 23 27 13 23 30 28 23 26 32 35 15 30 45 27 15 41 25 26 25 26 16 34 33 19 25 19 16 13 37 25 17 33 14 28 25 26 15 24 31 39 27 27 33 22 18 24 16 20 18 25 40 23 18 41 16 24 18 24 8 27 23 21 20 
28 25 31 21 25 12 6 26 28 12 22 27 24 17 12 11 6 14 15 35 33 34 28 8 18 20 22 13 31 12 14 41 35 24 26 41 18 12 9 26 19 23 26 19 26 45 31 17 22 28 15 19 14 15 17 24 27 29 37 16 24 15 22 16 17 31 37 11 17 19 23 28 28 26 12 16 25 17 25 34 23 20 11 14 16 12 23 18 21 14 23 20 25 24 35 17 28 29 22 37 
6 23 28 29 14 24 16 22 26 11 16 46 23 18 28 8 14 33 9 15 29 26 8 20 12 26 23 13 33 23 31 27 46 18 14 26 24 23 25 18 28 19 20 21 30 29 28 13 28 30 19 21 28 20 27 16 20 27 32 45 25 14 21 18 23 23 26 21 25 15 32 33 31 16 23 25 28 33 24 17 23 14 19 17 19 27 30 32 43 23 28 21 30 26 21 8 15 19 27 29 
15 17 29 40 17 10 15 28 21 11 13 47 23 18 18 7 13 36 13 17 27 9 32 21 19 12 27 12 22 20 36 21 32 24 28 38 19 20 16 23 31 31 27 17 34 27 21 10 36 34 12 18 24 13 25 22 18 27 35 22 22 27 17 17 16 44 18 16 27 14 18 28 34 24 24 11 30 21 29 55 21 18 11 17 15 15 22 25 34 14 22 18 17 19 30 20 36 32 28 25 
15 23 36 31 19 17 18 18 25 16 17 21 32 14 31 14 13 22 12 31 7 25 34 10 26 13 28 22 23 16 22 45 39 19 20 36 17 18 31 30 31 23 23 21 20 25 30 17 20 37 15 21 36 18 31 34 19 19 38 32 28 13 19 16 19 46 17 25 33 25 26 25 38 24 17 17 21 14 29 40 22 28 26 21 20 29 37 18 39 22 24 13 25 34 33 17 36 14 13 11 
12 15 26 25 21 14 15 22 21 14 17 19 22 20 13 14 11 26 12 30 15 22 20 13 12 13 21 17 32 18 25 20 31 25 26 40 23 21 46 24 29 21 29 23 25 29 24 10 16 34 23 21 15 19 14 28 28 23 26 21 18 18 22 15 27 36 29 16 41 15 15 26 17 27 8 39 22 18 27 25 20 20 19 14 17 36 42 34 36 19 31 22 35 22 23 18 17 20 17 23 
12 25 35 32 15 16 12 27 20 16 13 29 13 20 26 18 20 27 12 13 14 25 24 16 16 19 9 18 53 17 28 16 30 26 20 30 16 22 15 26 33 21 26 21 34 32 37 9 29 37 21 20 36 26 23 22 18 29 33 14 29 10 18 14 14 36 35 22 37 17 15 23 15 14 26 27 34 19 23 41 18 20 9 23 17 23 31 25 34 26 26 21 27 35 36 18 29 12 22 27 
26 21 40 30 16 16 6 12 23 20 17 23 13 16 23 12 17 28 28 24 28 25 9 16 12 18 17 14 27 20 36 20 34 8 22 41 24 14 25 23 27 28 26 29 28 22 27 16 10 28 26 12 41 12 13 18 15 27 29 25 20 13 11 15 13 34 46 15 21 13 22 29 30 31 24 28 24 30 31 43 23 20 26 30 8 17 30 18 16 17 20 15 6 24 10 12 33 14 23 21 
22 28 41 30 19 8 15 26 20 18 26 18 31 16 17 18 17 29 20 28 23 20 30 15 21 16 20 26 21 9 30 17 41 25 28 31 15 26 23 17 31 26 34 26 28 26 19 10 27 33 26 20 16 12 41 19 33 29 28 27 18 24 20 14 28 32 21 20 41 22 14 27 22 23 23 40 29 29 21 21 25 25 17 19 17 30 16 45 20 20 19 21 38 27 51 13 21 28 12 21 
21 19 37 25 23 16 6 21 26 13 11 33 21 16 25 15 18 31 18 36 17 22 26 18 33 14 21 11 45 17 21 30 22 14 19 26 25 16 37 19 23 16 24 22 31 16 35 12 9 29 30 14 30 21 26 25 23 22 28 23 32 19 25 13 13 18 38 13 18 14 10 21 24 25 12 22 18 18 34 36 26 22 9 13 16 26 18 35 43 20 20 25 20 18 25 9 32 24 17 25 
19 29 35 24 19 22 26 17 23 7 27 25 5 18 27 18 20 35 15 33 20 25 23 12 12 19 20 18 33 17 24 37 21 22 7 41 18 14 22 23 31 34 25 20 25 26 18 13 22 36 21 25 44 17 29 23 20 23 24 22 30 18 15 21 22 23 32 21 23 14 31 30 12 18 22 27 18 27 13 25 27 26 17 20 12 24 22 33 40 10 18 19 11 20 13 13 3 21 18 15 
21 34 29 24 17 17 13 19 20 18 13 18 30 19 19 20 18 25 16 31 13 23 25 19 17 23 22 12 28 8 36 19 43 27 29 34 22 26 7 18 27 27 19 20 31 11 27 14 35 31 21 18 34 14 34 41 28 24 13 6 31 17 18 13 25 27 19 26 38 17 17 27 30 36 27 15 25 12 23 29 16 28 16 8 5 28 29 30 26 12 26 18 16 23 29 10 34 25 23 16 
19 30 23 33 24 17 10 22 20 20 18 28 22 18 16 14 18 38 13 17 15 20 28 21 14 12 17 18 19 23 17 37 24 20 25 31 32 18 25 20 27 17 10 16 32 27 23 12 26 40 26 14 38 11 20 29 21 32 27 38 36 21 22 9 19 30 37 17 22 24 20 22 26 22 14 28 30 26 45 27 27 24 18 20 18 37 40 34 22 24 21 17 32 26 36 19 31 26 21 26 
12 18 30 33 23 19 14 18 23 21 25 24 30 15 24 9 9 39 9 23 22 29 21 11 16 21 21 17 24 17 35 21 27 31 23 44 20 14 20 28 25 31 22 26 39 17 23 18 24 29 22 33 24 26 20 28 25 22 28 29 21 17 16 21 27 27 34 22 28 18 27 36 33 25 25 33 31 24 36 32 23 23 25 19 18 28 21 27 38 18 23 19 27 26 37 20 34 21 11 33 
13 25 24 38 18 12 15 22 17 23 18 19 22 21 22 24 16 36 12 14 17 17 29 15 13 20 12 14 26 17 35 33 21 24 19 38 26 12 14 25 22 20 18 24 25 33 21 19 20 27 19 17 19 25 26 23 18 19 27 32 25 21 14 16 23 30 27 26 15 17 23 26 22 22 15 44 29 28 21 33 9 21 14 24 24 42 18 39 8 29 37 25 21 30 28 11 34 14 21 15 
18 23 31 18 12 22 12 19 16 7 28 35 18 18 19 16 20 43 10 28 27 25 28 24 13 15 15 23 34 16 24 32 24 22 12 33 9 18 26 8 20 21 41 15 24 18 29 15 22 43 14 19 33 24 18 31 24 32 26 32 18 18 17 16 26 25 24 18 22 15 18 36 23 15 27 37 31 21 19 36 21 25 13 20 14 38 23 28 24 18 40 19 18 23 31 14 19 24 9 24 
19 17 42 37 18 19 16 13 15 17 19 28 17 17 26 17 11 17 18 34 9 22 21 22 13 15 23 26 34 19 38 23 40 11 19 28 22 8 15 13 11 38 41 23 9 20 23 11 19 27 24 20 27 24 29 33 34 12 35 40 28 36 23 12 17 32 22 18 23 25 19 35 37 15 16 25 22 19 22 15 22 34 25 24 21 27 35 38 35 15 11 25 36 25 19 18 31 26 21 21 
19 28 32 27 9 29 17 26 28 15 20 23 23 15 30 15 15 31 18 19 16 14 23 17 16 13 18 9 34 24 29 31 36 14 23 33 14 23 28 31 27 19 35 28 19 29 22 23 17 27 25 15 39 24 16 22 13 34 39 21 36 36 8 13 25 16 26 18 22 19 21 39 25 22 24 49 33 35 35 21 16 28 17 23 16 15 22 30 25 23 14 16 24 20 44 15 30 28 12 18 
23 25 41 32 17 19 11 21 21 15 19 13 15 16 24 10 15 31 17 22 28 19 30 18 28 26 29 17 36 15 31 16 31 18 12 23 16 19 24 15 29 25 20 18 24 23 35 10 21 21 16 11 36 18 19 20 23 33 32 33 24 23 12 15 21 27 39 28 38 18 18 27 15 13 14 17 14 29 38 24 31 19 17 10 15 18 23 33 19 19 26 24 29 19 29 15 25 21 19 24 
18 19 30 27 20 14 17 17 29 15 15 15 27 19 25 15 23 26 11 25 24 25 31 16 16 9 26 26 41 21 32 31 38 22 16 16 19 16 32 21 28 16 20 20 19 24 38 15 28 33 20 23 23 21 28 28 36 24 28 21 15 26 11 12 24 35 28 19 23 15 29 35 23 17 17 25 18 17 36 32 27 26 16 16 19 16 22 40 21 21 32 22 23 28 24 19 31 24 17 10 
20 32 38 21 17 25 25 24 20 16 31 45 24 13 20 10 16 20 16 25 28 17 26 25 5 17 24 22 27 25 26 22 15 13 22 20 17 15 21 28 16 25 28 19 33 29 16 21 24 36 28 22 8 13 21 33 19 32 32 12 32 16 14 18 19 21 37 14 21 19 11 26 10 5 33 26 30 23 16 26 13 31 20 14 15 36 16 21 31 14 25 24 27 26 30 21 35 14 17 16 
16 31 37 39 12 18 20 24 21 16 16 36 17 18 15 19 15 26 16 27 19 28 19 12 22 22 24 15 28 17 26 15 6 15 37 26 15 21 34 22 37 21 29 14 13 32 25 13 30 23 13 10 24 25 26 28 27 26 27 31 27 24 18 15 14 38 36 10 38 26 30 24 37 19 20 34 25 10 21 40 19 22 24 12 22 26 35 29 33 19 24 8 33 36 22 15 31 29 25 19 
24 18 40 34 21 15 21 21 24 19 18 26 17 13 17 15 16 34 13 27 25 22 26 18 16 19 17 16 21 22 35 31 39 19 18 30 14 8 31 19 27 25 26 22 28 32 19 19 25 22 8 9 33 13 22 24 14 17 20 16 15 21 20 17 19 31 35 19 29 13 27 30 34 21 46 21 6 26 22 9 18 27 21 16 11 44 22 16 33 18 34 15 25 24 14 7 39 21 5 17 
16 20 29 39 10 13 16 25 18 5 21 36 17 15 23 17 20 39 17 28 17 15 28 19 29 15 28 14 26 18 34 27 34 21 15 19 18 22 26 21 16 23 35 21 19 28 32 21 18 23 14 23 40 21 21 21 29 31 28 12 20 18 19 16 23 22 22 13 45 14 21 27 31 24 15 37 18 30 32 21 21 31 12 19 10 37 22 21 24 21 13 23 13 36 26 16 36 32 20 17 
18 28 34 35 16 21 16 23 30 16 16 48 26 18 13 17 12 27 18 23 28 18 30 20 17 8 29 21 26 12 38 28 54 10 24 44 19 14 29 22 32 18 29 16 35 40 26 19 24 26 22 15 46 25 26 18 37 34 16 29 20 19 14 18 19 15 23 25 25 27 22 26 13 20 19 29 33 29 22 22 28 11 15 25 9 6 22 35 43 9 21 15 28 23 9 11 23 22 36 27 
27 31 42 34 26 16 16 20 28 15 27 19 27 17 35 13 23 35 12 39 22 19 32 22 12 20 31 12 42 18 17 40 11 26 22 20 12 31 15 16 31 17 25 19 11 43 26 21 24 29 31 18 18 16 23 29 27 31 31 23 23 19 15 22 28 20 24 17 32 14 22 8 24 16 14 6 12 23 12 12 20 35 18 25 16 43 37 25 15 12 28 21 30 21 16 14 39 21 17 22 
19 23 47 32 6 9 14 18 27 12 15 26 25 15 15 10 14 28 15 16 20 30 20 24 13 14 26 19 43 13 46 33 23 25 25 30 20 18 27 20 16 26 20 16 23 19 29 15 31 28 27 11 21 9 18 8 31 30 44 42 12 19 13 15 24 21 27 18 27 19 23 24 14 22 16 32 21 26 24 33 20 24 25 21 17 34 15 26 33 24 27 17 30 20 17 14 24 23 32 21 
24 25 35 30 8 12 18 20 25 22 21 28 40 16 15 22 12 29 11 31 18 26 36 25 21 15 22 13 28 13 34 41 29 19 38 43 29 17 21 20 24 24 31 25 23 40 24 3 24 28 20 16 25 20 31 24 26 29 30 17 20 8 14 19 20 34 41 10 34 23 24 12 31 12 25 30 28 16 25 31 15 21 20 30 16 39 15 35 19 17 17 20 33 21 27 13 48 23 15 23 
10 22 48 26 17 6 12 24 30 11 25 14 16 17 20 10 16 21 21 11 28 15 21 20 17 19 29 18 32 14 30 10 38 16 21 37 18 25 26 16 19 26 24 31 27 11 22 16 19 27 18 15 20 23 22 20 17 23 22 29 16 16 17 16 11 36 23 7 29 14 24 23 14 28 29 36 30 29 34 12 15 27 25 20 23 30 36 31 37 27 19 22 34 33 35 10 22 20 20 20 
20 20 44 27 12 17 9 11 18 11 15 32 24 19 24 10 9 32 9 32 23 18 21 20 18 16 23 12 27 22 28 41 30 14 28 31 13 24 29 28 18 22 34 16 15 29 30 11 20 26 17 19 22 12 13 18 29 18 23 43 30 20 21 17 16 40 34 18 22 21 23 24 28 33 12 27 12 21 23 42 16 19 21 19 12 31 22 33 18 18 23 24 24 32 31 9 24 14 28 38 
17 22 30 30 7 22 17 14 18 18 26 39 15 13 33 16 13 22 17 27 29 27 24 15 20 19 18 25 32 14 39 33 48 7 21 33 16 27 17 14 23 18 10 14 20 31 22 21 32 44 19 28 39 19 19 23 26 16 37 27 36 26 22 21 24 32 35 23 19 13 25 26 33 14 6 26 41 16 19 30 19 11 17 24 19 33 17 27 29 22 25 20 34 39 21 12 17 31 25 12 
25 21 28 26 9 21 10 29 22 15 17 25 20 17 17 16 20 25 20 37 28 26 21 12 19 11 17 13 25 12 24 21 30 19 23 39 23 16 25 26 23 31 16 16 18 30 24 13 20 42 16 22 31 24 28 19 25 25 29 28 25 19 16 15 20 14 34 16 21 8 21 36 33 18 17 43 20 7 22 29 20 13 23 16 15 19 19 36 37 20 22 15 33 55 26 18 31 27 13 28 
15 25 29 23 15 19 23 21 30 19 16 24 18 16 24 9 21 24 19 26 36 13 18 19 21 25 20 14 33 17 41 14 28 23 24 27 31 30 20 14 18 20 32 12 29 28 20 13 24 35 19 21 26 7 19 17 28 18 27 23 27 16 13 21 15 30 19 16 12 18 22 19 28 19 21 27 24 23 34 35 14 18 16 19 12 26 26 32 27 17 35 10 41 36 30 11 36 17 22 22 
21 22 31 24 22 19 18 22 18 12 28 48 20 22 25 19 21 45 11 24 25 29 36 16 15 22 33 16 15 11 30 30 45 13 13 41 20 27 21 11 24 18 32 7 37 23 30 9 20 20 19 22 21 33 19 32 34 23 31 22 22 22 21 20 19 25 35 18 22 16 23 16 24 25 25 31 19 20 9 23 19 23 36 11 21 24 40 34 50 20 13 13 37 21 30 24 35 28 20 13 
24 27 27 36 20 15 11 19 27 18 14 30 13 16 33 18 20 36 18 25 22 15 34 20 23 22 10 18 19 11 21 40 17 16 27 18 12 14 32 27 25 17 16 14 29 27 20 13 11 38 26 19 36 15 27 25 27 41 31 32 27 20 23 19 23 23 21 9 29 9 26 36 30 13 15 37 31 13 26 23 21 32 18 15 20 29 26 32 33 23 40 24 15 26 23 14 33 30 20 27 
12 21 32 28 19 11 16 26 15 17 25 37 21 9 29 15 15 28 18 33 12 23 26 14 15 16 23 14 11 17 21 20 22 15 13 35 15 13 27 17 26 22 4 23 27 30 20 14 26 34 27 17 22 23 16 17 20 21 39 21 32 25 9 17 17 22 37 21 22 11 24 24 24 21 16 26 28 17 26 31 31 25 9 19 13 32 36 26 45 16 32 19 25 23 25 10 40 20 34 24 
21 30 43 20 16 15 21 24 30 24 17 30 19 11 21 19 20 37 12 51 20 16 26 17 14 26 29 15 18 18 31 27 29 10 22 21 20 23 35 27 25 27 29 27 29 26 24 16 24 29 33 24 21 18 20 21 33 17 20 36 27 17 10 17 25 28 20 21 43 14 13 30 29 22 25 18 30 25 22 14 23 10 16 14 10 18 22 29 42 7 22 20 17 25 23 14 47 31 32 24 
11 35 34 30 17 22 14 28 23 19 25 40 27 25 13 11 23 22 14 21 23 25 15 18 22 17 24 8 43 15 33 13 34 22 18 29 20 14 14 21 30 16 17 21 28 28 23 14 14 44 27 21 28 29 12 35 23 38 18 33 15 9 19 10 16 31 37 12 21 21 28 31 19 26 12 17 21 27 26 24 18 12 22 21 14 41 30 23 40 19 33 12 10 24 33 17 29 29 27 15 
15 13 29 24 21 10 20 28 15 16 13 36 17 13 11 10 17 32 16 22 19 25 11 21 16 15 26 10 36 11 20 21 23 32 18 27 16 28 24 18 29 33 26 21 26 31 25 14 33 30 17 17 40 14 16 20 24 26 29 32 21 12 20 15 15 27 33 18 30 23 30 25 15 20 26 20 44 22 25 30 20 18 18 26 17 19 32 32 38 26 32 16 23 35 25 19 28 30 18 20 
19 13 22 33 17 6 17 23 33 13 24 50 30 18 19 19 12 33 16 32 19 23 15 16 11 14 18 11 36 16 49 27 34 21 26 36 24 29 27 24 23 22 29 26 16 35 26 25 16 18 18 20 40 18 25 20 23 36 24 13 25 23 18 20 16 22 40 27 10 18 19 24 29 15 15 26 25 16 27 37 22 23 21 27 17 20 32 25 35 14 19 25 26 25 42 17 22 30 17 9 
12 21 24 23 26 23 11 21 32 21 25 27 30 13 19 14 24 15 21 29 21 26 21 15 11 15 20 11 30 11 44 28 28 27 23 19 16 20 23 14 35 27 25 16 35 12 10 12 40 38 23 15 21 21 31 22 6 27 16 40 38 16 19 3 17 35 32 16 19 13 21 34 7 17 19 23 30 31 17 32 23 31 18 31 17 21 34 14 41 18 27 13 26 22 30 16 27 31 18 13 
23 21 33 25 14 23 17 24 20 6 23 40 23 15 20 15 14 28 18 32 26 27 29 17 17 11 19 24 32 19 38 29 22 24 16 24 27 36 15 22 35 33 18 15 21 21 27 12 25 26 23 19 35 19 13 29 26 23 19 32 35 22 25 18 13 18 12 22 33 17 15 30 23 18 23 31 15 23 18 21 24 23 18 19 23 22 28 43 43 13 35 23 29 18 10 16 33 20 17 26 
15 24 28 26 19 10 21 20 19 19 18 28 25 20 17 5 14 22 23 44 22 23 24 14 9 19 23 22 21 13 26 27 34 20 30 23 21 16 28 26 31 38 32 22 39 25 9 23 25 22 21 21 32 21 20 16 29 22 31 42 27 27 23 12 24 40 27 21 39 12 21 25 18 10 20 23 12 26 20 44 23 19 18 23 12 45 28 22 30 18 30 15 27 32 24 11 28 30 26 15 
18 24 37 29 7 21 21 16 17 18 17 51 13 18 24 3 13 40 15 22 25 24 26 18 11 14 30 14 27 18 35 29 23 6 18 23 13 20 9 24 22 23 13 18 30 20 23 14 17 27 19 6 23 15 25 11 24 23 26 34 15 24 24 19 28 29 35 16 26 20 17 27 24 30 16 44 20 27 18 29 23 27 30 21 16 31 23 28 25 16 31 20 35 38 21 12 18 29 25 27 
22 8 19 32 17 19 15 25 23 14 21 38 23 17 26 14 16 23 13 28 26 18 22 14 22 33 23 14 20 19 29 12 30 10 29 35 18 16 35 22 29 15 26 21 22 36 35 17 43 31 25 16 20 16 20 24 17 24 26 35 40 20 20 12 19 30 17 12 21 21 29 28 15 31 31 33 35 9 17 33 22 23 36 19 15 24 20 31 30 25 27 14 37 12 36 15 22 24 25 19 
20 24 9 34 14 18 11 26 32 10 16 36 21 10 22 11 13 25 14 31 19 17 25 1 19 19 36 14 18 18 28 27 30 19 14 40 15 24 27 20 20 24 40 17 21 24 18 8 18 20 17 12 19 17 23 21 18 35 33 24 30 17 11 14 11 21 26 13 38 18 35 14 26 21 15 31 20 21 9 20 22 21 37 18 17 19 23 30 29 20 23 18 25 14 32 18 13 31 15 24 
27 30 35 19 23 23 24 18 29 17 26 33 27 20 21 19 21 25 12 28 9 17 25 13 25 14 23 21 25 20 45 18 38 15 20 33 20 18 21 33 14 30 32 19 17 24 30 12 30 21 16 20 32 17 30 38 19 18 33 45 31 24 15 14 23 23 32 23 33 11 12 26 19 20 12 29 20 12 21 25 28 23 18 9 16 23 22 35 30 10 31 24 38 11 24 12 36 24 16 29 
10 26 34 35 21 25 16 26 19 13 25 18 12 19 24 22 14 30 9 34 26 43 22 28 16 29 32 23 20 11 25 35 24 17 22 36 16 26 15 23 13 32 30 20 18 39 27 21 19 18 18 12 22 13 21 30 24 30 24 25 26 21 11 11 19 46 31 19 44 22 16 17 34 22 22 20 25 18 25 10 21 25 22 17 15 21 32 23 28 9 35 14 28 32 38 15 22 21 13 19 
19 35 33 43 13 13 7 23 17 23 7 16 21 11 25 10 11 21 18 20 28 34 37 22 30 21 12 23 30 17 11 43 47 20 29 23 16 24 22 24 30 21 46 16 15 34 19 8 21 37 9 13 34 26 22 29 25 36 40 25 32 30 12 19 9 35 46 15 28 23 16 16 13 23 16 23 27 12 23 44 20 15 21 21 20 15 28 18 38 18 18 27 27 26 33 8 22 14 15 23 
16 23 25 22 16 11 15 36 12 11 15 20 14 5 20 13 25 33 18 16 17 30 27 19 6 14 24 14 44 14 38 29 31 21 16 22 15 7 30 19 30 21 31 27 27 37 14 18 18 30 15 19 16 15 30 26 21 22 37 22 18 18 10 15 14 24 30 15 31 15 20 22 29 31 8 24 14 23 21 58 17 21 24 21 20 22 33 29 38 17 36 19 20 26 7 21 22 16 23 22 
25 29 27 28 16 16 19 26 21 17 22 49 20 10 20 22 12 22 9 20 19 31 31 26 18 8 30 15 30 19 17 27 19 15 34 25 17 22 20 26 25 23 24 9 25 32 29 21 19 30 15 22 18 13 30 28 15 16 30 29 20 10 21 21 19 23 34 15 24 24 14 36 16 30 16 36 22 16 35 28 22 30 19 21 14 25 25 23 37 21 14 21 16 34 28 23 18 33 24 23 
17 17 27 27 17 20 22 25 17 27 19 44 17 22 19 18 15 22 16 21 25 36 30 23 15 21 26 11 36 19 34 31 17 18 34 32 17 12 38 16 24 22 29 16 28 17 38 18 32 18 15 12 37 23 19 29 16 26 32 27 17 22 17 13 11 32 41 25 21 14 25 36 33 21 17 55 41 14 32 43 26 25 17 22 10 28 17 39 21 13 28 18 35 34 20 15 32 24 8 28 
13 33 31 40 19 20 7 29 22 17 13 30 21 13 12 18 14 25 11 23 17 35 22 23 21 13 25 15 44 18 25 19 37 23 23 23 15 10 32 32 34 7 25 25 26 31 19 13 12 38 17 13 41 11 23 22 16 23 30 15 27 22 13 16 25 37 35 15 21 17 21 19 32 17 25 15 20 19 24 34 18 17 22 18 16 21 22 28 29 23 25 17 26 22 13 5 26 22 28 13 
25 26 29 29 18 20 14 21 23 25 13 21 8 13 26 15 17 22 14 33 18 33 24 15 20 20 25 23 38 17 23 30 44 17 16 21 11 12 22 20 35 23 22 26 36 18 29 17 16 20 20 20 30 23 20 16 24 21 19 29 24 26 20 12 23 37 29 15 24 24 5 25 28 11 14 27 40 21 23 44 9 17 30 27 17 33 22 15 26 14 32 26 15 19 34 13 33 27 25 19 
25 27 19 34 20 17 13 24 23 16 11 22 18 14 19 22 16 19 17 6 15 39 29 25 16 21 31 17 27 11 30 27 28 13 19 34 25 14 24 17 25 20 15 11 26 25 14 20 26 36 16 18 29 25 15 10 23 34 35 25 23 24 11 16 18 30 30 20 29 21 18 30 28 20 16 25 32 18 36 27 20 23 28 27 13 43 35 28 30 17 22 21 24 20 31 14 17 17 22 23 
19 25 26 33 19 19 22 19 12 10 27 37 18 22 19 11 18 23 17 29 27 22 32 21 17 21 20 20 41 14 28 4 29 16 22 26 22 17 36 24 25 18 9 10 25 21 33 18 29 18 22 10 27 21 29 24 23 30 36 19 22 20 27 12 9 30 32 18 20 12 23 29 21 28 17 21 24 11 16 31 3 17 32 18 16 15 27 28 35 22 36 19 28 15 13 21 29 32 11 17 
19 27 40 39 20 20 15 21 17 21 17 15 26 15 21 16 16 29 12 36 19 20 32 29 30 16 25 19 32 17 18 49 21 19 24 18 24 27 30 26 7 12 30 13 20 30 17 15 29 31 22 25 24 20 27 28 25 21 35 30 23 31 18 21 29 31 31 15 21 17 21 35 24 26 21 21 23 22 33 27 26 19 25 21 17 21 21 19 40 19 25 15 24 22 23 12 26 27 26 12 
20 24 14 16 12 17 13 22 20 19 21 32 20 17 21 20 11 18 13 28 17 15 27 7 7 24 22 13 27 18 30 24 30 27 25 25 19 21 19 15 19 19 18 24 20 20 24 18 26 31 20 11 47 20 27 15 19 31 29 32 13 27 6 13 24 21 41 22 26 17 22 36 21 29 16 36 36 22 22 32 32 20 24 26 14 27 27 43 25 18 19 26 29 28 26 22 31 32 25 22 
21 33 20 27 16 14 14 28 29 4 18 25 13 10 21 18 9 21 13 22 26 29 23 24 12 15 18 21 34 14 24 35 21 24 28 30 28 24 25 22 25 25 37 20 28 25 25 22 32 32 14 23 35 17 34 35 13 26 38 35 30 24 22 17 15 36 18 22 39 11 16 11 34 28 22 29 24 7 24 25 19 28 23 18 21 14 26 26 37 12 20 21 23 30 27 15 41 19 23 20 
14 10 21 14 27 17 17 18 30 19 23 31 10 18 13 20 18 31 13 36 16 29 17 20 21 19 22 16 23 13 29 32 42 14 21 36 25 21 23 27 28 8 13 17 31 25 24 24 37 28 17 27 21 16 25 17 26 32 29 37 33 24 13 12 26 30 47 17 28 12 28 27 18 26 22 28 13 18 13 29 24 20 19 13 16 35 25 37 14 13 24 20 40 20 34 21 25 32 11 17 
16 24 30 23 18 14 20 18 25 22 26 18 24 25 20 15 16 30 13 36 19 25 32 15 18 15 24 22 34 17 34 27 37 18 17 36 22 12 25 16 31 24 26 23 42 24 27 18 26 37 14 12 43 20 24 25 22 22 21 20 17 20 25 21 15 32 20 18 29 8 27 36 37 21 18 35 19 14 32 21 22 19 20 25 13 34 19 21 27 16 21 17 25 24 32 21 30 6 15 30 
30 26 27 35 21 21 16 23 27 17 16 32 19 17 27 12 15 28 18 50 12 29 31 18 20 19 14 17 26 23 33 26 11 13 36 15 18 16 26 23 21 25 15 17 33 15 20 17 16 33 28 17 29 17 29 17 28 28 31 24 34 8 23 14 22 33 30 9 34 21 17 15 24 20 26 22 27 21 25 30 20 17 25 20 23 36 28 25 5 10 28 30 17 24 33 18 26 20 25 19 
22 29 52 29 14 12 16 22 20 10 28 48 21 11 17 18 15 39 18 24 30 31 24 8 24 22 21 15 16 18 31 39 23 26 30 33 14 27 29 22 23 31 29 16 26 27 31 12 18 28 26 13 34 16 32 17 22 19 32 39 38 16 22 18 18 26 34 14 25 17 33 26 19 18 15 40 30 21 37 46 11 28 19 11 16 17 25 31 34 17 23 15 34 18 33 11 26 22 19 24 
16 23 31 24 16 18 20 20 21 25 15 20 14 16 27 15 14 29 15 35 6 27 34 14 19 22 17 19 34 17 41 27 29 11 23 23 19 24 27 26 30 12 33 16 24 28 30 15 31 34 23 24 31 24 27 23 15 30 29 23 27 16 22 18 24 16 29 19 23 30 22 37 24 21 21 26 25 25 22 36 16 21 19 10 13 22 23 41 18 11 27 18 27 24 24 15 19 29 18 17 
21 14 32 22 17 20 8 24 26 14 29 32 11 13 14 15 10 13 17 23 23 26 35 18 26 22 27 20 37 18 11 30 21 22 24 33 18 29 22 27 28 36 33 20 28 40 14 18 19 24 9 23 30 18 18 22 27 31 17 21 27 23 14 17 16 31 35 21 22 17 30 27 17 24 20 37 28 22 25 28 28 21 17 17 10 24 11 23 33 16 21 23 36 29 23 12 27 38 21 20 
20 23 35 23 26 5 18 19 21 15 16 24 22 16 39 20 11 26 15 29 21 35 41 8 18 22 19 16 34 20 31 16 29 13 29 28 15 16 29 32 36 33 25 19 34 36 15 9 33 27 18 17 28 19 38 25 24 19 30 29 30 23 12 12 16 26 35 22 34 21 23 37 15 23 19 14 39 22 27 39 15 26 29 23 15 31 38 33 41 8 27 10 33 35 23 18 28 31 25 17 
12 18 23 19 18 19 14 21 25 13 17 59 18 18 18 16 16 22 15 15 23 18 18 14 14 20 24 26 33 17 33 38 38 30 14 21 17 22 18 18 26 14 36 25 26 32 19 20 13 21 25 27 23 16 18 24 18 19 33 21 22 22 13 16 18 20 38 21 32 13 25 44 32 21 18 38 40 28 29 37 21 17 32 17 20 17 40 26 24 16 38 15 29 21 32 18 24 26 20 21 
22 31 34 24 18 20 15 11 22 18 24 34 24 13 29 13 18 22 17 28 34 37 18 13 14 24 19 18 35 9 39 22 45 14 23 15 27 8 17 32 34 27 26 23 23 29 30 18 32 43 21 19 29 21 23 16 19 35 25 26 21 17 8 11 13 30 36 16 23 15 21 30 37 26 25 33 24 27 27 27 20 23 21 21 15 32 14 8 45 21 20 20 35 19 30 18 28 30 23 17 
16 22 22 24 23 15 17 20 19 12 14 43 20 15 20 13 19 15 20 19 22 19 24 15 14 14 21 9 38 19 39 28 29 15 6 22 18 21 28 17 29 22 23 24 15 23 25 10 20 28 33 14 28 18 41 22 16 28 31 19 27 9 10 17 18 34 24 20 26 27 23 33 13 20 14 43 35 22 15 23 24 20 31 8 14 40 19 18 15 17 10 21 43 30 25 11 42 40 29 28 
16 25 18 34 21 24 18 26 28 20 23 42 23 9 23 17 17 30 10 18 24 32 32 15 22 22 25 14 29 17 28 27 17 24 19 32 28 21 19 23 30 28 36 10 30 27 20 23 16 46 18 12 36 16 28 19 28 10 27 41 24 31 18 12 5 33 23 23 23 13 22 16 39 36 29 23 24 15 19 23 21 14 14 26 24 27 29 37 41 22 29 17 30 29 19 15 25 11 17 14 
17 29 36 16 19 16 18 21 40 14 25 17 21 14 15 19 12 27 16 29 22 35 31 13 20 10 13 18 36 14 23 23 34 16 18 26 24 22 13 12 30 15 20 25 16 31 34 9 20 34 26 17 42 21 26 29 22 36 22 40 28 20 24 15 5 25 28 23 28 12 8 34 40 15 20 20 23 24 29 35 22 25 19 28 8 37 13 24 25 13 17 25 16 27 19 17 22 24 17 13 
23 16 37 23 11 14 14 29 21 21 28 38 18 17 24 17 15 30 16 37 27 21 27 23 13 18 24 14 26 15 26 11 25 20 15 29 15 17 23 21 24 25 37 24 27 35 26 22 29 16 26 17 27 17 28 31 31 9 28 22 20 13 14 10 9 38 25 19 32 14 21 21 28 16 21 39 35 24 16 37 20 10 23 17 13 26 32 24 39 18 26 24 23 25 36 16 19 35 16 16 
23 19 28 27 19 17 13 22 23 17 16 46 23 13 29 15 18 22 20 22 23 25 19 20 9 15 24 17 31 17 43 26 36 12 27 27 17 26 34 23 29 17 29 19 16 22 38 17 36 28 22 14 27 18 21 18 34 20 35 33 26 18 16 17 26 36 24 10 20 20 27 30 25 32 18 31 20 20 19 35 18 22 27 19 18 31 27 37 29 17 33 14 26 13 48 12 26 26 20 23 
23 31 35 30 21 15 3 13 27 21 18 38 29 14 14 11 22 18 20 37 31 8 29 21 13 20 22 13 36 13 31 22 25 20 21 29 17 17 10 16 28 24 30 19 23 45 35 19 40 35 18 23 44 23 17 15 24 32 33 51 22 22 24 21 14 24 30 9 17 14 21 17 27 17 29 29 20 22 28 14 34 14 27 25 12 27 20 33 9 15 31 27 37 21 33 22 36 24 18 24 
7 22 21 21 10 18 17 25 21 11 21 25 17 8 27 12 8 43 16 27 27 28 34 26 14 19 29 11 16 14 54 30 32 19 18 19 17 22 33 32 22 35 27 32 24 23 30 19 20 26 22 20 32 17 16 25 33 19 32 22 14 25 16 15 20 25 32 13 27 16 10 39 31 23 13 25 32 25 17 43 27 24 29 12 15 28 32 35 32 15 37 23 37 42 30 17 26 12 26 20 
23 25 21 23 16 7 21 26 36 14 24 15 27 24 26 6 13 37 14 21 24 32 26 16 17 13 22 25 23 22 33 42 29 27 23 29 25 11 27 26 43 21 24 22 25 38 22 24 18 23 19 11 26 12 34 24 22 38 16 18 20 27 20 12 24 33 34 13 16 20 22 43 17 16 19 18 29 19 30 47 8 19 31 17 13 24 17 32 15 19 33 22 20 20 26 17 16 28 19 32 
16 13 38 30 23 5 10 26 15 16 20 33 27 17 26 10 20 30 16 31 22 20 28 14 8 25 22 15 38 26 19 43 32 15 15 18 17 18 37 13 18 31 24 31 30 33 30 17 18 42 20 20 35 22 22 18 13 25 14 17 19 15 26 6 21 29 22 20 33 21 31 32 22 22 9 32 25 17 31 21 19 17 26 15 16 29 26 15 26 10 27 18 35 16 20 18 39 26 28 10 
15 33 30 28 15 17 18 18 23 24 17 9 27 17 19 13 13 30 14 37 16 24 17 13 15 17 25 20 27 14 26 15 36 19 26 22 19 15 23 21 21 21 21 19 10 42 36 11 15 25 23 23 34 22 30 24 20 20 24 27 13 20 17 14 9 19 31 20 39 21 13 25 26 22 23 23 8 25 16 33 19 25 22 18 16 30 30 26 20 11 30 22 32 25 22 18 25 22 18 12 
13 32 23 19 14 16 20 26 19 15 10 27 20 16 18 18 18 27 12 39 35 30 27 24 21 17 26 9 34 21 40 23 15 25 20 36 14 19 31 26 22 16 21 30 29 18 25 15 20 14 38 16 33 18 17 9 23 18 29 30 35 17 20 18 19 22 14 31 36 19 20 25 24 26 29 36 31 23 15 26 28 27 19 16 9 19 32 42 29 23 13 17 27 34 27 14 30 25 25 12 
23 27 25 28 18 13 17 18 28 8 21 28 19 17 12 16 14 32 17 16 24 32 17 14 15 17 22 14 24 20 19 20 37 18 26 24 23 22 28 31 40 31 15 14 27 39 35 14 25 23 17 18 31 20 29 26 19 22 43 25 16 28 25 15 21 32 29 24 27 12 33 19 18 20 29 26 19 25 15 20 18 26 24 17 12 12 29 27 37 18 33 19 34 26 32 12 33 18 15 26 
16 19 28 46 21 21 20 15 17 19 19 31 12 15 21 17 20 26 13 40 27 24 22 20 15 13 17 13 33 14 29 31 26 16 31 33 23 18 18 16 23 34 29 22 30 23 20 17 15 18 16 26 29 22 20 31 16 16 38 18 12 24 16 17 21 32 38 15 30 16 21 32 35 24 24 23 23 23 27 34 18 22 15 23 15 34 31 25 43 26 26 24 31 27 19 15 29 27 22 22 
18 26 39 28 16 13 16 30 29 14 15 37 18 10 26 12 13 20 13 25 24 28 26 22 16 12 22 16 37 18 35 29 49 23 21 32 18 20 23 10 24 19 28 22 25 20 26 23 26 20 20 20 19 14 23 28 25 28 20 32 19 28 12 25 15 33 40 24 27 9 24 43 17 18 23 37 29 19 32 29 14 16 13 27 16 25 34 32 29 14 24 19 26 25 26 13 40 31 19 18 
25 35 22 30 18 6 18 26 15 13 18 32 19 19 19 18 21 22 19 15 27 25 30 20 22 28 26 15 24 18 18 31 29 11 18 21 10 19 46 20 25 15 21 12 32 27 16 12 30 22 21 18 38 5 16 29 22 27 35 36 25 25 20 14 22 37 25 19 32 21 22 24 23 21 20 25 21 8 29 25 22 15 23 15 18 16 36 29 25 17 33 9 20 38 26 13 38 30 23 8 
25 28 37 28 15 12 21 24 19 16 22 33 28 22 22 16 13 23 7 29 30 33 11 18 23 20 20 19 29 7 31 21 23 23 29 26 21 19 22 24 17 17 27 16 30 20 41 9 29 16 29 27 27 22 19 12 33 30 31 29 30 9 19 25 14 26 22 14 19 17 19 17 28 25 20 39 28 13 24 16 24 25 18 21 9 26 37 33 24 18 19 20 41 32 16 14 23 17 15 20 
21 14 24 47 25 23 23 29 23 21 14 29 31 25 20 28 11 24 21 29 24 23 32 11 23 16 32 7 29 14 37 32 31 18 28 41 18 14 13 17 24 18 25 21 22 31 23 12 20 25 28 20 61 18 25 22 21 25 33 16 16 31 28 14 21 25 24 9 22 7 25 20 33 32 18 18 26 17 23 33 27 10 21 21 14 27 30 39 27 14 25 19 33 34 31 13 21 16 22 14 
27 29 22 26 11 17 18 27 18 19 15 28 17 14 31 16 21 31 6 32 27 32 31 21 13 20 25 16 29 17 41 20 28 15 22 28 18 14 25 23 24 22 25 19 20 21 17 17 24 34 29 21 38 6 22 29 21 27 26 29 31 17 19 12 21 35 30 10 38 22 9 21 28 18 24 25 38 24 26 46 20 27 20 22 15 33 21 17 52 13 15 19 29 24 27 14 35 35 21 19 
20 18 22 33 16 23 15 24 20 26 10 30 25 13 25 27 20 13 20 28 12 19 15 26 20 22 19 18 25 9 22 18 27 11 20 28 12 22 22 20 19 24 25 12 37 22 30 20 28 32 18 29 22 28 13 16 30 24 24 33 19 6 10 17 16 42 15 19 32 18 27 40 24 26 14 26 29 26 27 46 22 24 24 23 19 20 28 18 37 26 26 13 31 29 30 25 27 15 27 27 
12 21 36 33 11 17 16 21 17 15 24 44 15 20 24 16 15 22 18 31 20 26 30 18 22 23 24 4 43 25 19 38 23 15 26 7 26 16 21 23 27 19 17 17 25 31 31 16 30 21 24 12 34 22 15 28 15 26 25 23 33 19 22 15 28 28 37 19 20 23 26 32 28 21 19 18 37 31 17 38 17 15 22 16 12 23 16 20 16 18 22 4 27 33 15 15 25 31 35 21 
19 27 17 39 23 8 18 27 25 18 23 39 26 20 13 18 13 32 18 27 32 15 20 12 15 12 14 17 25 14 22 18 12 21 22 22 24 25 27 23 34 21 27 26 18 37 15 10 28 27 24 16 25 20 14 28 21 27 22 28 24 9 24 21 19 23 10 13 37 15 23 24 40 17 20 36 22 13 31 32 13 24 3 21 15 25 25 16 25 21 26 15 21 22 33 19 30 31 35 17 
19 27 44 20 27 17 16 24 5 17 13 38 17 11 14 20 19 27 15 36 20 22 37 17 16 24 23 20 24 16 23 29 36 20 21 16 17 9 31 21 34 28 23 26 43 22 34 14 22 35 23 20 30 19 28 12 21 20 37 32 18 33 20 9 22 20 16 18 52 27 19 20 32 16 15 24 40 20 14 33 17 24 18 22 13 17 21 32 37 16 27 18 29 33 32 21 30 29 18 22 
22 22 32 24 10 17 23 27 23 24 18 32 16 14 20 15 14 11 21 19 23 26 16 20 15 20 23 16 25 16 20 29 26 20 20 20 22 20 25 19 22 22 27 24 32 33 29 12 23 21 17 16 37 21 22 20 26 28 30 34 23 14 21 13 20 25 21 10 25 19 12 30 18 24 12 33 27 11 19 18 25 22 29 15 25 12 39 23 30 21 21 18 27 20 18 11 44 24 38 29 
16 29 42 25 10 27 18 33 12 13 24 36 22 9 12 18 13 27 21 7 25 37 23 12 17 30 13 23 19 16 28 13 27 17 19 16 22 30 25 24 15 25 25 21 9 33 30 10 25 20 32 24 28 25 33 22 17 25 17 30 13 27 23 9 19 35 29 17 23 17 29 28 18 17 15 33 16 22 32 28 24 13 16 8 11 16 25 22 15 17 24 13 27 39 24 19 17 31 30 23 
20 36 33 33 29 21 19 22 18 17 19 24 16 11 20 18 15 39 13 39 14 14 28 16 25 19 18 20 34 18 33 32 32 15 14 25 23 17 26 31 16 25 27 22 25 19 24 14 36 33 15 19 29 13 20 30 18 23 46 27 11 24 15 17 20 29 37 19 23 18 23 20 27 26 17 36 26 16 32 23 21 22 23 22 20 30 21 37 47 13 18 16 26 23 25 16 42 21 9 24 
17 36 18 32 15 18 16 14 21 12 17 33 16 19 24 20 20 32 6 20 19 23 21 16 8 16 17 15 25 16 25 28 20 26 19 20 25 11 38 27 35 29 37 30 22 21 35 14 20 29 20 19 25 16 16 25 21 29 24 28 21 21 20 25 21 31 27 20 23 18 21 23 19 21 23 33 37 13 15 23 29 21 10 22 10 24 31 22 34 16 15 20 42 23 27 9 28 11 23 22 
14 18 18 33 25 11 15 22 21 20 12 17 24 14 31 12 13 26 11 36 34 22 18 18 12 20 33 16 12 14 19 37 33 25 39 46 20 25 21 17 23 8 25 25 19 44 14 13 28 32 19 23 29 21 20 28 21 23 34 41 25 20 6 15 23 25 27 19 31 19 12 40 36 19 31 25 33 24 35 40 30 21 18 18 16 22 15 40 31 23 26 18 28 41 33 17 28 23 22 11 
15 29 42 19 13 23 16 19 17 11 18 28 24 18 13 19 22 25 10 31 16 32 17 27 16 15 23 12 32 18 36 12 28 18 18 11 25 27 32 29 29 15 26 20 33 34 30 16 21 34 40 23 25 25 16 24 29 28 24 27 23 31 13 17 16 24 38 22 23 16 16 31 24 26 16 39 33 24 25 44 8 25 21 16 19 14 24 12 30 20 31 33 11 41 29 16 26 22 20 15 
11 25 16 31 15 18 15 21 24 18 23 30 13 16 26 13 13 36 15 28 28 43 28 17 13 17 31 21 34 21 22 35 32 23 10 32 24 15 39 13 20 17 25 13 14 30 37 17 36 22 15 19 22 17 26 14 17 21 27 16 29 18 16 9 16 29 24 19 44 19 24 29 20 23 13 30 25 27 35 37 14 28 22 16 18 32 17 28 26 31 29 20 18 29 27 11 36 38 22 27 
20 28 26 29 16 18 20 12 29 13 20 19 12 8 19 7 17 32 19 24 17 16 28 20 22 22 28 20 31 14 32 31 31 21 20 21 14 20 36 20 24 8 27 21 13 30 32 12 22 26 30 16 36 22 24 27 26 34 32 19 26 21 22 10 15 27 28 21 18 18 32 31 28 14 25 19 22 14 32 36 19 24 22 22 17 22 22 19 40 25 6 21 26 13 24 16 25 13 20 14 
12 19 40 18 18 20 19 19 23 16 22 29 26 22 32 18 12 44 15 26 25 22 21 12 19 24 28 22 30 22 32 25 36 17 25 35 14 23 23 26 27 7 25 15 22 37 22 9 25 26 23 20 16 12 21 30 25 23 38 20 23 22 16 11 19 35 40 18 31 23 20 19 12 21 19 22 32 27 23 20 31 38 22 17 18 20 29 45 28 8 35 21 17 18 29 21 27 31 23 19 
18 33 37 34 26 14 12 25 22 15 24 28 26 19 27 18 14 23 16 43 24 15 14 13 15 14 22 17 29 17 40 18 45 20 28 22 26 10 35 23 25 25 26 30 20 39 14 11 32 33 24 18 38 14 36 9 15 22 9 30 23 23 25 18 15 24 22 13 19 11 27 25 33 23 23 16 45 10 21 39 22 22 24 15 9 32 34 19 44 16 29 16 29 19 27 12 23 21 22 21 
18 31 39 19 17 7 15 13 30 11 19 22 16 16 20 16 16 34 11 30 28 21 25 13 14 22 26 21 27 20 20 42 23 20 23 33 17 15 27 23 27 25 21 13 35 10 19 12 14 41 22 19 46 14 20 22 15 34 18 39 27 14 16 10 22 37 30 19 23 19 17 16 25 15 24 38 30 22 30 31 24 15 8 24 16 18 29 34 24 19 29 15 33 18 39 19 27 31 21 14 
25 25 16 30 16 16 15 9 27 5 19 32 22 12 22 15 19 22 19 18 17 32 27 11 15 22 12 29 36 17 30 27 25 16 25 30 16 22 21 31 22 23 30 9 28 39 16 12 31 32 21 22 38 23 8 39 30 24 19 27 32 11 18 19 23 38 29 16 41 14 26 37 34 23 19 30 35 18 13 19 14 18 14 22 16 37 27 36 21 16 21 26 28 40 23 11 30 34 31 25 
13 33 49 29 22 16 18 20 25 14 21 37 13 19 27 19 22 25 10 41 26 12 37 13 22 29 26 17 32 13 44 26 48 29 15 27 19 29 25 18 20 33 15 29 21 28 16 18 35 33 30 15 32 24 20 14 25 17 33 29 23 27 29 21 16 36 42 18 39 16 23 36 29 26 8 26 27 10 22 25 18 24 18 18 14 20 38 36 16 20 33 23 22 18 27 17 39 19 25 17 
11 7 29 31 11 23 14 16 23 14 16 26 9 14 10 14 21 28 17 35 28 25 17 21 13 19 33 16 18 22 25 31 24 19 17 29 23 18 17 25 29 12 21 26 31 13 30 13 27 20 27 15 25 8 15 26 23 25 35 19 19 22 24 14 13 40 22 19 27 14 25 34 38 21 19 17 37 8 23 23 19 23 26 14 12 23 31 24 25 18 24 21 20 26 23 10 14 26 29 23 
9 30 40 47 31 18 21 29 19 24 19 25 21 17 16 16 11 16 19 35 28 25 34 16 21 14 19 14 32 17 22 27 23 13 20 20 18 15 26 20 32 19 26 21 32 37 24 18 21 28 19 9 23 19 27 15 19 41 35 25 31 27 17 12 24 22 30 15 38 13 13 43 20 21 14 30 24 16 20 29 14 21 14 11 20 30 15 37 29 15 28 17 23 29 35 20 34 32 23 17 
29 24 42 39 20 14 16 20 22 14 15 19 23 20 20 17 23 30 14 45 20 33 35 19 20 23 27 6 51 14 32 24 43 20 25 35 12 21 34 29 32 14 26 23 24 36 37 16 26 40 10 17 32 31 28 15 28 22 28 23 31 19 24 8 14 29 31 21 22 16 19 22 32 30 21 32 32 18 26 31 24 21 14 21 20 27 22 9 32 18 30 18 26 30 38 19 27 15 19 28 
26 26 38 21 12 10 20 31 31 13 20 23 20 22 12 21 12 22 20 44 20 17 30 11 35 23 18 16 22 22 21 20 24 19 28 29 31 20 16 22 35 23 28 2 22 37 36 21 28 22 23 20 32 25 19 39 12 31 28 28 29 23 25 14 27 14 42 9 41 12 17 25 26 23 20 35 29 26 13 22 30 21 21 25 12 16 32 29 36 15 28 21 23 13 15 16 36 16 23 20 
21 27 20 20 13 18 19 21 23 19 15 44 22 23 21 19 21 28 20 28 10 18 30 11 23 11 33 23 29 16 44 35 41 15 15 30 33 23 27 22 27 15 34 11 13 30 35 19 16 40 23 28 46 15 15 27 11 17 25 29 18 23 20 19 10 37 35 14 21 10 17 37 14 18 23 34 23 17 16 36 29 25 18 25 13 16 16 32 21 16 27 18 18 21 35 13 32 24 12 23 
19 32 21 23 14 20 15 21 18 18 21 27 30 12 24 19 17 24 6 16 17 21 19 21 17 14 31 23 36 21 29 43 42 23 14 18 17 22 18 28 34 32 21 16 27 15 24 11 12 29 28 13 28 16 18 16 18 31 34 23 17 11 17 24 11 30 36 24 37 15 22 16 14 17 17 41 26 22 24 17 20 26 27 19 20 29 22 32 27 20 27 21 27 21 18 11 21 31 23 27 
14 19 35 24 24 19 8 19 36 7 17 30 24 15 26 16 19 27 24 21 31 25 21 24 12 25 33 23 21 16 25 28 23 23 27 33 18 16 28 30 27 18 23 27 25 29 19 18 11 28 19 22 29 26 29 26 25 18 30 38 29 25 24 16 27 40 33 20 36 18 23 29 26 22 22 34 15 19 15 32 25 21 24 19 20 27 18 25 31 16 36 19 14 11 32 11 39 28 19 21 
16 30 49 33 20 13 16 24 12 13 23 24 16 11 21 17 9 25 15 28 22 45 26 17 21 23 23 13 42 15 33 27 49 17 13 33 21 6 29 35 33 21 55 26 24 26 33 20 26 35 19 21 36 27 18 21 23 25 36 36 24 17 29 24 26 25 29 19 34 21 13 30 20 14 29 34 33 21 15 19 20 28 20 15 18 23 29 18 25 7 27 21 30 33 16 17 47 24 23 14 
20 17 13 21 21 16 15 31 13 14 12 42 19 12 16 15 12 21 15 22 17 25 19 21 18 15 36 18 31 8 22 29 30 21 22 27 16 24 27 19 29 18 40 20 14 23 34 15 34 22 28 16 17 14 21 24 29 15 34 39 13 21 13 15 22 27 32 12 34 22 15 29 26 16 15 37 25 11 40 32 27 26 21 20 18 21 31 19 38 26 45 20 11 22 34 22 28 36 26 13 
23 20 39 34 19 14 21 19 16 15 10 26 18 11 17 20 20 32 20 14 21 24 27 13 19 28 37 21 35 21 34 24 34 23 14 27 10 15 22 22 28 9 22 18 31 15 28 13 15 37 26 22 32 23 29 8 22 28 18 18 25 32 17 18 20 15 22 18 25 22 12 30 27 32 8 32 26 15 24 33 23 14 26 20 28 11 36 32 31 17 30 23 27 26 29 18 37 30 28 19 
18 33 26 24 15 16 9 31 21 19 17 43 26 14 36 16 15 25 15 33 28 30 38 20 13 22 14 7 26 15 27 40 24 21 12 39 21 24 18 21 27 14 24 25 22 30 22 16 18 29 23 8 18 14 17 22 33 33 24 33 32 23 27 11 10 29 15 22 36 12 30 41 33 17 27 50 33 24 24 8 22 20 22 21 14 19 20 41 17 7 23 26 15 40 20 10 45 32 13 26 
16 21 43 25 16 23 17 26 18 14 15 38 22 15 20 11 19 16 18 23 17 29 12 21 21 18 16 19 30 22 29 32 22 11 27 25 17 28 23 30 32 26 21 22 35 28 18 23 34 21 11 19 27 15 27 32 16 23 45 33 26 23 29 10 15 38 52 15 30 17 27 18 30 21 30 43 20 26 32 32 24 27 18 19 15 39 22 34 30 13 26 15 17 22 18 18 33 26 27 30 
18 12 26 30 18 15 15 12 27 20 21 33 20 17 22 18 18 24 21 13 18 36 20 25 14 17 28 14 25 18 27 35 19 15 28 35 16 24 18 24 32 25 19 11 24 36 28 16 34 17 22 18 22 11 28 9 22 25 34 12 20 28 22 22 15 18 28 24 37 22 16 25 23 21 22 32 22 15 20 35 30 23 19 25 9 19 14 36 26 13 22 22 29 36 23 14 23 22 16 22 
15 24 18 32 8 20 17 24 18 16 15 21 26 17 10 13 16 14 11 21 24 28 32 17 13 25 17 17 27 19 18 28 35 24 9 34 16 26 26 19 15 20 20 24 35 34 26 14 22 29 18 27 39 24 29 20 28 20 11 30 23 18 6 16 20 35 24 23 29 17 20 28 38 27 20 28 19 23 28 39 28 13 19 15 21 23 20 32 29 14 24 13 19 21 29 16 33 24 13 27 
18 28 40 34 23 21 14 26 22 25 19 23 22 15 10 15 21 24 19 31 3 39 26 13 9 18 20 14 42 12 44 25 41 23 28 31 26 28 36 33 24 38 18 17 26 51 20 13 31 16 13 27 22 21 16 31 12 34 41 24 27 25 15 13 14 30 25 19 34 11 30 15 29 27 13 18 35 11 22 22 19 24 13 19 16 34 32 21 35 28 23 18 39 30 34 22 39 22 15 19 
23 14 32 25 21 21 12 20 24 24 18 31 17 17 10 21 14 33 14 34 13 34 14 21 12 29 27 13 38 13 28 24 25 26 25 39 37 15 30 14 29 26 4 18 13 35 34 11 18 35 18 14 35 18 36 25 22 21 33 17 17 21 17 11 10 18 33 13 34 15 19 15 16 24 23 39 34 17 18 30 20 18 17 24 23 35 21 29 24 10 33 15 34 25 46 19 29 24 27 17 
24 19 21 23 21 21 15 28 21 22 14 41 19 20 23 9 14 23 12 20 30 26 35 22 10 22 24 23 33 19 28 41 29 28 18 25 18 25 28 22 33 16 25 26 31 27 19 15 15 34 24 11 38 19 24 25 27 30 46 4 23 14 15 10 22 19 35 15 23 26 23 33 23 24 21 18 49 20 19 28 12 28 13 25 20 43 22 39 23 14 28 32 20 26 24 12 18 22 11 23 
30 27 22 28 17 25 12 24 18 7 17 33 21 8 18 13 17 33 14 29 26 28 32 16 17 19 13 16 39 15 29 41 34 20 26 37 12 25 24 14 32 12 32 24 18 28 21 11 20 32 14 24 19 11 20 38 30 10 31 36 16 22 18 12 11 24 27 16 37 15 13 20 14 29 19 24 29 22 20 27 16 20 18 19 17 36 17 30 6 22 33 16 28 35 23 14 18 20 20 20 
14 27 36 21 10 20 15 24 25 20 12 20 9 21 25 9 21 26 23 23 17 18 23 17 22 20 24 17 29 19 36 29 23 19 22 38 14 13 20 18 23 28 26 31 16 30 26 21 24 24 27 12 27 20 16 20 25 2 18 20 27 23 26 19 15 25 29 21 27 23 19 29 23 25 25 31 26 29 13 40 28 23 22 15 21 30 20 24 17 21 46 24 16 40 31 18 27 18 25 27 
15 13 30 17 25 14 18 19 26 21 15 24 25 12 14 17 14 26 10 23 19 25 23 12 25 20 21 11 16 11 38 36 6 19 25 51 17 14 30 17 21 24 13 21 20 25 26 11 22 19 24 22 44 23 17 27 20 29 29 26 19 23 20 13 20 22 23 16 22 17 23 29 18 28 21 25 19 22 22 36 15 23 15 18 15 39 22 22 36 15 39 16 21 18 34 20 34 38 20 19 
14 22 21 35 19 20 14 20 16 9 29 25 13 16 35 17 15 22 14 36 35 13 27 19 4 16 24 20 27 19 35 23 29 21 17 34 13 15 21 26 20 22 23 22 24 28 19 11 27 37 15 14 19 14 35 22 19 25 30 34 26 19 9 14 18 44 29 12 32 17 28 28 25 41 12 5 19 17 26 36 23 20 11 27 19 32 28 24 21 24 22 16 17 28 18 11 22 24 32 24 
19 25 27 32 16 15 23 30 25 20 23 29 24 9 28 10 15 20 14 26 27 37 22 21 15 23 20 7 28 11 28 18 26 13 30 30 19 13 22 23 22 25 31 20 20 34 25 15 19 13 28 17 25 11 12 20 25 25 26 22 30 33 12 10 20 29 22 27 38 19 25 41 39 18 12 35 17 14 33 30 17 23 11 20 19 28 17 34 30 17 56 12 21 14 39 15 38 39 17 8 
19 14 46 20 9 15 15 13 29 15 19 14 12 16 8 17 23 24 23 19 21 30 12 24 12 19 22 18 27 17 22 27 20 21 16 18 15 22 25 28 26 22 22 20 20 25 22 12 23 13 27 14 22 12 20 21 20 28 26 21 35 22 17 18 22 30 16 14 34 20 16 38 10 14 22 20 23 19 18 25 30 23 6 17 10 21 19 34 33 14 37 9 27 34 14 12 36 30 13 16 
20 23 47 42 14 17 15 28 11 14 15 34 16 16 19 11 17 23 20 25 23 26 23 21 21 12 33 26 16 23 27 16 26 14 23 37 22 26 30 16 22 24 24 28 25 27 35 12 28 19 35 23 32 12 21 26 22 20 30 28 28 27 16 20 25 33 30 7 34 10 27 34 36 29 23 25 17 23 18 25 19 12 20 29 18 23 34 25 45 16 21 18 35 12 35 14 28 27 30 8 
15 23 28 40 14 7 22 18 16 25 23 33 20 18 21 16 15 20 11 23 29 39 26 19 22 17 32 19 7 14 31 27 37 16 22 43 21 33 14 28 24 14 37 27 21 25 30 15 22 51 17 20 21 19 19 27 25 19 30 12 26 23 26 16 13 36 32 13 29 19 24 26 29 24 24 23 29 21 29 18 19 25 19 18 14 20 29 38 29 15 38 15 30 35 16 16 24 37 22 14 
10 27 36 27 25 14 9 25 24 21 21 31 16 20 19 10 12 29 18 32 27 19 27 17 16 18 27 26 42 21 27 34 34 18 22 32 22 4 16 13 28 27 24 21 26 36 28 13 25 17 11 14 27 23 29 30 33 22 34 21 15 19 23 20 27 45 32 18 22 19 7 25 21 14 30 22 30 26 29 24 20 31 24 16 24 37 19 32 31 14 32 30 33 37 23 15 40 23 22 29 
10 35 27 25 25 23 16 18 27 12 17 32 18 17 18 16 13 37 11 45 17 26 32 19 18 26 19 22 35 18 25 36 17 15 18 31 19 11 31 20 30 29 35 18 31 29 29 17 6 46 23 24 29 16 18 38 18 29 25 17 18 23 19 15 22 17 27 17 31 11 16 27 35 20 18 36 33 32 26 30 14 19 14 16 19 19 18 31 29 26 32 21 21 36 42 12 22 8 14 13 
17 12 34 2 24 20 17 23 17 18 17 26 23 10 14 9 12 20 19 25 18 20 19 10 16 22 26 18 26 19 25 39 10 17 24 27 18 11 23 22 20 22 24 18 31 31 38 18 22 38 9 22 27 17 28 30 25 17 29 32 14 23 23 24 13 22 42 15 29 18 22 18 33 26 22 32 12 25 28 29 16 16 19 13 14 28 30 19 20 17 28 26 31 21 35 17 36 19 26 22 
31 20 32 29 18 23 15 21 28 18 18 21 14 7 17 7 11 25 19 31 19 24 24 15 10 19 17 11 20 14 32 34 30 20 15 20 17 13 34 24 36 22 22 12 17 15 21 17 15 25 24 15 18 17 19 37 23 34 41 17 20 28 19 23 13 39 31 18 33 15 18 31 26 24 14 37 30 22 21 29 22 19 25 20 12 18 31 37 43 10 28 23 39 43 35 20 19 32 21 19 
15 22 20 18 16 17 15 27 22 21 13 45 26 11 30 19 19 35 15 31 30 23 25 17 20 14 26 23 33 15 38 46 26 16 22 36 23 24 30 23 22 17 18 23 34 18 20 16 25 20 30 16 24 20 17 25 29 38 49 17 31 32 21 23 17 10 30 22 38 11 29 40 25 24 18 40 8 16 22 22 22 29 26 18 12 22 30 37 32 14 26 23 22 38 36 15 22 36 25 27 
21 27 25 31 11 12 25 16 19 15 22 37 15 17 23 17 22 30 17 21 19 25 25 12 15 19 31 28 22 13 21 34 9 15 16 43 11 24 34 21 22 32 28 24 28 28 28 15 33 39 21 24 25 15 19 25 21 29 23 32 28 17 15 21 18 41 25 17 31 17 21 27 19 21 16 32 38 24 18 11 28 19 8 22 19 17 29 29 44 16 29 18 23 40 30 18 31 24 17 16 
23 23 31 17 18 16 15 24 18 18 23 10 15 10 24 16 20 31 15 31 22 13 25 19 13 16 29 23 28 18 15 33 16 16 19 15 21 23 23 30 18 8 27 16 21 32 15 19 29 29 17 16 29 19 7 24 27 18 25 37 26 26 16 24 15 23 44 10 16 26 22 27 25 28 21 25 29 30 37 45 19 22 16 12 19 41 27 29 33 19 20 12 33 22 27 19 26 27 24 23 
13 26 42 36 22 12 16 12 18 22 20 22 18 22 19 13 9 37 20 26 17 17 16 19 35 20 29 17 21 17 35 28 17 20 18 19 7 21 26 24 34 24 25 20 29 28 26 14 13 39 22 19 25 24 31 32 23 27 26 32 28 18 15 15 11 23 40 20 33 13 24 33 32 29 24 41 22 24 27 28 13 23 19 26 16 38 24 23 21 10 26 27 23 31 16 20 42 24 20 18 
14 33 34 46 19 26 18 21 18 21 13 19 14 16 19 15 26 27 9 29 15 24 24 24 13 14 18 16 37 16 31 39 23 19 21 13 19 12 29 25 16 28 19 23 27 19 24 11 21 20 22 20 19 15 15 27 16 29 29 17 12 23 23 18 15 18 42 21 19 20 26 25 36 28 13 24 26 13 27 31 19 22 30 19 17 33 27 26 30 22 18 14 19 30 13 15 28 8 26 13 
22 23 34 17 16 13 24 27 30 12 22 40 31 20 29 15 19 25 13 23 19 31 35 20 19 16 9 12 34 15 34 18 34 17 15 29 16 40 25 24 28 25 22 11 29 19 19 19 22 30 25 28 30 28 27 26 31 24 34 12 26 17 26 19 17 29 20 10 39 20 26 37 12 20 12 30 27 29 29 36 21 22 21 16 18 28 20 31 24 17 41 19 23 14 22 24 22 12 28 22 
14 34 17 30 17 10 21 19 20 14 18 20 15 18 24 19 19 23 23 35 24 29 33 14 20 16 26 18 32 14 33 22 32 17 31 41 18 33 23 22 27 18 35 27 21 42 26 12 16 30 24 21 27 15 17 36 19 27 33 40 22 25 14 17 17 43 7 15 28 15 19 14 24 18 17 29 27 18 27 40 25 23 10 19 21 27 26 42 29 20 33 19 39 32 28 15 27 29 19 24 
21 27 41 24 13 21 4 9 25 16 24 15 13 16 28 23 17 22 20 39 37 27 15 19 16 23 20 20 39 17 21 30 39 16 23 32 19 19 14 20 23 25 20 17 30 17 11 14 24 41 21 25 29 23 25 16 15 17 14 29 30 17 21 19 18 32 26 15 38 17 25 36 18 16 5 38 25 18 13 37 17 17 23 16 18 14 24 25 39 11 15 26 13 26 28 12 18 38 26 16 
16 24 17 27 15 17 17 21 22 17 21 23 28 15 22 16 18 27 16 27 36 27 25 21 18 9 25 8 29 16 30 13 31 20 17 24 21 28 15 26 18 9 30 12 14 15 14 20 20 25 25 20 33 23 22 29 33 24 34 10 20 19 13 9 18 18 28 20 28 21 25 33 29 30 11 33 35 21 31 47 16 30 21 16 17 23 15 23 28 22 33 24 18 25 11 21 18 30 16 21 
17 30 29 25 14 15 17 16 11 6 21 30 13 17 4 20 12 41 13 39 26 28 32 17 8 20 25 15 33 14 25 12 33 20 19 40 20 15 34 30 17 31 18 27 27 30 31 16 29 48 18 20 36 24 28 18 14 36 29 31 28 16 24 14 11 31 22 24 29 13 19 19 27 26 28 26 22 16 28 53 19 35 25 20 11 25 21 29 34 25 33 23 25 34 30 26 28 10 21 24 
8 36 38 17 17 13 12 15 14 19 15 8 24 16 27 20 13 29 17 28 24 17 38 28 12 22 24 22 21 19 25 18 45 12 18 30 29 34 23 15 23 23 27 31 23 15 35 15 31 25 20 18 38 20 28 24 22 26 27 33 32 18 21 11 22 30 17 24 39 24 24 21 29 18 23 30 18 18 16 31 21 30 20 21 18 25 25 39 27 12 16 10 21 37 32 8 29 15 16 14 
8 23 20 19 15 16 16 30 16 11 30 16 20 17 32 16 15 44 14 36 28 30 35 19 18 16 24 17 31 14 19 35 33 26 14 33 11 15 21 36 36 21 43 20 27 37 27 10 16 35 27 21 26 27 13 35 19 35 21 26 17 30 17 17 19 29 32 20 34 19 24 35 28 18 22 41 39 7 28 27 19 17 12 17 7 28 26 13 26 19 23 20 37 19 29 11 28 20 23 21 
21 23 21 15 25 21 11 23 16 13 16 29 16 16 20 14 17 40 17 34 22 32 33 24 16 13 28 15 28 15 28 29 28 16 20 23 19 15 37 22 25 34 21 22 31 30 18 15 21 26 20 15 10 22 34 21 34 36 31 26 37 21 13 21 16 37 23 18 30 14 10 26 35 21 19 34 29 10 22 21 22 16 15 34 12 41 23 37 38 24 21 5 26 27 34 10 25 16 17 19 
19 28 16 20 10 21 18 18 24 15 27 23 18 11 21 13 12 27 10 10 22 23 32 23 20 22 29 16 10 18 20 31 20 19 28 38 22 13 26 18 30 24 29 28 25 21 21 13 25 30 20 14 26 26 19 5 16 30 34 37 32 23 13 16 12 18 23 21 16 21 22 25 19 15 29 25 40 16 26 31 26 22 15 17 16 25 23 33 38 23 22 14 19 37 33 8 32 21 14 23 
19 15 31 33 16 13 9 20 26 23 23 36 8 13 31 21 19 30 18 46 17 14 17 26 16 14 31 5 35 16 7 24 18 26 30 20 21 25 29 28 25 17 27 14 13 30 18 17 31 27 26 12 37 11 26 21 9 17 33 31 17 22 11 16 20 36 34 7 46 17 29 36 23 25 11 24 34 22 24 36 20 22 26 18 20 39 21 34 28 20 27 19 32 32 25 14 38 15 28 20 
18 7 39 16 16 16 16 11 21 23 13 13 21 19 24 14 14 30 19 30 18 27 26 22 16 24 25 19 29 21 39 32 15 24 22 45 24 22 23 24 22 35 23 18 24 17 33 13 13 30 28 23 36 17 15 20 15 24 33 34 27 20 16 17 14 34 14 25 28 17 25 29 20 22 24 34 25 19 34 26 19 21 16 15 19 29 26 37 50 14 33 14 28 19 40 18 30 16 15 30 
18 17 40 32 17 20 12 25 30 15 20 17 19 15 9 17 14 25 13 35 25 26 19 16 18 18 26 17 36 15 21 14 38 20 21 26 20 27 28 18 25 16 19 26 25 32 22 15 13 29 30 18 35 28 28 21 26 25 27 27 23 3 20 14 15 16 19 16 23 21 20 17 24 32 27 33 19 18 27 40 24 29 32 20 19 23 17 32 35 8 27 19 27 39 33 21 21 28 10 24 
27 35 21 38 15 17 20 21 21 24 22 24 17 19 20 15 13 33 24 25 24 25 16 14 19 26 27 16 3 18 27 43 31 22 26 34 21 22 23 23 28 29 39 26 23 34 38 18 18 34 19 13 15 25 32 31 25 14 25 20 22 27 26 19 22 36 29 16 24 29 27 30 39 27 14 39 30 22 32 21 25 28 20 13 18 38 21 35 36 17 39 19 12 19 24 17 31 24 27 23 
27 25 21 11 26 12 14 10 27 18 13 25 12 12 20 16 11 27 10 32 16 24 19 10 21 12 29 18 28 14 28 19 30 17 18 37 20 14 24 17 18 17 30 29 20 18 29 8 24 26 20 13 31 28 17 26 20 34 32 32 31 20 25 11 13 36 12 19 35 27 20 30 30 24 12 34 17 22 27 24 20 27 16 25 14 34 25 38 22 21 13 17 37 13 12 15 29 38 29 28 
12 30 40 17 17 19 16 21 26 10 9 19 17 12 20 13 13 40 10 25 27 29 22 20 16 21 24 22 10 16 16 39 37 19 22 27 18 24 31 13 35 23 17 21 36 26 23 18 17 32 20 20 28 15 31 26 30 24 18 27 13 22 12 16 15 21 31 19 29 15 16 28 35 30 30 37 36 29 29 18 18 32 9 10 18 45 28 31 41 15 33 25 29 25 29 12 3 25 27 30 
24 20 30 30 28 25 17 9 20 28 19 26 29 17 32 12 23 18 12 28 26 15 9 23 24 10 23 8 21 15 39 28 26 14 21 21 26 16 15 22 30 22 24 28 23 30 24 15 18 39 24 12 34 25 28 22 27 21 13 33 10 16 20 17 16 32 24 23 35 25 22 48 22 35 23 20 25 18 26 36 34 26 25 14 22 24 28 39 35 11 32 10 26 46 27 17 17 19 15 22 
12 22 24 22 11 23 21 21 27 17 28 29 25 24 23 13 16 37 17 29 28 37 28 10 6 15 27 23 27 18 25 30 42 24 26 38 19 21 30 22 28 23 23 24 30 20 23 13 36 48 24 23 19 14 17 26 29 13 57 29 16 27 20 16 19 19 41 17 34 22 39 35 18 27 23 35 22 21 38 49 20 19 18 27 24 33 18 24 27 14 40 17 14 23 24 11 27 27 31 11 
21 37 13 24 16 15 16 24 14 21 17 26 23 11 18 16 23 1 17 31 26 14 24 16 24 22 23 18 35 19 34 26 24 11 27 26 20 31 31 25 31 27 23 11 27 32 23 10 13 21 18 20 33 14 27 33 24 23 28 17 28 37 6 14 29 33 33 17 28 14 14 18 33 21 26 33 21 14 14 26 15 23 25 16 13 24 25 28 36 18 18 23 34 23 13 17 18 15 26 19 
24 28 28 39 16 19 13 20 27 17 19 22 17 13 21 10 17 18 17 16 27 17 16 7 21 26 21 15 33 18 25 29 28 26 21 35 19 20 21 23 24 17 29 20 15 31 24 11 28 33 28 23 29 18 15 18 26 23 16 27 7 17 23 18 8 27 42 22 24 15 13 20 37 24 12 24 30 22 14 26 29 19 20 21 18 22 26 29 40 13 32 14 28 14 37 15 28 31 10 14 
20 30 40 28 13 17 17 19 21 19 20 31 16 13 19 14 17 15 9 16 31 34 26 16 32 12 24 18 41 19 22 31 41 20 15 24 29 26 35 22 21 19 19 16 28 31 24 12 30 22 19 19 21 20 11 28 21 22 37 29 21 19 22 14 16 18 27 18 28 5 13 34 27 22 11 36 33 14 33 24 15 28 20 14 8 13 26 39 21 15 33 14 16 21 45 24 28 21 15 34 
18 16 29 28 23 17 15 23 17 15 16 25 18 15 20 17 17 23 17 35 31 13 35 18 20 14 37 26 39 13 46 37 44 15 20 43 26 26 37 28 31 19 32 29 15 26 28 19 26 22 16 12 14 17 26 33 20 22 15 28 30 38 13 15 24 17 33 12 37 24 32 39 18 22 21 33 32 16 26 33 21 24 24 14 16 16 38 19 45 12 35 16 27 29 25 13 28 27 23 15 
18 25 41 30 12 9 14 13 16 20 20 37 28 18 17 14 16 16 6 28 31 11 22 18 19 21 29 22 26 15 30 16 25 23 17 34 18 29 28 27 26 21 41 9 33 42 21 15 9 20 14 16 23 21 29 22 16 28 20 29 19 19 7 20 13 30 35 11 32 20 23 21 25 27 15 34 30 19 33 31 10 23 18 19 17 16 22 18 39 11 41 20 40 39 25 14 16 26 8 13 
13 12 27 31 12 22 20 25 14 12 23 17 22 18 21 18 14 37 13 18 13 29 29 22 16 18 22 9 36 17 29 19 23 24 32 22 18 21 21 23 36 19 26 27 32 31 22 15 18 40 14 17 28 23 22 20 30 23 37 29 27 18 22 23 20 33 16 17 22 19 17 22 26 19 15 37 22 24 25 26 18 31 19 20 20 28 6 13 33 29 30 19 41 4 33 13 29 34 20 26 
15 22 29 27 14 13 16 25 21 21 21 46 15 13 23 20 12 11 14 44 24 20 11 14 13 12 29 21 37 14 3 40 35 19 28 24 23 36 25 21 34 21 15 33 21 35 24 17 21 28 16 13 42 12 10 32 24 34 38 22 24 16 19 13 22 27 32 20 27 18 25 19 19 17 16 17 20 24 15 31 22 16 15 14 17 25 22 31 36 14 35 18 33 33 32 11 33 23 14 27 
14 36 26 30 26 21 14 25 16 27 21 47 16 19 15 13 18 35 14 34 22 24 11 18 9 18 31 12 25 16 27 39 39 19 22 20 20 21 30 15 25 25 30 28 26 26 16 15 35 33 17 23 29 16 24 16 18 21 32 16 36 21 9 19 24 30 39 19 36 18 21 39 30 22 22 27 40 29 23 20 21 22 7 19 10 20 27 44 34 5 22 7 29 40 22 9 27 31 29 7 
23 22 21 26 13 22 18 30 21 24 19 40 24 16 15 16 13 30 14 25 33 30 22 25 21 23 13 12 41 21 32 25 28 16 30 32 23 17 21 16 17 29 38 35 19 38 36 13 30 29 13 20 32 22 17 23 21 37 23 23 10 8 18 15 21 24 27 9 39 7 23 29 30 21 24 35 22 32 17 19 23 6 21 24 23 34 31 27 9 17 33 24 26 29 24 15 13 32 15 33 
25 25 40 13 12 21 14 26 31 19 20 24 25 8 28 15 10 34 12 34 33 35 36 16 15 23 19 17 30 16 25 22 33 21 27 28 19 23 24 16 20 29 36 14 24 35 30 13 19 34 38 18 33 23 26 36 19 21 37 33 38 9 24 21 24 29 24 18 23 15 12 28 28 26 21 18 28 20 25 23 24 34 24 15 12 17 23 21 32 21 41 18 29 35 25 18 15 24 18 19 
14 30 27 29 10 15 17 20 33 10 20 22 24 17 12 9 14 28 19 38 23 16 27 29 19 19 20 12 35 22 40 37 27 16 23 26 23 25 25 21 24 22 22 13 31 23 29 19 25 21 16 23 28 20 29 26 26 8 31 37 16 25 11 19 16 17 34 16 34 10 20 28 22 14 22 31 35 24 36 45 23 24 22 16 8 31 14 33 28 5 24 23 30 24 31 15 28 28 31 4 
19 15 47 23 10 18 13 7 23 12 16 35 19 13 22 18 15 42 14 38 19 25 17 11 14 16 24 17 44 18 30 27 22 18 24 28 22 27 31 26 26 26 30 20 20 32 21 15 34 26 18 25 36 20 28 36 17 25 15 26 15 22 20 9 23 24 37 20 29 19 25 21 18 23 28 19 33 10 14 36 24 20 27 16 20 25 20 30 21 15 27 23 32 26 25 17 28 33 10 23 
18 20 22 23 13 24 12 21 20 11 14 26 18 15 27 14 20 35 11 29 26 31 16 25 13 17 25 15 42 18 43 31 23 23 35 20 21 18 32 18 24 21 36 14 24 18 37 11 29 30 18 16 33 23 34 16 24 15 34 8 7 27 27 18 17 33 28 20 44 24 18 40 18 22 23 30 28 22 32 23 22 19 11 25 13 30 25 30 36 11 31 16 19 24 34 8 38 11 19 16 
19 29 27 25 9 23 17 28 15 18 16 44 27 13 20 14 15 16 14 28 24 31 33 13 28 18 20 17 26 14 27 34 32 14 29 45 22 14 15 10 17 25 24 19 25 30 28 14 16 25 22 22 46 22 29 15 22 31 41 26 22 19 16 20 16 36 25 15 27 19 14 36 29 20 33 16 14 20 20 34 20 25 5 23 19 23 22 29 50 19 15 12 21 22 14 18 34 23 10 19 
21 11 22 45 16 20 12 14 14 11 18 12 11 9 19 12 18 31 13 36 19 21 27 11 21 23 33 20 42 18 37 44 25 12 25 40 9 34 24 17 19 19 26 24 26 50 24 19 37 11 17 14 27 29 31 28 25 25 24 34 23 29 21 11 18 15 28 19 26 13 23 29 23 27 27 28 25 27 20 30 22 30 13 18 8 26 20 30 16 16 28 29 29 12 23 12 14 17 28 16 
14 16 24 30 23 20 10 22 26 21 23 37 14 21 18 21 15 31 20 38 15 34 36 19 26 12 27 9 24 17 24 8 30 18 28 26 15 18 32 22 17 28 43 35 38 19 35 14 19 22 16 17 31 23 25 29 22 26 30 26 25 26 17 11 30 35 39 17 26 13 20 30 18 22 21 39 33 15 28 51 24 33 9 16 20 25 25 40 34 23 28 15 35 41 23 14 20 6 13 15 
19 26 13 29 10 14 21 31 27 12 21 35 22 15 25 15 13 27 22 32 23 24 22 18 19 7 22 7 30 16 30 27 12 20 37 33 10 23 18 21 39 22 26 26 30 21 23 8 21 16 19 13 24 23 33 26 27 22 26 26 24 20 27 8 8 29 20 8 40 20 15 11 17 19 17 32 14 30 27 40 21 28 25 17 22 29 21 32 45 8 12 20 32 22 28 18 22 24 23 16 
28 24 23 25 15 25 11 23 33 14 19 26 17 12 15 20 16 25 19 35 31 27 14 23 15 17 32 19 18 7 30 35 28 18 28 31 15 25 36 25 30 33 28 22 20 40 17 9 21 32 30 20 34 15 31 29 27 21 29 16 19 19 16 14 22 44 36 15 41 11 18 28 30 14 21 28 33 15 31 27 19 23 27 26 20 34 23 28 16 19 24 13 43 33 26 17 19 36 29 17 
18 23 27 35 17 17 12 33 37 8 16 32 19 17 27 20 14 29 19 27 29 21 27 10 22 17 20 11 39 16 34 20 38 22 24 31 26 17 32 20 22 14 24 29 25 41 12 18 12 37 28 28 38 16 21 39 38 25 19 8 22 28 29 16 15 16 38 21 21 15 26 31 33 24 25 24 32 18 24 46 19 24 21 15 17 37 28 25 11 21 22 16 19 37 30 22 23 29 25 12 
25 31 43 31 14 25 15 12 31 11 24 10 18 17 22 17 18 28 19 30 21 23 29 12 9 11 26 10 31 18 25 28 35 14 7 30 22 15 12 30 43 35 34 32 30 32 13 18 23 30 26 12 23 22 24 34 20 36 16 32 23 13 14 10 13 21 14 17 25 18 17 26 23 22 16 24 32 17 16 30 16 12 18 21 14 34 26 9 24 14 38 14 38 30 10 10 28 32 26 14 
14 16 25 29 12 21 14 11 28 20 20 28 20 18 15 12 10 15 14 32 22 32 23 26 18 15 25 12 31 15 19 29 33 10 24 19 15 34 20 15 35 19 37 21 23 30 31 15 10 32 24 17 8 11 21 18 23 2 39 18 17 27 23 19 16 22 46 24 32 20 12 31 30 27 8 14 30 13 29 28 25 21 25 24 19 18 6 37 30 20 27 13 18 40 30 19 24 24 20 21 
12 26 36 42 20 18 16 19 20 19 17 24 19 17 18 8 12 26 17 31 13 19 18 10 23 19 29 21 49 14 38 35 23 22 30 25 22 35 26 25 18 31 23 23 27 23 26 20 28 34 25 20 42 10 21 32 27 22 24 32 25 18 20 16 14 19 14 20 47 13 23 25 20 26 14 17 25 18 31 31 15 21 26 19 24 32 22 20 40 21 16 30 39 20 38 11 24 18 14 10 
18 14 32 27 23 16 14 16 24 7 15 28 21 13 29 13 32 20 17 46 35 36 18 22 18 15 26 14 28 17 26 38 31 22 18 38 15 15 22 27 15 28 34 24 23 28 30 19 16 19 19 20 29 20 31 22 28 22 24 24 36 29 17 15 20 24 18 16 29 25 15 41 17 23 16 29 29 20 21 12 31 12 10 13 18 17 22 15 24 22 27 14 23 22 31 10 32 34 27 17 
17 30 23 16 16 17 17 21 22 14 25 36 19 16 31 13 16 28 16 30 27 20 35 16 17 19 24 19 33 18 29 24 37 18 22 24 22 11 31 25 17 28 41 19 16 37 16 17 32 27 16 15 33 13 25 13 23 18 48 48 33 16 25 13 22 22 30 26 33 19 22 23 19 19 12 40 32 18 18 27 23 25 26 18 17 27 11 28 29 16 18 16 40 21 23 14 35 34 25 19 
2 27 40 20 24 22 23 17 16 16 14 31 13 15 14 15 16 32 15 23 10 21 24 21 16 23 18 17 35 13 35 38 27 24 34 28 15 18 24 14 15 18 32 25 20 34 24 14 24 23 24 20 38 18 24 10 26 13 30 46 24 14 18 13 18 31 25 15 27 19 30 42 25 30 21 27 43 17 28 27 21 27 16 12 10 29 20 34 31 21 34 7 30 29 26 15 30 27 32 21 
26 11 29 22 15 20 15 16 23 25 16 34 10 16 21 16 18 38 10 18 17 22 22 20 10 25 17 16 29 19 22 24 17 21 24 21 24 14 28 21 25 20 15 32 18 26 26 12 25 20 30 20 26 17 19 26 19 21 36 37 26 18 11 13 15 32 3 14 41 21 15 16 13 13 22 16 17 23 20 33 22 25 20 22 22 32 21 25 38 28 32 20 30 14 27 10 22 24 33 26 
20 11 34 17 3 14 13 28 19 18 24 28 14 15 20 13 18 28 12 26 20 32 32 22 17 14 15 14 26 11 23 20 23 24 28 19 13 22 10 33 21 16 10 33 24 47 36 12 26 28 21 14 18 23 17 27 28 12 22 29 22 23 11 13 17 18 21 16 28 14 21 33 10 26 27 29 27 15 20 33 18 37 23 20 13 10 16 18 42 16 28 20 29 25 35 21 9 17 21 21 
13 29 37 29 5 7 18 12 24 17 29 31 19 19 18 16 22 23 13 30 20 25 24 19 19 16 23 23 17 16 27 35 17 21 30 24 17 21 21 27 23 16 23 19 26 41 29 19 20 15 32 13 32 11 30 26 23 30 30 30 18 18 26 14 16 24 33 23 31 16 15 24 15 25 20 26 18 18 15 41 12 21 23 19 13 31 25 32 18 11 16 13 35 19 32 18 26 9 15 4 
18 28 28 14 22 17 16 17 18 27 23 31 9 20 18 12 10 19 12 31 22 19 38 29 24 24 40 18 37 13 27 33 17 15 27 22 16 17 35 20 32 21 33 25 25 41 33 13 28 32 9 10 41 24 24 24 19 33 30 22 30 15 16 14 18 26 27 23 28 15 27 15 26 24 13 34 26 12 20 26 19 20 19 31 22 31 29 18 24 21 24 20 37 31 30 12 26 11 20 28 
21 20 27 24 23 21 16 25 23 18 18 32 14 14 19 20 21 33 14 14 14 21 16 20 23 18 26 24 32 11 37 32 16 18 36 39 27 25 21 22 30 24 28 17 26 21 29 16 32 17 29 23 27 30 24 26 17 36 31 24 22 12 14 13 23 38 31 12 27 7 24 25 15 20 13 39 42 34 37 36 23 20 24 22 15 37 22 24 32 23 24 20 27 24 37 10 46 24 31 14 
23 25 38 33 10 16 17 27 16 13 21 28 19 15 22 16 21 30 22 25 19 28 36 14 24 26 22 17 26 11 21 27 39 18 28 14 19 21 16 14 19 16 22 9 37 30 25 11 26 30 17 15 30 23 19 14 23 28 34 30 38 21 22 13 24 35 41 16 48 15 20 34 21 25 26 28 24 22 23 58 17 23 25 18 18 22 19 24 31 23 31 21 44 22 39 21 31 24 21 15 
13 31 21 25 12 19 13 32 27 15 18 16 17 12 17 21 20 25 17 21 30 29 39 20 12 26 25 19 26 22 23 19 49 18 27 27 26 14 37 23 29 36 20 25 14 19 17 10 31 26 22 22 32 13 32 32 20 28 12 22 15 20 18 11 8 32 19 25 21 23 19 13 28 12 6 36 23 20 21 31 20 20 13 23 17 29 28 26 24 9 32 21 26 39 29 16 29 18 11 28 
9 20 38 29 20 14 16 23 33 24 25 23 19 15 23 16 16 21 18 23 28 30 33 23 18 19 21 15 41 18 31 38 21 11 16 29 25 23 18 3 19 21 29 17 26 33 37 10 23 34 12 24 32 23 18 31 25 15 30 42 42 22 18 15 16 47 28 20 31 14 12 28 19 14 21 34 31 12 36 28 17 14 24 15 16 36 33 30 26 15 43 17 26 20 16 16 23 21 17 21 
20 31 28 15 17 19 10 23 24 18 19 22 14 19 18 10 13 21 18 27 25 36 23 6 10 24 26 18 36 15 40 36 31 29 21 34 27 24 20 29 25 7 29 31 25 40 34 22 21 27 23 12 39 18 23 18 27 36 30 23 34 22 23 20 25 27 29 14 20 20 23 26 24 28 23 35 22 13 8 35 15 15 23 21 14 21 26 46 27 26 26 15 38 17 23 11 33 14 11 21 
14 38 30 38 12 26 21 23 13 20 18 28 23 15 11 25 18 27 12 12 28 26 13 12 14 26 27 16 29 21 27 26 13 24 19 23 17 27 36 18 26 22 20 23 26 26 18 6 34 25 34 17 27 22 14 24 17 34 41 12 20 13 14 14 18 17 17 26 47 17 22 17 22 30 21 24 13 27 28 32 18 19 14 14 29 24 30 37 19 25 26 17 32 41 25 16 33 29 23 16 
17 23 38 26 21 8 14 22 26 18 30 23 24 18 16 16 12 22 17 32 20 21 25 18 17 17 28 16 20 20 12 30 15 18 24 28 11 20 23 27 11 18 30 27 28 24 27 16 25 22 12 10 23 26 29 34 30 17 15 26 23 17 18 17 17 26 13 21 29 14 17 20 19 21 20 26 32 23 22 26 21 8 25 22 18 33 26 35 30 9 26 23 29 24 8 22 39 43 25 18 
9 28 37 26 21 18 23 14 20 16 25 16 18 18 23 24 15 20 16 38 20 27 12 14 24 23 18 9 27 14 34 37 23 20 21 28 12 25 16 10 26 18 31 18 35 31 19 17 22 34 24 19 46 24 12 19 7 22 33 38 19 25 15 21 17 24 37 24 35 11 23 28 25 19 20 25 34 17 30 31 15 16 18 8 15 33 21 32 29 15 3 22 31 17 34 15 23 12 13 17 
24 32 42 34 23 14 17 21 16 19 16 41 17 19 22 13 14 28 16 29 12 37 33 24 26 20 30 14 33 16 34 33 37 21 16 24 20 17 25 14 22 27 24 29 24 18 13 11 25 14 26 19 14 17 21 36 26 36 29 41 20 28 31 18 15 32 24 23 24 14 16 41 18 28 11 41 34 26 14 14 25 22 18 20 19 12 26 32 41 17 30 18 26 30 43 19 15 26 17 13 
14 33 33 44 8 15 18 16 20 17 13 33 16 14 29 16 12 33 14 24 21 31 33 12 10 20 15 8 24 17 33 29 23 16 13 24 25 12 31 32 27 25 36 13 22 18 25 18 23 40 21 18 24 13 22 22 26 22 28 24 16 25 7 15 17 24 20 18 37 12 23 44 29 27 10 28 25 28 14 38 28 23 13 20 10 25 32 14 22 22 24 15 17 45 33 14 39 28 19 21 
16 22 27 35 8 28 19 15 18 18 26 39 24 15 28 14 14 24 11 22 24 14 27 15 27 14 20 29 38 19 29 30 22 16 19 34 19 29 20 23 25 27 26 31 36 22 33 19 17 24 26 23 47 16 15 23 23 19 20 31 19 26 17 10 23 23 34 18 21 14 32 14 18 10 26 13 11 18 12 36 18 21 26 11 11 20 39 38 50 13 36 20 18 34 25 13 21 26 18 27 
14 26 39 20 19 11 13 14 13 14 22 14 29 11 15 19 16 29 17 34 20 29 22 18 20 28 25 13 19 23 32 21 38 22 24 23 20 27 31 26 16 20 22 21 24 34 19 14 13 30 33 19 41 20 38 28 24 12 16 14 18 14 15 17 27 31 43 22 25 16 31 37 34 22 26 13 12 26 26 31 23 25 7 29 13 24 17 10 30 14 20 18 27 20 25 20 41 34 29 30 
7 34 37 32 11 21 15 25 30 14 20 22 27 7 9 13 11 25 23 29 20 9 21 16 19 18 15 24 28 23 17 22 43 8 26 28 14 34 22 26 42 23 28 23 21 14 16 12 24 31 22 28 44 25 30 19 17 28 11 32 9 17 17 16 23 13 29 15 18 18 16 19 33 18 21 42 30 22 30 14 19 18 20 28 19 32 27 44 28 18 9 18 34 25 17 16 32 25 24 16 
11 15 37 27 15 15 15 33 15 16 20 33 25 11 24 18 19 19 7 39 18 34 19 19 15 15 19 12 28 14 35 32 39 20 18 40 11 18 31 24 29 31 22 26 29 14 20 13 27 13 17 27 43 10 29 34 37 23 28 22 31 19 21 10 22 27 30 13 18 14 17 32 19 23 17 33 18 13 25 41 33 17 13 21 19 25 13 18 36 24 21 24 31 30 26 17 29 32 32 23 
21 34 37 8 21 23 19 13 19 20 12 25 17 11 17 16 21 24 17 19 23 26 23 21 27 22 27 29 37 19 29 29 24 15 24 20 15 24 36 16 26 20 39 17 19 51 19 15 23 20 15 20 30 26 29 20 17 26 14 16 20 30 16 14 15 25 33 13 14 18 10 44 11 23 19 23 20 26 30 32 23 12 10 11 15 36 28 38 33 15 31 20 34 25 29 11 22 19 17 20 
13 14 36 28 19 15 12 17 13 14 23 38 28 17 11 15 16 24 13 19 21 24 26 19 16 11 31 14 32 19 39 24 15 19 30 13 16 16 15 18 29 20 32 17 27 40 23 19 40 25 22 24 29 25 15 13 26 32 22 40 27 25 23 11 20 34 23 26 27 22 15 24 14 34 17 27 30 16 19 40 13 18 26 23 17 32 28 26 30 22 34 14 29 29 23 10 23 20 24 9 
21 22 23 34 19 12 20 28 27 13 21 30 15 13 20 15 18 22 12 34 24 29 16 26 12 27 21 13 37 14 39 31 28 19 21 31 17 11 34 18 23 26 21 25 20 33 19 17 26 26 19 14 32 20 23 37 17 23 31 31 27 26 18 18 15 14 30 10 39 15 26 36 23 17 21 17 17 12 18 33 20 30 10 18 16 33 27 27 30 17 34 20 42 33 41 14 14 17 11 25 
20 25 45 23 20 10 19 18 24 17 25 36 22 18 19 12 8 22 20 30 25 29 18 20 21 26 28 18 34 16 37 27 39 13 20 12 18 27 20 29 18 23 34 26 29 28 29 10 28 23 16 21 21 20 16 27 16 26 34 23 27 24 13 19 18 33 26 15 14 15 25 35 16 20 12 19 30 26 26 26 21 18 24 17 13 34 36 33 15 11 35 21 30 43 20 16 16 20 28 17 
21 24 40 32 18 16 15 22 23 12 17 28 22 19 27 15 13 31 24 21 22 25 16 12 20 21 27 26 25 21 30 32 28 15 22 32 22 17 16 14 24 33 24 21 43 22 24 14 22 24 25 17 45 16 26 26 26 29 24 25 14 20 11 21 19 36 32 17 37 17 19 39 42 25 23 34 25 20 25 22 21 27 25 20 12 37 35 12 29 23 17 27 20 29 33 13 31 30 23 24 
19 33 39 37 22 24 19 18 12 11 17 21 15 17 19 19 16 17 21 31 7 26 22 20 16 18 26 16 21 18 27 21 37 16 36 25 27 18 23 28 21 13 16 28 37 38 25 14 20 33 18 16 44 12 16 19 20 26 24 23 21 23 11 18 18 28 32 23 30 11 15 22 11 20 13 23 8 25 15 30 24 22 13 25 14 19 19 20 35 22 18 28 38 33 38 21 21 14 31 20 
17 32 23 30 11 15 20 20 24 17 18 28 39 23 8 14 21 22 8 35 21 35 22 20 19 8 37 12 27 16 21 22 32 15 35 36 26 15 16 25 30 20 22 24 26 31 23 15 38 30 15 24 34 26 31 24 16 28 37 31 28 25 7 20 17 36 44 19 35 21 6 36 13 18 15 34 26 24 34 35 18 11 11 20 12 39 20 28 34 15 32 22 28 28 32 21 24 26 22 31 
11 25 20 25 14 25 9 20 26 17 22 24 24 13 18 19 15 18 19 32 15 23 40 28 25 21 20 14 33 10 31 10 25 17 28 49 21 20 15 20 19 27 20 20 32 29 26 11 23 24 21 25 37 22 26 20 9 37 18 27 21 19 18 12 16 12 27 19 24 18 22 29 27 14 29 20 20 21 20 41 16 15 12 10 23 8 29 17 23 18 17 27 29 26 31 11 11 33 15 20 
20 34 37 29 29 16 13 17 23 18 17 33 22 20 21 19 21 14 15 18 25 33 23 23 23 25 27 13 35 17 36 30 24 19 23 24 27 26 35 27 30 17 21 22 27 12 40 20 15 12 14 24 24 17 22 24 18 32 40 22 32 14 16 12 21 19 39 16 36 19 27 23 20 17 22 21 16 13 26 30 14 16 10 17 21 11 21 18 22 10 33 19 25 24 16 11 22 29 22 7 
19 38 30 21 22 19 17 22 19 13 22 36 15 11 20 13 15 19 13 35 16 15 27 17 19 19 11 15 26 13 30 19 27 20 17 30 20 25 16 16 27 20 24 18 24 29 17 22 21 27 20 19 23 18 24 27 24 25 29 42 26 24 20 12 18 35 38 14 35 16 15 30 45 30 23 43 33 9 29 22 16 24 15 13 25 28 23 29 34 18 31 13 12 35 20 28 23 14 25 10 
14 25 44 6 32 20 11 21 20 14 9 22 18 24 24 20 8 32 18 26 28 25 12 13 23 24 19 19 29 19 36 33 23 27 17 23 15 28 25 21 26 28 30 13 21 20 19 16 18 24 23 15 41 18 27 6 20 23 17 30 26 25 30 14 14 29 32 15 43 20 11 29 31 25 29 27 20 21 31 28 20 8 22 16 17 14 29 32 22 14 12 19 23 35 23 12 32 27 24 14 
21 33 33 38 17 11 19 27 26 9 10 16 17 13 25 23 18 31 16 15 18 21 18 3 14 20 22 17 44 10 38 32 20 17 30 18 27 23 29 12 15 23 32 13 35 7 30 17 20 34 13 22 29 13 30 21 20 14 28 34 29 15 19 16 20 47 15 17 28 24 9 40 24 26 30 33 28 21 19 36 33 18 27 9 15 42 30 37 34 13 39 30 26 40 37 10 29 20 19 15 
19 37 30 22 21 14 22 11 23 19 8 21 25 17 29 22 16 30 11 20 30 22 24 22 13 21 18 21 24 8 35 32 15 25 28 27 23 22 21 24 22 8 33 11 23 38 22 19 21 19 11 6 39 14 28 17 31 33 18 45 24 11 15 13 25 27 32 18 43 24 35 27 23 19 19 30 19 19 27 30 30 29 33 22 16 31 37 26 33 13 37 19 19 40 38 18 26 25 28 26 
20 29 27 16 20 11 20 23 27 5 21 23 25 19 29 12 13 25 16 40 21 25 31 21 22 23 28 23 53 24 27 18 9 19 19 18 23 18 25 21 18 22 44 30 18 35 22 18 5 39 10 15 50 18 23 22 20 13 33 27 28 21 13 17 21 32 38 30 24 24 29 25 32 28 25 31 37 21 26 41 7 20 17 18 18 26 12 14 27 17 19 26 24 26 30 13 40 14 10 20 
22 24 33 29 11 20 19 19 22 19 16 22 18 19 21 12 17 33 16 26 41 34 19 17 13 29 15 16 30 15 28 26 29 22 21 27 11 24 28 25 21 20 33 25 29 20 15 13 18 23 11 18 23 14 25 29 24 35 29 16 20 28 26 17 18 25 38 22 29 15 23 34 29 25 14 24 17 14 22 38 33 25 20 18 11 46 18 45 40 20 26 19 22 36 28 16 18 22 21 12 
20 6 39 31 13 24 14 21 39 12 15 29 20 16 14 19 12 39 15 31 35 31 30 12 19 19 24 20 27 9 42 31 41 20 25 34 9 26 31 20 28 27 20 26 25 28 22 10 27 30 32 22 24 21 20 18 22 27 21 29 17 19 17 18 20 19 36 14 24 4 13 28 24 29 25 35 24 22 25 35 13 18 11 19 22 34 41 31 18 20 28 20 27 34 41 18 43 26 18 27 
11 17 16 17 10 11 22 20 19 5 20 23 12 14 32 17 12 30 12 32 17 34 26 21 8 16 29 11 22 12 22 27 32 25 21 19 10 19 23 22 20 13 38 17 38 30 22 12 27 30 11 13 26 15 26 25 24 33 28 19 21 19 14 16 27 36 30 19 26 15 12 42 17 24 19 30 29 12 38 29 17 27 19 21 19 19 33 28 18 9 27 27 34 34 42 16 39 28 25 33 
17 27 36 22 11 19 17 22 21 18 16 33 20 16 15 20 16 26 12 6 19 23 18 14 19 15 28 20 31 17 43 40 13 17 22 27 18 28 18 23 29 33 37 17 33 37 24 13 33 21 28 14 31 27 26 23 15 20 19 12 22 13 16 12 18 29 31 15 24 20 35 36 38 28 29 29 38 19 17 34 25 17 8 26 23 21 12 29 24 22 35 17 37 43 20 13 28 23 12 16 
18 26 40 19 13 28 16 24 23 18 21 22 18 14 21 17 23 25 19 35 28 28 20 11 15 19 21 23 28 15 51 21 18 13 15 35 14 21 30 21 19 24 18 30 25 20 27 13 36 34 27 23 36 17 15 33 17 32 31 34 31 28 16 7 23 42 20 20 30 20 21 26 16 20 24 27 28 22 18 32 24 43 27 30 19 19 22 21 40 15 23 24 27 30 16 17 38 20 27 9 
13 26 35 29 17 16 15 18 18 10 19 42 21 18 20 20 17 20 12 24 22 30 18 24 21 21 31 15 33 17 41 40 38 25 20 29 20 24 28 24 26 11 23 21 23 17 36 12 25 36 20 22 36 18 22 8 31 24 16 25 16 19 19 15 25 26 43 17 32 7 15 30 22 21 13 46 25 11 10 22 17 26 14 30 13 18 30 36 26 25 28 19 30 27 18 19 19 11 20 21 
18 27 39 31 18 12 11 26 25 10 20 21 17 17 22 17 15 33 19 29 22 18 18 10 15 25 13 21 9 14 42 22 19 23 37 18 22 14 23 16 28 26 22 22 31 26 31 6 27 21 20 15 20 17 21 25 27 17 39 19 24 19 14 21 10 32 32 18 29 22 19 17 28 30 24 34 41 23 25 36 9 4 12 24 19 31 16 38 20 22 11 21 26 28 29 17 22 25 27 6 
13 37 36 39 21 18 20 26 23 24 19 16 25 15 40 17 24 22 14 24 22 33 27 12 17 21 15 3 33 16 28 18 41 20 25 36 20 12 29 13 12 21 33 18 26 40 14 18 21 22 30 19 26 20 23 30 25 29 14 26 17 21 18 19 23 46 20 19 20 22 16 20 29 19 12 37 28 21 33 25 27 22 23 20 13 35 38 25 26 15 28 22 26 33 10 16 27 35 27 16 
15 18 36 33 15 18 15 28 18 27 18 31 19 15 21 19 21 20 15 19 12 22 31 16 12 18 13 15 43 7 20 28 49 19 19 39 18 36 20 28 23 22 20 17 21 33 23 16 20 20 18 17 16 28 17 16 24 21 24 29 37 16 25 20 27 33 28 22 35 20 21 24 3 32 29 34 35 22 29 48 27 15 33 20 13 23 23 28 24 21 16 20 24 39 27 15 27 32 23 4 
9 26 25 28 19 20 8 13 31 16 24 31 22 16 17 19 16 20 18 33 21 21 20 17 16 15 23 20 25 14 17 39 34 25 24 26 16 31 26 22 38 32 22 21 35 43 24 15 12 25 28 26 28 14 23 25 19 25 25 32 37 21 21 14 19 49 40 21 36 19 21 11 40 14 21 23 28 22 27 33 17 10 35 17 17 22 14 36 14 23 37 19 17 19 20 10 21 15 28 23 
20 21 22 20 16 15 13 28 23 12 27 21 27 14 16 24 24 34 16 38 16 20 4 16 19 25 20 9 27 14 39 33 32 14 26 32 20 20 44 20 26 14 26 22 15 28 26 13 16 36 19 25 36 19 12 31 24 26 17 14 33 27 10 17 17 19 28 22 27 14 26 37 26 26 21 11 21 26 10 26 24 22 26 14 16 42 22 21 30 16 34 18 25 32 28 17 24 21 23 19 
13 21 28 22 16 19 14 21 26 10 16 23 21 11 28 19 18 21 19 30 27 29 31 18 9 26 30 11 48 12 38 14 29 14 29 24 21 34 24 22 25 32 23 23 18 30 24 8 30 21 20 19 15 17 11 16 34 13 39 17 19 17 16 20 13 35 42 27 27 13 29 18 31 25 15 31 38 11 29 32 19 26 21 14 24 33 29 21 18 21 28 16 40 28 17 10 21 9 17 17 
18 31 32 17 12 24 17 29 29 19 19 31 11 16 7 17 17 24 19 31 26 22 14 12 16 18 20 11 37 16 44 24 14 17 20 25 19 31 32 26 17 28 28 16 28 37 16 15 30 34 11 22 22 19 30 38 15 22 39 38 35 27 22 20 20 25 31 16 25 14 17 28 20 15 23 14 28 23 20 22 22 26 22 16 17 30 19 32 28 26 28 12 33 40 27 10 20 20 31 15 
25 25 35 27 15 13 16 20 34 14 16 27 29 16 24 10 16 17 15 29 12 23 29 18 14 18 28 12 29 9 32 38 19 25 28 41 19 19 32 16 25 24 22 25 22 28 18 14 15 33 18 13 20 18 35 23 22 16 21 23 32 28 17 13 21 24 37 20 31 18 32 26 36 17 27 19 17 23 14 34 18 5 19 17 22 16 14 19 29 23 41 8 27 26 14 20 38 39 27 24 
18 31 21 18 23 21 13 26 25 16 17 25 19 20 30 15 18 29 14 31 26 18 19 17 16 18 16 20 20 13 33 21 23 19 29 19 23 16 30 13 37 28 24 19 27 25 11 8 28 42 18 12 29 22 33 31 15 15 21 27 22 21 17 17 20 35 28 18 18 26 27 34 44 25 23 22 19 27 25 35 24 25 21 14 16 29 23 16 28 20 40 26 26 31 7 9 23 16 25 29 
27 19 26 32 10 18 17 30 26 9 20 37 24 14 11 12 20 29 20 30 28 21 30 13 15 27 6 15 29 20 34 33 36 25 22 25 16 25 26 24 25 29 30 23 26 33 32 11 21 31 16 10 49 26 17 30 27 21 27 24 24 25 14 11 21 47 35 23 27 20 18 39 29 11 27 24 12 18 25 28 12 13 19 20 18 22 20 29 42 19 19 23 7 29 18 16 44 19 20 17 
22 26 30 21 18 15 22 20 24 16 19 2 10 15 22 11 13 22 17 10 31 27 23 16 14 24 28 13 21 15 39 41 35 17 27 15 14 28 24 17 26 18 22 22 30 29 34 17 20 2 27 20 23 26 29 33 22 34 42 23 26 28 19 16 20 31 30 11 30 13 18 12 30 30 24 37 20 17 18 32 29 19 17 15 12 32 18 39 30 16 21 16 18 25 24 12 37 21 15 20 
21 32 32 32 11 32 21 32 25 22 16 30 19 14 20 14 17 29 17 24 30 29 30 12 19 17 26 16 39 15 22 28 33 22 18 37 28 25 30 27 19 23 28 25 32 35 29 17 27 34 25 24 33 12 20 35 18 17 31 25 25 16 13 17 22 15 22 11 44 6 11 24 27 16 35 23 19 18 19 38 21 20 24 11 17 34 25 29 12 19 25 21 22 24 32 18 12 31 14 24 
16 17 21 38 20 11 15 32 31 19 19 14 16 15 21 20 16 25 14 26 17 26 12 15 12 17 16 18 21 18 35 27 42 20 26 40 21 33 28 35 21 19 30 16 28 39 20 9 22 25 32 13 40 23 28 31 30 25 33 24 24 27 22 17 23 24 41 15 30 20 16 24 36 12 12 28 8 19 27 33 22 14 19 19 18 15 25 35 11 16 28 27 41 29 11 13 20 23 5 15 
12 16 32 31 22 18 20 20 27 8 17 21 20 15 13 13 23 27 18 33 18 30 42 24 21 7 30 20 28 19 33 24 36 11 23 40 21 36 17 19 30 22 32 18 27 34 28 16 26 31 19 16 17 23 17 17 35 27 18 21 27 20 16 17 26 16 24 11 35 9 26 14 17 23 10 22 33 13 33 40 29 25 29 26 19 41 28 39 34 18 34 19 35 30 37 11 26 37 24 27 
18 30 36 32 16 17 14 15 11 17 18 34 19 15 21 20 16 14 15 30 21 36 20 12 11 24 27 18 43 14 32 45 29 24 21 22 9 18 18 27 30 15 16 28 29 33 23 14 34 20 31 14 33 19 25 21 22 24 32 21 24 25 16 12 15 25 42 15 26 24 21 36 24 22 18 10 34 14 15 29 26 24 16 14 13 14 19 32 34 20 31 22 36 48 18 8 17 18 26 18 
23 22 33 39 14 19 14 28 17 19 26 19 18 11 23 15 19 23 11 14 31 20 19 17 19 20 19 10 21 10 20 34 30 20 20 30 24 18 21 21 34 25 37 24 34 33 28 11 28 25 24 16 39 25 18 22 24 33 18 4 37 12 18 15 15 30 35 10 24 19 23 32 13 30 17 36 15 34 31 44 17 28 23 18 13 28 34 27 34 16 30 8 13 37 21 12 41 17 25 28 
19 16 41 24 14 16 17 19 26 24 7 37 8 17 34 13 20 22 17 38 25 27 29 20 7 18 13 18 38 22 39 29 31 19 17 29 18 28 16 16 30 27 31 30 31 25 31 21 29 33 24 18 23 17 30 25 23 34 26 29 31 31 12 11 19 43 41 11 28 6 28 33 20 32 17 25 20 15 19 42 34 22 16 22 19 36 27 29 36 13 20 19 44 24 17 19 34 7 19 9 
22 14 29 30 15 19 5 31 23 14 28 24 17 19 24 22 19 34 19 30 33 21 24 15 12 19 11 24 19 16 19 23 30 15 31 29 23 19 26 24 31 33 25 15 32 32 21 17 20 26 14 17 48 23 28 23 23 11 25 21 33 19 13 14 23 23 28 19 25 28 18 28 25 15 30 26 20 18 31 22 12 14 20 24 10 21 27 36 26 19 39 14 35 31 23 13 24 18 13 24 
26 23 28 36 16 19 9 22 15 14 21 22 14 10 22 13 18 18 14 38 30 17 36 19 15 23 29 10 23 11 33 26 34 16 14 17 16 19 19 18 18 11 18 12 23 23 32 13 14 28 18 24 29 27 29 21 25 24 25 13 42 27 17 15 22 21 16 19 26 20 19 24 24 15 16 29 28 19 22 27 16 26 23 8 20 27 21 29 31 18 22 15 16 25 16 13 40 19 16 19 
22 22 26 36 8 13 19 22 17 10 21 32 17 18 28 15 12 32 12 23 33 18 13 19 16 15 9 17 26 17 44 34 22 17 22 13 19 20 29 24 30 28 18 28 21 45 39 12 31 36 21 11 22 19 24 28 27 29 40 22 28 26 25 12 14 14 20 11 34 14 16 19 30 22 10 26 14 18 15 27 35 24 30 23 14 40 38 20 33 17 23 20 4 36 30 18 30 29 18 19 
19 27 47 19 4 29 17 26 34 15 21 22 18 11 24 11 10 29 10 25 26 14 24 15 12 17 21 15 36 20 22 32 19 11 20 30 18 29 23 22 17 30 30 21 18 29 33 14 24 28 25 17 42 20 15 31 17 19 37 36 33 12 9 12 22 37 38 17 27 13 27 29 21 24 18 41 21 19 29 25 28 27 21 15 18 30 23 36 12 21 36 20 21 35 17 15 34 29 25 10 
20 27 46 32 14 25 16 26 22 14 16 32 27 20 26 15 16 29 9 30 32 38 23 26 12 16 27 22 22 17 22 27 33 20 31 30 18 18 33 23 27 31 25 26 29 33 30 18 36 21 14 14 39 15 23 24 14 23 45 24 14 20 17 16 23 28 34 21 23 17 35 30 24 20 15 36 21 22 17 21 29 24 28 15 21 25 33 30 20 18 28 16 39 26 17 20 32 13 25 26 
29 17 29 16 21 17 20 22 21 16 24 34 16 21 22 21 24 14 10 28 21 32 19 18 16 10 33 13 37 23 32 16 29 4 22 24 21 20 36 23 21 10 22 19 19 35 32 15 21 35 25 24 50 20 17 25 30 22 23 24 37 22 18 13 13 35 28 26 28 12 27 27 21 24 27 37 37 21 17 22 12 32 21 30 13 26 18 38 33 18 22 10 26 32 24 13 21 26 28 28 
16 30 37 35 15 20 19 27 4 29 25 35 28 16 30 12 13 26 17 29 28 17 31 18 14 15 21 14 33 24 32 30 31 17 22 24 22 22 24 12 29 23 31 11 12 21 31 15 21 20 20 20 36 18 19 22 18 27 39 21 7 22 15 16 28 28 37 22 26 13 26 23 36 17 11 28 31 21 20 28 17 19 26 20 18 14 35 29 24 18 21 13 31 31 37 11 38 20 16 10 
14 19 35 49 18 22 17 31 29 21 13 31 18 14 25 23 10 17 11 36 24 28 12 8 19 27 29 24 25 11 27 25 27 15 15 24 13 13 41 23 20 10 32 24 20 34 32 15 35 42 35 15 21 16 27 22 32 25 30 26 28 27 15 18 14 24 24 11 31 12 23 28 30 26 14 28 9 20 46 49 23 14 30 23 18 22 31 32 29 15 17 15 20 19 28 15 21 43 14 17 
25 28 39 35 18 18 19 31 22 21 16 29 18 18 22 18 14 30 14 30 20 26 30 11 17 14 27 10 25 10 26 9 48 15 31 34 31 15 21 22 29 36 18 25 15 39 29 11 23 33 26 12 45 13 33 30 29 24 29 19 9 19 15 17 15 34 34 8 31 18 23 35 29 25 22 34 23 27 11 27 20 11 15 17 12 26 26 38 35 16 16 18 32 27 30 15 23 31 22 8 
21 27 27 16 13 17 17 22 12 18 22 17 18 16 18 22 15 27 18 31 15 30 35 19 23 19 17 24 19 9 35 30 29 15 16 37 23 21 30 12 24 25 23 23 19 15 23 19 23 15 27 21 31 18 20 35 13 19 30 27 32 27 11 15 16 33 40 9 26 9 21 38 35 24 21 30 17 12 25 26 13 19 22 19 16 19 22 24 33 20 31 23 19 21 18 12 31 20 27 6 
17 31 14 35 21 17 11 21 21 15 20 30 27 9 20 10 13 35 17 28 14 23 27 14 14 18 21 12 24 26 22 32 42 15 28 26 16 25 24 22 36 32 39 31 30 35 17 12 16 35 20 19 13 21 20 26 28 23 25 18 31 22 20 16 15 29 21 3 33 14 24 25 36 16 17 31 54 23 26 45 17 25 20 23 18 23 26 26 30 10 30 16 28 28 25 18 26 20 20 22 
25 19 29 36 2 18 15 19 16 13 17 30 21 13 20 13 13 25 11 24 37 24 13 26 19 17 19 20 38 18 44 29 37 13 29 33 15 17 21 13 30 25 17 19 23 35 33 15 28 21 24 20 31 16 27 25 23 38 35 16 15 18 13 15 22 27 39 11 22 20 13 43 20 29 25 23 36 25 11 28 24 20 22 18 16 34 16 33 34 18 38 20 48 25 28 16 31 25 20 15 
14 24 30 31 11 14 16 15 34 23 23 31 25 17 33 12 17 9 18 28 27 35 11 9 14 17 22 22 28 11 32 39 36 24 20 33 18 18 29 7 17 15 30 21 16 47 27 14 22 18 16 15 17 23 27 29 22 19 29 22 35 21 21 17 12 30 24 10 17 23 17 51 25 28 13 27 18 18 29 21 22 24 21 22 15 38 20 41 25 20 28 19 29 34 34 19 31 27 14 16 
20 30 28 22 16 17 19 15 27 24 20 33 22 26 16 19 11 23 14 29 25 26 22 17 25 22 7 17 21 15 26 24 44 18 26 30 19 26 29 22 40 26 26 31 20 34 19 21 17 34 21 24 25 23 24 13 23 23 35 22 31 21 15 15 16 34 20 14 18 16 23 40 28 23 25 14 37 19 23 43 22 32 28 11 23 29 29 25 35 17 24 19 10 29 21 18 36 24 17 21 
15 19 53 30 18 8 22 20 24 9 13 36 15 14 29 15 8 16 14 31 13 16 23 13 14 18 13 20 36 16 29 24 30 16 27 31 21 11 33 33 10 29 32 11 34 18 29 16 36 10 27 24 18 14 28 30 22 30 29 33 13 11 21 13 11 33 26 23 33 21 31 13 31 23 21 18 32 24 35 15 19 21 22 26 20 25 26 29 18 18 18 20 20 30 39 14 38 19 28 18 
18 22 40 27 15 18 12 29 16 19 18 34 25 9 16 13 16 23 15 33 23 37 30 21 10 17 21 25 30 17 31 44 13 17 21 30 20 29 25 20 19 20 29 19 17 24 26 11 29 26 16 19 30 24 25 11 20 39 37 45 42 17 23 11 21 33 33 20 17 21 15 23 28 19 21 24 28 15 26 17 17 28 18 19 19 34 33 24 26 11 25 24 34 31 21 14 26 34 18 22 
23 32 27 38 20 20 17 17 17 18 22 25 13 15 19 13 17 13 15 20 18 7 27 3 20 22 22 17 22 19 18 38 12 16 28 32 17 20 27 27 25 32 28 20 31 19 23 15 18 36 20 19 18 19 22 22 24 22 34 36 14 24 13 18 17 19 27 15 29 18 18 33 18 23 19 23 23 30 19 37 19 27 33 19 16 27 32 42 19 12 27 18 37 31 25 10 27 2 14 19 
15 26 22 28 15 18 24 16 31 15 11 33 16 16 23 20 11 6 12 28 25 26 31 12 21 30 31 12 34 11 37 24 43 16 22 39 20 29 24 27 25 15 38 27 32 51 23 10 19 26 16 27 11 16 22 27 16 28 23 31 29 22 23 16 8 26 16 18 23 20 17 15 14 20 21 37 24 32 16 37 23 12 13 17 13 20 21 28 20 24 28 19 28 25 45 18 24 28 27 25 
24 31 36 26 14 11 12 32 18 27 19 33 20 17 20 18 16 21 9 16 25 31 28 17 18 21 27 16 27 21 48 29 35 24 23 39 20 27 20 24 35 18 25 15 34 21 28 15 18 35 5 16 25 21 21 18 23 28 46 33 28 27 22 15 16 18 32 14 35 15 14 28 24 25 22 33 17 5 33 23 19 12 21 23 14 29 22 12 48 18 30 25 29 33 30 19 34 18 23 23 
15 15 29 49 20 18 14 25 23 13 22 47 11 13 24 17 11 27 16 22 27 20 37 14 14 16 16 13 29 8 43 18 33 12 24 28 17 15 26 16 31 16 28 17 28 19 22 17 33 30 24 16 24 16 25 24 16 29 34 20 18 29 20 11 24 20 40 27 35 19 27 14 28 26 28 28 40 15 25 34 17 27 16 17 13 43 21 18 34 15 28 23 39 27 43 11 22 28 25 18 
21 20 36 22 21 16 15 18 33 24 1 37 19 12 17 13 13 30 15 24 12 31 23 18 19 23 36 17 39 14 27 30 26 21 23 35 17 27 11 20 28 33 9 22 32 25 30 21 29 30 23 20 40 19 19 18 25 30 38 21 23 13 16 12 15 49 38 22 27 23 23 34 22 23 24 29 32 17 14 32 29 27 12 14 10 48 19 23 34 17 26 16 27 24 23 17 42 23 27 14 
13 19 24 20 17 16 18 13 24 17 9 50 23 17 27 21 12 17 15 21 21 28 26 15 16 20 19 4 23 14 19 32 39 15 23 30 14 20 16 15 18 22 24 28 33 25 26 14 14 21 25 15 15 29 24 19 25 31 30 40 20 28 22 20 13 32 37 12 32 12 24 27 29 29 26 20 23 20 20 28 18 19 5 16 19 14 13 12 40 15 24 24 22 22 22 10 21 29 12 22 
12 10 18 21 7 30 11 19 25 10 22 19 17 18 13 15 14 18 11 25 21 26 20 13 7 16 31 12 38 16 32 25 33 23 25 24 20 18 20 27 26 39 24 31 9 30 23 19 27 24 13 27 45 23 22 41 19 16 31 28 17 35 14 15 26 30 26 12 19 27 22 27 27 13 27 40 32 19 24 24 22 26 18 15 14 38 38 27 17 21 26 18 31 27 37 11 26 24 27 28 
16 23 39 25 13 11 15 32 16 20 15 25 16 15 12 14 15 11 10 30 19 21 26 24 27 16 27 19 29 16 32 27 27 16 23 37 15 20 21 32 29 32 20 19 36 17 26 14 27 33 14 16 30 14 24 20 25 19 23 39 13 25 17 19 10 24 34 23 34 21 17 48 30 13 28 23 19 21 27 26 24 20 19 12 19 18 29 37 38 19 26 25 14 37 38 19 25 23 34 22 
22 11 24 15 12 23 11 17 21 23 25 32 18 26 30 14 15 34 12 43 28 24 28 25 18 8 17 15 36 14 37 42 30 21 16 26 22 20 27 29 22 10 28 27 17 14 15 17 34 30 26 22 17 26 25 32 32 34 36 32 17 22 14 17 25 22 27 14 39 12 32 17 17 23 18 39 28 25 31 32 28 22 20 14 18 36 18 22 7 24 31 23 30 20 55 14 26 23 18 19 
20 9 40 36 16 24 16 21 12 23 22 22 22 17 17 19 16 24 18 44 17 25 27 20 14 18 32 21 25 12 19 34 17 22 29 27 21 36 31 22 15 25 21 27 28 28 18 11 21 22 24 18 25 19 30 31 23 27 29 27 17 19 24 13 10 21 31 16 26 20 21 25 28 18 14 27 23 23 29 21 23 32 18 14 13 23 18 26 42 18 34 21 28 23 21 14 26 19 20 14 
26 25 28 44 23 11 16 25 30 9 17 42 20 23 19 20 19 31 10 30 16 30 22 23 15 10 28 22 26 17 35 29 20 19 24 23 21 29 13 22 21 16 31 12 17 22 25 14 33 33 14 16 26 17 36 24 14 27 14 33 27 18 19 18 13 28 29 17 26 21 20 25 25 25 17 28 33 13 26 28 12 20 26 20 15 31 30 37 44 23 27 13 39 27 32 13 27 18 10 22 
21 27 24 34 18 19 22 26 32 14 21 31 22 20 21 23 11 26 15 31 29 38 27 22 14 15 27 13 23 11 34 30 29 23 24 34 16 17 26 16 20 23 34 21 18 25 24 16 24 33 25 16 31 17 28 19 20 20 32 22 33 29 18 17 25 23 30 17 20 18 22 14 13 18 23 24 13 31 32 45 33 17 16 20 21 14 25 45 19 23 16 22 40 38 18 15 33 28 20 18 
20 30 29 31 19 13 17 20 16 17 12 31 22 19 14 16 19 31 13 21 23 24 26 11 12 27 21 16 14 17 25 20 20 12 34 12 18 25 31 21 32 30 30 24 23 31 20 17 29 15 15 23 39 18 22 18 23 35 31 35 19 23 18 17 19 34 40 10 14 17 17 19 20 19 18 21 28 18 21 36 36 19 29 14 13 35 30 40 35 8 31 18 19 17 22 13 28 25 14 8 
13 17 32 26 10 5 15 23 26 21 19 28 21 14 23 15 13 24 14 22 23 22 21 20 23 24 27 18 34 13 30 32 27 21 19 19 31 20 27 15 20 31 16 25 23 37 30 17 23 19 18 25 38 16 18 41 30 25 31 27 24 17 20 18 27 33 32 15 35 15 21 37 26 39 19 27 12 23 12 19 10 15 20 24 20 29 21 21 27 20 9 19 30 34 44 12 33 29 11 26 
19 17 10 25 19 21 13 24 20 16 19 28 17 19 18 10 12 23 17 25 30 38 3 15 21 13 27 16 21 16 30 29 40 26 26 36 14 18 25 16 28 23 13 19 18 32 40 16 19 35 15 19 47 18 24 23 28 15 30 33 20 16 17 9 19 13 22 17 34 19 18 32 31 30 16 27 23 9 28 36 23 26 25 12 22 17 26 27 26 21 26 12 33 25 26 16 14 19 21 15 
24 36 42 31 19 20 13 15 12 16 19 14 6 21 21 15 15 17 15 40 34 30 23 11 13 23 22 21 35 8 37 43 19 16 24 14 15 17 28 24 23 25 34 20 21 35 19 18 24 23 22 27 17 14 10 25 33 16 37 24 29 21 24 18 18 23 20 15 28 20 24 32 20 19 20 31 39 21 21 35 20 39 33 21 12 42 16 24 40 13 27 24 31 28 22 18 18 13 20 26 
22 32 19 39 13 30 18 25 20 14 6 19 25 17 19 16 9 35 16 24 39 27 22 22 17 17 25 12 28 14 32 18 33 23 27 30 29 24 22 15 27 33 17 16 25 38 34 11 10 24 23 19 18 19 10 26 16 30 46 25 30 21 20 20 21 28 43 7 38 11 24 37 33 20 8 27 24 20 17 35 21 17 9 14 11 24 22 36 30 20 21 18 27 36 38 12 40 24 14 20 
22 27 28 32 22 17 21 24 18 19 17 29 33 14 11 13 18 25 11 26 39 15 18 6 29 9 26 9 46 20 29 28 35 20 27 24 15 24 32 26 8 28 27 20 24 21 32 14 25 29 15 25 27 21 11 22 26 36 41 32 35 17 23 9 20 35 27 20 42 16 27 18 36 25 30 24 26 20 20 26 18 33 11 11 21 22 37 19 21 21 29 13 29 26 23 15 26 29 10 18 
24 9 47 22 13 1 15 14 21 24 27 24 26 13 20 17 13 33 14 30 22 30 14 14 18 19 28 23 18 13 18 36 41 21 14 23 19 20 19 37 37 25 27 20 19 32 25 9 20 19 25 15 38 27 25 27 25 20 32 19 36 23 22 9 19 27 16 22 32 12 21 24 12 30 25 25 35 23 29 21 16 20 19 21 12 37 21 30 15 25 30 23 26 21 37 13 31 20 25 22 
21 23 36 46 14 18 16 19 26 15 10 29 27 15 21 16 26 18 15 17 29 23 22 17 18 27 23 22 30 15 32 26 30 20 26 30 23 16 24 13 27 24 18 20 24 31 36 19 27 31 18 7 41 21 28 33 28 25 41 39 35 22 19 18 14 25 38 23 43 16 28 25 30 16 14 28 28 18 21 32 22 23 18 25 25 31 16 25 37 20 40 18 37 41 28 15 27 32 25 10 
20 19 20 32 20 18 19 19 19 19 14 16 25 18 12 16 19 22 16 20 19 23 36 16 10 21 26 18 30 23 39 23 45 23 21 21 9 25 27 15 36 24 27 26 28 35 8 17 29 13 27 19 37 16 29 22 36 23 25 25 31 19 11 14 7 16 33 10 20 22 16 32 15 28 20 31 23 20 31 34 23 13 29 19 17 29 31 21 20 26 19 28 28 13 43 13 30 29 24 14 
17 25 55 19 18 17 17 23 24 22 11 24 17 19 19 20 19 30 12 30 23 30 27 17 11 18 23 6 23 16 26 29 26 12 24 30 20 9 34 28 22 24 21 28 34 16 20 13 37 32 21 16 28 20 29 16 25 23 27 32 20 23 17 14 13 33 21 17 27 18 26 37 20 28 20 23 33 15 32 37 19 29 20 22 22 34 29 30 15 5 24 20 30 22 16 14 27 22 19 19 
21 13 22 24 16 21 16 22 14 20 20 23 19 15 21 23 15 41 11 33 15 16 31 25 18 10 12 16 37 21 30 39 30 6 7 29 12 13 25 17 24 28 19 20 23 35 27 14 27 18 30 17 33 18 23 34 28 23 26 26 32 24 10 15 20 25 27 16 27 12 26 29 29 18 18 37 19 19 15 29 6 18 21 15 14 20 15 30 36 23 31 16 25 14 30 20 20 21 17 23 
16 17 32 33 8 17 21 24 22 18 22 38 32 14 22 17 6 28 13 19 28 25 44 17 20 20 22 22 26 16 27 42 30 23 21 38 17 24 25 20 35 8 44 30 26 23 28 12 32 36 23 10 34 19 23 23 21 17 30 28 24 16 23 18 23 15 32 25 29 19 5 18 7 16 29 27 46 16 11 32 17 30 17 30 12 7 26 29 32 15 34 26 33 27 29 14 30 22 28 26 
16 19 32 37 16 18 18 26 16 27 21 50 17 12 16 16 13 36 21 30 29 11 26 18 11 18 15 15 30 20 31 23 37 10 29 35 22 20 25 24 32 29 31 27 20 23 26 18 10 32 20 16 32 16 10 34 12 36 34 33 42 27 11 7 19 32 34 23 44 18 20 35 33 30 20 31 25 21 37 37 22 27 22 12 16 14 24 28 33 17 17 10 28 18 44 7 16 35 22 17 
17 9 34 17 21 16 20 14 28 10 18 24 21 18 24 25 13 26 11 31 16 27 26 13 17 15 27 14 33 18 22 11 27 21 21 15 22 21 34 22 37 26 24 13 20 42 29 12 20 39 20 23 30 21 35 24 34 38 28 19 22 5 10 16 19 22 39 15 29 18 24 26 38 24 20 24 24 18 35 30 20 23 29 20 19 25 26 25 39 22 45 18 15 31 27 15 36 32 17 15 
17 25 20 32 24 20 10 30 9 22 7 26 23 16 15 18 16 34 19 33 18 29 39 12 26 11 26 22 26 17 30 19 32 15 28 32 24 20 31 20 21 28 23 16 27 26 34 14 33 34 18 22 15 17 23 31 19 29 23 32 26 26 13 12 18 19 24 21 29 7 20 47 18 19 23 43 20 19 29 32 21 23 26 25 16 11 21 24 31 3 25 21 25 44 17 15 37 28 27 24 
9 22 42 28 15 20 10 21 23 21 21 43 27 4 17 15 20 28 10 39 24 16 26 10 25 15 28 18 33 13 28 23 28 19 20 31 17 20 37 26 20 35 18 23 24 23 22 15 19 25 22 18 29 18 30 32 14 15 20 21 23 12 20 21 19 46 44 15 20 11 21 23 32 30 18 34 29 21 30 28 29 16 13 12 18 30 34 19 34 14 21 20 34 24 20 13 27 19 21 34 
15 11 36 24 17 20 25 30 24 15 23 15 10 16 31 18 13 43 18 28 28 13 17 22 14 12 27 19 31 16 33 19 34 20 23 28 17 16 36 22 35 15 21 21 22 27 21 17 20 23 23 19 34 19 17 29 22 21 38 3 27 26 15 19 10 30 26 19 22 19 20 23 28 23 19 28 29 18 43 30 22 20 20 15 16 36 28 41 42 23 25 7 21 27 29 18 29 26 23 21 
23 18 36 19 18 26 12 19 25 8 25 17 14 14 14 23 20 16 13 37 20 15 15 17 20 17 33 12 29 16 39 43 33 11 23 39 20 20 28 19 25 24 26 23 23 18 24 16 32 21 28 21 22 24 26 17 17 35 28 43 29 21 18 13 21 26 31 10 31 10 16 23 23 31 20 21 36 22 26 29 25 24 12 20 19 23 14 25 35 11 19 18 17 8 23 17 24 29 19 21 
23 30 27 22 17 11 10 16 28 14 16 18 21 15 16 15 20 27 16 30 26 29 31 17 15 12 30 9 35 16 26 20 24 18 26 24 16 19 27 18 24 33 39 13 8 25 35 19 32 23 22 18 26 17 25 32 21 27 26 19 26 25 19 14 18 31 36 16 35 24 27 45 29 20 22 36 21 24 24 24 25 15 17 22 23 3 23 34 27 20 33 20 30 19 25 17 32 19 21 23 
23 16 20 38 22 18 16 15 28 19 20 26 37 17 25 14 17 32 21 23 20 33 30 19 18 12 24 16 21 16 31 32 29 9 21 27 17 31 28 19 15 29 28 32 28 30 27 17 35 29 22 17 22 19 20 27 24 31 27 9 34 25 14 16 15 33 27 25 34 17 17 34 34 34 17 40 10 14 45 21 21 27 19 23 15 40 16 28 32 16 23 24 37 35 24 12 28 30 17 23 
21 21 18 37 14 23 12 22 32 17 31 46 20 19 19 13 24 25 9 44 33 20 28 22 12 16 33 18 27 9 34 17 36 23 15 28 21 16 17 26 33 25 20 18 35 36 18 15 11 18 18 15 24 19 30 37 27 25 29 34 12 26 19 15 10 23 43 13 36 18 28 35 19 18 22 21 15 19 23 24 25 32 14 18 17 42 30 22 27 15 26 21 27 15 40 13 25 15 19 17 
17 23 13 32 15 12 20 20 24 16 18 32 20 20 29 15 22 11 16 27 27 25 22 16 22 24 18 9 34 15 27 34 29 27 24 21 20 22 29 25 27 26 21 9 28 24 27 24 30 17 26 14 32 22 28 23 20 18 26 28 39 5 12 19 18 27 23 21 28 8 20 21 10 14 26 31 26 20 23 21 5 34 20 20 16 23 11 22 30 13 26 21 26 34 27 16 28 28 31 24 
21 20 25 38 10 10 23 21 26 14 19 31 9 12 26 12 12 30 12 18 21 28 27 12 17 15 27 26 35 13 21 28 34 16 21 18 19 19 22 28 17 19 37 32 22 23 17 11 25 40 19 20 50 15 24 24 28 27 22 23 25 24 19 11 25 30 40 21 10 8 20 48 12 18 14 48 19 18 17 22 24 19 17 15 14 13 21 32 55 22 27 20 27 31 26 21 21 23 30 12 
18 22 20 7 24 24 12 33 16 12 21 18 26 18 22 24 16 29 18 48 32 24 32 17 17 19 26 19 35 19 30 21 22 21 19 41 10 14 22 14 21 22 29 28 25 30 29 13 19 32 28 17 47 11 31 19 33 26 30 14 20 25 28 15 19 29 24 27 21 18 19 22 21 19 19 28 22 13 29 29 27 13 14 22 16 32 35 23 25 15 23 22 21 21 33 14 32 19 16 3 
20 27 26 38 9 14 13 19 21 13 20 26 35 16 26 17 18 14 19 37 22 27 30 23 13 9 22 12 30 11 18 15 25 17 19 39 7 19 36 18 19 11 15 30 35 12 19 16 29 10 11 19 32 17 18 28 23 18 23 14 23 11 14 18 11 32 32 9 38 15 20 12 27 25 12 30 21 19 33 34 19 17 29 16 17 30 22 20 40 18 30 29 29 46 35 8 27 13 20 21 
22 20 30 23 19 17 10 32 16 7 13 27 14 13 23 25 19 38 21 24 19 19 30 11 14 25 25 24 29 10 13 35 31 16 29 22 33 16 21 23 24 18 21 27 16 38 20 7 31 21 18 27 32 5 23 30 31 30 36 21 23 19 26 15 28 29 26 14 31 18 31 15 24 32 24 18 20 13 27 25 18 28 26 29 14 42 22 28 37 17 25 24 34 12 41 16 16 20 18 24 
21 26 20 27 14 10 18 31 11 6 12 20 18 15 17 12 12 21 19 24 28 20 26 11 12 16 21 23 21 22 32 26 42 19 23 40 18 25 28 26 21 30 23 11 31 16 12 12 21 29 16 16 31 18 21 16 18 24 31 28 31 32 11 13 23 38 48 18 17 23 21 24 14 30 12 29 32 26 22 23 24 24 13 13 13 38 28 23 31 25 18 26 37 32 22 19 29 20 31 22 
22 22 39 34 12 21 18 21 37 18 23 24 21 15 16 10 17 31 15 21 23 35 35 22 18 15 25 16 30 17 24 26 12 21 16 11 22 32 16 20 21 19 20 25 29 29 20 21 20 34 23 27 37 18 27 30 18 30 24 18 32 19 17 6 24 26 25 24 17 16 19 41 30 17 22 34 39 18 32 29 15 30 26 20 20 40 29 29 30 15 20 20 21 24 30 17 18 25 18 11 
9 13 29 48 17 22 20 28 13 20 15 31 35 17 12 13 17 37 16 21 27 20 24 7 19 16 26 21 24 7 18 21 20 12 20 29 23 17 15 16 30 13 33 17 13 42 39 13 19 25 19 12 51 18 15 30 18 24 27 47 22 16 29 17 24 35 31 15 32 15 14 16 10 34 15 22 35 27 27 36 32 16 9 13 13 35 36 34 48 17 32 19 17 22 37 14 38 21 19 17 
23 21 30 34 14 10 22 28 30 17 18 20 19 16 16 14 12 24 13 24 26 19 21 20 17 18 28 15 16 15 16 13 34 22 18 39 20 12 28 24 24 28 21 32 22 28 18 19 35 6 17 22 17 15 19 33 20 25 37 35 28 31 6 14 17 27 9 24 28 23 19 22 22 28 17 32 34 23 26 19 16 19 24 18 17 31 22 16 50 15 18 22 32 27 30 8 20 17 24 19 
18 25 21 29 21 14 18 19 22 21 26 32 22 9 20 11 20 16 18 38 30 17 18 20 9 24 30 25 41 11 31 25 30 20 24 25 14 14 25 31 14 23 29 23 30 30 31 15 16 16 27 19 23 21 23 27 14 13 22 26 26 35 16 12 19 10 36 16 47 18 21 27 35 28 28 23 41 11 30 45 18 16 26 18 19 29 36 29 35 12 25 21 21 20 30 14 29 33 24 12 
20 23 28 20 16 19 14 24 21 15 21 36 22 17 28 16 16 20 14 12 24 26 16 16 8 19 20 22 26 23 41 31 39 22 8 23 24 18 24 13 19 32 19 17 26 36 23 18 26 35 25 19 28 20 17 12 22 30 29 31 24 20 21 15 17 29 46 17 31 23 20 43 25 9 18 17 21 23 28 48 24 13 16 29 15 34 15 28 33 10 16 23 22 24 12 17 23 12 28 12 
18 14 30 14 17 16 22 24 14 16 23 30 16 14 24 12 18 39 13 16 26 7 24 16 14 18 21 14 42 20 34 42 41 29 22 33 18 22 9 17 27 24 27 25 31 26 19 4 16 21 16 20 27 20 10 29 10 30 21 13 25 24 23 19 20 28 39 27 32 22 7 23 29 17 20 32 20 25 19 31 22 24 20 25 14 33 26 28 24 7 22 14 32 21 25 18 30 21 20 20 
18 23 23 20 19 5 20 15 21 22 27 40 22 21 22 15 13 35 11 23 23 29 33 21 11 23 16 15 32 14 21 16 18 14 22 15 24 35 31 21 32 21 20 30 32 41 22 16 23 31 28 19 15 15 20 19 22 14 48 29 22 13 28 25 27 36 26 13 20 22 20 29 30 29 23 22 28 19 43 34 20 42 29 19 14 29 32 27 38 11 37 15 33 24 21 13 23 30 21 21 
4 25 48 35 11 16 21 26 16 14 21 29 17 16 28 16 11 34 16 39 20 25 19 19 19 17 23 15 37 23 17 31 24 22 19 32 24 13 29 17 15 19 31 26 15 38 34 12 18 32 35 13 29 21 30 22 19 23 40 26 42 32 17 12 11 36 34 17 21 21 22 26 24 30 17 21 14 25 16 27 17 14 18 16 16 28 16 21 39 21 31 16 38 18 23 19 37 20 17 21 
18 23 23 30 20 19 15 27 32 16 21 24 24 17 18 18 16 29 16 33 25 22 23 17 13 15 29 11 34 14 50 26 35 17 27 18 23 25 19 29 14 26 26 17 31 32 27 17 16 32 19 16 40 21 16 17 32 15 29 44 14 18 23 13 14 28 28 15 24 7 20 21 32 15 24 30 26 15 17 15 27 14 15 26 12 23 29 27 24 21 23 26 26 24 36 21 30 27 26 17 
21 40 39 16 18 19 18 19 23 24 16 47 16 22 23 23 24 29 9 18 17 26 17 18 19 16 36 24 23 14 28 20 40 28 26 17 26 18 17 21 29 18 26 23 24 26 20 23 30 23 22 21 26 18 23 26 23 31 30 16 22 16 8 17 13 19 32 11 41 22 26 24 8 23 25 30 37 15 24 31 12 22 19 10 13 28 27 21 32 24 28 11 29 28 21 20 25 28 22 24 
19 21 17 30 4 20 21 23 25 21 20 41 16 22 29 12 21 24 17 23 34 24 18 16 18 20 21 16 25 9 35 15 28 20 23 25 15 8 14 18 18 24 10 13 14 34 29 20 8 13 22 12 27 23 13 14 28 29 25 35 25 24 16 10 10 31 35 10 31 11 1 24 23 17 25 38 26 17 44 38 28 18 14 22 15 38 27 31 23 11 18 8 22 37 29 13 17 22 15 24 
22 26 18 22 19 16 12 21 27 15 23 27 15 15 22 20 23 26 17 14 18 29 21 18 22 15 19 14 29 16 25 24 16 22 31 31 20 22 27 28 16 21 33 20 17 35 21 14 23 23 16 12 28 15 28 28 13 21 30 33 24 25 15 17 16 24 34 13 30 11 12 43 28 23 17 22 19 7 23 44 26 33 12 16 16 33 27 22 27 21 20 10 19 20 13 15 17 32 27 18 
28 26 23 44 15 16 21 16 14 19 15 40 21 18 27 12 18 27 14 32 29 19 16 16 6 24 23 16 21 13 42 13 25 14 22 38 9 19 35 8 34 23 17 29 25 35 26 17 27 24 20 20 28 12 21 24 20 24 23 28 25 18 18 7 20 23 23 23 26 11 22 37 16 19 25 43 38 24 15 33 27 20 23 17 17 32 30 42 26 18 31 21 39 22 26 17 18 31 16 14 
18 29 38 29 14 7 22 19 23 22 25 28 19 8 19 22 20 29 18 23 27 33 25 18 20 15 23 12 37 12 19 19 26 18 24 31 22 16 21 31 36 16 28 25 24 32 29 16 16 29 22 23 17 23 25 16 27 22 25 19 27 28 15 19 11 33 24 18 18 20 14 22 23 27 23 22 27 28 21 26 30 27 21 18 20 20 39 34 51 9 31 13 26 30 42 14 31 18 15 13 
18 34 37 23 17 7 15 18 28 10 21 20 19 14 16 14 16 26 12 26 18 12 15 19 21 17 26 26 40 10 20 31 42 17 17 31 16 23 28 30 34 30 18 25 34 32 14 18 26 29 12 26 16 25 30 19 20 21 27 28 32 20 18 13 17 31 36 22 32 11 20 34 24 22 29 20 22 28 27 44 13 31 27 17 15 35 19 36 33 13 22 28 21 34 21 12 33 36 23 19 
24 26 33 28 20 10 11 24 16 22 11 31 15 12 18 13 11 22 16 15 28 33 30 14 20 21 20 13 25 20 26 31 28 23 21 33 22 18 30 9 32 19 18 26 21 30 27 14 14 32 28 16 27 15 38 24 21 17 35 23 20 20 9 19 14 33 26 20 22 19 21 35 38 16 35 27 28 18 26 19 27 18 26 21 25 26 38 33 18 17 35 20 25 24 36 15 27 20 17 12 
24 16 45 27 18 21 18 23 27 15 27 35 21 16 33 18 9 26 10 25 9 10 31 14 25 24 26 17 30 15 25 18 26 17 25 24 9 13 24 19 27 30 25 23 26 36 17 25 16 26 18 28 33 20 18 34 19 24 46 32 33 18 24 14 21 45 44 14 23 15 23 35 33 22 20 28 29 21 25 31 19 37 14 23 16 23 37 26 31 15 25 21 25 23 25 16 26 17 28 26 
20 6 42 11 10 12 16 20 23 14 20 27 12 17 30 15 18 23 13 24 28 21 15 23 23 16 8 5 7 20 21 23 27 17 17 24 23 28 21 17 17 28 23 32 31 23 32 20 16 39 20 19 41 23 27 30 24 22 21 26 14 22 15 16 9 18 29 15 26 11 19 46 27 28 2 33 29 23 26 44 29 24 18 22 13 24 17 20 37 17 34 18 32 24 33 20 33 40 30 9 
12 29 36 16 10 18 21 30 22 17 19 26 16 16 16 21 14 24 24 25 29 12 18 17 15 8 25 20 30 15 22 30 36 13 18 20 19 14 30 29 39 19 22 18 23 26 23 19 31 29 24 17 22 25 27 18 24 28 24 29 24 27 27 17 13 17 36 17 30 22 21 25 28 22 31 41 19 22 23 42 6 31 29 15 15 33 28 29 40 15 33 10 33 46 22 13 51 28 26 13 
8 36 20 15 13 24 17 21 23 18 31 31 22 19 10 16 15 20 13 35 20 22 28 23 17 18 24 24 42 9 37 34 34 18 20 21 15 32 33 23 36 26 15 23 26 24 31 17 25 35 17 22 34 12 21 32 30 29 29 32 28 18 14 13 14 28 32 17 45 17 13 30 22 25 17 32 38 13 24 22 25 25 19 24 11 37 23 13 41 19 34 16 22 23 18 16 24 26 22 21 
17 30 40 30 16 13 15 20 14 19 26 35 11 16 24 16 19 31 17 33 24 31 29 26 26 17 30 21 38 19 28 29 28 19 15 35 27 26 42 23 27 20 27 27 35 33 27 15 36 31 24 14 22 8 25 21 36 41 18 27 19 29 26 12 27 34 33 13 33 11 20 17 23 11 21 38 19 24 15 31 28 23 31 18 22 3 24 27 25 18 13 17 19 24 23 13 27 24 22 23 
24 36 32 38 26 20 18 27 23 22 16 24 19 24 24 23 14 22 11 25 23 32 20 6 21 17 21 19 26 7 19 35 14 19 18 24 15 11 24 32 21 20 20 16 33 45 36 11 34 26 18 34 32 19 23 26 35 27 28 32 19 26 23 11 21 35 27 12 39 18 21 24 37 23 25 31 17 16 24 20 16 32 15 26 18 32 26 37 13 18 30 22 31 23 31 17 29 22 13 20 
24 24 27 28 15 14 16 25 16 13 21 21 22 12 23 21 18 41 19 34 19 19 21 19 14 14 28 24 34 14 32 26 29 16 23 37 20 25 25 16 16 36 27 11 15 28 41 13 32 36 8 26 31 12 24 33 18 29 27 24 21 4 22 18 17 24 28 17 37 24 28 28 29 24 26 40 31 22 16 28 13 19 19 19 14 28 26 35 32 24 27 20 21 29 33 11 25 26 22 24 
20 9 28 18 17 12 18 19 25 15 9 23 29 14 18 16 23 23 8 35 26 22 20 18 23 22 25 23 37 12 35 30 48 5 21 32 18 29 22 20 35 27 24 32 21 17 22 15 20 39 16 23 24 20 16 20 20 29 27 31 27 16 20 17 25 26 36 16 17 17 28 26 23 22 18 27 36 23 35 47 18 18 19 11 14 26 21 32 36 14 37 21 20 24 32 14 23 19 19 20 
22 21 49 31 15 13 17 11 19 25 18 22 26 15 16 12 18 18 15 14 25 26 24 15 19 19 17 17 42 22 41 24 11 26 17 39 23 23 30 27 31 23 21 20 35 28 10 13 16 35 24 16 28 16 16 25 25 27 26 31 37 20 21 18 22 32 28 12 30 18 24 21 23 29 15 36 23 24 27 30 22 21 17 14 17 30 28 38 24 16 25 13 18 15 32 16 38 20 24 16 
16 33 25 18 18 13 18 19 18 14 16 35 2 21 22 20 12 25 23 36 14 19 24 16 13 17 21 19 28 17 32 30 44 7 24 29 25 28 21 26 17 26 30 30 24 21 38 24 18 20 29 17 21 17 30 18 13 23 28 31 26 27 18 17 2 16 42 20 22 29 17 11 15 27 27 37 29 18 28 43 30 20 13 21 14 24 18 29 21 21 28 21 30 16 20 19 31 16 26 19 
15 31 32 19 19 17 15 28 29 7 25 38 15 13 19 13 18 28 9 21 24 26 33 9 17 17 24 21 32 17 31 43 34 17 20 35 14 26 17 15 34 19 20 22 22 52 23 9 10 22 20 17 29 28 23 22 19 32 27 28 32 13 22 15 16 19 29 5 34 12 19 23 27 24 22 36 20 22 27 54 19 28 15 17 15 26 23 23 16 24 15 13 22 24 35 12 23 32 21 20 
15 11 31 33 15 22 26 19 24 17 17 32 15 14 24 20 10 28 23 38 24 22 29 14 19 19 23 15 46 21 30 23 17 24 22 32 17 19 19 10 21 10 26 15 30 45 22 23 10 21 14 16 41 32 27 14 13 22 25 29 26 12 19 16 14 22 33 18 25 20 21 33 29 29 22 34 20 18 24 29 18 24 23 15 12 19 25 14 17 13 21 21 40 34 24 18 41 28 24 30 
20 20 16 30 19 24 18 22 26 16 21 40 29 10 25 15 18 25 18 27 19 34 26 15 14 10 16 17 30 16 41 20 38 19 26 33 26 32 21 28 25 21 26 20 20 34 27 7 21 37 14 23 31 18 16 23 11 18 51 23 21 8 14 13 20 28 36 15 17 12 25 34 24 23 23 20 19 26 10 20 22 19 26 12 18 27 10 28 14 26 34 17 33 37 20 15 23 42 13 19 
14 22 38 33 25 13 14 18 23 16 18 32 17 17 7 11 17 19 11 37 10 28 21 13 9 18 26 23 32 16 44 12 36 14 21 22 18 9 21 17 13 19 18 25 28 31 43 20 19 24 29 21 12 20 34 28 6 24 22 29 31 15 8 19 23 21 31 20 28 13 27 17 33 17 14 36 21 23 26 28 31 30 17 24 12 30 29 28 40 21 33 22 32 27 29 18 21 22 9 23 
9 22 30 21 13 16 17 18 15 14 16 30 21 15 11 23 12 27 15 25 26 25 18 18 22 17 20 17 16 15 33 18 51 19 26 31 12 14 28 19 16 33 30 23 6 29 29 9 24 26 19 18 33 27 28 26 11 24 33 26 31 21 20 7 25 37 24 20 29 15 27 16 28 24 26 27 18 24 34 35 30 30 19 12 22 10 34 26 32 19 26 21 32 43 24 10 29 15 27 20 
18 29 14 29 22 18 17 14 17 19 20 23 27 8 14 15 17 32 7 28 15 22 26 15 14 20 18 23 30 17 28 24 38 19 24 17 20 21 20 29 27 24 27 20 28 31 32 20 25 23 31 18 37 22 31 4 18 20 33 42 28 20 23 18 18 30 36 11 22 15 14 28 17 21 24 13 26 22 12 44 25 26 27 30 17 33 12 20 16 14 29 18 25 30 31 12 26 23 20 24 
10 14 39 32 18 7 14 16 29 21 18 23 23 23 21 18 11 31 17 36 10 31 33 17 20 22 13 9 43 15 25 37 35 11 24 33 17 17 23 21 22 16 30 23 24 23 24 18 14 21 32 27 27 10 16 23 18 20 38 35 19 18 22 21 9 23 21 12 45 21 20 32 16 33 17 32 24 23 21 42 16 17 16 15 12 14 29 34 20 16 14 21 38 25 31 18 34 22 17 33 
13 30 21 34 20 7 6 25 30 18 18 23 21 20 22 20 19 28 8 29 31 21 13 7 7 15 27 20 42 16 21 30 28 13 20 31 17 35 36 21 19 21 30 21 18 13 32 10 21 23 28 12 29 14 15 26 21 30 16 21 27 22 10 16 20 29 29 11 21 23 19 35 30 23 18 43 29 12 18 45 20 26 14 7 12 38 35 24 35 19 16 8 24 27 22 10 19 27 28 11 
20 25 17 17 14 21 14 16 29 18 22 29 17 14 27 4 4 19 19 41 15 33 39 12 9 19 26 17 33 18 31 26 29 19 25 28 12 17 17 21 23 21 31 21 27 31 31 13 25 33 25 24 21 18 21 25 34 21 31 29 26 19 27 10 21 33 30 10 40 14 28 27 23 25 29 22 35 22 25 17 17 20 26 19 18 28 19 37 31 16 34 16 19 25 18 13 9 25 27 26 
18 18 16 26 7 17 11 30 18 27 18 20 13 9 31 14 14 38 18 42 28 25 41 22 19 17 17 12 22 15 36 33 29 11 34 21 13 16 34 19 34 37 26 23 14 20 27 12 17 24 27 15 23 21 35 12 22 31 19 29 22 17 14 17 18 43 33 23 21 15 31 22 28 26 15 26 34 17 19 12 14 31 18 19 17 33 29 38 37 20 22 13 35 32 27 15 30 24 25 26 
25 23 29 41 20 16 15 23 22 19 20 25 20 14 11 10 19 34 18 25 14 20 29 16 12 23 27 21 18 13 42 26 9 18 21 24 24 24 46 19 18 20 29 26 18 35 24 16 21 34 20 13 24 19 18 27 29 21 35 32 22 23 21 16 19 38 30 11 28 11 30 26 16 38 18 38 20 9 19 36 26 17 27 19 23 35 29 27 32 16 27 25 40 37 25 11 18 30 12 21 
14 30 40 21 21 16 16 22 27 16 14 33 22 12 17 18 13 24 23 16 20 37 25 19 15 14 21 7 27 18 32 35 33 15 33 32 18 19 31 20 19 26 30 19 27 33 23 12 20 32 21 24 42 23 21 24 16 29 31 36 22 22 24 26 13 39 41 12 35 15 30 29 16 24 21 32 21 34 28 51 23 28 23 16 20 27 34 19 23 20 24 23 23 30 26 17 28 29 13 11 
18 22 41 35 17 14 15 24 29 17 25 34 14 18 8 18 16 31 17 15 19 23 29 23 17 17 21 16 30 23 40 15 28 16 16 35 15 25 24 12 31 24 22 14 23 49 28 12 17 26 18 13 10 20 14 17 19 25 36 30 23 15 20 20 22 31 22 17 30 13 9 23 32 26 25 38 20 17 21 38 21 20 30 26 19 18 20 14 46 17 20 12 11 25 20 15 30 16 26 20 
30 22 37 35 26 20 15 21 23 23 16 27 15 17 20 16 14 19 7 32 22 33 28 20 14 21 28 21 36 23 35 32 30 17 18 18 20 23 24 18 38 23 22 22 24 54 20 11 18 26 23 25 38 14 25 19 24 28 16 33 34 15 23 10 14 23 25 10 36 15 12 18 30 24 29 20 19 24 19 28 25 15 16 15 15 33 28 47 35 28 20 6 40 19 39 12 39 31 27 11 
11 33 19 22 15 14 13 26 10 12 14 40 20 14 16 16 12 23 17 34 38 17 13 15 15 23 25 19 26 19 25 32 23 13 21 40 23 27 21 27 30 29 14 12 22 25 20 22 22 23 23 20 31 20 12 25 26 31 26 31 34 20 15 9 14 32 25 14 43 22 20 35 38 17 20 30 26 14 23 39 20 22 23 17 18 12 31 31 29 18 19 13 29 18 40 4 40 20 20 26 
19 31 28 30 16 13 19 14 23 20 23 24 29 11 22 21 17 36 16 15 18 21 31 9 17 18 21 14 19 16 24 19 36 24 15 22 22 15 36 27 20 23 25 27 30 24 28 16 27 14 32 20 12 15 22 30 30 9 29 21 14 16 17 11 18 10 26 15 43 17 17 25 31 27 24 27 21 24 17 26 29 21 25 12 18 12 31 19 41 26 19 22 29 43 15 20 24 21 12 15 
18 14 36 17 19 18 23 32 28 17 22 41 9 20 17 12 16 25 13 20 10 21 27 14 14 14 28 20 39 22 41 37 25 22 34 20 19 18 25 13 27 25 28 18 18 31 42 17 24 23 20 11 44 23 29 29 23 28 41 24 20 25 20 11 24 32 33 14 48 13 20 28 25 26 19 26 21 23 16 45 26 21 10 13 13 22 38 29 29 19 28 25 9 28 25 18 30 23 22 22 
18 40 37 39 19 11 15 19 15 15 25 37 10 24 14 22 14 18 8 18 19 32 33 9 17 19 13 14 43 18 21 33 23 24 35 19 17 17 25 38 36 29 30 15 24 28 26 9 45 20 27 16 23 23 29 25 25 21 28 31 14 18 14 23 18 42 27 20 34 15 32 29 21 27 29 19 15 21 21 22 17 33 10 16 16 22 27 36 23 14 24 14 33 21 23 11 22 26 30 20 

MachineCapacities:
MachineID Capacity
0 10
1 10
2 10
3 10
