NumTasks NumMachines NumScenarios
30 3 500
TaskDetails:
TaskID ReleaseTime ResourceConsumption SuccessorsCount Successors...
0 0 4 7 1 3 3 6 8 
1 0 10 4 3 4 7 8 9 10 
2 0 6 3 2 1 5 
3 0 8 6 8 1 9 
4 0 10 5 6 1 9 
5 0 1 9 8 0 
6 0 9 3 9 2 9 10 
7 0 4 5 8 0 
8 0 2 3 4 0 
9 0 5 5 5 0 
10 0 6 8 7 0 
11 0 6 10 5 6 18 20 24 27 28 29 
12 0 3 10 3 4 19 25 26 27 
13 0 4 9 1 6 19 21 22 24 26 28 
14 0 3 4 10 3 26 28 29 
15 0 9 9 4 4 19 25 26 28 
16 0 9 7 6 3 21 26 27 
17 0 3 4 6 1 28 
18 0 9 2 3 2 23 26 
19 0 6 8 5 0 
20 0 8 1 5 2 21 26 
21 0 8 1 1 0 
22 0 10 8 1 0 
23 0 10 1 8 0 
24 0 5 8 5 0 
25 0 6 6 4 0 
26 0 1 4 6 0 
27 0 4 6 3 0 
28 0 5 6 9 0 
29 0 8 2 6 0 

15 28 13 27 31 14 23 13 7 17 30 27 9 18 25 12 12 28 18 15 13 20 20 35 20 12 26 23 20 29 30 21 28 28 17 14 34 22 22 18 20 30 30 18 24 11 18 23 27 15 23 20 28 13 18 13 16 19 23 15 36 8 18 52 27 22 19 28 27 23 28 19 19 23 14 16 18 16 34 25 36 25 44 16 14 21 27 31 29 38 
17 45 13 24 24 27 56 29 28 10 12 40 17 26 20 13 30 15 29 27 19 20 5 20 30 17 26 23 20 25 25 19 29 20 20 19 29 35 16 25 29 28 21 29 30 17 27 30 38 37 31 26 18 18 15 18 14 6 22 16 10 35 23 22 24 22 14 35 10 39 27 38 29 28 19 24 23 20 16 25 24 27 18 37 15 18 29 4 15 32 
18 24 18 21 15 22 17 14 11 14 19 28 21 22 22 20 16 26 19 14 15 16 24 19 22 15 6 24 16 27 23 14 29 29 23 11 24 37 24 20 19 25 24 21 26 20 23 29 36 14 38 37 22 25 14 16 14 20 21 18 19 23 14 24 33 25 17 29 30 21 20 26 32 26 19 21 23 20 20 20 27 30 35 27 16 15 25 14 29 17 
10 42 7 14 12 19 31 28 30 13 20 23 14 21 32 16 13 12 19 27 19 16 21 37 21 18 23 22 11 10 24 22 27 17 19 12 38 27 13 23 31 24 30 29 22 10 19 10 27 11 24 16 22 19 11 9 27 23 27 18 28 33 21 33 29 34 33 31 29 24 26 25 29 22 15 16 19 19 16 20 25 43 36 31 8 18 26 20 16 33 
11 34 12 38 32 20 32 17 33 19 29 46 25 38 22 11 26 23 24 30 13 16 27 19 28 8 15 45 16 25 9 21 13 28 11 16 22 26 14 43 22 36 20 25 25 13 24 28 33 32 32 23 10 23 18 12 12 22 18 23 21 40 24 21 24 23 20 28 17 27 18 18 7 21 15 19 18 14 21 16 18 19 30 14 10 19 27 27 23 34 
25 33 19 29 13 15 39 28 20 22 21 40 29 28 18 11 11 14 17 27 11 16 11 23 31 14 23 37 8 36 23 7 29 21 30 22 34 29 20 34 19 29 29 29 28 22 11 20 33 26 35 24 14 13 25 20 19 18 29 16 29 31 42 20 26 33 24 35 15 22 21 30 13 22 19 28 22 16 23 19 16 35 20 22 15 18 22 19 17 21 
23 18 8 29 15 13 24 26 24 16 21 40 15 22 44 14 21 17 28 19 15 23 13 28 38 16 29 36 14 19 14 15 31 17 22 14 27 8 21 26 18 16 36 45 17 15 21 27 26 28 21 23 22 15 16 19 13 12 26 22 17 24 23 15 25 20 27 12 19 34 28 22 22 25 20 29 29 10 31 23 26 38 32 19 21 21 30 19 23 27 
10 36 21 25 25 24 35 21 16 20 7 26 18 21 36 14 21 25 22 36 14 19 13 17 30 20 20 23 15 27 26 22 24 23 27 10 11 35 10 30 15 32 30 27 22 15 21 20 46 17 20 22 23 17 19 17 11 13 26 16 19 18 30 32 42 30 39 20 17 21 19 17 24 15 21 21 23 14 28 15 19 24 34 28 9 9 28 29 30 29 
24 42 11 18 13 38 25 12 23 13 26 16 9 17 42 13 18 19 11 30 15 11 13 30 40 14 10 19 10 32 26 13 28 21 13 11 25 29 31 38 20 17 33 26 19 17 17 20 27 23 37 23 29 11 19 9 17 21 21 19 32 25 15 35 29 27 19 22 33 26 18 17 28 17 16 13 16 9 25 22 23 30 12 28 21 19 23 25 34 30 
14 26 20 29 27 11 34 33 21 18 19 26 13 23 25 21 26 14 21 28 9 19 18 30 28 21 7 36 9 41 15 24 38 15 23 13 35 25 24 4 20 25 25 32 18 16 17 22 41 10 20 23 12 13 15 19 14 22 17 12 34 50 42 28 21 33 27 22 22 26 14 26 23 9 14 22 20 12 20 18 21 37 30 23 8 15 25 6 18 37 
11 32 9 30 22 22 36 29 26 12 15 24 18 5 23 15 23 34 28 36 18 15 19 27 22 17 29 40 18 16 24 22 26 15 20 15 42 28 23 20 21 35 27 31 27 21 20 27 38 17 33 14 23 17 12 19 12 15 16 19 24 15 40 43 29 30 21 34 29 19 30 16 27 13 22 31 31 19 28 18 29 31 28 40 20 19 37 28 23 22 
19 22 19 25 18 30 32 34 15 19 10 24 14 28 36 11 22 18 21 28 7 11 31 7 43 17 27 31 9 3 15 36 38 20 29 16 32 13 28 32 26 27 29 22 22 17 7 23 42 32 25 24 10 14 20 27 18 15 24 20 20 29 23 29 27 28 16 21 29 18 23 24 23 17 21 18 23 11 21 22 24 27 18 27 19 19 24 31 23 21 
22 27 15 27 9 23 28 28 46 13 18 32 24 26 22 17 19 19 15 18 15 18 23 35 22 15 35 37 16 26 28 18 9 28 16 10 26 28 16 33 25 16 28 29 29 14 20 13 30 15 24 29 30 26 23 15 15 17 8 16 42 34 37 40 20 33 26 20 17 29 20 23 16 15 9 21 21 14 10 17 17 36 25 21 18 30 43 26 34 30 
12 14 24 26 16 29 26 20 25 14 24 40 18 21 38 11 25 27 25 26 14 16 29 32 27 11 19 40 13 25 19 15 21 14 22 16 24 26 19 35 14 26 28 35 21 15 17 33 23 23 28 15 13 21 14 15 14 20 14 17 33 32 39 30 26 32 14 21 33 19 27 34 20 22 19 21 23 17 24 19 26 23 24 29 19 17 32 21 26 20 
16 28 16 30 19 25 45 32 15 22 20 38 19 30 20 10 19 18 26 17 14 12 11 26 41 15 30 39 14 29 18 32 42 15 15 14 34 27 19 28 31 25 16 37 23 16 23 16 10 24 42 29 18 17 10 20 21 14 21 16 22 22 31 37 35 22 21 31 33 22 22 29 29 26 15 22 16 15 22 19 30 38 33 38 17 28 39 23 24 48 
12 19 15 23 22 25 37 28 20 24 15 33 26 20 20 16 22 13 28 22 13 14 22 33 23 15 25 24 23 14 21 24 34 26 31 9 29 26 17 20 25 25 29 40 26 23 18 28 23 21 31 18 27 20 24 25 16 14 21 15 31 20 24 26 17 29 31 12 14 23 27 22 27 11 17 20 6 21 41 21 24 26 12 52 18 12 28 31 23 40 
23 24 17 27 10 32 32 10 25 20 23 28 18 8 38 11 23 28 20 29 11 22 7 40 41 13 22 39 15 25 26 20 31 24 21 15 22 32 22 25 29 24 31 18 18 8 21 22 24 24 31 33 26 13 12 23 16 18 19 21 21 29 27 26 24 26 30 32 30 24 23 25 17 18 22 28 24 12 25 34 24 23 29 24 19 23 18 22 20 30 
15 16 19 36 14 23 20 24 23 12 21 40 20 25 43 16 29 18 24 35 17 16 9 42 37 17 23 25 14 10 26 23 20 17 18 12 25 23 15 42 18 31 23 28 29 18 22 21 28 16 27 18 23 15 15 17 13 9 29 22 21 10 15 36 27 35 16 34 26 31 27 24 17 17 19 18 18 10 24 16 20 18 32 31 22 24 25 27 14 28 
9 23 16 24 17 9 26 22 24 8 11 47 15 30 39 9 20 26 17 31 12 18 22 28 26 11 26 32 14 31 13 11 16 19 26 15 23 21 24 45 25 21 13 33 21 14 16 19 26 33 44 27 30 13 18 29 12 13 25 29 38 38 34 13 26 30 25 29 11 26 41 15 29 16 22 22 29 16 26 23 27 18 32 34 21 18 24 30 29 35 
18 21 15 26 11 25 25 30 36 18 19 33 29 31 26 15 28 11 23 23 14 14 21 44 34 12 26 36 18 20 18 12 33 16 20 17 33 27 11 36 20 28 35 14 21 11 10 22 32 26 32 14 26 19 20 19 16 16 31 14 9 20 15 25 22 25 32 13 29 31 28 14 21 22 23 11 16 19 30 29 28 21 25 33 14 13 19 16 20 9 
17 21 6 20 18 30 17 28 42 15 22 48 18 25 26 14 16 8 29 29 23 15 16 27 24 17 20 16 14 18 22 19 28 21 16 16 23 31 13 22 29 25 38 25 32 16 18 16 33 15 17 14 34 18 16 20 18 13 26 18 21 27 41 20 24 30 32 43 24 25 28 24 36 21 21 20 18 12 25 18 21 20 30 28 21 16 15 25 30 37 
15 24 11 16 24 28 24 27 22 15 19 37 18 29 15 12 27 11 24 33 18 8 23 31 26 12 21 27 14 19 11 28 27 22 34 14 26 40 11 35 17 38 33 20 20 29 20 25 34 22 35 18 24 15 16 16 14 9 34 17 26 17 23 14 23 28 29 28 24 24 25 21 14 16 29 16 27 17 42 16 10 50 40 42 14 17 24 30 20 15 
13 17 13 25 19 30 18 23 18 19 25 34 14 20 18 12 6 22 30 25 14 13 19 26 25 18 21 50 11 23 16 14 32 22 2 16 33 14 14 17 29 20 44 26 18 17 15 33 28 23 26 14 20 12 24 16 11 19 18 10 34 24 41 23 37 20 18 24 21 17 25 17 17 12 18 33 13 17 33 25 18 24 14 18 15 15 39 27 32 30 
17 19 16 25 31 21 30 23 38 12 18 33 21 30 35 13 23 15 19 27 13 19 27 25 26 11 33 34 13 33 22 28 14 30 18 13 37 32 25 17 22 29 25 27 25 18 23 18 29 29 30 26 14 19 17 16 16 14 22 16 26 28 34 27 40 27 36 39 14 29 28 12 23 26 13 20 16 16 34 27 18 44 38 32 21 18 35 22 24 14 
18 56 19 34 28 27 23 12 31 16 18 35 22 19 34 13 21 18 33 31 11 13 30 30 16 21 20 30 11 27 21 17 36 22 17 23 26 33 19 21 24 34 30 24 24 17 17 29 27 31 26 23 24 17 23 4 18 17 21 17 36 22 16 15 16 15 27 25 23 20 37 28 21 22 26 19 21 19 25 21 15 33 26 19 22 12 27 17 20 48 
12 45 18 33 23 17 22 23 32 14 24 30 11 18 23 13 36 23 19 17 13 22 17 34 27 17 26 32 9 22 24 24 40 12 30 27 30 24 11 28 17 36 27 28 26 16 18 16 39 23 19 21 28 21 18 24 17 6 25 18 29 20 20 27 24 22 21 23 14 24 33 18 20 21 22 37 28 13 29 24 17 33 29 24 14 21 16 20 16 32 
24 36 13 37 13 28 26 25 32 24 17 17 16 35 27 14 13 18 31 30 16 13 22 33 18 16 21 35 10 38 18 26 8 26 23 13 22 24 18 40 24 39 7 39 29 17 19 23 6 36 15 22 20 9 26 12 17 18 21 22 32 32 25 31 33 23 17 25 13 34 35 29 21 21 18 14 23 16 9 24 13 22 17 44 19 10 22 32 16 34 
10 30 15 8 5 29 23 10 38 19 24 26 19 20 31 19 29 25 23 32 14 11 16 32 39 20 23 28 21 18 22 4 47 12 18 15 29 23 30 30 11 44 30 17 23 24 10 14 46 25 37 17 34 22 9 18 13 15 16 19 17 27 38 22 18 28 30 18 10 15 28 16 25 12 13 32 29 16 21 28 11 15 27 16 5 25 29 33 29 18 
20 28 14 29 22 29 21 20 45 18 20 30 12 26 25 13 25 33 31 23 17 14 14 21 26 20 21 43 11 23 22 16 21 18 24 16 23 45 24 24 25 25 24 31 32 16 14 26 14 21 26 25 13 20 12 14 23 20 19 14 30 26 30 29 29 23 28 36 18 22 26 33 38 17 21 32 14 21 28 16 17 30 32 47 9 15 29 25 21 33 
19 41 17 23 14 37 21 28 29 9 19 31 15 30 24 17 28 15 15 16 18 15 22 26 18 7 31 27 15 28 24 21 24 25 24 19 30 31 14 23 19 22 21 30 24 13 13 15 35 29 36 28 24 18 19 37 16 13 16 22 25 28 22 22 29 28 24 31 24 28 15 28 20 18 22 22 17 19 17 21 20 28 32 43 10 18 19 20 16 25 
18 39 12 35 17 23 43 24 13 18 19 29 13 20 22 15 14 27 24 23 14 12 19 11 25 7 13 33 15 23 13 32 32 19 23 19 27 12 17 34 28 25 22 29 34 18 7 25 19 34 40 22 30 20 14 22 17 14 18 9 26 27 26 34 11 12 16 31 17 24 16 27 20 16 24 22 16 15 25 9 19 27 21 41 14 24 15 26 11 31 
18 21 13 26 21 28 28 37 21 7 14 18 18 15 32 17 21 17 31 38 23 16 19 46 20 20 24 23 12 18 8 25 19 19 14 21 27 30 14 29 9 28 19 36 23 14 15 25 37 7 20 18 25 16 17 8 21 20 17 11 23 16 19 17 30 20 24 29 19 11 11 23 12 24 20 20 21 17 38 26 18 16 25 18 18 15 28 15 24 23 
17 34 11 31 19 28 25 18 21 10 23 37 20 29 44 13 13 22 20 21 21 17 22 21 24 15 28 26 14 29 14 21 18 13 30 24 27 25 16 16 17 35 14 25 15 16 14 24 26 21 27 21 24 18 13 18 18 23 21 19 21 33 28 31 31 21 4 26 27 18 29 7 18 25 24 21 31 17 19 25 19 21 22 23 10 26 28 20 27 25 
16 33 15 26 24 33 34 20 41 21 23 39 21 28 29 19 7 13 19 19 23 19 28 49 24 8 24 33 12 30 29 23 29 14 22 10 27 30 24 17 18 26 35 37 29 12 13 13 19 32 22 21 24 17 21 18 19 18 16 20 37 25 33 36 32 24 23 32 14 25 31 25 32 13 20 17 17 22 23 19 19 28 37 34 14 18 32 30 22 38 
14 22 14 21 14 14 27 16 34 25 22 40 6 22 34 13 31 25 13 16 18 5 25 27 17 23 21 24 17 33 9 15 34 28 24 14 23 26 11 22 30 41 23 17 20 14 20 32 31 25 16 22 24 18 17 21 25 14 18 18 33 30 36 26 27 32 17 28 25 27 44 8 30 25 17 27 28 21 43 16 19 38 20 16 12 18 40 26 18 31 
10 16 15 18 22 33 42 18 18 17 20 27 20 24 22 15 26 24 21 30 17 21 32 22 35 21 8 15 7 24 15 15 26 16 37 12 25 35 21 33 20 42 42 25 27 15 19 21 39 16 34 20 32 14 19 14 16 22 13 20 29 30 25 24 23 33 17 32 22 27 22 23 25 17 22 25 16 15 33 14 19 32 38 33 13 23 25 35 25 33 
18 16 13 36 23 18 30 18 26 9 21 27 19 17 41 13 20 34 21 26 11 16 26 22 32 19 18 33 16 19 14 20 22 23 38 24 30 30 25 46 23 19 13 17 25 17 14 21 20 32 22 27 27 28 18 26 15 14 26 14 27 25 45 27 19 24 35 40 23 27 29 29 23 27 15 28 34 22 23 21 28 33 38 37 24 34 33 25 27 34 
18 31 14 21 19 24 22 25 25 6 24 25 20 26 38 13 17 22 19 33 20 14 25 32 31 13 25 31 12 29 13 19 37 26 32 18 32 28 20 35 4 26 3 27 17 21 23 24 17 40 42 24 18 23 15 19 14 16 24 13 35 21 10 39 25 35 3 37 16 18 18 35 22 21 13 27 22 14 31 21 14 19 21 39 18 17 33 37 30 20 
15 32 14 27 27 23 28 13 35 18 21 18 21 25 25 17 25 13 29 27 17 11 22 35 39 14 23 29 14 34 20 29 24 29 27 12 20 26 20 21 17 31 24 24 26 12 28 28 37 14 14 26 12 19 16 18 14 16 23 13 17 31 24 26 24 30 23 27 16 23 22 21 31 11 16 23 24 20 31 22 26 46 12 18 16 19 29 27 21 11 
11 35 22 24 27 23 22 27 32 11 15 25 24 14 37 15 35 22 15 26 14 14 25 31 35 30 20 31 20 8 21 37 27 19 35 17 21 26 22 28 18 26 28 24 26 16 23 27 25 32 16 29 21 18 10 17 23 24 28 15 27 32 30 30 32 30 22 27 22 37 15 16 23 14 19 31 24 13 17 16 16 23 25 25 18 23 26 16 9 34 
15 31 14 14 20 24 33 27 14 13 21 34 13 28 26 10 31 17 21 30 12 18 9 30 45 15 20 9 8 26 30 27 18 23 25 21 24 24 21 44 25 26 27 20 23 12 17 29 18 24 46 22 20 11 19 11 12 11 13 27 25 32 40 24 42 37 24 25 29 26 25 18 21 23 21 32 19 18 31 8 17 24 25 29 10 13 32 28 17 23 
21 28 17 31 18 27 11 29 21 13 23 4 15 24 25 14 21 27 20 35 13 13 20 32 39 20 18 22 18 31 11 22 31 15 34 14 24 23 21 23 23 12 27 13 31 15 23 13 25 20 29 22 32 11 22 16 9 13 15 17 29 23 19 24 22 14 21 25 23 23 34 22 26 20 21 21 26 18 37 26 20 36 31 27 22 18 27 19 16 12 
14 25 18 17 18 28 38 23 33 21 19 29 23 12 21 10 11 19 27 29 18 17 22 28 43 27 12 45 11 18 19 23 15 19 13 25 36 36 18 34 29 24 20 31 20 11 21 26 24 26 12 19 27 22 28 20 16 23 20 15 22 17 26 38 19 42 29 29 19 16 18 21 27 17 24 26 22 20 28 28 19 32 32 25 16 15 24 24 20 29 
19 23 11 30 20 41 29 23 25 18 28 17 22 19 38 11 21 26 18 41 12 19 27 23 44 13 14 12 13 27 17 17 32 18 14 18 26 33 24 32 18 38 17 25 34 11 20 26 21 27 29 16 28 13 19 13 15 16 21 19 24 41 30 26 26 37 26 21 10 25 20 23 21 21 23 19 27 17 28 27 22 43 23 13 14 21 19 18 20 22 
10 53 17 34 29 24 47 26 24 22 6 24 12 31 23 10 23 14 22 17 12 13 20 33 25 15 20 29 17 23 11 37 31 31 13 17 25 24 16 39 37 14 31 25 21 11 17 32 21 25 39 23 18 22 18 16 17 13 22 8 13 32 10 25 20 36 23 34 26 23 24 12 28 25 18 21 23 14 29 23 14 32 23 38 15 14 14 23 14 37 
13 23 9 25 23 22 35 29 34 25 28 33 25 10 30 11 25 22 15 25 13 18 16 13 37 10 26 32 14 31 23 22 33 18 22 13 34 31 18 31 11 40 36 25 19 21 19 26 18 33 25 19 30 20 19 18 14 15 15 11 26 27 43 25 24 44 29 24 16 26 29 24 24 18 23 29 20 22 29 16 21 14 21 15 13 20 24 26 25 41 
18 14 13 17 19 15 12 23 43 20 19 38 21 22 17 13 16 26 23 20 16 13 14 34 42 20 42 35 14 24 19 13 24 27 32 22 18 34 31 35 19 29 42 29 24 18 14 20 30 26 33 24 16 12 21 14 14 13 26 11 27 25 28 24 18 31 31 22 19 23 29 20 22 19 14 17 20 21 30 22 23 30 33 24 14 21 17 36 23 21 
16 20 22 27 20 32 31 20 29 23 20 22 27 23 33 14 11 18 6 33 13 13 11 35 34 22 24 24 15 31 16 29 34 12 17 5 13 34 24 31 24 21 21 21 17 15 23 32 36 30 23 23 23 23 13 13 16 8 23 17 31 26 31 25 18 24 21 40 20 23 37 23 25 21 13 22 14 19 24 28 30 30 32 10 5 24 16 25 30 41 
16 25 7 31 15 33 39 32 25 19 20 6 21 21 25 19 26 34 21 40 16 12 13 28 19 18 18 40 12 22 21 20 35 19 23 19 34 30 22 30 37 32 22 26 21 22 20 26 32 28 34 19 17 8 22 21 18 23 24 11 34 18 26 23 28 31 35 27 18 22 25 33 21 20 15 18 18 24 35 28 19 44 21 36 19 20 33 28 23 22 
14 31 21 27 24 12 22 20 30 14 12 12 21 15 17 16 29 23 25 35 13 17 30 34 28 23 15 34 10 28 27 17 28 11 19 18 26 22 18 22 20 27 15 24 29 8 24 22 24 29 24 16 29 17 10 22 11 15 24 9 27 29 23 37 31 17 27 30 25 25 24 27 25 22 25 23 24 19 26 20 19 13 19 40 19 28 25 24 21 36 
17 25 15 36 29 21 35 24 22 18 26 20 16 20 32 16 30 20 31 17 19 24 20 28 37 15 26 20 16 20 12 20 30 25 27 15 40 31 19 25 27 26 22 24 29 13 18 25 38 21 28 10 14 20 17 16 16 14 15 18 22 25 31 11 16 30 18 31 30 25 28 19 33 16 26 21 21 14 40 21 27 27 29 43 11 17 26 23 14 45 
21 40 13 18 25 27 31 25 42 17 23 41 22 19 28 22 23 16 33 23 14 16 24 28 29 11 24 24 12 14 26 17 36 28 19 19 17 25 15 28 19 31 30 11 35 20 20 14 21 18 29 25 29 19 17 13 14 8 28 20 27 35 42 8 21 30 20 31 30 18 20 26 34 11 13 27 8 16 31 31 24 28 35 16 11 17 18 23 25 28 
10 27 15 25 23 28 43 21 9 18 16 15 19 7 29 8 25 28 25 36 18 23 19 34 26 16 20 24 17 20 20 24 22 28 9 13 29 25 16 29 23 24 30 24 19 13 24 29 33 20 30 25 11 19 24 21 20 18 31 20 19 17 32 26 18 31 33 23 13 29 31 22 23 13 23 23 28 24 41 26 22 19 13 37 16 22 38 25 10 32 
15 38 11 32 15 30 26 17 44 14 22 47 8 31 43 17 17 19 28 19 25 14 23 38 50 18 15 31 18 26 16 21 43 21 22 19 28 30 10 49 18 31 39 20 21 22 21 26 22 20 42 19 30 14 10 21 25 16 32 13 24 21 18 10 28 22 23 34 27 23 23 31 17 30 14 26 22 13 29 10 10 35 37 32 18 9 38 26 36 24 
12 43 19 18 28 13 45 24 30 16 19 16 17 28 33 9 19 15 20 17 18 16 24 32 50 18 22 25 14 35 12 19 31 21 24 22 25 13 18 23 17 33 40 31 20 17 18 16 27 19 34 22 22 23 8 23 20 13 23 19 27 22 33 41 26 21 25 32 26 31 23 25 9 20 29 29 27 18 20 17 18 36 32 26 15 23 32 23 21 17 
22 25 20 15 9 26 8 32 38 24 20 31 22 26 25 14 16 18 21 25 16 17 30 41 29 18 22 38 15 25 18 16 23 22 28 14 23 27 10 18 19 14 24 18 18 12 13 23 25 18 30 21 21 25 17 17 19 11 14 12 34 24 37 34 17 22 10 24 19 29 25 24 23 24 23 25 23 9 26 12 20 33 40 30 12 21 23 39 22 30 
15 53 11 26 21 28 26 27 28 18 22 48 13 32 19 14 28 13 21 26 19 19 23 39 24 11 15 19 14 17 13 16 26 28 27 15 26 31 23 35 32 37 32 12 30 11 17 17 37 20 33 17 33 15 20 15 17 23 26 17 26 25 46 38 26 39 21 25 14 22 41 28 12 8 18 26 16 16 28 26 16 35 21 31 20 21 29 25 28 28 
21 37 15 25 15 31 23 23 23 5 27 37 16 27 26 9 20 24 14 27 21 11 8 31 46 8 23 24 15 17 14 17 11 16 29 28 31 17 26 33 28 29 20 27 23 20 14 16 25 21 33 16 21 19 23 25 15 20 19 13 22 34 29 28 25 22 27 22 25 16 30 20 17 22 17 21 18 21 32 20 20 36 19 22 12 18 22 22 21 17 
20 38 18 24 16 29 10 31 19 16 25 35 22 17 21 10 13 20 23 21 15 9 11 11 26 16 22 31 14 21 21 25 36 15 29 23 27 35 19 24 32 28 20 27 23 17 19 19 26 29 30 25 29 23 24 22 16 9 31 14 23 29 31 24 20 26 24 34 13 32 29 10 23 28 36 16 30 18 11 15 13 27 23 19 17 16 37 12 25 39 
19 25 18 39 23 10 19 40 36 23 13 29 17 24 22 7 25 25 30 46 15 20 30 20 31 24 25 28 12 27 20 17 24 19 21 15 19 33 25 42 29 33 17 27 21 18 16 31 28 23 25 31 23 16 14 23 14 8 28 15 31 27 32 32 24 32 21 21 17 21 21 23 20 25 24 10 20 15 39 18 13 26 43 48 19 22 31 11 24 29 
16 33 11 21 19 21 19 23 29 21 14 26 26 25 17 13 25 17 18 35 20 19 28 45 31 7 16 24 19 26 20 12 20 28 21 20 29 42 12 25 28 30 13 27 9 21 18 18 26 31 37 28 26 24 19 20 23 16 27 13 36 24 23 41 34 30 14 29 24 11 18 10 25 19 17 15 20 12 33 20 17 15 32 34 16 18 27 20 24 29 
16 41 13 36 20 15 33 23 31 15 28 38 17 27 29 22 25 18 24 26 17 21 25 40 38 16 21 24 10 26 18 30 29 12 14 21 34 32 25 39 21 34 35 24 22 16 22 25 29 27 35 25 32 20 22 19 10 18 28 18 21 23 26 29 10 28 28 24 17 29 27 20 29 18 10 34 17 16 32 23 18 33 30 27 10 10 31 36 13 24 
12 30 15 17 17 28 46 22 33 21 20 20 25 29 14 17 30 23 23 23 14 9 23 25 39 13 22 27 17 17 16 26 19 11 30 18 24 32 18 16 17 47 34 42 23 16 13 28 24 36 38 17 26 11 22 24 22 13 21 15 21 26 40 17 26 32 22 29 25 18 38 19 18 18 18 24 19 13 33 16 19 38 31 18 16 13 36 18 22 31 
19 37 10 27 28 36 40 25 38 15 14 38 21 21 30 11 17 20 30 30 17 18 12 32 24 19 14 27 13 29 15 28 21 21 31 19 39 20 19 27 26 21 16 49 27 16 22 17 13 32 39 33 16 13 11 19 12 17 15 14 25 16 26 25 23 19 24 38 18 28 18 20 28 20 16 34 25 15 43 21 23 33 21 32 20 18 26 28 16 19 
17 40 14 20 24 30 30 22 21 25 17 22 24 19 29 15 27 15 23 36 13 15 25 41 34 15 27 22 11 31 17 22 23 20 15 21 31 21 23 28 25 41 24 17 18 13 13 28 27 30 23 19 21 8 23 19 12 14 22 7 21 23 14 34 20 32 25 27 30 31 20 31 29 22 18 12 25 16 23 20 29 33 18 21 12 23 32 17 17 33 
17 46 10 13 23 22 31 11 17 16 21 27 18 8 35 12 25 14 22 27 12 17 31 26 44 15 27 23 18 25 11 29 19 22 29 13 35 18 10 16 22 28 24 15 26 18 14 16 33 25 32 15 33 16 15 13 10 18 9 15 12 18 18 25 21 23 21 20 19 21 12 20 18 23 16 21 28 14 35 24 21 30 14 34 14 22 14 26 29 30 
13 25 10 27 23 20 33 21 28 15 23 40 21 12 23 13 36 17 32 33 14 10 20 17 15 13 19 27 15 24 29 17 19 24 23 13 23 20 20 35 25 39 20 25 24 17 17 40 14 38 29 32 25 12 15 23 14 13 16 15 24 26 37 22 12 37 27 36 16 41 19 19 27 9 25 28 20 18 38 16 26 39 19 34 22 17 14 12 17 40 
15 37 22 16 18 32 26 24 19 19 14 33 6 14 28 10 26 29 31 18 13 16 15 27 28 18 28 41 10 30 12 18 25 23 37 21 24 33 10 25 23 41 20 38 27 16 17 26 24 24 33 20 23 14 19 18 17 16 29 10 24 13 26 25 33 25 26 32 22 34 9 29 19 9 20 28 16 13 25 14 20 20 27 27 14 18 12 23 30 31 
18 39 14 24 18 28 30 13 22 13 27 60 21 34 42 19 25 22 19 20 15 13 18 26 44 22 5 39 18 32 21 23 17 28 20 15 36 26 20 22 21 30 21 27 27 17 12 23 44 28 29 22 21 20 14 19 20 12 29 22 25 31 34 27 20 31 24 25 24 26 27 22 16 12 14 23 25 16 36 20 25 33 22 19 10 20 19 27 22 29 
14 20 12 22 16 6 22 14 19 20 17 21 24 17 18 12 17 32 19 22 17 17 17 26 26 22 23 29 18 25 23 15 32 26 25 15 33 26 4 37 31 27 34 42 11 12 21 36 12 23 17 25 14 16 24 24 10 13 16 13 39 39 22 26 32 27 30 21 25 18 19 30 34 21 19 20 36 21 36 29 24 43 29 25 5 14 26 35 15 20 
19 29 13 14 18 24 19 22 19 15 19 25 21 19 31 14 24 26 22 27 14 9 22 35 33 16 33 28 18 18 14 14 27 31 11 9 13 33 17 37 14 30 26 21 17 19 11 33 34 27 34 12 17 13 16 16 11 1 33 9 20 16 33 24 22 24 27 21 24 20 38 9 26 22 20 31 22 11 21 4 24 36 24 34 18 18 31 31 22 34 
16 28 15 28 25 33 28 9 33 6 18 30 22 13 33 20 32 26 24 26 23 19 27 32 32 22 10 37 17 27 27 30 36 15 31 15 20 17 12 29 16 30 22 29 28 14 16 17 30 24 28 17 23 11 8 14 10 18 29 19 20 11 28 24 32 30 30 29 26 17 26 24 16 26 14 19 16 14 28 17 17 25 36 20 7 37 12 27 21 30 
19 28 12 16 23 22 20 35 26 18 30 26 24 22 36 15 19 27 25 12 22 12 23 29 13 23 16 21 17 33 23 20 23 16 15 16 25 13 14 16 21 42 19 25 21 12 16 21 29 25 30 20 23 12 19 25 8 14 17 20 27 14 23 25 31 20 26 31 28 23 17 33 28 18 16 26 22 19 23 34 16 21 29 26 6 10 15 23 23 28 
16 21 13 39 15 27 27 24 23 12 19 29 21 20 25 12 23 20 23 24 22 11 6 25 37 20 23 21 8 27 10 19 38 15 26 11 29 25 30 36 27 21 28 18 17 9 18 27 28 22 29 16 26 19 25 17 18 14 21 15 24 15 23 29 28 30 34 34 27 29 7 26 28 18 20 26 17 14 44 14 18 15 32 23 12 23 38 15 26 36 
16 27 6 24 25 15 40 26 14 13 18 63 24 35 27 18 17 22 38 11 21 19 18 35 19 22 16 25 14 20 14 15 26 14 19 25 25 34 5 27 22 36 19 32 17 21 31 27 24 24 42 13 23 24 22 30 22 15 19 11 32 23 28 32 23 36 33 29 18 25 20 32 25 16 18 24 22 9 21 32 23 33 41 26 13 17 30 19 18 31 
20 49 17 28 15 28 14 24 29 15 27 27 17 25 22 14 31 18 29 31 21 16 25 28 39 21 26 45 13 23 12 27 31 15 15 18 29 31 23 24 18 20 29 35 23 15 19 33 30 36 40 23 26 17 25 19 19 14 19 19 29 23 25 31 24 42 24 12 20 17 16 21 25 27 18 30 21 17 26 10 32 31 27 28 16 16 33 20 22 28 
27 29 10 24 14 11 28 33 36 17 25 27 13 22 21 12 13 17 38 21 17 24 15 36 29 18 22 16 10 25 27 18 26 7 31 18 24 30 17 20 32 31 19 23 24 7 19 15 32 19 18 17 17 12 23 20 16 23 29 12 23 7 33 16 14 34 21 30 18 17 34 13 28 14 13 26 18 20 30 9 26 32 40 38 14 20 21 27 25 36 
9 30 19 41 26 23 18 18 18 18 29 43 24 19 45 15 13 17 28 32 11 15 23 30 30 20 23 35 18 26 21 28 17 18 23 18 27 22 20 24 34 41 21 20 21 15 17 21 15 12 25 8 15 17 17 26 9 7 19 12 21 12 35 26 27 11 27 18 21 23 25 21 23 18 14 30 14 23 19 22 19 20 20 30 13 16 33 18 26 31 
18 39 18 32 26 18 32 19 26 30 24 36 14 29 34 17 20 21 33 24 19 19 23 28 19 26 21 30 16 34 28 25 37 21 19 20 27 30 18 28 21 22 30 33 29 21 15 22 30 34 43 17 27 20 25 17 12 13 30 20 19 34 24 46 23 34 20 27 28 33 28 29 29 22 16 33 19 16 28 11 33 22 12 27 16 10 24 18 23 30 
17 29 13 17 23 21 28 23 37 29 19 33 25 20 43 18 17 15 21 36 10 15 14 39 19 18 20 50 14 38 25 25 33 18 41 12 20 20 16 36 17 28 31 26 31 16 19 25 28 18 24 22 26 26 18 13 25 15 29 15 33 16 19 24 17 30 26 36 29 5 16 20 17 23 22 29 10 16 31 18 24 23 39 26 11 18 19 28 17 8 
18 53 17 22 26 24 29 11 31 12 23 23 23 29 33 18 20 22 25 26 24 13 23 30 31 18 19 35 9 30 22 25 18 14 30 12 39 23 11 26 16 30 35 38 18 15 19 26 24 28 22 20 21 21 29 28 14 13 31 17 29 38 45 36 34 21 26 26 28 23 28 19 20 16 16 19 21 16 26 13 27 16 30 53 14 20 34 37 24 25 
7 44 15 18 7 14 29 32 39 13 22 37 21 25 18 10 28 25 33 18 19 13 17 50 29 16 20 25 15 22 15 25 18 18 22 14 28 29 17 40 29 36 29 17 33 17 27 19 17 13 16 18 24 17 27 21 19 19 23 13 19 10 30 34 32 34 25 20 19 36 20 20 36 11 22 21 25 26 37 14 14 28 15 21 13 27 29 26 30 35 
18 40 24 28 22 19 27 14 23 14 28 35 13 23 25 6 36 23 23 32 15 19 19 30 42 20 23 15 12 29 20 26 22 14 31 10 28 40 22 22 13 36 24 25 30 20 26 32 31 22 38 29 26 14 18 24 16 13 21 26 41 19 38 22 29 25 18 11 34 23 28 23 26 18 10 15 17 13 32 20 16 29 35 36 17 26 27 24 26 17 
16 41 18 24 7 15 30 19 23 21 14 43 15 29 18 14 15 23 18 36 11 20 25 24 26 16 17 21 20 39 14 17 20 15 23 13 22 30 26 30 27 47 34 31 21 13 22 28 34 18 26 22 26 21 23 28 18 15 22 22 24 23 28 15 36 24 12 28 26 16 27 18 24 14 23 24 16 24 44 19 17 42 23 24 18 15 26 29 27 22 
9 21 13 22 22 21 21 19 18 13 10 27 23 22 14 11 12 12 7 38 20 18 13 23 16 12 8 36 11 30 18 24 16 19 33 13 23 32 20 32 20 23 26 30 18 22 16 41 32 20 44 17 31 13 12 15 16 14 18 17 29 29 25 25 21 28 24 22 25 20 32 24 30 17 16 24 26 13 20 13 29 24 15 33 12 30 17 16 25 26 
26 41 16 35 22 16 34 19 25 8 25 26 11 33 20 15 17 9 24 49 19 15 26 47 33 16 16 39 13 30 25 28 30 27 20 23 42 28 13 34 21 34 37 23 24 18 15 25 33 22 27 20 16 16 11 11 17 19 12 20 19 27 29 35 30 36 22 43 26 12 19 28 24 23 9 26 27 20 18 28 23 30 10 43 15 12 29 29 24 37 
18 35 19 28 16 16 20 22 39 12 22 13 19 13 34 15 20 27 23 28 23 16 13 35 54 23 19 27 15 31 20 18 24 26 30 15 26 34 24 23 30 25 21 29 24 18 19 30 45 25 37 25 25 16 15 14 10 13 25 13 23 25 33 35 25 35 15 26 15 12 21 23 24 25 17 12 23 17 25 16 16 33 13 33 14 16 15 3 28 37 
12 23 17 27 16 33 17 27 27 17 20 28 17 12 32 19 24 20 27 30 23 10 20 34 11 16 12 40 10 35 24 24 31 20 33 16 29 23 8 35 21 29 30 22 21 10 16 21 41 21 32 31 21 14 10 17 16 22 26 21 24 17 42 41 22 29 12 19 16 19 27 20 28 26 14 24 16 10 24 15 22 35 35 20 10 15 38 29 25 30 
20 47 17 34 29 21 19 28 24 21 24 34 19 27 12 16 23 16 18 24 11 21 18 15 38 12 21 19 10 21 18 14 32 20 12 13 32 32 19 21 21 21 25 30 38 14 15 19 32 21 15 21 22 14 18 19 19 20 17 17 30 31 17 24 22 22 24 7 14 22 27 27 27 17 29 26 18 18 34 19 24 14 29 14 14 17 34 37 30 25 
21 27 14 33 19 36 30 21 35 17 23 29 19 39 13 15 20 14 15 23 23 10 11 20 29 10 18 40 16 32 26 22 33 28 26 16 33 17 25 22 26 13 13 32 33 11 15 21 35 22 29 25 34 15 15 22 8 19 18 18 35 20 33 30 29 35 16 19 28 26 20 23 39 22 21 21 14 16 29 22 19 30 20 22 9 24 16 30 18 23 
15 43 21 24 21 34 34 22 16 19 28 34 22 26 24 9 29 20 23 39 18 12 21 26 37 20 27 17 12 18 20 19 23 22 27 23 21 21 23 21 24 26 14 32 17 23 18 31 31 19 19 29 25 17 18 19 20 13 25 20 24 24 35 25 20 21 15 33 20 32 32 24 37 18 9 17 21 14 39 17 18 26 13 32 10 18 25 25 26 21 
9 24 17 30 17 12 43 24 33 12 17 23 18 33 37 13 16 25 23 25 12 16 11 21 20 14 12 15 15 27 22 15 32 15 28 17 15 26 14 32 18 37 30 15 30 15 21 23 32 20 29 25 20 13 19 19 18 16 19 12 31 33 24 21 24 44 27 18 37 21 34 19 19 15 9 22 28 22 20 18 16 35 21 33 15 14 34 26 30 37 
18 31 11 17 33 22 25 9 32 25 27 26 10 33 40 17 25 26 31 20 11 17 12 34 35 15 22 19 12 28 23 14 32 18 14 24 24 25 25 26 24 28 33 28 24 22 16 40 20 17 30 24 17 19 15 19 12 15 17 15 25 37 30 30 22 17 19 46 14 15 34 23 31 22 3 18 24 15 35 27 23 26 26 26 12 17 24 22 7 34 
19 25 9 27 31 22 32 25 36 13 26 45 25 27 30 12 30 14 20 32 15 16 22 19 31 12 18 10 21 11 14 30 24 21 18 11 34 29 17 21 27 35 22 18 18 14 14 26 35 8 21 22 23 18 17 21 13 12 20 23 34 48 24 28 19 33 15 29 12 15 33 27 19 17 26 27 8 18 6 22 26 24 38 28 10 21 12 39 21 33 
18 19 11 33 22 39 37 30 23 13 17 30 15 26 22 19 31 20 16 23 15 18 23 18 9 21 22 35 18 22 7 18 22 13 15 14 32 22 16 29 22 21 32 36 24 19 16 30 33 21 24 22 31 7 13 19 17 16 30 13 29 23 32 39 27 24 24 32 28 20 29 21 24 17 10 21 19 11 27 25 23 27 36 30 16 16 24 37 17 22 
14 23 12 28 21 21 25 34 34 12 20 44 22 21 36 8 18 18 22 24 16 9 5 29 30 16 19 29 10 23 26 30 16 19 23 13 31 29 15 20 17 30 17 34 14 25 21 25 21 23 31 16 27 27 15 14 18 21 33 19 18 25 18 14 18 23 36 21 25 24 18 4 23 19 20 30 17 21 31 21 26 21 33 23 16 16 20 42 20 29 
25 19 17 19 14 15 11 34 23 25 22 26 23 20 36 26 23 20 28 26 7 15 24 30 49 17 20 30 15 24 23 17 21 29 19 13 25 15 19 18 28 22 28 29 17 16 20 23 6 26 18 12 29 10 16 19 9 19 24 15 18 49 25 32 29 33 18 40 24 21 35 26 26 20 17 25 28 18 40 16 18 30 16 32 9 26 23 28 18 31 
13 24 6 23 18 26 32 17 23 25 14 48 15 14 25 19 22 14 14 43 16 15 20 44 34 16 35 28 15 25 25 23 27 27 18 16 35 43 23 30 29 28 28 25 39 11 16 20 15 32 29 27 23 23 17 21 14 17 23 18 39 34 25 25 19 39 35 42 23 23 14 18 24 27 20 23 17 14 32 30 31 42 36 25 10 19 12 21 15 17 
13 34 21 30 7 11 31 19 17 14 23 30 17 39 20 15 16 16 28 20 13 12 20 37 23 18 23 27 9 35 24 14 23 26 25 17 23 31 20 26 16 27 13 40 25 18 16 13 18 24 15 25 23 24 12 16 19 11 19 18 19 27 29 26 27 13 15 29 31 21 33 30 15 24 20 23 13 11 32 10 13 26 21 26 21 2 20 34 26 37 
11 10 16 32 12 20 15 16 28 17 13 35 12 20 26 17 18 26 20 29 22 12 29 33 45 15 21 34 16 28 13 19 6 22 20 11 39 32 20 27 23 25 22 36 19 20 14 21 28 24 19 19 18 14 17 19 14 15 24 14 30 22 23 23 17 30 33 24 12 12 31 26 22 15 10 16 28 25 29 20 29 36 44 24 12 14 31 29 19 29 
18 26 17 32 26 35 23 22 21 25 21 27 20 35 17 18 23 16 23 28 22 18 14 36 33 12 22 38 20 8 24 26 33 18 34 19 25 15 18 28 32 41 35 14 24 20 20 29 24 23 27 26 12 24 18 16 16 14 35 13 23 27 21 22 19 19 28 18 22 21 17 19 24 21 18 19 25 13 15 19 16 26 38 52 24 11 37 16 22 37 
17 33 8 31 12 28 22 22 22 17 24 38 20 27 19 16 29 21 28 6 10 15 14 24 32 15 17 32 13 19 28 23 30 22 24 15 40 27 11 19 16 15 36 36 19 5 19 25 23 27 28 24 16 16 19 16 13 13 35 23 10 51 32 30 19 43 24 29 22 15 14 14 28 19 21 20 17 17 27 20 28 10 24 31 16 12 27 26 33 22 
16 36 13 15 19 30 6 21 20 20 18 34 18 28 38 13 18 24 29 21 16 13 22 33 31 13 16 35 22 23 25 10 32 18 19 18 33 37 20 23 16 34 19 40 31 9 4 28 15 17 32 26 20 10 15 20 5 12 26 18 33 28 17 31 16 48 24 27 23 23 33 26 18 26 23 16 14 12 36 15 18 36 27 35 17 26 18 22 23 25 
15 18 18 35 19 29 34 17 27 14 17 19 22 21 26 19 16 21 32 29 22 13 20 28 37 21 24 28 13 14 21 17 34 13 11 18 25 17 21 31 23 29 24 26 29 18 27 23 25 25 21 31 16 22 22 26 14 18 25 13 40 37 26 19 32 33 35 25 23 30 30 27 27 22 15 15 16 16 22 24 12 38 22 27 24 28 18 22 27 33 
18 30 18 29 22 26 17 35 21 14 24 42 24 14 36 16 21 25 29 34 14 20 21 36 33 22 21 26 16 27 16 23 29 27 19 19 22 23 21 40 15 24 32 19 21 13 24 36 33 34 32 27 23 16 18 30 12 22 26 20 11 1 33 25 39 16 27 50 22 32 33 20 23 23 8 25 15 18 39 24 16 20 17 33 16 22 23 27 28 28 
18 18 19 20 23 28 42 20 30 15 24 34 19 37 36 20 23 12 21 43 13 17 22 20 28 20 18 23 14 19 25 15 34 7 30 24 29 22 21 24 17 16 18 31 35 17 14 27 47 15 33 22 25 20 18 25 19 15 10 11 23 35 22 34 24 14 18 24 22 25 24 28 25 23 13 20 16 16 10 24 27 39 40 33 19 34 29 24 26 31 
11 47 15 25 8 22 23 28 29 4 9 17 23 24 21 12 19 15 31 33 21 16 22 40 23 25 17 32 16 24 19 15 24 24 33 14 19 22 16 24 33 42 32 28 22 19 21 28 29 35 28 21 31 23 22 22 14 24 25 8 25 24 39 22 25 33 19 28 26 16 19 26 19 26 18 20 31 16 36 25 14 29 28 36 14 16 26 14 24 33 
7 35 12 24 23 28 23 17 33 15 22 33 16 21 37 9 31 21 20 24 22 20 20 34 20 16 13 27 13 26 12 21 36 25 19 17 23 18 18 27 24 29 27 23 28 17 20 32 23 29 33 14 15 13 8 20 17 14 21 16 30 37 21 25 23 30 17 31 31 23 28 14 21 16 28 32 26 24 26 14 14 32 25 21 14 31 27 27 27 29 
22 50 11 38 22 24 7 18 20 15 15 40 16 19 13 18 21 25 11 22 13 20 23 45 37 11 17 36 16 25 22 18 34 15 27 13 34 39 18 44 13 32 19 34 27 14 19 22 30 23 34 10 24 19 22 13 15 12 26 18 21 35 22 31 36 19 24 25 33 20 24 21 15 21 21 29 18 17 24 22 20 31 24 31 19 18 36 17 12 21 
14 33 19 25 25 12 29 19 29 16 16 42 16 20 10 16 26 14 20 26 15 17 26 31 35 16 22 28 19 28 15 23 26 22 37 17 11 29 21 29 22 17 15 31 28 18 8 23 35 37 36 32 19 20 15 18 14 19 30 14 26 37 29 26 19 10 22 31 29 29 26 21 22 22 22 22 25 13 19 20 24 18 26 29 13 12 27 35 17 25 
11 25 10 17 16 44 34 26 44 26 17 33 15 32 35 10 16 18 19 11 21 15 15 35 29 14 17 28 18 26 20 17 28 15 24 16 25 19 28 30 13 22 35 17 26 16 16 28 32 21 23 27 25 19 12 22 17 15 21 15 26 14 17 33 22 28 24 18 24 28 21 30 25 12 14 24 5 18 23 17 22 27 25 33 19 29 34 29 22 33 
14 41 11 21 20 25 29 31 28 24 14 42 23 27 12 19 28 26 20 22 15 13 23 38 32 17 22 32 14 24 18 14 17 18 19 15 33 23 18 33 19 26 22 27 17 13 11 15 21 37 37 31 5 26 20 24 17 19 13 15 30 19 31 22 21 24 46 33 22 15 11 18 19 19 30 33 23 19 30 25 29 35 13 37 22 30 17 28 22 31 
16 34 21 42 23 33 30 21 24 22 16 32 13 24 23 17 37 26 19 14 20 19 16 34 26 15 34 22 12 27 27 20 34 18 7 15 35 25 18 24 22 32 16 21 27 19 25 11 28 23 23 16 27 16 22 22 21 11 16 18 25 20 35 35 33 25 24 14 22 26 18 18 14 17 14 22 16 20 24 20 26 16 19 28 10 21 42 32 23 27 
15 29 17 25 30 13 19 33 35 23 17 41 15 31 37 15 15 17 22 24 20 23 24 29 38 18 13 32 15 26 31 24 28 17 21 16 36 25 14 49 34 8 21 42 19 19 11 27 26 20 44 23 26 26 18 21 11 19 25 15 38 37 13 30 14 28 39 29 22 28 11 13 21 25 14 32 23 15 24 19 12 34 26 21 12 12 30 25 25 26 
20 31 11 34 12 21 21 19 9 14 13 42 14 23 24 18 30 27 30 27 18 13 21 23 37 21 11 39 8 17 10 32 41 18 19 24 28 30 16 27 19 39 32 38 26 16 32 19 30 25 28 22 19 13 17 18 13 19 29 11 24 32 21 39 15 24 26 31 22 17 21 32 22 21 18 31 25 14 14 27 23 22 36 29 14 21 24 35 11 22 
16 23 16 31 30 17 24 35 32 20 19 19 17 27 17 15 19 22 25 22 11 23 6 23 24 16 31 33 15 35 19 26 30 16 36 14 28 28 25 26 29 27 23 30 12 19 5 17 31 29 21 14 15 29 17 16 21 7 31 19 21 26 21 18 20 27 26 21 27 25 15 18 26 22 29 13 25 21 18 14 13 36 33 22 18 10 28 29 25 29 
20 44 21 31 22 16 16 37 27 8 28 29 22 26 30 11 25 23 29 29 19 16 23 27 24 15 24 30 12 18 8 21 28 23 18 11 31 6 14 21 31 31 23 34 15 17 17 27 40 28 30 15 19 14 16 25 22 13 23 26 32 23 38 16 28 38 16 29 21 31 12 12 37 17 19 29 17 6 43 16 22 35 22 44 17 27 43 13 28 18 
13 28 13 29 21 18 31 27 29 18 24 38 10 30 32 12 30 27 18 33 12 10 27 40 39 22 23 24 19 36 18 30 38 19 25 21 33 18 17 31 19 42 28 36 18 14 27 20 30 13 30 15 23 18 21 23 20 17 27 15 17 36 42 24 23 30 21 35 12 36 25 12 11 27 21 28 23 13 35 15 18 54 28 40 18 17 33 23 22 19 
13 36 12 38 25 24 34 17 30 11 16 33 21 21 27 18 31 29 18 19 15 9 18 41 33 11 20 41 13 29 25 17 30 26 28 12 29 21 10 28 18 35 31 53 26 17 14 31 33 24 18 24 35 7 10 17 18 19 13 16 17 30 25 17 23 26 32 31 28 18 29 15 26 13 14 22 23 10 33 13 18 29 41 41 18 18 39 31 27 29 
14 43 10 19 22 25 41 28 39 19 30 12 28 43 37 13 21 27 20 29 12 17 21 22 23 17 27 36 7 15 22 9 39 39 23 19 20 29 11 16 27 37 24 30 29 15 18 35 33 20 19 26 23 16 20 17 13 14 16 13 27 29 21 33 19 39 25 49 13 19 34 18 19 23 22 31 27 25 31 23 35 32 26 41 20 27 38 19 23 25 
20 33 12 27 24 28 30 21 29 18 12 33 12 33 19 23 21 26 16 36 19 18 9 30 36 17 29 22 16 27 23 20 38 21 29 26 41 20 24 22 20 36 30 27 21 20 17 28 28 26 28 22 32 21 19 7 22 15 30 6 21 37 27 20 20 17 27 32 26 23 33 19 27 15 22 27 22 11 42 20 29 24 20 34 11 14 36 15 21 22 
20 23 14 28 38 30 20 12 37 4 16 31 26 20 28 20 25 29 23 21 16 19 37 31 38 19 10 19 17 35 15 25 32 27 17 14 32 33 13 25 38 19 29 28 33 20 19 12 42 28 31 17 20 22 8 20 13 14 20 16 22 33 31 25 25 36 20 36 16 27 24 31 26 25 33 17 24 15 20 21 13 33 26 15 11 16 10 17 28 37 
15 31 18 29 26 31 23 33 29 11 26 31 18 34 22 15 29 29 26 19 11 20 8 16 20 17 22 37 11 34 24 9 18 30 12 13 17 28 16 28 27 25 11 39 29 20 10 40 20 29 19 19 17 16 16 13 21 13 21 22 16 42 27 22 36 22 22 31 23 16 26 25 22 15 27 25 28 17 20 35 15 45 32 28 14 18 40 30 20 28 
21 23 14 23 18 30 30 34 18 21 13 25 23 24 18 6 24 32 25 26 22 13 22 26 37 26 30 41 14 35 19 32 15 18 32 15 23 38 18 25 22 20 21 18 31 12 22 20 29 32 29 16 26 22 22 11 24 16 18 14 21 20 36 27 35 25 24 32 24 22 41 26 18 28 13 17 22 21 39 22 20 35 17 27 20 14 34 31 35 25 
23 39 14 24 21 31 18 20 28 19 9 42 19 21 29 6 16 26 21 21 15 17 25 17 24 13 35 13 12 29 11 26 31 19 15 20 31 22 25 12 28 29 19 21 21 9 16 12 37 40 31 26 19 23 15 25 12 12 22 17 36 23 29 23 20 41 22 20 15 21 24 22 20 7 8 31 26 9 30 20 22 23 23 39 17 12 23 28 11 14 
21 35 7 31 25 17 29 32 33 18 18 34 17 21 17 19 17 3 14 35 16 22 27 40 23 19 17 37 11 35 18 28 31 22 26 16 22 28 18 26 20 23 28 40 26 6 14 12 14 8 34 22 25 21 18 29 15 15 21 14 28 22 27 39 12 34 21 32 23 21 34 15 25 10 22 31 31 13 10 12 15 28 28 36 20 20 25 30 22 25 
4 24 12 38 23 32 27 15 31 11 19 30 23 23 14 16 28 31 27 18 17 18 6 17 26 24 24 35 20 34 23 20 38 13 26 16 37 12 16 26 22 32 33 26 20 17 22 37 35 24 45 21 32 11 18 27 15 18 35 15 22 31 22 35 16 33 27 42 25 21 28 24 28 17 14 29 20 18 18 11 14 17 20 44 9 27 32 33 21 23 
15 25 10 26 18 27 31 23 32 23 18 37 22 18 23 15 16 19 32 28 20 14 20 22 19 17 23 31 9 28 16 19 19 18 24 16 32 33 15 19 27 26 37 12 10 14 19 19 27 32 34 14 22 5 19 21 9 27 36 15 28 28 24 14 35 39 34 41 13 18 18 21 16 12 19 20 16 22 22 11 17 38 30 37 21 21 23 34 14 37 
16 31 14 18 13 32 21 13 29 19 22 31 19 20 25 14 12 27 16 43 18 18 21 29 32 15 20 41 16 19 28 28 33 32 26 21 24 30 16 30 28 29 33 28 27 15 17 17 32 24 21 30 27 23 7 17 13 14 22 11 19 22 25 31 27 28 27 33 27 17 16 22 34 16 20 27 23 15 37 24 27 30 31 13 7 23 25 24 24 24 
16 28 9 35 32 31 32 23 28 29 13 50 23 6 24 14 22 28 15 31 12 26 23 30 19 23 18 39 12 23 19 17 29 23 17 9 42 13 19 35 30 32 36 16 19 15 27 30 11 28 36 22 21 11 22 20 11 14 11 18 9 34 31 28 17 23 11 27 21 28 24 27 24 31 28 21 19 21 29 11 29 23 20 4 13 20 18 24 26 40 
12 37 13 20 16 19 17 16 25 20 15 17 20 6 21 15 21 20 21 33 16 18 16 24 36 18 15 30 15 29 24 17 34 23 31 21 24 31 9 33 28 25 19 45 22 10 20 25 23 28 22 23 12 16 13 16 15 9 18 17 18 22 35 26 22 24 25 17 31 25 25 15 24 26 25 18 27 16 10 26 32 27 11 34 14 30 20 24 17 39 
14 12 9 28 26 19 5 17 49 20 30 34 16 21 15 17 24 17 21 11 14 12 17 43 18 6 14 12 14 22 11 30 20 21 18 25 46 20 17 22 23 37 35 18 21 15 25 21 33 24 22 23 17 19 21 21 22 11 26 18 26 39 25 34 28 26 32 21 13 18 30 20 23 13 20 25 23 10 28 16 21 26 26 22 16 32 22 29 30 32 
21 17 12 41 23 21 32 27 29 24 26 5 23 15 16 13 23 13 21 27 15 14 24 33 36 21 22 28 14 25 29 23 32 16 30 20 24 24 24 36 13 23 34 28 18 17 13 21 34 28 16 35 15 16 13 7 11 21 19 15 32 19 29 39 18 33 35 19 24 22 26 22 25 21 22 21 25 18 21 16 21 23 30 19 13 10 15 18 20 33 
23 34 17 32 17 16 41 30 26 12 26 18 24 21 19 12 24 23 14 31 19 19 29 29 27 15 21 31 14 36 21 7 29 29 31 22 30 34 16 21 22 37 31 37 13 16 17 29 24 22 27 21 25 17 23 22 12 18 20 10 21 23 40 36 23 44 12 43 20 15 21 11 25 20 28 14 7 17 12 20 16 20 36 19 17 15 26 22 21 24 
15 15 17 24 21 18 30 18 28 15 18 36 19 25 23 13 28 19 18 25 13 17 22 28 38 19 27 28 26 30 30 30 38 17 19 28 22 35 21 23 28 27 33 33 28 19 13 25 30 21 21 26 31 18 20 12 12 13 26 9 30 19 34 41 30 40 33 26 23 23 27 24 27 16 13 16 28 14 10 20 17 29 31 20 12 21 24 41 21 26 
17 17 23 33 35 29 27 26 36 17 23 16 15 23 31 19 17 31 24 27 17 18 18 24 35 15 22 26 15 27 16 20 50 21 26 18 25 25 19 28 18 32 19 45 27 15 21 32 27 30 26 28 23 13 24 21 16 10 20 11 26 25 22 27 16 27 24 32 18 23 29 18 34 25 20 22 19 12 39 19 23 28 19 33 9 17 20 27 24 26 
12 26 14 32 23 27 24 14 28 11 10 16 19 16 18 13 22 21 21 22 14 28 20 27 17 8 18 24 20 28 23 10 32 16 14 20 28 30 10 32 30 16 22 17 22 12 17 24 31 19 30 36 31 21 22 26 12 12 16 14 25 25 13 29 30 28 19 26 25 32 26 21 15 24 24 23 16 14 30 12 16 41 26 28 16 20 18 36 18 16 
18 47 17 22 18 22 17 35 28 9 24 33 23 28 30 16 29 25 35 25 12 12 15 22 39 25 19 44 16 19 14 22 26 26 30 15 22 21 24 23 21 28 24 37 18 17 18 23 28 23 10 32 24 11 13 22 18 9 26 15 25 29 24 49 27 25 30 27 29 28 28 26 4 29 19 26 31 19 28 17 24 25 23 25 16 18 23 14 27 25 
16 27 21 17 18 41 13 20 16 16 20 23 16 19 20 22 29 23 28 14 11 22 22 23 36 19 23 36 18 32 20 29 31 17 37 10 30 31 14 37 36 34 22 28 15 9 17 32 31 20 33 19 19 24 16 21 11 16 20 15 21 26 29 32 28 6 23 21 16 15 18 27 33 27 18 14 28 20 29 21 36 23 24 21 21 24 21 32 22 24 
16 26 8 22 20 27 27 10 20 9 17 17 19 28 27 22 19 31 29 44 19 20 20 43 26 14 29 23 15 17 16 17 29 13 20 11 19 26 24 24 15 25 14 31 30 13 21 18 24 25 29 25 24 19 25 13 19 15 32 14 20 24 27 30 25 29 19 31 21 24 23 22 22 16 22 19 14 15 29 12 15 34 23 23 16 10 29 24 25 31 
16 24 19 14 24 18 43 33 26 20 13 27 18 27 24 11 23 19 14 23 14 19 13 36 24 14 20 27 10 15 32 17 19 20 29 17 39 23 13 36 23 30 42 30 14 15 11 31 30 17 20 31 30 20 18 20 20 22 27 18 26 39 43 31 24 27 20 24 34 24 25 24 30 17 14 19 26 12 31 22 17 32 27 37 12 24 20 30 25 23 
18 38 12 18 23 40 15 17 25 15 11 30 23 14 21 16 24 20 31 30 17 22 26 32 36 11 15 26 10 20 3 20 19 30 18 16 33 34 23 43 26 36 12 35 24 20 18 35 27 16 29 24 26 18 16 20 18 16 19 20 38 16 7 47 30 23 31 33 17 16 26 27 32 19 23 21 19 19 28 17 15 33 25 22 15 14 28 26 25 22 
16 46 17 30 29 21 34 20 23 28 24 25 13 19 30 17 22 18 17 21 16 19 12 32 16 27 20 29 14 32 21 16 30 11 31 19 19 32 19 21 28 44 45 29 26 20 21 28 13 24 45 25 21 16 21 20 9 13 28 16 31 28 33 17 20 21 25 17 27 21 19 24 15 18 11 23 22 24 36 11 8 37 39 47 11 23 23 13 22 31 
22 36 17 18 18 25 29 22 24 23 17 28 18 30 26 16 22 31 24 19 19 8 17 37 35 15 18 45 23 31 17 29 35 17 41 14 19 24 14 20 24 30 25 35 25 15 27 28 31 23 41 21 18 19 18 25 16 14 16 22 28 31 23 16 16 33 15 38 21 24 26 22 25 18 12 29 11 9 20 21 18 28 35 41 13 16 34 28 28 33 
16 26 7 21 25 30 31 20 29 27 16 31 17 12 36 11 21 31 27 11 18 11 29 35 38 17 16 24 19 21 23 22 26 29 16 23 28 16 16 32 31 22 25 22 15 17 17 31 27 22 44 21 19 14 21 16 17 13 19 10 30 19 34 21 19 33 29 35 22 20 32 8 25 17 14 18 14 14 18 17 16 33 21 36 10 16 21 28 16 32 
19 9 10 26 27 28 24 27 28 15 32 36 23 31 27 16 16 28 26 31 22 27 1 14 28 16 25 25 13 24 22 16 26 27 26 13 30 27 8 29 24 34 19 31 35 18 19 16 24 29 36 20 19 13 25 21 17 16 22 19 21 25 23 28 27 22 18 21 17 30 33 28 38 20 17 20 21 21 36 21 26 25 25 28 14 16 26 14 40 32 
21 28 16 33 13 29 27 20 38 17 14 19 18 19 35 15 15 19 27 31 16 14 17 34 14 14 15 30 14 29 26 16 24 15 25 13 30 27 16 13 29 29 22 37 22 16 13 20 16 16 29 25 23 20 9 17 12 11 15 23 17 15 28 24 23 25 17 26 19 23 16 17 24 25 23 17 11 23 29 31 13 20 24 24 14 22 26 35 13 29 
10 30 15 30 14 35 24 14 26 19 37 19 16 21 27 17 32 14 25 28 9 15 22 27 28 19 22 52 19 22 26 29 41 25 34 17 29 24 14 29 25 34 33 25 29 14 10 21 26 28 35 21 26 23 13 16 21 23 23 18 30 16 40 16 18 9 16 21 19 18 24 29 21 16 14 27 16 13 23 18 21 31 28 44 12 9 25 28 29 21 
9 38 23 24 20 23 21 31 24 15 20 36 17 29 21 15 22 25 24 29 18 8 17 39 33 17 16 26 16 28 25 12 27 15 32 9 25 20 18 20 19 20 29 33 19 13 26 17 34 22 35 19 29 16 14 24 17 18 18 13 31 29 24 24 12 28 36 37 19 35 15 24 15 33 16 34 20 25 24 12 19 30 32 25 13 18 25 34 20 35 
19 20 14 17 23 24 29 18 23 29 24 31 23 39 24 10 23 28 13 30 17 16 14 30 28 15 17 9 14 39 18 8 28 26 20 24 37 28 20 12 26 26 37 26 26 14 21 21 36 24 21 24 29 16 12 28 13 18 15 17 25 23 41 17 24 41 22 38 13 22 19 22 23 14 23 29 13 9 28 25 21 29 35 38 16 18 28 9 22 42 
17 39 9 30 15 16 24 22 36 26 19 25 20 37 14 15 21 13 20 25 20 17 15 22 36 21 21 21 8 26 15 20 36 23 22 17 34 18 26 19 27 23 15 36 21 10 15 18 23 26 27 15 21 19 19 16 24 7 18 18 20 9 36 23 18 48 29 18 10 24 20 31 14 14 26 19 16 20 20 17 22 35 25 30 16 27 30 24 16 26 
12 33 19 21 18 26 18 18 24 10 14 28 19 25 31 16 19 20 17 20 15 25 23 44 22 23 28 21 14 24 21 24 32 26 13 27 37 21 21 37 26 32 36 30 13 20 15 19 22 21 26 18 35 25 17 22 12 21 23 19 25 37 32 27 34 26 21 19 23 16 34 24 23 15 26 17 17 14 25 20 11 45 23 40 19 17 26 21 34 23 
18 22 14 36 18 42 25 23 31 17 10 36 26 24 32 21 14 11 11 37 16 18 21 36 37 21 26 17 14 26 21 21 21 15 16 23 32 12 13 23 19 33 26 26 32 15 21 6 27 26 33 18 21 24 19 20 8 16 18 19 12 25 31 15 17 21 19 35 20 30 35 22 20 17 22 23 17 15 17 13 20 16 30 34 12 13 19 28 23 29 
22 36 12 28 25 23 24 27 36 9 20 33 15 12 29 11 25 21 19 21 15 16 21 29 35 29 16 50 22 31 12 15 19 18 38 15 25 28 16 6 21 41 27 21 34 9 16 14 23 14 23 8 19 9 12 14 16 19 21 14 27 23 32 28 13 38 25 13 23 29 28 20 21 21 7 26 17 20 25 15 22 29 30 40 17 21 23 31 18 26 
17 33 19 27 19 27 36 27 27 14 12 31 21 11 34 20 31 26 17 26 18 17 17 26 40 12 25 26 12 30 19 21 26 27 29 15 25 14 17 23 24 25 14 32 13 17 23 21 30 33 36 16 21 12 17 16 18 13 25 20 20 35 31 27 21 14 31 27 23 19 25 27 12 23 23 23 23 13 22 21 28 27 37 38 17 17 33 8 31 35 
15 36 13 19 13 24 25 20 34 19 11 25 28 30 30 14 30 16 18 15 17 17 11 29 21 19 26 34 13 26 20 19 31 39 30 19 24 14 10 19 42 30 37 18 24 12 15 33 20 11 33 13 31 17 19 17 14 9 18 13 22 25 29 16 27 39 32 29 22 5 11 20 26 21 18 17 32 11 38 16 20 50 36 12 12 19 16 22 13 30 
20 24 18 29 17 32 40 31 18 11 15 19 24 16 42 23 13 15 36 34 15 18 11 26 21 23 25 32 15 22 15 17 24 17 25 15 23 25 22 33 24 20 31 27 23 11 18 20 32 12 38 7 29 31 24 12 17 14 13 24 23 28 24 12 26 24 28 29 25 26 21 29 26 25 31 20 27 17 10 18 40 18 35 32 17 6 31 25 14 19 
16 14 16 30 23 20 49 14 18 18 20 30 19 33 15 18 26 14 21 24 16 17 19 17 38 14 18 38 17 34 11 14 33 8 36 13 26 21 15 24 28 33 36 35 29 19 27 18 36 40 32 24 16 21 18 20 16 18 20 15 34 26 22 21 19 29 24 25 11 27 17 22 8 17 18 11 20 18 37 26 23 37 22 33 20 17 25 12 28 28 
12 37 11 17 19 26 30 20 23 14 30 24 18 27 37 13 24 13 17 23 15 20 18 37 30 8 8 14 18 23 25 10 17 16 30 20 13 9 23 36 26 30 22 15 27 19 9 28 44 28 30 27 14 20 11 22 11 12 6 12 30 19 39 26 19 26 35 27 20 4 33 16 22 24 21 21 32 15 20 21 16 20 13 45 14 2 18 22 28 36 
15 30 21 20 17 20 16 24 16 15 19 26 16 27 11 19 20 16 12 26 17 13 13 30 41 15 22 18 15 32 26 22 27 19 18 16 26 23 17 29 23 45 22 42 21 21 22 26 22 34 33 19 18 13 19 31 15 12 19 18 32 20 27 39 22 15 16 25 19 22 20 27 31 16 20 22 16 11 18 27 13 14 18 19 11 18 20 20 13 34 
10 29 18 23 22 22 34 26 17 21 12 33 18 20 26 12 19 32 24 17 21 14 11 32 23 19 17 30 16 15 15 25 23 28 18 19 6 28 19 41 16 17 19 20 29 12 18 27 34 24 29 14 18 15 22 10 15 17 28 19 26 29 38 31 23 24 26 22 15 33 24 29 25 10 19 13 24 3 30 15 24 39 30 34 9 19 28 28 24 34 
20 19 15 12 21 36 33 17 33 11 27 19 14 13 16 19 20 21 18 21 27 14 16 20 24 21 33 28 20 29 26 23 22 26 38 22 21 19 15 18 28 27 30 40 20 16 20 21 28 28 31 12 25 22 14 15 8 15 27 25 28 10 27 29 18 31 23 21 29 27 28 22 2 18 20 31 29 19 36 16 16 32 27 10 9 16 27 27 20 15 
19 23 14 23 21 30 23 20 17 15 17 34 14 10 15 15 17 15 19 13 12 14 22 28 25 10 13 42 21 24 18 11 19 16 23 9 33 21 27 25 29 24 31 20 22 18 21 29 35 29 38 30 30 23 18 16 10 13 19 19 34 34 32 27 26 24 32 32 12 25 17 14 26 19 14 21 16 15 29 24 24 29 31 37 24 26 15 19 28 17 
18 29 14 17 6 20 16 23 22 12 22 23 22 23 19 15 9 23 25 35 19 17 28 23 25 20 20 27 13 38 23 27 41 29 33 21 23 35 12 22 23 34 25 32 29 25 12 19 34 17 21 19 29 18 13 21 9 15 16 14 22 26 18 34 25 33 27 13 26 27 20 13 34 22 17 25 26 15 28 22 20 15 18 21 10 14 30 24 21 33 
16 32 8 25 29 25 30 15 31 11 23 15 14 21 22 10 21 21 29 20 14 16 10 39 31 17 18 29 17 18 20 22 33 25 23 18 38 27 20 30 25 18 20 19 17 27 15 32 27 16 24 21 22 25 18 18 14 14 28 22 18 40 26 30 24 45 37 41 20 32 36 17 26 18 26 24 23 17 10 29 22 27 24 29 16 16 31 35 20 14 
22 20 18 21 12 16 31 18 26 16 29 25 23 25 31 16 24 23 19 25 16 14 31 17 26 16 31 28 16 23 10 22 25 19 17 19 23 19 11 24 21 37 26 31 24 14 10 23 23 21 33 20 33 20 18 7 14 15 25 18 29 17 31 19 18 30 21 24 23 26 22 19 20 19 26 27 25 9 19 23 26 22 24 34 15 19 17 24 29 17 
12 27 13 43 22 30 24 33 32 21 28 24 15 22 40 19 19 14 35 17 11 10 12 14 17 20 27 22 12 28 21 19 35 18 29 13 25 26 13 19 27 41 26 36 35 21 20 37 32 14 33 18 17 18 23 15 16 15 13 12 23 33 34 9 19 36 23 41 21 20 15 27 20 26 18 19 28 11 26 16 25 24 29 20 14 18 29 17 7 27 
22 35 13 30 19 23 22 18 40 19 31 35 23 30 29 13 20 16 17 30 15 18 26 30 27 13 27 24 19 25 29 26 21 22 27 23 27 30 23 24 25 32 36 21 25 14 19 22 12 21 22 24 31 21 14 27 12 12 17 14 27 31 29 32 20 9 18 13 31 33 23 22 28 27 16 31 24 10 34 27 22 33 20 27 9 14 32 16 33 27 
15 39 14 17 15 20 33 13 19 12 14 21 19 23 23 9 25 10 35 25 9 13 6 31 28 14 23 36 21 25 29 29 34 8 40 16 35 22 23 21 23 46 25 30 15 27 13 32 20 35 28 32 13 21 14 26 13 15 24 22 22 27 34 29 25 23 30 36 6 29 19 19 23 29 21 18 20 8 25 21 25 27 35 24 15 17 15 21 27 21 
14 20 16 13 26 24 30 27 31 24 26 16 19 17 32 11 15 17 15 39 14 9 17 34 40 21 17 20 16 28 15 27 22 18 22 9 31 23 26 11 26 22 32 17 23 16 6 18 32 14 34 19 32 19 21 20 10 9 24 22 25 45 22 21 21 17 18 35 19 34 24 30 28 25 16 23 6 13 8 19 22 19 18 34 13 22 9 23 23 31 
21 41 19 18 23 25 33 25 27 12 23 31 13 31 18 16 20 15 25 16 18 17 34 31 39 18 15 25 15 30 19 13 26 28 23 28 30 20 21 23 24 28 32 40 26 15 21 15 43 29 34 23 21 19 21 21 19 16 17 18 18 42 19 24 35 35 33 39 17 21 34 28 17 15 20 25 7 20 30 22 25 33 18 41 14 21 29 25 31 23 
21 50 16 40 32 40 33 28 16 17 12 31 18 22 19 15 25 32 30 30 13 18 15 35 24 22 22 23 9 24 27 23 23 24 27 13 12 24 19 22 17 28 38 21 21 21 22 20 29 19 34 26 19 9 7 12 10 15 21 23 21 31 31 25 32 24 25 36 29 27 22 21 26 19 21 13 22 15 27 14 23 31 22 23 21 21 34 28 14 14 
14 27 14 15 24 29 19 26 39 17 30 24 11 25 8 10 23 16 17 37 11 16 28 24 52 19 24 29 16 31 18 18 33 11 30 28 24 20 20 20 24 22 18 39 25 16 16 29 19 10 24 15 19 15 19 22 15 13 26 16 35 19 25 23 30 35 25 36 25 21 19 15 28 21 21 29 19 24 21 26 30 25 35 29 18 17 23 38 11 30 
19 22 10 23 19 36 25 25 29 17 23 15 20 25 43 19 24 19 25 24 17 13 21 19 16 25 31 17 18 25 31 21 25 11 21 15 20 26 18 48 19 21 23 29 21 13 17 32 35 16 30 25 24 14 13 25 21 16 24 10 30 30 20 19 36 39 28 35 24 32 20 4 20 26 22 25 15 13 45 14 23 30 25 25 10 26 33 5 21 36 
7 43 20 37 15 23 33 24 20 14 28 26 14 11 24 19 18 22 27 17 16 19 16 30 36 28 29 44 12 34 20 27 26 26 26 7 25 28 27 21 17 41 22 30 22 21 6 31 29 26 25 25 14 18 13 25 14 18 30 14 16 24 45 36 23 24 18 28 20 17 22 19 24 26 11 8 17 15 36 23 12 23 26 14 22 25 29 16 28 35 
11 40 20 19 37 25 25 12 15 8 18 33 22 22 17 12 12 19 21 26 18 16 19 37 39 18 26 20 15 37 27 23 37 30 36 16 26 16 23 12 28 27 17 28 26 18 16 22 28 23 39 26 39 10 24 19 17 27 15 19 22 23 38 27 27 10 26 34 20 16 30 26 19 22 20 31 21 5 23 24 12 28 29 35 12 24 41 48 27 27 
10 28 17 34 28 23 22 39 26 20 22 21 20 17 28 11 31 26 40 4 22 8 21 24 35 18 21 35 13 32 20 23 30 33 15 16 26 27 13 22 18 50 28 30 20 20 17 31 24 29 31 18 19 17 21 20 13 11 32 13 33 20 25 37 31 30 25 22 21 31 5 30 24 16 11 22 18 15 20 13 22 25 31 21 22 20 27 23 20 22 
14 39 14 27 18 25 41 25 31 14 21 35 30 26 23 7 31 18 31 22 17 8 12 34 33 13 22 29 16 25 18 21 15 21 5 17 22 32 23 27 19 45 22 30 23 15 26 36 27 31 27 27 20 14 12 18 10 17 21 24 35 23 20 33 19 25 17 31 21 12 24 22 34 19 13 31 19 20 30 25 24 20 36 23 12 16 24 23 21 32 
24 27 15 25 25 29 20 40 29 15 15 26 24 16 34 10 29 27 19 30 19 18 32 14 37 26 19 35 13 29 3 27 24 12 36 13 28 36 9 26 29 34 31 30 20 15 10 20 27 26 34 21 19 15 27 21 11 13 26 22 25 28 15 33 22 27 28 27 29 25 37 33 20 25 19 23 10 20 36 14 29 39 38 26 17 14 45 12 9 23 
20 29 19 26 8 30 32 22 31 22 21 14 13 10 21 15 26 18 16 32 7 10 29 20 15 22 14 36 11 34 25 28 27 23 28 22 22 26 18 29 15 34 19 18 22 20 19 30 31 30 24 20 19 14 14 11 20 13 17 10 29 28 25 37 33 33 18 22 29 25 23 24 30 22 11 26 28 17 21 21 14 32 31 43 18 22 35 16 10 26 
23 16 7 33 18 22 17 21 36 16 30 26 24 24 28 23 16 18 25 26 20 11 21 17 51 25 24 25 12 7 25 17 28 28 25 6 20 26 19 18 27 27 31 14 21 13 22 31 28 31 17 28 41 20 15 25 14 13 24 7 14 14 35 30 19 24 23 38 17 18 19 23 27 22 15 28 27 19 25 26 18 16 33 31 17 22 33 24 18 24 
19 32 14 25 22 25 19 17 35 11 15 34 19 34 30 14 24 15 20 30 20 16 14 32 20 16 20 29 18 42 23 19 18 20 21 17 5 36 6 31 19 30 21 11 16 11 12 20 28 10 35 14 12 20 10 21 13 10 21 14 28 24 29 25 23 35 31 33 37 24 26 30 28 21 24 22 20 24 21 22 26 32 39 15 19 14 26 28 27 28 
11 27 16 26 16 12 39 28 38 24 13 39 21 24 15 11 12 25 16 21 17 16 18 31 24 15 17 17 13 19 11 19 13 15 20 15 26 31 22 22 24 18 20 35 10 13 22 25 30 29 21 23 20 8 21 19 13 16 27 15 27 14 35 28 27 38 16 37 24 22 15 24 33 21 20 32 18 14 27 18 15 28 33 31 12 17 27 17 22 17 
20 45 18 26 22 13 29 34 25 24 27 26 14 40 13 15 20 12 27 21 17 17 21 28 24 18 33 21 11 32 19 27 41 25 22 12 19 32 7 30 20 24 33 32 29 16 19 24 21 24 20 18 31 14 20 18 16 14 24 16 22 30 29 36 27 28 33 39 17 8 13 12 28 12 22 27 26 15 28 8 30 39 27 38 21 25 33 26 18 30 
11 15 15 23 22 24 35 16 27 15 11 37 15 17 27 22 15 24 24 24 17 21 13 13 32 11 27 34 13 28 18 28 34 28 38 16 22 28 28 26 24 18 40 38 34 16 27 36 35 25 36 38 32 18 14 15 5 15 20 16 20 29 39 30 15 20 21 16 22 9 36 23 29 21 22 24 21 16 38 15 23 28 22 34 18 19 32 32 18 23 
15 26 11 38 19 23 14 42 34 16 21 28 18 22 19 16 30 20 31 24 13 18 20 24 36 21 24 47 22 23 18 16 29 4 14 13 33 43 14 42 23 25 12 30 26 12 22 28 18 27 41 24 27 16 18 20 11 20 31 22 22 23 29 33 22 45 14 11 23 12 30 27 14 16 18 30 21 19 24 23 18 43 25 32 18 10 15 30 17 44 
14 31 8 25 15 27 44 23 38 18 17 37 26 29 33 8 23 25 22 42 23 12 9 16 14 16 15 17 20 19 20 24 29 23 32 15 30 12 14 24 12 34 23 24 23 16 15 23 28 21 35 23 16 22 27 27 16 19 14 18 23 35 20 22 30 31 28 31 18 24 25 21 21 18 22 4 22 14 39 16 17 31 29 22 12 21 26 35 24 32 
13 42 14 19 15 20 26 26 23 13 34 34 31 34 32 14 26 11 18 29 12 15 16 20 43 14 19 29 17 22 22 26 31 27 27 15 22 18 20 37 21 32 17 25 18 18 20 19 33 25 40 27 20 17 26 16 12 14 26 11 27 26 29 14 27 33 34 27 29 23 20 20 27 20 22 13 24 13 29 24 20 31 30 37 14 21 41 34 21 41 
13 26 15 22 13 32 19 16 18 18 20 28 24 26 30 18 21 25 24 19 11 21 16 37 45 19 22 14 19 30 9 18 20 14 27 15 17 29 16 33 38 19 37 37 24 27 13 22 15 38 40 27 27 17 24 23 8 10 28 20 25 23 18 29 29 45 21 20 18 19 23 33 21 17 14 25 19 24 15 14 23 28 26 22 16 20 23 16 29 27 
16 40 13 27 28 15 37 29 35 18 18 45 15 22 18 10 15 20 28 29 25 21 20 20 25 12 13 37 16 34 19 14 27 21 39 9 36 28 18 23 20 17 34 37 8 14 25 6 35 16 30 23 16 9 25 19 11 14 23 13 22 30 31 35 10 26 23 44 28 25 23 8 27 15 21 28 29 21 21 29 16 23 29 26 16 21 32 26 26 27 
15 37 11 30 27 27 31 26 21 29 25 20 17 18 17 5 16 30 12 22 17 19 23 28 36 16 11 39 15 32 15 16 25 23 15 20 36 21 19 40 27 34 18 24 26 21 12 23 31 24 38 17 16 13 15 10 19 16 25 14 13 23 26 33 23 23 28 18 18 25 30 28 24 22 19 23 12 17 45 27 20 43 19 23 22 16 22 26 16 36 
16 34 14 37 15 40 40 12 30 26 12 14 24 31 26 14 29 26 14 35 10 14 16 31 41 16 16 3 20 21 26 22 18 25 30 14 31 21 21 24 31 27 26 28 22 12 19 27 24 28 33 48 31 19 11 15 18 19 28 22 34 22 40 28 46 21 31 29 12 14 23 12 22 19 14 30 10 14 10 15 13 36 27 36 14 21 13 32 29 29 
9 37 13 23 31 35 45 21 28 23 24 19 22 25 31 11 33 13 12 17 22 21 26 25 34 14 21 30 20 17 23 24 51 25 28 18 21 42 30 12 17 18 28 27 18 17 14 28 33 26 41 20 30 17 17 18 10 18 29 13 9 16 25 28 27 33 26 43 17 21 13 29 14 13 27 22 29 14 22 17 35 29 18 42 19 21 30 29 30 18 
21 53 15 21 30 16 25 26 28 15 21 39 30 14 19 26 14 19 21 17 8 14 26 27 39 18 29 37 10 35 23 17 20 24 23 17 22 33 16 31 35 34 25 34 28 19 19 30 23 23 36 18 22 18 25 17 17 21 29 7 40 27 28 29 21 25 16 32 27 31 25 15 29 18 25 19 22 13 38 33 27 23 17 42 22 22 28 31 25 32 
13 32 23 18 10 21 30 23 24 20 18 50 21 34 21 22 22 20 19 18 15 16 14 39 43 15 27 19 15 33 18 16 29 25 19 21 28 32 16 26 13 34 23 21 12 16 17 9 34 18 38 8 17 15 12 20 17 18 28 13 13 28 23 16 5 19 16 25 30 16 23 21 20 18 23 19 26 20 21 23 7 28 26 38 16 27 18 6 27 29 
21 26 23 26 3 34 29 37 37 10 21 27 19 21 35 22 6 28 18 25 18 22 27 28 39 17 21 37 19 41 30 18 35 12 38 17 33 17 19 18 35 33 5 33 26 8 16 23 25 37 27 20 22 16 20 8 15 14 15 11 26 33 16 28 30 31 13 23 27 17 16 32 22 18 16 27 26 14 25 23 27 39 22 28 15 15 27 26 23 25 
11 38 10 14 10 31 31 30 26 16 28 35 30 40 32 16 20 26 23 22 15 10 9 25 27 17 23 41 12 18 17 25 30 18 17 14 24 26 14 32 26 28 36 43 30 15 17 32 18 18 33 16 13 21 14 22 18 18 21 14 24 12 20 42 22 26 19 25 14 30 36 25 26 12 15 16 21 19 30 13 25 31 40 34 13 26 25 34 34 30 
12 28 20 23 29 23 32 26 35 18 11 11 12 32 35 11 23 14 17 23 9 18 25 39 19 15 23 22 16 20 19 14 28 20 28 10 31 25 16 24 23 24 34 39 35 12 21 23 22 30 34 22 16 18 33 20 17 12 34 13 23 29 23 24 25 19 33 19 21 17 12 27 22 19 21 22 17 12 31 29 14 34 34 48 13 15 29 26 20 29 
29 21 22 30 39 19 24 30 25 24 18 31 21 31 31 17 32 14 26 29 16 24 20 26 24 14 26 31 16 31 24 16 28 25 18 18 40 21 22 39 21 21 30 28 35 11 20 25 25 26 34 27 29 15 19 17 15 2 12 13 11 24 32 28 18 27 11 24 29 22 21 16 21 26 19 24 18 21 19 20 21 37 36 28 19 20 20 17 20 30 
18 41 18 21 33 25 21 20 28 28 12 37 27 10 30 9 18 32 26 13 13 27 19 26 30 19 20 31 8 21 23 27 38 25 33 13 20 23 25 28 23 35 26 38 24 12 13 26 44 19 46 26 18 16 13 17 15 16 26 12 24 36 39 17 20 36 25 32 6 20 24 22 27 18 19 30 17 16 24 23 25 27 33 40 12 19 36 28 27 30 
16 34 10 30 13 18 27 28 24 18 30 33 16 26 25 19 26 26 25 38 16 9 24 41 24 18 23 36 15 28 20 34 22 30 32 26 19 34 22 20 19 24 21 36 18 12 24 24 15 24 22 17 14 19 11 24 20 15 28 10 38 27 54 25 19 32 21 27 27 25 33 27 21 15 18 35 20 10 29 24 12 41 32 24 17 22 24 18 22 23 
6 53 23 16 31 31 35 25 29 7 23 33 7 16 24 10 18 26 22 28 18 20 14 27 35 24 14 24 11 32 21 27 17 21 17 17 8 36 18 27 18 25 18 30 16 20 19 18 38 24 39 16 23 17 11 21 11 13 23 19 28 21 37 19 33 42 24 37 20 19 15 22 29 21 4 16 27 15 31 26 16 35 34 49 25 27 33 21 20 28 
20 24 19 46 21 34 32 37 25 21 16 32 17 31 20 20 20 22 25 33 20 19 26 39 31 20 22 28 21 31 22 26 32 14 11 17 34 27 18 27 23 34 36 37 25 28 33 21 14 21 25 31 29 22 18 22 13 17 15 17 22 30 22 10 30 40 29 36 18 21 19 16 19 16 21 38 10 12 42 23 25 37 23 35 13 19 15 36 16 31 
16 39 17 25 14 14 25 19 29 17 21 32 17 29 9 13 21 19 21 30 19 22 24 37 18 14 13 32 12 21 9 14 32 17 21 18 29 26 17 36 29 31 20 49 29 15 13 32 38 31 22 23 26 24 26 19 15 17 25 15 23 30 24 26 30 28 25 41 25 20 15 22 24 14 17 9 11 16 34 25 23 20 27 55 17 18 30 35 16 21 
12 23 17 20 27 30 29 20 31 13 15 43 19 25 24 17 20 19 33 22 17 20 31 26 29 12 17 22 17 17 15 16 26 25 15 13 18 28 19 41 20 22 20 34 22 21 20 21 15 38 32 19 32 22 12 17 26 16 17 12 18 32 21 10 25 22 16 30 19 27 28 19 29 24 19 24 22 25 47 14 20 19 35 37 18 24 22 31 27 24 
14 41 14 17 18 19 25 17 40 17 20 51 18 32 21 17 16 27 18 25 19 21 23 37 21 26 17 29 15 37 25 13 26 25 31 20 26 29 16 28 12 27 29 31 30 14 19 25 13 31 25 24 26 21 15 16 8 20 19 12 35 34 40 27 26 34 35 22 25 18 22 31 24 21 19 22 18 16 24 22 23 27 34 20 13 21 27 32 14 27 
23 34 12 24 34 25 20 25 17 18 16 22 24 24 33 8 22 30 21 29 17 14 19 42 36 7 18 13 12 21 17 29 31 28 27 25 29 27 11 26 27 28 14 28 30 12 8 21 38 29 22 16 16 15 18 13 14 14 12 25 19 27 11 34 30 28 29 31 27 28 16 28 17 23 12 18 10 18 37 18 11 30 37 36 16 18 21 25 18 30 
16 35 14 25 16 24 23 14 23 12 32 38 23 29 25 11 18 20 17 19 15 12 30 35 38 24 20 14 12 29 11 23 36 20 5 12 30 26 18 21 18 29 24 31 20 15 11 23 23 12 41 29 28 3 21 17 22 17 23 20 24 26 35 14 36 43 23 20 17 19 38 31 22 14 8 25 17 23 31 17 33 15 40 41 12 21 23 34 23 34 
16 36 15 37 26 27 10 27 32 25 24 20 16 27 31 17 22 28 24 29 22 25 21 21 22 21 17 13 16 25 25 20 42 14 30 15 28 17 27 25 20 32 39 35 22 18 16 17 36 32 24 30 29 16 21 22 10 11 26 23 23 45 35 26 29 32 35 18 25 18 18 17 23 28 20 25 23 13 38 16 20 17 20 24 10 14 27 22 10 20 
14 26 14 29 23 16 23 27 29 4 27 22 16 32 23 11 27 25 24 26 12 18 29 27 25 17 12 33 12 28 19 37 29 12 14 22 29 15 20 17 33 36 31 31 22 19 25 30 38 25 11 19 18 12 15 23 17 30 13 22 24 13 30 32 28 34 25 23 20 36 5 25 27 21 17 18 14 16 25 25 21 32 14 34 19 21 21 23 30 26 
18 32 15 22 13 24 35 26 12 13 29 43 20 18 16 13 33 22 22 21 18 11 23 39 29 18 24 32 20 34 36 19 27 21 28 18 27 22 17 33 20 34 5 22 14 18 19 35 34 22 22 31 16 9 13 20 12 13 20 18 32 27 42 34 16 30 25 24 32 19 38 10 21 15 22 21 13 17 25 22 13 22 35 25 10 15 28 27 24 29 
20 40 13 20 22 22 29 26 31 14 20 25 13 20 43 10 16 15 36 22 17 14 11 18 35 10 9 46 13 10 13 21 29 11 14 14 29 34 18 30 23 23 25 28 26 9 11 24 15 34 30 20 9 20 12 12 17 17 22 17 19 42 31 15 33 29 23 26 27 21 23 30 33 12 22 19 25 15 27 25 29 17 27 30 16 27 32 23 23 26 
11 14 10 17 17 25 37 25 39 18 23 22 18 40 28 13 14 24 31 26 22 14 13 24 23 9 20 33 17 21 26 21 21 17 22 23 26 38 21 16 22 36 33 37 29 12 10 24 25 21 27 25 31 15 20 14 12 16 11 13 28 15 38 23 22 45 30 31 24 40 36 29 22 12 19 7 23 25 27 21 13 33 27 17 17 22 38 16 15 31 
21 25 11 22 20 30 28 20 21 12 16 22 23 16 38 10 20 25 26 30 10 15 19 39 38 11 23 31 12 20 19 27 18 22 29 14 27 29 16 26 39 24 29 21 27 18 20 26 33 41 34 25 18 13 15 20 7 15 29 17 22 42 28 31 17 30 20 14 24 28 20 27 10 20 15 10 20 17 28 22 19 19 30 38 16 24 18 22 17 34 
12 28 13 25 17 21 32 28 30 14 26 48 18 39 27 21 24 13 25 20 11 18 12 24 46 22 20 35 12 28 24 20 27 25 24 16 33 32 21 38 29 43 34 30 31 18 18 31 34 15 34 18 24 19 10 20 16 13 18 21 26 24 13 24 31 20 13 22 25 17 31 18 33 19 17 20 21 15 2 9 25 24 16 22 13 22 23 23 28 23 
16 31 10 32 23 15 35 35 27 19 20 46 16 22 20 11 25 21 27 37 13 9 16 32 22 19 11 23 18 21 24 11 30 32 30 18 32 28 12 38 24 35 33 27 24 17 13 12 17 15 45 23 11 13 18 23 21 18 21 16 22 18 25 14 23 44 17 38 28 14 21 14 23 16 12 18 19 13 31 32 21 34 41 16 19 21 24 25 22 21 
20 25 18 26 26 24 35 21 24 13 28 30 13 30 26 10 39 22 17 24 19 27 26 25 26 17 16 11 17 31 21 19 32 21 20 27 19 19 21 33 26 13 28 35 21 17 23 24 37 23 32 24 16 5 22 14 12 15 18 17 23 26 16 23 36 25 27 33 23 31 18 21 22 16 22 15 21 19 16 21 20 38 29 34 13 26 29 17 20 25 
15 47 11 29 23 23 35 22 37 13 15 53 27 26 27 12 32 19 30 33 16 11 27 32 26 18 13 25 13 25 14 23 39 28 27 16 34 21 24 24 19 10 20 43 24 4 7 23 37 21 12 16 30 18 26 14 15 13 33 25 26 27 35 34 21 31 38 23 22 26 30 23 23 17 19 20 14 16 28 18 20 44 12 15 7 25 21 16 28 38 
11 29 13 27 19 29 37 23 33 15 14 45 16 16 35 17 38 31 24 32 13 17 22 28 30 4 30 32 14 25 18 35 37 17 22 17 41 23 23 17 12 35 27 37 21 20 15 25 38 19 34 24 11 19 19 18 14 16 29 19 11 20 30 26 30 26 38 15 24 25 26 17 27 20 19 27 22 19 16 25 21 9 34 48 18 24 41 26 14 30 
8 33 23 35 24 10 39 19 39 10 23 37 22 32 39 12 20 9 24 20 18 18 19 29 21 17 10 25 12 23 31 17 34 8 30 16 25 22 22 20 24 30 32 29 24 18 26 26 33 32 25 24 30 13 20 14 21 18 17 17 34 29 28 29 16 39 26 45 17 20 21 30 30 24 24 26 24 18 26 31 20 23 26 39 19 15 22 26 26 26 
15 25 12 24 14 22 31 28 38 20 31 33 26 17 19 21 22 20 15 26 12 16 23 16 24 15 27 30 8 23 22 33 24 25 19 16 14 25 22 22 21 35 22 31 16 20 22 27 37 24 34 18 28 8 15 17 14 12 16 15 29 14 20 21 26 38 24 21 20 20 14 20 20 24 22 28 15 13 22 27 19 29 23 6 12 23 28 23 33 26 
9 18 19 20 21 35 24 43 37 17 28 10 26 16 20 17 20 21 28 22 13 13 13 26 27 8 17 43 20 11 19 30 31 20 23 30 32 10 24 21 23 35 19 30 27 16 15 19 43 25 26 15 21 15 15 15 11 14 10 8 22 17 40 32 19 36 30 27 17 18 44 27 16 16 17 13 26 14 25 18 30 32 33 31 12 16 17 19 25 33 
21 18 13 9 17 21 17 33 32 13 18 34 16 23 17 12 20 31 25 26 21 25 24 29 26 13 12 26 14 38 16 27 38 19 15 17 34 33 16 28 23 26 24 27 14 12 29 31 23 28 30 31 28 19 15 21 9 20 15 17 16 30 28 23 28 38 18 34 20 22 23 25 18 19 13 18 27 21 33 22 32 35 37 44 15 23 18 9 18 30 
5 35 16 24 17 28 22 29 19 16 19 34 28 34 21 7 31 23 8 18 10 18 26 29 39 17 30 35 9 22 15 20 26 16 17 17 30 17 23 18 25 28 25 29 25 15 15 22 26 29 31 24 7 12 23 23 21 14 26 16 35 39 25 21 13 32 23 34 7 27 34 29 13 16 16 15 21 18 26 18 27 36 38 17 18 26 37 28 21 25 
16 33 15 22 20 28 14 32 19 18 12 21 14 28 35 13 23 17 28 26 12 12 14 24 22 24 20 25 20 27 13 17 49 21 29 13 19 29 23 31 24 24 28 46 24 14 12 21 15 30 29 21 22 11 20 19 18 15 25 22 27 32 25 15 37 40 23 28 20 34 25 28 17 16 22 25 7 16 16 17 22 29 25 21 16 28 18 22 27 33 
20 31 17 27 16 36 32 19 20 21 22 31 23 36 27 10 20 12 33 27 14 17 23 24 26 21 25 30 19 24 29 29 35 16 17 19 26 19 21 28 20 18 28 28 26 14 17 15 25 17 21 25 19 23 7 16 15 19 20 12 42 28 34 26 28 25 17 24 13 23 30 20 25 16 17 27 26 18 17 17 21 22 32 35 16 21 27 33 28 24 
14 36 18 34 11 33 37 19 26 17 17 49 13 14 4 17 22 19 35 40 13 22 21 34 33 19 11 31 14 25 16 26 31 12 23 17 41 28 21 10 20 30 30 51 18 24 23 10 36 26 20 23 21 23 21 18 17 20 20 16 16 35 24 34 34 15 24 25 35 28 27 13 24 29 18 36 25 12 22 18 28 16 30 35 7 11 30 23 22 19 
17 31 9 30 30 25 17 27 22 18 28 38 22 31 32 15 20 20 33 27 18 20 16 41 32 16 27 18 10 23 23 17 40 20 19 10 16 38 8 30 26 27 27 16 18 14 22 28 32 25 35 30 18 14 19 16 21 15 23 16 23 27 24 26 28 29 32 23 17 23 30 22 19 22 13 25 19 16 36 19 14 25 32 25 17 26 44 33 30 10 
18 24 14 23 22 24 24 26 24 14 21 36 23 21 32 13 20 20 24 35 14 12 15 8 37 19 19 10 15 37 18 19 37 17 26 20 33 24 7 26 16 37 25 31 27 13 20 30 24 11 38 28 17 19 20 19 10 15 21 18 19 27 40 32 22 17 20 37 10 27 20 26 25 14 16 22 23 15 20 13 20 30 25 26 12 17 29 28 20 25 
13 35 13 22 20 22 40 12 30 13 33 19 19 23 37 18 18 19 24 30 16 13 26 49 27 15 12 32 12 24 23 16 25 20 28 17 35 28 13 20 25 32 33 23 37 24 18 26 25 32 19 15 20 16 18 25 16 21 16 17 26 23 33 37 26 38 35 28 36 24 14 24 35 24 23 26 27 8 32 35 24 22 23 29 19 25 20 15 16 24 
18 20 17 27 22 25 28 18 29 26 27 27 24 23 29 7 18 18 20 28 13 12 23 19 33 17 31 21 15 22 29 20 21 35 15 18 29 23 28 35 26 32 26 40 18 15 15 31 27 27 38 31 29 21 11 14 16 22 12 11 35 37 24 31 24 33 16 26 28 19 29 18 28 16 16 31 20 19 34 28 32 20 4 31 16 24 22 29 31 23 
9 23 15 48 27 26 35 25 25 12 17 35 25 24 11 8 22 24 24 24 11 20 23 37 32 15 21 2 13 41 31 19 32 24 27 13 20 35 17 35 29 18 17 32 26 9 19 25 21 18 28 18 14 8 23 10 12 17 19 12 21 25 22 20 26 20 30 29 21 20 29 18 32 13 22 22 20 22 17 26 26 25 21 35 14 24 38 25 24 22 
14 32 19 14 20 32 30 17 27 14 17 25 19 34 29 7 24 20 27 19 14 17 20 33 42 20 24 29 18 25 24 21 40 24 34 17 19 23 19 35 22 26 42 23 16 15 16 12 30 24 31 20 17 12 23 21 18 16 30 20 37 47 14 23 35 36 17 31 15 27 29 17 21 19 24 22 24 22 35 16 20 37 33 22 18 23 41 8 27 17 
22 54 12 36 22 18 23 36 21 16 15 30 15 31 22 18 31 23 29 24 14 17 20 21 26 10 18 24 16 27 26 9 38 20 22 17 41 23 20 17 22 35 13 44 26 17 16 17 36 21 29 26 21 21 15 26 19 12 25 17 28 15 20 28 28 39 24 41 20 32 29 31 21 18 28 28 20 20 16 17 27 28 24 27 13 17 29 18 33 22 
18 37 11 19 13 18 24 28 50 27 15 29 22 19 38 15 31 21 21 28 14 15 24 22 22 15 17 38 9 21 24 26 16 26 19 16 39 30 13 40 20 28 35 38 18 10 12 22 37 20 31 19 21 19 16 15 14 19 30 17 19 29 32 29 27 21 23 26 25 15 13 10 16 11 18 31 20 16 34 21 30 32 24 24 13 21 35 30 23 32 
11 25 16 29 28 12 44 35 20 11 4 41 22 35 19 10 26 22 22 45 22 16 23 32 29 22 29 49 14 29 25 14 32 27 19 23 38 23 23 35 22 32 12 33 19 8 26 44 29 33 15 17 22 19 16 25 11 24 24 16 27 39 19 17 20 25 29 40 22 26 7 20 21 23 27 30 32 14 37 17 23 36 29 38 15 13 36 28 29 37 
21 40 18 14 21 25 23 35 33 12 17 33 15 19 27 12 25 27 22 32 21 16 14 47 33 18 24 25 11 27 38 27 31 27 21 20 30 38 18 41 22 34 18 34 26 18 16 12 40 24 40 33 21 13 17 19 13 13 11 10 39 34 21 35 29 28 23 39 23 29 26 21 11 23 26 25 26 17 37 27 10 30 20 24 19 20 20 17 22 26 
15 27 12 27 17 22 31 28 28 25 18 20 22 24 25 8 15 18 20 18 17 19 11 35 49 26 16 18 15 26 18 4 31 15 33 12 28 20 14 21 13 26 38 31 18 11 20 22 22 24 34 12 19 18 20 19 19 22 22 22 28 21 20 38 23 34 19 8 32 16 31 16 24 18 19 27 26 19 15 16 25 35 21 16 22 17 25 16 19 29 
18 13 19 29 21 23 23 26 24 20 24 11 18 27 30 8 18 23 29 34 19 15 24 19 22 25 19 37 16 29 21 24 29 21 34 7 28 24 18 28 15 37 27 35 11 21 22 26 31 20 18 16 30 18 12 23 11 13 27 19 26 29 14 27 17 34 23 30 24 27 24 30 29 28 14 22 13 22 37 15 19 29 28 43 21 19 36 27 32 42 
13 26 13 29 19 12 22 18 27 27 21 31 23 24 28 17 16 14 26 25 15 16 30 25 29 19 17 26 21 30 23 27 22 26 29 17 33 19 25 18 11 29 28 45 34 10 16 39 39 26 38 18 20 16 18 24 15 20 18 14 26 25 27 26 19 34 21 24 34 15 13 22 25 15 17 21 30 12 23 21 24 39 20 33 14 23 29 24 27 11 
14 22 16 18 14 16 33 21 34 23 23 38 16 26 26 14 25 19 24 28 15 18 22 21 31 15 25 39 13 23 15 22 31 10 20 13 6 25 10 22 18 11 21 27 17 22 16 21 41 31 27 28 25 8 29 20 12 22 29 16 34 16 23 30 24 34 31 33 21 26 15 19 26 17 21 25 21 15 29 15 26 40 23 30 20 14 30 42 25 24 
21 33 16 25 30 20 21 19 21 8 13 25 13 10 29 13 31 16 36 26 16 14 20 29 32 17 13 33 14 23 30 15 29 28 17 19 26 24 13 15 23 12 42 25 21 21 19 28 38 26 26 12 21 13 20 15 22 22 29 22 29 17 19 14 26 26 19 26 16 27 19 27 21 25 19 22 16 23 28 27 24 41 33 44 14 20 17 23 23 17 
14 42 20 20 20 43 26 9 23 20 15 26 17 19 17 18 20 24 24 28 11 15 10 24 26 23 24 36 15 25 15 18 36 19 38 19 25 30 31 26 28 19 27 25 16 17 17 26 30 17 27 22 24 15 8 16 18 11 23 12 30 23 27 30 26 30 14 19 24 23 14 17 21 17 15 29 15 21 32 18 22 33 26 21 13 20 16 9 25 23 
10 25 17 34 21 18 31 18 14 19 21 34 12 24 37 14 30 23 20 27 9 13 25 21 27 16 13 30 16 32 22 19 29 27 29 7 23 40 20 27 25 32 26 24 21 15 13 14 24 34 28 23 21 5 12 22 11 14 21 12 27 21 42 21 12 22 35 34 14 36 28 36 20 24 15 33 15 4 11 19 16 29 31 9 12 27 33 21 31 35 
19 42 22 35 14 46 29 26 26 13 17 27 19 22 26 11 21 26 22 23 17 13 26 40 45 22 19 31 19 44 16 15 38 22 23 18 25 17 22 35 21 29 33 21 19 25 31 20 23 19 30 22 15 22 19 20 6 18 8 21 21 28 22 25 20 29 23 25 16 21 27 16 15 15 18 29 19 23 14 19 24 19 24 32 7 23 25 27 27 29 
19 17 16 31 28 27 38 20 36 21 26 16 23 15 33 20 35 10 19 18 12 21 24 27 25 23 26 16 13 16 27 19 43 8 24 18 33 26 18 23 17 26 23 25 24 24 7 25 30 25 29 19 17 13 15 22 16 11 17 15 32 16 30 22 29 34 23 24 26 22 34 27 14 14 26 21 18 16 25 36 18 35 29 40 10 21 32 28 21 20 
17 34 11 21 18 31 30 31 31 15 21 26 18 9 47 15 22 10 16 27 16 15 15 27 23 21 14 35 13 30 13 10 30 13 31 12 29 38 19 10 20 29 23 27 25 15 24 24 32 23 22 17 29 15 20 19 7 21 24 10 31 28 21 22 20 18 15 25 20 16 27 13 27 22 19 24 25 17 30 14 23 26 34 37 15 17 23 19 24 24 
24 42 13 32 20 31 22 28 24 26 14 10 16 29 27 9 18 30 24 15 13 15 28 35 41 9 22 37 17 28 24 26 32 29 15 20 20 9 16 41 35 19 42 23 16 11 22 20 21 26 32 23 18 18 19 11 17 17 24 16 30 18 36 36 17 30 26 29 18 23 26 32 30 26 29 27 17 21 25 25 10 30 20 25 14 18 23 15 24 17 
20 38 14 15 19 18 27 13 26 14 12 36 15 24 30 13 30 14 30 42 19 16 14 24 25 13 14 35 13 32 25 30 31 21 30 23 31 22 16 30 19 30 22 36 25 17 18 21 24 27 24 22 22 18 20 19 10 11 21 16 17 31 42 13 31 30 30 31 12 35 31 25 31 18 23 19 18 18 20 24 16 40 19 26 15 23 14 17 18 19 
12 32 19 25 15 26 38 24 20 14 20 26 17 38 26 11 12 19 27 30 20 12 18 34 34 21 30 41 14 27 13 15 16 21 18 16 23 43 19 28 27 38 39 39 30 10 21 19 39 23 32 30 27 20 21 16 17 7 17 11 37 24 38 14 32 34 19 39 18 17 8 23 18 21 22 42 22 14 26 21 20 33 33 34 13 18 28 14 29 29 
16 44 24 41 12 27 23 19 33 22 8 23 18 20 34 12 10 25 22 30 17 20 22 26 23 17 26 24 16 29 22 23 32 11 27 18 25 27 15 40 21 30 24 20 32 16 15 19 38 26 22 21 26 21 18 12 10 18 23 14 25 15 29 5 44 24 20 18 23 28 13 21 22 19 23 26 5 21 17 29 9 33 42 21 20 23 37 12 25 26 
15 31 12 19 29 19 16 23 11 22 15 32 18 30 21 17 22 17 15 32 13 20 18 33 28 23 18 28 17 29 18 19 16 16 32 20 25 30 18 26 17 38 34 8 29 17 23 27 32 19 31 26 16 16 11 18 18 17 19 12 31 45 31 24 19 31 20 29 24 21 24 22 25 18 20 14 13 13 5 23 30 21 28 21 12 18 35 30 27 30 
17 16 14 23 6 14 28 28 32 18 20 20 21 19 24 12 27 20 17 20 16 15 20 16 40 15 26 28 13 22 28 25 39 24 29 23 34 19 12 34 26 34 16 35 24 15 19 23 21 35 29 17 24 14 11 18 11 18 14 17 18 33 28 21 26 26 27 32 14 36 21 17 15 18 21 22 18 9 23 20 22 32 32 28 15 26 31 18 32 14 
18 49 10 22 17 33 25 34 33 11 23 32 27 26 28 24 19 20 24 31 19 13 23 22 30 13 12 47 8 27 17 12 17 34 40 25 27 22 17 31 12 40 33 30 22 23 26 37 32 30 28 19 25 11 22 22 19 14 19 7 24 39 32 27 26 27 16 29 23 29 35 25 16 15 20 26 12 12 16 18 26 35 42 31 24 12 27 16 19 19 
19 28 16 47 23 17 43 31 35 11 31 37 29 35 37 13 25 22 28 34 13 17 25 33 30 20 8 28 10 24 14 13 29 24 32 23 21 22 14 36 27 46 25 23 28 16 24 25 26 18 29 29 24 21 14 17 11 15 18 17 33 15 27 17 20 30 26 28 25 32 22 19 17 16 19 25 19 19 22 21 23 39 20 13 16 21 19 35 22 21 
17 33 17 39 28 30 40 30 24 21 17 34 20 26 22 21 8 21 35 18 15 18 31 34 29 18 22 27 14 13 20 23 28 32 22 19 24 22 12 26 29 19 18 34 29 21 20 24 31 15 21 20 18 13 15 9 12 17 26 17 32 16 29 30 21 29 29 16 20 11 29 14 16 16 16 32 18 18 33 19 20 38 36 29 11 11 31 23 33 36 
15 33 22 22 14 26 20 29 28 16 15 37 17 30 31 12 16 23 15 27 15 18 19 24 31 21 15 27 18 32 18 29 24 19 27 16 29 23 21 31 30 31 22 34 14 21 25 29 18 29 53 23 28 8 26 16 10 14 15 22 33 29 28 22 19 23 19 44 24 25 18 26 26 30 16 21 29 16 37 22 22 28 27 21 16 21 30 25 21 30 
25 36 19 26 22 16 40 29 43 18 13 28 15 14 39 14 20 23 12 21 12 14 19 31 37 20 17 23 21 21 26 13 38 21 16 21 23 23 22 15 24 42 27 38 24 17 12 33 18 16 40 28 22 18 11 11 10 9 14 11 29 19 44 20 15 28 30 23 22 27 23 24 22 23 24 31 26 13 19 22 30 28 20 35 25 33 23 29 18 29 
20 32 23 11 23 32 44 30 36 9 17 34 16 29 42 14 18 26 23 18 16 19 16 36 38 16 18 42 17 41 24 16 26 28 13 13 27 31 20 39 21 31 26 16 27 17 22 23 22 27 36 28 30 12 24 23 21 14 24 15 30 27 13 13 21 16 8 28 29 24 24 23 27 13 19 17 21 14 24 32 31 28 40 32 21 15 32 30 17 22 
19 28 10 31 27 25 31 33 34 17 21 45 28 23 18 17 23 17 23 26 17 23 9 16 37 12 29 34 18 19 13 21 24 18 28 18 37 30 23 28 33 32 27 35 25 17 15 20 28 7 35 11 15 13 18 24 12 17 22 9 34 31 19 15 19 19 22 35 33 9 31 21 24 13 13 24 28 18 35 15 25 30 34 26 16 19 25 13 11 23 
20 49 22 34 24 28 21 40 38 17 17 40 29 25 21 11 8 35 16 30 19 18 31 33 24 14 27 29 8 20 25 9 29 25 22 21 21 35 11 27 22 22 23 30 15 16 9 25 27 17 13 18 23 18 11 17 13 10 19 19 27 28 24 22 19 30 19 27 25 18 21 24 19 21 31 12 33 13 33 17 13 34 14 14 17 22 32 28 23 18 
18 34 11 21 15 18 31 13 35 8 19 25 25 29 44 17 16 20 16 30 18 18 31 18 30 15 19 28 2 10 25 19 39 23 33 12 27 28 15 34 30 37 26 14 18 19 11 22 23 28 21 27 37 20 10 17 13 11 17 16 11 27 22 26 11 28 28 23 20 26 20 27 16 25 16 25 17 14 28 21 22 28 36 26 17 15 27 24 16 25 
11 23 16 43 18 26 29 19 38 13 37 36 12 34 38 16 24 13 21 37 23 17 16 26 28 24 18 29 14 34 17 25 41 20 26 17 16 28 20 27 16 40 28 28 20 18 27 28 41 22 35 18 29 14 16 19 22 18 32 16 22 31 20 20 15 38 28 21 22 25 16 22 28 15 23 22 21 19 31 8 29 27 33 31 14 18 22 21 16 15 
15 28 9 28 25 21 20 17 29 20 26 27 17 17 31 8 19 19 15 17 29 20 22 31 25 25 19 22 22 29 17 19 20 23 21 13 18 28 13 25 19 20 38 23 26 16 24 21 26 22 18 23 20 21 16 20 16 15 19 18 34 35 30 27 20 30 18 26 10 30 23 10 23 15 16 30 7 23 18 18 15 31 26 21 14 12 30 13 23 43 
11 25 19 19 23 7 32 24 27 13 21 35 14 15 21 15 28 22 16 26 17 14 24 12 40 13 28 32 10 39 3 23 36 21 13 14 25 20 20 22 28 32 10 22 28 18 14 22 33 33 19 21 21 17 27 20 17 11 21 18 28 23 10 24 26 55 40 34 18 21 16 23 14 18 17 31 19 10 23 13 31 32 17 21 5 19 37 20 22 36 
11 26 15 29 22 13 23 27 34 10 23 31 18 23 25 19 25 24 27 29 12 12 23 22 34 16 17 18 10 36 27 18 28 25 12 16 22 19 26 20 31 33 20 32 27 19 22 22 29 17 22 9 21 16 13 29 20 20 19 11 31 29 21 19 30 32 36 7 16 20 22 29 19 12 17 24 27 18 29 30 24 20 34 32 14 25 21 27 25 33 
19 43 22 25 22 19 28 22 23 19 29 32 16 19 30 16 17 14 18 26 14 16 24 34 36 18 21 34 17 22 11 24 22 17 7 14 20 20 15 21 11 32 31 23 28 14 19 20 28 29 21 25 20 22 21 22 9 15 20 13 22 20 27 30 26 28 20 36 13 37 24 29 27 19 16 24 23 15 42 25 19 30 31 29 7 21 41 21 28 29 
17 38 11 12 19 27 18 33 32 14 21 33 13 23 22 16 24 22 30 34 22 21 16 31 34 12 25 19 21 36 26 28 20 13 24 17 27 36 13 24 28 39 32 31 15 15 21 22 38 32 39 20 32 16 20 20 11 15 27 16 21 38 24 28 23 52 20 25 33 24 17 5 22 19 21 30 19 13 33 25 22 24 23 36 13 26 33 28 20 32 
9 28 17 24 24 7 23 21 28 18 27 27 18 16 38 18 13 13 28 28 13 18 15 26 37 18 9 17 14 17 28 24 21 15 28 16 23 15 16 24 17 39 32 26 22 14 24 32 34 19 23 16 29 18 14 17 17 15 32 17 27 21 33 31 29 21 10 31 26 20 13 18 18 14 20 13 23 10 23 22 27 18 31 31 13 15 26 17 17 26 
14 22 18 18 23 26 38 17 37 12 18 28 20 23 26 16 16 25 15 23 22 15 15 32 33 12 22 20 18 22 33 7 32 12 35 19 20 25 18 27 27 34 33 14 23 23 15 30 44 16 39 11 25 25 15 15 16 15 22 24 20 36 33 24 36 25 18 38 20 28 21 19 32 21 19 31 22 13 31 24 19 44 21 33 12 20 24 27 18 33 
21 20 17 25 31 24 19 23 23 21 23 34 12 31 49 10 27 29 25 24 15 16 28 24 45 22 23 27 12 30 22 15 35 21 24 21 35 16 4 12 24 34 34 38 22 18 23 23 26 20 28 15 21 17 19 22 13 14 20 18 21 19 35 31 31 20 24 34 22 16 15 23 14 11 21 20 25 15 20 15 25 33 31 33 16 17 31 24 17 26 
21 20 18 23 19 19 25 26 29 19 21 44 18 26 7 13 21 30 7 20 16 21 22 23 35 26 10 28 15 29 29 17 34 27 5 23 18 30 16 27 28 27 17 18 16 16 17 23 26 19 30 22 18 21 18 26 18 18 22 10 16 28 21 31 29 19 41 35 22 14 33 21 33 30 25 28 19 10 27 16 16 35 24 30 11 30 24 30 25 26 
12 28 13 40 22 27 29 19 15 17 19 27 18 12 26 22 20 22 25 34 18 13 18 35 19 19 15 27 19 24 17 12 28 12 21 16 26 29 22 15 19 24 32 24 26 18 23 22 38 26 13 21 28 17 26 17 14 19 28 14 23 27 27 29 22 27 20 37 17 24 13 28 21 14 20 16 22 15 20 19 21 26 27 12 19 24 33 32 24 22 
21 37 19 36 17 27 32 36 40 14 24 40 19 35 32 11 20 14 26 27 24 14 24 30 35 27 30 22 14 32 21 26 26 27 22 18 26 23 22 20 17 48 21 30 30 10 13 28 26 36 21 22 28 12 16 26 9 12 16 15 25 32 41 36 19 37 33 35 12 30 24 24 22 28 22 15 17 18 29 20 17 31 32 30 15 13 31 23 18 24 
13 18 21 30 18 28 38 20 12 8 16 24 9 26 20 8 24 19 30 31 18 17 18 20 19 15 17 44 16 14 24 14 24 20 21 13 31 33 11 20 31 35 32 23 25 14 15 31 25 16 30 18 24 15 14 10 17 9 19 11 19 25 32 31 22 37 35 30 15 24 19 25 27 19 18 20 27 14 29 28 18 37 18 43 8 19 28 28 21 29 
22 37 18 15 20 17 25 22 33 12 20 44 11 28 47 9 24 22 35 23 11 11 19 25 29 14 27 34 13 32 29 16 41 20 15 19 28 29 18 33 27 35 39 20 19 16 29 26 27 8 23 12 29 22 12 18 19 15 16 18 27 9 36 23 19 35 16 25 23 19 31 18 26 20 26 9 27 14 16 20 19 13 42 21 8 25 27 20 19 35 
15 12 15 24 25 37 20 8 28 16 15 41 21 22 14 13 20 1 22 27 16 15 33 23 47 14 23 37 14 13 21 9 23 21 32 19 22 18 17 26 30 28 17 27 21 22 19 24 44 25 18 21 21 6 14 18 16 14 26 13 21 20 8 19 27 22 19 32 28 20 22 24 36 23 15 29 21 19 21 27 20 34 30 24 19 21 29 16 26 39 
13 36 14 20 24 29 12 32 37 25 19 28 22 18 26 15 24 13 27 25 13 23 29 29 27 13 19 30 15 27 18 23 27 28 19 20 31 22 20 17 31 40 34 23 21 26 19 16 24 21 32 22 25 18 18 14 17 14 24 23 36 27 19 15 19 11 19 24 11 17 29 28 24 17 17 20 19 14 29 21 21 35 35 40 4 19 31 21 22 33 
14 33 14 24 18 12 27 23 18 10 21 33 21 19 29 11 23 28 27 26 17 21 23 37 26 21 20 34 20 25 21 21 27 14 19 17 20 24 16 29 24 23 17 26 26 18 18 24 19 26 21 22 19 17 18 18 18 16 24 15 24 12 33 33 29 29 22 17 19 27 26 29 23 24 16 20 23 22 13 19 24 32 39 25 7 22 32 12 24 27 
13 17 8 32 21 26 30 26 21 19 25 21 23 23 29 13 13 26 27 38 19 19 28 25 28 21 28 26 19 28 21 21 31 15 18 13 29 28 24 35 23 34 31 31 28 19 22 32 31 23 27 16 23 18 30 15 14 12 18 17 20 36 28 37 22 24 25 29 20 32 24 14 11 23 17 26 34 23 27 19 16 23 24 26 13 18 18 19 26 34 
26 44 18 33 8 29 24 23 32 14 20 27 14 23 23 11 22 26 29 36 21 20 17 33 19 16 9 22 17 28 17 20 7 22 23 21 16 27 15 28 23 27 25 31 29 20 22 25 25 22 33 16 20 13 16 16 22 20 21 19 43 37 24 20 26 41 29 28 22 23 24 21 27 11 21 26 19 16 10 31 18 18 27 17 12 22 17 12 25 16 
13 26 16 14 17 22 26 18 32 17 20 21 19 27 24 14 23 24 19 30 12 17 37 26 32 18 29 36 13 27 21 11 20 24 27 17 25 28 24 30 19 30 18 32 17 15 18 21 34 34 28 25 31 22 25 23 15 16 15 21 24 26 31 21 12 22 23 37 21 28 29 11 19 13 21 32 9 20 28 22 19 27 37 39 13 15 37 12 18 29 
19 46 11 21 28 21 25 22 28 13 26 39 24 25 17 11 14 3 18 27 15 7 13 21 33 27 17 34 10 11 17 13 28 26 33 20 22 33 15 23 30 38 34 23 26 17 18 16 39 17 18 29 25 22 15 27 11 13 26 22 22 38 24 37 27 26 26 23 29 21 23 21 27 25 13 29 25 15 38 6 22 33 25 32 9 22 24 25 24 16 
11 22 16 39 31 27 38 31 36 14 8 32 17 23 30 16 19 16 24 36 18 19 19 33 15 14 23 19 17 21 24 15 31 23 20 27 28 21 10 35 29 28 25 20 19 19 17 22 29 31 41 18 15 23 20 4 11 18 25 11 34 31 19 28 21 36 15 22 19 22 21 23 33 17 26 20 22 16 20 17 28 34 31 23 16 25 18 27 15 31 
15 29 17 27 24 5 32 30 10 18 18 47 30 31 26 17 21 11 18 16 16 18 11 30 46 20 22 26 14 6 22 23 27 22 24 18 34 25 11 24 32 28 20 29 20 26 23 37 20 28 32 24 17 19 18 21 12 16 24 16 38 35 23 31 23 20 29 21 31 24 20 20 30 14 31 12 16 11 47 16 28 20 28 36 12 30 28 28 25 41 
18 26 13 26 25 13 38 20 35 22 13 40 27 24 23 22 14 26 28 24 23 25 24 32 33 19 18 19 13 24 23 21 22 15 29 14 20 18 18 24 22 28 36 25 25 18 10 28 34 25 32 22 28 11 6 18 10 15 25 15 25 12 31 28 15 29 25 26 30 23 29 18 14 19 16 25 25 15 6 26 32 29 26 38 15 17 26 32 34 33 
10 22 12 38 21 17 22 12 31 23 28 24 23 27 34 18 25 25 15 35 18 21 16 21 38 20 21 38 15 17 17 20 33 17 22 7 39 21 25 34 23 38 19 22 15 21 23 34 10 24 33 13 21 14 17 18 13 18 19 19 32 43 31 33 34 25 40 41 20 29 22 25 33 26 23 32 28 17 22 24 29 26 34 30 22 15 41 20 22 36 
16 22 22 20 14 34 1 35 18 10 28 27 20 21 17 15 22 24 21 30 15 9 20 26 21 22 12 30 16 24 24 26 30 23 38 20 15 27 21 32 32 29 22 28 12 19 10 26 40 27 22 19 31 12 16 24 11 16 31 15 19 15 30 19 26 31 27 26 16 21 18 22 25 17 21 21 21 19 29 25 18 25 45 20 9 26 25 26 24 28 
8 21 17 28 10 28 33 17 30 14 26 34 20 35 32 11 24 25 28 41 23 14 17 53 29 10 17 17 6 18 20 10 44 10 45 18 28 20 17 7 31 39 37 30 20 10 14 12 23 25 26 17 15 27 8 26 17 15 23 12 18 25 47 30 28 30 11 19 16 24 8 25 32 23 17 26 28 19 20 24 24 46 42 19 19 19 25 8 14 19 
24 50 12 17 32 19 25 24 26 23 14 22 20 33 25 11 33 28 24 32 14 8 21 22 31 16 26 35 17 26 30 20 25 26 31 21 13 25 20 27 19 17 30 39 27 20 15 41 31 15 13 18 33 12 14 21 18 10 23 11 41 35 30 23 25 14 24 39 25 14 26 26 22 23 26 22 17 16 34 27 17 31 31 37 8 22 28 8 12 33 
22 33 15 25 21 31 24 23 31 21 22 28 22 24 10 16 23 17 23 25 16 10 21 40 34 18 30 39 16 20 25 20 29 18 16 24 16 22 11 19 32 20 35 43 24 13 17 29 30 17 37 22 21 21 19 17 21 16 25 13 22 27 30 38 20 9 20 39 22 24 16 17 23 19 14 21 16 15 33 21 12 35 25 17 14 26 28 18 21 17 
13 49 18 12 13 23 27 12 28 23 18 34 12 7 23 16 26 24 33 23 12 21 28 18 39 16 27 33 9 26 17 22 26 17 24 12 40 45 22 28 30 27 34 31 23 14 15 12 27 30 35 27 22 13 17 14 12 14 22 14 15 25 28 11 32 35 26 15 26 31 20 23 25 17 28 23 29 15 36 27 20 24 44 35 15 22 39 32 17 24 
8 30 18 27 20 26 21 30 29 18 21 36 16 20 32 24 26 17 17 27 12 9 18 33 26 15 15 19 17 20 22 21 42 21 18 13 18 20 13 16 24 31 36 34 25 14 11 23 6 24 29 19 21 22 24 25 19 15 27 25 18 41 31 34 26 27 23 29 25 33 20 27 18 30 19 27 26 14 27 11 22 16 33 24 10 16 31 22 33 10 
13 19 14 21 27 28 27 26 18 20 12 32 14 21 43 21 13 27 22 27 17 17 11 22 42 10 20 34 12 21 32 25 26 22 21 15 14 12 17 22 22 27 18 27 28 16 25 19 28 29 14 24 27 18 15 17 11 19 32 16 31 41 22 23 17 23 15 38 25 24 25 23 17 15 19 26 21 12 33 18 16 14 19 23 6 22 20 25 15 30 
18 24 15 20 27 17 33 29 24 17 17 23 15 17 21 17 27 23 30 23 13 15 23 28 17 13 24 29 6 17 19 23 34 12 16 13 15 34 13 22 18 26 25 24 23 16 4 4 37 21 25 10 29 19 19 26 15 22 30 12 37 33 30 30 31 22 22 23 29 26 26 20 17 13 22 30 17 24 35 18 31 18 25 45 18 20 18 32 20 19 
19 22 10 16 12 30 19 24 24 11 18 24 14 32 19 11 22 20 19 21 14 22 23 36 1 17 16 37 22 22 11 25 25 26 31 21 28 28 20 36 27 36 27 32 26 15 12 37 26 18 26 34 14 17 31 24 12 20 18 19 17 21 27 20 23 13 29 27 23 20 21 21 22 13 10 23 16 13 20 26 15 33 24 31 15 25 24 18 17 35 
12 17 8 31 26 23 33 36 24 21 21 31 9 37 30 14 23 20 17 17 12 15 27 20 33 11 19 19 23 30 21 12 26 27 11 17 27 29 17 14 28 29 22 31 19 10 24 24 30 20 35 23 21 14 11 17 13 16 20 19 24 31 29 23 20 28 22 39 22 19 35 18 29 25 15 28 23 20 34 13 32 34 29 27 21 21 24 31 13 26 
8 13 8 19 25 24 33 26 20 23 11 46 22 23 33 18 29 17 29 22 10 17 30 19 31 26 23 29 14 26 22 15 23 25 29 25 40 25 19 42 28 23 21 23 18 24 11 23 16 16 27 30 30 14 10 13 16 18 31 16 22 29 33 38 27 31 40 33 34 31 26 19 33 20 25 15 15 19 14 15 26 31 29 28 17 18 29 12 13 36 
19 34 18 30 21 35 33 28 30 23 11 36 20 19 28 18 21 18 37 22 11 9 26 35 34 17 20 36 13 36 20 21 25 23 20 19 21 30 18 25 26 27 31 30 19 12 14 25 29 27 37 15 22 21 9 19 12 18 19 13 24 21 31 28 30 35 29 21 14 17 33 14 22 10 22 30 21 20 37 22 29 29 41 40 18 14 27 16 19 18 
13 43 11 27 20 30 43 17 26 12 21 40 24 21 34 20 32 15 19 10 28 14 21 17 44 16 26 25 16 26 14 26 25 15 24 21 15 33 17 31 18 34 33 13 20 14 19 33 31 23 35 23 18 14 10 27 16 15 18 18 24 32 32 22 37 16 32 24 25 30 23 28 22 19 20 22 21 17 29 17 25 25 33 33 17 12 20 24 20 13 
12 45 18 26 25 36 24 30 26 19 16 32 15 19 18 15 28 17 13 19 17 13 25 23 41 13 26 16 10 18 24 16 40 16 24 9 27 33 13 34 11 21 16 39 29 28 22 11 18 21 30 29 34 17 8 19 19 15 26 18 25 37 18 32 26 20 22 25 13 20 23 15 23 19 20 22 15 12 29 21 20 28 22 39 12 24 22 36 9 40 
14 35 19 33 21 22 28 35 31 18 25 22 25 17 22 19 18 22 17 35 14 9 18 30 23 14 23 33 20 44 31 26 32 11 18 21 20 12 20 28 16 22 15 28 30 17 12 34 17 22 17 24 24 17 13 21 12 16 24 15 34 34 41 31 16 30 31 17 13 17 28 28 24 19 22 19 19 10 21 12 20 30 17 38 17 26 36 24 25 37 
9 24 7 22 15 20 19 23 23 10 23 31 20 24 30 20 24 23 19 28 12 22 24 17 25 20 12 24 16 21 11 15 20 17 15 24 27 19 20 48 18 36 16 36 23 20 11 8 30 23 41 34 29 7 16 23 23 19 21 20 20 28 32 18 28 26 33 25 23 20 32 13 21 24 15 29 21 16 27 20 15 25 31 13 20 8 28 26 26 11 
15 23 11 25 16 19 30 18 24 16 21 12 37 31 26 14 24 21 31 19 22 27 26 27 25 9 13 33 17 19 25 19 19 27 34 17 22 31 20 19 25 34 20 26 23 9 24 15 37 24 25 17 23 16 13 19 19 15 14 12 29 18 26 36 31 31 28 33 19 17 35 18 30 23 23 18 29 9 34 22 19 35 28 36 19 21 41 15 22 22 
19 30 15 25 29 31 21 16 22 22 17 25 18 24 26 19 21 17 28 24 13 10 16 42 24 28 26 26 16 33 22 20 43 24 22 23 17 34 14 31 33 36 22 24 29 17 20 30 25 26 29 31 26 14 18 14 10 13 22 12 41 12 25 37 20 20 36 29 22 19 27 33 30 24 22 13 26 18 28 18 19 29 23 33 13 15 18 35 20 42 
15 30 12 21 23 23 26 32 26 22 21 30 18 19 21 13 10 19 30 34 19 21 24 30 30 17 30 34 5 27 27 14 28 21 23 15 20 21 21 19 31 18 41 34 21 13 15 23 28 17 40 17 22 21 14 14 19 15 27 17 13 23 25 30 25 25 23 28 16 13 23 28 25 29 20 24 25 9 16 23 24 27 34 26 12 20 16 25 23 23 
20 16 15 27 21 39 27 27 15 24 20 34 23 23 27 12 19 22 16 34 19 12 25 34 27 16 13 23 16 11 17 22 16 15 24 28 25 12 30 18 23 12 11 21 25 14 15 11 20 27 28 24 14 25 18 16 10 19 26 14 15 30 30 32 4 40 40 25 18 23 23 15 23 16 22 22 21 24 26 22 26 39 42 24 8 25 17 24 9 24 
13 12 9 21 15 28 30 34 24 23 17 17 13 20 26 12 20 18 28 29 16 16 19 34 41 22 24 33 14 39 32 31 33 20 47 16 19 31 15 12 22 44 25 25 17 27 18 22 24 19 15 25 17 14 17 22 17 17 24 5 26 27 20 30 19 29 29 39 25 24 19 36 26 23 23 17 22 24 26 20 30 27 35 39 18 21 21 23 13 42 
17 23 15 27 24 19 24 24 27 15 16 25 20 22 29 11 20 26 21 34 15 10 13 39 28 15 20 29 18 31 27 26 41 26 23 15 26 30 21 19 28 31 19 33 29 16 14 18 28 21 31 22 25 14 17 23 11 15 22 15 24 36 28 32 25 15 27 31 23 20 18 31 18 25 17 28 18 15 24 34 28 28 44 29 8 22 36 20 16 41 
17 14 20 21 15 31 33 14 37 22 28 31 11 23 33 21 17 21 25 27 25 15 16 55 28 14 20 18 15 31 12 21 18 26 24 28 38 31 22 43 24 41 17 32 32 10 17 20 21 31 29 28 29 19 29 27 21 17 21 17 27 18 50 34 20 41 28 26 20 10 6 16 27 25 2 22 11 14 38 16 26 34 34 33 18 25 20 41 42 40 
19 28 16 24 15 29 37 27 23 15 21 32 20 17 28 15 17 12 21 35 18 14 9 27 38 14 16 36 16 30 17 26 36 13 23 18 20 28 20 26 28 35 37 39 25 17 24 23 31 29 27 9 24 15 17 24 15 14 29 14 23 33 27 25 37 24 28 26 13 20 31 17 26 16 19 29 12 20 25 19 31 26 38 40 16 17 32 23 24 28 
15 28 15 31 20 18 31 26 54 13 18 23 16 18 30 18 19 14 27 17 17 17 33 17 24 23 16 28 20 25 19 19 23 16 31 22 14 25 17 23 27 25 23 31 19 14 16 18 35 28 27 25 20 14 25 25 4 13 24 18 19 25 27 23 25 32 23 29 25 20 17 18 22 15 26 27 24 13 30 17 22 29 15 25 14 9 18 30 23 39 
17 21 16 31 21 24 35 14 18 7 19 24 21 24 27 18 27 7 42 27 18 24 15 29 25 19 21 18 12 21 22 9 34 24 27 26 28 34 20 33 30 43 25 20 31 12 20 32 27 26 26 21 30 23 18 20 9 14 27 15 20 36 31 19 27 36 26 37 20 33 23 24 26 9 16 24 30 25 22 13 28 41 36 22 11 21 28 36 25 26 
8 20 7 25 19 34 9 22 28 10 21 27 24 14 29 24 14 22 31 22 19 15 7 30 33 20 16 25 18 19 23 21 12 16 11 21 26 30 15 31 24 31 13 16 28 18 17 15 34 25 35 30 20 18 19 24 14 17 37 18 21 18 21 12 10 32 25 40 23 32 27 18 29 28 22 21 16 24 25 13 36 41 20 24 13 25 34 44 13 35 
22 27 11 33 22 24 22 33 27 14 17 43 27 24 32 17 18 28 30 47 16 9 14 33 10 16 23 29 19 30 26 22 39 27 36 24 18 51 12 35 19 24 18 33 24 17 15 29 23 29 23 19 24 14 15 18 22 18 18 20 18 31 22 21 25 28 15 34 24 30 20 25 28 18 19 18 25 9 34 22 29 28 30 21 17 32 28 18 25 23 
16 34 5 41 28 18 14 15 42 23 26 23 17 25 32 12 10 11 21 27 14 16 22 23 19 17 15 19 13 22 17 25 21 31 28 17 25 35 28 18 8 28 33 43 36 20 21 19 43 31 18 17 23 12 18 19 15 9 24 20 15 17 24 28 15 30 26 16 31 25 22 25 25 16 16 22 33 19 27 18 14 35 37 32 18 18 28 22 24 37 
21 36 21 14 30 23 32 23 33 9 22 30 25 21 25 20 33 17 30 42 19 16 25 16 40 17 25 40 10 21 17 30 33 27 10 14 24 23 21 20 28 32 43 25 31 12 23 21 24 30 34 21 28 13 23 15 12 14 23 18 28 33 27 14 19 32 23 20 27 24 12 20 17 14 23 22 20 25 18 11 22 38 23 37 6 13 18 30 27 36 
15 35 5 34 12 24 19 17 37 9 29 22 19 29 29 17 17 27 27 30 19 14 30 38 32 24 20 17 16 26 24 27 27 31 39 11 25 22 12 32 24 24 22 30 34 16 19 29 26 26 29 12 28 23 22 19 16 14 25 20 24 17 41 29 3 15 19 25 20 15 22 19 25 18 16 25 24 17 19 20 19 22 36 17 17 22 28 28 24 27 
18 12 17 27 26 23 30 19 22 23 12 24 18 24 46 16 25 17 20 29 20 19 18 24 22 18 4 38 18 36 20 14 26 27 35 17 24 27 21 29 29 20 28 25 32 18 14 18 19 21 23 22 20 19 19 10 14 21 23 22 36 22 31 12 23 31 24 28 24 29 31 16 25 11 20 25 24 20 26 18 13 28 13 28 14 17 20 21 19 14 
15 19 15 25 19 26 15 38 7 6 18 35 17 16 37 17 15 16 21 31 20 16 25 37 24 16 19 22 16 30 30 14 24 23 32 23 30 15 20 28 26 24 23 42 34 15 14 27 15 21 36 17 21 7 17 20 15 12 17 18 33 24 21 24 15 24 14 24 21 9 28 31 14 17 14 41 14 19 26 18 25 27 34 28 22 14 28 34 17 28 
16 36 13 30 15 20 27 18 26 13 27 16 22 30 26 15 22 23 29 20 24 15 22 33 20 20 21 27 12 24 5 8 20 19 20 11 20 31 23 30 11 16 42 30 22 19 9 8 26 25 51 27 24 17 15 16 22 17 14 17 18 20 42 26 31 21 17 36 21 17 27 18 33 22 27 21 13 18 11 25 15 35 30 33 15 19 23 16 25 28 
7 25 17 20 24 30 27 31 25 20 28 51 7 15 37 15 21 30 32 29 12 20 11 36 19 7 21 25 14 21 14 18 51 17 21 21 28 19 21 34 19 23 30 24 25 12 8 34 24 32 16 17 2 19 19 16 25 16 30 26 14 31 34 9 19 31 22 28 21 16 24 27 23 12 23 24 25 16 35 25 26 33 26 35 15 27 22 34 26 27 
15 19 10 26 33 24 19 23 22 5 24 37 19 27 36 24 19 21 25 30 15 18 19 42 30 15 28 25 17 34 17 18 42 24 27 15 31 24 19 40 12 31 24 18 25 13 12 21 21 27 21 20 16 19 16 29 13 22 22 18 27 25 41 37 36 35 24 26 32 33 20 20 28 24 19 22 21 16 12 21 25 33 34 30 20 21 32 26 13 28 
10 25 15 36 25 36 21 34 28 21 25 27 22 12 33 13 28 14 32 20 25 19 15 28 35 18 21 24 18 38 26 24 34 27 15 20 26 35 13 21 12 29 32 26 24 20 24 26 31 18 37 25 25 12 28 13 15 15 17 8 27 27 29 27 15 30 15 23 18 29 21 21 23 19 20 24 19 16 17 19 22 36 28 32 16 22 27 27 16 24 
24 34 19 19 19 29 25 21 32 17 12 14 6 24 39 5 25 18 20 16 23 17 22 25 41 17 17 49 12 29 21 23 41 30 17 15 29 23 12 30 17 26 25 27 23 11 23 18 36 24 32 23 27 13 21 18 17 13 22 26 26 45 43 21 22 19 24 14 28 27 29 29 26 17 28 18 28 16 31 18 22 27 20 36 16 20 20 27 15 17 
20 34 12 38 33 25 29 19 25 15 14 32 22 25 25 10 11 16 22 13 11 17 20 30 44 12 24 28 11 16 25 23 26 19 28 23 40 34 27 33 19 43 27 34 30 11 15 20 26 21 26 5 25 10 15 19 16 21 21 22 25 28 35 24 27 22 19 25 19 11 22 17 17 22 16 27 25 19 36 22 23 48 19 21 7 19 24 26 20 35 
21 24 15 28 22 32 36 11 31 5 14 33 14 24 24 8 20 27 24 27 16 9 21 27 39 19 16 31 16 21 21 27 39 10 21 25 28 31 17 35 23 27 25 34 28 11 18 29 34 31 24 31 17 12 11 19 11 15 28 22 24 27 17 16 19 29 22 32 38 23 28 27 33 9 26 21 15 16 41 25 18 26 4 15 15 24 24 23 15 30 
17 26 11 27 12 23 34 15 33 19 10 34 22 23 26 19 16 18 22 23 22 16 21 38 39 17 15 30 11 19 15 31 28 19 26 19 22 17 21 34 21 18 23 33 23 21 21 17 29 15 22 16 30 15 23 18 13 17 19 19 24 28 25 27 23 9 30 18 28 33 26 20 32 25 26 12 21 18 29 20 24 35 27 47 11 15 10 25 24 20 
20 30 20 27 18 17 22 22 12 16 22 28 22 25 28 17 30 18 29 23 17 13 29 34 27 19 20 18 11 15 11 23 36 29 19 23 24 32 12 29 22 34 26 28 32 18 14 21 24 20 35 21 23 20 9 23 21 14 25 22 19 38 41 35 36 23 29 19 23 13 15 27 23 20 12 18 27 6 38 27 21 33 25 28 20 21 27 34 28 18 
24 41 16 29 27 19 23 18 25 15 21 34 14 22 29 15 20 21 15 35 15 18 18 38 33 8 13 37 18 33 26 20 25 13 17 20 32 42 20 19 31 27 15 15 28 17 18 30 27 14 30 20 24 15 23 26 19 15 23 19 20 28 34 25 38 31 19 33 21 19 13 19 19 9 23 26 23 14 24 19 23 34 26 27 15 18 35 42 25 27 
11 27 14 27 29 19 32 22 22 5 8 11 12 26 27 10 32 44 31 35 18 17 26 34 37 13 15 28 15 18 20 15 11 19 29 20 40 26 18 26 18 29 30 24 24 12 20 26 29 25 11 21 14 22 14 25 17 15 20 8 24 38 14 31 36 21 26 21 18 29 27 25 28 24 23 32 16 20 20 17 23 33 24 30 16 17 31 13 16 19 
18 37 16 14 22 21 37 33 30 24 21 29 17 26 25 13 20 8 13 31 15 16 14 27 41 18 10 37 17 30 10 18 33 19 23 18 28 35 15 26 29 34 26 44 25 13 12 28 31 29 18 26 23 27 23 17 20 21 24 7 15 29 27 42 32 17 25 34 22 24 25 22 18 22 18 27 25 18 25 19 17 40 42 42 21 16 32 20 27 23 
11 52 18 28 33 27 32 24 25 13 19 29 2 16 24 11 18 24 18 27 12 23 14 25 29 18 22 24 12 35 18 17 35 8 14 20 22 13 17 29 17 34 21 26 18 13 20 29 20 23 21 16 21 23 17 18 22 11 28 18 24 34 19 34 31 24 11 20 23 21 49 22 15 23 23 31 21 15 38 19 29 31 20 29 11 21 38 32 16 23 
17 33 7 26 27 25 30 20 36 15 30 21 23 13 13 13 23 22 20 21 28 20 17 27 22 23 25 28 9 26 17 18 38 25 27 17 17 27 16 31 34 33 18 24 18 19 21 34 18 27 25 21 21 8 17 16 16 20 24 11 22 32 31 25 14 39 19 22 23 24 33 17 25 20 14 30 20 14 17 13 21 30 25 27 11 25 38 21 29 22 
9 25 20 29 18 17 35 8 31 15 24 27 17 16 39 15 27 11 33 19 16 20 22 30 25 29 28 40 19 33 17 18 32 24 4 14 18 24 20 27 21 19 38 37 24 13 23 20 23 26 24 13 34 22 16 20 15 19 24 8 32 26 25 33 16 49 24 39 22 23 26 24 16 8 19 21 15 20 17 23 12 31 21 25 21 22 29 36 25 22 
13 38 19 32 25 20 36 30 25 25 30 32 20 23 22 16 18 11 30 28 14 15 17 33 17 14 17 33 20 23 14 17 24 11 17 15 34 29 14 30 25 43 32 22 26 22 14 24 44 41 39 23 27 15 24 15 14 14 14 16 30 20 25 28 23 20 23 29 17 20 43 17 21 12 10 22 21 16 30 25 25 29 26 36 12 19 24 34 32 23 
19 32 11 32 29 22 27 27 33 23 21 35 19 22 30 14 23 17 17 18 16 21 18 41 20 21 23 27 9 24 26 33 22 36 25 19 34 25 18 12 15 32 20 41 22 15 24 27 23 31 21 16 29 14 13 22 22 20 19 13 29 21 25 42 20 22 12 37 32 34 25 17 14 8 20 15 27 10 29 19 16 19 25 35 14 19 19 28 28 23 
16 35 15 32 18 13 40 21 33 14 13 48 4 23 21 15 37 22 22 18 14 15 17 41 16 23 18 15 20 20 23 23 39 21 26 19 29 26 12 19 15 37 27 36 23 15 22 20 23 8 29 13 17 23 14 14 9 18 19 20 20 36 28 32 31 9 18 45 25 20 12 27 31 21 23 10 16 26 15 24 28 36 26 34 16 15 28 22 20 26 
18 12 17 27 22 12 28 11 36 10 22 31 26 19 28 11 29 31 24 20 16 20 8 40 39 8 9 26 16 26 20 21 32 40 25 12 26 31 17 15 20 17 32 18 26 14 22 21 29 21 20 20 17 17 18 16 13 15 19 15 23 18 38 53 22 38 23 33 18 27 29 25 30 15 17 21 23 14 41 29 29 20 30 27 15 18 24 15 22 40 
19 23 15 40 27 41 24 27 26 24 25 34 11 14 51 17 16 20 24 19 17 9 20 24 5 14 29 21 9 27 18 19 40 18 16 13 18 29 20 21 30 21 26 24 21 13 13 21 15 22 30 22 20 18 20 25 14 19 21 6 34 18 33 39 36 17 25 25 23 21 19 17 35 22 25 20 9 21 31 17 23 20 31 43 16 16 29 27 21 36 
8 14 13 19 11 16 32 36 34 19 30 48 22 32 31 13 28 20 38 29 18 16 27 19 30 22 28 21 20 14 18 20 17 16 26 21 24 17 17 27 27 24 31 38 12 20 17 33 34 19 31 9 31 18 16 22 22 21 20 12 17 29 40 37 20 26 23 34 15 22 40 28 24 11 20 26 28 19 20 26 20 31 18 49 23 10 25 17 27 16 
16 19 9 32 26 27 24 4 39 10 24 14 18 27 32 17 25 22 20 28 22 5 19 35 17 33 13 3 15 28 12 18 21 21 30 19 23 15 11 24 16 39 16 37 27 15 15 26 28 26 26 20 30 13 18 19 17 17 25 13 30 33 34 30 29 30 28 17 14 27 29 22 24 19 26 17 24 14 36 31 21 25 18 3 15 24 16 31 16 22 
17 31 14 35 27 18 27 27 28 9 16 19 16 24 32 24 28 24 23 36 13 17 21 39 15 7 11 28 14 27 23 29 16 31 34 14 23 21 17 25 15 18 9 35 21 13 14 15 23 29 27 20 30 25 18 26 15 17 21 16 28 31 13 27 13 41 34 30 20 27 30 13 26 33 16 13 22 19 38 24 14 30 32 39 17 19 25 20 24 24 
17 31 9 30 24 18 36 21 29 16 19 20 22 4 26 14 24 19 24 30 21 17 29 13 23 26 25 35 16 28 10 23 28 20 17 20 20 15 27 8 20 31 26 30 13 13 22 25 29 25 31 23 20 17 18 14 11 18 21 17 22 22 35 12 12 19 22 20 17 24 21 28 32 18 18 20 18 13 15 12 19 24 34 51 12 19 21 42 25 34 
17 29 6 28 31 19 31 36 36 19 14 35 24 31 27 13 32 20 21 20 20 20 12 31 27 18 13 34 16 14 8 27 42 31 32 20 25 28 24 34 26 33 13 24 9 17 21 33 26 16 27 12 20 17 13 24 15 15 24 20 12 26 20 26 30 29 31 16 13 31 18 27 26 24 12 23 21 22 37 23 28 34 30 19 9 15 25 15 14 36 
20 49 18 34 20 23 40 27 33 13 20 23 15 25 21 13 33 25 19 27 17 18 22 22 24 25 30 28 15 25 10 22 28 22 26 15 32 20 15 15 24 40 18 42 24 15 14 35 23 25 36 18 19 19 12 24 14 10 21 16 21 34 31 22 24 12 35 26 20 20 8 19 23 19 16 21 16 12 16 21 27 24 37 27 24 21 33 17 24 44 
13 43 15 30 19 28 33 19 27 17 9 34 17 28 15 14 35 19 27 35 17 22 19 30 35 12 22 28 12 32 25 22 29 15 22 17 19 28 22 25 27 25 31 32 22 11 12 12 28 24 10 22 18 21 15 25 9 15 19 20 20 19 19 24 21 38 23 23 23 26 17 20 24 18 20 30 22 12 33 12 20 31 45 11 10 20 23 28 25 17 
25 27 20 25 20 5 17 37 15 20 7 24 20 27 34 10 24 23 27 26 15 9 15 28 37 18 29 31 19 20 13 23 16 15 23 25 26 25 18 11 25 29 11 34 18 21 23 25 26 40 30 38 20 23 22 21 14 19 16 19 27 35 24 32 24 50 15 22 19 20 25 12 26 18 16 35 21 17 28 19 14 26 22 24 23 19 29 11 24 23 
15 45 19 27 24 29 39 24 27 9 16 33 24 26 23 11 29 33 28 16 21 21 23 21 26 13 23 16 13 27 27 21 29 21 22 18 23 33 13 33 26 23 18 29 25 22 16 14 18 14 33 28 22 11 15 24 14 14 27 10 12 28 26 30 13 31 32 23 16 25 35 25 28 21 12 17 28 17 22 25 23 45 18 38 17 23 28 28 27 33 
23 45 15 29 28 27 19 30 28 18 19 32 14 18 27 23 27 17 28 21 12 14 20 40 22 21 17 37 15 27 22 24 44 19 18 23 24 20 9 29 24 27 25 24 30 11 21 25 33 20 20 33 30 9 25 16 17 12 20 12 33 18 36 31 25 25 23 23 25 26 30 23 27 23 20 33 27 21 25 32 27 47 31 26 15 18 28 22 25 32 
19 23 15 19 10 19 27 30 38 23 7 33 22 28 28 16 29 17 19 34 14 18 8 32 37 21 24 22 16 25 17 23 17 18 25 22 33 34 25 40 20 31 37 24 27 16 22 32 22 30 17 24 22 13 18 11 13 15 13 18 9 30 25 11 33 23 26 27 24 29 37 39 20 24 23 36 16 17 27 13 16 34 29 28 14 19 28 27 21 30 
11 15 18 16 18 27 28 21 23 13 13 38 12 28 27 14 17 12 16 26 15 23 12 31 39 17 12 21 17 31 15 22 19 25 22 13 24 30 23 18 22 35 40 29 12 14 20 28 34 34 30 19 11 11 16 20 15 17 18 21 22 26 35 41 52 32 24 14 23 18 25 14 28 9 19 16 23 14 24 22 24 28 26 26 14 20 26 23 24 37 
11 31 18 22 20 23 35 26 14 15 24 28 22 22 22 13 25 17 23 11 14 14 30 27 36 18 20 32 7 29 17 20 23 26 21 14 14 27 25 26 25 39 17 24 29 15 17 28 25 10 15 23 20 19 14 20 28 8 25 11 19 33 14 36 23 30 23 38 27 24 25 9 29 18 18 35 22 16 23 12 21 26 17 36 15 26 30 19 16 32 
16 14 11 14 22 15 8 31 30 23 19 28 27 21 23 15 22 30 14 34 15 24 24 37 24 16 12 34 16 33 24 21 31 26 29 30 29 19 20 25 19 26 29 28 12 14 16 30 35 22 28 21 26 18 12 16 8 12 21 22 26 10 43 19 16 33 26 19 18 31 31 14 22 14 17 17 22 18 27 24 21 35 9 35 12 30 32 15 23 50 
18 29 15 14 29 20 28 32 9 18 17 41 23 38 33 12 27 20 28 31 14 16 20 15 39 20 25 26 18 28 14 23 22 18 24 14 22 17 16 28 20 33 38 33 22 13 13 27 35 23 39 13 18 19 13 24 17 15 13 17 24 15 29 15 24 34 28 21 31 18 27 21 16 20 21 27 23 21 35 21 22 31 20 36 14 14 32 23 23 35 
17 28 23 27 14 27 27 34 38 20 23 39 18 22 24 12 30 20 30 20 19 21 29 36 37 13 37 11 15 25 13 11 28 20 31 10 31 19 20 30 30 26 20 41 12 15 28 25 15 25 40 20 23 15 7 19 15 17 16 23 29 40 18 28 19 26 28 35 24 21 13 16 25 17 22 23 23 21 29 27 14 16 31 21 14 15 26 14 26 21 
19 21 16 22 20 35 36 15 23 16 20 37 18 31 19 17 12 13 19 39 22 19 29 39 27 17 15 38 16 25 17 11 19 22 18 19 20 27 18 26 25 17 9 36 21 12 17 15 31 22 40 25 24 22 23 10 14 20 19 16 22 22 27 23 19 35 28 35 21 20 27 27 18 17 20 21 18 13 32 17 20 39 31 32 18 14 9 17 27 31 
15 25 11 32 12 28 17 25 22 24 24 32 8 24 30 17 18 23 21 13 22 9 17 15 29 19 17 36 25 27 23 31 17 13 18 15 36 40 17 23 24 30 34 21 22 11 20 34 24 28 31 25 18 22 25 24 17 14 21 15 21 20 20 36 24 35 24 27 18 24 26 24 18 11 29 20 16 20 28 18 28 32 16 35 16 16 23 20 21 20 
12 32 13 22 21 17 28 17 32 12 6 9 19 16 7 14 32 28 28 29 10 12 21 22 24 13 20 26 16 29 25 25 17 21 22 15 25 18 21 26 24 32 43 39 23 11 10 24 27 17 39 26 24 17 16 19 20 15 29 14 18 21 37 32 25 21 17 34 33 26 43 18 24 15 19 19 15 13 24 24 13 22 21 50 8 26 31 26 13 23 
15 23 15 34 8 16 28 31 29 24 23 39 23 21 19 13 27 26 21 26 14 13 19 21 48 10 18 29 17 18 21 20 14 23 16 23 22 25 19 20 25 23 12 35 22 9 25 13 41 21 32 17 31 28 11 18 18 14 14 11 21 29 24 23 24 30 30 36 29 22 34 16 21 24 18 22 15 14 31 18 12 28 44 24 18 15 31 22 25 26 
16 22 14 36 16 15 32 33 25 9 15 41 21 25 30 17 24 22 26 21 11 19 17 32 33 19 24 36 12 23 23 32 26 19 24 16 25 37 15 21 30 36 33 36 27 19 15 17 29 20 25 31 18 20 27 27 18 14 29 20 23 27 37 25 23 25 30 25 25 15 29 21 29 15 18 19 21 24 26 23 21 35 42 40 18 35 28 31 29 22 
12 39 18 21 21 23 29 25 22 17 26 21 26 33 16 16 16 25 24 32 21 15 26 33 38 29 23 25 12 25 32 12 30 19 28 15 26 20 20 18 19 38 26 24 26 17 7 8 29 38 25 24 18 7 11 21 18 20 15 17 13 28 28 35 32 36 38 27 15 11 28 12 22 19 15 33 12 15 27 17 24 33 15 43 4 25 19 7 18 31 
17 36 18 28 26 28 31 29 27 11 27 25 19 37 20 14 32 17 25 16 16 13 22 35 26 20 25 19 14 22 28 17 23 20 28 12 13 26 22 23 18 21 20 28 24 21 14 13 33 32 28 16 25 17 13 18 13 17 23 18 37 43 36 42 27 22 36 18 30 23 21 25 27 15 22 18 30 12 24 18 22 10 18 44 20 16 23 7 21 33 
23 15 15 18 16 26 27 14 32 7 18 32 13 33 20 14 27 26 26 30 20 10 24 22 33 15 19 27 17 19 15 24 17 22 20 19 22 18 13 16 28 25 32 38 20 23 14 27 31 17 18 19 31 15 20 17 14 10 22 12 20 13 20 29 18 26 24 17 28 29 18 28 26 22 18 26 30 13 33 26 16 24 9 23 24 18 17 16 14 43 
22 40 18 21 23 30 16 20 30 8 8 22 21 27 30 14 22 22 12 20 20 16 17 22 34 13 33 29 16 25 20 29 38 25 21 13 22 29 28 28 19 10 21 25 25 15 15 24 19 36 24 24 28 19 18 22 17 20 19 9 29 38 25 20 15 31 22 15 22 26 21 16 18 22 12 26 24 7 39 13 19 20 25 29 10 13 18 20 27 13 
23 27 20 29 21 26 43 26 35 8 18 23 13 27 37 14 26 22 12 26 19 6 9 40 31 22 22 13 13 44 13 13 25 26 12 10 23 39 26 28 30 40 18 20 17 13 14 33 21 19 32 19 23 22 15 9 19 17 20 11 27 28 34 24 32 38 15 38 29 21 9 13 24 18 15 31 20 17 36 19 25 42 18 36 19 14 25 20 27 28 
16 28 16 26 16 19 30 18 33 20 10 6 23 27 30 13 17 24 22 21 16 11 21 33 44 23 21 27 14 36 20 13 26 27 19 22 30 16 8 11 24 38 30 28 19 13 21 26 16 25 17 28 26 24 15 16 16 17 23 16 24 27 20 23 30 22 34 23 20 24 32 15 12 18 23 28 25 17 32 21 19 30 20 36 14 16 25 28 22 24 
16 51 19 34 20 14 33 28 33 15 23 27 23 31 27 7 26 22 13 26 14 13 25 29 44 15 21 15 17 26 13 27 27 13 40 19 27 22 23 42 18 47 30 31 31 16 18 24 40 21 34 24 27 15 4 11 17 9 15 14 21 40 30 32 27 24 30 28 8 37 27 26 26 12 17 23 14 14 22 13 19 24 30 13 17 18 41 29 23 29 
18 15 18 15 9 25 32 10 15 20 23 25 25 8 24 10 21 23 25 18 14 16 24 28 31 24 20 23 13 29 20 31 28 29 18 15 25 37 19 22 18 18 25 38 16 15 19 38 24 24 36 26 29 15 21 16 13 6 27 22 17 20 33 24 26 18 25 23 20 20 27 26 19 13 20 29 15 10 24 28 8 26 28 30 15 14 23 24 25 18 
13 32 11 29 17 19 32 17 20 10 29 35 11 18 37 18 20 17 21 25 23 19 23 29 32 20 21 33 18 22 16 26 20 25 40 21 12 25 12 22 20 26 31 18 23 15 23 21 27 25 34 25 23 15 24 14 17 14 34 18 33 11 39 11 17 26 22 36 23 17 13 21 20 16 14 27 23 17 38 12 22 25 19 30 22 12 19 21 25 36 
12 35 14 17 9 30 35 38 27 6 29 30 24 21 28 17 23 26 27 22 10 10 14 34 35 29 24 29 15 22 16 27 26 25 16 9 31 27 19 32 20 25 13 14 22 13 15 27 37 28 22 22 21 22 9 18 17 18 25 23 11 8 26 28 14 23 11 31 9 36 31 13 35 14 24 23 14 10 24 3 9 33 24 36 21 17 18 30 21 39 
10 33 12 26 16 26 25 13 37 9 21 25 15 13 15 15 16 22 18 24 14 19 28 20 32 18 20 38 15 28 19 16 15 13 15 19 25 30 25 18 29 25 26 30 24 13 20 29 24 30 30 24 25 14 27 18 15 16 33 17 19 31 31 23 30 35 29 34 32 25 29 9 17 15 20 19 12 10 19 21 13 28 23 33 8 14 32 25 16 32 
13 39 13 16 28 21 17 22 34 16 16 33 14 28 34 14 22 29 21 22 14 16 25 37 37 15 22 36 26 35 26 32 42 23 20 10 23 30 14 40 24 21 11 36 18 9 12 20 38 28 17 16 34 13 19 21 14 14 20 19 28 16 16 30 29 32 24 34 23 23 23 21 18 9 14 8 11 8 36 22 20 24 26 29 18 24 21 29 27 30 
15 35 18 15 18 25 21 19 25 14 23 37 18 6 24 13 16 10 27 22 20 14 18 28 54 23 25 38 20 23 14 18 26 10 12 15 23 24 13 29 24 30 31 32 28 19 16 21 26 20 24 22 20 19 30 16 19 18 32 12 29 47 28 20 20 39 28 29 25 15 27 13 23 14 17 34 20 13 27 24 28 21 15 11 10 11 35 20 30 8 
13 35 19 13 19 17 25 20 22 31 28 29 25 6 44 21 23 23 17 38 24 10 19 34 31 22 19 23 20 18 23 13 26 16 26 21 23 30 19 19 16 33 25 26 26 12 19 22 22 20 30 21 25 20 21 20 18 16 19 18 39 28 24 35 25 33 20 25 27 20 20 21 27 23 13 26 17 24 30 12 27 20 27 38 18 24 31 23 25 30 
15 33 12 17 14 9 13 13 32 15 24 36 15 30 4 15 19 26 16 25 15 17 19 22 43 17 19 20 16 26 33 14 27 19 26 26 17 27 14 23 17 20 35 18 9 20 16 30 36 31 40 25 28 16 12 17 6 13 24 14 22 21 34 33 18 35 22 30 28 30 31 23 38 26 17 28 19 17 20 15 19 38 20 20 14 19 30 22 16 29 
20 23 14 24 27 29 26 26 32 15 28 33 18 18 21 19 21 18 11 30 15 19 24 19 35 17 27 15 13 27 26 5 27 25 18 23 21 28 21 22 33 32 18 37 16 13 21 26 29 10 10 15 23 21 24 14 13 17 21 10 38 17 17 48 40 24 21 32 24 19 18 21 35 19 19 28 19 21 14 19 25 43 22 39 15 15 36 18 19 15 
13 37 9 19 28 29 35 12 46 13 17 22 15 20 40 11 22 15 21 28 17 14 18 28 43 22 23 26 16 26 17 17 22 23 36 15 30 35 17 39 17 21 19 34 29 16 26 31 26 28 22 24 18 14 23 17 16 19 27 9 23 31 26 25 19 19 26 26 17 37 24 40 17 10 24 21 28 14 27 27 21 38 27 41 13 21 31 26 23 23 
18 28 16 33 20 26 16 29 29 16 21 12 19 19 35 14 25 32 18 19 18 16 13 35 34 15 22 32 20 18 23 14 20 10 23 11 27 25 16 21 27 16 32 30 25 23 14 17 29 23 20 27 29 10 28 19 13 12 16 19 35 20 14 21 17 25 40 28 32 41 26 17 24 18 21 17 24 20 37 29 13 32 24 45 12 17 27 13 22 14 
15 29 17 20 20 28 26 25 23 23 10 24 23 23 29 10 31 18 28 30 6 20 15 41 50 20 24 27 5 18 24 19 39 8 31 17 27 22 20 20 28 41 35 14 34 10 20 13 22 17 14 31 19 17 9 20 13 11 28 11 28 31 35 42 16 43 15 23 29 25 43 25 16 16 15 18 25 11 26 20 28 19 30 31 20 23 23 24 18 21 
11 34 13 23 16 19 22 19 41 12 29 36 23 22 28 17 31 29 33 11 11 16 20 30 19 20 17 16 12 19 15 23 21 28 34 14 15 18 17 53 24 24 14 47 25 19 14 31 43 12 20 17 26 14 15 11 18 16 22 17 25 27 29 22 24 22 29 32 16 15 23 21 26 12 14 27 21 14 28 25 19 34 20 35 4 22 25 18 24 31 
9 25 12 12 20 14 23 22 43 28 15 33 23 30 33 19 24 27 25 32 20 10 19 24 34 32 23 31 13 29 13 9 31 26 19 25 29 29 18 22 27 19 23 31 32 19 25 17 35 32 32 17 22 25 18 20 18 19 14 16 28 11 28 23 16 24 21 31 27 30 38 21 25 19 11 17 16 21 31 25 29 29 30 17 14 17 18 11 23 30 
9 21 13 28 8 26 38 32 31 19 17 39 16 18 19 15 10 23 23 28 16 21 11 37 21 19 18 37 7 24 21 24 30 23 30 10 34 16 21 24 26 27 28 18 29 17 18 30 31 16 20 18 25 12 19 30 18 16 30 16 8 38 44 45 25 31 17 31 13 25 20 22 24 15 28 29 18 11 26 21 34 43 19 24 14 15 35 31 18 25 
15 26 17 21 20 22 25 37 25 21 17 22 19 24 23 18 29 22 28 16 14 12 14 24 31 18 22 36 14 26 21 13 18 17 18 17 30 10 22 36 20 31 37 22 27 25 16 26 15 14 32 17 20 15 19 12 20 14 26 6 12 30 23 21 17 20 23 33 20 20 21 21 29 18 28 15 12 23 39 11 10 41 35 28 15 31 21 23 12 19 
19 37 9 22 12 32 16 33 18 23 19 36 24 29 43 16 26 19 26 28 16 10 19 21 19 13 5 31 18 26 23 20 39 16 30 11 28 33 16 29 14 24 19 23 19 18 18 31 29 23 28 20 28 16 6 29 10 15 31 15 14 15 19 10 25 27 25 26 17 34 20 22 21 18 16 24 14 13 33 19 24 30 6 27 24 20 21 14 33 29 
13 21 16 22 20 26 15 24 16 24 22 17 19 25 16 13 25 17 17 24 14 12 24 23 9 17 28 28 20 37 16 18 14 24 23 6 35 24 27 31 22 51 31 37 22 17 18 23 35 25 26 17 25 13 21 17 20 16 16 19 19 27 30 31 21 32 26 30 12 22 27 30 25 17 21 15 27 16 24 18 22 40 20 32 12 28 33 26 30 30 
15 31 11 28 25 18 25 31 29 21 24 32 14 20 26 16 26 19 24 30 19 18 27 34 32 20 23 23 10 27 21 16 37 19 12 18 29 30 21 27 19 35 42 15 37 13 18 17 31 24 9 22 26 12 23 18 18 18 23 9 29 20 31 36 20 42 22 32 30 17 32 19 32 18 15 29 17 12 34 22 19 20 24 36 15 16 20 10 16 18 
12 22 21 27 18 22 18 30 26 15 22 36 22 21 31 12 27 20 29 29 15 22 25 28 28 19 17 18 14 34 15 23 20 25 16 8 33 24 20 17 30 26 22 27 18 16 15 13 22 30 20 27 32 15 17 23 10 12 21 10 33 30 13 36 20 43 23 33 21 14 9 19 30 23 22 24 6 14 41 13 17 38 28 21 20 14 29 21 14 32 
23 40 18 34 20 27 22 26 46 18 25 31 20 26 34 13 29 20 12 44 13 19 15 27 30 15 21 25 10 28 11 20 36 18 19 19 24 19 15 14 28 32 32 28 25 18 25 32 19 30 46 19 23 18 20 20 17 25 15 15 21 16 32 35 26 25 19 28 25 26 23 26 18 14 20 29 24 10 38 21 18 28 25 25 10 20 28 34 23 30 
16 26 14 35 19 25 40 24 21 17 17 32 23 21 35 11 20 25 24 25 23 19 17 34 34 16 27 28 17 16 20 24 41 24 10 12 47 25 18 27 24 24 31 15 37 15 15 17 36 24 16 16 14 9 13 18 15 11 32 15 20 23 6 26 32 27 25 23 17 22 27 13 12 22 21 29 21 16 21 20 21 35 22 27 23 16 25 34 20 24 
14 36 18 21 15 16 30 22 32 20 19 25 15 22 11 18 26 29 30 25 21 16 20 39 18 18 25 29 10 23 24 28 17 33 27 15 28 9 22 34 19 30 34 26 28 20 28 17 23 26 19 29 27 17 14 19 15 17 21 22 21 24 30 32 20 26 18 26 15 33 13 21 27 22 21 22 17 13 27 11 23 24 24 25 19 31 30 28 29 23 
11 37 17 37 29 26 36 22 32 17 15 24 10 20 34 9 14 14 13 35 21 12 20 30 20 19 18 21 17 24 17 18 17 21 20 24 23 32 12 32 19 35 23 21 27 18 17 25 31 24 19 25 15 23 14 13 15 19 32 14 14 29 32 24 15 17 25 20 33 28 28 20 18 19 26 23 23 6 22 13 29 17 30 18 9 23 25 17 28 18 
16 27 25 15 16 27 40 13 31 21 22 29 23 33 28 22 24 37 22 20 24 9 23 33 31 15 25 32 8 8 10 12 14 16 31 24 23 21 25 29 17 42 42 33 23 14 16 25 25 15 32 18 30 26 12 15 12 5 29 17 40 20 20 22 33 33 27 28 23 19 18 26 32 20 22 14 23 12 29 28 16 25 12 27 10 18 26 31 20 26 
10 19 16 18 13 19 30 28 28 11 29 35 24 30 11 14 17 30 20 28 18 19 17 27 28 21 20 16 21 18 20 21 31 18 30 16 33 16 18 30 30 25 23 21 19 17 21 29 39 13 19 22 14 15 14 19 15 20 21 16 25 22 35 23 25 22 27 5 10 14 28 22 24 25 16 25 18 18 32 23 16 37 36 40 12 27 22 32 24 31 
14 17 18 22 29 25 30 17 48 10 16 28 22 26 28 16 22 12 28 15 17 21 17 9 33 17 18 29 15 32 30 30 20 32 25 12 20 13 17 27 24 40 37 14 22 21 19 16 32 30 18 30 24 11 10 26 15 14 34 12 30 22 26 38 27 36 22 24 19 27 8 26 20 26 17 24 12 15 39 19 20 39 31 26 13 24 23 27 12 37 
14 13 14 32 23 16 32 22 33 25 26 29 18 35 30 14 24 29 19 21 16 21 21 38 27 13 23 34 12 27 20 22 16 14 20 14 22 26 10 22 19 35 14 23 28 16 14 27 39 38 30 19 25 17 24 8 14 12 26 14 12 29 18 25 29 37 27 33 16 15 26 20 12 20 20 20 17 16 31 25 20 17 32 29 12 20 33 22 22 19 
20 30 19 14 26 17 17 29 40 16 24 41 25 18 26 17 21 14 20 21 6 21 23 28 31 26 24 17 17 25 20 21 22 19 9 20 12 28 16 27 12 21 21 33 19 26 19 25 33 19 36 21 32 14 21 24 17 22 21 15 31 41 26 20 26 32 22 29 24 24 18 25 27 20 10 21 25 12 36 24 21 18 43 16 14 24 12 24 14 22 
11 35 10 31 16 28 22 25 23 24 15 33 19 7 4 18 24 26 26 19 17 14 23 25 31 33 22 28 22 25 24 9 26 19 26 10 22 39 22 34 37 29 33 18 19 18 12 30 19 26 19 22 24 25 14 26 19 17 15 16 36 37 34 46 16 42 12 30 16 29 34 26 19 19 23 28 21 20 39 21 19 5 38 43 14 21 18 22 22 11 
23 25 18 32 28 37 18 33 20 16 14 47 26 13 24 15 15 15 19 29 13 22 24 20 33 12 25 29 15 22 22 9 34 9 21 20 31 22 10 33 15 34 21 19 25 17 26 35 16 17 27 19 34 25 16 23 16 13 23 20 18 39 26 32 25 23 24 22 17 20 28 12 24 27 28 22 23 15 22 31 28 36 32 28 22 20 25 30 12 18 
23 17 18 16 22 19 33 28 30 19 22 17 15 27 21 12 23 19 28 31 19 8 25 34 18 21 27 34 18 22 13 18 21 21 25 15 18 38 18 41 22 33 19 24 33 16 21 17 39 19 20 27 23 21 10 20 15 5 20 17 21 39 30 15 34 36 22 22 22 34 25 11 25 17 13 22 33 15 15 18 23 18 21 22 8 17 25 22 29 31 
15 21 12 23 28 19 21 27 32 14 26 32 18 22 20 14 17 14 25 26 18 17 31 29 37 20 19 24 16 19 33 17 29 29 24 11 24 31 16 28 18 28 45 27 22 10 13 30 24 26 36 18 14 23 16 18 11 14 24 20 10 24 22 14 29 30 18 25 16 27 39 13 26 14 21 26 16 16 17 25 27 22 40 21 19 19 38 23 19 32 
24 37 15 35 12 21 26 23 43 14 27 33 12 22 32 18 11 20 29 28 16 22 22 28 12 23 14 37 12 21 27 25 35 26 32 17 23 38 17 24 29 46 22 30 24 10 18 48 19 23 34 22 34 15 11 22 18 13 29 27 21 22 30 25 7 31 31 45 15 34 28 27 23 23 18 19 16 18 25 18 11 30 39 31 11 29 27 11 24 28 
23 25 8 30 24 25 25 31 36 17 19 26 22 22 17 15 21 20 29 32 19 21 16 26 14 18 13 33 18 26 21 17 32 25 32 15 30 22 15 18 26 31 23 16 15 13 21 28 39 21 26 11 23 15 18 17 16 17 12 13 18 25 34 29 16 25 27 24 26 27 26 20 14 14 17 17 42 13 24 12 24 25 4 27 9 22 28 33 24 26 
22 35 20 26 21 24 24 15 28 23 30 34 19 30 14 17 19 18 25 37 20 13 14 30 34 17 25 42 12 28 17 20 38 22 26 27 19 35 24 34 19 22 35 17 18 19 30 34 12 21 51 27 22 12 32 19 20 19 17 12 21 29 25 27 23 15 38 40 24 21 32 37 18 16 14 17 20 13 20 29 28 22 37 25 18 19 17 20 21 14 
17 29 17 30 22 36 19 18 20 22 21 27 16 14 11 14 17 17 31 21 19 18 26 37 27 20 31 36 12 31 14 19 24 9 28 20 34 29 17 23 22 35 21 26 34 10 19 12 40 19 28 20 28 33 16 24 22 15 24 16 38 34 23 27 29 18 18 27 25 20 20 19 15 17 24 20 29 14 35 26 13 33 25 21 22 20 25 15 13 34 
14 24 11 33 22 25 20 27 21 28 22 27 14 21 22 15 16 9 11 19 8 24 14 19 24 11 23 37 16 21 20 27 42 13 15 21 26 34 24 36 27 39 18 13 15 16 21 27 25 33 14 19 9 17 19 14 18 14 27 12 22 21 32 50 34 37 16 8 9 16 16 17 32 18 18 26 22 14 19 25 21 17 34 25 18 21 16 31 21 38 
11 45 16 17 24 20 29 14 12 20 12 33 14 26 16 19 20 18 23 46 21 16 28 29 47 21 21 21 12 29 23 12 35 13 18 12 11 10 20 37 15 30 21 29 25 18 17 29 20 21 47 31 33 10 16 13 6 13 30 17 25 32 32 20 32 30 30 19 16 16 24 24 13 15 22 21 11 13 20 32 31 30 29 46 12 30 28 25 18 28 
5 17 19 21 24 22 21 27 36 17 22 42 13 20 35 18 17 22 22 34 15 15 29 19 34 24 28 40 15 32 15 16 27 23 22 20 27 28 25 29 27 40 44 42 23 16 23 22 29 17 32 25 24 24 12 19 18 12 24 15 27 39 28 36 29 32 37 26 22 34 18 16 9 16 26 24 24 18 17 22 26 7 12 35 15 13 32 14 27 19 
13 17 16 29 9 26 30 34 24 24 27 36 20 32 26 14 18 19 35 31 17 18 16 38 19 17 34 30 9 21 27 21 23 20 26 23 14 22 13 27 22 22 39 35 23 15 22 45 16 29 33 24 24 17 27 14 20 13 28 24 28 18 38 27 25 34 18 37 17 23 30 24 20 22 12 29 24 17 27 24 28 22 25 17 10 22 30 13 12 35 
19 21 17 19 20 22 4 23 39 19 19 21 9 24 38 14 21 20 19 22 20 14 15 24 22 24 15 40 17 20 28 21 29 23 21 19 39 23 17 23 16 23 29 32 17 18 25 18 25 37 24 26 26 23 24 16 11 14 29 17 29 37 28 19 24 22 33 14 27 20 15 32 30 10 11 23 19 14 25 25 29 29 31 44 13 27 29 14 17 28 
14 53 9 27 20 32 7 19 16 12 20 30 21 24 28 14 22 32 33 22 18 19 12 22 19 26 30 18 21 28 19 28 21 24 6 14 12 25 17 12 18 40 31 41 28 16 22 35 26 27 33 30 28 20 18 19 10 21 21 20 32 28 31 29 16 33 28 37 23 26 22 27 18 9 14 18 20 17 31 24 19 23 28 37 17 22 23 24 14 9 
18 32 14 22 15 23 25 25 26 11 16 20 23 24 20 18 21 28 23 29 16 15 24 40 40 25 32 24 4 28 14 20 33 23 31 19 30 24 19 31 32 19 25 25 29 23 15 21 35 43 44 25 25 15 13 13 15 10 25 13 16 25 28 36 24 21 19 39 25 21 23 22 24 14 18 23 20 19 19 17 25 23 29 42 13 21 25 24 22 31 
15 28 17 20 21 32 22 32 26 21 17 23 24 17 19 13 30 24 26 18 17 11 21 26 18 16 25 27 11 29 19 20 15 17 38 19 23 23 24 21 16 46 29 28 17 22 16 20 35 23 45 24 28 13 7 14 9 14 20 20 26 28 17 36 36 34 16 33 37 31 31 22 15 13 17 26 23 17 41 14 21 18 34 52 20 21 24 30 20 26 
13 46 15 18 18 26 14 29 36 13 21 44 20 26 24 11 22 30 11 41 15 14 26 32 26 18 25 27 21 23 22 29 39 19 12 26 26 28 9 41 22 11 34 25 15 14 18 33 24 26 18 27 22 22 23 24 12 16 28 22 16 29 23 21 33 17 25 28 24 20 22 27 23 17 24 32 30 17 39 14 30 40 28 23 14 11 36 28 19 31 
16 20 19 29 16 26 28 20 37 12 13 35 23 19 31 17 19 28 22 19 13 16 16 28 26 23 30 24 16 23 23 29 37 20 29 21 23 29 23 36 18 8 29 27 24 14 5 19 32 29 22 25 22 15 30 20 14 23 32 16 21 28 20 28 18 27 35 23 23 23 20 26 32 16 19 18 25 11 37 20 14 14 31 34 16 8 17 21 21 32 
12 26 16 24 11 23 36 21 26 20 27 40 20 37 40 15 21 24 29 20 17 18 20 15 34 22 25 42 18 26 15 25 35 31 16 21 13 23 20 22 29 23 17 17 23 19 16 35 17 33 31 15 25 18 22 23 13 19 27 15 26 24 30 24 16 32 13 32 20 14 21 25 24 17 22 31 22 17 26 19 25 40 25 43 13 19 17 22 22 29 
10 24 4 32 20 35 33 35 31 18 19 24 11 26 33 15 31 17 19 21 15 13 19 34 18 20 12 29 13 18 23 16 23 24 18 23 33 34 13 29 18 13 33 38 27 18 21 29 37 25 19 14 11 24 14 17 10 20 15 14 30 18 20 41 22 22 9 34 25 20 30 18 22 17 24 27 18 12 39 14 18 38 18 25 19 22 28 29 19 28 
14 20 18 29 15 21 29 41 22 20 16 24 8 38 29 8 25 9 11 7 16 9 28 31 11 20 27 36 20 19 25 13 25 11 27 17 33 21 22 38 24 20 27 26 17 12 16 23 40 14 23 8 25 20 21 19 14 10 17 13 22 20 25 35 34 24 29 27 16 31 26 25 21 23 18 24 13 18 30 21 23 37 8 45 11 27 29 15 15 19 
19 33 10 26 39 21 28 28 34 19 15 35 19 25 29 17 22 13 13 37 20 17 22 33 5 25 17 33 14 21 23 28 35 27 19 21 25 27 24 44 25 22 23 19 19 17 20 20 22 21 32 31 17 11 18 13 21 18 18 15 15 39 25 39 29 26 19 26 24 22 18 30 15 10 19 20 13 17 40 18 19 34 13 19 18 18 32 28 19 27 
16 44 16 27 24 20 15 13 16 9 17 38 22 31 35 13 20 19 39 20 19 18 28 28 34 13 28 45 17 29 15 30 24 22 18 23 30 33 22 25 12 28 25 22 14 21 20 23 22 26 28 22 29 20 15 27 22 21 17 12 29 35 22 34 22 30 17 17 23 17 22 20 27 25 22 22 20 10 20 20 24 23 33 23 15 8 13 16 25 36 
13 23 17 23 20 32 26 18 31 16 15 40 26 38 37 17 28 9 33 28 20 19 33 33 30 27 31 25 11 43 34 19 35 24 10 17 26 38 22 26 22 25 25 34 29 16 19 24 30 18 23 9 21 15 20 23 22 15 17 14 33 38 19 30 18 29 36 34 15 25 29 31 23 11 27 25 18 10 16 31 34 26 32 27 17 15 26 39 25 25 
21 3 11 24 12 15 41 18 34 17 17 21 14 33 25 18 11 18 31 21 14 22 20 22 34 21 28 37 23 28 22 11 40 19 29 18 27 27 15 36 14 26 31 15 26 9 20 26 25 10 27 18 22 15 20 21 12 14 14 21 15 29 41 38 33 34 25 26 26 23 16 27 29 20 15 22 22 21 41 24 24 34 23 28 18 17 25 16 19 19 
17 34 13 25 21 25 19 18 21 21 34 21 27 9 29 8 19 33 16 30 11 13 20 22 41 12 24 34 11 27 14 24 26 26 27 18 32 27 25 36 46 34 21 26 25 12 22 19 28 23 30 21 10 22 14 13 12 16 20 17 24 28 30 23 20 29 30 35 22 25 15 8 27 20 26 25 23 14 34 17 22 27 19 41 10 18 24 26 25 30 
13 27 16 27 20 18 28 16 34 18 31 34 15 15 29 10 23 13 20 15 22 15 18 42 33 12 20 30 20 36 24 19 29 22 34 12 23 26 22 24 30 29 14 34 14 21 25 31 11 25 39 20 18 21 17 21 11 13 21 21 7 29 18 28 18 30 32 13 21 34 21 10 26 23 22 17 17 17 9 28 29 39 40 33 9 20 28 20 27 32 
10 22 18 33 17 13 29 25 26 15 10 33 26 31 37 20 17 19 20 25 19 16 20 35 35 17 26 48 18 34 23 21 23 20 19 19 32 29 22 22 10 36 30 21 24 19 25 18 32 22 23 29 33 18 24 20 13 18 36 11 26 25 53 31 31 43 33 14 19 23 25 18 17 17 22 22 4 12 32 10 18 30 22 38 16 9 22 21 21 16 
10 41 17 16 23 12 16 23 40 14 20 32 23 22 26 16 21 21 28 26 16 20 18 16 33 14 12 29 16 23 26 27 58 20 28 20 34 24 20 33 25 26 22 33 23 22 24 24 32 19 36 16 21 18 22 9 7 20 27 16 31 35 16 19 18 29 27 18 25 25 25 32 27 24 25 24 23 14 21 27 19 35 18 43 15 23 23 17 22 40 
18 26 18 20 9 26 29 22 15 12 20 32 26 37 24 16 17 15 18 23 12 16 31 21 9 10 20 23 15 19 18 15 38 24 24 12 20 24 11 20 24 37 16 31 19 20 18 24 18 26 42 25 13 20 16 19 17 14 20 17 30 33 28 30 18 39 16 13 23 11 19 13 17 11 14 31 22 10 27 28 17 33 19 29 13 13 25 22 16 30 
20 33 17 17 32 27 12 37 23 17 16 28 10 29 10 20 27 15 26 30 16 15 20 22 37 20 20 31 4 23 13 26 28 26 26 15 17 31 13 32 17 22 18 34 23 16 7 16 13 20 35 28 19 9 19 18 10 15 19 20 30 29 29 35 30 32 38 38 33 23 25 15 22 13 15 33 19 20 27 21 19 38 23 36 13 24 37 28 27 31 
12 34 15 29 21 18 39 22 28 15 29 16 20 12 38 11 15 12 29 31 16 24 12 28 26 17 12 33 9 31 14 21 26 29 25 14 23 34 20 30 17 31 27 27 13 16 29 23 15 29 27 17 24 16 24 21 22 13 19 12 25 16 30 34 23 17 25 23 18 32 30 26 9 22 27 23 21 15 39 14 24 20 22 42 19 17 24 23 12 48 
15 34 10 23 11 19 46 24 35 23 27 37 22 20 33 16 17 16 21 26 22 21 24 35 37 25 15 42 18 30 14 24 41 21 28 19 29 17 22 13 20 21 40 16 29 16 12 28 19 17 17 21 26 11 17 22 11 13 11 14 17 29 37 34 34 30 27 25 19 21 23 28 19 21 17 27 19 14 20 17 26 26 29 29 16 14 21 26 16 17 
18 32 13 39 16 23 31 26 25 19 15 36 26 27 26 11 25 15 19 29 15 14 13 23 36 18 35 29 16 19 20 21 15 22 27 20 30 31 24 34 17 34 35 31 23 16 15 26 16 12 35 12 17 18 17 12 8 14 25 19 23 15 24 28 18 29 23 21 24 25 20 18 29 14 15 24 30 22 19 16 26 26 25 33 15 13 21 23 12 34 
17 38 18 18 16 21 38 25 21 16 19 29 22 24 39 12 18 19 27 29 12 20 19 37 27 14 27 31 13 32 18 27 36 26 31 26 25 31 24 21 30 21 32 28 32 11 7 23 22 29 30 17 20 16 8 12 18 12 27 22 34 20 34 33 20 25 23 37 29 24 10 23 32 10 20 28 22 17 23 17 26 37 12 39 16 17 29 32 33 18 
22 26 13 19 20 19 26 22 11 17 34 45 15 23 14 15 20 18 35 19 13 17 32 30 30 15 25 32 15 17 12 15 16 17 29 12 34 20 18 40 23 30 19 22 26 10 14 33 26 24 29 16 33 9 21 14 17 14 29 14 32 33 37 14 33 20 31 26 23 35 27 16 25 15 23 37 11 17 19 16 25 48 23 19 15 22 35 32 16 14 
20 39 22 28 21 14 37 17 9 13 18 16 18 14 25 14 21 30 30 29 17 17 17 32 32 14 26 23 10 23 16 21 26 27 27 22 24 22 22 28 21 18 19 15 12 11 18 24 42 29 34 27 29 23 16 17 20 24 22 16 22 20 16 20 32 18 29 31 20 23 19 18 25 14 26 19 27 9 18 26 15 30 21 33 15 16 24 15 28 36 
20 34 19 31 21 15 11 24 18 16 19 26 6 34 23 15 21 40 19 28 17 16 22 21 28 21 20 32 15 24 19 13 36 19 25 6 23 33 24 34 14 30 31 36 20 22 15 32 17 28 13 24 21 28 11 27 18 11 24 14 24 31 32 32 25 25 26 31 15 34 26 10 21 21 24 22 21 21 25 21 10 41 28 42 18 16 30 15 25 18 
19 36 8 32 28 22 33 27 23 13 20 55 13 30 27 13 23 17 23 25 15 17 17 25 27 13 25 19 17 41 11 15 22 26 18 4 16 34 12 15 27 21 29 24 19 20 17 20 25 25 25 28 17 19 28 24 17 19 17 7 29 14 12 16 24 25 15 31 24 18 33 26 21 21 8 13 28 16 33 22 15 18 21 39 13 22 45 38 25 21 
5 28 15 4 20 23 30 31 24 17 24 23 11 16 17 21 18 18 29 37 19 14 26 24 34 18 18 26 18 24 25 11 20 20 28 11 38 35 24 29 18 30 31 32 18 15 22 31 26 34 29 13 24 16 12 20 15 15 21 19 25 19 28 22 24 33 19 22 19 28 30 23 14 17 24 25 11 15 38 28 15 36 32 39 19 18 36 13 31 23 
20 52 10 20 17 29 24 21 50 25 24 37 15 22 33 24 30 20 22 29 13 13 21 43 52 15 20 19 21 33 13 9 29 18 16 5 20 30 21 25 26 29 32 15 28 14 20 20 24 22 40 18 26 20 21 10 12 14 23 17 18 40 41 15 15 30 40 27 17 25 38 18 20 23 14 21 33 15 24 24 31 30 42 36 13 22 26 25 19 27 
12 32 13 33 23 32 41 32 19 20 24 31 18 24 28 7 14 25 19 26 19 16 17 31 38 16 21 16 11 20 17 22 31 25 27 14 29 23 23 19 16 25 26 31 17 18 20 26 27 31 25 10 27 11 16 12 20 18 25 16 25 38 24 36 12 30 31 27 20 22 12 20 19 14 27 26 16 19 37 22 23 16 29 36 25 17 23 23 21 22 
23 21 24 32 17 26 22 26 30 23 30 30 28 31 24 21 24 24 24 18 17 16 26 34 15 32 30 26 20 35 23 22 20 15 20 18 16 25 13 6 25 23 19 24 26 16 19 31 32 48 23 19 12 19 16 24 15 16 19 13 26 43 30 16 22 17 22 18 25 18 22 20 20 23 15 25 20 13 26 27 27 41 23 32 17 22 25 19 17 21 
16 42 14 20 17 18 29 34 41 18 18 43 18 21 26 12 26 23 26 27 26 17 13 39 24 23 18 24 14 23 23 21 15 25 22 19 25 20 13 33 25 33 34 31 14 13 27 25 26 11 24 30 29 9 15 13 7 16 29 18 21 24 27 34 12 37 29 36 22 28 19 26 14 22 16 17 21 11 34 13 30 45 24 31 8 27 26 29 16 9 
24 27 18 33 22 28 21 17 29 14 15 14 23 22 40 17 14 16 24 27 16 10 18 24 35 22 18 36 14 37 18 16 20 20 12 19 13 22 12 29 25 46 20 29 22 19 7 23 27 28 31 38 20 15 17 23 13 17 16 11 27 28 17 33 18 24 39 18 12 22 22 19 21 25 16 35 19 14 34 15 14 31 22 37 17 22 19 26 18 22 
16 27 12 8 20 19 26 31 27 21 15 24 27 23 37 18 17 25 22 27 18 26 16 31 40 24 18 17 20 21 14 30 17 15 10 19 26 12 19 31 27 21 25 27 30 18 22 23 26 39 35 26 25 10 16 23 16 20 21 17 35 26 34 32 21 28 11 40 31 32 36 9 24 21 19 20 17 18 24 27 10 38 18 33 19 13 26 20 31 33 
19 21 16 24 33 18 24 15 28 18 15 21 22 24 19 11 11 11 25 43 15 14 27 26 41 19 34 18 14 36 28 18 32 16 19 25 28 26 25 35 27 29 17 7 13 13 21 23 22 30 23 24 10 16 20 19 12 15 20 24 26 12 21 18 30 44 26 25 17 24 27 23 14 15 19 27 12 18 36 19 23 24 23 31 18 20 21 20 26 26 
14 15 10 22 10 30 33 21 25 4 9 51 21 28 36 28 28 24 28 32 15 6 21 23 32 19 21 24 20 29 32 26 17 15 29 13 29 29 16 31 30 26 44 20 26 17 24 31 25 22 35 15 37 10 23 17 17 13 28 15 24 25 26 32 20 28 25 31 15 14 23 27 22 19 24 21 33 9 28 19 26 41 28 21 12 28 26 16 18 40 
15 23 21 16 27 26 30 23 33 18 26 33 18 43 21 20 26 14 27 36 22 19 19 26 40 11 23 27 15 34 13 23 24 16 29 8 18 30 6 37 24 21 18 21 15 18 22 23 30 20 37 22 31 22 14 30 18 19 16 14 30 23 32 12 22 25 29 23 16 13 29 22 23 26 17 33 22 15 30 17 18 29 16 20 18 13 21 29 19 37 
16 12 18 24 15 36 24 29 26 19 15 54 10 13 22 10 20 15 17 37 18 12 13 18 39 15 35 41 18 11 26 27 29 26 18 16 25 34 23 14 30 23 17 29 35 18 20 21 13 26 27 28 19 14 10 18 10 20 24 19 25 17 26 21 32 18 18 29 25 25 27 20 34 24 19 14 20 10 34 13 14 20 42 24 7 13 20 24 21 15 
19 18 13 33 8 21 39 34 28 12 20 38 15 27 23 16 22 23 31 25 18 16 24 26 23 7 23 19 10 19 23 23 26 27 22 8 30 27 15 42 25 39 22 22 21 24 20 24 28 22 40 18 22 22 16 14 8 15 20 21 29 33 39 23 19 33 26 40 24 26 24 23 22 16 15 23 18 14 17 18 26 31 6 28 7 18 21 28 23 23 
16 16 11 30 32 22 22 29 25 18 29 20 16 31 16 13 19 20 13 23 11 15 25 33 23 28 23 31 19 28 22 24 19 28 31 8 23 19 19 36 23 33 29 25 17 21 16 27 45 17 43 24 21 12 14 20 17 14 38 22 32 20 33 17 25 37 22 15 17 32 32 18 26 17 19 24 23 18 34 26 24 37 27 44 13 16 33 30 18 36 
11 38 22 24 15 18 33 27 13 15 10 38 20 29 28 12 11 19 24 21 12 15 19 21 40 20 22 26 17 32 14 24 20 22 21 21 22 26 12 10 20 36 38 23 11 17 12 32 15 11 25 15 18 9 18 16 8 11 26 13 22 35 24 32 19 27 30 40 22 24 35 14 18 18 16 23 23 6 14 26 23 29 37 34 12 20 36 17 33 30 
15 40 21 26 25 15 33 23 24 8 26 30 26 29 21 17 14 13 19 18 13 18 19 20 6 22 19 23 15 26 18 22 25 14 29 20 29 26 7 20 16 30 29 30 24 16 21 26 23 23 27 19 22 18 19 20 14 20 27 12 17 29 30 28 26 29 25 13 14 27 32 16 24 10 20 27 11 19 21 14 23 17 34 25 16 20 27 27 19 26 
13 32 17 27 18 24 22 19 20 25 28 37 18 13 14 15 24 18 24 33 18 9 21 26 36 20 20 49 21 26 15 25 23 20 33 21 38 31 18 34 20 37 21 40 29 17 18 36 47 13 23 17 32 7 18 29 21 20 27 12 32 38 37 24 16 24 27 27 22 19 26 29 15 23 22 22 10 15 18 14 28 25 25 25 17 11 37 25 17 22 
13 28 13 15 20 15 32 25 26 27 21 24 17 30 25 12 13 24 8 28 10 18 24 48 28 15 14 33 16 27 25 31 29 11 26 10 23 23 16 19 26 25 29 31 15 14 25 20 26 29 19 21 17 8 22 27 20 21 24 15 28 28 28 25 29 24 36 30 20 20 17 20 19 23 22 26 16 16 27 33 23 50 35 26 24 18 23 26 15 22 
12 27 16 36 25 25 28 30 20 20 26 17 17 37 41 15 25 23 16 28 17 14 17 32 32 13 27 31 10 19 12 27 34 23 27 17 19 29 19 37 17 29 30 21 39 17 20 29 31 24 3 28 22 23 15 21 16 15 13 14 22 14 19 27 22 36 24 28 27 23 24 17 24 25 17 24 22 15 37 17 30 42 16 32 11 22 25 15 22 23 
20 27 18 21 16 13 35 21 38 18 33 32 17 24 32 11 13 14 17 21 17 13 21 42 16 22 14 30 14 26 26 21 25 21 27 21 22 30 21 27 15 34 36 40 29 20 18 30 46 27 35 20 18 26 19 21 12 19 16 18 37 36 20 33 11 19 25 16 21 7 22 18 20 27 26 28 15 18 22 13 28 24 21 42 12 19 26 14 15 24 
21 38 23 24 25 27 21 34 31 23 22 33 22 16 36 18 22 27 25 13 20 24 13 21 30 16 18 17 17 13 16 15 33 18 30 22 30 24 11 18 27 24 26 17 18 10 14 28 19 28 18 17 29 3 21 19 13 13 12 12 18 43 28 23 31 28 26 23 19 30 24 27 38 17 16 17 26 15 18 19 17 35 19 17 15 11 28 30 21 40 
13 40 9 19 23 32 30 13 31 15 31 36 19 20 18 21 18 19 23 17 18 18 19 27 19 20 11 36 11 30 14 14 33 11 24 14 32 25 20 22 32 25 40 26 29 19 19 23 26 27 35 27 30 7 10 14 13 12 20 22 20 21 32 29 16 29 24 22 27 26 15 28 32 19 16 25 22 12 27 15 15 22 26 36 18 21 24 16 17 33 
15 25 17 28 18 25 12 20 37 21 22 34 19 22 26 13 20 17 28 31 16 12 18 25 25 15 29 40 17 26 25 15 12 22 22 14 17 31 19 36 18 38 40 25 19 18 22 21 35 27 23 25 25 24 18 15 15 23 19 16 19 19 29 29 28 24 27 30 18 23 27 24 22 21 19 31 13 22 28 27 23 27 29 42 6 23 32 18 26 17 
10 22 11 27 14 21 27 29 17 21 11 33 6 22 31 6 21 20 28 19 16 12 21 39 23 14 23 25 15 26 14 28 22 25 27 22 36 24 23 18 19 41 24 27 19 14 15 21 37 19 27 20 28 13 21 18 15 15 24 16 28 24 27 26 20 25 10 24 13 30 34 27 25 25 16 19 36 12 30 16 23 18 14 45 19 22 27 25 19 37 
10 44 16 26 10 21 16 26 28 11 25 24 26 38 29 19 34 32 32 33 21 17 29 18 6 19 18 26 23 25 20 21 29 28 34 15 25 29 21 42 7 33 29 21 33 16 15 25 17 16 29 32 26 23 6 20 20 18 20 15 22 30 27 29 17 43 24 12 11 15 21 13 30 11 14 36 26 13 24 23 19 30 34 27 13 20 17 17 13 40 
10 31 17 34 23 25 28 37 34 20 19 30 17 24 27 13 27 30 11 29 16 13 26 25 45 24 16 29 13 22 18 22 28 19 29 20 17 29 22 26 31 15 19 21 26 16 20 33 23 27 14 26 33 16 19 19 15 13 22 15 19 30 25 24 24 26 22 36 25 21 34 30 22 20 24 26 21 25 22 11 17 17 28 31 17 17 37 29 18 23 
11 39 18 32 24 28 31 30 25 17 14 29 23 27 44 17 20 26 11 15 20 18 20 33 32 22 17 24 20 21 23 25 25 22 12 18 23 32 19 24 16 26 22 27 24 25 27 28 18 22 30 19 15 16 20 14 18 11 23 10 24 28 27 36 34 39 20 25 16 10 19 21 27 27 20 22 22 15 23 25 19 33 32 38 19 16 37 26 18 32 
15 20 22 21 16 19 34 21 26 16 18 38 24 29 17 19 25 39 21 26 12 18 14 32 41 18 22 36 15 33 14 13 30 20 25 13 31 22 20 39 19 27 20 31 19 11 17 9 13 18 41 21 26 13 22 24 13 17 20 17 39 40 33 34 21 39 22 32 15 26 34 23 20 16 24 17 18 16 24 18 14 31 28 28 19 26 27 20 21 34 
26 35 15 30 19 32 21 22 47 19 24 32 15 28 35 13 28 23 21 29 24 11 15 47 35 17 18 34 21 36 17 16 21 28 15 17 31 22 17 39 20 24 35 20 30 13 14 23 22 26 29 28 29 6 13 21 19 16 27 14 10 33 36 31 22 35 15 27 30 32 24 12 16 11 21 14 28 13 30 20 24 40 33 19 10 20 13 23 22 25 
14 19 14 29 26 25 23 17 26 20 22 34 24 26 33 19 13 29 26 21 14 13 19 35 37 21 22 20 9 10 27 28 29 26 28 17 24 25 18 30 20 30 37 31 32 14 12 24 27 30 27 23 23 8 18 18 9 12 23 15 31 39 35 20 19 29 15 16 22 12 21 28 17 20 26 27 21 12 23 25 23 37 19 43 13 18 37 23 28 32 
18 31 15 16 21 12 25 26 31 13 15 15 15 31 18 15 26 15 24 31 14 17 27 28 21 15 20 32 9 19 30 15 35 8 29 15 13 12 15 18 20 34 22 33 22 10 15 29 34 15 35 31 28 11 20 25 17 10 19 26 30 27 12 33 11 34 15 34 22 24 25 23 32 27 11 30 10 13 30 23 18 36 26 34 7 21 34 25 20 31 
18 29 16 22 16 24 21 25 14 23 15 45 21 15 28 14 9 11 35 29 16 15 24 44 40 26 13 21 16 19 18 24 20 12 26 15 22 18 17 26 27 21 27 25 21 22 29 15 25 22 33 32 23 16 21 18 14 9 22 22 23 21 39 14 28 30 28 22 20 16 28 24 24 19 21 31 16 16 23 16 17 43 29 49 18 15 24 27 20 19 
10 33 9 22 15 12 40 24 45 16 28 23 12 16 36 16 27 8 22 29 21 13 25 29 33 10 18 32 17 31 13 14 30 14 8 18 13 35 19 33 17 29 21 27 20 16 25 33 10 31 28 12 29 12 19 21 9 10 28 16 21 42 40 28 23 32 25 35 23 17 25 16 20 14 19 19 23 18 31 15 30 15 27 45 14 28 42 27 26 28 
14 35 19 22 21 33 23 27 27 15 17 38 22 33 27 17 12 17 22 17 14 25 22 39 28 14 23 38 13 31 15 20 18 20 28 28 22 36 18 22 31 31 22 14 32 13 12 27 30 18 42 7 21 17 20 18 7 16 33 6 28 22 20 29 24 34 16 24 26 21 25 27 18 13 20 13 18 12 29 17 27 23 33 30 23 18 25 35 21 33 
19 29 14 30 21 15 25 35 29 16 25 17 23 21 25 9 24 20 26 41 21 16 23 26 42 13 30 44 21 32 22 17 28 27 25 10 28 27 22 34 20 33 27 28 41 10 19 17 9 12 40 34 21 14 12 14 19 11 27 17 31 19 19 22 25 36 13 20 19 24 31 21 22 13 24 29 30 16 30 14 25 18 19 23 16 26 25 28 16 36 
12 33 7 31 12 19 44 32 40 23 17 33 26 22 26 15 15 27 17 22 18 20 27 40 19 17 15 7 15 30 19 21 35 31 19 14 32 22 10 25 24 18 23 28 21 13 22 33 35 24 8 26 22 25 20 14 14 19 24 20 25 26 31 36 22 30 17 31 8 27 18 14 23 10 22 21 15 19 21 26 23 18 22 32 7 21 12 16 22 38 
14 42 15 25 21 36 26 22 26 22 33 15 18 29 22 9 23 17 26 29 16 24 7 35 25 14 18 20 5 17 14 24 26 18 26 6 16 16 20 30 28 27 22 31 23 20 13 31 13 11 25 23 14 16 10 20 17 19 18 12 3 44 12 28 36 34 25 26 10 22 29 10 19 24 12 21 20 15 20 14 9 28 22 32 10 16 22 32 23 17 
11 31 14 13 17 28 25 19 35 19 21 40 13 16 23 14 21 20 18 25 11 16 19 37 15 20 20 28 15 15 21 19 30 13 26 15 32 17 11 21 30 26 29 36 21 13 18 19 35 21 35 21 27 24 24 27 13 18 23 17 33 20 27 19 25 36 32 34 29 24 28 17 24 21 26 10 17 17 26 22 14 26 44 16 22 16 35 18 18 17 
20 23 20 30 26 24 20 36 35 11 17 41 16 24 27 9 23 26 17 35 16 14 27 34 17 24 21 20 22 23 17 25 41 13 21 23 24 33 20 26 21 25 30 12 29 3 20 24 18 29 29 29 19 12 20 20 12 12 27 20 11 18 31 26 39 28 22 29 22 25 34 25 12 23 21 24 13 14 35 29 9 22 22 32 11 19 31 6 32 14 
14 32 16 34 19 18 29 22 22 9 10 26 17 26 7 6 23 19 23 36 19 23 22 18 21 15 19 22 14 8 18 12 24 19 24 19 27 25 32 27 24 8 20 34 24 11 18 27 30 15 28 25 23 24 15 23 16 17 32 21 30 33 17 34 16 33 15 31 20 25 16 21 18 22 21 23 17 22 22 27 25 21 32 19 18 14 28 31 25 32 
19 17 10 15 18 22 35 32 15 19 12 41 25 24 30 15 26 27 12 34 18 11 20 15 29 21 21 30 12 31 32 21 44 23 19 24 26 30 15 41 28 32 25 19 31 16 22 15 40 28 41 19 26 18 22 24 13 9 30 16 25 16 26 29 17 18 32 32 28 21 26 21 19 10 18 22 16 17 23 9 19 21 30 31 13 18 27 31 21 10 
18 28 19 44 26 27 34 26 23 8 24 35 22 16 32 9 24 24 19 31 3 20 15 36 47 16 28 28 7 25 17 20 17 29 32 21 32 22 19 26 25 38 33 34 18 15 21 14 28 24 36 24 28 11 11 18 12 15 27 11 18 22 41 19 38 34 28 7 21 17 22 30 15 26 30 23 29 15 28 28 28 26 25 28 8 17 20 23 24 28 
20 37 8 19 20 30 30 29 23 21 22 30 22 32 22 24 24 24 32 25 17 15 25 25 27 15 28 26 15 20 8 30 22 22 17 9 8 24 13 38 17 43 20 11 17 16 24 30 36 29 30 32 25 12 16 20 20 14 35 21 11 23 29 41 26 33 27 35 27 31 23 21 19 25 20 20 21 17 37 17 14 33 29 34 14 30 32 29 30 31 
13 26 20 22 11 18 35 22 20 18 18 26 24 35 25 11 22 18 28 25 14 16 25 17 26 13 20 36 16 20 20 15 22 28 31 23 18 15 15 25 29 26 31 20 23 11 14 16 26 23 30 16 29 15 16 16 8 14 16 13 14 28 28 12 19 33 21 30 20 29 30 23 19 23 16 19 11 19 28 15 24 30 37 27 6 12 34 29 22 37 
11 36 14 31 17 26 25 25 19 18 13 51 24 32 33 19 21 29 16 26 14 17 24 20 19 16 19 36 14 30 31 30 45 26 18 19 23 24 14 34 23 25 20 21 25 15 11 18 21 36 41 24 22 11 15 22 14 14 18 14 16 24 28 30 19 36 22 16 23 18 14 15 27 22 18 31 19 20 29 18 24 24 37 36 19 20 26 19 20 20 
23 40 18 29 26 22 22 25 28 14 15 19 24 31 18 15 26 15 24 24 13 15 13 20 28 15 26 9 14 29 17 29 35 20 25 19 25 18 9 30 10 17 23 23 19 21 19 30 27 25 18 18 22 17 15 16 15 18 14 17 29 37 29 32 32 30 28 26 21 16 26 28 14 12 14 23 22 14 39 25 27 23 28 20 9 28 28 28 24 32 
15 38 11 24 16 28 46 33 25 17 13 27 15 24 34 9 44 9 27 34 18 13 25 23 14 13 20 40 15 24 25 14 33 16 21 21 25 23 23 22 27 32 29 32 31 17 26 34 25 26 16 20 23 19 14 16 19 18 19 17 17 28 28 33 40 35 18 36 22 20 29 15 23 14 22 25 22 15 28 15 17 25 32 31 13 16 34 37 27 24 
17 27 14 27 26 35 30 33 21 19 13 36 18 28 34 16 35 16 18 22 22 17 27 40 40 19 15 29 16 31 17 17 28 36 24 14 32 26 13 26 32 31 23 28 33 18 16 16 28 13 19 21 29 18 15 23 11 17 28 9 12 30 27 30 14 33 29 18 23 21 42 26 25 15 16 23 22 13 21 21 18 38 38 15 21 23 35 21 27 24 
20 34 17 26 36 22 19 35 25 17 8 32 21 29 28 22 26 16 18 20 14 21 10 26 24 22 22 35 23 27 31 16 22 13 25 12 21 26 19 20 26 22 29 31 27 21 11 16 37 11 36 29 26 16 18 17 7 11 18 13 22 24 44 23 30 25 20 23 21 21 12 15 19 23 25 17 18 16 27 34 11 42 28 36 10 26 34 20 25 27 
21 33 8 21 15 21 22 18 30 18 19 19 24 30 27 14 23 31 18 17 17 18 14 37 25 13 26 33 14 20 30 27 20 41 27 21 17 26 21 22 20 22 25 25 25 18 22 13 38 26 27 16 33 23 20 25 20 12 11 16 16 12 15 38 31 38 14 37 25 21 31 23 27 13 29 28 15 14 38 11 23 33 24 12 18 15 36 23 24 19 
13 26 20 41 29 23 16 32 27 15 24 26 14 20 33 16 12 19 22 39 22 14 25 30 44 10 7 43 17 37 20 25 31 30 17 21 24 33 13 21 26 31 31 24 29 15 21 35 34 21 32 34 16 16 17 13 16 14 16 20 20 24 19 22 29 33 24 37 11 26 45 9 26 21 21 20 26 16 38 26 25 34 25 30 14 21 26 23 16 23 
21 19 17 29 27 29 19 24 31 26 24 36 10 28 21 10 23 13 17 28 16 15 15 25 26 18 24 31 14 27 33 23 23 14 32 9 21 30 23 34 21 23 28 31 17 19 14 14 36 31 41 13 24 15 23 22 10 14 23 17 28 32 25 12 26 33 27 36 22 25 23 24 22 6 31 20 6 13 30 20 17 26 17 33 22 18 16 18 16 26 
19 15 14 29 26 27 29 26 24 12 20 15 13 24 28 14 20 19 21 40 14 14 19 30 28 26 16 27 19 17 11 23 15 28 19 18 18 16 24 42 27 40 24 31 28 17 21 28 25 21 33 21 26 17 17 14 9 21 25 10 30 22 42 28 25 33 21 17 19 17 25 14 21 14 17 24 12 8 24 21 11 27 40 27 11 21 36 30 23 31 
13 34 20 28 22 27 26 18 40 9 23 27 26 22 27 16 26 14 26 18 14 17 22 27 28 14 19 40 15 22 21 25 38 12 18 14 39 29 16 22 28 42 23 28 26 25 23 24 19 15 25 11 27 15 16 19 22 14 11 13 26 13 32 18 20 31 20 26 24 22 22 15 13 20 17 28 27 19 29 24 33 23 33 26 21 27 29 24 18 25 
14 22 23 22 15 23 15 25 24 19 16 37 24 27 26 22 25 34 27 13 20 19 21 21 52 15 20 16 18 27 21 19 21 30 28 11 16 43 15 24 28 35 37 23 34 10 14 14 31 31 22 13 26 19 14 16 18 18 20 16 16 21 21 34 15 32 35 37 28 25 25 15 28 23 18 30 19 15 36 10 30 33 28 25 14 20 37 28 19 24 
20 42 15 20 18 35 36 14 41 12 11 19 16 25 36 18 22 15 19 23 20 21 17 29 14 20 20 29 10 15 15 35 29 15 31 28 19 40 23 18 27 28 29 33 33 11 16 24 38 19 26 21 15 16 21 18 14 14 15 23 22 30 40 40 21 39 23 19 18 14 18 17 20 17 21 15 29 11 27 9 29 35 22 33 18 18 25 29 22 18 
11 22 10 7 27 26 32 20 38 13 21 31 19 28 26 15 28 31 23 21 20 21 22 30 23 23 20 29 11 26 22 19 32 18 30 18 32 23 29 29 28 37 32 32 28 11 21 28 31 25 24 14 36 10 23 13 17 13 26 22 16 30 27 24 14 38 28 33 22 21 32 18 24 22 23 26 24 14 27 26 16 34 17 6 15 27 31 22 15 24 
14 10 16 27 15 28 32 20 33 9 14 39 30 21 20 13 21 19 20 23 12 15 22 35 33 12 18 37 17 25 25 22 36 13 11 21 32 43 20 28 32 31 32 12 17 16 4 25 33 37 18 26 8 17 23 14 14 18 20 17 26 18 27 35 29 13 21 18 15 25 14 18 25 15 26 20 29 16 21 35 18 28 25 24 19 23 27 29 18 27 
18 28 15 32 14 32 24 33 22 16 24 40 14 13 35 21 22 18 21 25 16 10 16 36 25 14 13 21 15 10 23 27 24 17 14 10 32 30 19 27 17 50 23 32 17 19 17 22 27 18 32 28 21 25 19 18 10 9 18 10 31 31 34 17 21 27 38 9 21 33 22 19 23 17 31 19 20 10 23 30 19 27 25 30 13 13 26 19 25 21 
11 23 15 23 26 33 20 34 32 10 18 39 25 32 42 15 26 12 13 21 16 18 23 38 43 21 14 25 8 28 22 11 43 22 11 7 24 23 19 35 23 38 29 32 33 15 13 16 35 9 42 18 30 10 17 18 14 19 16 13 24 27 15 29 23 32 22 24 18 21 26 27 33 18 12 19 26 21 38 26 26 39 42 20 11 22 20 35 20 30 
16 22 23 15 25 19 24 26 31 22 20 31 18 14 21 19 2 24 22 31 22 19 19 43 42 24 22 12 16 20 20 15 31 17 24 11 22 20 14 29 22 33 32 28 14 16 12 21 32 28 26 20 31 18 16 22 19 12 29 15 33 26 22 36 16 35 22 33 13 29 24 16 33 27 17 14 22 15 29 29 24 27 27 35 13 23 27 13 29 40 
14 35 14 37 26 32 26 27 30 13 17 38 26 23 26 12 29 9 19 30 24 17 24 29 38 19 16 34 12 21 16 15 30 18 23 26 12 12 22 21 22 37 20 41 16 20 10 13 24 26 33 13 20 1 21 17 11 13 20 19 28 29 32 30 10 46 37 25 22 25 34 21 31 18 20 25 20 24 23 31 25 21 16 33 15 10 38 16 30 37 
17 33 21 23 19 13 25 25 28 7 3 35 18 16 20 17 29 18 25 25 18 20 9 44 22 9 20 34 21 28 21 18 12 26 25 21 19 15 20 39 15 38 30 31 22 18 17 8 22 25 26 24 23 23 9 14 4 15 19 21 22 15 29 12 23 39 10 29 20 32 35 22 24 22 15 27 25 16 30 21 21 23 26 42 9 11 21 27 16 16 
13 32 13 18 23 12 27 32 42 14 19 28 20 22 31 14 29 25 14 24 18 12 20 28 37 18 13 41 12 30 25 20 27 20 19 12 26 10 15 29 30 33 19 37 28 21 21 23 23 23 31 19 23 21 12 26 15 20 21 12 23 26 21 22 28 28 27 34 27 33 28 16 29 22 25 29 22 16 29 29 21 27 39 22 20 25 32 28 17 12 
19 25 14 23 23 28 37 26 22 16 22 33 17 36 28 18 19 31 34 27 17 11 30 34 30 16 27 26 18 23 11 23 22 17 24 18 25 18 17 20 25 23 27 41 20 10 29 26 31 29 33 23 33 23 12 17 19 14 19 17 27 17 24 28 22 32 17 26 30 31 30 20 25 20 30 18 17 15 22 19 33 32 35 23 19 21 21 29 20 36 

MachineCapacities:
MachineID Capacity
0 10
1 10
2 10
