NumTasks NumMachines NumScenarios
30 3 500
TaskDetails:
TaskID ReleaseTime ResourceConsumption SuccessorsCount Successors...
0 0 5 4 9 2 5 9 
1 0 7 9 2 1 7 
2 0 4 7 8 1 9 
3 0 1 4 6 0 
4 0 4 9 2 2 7 9 
5 0 9 6 9 0 
6 0 5 10 6 0 
7 0 6 5 6 0 
8 0 6 3 7 0 
9 0 3 6 5 0 
10 0 9 5 5 2 17 28 
11 0 8 8 6 1 15 
12 0 2 3 7 3 25 28 29 
13 0 5 9 7 1 25 
14 0 5 2 6 4 22 23 26 27 
15 0 5 5 8 4 23 25 27 28 
16 0 7 2 7 4 22 23 26 27 
17 0 3 6 9 0 
18 0 6 2 6 1 25 
19 0 2 4 9 1 28 
20 0 6 5 9 0 
21 0 9 5 9 0 
22 0 4 3 8 2 25 28 
23 0 3 10 5 0 
24 0 3 3 7 0 
25 0 7 8 9 0 
26 0 9 6 6 0 
27 0 5 2 1 0 
28 0 3 1 7 0 
29 0 9 3 8 0 

7 11 28 22 13 17 30 15 24 13 29 31 26 17 12 14 37 16 33 27 18 29 24 17 15 24 21 17 21 15 26 19 8 24 42 44 33 28 40 25 18 26 20 18 22 31 24 34 19 30 28 25 24 24 17 39 20 29 31 21 30 28 29 13 10 33 10 12 25 44 18 26 27 41 19 28 24 22 30 19 27 26 19 31 43 16 37 25 10 22 
8 20 28 26 14 12 36 10 54 8 23 23 24 25 15 15 21 26 35 41 15 20 13 30 21 18 10 28 26 12 18 34 30 27 28 24 27 19 31 14 10 19 28 20 20 29 25 2 24 19 26 32 19 35 38 42 21 18 23 18 41 20 21 33 15 21 41 16 31 23 22 20 20 46 14 16 33 21 28 12 19 30 28 34 46 16 19 18 24 34 
10 21 27 29 12 20 32 20 23 17 20 33 20 23 12 11 32 35 21 31 14 43 19 13 12 21 13 11 33 11 18 29 25 32 18 26 25 45 36 24 23 34 29 29 14 25 24 32 14 16 27 21 13 27 27 34 18 17 27 20 27 15 21 29 14 27 15 12 27 31 19 10 24 32 27 30 34 19 30 28 28 13 30 40 29 21 18 20 20 18 
22 9 25 20 16 13 18 15 30 14 28 26 20 25 17 16 20 29 35 40 14 29 15 25 19 23 20 20 20 12 16 30 29 16 17 24 31 25 31 29 17 39 27 29 32 27 25 10 20 16 19 23 15 34 34 25 13 19 31 18 34 14 48 22 20 26 46 19 36 23 9 15 19 24 25 28 36 15 18 23 22 24 19 29 36 21 26 17 3 25 
11 15 32 19 20 10 37 15 33 13 19 28 20 25 11 18 26 24 29 27 17 24 17 19 27 36 21 21 22 17 19 25 20 20 37 28 33 39 16 25 11 42 22 20 8 25 13 16 16 22 34 17 11 26 29 23 29 13 25 29 30 18 23 28 10 33 25 21 21 35 24 24 19 22 29 21 15 29 29 23 24 42 23 20 38 27 32 26 19 40 
21 18 53 11 14 21 18 16 34 10 20 22 27 23 17 11 20 19 43 33 19 20 11 11 24 27 23 19 14 17 32 21 17 34 37 21 18 38 35 15 26 45 22 17 17 28 22 26 18 28 35 21 21 37 16 24 17 12 31 21 23 24 25 27 21 31 21 23 22 23 18 28 18 26 41 24 16 36 27 36 20 29 22 28 36 29 32 22 13 24 
22 17 18 23 14 7 27 21 29 25 17 29 21 23 18 9 25 25 33 26 18 25 17 14 15 27 24 11 23 14 33 28 22 31 36 23 33 37 32 18 11 30 18 25 23 30 22 25 12 28 19 25 22 13 26 22 19 15 18 17 24 8 32 21 18 35 29 17 17 13 20 23 25 17 21 28 26 20 41 32 29 31 27 25 14 14 28 31 8 38 
14 15 42 20 10 9 33 23 39 23 32 29 28 19 14 25 32 26 29 25 11 22 14 21 11 28 26 20 13 11 15 21 22 17 16 33 31 24 32 20 18 15 26 29 16 29 16 27 22 28 12 21 20 26 29 16 13 19 13 29 23 25 30 33 15 30 36 15 39 16 16 33 19 17 20 28 23 31 21 18 32 28 28 26 32 32 25 18 14 32 
17 19 18 22 16 20 24 14 28 16 24 22 25 17 14 17 12 19 25 17 22 26 15 9 26 25 16 3 27 23 24 18 25 20 40 29 35 20 22 17 21 28 25 36 38 28 17 20 14 22 19 20 18 33 25 42 18 11 18 21 34 31 20 21 20 20 23 18 26 22 32 24 22 29 32 26 13 14 17 18 15 29 29 37 34 19 23 21 18 24 
17 15 31 23 26 23 40 16 7 15 32 10 32 17 13 19 25 29 33 33 16 26 19 16 23 39 23 21 33 10 30 25 21 31 34 20 37 17 39 28 25 38 28 23 15 29 12 20 7 21 24 19 6 33 29 42 25 23 25 18 43 13 36 38 15 20 37 22 26 29 21 17 6 41 32 25 23 25 28 24 17 21 20 28 40 11 6 17 13 26 
7 20 36 24 16 9 28 11 25 23 20 25 30 23 14 21 22 22 23 33 14 35 19 20 23 34 14 17 21 16 40 31 24 26 24 39 24 39 24 14 20 38 23 18 16 32 30 31 22 22 21 16 14 1 30 36 23 10 26 21 23 19 29 34 13 23 37 16 26 30 22 27 20 30 32 24 29 26 25 21 28 13 38 43 16 24 25 21 12 26 
11 17 29 11 14 15 32 11 36 15 16 24 28 22 19 14 15 26 31 25 15 11 9 15 29 40 21 26 15 14 29 26 15 16 26 18 26 38 29 21 22 27 26 26 24 20 22 26 13 15 22 15 18 37 44 35 15 25 25 16 15 17 39 30 12 28 29 20 34 41 20 12 24 33 27 29 22 33 26 25 19 21 18 27 23 21 37 33 10 21 
15 18 29 24 14 16 24 10 39 20 13 32 25 13 23 20 27 40 34 39 20 25 20 21 9 33 26 18 22 10 27 23 31 31 39 27 22 24 23 23 19 29 16 25 15 22 19 26 10 24 21 18 6 25 19 30 28 21 24 24 24 20 22 27 19 18 40 31 36 5 18 33 21 34 26 22 26 29 30 18 24 30 22 5 40 25 34 25 13 25 
15 13 33 9 6 22 31 16 32 17 4 25 26 27 21 22 16 17 20 31 18 24 16 19 10 19 25 25 41 10 20 27 19 21 27 33 23 35 24 19 26 16 30 26 15 18 22 41 16 35 21 15 12 36 23 31 18 12 19 15 30 33 19 38 13 23 22 9 21 24 21 17 15 17 31 14 19 25 32 20 30 29 26 22 41 17 44 22 19 34 
22 17 30 22 7 12 31 18 31 19 24 33 24 27 14 14 20 22 21 14 19 28 16 20 15 31 14 25 27 16 29 26 26 25 18 23 15 26 26 22 11 19 31 22 20 22 24 24 14 26 27 14 19 22 22 31 16 19 27 24 11 21 26 32 15 20 20 28 38 34 8 24 12 31 24 40 16 10 23 19 29 37 30 28 26 20 22 22 11 25 
16 12 29 10 13 7 12 19 26 14 21 32 21 26 19 22 22 27 11 39 22 19 18 18 19 23 14 9 11 9 13 30 16 19 32 31 30 33 18 21 12 24 28 16 14 13 23 14 12 25 30 20 15 40 24 27 23 17 29 22 21 24 23 22 16 16 46 6 32 39 18 30 10 17 26 30 28 35 26 12 25 20 11 32 26 12 10 18 9 31 
14 17 25 30 12 16 20 11 31 22 24 20 28 9 17 13 34 24 27 16 21 22 14 13 23 31 30 17 24 12 33 12 21 21 33 37 17 38 25 20 13 18 22 20 16 31 17 34 16 17 25 28 20 27 26 33 13 27 23 19 26 30 28 21 17 20 41 19 28 37 22 26 31 42 12 23 26 7 35 24 21 32 20 22 33 16 37 20 14 32 
9 9 29 5 13 14 30 15 28 14 32 30 16 12 18 10 30 19 31 37 6 27 19 22 16 44 25 25 24 18 38 20 18 25 5 34 20 35 27 12 29 29 24 29 22 31 18 37 12 27 21 19 11 25 27 33 20 19 22 22 29 27 14 34 18 36 32 10 39 21 11 18 27 23 28 23 26 19 16 21 28 23 21 30 36 20 25 13 16 36 
14 13 36 17 12 14 34 14 24 21 12 24 13 22 7 17 22 20 33 35 14 30 16 16 13 36 19 29 23 20 34 38 38 16 46 33 26 30 27 24 8 29 30 31 30 24 36 34 13 24 20 21 19 35 36 39 17 16 19 26 23 15 36 43 17 18 38 18 20 27 11 27 24 14 29 32 33 28 16 22 19 21 24 39 29 25 42 22 21 27 
21 13 38 21 13 22 35 17 23 13 23 16 17 20 14 12 18 32 32 15 8 30 13 34 15 36 18 16 44 12 26 25 31 21 32 20 29 28 21 14 25 24 20 31 15 28 20 27 16 27 29 15 23 27 28 31 21 18 25 29 41 21 23 27 13 29 34 24 24 43 19 14 19 29 29 25 20 31 20 16 26 25 22 32 30 24 33 28 19 26 
18 18 19 21 11 16 26 9 34 14 21 32 23 22 19 28 23 35 51 16 20 29 19 21 19 35 17 34 30 10 22 26 10 30 35 23 37 19 35 18 18 2 24 45 17 30 24 30 15 30 29 25 23 27 29 47 31 7 20 23 21 29 31 26 22 17 26 18 23 29 29 26 11 28 35 31 17 22 35 17 13 25 22 35 25 17 33 21 16 29 
16 12 26 25 14 18 33 14 14 17 17 38 22 26 5 18 28 23 31 21 17 30 13 17 20 25 21 19 25 17 37 26 15 25 34 15 22 28 41 20 20 31 18 31 28 26 16 30 19 20 35 21 22 25 38 30 24 14 31 20 30 26 24 30 26 33 23 16 39 31 12 23 13 23 31 20 36 18 18 15 25 23 21 21 27 15 31 34 16 31 
13 13 21 25 15 13 36 12 36 15 23 27 25 29 16 13 38 17 34 29 25 26 10 22 27 18 14 19 26 19 25 24 16 33 34 36 8 25 31 20 18 31 25 29 23 39 25 39 15 25 31 19 15 34 26 31 17 19 18 11 31 21 40 38 16 21 19 8 34 28 20 17 21 13 25 28 33 24 18 19 12 33 37 25 24 21 20 18 14 22 
12 13 26 19 16 10 25 15 25 17 28 27 34 16 13 16 38 29 32 12 19 36 20 22 28 27 16 14 20 12 23 14 20 38 22 32 26 28 38 12 19 28 9 26 27 45 24 40 12 25 14 16 10 34 29 34 16 24 25 12 29 20 29 40 16 21 28 21 28 42 20 16 5 27 12 30 28 33 22 23 10 26 25 24 29 11 33 16 7 21 
11 8 30 21 16 18 28 22 34 15 17 25 19 23 20 17 21 32 20 32 15 30 12 16 13 33 23 19 28 15 17 45 27 26 46 30 23 27 31 19 17 39 30 25 25 30 27 28 15 23 15 23 14 24 23 28 13 18 20 27 25 21 25 34 11 32 41 23 39 23 12 34 24 26 26 24 21 20 37 38 25 23 31 29 38 10 28 32 17 25 
18 13 16 19 20 7 30 21 42 12 16 17 24 23 19 12 29 26 34 20 16 23 18 25 10 29 11 31 33 16 31 33 32 41 24 25 22 37 31 22 12 43 20 26 34 26 14 34 18 34 21 37 21 43 20 24 21 16 26 28 36 19 27 22 20 38 17 25 23 30 17 21 11 29 27 18 26 15 15 15 14 35 28 12 40 24 38 14 17 39 
22 20 18 16 9 20 27 9 14 20 25 23 19 15 19 15 34 22 33 21 22 24 12 17 21 26 21 15 16 18 29 21 18 25 31 36 32 20 26 26 20 42 26 32 19 25 23 44 19 41 8 26 14 30 24 30 21 8 13 26 23 24 30 25 17 30 25 11 25 33 18 20 31 27 35 18 11 29 29 26 36 29 19 26 21 18 17 27 21 24 
19 11 24 20 17 14 28 9 38 19 27 33 20 18 23 20 26 31 25 21 13 26 11 8 19 30 12 26 19 13 28 30 38 34 31 29 38 46 33 12 16 31 28 12 26 33 18 30 13 28 31 18 18 33 28 34 24 12 21 29 12 21 35 35 20 25 39 11 21 34 10 30 29 29 27 25 33 19 21 31 29 6 20 35 23 18 16 26 20 19 
11 7 38 22 14 16 28 11 21 16 21 29 37 6 11 14 28 20 23 35 22 40 21 25 22 34 20 17 15 14 23 14 10 30 35 13 22 39 12 11 21 37 22 22 37 13 11 31 22 34 27 22 17 27 19 14 15 17 17 20 35 21 31 33 17 24 36 20 18 37 14 29 18 33 21 22 24 23 37 28 22 18 16 45 29 27 24 22 18 27 
10 12 37 6 18 6 34 12 34 25 16 22 20 20 15 12 27 26 23 28 15 2 13 22 25 39 24 19 21 18 24 27 21 33 29 20 25 25 36 32 23 34 26 19 18 34 21 24 18 22 29 24 9 24 29 39 22 17 22 21 12 23 31 27 7 19 31 18 27 26 20 21 28 37 27 21 21 20 26 28 25 25 16 21 25 13 21 19 18 2 
18 15 23 9 19 22 33 14 27 12 32 25 23 18 7 12 23 41 31 13 18 25 17 14 18 23 24 13 33 19 31 14 21 13 29 29 23 35 29 21 14 25 15 23 26 33 19 35 14 21 23 18 12 25 27 28 22 22 32 29 26 21 18 24 10 23 41 20 34 27 9 12 31 36 30 29 34 23 28 23 16 27 23 23 38 15 18 25 14 22 
24 11 26 15 12 24 26 18 24 13 23 20 33 22 19 16 20 16 26 36 22 31 16 20 16 33 23 12 37 21 17 26 23 26 31 31 24 38 40 15 23 33 21 18 19 24 26 23 19 20 19 27 17 14 21 22 11 11 28 20 24 24 17 33 11 26 31 16 19 23 18 24 18 24 32 21 31 24 29 25 15 35 12 23 29 15 12 31 18 37 
15 16 36 21 15 20 17 11 31 17 24 17 31 10 16 21 29 23 49 44 19 7 27 14 16 37 24 19 24 21 26 25 36 25 26 21 34 31 32 18 14 27 31 27 28 32 24 25 25 21 27 30 19 21 33 24 17 12 17 20 44 29 28 26 21 23 40 16 28 7 19 25 20 28 36 18 27 18 40 22 13 30 12 28 30 16 36 15 16 28 
20 9 28 5 23 17 20 9 32 17 26 16 23 15 15 18 21 22 21 20 22 28 22 20 12 16 25 25 35 11 31 19 26 32 37 26 24 28 17 22 21 28 21 24 29 33 25 24 11 22 22 17 17 25 31 25 10 16 20 23 26 20 23 28 9 18 40 11 28 30 16 27 19 21 12 25 17 23 38 23 23 27 24 33 32 9 49 23 20 22 
9 21 28 15 15 10 30 16 15 13 19 22 24 21 13 14 30 26 18 31 10 38 16 20 14 32 16 21 35 17 16 21 31 28 27 24 15 17 35 9 19 19 22 21 25 26 26 16 9 27 27 28 11 25 24 32 14 7 19 26 42 25 8 30 11 18 38 21 32 20 25 21 19 15 38 32 29 26 41 20 13 33 32 32 34 17 29 28 17 22 
14 13 28 20 8 18 28 7 33 15 16 29 18 22 19 15 27 23 36 31 17 40 16 18 26 40 14 22 16 17 25 32 25 16 32 19 28 18 26 20 17 31 28 24 25 32 27 34 21 41 26 15 18 22 24 18 25 19 17 17 23 25 26 27 19 21 21 24 20 31 22 26 23 26 23 25 28 32 21 21 26 23 22 20 38 17 38 18 15 46 
9 22 53 17 12 23 19 16 39 12 23 31 29 21 15 16 24 26 25 30 17 27 20 20 27 17 25 13 22 19 28 20 27 19 37 33 45 22 32 12 31 21 15 21 19 40 17 22 17 31 15 12 14 30 28 41 14 24 20 20 16 21 32 20 12 25 49 19 33 27 16 22 25 25 13 21 34 15 33 20 15 22 26 11 29 16 35 22 17 32 
23 16 29 15 13 25 22 24 35 14 26 17 23 22 14 18 21 25 37 21 16 37 14 18 13 36 20 15 26 18 32 28 32 27 20 12 13 29 46 17 14 33 16 29 16 25 17 33 6 16 39 20 13 19 22 29 9 8 24 25 19 36 21 17 16 22 25 16 32 37 14 30 29 19 24 24 37 21 17 22 30 19 33 25 39 14 31 21 11 25 
23 15 35 13 12 14 29 14 34 14 13 24 29 16 16 23 25 14 33 23 19 18 16 19 18 25 16 28 17 6 26 22 19 28 48 25 30 24 24 23 17 15 28 31 19 19 21 31 24 23 32 17 14 38 23 34 17 19 20 19 29 26 43 27 15 17 24 15 20 29 17 16 30 33 22 26 23 30 35 26 24 13 31 20 35 22 31 21 20 19 
15 15 32 17 13 19 34 10 28 6 20 32 27 25 24 25 36 24 46 24 9 27 20 16 9 44 19 22 15 19 26 39 20 33 4 10 22 24 32 19 5 37 22 28 22 35 15 30 14 31 19 20 12 24 18 25 27 6 23 20 33 30 17 11 18 24 26 28 42 29 10 11 17 29 30 15 22 25 16 26 16 22 22 31 29 15 39 17 14 26 
17 13 18 25 24 17 16 18 38 15 23 28 24 22 21 25 17 26 29 18 18 23 16 27 16 31 15 24 24 11 36 22 29 27 30 24 29 53 29 22 18 38 12 16 22 45 17 24 20 18 19 14 14 23 24 43 25 21 15 15 25 25 24 38 18 11 26 24 19 27 27 16 20 24 23 22 19 15 27 28 24 30 15 28 35 26 25 19 15 14 
18 16 21 18 15 23 36 11 33 20 20 29 25 13 17 12 28 28 32 45 19 15 11 29 23 23 31 19 28 10 21 31 24 15 23 10 23 22 10 20 13 28 13 27 10 27 16 29 9 20 26 22 15 19 29 29 9 15 27 30 28 22 29 35 13 22 26 20 21 26 20 14 17 18 23 15 19 17 31 31 21 31 25 30 38 21 39 34 16 27 
19 7 28 28 17 24 42 17 38 16 20 34 22 30 18 21 21 14 37 34 27 11 27 10 21 23 25 26 32 16 21 27 44 14 17 21 32 44 19 16 20 42 23 22 14 42 15 13 15 27 27 30 11 21 30 37 19 19 30 18 21 28 39 38 14 31 24 23 29 36 20 22 13 30 15 29 14 23 20 25 15 26 20 44 30 22 25 16 12 45 
21 13 29 18 24 18 23 13 24 20 24 26 17 25 23 24 37 19 34 22 9 21 13 31 25 37 5 28 24 8 7 39 24 24 38 28 34 23 35 22 25 47 28 10 26 34 20 39 21 44 29 23 15 35 21 29 24 16 33 24 17 25 30 10 7 25 33 14 26 26 16 19 18 23 17 31 18 24 44 24 23 23 26 31 47 24 26 20 21 36 
22 20 27 20 16 17 35 16 27 18 18 28 12 30 21 17 22 21 36 23 16 20 18 25 26 25 27 13 28 10 16 22 13 17 16 36 23 36 28 22 14 33 27 30 13 29 9 41 19 30 24 25 18 37 15 23 23 14 23 26 20 15 33 30 15 11 26 28 28 25 20 17 24 34 38 33 29 29 29 26 20 29 21 28 22 18 29 31 21 16 
19 17 26 17 19 14 37 15 22 11 14 14 24 19 24 30 26 22 36 32 22 14 19 22 10 41 31 15 31 23 11 22 30 22 38 29 7 13 18 14 27 43 34 25 23 13 25 37 21 33 23 23 14 25 22 30 29 17 10 22 38 16 13 37 17 20 30 18 24 12 18 12 32 44 22 31 16 39 24 27 22 27 29 23 32 15 38 33 15 13 
15 22 24 7 7 14 32 11 17 13 10 25 26 20 17 9 29 25 25 13 16 35 18 23 24 30 24 17 17 15 29 40 20 25 27 22 36 25 26 17 22 31 23 29 9 27 34 30 15 29 25 14 11 35 20 19 14 18 18 14 27 25 27 34 17 25 41 19 18 32 16 18 24 20 33 17 25 33 20 19 17 27 16 10 38 19 35 18 17 28 
19 16 40 17 21 16 36 12 34 22 28 34 34 19 21 21 29 27 37 43 14 27 11 23 27 23 29 27 29 16 33 26 24 23 24 17 43 32 33 15 16 22 21 32 26 14 20 28 14 20 25 26 21 33 17 31 23 27 24 24 44 31 50 42 13 11 54 15 25 21 26 14 19 25 19 25 26 25 34 23 18 26 30 38 40 23 25 25 15 27 
20 18 32 15 15 21 32 21 22 18 18 36 27 18 14 15 25 39 24 41 15 20 13 29 26 29 22 31 30 16 28 26 10 24 36 31 22 30 32 23 19 37 33 29 29 26 10 19 25 30 16 24 18 25 24 23 14 14 15 25 30 27 30 8 13 21 16 10 28 12 22 38 24 34 23 16 27 20 33 22 22 39 35 42 35 14 23 24 11 31 
25 13 20 22 9 15 18 15 8 13 29 23 18 14 11 17 27 22 32 34 18 29 9 28 27 32 21 16 14 10 26 13 21 31 22 28 34 42 33 14 20 14 14 27 24 22 30 32 15 38 25 15 11 27 35 41 26 15 22 16 18 34 28 20 14 25 21 9 34 29 17 18 20 30 26 20 30 22 35 16 21 28 28 22 34 14 38 28 15 23 
8 21 35 20 16 17 35 8 31 15 20 27 24 22 9 17 23 27 31 40 11 32 15 27 10 37 23 25 24 18 23 16 20 27 28 18 24 32 35 24 24 31 25 24 23 30 24 33 14 34 13 20 14 18 27 19 19 14 21 20 29 29 39 33 14 28 36 24 10 35 10 39 29 41 23 18 26 11 26 31 25 19 32 27 38 19 30 32 11 32 
22 23 27 16 15 19 36 15 26 16 23 32 13 24 20 16 21 25 23 20 12 15 11 23 19 25 16 26 28 16 21 22 23 13 22 27 27 36 16 19 18 30 33 33 22 21 18 35 12 26 21 25 20 19 33 36 17 15 26 25 31 22 31 29 23 25 28 20 43 34 17 26 20 21 21 19 28 21 29 21 15 13 24 38 21 22 26 24 26 27 
17 14 21 22 8 13 17 27 28 9 24 30 22 25 14 17 10 29 39 21 16 34 13 19 16 27 26 21 17 14 25 28 20 29 23 28 20 38 23 16 8 37 35 11 25 30 29 24 8 27 18 23 22 25 24 41 10 18 17 16 22 28 28 29 17 28 36 14 26 29 14 21 16 24 13 17 12 23 23 27 18 36 19 27 42 16 32 16 15 31 
16 16 29 22 14 25 29 13 32 16 19 22 25 9 13 12 31 19 30 26 15 31 11 18 15 33 16 22 26 9 6 38 31 27 25 38 33 32 29 31 15 39 28 24 22 34 20 25 12 34 23 20 19 30 33 39 24 18 18 26 39 19 21 34 15 24 49 27 26 29 11 18 19 30 15 23 16 29 29 16 21 34 21 22 3 10 28 19 19 35 
14 16 16 15 16 22 24 15 16 16 22 20 26 17 13 13 30 20 40 33 15 24 21 13 17 28 31 14 24 25 23 30 30 27 41 35 17 24 33 18 19 15 28 32 18 26 16 28 18 27 24 11 15 18 22 36 22 22 29 17 20 17 43 39 11 17 27 21 27 20 12 27 12 27 20 34 33 17 24 23 26 22 34 25 18 16 27 20 20 28 
20 19 36 21 13 15 24 18 34 19 24 28 22 18 17 17 31 17 28 22 10 37 20 32 12 32 29 20 39 6 26 35 28 13 14 36 29 41 31 16 15 32 10 22 23 33 24 23 15 23 19 26 19 37 39 23 24 19 27 21 20 32 32 33 23 30 41 14 24 22 18 25 29 21 29 26 17 20 26 28 14 27 19 41 33 15 13 27 21 33 
23 19 26 24 17 21 26 23 39 20 15 10 26 15 17 19 32 24 43 23 18 28 16 14 19 25 20 27 29 10 22 20 30 31 40 25 38 31 40 22 15 26 16 30 34 34 17 9 14 28 22 21 14 25 31 31 21 25 26 27 37 24 16 28 11 18 18 14 15 28 10 16 31 36 40 26 25 13 36 19 22 22 28 47 30 16 19 30 18 26 
13 20 30 18 15 18 39 18 30 19 19 27 8 30 11 10 15 26 38 18 16 35 20 20 26 29 22 8 22 12 22 12 33 32 22 26 23 43 25 26 16 32 23 22 26 29 31 49 15 24 27 23 16 24 22 16 10 24 21 24 33 26 44 18 11 19 35 29 41 30 21 20 14 33 27 32 33 24 32 32 21 45 18 19 27 21 38 27 8 9 
20 10 28 24 21 24 28 7 28 24 19 50 26 23 18 27 26 27 41 24 13 29 12 11 21 34 23 12 36 16 29 26 22 26 37 6 27 33 31 14 15 27 30 24 15 31 25 37 18 24 16 20 21 29 27 14 12 15 27 20 19 18 33 33 13 25 40 4 41 32 8 21 24 42 29 13 47 33 43 21 16 30 23 39 24 19 22 18 17 23 
18 16 44 12 17 15 37 18 30 15 29 26 20 19 8 20 30 38 27 32 24 31 23 23 30 31 27 25 9 16 29 31 23 14 28 23 25 40 28 22 17 20 21 22 19 38 20 42 10 23 21 20 13 33 20 29 32 11 30 15 25 18 21 22 12 16 18 25 9 22 17 27 29 29 23 25 18 14 31 18 19 18 30 28 49 11 22 14 15 27 
19 12 26 21 19 15 28 13 38 22 13 27 14 22 19 15 37 16 22 49 22 27 19 19 13 33 22 23 29 15 16 24 26 30 33 30 26 25 10 19 16 40 27 26 21 24 22 24 21 23 23 23 21 35 25 19 20 18 12 20 45 24 39 30 15 24 18 25 16 30 20 28 30 32 24 21 34 26 46 18 25 24 23 12 40 15 20 22 14 19 
16 15 18 30 18 16 15 16 22 14 28 14 25 21 11 14 23 24 39 40 18 14 11 21 16 42 14 24 30 12 40 27 20 19 19 21 31 37 25 26 25 32 32 26 22 8 18 22 14 23 24 23 18 26 24 29 32 16 25 22 30 29 34 22 11 23 26 10 39 28 17 14 25 33 38 14 26 27 45 19 17 30 22 31 35 15 23 16 15 31 
20 16 17 24 17 20 35 15 31 16 23 18 17 33 14 14 11 26 37 27 28 22 8 15 23 37 22 32 24 8 23 37 28 17 45 30 24 50 19 25 21 11 15 33 11 40 12 30 8 39 20 22 10 23 31 26 21 18 17 11 30 21 27 42 15 18 17 15 19 34 15 18 19 37 25 17 28 17 24 34 32 8 23 29 42 18 17 30 18 38 
15 18 23 18 18 25 30 24 25 20 22 30 25 17 15 11 22 22 23 39 20 16 16 18 25 38 15 30 33 21 19 47 25 27 20 26 15 37 25 27 20 39 23 31 23 21 18 31 17 30 20 24 16 29 33 27 21 26 26 27 30 19 33 33 23 21 40 10 26 35 22 15 26 23 31 21 31 36 28 23 16 34 14 30 39 25 31 13 17 21 
16 23 25 13 10 18 23 22 20 17 23 23 27 26 10 23 26 25 24 23 30 32 16 24 17 20 22 17 16 16 31 33 27 25 29 26 45 18 44 17 19 28 9 20 24 34 27 26 21 21 19 8 15 32 25 25 26 18 19 17 27 26 28 31 18 35 17 20 14 33 5 20 20 14 24 23 28 14 38 20 18 30 13 38 22 18 16 25 11 38 
14 17 36 30 15 17 35 16 27 15 30 18 23 27 14 16 24 38 36 33 8 13 10 29 28 39 25 23 26 14 29 32 24 19 37 12 12 9 33 21 17 34 9 33 22 25 11 15 5 17 20 26 17 25 25 30 14 14 31 25 19 20 17 27 12 24 35 23 35 17 24 22 15 45 33 12 24 17 23 27 13 25 10 25 32 12 27 15 15 12 
11 11 15 20 18 16 40 16 26 11 18 25 30 24 13 21 19 13 41 23 15 16 18 11 20 24 27 18 31 7 27 40 30 14 29 8 33 29 31 35 19 41 30 23 16 32 18 39 12 25 21 27 23 28 33 19 21 15 27 38 23 12 16 47 21 36 32 12 27 33 20 18 16 30 25 18 38 23 20 23 26 29 22 21 32 20 24 19 12 22 
11 10 18 24 17 18 26 22 31 21 22 25 12 21 16 12 30 33 44 36 17 21 21 21 24 38 27 19 32 24 17 23 23 25 15 28 31 6 31 15 13 40 25 24 21 31 24 17 16 32 27 32 16 33 42 26 18 19 28 24 39 17 19 30 25 22 36 24 40 25 16 31 24 21 20 31 40 26 34 27 25 29 30 44 19 20 19 26 14 35 
12 12 33 21 12 17 34 16 23 15 26 30 23 23 13 14 23 26 20 13 22 44 15 14 23 30 12 21 21 9 24 27 36 22 21 29 21 20 31 28 18 30 25 18 16 35 19 25 14 24 30 13 15 41 26 28 20 19 34 23 43 16 32 27 19 20 35 15 38 20 14 19 16 25 34 15 29 26 25 17 18 34 29 46 26 10 32 21 16 38 
31 16 28 27 15 29 13 15 15 11 20 16 21 23 18 16 17 35 17 29 29 28 19 5 12 22 1 30 27 11 26 32 27 21 15 32 20 31 31 19 21 40 27 20 20 34 12 12 15 29 23 33 15 34 30 32 13 21 30 26 39 26 15 29 15 19 35 15 39 26 16 23 23 31 24 23 27 29 29 17 12 31 15 39 34 16 38 26 20 23 
19 17 32 18 17 14 25 14 17 10 22 22 24 19 23 17 20 23 27 29 9 18 21 15 29 19 25 30 21 17 29 15 23 31 27 30 26 54 34 23 10 29 25 23 12 20 17 18 19 27 31 34 14 26 23 33 19 18 26 20 40 24 13 15 17 36 23 16 40 39 18 15 15 30 20 30 21 45 28 25 12 35 20 26 48 20 20 9 18 21 
18 11 25 14 15 18 25 17 26 10 21 24 18 30 13 22 26 23 19 39 15 10 14 31 30 33 25 8 20 11 25 22 19 19 36 22 14 21 16 24 17 24 15 28 29 41 23 24 21 19 19 14 19 26 25 34 11 23 20 20 12 26 20 35 24 21 22 18 30 23 15 32 24 27 24 30 18 20 31 23 22 37 9 30 33 25 22 12 15 36 
27 20 26 15 10 25 31 15 20 15 17 30 20 26 22 15 21 20 26 23 20 17 11 18 9 43 17 29 30 20 27 30 20 37 17 20 18 19 34 6 17 37 36 20 7 19 17 34 12 17 28 22 21 45 36 23 17 21 30 16 42 30 27 35 16 30 26 12 23 33 15 26 21 16 33 25 40 31 19 27 25 28 18 27 16 17 28 35 16 26 
9 11 33 16 11 11 22 19 28 12 18 33 25 16 21 20 5 40 50 23 18 32 16 14 19 13 28 19 37 12 45 28 18 22 23 30 31 18 37 17 13 22 14 7 15 32 33 47 19 25 24 26 23 14 13 17 9 12 24 20 24 20 18 41 15 34 35 14 30 24 21 27 22 31 27 16 41 17 22 37 22 25 21 38 35 21 32 22 14 30 
18 13 22 24 25 23 26 4 28 19 14 26 12 18 14 17 21 28 26 18 16 36 11 18 6 38 21 13 31 9 10 14 25 26 24 33 9 34 39 15 22 34 20 27 21 26 20 33 16 27 44 20 21 46 25 35 21 15 28 20 30 25 25 26 13 27 41 10 23 28 14 27 11 42 11 31 14 37 29 30 21 18 25 43 39 15 30 19 14 25 
15 14 47 20 10 16 32 10 32 12 18 12 18 21 22 17 30 26 25 29 25 31 17 23 22 38 23 16 35 18 30 29 33 11 10 33 15 29 21 11 19 27 30 29 19 24 19 28 21 37 24 23 16 35 35 19 27 18 23 25 28 14 10 21 22 37 24 21 33 25 13 28 22 35 22 17 37 23 40 32 21 35 24 33 34 23 38 14 10 31 
14 19 28 27 13 19 33 20 24 13 25 30 18 17 10 13 22 38 31 18 21 38 14 12 20 31 22 23 21 14 28 28 24 21 35 23 20 38 36 12 21 25 18 29 17 14 34 25 15 29 23 30 24 25 22 28 15 9 24 29 10 13 26 24 9 29 20 25 27 30 17 19 28 17 24 16 31 23 29 23 29 24 20 24 30 20 28 25 18 23 
19 15 31 20 18 17 36 16 34 21 21 19 33 20 17 16 29 28 20 30 23 27 25 35 20 14 16 23 29 12 34 14 37 14 29 31 34 26 24 15 14 28 11 24 22 15 25 27 16 16 29 29 13 23 28 25 21 13 35 28 24 32 10 35 12 25 30 15 17 28 13 21 19 21 29 20 19 22 34 25 26 30 22 38 28 21 28 20 14 36 
18 8 39 17 11 17 31 16 17 19 24 24 22 24 23 13 21 22 28 21 15 19 13 24 11 37 18 19 30 21 37 31 23 17 49 29 25 38 27 6 16 45 21 25 31 24 28 19 13 22 24 18 19 18 26 25 25 16 18 23 17 25 19 21 16 17 9 13 31 25 21 16 26 29 24 27 33 30 31 15 28 24 31 34 43 23 39 33 15 33 
22 12 37 22 13 25 34 20 20 14 23 22 17 19 19 15 17 39 36 26 14 28 22 24 17 34 26 32 25 16 14 13 32 13 31 25 27 32 30 21 16 43 16 13 26 24 21 23 16 24 30 18 18 30 20 19 26 13 27 21 27 22 17 24 19 36 24 17 26 31 11 21 28 35 14 21 41 25 31 23 15 29 24 22 29 24 25 27 18 28 
19 16 36 14 12 12 35 12 33 17 20 16 19 18 24 15 27 30 12 21 11 16 20 29 18 29 25 15 35 17 35 30 14 31 32 30 23 23 21 24 21 33 31 26 19 22 30 34 22 28 33 30 16 28 28 27 17 14 16 12 32 31 23 22 13 12 36 14 38 35 10 29 13 25 36 19 19 25 34 27 33 33 32 18 17 21 25 20 16 30 
13 18 45 22 17 18 25 17 29 15 21 30 28 28 11 5 23 21 19 30 9 24 19 16 30 22 18 17 20 14 28 36 20 21 23 36 30 49 23 17 14 33 15 22 6 21 21 34 12 28 28 26 14 21 44 27 22 15 21 21 41 29 27 31 13 17 39 15 33 28 10 21 20 12 27 36 18 17 28 21 21 18 22 23 37 18 36 18 14 28 
21 18 19 26 12 13 22 14 33 10 23 13 33 15 13 17 20 28 31 29 19 25 15 10 29 21 14 21 26 15 27 28 15 28 35 26 32 35 30 20 7 21 29 13 19 24 25 2 19 30 25 27 14 17 36 30 13 13 23 27 22 18 15 29 15 25 22 17 31 18 24 13 13 45 26 23 46 16 23 24 15 31 22 13 19 5 27 20 17 22 
26 9 26 11 14 18 36 25 34 17 17 31 30 17 21 12 22 26 22 45 18 35 10 14 21 24 18 14 19 16 12 21 23 23 21 27 24 20 32 20 19 37 18 36 13 29 24 29 12 24 35 23 21 8 46 35 29 21 27 19 25 27 28 24 16 25 34 14 30 28 22 20 26 15 24 26 37 32 2 16 21 15 30 24 39 19 55 21 10 32 
13 19 13 20 10 11 22 16 18 18 19 27 24 17 13 12 30 26 24 39 13 27 22 26 21 39 31 20 22 18 31 17 16 31 27 20 36 26 43 21 19 30 15 28 16 35 26 26 19 30 21 15 16 30 21 36 15 15 27 33 39 30 28 26 10 27 22 21 27 24 15 12 12 19 34 11 40 34 28 29 15 37 18 26 36 20 20 24 13 22 
13 11 25 19 15 25 25 12 27 19 13 30 29 23 18 14 24 21 46 10 17 22 19 16 16 23 26 25 31 22 19 26 15 23 47 19 30 25 35 29 22 43 23 21 13 23 23 30 15 17 29 23 21 26 25 32 16 11 23 17 22 20 33 37 19 21 30 17 12 41 20 20 35 24 15 25 23 22 27 31 25 13 19 23 17 30 33 20 10 25 
13 12 28 22 18 13 19 14 16 9 29 16 17 27 30 22 32 29 39 26 14 35 13 36 19 20 27 25 16 14 18 13 15 38 35 42 17 42 25 20 14 29 18 27 20 24 22 33 20 25 37 19 16 36 38 35 29 13 17 23 31 26 33 33 18 26 39 18 24 18 17 13 11 42 25 14 33 32 19 28 25 41 16 35 34 27 24 21 14 30 
20 18 34 25 18 23 26 18 20 12 27 8 22 25 17 14 15 24 41 32 12 12 13 14 28 18 13 23 17 9 27 29 30 34 39 32 22 34 22 7 17 27 20 19 17 29 9 32 16 37 23 26 12 30 35 23 28 15 26 25 23 22 22 23 19 26 36 5 21 30 13 39 16 34 19 28 34 18 36 30 13 42 31 31 30 25 37 14 14 22 
14 10 25 15 19 27 29 8 25 15 28 16 28 20 18 11 16 18 30 22 17 33 14 18 15 23 33 32 30 8 32 35 39 26 38 34 31 30 37 25 23 27 23 36 11 23 19 28 13 22 19 19 24 23 22 23 11 23 29 19 25 20 22 43 24 23 37 18 25 15 22 27 9 21 22 30 29 35 32 21 18 23 25 23 25 20 17 27 12 39 
22 15 38 20 13 14 33 19 20 17 21 23 36 20 18 17 26 33 33 30 17 26 11 27 21 31 19 26 23 20 22 21 25 21 42 23 30 26 41 19 15 40 28 26 22 22 20 22 17 35 16 24 16 27 21 25 25 16 15 24 27 15 25 35 10 29 36 18 30 21 23 24 23 32 22 29 20 23 13 17 22 19 25 43 44 16 36 33 16 42 
20 12 42 27 14 11 18 13 26 16 19 29 21 24 16 11 22 36 39 29 16 25 17 25 16 18 26 28 39 23 18 16 32 37 30 32 26 21 31 23 20 37 21 18 23 15 33 27 17 29 29 17 15 23 28 23 19 16 15 19 33 30 19 14 18 17 36 20 34 29 19 24 18 34 29 25 25 21 29 30 22 30 23 32 30 9 18 26 9 14 
25 16 34 22 14 20 20 14 31 10 30 26 23 26 15 16 27 26 32 33 19 37 12 21 22 23 28 7 22 13 25 35 22 20 50 22 23 20 38 15 15 39 23 26 20 28 23 26 11 22 21 25 17 28 24 19 24 23 20 19 26 15 14 32 16 30 28 14 29 20 28 29 38 26 35 23 32 21 20 16 23 40 19 34 39 16 29 29 16 31 
21 8 33 33 13 28 37 15 16 22 27 24 42 10 17 13 19 18 21 23 15 25 9 14 22 30 3 25 28 24 8 17 26 26 32 40 22 32 36 22 16 32 30 19 26 19 21 21 23 29 21 24 10 30 45 41 8 14 16 17 32 20 27 38 19 21 25 13 36 31 21 21 19 19 32 17 34 19 21 29 15 27 28 34 23 17 40 30 18 24 
18 12 39 28 12 18 35 20 29 13 21 14 21 24 16 16 18 19 18 6 2 37 13 24 18 18 27 24 37 17 30 20 21 34 33 19 12 24 30 23 19 22 37 37 23 22 19 26 19 36 28 13 16 34 31 29 30 13 21 22 43 13 22 21 26 39 33 6 20 25 31 10 25 27 24 11 36 21 27 27 25 23 19 10 46 25 28 13 22 35 
17 13 37 26 15 14 33 10 18 21 22 28 34 21 11 18 16 23 41 41 12 19 20 24 23 46 21 16 7 13 28 13 16 31 35 29 16 27 21 24 23 39 19 34 26 47 19 37 9 31 31 15 12 22 25 24 19 7 22 24 18 21 34 17 17 27 35 17 46 45 11 20 18 21 26 26 30 20 31 25 25 13 25 25 22 21 24 21 14 26 
21 13 30 20 21 17 37 20 20 20 11 21 20 21 15 10 27 28 42 12 21 36 19 26 27 23 27 14 22 18 10 29 21 16 35 23 25 30 29 17 14 33 17 20 18 33 20 35 16 25 20 19 11 18 15 31 18 22 15 17 17 20 30 31 17 38 18 25 21 45 15 33 20 33 32 20 28 23 35 26 24 35 31 22 20 12 19 16 9 23 
15 9 27 19 11 14 32 13 35 26 21 23 21 27 18 20 21 32 15 18 11 35 21 20 9 12 22 31 32 20 39 26 20 23 16 27 30 32 34 20 22 33 21 29 16 29 15 24 16 26 30 22 11 41 20 28 22 17 25 25 36 20 35 14 14 12 34 13 31 39 14 29 16 28 22 22 34 30 22 18 23 28 18 24 35 17 31 21 11 21 
22 12 42 16 22 15 34 8 22 17 18 14 32 20 24 22 26 28 40 40 14 47 5 21 21 33 27 26 24 20 10 29 25 29 39 33 24 38 28 13 15 25 26 9 19 28 8 40 8 13 14 17 14 33 41 21 16 8 26 25 36 23 17 28 11 34 29 21 39 18 15 32 21 15 30 19 19 37 22 23 17 25 14 28 21 13 37 16 19 29 
24 18 30 21 20 18 42 10 30 12 16 18 19 27 15 11 30 23 44 20 20 41 17 13 28 23 26 18 29 20 26 17 37 35 22 32 36 18 30 20 14 33 23 22 34 31 21 15 20 23 33 19 23 33 41 36 16 6 21 30 25 13 15 25 8 32 33 17 23 31 13 21 22 16 26 23 16 18 45 30 11 29 17 21 36 18 26 26 13 26 
11 14 31 14 15 25 27 19 34 12 22 25 22 24 11 16 25 21 31 21 13 29 9 12 20 45 24 24 10 7 24 28 17 14 17 33 33 15 29 17 19 30 29 29 10 31 12 33 14 34 31 12 21 30 49 33 20 22 21 18 34 17 30 17 17 24 16 19 21 31 17 26 28 30 28 8 14 29 35 23 29 23 20 42 28 17 33 14 19 49 
27 18 40 22 8 26 34 19 28 19 24 33 27 17 14 21 33 29 36 27 11 27 24 31 28 29 24 20 24 17 18 31 23 24 36 32 28 28 37 34 14 22 24 15 24 22 23 30 26 32 34 22 20 27 24 24 17 23 34 23 30 13 31 37 14 24 30 22 29 15 19 20 27 40 20 29 29 18 25 19 29 28 31 33 21 24 33 30 9 25 
19 6 32 17 15 24 36 11 32 15 16 39 29 27 19 19 20 23 38 18 9 32 23 17 14 32 20 19 27 15 24 21 21 22 30 31 25 35 33 29 9 23 26 42 28 24 29 26 4 29 26 24 19 34 17 40 29 18 30 24 42 26 32 34 13 22 22 27 29 20 22 23 23 32 21 23 25 31 29 27 12 37 27 19 23 16 22 26 13 26 
6 10 34 21 17 18 36 24 31 21 20 30 26 15 15 12 16 28 38 30 18 39 9 22 26 46 13 14 29 14 24 27 25 43 34 16 35 45 24 28 16 45 25 16 17 38 21 24 17 22 21 23 18 31 29 34 20 13 26 20 30 23 25 37 18 22 27 13 49 41 19 10 28 28 29 24 38 26 22 27 16 19 20 41 37 16 24 29 19 34 
18 16 43 29 15 19 29 16 38 14 13 27 30 19 12 20 25 30 22 22 11 15 21 19 20 35 22 18 26 19 22 33 13 26 40 22 21 31 36 18 12 35 21 30 22 26 18 27 20 18 18 24 20 25 29 11 22 14 14 30 19 17 21 31 15 21 32 15 17 24 27 17 26 16 29 20 36 20 34 28 24 34 14 44 34 9 25 30 16 34 
16 18 33 13 19 11 26 20 27 18 21 19 10 20 16 20 26 25 41 30 11 17 12 22 31 38 24 18 33 9 21 23 31 32 41 26 29 27 40 29 12 25 16 27 18 17 25 21 22 21 27 30 14 37 21 23 34 18 25 16 37 32 28 44 6 17 35 17 25 31 17 36 25 40 27 36 19 25 21 24 17 24 19 35 22 17 32 27 18 28 
17 19 32 9 15 11 38 10 27 18 19 31 41 24 19 25 25 31 29 27 14 23 12 20 16 25 20 17 22 17 21 21 38 32 37 29 21 31 26 20 10 33 27 23 20 31 23 27 19 24 17 22 8 24 32 29 23 22 23 24 25 18 27 36 21 29 28 16 30 36 15 21 18 20 35 34 31 14 25 26 14 33 12 36 40 14 19 26 20 34 
16 12 22 26 19 15 29 16 20 17 15 25 27 16 12 15 18 23 21 30 20 34 11 29 34 34 12 20 23 20 17 13 32 25 43 29 12 18 31 29 19 36 17 36 21 27 19 29 20 16 25 19 20 19 24 26 31 10 22 19 25 28 21 25 15 31 21 21 22 15 12 26 25 22 22 13 22 24 25 21 19 28 29 27 36 24 23 29 17 31 
11 18 31 19 22 12 28 15 36 11 12 18 23 21 6 24 22 33 33 25 12 26 14 20 18 28 31 11 17 12 24 21 18 23 17 17 20 25 25 27 16 40 15 19 22 35 17 30 15 35 26 22 16 33 27 52 22 12 17 20 30 22 32 26 14 37 37 26 39 38 10 22 18 29 32 21 43 20 28 31 13 39 36 26 39 18 29 30 10 19 
12 21 32 9 15 20 25 13 47 22 32 29 26 25 14 15 25 23 9 25 21 22 19 27 29 36 21 19 15 12 27 21 26 18 24 25 27 20 28 13 12 28 30 25 11 30 24 39 24 30 25 12 17 33 30 31 29 14 16 29 41 19 44 24 24 15 47 18 42 19 23 17 27 25 18 28 31 21 23 28 29 21 25 23 37 21 34 24 19 24 
12 12 30 26 13 25 23 16 17 18 26 31 31 20 13 17 19 18 38 29 24 31 17 24 17 36 22 33 18 16 37 30 22 28 7 39 42 31 20 25 13 34 22 21 12 28 20 18 13 20 27 20 22 25 12 20 22 18 19 25 30 26 27 20 12 23 41 17 29 32 18 24 20 21 37 16 27 23 13 27 25 31 28 32 20 18 29 17 18 39 
22 6 21 26 16 13 28 21 27 20 17 4 35 20 19 9 29 29 19 32 13 16 14 29 34 25 32 18 26 13 28 27 12 33 31 40 33 57 35 12 10 40 21 22 10 29 22 15 21 38 20 31 11 17 30 7 18 16 28 21 35 25 26 28 14 24 37 12 29 41 18 29 19 23 18 18 27 28 35 28 21 18 19 20 41 18 24 15 7 29 
19 14 35 18 16 17 41 11 20 20 22 27 18 17 11 13 30 35 41 33 23 30 16 23 18 31 16 19 23 19 48 13 19 34 41 30 16 34 17 27 19 33 24 21 21 29 29 25 23 31 24 15 25 8 25 46 26 19 20 13 21 8 43 31 15 16 35 20 30 33 6 10 33 29 28 25 13 32 19 22 35 23 11 26 29 17 18 19 19 17 
11 18 22 19 20 13 27 20 20 24 23 44 31 21 17 19 42 34 32 24 20 38 19 17 6 38 18 16 17 18 35 40 17 32 36 36 25 45 21 27 19 38 23 38 19 27 21 24 18 19 22 34 20 24 30 35 12 18 27 25 26 24 25 40 15 22 32 11 28 16 26 27 22 36 27 22 38 20 46 35 14 18 21 23 27 13 31 26 16 24 
18 18 45 33 15 13 32 17 28 22 15 26 15 9 20 17 33 27 46 35 23 38 20 19 18 37 19 15 10 20 19 18 31 24 48 31 25 25 14 20 16 35 26 25 20 30 27 25 15 29 29 29 11 20 32 26 16 12 26 19 26 17 30 27 15 29 24 19 26 23 14 19 20 14 34 28 28 17 31 7 30 27 14 25 36 26 27 14 14 25 
16 22 33 11 15 9 35 16 20 17 21 22 16 19 16 26 28 25 28 26 15 29 22 14 35 32 30 19 10 12 29 21 22 22 41 31 15 36 36 31 14 28 22 24 23 28 26 32 15 17 20 23 20 30 17 32 27 19 19 30 19 35 35 30 15 22 29 16 26 23 14 20 20 42 32 29 20 23 33 23 18 24 25 25 37 16 41 16 19 18 
19 11 15 18 12 8 46 10 26 8 31 33 20 32 11 22 29 26 35 23 18 18 15 17 28 38 22 17 35 21 8 22 24 24 35 24 30 34 22 11 21 21 27 25 21 28 21 29 11 31 29 18 17 21 26 34 18 24 21 25 20 23 11 25 18 41 32 23 25 21 20 26 40 34 24 29 17 21 32 17 21 21 20 33 43 16 21 24 14 31 
17 18 23 23 14 23 28 20 40 14 24 21 21 28 13 15 23 20 18 31 19 25 15 15 26 27 20 28 17 13 31 22 12 27 26 35 23 41 30 27 14 26 21 21 13 32 13 21 18 25 11 28 12 29 36 28 15 18 11 25 31 15 15 18 18 18 34 13 27 17 19 16 28 32 25 31 16 24 15 25 22 35 25 28 14 16 16 26 14 29 
23 16 25 19 10 14 26 11 35 16 16 23 33 26 16 22 14 17 32 38 11 33 10 20 18 25 19 21 20 16 27 32 30 36 43 31 40 31 21 19 23 28 26 22 23 18 18 28 14 32 27 22 22 36 30 34 16 19 17 25 23 24 18 18 21 19 37 16 20 34 26 32 22 28 20 27 17 25 38 26 19 36 26 30 28 27 37 9 16 27 
30 21 22 31 14 13 46 15 25 16 25 32 32 21 10 23 9 23 17 38 20 32 19 13 16 26 21 14 2 13 20 17 21 22 26 29 29 27 29 25 4 22 27 15 16 35 31 17 13 33 23 25 14 40 26 35 25 22 13 12 30 24 33 40 22 32 42 21 30 22 13 28 24 34 31 13 29 23 37 35 28 25 31 20 28 31 28 27 23 17 
18 18 23 18 21 26 21 14 44 19 18 26 18 21 16 17 34 15 48 28 16 40 22 28 18 45 16 16 32 16 25 21 29 32 39 26 30 17 40 32 16 30 25 24 23 18 29 34 18 28 24 18 15 6 35 19 14 12 16 23 25 20 32 23 22 23 46 16 33 33 21 21 21 37 29 22 33 17 24 7 23 24 21 24 30 26 32 20 17 33 
19 18 36 17 9 19 33 15 37 14 29 44 32 11 17 18 17 13 44 18 25 14 12 11 17 25 12 27 14 13 20 27 26 25 27 28 30 41 28 22 11 18 29 30 17 35 6 29 16 28 22 18 17 26 26 26 13 18 20 13 29 25 30 34 12 31 26 15 36 27 18 34 31 33 23 28 33 24 20 17 14 30 21 17 32 23 23 21 7 29 
19 22 29 22 13 3 25 14 27 18 26 24 20 22 10 11 25 18 41 21 9 15 22 23 17 31 14 21 28 13 10 38 26 24 18 18 25 32 30 25 18 35 24 24 10 38 23 27 14 15 31 26 15 35 33 28 26 11 22 33 20 18 48 14 23 15 33 15 42 28 13 14 23 31 26 8 24 18 30 23 21 39 29 19 34 20 20 11 12 29 
16 26 28 9 15 11 34 16 31 15 25 25 17 15 14 11 12 18 33 36 17 23 16 13 27 38 23 17 27 16 28 28 19 19 29 17 23 26 20 24 18 31 33 22 17 25 15 23 13 21 27 25 15 17 27 27 8 19 29 29 17 20 17 29 13 17 25 16 23 23 20 11 13 44 34 23 37 18 27 31 28 35 14 48 18 20 24 13 15 29 
11 23 26 24 27 15 32 10 23 14 14 34 20 21 20 16 26 31 27 30 7 31 11 17 22 29 20 28 23 17 29 33 26 18 43 31 23 21 13 13 20 35 21 21 19 18 27 31 12 24 24 12 21 14 33 26 17 12 15 10 23 31 27 27 11 18 38 18 41 27 14 23 25 26 35 25 32 20 19 27 15 45 20 32 31 16 31 9 11 31 
21 19 26 26 11 24 17 18 20 19 20 18 23 27 9 15 31 9 24 25 21 38 10 21 11 17 27 18 26 8 18 29 20 33 22 34 26 39 43 34 17 20 18 20 26 28 24 33 15 39 42 3 18 43 29 16 25 22 21 37 19 20 27 20 16 36 28 22 19 45 16 25 18 10 15 14 25 26 18 31 26 31 22 26 30 18 30 18 11 31 
17 11 25 25 21 16 35 26 17 12 16 28 34 23 16 20 25 39 22 25 20 18 11 21 16 30 21 12 32 16 23 33 27 30 36 26 27 37 27 33 16 30 20 26 14 32 31 28 17 24 30 19 13 45 25 21 18 22 22 10 43 14 32 36 19 31 28 15 32 23 23 25 14 24 34 20 23 28 36 20 23 40 29 27 33 17 22 28 15 29 
20 21 21 22 16 15 24 21 32 12 15 22 17 22 15 16 30 19 29 24 18 20 12 29 30 40 16 19 22 20 19 24 22 31 37 33 9 45 32 18 18 21 20 33 23 32 25 20 19 50 33 21 18 29 21 44 15 12 39 26 19 33 33 40 10 19 21 20 21 36 19 25 20 31 31 18 30 28 35 31 14 34 16 30 35 31 15 23 11 23 
18 17 34 20 14 18 43 16 37 11 22 39 21 25 13 13 14 43 39 16 19 28 14 11 14 33 19 22 26 12 21 27 28 29 12 14 17 35 33 16 17 36 22 24 20 23 18 34 27 19 14 10 11 22 37 20 28 19 27 28 34 20 36 32 12 25 22 19 31 30 17 16 17 24 11 28 19 13 21 19 18 19 14 36 37 21 29 30 16 42 
20 9 18 15 18 16 17 9 17 18 33 28 32 20 14 13 18 27 17 31 20 41 22 11 12 37 33 22 26 18 23 16 30 11 25 10 30 48 31 34 19 26 27 36 15 30 20 23 14 19 17 14 13 21 28 24 20 24 26 23 27 29 25 26 26 28 29 15 9 19 21 29 21 21 32 22 28 23 11 29 19 17 25 28 30 23 30 26 14 24 
9 19 33 25 15 12 34 17 31 16 33 25 23 17 15 15 27 33 30 26 22 32 20 26 16 31 13 18 14 15 45 17 25 22 24 12 25 19 16 25 14 23 15 19 15 38 18 23 13 25 23 14 11 33 30 35 28 13 28 26 34 14 24 32 17 32 30 18 17 21 12 23 24 25 34 21 19 9 22 22 25 36 25 33 29 17 43 25 11 29 
20 18 17 28 15 13 32 14 17 8 25 24 22 22 16 20 24 19 33 37 5 31 14 17 8 30 25 14 12 10 24 23 29 21 24 27 42 36 28 20 20 47 27 23 22 27 16 26 13 30 26 28 23 29 28 34 12 18 4 21 21 18 43 16 18 29 25 20 18 16 16 31 20 31 9 20 30 28 29 16 26 11 18 42 28 15 25 23 18 37 
25 15 36 23 20 19 32 19 10 17 26 25 21 16 16 7 11 32 27 18 17 37 15 17 8 15 29 27 30 18 31 28 18 21 15 26 37 34 22 21 11 35 18 20 12 26 19 32 11 29 21 17 12 27 26 28 21 17 32 25 32 27 30 24 19 25 31 19 30 49 21 26 20 22 32 18 18 26 37 18 18 23 25 41 15 18 10 20 9 43 
6 11 20 7 23 16 33 19 38 14 41 32 25 16 20 18 38 22 41 31 18 17 8 11 6 24 23 21 16 13 27 23 28 18 23 29 40 38 26 14 18 21 26 21 18 10 30 33 13 27 35 13 15 36 30 29 7 16 25 10 22 27 28 26 14 38 26 23 33 38 15 14 20 31 26 14 32 35 25 9 11 40 23 16 21 19 38 23 12 23 
20 17 18 21 15 16 22 10 22 13 11 34 19 26 17 11 39 20 22 16 15 33 19 13 17 38 18 32 31 20 27 33 13 16 27 30 42 42 15 31 22 31 25 14 16 39 31 14 24 15 30 24 20 27 25 34 15 17 30 24 26 27 39 27 8 19 21 22 24 23 18 22 20 39 31 24 24 21 25 19 18 26 24 26 38 30 28 27 17 24 
22 16 34 14 15 11 26 9 26 19 24 31 28 24 15 13 21 28 32 43 10 32 15 24 22 27 14 19 21 18 24 17 24 27 53 16 15 30 25 11 20 42 18 26 28 30 30 38 20 16 13 18 17 23 19 36 18 9 25 15 17 24 24 15 19 24 36 22 22 29 18 10 14 19 32 25 20 21 20 29 28 23 23 24 29 13 31 23 13 34 
12 11 36 23 16 10 28 12 27 24 23 18 43 11 11 11 26 18 22 24 18 27 19 21 17 32 20 17 16 16 18 22 11 30 16 28 11 34 37 18 20 28 25 22 20 9 19 24 15 36 17 18 14 34 23 17 17 23 19 16 30 20 22 46 16 19 22 23 33 25 11 23 39 36 27 26 25 26 27 30 21 27 24 24 39 22 25 24 19 40 
15 9 28 10 17 20 38 17 26 17 24 26 30 17 15 12 19 23 34 30 14 17 11 13 24 15 19 14 23 10 17 24 10 29 23 24 37 35 26 28 18 28 10 25 24 23 26 38 7 30 12 25 19 28 30 35 26 9 25 28 37 23 33 24 15 17 38 18 39 20 22 21 24 37 31 14 15 19 31 28 19 49 14 27 33 2 24 20 10 31 
21 14 32 25 21 17 19 15 21 15 22 24 19 20 20 17 41 26 17 42 17 33 25 19 11 23 28 12 28 18 22 19 31 33 17 28 22 26 35 22 21 32 28 26 24 31 26 28 22 22 20 19 10 34 20 23 20 20 21 23 35 23 24 36 16 26 39 14 29 24 10 29 25 33 15 21 18 7 37 30 19 20 12 27 39 22 38 14 11 21 
17 18 34 22 16 22 37 20 28 20 23 26 37 9 11 14 28 21 43 42 16 17 15 11 22 20 24 27 25 11 21 30 23 26 4 27 18 39 31 8 21 25 21 14 19 20 24 27 16 19 21 30 11 23 33 35 15 14 15 27 26 25 37 16 12 18 43 11 13 21 15 24 24 16 32 24 23 36 32 25 26 28 15 33 29 25 25 32 18 25 
25 19 47 20 9 12 16 14 28 23 21 30 22 17 5 13 35 20 21 37 16 20 16 19 19 37 17 17 15 13 30 22 23 27 41 34 23 27 27 15 21 19 21 34 25 7 16 36 15 27 10 13 17 13 33 29 30 15 20 17 36 24 21 25 21 22 39 16 32 41 10 34 17 24 37 27 45 25 32 22 27 29 34 31 38 19 36 24 20 32 
26 14 34 7 15 13 30 18 28 16 26 33 30 25 10 14 30 22 15 19 11 30 15 14 19 18 23 22 26 10 23 37 45 27 46 16 25 27 29 22 27 15 27 18 21 21 16 28 22 19 24 16 13 32 30 23 24 21 18 23 35 20 23 21 15 39 29 23 29 26 18 20 16 41 25 21 27 24 20 14 11 30 29 31 23 19 16 31 15 15 
13 21 23 17 14 23 24 18 22 16 14 27 40 33 18 16 16 21 26 40 25 34 17 18 15 37 27 13 11 16 38 22 16 21 41 25 28 20 41 18 15 29 29 37 16 20 21 34 14 24 21 34 12 44 28 32 23 13 16 20 24 24 29 35 17 37 41 21 32 19 18 17 22 34 28 25 26 25 33 13 20 32 10 15 30 24 33 26 15 22 
17 15 35 12 18 14 31 14 21 20 18 24 27 32 15 18 14 30 15 35 13 30 14 27 18 17 16 18 16 23 18 20 34 24 35 16 27 30 25 24 14 29 30 25 20 27 20 36 12 16 22 25 13 30 34 29 23 15 24 23 34 20 24 26 11 17 52 16 23 35 17 25 25 31 20 22 25 30 33 15 5 28 30 8 26 28 20 19 22 31 
17 12 30 8 7 20 36 16 29 16 21 27 35 23 14 22 19 17 38 27 12 33 22 24 16 40 25 15 27 18 26 14 23 21 31 31 28 44 49 26 11 23 15 26 29 25 17 22 16 21 18 13 8 35 35 17 23 14 19 23 34 32 27 32 18 19 13 2 31 38 23 14 27 14 19 24 32 25 32 18 25 30 25 16 34 18 21 16 10 29 
7 21 32 10 19 9 32 24 20 18 30 45 24 21 18 18 24 15 24 26 16 18 14 29 13 29 22 26 11 15 40 29 28 16 37 19 16 42 31 29 12 37 19 25 19 16 27 23 17 13 32 26 20 24 27 44 24 19 26 14 24 24 22 25 10 20 26 16 36 16 10 22 17 36 23 19 34 22 24 31 34 37 18 28 21 16 34 10 24 23 
25 17 17 18 11 25 24 7 33 19 22 30 27 13 12 14 8 10 36 28 16 18 16 22 28 22 24 20 42 11 23 28 30 21 26 17 30 48 37 20 21 39 26 12 23 26 11 14 21 32 22 13 15 20 20 19 27 13 10 6 19 30 25 18 19 26 25 11 24 22 12 25 30 30 30 18 31 28 35 27 14 24 23 31 28 16 23 17 14 20 
13 14 24 19 10 17 34 16 38 11 13 19 25 12 20 20 15 16 29 36 20 31 15 30 16 26 27 29 17 5 35 22 25 19 25 19 22 17 26 31 11 42 16 29 24 21 15 24 17 21 22 29 17 23 17 14 20 22 27 24 36 25 15 18 20 27 52 17 25 28 21 9 27 30 18 23 29 25 31 18 24 28 23 24 18 21 11 27 10 22 
15 17 24 26 7 20 33 11 41 14 18 28 26 22 14 19 18 37 30 32 17 43 17 22 15 42 13 30 25 6 31 31 13 24 41 25 40 19 23 24 19 41 31 22 23 30 11 24 19 20 27 18 17 48 32 17 12 15 18 28 34 24 42 23 19 14 27 7 27 35 20 17 30 27 33 33 27 26 21 13 6 27 26 43 19 26 28 30 19 30 
25 13 23 13 12 12 28 13 29 16 20 21 35 12 12 19 28 26 27 7 15 29 17 9 32 34 27 29 8 14 36 31 27 26 32 24 25 34 42 30 15 45 26 16 14 21 30 38 25 23 21 22 15 24 15 9 14 15 16 19 38 25 21 41 16 36 31 15 20 18 22 7 11 36 19 25 39 26 21 17 28 33 30 22 34 14 40 20 15 38 
19 19 33 22 13 18 37 14 33 17 19 30 29 14 13 9 14 22 24 31 21 42 15 20 25 26 27 25 33 12 20 21 31 19 30 18 20 13 20 22 5 41 22 21 20 21 17 26 15 20 16 18 13 33 29 19 16 8 21 24 26 24 29 23 26 19 37 22 25 24 14 22 28 28 29 20 33 23 13 24 36 22 24 21 18 15 15 21 24 30 
16 23 34 17 14 12 44 17 26 12 24 34 37 19 20 19 33 29 31 23 19 27 16 12 16 17 22 20 15 11 22 42 35 41 23 27 21 35 34 19 15 29 21 24 27 19 20 25 15 23 23 19 16 20 29 33 16 4 28 14 15 21 27 19 13 30 16 20 35 30 16 20 15 39 25 21 43 31 37 23 19 33 34 36 37 19 17 19 21 16 
22 18 29 25 16 17 25 15 52 17 27 17 24 23 10 21 30 17 17 44 17 32 16 19 26 45 32 11 14 16 35 23 19 20 21 22 31 15 38 18 19 38 21 25 16 34 25 36 10 30 25 33 21 33 23 23 20 24 17 26 37 18 33 27 20 30 38 23 34 28 20 34 20 30 21 16 21 39 31 18 25 48 28 22 39 10 35 19 19 19 
16 16 47 21 21 20 32 11 34 13 19 29 26 32 8 6 36 16 18 34 22 31 11 16 19 28 26 20 20 26 34 24 15 14 28 17 16 36 39 17 15 29 23 21 23 35 17 27 19 18 23 21 19 23 40 32 18 10 20 24 30 27 28 32 15 28 18 19 40 16 25 26 13 36 14 20 29 30 33 12 22 27 30 33 25 25 27 24 16 14 
11 10 21 18 9 16 33 15 28 13 30 36 16 10 21 18 24 6 24 35 18 35 16 19 17 24 20 20 25 14 16 36 30 16 12 26 20 19 34 11 17 17 30 12 25 23 24 25 23 29 31 16 15 20 25 40 19 16 18 20 23 19 29 36 21 36 39 12 31 21 17 19 24 14 14 29 22 24 32 22 20 21 24 26 36 19 28 19 9 41 
13 12 27 23 16 17 28 16 38 14 22 21 21 26 17 17 25 18 37 31 16 17 12 24 25 35 10 22 27 17 33 33 25 18 22 10 30 23 27 22 19 37 14 21 17 29 20 19 14 30 27 17 17 32 16 27 28 16 10 24 27 15 18 33 15 17 38 27 38 22 13 32 19 40 22 24 22 24 31 33 26 33 13 35 30 20 33 23 11 43 
10 21 26 18 16 24 36 22 24 17 22 10 17 24 28 12 31 26 21 26 15 34 8 24 17 40 22 25 21 8 20 28 22 39 17 17 26 36 29 11 17 37 21 22 17 31 33 30 19 24 32 16 28 28 34 29 22 4 21 19 29 30 15 24 20 20 35 16 27 36 20 14 30 23 38 24 39 20 19 12 19 10 30 41 29 20 24 22 9 29 
24 12 34 18 21 12 20 18 29 20 23 28 14 23 20 15 37 33 37 27 15 24 21 19 25 29 24 21 38 18 28 24 29 31 27 27 30 33 32 27 26 32 26 32 26 19 16 24 16 34 26 20 20 27 28 27 14 17 24 17 18 20 31 21 22 33 27 22 36 25 5 24 20 30 22 11 30 20 29 21 19 33 25 26 40 16 32 14 16 16 
22 11 15 18 12 23 25 8 29 17 38 26 24 16 18 21 38 33 35 14 26 17 13 12 26 33 14 17 27 17 28 33 22 33 20 19 26 32 22 24 18 39 26 28 23 25 25 33 18 38 22 16 16 35 33 25 24 19 18 22 25 22 24 25 13 32 51 17 32 16 9 24 16 38 26 21 34 21 23 11 27 18 20 27 49 22 28 29 22 31 
11 15 28 28 17 17 32 9 30 19 21 24 5 20 18 16 30 26 13 37 17 43 9 18 16 47 13 29 29 18 18 24 21 30 35 21 27 16 34 22 27 14 34 24 32 34 19 33 7 30 27 15 17 24 25 26 21 15 20 7 25 23 29 11 16 29 26 23 39 16 17 17 12 10 42 30 29 34 22 24 23 20 21 28 48 13 40 21 16 22 
27 22 23 21 7 18 28 18 25 14 23 20 16 27 16 18 16 25 38 34 16 42 13 12 15 29 27 15 28 16 20 33 27 42 14 28 33 43 24 20 19 22 37 28 18 34 30 17 17 39 31 28 18 27 37 28 28 18 23 22 27 31 22 24 14 21 13 12 29 19 14 24 12 31 18 29 29 42 30 25 24 19 15 16 20 17 25 18 17 29 
17 13 26 23 10 16 40 18 25 16 21 28 34 26 15 20 18 27 29 32 21 29 18 12 18 28 18 33 29 15 30 45 35 33 23 21 12 37 33 25 20 23 29 24 27 28 24 31 16 32 30 22 19 30 27 23 19 11 19 16 30 25 34 41 12 20 35 23 21 29 18 17 21 29 20 19 24 21 21 20 32 14 13 35 30 22 22 13 19 23 
20 9 35 15 16 20 21 10 36 12 21 25 13 17 8 8 31 28 34 24 13 19 19 24 20 35 29 22 34 13 11 35 25 29 40 18 22 36 31 16 18 37 16 35 21 32 8 30 18 18 26 6 19 34 32 28 5 23 21 25 38 28 34 37 8 28 16 18 23 22 15 26 24 26 26 22 28 35 17 27 23 24 20 23 30 14 26 27 6 21 
14 21 28 8 14 21 34 11 32 15 18 16 22 21 12 15 27 33 31 35 12 9 26 27 18 25 14 17 26 15 33 20 22 27 32 31 32 18 17 23 22 33 19 31 21 25 19 19 20 31 36 21 17 34 9 27 21 12 11 21 32 23 26 20 12 31 19 11 5 31 20 21 10 17 31 15 22 27 36 27 25 35 16 35 25 14 19 26 13 22 
8 18 52 24 18 21 35 8 41 19 22 37 20 18 12 14 22 34 30 27 14 19 16 25 16 15 22 16 20 18 30 32 20 19 35 28 33 25 33 26 13 26 24 9 19 20 19 21 17 29 25 28 11 31 21 23 21 16 27 14 10 18 30 21 12 27 16 19 22 30 21 20 30 36 26 18 17 14 36 17 14 37 23 32 28 19 29 18 14 24 
10 18 35 22 12 17 33 14 35 8 23 30 24 25 20 16 24 19 27 22 12 37 14 11 6 22 19 20 33 11 15 29 14 23 38 25 22 36 20 20 20 19 25 22 17 24 27 37 11 44 13 18 19 21 27 30 19 16 20 14 29 13 28 25 13 16 37 13 37 19 18 27 17 15 25 24 24 14 33 29 19 7 23 35 31 19 20 28 12 20 
16 18 10 22 22 18 18 16 40 17 13 26 17 24 10 26 33 28 38 20 17 25 14 31 17 32 12 33 29 15 23 38 36 15 30 22 34 34 23 21 20 30 21 25 18 32 33 26 18 38 16 21 10 29 40 32 26 14 17 23 27 29 20 23 13 36 26 22 18 25 23 25 24 30 26 29 6 30 30 12 16 31 16 39 23 18 34 19 20 26 
20 15 22 30 13 15 29 16 36 22 31 28 24 28 21 20 30 25 44 25 16 19 20 23 19 38 15 23 13 17 37 30 23 11 32 17 28 39 23 24 26 38 19 14 18 39 24 15 11 27 29 11 19 29 27 22 25 15 11 21 21 16 40 25 19 26 7 10 57 29 12 27 17 24 16 33 31 17 30 24 29 16 9 21 27 16 31 12 14 25 
17 12 22 17 14 20 31 14 29 19 32 29 27 16 21 18 18 25 34 39 25 39 16 18 15 34 19 23 18 18 9 31 30 28 33 35 25 29 39 29 19 17 25 21 30 21 20 14 12 31 18 19 15 30 23 10 16 19 24 13 24 22 35 33 14 18 30 16 24 42 30 25 22 25 32 26 37 24 34 26 18 18 23 36 39 12 29 27 14 30 
17 9 39 20 17 14 27 20 27 15 12 30 21 20 14 13 17 24 31 33 25 36 24 24 12 25 27 25 33 14 15 27 37 31 32 16 27 30 17 16 14 36 18 25 24 20 16 17 18 18 22 23 18 27 35 30 15 16 15 22 32 24 43 12 11 16 15 11 38 28 20 22 18 34 14 23 28 32 27 24 30 34 19 24 33 18 22 16 13 28 
20 18 7 15 10 23 35 4 18 19 14 17 25 23 21 23 20 21 31 16 17 25 9 26 12 23 21 16 27 6 38 16 27 32 24 35 31 23 16 24 21 14 29 37 18 20 21 44 19 31 13 12 18 33 38 28 17 19 13 23 29 31 35 43 16 24 22 23 21 27 19 35 12 28 35 17 26 7 37 27 23 26 33 39 35 26 46 22 16 45 
21 13 24 17 12 28 25 12 39 12 23 29 28 13 11 23 14 13 30 31 19 23 12 16 24 16 27 17 39 15 30 23 19 30 21 22 15 32 28 17 17 29 25 29 25 34 29 28 12 34 35 11 22 16 29 15 18 19 33 21 23 25 31 31 16 22 33 23 36 22 6 21 8 24 27 22 28 24 22 27 26 27 29 31 32 20 34 27 17 39 
24 22 25 22 21 17 41 15 44 17 29 25 23 21 21 14 22 28 17 31 17 29 15 25 24 23 12 12 23 26 18 23 17 40 27 25 25 33 37 23 16 47 26 25 23 21 20 20 21 26 21 27 18 40 42 20 20 14 25 28 31 21 23 17 15 24 6 22 5 22 12 25 5 34 16 11 25 23 23 13 19 26 31 15 20 15 20 23 16 20 
18 18 34 20 13 22 30 17 19 14 23 25 13 22 11 14 25 45 22 32 17 39 18 24 24 30 18 16 35 12 23 44 34 20 31 21 21 27 38 4 19 34 11 11 18 23 15 8 15 32 18 25 14 19 29 33 16 17 25 22 23 20 15 30 16 25 27 18 35 26 14 27 35 34 32 29 38 28 47 24 19 24 23 37 40 27 31 30 7 34 
18 18 26 8 14 13 16 16 32 12 35 28 14 26 21 24 32 27 15 27 16 19 17 18 8 25 15 17 36 13 17 27 15 32 25 31 27 39 27 18 19 37 27 17 17 28 21 34 18 12 10 31 10 36 23 48 11 12 16 7 43 30 28 34 18 29 22 26 17 29 20 24 22 26 19 25 30 18 30 8 13 21 37 18 42 17 19 22 19 37 
19 21 22 16 18 20 32 16 33 19 17 27 2 18 16 20 12 15 37 32 20 20 19 32 17 34 16 23 24 17 22 13 22 33 34 30 20 27 29 29 17 49 29 37 17 34 18 27 13 31 29 18 10 25 27 30 14 17 18 19 25 29 24 34 16 22 40 14 18 14 16 27 15 22 21 13 38 24 34 16 18 25 18 35 36 28 29 21 13 35 
15 18 26 27 13 23 35 21 28 19 35 16 27 20 18 17 23 21 33 32 16 19 13 17 12 28 29 23 19 12 25 22 21 24 46 25 29 27 21 20 19 38 30 18 18 32 23 25 19 26 30 28 11 18 28 27 31 20 29 18 33 38 29 30 13 19 17 8 20 21 14 24 17 30 19 33 33 33 17 16 18 21 21 29 34 31 20 15 11 18 
10 12 28 10 11 14 31 16 32 16 18 21 29 32 17 19 26 23 28 46 16 22 12 21 16 47 24 21 22 12 22 13 24 33 35 23 26 33 28 23 25 37 22 38 25 18 23 22 16 23 18 14 14 46 32 16 15 14 30 27 26 26 29 32 23 21 28 16 19 30 23 25 26 39 11 17 35 20 33 17 26 18 27 28 29 25 25 20 10 29 
20 27 32 15 14 11 33 12 25 12 19 21 25 31 22 14 41 19 27 31 21 40 11 20 23 31 16 12 22 18 36 33 11 26 26 24 29 32 41 27 11 22 19 24 20 25 21 41 21 35 22 27 15 27 26 30 19 15 16 19 24 21 31 30 16 23 37 21 32 33 14 23 18 21 32 36 21 29 34 32 14 44 19 35 50 20 20 21 14 34 
14 13 34 26 15 18 21 18 38 18 28 34 9 24 10 17 23 33 32 34 24 47 10 22 14 19 24 28 29 13 19 10 19 38 50 25 18 22 27 25 22 34 34 16 20 25 24 21 18 27 29 19 19 20 25 25 22 10 11 20 28 18 27 20 12 38 33 18 23 16 17 36 20 21 29 12 32 30 34 17 9 39 30 35 16 23 30 24 11 30 
13 16 25 26 17 14 28 19 42 17 26 25 15 22 11 22 24 27 26 28 15 41 20 14 19 35 17 26 32 17 31 23 40 29 19 22 35 42 32 14 24 31 30 26 19 31 24 25 22 35 27 23 14 29 25 15 24 21 31 8 28 25 55 20 12 41 36 17 27 20 17 23 31 27 23 21 21 28 25 23 22 42 23 20 35 19 23 24 13 21 
23 9 22 12 16 24 25 21 38 19 31 28 19 17 17 16 10 22 38 22 13 25 19 30 20 20 19 15 35 13 18 26 33 26 32 16 32 25 34 17 16 44 18 22 30 40 20 18 13 21 29 21 11 14 31 26 25 15 24 21 27 13 22 31 20 21 34 22 35 30 3 13 30 30 24 30 26 22 39 35 26 35 31 29 34 20 18 21 18 25 
21 19 38 15 16 13 18 17 30 18 29 24 34 17 9 25 23 19 17 20 23 19 23 26 20 17 20 26 26 9 20 29 19 33 31 20 22 42 35 35 20 20 11 10 15 27 25 25 24 39 35 21 17 22 31 36 17 7 34 30 22 29 20 33 15 24 35 13 32 24 22 15 26 33 27 27 16 18 28 26 19 37 18 32 25 24 30 21 11 32 
12 14 19 27 20 11 32 11 22 11 23 24 39 24 18 13 29 25 44 31 20 27 13 24 29 28 23 24 22 17 26 29 20 36 44 35 15 34 33 19 13 34 28 23 22 26 23 16 10 25 24 17 13 30 31 27 19 19 17 24 11 17 20 19 12 14 49 29 10 10 18 27 13 24 29 17 41 19 20 29 29 10 18 31 13 19 27 18 7 26 
23 14 37 29 20 17 34 15 18 12 28 25 24 27 12 14 20 22 29 32 29 12 16 5 19 26 12 26 27 13 23 23 30 25 23 35 24 44 20 26 17 36 15 20 24 26 17 17 14 27 21 24 18 24 24 22 23 16 7 14 35 26 33 28 14 22 26 17 20 34 22 19 11 35 30 22 33 27 19 25 19 32 23 32 30 8 33 32 19 28 
14 16 16 16 9 23 31 14 39 15 24 21 27 28 15 13 26 23 27 26 19 28 14 23 25 39 14 23 21 21 18 25 30 31 21 19 44 38 23 23 25 34 16 22 23 33 27 18 19 14 27 26 16 31 28 36 31 15 27 24 22 29 30 32 10 27 31 19 17 21 16 17 22 28 30 21 18 16 49 21 22 28 24 24 24 13 46 12 21 19 
8 13 27 22 18 17 12 17 37 12 18 20 26 24 16 29 26 29 20 31 19 43 20 23 20 26 20 19 22 11 29 22 8 32 42 24 32 30 38 23 11 7 21 38 16 31 19 38 16 28 30 31 12 39 29 29 24 14 28 22 37 25 26 15 18 21 32 24 13 35 10 24 23 29 21 25 28 20 37 25 32 31 19 32 43 24 25 25 16 28 
24 22 30 22 17 21 35 12 22 13 25 17 24 11 12 21 24 33 33 34 16 33 17 19 19 33 19 26 36 15 9 22 23 19 23 19 25 41 35 14 23 37 22 16 12 23 43 39 19 37 30 26 17 30 26 22 21 25 25 16 31 29 19 27 16 9 25 10 39 28 15 19 23 39 22 17 28 29 21 19 13 29 12 33 27 16 29 31 21 37 
25 16 22 9 14 31 29 15 30 12 28 26 20 29 20 16 8 25 44 18 17 30 17 30 26 30 14 15 32 20 27 36 20 26 42 30 23 39 37 25 21 36 20 35 18 28 16 30 11 33 11 28 25 24 16 21 25 11 16 22 24 19 27 17 20 13 40 14 24 26 16 23 14 30 15 29 27 28 17 21 28 29 19 27 15 23 21 23 18 30 
13 12 45 16 11 14 10 11 37 12 23 19 19 21 9 16 20 22 30 30 10 32 19 16 25 22 30 28 25 15 23 30 17 25 46 24 23 23 36 18 15 16 21 31 23 29 5 28 12 12 21 17 10 37 34 40 20 18 21 19 36 34 28 41 15 15 32 19 26 35 21 26 28 31 27 22 25 33 26 36 16 29 25 16 35 22 28 16 16 43 
26 18 37 21 16 25 41 15 23 16 26 24 16 12 13 12 14 28 33 18 18 35 25 23 17 48 23 27 25 12 23 31 18 27 39 16 34 26 26 15 21 35 17 18 14 45 31 18 16 31 26 19 13 33 31 29 34 20 29 18 24 28 25 22 13 21 34 27 40 35 14 23 33 27 26 18 12 21 47 20 21 26 25 9 43 23 38 26 18 27 
23 19 35 16 21 7 28 20 36 17 21 38 37 25 21 21 34 26 33 25 6 24 18 16 28 40 25 22 25 17 19 31 27 27 26 31 33 38 30 23 20 24 33 29 22 37 24 25 12 29 10 13 11 21 27 37 16 19 21 26 30 37 13 33 14 36 37 13 29 15 20 21 23 26 25 22 37 28 23 23 18 36 27 15 41 17 20 6 21 29 
10 9 34 26 13 17 25 13 36 17 18 18 30 15 18 13 32 29 36 20 11 27 14 17 12 13 25 21 23 15 24 27 31 31 32 23 32 24 45 23 17 28 15 32 30 23 20 31 16 28 29 25 15 30 12 20 23 22 32 14 36 26 24 20 19 22 35 19 35 27 13 19 33 31 30 16 27 20 46 27 21 27 23 24 33 22 12 24 14 29 
23 18 36 21 11 14 31 14 17 11 10 19 41 28 19 24 25 19 24 30 30 28 7 24 19 35 31 22 32 15 48 29 28 21 22 40 31 28 11 24 16 22 23 17 31 27 21 29 13 31 26 20 15 34 38 36 29 22 11 21 26 18 23 42 16 24 36 19 19 33 10 17 30 25 27 26 21 23 28 24 23 28 17 35 44 13 42 20 15 31 
21 20 37 21 10 20 14 24 32 21 27 20 30 24 18 18 28 22 31 44 18 26 10 19 24 40 19 19 17 11 30 31 20 27 28 24 34 38 31 20 10 39 24 26 16 31 17 20 8 22 24 24 16 32 25 31 30 18 21 27 41 18 32 28 16 15 38 13 30 29 18 27 17 18 26 24 18 26 29 19 20 15 29 28 30 17 28 20 22 47 
10 18 34 27 10 17 29 20 24 15 21 24 43 16 13 25 42 32 21 25 17 39 19 19 25 23 15 21 23 17 22 22 21 33 31 24 29 33 26 25 14 48 19 20 21 35 10 29 15 25 32 6 23 28 40 13 18 13 20 29 14 21 23 34 13 23 24 22 31 27 16 21 29 25 30 22 25 19 18 25 25 33 31 19 32 20 28 22 17 25 
21 12 24 24 15 18 30 11 44 17 22 14 31 28 21 16 27 32 33 28 11 28 16 15 22 19 18 18 32 20 16 37 29 33 15 22 18 18 18 23 10 40 18 27 21 38 26 34 14 19 36 27 21 30 23 32 21 8 20 31 30 23 22 26 20 26 17 10 28 32 19 27 17 34 22 31 27 24 23 25 22 37 30 24 27 16 34 18 10 35 
18 17 15 12 5 6 37 17 36 11 20 24 21 27 16 9 14 25 23 26 16 26 17 19 21 46 36 35 36 11 22 18 30 27 46 16 28 37 33 20 17 30 29 30 17 26 16 16 14 30 35 25 18 36 28 35 10 9 24 17 27 26 25 21 14 19 20 24 39 27 20 27 3 21 26 25 28 16 19 19 17 34 13 30 16 16 35 30 14 19 
18 12 35 31 17 16 31 29 39 16 23 26 25 20 11 12 29 25 20 28 23 39 21 24 19 31 19 18 19 17 24 38 28 23 24 25 24 43 31 18 19 26 21 24 16 17 25 32 21 11 13 20 22 28 18 25 9 19 19 28 23 21 27 33 23 24 28 12 36 33 21 20 26 30 23 20 22 20 27 23 23 16 22 43 14 19 32 39 14 31 
18 15 25 30 22 15 39 13 33 19 30 23 21 22 13 12 19 32 28 26 16 20 14 19 24 34 25 29 29 18 26 40 28 31 41 30 26 32 38 24 13 28 29 20 22 32 23 25 17 20 22 24 21 24 28 31 11 3 29 28 28 9 19 15 8 29 26 16 37 32 18 27 21 27 24 26 17 18 16 27 20 21 17 16 32 19 30 24 9 24 
25 18 20 27 13 14 25 11 18 17 19 30 35 27 13 22 6 20 30 37 16 51 20 28 17 31 27 28 38 15 28 27 19 26 41 34 30 36 21 27 22 29 30 18 31 38 24 6 15 23 30 29 21 26 24 30 22 9 30 31 27 17 35 34 22 18 23 13 31 35 12 28 23 24 22 23 18 18 13 22 24 24 36 21 22 16 25 23 16 36 
13 22 18 18 13 18 35 18 32 13 21 35 29 25 13 25 38 39 17 43 20 26 18 14 26 32 24 20 16 12 22 37 25 21 39 28 21 33 27 18 18 13 19 28 27 23 25 21 19 31 19 21 10 28 30 25 22 20 16 25 39 15 26 41 17 16 38 18 28 36 28 25 26 14 17 17 23 33 31 30 26 30 23 18 26 17 32 21 17 37 
16 16 33 22 15 21 40 14 37 9 25 20 15 17 18 11 10 23 22 36 21 28 18 22 17 32 20 21 24 14 32 24 20 20 32 13 13 24 32 21 22 26 21 20 26 15 20 21 14 35 20 24 11 16 33 29 23 16 23 19 14 23 22 18 21 26 32 9 27 18 13 28 22 39 19 21 31 20 22 23 18 26 19 32 38 22 31 28 10 32 
13 7 36 24 13 6 30 12 20 18 20 19 9 15 8 5 17 21 26 24 10 15 21 21 20 32 10 14 28 21 18 25 28 28 35 32 29 27 23 23 13 42 16 41 19 43 8 30 15 3 26 21 10 20 39 37 11 16 26 20 25 13 29 9 15 30 31 17 20 10 19 27 39 22 27 35 23 26 25 22 29 31 25 29 7 18 31 25 13 39 
13 18 49 22 18 17 42 19 23 13 26 21 10 31 4 14 24 26 31 38 15 19 17 28 11 51 27 15 21 15 27 19 34 18 41 29 17 26 22 22 18 12 34 23 21 28 21 31 20 12 26 25 14 20 24 28 18 21 31 16 35 29 32 15 22 39 31 24 22 22 11 28 25 35 11 28 30 20 36 21 35 25 33 25 40 21 22 24 17 29 
20 17 37 24 10 19 48 18 33 18 27 37 30 26 14 7 24 16 26 36 23 38 18 23 10 29 32 36 27 25 22 36 23 31 41 21 26 39 35 22 16 33 30 22 25 32 27 18 15 16 14 24 22 30 30 32 16 21 22 25 27 23 12 32 12 28 25 33 35 20 14 26 17 33 34 19 42 29 29 18 26 44 28 29 10 17 30 10 9 17 
13 8 33 21 17 15 42 12 22 20 19 35 23 35 16 15 34 14 30 28 20 26 17 20 21 28 21 16 25 15 27 25 23 28 26 27 29 33 10 12 16 21 28 19 20 31 33 21 19 20 29 30 18 25 18 35 21 10 24 24 21 23 24 18 15 28 29 20 31 29 20 14 17 28 23 18 29 14 24 12 21 28 20 20 23 13 32 23 11 33 
24 13 27 24 9 14 28 20 35 11 12 41 24 28 18 15 25 28 36 45 18 31 20 18 18 8 19 26 15 14 17 27 17 22 39 33 28 19 24 22 14 49 28 9 24 29 15 22 8 23 18 13 15 45 30 22 20 15 40 33 36 34 26 32 15 16 37 16 25 23 21 25 23 19 17 35 31 24 25 27 34 20 28 22 18 18 29 35 12 34 
21 16 17 30 15 20 26 19 23 20 30 33 15 32 11 29 25 21 37 36 15 26 19 22 28 21 10 15 21 13 32 21 22 25 26 26 28 26 30 19 26 39 22 14 23 32 15 32 13 28 29 26 12 27 26 36 10 13 24 20 25 27 10 24 11 21 37 14 25 34 15 22 32 47 19 23 16 16 33 14 12 32 17 30 23 12 29 19 14 36 
15 17 26 28 16 15 43 12 32 14 27 25 24 18 14 21 25 14 26 25 21 17 18 31 21 24 21 22 26 15 17 18 15 23 31 24 22 29 17 22 18 16 23 7 9 39 25 35 19 14 21 19 15 20 30 38 13 22 14 17 28 32 30 35 12 24 42 17 20 30 18 19 29 26 32 17 24 27 18 18 28 23 27 27 23 15 33 26 17 41 
9 12 42 24 23 21 35 12 20 14 21 26 19 35 13 12 18 21 25 28 22 20 14 15 30 31 17 17 33 13 30 21 28 21 42 35 11 27 34 22 17 35 21 20 25 40 17 27 16 23 33 26 12 30 29 38 22 5 16 32 28 32 29 35 12 19 37 12 47 16 15 23 23 31 24 27 23 26 24 13 26 24 20 33 39 16 19 22 16 24 
17 25 33 23 18 17 37 19 25 5 20 23 27 19 14 20 18 17 21 33 22 34 22 22 21 11 34 25 32 7 15 23 29 15 29 31 33 30 23 19 11 23 16 13 25 31 19 33 15 25 22 39 21 37 27 15 14 20 15 21 32 18 42 18 10 19 25 22 39 25 8 30 18 29 29 25 27 35 26 21 33 43 20 29 45 19 12 26 14 38 
21 12 7 22 23 21 30 17 39 21 14 30 34 24 18 11 31 34 29 32 14 26 19 28 22 33 24 9 41 24 32 21 25 20 25 16 18 31 29 14 16 33 25 19 27 15 25 26 17 30 35 25 22 29 17 36 30 21 25 20 23 22 23 21 16 14 45 7 23 51 16 21 30 37 29 21 34 40 29 23 23 42 15 22 22 26 26 24 12 20 
16 16 24 17 10 20 33 17 26 17 29 21 25 20 11 15 31 23 36 33 15 38 16 15 21 25 24 24 19 12 35 39 27 20 32 17 24 18 24 18 15 29 28 15 15 25 24 36 16 24 31 19 11 42 31 28 5 24 20 22 18 24 28 19 14 25 37 22 25 36 23 21 26 28 26 28 16 26 42 14 21 23 26 35 42 21 29 23 20 26 
14 21 36 18 15 21 35 8 37 15 15 35 23 31 15 20 34 14 21 46 14 24 18 7 16 29 24 25 25 11 20 31 31 30 37 36 42 22 22 13 10 42 36 19 21 31 30 32 21 20 18 7 15 22 25 32 9 21 18 17 18 24 22 23 24 21 36 22 35 11 12 25 28 36 21 19 23 15 46 30 12 30 19 38 16 24 40 20 13 27 
16 8 28 13 17 17 25 9 32 17 17 32 27 24 20 21 31 29 29 36 18 33 19 18 27 16 20 27 22 18 22 22 22 32 32 30 16 30 31 18 20 29 27 28 11 41 30 32 15 23 27 25 24 46 25 17 21 11 28 24 30 30 26 24 8 14 24 17 42 29 11 20 21 27 25 16 14 14 37 23 17 29 27 38 39 16 19 25 20 29 
14 6 32 19 14 16 39 19 8 15 21 26 24 28 25 26 20 31 36 24 14 35 19 18 23 26 23 20 14 8 34 23 24 27 23 30 35 42 43 19 14 31 31 31 18 30 23 19 17 42 20 18 13 14 21 46 15 11 25 21 17 33 22 25 9 19 31 19 29 14 20 23 16 21 26 24 36 35 37 16 18 18 38 35 39 22 20 25 17 47 
21 18 32 19 11 25 32 16 26 21 25 41 28 16 15 17 32 29 31 19 15 30 8 23 19 29 21 12 25 13 18 29 36 27 39 23 15 21 44 24 14 36 20 26 22 26 12 27 18 30 16 28 14 21 19 28 27 23 13 25 32 26 40 32 10 42 37 25 38 29 13 26 19 34 23 17 44 36 25 20 35 39 17 34 30 20 12 15 11 31 
17 16 45 31 13 24 33 15 32 15 18 30 22 18 7 16 19 22 29 45 23 46 15 12 24 28 13 24 17 18 36 18 25 30 25 28 25 38 23 26 22 14 18 12 22 17 26 25 18 25 35 24 15 35 18 9 20 13 21 25 27 24 35 26 13 27 34 23 36 22 12 21 23 9 24 25 32 23 28 23 16 24 22 33 21 20 35 35 7 14 
12 21 40 25 17 19 32 12 21 13 31 13 37 26 18 16 35 20 30 15 17 39 16 19 20 33 28 26 30 17 24 20 28 25 15 24 25 30 24 19 24 44 15 18 24 24 24 41 15 30 25 24 15 36 21 31 25 24 21 32 24 24 40 29 23 13 35 19 35 24 20 21 22 22 22 20 28 32 25 27 29 39 34 35 34 20 30 28 12 24 
18 9 38 21 17 18 16 17 35 8 22 22 14 19 11 11 21 24 30 23 21 24 19 22 20 14 29 24 26 14 35 33 30 41 30 29 27 35 23 19 22 37 28 27 28 28 20 27 12 27 21 17 13 25 32 29 21 11 15 12 27 22 14 28 18 32 23 18 28 11 13 27 17 31 28 20 34 35 30 18 20 28 17 9 37 24 30 26 14 26 
17 20 30 21 20 12 36 15 43 17 17 23 14 17 15 14 24 21 9 27 14 23 12 13 25 22 20 28 26 16 33 16 21 19 42 33 26 25 25 20 15 32 28 17 24 20 16 34 16 16 13 18 8 36 24 26 22 13 14 21 29 28 26 19 11 15 31 20 26 40 15 14 14 26 19 22 28 18 27 23 29 37 15 26 33 21 15 17 11 33 
12 18 32 28 21 25 43 15 30 14 28 32 36 34 15 16 29 27 24 28 11 20 20 19 25 39 32 15 23 11 22 25 22 31 29 27 18 36 25 23 13 48 25 15 22 30 25 40 17 33 13 14 10 21 25 44 30 20 30 13 31 28 22 19 21 21 31 20 18 32 22 21 24 23 18 13 21 31 32 18 21 20 35 19 19 15 40 15 16 30 
22 18 37 16 15 19 47 14 20 21 18 35 3 16 16 7 44 21 24 26 14 32 20 22 17 29 23 24 22 13 26 36 27 17 34 24 21 38 21 26 18 42 13 27 20 16 15 14 18 21 42 16 18 17 19 21 21 26 27 20 27 19 30 26 9 27 31 21 31 21 17 12 20 18 24 30 25 12 23 29 26 38 16 24 33 26 24 29 17 26 
10 12 34 20 20 11 26 13 21 14 15 30 25 15 13 10 20 21 40 41 10 20 15 21 17 23 24 24 14 11 31 24 23 26 33 36 28 32 16 19 14 30 20 29 11 38 12 22 17 30 26 19 12 37 29 11 21 5 18 27 31 27 28 27 22 30 30 25 34 24 15 17 23 36 23 12 21 23 27 29 20 29 25 28 48 14 26 26 17 27 
15 12 43 19 15 25 35 8 33 16 29 13 12 18 14 23 34 29 44 14 16 39 11 18 18 21 27 27 22 18 23 18 33 22 41 16 17 26 30 23 24 31 35 15 24 30 23 32 14 24 27 25 15 24 27 34 16 25 17 24 38 29 39 28 14 38 26 21 30 17 21 22 28 36 31 10 25 14 32 11 22 27 11 30 19 27 24 38 10 35 
19 12 21 15 16 18 43 16 35 10 18 21 15 28 14 19 20 25 39 23 20 22 20 30 26 26 24 12 22 13 10 27 18 27 30 24 20 42 23 26 11 43 31 35 16 23 21 29 20 15 27 12 17 34 19 21 17 22 27 14 23 27 30 28 11 20 44 19 33 15 21 24 17 11 29 14 27 10 18 17 25 25 30 23 47 22 40 20 10 41 
26 15 38 14 13 16 31 13 22 15 30 26 31 19 6 12 24 27 26 35 23 31 23 8 14 28 21 23 31 10 31 24 39 17 39 22 23 37 5 29 15 34 19 19 13 17 19 16 24 31 31 27 13 47 29 19 19 19 22 31 16 37 17 27 17 15 41 20 17 27 12 30 17 25 19 27 16 4 15 15 20 27 28 36 17 16 22 23 15 24 
15 14 23 33 18 18 22 11 31 9 35 28 24 20 17 19 19 32 24 29 19 26 20 34 25 20 30 11 10 10 21 32 20 21 33 34 31 34 32 19 21 27 16 11 18 35 21 35 19 33 15 21 20 29 34 31 6 8 16 32 34 20 17 30 19 27 26 22 12 31 18 21 25 20 40 35 25 26 35 20 21 30 34 40 33 19 32 12 16 36 
30 23 29 19 19 15 21 21 24 19 24 26 16 22 14 20 20 25 26 26 21 8 15 22 8 38 19 18 23 6 29 25 28 30 31 28 36 56 35 10 26 14 12 19 20 22 9 16 19 22 24 15 24 41 13 29 25 10 19 17 32 22 23 36 20 18 31 17 19 31 8 29 10 31 28 24 31 25 21 17 29 22 31 33 22 25 35 23 20 20 
19 17 28 31 15 13 17 12 41 5 20 15 26 16 25 17 17 30 23 27 13 22 17 20 11 20 11 22 35 19 11 29 25 31 34 24 13 28 35 22 21 25 26 16 17 39 16 20 19 23 19 25 16 6 25 34 19 21 24 10 35 30 19 35 19 24 45 14 18 36 18 19 21 24 18 12 15 37 24 19 14 13 34 32 37 27 36 31 13 37 
18 11 31 16 13 22 26 17 21 19 23 21 30 19 21 18 12 29 26 24 16 14 11 27 16 30 27 32 16 16 30 22 7 15 31 23 28 19 23 24 21 50 22 27 12 29 13 12 16 13 24 22 9 27 37 33 22 16 26 31 25 23 16 27 19 23 26 14 20 16 24 19 16 41 19 19 26 18 36 19 16 36 20 22 38 9 32 32 24 40 
33 13 26 10 15 8 30 13 30 12 27 37 25 19 8 13 29 15 18 34 23 10 11 9 18 32 11 17 30 11 32 8 22 18 23 11 30 23 32 31 18 39 25 41 16 20 19 32 11 24 21 18 22 20 32 26 15 20 25 24 16 16 35 29 10 22 29 9 32 37 23 21 29 37 30 31 26 21 32 23 25 35 30 27 34 30 19 14 20 23 
22 13 32 15 15 17 28 17 30 19 27 20 19 20 11 18 27 31 32 41 20 19 20 20 17 29 30 23 23 16 35 18 35 15 46 17 19 26 25 25 13 32 17 17 14 24 16 29 20 24 8 17 18 47 31 32 28 20 16 19 25 24 27 16 19 17 33 11 38 36 21 33 26 31 22 21 26 23 23 20 31 25 26 42 30 25 36 24 14 21 
20 14 29 21 18 21 32 8 31 18 23 30 33 30 19 12 26 22 41 23 27 13 20 19 22 28 26 24 14 21 22 21 10 16 39 26 22 19 33 25 29 23 16 23 20 42 18 22 16 26 14 18 12 33 25 11 21 10 23 22 25 25 31 28 19 16 25 18 29 34 24 21 14 33 25 25 24 27 34 23 16 21 22 30 30 19 15 26 20 18 
22 17 20 24 17 15 31 13 15 8 25 24 21 16 10 13 18 20 45 15 16 38 16 11 22 31 20 26 15 15 26 19 27 18 38 20 23 25 27 21 11 31 30 18 25 45 18 9 11 31 29 21 21 25 34 20 16 15 32 34 37 17 43 28 22 24 38 19 33 35 20 22 34 24 31 22 18 23 28 23 24 33 24 28 27 25 22 26 17 22 
14 21 31 16 7 15 33 14 32 11 21 27 32 25 12 16 22 26 29 28 15 19 18 25 20 31 17 30 46 13 29 26 22 20 33 43 33 21 25 16 11 21 25 25 17 27 17 37 21 24 29 27 9 35 27 46 22 8 25 16 40 17 40 35 16 31 21 11 32 12 19 23 19 33 33 25 26 30 37 18 28 31 19 39 47 20 25 24 23 33 
11 10 24 23 9 8 25 15 20 16 28 23 24 18 11 20 10 22 37 27 21 18 15 10 18 26 25 18 35 15 23 25 19 28 34 18 37 31 27 11 14 17 29 28 24 42 15 29 11 24 18 16 15 26 28 38 23 29 26 11 16 14 30 30 15 15 50 16 29 36 12 31 18 20 26 20 21 15 32 11 22 19 26 14 15 24 26 21 17 19 
19 18 39 22 21 11 30 18 22 18 22 31 30 27 16 18 24 26 26 28 15 19 11 23 15 40 27 24 22 14 17 22 22 31 16 30 29 22 23 25 10 25 18 13 21 19 25 29 11 36 32 12 22 36 29 18 11 11 14 19 19 25 22 24 15 31 16 11 14 33 18 18 30 41 23 14 29 20 35 23 18 29 22 39 16 22 34 12 9 48 
23 15 38 23 12 23 34 16 30 12 21 18 23 21 14 11 18 35 42 33 12 19 14 19 16 33 17 21 36 9 33 24 27 17 39 32 36 33 30 18 16 34 21 25 17 38 22 23 23 20 39 16 21 30 5 26 24 2 24 20 30 22 36 23 20 23 27 24 27 32 22 18 18 37 22 19 18 19 19 30 16 23 12 36 35 20 32 11 11 30 
30 15 26 24 16 14 39 14 24 25 25 29 26 27 22 20 27 23 29 36 18 20 17 12 27 21 18 17 22 14 25 33 18 30 15 28 28 21 44 13 26 51 5 37 17 38 32 18 18 26 24 21 18 23 26 37 19 24 20 11 10 22 31 36 7 19 25 21 33 35 13 27 19 40 25 23 24 34 33 14 24 31 29 35 15 22 17 30 11 37 
16 16 18 16 14 19 33 11 29 14 21 25 11 28 14 12 15 15 29 42 27 37 12 14 26 18 21 29 26 14 31 21 26 14 33 36 22 29 41 21 15 30 11 23 25 20 5 18 22 23 35 21 19 25 21 32 17 11 28 13 36 27 23 23 13 26 9 16 31 28 14 18 16 21 24 28 32 29 35 30 17 18 21 25 23 15 22 16 19 32 
18 15 24 19 23 19 19 16 8 17 21 25 31 27 13 17 24 32 22 25 20 34 9 27 19 25 34 23 28 18 29 26 33 16 24 21 15 23 39 12 15 39 13 21 24 20 22 22 15 18 18 23 13 34 23 21 13 10 21 24 28 22 30 31 20 22 29 9 31 19 10 26 33 6 28 23 25 31 16 20 17 27 15 24 23 16 25 15 9 30 
13 21 23 24 6 9 36 19 35 20 17 28 23 31 20 22 28 29 32 29 15 22 19 25 25 28 20 23 16 16 34 14 29 24 30 31 28 32 37 21 13 22 19 23 30 15 27 18 18 43 30 20 13 27 25 17 17 13 21 16 36 25 36 12 14 19 29 20 27 40 10 30 27 30 26 28 30 8 35 19 20 26 21 27 31 12 19 22 18 30 
19 11 40 15 11 14 7 9 16 9 11 36 20 32 21 14 14 28 41 23 21 24 16 18 15 19 21 27 40 20 21 33 13 14 42 23 33 47 27 24 15 42 30 16 34 16 22 34 17 25 31 21 18 10 28 27 15 22 28 12 30 24 34 34 12 18 32 18 24 20 16 16 32 26 27 27 28 29 34 15 22 24 14 33 46 15 9 32 11 25 
16 5 9 19 22 18 28 17 27 15 19 18 11 29 8 20 33 15 28 32 9 47 13 20 19 36 20 8 23 7 27 27 29 23 22 26 28 18 35 21 23 36 20 17 27 31 12 20 18 31 22 24 13 24 18 35 26 14 24 18 8 21 30 24 16 23 40 16 22 28 17 30 12 26 24 19 16 16 22 33 17 23 31 28 23 21 7 27 17 29 
27 10 11 14 15 16 34 15 36 21 33 11 38 20 10 22 23 28 7 22 14 26 11 26 15 30 9 18 28 16 16 13 19 14 20 34 23 32 22 16 13 34 16 26 29 41 16 26 20 29 28 23 14 22 30 22 19 11 22 22 50 24 21 37 17 23 20 15 31 24 16 26 21 30 19 26 32 30 31 20 26 15 22 36 28 14 31 17 17 38 
19 13 31 27 17 9 35 16 26 18 25 16 25 13 11 9 31 23 39 33 22 37 14 22 17 32 25 28 16 13 27 19 28 33 35 27 36 29 22 10 18 40 17 31 8 22 25 30 17 18 23 18 11 30 23 25 23 15 29 22 38 26 30 17 14 21 26 17 32 31 12 14 31 28 21 15 21 43 30 21 25 28 17 21 22 15 18 25 16 30 
17 16 38 17 21 22 38 16 17 15 28 25 20 22 19 16 22 27 20 22 22 35 10 13 26 19 23 34 23 11 29 28 22 16 35 30 18 23 23 20 17 21 29 25 24 33 28 22 15 21 22 28 18 21 19 30 17 13 26 30 30 34 37 23 11 15 26 18 30 26 19 30 16 21 27 18 31 24 23 30 9 21 23 39 32 17 8 14 15 35 
16 16 21 16 20 22 22 18 26 10 25 26 38 18 17 25 28 30 13 27 17 27 17 21 19 39 19 29 18 15 33 24 27 23 43 39 24 38 31 6 21 13 22 17 28 31 23 45 12 24 19 14 15 36 22 26 23 17 18 12 30 20 32 37 14 27 22 22 30 28 14 16 20 34 33 18 34 35 30 20 26 40 17 26 39 19 43 18 13 35 
17 18 38 27 13 20 30 13 18 13 19 47 22 24 11 16 4 15 22 26 17 26 19 30 16 33 5 17 18 11 5 35 30 28 36 20 19 28 32 15 23 26 11 22 19 31 24 28 21 20 18 22 10 34 29 19 27 15 29 14 30 25 33 30 15 41 11 24 32 23 18 36 7 18 21 28 31 32 26 27 26 15 25 34 41 18 20 27 14 19 
20 18 36 19 10 20 20 8 31 18 28 16 21 23 7 24 23 16 42 19 22 35 10 19 16 24 19 22 27 19 31 24 17 29 34 22 27 33 27 15 18 39 27 28 19 27 26 30 19 22 31 28 20 36 38 16 16 15 18 6 27 23 34 24 16 28 48 16 16 23 10 15 30 30 19 22 36 18 21 16 20 14 20 36 32 11 22 20 14 8 
20 13 41 24 17 11 27 19 25 21 19 23 18 23 18 4 26 27 16 30 14 30 17 1 31 32 27 14 33 13 26 26 13 12 28 23 24 41 23 20 9 35 20 14 12 35 20 26 12 27 24 26 15 26 30 32 28 15 28 22 33 23 15 28 20 17 22 17 37 25 17 25 24 30 33 24 34 27 36 16 21 29 21 33 33 17 35 15 14 33 
10 14 41 17 14 27 23 12 36 19 11 22 20 22 11 24 32 29 16 15 19 15 14 22 30 23 22 28 34 15 36 25 33 28 28 26 17 38 25 21 22 34 26 15 22 32 19 32 15 21 20 21 15 23 22 22 20 25 21 24 23 22 21 29 17 23 23 10 24 22 4 26 17 25 28 15 34 23 40 33 21 24 29 39 20 20 30 19 14 28 
23 17 40 12 13 24 38 13 31 16 19 20 14 26 15 17 23 39 37 25 8 35 13 22 15 38 16 13 22 13 35 23 28 19 28 22 10 42 38 20 19 34 19 18 23 18 27 19 16 20 26 14 15 37 38 49 14 15 21 22 33 32 25 29 16 15 37 23 38 32 16 17 23 29 7 28 32 18 22 23 12 32 14 24 25 25 22 25 17 38 
17 15 26 24 13 13 43 8 34 19 17 21 28 29 14 17 16 21 28 41 18 24 16 24 21 30 25 17 31 17 31 28 31 15 23 20 30 22 32 24 14 22 20 29 18 25 29 23 17 30 6 26 14 33 34 13 23 17 26 16 39 32 22 39 18 23 32 18 34 25 20 21 23 12 34 29 19 19 26 28 16 21 6 35 41 13 30 24 8 28 
9 20 27 22 14 12 20 8 42 17 22 29 32 25 13 7 33 43 16 32 18 29 14 17 13 4 17 10 33 22 18 39 20 28 30 27 30 34 41 28 16 33 17 23 24 31 21 23 17 40 23 15 8 24 22 24 23 19 22 21 26 23 22 41 18 24 31 21 22 24 19 28 24 28 26 29 29 37 20 13 33 23 29 25 47 17 21 21 22 39 
15 13 20 22 17 21 33 16 29 14 27 22 18 10 14 22 21 13 32 45 13 30 13 14 27 22 32 23 37 18 22 20 24 15 11 26 36 37 25 22 19 20 21 29 17 23 9 39 20 31 16 23 18 32 39 36 19 20 19 34 14 19 40 32 20 19 30 23 24 32 16 12 18 30 25 27 20 23 26 18 35 26 21 28 27 23 14 30 10 42 
19 13 43 20 18 13 35 11 24 15 20 29 30 10 15 4 19 20 19 29 28 21 22 16 27 29 16 28 30 10 13 23 19 29 26 28 19 19 29 27 12 23 25 20 19 4 31 26 17 24 20 15 17 17 34 35 36 18 26 19 36 24 31 29 22 18 19 14 31 31 17 22 11 28 33 24 30 29 31 30 12 18 21 32 22 20 34 18 15 35 
10 8 30 12 21 11 34 17 31 14 19 35 20 15 15 18 25 32 12 30 21 39 25 17 26 34 21 19 34 22 20 13 31 34 23 28 26 9 30 11 12 31 26 27 20 19 26 43 15 8 24 28 23 23 43 33 22 17 24 18 23 17 42 29 14 24 19 21 13 19 25 23 23 25 27 9 18 14 27 28 20 35 21 26 32 19 24 34 10 29 
10 10 28 11 17 11 36 14 30 16 23 19 30 18 16 26 22 13 18 25 22 33 19 19 26 19 23 11 37 22 23 18 17 14 30 26 26 42 25 20 19 21 21 10 29 29 25 23 14 28 26 20 14 22 27 23 21 14 26 22 31 31 33 22 20 15 42 20 21 20 23 21 11 14 29 28 24 24 28 19 20 23 22 38 43 25 27 16 18 28 
22 14 26 22 16 14 31 19 19 14 16 26 33 29 20 10 10 21 36 38 29 13 14 21 11 32 24 24 13 6 19 25 23 23 25 33 36 18 26 20 24 30 22 35 32 35 20 16 21 28 29 25 15 36 31 26 29 22 25 19 25 25 21 17 21 4 35 16 34 30 23 20 34 26 37 31 31 30 23 33 27 31 26 24 38 14 27 24 18 27 
22 13 37 21 17 13 42 6 33 22 25 14 20 25 23 29 30 30 41 21 15 25 15 21 23 22 14 30 23 15 33 39 28 21 44 24 20 29 30 25 21 30 19 22 13 31 27 30 16 24 23 18 16 41 32 26 11 11 18 20 30 21 28 24 24 31 35 21 26 24 21 16 31 44 23 25 24 22 23 25 30 30 21 33 31 16 23 31 15 13 
19 12 23 21 18 27 26 13 20 29 21 24 15 14 19 17 19 26 31 23 16 27 17 20 10 26 19 22 7 12 28 20 32 26 40 29 28 40 24 20 13 33 28 35 28 30 23 12 6 39 31 10 14 13 20 26 21 19 17 22 25 27 29 22 19 18 29 18 21 24 22 24 28 31 33 12 7 26 15 19 10 26 21 25 38 13 41 21 8 30 
14 16 28 29 14 18 29 10 43 21 25 32 34 28 19 12 31 22 29 29 25 30 18 23 13 23 24 11 34 15 29 26 35 18 41 24 24 33 31 11 16 34 23 30 18 32 22 30 16 32 23 18 12 24 25 29 23 21 34 33 38 24 34 34 19 31 42 21 22 25 12 18 20 30 24 12 22 14 43 30 16 29 27 36 22 14 29 17 18 29 
17 13 31 20 19 17 36 16 21 14 22 24 17 15 21 24 20 26 11 24 16 25 19 29 16 22 20 30 26 9 32 15 22 25 23 24 28 30 19 17 22 37 34 29 22 29 25 40 14 25 24 18 14 43 34 15 20 18 26 35 35 26 19 19 12 22 36 27 31 18 23 26 27 29 24 30 14 19 32 20 27 21 19 28 44 20 35 21 10 26 
14 15 30 26 10 6 22 9 34 16 22 25 18 17 18 16 35 15 16 33 25 26 19 15 20 20 26 20 23 11 21 18 27 25 39 27 29 30 28 19 15 26 24 22 29 20 26 33 16 20 20 12 16 43 23 38 24 11 20 19 12 13 21 20 15 26 36 21 18 34 14 29 25 44 38 23 23 14 18 31 21 23 24 21 19 9 22 26 13 22 
21 17 26 18 14 19 29 10 34 14 19 25 25 19 8 20 19 18 44 18 19 29 17 19 9 28 16 10 32 11 31 16 17 23 13 14 38 27 38 13 26 43 20 30 33 20 29 14 16 17 30 31 16 33 27 29 19 19 25 26 20 26 32 24 16 36 35 17 16 30 12 21 20 22 30 18 28 19 26 25 22 24 26 25 33 23 28 17 14 30 
20 16 27 17 18 14 8 14 33 12 25 30 29 18 15 18 29 25 22 27 18 25 11 32 17 29 27 31 17 16 36 26 27 39 25 24 24 14 32 17 12 4 25 30 13 24 26 19 21 24 10 32 18 33 37 20 21 24 28 17 30 30 38 24 22 8 33 13 39 17 7 27 24 33 19 22 13 35 15 16 15 37 28 37 21 28 17 14 15 42 
22 16 37 12 13 14 36 8 31 16 24 29 16 18 16 16 31 30 27 19 17 25 13 20 24 22 30 24 28 21 13 27 33 18 17 20 33 6 31 18 21 19 32 21 25 29 26 32 18 34 22 28 13 21 11 29 25 8 16 15 9 17 20 23 20 27 23 20 35 33 21 23 28 24 23 22 26 27 26 32 15 30 24 29 28 22 16 26 19 27 
20 21 32 19 17 10 20 14 26 19 26 26 13 18 16 21 32 30 29 19 18 40 18 16 21 43 20 24 29 24 31 24 16 15 17 24 35 41 16 16 19 26 15 25 21 28 32 33 14 38 20 19 24 37 21 24 24 18 24 20 29 14 21 27 10 27 34 9 20 21 26 27 25 30 42 14 38 28 38 20 28 24 18 21 34 19 38 30 16 22 
20 15 32 22 7 19 30 19 26 16 29 21 16 24 16 15 22 37 33 28 20 23 18 24 18 33 23 13 28 18 25 24 27 47 18 21 22 51 30 25 24 37 26 24 38 37 13 18 17 18 22 20 11 36 30 27 8 11 25 19 23 10 28 25 15 22 15 14 29 26 19 15 28 39 18 20 17 12 24 25 25 30 25 17 45 14 19 17 17 26 
17 16 20 22 17 21 24 16 28 18 20 27 13 12 15 22 20 19 34 28 26 29 19 29 22 25 27 16 34 20 30 20 36 34 32 27 29 26 12 20 21 12 32 24 22 30 25 31 16 19 15 22 15 30 22 29 16 12 18 28 29 15 32 18 12 29 31 24 37 27 16 27 27 27 24 16 14 15 23 20 22 15 20 23 32 15 18 21 18 22 
6 9 26 25 15 11 24 13 44 11 22 28 32 19 15 18 20 24 36 27 11 29 16 17 5 27 26 20 29 14 31 20 32 30 29 29 32 38 15 22 18 15 21 28 10 29 21 11 15 22 22 15 26 40 22 11 27 21 20 16 25 24 38 31 18 18 6 20 29 30 17 23 19 30 20 24 33 21 9 21 21 31 24 31 22 12 20 17 15 23 
19 8 26 17 16 14 34 24 25 14 22 29 30 26 22 10 21 16 44 52 17 46 19 24 11 23 29 27 12 12 16 23 17 32 20 36 27 37 9 19 15 45 30 31 32 20 18 38 22 27 24 25 20 35 28 40 31 13 21 30 12 19 24 47 10 20 44 18 27 26 15 16 15 26 23 18 37 23 28 20 28 22 20 30 26 16 30 26 22 28 
17 18 20 15 15 15 29 19 28 12 17 22 11 22 11 12 12 28 30 38 16 16 21 17 15 37 26 25 35 22 34 25 31 31 32 27 23 12 30 22 22 28 22 31 25 18 28 23 12 33 15 24 15 25 28 31 19 19 28 17 29 19 14 40 12 25 32 19 24 24 14 11 21 26 23 18 38 30 33 23 13 20 33 45 17 18 34 18 19 31 
13 14 18 20 17 17 28 17 37 25 24 18 22 23 20 18 23 31 23 28 20 37 17 18 19 44 21 15 16 15 31 11 16 14 32 37 43 17 25 23 14 30 21 20 10 23 16 32 19 22 23 20 15 23 20 30 17 14 19 21 32 31 34 29 21 33 29 17 26 16 21 15 17 5 27 30 32 39 17 10 24 49 8 23 44 23 32 18 12 22 
13 19 28 17 19 16 31 21 21 19 22 9 25 16 17 17 26 13 35 34 23 28 21 37 28 36 17 9 15 11 24 25 33 12 26 26 38 42 26 19 15 31 23 24 17 28 21 14 17 31 31 17 14 25 22 21 11 12 27 29 21 17 19 17 18 15 34 18 24 44 20 38 20 29 23 26 33 19 23 30 17 39 21 33 15 23 31 22 14 34 
16 18 26 15 12 25 35 24 33 16 13 24 18 17 20 19 19 24 34 27 14 22 8 26 22 24 16 24 22 15 23 18 27 34 26 15 31 41 23 19 12 9 23 15 17 29 15 26 19 28 24 9 17 29 19 31 17 19 20 20 20 19 33 31 14 39 38 24 30 32 20 25 13 26 26 27 23 30 26 27 25 24 19 37 24 18 23 31 19 36 
21 17 33 21 16 24 46 14 32 14 25 32 25 22 17 17 23 20 39 31 17 27 19 17 22 28 19 20 29 12 18 17 23 23 42 44 28 20 38 29 21 23 17 13 24 38 25 34 17 26 30 15 16 31 23 33 20 14 11 16 34 16 26 30 16 18 32 16 21 34 12 31 25 3 28 35 23 20 47 23 23 22 34 34 30 19 18 10 10 38 
16 19 35 24 10 11 20 10 36 12 17 24 20 24 16 24 19 18 38 16 19 28 10 29 35 23 19 25 21 14 26 36 29 29 27 30 30 28 25 18 19 28 21 27 14 27 25 15 20 37 18 17 16 25 31 20 16 19 23 21 28 25 19 12 22 37 17 18 41 26 25 24 17 25 38 27 40 18 43 27 16 17 20 39 33 25 23 37 16 30 
12 18 27 19 9 15 23 12 16 10 15 11 26 18 14 11 13 27 25 25 23 26 18 21 21 27 19 9 24 15 32 31 27 27 13 39 22 38 22 28 11 49 28 31 26 25 22 21 11 30 24 20 19 21 17 29 30 24 26 23 49 34 30 23 19 19 33 18 25 32 29 16 8 16 30 35 1 36 16 22 26 23 25 26 28 20 20 20 14 33 
10 10 31 25 11 9 26 22 13 17 17 35 19 18 18 8 20 23 20 31 19 28 12 7 19 37 13 14 23 12 45 22 23 27 53 20 19 35 25 17 25 42 20 25 26 17 25 33 22 37 20 26 20 23 15 23 25 10 31 35 34 25 13 36 13 25 28 19 22 25 11 24 25 22 33 23 17 20 20 23 9 26 18 32 43 21 24 27 12 48 
19 17 49 37 22 16 7 21 23 17 22 22 37 19 12 18 30 30 40 29 16 21 16 24 9 16 23 14 21 17 23 37 16 32 33 39 25 36 34 20 16 16 31 26 14 31 26 20 14 34 23 13 18 27 27 25 17 12 28 24 28 19 24 26 17 27 25 22 27 29 10 32 22 23 24 23 32 25 35 30 21 29 17 25 31 14 24 30 20 32 
24 21 30 24 22 20 35 19 20 12 19 25 19 21 12 17 12 20 21 27 24 39 9 21 18 38 14 21 26 15 19 8 27 32 22 24 24 29 33 21 15 27 32 30 25 28 22 21 17 34 28 24 9 23 26 16 27 12 11 28 42 15 26 19 11 23 30 10 19 24 17 24 21 39 37 27 40 19 18 27 18 33 19 19 36 18 18 23 12 28 
19 9 30 22 15 23 17 13 30 19 15 24 18 20 19 16 17 14 26 29 14 34 10 26 6 21 16 13 21 6 28 28 20 24 26 33 20 24 21 23 16 29 27 11 12 29 19 30 18 15 23 24 17 15 24 46 24 16 30 21 14 20 18 27 23 19 14 22 19 37 15 30 15 44 28 17 23 19 19 27 16 22 25 34 24 26 30 16 14 21 
23 21 55 16 14 21 26 4 12 20 19 15 27 21 21 23 12 17 19 34 18 7 16 18 12 13 18 25 24 15 16 24 23 32 29 36 41 16 23 11 17 28 26 32 20 22 27 28 13 25 19 28 16 23 34 36 24 29 29 37 15 28 23 34 20 19 45 14 24 35 20 24 28 23 17 11 33 17 23 29 25 21 19 28 27 18 21 33 15 28 
8 14 22 22 17 11 18 15 27 14 17 33 24 27 9 18 22 25 43 39 5 19 18 24 27 31 14 33 5 16 15 24 9 15 40 25 32 26 32 18 22 26 14 25 18 39 23 38 12 22 29 20 21 31 33 23 20 24 13 15 29 27 30 36 3 27 24 16 31 35 27 10 32 35 16 22 28 25 33 21 14 36 25 26 28 25 30 23 8 39 
13 19 39 14 23 18 34 19 37 17 17 21 21 23 12 23 19 27 32 14 15 31 19 16 21 30 18 26 31 13 38 36 19 10 34 35 27 27 38 22 21 28 31 23 16 17 25 34 12 21 26 23 12 24 27 33 20 24 25 23 21 20 24 27 20 33 23 14 44 27 16 18 18 24 33 23 41 22 19 23 24 33 25 16 31 25 29 17 20 25 
25 20 21 25 13 20 39 16 30 10 24 17 28 23 11 18 29 25 22 37 19 18 18 18 15 27 24 17 21 15 27 34 15 25 18 22 10 42 33 21 17 18 19 37 26 40 22 12 22 22 9 13 16 25 37 22 21 25 27 22 38 15 20 25 18 30 43 11 40 24 16 20 24 47 21 28 37 21 23 28 26 15 21 26 29 16 28 29 14 26 
17 18 25 26 15 16 26 18 28 16 23 25 28 26 15 17 10 33 30 28 14 20 18 23 20 31 21 22 32 13 15 33 19 35 32 19 23 39 13 20 18 31 34 17 16 31 21 31 22 23 18 15 12 31 25 48 12 13 8 26 30 16 20 23 10 32 23 17 16 31 23 28 32 29 22 22 38 37 29 22 17 32 27 27 36 17 20 14 11 26 
13 21 43 24 13 14 29 17 34 17 27 27 23 21 15 18 20 26 37 35 24 24 15 8 15 29 25 20 24 14 39 23 36 33 18 26 29 38 43 12 21 32 36 32 17 16 10 40 14 21 15 17 12 28 36 32 17 10 40 22 33 20 28 33 20 28 21 13 24 28 14 27 11 30 24 19 30 37 34 14 23 31 27 28 33 21 34 17 11 30 
18 19 40 14 16 20 29 11 33 24 17 27 32 17 15 16 19 31 32 31 15 18 16 24 28 34 24 35 27 22 34 27 21 28 38 25 29 27 22 17 14 35 29 20 27 34 20 31 14 28 17 31 15 38 31 29 22 18 14 26 35 22 30 31 21 18 31 20 29 26 22 21 22 33 26 18 18 6 33 29 30 33 18 31 36 17 35 22 18 13 
18 13 35 26 13 13 26 16 39 19 25 15 17 20 10 19 23 28 27 24 7 24 16 17 22 40 26 15 30 15 22 16 24 28 42 37 31 28 36 27 18 43 25 29 24 26 15 23 17 21 19 20 13 27 22 22 14 19 27 25 21 18 35 28 17 21 37 15 23 11 22 26 16 14 19 21 17 26 21 22 23 36 21 37 36 21 41 21 19 24 
9 13 29 13 11 17 19 16 32 21 13 39 37 9 14 21 23 36 28 30 16 32 16 18 20 22 21 13 27 8 17 28 15 37 21 22 21 28 28 21 14 31 10 19 12 24 25 25 8 15 16 25 19 41 30 25 9 19 26 21 35 34 12 33 7 22 31 32 31 28 16 17 32 32 26 19 27 21 26 27 29 26 18 16 29 14 22 17 17 23 
14 17 30 31 14 16 30 17 31 20 18 30 29 18 16 25 15 17 36 24 16 19 16 19 18 38 27 23 17 21 13 29 30 32 17 30 26 29 33 21 15 40 25 34 27 14 17 23 12 39 27 23 18 20 23 34 14 17 22 15 27 26 28 25 20 22 24 20 14 16 16 17 25 21 32 24 33 23 14 16 17 17 12 20 26 15 37 23 14 43 
19 15 23 18 18 22 27 18 25 16 18 19 16 13 15 10 26 42 28 28 12 30 13 7 14 32 21 21 31 14 10 14 30 29 16 33 23 31 23 16 28 23 20 13 24 21 24 13 10 25 28 16 20 37 20 49 19 5 30 23 48 14 21 21 12 21 44 18 32 34 17 23 21 19 19 33 20 31 35 16 21 32 24 24 19 8 14 24 16 30 
21 9 35 25 17 27 46 11 24 17 20 26 23 20 17 19 22 26 35 25 15 9 24 22 24 19 22 25 33 21 22 30 22 13 31 21 21 28 34 23 24 39 20 22 20 23 27 21 16 29 15 21 19 28 22 27 14 11 24 32 18 25 26 9 17 19 34 26 30 27 28 19 26 27 31 26 24 30 26 35 20 21 20 24 32 16 21 24 17 31 
18 10 22 15 20 18 24 12 28 16 32 17 18 17 11 22 21 30 34 30 18 22 16 11 15 21 23 16 30 16 30 21 27 21 33 22 27 13 42 11 15 6 17 19 29 29 20 35 21 27 20 18 12 40 15 31 15 19 14 24 28 20 21 29 11 19 39 10 38 37 18 21 23 22 26 32 27 33 31 25 27 30 21 29 35 19 28 28 16 25 
18 13 17 15 18 21 23 17 25 15 19 34 25 27 14 21 38 7 18 32 14 22 15 15 24 35 31 10 37 13 36 28 25 20 29 30 24 45 34 18 15 38 25 23 22 28 24 30 18 35 31 24 16 28 24 36 24 18 25 28 40 19 28 5 19 17 22 14 31 29 14 20 16 27 22 18 20 29 35 25 25 22 27 42 24 13 35 23 7 30 
25 18 21 22 15 17 19 19 17 12 21 24 17 13 10 22 34 27 27 44 18 32 23 26 19 17 24 28 34 17 35 18 13 28 31 16 30 24 34 13 16 37 31 29 22 18 28 38 12 13 15 20 14 27 26 24 24 21 18 18 43 24 36 24 14 18 21 23 31 17 27 21 18 28 24 31 34 18 24 15 23 19 16 34 20 19 23 15 14 27 
18 15 23 27 17 20 35 19 38 17 16 35 31 19 18 30 25 36 32 13 5 36 14 16 13 23 14 20 35 19 41 28 35 26 36 25 24 27 24 31 20 24 26 21 34 33 35 17 15 23 23 24 12 29 15 26 32 13 17 24 37 17 18 21 16 39 11 21 33 31 18 13 17 28 34 17 37 32 38 29 22 41 17 30 29 28 37 18 19 15 
19 14 25 23 16 27 35 13 11 5 24 5 26 27 10 12 16 33 46 30 15 35 21 20 22 37 26 22 12 17 24 35 21 37 56 33 31 39 19 18 18 37 15 38 23 40 20 25 14 35 26 23 11 23 33 29 16 15 30 21 19 21 28 32 18 21 19 18 31 23 13 29 23 29 34 27 25 28 38 20 34 32 25 32 28 8 27 23 16 38 
25 18 41 16 15 24 24 19 22 15 15 33 27 23 16 12 23 32 27 32 12 31 17 23 23 30 30 21 37 16 16 24 31 34 27 7 32 29 28 30 18 33 25 24 26 18 21 27 14 30 29 18 8 27 32 15 16 20 20 19 23 24 22 18 15 29 36 20 24 30 16 20 26 15 42 26 26 26 25 28 19 43 22 43 26 14 31 21 12 36 
17 16 26 13 15 26 23 7 41 12 11 22 11 26 20 21 26 5 36 33 19 23 13 16 23 28 33 26 30 20 19 25 39 32 26 42 13 22 24 30 11 26 16 34 25 18 19 17 15 29 29 20 16 33 23 16 26 17 29 14 28 15 42 27 18 35 28 18 42 37 13 28 7 35 31 23 26 25 31 26 25 36 28 38 36 17 42 17 17 20 
27 18 27 22 18 20 42 9 30 16 16 17 30 25 20 10 20 20 25 20 20 23 20 30 25 38 11 21 16 12 16 19 12 14 27 27 43 41 30 19 16 39 30 23 14 31 20 30 18 27 19 14 17 38 30 23 19 14 18 20 32 26 32 27 19 32 29 13 31 23 15 29 21 34 39 26 21 27 30 25 10 17 25 23 38 14 25 20 19 26 
19 16 22 27 18 21 31 11 22 12 25 19 25 14 17 22 18 16 34 26 16 21 16 26 23 11 19 16 18 18 24 25 12 30 42 18 23 23 28 15 17 39 27 22 14 27 17 22 14 28 20 17 18 33 26 38 29 16 26 27 22 10 25 17 11 28 30 15 33 39 13 28 29 21 32 21 30 29 24 29 36 22 23 31 31 20 25 27 18 40 
21 15 30 15 18 20 23 12 21 10 23 25 36 16 13 22 20 20 31 29 25 27 16 22 12 34 8 7 28 14 27 18 13 31 3 25 39 36 30 26 24 39 28 32 18 22 21 32 23 26 29 28 7 32 20 20 26 9 26 29 27 24 22 39 16 30 36 18 34 17 13 31 25 26 21 25 20 33 38 25 20 31 18 40 37 22 44 20 19 18 
28 11 41 25 16 17 22 14 27 15 22 29 22 17 13 20 30 33 31 37 21 19 11 16 20 33 15 19 17 15 27 26 17 20 46 24 28 23 29 28 14 26 20 27 23 26 13 27 7 20 30 27 16 22 35 35 28 16 22 22 37 22 30 41 16 24 32 19 44 28 13 27 15 32 16 23 22 17 14 25 36 13 33 32 21 21 26 27 14 26 
27 15 31 21 10 15 32 12 25 15 35 31 15 20 8 11 26 21 44 37 16 46 19 25 14 26 15 17 33 21 23 37 22 27 22 9 28 28 33 22 16 20 22 23 19 23 20 22 22 34 30 24 21 16 19 32 10 19 17 23 21 34 25 29 12 28 38 11 39 30 12 23 25 30 32 21 28 28 41 15 28 29 23 26 37 15 38 23 16 27 
21 15 15 7 11 13 30 15 12 11 26 17 25 21 7 15 33 25 27 24 12 32 13 14 22 27 24 14 25 18 27 21 22 25 24 22 20 24 19 2 12 26 8 27 24 22 31 20 16 13 18 17 15 38 23 30 32 19 24 38 21 24 23 41 9 22 24 19 24 28 15 34 20 19 18 23 21 22 35 24 29 27 19 52 26 21 31 20 16 34 
15 19 26 22 17 17 31 22 26 16 16 29 11 24 21 10 24 28 31 31 18 16 12 24 17 27 18 24 15 20 29 31 27 26 24 28 27 25 33 20 14 31 36 22 23 23 27 36 15 24 10 19 18 36 31 20 18 12 17 25 18 21 13 16 8 10 28 13 30 23 29 21 26 24 29 18 30 19 27 18 12 42 22 30 24 23 30 23 12 22 
21 21 24 20 16 15 33 13 32 17 24 48 37 23 13 27 33 27 23 30 19 45 20 30 20 23 22 17 22 23 5 21 26 22 17 25 11 29 28 33 9 30 22 26 16 17 26 10 11 28 33 31 13 25 35 32 25 17 16 25 44 16 21 35 22 20 23 28 27 40 9 33 20 29 29 30 26 29 28 12 21 25 27 27 47 20 35 21 22 40 
18 14 39 29 18 14 33 15 27 10 24 31 23 21 23 9 27 27 22 37 23 35 12 7 24 27 18 19 26 18 32 17 34 23 39 35 23 14 17 8 20 29 15 26 21 36 6 33 22 24 31 14 19 30 28 26 21 20 25 22 38 23 15 37 15 31 19 13 22 18 23 27 22 30 25 26 30 25 30 18 20 24 18 12 34 17 26 25 17 40 
15 11 40 11 18 12 31 8 24 17 20 31 18 19 16 17 22 23 23 17 22 31 16 16 17 40 28 9 22 10 26 30 38 17 42 21 33 25 29 30 15 43 29 18 17 28 23 33 14 23 31 15 19 31 25 27 18 24 28 20 34 13 30 16 20 15 27 16 36 25 8 25 29 33 16 29 36 25 24 28 15 38 21 20 29 21 28 20 19 35 
9 7 25 16 18 11 15 17 36 18 21 20 17 27 25 23 23 29 25 31 20 20 20 25 20 20 28 21 24 18 14 26 25 42 13 26 24 30 56 17 10 44 26 27 12 19 22 33 18 28 29 11 14 16 29 33 33 21 20 23 23 28 24 22 14 25 40 23 33 17 8 9 29 18 34 32 19 23 30 29 10 25 34 22 38 13 34 23 9 19 
14 13 31 25 20 21 35 21 19 14 32 25 33 31 21 14 26 22 39 26 10 14 17 21 27 26 20 23 26 17 28 31 27 22 20 17 36 43 26 23 19 36 23 30 23 9 30 36 19 30 28 26 11 27 27 15 22 22 22 18 26 13 33 24 17 26 37 16 16 31 15 23 25 27 30 26 35 22 30 26 34 18 14 23 40 23 20 15 13 20 
19 10 12 15 14 14 28 20 23 14 26 32 35 17 13 17 7 22 38 32 20 27 17 18 9 29 22 20 41 18 33 25 31 13 29 26 12 39 29 26 17 52 22 39 19 36 23 21 16 13 19 25 22 29 31 33 25 20 18 30 25 19 31 26 15 32 40 9 29 19 19 27 20 17 20 19 25 24 15 20 25 19 22 40 29 9 34 25 14 22 
16 19 34 29 11 13 32 13 24 15 15 27 21 22 6 11 16 16 30 39 11 23 24 12 12 34 20 16 34 15 31 41 25 28 36 26 30 26 20 19 13 20 24 38 28 33 34 24 25 34 14 20 21 35 26 32 23 12 13 26 24 13 27 30 16 19 35 18 24 26 18 35 20 30 30 27 17 33 35 10 29 32 22 35 36 20 24 20 15 16 
2 21 32 11 20 14 29 13 43 21 19 17 21 21 17 17 25 32 35 35 21 30 8 18 25 34 21 30 27 13 19 22 35 22 23 23 21 25 40 24 16 25 20 35 27 26 17 34 11 41 12 14 15 26 27 27 2 18 23 12 29 18 24 22 21 25 27 12 42 25 24 28 18 22 29 12 33 26 29 22 20 34 22 29 29 29 16 14 19 26 
21 13 46 4 14 5 32 20 36 13 16 38 22 1 20 12 29 36 23 44 19 28 16 17 22 19 25 21 21 11 25 33 15 33 21 25 16 40 20 20 16 23 33 19 22 27 21 26 14 27 31 15 13 22 20 29 23 24 28 23 27 15 21 31 12 31 39 17 29 37 19 27 27 24 42 9 22 33 15 24 29 21 15 35 39 24 24 25 19 36 
20 16 18 19 14 14 19 13 25 21 29 26 24 12 19 18 33 16 26 31 8 21 10 17 24 26 23 26 40 17 36 29 20 32 34 15 29 24 24 16 18 29 27 20 33 37 23 32 15 31 21 20 10 31 22 33 21 14 25 9 21 17 21 38 14 29 19 25 30 22 12 17 15 34 31 36 28 36 31 20 14 25 28 37 37 25 32 24 10 35 
23 20 24 26 13 24 19 17 39 13 19 26 14 24 17 21 33 32 30 23 15 27 7 12 19 28 19 17 23 16 18 35 24 23 25 33 28 22 43 17 17 27 21 29 12 19 19 31 22 27 27 26 13 37 30 33 17 17 18 7 13 22 15 18 19 29 34 26 17 23 18 31 18 40 26 23 27 12 54 28 27 41 18 19 32 23 35 22 12 14 
20 8 39 20 19 17 14 19 37 12 27 17 15 37 20 19 22 33 40 27 23 27 23 26 23 33 25 21 27 14 25 35 21 28 23 14 19 46 25 16 16 39 17 30 21 21 26 21 19 37 26 28 14 22 14 30 15 20 21 13 20 20 22 20 18 3 36 12 34 24 10 26 22 39 23 19 25 10 19 29 26 30 30 26 27 15 16 23 18 43 
10 9 23 23 19 13 22 11 32 16 20 25 16 21 19 21 17 23 43 32 15 29 14 9 20 25 27 24 27 15 26 24 25 22 15 25 41 2 22 18 20 30 24 19 19 33 21 33 11 17 28 24 22 31 17 19 19 22 21 11 33 25 14 22 19 19 31 19 23 23 16 23 21 32 18 26 41 31 27 14 14 28 16 34 44 12 24 26 18 21 
18 21 29 18 9 13 26 18 36 14 14 31 28 14 10 15 22 30 47 33 25 22 22 19 25 30 12 22 18 16 35 35 20 15 36 24 28 11 35 15 11 24 13 17 23 27 26 31 11 19 16 15 16 23 23 29 12 14 24 17 29 30 22 37 20 12 34 15 29 25 16 28 11 31 23 24 28 21 31 20 28 25 28 28 19 17 22 31 15 27 
19 22 17 26 11 16 28 22 22 19 18 20 27 14 19 28 30 18 31 29 25 22 19 12 20 27 24 18 29 9 22 34 34 31 29 22 28 21 37 25 14 34 20 13 11 30 13 25 23 21 22 35 13 30 24 27 15 18 24 7 38 30 30 28 10 30 30 20 19 21 14 23 27 36 37 22 31 29 31 23 39 39 19 32 33 17 29 26 19 44 
13 13 36 14 11 19 30 19 28 13 22 27 23 17 22 11 29 28 34 42 12 31 15 20 25 21 12 12 19 20 31 26 30 25 35 25 26 44 18 25 21 37 19 21 30 26 21 20 12 31 36 20 12 16 34 34 13 12 6 21 24 21 32 30 16 23 37 22 41 32 9 23 34 25 28 33 31 18 25 20 18 29 23 28 23 20 17 31 12 35 
20 17 24 29 16 16 19 14 15 18 28 18 21 36 13 17 27 46 46 18 17 30 12 16 24 23 12 23 22 20 5 24 30 21 30 41 35 49 31 35 18 24 19 16 15 15 27 23 14 20 20 10 14 17 30 41 26 19 12 26 23 23 42 18 14 32 42 10 20 35 23 16 25 37 33 22 22 17 20 31 25 31 24 17 33 13 26 27 4 25 
11 12 36 24 15 17 19 13 16 13 26 26 25 25 14 20 17 19 38 27 19 26 14 23 18 15 24 11 20 12 27 17 19 25 33 38 28 37 40 17 13 25 22 27 35 20 23 13 13 28 12 24 11 32 29 26 19 18 25 14 41 27 29 32 24 13 28 16 32 18 13 10 17 19 14 25 21 33 32 24 15 19 18 30 19 18 24 16 8 19 
17 10 22 29 16 23 38 11 13 20 27 32 23 26 15 29 30 31 25 22 24 21 17 15 16 39 17 26 28 13 20 27 25 37 26 19 27 18 32 19 16 33 23 34 25 30 27 27 12 28 13 23 9 23 33 37 29 13 22 12 32 25 25 22 20 28 33 13 35 32 15 31 12 34 40 19 42 28 45 28 26 18 32 35 32 18 34 27 19 32 
10 8 11 17 17 19 29 11 20 10 26 35 22 14 11 21 26 27 46 14 19 29 22 25 16 22 23 21 29 12 29 20 37 22 39 31 18 18 26 12 21 25 30 33 23 35 14 41 13 24 22 18 16 19 20 28 21 13 27 15 39 10 27 21 16 24 42 11 34 41 18 28 22 19 19 17 46 32 31 23 27 37 15 34 35 17 20 17 13 39 
20 12 37 23 7 6 35 18 16 16 11 12 24 23 15 13 26 30 49 34 18 21 24 25 21 33 18 16 26 14 29 20 30 35 35 42 30 32 24 17 24 31 22 7 35 25 27 30 17 22 20 22 19 35 21 24 17 23 16 18 27 32 26 35 14 26 15 17 15 16 26 22 30 23 33 33 15 32 20 21 24 38 22 30 27 20 30 18 17 30 
13 15 37 27 22 12 24 16 36 10 22 20 31 29 16 12 23 33 19 24 7 38 20 14 25 28 10 21 33 18 20 20 20 19 27 26 30 18 26 15 19 27 15 23 13 22 16 28 15 26 21 11 22 49 24 19 20 13 20 22 32 19 24 17 17 17 40 14 15 14 24 17 12 19 22 8 23 27 39 19 18 34 21 41 45 16 21 27 16 14 
12 23 40 23 13 18 25 21 25 22 30 22 26 21 16 14 7 35 37 16 18 32 12 18 18 37 30 19 17 17 26 24 31 39 19 27 19 11 25 18 10 18 20 22 14 13 11 29 11 25 31 29 12 17 28 28 23 22 19 18 30 21 33 30 22 21 30 15 29 19 16 10 14 25 20 26 35 20 27 8 20 28 22 25 27 22 19 23 17 23 
16 15 26 30 10 25 20 21 34 14 19 26 18 22 13 16 22 28 34 22 16 25 17 32 14 40 14 17 28 13 20 17 10 34 15 17 27 38 28 30 11 29 23 21 22 19 18 21 17 34 26 23 28 16 26 30 16 12 18 15 25 17 26 20 15 22 17 17 18 18 15 21 38 35 15 19 27 16 27 31 19 14 25 30 27 23 35 23 16 24 
19 14 31 19 13 8 33 18 39 15 26 26 30 15 16 5 20 21 34 18 18 22 16 23 18 17 16 25 14 14 14 28 32 17 31 30 24 28 32 23 14 38 25 34 34 25 22 22 14 20 27 6 18 23 35 28 21 7 21 29 34 20 27 32 24 17 35 19 21 17 21 27 24 15 29 18 25 19 23 33 23 35 33 35 35 19 26 25 17 24 
22 8 45 23 18 20 26 9 42 15 18 29 41 20 25 5 26 27 16 24 19 26 13 12 20 43 28 28 37 15 26 34 28 19 33 31 23 25 23 19 13 23 22 17 28 24 12 32 18 29 25 19 11 30 34 18 13 19 27 24 33 18 28 14 17 26 32 20 25 29 25 18 32 35 31 20 37 28 35 19 27 33 29 19 18 20 25 24 17 31 
11 18 22 13 17 14 19 17 31 20 30 25 22 20 16 16 25 13 21 26 18 35 17 21 25 17 29 12 27 13 27 20 33 26 34 26 27 25 38 28 17 40 29 30 9 25 26 35 14 18 27 13 15 28 24 29 12 11 28 21 33 20 31 39 18 36 26 27 24 34 19 21 33 28 28 20 27 20 35 26 19 30 25 29 26 25 26 20 20 31 
16 20 22 26 14 19 30 16 23 18 18 37 22 27 21 13 23 34 23 24 12 23 16 30 15 34 16 21 29 17 18 27 20 27 28 21 20 9 19 18 12 31 23 14 22 18 24 19 12 25 30 24 26 25 21 26 31 19 29 21 18 26 17 16 15 30 24 20 27 11 14 29 29 32 24 10 24 9 20 21 20 22 21 20 18 20 22 31 19 38 
19 13 32 2 15 25 33 15 21 14 24 30 29 22 12 14 34 22 21 32 16 25 20 25 17 30 27 27 32 18 23 30 15 21 23 12 25 16 13 18 18 30 13 24 18 33 17 12 10 28 18 16 15 25 35 14 20 28 21 27 35 19 30 26 9 30 37 19 22 20 14 18 18 22 22 25 25 27 35 28 26 31 30 28 33 24 28 20 14 32 
24 16 17 19 13 11 37 13 28 18 20 26 26 18 21 12 29 22 28 28 19 22 16 14 24 23 11 19 20 21 22 28 25 31 39 23 21 38 36 13 12 30 31 25 17 26 29 26 12 24 21 10 24 16 22 29 23 11 23 24 24 16 31 18 19 15 26 17 23 17 15 32 34 27 25 15 22 18 29 22 21 28 32 29 17 26 26 28 17 26 
15 18 34 15 18 16 31 22 30 16 17 11 32 21 22 17 22 40 15 33 15 32 16 29 18 30 14 16 32 24 22 19 30 22 45 26 22 29 36 14 17 21 24 23 26 38 21 28 19 24 26 15 13 14 26 21 20 16 19 27 25 29 35 25 20 26 18 8 33 22 13 30 34 11 16 22 24 37 18 26 24 13 32 38 20 20 35 27 17 30 
15 15 38 25 14 11 27 20 8 17 37 36 18 28 16 26 13 20 23 26 18 28 18 14 16 27 15 22 24 16 13 33 22 29 21 25 37 43 40 20 10 30 17 21 20 26 10 30 20 25 30 11 21 24 33 31 19 1 28 22 26 26 30 34 12 36 38 22 32 14 18 25 13 29 30 23 32 22 28 21 23 19 34 21 4 14 24 26 17 28 
19 14 22 15 10 21 20 4 38 11 18 34 20 28 18 19 15 35 31 37 17 31 17 24 27 30 32 24 21 17 30 39 29 25 33 17 29 11 51 22 18 31 26 25 29 30 19 25 15 33 30 23 17 25 34 29 19 18 12 30 38 25 22 30 8 33 32 22 26 37 20 27 20 35 26 27 15 30 29 21 23 35 20 15 44 24 16 21 16 19 
11 16 30 27 8 19 38 17 26 21 19 20 26 31 19 10 17 28 23 47 22 24 14 16 20 24 19 24 21 20 39 27 21 24 31 28 37 16 25 27 14 37 27 24 26 34 24 20 17 31 25 18 22 27 20 23 14 17 28 14 20 18 28 23 15 26 33 23 35 19 6 37 18 23 39 23 17 11 30 17 20 15 25 33 15 17 28 16 15 22 
22 18 40 14 10 12 27 16 43 23 31 27 13 17 14 19 19 27 42 21 16 23 17 27 20 36 21 15 16 18 28 32 12 17 36 24 31 16 32 28 9 43 22 22 22 43 20 20 19 39 5 22 16 32 34 15 21 14 30 33 17 21 25 29 10 21 33 17 26 34 24 24 21 40 30 15 45 35 16 8 21 14 24 29 29 24 30 8 9 40 
17 21 23 25 19 18 36 13 15 9 9 32 23 17 14 13 14 31 42 31 12 24 15 20 9 37 18 12 12 18 13 15 27 29 31 27 33 30 43 31 10 45 28 22 22 17 19 22 16 34 26 26 13 31 31 36 24 21 15 16 31 18 32 23 7 22 27 8 27 21 11 16 23 31 17 27 29 29 14 21 16 4 25 23 30 20 23 12 10 34 
13 19 49 20 15 18 26 9 21 16 20 26 12 21 16 22 19 23 32 30 27 22 15 11 12 20 23 23 23 18 11 25 38 18 25 27 23 26 36 28 18 40 26 18 10 16 26 26 16 25 20 18 18 24 34 22 31 23 21 16 20 33 36 21 17 24 36 15 31 34 20 12 17 42 26 32 23 16 26 23 23 27 18 35 19 20 7 26 13 23 
17 16 26 27 11 18 21 14 28 21 24 41 23 22 12 22 18 19 46 15 18 21 13 17 23 22 32 22 28 10 22 35 15 28 26 26 28 28 38 17 20 46 18 12 27 29 18 27 17 25 26 14 19 16 27 40 23 10 17 14 19 16 35 22 17 25 41 11 40 23 11 19 34 30 22 30 11 26 25 20 25 22 25 31 21 15 24 24 18 26 
14 24 35 24 23 11 33 21 21 20 23 23 16 26 18 20 15 31 43 41 14 23 15 9 19 23 32 16 17 15 20 24 16 34 39 25 15 17 20 29 15 29 16 39 19 28 21 24 18 26 17 32 17 21 28 39 17 21 14 27 20 20 16 22 21 35 42 17 35 31 8 19 37 26 36 29 29 25 31 20 26 28 29 29 33 27 22 17 9 19 
12 17 23 29 15 24 30 14 33 10 28 9 24 19 11 15 24 29 32 25 24 37 15 14 23 17 26 24 27 11 23 30 20 21 20 9 35 37 29 32 8 32 32 37 11 16 27 27 15 23 33 10 18 29 17 37 25 6 15 24 22 22 28 37 24 20 29 21 17 22 6 19 23 40 30 17 30 16 37 17 22 49 29 35 17 15 33 15 15 21 
15 11 19 18 10 18 28 13 25 15 28 27 18 24 19 17 23 20 28 43 23 25 9 16 22 29 13 12 17 12 31 22 27 20 19 27 23 45 23 18 19 26 28 27 11 26 15 11 17 30 18 20 19 24 21 29 18 17 26 17 17 27 39 16 9 13 32 9 33 29 23 29 21 33 17 16 25 24 25 26 20 30 17 33 30 21 22 11 11 23 
24 10 39 8 13 18 33 10 18 17 17 28 19 22 24 17 29 26 23 43 16 24 14 22 17 24 26 23 16 11 19 23 27 25 30 16 32 41 29 25 19 35 25 28 26 29 26 24 19 26 13 34 15 31 20 30 18 22 22 30 27 28 38 24 14 13 44 18 35 19 15 21 16 18 25 14 27 28 28 24 31 22 23 15 39 24 34 23 14 33 
21 13 24 20 23 10 35 16 30 11 27 20 33 25 14 14 19 14 27 23 15 34 12 14 21 33 20 26 27 10 28 28 33 13 28 40 17 14 27 14 18 24 29 21 31 26 11 33 13 27 23 23 15 36 23 25 20 10 21 11 21 26 36 31 16 18 20 19 36 33 22 27 32 34 35 15 20 26 15 28 25 30 19 17 17 12 26 16 10 32 
15 11 24 21 15 19 16 12 27 17 18 21 16 18 23 22 30 28 45 34 18 23 14 26 23 17 22 18 22 7 17 27 16 12 14 37 28 31 28 24 17 31 24 29 23 36 30 23 17 20 25 20 15 30 20 17 27 24 15 24 32 21 25 36 20 15 32 18 28 26 21 20 27 32 25 27 12 20 19 27 16 38 16 16 39 13 34 13 11 31 
14 10 34 16 18 14 25 27 25 18 20 33 18 32 21 24 24 21 43 31 18 26 18 15 20 26 23 18 25 18 15 22 31 27 45 27 34 47 15 31 18 44 31 33 18 20 14 22 17 21 11 24 13 42 19 36 27 23 19 5 28 24 15 30 10 27 26 28 29 15 14 14 30 39 21 22 31 40 38 19 28 25 22 29 17 15 24 20 13 30 
15 20 35 11 17 20 28 16 37 19 25 27 23 17 14 14 21 28 27 17 23 25 9 26 26 28 28 30 31 21 43 22 27 24 36 45 25 23 31 22 15 27 23 30 18 17 25 23 10 27 18 17 11 25 30 23 8 23 23 20 35 22 22 25 12 25 28 19 29 28 21 20 26 28 33 19 31 32 37 26 30 46 23 24 48 19 19 29 19 14 
13 11 30 30 13 21 36 16 29 18 26 21 25 18 15 18 19 21 32 25 21 33 23 26 28 31 24 25 26 15 25 31 29 25 34 34 28 26 35 26 24 27 18 14 22 44 26 35 11 34 11 29 19 23 23 32 18 13 14 30 25 33 42 51 20 20 30 27 37 30 16 30 23 32 29 21 21 37 34 24 22 23 30 26 23 20 27 20 17 30 
19 18 20 8 13 11 5 16 26 11 21 7 35 11 18 11 29 14 22 29 26 13 20 18 19 30 24 24 20 17 19 35 28 7 44 29 33 31 19 29 29 31 17 26 19 7 18 33 14 29 24 24 19 35 28 26 27 16 22 11 21 31 33 31 17 23 27 9 13 35 7 40 19 24 40 26 15 29 34 14 20 27 6 13 27 15 18 27 12 43 
14 15 30 12 21 11 27 15 31 13 26 26 18 19 18 11 25 35 25 27 19 18 20 31 23 5 24 19 27 21 19 27 21 21 23 28 15 37 37 9 18 18 30 25 17 28 22 34 24 26 27 36 13 38 20 19 13 19 21 19 18 21 26 31 13 23 31 19 26 27 21 27 25 36 22 26 35 31 28 20 21 35 19 19 28 19 27 16 21 38 
13 14 29 30 10 13 36 11 36 17 9 22 19 20 7 7 30 14 43 25 17 25 11 20 21 23 24 10 17 13 24 24 22 21 44 25 24 34 28 13 18 36 21 26 24 29 26 32 23 21 30 21 19 28 29 15 29 13 15 19 20 24 35 41 16 22 29 15 17 26 18 26 27 29 27 28 30 19 38 22 20 35 15 31 24 18 30 22 18 33 
21 9 32 27 13 9 37 19 16 14 23 29 18 17 17 16 26 21 29 35 17 32 18 19 9 36 19 20 22 20 30 20 13 13 45 30 23 27 35 24 12 29 16 17 18 18 11 40 16 10 22 21 16 16 28 31 23 13 22 18 25 23 23 28 20 36 15 17 27 40 18 21 24 23 27 16 36 15 26 14 14 25 16 40 27 24 27 24 12 29 
14 21 34 19 12 19 18 18 22 16 21 33 25 19 18 20 26 24 29 12 24 44 11 23 16 23 18 12 34 14 13 23 22 29 25 25 16 28 33 19 17 34 35 33 18 33 23 31 11 18 35 22 16 36 36 39 18 13 14 16 28 25 17 26 17 29 49 24 26 42 19 25 18 45 24 12 46 32 25 25 25 27 20 25 34 24 40 26 12 47 
18 18 36 18 18 16 13 19 34 16 21 26 17 20 24 19 22 24 25 17 18 34 14 20 33 21 32 23 24 16 36 28 19 38 21 29 26 37 19 22 20 35 35 8 14 25 19 18 14 21 23 18 13 22 40 36 23 19 19 34 30 28 29 24 19 19 29 30 26 17 15 21 22 31 26 28 16 23 21 18 20 22 19 29 46 26 21 28 17 19 
10 20 19 14 15 13 29 25 32 22 21 10 23 15 11 21 26 16 37 11 25 33 21 18 22 23 16 13 4 10 34 27 16 33 37 30 32 26 36 23 16 20 17 17 18 28 32 45 18 26 34 12 10 15 16 38 22 8 18 23 38 30 21 35 15 34 34 20 26 26 15 18 21 24 33 19 35 14 32 28 24 22 16 26 12 14 28 20 18 26 
13 12 24 15 21 18 37 13 28 14 26 27 17 8 11 24 23 24 20 39 7 28 11 28 18 25 24 22 28 11 34 26 14 39 16 26 34 37 40 15 17 19 31 15 22 27 16 47 17 17 32 4 17 32 18 8 12 10 31 23 18 13 33 26 14 9 21 19 32 12 8 33 19 17 39 24 17 26 21 30 19 19 16 26 25 20 32 24 17 37 
22 17 44 26 14 16 26 13 27 16 23 42 22 17 17 27 21 20 30 37 21 17 25 10 19 25 26 20 26 11 32 31 24 21 33 20 30 23 27 18 19 25 26 16 19 31 33 36 21 21 14 20 21 32 25 39 21 18 20 20 21 33 35 26 14 21 37 26 27 19 16 14 28 37 14 19 26 30 28 23 11 29 28 18 23 12 28 22 12 39 
17 21 23 25 21 19 28 16 25 21 16 20 24 21 13 16 21 24 14 10 27 29 17 27 30 32 19 23 25 14 17 30 18 24 22 23 29 27 34 13 12 28 14 15 22 40 21 21 17 31 30 16 16 15 23 23 27 18 22 22 31 18 31 32 20 31 37 19 21 24 18 6 30 38 27 27 34 32 31 23 18 36 31 33 11 20 23 28 22 40 
14 14 30 17 20 19 30 15 30 17 20 21 35 22 11 12 40 12 51 45 12 20 17 13 27 40 16 32 20 18 31 30 27 20 34 30 22 11 33 21 21 36 16 20 18 27 19 16 18 29 30 18 21 23 23 24 16 21 13 24 36 19 47 25 10 25 15 22 29 31 24 24 27 25 32 31 25 27 40 15 19 30 28 20 47 17 28 27 16 33 
19 22 31 23 10 13 30 17 33 20 15 22 17 13 9 26 31 16 27 31 22 27 11 27 22 21 26 24 21 16 26 4 34 21 46 22 31 26 39 23 20 31 22 23 16 22 16 38 14 22 41 22 9 27 25 30 21 24 26 21 27 34 18 36 19 32 29 12 35 42 9 11 32 17 41 28 23 25 30 25 18 28 24 24 37 21 22 20 14 31 
16 23 37 18 17 7 44 14 17 6 16 23 26 27 7 14 22 43 11 33 29 25 17 21 12 24 21 24 34 11 21 32 28 24 43 23 23 31 41 17 23 25 31 21 20 31 22 38 22 36 23 20 21 25 17 21 14 21 23 21 34 21 25 40 13 17 9 10 27 21 13 36 27 34 23 31 28 29 33 26 29 33 20 12 32 22 30 39 16 35 
17 18 38 23 14 15 29 13 24 17 16 26 33 27 9 20 25 29 22 23 19 41 16 18 30 25 18 23 10 18 26 21 22 28 23 37 17 34 39 22 12 44 17 19 20 20 18 31 22 28 30 21 15 23 39 22 23 17 25 23 29 25 24 22 16 24 29 24 16 42 8 18 15 27 26 22 30 13 35 28 22 31 20 18 29 27 30 21 16 31 
10 15 25 22 22 20 21 14 38 13 16 9 16 19 19 21 22 25 24 31 20 28 8 13 24 22 8 22 24 16 28 28 18 30 28 22 25 36 35 27 17 29 28 21 12 17 28 31 18 22 18 13 15 27 19 26 20 11 11 16 32 19 11 28 13 27 21 14 38 23 24 11 18 33 24 30 26 22 22 30 26 32 27 21 33 21 16 26 16 39 
16 17 23 20 14 6 7 17 33 23 18 23 21 20 23 19 30 18 49 32 21 39 15 12 21 32 21 15 21 10 35 26 15 27 51 34 29 13 36 22 11 29 28 13 29 20 15 17 15 20 20 26 20 19 27 23 14 23 26 17 34 30 24 34 22 21 18 14 16 17 17 24 24 14 26 24 9 33 42 26 22 24 11 23 30 22 32 29 22 18 
12 21 27 18 28 18 40 21 26 18 7 27 29 31 12 22 21 20 33 20 14 33 17 20 22 33 18 17 16 15 29 29 31 39 25 27 23 30 22 27 22 34 25 20 16 38 18 38 21 35 34 31 9 36 25 14 31 22 28 26 26 7 15 47 14 27 28 12 34 36 21 25 16 23 26 22 20 14 32 25 15 17 31 20 43 14 21 30 12 33 
14 8 13 25 19 15 6 15 25 15 23 28 21 18 16 11 42 18 36 24 9 36 21 18 26 26 28 8 38 18 31 35 26 13 20 30 25 25 29 22 24 32 22 24 18 28 24 22 15 17 28 26 14 25 20 14 19 18 19 19 20 19 24 16 12 22 38 18 19 25 13 20 15 34 15 25 30 25 34 25 9 32 21 47 22 23 34 11 16 31 
17 17 28 14 9 14 30 12 35 19 25 25 23 20 21 23 19 26 25 22 11 17 8 36 17 39 22 19 18 17 31 21 22 22 19 32 31 47 31 17 5 56 17 20 20 27 29 29 15 12 28 30 15 29 40 28 18 30 20 8 26 27 26 25 19 29 31 14 40 32 18 16 19 35 28 28 21 30 9 30 23 23 23 41 7 25 30 25 18 23 
11 12 25 19 21 20 37 7 17 16 19 10 30 26 16 18 22 19 27 28 23 29 18 9 18 42 24 16 29 11 20 36 17 25 35 39 34 26 40 25 24 41 22 29 18 24 32 14 9 39 26 12 13 14 31 32 16 20 24 23 25 25 24 30 18 22 48 20 29 25 31 25 26 31 16 21 29 27 43 5 25 23 18 16 39 23 24 18 16 32 
3 9 33 12 15 13 40 14 29 17 18 31 26 20 14 20 15 15 44 36 13 27 16 13 16 28 25 19 25 10 20 12 31 15 28 28 27 33 42 23 20 33 16 17 12 17 13 27 10 17 26 15 20 36 32 27 10 21 23 19 34 24 27 26 16 12 21 10 26 23 18 24 22 31 24 29 24 34 32 25 19 19 21 32 29 23 21 13 15 21 
24 14 25 21 19 14 28 17 32 17 28 20 15 34 14 17 28 27 22 17 18 18 16 19 15 49 24 24 25 13 28 12 23 35 32 39 31 30 41 13 22 15 28 26 30 34 22 21 16 29 14 18 21 30 27 28 27 12 31 16 27 8 23 27 8 28 27 18 37 31 23 25 29 38 29 19 25 34 38 15 17 25 36 37 29 6 23 26 24 25 
8 21 33 19 15 12 24 19 36 23 6 42 28 20 14 16 25 24 36 42 11 27 22 13 13 13 21 32 29 8 38 35 23 25 32 24 14 24 27 15 31 43 34 37 33 21 11 30 15 24 26 22 17 21 18 33 15 20 21 24 39 26 33 27 17 19 19 24 26 20 15 13 12 35 18 24 22 20 16 21 25 23 22 33 41 15 18 21 11 25 
30 16 35 16 14 22 31 20 31 13 26 15 22 20 14 12 16 25 31 34 19 20 16 18 20 33 27 27 15 15 16 28 8 36 32 29 24 35 31 19 18 27 26 28 19 32 22 46 13 19 33 26 15 19 23 26 16 17 21 20 20 30 32 43 18 16 26 16 33 17 22 25 21 18 17 30 10 39 21 24 27 12 35 26 33 24 18 24 12 38 
24 12 15 19 15 25 32 18 25 9 18 25 35 17 17 21 21 34 38 34 22 15 13 17 26 30 13 28 32 12 30 43 26 18 44 25 30 45 28 21 16 30 29 31 21 35 22 23 15 33 30 16 11 28 16 25 25 11 21 33 37 22 27 39 11 25 33 23 36 29 25 22 17 32 40 31 26 18 23 18 20 36 27 30 44 19 34 17 12 37 
21 20 27 20 22 21 30 17 27 22 26 20 18 19 17 12 26 18 43 10 24 18 20 22 24 35 13 25 18 7 25 40 17 30 34 14 16 28 31 16 9 30 21 26 5 45 29 16 15 31 23 16 14 29 29 26 25 18 20 25 15 14 27 27 11 26 30 20 31 25 23 20 21 38 24 11 18 18 38 31 29 14 23 41 46 28 40 32 15 40 
14 22 22 26 11 20 36 11 30 18 19 45 13 15 15 21 15 17 31 35 19 39 16 11 11 27 22 31 33 16 27 30 30 22 24 36 20 48 16 20 17 35 33 19 15 53 22 24 12 27 35 16 18 38 24 19 28 17 22 21 35 20 12 20 9 21 29 30 25 13 24 15 17 18 34 16 24 22 21 22 21 22 16 34 18 13 29 16 20 24 
21 16 29 21 13 14 37 13 25 21 26 36 16 11 15 7 19 12 45 40 16 31 20 32 1 31 29 19 30 12 11 34 26 38 29 37 26 45 24 24 13 25 22 22 21 35 23 25 22 24 20 28 17 15 30 32 21 17 25 11 35 27 10 33 15 35 21 14 24 26 15 15 23 33 33 17 22 20 13 23 18 39 22 30 25 33 11 24 22 28 
20 12 23 19 20 16 39 11 26 15 21 33 22 18 15 23 26 14 28 32 14 21 14 32 15 28 14 21 31 10 25 20 17 18 38 23 23 16 32 28 18 25 25 22 21 28 21 18 19 24 30 18 20 39 31 23 8 12 19 20 24 34 23 19 26 17 29 17 44 22 26 28 28 22 28 28 27 19 41 31 18 29 22 33 31 19 25 14 14 33 
22 17 44 20 17 18 23 11 18 14 23 23 23 29 20 10 22 36 9 18 13 18 14 16 15 25 37 14 26 12 18 38 21 11 22 22 19 38 46 30 14 19 27 21 19 26 20 29 15 33 20 31 16 30 27 28 17 16 11 14 34 20 21 30 24 39 22 19 11 26 20 25 38 31 10 19 26 30 34 21 29 18 30 25 29 19 33 14 11 31 
16 19 24 29 19 13 33 3 18 18 17 38 33 21 16 22 25 20 16 19 25 39 19 29 23 23 25 13 36 20 33 43 26 31 42 23 20 36 46 22 27 44 22 42 20 26 17 29 18 27 30 12 14 32 26 31 22 16 21 24 37 18 19 35 11 24 29 20 39 31 6 25 23 43 34 31 28 30 27 34 25 24 29 24 32 18 25 15 20 39 
15 20 26 17 15 22 31 17 31 19 25 15 36 21 16 16 24 21 19 29 19 30 15 20 29 31 24 22 17 22 28 19 27 24 28 20 16 35 26 15 18 19 22 33 9 30 27 26 18 34 18 20 15 26 18 35 31 11 22 26 27 18 33 30 16 20 29 21 32 28 15 30 24 30 32 24 31 26 27 29 28 32 26 29 33 16 26 26 15 32 
13 15 20 25 7 28 33 19 17 25 22 21 15 14 14 14 21 26 29 31 13 12 14 21 28 29 22 23 23 9 16 22 35 10 24 19 17 14 39 14 14 39 22 32 29 30 19 31 23 26 18 16 19 35 34 17 18 21 29 27 49 39 37 27 12 28 27 20 19 16 10 20 20 31 25 23 32 24 24 15 31 40 24 32 19 26 14 35 17 27 
15 18 13 15 22 18 39 16 31 16 17 32 15 14 16 12 17 22 42 41 18 22 14 25 20 20 23 13 29 15 21 35 27 27 38 24 22 23 35 16 13 32 26 25 26 33 7 31 10 20 31 26 13 32 40 28 20 15 17 27 40 41 21 13 22 23 28 31 37 38 14 35 22 28 37 24 24 17 31 33 18 46 18 41 24 19 21 20 11 31 
28 20 12 23 19 12 31 15 29 12 26 35 27 16 15 25 21 12 14 31 13 38 20 16 21 16 25 24 38 20 33 25 26 25 33 27 21 31 30 11 12 34 30 19 10 19 13 29 19 20 30 18 18 21 24 41 8 19 19 16 18 28 25 29 18 32 24 14 30 28 17 18 18 32 22 29 34 16 16 32 22 20 26 42 22 9 26 13 9 15 
21 14 37 13 14 29 22 10 23 18 26 24 16 24 13 13 21 36 30 26 18 31 18 20 16 37 32 17 36 9 28 30 25 34 24 36 21 14 36 26 20 27 37 25 14 28 18 21 22 34 21 19 16 37 39 30 26 17 23 29 22 24 29 13 12 19 24 12 33 34 28 24 25 35 22 23 30 20 22 18 27 24 27 27 29 27 30 21 13 32 
20 18 29 24 9 21 33 13 35 12 21 21 21 23 18 20 26 19 35 36 17 25 17 26 16 19 14 18 29 16 31 30 17 32 32 18 20 41 39 18 13 29 27 19 16 26 21 41 16 28 23 27 13 14 21 37 21 12 19 10 28 25 20 28 13 31 32 9 31 38 25 27 18 30 29 25 38 36 28 29 29 31 20 28 29 18 4 14 17 30 
16 11 21 20 21 20 28 14 39 22 21 38 27 18 17 16 16 9 35 34 17 31 14 17 25 24 17 20 28 10 30 32 28 30 26 38 33 29 38 16 11 30 27 29 22 22 24 23 23 30 21 24 18 15 19 23 15 26 16 22 16 17 42 32 12 23 44 21 17 40 13 18 21 36 20 23 35 28 25 32 16 23 27 38 26 22 31 23 12 41 
17 13 11 24 14 20 27 12 38 20 24 31 29 16 15 19 22 33 24 39 21 32 22 15 28 16 24 20 20 17 43 27 29 24 35 14 26 46 29 19 15 23 13 24 12 22 13 31 9 13 19 17 9 22 18 34 11 10 26 17 31 17 20 29 19 25 29 16 27 31 17 29 18 24 20 30 25 25 19 33 24 17 31 20 29 20 44 26 15 30 
23 23 41 36 14 18 30 10 24 10 21 22 22 23 18 13 38 27 38 30 12 24 19 18 18 32 20 30 34 11 18 41 29 18 18 26 23 22 30 22 9 35 19 30 12 27 18 21 19 27 20 19 14 24 30 32 22 14 18 35 43 22 21 39 18 23 29 6 17 19 16 27 21 28 25 26 30 20 22 28 23 31 30 24 36 20 30 23 13 35 
21 17 18 20 18 12 33 18 32 16 22 32 35 22 17 26 20 11 38 41 19 26 15 27 20 18 17 31 31 15 30 20 34 27 41 30 27 19 6 28 9 27 18 41 26 36 17 38 13 21 28 14 13 34 19 47 18 16 33 34 35 28 18 28 9 21 29 16 31 14 16 18 30 44 24 23 26 15 27 15 19 25 16 28 24 19 19 20 17 25 
23 11 39 31 20 18 37 16 27 9 22 25 21 28 16 20 25 37 32 37 8 38 19 11 31 29 22 16 24 21 21 26 28 24 9 23 20 28 32 16 14 28 19 24 15 32 23 32 14 25 26 27 17 23 25 30 21 20 28 17 21 17 24 28 17 18 22 23 13 23 10 21 24 25 26 38 27 36 19 24 13 35 22 42 30 27 34 28 7 28 
21 16 26 15 16 20 29 17 27 17 23 35 26 22 14 25 34 38 26 23 19 38 21 17 15 39 32 35 22 20 30 28 21 13 34 25 25 19 32 16 23 21 16 29 12 32 28 37 14 35 19 20 17 18 28 40 10 19 23 31 41 31 21 26 7 22 26 7 35 39 10 27 15 24 25 20 30 28 20 33 31 37 25 35 18 13 33 22 17 16 
10 15 30 20 15 18 21 15 48 19 17 21 15 13 10 13 11 32 23 42 16 22 15 18 11 23 28 27 20 16 25 21 32 34 37 20 23 41 26 16 21 34 24 34 18 28 19 23 20 18 22 23 21 22 24 29 27 23 10 18 23 22 25 25 14 29 33 13 23 22 17 22 33 26 29 20 33 18 22 24 24 37 22 40 31 10 36 25 16 32 
21 15 17 19 15 22 29 17 18 12 19 25 19 16 15 16 21 28 25 23 21 22 17 14 27 37 18 23 36 18 27 29 18 27 25 36 23 28 43 28 19 13 20 39 22 19 28 26 17 30 26 25 13 19 26 37 13 15 32 10 32 17 38 25 12 14 26 17 16 34 20 26 13 33 34 16 22 30 38 31 28 29 26 37 35 13 35 19 16 26 
14 16 25 13 15 22 38 15 21 21 7 26 30 26 14 20 14 30 47 37 18 23 11 14 20 33 20 21 27 13 24 31 19 23 33 30 35 36 17 17 16 32 24 29 25 26 24 24 16 20 19 13 18 18 22 30 15 18 16 20 16 30 35 20 10 21 27 12 35 40 15 20 13 9 25 29 29 18 30 25 12 42 15 45 30 23 16 22 15 35 
16 12 34 28 15 12 31 16 31 13 19 30 25 30 19 18 24 24 29 23 20 2 6 26 23 27 20 21 29 13 16 33 29 22 29 25 18 31 29 22 18 13 17 26 9 19 14 15 15 29 29 16 19 22 32 35 15 20 30 15 32 23 28 23 24 28 42 15 18 23 17 20 21 21 26 16 44 31 24 25 30 40 26 17 43 16 21 29 17 14 
22 11 31 18 15 14 28 11 38 18 30 22 23 23 16 15 15 24 34 11 8 12 7 21 28 36 17 17 20 16 20 20 21 20 35 17 24 22 15 26 20 18 19 26 20 36 23 22 13 23 17 18 16 29 15 42 18 14 25 16 21 25 25 43 13 19 6 24 35 22 24 13 21 36 28 18 23 17 28 31 7 28 21 40 27 25 31 27 15 49 
20 14 32 30 17 24 21 11 28 16 15 25 27 12 22 9 16 24 29 24 11 27 25 16 28 20 23 25 25 16 26 16 28 27 36 20 22 23 26 22 25 39 31 27 12 23 27 29 19 32 29 18 11 30 22 19 15 27 22 20 25 26 26 31 11 18 38 14 24 31 20 30 11 37 33 25 33 10 34 20 26 27 26 29 19 23 33 16 14 30 
18 16 33 19 15 13 49 14 44 18 30 13 29 17 14 12 24 16 10 35 19 37 19 13 30 30 22 25 30 16 16 29 9 30 39 32 15 24 6 34 11 31 27 16 27 44 18 20 17 34 28 12 18 29 10 27 24 24 28 12 38 16 32 25 17 9 37 27 43 19 19 22 22 43 20 23 26 33 31 19 32 32 13 17 24 15 23 28 15 15 
12 13 27 18 10 7 27 11 27 23 16 29 15 24 19 6 30 15 31 24 17 19 21 14 26 35 32 19 21 16 32 22 18 28 33 24 28 21 29 17 17 32 27 17 23 29 20 27 14 28 35 25 10 30 19 23 13 27 30 19 15 16 16 22 18 16 23 8 38 34 18 20 24 38 23 25 22 21 23 15 16 19 28 22 28 13 23 25 20 28 
14 16 32 21 17 17 24 16 26 13 26 25 40 20 14 15 23 27 42 37 16 35 14 7 11 31 23 27 30 14 33 41 28 33 26 19 38 37 33 22 16 34 29 29 13 33 16 23 15 28 19 13 12 32 31 36 17 15 20 24 28 27 22 22 17 27 22 16 26 22 23 19 13 45 17 24 41 32 23 31 27 36 20 30 15 24 16 22 17 14 
20 15 38 32 18 15 29 20 24 11 27 22 18 16 11 17 22 26 41 29 13 29 20 22 15 35 18 24 19 13 19 19 26 23 17 30 13 30 39 13 14 25 23 35 28 40 32 13 20 22 38 26 15 25 26 21 19 16 19 18 30 22 37 7 15 20 36 22 26 34 13 21 11 29 25 29 24 26 35 25 22 20 23 32 23 23 24 18 16 8 
8 13 29 21 21 12 42 17 37 19 22 29 8 21 15 18 27 27 40 34 15 36 17 24 20 21 26 9 26 18 18 33 33 37 44 24 25 37 32 17 18 37 25 36 21 31 20 14 11 31 36 21 12 15 26 36 18 22 25 21 31 24 29 35 20 24 34 26 23 30 18 20 22 19 38 16 24 16 35 16 20 24 20 33 34 16 19 29 16 25 
16 12 33 26 17 21 20 10 19 14 23 31 22 21 12 18 27 26 25 31 27 28 23 18 15 32 23 20 17 16 25 29 13 25 28 28 28 22 26 20 3 29 29 18 37 15 26 35 16 33 34 14 23 24 24 42 14 15 21 17 19 25 18 23 27 20 33 21 33 37 19 27 31 23 34 19 13 24 26 21 18 32 20 20 14 15 11 15 10 26 
11 8 27 27 15 15 22 13 32 14 28 30 15 25 14 17 24 31 23 27 21 21 12 17 23 22 15 19 18 18 13 27 37 28 32 26 28 36 37 16 21 25 23 23 17 29 22 10 14 34 30 20 18 28 25 22 13 12 17 21 21 29 38 40 22 27 34 12 44 16 25 32 19 20 29 24 25 22 34 33 17 19 9 39 27 14 21 19 12 23 
26 18 30 17 14 15 42 10 21 16 7 32 17 15 26 14 16 20 14 28 26 15 17 23 11 16 15 24 20 12 21 21 34 18 43 20 30 30 19 16 18 38 27 29 12 24 24 33 24 27 15 21 15 32 25 23 20 24 32 25 31 23 29 30 10 37 24 15 32 24 15 10 29 43 18 20 14 9 40 22 16 41 7 24 25 17 19 31 21 24 
15 15 19 18 15 9 37 11 27 14 28 22 12 24 13 26 6 30 24 34 22 16 21 21 14 27 21 26 23 14 26 29 27 17 34 20 23 27 23 29 16 30 26 24 18 29 28 25 16 21 16 21 20 44 25 35 10 24 16 6 16 27 30 14 15 14 29 16 30 22 19 24 15 39 25 19 21 21 37 29 29 22 28 34 23 17 35 13 12 43 
19 16 35 15 14 18 40 21 34 11 13 30 29 23 12 5 15 27 25 27 12 41 17 16 19 13 32 24 15 15 30 21 23 24 20 35 19 36 31 11 12 43 27 14 23 33 30 29 16 35 23 33 15 29 27 21 9 27 23 21 26 22 35 27 15 18 35 22 32 35 15 18 18 33 27 22 31 29 24 21 21 31 15 20 29 19 41 22 19 25 
17 17 29 12 17 23 32 18 25 17 21 21 33 11 20 20 32 35 27 30 22 24 18 25 15 33 17 31 40 8 27 32 24 17 31 29 23 32 27 14 17 44 25 16 29 20 27 22 13 23 25 20 19 29 29 33 27 22 26 18 28 25 13 37 20 29 30 22 29 16 25 22 27 45 25 26 17 16 18 28 18 14 26 24 19 23 33 25 15 41 
25 11 33 22 16 12 22 13 37 18 14 25 25 22 13 18 15 18 22 34 18 13 13 26 17 29 17 20 27 16 27 27 10 23 30 31 16 37 31 18 16 26 26 26 21 16 32 31 15 30 20 12 23 16 40 35 19 18 13 17 24 22 31 33 15 28 44 13 34 18 16 26 26 43 22 32 34 25 27 19 42 41 24 31 33 23 22 23 14 38 
23 17 16 16 21 18 15 18 29 13 26 27 13 13 15 16 21 14 40 34 13 28 13 13 12 32 20 3 25 6 23 16 33 29 35 31 16 28 43 16 9 10 30 23 15 25 26 18 15 9 30 11 14 30 16 24 21 25 16 24 21 33 45 45 11 24 17 20 24 24 21 15 19 20 26 28 23 25 29 29 17 38 30 23 29 28 47 30 14 28 
21 15 33 22 18 25 13 14 26 11 25 38 31 23 14 23 17 24 25 31 8 21 28 20 19 28 12 18 26 11 24 28 32 21 34 40 27 26 19 22 20 15 21 20 19 40 32 32 17 25 20 17 10 27 10 24 22 8 29 17 27 24 23 28 14 28 34 15 25 19 22 23 30 23 27 20 37 30 25 20 29 31 24 38 29 25 16 20 16 21 
16 9 30 8 23 10 30 15 24 12 22 30 18 26 8 29 20 20 38 27 15 12 15 16 30 24 18 28 30 17 22 20 27 21 33 23 24 40 32 18 13 23 16 37 22 29 11 13 20 23 21 15 11 33 23 26 17 15 12 26 28 21 27 23 15 14 23 13 29 16 4 15 13 27 34 18 30 6 13 20 19 34 19 42 35 8 28 7 20 35 
15 10 29 21 14 16 39 17 28 14 30 24 8 32 20 21 29 32 21 15 8 32 15 23 18 28 15 16 31 12 18 9 13 28 17 19 20 37 25 28 6 48 19 10 30 34 26 19 20 26 30 30 19 37 24 46 30 14 21 17 26 31 31 32 18 24 25 19 54 37 21 19 16 30 22 29 27 21 45 32 22 15 26 18 9 18 19 30 9 29 
17 15 20 21 7 16 31 12 48 15 24 20 16 11 16 8 24 23 22 23 26 19 17 8 34 31 30 30 24 17 32 28 28 33 17 20 35 20 26 25 13 43 30 22 17 19 26 32 26 20 30 24 14 34 25 21 24 12 22 15 26 30 9 27 14 19 37 23 22 37 18 13 31 27 26 28 23 29 35 17 28 36 27 20 34 20 23 30 16 36 
24 12 20 10 5 12 32 17 42 23 31 32 10 15 12 19 18 27 44 42 13 39 19 13 14 18 29 24 23 16 20 22 18 27 35 38 22 51 26 23 24 32 27 21 13 26 16 26 15 16 28 19 13 27 23 26 32 18 20 22 33 29 19 38 17 26 31 24 31 47 17 28 29 32 30 18 29 38 30 19 18 32 33 27 41 15 26 21 19 28 
28 19 23 13 14 15 21 12 31 16 31 14 18 12 23 24 26 24 27 24 14 39 23 21 12 34 25 21 33 16 29 25 24 23 21 38 20 27 36 24 7 23 18 17 19 22 19 33 14 32 23 17 14 28 29 28 22 18 28 10 18 12 18 39 24 30 37 13 25 19 17 26 17 35 24 31 30 27 50 34 4 30 28 35 25 15 25 24 14 36 
20 21 27 18 15 13 37 18 42 15 23 15 34 26 14 17 26 28 35 22 11 28 15 18 15 38 13 19 28 12 37 19 22 29 32 17 27 37 26 13 22 16 23 24 16 37 36 10 13 26 31 32 16 40 37 32 17 15 31 26 27 35 25 25 17 38 39 12 32 28 13 24 18 36 19 39 31 35 21 21 26 10 34 16 19 23 42 22 15 40 
10 7 32 18 12 16 32 15 52 14 32 23 17 23 20 16 19 23 20 28 16 24 7 17 21 32 26 20 30 10 25 16 22 18 38 24 24 18 33 40 12 39 26 10 29 15 16 40 18 15 23 24 18 35 21 15 15 10 21 16 34 25 24 22 25 35 13 9 32 32 20 19 25 42 27 15 34 18 26 22 5 35 21 23 40 20 21 29 23 32 
17 10 27 32 19 11 29 9 40 16 32 22 25 25 6 16 13 20 28 41 18 29 17 18 20 29 15 24 39 15 42 19 25 31 32 27 34 28 30 31 27 15 28 25 25 38 20 24 16 37 28 19 15 32 24 24 11 19 27 16 26 22 25 21 13 27 38 18 27 28 30 31 19 36 26 16 31 29 30 21 24 27 26 39 11 16 24 22 19 40 
21 18 34 15 12 20 32 14 22 15 30 24 12 31 14 6 16 8 34 20 23 37 11 27 10 38 20 22 20 17 27 34 12 15 32 25 21 15 41 20 20 24 24 13 13 28 10 23 16 28 21 19 14 22 14 34 21 10 24 24 31 21 30 15 13 21 18 20 16 36 11 23 35 9 24 32 22 40 20 24 32 34 17 29 49 20 24 16 10 21 
19 20 16 19 20 20 20 22 32 18 25 10 20 12 13 10 23 23 29 23 15 13 13 29 19 25 14 21 15 16 25 36 19 22 27 23 18 36 22 5 17 31 23 24 22 31 20 17 14 19 7 21 17 34 33 24 4 13 22 25 26 9 32 37 9 22 20 17 36 21 8 23 24 28 30 25 18 29 30 33 31 21 27 26 31 15 22 20 15 24 
17 15 26 21 12 23 37 25 24 17 30 21 34 19 22 16 13 22 27 31 17 32 20 9 24 8 24 11 28 13 35 23 11 18 24 27 34 18 28 27 26 45 24 12 25 31 23 20 20 21 17 14 20 29 31 22 18 18 28 23 35 25 33 24 13 26 25 23 40 34 3 30 22 23 21 16 38 12 41 24 26 23 24 25 29 20 15 25 19 18 
17 19 20 18 16 22 23 15 24 14 24 19 29 19 21 24 26 31 29 26 23 22 16 16 12 36 31 28 26 13 32 31 30 33 27 33 31 36 37 22 14 25 19 20 21 14 30 34 16 22 27 17 13 33 28 23 15 16 19 23 35 21 33 33 17 32 28 15 22 32 17 20 18 27 21 23 25 30 34 20 20 25 29 17 31 19 16 12 18 23 
17 11 20 23 18 17 16 11 26 20 19 15 17 25 16 24 28 29 20 19 23 26 15 28 12 32 12 20 23 14 24 24 21 25 24 17 36 21 28 14 19 22 30 43 31 35 20 23 18 13 17 27 11 14 30 32 24 23 30 27 25 35 22 17 13 21 34 22 23 32 9 16 12 23 20 21 21 21 38 24 24 28 25 41 30 19 32 24 14 31 
20 13 22 19 16 10 32 18 33 15 22 31 25 17 18 28 40 24 16 36 23 13 9 16 33 28 22 18 10 11 28 21 33 33 16 34 7 20 23 22 11 21 19 39 21 24 24 23 15 27 11 21 13 22 24 27 8 12 26 25 28 15 43 31 24 23 37 13 24 22 18 21 17 27 26 37 12 17 32 29 21 36 22 26 36 25 32 17 19 33 
15 16 24 32 16 7 25 13 26 15 23 32 28 9 15 20 31 19 24 21 19 26 19 26 18 33 16 28 19 21 36 28 22 21 40 36 32 27 26 25 29 37 33 30 17 39 23 25 11 24 24 17 9 31 23 33 21 13 16 24 36 28 16 30 11 27 34 16 31 20 16 30 14 39 21 22 43 24 36 24 9 38 18 30 27 21 27 29 12 25 
13 20 32 19 25 11 29 8 28 15 15 20 32 15 18 16 26 26 32 27 18 28 14 10 9 42 24 17 24 21 25 37 9 23 32 18 18 31 37 23 15 42 21 6 36 33 25 17 16 33 15 25 14 31 18 31 18 20 25 24 18 27 24 36 9 35 37 17 31 39 23 23 25 21 27 14 31 31 26 14 23 27 17 26 20 17 28 17 12 17 
19 12 30 17 14 24 36 7 34 13 23 21 26 26 15 17 24 22 31 17 15 36 11 21 23 25 22 27 24 13 13 28 20 26 35 31 33 25 26 26 19 39 17 28 25 22 31 13 14 28 27 11 8 23 25 22 19 21 28 20 34 30 43 13 16 15 29 23 31 24 12 12 23 30 31 32 35 32 20 19 18 26 30 26 38 18 23 21 21 31 
22 20 35 20 18 19 29 13 34 18 29 24 25 18 15 14 15 15 13 28 4 26 17 22 24 42 26 33 35 17 25 16 22 19 40 28 31 36 37 16 14 27 23 33 15 40 22 27 20 26 19 17 17 13 23 29 24 17 22 24 44 36 35 22 12 20 30 13 23 23 28 23 23 22 38 22 33 27 37 29 32 41 25 36 36 23 17 25 9 18 
25 19 44 3 14 17 27 22 28 18 32 21 24 16 12 18 25 27 31 29 20 25 15 27 21 18 32 27 12 14 18 19 22 29 39 16 30 28 27 28 19 28 27 25 23 19 27 22 17 35 38 28 12 29 22 18 26 15 20 30 25 15 21 29 22 18 29 21 21 18 28 22 32 23 36 28 29 25 30 27 18 22 21 47 35 23 26 14 19 42 
23 10 17 18 11 16 31 15 21 8 28 26 23 18 19 16 35 14 19 21 12 32 18 34 21 28 28 19 25 18 12 23 14 32 30 24 31 52 33 23 20 37 11 27 20 20 25 19 12 35 15 22 19 19 23 46 32 18 19 17 30 13 20 20 18 14 34 26 25 28 23 25 26 43 37 22 37 31 15 29 15 23 23 48 19 24 24 40 15 30 
14 16 36 25 17 8 26 16 24 10 14 31 9 17 23 14 32 26 41 38 14 32 20 20 16 33 17 12 16 12 19 8 28 25 21 27 36 37 25 16 21 20 24 22 28 21 30 44 16 20 30 24 22 27 23 43 17 17 21 27 9 40 28 22 10 8 42 22 42 37 16 35 25 31 33 22 35 22 23 31 24 32 15 24 31 23 26 30 20 31 
13 12 17 19 15 25 50 18 26 20 19 32 28 15 10 17 19 25 41 31 22 25 18 24 21 50 24 22 17 19 22 31 19 20 38 34 22 24 25 29 7 21 28 22 20 24 18 5 18 35 27 17 17 28 21 33 13 14 18 20 17 26 34 31 14 21 41 14 16 7 14 30 28 20 24 32 20 36 53 30 21 31 39 39 33 21 26 17 16 44 
14 13 36 26 19 12 26 16 27 16 27 35 32 23 19 20 24 20 40 18 12 27 16 26 21 42 9 18 21 13 35 33 25 20 36 26 36 41 19 27 20 40 21 11 27 35 32 25 22 22 15 16 23 30 25 15 32 12 20 21 32 18 34 18 16 11 40 22 23 27 15 16 23 15 23 25 31 26 28 23 20 13 23 26 23 16 33 29 17 30 
12 15 47 15 19 18 25 19 30 17 13 27 13 23 12 20 8 31 18 11 21 36 14 20 16 34 25 24 14 11 31 36 11 25 28 31 27 33 21 21 14 36 16 30 27 19 23 25 13 32 16 27 17 22 26 41 25 25 9 20 19 23 17 27 10 21 14 11 28 37 20 26 31 38 23 24 22 16 32 23 21 23 27 18 37 16 34 28 16 33 
12 14 35 19 12 15 36 16 40 22 25 23 1 26 21 20 25 21 26 29 25 21 16 27 14 28 25 35 7 19 14 25 33 31 29 35 15 28 33 18 16 26 25 18 16 28 22 29 17 29 18 24 14 41 28 31 12 33 32 20 33 32 39 29 14 27 32 17 28 6 22 29 19 14 38 25 32 27 26 23 30 28 20 27 40 26 31 6 14 33 
20 14 21 31 14 18 33 22 27 21 15 19 24 19 18 5 33 22 38 23 13 34 10 10 20 35 19 12 22 17 27 19 25 26 43 21 25 27 28 23 20 27 23 12 13 28 25 19 11 30 11 19 8 25 32 37 17 14 24 28 35 21 10 25 19 20 4 20 23 29 18 22 22 23 8 24 33 25 36 21 16 25 29 32 28 25 25 21 16 28 
18 13 42 11 9 18 33 13 33 20 27 30 18 27 15 22 30 34 25 28 16 42 19 23 24 28 17 17 15 14 17 15 11 27 32 36 23 38 25 20 22 40 18 27 22 37 19 26 20 31 13 26 24 19 20 22 11 24 32 21 22 24 22 15 14 21 44 18 23 27 23 20 23 17 19 19 26 29 33 17 19 24 10 18 31 15 19 18 13 32 
17 14 24 10 13 14 16 18 45 22 17 30 11 18 9 13 22 28 34 33 21 37 17 18 19 25 8 24 18 13 35 30 18 17 28 28 27 39 37 13 18 18 11 16 21 30 22 36 17 25 18 17 21 28 33 34 19 26 17 21 37 15 39 22 14 20 27 15 30 28 21 21 23 41 24 20 29 21 19 25 23 8 28 30 28 20 29 23 17 47 
18 17 23 10 15 14 32 14 27 9 28 29 25 25 22 15 22 20 36 13 18 27 18 25 13 28 27 20 24 20 24 17 30 35 39 29 20 21 35 25 16 19 24 18 14 25 23 37 12 27 30 19 16 29 32 23 24 16 20 16 20 25 26 27 24 24 25 24 30 25 20 19 20 5 24 12 17 19 14 26 25 34 19 34 33 14 26 28 21 16 
17 18 37 14 12 19 22 13 22 10 23 33 21 20 13 17 36 25 37 36 14 22 13 15 27 23 24 13 20 12 34 32 30 20 37 34 28 37 23 20 12 21 23 23 20 32 27 42 15 36 24 23 18 23 19 25 6 25 17 22 33 24 24 32 16 24 21 16 28 36 8 25 34 25 24 18 17 22 36 16 15 33 17 30 37 13 47 12 19 34 
21 10 39 4 19 16 34 22 36 16 29 25 26 4 16 20 34 24 43 31 19 15 14 17 22 32 20 23 16 8 21 16 32 13 29 33 28 26 24 15 24 39 22 16 19 36 18 39 20 39 23 26 19 3 16 33 18 17 16 17 29 21 24 20 23 10 27 21 25 29 19 18 22 35 21 19 41 18 32 9 28 20 26 33 23 17 33 23 13 32 
19 19 21 5 15 10 36 12 29 7 9 23 24 22 22 15 7 26 19 35 15 32 14 9 21 28 24 22 30 12 13 21 19 16 31 15 23 28 31 23 22 36 12 19 23 22 22 26 19 19 25 19 19 37 35 39 16 22 29 13 13 24 23 32 14 31 41 17 32 30 16 22 22 22 26 23 40 25 18 18 24 32 13 19 38 22 45 22 4 47 
16 13 28 18 14 18 28 16 18 17 18 16 37 19 21 18 29 28 21 37 13 20 13 22 18 41 21 17 35 17 29 18 20 15 24 30 31 33 29 11 14 20 20 25 19 16 27 24 7 5 20 17 12 19 19 26 21 23 19 17 23 29 33 24 23 36 21 6 31 23 15 22 29 26 37 28 27 24 30 21 22 30 15 34 27 20 27 18 17 43 
16 9 16 18 17 20 21 21 17 19 26 39 21 23 17 20 28 21 26 28 17 34 9 21 16 16 20 26 39 12 15 18 24 25 39 21 29 33 36 22 21 26 29 22 23 29 24 31 18 27 24 34 17 30 32 22 21 17 15 8 37 27 18 29 26 20 55 18 20 19 23 30 14 32 26 22 24 18 17 30 14 29 11 39 21 30 37 26 11 22 
15 11 30 3 12 21 41 16 32 13 21 30 22 18 20 13 23 18 37 26 23 33 18 19 18 31 14 21 32 21 40 21 43 30 25 39 29 31 35 10 20 40 24 32 35 38 25 21 11 34 20 24 15 26 34 27 12 17 19 11 24 13 38 39 25 34 18 19 33 27 23 25 28 33 21 26 19 22 26 18 18 33 29 34 39 13 19 19 18 16 
12 14 38 30 16 10 28 21 33 17 17 22 35 27 14 22 37 4 35 25 11 23 12 17 25 15 28 18 23 19 20 23 31 31 20 33 31 32 15 30 18 25 29 19 21 35 12 15 16 17 21 23 15 17 28 31 21 15 19 27 19 26 24 30 13 16 43 20 22 15 21 14 19 27 23 19 33 24 29 18 25 36 29 25 37 15 15 21 16 44 
20 21 36 16 17 22 28 17 23 21 27 17 24 28 22 15 26 34 41 38 13 31 12 3 15 22 13 24 19 16 31 33 22 24 33 34 17 18 42 23 13 34 33 33 21 16 31 31 17 29 17 28 20 36 31 26 14 25 21 22 24 24 22 21 20 13 19 14 21 33 24 24 24 40 21 16 16 37 25 26 22 11 22 28 34 26 23 18 18 32 
24 11 24 19 14 13 38 16 32 13 34 28 30 22 4 16 23 20 19 16 26 37 24 39 23 29 24 14 33 17 22 34 32 27 41 17 37 20 32 25 17 37 15 13 33 35 15 26 15 24 38 4 5 26 34 32 17 8 36 13 26 25 22 26 17 29 31 18 27 21 23 23 34 20 31 20 18 37 20 21 24 12 23 26 24 21 13 26 18 34 
20 19 24 20 24 18 28 7 34 16 34 41 19 22 16 16 29 38 31 27 16 20 19 18 21 36 19 17 26 12 23 30 30 23 28 34 25 23 28 22 21 38 25 32 10 36 24 31 23 14 21 23 16 32 26 19 23 19 21 27 27 24 22 46 18 28 21 23 27 20 14 30 22 29 22 19 35 37 23 18 22 29 14 30 28 18 29 24 16 42 
18 13 25 26 12 10 36 15 28 19 31 21 28 19 21 17 22 15 26 24 18 30 21 18 26 27 24 21 15 14 13 32 31 32 16 38 21 32 28 18 13 28 26 31 17 23 18 31 16 28 24 26 18 37 26 32 20 16 16 34 28 21 30 39 9 20 14 16 12 24 23 18 19 31 27 19 31 34 33 16 33 38 21 23 26 17 23 17 16 25 
19 15 34 10 19 14 40 16 28 17 15 32 26 26 17 12 24 23 39 35 20 29 19 21 24 41 23 22 20 14 24 19 10 25 47 23 25 34 36 18 10 46 25 27 20 24 30 26 18 27 25 19 11 21 33 23 29 23 9 25 30 22 23 18 16 22 25 12 31 18 11 30 15 25 20 26 24 31 11 28 32 33 17 19 25 20 23 25 15 43 
16 20 25 22 21 9 33 10 32 17 21 26 35 20 14 18 24 15 29 38 13 36 19 21 11 15 22 21 27 8 23 20 34 16 35 20 27 28 27 18 18 48 30 32 24 26 24 33 16 25 21 22 15 36 27 17 28 15 16 22 38 16 27 39 18 33 48 22 38 24 16 21 28 41 18 31 28 21 20 25 34 22 27 33 42 15 25 16 15 27 
13 12 27 22 9 12 32 15 33 28 19 33 12 22 18 15 22 28 35 24 21 32 14 27 23 53 22 9 24 7 26 26 29 21 25 19 37 21 26 22 23 37 22 16 30 9 22 20 21 33 14 15 15 23 27 23 18 18 17 24 31 31 26 12 25 27 38 24 26 32 16 15 21 32 20 21 29 32 17 20 27 25 17 48 19 21 24 29 15 35 
22 14 22 19 23 20 30 18 35 15 15 43 23 22 20 17 19 31 29 17 21 19 18 23 13 32 22 12 16 13 16 19 22 20 37 26 17 48 30 21 20 39 22 7 23 32 13 22 20 29 22 23 14 28 24 35 26 17 22 23 21 20 27 24 16 27 40 11 29 17 14 6 18 43 39 30 22 30 26 17 21 24 24 25 30 20 18 20 11 36 
15 11 45 30 14 20 34 10 34 13 19 30 22 24 14 20 14 31 21 20 19 27 6 14 23 37 11 23 34 11 30 30 20 33 32 28 35 28 27 23 20 35 26 20 30 47 35 38 22 30 28 18 14 22 27 31 27 21 19 29 19 23 13 36 22 17 37 25 17 26 10 20 25 27 39 14 30 21 23 24 24 23 23 34 20 22 32 24 14 22 
18 17 23 17 25 12 38 17 14 9 15 38 24 22 27 15 28 24 29 13 22 28 14 23 16 25 24 28 28 10 20 29 27 19 40 27 30 30 26 20 11 19 24 30 28 32 18 27 9 18 22 19 23 30 28 30 22 20 20 19 30 25 26 31 21 28 27 20 30 22 9 23 21 21 23 9 18 23 22 30 15 35 18 31 32 15 17 5 19 30 
15 11 36 16 15 15 35 15 18 24 24 31 16 18 16 14 21 17 33 33 19 21 14 8 28 28 16 18 21 21 20 29 27 17 34 28 28 26 37 24 18 36 24 37 15 27 28 11 18 19 23 18 15 16 30 9 15 14 24 22 29 27 33 40 6 27 44 21 27 19 15 20 27 30 33 23 11 34 34 20 28 25 25 32 43 20 31 34 14 30 
14 18 33 18 15 26 22 13 23 19 30 27 21 19 20 13 37 25 33 24 25 12 10 18 19 24 20 27 18 18 24 17 26 16 18 12 32 24 27 20 13 51 24 16 14 31 30 20 9 33 30 30 17 22 38 21 22 16 22 14 39 16 25 33 9 25 18 12 34 28 13 8 38 33 29 17 25 27 18 26 21 12 15 30 29 16 26 14 6 22 
14 11 34 15 20 4 35 15 28 18 12 24 16 27 19 23 17 30 35 32 12 29 26 26 10 34 20 13 19 17 27 29 31 31 26 26 26 37 28 16 22 38 28 31 24 25 28 3 11 39 15 25 13 27 35 35 18 15 21 24 30 25 23 26 12 22 28 11 20 18 28 21 23 32 21 20 20 32 35 28 21 16 19 33 24 14 26 18 19 36 
19 15 31 34 13 22 27 24 18 19 31 20 27 15 18 14 36 24 16 26 21 33 19 24 24 31 25 16 21 23 24 49 16 33 30 30 16 19 40 12 20 37 17 32 16 28 33 19 21 37 14 22 19 35 44 36 16 15 18 17 32 32 26 28 13 28 35 14 38 27 16 15 35 39 17 23 29 22 26 27 25 13 24 29 38 16 18 21 9 28 
5 13 27 30 17 15 21 12 30 14 17 18 19 24 12 18 31 32 27 37 23 19 15 6 21 38 27 17 20 9 31 20 34 29 31 40 23 39 19 14 11 31 33 35 24 19 14 23 13 32 39 27 24 27 33 24 22 17 24 20 30 26 40 21 20 33 33 22 32 13 25 24 24 28 31 14 22 28 19 25 17 31 23 39 29 20 31 26 16 25 
17 18 27 26 16 18 39 11 37 15 27 26 20 15 16 8 41 21 33 41 21 15 25 2 19 44 11 17 27 12 33 19 14 20 22 21 43 26 28 17 15 38 24 21 23 33 36 34 13 25 5 21 20 26 30 17 23 17 18 29 27 24 28 13 21 22 37 16 34 19 22 24 21 27 38 23 19 30 28 22 17 19 17 25 18 18 21 23 22 27 
13 18 33 14 7 10 46 9 21 19 17 27 26 25 14 24 14 33 53 32 14 35 4 26 26 29 39 16 17 21 25 17 36 27 16 23 27 32 41 15 27 25 23 24 22 34 22 30 13 27 24 29 19 33 32 23 15 20 28 19 16 31 28 23 14 18 23 26 36 5 20 18 25 30 39 23 44 24 31 19 33 22 8 36 42 20 26 18 19 41 
13 10 39 19 14 13 36 19 22 12 26 26 20 27 22 18 25 13 25 22 24 28 21 5 29 33 14 18 32 13 18 24 18 16 45 28 41 48 44 12 21 22 25 26 19 20 25 27 19 24 14 24 22 33 29 26 17 20 31 16 24 22 28 27 16 19 38 19 22 13 18 17 22 22 23 27 27 15 30 20 15 16 21 26 36 15 44 32 16 34 
14 20 32 18 11 26 38 13 32 19 18 26 10 16 13 18 32 41 32 34 11 32 18 29 17 38 22 25 30 21 20 31 22 32 27 26 23 29 29 13 23 31 22 12 11 41 14 48 12 46 37 16 14 24 21 28 26 14 22 22 33 23 40 31 21 23 36 26 31 30 18 18 28 24 27 24 32 26 33 23 15 20 15 22 38 19 26 21 14 22 
13 13 31 25 19 21 30 11 21 18 31 20 40 15 22 14 21 17 21 33 26 23 13 18 21 27 22 26 17 16 19 26 27 14 23 29 23 35 26 17 22 14 20 11 29 33 20 49 16 22 42 11 20 30 15 23 27 17 8 16 17 13 23 23 13 19 23 24 21 14 11 17 22 25 35 33 11 31 24 27 19 35 19 25 30 22 12 25 14 20 
12 11 44 12 15 27 22 13 26 14 18 21 25 25 15 15 26 22 25 27 11 30 17 20 13 10 35 26 23 14 24 23 17 33 28 33 29 43 25 12 16 30 21 20 12 25 29 23 21 26 26 14 22 10 37 34 18 8 5 18 13 21 31 28 21 27 35 18 10 30 19 12 20 38 23 25 40 35 29 23 14 37 20 36 30 14 30 26 16 36 
26 18 19 28 13 14 44 16 36 13 18 29 10 24 21 12 14 38 24 21 10 14 12 14 32 27 31 22 27 14 23 18 38 23 40 30 23 22 31 27 15 23 25 35 27 28 25 21 14 26 18 23 21 30 22 40 11 24 19 23 29 9 21 27 12 15 41 24 31 44 18 11 29 35 31 21 38 20 40 29 21 34 19 29 31 25 20 21 18 48 
12 12 40 19 6 17 25 16 38 19 20 17 20 20 14 18 32 33 27 30 26 30 12 9 21 18 16 18 28 10 30 16 31 38 26 24 18 11 34 14 10 11 14 12 18 28 24 25 19 31 11 41 12 20 34 31 22 20 27 12 31 25 32 16 13 24 24 18 27 36 13 34 19 29 30 33 34 11 40 29 17 18 17 25 30 20 29 17 10 32 
16 12 30 23 21 22 28 13 34 16 18 26 34 12 12 16 34 22 22 19 17 37 18 16 21 33 18 16 28 19 14 37 19 22 26 32 10 23 23 33 18 30 29 22 33 24 19 22 21 26 32 6 20 26 15 33 21 25 26 26 27 35 35 31 16 28 33 16 32 37 12 23 17 36 26 21 30 28 28 30 23 33 20 29 27 10 24 26 21 27 
9 15 26 21 15 24 15 22 30 16 30 30 13 21 7 24 17 24 31 23 22 28 10 12 29 28 16 14 23 13 17 28 28 31 25 27 27 23 25 12 14 25 21 39 22 26 18 29 19 35 18 23 21 26 32 31 17 14 29 11 33 26 30 27 22 18 25 19 27 42 21 19 28 17 16 31 40 29 27 26 29 28 16 21 37 2 37 26 17 8 
21 19 25 15 17 22 32 19 29 13 14 22 15 19 10 15 28 26 19 38 12 38 12 16 30 42 17 21 20 13 24 19 10 31 25 23 42 30 23 24 19 25 22 12 29 19 26 26 17 29 22 23 7 39 28 13 21 17 30 25 20 19 23 34 13 20 29 13 31 21 25 19 20 10 26 14 32 19 24 22 31 43 29 32 33 21 15 17 16 31 
26 22 37 12 17 17 42 13 29 12 23 23 37 15 13 14 41 27 21 13 15 37 9 27 22 14 9 11 27 17 19 30 23 24 15 35 21 46 27 14 17 19 29 31 18 20 21 28 17 31 26 19 21 26 29 30 20 19 19 15 24 31 36 10 13 31 31 23 34 21 13 19 21 35 25 21 20 28 27 40 26 20 24 37 29 17 25 22 21 39 
16 17 25 20 16 15 30 20 31 20 27 24 21 18 17 21 17 21 23 26 20 18 13 11 12 25 26 17 26 11 30 24 26 20 40 23 22 33 31 32 24 26 28 18 27 24 23 29 20 20 25 27 17 32 26 32 22 18 21 23 35 19 47 22 17 30 27 23 17 35 19 24 8 30 17 31 12 29 26 21 23 17 27 19 43 22 13 15 11 22 
19 10 26 14 15 20 28 16 34 21 22 27 33 32 3 20 26 33 25 27 25 25 12 21 24 27 14 21 23 21 26 29 26 36 31 18 30 14 24 20 8 27 17 20 17 38 29 36 8 27 34 15 11 35 33 36 24 18 22 19 24 28 22 26 15 25 40 11 30 27 13 31 16 33 20 15 30 24 35 25 22 26 16 27 32 20 36 9 16 13 
16 18 31 25 15 22 26 16 27 14 23 33 17 15 22 23 29 29 44 23 22 38 15 23 23 26 15 20 22 6 33 38 25 31 31 27 40 42 29 31 14 12 26 24 19 16 7 38 22 24 29 14 10 24 36 25 24 20 28 21 21 27 7 31 11 19 22 15 38 26 22 21 25 36 24 12 17 19 38 21 18 21 18 18 33 28 27 2 18 27 
18 22 24 17 8 18 27 11 21 3 7 20 27 11 13 22 21 20 35 28 12 32 17 25 29 37 18 26 39 13 27 23 13 29 36 18 17 29 36 17 25 26 20 38 15 35 24 29 24 27 23 23 14 19 25 37 26 16 19 14 21 18 16 25 20 18 28 11 26 21 25 17 20 26 20 35 28 24 29 23 20 27 29 27 33 23 31 12 14 31 
19 17 36 16 6 9 29 15 28 15 12 12 22 23 15 17 19 24 38 37 20 47 19 18 20 28 14 17 25 10 25 21 22 30 46 21 34 26 22 23 9 33 32 17 23 41 31 36 15 42 27 26 20 17 29 37 18 24 17 6 29 17 21 21 17 24 27 29 31 31 18 29 28 21 33 19 32 21 20 7 5 10 10 34 20 14 23 21 19 40 
17 15 32 15 22 16 20 18 13 21 28 35 32 31 16 20 11 17 30 18 13 38 21 25 16 30 20 19 21 18 25 24 32 22 31 25 26 31 20 22 8 25 40 16 30 31 26 19 16 24 37 23 14 41 22 27 14 20 29 19 24 28 26 26 17 18 23 23 39 16 19 15 25 22 36 18 18 29 24 25 17 36 14 17 25 18 31 19 15 29 
18 16 31 19 11 16 34 10 27 12 28 28 23 22 18 22 18 25 31 27 11 27 16 34 25 32 22 15 30 11 27 26 25 32 44 18 38 23 16 26 19 27 22 30 16 27 31 21 18 29 19 10 23 32 20 32 21 25 13 21 26 20 21 37 21 33 30 23 16 28 12 9 18 28 23 31 23 27 22 25 28 24 29 21 44 22 22 18 20 20 
14 20 33 21 19 20 18 14 19 19 34 17 28 23 13 12 31 14 15 39 25 25 16 14 22 33 15 24 15 12 23 19 22 30 21 21 40 38 28 27 17 31 21 7 27 34 20 19 16 27 25 23 15 34 28 43 18 21 17 29 20 23 21 35 13 16 21 15 28 28 19 17 18 21 22 13 32 30 28 13 15 24 27 30 38 22 31 28 7 44 
12 11 28 17 14 11 35 14 40 18 32 38 29 20 14 25 17 19 40 33 20 27 18 20 18 30 24 21 36 15 33 14 22 25 28 34 23 24 26 19 19 28 27 22 33 26 20 28 11 20 14 13 15 25 16 25 22 21 21 20 31 29 19 27 14 24 23 13 30 10 11 24 30 22 31 16 37 25 29 29 19 38 25 33 24 20 28 14 10 22 
12 18 21 13 14 15 30 11 27 13 25 27 14 20 17 30 13 14 33 31 22 3 13 20 19 24 23 23 14 14 23 12 37 28 20 32 12 17 23 10 23 46 28 14 9 33 16 13 8 25 24 27 21 23 23 28 24 19 25 25 34 21 35 24 14 16 20 11 31 11 12 26 30 21 14 26 29 23 29 26 31 29 24 40 24 19 26 29 21 26 
18 4 36 15 18 24 40 12 36 18 27 35 22 20 17 25 25 27 27 29 16 23 19 19 21 31 27 21 38 20 34 27 25 23 34 24 26 21 13 24 15 32 21 22 23 26 31 26 18 33 28 24 20 30 16 41 17 20 15 32 38 34 17 31 13 23 38 25 24 24 23 23 28 14 17 28 50 28 23 17 29 29 28 24 31 11 20 10 19 25 
16 21 24 23 7 19 16 23 38 17 14 18 36 21 17 12 17 17 39 41 17 36 21 20 8 33 24 20 27 15 25 34 34 26 20 27 36 21 33 29 19 56 19 20 17 20 24 28 9 25 15 23 13 38 22 28 30 16 21 19 31 31 23 18 23 18 35 18 27 31 16 24 20 34 18 23 28 19 26 11 28 26 27 35 25 32 8 25 19 31 
11 13 17 12 16 16 18 14 24 12 17 19 23 30 17 19 18 34 22 17 9 8 15 18 26 39 18 17 26 17 29 16 14 27 18 41 22 32 35 25 17 24 30 29 10 43 26 39 13 37 22 27 21 16 33 22 22 17 22 9 20 18 26 34 21 19 28 12 22 42 14 21 17 18 35 27 40 34 13 16 14 34 24 26 40 25 26 23 19 22 
19 17 21 28 20 22 24 16 23 14 22 24 32 28 8 10 18 25 26 12 11 14 16 25 14 24 27 25 25 16 17 21 15 21 25 23 36 33 20 20 16 35 21 25 28 29 29 21 16 16 28 23 20 31 27 22 23 12 30 34 20 9 29 25 12 22 24 11 39 25 21 19 30 40 28 20 43 30 40 22 22 36 19 15 36 16 20 18 21 29 
11 12 33 17 16 19 32 15 39 14 25 22 29 26 14 22 29 42 42 31 14 26 27 14 28 35 33 25 21 22 29 31 28 24 24 32 21 48 21 20 13 26 31 25 32 28 15 18 18 27 21 24 13 31 24 23 20 18 21 22 41 21 27 34 19 26 30 17 20 25 25 18 20 25 29 32 24 18 33 25 37 25 24 18 21 20 31 26 17 25 
20 16 32 29 18 14 32 13 26 11 25 28 10 20 17 8 44 19 50 29 13 21 13 24 18 25 21 24 26 24 23 21 18 18 22 33 12 33 35 17 16 60 23 24 10 11 15 24 24 21 33 14 11 33 29 23 20 16 26 32 20 37 33 25 22 28 30 14 26 25 17 15 22 26 23 20 21 39 26 21 28 25 23 21 38 13 27 28 20 39 

MachineCapacities:
MachineID Capacity
0 10
1 10
2 10
