NumTasks NumMachines NumScenarios
25 3 500
TaskDetails:
TaskID ReleaseTime ResourceConsumption SuccessorsCount Successors...
0 0 6 7 7 2 1 4 
1 0 2 2 3 1 2 
2 0 1 8 2 2 3 5 
3 0 5 7 9 1 6 
4 0 9 3 8 1 6 
5 0 6 7 6 1 6 
6 0 5 7 10 2 7 8 
7 0 6 5 10 1 9 
8 0 4 6 6 1 9 
9 0 5 6 4 0 
10 0 10 9 4 4 12 13 14 15 
11 0 1 9 9 4 14 15 16 17 
12 0 4 5 4 1 17 
13 0 1 8 1 1 18 
14 0 9 1 3 1 18 
15 0 1 4 3 1 18 
16 0 4 8 4 2 19 20 
17 0 2 4 2 1 18 
18 0 4 7 6 2 19 20 
19 0 7 4 5 1 21 
20 0 6 7 3 2 21 22 
21 0 8 10 8 2 23 24 
22 0 5 3 9 0 
23 0 8 6 3 0 
24 0 2 2 2 0 

20 22 19 37 31 24 21 3 14 43 17 15 18 16 32 32 29 18 17 17 15 9 15 21 12 11 22 16 29 16 20 25 38 13 18 31 20 13 13 17 25 40 15 13 14 30 12 18 31 25 31 25 17 22 36 13 28 26 17 29 20 31 25 15 32 11 26 12 44 15 25 11 21 29 21 
21 16 27 34 26 36 35 36 27 21 26 25 22 16 27 40 17 25 13 6 37 25 22 15 37 24 24 25 18 13 21 28 16 21 14 25 30 22 16 41 13 29 39 21 16 28 15 17 18 26 29 54 22 19 23 44 16 21 19 27 22 17 21 29 34 22 31 24 13 18 23 13 17 25 23 
6 12 20 39 17 31 22 22 21 28 17 26 26 19 25 29 22 11 17 20 22 16 30 26 25 28 22 13 35 16 29 27 28 26 15 28 25 12 20 29 33 8 29 21 18 26 17 16 18 32 27 26 16 25 25 17 20 24 18 12 14 29 28 21 27 19 15 17 39 14 38 18 38 27 14 
11 16 15 29 30 40 34 28 26 35 11 34 22 14 16 27 30 22 14 17 29 22 27 19 22 34 22 37 39 14 27 34 22 18 19 39 23 16 18 21 36 27 40 24 9 15 16 15 32 19 35 29 11 26 22 16 24 19 18 40 17 23 23 20 22 13 17 19 28 17 25 12 31 27 20 
17 19 25 20 16 35 30 34 17 29 14 25 28 31 30 23 23 28 14 30 29 12 21 32 24 11 21 28 16 18 38 33 35 16 19 26 11 13 20 33 40 32 30 11 22 31 17 14 14 11 27 33 6 22 20 16 20 15 19 32 14 28 23 14 26 18 19 18 14 20 6 19 29 43 15 
13 16 22 14 17 25 27 26 27 29 15 21 28 27 33 31 24 26 16 20 23 24 10 13 17 24 30 20 26 14 28 31 18 23 19 30 25 9 16 22 34 53 39 23 14 18 11 10 28 20 29 39 22 29 38 28 17 15 16 27 17 29 28 11 30 33 36 18 25 18 7 19 41 21 7 
31 17 22 27 32 35 22 27 24 24 12 26 33 15 33 23 29 16 16 18 42 10 18 11 36 27 21 31 18 16 33 23 27 22 19 31 25 21 18 30 27 39 16 13 21 20 14 14 25 25 46 34 17 24 23 33 29 27 15 32 26 22 32 13 14 15 25 20 32 16 27 22 25 26 16 
13 16 21 36 7 41 33 23 23 13 17 32 38 15 40 20 27 22 14 23 32 19 19 14 32 33 23 30 32 22 27 21 17 26 20 35 27 17 16 27 26 33 38 15 17 24 10 14 18 23 24 37 19 20 29 31 22 22 26 22 27 10 25 16 21 22 34 16 19 21 25 20 39 34 14 
9 18 21 20 24 39 40 18 17 25 15 23 35 21 19 13 25 26 20 30 7 17 20 18 36 33 30 28 21 24 21 28 19 28 15 32 17 12 6 20 36 45 24 10 13 18 27 18 21 23 24 26 20 12 32 28 22 11 19 27 22 15 15 20 27 21 25 19 41 18 4 17 24 28 10 
17 9 20 27 27 35 19 31 16 24 17 24 39 13 30 32 20 33 24 27 17 21 12 20 38 28 32 28 34 12 22 16 29 21 23 20 28 14 6 32 36 41 28 18 18 28 19 21 17 25 36 37 9 10 16 24 14 24 2 29 19 29 38 17 40 24 35 25 32 11 24 13 38 31 22 
16 13 15 24 21 32 19 11 11 14 19 36 21 36 29 30 17 14 20 21 21 28 18 31 34 16 15 21 33 15 25 13 34 16 19 32 18 11 9 30 46 30 51 20 10 26 20 24 26 32 26 24 15 18 21 29 28 25 8 31 22 28 31 6 26 12 37 19 33 16 24 14 34 28 16 
18 25 22 29 25 43 28 28 20 9 14 31 21 16 52 32 19 24 15 29 20 18 25 19 9 15 3 36 16 17 22 27 30 14 21 11 27 16 19 20 43 24 20 26 18 25 24 18 29 15 20 24 17 25 36 30 21 19 17 32 31 21 21 16 22 17 26 18 27 16 20 18 28 32 18 
15 15 27 10 20 23 15 26 31 26 16 34 29 22 36 15 15 20 14 17 33 17 22 12 35 32 22 30 31 22 32 20 35 21 25 27 36 8 14 32 20 21 28 13 20 23 23 24 25 27 26 21 12 11 29 26 20 9 12 16 42 25 37 18 24 17 20 23 32 14 31 17 34 23 9 
17 20 15 33 19 33 19 40 20 24 27 28 30 13 18 29 31 20 15 16 24 16 19 24 15 32 23 21 30 16 31 33 7 19 23 31 24 13 17 14 39 19 40 19 9 33 17 17 36 22 22 33 16 11 28 16 23 21 20 31 15 35 24 16 21 18 26 24 37 13 21 12 22 37 15 
14 22 23 32 30 25 18 15 29 19 24 25 13 18 32 24 17 20 18 23 27 22 26 22 26 36 20 21 26 18 21 24 34 20 9 27 25 11 14 25 36 17 38 21 19 26 13 12 22 17 31 40 16 20 24 28 27 21 19 31 18 14 38 12 19 13 27 24 38 18 30 20 18 14 13 
11 19 27 34 19 37 23 33 27 22 12 23 35 23 35 19 20 27 16 26 29 15 20 20 19 32 28 19 31 25 25 31 22 14 17 32 29 17 19 18 34 28 43 22 19 24 28 21 21 41 12 27 13 24 28 32 33 30 20 34 24 15 16 16 22 11 35 17 22 15 21 19 26 36 15 
17 20 12 16 17 14 33 21 12 35 13 21 32 10 37 23 26 31 18 34 21 11 20 19 20 20 26 27 28 15 42 19 44 20 17 26 21 15 18 26 11 22 31 25 11 18 22 15 40 35 23 27 21 16 31 23 16 28 16 33 24 14 14 21 38 10 38 22 26 13 27 10 33 26 13 
15 18 21 17 26 21 30 36 21 25 13 14 21 12 29 48 22 17 16 22 25 20 15 11 37 31 21 27 32 14 28 31 32 19 11 28 22 12 16 39 14 30 37 15 16 35 12 15 22 22 30 36 16 17 30 25 14 4 14 48 18 34 28 24 32 23 31 25 28 20 23 19 13 37 15 
12 21 24 34 20 22 43 23 22 20 9 36 20 19 27 39 25 28 11 26 38 8 28 31 20 33 24 15 28 15 37 30 44 23 15 16 29 21 17 25 31 33 43 16 25 24 17 19 29 30 38 34 19 20 29 29 6 23 16 18 26 12 29 25 28 29 34 18 34 23 21 17 23 23 7 
19 21 17 31 19 27 32 42 26 13 14 46 32 29 28 30 22 23 14 22 29 18 17 20 11 18 32 33 24 16 23 29 28 31 22 22 18 14 14 32 32 41 29 19 9 39 16 14 28 34 38 30 12 12 28 18 34 32 27 17 20 23 31 17 21 32 23 16 43 16 22 14 35 25 13 
16 16 22 30 29 45 35 34 30 14 12 28 17 11 19 27 12 22 18 18 34 25 16 18 24 31 25 28 35 20 19 27 26 17 21 18 33 17 12 20 32 39 23 10 17 31 20 14 26 33 18 18 10 17 30 25 17 14 23 17 26 27 28 21 28 12 25 22 27 14 29 14 34 23 12 
13 12 12 44 25 36 32 27 28 32 12 25 38 20 33 30 27 18 16 20 27 9 12 21 25 21 26 28 21 22 53 24 21 18 12 36 13 13 13 24 21 20 20 15 20 17 19 22 27 20 31 39 18 28 25 24 16 18 15 42 24 20 34 14 27 24 20 12 30 14 12 23 36 32 20 
16 14 20 23 28 18 41 22 24 29 18 25 26 16 38 28 10 26 20 25 25 24 16 28 25 21 33 13 29 18 38 31 4 26 22 32 21 6 18 28 26 33 51 27 18 17 17 19 25 36 22 32 4 20 19 28 18 21 17 22 21 24 45 21 20 23 27 21 20 19 35 8 27 28 13 
18 18 18 29 21 33 37 34 23 21 23 30 30 17 15 39 16 18 13 31 30 19 24 25 32 25 25 32 34 13 25 9 22 17 19 29 28 18 21 16 31 16 40 24 23 31 13 18 37 20 28 28 26 16 29 28 20 7 17 40 18 16 20 15 21 20 26 19 48 9 18 8 35 17 14 
18 11 24 24 25 37 26 27 22 23 14 11 31 20 25 26 24 20 16 26 33 20 16 22 15 36 33 27 23 9 41 13 25 20 11 34 26 13 10 25 26 36 22 15 16 25 29 13 26 37 27 26 12 16 15 32 21 25 20 20 21 18 33 21 32 16 27 19 35 20 22 12 34 33 14 
10 17 29 13 22 43 32 20 35 23 13 11 25 27 25 23 13 10 15 30 39 24 10 19 24 12 27 26 23 16 31 21 16 22 21 24 27 17 17 28 40 39 41 21 14 43 9 16 10 27 16 26 15 8 26 25 20 19 20 18 27 19 34 25 22 24 17 26 29 14 19 22 41 31 21 
17 15 18 23 26 32 28 34 21 28 15 26 27 17 42 33 16 20 15 26 21 8 18 14 10 23 20 29 31 14 18 22 43 32 27 11 35 18 15 20 27 18 16 22 14 34 16 18 23 15 32 14 11 12 18 28 15 13 17 36 17 12 35 13 22 22 26 20 30 10 17 9 22 19 14 
17 18 24 26 25 30 33 45 26 24 21 17 11 18 34 33 25 29 18 33 26 16 16 24 28 8 23 31 20 14 41 32 30 18 17 21 26 11 20 31 35 34 34 24 17 31 20 14 24 19 31 21 12 19 16 16 18 10 20 30 13 32 22 16 35 23 27 11 22 17 25 14 26 39 16 
17 15 16 32 14 25 22 19 15 28 17 19 24 26 44 27 10 16 16 20 12 24 16 28 22 38 20 22 29 22 17 32 38 21 25 18 21 17 19 32 31 26 42 11 17 34 16 11 24 12 29 36 17 19 26 21 22 14 19 32 16 36 40 16 22 29 22 19 33 7 20 14 40 35 15 
25 16 26 33 22 31 22 40 25 22 9 22 23 13 30 25 32 21 18 12 31 19 16 24 9 14 28 30 15 18 20 16 26 23 21 32 31 28 18 22 33 22 20 21 10 15 16 18 29 32 19 39 18 14 21 24 13 11 20 35 24 35 39 15 21 26 19 17 15 11 17 15 39 26 14 
15 15 22 21 15 34 27 31 10 21 12 24 27 18 33 18 26 33 11 32 25 17 19 28 39 30 30 17 33 18 22 30 17 24 27 29 36 14 16 21 29 32 36 17 18 32 12 15 32 21 18 29 5 8 25 19 25 19 21 24 24 9 31 10 27 18 37 23 24 18 21 17 31 31 19 
18 11 16 24 22 31 25 26 10 14 15 18 21 18 29 36 14 31 18 18 17 19 16 17 24 30 37 27 25 9 12 36 22 21 13 29 19 19 12 28 33 35 14 25 9 18 22 14 39 40 31 37 16 29 17 15 33 22 20 37 19 20 42 17 30 18 22 9 16 18 27 11 39 33 12 
9 11 27 28 25 16 31 37 23 17 22 21 34 15 39 12 31 33 19 17 30 21 16 14 17 28 18 35 31 25 28 22 23 19 17 29 17 18 15 35 36 39 23 22 14 32 24 24 29 26 34 28 12 23 20 19 23 22 22 29 26 25 15 20 13 18 21 12 41 20 24 15 24 34 12 
22 13 27 39 20 29 28 33 25 37 14 19 21 30 38 29 19 28 16 23 32 25 15 15 31 39 20 28 32 16 31 40 24 28 17 26 34 12 16 25 21 58 22 22 17 19 29 19 19 25 24 34 17 19 32 25 28 18 17 47 18 26 24 29 14 22 29 15 23 15 26 10 23 26 10 
21 20 27 29 20 32 11 23 29 18 24 31 18 19 39 13 27 22 19 27 39 24 24 21 25 24 29 26 26 16 27 34 27 19 20 31 13 14 18 26 35 42 40 14 19 14 15 15 15 26 21 22 6 17 19 25 19 19 23 49 29 11 21 14 24 17 27 22 35 20 18 24 38 24 22 
17 14 23 33 29 33 31 34 23 10 11 34 29 21 28 16 25 38 9 30 10 24 23 26 19 35 24 29 38 13 44 16 21 15 29 31 33 12 16 19 21 26 33 16 17 40 18 21 28 26 30 39 19 12 29 27 17 23 21 36 14 36 38 19 14 19 29 17 39 12 20 11 26 22 16 
13 7 25 19 22 23 40 27 27 25 9 26 36 14 23 26 12 31 15 23 36 18 9 19 26 24 33 27 22 20 33 23 27 18 19 29 34 16 18 19 18 32 35 24 12 24 17 22 23 16 29 18 20 17 27 15 16 29 9 22 26 34 36 12 25 26 30 14 32 17 24 12 24 33 20 
19 18 31 31 12 26 31 20 16 24 16 28 14 20 28 27 16 34 13 28 23 16 25 24 19 33 24 33 38 16 24 31 30 17 15 14 23 14 16 24 26 33 29 21 16 32 17 13 17 31 30 26 20 16 22 19 25 25 14 26 25 18 16 18 26 17 11 21 36 13 24 18 32 33 15 
18 12 24 29 32 29 22 20 29 27 13 27 18 7 32 23 21 27 17 25 20 23 16 21 40 31 24 26 36 12 20 33 23 21 25 23 18 11 16 7 38 43 34 14 16 27 11 15 15 24 22 36 11 17 25 18 20 23 26 37 16 24 17 19 30 20 35 15 36 17 26 17 30 31 15 
14 23 21 31 27 20 19 36 27 27 18 22 32 21 32 32 11 31 21 40 36 18 17 13 16 21 22 27 17 17 34 30 17 16 23 16 32 18 8 31 17 29 40 22 20 14 27 15 8 30 23 32 13 19 23 24 20 19 12 23 30 20 25 20 19 19 25 17 37 20 26 17 29 24 19 
19 14 29 25 13 20 26 24 16 17 20 18 24 10 27 36 31 21 13 22 28 28 21 25 30 30 20 20 33 12 7 33 22 16 18 17 24 12 19 29 29 34 36 13 21 24 20 14 32 34 23 25 15 26 39 28 23 28 16 27 20 16 21 15 13 21 24 15 35 13 16 17 21 35 12 
16 14 17 30 25 25 20 20 23 15 15 30 18 23 27 27 18 16 12 16 25 27 27 19 24 17 25 27 11 21 21 23 31 10 16 25 21 18 17 26 30 29 25 22 15 26 20 18 20 41 27 28 16 18 22 28 11 20 10 26 22 17 27 17 24 26 18 18 32 18 32 19 31 38 15 
13 12 12 32 30 26 21 14 22 19 20 32 16 10 23 14 27 30 17 25 33 19 14 20 26 15 22 21 34 17 17 25 38 29 17 29 20 15 13 21 36 40 28 10 14 21 22 17 28 17 34 27 11 16 36 28 9 23 25 23 22 29 19 27 28 22 28 6 14 22 16 24 8 45 13 
12 17 16 37 14 18 20 26 21 16 21 21 29 17 18 30 29 28 21 19 22 17 20 21 31 40 8 35 26 15 44 27 8 31 17 38 33 20 18 26 28 20 27 21 19 24 28 16 18 31 24 27 11 25 30 27 17 24 18 20 14 23 18 11 21 34 38 4 29 23 14 18 31 34 10 
13 15 35 24 20 36 32 10 32 21 22 21 34 21 10 22 22 21 16 24 23 20 20 23 27 38 27 18 31 6 38 24 23 13 17 23 32 14 15 26 33 40 31 12 18 23 15 13 24 21 33 29 20 22 18 25 23 14 12 40 14 15 41 23 23 24 22 19 30 18 19 21 31 30 13 
17 14 15 31 26 27 21 31 15 20 7 27 24 15 41 25 17 32 19 23 27 16 24 19 26 30 13 33 30 17 27 32 22 25 22 31 11 18 18 7 28 33 29 18 18 23 20 20 19 20 18 29 20 19 28 22 22 16 20 21 12 33 25 20 30 14 25 15 39 11 28 18 24 27 21 
15 19 8 36 23 29 23 33 26 24 12 23 31 28 19 23 8 29 9 14 22 18 17 17 23 11 16 23 36 13 29 28 18 17 18 28 35 21 18 36 29 27 36 12 9 29 18 28 28 18 30 36 14 22 19 31 30 15 18 22 26 26 20 13 27 19 25 10 29 14 29 15 36 30 15 
14 23 33 44 11 23 32 13 31 18 17 26 29 17 15 29 19 27 12 26 17 16 24 18 28 33 23 25 20 11 30 21 28 19 9 32 26 15 11 20 33 42 20 19 11 27 21 18 24 17 21 35 23 20 23 32 17 11 15 18 18 28 43 16 29 22 12 21 27 15 16 13 31 28 10 
18 21 19 23 18 27 12 22 27 23 13 17 31 23 18 23 23 25 17 30 31 14 30 14 27 10 20 28 17 11 50 13 22 20 13 23 37 13 15 28 22 35 20 18 16 30 23 19 28 26 29 26 14 17 17 24 39 16 21 23 27 35 24 23 26 17 29 17 23 10 26 18 25 46 9 
10 20 18 19 23 27 34 25 32 19 14 28 24 24 38 17 19 20 14 31 14 18 22 19 21 24 28 31 22 20 27 35 24 16 13 26 28 21 13 13 32 50 32 22 6 29 6 17 32 25 10 25 22 17 32 20 16 28 23 21 23 27 42 5 33 24 19 8 39 21 19 19 29 38 18 
12 19 27 23 21 47 30 28 23 19 19 36 37 18 29 18 28 18 10 27 26 14 8 15 27 21 13 28 37 20 32 13 36 17 16 40 43 14 21 25 30 18 35 16 9 22 15 22 36 33 10 35 15 24 36 21 24 21 21 31 34 26 36 18 20 22 33 18 27 11 28 9 46 30 12 
21 20 22 30 26 24 34 30 25 26 18 26 21 19 26 21 27 13 17 26 33 19 15 16 27 38 27 15 28 18 26 15 21 11 22 25 33 15 17 21 21 34 27 12 20 18 23 16 30 17 9 40 14 18 31 19 30 16 23 20 15 17 55 15 32 17 28 21 33 17 19 13 32 26 14 
20 13 27 40 20 31 17 28 25 20 16 27 31 20 29 21 20 38 19 23 29 23 30 23 30 24 14 32 21 18 31 15 26 19 18 33 25 15 17 31 24 30 27 26 12 23 21 16 36 22 24 46 14 15 20 27 14 21 24 21 11 24 25 25 28 21 34 23 21 19 25 13 19 30 16 
11 19 9 24 29 54 29 26 11 20 14 24 41 14 30 12 22 16 16 23 28 29 17 20 15 32 17 21 14 13 29 16 34 20 22 22 28 8 18 25 41 27 38 24 12 37 18 12 11 23 20 32 20 17 29 33 22 15 20 8 26 21 28 15 30 19 28 17 22 18 18 18 36 24 15 
22 14 18 37 5 32 15 18 9 21 18 7 31 24 25 30 15 23 18 25 29 13 23 15 29 22 31 21 28 15 25 17 36 21 21 18 25 19 9 28 35 40 22 12 15 16 11 19 20 25 33 14 16 25 21 29 18 21 16 15 18 24 21 17 24 18 30 22 25 13 25 7 39 34 13 
14 8 18 42 15 4 17 40 30 26 17 11 33 34 24 23 20 27 16 9 31 15 30 14 27 22 20 39 26 20 29 22 26 20 21 30 27 22 20 16 29 42 30 25 1 29 24 20 25 23 24 19 18 26 18 24 31 32 17 34 12 25 25 12 26 15 18 9 39 21 18 14 38 37 13 
13 24 15 32 16 16 33 34 21 23 13 15 32 29 29 17 27 26 13 22 24 25 18 18 21 32 23 17 34 17 38 21 33 20 18 33 13 12 15 33 40 25 20 16 13 21 19 14 28 23 34 28 13 10 20 32 14 9 24 24 19 17 26 17 32 23 30 8 24 20 17 13 22 33 15 
12 22 24 20 33 34 41 23 23 29 14 19 18 16 25 26 12 20 11 24 25 16 34 23 27 23 22 8 24 17 28 24 30 11 23 27 11 23 9 28 29 23 49 19 19 21 6 22 23 27 20 36 16 19 30 13 31 22 24 23 11 20 35 9 28 20 28 18 27 17 20 21 28 36 11 
15 18 29 15 26 27 17 36 23 24 19 17 19 24 27 22 22 24 18 21 27 12 13 17 18 28 22 22 30 15 20 18 22 35 11 32 30 7 9 23 27 35 21 23 13 15 17 13 23 22 48 33 16 20 24 23 16 27 7 31 21 28 18 18 30 30 16 12 34 9 10 12 30 39 18 
12 19 29 31 24 26 39 23 29 31 15 17 27 18 31 19 11 31 18 22 49 25 14 13 20 35 30 29 24 16 35 27 11 19 7 36 25 13 17 48 28 29 19 11 22 31 20 13 26 25 32 44 26 17 34 31 36 21 24 38 17 22 36 14 17 17 17 13 34 13 15 11 48 25 13 
20 13 22 29 21 29 29 20 24 22 18 32 30 32 33 19 31 27 13 25 23 23 15 30 33 44 21 35 27 16 22 16 23 22 15 26 35 8 14 28 25 36 25 21 17 24 19 22 28 39 10 31 23 12 31 15 18 16 16 38 20 17 26 14 33 19 39 21 41 15 19 13 42 33 16 
17 17 32 27 23 38 26 35 25 18 11 7 27 27 33 33 24 22 12 18 23 16 19 17 8 35 28 28 27 18 31 20 23 30 21 37 20 16 18 34 30 25 44 11 16 19 20 17 28 16 31 34 16 21 32 32 21 22 20 22 25 26 32 27 15 19 40 17 25 19 18 17 26 30 13 
10 16 21 38 22 24 20 17 18 37 19 34 27 20 37 33 18 33 18 26 34 23 17 17 27 36 23 10 35 10 34 26 17 14 17 40 29 15 10 25 27 16 38 25 16 22 8 16 30 25 22 25 13 10 22 24 17 23 21 24 23 27 37 6 12 30 19 20 24 11 26 15 25 26 15 
14 15 28 26 19 22 21 43 23 27 22 35 27 15 36 31 13 19 17 20 25 19 14 23 16 21 26 12 29 17 32 17 24 15 29 38 29 4 9 27 51 43 17 15 12 30 20 16 28 27 21 33 22 21 35 25 12 19 24 34 24 40 30 14 29 18 30 17 22 10 23 19 23 35 16 
15 20 31 38 24 9 30 31 18 22 11 20 23 23 29 37 21 23 11 24 15 15 14 15 36 44 23 26 12 19 25 23 22 24 15 27 23 21 20 19 20 36 45 24 17 26 17 26 26 19 43 33 19 16 31 20 19 17 13 32 13 30 27 14 14 12 26 16 34 16 30 18 29 33 13 
9 23 24 33 21 30 35 14 16 26 9 23 30 18 23 22 18 18 19 21 23 18 17 25 23 35 24 33 24 19 15 32 35 12 23 35 15 15 12 33 24 26 43 23 18 29 17 31 23 23 47 25 14 23 29 33 19 27 15 26 20 26 37 13 23 18 34 19 44 10 13 18 44 26 11 
15 19 21 21 15 23 29 31 19 24 19 26 41 27 31 17 21 25 16 17 18 21 23 16 10 41 27 38 20 23 32 41 21 30 11 30 28 19 16 32 42 35 40 17 14 25 26 7 29 22 34 31 21 22 26 15 16 13 13 30 21 20 31 18 28 18 19 22 26 15 27 13 27 20 17 
21 16 20 28 19 41 31 24 26 30 18 24 21 23 42 35 23 27 13 28 31 14 19 16 20 16 29 24 20 18 36 23 22 26 13 24 19 15 10 19 28 44 24 20 16 19 13 26 28 25 28 26 19 20 31 19 35 28 19 30 8 21 11 11 30 19 29 17 28 16 29 14 13 30 20 
17 17 29 18 15 42 22 28 35 23 21 33 30 19 37 12 25 19 24 19 31 25 28 17 17 30 28 11 27 17 21 21 27 17 22 28 45 10 16 36 26 23 45 19 18 11 13 16 17 29 31 32 23 21 18 16 27 22 11 29 31 23 20 10 37 25 30 15 18 17 29 17 19 27 13 
23 23 13 20 23 30 37 34 27 27 13 7 21 21 30 19 33 22 13 31 31 20 13 32 25 29 28 20 33 22 33 11 37 23 16 25 45 14 14 24 34 21 40 14 11 13 20 16 32 20 20 18 5 19 25 22 21 20 18 23 26 37 24 16 29 18 17 15 32 13 30 18 24 25 16 
23 21 36 17 24 38 28 25 27 22 10 31 33 17 21 38 22 22 25 10 26 10 11 24 22 19 13 19 27 16 28 22 21 16 26 30 30 15 15 23 27 30 33 22 13 31 23 18 21 21 24 30 17 25 34 15 29 26 16 32 27 28 33 6 28 20 21 30 41 10 33 16 38 18 18 
16 17 22 25 26 24 9 27 27 20 12 29 12 19 34 27 14 33 18 24 27 21 20 25 23 24 26 13 14 15 40 26 20 24 21 25 12 11 11 29 27 39 29 12 17 28 20 7 39 21 32 25 22 16 29 11 22 19 15 9 16 29 30 10 37 16 28 11 29 11 2 19 20 38 19 
15 17 13 24 23 37 33 19 28 21 13 31 25 16 31 32 25 35 14 18 24 11 26 24 27 34 28 17 26 19 17 31 37 25 25 30 40 13 17 29 33 32 27 13 21 34 24 14 22 25 35 32 22 15 27 24 17 13 25 21 13 28 35 23 23 12 30 15 23 17 22 19 24 26 16 
16 23 31 21 17 18 29 33 26 27 14 16 22 26 27 32 17 31 20 27 28 16 24 16 18 32 21 36 26 14 21 21 33 18 11 34 29 9 16 38 31 16 25 22 20 28 15 18 35 25 30 27 16 21 42 38 34 17 16 23 22 33 44 20 29 25 23 28 39 13 17 14 23 30 19 
10 18 14 22 24 30 23 28 31 19 25 31 36 19 31 33 21 21 14 29 22 19 16 18 26 33 21 24 13 17 36 26 26 24 19 26 29 22 16 18 33 34 25 18 13 26 18 9 25 24 29 43 14 21 21 36 16 14 13 22 26 37 33 12 25 18 20 18 16 14 17 20 25 12 12 
14 14 24 23 35 29 28 18 33 28 21 40 19 22 24 21 13 28 9 27 22 23 18 16 26 40 12 19 15 17 27 20 22 24 18 37 17 12 14 18 32 29 35 22 21 28 29 10 25 41 21 31 18 19 33 18 26 16 15 42 29 26 23 8 13 15 35 7 33 14 26 8 34 32 23 
11 14 27 23 27 28 20 21 24 16 14 35 23 28 33 13 26 28 13 27 29 18 28 15 28 28 31 14 26 19 41 34 28 18 18 38 26 14 7 35 17 38 38 15 13 17 17 31 21 25 33 24 18 21 35 14 24 20 22 36 20 29 20 14 26 19 22 14 30 14 17 10 22 31 16 
26 13 22 31 29 46 18 28 19 25 24 24 23 19 35 20 23 43 20 17 18 22 14 14 21 33 22 37 23 18 45 24 39 21 13 28 31 16 16 24 31 37 23 13 20 18 19 23 23 29 34 30 20 19 15 28 13 11 25 19 15 26 33 14 22 30 31 16 33 22 26 18 42 19 14 
21 14 22 25 33 55 26 43 26 32 27 26 30 21 28 29 27 15 10 15 23 22 26 15 27 20 26 16 15 14 21 33 45 15 25 37 22 13 14 30 53 26 20 16 17 25 13 24 27 22 27 13 23 24 21 25 24 33 17 21 23 18 31 25 17 11 16 15 25 9 28 9 33 32 17 
18 17 23 18 19 17 22 29 17 36 13 35 26 16 23 23 19 24 12 30 30 20 18 20 11 33 27 23 23 17 35 23 30 13 22 36 29 18 14 30 31 32 36 26 16 18 27 21 14 21 32 20 15 12 13 39 26 20 11 30 23 20 27 15 15 22 25 17 15 13 10 24 27 29 11 
23 10 29 28 28 16 30 43 14 17 13 30 26 21 28 14 21 37 21 35 31 16 32 20 30 31 31 32 36 15 30 16 29 22 23 46 30 20 19 28 39 16 34 15 17 21 5 10 51 34 31 24 19 14 24 22 21 21 13 40 15 20 28 21 16 16 18 17 26 13 12 18 28 21 9 
13 19 22 19 26 45 23 23 21 22 18 18 27 21 33 22 30 27 23 22 23 15 18 32 23 32 31 32 19 17 32 21 42 27 27 33 34 14 9 25 35 40 39 20 17 21 10 21 27 31 21 34 6 19 25 17 23 23 20 24 17 39 31 28 26 14 23 20 22 17 31 19 20 15 15 
22 15 18 21 9 24 7 41 21 21 13 32 26 27 13 27 29 21 14 15 29 16 23 24 10 34 30 19 37 17 23 39 18 32 9 27 30 14 18 32 37 26 39 24 10 25 17 11 17 26 27 26 22 20 37 30 25 14 16 54 17 35 46 14 15 15 36 15 34 18 18 15 25 24 21 
13 14 27 26 13 24 24 33 24 20 20 19 25 22 31 22 19 17 13 9 34 13 19 22 23 38 24 37 21 20 35 21 6 22 19 17 36 19 18 37 29 26 49 28 16 15 16 14 29 31 24 28 15 17 20 22 22 18 14 32 33 27 41 9 27 15 12 25 30 15 14 15 35 26 21 
22 9 23 26 24 27 26 22 17 35 16 30 19 18 23 29 30 22 16 31 9 19 22 20 14 35 33 33 30 19 37 32 22 15 15 31 16 18 6 21 28 36 41 13 17 26 26 12 24 33 31 25 15 21 19 21 29 23 9 36 18 25 15 15 21 20 25 14 44 19 25 14 26 35 17 
15 17 19 21 19 30 29 37 18 34 14 24 23 12 36 35 16 22 16 35 38 5 26 16 33 33 20 30 21 12 26 18 32 18 23 35 18 14 17 23 47 39 47 11 18 28 22 16 29 27 34 42 16 22 18 11 19 16 15 21 27 24 15 16 25 33 30 23 24 27 18 19 22 8 13 
19 14 13 30 30 21 26 18 18 28 15 18 23 21 42 18 23 34 11 22 20 12 23 13 24 22 30 26 32 8 44 20 34 21 16 20 27 17 14 25 31 23 11 11 11 18 17 17 25 27 25 34 19 21 24 17 23 27 25 18 22 23 29 11 27 26 31 17 31 19 27 18 26 43 14 
17 15 31 24 19 30 25 26 23 21 11 24 23 21 35 38 23 30 16 21 29 13 23 16 17 25 25 33 19 17 16 37 20 22 23 25 32 25 11 29 29 30 36 18 17 14 27 13 19 29 32 22 12 31 27 25 26 26 12 17 18 18 31 12 35 17 19 13 37 11 22 19 28 21 9 
18 12 14 33 25 33 27 36 17 21 21 36 29 32 22 19 19 33 12 28 37 14 13 11 17 42 15 20 18 13 32 29 24 16 11 21 32 17 17 30 39 30 27 23 10 26 12 16 19 32 25 29 11 32 41 40 22 14 13 25 19 20 18 11 21 19 19 15 28 17 30 15 35 26 12 
18 16 24 39 20 19 38 25 29 25 22 32 32 18 28 13 22 33 17 30 32 15 20 23 16 38 23 19 6 16 40 34 26 22 5 31 32 14 18 17 18 20 36 20 2 14 18 7 25 29 30 22 20 14 16 30 25 21 8 25 9 42 30 14 25 11 33 25 29 17 19 14 30 30 13 
6 21 24 32 35 17 21 17 17 24 14 35 25 30 7 41 10 32 12 29 28 17 21 13 12 27 31 22 36 16 36 20 22 24 24 24 19 11 16 34 34 38 26 26 20 34 19 21 32 18 28 43 11 13 19 23 35 26 20 25 25 21 29 20 22 18 26 17 36 17 27 13 36 16 20 
16 8 25 35 18 22 29 21 20 13 18 36 28 19 30 27 26 19 19 34 21 23 25 20 32 30 40 41 25 14 36 29 24 22 15 5 31 4 14 21 22 31 35 17 15 27 16 14 30 26 40 15 22 17 25 20 22 17 10 32 21 32 31 15 16 20 30 18 27 23 12 17 11 30 14 
21 18 23 23 24 32 43 30 25 24 16 28 34 24 17 24 28 26 13 23 28 17 17 18 18 23 22 24 27 23 25 17 26 22 14 37 29 13 25 41 33 45 26 16 14 28 23 21 33 32 26 33 13 17 33 25 27 6 22 39 8 31 17 18 9 29 35 24 16 17 22 12 34 23 13 
20 12 26 31 20 30 20 40 14 20 16 29 36 21 20 30 23 14 13 32 21 11 17 31 34 11 34 23 28 20 29 20 19 22 29 36 30 14 11 18 37 33 13 21 16 27 22 18 29 37 33 29 12 22 28 24 17 12 19 29 19 36 28 16 33 27 23 23 28 19 24 12 33 33 15 
17 17 25 21 23 24 31 40 33 27 18 30 23 14 29 23 11 34 10 2 13 15 14 30 10 14 23 26 28 13 21 21 45 21 31 39 34 14 14 26 13 30 33 22 17 20 14 18 30 36 43 25 19 18 21 32 20 24 22 23 22 26 32 4 31 37 41 14 36 15 17 22 43 16 8 
17 16 29 29 22 27 4 32 23 24 11 24 24 19 21 23 22 35 19 35 18 10 17 12 29 35 25 20 28 18 15 32 27 20 19 27 25 15 19 30 22 24 20 20 20 21 15 13 29 29 37 31 13 20 39 22 27 21 15 38 18 26 18 15 20 15 26 19 31 18 17 19 30 27 12 
21 13 20 27 32 17 29 20 27 33 12 26 23 11 38 39 19 33 13 10 33 27 18 11 29 24 18 25 19 20 23 22 23 24 15 37 32 22 13 9 36 35 45 17 16 33 13 19 18 41 39 27 16 17 34 11 17 27 14 21 15 28 30 17 29 23 13 21 36 20 20 17 23 44 14 
13 13 17 30 15 38 29 22 24 27 27 25 26 15 37 17 26 21 21 30 43 22 19 28 18 23 24 32 32 16 29 32 39 19 16 33 32 22 12 20 27 24 24 14 16 28 10 6 39 34 11 46 15 19 23 33 21 14 16 49 22 20 31 15 29 15 25 15 32 9 22 16 38 21 16 
9 18 21 26 15 34 37 40 21 25 22 27 15 9 37 8 22 27 12 16 24 21 25 22 35 32 22 23 20 8 36 25 31 30 19 33 26 11 4 19 23 48 21 21 15 23 19 20 20 25 35 17 22 20 32 22 19 21 20 27 16 14 27 13 27 21 22 17 26 12 14 11 42 29 19 
8 19 21 34 24 44 37 26 22 21 22 15 31 25 24 16 23 20 19 20 27 23 21 21 29 29 24 19 24 13 23 25 35 18 17 23 35 4 14 28 29 38 37 22 19 23 9 14 23 32 25 27 16 15 15 32 25 33 23 22 28 16 39 16 31 19 39 19 38 19 16 20 24 31 15 
25 20 12 33 14 27 19 28 28 30 13 33 35 7 22 25 28 23 12 24 22 17 26 23 19 21 24 29 21 19 36 26 21 14 10 28 28 15 12 28 37 36 36 11 14 24 25 17 30 27 32 32 13 23 23 29 31 29 17 13 14 30 28 14 13 18 40 21 40 18 23 20 43 34 17 
13 7 13 21 10 17 19 33 27 31 13 31 22 22 18 30 20 18 21 26 31 24 26 25 18 18 26 27 30 19 23 34 9 17 20 27 26 17 12 35 26 17 25 16 16 30 18 21 25 24 34 26 16 13 20 27 25 22 20 27 23 32 26 10 24 22 33 28 29 4 21 18 36 19 15 
16 23 21 19 10 46 13 21 10 16 10 24 27 27 27 37 32 16 20 27 19 16 19 28 21 37 16 28 25 14 28 21 24 16 20 35 24 24 15 13 22 36 24 13 12 29 22 18 21 25 24 26 16 21 26 27 28 12 32 38 26 32 20 20 26 46 24 17 22 18 7 22 25 19 16 
13 13 25 25 22 25 14 21 25 31 17 18 28 16 28 23 23 23 20 24 36 11 23 20 25 34 14 12 31 18 20 27 9 15 23 36 30 7 14 19 28 21 34 11 20 26 20 20 29 36 38 32 15 16 17 30 32 19 22 40 24 29 14 15 25 27 25 14 27 17 33 20 31 30 16 
19 12 27 24 33 24 12 24 21 19 11 21 26 14 21 15 20 29 18 29 22 22 36 10 14 32 19 14 22 20 19 26 26 15 21 34 34 16 8 28 20 41 19 17 12 29 23 24 22 37 23 18 17 13 25 22 23 19 13 44 16 15 29 17 27 27 36 21 38 19 15 20 31 31 20 
14 16 18 28 13 24 24 18 23 25 12 37 16 20 21 26 23 22 14 16 21 20 16 15 36 24 27 36 21 25 29 22 25 17 12 21 29 14 8 18 24 26 24 27 17 30 20 2 33 37 15 30 13 15 31 25 18 19 13 27 9 25 31 21 28 14 9 24 34 16 12 13 32 46 12 
22 15 29 22 23 24 23 24 39 17 13 24 35 20 19 17 28 20 18 20 35 23 26 29 21 7 19 27 25 12 31 31 34 31 20 8 24 21 15 42 27 25 31 17 7 29 31 20 35 29 26 34 8 11 31 32 22 24 12 28 18 33 22 13 21 20 22 17 25 22 17 18 41 20 9 
16 12 26 26 25 34 33 24 20 8 16 32 14 13 26 35 32 24 11 20 23 18 8 19 30 25 29 18 34 18 29 40 15 22 13 32 42 13 14 35 35 27 24 23 21 18 10 21 31 26 18 26 16 10 30 29 26 16 26 31 16 5 35 21 31 17 26 22 33 17 26 14 40 32 15 
18 15 19 31 22 38 23 26 27 18 19 16 30 28 32 37 15 23 21 25 24 16 24 8 21 30 17 24 35 14 37 33 23 18 17 34 32 22 14 16 21 27 34 25 14 21 15 16 21 27 29 16 17 15 30 14 19 18 11 28 23 25 46 17 16 27 16 28 46 20 16 14 30 29 18 
13 15 20 26 14 40 37 14 29 25 19 24 26 19 32 25 27 27 17 24 29 14 23 20 36 37 23 28 29 18 28 39 28 21 30 35 13 18 14 23 26 27 42 18 15 10 6 19 30 39 21 31 19 23 32 22 20 14 21 40 12 32 24 24 26 19 32 19 41 12 22 12 37 29 20 
10 18 17 25 17 22 21 21 9 21 21 12 30 21 32 32 22 21 18 27 35 27 27 23 26 30 37 27 28 16 30 34 25 12 28 25 30 13 11 33 20 43 32 18 21 28 20 23 38 10 24 45 17 15 20 22 19 15 25 24 21 29 20 16 9 18 25 18 34 23 22 21 31 39 20 
9 21 31 35 17 18 24 33 28 30 19 27 30 19 14 29 25 38 17 19 22 16 19 21 20 28 15 29 31 10 25 32 29 20 12 24 13 20 12 9 29 26 24 19 16 24 20 28 33 24 29 31 17 20 34 39 15 19 17 27 7 31 37 18 19 21 26 17 34 3 31 26 38 13 17 
17 17 26 16 24 13 10 20 20 36 18 23 21 15 30 36 31 25 9 28 18 20 14 13 7 38 31 14 17 21 26 23 29 22 23 27 28 14 10 32 24 44 22 14 20 34 18 17 15 30 17 27 14 16 24 22 24 20 19 28 18 23 30 16 18 14 24 13 25 13 33 16 37 14 14 
22 12 20 22 27 45 28 25 25 18 17 42 18 26 16 29 20 33 11 13 40 13 26 7 22 9 31 20 25 12 20 18 37 21 16 13 38 20 23 23 15 44 43 20 20 25 12 16 20 40 23 22 22 13 34 27 26 20 19 31 10 38 29 22 17 26 29 22 22 20 26 20 23 41 17 
20 9 11 28 23 42 21 36 24 26 20 24 19 19 24 29 25 32 13 17 14 18 20 24 22 36 24 26 33 9 18 32 29 21 16 28 27 18 16 36 23 16 32 16 14 27 15 20 30 32 16 28 12 24 34 23 23 24 17 27 21 21 34 16 30 22 33 20 32 14 21 17 34 36 12 
13 11 27 32 12 11 24 20 24 22 15 16 26 17 34 38 22 27 15 29 32 10 12 21 31 25 18 23 26 15 51 18 42 20 26 28 44 13 15 27 23 31 45 17 23 35 24 23 12 34 22 21 17 10 35 38 23 21 24 28 25 37 35 19 21 19 27 21 38 18 16 20 21 32 21 
20 7 21 40 10 32 18 23 25 16 14 22 32 26 26 18 28 27 11 27 26 18 23 32 13 27 19 28 25 17 29 30 24 21 30 29 36 10 13 18 29 20 21 16 13 28 20 22 32 27 33 38 18 13 21 32 27 26 21 28 18 27 36 18 31 18 22 15 21 15 32 19 44 24 14 
26 10 20 34 25 21 47 21 37 25 18 22 24 36 24 38 23 42 18 14 26 20 14 13 22 18 27 26 24 16 6 26 21 24 20 36 32 16 18 32 28 25 21 29 20 32 21 16 32 27 25 34 15 19 24 21 36 21 23 43 20 23 30 17 22 22 19 18 35 16 27 15 18 23 9 
16 18 21 19 28 29 21 36 26 39 20 19 32 19 23 24 11 26 17 27 17 18 8 28 16 32 35 33 25 21 42 29 23 29 12 16 9 15 20 27 15 25 36 20 12 27 16 31 34 32 37 29 17 12 11 22 24 13 18 39 29 29 21 21 22 24 20 21 28 18 21 22 22 34 13 
21 18 21 27 23 40 36 18 23 24 22 21 22 19 20 34 25 20 14 20 40 23 24 29 20 23 22 26 29 18 27 25 37 27 27 26 30 13 19 17 31 16 51 19 16 10 25 18 34 19 27 27 14 24 16 26 9 20 13 26 14 32 24 18 20 24 20 19 50 11 25 17 10 29 20 
16 21 11 33 10 25 30 11 17 31 14 40 15 11 27 24 19 29 15 22 23 19 16 20 20 32 13 16 22 14 30 30 24 24 19 13 33 12 11 31 30 24 42 14 11 14 8 16 35 21 28 11 21 21 21 25 14 21 19 47 26 31 35 19 17 26 29 17 28 13 16 15 35 15 17 
12 20 18 38 5 43 22 33 20 17 10 19 34 15 26 34 11 19 12 20 22 17 20 19 30 19 21 23 21 21 17 22 35 8 29 29 32 17 17 18 35 17 31 18 20 22 20 19 30 32 31 28 18 27 11 28 35 20 17 12 4 21 59 21 27 14 32 9 21 12 7 5 30 19 9 
20 15 29 35 25 37 24 27 17 32 19 25 31 30 37 29 28 33 17 21 36 16 16 12 30 11 20 18 23 12 18 31 23 24 19 41 22 16 12 28 40 34 22 14 12 29 14 14 26 27 34 19 17 15 30 22 16 16 19 38 17 38 31 19 15 13 10 17 43 16 26 14 20 37 10 
10 17 25 27 24 28 16 10 13 36 14 28 22 32 25 32 21 26 7 27 18 11 25 22 27 28 26 20 32 16 21 16 36 24 19 24 38 5 12 45 34 34 22 18 11 37 17 23 30 26 42 24 16 13 37 29 27 17 19 35 25 19 32 21 28 16 35 20 31 20 23 16 27 14 18 
17 16 19 29 30 34 28 22 22 12 16 35 18 19 41 30 30 34 13 24 32 9 16 18 29 22 32 21 17 20 21 17 25 17 17 24 25 14 9 29 32 40 27 17 17 12 15 13 20 41 35 36 13 17 29 20 33 27 14 45 16 28 34 19 35 14 33 15 33 17 17 15 37 38 22 
19 20 26 19 27 31 24 33 16 26 25 24 32 20 25 10 19 38 10 21 28 14 20 15 12 38 20 31 16 13 16 27 28 22 23 32 37 17 12 21 43 32 26 12 19 33 16 20 40 20 21 28 25 20 23 19 23 17 13 20 9 20 27 13 21 20 29 21 26 11 17 14 10 19 15 
17 17 23 24 33 34 44 23 18 21 22 37 40 22 25 39 23 23 12 26 23 16 33 20 30 22 19 33 38 18 31 22 24 20 12 26 29 13 18 30 25 29 10 20 22 29 19 20 36 33 41 33 17 12 30 26 19 30 16 46 25 18 18 18 20 16 22 24 30 17 29 13 40 27 12 
26 17 12 28 16 28 23 14 21 18 14 22 23 19 25 31 24 20 18 17 22 16 19 26 29 25 32 24 22 11 26 30 25 31 25 27 31 16 8 28 28 20 26 10 16 38 17 23 33 35 30 26 16 10 2 14 16 29 23 25 23 29 19 8 29 32 18 27 28 12 19 13 40 35 18 
14 15 14 30 28 13 30 29 21 18 19 32 38 17 28 35 26 26 18 31 23 18 16 18 28 12 25 24 40 26 31 27 40 13 20 17 25 9 14 15 23 21 27 20 20 38 19 14 20 22 16 32 11 17 36 28 27 11 15 30 14 37 43 18 30 12 29 26 11 17 28 11 22 23 15 
15 20 17 24 21 32 23 18 11 29 13 16 39 23 25 27 31 20 13 28 13 21 10 16 29 31 21 25 18 17 21 23 22 21 8 10 23 16 21 22 43 27 45 13 27 33 12 10 39 30 30 42 15 15 17 16 14 18 17 31 26 4 32 15 23 23 26 18 17 18 22 13 30 25 13 
22 12 31 25 18 25 30 32 20 29 16 18 26 23 20 23 29 19 16 24 35 23 17 20 21 15 22 19 22 19 30 28 16 15 16 25 26 20 13 27 20 45 31 10 14 23 20 20 34 23 31 39 12 22 27 21 26 21 25 31 17 22 33 23 10 17 22 23 36 19 25 13 30 37 11 
17 15 21 15 14 27 16 32 30 25 15 30 22 22 18 37 29 28 12 18 17 21 21 26 31 19 28 25 39 13 33 28 24 24 16 19 10 2 21 20 34 22 29 20 16 18 22 21 28 37 30 24 13 17 27 34 22 23 11 28 23 27 25 8 22 22 17 23 33 15 11 22 22 13 11 
16 15 26 26 14 43 35 28 22 23 12 32 23 23 23 42 22 23 22 21 12 26 25 20 33 22 26 20 38 13 33 20 27 19 19 26 19 12 8 15 38 22 29 19 21 31 15 13 25 31 23 24 13 15 32 31 23 20 24 37 15 16 22 22 27 17 37 16 22 20 19 4 25 32 13 
17 12 31 29 35 34 31 36 16 22 12 15 36 20 29 45 21 29 14 13 28 19 25 20 15 34 12 41 30 15 29 19 28 18 18 24 33 17 3 27 28 29 14 14 16 36 9 21 26 45 17 22 19 13 31 25 34 14 19 24 13 11 27 15 40 22 21 18 35 17 17 21 31 26 15 
16 17 24 30 24 27 30 19 18 26 13 36 18 19 22 36 32 22 10 15 21 17 10 23 18 42 26 22 28 8 37 24 29 14 16 32 30 23 16 15 25 36 33 21 19 18 14 19 27 34 24 30 11 19 17 23 23 11 20 34 14 20 24 9 22 25 34 16 36 23 24 16 26 29 15 
17 12 26 33 19 23 17 24 24 15 3 23 35 28 17 28 16 24 18 22 27 14 25 34 15 31 25 20 33 18 27 20 36 19 16 31 16 16 20 23 30 28 37 21 18 16 21 21 24 31 13 20 14 18 30 31 21 10 20 10 21 21 19 20 25 8 23 14 29 16 20 12 29 25 14 
21 19 14 30 20 21 32 24 26 28 14 27 28 11 23 28 27 18 12 13 25 16 30 17 17 33 28 38 9 14 32 23 8 30 22 33 25 15 20 13 32 37 16 20 18 37 20 18 25 26 32 40 17 14 25 21 21 26 9 34 21 20 20 11 13 17 26 16 28 11 18 15 30 35 14 
15 14 21 21 13 31 19 40 23 22 15 31 23 9 26 22 12 36 17 14 23 18 20 17 35 33 16 22 30 17 19 18 44 22 13 25 31 20 4 28 44 33 17 23 23 17 17 15 27 20 38 44 12 23 31 22 35 20 15 34 23 26 15 14 34 24 24 18 24 15 23 21 23 19 8 
17 17 21 40 16 20 23 37 19 24 13 21 34 20 26 19 23 30 14 30 20 25 17 22 26 17 30 20 26 16 25 24 19 16 24 20 33 20 19 26 26 32 35 28 16 31 14 17 32 21 31 40 8 16 22 20 29 16 17 16 22 25 31 13 16 27 28 14 25 8 30 24 22 35 14 
14 14 21 20 10 28 21 21 31 27 14 40 9 16 25 25 30 36 11 22 26 11 19 29 16 35 20 22 28 20 19 36 31 16 23 24 34 11 18 21 25 28 32 22 9 24 25 12 15 32 19 32 18 26 13 10 13 23 16 30 31 43 26 11 25 24 31 17 9 10 22 16 33 31 17 
23 20 26 20 26 32 33 16 18 19 19 31 26 11 27 29 18 19 20 21 14 14 21 19 30 34 21 12 32 16 24 18 34 16 18 25 31 16 15 31 19 31 37 14 13 26 13 20 24 21 23 19 7 13 39 29 24 31 6 29 19 35 30 15 25 29 37 17 29 11 16 22 28 32 8 
18 14 20 14 17 28 25 27 33 24 17 33 8 24 27 36 23 36 12 9 25 20 18 32 16 24 17 22 35 13 18 24 36 20 20 37 35 20 9 47 17 8 17 28 18 24 19 11 14 16 19 26 9 18 25 22 25 16 24 25 20 30 22 27 31 12 34 25 20 8 31 17 37 42 10 
25 11 16 19 25 21 29 19 18 21 16 24 30 7 28 52 21 21 18 28 21 16 31 9 12 16 21 30 30 20 33 24 19 26 14 33 21 15 15 19 33 24 46 23 14 7 20 9 28 12 27 38 13 27 24 18 19 20 19 39 25 22 31 20 11 11 16 20 35 18 23 18 27 37 19 
14 14 12 30 22 43 25 17 15 15 13 16 30 25 20 25 25 31 14 29 29 18 25 24 24 38 1 22 20 13 28 27 39 13 20 33 28 21 12 26 40 28 37 18 12 22 16 4 38 25 30 33 13 18 23 34 14 21 18 46 24 22 20 8 29 27 20 18 22 12 27 18 30 21 9 
12 13 31 25 17 36 17 38 19 22 15 28 20 6 13 33 25 31 12 34 20 17 26 22 29 29 34 21 29 21 31 23 8 21 16 21 17 14 17 27 29 33 23 16 10 20 13 25 33 34 23 27 12 15 19 22 34 18 23 30 20 34 11 19 24 23 15 24 34 9 21 13 32 31 18 
16 11 22 28 19 36 20 18 15 15 18 29 39 14 17 20 20 25 14 16 30 16 15 25 22 29 13 30 24 18 24 12 21 21 15 32 23 16 21 26 19 21 39 18 18 32 14 12 22 23 11 37 6 11 31 35 13 19 20 24 10 19 32 23 17 20 29 10 26 16 15 16 37 26 12 
17 19 18 23 5 27 38 22 17 17 14 33 36 16 31 21 22 31 7 25 26 18 24 31 32 33 35 18 29 17 23 27 40 34 17 39 25 12 15 25 29 34 33 21 19 29 8 22 17 32 13 28 11 13 13 10 18 22 19 32 19 21 29 20 21 27 28 12 39 18 19 6 44 23 14 
17 5 29 22 30 25 19 37 35 22 14 31 28 28 33 39 32 25 9 26 31 16 23 33 4 20 18 30 21 15 14 26 30 2 26 33 23 11 14 26 26 16 27 24 16 32 17 16 28 19 22 24 11 14 31 22 24 20 19 19 21 19 36 24 28 21 13 21 27 18 12 12 28 39 20 
10 15 18 24 32 48 36 30 25 22 14 21 24 19 31 17 22 21 16 28 25 15 23 15 21 18 26 13 23 13 32 21 25 26 18 32 20 11 23 23 32 46 25 16 22 26 12 21 25 31 11 32 17 16 30 23 26 19 18 15 18 13 34 14 23 18 21 15 24 15 24 18 42 48 17 
10 21 20 22 10 43 22 26 24 31 16 17 33 20 32 31 20 21 11 17 15 19 24 17 15 32 18 20 20 19 33 33 38 23 16 27 38 21 16 32 31 23 30 23 23 29 20 19 28 21 37 26 10 22 15 23 37 26 23 9 11 28 19 21 19 22 31 23 13 16 33 12 20 24 23 
16 16 37 20 24 28 25 22 22 28 14 22 37 26 26 30 14 11 17 25 17 25 29 20 34 38 25 37 31 23 28 30 33 18 18 37 27 12 7 33 30 30 36 12 9 35 20 13 26 29 30 30 14 11 24 28 22 27 16 38 15 32 32 17 25 18 16 21 34 14 21 16 16 28 12 
14 17 19 36 20 37 28 25 31 36 26 21 37 19 31 15 24 34 17 21 16 20 20 14 20 30 19 28 25 15 39 21 27 17 20 28 22 18 15 30 30 28 36 25 12 18 14 13 28 18 30 33 18 15 23 12 27 19 12 20 7 14 33 19 22 19 25 24 23 22 15 16 28 34 13 
12 14 18 16 26 38 19 26 17 23 15 28 32 27 25 26 14 28 19 29 22 28 22 16 23 17 18 12 10 22 45 21 27 23 27 33 15 8 20 14 36 25 32 20 10 26 13 29 20 36 16 31 22 16 20 18 27 15 13 24 11 32 21 18 15 8 18 14 24 17 7 12 27 42 17 
16 12 23 34 25 32 34 17 21 28 18 22 27 19 37 35 13 19 10 19 33 18 9 16 30 11 16 33 24 15 29 29 17 31 16 23 24 13 13 30 16 30 25 19 12 21 16 18 33 19 17 38 11 10 30 18 25 22 17 5 23 24 27 20 20 24 28 16 37 17 18 14 29 14 17 
18 25 11 32 23 45 32 31 27 12 13 25 23 25 32 18 16 23 17 27 30 13 18 13 17 26 17 34 26 17 28 31 24 24 22 19 23 20 17 21 35 49 19 14 12 37 20 20 29 38 35 25 19 21 27 23 31 17 9 35 18 28 27 9 19 28 28 21 24 11 11 12 17 35 13 
14 12 22 36 18 34 14 13 32 26 14 18 23 17 27 24 8 28 12 15 29 14 30 18 35 41 23 26 21 16 28 26 25 20 15 16 27 14 21 24 25 30 19 24 22 29 5 19 25 18 27 27 21 30 29 11 33 15 17 29 18 27 34 18 25 17 20 24 34 12 17 15 24 30 13 
13 20 24 24 17 22 25 25 23 18 12 30 37 22 30 24 21 16 15 34 16 20 12 34 28 34 17 30 28 15 22 19 19 20 10 36 20 15 10 38 32 31 15 9 16 36 12 21 22 21 23 17 16 23 37 18 33 22 14 45 24 36 17 21 9 25 25 14 25 20 14 18 38 42 20 
20 21 28 36 25 21 29 15 26 20 20 31 23 20 24 37 19 27 10 16 27 13 22 31 29 33 26 33 16 19 36 30 21 22 20 42 38 17 20 26 14 19 18 17 16 30 14 14 35 15 24 17 13 12 31 26 29 16 10 27 17 4 25 12 32 22 29 14 28 17 30 16 31 16 25 
18 14 20 33 23 34 31 19 21 20 9 30 30 23 40 30 21 44 18 19 21 19 21 23 29 40 24 21 28 15 28 27 31 27 22 23 38 13 15 29 37 25 42 29 7 22 22 12 24 23 39 27 14 15 37 19 20 24 16 11 20 34 16 16 22 14 23 23 36 20 15 19 23 27 10 
15 14 25 24 26 29 38 22 30 19 14 13 24 30 41 20 15 18 17 18 25 17 14 33 20 29 10 23 18 19 27 27 38 17 14 18 29 18 15 19 35 32 37 18 19 26 12 22 12 32 35 37 24 14 29 24 27 16 20 27 12 15 27 17 18 16 30 12 35 14 24 12 26 36 13 
10 20 27 35 16 22 17 38 32 22 13 30 19 16 23 26 14 28 17 25 22 14 19 21 19 20 18 25 27 11 24 24 19 8 11 26 27 16 10 17 26 10 24 24 16 26 18 26 30 21 20 38 18 22 28 27 32 16 17 31 13 36 43 14 17 16 33 12 35 12 24 17 24 27 13 
19 18 16 23 22 11 28 26 21 26 15 38 31 28 24 18 20 33 26 26 25 20 23 21 26 32 24 25 29 21 31 19 27 17 26 20 31 11 13 26 39 49 39 10 5 21 21 18 33 17 26 27 15 20 31 16 14 21 11 29 26 14 24 17 21 21 31 23 33 14 12 16 29 15 14 
16 10 21 36 14 16 29 26 26 32 12 28 21 30 31 23 21 22 15 22 22 11 22 22 11 19 22 25 15 20 26 21 30 23 24 32 40 10 16 16 17 28 38 20 20 33 12 20 22 25 30 10 19 27 30 38 22 26 15 29 29 15 36 16 27 20 26 20 42 13 22 14 33 24 12 
16 18 27 29 25 23 28 29 31 32 13 25 31 15 26 37 6 27 7 29 29 12 6 29 33 26 33 17 13 11 38 20 36 8 19 28 18 16 14 27 25 30 48 20 10 16 17 22 22 24 24 8 18 15 26 35 29 16 16 29 18 16 37 23 22 15 28 16 28 20 18 16 54 23 14 
22 12 15 28 20 26 22 30 11 10 15 16 24 23 21 12 12 24 13 24 25 12 24 23 13 23 25 13 29 12 33 29 13 22 14 34 28 15 15 34 37 24 28 20 20 30 23 21 18 34 27 27 22 18 32 25 26 26 9 24 25 21 41 18 25 20 25 17 26 12 18 9 37 21 15 
18 13 22 31 19 22 31 39 9 28 16 23 21 26 23 37 17 19 25 26 30 19 27 13 23 32 19 35 32 22 19 24 24 13 22 17 30 15 24 6 34 32 40 21 11 22 21 17 25 27 20 37 9 10 33 21 21 18 14 28 14 31 40 12 24 17 13 20 28 8 19 15 35 32 12 
11 17 22 27 22 14 26 35 12 19 14 19 27 24 28 31 16 18 19 23 27 18 8 14 20 21 27 17 36 12 37 37 32 11 25 24 23 17 16 18 24 32 27 19 17 26 10 23 39 14 29 28 20 25 24 26 15 18 23 42 26 19 16 9 26 19 33 17 25 18 31 15 30 29 10 
12 14 30 38 21 25 24 8 37 32 21 15 27 15 37 22 19 24 19 21 24 22 20 29 24 26 20 28 18 21 35 22 21 21 20 27 30 11 14 33 25 39 33 17 21 22 23 18 21 27 12 23 20 18 20 26 24 22 26 38 25 25 24 14 22 28 21 18 27 15 23 21 25 17 17 
15 16 25 29 24 17 37 22 29 27 11 10 14 19 32 27 30 21 16 33 24 23 17 22 28 32 18 22 28 18 28 28 27 17 25 26 35 18 27 25 38 25 41 13 13 15 14 21 32 27 38 31 15 18 19 22 29 17 19 36 19 33 30 7 33 24 35 15 23 13 21 21 22 21 13 
17 13 20 35 21 30 24 31 28 5 15 34 36 25 30 41 24 22 12 35 28 25 26 18 27 35 22 29 21 18 35 10 29 23 12 21 20 12 9 30 27 36 39 11 16 35 20 18 25 28 22 31 13 22 29 35 25 8 21 35 17 29 35 21 9 16 27 21 39 23 26 4 24 27 17 
16 13 33 36 35 24 33 26 17 35 16 17 26 20 32 14 21 30 17 23 17 16 19 16 30 25 29 25 29 18 27 33 19 28 20 36 29 15 15 32 26 30 30 21 18 25 15 16 22 28 24 50 20 16 27 14 11 20 23 38 10 24 28 12 31 13 13 18 28 16 16 17 19 27 11 
11 16 33 28 23 18 12 34 25 18 15 21 24 17 29 29 16 6 13 21 20 6 18 32 21 22 20 24 36 7 43 16 33 11 17 38 16 17 11 31 21 25 42 16 13 33 13 17 26 39 18 29 15 10 32 26 30 7 11 35 17 26 32 15 18 15 27 7 22 17 26 19 22 34 9 
10 17 35 29 12 29 39 31 22 24 19 15 19 26 26 22 32 35 29 25 25 30 29 19 20 39 31 21 34 19 31 35 32 32 16 18 38 10 10 19 27 33 38 26 16 20 12 16 14 27 16 15 20 18 24 29 12 13 25 39 28 14 28 19 27 22 28 17 38 15 15 19 33 28 19 
20 18 21 33 22 27 33 27 22 35 29 33 45 22 33 30 22 22 11 22 31 9 16 30 23 8 29 25 27 14 37 12 24 24 26 26 21 16 21 30 22 35 28 20 19 25 15 17 37 29 33 26 16 28 24 16 26 20 17 26 15 33 33 11 44 24 25 14 29 12 25 17 39 25 25 
13 16 20 34 27 42 12 21 25 26 18 20 39 21 33 19 26 36 18 23 21 17 21 16 21 30 22 28 18 20 15 22 20 4 18 26 37 14 7 25 19 33 32 20 18 29 20 19 35 32 18 31 9 16 22 21 13 26 17 28 8 33 16 22 32 17 34 22 28 19 23 23 25 17 19 
15 19 23 25 29 16 32 34 26 32 23 33 20 33 41 28 28 29 19 30 23 25 20 19 27 27 24 18 27 13 11 24 16 15 19 20 28 16 15 15 35 22 38 28 11 18 17 8 34 31 18 38 17 25 23 23 29 18 19 20 16 28 28 23 21 22 32 17 17 15 18 20 31 18 6 
15 11 20 11 13 7 34 18 31 28 16 28 29 18 43 35 25 27 18 14 32 23 14 19 21 30 31 35 13 20 40 38 22 23 13 35 35 9 17 29 16 18 25 18 8 17 13 19 31 17 36 32 11 18 24 28 18 14 27 29 28 23 14 19 30 17 30 15 33 23 31 18 29 35 14 
14 14 21 26 21 24 16 25 30 30 18 18 27 30 25 28 28 28 17 30 30 24 15 33 27 39 20 3 16 11 22 24 36 16 16 26 32 19 16 29 46 27 38 18 19 20 22 19 28 24 20 23 19 13 27 29 26 26 22 22 16 29 38 17 32 17 20 27 37 21 19 10 32 34 11 
13 15 14 25 24 27 25 25 30 9 21 18 19 18 18 23 18 18 18 25 19 23 14 20 33 34 20 22 32 17 30 21 24 37 13 12 30 14 19 23 35 25 12 14 12 21 12 14 36 26 27 25 18 18 13 22 27 14 12 13 15 14 32 18 31 21 18 14 40 13 14 18 36 28 12 
12 16 19 25 18 40 47 23 19 24 19 23 28 14 33 26 13 23 21 18 21 22 16 11 16 32 18 26 33 12 38 21 33 21 21 26 42 5 16 22 27 21 15 17 14 28 17 12 29 26 34 33 18 16 21 23 25 21 14 39 20 19 37 15 14 20 34 19 41 21 26 13 30 29 14 
17 19 18 24 18 28 27 18 17 31 13 38 15 22 43 27 32 34 17 27 23 12 8 18 34 35 27 26 39 14 30 44 34 12 22 33 33 20 16 24 18 43 20 12 8 20 25 8 14 22 26 32 15 19 29 33 22 21 19 37 13 32 31 20 18 25 19 14 34 15 29 12 30 9 14 
21 12 14 30 18 18 28 36 20 21 19 24 48 5 31 29 23 33 18 27 30 4 15 20 38 20 29 20 15 16 28 23 21 19 22 18 10 12 19 20 13 31 27 25 16 25 20 23 18 44 27 30 16 16 23 18 21 23 9 28 17 22 32 13 37 24 26 14 27 13 20 11 33 31 14 
10 19 20 31 19 48 24 24 20 24 11 20 25 27 30 45 32 19 13 25 21 11 24 21 26 32 28 14 31 23 27 18 28 8 11 22 38 13 12 22 24 26 16 19 15 23 14 15 33 32 25 35 14 8 29 41 23 7 25 31 23 22 26 24 29 23 22 18 26 15 15 18 36 25 11 
15 19 22 24 36 35 30 22 23 30 17 29 31 23 27 20 25 23 17 24 29 12 19 22 21 4 24 22 25 8 26 28 18 12 21 24 19 17 19 25 21 31 34 24 14 18 17 9 34 20 22 26 16 21 34 32 31 26 15 24 20 20 26 22 38 24 43 11 36 9 19 17 6 28 19 
13 16 23 24 27 44 25 23 27 33 17 24 16 7 29 40 23 25 18 29 26 17 27 16 12 33 31 28 20 9 35 28 22 19 11 16 29 11 17 14 34 31 7 12 14 35 18 9 36 24 29 40 21 19 17 24 18 25 12 25 18 13 16 12 21 17 33 23 32 22 29 14 26 24 13 
19 19 24 28 20 20 16 33 28 21 14 18 30 19 26 43 15 25 13 7 22 12 7 21 24 2 19 27 14 15 31 34 25 12 25 23 17 14 17 21 27 23 23 19 15 17 25 14 37 36 11 32 10 27 39 13 19 14 15 31 24 18 24 22 33 29 31 19 24 13 26 14 20 35 15 
16 11 16 24 17 21 34 29 29 13 15 32 24 25 35 39 26 24 20 20 38 22 18 20 13 30 26 27 24 17 48 13 40 23 25 30 36 17 12 27 41 37 33 15 15 23 22 12 29 35 28 36 16 20 27 19 29 18 16 18 27 20 22 19 16 17 9 19 15 14 22 14 26 43 11 
13 17 30 27 17 42 31 39 21 15 14 22 32 28 25 17 19 18 18 30 38 13 18 23 21 27 26 21 15 16 30 29 23 14 25 24 23 19 16 29 20 30 27 16 15 32 23 9 26 32 23 22 16 18 23 26 16 26 16 31 17 26 27 13 24 15 31 21 34 16 26 21 30 11 15 
12 11 14 36 26 58 35 39 19 28 18 28 21 19 28 32 28 17 22 22 26 19 22 22 26 29 15 20 25 24 37 19 20 28 11 22 25 10 20 26 27 39 63 12 22 32 10 17 23 20 29 23 20 19 16 21 19 24 18 36 21 28 23 19 24 20 24 13 23 23 32 12 17 28 16 
19 19 22 24 20 33 26 22 11 25 22 36 30 21 38 22 22 18 22 26 32 27 25 2 25 34 28 46 19 19 17 15 23 17 22 47 39 16 10 21 19 21 22 26 18 26 9 27 28 26 41 38 20 13 27 21 25 20 32 23 22 21 23 7 22 28 23 15 20 13 23 14 21 40 21 
14 10 19 36 22 50 36 33 16 29 17 31 28 14 18 33 21 6 10 25 21 16 23 24 25 25 28 17 31 13 27 26 17 17 20 45 31 19 15 33 23 24 24 20 15 42 14 12 22 28 20 36 19 19 23 26 24 21 13 31 28 29 38 14 16 21 33 12 28 28 22 18 16 40 26 
19 21 16 21 21 24 18 25 29 17 22 34 22 11 26 21 30 12 24 23 21 9 22 33 17 27 19 22 26 21 37 32 28 21 15 10 14 14 7 23 28 32 46 20 14 28 26 12 27 27 17 34 17 23 27 26 26 17 21 31 16 34 21 11 20 14 29 23 31 11 16 17 11 24 14 
10 15 21 30 26 39 23 35 23 37 21 31 24 10 33 20 19 32 14 38 13 20 11 26 26 11 19 22 22 11 14 28 23 34 16 19 36 7 24 20 36 41 26 21 16 18 17 13 23 36 24 21 18 12 24 23 21 17 15 18 12 27 18 18 37 15 21 18 28 13 21 17 27 28 17 
14 11 21 32 21 41 30 19 23 17 12 30 27 21 38 23 21 25 14 14 26 23 16 14 25 24 19 25 32 14 23 23 26 17 19 10 14 15 10 17 29 30 26 26 20 17 17 20 24 46 18 28 18 16 47 15 30 19 23 60 20 29 23 19 25 16 21 19 15 15 32 21 44 13 10 
13 25 21 23 10 24 14 35 41 22 13 23 21 7 33 40 18 29 17 21 23 20 25 12 27 29 18 31 27 16 31 33 27 19 28 28 25 15 13 25 32 18 34 13 23 11 9 9 22 37 33 18 16 26 30 28 15 17 25 34 21 28 29 11 28 11 31 20 34 14 29 11 32 35 16 
15 20 13 25 6 28 20 26 27 12 15 40 15 17 27 17 26 32 24 26 22 13 22 13 25 37 26 32 30 11 25 20 10 15 16 28 28 15 17 26 23 32 40 20 11 20 14 21 15 26 28 19 8 16 33 22 29 21 15 24 21 21 30 18 23 17 22 18 30 19 29 21 35 20 8 
19 13 16 14 21 25 26 25 24 27 16 31 28 18 24 18 15 16 19 15 24 20 7 19 32 26 23 27 15 23 29 25 30 21 16 30 10 19 5 44 35 34 31 22 11 26 28 20 32 19 34 22 16 19 31 19 22 17 18 35 20 20 25 14 32 26 37 25 34 10 41 21 36 14 16 
16 20 21 26 19 23 39 38 10 24 14 24 27 29 19 47 25 20 18 20 26 15 22 20 19 27 17 42 27 22 13 13 25 15 23 26 30 14 20 28 28 30 29 28 17 36 14 15 18 22 41 20 26 14 31 19 23 19 14 23 20 16 42 16 18 22 21 18 22 22 28 17 31 31 16 
22 14 26 22 24 37 20 33 26 23 11 28 10 12 33 22 19 29 15 17 33 20 9 16 18 25 20 21 31 14 23 23 15 15 12 25 24 10 18 27 34 25 16 8 15 24 19 23 27 20 23 20 17 12 30 27 29 20 20 35 23 21 20 8 28 22 2 16 32 17 20 22 31 29 16 
16 19 16 21 17 34 14 23 19 17 10 40 11 16 30 34 24 27 14 16 25 11 19 17 15 31 19 30 30 16 29 17 29 17 15 28 24 15 21 30 19 39 24 17 18 20 18 18 46 24 20 37 11 10 25 33 19 16 16 13 11 22 40 15 30 16 27 23 31 15 16 21 47 33 13 
18 28 18 31 22 36 13 24 22 22 6 33 37 28 33 44 27 26 23 27 27 19 6 19 9 24 17 17 32 13 34 24 24 22 25 26 17 22 8 22 25 35 24 17 14 30 22 19 28 16 15 20 15 15 20 26 10 18 24 23 24 31 21 16 23 34 17 19 27 23 15 13 28 22 12 
20 13 20 22 22 14 40 41 26 18 18 20 22 21 42 27 25 31 24 12 8 25 23 26 29 30 17 32 24 18 25 33 32 17 18 25 28 13 18 30 33 38 24 13 10 13 19 12 25 11 24 30 14 18 26 26 20 20 20 24 26 33 39 15 18 25 18 13 17 12 28 13 25 42 10 
21 13 16 24 20 21 27 22 17 28 15 29 14 12 26 21 12 19 12 22 23 8 6 13 20 17 27 18 27 15 16 18 31 17 20 29 42 22 12 23 23 35 39 19 18 29 11 22 27 27 25 32 17 14 23 25 31 28 17 31 12 21 42 11 31 30 31 13 23 15 29 18 33 39 14 
25 21 11 18 25 35 29 17 27 28 19 33 28 24 28 33 25 36 19 25 25 15 18 14 23 31 29 5 20 10 20 24 31 25 24 35 26 21 15 17 14 33 29 14 15 32 14 18 28 23 44 40 15 10 31 25 21 22 28 33 21 36 37 14 19 20 35 13 29 13 18 6 29 21 21 
12 15 26 31 26 37 31 46 11 24 19 35 26 24 30 27 13 32 12 16 32 14 16 25 25 32 20 21 20 18 26 26 28 22 18 25 36 19 18 26 28 33 21 19 13 21 14 13 33 32 27 22 16 25 20 25 26 28 20 35 18 34 30 28 32 18 33 19 30 19 27 16 33 27 19 
20 19 21 29 24 20 27 17 22 34 19 23 15 21 25 30 24 24 14 27 28 21 16 24 37 27 23 19 27 21 20 26 28 16 20 37 36 14 12 37 39 25 30 25 16 19 11 12 28 34 26 23 14 15 25 23 31 20 11 13 17 22 24 12 28 24 16 30 32 14 23 17 23 21 19 
14 17 22 25 22 30 35 16 24 15 11 18 15 10 20 16 17 27 19 29 18 8 11 10 41 6 34 29 27 9 30 39 17 17 24 33 13 17 19 30 31 35 40 21 18 15 28 19 11 28 25 30 16 20 20 14 26 16 15 26 20 31 26 13 21 30 32 17 21 20 29 24 20 21 14 
18 20 22 25 20 29 37 28 25 20 15 25 21 19 25 21 17 22 11 16 25 19 27 33 18 32 25 23 26 20 25 23 37 28 21 35 20 17 21 25 12 23 42 23 17 21 20 22 23 23 38 39 15 21 31 31 13 18 13 34 24 16 44 9 17 20 36 21 29 15 28 11 39 13 13 
21 12 35 32 29 26 18 23 18 18 13 17 18 20 30 33 19 30 20 7 35 21 23 24 27 23 25 33 34 17 28 26 40 13 25 40 28 15 11 27 32 37 35 18 18 22 21 22 33 16 15 35 23 22 24 21 22 14 16 39 18 20 24 14 24 15 31 16 27 14 24 16 32 28 16 
11 14 27 27 20 24 27 26 20 18 8 27 18 21 27 39 29 20 19 18 16 11 27 17 22 25 19 24 34 14 9 23 31 21 26 29 29 14 16 20 35 34 28 23 5 25 16 15 35 22 20 31 15 10 19 28 19 13 29 31 22 33 25 11 32 18 19 16 34 12 17 11 37 33 22 
16 20 21 24 18 21 25 24 16 10 17 38 31 20 42 23 19 24 15 22 24 13 14 18 25 21 23 21 16 12 25 24 13 13 21 13 28 10 17 34 12 49 31 17 19 19 21 17 16 30 28 25 15 17 31 30 20 21 24 18 31 12 24 20 33 15 23 18 29 16 29 15 16 24 19 
10 18 14 25 12 42 27 24 25 29 13 26 19 25 29 20 14 23 19 16 26 18 16 18 19 28 19 22 30 17 36 20 30 22 22 29 35 21 14 21 20 18 24 20 16 29 24 21 22 37 29 33 15 20 24 27 23 18 14 21 14 22 32 21 28 27 24 19 20 13 21 15 19 27 16 
18 10 25 29 22 48 29 22 25 19 14 34 24 27 15 31 12 15 17 19 27 23 32 16 40 29 19 36 21 18 26 29 34 26 19 39 23 17 18 16 11 36 36 9 12 29 22 22 29 37 23 32 18 16 21 23 22 28 19 22 23 29 31 19 28 20 31 18 40 20 31 15 25 20 17 
9 21 32 26 23 22 37 33 19 11 19 21 23 26 16 37 24 26 12 24 28 20 22 34 36 39 19 28 39 14 30 28 39 19 20 19 19 13 19 33 56 37 19 21 17 24 14 16 35 25 32 27 15 20 21 28 16 26 22 25 33 31 21 21 30 14 24 22 28 21 23 16 23 19 13 
8 18 27 27 23 31 30 27 20 29 16 26 19 23 29 18 20 26 18 36 26 16 25 21 8 25 26 15 24 18 29 22 15 13 27 21 23 16 11 27 34 37 29 17 19 27 26 13 23 22 18 27 14 20 23 26 20 22 14 27 21 24 16 19 17 18 25 18 14 13 13 17 20 50 14 
18 13 27 22 16 13 28 26 25 28 14 31 30 15 24 33 14 22 8 31 27 30 22 18 22 33 17 27 22 7 31 18 39 18 24 32 34 15 21 36 39 27 45 25 20 20 19 11 26 25 23 40 14 21 25 32 20 19 16 34 13 15 15 12 24 13 24 14 21 12 24 11 15 25 16 
16 13 21 29 18 9 25 21 28 17 15 28 27 18 31 41 20 30 13 21 14 14 18 25 16 25 24 24 27 20 26 39 28 24 25 36 28 17 20 26 15 27 32 17 10 26 20 19 23 32 35 23 15 25 23 22 13 21 18 41 21 11 38 21 18 11 20 12 22 16 21 10 30 29 21 
15 16 19 36 20 30 37 32 21 21 20 18 30 25 22 37 13 17 15 30 32 19 19 27 28 30 26 23 28 17 28 29 11 5 18 22 27 13 16 34 37 18 30 15 9 21 13 27 31 24 33 20 9 25 20 21 12 27 19 33 36 22 26 20 22 23 21 30 38 22 27 17 26 21 19 
21 7 17 16 35 39 28 27 22 18 13 17 35 24 41 18 33 15 14 24 18 12 12 19 34 43 26 18 18 17 33 30 29 19 13 15 27 22 11 28 26 33 19 17 18 18 14 19 31 39 15 45 16 26 18 22 18 24 23 30 21 11 27 15 20 17 27 24 24 13 30 19 24 38 11 
13 17 17 29 16 17 22 25 17 20 11 19 23 9 21 34 19 22 19 28 18 17 27 11 35 35 40 38 21 19 23 26 23 24 26 46 30 13 11 24 20 54 42 22 18 23 21 11 38 19 16 26 12 9 27 27 30 15 21 22 21 29 37 14 24 18 21 23 32 16 25 20 30 41 11 
13 14 20 37 27 18 35 39 21 24 19 17 21 23 38 10 24 26 10 19 24 12 22 26 20 27 24 22 27 13 16 25 44 20 21 36 23 14 16 24 25 35 44 20 23 27 12 19 26 26 25 34 12 18 24 23 26 26 16 40 24 34 21 32 35 20 21 26 31 18 14 16 28 39 18 
9 20 26 29 20 28 46 22 26 31 17 22 12 25 28 29 21 36 19 17 41 16 28 16 30 30 17 14 15 17 28 26 33 8 14 21 31 13 18 23 37 25 45 17 21 35 10 17 36 29 33 37 10 18 38 32 28 13 29 38 21 31 39 10 18 27 29 21 40 16 16 23 27 5 16 
26 12 15 22 9 30 32 28 30 28 15 23 30 15 22 33 24 39 19 23 23 16 21 30 27 23 29 35 40 15 33 40 33 27 21 12 32 17 18 24 26 16 37 26 24 19 22 13 19 36 27 30 19 20 25 29 17 17 17 29 19 26 27 20 15 25 25 22 22 19 29 16 49 29 20 
9 12 22 27 19 21 33 38 28 26 10 26 28 24 32 17 23 29 23 11 29 19 16 24 22 35 13 8 14 9 36 27 21 20 21 32 34 13 20 27 27 36 35 17 9 33 11 11 27 26 37 24 1 19 39 28 26 19 20 47 14 25 46 21 13 29 22 8 47 7 21 13 25 16 5 
17 14 23 32 14 33 34 16 24 23 21 32 28 11 21 23 22 30 18 25 11 18 20 14 19 27 29 17 36 16 44 31 21 16 11 19 25 8 13 42 32 32 34 18 18 23 19 13 14 26 18 28 13 16 16 16 20 18 19 33 10 38 27 16 31 12 23 17 28 21 28 15 25 28 18 
17 22 14 42 15 32 27 36 17 24 21 21 19 29 14 37 10 23 19 10 46 9 24 20 28 28 20 31 24 17 33 33 21 22 31 33 20 18 12 28 28 1 36 19 18 23 24 19 32 16 20 35 14 19 29 26 25 12 16 31 18 22 19 21 23 16 27 12 35 25 26 18 29 28 12 
15 19 20 25 18 34 30 23 7 24 19 27 21 14 22 34 19 23 12 9 22 15 29 28 31 22 21 20 34 14 19 14 39 22 13 23 28 17 13 19 26 37 30 13 12 35 16 19 32 19 20 26 15 9 21 27 22 15 20 27 15 21 19 18 31 11 25 17 23 15 18 16 21 36 16 
25 19 26 22 14 35 28 22 14 27 19 33 39 19 20 16 27 23 21 24 45 25 24 14 20 31 25 35 28 16 43 20 22 29 19 23 30 10 17 23 24 22 17 28 19 25 14 13 33 30 5 25 9 13 34 25 12 23 13 25 13 33 28 24 34 29 19 21 26 14 21 19 40 17 16 
17 13 17 27 24 32 20 29 23 26 14 30 25 29 16 24 27 35 16 31 26 18 20 16 17 20 26 36 28 6 26 22 10 23 20 26 33 18 12 26 15 38 33 22 8 10 15 24 30 38 18 29 19 22 16 11 20 22 24 38 19 22 25 15 30 19 26 19 16 14 22 12 28 30 22 
22 19 24 33 9 23 25 27 24 15 22 21 27 25 36 30 25 35 12 25 28 21 22 18 25 12 39 39 52 18 31 23 7 27 26 19 32 20 13 19 28 36 30 11 22 13 13 20 38 21 32 44 10 30 15 14 24 5 14 30 19 34 23 17 27 26 20 10 37 16 20 14 35 31 20 
15 15 27 18 11 27 25 35 21 25 15 30 12 20 36 15 28 37 15 12 27 20 17 18 17 31 15 23 33 9 26 16 27 8 19 26 25 14 14 16 15 26 26 13 15 20 11 15 19 22 23 40 8 16 34 16 29 17 15 31 16 11 30 27 17 21 30 21 23 12 19 16 29 25 18 
12 15 23 24 23 21 22 42 20 23 22 18 22 22 33 22 27 18 18 13 19 27 21 19 21 36 26 49 25 23 39 28 21 14 11 26 34 20 9 27 29 29 28 22 15 23 11 12 17 25 36 42 19 11 33 25 13 19 12 32 16 37 36 10 16 31 25 23 33 24 30 18 28 30 18 
13 12 18 24 9 45 33 32 24 21 15 21 34 11 30 42 27 28 16 25 20 16 23 27 21 38 20 24 28 20 20 22 39 22 19 37 26 10 15 32 36 29 37 15 19 27 14 22 39 39 21 19 15 16 17 18 20 22 25 38 10 32 26 20 25 19 31 17 22 6 23 13 25 27 9 
21 16 21 41 19 32 45 22 30 13 15 20 20 29 17 34 32 39 21 27 26 25 25 20 26 30 15 11 16 18 31 21 17 29 14 32 37 18 16 26 30 32 37 23 16 31 16 17 16 14 9 33 18 17 26 27 27 20 18 24 29 31 33 24 28 24 16 16 37 11 10 22 34 11 12 
15 14 23 22 31 33 19 37 21 33 16 36 25 13 41 22 28 25 23 16 23 27 13 14 20 32 26 32 34 20 36 25 20 14 15 22 22 16 13 27 15 30 21 24 24 28 18 14 15 18 30 21 17 29 23 18 24 13 12 34 15 13 10 15 8 28 42 20 26 15 15 22 35 35 11 
20 9 26 24 15 25 31 30 23 29 13 22 33 14 20 21 16 28 24 27 37 14 17 17 30 10 29 33 17 8 28 26 23 25 10 23 32 11 17 20 25 40 30 21 18 22 20 19 31 23 16 26 9 19 29 41 18 18 12 27 23 36 22 24 12 17 22 22 19 22 22 14 34 26 21 
13 12 25 38 19 12 33 19 20 13 18 29 30 8 29 29 27 25 16 8 19 18 17 19 24 23 29 27 18 15 28 29 29 9 30 34 13 20 19 29 23 26 27 18 22 31 25 18 18 23 29 41 15 18 29 38 18 16 20 29 26 33 37 15 30 25 19 20 33 9 20 15 34 31 13 
15 16 22 23 25 30 27 27 25 20 22 19 22 32 29 22 18 18 20 24 20 23 17 28 23 24 13 29 19 13 26 27 35 23 16 18 19 13 18 27 46 22 20 17 15 27 18 17 37 32 20 40 16 18 31 21 31 20 13 31 25 27 15 16 25 25 22 29 29 22 20 18 36 25 15 
10 17 20 26 8 42 28 29 23 25 20 26 25 17 32 22 23 24 14 26 24 17 17 22 14 38 20 26 19 12 21 24 22 26 14 28 43 10 14 18 29 40 44 19 12 23 25 19 21 23 20 24 18 10 22 9 24 19 17 31 25 21 33 14 18 13 30 23 26 15 21 19 35 40 21 
11 10 24 28 22 31 23 28 19 22 9 31 29 10 25 21 25 35 19 29 31 20 17 16 25 32 15 29 28 13 42 24 38 23 20 31 22 19 13 21 38 34 39 14 15 23 22 14 42 21 31 32 15 21 35 20 18 20 20 31 22 24 31 20 22 4 36 18 36 20 18 10 27 31 16 
11 19 26 24 9 35 30 37 14 17 16 39 20 22 28 25 7 29 19 12 23 16 14 26 21 24 35 26 16 25 31 25 35 28 20 22 43 14 12 18 21 11 30 20 18 31 14 24 10 10 30 43 17 22 22 30 23 13 14 37 16 13 37 10 14 17 27 23 12 13 20 17 31 27 12 
13 20 23 16 22 37 39 35 20 25 20 25 29 12 33 27 14 23 18 6 19 20 23 24 18 36 31 33 32 17 27 29 36 17 12 24 24 16 16 18 34 30 19 20 13 29 21 22 31 35 29 48 14 17 36 40 26 23 17 24 20 25 33 16 11 14 27 13 6 18 28 20 32 33 19 
15 16 21 28 25 40 24 13 26 19 12 20 34 32 28 29 22 28 18 22 21 21 16 13 34 23 25 20 34 18 27 25 20 26 16 34 37 14 16 17 30 28 23 14 14 23 17 13 28 32 35 23 20 22 31 18 22 15 17 26 22 32 24 21 26 20 30 28 12 12 25 15 30 31 14 
15 15 24 29 27 34 25 34 19 34 8 32 17 20 24 37 29 15 17 16 21 11 32 23 25 21 17 23 20 13 33 41 19 13 10 20 23 21 13 15 38 38 26 20 14 32 20 7 40 21 42 9 15 15 26 19 24 20 20 34 19 28 19 12 18 21 18 18 29 19 37 12 22 21 5 
16 22 27 32 17 37 22 32 21 26 11 40 20 14 32 41 16 24 18 24 31 27 22 22 33 3 22 24 18 22 36 24 30 17 15 35 31 14 19 37 33 30 17 21 15 19 24 14 29 13 20 38 19 20 15 26 27 23 21 21 19 38 18 23 36 4 26 23 31 20 22 19 18 35 12 
17 20 31 18 20 36 31 24 19 31 12 26 25 14 22 34 23 10 19 24 23 11 15 16 29 40 22 23 27 8 40 28 18 22 18 34 23 9 9 33 24 34 27 17 10 32 20 14 30 18 42 35 10 21 18 17 24 13 26 30 11 20 37 20 23 24 17 25 28 13 21 25 11 23 19 
14 21 32 29 19 17 18 27 28 19 16 29 23 22 30 29 14 35 16 25 20 18 27 21 28 25 27 33 28 17 21 24 35 28 21 33 38 13 11 23 43 32 29 17 17 27 19 8 21 23 28 27 20 16 30 27 16 18 22 45 19 25 36 11 30 24 19 19 20 11 35 11 25 18 13 
21 17 26 27 12 46 37 26 20 25 15 32 34 18 32 39 18 22 22 22 20 16 20 16 18 29 26 25 34 12 32 18 26 11 13 30 22 11 16 33 33 14 40 21 22 16 29 24 19 35 18 36 21 25 21 13 29 19 17 40 30 19 14 17 23 26 17 21 36 19 28 10 23 34 17 
21 16 24 22 23 28 38 22 24 22 13 22 18 27 29 14 31 15 17 28 18 7 21 29 21 31 24 45 28 14 37 24 25 8 34 24 18 20 16 34 30 57 13 13 12 30 10 12 37 31 26 22 10 17 24 37 11 12 16 40 27 25 31 13 28 26 33 17 33 18 25 17 9 26 14 
15 16 21 21 18 36 25 36 30 11 21 24 20 29 31 29 21 16 17 21 22 11 13 16 26 30 25 31 26 16 29 31 34 31 22 24 26 19 15 22 26 37 20 19 11 23 8 14 29 26 20 28 15 18 18 22 24 19 20 22 21 26 39 17 24 27 23 13 31 9 18 15 25 23 21 
14 16 23 27 24 5 22 33 15 26 19 21 23 17 39 30 32 24 15 24 27 24 18 22 28 30 14 18 25 22 37 24 22 29 23 26 21 15 18 20 24 49 33 22 16 41 19 16 21 12 18 29 16 14 23 26 21 18 22 32 16 21 33 24 23 23 18 24 39 20 16 13 24 19 22 
17 17 23 28 25 16 22 24 27 19 18 26 24 17 19 52 25 21 23 22 27 17 19 19 19 45 30 18 34 5 30 24 21 8 20 36 22 15 13 31 24 20 21 13 9 25 23 12 26 23 27 26 18 12 22 34 12 28 18 41 19 32 30 26 32 30 28 11 10 17 21 15 34 25 9 
14 12 12 21 30 28 41 31 25 10 19 25 24 19 29 18 29 34 16 12 18 15 38 6 25 28 14 35 20 16 28 27 14 23 23 26 35 15 13 20 47 44 23 13 25 39 22 28 21 31 28 25 19 20 16 28 28 16 17 31 14 26 24 13 23 19 29 7 27 23 26 17 41 35 16 
12 16 27 23 22 37 43 35 25 25 11 14 32 30 48 17 21 18 14 21 24 18 25 16 29 35 24 27 28 16 21 23 24 19 22 19 28 14 16 15 26 29 23 25 9 26 19 11 47 30 26 18 11 24 19 36 29 15 19 32 9 30 30 10 7 8 18 22 35 20 22 11 31 25 14 
11 18 27 26 32 15 27 28 17 32 15 26 25 23 19 14 25 26 18 17 38 23 19 24 18 29 16 35 34 17 22 25 33 13 24 20 30 9 19 21 28 29 33 18 15 24 20 16 26 28 39 29 17 14 27 20 28 15 21 31 19 32 25 14 32 25 17 18 48 16 15 20 20 33 5 
11 18 19 39 30 22 28 32 23 8 27 24 23 18 37 33 21 42 15 18 24 20 13 12 19 14 31 20 31 17 40 21 31 18 17 20 20 13 18 30 27 44 31 16 11 22 12 13 25 26 25 27 15 16 20 27 23 13 23 31 11 37 22 17 31 10 38 20 18 12 16 11 33 46 13 
13 14 24 30 28 21 29 29 20 26 18 24 10 21 26 10 22 30 10 33 29 12 9 24 24 26 17 23 23 11 37 16 19 18 12 39 27 12 16 25 39 36 29 19 17 21 28 18 27 25 25 33 16 12 21 21 39 19 24 35 25 9 24 12 27 12 29 14 27 16 32 16 25 23 3 
21 21 22 28 21 31 31 22 23 23 16 26 16 20 27 43 18 34 11 14 30 10 27 15 23 16 29 13 27 14 51 38 20 18 23 24 14 25 15 30 33 22 30 17 14 31 13 21 22 40 31 20 9 21 30 23 25 13 18 36 7 8 22 13 16 17 30 24 31 20 23 21 27 8 15 
21 17 23 32 21 39 35 20 12 23 21 28 27 15 22 24 27 41 19 18 27 19 15 19 36 21 20 24 25 16 37 28 33 16 15 24 37 16 7 32 20 17 14 26 15 34 16 13 24 31 8 19 21 14 26 27 17 20 19 9 12 22 38 17 17 17 18 23 26 19 27 23 33 28 5 
23 14 16 27 29 20 36 36 29 29 12 31 35 25 33 12 22 37 14 30 33 19 21 29 23 28 29 23 17 19 24 32 32 34 18 46 20 8 13 25 29 24 30 20 13 30 19 20 29 20 23 45 17 20 35 17 23 12 21 29 31 33 27 14 11 27 16 17 39 19 26 15 28 33 14 
18 16 20 24 20 24 27 36 11 20 12 22 29 13 31 26 23 28 19 16 8 15 16 20 28 16 37 35 34 14 30 20 25 18 20 37 21 21 17 29 34 27 32 11 18 26 18 7 19 34 21 18 19 20 21 15 18 15 23 15 16 20 28 15 9 20 35 12 27 15 21 19 26 14 20 
17 21 22 40 22 25 26 30 25 18 9 24 34 30 24 23 23 27 15 28 31 24 25 27 26 19 22 27 27 12 27 29 21 14 16 27 32 15 21 30 10 30 27 21 16 26 20 7 32 27 35 39 14 22 26 28 21 19 13 30 23 18 28 16 29 13 29 20 39 14 21 13 45 22 22 
14 16 23 27 15 16 32 18 15 26 9 23 29 28 35 34 19 23 9 21 16 26 20 10 34 38 27 26 25 16 35 32 12 25 9 39 31 9 18 25 25 4 35 16 16 17 9 11 29 30 31 9 15 13 11 11 23 20 14 39 17 25 35 19 27 9 22 17 39 20 27 18 36 22 20 
17 11 29 28 22 29 23 24 24 35 12 23 34 23 26 16 29 37 17 24 23 18 18 14 17 29 13 33 22 18 42 30 40 10 20 35 6 15 20 23 31 39 30 25 12 25 4 17 22 13 19 20 7 20 29 19 22 20 14 28 20 28 27 10 31 31 36 25 46 13 23 11 22 34 18 
13 22 17 26 23 39 24 30 26 19 14 33 20 27 35 40 22 18 13 21 20 10 14 22 17 21 33 38 33 16 20 29 29 22 17 22 34 17 9 25 32 26 32 20 14 13 25 21 34 36 38 23 18 19 26 37 20 18 18 33 19 29 32 18 24 23 27 18 31 19 18 23 35 32 16 
14 15 19 5 21 46 30 14 16 31 16 23 14 25 26 18 25 34 19 23 33 30 26 23 14 19 24 25 16 19 22 27 35 18 16 29 29 12 8 32 35 47 22 14 10 31 18 17 24 39 33 14 14 17 32 29 19 16 17 30 15 17 40 21 33 23 33 13 33 12 14 18 27 20 13 
16 21 19 23 16 26 38 22 29 27 16 31 17 27 33 27 12 27 18 31 21 13 18 18 17 27 18 32 32 16 29 19 26 15 20 26 20 13 21 36 38 36 32 22 7 31 24 25 18 26 14 30 14 24 28 19 22 18 25 49 17 18 34 22 21 19 21 17 22 16 12 14 28 35 15 
21 15 30 17 22 32 26 32 23 27 15 18 49 18 35 28 24 20 19 28 29 17 13 23 34 28 19 17 33 19 26 31 21 26 23 18 28 19 20 22 50 11 30 16 17 27 14 13 31 30 19 30 19 18 33 31 14 17 23 29 28 36 18 18 17 21 21 8 39 16 32 17 34 25 19 
13 15 17 25 18 13 40 19 11 25 20 43 23 10 27 26 27 17 16 25 21 16 24 19 29 25 8 26 25 12 14 23 28 19 25 21 12 12 12 31 38 31 34 24 16 25 16 20 34 22 26 21 16 21 44 16 10 24 20 33 25 23 30 21 16 21 18 22 31 17 21 21 8 34 14 
16 18 25 19 20 38 24 34 26 30 11 31 26 23 35 16 20 28 19 13 17 17 18 16 34 29 18 21 27 15 43 26 29 24 27 28 25 17 10 28 21 21 29 15 14 22 13 21 32 21 28 43 12 23 21 33 24 15 20 17 23 16 25 13 23 17 39 7 29 19 16 15 26 28 7 
18 18 16 20 24 33 26 28 30 22 9 17 29 13 22 31 32 29 14 17 18 22 24 7 13 11 7 17 27 17 21 32 24 24 21 7 43 11 12 31 20 25 34 14 13 29 19 18 32 22 32 29 14 18 32 22 26 23 12 30 17 26 31 13 34 30 20 14 29 19 24 12 23 27 16 
23 16 15 30 18 30 9 19 27 20 23 31 33 21 29 32 13 29 12 24 34 9 19 20 22 35 13 23 18 18 27 10 24 23 17 20 20 10 18 13 18 13 23 19 21 23 16 22 33 34 30 24 20 26 29 16 26 25 17 31 12 19 33 20 22 23 14 25 35 16 22 10 43 23 12 
24 11 17 41 19 21 22 24 22 18 19 29 37 20 28 48 23 20 17 18 22 14 19 18 16 24 25 27 23 15 19 21 20 15 24 18 24 17 15 29 22 50 47 16 13 43 31 24 29 24 33 36 14 12 18 26 17 13 20 37 21 38 34 17 31 22 25 24 40 7 30 12 32 32 12 
19 17 21 27 15 28 16 29 26 25 15 21 28 30 46 40 16 25 19 29 23 16 10 11 29 21 28 25 25 16 37 31 33 22 17 36 26 16 15 22 30 30 15 22 24 17 20 23 24 36 25 23 13 22 15 25 16 16 21 13 10 27 35 11 16 20 27 26 30 11 18 17 31 44 11 
13 9 27 30 25 24 38 28 23 22 15 22 34 26 35 13 31 25 14 20 14 20 14 25 20 31 28 27 20 15 35 34 17 27 12 28 35 20 13 19 30 34 27 14 12 37 11 9 17 23 23 34 19 16 37 28 29 30 24 31 18 25 22 14 42 14 29 20 18 18 13 18 22 25 11 
20 20 23 21 20 38 18 6 18 28 20 25 25 19 43 28 15 32 10 19 36 13 21 26 20 33 12 22 38 19 45 34 14 18 13 24 37 15 21 36 15 17 25 21 19 25 14 20 32 5 31 37 11 15 33 32 27 22 21 17 15 20 22 19 26 15 34 19 21 20 21 24 25 16 14 
18 16 27 23 23 28 45 17 19 33 15 30 26 21 36 21 16 16 14 24 42 25 21 20 24 19 25 12 17 9 15 33 21 10 17 24 43 15 12 14 19 27 21 18 15 31 17 12 28 20 29 23 20 21 24 20 30 34 21 39 22 12 31 13 25 21 31 19 43 17 19 14 17 38 19 
19 12 14 31 10 33 15 37 28 31 13 11 20 11 31 16 19 36 13 26 24 11 11 27 8 25 35 18 24 16 20 28 26 15 19 24 20 12 16 44 33 40 21 19 14 31 22 12 36 21 22 26 16 19 23 22 19 21 22 38 21 36 41 14 21 14 26 22 31 17 17 21 25 20 15 
15 13 22 31 28 36 25 21 27 18 16 33 22 17 36 37 26 31 20 23 20 5 21 23 41 35 30 28 29 10 16 21 22 19 15 29 18 13 14 36 21 19 38 12 19 26 21 17 33 15 33 18 15 15 33 15 17 24 21 25 15 14 31 11 28 31 38 18 45 17 18 17 29 38 14 
16 13 22 18 30 30 47 20 18 26 10 28 31 24 15 9 22 19 12 15 33 15 24 15 22 23 26 38 24 17 36 18 29 13 21 31 39 14 9 29 30 35 43 24 21 28 22 14 31 20 22 29 11 27 24 26 29 17 19 50 21 32 32 8 23 32 26 15 28 14 15 12 26 28 11 
16 16 11 24 19 32 20 27 27 20 13 22 25 13 25 30 15 33 10 25 19 19 25 17 12 20 35 20 7 12 23 23 26 22 23 35 19 11 19 17 36 28 36 11 23 10 15 14 29 10 24 37 10 14 16 25 14 18 22 16 19 17 32 10 19 17 31 24 40 14 25 20 30 37 11 
12 17 17 19 21 23 14 31 16 20 20 25 27 28 29 32 9 33 13 25 31 27 27 14 36 34 21 26 15 11 35 17 35 32 22 9 17 14 18 25 22 37 26 16 20 31 16 21 27 24 33 23 16 6 34 26 20 23 8 46 28 21 21 15 15 22 24 19 26 12 15 13 33 15 14 
12 21 23 26 26 28 25 23 26 33 15 18 28 20 25 30 31 24 13 23 37 19 6 24 20 32 22 30 22 18 30 16 42 18 19 32 26 14 13 30 15 36 43 19 20 30 16 15 29 37 24 24 23 17 31 19 28 15 22 32 15 40 22 20 9 23 28 24 28 17 21 18 26 32 18 
17 16 27 24 13 26 16 31 13 27 12 21 32 15 14 34 15 31 5 26 28 4 8 24 22 23 26 29 29 19 30 22 31 27 18 33 15 15 17 31 29 10 33 9 16 27 17 16 35 19 15 34 22 21 21 27 13 21 18 17 25 24 25 15 21 19 26 21 19 12 20 24 35 21 16 
16 8 28 16 20 30 24 33 37 39 17 18 28 21 20 31 24 29 19 12 17 15 19 11 23 23 25 17 34 15 26 27 20 27 15 28 30 14 23 31 19 19 34 25 18 19 24 17 18 30 22 40 17 25 22 24 20 29 21 18 32 20 38 20 20 19 14 21 26 15 16 18 14 29 14 
15 8 15 20 30 32 40 27 28 18 21 29 47 14 45 26 25 29 22 22 38 16 22 19 14 18 24 29 30 15 12 19 29 16 12 25 32 16 11 27 25 40 38 18 18 31 13 18 20 32 30 20 18 19 31 13 31 20 11 20 23 18 37 12 19 11 30 26 17 13 15 14 38 43 14 
14 12 9 34 22 28 25 30 36 21 13 28 17 25 33 31 19 31 19 30 28 8 21 25 21 26 15 17 29 10 31 21 28 5 18 34 40 11 14 28 33 33 25 14 14 16 19 16 16 21 42 13 17 19 20 25 20 22 20 35 16 43 24 20 23 30 15 7 28 24 30 12 22 26 19 
15 15 31 19 19 38 25 37 33 17 19 28 18 29 30 30 25 35 12 26 36 16 20 26 18 21 28 25 24 23 30 30 27 23 21 21 34 16 20 29 34 25 32 14 18 25 18 9 26 25 27 24 14 18 25 10 10 8 9 41 8 25 29 17 19 11 41 18 16 22 17 15 25 29 15 
17 18 20 30 21 36 23 34 19 37 17 21 38 35 11 3 21 20 11 30 32 13 30 26 20 49 15 17 17 21 30 14 29 12 17 11 34 16 13 21 38 43 31 3 17 31 16 25 24 24 30 29 17 18 28 29 14 25 15 40 20 25 18 23 21 20 23 17 42 18 17 25 45 22 21 
16 14 14 26 23 24 18 53 23 30 13 19 27 24 24 26 23 32 21 33 22 8 17 19 26 30 37 31 31 13 32 24 30 15 12 23 32 19 15 27 23 25 38 21 11 14 24 17 17 34 32 32 17 18 20 25 34 30 24 32 19 34 28 22 26 34 27 23 39 20 27 21 37 33 16 
14 14 21 24 19 14 27 31 24 19 20 23 32 14 17 33 28 21 18 24 25 14 14 27 29 35 25 29 36 6 20 20 23 26 16 26 46 26 18 23 22 27 31 8 19 41 16 31 27 33 28 30 23 19 22 16 31 25 25 31 13 22 21 14 13 17 17 14 21 20 18 7 21 53 19 
9 10 19 31 19 45 42 12 20 23 21 22 27 22 22 28 31 23 22 32 16 11 20 19 28 21 24 21 27 17 19 34 27 12 14 35 31 9 14 32 46 30 41 17 17 22 13 18 34 17 34 19 10 21 23 22 20 21 11 52 12 17 44 24 35 24 33 31 31 19 25 15 38 26 22 
19 17 23 18 17 32 35 13 13 26 16 26 26 15 28 21 25 16 11 31 26 17 24 31 17 20 6 29 18 14 28 33 31 21 19 27 36 15 11 20 36 22 29 24 18 29 6 13 38 26 22 37 17 19 18 27 20 19 18 19 14 24 34 14 26 33 27 27 38 24 25 14 26 41 12 
11 13 25 29 18 21 23 18 25 17 17 23 24 38 26 18 30 23 14 37 18 19 15 22 29 24 27 28 16 16 32 20 21 26 23 40 27 12 22 42 35 32 23 18 17 25 18 7 25 35 30 29 17 16 28 26 20 27 18 52 21 25 23 15 21 14 23 18 33 18 18 17 33 33 18 
9 17 33 30 33 22 23 38 23 30 9 32 33 22 20 22 26 36 13 22 35 29 18 21 23 18 26 32 24 14 28 26 24 12 20 30 20 14 21 35 31 43 32 17 20 17 8 13 26 27 17 38 21 18 15 31 28 22 15 24 24 13 24 22 18 15 29 18 34 13 22 17 23 32 15 
17 11 22 25 17 32 25 30 20 14 16 32 39 24 22 20 21 22 12 26 21 20 23 9 25 41 22 33 35 13 30 21 26 9 15 22 37 19 17 27 30 25 18 18 14 14 16 8 21 20 30 44 10 11 25 27 15 25 30 42 24 26 28 23 29 11 22 12 13 17 19 4 36 28 13 
17 14 11 15 18 21 20 28 26 26 16 12 22 10 28 20 27 21 18 24 36 14 21 12 18 22 31 19 27 14 24 27 30 31 15 29 30 24 15 11 23 18 50 14 16 26 18 20 28 31 29 32 11 19 21 25 23 28 22 18 26 12 26 24 19 15 24 15 39 15 20 18 37 30 17 
14 16 21 11 22 28 29 9 25 24 21 27 12 14 43 22 29 22 13 29 21 9 17 8 22 32 19 35 34 20 36 21 9 20 22 31 23 16 20 27 44 8 50 23 14 25 10 20 11 33 26 44 13 23 25 17 29 29 12 40 22 43 34 17 33 19 36 19 44 19 17 17 21 28 18 
17 19 27 15 5 36 27 30 25 24 14 39 42 22 22 31 22 29 13 15 28 18 20 17 37 23 24 16 28 19 30 34 20 20 16 31 28 20 18 21 27 39 21 16 19 23 15 15 37 23 33 32 10 12 23 27 23 12 26 31 31 14 22 7 23 19 23 19 35 12 24 18 18 44 18 
14 13 20 37 27 38 30 24 26 27 19 24 25 12 22 21 21 23 15 24 27 21 19 15 18 33 23 33 13 13 41 22 38 18 21 39 30 10 16 16 17 41 19 24 16 22 17 23 28 20 36 22 14 17 21 27 31 16 27 31 23 22 23 17 32 30 15 20 18 21 21 21 38 30 19 
19 14 22 23 22 42 9 28 19 17 17 25 19 16 28 42 19 25 23 19 23 13 24 27 24 28 22 26 26 12 36 34 17 14 14 32 29 21 17 24 37 25 40 16 15 25 22 19 17 31 28 41 19 15 36 31 20 21 19 45 20 31 36 16 19 11 18 18 28 12 31 14 30 15 19 
26 16 24 23 21 28 12 37 18 25 22 29 35 20 21 32 14 28 23 29 28 18 22 32 30 24 20 20 14 12 27 38 16 17 17 19 27 16 14 22 32 29 37 19 17 24 15 14 27 19 25 23 12 22 27 22 17 22 22 32 12 35 36 11 21 13 24 16 27 18 13 22 26 29 18 
12 18 14 23 20 30 27 37 19 31 11 19 16 27 23 35 28 13 16 23 32 23 18 30 19 26 21 25 36 21 32 16 33 26 21 21 22 13 17 31 35 34 36 14 12 24 25 9 40 19 27 24 13 18 29 21 28 18 8 35 22 34 38 17 25 18 22 20 34 15 24 21 29 20 10 
16 14 33 25 25 41 33 41 12 20 10 23 23 18 14 29 27 26 13 11 34 22 27 20 19 9 34 19 36 20 35 35 34 14 12 28 12 19 21 33 31 26 24 22 12 35 20 16 19 24 45 18 17 7 26 16 34 25 19 42 14 29 27 12 20 30 29 20 30 11 24 24 32 26 15 
14 12 19 22 18 31 33 17 30 24 18 25 31 28 31 15 26 34 19 20 17 17 19 12 28 20 26 30 27 16 14 41 29 24 11 24 27 16 17 25 35 48 28 22 22 20 16 16 39 40 10 35 16 22 26 23 28 17 15 33 22 17 35 19 22 19 33 23 36 19 30 22 24 31 11 
20 15 17 18 25 18 30 18 23 21 15 25 32 20 40 33 26 19 8 27 37 13 26 17 5 30 20 20 30 12 24 26 24 15 17 22 30 15 17 20 35 32 30 26 11 21 21 23 29 28 40 26 15 18 29 31 29 14 9 16 13 36 27 19 8 11 15 26 41 11 20 24 26 27 21 
15 5 11 30 29 36 27 28 24 27 9 35 35 20 29 24 15 44 12 28 18 13 24 28 18 16 34 25 34 12 35 38 21 19 17 27 20 5 19 31 25 29 25 17 17 20 18 11 30 22 35 31 19 19 34 20 37 22 28 41 17 24 24 20 29 24 28 20 27 19 29 14 39 28 10 
15 22 24 17 17 37 25 29 18 26 17 18 29 13 34 21 21 15 17 20 21 12 9 29 12 28 28 27 20 13 31 24 18 13 13 40 32 14 12 21 22 37 30 17 16 19 14 29 9 16 31 24 15 11 39 28 21 11 13 28 19 19 32 22 13 31 27 19 34 18 11 17 34 35 15 
17 23 29 38 12 18 28 32 20 32 14 34 30 18 41 40 20 19 14 16 22 15 24 20 25 33 19 17 19 13 26 24 32 9 20 34 16 18 18 34 31 27 22 14 22 26 20 22 24 18 48 38 10 21 40 14 29 18 24 23 16 27 31 20 27 18 29 16 4 18 22 18 20 26 12 
16 11 11 28 25 24 32 35 17 25 19 28 31 22 41 27 24 25 14 27 28 19 12 23 23 31 17 15 28 17 45 23 36 16 26 15 31 9 13 35 31 29 30 24 14 13 31 16 14 30 35 28 14 20 19 33 17 11 21 22 21 23 32 9 25 15 21 16 13 14 22 19 28 25 16 
6 15 21 23 34 19 23 19 23 16 18 21 23 19 40 24 28 31 19 19 26 14 19 16 26 35 19 17 26 18 22 21 17 19 19 34 29 16 20 24 24 38 50 23 19 21 21 12 18 29 5 38 12 16 35 23 33 14 27 27 18 28 23 26 23 20 10 26 34 15 44 17 26 27 15 
12 17 28 11 27 14 25 25 22 25 13 41 16 17 39 23 26 39 19 26 17 19 24 17 15 29 27 27 47 11 28 35 28 24 16 43 24 19 11 21 27 21 21 21 12 23 15 17 27 32 38 29 13 11 25 26 27 17 18 26 12 18 42 17 16 27 25 16 29 16 21 17 19 36 11 
20 9 28 31 11 29 31 13 24 25 18 21 28 19 39 24 26 32 13 19 37 11 7 23 20 13 12 24 16 12 23 20 27 29 14 35 32 14 11 34 37 50 27 14 21 19 21 24 28 21 44 26 11 13 20 18 14 25 19 21 14 21 32 14 35 23 25 9 21 13 19 14 33 31 17 
15 15 21 24 29 26 23 33 24 15 19 31 22 20 31 29 12 23 25 26 27 13 29 23 24 25 26 32 33 10 23 27 25 16 22 24 22 19 22 21 33 51 39 22 11 16 16 10 20 25 35 45 8 20 33 29 23 31 15 16 17 11 25 20 27 18 21 17 23 14 30 21 33 29 9 
15 18 27 27 16 29 28 33 20 26 17 31 21 11 3 24 31 33 9 15 38 14 25 15 17 25 23 21 28 20 34 29 26 15 12 31 29 13 19 27 35 38 26 8 13 25 20 14 24 22 18 35 16 21 26 32 31 20 23 33 24 37 26 18 22 20 31 18 31 14 19 19 29 28 10 
23 15 28 19 18 26 31 20 14 25 13 25 36 28 27 24 24 18 15 26 34 12 20 19 32 32 18 23 21 15 33 30 36 19 26 19 27 12 23 32 33 30 19 24 15 29 17 14 16 29 28 22 13 13 27 13 29 26 21 32 16 26 19 8 21 11 31 18 34 17 24 16 19 20 18 
19 21 21 39 19 27 23 30 24 15 14 17 16 25 34 27 19 3 12 30 19 15 19 20 25 31 33 30 21 16 28 19 20 14 21 33 10 14 9 26 29 12 31 12 17 26 18 17 26 28 23 25 8 23 16 24 17 18 27 22 11 30 37 20 30 25 28 13 14 20 28 20 35 34 15 
17 16 21 36 20 30 19 26 28 19 9 26 28 34 33 25 37 32 15 21 29 21 27 18 27 26 29 30 22 15 44 24 33 20 18 17 35 13 11 34 15 36 24 16 13 25 24 13 22 23 21 23 16 20 21 21 28 12 22 29 22 21 38 14 27 19 14 24 42 18 28 19 30 31 14 
23 18 24 32 29 35 30 20 30 19 16 12 27 19 32 20 25 20 15 22 30 16 22 16 24 27 26 29 25 19 32 30 29 21 29 29 30 12 19 29 35 33 29 19 10 33 18 23 19 26 22 27 15 21 28 30 20 14 16 27 17 30 28 9 25 19 27 17 24 7 25 16 39 18 16 
18 19 11 21 17 25 27 28 23 23 24 25 20 25 25 23 28 30 18 9 32 14 15 18 31 51 20 26 30 21 21 41 31 23 19 22 22 12 15 18 33 24 9 23 20 32 27 10 26 32 14 15 12 11 24 23 19 13 14 20 31 33 42 6 20 12 28 22 44 12 19 18 29 28 17 
18 21 27 22 28 25 18 34 32 26 14 19 27 26 36 21 10 23 16 21 37 22 13 28 30 37 6 25 27 18 24 35 35 12 30 43 19 14 15 27 39 42 31 14 17 18 15 24 24 29 38 30 12 21 21 18 21 15 18 43 31 21 27 18 19 24 22 23 35 15 29 22 34 31 13 
16 12 25 27 22 44 35 23 18 11 8 28 26 29 32 27 20 17 14 27 22 18 14 19 20 39 26 14 30 16 35 21 11 22 23 12 25 11 17 15 31 33 44 20 11 27 11 26 26 21 48 27 18 17 30 21 19 23 24 44 25 27 27 17 24 20 20 32 39 19 23 17 41 29 13 
17 14 18 34 21 32 22 32 34 7 15 13 32 24 36 30 29 19 18 27 26 14 23 31 27 26 22 28 22 7 11 34 22 18 29 46 24 12 18 31 29 24 31 21 10 28 19 19 26 18 17 28 19 17 23 30 30 25 11 23 18 16 20 23 41 7 22 15 29 29 40 24 35 22 12 
19 21 14 28 28 43 36 29 23 19 19 29 22 22 41 20 20 25 22 17 27 23 13 17 25 30 14 37 28 11 14 41 28 16 13 27 15 16 9 15 22 23 26 24 18 50 13 18 31 33 27 19 20 20 20 21 28 17 19 37 18 19 32 11 29 13 22 18 33 15 17 14 22 35 17 
19 20 28 11 24 25 35 36 24 18 17 25 26 14 38 34 13 20 15 22 44 12 32 14 19 26 24 22 29 14 32 28 33 23 13 36 32 23 6 28 35 27 28 21 13 22 22 8 27 20 24 24 13 16 23 36 25 31 23 47 23 34 24 15 23 22 27 21 17 21 26 19 41 28 14 
13 12 28 29 14 21 25 29 19 33 19 33 26 17 17 48 18 27 14 25 31 26 30 21 27 32 26 18 42 13 44 32 26 24 23 35 22 20 12 27 14 32 29 19 12 29 20 19 32 24 10 18 12 26 38 27 17 26 20 36 14 24 48 9 24 17 26 22 32 11 22 11 22 24 19 
12 8 30 8 23 27 27 33 16 25 11 30 28 14 23 32 34 31 15 25 28 16 27 12 32 23 29 23 28 10 37 30 25 14 25 32 23 21 18 18 30 43 33 10 15 25 19 21 32 32 35 38 21 18 22 19 13 16 21 31 26 20 32 14 26 21 28 14 19 17 29 11 22 29 21 
13 18 25 38 27 43 27 22 21 39 10 31 27 23 39 32 20 24 13 17 21 18 21 18 28 22 22 27 36 22 19 31 22 19 17 25 20 11 9 34 29 27 38 19 20 33 21 13 31 20 32 16 18 24 26 25 20 25 20 35 12 22 33 15 14 12 22 14 29 11 26 13 34 39 8 
16 15 26 23 23 24 22 34 17 26 16 34 16 26 37 47 18 24 17 26 35 15 17 25 27 27 22 29 23 18 30 34 33 19 13 27 26 11 15 17 41 34 26 13 16 34 11 18 31 20 35 33 22 19 27 20 21 25 22 33 17 38 29 14 18 24 17 26 18 18 21 19 27 30 12 
15 12 27 23 22 37 22 30 22 25 23 13 22 17 14 24 6 19 22 29 24 16 17 24 24 38 30 28 33 15 15 19 27 23 23 36 13 12 18 28 15 25 32 15 21 23 29 13 30 32 33 30 15 19 29 26 25 12 14 24 19 22 44 12 25 12 25 19 26 13 19 12 37 25 16 
9 12 25 23 19 25 20 22 21 23 20 25 33 29 35 24 19 21 15 25 17 9 24 23 27 29 32 19 15 13 39 36 22 16 17 17 26 15 13 18 32 32 29 17 11 38 12 16 15 29 16 25 15 11 33 20 17 26 24 47 21 17 35 20 19 11 31 27 23 20 21 15 34 41 15 
16 13 24 19 15 22 32 15 23 29 16 34 26 21 29 30 21 26 22 15 30 25 20 27 20 26 17 17 21 17 37 21 38 18 18 20 37 17 17 32 31 17 26 19 20 28 15 14 19 16 22 37 17 23 25 22 23 20 21 33 17 24 33 23 26 20 33 26 12 11 24 9 35 12 18 
11 18 23 28 27 39 37 37 16 26 10 42 26 23 42 27 24 31 20 24 23 26 24 19 38 27 22 25 20 23 39 14 23 15 16 22 38 13 16 19 31 28 41 18 12 26 19 19 22 27 47 26 19 20 21 23 16 15 8 33 21 39 40 20 32 17 24 11 31 25 16 13 35 21 18 
16 20 21 24 25 27 11 31 30 18 23 22 21 20 11 21 28 20 11 31 19 15 20 29 19 25 15 38 26 14 39 26 26 18 22 15 19 11 15 44 27 43 21 22 11 34 8 9 41 23 29 32 13 14 23 31 24 19 10 20 13 41 25 17 30 12 30 11 14 12 20 11 21 23 11 
14 14 20 25 17 43 26 18 18 31 13 31 22 16 48 33 19 37 21 26 23 17 19 24 14 31 15 34 22 10 28 12 26 18 17 17 43 21 17 26 42 29 27 16 18 21 13 13 16 22 23 38 14 16 22 27 31 23 19 45 11 16 31 8 24 16 23 16 25 11 13 14 30 24 24 
17 22 24 29 20 24 37 32 27 25 22 27 25 22 36 41 5 20 18 28 26 22 21 27 25 27 30 27 22 17 34 27 37 11 13 34 39 17 18 21 19 28 22 24 9 29 23 13 30 34 22 31 20 21 25 19 17 13 25 31 20 20 23 13 29 22 22 23 43 15 17 15 28 45 10 
20 14 24 15 24 27 25 38 27 20 19 29 26 19 28 22 32 21 15 17 30 13 13 25 27 17 20 28 15 23 23 32 22 18 22 11 36 21 14 27 31 22 28 10 20 18 23 20 25 14 38 33 14 17 43 30 22 23 14 31 23 25 22 17 18 21 22 15 31 14 28 17 27 25 9 
17 15 15 6 16 29 27 23 29 22 22 30 32 19 19 34 21 20 21 31 17 20 12 19 20 35 18 29 32 14 30 26 36 15 19 28 26 21 19 17 37 32 20 18 15 21 22 16 12 31 30 15 15 14 32 23 33 18 21 41 24 28 17 24 28 32 36 18 35 17 29 17 26 20 10 
19 15 16 23 17 30 24 42 19 21 14 32 51 23 36 26 24 19 14 24 21 21 30 15 15 15 19 17 25 13 22 14 41 19 21 13 25 12 16 32 15 38 33 14 16 29 16 16 33 25 19 38 16 22 24 29 27 13 15 25 17 16 44 13 26 30 25 13 27 19 26 16 31 29 15 
20 19 26 26 27 27 15 25 20 29 14 31 16 21 33 32 28 32 12 19 31 26 13 21 21 25 22 25 29 12 27 22 24 20 19 23 17 15 23 25 28 30 33 13 18 26 20 12 31 36 38 30 15 26 28 26 39 17 17 32 24 32 29 20 27 30 26 16 24 24 21 19 42 32 17 
20 15 30 18 17 33 35 27 17 32 12 18 34 20 37 22 15 26 23 31 34 25 26 22 24 28 28 28 19 21 46 21 23 24 23 29 19 23 18 33 28 8 13 23 17 19 21 22 16 40 22 34 10 17 27 28 30 12 14 24 15 27 26 10 25 23 20 21 29 19 16 11 17 30 15 
18 24 12 23 19 42 36 36 33 20 9 22 33 31 21 34 15 34 13 31 31 14 19 9 29 16 23 15 36 23 48 21 23 9 18 32 18 19 16 16 29 39 27 15 22 23 14 17 36 25 25 31 11 32 21 23 24 13 21 34 31 34 38 13 33 20 18 20 19 19 15 19 39 18 20 
12 10 17 36 14 3 3 32 17 29 20 15 29 31 32 19 26 17 25 21 35 15 19 16 26 28 22 21 31 11 28 34 49 10 10 21 33 16 14 30 19 34 42 24 16 21 18 21 26 31 25 44 17 23 24 21 20 23 19 18 19 27 30 8 25 14 14 19 40 15 32 17 15 44 14 
20 17 27 21 8 31 29 3 17 19 24 23 29 14 30 27 26 20 14 22 33 22 24 19 18 28 28 20 43 18 37 17 18 18 16 38 26 6 11 32 32 25 40 12 19 19 15 16 42 37 31 36 19 16 19 22 32 19 24 28 22 27 27 2 25 21 23 25 25 18 32 6 49 28 15 
25 23 5 31 20 35 22 24 30 8 16 30 14 20 29 27 23 27 20 27 26 19 25 31 32 22 17 27 23 17 28 13 9 29 26 30 34 19 10 15 32 25 39 24 20 35 26 20 28 23 15 37 17 10 25 21 17 23 25 14 13 26 25 15 26 25 22 14 22 17 12 15 33 30 9 
19 16 20 19 19 15 32 37 22 22 7 24 45 10 30 22 30 25 12 22 28 15 22 27 17 23 32 34 17 15 28 27 28 24 20 34 27 18 18 24 24 29 36 25 21 26 31 25 15 17 30 29 14 14 36 22 24 27 24 27 25 33 26 19 19 26 25 11 34 13 17 19 37 27 10 
14 19 19 26 25 33 29 29 24 16 11 23 24 10 25 16 24 24 13 27 28 16 18 17 23 40 16 27 8 19 31 28 23 18 16 16 24 12 15 33 38 24 37 26 16 26 19 19 26 38 20 21 19 21 23 24 16 18 20 36 19 18 33 28 20 17 19 16 35 16 22 11 25 35 16 
16 24 34 33 13 37 28 25 17 20 12 19 25 11 19 31 23 26 15 23 36 23 15 18 38 19 11 24 27 25 30 25 30 26 16 20 30 12 13 31 37 33 18 20 18 32 20 23 22 25 24 37 18 16 27 26 10 30 29 38 13 27 31 12 16 20 30 16 31 18 14 15 35 20 9 
17 10 16 7 23 34 25 36 25 24 21 35 17 22 26 26 14 35 9 28 7 18 10 21 21 43 19 37 25 17 22 18 21 22 22 32 22 17 16 38 26 23 50 9 12 31 24 23 31 24 25 34 12 15 18 11 19 13 17 20 14 29 25 16 21 20 25 17 25 15 18 12 29 33 15 
16 13 15 29 24 24 36 26 21 15 19 29 23 20 31 17 30 30 18 19 12 18 19 11 26 27 20 20 35 23 34 27 28 14 22 38 22 20 11 22 32 15 27 21 17 27 17 19 35 28 34 29 20 20 25 16 27 16 19 33 16 36 31 27 27 8 23 26 15 21 25 15 33 24 16 
14 16 11 29 27 34 22 26 26 23 16 31 21 24 30 35 24 26 14 16 15 14 26 26 31 31 25 7 17 10 14 21 31 8 13 24 38 15 11 34 20 37 33 12 16 24 16 20 28 25 39 28 20 13 35 18 12 18 21 24 16 23 29 13 27 28 27 13 20 17 24 16 24 35 14 
10 21 19 25 18 39 24 16 25 26 16 18 20 19 35 28 20 17 22 29 28 25 20 15 22 28 25 25 31 15 44 26 20 31 22 32 28 12 21 16 32 37 34 14 12 35 13 10 30 21 22 31 12 18 10 26 22 15 17 23 30 31 35 21 31 20 18 19 29 15 26 16 25 20 12 
13 23 22 13 13 36 33 30 10 26 15 22 19 30 35 24 30 19 13 15 13 23 25 19 17 23 22 29 21 12 33 34 22 31 14 29 30 18 9 18 37 36 19 10 17 15 15 14 26 33 42 32 11 31 34 33 22 25 17 44 18 28 26 24 11 16 28 14 33 19 16 15 43 22 23 
15 12 14 36 11 27 41 28 18 12 23 23 25 33 30 21 19 26 18 27 23 19 20 19 23 24 23 25 24 13 21 22 18 22 15 25 17 20 13 25 30 18 23 14 19 23 22 19 34 20 31 12 15 19 24 27 24 21 12 27 18 28 35 13 17 22 8 17 31 14 27 19 36 25 4 
18 22 17 21 24 44 26 31 15 18 20 14 36 22 25 17 6 25 19 27 24 21 14 31 14 32 24 18 30 19 27 27 36 32 30 33 36 13 15 18 26 28 35 18 20 26 21 13 22 34 26 38 17 17 23 23 15 19 10 37 32 14 25 15 17 11 23 19 31 14 24 16 31 16 15 
10 15 22 34 29 15 30 37 23 26 21 20 34 22 39 28 26 25 26 19 21 21 22 21 18 19 20 13 16 7 36 16 15 15 28 31 36 11 17 25 9 37 19 21 20 30 20 20 22 30 34 37 23 7 29 20 26 19 15 31 33 24 23 7 14 22 21 22 41 13 28 20 32 30 15 
8 10 22 18 21 22 11 24 20 31 18 31 26 18 21 30 25 32 16 36 35 12 13 22 21 24 20 39 34 9 32 25 36 14 22 29 24 17 11 17 26 31 52 26 19 24 19 24 15 27 28 16 19 20 31 25 31 29 14 26 10 19 27 16 30 21 18 19 42 17 20 14 31 32 13 
21 16 20 9 21 33 32 20 18 27 17 26 30 25 16 25 20 28 12 7 17 18 23 20 30 38 33 18 32 18 40 22 17 20 17 23 26 11 13 19 34 38 28 14 15 28 19 15 30 34 29 34 17 21 31 21 33 10 19 23 24 23 26 18 15 26 30 22 31 26 19 13 30 29 22 
15 15 30 17 18 33 23 16 18 20 16 30 26 39 37 20 20 33 16 22 21 14 26 18 44 28 31 33 27 23 30 30 20 13 24 36 19 16 16 22 30 38 32 18 18 27 12 21 31 29 34 30 16 17 23 22 28 22 19 29 21 11 29 12 16 24 20 20 35 18 18 24 31 36 14 
17 11 19 24 8 38 30 24 25 27 13 20 34 17 25 31 24 17 9 11 29 15 15 21 17 26 31 21 22 18 32 12 31 17 17 33 24 18 17 27 27 17 33 18 17 14 20 18 28 27 19 30 15 11 22 28 11 13 17 22 24 38 26 9 25 25 23 24 34 23 25 19 33 29 17 
13 17 17 27 25 32 47 38 19 17 18 30 29 19 17 14 16 33 14 24 17 18 14 24 27 35 21 17 26 21 24 33 13 30 14 31 9 18 12 21 22 21 41 10 12 28 15 20 16 27 32 33 14 3 29 25 32 17 9 35 17 28 29 22 21 28 36 24 28 22 24 12 37 31 17 
12 22 15 15 26 35 28 23 36 30 12 24 30 18 27 32 19 22 18 27 31 20 22 17 25 22 13 27 14 14 23 14 37 20 21 47 32 9 17 26 34 33 36 17 19 29 16 15 27 35 15 25 13 27 19 19 22 27 21 27 15 28 35 16 21 30 11 16 20 19 19 18 32 21 12 
14 14 21 32 23 18 41 32 24 30 9 18 30 32 37 40 31 29 22 26 32 22 14 22 24 28 16 22 30 15 35 31 22 22 17 34 21 16 20 16 32 21 24 26 13 26 24 11 28 35 37 29 15 23 34 23 13 27 27 14 15 25 19 15 15 20 31 20 36 18 27 13 28 43 16 
13 4 15 32 35 33 28 22 11 25 23 24 14 22 32 13 14 26 28 16 35 14 14 13 4 35 12 18 26 18 18 26 25 19 21 38 18 18 13 19 34 26 29 14 19 31 10 23 17 21 27 23 14 20 34 22 21 23 12 35 36 16 27 25 23 28 32 21 26 17 25 19 29 26 18 
10 18 28 33 20 26 19 26 17 25 22 26 32 12 19 27 22 29 16 21 29 13 18 25 23 26 15 29 25 13 21 15 29 18 18 39 11 12 17 35 34 26 41 13 13 17 21 13 27 32 29 22 15 21 34 9 20 15 24 32 31 21 17 26 29 16 22 13 32 16 15 19 13 27 18 
16 24 19 33 13 37 27 37 16 18 15 17 27 16 28 37 11 26 15 20 24 19 26 15 20 27 21 28 21 21 28 32 13 10 18 26 13 17 17 46 31 33 28 28 17 13 19 22 23 19 31 21 16 23 22 29 22 12 25 10 24 25 16 17 21 13 22 16 42 15 20 14 36 32 16 
20 12 26 15 20 33 32 22 30 13 18 13 23 24 19 29 24 17 15 27 22 22 25 18 12 30 28 18 29 19 17 33 37 15 25 28 10 19 12 39 29 24 42 23 11 21 20 21 20 21 11 26 9 21 35 22 23 16 19 20 20 28 33 18 19 7 33 17 33 17 32 18 32 36 16 
18 18 32 39 18 29 32 18 22 25 14 34 21 11 48 29 30 16 15 16 21 10 18 26 18 29 19 23 34 7 25 19 33 23 15 21 28 15 8 33 21 32 33 16 13 17 11 16 12 40 27 21 16 16 24 24 26 23 22 48 23 21 24 8 20 20 27 10 33 19 10 14 36 26 10 
16 18 24 28 17 18 30 39 19 24 10 22 29 18 35 17 37 29 22 20 37 23 27 24 25 30 29 35 24 20 37 19 23 28 28 26 38 17 15 27 35 48 15 15 21 31 21 30 35 35 41 38 20 9 30 20 16 12 10 24 22 27 28 6 19 20 24 22 36 10 27 16 32 32 7 
10 26 31 25 20 49 17 28 24 23 14 23 33 30 34 34 28 38 12 23 20 15 21 26 16 26 17 30 22 14 31 25 22 25 27 28 17 20 16 22 29 28 43 17 21 39 23 11 38 27 19 29 13 18 36 13 22 18 14 29 21 15 26 16 37 17 15 12 21 12 12 11 31 40 13 
11 14 20 23 16 42 6 35 21 25 14 27 26 24 31 30 20 17 9 33 27 24 22 28 36 28 32 25 22 20 20 27 21 8 22 26 41 11 13 26 24 23 21 9 19 39 20 19 32 15 30 29 11 17 29 15 32 20 25 29 19 19 19 15 7 25 21 20 40 16 29 16 25 41 18 
15 21 16 26 26 24 21 33 21 26 16 27 34 24 34 34 22 25 21 29 25 16 11 22 22 16 24 4 22 16 34 32 23 21 18 26 35 15 21 25 28 22 25 19 18 35 14 11 31 20 25 26 14 19 24 34 34 17 10 11 17 20 22 26 28 28 22 19 16 23 23 20 33 31 23 
16 18 16 31 11 28 35 30 22 25 16 36 37 7 45 13 21 14 11 27 28 14 23 23 28 15 22 27 22 19 28 25 42 14 12 17 30 17 14 20 28 26 32 14 20 27 16 12 37 27 25 35 13 5 33 26 26 16 24 26 9 33 23 17 28 19 31 20 29 15 25 20 30 22 12 
24 9 32 20 25 19 28 26 13 29 19 30 24 17 41 18 19 23 16 28 33 23 16 26 24 18 17 21 10 18 30 22 22 18 21 24 16 16 16 26 27 17 43 19 23 19 15 7 29 26 15 37 10 14 29 31 16 16 20 31 18 22 36 19 23 14 27 11 14 17 13 19 16 16 10 
11 15 13 18 20 15 19 30 27 10 16 30 30 19 21 20 15 32 17 22 40 17 6 20 25 33 20 27 24 18 18 21 21 14 12 17 22 19 11 29 35 32 11 18 13 27 20 15 16 33 32 26 17 12 18 22 18 22 20 39 30 25 28 14 20 17 20 13 26 12 20 23 35 37 7 
12 13 26 30 30 25 27 24 20 29 20 33 17 26 22 22 15 34 9 21 17 17 18 28 22 33 17 18 22 16 39 28 12 29 15 35 15 13 19 25 22 27 27 21 16 22 28 17 32 27 36 16 12 18 36 31 22 19 25 27 15 23 22 18 32 13 41 15 25 24 18 13 15 25 15 
18 12 21 22 19 38 37 34 17 19 21 27 28 22 28 27 18 26 13 22 29 22 29 14 19 33 27 22 28 10 48 23 25 22 20 27 25 11 15 24 25 37 22 15 20 27 15 17 23 14 33 38 17 24 40 32 25 15 7 32 12 35 23 21 29 25 15 20 31 6 21 14 21 20 9 
9 12 30 31 36 43 29 42 27 22 17 19 13 34 16 22 23 35 7 10 16 19 15 24 24 34 21 26 28 25 35 34 19 22 18 33 41 24 17 26 21 33 34 15 12 31 25 18 26 14 26 33 11 19 26 30 21 7 13 50 22 32 32 21 32 16 30 15 34 14 25 16 38 28 15 
18 21 24 23 29 22 15 17 22 24 9 27 26 18 42 27 17 22 21 24 20 16 25 20 27 18 23 23 10 16 33 23 22 14 16 18 22 12 17 25 20 43 18 14 8 25 18 9 25 27 28 21 18 13 29 26 32 22 25 46 21 24 22 25 28 11 29 15 13 13 22 18 29 30 15 
16 13 19 29 10 26 22 33 24 28 15 34 31 17 30 29 21 26 22 24 21 13 19 20 24 43 25 39 32 18 18 19 21 20 19 30 14 10 18 36 22 38 30 21 11 31 11 19 26 21 23 23 20 20 17 29 29 24 16 38 15 28 24 15 35 26 22 10 36 17 20 25 20 23 19 
15 18 20 33 13 34 36 30 20 26 16 22 24 20 32 34 20 29 8 27 28 18 17 19 14 18 32 10 37 13 21 32 30 16 26 25 44 13 11 31 31 37 24 21 22 10 21 17 37 38 27 22 9 19 32 28 28 16 23 32 20 21 23 18 10 16 19 8 23 20 14 23 20 28 11 
14 19 22 21 15 16 30 23 21 16 19 25 29 25 34 40 27 27 19 19 22 18 30 26 27 35 22 26 11 15 35 32 22 23 24 36 18 18 9 32 35 42 36 25 12 27 20 27 23 22 44 39 13 10 25 27 23 20 16 24 13 30 33 13 30 14 32 18 26 13 23 19 19 31 9 
22 15 21 22 21 25 32 13 29 32 17 32 21 32 28 29 25 37 16 32 18 17 26 14 24 27 34 27 25 19 31 38 26 28 27 9 32 21 21 31 41 42 24 15 14 30 10 18 18 20 36 52 12 25 28 23 29 13 20 35 8 19 36 19 23 16 35 16 20 18 19 19 37 39 15 
8 9 32 15 15 39 8 28 18 33 12 30 23 17 39 35 24 31 7 17 33 19 23 19 20 38 20 28 38 16 33 29 46 15 14 31 37 25 17 23 34 25 13 22 16 29 18 17 25 29 29 33 13 20 23 30 19 28 12 18 12 33 28 12 21 30 32 16 22 16 34 18 32 27 18 
11 14 16 26 19 20 39 25 20 24 12 27 42 13 26 36 24 23 17 26 27 12 20 25 17 13 28 28 28 19 18 15 45 24 24 28 21 12 12 27 23 58 46 17 19 26 17 15 45 25 27 29 20 10 29 34 27 7 15 27 25 28 33 20 14 16 11 22 24 14 21 18 26 25 12 
12 25 28 24 25 21 23 34 22 20 15 21 21 28 41 33 22 36 14 12 21 26 26 23 15 29 26 28 35 12 28 30 25 25 17 26 20 12 12 24 28 40 24 30 21 40 19 16 14 36 28 33 14 21 14 28 22 22 24 34 25 20 20 15 22 13 26 25 13 20 32 19 27 33 17 
13 13 15 30 22 31 18 36 24 10 14 31 22 25 30 32 11 18 18 23 29 18 31 20 14 20 18 12 34 14 21 28 33 18 18 23 9 12 14 24 26 38 23 14 18 28 14 19 16 26 32 34 18 18 28 16 18 22 9 16 27 15 34 21 45 40 26 17 24 12 25 12 36 26 13 
14 21 26 20 31 30 33 15 23 25 18 27 12 15 40 26 23 16 17 30 24 22 25 17 30 9 14 36 24 19 35 31 16 21 19 28 31 12 19 21 33 26 31 24 12 35 23 21 24 27 50 21 14 11 28 16 15 18 15 30 17 18 15 7 29 15 37 12 24 9 24 18 27 33 16 
18 11 15 12 4 33 34 29 15 24 17 22 32 20 25 29 12 32 27 34 25 15 16 15 23 35 29 23 24 9 28 21 11 27 22 25 30 11 14 28 24 32 40 16 20 32 21 18 32 30 25 22 15 14 32 14 35 19 16 36 11 28 30 6 20 16 24 21 29 26 29 18 46 20 19 
19 16 24 30 24 26 37 10 17 14 12 24 17 17 18 26 35 13 12 19 26 21 32 17 17 31 18 34 32 20 31 32 20 27 23 8 22 16 19 29 38 19 27 15 10 23 22 20 27 23 15 27 10 20 18 38 28 22 19 29 21 20 19 22 11 12 25 24 23 8 27 18 14 29 15 
11 14 26 36 16 11 32 33 26 21 11 30 27 27 20 20 18 41 13 28 20 12 21 7 32 35 29 25 21 20 27 26 32 30 16 12 29 18 7 27 23 40 25 14 15 19 20 22 35 27 32 24 14 13 38 34 11 26 17 11 17 12 35 12 18 22 32 19 38 17 20 13 36 29 15 
13 15 35 12 26 38 25 20 20 23 13 32 11 14 42 36 22 22 15 16 32 29 16 23 26 30 18 33 37 18 33 25 18 16 19 24 26 21 10 19 24 33 16 12 13 25 8 20 28 34 20 26 16 16 19 34 30 25 19 43 17 27 29 17 12 18 33 14 23 13 22 14 32 26 16 
13 22 18 20 19 33 23 27 19 21 17 31 27 19 43 13 29 18 19 33 22 21 23 26 37 29 27 14 18 15 36 33 30 26 16 32 24 22 20 22 32 24 38 21 17 23 19 14 23 17 26 14 11 21 20 31 22 21 18 36 25 44 16 26 34 22 29 14 33 22 20 11 43 26 19 
10 13 27 34 24 33 29 32 23 28 17 36 29 19 33 30 29 25 22 27 24 16 17 25 23 30 24 31 29 18 30 34 29 24 18 23 43 17 17 26 18 37 35 19 20 35 13 5 30 27 26 30 17 19 17 29 15 21 25 21 18 28 19 15 30 11 29 15 37 22 28 15 11 26 11 
22 13 20 33 11 29 26 32 21 25 14 29 37 11 20 27 24 31 19 22 32 22 23 12 13 33 22 40 40 13 31 35 29 22 18 36 19 13 17 9 32 18 26 19 15 40 12 18 24 39 24 29 14 16 18 24 16 21 26 19 10 22 24 20 22 23 32 16 23 15 9 22 30 40 20 
16 25 25 45 19 36 27 34 17 32 9 8 16 8 30 31 25 32 12 27 34 16 24 15 30 28 21 27 29 11 36 27 32 20 27 26 22 14 19 20 27 36 21 8 13 32 11 21 31 24 37 26 13 14 25 14 22 27 21 33 22 24 20 24 27 20 17 26 22 13 23 17 22 23 12 
20 9 26 22 16 36 12 17 20 27 14 8 31 25 34 22 15 20 17 29 9 17 26 18 8 17 24 40 28 16 24 24 37 33 13 27 23 13 17 22 18 27 29 16 14 31 26 24 20 16 24 20 13 13 42 18 32 19 17 49 20 23 42 18 31 24 25 22 32 16 20 22 25 36 14 
24 20 23 27 23 24 37 34 21 7 18 32 31 23 32 27 26 24 8 24 34 27 17 21 29 20 20 34 31 17 29 29 19 13 17 25 25 12 19 24 28 24 43 20 15 35 18 19 23 23 6 25 14 18 29 20 21 25 16 33 24 17 44 21 29 24 23 16 36 15 20 16 36 28 14 
16 15 26 22 17 30 18 30 21 26 18 25 32 22 19 30 23 35 19 24 13 19 19 33 14 27 32 25 36 14 27 16 28 20 14 28 29 12 11 29 22 39 22 9 17 30 11 12 34 14 30 25 15 22 35 29 32 22 21 26 25 19 14 22 31 18 20 21 32 9 26 16 24 9 11 
15 15 29 27 28 30 28 36 30 24 20 31 37 28 42 33 19 32 19 25 32 13 18 16 19 8 25 24 27 13 43 26 22 22 22 24 20 15 18 24 26 41 17 18 16 31 18 26 18 27 26 25 17 15 22 24 25 12 20 27 22 19 17 12 34 17 25 12 27 9 5 13 22 26 19 
19 19 25 20 19 39 14 43 20 23 18 12 24 26 40 44 25 37 14 10 34 18 29 25 14 18 25 29 12 18 44 21 33 23 11 17 30 14 13 19 36 29 31 23 23 23 14 15 28 18 34 10 13 17 30 21 22 22 18 32 13 22 28 19 22 21 24 11 21 20 25 10 39 17 15 
14 21 28 19 10 20 36 24 21 31 14 19 34 14 27 18 21 28 18 28 28 22 21 23 21 18 24 24 37 20 18 21 16 14 20 25 32 24 16 18 30 34 21 22 12 27 18 10 28 32 22 23 18 10 21 13 24 13 18 19 28 15 31 15 24 17 20 16 32 14 17 10 42 27 11 
16 16 30 31 24 25 29 35 15 25 8 13 19 31 33 21 18 33 23 29 13 24 28 14 11 36 30 28 31 16 14 21 35 15 19 20 6 18 15 34 31 20 39 13 14 14 16 21 32 40 22 25 13 22 30 19 12 15 13 28 16 17 22 15 21 25 31 23 16 16 20 13 22 29 12 
21 14 8 22 27 30 28 14 24 17 19 23 27 20 19 27 13 28 11 15 21 18 11 15 26 23 27 25 35 16 20 27 38 28 20 14 26 19 15 30 34 32 22 23 15 27 23 13 25 26 41 16 4 22 18 26 29 25 21 27 15 22 25 16 30 30 11 20 37 17 29 9 31 24 12 
14 19 15 26 28 32 22 20 23 22 13 24 8 24 30 32 6 11 24 32 29 15 23 18 27 39 13 26 24 18 26 11 38 21 18 17 25 13 18 41 18 22 33 24 16 31 14 13 29 32 13 35 17 26 36 21 23 15 21 32 6 22 15 18 31 20 22 13 38 19 32 14 18 27 16 
15 15 29 30 29 32 27 20 28 32 13 20 29 27 22 26 14 28 11 30 29 18 20 20 29 16 20 30 34 15 21 38 35 19 14 31 32 10 17 26 31 30 9 14 22 18 13 14 20 32 40 26 16 23 29 14 29 16 11 23 23 24 31 21 11 13 22 18 28 12 27 19 29 30 22 
15 13 28 21 25 20 28 25 20 24 16 21 24 14 24 27 18 16 11 17 36 23 25 22 21 13 26 22 24 14 32 24 40 22 17 37 30 12 21 32 25 42 25 12 15 31 26 6 25 30 24 26 6 12 22 18 17 15 12 39 20 15 41 15 23 14 25 15 18 14 25 17 24 21 13 
14 16 19 25 16 35 43 26 11 29 13 40 10 13 15 22 21 24 22 39 26 20 25 29 25 33 21 21 27 12 34 17 32 12 11 27 34 17 20 30 46 12 23 21 14 27 16 15 39 30 27 33 18 12 22 13 26 3 24 27 34 28 19 18 28 24 13 21 39 16 26 11 35 19 15 
10 20 32 8 13 21 31 19 23 32 19 35 21 26 42 20 28 39 25 28 24 21 15 16 19 37 31 27 26 22 22 23 20 12 19 34 17 14 12 14 32 8 21 21 14 33 17 15 25 12 33 42 18 20 30 27 19 10 17 29 24 38 23 27 21 19 32 25 33 13 27 14 19 42 16 
16 17 9 30 24 12 30 39 19 15 20 28 20 20 35 21 14 27 18 28 20 20 27 26 23 23 24 24 30 16 16 24 16 17 24 30 39 23 15 29 26 33 37 13 17 35 17 17 22 28 17 34 14 14 26 33 22 14 28 24 23 18 23 24 39 25 24 15 28 17 17 15 40 40 18 
15 13 12 28 16 27 33 47 26 19 19 23 29 22 21 16 20 20 22 18 24 17 18 22 25 16 26 26 10 19 18 18 21 20 20 33 24 14 17 21 33 30 34 23 19 27 18 17 33 16 19 17 12 20 27 32 15 20 13 46 30 22 23 10 37 13 29 22 16 11 21 17 28 26 6 
13 6 26 22 24 31 36 22 17 21 15 26 29 18 23 47 27 34 9 20 32 20 3 13 26 20 11 17 18 15 36 16 32 34 13 34 26 16 14 14 14 30 18 25 16 27 17 17 21 30 46 35 8 17 34 13 25 22 14 40 9 28 28 17 29 25 26 21 26 16 23 13 24 31 15 
12 20 14 13 18 24 40 22 16 15 22 24 6 15 22 27 17 11 8 30 27 21 17 19 20 13 9 32 31 17 19 23 33 27 17 26 30 17 18 31 35 38 12 19 24 22 12 14 19 20 15 42 18 17 34 14 35 15 30 29 17 28 32 18 24 15 28 18 33 10 18 16 33 35 7 
15 23 15 16 24 37 35 31 27 21 12 22 19 11 22 21 26 18 19 22 21 20 17 22 10 14 14 25 36 18 24 21 24 14 19 21 38 15 14 27 16 34 33 28 11 37 11 18 23 18 20 12 12 18 19 29 12 17 26 29 15 24 32 10 26 19 33 25 26 18 38 18 41 21 17 
19 14 24 27 18 21 32 34 19 28 22 25 14 17 18 25 12 21 10 28 40 19 10 25 12 36 26 25 25 20 19 33 25 17 24 30 30 7 9 23 18 22 32 25 15 25 14 21 30 23 30 33 18 22 33 27 31 23 9 17 21 25 26 17 31 18 27 22 38 13 22 15 11 32 17 
15 13 19 30 32 40 30 2 26 22 20 23 34 11 39 33 18 19 17 21 25 19 14 16 38 34 13 15 33 23 39 18 18 18 17 35 30 18 17 26 23 34 32 25 13 12 22 12 23 32 33 30 11 23 28 23 29 23 6 34 27 27 43 14 33 10 12 20 28 17 24 12 27 25 15 
22 16 15 17 9 18 28 28 33 18 21 27 30 31 22 57 31 14 11 12 20 17 23 14 34 23 19 27 32 17 25 31 23 21 11 23 17 16 21 25 34 29 38 24 14 21 15 19 30 25 29 39 20 12 37 28 24 12 12 42 32 29 31 24 36 15 29 12 29 17 20 19 27 30 18 
12 16 11 27 34 17 22 20 12 30 16 22 25 17 34 40 16 27 12 21 14 17 30 16 33 32 24 21 28 19 31 16 38 16 20 26 20 6 15 27 31 28 28 21 23 39 18 12 24 17 15 36 8 19 23 20 16 26 12 39 15 22 37 21 13 24 17 14 30 19 24 14 32 18 12 
13 17 24 24 16 39 14 23 31 28 17 39 21 22 42 22 24 33 26 22 23 19 29 22 30 38 25 32 24 21 34 25 26 9 25 41 27 12 9 12 30 30 31 22 17 13 15 23 28 31 25 19 15 20 22 31 18 18 22 26 6 20 37 20 25 21 20 13 23 17 9 21 32 24 14 
15 16 13 23 33 24 30 36 30 26 19 33 23 18 30 30 16 16 19 22 31 20 27 23 24 20 24 38 25 22 30 30 25 19 17 37 20 8 17 32 33 20 37 13 17 21 22 9 28 30 14 43 23 15 18 11 22 16 21 26 24 37 15 3 26 25 20 17 17 12 23 15 33 31 11 
19 18 24 36 21 32 35 23 28 23 16 19 23 20 29 16 36 29 22 20 25 13 23 9 30 19 31 36 22 11 40 22 22 30 21 24 31 21 18 16 23 37 22 18 11 27 21 21 37 27 34 34 19 12 28 29 22 19 21 33 23 26 33 18 22 24 35 11 23 18 21 17 27 38 12 
13 20 18 27 25 28 25 40 26 25 16 32 31 26 39 22 27 25 15 18 33 19 19 20 23 18 23 35 32 14 32 30 29 33 28 44 32 11 17 33 35 36 24 14 13 27 13 18 24 14 40 32 11 19 25 25 37 16 22 38 20 16 17 15 25 13 15 12 37 16 15 16 15 35 19 
15 25 25 15 21 28 17 29 23 2 17 17 21 20 32 36 24 18 17 23 27 12 28 13 27 26 19 26 32 17 31 25 14 20 17 31 37 23 17 34 38 42 46 26 19 38 11 18 27 20 35 33 7 21 22 26 18 11 6 22 20 23 22 17 15 17 21 27 26 17 24 22 25 32 13 
21 11 17 31 24 19 44 41 20 22 20 28 21 25 31 15 27 22 20 26 37 16 26 31 29 32 24 12 21 9 37 21 26 24 19 33 8 11 12 19 34 17 34 9 17 29 18 14 18 19 36 28 17 12 31 36 27 20 21 26 13 17 29 21 34 21 19 24 27 16 29 17 22 22 19 
16 19 25 36 29 24 21 31 25 25 15 16 22 18 25 37 18 23 10 16 13 24 18 25 30 20 26 37 14 17 15 21 27 23 18 14 30 21 16 19 43 29 25 1 17 29 25 24 15 23 27 32 17 33 22 28 17 24 28 31 16 19 23 23 17 15 24 24 19 14 24 25 16 25 23 
19 12 15 37 19 43 32 35 22 22 18 21 27 19 25 20 29 21 19 15 34 20 19 18 13 24 16 28 37 14 36 32 14 30 16 23 23 19 21 23 18 16 19 27 15 22 11 22 19 27 21 40 19 25 37 36 25 13 14 22 17 13 31 27 20 19 28 17 24 10 21 23 28 29 20 
20 15 17 17 19 29 27 18 22 25 21 27 17 13 32 17 21 24 20 32 20 28 19 20 28 23 29 19 27 16 32 15 16 27 13 34 31 11 16 30 27 43 42 19 12 31 22 12 35 31 19 23 12 13 38 19 29 20 29 23 26 31 25 18 12 27 25 17 18 13 21 14 30 34 16 
19 22 17 39 30 12 25 32 21 19 13 30 14 23 27 39 20 19 10 24 29 16 26 10 22 32 8 27 40 18 37 31 21 12 18 20 51 18 16 23 21 12 28 7 18 28 19 17 31 34 21 33 21 24 15 19 19 23 19 34 16 33 11 22 13 17 26 21 31 20 23 15 28 41 12 
16 20 20 26 27 22 30 23 24 24 22 34 27 14 28 26 27 26 11 24 28 12 21 30 21 25 21 19 22 15 15 24 49 18 29 37 30 22 17 28 20 34 43 18 11 37 15 12 36 40 29 29 13 13 27 15 34 10 30 41 15 17 28 18 20 15 21 15 25 14 18 19 38 45 16 
18 17 18 28 25 25 22 38 15 20 17 30 34 19 22 26 23 20 14 11 25 23 17 15 23 10 22 21 34 18 35 28 4 28 26 39 32 17 18 24 32 32 29 20 26 21 21 17 35 21 26 39 18 17 22 28 17 20 25 35 18 27 33 14 26 21 9 21 54 9 23 18 16 36 13 
18 12 25 31 26 11 26 15 23 26 21 30 24 28 37 37 9 31 13 20 24 28 17 18 26 32 20 14 22 21 20 35 27 22 14 34 15 13 17 31 38 37 25 26 22 13 15 14 18 26 29 34 21 16 37 17 31 18 14 31 21 26 36 22 19 27 18 9 38 22 25 12 35 36 17 
16 11 20 30 18 40 29 20 27 28 25 31 16 29 31 18 26 28 18 14 27 16 16 17 22 22 24 39 23 12 35 26 25 10 19 27 23 15 12 16 45 32 40 10 12 26 20 20 28 29 19 33 14 17 23 30 33 22 14 24 25 27 25 7 17 21 11 15 22 24 20 11 32 26 17 
17 19 21 26 34 37 23 31 16 13 17 29 21 13 33 32 37 29 21 39 23 17 30 23 17 28 17 31 28 10 32 17 31 24 20 24 32 11 11 13 30 37 18 17 24 34 16 12 28 22 31 37 14 24 30 38 26 33 19 25 28 29 23 14 34 8 17 21 25 19 29 26 35 34 11 
24 19 24 35 16 40 26 31 20 20 20 16 28 14 39 8 20 15 14 21 35 9 18 19 29 28 24 14 32 16 13 21 28 8 17 30 24 16 11 28 18 26 16 25 15 19 19 14 28 32 32 27 20 20 21 26 21 15 17 31 30 33 19 22 28 28 24 14 32 13 35 17 37 20 18 
18 19 20 23 20 17 37 35 23 20 16 10 38 24 30 27 27 24 12 24 19 12 15 21 14 16 25 27 22 18 8 28 20 24 27 23 22 14 16 22 37 29 28 21 11 35 25 19 13 27 30 23 16 15 35 10 26 8 9 32 13 30 29 10 33 12 27 22 25 14 32 14 36 30 10 
14 15 25 22 17 34 22 27 18 22 17 20 29 15 25 28 18 12 17 19 24 21 24 22 31 13 16 33 36 9 31 10 31 22 27 35 13 14 21 23 20 26 27 16 16 31 16 11 25 20 43 43 14 23 23 33 25 23 19 35 10 26 25 22 32 26 19 33 29 23 11 19 20 39 16 
15 7 16 20 13 16 40 33 22 22 22 26 25 22 26 23 31 24 16 30 10 17 11 13 18 23 14 26 33 21 26 33 14 23 14 32 25 14 15 25 37 23 39 10 13 14 24 19 25 19 28 27 19 20 18 18 14 24 18 25 15 13 35 22 19 18 22 18 38 14 28 19 21 28 11 
16 21 21 25 18 28 17 50 22 18 16 19 28 25 20 18 25 21 10 28 27 20 22 32 18 24 34 23 33 11 21 34 9 21 10 19 25 11 17 33 29 18 31 18 25 24 24 22 41 23 30 44 23 13 26 35 24 33 16 39 18 20 28 26 10 27 23 12 33 21 25 19 31 39 6 
12 16 23 20 22 28 32 21 30 30 17 17 28 29 53 31 25 26 7 17 21 17 18 13 35 27 33 18 25 18 30 27 29 17 21 21 23 10 18 28 36 37 22 20 11 15 13 18 25 21 47 30 13 18 29 20 15 18 23 30 13 46 28 21 19 13 34 19 35 17 32 15 29 43 18 
8 12 26 41 30 24 15 29 19 25 17 21 27 23 23 34 30 24 18 9 21 23 13 21 26 22 12 22 37 20 21 22 22 25 30 17 17 10 12 21 19 18 36 20 16 29 23 21 26 14 18 15 20 23 21 29 24 19 16 25 20 26 11 26 26 23 26 23 43 16 32 15 26 33 13 
13 16 24 23 15 27 17 31 15 16 27 35 37 32 18 30 29 24 12 19 21 16 23 21 36 35 29 31 16 20 43 25 31 9 24 24 28 14 10 24 27 36 22 8 13 16 20 10 27 24 27 47 17 17 28 29 17 13 26 33 21 28 37 16 28 10 28 16 17 14 24 14 30 26 8 
11 23 22 30 16 27 41 34 13 25 15 33 30 23 27 26 28 26 16 24 19 19 20 9 26 35 28 24 19 19 16 22 32 14 9 28 28 11 16 15 19 30 16 25 16 14 14 15 31 29 18 31 20 23 29 27 31 33 22 34 13 33 45 15 29 20 18 16 28 12 26 20 45 23 10 
17 14 27 22 24 23 38 26 33 25 17 22 34 24 14 22 30 27 13 19 26 16 23 31 19 26 36 28 27 22 33 9 8 20 14 22 25 15 21 22 28 33 29 17 20 25 22 17 24 37 23 22 8 25 25 19 32 23 14 24 27 31 19 14 39 17 28 19 21 18 13 19 29 20 15 
16 18 28 17 17 22 29 29 10 32 16 18 21 10 25 16 19 24 21 32 23 18 18 25 23 26 24 17 29 24 31 22 15 21 21 19 35 17 15 26 26 28 25 14 16 24 18 16 12 35 26 35 16 22 22 21 25 7 17 28 35 18 28 14 27 23 20 22 37 15 27 15 21 43 13 
21 9 23 27 23 29 24 34 17 24 20 40 37 26 26 31 18 26 17 9 20 13 25 18 29 18 27 23 25 22 40 38 33 14 17 35 25 7 13 29 26 22 35 13 18 17 9 13 34 26 27 28 18 16 26 21 17 22 26 20 19 33 34 22 17 17 21 23 38 12 21 17 34 20 18 
13 20 21 22 21 34 38 34 25 20 10 17 28 20 31 15 20 18 19 26 35 10 19 21 20 30 26 25 17 13 24 25 30 20 24 31 9 15 14 15 22 18 39 20 18 23 17 26 14 27 24 31 10 21 37 24 20 22 17 21 22 37 23 15 32 32 18 11 29 16 32 23 37 31 12 
10 19 21 33 23 27 27 20 33 27 17 34 23 27 39 18 20 30 22 34 41 14 30 13 19 27 30 30 31 11 20 16 33 18 12 41 23 18 23 26 38 53 25 20 14 22 22 18 40 21 24 46 16 16 22 29 20 29 13 35 21 30 31 19 20 17 20 17 6 19 30 22 32 30 20 
20 20 23 27 22 27 23 31 29 21 6 17 31 26 26 41 14 26 17 32 11 13 20 22 18 26 22 28 26 18 26 17 29 19 20 18 25 16 8 30 17 6 23 14 27 23 17 5 29 28 19 23 9 12 16 24 23 20 13 40 25 21 21 23 28 15 24 25 31 21 21 20 22 12 19 
21 15 22 29 21 29 36 34 19 26 21 24 26 19 30 37 18 30 19 26 28 22 15 18 24 33 20 19 24 17 34 43 37 24 18 19 30 21 19 23 39 20 40 20 9 26 22 15 22 21 32 37 12 29 13 14 26 20 12 35 12 23 34 26 14 18 25 18 39 17 24 15 27 30 15 
17 14 22 31 29 25 33 24 23 13 16 24 14 30 24 39 22 29 15 22 37 18 23 18 23 24 19 32 33 20 26 15 25 9 14 48 23 25 21 25 34 18 32 18 21 26 16 28 24 28 25 43 15 27 15 22 13 23 11 40 17 23 23 18 18 23 33 28 38 17 19 18 22 24 14 
13 14 25 30 17 28 28 29 28 29 15 19 29 19 32 29 27 29 16 26 30 11 22 6 21 26 17 33 23 11 45 21 16 31 23 31 35 14 9 18 36 24 23 26 15 29 7 18 19 28 22 32 19 18 30 17 21 16 13 33 16 31 36 24 27 27 31 19 35 16 22 14 33 25 9 
3 19 31 13 19 29 26 15 28 24 19 18 41 22 28 21 24 18 15 21 28 23 15 13 16 33 16 28 30 16 27 24 40 16 21 28 18 16 17 30 17 41 20 20 17 28 18 23 22 24 29 25 12 20 22 18 28 23 15 15 11 13 51 11 31 21 31 12 27 14 21 24 28 32 15 
19 19 9 22 18 34 27 1 18 16 9 24 11 16 35 26 17 31 13 32 27 23 21 28 32 17 23 26 18 20 37 11 28 14 19 38 17 19 14 24 30 10 23 18 14 39 21 18 25 19 27 36 19 18 43 27 26 27 17 13 20 23 28 18 28 35 24 15 21 18 15 13 41 28 21 
18 16 15 20 20 23 31 31 11 20 16 34 28 10 12 31 25 18 13 27 28 21 30 30 13 19 16 28 20 12 23 28 37 17 20 36 31 18 16 29 18 18 30 29 21 14 24 17 16 11 26 34 19 19 18 18 20 15 21 31 22 29 30 18 25 22 22 15 24 16 26 17 32 26 23 
16 16 11 18 18 30 36 18 25 34 16 44 40 16 37 14 26 35 15 17 31 22 23 20 31 29 17 18 40 14 40 26 43 18 20 25 35 17 18 36 29 24 37 20 18 28 18 10 27 27 20 21 17 15 33 33 19 23 20 30 23 25 26 25 21 13 28 23 18 9 34 12 22 46 19 
16 21 29 33 26 27 20 32 26 12 19 27 43 15 20 32 24 27 15 28 23 26 29 22 18 30 7 34 25 14 35 30 37 19 16 29 19 19 14 22 33 32 34 12 12 31 15 15 40 19 18 19 11 21 13 17 27 20 7 31 24 19 15 14 18 34 36 14 36 20 19 21 21 36 22 
14 16 32 30 14 44 44 13 28 29 21 27 23 16 18 20 25 24 11 15 24 13 23 11 27 34 21 18 24 14 30 10 34 17 10 26 28 18 11 26 31 33 42 14 21 21 16 18 20 25 26 36 14 22 40 21 21 28 11 36 19 25 20 21 41 21 32 15 33 21 20 13 38 24 13 
22 12 26 27 35 37 34 33 21 17 22 32 26 30 31 27 13 19 20 17 21 21 17 12 13 30 22 24 28 21 25 35 16 29 16 30 32 13 17 10 45 21 18 14 12 35 9 23 30 26 16 20 22 12 30 8 32 24 18 16 37 30 30 26 29 23 36 27 33 18 23 19 25 24 13 
14 19 19 28 27 32 26 33 20 16 16 30 37 19 28 28 25 12 12 26 24 23 27 16 26 33 24 20 28 18 26 18 29 29 7 29 35 18 13 27 20 18 49 22 16 18 25 20 33 20 11 42 17 19 15 24 25 21 21 28 16 32 25 19 28 25 23 22 25 11 20 12 21 32 15 
19 12 20 24 23 10 39 23 36 18 14 30 25 22 40 52 34 19 10 37 24 20 32 27 25 21 21 24 32 10 23 20 37 15 26 15 25 13 20 14 23 16 19 8 13 18 15 16 33 22 21 12 15 24 32 14 19 23 18 29 13 21 13 22 21 18 20 17 31 21 23 15 22 33 23 
11 12 14 29 15 19 25 32 19 18 12 29 34 27 18 41 33 29 18 27 25 19 26 23 19 32 19 18 31 11 34 16 26 12 23 23 22 17 14 27 17 24 26 21 17 31 30 21 30 29 24 33 13 24 21 18 25 13 8 19 24 15 33 28 34 22 22 28 30 15 21 19 28 22 18 
21 8 14 19 27 25 26 20 15 26 17 18 29 28 31 33 15 29 17 17 27 12 26 23 33 20 14 31 22 14 26 30 28 26 10 15 32 23 20 16 25 37 28 15 11 20 16 12 37 31 32 14 14 24 28 30 22 15 10 38 27 34 20 14 16 22 24 9 23 13 32 19 33 43 15 
21 22 10 17 27 36 21 29 18 26 22 12 25 25 27 35 10 21 26 34 31 23 32 20 20 35 26 29 37 13 27 21 11 17 11 28 33 14 15 23 27 21 36 21 23 32 17 28 23 27 29 24 15 21 19 20 34 20 16 40 21 37 35 17 19 30 14 18 24 13 29 22 24 28 22 
15 18 21 17 16 30 20 24 28 21 16 20 22 21 28 20 28 28 18 24 21 10 10 16 27 21 21 22 29 14 21 35 38 22 17 28 27 16 16 22 29 30 48 24 12 29 19 6 31 26 27 28 11 19 24 33 39 19 14 27 21 27 33 14 36 19 29 18 29 11 23 7 33 21 20 
15 17 21 20 18 32 35 27 32 26 21 21 27 25 33 15 20 15 16 11 27 15 23 27 24 31 21 21 28 19 30 24 33 14 19 40 13 14 13 21 24 31 45 15 25 29 19 25 33 19 21 46 10 16 25 14 20 18 18 42 20 27 39 25 20 21 22 15 28 19 21 16 23 29 10 
12 13 14 24 25 33 32 18 25 21 16 39 44 30 21 24 30 32 17 21 36 27 15 29 29 27 17 37 38 17 40 21 26 22 10 28 25 12 21 22 46 16 39 19 26 26 9 19 28 29 19 31 14 22 40 24 26 26 18 40 28 37 30 18 23 19 26 18 18 22 19 17 24 14 16 
9 15 19 27 16 29 39 24 25 22 18 29 27 19 20 38 28 21 17 25 22 16 15 25 15 21 28 26 33 6 19 20 35 35 30 36 26 12 12 28 23 34 20 10 13 21 18 30 17 17 35 18 17 15 25 18 14 28 17 27 18 38 40 10 15 14 32 20 19 17 15 10 22 27 21 
19 18 35 30 14 30 16 22 18 23 14 21 20 33 33 32 14 17 18 24 28 20 27 19 22 38 23 26 21 12 27 10 26 7 20 33 33 15 16 29 28 29 31 21 18 26 19 26 30 34 23 28 12 19 26 29 31 29 18 32 17 28 42 22 38 27 35 17 13 20 27 21 22 30 15 
16 14 25 10 21 38 38 38 16 28 18 25 31 31 34 24 22 30 22 21 22 18 15 21 19 30 27 31 23 14 33 20 36 12 23 20 25 14 14 22 33 38 27 19 19 25 10 12 34 21 33 40 21 19 27 23 31 15 19 29 20 26 35 13 22 15 18 18 27 18 25 20 27 40 17 
12 15 26 24 15 22 12 25 15 27 7 37 23 29 28 33 30 14 16 22 17 16 18 23 18 26 31 37 26 13 28 31 25 18 21 25 25 13 13 28 28 24 29 15 13 30 26 19 25 23 21 36 18 26 38 30 26 19 16 32 9 27 53 5 30 5 34 14 26 13 28 12 22 36 17 
19 16 26 37 16 24 36 28 21 13 18 20 26 26 38 25 12 17 14 28 23 21 23 19 32 21 22 14 29 19 36 31 12 25 16 24 26 11 10 19 26 25 35 25 16 20 15 11 38 27 19 37 14 13 21 21 25 22 17 24 16 33 30 17 11 29 33 15 34 10 29 17 44 15 15 
9 17 26 24 19 20 25 23 20 20 10 21 24 11 30 27 16 20 13 23 18 5 21 26 14 16 18 18 43 20 37 11 38 20 21 24 33 13 14 22 34 23 46 16 20 40 21 11 26 11 26 31 22 15 22 28 19 27 10 35 23 27 26 12 34 16 27 11 42 18 23 16 32 15 10 
23 14 35 27 22 36 20 31 28 8 23 22 27 24 19 22 25 21 18 14 29 17 14 11 14 34 27 29 22 14 30 32 26 22 13 27 18 16 14 27 28 31 44 21 10 15 13 24 34 22 26 24 15 14 19 27 21 19 21 31 13 19 30 21 20 27 23 8 38 19 32 18 32 27 9 
21 14 23 32 26 32 20 40 22 29 20 29 28 24 17 25 18 19 19 20 27 15 28 19 28 29 29 26 17 11 24 22 39 35 20 21 30 20 18 26 39 43 35 14 11 27 16 20 27 22 21 32 15 26 22 15 19 19 16 30 26 26 29 16 31 26 39 18 33 14 31 17 30 21 13 
19 13 27 20 23 24 17 33 9 13 16 30 19 28 34 23 26 22 14 25 11 18 13 26 27 22 29 21 20 16 29 28 23 13 22 14 38 15 13 29 18 31 26 26 23 30 11 9 32 28 21 20 10 18 27 13 22 21 28 25 13 35 20 18 22 22 8 16 42 24 14 16 28 16 10 
20 15 25 27 14 29 31 32 40 25 14 22 22 31 41 22 23 20 17 34 34 19 9 28 27 17 18 12 37 14 31 17 9 17 21 26 28 14 14 4 35 19 46 22 13 41 18 12 23 25 44 27 13 20 23 32 26 19 20 35 21 13 50 20 20 23 17 19 25 23 23 21 28 23 17 
16 16 26 23 24 32 33 28 22 26 9 24 27 13 24 34 27 24 20 15 31 21 29 20 14 21 27 30 27 16 30 24 33 18 15 26 20 9 5 28 45 34 30 23 14 24 18 16 32 31 37 32 14 6 24 27 17 14 14 33 16 6 25 17 24 26 28 21 49 11 19 13 30 47 21 
16 14 21 25 13 27 36 37 25 25 19 23 16 22 30 27 25 26 13 24 12 22 16 20 24 30 17 23 28 9 28 37 30 10 26 20 30 20 15 19 26 27 25 20 16 13 14 20 27 27 31 25 13 26 21 12 19 13 21 18 17 19 34 16 21 18 37 15 35 10 30 20 34 39 18 
16 11 18 20 26 23 15 34 25 22 14 29 28 12 26 22 25 16 21 20 23 22 25 17 23 21 22 26 28 18 16 20 41 12 20 29 31 16 13 22 27 42 34 14 15 34 23 26 35 12 17 37 11 22 22 24 17 10 17 18 13 26 40 24 34 25 18 26 29 23 23 13 38 30 20 
11 13 26 21 21 30 43 17 18 25 18 36 23 17 23 37 10 36 15 9 20 20 22 22 18 27 20 5 36 20 32 12 28 11 27 25 18 10 10 32 39 36 32 23 16 15 22 21 34 20 14 32 15 17 22 25 13 19 19 50 30 37 24 22 9 18 33 25 38 16 33 12 30 18 12 
14 19 29 22 14 40 28 29 19 6 15 15 20 25 32 46 30 24 20 36 34 25 24 30 28 26 19 22 22 18 40 27 20 16 16 28 39 14 15 27 29 30 24 10 17 29 18 14 13 26 19 51 18 17 32 27 37 8 15 28 14 22 30 14 25 22 28 21 33 17 15 14 36 36 14 
11 13 15 26 18 36 40 39 16 26 15 17 27 20 34 20 10 27 18 36 21 19 33 21 35 12 23 24 21 11 29 25 16 10 18 31 27 15 4 24 35 32 12 22 14 21 17 12 18 16 22 33 15 18 20 29 23 22 14 38 19 28 35 14 21 17 39 15 21 11 29 14 21 25 5 
24 19 24 20 11 14 31 29 12 19 22 27 28 13 33 34 22 26 24 21 27 23 17 21 40 26 20 26 12 17 28 8 35 15 16 26 24 10 9 18 36 28 24 16 22 20 13 20 28 21 41 33 13 21 28 33 21 16 16 23 20 34 30 20 16 17 21 21 27 22 26 21 31 23 9 
17 16 25 42 17 43 15 27 21 21 10 28 34 17 41 23 26 27 24 20 21 18 10 14 21 36 22 36 20 18 36 17 28 15 19 17 34 19 22 25 28 33 36 16 19 29 18 15 27 28 28 38 15 17 26 29 12 18 16 41 27 34 34 20 30 5 13 16 36 14 26 24 9 29 10 
22 23 17 29 20 33 33 17 32 29 12 27 30 25 30 30 18 19 21 22 23 18 30 17 21 23 21 32 29 19 37 29 8 16 19 20 31 15 16 22 23 36 44 22 19 30 21 18 16 35 6 35 12 22 17 20 29 13 19 41 19 25 25 8 19 10 48 21 14 17 17 14 27 26 18 
17 14 24 33 29 22 35 33 31 21 13 16 35 21 24 26 24 24 15 23 24 14 13 19 15 26 28 16 14 19 25 31 34 10 14 31 42 16 20 26 27 23 39 14 7 28 20 13 23 13 18 34 8 21 33 32 32 17 7 25 25 23 9 16 26 17 16 17 37 12 26 18 36 34 8 
13 24 17 23 13 28 26 34 18 24 21 25 16 22 32 38 23 23 13 22 26 19 19 17 29 19 28 21 21 24 34 29 29 18 22 33 31 17 20 16 33 32 32 21 22 24 8 21 26 30 35 14 12 24 17 28 24 15 25 24 26 29 28 21 29 20 11 17 33 13 9 21 36 22 12 
6 17 18 19 26 43 20 22 21 23 10 14 23 15 19 36 28 19 21 20 19 10 20 25 35 28 17 18 21 16 21 40 22 28 20 20 26 15 9 18 33 27 20 15 20 30 16 11 20 25 28 15 18 11 21 28 25 24 18 21 18 20 25 18 16 24 19 24 37 12 18 14 21 27 11 
16 15 9 19 24 29 33 33 22 23 10 29 11 16 21 34 31 27 23 18 35 22 17 20 38 20 22 23 30 15 26 24 23 17 25 24 36 21 13 23 32 54 24 19 15 24 13 22 23 20 25 47 19 22 29 22 23 24 12 24 16 14 22 16 30 9 20 14 30 10 22 14 36 30 20 
19 16 20 51 16 31 19 23 24 33 16 26 29 26 6 21 17 32 16 21 26 16 28 16 26 21 29 17 42 16 39 36 16 28 20 17 30 12 20 28 32 26 33 21 20 34 12 17 24 36 15 23 10 9 31 32 11 10 11 24 22 29 48 13 19 29 18 23 20 14 28 18 31 31 15 
21 15 22 35 26 35 24 21 19 19 16 27 26 29 28 29 23 24 16 28 26 14 29 14 29 39 24 27 30 7 21 14 33 24 14 43 20 19 12 33 36 42 26 19 19 37 16 29 31 34 27 36 18 18 24 16 33 15 15 37 20 22 19 17 33 28 30 22 25 19 16 16 25 43 10 
15 19 26 30 20 38 23 15 34 22 16 23 23 23 34 19 25 21 9 26 13 22 29 28 13 30 14 33 40 11 43 33 17 20 21 28 33 10 15 15 21 30 32 19 27 29 5 9 23 20 35 27 15 21 34 34 21 25 18 44 30 24 33 14 23 21 25 20 29 16 16 24 21 36 25 
17 17 19 21 19 30 31 30 10 14 12 20 32 22 38 30 22 14 20 18 27 21 16 17 27 26 14 9 34 14 42 28 32 29 21 34 20 18 12 36 40 30 36 19 14 22 18 16 24 24 23 29 5 20 29 23 15 28 11 36 17 30 34 22 23 16 16 12 27 18 14 13 34 29 10 
11 17 22 14 28 22 23 32 33 35 13 32 25 24 42 17 24 25 17 17 31 12 18 27 19 15 19 39 27 19 31 28 35 23 13 26 44 14 17 25 29 29 32 30 8 21 19 10 30 35 46 34 11 23 25 36 25 20 19 36 16 27 26 22 23 14 24 12 26 15 24 17 28 11 14 
21 19 20 20 11 25 36 34 23 19 16 13 27 10 33 28 27 34 23 21 25 20 29 30 34 23 28 15 27 16 40 23 28 19 18 34 28 13 16 29 29 12 35 12 18 28 15 19 25 15 25 43 13 21 23 25 12 17 20 43 20 31 30 17 25 17 29 21 19 18 12 16 25 32 12 
18 19 19 24 17 23 30 23 21 29 13 36 31 25 27 19 12 22 12 17 23 13 19 16 32 25 26 25 26 13 32 24 25 22 16 25 21 21 22 30 26 40 25 21 16 32 9 16 16 29 18 29 10 18 28 30 26 18 17 18 26 22 22 14 24 20 25 23 25 24 18 10 27 34 8 
19 18 13 18 21 29 27 15 26 19 13 21 32 25 24 26 23 33 17 25 28 24 20 24 27 32 23 38 30 12 39 30 26 24 14 32 23 14 11 20 27 36 34 22 16 28 19 19 25 30 24 25 14 23 25 26 21 15 17 37 13 38 28 32 29 24 29 22 26 11 21 10 27 37 11 
15 16 20 16 18 21 22 25 18 27 24 17 38 23 24 40 18 20 11 17 27 18 18 20 25 27 24 21 33 20 38 18 32 23 22 36 31 12 10 26 17 43 39 18 28 23 20 7 26 34 24 48 18 4 35 12 31 9 15 25 12 24 29 15 23 9 24 18 35 15 31 12 20 29 20 
20 16 20 30 26 20 35 14 5 18 24 35 32 12 33 29 20 31 18 26 30 20 24 13 32 39 23 35 28 17 49 18 26 2 27 21 16 13 12 26 41 35 40 23 6 27 17 13 16 32 14 29 11 22 31 38 19 23 21 31 32 24 34 17 9 28 25 10 39 19 14 15 19 33 19 
18 14 31 34 20 25 23 43 30 29 15 17 26 12 16 28 26 29 24 17 28 11 28 21 32 56 21 29 25 25 39 23 26 21 17 25 23 14 22 28 41 36 41 17 16 20 28 19 22 17 31 12 11 13 23 19 30 22 23 44 10 24 45 22 30 19 16 24 5 16 12 16 28 25 12 

MachineCapacities:
MachineID Capacity
0 10
1 10
2 10
