NumTasks NumMachines NumScenarios
10 4 1000
TaskDetails:
TaskID ReleaseTime ResourceConsumption SuccessorsCount Successors...
0 0 7 10 8 9 1 4 
1 0 2 3 9 5 1 4 
2 0 9 9 9 7 0 
3 0 5 2 8 10 0 
4 0 6 1 3 5 0 
5 0 3 3 6 9 1 8 
6 0 9 10 5 8 0 
7 0 2 3 8 2 0 
8 0 5 4 3 10 0 
9 0 8 6 4 5 0 

14 15 18 10 29 26 28 32 9 12 36 18 21 37 18 28 14 15 11 15 21 16 21 36 37 12 18 26 20 18 34 26 26 18 9 24 25 27 32 30 
24 17 29 19 29 23 32 24 20 18 26 16 17 29 25 27 19 30 23 13 32 14 14 24 30 14 29 20 18 25 31 42 33 16 17 16 18 16 15 27 
23 23 27 23 24 15 25 25 23 28 27 21 18 39 21 43 19 27 13 21 40 17 18 30 26 19 29 27 26 26 28 31 27 17 19 22 21 15 39 19 
24 18 24 11 28 27 30 32 21 20 39 16 8 24 21 17 16 26 16 11 28 21 18 25 20 12 23 15 17 12 30 19 21 28 9 13 23 19 24 19 
24 21 23 17 38 26 33 15 19 15 30 15 21 22 22 31 4 44 19 18 22 19 15 27 20 11 35 35 15 15 30 27 30 46 23 20 12 19 22 23 
28 27 40 17 27 31 28 20 31 2 18 20 27 26 25 32 19 15 20 11 31 12 13 27 21 20 31 22 24 14 22 24 28 21 10 22 19 20 16 17 
26 21 29 19 25 15 34 26 26 18 35 5 30 22 12 22 12 24 19 16 21 19 17 20 28 19 39 9 20 23 21 28 23 22 14 13 17 18 25 29 
24 11 23 20 21 13 23 26 29 18 30 18 21 18 16 27 15 43 16 16 35 26 11 34 22 23 19 18 21 19 32 40 19 13 12 14 15 16 18 25 
11 9 22 21 30 18 27 11 34 14 22 14 17 19 27 18 12 38 23 18 34 12 16 31 26 14 29 20 22 23 33 31 24 17 18 14 18 20 29 5 
28 21 14 13 48 27 34 20 17 9 32 13 18 34 14 24 17 30 20 20 23 21 12 27 26 20 23 14 26 19 26 40 22 16 14 8 15 16 19 25 
28 26 33 21 34 19 24 36 21 15 34 17 28 39 25 23 14 20 23 16 21 12 14 43 32 11 20 34 16 30 43 25 28 23 27 27 19 13 27 37 
32 21 24 15 40 13 27 21 14 25 40 14 22 10 28 25 15 21 24 14 27 21 14 10 28 20 29 24 17 24 14 27 22 18 16 18 24 25 18 25 
28 21 20 24 16 15 14 32 31 20 25 18 12 20 24 16 14 40 24 10 24 18 15 25 13 12 22 7 18 27 24 26 28 12 10 14 28 11 25 35 
30 11 20 9 28 21 32 34 16 11 29 10 15 41 13 33 9 20 17 14 25 10 12 35 29 12 21 21 25 31 28 24 34 22 12 25 30 24 17 22 
27 22 14 17 28 19 25 26 28 12 30 22 23 29 25 19 16 35 20 12 31 24 14 36 16 18 12 13 21 24 29 20 16 18 17 15 23 21 29 22 
23 22 24 15 30 12 23 35 27 22 31 27 26 31 24 6 14 16 15 18 35 18 19 28 31 18 32 11 23 25 33 26 18 33 14 6 22 16 19 20 
36 12 26 17 32 7 15 32 13 14 25 14 25 30 31 11 13 30 16 7 29 19 16 35 29 11 37 15 22 9 33 23 18 3 5 21 24 19 23 22 
26 19 21 16 24 31 22 12 24 11 15 21 16 45 15 35 19 29 23 16 36 23 18 28 21 14 33 15 15 25 21 23 14 16 15 8 20 19 16 31 
20 27 24 18 35 22 21 29 30 16 30 7 22 32 19 31 18 19 23 22 31 18 13 25 5 17 25 22 27 24 22 29 23 19 11 19 23 16 13 19 
27 14 33 13 32 26 23 29 32 14 25 24 14 34 12 37 9 12 19 20 29 13 13 31 25 10 36 7 21 15 13 36 24 30 11 18 13 14 23 16 
31 6 25 15 30 20 26 34 19 17 29 12 28 28 15 26 15 38 11 13 16 23 16 33 27 14 26 20 21 23 29 27 31 15 19 29 23 23 20 29 
27 12 23 22 28 29 33 13 32 19 38 18 15 12 22 40 11 36 23 23 35 21 12 23 26 18 22 28 15 18 13 32 37 17 16 20 25 17 24 26 
29 30 25 11 19 30 34 49 35 20 27 11 14 21 21 34 15 17 26 20 27 12 19 39 20 15 25 11 25 19 21 33 23 31 17 19 19 16 20 9 
28 25 22 17 25 23 31 16 23 21 38 11 24 23 19 18 9 10 13 14 31 25 15 25 11 13 25 22 17 30 35 35 13 24 16 19 22 8 22 28 
29 24 15 19 40 28 24 42 28 21 46 17 18 43 19 24 17 25 13 18 24 25 12 27 35 9 27 19 32 25 32 34 31 29 14 23 18 13 23 17 
19 11 19 21 23 25 24 35 24 16 24 26 25 26 27 35 10 27 11 16 26 15 8 30 18 12 14 17 19 25 40 36 21 32 8 23 20 19 13 29 
25 28 23 17 31 14 21 15 42 14 23 20 28 34 22 26 10 36 21 18 27 18 12 24 18 21 28 12 24 25 11 39 28 23 17 10 26 17 18 15 
39 18 27 16 26 23 25 33 27 22 21 20 13 20 15 19 20 23 13 7 44 11 17 19 27 23 29 28 24 17 24 30 3 19 20 15 27 27 27 25 
34 16 26 8 38 21 26 38 21 20 31 20 17 34 27 18 14 37 23 12 38 15 15 33 23 11 31 30 24 26 18 25 20 34 20 21 20 14 24 14 
28 13 26 19 32 19 17 23 25 22 27 10 18 32 21 19 26 31 28 23 35 24 16 23 14 14 22 20 16 31 41 25 25 12 19 16 26 21 22 16 
15 30 19 12 19 21 25 38 35 17 36 25 20 30 12 30 6 33 19 17 33 19 11 17 23 13 35 31 25 28 39 20 28 13 16 18 16 11 25 22 
21 26 19 23 32 19 26 25 29 21 35 13 23 35 28 13 10 24 18 20 24 11 9 19 22 11 32 14 20 17 30 21 24 26 13 14 17 17 31 22 
18 20 25 9 19 17 33 30 22 8 20 20 17 35 20 21 14 22 8 20 36 19 13 32 32 12 45 22 25 14 28 32 27 15 16 16 32 3 31 18 
5 22 23 19 12 23 27 25 24 19 34 9 24 27 23 34 17 28 17 16 28 18 19 36 20 17 30 17 33 25 37 17 14 28 15 16 15 16 23 35 
28 18 22 8 29 25 29 21 32 13 25 12 26 25 24 29 11 27 13 24 41 19 22 18 32 21 16 24 28 23 50 12 15 19 22 21 21 21 34 27 
28 18 24 19 31 20 22 37 22 19 43 8 20 18 25 45 12 30 9 24 24 22 15 45 17 11 41 17 20 23 28 35 15 35 18 17 30 25 23 27 
19 24 28 28 15 19 32 27 29 25 27 15 21 23 18 19 21 33 27 20 16 18 20 27 26 13 30 22 22 20 39 23 27 34 16 18 19 21 24 22 
35 20 26 20 34 24 25 41 27 27 22 15 25 35 26 20 13 6 18 7 29 12 19 21 32 13 38 24 14 25 36 31 20 32 16 26 27 15 18 33 
22 14 24 22 26 28 24 26 24 12 21 16 29 16 18 23 25 21 14 15 27 15 13 36 25 17 31 29 17 18 26 29 10 27 17 29 10 15 22 37 
27 19 31 17 42 18 22 25 17 18 26 12 21 41 9 22 16 25 22 13 37 24 17 24 15 20 24 26 18 23 40 26 13 32 24 18 25 21 27 15 
27 27 27 24 34 26 29 19 19 29 31 19 12 20 12 9 22 23 16 17 35 19 15 17 27 19 28 23 14 19 15 30 11 37 38 26 26 27 32 20 
39 21 27 19 27 22 12 34 17 16 28 13 18 13 25 23 10 28 13 20 22 13 17 36 27 16 23 15 20 29 26 27 19 29 17 23 20 11 24 29 
30 11 20 21 18 17 11 17 32 23 41 7 21 29 14 34 15 22 19 16 38 12 21 37 20 19 13 17 23 24 41 24 26 20 15 14 26 23 23 27 
25 25 17 14 28 24 36 21 30 21 19 8 23 13 24 24 14 22 18 17 29 20 18 28 14 14 26 19 23 16 29 29 34 34 19 10 20 17 19 28 
22 17 25 12 31 15 23 30 23 20 25 12 17 25 28 22 9 37 19 17 38 13 20 34 31 19 22 27 24 23 31 30 28 17 21 20 17 18 19 33 
16 30 18 22 31 9 21 43 4 13 23 13 20 31 25 29 14 22 11 16 33 20 14 37 17 20 28 37 24 11 59 18 22 17 9 25 22 12 21 28 
30 24 23 20 24 19 17 23 16 21 39 15 21 33 17 34 19 25 12 17 27 18 13 12 30 18 43 25 21 28 4 32 16 24 17 12 28 13 27 26 
14 20 22 21 21 35 25 23 35 22 32 17 36 30 22 20 13 22 30 13 18 15 20 34 35 18 34 18 15 22 24 33 21 23 18 18 20 10 26 26 
27 11 25 13 21 31 41 24 24 19 19 11 23 25 24 26 12 17 26 17 40 22 19 16 27 15 22 18 14 14 32 34 26 19 11 13 19 12 28 28 
34 20 26 16 9 24 27 44 25 20 22 11 26 23 21 32 15 31 12 19 31 21 10 7 37 15 21 20 14 11 41 26 20 22 13 21 18 14 18 31 
32 27 20 12 15 22 20 21 35 25 31 22 35 32 22 35 17 34 19 14 41 16 9 30 32 18 13 18 11 24 26 36 18 21 28 6 20 14 23 27 
30 18 18 24 18 25 37 22 17 18 28 16 23 35 22 19 10 30 16 17 28 20 11 30 24 14 36 20 33 11 15 24 25 23 19 16 25 22 16 13 
34 13 23 10 32 16 16 34 23 18 33 30 19 5 20 25 18 22 22 15 18 15 18 35 31 20 24 16 22 16 26 35 31 21 18 25 19 19 20 23 
21 20 24 19 29 15 27 39 25 15 31 20 19 29 25 18 15 23 4 12 24 14 18 23 16 14 9 20 11 21 27 31 26 37 15 16 23 16 17 24 
30 16 13 18 9 21 28 29 22 15 26 18 23 22 13 19 15 29 18 18 21 15 8 33 25 12 23 22 22 17 31 39 12 33 15 17 17 16 19 23 
33 11 21 28 20 26 25 27 21 16 38 15 24 15 21 27 14 36 17 12 37 20 25 27 30 17 37 17 15 14 36 45 26 21 21 15 37 18 11 16 
20 11 28 23 34 26 31 43 33 15 28 23 16 38 15 30 11 32 15 19 29 20 15 26 24 7 38 22 23 21 37 41 17 35 30 21 22 20 17 22 
26 11 29 25 46 16 11 29 18 15 24 20 14 25 19 37 14 28 18 14 9 29 17 34 28 15 24 16 21 37 29 30 22 32 18 14 25 13 22 32 
15 20 18 13 24 30 24 35 19 18 21 22 24 52 21 31 18 28 20 16 31 25 23 43 35 13 33 18 18 22 23 25 20 38 12 15 32 17 12 36 
34 12 25 18 15 14 35 25 20 21 38 13 15 29 16 24 20 29 10 18 37 18 7 15 37 12 21 16 25 16 21 38 22 16 20 23 23 24 18 19 
23 22 21 14 13 21 31 29 17 21 32 23 27 16 25 20 14 28 24 15 25 22 19 25 29 18 23 23 31 26 26 37 25 28 19 21 34 14 25 26 
22 18 23 19 39 15 26 27 21 14 27 20 18 39 19 27 16 20 25 15 29 12 11 19 26 13 22 17 20 21 29 32 26 21 19 18 21 13 24 32 
21 14 22 12 19 23 27 18 37 15 30 23 13 24 27 25 22 25 21 15 32 15 15 29 24 20 16 30 25 16 35 22 20 32 20 25 34 10 24 16 
13 23 24 25 31 25 27 32 34 28 26 23 27 32 16 32 14 27 28 14 10 17 15 32 22 17 28 24 32 16 19 28 17 26 21 16 13 13 22 25 
28 17 29 10 25 30 15 26 30 19 34 21 23 36 30 27 14 24 14 13 34 8 19 24 18 19 33 12 29 26 23 18 28 19 15 11 19 14 21 15 
24 17 22 10 35 22 24 21 37 20 18 7 30 17 28 27 14 32 23 15 30 16 18 19 27 17 23 22 17 23 23 31 28 14 22 19 19 13 32 22 
29 25 25 12 28 22 37 22 27 17 24 24 26 34 17 20 13 32 20 7 17 18 20 18 24 15 12 24 5 29 27 41 16 27 8 15 24 23 17 30 
29 19 27 17 21 36 23 32 17 23 14 8 19 41 13 21 19 32 18 21 36 12 17 39 25 18 43 9 33 12 30 31 18 27 15 12 27 22 30 29 
21 23 20 10 34 22 21 36 27 22 19 21 25 23 19 16 17 17 26 14 25 17 24 37 37 18 22 24 35 10 18 34 17 28 24 9 34 21 22 23 
26 15 19 11 21 32 26 29 16 14 23 13 9 35 25 26 16 25 19 12 35 22 13 40 22 20 22 31 21 16 29 19 34 15 17 27 19 9 26 20 
35 23 25 13 20 15 28 27 28 12 41 25 28 22 23 29 8 28 19 13 17 21 19 25 20 30 27 27 14 14 33 35 28 17 13 11 15 13 23 15 
23 22 17 24 28 10 27 28 31 15 32 16 6 33 23 29 15 15 21 19 36 17 14 31 25 20 22 30 27 28 13 35 25 26 6 20 28 22 25 16 
34 18 13 25 38 28 27 30 25 27 29 19 15 32 12 33 9 40 23 17 19 19 16 21 21 10 25 30 18 16 26 29 28 10 17 17 32 15 31 23 
20 15 25 12 33 24 34 45 19 10 8 22 12 17 28 31 14 11 23 15 44 20 20 26 31 20 24 21 11 24 20 27 33 38 19 8 19 11 20 18 
12 19 19 22 26 15 30 42 22 18 38 14 25 33 24 18 15 25 22 18 29 20 17 26 22 18 28 30 21 23 41 27 17 23 17 14 23 13 19 19 
30 19 24 20 21 20 27 41 30 30 21 17 28 24 21 33 21 25 15 18 35 20 15 32 44 16 29 17 20 10 30 25 22 24 16 13 26 18 27 17 
25 12 24 15 17 17 32 30 28 14 26 13 17 43 22 41 11 20 13 14 19 11 13 17 26 12 38 24 15 17 37 28 28 21 20 12 28 22 20 28 
20 21 20 16 41 21 25 28 32 18 18 9 28 26 16 23 17 38 16 20 19 19 15 34 18 17 22 5 18 18 36 31 25 24 19 8 30 22 17 8 
31 23 16 24 19 16 21 25 35 14 28 26 19 28 10 15 13 32 13 23 49 1 13 21 30 18 40 21 25 26 21 36 8 29 19 20 23 25 19 20 
34 23 21 15 12 26 28 29 23 14 45 22 19 39 23 22 10 28 15 16 41 18 15 28 21 15 30 15 15 12 26 43 19 26 12 6 19 22 29 33 
29 20 24 18 18 25 18 41 16 24 29 17 24 34 19 15 18 28 10 18 26 12 16 35 26 18 34 17 23 28 3 16 16 28 13 31 13 13 18 22 
32 32 27 24 22 22 23 30 25 15 18 17 34 15 16 25 21 38 18 19 34 25 13 21 14 16 36 19 21 28 20 37 18 24 5 20 20 12 27 20 
19 22 20 22 26 24 17 24 6 14 17 19 23 43 28 12 17 38 15 19 23 8 15 28 22 11 24 37 27 28 22 37 11 18 20 18 16 16 19 22 
33 20 34 16 44 17 28 18 28 17 15 21 24 41 21 13 13 29 18 12 10 18 16 25 25 16 33 22 20 24 25 34 30 23 16 24 11 17 20 25 
22 21 21 18 36 13 25 13 16 16 26 13 16 28 10 25 23 31 20 16 18 12 21 24 13 8 29 15 30 16 31 26 29 24 10 25 20 15 27 18 
20 16 22 26 30 16 14 41 24 11 26 16 22 29 11 36 13 26 21 22 35 21 19 34 25 23 20 31 20 15 16 21 22 15 12 18 27 21 27 33 
17 22 34 21 36 21 27 32 18 14 20 22 26 35 31 36 15 23 14 20 30 15 17 17 30 18 33 24 15 19 28 38 29 29 14 13 30 23 28 22 
20 26 39 12 22 25 32 32 21 15 36 20 15 17 25 24 17 21 13 14 21 16 19 34 36 15 27 19 20 35 27 41 25 31 17 16 21 12 16 18 
34 28 26 14 23 18 39 36 20 29 25 18 20 40 21 36 17 25 19 15 31 22 17 9 30 16 29 19 17 15 30 26 23 23 21 20 18 22 17 27 
17 11 18 24 11 15 28 26 29 19 25 14 25 14 27 12 10 30 19 16 31 11 20 27 23 14 16 23 16 16 23 24 25 21 15 20 19 21 23 21 
23 15 27 12 25 26 15 20 19 25 17 19 18 18 29 10 16 19 19 16 29 12 20 35 11 15 35 14 13 18 15 24 20 17 10 22 17 26 20 15 
25 22 21 14 10 22 35 20 20 22 25 18 19 43 29 24 14 23 16 12 19 14 11 21 37 21 38 25 23 17 36 44 24 35 11 11 22 12 35 27 
33 6 22 14 30 25 33 31 27 12 23 20 21 25 27 25 17 31 7 11 30 9 15 25 21 20 26 15 30 28 25 29 29 27 16 21 10 21 22 24 
25 21 37 20 31 27 34 15 24 25 28 16 26 18 33 17 23 31 20 10 25 20 13 40 41 18 23 23 25 19 20 13 27 32 17 13 26 21 33 7 
34 23 10 12 31 17 13 24 17 25 27 19 26 38 18 22 9 26 19 16 31 16 14 21 29 12 25 18 16 28 26 28 23 16 16 10 12 23 21 28 
25 26 20 26 22 26 19 31 31 14 28 16 11 38 15 15 7 16 22 17 51 13 15 30 34 6 38 25 23 34 22 34 15 32 17 23 12 16 29 29 
32 20 29 12 36 28 33 23 11 13 37 22 18 34 32 40 16 18 16 18 27 18 18 48 33 20 45 25 23 25 25 25 26 23 19 18 20 21 26 17 
28 14 21 15 24 22 20 27 31 16 26 24 36 12 23 19 14 17 17 14 33 22 18 26 21 11 27 19 21 9 34 27 24 25 20 16 15 20 19 36 
17 29 13 12 39 31 19 37 32 12 14 20 25 39 28 18 19 25 4 16 23 32 15 27 40 17 27 25 18 15 18 22 27 28 14 20 32 13 21 25 
21 27 21 17 30 20 43 23 23 19 20 19 25 29 19 36 19 23 16 23 33 22 24 27 27 12 25 15 25 24 47 42 11 28 11 21 32 15 15 28 
34 14 18 9 18 32 15 20 35 25 30 17 8 30 14 22 12 23 13 15 35 9 20 35 32 18 25 19 18 17 41 21 18 20 17 21 15 18 25 22 
22 19 24 9 27 18 30 36 31 11 36 17 28 34 18 40 19 34 24 17 41 21 16 13 38 16 24 15 22 22 33 35 22 28 15 20 25 15 26 22 
44 21 29 22 27 20 34 42 18 20 35 24 21 23 26 27 17 27 24 15 34 23 16 24 19 12 9 35 24 19 26 27 27 20 12 12 21 14 17 22 
25 19 26 18 25 17 22 30 27 17 20 15 31 38 24 16 9 40 21 23 40 20 11 45 39 18 21 21 14 23 15 20 26 20 17 17 20 22 22 23 
26 16 29 20 10 20 25 23 37 13 15 6 14 28 18 21 13 35 25 17 22 16 14 30 28 12 37 17 17 20 31 25 24 18 20 15 15 27 21 36 
24 16 27 26 34 11 23 7 24 12 37 13 29 19 5 21 16 27 14 23 18 21 11 34 32 18 30 33 21 14 38 29 33 25 13 11 23 13 25 15 
23 31 38 20 28 19 33 23 11 18 29 10 22 25 16 20 17 39 17 13 20 20 12 27 28 19 24 16 7 18 13 24 13 28 11 27 28 19 29 33 
21 17 22 16 28 21 29 28 23 17 37 23 15 26 19 26 8 21 17 19 16 13 18 37 26 12 17 23 26 21 30 27 26 7 4 19 30 18 23 37 
25 33 21 16 31 20 28 29 23 13 31 8 29 34 24 28 14 41 12 16 21 20 20 26 35 20 26 27 13 25 35 29 29 28 20 24 24 7 30 12 
25 27 17 25 41 18 21 25 17 13 21 16 29 29 19 28 13 15 10 16 36 23 16 24 15 16 24 30 21 21 24 41 27 18 26 10 16 21 20 27 
21 19 26 17 20 22 30 29 23 19 39 23 26 38 32 13 20 27 14 16 41 12 11 33 32 18 27 23 20 27 41 37 30 28 14 20 18 20 27 7 
25 18 21 9 9 28 26 36 23 31 21 21 34 41 24 19 19 20 22 13 43 20 17 34 12 17 27 12 23 15 40 40 21 23 14 11 29 16 19 30 
24 24 25 14 23 27 30 33 25 15 19 13 34 36 26 29 18 28 24 7 30 15 13 30 39 14 30 28 22 22 30 40 10 26 18 12 25 22 24 14 
19 19 16 20 22 15 25 36 17 17 42 7 32 24 14 20 14 19 20 19 36 21 16 27 19 21 24 17 11 35 32 28 22 20 15 23 13 19 26 30 
22 28 26 17 19 29 24 33 21 14 32 17 22 28 14 12 17 15 17 16 24 25 9 18 18 6 29 17 31 19 29 37 22 18 8 23 14 22 16 12 
21 24 28 17 22 21 29 39 24 17 39 14 24 24 24 31 14 27 18 12 27 23 5 37 21 17 31 17 23 15 18 28 26 29 12 16 24 19 21 19 
29 28 15 15 21 26 23 19 13 15 21 17 20 24 15 28 15 19 21 17 26 21 18 25 25 25 21 17 19 27 23 18 26 27 15 17 10 16 28 10 
17 17 27 9 39 31 23 34 15 18 28 23 18 34 24 27 18 39 4 14 30 13 13 42 34 16 14 14 31 26 27 24 18 21 15 16 3 19 21 25 
18 19 27 13 20 27 22 28 24 11 27 16 19 36 20 33 12 28 14 21 35 13 19 27 15 9 27 11 25 35 23 35 27 17 20 13 16 14 28 31 
29 21 22 20 28 22 18 41 24 15 27 23 22 35 19 29 16 25 34 17 38 19 21 26 20 17 31 16 24 20 25 25 13 10 20 16 23 17 34 17 
22 21 26 18 29 25 29 35 21 26 35 26 20 39 20 33 10 22 21 21 17 24 24 15 15 23 27 22 25 33 47 40 24 16 19 20 25 14 11 26 
30 19 24 28 48 18 22 36 21 9 31 5 20 33 24 19 15 21 8 16 19 11 13 26 39 12 33 31 29 21 20 39 27 33 14 17 28 25 30 32 
37 18 28 26 38 18 32 34 22 17 11 18 16 31 19 29 14 32 7 21 25 26 19 23 27 14 35 16 23 21 38 38 27 38 16 20 21 17 18 27 
31 27 28 16 42 29 20 19 30 15 29 8 31 28 19 38 9 23 25 14 24 23 20 22 18 23 31 12 23 14 47 31 22 23 17 14 25 14 23 27 
11 18 19 14 39 24 27 40 27 14 17 16 20 34 20 33 20 27 17 15 27 26 14 32 30 21 30 20 14 22 11 35 28 13 17 19 28 23 20 10 
32 19 25 13 24 29 40 34 26 27 25 19 20 22 13 20 16 17 12 16 23 25 14 17 34 15 25 27 20 23 29 11 27 26 20 19 33 18 34 28 
27 16 17 23 37 20 18 29 14 15 25 17 32 28 23 27 16 37 14 14 24 22 20 27 25 9 35 25 24 26 29 28 27 26 20 18 24 9 25 19 
28 23 15 22 31 18 22 31 23 16 25 11 14 31 12 25 10 32 21 21 21 21 13 29 17 12 45 20 24 28 41 30 26 17 13 17 29 19 27 25 
26 11 23 23 37 24 37 38 33 14 16 15 31 19 19 35 18 30 6 20 33 18 9 29 30 14 26 13 19 39 33 14 26 24 13 24 16 13 25 22 
21 22 27 16 35 19 17 25 42 24 43 18 29 38 13 25 19 32 8 19 34 18 17 21 20 24 33 20 39 21 15 24 21 37 17 21 33 18 24 21 
14 16 20 14 27 22 10 23 24 20 22 15 29 24 20 26 16 32 18 15 34 22 19 17 13 11 27 19 21 23 28 38 15 19 22 12 14 25 17 29 
33 15 14 21 28 31 34 28 36 24 24 10 17 40 13 21 16 19 7 16 23 19 19 19 19 15 33 14 19 22 26 31 23 29 15 7 23 16 17 24 
19 14 15 23 21 11 41 31 31 19 22 10 23 29 30 17 19 21 10 21 34 18 16 41 40 19 18 30 26 17 40 26 24 16 17 23 28 24 19 18 
21 19 30 20 37 26 28 29 30 17 23 14 21 26 27 29 20 28 27 12 31 23 15 34 27 21 11 17 20 15 18 37 20 29 6 13 7 15 18 25 
11 25 33 14 23 11 24 29 24 24 28 17 9 18 24 31 9 31 20 20 15 21 15 37 28 19 30 18 28 30 24 25 33 10 10 18 13 23 20 24 
15 21 21 17 23 13 14 31 33 14 25 6 21 28 18 28 13 28 19 18 21 24 24 30 27 20 28 23 29 22 44 30 38 15 14 14 19 16 24 21 
29 13 19 11 36 33 29 18 32 30 25 19 22 17 15 21 8 26 10 11 31 19 13 38 23 18 27 15 26 32 22 26 27 19 12 18 20 13 21 25 
21 26 24 18 30 26 41 27 11 29 28 16 24 23 18 20 18 29 18 14 27 19 24 33 23 15 27 16 30 20 32 30 17 30 20 19 23 11 14 30 
34 16 19 14 30 25 20 10 24 12 9 22 28 24 17 33 23 30 25 24 38 22 10 24 22 18 29 20 19 19 23 29 19 17 13 20 21 20 16 27 
21 25 25 13 28 18 27 30 30 23 28 15 14 30 22 25 16 24 14 18 45 11 14 25 29 16 15 19 23 18 19 27 14 27 18 20 9 11 21 26 
22 17 30 21 15 23 25 31 25 7 35 16 29 37 28 34 18 24 19 14 30 21 11 28 23 18 27 17 19 20 20 19 23 21 27 28 30 19 26 16 
26 11 24 19 28 14 28 30 34 12 21 22 24 17 13 22 10 36 12 11 32 22 24 25 31 14 19 31 10 24 16 27 20 27 27 15 9 19 24 32 
29 21 19 20 41 16 23 27 23 17 25 8 25 20 17 15 19 20 6 15 34 7 10 29 21 19 33 27 15 28 26 25 33 18 10 19 29 21 21 38 
11 27 28 21 19 31 27 23 36 16 20 12 34 14 29 26 14 30 18 20 37 22 14 36 22 13 26 20 21 19 33 32 24 21 26 12 14 10 33 15 
22 33 23 20 22 31 29 29 21 7 38 13 21 24 19 24 15 24 20 16 28 18 17 35 29 15 28 22 17 19 30 20 21 19 28 14 17 13 6 29 
23 25 24 13 20 25 13 21 33 13 25 15 28 26 21 29 11 43 13 23 30 17 22 19 24 22 23 21 23 16 43 16 32 17 21 20 20 17 14 23 
14 25 16 22 34 16 23 21 13 18 25 15 14 23 24 26 6 20 21 14 36 3 20 27 21 13 16 19 24 31 27 40 21 24 17 29 22 21 17 20 
16 16 17 21 34 27 26 39 20 21 21 21 18 26 12 19 15 34 16 21 35 18 18 36 31 17 40 27 14 16 27 39 17 14 16 23 24 21 25 18 
25 26 22 17 9 21 27 43 38 10 21 18 17 21 10 17 9 44 14 15 33 17 20 36 26 16 22 22 35 11 26 24 29 38 17 21 17 26 30 17 
21 23 26 11 31 27 30 31 23 11 17 18 27 17 28 32 21 17 16 18 27 7 17 35 31 17 22 29 19 21 26 27 26 28 15 14 32 30 19 26 
30 23 20 7 31 24 33 28 31 18 42 28 27 18 25 25 12 25 10 20 21 23 21 26 37 14 18 20 25 25 36 23 27 21 15 15 17 14 29 26 
19 13 24 19 21 24 26 40 13 20 15 9 21 38 9 20 16 30 10 13 24 22 9 18 38 14 22 23 21 15 34 32 29 29 15 13 32 20 21 26 
21 28 23 18 29 27 33 19 27 21 29 15 23 22 19 37 22 24 18 16 32 15 12 29 28 13 36 21 12 23 36 24 26 19 16 14 31 24 18 24 
22 15 27 13 29 18 28 35 28 23 24 9 13 31 21 24 13 38 10 14 28 10 19 33 24 14 36 16 39 23 26 39 29 24 24 23 28 28 11 41 
22 20 22 18 25 24 24 32 23 22 22 18 16 33 23 19 18 23 17 20 40 23 13 37 14 11 35 25 23 19 34 18 20 30 20 16 18 20 19 25 
29 18 22 22 21 25 38 36 27 16 23 23 33 21 17 18 25 22 14 18 28 29 22 34 23 15 23 19 14 26 25 45 22 26 4 21 26 13 15 13 
23 28 11 17 23 17 29 43 25 14 25 15 24 20 14 27 16 25 20 15 35 24 19 28 29 15 35 15 22 19 45 27 24 35 26 27 19 10 28 26 
26 23 24 6 30 36 17 37 33 21 34 19 15 24 23 19 16 28 24 20 29 19 18 39 14 11 48 25 19 18 26 35 17 18 15 14 23 15 27 24 
36 8 24 17 24 21 25 20 18 16 24 22 17 15 15 30 15 38 21 12 17 26 11 35 19 16 24 8 28 15 28 34 20 24 21 3 9 14 14 44 
19 24 32 12 39 20 24 15 22 22 22 18 28 29 13 23 17 32 20 19 34 12 12 36 23 17 29 26 21 26 11 25 19 25 17 23 29 12 17 31 
27 21 10 17 31 23 40 31 12 22 23 15 26 36 25 23 11 51 8 16 27 23 14 38 33 12 16 15 31 26 30 23 14 21 13 11 19 10 24 27 
31 28 23 17 27 34 17 25 13 14 32 18 23 23 30 28 15 34 11 15 31 21 8 30 20 15 25 41 16 21 29 22 21 19 20 24 25 18 21 31 
31 24 31 18 11 18 22 9 22 19 12 20 27 17 24 29 16 30 17 13 32 18 21 35 24 9 15 12 33 19 40 11 17 20 23 13 11 13 20 13 
27 32 34 23 35 22 22 26 35 16 32 11 26 29 10 33 13 24 21 17 21 16 12 28 30 17 23 21 17 8 38 38 15 13 22 17 24 23 24 27 
18 22 21 17 24 22 19 30 29 18 30 21 19 26 12 15 13 42 16 9 25 22 16 26 40 6 38 15 9 20 27 49 17 28 18 18 12 20 14 31 
19 28 17 22 47 30 22 32 22 22 29 11 18 28 17 4 17 37 19 15 30 15 25 25 24 13 27 12 21 38 35 33 22 34 25 20 22 14 26 13 
13 21 27 23 40 27 29 33 31 12 24 14 17 22 14 27 15 32 12 16 41 21 14 16 29 12 26 20 19 18 40 8 20 14 13 17 28 13 29 21 
23 20 20 16 23 24 30 13 27 21 45 20 32 35 15 26 20 27 22 23 36 25 16 33 25 21 35 30 15 28 31 22 22 31 14 15 12 11 16 24 
38 22 15 18 30 25 34 33 25 10 42 23 13 36 12 30 14 35 15 20 19 11 8 17 28 16 30 9 34 17 26 23 19 39 23 28 27 17 33 23 
11 23 19 24 32 27 30 36 24 10 33 19 31 35 16 18 9 26 10 20 28 18 12 48 29 19 33 16 17 28 40 21 18 22 19 26 12 7 26 18 
27 17 26 29 28 34 14 21 32 13 28 20 22 21 12 33 10 40 11 15 30 25 18 28 26 25 27 37 12 19 40 37 21 19 9 20 18 19 28 25 
24 27 33 23 35 22 25 22 18 20 33 9 26 37 21 31 13 17 12 15 18 15 12 35 31 16 26 8 19 17 35 24 15 34 26 22 28 25 17 25 
24 19 23 17 27 20 25 47 13 15 19 21 26 28 24 34 10 32 16 17 24 29 17 33 17 18 19 24 24 20 43 26 12 29 20 20 18 18 20 32 
27 27 17 17 33 17 17 37 38 25 16 14 22 41 23 11 9 24 23 20 22 15 18 25 20 19 22 15 24 8 43 9 14 12 21 15 20 14 17 23 
21 17 14 15 19 28 32 26 25 12 20 17 25 30 18 25 19 25 16 16 29 11 16 10 23 22 22 22 16 19 36 38 35 27 19 20 22 22 18 23 
22 17 18 13 30 17 24 35 22 12 26 19 20 29 16 24 18 28 17 17 32 16 14 35 39 14 21 21 27 24 29 17 16 25 19 20 23 18 17 15 
23 20 25 21 27 15 25 37 20 19 42 23 23 25 30 19 14 18 24 18 34 16 13 43 38 19 24 19 20 20 34 33 26 27 18 16 14 19 18 39 
18 22 20 20 32 27 22 33 27 23 30 22 32 43 16 17 20 29 15 17 29 22 18 19 36 17 33 12 22 25 26 40 21 33 16 25 18 20 33 23 
30 23 9 21 32 17 22 40 34 22 32 19 14 21 14 20 11 36 15 14 37 17 18 31 25 17 14 22 16 22 41 9 24 21 13 21 23 19 20 21 
12 16 35 27 25 28 32 15 26 15 24 16 20 32 21 22 14 32 22 9 25 21 16 33 23 16 18 21 18 27 24 28 27 24 20 23 17 16 26 21 
33 25 18 20 26 23 31 33 29 18 37 21 28 31 15 22 16 36 17 11 17 28 17 25 36 10 36 21 27 29 39 38 14 28 27 30 26 23 24 23 
17 14 37 13 34 30 21 33 17 21 31 15 25 33 19 29 15 33 12 17 45 15 16 29 31 18 24 24 17 28 50 38 19 35 21 17 15 17 25 32 
30 21 28 20 31 16 22 34 31 17 21 16 12 29 26 25 13 23 15 12 36 24 17 20 21 7 10 26 25 31 50 29 25 25 23 22 28 16 14 27 
30 21 28 15 28 18 28 27 21 16 31 13 12 25 18 18 14 37 16 19 14 21 13 19 9 15 26 20 12 20 18 24 28 23 16 15 26 11 25 24 
27 21 24 11 28 20 32 33 25 20 12 12 21 25 24 23 14 26 24 12 36 16 17 32 32 13 29 18 21 23 21 37 32 18 10 15 28 27 21 24 
24 26 14 21 23 19 29 28 27 21 33 22 32 17 20 26 13 33 21 15 26 29 13 31 26 19 24 19 12 13 42 43 26 6 17 26 28 22 24 34 
22 16 17 17 41 19 37 32 21 15 14 27 24 26 23 24 22 15 6 16 27 18 14 35 27 20 22 22 28 28 30 29 17 12 21 21 21 21 27 25 
33 17 20 17 35 31 17 38 17 13 18 14 20 27 20 26 13 33 13 18 34 14 17 22 27 13 30 16 13 16 12 30 35 12 15 21 26 17 21 35 
17 14 20 17 34 21 28 25 17 16 14 13 19 32 20 28 17 28 23 17 39 12 17 20 21 15 38 19 9 3 26 27 25 33 13 20 13 22 16 27 
41 20 31 14 41 19 23 32 33 22 33 11 28 21 24 22 10 29 17 10 49 16 17 20 26 21 22 8 22 17 40 25 25 15 25 12 19 17 23 15 
34 11 17 18 19 27 35 18 24 17 4 22 17 24 20 17 10 29 15 17 24 14 6 21 30 15 32 19 9 25 44 27 25 26 10 20 13 18 31 20 
22 22 19 17 31 18 23 27 28 22 19 17 28 20 20 29 11 38 14 25 36 15 18 20 35 14 18 23 27 20 41 20 29 27 16 22 16 20 24 33 
21 17 26 19 43 27 34 22 23 27 20 20 33 20 23 27 11 37 8 12 25 11 10 23 27 11 34 16 15 15 28 32 13 22 25 18 18 10 17 32 
42 9 25 18 33 27 35 20 33 16 25 15 19 14 27 37 11 33 18 18 33 7 18 44 25 15 25 13 26 27 25 40 25 29 16 22 29 14 13 37 
30 17 29 9 34 26 25 31 28 14 38 20 25 15 16 30 15 27 10 14 18 9 17 25 25 9 47 20 11 17 21 39 24 24 13 17 16 20 27 23 
31 18 40 17 32 35 17 28 27 21 22 14 12 27 18 13 16 30 15 17 17 10 18 40 17 22 20 17 25 15 42 22 24 24 19 17 22 21 25 14 
22 17 35 12 13 17 28 25 23 20 27 18 28 23 22 21 18 34 17 6 36 19 9 39 21 13 12 17 23 30 20 39 11 23 13 20 22 16 22 28 
19 35 16 15 38 25 25 32 8 12 40 15 15 34 38 18 15 23 18 17 26 19 13 30 29 19 35 11 30 9 36 30 25 27 22 18 22 14 7 17 
27 16 25 16 36 12 25 32 11 21 32 23 27 17 27 22 17 25 26 17 21 25 24 24 25 13 31 29 17 17 43 32 16 29 24 20 21 16 26 25 
20 5 13 17 14 22 32 42 29 16 25 18 22 40 9 27 16 37 18 17 34 24 11 31 17 24 37 19 19 21 31 32 23 23 17 21 23 14 30 14 
23 17 19 9 44 12 21 40 28 14 40 28 24 28 15 26 13 24 14 9 41 13 12 26 20 10 34 10 25 27 24 29 33 23 7 15 21 23 15 21 
42 16 11 30 22 3 11 18 17 16 26 10 15 14 15 19 21 13 14 19 17 8 13 24 33 22 32 21 21 30 33 31 20 22 19 23 41 25 16 20 
19 18 26 17 30 25 26 22 24 10 32 20 20 31 29 23 17 21 25 15 39 18 15 30 33 13 38 23 24 19 44 26 24 20 12 18 20 19 23 20 
32 27 16 26 36 24 22 21 23 22 15 14 25 32 16 22 14 39 17 15 22 17 21 33 30 16 22 26 24 24 37 36 23 14 17 20 23 6 27 23 
24 7 21 21 29 24 25 35 20 14 21 9 30 43 13 16 16 25 25 19 32 14 15 47 20 7 13 25 27 27 26 27 21 15 10 17 25 13 18 33 
22 27 31 10 27 2 29 34 23 29 23 18 18 27 18 24 16 26 22 18 25 9 10 28 20 11 21 27 22 19 18 29 13 28 17 15 30 18 22 15 
31 27 23 28 25 21 30 39 19 18 17 20 12 47 25 36 12 17 11 21 21 10 19 25 27 17 27 17 11 22 35 27 19 39 15 22 7 24 23 21 
26 27 28 14 18 24 39 31 25 18 10 17 27 29 15 31 7 36 16 15 20 22 22 29 11 20 25 11 24 19 31 23 24 30 17 25 12 13 23 27 
25 23 30 18 23 24 36 27 25 21 44 16 21 28 15 27 12 27 14 20 20 19 16 20 30 17 29 17 24 25 31 34 14 17 19 25 26 9 26 45 
18 19 25 17 26 23 32 25 18 18 14 15 23 19 31 26 14 36 11 12 18 20 15 32 11 17 20 22 28 14 26 43 24 26 13 19 23 9 20 21 
14 28 38 18 24 24 10 36 18 16 24 24 20 15 24 26 16 27 18 21 27 14 9 31 35 14 29 22 27 33 21 34 35 25 18 20 18 16 18 21 
24 19 27 22 24 23 24 19 25 22 27 19 14 29 29 17 18 30 13 18 19 16 15 29 16 15 26 20 20 15 43 19 20 29 24 9 21 15 23 9 
38 11 18 23 13 18 30 26 17 14 19 19 21 20 20 29 18 33 8 17 18 14 14 37 32 11 21 15 29 26 30 25 35 31 17 22 11 20 23 28 
18 21 24 15 25 22 29 21 35 28 33 21 20 20 16 25 18 34 17 17 22 3 21 25 29 18 33 21 21 12 31 32 20 19 13 6 18 12 20 25 
20 24 18 13 22 26 31 31 18 22 18 15 30 30 18 27 20 32 17 16 49 30 11 13 25 17 18 27 13 18 35 31 25 30 21 16 14 22 15 35 
20 31 23 16 22 27 25 31 21 17 16 15 26 26 19 29 16 34 11 16 33 20 15 26 22 18 36 14 32 31 36 27 23 36 11 22 26 25 20 20 
18 17 16 24 32 27 26 32 29 19 27 22 27 30 19 31 8 16 13 11 49 24 21 15 28 18 26 17 25 24 43 42 27 22 13 19 32 20 16 22 
21 28 18 20 12 14 32 12 36 22 24 19 26 34 28 11 14 40 14 20 26 19 13 30 33 23 17 4 24 24 53 32 26 26 17 23 37 24 24 15 
20 27 18 12 30 22 20 32 35 18 25 19 16 21 22 15 7 20 17 18 33 21 15 34 30 16 31 20 11 31 24 27 28 28 10 21 13 23 27 18 
19 17 22 17 23 21 22 24 27 14 24 21 13 28 16 23 18 22 20 19 24 19 21 18 31 19 32 20 27 23 26 35 29 19 19 21 21 15 22 36 
32 19 23 15 14 30 26 25 21 24 28 14 27 24 22 26 18 20 13 22 30 24 12 37 32 13 14 20 19 19 29 14 22 19 12 16 16 20 17 27 
24 15 10 25 19 26 26 29 22 24 20 15 22 36 29 25 13 25 17 15 24 25 13 41 37 18 30 18 19 25 40 22 24 19 23 21 25 17 18 28 
29 30 24 17 34 23 28 25 19 22 24 16 28 24 25 37 26 30 20 16 30 13 20 32 32 19 8 12 21 17 19 14 28 32 18 15 24 19 25 33 
20 15 35 16 34 28 21 22 31 16 27 14 19 30 19 31 14 28 17 18 17 17 16 25 23 19 22 17 15 31 32 33 31 28 17 17 34 14 14 27 
25 20 26 28 21 19 15 39 30 17 27 20 18 27 15 40 16 39 19 16 20 19 17 26 32 13 25 24 26 10 39 33 19 12 15 17 25 23 21 22 
24 28 23 19 26 18 26 25 10 20 25 19 25 33 15 29 14 15 6 16 45 21 18 26 22 17 26 11 34 37 38 26 29 16 17 19 25 15 25 35 
27 14 33 12 28 21 32 24 14 15 37 12 27 27 25 17 11 20 15 17 30 33 12 29 36 12 14 21 16 20 19 16 20 18 16 16 19 16 18 32 
25 18 26 21 21 32 17 34 29 22 23 12 12 30 25 30 15 24 19 19 24 20 14 28 21 15 31 18 31 15 27 26 18 29 26 17 15 14 17 26 
15 32 26 17 28 24 33 31 25 14 25 10 16 19 22 21 20 15 27 18 23 23 13 10 30 18 27 15 30 32 41 40 19 24 24 20 18 21 23 29 
36 16 23 21 27 23 41 30 18 17 25 26 20 15 15 24 17 25 18 24 27 12 11 30 23 20 25 15 26 32 31 28 22 13 19 16 22 12 14 32 
27 27 25 13 31 33 44 26 20 24 18 15 13 23 30 27 16 15 14 22 42 31 10 32 16 10 35 30 22 24 39 27 33 25 22 17 9 19 15 10 
30 21 26 17 15 18 34 15 34 15 30 19 15 12 18 26 14 30 12 10 16 12 24 32 37 14 25 17 22 25 23 33 15 26 24 13 19 21 20 27 
26 16 31 21 38 17 22 24 14 26 20 9 16 32 16 23 13 14 8 14 16 14 17 23 18 18 31 23 12 19 21 23 13 25 26 25 21 14 20 22 
23 30 19 25 30 20 19 26 33 18 31 6 32 39 24 23 13 30 24 16 41 15 19 34 27 17 16 19 24 18 50 18 23 41 16 13 16 14 22 13 
15 24 21 24 16 14 16 28 24 20 7 19 16 32 25 22 16 35 11 18 33 20 19 41 32 20 33 18 11 24 27 40 17 30 23 20 11 17 16 27 
32 14 31 16 38 24 27 32 24 16 37 5 17 30 26 4 8 27 20 15 30 19 15 43 27 21 35 13 7 21 28 26 16 8 8 17 19 21 32 27 
23 17 11 19 32 28 38 16 21 14 32 18 17 28 12 20 19 27 13 20 38 21 10 22 24 19 23 16 26 17 32 28 33 19 19 20 19 17 17 22 
35 28 31 24 23 20 17 28 26 20 31 23 21 31 15 19 11 23 21 15 33 19 16 22 22 11 26 27 14 24 27 27 10 30 14 21 23 26 13 28 
15 23 23 18 32 30 8 17 23 20 34 12 22 37 29 18 19 32 18 22 39 14 15 37 15 23 19 17 13 23 35 42 17 27 15 13 15 10 22 21 
26 12 17 8 40 26 16 28 24 29 18 17 20 31 22 28 13 15 17 22 17 10 16 28 17 10 34 36 21 15 8 18 31 24 20 20 27 26 22 30 
22 23 12 15 28 12 25 37 31 18 32 21 25 38 21 31 13 32 14 20 3 18 16 26 38 20 20 17 25 20 25 42 35 24 17 25 12 18 28 6 
24 21 23 19 20 30 22 27 36 14 31 11 25 26 16 27 12 36 20 11 32 27 10 34 33 14 35 23 17 23 58 40 9 19 9 16 33 18 22 28 
19 23 21 25 22 16 14 37 17 26 16 12 34 22 21 19 14 25 17 17 27 18 10 23 31 20 27 19 24 17 27 23 29 31 15 20 23 26 26 29 
15 7 21 12 34 21 18 33 24 10 30 24 29 28 15 12 17 49 19 9 28 27 4 23 35 17 22 8 7 20 22 48 19 26 23 16 13 15 23 26 
32 19 26 18 37 30 26 30 24 12 27 15 23 29 19 26 21 28 15 20 35 21 15 22 25 16 28 27 16 28 27 28 31 31 19 14 29 21 22 22 
15 16 24 15 29 20 37 20 34 20 17 20 21 25 16 26 17 34 17 10 26 15 15 20 30 19 32 21 31 15 13 36 26 27 18 21 20 8 20 30 
23 27 23 30 22 15 24 23 29 17 20 15 27 23 15 21 12 34 16 22 41 15 10 29 19 14 43 30 16 26 29 26 23 20 17 18 22 16 22 21 
31 13 27 5 21 20 20 25 23 12 29 17 15 17 19 30 16 26 19 19 21 21 17 15 37 22 34 28 25 16 21 38 27 22 13 10 22 16 25 27 
26 18 24 13 32 14 29 30 15 15 27 16 20 36 7 15 14 39 24 13 24 17 13 41 37 14 15 12 28 16 20 37 23 21 19 22 23 14 19 28 
32 17 30 9 22 20 18 30 22 23 27 18 16 35 23 29 15 14 21 18 28 18 20 45 33 16 45 27 14 20 36 24 21 21 14 16 27 24 16 23 
16 26 27 21 30 16 25 27 36 23 23 19 16 27 27 40 7 25 12 20 44 16 25 24 23 18 42 21 24 20 32 36 14 26 24 21 15 17 14 30 
23 14 21 10 7 20 18 28 22 15 33 18 30 30 22 39 13 32 11 20 31 15 21 32 28 24 24 25 15 12 38 34 29 21 14 12 27 18 24 21 
31 28 19 18 24 22 34 19 11 16 35 16 26 49 9 31 8 24 12 7 34 21 19 25 17 8 32 20 25 24 29 20 30 25 18 24 18 25 22 15 
20 22 20 13 27 35 16 27 20 8 18 26 20 27 26 11 12 35 10 20 37 26 24 22 20 14 14 19 23 26 29 28 21 20 24 24 25 18 26 40 
11 21 19 22 25 24 23 18 26 19 19 21 24 27 23 14 10 42 19 13 43 22 13 29 24 19 30 17 15 23 34 27 20 13 23 22 22 21 23 9 
16 23 21 14 31 18 24 29 13 25 32 18 16 40 16 24 15 30 9 18 32 20 16 31 25 14 24 21 13 26 30 32 22 21 13 21 21 11 25 17 
16 25 31 17 25 14 26 24 18 14 31 24 27 35 20 20 8 36 21 15 27 12 19 28 34 13 36 14 6 26 24 25 17 38 13 19 23 6 15 18 
24 22 22 27 29 16 36 21 7 20 32 25 23 14 19 16 7 10 15 17 43 19 13 30 20 22 19 16 24 16 42 35 16 19 22 11 27 17 31 30 
25 11 35 19 47 25 21 28 14 21 32 17 12 12 32 35 20 45 10 13 37 11 25 40 27 21 33 13 19 25 20 48 21 27 11 18 15 9 24 26 
25 26 23 28 35 19 21 31 20 20 20 15 23 28 19 24 18 32 16 21 24 15 20 36 14 11 34 17 14 12 33 35 37 38 19 23 16 6 22 24 
24 20 8 21 19 23 22 33 23 13 30 28 18 41 23 26 15 29 23 17 35 17 9 25 19 18 35 25 13 27 38 27 21 27 19 14 24 28 22 27 
31 10 17 12 36 25 30 35 24 12 20 24 16 29 27 33 23 13 10 29 25 25 10 34 23 10 26 12 20 12 17 41 23 20 20 23 30 18 20 21 
39 25 23 9 25 24 32 38 27 22 27 13 21 16 21 30 17 30 21 15 36 19 19 23 32 12 18 15 23 24 36 21 25 4 20 15 24 17 27 27 
24 27 36 24 33 16 31 40 26 13 21 13 19 36 16 16 14 25 21 19 20 16 10 18 28 20 35 26 10 29 28 8 17 25 11 13 30 17 24 27 
22 23 26 8 33 21 28 20 23 18 30 19 17 37 19 30 18 31 23 16 29 22 14 26 25 13 26 18 18 22 38 25 13 29 11 18 16 20 21 31 
25 17 20 16 10 35 23 45 24 13 23 15 17 26 23 32 11 33 21 22 16 26 24 40 17 26 37 15 14 26 21 41 24 23 16 21 26 13 18 20 
26 25 37 10 32 17 21 23 21 15 24 18 22 37 28 25 18 23 12 18 54 25 13 19 12 11 28 24 20 20 43 22 26 27 22 15 28 14 22 29 
27 16 28 20 12 32 19 20 23 26 22 17 32 21 26 24 17 19 12 11 23 18 14 25 40 14 25 26 19 19 18 26 26 21 18 21 23 17 21 27 
18 20 24 16 19 21 26 27 17 15 35 13 26 37 13 31 13 23 20 10 37 16 17 21 27 11 35 19 28 15 45 38 17 12 21 19 23 6 21 22 
24 18 17 22 44 16 27 22 17 28 20 17 22 25 11 21 18 27 19 13 28 28 15 31 22 14 18 23 16 20 30 24 35 15 14 20 25 18 17 21 
29 17 12 19 35 22 18 38 22 30 48 20 27 21 22 22 21 21 15 9 25 24 15 44 28 17 30 20 17 21 24 24 25 22 26 15 14 32 17 38 
26 17 16 16 29 25 23 41 20 17 17 16 21 33 26 12 7 36 17 15 23 11 21 40 22 13 39 20 21 19 32 44 21 20 8 21 30 19 24 25 
19 21 7 9 29 21 28 29 13 8 27 25 25 32 16 31 12 25 22 16 25 19 12 45 30 20 24 17 13 21 27 33 25 15 13 14 21 18 19 26 
26 10 21 13 23 28 15 39 11 21 35 22 20 20 19 24 16 19 18 10 37 15 14 28 31 16 35 21 22 18 25 24 31 35 24 15 19 18 5 20 
21 25 17 21 13 15 16 14 21 11 36 16 28 19 21 20 18 28 17 9 25 12 12 21 26 19 28 18 25 28 23 17 25 10 22 14 28 15 17 18 
15 25 14 14 23 32 11 20 32 21 23 28 28 25 13 33 13 33 12 8 22 19 15 18 40 14 23 34 24 30 23 43 24 30 21 14 19 9 19 30 
22 26 25 25 37 22 22 24 25 21 23 13 21 15 22 26 6 29 13 18 26 18 19 18 26 12 34 34 20 9 36 37 22 30 18 10 18 10 22 14 
37 26 23 19 28 28 21 21 31 18 26 21 17 32 28 15 16 24 14 15 14 30 16 41 21 11 46 11 22 4 43 18 21 26 20 21 30 11 35 34 
24 13 28 12 42 27 34 35 28 12 31 27 32 34 10 20 15 31 14 14 26 16 16 32 43 11 21 20 29 24 32 24 27 16 19 20 16 11 28 32 
29 24 23 22 26 26 29 39 21 24 23 10 23 24 20 19 24 24 23 16 19 15 14 29 24 16 31 16 5 27 30 33 33 30 23 24 11 11 22 14 
26 15 27 7 43 26 13 30 22 21 30 11 14 25 27 28 3 29 25 19 33 15 18 21 16 16 29 25 17 19 20 29 32 22 7 26 21 12 25 29 
18 19 28 14 24 16 22 21 11 22 35 20 27 35 18 24 17 45 23 22 22 16 10 39 34 9 31 24 26 13 23 35 21 25 19 15 29 20 24 20 
12 25 30 14 28 32 28 10 22 27 29 17 26 39 24 24 19 38 13 20 24 18 19 27 13 14 20 20 15 26 33 31 29 25 11 22 22 12 18 30 
13 24 24 20 31 17 26 23 29 15 27 2 30 17 16 22 15 22 13 10 32 20 17 44 16 8 29 24 27 16 36 23 24 25 21 17 18 22 24 24 
12 25 19 19 23 21 31 11 18 17 36 17 26 26 25 24 10 36 14 14 24 27 21 26 26 14 30 26 25 20 50 31 16 12 10 20 24 11 31 23 
13 21 21 4 10 16 27 17 27 23 22 17 21 28 20 22 15 41 12 18 21 18 17 35 24 18 33 32 27 26 40 32 18 26 19 20 22 16 19 31 
18 13 24 21 26 30 41 31 15 17 36 20 21 27 18 24 17 32 18 24 36 18 16 19 25 23 26 22 25 17 34 19 34 27 15 19 23 32 26 22 
6 23 25 7 32 22 25 40 20 24 39 12 26 44 10 29 11 26 22 18 56 15 13 20 21 18 20 23 34 17 38 41 28 21 15 24 24 15 21 31 
31 16 13 16 34 22 32 14 27 16 17 26 27 27 21 19 19 26 20 8 17 14 15 18 34 18 36 18 13 29 30 36 21 32 14 13 20 16 21 12 
33 16 20 9 23 21 13 13 23 15 27 16 17 31 18 34 17 28 15 16 33 25 12 20 24 13 44 20 19 16 24 23 18 27 11 8 20 23 23 20 
29 30 23 10 23 22 25 45 21 15 40 19 33 33 18 19 16 24 15 15 37 25 13 33 20 15 33 23 16 20 51 28 17 19 20 17 22 23 22 31 
21 21 36 22 32 23 32 21 21 19 31 17 29 21 17 20 12 12 13 17 24 9 13 22 18 12 39 25 24 24 28 25 17 19 17 15 30 17 23 33 
27 22 29 22 42 31 24 32 28 21 26 21 10 22 16 32 14 43 18 8 44 20 10 24 26 12 13 13 25 27 33 31 15 22 16 11 13 17 27 32 
34 23 18 8 27 8 12 31 29 16 39 19 28 33 20 18 18 33 16 20 25 6 24 38 20 17 35 15 15 27 37 39 21 25 11 7 27 27 27 17 
24 21 21 14 30 21 38 24 36 20 29 21 23 30 20 21 12 35 14 9 34 23 17 26 21 21 43 34 23 19 32 40 28 28 19 9 20 15 39 23 
32 23 26 17 26 19 36 29 22 17 33 15 7 46 8 23 10 18 20 11 28 18 19 28 29 13 28 23 27 11 15 31 17 21 25 20 24 17 24 19 
27 22 20 11 47 26 27 35 16 17 36 14 20 16 25 21 15 35 15 12 38 15 22 36 25 18 20 16 24 25 27 23 25 17 22 8 18 14 27 11 
37 31 19 11 23 17 26 41 30 10 21 18 18 19 22 41 10 34 19 18 27 20 17 35 30 13 28 20 18 30 15 27 16 13 13 18 34 23 23 28 
35 15 23 18 41 29 17 25 19 23 32 14 13 28 21 14 11 40 31 13 32 20 21 25 22 14 31 23 16 33 27 29 14 12 21 17 17 14 18 18 
20 10 27 23 33 16 34 31 37 16 44 12 23 27 26 32 16 25 19 19 23 18 14 26 21 10 31 21 19 12 27 41 25 29 21 22 27 11 23 20 
24 15 29 15 25 12 23 14 19 24 31 5 37 15 20 29 10 22 15 21 11 11 10 41 26 15 22 29 19 9 37 36 20 23 17 12 24 16 30 32 
29 25 24 12 21 25 23 31 36 12 21 20 25 28 28 27 16 40 24 14 23 17 18 26 35 12 21 18 21 12 39 22 17 25 16 7 26 16 14 29 
42 10 36 14 35 5 26 26 12 16 44 8 22 22 26 18 20 34 26 13 31 15 12 14 24 13 27 18 9 25 22 17 34 17 15 27 27 19 23 42 
26 20 22 15 22 20 23 26 4 25 26 17 22 23 20 26 18 17 16 12 26 23 12 40 37 20 36 19 18 13 29 15 25 27 28 23 30 16 31 19 
24 8 30 16 28 25 24 32 28 20 34 20 17 25 16 24 15 26 18 15 34 13 16 16 26 16 35 24 15 16 41 29 19 30 10 15 23 24 7 30 
38 21 18 11 37 23 32 35 24 20 20 9 14 30 10 18 15 29 8 9 31 24 12 26 32 18 36 21 30 29 38 28 17 30 16 23 25 8 11 26 
23 16 23 14 19 23 30 36 15 15 18 23 26 39 18 37 16 22 18 19 31 18 20 23 21 19 38 24 19 37 27 38 10 21 15 22 27 22 18 34 
30 12 28 16 41 27 25 26 22 20 33 14 19 20 16 24 11 35 25 15 27 19 13 19 16 22 26 30 18 23 18 29 15 28 20 17 8 25 16 20 
23 13 30 16 19 16 26 38 29 7 16 14 22 21 13 27 13 29 24 15 21 18 17 37 28 16 37 21 28 21 18 29 25 20 17 19 24 13 19 30 
37 22 16 22 44 16 35 23 18 18 28 28 16 29 10 26 22 34 26 10 36 15 15 10 41 20 27 33 26 11 35 25 27 19 15 28 25 10 23 17 
17 15 21 11 30 25 24 32 15 24 22 17 27 35 17 20 13 25 14 16 47 21 17 18 27 19 25 17 19 14 43 32 23 23 16 10 24 13 17 23 
25 22 21 9 37 20 16 39 24 17 21 22 21 30 17 18 7 36 24 14 13 18 16 34 22 12 32 17 17 18 34 35 22 26 9 16 21 8 19 31 
27 26 19 26 33 14 25 30 26 15 46 15 16 31 22 28 7 43 16 25 29 28 12 28 20 19 34 19 33 23 35 20 21 29 18 18 7 17 29 22 
28 27 34 9 29 23 20 30 34 12 36 11 22 30 21 43 16 25 19 20 30 18 7 25 26 19 22 14 26 30 21 33 27 32 9 18 18 22 17 20 
29 19 13 20 20 21 27 29 24 20 21 18 32 38 17 17 15 34 19 17 34 14 12 26 28 12 21 20 23 13 33 30 30 19 16 7 23 22 22 24 
29 30 14 23 13 22 19 34 18 20 29 18 27 36 8 23 17 27 16 13 40 16 16 17 21 15 28 16 26 19 38 31 27 12 21 16 20 13 24 29 
20 26 28 19 22 25 21 25 13 9 34 14 22 25 25 25 17 24 20 17 39 12 23 30 30 15 16 20 17 29 29 28 26 27 21 13 20 12 41 24 
25 22 31 17 37 21 31 34 16 24 34 24 32 23 25 26 13 27 14 16 26 16 15 46 30 7 17 25 19 19 21 27 20 25 22 14 26 12 26 28 
26 15 32 18 33 7 40 17 40 8 20 15 22 21 17 25 9 29 12 22 18 27 17 23 21 20 27 19 17 15 29 21 13 31 20 8 27 19 25 21 
20 13 32 24 42 32 39 41 21 25 39 27 12 27 15 31 13 27 22 19 26 17 12 29 34 13 30 17 26 23 21 17 28 30 20 11 25 25 25 26 
32 24 17 20 39 17 16 27 34 6 42 14 20 29 22 26 13 42 17 18 24 11 16 12 28 13 23 13 22 18 30 34 20 34 17 24 26 11 17 26 
22 26 26 16 44 29 13 32 19 27 39 20 16 30 12 31 13 14 20 19 35 17 17 22 21 13 40 16 22 23 41 40 26 23 11 22 29 16 19 8 
12 22 26 11 22 25 21 46 18 15 24 11 25 30 20 30 17 39 17 16 29 21 30 38 28 18 31 27 13 24 34 31 27 43 13 18 27 9 29 25 
31 21 30 18 44 25 21 45 16 9 47 27 29 30 20 25 7 10 29 16 34 24 20 34 18 13 26 19 14 27 39 30 34 21 18 14 19 23 18 24 
14 9 23 23 25 20 26 18 26 19 38 16 19 42 19 27 22 37 16 24 32 16 14 11 33 24 38 23 26 18 35 27 22 18 21 14 28 16 15 24 
13 20 21 15 31 22 33 6 29 17 33 18 20 15 27 13 26 27 21 19 37 15 13 28 19 22 30 8 35 9 31 37 24 24 20 18 26 17 28 21 
25 23 26 21 28 30 38 36 21 19 28 27 20 15 26 26 15 36 10 22 25 20 11 34 18 13 40 20 25 23 29 29 11 22 17 30 25 13 18 35 
11 24 37 27 15 18 25 25 27 20 18 15 23 41 16 25 16 27 17 19 25 15 23 26 19 21 29 10 16 22 10 35 18 32 9 19 21 16 21 26 
12 24 27 19 6 27 29 27 24 15 16 13 24 38 13 29 15 18 11 15 28 23 17 25 25 8 24 24 29 31 28 27 24 22 18 10 20 22 25 29 
34 19 21 27 14 27 24 35 28 22 18 15 28 30 22 27 21 29 21 14 22 19 15 25 34 16 25 31 16 19 29 15 28 22 22 28 21 19 28 34 
19 18 25 13 32 31 17 23 15 14 38 11 20 26 15 31 8 24 17 17 37 17 18 36 21 15 17 20 16 18 23 31 28 20 24 23 24 16 18 28 
27 19 19 14 31 28 19 17 24 17 32 15 26 19 23 33 16 30 10 15 31 15 16 17 33 14 24 18 20 14 20 34 31 20 27 17 16 20 22 18 
31 19 23 17 22 9 31 26 20 12 45 15 22 25 16 31 7 28 22 16 39 7 12 11 29 15 34 16 22 20 20 25 18 24 22 18 30 25 28 33 
26 35 24 6 38 20 25 25 20 27 19 19 20 35 28 26 13 22 16 15 15 17 12 22 33 19 37 20 15 23 27 20 21 29 9 22 29 13 28 15 
27 25 25 16 21 16 19 16 34 16 19 16 21 37 20 30 13 22 15 10 23 27 14 33 17 7 32 20 23 11 32 25 14 23 25 17 19 22 15 42 
19 10 26 16 26 9 31 31 22 22 15 24 19 31 13 29 21 45 15 24 25 23 12 32 40 18 31 16 37 18 8 36 18 15 15 17 35 9 22 27 
25 16 20 20 27 26 24 35 20 15 24 15 20 17 19 23 24 41 25 13 43 13 19 29 27 18 25 10 21 19 17 26 20 24 13 20 19 9 29 6 
32 17 17 22 19 29 23 12 37 23 26 20 25 31 24 27 14 15 11 16 19 16 23 31 41 10 27 14 20 15 35 29 19 23 12 17 25 15 28 15 
33 25 21 22 40 26 19 43 20 30 12 16 18 19 16 23 17 14 16 20 33 21 15 32 33 17 19 20 15 20 28 44 15 27 10 19 23 22 27 25 
33 15 17 16 14 21 22 15 30 11 18 15 28 18 12 18 19 17 18 17 18 18 5 23 18 9 30 18 22 13 25 28 31 28 19 18 25 13 23 27 
21 24 15 12 44 23 18 32 17 21 10 18 23 18 24 28 21 34 14 21 31 11 13 28 34 20 29 29 15 22 35 9 27 23 17 7 27 20 12 21 
20 21 18 15 31 16 35 19 30 21 21 18 11 18 9 29 13 37 16 14 48 23 22 32 39 12 26 18 13 22 18 28 21 26 19 17 21 7 16 13 
30 19 16 18 31 28 28 32 10 16 27 23 22 21 3 17 18 30 15 19 21 15 16 30 21 18 40 21 22 11 25 18 25 19 15 18 33 28 21 19 
31 33 21 26 32 22 41 15 27 22 28 11 22 33 16 23 12 29 21 15 35 23 10 27 24 16 31 14 19 19 37 34 30 37 19 24 25 20 25 30 
20 14 27 19 37 26 21 23 16 9 35 13 22 20 28 26 10 41 14 19 7 9 21 17 32 16 20 18 26 22 36 21 15 23 23 21 10 12 26 29 
19 16 26 22 38 31 25 32 19 21 21 14 20 38 20 21 18 41 16 16 32 8 23 37 21 19 19 18 25 28 28 28 36 24 13 11 19 21 34 19 
21 21 25 16 25 22 14 30 33 13 15 19 12 18 12 23 15 12 13 13 27 8 18 20 20 12 20 22 22 31 34 16 36 22 25 19 27 11 22 11 
8 17 22 15 39 18 30 27 17 19 30 9 11 33 14 19 16 15 8 14 28 21 14 28 29 15 18 30 29 23 14 26 26 22 17 17 26 16 17 13 
29 13 19 13 21 16 28 23 32 19 32 20 17 34 17 15 15 28 19 23 18 22 12 38 30 14 32 21 19 25 28 26 26 27 20 19 24 14 21 32 
19 23 20 22 40 22 31 36 21 14 26 33 18 18 13 25 17 37 17 12 26 19 12 31 23 17 28 29 37 26 16 27 16 21 19 12 23 15 23 24 
20 20 30 24 33 21 35 39 14 17 25 15 25 34 21 26 14 42 18 14 25 23 9 22 34 22 25 26 24 23 39 23 29 28 16 20 18 16 20 37 
19 24 25 9 21 16 23 24 18 15 18 18 23 6 31 27 21 20 21 16 37 18 20 44 22 12 24 16 38 26 23 29 19 18 22 28 22 19 22 15 
22 22 29 20 24 24 38 27 36 12 23 20 20 20 20 21 15 40 12 17 31 5 18 23 24 16 29 18 24 18 41 32 13 12 23 18 22 17 21 15 
13 21 18 17 35 24 22 29 22 22 30 16 18 28 19 30 18 21 16 13 15 18 11 16 19 24 33 10 11 16 17 28 30 34 13 17 28 28 25 27 
22 26 29 14 29 28 38 23 24 11 20 11 20 35 16 26 15 21 12 11 21 22 13 39 25 20 7 13 20 24 29 29 13 21 13 17 22 13 24 23 
16 36 32 24 25 20 31 25 9 16 20 23 18 20 16 17 21 22 21 21 27 13 16 24 29 12 40 27 10 26 36 41 23 24 20 21 29 12 18 13 
22 19 28 14 30 29 21 33 32 26 27 13 11 19 23 32 23 41 23 18 35 28 9 24 38 20 22 28 19 26 28 15 13 30 18 17 15 17 25 22 
21 25 38 10 35 18 29 26 21 23 33 8 10 27 23 26 20 33 14 13 18 10 14 34 24 13 41 25 26 13 36 35 23 22 19 22 29 13 18 22 
21 29 25 15 29 16 24 29 28 15 16 18 26 36 25 23 22 23 21 23 24 24 14 11 33 17 20 15 21 14 36 23 31 24 6 17 21 29 26 16 
21 5 26 16 29 24 29 25 27 14 26 9 25 36 15 24 24 14 20 14 36 22 15 36 25 12 25 18 35 33 23 30 25 29 12 17 19 14 26 29 
33 20 21 18 42 16 18 30 31 16 39 10 22 27 24 30 9 30 19 23 28 25 12 39 16 15 26 20 21 21 15 33 35 24 14 18 25 15 16 25 
33 24 26 20 31 19 18 38 27 18 22 22 28 38 23 19 13 28 15 11 30 11 17 18 24 17 37 15 24 20 39 17 26 22 12 10 33 17 11 20 
38 16 13 18 24 18 26 31 23 23 25 11 26 13 25 23 13 27 20 14 38 11 8 25 27 28 24 23 18 17 30 33 29 22 20 21 25 8 21 24 
25 18 15 23 14 27 31 38 25 9 16 9 26 29 19 12 11 34 14 8 36 17 21 24 35 19 28 27 12 30 14 33 23 30 12 13 24 16 21 26 
26 15 19 10 13 17 18 30 31 2 32 20 23 39 24 29 15 21 19 19 45 21 10 42 28 19 20 20 27 19 27 28 24 15 19 21 16 23 11 30 
36 18 30 7 29 10 17 26 22 15 16 12 20 27 20 18 16 27 10 20 22 22 18 17 13 12 37 22 12 28 32 25 26 26 7 11 9 14 17 17 
21 20 31 18 27 22 32 22 26 17 45 19 20 32 24 21 21 27 26 18 20 11 17 31 18 16 18 16 18 6 27 20 11 21 12 18 11 19 23 25 
18 20 33 11 35 27 20 38 19 25 19 23 20 20 15 42 10 34 11 22 36 21 19 13 31 13 42 18 18 24 27 14 27 19 22 11 30 24 28 35 
18 11 13 19 28 27 31 33 35 17 30 17 19 18 24 33 11 23 29 14 34 28 14 27 36 20 18 23 24 14 37 21 39 26 13 18 18 17 19 17 
35 19 25 16 28 22 11 21 35 28 34 13 11 38 18 31 16 36 14 11 25 17 14 28 32 14 33 19 28 17 46 33 25 30 12 33 25 25 21 20 
9 18 21 16 29 25 13 26 24 19 16 17 24 43 22 27 24 34 13 11 26 24 17 31 26 20 26 23 22 20 46 18 36 35 14 13 27 20 31 35 
26 19 18 11 26 23 9 24 25 21 21 22 14 29 12 25 12 45 14 12 13 8 19 30 24 21 23 19 21 15 22 36 20 16 24 9 24 18 15 27 
21 25 29 15 32 17 22 26 22 11 35 10 26 23 24 35 23 24 16 15 19 25 11 16 19 14 39 17 17 16 19 30 17 19 15 15 16 3 20 30 
31 19 27 18 36 25 12 27 19 23 28 20 20 25 19 23 14 38 15 17 32 21 20 32 21 14 32 25 35 19 23 50 31 24 23 22 24 16 25 18 
26 24 15 13 41 17 41 24 11 13 14 24 28 38 14 24 17 33 12 20 33 23 19 35 22 16 31 18 14 19 47 17 31 24 25 18 18 18 24 10 
28 30 30 25 25 23 18 31 32 20 34 25 18 27 22 32 19 33 19 9 36 12 17 29 22 6 24 17 15 25 31 22 23 25 8 21 24 16 23 25 
29 22 31 15 22 17 24 19 26 21 33 21 33 27 19 27 15 25 20 21 37 23 20 38 33 27 23 22 20 12 40 34 28 30 15 17 22 12 22 17 
30 15 16 12 35 27 19 38 35 26 24 16 33 20 20 25 20 19 26 28 34 20 12 30 9 17 37 15 26 16 31 26 13 16 15 20 30 12 26 22 
24 22 22 16 27 18 21 28 22 22 34 16 18 34 28 21 16 24 11 15 29 26 20 29 30 18 34 29 21 18 26 32 26 21 10 15 18 10 23 21 
24 16 19 21 25 29 35 30 18 24 26 20 24 25 17 4 16 19 22 17 24 17 15 19 27 23 18 7 20 17 38 22 27 23 15 18 27 19 29 22 
17 21 13 20 30 15 24 20 14 29 23 13 14 17 20 31 20 38 16 19 27 15 14 30 24 15 27 29 29 9 44 37 13 22 22 20 17 15 25 26 
37 13 22 10 24 16 25 18 34 24 27 15 18 15 18 24 15 41 18 8 47 14 6 24 18 15 39 21 26 35 23 31 23 31 16 19 20 20 27 29 
27 28 16 23 37 31 21 31 20 12 27 13 31 21 22 9 12 27 10 15 27 22 18 28 20 13 22 15 10 21 32 33 19 22 17 22 14 20 24 11 
22 23 27 7 35 21 34 20 10 19 32 20 26 28 11 15 20 30 24 18 26 14 15 31 22 19 14 20 17 15 27 42 20 32 21 16 21 21 18 28 
12 24 20 23 29 26 23 40 19 18 22 20 26 22 14 21 9 42 15 21 33 13 19 34 25 13 26 20 10 13 24 36 20 30 22 16 23 21 24 32 
29 10 22 13 27 13 20 39 23 24 20 10 27 32 24 33 11 29 13 22 24 21 19 20 27 11 20 24 20 19 38 20 18 22 13 25 14 25 20 28 
13 30 19 20 27 21 32 39 25 16 40 23 20 21 23 31 15 29 21 19 31 20 13 37 37 17 28 26 23 23 21 30 22 20 16 23 27 3 25 37 
24 21 21 14 28 32 19 28 19 25 27 35 17 20 18 34 12 19 8 17 14 25 19 17 41 18 39 20 20 21 23 31 23 13 21 31 28 14 14 37 
29 36 32 19 7 15 12 25 22 13 32 10 12 14 25 17 18 29 16 14 21 15 13 35 34 21 31 22 20 28 37 37 25 34 23 18 21 10 24 18 
21 24 24 17 18 33 32 38 26 18 30 16 14 28 18 20 9 22 9 16 47 25 18 32 25 10 31 25 22 28 41 46 29 16 17 22 24 14 19 19 
27 22 30 14 31 22 30 16 28 15 32 16 21 25 22 27 11 38 24 20 41 17 19 32 38 19 31 15 20 18 21 15 21 26 19 19 27 13 28 14 
14 18 15 8 31 21 33 24 35 12 34 25 27 21 13 25 10 30 25 15 41 22 15 37 28 14 27 7 28 16 19 23 27 21 16 21 19 19 23 12 
19 24 23 11 13 16 23 39 15 21 21 7 30 22 21 38 13 38 9 15 24 18 18 41 15 14 10 26 20 18 21 31 24 22 21 26 27 8 19 34 
30 20 12 11 22 25 19 39 27 12 41 25 23 36 24 25 13 37 17 19 33 16 14 34 26 10 14 18 16 17 25 37 31 28 23 17 19 12 23 22 
19 14 29 18 40 26 21 32 21 21 16 20 19 27 24 44 13 35 17 10 34 14 19 33 29 13 25 10 14 19 26 29 31 21 10 17 24 10 24 23 
39 23 37 18 33 20 15 35 18 21 29 23 21 32 10 28 19 35 21 19 34 18 13 41 19 9 26 20 17 21 27 27 26 31 20 15 26 20 17 28 
20 25 22 19 15 14 26 36 18 19 28 15 28 33 20 28 19 42 18 12 46 15 15 35 21 9 19 23 26 17 34 43 30 25 17 18 23 13 16 18 
13 18 31 13 32 25 23 33 26 19 41 21 13 27 18 36 9 32 24 19 23 12 15 19 19 12 13 10 12 22 28 33 32 30 25 24 19 24 22 16 
24 13 30 18 23 14 34 23 28 19 15 6 18 28 29 21 10 33 17 15 19 19 11 27 28 18 39 24 10 22 21 34 17 25 17 18 29 18 32 11 
17 17 29 18 24 26 20 27 20 19 32 23 23 32 18 27 18 10 16 6 21 17 15 28 40 11 35 17 25 20 18 33 23 22 25 14 26 22 36 23 
29 20 19 15 24 12 18 27 29 17 24 24 28 22 17 27 21 25 18 9 30 22 5 23 44 15 25 24 16 15 30 28 31 16 19 17 28 9 25 25 
25 26 18 27 25 33 30 22 19 19 37 20 13 21 17 21 12 24 18 18 32 25 19 33 22 14 36 21 15 13 29 29 30 17 20 18 27 17 22 24 
26 8 17 10 16 12 22 21 31 19 15 25 24 21 15 33 15 29 11 8 38 16 16 14 25 9 37 23 21 23 33 29 31 14 13 22 21 25 11 38 
19 21 28 18 27 23 39 29 32 20 23 6 17 10 28 18 15 26 6 14 31 13 14 41 31 16 12 16 35 18 36 23 14 26 22 10 21 19 27 15 
19 17 31 16 29 29 38 27 19 10 18 18 20 37 23 28 14 32 14 14 31 20 22 37 22 18 30 23 13 15 36 14 24 25 18 16 26 21 13 26 
33 20 21 10 38 27 31 26 18 15 39 21 28 17 15 32 24 18 29 11 26 21 22 25 37 16 34 23 22 24 37 40 33 16 17 19 19 11 32 27 
19 19 18 12 30 11 25 30 23 19 11 15 16 23 23 40 16 37 10 15 30 21 17 30 30 13 24 12 22 17 41 36 23 16 20 20 20 20 32 31 
27 25 28 18 32 30 30 37 22 16 30 17 21 19 20 16 11 24 14 17 32 12 15 27 34 15 41 11 20 13 31 29 33 12 13 12 18 20 6 20 
20 14 26 6 29 22 17 16 21 17 16 18 31 27 17 18 10 26 17 11 36 11 19 40 23 15 29 28 19 20 32 25 14 28 8 19 20 11 26 35 
29 18 21 12 33 22 23 43 24 19 20 16 24 32 11 19 11 27 14 21 21 15 13 37 30 12 36 17 26 22 37 29 16 29 26 15 13 14 9 27 
26 25 26 19 30 22 8 20 33 18 28 10 24 40 25 26 21 27 16 22 37 24 14 27 27 21 16 25 30 24 26 22 13 10 8 23 21 14 22 18 
34 23 20 19 32 25 22 24 24 10 35 16 21 31 22 22 12 25 23 24 37 23 20 44 3 10 18 11 25 19 34 19 21 16 12 25 18 15 29 27 
26 31 25 19 34 16 23 27 31 23 28 14 19 27 19 48 12 25 18 19 33 14 12 18 34 15 33 12 15 31 23 19 27 31 11 24 18 17 25 28 
30 22 25 11 21 21 27 24 19 23 33 14 19 31 24 28 17 47 18 17 25 13 16 22 20 17 20 8 4 20 33 34 24 21 23 20 25 26 19 29 
21 23 19 17 31 25 24 22 27 15 19 15 20 31 31 35 15 42 19 12 34 13 13 33 31 15 27 16 8 21 32 23 33 29 16 19 19 26 23 33 
40 12 10 23 22 22 25 20 22 12 29 19 19 37 32 11 22 29 12 16 25 16 15 42 23 25 23 18 13 18 27 25 22 33 19 21 28 16 18 36 
20 25 15 13 22 13 17 15 15 30 21 21 21 34 10 29 15 19 15 20 21 24 19 37 20 13 10 21 18 21 29 25 33 24 15 17 24 17 23 26 
20 16 33 19 49 27 22 20 23 15 35 18 26 15 17 21 17 30 22 21 38 16 17 29 23 14 24 23 22 20 38 35 24 14 17 20 29 20 22 23 
22 23 34 21 32 24 22 37 33 12 27 18 17 30 19 23 8 27 25 19 43 22 15 11 24 21 34 16 18 15 21 43 18 33 17 13 15 12 26 23 
10 32 30 18 46 20 22 23 30 24 18 13 29 33 20 20 13 21 19 15 30 25 21 29 17 21 26 22 23 16 44 32 23 7 15 24 23 18 11 28 
22 19 24 18 36 28 24 45 16 15 17 14 23 23 17 20 8 27 15 9 15 21 15 35 28 14 32 20 8 21 29 46 23 13 24 11 22 15 19 23 
22 24 23 26 29 11 33 29 20 6 8 7 27 24 21 26 16 27 14 17 46 17 16 38 28 7 29 22 23 23 32 17 19 32 18 11 25 16 25 22 
22 27 14 7 25 23 27 22 20 23 30 14 8 26 15 36 11 22 15 23 13 17 19 21 32 21 29 26 27 19 38 36 24 29 21 19 21 22 16 20 
21 12 27 24 28 19 36 27 23 19 44 12 22 34 31 27 15 23 25 16 29 21 14 12 27 10 13 16 10 20 44 32 28 18 17 16 14 14 23 27 
31 19 30 11 22 19 27 32 32 17 14 12 20 36 22 30 20 18 20 8 38 24 16 39 20 17 28 22 27 14 19 47 16 34 24 22 30 10 16 18 
24 20 12 10 22 34 17 25 17 12 25 24 14 47 32 35 14 20 23 11 34 14 21 28 26 14 26 16 22 20 27 27 33 30 28 18 23 13 7 34 
27 15 25 14 31 26 15 20 36 14 37 17 31 12 9 16 11 26 22 15 21 9 24 23 22 20 31 29 25 19 41 28 28 23 24 24 26 16 26 27 
17 22 24 23 21 23 33 14 18 18 26 19 24 23 5 44 14 20 11 8 33 19 19 22 25 18 28 24 25 30 46 24 22 16 10 25 20 16 15 31 
24 21 26 22 12 23 35 29 22 21 21 21 29 27 26 18 14 19 22 15 15 22 17 33 24 12 14 25 29 21 37 33 23 27 12 10 27 14 22 23 
23 25 29 24 52 28 17 34 29 21 32 12 14 16 15 24 12 28 17 14 25 19 13 35 29 21 24 10 19 22 16 39 35 31 10 15 25 26 16 22 
19 19 24 17 36 24 22 25 29 23 15 22 22 26 20 25 15 35 15 20 38 18 16 42 19 18 28 19 18 21 22 36 22 17 15 18 17 12 19 15 
19 26 25 24 35 16 20 28 22 29 38 19 19 22 13 17 17 32 24 20 25 10 11 30 37 16 35 25 20 18 39 32 17 26 26 17 27 9 20 26 
20 11 27 21 26 16 28 34 31 15 20 18 26 37 22 24 16 33 10 10 30 23 15 30 26 20 27 17 25 24 31 44 25 36 6 17 28 14 26 26 
14 20 37 17 31 29 33 17 29 18 26 13 23 22 21 32 16 41 14 24 26 14 15 31 27 23 36 20 28 17 32 37 22 12 22 28 18 20 27 25 
22 22 16 13 33 25 24 36 22 18 25 16 12 25 20 14 17 40 13 23 34 17 15 36 22 14 22 27 24 22 12 31 25 25 22 20 21 25 21 18 
20 21 27 11 25 27 30 36 25 16 38 20 20 35 29 19 9 23 22 15 32 18 18 35 32 10 29 25 34 29 27 27 18 23 15 25 22 21 14 29 
35 14 24 19 40 22 40 19 27 19 42 25 7 19 14 11 14 22 21 10 38 16 20 20 29 17 30 15 15 24 41 25 19 5 22 24 20 28 16 23 
21 28 24 22 24 12 35 35 13 19 8 18 19 35 23 26 14 45 24 21 22 26 14 29 32 13 28 24 24 15 19 30 22 29 17 15 28 21 21 23 
24 15 29 19 18 25 15 27 22 23 20 22 15 32 29 28 18 29 15 17 36 24 16 42 31 21 20 25 21 23 22 25 14 24 15 13 19 21 20 19 
17 25 19 10 35 32 27 22 24 13 38 12 17 25 13 35 20 13 23 13 27 14 11 29 36 16 22 19 23 19 37 38 28 33 26 16 19 27 23 28 
39 18 25 12 21 29 19 28 29 20 20 13 19 39 20 33 16 25 20 22 33 34 16 36 27 20 33 2 29 24 5 25 26 24 12 17 9 17 42 30 
30 24 22 14 38 24 20 23 21 11 22 15 26 32 20 19 14 27 10 14 32 31 14 34 31 25 18 27 31 22 24 22 27 28 21 8 27 19 16 25 
24 26 26 19 18 20 19 23 18 11 31 15 19 37 21 17 17 39 14 16 32 20 12 27 39 17 31 12 12 30 18 34 24 29 13 9 32 18 33 32 
30 15 17 14 30 20 23 25 22 23 18 19 17 42 22 17 14 19 18 20 38 19 20 21 18 20 38 18 16 27 26 28 28 29 18 19 22 13 22 26 
33 16 30 9 25 21 36 31 27 12 40 20 16 29 25 19 15 27 20 17 33 26 19 38 17 4 28 17 24 24 44 24 19 22 9 20 18 15 28 20 
26 29 34 12 24 26 17 20 24 20 25 16 26 17 27 27 13 31 23 7 29 22 18 28 35 21 28 12 20 21 28 21 32 25 11 12 25 22 24 32 
29 23 20 12 26 36 34 16 22 18 15 12 20 26 19 35 10 34 25 15 21 20 16 24 27 17 20 18 23 24 24 32 21 25 17 21 23 20 19 15 
22 14 25 18 23 14 25 29 26 16 31 23 14 14 9 22 15 14 14 20 30 19 22 25 43 19 31 11 31 20 27 19 13 39 22 23 15 19 16 34 
27 25 23 16 26 17 32 31 22 14 26 18 19 25 18 32 16 12 21 18 34 25 22 39 34 21 27 19 15 24 29 15 28 11 9 17 28 13 19 29 
24 21 23 15 21 32 26 22 15 19 30 19 23 34 9 25 17 29 22 9 29 17 11 34 22 16 21 21 30 22 35 26 19 34 8 24 11 17 23 32 
14 13 17 15 24 27 30 37 21 7 20 19 26 31 18 15 17 36 24 17 28 24 21 48 32 18 33 12 23 28 44 34 33 28 13 17 23 18 15 19 
18 8 16 14 32 13 28 40 20 23 36 17 24 29 15 32 15 26 12 16 32 13 12 36 11 17 23 23 16 16 35 19 15 21 13 21 17 14 14 19 
16 15 29 15 30 23 31 12 34 17 25 20 22 26 33 19 15 28 20 12 39 23 13 20 19 7 15 21 31 27 28 38 24 29 8 18 3 15 26 24 
22 12 23 20 35 25 30 32 35 20 24 13 21 30 25 30 13 19 22 21 32 17 12 27 27 14 26 23 22 31 38 14 22 20 13 23 24 19 23 29 
23 15 26 12 42 18 25 33 26 19 36 14 25 28 24 25 16 20 16 19 22 25 11 19 23 11 15 22 22 21 17 38 22 26 15 10 21 14 18 21 
26 19 16 10 33 18 35 18 22 15 39 13 13 22 13 29 18 34 9 23 25 28 14 30 24 16 30 16 27 24 33 29 31 33 17 23 19 17 25 26 
34 22 25 20 22 20 19 23 16 21 25 20 20 18 24 23 15 42 18 13 24 15 17 35 28 16 19 20 14 19 31 28 20 36 12 18 24 22 33 20 
30 14 25 11 35 9 20 33 27 22 20 16 20 30 23 18 12 39 14 20 28 19 18 35 35 8 10 26 22 18 38 39 16 28 25 18 28 24 22 21 
26 6 18 21 37 27 21 20 36 13 20 10 16 31 16 22 6 42 11 7 29 17 14 26 28 14 28 20 18 23 35 33 18 27 14 21 9 10 36 11 
22 16 13 16 26 35 27 23 21 23 21 14 30 24 25 41 19 23 21 14 22 13 15 23 27 16 23 23 17 28 23 22 27 22 14 26 20 17 21 16 
25 13 35 18 29 28 11 41 28 17 34 18 23 33 20 32 14 38 11 20 31 9 13 24 31 21 31 21 15 18 34 35 12 36 15 24 25 12 33 28 
25 35 27 12 27 24 33 24 28 13 19 17 26 9 4 20 13 10 18 12 30 23 16 20 32 15 22 18 31 20 29 34 34 4 20 20 6 10 27 45 
26 21 22 18 30 26 27 32 35 17 33 19 22 25 26 20 14 32 14 16 19 21 22 20 23 15 35 23 24 18 41 24 27 27 15 24 30 28 17 30 
40 19 23 12 15 26 36 22 19 26 33 12 18 11 24 27 20 14 19 9 36 21 16 20 24 20 31 17 25 16 23 27 23 24 18 16 25 31 16 17 
26 24 22 15 29 21 24 19 34 11 21 20 14 37 26 31 16 19 16 13 25 24 12 38 21 14 19 19 26 19 39 34 11 24 22 11 21 11 11 30 
27 13 28 18 24 26 25 19 32 26 17 24 25 35 20 14 26 32 20 17 38 20 16 19 30 12 19 25 14 18 22 11 29 15 16 15 14 23 30 19 
26 28 21 22 31 38 30 20 33 12 33 29 19 23 26 30 10 49 23 21 27 15 17 35 14 9 26 19 10 28 24 28 34 33 11 21 21 15 26 25 
9 17 24 19 17 20 26 30 28 26 18 13 29 27 31 26 18 15 6 12 31 21 20 38 30 12 34 16 18 22 36 44 30 27 18 19 16 19 21 34 
32 22 9 19 22 15 13 45 25 14 24 12 23 23 5 19 7 32 8 11 38 24 14 27 22 12 18 15 17 21 23 27 30 27 12 29 20 11 19 31 
29 13 24 15 40 23 41 40 19 17 20 11 17 16 22 26 11 22 18 15 40 22 21 32 18 15 44 26 17 17 25 30 29 14 14 23 23 11 21 33 
28 33 12 12 33 13 15 21 27 14 27 10 18 21 32 13 17 34 15 16 17 18 18 36 16 17 34 15 27 25 41 26 19 23 16 24 29 15 25 30 
26 20 20 13 28 17 31 36 21 13 29 14 21 18 30 25 18 40 23 18 17 20 14 14 22 13 39 31 23 11 32 25 33 29 14 28 15 17 31 15 
22 19 21 14 34 24 23 22 28 25 31 19 22 34 9 38 15 34 15 16 26 23 17 13 28 13 34 19 15 26 36 30 20 24 17 12 25 24 11 21 
17 20 24 16 35 28 23 26 23 15 26 16 10 32 26 23 12 33 18 18 44 18 18 27 31 18 30 21 19 32 35 41 19 18 13 23 16 19 31 16 
14 19 18 18 28 34 27 19 27 14 22 10 24 36 22 22 18 27 19 15 29 11 13 34 35 22 15 34 16 32 27 16 29 19 11 18 22 21 30 18 
26 24 25 18 25 31 13 33 21 16 25 19 13 20 5 32 15 28 18 18 25 29 16 30 18 10 25 22 25 24 41 25 27 29 18 29 29 4 24 26 
20 29 23 15 32 19 25 36 9 18 24 14 21 15 11 30 17 35 16 16 31 15 19 26 17 9 21 13 26 16 50 18 20 25 11 21 27 8 19 28 
28 19 17 16 32 24 25 34 26 18 32 14 33 22 21 14 15 46 11 15 34 21 17 35 23 16 29 16 24 11 47 23 24 17 17 20 24 8 18 16 
20 24 32 14 26 8 31 33 26 14 32 17 22 32 15 31 16 25 19 19 40 17 24 24 35 17 21 21 18 19 21 24 20 33 23 18 16 20 30 27 
22 17 35 11 21 26 27 29 33 17 42 21 23 30 12 26 13 32 19 13 29 20 15 31 27 13 33 14 23 19 49 37 15 32 18 22 18 11 20 18 
23 16 29 16 39 18 19 28 23 17 15 12 13 32 23 23 14 29 12 21 20 14 15 31 22 16 22 12 6 14 29 35 23 30 22 14 26 20 17 14 
24 13 17 21 22 15 32 18 30 10 26 10 24 12 27 26 18 45 12 10 32 23 14 33 31 16 28 10 23 5 18 18 16 27 25 19 19 22 19 26 
37 25 28 17 19 22 16 24 25 16 24 18 22 24 21 17 11 20 13 21 31 21 22 37 23 16 25 23 14 14 30 20 26 27 19 17 14 19 17 24 
36 21 18 17 32 20 29 33 18 22 37 20 20 14 8 25 16 24 23 15 31 16 10 38 38 13 25 21 35 26 19 34 15 18 17 8 20 10 29 17 
31 15 26 15 31 23 27 26 26 13 29 12 21 16 31 11 20 31 15 6 47 17 15 52 26 18 32 20 19 18 34 27 32 20 7 13 32 18 21 27 
33 19 30 17 20 32 27 25 24 19 32 16 16 22 28 13 17 25 19 7 32 19 22 25 36 10 27 9 29 25 19 36 20 16 17 24 16 12 27 24 
25 22 21 23 22 20 17 36 25 9 23 17 27 19 29 22 17 34 16 18 24 15 17 29 31 17 32 23 29 22 26 27 24 29 27 25 24 18 20 12 
20 29 28 17 16 27 33 28 22 20 39 19 27 37 26 20 22 27 16 22 33 15 16 28 12 18 19 5 24 23 33 26 35 23 22 26 20 16 17 27 
16 11 16 19 33 22 22 31 38 9 17 14 32 14 15 27 15 24 17 8 37 25 21 26 28 20 20 13 23 23 7 40 16 15 18 21 21 20 20 31 
19 31 23 15 38 19 33 44 16 23 35 11 23 21 12 22 15 33 13 9 28 16 21 30 22 18 32 29 27 23 32 22 24 19 18 14 28 26 25 17 
21 23 26 17 29 16 14 16 29 20 42 20 20 12 18 21 12 30 18 16 41 9 20 24 32 16 28 23 28 28 23 26 32 21 11 15 25 16 16 28 
20 12 17 14 27 25 16 31 30 17 42 13 22 12 20 24 9 22 22 17 25 13 24 34 27 16 36 11 21 30 28 44 24 30 13 8 20 14 20 26 
24 15 7 20 28 24 29 23 15 14 39 18 28 29 25 23 9 20 16 15 43 15 12 18 24 19 13 24 20 31 24 34 27 26 9 20 12 16 31 24 
36 16 34 19 26 19 20 29 24 13 29 7 21 32 19 21 17 24 24 13 23 16 19 31 28 16 27 20 12 10 26 41 21 23 23 18 24 16 29 14 
35 24 25 29 30 22 28 21 20 23 13 13 16 37 23 2 9 33 18 16 26 9 18 20 21 9 29 23 15 31 47 31 26 30 17 16 25 18 15 23 
22 15 22 20 14 9 30 29 26 19 16 24 19 36 27 24 18 25 23 20 34 19 16 33 31 15 21 23 27 17 32 21 24 41 14 23 19 17 30 35 
24 15 23 13 25 24 31 26 36 14 13 17 21 28 21 30 15 16 17 14 13 21 19 27 31 16 37 19 26 21 33 34 26 24 10 10 17 12 27 37 
31 24 12 12 33 27 19 26 22 16 16 10 7 34 26 22 16 50 14 21 22 23 19 17 31 20 38 18 15 16 21 31 27 25 17 23 16 19 23 32 
36 17 26 20 24 15 16 37 26 20 28 14 18 20 31 26 17 20 16 10 38 23 13 41 21 20 10 20 21 11 36 16 20 30 20 17 22 16 10 26 
20 22 21 15 27 18 29 20 28 17 37 19 24 26 11 41 20 28 18 10 35 17 20 24 32 15 41 26 28 37 46 31 11 31 16 17 25 10 28 35 
28 18 21 18 38 22 23 37 17 19 38 21 28 31 9 26 15 20 20 24 51 28 10 28 24 13 23 33 22 15 47 31 25 26 14 21 11 17 23 22 
42 27 19 17 29 28 31 33 26 28 19 15 13 25 13 35 20 22 13 14 26 15 17 26 23 16 36 14 32 16 29 34 30 29 17 19 25 22 23 28 
21 34 13 26 31 24 18 23 24 24 21 14 17 25 20 16 15 7 12 12 37 14 14 6 19 24 29 29 10 22 22 24 23 23 17 11 22 23 19 28 
22 24 26 19 37 22 24 31 24 23 20 17 31 35 17 22 16 19 18 19 19 17 13 32 40 21 28 21 22 30 32 8 27 25 17 21 28 18 16 34 
18 14 17 26 17 21 34 25 30 13 19 15 11 32 20 15 10 44 18 21 26 21 19 36 26 16 37 20 24 30 14 40 32 21 24 7 35 24 31 20 
15 19 13 11 41 25 26 35 16 17 25 8 19 40 11 31 15 17 17 16 26 20 16 17 20 21 30 19 26 13 34 32 25 28 19 28 25 19 15 19 
10 21 28 18 17 21 16 32 36 19 42 14 30 23 20 28 13 22 15 12 18 8 15 26 26 15 24 29 25 15 36 35 36 25 14 13 18 15 20 8 
34 19 17 18 26 16 24 18 23 19 22 8 32 31 20 24 13 22 14 15 16 13 9 21 35 13 24 16 14 14 31 18 11 11 12 21 27 25 29 21 
31 18 26 28 35 13 16 51 30 22 22 11 34 17 33 21 12 38 22 23 27 10 21 29 31 18 26 21 28 10 12 32 18 15 7 20 10 17 18 23 
12 22 20 16 33 18 38 30 28 26 34 22 30 42 20 28 14 26 16 15 39 19 15 38 35 13 32 17 12 27 36 36 15 15 18 17 27 19 22 24 
25 20 26 18 20 16 28 23 29 9 44 8 22 24 28 33 11 34 11 15 49 14 19 20 31 11 27 18 20 14 38 30 26 30 18 31 19 17 24 39 
37 24 26 17 34 22 24 40 20 15 24 22 30 27 13 29 16 32 20 12 33 18 11 28 19 20 18 33 26 26 24 35 17 17 21 21 29 19 25 17 
16 20 13 23 28 13 30 39 18 23 28 19 29 23 14 26 9 39 14 14 6 12 20 37 31 15 30 29 17 11 27 29 17 22 25 23 15 16 15 25 
19 17 13 21 34 28 23 30 17 20 21 13 20 31 15 38 12 31 14 17 36 20 19 19 27 9 26 21 21 20 29 33 19 7 17 25 22 16 25 24 
23 23 31 16 22 25 24 45 26 9 24 19 29 34 2 24 11 19 14 16 34 20 14 29 25 17 24 15 24 21 45 29 16 27 17 18 27 15 19 23 
16 24 17 25 21 40 19 37 14 27 39 13 16 25 15 39 17 17 21 18 27 17 18 22 15 14 26 32 21 14 30 21 28 30 22 13 23 18 15 33 
19 11 27 16 29 23 21 39 24 31 26 23 18 37 10 7 9 24 10 14 32 20 17 34 34 21 42 26 19 21 17 39 26 16 26 18 27 17 27 15 
16 11 27 21 34 22 23 22 24 24 34 7 24 31 14 20 16 29 8 22 38 11 16 33 29 18 37 19 14 25 23 33 31 22 23 13 20 14 13 34 
20 17 23 18 37 32 27 18 17 25 32 12 32 26 23 31 10 20 14 17 31 23 16 34 29 15 33 28 21 15 27 23 27 18 14 21 9 14 16 30 
16 15 19 19 27 16 23 31 21 15 18 17 27 23 14 26 25 20 14 14 25 19 14 21 6 23 28 18 29 23 42 34 24 22 19 17 22 18 21 21 
20 22 17 23 21 25 32 27 24 21 8 22 16 24 24 17 15 30 13 15 40 13 24 33 17 16 26 15 15 24 40 15 26 23 12 16 20 17 22 23 
27 17 27 10 23 24 20 44 27 9 28 18 13 39 20 25 13 29 21 13 25 21 10 29 33 20 28 20 18 25 41 34 23 20 6 14 30 15 33 22 
40 27 20 14 26 22 40 34 29 20 21 19 18 29 21 36 14 23 19 14 40 18 16 35 18 23 30 22 28 17 22 35 40 21 24 10 19 28 23 25 
27 16 16 19 22 23 24 31 31 25 33 20 17 19 23 29 15 29 12 14 45 25 22 30 24 19 17 16 4 25 41 43 14 23 17 18 22 18 23 17 
40 13 35 12 30 15 30 37 20 18 30 26 19 28 7 23 15 16 16 21 30 19 20 20 29 14 30 12 21 18 24 24 34 18 14 18 27 20 16 21 
34 29 27 22 50 18 24 23 28 19 34 21 23 25 24 30 12 30 24 17 30 15 23 18 20 15 19 30 24 16 30 27 32 25 24 14 11 22 23 30 
19 17 30 17 43 12 24 27 36 11 23 21 30 36 16 31 22 14 5 9 33 24 24 47 31 21 29 11 20 14 24 26 20 21 12 19 25 20 25 25 
29 12 21 15 19 12 32 29 27 14 37 17 26 21 23 37 13 24 11 22 35 14 20 24 21 17 31 18 6 25 31 31 27 28 12 22 19 13 14 39 
18 29 22 22 18 15 22 35 10 12 22 15 25 34 17 37 16 26 22 18 38 18 11 32 3 18 32 20 27 9 30 32 18 28 10 20 21 24 21 26 
28 4 19 20 44 27 26 28 27 27 26 16 11 22 13 14 18 23 10 19 47 18 19 26 12 11 18 20 11 27 34 50 32 37 16 17 26 15 16 31 
26 28 20 11 26 23 38 42 35 13 34 27 26 34 19 26 16 31 14 14 33 23 16 30 35 21 24 24 11 25 19 40 22 21 18 9 24 12 25 28 
24 12 19 17 32 20 33 13 30 20 34 12 20 30 23 27 11 29 24 19 21 18 26 33 27 20 27 26 30 22 23 42 16 24 14 20 23 16 24 18 
22 28 24 19 19 24 18 22 24 14 27 17 20 18 24 36 22 18 23 12 30 30 12 41 36 15 30 21 28 28 27 30 14 28 13 23 22 17 28 25 
13 20 12 16 15 19 22 18 27 26 14 23 20 20 16 30 18 40 28 17 25 22 14 26 16 12 27 28 21 15 20 19 24 35 18 17 17 17 27 16 
18 23 20 3 23 34 30 30 37 20 7 23 32 32 22 27 18 32 17 13 39 17 14 30 31 16 12 20 14 17 41 37 21 25 13 28 15 13 22 1 
20 29 18 13 16 28 25 37 18 23 27 16 25 22 13 30 27 31 16 20 20 21 16 25 24 17 41 21 16 15 45 40 37 24 25 29 25 3 19 19 
23 8 21 20 26 21 29 12 18 28 22 21 23 15 17 31 12 23 16 14 15 17 18 31 33 22 20 20 28 23 17 30 24 21 3 21 20 12 20 18 
20 28 21 13 31 31 27 30 20 19 17 33 30 39 21 21 9 19 20 14 27 15 15 30 17 23 25 29 24 21 32 37 24 22 13 12 2 17 13 34 
16 15 30 19 25 19 23 41 10 19 35 15 24 18 19 20 22 34 20 11 23 25 12 17 30 16 5 22 19 23 30 47 26 24 13 17 26 22 25 35 
32 17 16 12 14 22 28 27 27 18 38 25 17 46 15 27 16 17 24 19 44 12 15 33 36 18 29 21 19 24 24 37 24 34 23 26 29 22 19 35 
22 26 32 6 31 19 22 28 15 20 31 16 27 29 26 12 7 27 12 16 29 15 18 27 31 18 27 20 27 29 35 30 25 20 13 9 20 13 18 30 
25 17 21 12 32 23 24 27 21 14 24 17 26 33 28 22 10 38 13 5 18 19 15 26 38 13 14 17 16 19 14 47 23 23 22 18 29 15 22 22 
26 22 28 16 34 19 31 29 19 12 28 23 29 37 17 20 14 39 19 18 30 19 17 12 38 16 20 29 24 19 30 34 19 13 18 21 23 19 24 17 
15 19 21 16 31 26 19 20 22 12 18 17 22 12 18 26 11 36 20 12 34 24 19 28 28 15 20 24 15 30 24 21 14 14 7 21 22 23 10 16 
18 32 28 16 40 13 29 43 23 17 30 7 22 27 19 35 16 17 17 18 24 19 19 24 28 12 35 18 21 25 21 25 21 32 20 14 24 16 16 22 
28 16 27 15 28 22 46 29 23 15 23 18 20 15 15 28 17 24 4 18 48 21 23 17 31 15 37 27 19 18 46 17 27 10 21 9 16 22 24 14 
36 18 25 22 13 22 21 24 28 20 24 17 23 32 20 21 17 23 23 18 43 23 19 21 21 19 12 29 21 16 17 31 21 22 12 12 18 18 28 26 
18 23 27 11 23 22 27 25 16 20 28 17 25 21 16 21 18 38 14 19 29 22 16 30 27 17 24 30 21 13 18 33 22 19 16 28 18 10 9 24 
31 19 18 21 40 10 16 32 19 15 33 12 30 32 27 17 17 39 19 14 41 18 21 38 20 16 21 22 28 20 35 36 27 20 11 20 13 12 23 10 
33 22 24 9 33 26 15 31 24 12 39 7 23 27 16 38 14 19 26 26 34 18 17 41 24 17 21 25 31 20 17 25 14 17 14 20 26 29 20 29 
27 14 20 13 36 16 36 34 23 28 31 11 16 36 17 25 7 20 14 13 18 19 22 35 11 21 31 28 17 23 25 43 30 21 13 20 17 12 19 22 
18 25 29 13 29 19 35 20 21 22 16 5 30 27 23 14 11 32 16 15 25 20 16 28 25 12 27 27 13 24 30 28 25 27 15 27 23 19 20 34 
12 13 25 19 19 22 21 37 29 15 23 15 15 22 28 16 10 29 22 18 21 18 14 5 20 20 22 32 18 28 46 27 20 16 24 22 42 17 22 18 
20 18 24 16 36 22 29 24 22 11 31 11 9 22 20 27 18 25 22 11 20 28 17 30 31 14 7 9 28 28 24 24 14 16 21 21 9 6 17 20 
19 20 27 17 30 29 34 34 24 19 34 19 33 11 19 21 17 30 18 18 28 20 12 25 24 13 19 22 16 28 33 37 36 23 23 18 17 15 34 31 
12 15 26 21 22 22 17 38 27 17 41 21 11 19 25 28 17 39 26 19 19 21 19 19 25 12 31 19 19 20 41 29 23 24 14 24 23 16 14 28 
32 16 20 5 41 27 44 28 26 18 23 11 35 36 18 20 19 27 16 17 37 21 17 30 27 12 31 34 6 31 43 22 24 24 16 19 37 15 22 8 
26 18 21 25 30 29 15 43 24 22 28 14 24 28 20 23 15 35 13 20 25 19 21 20 39 16 39 18 23 9 27 27 18 29 19 20 15 27 16 32 
38 16 32 22 39 23 29 33 17 17 35 19 16 20 28 34 12 13 23 17 26 19 18 29 24 11 21 9 28 20 26 34 23 29 14 15 17 8 16 31 
24 16 24 19 18 24 34 24 18 17 24 21 13 19 22 17 22 14 18 23 17 13 17 32 34 11 36 15 18 22 39 29 21 18 15 21 19 19 22 28 
35 23 21 16 27 19 32 38 36 15 28 25 33 23 28 29 21 15 12 18 17 9 14 22 25 19 24 32 13 16 46 28 22 27 11 20 24 10 15 19 
26 32 17 12 46 23 29 27 29 13 24 11 17 36 23 22 15 38 22 14 27 16 16 20 27 18 27 22 21 12 18 23 28 29 27 12 24 5 28 9 
28 13 28 13 38 23 39 15 20 17 31 15 33 27 28 41 14 35 20 10 24 17 19 29 30 15 34 25 30 26 26 36 17 23 19 25 15 13 19 24 
29 23 23 16 37 20 24 29 20 17 41 16 29 22 10 32 16 37 8 21 16 16 19 25 9 12 31 20 33 16 25 21 23 29 12 18 19 27 23 29 
29 24 32 16 27 22 32 42 43 29 30 27 17 32 24 33 18 42 10 21 25 14 11 34 25 14 26 21 19 17 44 40 34 33 16 22 24 20 22 27 
16 14 17 19 29 16 18 15 29 14 24 15 16 37 26 26 11 33 27 12 30 12 26 29 23 14 26 11 25 23 19 32 21 27 11 17 23 16 19 25 
25 15 18 9 30 38 17 34 32 20 28 10 15 34 14 33 16 18 27 15 33 22 17 35 37 16 21 21 27 27 25 21 20 18 20 8 17 18 34 30 
30 28 28 18 28 23 25 25 10 10 26 17 20 22 11 27 21 31 20 12 30 23 17 26 25 17 34 17 17 31 38 24 29 26 11 16 15 22 31 26 
25 26 30 13 32 12 28 17 14 18 27 18 19 36 27 31 14 32 16 15 46 24 15 45 21 7 34 20 17 15 33 34 28 19 14 18 18 10 19 22 
44 21 28 13 33 14 33 23 16 21 16 18 24 30 29 32 16 30 22 25 29 21 15 17 33 14 25 20 25 19 20 24 25 28 9 4 14 14 25 19 
22 30 31 16 26 6 25 42 36 16 32 15 19 17 11 14 17 37 24 16 28 15 7 28 31 11 27 3 18 19 18 31 25 20 31 16 26 20 14 30 
17 26 25 19 30 19 25 21 17 12 20 14 18 34 27 21 18 53 8 12 29 16 23 26 24 16 30 20 20 26 37 22 22 23 14 19 14 17 24 14 
40 27 26 21 34 12 32 20 28 16 32 17 22 22 8 22 21 26 21 21 25 15 20 31 28 16 20 29 22 18 12 32 32 44 26 14 24 9 20 27 
13 25 20 18 24 24 22 35 23 19 21 20 24 41 21 30 16 36 19 13 30 14 16 19 13 14 18 24 17 31 18 24 11 33 19 12 33 16 32 27 
14 28 27 10 36 39 23 30 31 20 28 18 27 29 19 29 17 14 19 14 15 21 16 32 31 21 38 30 14 9 21 37 18 19 12 15 22 18 14 28 
34 23 16 15 29 33 23 23 26 21 21 18 20 18 15 20 17 38 22 20 28 20 16 34 25 17 43 16 23 8 42 30 33 23 15 23 30 12 10 18 
27 24 16 28 42 18 25 30 26 15 31 12 16 34 14 32 11 35 15 25 43 17 16 30 17 15 27 23 24 35 33 36 26 36 16 17 36 10 19 29 
23 26 25 19 24 13 21 33 24 3 23 11 23 37 11 23 12 21 18 26 14 16 18 33 27 14 28 27 30 25 18 36 31 41 12 18 19 16 10 27 
31 27 27 15 23 20 35 37 32 14 34 12 9 36 26 34 14 32 23 8 39 20 11 30 21 17 27 14 30 26 38 40 27 21 21 11 20 16 8 18 
23 20 25 13 33 21 32 19 36 24 33 21 13 30 11 24 26 33 16 15 26 20 14 37 21 14 31 18 14 22 35 28 27 25 16 17 22 23 26 15 
9 19 22 17 36 22 20 28 15 21 17 5 6 22 20 31 14 35 22 16 37 19 20 30 22 12 29 25 29 31 16 26 16 14 31 6 25 20 13 18 
20 11 19 17 29 13 28 28 17 24 20 20 12 30 16 19 11 29 12 16 39 22 15 31 28 23 29 25 34 16 15 28 21 21 19 23 19 20 11 25 
24 25 18 24 33 17 23 35 26 16 28 16 32 26 13 22 16 31 22 19 38 11 14 33 21 10 20 20 28 7 40 28 30 37 23 15 31 21 19 31 
32 22 18 13 15 31 27 37 15 18 36 14 30 27 19 32 15 35 17 17 28 16 14 27 27 17 35 13 29 19 48 28 13 22 10 16 25 7 20 26 
23 26 20 16 35 29 33 48 36 24 24 19 31 35 21 25 13 28 19 18 33 11 18 30 39 18 23 28 21 28 44 34 21 11 12 6 17 22 19 28 
25 15 19 14 27 22 25 30 19 15 25 9 25 49 18 32 15 35 13 20 31 24 6 23 23 20 28 17 25 27 47 33 30 19 23 20 29 11 33 23 
20 21 17 12 34 21 30 34 22 20 13 24 29 33 24 25 15 27 14 17 38 21 23 29 10 19 20 12 21 31 29 29 29 21 27 19 16 20 31 23 
24 13 33 9 26 24 35 25 21 12 26 15 27 24 27 33 18 33 16 16 23 18 14 14 36 14 16 18 17 20 25 34 18 23 10 23 20 15 35 23 
38 30 27 15 22 17 28 21 31 16 28 20 32 26 10 33 14 18 19 8 24 24 15 23 25 11 27 30 21 25 27 34 28 23 26 18 19 13 38 23 
36 23 29 15 18 18 33 28 30 19 16 23 24 30 19 21 25 36 9 21 26 20 14 37 26 20 33 33 21 12 31 24 24 16 16 24 28 13 25 20 
17 25 14 18 34 22 35 32 24 16 37 16 16 11 24 30 17 37 17 19 44 19 14 17 22 17 44 17 15 32 39 40 26 17 11 14 23 21 22 21 
31 29 31 22 22 22 36 40 20 23 33 24 27 33 14 17 20 15 22 19 35 17 21 49 32 10 24 24 19 23 32 37 22 21 22 22 18 8 19 14 
36 21 22 4 20 26 46 25 25 21 9 19 26 16 26 17 19 31 10 11 28 17 22 21 36 13 32 18 39 23 22 29 20 27 16 14 23 12 9 28 
20 14 18 16 16 22 22 25 15 23 23 20 33 24 22 23 18 39 14 23 38 17 12 35 25 26 23 3 14 16 13 23 27 25 15 16 20 22 16 15 
25 22 29 16 27 25 33 31 20 20 33 15 24 24 16 40 20 23 16 18 44 16 15 42 36 24 30 18 23 16 28 23 15 26 15 14 24 17 24 27 
27 25 36 21 31 16 26 27 23 22 31 12 19 18 29 19 4 28 9 19 28 26 19 24 31 16 27 23 25 10 24 45 23 33 8 17 25 16 23 27 
13 25 23 22 20 27 25 31 22 17 21 14 23 33 14 26 14 34 11 14 25 20 9 33 14 14 8 21 29 34 31 34 18 27 18 13 19 16 29 32 
15 21 31 18 40 3 29 31 42 18 29 15 30 20 17 23 10 27 17 17 37 22 20 32 25 18 25 25 11 22 43 15 17 18 13 17 16 14 26 15 
25 24 13 20 45 16 43 19 24 19 10 21 29 28 13 18 6 22 28 18 18 13 20 29 23 14 17 24 10 12 43 32 22 18 9 11 26 22 20 21 
17 28 24 20 31 23 19 24 32 20 34 11 21 42 24 19 13 24 17 14 32 25 24 26 10 16 33 20 26 18 27 33 21 21 23 16 21 13 16 22 
24 21 22 14 24 19 23 19 35 25 40 9 15 22 10 18 12 21 11 16 32 14 18 18 26 12 33 15 12 11 28 31 22 11 15 18 14 24 23 24 
28 22 22 16 42 22 27 17 18 16 39 13 16 38 26 27 16 49 22 18 19 15 17 29 26 16 30 18 26 25 32 18 30 18 10 16 24 14 25 20 
35 22 27 14 37 30 26 17 39 14 36 18 22 34 18 35 6 16 15 12 30 19 17 21 32 17 9 16 13 28 40 28 27 20 9 21 17 24 24 23 
21 37 32 19 21 14 18 19 16 14 26 21 35 20 10 32 11 51 25 15 30 19 16 27 36 11 37 16 25 15 31 29 21 24 11 22 23 17 31 27 
31 20 23 17 32 25 22 20 14 24 18 13 15 20 27 19 19 24 19 13 27 17 15 28 17 15 26 24 23 11 47 24 29 32 12 21 16 22 25 25 
25 21 17 17 34 29 17 36 19 19 21 18 30 30 11 18 14 32 14 10 33 19 15 36 30 25 30 16 15 23 31 33 27 25 11 14 27 13 23 21 
23 8 26 19 35 22 15 29 28 23 27 22 18 34 15 17 19 30 17 15 30 18 13 32 40 13 31 33 17 30 28 27 32 22 12 12 27 20 24 31 
29 27 16 11 27 21 32 30 21 13 37 21 25 7 25 32 14 21 11 17 30 14 14 29 30 9 23 30 20 19 46 21 23 13 22 20 30 16 37 16 
30 14 32 19 39 21 27 9 25 19 54 18 32 49 16 26 14 28 22 24 32 21 17 41 18 20 18 18 21 24 41 25 22 40 19 20 24 15 27 37 
27 24 27 21 31 24 29 13 29 21 17 16 29 22 26 22 13 20 15 16 24 25 21 26 30 14 15 20 27 30 30 32 24 22 22 25 19 16 34 29 
26 21 15 15 27 21 22 16 19 14 31 18 28 27 13 7 12 31 11 13 41 28 15 28 21 9 28 19 25 14 34 29 26 26 29 18 8 10 27 25 
31 10 19 18 27 24 22 28 16 31 19 21 17 27 25 21 20 35 15 15 53 18 15 27 28 20 30 19 17 26 38 33 22 27 13 17 26 16 19 29 
25 21 25 15 30 24 22 19 31 10 13 13 24 10 28 33 16 26 18 19 32 6 18 27 25 16 20 43 30 23 18 33 19 21 14 15 19 14 17 35 
31 27 28 9 35 28 30 35 14 17 23 14 21 45 18 33 19 20 18 9 25 8 15 30 21 16 26 21 16 18 36 22 22 28 23 24 27 16 27 17 
30 18 17 10 22 21 28 31 14 21 23 21 16 28 22 22 12 36 11 20 31 17 16 37 30 11 30 30 11 26 17 34 25 25 8 21 26 19 20 20 
24 27 22 17 15 28 22 33 22 8 20 15 23 24 16 33 17 24 24 19 41 18 9 32 33 13 22 14 15 19 40 23 23 26 17 14 26 11 7 19 
14 9 32 9 28 28 38 28 9 17 16 6 25 19 21 33 13 19 18 13 23 19 19 26 30 19 19 12 23 14 28 23 29 17 19 18 21 11 24 30 
17 12 30 23 25 23 26 27 21 20 19 13 34 24 18 32 11 28 17 25 33 18 18 22 18 20 40 17 13 27 34 15 21 28 17 16 18 25 19 16 
24 20 15 23 22 19 18 30 18 13 16 20 21 35 22 18 10 26 15 7 24 23 15 26 29 14 26 17 18 23 20 36 34 22 15 21 27 8 20 25 
5 26 22 15 23 21 31 15 21 14 20 19 16 22 11 16 13 31 25 18 33 23 17 26 30 19 30 25 30 12 22 22 28 25 21 20 19 16 34 16 
30 22 15 16 25 16 11 21 19 20 39 14 19 28 32 33 15 16 14 12 49 17 18 20 18 18 25 22 22 18 29 30 14 20 10 10 22 27 22 36 
25 21 17 17 32 31 27 18 16 22 33 21 3 22 11 30 16 16 19 18 26 15 15 30 23 14 29 12 23 27 36 20 18 21 19 28 23 15 13 33 
12 26 25 17 33 26 31 22 25 19 27 19 25 24 11 29 19 36 11 19 21 17 18 34 31 20 22 20 26 24 29 27 17 25 14 18 22 15 19 27 
17 24 14 11 40 15 34 19 30 16 33 13 23 27 17 17 8 21 21 24 37 20 18 31 38 22 29 15 33 24 32 22 12 21 15 17 20 8 27 35 
34 15 31 18 34 27 33 12 22 17 23 8 18 36 22 24 19 27 21 22 30 23 16 31 38 17 28 25 15 23 35 23 21 11 9 27 21 11 22 25 
19 11 19 20 33 29 30 27 20 19 22 22 22 35 15 22 16 20 12 15 41 19 12 27 24 8 34 26 22 13 32 50 34 31 13 26 18 22 18 23 
37 21 28 18 20 22 32 31 29 21 28 14 20 44 23 27 8 22 18 15 10 17 21 29 24 21 29 30 9 24 39 29 20 19 26 11 14 17 35 14 
35 26 21 18 29 28 29 23 28 11 23 16 23 24 15 26 16 29 25 19 25 22 14 29 23 15 17 19 22 14 32 39 23 26 5 27 23 17 28 23 
29 20 14 21 34 15 16 31 8 19 32 15 16 29 27 36 10 41 17 17 28 15 17 26 38 13 19 12 24 21 35 32 15 26 11 20 20 15 19 36 
24 16 21 26 34 14 22 45 24 20 22 13 15 20 23 19 22 22 16 17 16 21 12 24 25 14 7 22 21 18 45 18 29 18 10 16 24 14 25 23 
17 18 20 16 26 24 26 30 22 19 25 19 17 12 16 27 11 37 20 20 20 18 17 45 28 24 27 17 23 27 23 33 27 34 10 13 20 16 27 27 
30 12 27 21 23 36 23 28 30 8 33 21 20 30 17 34 12 29 12 16 29 16 14 26 25 19 14 12 14 25 28 32 15 23 20 24 26 15 11 28 
31 9 15 14 17 30 32 34 34 28 15 14 22 42 21 22 8 14 17 17 34 17 10 30 37 17 37 24 15 19 36 52 19 34 23 20 27 16 26 12 
32 26 28 22 28 25 31 19 22 17 36 16 23 39 22 28 11 25 18 22 25 20 17 37 19 12 42 13 21 8 23 36 15 22 16 20 32 30 20 24 
28 22 32 20 26 36 27 30 15 8 27 20 9 41 20 18 18 35 19 11 17 29 21 54 30 17 32 26 23 26 31 16 22 35 15 20 17 21 28 32 
27 15 21 11 33 12 26 26 7 19 13 9 19 30 26 26 11 5 24 12 36 18 22 32 27 9 42 14 26 20 30 37 11 23 15 20 22 22 20 12 
18 17 14 7 33 16 19 25 33 20 43 14 19 32 21 17 16 17 17 18 17 19 15 25 6 17 30 16 10 20 30 27 23 15 16 22 27 17 19 23 
28 18 22 15 28 23 31 29 15 21 24 18 20 35 25 20 16 35 24 19 20 22 23 34 22 18 13 11 20 19 43 39 23 26 20 21 19 9 14 17 
25 29 17 18 27 17 21 42 19 30 39 18 12 27 17 28 13 28 9 14 39 14 16 32 23 12 34 28 23 29 25 26 24 27 20 14 24 15 20 19 
27 23 24 9 24 19 27 12 31 18 17 21 15 32 23 26 21 22 18 17 9 19 14 29 14 14 24 16 14 17 33 26 39 21 17 26 19 17 20 19 
27 15 23 15 36 19 27 30 33 12 27 18 17 9 18 14 16 34 12 16 26 18 14 39 35 16 30 11 22 24 34 37 17 31 5 17 26 17 15 15 
21 22 24 16 35 20 29 20 23 19 21 17 32 42 25 32 14 21 12 20 32 17 11 24 24 20 28 22 10 15 15 21 20 17 17 22 23 16 33 28 
29 26 23 19 24 21 18 27 27 24 31 15 19 36 25 26 19 29 22 21 29 7 20 35 15 15 39 25 16 25 33 23 16 25 15 14 30 10 29 31 
28 18 25 12 46 17 27 31 37 16 28 18 15 18 22 22 20 37 22 19 32 16 19 26 28 16 34 28 16 16 31 29 14 27 13 14 22 15 24 30 
23 25 22 20 36 24 37 24 20 36 36 13 6 24 25 17 16 27 18 17 45 11 21 40 31 19 28 16 26 24 35 28 24 23 19 15 15 12 10 22 
25 19 25 26 34 28 27 43 28 13 38 26 21 24 21 24 17 35 25 19 25 26 21 38 29 13 22 7 28 23 22 30 20 31 19 19 18 6 21 30 
27 14 24 13 31 37 27 25 43 15 23 20 8 35 26 33 18 36 15 16 41 21 11 27 17 15 17 28 19 27 41 30 32 26 18 18 26 30 29 32 
13 29 23 19 40 28 24 20 28 13 30 20 15 25 19 21 20 20 13 20 31 21 18 26 28 16 35 24 29 16 45 38 29 15 6 20 17 15 24 27 
26 14 17 26 35 23 26 41 35 17 24 20 23 28 25 34 16 28 11 20 40 15 18 33 42 11 37 25 14 30 21 27 22 14 20 13 19 15 23 34 
17 22 24 28 27 26 23 25 14 24 29 25 14 39 11 24 13 29 14 11 32 20 16 23 31 16 23 27 16 25 22 37 30 32 9 18 21 4 15 28 
35 17 14 14 18 25 34 42 23 27 38 25 33 30 14 15 16 23 30 15 29 21 6 20 22 14 20 19 26 29 33 40 17 32 19 14 20 21 7 5 
29 36 31 17 30 21 25 28 18 16 35 13 28 37 18 18 7 20 21 18 27 26 18 15 37 11 23 15 30 28 25 26 21 26 20 14 20 14 17 36 
43 25 23 15 19 21 33 12 31 18 28 18 15 28 30 23 11 29 10 25 12 20 16 34 27 21 21 30 14 24 31 31 26 11 13 18 14 26 26 28 
37 21 29 22 18 23 21 37 20 17 17 20 34 26 20 24 12 55 17 15 32 10 11 29 22 15 17 14 28 35 23 35 23 36 12 24 22 15 23 29 
25 23 24 12 30 29 35 22 23 32 18 21 25 22 24 34 14 33 17 13 13 33 19 42 36 15 15 27 34 23 42 27 27 22 25 17 19 13 28 29 
17 20 23 17 27 23 30 26 20 23 48 17 28 14 18 34 16 12 26 16 42 20 15 39 32 12 25 21 25 25 36 33 21 34 25 19 13 15 30 36 
33 22 11 23 42 22 23 19 31 23 34 18 33 32 11 33 19 12 18 14 35 11 12 21 30 18 17 28 31 17 24 40 21 34 15 20 22 23 26 20 
18 27 30 14 37 18 17 44 30 15 25 18 25 21 19 36 5 33 23 15 38 23 21 18 38 15 32 22 25 30 41 47 27 20 19 17 16 17 22 24 
28 25 24 29 29 24 25 20 22 9 16 19 20 27 25 9 14 22 24 23 25 24 24 18 26 18 27 21 17 25 27 38 18 26 19 17 26 20 11 26 
20 16 25 22 29 17 25 26 23 18 23 23 16 38 28 21 16 27 10 6 31 14 16 30 14 20 25 24 22 32 25 38 28 12 18 19 23 12 13 26 
24 15 23 19 32 30 30 41 18 5 15 18 20 27 25 22 12 14 17 17 22 19 14 23 27 18 29 19 15 20 32 28 13 14 12 14 26 16 19 33 
25 25 37 21 20 19 33 29 11 16 22 19 17 25 28 29 13 34 13 22 21 6 13 43 38 22 19 16 28 19 45 20 20 27 10 16 24 18 22 27 
33 12 16 23 31 28 13 3 16 19 18 15 35 27 17 18 12 24 17 18 31 14 18 39 24 8 19 25 11 22 25 45 24 26 20 25 23 15 25 38 
23 27 29 16 26 23 20 37 21 23 17 20 17 23 25 29 7 26 25 21 44 11 9 31 15 14 32 29 16 18 44 32 15 23 10 15 11 20 22 32 
41 22 19 12 24 26 21 49 20 22 38 23 20 20 13 41 10 38 16 13 34 9 11 27 31 12 19 16 12 16 44 24 28 22 18 25 26 27 14 25 
28 14 17 22 29 20 27 35 21 14 36 21 18 25 15 13 16 28 25 19 26 19 21 36 32 19 21 23 16 17 24 30 21 31 18 21 26 17 25 25 
38 11 30 13 29 21 19 48 18 25 35 14 33 25 24 35 21 28 15 15 32 14 16 29 25 16 20 23 14 19 32 35 29 12 17 14 18 15 16 38 
31 35 19 15 29 24 21 25 29 25 19 20 15 38 19 34 19 39 16 11 26 24 14 29 23 10 16 21 25 21 36 50 32 26 17 21 21 18 21 22 
22 24 28 10 30 22 22 36 20 19 33 11 15 22 15 28 19 28 16 21 22 16 11 20 25 20 21 21 15 16 46 16 25 24 5 18 13 14 25 20 
23 13 20 17 35 19 19 22 24 14 30 16 22 40 33 23 20 30 19 18 16 13 15 23 30 17 39 14 25 28 23 7 22 25 18 14 22 19 25 25 
25 17 18 18 28 35 31 33 31 25 8 20 16 20 17 36 9 37 14 15 29 15 23 31 28 13 19 33 22 17 29 20 17 31 17 20 16 15 21 36 
19 21 26 14 25 20 36 19 20 12 29 13 12 34 21 21 12 26 27 15 22 16 16 32 22 14 24 15 13 14 45 33 21 21 15 22 19 23 30 28 
18 24 20 17 34 28 24 23 31 17 36 19 21 36 24 23 12 25 13 14 30 20 15 31 26 20 15 17 18 26 10 15 33 38 20 16 16 11 20 19 
29 11 29 4 35 25 20 35 19 14 28 26 19 36 26 19 14 26 16 16 13 15 17 39 25 10 30 13 18 27 25 33 24 9 21 16 17 20 22 26 
20 21 21 17 35 8 29 31 35 16 25 13 19 33 28 29 15 24 18 11 51 21 20 31 27 19 18 19 10 31 32 13 19 21 21 23 17 25 23 25 
22 21 7 18 30 19 18 36 26 24 23 12 17 25 11 19 18 41 12 18 33 23 14 34 38 18 35 26 26 13 42 25 33 32 15 8 27 11 19 22 
24 15 26 19 37 19 18 32 8 25 31 18 20 34 19 27 16 35 16 21 27 22 12 26 21 6 24 19 17 29 34 32 32 18 15 22 17 12 23 26 
22 4 25 23 40 19 17 33 24 16 30 11 29 27 21 32 21 31 18 18 19 13 21 25 23 21 30 19 21 17 40 45 24 20 19 25 23 22 14 26 
23 23 24 19 34 13 24 16 24 16 23 21 25 45 24 31 14 21 23 19 36 15 18 36 23 12 21 11 24 24 25 41 26 20 23 16 27 20 19 21 
18 7 32 20 16 13 20 34 15 17 27 13 15 21 29 17 14 33 13 19 25 14 20 38 25 17 21 27 19 24 38 17 23 24 19 19 25 17 23 11 
23 24 33 20 25 29 33 29 21 26 17 8 27 30 24 26 10 28 13 17 29 8 19 20 23 17 38 26 27 26 31 18 17 22 18 29 10 19 21 28 
32 15 28 18 35 18 21 16 8 24 28 19 27 25 21 32 9 22 13 13 31 19 13 36 27 24 28 22 22 41 43 45 17 31 27 17 22 16 34 23 
21 9 29 19 26 19 20 35 29 25 24 29 28 27 18 26 13 34 17 12 39 21 10 18 28 19 34 13 1 21 37 40 24 32 14 17 10 23 27 34 
6 23 34 17 19 21 29 24 26 23 23 15 17 36 26 29 13 35 26 17 28 23 13 32 28 14 19 33 22 30 15 36 20 27 16 15 22 10 29 18 
26 26 24 25 21 24 27 18 15 25 20 11 30 13 26 19 9 30 13 16 38 10 18 16 16 23 26 14 12 21 27 23 23 13 12 24 20 16 21 26 
31 15 25 10 17 23 18 36 16 28 33 19 17 15 23 24 11 22 6 23 41 26 16 18 26 12 31 18 19 23 42 31 21 33 18 18 22 20 12 32 
19 17 27 16 37 17 39 47 23 11 26 23 16 38 29 16 15 26 23 13 20 16 16 23 33 21 49 20 16 18 40 27 12 19 18 19 26 15 23 23 
20 18 17 11 36 27 16 34 30 19 10 17 18 26 14 34 7 30 16 17 31 17 16 26 17 18 31 22 18 27 30 36 21 25 18 16 10 12 26 24 
22 26 25 13 45 17 25 28 33 20 21 14 25 30 29 15 7 20 11 10 32 15 19 37 27 14 25 15 22 12 30 32 28 20 20 21 22 19 33 26 
11 18 25 13 26 22 22 36 23 21 21 16 13 28 14 22 14 43 20 8 20 21 13 45 23 18 16 18 24 28 43 35 31 35 17 30 27 26 18 21 
28 22 23 15 24 31 24 28 11 18 34 23 32 37 24 18 14 31 25 14 40 15 22 29 26 17 15 18 19 19 29 29 17 27 20 26 16 18 23 27 
42 14 17 19 23 25 29 29 28 13 36 8 22 29 9 26 17 5 11 14 40 19 12 34 35 18 13 22 12 19 35 37 23 15 12 17 18 26 25 26 
25 15 14 26 18 22 29 35 34 17 33 18 27 37 34 20 20 21 22 20 20 21 10 23 32 16 20 28 20 20 33 29 25 24 12 9 22 16 31 32 
22 24 31 22 10 17 31 23 14 19 39 19 22 43 26 30 15 21 16 16 21 12 18 7 26 16 26 24 17 26 41 28 22 29 19 20 22 16 21 25 
20 19 19 27 29 29 35 21 11 26 36 13 23 30 36 20 9 10 15 12 33 27 15 35 17 11 30 34 14 22 42 33 32 16 27 18 20 12 26 28 
20 19 34 12 29 29 43 20 32 21 34 21 19 24 20 22 16 30 19 14 30 19 18 19 19 22 21 22 22 20 14 22 27 24 20 12 10 14 23 21 
32 20 19 14 32 15 25 7 8 23 17 12 35 15 27 32 11 31 11 20 25 24 22 36 27 13 19 18 22 13 44 37 30 22 23 22 15 22 15 19 
26 29 21 19 28 27 28 40 25 12 38 8 6 22 15 20 10 31 14 12 26 23 16 22 20 19 20 23 6 20 38 25 33 17 14 20 28 16 22 22 
33 25 24 31 16 29 26 41 22 18 35 19 16 44 7 26 10 16 20 17 33 16 14 26 33 18 29 23 15 24 26 21 24 15 19 19 19 13 24 13 
17 22 20 12 16 31 23 48 7 15 38 14 31 25 23 26 16 32 22 9 23 12 20 21 30 14 31 31 21 31 28 18 30 14 19 11 26 18 32 18 
19 25 22 17 39 10 31 25 29 27 32 27 23 30 16 27 20 39 2 19 25 24 19 30 41 20 16 21 20 27 36 36 23 25 9 6 26 8 20 22 
23 22 24 22 26 19 25 24 17 16 25 21 25 25 7 44 16 24 15 24 35 13 16 18 22 21 26 23 24 17 32 39 19 17 18 14 25 17 24 25 
34 19 29 15 23 16 24 38 29 14 16 20 28 33 15 27 18 22 14 14 32 19 18 32 33 18 19 25 29 24 37 24 24 20 16 13 14 19 17 24 
37 21 20 23 26 21 18 27 11 15 28 23 23 52 26 27 12 27 18 17 32 16 16 49 42 18 33 22 30 16 39 21 24 20 6 16 25 11 20 12 
34 22 24 14 17 16 21 42 23 16 11 18 20 31 20 21 14 17 22 16 17 20 17 30 32 12 19 7 25 19 37 35 30 28 20 14 22 17 26 28 
22 6 27 23 37 28 31 30 18 17 16 16 16 29 27 28 11 32 16 21 30 14 11 35 29 22 12 16 20 27 35 24 31 8 20 19 23 16 30 22 
22 20 24 16 26 25 36 15 22 23 31 9 29 26 15 28 14 24 17 15 28 21 22 11 21 21 24 32 32 28 25 28 13 26 15 16 25 18 32 28 
31 23 21 10 35 26 31 26 10 24 20 15 18 16 24 18 12 23 21 12 8 27 14 44 32 19 36 24 24 21 38 46 25 22 15 30 18 9 26 22 
42 20 32 11 24 16 34 3 16 12 41 18 19 43 22 21 23 21 22 22 32 15 14 34 24 12 28 24 15 22 21 23 30 28 26 19 18 16 15 21 
30 13 23 21 28 23 21 29 22 17 7 18 21 17 16 26 20 16 18 12 26 13 18 46 35 19 28 29 15 14 27 35 13 30 12 28 19 21 24 26 
18 17 14 21 26 24 26 16 36 17 31 13 16 35 11 31 9 32 19 23 30 14 19 29 28 20 30 27 22 22 27 29 21 24 16 22 22 21 14 22 
29 19 32 22 20 22 11 21 40 23 32 16 23 20 21 30 21 29 10 11 28 20 10 32 23 13 25 11 18 21 26 45 28 25 25 19 21 15 23 29 
22 30 30 15 40 21 27 41 20 17 30 14 21 32 26 22 16 37 10 13 32 12 21 28 33 8 34 25 21 10 38 26 21 29 14 24 17 16 18 9 
26 12 20 17 20 19 43 36 23 12 18 22 12 37 27 26 13 31 19 18 26 20 17 33 33 19 25 21 19 22 29 33 19 14 16 20 23 10 20 26 
34 14 21 22 25 27 22 30 17 11 27 19 24 26 16 23 13 40 21 17 14 30 22 26 16 17 42 31 24 11 46 22 24 25 20 25 19 18 19 31 
31 18 26 15 25 28 38 22 33 26 23 11 23 31 25 30 14 32 21 16 29 10 12 30 33 15 21 29 23 13 23 34 25 29 24 24 18 10 17 25 
4 12 17 20 22 21 21 31 24 17 25 22 31 35 18 29 20 29 23 1 33 14 10 23 18 15 17 18 24 8 32 22 21 18 19 16 20 18 20 19 
29 20 17 8 41 26 26 30 20 25 23 18 23 22 27 26 14 36 23 15 21 24 19 9 26 15 29 23 27 21 15 36 24 30 20 17 26 12 27 22 
26 16 14 14 32 14 18 25 27 15 28 17 15 24 19 9 20 38 19 14 35 26 14 20 23 16 34 13 12 28 35 20 27 24 19 17 20 10 29 27 
29 30 26 24 17 27 20 32 31 22 16 9 27 41 27 23 16 27 24 13 30 18 15 35 35 12 15 12 32 20 14 36 25 28 14 19 28 23 20 32 
31 19 29 14 22 17 32 25 29 26 35 11 26 35 27 19 19 23 17 15 28 24 17 25 31 20 39 23 22 28 35 40 25 8 20 26 10 17 27 18 
20 18 16 15 42 21 23 27 7 14 24 15 24 22 20 17 12 18 23 16 21 16 12 26 23 18 29 16 28 36 19 27 16 27 9 21 20 9 20 32 
34 25 17 19 25 23 33 19 25 18 16 17 24 35 27 29 19 38 21 12 23 12 18 33 18 21 16 25 24 23 25 43 27 34 24 10 27 15 31 37 
29 22 25 14 20 17 19 26 40 12 20 20 30 24 13 33 14 28 20 7 36 23 18 17 30 16 29 32 22 8 24 19 16 19 17 21 26 13 20 22 
16 13 14 7 21 15 35 23 26 14 20 19 26 37 13 28 11 18 18 7 24 15 22 35 27 10 33 24 14 26 44 35 34 31 13 6 24 8 25 28 
26 10 20 13 40 20 24 37 22 26 26 19 33 28 24 21 14 16 14 22 30 19 16 31 25 20 21 19 28 12 20 29 14 35 24 18 23 23 24 35 
19 17 29 15 30 17 37 35 11 16 29 11 17 31 12 27 20 15 25 18 25 17 12 54 15 17 15 26 16 31 18 25 33 23 8 21 34 21 30 21 
19 8 29 19 23 21 28 31 25 22 31 19 8 21 28 21 17 25 6 13 34 23 9 21 27 11 23 15 19 18 37 33 22 7 19 13 35 24 20 29 
35 10 20 10 28 34 26 38 16 27 42 8 15 18 18 17 24 20 9 15 23 14 25 23 13 18 14 17 24 24 33 27 22 29 23 13 9 7 21 26 
28 21 29 13 28 20 31 42 30 17 41 8 19 36 13 35 16 33 1 12 34 18 16 25 25 22 21 20 30 20 25 31 24 35 11 10 26 14 26 17 
35 24 23 26 32 31 21 27 14 17 22 17 28 34 29 18 19 20 20 20 37 13 20 22 30 15 35 25 26 18 23 19 18 24 17 15 18 14 24 31 
29 6 29 17 30 24 18 30 25 12 20 18 23 37 17 16 6 25 17 14 38 20 14 28 34 16 38 11 26 25 31 24 17 15 16 25 28 16 22 31 
29 17 22 13 33 16 26 37 14 15 23 19 23 15 24 24 17 28 17 14 28 20 21 23 22 20 41 22 26 19 38 18 20 22 16 15 11 24 29 20 
21 19 16 20 35 19 31 22 25 12 31 12 23 35 12 27 21 28 18 13 14 17 20 25 41 18 30 18 26 24 42 43 8 28 14 21 23 16 26 29 
29 15 13 19 6 18 24 19 16 11 10 20 16 35 18 17 13 32 20 16 20 25 17 27 28 16 15 21 25 19 40 46 37 21 23 26 22 21 14 21 
20 14 23 14 36 25 19 23 34 20 22 23 18 35 21 24 18 26 25 16 30 12 18 27 26 20 36 19 21 24 14 40 16 24 11 26 24 15 15 19 
20 32 12 13 43 28 30 44 32 26 18 18 18 34 12 26 15 6 12 16 29 15 15 23 30 10 21 9 19 25 25 39 35 24 15 22 19 21 17 17 
24 13 31 11 23 26 25 28 27 20 29 20 21 14 13 29 18 37 28 14 17 12 15 28 24 11 28 15 20 34 29 33 23 19 12 21 22 8 27 33 
34 18 19 12 36 8 23 16 27 25 20 13 21 31 23 26 13 21 13 16 42 22 14 19 32 21 32 19 23 24 23 40 19 23 18 17 23 10 15 27 
23 21 29 10 40 17 31 30 22 21 26 16 17 14 25 31 19 13 13 13 42 12 20 30 38 11 30 14 23 13 41 41 11 23 16 18 26 23 22 29 
15 31 24 18 25 26 34 26 20 20 31 18 19 29 18 25 19 20 14 16 36 32 10 14 29 16 23 18 32 20 19 47 30 27 18 19 20 21 28 27 
35 12 16 19 35 12 32 17 28 22 39 18 17 32 20 24 18 22 17 5 32 16 13 28 32 16 25 23 28 20 45 28 25 24 29 16 26 15 23 26 
26 21 22 17 23 28 33 29 23 18 41 7 25 27 17 20 16 47 19 23 39 17 15 35 19 18 24 24 19 22 25 31 22 18 18 26 23 21 24 19 
32 27 23 19 14 24 32 27 30 20 43 22 32 37 17 31 16 22 18 12 24 17 20 23 22 17 34 19 27 13 27 27 16 24 12 18 7 19 9 17 
30 17 15 10 25 17 18 35 23 13 30 16 19 25 11 17 19 15 17 14 23 17 16 35 25 17 27 14 10 17 15 30 16 17 16 15 20 16 26 31 
23 26 31 18 22 26 21 34 11 14 10 10 22 26 12 25 13 33 16 14 38 12 10 38 25 14 32 12 17 27 39 24 15 34 17 7 21 20 14 23 
26 17 22 22 31 17 17 13 22 19 22 11 19 16 24 16 16 44 18 7 25 16 18 19 24 19 21 24 8 18 19 18 20 34 18 14 23 16 24 16 
19 9 23 24 22 27 47 30 31 13 31 4 28 24 27 21 16 23 12 12 28 23 15 21 39 16 30 13 18 24 25 24 28 17 26 19 27 12 36 18 
28 29 23 24 53 25 25 30 23 13 21 26 19 16 17 12 13 17 11 19 30 24 15 26 34 15 25 23 4 7 29 37 47 20 7 12 25 26 16 27 
32 23 27 19 16 32 23 30 19 15 24 15 20 21 33 29 17 7 17 10 28 21 20 19 25 15 44 16 28 19 26 23 23 36 14 14 22 22 21 24 
31 22 24 15 28 18 28 26 13 15 31 18 31 37 23 24 13 27 22 19 24 17 16 42 25 16 30 14 23 21 48 35 22 36 23 12 17 18 23 30 
29 15 21 18 19 10 35 30 9 17 37 17 14 32 18 30 14 21 19 10 27 17 17 22 30 17 25 16 19 26 29 24 20 27 11 12 17 13 12 21 
18 29 22 18 17 36 27 35 17 15 41 3 25 42 16 26 16 40 21 13 29 17 15 21 19 20 30 18 12 14 42 38 21 10 21 24 13 13 20 27 
27 16 29 16 20 25 11 44 24 12 33 16 20 21 17 23 10 32 12 24 28 16 9 32 29 13 30 21 23 25 36 20 28 24 13 20 12 21 29 34 
34 29 29 6 29 19 23 43 21 29 26 19 29 19 10 25 10 32 20 17 20 25 17 31 18 19 37 11 22 29 16 18 21 22 16 24 22 15 7 26 
28 25 20 16 30 19 23 27 15 12 20 13 23 17 14 30 18 29 20 22 21 17 9 23 26 20 37 27 27 24 16 49 24 28 23 19 23 18 21 27 
33 27 29 17 44 25 16 29 30 18 26 23 23 29 26 30 12 22 19 9 31 16 12 41 34 14 28 26 19 18 47 32 21 13 12 15 30 14 25 30 
33 17 21 20 29 26 22 26 29 16 27 22 26 34 25 17 12 26 6 10 27 17 16 31 31 11 29 10 14 25 33 52 20 9 15 26 24 10 18 16 
26 23 29 14 20 21 27 35 13 11 17 12 22 32 20 24 12 41 10 16 14 23 19 19 20 19 25 18 14 16 35 24 18 25 16 21 20 10 28 15 
33 22 28 22 33 22 36 25 21 13 23 17 29 41 18 24 11 32 18 11 35 25 20 26 28 18 30 14 18 22 29 29 16 29 11 18 6 29 11 27 
19 31 11 17 35 7 26 28 20 16 37 21 26 16 15 37 12 37 15 18 13 10 22 40 8 8 26 20 20 15 36 23 20 35 21 17 33 13 29 20 
26 27 14 17 23 21 22 31 30 12 30 12 26 31 21 27 21 34 25 9 28 13 20 18 13 14 38 22 22 25 42 24 20 21 15 26 15 23 21 17 
27 18 25 13 41 18 33 17 20 24 33 19 14 18 24 25 21 21 14 13 35 21 16 30 34 14 34 25 23 17 16 35 25 12 19 12 12 32 13 21 
17 22 27 21 12 26 14 43 22 16 24 16 26 42 30 11 10 19 16 12 26 19 26 37 21 14 34 21 24 24 30 47 17 33 14 13 20 20 24 18 
27 14 31 19 26 25 34 28 20 16 23 13 21 21 28 31 12 33 8 18 12 18 9 34 22 17 18 18 26 16 30 30 18 32 22 16 18 20 21 24 
22 37 22 30 29 26 29 19 25 28 38 14 22 28 25 23 20 15 16 13 30 21 21 36 21 12 17 25 16 13 25 34 23 26 21 9 15 26 37 14 
31 20 17 12 19 26 25 28 39 18 34 20 21 34 20 29 19 27 21 21 21 25 14 28 25 13 31 17 29 20 28 32 23 24 9 21 18 15 23 22 
32 14 20 9 25 25 22 33 38 14 36 19 31 37 30 23 24 20 17 13 17 22 18 35 12 14 42 17 20 17 38 29 27 22 10 15 17 18 13 28 
21 24 25 9 26 30 16 22 33 21 16 13 24 17 19 45 15 26 15 14 27 15 17 28 22 20 31 23 24 26 42 38 21 23 17 23 28 20 26 11 
33 19 36 19 25 23 32 29 24 20 22 9 20 33 20 24 16 38 16 14 31 28 17 51 28 15 24 14 25 16 18 37 22 20 20 15 23 16 20 22 
26 11 35 30 29 35 24 32 17 25 23 14 30 10 15 22 16 35 13 10 25 19 15 34 24 19 34 26 15 24 43 16 31 13 12 18 24 14 22 28 
19 20 13 9 39 34 28 39 26 17 23 22 15 35 15 43 13 24 16 19 18 5 15 14 35 23 26 21 22 15 31 15 12 37 18 21 26 25 22 23 
21 23 26 23 28 36 23 20 20 12 18 11 20 21 20 33 18 30 20 16 27 10 20 15 26 16 22 26 3 26 27 24 21 20 16 18 24 17 23 21 
21 26 18 19 39 36 36 31 23 20 35 17 32 20 19 31 21 32 14 13 39 18 16 28 28 12 21 9 22 14 41 24 31 48 9 15 17 17 27 27 
25 9 23 17 26 23 25 29 15 19 49 17 25 19 17 23 14 31 22 19 37 18 17 38 17 20 29 19 22 22 13 37 28 24 18 18 15 21 14 14 
20 15 38 15 41 30 27 20 30 14 40 19 14 20 33 25 21 40 11 5 36 15 19 33 40 17 28 23 22 34 30 33 28 22 19 32 26 19 23 25 
24 22 20 17 23 29 22 20 30 18 22 15 24 29 20 8 10 43 22 22 32 18 17 34 29 19 31 22 27 29 26 19 23 13 19 31 12 13 25 15 
25 19 23 11 25 25 21 31 13 13 25 25 23 26 16 13 15 35 15 19 24 15 21 34 25 17 24 24 22 35 30 23 17 25 17 13 25 7 22 29 
26 16 18 13 30 30 15 37 30 21 23 18 19 46 22 35 14 18 24 18 34 9 12 36 26 18 38 19 26 24 25 31 28 23 24 18 14 23 30 20 
27 20 25 14 29 18 35 32 25 19 43 19 20 36 16 22 7 7 17 15 32 18 19 27 20 12 27 19 17 33 21 40 12 23 7 20 29 10 18 30 
24 25 13 19 39 20 38 26 27 14 30 20 20 29 23 20 10 33 24 16 14 12 22 42 25 14 33 23 27 27 34 27 20 31 12 18 22 20 12 17 
39 23 19 18 25 21 18 22 15 13 27 13 22 17 28 32 11 35 19 14 16 20 21 11 27 11 27 18 31 13 29 18 29 18 13 18 20 14 21 22 
22 17 18 18 17 15 27 25 22 12 41 16 31 21 28 39 16 30 21 8 16 14 12 26 34 21 12 25 16 11 10 24 23 27 12 19 18 14 26 26 
40 21 24 18 44 24 24 36 22 16 20 19 26 29 19 39 19 4 22 21 40 19 21 16 27 18 24 18 25 19 46 27 25 13 19 6 14 10 23 37 
19 15 22 26 25 15 23 32 21 20 25 16 19 38 13 34 16 21 30 15 27 16 16 31 26 19 46 30 18 27 25 29 29 27 13 17 21 21 21 27 
22 16 21 11 21 15 31 29 14 22 19 23 18 27 17 16 10 24 26 23 35 15 14 31 28 13 11 12 28 21 34 34 20 28 14 10 23 15 21 19 
20 21 18 11 24 26 31 22 21 24 20 19 25 35 25 20 20 22 10 12 24 23 14 36 29 22 21 13 32 19 27 24 26 23 21 24 25 17 20 10 
26 17 21 20 43 29 37 23 27 23 21 16 25 32 19 30 22 33 16 10 32 14 12 30 21 18 28 10 13 16 19 26 25 28 16 18 24 16 25 22 
20 18 9 21 33 25 30 29 19 22 30 17 23 13 18 23 18 32 22 20 19 5 12 34 14 5 20 10 23 16 20 21 16 28 16 15 33 17 20 20 
26 27 21 11 31 18 25 45 16 21 26 15 21 16 18 17 12 25 15 21 30 16 24 23 22 19 24 28 26 24 31 32 23 21 16 18 15 13 23 30 
34 25 31 19 21 20 20 26 32 20 18 19 27 25 25 13 14 23 17 11 28 22 14 26 23 16 20 37 18 19 24 26 28 29 20 16 26 23 20 29 
20 16 19 19 20 27 22 25 30 17 22 18 24 23 22 23 16 29 19 15 36 12 12 39 16 12 17 20 15 19 37 20 25 30 16 18 33 17 20 28 
19 28 17 19 12 20 29 29 28 17 34 17 28 22 13 25 20 27 21 17 33 22 27 50 34 9 25 22 21 20 40 35 33 34 18 11 25 18 30 20 
27 24 17 14 22 24 37 22 21 16 23 25 10 33 11 23 19 21 11 15 39 13 16 32 25 24 19 32 25 18 22 25 28 23 20 10 28 20 17 20 
22 14 23 8 10 30 20 26 18 29 24 7 32 29 23 26 7 29 22 18 22 15 18 21 30 17 20 15 16 25 39 35 21 18 14 20 16 10 28 27 
30 28 17 18 30 25 25 15 28 21 34 17 24 31 26 16 15 17 17 14 30 19 23 29 37 16 20 21 28 21 13 48 26 23 11 5 20 10 16 17 
18 18 22 25 24 22 31 39 21 18 38 21 27 18 24 21 14 32 15 12 33 14 16 28 26 13 14 30 27 16 33 23 12 30 16 12 20 23 16 22 
14 19 22 26 30 19 31 10 27 19 22 7 22 20 12 28 10 23 17 15 31 19 16 21 25 13 18 16 22 24 6 31 25 14 11 25 27 13 14 26 
29 27 15 13 20 13 35 28 20 19 31 20 26 32 8 34 13 22 16 10 29 16 15 20 34 17 33 16 23 18 32 38 28 30 14 20 18 19 9 27 
25 23 20 15 24 26 30 23 27 17 26 26 22 36 19 33 16 23 14 13 41 11 6 22 24 19 25 20 18 33 30 41 29 17 11 8 14 21 34 17 
8 23 31 13 33 19 30 34 16 14 26 15 23 17 14 14 9 33 24 20 32 18 17 35 32 17 16 19 20 6 41 32 29 22 12 13 26 4 19 24 
21 7 23 26 31 25 25 36 25 11 24 26 19 46 30 28 14 35 17 10 27 19 9 24 27 24 25 24 25 25 43 38 19 20 19 18 19 16 23 24 
42 30 17 20 39 15 15 35 22 15 14 15 13 19 24 28 15 27 20 18 26 21 18 25 32 17 22 24 15 21 33 28 15 29 18 17 11 17 18 30 
17 19 35 22 35 18 30 24 17 18 24 18 31 28 19 18 16 24 19 12 35 22 17 26 32 16 30 22 14 25 33 28 28 23 16 12 29 16 39 26 
16 24 5 21 45 27 27 40 28 13 16 15 22 40 24 33 15 19 26 17 29 18 14 35 30 23 49 21 20 16 24 32 23 16 22 28 25 12 17 26 
17 25 25 14 15 28 35 30 27 12 34 15 17 30 24 39 21 40 21 17 20 13 6 16 25 11 30 21 11 24 19 26 24 22 17 22 20 22 16 22 
30 14 31 16 36 23 21 46 17 19 20 15 20 14 28 16 12 26 22 16 52 7 21 24 22 21 12 11 20 20 41 37 26 19 19 18 29 22 26 32 
18 20 27 24 28 16 27 29 20 9 33 14 19 36 18 27 18 24 15 13 25 11 14 10 16 22 29 30 35 20 22 26 16 27 18 19 19 6 15 17 
16 14 15 13 35 11 18 30 21 19 28 23 36 17 22 22 18 16 18 27 26 12 12 16 34 20 34 16 26 22 24 37 18 27 17 20 31 18 11 19 
30 14 29 16 28 23 33 25 35 19 28 18 14 23 16 13 4 46 19 15 31 16 21 34 24 15 28 16 13 25 29 34 22 22 21 12 17 20 21 28 
32 26 28 9 25 31 27 31 23 27 27 14 6 21 25 17 7 31 25 20 24 22 11 37 30 14 21 20 26 13 21 24 24 30 12 14 26 17 30 31 
23 14 29 24 16 24 30 34 28 28 32 15 32 31 19 25 11 20 24 13 33 22 15 37 25 14 20 15 24 18 18 23 24 26 15 21 19 15 24 31 
20 13 21 17 37 21 37 27 8 14 16 21 25 36 29 15 19 32 32 20 39 21 13 32 22 17 29 13 21 31 30 37 16 16 14 21 16 20 19 29 
17 22 21 25 35 30 22 36 27 20 15 32 30 32 19 20 6 35 16 14 22 17 22 13 32 20 28 27 28 21 45 32 28 26 12 15 18 19 18 24 
39 22 14 23 20 28 15 30 15 19 29 13 20 27 27 16 7 34 11 10 37 24 14 29 34 20 10 23 29 26 14 14 27 20 17 22 23 19 23 38 
23 27 18 20 35 9 31 36 26 9 21 8 16 32 25 25 18 35 13 15 42 24 17 35 21 17 18 26 28 28 34 28 25 11 18 23 25 19 26 36 
24 16 24 13 16 16 21 41 32 15 35 20 25 9 20 19 21 34 21 19 13 19 22 27 23 7 24 14 33 16 12 27 32 24 18 26 27 19 19 11 
15 24 30 30 27 19 25 39 27 29 21 16 32 21 19 21 14 35 14 8 27 14 14 28 27 17 36 24 14 18 36 23 13 13 11 16 33 19 22 21 
27 10 27 22 33 30 33 26 30 16 28 23 21 27 14 27 16 33 23 22 31 16 18 23 18 16 25 25 35 29 39 13 8 20 16 19 19 16 19 25 
24 18 13 18 27 26 21 40 18 16 26 11 21 29 20 27 16 17 11 14 20 16 18 43 30 6 32 18 20 23 33 37 16 33 8 14 14 24 30 31 
17 31 22 14 16 24 15 47 17 25 30 10 25 23 12 25 8 36 15 22 34 14 13 29 29 17 28 18 21 15 40 30 17 21 19 20 28 19 21 30 
30 22 18 13 26 14 29 27 21 11 25 17 26 27 23 25 14 35 23 19 38 22 17 45 21 15 44 22 29 19 51 21 18 38 21 9 35 27 24 27 
42 14 22 16 17 20 30 22 28 14 27 10 36 38 15 30 18 20 16 15 36 28 18 31 25 6 36 9 23 31 35 25 29 13 7 21 18 19 20 31 
11 31 27 19 31 16 11 43 32 18 32 17 40 33 19 27 17 28 16 17 35 16 16 25 26 15 17 16 21 24 32 35 13 18 19 20 18 10 23 17 
19 17 20 20 37 6 34 22 33 19 14 12 20 45 25 22 10 32 13 13 32 13 13 32 32 15 32 18 21 25 24 29 16 15 24 14 17 12 19 27 
16 18 24 18 31 20 34 17 21 23 24 11 19 26 17 25 16 33 15 20 36 18 15 41 30 13 19 10 28 28 21 32 28 23 18 9 21 23 30 25 
31 18 13 8 49 26 26 19 24 15 32 19 31 35 14 21 17 18 17 8 33 15 20 23 26 20 35 18 6 25 28 23 24 31 13 25 13 5 21 24 
24 28 19 20 33 25 11 35 18 24 25 24 33 29 19 16 18 16 23 23 26 22 13 35 12 17 19 18 29 20 30 34 22 6 26 22 27 11 16 19 
18 19 11 16 22 21 26 19 26 17 23 22 25 21 20 12 11 32 8 17 18 14 17 31 21 16 36 23 14 15 34 9 16 25 12 13 9 28 14 21 
19 11 14 16 27 16 26 43 18 21 21 22 22 22 15 22 8 14 19 15 21 24 15 35 42 15 23 8 6 16 22 35 25 25 20 20 19 16 27 26 
28 23 21 26 43 20 48 28 18 22 33 12 26 41 28 18 12 27 17 12 30 16 18 42 32 12 29 24 32 22 32 16 22 32 4 19 29 19 30 28 
30 22 21 13 32 21 21 19 31 14 16 15 33 17 32 20 11 28 17 17 39 10 21 15 26 8 19 27 19 24 31 36 27 34 25 17 16 13 25 31 
28 16 29 27 22 25 28 30 27 15 21 22 18 24 8 16 14 18 14 13 20 18 16 26 22 12 28 16 16 13 27 39 17 22 17 12 28 15 29 17 
26 30 28 22 25 11 22 40 24 24 29 25 19 16 20 22 7 22 20 12 39 15 22 33 28 18 36 8 22 19 30 23 24 21 12 24 11 15 27 28 
19 16 32 18 32 28 20 22 24 13 42 26 25 22 26 25 11 23 19 17 33 13 21 22 28 23 29 31 20 12 28 17 17 14 13 17 24 27 25 34 
16 30 20 24 33 23 21 18 23 25 18 17 19 16 19 25 10 26 17 19 29 19 16 33 28 16 8 26 24 23 29 49 18 39 23 14 32 17 17 14 
12 32 29 20 29 24 30 9 26 19 27 17 19 15 20 26 11 21 19 20 32 23 20 37 34 12 39 27 27 8 23 25 27 10 21 23 28 24 27 21 
24 21 25 17 19 23 19 36 15 18 23 20 29 21 26 17 9 28 10 15 31 7 14 20 20 24 17 21 13 23 33 38 33 22 17 17 20 23 17 17 
29 12 25 23 42 23 18 23 28 14 23 23 23 30 15 35 19 28 17 6 19 2 14 17 29 13 38 37 14 26 31 23 22 27 11 22 18 18 23 28 
29 25 27 21 34 29 31 25 19 10 34 14 24 27 24 28 13 22 19 14 38 19 17 25 25 18 27 10 20 23 13 33 21 19 16 23 22 12 24 14 
23 14 24 16 26 26 25 33 26 18 27 5 19 36 19 37 16 21 23 20 27 19 15 40 30 12 8 18 16 35 39 38 24 31 22 12 14 18 31 22 
22 14 16 13 38 15 24 33 13 18 31 13 25 23 22 24 15 28 18 17 16 24 15 37 31 17 31 24 20 14 33 17 29 29 21 12 23 20 29 23 
21 21 19 20 34 26 28 30 16 21 38 22 24 29 4 22 18 31 17 17 26 18 13 32 35 14 40 18 30 19 24 19 8 28 17 15 17 16 16 30 
23 20 20 15 18 30 25 32 29 20 22 9 14 41 17 29 12 34 6 7 50 22 17 22 20 19 9 22 23 34 44 23 22 26 14 18 28 18 24 27 
24 20 26 21 28 16 27 23 29 17 34 11 22 28 12 29 12 34 18 13 27 20 18 22 31 17 37 19 13 16 40 31 17 25 18 14 19 20 25 22 
23 14 30 16 24 32 32 20 22 20 14 8 27 33 21 36 20 24 14 12 26 27 24 28 26 14 13 20 25 17 7 34 22 20 16 18 20 18 25 24 
19 18 16 16 39 24 20 40 23 8 34 18 17 40 19 25 8 30 19 16 21 13 18 30 18 20 22 18 19 28 17 31 34 19 22 13 22 10 24 15 
30 18 19 21 44 23 24 24 23 24 31 14 16 24 19 18 16 26 20 23 30 21 13 21 13 16 37 29 15 17 15 25 22 39 18 20 21 20 18 31 
27 16 33 24 21 24 33 29 26 27 24 15 25 18 18 36 17 41 15 21 15 17 10 29 15 15 34 25 16 20 28 34 20 29 11 14 12 20 27 21 
33 22 21 13 38 25 21 40 15 16 19 21 23 17 16 20 14 35 13 14 44 31 18 38 31 19 19 19 15 12 41 25 31 22 17 24 24 19 36 20 
27 16 26 24 25 26 30 37 21 20 38 16 23 18 36 23 12 29 11 17 41 20 13 33 15 17 37 30 14 18 32 23 20 31 17 20 23 15 25 28 
15 34 29 23 13 14 31 30 28 17 21 15 27 17 26 34 15 33 17 16 25 11 22 32 35 13 20 22 22 26 23 41 17 30 13 22 19 5 18 32 
18 22 26 20 19 22 21 41 19 22 11 20 30 19 23 34 20 29 9 17 33 15 17 26 29 16 17 23 27 31 25 33 19 23 23 27 17 18 20 27 
18 17 17 20 34 21 13 32 30 16 41 17 27 24 28 31 17 27 25 11 34 18 12 25 30 13 23 22 16 24 35 12 28 19 10 20 22 15 31 29 
13 13 26 20 36 19 40 25 23 14 28 21 31 25 15 27 11 25 21 19 23 17 16 25 20 7 41 20 21 32 30 19 18 16 14 21 27 17 28 39 
26 13 15 13 29 21 23 28 30 27 6 18 7 32 27 30 7 27 20 15 26 19 21 21 40 16 42 21 23 20 25 20 15 34 15 18 24 15 19 26 
36 24 24 13 31 16 24 29 13 15 39 4 21 28 24 32 16 19 15 10 30 14 13 7 26 11 29 11 29 4 23 29 24 24 12 11 24 12 13 31 
23 28 29 12 54 32 20 23 15 22 16 18 12 30 8 24 19 27 17 18 32 24 18 31 27 17 35 25 13 26 20 28 28 25 20 14 18 16 20 27 
24 14 24 23 30 32 31 37 25 18 29 21 23 34 25 33 15 23 15 14 33 10 14 22 32 23 39 17 19 18 14 35 22 20 19 12 16 19 21 33 
33 18 21 16 19 31 28 14 19 17 13 11 20 27 13 21 16 35 10 13 32 13 15 27 34 11 28 15 17 16 27 18 26 39 14 21 26 17 16 26 
29 21 26 15 25 36 25 28 29 18 26 16 30 27 11 32 15 29 22 17 16 11 20 29 26 16 28 23 15 30 34 34 30 28 6 14 22 26 19 18 
21 14 19 10 40 22 33 20 26 16 33 20 28 40 15 23 9 31 20 16 42 19 15 34 20 10 11 14 21 28 46 23 24 30 14 18 21 17 7 18 
29 14 26 21 22 24 38 28 30 11 15 17 10 41 22 31 5 27 20 14 39 15 19 24 27 20 16 10 20 29 29 37 28 31 8 24 30 24 22 13 
13 18 23 13 36 16 17 30 27 28 23 16 11 26 13 21 19 33 13 17 41 16 14 20 25 14 18 22 22 28 30 18 26 26 23 24 23 22 28 21 
23 25 21 18 19 10 14 28 33 21 27 20 18 16 31 39 5 31 24 14 23 18 24 14 26 15 36 12 19 21 27 36 21 29 21 24 19 29 29 20 
28 13 19 19 31 14 31 26 28 15 38 26 29 36 22 20 17 36 13 14 22 18 15 26 32 21 45 19 19 18 21 24 24 38 20 24 12 20 10 27 
28 19 14 6 31 19 30 14 33 12 24 19 30 27 19 44 14 40 4 20 22 26 18 32 37 17 25 17 23 28 27 35 33 29 20 14 27 21 14 30 
25 20 19 24 31 21 37 20 39 18 28 20 31 33 33 24 14 27 16 19 10 24 14 23 21 16 36 11 24 30 19 32 24 14 15 24 24 12 21 21 
27 13 16 14 20 22 16 29 36 15 39 22 11 20 21 25 12 34 17 12 27 15 14 30 29 14 41 21 15 12 48 19 19 23 16 18 30 19 17 29 
25 15 22 28 25 20 21 32 27 23 27 18 16 22 13 30 14 25 11 19 33 23 14 22 43 14 43 18 30 23 29 11 23 20 18 18 29 15 14 25 
31 27 22 15 40 24 19 25 22 21 20 16 23 22 20 32 12 17 19 14 30 15 21 26 28 24 26 22 23 22 28 40 30 26 14 17 18 28 11 24 
30 22 20 11 25 15 27 43 31 17 20 16 17 27 18 31 12 15 12 12 43 12 19 13 17 16 37 25 21 29 20 39 20 28 17 19 14 19 19 23 
25 25 24 17 25 25 21 25 20 19 28 16 12 28 21 25 17 36 21 12 40 24 14 31 30 17 23 30 10 24 21 26 12 15 12 13 11 14 15 18 
27 23 29 19 28 19 24 30 24 19 32 10 26 40 31 35 19 22 19 21 23 14 17 26 26 15 23 23 25 15 40 35 17 31 18 18 19 10 25 25 
22 10 18 19 35 20 36 42 32 11 21 15 31 32 14 31 15 25 11 19 23 19 14 26 25 10 39 14 25 32 25 32 6 24 23 12 28 7 23 26 
25 22 25 20 25 14 34 23 30 16 23 5 21 34 10 30 13 35 17 16 23 19 10 26 28 13 19 13 21 14 39 30 14 19 24 22 26 18 25 16 
10 13 25 20 12 16 29 31 14 15 31 19 43 31 27 30 11 26 24 15 45 14 11 30 25 22 20 25 15 27 18 37 16 15 21 12 21 8 17 25 
30 19 19 15 28 22 26 36 22 22 36 18 30 35 25 17 19 27 14 12 15 12 15 27 28 22 25 24 20 21 48 26 28 26 21 18 19 19 24 18 
27 26 22 10 40 35 35 43 23 18 26 19 24 25 31 26 15 35 28 16 20 19 14 35 19 14 30 18 30 17 18 26 20 28 20 28 10 24 23 15 
26 16 24 20 39 12 24 43 20 28 18 19 17 16 15 26 18 34 14 15 25 15 14 28 35 14 33 15 15 18 28 29 19 12 23 20 18 16 26 27 
10 19 26 19 27 3 35 16 26 21 35 23 16 25 14 22 13 32 29 13 29 19 22 33 31 14 18 15 17 25 20 20 30 25 16 22 8 15 20 33 
36 18 26 19 18 25 15 19 30 11 31 17 23 30 24 28 15 34 9 27 28 20 20 17 22 20 28 20 21 16 50 44 25 26 25 19 21 17 25 32 
20 9 29 15 34 30 33 35 28 17 21 15 26 18 7 22 15 28 16 7 32 22 17 19 29 20 27 21 12 14 33 42 16 30 22 22 25 21 29 29 
33 15 32 17 24 29 22 27 16 17 25 16 22 36 8 25 21 33 16 17 34 17 11 32 34 14 27 30 15 26 45 44 21 23 15 22 26 24 29 26 
35 14 26 11 39 18 22 24 33 16 12 21 13 27 20 27 15 30 12 17 22 13 10 30 34 19 40 10 31 33 37 47 14 17 19 16 21 16 19 22 
24 13 30 23 32 27 38 54 27 14 14 21 20 24 24 34 16 31 20 15 33 24 16 26 30 17 23 15 10 16 28 26 22 26 24 26 27 13 21 25 
27 13 21 10 18 15 26 21 32 15 37 28 27 24 14 16 10 24 15 11 22 24 15 25 19 16 26 21 16 23 25 35 16 30 14 25 17 19 33 25 
33 20 20 14 40 20 23 31 24 12 22 21 22 23 22 10 18 19 21 11 18 18 11 36 30 17 33 23 23 20 25 11 31 30 27 9 21 11 19 21 
30 29 20 20 33 32 22 27 28 6 22 21 32 32 19 33 16 29 24 12 35 16 19 22 23 17 26 20 24 7 19 33 16 12 17 18 23 23 22 16 
23 16 23 16 26 20 24 27 15 20 28 13 20 41 15 22 17 31 11 18 26 15 15 17 25 10 31 22 19 30 49 37 31 43 21 13 36 28 23 15 
30 27 29 18 39 10 19 32 18 9 29 30 19 8 19 30 12 38 19 20 17 17 16 21 25 19 27 18 16 21 30 28 26 18 21 21 28 15 27 15 
19 19 23 18 26 27 29 21 28 19 27 9 12 26 13 25 18 14 17 19 31 16 14 15 32 17 17 19 26 18 31 23 30 28 6 22 21 17 23 24 
29 21 20 13 27 18 37 21 28 21 44 13 26 34 41 22 12 28 12 19 17 14 16 33 23 22 26 16 11 21 43 30 24 12 30 18 18 19 25 31 
23 22 14 21 34 14 17 21 23 15 37 24 21 26 11 23 19 33 16 17 51 24 19 37 23 16 25 20 16 24 34 17 22 25 14 23 21 14 24 26 
14 21 21 17 26 17 20 29 37 16 18 17 9 22 30 28 15 13 17 19 32 18 19 20 26 16 23 16 14 21 26 42 15 23 16 12 17 18 23 29 
32 28 17 29 16 18 20 32 17 16 12 13 17 29 17 29 18 28 15 21 29 13 22 35 20 15 22 28 14 24 38 12 15 21 23 16 19 19 17 15 
12 14 19 20 30 27 25 19 38 16 42 12 30 28 12 26 15 23 17 8 24 22 6 22 26 19 22 23 17 28 37 34 16 27 19 18 19 21 29 49 
26 18 23 11 21 30 35 30 18 16 31 23 21 31 20 34 14 34 15 10 22 16 12 30 28 19 44 13 22 22 25 25 26 17 13 7 30 18 31 32 
31 21 25 12 23 24 42 33 19 19 23 21 28 34 12 24 20 39 11 16 21 19 17 42 14 19 27 15 15 27 34 28 33 31 20 15 24 21 32 28 
34 23 22 6 34 10 21 30 28 17 30 7 32 33 30 23 6 24 25 20 40 22 17 25 27 17 26 18 23 18 17 40 32 32 11 9 21 21 21 24 
25 16 18 17 36 29 20 17 21 12 19 18 18 23 24 23 14 16 10 17 38 16 11 28 29 12 24 22 13 22 24 41 21 30 14 23 26 12 23 6 
27 13 16 14 44 17 18 26 15 17 27 14 14 23 23 21 10 27 24 13 22 15 19 25 24 20 21 13 21 11 45 30 25 19 27 18 28 23 17 22 
14 24 26 12 31 25 27 30 20 21 40 21 17 30 28 24 18 13 15 11 45 16 10 25 24 16 26 10 17 22 21 24 21 20 15 19 29 23 31 28 
32 19 19 22 31 24 17 22 28 20 25 14 32 13 22 18 17 31 14 13 16 12 16 35 28 16 32 30 29 32 19 27 14 21 16 19 16 5 26 29 
17 28 25 14 27 18 25 39 20 25 35 8 24 26 19 37 9 36 16 15 32 19 16 20 36 20 36 13 18 8 25 36 27 17 22 19 27 19 33 17 
33 25 35 8 28 18 31 27 20 22 37 21 22 14 11 27 10 21 21 14 22 16 17 31 18 17 23 18 28 19 32 25 25 17 25 17 26 12 4 16 
16 18 21 20 26 22 28 32 34 13 28 17 32 40 11 18 16 28 20 14 25 21 20 37 15 17 30 25 27 33 29 48 14 18 8 21 26 10 25 19 
43 23 25 8 23 20 26 32 24 17 32 8 20 28 7 24 10 37 18 20 25 19 11 29 22 13 19 13 25 17 48 8 28 11 14 11 24 13 22 22 
23 28 20 16 32 35 43 39 21 13 30 17 17 47 21 27 20 16 7 14 36 16 20 27 23 13 33 15 14 21 30 33 20 21 6 19 26 16 17 28 
27 15 15 18 28 20 28 42 20 13 20 20 31 27 12 34 17 20 16 12 34 16 22 24 25 22 8 6 10 10 45 41 24 9 19 11 16 15 26 24 
15 21 26 18 39 22 20 14 13 16 28 10 23 16 17 19 16 38 13 16 30 15 17 28 41 18 35 34 11 26 28 15 26 42 6 15 24 19 17 27 
25 21 32 14 15 33 24 30 27 15 31 22 13 33 20 22 11 31 13 20 42 17 11 26 35 20 22 12 36 22 32 39 24 21 19 19 17 24 21 36 
22 13 21 10 33 24 32 34 19 21 20 18 17 24 37 30 10 26 15 17 22 24 16 37 23 15 29 16 21 11 26 32 20 36 22 15 22 25 19 27 
9 11 22 28 29 21 38 31 29 16 32 18 24 33 17 15 12 32 11 17 39 21 21 25 29 24 34 19 11 23 28 30 25 29 22 6 20 20 21 22 
17 13 38 17 38 21 19 34 21 20 22 14 18 22 23 31 17 20 19 20 24 20 19 33 31 11 22 23 16 27 22 20 18 22 11 17 10 14 24 23 
20 17 19 13 41 12 30 34 24 22 41 21 11 43 27 23 22 27 24 19 21 17 14 27 39 24 17 24 15 29 40 38 22 19 20 29 21 13 25 31 
23 26 19 13 37 18 21 21 19 16 34 16 22 26 21 36 14 37 19 16 19 12 11 33 30 20 24 21 23 19 44 11 18 24 14 24 11 19 22 20 
20 21 22 16 36 25 16 44 32 24 32 26 25 34 19 24 19 29 12 20 29 12 23 12 27 19 41 14 18 11 28 38 26 32 20 15 27 19 29 12 
19 25 20 16 24 19 18 23 29 9 27 29 28 30 18 21 14 26 16 8 33 6 14 23 28 24 38 18 25 15 21 36 31 18 18 20 16 18 32 5 
15 19 13 15 30 16 27 23 31 15 26 14 20 15 20 23 27 24 18 18 24 18 16 32 20 14 33 21 29 28 36 22 18 36 7 10 19 20 27 32 
24 24 28 21 32 24 30 29 20 12 18 20 20 30 31 26 16 38 18 19 26 26 16 44 14 15 20 24 15 17 32 30 16 25 20 17 38 23 29 18 
22 22 21 18 48 16 34 50 19 14 27 14 21 30 12 38 13 22 13 19 19 15 18 26 21 18 18 22 13 18 36 36 25 24 30 22 15 17 17 27 
20 29 22 17 50 16 23 33 30 22 26 19 23 29 24 29 14 22 19 15 31 15 20 33 34 12 28 8 25 16 26 36 25 31 19 10 32 11 13 24 
36 29 20 15 37 24 11 32 23 26 16 22 30 28 13 23 15 23 28 9 14 33 15 19 27 11 22 19 16 12 24 25 32 24 18 14 20 31 33 26 
26 22 24 14 29 20 24 28 14 15 33 13 14 23 19 19 11 20 23 11 24 25 17 17 16 18 26 14 16 29 42 39 24 32 18 7 15 17 15 32 
28 15 18 19 22 16 27 28 43 15 24 11 21 20 16 16 17 22 17 19 47 16 17 22 18 14 21 30 20 24 44 31 15 42 17 26 16 9 29 22 
34 22 21 15 23 23 26 20 20 14 12 20 24 31 23 33 18 37 8 13 36 10 13 24 17 17 24 35 28 26 40 31 29 18 18 16 22 14 17 21 
16 22 25 13 43 24 33 29 11 14 32 12 28 28 16 28 14 36 23 15 20 20 10 26 23 20 30 20 20 28 34 27 34 27 19 17 30 12 11 16 
31 25 23 13 39 18 19 39 28 19 36 15 21 15 20 27 15 23 26 12 30 16 18 25 23 14 34 13 14 29 35 32 32 29 18 18 29 14 19 6 
22 30 25 15 27 20 26 17 20 23 29 13 19 33 8 10 9 26 25 14 22 21 8 36 29 12 32 14 20 24 38 36 18 24 17 19 13 7 25 18 
29 21 28 29 36 28 36 35 35 22 20 25 30 22 23 23 18 28 18 14 18 16 17 21 19 7 30 18 15 30 37 17 27 13 21 14 12 18 22 34 
29 26 17 10 18 15 40 16 9 20 18 15 32 16 12 10 16 30 21 14 31 20 21 21 37 13 20 23 17 19 21 17 22 20 20 19 2 4 29 16 
23 15 15 19 20 20 32 40 20 17 39 14 8 25 17 36 18 25 15 21 24 13 16 37 24 15 31 23 14 18 29 27 23 17 16 4 14 13 9 30 
21 25 9 17 34 25 23 25 24 23 32 19 27 37 24 26 18 27 12 16 42 16 18 35 29 10 29 19 24 22 49 19 26 26 17 15 24 15 24 27 
32 7 18 13 34 25 27 23 22 6 37 27 25 27 14 37 8 31 23 17 32 12 8 22 31 10 32 19 35 23 56 36 14 30 14 25 22 19 26 26 
28 12 29 19 25 17 17 14 25 20 37 10 21 39 14 24 14 25 14 18 37 25 15 26 28 19 25 11 26 21 29 22 21 27 18 6 34 20 25 31 
31 23 21 15 24 23 24 31 20 19 22 25 26 30 16 22 12 25 11 19 34 20 12 25 31 11 21 21 19 23 35 24 14 20 17 20 33 20 24 13 
19 19 20 17 5 23 30 30 5 21 24 18 25 24 21 19 17 30 17 14 42 22 22 28 22 14 27 9 18 17 30 19 24 26 16 15 26 17 12 28 
24 19 20 15 28 23 18 34 23 23 28 14 22 35 20 21 11 36 19 15 32 18 19 20 20 13 20 17 16 27 30 36 26 23 15 21 24 14 21 7 
29 26 16 21 31 18 12 28 16 13 11 14 29 31 26 28 7 22 21 18 25 21 15 27 26 17 27 20 19 18 38 18 19 33 11 21 23 15 31 20 
23 11 26 20 26 27 34 28 34 14 14 18 14 23 15 23 18 36 21 7 20 20 12 20 30 11 25 30 16 15 25 29 24 33 24 16 18 18 34 17 
34 12 18 23 30 21 25 14 24 13 25 20 25 27 16 23 10 29 16 17 33 11 13 24 29 14 13 24 21 14 11 21 15 16 11 14 14 18 25 27 
22 12 22 11 35 13 23 34 25 23 15 14 22 24 15 22 18 34 19 10 27 19 18 6 23 20 17 21 19 26 40 23 14 12 17 12 17 24 18 22 
31 31 26 11 25 21 27 27 30 18 21 19 19 38 20 18 15 12 8 14 26 9 16 32 37 20 34 21 22 26 44 27 15 17 10 23 26 24 29 35 
31 22 16 20 35 17 27 24 16 11 30 16 19 32 24 26 14 22 15 18 34 5 16 35 37 16 29 32 25 17 27 25 27 24 10 16 17 21 12 27 
24 22 12 15 30 22 21 23 24 20 35 17 17 30 21 33 14 26 21 16 16 15 11 23 38 19 25 13 29 20 32 26 21 31 17 16 16 18 18 36 
22 27 23 18 26 25 33 27 19 24 35 21 20 33 27 31 18 26 29 12 30 14 21 36 33 17 30 16 22 23 42 26 12 19 13 21 24 16 15 39 
24 26 18 23 45 24 24 16 22 21 24 26 15 23 18 22 15 19 12 17 31 29 12 21 28 15 24 18 15 22 30 30 10 21 20 26 19 16 30 17 
22 30 19 17 35 25 23 30 19 17 22 16 29 30 22 24 15 33 19 16 32 17 22 29 32 21 26 7 26 16 43 24 19 31 23 16 24 15 19 24 
9 25 16 14 31 29 31 41 15 12 21 11 27 38 13 18 18 21 18 17 49 20 12 47 27 18 29 18 25 33 20 27 27 33 24 14 16 27 23 18 
36 26 23 19 34 21 13 28 20 10 24 17 23 39 16 28 20 14 25 22 31 22 14 33 23 12 34 19 12 21 31 25 18 32 26 26 18 17 20 27 
33 17 24 18 13 20 31 35 28 15 28 18 19 37 14 34 12 27 23 14 19 14 11 32 25 18 31 19 21 8 34 25 27 17 17 18 20 20 17 22 
21 22 13 10 36 20 20 38 25 23 28 20 12 33 30 23 14 31 19 23 14 28 10 35 34 17 17 23 21 17 22 36 9 25 12 16 27 15 27 32 
20 21 24 13 35 20 29 32 18 19 15 19 27 36 19 25 18 17 23 18 25 17 15 32 34 15 21 23 18 26 23 20 28 21 15 19 24 19 27 30 
34 23 17 11 30 30 26 13 24 10 27 13 21 35 24 19 12 26 21 7 29 28 15 20 30 15 30 17 20 16 21 30 25 26 10 9 26 20 25 21 
32 23 30 13 16 23 32 38 19 17 25 18 24 38 16 22 15 35 8 14 20 19 8 21 18 18 49 31 13 28 40 25 21 25 13 22 19 16 28 21 
11 20 29 16 13 10 19 27 24 20 20 17 20 30 19 20 17 26 10 21 37 20 21 13 14 15 40 22 17 23 39 24 20 19 20 21 28 11 17 11 
17 14 18 19 33 25 24 37 36 14 28 17 18 19 5 33 15 20 21 20 33 24 17 19 29 16 33 22 18 23 33 32 21 36 22 15 28 18 17 31 
26 19 22 13 42 13 36 34 23 19 16 18 21 27 16 27 12 39 18 18 46 19 14 37 28 15 38 10 25 22 34 28 28 28 13 20 21 21 24 21 
40 22 28 18 34 20 19 27 22 22 30 13 14 38 15 28 14 29 13 14 27 17 11 42 30 16 26 16 18 30 38 6 27 21 23 25 22 21 19 16 
16 26 31 22 24 22 33 18 20 24 14 19 22 26 24 27 13 39 17 16 22 8 19 42 27 18 17 17 20 30 22 31 20 24 6 17 25 18 19 22 
38 23 20 19 27 24 24 27 16 14 41 19 16 18 17 23 14 22 23 14 23 18 10 35 34 13 33 21 13 26 31 37 24 20 16 8 19 17 27 11 
25 6 19 21 25 33 44 30 18 21 10 19 19 22 23 19 7 30 26 14 26 15 14 41 22 14 24 11 20 18 41 31 22 21 15 25 26 20 21 19 
23 19 11 14 30 21 24 35 34 24 19 12 24 32 24 26 9 37 16 18 27 24 10 4 25 15 21 32 29 13 12 28 20 32 15 20 30 16 22 23 
21 17 25 12 23 29 18 24 30 21 30 13 19 43 24 31 17 28 17 19 18 16 16 34 34 12 27 20 28 28 24 28 30 28 22 9 25 18 15 34 
20 15 22 21 29 21 29 23 23 17 29 19 25 34 27 29 17 22 19 23 31 13 16 30 15 21 38 16 24 19 45 21 21 22 13 17 13 21 27 29 
12 20 19 24 26 22 24 36 28 14 26 13 28 21 18 22 26 21 15 19 33 13 19 37 30 13 17 26 25 17 23 33 23 21 17 23 10 15 17 32 
17 24 25 14 32 11 11 38 22 18 34 16 27 29 17 24 24 33 11 19 31 20 13 28 29 15 19 17 12 22 20 40 13 24 13 23 34 10 25 17 
25 16 27 17 19 14 22 32 32 11 28 20 26 18 12 24 19 36 23 13 32 17 14 44 24 14 28 26 20 12 28 10 23 7 14 25 24 15 11 21 
29 26 19 16 17 20 28 19 31 19 41 17 22 20 12 21 9 31 30 10 33 13 21 35 33 17 28 26 31 12 38 19 18 18 14 21 25 21 34 14 
31 26 34 15 29 26 28 21 29 8 22 16 18 27 21 34 19 20 12 17 35 17 15 31 12 18 27 24 19 25 36 27 24 21 6 16 17 17 13 14 
8 27 14 18 14 27 33 25 27 15 38 23 14 23 17 26 8 26 11 24 25 2 14 30 18 20 29 19 20 19 27 16 22 30 21 15 18 17 24 31 
31 26 26 27 29 29 12 12 25 8 27 8 28 25 17 22 17 20 18 17 33 28 23 24 29 18 14 17 20 21 33 24 35 23 12 25 11 13 18 15 
23 27 31 15 38 23 23 21 12 19 35 14 20 24 28 24 14 25 24 13 15 13 21 23 39 16 35 19 13 20 39 33 10 17 16 23 7 19 18 27 
24 13 18 14 14 16 28 31 27 31 31 15 26 22 29 30 21 28 19 18 26 13 16 38 19 17 28 34 16 26 26 38 22 27 13 14 18 21 21 20 
19 16 20 15 32 15 26 37 26 6 26 10 20 28 14 21 14 31 15 16 33 27 8 33 21 22 38 24 23 26 9 37 23 31 20 21 10 17 22 35 
20 24 14 15 29 32 19 26 27 13 28 17 14 28 10 31 16 17 13 15 37 17 13 27 20 17 32 24 8 25 18 31 31 24 14 16 15 14 29 18 
27 28 23 22 29 23 26 22 32 24 15 11 21 28 16 32 17 45 16 15 17 31 9 29 31 13 29 25 12 23 22 18 14 18 8 15 20 17 12 12 
28 17 41 24 32 27 42 18 21 22 30 9 25 28 24 23 20 26 18 16 23 25 16 30 16 16 23 22 17 4 19 28 16 16 24 12 21 18 17 21 
34 19 29 4 40 22 29 27 9 16 23 23 24 29 30 31 15 13 25 12 37 23 21 26 28 17 27 24 18 16 26 34 25 22 19 22 25 19 26 36 
22 20 14 17 32 20 23 30 33 15 30 9 23 42 21 25 13 36 20 12 17 20 19 36 19 16 35 23 13 28 33 33 19 20 11 26 22 11 15 14 
18 17 28 15 27 29 28 43 26 27 30 20 25 32 15 30 17 33 19 8 31 18 9 31 34 16 23 18 15 34 22 26 15 15 12 20 16 20 31 19 
8 27 17 17 22 24 31 23 32 15 26 9 27 21 24 20 14 36 12 16 37 18 13 26 22 15 27 12 19 30 47 38 27 14 14 23 27 25 15 20 
24 28 18 18 36 8 36 40 39 13 38 17 31 12 15 22 16 8 25 19 27 16 12 25 33 20 38 14 20 25 32 23 12 37 12 16 24 19 17 22 
25 28 25 23 33 16 27 37 25 25 23 18 31 13 21 26 8 33 24 15 14 25 29 32 22 19 26 18 21 22 15 29 32 24 17 13 20 18 23 17 
24 17 23 25 25 17 39 33 17 12 24 19 24 45 14 36 12 34 14 17 25 14 11 38 23 13 29 16 7 25 27 45 21 37 12 22 21 13 25 28 
43 20 19 11 59 18 26 38 17 14 27 14 13 23 15 26 15 33 14 22 23 28 12 21 16 6 34 12 23 31 18 15 29 26 22 19 15 19 13 19 
22 13 32 17 22 22 28 18 22 14 20 13 23 32 20 26 16 42 9 20 25 17 17 30 18 15 19 21 22 18 44 18 30 26 19 19 23 11 23 19 
40 19 22 11 32 13 35 35 30 18 33 21 31 25 21 37 18 39 11 22 17 16 18 23 14 18 17 21 20 18 38 41 32 14 18 19 23 13 20 20 
14 14 21 11 31 19 21 32 36 16 24 22 23 30 24 19 15 17 13 14 28 22 23 30 28 23 20 27 30 24 15 23 24 24 20 24 27 13 26 25 
31 19 38 19 25 18 31 31 29 12 28 20 28 34 19 28 10 19 18 13 29 17 12 23 25 13 25 15 18 23 48 21 32 24 17 24 19 10 16 18 
26 20 32 17 29 21 25 24 36 18 28 16 28 29 17 32 17 38 14 11 37 20 11 35 22 10 23 19 21 18 34 35 19 18 10 21 22 17 22 24 
22 15 20 10 33 25 22 40 22 18 26 10 17 34 15 25 14 37 17 17 31 13 15 22 11 22 32 17 23 12 28 33 29 28 14 10 10 14 35 13 
27 14 14 14 23 21 17 39 15 21 37 16 22 12 22 35 13 37 16 20 42 14 22 26 30 18 30 16 17 8 38 32 20 25 18 17 14 22 28 27 
20 12 24 21 16 23 25 26 34 23 22 13 25 27 19 17 21 23 9 10 14 27 18 38 16 13 39 28 21 25 51 24 23 19 14 16 22 11 25 29 
26 14 19 21 13 16 33 23 18 18 24 7 17 21 16 28 14 33 18 7 30 24 10 33 27 14 41 32 22 26 28 24 25 31 19 19 29 16 16 17 
18 24 28 12 16 20 28 37 19 15 38 28 16 14 16 29 17 28 13 20 35 19 14 14 20 17 21 24 18 15 24 18 28 31 24 19 17 22 31 10 
32 19 24 23 38 20 31 25 29 23 22 19 29 33 25 40 15 35 9 18 32 12 18 33 22 18 15 20 18 32 28 35 12 23 16 17 14 13 27 25 
29 21 23 14 22 6 23 23 24 21 23 7 9 13 21 26 12 29 18 7 31 21 14 24 34 13 18 22 19 21 20 31 10 21 7 12 19 13 25 27 
28 23 22 17 23 11 22 40 21 27 21 17 32 34 18 27 18 25 25 16 36 11 21 32 27 14 38 29 18 21 48 48 28 27 15 19 25 14 16 15 

MachineCapacities:
MachineID Capacity
0 10
1 10
2 10
3 10
