NumTasks NumMachines NumScenarios
10 4 1000
TaskDetails:
TaskID ReleaseTime ResourceConsumption SuccessorsCount Successors...
0 0 2 9 6 5 1 2 
1 0 4 10 3 7 1 3 
2 0 5 8 2 3 0 
3 0 7 5 6 6 0 
4 0 3 2 7 5 0 
5 0 4 6 7 3 1 9 
6 0 6 5 8 2 0 
7 0 6 5 3 7 0 
8 0 4 8 2 8 0 
9 0 10 2 4 7 0 

18 20 17 25 21 21 31 19 27 36 30 21 12 19 28 34 24 22 16 11 16 21 13 24 15 31 21 20 23 17 31 11 26 12 11 28 29 13 14 11 
14 20 16 10 14 17 24 28 39 29 32 20 10 29 26 24 23 23 9 14 18 19 10 14 21 37 23 28 36 28 24 12 38 22 29 15 38 30 14 20 
23 18 21 18 16 31 31 26 26 8 21 19 20 27 8 22 22 14 16 17 20 23 22 22 5 26 33 37 39 20 27 23 29 19 19 17 17 23 19 15 
20 24 19 18 24 22 19 25 27 22 30 8 9 23 13 27 19 16 15 16 17 25 15 21 21 7 25 25 46 23 39 17 25 22 18 18 24 11 14 16 
14 22 17 17 22 22 20 22 32 27 31 20 17 23 18 42 18 22 21 20 24 19 14 16 17 34 15 24 28 25 39 20 16 30 36 14 31 23 9 10 
20 41 18 14 23 18 26 29 28 29 37 19 16 32 24 30 23 21 15 16 19 23 27 17 13 18 24 27 18 17 36 20 28 24 29 18 20 26 10 19 
13 22 25 13 20 3 27 15 25 9 28 26 17 23 14 42 21 27 14 20 16 19 36 13 14 13 23 27 27 29 18 6 29 14 31 23 16 26 24 17 
31 19 20 15 14 9 22 18 23 17 31 19 19 21 23 18 17 17 18 25 19 11 19 13 16 31 20 22 20 32 23 21 21 18 29 17 23 16 19 17 
20 19 15 19 11 21 16 25 25 23 25 28 14 28 19 22 19 19 16 21 26 23 25 17 15 26 8 25 31 22 21 10 17 25 23 22 31 22 9 14 
22 18 23 8 18 7 29 15 34 37 32 19 28 20 32 27 32 21 17 22 11 17 6 23 10 17 18 22 33 15 43 16 38 20 26 21 9 24 18 11 
26 26 14 12 20 23 28 32 11 25 21 12 11 15 26 29 9 15 15 21 13 7 32 17 10 22 22 24 32 23 8 23 25 20 34 28 24 32 14 16 
27 22 17 13 30 11 29 24 46 30 17 23 19 16 31 14 19 31 11 25 24 20 13 19 22 27 25 22 28 19 5 10 25 24 22 20 39 31 11 20 
15 21 19 17 21 19 12 17 37 41 14 21 32 18 7 26 25 18 19 18 23 16 11 9 14 33 22 27 32 23 41 16 44 24 16 30 22 34 20 11 
18 30 19 19 25 23 20 17 20 27 24 16 11 25 25 20 24 20 14 23 21 22 29 22 19 41 26 22 26 32 16 17 15 19 33 23 22 15 14 8 
22 33 23 20 35 21 16 21 20 38 21 27 18 32 17 30 15 19 11 22 23 18 28 18 23 17 14 27 36 25 28 27 14 20 37 27 31 21 25 12 
14 24 19 19 24 13 20 21 29 26 17 20 11 16 29 22 27 30 17 16 19 20 23 11 20 29 21 13 19 19 22 19 18 15 31 25 19 22 15 20 
26 30 25 16 34 25 29 25 21 44 25 22 17 26 15 28 16 19 14 20 13 20 23 21 20 31 14 18 20 11 33 19 17 23 38 39 19 11 16 18 
12 32 32 20 16 28 21 21 24 32 19 26 23 32 29 32 20 22 17 23 28 25 23 12 12 23 16 22 26 23 57 21 18 15 30 32 34 20 16 8 
17 20 17 17 19 20 32 22 16 23 19 16 18 30 21 27 20 12 13 21 21 22 29 19 12 17 21 42 24 21 29 18 19 28 30 17 22 18 10 11 
33 18 11 16 14 21 27 13 40 43 22 21 25 39 37 25 32 16 15 23 19 31 22 21 27 38 17 18 22 25 36 26 33 20 28 28 39 30 14 15 
26 28 20 15 15 15 35 20 31 25 23 26 12 19 30 25 23 17 15 13 18 16 21 21 18 20 16 19 21 14 31 11 31 16 31 30 30 28 21 23 
28 16 20 13 14 20 33 20 30 27 25 15 18 43 24 44 25 26 18 22 9 16 19 12 16 23 25 29 19 16 21 16 5 26 35 28 28 26 12 18 
23 26 27 15 22 19 33 16 26 30 40 20 23 19 25 28 10 25 13 18 28 24 20 24 19 33 20 32 23 16 26 21 23 28 23 26 29 22 18 10 
19 41 19 19 21 13 33 18 37 34 36 28 22 23 29 22 8 21 22 22 18 17 22 16 18 24 24 34 30 29 29 21 24 18 25 9 36 14 11 14 
29 21 16 13 25 14 34 21 43 34 22 11 26 23 26 22 24 12 17 15 6 19 16 21 15 22 24 22 18 21 35 14 22 18 26 26 13 22 22 16 
27 39 19 19 28 19 28 25 21 35 27 19 16 30 23 42 21 24 10 13 15 13 12 23 17 33 16 29 22 22 25 13 23 15 27 29 26 20 10 18 
23 16 12 8 23 23 41 20 29 16 35 28 18 25 29 37 11 13 15 14 7 18 21 11 16 30 25 34 18 19 28 4 16 21 28 32 27 23 18 12 
21 36 20 16 18 22 13 15 28 23 35 24 7 17 22 29 18 27 16 27 8 6 26 11 16 15 19 21 23 18 16 27 26 10 28 29 18 17 16 18 
25 18 19 20 18 26 30 20 34 25 29 25 19 23 24 17 21 19 15 26 19 15 26 19 19 19 17 16 25 11 32 25 21 25 24 29 38 28 14 23 
22 22 18 23 25 21 38 27 18 30 35 17 13 28 14 20 19 22 17 23 20 9 23 28 14 23 25 27 35 20 39 20 16 26 25 26 23 22 17 14 
11 24 19 11 23 15 23 24 38 36 28 23 16 19 18 28 20 13 19 11 14 23 16 31 13 33 23 33 29 14 26 21 24 26 29 31 28 25 21 23 
15 48 16 15 31 20 20 27 22 32 12 22 21 32 18 38 25 18 17 11 18 17 6 16 18 26 14 26 27 16 32 17 28 12 21 24 37 17 18 15 
17 25 15 21 15 18 21 30 22 25 30 22 9 38 26 22 22 21 21 18 30 12 17 10 22 29 12 17 21 23 23 22 36 11 24 14 13 22 7 22 
31 21 18 16 22 23 34 25 20 33 23 17 25 32 15 17 12 19 22 21 17 14 23 14 20 29 16 30 21 14 35 18 35 18 34 24 32 16 7 17 
26 29 15 12 15 32 32 10 42 39 25 27 27 30 22 27 19 6 18 17 27 15 20 15 15 32 7 30 22 17 26 10 24 19 35 26 28 21 11 7 
25 46 25 17 23 29 32 29 16 30 39 29 26 26 21 28 22 20 19 19 17 24 25 19 17 24 18 30 33 29 28 3 23 21 39 25 21 19 18 11 
30 22 19 16 17 29 18 15 29 36 24 23 18 36 17 37 19 9 18 21 26 15 21 10 20 22 1 22 24 17 32 16 19 22 34 29 7 28 18 18 
22 39 25 17 17 20 19 4 41 18 37 28 25 33 15 33 22 18 21 18 27 21 23 17 12 28 20 37 21 12 40 17 26 20 34 19 26 18 16 15 
21 28 13 16 15 13 31 24 30 24 38 23 12 27 20 29 25 11 14 22 25 19 23 13 17 21 20 23 23 18 40 11 27 9 35 21 25 20 19 16 
19 25 15 18 24 21 28 20 27 40 38 13 18 23 14 22 28 18 17 20 20 27 10 18 18 12 23 26 26 23 23 14 24 26 18 25 26 32 9 23 
10 31 11 11 30 13 19 19 42 32 18 17 15 30 17 22 11 11 12 20 26 14 11 20 11 19 11 24 30 29 34 12 27 21 31 32 34 23 12 19 
22 34 27 11 29 18 22 16 21 47 12 17 14 20 8 27 8 29 19 27 18 7 26 13 23 23 19 20 11 31 26 20 21 17 22 23 19 21 19 8 
8 28 13 13 31 18 24 17 25 38 14 17 14 29 34 20 11 24 13 20 26 15 26 15 15 34 16 24 41 37 45 9 31 15 21 25 25 30 14 12 
27 28 23 15 25 29 36 14 32 25 26 25 22 22 34 22 23 28 19 17 18 16 17 24 21 12 23 32 30 25 29 15 20 14 29 22 20 25 14 19 
18 19 13 6 17 31 31 22 12 18 13 30 12 30 19 5 11 16 22 21 13 20 18 18 24 18 21 20 14 21 24 24 17 19 34 29 25 23 20 15 
28 54 24 10 27 7 30 6 21 25 48 13 27 34 25 24 15 29 19 18 20 15 32 12 23 26 19 32 23 19 12 13 31 25 28 25 34 14 13 18 
17 25 25 20 19 15 15 12 47 29 15 7 11 26 22 14 21 22 18 21 21 20 27 22 16 19 23 43 34 25 40 20 25 28 28 14 26 23 17 18 
21 35 14 17 15 31 32 24 22 27 38 14 22 37 23 20 19 36 17 13 11 14 31 13 17 19 16 23 34 25 29 24 24 10 21 23 22 11 12 16 
28 25 28 10 30 24 25 12 13 23 29 11 26 21 36 6 20 16 14 16 19 12 26 28 22 28 14 26 16 28 26 15 24 27 40 14 36 21 14 11 
27 40 5 22 18 21 10 23 14 30 19 17 12 23 28 28 13 21 16 22 17 20 26 21 20 17 21 22 28 16 35 29 22 13 18 25 21 30 18 18 
18 19 12 22 20 22 22 27 32 12 34 16 14 11 31 13 21 13 16 18 25 19 17 22 15 34 21 23 32 35 24 13 27 17 30 21 22 16 20 11 
26 30 21 21 37 18 31 18 27 17 23 19 20 16 18 19 16 18 12 25 25 23 22 14 8 34 16 34 22 20 33 18 26 11 18 28 19 27 14 13 
17 44 26 9 30 12 42 14 27 27 20 15 19 27 19 33 13 17 17 22 25 17 18 12 18 31 16 38 23 24 23 13 23 19 10 21 32 30 21 7 
20 20 24 13 25 22 31 16 29 22 21 19 17 35 26 22 18 9 16 40 15 20 21 19 18 16 26 30 26 28 24 24 27 22 19 23 38 19 21 8 
20 30 28 18 24 14 24 18 18 23 39 13 9 54 29 31 11 17 24 25 18 7 26 18 23 35 6 26 32 27 37 14 33 19 12 8 30 20 18 9 
30 32 25 10 37 22 27 22 34 29 28 21 18 41 39 30 21 31 18 18 30 20 30 19 13 26 24 28 32 21 34 6 5 10 18 22 26 31 12 18 
17 23 22 18 24 18 30 28 28 24 30 26 19 39 32 33 26 20 20 22 26 17 10 21 12 30 19 23 23 26 33 20 11 27 29 16 13 23 13 11 
11 26 15 13 22 22 28 16 16 27 23 24 15 24 23 28 19 10 13 19 24 27 22 19 19 26 9 21 19 37 15 18 10 17 14 21 25 26 18 21 
18 21 13 11 19 11 34 10 37 32 19 19 25 21 29 31 30 18 23 16 21 24 24 21 18 31 16 27 29 19 15 18 26 14 13 17 21 22 17 17 
29 27 17 13 23 16 27 19 26 37 18 22 18 40 13 23 15 19 15 19 17 20 21 27 19 39 28 25 26 20 24 27 22 25 32 10 20 21 14 16 
11 22 15 11 23 32 15 21 39 23 32 12 11 25 28 25 20 16 12 19 16 12 17 22 24 36 13 27 38 18 31 22 16 18 38 24 24 27 17 17 
21 34 18 14 19 24 32 17 38 33 34 37 23 26 29 28 25 22 11 19 8 24 22 23 15 23 20 30 42 26 33 22 23 12 30 16 19 9 18 21 
31 28 17 8 17 32 38 16 25 44 27 20 17 28 25 28 23 13 10 32 17 21 24 17 17 29 13 12 28 19 28 14 40 23 26 20 39 11 22 17 
22 26 14 14 17 26 37 29 23 23 17 23 6 30 32 35 25 19 16 23 18 25 25 17 18 23 15 27 27 29 47 13 19 12 16 30 14 22 15 18 
16 37 18 13 20 20 18 9 25 41 32 31 11 18 23 24 20 31 15 16 8 22 31 19 14 27 11 30 23 34 38 13 30 13 26 16 11 20 15 17 
14 22 19 10 31 36 23 21 33 36 18 20 19 20 16 27 21 18 20 24 25 11 20 21 16 25 32 29 29 22 24 24 26 31 21 24 17 40 14 17 
12 18 20 16 27 27 21 31 24 32 30 23 16 31 39 23 22 25 27 22 20 23 24 26 15 9 17 22 22 24 39 19 17 19 40 31 27 27 14 18 
33 28 16 18 24 20 26 22 27 34 32 25 26 38 28 20 19 11 16 25 26 19 23 19 17 22 28 12 27 25 24 22 19 23 4 31 28 13 16 19 
30 13 17 22 22 21 42 23 32 43 48 24 12 28 13 36 22 18 23 23 10 27 9 16 17 26 21 19 37 20 42 16 16 28 27 16 16 19 14 13 
24 36 11 15 25 19 45 24 24 33 28 23 14 11 32 14 18 24 18 12 25 27 18 15 15 33 20 24 30 28 26 19 26 24 20 19 30 22 21 13 
15 9 18 17 29 23 20 12 28 24 34 23 17 27 22 18 15 12 11 12 21 14 30 13 13 19 21 24 25 23 26 15 22 23 28 28 24 29 16 19 
25 21 24 26 25 7 39 23 18 39 38 32 17 28 24 33 15 12 16 12 17 24 18 18 15 28 18 27 35 15 17 13 34 30 34 15 24 20 18 20 
22 40 19 15 30 20 23 17 31 14 23 26 23 24 20 31 17 14 16 19 19 13 21 9 22 25 17 38 30 25 23 13 22 12 35 21 38 23 14 17 
28 25 15 21 23 18 24 11 26 35 25 12 16 23 27 31 19 14 14 19 29 24 21 18 22 37 21 25 29 26 25 15 22 25 23 24 23 27 16 14 
31 25 11 11 40 12 32 32 44 31 30 23 26 21 11 44 21 17 15 20 23 19 19 20 19 33 20 30 30 28 30 15 28 17 20 28 26 19 17 21 
23 23 7 15 39 13 38 18 4 29 34 22 16 14 36 29 18 24 9 18 26 7 36 14 16 21 11 11 25 21 30 16 28 24 30 19 27 25 18 13 
24 29 32 15 30 20 26 14 34 32 33 8 9 26 19 25 23 26 14 27 27 18 17 12 18 33 30 29 30 19 21 11 29 17 25 22 37 19 20 15 
24 36 16 24 34 21 27 16 14 52 25 24 14 21 28 34 18 27 13 16 30 16 22 13 13 28 22 15 21 28 29 7 19 19 35 28 13 20 17 13 
16 34 17 12 13 16 39 28 30 20 28 28 18 35 23 32 13 17 17 14 20 14 10 20 17 33 19 23 36 14 39 24 14 19 43 22 41 19 23 28 
24 25 19 15 23 23 38 19 33 26 21 22 16 42 26 37 20 21 18 24 16 17 22 22 19 31 21 33 31 30 27 13 18 12 33 21 29 36 9 6 
20 25 16 15 25 21 21 19 27 15 26 21 16 22 18 36 22 17 16 18 26 23 13 9 21 31 20 29 33 30 33 23 20 26 25 25 22 23 11 15 
21 15 19 13 23 14 23 30 28 28 29 19 7 14 25 20 20 17 12 18 10 17 21 6 16 21 14 22 44 27 29 6 29 19 25 21 29 22 11 16 
19 19 30 11 30 21 27 16 49 25 28 23 20 23 30 26 21 25 16 16 26 21 19 21 14 33 15 37 35 22 28 19 36 26 25 22 23 15 18 15 
7 31 22 15 31 18 23 14 26 20 40 20 16 29 35 45 18 22 15 26 4 19 14 20 17 39 8 31 18 25 35 26 28 16 25 24 36 16 22 16 
18 15 16 19 30 21 33 24 28 25 17 22 19 29 20 20 22 28 19 18 26 17 25 14 16 12 22 26 28 21 29 23 20 23 22 12 29 32 11 21 
27 30 17 19 18 20 26 13 34 32 22 28 18 34 27 33 3 15 15 16 24 19 23 22 11 35 18 33 15 22 34 2 20 20 9 14 26 26 18 18 
17 38 8 9 20 22 13 17 38 33 19 20 16 19 22 23 25 14 19 13 22 13 18 9 9 25 16 36 21 20 24 19 17 13 18 9 27 21 22 13 
22 34 13 19 27 22 44 19 31 25 21 21 23 31 24 28 20 15 17 16 16 17 28 12 14 29 16 23 21 26 32 6 32 23 18 12 27 39 21 18 
19 19 18 13 23 23 45 13 28 23 28 20 7 26 17 17 23 26 20 20 24 20 17 22 14 36 21 20 26 26 27 9 23 22 25 19 24 30 20 14 
11 24 20 15 21 23 30 24 34 26 15 25 12 33 30 27 24 18 14 25 22 15 21 19 25 28 19 23 17 15 33 20 12 28 27 20 20 17 15 12 
27 25 16 17 24 27 21 16 33 29 34 23 22 22 23 31 22 24 17 16 32 12 9 18 21 37 13 30 24 38 29 21 28 19 35 38 19 19 15 11 
20 20 11 15 27 12 34 29 27 33 37 19 21 15 19 15 21 28 11 21 23 22 15 11 14 10 18 29 24 14 39 13 15 15 25 21 36 21 8 14 
36 23 9 9 24 25 34 13 23 21 27 29 14 21 23 27 22 17 15 17 22 15 20 13 19 24 17 11 24 28 43 8 18 20 30 25 36 19 15 13 
26 30 20 15 14 16 33 18 29 23 30 21 11 30 23 25 22 28 14 26 8 21 22 18 15 27 12 21 20 20 29 11 9 15 18 20 33 20 12 23 
14 21 15 16 12 19 34 19 24 26 36 18 13 24 30 13 16 12 12 16 20 25 10 18 10 12 16 16 20 23 27 22 21 22 39 26 35 23 22 17 
22 28 17 13 31 24 17 13 25 19 24 18 16 35 30 23 17 15 20 10 21 25 22 13 22 18 23 27 11 30 23 10 29 18 26 30 24 22 8 20 
17 8 11 17 21 15 40 29 18 27 27 15 19 26 27 21 13 25 15 18 30 16 19 16 12 21 22 27 15 24 30 12 28 23 20 23 32 19 18 16 
19 35 19 16 27 22 33 17 26 20 25 20 13 24 26 23 12 28 18 12 15 13 19 11 21 15 15 34 15 20 20 22 36 16 31 22 41 30 19 20 
21 19 14 13 27 13 39 10 12 34 20 24 19 42 21 34 26 17 16 18 22 13 22 16 9 23 21 18 17 35 25 8 22 17 21 19 26 24 12 21 
19 23 17 16 18 19 26 14 14 30 33 14 13 32 16 17 22 24 18 18 33 27 20 16 19 30 10 35 20 17 40 28 24 17 33 33 22 36 20 17 
25 30 19 12 24 26 21 12 37 36 38 18 14 29 20 33 15 7 12 22 5 25 15 21 9 27 6 32 33 19 24 19 20 14 33 38 35 21 19 19 
29 21 22 23 24 18 42 17 27 30 26 31 21 22 23 20 20 26 13 26 20 26 16 10 5 30 25 20 30 20 28 19 25 22 27 22 42 20 15 16 
28 29 21 17 15 27 23 18 25 41 21 22 15 29 18 50 21 16 17 18 19 19 25 24 9 26 16 16 29 23 42 20 19 16 33 27 21 19 14 14 
27 26 25 20 25 33 24 25 29 32 29 15 14 44 28 28 26 35 18 26 14 27 31 17 19 27 7 31 28 13 22 8 29 20 25 24 23 20 15 11 
34 30 15 10 14 21 29 21 37 36 23 35 17 26 15 31 24 16 23 24 23 24 17 22 10 27 21 23 24 23 32 8 26 20 26 28 36 17 18 15 
18 4 16 22 31 27 23 20 23 24 36 29 18 31 26 16 17 15 16 18 10 20 19 13 3 36 19 20 25 13 33 11 18 23 18 22 28 19 11 14 
10 21 18 15 23 19 21 12 22 29 32 19 16 10 28 29 17 24 19 7 12 15 18 25 22 16 23 18 29 18 20 17 22 18 21 34 13 28 12 20 
14 27 18 13 27 20 31 18 18 22 36 22 19 43 16 35 20 32 20 14 29 19 30 19 13 29 26 16 25 24 27 5 28 28 27 27 39 19 20 18 
17 21 20 15 18 20 43 26 36 17 41 22 21 18 17 24 14 18 19 17 19 6 26 25 13 34 14 24 19 27 36 7 26 14 25 31 34 24 6 11 
17 25 27 14 19 22 30 18 32 34 33 18 15 34 22 44 24 30 12 18 23 22 12 22 13 32 17 26 26 25 30 20 21 22 28 14 29 19 12 20 
15 35 22 17 36 16 36 23 37 32 36 36 15 29 15 17 15 25 18 23 21 17 21 22 13 35 12 40 25 23 38 13 25 7 36 11 24 26 12 14 
27 48 25 19 20 22 42 26 24 35 39 21 18 27 22 24 18 32 12 11 24 18 12 16 23 34 19 29 23 27 31 26 21 15 24 25 36 13 17 20 
8 15 18 13 21 28 28 16 31 35 32 20 15 18 23 22 21 23 11 23 14 16 15 14 31 15 21 20 43 23 43 16 20 16 19 26 33 19 18 19 
13 20 20 16 21 28 37 23 19 32 34 21 17 31 22 36 20 23 19 16 27 13 7 13 13 22 21 33 17 26 42 14 16 15 36 23 33 23 13 11 
13 14 16 11 14 20 38 12 24 33 15 22 22 18 28 36 18 14 12 12 25 12 20 22 16 20 21 25 31 19 24 19 24 29 35 29 23 25 25 22 
27 19 19 24 25 21 31 4 33 29 24 20 13 31 23 38 22 24 18 27 28 13 11 20 20 21 25 25 35 23 18 18 15 26 34 19 29 16 18 14 
13 39 21 16 27 15 40 12 33 26 21 21 15 25 23 25 16 21 15 15 24 24 20 14 20 18 16 34 32 19 17 21 21 20 18 18 21 30 12 16 
23 13 23 10 33 23 37 14 30 24 33 25 22 39 17 34 22 15 20 23 19 28 18 13 27 35 17 20 32 23 24 19 26 27 32 12 29 21 17 16 
18 18 31 15 23 24 35 20 16 19 13 24 16 30 27 33 18 10 15 18 26 23 15 24 16 11 19 22 33 32 24 30 24 15 46 28 28 27 8 17 
19 33 16 12 16 30 8 23 37 34 49 15 16 26 20 8 25 18 16 14 21 22 13 18 17 19 15 25 15 20 15 24 44 13 37 24 23 16 15 13 
21 32 22 20 26 16 36 20 42 21 27 26 19 28 11 36 20 13 10 19 17 11 23 15 20 30 20 19 24 24 20 20 26 24 25 21 32 15 15 19 
20 14 27 10 24 10 38 23 39 38 18 15 20 14 12 29 19 21 15 25 20 21 21 24 18 36 21 17 15 19 29 15 17 21 34 26 28 30 25 18 
13 17 18 17 21 15 40 11 40 21 32 19 18 26 26 25 19 25 17 25 18 18 24 22 22 26 20 31 19 14 29 22 27 6 33 25 32 26 15 18 
23 30 22 12 17 15 25 23 23 20 26 22 27 40 28 18 19 18 15 21 18 16 13 24 12 36 21 24 32 21 31 10 28 16 19 29 16 29 15 14 
22 46 11 15 22 29 34 27 38 27 24 23 23 22 24 28 21 13 14 24 26 12 17 11 11 14 28 30 25 30 33 20 15 16 32 22 36 25 15 23 
9 29 9 19 15 23 29 24 20 32 28 22 11 24 9 19 19 26 12 11 24 27 15 16 23 28 28 23 29 24 39 6 21 19 31 22 37 12 18 12 
15 39 4 12 23 19 17 17 35 12 34 26 14 32 27 31 25 17 11 23 24 20 13 17 20 32 12 22 11 22 29 26 23 20 35 23 32 22 17 14 
27 37 11 15 21 19 34 28 31 37 34 25 14 37 21 36 21 28 18 24 18 24 25 16 18 26 21 25 32 19 17 25 28 13 28 27 20 33 13 16 
11 23 22 18 25 27 38 21 31 30 36 32 14 20 16 20 17 17 13 10 29 19 22 10 19 32 17 29 30 23 34 19 17 20 14 25 19 16 18 17 
24 28 25 10 24 9 28 25 29 29 18 24 13 33 17 39 29 24 15 18 24 21 35 14 26 24 18 24 22 39 30 18 4 25 35 19 19 33 12 18 
23 17 17 24 8 13 26 27 36 30 29 24 29 23 20 23 12 20 20 22 20 18 21 11 11 28 16 26 38 26 44 22 27 9 38 21 29 15 13 19 
26 33 4 16 19 21 23 14 19 4 22 18 22 30 12 28 16 23 10 11 11 22 25 9 18 36 15 29 27 30 31 11 28 13 22 29 24 20 20 19 
19 24 21 10 25 20 20 19 31 25 29 17 26 26 34 24 15 22 16 15 28 18 24 18 19 33 19 24 28 24 28 21 19 18 32 39 26 27 13 21 
24 15 19 14 16 25 31 7 25 27 28 17 18 24 29 17 12 18 12 19 23 18 8 18 18 22 21 21 28 15 31 9 34 19 33 28 27 24 17 15 
24 25 21 9 27 28 23 13 33 23 25 28 22 19 27 24 23 25 17 22 25 14 17 11 23 25 16 20 18 31 27 25 29 21 20 31 32 20 22 13 
21 39 16 17 18 23 32 19 34 43 24 6 19 28 23 37 22 17 17 10 18 20 21 10 24 23 12 32 21 7 44 19 21 16 34 22 32 26 17 17 
22 39 15 16 17 15 22 23 37 36 40 23 19 30 23 31 25 21 16 27 15 28 21 28 17 18 23 22 36 14 32 15 27 15 37 35 30 12 22 16 
22 26 12 9 20 26 30 16 20 39 32 30 17 24 25 32 20 19 10 18 24 23 21 7 17 22 10 14 35 18 36 25 26 24 19 22 29 27 11 13 
9 37 25 15 25 19 31 21 39 28 26 18 13 39 15 29 11 24 15 12 16 20 20 19 22 28 8 34 32 12 20 19 29 22 36 21 8 18 15 16 
16 40 23 15 22 23 33 16 12 27 49 20 23 31 25 39 19 10 10 21 23 11 12 11 21 36 17 38 17 26 30 15 32 19 29 27 9 24 15 17 
24 29 17 14 29 15 24 19 32 30 34 15 11 34 26 28 20 18 21 15 27 17 24 21 12 23 24 28 25 17 39 21 23 18 18 27 32 26 13 13 
23 34 30 24 30 18 30 15 25 36 21 29 11 30 20 39 27 16 16 17 23 15 25 17 13 32 26 23 22 30 45 11 21 19 33 21 30 21 16 15 
17 21 25 18 29 12 37 25 39 41 29 28 23 32 23 34 22 22 14 19 22 25 12 22 16 25 14 17 32 23 31 23 29 11 26 26 20 26 18 8 
33 19 22 20 18 29 21 24 25 37 18 20 17 29 20 24 24 29 17 17 27 25 24 22 21 34 19 23 30 18 41 18 32 12 25 23 20 16 18 14 
22 31 17 16 32 16 34 25 25 16 26 18 12 22 31 21 18 15 14 4 20 17 17 14 12 27 19 21 29 28 26 19 27 20 26 22 24 22 19 20 
16 22 21 20 17 25 35 21 31 36 34 28 13 11 28 36 20 23 15 29 14 23 17 19 13 33 19 34 29 25 32 25 12 23 23 21 11 15 20 14 
21 30 15 11 28 8 34 29 35 23 40 15 14 20 24 14 27 32 20 14 31 14 19 4 13 27 23 19 34 24 28 18 24 18 33 17 21 22 9 12 
20 37 27 15 32 21 26 23 41 15 33 26 16 16 29 39 26 17 22 18 18 11 15 13 9 22 19 23 34 20 30 20 28 24 36 20 42 10 9 16 
33 39 25 16 30 26 26 19 19 23 9 15 21 30 23 26 21 26 13 8 19 21 29 22 24 33 31 30 32 32 35 15 25 23 39 19 47 23 21 14 
20 16 9 19 29 12 32 22 35 26 29 20 27 16 24 27 24 24 18 13 13 14 12 17 22 21 19 22 24 24 26 15 31 14 29 20 24 8 19 16 
34 20 14 19 22 16 25 11 37 22 32 23 23 42 24 32 22 17 17 23 14 20 12 16 15 35 26 30 27 25 23 11 21 12 25 14 26 23 17 17 
19 30 14 17 24 13 29 20 43 30 31 20 25 38 8 24 19 25 20 10 22 15 22 20 15 29 20 23 19 28 23 7 24 22 17 21 24 24 14 22 
19 30 17 16 15 17 27 24 24 37 39 15 9 3 36 36 26 17 15 23 23 23 20 16 10 37 19 11 29 27 21 23 25 22 27 19 22 23 17 13 
16 30 8 13 34 4 31 26 39 24 30 19 19 35 21 30 20 23 16 17 16 16 17 16 16 22 20 25 34 24 35 16 23 19 23 28 21 20 14 15 
23 37 22 10 28 29 25 13 29 21 43 21 9 37 37 33 12 22 13 25 37 20 21 15 23 16 23 27 24 32 15 13 28 11 21 18 24 18 13 21 
33 36 29 11 12 24 19 20 13 26 30 19 15 25 32 24 29 14 13 28 25 8 15 18 15 30 15 24 21 30 36 7 27 15 28 13 18 26 11 16 
20 22 14 10 27 26 42 22 35 38 28 18 16 35 20 17 26 29 13 20 30 24 27 20 21 34 16 24 17 23 45 21 29 19 32 24 39 18 13 18 
26 30 15 13 24 24 26 2 35 31 24 30 10 20 19 39 26 20 14 22 23 23 26 21 10 24 15 25 22 26 38 23 20 20 14 27 18 11 14 20 
25 20 21 15 30 18 20 30 24 37 38 16 8 27 12 30 21 18 23 21 22 22 19 15 16 34 17 25 27 23 24 13 29 15 13 21 17 22 7 23 
29 36 18 13 31 33 28 23 32 15 23 12 11 39 16 25 21 13 14 22 15 21 7 16 20 26 15 23 25 24 30 15 30 17 46 16 28 21 14 17 
11 9 21 16 24 29 43 16 25 28 37 21 19 22 19 24 19 24 16 27 28 10 13 13 17 19 18 19 34 22 31 18 30 18 27 31 19 34 20 16 
16 31 7 15 22 18 12 29 11 24 32 17 11 37 27 29 17 18 10 10 19 10 16 18 3 23 14 16 23 22 21 15 28 12 34 17 18 25 19 12 
23 29 22 16 27 16 32 28 50 34 25 21 11 21 21 26 19 22 17 28 20 22 20 23 13 24 13 21 22 22 20 27 34 21 21 27 25 12 18 20 
24 22 14 18 18 24 24 30 17 37 33 19 12 29 23 21 26 24 19 29 12 15 18 20 6 36 16 17 24 23 29 25 25 14 30 14 27 25 16 19 
17 17 21 15 16 11 31 25 26 24 19 28 14 29 14 26 15 17 19 17 22 17 28 18 17 26 16 30 32 27 35 17 13 11 55 25 23 16 24 18 
15 19 18 3 9 22 36 32 28 36 33 32 18 28 38 29 25 28 17 18 17 17 23 8 14 22 26 34 11 30 34 22 15 25 34 15 28 17 16 24 
24 34 23 12 26 21 37 15 43 44 42 21 16 45 15 22 19 14 15 25 24 18 19 16 24 25 22 25 25 23 36 14 34 19 23 27 10 20 17 15 
22 28 12 16 21 23 23 27 14 28 31 26 18 26 18 43 31 16 7 15 28 25 26 7 15 26 20 21 18 31 29 13 34 17 37 28 27 15 13 14 
10 27 19 12 31 24 24 23 45 27 21 8 22 33 16 21 15 22 19 18 22 16 13 17 21 27 16 32 30 27 21 20 28 19 22 23 25 17 13 16 
26 14 13 16 23 26 28 30 38 31 34 22 7 36 28 24 16 36 13 23 11 24 17 20 18 26 13 23 30 22 41 14 22 26 39 17 42 20 14 18 
24 36 19 21 30 21 26 29 37 27 36 29 19 23 26 38 10 17 11 21 14 12 23 26 22 22 21 34 28 28 22 19 30 10 33 29 27 14 11 18 
17 30 15 17 30 14 37 28 4 38 30 27 25 29 30 32 24 29 13 17 12 20 21 20 22 12 17 22 32 21 28 19 18 24 38 24 27 19 15 22 
21 9 18 20 19 19 18 17 27 36 25 16 14 42 16 16 22 21 15 20 24 21 18 20 10 27 21 30 16 23 25 20 23 16 20 16 36 23 20 19 
23 28 16 23 22 18 29 26 13 28 19 29 16 19 10 27 27 26 15 22 17 8 19 21 7 17 23 21 24 26 24 20 29 16 20 29 41 15 18 13 
21 20 18 11 19 21 25 24 15 23 30 22 9 22 37 40 22 19 15 23 24 18 20 20 13 29 20 6 31 14 19 18 27 19 23 24 13 33 13 17 
14 24 15 19 12 14 20 13 12 27 24 21 20 29 24 34 17 28 10 21 21 11 17 20 24 28 11 26 23 19 16 19 34 14 16 27 14 18 22 16 
23 23 21 16 30 21 38 20 24 27 32 17 9 28 25 22 23 12 18 18 23 21 9 34 21 32 21 24 23 22 33 13 21 18 19 16 27 25 14 6 
22 22 15 18 15 25 37 15 42 42 34 29 22 30 21 35 20 22 21 29 21 18 12 18 12 44 33 28 25 31 31 17 26 19 24 33 12 9 14 19 
26 24 18 23 27 18 29 32 29 27 23 20 20 45 29 30 22 11 16 21 25 20 8 27 18 28 14 31 17 34 17 22 36 15 34 15 26 27 14 21 
22 21 20 20 21 20 29 19 24 14 25 19 17 18 20 15 26 25 14 16 13 10 15 16 16 26 11 29 18 23 31 13 31 24 21 20 25 28 15 15 
19 36 26 15 20 23 37 17 44 39 35 23 17 27 17 41 13 17 13 16 22 22 34 14 15 23 17 35 32 23 23 18 35 12 20 24 27 18 13 19 
17 34 14 11 24 8 15 22 20 39 19 15 19 28 28 21 23 21 14 18 24 24 28 8 16 30 16 31 23 24 34 24 23 28 28 22 14 26 16 10 
18 26 18 12 22 21 36 18 32 46 34 28 16 19 21 28 14 10 18 19 25 18 26 9 16 29 26 33 32 21 41 14 19 17 16 28 31 20 16 12 
21 39 19 13 17 26 33 22 24 9 37 20 22 31 9 34 29 19 20 15 22 23 21 19 18 31 21 33 32 14 22 14 15 19 33 20 35 30 16 14 
13 25 15 13 4 19 40 25 37 33 25 16 15 34 9 26 12 20 17 24 18 18 13 22 18 24 21 16 26 19 24 18 28 20 36 17 24 15 13 13 
24 10 18 17 30 19 33 22 27 28 31 22 13 23 21 11 8 11 16 18 11 22 11 22 13 20 17 38 35 17 30 25 22 14 43 20 23 26 12 15 
13 40 24 13 4 29 34 14 29 19 34 25 23 28 28 36 29 19 17 22 28 14 20 23 16 23 17 40 19 30 27 15 30 16 18 30 24 31 14 17 
14 23 12 10 20 21 27 14 56 12 32 17 18 26 22 27 12 11 9 21 18 25 14 21 15 23 17 30 26 31 10 22 28 15 12 20 29 13 19 18 
12 26 18 13 28 15 36 24 37 50 27 24 17 10 17 46 23 25 17 25 15 19 30 24 30 32 22 16 18 21 26 21 25 18 33 30 10 19 16 13 
21 9 17 10 26 26 18 21 20 20 13 9 9 42 26 35 13 13 20 16 20 17 24 13 19 34 12 33 25 23 28 16 33 26 18 22 25 20 14 16 
28 29 12 18 27 27 36 27 27 34 32 17 17 14 14 26 14 17 21 16 16 16 26 11 17 22 22 20 25 27 30 15 21 13 25 19 22 20 11 11 
16 24 24 26 26 21 40 31 23 33 32 11 15 28 41 25 9 24 14 23 18 15 19 15 22 18 18 18 23 20 42 8 5 20 26 23 33 12 21 12 
26 23 26 16 35 34 37 25 26 17 40 21 9 6 24 34 21 22 18 19 24 17 26 18 14 31 19 30 26 15 23 14 44 16 35 33 38 16 18 19 
23 28 18 15 25 32 46 17 18 19 21 21 20 22 31 27 18 14 19 24 10 21 12 24 6 27 22 24 28 22 32 17 32 19 20 29 10 25 17 20 
28 28 25 14 19 11 32 17 29 20 33 15 12 20 16 36 19 26 17 26 22 22 19 15 23 22 19 14 7 28 26 29 19 17 27 18 17 10 11 22 
13 28 28 6 11 20 30 28 40 29 30 19 10 25 10 26 15 23 13 23 24 21 7 17 22 28 18 25 18 16 31 19 23 22 35 22 21 22 19 14 
30 15 17 16 24 17 48 23 27 20 32 16 21 22 31 25 21 9 18 14 24 8 19 18 19 23 20 28 30 17 28 24 30 14 22 18 27 16 6 15 
21 19 25 22 5 24 25 23 13 21 27 22 14 29 11 33 28 29 22 19 21 16 22 13 20 17 11 34 34 20 21 14 20 22 10 21 26 15 14 12 
22 36 16 17 20 16 33 21 38 43 23 38 2 26 20 32 16 23 17 14 33 21 20 16 19 25 20 30 15 23 33 16 28 17 11 21 28 14 15 13 
17 28 19 11 20 26 29 11 36 31 25 20 12 25 29 10 16 21 13 14 22 21 14 17 15 37 11 24 26 24 40 19 39 23 28 18 29 15 23 16 
25 31 19 17 38 30 30 18 34 43 24 26 10 30 26 28 22 25 13 23 12 15 23 11 14 30 10 20 16 26 51 20 20 28 32 18 10 27 21 15 
25 28 13 18 26 20 34 29 43 30 35 16 26 36 29 38 21 18 15 25 31 16 16 10 26 24 10 8 24 26 7 15 30 21 20 30 39 24 20 21 
22 29 8 17 25 25 17 18 31 27 28 19 14 15 19 29 29 15 15 11 19 19 17 20 11 35 18 34 14 31 27 11 39 22 38 12 26 24 22 6 
23 28 17 14 21 21 32 26 48 28 26 16 13 30 28 27 23 30 20 12 23 21 18 18 15 17 14 30 36 21 20 11 18 24 30 19 25 20 17 23 
25 30 16 22 21 12 37 24 40 22 13 24 14 25 33 28 26 24 22 20 25 29 23 22 25 31 24 26 22 19 36 5 25 15 23 28 17 22 18 9 
25 31 16 14 13 18 21 23 35 41 36 18 12 27 19 39 17 23 19 15 24 15 27 20 19 22 19 32 28 34 39 18 26 23 37 22 29 28 13 9 
16 22 16 15 28 23 26 20 39 29 15 20 8 11 32 23 15 8 21 19 16 15 18 3 16 11 19 28 28 22 37 21 22 12 22 16 22 34 20 16 
24 30 9 17 30 20 29 14 27 52 19 21 12 18 25 24 19 25 14 22 20 21 15 15 13 15 22 26 25 18 34 21 28 15 37 32 32 17 15 16 
14 26 15 6 26 19 19 19 20 24 37 24 8 36 5 24 10 21 15 16 23 23 19 15 11 22 12 19 10 14 35 13 36 22 23 28 39 23 15 24 
19 29 14 12 13 35 28 22 36 42 27 28 17 7 23 35 27 21 16 20 23 14 24 18 21 35 10 32 26 13 29 21 35 17 18 19 19 25 14 16 
20 27 29 12 24 17 31 28 31 31 32 29 21 21 26 26 22 18 16 13 16 25 20 16 20 20 16 21 39 20 32 26 24 19 22 20 21 21 21 21 
31 32 17 15 21 12 36 27 41 25 37 18 8 32 19 27 8 31 14 16 14 23 32 15 18 22 16 18 31 24 30 21 17 11 28 20 23 25 9 19 
12 26 5 14 19 14 41 13 27 26 26 21 19 33 21 24 16 12 15 7 28 21 19 10 21 26 15 20 32 9 17 10 17 25 26 24 26 35 17 10 
26 48 19 14 38 21 25 19 25 37 21 22 19 38 19 33 17 22 23 15 17 19 16 18 18 21 18 15 30 23 27 20 36 19 40 11 14 21 18 15 
17 27 17 19 27 19 19 24 16 34 27 23 6 19 14 36 25 26 23 13 17 25 21 19 22 29 17 24 21 19 40 13 36 18 28 18 24 27 16 16 
21 35 24 19 18 21 22 13 23 33 22 20 12 31 31 32 22 14 12 14 23 16 23 30 19 29 13 36 32 28 31 15 21 23 28 18 37 27 13 15 
16 25 15 8 20 19 39 6 39 25 29 7 13 31 30 33 17 14 10 19 23 27 17 10 16 21 10 23 18 30 22 19 35 19 22 34 8 25 16 18 
16 23 20 22 38 17 18 28 32 30 46 19 17 32 30 25 13 22 16 16 20 19 23 19 8 30 14 34 7 16 34 20 27 19 15 18 20 24 18 14 
30 50 28 16 22 15 22 21 45 32 36 24 11 20 22 22 19 21 13 20 23 12 21 23 13 20 16 24 30 29 28 31 41 14 19 27 15 23 18 14 
18 20 21 26 13 18 35 24 36 44 37 14 16 16 27 39 20 17 21 21 22 21 23 17 23 32 19 28 30 32 26 17 23 15 34 21 33 21 19 18 
22 22 24 24 21 30 27 23 39 21 20 32 18 27 28 16 17 29 19 19 34 17 27 21 28 29 21 13 25 17 38 17 37 22 34 13 27 24 17 14 
32 29 16 12 19 19 12 15 24 31 3 26 19 13 23 25 24 18 13 13 24 21 22 22 15 28 14 16 24 24 21 17 26 19 13 28 21 12 19 15 
28 38 23 24 24 15 21 19 28 28 24 17 15 29 21 22 28 12 17 22 14 20 17 13 27 22 22 22 28 19 20 18 31 22 29 28 29 25 11 19 
14 27 17 22 20 33 38 24 39 28 26 15 19 19 32 33 21 17 13 17 27 12 22 18 20 20 20 27 21 20 32 15 28 32 27 29 27 19 10 22 
28 35 22 18 24 15 34 22 28 31 16 29 17 11 22 18 14 9 18 27 9 14 20 17 16 22 13 24 29 26 14 11 35 24 22 30 12 28 16 14 
18 38 21 20 24 21 49 22 14 32 34 24 15 29 31 35 22 24 12 20 22 23 17 13 26 11 14 20 31 21 27 13 29 18 37 31 34 24 13 16 
24 26 14 13 20 18 19 13 39 10 26 8 25 18 9 21 20 16 16 22 27 28 20 7 13 28 27 12 30 14 17 13 21 17 25 22 15 12 24 20 
23 31 19 14 27 27 42 18 36 20 9 33 18 11 21 23 18 10 13 14 21 18 20 15 19 26 20 27 27 29 26 18 26 11 28 22 32 26 11 25 
18 37 20 20 10 22 30 30 33 34 32 24 11 14 23 25 14 27 12 29 20 15 23 13 21 22 18 26 16 26 36 10 21 21 7 30 18 23 15 13 
19 27 14 19 23 20 42 21 21 23 22 25 15 26 30 43 17 22 16 25 24 25 25 19 20 35 11 24 30 14 36 28 22 12 35 25 38 18 15 17 
22 38 19 9 28 29 32 23 43 23 47 20 29 19 38 20 27 23 20 14 14 17 15 18 17 26 9 31 26 21 30 9 11 17 38 21 23 29 20 12 
12 36 24 13 21 14 37 4 33 32 25 23 21 40 17 17 19 20 20 20 19 19 30 24 20 30 24 27 14 24 26 20 19 23 21 18 26 20 20 15 
17 39 26 18 14 16 38 14 28 20 34 22 19 14 42 21 19 29 13 19 29 16 27 14 18 24 14 35 22 24 30 23 21 8 21 22 39 30 8 14 
18 28 28 13 14 20 6 27 28 26 25 20 20 20 19 42 10 10 13 17 20 18 21 9 16 15 16 23 36 27 30 24 25 18 16 19 42 30 18 10 
15 19 21 7 27 28 26 22 34 23 19 6 24 33 25 33 19 15 19 20 19 20 17 13 11 29 24 21 17 26 41 18 18 18 30 23 14 17 14 18 
16 27 23 12 30 32 29 18 36 27 39 16 13 29 31 33 23 23 16 14 24 12 22 11 17 29 18 31 32 24 26 16 28 16 20 20 28 12 22 15 
24 26 16 18 10 18 30 23 20 49 22 19 11 17 28 28 12 25 14 17 15 18 15 15 17 26 17 43 13 19 49 19 24 18 29 29 25 16 12 12 
20 25 23 16 17 22 22 12 41 25 35 16 13 32 10 22 20 12 10 11 19 19 21 19 24 21 20 14 18 28 21 20 27 23 35 18 32 25 19 15 
20 33 25 13 27 28 27 18 22 31 22 23 17 36 19 25 21 22 11 24 13 14 16 11 17 36 16 22 14 25 37 9 17 21 34 14 22 25 21 19 
23 32 6 15 18 25 23 21 28 30 38 14 18 37 26 31 20 25 11 23 19 20 13 19 23 26 21 33 21 13 31 17 24 19 34 33 34 12 9 18 
20 26 22 20 23 27 32 22 40 35 31 25 12 28 27 17 23 12 10 16 24 26 14 15 19 22 18 16 22 21 27 11 25 22 26 32 31 20 14 20 
19 27 21 19 19 22 24 18 38 34 32 18 8 27 28 19 21 25 28 12 17 16 24 18 26 30 17 30 23 27 29 13 20 18 23 35 16 14 28 13 
19 9 24 13 25 20 26 13 50 13 22 29 16 20 23 21 23 14 17 21 13 21 30 16 17 29 19 17 36 26 19 7 36 21 28 25 29 25 18 16 
26 25 12 20 20 19 22 25 40 28 31 18 13 33 34 19 17 21 19 15 33 17 32 18 18 17 10 23 30 32 22 23 35 18 35 25 30 20 20 14 
18 30 16 9 23 22 34 23 14 16 27 19 12 35 21 30 15 13 17 15 33 18 23 25 20 28 12 31 35 10 22 12 35 21 18 41 27 20 15 14 
12 38 24 12 18 21 17 18 29 34 41 24 17 21 17 23 12 19 13 19 22 19 29 17 19 15 22 25 35 16 28 11 18 27 30 33 29 19 13 12 
35 28 17 14 21 14 18 22 25 24 19 23 21 21 23 31 24 16 15 27 13 17 15 30 17 23 14 16 20 22 23 14 26 22 29 26 26 30 12 15 
24 22 18 10 15 22 36 19 55 30 21 27 17 18 3 5 20 21 22 14 26 12 21 18 19 24 17 31 33 30 33 14 26 27 28 22 26 27 12 17 
20 24 21 18 24 15 37 16 32 22 32 21 18 35 22 29 19 13 22 23 21 21 25 12 9 24 18 21 21 24 41 15 27 17 28 34 33 25 12 13 
16 29 19 16 18 15 26 19 49 5 33 21 17 19 30 23 18 23 26 18 25 17 22 17 15 22 27 27 41 21 31 17 13 18 24 17 20 25 15 13 
9 25 19 10 19 36 19 23 41 37 23 18 13 35 21 12 26 25 19 23 14 13 26 21 8 27 16 30 25 23 19 9 35 14 20 9 24 15 17 15 
26 16 23 10 26 24 31 21 27 38 45 20 21 27 6 17 10 19 18 25 22 11 16 21 24 28 12 16 24 29 36 15 20 16 24 17 40 28 20 22 
21 38 12 17 14 18 22 28 33 35 28 26 13 21 35 30 21 13 17 26 10 12 17 13 17 35 21 25 26 17 19 18 17 17 33 21 17 21 9 15 
26 8 22 13 23 14 36 17 43 34 25 3 18 24 7 39 17 7 15 17 10 19 8 9 20 23 12 23 20 22 29 29 31 23 23 30 35 20 17 22 
17 31 17 19 25 21 32 24 26 23 19 18 21 14 30 39 18 21 9 18 30 14 2 14 19 22 11 26 12 18 27 14 22 18 23 35 42 11 10 13 
21 29 14 5 19 29 18 29 29 22 24 19 21 24 19 31 21 16 12 16 32 21 20 12 23 35 10 26 30 34 31 17 25 14 20 21 24 23 12 11 
13 20 23 12 24 25 32 25 40 28 26 28 23 29 20 26 10 18 18 24 23 17 19 10 15 36 21 25 20 12 29 17 27 17 19 25 15 17 19 15 
10 38 18 16 36 21 35 20 22 40 30 7 17 26 20 26 22 14 19 16 29 19 15 20 20 29 31 25 17 42 28 19 25 18 26 16 15 24 12 16 
27 16 19 17 25 27 31 11 31 17 32 23 25 22 31 22 23 25 10 11 22 11 31 20 20 32 12 25 25 21 23 8 24 11 19 17 25 24 18 13 
28 32 16 10 30 28 20 23 27 48 30 25 20 26 28 18 18 21 18 19 22 20 14 19 17 34 19 31 18 19 43 17 17 30 21 24 19 17 20 16 
23 31 25 20 29 23 33 20 33 36 42 17 18 14 33 30 18 25 18 11 19 18 25 21 18 37 27 25 27 25 16 18 8 20 30 24 26 11 19 16 
19 38 20 16 26 24 25 21 24 30 23 16 18 20 21 33 26 16 16 21 25 17 15 25 24 28 22 26 24 21 29 26 25 21 38 31 23 34 19 17 
25 29 20 22 26 22 28 24 28 31 39 16 11 43 21 13 20 20 22 23 14 17 25 18 7 26 21 31 18 28 35 21 27 22 21 17 14 32 19 8 
23 34 17 12 17 18 26 14 34 24 42 34 16 29 23 20 20 28 13 17 15 10 24 11 23 26 16 28 18 31 34 18 17 20 31 28 14 17 20 15 
23 13 14 13 27 19 34 26 23 39 35 25 14 23 29 17 19 24 10 26 35 15 29 13 18 23 13 17 41 31 25 30 31 21 39 20 37 14 19 20 
28 16 18 14 30 24 27 22 42 25 28 16 18 15 18 37 20 15 14 23 18 15 13 17 23 27 23 28 37 18 36 22 21 17 16 24 35 22 14 13 
25 19 26 14 19 27 32 20 13 23 31 26 23 12 24 21 16 22 19 23 16 10 23 12 16 19 17 27 16 13 31 20 23 20 18 22 37 15 17 17 
30 23 23 18 18 22 31 27 45 37 21 23 13 16 25 27 24 18 15 11 21 13 14 20 19 31 23 25 25 26 20 20 20 12 11 21 47 34 18 22 
21 25 22 13 21 18 7 21 53 34 36 15 29 22 17 37 21 12 19 8 8 20 12 18 20 16 24 26 20 28 23 17 17 17 42 34 41 29 13 15 
14 18 25 17 13 16 26 28 27 27 22 27 23 26 22 29 17 13 10 16 23 23 20 15 20 37 13 21 36 23 21 21 22 14 25 24 13 20 23 20 
25 27 16 13 27 23 36 23 54 30 27 19 23 42 31 21 19 29 13 19 22 17 26 10 18 35 23 23 24 32 28 24 21 24 36 28 33 24 17 14 
16 18 18 10 27 37 33 20 38 37 30 27 19 32 36 25 24 21 16 21 15 15 19 26 11 20 17 26 30 19 52 13 31 21 17 19 29 23 14 23 
21 19 23 12 21 24 24 28 31 21 32 11 24 35 22 38 13 23 12 20 26 26 17 12 13 26 18 19 24 18 27 24 7 10 18 32 39 15 14 14 
31 28 13 12 19 10 32 22 25 21 30 16 16 34 28 37 15 6 20 22 31 21 17 22 12 14 20 25 32 20 33 17 19 20 39 31 26 23 15 26 
19 17 17 12 21 20 26 19 39 33 33 29 13 18 16 39 19 20 8 22 25 15 17 20 17 19 16 22 32 7 25 17 17 21 40 27 2 17 11 19 
25 28 29 14 27 15 29 17 28 22 21 21 6 31 31 32 16 26 18 20 34 17 15 12 2 21 21 29 21 31 28 16 30 19 39 15 19 24 11 19 
27 21 15 13 26 10 33 19 36 19 33 18 21 29 25 20 25 19 13 24 17 29 25 12 16 26 20 31 33 30 14 23 33 19 24 32 20 31 25 16 
10 13 17 21 24 25 50 15 24 19 23 19 18 15 18 17 21 14 18 15 21 26 18 17 16 28 23 15 26 18 24 16 25 24 32 22 19 21 13 15 
23 43 22 20 25 16 21 11 22 31 12 19 10 20 28 40 20 17 22 14 28 13 16 16 20 15 22 25 28 21 29 14 29 20 24 26 33 33 13 17 
26 20 15 16 28 30 29 21 21 31 39 22 24 28 13 30 17 27 15 18 28 23 12 24 22 37 16 32 41 17 43 18 23 6 16 21 18 16 10 17 
24 18 12 14 29 26 37 29 39 44 27 21 14 28 21 34 22 20 12 16 6 19 27 12 24 26 14 35 32 26 31 22 17 25 21 24 24 26 19 18 
15 20 20 16 25 15 29 33 30 21 24 20 14 33 14 30 26 16 19 20 18 25 23 15 15 42 20 20 30 30 33 26 19 23 33 23 18 15 18 17 
22 16 28 12 14 17 20 20 17 34 25 29 21 42 17 34 22 16 16 14 18 22 19 19 22 28 20 13 30 23 35 12 30 20 16 26 34 14 20 13 
13 31 23 14 17 26 26 20 26 21 22 16 12 35 18 18 13 18 13 22 16 19 19 17 18 28 14 25 19 28 23 18 16 22 25 25 19 23 15 10 
19 34 22 21 17 18 20 18 30 28 28 30 26 28 24 25 21 20 15 23 12 8 24 16 24 17 25 22 34 18 21 4 25 21 30 15 45 22 14 20 
13 39 25 10 24 22 21 20 18 31 18 15 15 13 24 26 19 21 20 11 2 12 10 8 18 21 21 30 23 18 30 19 24 22 28 20 28 22 10 17 
21 38 21 13 16 15 14 19 34 28 25 28 19 37 20 39 11 23 10 21 20 18 23 19 12 27 23 20 32 25 30 11 24 22 34 20 15 23 7 18 
25 34 25 18 26 24 33 22 23 28 24 26 19 15 20 20 16 17 17 11 34 19 26 16 14 30 15 30 38 25 42 17 23 20 30 29 29 11 13 21 
21 31 16 21 19 25 38 20 22 33 12 18 21 29 26 28 22 22 15 17 25 21 18 23 20 27 21 18 30 26 25 15 31 25 35 19 30 23 20 14 
22 38 20 16 30 28 13 39 27 30 22 22 17 21 17 24 22 18 13 13 25 15 21 15 19 27 14 32 15 12 28 20 28 18 36 34 19 24 18 14 
18 20 29 18 32 21 23 23 35 39 32 23 12 25 29 24 28 33 19 16 19 15 17 16 17 29 13 25 28 27 38 18 26 16 59 32 23 29 14 15 
27 24 26 13 25 14 26 28 26 40 18 28 9 32 35 27 21 20 14 24 18 15 19 8 11 20 24 33 30 23 30 20 23 18 36 18 32 18 17 21 
19 34 22 15 16 18 21 41 33 41 34 27 15 23 23 19 26 23 13 16 23 24 22 7 13 27 23 30 29 22 37 17 17 18 33 27 27 27 11 18 
18 25 23 19 27 28 35 26 35 19 29 23 19 37 11 21 8 15 18 21 27 20 28 15 9 29 15 26 29 25 23 10 29 10 40 20 30 32 20 18 
27 26 17 11 27 19 39 17 36 30 22 18 15 28 35 36 18 23 12 16 17 18 21 20 13 34 15 36 33 31 39 22 31 22 35 32 19 21 22 13 
18 21 12 14 24 31 34 23 38 36 39 24 20 15 20 25 26 20 9 28 26 21 16 16 17 33 16 20 32 24 26 10 25 20 35 25 21 16 9 14 
24 18 23 10 21 11 34 18 41 32 18 22 16 25 24 14 18 18 25 16 27 27 22 20 10 34 14 41 31 19 18 13 32 20 14 24 23 22 15 14 
25 18 21 17 34 25 31 17 26 17 32 29 22 24 26 27 18 26 19 30 27 19 12 22 23 29 17 15 21 23 23 21 23 28 25 15 17 18 13 19 
29 17 14 14 23 24 29 23 33 16 27 30 13 18 32 26 21 22 15 20 18 23 21 16 18 22 16 27 39 21 42 21 31 12 20 12 35 17 15 21 
23 31 13 14 16 18 27 14 39 19 33 34 20 26 15 40 16 17 18 18 21 25 28 12 20 29 13 15 29 17 24 24 16 22 48 19 25 23 15 15 
32 22 17 19 20 21 27 24 23 18 40 24 18 27 23 28 23 18 14 15 17 16 4 18 21 31 12 25 18 21 37 20 34 13 23 17 43 20 15 16 
19 26 19 17 22 20 45 14 28 29 20 20 9 22 31 38 16 14 20 23 20 21 16 13 19 24 16 27 29 28 21 14 12 18 37 23 25 29 17 16 
15 21 21 12 17 17 38 22 38 26 27 21 16 42 30 17 13 23 19 19 14 24 10 16 5 29 12 16 17 24 33 12 32 19 31 18 36 20 21 16 
26 17 23 14 20 27 36 26 35 29 20 21 15 20 22 20 19 14 12 23 25 11 28 20 13 17 11 22 31 17 29 18 28 25 32 31 31 22 14 15 
27 20 26 15 20 29 27 24 30 20 38 13 12 31 19 24 26 24 16 20 20 14 23 11 17 25 18 36 20 24 23 11 24 19 35 25 37 23 15 12 
23 35 27 12 24 5 33 20 40 18 44 23 18 34 32 36 12 13 8 19 15 18 17 17 11 28 12 19 15 17 29 13 14 20 22 35 29 22 18 11 
21 19 22 22 25 22 33 16 37 29 18 19 17 40 35 25 24 10 21 18 19 19 10 22 13 25 19 24 30 13 21 14 29 15 31 18 35 14 14 17 
21 26 28 18 14 17 39 18 30 40 25 22 20 26 33 34 16 21 25 10 24 26 18 13 14 19 22 13 27 31 38 18 23 18 24 19 14 19 18 9 
14 26 25 16 26 21 34 17 48 26 6 26 20 21 28 22 21 16 15 22 24 22 28 14 16 34 24 30 27 21 13 6 21 13 24 27 25 23 17 14 
19 27 19 22 18 17 29 15 17 31 23 14 16 35 38 29 27 20 22 23 22 19 21 18 11 19 14 28 23 31 32 16 30 17 33 36 34 17 12 14 
25 34 22 20 28 28 27 15 26 42 32 23 14 21 6 14 10 22 18 20 25 19 18 15 12 36 19 32 16 25 46 29 33 14 25 26 44 24 13 7 
31 25 20 14 25 17 26 6 24 30 32 19 21 24 21 25 23 24 26 22 29 24 13 10 9 33 12 26 27 25 37 14 36 19 30 22 35 31 21 13 
14 28 23 21 29 14 21 27 27 34 26 21 23 29 26 26 24 27 12 9 13 18 19 22 16 24 14 28 16 21 39 15 10 18 34 30 32 16 14 20 
15 29 12 15 22 23 18 20 39 16 27 23 15 23 41 18 16 21 18 14 29 22 18 13 16 23 20 22 25 21 27 9 27 15 25 18 21 26 19 21 
18 35 16 20 28 28 29 21 36 25 32 26 25 31 13 34 16 12 24 21 20 4 20 14 16 19 22 21 20 27 37 16 23 15 34 18 24 29 18 17 
20 25 20 22 24 4 21 29 30 35 39 17 24 36 18 28 18 28 19 21 29 19 19 11 15 25 26 30 21 24 25 22 11 21 22 22 25 17 18 12 
22 31 22 14 22 26 52 21 23 25 20 26 21 22 32 19 20 21 14 13 14 25 13 15 18 21 24 25 25 24 35 10 24 18 12 25 30 25 21 18 
18 30 20 11 16 20 27 12 32 17 19 24 22 27 33 27 26 19 16 19 23 21 27 21 19 20 23 24 22 33 31 17 20 20 36 32 17 24 13 15 
17 17 21 17 24 23 19 31 34 25 31 24 16 32 35 17 20 20 13 30 23 16 15 12 5 30 22 25 30 31 30 23 30 22 26 21 20 18 16 16 
27 30 18 25 29 8 27 28 27 30 33 26 18 28 22 20 21 14 18 16 23 24 12 11 17 32 28 33 25 15 33 19 35 19 35 20 24 24 15 16 
30 22 26 11 24 26 24 26 32 41 36 22 27 9 34 37 23 19 15 17 19 16 20 19 10 27 16 19 19 33 34 6 29 18 34 19 23 30 26 14 
13 16 23 14 28 10 20 19 39 44 17 31 17 23 28 53 13 29 18 9 14 21 31 14 21 21 13 20 28 17 35 17 25 18 27 19 43 19 15 15 
21 28 12 12 15 22 34 23 27 20 18 14 20 23 26 26 8 13 13 22 20 19 17 20 21 23 23 26 36 20 30 15 17 23 21 23 30 9 22 21 
21 34 14 18 26 13 34 16 19 27 17 23 8 31 18 10 18 12 7 27 19 14 25 12 9 22 18 31 35 26 20 15 32 14 23 22 38 27 16 19 
15 24 17 14 25 21 31 22 41 23 27 21 21 32 26 32 17 18 19 18 33 11 9 17 15 23 13 17 37 34 29 18 37 19 13 16 25 34 17 17 
25 26 32 20 14 12 29 26 20 25 40 14 18 35 25 29 21 18 16 18 24 20 19 14 13 26 13 31 31 25 39 16 18 24 39 31 39 31 17 17 
14 38 17 15 20 23 39 23 31 31 29 28 19 43 34 28 20 19 13 18 25 20 12 10 12 33 20 24 32 25 17 23 20 19 28 13 23 23 16 12 
19 14 15 20 29 15 25 22 17 42 29 24 19 25 24 40 17 14 18 26 23 20 26 20 9 20 17 28 22 22 27 19 24 25 24 27 17 27 19 13 
17 26 18 16 16 16 20 28 32 24 16 19 18 36 20 18 21 26 11 20 30 15 22 13 17 27 20 20 19 23 27 26 35 20 42 26 16 24 21 12 
17 28 20 19 23 29 21 36 35 38 38 22 13 15 13 25 15 22 21 9 20 20 23 24 12 26 27 23 25 19 42 22 25 22 41 19 20 16 16 11 
18 39 17 16 29 24 24 22 23 25 30 17 9 30 23 19 16 16 16 15 17 15 19 16 18 25 23 21 34 23 38 19 33 22 22 33 31 10 21 19 
22 27 24 19 21 17 24 25 25 29 37 22 15 14 27 31 13 24 14 19 14 24 26 23 16 26 15 25 28 30 26 18 22 14 32 19 28 19 15 19 
23 29 22 13 20 22 40 20 31 19 23 23 17 27 22 20 18 26 12 19 18 15 19 10 16 26 25 28 25 22 23 15 14 25 19 26 24 13 10 12 
18 30 20 18 19 24 39 32 33 38 41 15 16 31 19 26 15 21 13 21 22 24 11 21 20 24 25 20 24 5 22 16 23 17 35 32 27 30 17 21 
18 25 19 15 24 30 37 20 35 44 34 14 26 35 27 34 15 27 20 25 14 20 24 17 15 18 9 36 23 24 28 19 31 17 28 28 33 24 17 15 
18 29 18 8 34 15 11 17 41 30 38 12 12 15 19 19 12 17 11 19 30 25 5 21 14 18 16 17 30 19 23 16 34 32 17 28 32 28 17 9 
22 19 17 22 28 27 17 18 9 22 32 16 17 9 22 32 20 21 25 15 34 16 22 21 16 29 15 26 36 21 33 15 30 20 20 25 23 30 16 11 
12 34 22 18 26 23 27 20 38 41 37 17 17 21 20 20 22 21 18 25 23 19 21 16 11 23 24 26 29 21 37 21 24 17 22 22 36 18 16 10 
25 36 13 18 21 25 28 28 22 45 35 20 10 5 16 35 20 7 20 21 27 17 14 20 14 33 10 7 40 28 33 22 26 21 25 25 33 18 10 17 
19 32 23 14 13 22 35 17 29 36 18 19 16 31 26 28 24 29 19 20 21 20 12 13 19 34 9 37 27 20 19 25 26 19 39 13 24 16 23 14 
13 21 20 14 23 25 34 18 26 24 27 21 14 34 29 23 26 19 18 16 10 11 11 19 13 22 21 21 19 15 34 20 20 21 15 19 30 12 10 17 
14 23 25 12 24 18 23 14 10 27 37 14 20 43 20 24 15 17 22 15 20 24 15 11 15 21 17 22 26 20 37 12 8 17 31 20 18 25 25 12 
28 25 21 8 32 22 30 22 48 25 24 25 14 32 25 29 27 7 17 23 32 20 28 13 13 38 15 23 15 15 31 20 18 16 39 17 34 10 12 13 
23 22 20 11 31 18 32 10 26 38 23 19 14 39 25 27 17 26 15 18 42 15 19 19 20 30 19 33 20 23 22 13 23 20 15 24 29 22 26 10 
24 33 20 16 20 26 27 39 30 39 28 12 31 19 19 31 19 11 18 21 20 27 19 17 15 17 29 22 21 32 31 11 31 23 28 15 43 34 15 17 
16 33 21 14 22 10 22 17 38 16 32 24 12 29 21 24 22 16 16 23 20 16 20 17 14 18 17 13 22 22 28 16 32 19 29 20 37 29 16 15 
15 33 18 24 27 19 42 15 39 29 25 27 16 27 34 20 6 12 19 16 25 22 26 18 17 36 6 33 27 20 39 13 26 17 27 21 37 32 15 18 
18 32 20 22 27 15 22 24 40 38 20 28 14 11 30 29 17 17 22 22 17 23 8 15 25 24 11 24 21 25 26 17 24 18 42 19 30 12 14 17 
21 26 10 13 12 31 23 24 29 27 35 22 21 25 12 29 16 30 15 23 17 17 17 16 19 33 21 32 27 21 41 9 25 16 47 23 33 19 12 13 
30 27 22 12 21 24 45 27 19 25 27 24 10 33 13 34 27 17 8 16 11 16 23 17 19 30 20 21 14 35 28 5 6 32 26 27 24 32 21 13 
27 9 23 18 22 17 31 28 27 29 25 25 7 17 17 32 14 20 19 21 29 24 22 15 11 23 19 32 30 26 29 20 29 32 28 27 47 25 16 13 
26 28 9 8 17 21 35 8 9 17 40 23 18 35 21 30 14 11 15 21 33 18 16 8 8 31 21 26 27 19 32 16 26 15 37 13 28 18 18 13 
27 27 17 17 22 16 18 21 10 31 41 29 28 31 19 28 19 24 13 16 24 26 16 22 24 34 22 33 36 17 27 19 31 15 30 27 27 24 12 12 
29 21 25 18 12 33 27 26 42 34 38 28 18 33 23 22 21 24 14 21 23 16 22 16 15 24 20 24 23 18 24 21 17 20 13 24 20 20 15 7 
17 39 22 10 22 18 41 22 25 26 25 10 14 4 9 30 25 18 18 21 18 19 18 12 18 35 21 24 20 26 34 18 31 21 33 12 22 10 18 16 
25 43 18 15 32 24 28 22 22 29 23 24 22 27 9 34 24 22 15 26 23 18 21 23 21 24 14 9 38 17 34 21 29 9 24 26 33 20 11 8 
20 22 22 12 24 16 27 18 32 40 37 7 19 32 28 20 17 12 15 24 19 13 17 13 18 16 13 26 22 26 31 15 35 21 17 27 35 21 11 16 
25 21 15 15 27 11 36 29 14 39 19 18 17 21 26 31 22 28 20 16 16 21 17 19 23 30 21 29 30 22 32 20 20 27 29 26 36 27 21 18 
29 33 21 11 17 21 24 19 36 25 30 23 11 31 25 33 21 27 16 26 22 14 30 21 7 26 24 15 35 19 26 13 23 27 34 25 24 25 14 14 
16 30 25 16 32 20 17 23 38 28 25 29 24 24 9 35 26 23 16 12 31 16 15 17 19 32 15 31 31 21 15 26 31 17 40 15 44 20 18 12 
23 26 16 9 29 20 12 22 32 31 49 27 18 16 23 29 20 20 15 18 21 21 27 16 8 25 17 28 30 16 28 19 23 18 25 28 18 26 15 18 
13 29 20 16 20 23 25 24 22 33 22 24 14 22 29 24 19 29 19 15 27 13 27 19 15 28 19 31 29 29 33 18 22 9 30 32 32 18 19 18 
18 38 19 14 25 17 30 20 26 36 9 22 22 23 30 38 16 25 19 24 18 13 18 17 22 12 12 32 21 18 40 23 33 19 22 31 15 19 12 16 
11 36 18 19 15 9 27 23 39 32 23 25 20 12 29 34 10 23 16 17 17 6 24 19 3 16 27 25 21 25 31 18 20 13 12 27 28 32 20 15 
40 15 13 19 21 24 20 23 26 27 37 23 13 32 23 49 21 22 20 11 25 23 14 19 12 38 15 22 18 24 36 13 20 21 30 18 42 23 13 16 
12 26 17 13 22 21 19 33 38 31 43 27 21 32 23 43 12 14 20 19 28 18 14 18 6 37 14 20 22 18 37 19 24 26 22 24 38 25 22 20 
25 32 20 18 22 17 25 21 37 40 34 25 10 22 18 42 18 16 20 18 12 25 7 19 12 30 15 23 30 29 30 23 19 14 29 18 27 19 18 17 
24 18 22 5 20 19 37 16 35 25 33 19 12 31 16 26 26 13 15 19 19 11 18 16 16 29 18 21 30 16 22 17 42 17 31 28 23 28 16 22 
24 29 23 18 28 18 33 14 16 34 38 15 8 31 22 24 22 17 15 34 21 15 32 19 25 38 11 36 14 24 29 23 21 23 17 25 34 21 16 21 
28 33 23 20 16 18 20 16 23 30 31 8 18 19 13 33 15 23 17 21 19 18 18 14 21 30 18 25 28 24 14 21 35 14 11 18 30 18 13 12 
17 22 19 9 21 23 27 17 23 24 20 33 13 38 22 25 26 25 17 19 19 13 12 25 13 23 21 28 25 22 28 26 31 27 25 30 38 31 19 17 
21 36 19 11 25 25 30 26 41 28 34 26 16 15 22 17 21 23 17 15 21 12 22 20 13 19 17 8 27 17 16 16 18 13 17 17 28 21 12 16 
30 29 17 16 18 20 30 15 34 22 31 24 14 34 25 23 23 11 15 14 23 17 17 9 6 29 27 17 28 20 31 20 26 13 20 30 36 30 20 18 
24 27 18 10 30 26 33 12 37 17 38 15 24 14 45 16 20 16 11 22 19 30 17 12 20 22 16 21 25 16 24 27 15 11 37 27 25 11 17 9 
16 35 18 23 23 16 21 18 41 41 36 19 19 39 39 31 21 23 20 16 6 22 25 16 14 19 22 17 26 27 37 25 28 14 24 24 11 29 15 23 
17 33 26 11 21 34 25 14 23 36 33 8 7 15 34 34 17 20 14 19 16 17 12 13 21 36 14 22 29 26 24 18 21 16 19 21 17 28 7 17 
24 18 18 16 12 16 36 9 34 26 34 22 21 25 31 31 30 20 17 18 11 13 25 14 15 31 30 24 23 26 27 16 17 28 46 16 22 23 17 19 
29 20 14 10 31 20 27 20 35 38 43 21 23 25 16 32 16 20 14 17 19 14 23 11 16 34 20 18 28 12 40 18 39 25 22 13 20 23 19 12 
26 31 16 15 19 20 37 22 18 40 23 15 22 34 21 37 17 13 18 20 23 16 20 9 16 20 12 22 33 17 31 14 22 19 24 21 29 22 15 17 
23 19 17 11 28 17 17 15 30 20 24 18 18 21 16 22 24 16 11 28 20 10 20 17 25 36 14 24 26 29 46 18 30 12 33 21 28 20 16 11 
18 28 17 14 19 24 25 15 41 13 26 25 21 31 21 21 22 23 16 20 27 27 25 21 12 24 22 28 24 16 44 19 20 27 29 20 41 18 15 21 
20 25 18 15 29 22 25 30 20 23 28 22 12 34 23 33 25 19 16 23 21 25 18 23 14 24 15 18 24 8 25 11 20 18 29 25 23 28 18 15 
22 32 17 14 24 29 18 24 32 27 23 29 21 33 31 22 23 7 17 21 17 22 20 15 20 30 18 24 28 15 32 14 39 19 19 14 15 29 21 21 
24 18 28 18 29 20 36 12 39 27 42 31 16 19 14 33 11 15 14 17 18 17 10 16 16 29 16 6 20 23 35 21 19 17 22 18 14 15 6 15 
24 38 23 27 29 21 11 25 34 23 29 28 10 36 39 27 20 23 17 21 30 17 19 28 14 42 21 30 22 20 38 18 27 26 28 31 30 11 15 20 
23 26 26 19 21 23 25 20 36 19 35 27 17 33 21 23 22 26 17 11 23 15 16 16 19 28 8 23 26 19 37 23 43 25 22 18 28 23 21 12 
10 23 23 13 23 24 21 25 16 5 8 13 16 37 24 33 20 18 17 25 22 13 27 10 18 19 19 24 31 23 25 14 14 25 39 18 20 14 15 17 
15 23 11 18 22 19 37 23 32 22 16 9 14 43 22 28 19 23 12 25 21 25 27 16 14 43 17 14 41 22 37 25 17 24 18 32 21 26 11 9 
24 23 29 14 18 21 29 15 39 29 30 27 24 37 21 19 21 19 15 10 25 16 18 13 16 31 24 31 30 26 27 12 33 13 12 23 18 26 11 13 
10 32 19 9 35 27 17 26 27 42 23 17 24 28 37 46 21 14 21 17 23 13 25 10 18 21 15 36 24 22 27 11 29 21 43 37 26 17 18 15 
28 40 8 12 23 19 25 22 20 13 23 19 15 30 24 28 17 22 18 19 17 21 19 11 23 30 18 27 27 23 25 11 12 23 24 14 34 30 19 14 
21 19 19 19 29 30 37 12 24 25 16 22 19 35 33 23 23 24 18 25 15 16 18 20 20 29 14 17 21 16 9 13 23 16 21 20 12 28 18 17 
17 36 22 14 26 20 33 27 32 36 36 19 8 21 24 21 19 6 15 9 30 14 28 11 13 15 16 28 24 9 25 17 18 18 17 24 30 23 10 23 
24 21 23 19 16 9 44 12 9 32 17 18 17 6 20 27 20 23 18 16 28 17 23 12 16 31 23 26 18 25 41 8 32 29 18 17 33 23 15 10 
24 34 22 16 19 34 30 18 22 33 31 18 14 27 31 28 19 31 11 16 16 25 14 11 15 32 23 35 32 21 29 17 20 23 32 29 30 18 19 24 
13 19 13 14 21 29 38 17 35 26 26 17 21 36 22 15 21 22 18 25 16 13 23 18 19 33 17 28 18 29 27 20 26 19 9 25 28 24 13 13 
18 31 17 14 12 28 15 24 44 27 33 24 19 21 22 37 12 21 20 20 23 13 23 14 15 25 22 23 21 22 27 19 22 21 23 36 23 20 18 21 
10 41 31 15 20 9 39 17 28 20 21 17 22 26 24 24 20 19 14 16 26 11 15 7 25 33 14 18 23 23 23 13 28 21 22 19 24 16 18 22 
21 25 11 17 27 21 20 16 36 22 31 21 16 26 25 28 19 29 18 18 11 18 23 11 19 34 19 41 4 23 32 10 37 18 25 30 16 15 15 20 
11 26 16 11 19 6 39 19 23 29 16 17 8 26 27 26 23 26 23 26 25 10 22 7 15 21 20 26 24 24 31 13 19 11 28 25 19 24 8 17 
10 20 17 9 21 11 30 25 35 37 25 15 14 20 22 20 14 27 13 24 14 10 13 23 20 39 21 15 23 31 33 18 21 18 31 19 22 27 17 12 
23 14 22 20 23 19 26 26 21 18 29 16 19 27 24 27 13 27 12 19 25 20 18 10 17 40 13 29 22 29 28 10 26 17 27 23 18 27 7 10 
16 33 17 15 33 22 39 16 34 32 24 37 16 14 20 20 27 18 18 23 18 15 16 23 12 42 22 6 35 18 33 10 17 14 16 21 34 14 11 12 
22 20 17 19 21 18 23 16 40 32 24 14 17 23 13 25 14 20 17 19 37 12 22 22 16 12 28 28 8 24 28 12 37 22 23 16 17 24 18 16 
9 19 17 15 27 20 32 32 31 30 31 28 20 32 21 36 25 23 21 22 20 20 18 22 17 28 10 30 16 25 26 12 34 18 36 22 23 28 20 13 
13 17 18 19 21 15 39 26 34 33 20 29 16 24 23 21 23 15 17 11 25 20 18 20 18 22 26 28 22 15 38 16 16 17 26 24 20 13 15 18 
9 42 17 17 20 12 28 23 39 47 37 23 19 31 27 21 20 10 19 14 23 9 21 22 15 27 23 28 18 39 29 3 20 25 16 22 38 18 17 13 
23 18 12 13 26 24 23 16 50 29 24 16 25 34 26 19 28 17 20 25 24 14 18 20 22 42 21 19 21 25 28 15 31 22 7 21 25 14 17 15 
10 39 14 24 28 26 15 10 15 18 34 16 22 22 31 20 33 4 11 13 6 23 23 16 13 24 27 24 29 18 35 17 23 25 26 15 25 34 8 17 
13 27 23 5 20 27 29 25 15 14 36 20 18 21 18 8 28 24 15 19 26 22 20 17 16 17 19 17 21 29 24 22 16 29 21 34 36 27 19 16 
19 24 23 16 26 20 30 9 34 32 24 15 16 17 26 29 18 16 13 28 22 18 19 23 19 26 19 21 23 25 31 20 24 12 21 17 13 29 17 11 
23 38 16 15 8 28 40 18 18 37 19 26 8 41 14 30 19 20 23 22 16 22 22 14 17 18 14 27 29 15 20 3 31 23 29 22 21 11 19 16 
27 33 16 8 22 22 24 23 34 18 27 29 7 43 25 25 19 6 17 23 18 22 26 16 13 20 23 30 34 25 17 19 23 22 25 32 28 21 14 16 
23 34 21 15 29 23 20 26 25 30 36 26 23 25 37 31 14 14 14 20 9 16 32 10 15 18 16 25 26 25 44 21 17 18 39 34 34 26 16 20 
14 27 30 15 22 6 37 28 19 43 46 19 13 34 31 30 22 25 21 17 20 19 21 12 16 22 16 23 30 27 30 16 23 19 35 35 33 21 23 24 
24 14 12 21 18 31 24 15 43 33 32 15 13 12 15 25 27 16 19 16 15 17 25 22 20 19 18 27 23 26 28 10 35 26 40 28 29 30 20 19 
18 31 18 17 25 32 25 13 11 46 2 13 12 32 21 14 21 10 12 16 25 17 26 16 12 26 25 26 27 22 39 18 36 21 19 28 10 15 15 11 
21 23 18 19 33 27 31 22 41 30 26 21 12 31 29 35 20 20 16 13 16 22 12 26 9 32 20 20 22 17 27 11 30 29 31 27 29 31 24 19 
19 39 8 12 19 17 18 18 28 24 19 12 18 22 32 33 21 27 14 9 31 13 13 13 20 27 14 15 26 23 38 10 30 13 24 18 22 17 15 16 
25 46 20 16 23 25 43 22 13 25 32 33 15 37 18 19 7 28 10 22 29 15 20 14 17 27 18 29 23 27 29 20 29 12 27 29 22 21 23 13 
25 24 25 12 23 6 25 27 31 29 31 4 21 25 24 28 16 13 21 18 5 21 15 25 22 26 11 23 18 23 29 10 24 15 24 30 28 20 16 19 
30 7 18 17 26 15 13 25 31 28 18 29 24 26 23 28 17 16 18 14 19 25 28 22 10 30 21 26 36 22 52 21 30 16 27 24 31 26 14 17 
19 21 28 13 23 10 36 16 30 32 37 18 17 19 24 34 20 13 17 25 18 23 30 14 9 33 18 26 36 28 32 10 24 18 32 27 38 26 19 17 
32 20 15 6 15 16 24 22 19 38 36 22 22 13 24 22 24 13 19 23 27 22 31 20 15 23 15 13 41 27 25 7 6 20 18 23 43 18 10 16 
20 35 18 14 13 21 28 23 34 29 35 25 16 27 25 20 13 18 19 20 17 21 22 14 24 29 18 29 31 13 37 14 20 28 46 16 27 19 22 14 
19 22 12 10 28 17 39 19 31 26 27 24 14 24 26 36 24 18 12 19 24 16 16 14 11 20 21 22 29 17 27 22 26 17 18 19 41 24 16 16 
22 43 21 13 24 19 11 21 23 35 28 25 17 37 9 23 28 22 16 13 16 15 22 24 14 26 24 14 36 20 33 18 26 14 23 28 23 16 22 21 
18 25 17 8 18 26 24 29 39 34 17 17 18 17 25 35 19 17 20 24 16 18 17 17 18 28 18 30 16 19 32 8 33 28 24 16 37 23 11 19 
7 17 17 13 27 28 38 22 22 45 33 21 23 29 28 35 15 19 19 14 27 20 24 10 9 36 13 26 24 24 42 12 26 19 32 29 22 18 17 23 
18 15 11 15 13 7 17 11 27 29 25 26 14 30 33 16 18 15 12 23 11 18 13 17 18 33 21 32 36 27 8 12 15 24 29 8 11 23 8 17 
26 16 21 16 20 26 34 27 50 36 26 26 27 29 13 35 20 21 15 14 32 18 17 10 17 32 25 29 36 20 25 17 28 12 24 26 26 31 17 21 
29 26 28 17 24 28 25 27 42 20 39 15 16 27 20 29 18 31 14 20 20 17 17 22 11 30 19 33 28 30 24 24 20 20 25 16 25 18 13 12 
28 32 9 13 14 21 35 20 22 36 26 30 14 28 26 30 16 34 16 18 21 13 14 18 15 27 19 34 14 24 22 19 28 20 30 13 20 19 15 18 
15 22 18 17 19 25 27 23 24 33 23 28 21 27 34 32 16 14 16 16 21 23 27 15 20 37 19 19 37 16 34 14 26 16 38 19 27 19 15 17 
15 22 13 7 16 25 30 18 34 38 44 15 23 17 25 38 18 28 16 17 25 19 19 29 21 19 15 25 23 26 27 15 26 22 20 20 31 18 16 17 
13 17 11 12 23 27 26 21 32 29 17 31 17 26 19 29 31 34 21 14 20 20 28 14 13 13 14 24 34 23 40 18 21 24 16 23 25 11 20 11 
22 33 22 18 24 27 11 21 33 25 23 27 19 25 25 18 17 22 17 15 27 18 24 21 15 20 29 20 27 26 38 11 21 26 24 23 27 18 17 13 
25 33 15 14 16 20 25 17 31 28 24 36 11 41 21 31 21 22 12 14 22 24 21 21 7 25 20 16 37 25 25 18 25 16 28 24 36 23 19 15 
24 21 19 14 11 16 26 38 28 19 23 16 16 22 22 19 13 22 17 17 25 30 18 8 21 33 29 18 21 26 22 22 23 25 42 14 26 26 12 19 
27 25 22 12 26 29 33 19 17 26 26 17 13 18 22 33 29 21 16 12 24 15 22 15 24 28 22 29 14 18 33 18 13 20 29 30 31 29 16 16 
28 37 12 16 22 25 39 22 39 11 28 26 21 31 24 29 22 11 15 25 16 8 15 19 19 27 15 29 21 24 22 10 13 15 40 20 21 39 21 18 
21 32 21 14 24 21 29 13 22 37 26 21 20 39 25 35 19 27 19 16 16 18 21 9 17 22 17 36 34 20 25 28 33 28 28 27 28 28 21 15 
20 32 23 4 27 19 23 19 31 25 32 23 18 30 20 25 18 25 15 13 16 22 12 17 20 29 21 27 18 38 37 17 24 16 34 35 25 21 19 17 
25 19 20 9 28 19 24 24 28 24 34 26 24 33 35 29 17 22 11 19 26 12 24 19 13 35 23 22 30 25 43 13 28 19 27 21 30 22 11 17 
8 36 26 19 21 23 36 16 27 49 31 17 17 40 37 15 22 20 20 22 19 14 15 17 20 19 20 28 37 24 42 14 32 13 41 23 16 10 8 17 
27 15 19 16 27 15 30 17 39 27 17 9 12 41 26 27 24 25 22 25 24 24 31 17 17 29 25 31 14 21 24 19 38 17 38 16 36 22 15 13 
27 32 24 17 27 25 25 14 27 21 5 22 14 33 22 20 17 10 15 16 12 18 15 18 16 33 14 18 31 27 32 18 28 10 46 24 7 14 21 14 
24 22 16 22 17 18 34 14 34 35 33 17 15 24 25 33 26 27 14 21 25 21 19 7 20 27 18 27 24 25 26 11 27 9 33 16 21 23 15 25 
21 14 15 14 30 18 41 25 38 36 36 17 20 32 24 34 17 29 18 18 25 11 13 7 7 14 13 25 40 22 33 14 25 21 24 21 18 23 17 16 
18 36 21 18 43 26 31 31 33 18 26 20 13 44 31 17 17 11 18 13 22 23 16 16 10 29 15 32 30 13 28 18 27 20 28 29 29 20 16 17 
13 41 15 15 27 25 27 21 32 27 21 13 12 30 37 25 15 16 11 23 13 21 34 17 11 17 16 24 29 23 24 15 24 11 23 23 13 23 19 19 
25 39 12 12 27 21 23 25 21 37 29 21 19 6 30 22 17 12 20 16 25 21 16 21 17 34 21 19 30 20 37 8 25 22 19 22 28 19 20 13 
18 19 12 15 20 24 41 23 19 22 27 18 15 25 26 34 16 18 17 14 17 19 25 15 15 27 20 28 18 29 18 9 26 17 28 21 27 27 16 14 
18 30 23 15 27 23 29 30 38 24 24 24 21 26 22 35 17 20 14 20 20 17 26 15 23 19 24 45 35 19 16 20 21 16 19 23 36 14 18 13 
9 35 26 21 25 22 37 18 22 35 20 22 11 38 19 31 34 21 22 15 23 30 22 15 14 24 16 23 22 21 27 26 16 23 25 31 25 25 7 17 
15 34 16 12 26 18 32 16 19 31 26 26 18 34 25 20 24 20 13 16 18 22 17 18 4 21 22 27 28 24 27 14 31 15 19 22 20 26 12 12 
15 44 13 17 30 18 28 20 15 12 32 20 19 28 32 22 19 28 16 19 18 18 19 11 17 26 9 32 32 20 32 17 27 22 26 19 23 20 10 13 
19 26 17 21 21 26 28 21 33 22 15 19 15 18 22 40 6 16 16 17 11 15 7 9 15 28 10 25 19 24 16 15 21 14 34 11 24 15 15 23 
27 25 19 19 24 31 28 18 24 35 29 10 10 28 32 37 20 18 11 26 32 22 12 16 15 29 17 29 14 20 14 15 25 27 38 11 26 27 16 16 
26 37 24 21 19 19 28 19 19 23 22 26 26 22 16 25 17 10 20 22 18 17 18 23 17 12 15 31 16 17 15 22 26 15 37 15 35 21 19 16 
21 21 11 13 18 28 30 28 22 33 28 20 24 29 30 39 26 24 13 18 30 14 27 16 12 22 10 25 28 22 29 19 16 19 19 26 29 38 9 14 
34 22 9 21 28 26 22 21 19 39 31 22 15 23 22 19 26 21 12 19 12 16 17 22 20 23 16 38 27 33 23 17 27 19 15 25 44 10 16 21 
25 20 28 13 29 17 17 21 38 28 23 16 25 19 15 47 19 14 18 22 15 15 13 16 17 27 21 19 27 21 30 19 40 7 39 22 11 24 16 16 
29 12 19 14 31 29 32 15 21 35 31 25 12 29 22 32 7 13 11 9 5 24 16 20 17 41 9 17 23 16 32 4 28 11 24 21 17 33 19 15 
32 15 21 14 22 18 37 15 19 30 36 17 17 29 19 28 25 24 21 21 11 18 22 19 15 25 22 20 24 24 42 19 27 22 45 22 32 18 21 15 
37 30 31 19 23 15 20 25 28 26 13 16 11 23 13 23 22 13 17 22 8 28 23 16 15 15 9 25 17 26 32 13 30 15 25 24 19 30 17 18 
10 26 13 10 19 24 16 22 12 43 33 11 17 30 15 16 13 26 11 25 14 21 14 19 15 27 22 27 28 29 38 22 23 25 35 34 35 18 11 16 
22 30 19 13 31 19 29 16 28 34 26 23 8 29 8 19 20 28 14 25 21 22 24 15 11 31 15 28 24 25 18 24 12 17 18 13 31 23 20 19 
9 32 22 18 23 18 36 30 37 38 43 13 14 23 16 43 11 17 18 13 16 20 14 16 15 26 25 24 27 19 21 18 27 27 33 21 27 15 18 13 
22 57 19 15 24 28 25 33 28 35 29 21 15 29 26 23 15 15 14 20 28 13 15 11 11 23 17 11 23 16 29 16 28 24 22 32 18 25 7 17 
11 34 28 16 27 21 28 33 44 14 13 24 18 14 16 30 18 20 9 22 20 24 10 18 21 20 18 27 35 20 22 18 23 15 20 17 14 21 13 18 
23 19 14 11 22 12 26 17 39 16 22 16 16 15 15 38 22 17 14 25 23 21 27 19 32 26 23 22 23 29 39 22 27 17 37 18 23 21 17 15 
22 26 25 8 16 23 27 23 30 33 26 26 20 22 26 44 10 16 21 21 23 8 21 11 19 22 33 11 23 26 32 19 28 24 22 17 25 14 21 17 
24 21 19 19 27 28 18 15 37 18 29 15 26 25 19 36 19 28 20 29 19 11 16 12 16 28 23 20 29 32 24 13 15 30 36 21 22 18 17 19 
24 21 20 11 28 13 26 24 26 22 25 26 12 20 19 13 20 25 6 30 14 19 27 16 13 30 16 27 18 18 34 31 19 20 19 32 27 33 23 10 
18 26 17 17 22 23 34 31 25 29 21 17 27 29 20 21 24 15 18 19 23 20 13 16 21 17 19 24 25 26 26 9 26 16 18 33 18 19 15 17 
19 30 26 14 29 19 27 15 37 41 31 27 15 23 22 29 24 15 18 26 12 23 6 23 19 32 15 20 26 32 27 14 29 22 16 24 21 18 6 15 
20 24 17 14 19 16 24 22 21 29 32 20 19 41 18 25 19 21 23 17 26 10 27 20 22 41 13 10 22 16 38 20 29 16 30 23 21 16 13 12 
21 23 14 17 4 28 31 17 50 13 16 19 8 20 18 25 14 23 19 19 27 16 30 16 21 17 19 27 13 23 27 17 32 14 20 38 19 12 16 15 
35 54 21 18 21 14 34 26 34 20 27 19 14 27 37 29 14 10 16 13 15 18 32 15 14 26 22 26 16 22 32 21 21 15 26 22 25 12 11 20 
26 30 18 13 24 14 50 22 49 25 33 19 25 30 37 28 7 23 15 26 29 13 29 14 17 34 20 24 38 27 38 7 25 22 23 19 23 32 14 22 
31 15 26 3 24 35 20 24 30 26 36 12 18 28 32 26 19 12 18 17 23 24 24 25 32 21 15 24 21 20 36 10 11 16 23 15 30 17 11 15 
23 20 21 20 31 28 28 21 38 36 23 19 19 34 29 35 23 18 19 12 12 28 29 23 19 18 20 38 32 26 36 20 22 11 27 29 23 22 18 16 
28 32 19 16 27 25 26 13 26 26 42 20 13 47 19 40 20 18 12 24 13 29 32 19 22 31 12 26 15 15 24 23 31 32 16 17 18 15 12 14 
19 21 26 16 36 15 22 12 38 40 28 13 16 20 15 14 21 23 15 12 12 13 21 18 22 23 25 18 24 25 27 21 33 20 24 21 31 26 10 14 
17 29 8 10 19 25 39 20 33 37 23 8 19 40 23 12 23 15 6 14 17 18 14 26 23 33 14 38 19 21 20 19 31 17 21 13 37 24 16 14 
22 23 17 14 24 27 21 19 35 33 34 21 14 32 15 24 23 19 20 16 23 8 21 14 20 38 22 21 34 17 41 16 23 23 36 18 14 19 22 18 
29 28 16 14 16 27 32 11 41 20 35 28 19 40 26 38 14 24 12 21 23 18 6 1 17 15 17 22 34 30 39 19 16 20 31 26 32 8 12 12 
15 32 20 11 31 20 30 22 41 28 33 11 15 31 26 32 11 21 11 23 12 19 4 20 13 32 20 17 19 25 32 21 27 22 15 22 17 19 15 17 
19 26 17 16 34 20 39 17 23 23 18 16 20 44 31 29 14 9 16 8 20 19 18 10 14 32 14 17 22 27 28 17 21 25 35 21 27 23 12 13 
22 19 20 17 31 16 34 27 3 23 32 24 17 23 37 29 14 23 14 20 19 23 20 10 15 8 21 12 35 13 32 19 22 29 28 20 28 26 11 15 
23 41 23 12 20 11 31 24 45 21 28 19 13 19 18 23 14 17 18 21 30 11 21 15 11 25 20 27 29 30 35 21 30 21 44 19 22 10 19 14 
23 26 17 14 18 25 41 22 20 40 39 24 15 15 24 28 8 21 13 16 31 9 18 18 20 30 24 35 25 28 26 19 40 26 42 26 25 27 17 16 
27 19 14 19 23 11 22 19 28 36 29 25 22 37 30 26 16 20 20 12 35 18 27 15 17 21 16 31 30 25 35 14 27 13 36 26 17 21 15 20 
30 26 20 8 25 9 34 29 24 41 17 24 16 43 22 31 17 19 13 15 14 13 12 13 19 29 16 21 14 6 35 14 37 14 33 24 29 26 7 11 
29 40 15 8 32 33 19 24 29 38 20 34 8 15 21 29 18 17 15 23 27 18 9 15 8 15 13 37 17 18 30 17 31 17 42 28 32 26 20 25 
26 34 24 13 18 21 25 19 33 26 33 21 5 28 26 32 10 24 18 23 29 18 15 21 24 19 22 27 20 20 22 13 13 15 26 12 41 26 15 18 
30 32 25 7 15 30 26 19 39 12 18 16 12 24 24 28 14 23 21 8 34 20 14 19 21 19 21 29 30 19 20 19 28 21 26 26 13 19 21 17 
30 16 21 17 27 31 30 30 13 32 41 17 18 38 27 34 20 13 13 11 28 16 24 14 17 24 12 25 39 21 7 20 21 20 30 26 26 21 21 11 
30 17 25 11 25 23 32 19 23 27 8 16 10 23 12 33 14 13 11 10 24 17 10 16 19 22 21 17 32 21 23 18 25 20 35 28 29 15 16 8 
30 23 11 19 27 26 31 23 32 31 30 10 17 26 21 30 12 6 18 20 26 21 24 15 21 37 18 8 26 25 36 17 36 29 19 19 30 24 15 12 
16 34 31 14 26 24 20 23 35 25 28 17 19 21 19 21 14 7 23 26 21 14 20 19 17 26 24 31 13 27 20 7 43 27 20 24 22 31 19 19 
28 31 16 21 10 18 17 22 37 38 38 21 8 37 11 24 5 16 16 24 28 21 11 12 22 17 17 30 19 16 14 23 33 20 35 18 30 32 17 15 
18 28 16 13 26 18 25 25 28 33 25 10 13 30 29 24 23 20 13 28 15 24 13 25 18 28 15 29 21 23 29 15 35 21 33 15 24 26 11 12 
12 34 15 14 20 24 16 23 25 24 30 22 21 20 21 36 14 27 15 17 27 11 8 16 16 12 16 30 26 21 24 14 21 16 35 12 19 17 15 22 
22 23 25 19 24 18 31 24 35 36 38 24 7 26 21 9 17 35 11 27 17 26 30 19 16 29 22 35 16 16 24 16 31 22 35 24 18 22 8 9 
20 32 12 12 15 17 25 16 33 18 34 23 18 39 19 18 11 19 17 20 32 15 19 23 7 32 19 12 30 32 25 17 10 24 36 28 30 20 20 25 
16 22 12 17 23 20 25 15 33 24 45 36 16 37 18 19 10 23 21 17 22 15 22 20 29 29 31 33 20 20 23 22 22 18 31 29 15 27 16 17 
12 42 23 13 22 11 36 29 32 31 37 22 12 18 18 31 22 15 10 15 20 27 24 20 19 27 14 22 17 24 30 25 13 22 16 20 29 17 12 12 
17 25 28 17 18 35 22 19 41 42 28 18 21 22 18 45 22 26 15 23 31 23 16 11 21 37 23 17 17 23 15 14 25 14 39 21 30 8 24 17 
23 30 14 16 39 16 41 15 40 19 18 14 24 13 38 22 20 24 11 15 30 23 30 10 25 19 14 17 21 23 38 15 20 24 35 18 31 27 11 15 
25 27 16 13 26 22 35 22 18 26 28 19 9 29 20 42 22 29 10 16 17 11 16 23 22 13 19 10 26 21 20 21 21 20 40 22 43 22 14 18 
24 36 18 11 31 13 24 17 23 33 31 21 9 37 28 28 21 26 12 23 24 24 21 21 10 18 13 28 33 29 27 20 28 21 25 14 21 17 14 18 
22 17 18 9 24 15 39 18 24 45 25 21 26 8 28 17 18 4 20 22 12 12 13 19 6 34 15 37 23 13 17 28 16 19 12 26 41 30 16 15 
31 26 11 20 25 20 36 23 31 23 26 15 16 24 28 36 22 25 17 17 16 24 17 8 20 35 28 29 31 16 20 14 21 27 36 17 34 29 12 19 
28 33 22 13 31 22 18 30 36 27 24 18 18 41 34 35 16 13 16 21 17 18 16 11 12 31 14 33 33 13 31 21 18 18 26 25 31 22 14 11 
27 26 9 8 32 16 24 19 34 20 21 17 27 25 14 20 14 14 15 11 20 15 13 13 17 24 25 28 20 19 27 25 27 25 23 28 32 14 12 11 
19 30 11 19 37 15 29 17 19 28 29 33 23 26 24 27 19 20 16 4 20 10 20 22 12 33 14 31 27 14 37 18 38 13 29 23 39 20 16 18 
30 29 30 10 18 22 39 25 35 11 35 10 13 26 12 33 13 10 15 16 15 13 25 8 14 30 15 27 34 21 25 10 23 17 14 22 21 25 14 22 
22 15 15 7 28 15 44 12 25 10 20 32 18 31 23 16 18 26 11 10 23 20 21 10 19 29 20 26 20 17 26 13 21 16 48 19 17 17 9 14 
17 26 15 16 13 16 29 15 23 40 29 21 28 28 12 31 24 30 17 10 28 16 19 22 10 22 17 24 24 29 40 16 24 14 12 27 16 25 14 13 
28 22 27 16 14 22 36 16 26 30 20 20 14 26 23 22 18 17 13 19 24 19 21 6 16 29 16 24 21 19 29 14 18 21 32 22 39 9 16 16 
27 39 21 11 15 26 25 20 33 23 36 35 7 29 31 43 9 9 15 24 35 10 13 21 15 33 19 25 27 14 30 11 34 14 21 20 35 21 16 15 
16 37 18 15 28 17 27 10 34 20 36 15 21 29 20 37 17 21 13 15 23 22 9 14 21 26 11 22 22 15 21 13 20 18 21 15 26 20 9 16 
17 35 21 14 21 20 28 16 28 28 30 11 18 16 46 33 20 22 17 17 21 20 15 21 12 31 17 23 25 28 22 16 43 17 26 15 20 16 12 19 
39 30 15 15 25 25 36 22 34 36 27 25 16 37 31 21 22 24 15 26 27 22 10 18 18 35 19 28 23 10 29 24 25 21 32 28 29 18 20 14 
21 21 23 16 7 21 28 7 26 20 24 11 22 29 27 35 26 15 21 18 33 17 27 7 35 20 15 25 34 28 35 26 26 30 27 22 4 18 24 12 
15 27 20 13 18 24 45 17 32 34 32 22 20 24 26 36 24 11 15 21 22 24 18 15 20 28 13 12 27 21 42 10 32 20 35 25 25 26 16 12 
17 37 23 14 22 19 19 9 38 33 14 14 14 16 23 22 17 30 17 16 16 14 7 14 18 32 22 14 24 22 24 22 17 18 27 12 22 22 22 18 
11 24 15 16 17 9 31 23 25 29 35 16 25 23 24 31 8 22 20 29 19 16 19 11 18 32 13 40 40 31 27 14 19 23 19 18 40 30 19 15 
14 20 23 23 30 27 34 20 10 34 12 20 17 27 24 25 16 24 21 19 23 23 18 11 20 20 25 36 25 24 63 13 23 17 32 15 26 28 6 15 
27 17 21 8 23 19 40 19 27 25 33 26 27 31 19 18 24 26 18 28 27 25 18 27 12 31 20 18 36 25 18 20 17 21 24 19 31 21 16 13 
34 34 15 9 28 14 27 18 16 30 36 30 18 26 24 22 14 14 15 12 19 15 19 13 10 26 17 40 25 23 29 16 36 14 35 21 39 19 20 21 
17 20 23 19 18 9 18 28 41 35 35 20 23 29 29 23 22 16 19 13 17 17 12 17 11 26 13 25 27 18 22 20 15 19 28 28 39 21 16 24 
21 32 23 10 21 37 28 20 42 17 36 10 15 20 14 27 17 15 16 10 22 24 18 20 16 24 15 16 30 26 21 6 28 7 26 23 18 11 14 20 
28 28 25 15 28 21 39 20 8 35 28 24 17 38 24 46 22 6 20 18 24 16 20 19 18 28 27 27 32 19 40 18 20 24 37 30 45 27 14 17 
17 24 21 17 21 21 26 19 38 31 29 23 24 26 27 19 26 22 14 10 21 20 25 20 17 28 15 5 24 30 35 16 25 11 26 24 26 31 12 18 
31 19 12 11 28 18 34 15 51 24 36 17 25 31 27 27 18 32 15 22 25 21 22 17 18 28 22 21 28 22 23 15 31 19 21 5 30 28 22 11 
22 35 18 12 23 26 27 23 13 41 27 9 15 38 26 17 17 13 17 28 29 16 17 13 11 24 14 15 26 19 29 22 21 19 16 15 13 25 14 12 
19 28 24 22 28 22 26 13 44 36 36 36 20 17 23 29 18 6 16 19 20 25 15 20 18 34 13 20 27 19 35 12 24 16 33 18 17 20 20 9 
32 49 18 17 24 17 30 23 39 22 25 29 18 14 27 22 16 19 11 19 17 18 19 14 17 30 13 20 8 26 36 13 29 23 19 21 33 23 18 18 
23 30 14 12 21 18 20 11 23 10 22 23 12 33 18 18 19 13 11 22 28 13 12 4 17 26 18 19 19 17 34 20 30 16 35 22 26 25 19 10 
9 27 23 8 22 15 24 14 35 24 26 7 11 36 9 31 15 18 14 18 27 13 15 20 21 20 14 25 27 32 43 14 20 16 41 30 19 27 15 20 
32 28 15 8 24 17 43 16 28 20 25 29 22 20 27 34 22 19 20 16 15 14 21 15 18 20 11 25 27 27 39 14 19 22 30 21 3 33 19 7 
20 35 27 23 24 16 33 18 35 34 32 14 12 9 24 26 24 22 18 24 28 9 26 17 18 26 22 25 39 21 24 12 32 26 40 24 15 14 19 17 
16 15 26 17 28 6 32 15 41 40 17 21 22 34 12 37 18 11 20 26 17 28 27 16 12 15 15 22 23 23 32 29 16 21 27 19 27 24 14 12 
30 39 20 23 34 16 40 29 34 29 36 19 10 16 21 20 14 8 15 16 20 18 30 20 17 19 19 34 25 35 19 17 24 21 14 18 20 29 12 14 
25 24 18 15 33 23 36 24 29 27 24 24 17 18 5 26 12 26 14 17 25 21 16 18 24 19 9 21 18 22 21 14 17 14 19 11 47 26 16 6 
30 31 15 13 13 18 29 23 37 29 34 32 26 21 14 44 19 22 13 21 22 12 30 18 20 19 15 23 23 25 38 16 20 18 39 21 18 28 16 21 
23 30 22 13 28 19 35 29 32 31 25 31 16 29 24 51 20 18 12 20 18 16 11 18 13 29 31 16 21 20 30 26 26 19 26 22 37 34 19 16 
22 44 22 15 18 30 35 17 25 22 22 27 24 19 19 38 13 32 20 20 31 18 25 17 14 20 19 31 26 30 30 13 21 27 21 23 28 29 16 10 
28 23 21 14 30 32 23 17 27 37 34 29 18 27 24 22 15 24 16 25 17 19 21 18 10 22 21 9 30 22 26 18 23 27 31 27 28 16 12 13 
9 32 7 18 16 27 30 25 31 33 24 22 25 11 36 26 23 14 10 23 20 24 22 15 24 24 24 25 25 16 38 13 33 24 24 29 31 18 9 13 
20 21 30 15 25 22 27 23 42 36 29 29 14 27 33 17 18 22 18 19 24 16 21 18 26 20 18 25 37 38 48 23 28 19 28 27 33 20 16 8 
20 34 19 12 20 36 31 13 34 31 16 28 13 30 22 17 10 20 16 22 21 21 27 6 22 39 20 29 19 23 24 15 25 25 35 13 36 31 16 15 
32 42 28 10 15 14 29 27 22 23 13 19 12 22 16 20 24 26 23 21 19 15 17 11 22 34 13 25 17 19 34 15 23 14 30 25 23 19 15 17 
33 31 9 9 18 13 39 31 15 36 39 21 19 29 27 27 22 28 14 12 23 22 26 23 11 24 21 22 24 20 28 10 20 20 39 22 23 22 20 17 
21 17 19 16 22 27 35 30 37 29 29 21 17 16 13 43 18 26 13 24 22 15 20 20 19 30 16 22 31 29 41 21 7 14 35 37 26 30 24 12 
12 24 15 18 18 17 31 15 28 30 38 39 22 24 27 25 18 15 20 16 19 15 20 21 18 21 28 29 32 34 40 15 25 24 29 14 30 15 22 18 
13 21 19 17 27 18 24 30 40 18 28 16 18 28 26 17 16 31 18 21 17 15 12 19 27 34 23 31 18 14 36 14 27 24 44 27 19 26 17 21 
19 3 15 10 23 18 24 19 43 33 37 23 20 24 32 10 10 11 18 15 16 27 21 18 17 32 21 25 20 24 42 14 29 23 23 15 20 16 10 20 
23 30 20 13 14 27 32 25 27 24 43 25 11 31 31 33 27 14 13 21 24 14 18 15 18 22 15 24 36 26 29 16 28 17 21 20 14 13 12 15 
15 23 17 23 32 30 16 20 29 33 40 21 21 34 28 37 20 20 17 22 24 17 19 15 14 15 28 26 8 17 37 22 23 18 23 19 22 27 16 13 
23 35 15 18 24 27 36 14 33 34 10 24 24 29 29 18 23 15 21 10 18 19 27 11 17 36 25 27 27 30 19 10 25 8 35 26 36 14 13 16 
19 21 10 10 28 20 32 27 35 17 40 27 9 13 18 15 18 14 17 17 12 23 24 12 23 29 25 23 28 20 22 19 35 16 24 24 14 23 22 10 
13 23 16 21 20 36 49 15 12 18 34 17 29 30 17 33 19 19 15 20 10 22 25 15 15 31 18 39 24 24 26 21 24 23 38 13 26 23 19 15 
24 51 19 13 22 29 27 26 36 27 27 24 14 30 28 39 26 18 16 26 23 17 16 8 14 22 17 16 29 28 31 15 22 14 25 23 18 27 15 14 
16 32 21 16 30 23 30 7 25 27 26 25 14 24 25 19 17 23 19 23 27 18 25 23 10 25 12 13 30 19 26 19 19 18 28 18 35 25 19 13 
21 30 18 13 16 29 32 17 13 20 32 28 18 31 13 23 19 16 19 23 27 15 22 23 16 38 13 21 28 20 32 16 33 15 40 21 16 32 15 12 
24 14 23 15 25 11 18 16 30 36 16 24 17 32 26 26 16 29 13 18 15 9 9 14 15 23 24 27 28 24 19 19 29 11 32 19 35 14 18 15 
15 39 15 16 18 22 23 23 33 29 28 19 14 38 19 30 29 16 15 18 18 32 22 24 16 27 8 28 19 25 27 17 23 19 34 16 24 25 17 13 
22 18 25 10 14 21 28 17 31 31 31 19 12 29 24 18 18 22 18 23 23 16 24 24 17 30 15 15 24 21 38 24 22 15 32 25 42 33 14 23 
21 19 23 15 28 15 25 19 25 22 26 27 23 20 18 34 9 25 12 31 26 15 19 23 11 28 17 21 34 12 17 21 26 10 42 19 16 24 23 18 
17 38 22 19 28 10 38 22 24 20 34 15 22 40 15 20 28 21 18 24 17 17 13 9 14 27 22 17 24 27 31 21 19 10 22 28 29 32 18 24 
25 20 15 22 15 29 30 19 38 33 44 21 21 11 32 34 25 26 17 12 20 29 25 17 20 30 14 20 35 33 33 21 21 11 23 22 32 28 13 10 
28 27 18 13 18 32 32 12 23 25 36 25 10 28 8 40 15 26 21 24 26 18 17 20 24 29 9 27 29 32 39 17 12 15 32 29 27 11 12 13 
27 20 24 13 22 22 30 26 35 24 24 16 9 36 23 21 14 20 20 18 16 22 19 17 18 16 20 35 33 26 34 22 26 13 29 25 21 26 20 21 
21 21 17 15 35 18 21 27 21 39 29 17 17 30 34 37 18 16 18 17 25 20 16 15 18 37 12 38 30 19 28 11 30 20 29 18 20 21 23 20 
8 29 16 21 21 28 35 14 25 20 44 25 10 22 28 27 11 19 19 11 18 15 27 13 20 23 17 43 21 24 24 17 35 16 25 24 30 16 16 22 
29 26 19 23 18 17 30 26 23 39 21 11 15 16 21 34 18 18 16 16 20 28 20 17 11 27 17 27 27 12 21 19 24 11 36 33 11 20 17 17 
11 36 16 20 22 23 25 26 1 25 28 20 13 26 17 15 18 20 15 19 17 29 20 21 19 28 18 24 36 24 29 11 22 16 31 23 45 20 14 20 
33 36 13 12 23 16 36 26 24 38 31 20 12 14 32 22 14 14 16 24 12 8 23 13 28 32 10 32 20 28 11 12 18 24 21 28 32 15 17 14 
24 25 16 15 18 16 35 25 23 40 18 13 15 22 18 21 26 31 17 20 21 14 13 26 24 22 16 29 18 34 28 12 25 11 35 27 49 20 13 21 
19 25 16 16 23 17 36 22 27 21 22 13 19 26 36 28 21 17 20 24 16 24 20 20 17 22 22 29 24 14 15 23 29 19 27 39 16 22 8 12 
22 23 23 16 22 17 37 29 17 24 19 16 22 36 36 23 14 20 19 12 17 16 15 10 17 18 19 20 34 29 36 16 38 23 28 21 30 16 5 21 
17 30 12 13 18 24 30 7 17 35 28 12 20 22 27 30 14 15 17 19 20 17 24 14 18 32 23 20 21 33 30 16 23 19 19 23 29 27 17 16 
12 21 20 13 23 22 26 32 30 34 19 17 14 42 17 13 13 8 25 15 21 23 20 15 24 33 13 32 34 32 32 16 17 21 19 19 6 19 15 11 
17 21 14 12 25 10 29 31 48 33 23 24 17 24 24 17 21 23 21 24 26 13 27 18 9 29 20 21 21 26 28 16 24 21 35 24 22 20 14 14 
11 30 14 9 27 21 17 10 11 34 39 19 17 20 22 24 18 18 20 23 11 10 11 14 19 35 26 24 21 20 23 14 18 26 6 31 30 24 15 13 
27 23 14 15 17 8 35 8 31 22 34 27 23 27 32 15 24 16 10 21 21 22 14 20 23 21 34 32 26 22 13 20 28 23 19 25 40 20 15 13 
20 29 16 18 28 24 24 22 14 20 34 26 14 38 28 42 20 20 17 13 14 20 13 20 16 40 30 35 30 29 28 4 24 22 36 25 33 17 17 8 
19 13 13 7 18 6 32 17 19 22 42 11 14 26 34 28 15 25 20 17 13 12 16 23 16 32 17 32 34 31 40 10 25 9 28 20 16 18 12 16 
21 28 22 17 38 28 26 22 23 27 29 33 16 28 34 42 14 9 15 22 16 22 25 6 21 24 23 24 14 29 28 15 20 25 34 35 18 24 22 12 
22 34 28 21 22 12 21 21 39 30 42 19 17 39 22 22 20 18 15 20 21 17 23 10 19 17 14 33 29 18 33 18 40 12 32 18 40 33 17 20 
22 17 19 16 27 22 31 25 51 35 32 21 13 33 13 17 17 19 18 20 21 18 22 22 16 14 16 16 26 23 20 19 22 13 32 15 25 22 20 21 
22 31 15 17 21 21 36 25 32 32 28 17 26 22 21 29 16 15 17 20 18 20 24 12 15 24 24 28 25 36 27 23 28 15 23 29 17 26 20 12 
15 38 29 11 25 28 18 14 32 29 16 15 9 38 37 20 15 32 16 18 29 28 26 16 12 34 11 18 27 22 30 27 26 17 33 23 28 16 22 18 
23 46 17 14 27 26 42 14 31 38 29 18 16 23 10 33 15 18 8 15 25 19 22 9 25 16 19 14 30 25 35 20 27 11 24 21 20 23 12 14 
14 35 20 21 16 25 47 21 19 26 26 19 21 32 24 35 21 24 20 16 22 17 21 12 25 24 17 32 28 18 36 19 13 16 30 25 43 16 13 23 
24 22 17 8 29 25 21 22 36 30 34 9 18 27 20 27 24 16 15 25 21 32 28 16 28 24 20 15 13 24 38 19 28 18 20 16 27 19 13 19 
18 31 20 20 27 20 23 25 14 21 32 12 22 28 25 29 16 17 15 21 17 19 24 25 17 17 13 34 18 18 36 16 12 14 33 21 27 29 17 16 
19 20 20 10 20 14 27 22 37 22 6 23 21 21 19 25 15 6 11 15 29 15 15 20 17 24 21 16 9 19 48 16 24 8 31 21 31 18 19 14 
21 25 13 18 16 16 32 18 24 32 41 34 21 16 21 31 21 22 8 11 14 22 21 21 20 20 16 30 15 11 22 24 21 10 31 24 28 28 21 21 
17 31 33 13 18 16 24 15 21 43 35 23 12 30 29 27 16 28 16 26 15 15 23 26 25 29 16 30 22 23 23 19 28 21 31 30 35 18 18 15 
23 50 26 19 19 27 34 23 27 32 26 20 22 29 29 37 16 22 20 18 13 27 18 22 23 26 18 36 10 24 36 18 27 16 27 40 34 14 15 17 
20 26 8 21 30 29 24 19 22 16 20 16 12 21 12 40 11 17 14 25 26 21 16 20 21 32 16 24 21 27 36 14 14 18 30 30 41 23 26 14 
16 18 21 18 29 16 41 16 29 23 26 15 19 27 22 37 18 21 15 12 22 20 26 18 17 23 23 20 28 26 27 21 30 24 23 17 24 13 14 17 
18 10 22 10 22 18 39 25 19 14 32 21 13 27 26 30 20 21 12 19 14 17 18 21 21 19 19 24 28 16 28 17 44 7 28 21 26 27 15 19 
22 40 27 15 21 17 27 26 36 29 27 17 5 17 29 34 26 15 9 17 20 26 20 19 12 27 15 27 29 20 44 19 37 16 23 32 17 18 13 24 
13 21 20 12 21 19 19 26 24 34 35 16 17 29 22 24 20 13 17 25 16 15 24 24 22 22 23 25 28 28 16 19 20 20 20 20 16 22 15 17 
18 31 7 13 32 17 41 25 28 33 40 25 13 21 18 26 17 15 18 15 33 15 18 11 15 26 21 25 35 28 32 17 26 16 34 23 13 26 15 24 
24 33 16 13 36 23 29 25 29 34 26 14 26 25 24 30 24 22 14 18 16 15 21 10 15 36 16 23 29 22 32 17 22 28 31 23 30 17 22 21 
17 9 21 23 20 20 24 21 25 26 33 18 15 30 12 20 18 22 15 25 26 29 22 13 18 23 14 35 21 17 27 24 19 17 30 23 33 24 13 18 
20 8 16 10 36 29 14 19 32 26 11 19 24 45 15 27 21 26 14 12 25 15 15 15 21 18 13 23 24 24 14 13 28 15 33 19 28 23 25 16 
23 22 17 16 19 14 23 12 38 18 23 14 16 33 25 30 14 22 21 19 30 16 18 27 17 37 18 4 25 24 28 19 36 22 31 20 26 32 15 13 
28 13 10 4 31 28 25 29 36 36 36 21 21 21 24 42 13 22 15 20 24 17 21 26 8 27 25 19 32 15 27 17 35 12 26 30 29 30 13 13 
25 29 18 13 16 19 35 17 32 27 24 22 29 35 27 30 12 22 17 18 25 15 26 17 18 39 14 32 34 17 19 25 34 23 33 14 29 21 23 15 
20 33 22 14 17 24 38 21 21 20 28 9 12 32 17 31 15 17 19 16 25 22 25 15 9 22 12 34 17 20 25 14 30 19 32 11 37 34 14 15 
6 21 24 13 33 15 46 23 51 29 30 19 18 26 29 31 16 14 21 20 29 22 21 22 15 35 17 35 31 21 41 17 23 18 41 19 26 19 15 26 
17 36 17 13 22 17 27 21 29 44 31 26 16 42 23 36 18 19 14 18 25 16 18 14 19 38 18 25 27 34 33 20 33 14 37 32 17 23 20 11 
14 26 16 10 29 20 20 16 33 18 27 21 13 35 35 22 21 24 18 12 17 25 17 18 14 33 14 25 32 31 24 14 13 16 42 26 26 10 11 15 
24 24 22 14 24 15 22 22 32 32 20 17 17 37 34 24 15 18 14 24 19 15 13 11 16 20 25 36 28 29 23 20 22 15 29 31 36 35 20 21 
20 12 14 13 22 15 27 29 25 40 20 25 14 23 25 31 17 35 8 25 27 14 26 19 25 30 20 22 30 34 42 22 22 21 39 11 26 21 27 18 
22 16 27 9 18 20 37 16 27 22 23 17 10 26 17 48 20 16 11 17 15 10 28 16 19 19 22 17 17 17 33 19 35 27 35 30 13 24 14 26 
19 27 13 14 22 20 21 25 32 31 21 19 17 20 13 25 19 22 27 18 11 15 23 9 16 16 19 32 21 24 19 14 22 22 19 17 26 24 24 16 
31 17 4 18 25 21 35 16 28 21 41 15 18 37 17 42 17 30 16 21 30 15 27 16 18 21 23 26 30 29 26 25 25 25 30 25 20 28 16 11 
32 20 14 7 21 13 30 19 39 39 5 19 12 32 42 17 16 26 10 16 18 23 20 10 13 34 14 36 9 23 22 13 20 9 27 16 23 22 15 16 
16 28 17 11 25 22 24 36 42 38 19 11 27 9 26 28 21 26 18 15 15 16 20 13 14 24 21 40 18 26 21 17 25 25 35 28 38 19 22 19 
20 16 25 14 33 38 35 24 18 22 37 22 10 12 25 19 26 4 22 27 30 16 5 18 20 31 27 21 24 20 27 11 24 16 37 23 24 28 16 17 
11 32 14 18 14 17 32 20 22 31 32 28 28 21 10 34 13 23 21 20 24 17 13 23 19 21 28 23 29 25 39 23 28 20 30 14 36 23 13 9 
23 27 19 19 17 14 24 30 32 44 14 17 16 18 25 27 19 24 17 23 22 21 18 13 26 27 22 25 30 22 51 14 29 15 20 23 32 15 11 13 
25 17 21 19 28 19 28 32 20 28 30 19 16 29 18 20 20 23 18 25 15 21 25 19 13 27 23 18 21 20 28 26 30 20 31 24 34 33 18 20 
23 27 11 14 23 26 26 24 37 34 33 26 23 27 30 16 16 26 10 26 16 11 25 11 18 21 24 34 23 21 28 7 24 15 25 13 44 17 13 22 
18 40 14 17 30 16 20 19 34 28 37 37 13 23 17 37 13 31 11 19 17 12 9 11 17 37 19 28 17 26 46 24 15 25 29 36 25 8 17 10 
21 21 19 16 13 14 42 17 23 26 27 26 19 38 17 26 17 13 10 18 16 19 11 14 13 40 16 25 13 23 34 11 26 22 26 29 24 19 11 24 
16 35 18 14 23 19 21 15 22 18 41 18 19 25 36 23 20 18 13 17 13 25 23 16 23 34 16 27 32 26 36 29 28 19 27 22 26 25 16 19 
14 16 27 15 15 14 15 13 27 31 26 30 14 32 16 33 10 20 15 24 25 18 16 16 23 39 13 10 17 18 42 13 32 30 16 24 17 27 19 13 
25 15 14 16 16 15 27 23 42 37 23 24 21 30 18 16 20 18 15 23 20 28 15 24 9 34 21 19 22 17 24 19 32 15 36 35 33 26 16 13 
17 28 10 15 24 25 24 20 28 33 31 27 4 24 31 17 21 17 17 19 21 20 26 10 20 23 10 19 39 31 33 5 19 31 32 29 30 24 15 18 
23 22 19 23 16 22 30 28 27 27 15 11 24 34 18 24 16 15 16 19 31 26 14 16 24 27 28 31 26 16 32 17 39 22 38 20 28 20 21 15 
18 21 17 16 23 20 25 14 24 33 50 13 24 27 22 29 23 16 10 21 26 17 21 26 17 30 21 23 21 17 40 21 21 27 30 27 34 13 18 13 
34 14 21 15 19 26 17 15 29 35 25 21 21 38 29 16 14 29 18 18 23 22 24 6 13 27 18 35 24 29 38 13 21 17 27 22 38 24 7 13 
26 23 16 13 22 14 32 31 38 22 20 31 18 34 12 40 16 21 13 19 14 15 28 19 7 35 15 22 32 16 22 7 24 20 32 16 27 17 13 12 
22 30 19 15 26 24 32 17 26 33 33 19 17 16 42 37 20 22 16 21 18 15 15 26 16 18 20 13 23 19 27 7 29 15 21 19 22 24 20 14 
9 16 26 9 13 25 23 11 17 35 20 31 23 29 25 35 12 24 11 11 24 16 15 21 22 21 19 17 37 22 46 24 14 20 43 26 12 25 23 14 
24 16 9 15 22 15 24 14 38 35 33 18 9 26 14 43 15 20 21 16 31 9 19 23 20 18 5 10 31 19 40 11 34 14 16 15 16 18 11 19 
18 49 25 19 19 24 45 17 36 24 42 12 11 24 26 33 19 20 11 19 16 28 18 19 22 32 20 29 30 5 40 20 18 22 36 27 29 24 20 20 
25 26 16 19 29 17 27 18 36 22 44 29 18 25 20 35 10 29 21 20 16 20 19 18 17 25 14 15 33 23 36 18 22 22 36 36 28 27 23 12 
19 45 14 12 30 21 23 30 18 16 22 21 21 29 26 39 20 15 17 10 10 21 18 19 17 27 10 17 27 33 24 10 30 14 25 17 34 22 19 17 
29 25 18 14 34 20 40 21 35 22 34 11 16 30 27 28 21 29 16 18 17 20 22 20 15 25 8 17 30 33 42 14 37 14 15 17 27 20 16 11 
13 15 16 10 12 23 31 20 29 34 21 23 15 33 38 31 17 27 13 17 27 15 17 14 8 26 16 25 28 18 54 19 23 24 36 26 13 28 15 22 
34 21 23 16 25 11 29 19 12 38 30 15 13 26 32 29 9 20 18 21 29 15 28 14 23 18 30 33 18 22 9 21 24 15 26 21 36 18 22 20 
17 17 19 17 19 21 17 24 25 15 24 22 16 37 28 20 22 13 14 22 21 21 12 24 15 16 23 25 26 34 43 13 34 24 29 27 25 20 14 19 
16 28 29 10 23 23 35 20 43 28 28 17 15 30 21 28 14 21 15 20 20 19 22 29 15 25 15 37 19 24 33 20 23 18 18 29 24 20 7 11 
17 29 13 11 13 32 24 16 35 32 33 20 13 21 31 26 16 17 13 24 17 18 32 18 8 30 18 26 30 28 31 2 26 18 28 21 29 18 17 25 
24 32 20 16 17 16 34 25 16 45 17 22 10 29 28 25 16 21 16 29 18 26 19 14 18 12 24 26 20 21 33 11 18 14 24 20 36 19 17 16 
28 21 19 9 29 31 30 13 27 40 17 20 15 30 25 30 21 25 13 17 30 10 14 18 14 14 25 18 18 20 30 14 18 13 24 19 17 17 6 21 
18 17 32 13 21 17 28 31 34 23 25 26 11 29 10 21 18 21 10 23 18 11 26 14 23 15 22 19 39 37 35 15 15 12 32 14 40 18 15 16 
26 13 18 21 19 17 36 14 33 33 35 13 16 34 27 17 23 12 15 22 14 26 19 7 18 20 21 39 39 25 21 15 22 10 35 10 24 21 17 14 
25 32 18 10 29 23 36 21 25 42 25 26 28 17 16 28 11 24 12 19 16 17 19 12 19 18 16 33 39 23 33 14 29 28 36 19 26 18 17 15 
16 21 19 15 24 22 21 27 33 16 28 21 21 39 31 30 21 29 16 19 20 12 27 12 7 23 17 26 22 18 25 13 28 28 34 22 23 27 19 11 
13 25 25 16 22 12 35 4 36 26 20 27 20 39 28 36 22 10 22 20 21 14 13 15 8 19 17 26 28 34 32 14 24 13 32 22 19 27 19 21 
20 25 25 10 17 23 20 21 31 26 30 26 11 34 19 32 21 22 8 22 24 16 13 26 11 29 17 20 19 20 30 8 25 20 9 26 38 22 14 23 
24 34 25 11 28 24 29 14 18 39 12 24 11 39 16 27 18 28 22 22 20 15 29 29 25 27 20 31 20 25 34 21 24 20 18 26 33 19 18 21 
21 39 20 12 31 9 23 13 34 35 19 28 18 28 31 10 22 29 15 22 23 11 25 12 14 18 20 29 18 33 29 16 4 21 40 23 35 11 18 14 
39 12 26 20 28 18 50 23 32 36 24 18 10 28 30 35 17 17 9 18 26 26 19 26 24 21 18 20 25 20 16 8 24 16 27 20 30 18 19 18 
15 17 19 10 18 17 40 28 33 41 34 23 19 29 21 32 22 10 18 20 23 19 19 18 11 27 21 23 37 28 16 10 24 19 25 30 19 26 22 20 
21 24 20 11 24 26 22 16 26 33 26 38 25 31 26 27 20 26 14 15 27 22 30 12 7 20 14 23 23 20 27 10 14 25 33 34 30 20 18 11 
33 24 28 16 14 32 26 33 21 14 23 13 22 36 25 28 18 14 17 28 20 21 22 12 15 28 13 25 27 27 29 11 34 20 22 19 18 23 9 18 
13 15 15 20 8 17 36 29 15 17 32 26 24 40 27 14 14 26 16 26 16 13 23 13 17 28 17 24 23 23 22 24 19 19 25 17 25 15 20 14 
27 20 23 11 22 24 22 23 26 20 14 24 16 18 26 37 26 31 18 26 23 23 25 12 5 35 22 29 26 12 32 19 22 31 33 18 10 25 16 16 
14 38 18 12 21 17 30 18 30 46 38 30 26 12 36 29 21 21 17 18 30 17 31 16 11 24 14 26 29 20 18 22 25 22 33 28 27 25 17 21 
14 32 27 15 19 37 16 21 36 22 36 29 15 17 21 32 21 19 17 13 9 16 23 21 9 18 15 22 32 16 31 12 7 13 28 10 26 27 16 14 
26 26 20 23 31 15 33 18 21 23 26 15 21 29 15 12 26 17 10 18 20 16 20 20 12 29 15 30 18 23 23 16 31 22 30 40 22 27 20 10 
22 32 22 15 21 14 41 19 36 32 31 25 19 28 22 37 20 30 7 12 23 14 21 18 25 15 15 27 30 38 27 16 25 28 30 20 25 24 10 19 
22 20 10 16 17 14 36 14 54 27 45 19 12 32 22 32 22 32 19 21 21 15 18 11 23 12 21 35 27 32 22 20 35 26 13 32 36 17 22 15 
8 18 19 7 22 22 28 13 28 31 29 22 20 17 24 23 24 26 14 31 19 19 29 17 10 27 29 33 39 20 32 20 23 16 44 17 32 16 12 15 
22 22 22 15 21 27 32 20 30 23 29 22 17 27 29 39 21 15 14 22 17 17 20 9 11 26 26 29 23 10 28 10 17 35 24 21 15 30 20 17 
21 33 25 12 26 19 28 21 42 30 29 18 14 35 30 29 17 27 11 19 27 12 26 12 16 32 22 23 30 21 28 15 36 20 24 19 27 20 11 13 
30 32 18 16 21 24 39 13 39 27 33 28 14 24 25 31 7 25 23 19 27 13 27 27 23 20 25 28 16 27 28 23 22 12 35 25 29 17 13 22 
31 14 13 21 25 27 24 12 25 20 31 26 7 17 33 27 15 9 20 23 21 20 15 8 19 31 18 22 30 24 34 20 22 27 16 27 18 25 21 15 
22 31 17 7 21 23 26 21 18 29 23 32 22 31 19 26 14 13 10 11 10 25 25 15 15 18 19 23 32 20 40 22 22 31 24 13 16 24 12 12 
20 32 24 19 21 20 22 30 35 40 29 36 25 34 19 22 14 22 13 24 17 22 26 21 14 25 21 21 30 21 10 15 23 17 26 21 27 29 19 20 
13 37 22 20 27 19 41 27 45 33 38 22 12 23 30 26 19 15 20 18 29 20 17 28 20 27 26 20 24 9 26 17 9 17 30 22 18 17 20 15 
23 14 19 16 15 18 18 23 22 19 38 30 14 12 17 36 11 25 14 27 21 15 14 9 19 11 15 22 28 25 19 28 23 22 26 33 11 22 11 25 
21 15 19 16 12 23 41 14 18 23 19 26 16 32 29 31 15 17 15 19 33 26 22 19 19 18 20 25 26 25 34 17 17 16 39 22 20 18 18 13 
16 33 20 11 18 22 28 17 44 24 36 16 15 22 21 11 13 27 12 8 24 21 35 19 13 19 15 31 17 16 34 20 26 17 29 20 41 26 22 14 
19 30 12 12 30 22 27 18 28 22 5 22 19 26 26 22 14 14 10 24 22 8 15 14 11 19 14 31 33 38 23 9 26 25 30 34 32 26 23 21 
21 28 17 17 26 18 31 17 25 27 35 19 13 23 20 11 18 20 18 18 13 18 33 21 17 30 12 14 36 13 26 10 23 10 28 21 23 26 12 14 
24 28 21 16 22 22 32 27 22 39 28 18 16 33 21 34 22 17 23 24 23 15 17 22 15 24 26 28 18 30 18 12 16 16 31 24 33 17 19 16 
14 20 18 10 28 18 26 14 41 38 34 31 13 31 29 31 30 19 14 15 11 12 20 29 18 33 18 19 23 22 23 19 18 20 16 28 15 11 17 20 
24 34 17 18 18 13 35 23 9 25 30 13 23 27 28 12 14 22 13 19 17 28 20 16 14 31 12 21 27 32 36 11 19 14 31 23 37 21 14 20 
38 26 22 16 20 36 30 23 14 39 41 25 19 29 30 28 15 25 18 24 25 10 20 19 19 26 20 18 34 22 32 10 28 17 49 16 23 25 13 11 
30 24 17 19 33 28 28 20 45 23 29 21 19 31 23 23 16 35 22 19 21 18 18 13 19 25 7 22 25 18 42 24 37 19 40 18 19 26 19 22 
15 32 22 16 15 22 17 26 26 39 36 20 21 22 22 33 25 13 16 24 23 21 28 19 9 30 13 14 13 25 24 24 28 19 36 21 38 21 17 23 
23 17 17 18 18 16 47 13 26 33 27 19 3 37 32 18 24 14 5 23 21 20 26 19 21 30 19 17 24 28 30 17 21 22 39 26 23 29 19 15 
35 20 22 17 20 30 22 13 32 34 22 21 18 39 18 25 21 34 11 11 10 15 8 33 22 29 14 14 19 34 33 16 26 20 35 17 35 20 22 20 
28 31 18 22 27 24 27 9 12 29 22 29 23 34 35 32 23 19 15 20 20 16 28 17 19 26 12 24 19 19 43 8 24 14 28 33 29 19 21 10 
23 30 12 9 28 20 35 18 23 23 49 15 15 22 12 40 25 23 17 12 31 16 10 25 17 23 26 13 33 22 28 25 31 20 30 24 43 27 21 19 
31 42 13 22 18 16 31 28 27 45 38 30 22 14 22 33 23 20 16 33 26 19 19 23 9 28 14 39 19 19 30 14 28 23 26 23 22 24 13 21 
23 23 25 14 24 13 38 18 26 51 26 17 14 19 22 15 13 26 19 28 13 24 30 20 23 27 12 23 21 28 13 16 20 18 18 24 30 18 15 19 
14 38 19 12 24 20 24 31 22 33 28 17 23 26 28 43 34 13 24 19 30 28 24 18 17 22 13 31 29 21 28 25 33 14 44 22 25 28 9 17 
26 31 17 17 21 18 25 24 19 36 24 24 20 29 25 47 14 18 22 19 22 3 15 19 16 26 22 20 21 14 35 14 15 15 34 19 10 22 21 13 
11 7 12 16 32 31 17 18 43 26 27 13 22 26 26 48 29 14 18 17 18 29 11 12 10 27 14 22 16 24 30 19 39 25 34 24 12 20 14 13 
22 29 16 10 14 16 33 18 40 37 26 16 9 32 34 27 15 18 15 31 12 22 19 16 16 41 21 36 26 21 25 17 31 24 34 26 21 11 19 16 
15 32 19 16 16 18 23 31 31 31 20 14 22 30 34 34 12 26 23 20 32 23 19 7 15 28 16 21 27 28 23 13 14 23 27 21 24 18 8 10 
34 24 25 12 27 18 21 30 25 30 34 13 13 37 23 29 17 22 16 25 14 17 26 18 20 16 13 28 35 24 19 9 25 25 20 17 28 22 21 14 
19 26 29 15 22 17 27 25 37 28 37 22 11 37 19 18 18 20 15 16 22 33 18 8 23 29 17 13 35 18 31 19 31 14 24 25 18 11 17 12 
14 38 19 20 29 23 21 19 42 23 28 30 18 24 29 20 23 21 10 19 28 16 18 16 16 24 19 31 49 13 38 18 29 16 19 31 19 27 17 14 
9 18 18 22 24 23 36 29 28 10 21 16 19 38 11 19 18 18 19 30 20 19 20 18 22 21 21 28 15 21 33 24 19 22 15 29 32 28 17 17 
12 27 22 10 27 22 34 13 26 17 21 24 22 29 34 43 22 17 23 14 26 26 18 18 10 19 21 19 21 22 26 9 29 24 28 17 24 20 15 16 
14 31 18 13 20 21 27 16 47 26 28 10 24 25 15 39 16 27 15 20 15 11 27 16 7 13 20 23 39 21 17 21 34 13 26 24 8 20 12 17 
13 29 19 12 26 23 23 19 24 18 19 20 20 18 13 42 22 20 23 15 20 13 16 26 13 31 23 18 20 4 31 14 17 12 26 24 18 23 15 15 
24 41 26 8 8 25 41 21 26 44 19 30 10 31 18 41 13 25 20 16 16 11 20 15 11 25 10 23 21 30 19 18 17 26 24 32 33 22 13 14 
11 24 18 14 26 18 28 20 54 30 34 26 22 27 14 32 21 29 13 15 19 22 18 23 11 30 26 27 21 22 23 21 19 10 15 20 16 10 16 15 
21 23 20 20 33 15 48 24 19 31 29 25 15 31 25 27 15 20 21 19 26 21 20 20 14 24 17 20 34 21 16 19 27 24 27 25 16 23 23 20 
25 29 17 17 21 17 25 21 46 22 36 25 18 31 17 38 19 14 14 28 23 11 25 11 13 33 16 30 34 29 39 13 27 23 15 26 18 25 18 16 
20 26 20 19 22 22 40 20 20 34 16 14 19 36 28 24 17 8 10 21 17 16 23 37 16 40 13 15 15 19 25 10 20 21 54 23 25 31 15 15 
20 26 20 14 24 18 26 18 30 26 23 14 15 25 27 30 26 24 20 8 15 7 30 15 22 34 20 34 37 18 23 15 31 19 27 27 26 19 20 15 
14 32 24 15 28 23 41 23 34 31 31 24 19 21 38 27 24 20 11 21 21 17 16 21 26 13 18 29 28 16 24 19 23 10 14 26 34 29 17 12 
19 37 31 10 15 14 36 17 23 42 34 18 20 29 28 39 21 30 23 15 15 21 30 22 11 24 20 29 35 23 29 19 27 22 41 25 19 31 16 16 
27 22 20 13 20 22 25 18 27 26 23 19 11 29 46 21 10 21 21 18 17 19 10 27 18 22 14 17 32 23 29 20 19 25 27 26 31 20 17 14 
17 19 21 16 22 22 27 26 41 29 34 28 24 23 26 43 14 20 14 13 21 16 25 15 15 35 21 29 28 34 31 17 30 24 16 23 39 17 18 13 
16 34 17 11 24 14 45 22 41 42 15 18 29 31 17 34 19 20 16 25 10 16 13 18 19 13 15 25 27 20 39 14 28 22 27 27 21 17 12 25 
30 39 22 10 19 27 33 19 29 35 20 15 13 21 32 28 21 30 20 17 23 13 30 23 13 27 23 23 15 21 27 15 24 28 28 26 30 22 17 15 
28 21 11 11 23 41 24 16 37 31 23 29 25 32 21 41 25 14 17 13 22 13 16 11 19 22 24 12 20 19 29 14 19 24 36 27 28 20 14 10 
23 34 16 13 20 23 17 12 44 23 38 19 18 32 22 31 15 36 17 24 27 19 20 24 19 33 18 16 28 22 31 14 28 12 37 24 21 25 15 14 
13 34 15 11 18 16 24 12 38 32 36 27 18 44 23 29 21 14 20 9 16 15 24 13 13 25 20 23 9 14 26 13 21 26 33 20 30 17 15 18 
26 28 8 15 22 17 39 24 36 24 26 22 22 16 10 29 12 15 19 19 13 20 18 5 17 35 23 27 19 14 36 19 31 21 16 22 23 17 16 11 
21 34 25 21 19 16 34 7 26 23 22 26 19 16 33 23 19 28 16 24 9 17 16 16 22 21 18 24 20 29 28 28 17 29 26 23 28 16 13 18 
24 26 21 16 28 21 29 19 38 22 15 26 21 28 19 26 17 35 15 23 15 18 21 15 15 37 14 36 17 34 21 14 21 23 28 23 28 15 20 17 
22 36 16 15 15 27 21 19 32 36 27 20 24 34 27 42 27 16 12 33 39 20 26 12 16 27 21 21 17 25 32 10 20 21 30 16 23 23 14 16 
27 40 15 20 16 27 35 19 27 28 27 31 13 46 15 33 18 36 13 13 26 19 14 25 17 32 26 17 24 24 38 26 21 18 20 21 14 29 7 13 
10 34 22 9 26 19 26 16 26 30 36 24 10 41 25 28 23 30 14 18 22 19 24 12 19 37 20 31 38 20 28 15 31 17 41 8 5 23 21 16 
27 32 15 11 31 16 46 20 25 23 22 23 21 24 21 35 29 14 14 16 18 25 16 21 11 24 7 14 33 36 22 10 18 18 36 24 14 17 14 14 
21 19 27 19 16 22 21 24 24 23 21 19 10 34 30 39 24 25 19 17 15 15 26 13 17 24 20 19 15 20 26 21 41 14 42 27 25 27 22 10 
17 36 16 18 13 22 31 27 37 27 24 19 13 31 19 28 24 16 12 21 12 14 19 18 7 26 17 26 24 20 30 18 26 15 23 13 28 24 13 17 
20 27 16 17 11 13 33 21 29 26 37 15 13 27 27 43 20 19 14 19 25 18 17 20 12 32 28 29 33 31 27 26 34 27 34 28 34 37 15 15 
34 36 24 20 31 23 31 30 19 29 11 26 13 37 23 28 30 20 16 27 31 19 17 5 16 32 18 29 32 27 29 19 33 11 36 27 17 22 12 15 
14 16 25 19 30 19 24 25 29 25 13 17 26 32 32 37 16 12 19 18 24 18 31 7 14 28 10 30 18 23 33 21 31 14 27 20 28 14 11 16 
14 24 12 12 17 19 27 13 34 32 49 20 18 20 31 22 28 32 21 24 28 19 25 23 15 33 25 19 14 24 18 17 28 21 30 33 36 21 15 20 
14 34 11 20 16 11 26 26 28 31 25 14 12 36 13 28 18 20 11 16 14 17 22 23 16 30 19 18 15 31 22 24 26 23 35 16 28 17 14 13 
25 35 24 11 23 18 12 15 34 42 18 22 25 21 21 22 14 28 16 19 15 20 21 19 13 24 13 24 25 20 35 18 23 19 21 25 35 20 18 17 
13 31 29 20 20 19 34 10 31 28 18 12 12 19 28 23 23 15 19 15 19 11 15 22 12 26 25 31 29 19 23 12 24 13 25 25 38 11 20 22 
13 28 27 11 22 31 33 24 39 37 20 24 14 18 31 31 18 19 19 15 17 23 24 23 5 26 15 29 18 26 28 17 31 21 21 12 33 13 9 10 
5 28 18 12 29 30 35 25 21 18 29 21 18 36 30 35 22 14 18 30 23 13 18 16 13 6 13 32 22 6 33 14 21 26 35 20 24 24 23 19 
13 30 16 15 15 14 39 21 29 35 35 19 17 22 22 34 20 20 18 18 20 25 22 12 21 31 20 19 36 28 13 19 22 19 22 26 22 22 18 21 
28 26 10 22 16 24 30 27 7 19 45 24 16 40 27 28 25 25 15 20 29 24 20 5 27 23 21 23 21 30 44 12 13 23 34 22 30 23 10 5 
10 34 15 16 33 35 37 23 26 36 40 18 7 26 16 27 16 19 15 17 22 13 32 16 22 19 20 29 32 24 14 16 30 20 34 21 17 30 14 23 
28 24 26 17 28 22 32 22 47 18 35 27 15 14 20 25 23 20 19 22 23 20 21 14 24 41 10 7 20 33 36 13 31 13 25 25 42 20 22 14 
12 33 17 9 29 20 21 13 21 31 21 25 17 23 25 38 27 17 14 16 14 18 19 30 20 29 15 18 23 16 15 15 24 14 31 8 27 30 10 10 
25 29 23 15 35 22 13 18 16 26 33 20 16 27 21 28 22 12 21 20 26 21 17 18 15 22 14 25 33 21 29 8 38 17 40 24 28 9 18 17 
16 43 16 14 27 12 29 27 36 13 22 21 23 35 19 49 23 11 26 25 22 24 24 25 21 25 14 30 31 15 36 19 32 21 22 24 25 27 20 13 
13 31 14 19 22 15 39 32 29 35 27 12 14 29 34 28 18 22 14 17 23 18 31 15 24 18 15 21 14 25 35 16 26 18 36 14 9 33 13 18 
28 20 24 15 28 20 27 12 30 31 26 19 17 34 20 42 22 11 13 14 26 14 22 25 21 24 21 31 25 26 37 17 22 22 33 22 26 23 17 21 
26 30 20 13 26 17 22 28 30 41 40 21 20 34 26 29 28 16 12 24 25 19 18 18 23 27 21 27 23 36 33 19 16 16 30 29 25 20 15 14 
12 17 28 15 27 29 23 24 27 22 23 18 14 22 18 23 16 19 15 13 19 17 13 8 22 26 20 23 23 32 29 19 17 14 39 31 35 21 14 22 
30 43 24 16 17 35 37 19 27 28 24 24 15 31 26 24 16 24 12 25 13 19 21 24 9 34 24 25 28 22 28 21 25 25 25 12 22 16 21 9 
26 11 19 15 12 21 34 23 33 21 20 25 20 41 26 20 15 21 23 14 17 14 18 21 14 22 22 26 30 21 33 23 31 18 21 23 36 22 12 15 
16 17 19 17 24 19 37 26 26 19 23 18 18 21 24 24 10 18 19 26 24 19 23 8 17 34 20 29 25 30 38 27 19 9 43 22 30 34 11 22 
21 27 17 14 16 11 28 19 30 49 28 21 18 40 19 44 27 22 18 18 23 20 17 22 24 23 17 11 39 21 23 19 33 25 31 18 36 19 19 18 
31 21 18 16 26 21 32 12 21 19 24 25 14 43 14 26 27 22 18 19 14 14 29 15 15 32 25 22 43 26 26 11 25 16 37 26 32 17 18 13 
28 25 12 18 18 20 28 28 31 29 25 28 19 37 28 36 22 15 14 18 23 18 23 22 21 18 16 21 18 18 23 22 21 18 26 29 24 28 18 15 
15 33 34 18 29 22 40 24 22 28 37 18 19 29 22 30 18 14 17 22 24 15 31 16 11 38 18 23 28 24 27 25 16 13 19 29 39 23 18 11 
21 40 15 19 21 25 37 28 19 28 24 23 17 28 16 22 17 21 7 23 24 19 12 20 13 31 22 21 23 25 25 20 23 19 39 26 32 13 23 13 
25 15 18 19 31 11 25 20 19 26 20 20 20 29 22 23 17 20 11 20 9 25 19 24 18 16 23 16 19 20 21 17 25 27 40 13 30 28 15 15 
19 28 18 18 28 28 41 26 29 20 34 22 19 21 35 26 22 12 22 12 23 22 25 20 17 27 12 25 20 23 32 17 22 12 24 10 24 22 18 15 
19 32 17 13 27 21 31 31 36 33 34 18 10 26 17 37 19 15 18 21 32 17 17 24 23 17 23 22 24 18 33 13 11 17 37 27 13 13 17 19 
25 30 18 21 26 24 46 20 32 37 31 18 19 41 16 27 18 8 17 24 15 33 31 20 19 27 14 17 30 26 24 14 28 20 32 23 18 17 20 28 
18 23 20 15 25 13 13 7 13 33 33 21 19 13 19 29 20 15 17 23 17 13 23 15 14 20 18 32 25 24 23 16 30 20 17 22 15 33 22 16 
16 28 17 16 20 17 26 32 42 34 30 22 19 39 21 20 19 32 16 30 26 20 13 18 15 29 18 20 16 14 21 25 19 18 24 26 25 19 26 15 
17 29 21 9 22 25 22 30 40 13 17 15 21 21 36 15 13 21 12 14 29 21 9 18 14 30 21 39 24 29 44 21 34 22 27 22 26 31 16 20 
24 30 21 19 16 14 16 42 44 22 19 30 17 29 33 10 23 21 19 18 11 17 12 15 14 24 11 41 25 15 36 18 23 19 34 33 22 28 20 16 
24 27 26 15 23 5 37 13 47 14 37 35 2 24 17 31 23 15 21 18 27 22 28 22 11 49 24 21 29 36 33 16 25 16 41 23 47 29 17 15 
13 24 16 16 14 24 24 28 14 28 29 16 19 22 28 22 18 7 13 20 27 15 28 19 19 36 29 32 34 27 20 16 19 20 32 18 39 25 10 24 
18 32 16 17 42 17 21 23 25 26 33 24 23 30 33 10 25 20 15 19 23 20 26 20 22 39 12 42 11 33 29 10 8 17 38 18 20 27 19 18 
17 10 18 19 29 27 38 23 56 34 34 21 13 28 32 38 15 5 17 19 20 22 22 11 23 26 15 26 26 10 28 11 13 17 18 31 16 24 20 14 
24 22 27 19 26 19 25 21 27 27 44 23 20 34 20 37 11 20 18 19 20 15 23 17 16 31 15 24 20 23 17 16 21 15 24 33 19 25 16 18 
22 26 34 10 24 31 24 22 32 22 24 30 15 28 23 14 18 33 17 20 13 22 18 16 16 28 13 20 16 24 31 14 25 20 14 17 37 26 17 11 
17 11 17 19 24 21 30 15 30 39 15 14 6 29 31 17 18 21 16 25 18 18 28 9 5 21 19 14 29 27 34 19 18 29 29 20 27 21 15 16 
18 37 17 17 29 27 26 16 28 36 39 19 18 21 19 46 10 19 19 22 21 12 23 17 9 19 8 22 23 17 23 18 28 17 35 20 15 32 20 13 
10 20 24 13 26 19 31 8 31 18 16 18 10 33 21 17 22 21 14 17 30 13 18 15 24 22 15 27 33 13 24 17 32 22 35 28 32 16 13 17 
19 26 16 14 26 21 27 23 33 28 30 21 17 24 27 26 17 22 17 30 24 15 12 23 16 32 16 30 36 25 30 22 16 26 32 17 20 31 12 12 
24 26 16 19 34 25 21 19 29 34 27 32 17 30 25 31 21 19 11 21 28 26 26 29 20 19 13 26 23 26 21 12 26 19 31 24 28 25 17 15 
23 28 22 13 27 26 13 12 14 26 21 16 23 21 24 37 17 22 13 23 20 13 17 15 17 32 20 16 20 30 29 20 20 22 26 28 20 18 11 19 
25 15 16 20 6 18 30 25 24 18 34 22 11 25 38 18 19 25 14 16 27 19 21 14 20 20 19 20 21 19 30 18 24 24 47 29 19 28 17 14 
12 14 17 19 23 10 36 18 22 17 35 26 11 31 19 9 28 12 19 18 19 20 13 15 11 29 19 18 27 32 33 13 35 22 18 25 27 21 24 10 
20 33 17 13 19 14 23 32 27 41 42 21 22 20 20 20 24 22 15 17 18 14 27 23 16 21 10 29 37 29 28 23 28 29 20 36 29 17 12 15 
8 20 25 21 30 19 28 11 32 35 32 24 15 23 27 38 15 22 14 22 17 16 27 19 19 20 19 13 21 19 23 12 30 21 32 24 46 17 7 12 
22 20 18 18 21 24 42 14 22 29 24 25 8 39 43 18 4 19 11 20 19 20 15 24 18 31 21 4 33 25 27 13 23 22 38 27 27 26 17 17 
10 31 21 20 25 22 37 25 35 28 29 13 22 19 27 37 18 21 10 13 24 20 17 17 14 28 18 27 20 23 32 19 36 20 21 23 22 10 12 18 
13 19 24 18 26 20 27 25 37 26 39 21 21 23 24 27 28 14 19 17 20 17 12 10 18 27 22 9 28 17 27 11 13 21 37 30 17 26 14 12 
34 28 23 17 15 26 35 21 34 35 36 17 25 31 18 33 23 20 17 9 16 21 9 22 17 33 27 12 27 18 28 21 19 13 30 21 38 19 17 10 
18 35 14 18 22 18 33 6 26 26 28 24 27 38 28 36 11 9 12 23 35 10 12 18 24 20 14 29 18 24 37 25 28 22 30 32 34 24 17 20 
26 27 15 20 19 26 38 15 27 31 10 28 15 17 24 25 13 32 14 20 21 17 20 17 16 28 26 34 24 17 36 15 24 28 40 17 18 15 16 13 
25 30 24 18 20 8 22 22 38 28 33 34 8 27 15 32 21 23 16 20 30 7 14 17 24 25 22 23 34 27 14 18 17 24 32 26 27 14 14 20 
13 30 20 17 31 14 29 24 28 40 23 30 15 25 21 33 24 25 18 13 22 18 26 21 23 29 16 34 14 19 47 12 30 9 25 19 26 25 10 19 
8 35 27 9 28 20 27 10 15 39 24 10 19 30 26 18 22 16 17 13 28 16 20 20 14 20 15 22 21 21 36 8 33 12 19 24 24 28 16 19 
17 36 18 15 25 14 16 27 26 37 31 14 16 29 22 21 24 20 14 16 29 15 28 15 20 30 10 12 19 25 28 21 35 17 28 24 23 23 17 20 
20 27 8 19 23 32 41 25 30 30 23 12 14 27 34 17 22 23 12 22 28 21 24 15 15 21 23 25 30 29 25 22 26 18 37 31 18 19 15 14 
24 26 25 15 26 25 37 20 33 35 44 24 16 32 23 36 12 19 14 15 10 13 20 21 12 37 18 26 15 20 37 17 19 17 36 22 38 23 21 13 
12 14 11 6 24 19 34 21 23 32 31 11 16 24 20 17 13 13 23 15 24 28 16 17 13 26 22 19 28 24 40 16 33 19 32 27 24 27 16 13 
11 33 20 20 23 14 24 27 46 27 28 21 25 27 30 23 22 16 20 34 11 19 14 14 17 26 5 24 14 28 25 13 15 15 43 22 22 17 20 15 
11 23 18 12 22 21 20 14 26 19 32 20 18 22 30 28 31 17 17 21 23 17 29 9 15 16 23 25 20 28 39 18 34 18 25 23 24 27 16 14 
17 18 20 11 18 29 19 27 35 26 40 17 21 29 30 28 24 13 15 9 28 14 24 19 15 16 16 27 22 17 10 19 31 18 32 17 27 16 14 20 
25 34 23 12 29 9 30 18 31 19 26 15 12 19 12 45 14 21 17 26 14 26 24 9 16 33 30 15 14 19 30 12 37 28 12 20 29 26 12 15 
28 24 9 16 26 27 39 32 33 31 30 29 21 22 29 28 24 10 17 21 11 14 11 3 15 25 23 23 22 12 23 17 30 21 21 26 17 27 24 18 
10 22 15 6 29 23 34 21 34 20 26 23 13 37 33 25 11 12 23 23 18 20 16 14 17 23 20 20 35 21 22 21 37 28 38 16 27 25 21 24 
14 29 7 17 18 23 45 20 23 31 35 17 14 10 28 28 21 20 21 22 19 19 17 13 18 32 15 28 22 22 39 14 25 21 21 19 23 28 14 11 
21 31 14 19 29 20 46 25 38 26 43 26 22 18 20 48 24 20 18 17 26 18 17 15 11 31 22 17 24 15 27 19 10 12 38 26 32 21 7 17 
26 28 13 13 27 13 29 21 44 38 25 32 19 27 25 25 23 30 6 20 23 18 21 20 10 26 12 31 36 19 20 22 29 14 16 24 33 16 11 19 
20 16 21 15 16 20 42 24 23 19 34 18 15 37 23 29 20 17 12 22 10 17 21 15 19 30 16 25 37 26 22 25 25 19 16 26 41 24 17 14 
32 31 21 15 22 16 41 21 12 31 39 17 15 30 42 38 22 24 12 9 25 19 23 17 19 16 16 26 20 25 24 19 27 18 31 22 25 27 12 8 
16 25 18 20 25 26 39 24 23 19 23 23 22 37 22 32 24 13 22 27 21 23 22 18 23 27 21 15 27 22 40 18 18 15 34 19 22 25 20 21 
28 21 21 18 20 22 27 23 25 28 8 19 16 26 32 27 16 28 13 16 20 8 13 2 24 30 15 23 32 19 16 11 28 23 28 20 14 27 14 19 
22 36 14 18 25 13 40 23 32 14 33 15 14 28 18 31 15 23 13 19 32 16 16 24 17 32 17 18 37 27 17 13 19 6 37 20 24 14 12 20 
31 18 24 14 29 14 26 30 26 34 24 11 20 31 28 32 17 28 19 18 14 19 19 12 23 31 25 35 21 24 32 5 39 13 29 22 36 23 12 15 
20 19 19 23 16 29 20 22 28 25 12 23 14 18 23 26 15 24 30 21 20 22 27 18 21 22 21 24 26 25 31 15 19 16 37 21 14 17 20 8 
22 21 19 21 24 18 29 24 23 33 31 25 21 26 31 39 16 18 24 23 36 22 20 21 10 29 15 22 30 23 36 15 32 24 30 26 18 21 5 20 
23 25 20 15 27 15 17 11 33 31 32 15 15 38 22 22 18 17 11 19 23 17 26 14 19 13 17 28 32 11 25 17 30 22 16 19 35 26 13 21 
19 27 25 11 23 21 22 19 1 27 36 13 23 37 21 23 16 16 16 28 21 23 26 11 15 25 24 23 30 24 36 11 32 21 22 37 25 19 13 20 
19 31 26 20 5 30 29 24 28 40 30 22 14 23 22 22 21 14 10 14 17 17 11 19 12 27 22 23 32 23 21 9 29 9 25 28 20 22 16 14 
23 19 18 13 25 24 28 28 33 24 24 15 22 26 28 31 20 14 12 23 8 28 16 22 14 24 25 14 21 15 24 12 30 20 16 20 25 42 13 18 
30 28 19 10 19 14 36 16 30 33 17 29 12 30 22 33 14 25 13 5 27 21 16 21 9 24 13 23 20 20 34 25 26 21 20 31 37 25 14 20 
16 29 14 21 21 34 29 20 38 38 25 17 18 16 18 35 16 23 12 23 6 23 18 9 25 26 22 24 29 20 29 28 29 21 31 25 16 31 14 20 
10 41 20 16 33 22 23 23 18 42 32 27 18 37 6 14 23 36 18 21 24 9 26 12 12 31 18 28 32 24 40 10 32 13 25 32 28 22 15 13 
30 19 21 15 26 21 35 23 48 42 29 14 18 25 29 28 10 18 21 16 29 16 15 13 31 28 16 22 21 26 40 17 11 19 42 26 21 18 18 19 
25 27 17 14 31 16 40 14 27 29 13 32 17 27 25 40 7 14 9 13 25 12 17 11 9 16 11 23 15 24 25 9 29 29 27 37 23 26 19 20 
26 42 21 15 32 25 20 28 6 23 24 25 18 37 17 34 18 26 17 23 24 27 28 16 14 23 15 17 39 37 47 18 25 28 39 13 19 30 10 8 
22 24 14 4 22 22 27 22 31 43 34 16 11 36 27 31 24 23 18 21 15 16 22 20 14 24 19 32 32 30 34 23 33 11 35 15 36 22 21 17 
21 29 4 12 24 25 7 21 10 23 20 11 20 30 28 28 17 25 13 10 25 14 24 13 8 24 7 26 26 22 19 19 14 10 27 16 33 26 12 8 
24 24 5 17 29 31 27 13 32 17 26 23 20 35 25 40 23 15 14 19 31 19 28 9 25 27 19 38 28 31 33 16 27 6 28 25 16 25 24 16 
18 27 20 13 28 9 29 24 24 30 28 28 25 37 29 32 21 22 17 13 30 23 22 17 22 37 19 31 18 26 38 12 20 5 27 24 38 18 17 24 
17 19 19 11 19 22 20 38 29 39 27 28 19 32 26 46 25 26 28 16 21 24 26 20 23 26 20 30 23 28 36 17 31 23 33 34 29 38 19 11 
33 31 21 15 22 34 22 17 49 42 38 18 13 35 27 12 17 25 16 20 29 13 22 13 15 19 13 26 29 20 15 26 8 21 43 25 30 24 20 21 
20 28 14 12 16 17 23 25 24 25 15 28 11 43 27 34 16 12 12 16 25 23 21 23 16 22 15 27 23 41 34 18 22 16 35 23 32 25 16 18 
25 27 14 14 21 19 52 15 19 48 27 25 17 24 24 19 21 24 14 21 17 16 15 21 19 30 30 26 28 24 23 20 34 14 17 21 24 25 14 17 
10 33 21 13 25 22 34 25 34 23 27 24 16 28 29 29 20 25 17 14 13 20 24 23 11 27 19 22 25 23 28 28 25 19 7 19 24 26 15 14 
24 24 26 14 28 27 25 19 16 38 30 23 13 33 34 37 12 31 14 13 19 16 31 18 16 38 18 20 26 20 16 21 17 21 12 32 15 22 16 13 
25 31 24 10 24 23 40 16 24 35 22 17 19 33 26 9 17 27 19 22 29 18 19 12 15 33 29 30 47 17 33 17 26 15 27 25 25 23 16 14 
17 31 11 11 29 16 39 10 24 34 18 19 21 8 21 16 16 23 16 28 9 13 13 18 7 8 10 24 22 28 30 15 18 17 33 19 31 19 19 13 
18 28 14 14 22 14 23 23 41 39 21 13 16 31 24 32 21 15 19 19 24 20 24 14 18 14 16 33 27 23 33 13 15 10 18 31 26 28 17 20 
26 34 10 21 21 15 28 14 37 36 40 14 13 17 18 28 21 14 17 20 21 17 20 13 20 32 9 18 23 20 20 18 23 23 26 22 24 19 26 19 
27 41 21 15 20 26 16 17 54 28 48 21 17 26 30 27 17 11 18 21 24 8 18 19 17 34 21 29 16 25 30 25 33 23 45 26 22 8 11 19 
21 35 15 13 17 21 28 18 33 35 20 32 18 35 8 29 18 15 23 23 23 25 30 19 19 24 27 27 17 26 37 11 24 16 26 13 12 26 17 15 
26 29 19 19 16 29 25 21 31 31 41 14 14 28 24 22 21 22 20 20 25 22 16 18 28 49 25 22 13 25 22 15 19 22 18 30 35 18 7 16 
17 19 11 17 21 7 41 24 38 18 19 14 11 37 32 21 27 23 11 27 28 18 21 16 11 31 13 37 20 23 19 21 34 15 37 23 32 18 18 8 
25 39 22 10 21 15 32 16 28 26 44 17 12 27 18 29 14 20 12 21 19 17 23 13 13 32 21 19 29 32 23 11 32 17 13 24 30 15 15 18 
26 26 23 17 27 25 38 18 35 25 24 23 15 29 27 31 17 29 18 29 16 9 24 19 16 36 13 23 17 24 35 19 14 17 17 22 33 18 24 17 
27 23 19 17 28 15 21 22 37 15 22 19 20 29 21 33 21 24 14 15 18 5 17 18 16 17 18 14 19 22 26 24 21 15 15 30 35 16 15 19 
19 16 26 12 23 25 25 25 28 21 35 13 14 11 12 13 20 18 8 17 31 14 17 20 15 18 22 23 18 33 21 23 29 23 40 20 39 31 19 19 
9 26 11 14 33 10 32 18 40 19 21 33 13 23 26 13 18 10 15 12 24 27 25 11 13 32 19 29 22 37 22 18 12 15 26 19 24 17 17 16 
22 35 19 16 19 24 19 19 30 33 17 21 23 25 37 29 28 19 21 13 24 20 20 13 23 21 17 28 15 28 38 19 28 17 18 28 30 29 13 18 
16 20 17 13 17 33 38 23 28 26 38 16 19 26 24 21 20 24 22 21 23 14 22 11 20 34 17 34 16 30 26 23 29 27 36 22 36 28 19 12 
22 20 19 13 19 18 23 10 32 31 26 18 19 41 40 20 18 4 15 21 19 20 21 26 16 27 16 20 34 5 25 26 28 18 22 27 45 27 22 20 
18 43 12 10 23 25 34 19 46 25 33 20 8 23 15 36 27 26 14 15 24 23 12 11 16 26 12 38 25 26 34 21 19 7 26 20 17 11 16 14 
27 29 16 13 10 24 24 25 25 48 25 19 13 37 21 14 23 21 14 19 8 14 7 16 14 21 17 23 22 24 22 17 24 16 30 26 20 12 17 20 
15 32 5 13 17 36 28 15 30 42 22 17 23 37 12 40 17 23 13 20 20 20 25 18 6 30 19 27 22 29 25 20 17 16 38 31 30 21 16 13 
20 27 21 14 20 24 27 25 20 28 25 27 24 22 28 25 23 14 22 23 21 14 24 17 17 20 16 34 27 23 38 28 20 22 35 16 24 22 14 21 
19 27 9 18 24 16 33 29 36 16 25 19 20 19 34 30 6 15 10 13 18 16 23 19 18 37 18 28 22 25 22 15 32 16 31 17 44 10 15 16 
27 33 14 18 20 19 22 17 32 25 29 28 13 28 30 30 23 28 10 16 30 14 12 26 14 30 20 34 18 24 27 23 36 22 28 16 30 17 17 16 
23 16 25 18 32 20 31 13 35 50 39 24 20 32 27 28 22 23 16 16 17 16 17 18 15 28 18 39 41 18 28 18 39 13 39 23 24 26 17 28 
27 32 18 12 24 27 27 24 51 33 22 24 16 27 8 17 20 27 16 16 25 5 19 9 17 21 16 33 21 21 29 17 11 17 25 29 20 18 9 14 
7 42 16 19 25 29 25 25 43 16 21 14 18 28 29 36 21 17 18 19 20 14 20 18 11 27 17 21 40 25 20 12 16 23 33 21 35 11 22 19 
16 36 24 11 12 38 30 21 43 12 17 15 11 31 38 29 18 8 18 23 15 23 16 24 17 10 16 29 22 11 35 13 24 20 13 33 11 21 22 18 
29 38 13 13 17 12 40 18 20 32 26 32 21 29 34 35 20 19 16 21 21 9 19 20 22 24 8 29 32 27 20 11 34 17 34 29 11 25 17 19 
16 31 12 17 24 18 34 27 37 36 26 13 24 32 24 25 14 19 13 17 29 22 16 17 13 39 16 37 20 24 8 12 26 12 40 22 33 26 16 14 
30 22 18 8 20 14 26 19 45 22 23 14 17 28 28 22 17 16 9 27 30 9 15 13 26 24 12 27 27 27 24 6 22 24 17 23 19 26 17 15 
22 24 13 12 19 22 26 26 34 21 33 23 12 38 21 25 16 17 18 18 18 23 19 18 15 33 14 20 24 21 25 13 23 13 30 23 31 11 17 15 
18 31 25 12 29 27 35 13 15 19 26 26 12 16 27 33 13 17 10 16 11 19 28 17 26 29 18 19 26 23 31 9 30 24 33 24 28 20 20 24 
19 18 15 15 33 14 38 22 37 37 28 23 12 39 28 27 21 20 16 24 18 18 26 21 17 19 4 24 37 13 15 11 33 31 22 29 38 18 15 18 
20 32 20 12 31 25 39 14 38 26 27 21 12 26 35 37 19 14 19 21 26 15 27 11 13 29 11 22 13 32 51 20 14 16 26 21 29 12 13 13 
27 32 6 9 10 16 27 12 25 30 33 18 20 23 22 24 20 23 14 21 10 9 26 23 14 29 24 31 34 30 28 23 17 17 27 18 24 31 15 14 
18 13 9 13 20 23 28 20 25 35 33 16 22 39 27 17 20 17 18 25 21 15 25 20 12 33 20 36 23 20 29 17 24 20 27 25 37 18 12 13 
17 25 21 13 29 10 9 7 19 30 27 13 21 20 26 37 17 17 19 19 15 24 22 20 18 20 19 24 27 33 36 15 24 17 28 23 36 30 16 16 
34 29 18 16 21 17 28 20 18 25 30 16 7 34 18 24 18 9 16 16 14 23 25 22 4 19 18 23 34 24 35 17 23 9 26 16 30 19 11 20 
26 20 17 16 24 16 29 18 27 21 21 19 11 33 30 38 17 25 17 23 22 15 13 22 11 34 14 19 26 30 25 13 34 21 17 20 18 32 14 14 
35 31 19 13 17 20 38 13 43 29 33 24 16 32 19 35 22 8 14 11 23 17 19 20 21 22 17 28 24 14 30 11 10 13 36 20 29 30 17 21 
23 39 11 12 24 15 23 26 14 42 17 27 18 38 24 31 25 18 15 13 18 11 26 5 18 16 23 16 10 12 26 14 25 14 37 25 32 20 16 12 
23 29 26 21 16 17 32 18 30 17 25 14 19 30 34 31 21 18 17 14 28 18 29 14 23 33 15 24 24 18 24 24 38 18 21 20 24 20 4 19 
22 32 19 9 27 28 44 24 42 50 21 24 10 39 31 28 18 12 11 24 28 16 14 13 27 23 12 23 28 12 32 3 25 17 34 22 34 24 17 13 
17 18 19 11 25 21 30 21 30 35 26 21 9 33 25 23 21 18 12 18 21 16 25 22 14 32 16 19 13 21 49 10 19 22 40 19 10 23 18 23 
18 22 14 18 16 5 31 19 21 29 28 21 28 45 26 34 16 22 14 21 25 23 21 21 12 37 23 27 21 30 13 25 24 13 29 16 33 26 18 20 
15 32 22 18 28 26 26 20 35 38 38 19 14 19 29 26 21 27 17 30 21 21 16 17 22 23 23 30 22 15 34 23 35 11 40 17 26 21 14 13 
14 14 20 11 35 19 18 18 52 38 29 21 15 44 23 31 24 19 19 22 26 24 17 13 6 28 16 25 29 28 30 12 16 15 27 15 22 21 15 16 
23 23 16 11 16 19 17 14 31 38 29 16 12 32 35 41 26 19 25 11 16 10 21 17 21 26 25 26 26 18 39 29 20 20 41 16 31 15 19 21 
23 38 14 11 22 14 20 13 21 30 29 27 17 34 32 33 20 31 15 13 26 18 26 20 16 19 7 13 30 26 43 14 30 19 28 17 33 18 15 15 
22 24 24 15 37 27 21 23 28 28 25 17 19 22 26 16 19 24 19 16 19 18 15 23 21 27 19 23 23 25 31 13 21 13 37 32 36 14 16 18 
26 34 21 11 18 18 25 27 41 21 12 20 19 31 26 24 16 20 22 17 23 12 27 22 14 22 14 24 24 26 7 15 21 16 42 15 27 16 16 15 
25 25 13 12 26 26 29 15 37 24 22 31 14 28 15 28 13 27 9 15 14 12 20 14 20 24 16 21 34 20 41 18 32 25 33 21 52 24 19 12 
29 27 18 21 21 17 25 25 23 17 40 15 18 31 12 23 16 15 18 22 17 19 23 17 11 14 19 17 22 32 42 14 14 21 29 31 40 16 18 10 
23 33 20 14 16 30 18 21 10 30 21 24 17 19 20 31 24 16 15 13 13 13 26 15 12 37 15 36 21 20 9 24 27 27 17 9 29 28 22 16 
15 26 22 20 17 18 29 26 33 33 22 16 22 31 17 39 19 30 20 18 18 12 22 21 9 29 27 28 21 21 28 13 19 17 21 28 35 14 17 19 
25 31 23 16 17 17 33 23 25 20 31 21 13 28 22 24 15 19 10 23 22 16 17 14 13 20 27 21 30 18 35 13 20 19 30 20 27 23 8 14 
14 33 14 19 18 12 38 18 41 31 23 30 23 27 37 31 22 14 15 16 24 15 5 17 22 21 17 24 22 29 13 20 27 18 24 35 24 24 11 18 
25 21 14 15 13 29 29 12 29 42 17 23 21 25 23 13 17 25 15 27 18 18 20 18 18 22 16 31 16 22 32 29 36 18 32 33 31 16 18 11 
16 19 24 14 26 5 34 22 23 24 30 27 29 19 33 26 20 14 9 8 26 7 15 13 20 20 18 31 35 24 33 21 20 26 45 29 41 14 18 16 
23 6 17 7 26 15 34 19 22 20 33 12 13 16 23 20 19 11 13 15 27 16 8 10 17 27 20 14 24 24 20 20 15 17 31 24 19 27 18 12 
17 36 16 16 15 25 29 24 38 24 29 18 14 29 26 21 15 25 20 14 23 20 14 18 18 23 25 25 25 20 24 14 21 25 29 20 26 24 20 19 
10 32 22 21 24 21 31 27 15 10 22 26 24 43 33 25 20 12 19 14 23 24 18 20 20 30 25 26 21 23 31 15 15 34 15 25 22 26 16 14 
18 30 34 7 32 27 17 22 38 35 20 31 21 27 23 33 23 28 19 28 24 12 21 20 20 28 16 37 20 24 29 23 28 19 25 26 34 23 17 16 
19 40 22 27 19 17 32 18 26 40 32 27 13 31 14 23 19 23 17 17 17 18 25 11 13 36 21 32 14 37 22 16 20 15 34 18 21 11 15 14 
30 42 17 10 12 21 27 20 33 36 20 16 8 41 32 20 23 23 19 20 17 16 20 8 23 28 24 31 20 12 28 12 13 13 35 12 18 21 19 14 
22 33 17 14 28 26 15 21 35 17 28 29 17 15 22 36 20 22 12 17 18 17 28 16 9 33 14 22 24 15 25 12 32 24 36 21 27 27 21 15 
28 24 14 13 12 19 36 24 34 31 14 12 15 35 13 29 14 23 17 19 19 22 19 15 14 30 18 23 29 21 35 14 19 24 20 28 30 22 17 13 
15 19 19 10 19 27 26 24 17 33 34 17 20 7 25 26 21 20 19 24 18 16 26 18 22 25 17 33 27 20 39 14 38 26 19 25 27 20 14 19 
23 31 27 20 13 19 45 9 38 39 33 24 19 31 28 13 19 18 15 26 21 17 22 20 16 28 28 28 24 21 31 10 27 23 29 11 17 24 16 11 
18 28 12 11 22 20 21 23 27 39 27 13 9 19 25 24 23 20 21 15 21 20 27 19 14 27 18 32 21 28 41 14 25 19 31 27 24 28 20 22 
25 41 20 15 25 26 38 15 42 26 30 18 22 19 32 29 24 20 19 17 33 24 27 13 12 26 10 27 22 26 39 14 29 18 34 23 36 24 19 17 
26 38 25 14 26 24 30 13 40 29 19 20 15 16 24 28 19 9 25 16 23 23 27 15 16 25 20 33 21 19 19 12 28 17 22 24 28 29 12 13 
15 25 8 20 23 28 29 27 27 35 37 24 28 37 20 40 24 20 16 24 12 16 23 11 12 13 11 31 37 23 28 13 23 16 22 30 25 24 7 16 
23 37 20 17 33 15 29 20 31 24 19 17 11 23 13 30 17 13 23 29 28 22 24 17 13 28 11 28 21 18 6 17 25 21 17 16 21 28 16 23 
22 26 9 20 22 4 23 20 48 15 24 15 15 40 26 23 30 25 16 13 24 20 20 17 25 16 14 30 26 27 17 8 20 19 32 22 13 20 19 7 
32 30 21 19 29 21 22 19 34 52 23 20 26 19 23 18 21 26 21 22 33 22 22 16 15 31 12 11 19 36 20 20 29 22 31 31 20 34 14 14 
24 3 19 14 27 20 33 18 31 31 30 22 20 48 24 15 14 12 22 21 11 13 16 21 20 30 16 25 29 27 28 19 23 21 23 26 23 23 18 19 
14 45 14 20 26 24 37 14 20 22 29 5 9 24 25 25 19 23 21 17 24 9 15 20 13 32 18 31 30 17 29 19 26 16 20 22 33 16 16 13 
14 29 20 18 20 26 35 16 21 14 32 14 18 31 23 36 20 24 14 22 12 15 10 17 12 11 13 27 30 31 26 15 35 19 35 22 22 15 14 12 
19 42 16 18 21 12 18 23 34 31 28 28 20 31 25 12 18 17 11 19 20 17 20 15 15 21 23 30 28 24 28 18 18 19 21 20 27 26 14 19 
26 16 15 14 24 22 36 26 15 8 28 17 8 22 22 39 30 24 22 27 17 20 17 22 22 23 23 20 25 11 34 12 31 17 32 37 31 30 21 13 
25 28 18 16 18 15 26 24 29 35 36 19 21 26 21 25 13 28 17 8 12 13 22 17 10 9 22 25 24 22 30 18 20 18 31 23 26 26 19 18 
29 28 19 24 25 11 23 20 57 32 26 19 23 24 16 27 24 26 24 15 24 21 17 23 18 21 19 20 33 25 35 12 26 30 12 32 15 24 9 11 
10 30 20 14 30 10 37 21 31 23 22 28 21 38 15 27 22 31 10 28 18 17 23 8 20 21 15 34 36 32 35 9 24 13 22 29 25 26 16 21 
28 39 16 16 24 29 24 18 30 34 15 21 28 32 28 35 22 14 10 26 12 20 12 20 28 2 21 17 31 32 33 20 30 18 45 19 29 17 12 11 
12 37 18 14 20 29 15 16 27 36 16 38 17 26 26 43 13 19 14 15 21 15 19 19 18 36 5 32 18 16 33 16 19 30 21 20 36 15 17 10 
16 9 17 13 22 31 25 20 30 49 28 15 16 13 23 31 18 19 12 18 22 20 15 11 25 29 16 21 33 21 13 14 23 16 28 21 19 21 17 9 
15 20 20 11 12 31 17 17 24 26 35 10 8 18 26 30 15 15 13 20 20 14 29 16 15 29 18 31 23 21 23 17 27 25 23 24 35 25 13 19 
14 26 25 11 35 28 31 23 24 38 39 13 13 24 33 24 16 28 19 22 19 22 12 14 9 35 17 28 27 26 38 22 23 17 30 22 35 23 10 15 
20 23 11 17 16 22 17 21 42 33 30 30 12 18 17 29 21 21 14 24 12 24 25 12 25 11 7 27 21 16 34 14 29 28 11 15 37 16 20 22 
20 24 15 12 25 13 39 23 29 27 36 25 13 43 15 27 6 26 15 20 15 24 30 20 16 21 22 28 30 26 31 21 25 13 33 30 18 27 13 19 
23 26 24 16 28 18 33 12 35 34 36 16 17 27 16 33 10 31 11 11 25 13 27 17 14 43 15 13 31 19 29 16 34 18 32 27 30 21 20 13 
17 19 15 11 14 32 22 20 37 37 29 26 21 38 27 23 21 13 11 31 23 30 19 12 14 26 27 38 31 27 30 13 24 9 17 23 27 21 12 14 
26 19 15 22 34 16 34 11 10 31 34 23 15 21 29 33 13 8 19 17 30 19 37 8 22 17 28 38 32 32 20 18 27 18 42 26 31 23 23 20 
18 9 21 17 17 14 30 24 35 35 39 20 19 31 39 29 24 30 14 12 17 20 11 9 23 12 28 19 24 23 41 19 29 21 37 37 9 19 20 26 
23 20 15 20 19 10 20 16 29 38 34 15 15 29 18 19 18 31 23 19 30 23 22 13 18 16 16 19 16 24 23 12 18 22 25 34 25 14 20 14 
17 30 21 16 22 9 28 5 20 25 25 23 12 22 27 24 8 24 9 26 14 16 27 15 18 34 28 28 30 22 35 17 25 20 18 23 27 32 14 17 
20 21 18 17 26 22 26 23 26 5 28 18 9 36 30 23 20 14 17 15 21 11 33 20 9 25 19 19 33 32 33 9 19 26 35 31 36 16 20 13 
14 22 19 17 18 27 23 25 32 42 28 1 5 19 31 30 13 17 17 17 19 24 13 18 18 26 24 36 30 31 27 12 19 13 17 8 24 29 10 18 
30 13 22 25 21 22 28 24 23 34 45 24 26 39 12 25 25 19 21 20 22 11 11 26 7 18 18 31 31 20 21 22 38 25 21 22 16 22 17 16 
17 22 17 18 26 19 17 9 33 36 23 13 11 29 24 11 19 20 15 14 32 18 22 23 15 31 23 22 29 26 40 22 32 15 27 20 21 19 19 14 
22 33 21 18 18 21 22 26 33 31 23 15 24 19 22 14 17 22 18 17 7 22 30 25 16 32 26 27 24 15 29 14 23 20 36 18 24 21 18 19 
20 30 14 18 23 11 31 18 39 36 31 28 25 26 34 41 18 23 17 27 17 13 19 21 13 29 25 22 30 25 21 17 32 17 22 24 18 18 9 15 
16 25 16 18 21 17 27 16 30 28 23 22 25 39 22 31 13 17 20 22 16 18 21 16 19 24 9 20 35 21 28 20 29 30 20 15 38 16 17 17 
31 33 16 11 26 22 22 24 18 14 23 14 17 33 27 9 25 26 16 16 32 17 19 14 9 29 6 29 33 20 27 20 9 12 37 27 22 20 24 12 
22 23 16 16 7 20 24 32 43 32 26 23 27 32 36 14 22 11 13 18 23 21 25 14 21 16 10 22 13 28 33 20 27 18 40 25 24 19 21 15 
26 30 17 19 31 29 26 26 33 31 47 21 26 30 26 28 20 28 12 16 18 21 20 20 19 25 14 30 42 14 17 19 26 15 21 24 26 17 22 17 
14 16 21 19 15 32 36 26 21 25 17 19 21 14 16 32 15 16 11 19 14 11 17 13 17 24 17 24 17 27 17 17 20 15 31 27 25 11 12 14 
16 21 20 14 25 21 21 27 14 33 19 26 23 28 40 11 10 21 21 15 6 15 14 20 24 32 19 28 25 25 17 12 40 19 32 31 23 30 19 16 
26 32 18 13 23 24 37 13 19 35 41 17 18 20 17 19 19 15 15 11 21 15 13 16 13 28 21 22 35 22 13 15 26 19 37 20 23 9 15 14 
18 24 21 20 15 27 23 32 45 35 27 29 13 8 31 39 26 24 20 15 27 10 13 18 23 37 17 14 12 18 27 25 29 5 30 36 27 18 12 13 
17 26 11 17 31 23 21 20 38 31 23 24 14 38 21 39 18 17 12 19 26 12 21 14 22 12 17 26 22 16 27 17 16 14 26 19 12 17 15 18 
20 17 20 10 19 14 30 24 23 28 11 18 16 32 28 45 23 31 10 6 23 11 25 13 9 32 11 24 33 28 32 23 23 12 28 29 22 23 22 16 
16 19 17 18 24 23 32 19 8 40 9 21 14 20 21 18 21 20 16 20 23 24 17 19 12 22 24 25 9 16 25 15 28 20 27 3 26 20 17 17 
24 33 20 9 26 13 25 12 23 14 38 20 15 32 36 14 18 21 15 18 11 20 23 27 14 26 25 29 36 21 32 14 30 24 23 17 23 24 14 23 
25 21 10 17 25 18 16 20 27 17 32 15 13 36 21 32 24 11 18 19 28 28 25 19 23 23 23 29 22 20 37 22 24 19 26 22 42 23 10 15 
14 32 15 18 14 17 24 10 33 27 17 14 15 9 24 26 27 13 15 14 15 15 21 11 18 28 21 35 27 20 31 26 16 11 23 23 12 26 17 13 
12 26 17 18 16 22 38 25 28 32 23 39 20 24 20 19 18 25 17 24 13 11 16 9 17 31 20 37 31 24 25 15 24 16 43 19 35 15 20 14 
17 30 23 15 27 16 9 29 35 28 35 12 18 29 8 26 25 25 20 21 21 24 21 24 20 26 22 14 19 22 43 16 22 19 33 34 31 23 19 14 
9 22 13 21 21 27 25 22 43 30 15 19 10 20 34 12 21 22 16 14 33 17 19 26 13 19 21 19 16 31 25 27 25 15 31 31 27 25 19 15 
15 30 13 11 23 23 29 21 43 21 44 22 13 25 17 51 10 12 27 14 16 18 19 21 14 14 18 25 29 28 31 24 22 26 31 18 16 13 8 15 
28 21 26 9 13 30 32 16 41 30 34 33 15 14 29 34 25 29 20 14 17 18 7 19 19 34 12 33 18 18 46 12 13 18 25 22 20 20 17 20 
22 49 17 20 28 16 36 21 44 28 20 21 19 19 19 23 14 34 16 20 33 19 22 13 15 37 17 18 32 26 27 16 24 17 28 32 27 19 16 17 
21 22 22 23 30 11 16 12 18 31 31 16 16 36 22 37 23 17 18 24 7 16 20 22 14 17 27 29 31 25 30 18 25 19 24 30 31 22 20 16 
16 24 17 15 29 28 31 17 29 33 28 23 17 15 21 32 23 22 17 20 15 7 21 17 14 29 16 25 30 12 36 23 29 16 30 37 27 20 10 16 
20 16 17 14 22 13 40 27 41 33 30 16 13 30 30 21 21 13 11 24 29 14 27 12 21 26 15 38 18 28 30 12 20 15 20 27 23 25 15 13 
33 20 14 15 28 19 25 18 51 39 22 19 26 25 18 25 17 23 25 19 23 10 20 20 14 24 12 33 25 20 21 19 17 14 29 18 36 24 23 16 
17 9 20 14 17 17 26 20 28 42 17 29 9 21 18 46 14 18 15 21 6 14 27 16 29 21 16 26 30 20 23 12 28 21 18 15 34 22 22 15 
15 28 18 15 30 18 18 24 47 25 15 24 15 23 25 28 19 17 9 18 21 23 24 12 15 33 18 26 21 25 50 16 36 12 8 27 31 17 8 11 
24 24 20 14 23 22 21 28 27 18 27 31 21 27 30 13 23 31 20 17 43 20 17 14 10 18 22 26 18 19 31 15 24 23 31 31 18 23 23 18 
22 31 18 19 36 31 22 30 32 29 14 28 17 24 27 24 18 21 23 19 20 17 25 22 19 27 19 32 24 25 30 8 11 18 33 18 44 27 11 12 
35 23 21 16 25 13 25 25 22 25 35 13 13 31 22 29 26 14 15 18 16 17 23 17 16 6 16 35 28 20 27 12 34 21 44 33 37 11 11 12 
30 30 21 12 25 11 41 19 32 18 25 18 20 25 25 34 12 23 15 24 25 18 17 12 14 17 8 25 23 26 26 21 38 18 31 18 31 14 15 23 
26 31 22 20 31 25 22 26 22 26 23 22 18 38 17 33 15 17 20 23 17 28 23 22 11 11 22 18 35 22 30 15 22 14 26 32 16 18 17 10 
19 20 16 17 27 21 26 13 25 24 21 24 21 24 29 21 14 21 8 13 20 15 33 17 24 22 26 25 25 25 29 11 26 22 34 19 22 13 13 18 
16 24 18 14 21 24 26 10 36 34 25 26 15 32 28 30 20 12 27 27 10 19 26 12 21 33 22 25 28 27 24 17 39 19 31 22 37 5 14 18 
22 16 16 13 28 26 34 14 35 31 20 18 21 30 23 28 23 28 17 9 18 20 36 23 10 24 22 22 22 17 28 24 33 19 42 26 31 26 13 12 
26 23 17 14 44 20 36 27 28 32 18 20 17 40 20 22 19 11 17 21 20 21 25 8 9 40 27 30 40 24 34 17 19 15 37 17 33 11 15 19 
23 32 17 20 31 30 27 15 28 28 30 23 19 29 30 29 22 20 23 15 25 12 23 17 15 27 13 26 27 24 39 13 27 18 34 16 31 25 15 14 
19 34 23 15 18 29 29 22 38 32 27 22 22 28 16 26 13 15 13 24 21 12 21 18 21 28 13 18 30 26 32 20 22 14 9 31 35 18 15 24 
15 25 20 15 23 25 22 14 27 24 22 23 13 33 19 42 21 17 17 18 26 22 14 22 13 30 22 31 18 12 22 13 23 22 12 23 33 24 12 20 
35 31 27 20 28 16 16 21 34 26 28 29 23 24 18 28 5 23 10 16 28 20 33 24 19 24 22 28 27 29 37 20 32 21 22 21 17 15 9 20 
12 33 19 18 23 21 24 15 20 28 30 25 16 36 22 31 20 19 18 12 15 14 25 13 14 39 19 33 14 41 14 7 32 17 47 9 30 37 12 20 
15 41 20 18 24 26 29 20 42 25 16 28 9 28 19 24 13 21 16 19 15 9 18 13 6 18 12 31 45 27 30 9 26 18 30 16 38 19 14 16 
13 10 16 11 19 30 27 30 11 21 25 15 18 36 16 30 29 17 15 18 24 23 20 14 27 30 22 16 10 18 13 20 36 18 26 31 36 27 13 18 
25 23 16 6 32 19 32 32 40 22 22 16 12 25 23 26 24 15 6 12 28 24 18 19 20 26 22 37 21 23 24 17 27 14 29 24 32 29 13 14 
12 35 9 14 19 24 22 14 37 22 29 25 13 36 17 25 21 11 18 18 19 14 31 13 18 29 16 32 20 18 25 17 8 16 17 19 23 27 14 15 
15 25 21 16 25 19 38 13 36 28 24 16 17 31 24 26 22 10 14 29 19 19 17 19 15 40 17 28 30 21 30 21 35 27 30 25 32 17 20 13 
17 29 19 15 23 26 23 15 25 18 39 30 17 16 32 35 20 24 12 22 22 21 24 12 20 42 27 14 28 39 26 18 21 22 34 26 26 26 22 17 
20 32 23 9 29 18 22 11 41 25 16 16 15 24 21 28 17 14 19 19 30 18 19 9 18 27 22 30 32 33 24 25 23 24 25 23 41 16 21 13 
22 22 14 14 19 12 37 23 30 39 25 28 16 15 19 24 29 27 16 21 25 20 19 17 20 17 16 25 23 23 30 11 16 17 32 17 30 17 15 16 
15 39 11 12 22 20 32 19 23 25 11 23 23 31 15 35 18 22 18 17 18 17 21 21 17 23 14 16 24 18 27 21 13 13 27 20 35 26 12 16 
12 36 23 11 13 24 32 16 19 32 26 23 27 30 13 29 19 16 26 23 17 13 12 19 28 21 24 29 35 16 30 17 15 20 15 20 22 19 14 10 
11 41 23 11 20 27 44 17 25 25 32 18 7 21 1 42 32 22 15 24 20 16 15 17 22 22 18 26 23 23 43 17 27 14 33 24 21 23 16 22 
20 14 13 13 27 13 32 11 38 31 42 15 15 20 15 32 23 20 8 24 21 24 15 17 18 30 18 29 14 19 32 18 23 19 36 12 29 30 10 14 
25 23 17 18 9 21 17 8 15 47 37 15 11 37 19 31 10 23 13 25 21 21 18 18 13 22 19 26 32 28 21 16 21 20 23 17 21 23 13 20 
29 23 21 3 21 9 36 31 32 10 32 23 21 36 27 26 25 25 23 18 25 12 15 19 12 30 23 28 22 18 33 17 18 18 28 23 26 27 17 12 
22 17 25 13 31 18 29 27 31 29 14 23 2 35 17 25 16 10 19 17 23 18 17 16 31 36 23 13 25 24 30 16 27 21 29 23 36 25 14 16 
21 22 21 16 13 10 31 21 36 29 31 12 23 16 18 39 20 15 11 24 19 31 19 24 16 40 23 23 26 26 33 26 26 30 26 7 29 12 19 15 
13 20 22 14 22 16 24 24 21 34 37 18 12 37 27 16 25 25 21 11 21 10 28 17 18 25 15 22 18 14 38 16 24 14 19 15 30 25 20 16 
25 22 23 18 19 22 22 24 28 31 17 25 12 23 31 29 17 18 7 18 7 18 22 22 22 18 16 27 26 32 38 11 18 12 22 12 40 24 14 19 
17 31 13 17 15 19 23 9 32 43 18 18 19 28 18 35 22 26 14 29 12 18 7 12 17 15 22 29 31 23 23 15 7 23 17 6 26 9 27 13 

MachineCapacities:
MachineID Capacity
0 10
1 10
2 10
3 10
