NumTasks NumMachines NumScenarios
10 4 1000
TaskDetails:
TaskID ReleaseTime ResourceConsumption SuccessorsCount Successors...
0 0 9 5 4 5 0 
1 0 2 2 7 3 0 
2 0 1 10 7 9 1 4 
3 0 3 5 3 5 0 
4 0 1 7 3 9 0 
5 0 7 7 2 1 1 9 
6 0 1 9 10 9 1 8 
7 0 5 5 2 7 0 
8 0 3 9 3 6 0 
9 0 4 2 4 7 0 

19 29 13 16 16 28 23 18 29 13 25 18 14 35 22 22 25 24 16 23 8 5 28 21 22 33 16 25 12 22 27 15 21 27 16 26 34 28 20 26 
20 18 5 18 8 14 23 11 9 27 23 30 18 27 20 16 27 18 29 27 26 35 7 13 29 26 16 23 15 19 23 13 25 21 31 28 17 30 19 27 
22 26 15 20 12 24 22 17 23 16 35 28 17 29 25 8 30 19 15 30 41 26 23 27 25 19 21 26 15 23 39 25 19 14 38 19 31 23 10 39 
25 10 24 13 32 16 27 22 16 32 22 38 19 28 26 15 27 20 32 15 38 33 26 19 30 25 17 24 23 17 32 29 15 21 23 30 27 13 14 17 
19 28 19 15 18 12 19 18 18 22 23 35 17 20 24 18 14 38 26 16 27 26 36 9 31 19 27 21 25 20 15 19 33 20 31 19 23 11 19 15 
27 27 28 15 20 27 13 12 23 15 26 28 14 39 20 18 27 31 13 35 27 32 38 26 33 8 15 11 15 13 17 28 31 18 33 16 41 31 28 25 
24 34 17 11 17 21 27 17 19 21 22 43 19 27 35 17 34 31 27 15 18 33 25 25 14 27 6 28 14 19 32 10 30 13 26 35 31 20 21 28 
19 21 4 16 23 27 25 24 18 24 32 24 22 36 29 13 20 23 44 39 27 17 28 13 23 24 13 33 23 13 39 13 28 18 26 27 34 23 8 25 
15 23 25 17 10 23 23 22 19 15 20 20 15 29 31 11 33 29 25 28 26 24 36 24 20 35 11 37 6 15 14 16 12 23 28 13 23 14 20 40 
23 16 6 6 37 21 33 4 22 25 36 28 19 26 41 15 29 33 32 20 47 18 27 20 26 20 17 21 20 13 18 15 10 18 24 26 14 15 16 27 
28 20 22 18 25 26 33 17 17 28 24 33 14 39 44 15 37 20 25 18 20 25 10 24 25 28 19 13 16 10 20 26 21 17 43 15 26 24 18 38 
15 20 25 13 19 18 17 12 29 19 17 29 21 28 22 13 11 11 30 26 26 22 38 14 18 30 27 32 24 24 18 14 30 17 38 35 18 21 13 17 
31 26 18 12 5 25 20 17 25 20 25 24 10 28 33 23 23 25 24 21 27 25 37 14 19 22 13 30 23 12 26 18 32 16 18 17 18 17 19 36 
20 46 24 17 34 25 30 21 24 22 18 31 11 25 21 22 19 22 25 26 29 23 12 11 18 30 18 13 18 21 32 25 28 17 23 29 12 31 17 22 
29 6 19 20 16 14 16 21 16 34 28 28 15 40 38 9 11 25 35 37 41 32 10 19 23 27 8 23 24 16 14 18 28 14 45 30 19 16 16 40 
29 24 18 20 19 22 17 20 26 15 27 35 19 18 25 12 37 30 29 26 34 24 33 23 26 21 11 28 17 23 33 25 18 23 31 34 26 14 16 23 
23 16 10 17 26 26 19 11 25 19 20 31 14 33 31 17 26 33 37 9 37 28 31 27 25 29 8 31 22 24 36 18 22 28 32 19 29 19 17 21 
23 37 14 12 16 22 20 21 23 14 21 31 11 20 21 9 28 37 35 31 23 40 37 18 14 22 14 17 27 24 19 13 36 15 24 20 22 14 14 25 
19 29 22 23 17 22 25 21 31 21 28 35 13 26 27 19 23 33 29 22 12 26 16 25 31 15 17 15 26 17 20 25 27 20 28 17 26 31 22 8 
27 28 27 14 25 19 29 12 16 6 29 20 11 21 29 15 31 28 20 30 30 26 36 10 30 21 17 22 27 24 26 21 25 15 30 26 26 27 15 11 
20 32 32 18 11 10 14 19 19 16 21 30 13 26 34 20 36 27 22 33 14 37 38 15 15 31 14 21 25 10 30 20 24 21 33 18 34 36 10 20 
23 27 29 17 22 30 22 23 19 28 32 32 12 16 11 16 34 19 37 32 13 17 8 21 26 21 16 26 29 21 19 22 13 21 29 25 11 23 11 25 
14 9 25 15 24 21 31 15 24 14 32 9 13 27 17 23 35 36 32 22 26 23 24 17 24 23 17 21 21 9 40 15 25 17 33 23 15 25 19 40 
27 31 18 20 32 18 21 15 10 19 12 33 15 34 24 14 17 42 24 16 49 32 23 16 26 35 16 21 21 13 33 24 20 17 23 25 36 24 28 40 
24 21 20 15 15 21 23 19 15 10 22 43 14 34 28 20 40 19 29 31 14 37 21 19 18 12 20 26 22 10 34 24 22 7 24 29 23 18 24 25 
8 27 14 14 22 19 31 14 25 14 26 24 19 18 44 19 37 23 40 38 23 31 23 13 31 14 22 30 22 25 37 21 34 10 27 29 29 28 23 35 
20 29 28 17 23 13 25 27 13 19 22 36 21 32 37 10 15 23 26 34 17 19 17 15 20 48 14 22 26 16 27 18 17 18 29 23 25 28 9 26 
25 33 27 14 24 14 26 14 11 16 37 39 8 31 13 23 34 27 25 28 38 31 30 22 29 32 23 24 22 12 34 24 23 15 41 24 27 27 12 35 
26 27 23 16 25 25 14 21 25 16 30 47 16 32 30 6 9 27 36 33 39 23 34 20 25 13 14 17 19 19 14 26 24 20 24 28 43 19 32 34 
28 24 16 14 24 23 39 19 19 18 38 27 18 35 27 9 12 18 21 34 43 28 34 20 27 18 12 18 21 25 36 22 14 20 27 21 20 31 15 30 
23 27 22 10 10 26 16 18 22 26 23 28 11 32 32 18 34 31 27 14 29 37 26 28 20 35 28 25 26 20 32 35 13 15 18 30 19 13 13 22 
16 23 14 18 17 22 28 19 20 17 16 43 15 19 27 19 31 23 22 27 44 20 20 20 15 22 14 18 15 17 25 12 30 12 29 26 21 29 18 36 
20 24 27 13 8 25 26 10 21 25 41 14 21 38 10 7 28 15 18 34 34 31 22 20 30 28 15 17 24 12 24 23 27 16 26 10 28 17 16 19 
25 19 26 12 18 21 31 16 30 21 8 7 3 40 14 23 28 23 31 24 31 33 28 12 20 25 20 22 17 14 33 11 25 23 23 19 25 32 17 33 
21 17 21 12 15 26 26 16 21 17 25 26 20 31 27 13 27 30 36 33 34 44 25 19 11 14 20 22 15 25 41 32 34 22 22 22 18 10 20 34 
29 48 23 18 17 21 25 13 21 11 25 29 15 30 22 15 21 21 22 32 32 19 41 22 21 32 17 23 21 8 18 21 28 20 4 25 22 25 13 34 
22 33 23 13 29 14 17 14 23 23 32 24 2 16 29 18 46 22 18 32 28 18 20 17 20 36 18 23 18 5 30 30 9 19 24 26 27 26 22 36 
22 15 11 19 29 20 23 15 22 21 24 34 16 22 24 12 31 29 30 26 37 29 28 18 25 27 11 14 12 26 21 15 28 12 35 29 24 19 22 32 
19 27 18 10 36 26 23 11 24 27 38 39 16 31 28 16 16 28 32 23 20 17 29 14 23 32 15 30 16 19 42 23 35 10 25 24 19 26 14 29 
21 16 22 8 16 14 18 19 22 31 31 49 16 38 13 13 29 23 31 30 23 11 28 25 24 36 22 25 20 14 25 14 27 12 38 23 25 24 20 37 
22 24 13 16 18 30 23 26 19 16 28 24 12 42 36 11 39 35 21 19 31 37 36 21 20 25 18 10 23 20 34 18 18 13 35 33 26 22 17 31 
24 21 23 14 2 21 27 22 4 25 30 20 11 21 33 15 23 22 21 26 28 26 37 13 17 32 30 24 21 22 25 24 21 16 17 17 18 33 19 31 
23 26 16 16 27 21 25 22 21 32 21 29 20 30 34 15 45 18 41 26 25 39 19 11 32 33 24 19 16 20 31 19 15 15 23 20 33 26 19 30 
17 11 19 12 20 20 17 24 23 23 31 30 18 35 32 13 27 16 36 22 20 31 22 13 29 33 17 20 28 7 36 18 29 20 36 16 28 15 14 25 
27 31 14 24 26 17 24 8 39 13 7 21 15 27 23 12 27 19 17 25 42 31 38 17 30 19 23 16 23 18 38 20 21 17 39 28 17 20 13 35 
23 19 15 11 19 19 23 12 21 22 18 34 15 32 35 18 15 27 29 22 31 19 25 14 19 14 15 30 19 18 38 9 37 27 34 15 44 19 20 37 
29 33 24 18 13 36 31 17 20 13 15 28 17 28 34 14 16 28 42 19 24 14 17 15 18 21 16 26 19 14 11 18 20 21 40 26 23 25 15 43 
33 19 15 17 24 36 29 15 18 9 32 26 14 35 22 21 30 32 36 35 29 32 37 20 29 30 6 12 26 11 38 24 27 19 27 15 32 17 7 32 
15 39 24 18 17 21 19 20 20 24 20 23 14 27 22 14 24 21 31 26 52 33 40 22 26 18 11 29 16 11 45 22 26 10 24 25 17 22 16 22 
20 21 19 16 22 26 39 23 21 25 29 31 14 19 18 14 36 39 20 23 22 23 39 18 30 21 17 21 18 15 26 13 23 23 44 19 16 21 14 31 
24 36 21 23 18 19 31 12 25 13 24 30 21 28 19 17 36 23 37 15 29 10 20 15 27 30 12 14 22 15 24 14 23 17 19 19 26 21 17 16 
22 19 14 14 21 22 18 22 25 15 25 25 12 35 31 15 23 15 35 27 30 15 25 16 22 19 15 20 23 18 14 23 35 23 34 20 25 23 23 33 
31 21 21 14 18 21 16 17 18 16 26 27 14 19 28 15 26 40 36 22 21 34 33 25 21 25 16 22 10 22 13 25 26 21 32 26 36 6 21 27 
22 20 29 22 14 19 28 20 22 17 27 31 14 37 35 12 28 24 25 19 34 34 48 20 31 36 10 28 24 16 30 19 27 13 27 25 25 28 22 35 
13 34 19 14 26 26 29 6 27 20 30 18 15 19 43 13 21 17 21 19 47 33 43 16 18 25 12 24 14 14 22 14 40 17 20 30 39 11 18 36 
22 24 24 21 25 29 23 17 19 13 25 32 20 13 27 16 23 20 32 27 35 27 27 17 24 41 14 23 22 11 41 23 20 15 29 21 23 17 24 24 
23 14 18 16 19 12 27 24 18 15 24 18 19 28 32 10 44 27 15 27 38 24 26 14 24 14 11 14 21 26 34 18 25 20 35 20 33 32 18 30 
27 19 23 18 24 28 24 11 12 25 30 31 18 22 28 13 27 31 10 33 34 25 44 26 33 22 23 23 22 15 29 23 39 20 22 19 21 17 21 44 
20 30 23 20 12 23 29 21 20 16 20 32 14 32 27 11 25 22 25 27 21 26 27 13 22 26 16 20 20 20 16 27 21 15 24 18 31 22 22 20 
25 19 22 12 15 32 30 18 26 12 17 39 10 6 25 15 29 25 40 26 39 25 36 17 15 28 13 25 22 17 42 22 19 15 18 32 19 34 16 33 
21 30 18 15 25 22 25 20 23 21 30 32 13 35 32 13 23 33 23 25 23 17 37 22 13 35 15 20 14 9 11 14 33 20 22 20 31 23 30 25 
22 27 24 17 20 27 22 22 29 25 36 32 6 33 11 13 27 24 31 28 34 16 37 14 3 31 21 33 16 9 28 26 36 15 33 30 18 19 27 14 
22 21 27 18 23 16 34 23 24 10 30 33 13 24 35 18 37 34 26 25 34 19 38 12 15 27 12 24 25 23 42 11 31 19 32 27 23 28 18 21 
29 18 27 20 23 17 29 24 19 8 9 20 11 27 26 18 16 29 28 31 14 31 34 21 21 20 18 22 22 12 28 23 16 14 38 21 27 29 21 44 
29 23 31 19 16 25 22 20 17 24 20 21 16 27 26 8 9 30 31 28 41 22 44 23 14 24 20 23 21 18 44 15 36 9 38 10 24 29 16 39 
24 25 22 12 10 21 27 15 23 21 36 49 17 32 11 23 30 27 21 23 17 23 37 20 25 37 20 31 22 26 42 9 27 25 30 11 25 3 20 19 
26 10 19 22 19 20 34 22 22 31 28 21 10 27 39 20 37 27 30 25 28 28 19 12 32 28 12 9 26 15 38 18 35 29 36 16 24 21 11 24 
30 23 21 15 24 31 17 11 22 24 15 19 14 14 43 17 33 28 31 33 33 19 25 15 28 36 29 24 29 15 33 14 35 15 19 27 27 22 12 46 
18 9 12 15 11 27 22 20 15 5 22 37 13 30 38 12 37 29 32 23 30 27 50 15 14 15 20 26 17 16 39 23 22 18 34 20 18 23 22 26 
15 26 20 15 17 24 20 25 20 16 13 37 14 35 18 6 31 11 37 31 29 25 49 19 20 37 21 24 16 29 27 14 27 17 25 20 28 20 7 21 
23 28 16 13 19 33 30 14 34 29 31 44 18 24 36 12 17 33 14 26 36 31 23 14 20 25 26 32 4 16 37 11 21 18 9 28 26 22 19 36 
18 21 19 23 24 23 30 18 17 21 24 33 21 35 23 22 30 35 30 17 23 29 37 24 14 29 18 22 23 20 18 19 19 11 44 28 34 28 17 25 
22 23 16 10 11 33 28 24 21 19 31 26 15 27 20 20 27 14 44 30 36 15 20 16 15 22 14 27 20 13 32 16 25 21 41 28 19 29 17 46 
21 20 21 17 25 14 15 24 7 15 37 29 19 31 40 21 41 22 38 18 24 26 25 23 18 24 10 19 15 21 7 14 9 23 28 24 20 24 14 31 
19 39 20 17 30 23 21 28 32 22 21 41 12 21 52 18 40 25 15 17 44 38 33 26 29 33 21 15 21 26 29 24 23 18 29 25 30 31 14 27 
27 19 15 19 10 28 22 14 22 21 31 23 17 5 24 14 36 24 30 23 31 21 20 19 14 36 19 21 10 19 33 20 20 12 31 15 14 18 14 21 
16 37 21 12 19 28 19 16 18 29 22 26 13 22 27 17 39 15 30 34 24 27 27 20 21 34 28 18 22 19 44 21 18 20 30 31 8 22 25 38 
20 23 28 20 24 22 26 16 24 16 35 37 13 31 15 21 24 27 34 20 31 31 38 18 21 33 10 24 24 19 30 24 17 25 29 22 31 24 20 27 
30 13 27 11 11 30 12 8 20 13 30 28 9 28 33 19 42 31 27 28 31 48 14 21 24 12 19 20 23 16 27 29 21 14 33 22 24 25 15 34 
23 25 24 12 14 27 31 18 26 18 34 36 12 25 11 8 44 16 28 19 39 27 30 18 16 30 18 18 10 16 39 20 20 15 23 32 30 20 15 30 
16 29 16 20 18 25 34 21 16 29 24 29 11 18 22 9 25 35 24 22 41 30 33 23 32 40 7 22 19 28 43 14 20 22 28 27 11 27 19 32 
15 28 21 10 27 23 20 15 18 31 23 26 17 25 31 14 29 39 20 32 38 24 35 17 30 19 19 22 18 18 22 19 21 25 30 31 18 32 29 33 
25 26 26 11 18 18 26 14 13 19 39 21 19 37 23 11 20 24 33 34 18 34 14 20 33 28 20 17 15 19 27 26 31 17 20 24 30 28 15 30 
22 32 22 11 24 19 22 19 19 11 25 19 13 36 19 15 43 29 33 32 22 23 20 14 30 17 14 17 14 16 25 23 17 22 20 14 35 22 16 19 
22 32 30 23 24 20 15 7 31 21 25 20 18 41 29 13 28 25 25 26 25 23 22 13 27 28 14 21 22 14 12 16 18 25 30 32 33 32 25 26 
19 28 13 18 22 23 17 14 23 15 17 43 23 32 31 11 32 40 31 28 28 26 35 17 29 23 8 25 22 14 23 14 19 12 38 29 30 13 8 21 
21 28 27 10 19 24 22 20 27 22 22 36 15 29 27 18 29 32 29 37 23 29 30 25 24 31 14 27 20 9 41 28 22 24 26 21 33 18 15 18 
20 12 29 16 26 29 20 22 13 21 24 19 15 31 34 15 19 25 27 24 21 14 34 19 14 27 13 30 11 18 33 15 25 25 45 25 30 28 14 34 
38 18 18 22 19 12 20 15 21 14 26 26 15 25 22 17 29 21 21 17 51 39 34 11 29 16 19 19 13 19 42 18 40 23 45 13 36 18 26 25 
27 31 24 14 17 15 25 25 26 14 34 40 12 19 28 15 26 22 25 35 43 35 35 18 19 28 16 23 17 18 34 31 19 24 13 21 28 36 19 36 
18 30 23 13 26 28 15 9 35 9 41 18 16 37 16 13 36 19 20 27 25 25 34 14 26 29 23 13 18 17 28 17 31 10 27 22 25 31 13 38 
26 7 28 13 14 16 25 17 24 19 34 18 14 30 35 15 37 35 18 35 23 21 14 20 21 35 12 11 22 15 33 20 29 18 37 27 23 15 19 15 
18 19 23 19 24 24 25 10 12 22 33 23 18 29 28 16 25 37 24 34 37 24 32 21 21 13 7 36 13 21 23 18 28 14 25 25 31 17 16 35 
19 25 21 12 28 19 18 19 25 18 25 20 15 11 34 22 34 37 16 30 19 31 21 9 26 21 14 29 21 26 25 10 26 13 30 22 33 22 19 3 
16 21 12 8 18 24 18 19 29 9 31 7 15 18 29 20 23 23 38 36 17 34 37 15 18 29 16 19 25 15 43 24 26 15 26 24 30 19 19 23 
12 28 11 18 21 30 22 25 14 24 29 14 15 31 31 18 22 36 32 27 49 34 39 20 25 29 14 13 19 18 35 24 29 20 38 22 24 38 11 29 
24 31 26 17 26 25 11 25 32 25 16 28 14 19 28 27 29 32 38 28 31 28 35 22 20 30 15 21 22 17 14 26 26 19 35 23 7 26 18 33 
14 21 23 19 24 23 23 17 19 15 47 27 19 22 27 15 35 16 26 12 18 34 30 18 19 26 21 17 14 21 35 20 25 20 18 17 25 41 17 48 
35 19 15 18 18 24 22 16 17 30 28 28 18 17 34 18 22 35 39 24 42 38 31 10 26 28 21 27 18 19 28 25 29 26 31 23 33 22 21 42 
24 25 19 14 13 18 29 20 20 19 35 28 20 29 19 12 39 29 37 19 39 37 41 28 23 31 20 24 26 17 33 24 23 20 23 16 29 26 27 32 
19 24 14 18 13 24 28 16 26 14 27 23 20 21 30 18 29 23 41 12 27 23 25 18 10 26 22 27 16 15 26 8 17 17 37 20 32 19 13 40 
22 34 24 17 18 24 18 32 17 24 31 33 14 28 21 18 33 34 31 35 40 25 10 16 24 33 14 21 18 17 40 13 32 23 48 15 14 26 23 34 
19 22 23 19 17 26 30 21 15 18 23 30 14 43 24 10 10 29 23 9 24 25 30 23 30 32 18 31 20 14 30 24 30 9 24 26 30 27 20 28 
24 20 10 13 22 10 14 16 14 27 18 23 17 41 29 13 38 24 40 25 11 16 13 11 23 20 10 24 21 25 20 20 27 17 22 24 24 26 22 28 
17 25 24 15 26 26 17 5 24 19 27 41 17 17 16 16 25 22 22 15 37 39 21 22 29 26 23 27 22 18 31 13 28 15 39 10 29 12 18 30 
24 28 15 16 32 20 33 17 8 8 23 18 16 32 26 11 36 25 36 18 25 23 25 23 16 24 21 22 24 21 16 10 12 19 39 14 26 35 20 32 
20 23 22 12 21 21 22 22 25 18 29 36 15 30 34 17 35 27 30 15 20 32 25 13 29 20 15 8 16 11 27 21 24 16 34 13 30 29 8 33 
23 19 21 10 27 21 23 18 7 21 27 27 19 40 27 4 30 32 24 31 47 37 42 15 29 23 18 23 19 10 47 11 31 9 31 21 13 27 22 29 
27 32 18 23 21 30 29 17 26 29 30 18 14 38 23 12 35 36 26 33 28 27 26 21 19 32 23 26 19 20 21 22 28 15 30 28 25 26 26 19 
19 19 18 15 24 17 13 17 18 24 37 33 14 33 36 9 21 26 20 27 39 25 39 22 28 24 28 15 24 10 46 19 18 18 32 18 24 16 18 39 
27 36 28 15 26 25 20 28 25 18 18 19 16 29 16 12 25 21 27 30 18 25 27 16 25 26 16 24 20 17 50 6 16 18 32 24 25 18 20 29 
13 26 16 9 12 16 29 19 27 10 23 31 16 30 25 11 30 27 31 23 26 14 24 26 20 29 30 26 28 16 34 21 22 15 29 21 34 32 12 21 
27 21 19 17 18 25 28 12 29 21 7 26 17 32 25 14 24 21 47 22 36 41 42 14 12 11 20 27 8 26 32 8 22 14 37 26 19 20 20 28 
16 21 12 21 16 21 22 20 17 21 24 23 15 36 23 20 28 21 28 16 16 30 9 20 26 24 8 22 14 8 33 19 21 18 22 31 36 23 21 31 
30 32 17 16 11 18 24 18 18 14 25 27 16 15 36 13 35 28 23 11 31 33 23 15 30 16 18 12 22 9 32 20 9 16 35 19 18 38 14 14 
28 30 25 15 30 37 16 22 24 26 19 20 17 25 23 9 42 12 33 26 17 33 48 15 24 37 16 27 16 19 41 27 26 18 19 34 20 42 9 26 
28 22 21 21 28 27 33 20 21 25 40 15 13 37 26 16 29 22 35 24 35 33 25 17 27 33 25 14 23 15 32 21 20 18 35 18 15 24 18 26 
24 16 30 17 25 18 16 15 30 24 23 31 19 8 22 19 22 28 34 20 41 39 35 21 36 17 10 21 26 22 21 28 13 15 29 12 25 26 11 40 
30 28 26 12 19 28 23 19 15 18 23 27 14 22 37 19 29 37 17 31 25 32 29 10 13 43 20 23 20 19 39 12 20 9 27 38 19 29 18 28 
21 27 13 16 9 16 23 12 16 14 31 31 16 22 21 24 30 30 36 21 26 24 30 19 24 28 14 33 22 12 24 19 24 19 43 14 23 16 21 12 
10 20 19 18 20 19 16 11 22 15 32 26 27 22 23 23 28 33 34 27 31 27 26 28 23 21 21 18 15 25 28 29 23 27 26 26 20 20 13 21 
24 25 19 17 26 30 23 26 14 18 28 24 21 24 30 16 27 22 32 24 31 29 30 18 24 21 20 23 29 17 31 18 27 26 23 32 36 22 24 28 
25 24 19 13 23 23 20 7 16 14 36 37 6 38 40 15 30 30 23 22 30 15 41 21 20 28 29 21 18 19 31 27 25 17 29 45 16 14 25 29 
35 31 33 17 21 18 19 24 23 20 26 26 13 38 33 13 35 17 7 31 30 38 19 21 13 34 21 16 32 13 34 20 15 16 33 30 33 27 16 26 
26 25 17 12 15 20 25 23 21 14 25 26 17 27 27 15 16 29 32 22 34 32 42 19 17 27 22 26 31 23 28 17 23 12 28 20 21 35 17 28 
21 22 26 11 18 27 30 16 32 38 26 4 21 16 20 13 22 27 25 23 20 23 20 23 26 31 12 25 20 13 25 18 14 25 11 19 15 29 20 27 
27 32 27 22 22 17 36 11 23 20 11 28 13 26 39 8 43 30 22 28 28 13 32 19 9 27 16 29 25 14 36 33 10 13 33 22 19 19 17 38 
25 24 24 18 10 17 22 21 19 19 27 31 10 45 40 12 30 28 27 37 27 40 31 18 28 23 11 27 19 20 17 13 14 26 36 27 21 21 19 23 
32 29 12 27 15 18 22 13 19 24 19 27 14 23 32 7 29 24 51 27 39 17 36 18 19 12 18 30 23 15 27 23 27 25 21 35 27 21 16 27 
17 17 29 11 19 31 38 16 16 26 24 31 15 27 21 18 23 36 20 37 35 22 47 18 34 23 19 20 19 18 29 18 22 7 18 29 25 22 22 30 
29 19 24 20 20 24 18 11 28 15 33 17 16 11 29 19 30 29 20 26 20 19 24 20 29 32 14 25 15 17 32 11 28 18 27 20 24 28 9 30 
31 20 19 23 22 29 29 14 13 7 21 35 19 35 43 7 33 23 29 15 31 17 37 11 15 28 22 25 20 25 23 17 22 22 25 29 23 14 15 21 
32 39 13 18 16 17 30 22 14 28 20 23 11 34 29 12 26 31 28 35 23 27 36 16 31 26 17 14 25 18 10 16 23 16 24 14 31 29 17 34 
19 22 26 17 14 19 28 21 28 18 33 25 20 30 24 17 15 8 33 32 31 17 28 11 28 28 15 27 10 16 30 27 35 17 28 23 38 40 25 33 
26 26 19 18 11 36 24 21 25 12 28 36 10 30 23 19 27 10 29 24 34 25 33 20 18 16 12 13 14 15 22 14 30 23 30 24 21 25 19 33 
12 16 9 13 18 30 11 13 11 22 27 15 7 27 32 11 28 25 39 19 17 16 27 25 12 27 16 27 21 6 31 21 17 21 28 23 11 21 26 34 
22 24 21 15 24 23 25 10 17 11 12 29 19 31 23 17 16 23 37 22 33 39 12 30 24 15 13 19 16 15 20 21 16 18 31 19 22 11 19 38 
23 33 21 15 11 26 30 24 23 9 37 24 11 37 32 6 26 25 32 35 21 27 16 10 31 28 21 19 20 17 35 25 27 14 21 18 21 21 19 28 
33 20 24 16 24 40 15 19 22 34 15 28 14 28 31 20 24 25 28 30 42 23 38 14 28 31 20 22 10 17 36 24 33 20 32 23 16 30 20 45 
26 22 21 9 19 22 19 16 15 22 17 18 20 30 25 15 29 22 46 30 25 14 29 17 19 36 19 24 11 22 28 19 11 22 36 27 26 26 24 36 
23 29 16 13 17 23 19 14 24 14 21 33 19 21 30 17 14 36 30 24 23 27 40 16 27 25 17 25 25 11 27 19 12 22 23 31 29 13 15 28 
9 15 22 17 19 25 23 18 11 11 33 17 12 35 23 12 30 28 28 22 15 26 25 15 14 21 12 22 23 16 28 19 25 22 44 21 29 20 16 34 
16 22 24 11 21 18 25 15 26 26 26 26 15 27 34 18 29 27 31 17 28 16 31 19 24 25 10 29 21 18 37 22 16 19 38 13 23 20 20 29 
12 25 19 24 18 24 30 20 24 14 36 21 10 26 32 15 24 35 25 15 36 41 34 20 13 22 12 25 8 24 30 20 27 12 40 22 24 24 23 25 
24 30 13 21 19 18 28 14 7 22 23 29 16 15 41 11 16 12 43 35 23 35 41 20 24 22 18 25 24 19 38 20 28 18 34 23 31 24 20 38 
16 23 24 19 25 19 27 17 19 22 17 24 14 22 32 18 16 24 36 15 32 21 21 18 33 11 19 21 13 16 39 21 24 15 29 29 18 27 17 32 
27 20 13 14 20 21 23 16 15 14 21 20 19 17 30 15 25 24 33 17 25 20 27 12 25 18 10 15 26 28 26 19 37 16 29 21 39 27 14 32 
25 36 21 14 24 26 13 13 19 17 22 27 18 31 39 13 24 24 37 35 36 23 40 14 20 21 14 29 23 20 23 27 18 18 34 29 23 23 19 33 
9 26 22 19 8 28 32 26 17 18 23 26 15 41 40 21 24 29 18 36 21 19 29 25 28 10 15 26 11 29 22 21 19 20 21 37 16 19 18 26 
22 20 16 13 16 20 19 18 20 31 28 25 15 21 32 13 37 21 29 27 50 30 24 24 26 22 12 15 23 17 38 19 24 18 34 28 36 16 11 34 
33 35 22 19 27 22 22 23 42 21 29 37 17 38 24 21 27 21 23 20 26 31 27 19 30 43 16 23 16 12 33 23 29 17 25 9 23 25 25 33 
14 18 22 17 21 27 22 30 17 27 29 8 14 26 24 13 24 16 23 29 31 26 31 19 24 24 21 25 14 14 29 20 27 21 40 21 33 31 10 25 
18 22 11 19 13 18 20 15 20 36 22 21 14 18 24 16 18 42 38 36 26 21 27 7 36 24 18 16 24 13 36 17 13 20 33 22 31 23 10 26 
24 29 20 16 16 26 26 20 16 32 8 20 11 39 34 12 54 23 24 34 36 29 29 13 19 31 18 31 7 24 25 24 19 20 21 23 31 20 25 32 
25 18 7 17 13 22 30 23 27 27 29 30 8 25 29 17 37 24 33 25 11 24 39 22 12 34 18 18 21 18 30 17 19 18 35 16 16 19 18 36 
15 19 27 19 14 17 16 16 12 12 29 26 12 30 29 15 26 25 20 36 19 39 42 15 31 28 23 35 7 19 21 25 24 13 25 20 37 28 19 24 
21 19 14 18 22 22 16 19 23 13 20 30 17 30 25 17 23 24 32 21 44 46 35 23 22 31 21 29 26 14 42 18 8 23 30 27 27 16 11 15 
28 29 18 14 18 26 19 27 16 29 28 49 13 28 34 13 37 20 19 35 29 29 20 15 27 26 13 19 22 15 27 9 19 22 25 12 30 24 23 41 
12 20 11 17 20 25 21 18 26 19 26 21 15 24 38 9 33 17 17 21 26 14 23 23 16 14 12 35 23 29 25 11 32 9 23 23 19 21 28 29 
27 20 12 14 16 9 20 19 23 17 35 39 19 33 45 6 23 31 39 27 30 43 19 21 16 34 19 17 20 20 22 21 10 22 21 26 19 19 14 29 
25 22 27 17 20 16 20 25 28 22 21 36 14 38 35 19 28 22 27 29 28 22 44 22 29 34 11 22 20 6 30 18 22 21 18 19 5 13 25 30 
26 28 14 23 25 20 9 9 38 26 21 11 9 28 21 10 40 22 25 25 27 24 40 16 26 35 17 19 22 15 18 17 25 15 21 26 13 13 31 32 
26 26 16 15 11 34 27 21 20 9 32 9 6 18 24 13 40 28 38 23 17 35 8 24 31 27 22 21 15 17 28 18 17 20 23 34 21 25 17 18 
19 33 22 18 3 26 24 19 23 16 32 17 13 25 29 14 13 19 34 29 23 30 36 18 14 31 19 25 19 21 40 13 15 14 20 34 25 31 22 37 
26 19 17 18 17 25 27 13 20 26 41 23 13 24 36 16 45 39 30 39 28 32 25 14 20 20 11 35 15 17 28 15 26 12 21 30 26 24 18 31 
23 22 29 16 18 19 30 15 27 24 24 33 11 28 29 20 37 48 19 28 42 10 13 27 20 22 10 19 17 14 40 18 26 13 33 24 23 35 19 29 
26 28 28 16 21 27 29 12 22 14 31 26 19 29 18 10 27 19 18 37 29 23 26 22 28 15 22 13 29 20 33 21 32 17 34 22 24 17 10 31 
32 27 25 12 12 26 31 17 11 19 32 27 5 34 27 16 20 24 24 25 30 37 35 19 14 39 17 27 8 10 35 24 27 22 34 21 26 33 18 31 
27 31 26 18 22 39 19 26 15 15 12 36 14 34 32 18 41 20 22 25 28 26 59 17 20 32 18 21 18 15 28 24 20 16 38 19 30 12 22 26 
18 14 11 17 12 21 31 17 25 31 27 34 20 28 34 8 30 27 32 42 25 27 22 15 22 29 18 19 14 21 15 18 36 17 40 19 32 21 9 27 
24 16 24 15 14 26 19 9 24 22 22 19 15 25 31 18 46 30 26 48 36 30 30 17 23 21 18 25 17 22 28 26 24 16 34 24 16 33 21 24 
27 25 35 17 16 23 24 9 21 18 29 44 25 17 25 15 33 25 20 26 22 8 31 11 28 27 18 16 16 13 32 8 23 19 32 26 19 22 24 31 
29 26 21 21 16 19 14 14 27 14 37 43 18 26 16 18 18 20 31 24 25 31 47 22 32 30 23 30 22 12 45 18 23 15 22 15 30 22 22 32 
22 24 16 16 21 24 25 22 18 21 26 45 13 31 22 18 42 26 38 22 33 23 27 22 30 23 18 26 10 26 40 21 30 20 16 22 30 25 19 30 
18 14 13 21 31 27 11 24 17 24 22 26 13 40 9 17 49 23 22 14 34 28 28 19 21 38 23 13 27 13 26 29 29 16 34 27 31 17 19 41 
28 26 16 21 31 24 16 19 25 13 26 19 23 42 35 15 18 6 32 16 34 31 28 24 26 29 15 25 20 24 36 22 29 18 34 13 23 22 16 32 
11 30 26 13 18 16 26 14 20 11 17 15 3 36 32 16 17 19 20 30 17 34 51 14 30 20 11 41 14 18 35 15 32 24 36 30 27 26 18 17 
21 20 24 17 12 23 20 12 10 24 35 28 4 25 26 18 29 21 26 31 35 24 29 21 23 28 16 27 29 18 21 18 22 19 40 28 16 25 19 33 
25 24 23 10 16 19 18 17 19 12 22 25 7 21 26 19 30 25 24 35 42 35 24 18 26 28 21 23 24 23 29 17 16 20 14 23 26 22 8 48 
23 17 20 13 37 20 22 21 20 21 49 34 22 26 25 20 36 28 27 35 13 28 19 19 25 29 13 23 16 23 31 20 28 24 29 26 20 20 20 31 
10 34 14 11 17 25 32 9 13 22 33 23 17 37 27 8 26 30 27 24 31 16 34 21 24 28 12 33 18 14 27 17 20 14 36 20 23 29 21 18 
18 27 20 17 18 34 33 26 20 14 14 19 20 20 34 12 35 34 26 23 48 15 32 11 18 37 19 21 8 15 35 24 26 13 18 11 24 23 19 18 
13 28 20 16 23 20 16 9 6 28 30 29 17 23 33 11 36 25 34 22 18 13 37 15 25 29 13 19 29 14 41 13 23 22 37 19 33 24 23 45 
23 30 18 9 18 27 14 18 13 11 24 25 16 29 17 19 30 45 25 21 38 46 20 20 16 33 13 24 11 20 28 13 16 17 31 30 20 16 21 23 
21 33 27 19 24 26 35 17 21 28 21 31 19 25 28 17 30 15 20 22 42 31 35 27 27 21 24 17 19 26 32 19 25 25 34 28 31 39 16 31 
19 16 24 16 15 28 43 18 23 13 38 22 13 33 29 14 39 30 37 38 34 23 24 25 26 18 16 22 15 21 4 9 36 19 36 12 16 13 26 25 
22 21 24 16 18 33 29 25 20 21 25 26 17 13 29 14 34 22 28 10 30 45 52 22 23 28 19 27 17 26 24 22 28 27 15 4 32 34 26 11 
27 17 30 20 19 33 28 15 21 15 26 20 18 24 36 15 24 25 22 18 24 25 25 20 12 20 14 27 23 20 38 21 28 18 23 17 24 20 19 17 
29 30 18 18 28 19 24 16 18 18 46 32 16 36 28 14 34 26 30 20 33 31 45 13 28 26 13 16 24 23 22 41 23 16 23 18 27 18 13 24 
17 21 23 11 25 27 29 19 22 29 44 39 15 34 31 18 36 29 21 25 32 28 37 16 12 34 14 27 18 8 45 18 25 24 25 25 22 24 22 36 
29 15 22 12 12 21 29 23 29 22 29 34 16 48 25 23 38 24 32 32 25 29 22 12 18 34 10 19 16 27 32 33 17 8 23 41 32 24 24 32 
31 23 18 14 13 27 24 18 20 26 32 21 20 26 21 19 28 23 27 33 18 32 34 21 20 33 17 23 22 21 37 24 24 18 26 30 29 17 12 33 
32 24 20 16 20 28 23 22 13 23 23 25 17 42 24 10 36 22 42 34 39 21 36 13 11 25 19 23 19 26 18 25 33 19 27 19 29 23 19 27 
25 24 25 14 24 21 11 12 23 30 35 12 20 25 27 12 22 25 23 25 23 33 45 24 21 35 25 31 30 23 34 25 33 18 38 11 26 29 23 28 
26 33 15 18 25 23 26 22 25 24 22 28 8 15 27 5 24 24 39 21 39 23 36 22 25 23 17 24 13 15 29 19 23 26 19 26 15 19 17 19 
22 20 22 25 23 23 15 24 37 24 26 28 13 27 25 13 30 29 37 28 40 23 28 21 21 22 10 21 12 21 30 15 16 17 16 23 19 25 18 28 
19 40 28 14 10 32 30 22 16 11 13 30 7 40 26 21 21 21 17 25 21 30 16 29 32 22 13 15 21 20 27 22 24 17 23 19 28 16 18 29 
19 22 27 11 12 33 9 9 9 24 30 37 9 30 13 19 17 27 25 38 21 26 35 9 21 30 25 14 20 15 24 19 30 7 20 19 23 25 22 46 
30 16 27 17 21 18 24 22 18 19 28 23 16 37 34 9 24 24 24 23 48 24 31 26 32 31 13 17 20 22 34 35 28 16 13 13 24 27 19 21 
28 27 22 19 17 15 29 23 28 14 26 43 13 23 15 13 38 15 21 35 13 36 35 20 20 21 16 22 11 17 30 18 19 22 51 25 19 24 16 34 
30 22 2 17 26 9 26 10 25 31 29 45 14 27 30 10 33 28 39 27 21 19 41 21 25 32 19 22 18 20 41 28 22 21 14 30 34 20 10 38 
14 22 15 22 27 16 19 18 17 21 28 28 8 27 22 6 39 14 13 30 23 35 22 19 13 28 15 26 22 12 21 9 20 18 22 16 28 30 19 30 
18 11 19 20 20 16 12 25 29 25 22 28 14 22 34 18 19 20 30 25 43 25 28 28 30 21 23 21 15 20 26 15 13 20 35 15 19 23 28 21 
21 21 18 16 33 30 32 15 11 26 37 15 16 22 31 13 22 27 21 29 37 28 32 20 22 18 13 11 25 17 39 17 22 22 23 12 22 30 14 43 
21 30 29 11 10 27 23 12 17 26 28 29 11 32 17 13 35 17 40 31 28 20 25 17 28 28 17 20 15 20 29 23 11 18 32 23 19 23 16 22 
25 19 22 24 10 23 24 17 9 13 34 42 7 36 6 24 17 36 18 15 24 33 17 20 22 20 16 22 18 9 38 15 13 19 16 33 31 19 19 20 
23 26 21 11 20 24 30 20 31 14 20 39 21 31 21 17 32 12 36 17 24 34 28 7 16 28 9 22 15 17 33 21 32 28 21 27 14 28 24 20 
29 12 17 17 21 17 17 21 18 14 22 31 11 21 37 19 38 29 27 27 27 22 36 16 27 13 17 25 20 25 30 18 20 26 25 24 22 36 19 23 
30 21 22 21 22 20 29 18 15 26 27 28 14 26 29 18 33 23 18 21 31 34 22 10 28 20 11 22 24 24 30 30 23 16 38 18 24 21 15 30 
24 36 20 8 11 11 19 19 35 28 23 14 10 28 31 15 29 32 37 25 36 41 40 26 10 40 21 29 21 27 26 11 23 22 36 21 30 10 19 38 
15 16 17 18 19 20 23 15 30 22 40 32 18 31 29 16 40 37 33 25 26 45 39 11 30 31 18 19 19 19 33 17 14 26 38 26 29 16 15 33 
21 26 12 24 25 19 17 10 18 17 26 25 10 34 24 18 46 14 37 21 39 27 28 22 21 26 19 18 23 27 21 17 24 19 29 13 25 28 20 28 
29 34 13 14 15 32 31 14 28 16 27 4 20 28 33 8 17 21 24 37 29 29 21 18 16 33 18 26 24 19 33 29 16 10 34 16 29 18 18 22 
16 25 15 18 16 20 16 16 18 25 20 34 16 26 14 16 34 36 28 26 29 11 25 17 22 32 12 19 16 9 32 16 21 20 20 27 30 28 29 39 
23 23 22 13 27 20 14 13 17 20 19 28 11 38 31 10 29 32 17 19 25 21 26 23 16 19 15 25 23 18 33 13 21 16 24 34 39 25 22 30 
22 15 11 16 14 12 32 25 8 23 28 22 14 22 27 5 26 13 18 34 25 29 31 21 20 33 18 21 15 27 31 20 20 20 25 31 19 29 11 27 
15 34 24 18 13 25 26 11 23 22 17 27 13 39 39 21 39 39 30 28 42 23 41 17 17 15 21 14 20 16 24 3 22 15 34 43 26 26 26 28 
20 14 22 19 22 25 12 16 15 25 16 14 19 25 31 12 30 21 22 28 49 21 27 10 17 23 14 34 20 24 37 18 17 21 21 15 35 15 24 31 
18 18 23 20 27 25 19 26 26 6 25 31 18 32 49 13 31 38 34 20 13 27 36 20 20 29 13 28 21 8 29 12 24 20 33 10 27 32 13 19 
27 24 23 16 18 20 21 17 15 19 30 20 25 30 30 14 27 34 32 32 38 28 42 16 12 18 17 16 22 19 37 16 32 10 25 26 31 29 17 35 
17 18 21 11 16 18 6 16 23 26 23 31 19 22 23 11 38 29 23 16 33 23 15 17 20 29 14 22 25 23 20 9 21 14 30 17 32 14 21 29 
32 31 18 16 19 26 19 21 15 27 22 29 15 21 35 15 11 32 40 31 31 26 28 19 20 30 7 8 22 11 26 15 27 19 15 25 21 16 24 14 
13 20 13 11 23 35 27 20 21 18 33 30 19 33 28 11 36 19 37 38 49 16 36 9 22 27 20 22 21 15 24 17 26 15 36 23 29 26 24 7 
30 27 19 9 12 18 28 13 27 21 23 39 13 21 35 19 34 20 31 31 29 29 31 13 21 18 11 20 17 19 28 23 23 19 29 21 27 27 20 26 
22 17 28 11 30 24 24 22 20 17 37 20 18 30 30 20 37 31 27 30 27 7 37 13 32 25 17 16 12 13 24 13 23 20 30 25 30 26 25 34 
25 14 20 11 16 30 19 15 6 24 20 43 11 39 14 13 32 37 30 22 18 25 27 7 31 23 4 17 15 17 28 23 13 17 30 20 21 40 20 24 
18 25 23 20 27 22 19 22 23 4 30 23 12 17 28 14 33 27 24 17 23 30 31 18 14 17 16 20 13 19 38 22 18 13 26 21 23 16 23 32 
20 20 22 17 20 20 19 14 14 19 31 26 11 36 14 15 28 30 29 21 33 18 40 14 25 22 20 23 19 20 18 28 22 24 18 21 21 33 8 20 
23 29 18 15 22 12 23 19 15 21 23 28 5 32 34 12 17 26 32 21 27 31 39 28 18 32 13 17 20 21 24 24 19 12 31 24 23 42 14 29 
18 18 27 9 21 11 36 20 3 27 22 17 18 42 43 16 34 24 27 27 29 30 47 25 18 29 23 11 23 21 26 24 22 21 34 22 20 41 10 32 
15 26 19 15 12 20 23 22 12 18 21 14 8 34 14 17 26 20 34 33 14 17 34 18 26 21 15 15 15 16 26 22 33 20 38 35 32 31 19 11 
24 24 27 12 22 11 25 21 23 16 22 28 20 41 29 10 36 31 28 19 38 22 14 25 23 24 23 28 14 26 18 28 3 13 40 13 19 38 21 14 
22 23 32 23 21 27 23 19 12 17 16 28 15 42 29 23 21 24 42 38 23 24 31 19 19 31 15 23 22 18 22 14 20 5 43 19 21 6 19 15 
22 30 15 17 30 17 18 14 34 24 19 21 13 28 31 9 26 39 26 29 46 23 15 12 18 27 13 16 17 20 16 11 32 17 28 26 21 16 28 24 
28 12 18 21 22 27 14 19 34 14 32 38 15 31 40 13 30 31 21 20 25 25 43 18 22 34 18 17 14 10 21 4 16 26 40 29 38 13 16 18 
21 23 27 7 13 23 21 15 11 10 19 35 18 20 30 18 41 27 31 20 24 39 43 15 25 26 17 25 14 16 31 31 27 19 30 26 21 13 19 13 
25 26 39 27 28 14 19 16 25 27 24 34 16 41 35 11 24 11 29 39 27 29 46 22 26 29 14 19 15 19 34 23 22 15 27 23 34 23 18 24 
25 26 15 15 22 19 23 17 18 22 26 39 18 34 36 7 42 32 36 28 30 33 8 12 27 24 15 26 19 12 22 22 29 16 30 14 32 18 21 21 
31 17 20 16 25 20 22 17 27 10 20 33 12 37 27 10 36 32 19 36 18 16 24 18 21 25 15 20 17 21 39 18 37 13 22 29 26 25 23 30 
22 30 14 14 22 16 24 19 19 24 34 24 16 44 27 8 32 23 20 25 26 20 19 18 22 17 14 20 14 23 22 18 24 16 40 17 21 22 16 41 
26 25 19 20 28 25 28 22 28 28 14 15 19 28 29 21 38 30 31 34 37 28 32 8 26 31 19 33 14 15 11 18 21 18 29 22 31 28 15 27 
22 17 9 13 13 15 25 19 23 9 22 27 18 17 30 19 30 22 25 27 37 25 28 13 17 27 10 19 20 10 39 33 35 21 20 14 30 19 10 28 
18 19 19 22 19 20 14 7 27 12 22 36 19 31 25 16 31 22 30 30 43 35 37 17 26 31 10 12 13 17 24 11 27 17 26 22 34 30 15 34 
25 21 23 13 24 24 31 13 19 17 37 25 17 21 35 20 29 24 13 35 27 35 24 13 23 35 18 19 13 13 24 24 28 20 44 14 20 8 13 37 
26 23 17 11 14 23 22 15 24 18 30 28 15 18 27 19 37 25 24 12 58 24 31 28 30 36 19 28 21 8 33 25 27 23 32 27 21 24 16 24 
21 27 15 16 13 24 27 18 16 29 27 33 15 30 29 7 25 32 23 14 20 23 38 20 16 16 20 24 15 20 35 19 11 22 30 23 27 22 16 8 
14 16 31 22 30 37 21 18 18 25 28 30 18 34 26 16 24 12 26 36 29 22 15 14 24 33 15 14 28 26 45 24 23 12 31 23 17 21 24 30 
22 22 14 15 24 32 23 8 23 26 32 36 16 38 26 12 25 33 41 23 22 25 26 11 16 25 14 19 22 14 24 29 37 15 17 19 14 17 16 25 
20 14 7 17 6 22 24 28 25 17 25 28 19 31 27 18 35 30 34 13 30 26 22 17 15 20 15 16 21 15 37 15 29 13 25 24 33 15 24 26 
23 28 16 19 14 17 23 17 26 25 26 21 14 27 25 14 26 27 20 31 30 26 20 20 15 36 18 23 14 23 31 17 22 19 25 13 32 17 27 23 
9 20 17 19 28 26 34 23 29 29 28 13 17 20 35 20 28 23 29 24 15 25 25 13 24 35 23 22 24 20 30 13 27 20 29 12 17 26 15 32 
16 31 22 15 26 13 17 24 21 13 12 31 17 33 11 15 29 27 38 21 30 17 28 23 27 23 22 19 22 17 29 20 28 21 34 22 22 20 12 32 
28 29 14 17 18 23 15 22 20 16 20 29 15 15 36 14 14 28 26 22 20 30 24 22 14 24 18 23 13 23 23 11 28 27 34 21 46 15 14 26 
27 19 16 14 28 23 29 19 24 32 17 28 15 21 24 20 8 22 26 40 16 26 35 11 18 28 10 14 15 13 26 19 40 17 21 22 21 21 7 23 
23 18 24 12 21 10 15 20 18 15 23 39 15 35 29 16 31 26 21 34 27 21 25 19 19 24 16 24 24 13 24 26 34 23 40 32 26 23 15 34 
27 14 17 10 19 17 29 19 17 10 12 32 14 43 40 16 20 20 48 31 25 30 22 17 25 28 12 21 17 26 30 23 27 19 16 25 26 29 19 28 
17 38 16 15 22 26 33 22 14 18 11 43 19 43 25 20 26 30 31 20 34 27 38 14 25 30 17 22 23 12 34 12 30 24 23 21 18 23 18 28 
34 20 6 23 16 26 23 15 23 17 37 11 18 42 11 15 20 30 20 24 33 30 34 19 23 30 22 15 7 17 31 17 17 26 24 31 14 19 15 26 
17 21 14 12 20 26 19 18 12 36 24 29 9 39 23 15 37 21 43 47 39 22 30 12 23 26 18 27 21 21 41 15 23 15 27 30 24 37 16 46 
28 16 12 10 20 18 11 22 23 26 28 29 18 26 35 11 18 28 24 19 13 38 16 21 14 22 11 16 15 11 41 22 32 15 32 21 28 25 14 31 
24 29 18 16 19 26 17 8 13 16 29 30 19 31 38 10 36 30 35 30 35 40 37 18 23 34 17 26 23 27 28 11 16 17 40 24 14 7 21 18 
25 24 24 15 28 36 28 14 19 20 21 36 12 20 39 13 38 20 25 22 29 25 31 10 22 21 27 25 22 13 37 15 26 19 11 21 19 36 12 26 
26 21 19 19 33 13 22 22 27 21 25 41 11 22 28 17 31 23 32 43 19 30 27 15 15 34 18 26 14 19 34 27 18 10 24 19 22 29 19 28 
21 38 17 17 13 28 23 21 18 14 32 28 15 26 35 12 27 30 32 17 27 32 14 20 23 36 10 36 20 21 37 11 27 16 20 28 23 33 25 33 
25 20 7 19 10 14 44 23 22 21 20 22 13 24 33 12 28 31 28 26 44 20 12 22 28 21 35 12 15 13 48 23 27 26 33 15 20 28 22 25 
24 24 13 20 26 19 25 20 17 24 33 18 12 39 34 17 41 27 20 36 28 32 29 15 21 16 24 30 16 23 22 23 35 21 40 26 30 15 13 22 
31 34 22 21 8 21 22 9 19 19 26 36 17 26 23 12 25 24 36 27 51 35 17 16 8 17 25 21 25 19 23 14 18 14 33 24 23 30 18 17 
31 18 30 14 20 27 25 20 13 15 32 31 7 25 25 10 29 23 33 35 39 19 37 16 13 21 17 16 21 22 43 30 29 21 22 20 26 11 15 39 
21 29 25 10 13 31 34 25 26 25 25 24 19 30 20 19 12 30 26 29 35 33 22 23 18 37 12 31 24 18 24 17 31 11 23 29 31 29 25 36 
30 21 21 6 16 29 7 17 21 12 21 17 19 26 24 23 46 39 16 19 42 38 23 23 13 40 18 14 19 20 32 18 26 21 28 15 40 23 21 31 
20 24 16 15 20 21 30 22 25 25 22 30 13 26 29 7 39 32 30 20 34 16 25 12 23 38 27 21 10 10 31 16 28 21 31 25 28 34 8 38 
16 17 19 19 27 27 19 22 21 23 22 31 6 28 30 12 32 28 34 27 21 27 19 16 24 22 10 25 20 16 30 22 22 20 31 19 28 22 13 26 
29 12 20 6 22 25 20 14 24 14 17 21 14 23 23 11 27 14 33 29 22 40 43 20 25 22 18 19 21 17 30 21 2 19 33 31 17 30 24 36 
22 20 25 16 20 22 22 15 17 14 19 19 12 36 24 12 18 24 32 25 40 34 18 18 17 26 10 27 16 7 32 24 18 16 34 21 23 36 16 39 
25 32 14 7 14 17 26 18 22 17 22 27 15 22 16 6 24 36 23 21 27 25 44 23 33 22 14 26 18 26 26 29 16 24 17 22 37 23 21 27 
30 22 20 20 23 13 31 17 18 17 30 13 10 26 21 15 9 34 22 20 27 25 35 9 12 35 17 29 18 16 37 39 11 17 33 17 35 40 19 25 
26 23 12 15 20 18 19 20 26 15 23 30 14 47 35 18 27 19 34 25 36 16 39 4 7 29 8 28 15 21 40 19 33 13 26 25 28 25 16 29 
20 19 16 12 18 31 23 10 10 23 20 27 13 34 25 14 24 12 22 33 29 40 30 11 27 20 20 27 23 25 27 20 20 12 24 11 25 30 13 35 
30 24 29 19 26 21 30 28 15 6 26 24 18 36 29 20 13 25 17 31 27 32 33 12 20 19 22 22 24 17 36 22 22 20 31 27 28 27 20 26 
21 23 18 22 29 18 20 25 22 6 23 24 21 24 28 14 26 17 38 31 18 26 40 24 22 17 18 22 18 19 38 17 27 29 31 16 20 22 16 21 
19 9 15 17 22 18 29 16 27 22 25 16 12 36 19 10 40 31 34 29 20 14 35 21 23 28 17 17 20 18 15 16 28 18 26 28 31 13 27 33 
20 26 23 14 21 26 22 26 17 25 24 35 19 39 24 19 40 25 46 24 11 25 27 12 22 23 19 27 22 21 24 30 23 17 28 23 21 33 10 34 
26 22 18 17 26 13 23 23 12 17 17 16 12 35 24 12 27 11 32 26 29 36 40 17 30 19 13 14 14 13 19 31 26 23 11 29 22 21 22 33 
22 17 21 19 18 23 9 19 14 21 25 30 13 28 23 14 32 22 29 33 25 37 21 21 27 37 22 25 13 21 42 22 22 17 35 30 25 33 21 32 
24 27 19 16 26 22 22 11 20 31 21 33 16 37 31 20 15 31 21 32 29 33 28 17 26 20 14 28 24 13 27 14 17 22 8 16 31 11 19 42 
11 21 17 17 22 28 38 17 17 21 14 38 18 27 19 11 23 32 24 33 32 28 20 11 17 28 19 19 17 9 19 21 33 25 8 11 22 30 18 17 
24 10 28 17 23 27 33 15 21 13 26 46 9 24 25 19 40 9 29 20 29 38 35 19 16 31 18 20 19 21 46 28 17 11 19 19 18 29 18 21 
27 18 31 16 31 32 21 17 24 26 30 20 11 34 24 8 30 21 34 26 31 18 24 19 22 15 21 26 21 25 35 29 6 21 21 31 13 23 19 25 
17 19 20 14 20 25 21 14 25 14 19 27 22 34 46 17 35 27 26 24 20 24 25 18 24 37 19 14 14 15 55 31 20 10 35 26 26 26 21 26 
14 18 25 13 28 27 36 26 25 34 29 43 20 31 28 25 44 34 30 18 23 32 27 19 23 29 12 22 10 14 49 17 16 13 25 16 33 27 13 28 
28 24 21 22 11 35 15 22 14 16 28 31 7 25 29 10 22 15 14 21 28 23 24 13 19 22 18 24 20 11 42 18 33 20 27 34 14 26 13 22 
26 27 14 20 16 20 21 15 18 17 13 29 8 18 20 12 18 25 25 21 31 42 39 15 18 32 21 23 18 16 21 22 37 7 31 33 25 26 16 20 
19 10 30 18 14 26 27 22 12 25 13 35 14 38 4 18 42 23 22 20 14 24 16 17 18 28 14 17 22 18 15 25 29 12 12 19 31 19 19 14 
21 28 21 19 20 17 26 26 22 14 23 41 14 28 44 10 24 36 20 29 42 22 28 17 21 31 11 22 25 9 23 14 32 12 12 18 15 17 21 27 
27 29 30 15 27 24 20 19 25 12 21 25 11 28 32 7 22 27 25 31 28 27 16 17 26 32 16 25 22 15 51 18 32 14 16 31 34 21 12 33 
30 28 24 23 8 23 21 14 23 10 33 17 12 8 35 13 20 29 14 27 36 24 21 19 20 27 19 28 16 21 20 24 29 15 19 32 30 32 16 24 
21 26 20 18 24 14 27 21 18 17 36 19 14 31 28 11 25 32 29 30 39 45 39 17 32 22 20 20 23 28 36 22 18 17 22 27 41 22 15 41 
16 16 17 17 16 27 33 24 27 14 21 22 9 35 39 12 18 27 35 26 33 9 21 13 25 36 12 29 16 21 37 16 25 14 29 34 11 31 27 36 
27 36 18 19 20 35 14 13 18 22 31 22 18 30 29 15 26 41 19 35 41 29 41 17 24 22 26 16 16 18 25 16 14 11 20 20 39 26 15 33 
29 16 25 14 23 26 17 16 31 23 22 29 14 26 24 19 42 39 23 6 34 32 33 16 20 20 14 31 15 15 43 12 23 16 22 27 24 34 18 24 
20 25 29 19 15 19 23 17 22 24 20 42 12 22 17 15 33 23 36 25 29 21 26 16 24 26 7 19 18 10 18 19 28 16 24 25 19 32 26 27 
24 27 22 14 23 22 17 15 25 7 20 12 8 35 35 16 24 21 31 9 28 31 32 21 24 33 16 23 16 18 43 11 19 14 15 14 22 25 11 31 
14 24 24 21 12 13 26 16 16 9 24 27 15 27 15 21 28 19 29 27 32 38 26 22 24 26 11 21 24 9 46 23 21 13 38 22 26 27 16 29 
12 18 26 23 31 24 23 11 16 15 28 36 8 16 32 7 31 32 28 34 26 46 25 25 24 26 9 18 20 18 27 19 23 8 23 28 34 20 18 26 
29 22 12 23 32 25 15 19 24 19 28 27 13 39 26 13 24 28 26 34 13 22 27 17 21 22 16 34 12 9 22 24 15 18 27 17 10 10 22 24 
29 24 22 14 19 22 25 19 23 16 30 31 14 29 15 13 22 28 21 22 32 29 37 12 28 36 12 21 19 18 26 23 22 24 23 13 30 27 15 42 
17 25 21 18 22 18 13 11 32 16 37 33 14 26 41 17 34 33 30 21 38 21 32 16 29 34 10 20 19 7 30 19 22 19 18 25 35 22 17 25 
22 16 27 22 24 20 6 24 18 15 27 36 16 28 29 16 27 33 25 25 34 15 23 17 25 32 19 15 26 19 28 19 26 13 23 18 19 14 24 28 
20 19 23 18 9 21 11 18 16 20 26 34 19 20 31 15 11 36 41 18 27 13 36 19 26 33 28 23 9 19 26 12 33 18 29 27 25 28 23 16 
30 17 20 26 15 27 29 20 38 14 12 28 16 24 39 18 40 28 22 26 27 27 53 15 14 31 17 19 16 20 30 21 25 12 33 16 26 28 20 32 
28 26 28 15 23 21 25 25 32 23 26 20 6 29 37 19 35 21 34 28 36 24 26 19 30 37 13 19 22 22 27 19 14 16 25 22 24 33 21 22 
31 24 17 12 18 16 24 18 28 20 26 30 16 27 28 18 22 19 29 15 34 26 14 25 20 12 25 23 14 13 31 17 24 23 42 20 24 25 14 19 
14 21 33 11 17 27 25 21 19 18 36 46 16 28 25 19 38 27 31 21 44 22 9 23 13 32 18 27 8 18 31 22 14 22 24 27 34 22 17 26 
23 27 20 13 18 28 28 11 21 21 13 33 14 37 37 16 28 26 34 30 44 28 34 22 16 14 15 11 20 25 22 5 17 13 25 23 28 21 14 15 
25 12 14 23 24 21 21 11 27 21 20 35 16 21 36 21 30 29 41 24 30 34 32 10 19 21 17 23 25 20 26 25 38 17 33 32 11 23 20 22 
27 31 24 17 29 17 33 26 15 5 19 43 17 32 27 11 26 6 15 30 35 25 32 10 34 14 15 29 26 18 30 22 14 18 22 19 18 11 27 32 
27 25 19 14 28 25 27 17 25 13 22 37 21 30 25 19 21 32 24 34 36 34 27 18 18 14 15 25 22 12 29 26 31 19 26 24 37 23 8 13 
25 8 19 21 34 20 34 8 19 20 20 36 17 29 30 16 28 27 40 22 20 32 42 19 26 29 16 31 18 22 36 20 23 22 26 21 15 24 16 25 
34 24 18 16 16 16 16 19 23 8 32 35 10 30 4 12 19 24 28 25 36 37 21 20 25 30 18 25 31 19 13 20 26 21 27 26 16 23 15 48 
21 30 24 18 25 25 22 13 20 25 34 24 14 18 28 20 31 25 29 29 30 22 53 20 25 30 8 14 21 20 36 21 29 15 27 17 17 16 15 29 
31 15 23 15 30 24 32 24 25 16 30 29 11 14 35 18 35 25 29 19 38 22 36 12 20 25 14 15 17 19 28 24 29 26 17 16 34 33 27 26 
25 31 17 17 21 23 14 24 20 24 22 13 16 31 15 25 35 30 27 28 26 30 34 25 22 15 3 19 19 8 15 19 27 14 27 27 22 16 22 12 
15 27 18 23 24 17 20 17 23 15 33 36 16 27 33 8 17 36 28 30 48 25 44 19 17 19 5 21 20 11 32 20 25 18 27 30 30 28 24 36 
23 23 9 22 21 11 21 25 24 7 29 27 14 43 32 25 30 25 34 26 39 27 16 17 33 38 29 19 15 23 29 27 32 16 44 28 15 23 27 19 
24 22 14 14 26 20 24 21 15 15 27 38 17 30 26 17 34 31 22 30 33 21 34 21 21 29 13 16 17 20 24 4 30 9 26 28 27 15 19 20 
29 29 18 9 16 23 24 9 20 15 16 33 21 31 29 23 16 36 21 25 24 24 37 18 23 29 17 15 20 18 12 27 22 14 24 23 22 20 16 26 
25 23 16 17 21 16 27 21 23 17 20 35 11 33 27 13 44 14 30 31 25 36 34 20 24 14 16 34 18 21 42 25 10 10 22 24 21 36 18 37 
26 29 30 17 24 17 21 25 13 20 26 28 10 37 35 17 18 23 16 20 31 49 33 13 23 26 16 23 12 13 30 18 20 9 23 20 21 14 10 28 
21 24 18 16 16 28 19 16 25 16 29 20 16 21 26 21 21 34 42 25 18 24 15 11 28 21 20 23 20 15 34 22 29 16 31 23 30 26 11 47 
22 27 27 18 20 29 18 15 22 13 27 37 19 35 22 22 24 21 20 42 32 27 30 11 17 28 22 14 13 19 33 13 23 21 26 25 31 21 15 26 
17 22 26 15 22 22 24 23 14 18 20 27 9 25 32 15 14 25 16 30 54 20 28 11 23 21 18 24 24 26 17 33 22 17 27 20 28 24 18 28 
29 17 25 16 19 17 24 25 7 23 33 23 12 36 37 14 24 26 38 22 24 19 37 21 33 36 13 19 24 23 19 11 34 25 40 22 25 25 30 31 
33 30 23 8 13 17 21 21 26 24 20 38 11 33 25 13 36 38 31 29 26 39 40 22 12 27 21 32 21 7 36 18 34 20 20 20 27 20 22 22 
20 16 15 13 26 16 26 13 17 21 8 32 13 30 29 15 27 33 17 21 24 24 29 20 22 20 19 30 22 19 34 30 28 9 17 21 33 15 12 38 
30 28 13 20 10 7 26 29 13 17 21 28 10 25 27 16 21 31 21 26 30 30 38 22 18 29 22 32 17 17 36 29 36 25 32 22 22 29 9 14 
24 5 16 14 22 23 15 21 21 22 33 20 17 28 21 19 27 33 17 26 25 17 30 23 15 28 19 19 11 20 22 21 23 19 30 30 23 19 13 33 
19 31 22 12 32 20 28 8 28 19 37 12 14 19 39 20 32 34 33 26 31 32 30 18 27 32 25 36 20 19 23 16 33 15 19 23 23 18 12 21 
34 29 19 11 17 25 23 21 29 30 11 32 18 33 27 11 41 26 20 27 24 29 26 15 16 24 25 34 16 22 31 21 23 26 29 22 32 22 16 24 
24 23 14 17 27 24 21 14 23 12 23 36 9 29 28 7 13 36 34 22 30 22 18 17 19 21 13 22 24 22 42 21 22 16 26 17 17 26 16 33 
23 18 23 15 6 22 18 17 22 21 19 20 16 8 39 16 34 30 32 14 46 30 26 21 18 30 20 20 16 18 19 19 13 15 36 32 30 20 13 36 
28 9 11 17 26 15 15 18 19 31 28 45 14 25 31 23 44 34 16 28 24 44 40 22 29 30 21 36 23 22 24 13 29 25 29 24 17 16 25 31 
23 29 10 15 21 29 31 17 20 19 26 25 14 24 39 12 33 29 32 26 28 37 36 19 33 16 28 19 25 18 38 11 33 27 23 17 25 15 22 23 
28 19 17 14 21 10 33 16 16 23 24 32 12 40 23 10 32 41 43 39 19 21 27 14 26 26 22 22 13 23 43 17 27 20 20 26 34 32 17 31 
27 21 17 15 18 15 26 22 24 19 18 31 15 24 29 8 30 15 39 22 38 23 34 19 23 26 20 27 15 20 15 8 29 20 34 19 20 30 17 22 
25 25 17 10 16 26 23 11 19 20 23 34 18 18 16 17 38 23 46 32 23 28 14 23 28 19 16 23 16 16 11 18 25 14 27 18 34 29 8 25 
21 15 23 18 25 24 20 19 26 19 37 31 13 19 23 13 13 21 30 18 11 31 20 19 21 20 23 18 17 20 24 13 15 16 33 31 36 15 17 24 
30 25 19 19 22 20 26 22 8 21 31 35 14 21 36 15 27 27 24 23 28 26 22 14 27 39 11 21 14 15 31 27 34 20 35 24 37 19 25 26 
20 22 22 19 31 15 17 16 19 15 34 26 12 15 35 13 36 23 27 15 19 34 33 23 16 19 19 19 13 26 38 11 25 17 39 30 25 28 14 25 
25 25 26 15 19 24 18 15 27 15 21 22 14 30 34 12 29 12 35 34 27 39 19 20 19 29 10 26 19 23 41 20 14 23 28 24 26 26 20 31 
7 27 22 12 22 16 22 20 26 27 24 21 16 24 26 11 38 31 36 30 30 27 41 15 17 25 15 20 23 17 23 19 25 24 33 21 22 24 22 38 
17 20 17 15 29 25 22 18 8 22 26 27 13 28 34 7 35 27 32 27 33 22 34 17 14 20 16 32 9 9 32 19 26 21 37 29 19 26 14 27 
32 23 28 17 18 26 33 11 17 14 24 18 18 38 40 8 45 15 33 26 29 24 33 14 31 28 14 25 18 17 21 14 27 20 37 24 26 21 15 30 
22 36 29 19 19 22 19 23 29 35 18 23 18 36 38 15 24 31 39 14 30 34 32 17 31 26 5 22 27 16 39 21 27 17 34 25 18 36 8 39 
25 17 17 16 24 18 17 22 24 28 19 34 17 35 24 17 23 30 23 15 28 22 12 25 23 29 14 32 17 7 49 14 20 13 45 35 25 25 27 35 
33 14 24 12 13 13 24 26 26 19 21 19 14 30 39 12 38 21 33 13 24 27 26 19 16 28 17 39 18 15 51 23 24 13 39 20 22 31 13 27 
28 20 22 14 20 16 17 25 15 22 27 19 18 35 36 16 37 34 33 18 12 29 41 22 21 32 23 20 21 24 45 15 22 23 23 23 26 18 18 19 
19 20 19 13 22 20 24 19 28 18 30 18 10 35 32 23 23 26 3 35 16 32 35 24 22 22 17 20 23 16 19 24 27 26 7 25 35 24 18 15 
33 31 8 15 22 23 15 19 14 22 20 27 11 39 23 22 28 24 31 15 19 14 34 22 19 34 26 24 18 15 37 20 35 20 31 16 9 15 24 27 
25 27 7 10 23 14 18 16 21 13 28 34 22 17 25 15 17 39 19 29 23 21 38 21 29 21 14 21 11 25 24 16 25 21 30 26 18 43 25 32 
26 22 18 12 17 32 21 17 30 24 11 37 21 21 19 12 22 29 36 24 21 44 33 15 23 32 20 33 17 14 37 30 28 16 33 17 20 23 16 18 
29 18 22 17 5 30 20 18 18 25 27 35 20 43 25 14 23 32 28 26 21 34 22 17 31 27 21 22 15 20 16 13 25 18 29 14 15 30 20 29 
36 15 9 18 19 22 19 17 8 24 28 24 14 35 32 21 28 21 34 17 25 29 23 20 16 16 11 21 14 19 43 19 22 17 20 35 23 15 17 27 
22 17 18 15 15 21 18 14 25 24 38 17 10 22 31 16 35 31 32 30 32 17 28 17 17 22 8 10 26 19 32 23 31 21 24 18 24 24 16 32 
20 20 28 12 25 22 31 24 19 26 28 34 11 19 32 17 43 24 36 25 36 8 24 13 32 17 14 22 13 16 35 24 18 15 24 12 26 24 21 20 
25 31 29 19 27 25 31 14 10 24 34 43 13 41 38 8 33 21 16 36 33 23 44 17 25 27 11 21 24 17 27 29 9 20 27 15 40 28 20 30 
21 28 22 19 9 40 35 23 20 17 23 42 18 35 33 13 21 32 33 14 36 25 18 14 23 38 30 15 22 22 39 20 17 19 31 20 18 30 15 29 
26 23 25 21 12 27 19 21 20 19 31 33 13 24 32 18 4 18 27 15 28 18 37 15 14 31 11 24 20 21 44 28 13 8 37 26 34 13 18 21 
17 25 21 16 21 29 21 17 31 23 23 28 20 39 37 14 29 39 28 22 16 36 20 8 16 30 10 21 27 15 28 15 10 23 25 19 15 14 17 28 
31 26 24 19 20 30 21 15 23 16 22 37 13 17 27 16 43 22 28 32 23 11 37 18 25 16 16 10 23 22 33 22 22 20 22 20 18 22 10 32 
26 22 20 18 20 35 27 13 21 11 25 21 8 33 44 16 22 17 33 24 14 19 37 12 22 24 20 15 14 15 33 14 16 26 25 24 26 37 13 26 
27 26 25 24 23 14 20 22 31 17 26 21 18 23 27 20 23 31 41 24 29 32 43 19 31 27 18 23 23 20 36 2 24 16 22 23 29 34 16 22 
29 18 16 20 15 16 19 16 16 24 14 28 16 35 27 13 27 25 39 33 33 28 40 12 23 25 18 20 17 17 11 22 27 17 29 25 35 16 16 19 
27 24 25 18 8 40 21 13 32 26 22 28 21 22 30 12 24 34 26 26 40 21 37 21 16 15 8 26 20 18 33 24 10 29 22 18 22 18 13 21 
15 21 24 15 18 36 20 15 19 23 37 21 17 31 40 16 22 21 20 22 40 22 29 26 25 19 10 17 12 18 20 22 28 19 27 37 29 26 14 31 
23 29 20 12 24 37 27 21 30 17 33 33 23 24 30 8 29 44 28 24 40 30 33 20 28 34 17 30 20 13 36 20 22 23 35 36 19 30 20 22 
29 30 21 19 21 18 20 19 21 22 25 39 8 17 31 16 36 25 32 15 21 31 31 19 22 23 18 26 16 11 33 26 16 10 30 14 29 16 19 20 
26 27 15 15 15 20 22 24 7 27 30 23 8 25 20 17 33 24 18 16 39 26 23 23 28 34 9 22 9 22 42 19 27 21 27 12 32 16 14 30 
29 22 33 15 16 24 17 20 21 15 35 28 20 20 18 7 28 35 24 19 23 28 51 21 34 23 21 9 20 28 38 25 22 23 25 21 12 30 31 35 
25 28 29 10 22 17 21 11 17 14 27 17 11 25 29 14 43 29 22 32 31 17 30 8 22 20 15 14 18 13 40 17 20 23 27 28 19 23 24 43 
17 22 27 20 10 10 22 14 19 15 25 36 16 32 27 18 31 33 37 30 33 31 30 10 16 31 13 19 25 22 24 22 17 22 35 24 18 19 22 28 
23 21 18 17 23 32 24 18 19 27 23 36 10 26 18 16 23 31 39 27 31 24 24 19 18 24 12 20 16 21 26 21 25 19 30 24 26 30 16 6 
16 24 25 10 19 17 23 18 20 26 22 35 20 18 32 12 28 38 18 33 45 6 37 18 16 14 11 27 26 14 24 11 18 17 24 18 29 25 18 26 
25 23 16 21 13 28 27 23 24 11 27 17 7 38 30 13 29 21 26 12 33 28 30 19 19 28 22 26 11 21 17 17 33 15 28 27 25 22 23 47 
26 27 30 23 21 14 35 24 19 15 24 30 18 23 27 17 25 14 29 30 38 28 46 18 28 23 4 27 20 16 40 18 25 19 43 20 28 26 27 32 
23 15 18 21 16 17 19 20 13 17 34 26 17 24 30 15 32 29 38 26 34 21 29 24 28 24 19 12 14 19 35 20 24 25 21 24 24 28 24 24 
21 9 17 21 20 21 22 8 27 21 23 44 22 32 19 17 27 33 27 20 36 32 23 20 28 30 14 30 19 13 27 19 28 16 17 21 23 25 17 36 
31 19 18 19 29 23 24 16 21 24 23 37 12 40 41 15 33 18 31 29 30 44 32 17 20 30 14 26 19 18 13 15 26 23 23 27 10 29 18 23 
23 28 18 15 20 20 23 18 22 6 31 26 23 30 26 17 35 30 26 20 14 22 27 20 19 33 21 27 31 14 22 27 17 17 25 28 19 32 17 39 
20 21 24 16 15 32 22 13 21 21 14 34 21 11 22 14 34 27 30 18 31 21 18 20 28 39 19 17 20 21 25 14 41 25 27 30 28 25 12 41 
19 20 28 19 35 26 22 19 28 24 39 21 17 27 32 10 22 31 26 24 31 8 36 28 29 32 17 24 15 17 20 15 21 22 27 16 31 19 14 15 
26 29 10 11 20 14 17 9 27 30 22 27 24 32 38 15 19 20 19 20 52 37 19 16 29 22 12 27 14 16 33 20 16 13 26 19 27 31 21 28 
21 17 22 10 20 17 17 19 19 30 24 22 14 31 18 6 17 27 8 20 38 14 33 19 22 37 14 34 23 14 30 18 24 12 29 28 23 18 14 45 
22 30 3 5 17 12 22 16 30 23 35 29 18 42 33 19 33 18 14 12 27 26 31 24 22 33 16 26 21 22 27 20 25 17 8 29 22 26 21 33 
22 25 22 19 17 26 34 15 28 18 30 16 19 44 21 18 37 24 32 25 38 28 27 24 26 10 11 13 21 24 31 19 28 16 26 20 30 36 21 30 
22 30 15 17 7 19 24 12 15 30 35 21 13 24 27 17 35 25 30 13 25 23 52 17 28 37 25 24 30 18 21 16 26 20 26 25 31 30 20 29 
22 18 25 13 27 21 21 19 25 22 32 34 19 13 26 3 25 23 38 27 31 24 38 16 26 22 19 16 20 15 35 20 21 19 24 14 23 19 23 33 
28 23 17 19 24 17 25 19 22 15 20 24 16 39 28 16 29 16 17 17 33 32 37 13 27 28 26 30 18 14 35 13 23 14 21 20 18 26 23 32 
8 29 22 18 20 24 24 19 10 18 25 34 23 32 8 13 31 29 42 30 19 13 34 16 33 9 8 14 17 19 18 27 15 23 28 15 35 24 21 28 
23 33 18 12 28 25 24 18 11 23 44 34 16 26 22 18 34 30 34 22 31 32 20 19 13 21 18 31 15 22 33 31 39 19 23 11 31 33 22 28 
22 22 20 13 22 34 20 11 17 29 31 37 10 32 40 13 39 32 27 30 23 25 34 17 18 31 21 16 16 24 46 23 28 20 38 20 14 18 9 3 
26 26 19 12 14 28 20 8 19 16 16 26 11 35 24 13 28 35 41 30 33 36 41 23 18 32 25 24 14 15 24 29 19 19 9 28 19 24 23 27 
15 30 22 17 27 18 41 16 22 22 20 24 12 24 32 17 33 35 30 26 25 21 36 15 27 34 7 14 12 29 13 22 29 14 29 20 22 26 13 21 
26 28 29 11 19 16 21 25 27 23 40 24 11 21 23 19 22 18 25 27 41 36 27 26 27 23 8 21 12 14 43 17 19 26 26 25 20 19 18 23 
18 19 22 16 27 23 25 18 26 26 11 33 16 37 13 23 27 26 32 21 47 19 39 22 25 21 25 25 9 18 37 23 29 22 26 33 24 31 10 29 
31 29 20 12 29 30 27 20 26 20 17 20 14 20 30 17 37 28 28 16 31 20 34 18 36 31 24 25 17 12 43 26 33 19 19 15 32 25 18 21 
30 24 27 23 25 26 13 8 23 25 33 35 17 37 16 16 28 14 32 30 38 30 34 31 22 31 14 33 20 14 27 24 19 14 34 30 35 30 28 36 
19 23 16 19 13 16 31 20 23 18 31 19 16 28 34 11 31 21 26 29 35 33 28 21 19 21 27 14 14 16 27 17 34 20 20 13 36 18 12 24 
24 21 12 15 19 23 28 19 21 22 19 33 15 30 18 23 32 24 32 26 20 47 44 19 17 25 16 20 14 21 32 19 26 11 25 32 29 20 14 37 
23 22 30 13 24 27 24 14 11 10 19 27 25 32 35 8 20 22 38 21 25 19 37 20 18 31 16 29 24 16 40 20 10 20 9 17 28 18 21 30 
23 17 21 24 19 26 27 22 30 13 14 44 20 22 34 15 40 32 24 35 29 30 28 9 29 43 22 22 15 20 28 15 37 17 18 15 19 15 18 26 
31 30 21 19 12 27 22 24 29 11 22 45 9 44 34 17 33 14 23 16 33 41 45 22 24 38 17 17 18 18 28 35 28 17 38 37 28 37 15 41 
11 25 15 15 17 26 24 26 19 13 27 18 15 25 34 7 23 21 30 29 22 28 19 14 16 20 19 27 11 22 34 16 29 12 28 27 22 31 14 36 
25 27 14 12 23 24 32 15 22 28 25 29 11 24 15 11 24 25 13 14 37 21 23 20 25 21 13 23 18 19 35 21 35 12 32 10 40 8 16 31 
19 24 14 13 6 27 25 24 15 20 20 27 14 29 31 13 40 29 40 15 27 34 39 24 24 13 14 28 27 18 37 27 25 13 25 28 21 22 20 32 
29 31 25 19 13 14 27 12 24 25 38 20 22 32 18 16 18 16 30 24 12 25 35 16 27 19 8 17 21 23 40 27 20 21 14 28 19 28 17 18 
22 24 26 17 11 21 20 16 8 22 20 28 7 22 48 16 33 26 17 25 21 28 25 17 26 16 19 14 19 12 37 26 9 23 33 23 22 20 16 24 
17 30 27 17 13 27 24 21 23 25 27 22 17 26 21 16 20 20 5 27 26 27 25 25 18 17 19 21 21 19 34 18 17 24 16 24 29 17 22 26 
19 19 23 19 27 26 23 21 13 14 26 18 18 22 26 16 23 19 36 30 28 28 27 17 25 14 15 23 21 25 16 24 13 18 36 30 28 19 26 41 
24 17 17 15 22 25 28 25 26 27 35 15 13 28 32 12 36 12 40 18 39 15 21 12 23 22 20 20 13 14 37 19 39 18 44 18 21 15 16 35 
25 21 8 18 26 28 22 16 20 21 20 35 22 29 36 15 42 25 21 32 38 28 46 14 22 19 16 20 23 21 24 11 34 23 21 27 27 21 21 27 
26 18 14 16 38 26 25 15 8 25 17 30 14 11 23 15 18 19 17 25 42 33 26 25 17 18 19 13 15 21 41 31 19 18 27 16 25 24 17 12 
26 43 24 12 32 28 18 22 29 17 19 20 16 34 42 17 33 36 19 21 28 29 25 15 24 11 19 32 17 16 44 17 20 12 30 24 36 20 10 15 
29 19 34 16 13 25 17 25 14 17 29 31 13 35 28 21 24 20 22 29 5 28 10 18 20 23 19 17 12 18 28 24 32 21 22 22 33 24 27 34 
28 25 16 22 17 17 21 22 29 26 25 25 14 25 15 9 36 23 21 20 41 21 36 20 25 18 27 24 15 18 19 23 26 22 35 27 19 13 19 23 
24 20 23 15 21 21 19 16 21 23 25 35 11 50 33 14 30 17 40 39 31 18 45 16 35 23 20 35 17 29 25 18 23 11 30 27 19 28 18 34 
29 29 24 21 26 24 26 20 20 23 28 28 21 26 29 16 46 21 35 16 22 31 16 13 17 25 21 14 24 21 31 12 21 17 27 22 35 24 22 24 
28 27 19 14 13 18 17 25 15 9 27 37 11 38 36 17 33 37 13 30 32 33 40 12 29 17 14 19 12 28 34 21 27 14 21 26 22 13 11 35 
23 9 21 16 23 27 22 21 22 25 27 37 14 34 24 18 36 17 24 23 14 21 27 14 32 19 16 17 9 21 31 18 19 18 25 20 20 19 24 24 
20 27 17 19 20 26 24 21 14 22 22 17 15 36 29 11 23 26 10 25 30 28 25 18 24 22 17 18 14 24 28 28 25 21 15 13 26 16 14 48 
27 25 35 17 26 15 26 13 27 21 20 30 12 27 32 17 35 24 15 16 22 23 36 17 18 18 15 9 19 23 31 17 25 9 28 25 33 22 20 22 
21 24 18 15 6 22 5 15 22 23 31 14 16 37 21 11 35 29 22 29 28 32 25 12 31 23 14 13 18 19 24 14 21 17 27 15 22 43 24 27 
30 19 24 15 20 17 21 15 22 18 22 34 18 22 43 14 36 23 33 37 42 28 6 18 24 24 12 30 22 16 32 25 35 17 30 32 30 35 22 33 
26 35 14 27 13 23 17 17 24 24 21 40 12 20 35 20 37 19 16 26 26 28 22 33 25 27 8 11 20 19 47 15 32 15 26 22 28 20 22 19 
12 23 21 17 14 15 22 15 16 27 35 29 19 28 30 16 26 25 22 28 35 35 28 16 33 20 19 21 19 23 38 10 9 23 27 18 37 26 14 21 
17 36 27 17 21 24 24 16 22 21 15 21 14 24 19 17 42 13 37 20 32 41 25 14 18 33 10 26 13 22 30 22 29 18 4 18 25 25 21 32 
23 19 26 20 14 23 18 18 17 24 32 26 11 36 13 18 13 40 34 28 9 29 14 27 15 33 20 16 17 15 23 21 25 18 30 27 29 17 10 35 
14 25 21 11 14 27 33 14 23 19 25 25 9 42 24 16 11 39 22 19 28 23 28 17 24 20 17 33 21 26 40 28 25 18 20 17 33 18 24 31 
22 34 29 15 20 22 31 13 13 23 24 29 18 32 30 17 32 26 30 21 39 11 16 26 22 17 18 27 20 22 39 28 38 25 23 19 36 22 10 18 
24 12 25 11 29 24 19 20 19 23 22 22 19 20 9 18 31 24 18 22 39 30 38 14 27 19 13 15 17 19 26 19 23 13 10 25 27 19 19 24 
31 27 12 14 18 30 16 17 21 23 20 31 16 12 35 18 30 22 25 14 15 19 23 22 30 34 23 18 23 19 33 19 33 31 19 15 15 24 14 37 
31 31 15 12 16 23 15 10 20 13 29 29 17 21 15 13 22 20 22 31 35 32 20 10 22 24 14 25 20 19 21 21 32 14 31 21 15 17 13 38 
18 29 20 13 17 23 28 20 17 20 21 32 11 29 35 15 26 19 23 20 25 30 41 10 17 31 12 25 23 12 24 27 11 7 28 25 23 28 18 15 
23 24 23 13 32 26 26 23 29 31 27 36 14 37 28 14 34 28 31 31 24 26 37 20 29 15 19 19 21 18 37 13 23 8 41 27 27 17 20 31 
27 33 25 16 18 24 34 25 23 23 33 33 16 28 13 9 28 33 31 25 33 12 33 19 16 26 14 20 20 24 28 18 11 25 23 31 24 29 17 26 
25 22 21 20 17 20 26 16 16 22 19 17 17 10 25 10 36 26 16 17 26 27 28 18 40 26 18 28 20 3 33 20 24 25 25 23 39 24 27 32 
21 38 22 23 15 22 37 18 14 24 32 40 16 41 24 20 34 15 25 24 30 36 36 20 18 30 28 10 19 10 28 21 29 20 21 35 22 27 21 34 
18 30 19 11 13 24 23 27 24 21 16 18 13 45 35 11 44 28 47 24 40 25 21 12 28 24 17 28 12 14 20 27 26 17 22 15 22 20 13 34 
23 18 18 16 17 26 18 20 17 22 38 29 8 32 36 15 29 21 27 23 25 30 20 21 19 32 7 17 15 21 38 15 32 12 26 20 14 25 13 39 
27 14 20 13 28 24 20 18 17 24 30 17 20 29 27 10 30 16 26 22 53 42 32 22 24 28 17 17 16 21 27 26 31 12 51 16 17 29 23 12 
23 24 24 11 26 22 37 16 25 25 35 14 13 26 6 15 22 22 25 39 18 23 32 20 24 38 5 15 13 18 34 29 21 15 20 19 37 29 25 21 
20 32 21 15 23 30 30 20 24 19 32 25 15 30 24 10 24 28 24 16 38 27 21 24 25 29 15 15 25 15 31 25 22 16 30 28 34 33 18 25 
29 28 29 12 13 23 26 27 20 5 26 34 13 28 39 17 32 20 17 23 11 30 26 15 29 26 15 29 24 18 36 18 21 13 37 20 43 28 20 28 
13 23 25 20 8 17 27 14 25 20 26 23 14 28 43 20 13 27 28 26 20 22 40 20 17 34 22 20 19 16 34 22 34 19 10 16 19 11 24 31 
30 27 28 18 15 22 28 22 26 20 31 52 11 28 26 17 36 26 34 25 32 27 46 11 37 16 22 16 17 22 22 29 26 22 28 20 25 32 23 27 
26 27 10 14 20 30 27 22 22 26 40 24 24 27 23 18 20 31 25 34 48 31 33 15 21 34 23 22 14 24 36 5 26 10 25 22 20 27 13 29 
21 25 25 18 15 17 17 28 29 15 27 24 15 27 15 19 21 19 41 21 39 42 15 19 13 29 24 19 21 19 48 22 24 11 20 14 24 12 21 38 
34 21 23 12 24 18 20 11 23 16 33 19 14 39 23 20 36 16 29 23 15 26 34 23 24 16 22 11 18 20 37 12 26 10 35 18 31 13 12 31 
16 19 10 15 12 19 26 15 15 21 27 24 18 22 24 12 24 26 33 32 29 31 17 23 20 22 18 21 21 29 31 14 23 19 32 24 31 35 29 41 
28 18 24 19 10 28 30 21 24 15 32 27 7 22 25 19 34 20 38 33 27 25 31 12 19 36 6 17 29 11 31 15 16 25 24 12 32 27 18 21 
24 31 19 6 24 25 36 11 27 17 29 27 8 27 31 13 30 19 17 41 24 23 22 17 25 38 21 19 16 17 21 24 29 17 39 20 26 14 13 30 
16 28 27 15 21 21 33 14 13 18 31 21 10 15 26 13 22 32 15 32 40 24 44 16 19 38 18 18 15 15 40 21 31 19 18 11 22 24 17 23 
21 21 24 11 25 16 31 20 30 10 40 32 12 34 19 21 28 19 28 29 54 27 31 17 23 21 12 38 27 14 21 14 17 23 30 20 22 24 7 30 
31 24 23 11 14 15 29 17 13 19 19 31 16 31 20 15 13 28 25 30 25 23 44 20 16 28 20 23 19 26 24 18 21 15 29 31 25 15 18 25 
25 33 18 20 25 25 15 23 16 18 17 23 16 32 16 10 35 21 27 22 31 30 22 25 24 21 25 24 13 18 22 22 28 30 33 25 26 31 22 31 
24 26 16 19 17 15 29 24 22 20 29 21 17 30 35 10 34 36 36 21 20 26 32 16 15 28 16 22 18 20 33 22 27 16 29 22 26 18 15 28 
20 29 16 20 15 21 19 18 13 21 24 26 20 25 29 9 26 19 24 18 33 21 14 16 21 22 20 28 18 17 34 17 29 14 6 24 29 27 24 35 
29 28 12 15 24 29 22 20 19 25 20 30 9 37 35 13 30 25 31 34 20 32 11 20 27 31 15 21 25 19 32 26 38 15 32 29 36 22 17 34 
29 12 17 18 27 17 23 20 20 11 33 11 11 18 27 14 36 8 28 21 26 31 35 20 30 34 9 21 20 11 10 28 21 25 22 18 30 37 16 27 
21 20 22 25 20 27 27 22 24 21 28 29 12 30 30 15 36 14 33 29 23 34 33 16 21 15 18 26 21 18 45 16 15 11 17 25 31 31 17 17 
21 21 18 17 17 20 26 18 18 17 25 40 22 40 21 14 20 27 17 31 41 30 39 17 25 30 19 27 24 21 21 15 20 23 29 19 20 8 17 29 
32 16 17 19 31 10 25 24 19 17 23 29 17 24 27 17 28 26 21 28 33 12 37 21 24 38 13 27 19 24 31 19 16 18 28 27 20 30 13 29 
29 29 28 17 13 14 34 13 29 21 38 23 16 25 44 12 27 27 31 33 34 44 22 19 23 15 13 27 15 23 18 34 28 16 28 28 22 21 21 29 
25 32 12 10 19 21 19 18 23 25 30 22 8 23 30 18 31 26 20 40 28 29 23 18 25 23 13 25 15 4 11 26 24 12 19 20 15 23 15 42 
30 19 20 26 22 20 23 22 28 23 35 34 18 30 20 15 24 17 37 28 9 24 39 22 22 30 15 34 24 16 29 5 27 14 24 35 24 20 18 25 
27 23 18 13 25 28 31 18 22 22 26 28 18 48 24 9 26 22 36 27 29 19 27 17 33 26 10 27 19 22 42 13 13 17 34 20 27 19 20 32 
22 31 13 16 30 14 31 20 28 24 39 20 27 23 35 11 27 14 14 29 20 28 28 26 23 32 23 24 26 21 25 21 26 11 37 15 14 24 16 28 
28 23 23 20 13 23 30 25 15 29 32 25 21 37 29 11 31 28 32 31 31 23 35 11 16 13 13 19 25 19 29 4 26 18 39 32 33 30 12 18 
22 24 14 17 21 16 30 12 13 11 21 18 17 31 40 14 18 29 17 32 43 33 41 17 10 29 23 18 20 14 29 20 34 23 19 19 22 24 21 22 
30 38 18 12 27 22 27 16 18 24 20 22 12 19 20 18 8 19 28 13 41 43 23 18 21 10 20 17 14 13 20 17 21 10 30 25 26 20 21 35 
21 48 11 19 14 23 17 20 31 21 38 33 20 26 12 23 35 30 31 24 16 21 24 20 22 39 20 8 15 19 50 18 39 20 22 20 29 9 29 16 
22 19 9 16 18 33 22 15 22 25 32 37 10 24 12 8 31 25 29 15 27 23 23 12 22 26 12 19 22 15 33 16 25 17 34 21 21 24 20 40 
18 40 26 16 16 21 25 19 23 19 46 27 15 46 19 6 29 18 30 33 43 26 22 24 29 38 9 27 19 19 41 20 40 16 37 19 30 23 21 31 
25 14 22 21 18 20 28 9 20 21 16 43 22 21 24 11 35 22 21 22 46 22 18 21 24 36 22 18 27 26 20 25 14 11 35 28 16 25 13 34 
24 30 11 21 28 6 20 15 19 25 24 23 15 37 22 17 35 22 4 18 35 23 33 26 27 24 16 22 15 20 19 21 26 20 33 31 32 35 21 32 
12 29 26 20 27 29 22 18 26 21 23 25 13 40 28 18 25 18 33 32 29 29 33 14 25 37 23 12 7 15 27 13 22 9 31 21 28 29 11 40 
22 26 26 14 25 24 25 18 30 15 22 22 13 17 23 13 39 24 29 33 23 20 43 11 20 31 12 26 14 22 29 21 13 18 31 23 33 14 13 37 
20 21 22 22 32 20 28 18 26 25 22 19 10 26 37 18 24 31 19 17 17 33 34 9 22 30 22 24 9 20 18 10 33 17 22 24 28 22 8 23 
17 19 23 9 25 35 27 21 28 30 19 34 11 17 34 17 22 22 34 36 27 27 35 25 18 24 10 27 17 28 26 23 30 19 28 25 18 28 19 26 
22 29 17 17 22 22 20 20 20 27 26 24 19 25 27 13 35 26 23 21 26 36 33 17 14 36 12 24 24 17 10 18 28 19 26 30 22 30 18 28 
19 27 13 13 25 24 25 20 19 21 32 17 11 25 27 16 37 27 33 23 32 27 25 19 20 41 25 28 18 22 33 20 23 18 43 20 22 22 10 27 
24 26 17 17 27 26 20 20 12 16 24 21 23 37 35 27 35 22 25 24 21 35 41 27 25 40 16 36 17 15 18 10 38 16 28 28 37 18 15 28 
20 38 23 14 5 32 28 14 31 33 22 38 17 27 27 17 28 42 30 19 16 29 27 17 11 38 17 21 15 22 23 23 18 19 23 14 29 13 22 43 
29 36 23 13 27 23 24 13 21 23 25 22 14 11 27 19 31 20 26 28 21 44 27 17 24 39 3 26 23 16 26 15 15 22 23 28 23 15 16 30 
19 35 19 15 21 26 17 14 16 24 21 34 20 35 27 13 22 21 25 21 35 20 32 7 29 27 14 25 14 29 33 14 23 16 20 21 30 17 17 26 
24 27 17 17 18 23 26 16 17 19 28 43 10 24 26 9 26 20 39 26 23 14 30 19 25 24 25 22 16 22 20 21 29 16 24 22 14 22 19 22 
21 23 12 14 24 37 24 20 21 4 35 22 18 19 33 18 36 27 39 21 35 46 39 12 15 30 17 23 25 11 40 24 34 12 30 24 11 21 16 19 
19 20 34 22 25 21 23 19 26 24 34 21 18 33 36 13 32 40 31 28 30 30 32 14 20 19 18 31 18 17 26 16 13 14 27 24 23 26 19 40 
21 21 12 11 21 12 20 19 27 24 42 28 14 38 26 12 25 23 33 10 35 35 27 10 12 17 15 15 22 15 27 23 15 12 12 23 24 33 24 21 
27 26 35 19 17 15 25 19 29 21 24 20 15 33 12 15 49 21 38 22 38 35 27 15 29 29 20 15 14 20 28 17 28 13 28 25 27 22 14 24 
10 22 13 14 21 22 27 23 23 16 38 36 19 25 37 22 36 31 33 24 31 31 22 20 22 20 22 23 23 21 26 25 35 13 25 27 26 31 22 32 
22 13 14 18 27 15 14 23 21 18 34 16 26 26 47 16 37 39 18 34 43 34 39 10 25 25 28 23 24 12 40 31 24 20 26 25 17 33 18 25 
19 19 22 23 16 20 18 14 23 23 34 26 15 37 27 19 40 30 29 24 43 15 33 21 28 27 21 20 14 21 17 14 21 19 15 27 28 31 12 35 
16 28 29 15 15 26 25 17 25 8 21 27 6 20 30 21 39 16 24 28 28 29 37 16 19 29 16 26 18 25 37 25 10 27 10 19 23 27 23 32 
29 32 25 20 27 22 29 14 17 17 30 26 18 34 36 19 37 13 23 16 23 35 37 24 27 26 23 23 19 20 26 11 29 12 35 19 16 28 12 26 
32 28 12 14 11 20 18 14 13 25 25 29 7 31 19 14 9 28 27 17 31 6 20 26 28 37 20 18 26 19 38 13 27 14 27 21 30 24 14 23 
15 39 16 17 25 26 19 18 12 21 25 31 11 28 17 16 26 38 25 37 42 41 26 23 12 30 15 16 19 12 42 11 33 14 34 32 20 29 14 44 
8 25 19 19 19 25 17 20 24 9 14 34 14 23 34 11 31 15 42 27 19 34 18 11 29 35 23 15 13 18 18 22 22 23 7 23 30 28 25 44 
33 39 24 11 16 17 23 24 22 23 30 32 10 28 25 11 28 16 39 28 37 6 22 21 35 23 10 17 20 12 15 15 26 17 21 26 30 22 23 21 
27 23 17 17 13 20 22 21 19 20 17 37 9 19 24 8 32 32 19 21 43 35 44 28 19 37 14 26 20 19 35 23 30 28 23 13 25 22 13 20 
21 27 16 23 10 23 17 17 21 17 20 19 16 31 22 16 19 26 36 19 27 17 15 13 27 26 16 39 19 11 43 32 24 15 19 28 20 37 22 28 
22 19 23 19 25 27 18 25 10 18 23 3 12 19 29 14 21 23 25 14 34 29 24 21 23 31 16 21 10 18 35 17 14 20 38 24 20 24 16 21 
14 28 13 13 19 18 25 21 20 25 28 44 15 18 24 10 25 31 25 35 34 26 47 22 39 28 21 18 13 9 34 30 13 16 26 16 39 2 10 23 
14 30 23 20 7 27 32 19 32 10 25 32 16 30 35 14 24 16 34 28 32 19 28 16 15 21 18 7 21 18 16 21 23 22 36 27 19 24 25 16 
26 31 25 21 25 20 21 17 23 19 30 32 21 25 23 20 35 11 35 31 19 15 26 23 16 29 27 19 16 24 24 22 18 15 23 17 23 27 22 9 
19 20 13 15 24 13 22 25 27 18 40 20 10 26 22 15 17 27 31 24 16 27 30 6 17 24 17 24 23 14 36 16 34 19 31 26 23 27 17 24 
29 13 15 15 28 20 17 8 12 11 20 31 6 37 38 15 34 19 29 33 30 16 29 18 19 22 23 27 12 22 28 19 35 20 33 14 31 22 23 16 
23 37 23 18 17 24 17 20 21 26 32 42 11 33 29 21 18 29 31 39 30 26 13 18 33 33 29 25 26 19 35 31 22 25 35 26 14 38 20 33 
31 23 24 16 19 22 12 14 19 31 17 21 21 27 35 14 36 30 18 36 22 27 52 27 21 36 15 19 26 24 38 18 25 16 32 26 21 32 18 28 
22 20 19 14 18 24 20 14 24 25 21 10 7 29 29 11 29 33 26 29 44 24 21 10 15 41 20 11 16 20 34 18 21 20 30 24 27 12 13 20 
35 20 16 14 26 16 20 25 24 22 24 25 9 27 31 11 19 24 38 20 26 15 31 17 16 35 21 11 17 18 22 11 23 18 25 23 25 25 17 37 
16 26 20 18 20 21 25 28 22 28 25 42 13 35 28 16 22 34 29 22 34 26 39 20 15 35 13 29 18 21 38 11 14 24 26 23 30 11 22 34 
26 30 25 17 5 24 22 21 16 15 19 16 2 31 22 16 35 29 31 31 31 40 37 22 23 33 22 14 25 22 24 12 21 17 38 28 18 17 17 43 
14 32 15 17 25 20 7 18 19 17 31 9 8 45 29 18 22 25 36 17 37 14 36 25 25 24 18 20 28 22 36 10 20 30 30 22 28 15 19 19 
25 31 8 20 11 22 33 16 24 21 41 29 17 30 33 12 32 31 18 31 38 26 46 26 32 27 14 27 17 15 42 18 32 18 21 16 32 21 20 23 
17 22 24 18 8 23 35 21 22 17 18 25 17 33 32 20 33 17 37 28 12 23 29 19 18 40 22 15 13 15 23 25 21 13 31 24 23 18 21 25 
23 36 16 21 23 25 23 19 19 28 42 15 19 24 34 11 36 22 21 35 19 21 36 19 38 10 15 16 19 19 35 16 28 17 22 26 11 26 15 22 
21 29 14 16 24 22 21 19 20 22 33 24 19 30 23 20 32 22 38 35 45 33 20 21 20 34 17 22 18 12 25 28 24 22 45 24 28 27 11 18 
15 18 30 21 16 32 23 12 21 14 23 25 7 28 21 11 28 30 17 18 40 12 31 22 33 28 25 20 21 23 38 21 31 20 26 24 26 25 17 23 
29 29 22 18 17 18 27 13 15 25 26 41 21 23 30 6 33 29 38 18 26 28 41 20 25 21 19 11 26 20 27 23 10 14 27 30 18 27 19 31 
23 29 23 21 22 23 26 11 27 23 38 24 12 46 21 14 14 19 27 22 50 28 29 10 23 23 19 19 19 12 41 15 23 17 31 26 26 21 18 33 
21 33 32 18 17 28 18 10 19 18 23 32 17 37 25 15 32 33 39 26 9 22 36 14 19 25 17 19 17 16 25 22 28 24 28 28 17 28 18 44 
18 23 19 13 19 17 16 27 24 12 31 40 24 32 29 13 37 26 17 28 39 26 33 19 25 26 9 24 15 18 28 8 21 11 25 23 18 17 19 17 
29 16 20 21 26 13 19 12 18 14 21 23 8 26 30 13 14 17 39 27 17 30 24 20 17 16 16 25 18 17 24 26 30 17 17 27 29 30 24 33 
22 20 16 22 18 29 26 12 33 27 22 38 22 32 28 13 39 20 19 21 33 27 22 18 21 16 19 14 17 9 20 21 29 21 40 24 17 27 17 12 
19 33 15 23 34 19 20 13 29 10 16 31 16 31 30 15 23 23 29 25 25 26 36 22 19 17 20 31 15 23 19 35 20 19 25 25 25 14 13 18 
24 29 30 19 16 27 27 25 28 18 27 37 11 20 19 14 37 27 13 36 13 44 35 17 5 33 27 30 12 21 37 24 18 16 38 21 20 23 28 34 
30 33 21 13 25 15 20 19 20 18 12 35 10 32 23 2 32 32 24 37 38 26 34 18 28 11 15 24 26 17 37 5 20 18 32 17 27 13 21 30 
20 27 18 17 20 22 24 16 26 18 36 37 15 24 41 12 15 24 32 24 46 17 20 27 23 24 17 15 19 21 34 25 26 24 19 25 28 27 20 36 
39 28 13 13 23 28 33 17 26 18 38 23 13 30 27 19 16 22 55 37 29 32 15 13 18 18 7 23 13 19 30 18 26 24 23 38 15 23 18 30 
29 22 15 18 16 20 26 15 11 19 20 22 17 32 32 24 12 31 23 35 29 32 37 23 20 17 15 22 18 13 42 26 28 23 28 27 23 27 21 25 
18 25 18 15 16 21 31 20 19 15 30 35 16 19 23 16 28 25 31 26 33 25 16 12 30 28 15 21 16 20 26 28 28 18 17 17 34 23 21 29 
26 21 30 17 25 24 33 15 22 24 28 28 14 28 47 12 19 16 16 17 14 17 33 23 15 19 6 27 27 21 40 14 27 22 26 21 28 33 15 31 
24 24 25 14 25 29 14 22 20 25 37 20 8 36 26 7 40 27 39 23 27 32 24 16 25 37 6 23 21 18 26 13 24 11 29 25 35 20 18 41 
21 26 17 17 21 20 24 21 24 23 25 29 20 35 35 7 32 30 22 29 37 31 13 8 30 36 19 23 24 16 16 17 19 22 43 28 32 30 20 26 
25 37 20 13 23 32 24 17 19 26 31 32 16 33 18 17 33 24 28 20 39 29 35 13 25 31 14 23 11 17 34 17 21 20 38 23 33 31 20 33 
24 7 30 15 17 13 19 12 19 20 44 26 13 19 19 11 30 23 24 27 29 38 25 13 22 19 24 17 15 19 34 23 22 17 28 17 25 27 15 26 
26 21 16 18 14 15 27 23 23 15 22 34 9 15 27 20 30 13 34 27 31 34 53 18 27 20 12 23 13 24 25 24 33 23 37 21 26 26 16 32 
22 32 17 16 23 25 19 15 14 18 29 22 15 32 28 21 18 31 21 13 35 16 6 9 23 35 25 16 25 23 19 29 24 18 25 23 22 32 12 18 
16 10 17 13 15 16 23 12 9 22 32 26 18 27 33 16 31 22 18 28 21 37 34 20 17 26 17 16 19 23 9 29 17 18 25 26 14 21 20 21 
26 17 19 14 28 31 24 21 17 20 30 28 11 36 25 11 28 39 30 25 16 25 51 19 30 33 22 28 15 11 39 6 12 28 33 37 29 22 19 22 
28 26 22 12 19 24 21 17 37 27 22 33 10 29 31 21 44 22 23 25 32 10 29 16 25 36 18 16 28 11 19 20 27 15 11 37 34 15 11 20 
13 25 26 16 19 7 31 14 12 13 26 26 21 20 28 12 31 36 42 23 46 19 22 18 17 28 14 19 29 17 14 27 29 25 41 30 30 38 19 7 
29 37 18 14 13 25 27 21 33 15 36 16 13 34 35 12 34 15 20 29 59 20 21 15 29 24 16 17 16 15 44 12 25 12 31 21 17 31 21 39 
18 23 21 17 23 28 29 19 20 22 22 11 17 36 41 15 34 19 24 34 36 34 11 18 23 31 17 27 24 11 18 32 37 23 33 17 15 21 19 29 
10 28 26 17 26 17 26 18 23 12 35 32 23 30 37 10 32 42 23 30 35 42 6 15 18 29 25 32 15 17 17 19 29 22 15 23 24 21 15 24 
21 19 21 14 21 17 22 24 23 25 13 13 14 27 29 17 29 23 33 33 39 23 16 18 27 28 16 31 20 10 17 19 28 23 19 23 26 28 21 32 
31 21 17 20 25 22 25 19 23 22 21 36 16 38 25 13 45 28 22 15 21 20 35 19 17 33 20 26 18 18 28 27 26 20 27 12 28 32 19 27 
21 32 19 19 24 15 24 21 14 14 18 22 15 30 29 15 30 25 18 24 35 27 53 13 24 30 16 31 25 14 36 15 37 15 39 22 32 18 20 24 
28 29 20 17 20 22 18 22 21 17 30 22 19 22 39 18 26 21 16 23 36 36 35 14 18 29 13 19 19 26 20 24 19 16 28 21 28 23 22 27 
16 33 17 19 21 16 28 6 15 14 35 24 14 30 27 9 34 31 23 10 29 28 38 16 18 28 10 28 23 15 22 26 25 13 14 26 17 19 29 23 
25 25 21 10 25 18 29 18 18 17 15 29 10 21 34 13 31 29 35 28 30 17 24 21 21 29 16 13 19 19 23 17 22 15 30 21 14 8 25 40 
32 25 13 23 21 37 17 20 20 20 31 22 11 34 41 15 42 22 35 22 22 34 35 17 20 31 14 15 21 17 32 10 35 15 34 29 24 29 14 26 
21 19 14 17 19 21 15 25 26 10 39 34 11 36 26 13 24 29 30 27 25 18 14 35 25 17 12 24 15 13 22 23 40 15 27 16 32 20 14 30 
23 35 18 18 19 16 21 16 17 18 26 30 11 32 34 18 38 24 47 35 33 35 46 26 26 30 18 29 28 14 19 18 26 21 40 31 31 32 22 27 
35 20 12 12 22 24 31 17 18 22 24 19 18 23 33 9 30 26 17 40 32 27 19 12 10 37 15 24 16 23 43 31 14 17 24 28 30 22 22 34 
23 27 12 15 19 28 10 24 15 25 20 29 15 27 31 18 20 26 32 31 22 19 22 16 16 38 18 24 23 22 24 18 18 17 22 19 26 12 17 23 
20 31 21 20 25 19 20 19 20 17 42 23 14 44 39 15 40 26 35 11 31 28 38 20 19 25 18 21 13 13 26 15 31 20 17 21 34 21 23 20 
19 33 23 17 8 28 26 20 20 18 28 23 19 34 32 17 49 45 26 27 30 25 18 16 21 32 11 31 33 20 20 15 22 15 35 19 26 20 11 21 
17 31 19 14 24 27 32 15 14 25 21 34 16 30 26 18 23 30 17 23 17 33 40 22 19 24 17 20 23 18 25 25 18 23 37 15 20 24 16 32 
24 12 20 20 14 23 21 16 27 13 16 27 13 28 15 13 34 16 21 30 31 25 38 19 27 27 14 20 23 15 26 18 27 29 23 19 27 24 23 25 
21 29 13 16 25 30 21 8 31 21 29 27 18 13 35 8 35 25 16 29 31 27 20 17 22 19 12 24 19 20 33 27 31 16 16 26 28 30 16 15 
23 36 15 18 18 18 16 15 15 27 19 33 10 28 43 19 29 28 23 33 35 17 30 21 15 28 16 32 11 26 24 13 22 13 39 16 8 34 24 38 
31 19 17 19 21 26 17 18 12 21 32 24 12 27 23 13 16 19 37 44 32 26 24 13 26 24 17 17 22 20 27 21 11 19 30 27 19 39 10 36 
14 27 11 17 21 28 21 21 19 15 32 40 16 30 12 17 24 31 32 29 19 27 32 22 19 31 19 20 27 19 34 16 24 13 23 24 34 23 18 46 
24 19 19 22 20 31 26 22 20 18 18 31 21 25 33 13 17 31 13 22 36 23 25 19 18 24 22 29 20 23 44 22 30 19 30 29 24 22 18 23 
28 35 32 16 18 25 21 18 14 12 32 31 17 32 32 8 14 23 41 35 15 22 23 24 15 26 21 15 18 13 21 20 14 18 33 15 29 13 18 32 
26 21 18 19 17 20 22 21 33 15 31 41 17 21 15 19 42 35 25 24 35 52 38 14 17 17 27 28 28 14 19 22 33 14 36 24 21 28 22 31 
15 23 28 10 15 21 26 17 40 29 18 25 12 20 18 22 31 16 30 31 27 35 20 11 29 25 29 28 28 22 25 19 20 16 31 27 21 25 15 28 
22 33 13 20 29 28 21 21 19 11 29 22 21 31 32 18 27 20 22 34 26 15 42 14 26 30 22 23 27 9 43 14 19 18 28 22 40 28 14 25 
20 16 26 20 14 32 24 22 17 22 34 31 9 31 31 16 35 14 22 30 34 40 9 14 23 29 23 23 18 16 33 17 20 15 18 23 31 28 18 28 
19 29 25 19 13 15 18 15 17 25 26 16 16 8 42 21 25 20 27 24 53 21 23 14 24 29 25 13 26 15 24 24 19 11 26 21 25 33 23 31 
16 33 35 17 19 16 25 25 29 32 22 32 17 32 32 14 28 25 27 20 27 20 39 19 30 17 21 15 20 18 34 27 19 21 35 28 23 24 22 20 
29 17 17 20 15 18 28 17 21 18 23 33 16 33 37 20 43 39 40 29 25 26 49 15 30 24 16 11 23 22 21 20 38 11 35 27 20 22 18 24 
16 25 11 14 36 20 19 22 19 18 31 14 16 23 35 14 36 16 18 22 31 27 36 16 13 26 15 21 15 15 29 18 28 21 5 30 20 23 23 27 
21 24 22 18 18 25 26 21 25 22 38 14 15 27 42 21 30 23 39 19 34 30 35 19 26 21 11 28 10 23 20 28 30 23 24 21 33 23 16 20 
22 23 23 15 15 25 22 14 19 19 27 24 15 31 23 14 44 24 28 29 19 27 46 14 19 24 12 17 11 17 22 27 18 20 42 18 33 24 25 24 
14 35 14 13 18 16 27 23 25 30 23 31 22 15 35 14 33 23 25 17 33 19 10 22 23 19 25 18 19 13 43 26 15 25 27 28 17 8 19 38 
32 16 22 15 21 25 32 16 30 32 30 22 16 33 30 18 22 35 16 34 10 29 26 19 16 30 13 21 11 11 36 24 15 10 25 26 28 17 18 24 
19 36 21 13 29 20 27 25 17 7 22 28 8 30 35 16 35 15 33 39 27 24 31 17 21 24 29 28 21 23 49 27 12 10 18 38 23 21 19 28 
24 25 18 12 16 21 20 24 26 26 23 13 19 15 16 16 24 33 21 23 32 24 39 24 21 35 8 19 16 12 31 16 27 17 39 26 15 22 22 29 
36 21 10 12 19 14 33 19 17 17 17 23 17 26 18 19 14 26 26 25 17 16 18 18 13 17 8 11 18 19 37 20 15 20 20 21 29 20 23 36 
29 32 24 23 24 28 20 14 40 25 16 44 8 28 23 12 34 28 30 24 26 26 32 7 15 22 10 24 28 28 36 19 35 15 35 34 21 16 10 29 
22 17 19 18 22 19 25 25 16 17 31 18 15 33 29 17 18 19 24 8 23 24 27 15 24 27 23 21 12 10 21 34 20 10 21 19 32 33 13 29 
17 24 22 17 22 29 20 27 12 23 31 27 18 39 13 18 40 34 33 18 46 21 31 13 25 22 20 27 18 19 38 21 37 18 20 8 25 21 21 33 
20 19 18 17 24 20 19 23 28 18 37 39 13 33 21 14 31 24 17 33 44 27 35 30 19 28 14 27 8 13 24 19 22 18 16 25 30 24 20 34 
28 20 18 17 14 13 20 17 16 22 25 40 12 16 30 20 22 33 39 29 34 22 25 14 16 37 14 16 31 18 22 11 27 14 33 27 21 33 16 24 
17 24 15 15 15 17 20 19 26 20 21 37 19 31 36 12 29 14 46 24 41 44 22 16 19 24 15 30 14 25 52 24 28 17 26 20 33 15 15 25 
25 28 26 17 24 27 24 22 22 22 18 38 12 33 39 12 42 28 17 23 8 18 31 22 21 25 16 26 20 15 32 21 26 20 32 19 36 42 14 16 
16 31 14 17 14 21 13 20 15 18 19 25 21 37 30 15 9 20 34 29 19 20 33 18 23 13 29 23 23 15 47 28 28 21 31 21 26 25 22 34 
26 21 21 20 31 23 22 18 20 20 18 45 12 34 16 17 35 21 27 20 31 32 25 13 17 12 6 27 8 12 25 17 35 9 39 20 21 28 18 24 
14 13 12 19 19 17 19 25 20 21 15 23 11 18 41 16 40 30 19 25 34 18 19 27 23 26 10 18 16 15 19 18 22 26 45 27 24 30 23 33 
21 35 26 17 22 24 14 25 25 20 16 39 11 17 39 7 27 21 27 46 22 25 25 22 14 14 20 15 19 19 19 14 30 35 23 13 25 30 16 15 
9 30 14 18 22 21 19 15 23 20 15 31 12 36 28 16 31 35 35 15 33 26 22 12 22 27 15 11 22 21 29 11 30 15 36 18 24 31 17 11 
32 31 33 19 19 22 28 10 20 24 18 35 19 43 10 9 31 17 25 22 9 21 52 19 22 16 20 34 19 16 28 14 24 17 24 20 28 28 13 28 
21 23 12 20 18 29 25 16 21 11 23 26 14 35 26 17 45 30 22 24 28 24 33 14 29 27 5 27 24 14 21 17 21 17 16 18 30 24 33 22 
30 26 33 15 17 18 32 18 19 15 17 29 16 38 29 23 24 15 42 16 20 23 29 16 22 25 16 22 13 20 26 17 24 19 19 18 39 39 10 33 
23 29 15 16 14 24 30 13 22 17 35 36 7 22 32 9 33 28 29 40 21 47 48 12 21 14 15 12 22 18 35 16 24 26 34 23 16 21 19 34 
22 31 25 21 11 20 21 13 15 19 20 13 11 25 34 11 24 33 17 30 43 37 38 24 24 27 7 22 21 20 45 19 22 12 14 26 19 16 19 17 
19 22 22 17 13 20 17 23 20 6 38 19 11 48 7 18 35 27 22 19 26 25 30 10 20 24 21 25 15 22 29 21 38 33 32 25 31 20 25 38 
16 24 28 16 18 25 19 18 18 19 26 9 15 29 32 18 20 18 23 25 24 24 17 18 26 37 10 32 23 10 30 22 30 10 11 23 34 24 16 16 
19 16 14 18 21 29 24 19 16 19 31 24 16 34 43 26 28 31 37 26 22 35 46 10 23 20 14 21 22 26 30 22 14 18 39 24 25 17 13 25 
17 22 24 18 15 10 29 17 29 12 32 21 17 26 35 16 25 31 20 21 16 25 26 20 27 32 13 28 29 15 13 22 18 14 36 36 33 27 23 41 
30 27 24 22 15 25 9 25 28 28 20 28 16 29 34 15 31 23 24 9 27 16 15 7 31 29 15 19 21 16 26 15 23 19 38 25 30 24 14 21 
30 35 22 17 19 24 24 8 30 22 32 31 11 42 23 21 35 17 39 17 19 17 24 19 31 30 10 14 20 28 43 33 19 19 32 20 19 21 26 38 
27 24 25 21 5 26 32 18 27 20 27 30 14 25 32 11 23 14 33 26 36 18 50 19 26 22 18 28 12 23 43 26 23 18 22 29 22 1 17 22 
26 25 21 17 11 16 24 14 25 28 21 28 14 36 26 10 37 33 24 34 19 23 17 16 24 36 18 22 15 24 14 14 21 12 28 23 36 25 13 29 
27 27 16 17 18 15 25 16 17 18 24 27 18 31 33 8 36 21 17 29 42 34 22 19 23 23 23 25 17 22 31 13 10 15 37 22 37 31 21 38 
15 35 20 22 19 13 25 13 27 28 26 32 13 39 35 14 18 26 29 35 17 18 26 17 23 36 11 26 18 22 44 24 29 18 25 28 15 19 28 22 
25 30 15 25 19 31 29 17 17 22 39 31 16 26 33 19 15 27 30 36 38 36 18 12 22 27 21 24 19 21 34 13 17 15 40 18 24 15 14 23 
27 19 15 19 24 17 20 19 23 30 27 41 18 28 24 16 19 18 28 30 28 30 25 18 28 21 4 19 24 20 39 26 25 26 27 27 28 21 11 25 
32 24 20 16 12 7 22 16 19 16 38 29 15 29 33 15 33 24 25 22 25 28 12 16 21 38 14 19 21 23 43 28 29 24 22 32 29 30 23 30 
12 22 22 21 25 19 10 20 19 18 27 19 15 21 14 18 42 29 36 23 38 29 43 14 11 34 14 17 20 18 27 17 17 17 31 17 24 21 19 44 
24 11 29 13 29 30 16 7 26 8 19 36 18 37 41 14 31 17 32 15 42 23 41 23 18 21 13 15 26 19 49 26 34 10 46 15 27 28 21 27 
11 31 26 16 16 28 30 24 20 17 16 32 13 35 24 15 27 22 39 42 43 25 21 9 19 23 11 21 17 10 23 23 23 13 32 24 27 20 19 35 
26 25 10 14 18 26 17 31 28 30 32 18 20 29 20 20 40 29 19 33 25 23 39 19 22 16 20 34 6 13 35 19 11 19 31 38 26 26 19 38 
23 20 12 19 25 22 36 27 15 21 32 31 15 29 36 18 27 34 39 24 45 35 30 24 15 31 20 26 13 23 25 27 15 18 28 26 12 24 17 24 
25 32 23 15 24 29 27 14 21 15 34 16 14 20 21 13 37 24 27 22 33 36 21 16 20 26 14 29 20 8 29 14 26 16 33 18 16 30 21 26 
26 28 16 13 22 19 19 12 13 22 40 35 20 27 37 9 28 28 17 33 38 24 35 26 28 21 10 25 19 13 28 22 25 28 42 19 27 16 19 44 
16 31 24 14 31 25 26 6 22 14 29 28 12 30 36 10 41 20 19 37 24 29 28 16 19 31 17 32 31 15 29 20 34 11 34 15 26 16 12 26 
34 21 17 15 16 21 31 17 18 16 21 24 12 28 23 17 16 41 35 36 24 27 29 16 26 19 16 26 14 20 28 24 20 14 23 19 26 32 12 20 
23 30 24 18 12 17 26 24 15 23 31 41 4 33 28 17 35 29 45 24 43 10 15 22 23 25 24 28 23 17 24 18 20 16 29 26 39 25 12 23 
23 23 18 16 14 32 29 20 34 28 21 31 19 27 32 18 25 28 25 19 24 37 34 17 27 21 7 20 17 15 36 23 23 12 35 23 18 16 19 24 
24 27 18 19 19 24 28 19 17 26 24 24 18 33 37 22 29 16 23 32 19 37 30 27 23 30 16 17 19 5 19 21 8 17 29 27 19 43 18 41 
31 28 21 28 18 22 21 22 34 26 23 35 20 26 33 19 28 23 20 25 31 21 31 16 13 30 14 23 21 14 30 16 37 18 7 24 20 27 16 20 
21 24 18 10 30 29 32 15 25 17 21 27 12 40 27 10 9 28 37 34 29 33 24 18 13 26 21 14 13 17 19 21 33 24 35 29 28 32 21 24 
21 15 13 17 23 17 26 11 29 7 29 39 12 26 15 16 38 12 32 31 33 36 23 22 20 30 26 9 22 4 15 22 24 19 30 26 23 31 20 37 
25 37 15 15 18 30 34 8 32 21 7 28 12 31 17 10 39 33 33 28 31 40 25 25 20 33 15 25 21 22 27 6 16 27 28 25 20 27 19 12 
26 19 25 24 15 35 28 20 26 16 26 19 13 29 26 26 33 21 29 20 20 35 14 24 22 14 20 21 18 21 17 8 29 28 23 21 28 4 16 27 
36 12 27 17 24 26 23 10 23 33 28 36 8 29 16 15 21 27 29 26 40 17 45 16 20 9 12 22 13 13 26 16 38 14 28 28 18 24 24 36 
23 32 23 18 18 23 17 18 15 20 26 26 25 19 35 20 29 31 24 36 46 27 35 11 17 27 22 18 20 14 43 19 22 16 29 23 27 9 13 31 
24 20 19 14 15 26 19 15 24 21 19 22 13 28 31 20 30 34 35 31 21 31 19 22 25 17 17 20 24 18 41 32 13 15 24 22 21 14 17 14 
28 31 19 22 25 16 28 7 17 16 27 14 10 19 18 15 17 15 32 34 24 15 27 27 22 23 27 14 18 23 26 25 25 10 23 20 23 21 19 30 
23 25 13 18 19 18 22 4 28 24 30 35 8 20 26 15 26 22 22 25 29 42 30 14 20 25 23 17 16 22 32 17 16 15 43 22 36 23 20 40 
22 16 11 22 20 25 20 9 13 25 22 26 15 24 28 16 32 14 12 29 44 37 46 16 13 19 11 25 24 27 16 25 15 18 26 20 24 29 23 34 
17 28 18 17 19 27 24 14 19 25 31 18 14 32 26 17 21 21 33 16 29 6 28 17 27 26 5 30 21 27 43 25 17 22 39 30 22 22 16 35 
23 18 27 10 22 18 12 19 29 31 24 25 6 31 25 19 27 25 19 25 29 36 30 22 27 19 19 18 19 22 29 22 20 9 21 18 24 29 13 23 
24 29 20 20 15 23 25 21 25 28 38 38 14 33 20 27 35 15 26 22 37 25 29 15 20 32 19 24 15 18 28 29 26 26 32 14 12 18 8 26 
27 19 19 12 23 21 16 23 29 20 36 25 16 34 34 11 31 28 31 36 33 35 28 26 9 32 23 22 21 18 26 18 28 14 31 22 18 21 14 27 
17 33 29 21 21 20 20 16 25 23 14 39 17 39 31 18 34 28 23 32 31 33 40 24 33 30 14 18 26 16 20 23 13 32 29 21 24 27 25 24 
28 24 8 20 20 7 17 18 22 15 7 22 5 32 27 13 14 26 25 35 23 31 27 19 27 19 14 20 22 21 32 24 26 18 20 35 21 34 8 28 
32 33 18 21 14 18 26 13 28 25 17 22 19 20 36 19 35 24 29 30 33 31 23 16 34 31 16 20 12 15 30 33 19 26 24 16 27 24 20 18 
18 25 12 10 27 35 18 22 18 15 30 25 15 34 39 13 33 27 25 30 49 47 49 32 24 28 14 20 15 25 19 29 34 20 30 25 21 19 18 17 
20 31 21 10 7 31 28 16 30 24 21 34 18 46 25 18 35 16 32 23 29 27 32 13 23 40 18 18 15 16 22 16 25 25 34 26 32 28 23 30 
21 34 31 14 16 14 26 13 30 17 41 19 14 32 44 19 28 20 33 18 28 14 46 19 17 25 7 27 26 19 51 16 23 17 14 24 20 25 26 27 
19 29 25 9 21 19 15 23 20 28 35 23 14 26 22 20 14 31 34 19 35 39 27 22 27 25 18 14 22 10 39 21 15 13 26 26 32 30 22 22 
30 26 13 16 18 17 26 17 24 14 15 34 13 38 33 14 26 21 19 27 27 25 48 21 21 20 25 30 14 22 18 23 25 18 36 27 26 17 17 34 
11 32 11 17 26 25 21 18 29 21 32 34 8 27 27 16 33 35 15 31 31 36 19 25 16 20 14 27 24 18 13 24 21 18 35 30 28 24 8 40 
15 27 21 11 26 26 23 15 34 24 35 18 15 17 36 11 20 37 37 29 20 11 47 19 21 11 9 24 21 22 24 23 30 14 28 22 25 24 15 38 
32 27 25 21 34 25 16 15 20 20 33 23 2 31 31 17 7 26 24 26 12 36 27 19 22 8 21 25 18 19 34 20 20 28 28 23 28 30 18 33 
23 17 28 30 16 30 21 14 17 18 14 31 13 39 37 16 29 27 26 37 20 19 27 18 22 43 18 11 25 35 22 26 29 18 26 22 29 17 17 46 
16 19 24 15 25 22 29 24 24 19 29 15 15 33 28 16 40 20 27 30 27 29 20 19 28 32 12 26 22 15 30 25 14 20 20 19 25 22 11 23 
24 16 12 21 13 21 16 27 22 19 34 31 17 26 31 15 28 24 30 15 18 22 25 20 23 35 18 24 23 24 10 20 33 19 23 24 28 24 18 39 
19 18 21 22 23 17 22 25 16 20 24 24 13 21 21 18 18 40 16 18 37 37 49 15 21 34 24 26 17 29 39 13 32 21 31 17 21 22 18 29 
22 22 13 11 26 15 27 16 17 27 24 34 12 28 24 15 25 27 38 14 32 37 35 21 22 27 19 23 20 18 34 24 11 23 19 24 36 25 14 17 
25 22 25 12 17 29 17 21 15 9 32 27 13 43 27 23 40 28 31 32 37 29 45 20 26 13 16 23 18 15 24 14 28 12 32 28 16 17 18 21 
25 27 20 19 16 25 18 15 10 28 20 32 14 33 20 14 28 37 29 16 33 13 20 21 25 31 9 22 15 17 44 18 18 13 33 27 25 12 17 29 
28 23 11 26 9 21 27 21 23 13 20 22 17 20 34 13 30 27 26 19 32 20 31 30 25 11 18 29 16 16 27 26 33 13 17 16 13 18 27 22 
17 19 23 13 18 18 21 15 22 28 24 25 13 10 24 18 43 18 21 35 11 32 27 17 27 31 20 16 16 21 36 18 18 12 32 23 17 20 10 26 
31 31 25 17 21 18 30 20 24 34 33 24 18 23 28 12 30 26 25 38 25 23 22 14 30 30 21 32 15 23 37 14 32 23 29 21 24 31 19 25 
27 27 21 13 13 16 18 12 24 10 37 38 12 30 29 14 44 25 36 33 20 37 22 20 23 39 18 27 16 16 18 25 20 27 37 31 15 30 18 30 
12 25 26 12 15 19 26 19 34 31 23 22 26 47 26 21 33 24 26 37 22 24 43 6 29 29 10 27 21 13 27 15 22 19 28 21 33 22 19 28 
30 16 22 24 20 23 20 17 30 18 31 29 18 24 28 22 46 25 18 21 26 31 29 25 23 19 19 21 36 19 33 16 28 20 34 31 27 24 17 30 
28 38 21 13 21 32 34 20 20 13 34 27 8 37 29 12 35 21 24 35 23 12 34 15 21 18 11 17 18 20 29 22 27 25 20 23 32 22 15 20 
18 32 19 19 21 13 20 22 24 26 33 20 12 34 35 13 31 29 25 28 15 24 31 16 26 31 12 21 20 15 44 18 19 10 44 27 35 36 18 31 
25 17 23 16 30 19 28 21 19 20 15 35 17 26 24 20 22 17 34 26 28 21 51 22 20 27 13 25 21 17 32 16 26 28 24 21 36 11 16 26 
29 23 18 12 17 19 17 16 15 25 19 29 12 13 13 18 26 22 40 21 25 25 33 23 20 24 14 24 14 18 35 22 16 16 31 22 24 21 22 21 
34 19 27 20 14 25 30 17 29 20 27 27 23 37 34 14 41 26 39 33 22 25 32 19 25 19 27 28 19 18 36 21 29 13 23 23 34 20 23 26 
29 28 20 26 14 15 12 19 29 30 34 24 12 26 37 13 19 20 10 30 20 31 46 12 30 22 18 33 20 21 23 20 23 9 22 20 17 25 15 41 
25 25 21 11 11 16 29 21 27 23 23 22 15 27 29 20 21 31 26 34 31 22 37 23 28 26 17 16 21 16 47 26 21 23 28 29 39 34 19 36 
30 16 17 17 19 14 27 13 27 21 23 27 16 45 30 18 24 30 33 22 26 21 36 24 22 31 27 28 22 11 30 18 27 25 27 16 28 30 19 17 
25 33 21 14 22 19 32 24 12 27 25 28 15 22 21 12 20 27 29 33 35 22 33 5 16 28 9 10 31 27 47 28 29 12 27 23 25 12 17 33 
27 29 24 15 21 12 24 22 24 15 18 29 21 20 35 12 31 17 25 37 29 31 25 7 21 14 19 26 12 22 30 13 29 9 30 13 31 25 25 33 
23 16 21 13 25 17 29 19 22 20 29 23 20 30 37 17 36 22 18 30 29 25 51 17 19 26 14 17 15 22 31 28 23 21 20 16 31 35 18 26 
24 30 21 12 20 20 20 15 26 19 22 27 13 37 35 20 22 20 29 28 29 20 38 23 10 18 12 22 28 24 27 18 29 22 14 27 30 27 14 23 
18 30 30 15 16 17 14 17 21 15 29 32 12 21 32 16 29 29 19 27 30 20 29 16 20 39 10 17 22 22 38 22 21 24 28 17 30 25 16 20 
9 21 10 18 18 26 20 15 23 7 25 17 20 37 23 13 18 27 42 27 45 24 46 27 28 28 16 21 21 24 30 16 4 17 27 25 11 25 26 41 
16 10 17 18 19 30 20 21 19 27 22 29 19 35 42 11 30 15 20 32 24 17 36 19 8 29 13 14 17 24 36 13 19 13 22 27 22 20 8 20 
19 19 23 13 15 20 16 29 16 14 28 33 16 38 42 17 32 29 34 15 19 20 29 19 24 25 12 22 12 14 19 18 23 24 23 24 27 21 24 25 
14 18 30 13 19 30 12 18 17 25 32 22 16 18 43 17 31 15 9 31 26 25 23 13 22 22 11 25 19 23 52 24 13 15 24 22 12 35 24 33 
19 28 19 19 16 31 39 17 30 19 20 16 19 26 16 22 36 24 33 20 14 26 42 22 15 32 19 30 16 1 20 25 23 22 39 31 20 8 16 15 
29 22 13 12 17 43 22 6 16 21 16 36 17 10 31 14 36 27 18 17 34 19 31 19 17 23 17 14 19 32 23 18 25 20 17 18 17 25 24 33 
23 22 23 14 18 26 20 26 26 17 29 31 15 22 28 19 43 20 23 22 35 33 28 29 15 39 18 16 19 12 42 29 19 6 29 23 15 24 26 18 
27 23 8 18 20 19 18 11 34 17 29 33 18 31 36 16 11 21 33 27 27 17 38 22 20 21 23 19 20 24 19 13 25 12 15 20 20 23 16 26 
11 30 27 11 24 23 26 27 17 27 32 33 18 8 23 18 30 26 35 25 36 32 25 13 22 14 22 18 18 4 20 25 12 19 30 19 27 21 18 30 
23 22 19 21 20 21 36 23 9 22 28 34 13 24 36 17 19 27 21 33 24 9 24 12 13 25 15 18 17 14 35 20 25 21 51 27 19 26 21 28 
18 10 13 15 24 21 17 18 19 18 19 27 10 19 41 20 32 29 40 26 27 29 37 22 21 20 23 21 21 22 14 23 26 22 23 26 19 13 14 35 
19 17 18 13 30 22 22 26 13 17 25 31 15 36 22 13 25 23 22 22 28 14 41 26 17 13 17 23 12 7 29 22 22 21 18 26 14 29 21 8 
36 23 19 17 21 24 15 26 22 24 26 30 19 26 35 19 16 27 16 35 36 15 27 21 33 27 24 18 16 13 22 25 30 20 20 24 17 16 18 33 
31 28 20 11 17 19 32 17 8 16 21 10 8 24 21 14 25 30 14 17 24 28 19 12 15 21 15 19 22 3 27 23 28 25 15 32 17 24 16 15 
30 37 21 16 23 17 28 22 25 15 19 39 10 22 28 17 19 31 36 27 35 23 38 14 20 38 22 7 26 13 19 22 40 19 42 31 19 20 14 20 
21 21 8 13 26 25 14 11 24 19 24 18 18 38 28 16 20 28 36 15 29 20 32 15 25 32 10 25 7 16 35 9 16 22 21 30 26 25 12 32 
14 29 13 9 20 23 23 23 26 23 23 36 19 10 16 15 26 24 26 36 39 34 31 23 30 26 17 18 20 8 23 26 24 17 31 22 32 28 20 21 
31 31 23 20 14 28 11 17 21 24 33 39 16 31 23 18 38 25 33 17 31 14 29 10 22 23 19 19 22 22 38 23 25 20 26 31 20 14 19 32 
20 23 13 22 15 17 22 13 25 21 26 29 13 34 32 17 24 26 27 17 30 21 28 19 17 20 17 16 17 11 41 22 31 16 25 37 31 26 19 27 
28 21 22 15 6 17 19 16 32 32 17 36 16 27 22 14 9 33 28 34 32 13 48 14 20 22 14 19 26 10 34 19 22 17 30 20 44 22 14 27 
26 32 18 18 22 21 21 24 23 20 34 30 11 25 23 21 34 31 31 27 29 34 50 5 18 24 15 28 22 12 19 11 27 21 25 13 18 12 19 39 
32 19 17 12 17 25 36 12 17 28 27 16 11 32 16 16 29 18 36 20 38 38 22 18 16 25 13 27 22 14 30 27 31 16 28 26 18 25 21 20 
18 26 11 18 22 32 12 21 19 23 35 36 12 25 26 12 29 26 37 25 26 26 43 19 16 32 21 21 16 21 27 13 25 25 10 25 14 27 22 36 
17 32 22 13 19 23 18 18 13 29 22 18 16 34 26 13 15 10 22 22 26 23 32 16 24 36 17 17 25 11 23 27 32 19 28 31 27 20 24 24 
25 29 26 22 23 26 27 23 27 24 20 26 9 33 24 12 35 23 38 28 15 23 47 16 19 22 19 21 11 23 26 22 26 19 34 19 17 27 25 32 
13 21 20 13 20 16 36 10 30 20 31 17 18 13 29 19 24 25 38 39 30 30 18 12 24 26 19 25 29 11 34 25 26 16 32 19 26 16 16 21 
22 33 17 13 26 15 10 21 24 26 13 38 17 12 9 9 22 21 26 29 32 38 40 23 28 24 18 24 22 23 23 22 26 19 32 26 25 21 12 41 
22 28 21 23 25 11 21 20 22 13 34 48 10 34 39 13 30 19 34 27 29 36 29 26 22 35 13 13 21 12 27 26 32 13 30 21 33 20 21 27 
19 26 21 17 19 20 27 27 14 14 30 25 15 21 29 21 26 22 37 22 38 28 29 14 19 26 16 15 25 18 37 25 22 20 20 33 22 35 22 10 
20 20 14 18 13 22 28 19 17 24 22 32 15 25 18 8 21 22 28 33 20 14 44 19 19 29 25 20 21 16 18 18 36 16 44 23 30 41 10 35 
28 30 36 19 32 18 19 8 16 20 20 15 15 26 11 15 30 28 32 23 30 31 37 12 25 25 22 16 15 17 32 26 17 11 25 17 25 15 20 20 
35 36 24 24 14 35 34 18 31 25 27 29 13 35 35 21 31 27 43 27 23 44 26 17 19 32 20 17 10 13 27 8 27 20 18 24 30 26 21 32 
18 24 19 17 26 17 24 21 24 13 27 40 16 31 30 19 6 17 32 18 45 30 20 23 31 29 18 13 17 15 26 24 35 23 23 22 19 36 17 38 
34 15 27 16 19 25 30 8 29 30 27 39 15 26 22 10 30 26 25 37 34 28 29 25 23 17 22 21 20 21 22 23 18 24 14 35 21 22 18 26 
36 18 31 14 21 10 22 21 22 24 23 30 13 31 17 15 35 18 28 37 46 13 25 22 26 17 22 28 16 10 36 27 26 17 24 33 39 23 12 41 
29 23 10 17 16 30 22 8 25 31 16 40 22 31 23 14 25 17 16 33 39 27 29 11 20 30 18 15 28 11 35 26 15 16 34 31 27 22 14 35 
21 29 15 13 18 17 21 22 12 12 39 21 15 21 17 14 44 31 20 23 27 36 46 9 13 23 9 31 22 12 41 12 18 17 22 20 31 18 17 19 
29 40 28 12 24 18 29 14 22 31 17 23 13 23 21 12 22 26 37 17 32 22 35 17 9 39 15 23 19 7 49 21 22 6 32 33 17 31 25 31 
30 31 19 22 22 17 17 20 19 18 18 11 16 32 32 18 23 33 30 17 22 26 39 17 9 19 13 29 17 16 32 17 25 17 37 24 24 18 16 25 
28 9 8 19 18 21 19 18 9 19 22 23 21 35 44 16 17 3 17 23 44 29 38 19 21 21 16 13 21 15 35 17 13 17 30 17 17 29 16 21 
26 30 7 19 27 19 22 20 32 17 32 23 16 18 15 18 19 28 33 23 47 27 21 12 36 29 19 22 22 21 33 21 21 15 19 23 15 22 13 19 
25 32 11 16 19 23 18 15 27 11 34 17 14 34 20 10 24 30 32 28 24 25 18 19 21 38 17 20 12 31 23 23 27 13 19 22 31 19 19 42 
17 12 14 16 26 29 26 12 19 20 37 36 16 25 18 18 19 30 27 25 33 21 32 14 18 24 13 22 14 15 19 17 29 26 33 13 20 20 15 34 
27 34 23 21 21 23 27 26 21 35 35 34 13 35 34 20 19 29 20 20 35 15 39 22 31 28 10 18 9 27 37 24 24 21 24 28 26 28 18 34 
19 27 15 11 17 16 27 20 22 5 18 27 21 29 17 18 10 31 29 20 26 24 26 23 21 30 23 11 23 15 32 26 22 14 30 25 24 29 20 29 
26 30 19 22 25 15 21 26 24 17 25 33 20 23 11 16 28 24 20 8 43 32 34 9 24 31 12 12 15 23 46 27 23 19 32 12 21 39 23 30 
28 30 21 14 15 28 24 14 11 16 18 27 12 25 36 24 25 43 46 29 22 36 43 24 14 18 26 25 17 22 20 24 29 4 33 27 21 26 21 33 
22 32 21 18 24 17 22 25 25 36 28 33 14 29 27 6 27 39 17 34 31 18 19 17 23 26 26 35 24 19 17 10 25 15 22 36 29 13 7 35 
24 31 28 15 18 21 29 24 21 28 37 30 17 16 30 16 23 12 23 20 24 16 31 17 17 26 26 31 17 24 39 18 23 20 16 22 17 24 20 28 
14 14 24 18 8 20 19 20 27 15 23 28 20 44 18 14 16 30 27 18 28 24 19 17 18 20 28 22 21 5 41 14 29 16 12 21 26 18 18 27 
21 25 25 13 16 25 35 21 26 24 34 28 8 31 19 18 18 23 26 22 33 24 44 18 14 37 15 22 19 13 41 14 24 21 45 17 25 23 15 30 
19 31 19 16 21 17 26 19 17 20 26 32 16 22 38 15 1 24 29 26 28 31 49 21 30 29 19 31 21 24 26 19 31 25 34 22 21 28 17 21 
16 26 14 15 23 28 20 22 28 5 33 33 17 32 27 14 29 26 8 30 47 29 24 7 28 25 18 25 26 23 26 19 26 20 24 25 34 23 16 39 
35 25 13 16 29 21 28 25 16 20 25 31 12 36 23 13 40 32 13 32 23 19 35 18 22 23 20 16 19 23 41 20 35 13 21 18 20 27 19 24 
28 11 19 15 19 18 25 23 15 22 34 20 15 36 40 17 20 31 13 24 37 39 30 22 11 30 21 29 16 17 34 23 28 14 26 21 22 12 22 21 
17 24 22 22 21 28 18 12 29 11 32 31 14 29 35 11 31 15 26 28 30 23 10 7 23 22 7 30 16 21 50 18 25 17 19 13 29 32 29 28 
20 24 15 13 15 14 25 22 29 20 40 36 16 42 38 16 34 24 17 15 39 19 27 19 29 38 20 23 18 17 29 22 17 20 36 34 26 19 19 33 
28 33 19 16 26 10 20 18 27 19 26 35 12 22 40 11 13 32 20 25 25 18 39 19 22 30 23 26 29 18 23 26 25 19 29 20 15 26 16 29 
31 28 20 12 19 17 15 10 21 27 18 27 14 48 34 15 30 24 33 26 35 26 39 7 23 23 11 16 14 26 34 23 36 25 33 18 36 29 17 15 
23 21 19 16 23 11 21 18 32 26 19 39 16 28 28 13 40 25 35 33 33 29 26 18 30 34 17 29 16 27 27 30 31 8 31 17 18 20 9 36 
21 18 12 12 13 28 25 20 15 21 28 30 6 43 26 13 33 32 13 18 37 52 20 13 14 14 15 28 15 30 40 20 30 17 17 21 34 31 20 20 
27 36 24 17 19 16 5 18 25 8 22 26 15 33 33 13 32 30 17 28 31 25 37 19 30 30 13 17 13 26 48 21 15 25 25 22 37 20 17 28 
31 33 17 19 12 23 28 22 21 20 14 22 12 31 20 22 17 21 20 24 23 46 25 20 17 26 25 22 22 8 37 29 26 12 22 18 21 24 14 38 
13 17 21 19 17 17 24 9 21 13 22 25 11 22 21 16 28 33 9 26 23 33 22 16 17 20 5 23 22 11 33 15 41 11 42 18 31 23 19 32 
14 30 19 15 14 24 17 13 20 6 17 12 15 36 20 13 34 21 21 21 38 33 27 21 24 27 19 19 20 13 21 14 33 16 34 32 23 30 17 40 
23 31 12 15 24 18 12 21 27 28 25 40 19 44 32 16 32 28 14 23 37 33 25 20 30 25 20 22 17 19 18 13 22 26 25 16 13 17 26 23 
20 27 16 20 23 22 23 20 28 12 34 26 9 33 28 16 31 20 31 35 24 23 31 14 29 24 27 19 13 27 24 16 30 24 30 9 19 24 20 26 
24 24 19 18 28 28 23 15 22 23 29 13 17 26 36 6 29 22 29 30 29 17 22 9 18 30 16 25 14 13 31 19 21 14 25 21 27 21 19 15 
24 11 33 6 27 25 18 19 33 16 34 35 19 29 34 16 31 24 21 23 26 20 51 15 29 14 21 29 23 15 24 27 25 13 29 30 25 15 15 32 
26 30 30 22 14 24 20 14 26 26 12 25 12 35 21 13 11 6 31 21 32 22 21 10 20 20 13 24 22 15 24 12 17 12 31 15 19 25 22 21 
30 24 17 11 34 23 27 16 21 14 27 39 12 37 33 12 30 18 24 23 33 35 25 18 18 45 12 23 21 24 26 23 20 18 23 13 22 24 12 33 
26 35 20 21 20 27 34 16 13 22 24 28 18 34 37 9 19 27 38 36 34 30 31 10 27 45 4 34 21 12 38 21 30 9 31 12 38 29 15 33 
16 17 24 19 21 26 22 27 20 33 32 38 17 34 26 14 6 15 38 26 24 21 41 17 28 33 12 16 16 12 29 22 16 12 36 24 37 23 22 24 
16 27 4 18 26 24 24 18 16 14 18 21 12 27 20 14 27 26 33 36 38 42 37 19 32 23 13 42 23 19 31 28 24 21 23 28 21 26 19 37 
19 36 18 18 5 25 32 11 17 14 31 16 20 32 35 18 36 17 27 21 32 33 27 19 25 35 11 27 23 29 28 9 26 19 28 30 20 32 20 33 
33 25 6 10 26 25 27 18 19 22 30 43 13 30 49 16 37 29 22 21 41 16 31 18 31 22 10 20 14 15 27 16 25 24 23 23 29 24 17 9 
31 11 12 11 25 22 20 27 27 33 29 26 18 23 35 13 26 19 21 15 28 11 35 14 22 37 10 11 16 17 41 18 23 30 17 22 31 29 23 35 
26 13 13 17 15 14 22 17 22 21 40 26 10 33 36 14 34 28 21 28 22 30 32 10 26 21 18 21 16 25 25 25 27 21 29 15 27 31 24 21 
22 28 21 13 29 24 27 18 23 18 29 18 20 29 22 23 25 18 37 21 45 26 27 15 19 33 24 8 26 11 35 22 21 17 8 18 23 23 12 31 
29 33 21 12 21 18 16 20 15 10 39 38 8 30 32 19 16 23 26 22 34 14 13 10 24 33 22 18 12 14 28 20 28 24 32 23 35 29 14 26 
25 28 28 15 13 33 27 24 28 17 35 27 16 34 25 19 34 16 23 24 35 24 44 16 18 38 16 24 20 21 21 17 25 20 31 20 25 28 18 32 
17 21 19 20 38 26 14 19 27 23 30 36 8 30 13 15 34 28 31 23 44 21 31 17 33 28 7 13 10 14 10 14 23 14 44 27 18 26 18 21 
26 24 18 18 20 23 22 18 19 15 22 45 20 49 33 19 23 22 35 23 18 25 8 20 22 18 17 28 27 17 33 11 16 21 24 23 29 23 18 20 
12 20 31 18 9 23 20 15 21 18 25 12 17 34 30 20 43 27 21 24 52 6 35 28 31 27 17 20 18 22 36 16 22 24 25 25 11 22 10 20 
22 34 25 14 21 20 22 27 30 15 29 26 19 30 36 14 26 29 27 20 24 39 32 12 19 24 10 16 23 12 35 20 37 12 14 21 21 27 25 25 
27 25 26 18 18 23 14 19 25 19 33 26 14 19 21 17 35 12 32 28 29 22 31 11 19 27 2 23 20 13 39 17 28 15 15 18 35 27 28 34 
33 23 16 14 25 24 25 21 11 23 24 30 10 19 31 17 23 8 20 28 50 46 26 16 14 20 25 26 23 22 36 17 21 13 19 22 19 16 11 31 
29 18 26 14 20 36 23 19 21 19 24 26 12 27 26 11 25 36 26 25 42 33 42 19 18 36 17 22 13 20 36 31 20 20 22 27 22 20 10 10 
21 33 23 20 16 20 31 26 20 13 23 20 9 25 23 21 27 26 33 31 23 30 37 24 26 15 16 33 18 23 24 21 26 3 30 23 35 25 19 31 
22 26 20 19 17 17 30 30 26 21 14 26 17 28 16 12 31 22 32 20 47 16 28 11 19 20 16 23 23 20 40 17 22 15 12 24 28 11 26 16 
28 37 15 13 21 26 26 28 19 26 26 31 17 20 34 13 44 31 19 31 3 22 28 18 15 20 17 17 18 19 36 18 26 10 33 28 27 29 20 42 
28 11 20 24 25 21 29 14 17 15 30 24 7 34 17 16 15 27 30 8 40 20 19 22 19 44 9 32 22 18 20 16 11 12 6 23 27 18 16 31 
24 26 16 22 13 21 35 20 19 19 27 25 18 39 20 21 32 27 26 31 38 34 38 18 29 19 19 25 15 20 21 24 33 9 25 30 22 33 15 41 
25 26 24 15 11 16 34 14 19 21 21 26 16 14 28 9 45 11 31 18 32 11 38 14 23 32 15 26 19 22 42 15 17 14 31 24 31 12 26 19 
17 23 17 27 25 26 27 21 33 15 27 23 10 33 12 14 17 26 21 22 23 34 33 17 34 21 16 27 25 20 24 26 15 17 14 19 33 31 29 27 
29 21 20 19 17 40 16 14 23 15 25 31 17 29 34 20 33 28 9 32 31 26 10 19 14 17 25 27 23 19 40 13 26 20 26 23 15 28 22 33 
24 30 11 15 23 19 21 15 14 23 28 20 12 25 29 15 29 26 31 28 40 47 27 11 31 35 22 20 27 18 23 26 31 20 49 18 17 26 16 30 
26 26 21 10 27 27 25 21 19 18 13 18 25 43 38 15 26 21 25 29 47 33 19 14 23 33 15 18 19 16 24 25 22 17 45 23 23 28 20 17 
14 24 12 24 24 28 20 17 17 13 30 18 9 41 22 19 35 37 27 41 32 32 27 20 17 18 16 18 12 22 15 18 34 24 43 21 22 24 27 27 
24 23 13 16 17 25 26 19 34 27 28 27 18 33 27 21 22 24 39 34 16 36 42 8 17 36 9 22 22 22 34 31 17 12 35 33 31 19 12 23 
36 27 24 21 28 17 20 18 27 15 29 19 17 19 15 8 18 13 17 31 34 42 23 20 27 40 21 27 25 25 27 23 30 24 33 12 22 33 15 29 
14 30 22 17 29 23 35 18 21 29 23 27 17 29 26 14 24 26 32 39 38 34 9 8 24 28 24 24 11 22 18 20 33 13 23 27 30 21 17 24 
29 7 19 12 29 32 25 34 6 15 32 28 13 32 42 15 26 29 27 24 14 29 35 13 32 36 22 23 14 19 33 17 34 19 22 27 27 28 10 25 
18 31 9 21 29 23 19 15 18 25 32 40 14 31 31 6 28 29 37 26 40 23 30 25 16 31 15 30 11 20 30 23 35 18 32 21 12 20 10 16 
15 20 25 18 26 14 29 17 11 22 26 27 15 28 27 16 9 23 14 17 29 15 26 19 27 20 17 30 13 26 38 8 9 29 30 26 20 35 11 43 
22 3 28 17 8 26 21 19 22 25 22 30 22 32 32 9 27 27 23 22 29 21 13 26 18 16 17 20 24 23 26 19 31 14 32 27 20 23 16 32 
23 15 21 24 27 33 24 17 26 34 21 32 8 30 29 11 37 33 38 34 40 18 19 19 27 32 15 27 19 19 35 33 25 20 30 21 27 22 16 27 
33 20 16 15 22 21 21 12 13 10 25 32 15 31 12 16 34 27 22 18 36 27 27 20 28 27 15 21 22 22 13 23 19 14 26 18 27 21 10 44 
24 36 22 12 27 26 22 19 22 15 24 20 14 35 29 16 44 29 25 31 32 24 31 14 14 33 10 27 16 20 18 11 30 14 28 18 19 19 13 36 
8 32 23 8 13 25 18 14 17 14 39 16 15 42 6 7 29 31 27 37 15 28 23 17 21 19 18 29 17 17 27 23 33 18 14 17 34 19 19 32 
27 30 13 14 23 22 16 8 18 21 25 26 11 45 36 10 25 24 30 21 33 26 20 19 11 22 18 7 13 11 34 25 29 23 35 21 28 6 18 43 
24 38 20 10 22 18 25 10 16 28 19 37 8 32 16 18 23 37 30 21 34 21 15 24 19 12 11 23 22 19 26 21 30 12 33 18 30 19 22 47 
25 35 15 22 21 28 32 17 15 23 24 22 14 37 31 14 16 47 20 20 28 29 42 20 21 39 15 24 20 16 25 29 20 18 28 24 27 31 16 31 
31 20 21 17 8 18 23 8 15 18 26 26 15 41 32 14 26 34 32 24 33 46 29 11 23 24 10 12 11 17 25 9 22 22 27 15 17 11 23 35 
13 15 24 12 25 22 24 16 21 27 26 26 8 30 37 8 17 21 5 21 34 31 22 15 22 35 15 23 13 19 21 22 24 17 30 22 8 26 14 9 
9 19 25 19 19 25 30 17 19 19 30 21 18 22 37 12 25 33 16 19 25 22 37 16 22 26 20 18 8 22 37 26 13 13 23 34 27 28 19 21 
23 30 13 17 19 23 28 18 19 18 27 22 20 33 41 15 37 31 25 35 52 34 30 15 21 27 18 32 15 18 31 8 18 34 22 25 16 29 8 30 
21 22 7 20 26 17 27 13 30 22 21 39 17 25 23 20 25 25 45 18 35 51 14 17 21 23 24 26 12 18 30 13 26 19 26 29 20 38 21 31 
29 14 18 10 6 31 34 11 19 22 27 32 13 20 31 19 31 32 20 36 23 24 27 14 27 28 22 26 27 14 45 21 23 19 17 28 24 30 23 22 
16 23 16 15 38 23 29 18 31 18 24 28 18 30 33 19 39 28 25 24 27 37 22 15 21 28 15 25 31 18 35 19 36 12 31 21 22 5 23 31 
21 26 27 16 22 21 21 20 33 25 36 25 5 29 32 14 38 34 24 19 16 37 26 14 19 31 23 10 18 26 37 18 20 22 28 30 26 31 14 33 
21 24 18 13 14 27 19 11 30 11 37 8 17 41 40 17 27 16 28 25 19 13 31 16 16 32 25 22 19 18 15 9 30 25 33 21 19 29 21 40 
18 24 29 16 21 33 11 23 12 29 23 16 15 30 23 20 32 26 24 18 23 25 37 20 20 20 22 15 15 16 22 12 36 22 10 19 21 22 25 27 
28 19 23 20 28 22 22 19 25 24 39 13 14 18 36 13 47 36 43 29 31 17 26 9 30 21 22 27 17 13 35 24 23 23 22 20 19 27 21 31 
19 27 13 15 11 27 25 22 24 23 17 28 11 32 49 14 17 12 34 26 30 31 25 21 32 24 21 25 19 17 28 16 28 14 17 20 20 33 17 35 
23 15 22 19 19 20 24 13 19 5 29 29 17 37 19 11 23 24 29 21 22 33 34 19 6 18 11 24 17 23 19 24 24 10 18 25 21 25 20 22 
9 28 23 16 25 25 26 17 22 22 15 24 6 34 17 11 16 18 28 19 26 17 44 20 26 6 7 20 23 20 35 21 14 10 18 23 28 21 21 27 
23 22 25 19 30 23 8 13 19 16 24 18 17 45 16 17 28 29 37 39 32 28 33 12 25 18 15 28 24 22 30 7 19 24 42 23 16 26 23 33 
15 19 18 16 19 23 22 21 29 17 25 26 13 40 35 15 29 39 26 31 34 36 22 11 24 26 9 22 13 22 25 31 25 18 29 29 29 14 21 25 
30 32 25 14 22 23 31 19 21 18 24 29 13 30 15 15 34 27 31 33 29 23 26 24 18 20 16 24 25 10 32 18 33 20 37 11 21 32 23 27 
22 17 21 15 17 16 26 18 21 15 13 24 17 36 36 15 28 40 25 27 42 17 12 17 22 25 16 26 24 14 28 23 20 19 33 26 33 20 12 27 
20 23 12 16 18 30 16 17 20 25 11 23 14 25 40 18 31 30 23 20 45 30 17 28 27 19 19 30 17 25 32 14 18 17 26 34 27 10 20 31 
21 19 17 14 10 16 18 24 30 20 23 37 14 43 28 12 27 36 22 26 22 21 31 15 33 32 13 26 16 6 20 21 20 17 24 20 23 14 8 30 
26 18 9 17 16 14 23 19 24 27 24 26 18 22 17 16 16 14 26 37 52 40 37 9 33 26 16 20 22 12 19 11 20 28 32 28 37 10 20 29 
24 28 24 9 10 19 27 24 27 17 23 32 8 19 27 18 30 31 29 28 43 22 58 20 37 20 20 29 18 15 21 19 20 26 25 27 24 35 8 25 
26 24 20 17 19 31 33 19 24 23 30 21 18 40 36 8 34 25 26 41 16 35 41 25 20 31 25 31 21 14 54 14 33 20 22 24 12 39 26 29 
27 22 16 11 7 21 15 23 19 19 19 23 15 30 34 11 39 23 19 40 26 32 18 18 28 22 10 24 26 15 32 22 20 22 14 10 26 30 17 34 
18 21 12 9 30 25 20 20 17 25 30 38 16 36 28 18 30 16 9 27 44 39 28 19 6 18 19 21 18 16 28 18 32 18 39 16 35 18 18 35 
21 18 12 17 8 24 13 14 25 15 14 29 14 17 16 18 31 25 32 25 23 33 32 22 15 26 14 12 9 7 24 8 31 16 32 23 24 23 28 35 
28 22 13 12 19 21 24 16 27 11 28 31 13 26 39 11 28 23 12 34 18 36 31 17 17 24 15 23 19 24 14 7 19 16 38 35 27 19 19 14 
26 26 21 12 22 24 27 18 20 21 21 35 10 30 25 14 30 33 17 23 45 23 39 19 15 24 25 25 22 27 32 20 18 27 38 19 35 11 19 39 
29 29 24 18 18 18 36 20 25 18 18 40 13 12 19 18 21 15 36 31 30 21 24 21 17 20 17 17 22 15 27 15 35 11 35 30 22 16 18 30 
12 21 26 24 17 17 30 4 18 15 32 45 11 38 32 17 22 29 32 27 23 16 24 11 27 19 7 23 23 21 24 16 22 9 30 17 33 22 25 39 
19 16 16 18 19 23 17 16 33 22 11 21 12 18 23 18 31 39 21 27 22 23 25 17 9 13 20 26 24 14 22 35 20 17 50 23 31 28 12 15 
11 22 28 13 25 34 30 19 21 26 25 13 22 28 23 14 29 33 20 38 18 25 24 17 26 20 22 16 20 21 5 20 18 24 22 24 16 23 23 33 
23 42 26 19 29 16 24 15 21 18 23 23 18 22 26 11 32 32 18 33 21 31 33 21 21 38 10 27 20 16 27 6 22 25 18 23 31 26 14 32 
28 33 22 14 10 19 15 21 21 29 27 30 20 15 35 15 37 18 20 20 25 33 29 17 23 22 14 22 7 23 44 31 26 21 32 28 17 13 10 21 
12 23 29 18 20 20 16 18 20 21 25 47 17 10 23 11 34 19 18 33 21 40 35 20 19 13 19 12 17 16 37 21 23 24 28 17 22 30 21 29 
22 25 16 16 29 17 19 14 18 25 37 19 17 28 23 16 38 26 23 21 29 24 34 23 23 22 11 22 26 22 35 16 23 6 49 26 38 17 24 24 
14 21 18 16 21 19 25 21 20 23 20 15 14 28 37 19 20 19 35 26 24 33 32 20 24 22 18 14 14 19 41 19 14 12 32 25 9 25 20 34 
23 17 25 19 18 21 19 25 31 22 27 32 20 30 34 16 16 30 32 37 26 36 32 23 29 16 11 21 20 24 23 17 22 25 23 27 27 25 15 25 
24 24 26 22 11 33 13 23 18 28 31 36 8 24 26 8 23 27 22 11 21 19 27 17 25 27 17 31 16 18 35 19 24 23 30 28 25 36 18 32 
28 23 26 19 20 17 27 19 20 24 21 9 17 27 19 12 23 33 28 27 28 38 49 12 7 13 27 18 24 17 35 26 24 19 30 25 30 37 16 23 
25 36 22 20 15 25 23 17 21 13 18 31 9 30 24 8 28 21 20 31 45 36 31 13 28 21 26 14 26 16 35 28 20 26 18 34 26 17 18 29 
18 18 32 10 13 25 31 18 13 12 21 30 19 26 29 13 25 26 46 20 24 44 9 23 7 21 17 14 16 14 44 24 16 21 24 20 24 32 11 28 
23 32 25 13 23 22 28 25 28 14 12 19 19 34 36 15 40 22 27 24 23 39 34 22 23 21 19 22 21 17 33 26 18 24 30 33 27 28 21 35 
31 26 21 15 31 19 13 12 24 27 26 31 10 15 23 18 18 28 36 32 25 23 29 17 28 20 25 32 9 23 39 17 14 22 28 22 29 14 21 30 
22 39 21 13 14 22 22 19 10 19 21 30 20 28 28 17 51 23 34 22 17 28 18 18 33 39 19 23 20 15 35 20 28 21 18 22 26 25 23 16 
23 24 34 16 15 28 23 23 19 24 12 31 18 40 36 16 30 32 23 36 35 28 36 23 13 34 23 27 16 19 21 23 29 16 24 25 22 27 20 21 
37 27 23 15 29 22 27 24 22 14 35 29 17 24 35 19 28 42 25 18 32 31 39 20 19 22 20 16 16 27 21 21 45 19 23 25 16 27 18 19 
16 26 25 16 30 29 30 14 32 19 24 12 14 24 31 20 21 28 33 27 35 37 52 15 25 35 23 11 26 5 28 17 37 16 20 25 14 21 6 15 
20 33 13 12 26 20 26 11 13 20 26 26 17 24 31 20 34 16 32 26 40 32 42 13 20 18 22 12 22 25 14 29 24 23 18 25 24 26 23 40 
25 23 23 16 26 23 30 24 17 14 24 40 13 33 33 19 26 34 29 27 11 27 38 16 21 30 17 25 18 23 23 20 25 24 18 29 32 21 18 26 
20 32 25 13 12 32 27 18 21 22 16 28 19 40 28 16 28 23 24 23 26 18 28 16 26 30 17 22 20 14 40 15 11 15 32 18 31 28 13 56 
26 20 24 25 10 21 21 18 27 15 25 27 13 27 22 15 26 17 19 19 32 28 36 15 24 32 16 32 23 18 35 23 26 13 48 17 12 30 20 40 
18 27 18 12 26 30 26 31 6 14 26 24 14 31 18 15 27 24 17 33 29 23 36 20 20 35 10 23 17 25 33 24 26 13 23 22 26 20 27 23 
27 20 21 15 16 18 25 19 23 25 26 22 19 22 18 3 25 24 34 22 22 18 28 22 28 27 21 21 13 18 37 26 20 12 36 22 20 28 23 26 
22 24 23 16 20 23 24 28 22 19 25 28 27 25 35 15 41 21 35 28 30 28 36 20 17 28 17 10 21 15 33 11 25 21 27 19 25 13 26 7 
25 29 31 16 22 19 26 11 26 28 28 22 17 29 29 6 27 27 38 26 18 38 40 16 35 32 8 24 15 9 22 8 27 12 32 11 22 27 11 32 
12 32 16 15 20 24 30 15 26 26 26 31 12 30 21 19 35 25 23 24 41 26 41 24 5 29 26 33 11 21 15 20 13 22 35 30 22 30 18 35 
22 11 19 11 16 26 29 17 29 13 34 32 11 29 31 20 35 33 40 23 38 29 33 16 31 25 27 17 10 26 27 15 26 22 35 20 33 31 10 27 
21 28 22 14 20 19 39 21 22 16 25 34 19 30 7 15 30 22 34 27 35 29 43 13 24 24 16 23 18 10 29 22 13 28 12 14 29 24 17 26 
20 22 23 17 18 22 22 22 13 27 24 22 20 30 46 17 28 14 22 35 24 28 21 19 15 27 12 17 11 20 27 14 20 22 25 30 50 30 13 32 
18 5 30 17 26 18 30 14 23 21 31 28 17 47 28 13 20 21 8 26 29 44 24 25 22 22 20 22 18 14 30 24 24 24 10 27 24 24 18 39 
25 29 22 15 26 18 29 22 25 15 17 28 13 29 32 16 23 36 27 21 31 25 24 16 24 23 25 26 12 31 21 29 20 12 22 23 21 29 17 38 
31 38 32 9 29 18 24 25 27 25 27 21 7 30 36 16 20 34 26 20 11 24 34 12 31 29 13 34 16 15 30 24 19 23 27 25 31 37 15 26 
28 24 11 14 19 17 22 14 26 17 20 51 19 28 22 13 31 27 38 33 42 15 31 11 21 32 4 29 17 25 36 25 35 21 21 19 21 29 11 25 
22 30 34 17 24 26 30 16 17 30 17 33 13 41 25 13 32 20 29 32 39 31 29 17 20 26 13 25 18 17 21 32 28 13 38 21 28 25 15 19 
22 25 18 14 25 20 20 26 28 20 31 17 14 27 16 19 36 27 34 27 19 28 17 15 15 23 17 19 14 23 33 17 31 18 28 20 27 16 24 20 
17 13 31 20 17 27 19 16 27 23 27 19 11 29 36 17 26 26 22 32 28 37 37 29 26 32 14 18 11 18 41 24 32 9 33 19 19 15 13 27 
27 14 19 20 21 23 22 24 17 23 26 17 14 13 29 19 21 17 31 25 34 34 25 21 26 26 25 19 25 18 19 23 29 17 37 26 15 29 12 39 
23 32 22 14 24 19 21 9 22 20 19 28 17 24 28 19 50 36 37 29 29 38 9 20 22 23 17 26 19 21 35 26 19 22 25 25 37 20 17 27 
16 16 23 19 13 19 16 11 33 25 25 10 13 27 37 12 36 27 17 34 29 27 19 27 24 38 16 29 20 19 28 26 23 19 21 23 33 36 11 40 
19 29 21 12 15 25 30 14 27 4 35 28 11 26 31 14 30 35 26 36 24 17 28 13 23 23 9 26 21 13 30 18 29 17 35 26 14 34 24 16 
16 10 19 18 17 24 17 23 30 26 21 26 11 19 19 12 32 21 23 23 10 16 36 20 25 28 22 25 19 17 21 13 42 11 28 17 24 21 13 30 
20 20 18 14 25 21 16 27 24 16 14 27 22 28 38 18 32 24 28 19 22 21 33 18 13 31 18 27 17 18 44 17 32 26 37 29 22 22 20 33 
29 19 20 17 11 26 24 8 29 35 24 22 16 34 19 17 36 29 28 22 35 40 28 23 30 17 13 31 21 18 31 14 34 18 37 19 47 25 20 27 
26 15 28 16 13 26 29 18 27 18 27 23 15 36 34 11 28 24 27 27 34 31 28 24 11 37 20 23 23 19 45 25 24 20 33 23 17 24 13 29 
22 27 12 12 20 17 17 16 22 12 28 27 20 29 22 21 40 39 25 37 22 15 37 17 45 22 19 16 25 19 31 16 7 17 36 33 28 30 16 33 
25 13 13 17 9 27 17 18 28 25 26 23 22 42 28 18 27 10 30 16 16 43 38 8 28 23 8 23 22 8 15 23 20 19 24 12 21 21 19 17 
17 19 22 22 16 14 29 23 16 20 22 18 8 27 27 10 29 39 41 27 30 28 41 9 31 24 16 25 12 27 24 22 45 21 35 27 22 32 13 23 
23 11 17 21 29 15 24 19 33 24 22 26 14 25 26 12 29 16 17 23 27 25 27 10 29 28 15 9 17 19 28 16 27 23 17 33 20 25 12 35 
23 22 18 21 30 15 15 23 14 19 26 14 17 35 26 16 31 32 30 28 15 20 45 19 17 28 22 13 22 16 39 26 19 18 31 23 24 43 29 21 
14 24 14 13 8 21 18 13 8 13 27 25 16 28 16 4 29 22 28 27 17 21 29 24 21 26 18 24 15 19 30 18 26 13 35 26 33 26 12 40 
15 23 27 15 16 28 21 27 24 15 34 22 10 34 21 14 21 24 22 39 37 31 21 17 22 30 15 17 19 18 20 14 33 8 23 26 31 25 14 21 
16 23 21 22 22 20 33 28 21 25 30 23 13 31 29 13 37 17 29 33 38 45 7 17 9 36 8 17 22 23 28 23 27 8 21 20 20 13 15 14 
17 30 25 15 20 30 23 18 21 12 30 13 21 31 20 8 23 30 22 22 26 33 39 22 31 18 21 22 18 14 35 21 30 29 29 30 29 20 19 29 
23 32 22 25 32 17 22 21 8 33 18 23 10 25 26 9 33 30 28 27 37 21 26 26 12 39 9 24 10 19 40 21 16 16 39 24 23 31 13 30 
24 16 21 13 9 22 9 16 16 22 26 20 19 19 21 15 27 26 39 30 29 23 20 21 20 23 12 25 20 22 24 12 23 20 39 19 33 18 13 25 
19 16 23 14 21 18 26 19 23 31 15 37 15 23 28 19 41 21 15 22 12 36 18 15 26 15 17 17 12 25 29 18 14 21 18 17 14 13 27 40 
15 30 34 9 18 24 24 11 17 24 19 33 14 20 22 11 34 23 33 32 20 30 25 13 20 31 20 19 22 14 30 22 27 22 26 18 33 14 21 25 
22 21 23 17 23 24 24 31 22 14 40 26 11 32 20 15 21 31 28 24 25 28 45 12 26 24 11 18 19 16 18 13 19 27 41 28 26 16 24 15 
31 16 18 17 22 31 26 17 13 14 29 31 12 37 26 16 34 21 26 33 28 23 29 22 23 19 12 26 17 23 13 26 19 17 24 24 38 24 16 38 
32 34 22 10 27 23 19 21 24 20 22 22 13 23 31 16 8 30 38 19 19 24 45 8 23 17 20 11 21 15 28 20 12 21 39 12 26 34 11 27 
20 29 24 17 18 21 18 12 26 29 12 18 8 21 23 11 22 24 34 31 20 33 30 19 19 17 16 18 19 13 39 11 26 21 21 31 25 35 19 25 
28 26 26 19 26 25 13 13 31 10 21 26 18 28 21 15 31 21 23 20 29 24 34 20 30 38 11 19 26 17 32 21 32 11 34 17 16 27 16 28 
22 19 18 13 16 23 29 11 16 9 29 32 12 43 43 14 42 30 31 29 21 37 23 19 21 30 23 17 26 22 29 23 27 20 18 24 38 25 17 29 
22 19 11 14 25 24 21 25 24 24 36 35 13 30 21 19 23 21 25 32 11 23 35 22 28 29 16 18 20 16 19 17 33 18 27 14 29 15 32 36 
27 34 23 12 25 17 11 16 12 11 28 23 10 42 26 10 20 35 34 23 32 39 33 11 29 14 17 18 20 22 45 27 24 19 31 15 22 26 26 25 
30 29 14 16 10 12 13 18 8 21 24 42 18 30 20 12 46 28 36 27 43 22 43 20 16 22 19 10 16 19 15 23 12 12 21 22 20 26 17 24 
26 10 14 14 31 18 27 11 20 26 39 32 13 25 16 10 47 19 34 22 30 18 27 23 19 19 20 28 23 20 33 16 21 15 23 17 12 21 12 23 
17 32 28 22 26 11 9 13 17 18 38 33 25 31 26 15 31 20 22 17 13 29 20 17 15 24 21 17 17 17 40 27 25 19 18 19 26 20 14 25 
21 19 15 11 24 22 24 22 31 11 12 26 17 35 17 18 48 23 33 28 26 34 20 20 21 24 8 27 18 26 27 13 39 14 20 19 30 24 22 34 
26 34 34 14 19 18 22 23 13 21 17 29 12 24 18 16 25 27 20 28 24 37 18 12 26 29 10 11 20 12 16 21 25 22 36 14 22 17 19 27 
21 23 24 22 17 23 27 23 16 13 27 31 20 27 25 18 18 33 23 34 43 36 25 21 17 42 10 30 22 13 44 27 22 24 38 23 25 25 21 26 
14 18 14 16 9 22 29 22 25 30 19 19 18 34 38 15 41 14 18 23 29 39 35 17 25 23 31 16 11 19 31 32 33 22 34 11 37 17 27 33 
18 15 30 16 27 24 24 19 18 18 24 34 12 27 37 13 29 35 32 35 28 28 25 14 17 25 17 29 20 18 27 12 17 25 30 23 25 21 11 24 
26 41 10 14 20 30 27 22 17 33 29 37 17 41 10 14 38 25 18 27 18 15 41 12 28 30 15 22 26 22 33 21 21 22 13 21 25 23 16 23 
21 6 20 17 25 25 15 20 25 14 26 19 8 23 38 18 38 24 35 31 29 29 23 14 21 27 23 15 18 15 36 16 8 16 32 13 17 36 15 39 
18 22 11 18 37 10 20 16 29 31 30 14 13 34 36 15 29 24 31 19 21 36 35 26 30 36 17 26 19 28 20 20 27 19 36 26 29 16 20 21 
19 16 23 14 33 21 33 9 24 11 25 34 18 35 33 13 30 35 28 33 44 24 23 23 21 26 20 25 13 22 30 12 14 8 33 20 26 32 18 7 
18 19 13 18 12 21 29 18 20 20 26 26 11 41 21 21 25 40 40 37 34 41 35 14 29 22 25 24 25 21 20 27 21 10 19 10 16 18 21 24 
19 14 28 19 29 20 17 10 33 26 38 32 20 36 38 12 18 22 24 36 32 30 19 9 35 42 23 25 16 7 21 13 25 23 35 25 26 9 19 18 
25 21 30 20 21 27 29 11 27 14 32 38 19 25 24 14 23 27 49 25 48 32 40 16 15 35 19 20 23 17 29 25 21 18 31 14 20 36 19 29 
19 26 24 15 16 25 33 19 26 14 28 23 19 28 29 17 43 26 33 9 21 16 37 22 21 33 24 22 21 10 43 27 23 21 36 11 14 24 27 45 
24 21 16 11 15 28 24 17 16 6 28 25 11 37 25 8 21 34 26 18 33 30 28 14 24 26 26 18 14 22 35 23 11 23 24 21 34 27 16 31 
22 28 20 10 23 27 20 26 26 19 33 24 16 30 25 19 30 24 32 31 36 32 30 13 17 20 22 18 19 20 28 4 25 11 32 31 18 32 18 26 
26 40 12 16 21 16 24 24 30 19 36 20 17 26 20 9 40 23 22 27 27 23 38 13 21 21 12 17 16 18 17 16 34 14 32 24 23 20 16 16 
16 32 14 11 18 25 19 14 15 19 31 15 17 29 19 22 31 33 32 27 23 37 33 17 33 21 18 24 22 16 39 25 15 18 26 21 19 28 22 25 
37 27 30 12 15 35 20 22 22 10 38 34 12 21 15 20 36 34 16 30 15 25 37 16 22 27 10 7 24 21 26 22 28 18 30 21 35 19 5 27 
21 19 16 17 13 19 37 13 19 26 32 32 7 29 51 14 32 34 30 22 29 27 35 16 22 24 18 13 15 17 41 19 34 16 38 21 26 26 14 31 
24 22 26 18 21 23 19 7 20 31 24 39 15 23 34 19 42 29 17 38 32 18 32 17 18 16 19 30 14 19 28 28 20 17 20 16 32 23 17 31 
27 15 9 10 19 19 17 20 31 10 39 31 10 39 48 13 32 34 34 23 40 22 34 18 15 22 16 27 23 26 38 16 16 1 12 17 28 19 11 32 
33 32 15 14 21 17 20 21 22 22 33 19 14 14 23 14 39 28 24 17 21 25 24 23 24 35 16 29 13 13 23 20 17 19 15 21 26 23 17 33 
32 34 20 23 14 22 19 24 17 23 18 27 14 28 17 13 19 32 30 28 38 28 35 24 17 26 19 18 15 21 27 19 19 15 18 25 24 20 14 33 
19 20 18 23 20 18 27 15 25 16 24 38 15 24 23 8 12 30 35 25 27 19 20 18 10 33 17 12 28 13 28 22 13 17 34 12 21 18 16 21 
19 17 13 19 22 11 27 20 12 24 27 25 18 41 21 14 44 23 30 29 34 25 36 15 24 26 14 15 20 14 28 10 17 19 28 26 23 20 13 20 
33 15 16 16 20 29 33 15 21 19 36 20 16 26 16 16 26 28 35 23 37 18 21 18 21 23 18 22 23 17 42 18 29 13 34 27 19 22 28 31 
18 19 31 17 21 18 29 15 30 26 20 29 21 36 32 12 29 23 35 36 35 26 19 21 14 30 12 22 25 23 28 16 26 26 31 24 36 22 20 41 
28 21 20 19 15 19 28 16 17 27 15 30 23 27 41 16 28 29 21 23 19 26 18 18 25 25 14 29 13 16 46 25 19 8 12 24 19 27 22 42 
22 20 7 18 11 19 20 14 15 29 24 24 16 34 33 20 37 21 13 22 27 14 36 19 16 34 8 16 20 19 27 20 28 15 18 25 17 22 23 30 
23 26 18 12 24 22 18 14 29 2 18 40 16 31 32 13 24 28 25 29 32 20 28 21 26 37 22 20 17 18 32 21 24 15 25 29 25 17 19 31 
31 23 22 16 19 26 26 12 16 14 25 29 18 29 28 10 24 23 39 20 26 30 35 14 26 28 13 17 29 21 42 15 20 17 25 27 32 35 6 34 
20 30 14 12 15 19 17 16 14 10 28 26 10 32 25 15 22 13 18 26 32 23 22 15 16 42 24 21 18 24 42 23 12 23 19 36 17 26 19 23 
26 16 21 21 16 29 30 15 34 21 15 25 13 32 33 19 14 37 16 16 33 30 30 14 16 25 9 15 17 10 44 19 27 14 36 25 32 19 18 31 
27 18 13 18 18 25 24 12 31 30 20 25 9 24 41 14 22 19 29 26 43 25 35 24 20 20 16 39 16 14 29 28 27 17 13 15 32 31 21 38 
24 29 12 24 21 17 22 20 21 14 18 34 18 29 23 17 55 29 24 23 39 21 30 17 24 32 16 13 16 16 32 23 31 21 20 16 33 29 22 32 
22 24 34 17 30 25 34 21 27 19 22 30 15 12 29 14 29 31 35 42 44 36 49 25 19 23 20 19 21 12 19 20 29 17 32 25 26 13 19 26 
24 39 20 19 25 24 23 27 19 10 39 26 15 41 21 11 21 28 36 19 19 23 34 21 22 39 19 17 22 19 21 24 12 27 27 28 30 36 19 14 
23 17 10 17 22 29 26 18 27 14 26 15 12 34 26 16 26 25 18 24 20 33 33 14 24 22 17 23 21 14 30 18 21 12 18 23 22 19 20 31 
28 22 19 20 6 30 28 19 8 29 39 11 8 29 20 11 29 40 19 24 33 41 35 11 23 34 13 12 10 26 26 25 29 20 33 21 19 12 15 27 
29 23 24 21 15 12 24 20 17 14 28 23 13 28 34 18 33 15 25 36 40 33 31 24 19 20 14 14 21 10 32 11 23 11 19 24 25 14 21 12 
20 22 16 14 28 28 29 13 11 21 37 31 20 15 27 13 31 29 34 20 22 19 25 23 15 25 24 38 31 10 14 4 45 23 28 23 30 22 24 10 
23 26 20 17 15 20 21 23 27 29 32 29 17 28 38 20 29 16 20 19 33 20 41 17 27 27 20 16 18 14 27 23 30 17 25 10 26 29 9 13 
13 19 12 11 21 28 27 11 20 27 19 35 13 31 36 9 44 21 28 19 23 28 37 27 27 29 20 26 22 24 32 18 23 19 31 24 27 23 10 22 
21 19 21 21 25 28 21 22 16 30 13 28 12 28 25 14 40 37 17 24 46 23 56 19 26 13 10 28 20 18 22 24 22 17 23 28 23 24 16 18 
18 14 22 12 9 17 13 20 9 6 27 33 11 23 27 10 19 25 16 33 37 21 25 13 21 37 11 19 23 20 42 14 33 16 40 18 31 8 15 13 
18 24 11 21 13 17 11 20 30 28 32 30 4 14 12 21 27 35 33 27 36 27 35 25 23 25 19 32 16 20 24 15 26 17 12 12 28 21 21 30 
18 34 30 19 23 27 25 15 19 25 32 38 15 30 35 19 32 19 23 27 24 37 33 25 27 19 11 18 18 12 31 13 24 21 11 18 35 28 12 26 
31 22 25 23 14 14 28 13 25 23 22 26 17 28 17 18 27 32 38 21 32 24 31 19 27 36 12 18 18 20 29 15 34 16 24 33 25 18 25 23 
21 28 24 16 25 20 27 11 10 13 26 28 13 28 41 15 31 37 30 25 35 19 31 20 25 23 14 30 30 26 34 35 21 17 27 18 28 24 21 24 
21 27 21 16 18 16 19 23 21 18 23 35 21 14 31 18 23 27 21 23 16 11 35 15 32 26 18 20 13 14 35 19 32 16 20 28 28 17 12 40 
26 23 22 11 15 19 26 13 19 18 38 24 13 32 35 15 35 39 26 17 31 38 28 18 22 34 13 9 16 26 19 26 26 22 21 22 14 18 16 23 
21 37 14 18 20 16 14 16 33 18 32 29 14 35 19 12 19 33 27 32 46 22 34 23 13 31 9 24 24 21 18 15 24 17 19 21 27 37 15 25 
29 15 18 14 21 21 15 13 18 26 18 29 22 37 22 18 19 25 23 27 28 24 26 18 21 15 16 24 31 15 24 29 20 24 28 19 24 21 19 24 
19 30 7 22 18 21 22 21 21 15 42 21 18 35 38 13 15 33 32 23 36 40 28 21 28 34 18 17 18 20 42 27 25 15 29 22 27 27 14 39 
27 27 19 14 29 26 19 17 11 10 19 28 15 19 16 17 45 34 39 27 31 34 48 17 20 37 19 20 20 16 21 24 23 16 22 21 18 31 9 26 
32 10 15 13 21 17 25 12 19 24 30 23 10 38 47 13 41 32 29 35 29 30 34 20 25 28 17 13 23 19 23 25 25 22 17 18 30 17 11 26 
24 34 10 24 20 24 17 15 15 21 20 38 17 32 21 12 30 31 25 23 23 34 34 15 18 21 18 17 27 15 37 12 26 26 42 27 31 22 8 19 
21 22 21 14 19 10 17 6 25 36 27 26 12 41 34 16 18 26 29 35 48 27 32 23 24 28 4 19 18 19 9 17 16 29 26 29 15 27 10 28 
19 22 19 20 17 19 25 11 19 22 26 38 13 16 46 9 40 26 37 36 23 34 27 21 17 26 15 11 8 21 38 26 25 15 34 26 14 31 19 41 
27 16 14 13 15 30 25 23 20 36 37 15 4 26 31 20 36 28 5 29 27 30 23 20 33 29 14 24 27 28 26 39 13 31 28 29 24 26 12 20 
17 28 19 18 13 28 18 15 19 27 19 26 11 31 3 9 17 25 42 39 49 32 42 22 15 28 2 37 30 9 28 27 24 23 15 23 37 24 27 41 
22 19 25 11 24 30 9 19 20 17 18 31 15 15 23 11 31 28 16 36 41 40 39 14 23 21 17 15 17 17 20 17 14 14 34 27 22 26 23 27 
37 20 24 17 22 25 27 25 20 28 21 24 15 23 24 23 39 20 22 28 31 18 38 18 27 39 13 22 24 23 24 7 25 14 26 22 13 36 18 34 
20 21 24 17 32 16 19 9 27 22 30 18 19 22 16 13 27 29 36 24 15 40 46 11 21 24 23 14 32 8 18 23 31 14 35 15 31 25 28 17 
16 23 24 12 27 25 22 25 29 26 25 46 14 34 26 10 28 18 26 22 48 10 23 13 29 22 19 26 22 18 34 20 26 21 32 28 12 23 13 33 
24 27 6 19 29 14 31 18 26 18 26 31 11 23 35 17 16 27 18 32 32 30 28 15 18 30 9 17 18 22 26 21 27 15 32 24 21 24 20 27 
22 17 21 17 17 20 22 15 16 17 4 36 5 24 19 10 32 31 33 29 32 17 9 11 29 22 16 26 18 19 21 25 17 12 27 27 26 11 20 41 
27 30 22 12 22 23 24 15 23 28 38 16 17 43 28 15 31 26 42 23 27 42 30 20 23 40 13 19 19 23 30 22 31 19 13 14 29 23 12 34 
28 27 14 16 31 16 18 14 10 21 34 21 14 20 30 16 52 25 25 31 20 29 50 10 27 33 20 16 26 20 37 22 28 28 40 22 15 26 18 34 
21 8 28 20 27 28 29 14 25 16 27 40 11 28 41 22 33 22 24 25 25 21 24 21 29 29 21 9 17 28 34 5 30 12 26 28 29 17 17 33 
15 26 18 24 18 26 36 19 26 26 26 26 7 30 18 17 31 24 41 16 24 30 22 12 22 19 24 17 28 14 40 19 18 21 18 24 27 33 22 29 
16 20 24 16 30 24 40 17 20 16 22 19 15 41 33 15 20 22 29 32 40 40 31 21 29 33 18 15 16 19 39 10 22 24 50 31 25 21 17 26 
33 35 22 20 14 20 23 22 21 23 21 39 20 38 24 13 21 24 25 15 47 40 20 15 16 28 26 31 16 17 22 13 32 20 39 17 19 28 20 36 
33 17 25 16 25 22 23 17 22 20 20 35 12 23 30 18 27 28 36 10 32 38 33 21 33 43 20 19 23 13 19 22 28 14 16 22 16 32 23 16 
29 34 22 14 21 28 27 27 37 19 16 23 17 29 23 12 31 29 32 19 24 24 26 22 32 28 17 25 23 19 29 24 25 17 19 25 22 19 20 21 
30 31 17 15 11 30 28 14 24 20 25 23 15 44 23 16 30 38 17 21 17 30 21 27 25 26 19 28 12 13 29 21 30 18 25 21 33 30 20 14 
17 34 16 18 23 20 28 13 15 25 28 25 9 28 32 15 31 31 22 26 23 27 25 27 21 25 11 23 26 13 18 23 24 19 27 20 35 26 14 25 
21 17 26 20 22 14 17 19 22 17 11 24 15 28 38 15 20 25 37 14 27 12 45 17 20 17 11 21 7 12 27 15 10 17 15 20 21 23 20 23 
11 21 23 18 21 23 11 19 21 20 24 15 17 12 40 14 32 34 30 27 34 24 41 11 17 32 12 26 19 20 42 30 22 24 27 20 25 28 14 33 
24 31 21 22 18 28 21 16 19 21 27 32 12 40 23 17 42 30 42 28 33 25 37 17 27 23 16 22 23 28 44 12 20 16 28 24 31 22 22 22 
22 15 28 19 27 14 33 19 32 15 28 27 12 30 25 15 20 30 27 29 44 24 24 19 15 29 13 26 19 19 27 14 29 18 35 31 15 23 15 31 
18 28 19 15 15 25 24 20 28 17 25 33 17 20 32 22 29 31 22 27 36 22 26 17 25 11 20 19 19 12 44 15 20 33 30 26 15 24 16 9 
23 20 26 17 17 10 32 17 7 25 29 28 15 31 28 12 23 26 37 22 25 31 34 22 18 14 13 26 17 31 23 10 21 15 28 25 30 24 14 16 
27 20 22 13 18 20 24 22 22 23 32 27 11 46 26 12 33 34 19 28 7 39 41 17 22 20 21 30 22 20 36 33 14 18 19 20 29 29 11 32 
24 16 20 17 20 31 23 19 25 14 31 41 13 50 32 13 28 20 30 25 19 33 18 13 28 23 14 30 17 18 24 30 18 18 22 27 28 26 18 13 
26 30 19 14 18 19 21 26 14 11 15 23 15 19 37 18 22 19 29 17 22 37 51 26 31 31 27 15 11 20 37 20 23 18 26 22 30 21 14 30 
28 10 18 13 14 25 28 18 27 28 31 29 18 32 21 12 37 25 26 30 52 38 36 15 27 21 19 25 31 23 26 8 26 21 35 26 14 18 19 22 
25 20 28 26 22 23 24 17 17 17 27 29 17 28 41 18 40 33 27 25 6 34 32 12 29 20 14 24 18 13 25 24 25 26 26 29 22 19 16 42 
17 35 22 13 7 31 29 13 17 10 28 29 17 17 27 6 30 15 15 25 32 28 30 16 15 22 20 29 24 21 26 15 36 18 20 29 32 18 15 31 
14 20 25 17 27 31 31 23 28 9 33 28 14 30 38 16 32 28 16 18 12 21 26 20 13 25 16 30 22 25 26 20 19 13 24 16 24 21 8 41 
24 24 15 18 26 30 19 14 17 25 21 33 11 36 17 9 20 29 28 17 39 24 31 23 25 16 20 32 12 15 17 32 22 18 21 28 16 29 16 27 
24 33 29 9 24 21 20 23 19 25 22 23 12 39 26 12 25 23 24 24 16 40 24 19 17 38 20 11 7 20 21 20 30 12 27 38 34 33 25 27 
18 17 24 19 25 14 27 20 21 15 9 29 19 20 32 20 40 22 31 18 26 16 15 11 24 22 22 21 15 20 35 19 28 10 9 22 21 27 16 36 
18 23 18 9 21 22 19 19 29 13 24 22 11 33 19 15 29 36 25 27 23 19 25 29 29 23 18 25 26 15 47 25 23 16 38 25 28 38 18 37 
23 14 20 9 13 12 26 19 25 12 22 19 18 33 26 7 23 29 48 37 35 34 45 15 21 43 18 21 17 11 29 31 25 15 23 17 31 25 11 12 
23 22 18 24 20 21 25 19 21 20 25 23 15 25 24 19 31 21 36 35 22 19 40 13 17 30 23 26 9 24 21 16 14 13 37 29 19 19 18 26 
25 38 10 14 26 22 25 14 33 31 12 46 15 30 37 17 34 29 29 22 45 28 30 9 28 37 19 15 21 24 27 18 15 20 34 27 22 31 19 27 
25 38 25 8 25 22 23 14 15 20 32 38 13 21 37 13 28 16 43 21 34 36 25 25 19 28 24 31 23 17 41 36 21 20 30 30 31 24 13 28 
17 20 21 24 28 21 27 19 27 11 30 15 7 25 17 17 29 32 34 19 34 30 33 19 13 22 20 11 18 19 37 17 20 13 25 24 25 27 13 18 
18 27 19 4 27 14 22 16 19 32 17 46 18 34 37 18 29 28 30 15 37 29 42 9 32 23 23 13 17 19 43 27 31 6 29 16 31 17 20 34 
19 33 20 11 13 20 39 15 20 15 30 20 21 45 24 17 53 37 23 33 32 20 20 14 26 20 10 16 21 17 40 26 20 17 27 23 36 31 24 30 
15 30 25 16 19 24 27 21 16 25 26 28 13 25 18 13 46 28 22 24 18 33 21 21 29 37 21 22 15 16 27 17 13 15 35 26 21 30 15 34 
26 25 23 9 13 17 18 16 23 21 23 42 13 27 21 12 14 17 25 32 38 32 27 26 22 22 15 23 26 1 45 16 28 18 30 26 21 17 20 27 

MachineCapacities:
MachineID Capacity
0 10
1 10
2 10
3 10
