NumTasks NumMachines NumScenarios
20 4 500
TaskDetails:
TaskID ReleaseTime ResourceConsumption SuccessorsCount Successors...
0 0 2 8 8 4 2 3 4 
1 0 10 7 2 4 1 3 
2 0 8 9 1 6 1 4 
3 0 3 7 7 5 1 5 
4 0 2 6 8 10 1 5 
5 0 9 5 3 10 2 6 7 
6 0 5 3 5 1 2 8 9 
7 0 6 1 3 1 3 8 9 10 
8 0 5 4 6 6 0 
9 0 7 9 3 7 0 
10 0 6 5 3 1 0 
11 0 2 6 6 9 2 14 15 
12 0 5 3 4 8 2 13 14 
13 0 4 6 6 3 2 15 17 
14 0 3 1 9 2 2 16 17 
15 0 5 9 3 4 2 16 18 
16 0 8 5 3 7 0 
17 0 6 4 3 6 1 18 
18 0 3 4 5 6 1 19 
19 0 9 9 2 6 0 

18 23 14 13 41 12 30 18 28 20 37 17 21 16 18 17 29 31 23 14 30 13 18 32 19 18 32 12 31 15 26 27 25 24 15 18 27 8 15 26 16 17 22 24 16 30 23 38 23 21 26 33 23 15 17 15 24 20 21 37 13 8 19 22 23 14 12 16 16 31 11 16 10 29 34 26 33 17 18 19 
24 48 17 19 11 12 20 20 24 23 9 23 26 13 9 29 32 37 29 12 31 20 25 30 16 15 17 12 30 21 38 29 26 29 20 27 28 16 18 38 17 14 22 22 14 36 12 36 15 14 25 21 27 24 14 22 21 24 16 31 19 27 8 23 24 18 20 19 21 31 22 12 22 36 26 15 27 29 14 18 
19 20 18 14 36 16 40 15 35 26 19 18 19 24 13 22 26 24 19 17 13 13 19 30 39 17 45 16 20 19 30 49 28 21 31 16 30 34 20 31 7 27 16 28 8 33 30 37 29 14 27 26 25 18 26 23 25 19 10 29 12 24 20 36 21 26 16 16 24 19 9 16 26 15 12 32 17 33 15 16 
31 27 15 7 25 19 15 13 25 27 20 14 19 16 8 25 23 26 16 15 24 19 26 19 14 12 20 23 31 24 17 36 27 30 27 17 31 30 19 43 20 12 22 30 25 24 27 23 22 19 14 25 31 19 21 24 13 20 24 32 13 24 28 16 21 20 26 13 26 26 31 23 18 32 27 21 28 17 11 30 
16 17 12 9 42 19 21 23 28 30 8 31 28 9 19 10 28 38 5 13 14 18 18 27 18 20 24 20 32 18 22 36 39 36 26 25 29 24 17 27 13 17 15 20 19 34 31 30 26 15 25 26 29 31 16 12 27 14 32 16 17 35 14 36 30 23 33 16 32 18 15 17 42 16 29 13 27 35 19 26 
36 26 17 29 35 13 12 13 38 20 35 20 29 15 10 30 20 14 11 16 17 25 26 33 19 22 19 21 39 20 31 22 30 23 45 31 33 36 9 30 15 16 26 42 21 25 29 17 26 24 21 36 16 23 30 17 10 12 14 31 22 22 20 43 19 27 31 7 28 24 23 15 33 16 18 25 21 38 24 32 
39 37 24 21 21 13 28 13 22 19 9 17 19 13 20 34 33 35 14 7 19 17 26 21 20 22 30 12 39 17 22 14 30 25 36 10 22 28 11 36 20 22 23 26 18 24 28 26 15 17 12 25 17 21 18 30 13 20 22 26 24 30 19 16 13 16 14 12 17 16 18 25 20 28 17 35 29 27 24 14 
32 32 16 25 21 17 19 16 29 26 27 23 40 28 14 28 31 20 17 12 21 19 26 40 23 27 21 13 37 18 26 24 29 22 23 20 37 16 14 42 11 8 25 26 25 12 20 21 26 11 19 19 34 13 17 15 20 20 21 24 14 14 9 37 19 20 25 15 28 26 15 23 45 27 27 41 28 25 16 28 
34 21 16 22 10 19 31 28 13 20 7 21 29 13 17 32 39 29 18 18 22 20 17 41 18 17 42 21 22 20 20 27 27 23 24 34 10 17 17 46 13 25 22 26 17 23 23 24 16 7 27 28 33 27 20 23 14 19 20 45 25 28 9 35 17 29 26 19 28 21 19 26 28 21 23 34 23 29 35 23 
40 30 13 20 35 19 30 27 28 23 30 18 30 16 16 26 24 34 26 19 29 12 16 16 26 20 15 9 46 28 26 37 30 16 24 14 39 33 2 35 10 17 12 15 21 23 33 28 26 11 24 30 26 20 10 13 21 10 15 22 18 33 27 37 19 15 21 24 23 27 22 20 26 22 16 22 20 10 22 32 
23 32 18 16 20 16 24 24 15 37 24 14 32 22 17 32 19 32 13 15 18 21 24 27 24 15 18 9 33 20 33 32 28 26 33 24 24 20 17 29 11 16 23 23 18 16 36 36 16 18 25 24 28 23 20 18 24 17 21 26 17 27 21 28 30 19 21 16 28 36 12 17 25 17 28 24 25 31 28 28 
32 42 20 20 27 15 34 35 45 22 17 18 15 22 21 9 38 27 18 19 20 11 22 38 15 14 19 13 33 21 40 44 33 22 10 23 15 34 6 23 21 26 20 25 17 29 30 40 25 15 20 32 23 22 12 13 35 20 21 47 18 24 21 21 30 24 25 17 20 16 28 21 30 26 24 25 32 37 24 24 
35 38 15 24 31 18 14 10 26 25 25 18 33 21 22 21 35 36 17 15 21 20 26 27 24 28 12 20 43 16 18 32 17 17 17 30 38 26 13 27 16 17 19 22 18 33 27 25 26 13 21 25 23 20 7 13 23 13 14 35 22 37 18 38 18 31 17 13 28 28 25 24 21 19 24 22 38 26 23 20 
25 32 23 19 22 21 26 24 15 31 19 17 24 12 8 14 36 29 16 16 14 19 22 29 24 32 31 16 35 19 32 34 40 29 30 12 23 15 12 36 15 15 23 32 33 29 27 24 22 11 7 23 15 15 27 15 17 27 27 20 15 38 19 30 15 10 28 21 36 24 21 21 37 24 28 22 42 31 28 21 
47 23 16 15 32 10 35 16 22 10 14 20 31 15 22 19 18 43 15 4 19 17 25 15 24 20 41 7 26 22 28 26 24 20 15 20 22 21 7 32 12 18 14 42 16 21 23 18 20 15 14 23 26 16 25 14 32 22 9 38 16 41 18 28 31 23 24 12 23 25 20 22 23 18 22 36 37 26 30 32 
36 26 19 28 37 10 24 28 40 18 31 23 34 20 11 23 28 34 16 14 23 14 16 36 20 19 35 18 30 9 22 41 29 29 25 21 27 17 20 22 15 20 21 22 21 19 18 34 13 19 23 16 28 23 11 9 17 19 28 34 18 37 16 29 26 13 16 13 38 24 17 19 31 20 21 10 29 19 26 20 
36 32 16 11 21 16 22 21 51 9 17 21 17 17 11 20 16 30 19 9 31 11 26 24 13 21 25 13 41 12 22 24 38 33 30 11 15 31 14 29 16 14 21 24 28 13 25 33 20 8 20 35 11 20 14 12 22 12 24 20 13 22 17 22 25 17 30 17 19 23 13 25 41 13 32 28 34 23 12 31 
20 27 15 20 38 14 31 19 17 29 12 12 30 20 14 26 28 27 16 18 17 20 14 31 23 22 22 18 21 19 33 22 34 13 18 25 33 35 12 39 21 13 22 20 17 18 33 5 18 16 20 20 18 23 24 18 18 17 10 15 21 17 25 24 33 21 23 19 39 25 18 23 23 20 37 32 33 33 5 21 
27 24 17 21 41 17 32 18 15 27 21 21 39 22 17 20 21 22 24 6 20 19 18 31 14 25 31 18 33 23 23 28 12 17 36 24 22 35 22 42 16 29 24 13 13 24 30 17 30 15 24 40 39 20 20 13 11 25 6 38 16 25 23 39 26 17 21 18 22 29 20 10 24 12 34 19 36 36 20 28 
26 29 13 28 22 18 15 9 30 20 3 14 17 16 11 27 33 32 18 19 26 11 26 25 13 19 35 12 33 15 15 25 27 23 11 13 26 32 21 17 17 15 30 29 19 28 16 38 23 13 19 19 27 18 18 14 9 17 18 19 27 20 19 30 26 19 31 17 32 41 12 12 19 7 19 8 16 36 12 23 
33 34 9 22 37 19 32 24 29 20 24 8 21 21 9 18 35 33 11 10 17 10 22 27 26 27 24 16 19 23 22 40 23 30 18 18 23 22 12 35 9 17 30 26 21 25 34 26 18 24 16 31 31 24 29 19 23 22 20 25 16 36 10 18 17 19 17 17 34 29 26 23 23 27 12 35 27 25 20 33 
20 25 16 21 27 17 28 11 22 26 22 14 24 9 27 26 13 13 25 19 24 13 41 22 18 21 32 9 27 23 33 39 34 30 23 25 21 21 23 26 17 21 28 29 21 10 18 36 27 14 24 21 23 13 22 15 29 17 33 18 25 19 17 20 20 21 17 17 26 30 19 28 32 27 25 14 25 29 20 21 
42 39 21 20 35 12 22 22 25 27 19 29 34 18 16 17 17 41 10 9 13 3 14 39 14 17 18 16 48 15 23 21 33 27 15 24 25 27 14 32 18 24 20 36 19 17 23 35 25 22 22 26 23 20 28 22 33 20 21 22 10 21 15 25 22 16 25 8 20 9 16 19 14 30 24 24 33 20 29 26 
30 12 19 24 20 16 30 27 24 14 37 22 40 26 24 21 36 36 11 18 20 16 35 23 24 18 31 14 31 18 23 19 48 22 23 18 24 23 13 36 18 19 4 20 18 32 16 25 16 13 15 19 22 15 36 17 23 11 20 28 22 25 16 13 22 25 25 15 29 18 16 22 28 31 28 25 32 36 26 28 
29 26 24 21 34 15 28 16 12 36 23 19 26 13 17 30 35 29 18 17 7 21 35 38 12 27 23 15 51 9 27 25 34 32 21 16 30 16 18 23 8 20 16 12 10 30 21 35 19 15 15 33 23 21 29 19 23 22 16 42 21 29 10 21 22 20 23 14 30 25 17 19 27 34 24 35 24 20 48 35 
36 28 22 22 31 15 19 22 24 8 9 17 29 20 16 20 32 34 21 13 25 21 24 23 13 26 22 16 45 26 23 20 36 17 27 16 34 22 18 42 11 19 10 26 28 35 15 31 20 16 14 27 38 16 24 22 19 19 31 24 19 24 14 31 18 13 16 16 29 41 21 29 39 23 26 9 24 42 18 25 
26 13 15 11 28 9 25 9 29 13 21 28 28 15 14 21 31 28 21 14 33 10 23 29 17 25 25 10 35 22 20 16 14 27 20 13 33 25 16 25 12 16 36 29 22 18 15 33 20 19 19 24 23 24 12 13 21 16 29 31 11 35 20 39 22 24 20 14 23 24 26 18 13 24 36 23 39 24 31 25 
26 33 14 12 24 12 20 16 28 27 24 16 35 11 19 20 26 26 3 18 13 19 24 22 20 16 31 17 42 13 33 35 20 18 31 18 34 28 17 31 16 16 18 26 12 32 16 33 24 17 23 29 26 24 20 15 30 15 19 19 27 32 15 22 11 25 29 18 21 32 28 19 30 30 27 35 25 41 23 31 
44 19 16 25 29 16 25 18 17 29 20 17 26 19 23 16 23 29 16 17 22 16 26 30 32 9 12 8 25 19 30 10 31 18 28 11 19 24 14 38 19 24 29 24 19 14 24 19 14 23 30 24 25 13 26 23 34 20 21 33 17 22 1 32 20 31 18 12 29 33 13 21 18 32 26 22 33 38 25 26 
42 42 14 14 25 16 34 21 17 21 31 21 29 16 20 21 29 22 27 19 18 23 27 29 26 12 26 17 36 18 18 33 31 20 18 27 18 26 13 27 20 18 18 26 21 11 30 34 22 21 20 28 24 22 17 19 24 20 15 31 21 16 19 40 28 23 30 16 22 32 25 16 29 22 26 42 22 31 23 22 
39 14 12 9 22 11 11 17 29 29 27 30 34 10 18 13 30 27 21 25 17 25 20 24 18 26 23 23 34 19 15 26 17 23 22 10 17 32 13 23 18 13 13 31 13 17 15 35 26 15 28 40 21 30 27 22 33 5 15 10 18 35 18 26 23 23 13 20 21 32 12 17 42 40 21 30 35 16 33 24 
33 37 15 15 19 26 21 24 32 17 14 18 29 19 28 14 29 27 18 13 20 17 21 30 23 20 26 20 42 22 17 33 29 10 30 16 18 37 7 22 18 17 25 13 22 34 24 37 24 15 18 29 26 17 22 10 15 22 24 27 24 38 16 21 19 17 18 7 33 29 29 13 34 35 29 30 46 44 22 26 
29 27 14 10 17 17 21 13 44 16 19 14 48 29 18 20 23 34 10 14 29 20 27 29 22 24 32 12 29 20 27 48 24 25 19 15 35 40 18 43 5 30 19 31 27 17 19 26 20 18 24 26 20 13 36 7 27 22 13 18 8 16 13 28 24 20 16 18 20 7 18 17 24 24 22 27 40 28 16 29 
21 46 23 15 22 18 23 19 19 29 16 15 34 15 19 32 37 20 20 14 23 20 12 22 18 23 33 14 37 13 24 27 36 15 44 18 18 22 18 24 23 15 32 26 15 25 31 22 12 10 17 28 19 17 23 17 27 24 12 15 17 33 11 15 20 21 25 14 33 29 26 18 31 18 39 26 30 21 27 29 
35 18 18 22 23 18 27 19 47 29 19 19 32 23 20 32 32 25 14 17 22 13 31 21 15 20 29 19 38 16 37 47 25 21 18 15 24 28 20 12 22 17 22 12 15 29 13 17 19 25 6 28 25 26 15 11 27 8 21 23 19 30 21 25 20 21 29 11 25 23 20 13 28 19 26 29 29 24 16 16 
29 28 28 13 40 16 19 24 36 19 9 8 29 23 25 31 16 34 25 9 24 19 26 15 13 21 21 15 23 31 27 29 23 23 33 21 14 30 14 30 17 20 16 19 21 31 19 33 20 17 27 18 25 31 22 19 11 18 23 33 10 25 18 43 13 23 33 11 24 27 24 9 36 17 29 30 34 46 30 28 
30 16 11 13 28 5 17 8 36 20 17 21 33 10 25 21 35 25 19 15 17 24 16 38 30 25 19 17 34 19 14 20 24 17 39 12 24 35 14 37 16 27 26 26 24 21 20 23 26 16 22 19 27 20 26 27 18 19 26 31 28 22 17 34 26 24 28 11 24 34 27 16 33 29 29 30 15 42 13 25 
28 29 13 14 17 13 29 24 29 28 24 22 18 16 17 27 31 40 28 10 28 13 17 33 25 21 20 18 45 19 28 20 35 27 15 15 32 20 16 22 10 16 22 18 22 28 16 29 23 19 26 27 20 23 29 14 19 23 14 23 7 23 16 27 18 30 27 15 16 30 14 12 23 14 25 27 28 37 20 23 
20 36 27 13 18 20 37 20 23 26 15 21 32 15 12 20 26 35 22 8 26 10 16 29 8 19 30 11 22 16 37 24 28 9 27 26 30 19 15 37 17 12 20 20 13 22 27 25 18 14 23 31 26 25 26 18 23 19 25 25 23 28 19 23 22 29 21 14 26 29 21 17 14 27 28 18 26 21 25 22 
18 21 19 24 34 23 25 19 28 31 23 11 20 17 18 17 25 25 20 17 25 17 42 26 7 22 16 20 45 8 25 29 25 28 23 26 29 30 18 31 6 21 17 26 22 31 34 28 18 11 31 27 24 17 29 14 22 16 18 27 9 28 17 37 16 20 21 16 35 29 25 25 30 21 27 29 37 24 12 20 
34 27 15 9 36 11 21 28 34 25 26 24 25 9 18 34 23 34 7 20 17 14 20 28 27 24 33 12 46 16 34 36 9 17 25 14 15 36 10 1 14 24 24 21 24 20 22 30 19 23 27 24 26 31 22 16 13 19 32 12 18 30 23 43 24 22 24 14 18 31 24 16 40 29 29 23 34 31 27 12 
32 17 19 9 28 14 30 12 21 26 20 11 42 19 10 17 25 22 14 9 7 11 17 19 22 28 30 14 51 13 29 20 31 25 26 29 16 21 17 32 18 13 27 31 19 24 19 21 25 17 16 28 27 23 27 26 36 19 14 28 18 26 14 21 26 7 25 12 29 29 26 11 27 29 33 20 40 33 23 24 
28 50 17 18 31 19 34 8 39 25 24 11 30 18 16 21 35 26 14 18 19 13 20 16 19 11 31 13 27 13 31 31 43 23 32 20 12 20 13 23 20 21 15 38 13 29 20 27 17 14 21 19 22 20 22 27 20 19 15 21 26 28 11 35 14 17 21 15 29 27 13 13 22 23 31 30 44 17 27 30 
28 40 15 18 15 19 21 18 32 24 23 19 26 27 20 23 31 16 17 24 19 19 27 44 29 19 38 13 47 25 23 31 27 29 21 19 26 16 17 28 9 15 30 12 27 22 23 36 21 24 15 27 32 7 25 15 29 18 10 26 14 31 21 32 14 23 21 14 25 41 28 16 29 15 26 36 40 27 23 23 
28 45 8 10 27 20 21 23 20 21 18 30 38 20 19 26 32 37 14 15 18 8 23 31 16 27 39 17 26 15 30 25 21 26 22 14 28 15 17 28 11 16 24 26 16 15 16 23 17 14 17 21 21 17 17 22 30 20 24 21 19 25 15 28 10 11 15 15 18 35 26 16 13 20 35 43 25 38 26 19 
30 22 8 12 31 10 32 12 41 16 16 23 22 11 22 26 18 7 20 14 27 13 23 33 13 18 19 17 26 17 36 25 36 28 20 20 17 28 20 48 13 21 12 26 21 17 17 17 29 19 26 18 17 18 35 23 18 23 18 33 14 38 22 29 15 11 17 14 18 31 21 14 40 30 19 33 25 33 16 24 
27 19 11 15 22 21 26 18 29 19 20 21 30 17 18 23 23 24 13 14 14 12 13 29 10 25 15 10 46 10 32 31 41 31 37 20 2 22 21 27 8 22 20 30 22 32 25 16 22 22 30 27 20 30 21 27 11 19 5 15 19 16 6 24 24 9 21 16 13 31 31 25 35 22 25 36 31 9 23 18 
31 29 17 18 28 19 19 20 29 24 24 10 19 15 17 30 38 23 23 20 12 14 39 28 20 12 26 15 45 18 43 28 26 17 37 28 17 24 16 25 18 22 31 22 20 20 23 36 25 16 12 22 31 16 29 21 18 9 24 26 14 12 11 39 23 25 20 15 31 24 14 23 33 23 42 31 22 22 24 22 
27 41 19 19 28 18 15 19 31 18 19 20 25 22 17 31 19 37 18 17 25 18 35 19 33 19 29 16 46 18 26 32 32 14 31 19 36 18 19 28 13 26 24 25 22 31 17 32 27 17 15 30 11 18 20 22 23 13 8 24 17 32 19 25 11 19 19 10 7 18 24 23 28 23 25 19 25 35 24 23 
31 25 23 13 23 18 27 20 38 26 14 23 26 10 19 23 12 22 8 19 18 17 22 26 20 26 22 17 22 15 21 48 19 17 27 19 33 35 13 25 17 21 32 17 9 34 12 24 29 25 21 18 19 15 14 20 29 20 13 20 9 26 9 30 23 24 18 12 22 22 25 23 31 33 26 42 36 34 28 26 
40 28 14 22 26 12 31 18 40 21 1 22 38 12 15 20 27 45 13 17 26 19 22 47 19 6 25 19 22 3 31 23 47 25 16 18 25 27 13 44 13 21 15 24 22 22 23 32 26 14 13 28 24 12 25 21 26 21 17 21 18 31 12 36 30 17 15 19 18 30 29 17 29 16 26 36 19 10 24 23 
34 23 22 27 27 20 16 21 33 35 29 31 18 13 20 14 27 36 15 18 20 15 24 25 27 6 7 16 31 18 26 36 16 11 25 13 18 29 14 34 17 24 10 18 22 24 7 40 32 14 14 19 17 25 23 22 25 13 11 27 13 24 22 25 26 29 15 14 30 30 23 26 41 17 32 29 21 33 19 23 
36 20 21 24 35 10 14 13 21 22 13 31 29 18 15 28 23 39 18 8 17 14 20 37 31 26 33 13 41 26 35 23 32 22 30 16 27 31 14 26 18 24 24 31 25 17 31 26 21 24 10 29 35 23 29 20 24 23 20 25 13 29 16 34 33 17 19 15 40 22 22 12 38 20 24 34 31 29 25 25 
30 38 14 17 9 24 26 25 28 11 25 18 24 18 15 24 27 33 18 19 22 15 27 37 23 30 23 12 35 11 22 35 28 13 25 21 34 21 12 22 12 15 28 28 22 24 20 30 27 13 9 29 26 11 28 25 25 8 9 28 16 29 18 29 20 5 24 10 32 14 13 29 26 27 29 19 27 17 29 22 
18 13 14 10 31 21 33 22 32 19 21 17 33 27 16 30 21 30 18 18 26 19 26 45 16 6 23 13 35 17 31 37 30 23 32 25 29 14 19 31 20 21 15 21 16 23 25 14 28 22 14 36 28 25 24 26 30 17 23 22 18 35 27 32 18 26 21 17 33 28 23 23 29 25 23 17 34 33 30 23 
40 20 24 18 36 13 24 15 27 28 18 27 33 20 17 28 24 23 17 11 22 22 26 7 19 20 32 12 25 25 24 33 36 25 9 19 23 28 11 24 15 31 30 9 23 34 20 27 25 17 26 26 24 14 24 18 24 20 11 26 22 18 20 28 21 29 23 11 7 16 21 16 22 28 35 28 33 37 23 32 
19 18 18 16 21 7 32 23 30 42 24 23 28 19 10 28 11 28 17 20 14 19 21 35 7 18 18 8 31 19 31 43 27 24 28 14 21 22 14 36 20 18 7 17 15 33 25 28 27 17 19 17 30 17 25 15 27 24 23 30 11 31 15 40 9 19 28 19 28 19 15 24 47 31 31 19 25 31 30 18 
25 37 16 10 15 20 27 21 29 25 19 22 22 11 2 27 24 29 18 19 22 19 40 37 21 18 44 19 36 25 34 29 35 17 32 15 29 28 16 41 15 11 15 21 8 28 18 15 23 19 21 23 34 24 14 20 22 28 19 29 15 11 9 14 16 24 12 11 20 15 23 18 32 34 30 12 25 28 22 16 
31 29 21 16 19 17 20 20 33 28 24 15 15 19 16 22 24 31 16 15 25 21 25 15 15 19 28 13 41 21 36 22 29 26 32 13 21 27 9 36 10 14 23 34 23 24 26 16 20 15 21 23 34 7 12 14 32 25 25 42 22 24 12 31 35 19 25 19 27 37 29 22 28 24 23 24 34 37 32 27 
22 30 15 9 39 16 29 25 30 14 10 22 24 26 22 10 39 30 14 10 24 16 27 34 14 29 31 18 24 33 21 34 34 17 30 19 18 34 22 37 10 16 28 27 23 26 35 33 37 17 26 23 22 30 8 7 16 25 17 31 16 29 28 37 22 18 36 19 11 26 26 22 26 35 37 10 24 35 40 27 
17 10 25 10 25 17 25 20 30 27 23 13 20 12 21 23 25 20 14 11 29 23 27 15 25 20 22 18 42 16 22 33 29 15 28 12 39 31 10 33 17 21 28 27 16 32 31 20 21 22 20 26 26 25 26 13 25 26 15 28 17 26 20 20 25 20 21 9 19 23 25 19 28 20 29 24 34 7 22 27 
32 36 15 12 35 13 34 13 21 12 21 17 24 23 24 20 26 19 10 16 26 19 21 22 28 23 16 20 17 19 23 31 20 11 19 16 24 35 10 27 16 32 29 32 24 10 19 19 26 17 24 33 32 26 20 10 26 11 15 15 8 24 23 22 11 23 27 18 19 36 20 20 18 26 28 27 39 27 37 21 
17 41 6 23 29 13 25 18 22 32 16 19 36 22 25 24 22 28 23 19 26 30 20 31 23 20 11 10 46 16 29 14 32 27 24 23 31 27 19 36 16 21 24 24 17 29 29 35 35 12 17 25 31 10 31 17 22 18 33 31 16 31 19 20 28 23 14 22 20 17 19 12 29 19 18 29 29 25 17 18 
30 34 15 17 46 20 7 17 32 30 19 18 29 12 19 21 17 29 10 16 11 8 24 28 21 28 23 14 31 28 25 13 35 20 34 16 21 29 14 33 19 11 23 30 18 29 19 37 22 18 24 21 34 19 25 20 29 27 19 21 25 27 16 40 35 24 25 18 26 17 26 18 34 36 19 27 22 30 30 27 
23 18 13 16 20 17 26 13 32 16 15 16 45 14 25 19 22 22 9 20 14 19 31 37 17 28 31 20 39 20 21 28 26 12 27 17 29 27 9 30 14 17 22 35 12 30 36 34 34 20 11 25 16 23 20 11 27 21 22 30 23 30 21 30 17 15 29 15 31 33 16 26 23 27 24 25 31 27 44 28 
37 37 20 14 30 23 33 20 30 18 18 23 20 20 18 39 28 36 18 9 12 16 22 25 36 23 30 11 30 24 32 44 26 23 31 22 16 34 17 22 16 10 22 33 32 11 24 26 24 27 15 34 29 16 19 21 29 12 10 22 12 27 25 24 23 24 27 20 35 24 23 21 29 29 28 29 22 26 23 15 
32 39 10 21 10 15 18 19 27 32 13 28 25 16 11 27 25 17 8 16 30 21 27 27 14 18 36 13 32 17 18 37 31 26 24 33 26 22 22 19 16 19 23 23 24 28 28 13 22 21 13 20 24 15 17 27 27 14 18 23 11 20 20 29 18 28 15 8 23 24 25 24 35 26 30 9 46 13 26 34 
40 36 14 18 21 22 22 20 22 19 14 13 28 14 19 19 18 34 11 14 25 16 21 20 24 21 29 14 36 23 16 16 21 11 35 16 19 20 14 18 12 23 26 36 23 32 21 25 21 22 20 30 24 18 14 26 23 23 6 27 8 22 24 12 17 32 29 16 25 39 12 9 8 15 20 20 35 37 13 18 
13 35 11 15 32 16 9 28 34 30 17 22 35 15 18 35 35 32 15 13 22 7 24 19 16 16 16 20 30 26 19 29 16 21 17 22 15 25 8 35 15 19 23 31 21 31 26 21 13 16 23 10 29 34 28 16 24 18 28 25 16 26 15 31 22 13 15 10 33 22 22 14 16 21 21 22 48 33 21 33 
25 46 13 16 17 23 22 10 23 24 20 13 13 23 18 22 36 15 14 11 22 23 11 31 10 15 28 19 25 17 31 33 24 17 26 32 15 27 20 35 10 21 18 28 26 14 10 38 28 14 20 26 30 25 21 12 25 19 21 27 16 29 24 24 18 13 15 18 26 19 19 17 11 31 24 19 18 25 21 23 
26 29 20 13 25 10 20 28 19 35 31 8 42 18 15 26 32 34 17 18 29 16 21 47 17 13 28 12 45 16 29 16 19 15 37 20 29 3 12 29 10 24 35 6 24 22 22 26 24 21 18 29 28 18 34 16 42 25 16 23 12 28 12 24 11 27 25 18 17 16 15 21 35 21 12 18 31 28 22 14 
26 22 17 16 18 15 26 22 38 20 25 16 23 9 15 17 26 32 19 14 16 13 14 27 18 17 33 16 31 13 42 37 32 32 16 21 24 30 12 26 15 14 23 35 19 23 19 34 16 18 10 22 19 16 20 12 27 21 26 34 16 31 12 38 8 13 18 20 26 24 18 13 27 19 28 28 13 24 18 14 
33 17 16 8 14 12 20 28 24 19 21 17 24 22 16 27 36 39 12 19 25 7 30 22 20 16 12 22 30 20 24 32 32 15 26 35 16 17 11 33 17 17 24 26 18 17 21 40 25 4 34 22 25 19 19 14 28 22 29 27 11 34 13 23 16 23 11 12 31 39 25 12 17 10 23 29 25 26 23 29 
21 18 13 18 28 16 33 16 15 24 18 21 39 14 13 26 37 30 23 7 20 19 23 19 29 20 21 16 30 21 32 28 21 23 18 14 21 35 13 27 22 16 19 32 23 22 27 24 21 15 27 46 27 23 28 10 20 24 20 17 20 17 14 24 21 13 22 21 33 22 16 23 23 27 21 14 24 22 11 32 
33 19 14 23 20 16 28 13 32 31 26 22 33 18 12 13 28 26 12 15 19 11 25 28 24 21 31 17 22 18 8 41 26 24 21 9 21 29 17 21 19 26 21 28 21 12 19 32 16 23 11 40 29 7 29 16 26 18 18 31 20 29 22 36 26 24 18 13 27 38 28 15 33 24 14 8 26 28 34 19 
28 39 19 17 38 4 26 13 28 20 31 20 36 16 25 23 37 24 6 12 25 20 22 24 23 19 19 9 45 26 16 34 37 25 22 21 19 19 13 33 15 19 26 39 11 28 24 32 27 17 25 27 45 23 17 16 18 20 23 25 30 16 25 28 20 21 19 18 35 30 25 19 18 20 33 39 22 31 22 24 
37 36 6 15 23 17 27 22 23 34 32 19 30 8 24 36 20 35 18 17 22 20 12 27 15 20 23 17 44 17 19 11 22 22 18 19 20 25 14 28 15 27 15 29 23 20 25 25 20 21 19 15 22 17 22 23 23 28 19 27 20 22 21 46 32 19 24 13 36 26 21 13 33 29 25 19 33 17 34 26 
35 35 11 13 28 23 33 22 27 25 26 26 35 11 23 30 13 21 10 18 23 13 13 28 20 24 30 9 25 28 27 22 12 29 25 26 43 19 22 41 17 18 19 23 22 17 30 36 9 24 27 32 32 12 17 14 17 22 22 30 16 24 18 10 32 15 19 11 22 15 27 25 37 25 27 29 22 25 11 24 
24 35 7 20 37 19 37 15 44 22 16 22 28 16 12 13 35 37 20 14 15 13 27 20 25 13 25 20 30 18 36 31 33 24 22 20 11 34 17 28 20 25 17 20 28 26 24 24 36 23 21 32 22 13 16 21 21 20 18 26 16 31 23 19 19 28 23 17 22 22 20 21 29 19 22 27 35 37 25 23 
22 22 14 13 30 16 29 15 27 30 17 21 30 17 15 29 14 21 19 18 27 14 23 28 22 15 19 19 25 25 20 21 28 15 30 15 26 23 14 46 21 26 25 31 16 30 32 30 18 18 19 42 18 11 19 23 32 9 31 21 27 25 17 33 20 24 16 12 22 28 14 24 30 21 20 15 22 24 29 6 
32 29 16 18 17 7 17 14 16 21 22 28 39 12 12 32 30 32 22 16 26 17 23 46 9 22 21 12 38 13 27 34 31 12 28 7 22 30 5 30 12 17 14 33 19 23 17 30 22 12 24 21 21 23 21 14 27 16 17 23 22 18 6 30 17 29 22 14 33 27 17 19 38 24 29 32 32 24 27 20 
21 45 21 5 34 12 21 17 6 12 21 22 38 12 19 24 30 35 21 13 31 10 14 14 17 13 28 16 37 24 17 16 31 15 36 19 33 23 15 32 20 19 34 22 21 27 27 34 26 20 18 14 18 25 17 9 16 22 20 14 14 16 17 15 21 23 16 15 24 14 28 17 34 23 23 27 54 22 26 19 
30 26 15 13 21 15 25 20 33 29 21 15 31 16 18 27 31 35 16 14 25 28 23 25 25 14 16 17 33 27 20 25 20 21 21 20 25 33 21 37 8 29 21 33 21 21 21 24 15 21 34 27 15 24 24 10 23 19 31 26 21 21 24 18 22 13 17 14 25 20 26 26 26 17 16 14 45 35 21 30 
13 17 14 13 12 24 26 22 27 26 25 23 42 22 16 16 27 31 19 21 32 18 16 26 23 23 34 16 19 13 29 29 20 21 30 18 33 20 18 24 9 21 29 9 26 37 27 34 17 18 23 23 22 6 20 17 12 21 21 22 21 27 26 26 20 30 11 11 29 34 16 22 39 15 23 33 18 22 37 20 
27 32 13 10 28 9 28 34 39 28 38 27 11 30 18 26 35 29 16 6 28 9 22 15 22 21 19 10 29 16 15 19 44 22 32 25 18 33 14 23 13 16 16 20 15 14 28 27 18 14 11 39 23 15 17 20 17 28 29 20 13 33 29 30 19 19 27 17 22 17 17 26 34 15 13 24 32 19 15 33 
27 29 7 27 22 12 29 20 22 30 14 19 25 26 17 30 30 14 19 17 27 21 22 31 21 23 35 17 33 14 12 55 28 14 25 20 30 27 19 40 14 25 23 26 21 27 21 33 19 24 19 26 28 25 16 19 35 12 26 27 16 32 18 15 23 23 25 13 27 25 13 24 21 27 35 27 18 39 19 27 
34 39 19 18 42 24 22 6 24 22 15 20 16 11 6 25 17 15 16 11 22 20 17 22 29 19 20 15 25 25 18 34 47 25 41 15 31 20 9 21 16 21 29 29 17 35 19 30 23 16 27 26 24 18 24 22 37 21 12 31 14 11 18 22 21 24 25 18 17 28 26 25 21 26 19 23 39 21 18 31 
7 23 17 14 31 8 22 17 16 21 14 10 25 11 18 24 29 43 18 18 24 16 17 37 24 22 21 15 32 12 22 27 28 19 33 7 30 29 22 5 20 21 12 37 20 23 40 33 22 17 20 26 24 11 24 15 3 21 23 43 27 12 24 28 24 23 17 14 20 8 23 24 18 33 26 15 10 22 26 32 
17 22 18 16 12 17 17 29 26 29 17 29 31 17 19 14 27 26 12 13 25 14 20 29 28 16 24 12 35 16 18 33 36 24 29 27 29 27 15 37 18 18 38 24 28 31 27 22 35 16 16 14 22 27 29 10 29 20 20 27 17 23 20 31 23 16 15 11 24 26 24 12 25 28 28 24 32 31 23 25 
31 42 18 17 16 21 21 17 22 30 9 20 42 19 16 23 17 29 17 11 29 10 16 30 29 28 28 15 33 24 29 36 32 22 24 24 25 28 16 14 14 17 32 25 18 27 26 24 13 21 19 31 20 14 35 7 29 28 23 29 8 23 18 28 24 30 32 12 33 24 22 30 25 26 26 36 31 28 26 30 
15 27 19 24 24 16 14 20 22 33 7 20 29 12 22 17 19 35 16 15 16 12 17 39 20 29 33 19 32 23 31 26 34 14 22 22 19 27 13 36 9 18 25 31 15 25 32 26 16 7 21 31 33 24 21 9 33 16 19 21 13 31 14 18 21 17 21 15 26 14 19 21 42 21 19 25 37 26 21 20 
51 20 20 14 30 13 25 17 45 27 21 15 31 27 17 21 23 25 22 15 26 10 26 13 21 28 30 17 39 18 22 44 24 20 27 22 25 34 18 28 17 26 25 12 23 22 24 34 25 20 20 33 42 27 29 16 20 21 13 32 22 24 11 19 16 18 17 16 28 22 31 23 31 22 31 29 29 33 17 25 
33 26 19 16 19 15 12 24 9 20 17 18 28 21 9 24 38 31 10 17 16 21 20 19 28 34 21 16 23 20 5 35 24 23 23 24 19 34 10 24 14 25 20 18 13 33 32 32 29 17 10 14 25 11 10 16 21 17 28 35 12 32 18 45 20 27 30 14 25 36 22 5 28 24 33 32 21 31 23 12 
20 44 26 11 28 12 21 19 19 33 20 25 25 21 12 29 25 21 17 11 29 16 18 38 30 23 11 17 29 22 26 25 48 22 29 27 26 20 11 29 15 19 8 23 15 33 19 21 15 21 15 18 22 22 25 20 25 19 32 31 24 24 22 33 27 8 19 8 22 22 22 23 24 22 23 33 34 26 30 20 
29 28 17 14 25 23 21 14 16 28 31 19 9 18 15 29 33 15 20 18 20 12 29 39 23 24 22 15 40 17 25 26 30 24 30 23 31 31 13 4 11 16 24 22 8 18 16 21 21 18 21 32 20 25 34 24 29 25 30 23 19 29 13 26 31 22 24 20 22 16 29 25 21 27 22 18 31 29 25 20 
40 36 24 16 22 11 12 14 29 17 22 16 26 26 12 18 35 34 23 16 26 13 19 25 22 30 26 11 20 29 33 23 13 21 22 23 39 17 18 25 23 24 24 14 24 22 16 23 22 16 19 36 25 12 23 9 17 21 23 24 24 26 27 39 17 27 18 16 34 33 19 15 30 22 14 15 28 12 20 17 
28 24 11 13 17 8 28 21 31 28 18 24 36 19 11 32 28 26 18 21 33 13 20 33 13 22 36 17 33 16 26 44 32 16 29 24 31 21 19 37 22 19 22 17 26 27 33 24 20 20 22 22 24 20 27 16 28 12 15 17 16 38 19 38 19 22 23 16 40 35 17 19 32 32 43 29 14 4 31 18 
24 33 17 15 22 13 26 31 26 21 10 20 34 26 27 22 21 27 20 11 28 23 21 33 34 22 21 19 36 16 19 26 31 27 35 17 25 19 16 21 21 20 24 33 21 33 29 21 30 8 26 24 24 29 27 18 38 10 26 31 8 29 16 29 18 26 23 15 21 24 12 17 31 13 24 43 20 31 28 18 
31 23 19 22 24 18 44 20 17 13 26 23 27 12 14 20 35 23 24 14 33 14 28 30 22 23 20 17 34 34 24 31 12 21 22 22 22 16 9 23 11 17 25 20 20 26 18 27 32 20 20 21 14 27 34 10 16 21 9 17 12 25 26 29 20 13 22 15 32 15 18 13 30 26 17 21 29 29 16 17 
33 41 16 18 31 16 26 7 37 13 21 15 42 12 18 29 21 21 21 10 18 8 18 36 27 5 29 9 37 22 31 26 25 10 43 11 21 27 16 22 14 15 23 27 13 11 17 34 19 18 25 26 10 12 8 18 38 17 20 27 16 34 17 18 22 26 18 12 28 25 15 27 26 27 26 33 32 13 22 22 
33 47 13 25 6 13 24 14 36 36 17 17 33 15 22 31 37 28 15 12 24 18 16 28 15 16 25 13 34 21 15 41 11 14 29 24 40 29 9 14 21 18 17 32 13 37 22 40 27 15 11 29 8 23 32 20 18 20 34 13 22 32 8 34 15 34 32 25 33 15 24 20 17 17 25 21 20 27 15 32 
20 33 15 10 35 21 31 17 23 22 18 13 22 21 15 15 28 35 19 18 25 22 24 23 24 12 22 10 27 32 16 31 9 25 27 27 25 18 9 25 21 9 17 27 26 22 23 35 13 23 17 22 28 12 23 15 20 24 19 24 18 29 24 24 29 14 28 12 25 26 12 15 34 21 5 13 40 33 19 28 
25 37 19 19 31 18 22 22 19 19 20 21 39 20 23 30 34 22 22 12 12 13 21 35 26 35 27 12 21 16 30 23 27 19 32 9 23 31 13 35 14 21 22 24 16 32 24 29 24 19 24 34 28 15 21 22 18 15 27 16 22 23 17 25 19 24 21 11 26 43 16 24 30 23 28 20 35 31 23 20 
23 45 6 14 23 23 31 19 27 21 23 16 20 22 22 26 18 34 13 20 31 17 8 23 26 28 27 14 20 28 16 39 24 26 32 26 20 31 12 23 8 20 31 24 21 29 20 23 27 22 13 21 27 24 17 12 11 15 18 23 26 35 19 27 27 17 30 8 18 28 15 28 14 30 29 38 18 26 35 27 
43 32 15 14 5 19 35 16 17 28 24 8 29 13 21 21 38 36 19 10 15 22 13 16 35 11 19 15 32 19 26 40 23 15 16 16 23 45 14 32 17 18 24 32 27 34 26 26 29 17 25 16 23 25 15 25 37 17 20 31 22 18 15 30 29 18 17 11 4 24 18 22 30 30 33 37 28 23 20 19 
24 36 20 12 37 20 26 29 33 21 25 22 33 18 11 27 24 24 15 19 17 19 19 27 12 17 30 13 20 12 29 46 41 13 36 13 25 21 7 58 14 15 13 26 19 32 31 22 21 15 16 28 18 32 28 20 33 12 23 16 22 48 23 22 20 17 18 11 30 38 26 30 44 33 26 39 32 22 22 22 
28 36 17 13 38 16 17 20 22 33 27 20 26 23 22 29 29 31 16 10 25 9 28 26 20 28 27 11 32 17 26 20 24 14 41 20 28 27 12 36 16 17 26 16 23 10 16 23 15 15 24 24 30 23 20 20 28 24 9 40 11 19 22 21 20 22 33 16 30 25 27 14 23 22 19 33 24 33 15 33 
16 24 19 16 18 12 23 21 30 10 13 18 34 22 15 32 30 30 16 9 19 15 20 30 22 22 14 15 19 37 33 34 27 10 41 24 17 14 16 32 18 22 23 35 23 22 21 32 24 25 14 22 26 23 27 16 21 20 11 13 20 17 14 23 30 21 27 16 24 18 15 21 35 30 24 32 19 30 19 23 
49 37 19 11 24 17 25 16 42 28 32 23 28 17 13 15 14 15 12 20 24 20 25 40 20 22 29 19 43 22 11 43 33 18 32 13 22 23 12 20 15 12 21 14 15 12 19 27 21 18 23 17 28 16 16 22 34 9 27 20 29 38 19 35 19 30 16 21 11 31 18 15 22 8 29 33 50 30 20 28 
34 36 16 16 23 15 28 14 30 26 31 11 42 15 19 27 27 24 12 16 22 20 18 36 23 24 20 10 33 27 27 19 24 18 19 10 26 35 20 26 15 27 23 13 13 33 19 28 25 20 21 22 31 15 16 11 24 15 23 28 22 24 25 16 28 19 25 21 11 30 15 12 24 28 23 31 15 11 26 21 
31 22 17 20 31 4 35 30 20 20 20 28 35 24 25 37 16 25 19 17 15 21 14 24 24 17 34 21 38 22 27 25 19 20 34 24 4 26 16 35 14 13 10 38 18 36 19 18 23 16 25 12 18 15 23 18 26 27 17 24 19 25 20 26 28 19 21 19 23 21 25 22 17 28 12 43 20 18 15 19 
24 23 12 15 26 12 35 13 23 14 21 24 18 20 21 20 37 29 20 9 16 16 21 39 10 27 22 17 27 32 25 19 20 12 25 23 28 20 11 22 14 23 18 30 13 26 24 30 32 15 20 24 29 20 27 18 5 23 20 24 16 21 16 29 34 23 18 17 37 26 30 23 23 20 23 27 42 17 23 32 
30 6 17 18 19 23 27 18 37 23 18 27 29 15 24 32 32 22 27 14 23 15 26 35 25 23 24 13 29 31 18 39 35 5 25 13 26 29 18 30 5 16 27 26 12 17 21 30 16 21 23 24 14 15 32 23 6 19 21 26 15 25 26 23 28 20 18 13 39 23 30 16 26 11 32 21 30 28 26 33 
34 37 21 19 39 13 32 20 28 21 20 21 19 27 7 24 16 29 15 14 19 14 21 48 15 33 21 14 38 26 25 37 18 16 22 19 18 30 19 35 20 18 22 20 14 19 30 25 32 13 29 21 23 15 16 13 30 17 24 21 23 31 23 14 30 18 7 11 24 28 12 21 36 14 29 33 13 38 25 22 
34 46 9 21 28 12 27 9 31 31 26 19 36 27 12 22 19 26 10 18 14 16 21 23 16 21 17 15 37 23 31 35 25 20 31 18 23 16 19 39 11 19 15 23 27 17 23 37 16 26 9 34 31 16 26 23 33 20 30 33 26 14 9 33 25 18 26 17 13 15 18 19 44 37 12 34 23 32 22 22 
28 32 13 17 15 16 29 10 29 22 25 16 34 26 20 25 28 34 23 14 28 13 13 23 9 14 28 9 30 21 11 28 30 28 27 25 18 17 17 35 20 25 20 26 20 11 21 39 8 15 15 25 24 12 22 17 28 17 10 39 13 28 28 29 24 11 17 13 24 19 13 19 36 30 30 7 35 32 6 35 
35 21 26 7 28 25 20 10 18 38 16 24 30 31 10 27 21 16 18 17 25 14 18 41 28 18 29 9 20 15 15 35 21 20 25 24 20 29 15 36 17 24 16 26 15 19 14 28 16 15 21 24 24 20 22 20 18 19 24 26 22 30 13 37 34 18 19 21 19 31 24 20 25 30 25 33 42 15 18 32 
33 17 12 14 41 11 22 23 37 20 21 23 44 12 21 20 24 29 12 15 25 10 25 23 21 32 32 19 42 10 30 34 18 12 21 17 24 26 19 28 15 18 26 23 29 26 15 26 23 19 27 26 36 13 25 20 21 17 24 20 20 25 11 26 18 12 15 10 12 35 15 8 35 22 14 22 46 45 31 25 
36 21 17 21 34 13 24 17 22 19 20 24 39 24 22 26 25 29 18 20 16 16 27 26 14 16 32 20 37 21 32 22 21 15 43 28 26 22 12 7 10 21 25 32 24 16 26 33 19 13 23 27 25 20 39 25 32 15 22 10 14 30 17 50 23 20 23 8 27 18 14 20 28 28 17 7 25 33 26 16 
21 25 10 9 22 13 25 19 19 21 17 20 12 20 20 22 36 31 21 16 17 13 20 36 20 12 29 9 21 19 25 17 33 21 37 13 33 28 12 24 13 12 24 41 25 35 23 24 19 25 20 22 11 12 30 16 23 16 20 27 21 33 12 21 19 32 25 16 25 23 15 19 31 18 23 23 30 30 22 25 
37 25 11 8 30 16 31 18 19 26 16 21 21 23 18 21 37 30 11 16 25 17 24 41 25 38 23 16 33 13 26 15 36 19 24 17 19 31 22 19 11 29 33 33 20 31 25 23 26 14 21 20 24 19 21 10 18 14 28 23 18 45 21 38 32 20 19 16 34 14 20 20 26 17 24 29 15 18 28 27 
18 41 17 20 23 15 27 20 30 18 18 22 24 21 13 21 30 31 27 19 23 23 25 24 31 11 27 22 29 23 28 23 32 19 36 15 28 28 22 22 16 20 10 25 15 31 24 17 30 11 19 35 8 18 24 23 22 17 22 17 21 22 19 26 17 15 17 17 27 21 22 18 28 27 8 25 24 25 20 30 
32 43 12 19 36 17 30 18 33 20 19 26 34 10 15 12 31 21 20 15 28 22 26 31 20 19 22 14 23 9 22 30 35 20 27 15 22 25 18 24 21 17 25 32 17 39 21 25 19 22 20 25 26 14 18 17 28 17 19 15 23 52 23 22 22 25 22 17 18 26 28 9 24 34 38 27 19 33 39 17 
33 35 13 15 29 11 26 10 35 40 13 17 48 15 5 17 39 27 14 13 5 12 21 32 22 10 32 23 30 6 23 7 22 21 30 22 37 13 16 20 11 23 33 20 8 24 20 19 25 16 15 18 30 25 20 10 11 8 26 23 18 31 14 23 27 15 24 14 17 27 22 26 34 14 26 33 26 40 35 14 
46 13 11 13 10 18 24 26 16 32 11 14 14 17 18 19 18 36 18 17 21 20 24 40 22 14 31 21 20 19 29 34 29 27 34 8 34 27 7 15 18 13 31 30 20 33 18 25 20 13 18 22 12 9 33 14 23 20 18 36 27 18 17 11 35 23 20 20 9 14 22 17 32 30 25 31 38 25 22 22 
23 31 4 5 26 9 32 23 39 26 25 21 55 22 22 11 33 33 17 17 24 21 22 13 27 15 24 15 38 12 28 31 27 24 28 16 18 26 24 40 12 21 18 26 19 34 29 32 28 23 17 20 11 29 20 18 26 18 22 24 15 39 19 48 24 18 23 20 34 26 18 6 34 16 33 20 22 25 26 30 
35 43 20 16 25 20 23 20 40 27 13 21 32 15 15 33 26 29 26 19 21 19 27 21 18 22 33 16 34 17 32 39 24 11 37 23 20 25 16 33 11 18 29 27 21 30 32 20 19 15 15 18 22 29 26 24 17 22 27 17 13 25 23 23 21 13 21 11 11 37 17 15 22 24 25 22 36 31 33 29 
17 28 13 14 24 15 28 20 11 34 13 22 26 14 22 19 13 43 11 12 25 19 17 30 14 14 20 14 32 20 20 45 20 7 24 20 29 38 14 22 13 18 24 37 24 9 29 28 28 20 28 23 26 14 30 13 31 25 16 26 23 18 16 22 21 13 10 8 21 40 20 25 35 20 22 28 31 19 27 30 
36 19 14 15 17 18 21 18 30 21 12 23 20 20 22 17 36 28 15 12 15 7 33 26 28 18 27 20 42 21 33 34 29 13 29 17 31 21 19 20 13 10 27 15 15 18 21 29 24 18 14 34 22 13 34 19 27 15 18 24 18 35 14 23 35 24 26 4 22 31 19 23 32 22 13 19 36 36 20 19 
34 30 13 15 30 14 26 21 33 29 20 19 22 17 29 12 42 33 28 15 26 8 27 25 22 12 26 19 29 11 19 41 49 22 21 12 13 22 12 24 22 22 19 20 14 33 10 22 26 14 25 12 19 22 26 22 22 25 26 21 15 32 21 26 31 11 24 15 33 29 19 24 41 34 23 22 24 32 28 42 
30 42 17 10 38 22 18 28 18 16 19 20 33 14 10 23 25 31 16 20 14 17 21 35 9 19 26 16 24 25 28 15 20 19 15 20 4 19 17 30 19 21 25 26 15 11 15 23 18 5 17 28 24 13 8 15 24 22 16 25 11 25 15 20 13 24 23 13 17 23 11 18 26 28 29 32 39 15 41 21 
25 36 22 15 23 17 20 30 31 14 20 24 26 17 15 16 27 14 13 15 21 27 28 23 22 31 20 20 20 13 21 19 32 23 35 17 14 32 9 30 20 27 26 36 15 34 19 9 20 18 17 29 25 16 23 25 23 18 13 24 18 23 27 31 25 23 23 14 16 25 24 16 26 26 36 7 22 34 21 20 
35 51 18 17 22 21 33 28 20 26 12 14 30 21 15 25 22 29 21 13 24 12 30 32 11 30 29 21 33 21 31 33 29 11 42 23 32 4 10 37 10 27 21 16 13 7 29 33 17 18 12 33 33 16 22 17 36 21 17 21 12 26 21 31 26 24 22 10 26 22 19 23 20 18 30 36 25 31 15 16 
28 25 8 8 29 20 10 16 21 29 14 21 33 16 14 25 23 28 11 13 22 15 19 18 28 12 26 21 32 23 24 23 37 16 28 25 15 23 8 18 18 12 25 32 17 22 12 25 23 14 23 30 30 23 21 14 23 12 18 35 19 33 18 37 16 23 21 18 31 18 27 23 43 13 30 39 35 34 18 17 
20 22 12 19 23 15 33 9 36 29 21 17 33 9 16 22 25 38 20 9 17 17 18 44 11 21 21 13 41 17 30 15 30 26 34 23 28 34 17 33 22 29 25 29 27 35 20 30 16 14 24 29 23 21 33 15 25 16 18 28 24 36 20 35 19 7 14 17 23 28 26 22 12 27 17 11 25 36 26 29 
19 29 27 14 18 10 28 21 35 28 21 15 13 17 12 25 39 17 19 20 17 11 28 18 13 19 24 13 30 31 15 45 30 19 22 29 33 30 18 27 18 17 25 27 22 31 18 31 26 26 27 31 29 14 30 23 27 17 14 25 13 46 16 21 24 25 10 14 26 34 25 13 11 30 35 35 37 33 9 28 
39 28 25 19 16 14 23 24 27 18 12 25 26 13 13 34 29 27 15 23 23 13 22 34 22 24 33 18 26 12 19 32 21 22 25 16 28 19 7 28 17 18 14 29 15 37 5 29 15 18 24 26 39 26 26 21 21 21 21 24 15 41 21 27 28 15 17 5 28 28 29 19 20 14 23 14 23 20 29 32 
33 30 14 24 31 16 28 21 39 32 22 17 39 19 18 22 27 30 13 18 23 17 25 18 18 12 24 10 29 22 20 35 25 22 26 25 29 22 10 43 13 24 27 20 28 12 12 42 33 23 18 24 33 29 27 23 16 14 24 31 15 47 11 27 27 17 22 17 22 41 18 14 41 7 18 26 27 28 30 29 
34 29 19 23 26 12 21 19 30 14 37 8 16 15 5 19 21 22 19 18 29 11 15 28 17 7 15 16 29 21 31 37 19 25 19 21 36 22 17 40 17 28 21 30 26 29 17 32 25 12 15 32 21 8 29 15 22 19 17 19 22 36 22 36 25 16 18 16 11 12 28 24 27 35 19 29 13 38 14 24 
26 23 21 21 26 19 20 17 18 18 26 21 22 25 18 31 35 21 20 14 19 9 22 20 24 28 30 14 24 16 20 43 20 24 31 24 28 35 11 38 15 22 25 32 16 31 26 32 29 20 14 23 15 21 20 22 32 3 26 39 17 23 14 18 26 14 21 12 26 27 24 31 22 30 25 25 36 30 17 25 
20 42 23 13 33 13 33 19 26 21 23 22 12 28 28 11 19 38 14 12 38 19 6 30 26 18 29 11 41 18 24 37 14 26 16 23 32 14 16 26 14 16 19 21 19 29 22 27 16 10 16 16 29 23 20 29 33 17 18 21 15 15 19 23 28 23 35 18 33 29 16 27 23 14 25 27 30 27 30 23 
44 28 26 22 21 22 29 9 22 28 12 17 23 21 16 24 14 12 22 20 35 19 31 31 19 17 41 22 44 25 18 21 29 18 36 18 21 30 20 32 19 23 32 33 19 27 16 31 27 10 15 20 37 15 31 12 19 16 20 25 13 29 27 14 32 16 27 14 13 15 13 14 36 24 30 18 25 23 21 22 
25 28 24 17 27 22 30 17 26 22 13 20 27 13 25 18 23 23 18 21 22 14 20 29 16 25 33 14 27 11 35 21 36 23 28 16 33 25 10 28 14 16 23 33 17 14 20 36 20 27 23 28 20 26 9 11 24 14 14 15 12 16 18 23 26 23 19 23 22 24 16 7 24 33 30 30 28 33 13 21 
27 26 17 24 23 17 16 35 19 36 24 20 39 15 25 31 23 46 25 17 27 15 17 37 19 14 16 15 32 15 26 35 46 15 15 17 26 40 21 14 10 16 13 25 19 28 31 26 22 11 25 27 32 12 24 26 34 13 11 25 16 28 24 34 29 21 20 9 19 31 25 17 33 30 25 24 21 26 27 14 
35 4 20 10 19 13 14 24 25 22 24 19 22 14 16 23 31 27 16 25 17 21 22 29 16 10 28 11 23 29 30 41 33 20 28 6 14 23 20 34 18 16 28 34 23 28 27 24 19 21 18 23 13 15 26 20 31 22 19 30 13 26 24 38 17 17 31 14 10 29 16 24 24 38 42 34 29 30 20 31 
26 11 11 16 38 20 23 17 28 33 25 19 19 13 12 22 26 46 22 15 20 19 30 30 20 34 23 12 21 23 28 15 16 22 25 17 23 22 21 39 10 19 29 14 24 24 35 25 22 16 20 39 26 32 30 18 22 10 22 34 20 29 19 21 18 22 21 21 19 18 24 25 28 21 19 29 28 33 22 21 
34 20 25 15 18 7 34 17 26 25 22 18 17 23 13 27 26 33 6 14 21 26 21 29 24 27 29 16 49 27 31 42 26 30 19 22 22 27 8 23 14 18 30 19 21 25 21 30 12 22 21 35 16 23 26 18 30 17 15 24 28 34 23 26 27 23 27 12 19 28 19 13 28 31 39 30 36 19 27 24 
27 45 26 14 25 21 20 14 33 26 29 19 32 20 28 26 11 24 18 16 17 21 31 26 15 19 35 11 26 28 31 28 21 19 40 20 32 30 13 32 25 25 27 23 20 20 35 37 17 29 24 17 23 16 19 12 9 21 25 24 15 34 13 35 13 25 19 17 40 16 19 10 25 26 17 41 31 36 20 28 
33 10 23 20 18 25 17 36 26 24 20 25 31 19 13 22 28 31 17 15 12 11 31 29 24 16 18 24 30 34 19 22 30 6 42 20 35 35 13 31 17 16 30 15 17 24 27 30 22 12 14 40 28 20 19 13 38 18 19 20 17 34 16 25 21 28 22 11 15 25 24 25 32 22 20 26 12 33 34 19 
37 44 12 19 5 15 25 19 23 26 21 23 44 16 23 33 36 35 22 14 28 24 39 23 20 27 27 18 46 15 26 21 25 25 21 27 31 35 11 28 15 17 23 27 18 18 33 18 13 15 18 36 28 17 33 12 23 14 20 32 10 19 14 17 25 11 21 17 26 17 18 24 33 13 24 32 33 20 24 28 
15 25 25 15 38 16 27 20 25 23 20 22 28 12 23 15 30 39 17 17 34 18 31 32 17 22 30 16 36 20 19 48 22 25 29 24 30 26 19 35 11 30 23 26 23 26 30 30 22 10 17 20 25 20 28 21 29 20 20 25 19 28 14 20 19 25 12 9 38 19 30 18 19 18 20 35 42 24 33 18 
39 40 20 16 21 25 37 29 19 33 27 21 30 13 19 18 7 23 11 11 10 10 21 31 26 20 23 11 32 17 22 32 19 23 29 20 26 27 19 31 7 14 24 28 31 8 22 26 21 22 11 25 20 9 16 19 15 29 21 24 10 39 13 29 8 20 21 20 17 30 30 14 25 23 16 24 33 13 21 21 
45 36 17 17 42 20 21 26 34 34 11 15 30 17 11 30 32 38 16 16 20 21 21 29 24 22 28 14 38 22 20 34 29 11 36 22 24 30 18 30 13 13 28 13 12 25 23 35 12 22 17 19 27 16 14 21 16 28 26 28 21 46 12 13 18 23 27 14 23 27 20 19 26 20 25 25 26 16 20 14 
34 46 13 16 32 15 19 27 38 21 25 21 28 21 18 23 34 27 14 18 27 15 22 34 25 19 34 13 23 15 25 53 31 17 27 21 36 28 24 31 14 18 9 24 20 27 15 20 15 20 25 24 22 25 22 24 22 20 31 26 23 32 19 20 31 27 21 13 25 11 23 27 30 26 26 30 46 21 20 29 
32 28 19 21 37 22 13 29 25 24 27 19 26 11 14 25 19 32 14 18 24 18 26 19 19 33 23 14 22 24 24 28 32 23 24 21 29 31 22 38 14 23 12 17 20 37 23 26 11 17 21 41 18 18 23 16 31 25 22 23 14 37 15 29 23 14 28 17 23 28 19 15 24 25 35 25 27 30 9 19 
26 29 19 16 18 17 24 24 15 32 18 23 29 15 12 24 26 18 11 20 18 14 27 38 6 21 19 23 39 16 17 35 22 17 26 22 35 30 17 15 12 21 22 33 23 29 22 34 20 12 17 37 22 27 24 14 18 26 17 20 13 42 16 23 23 18 29 24 27 21 33 16 16 15 17 29 29 27 20 26 
25 45 18 21 29 16 39 26 34 21 27 9 26 19 17 12 29 46 17 15 29 12 17 29 23 21 36 19 39 16 28 32 31 18 14 28 26 21 15 23 16 28 22 24 17 34 22 22 27 10 31 34 8 21 17 26 23 30 25 15 16 41 20 39 22 23 31 16 19 30 21 11 25 24 28 25 17 35 18 23 
10 27 19 18 39 17 26 15 24 25 17 27 24 17 12 29 24 29 16 16 24 9 28 13 23 17 21 16 32 24 14 18 32 26 36 22 30 17 8 16 13 22 9 12 21 12 34 26 22 21 21 35 20 20 25 22 22 14 27 28 14 31 19 48 19 24 14 15 23 39 7 22 11 21 25 24 28 30 29 26 
10 10 11 21 27 13 36 25 16 31 30 21 20 17 14 23 28 20 24 17 22 18 13 29 8 13 17 17 23 32 18 24 15 25 23 23 31 31 14 25 4 14 17 9 24 35 23 18 23 26 26 23 26 3 34 15 17 22 15 20 18 14 19 39 14 22 19 15 12 19 16 25 30 33 24 18 35 28 16 36 
41 38 15 11 39 19 28 27 20 26 15 18 33 20 20 25 34 35 10 17 21 12 16 30 19 25 23 13 28 24 33 36 34 19 30 21 18 16 15 44 20 23 26 25 9 26 27 22 22 20 34 25 21 16 26 13 24 22 12 37 23 32 15 26 21 26 22 13 24 27 23 24 27 6 37 39 21 28 24 20 
20 27 11 11 31 20 27 16 28 35 33 22 27 16 24 15 24 32 13 15 22 22 32 32 18 23 22 19 18 21 26 27 29 17 33 20 17 22 16 33 13 27 24 29 16 21 13 27 24 17 15 27 25 31 20 18 21 13 22 17 18 25 22 31 23 25 26 13 28 32 24 14 34 21 35 33 27 17 31 22 
39 19 16 11 31 14 11 11 33 16 13 20 28 15 21 30 33 37 19 14 16 11 22 24 25 18 36 18 27 18 27 37 33 13 33 11 24 29 19 18 21 8 25 23 26 35 28 31 20 15 27 36 17 14 27 13 20 21 22 30 16 29 24 35 27 17 16 16 18 25 21 23 24 15 23 21 24 20 14 27 
33 24 17 17 18 16 23 24 39 28 18 18 24 16 20 25 27 28 18 19 15 12 25 35 31 22 36 14 25 14 29 34 28 18 40 14 26 34 21 21 21 20 20 26 28 20 31 30 16 21 24 28 33 16 26 23 22 13 25 19 11 14 13 24 27 37 27 19 18 17 15 18 45 35 35 28 30 38 25 28 
27 19 23 20 25 12 31 21 25 34 24 20 35 29 17 16 29 35 25 14 27 30 26 35 16 24 25 21 22 18 35 38 32 15 34 25 28 12 19 23 21 20 21 10 14 24 28 11 20 12 25 39 12 15 27 19 28 21 30 24 20 24 23 41 20 5 34 14 33 15 22 15 38 10 21 17 42 40 16 28 
33 39 19 18 25 14 27 25 27 15 21 15 32 24 24 26 19 34 21 18 13 16 20 45 25 17 25 16 12 29 31 24 37 21 17 26 19 24 14 28 19 21 27 19 11 26 34 26 22 16 22 21 7 28 31 16 25 15 19 16 18 29 25 29 35 17 26 20 21 22 25 18 44 22 16 29 44 13 22 26 
38 24 12 10 34 14 26 10 32 15 18 16 32 26 16 28 28 32 11 14 24 19 13 22 34 10 27 11 37 25 39 39 29 22 17 20 19 22 11 28 11 20 22 26 24 29 14 26 27 14 19 28 22 19 16 13 18 16 20 34 13 33 21 26 16 21 21 17 31 19 15 13 30 33 22 30 23 25 15 19 
6 31 14 19 31 16 18 14 25 27 20 16 21 18 19 29 25 21 11 17 20 17 18 26 17 20 13 19 37 17 24 31 39 17 18 17 6 21 14 24 12 18 19 20 25 18 24 35 13 19 7 32 28 15 33 22 27 18 27 20 22 39 14 35 20 13 19 12 28 32 27 29 47 34 27 30 19 24 14 35 
40 35 22 25 34 11 13 28 46 27 17 17 38 14 17 19 26 13 22 13 19 24 30 23 24 25 38 17 31 25 29 41 29 20 13 16 25 41 21 24 14 19 27 25 18 32 26 24 20 21 17 25 23 24 16 13 21 21 26 25 19 31 20 29 25 23 23 14 24 31 20 25 17 16 28 22 18 23 21 14 
23 20 19 14 33 17 13 10 35 28 20 24 14 20 18 22 24 18 20 10 26 19 7 24 21 21 12 15 26 18 29 26 23 26 20 16 20 9 13 23 16 26 21 31 30 30 12 26 17 17 21 27 42 21 33 24 24 27 16 29 21 26 18 20 19 14 24 19 30 17 33 22 39 15 14 46 16 20 18 26 
22 37 13 13 15 17 32 14 32 22 22 27 27 17 13 26 20 30 12 11 19 20 17 38 22 17 22 22 29 19 38 28 22 25 20 9 27 27 11 12 20 19 25 19 16 20 22 42 29 31 18 32 34 27 21 16 23 14 22 38 20 19 17 28 13 20 25 13 29 30 24 26 24 27 26 31 9 33 27 25 
31 28 18 16 37 17 26 30 26 15 22 24 30 22 11 21 25 19 15 8 30 17 12 28 15 18 34 16 28 30 18 39 50 22 25 18 18 23 18 37 22 22 23 27 20 13 23 33 13 23 13 24 25 20 25 25 31 23 20 24 21 35 16 24 22 19 22 15 29 24 10 18 17 25 21 19 24 13 22 29 
38 30 12 18 18 21 27 26 32 22 20 20 52 12 21 13 10 31 12 14 21 25 33 31 30 22 30 14 22 18 19 33 23 19 24 14 29 23 15 31 18 15 14 21 13 29 22 31 15 11 16 26 33 22 30 22 15 28 18 34 13 24 25 37 15 22 23 14 29 30 15 27 35 39 24 33 34 36 29 20 
27 20 12 13 26 15 21 25 24 22 25 22 18 15 26 27 25 32 23 15 16 18 33 37 27 8 28 20 27 15 27 25 52 18 15 23 21 24 20 34 17 24 25 34 18 33 25 38 15 14 28 24 33 33 21 23 18 22 17 17 11 29 22 37 25 20 15 19 24 24 23 30 34 25 15 23 22 22 24 26 
35 28 11 17 30 17 19 16 24 24 16 21 28 17 16 29 35 32 18 18 26 24 9 27 23 17 26 17 40 27 27 20 36 30 21 26 19 25 17 44 13 20 15 25 13 18 27 36 20 10 18 12 9 21 26 20 16 22 23 35 18 42 20 27 23 26 22 12 14 19 28 16 31 14 39 20 33 41 24 21 
27 27 25 15 29 13 29 12 19 35 19 12 30 21 14 8 32 30 21 10 21 19 25 27 27 10 20 10 34 29 32 37 30 20 42 25 21 13 15 26 22 18 18 28 22 17 24 21 16 17 13 32 24 24 21 22 19 12 16 31 17 7 21 22 37 30 13 10 16 30 22 24 31 17 23 25 36 35 33 9 
33 21 17 17 17 16 30 4 32 31 26 19 26 25 15 20 27 38 21 20 21 16 30 24 11 21 28 14 31 19 23 27 25 11 40 14 17 29 20 20 17 21 13 30 21 41 22 21 20 26 6 25 21 16 16 21 33 23 28 28 26 29 29 31 20 8 12 16 32 29 19 18 28 15 29 16 31 19 19 19 
26 16 18 24 42 16 18 14 39 33 22 19 19 16 15 21 22 23 10 12 19 13 29 14 11 20 35 17 18 12 18 18 54 24 37 20 27 19 21 33 10 24 30 24 18 14 14 33 9 14 29 23 33 12 16 25 34 15 22 20 26 21 21 34 24 15 20 12 27 20 23 22 29 13 15 23 28 33 20 13 
25 26 10 17 30 17 19 28 25 28 18 21 32 17 14 16 33 25 11 16 29 18 22 38 24 17 12 16 37 29 24 35 35 22 37 17 23 23 14 42 16 18 28 24 27 34 19 30 22 21 30 25 26 27 28 14 19 25 13 20 26 19 12 29 22 22 20 15 27 24 17 18 33 17 17 27 41 14 20 27 
33 26 19 21 37 12 29 17 17 32 23 22 17 18 18 35 33 30 21 16 20 15 22 40 20 27 27 9 38 14 31 30 25 22 25 17 32 27 18 19 9 14 26 19 19 17 32 34 20 16 15 29 24 33 25 10 23 27 26 24 26 38 18 26 17 19 18 10 24 13 23 17 12 20 26 21 37 27 21 20 
32 36 19 13 37 9 23 18 26 19 18 15 39 19 10 22 14 15 20 12 19 15 29 16 28 6 19 23 19 11 24 40 19 18 20 17 15 35 14 24 21 21 21 42 28 16 25 31 32 22 15 36 27 24 21 19 20 24 31 19 14 14 18 29 25 21 14 5 18 23 28 27 39 24 27 23 35 11 22 13 
25 23 22 32 25 17 25 25 30 20 15 14 27 15 18 22 20 24 7 11 23 17 20 18 19 21 34 12 38 21 26 11 29 11 35 22 22 22 16 27 4 12 21 24 30 20 22 23 22 8 28 28 14 15 28 14 27 14 16 31 22 36 12 22 17 14 24 17 23 30 24 20 30 15 29 30 20 27 10 25 
30 21 28 24 30 22 28 17 34 36 29 24 18 17 7 9 35 28 9 13 28 11 16 26 21 24 32 18 26 14 34 27 34 21 28 27 20 23 18 17 15 30 25 36 22 17 24 43 27 12 24 25 21 14 23 16 23 19 17 40 22 15 19 31 25 31 17 8 22 19 17 12 32 24 14 22 47 51 35 27 
37 34 17 13 14 14 19 25 35 30 14 20 27 12 19 21 20 28 9 7 30 15 22 21 13 16 25 6 30 18 12 21 34 20 34 14 31 20 10 23 19 10 26 37 16 26 38 27 17 21 29 25 27 28 30 7 21 16 26 29 23 20 19 32 23 25 20 14 37 24 22 17 31 23 28 32 34 13 31 20 
35 31 22 4 38 16 24 18 38 34 14 35 39 14 19 25 28 32 18 22 21 14 25 32 23 27 20 14 19 26 34 8 28 20 31 20 35 15 24 43 13 16 25 31 20 13 21 38 24 15 21 26 26 26 35 21 24 18 19 13 21 32 17 33 14 13 26 19 19 5 24 27 23 27 20 37 16 14 28 23 
18 28 14 12 28 19 25 20 32 29 17 16 29 18 11 20 16 33 21 13 31 20 21 30 24 23 35 14 28 25 16 38 34 30 31 25 24 18 15 36 14 18 16 33 22 25 18 21 17 22 9 34 24 19 21 15 25 31 18 30 23 16 22 25 17 20 28 27 30 42 24 12 7 25 32 32 43 32 27 17 
10 29 26 20 37 18 32 9 21 22 29 24 21 14 22 20 29 30 21 14 22 14 25 35 19 17 39 14 31 11 31 19 30 22 27 7 33 28 19 36 14 21 27 28 19 37 34 27 13 10 22 28 40 18 32 12 25 22 21 27 22 19 21 25 20 19 24 18 16 25 23 24 20 8 11 30 28 30 27 17 
28 27 15 18 27 15 19 19 20 16 15 17 23 23 24 22 15 28 13 15 24 15 17 30 17 13 20 11 29 11 18 32 29 24 21 27 17 28 15 14 9 16 20 18 19 41 30 31 24 17 12 22 38 22 16 24 32 15 27 21 11 8 18 12 23 11 15 11 31 27 13 12 29 24 25 17 24 30 37 15 
31 41 10 16 26 16 36 21 33 29 10 18 42 15 22 23 25 31 15 17 27 33 23 28 24 30 27 12 26 18 26 31 26 26 32 17 20 31 18 16 17 22 13 17 28 25 38 29 13 14 17 20 18 22 22 16 36 15 26 19 21 32 24 29 20 31 24 14 24 34 16 24 25 34 16 19 33 13 19 26 
35 24 18 13 39 18 39 24 29 25 32 8 40 16 16 24 39 41 7 11 26 17 25 19 21 13 28 16 31 13 20 29 17 18 28 31 14 24 20 31 15 23 24 19 22 30 37 34 13 22 26 21 33 34 20 16 36 17 32 28 12 28 13 28 12 32 20 22 40 36 27 19 28 23 16 13 37 17 33 27 
38 27 20 17 25 15 28 21 25 21 24 26 23 20 16 33 30 26 15 20 26 17 18 18 30 15 28 13 29 14 20 27 26 23 46 17 23 22 25 22 19 23 26 24 19 28 27 30 24 18 27 25 33 24 27 17 15 13 20 29 17 33 22 40 15 20 18 13 26 31 26 27 40 33 22 45 33 24 18 39 
21 36 19 19 38 14 21 16 39 19 23 21 27 8 16 28 16 26 19 10 26 21 19 35 17 16 41 15 33 11 23 19 32 15 31 26 32 19 9 41 15 22 13 19 6 23 26 43 27 17 16 23 27 16 30 16 15 12 19 30 28 30 23 34 27 25 28 15 38 31 14 12 18 21 28 29 34 38 23 32 
33 39 16 24 34 17 19 12 24 21 21 17 35 17 15 20 26 24 15 18 22 21 28 23 22 33 31 21 27 28 30 11 21 15 37 27 28 21 11 31 11 24 27 32 12 20 26 25 21 18 11 21 34 22 30 22 15 27 21 22 20 23 15 31 23 16 18 17 19 24 31 24 21 19 10 34 47 31 33 24 
24 30 18 20 31 12 24 19 38 23 4 22 34 19 14 23 33 38 8 10 20 23 18 27 29 31 31 21 54 25 16 29 38 12 22 11 33 18 13 11 15 7 27 13 9 20 21 37 17 14 18 17 23 26 18 20 9 15 16 25 7 20 17 14 24 14 14 15 21 33 28 18 43 19 28 29 33 24 13 21 
26 39 20 14 26 18 26 21 24 26 22 19 24 25 16 38 25 36 15 14 20 18 14 31 13 28 16 18 24 10 27 30 21 23 25 20 27 15 20 32 16 18 30 24 21 39 28 30 20 17 20 31 43 11 22 22 14 23 18 29 21 11 12 20 22 13 21 17 22 36 12 22 35 23 18 25 30 31 24 23 
28 43 14 17 22 19 23 18 28 25 26 13 32 21 19 12 17 26 16 17 19 24 22 25 3 22 36 15 29 32 19 30 19 21 27 18 36 23 11 25 13 20 21 31 22 13 16 30 16 12 15 38 17 11 21 12 25 20 20 12 19 13 12 37 26 19 12 14 41 23 12 17 23 34 33 40 22 24 11 17 
30 32 23 22 29 14 32 17 29 15 22 18 23 29 13 17 25 28 18 19 39 9 26 22 28 25 22 14 37 24 16 32 24 14 23 29 17 21 15 28 13 19 11 24 16 31 17 20 16 17 18 9 21 21 23 13 23 9 7 22 10 13 19 36 23 12 23 15 14 26 29 20 15 31 25 38 13 43 16 17 
30 44 17 6 28 14 24 14 26 34 30 8 28 21 16 26 40 19 10 7 22 15 19 35 12 15 23 21 26 12 24 34 34 22 31 13 30 15 10 32 12 11 26 32 20 32 20 22 24 21 10 19 22 16 23 25 23 17 20 15 17 38 24 21 11 21 24 19 30 16 20 22 21 15 30 29 40 29 19 19 
20 24 19 18 40 15 25 16 34 22 18 27 35 18 20 16 18 36 10 15 21 21 21 39 14 15 35 17 24 19 26 15 26 16 16 38 30 26 16 52 16 21 23 11 12 23 21 35 24 16 23 21 27 14 24 12 26 23 14 16 18 36 13 12 22 15 13 9 21 36 19 17 15 24 35 25 41 33 24 21 
13 39 16 16 25 19 20 28 51 25 18 28 25 13 16 22 8 22 17 13 10 5 24 27 18 9 29 17 36 23 19 36 14 31 22 25 17 33 9 28 15 19 26 28 14 19 30 35 20 10 20 24 37 25 18 13 34 16 24 19 24 24 18 24 30 25 23 11 17 27 20 22 34 27 34 34 9 23 17 15 
21 8 14 14 36 17 27 9 27 19 15 26 31 19 14 20 30 32 23 10 15 11 26 29 27 9 33 10 20 13 32 39 22 19 31 30 31 19 11 30 25 22 20 39 23 25 25 35 23 9 19 14 19 14 33 11 21 20 20 35 17 22 13 26 22 22 20 17 20 9 26 26 39 17 25 36 24 33 25 20 
25 44 23 19 32 11 28 34 52 25 18 25 22 17 15 21 9 33 19 15 27 19 22 34 6 20 30 16 37 19 19 31 36 15 23 16 29 35 10 36 9 16 29 26 13 18 21 30 13 12 23 23 30 5 18 10 21 24 20 35 31 27 10 33 10 23 14 11 32 12 21 26 29 24 43 40 34 33 32 16 
22 36 20 16 21 19 25 15 40 15 18 11 36 22 10 19 25 22 21 13 24 17 13 17 21 19 22 8 30 17 24 36 10 22 29 20 25 30 13 31 15 29 27 25 23 18 27 32 23 18 19 29 29 10 17 12 25 19 23 26 13 41 12 27 15 24 27 11 29 27 25 24 32 16 25 24 31 41 17 29 
22 33 11 15 23 16 21 24 37 21 29 22 39 19 23 4 21 28 13 14 19 17 19 33 26 20 24 13 46 24 27 27 21 8 22 27 33 14 20 28 15 17 3 21 36 32 20 31 21 17 23 28 20 25 18 11 11 26 22 17 20 32 19 30 26 17 12 16 13 30 25 19 23 30 28 15 13 24 21 25 
27 31 19 18 25 15 12 24 35 18 21 20 26 18 17 29 29 29 12 14 27 15 23 28 20 24 27 20 42 12 25 27 15 15 14 24 21 24 12 27 17 23 31 22 24 27 24 26 28 14 23 29 39 5 22 14 15 22 33 23 24 29 16 22 21 27 23 18 23 31 18 21 36 21 26 23 27 18 16 30 
27 29 20 11 20 11 34 19 26 23 17 10 22 16 18 15 7 44 20 21 25 25 20 30 17 24 26 17 36 8 40 32 15 20 26 32 33 26 15 41 16 17 9 17 22 21 30 25 24 19 26 28 30 9 24 10 22 17 34 22 19 20 12 35 31 19 23 14 32 26 21 26 27 15 11 23 40 22 30 23 
15 38 8 21 32 18 17 33 26 23 25 18 18 12 15 22 35 30 11 9 22 13 27 50 24 20 24 13 29 10 10 24 31 24 26 8 27 36 13 43 15 16 26 36 17 24 22 31 33 13 27 28 27 20 33 18 25 24 14 29 11 23 14 30 25 18 24 14 19 26 21 25 27 27 36 32 23 36 3 34 
26 39 20 12 24 14 35 10 30 23 25 19 29 16 15 19 21 20 23 11 27 11 27 28 12 22 14 16 31 18 30 38 22 17 41 18 38 18 17 28 17 20 27 35 11 29 14 17 20 12 24 20 15 7 22 13 25 17 20 22 12 31 25 30 16 13 20 19 7 25 13 21 30 20 23 30 30 12 27 20 
37 40 10 12 19 5 27 18 34 20 21 24 31 12 19 36 28 31 22 16 16 19 23 37 30 32 22 15 38 26 18 21 46 22 32 20 24 32 17 19 19 26 31 17 19 25 16 44 27 21 24 34 29 18 26 13 19 24 21 31 15 27 21 31 25 27 33 13 24 30 24 17 41 42 25 24 38 28 22 14 
30 31 11 15 15 16 26 19 20 37 30 19 36 12 8 17 27 26 8 17 20 21 23 36 25 16 26 17 31 18 25 38 26 27 36 25 24 23 17 41 14 20 15 32 23 36 8 29 19 16 19 32 34 15 23 12 19 23 10 21 19 27 25 14 18 15 15 16 29 31 23 22 25 35 27 30 30 18 29 33 
38 38 18 17 32 23 20 26 20 36 18 18 32 21 27 16 24 23 23 22 22 25 15 43 25 21 28 16 20 15 21 22 29 19 33 17 1 30 18 26 15 23 20 31 21 28 23 24 28 20 16 17 18 25 16 17 10 24 8 19 19 22 12 35 20 11 32 15 23 22 20 20 41 32 28 22 28 32 16 22 
24 30 9 13 21 14 35 20 20 22 32 13 41 15 15 30 35 2 11 23 16 10 21 18 25 14 25 15 37 8 32 34 27 27 20 18 21 24 22 18 12 14 21 23 21 21 23 30 20 22 16 19 23 25 18 17 29 21 17 22 12 33 22 17 33 24 21 9 24 16 20 24 22 16 18 29 25 32 15 22 
24 25 21 7 21 12 19 20 20 28 32 21 34 13 19 24 15 23 16 14 28 23 16 18 25 11 33 13 11 24 46 42 28 17 23 23 29 16 11 28 8 17 27 13 23 36 21 19 19 11 16 40 12 26 10 21 36 8 23 23 19 32 24 28 20 22 14 18 19 27 18 22 47 40 31 29 15 10 19 28 
22 39 11 11 30 15 26 16 39 20 25 21 16 16 23 18 29 35 12 9 19 14 27 35 21 22 37 15 35 15 32 20 24 37 39 23 38 14 17 13 14 14 24 32 21 19 26 20 31 16 17 18 30 22 35 18 26 24 18 33 24 25 19 29 25 16 8 13 23 29 17 23 14 24 32 23 29 16 23 21 
36 34 12 24 21 20 31 20 22 38 12 16 16 9 17 24 28 27 13 10 22 19 22 18 15 22 18 12 36 23 25 23 19 25 28 17 24 35 14 30 14 18 28 15 23 25 24 11 17 19 23 35 35 15 31 23 31 17 17 23 25 31 17 37 18 19 25 17 41 14 12 21 36 31 21 49 24 8 16 31 
42 25 21 15 21 16 35 25 31 21 32 22 33 31 18 22 24 20 20 15 26 26 27 34 18 13 24 13 33 30 34 24 28 21 24 29 16 20 15 36 17 20 18 13 18 15 23 40 16 19 16 20 22 16 16 18 33 16 27 37 21 25 20 26 16 10 24 20 27 22 17 16 31 26 20 32 27 25 30 18 
18 43 14 25 28 12 12 22 38 26 31 21 37 20 9 19 33 35 15 15 34 21 19 38 28 16 37 11 38 24 22 34 23 6 41 12 33 23 17 21 20 21 18 32 16 28 28 54 24 16 11 30 23 15 23 14 23 14 20 26 11 44 23 22 15 24 20 9 23 30 32 18 22 15 26 35 24 29 31 24 
45 30 23 18 27 10 27 20 27 18 20 25 25 17 22 27 34 27 10 17 19 18 31 35 9 20 34 12 26 17 16 40 34 23 17 28 22 29 17 21 18 13 32 29 16 30 28 29 15 10 26 25 21 23 33 18 11 13 11 27 15 35 19 41 29 9 23 17 7 8 16 13 34 14 27 26 26 19 21 18 
20 4 15 19 30 17 26 21 26 16 21 19 27 15 23 22 31 27 14 12 29 9 25 27 6 18 27 12 32 17 33 22 36 18 22 25 28 25 10 10 15 20 16 25 24 34 24 37 25 13 6 29 28 11 22 10 26 30 16 36 14 30 21 18 19 15 16 15 20 37 23 18 19 16 23 28 33 26 18 32 
26 20 19 9 35 14 22 15 42 22 21 18 31 23 13 23 30 33 16 17 20 6 35 38 12 18 34 15 18 17 16 35 28 9 29 24 20 29 20 25 22 28 23 27 11 31 25 29 14 16 17 38 19 33 19 11 26 17 14 27 23 46 20 24 27 27 26 14 25 17 19 22 24 18 28 41 25 44 28 16 
31 27 15 22 28 16 37 15 27 18 16 15 36 21 16 23 37 35 22 21 22 12 35 37 20 17 19 18 46 25 31 28 29 22 26 11 39 16 16 24 19 14 30 21 29 27 26 28 19 19 22 34 18 16 17 19 30 24 18 26 16 27 17 28 24 17 17 12 25 25 28 20 31 38 22 27 29 32 14 28 
35 26 16 15 33 13 28 12 29 23 22 25 15 23 21 17 30 14 19 9 20 21 24 19 22 26 14 20 41 24 16 21 18 20 15 18 25 24 19 27 15 22 23 34 25 22 27 20 15 17 12 26 16 11 20 22 26 12 24 21 22 29 18 27 19 15 21 15 27 23 29 16 12 17 29 18 43 25 28 26 
24 31 19 16 12 17 17 8 23 24 21 3 22 9 18 23 37 31 9 13 13 17 20 38 13 15 23 7 26 17 24 31 11 20 34 35 25 25 18 27 11 19 29 32 13 23 34 17 23 14 13 36 21 25 28 16 37 22 20 26 13 26 20 46 20 23 14 19 32 31 31 16 21 20 35 33 38 42 20 13 
27 28 20 14 20 14 30 16 18 24 17 22 42 8 16 31 20 31 24 9 29 20 27 28 22 33 32 17 33 23 22 37 20 18 27 25 23 24 13 31 11 5 34 32 16 26 14 24 17 27 12 20 26 25 19 12 28 12 27 24 20 24 26 16 16 28 26 12 10 25 28 17 35 24 21 17 22 38 24 27 
28 31 25 12 33 20 29 24 34 30 24 17 45 18 14 26 20 43 12 9 17 18 21 22 17 13 14 19 38 29 30 14 29 16 24 31 21 31 23 23 12 21 23 25 22 27 11 19 41 8 7 15 26 17 29 19 22 16 18 24 8 36 6 28 27 9 13 6 28 24 26 25 46 15 14 35 39 24 23 23 
34 34 16 11 38 18 28 17 27 29 11 6 21 18 19 19 31 27 24 16 33 18 22 22 23 14 16 17 12 19 19 30 28 23 28 16 20 31 12 32 12 25 19 28 21 20 26 45 23 16 17 36 21 15 16 16 26 22 23 25 9 22 18 32 22 20 16 17 25 25 15 18 13 23 20 30 34 37 26 24 
17 36 17 20 28 17 24 29 29 31 15 22 36 19 27 29 32 38 5 14 12 24 20 19 19 20 24 22 21 18 37 34 23 28 15 21 30 25 17 28 15 18 19 17 24 6 20 44 13 10 17 13 23 18 25 16 28 12 9 27 21 22 20 45 20 14 20 15 36 19 17 10 28 20 25 17 18 28 22 42 
9 28 18 17 23 17 22 32 42 16 18 16 40 19 21 22 22 43 21 15 17 11 31 30 22 24 29 15 16 20 23 34 26 14 14 26 9 35 6 47 17 16 26 32 14 20 17 19 28 26 26 25 34 15 24 18 25 18 21 34 12 42 5 17 27 19 22 27 22 17 7 14 29 27 29 19 12 31 14 25 
36 46 16 17 31 15 15 20 41 31 12 22 24 11 11 19 30 21 14 20 19 11 21 15 22 4 31 18 34 24 19 26 27 30 34 18 32 25 17 22 10 23 26 30 25 16 24 38 16 19 30 14 19 19 26 19 34 14 21 11 9 20 19 27 26 27 12 17 17 31 15 15 40 29 33 32 38 13 21 34 
8 30 2 13 44 18 35 14 31 35 28 19 23 22 19 24 40 27 16 24 21 16 26 24 13 28 23 18 28 24 30 41 35 15 29 20 30 32 11 36 17 22 20 30 16 23 22 36 16 18 44 28 33 21 22 12 30 19 23 21 18 25 18 30 28 30 25 17 32 33 21 20 33 23 16 21 35 37 13 17 
27 26 11 11 14 18 21 16 22 23 20 17 13 17 25 21 14 33 14 22 27 13 24 34 21 20 25 26 33 28 34 36 31 12 21 21 22 31 15 19 13 35 27 24 17 26 18 20 24 15 25 29 24 15 31 17 15 21 19 17 14 43 30 17 22 30 17 10 28 43 17 19 33 24 26 20 20 44 17 20 
30 23 24 14 22 14 23 21 28 19 17 20 19 17 14 18 18 22 16 11 22 23 29 26 20 11 30 21 37 22 37 41 23 14 17 27 21 26 18 22 16 20 31 38 17 29 17 17 21 20 15 28 23 17 25 19 17 25 10 30 15 27 23 37 22 28 20 21 29 42 31 24 38 21 24 40 29 25 44 27 
29 29 13 15 27 23 24 19 28 32 17 15 20 17 11 10 29 49 10 14 21 20 29 27 22 17 31 13 25 18 40 32 29 19 41 15 27 20 14 30 16 11 23 23 18 23 16 31 22 18 18 28 16 21 20 10 26 21 13 33 18 17 20 33 28 12 6 10 21 22 24 19 36 20 23 37 39 13 21 15 
14 22 23 19 24 19 32 23 30 12 22 13 42 19 17 24 22 17 16 13 28 24 20 25 18 24 30 17 29 23 25 45 13 16 22 29 36 19 17 31 13 14 26 30 14 21 35 30 25 4 16 35 36 28 26 21 25 13 22 45 13 26 20 31 24 27 28 9 22 19 16 32 29 19 25 28 25 17 15 19 
32 26 15 16 27 14 25 27 35 18 17 23 23 23 20 31 12 20 13 20 18 15 23 22 24 25 32 15 42 22 23 27 20 16 15 14 37 21 22 43 13 17 11 33 20 31 35 22 25 14 15 37 21 27 23 18 21 19 28 14 17 34 14 32 28 22 24 13 26 27 17 16 39 21 7 27 36 34 23 31 
29 36 20 8 25 10 29 24 26 28 22 23 18 10 19 17 33 26 15 13 20 20 28 38 21 23 25 18 34 28 22 41 22 14 24 19 33 28 17 41 20 19 22 34 8 28 10 38 23 18 29 36 27 18 22 19 46 13 26 26 14 32 23 36 24 22 21 12 28 20 10 24 25 25 25 32 12 33 28 21 
29 34 13 14 33 11 24 19 12 20 24 18 34 9 16 24 21 40 20 16 14 13 28 14 27 17 25 18 31 13 18 31 27 22 20 13 21 23 18 20 17 17 12 36 20 14 21 27 26 9 15 21 33 24 30 14 22 21 22 21 15 16 19 28 11 17 20 20 21 17 29 14 39 20 30 31 5 32 24 34 
28 25 20 24 30 8 22 20 26 18 15 16 36 25 12 24 32 37 25 15 21 17 20 27 26 28 23 12 37 12 34 27 33 19 26 29 25 20 20 40 15 17 20 23 19 14 18 14 28 25 22 31 25 16 34 13 35 25 19 30 9 23 20 28 22 28 23 14 33 25 14 22 26 17 16 34 50 33 19 16 
36 40 18 14 30 15 21 19 36 15 29 23 23 18 12 27 30 39 25 15 23 10 19 30 17 22 30 18 39 27 31 42 38 23 23 18 16 24 13 30 11 22 14 28 11 27 29 28 25 20 26 32 33 10 32 15 20 26 17 35 25 32 14 27 32 27 31 22 36 23 25 15 30 28 19 40 40 29 25 22 
29 20 18 16 23 21 13 8 23 10 18 24 30 22 24 19 34 24 22 14 23 20 25 25 15 18 28 20 13 22 17 51 29 33 25 16 34 30 14 30 19 17 21 24 16 24 23 31 23 18 16 36 27 18 21 23 24 17 12 28 20 32 21 33 30 16 26 15 21 24 21 16 22 26 19 27 31 29 21 18 
36 25 21 10 23 17 26 22 21 39 16 20 33 9 11 24 19 42 21 21 24 16 23 37 27 16 29 20 37 28 12 18 19 17 13 18 35 30 16 44 16 11 20 24 17 24 10 26 17 13 31 22 34 16 29 16 19 21 14 22 22 26 20 30 28 17 30 15 29 30 22 18 31 26 42 14 10 30 35 19 
30 17 15 15 23 17 34 15 29 22 7 20 26 2 28 28 28 30 9 11 22 19 31 34 26 23 23 15 30 24 23 41 41 11 25 28 33 26 13 41 16 26 12 18 16 25 21 15 23 23 18 24 28 12 27 23 26 11 24 18 17 20 19 34 21 25 29 16 26 27 17 16 32 24 29 10 48 22 32 20 
38 24 15 20 27 22 11 5 39 30 8 19 21 11 16 29 34 14 19 21 16 22 21 40 21 30 32 11 17 14 29 30 35 27 37 19 28 29 8 34 8 28 23 22 12 22 17 33 15 21 19 19 27 14 12 22 24 18 18 12 17 16 18 35 31 21 24 12 31 12 16 19 24 14 29 44 31 41 30 29 
40 27 17 24 24 13 19 28 27 19 21 21 29 18 14 22 33 35 17 15 24 11 20 22 23 22 31 12 33 9 31 35 22 17 33 23 31 28 18 31 13 24 13 30 16 30 24 35 32 17 16 32 38 28 20 20 23 10 19 32 17 36 21 36 20 26 28 19 27 22 21 27 32 23 24 25 31 29 26 34 
35 17 17 21 27 17 22 21 34 22 20 24 31 22 17 26 32 30 20 6 23 9 16 36 15 26 39 10 50 27 25 23 34 26 35 24 28 36 16 35 14 14 9 17 30 30 11 49 31 21 10 38 27 14 23 13 24 17 27 36 18 34 12 30 29 16 20 12 24 30 21 24 21 26 34 23 49 24 21 26 
19 24 15 10 18 15 22 17 23 22 33 21 29 23 16 23 48 23 19 11 28 11 30 24 18 17 25 11 32 16 29 15 30 20 24 13 32 24 10 24 13 11 18 16 22 30 28 24 22 18 22 29 25 13 23 10 31 21 17 28 17 24 23 37 23 20 21 8 26 25 20 22 20 22 22 25 31 27 14 13 
20 31 24 12 38 22 26 27 29 48 14 18 21 18 19 22 46 31 18 19 23 12 18 14 19 23 18 14 30 18 31 36 41 15 30 7 22 45 16 46 8 27 24 23 13 41 9 18 23 4 30 31 22 22 26 20 11 28 25 21 19 41 18 30 25 18 19 14 36 24 33 21 41 14 25 33 52 36 15 9 
32 32 20 20 19 18 36 20 32 29 26 23 36 21 15 23 41 18 18 13 14 22 22 30 12 24 28 16 29 11 31 28 39 25 37 23 19 14 17 16 17 10 13 14 19 28 17 23 33 15 15 35 23 16 24 23 23 17 17 30 6 13 23 21 9 21 22 11 24 29 23 17 28 20 16 22 43 36 35 23 
23 21 22 19 22 15 23 28 29 25 21 20 27 21 14 25 41 38 23 12 24 15 30 36 25 17 23 13 33 22 23 31 30 20 26 17 22 31 17 38 14 25 18 22 19 28 20 42 29 12 25 40 22 29 20 14 32 17 21 31 28 34 12 17 16 27 24 21 23 19 30 23 45 24 23 27 33 19 20 23 
32 29 9 19 36 18 28 21 33 28 10 13 43 22 21 27 21 25 16 8 21 22 17 41 25 25 26 18 14 15 16 37 11 29 21 25 28 22 16 36 14 13 22 20 16 35 25 36 26 25 14 30 29 23 21 15 30 18 17 35 8 31 6 46 37 8 24 17 16 21 21 28 28 23 30 28 25 33 21 20 
34 20 27 14 24 20 17 25 33 34 13 19 22 22 16 15 12 34 11 20 20 21 17 16 20 13 15 14 29 17 23 31 29 17 36 24 21 21 21 36 20 15 22 25 20 12 33 24 28 17 27 26 27 13 24 16 35 21 10 22 15 31 21 8 25 25 16 19 23 32 16 18 16 25 24 34 44 30 28 28 
24 43 17 20 4 21 33 25 27 17 25 15 29 12 22 35 30 21 28 17 23 18 33 28 11 26 20 9 32 25 15 36 31 25 40 21 22 27 15 43 16 17 37 26 20 31 19 29 21 17 13 21 27 25 14 19 36 19 21 25 12 31 18 16 24 16 19 10 20 25 20 23 24 31 24 13 25 44 23 11 
21 20 18 16 22 17 32 29 32 25 28 13 22 27 26 21 38 37 18 19 17 16 21 27 23 9 33 9 48 17 24 19 40 1 29 22 36 22 18 25 14 24 21 34 6 25 14 28 17 15 21 28 32 12 28 14 36 19 21 29 14 22 15 13 18 24 20 18 25 28 26 17 23 36 26 30 28 19 31 21 
37 32 15 17 24 12 27 17 27 24 23 18 11 19 21 17 28 26 14 16 26 15 26 34 27 27 26 16 25 21 16 23 28 6 29 10 7 29 13 41 20 15 25 10 14 23 17 30 27 20 28 21 26 26 16 20 15 18 25 24 15 21 25 26 12 21 15 17 19 28 19 20 45 22 33 33 25 31 27 30 
24 19 19 19 26 18 19 11 34 23 17 21 17 26 20 26 22 11 12 14 26 14 27 32 12 22 11 22 25 23 28 42 28 17 26 18 30 29 17 28 16 21 19 19 24 29 24 34 19 20 24 25 24 16 21 7 24 12 27 25 21 30 30 22 24 19 23 16 24 36 13 15 26 29 20 17 19 17 21 29 
34 26 15 19 39 8 34 14 32 15 23 15 29 18 14 20 23 27 13 26 10 19 29 22 28 31 30 17 36 11 15 27 31 18 25 26 32 33 17 28 12 21 15 34 27 26 29 35 20 25 10 22 20 39 10 19 31 27 24 21 16 41 27 36 16 20 24 13 15 25 12 23 19 25 35 25 27 23 26 25 
23 23 22 11 27 12 18 23 28 23 27 22 48 12 8 20 45 29 13 22 33 16 25 42 23 12 34 17 15 23 30 25 30 19 15 11 30 11 9 40 14 8 19 26 21 29 19 45 27 8 30 29 41 19 14 21 36 20 20 33 13 26 14 21 18 9 17 23 13 26 10 19 26 25 25 10 15 34 26 26 
29 27 18 16 21 19 14 15 19 21 18 12 19 25 11 17 20 33 19 13 27 16 22 45 21 21 36 15 31 6 17 31 12 21 24 18 14 4 11 34 12 12 18 13 18 21 16 48 22 21 22 29 34 27 21 18 15 23 24 16 8 44 15 20 14 20 16 7 23 18 17 14 14 29 20 23 28 17 20 14 
34 34 17 26 25 22 20 29 27 19 15 16 21 25 16 28 24 43 18 20 21 22 20 36 12 12 26 19 29 19 21 19 44 21 32 18 8 29 15 35 16 13 21 29 20 20 25 20 25 17 16 30 27 17 21 18 22 19 13 33 20 35 13 28 21 14 19 19 21 31 22 20 17 12 41 26 49 39 19 32 
36 15 19 26 42 13 40 12 17 27 32 18 21 17 14 34 16 32 23 13 33 15 31 20 21 16 20 8 46 20 18 26 16 7 26 14 31 29 16 49 18 16 24 25 21 22 29 28 18 17 19 47 28 27 28 18 19 17 34 22 19 38 24 31 11 25 27 20 12 27 34 24 32 19 18 27 25 19 15 21 
39 32 8 19 24 15 21 21 23 25 22 15 24 19 19 22 20 34 12 16 18 15 25 27 20 20 26 16 21 18 34 36 21 26 34 18 18 12 15 15 13 16 14 25 22 33 22 29 21 23 28 27 15 17 24 9 19 6 28 27 20 33 23 26 4 21 12 8 21 25 30 15 27 24 31 20 13 31 18 16 
33 28 19 19 29 20 29 28 34 37 19 9 34 18 21 21 32 38 19 12 28 18 22 9 30 19 25 17 19 12 20 30 11 26 24 16 18 29 11 31 15 22 22 33 19 19 23 47 17 13 35 22 19 16 18 5 26 21 17 23 18 26 24 31 27 30 17 14 32 28 15 18 45 29 30 34 38 35 27 30 
27 13 13 22 23 8 32 14 29 19 14 13 13 22 19 18 24 25 9 17 13 9 19 33 25 26 30 23 37 13 25 29 17 18 12 18 26 32 9 32 22 14 22 17 12 31 25 27 23 16 31 30 27 14 24 24 18 8 21 25 23 23 22 31 19 11 23 19 28 23 16 22 26 24 20 33 45 25 36 24 
18 35 14 17 23 5 18 24 21 34 18 28 24 20 10 22 27 37 16 16 20 19 24 35 26 19 5 24 38 14 25 32 41 14 31 26 19 23 23 44 12 15 27 35 9 23 28 34 23 18 21 35 27 11 28 22 29 19 27 34 13 18 16 35 16 21 20 16 32 26 14 8 30 21 32 27 31 36 16 20 
22 21 9 15 18 13 28 13 27 26 20 22 38 24 19 17 26 26 16 11 19 18 17 33 22 28 19 9 26 16 39 34 27 14 35 21 26 11 14 45 16 21 25 31 10 22 17 35 18 21 18 29 27 15 23 19 21 22 22 24 19 37 15 27 11 26 20 8 21 37 14 13 23 27 31 33 38 26 28 21 
30 45 18 16 28 15 23 28 21 30 26 24 33 10 23 16 37 25 10 15 32 14 22 43 23 13 21 16 32 24 23 22 36 27 35 30 32 13 11 19 13 22 18 24 20 20 17 38 23 13 17 22 28 12 12 19 22 17 22 38 30 19 15 31 21 26 20 14 18 23 24 31 36 36 13 41 38 24 31 21 
20 16 20 19 21 20 29 20 22 22 25 10 33 12 15 9 38 42 16 18 22 9 29 35 24 24 28 20 19 27 29 33 37 28 14 16 26 27 18 43 16 12 25 29 16 14 13 34 31 25 28 27 20 15 18 17 16 20 22 24 13 27 32 14 24 23 22 10 30 27 12 20 39 28 22 37 25 28 24 15 
27 24 21 16 21 15 29 19 25 23 21 18 41 19 10 23 27 36 16 15 20 12 23 28 26 17 21 12 32 11 32 17 16 13 15 16 31 21 18 27 18 12 20 24 19 20 15 16 15 17 11 28 18 19 21 24 25 27 20 24 22 23 12 37 28 23 25 17 24 20 25 21 28 30 12 32 34 43 28 17 
25 26 13 16 11 6 15 16 17 28 19 26 29 20 12 19 39 30 13 11 19 18 20 33 12 22 28 12 16 14 20 24 29 18 19 28 28 16 16 35 18 14 23 36 11 5 28 36 28 29 19 31 32 25 30 20 17 28 24 28 13 26 18 33 27 23 20 15 36 30 15 9 36 19 22 28 30 41 27 27 
34 29 27 24 27 15 16 23 19 29 15 14 10 20 15 10 26 12 12 16 16 15 30 32 30 25 29 21 27 14 24 37 19 26 28 26 29 25 15 16 21 27 20 30 20 23 25 35 38 19 25 20 18 34 28 14 24 23 30 17 13 23 16 15 19 23 34 12 24 30 26 18 39 26 29 22 31 25 18 30 
36 26 16 19 26 15 35 23 23 16 26 15 22 21 18 27 22 19 21 20 20 11 27 26 25 21 28 13 16 23 20 41 33 25 15 29 31 33 20 29 18 22 23 17 16 21 21 21 15 14 25 22 31 26 30 14 27 18 25 29 18 30 16 30 27 19 20 27 31 32 15 21 34 23 32 24 20 31 15 24 
42 27 11 21 41 18 22 19 37 30 11 16 34 15 15 22 16 35 20 14 19 19 22 26 18 23 15 15 24 24 19 17 33 25 31 11 17 27 12 34 14 22 26 22 13 23 33 33 26 16 21 31 19 22 36 19 33 27 24 15 15 15 21 44 9 24 10 19 15 35 16 15 31 20 39 28 19 18 19 29 
24 32 22 21 20 13 17 25 21 36 24 8 18 24 18 26 14 37 24 10 18 7 19 27 35 26 33 18 20 22 19 28 23 31 33 27 30 31 13 30 19 10 20 34 23 35 26 38 30 20 12 35 24 14 26 13 26 20 15 23 19 38 18 44 27 19 20 11 26 39 17 12 23 27 13 15 41 42 17 25 
35 23 24 23 27 5 39 30 44 26 10 22 32 5 17 10 37 31 19 11 35 20 18 32 21 17 14 16 27 15 31 34 28 23 26 26 23 24 14 29 17 23 23 37 16 27 18 25 22 19 8 29 35 11 34 23 21 19 17 35 24 23 15 32 29 27 28 11 30 22 16 25 32 22 12 35 18 25 31 15 
23 29 27 16 32 17 24 17 32 20 16 11 29 12 21 19 25 29 11 9 25 21 16 42 28 17 14 11 27 22 18 24 29 16 23 17 40 30 12 23 16 20 25 23 22 36 27 34 23 22 24 20 29 26 30 11 39 20 14 21 19 22 14 20 27 23 19 20 17 8 28 25 24 22 14 26 25 28 21 27 
35 39 17 12 27 10 26 20 18 21 21 20 25 10 8 12 21 35 19 16 11 12 33 37 24 22 29 16 8 20 19 35 36 21 15 16 25 12 19 24 23 23 14 20 24 34 22 29 18 12 22 21 38 20 23 18 24 19 21 23 20 30 19 18 28 17 18 9 29 26 17 18 44 11 24 43 25 34 27 20 
23 27 13 8 33 18 29 19 33 21 18 22 37 26 22 10 35 32 14 10 16 31 27 30 15 13 34 21 24 10 28 45 33 13 18 27 36 20 18 39 17 23 16 22 16 15 18 27 17 20 30 22 18 19 11 16 18 17 29 15 15 22 23 30 26 15 22 6 24 28 34 25 27 16 32 31 23 33 34 18 
26 19 14 27 27 19 34 24 19 26 16 23 30 9 14 19 24 33 23 20 31 24 23 29 16 24 26 19 34 15 31 30 40 30 37 19 32 23 14 14 21 26 16 22 22 37 28 12 36 20 16 29 18 23 30 20 27 21 18 25 16 20 18 24 30 19 11 20 20 23 16 19 25 13 30 23 20 43 20 28 
33 24 8 15 27 15 23 16 21 31 21 20 27 22 17 16 29 31 14 17 22 14 22 32 18 15 29 15 12 19 29 29 39 29 20 22 27 30 11 24 16 14 21 28 18 35 27 23 35 26 15 23 16 21 22 14 27 16 19 32 20 27 30 34 21 23 23 16 35 23 23 17 35 24 23 18 25 33 25 33 
26 28 9 28 28 12 19 17 33 24 18 21 26 15 8 22 23 32 17 21 18 18 20 31 16 10 30 18 45 30 28 24 34 16 30 30 25 33 10 34 14 16 25 20 14 26 25 36 18 22 30 39 32 24 14 19 18 17 21 19 13 16 13 24 18 25 24 17 20 27 30 20 32 26 20 8 22 36 22 24 
16 61 20 9 36 15 21 16 31 19 23 22 20 11 15 20 20 26 17 16 24 10 34 46 17 17 28 10 33 24 28 29 25 23 4 12 28 14 17 32 18 13 28 43 15 20 24 28 26 9 22 24 17 9 24 4 28 20 16 25 25 37 10 29 13 22 35 8 23 35 13 24 25 16 14 36 30 25 25 34 
29 16 10 11 43 18 25 27 19 36 29 31 19 15 19 12 34 27 21 12 22 18 24 36 17 24 38 14 32 20 26 22 30 13 22 15 23 33 14 45 12 16 25 35 24 26 21 16 17 23 32 17 29 17 18 20 30 13 25 19 13 26 8 17 13 15 11 15 30 24 22 18 22 26 27 37 38 28 24 9 
26 25 13 14 26 20 28 22 30 20 17 23 26 22 14 18 27 26 18 14 30 23 34 33 27 25 31 16 33 29 23 8 21 21 13 27 17 24 18 33 20 24 31 27 13 30 24 26 19 11 29 36 37 8 19 19 35 16 12 36 19 16 11 32 9 26 22 7 15 30 19 26 35 20 25 34 22 29 26 13 
32 34 9 14 37 9 19 21 23 15 18 22 37 21 18 27 26 38 16 17 21 13 35 21 26 18 32 15 41 16 31 9 21 19 32 23 17 32 16 30 18 23 26 14 17 11 20 27 20 16 15 19 25 27 24 16 25 18 20 26 14 13 9 27 19 17 28 8 27 37 25 26 28 7 33 36 29 29 26 27 
27 24 16 21 29 18 37 23 28 22 23 21 35 14 16 31 30 41 19 16 31 13 21 10 10 13 34 8 24 13 24 12 33 15 19 29 11 31 15 29 16 26 10 37 26 33 26 31 19 25 8 29 29 8 37 17 22 18 10 23 14 25 14 32 35 13 29 18 32 35 23 17 33 12 25 34 23 27 24 35 
32 21 20 12 34 18 34 24 24 17 31 20 37 23 21 25 34 26 16 12 23 12 25 18 24 22 27 21 44 11 19 29 17 19 36 26 30 37 11 31 12 19 38 20 21 22 22 26 32 17 21 21 12 14 22 22 31 23 24 25 24 32 24 36 17 22 19 13 40 26 16 25 13 15 30 18 34 20 28 32 
27 25 19 17 9 17 17 16 21 15 21 13 19 20 11 22 36 29 18 11 19 33 32 18 14 25 21 19 36 16 14 16 23 24 26 21 25 28 18 39 14 13 26 24 22 25 30 36 25 19 25 33 24 26 31 17 34 20 27 27 12 19 17 24 20 24 17 24 39 14 15 18 31 17 22 37 36 15 19 24 
18 28 16 16 15 17 34 22 15 21 23 22 36 12 23 22 34 34 11 14 29 24 16 26 33 12 21 19 15 6 18 27 41 29 32 24 35 35 15 20 16 22 25 25 17 24 25 43 31 18 19 33 17 13 22 16 19 22 23 12 32 40 28 19 25 16 21 16 29 28 14 23 17 22 35 30 30 30 23 27 
28 26 16 20 36 15 37 21 28 33 35 26 28 10 3 30 19 37 23 17 24 14 24 25 14 15 36 17 34 23 7 48 25 24 22 14 19 18 20 25 9 24 18 23 18 32 10 29 17 20 12 26 38 19 29 19 21 10 16 18 20 19 17 35 22 27 28 9 35 16 21 16 40 27 4 25 15 24 24 31 
40 9 15 19 29 14 29 19 39 21 25 18 37 11 25 29 6 25 17 12 20 24 15 31 27 26 32 16 24 26 31 14 11 22 33 19 28 24 19 33 21 15 21 20 26 30 20 23 22 19 22 33 17 29 29 12 19 10 22 16 16 38 31 39 28 19 15 15 23 32 19 20 34 29 41 21 43 15 27 28 
32 11 11 14 31 23 26 18 46 25 21 20 45 16 10 33 24 18 15 12 21 16 23 20 18 16 21 20 20 19 32 29 28 12 31 14 20 21 19 25 17 19 25 20 19 28 28 36 20 17 25 33 35 16 22 11 27 12 19 27 14 26 21 23 21 31 20 7 21 31 19 15 19 27 23 35 40 28 27 15 
25 33 17 18 38 26 27 25 20 28 13 10 46 21 18 32 26 37 12 14 29 24 33 19 24 23 30 11 27 17 34 22 39 16 31 18 12 20 18 38 12 19 20 29 18 26 27 37 24 18 25 17 16 14 32 11 27 26 16 19 10 32 12 26 35 23 26 20 16 24 19 15 34 21 30 35 38 29 17 21 
43 30 18 18 17 12 32 15 35 15 24 20 23 6 17 23 36 34 19 11 26 19 34 27 21 15 21 18 21 25 15 29 29 24 19 23 24 32 13 24 14 16 25 47 19 27 14 31 25 15 17 13 27 18 24 11 30 19 17 27 23 27 17 24 23 18 16 9 26 18 13 34 30 21 22 26 40 12 33 14 
25 31 19 18 29 15 32 20 27 22 17 15 29 23 15 19 23 41 18 7 20 19 23 34 24 25 28 12 30 23 17 19 33 17 21 13 27 28 19 47 13 30 31 31 20 24 12 22 17 19 16 32 23 18 28 14 26 25 10 22 11 26 12 31 16 29 17 12 34 41 18 22 24 30 17 27 30 31 25 30 
20 33 18 24 21 12 21 17 26 33 18 23 31 8 10 29 16 27 22 3 11 24 34 42 22 31 27 8 37 19 28 31 24 20 41 26 28 20 15 38 8 30 34 24 21 27 17 41 25 19 18 26 40 17 33 21 33 21 17 18 22 32 24 30 20 7 16 16 24 25 25 13 26 24 29 36 29 39 14 25 
24 31 17 11 25 19 42 26 22 21 18 26 26 13 11 26 28 33 19 13 23 22 15 12 24 22 22 7 25 23 21 34 27 12 22 16 33 21 23 27 15 21 36 29 14 13 27 31 13 11 18 22 27 20 16 15 31 17 21 24 19 30 18 33 17 28 12 18 25 11 16 16 22 31 31 26 35 27 2 33 
26 36 21 15 24 20 27 26 22 30 17 18 36 12 23 25 34 46 20 15 24 16 25 17 11 18 32 12 32 28 25 25 22 20 35 28 15 28 13 52 18 26 34 21 16 33 22 31 22 17 12 29 24 16 28 21 30 18 17 22 20 32 20 11 7 13 22 17 24 15 23 22 26 20 12 29 38 29 18 19 
37 29 16 23 22 16 40 23 32 23 25 22 41 21 19 26 30 37 23 24 22 16 30 23 24 21 27 18 42 22 33 33 27 32 33 16 22 26 10 39 13 15 19 38 26 36 31 32 16 18 13 18 36 21 24 19 15 14 16 23 24 18 27 24 16 38 28 14 28 28 29 20 29 31 27 19 33 20 23 16 
19 14 11 13 38 20 20 30 22 23 21 10 42 14 20 15 18 20 18 16 31 12 21 29 42 20 30 21 8 23 26 28 20 19 25 21 33 20 21 21 19 18 21 16 15 19 19 36 23 18 21 19 19 23 19 10 29 17 12 34 18 23 22 49 12 25 24 14 30 18 19 18 18 34 14 36 30 44 30 23 
15 4 23 8 27 15 29 11 23 13 18 20 34 23 18 19 31 43 15 11 26 20 23 26 18 18 20 14 29 28 33 20 28 16 30 15 29 24 9 30 12 25 13 24 34 20 22 28 14 14 30 34 25 21 14 18 39 18 11 18 13 24 7 27 17 31 19 16 31 25 18 18 27 23 17 40 19 34 28 25 
20 27 25 20 29 13 24 23 25 21 18 10 33 19 20 14 33 32 11 13 16 28 18 23 25 21 17 14 37 18 29 24 32 26 33 30 26 27 11 42 16 14 23 18 16 37 37 38 19 18 19 31 25 24 24 12 17 20 24 18 8 16 19 16 35 32 18 21 30 30 23 15 35 20 31 33 32 29 25 20 
30 26 17 20 24 16 36 23 24 22 13 18 23 25 17 23 24 26 21 11 18 22 30 23 28 15 18 16 34 27 19 46 16 31 32 26 27 30 17 24 21 23 25 37 22 39 29 34 24 9 10 20 22 19 28 15 26 21 8 24 11 21 9 41 29 23 20 14 14 34 17 28 25 40 22 34 19 20 22 21 
36 36 16 18 20 15 29 30 15 33 33 26 45 16 19 14 27 32 27 15 14 12 25 35 13 14 21 7 35 25 32 23 31 22 28 23 27 26 8 28 12 26 8 15 11 20 33 41 25 14 20 16 27 24 30 18 18 20 17 20 4 30 14 23 22 21 21 16 24 26 22 26 28 28 22 37 24 35 21 17 
26 29 17 14 23 11 28 20 29 29 13 27 29 12 17 26 24 50 23 12 19 20 18 34 14 18 20 18 40 29 26 20 34 9 16 17 30 21 11 25 21 21 12 29 21 16 15 36 19 28 12 33 27 16 23 25 35 19 15 35 11 19 22 23 11 22 27 10 25 26 25 21 30 37 31 31 30 3 25 27 
43 26 13 15 20 16 31 13 16 26 30 21 26 14 21 30 25 17 19 19 19 19 15 32 19 37 32 12 14 16 26 37 22 17 30 18 22 27 11 40 15 22 20 17 17 25 27 25 16 17 24 27 24 22 21 19 17 10 17 38 16 25 20 34 23 16 27 18 27 18 20 20 27 23 19 37 13 24 25 32 
22 39 17 22 17 14 24 13 31 38 11 20 17 15 9 26 23 25 13 22 24 18 28 28 24 18 15 15 30 13 25 48 27 24 27 27 20 26 15 28 16 7 19 25 15 12 27 33 29 15 21 21 17 19 28 16 3 13 30 29 15 20 17 30 21 29 23 13 16 16 23 16 27 24 41 39 16 13 19 15 
30 23 18 24 24 18 17 19 26 31 11 17 34 23 4 30 20 32 16 16 24 24 19 35 30 21 21 18 33 17 28 35 43 25 21 20 20 36 14 29 10 19 21 39 16 15 28 28 21 27 24 34 21 10 27 15 24 16 18 26 13 23 18 47 26 17 25 21 28 26 25 21 25 13 32 24 7 31 25 17 
25 49 11 16 15 19 20 24 21 35 26 21 35 20 24 15 26 33 16 16 23 17 27 26 17 12 34 20 28 27 14 35 33 7 31 20 20 21 16 37 17 22 30 35 19 21 19 14 17 16 14 28 34 20 17 10 24 25 34 31 26 11 12 30 20 21 29 11 16 24 21 19 34 24 33 45 21 25 21 15 
34 29 16 18 27 17 20 16 24 19 14 15 21 19 21 29 19 38 21 12 16 15 21 24 21 24 16 13 29 24 28 16 34 23 12 18 20 25 19 23 20 20 4 27 17 21 24 17 22 20 23 22 13 28 15 6 16 18 29 9 14 22 19 25 21 15 21 14 15 22 21 15 34 14 30 30 29 41 25 23 
27 22 19 18 18 23 21 17 37 22 14 12 24 24 12 23 35 25 19 14 24 22 13 20 26 23 30 18 29 35 25 26 34 29 20 17 19 26 19 14 14 20 19 26 21 5 31 30 20 12 20 17 34 24 15 12 16 33 14 19 20 29 30 17 37 16 25 18 29 30 30 14 28 18 30 25 36 22 23 20 
26 32 17 11 34 14 22 16 33 33 16 19 26 18 17 30 18 33 19 13 20 17 17 24 24 24 28 18 32 17 21 32 34 19 19 21 28 34 14 21 15 16 16 18 22 33 17 38 29 19 22 21 23 5 20 20 29 11 17 30 19 24 26 40 22 13 18 13 30 40 26 21 40 24 27 31 23 30 28 24 
41 31 16 16 36 16 25 16 32 22 17 15 27 22 22 16 20 27 19 17 22 9 19 23 20 21 21 16 13 22 21 44 27 29 31 26 26 24 9 24 11 14 20 17 19 19 26 29 29 18 22 34 18 11 24 24 13 25 18 28 19 22 17 15 27 18 31 11 32 23 17 18 39 44 24 12 39 5 23 20 
29 27 14 16 15 19 32 16 32 30 22 19 18 18 11 35 20 12 17 11 19 8 21 10 34 36 30 11 38 15 23 29 25 20 24 29 24 25 15 35 23 11 29 39 21 31 19 35 19 13 22 28 32 23 24 16 23 30 22 32 15 9 15 28 19 12 12 16 31 36 20 22 13 28 34 22 42 26 19 28 
29 17 18 18 29 15 35 15 19 13 20 17 39 9 22 21 22 20 17 12 25 7 27 28 8 23 28 17 49 15 21 19 31 17 23 15 33 12 10 36 13 12 21 23 10 21 23 32 13 22 30 18 20 21 15 14 21 17 21 21 26 25 16 28 12 19 31 23 30 33 19 23 32 32 27 22 27 36 17 36 
10 24 24 15 31 17 28 15 30 11 27 20 22 17 12 22 32 30 9 13 12 14 17 39 12 19 32 27 28 7 26 27 22 12 18 11 33 31 12 25 12 26 18 34 17 33 20 27 23 23 22 22 13 11 28 18 28 7 32 27 21 27 15 42 15 26 37 13 16 38 21 19 18 24 29 33 27 17 21 19 
33 34 20 12 28 27 32 16 26 32 24 11 30 19 17 19 24 32 18 11 22 19 26 30 12 25 15 16 30 17 19 28 31 17 32 19 39 41 25 13 7 14 30 31 21 31 16 16 21 15 25 35 17 24 26 9 37 18 22 17 26 28 10 26 22 22 18 19 17 29 17 18 27 15 33 35 50 36 21 34 
23 38 18 23 19 14 32 25 39 23 22 20 38 9 22 20 38 25 19 18 25 19 14 39 15 23 24 10 19 16 25 17 24 26 25 18 21 24 18 13 12 14 14 34 16 19 12 24 20 22 11 35 24 19 17 19 19 19 21 10 19 20 16 29 26 19 21 12 21 25 22 19 13 19 30 20 30 34 9 21 
18 23 18 23 18 13 23 24 9 46 24 15 32 22 13 25 42 28 15 17 18 15 17 48 27 24 21 22 38 21 16 35 29 2 26 31 27 24 18 25 16 15 28 17 29 23 19 43 27 17 18 23 21 32 20 20 30 29 14 17 18 27 15 34 19 25 19 16 29 26 12 24 26 37 24 19 41 16 23 17 
42 39 9 16 12 16 38 26 20 16 18 18 23 20 10 37 32 12 14 10 30 16 18 42 24 13 23 16 46 10 18 37 20 5 30 21 27 29 16 30 12 19 25 27 20 26 11 46 17 14 12 34 24 15 26 15 28 10 21 30 24 16 15 28 24 33 20 23 14 19 26 14 32 26 34 29 33 22 26 17 
35 27 13 21 19 17 42 19 22 27 20 13 23 27 18 33 13 38 10 19 27 15 30 24 24 25 13 11 24 25 19 11 36 17 20 18 14 11 16 22 13 20 29 26 23 15 26 25 28 16 8 23 17 25 17 13 25 24 19 15 13 34 11 35 24 24 14 19 26 36 13 25 28 12 14 21 32 27 34 17 
12 21 20 11 19 18 11 20 21 18 11 22 35 28 22 16 8 27 20 12 26 8 24 30 20 17 15 16 39 24 25 23 42 17 36 25 17 19 10 32 15 21 15 27 24 31 29 34 10 13 18 29 34 24 31 15 28 23 29 26 4 28 19 12 20 20 27 18 23 31 22 13 34 26 30 37 29 31 31 19 
30 31 16 15 30 14 30 28 30 18 25 26 38 12 17 23 27 21 15 15 17 11 28 22 25 10 28 13 43 20 17 38 31 13 30 15 22 28 12 37 15 24 21 24 18 27 24 32 25 22 14 25 36 23 27 21 18 20 9 31 11 31 14 30 15 23 20 15 30 21 23 20 40 22 22 32 16 15 35 21 
34 36 22 13 33 20 37 26 37 19 29 23 36 17 13 13 21 31 17 12 20 16 18 24 28 13 26 20 22 21 13 18 29 12 45 31 32 36 14 34 17 18 14 30 19 19 23 25 9 14 16 34 30 19 17 14 26 16 22 25 11 39 20 25 21 22 17 11 13 20 23 21 33 29 21 23 21 33 30 27 
19 23 18 22 33 9 35 22 44 19 18 10 31 25 20 12 24 38 24 14 16 18 18 20 35 22 24 10 38 21 24 26 21 26 18 20 35 35 19 31 11 15 21 25 13 31 23 39 30 19 22 17 21 14 27 18 5 15 20 22 14 29 13 29 17 18 21 14 26 27 16 7 43 25 31 24 18 38 10 13 
22 33 24 21 19 17 26 17 22 24 22 22 23 8 15 18 16 12 19 15 16 16 19 22 20 30 8 14 43 14 27 41 39 22 16 15 32 25 13 19 16 25 23 18 23 21 33 35 11 16 18 28 22 18 27 22 34 18 21 26 21 39 12 31 22 25 26 16 26 28 22 8 18 21 19 34 43 34 25 22 
32 31 16 14 46 14 22 21 39 25 25 13 30 17 19 24 15 36 17 19 29 5 14 26 28 20 17 18 27 10 13 26 26 16 25 15 21 35 13 36 14 22 19 29 14 22 28 22 19 17 19 23 24 24 20 17 18 21 21 12 12 23 15 31 20 24 25 16 14 35 13 21 32 23 29 32 33 29 35 19 
24 40 18 23 28 19 20 16 29 20 21 19 21 11 31 15 22 17 19 11 16 13 8 32 23 28 28 13 48 14 24 12 22 22 29 27 26 19 10 37 16 17 28 18 14 10 29 21 28 16 26 40 27 24 22 10 25 22 19 4 19 20 10 34 14 16 20 16 34 21 20 24 42 16 25 25 30 17 25 22 
23 33 17 13 1 15 31 19 29 25 14 23 35 14 14 13 20 41 13 18 30 24 24 26 25 20 28 20 28 23 28 33 24 18 27 19 27 27 18 44 16 18 34 37 18 31 26 22 20 13 23 26 30 23 17 21 22 20 16 13 14 29 23 19 32 21 20 13 30 27 27 28 36 10 20 38 39 21 21 20 
31 9 18 21 35 20 23 9 34 36 21 22 36 20 10 22 29 32 23 17 29 11 28 31 20 24 26 10 25 18 11 33 9 23 27 26 31 30 5 13 2 19 31 25 8 21 12 33 33 22 34 26 22 23 22 9 21 23 13 13 17 10 22 8 25 23 16 14 17 35 27 19 24 25 26 25 33 22 41 24 
33 8 22 15 25 13 27 16 25 22 13 16 42 15 20 30 19 20 16 7 29 24 22 40 17 31 18 19 29 14 33 39 22 13 36 17 29 14 22 26 17 22 27 15 17 34 23 31 27 13 18 18 13 32 24 23 23 18 11 24 13 32 9 31 21 12 31 13 26 25 18 15 35 23 21 32 29 33 21 27 
31 29 21 12 30 13 40 22 21 25 30 14 16 13 9 15 55 33 18 16 10 26 24 24 26 29 27 13 10 16 25 19 24 13 38 21 25 30 15 28 14 20 13 35 19 16 29 28 27 29 22 28 14 12 24 12 23 18 7 29 14 32 15 40 37 15 21 8 40 25 25 15 22 16 33 23 37 22 17 21 
28 26 19 21 29 26 30 15 22 18 10 9 36 17 13 15 44 35 24 14 8 19 40 26 23 23 27 21 19 20 15 38 30 24 24 6 32 24 18 34 9 18 23 26 18 21 18 17 25 17 26 33 27 19 12 23 28 20 23 25 19 43 19 29 20 11 16 17 29 22 13 17 36 27 22 24 29 23 28 19 
30 24 9 24 35 12 40 20 36 27 15 26 25 28 18 19 36 27 16 20 22 16 42 29 16 24 22 15 37 23 10 33 12 25 13 22 28 28 17 28 13 15 37 31 23 16 28 24 29 13 21 21 32 12 5 21 14 21 22 25 14 37 28 24 11 11 24 16 29 30 19 13 13 27 35 23 30 30 19 28 
26 18 19 11 32 17 20 15 29 23 16 17 25 20 17 35 32 33 18 12 19 22 21 31 22 27 26 9 47 27 38 39 31 26 38 24 25 14 17 22 13 21 25 28 15 43 21 19 25 21 23 24 23 37 18 15 31 17 25 27 20 22 14 9 29 20 24 25 19 33 20 16 24 21 23 19 26 31 18 19 
24 22 23 16 23 24 27 20 39 23 18 18 27 15 12 26 17 29 15 12 15 15 10 38 23 21 26 12 33 35 26 29 25 22 45 20 31 12 20 33 9 25 12 24 18 28 28 34 20 18 13 38 24 21 25 23 25 21 25 34 12 22 25 25 15 17 28 16 20 29 14 9 31 32 19 16 22 22 22 28 
22 28 26 13 26 14 23 23 17 19 18 26 34 12 14 18 38 19 18 13 21 12 28 28 21 29 17 25 27 13 20 55 30 24 8 16 15 23 14 19 17 24 20 20 22 25 30 36 20 14 18 21 20 23 26 16 34 18 18 25 8 21 19 23 16 14 31 13 27 25 33 21 43 24 34 36 10 37 16 25 
31 30 12 4 27 17 32 18 32 33 24 16 26 23 25 21 27 16 11 17 15 16 35 42 24 18 16 16 6 20 30 26 40 19 23 10 25 26 18 20 14 10 18 30 23 23 20 34 17 10 21 28 19 16 30 16 29 19 12 29 20 18 13 32 16 23 15 20 43 31 15 25 30 20 21 13 35 25 18 24 
38 38 27 12 24 18 25 33 43 29 19 26 27 9 26 31 27 21 16 11 21 25 31 32 19 23 26 20 38 7 23 21 27 24 21 22 28 29 17 30 17 22 20 29 16 30 24 26 26 18 21 25 23 25 27 16 25 34 18 18 13 26 24 19 30 26 9 12 19 27 26 16 46 18 26 16 37 25 22 30 
14 33 8 12 23 11 23 24 28 19 30 23 13 18 16 29 21 32 22 13 22 17 24 28 25 26 32 12 24 18 28 30 39 18 13 16 21 21 23 36 13 33 21 28 22 30 28 19 29 14 17 32 25 15 18 21 31 19 25 32 18 38 20 28 15 24 29 24 32 32 15 20 17 28 32 50 21 19 13 17 
34 26 13 28 26 13 33 16 19 25 22 9 38 12 11 11 23 30 18 21 28 14 22 48 19 13 23 15 36 25 18 24 29 25 23 25 29 13 7 37 13 17 24 34 26 32 20 28 17 12 22 22 26 18 18 17 23 21 15 31 23 27 16 24 20 28 20 13 25 13 18 20 42 17 22 12 20 25 26 20 
33 22 9 14 25 16 25 16 33 15 26 8 27 23 13 18 35 27 3 12 24 26 17 46 27 29 28 19 29 27 26 37 26 9 29 22 26 21 12 30 12 16 25 23 23 19 15 40 25 19 23 24 28 25 21 26 27 22 15 23 21 32 22 34 23 26 21 17 14 10 23 27 28 23 22 22 41 28 24 22 
25 28 18 19 12 21 19 16 23 26 11 29 34 6 19 22 25 31 8 12 21 23 24 25 23 22 20 19 33 18 24 49 29 20 26 18 26 34 8 32 13 18 23 39 14 19 14 29 13 7 22 17 19 20 19 17 23 12 29 18 15 29 18 31 20 23 22 23 25 16 16 10 30 23 30 36 32 19 27 26 
30 36 16 21 24 13 16 29 12 12 14 12 22 20 14 23 30 20 16 11 22 17 32 21 19 11 43 13 18 24 39 31 30 20 30 21 20 28 24 29 14 16 23 22 22 22 19 27 22 13 19 26 24 31 31 26 31 22 27 22 24 19 15 20 11 9 34 11 33 25 20 26 34 29 30 27 38 17 26 23 
23 32 26 17 35 10 30 22 23 28 11 7 28 15 12 20 42 38 32 18 20 13 23 25 29 23 27 17 46 20 21 39 33 34 16 25 24 31 16 38 14 18 17 30 21 18 15 16 29 20 21 21 24 20 16 12 17 13 20 39 23 21 26 24 13 9 19 10 23 14 6 17 42 29 27 34 35 32 29 13 
17 17 24 18 25 11 25 18 34 21 20 27 37 22 23 33 35 23 12 17 19 19 30 33 29 22 35 19 28 16 15 30 36 20 30 17 26 21 15 5 20 20 30 19 22 25 17 24 15 20 20 14 25 10 30 23 8 18 34 22 13 32 21 3 20 18 18 8 17 31 15 20 24 28 19 33 37 26 21 27 
37 20 19 17 20 25 33 15 33 20 25 26 39 10 18 18 21 25 14 11 20 26 20 26 28 28 23 18 34 20 15 38 13 23 20 33 15 8 15 30 13 25 20 34 19 32 20 19 29 23 22 32 19 21 28 14 19 15 17 20 19 28 19 31 23 19 22 20 19 33 23 15 33 23 32 21 47 34 16 15 
22 40 12 9 25 17 35 14 29 21 14 17 24 17 16 23 30 36 17 15 18 19 29 35 14 14 21 13 43 21 26 29 32 19 36 26 25 29 16 35 11 13 17 32 24 31 20 36 26 22 32 24 27 18 16 18 14 12 25 24 23 19 10 29 18 23 19 14 27 23 16 13 28 36 33 28 50 27 20 23 
37 36 18 10 17 21 29 23 25 36 16 18 14 13 17 21 39 32 21 14 18 15 27 24 19 26 17 17 35 16 24 34 26 21 18 26 31 18 17 21 16 14 22 31 28 22 24 37 12 9 20 41 28 22 24 21 22 16 21 22 15 28 16 27 21 24 31 19 33 32 12 9 27 27 38 22 30 26 16 8 
18 32 21 16 30 14 28 32 27 24 26 12 26 17 20 24 27 31 14 12 23 20 21 38 28 25 26 15 20 21 29 40 36 25 25 14 30 14 13 38 11 16 17 26 13 14 13 30 30 7 18 19 24 23 26 4 25 7 17 13 10 18 25 16 21 22 22 19 28 21 20 24 31 28 20 23 17 21 38 26 
38 14 8 13 22 14 33 14 24 42 14 12 32 16 15 28 43 30 17 19 19 15 15 37 22 23 21 16 16 17 38 34 33 11 27 13 16 40 12 40 17 24 24 21 22 23 30 26 13 23 23 44 34 22 27 16 27 29 23 20 21 37 15 29 16 27 13 15 16 10 29 20 27 24 36 30 30 29 24 18 
30 35 21 13 25 13 25 12 31 28 23 21 33 22 18 21 33 28 13 12 25 21 23 36 14 24 19 12 38 27 34 29 27 21 50 17 25 25 9 35 17 16 14 15 21 22 13 13 27 19 27 29 17 3 23 12 27 19 28 30 20 20 9 42 34 13 15 22 24 27 21 19 41 18 26 36 31 19 21 16 
28 30 15 12 32 17 25 22 29 10 21 29 15 24 16 30 41 40 18 17 19 15 24 33 25 27 23 7 22 22 18 25 30 19 5 15 22 29 11 50 13 19 19 36 19 28 22 38 18 19 22 28 32 26 29 14 35 31 28 13 27 34 15 23 31 19 17 14 38 24 25 23 18 23 31 17 37 36 6 26 
35 19 22 13 53 16 27 6 33 16 27 22 26 20 14 25 24 19 23 12 32 20 35 33 20 16 31 15 34 23 13 18 25 25 25 17 22 29 10 21 18 23 25 24 21 20 21 45 11 16 14 41 36 23 17 18 22 18 18 22 19 26 18 28 12 21 15 17 29 19 20 20 35 29 36 24 32 33 24 20 
44 41 19 17 30 24 25 12 15 33 18 12 22 22 14 32 20 18 12 11 11 18 25 37 23 28 16 13 12 21 22 17 19 27 35 26 17 44 18 29 9 20 25 19 16 19 33 24 19 11 23 22 31 26 25 16 29 19 29 21 22 34 24 39 22 15 17 20 28 22 13 10 29 23 29 29 33 22 30 11 
34 39 12 13 25 12 28 13 34 19 26 19 28 16 14 24 32 32 18 14 16 20 21 19 24 15 18 12 19 18 27 10 23 23 25 25 29 19 21 15 20 25 29 32 13 18 35 33 26 21 18 26 29 11 28 14 14 14 15 9 11 23 15 28 26 23 19 16 25 22 18 11 19 1 32 30 20 37 23 23 
46 24 18 13 32 15 19 13 12 37 14 18 28 19 13 24 13 30 11 10 23 23 26 28 21 11 23 10 42 18 23 39 39 19 35 11 32 28 14 24 16 13 16 19 18 25 26 18 23 19 15 39 28 20 27 8 22 20 20 28 21 22 23 18 36 23 12 23 29 27 12 21 36 26 19 20 17 28 22 35 
33 30 19 17 43 16 19 16 24 19 19 25 27 14 8 20 30 40 17 23 25 13 25 29 25 12 33 18 33 26 38 14 27 16 24 30 25 25 14 51 10 11 23 34 18 25 18 20 29 21 20 25 24 20 13 18 42 17 26 33 19 11 25 25 28 24 25 14 28 28 23 18 8 27 7 28 21 21 14 19 
28 21 23 20 29 12 29 21 31 37 23 11 44 18 17 25 24 41 13 17 16 11 13 19 19 10 33 13 42 17 15 29 21 16 36 15 17 37 17 30 10 22 29 24 18 32 25 25 25 19 15 29 14 14 24 15 31 16 22 25 13 31 19 28 15 24 22 14 33 28 21 11 25 14 25 29 32 23 36 27 
18 42 18 18 9 16 27 22 18 26 24 15 24 14 22 21 26 19 27 15 25 20 25 36 19 28 34 21 24 25 29 40 22 18 37 23 38 34 12 25 9 15 21 32 21 32 22 32 20 22 22 21 15 15 25 15 35 16 17 38 21 25 17 35 20 13 15 16 28 29 17 22 34 26 17 30 31 15 28 14 
31 44 25 13 16 14 25 17 35 23 25 17 20 12 15 30 22 31 8 13 20 14 27 16 21 32 12 16 19 23 18 31 22 5 25 13 37 19 22 36 12 15 33 22 12 22 15 24 30 13 15 35 15 25 14 22 18 20 29 29 18 20 27 27 19 18 28 20 32 20 22 20 27 19 22 26 26 23 22 27 
30 17 15 12 33 18 38 21 40 45 22 22 27 17 20 6 22 32 20 12 13 21 27 40 12 15 23 20 17 19 11 34 19 9 32 27 20 24 16 30 15 19 22 32 16 18 18 21 19 12 19 22 16 12 28 15 21 24 27 8 22 8 17 46 16 23 13 8 36 29 20 19 46 28 20 30 37 42 44 24 
33 33 13 12 24 14 24 24 32 29 21 17 26 15 18 28 23 22 18 12 26 17 19 41 33 19 28 12 24 18 26 33 41 18 24 26 24 26 15 26 13 14 19 20 22 21 21 27 18 14 19 32 30 24 10 10 24 25 22 21 14 11 16 30 31 19 17 15 27 22 24 9 39 23 31 27 26 28 21 26 
17 25 17 16 21 22 37 7 31 27 21 9 36 32 23 23 17 22 20 14 28 21 20 37 18 29 8 17 37 11 21 30 24 14 29 17 21 20 13 28 6 18 18 23 13 23 19 27 20 14 22 25 14 10 16 12 34 20 18 27 15 32 12 26 13 20 28 19 25 15 26 19 31 12 34 38 35 32 19 17 
35 42 2 16 21 18 23 22 23 29 24 28 21 18 14 26 30 27 20 12 35 24 28 16 32 15 30 9 44 15 22 31 35 29 35 20 24 21 15 47 14 30 16 15 28 16 27 22 15 28 12 41 26 19 22 19 32 15 22 15 13 26 15 29 29 16 32 10 21 24 37 17 49 23 27 23 37 48 23 21 
14 26 21 15 41 15 12 23 23 6 25 13 23 19 24 21 25 25 17 10 29 21 21 27 23 24 19 14 33 14 27 27 36 19 34 21 30 16 15 43 11 15 27 35 15 23 16 25 32 19 18 41 17 26 22 10 18 17 15 11 9 19 10 19 20 8 22 18 17 37 15 12 40 13 21 19 42 30 25 29 
40 17 23 17 23 15 25 17 27 23 27 24 26 12 20 25 25 40 16 17 26 25 26 29 24 32 30 18 24 15 40 34 25 28 11 28 33 34 18 37 19 20 20 23 19 29 31 27 14 20 19 20 36 15 27 19 32 20 25 28 14 21 20 25 20 17 19 13 25 24 20 21 41 38 29 28 22 30 18 4 
33 49 17 15 35 16 41 12 24 28 19 26 37 20 20 30 25 19 13 19 15 13 26 20 18 15 21 16 20 22 24 40 35 27 21 10 14 20 16 32 18 10 27 28 27 22 8 26 24 12 16 24 25 15 28 15 29 20 14 20 21 25 11 37 14 18 18 13 27 39 18 26 40 27 16 26 38 22 18 17 
20 27 23 24 33 6 23 14 20 27 15 12 33 20 18 25 27 29 19 14 36 11 10 35 17 16 28 14 29 22 28 23 27 18 27 20 41 20 14 18 11 20 21 31 19 13 22 32 19 17 25 20 18 8 22 11 29 20 19 26 19 26 16 28 16 12 10 21 29 30 27 22 37 30 29 20 28 29 23 29 
27 25 21 10 22 14 29 23 47 40 17 15 35 20 16 25 41 36 11 13 35 17 32 23 23 23 21 19 14 31 28 17 36 24 27 16 25 24 14 28 18 16 19 18 23 25 25 25 12 22 20 15 32 17 34 12 18 26 14 12 17 26 17 44 25 14 17 17 25 23 19 17 40 28 16 13 26 30 8 26 
25 19 14 12 28 17 27 27 30 33 17 25 24 23 8 21 31 29 27 16 22 11 24 28 16 23 39 16 27 23 26 17 34 36 30 19 24 14 11 24 15 21 20 23 21 40 16 7 19 12 10 18 28 26 27 11 25 26 27 32 14 30 10 20 17 12 15 21 20 15 17 23 38 29 36 26 20 26 14 32 
21 33 14 23 26 13 28 26 35 23 20 9 37 13 18 14 22 37 22 16 8 14 16 25 27 15 16 10 35 17 27 35 38 25 24 17 38 20 12 35 15 16 47 16 24 21 31 28 23 24 12 21 32 14 25 22 27 19 26 20 10 21 22 32 34 15 19 17 21 17 20 29 26 17 24 35 19 15 28 21 
27 37 20 14 38 20 29 15 35 28 22 24 23 20 23 23 20 30 4 10 12 20 22 29 26 22 26 10 25 7 27 32 29 11 15 21 23 25 18 18 18 8 23 29 13 25 15 35 10 18 28 25 18 21 21 13 27 20 27 17 18 21 19 19 21 19 14 21 25 27 24 20 32 28 15 20 23 37 22 34 
24 50 23 13 28 13 23 24 28 9 25 24 33 26 20 29 33 24 17 15 18 20 27 31 31 13 17 18 31 12 23 15 23 28 20 20 16 32 13 35 16 14 25 35 18 23 21 26 19 12 11 24 27 17 24 19 12 23 18 33 18 42 11 39 32 22 18 12 37 35 18 17 24 29 37 20 18 17 24 26 
22 29 10 17 32 19 25 9 31 27 19 24 19 26 25 22 34 24 12 22 26 26 18 21 20 16 26 15 25 23 37 21 20 28 37 23 26 10 12 32 21 21 23 33 10 22 19 33 24 19 15 23 23 15 17 24 13 19 25 33 22 21 24 16 18 18 17 15 26 28 27 14 24 30 47 14 24 22 25 17 
29 15 7 22 24 22 25 29 18 31 24 20 17 27 16 36 25 25 20 14 30 22 20 23 14 23 29 16 7 19 37 14 21 14 42 22 24 17 15 36 17 31 31 10 21 17 23 35 21 16 17 21 24 25 12 16 25 27 21 17 14 33 12 29 21 32 29 8 27 41 30 17 32 22 32 15 33 35 17 21 
18 21 15 14 42 17 32 25 16 21 20 14 32 16 22 22 36 25 19 14 15 32 21 42 19 19 28 12 34 14 28 45 23 25 33 17 26 28 9 41 8 21 24 12 18 20 7 34 19 24 30 29 23 22 25 15 31 15 17 37 17 25 2 37 33 20 25 14 22 20 29 15 36 25 38 28 28 38 24 21 
27 30 14 12 10 10 26 10 20 27 26 16 32 21 16 18 31 29 17 15 18 8 19 21 29 16 28 20 25 19 35 34 15 18 23 34 37 41 13 32 14 30 9 27 25 29 21 25 29 15 12 34 27 27 23 19 30 16 21 35 8 30 24 19 25 26 23 19 26 31 21 19 16 26 35 22 42 25 33 22 
26 40 18 16 22 17 35 16 17 29 22 19 31 21 22 27 32 30 17 13 16 7 24 26 26 21 22 17 17 19 28 25 28 18 30 22 17 28 18 27 14 28 26 29 21 13 22 27 21 11 28 39 29 23 32 12 26 25 20 19 23 21 14 21 29 19 18 17 20 34 24 19 39 27 42 14 35 30 22 25 
36 35 21 27 35 16 21 14 29 9 23 21 25 20 15 12 33 38 17 8 13 14 9 28 27 32 36 21 37 14 25 33 15 21 28 26 25 41 8 32 9 16 18 25 27 14 33 37 19 18 17 40 35 21 22 17 21 24 22 33 20 16 20 27 24 19 30 16 20 29 18 17 28 26 30 30 31 19 27 22 
25 44 19 25 20 16 20 18 47 29 8 13 41 21 21 28 28 34 11 11 26 19 24 29 24 17 40 20 22 14 19 35 30 14 18 24 25 35 7 38 21 19 18 34 17 17 24 36 17 17 26 27 28 16 17 9 29 12 25 25 28 23 25 28 20 27 31 13 26 33 20 21 33 34 30 28 24 18 35 33 
33 2 9 19 28 19 36 13 25 23 26 25 19 16 18 18 38 27 26 17 31 20 22 41 17 21 25 14 39 29 36 35 35 10 25 27 29 26 12 49 16 19 30 25 24 21 8 31 23 14 20 11 27 11 34 6 24 22 22 29 13 27 17 21 13 17 24 20 26 24 9 31 28 36 22 29 39 21 23 25 
31 38 11 13 28 19 23 21 24 22 20 22 21 14 19 32 25 37 13 12 19 13 23 20 13 19 39 20 45 17 28 10 33 20 32 27 28 30 18 31 20 18 18 18 15 29 20 28 17 20 24 35 17 10 18 21 24 23 14 30 16 24 17 23 35 20 33 16 27 17 18 19 31 12 21 19 14 30 23 38 
12 30 26 14 24 24 32 7 30 24 12 19 20 4 20 19 13 14 17 18 24 17 23 19 23 18 50 18 39 20 19 33 37 15 25 19 24 24 13 22 21 20 26 24 24 22 22 15 27 13 24 29 25 31 24 15 15 15 22 28 18 16 16 5 25 16 26 20 32 34 24 22 14 31 24 25 24 24 23 21 
24 28 12 10 46 26 34 16 32 34 21 27 33 15 16 30 29 28 15 10 25 9 23 38 33 23 20 21 27 23 29 41 22 27 30 17 38 18 19 37 14 25 14 34 18 30 19 25 15 13 24 20 35 25 21 18 24 14 18 36 7 38 19 17 25 17 27 16 21 23 18 25 37 31 21 43 45 18 13 22 
36 15 18 13 29 16 18 21 38 28 11 24 23 33 15 13 23 31 16 15 11 12 25 30 20 32 43 18 28 32 35 22 30 18 19 24 32 18 17 28 14 22 13 29 20 21 21 17 19 24 33 20 29 18 18 22 24 13 21 23 18 14 11 34 22 14 22 24 29 30 18 20 27 23 32 30 22 24 41 19 
36 18 19 15 13 22 26 28 43 28 24 19 32 15 21 25 39 31 26 14 21 20 20 23 16 20 24 12 19 26 27 24 29 9 39 20 9 29 9 40 10 20 22 19 11 10 32 27 25 16 17 24 33 28 22 18 26 11 19 10 25 16 20 29 22 12 19 13 26 35 17 27 46 19 33 33 15 34 10 36 
37 29 18 17 3 23 25 26 26 24 19 27 21 18 15 17 30 32 19 17 14 13 9 33 11 17 35 22 13 28 14 34 45 21 33 24 39 34 17 38 14 21 23 19 22 19 20 18 23 23 23 25 21 22 31 22 13 30 30 19 15 18 21 15 25 20 27 16 18 36 20 17 25 22 21 34 35 33 28 14 
29 26 14 18 24 18 20 27 21 27 26 18 31 16 13 31 19 18 17 9 26 18 16 38 18 16 39 11 26 29 16 16 33 18 31 29 20 5 21 17 18 25 34 23 12 27 26 24 14 24 14 15 31 16 24 21 18 11 17 25 24 32 25 29 32 10 20 16 15 36 13 15 44 18 28 9 33 19 34 25 
20 32 23 26 39 13 40 25 31 24 19 18 44 17 8 10 23 15 19 20 11 24 11 24 19 21 34 20 21 27 35 28 31 18 13 19 32 31 11 47 13 16 26 23 10 28 24 39 33 14 18 24 35 19 20 19 31 19 7 23 16 39 23 26 22 25 27 17 18 38 25 7 26 31 33 16 33 32 13 18 
40 50 18 21 36 16 36 16 27 21 22 24 34 11 18 35 26 36 13 16 30 23 22 16 32 26 31 16 31 23 33 39 30 14 22 23 35 29 16 33 12 27 21 30 10 29 27 34 16 11 16 20 25 23 32 25 19 16 17 35 19 36 20 27 15 18 16 22 19 13 18 21 28 22 16 28 31 30 27 19 
16 27 21 16 17 14 28 23 15 16 23 21 26 15 22 20 35 35 9 18 33 13 15 31 13 24 27 21 33 28 39 17 36 15 36 33 22 22 26 28 22 21 23 34 8 20 24 28 15 24 24 22 38 13 19 14 26 23 10 23 12 23 17 32 25 19 17 16 16 22 25 19 24 21 15 28 31 35 24 29 
32 41 14 15 34 24 42 20 39 29 23 19 17 12 15 19 20 24 24 14 33 12 17 23 27 12 36 10 39 12 25 23 19 10 35 25 14 18 13 42 17 19 29 27 23 31 24 32 25 20 22 25 21 19 19 13 30 25 31 21 15 33 20 18 21 25 28 14 29 22 17 18 31 21 30 35 24 16 31 33 
50 17 16 10 24 18 25 7 28 17 18 10 38 10 15 33 32 24 22 14 22 9 30 14 16 15 27 19 33 22 35 26 18 19 23 10 26 25 12 17 19 21 27 32 21 23 34 54 14 23 19 26 24 25 12 14 25 22 15 22 19 33 10 30 24 19 26 12 18 16 26 10 32 24 24 19 29 29 33 28 
34 29 14 23 34 16 25 21 33 13 11 22 35 16 14 14 23 23 9 19 18 17 21 33 25 17 35 15 25 24 21 26 27 20 15 11 29 21 12 30 18 16 29 21 16 12 34 27 15 20 19 29 27 26 27 18 27 19 20 28 12 33 21 45 20 29 15 9 21 16 14 14 20 34 19 31 45 28 14 31 
28 35 13 17 32 20 23 20 20 28 20 20 15 13 25 23 25 27 11 16 31 18 23 37 20 23 35 18 20 19 15 28 19 24 35 12 22 11 16 27 12 23 37 24 28 20 17 28 25 17 18 27 25 27 20 18 26 18 13 24 18 32 19 29 21 16 23 14 24 16 30 15 32 28 15 16 19 27 31 26 
15 29 20 18 41 17 23 12 34 19 29 12 31 16 14 26 35 29 16 16 15 6 21 34 23 14 32 24 28 20 15 20 42 19 25 20 23 21 22 13 20 15 22 34 15 14 17 29 23 14 27 13 35 26 24 14 25 14 17 20 14 37 16 29 15 17 25 17 31 23 24 21 37 15 28 18 33 30 29 11 
30 39 16 23 32 13 31 18 18 35 14 14 28 25 23 34 20 37 15 10 13 16 26 13 17 14 41 14 14 26 28 49 19 15 25 20 25 34 12 36 16 33 23 19 24 34 12 19 23 17 20 20 32 20 18 14 15 14 25 29 22 31 24 27 30 16 18 12 23 44 22 20 23 30 18 28 34 23 16 19 
26 29 20 14 25 5 22 17 21 42 11 29 20 24 14 27 24 52 14 10 14 28 34 31 15 32 30 18 24 24 21 35 30 25 18 29 25 32 12 42 14 20 25 20 24 22 22 32 21 13 9 29 33 21 15 9 38 20 24 25 15 18 15 44 24 11 25 14 37 32 14 16 28 5 12 26 20 39 27 29 
34 41 20 26 24 14 32 23 35 22 29 21 40 20 19 19 26 40 30 18 20 16 21 17 30 22 15 6 25 18 35 33 36 16 32 20 17 35 14 36 7 33 25 13 24 17 32 19 33 22 31 36 25 25 20 22 14 17 12 24 23 29 27 21 19 25 31 19 23 20 12 25 26 22 32 32 26 26 21 13 
37 28 16 17 22 8 19 23 40 24 16 17 35 18 11 27 39 26 22 17 27 14 17 18 26 15 23 21 31 19 31 39 39 10 33 16 42 25 16 26 12 19 21 29 17 15 34 35 30 17 28 33 32 23 13 23 36 16 23 36 14 22 16 29 29 23 18 16 24 13 29 18 28 30 30 20 33 20 26 15 
22 43 28 21 33 10 14 13 34 31 6 18 40 26 13 17 30 39 10 14 21 22 28 35 31 26 19 24 40 28 11 51 28 16 14 29 18 28 15 26 17 16 27 21 23 26 22 25 20 23 15 14 21 21 23 23 23 13 14 27 14 30 9 34 8 17 13 19 34 31 30 18 19 21 28 31 33 24 17 27 
30 23 21 14 33 17 16 17 37 38 23 19 32 20 20 20 19 23 17 14 22 12 17 17 21 9 13 16 33 12 23 19 35 15 39 25 17 33 13 39 15 20 17 16 16 24 28 28 25 15 23 28 16 19 29 13 36 10 16 22 27 30 17 44 24 33 16 15 24 13 24 20 24 35 17 24 25 25 27 33 
5 28 17 18 27 9 13 23 29 29 11 25 16 14 9 19 28 32 17 15 13 16 20 28 18 24 23 23 27 7 10 25 31 19 44 20 23 35 13 21 18 24 30 31 22 33 26 26 34 18 22 23 26 26 16 12 22 11 22 33 17 30 23 21 19 12 22 9 23 32 14 20 27 30 24 33 37 28 13 27 
42 55 10 18 25 13 29 19 32 29 24 20 27 18 13 30 26 43 16 16 29 15 22 51 27 24 28 20 38 15 25 28 21 14 25 31 38 31 15 25 17 20 27 35 19 22 14 23 31 18 18 28 33 19 12 17 28 19 25 32 16 23 18 24 14 27 27 20 26 31 25 21 25 21 27 21 19 35 25 13 
22 19 14 17 20 7 20 25 42 25 23 20 36 15 8 15 24 26 11 20 28 7 30 27 29 21 23 15 35 20 19 32 31 20 31 21 29 26 14 25 17 22 21 22 21 21 18 41 29 21 24 22 26 20 14 18 18 12 31 27 27 12 20 23 32 15 21 8 26 26 30 26 32 18 26 32 30 45 33 20 
29 18 9 23 43 18 36 19 35 19 15 16 17 17 27 12 26 36 14 20 16 9 23 24 20 24 27 14 45 19 37 39 31 16 22 25 25 19 13 18 13 25 27 33 17 26 16 31 27 20 20 22 24 24 33 20 18 7 22 27 23 35 28 37 21 18 15 18 32 36 28 17 19 27 22 28 26 42 19 33 
30 36 20 18 30 14 22 20 23 15 11 17 30 19 12 23 29 35 20 17 21 15 25 28 24 25 16 11 31 13 29 33 25 25 24 18 37 18 19 20 16 20 22 30 23 20 24 19 27 26 1 18 18 23 16 8 18 16 15 24 20 8 16 33 17 10 11 12 8 19 24 17 28 26 37 34 25 37 34 34 
25 25 16 17 20 14 29 30 27 24 23 14 27 16 17 24 27 36 13 13 27 17 34 25 15 11 43 20 30 12 25 35 35 18 33 18 24 23 11 35 19 19 32 27 13 20 23 28 9 20 24 20 28 17 27 15 28 14 22 27 13 32 11 26 19 23 23 14 33 30 31 29 29 24 22 10 21 23 29 24 
21 37 12 25 28 10 18 15 24 22 17 23 30 22 11 32 26 23 15 19 27 15 16 24 25 14 13 19 29 15 30 26 38 13 21 27 23 21 16 21 16 20 24 22 19 33 19 11 24 14 20 38 24 7 21 13 21 25 19 18 25 25 21 33 30 21 22 18 20 33 15 12 21 25 26 27 30 39 18 29 
28 33 14 15 22 16 18 29 23 24 30 15 23 18 10 22 25 29 26 20 19 26 21 20 17 22 34 16 34 24 27 39 25 20 19 38 23 22 15 23 11 15 28 23 21 28 42 25 23 13 28 27 25 16 15 9 28 19 16 32 15 15 27 38 14 23 22 15 23 28 11 19 25 28 24 36 20 31 23 31 
26 28 8 23 35 24 22 19 27 23 31 23 12 16 24 25 15 34 21 18 28 20 10 38 22 21 26 10 35 17 35 37 12 8 29 15 28 14 15 32 14 21 27 29 15 31 29 33 25 9 18 25 37 20 16 6 19 30 14 10 23 48 20 24 27 18 15 22 26 18 24 23 20 37 24 29 48 11 21 22 
32 24 13 19 28 14 27 14 40 10 23 23 27 24 20 22 18 33 19 21 16 21 32 32 15 20 18 15 21 7 29 37 43 11 18 17 19 13 19 29 13 23 28 22 19 30 21 36 25 15 14 18 20 29 19 17 32 25 17 15 17 24 20 35 15 21 22 10 17 26 24 18 37 25 30 7 34 25 21 23 
26 43 15 15 28 21 18 18 25 37 18 17 32 26 23 27 23 35 22 14 18 22 21 37 21 24 37 17 34 19 26 14 16 24 28 21 34 27 18 30 13 18 8 23 25 31 21 24 23 15 18 15 31 14 22 9 33 21 28 17 18 42 21 34 24 20 28 7 32 31 24 17 43 14 23 21 25 24 33 21 
27 16 11 8 17 20 21 18 40 33 28 17 27 11 15 17 31 35 22 12 19 11 32 23 32 16 29 15 22 15 13 24 41 28 26 23 26 28 20 20 16 25 22 30 20 37 19 30 25 22 8 22 24 15 32 31 28 25 10 18 15 32 26 19 25 21 36 13 20 19 24 19 24 24 29 19 19 20 26 26 
30 24 12 11 39 19 33 16 25 28 12 20 28 14 26 32 31 22 16 19 17 18 28 50 25 13 33 16 38 17 28 26 18 27 40 20 26 16 16 17 18 16 22 29 22 22 23 30 20 14 21 33 30 23 19 20 18 17 29 15 17 29 22 44 12 21 21 21 34 34 15 31 22 32 19 28 33 25 13 21 
38 32 16 24 25 13 16 13 16 28 19 25 22 16 7 30 24 52 14 13 25 21 18 22 21 27 29 9 32 19 39 19 22 23 11 2 22 40 22 45 10 13 27 30 16 24 26 27 29 20 24 39 18 26 18 11 30 20 19 21 14 23 25 38 22 13 23 12 31 29 26 22 34 20 14 27 28 32 19 22 
43 42 16 10 28 17 24 21 41 14 21 19 40 18 12 22 21 31 22 16 24 12 29 29 19 24 24 18 35 16 31 40 21 28 45 17 23 37 12 39 10 16 31 22 7 10 22 34 23 23 14 35 32 15 14 20 25 27 25 32 13 32 8 39 19 19 25 14 11 43 17 18 35 25 30 27 31 20 23 34 
35 38 17 10 27 11 31 17 30 21 16 25 28 14 24 24 23 19 23 20 24 21 30 37 40 8 21 14 30 28 45 24 30 22 13 25 20 27 20 21 14 19 28 7 19 15 24 3 23 8 21 19 27 20 21 21 19 20 23 26 14 27 23 14 16 20 11 13 18 35 26 17 37 24 28 26 27 10 34 16 
38 24 7 16 31 10 21 26 41 19 20 20 29 23 19 15 34 33 12 8 19 15 32 38 21 38 36 22 46 36 24 26 29 12 26 9 30 34 13 31 17 19 23 32 25 23 24 31 10 16 27 45 23 22 22 2 31 15 14 8 14 35 21 31 29 16 26 14 21 28 18 26 36 29 21 27 17 27 14 23 
33 39 17 24 21 10 24 29 13 26 24 18 37 13 21 25 29 27 19 15 19 21 26 9 17 22 30 19 29 21 21 23 32 19 29 19 11 17 10 45 5 18 21 34 12 25 18 40 14 23 12 22 35 34 30 10 23 20 14 22 22 27 24 25 17 24 14 16 22 25 16 10 32 37 26 9 41 21 19 21 
34 17 18 25 29 15 30 16 33 23 14 19 24 27 10 22 19 36 13 16 20 22 22 23 30 26 14 11 28 18 26 33 16 17 33 21 25 30 9 32 13 26 20 40 15 24 19 22 17 13 13 30 18 22 19 8 15 17 15 31 12 16 28 27 26 30 19 10 22 28 28 23 26 31 41 17 18 22 25 18 
23 38 19 11 43 18 25 24 23 32 23 26 18 12 19 20 37 33 13 20 28 16 16 21 20 17 25 15 33 30 28 23 28 16 32 23 28 18 9 36 20 17 18 24 24 17 26 22 26 11 24 22 18 20 23 23 28 16 29 28 21 25 17 16 35 6 30 11 24 14 14 25 32 34 23 31 46 28 23 29 
21 39 23 15 29 15 24 27 30 24 24 19 34 13 10 34 16 32 14 16 24 15 26 32 19 15 24 19 28 28 24 29 26 13 26 18 17 27 12 23 14 23 26 29 28 21 18 33 18 25 22 37 20 16 15 17 9 23 16 38 17 27 17 33 19 20 15 15 32 11 29 23 39 15 26 29 23 34 24 23 
30 40 19 24 32 16 21 11 36 26 18 16 26 18 20 19 40 24 14 21 26 24 19 30 20 9 31 21 13 28 25 38 23 17 20 12 30 21 14 27 19 25 23 23 18 31 19 42 23 12 12 25 38 18 20 23 26 16 27 24 17 34 17 12 22 30 24 13 42 22 16 19 24 19 30 28 29 26 21 20 
29 32 27 23 26 10 32 22 32 20 21 8 27 9 16 24 36 32 13 14 20 18 20 40 21 16 24 8 29 25 25 21 35 15 32 21 27 24 9 31 21 17 28 26 17 24 24 42 18 21 20 23 34 23 21 9 31 9 11 18 7 33 8 33 18 24 23 12 24 31 20 21 19 29 37 22 37 26 42 23 
23 29 23 10 19 18 28 25 33 31 30 20 37 18 13 23 24 21 13 14 22 18 21 29 30 12 28 16 27 9 9 21 29 17 27 16 25 13 17 37 26 8 23 15 26 36 28 45 28 10 20 24 36 25 23 18 14 10 23 19 17 27 8 22 18 18 12 17 24 18 33 28 21 28 27 24 17 34 24 20 
27 50 18 19 29 15 23 27 45 22 19 17 27 23 24 23 24 36 13 17 24 24 12 28 19 18 27 8 35 7 39 10 23 23 39 16 28 14 15 38 13 24 21 19 24 28 29 19 23 18 16 35 32 23 16 15 6 18 21 24 11 50 15 40 18 18 26 23 13 33 26 26 30 28 27 8 30 16 30 24 
33 29 15 21 30 18 15 20 18 24 28 18 47 23 13 22 26 35 18 9 23 11 20 34 36 26 15 14 32 18 32 35 31 22 28 27 24 39 15 19 15 14 23 29 30 23 24 33 26 10 12 17 20 20 16 16 29 17 18 24 15 29 20 16 30 11 16 12 39 25 20 18 26 20 24 33 29 35 28 31 
33 31 16 14 22 14 23 31 19 30 19 7 33 32 11 23 25 35 20 20 10 14 27 28 24 19 32 10 24 20 33 7 29 24 24 23 29 19 12 38 14 21 27 22 8 22 22 16 15 14 26 13 33 9 29 22 22 26 28 10 14 20 10 20 11 14 10 14 12 31 26 18 30 16 21 28 27 22 22 16 
30 20 25 17 14 19 15 17 32 29 15 9 16 24 12 22 32 23 14 18 27 19 35 26 24 20 36 13 26 14 23 36 34 22 19 25 23 25 17 25 13 16 29 19 21 28 26 28 25 12 29 21 21 17 19 19 17 17 31 25 14 32 25 27 27 21 22 12 23 21 31 21 33 15 32 32 25 39 28 29 
15 28 21 12 11 21 23 17 31 40 25 11 42 24 19 27 32 26 26 15 23 15 23 43 16 23 30 16 30 20 22 29 33 16 28 24 32 34 15 34 9 23 22 17 21 12 22 23 15 24 20 36 33 26 19 13 22 26 18 20 24 26 22 41 28 19 34 6 26 29 32 16 46 32 26 37 28 27 29 25 
33 15 18 9 6 14 36 25 34 16 16 19 34 15 15 26 41 36 16 10 20 17 25 28 21 13 21 22 34 13 31 30 23 20 4 23 15 19 16 16 9 16 15 27 15 24 23 38 22 13 15 25 15 23 26 17 24 27 32 22 16 28 22 33 10 19 13 18 27 25 11 20 37 28 27 46 21 24 27 23 
22 21 18 23 18 21 28 10 33 26 17 17 19 15 22 21 22 33 17 19 27 14 27 23 24 21 27 5 33 25 38 24 36 19 21 20 26 36 17 29 17 21 31 34 13 15 33 33 14 18 13 31 33 26 30 13 27 25 33 24 23 31 13 12 25 24 22 13 33 24 21 15 19 28 25 35 34 28 30 14 
17 20 27 15 18 16 30 20 23 14 20 17 27 25 23 18 23 37 19 13 26 11 6 29 10 24 18 14 25 7 22 50 27 16 37 25 28 11 9 15 11 17 28 20 19 12 12 16 27 11 20 19 16 27 25 15 31 19 20 27 10 29 24 12 13 24 21 18 28 29 18 16 29 29 21 33 38 38 17 29 
18 42 11 19 29 21 28 25 33 30 30 23 36 22 22 29 25 26 25 8 22 16 30 5 23 25 37 14 15 15 27 28 36 19 27 19 20 34 21 34 8 19 21 24 21 13 20 43 17 21 15 15 37 22 17 16 19 19 22 24 8 30 15 24 14 37 26 13 29 30 19 18 23 26 21 23 21 29 28 16 
23 18 11 14 31 15 25 21 41 24 14 18 43 15 15 17 27 28 14 17 18 23 21 33 19 27 34 14 41 31 16 16 28 17 19 20 26 26 20 33 11 20 20 20 27 25 25 39 24 21 17 31 29 17 20 23 17 15 10 15 22 28 14 34 33 15 17 12 21 19 21 26 37 22 22 27 26 37 25 23 
40 15 14 18 30 15 28 2 25 28 23 20 36 18 12 18 35 44 29 20 25 22 27 37 15 20 28 14 37 26 16 32 21 26 12 23 21 18 16 30 14 20 24 27 22 29 30 15 18 11 18 35 25 24 24 21 29 22 17 25 17 29 20 35 15 24 13 10 29 28 29 19 28 28 24 27 27 20 39 20 
25 34 24 18 29 14 23 36 18 24 16 21 33 19 23 29 18 27 18 16 12 23 21 36 27 23 29 14 37 19 21 40 26 17 35 13 27 11 18 49 14 22 20 23 21 19 26 21 21 15 15 27 28 23 27 12 25 25 23 16 19 38 18 40 23 9 5 3 18 32 18 22 26 27 20 36 26 34 18 32 
26 35 16 24 15 14 21 15 30 38 29 18 34 20 24 31 29 34 12 11 16 19 19 42 15 18 23 14 40 23 28 42 26 18 23 25 16 17 20 45 11 28 18 19 16 17 24 30 21 10 16 16 26 16 24 25 19 22 6 21 18 30 22 25 26 13 24 19 25 17 14 24 40 26 25 26 11 39 15 16 
26 19 22 16 39 20 27 31 12 30 26 21 17 15 15 25 33 31 14 12 27 20 25 23 17 20 34 17 34 17 33 37 41 20 28 19 26 16 12 46 14 12 18 8 12 33 25 33 15 14 16 37 31 18 21 16 12 23 12 23 23 20 26 25 37 17 32 15 31 34 21 20 40 23 26 13 28 31 42 16 
29 36 16 24 26 16 25 15 26 21 29 14 21 23 24 20 38 32 19 15 22 23 13 33 22 15 30 18 39 25 25 20 31 20 20 18 19 29 16 22 15 25 24 20 21 27 16 24 22 14 23 25 34 24 10 20 34 29 30 24 18 29 7 29 19 18 7 8 23 26 20 13 36 21 28 13 47 19 37 20 
25 54 14 17 51 18 26 16 35 33 24 13 26 12 21 26 25 28 9 17 23 17 30 31 19 15 30 13 28 20 22 27 26 19 10 12 30 29 8 26 12 22 28 30 17 14 27 34 24 16 13 18 25 17 20 20 20 24 17 31 11 41 18 27 23 22 14 8 26 31 10 23 40 15 19 33 43 24 33 33 
22 33 22 16 30 12 28 20 39 25 26 21 42 20 23 26 17 32 25 11 21 9 24 28 24 15 23 14 43 27 22 34 22 22 38 9 27 29 17 33 11 21 24 21 15 7 25 17 20 17 16 10 20 10 10 22 26 24 14 16 18 29 20 20 14 27 19 11 29 15 17 19 17 19 18 14 45 26 28 14 
36 36 12 19 24 11 26 15 27 16 25 13 24 28 9 20 18 24 22 15 29 23 25 37 28 17 24 17 33 20 16 37 18 27 30 36 29 22 18 39 16 11 16 31 19 21 22 32 31 15 20 16 11 33 28 23 29 29 9 28 25 22 17 29 18 22 19 11 21 37 23 21 34 29 25 32 26 38 23 23 
43 38 21 23 44 16 20 12 29 28 22 19 30 20 19 30 18 32 20 14 23 4 13 27 17 23 10 7 32 14 21 31 40 21 13 25 18 33 10 34 14 20 6 27 18 3 24 13 17 8 24 32 19 9 27 26 23 24 25 27 19 26 24 37 19 35 18 18 14 37 21 14 28 30 25 38 38 35 19 31 
23 26 22 24 22 15 12 13 14 16 11 13 38 23 18 27 24 31 18 10 37 13 15 25 17 19 22 20 48 23 24 22 33 27 31 25 33 35 19 37 14 19 21 27 31 27 33 30 16 15 26 12 28 20 20 23 29 26 11 22 11 40 17 30 23 20 22 15 27 28 18 7 27 19 13 34 48 33 35 31 
34 37 20 17 32 15 18 11 27 30 26 26 13 15 20 9 23 37 20 13 18 9 22 26 36 22 25 13 43 23 30 22 38 22 27 22 15 21 16 37 19 22 23 27 13 31 22 41 30 15 13 20 18 25 34 18 24 22 21 22 17 25 7 23 16 28 23 13 25 6 21 16 20 22 25 19 32 34 20 22 
18 34 16 18 23 18 26 21 31 19 25 25 19 27 16 16 20 33 20 19 20 24 20 39 25 15 21 11 25 22 27 15 22 19 15 25 31 14 17 55 16 20 29 26 16 16 20 41 31 19 20 24 30 26 30 9 19 18 20 22 23 38 15 35 26 18 22 17 18 37 14 20 32 5 24 25 38 25 19 25 
31 21 15 13 24 18 36 7 35 31 18 13 41 15 20 24 30 28 20 10 12 12 25 22 16 14 25 16 37 27 21 40 29 19 31 19 30 28 17 31 18 11 30 22 24 20 23 21 15 16 17 17 16 16 23 21 22 20 20 31 18 21 17 27 22 16 20 6 22 28 17 19 33 21 18 24 38 13 24 29 
27 12 6 24 23 18 19 12 10 21 15 16 40 24 10 11 15 20 25 9 20 12 29 25 18 13 21 12 19 23 23 18 21 22 30 21 27 37 23 22 6 15 31 31 23 20 20 28 17 12 33 17 37 27 32 15 18 24 15 28 18 47 17 34 29 22 18 10 37 18 20 12 36 14 23 23 26 33 7 29 
22 48 23 16 25 17 27 18 34 27 22 26 12 19 14 23 42 30 23 12 16 8 29 22 20 16 38 15 21 25 29 37 27 22 38 9 30 20 15 25 19 14 26 29 22 28 20 26 21 20 17 21 31 19 28 16 28 12 19 25 22 28 24 35 20 20 19 12 23 19 29 18 29 34 26 24 26 27 27 19 
37 13 11 13 23 11 27 16 30 25 26 13 40 15 17 25 33 26 23 13 8 24 29 31 26 38 34 19 27 25 16 41 36 21 26 19 20 32 15 21 12 17 29 27 16 32 24 31 25 25 14 19 35 25 23 17 15 23 11 22 15 34 20 40 20 16 14 14 25 23 19 21 27 28 26 40 22 33 20 21 
39 22 10 21 31 16 23 18 17 16 17 25 19 23 14 16 13 27 15 12 26 16 18 32 9 17 18 22 45 18 26 16 38 19 13 24 18 20 11 30 15 20 20 33 15 22 15 23 14 19 25 18 32 21 15 11 28 18 28 19 27 32 20 32 19 25 24 23 23 21 11 17 49 20 34 27 28 34 21 22 
33 28 10 12 18 22 32 25 33 17 18 22 26 26 8 23 22 21 13 15 13 19 29 14 28 25 40 16 19 29 21 20 20 16 26 24 31 27 11 25 19 22 14 25 11 27 29 30 19 15 22 21 22 19 28 13 25 13 18 40 12 15 26 54 21 23 20 17 9 28 28 31 13 27 25 27 29 25 30 27 
32 15 16 10 29 17 39 20 35 34 2 17 29 20 21 14 37 27 21 13 19 14 9 21 12 36 20 15 28 15 24 31 18 20 23 19 18 19 16 14 10 20 12 25 28 21 16 18 23 18 17 16 24 16 15 19 23 12 23 18 11 29 21 28 18 19 20 17 37 29 28 27 19 22 14 30 27 22 13 24 
34 24 22 19 21 21 11 20 21 28 23 19 25 13 19 21 18 34 19 22 17 14 24 27 25 25 24 15 29 21 24 42 17 19 39 27 20 22 18 30 11 15 19 27 23 22 18 28 21 26 24 26 28 5 19 23 44 15 15 21 10 19 22 36 32 13 17 5 13 27 20 14 56 2 16 25 31 35 18 10 
34 22 13 15 15 12 22 24 21 32 26 14 25 20 17 19 28 20 23 9 18 26 25 26 22 24 18 14 23 4 26 40 30 20 23 28 6 28 20 31 14 31 22 32 24 26 29 25 26 9 27 27 20 20 23 20 26 19 28 17 11 33 26 25 24 13 17 20 27 27 20 9 20 23 27 48 32 29 26 25 
40 33 26 13 25 13 20 19 29 15 16 21 38 13 23 24 20 29 13 18 20 13 18 25 19 16 30 13 43 22 43 25 27 19 23 27 26 20 11 35 13 17 23 30 18 30 27 52 21 16 21 23 23 12 30 23 23 27 10 21 13 37 21 24 11 26 12 11 25 24 14 21 38 10 26 25 27 25 29 12 
22 42 25 15 26 15 27 27 28 22 14 21 28 18 18 24 24 16 21 19 26 10 31 25 23 22 18 8 23 28 26 40 20 20 11 20 22 15 12 30 19 11 22 31 10 17 16 19 26 9 25 22 20 23 17 7 16 16 8 23 15 28 15 26 14 17 17 13 28 21 18 21 28 27 22 40 38 41 29 23 
30 26 19 15 35 14 21 11 30 23 27 29 34 19 22 27 26 37 19 18 26 15 20 47 21 12 24 17 20 15 26 19 37 25 26 18 14 38 15 19 18 19 29 42 18 27 32 36 21 22 24 25 32 18 17 24 22 13 16 30 17 22 17 29 27 16 20 18 31 16 13 21 41 22 29 36 37 32 34 24 
36 32 14 12 26 16 27 19 20 26 18 19 27 20 18 37 34 32 25 12 21 20 17 29 21 21 25 16 33 12 34 26 25 15 31 14 19 34 20 37 16 18 21 19 16 14 31 34 26 22 27 23 7 28 16 23 22 13 20 21 19 28 15 9 16 20 22 21 27 22 19 17 39 28 19 34 16 27 30 23 
29 32 22 13 36 16 31 17 41 22 19 27 48 21 11 28 22 30 12 11 34 11 28 34 27 23 32 16 36 14 16 26 23 22 43 16 30 21 18 35 7 16 17 34 13 30 18 37 18 13 18 35 14 19 19 19 16 12 21 22 15 14 12 29 23 23 24 17 26 18 33 15 29 15 23 33 26 31 22 23 
33 35 23 22 29 10 15 30 15 33 18 16 29 20 28 20 33 29 16 21 27 3 27 53 17 15 31 13 29 13 12 40 26 17 58 9 25 29 19 43 14 12 21 7 16 29 28 30 17 19 25 22 18 19 16 12 23 24 14 18 14 38 21 29 25 13 16 22 10 21 24 13 32 28 26 38 33 24 35 22 
32 39 19 12 35 11 33 15 27 35 27 23 39 13 8 28 28 37 25 15 24 9 24 23 12 16 34 23 25 21 8 32 32 32 18 19 22 25 23 30 23 22 10 24 26 22 36 26 18 6 5 20 31 17 22 12 21 20 11 24 19 34 13 3 8 22 23 15 23 34 32 19 40 22 31 30 31 17 27 23 
26 33 14 24 39 9 24 11 21 25 22 23 26 16 15 23 34 31 12 15 22 21 21 24 23 10 13 19 22 16 36 29 23 13 35 3 28 13 18 36 16 19 17 38 19 17 32 28 10 20 21 20 25 11 33 18 18 17 19 16 23 22 16 27 20 16 20 14 25 33 27 12 17 20 29 27 21 27 19 27 
39 45 23 14 28 16 27 21 25 26 14 24 28 22 16 28 31 26 17 17 21 16 20 40 20 16 27 13 30 13 31 33 31 18 26 20 28 24 12 19 14 19 19 28 27 21 26 32 34 16 20 14 17 20 26 15 12 11 12 19 27 30 16 28 18 20 11 13 17 35 18 17 40 28 17 41 17 31 22 26 
22 33 12 13 25 9 23 17 18 26 22 12 43 16 15 27 28 24 21 12 24 14 26 44 22 13 17 4 25 25 35 36 24 14 15 20 22 19 10 44 8 23 20 25 12 22 31 30 7 18 22 34 25 31 36 23 17 34 19 45 19 25 23 17 28 40 10 22 20 32 17 14 32 24 35 41 29 33 10 19 
29 34 19 19 24 21 30 30 36 23 23 14 20 23 18 29 30 37 2 17 23 21 25 25 24 15 31 16 43 18 26 31 32 18 40 30 25 42 19 8 12 17 24 25 14 12 25 34 25 15 19 39 36 23 23 20 31 9 20 29 8 33 6 27 27 27 23 13 35 23 17 12 32 25 27 26 14 24 23 21 
28 39 10 11 40 14 33 22 25 37 17 20 33 24 24 29 27 31 21 8 19 12 17 37 18 19 29 20 30 19 19 37 44 15 34 18 18 24 24 37 18 14 18 30 15 22 29 32 23 20 19 24 20 27 21 19 22 17 20 22 17 47 20 19 23 20 27 13 34 21 29 23 24 27 22 39 37 35 21 15 
13 32 8 15 39 19 20 24 21 28 24 20 31 5 11 28 9 23 14 17 32 14 13 34 16 20 36 10 13 23 10 42 20 29 27 28 33 31 18 11 14 15 32 27 14 10 24 29 22 20 20 21 33 24 21 21 24 27 19 21 14 12 21 19 20 22 23 18 17 25 19 26 38 24 24 31 35 21 18 29 
31 34 21 23 11 19 22 20 24 34 26 29 45 20 26 20 28 27 19 3 24 21 28 27 18 26 24 16 34 22 34 11 30 17 21 29 24 21 21 32 20 20 23 30 21 30 25 20 15 22 15 19 30 21 20 15 21 11 12 21 21 39 14 26 17 11 26 19 24 32 22 23 26 19 28 24 36 27 19 30 
45 33 21 19 24 20 22 14 25 30 20 20 34 14 14 30 19 31 18 19 18 10 30 31 22 13 20 22 25 11 25 39 39 18 17 30 30 18 16 38 14 24 22 18 20 20 21 26 12 14 30 29 24 10 34 9 13 19 15 21 3 26 24 30 24 7 24 13 28 18 22 23 36 17 19 30 7 14 22 11 
18 30 19 26 20 17 28 27 29 24 23 25 29 24 6 29 22 22 29 15 21 12 23 24 24 13 27 16 37 32 29 37 31 17 20 17 34 26 22 26 11 27 16 13 16 28 31 24 20 22 19 19 31 16 18 23 36 21 21 36 24 12 17 28 29 27 18 14 34 22 24 13 27 25 19 38 30 27 22 26 
32 33 19 19 40 13 30 27 19 33 13 14 26 12 16 30 37 20 15 14 18 20 19 41 28 24 30 15 37 7 22 25 13 19 17 28 20 38 23 38 17 10 20 11 16 32 12 36 14 22 15 30 26 11 19 25 11 15 17 23 8 24 25 42 18 25 20 12 20 26 28 21 35 33 26 20 39 19 26 23 
25 40 12 13 34 16 38 9 37 26 20 23 27 14 19 25 32 32 23 12 18 24 29 19 31 26 24 12 23 16 25 24 26 17 21 23 37 8 11 27 12 17 12 11 24 32 22 35 17 15 24 22 30 29 24 5 21 18 21 18 19 31 14 23 26 24 12 12 37 32 19 11 30 23 19 26 37 14 18 23 
22 31 20 19 29 15 31 23 21 33 17 22 20 23 21 25 31 33 23 12 37 23 28 24 24 25 24 15 44 17 33 29 31 14 30 19 24 24 29 36 17 21 25 27 23 30 23 32 17 18 15 27 5 17 17 22 12 17 21 33 17 29 24 32 27 14 13 18 25 21 23 19 24 36 19 41 39 27 24 14 
34 33 11 13 27 17 22 12 29 29 15 17 37 17 20 29 33 35 25 19 20 16 19 23 26 25 19 15 27 22 11 25 27 20 16 10 23 36 23 34 16 20 21 20 16 24 30 30 19 16 20 22 29 20 16 18 25 27 16 24 19 30 15 33 32 6 28 12 12 35 14 20 20 26 27 15 25 26 18 23 
32 32 11 18 26 16 40 21 23 20 22 27 30 13 10 22 35 14 14 14 24 22 29 29 17 14 22 14 42 19 23 40 40 14 20 21 18 18 18 24 15 30 28 23 17 25 22 19 15 11 21 22 32 11 17 17 32 16 16 19 21 36 18 26 21 13 15 21 25 38 29 18 26 23 33 27 38 30 19 26 
24 40 22 20 19 16 14 28 23 19 32 25 39 11 17 24 33 35 18 5 23 12 28 25 29 9 35 15 32 24 28 20 19 35 21 14 22 27 13 22 13 15 23 27 16 16 22 18 30 11 29 38 18 35 12 19 29 16 17 22 14 9 15 18 22 18 14 14 20 26 25 16 28 12 37 26 31 33 30 32 
36 22 17 27 22 17 11 26 10 25 21 19 27 21 20 36 45 43 20 18 15 23 24 33 25 11 36 12 39 10 31 56 34 21 23 31 26 24 20 33 14 20 15 28 10 28 29 45 23 15 28 28 27 8 29 18 19 21 20 37 16 25 20 30 17 26 19 15 9 23 12 19 29 22 24 30 44 20 28 17 
30 39 20 16 23 18 20 25 25 20 27 17 28 19 16 25 33 25 14 18 18 19 30 33 26 16 18 12 25 30 21 26 23 21 41 26 17 21 15 20 8 21 24 12 18 17 20 36 23 6 29 24 27 16 27 9 16 22 18 27 18 33 17 37 29 20 22 18 30 22 24 19 28 28 27 33 40 24 18 26 
29 24 17 19 24 19 25 21 42 22 23 20 9 27 9 27 30 31 10 11 17 12 26 37 17 10 25 21 30 22 27 19 17 19 13 18 25 8 18 24 15 21 33 23 22 25 22 26 13 20 12 35 18 7 26 16 16 22 28 27 7 15 14 27 20 14 20 10 29 36 25 19 13 22 19 21 35 49 28 25 
29 31 18 18 23 18 16 32 31 34 25 18 31 14 13 30 23 32 18 14 22 24 23 32 28 7 32 9 38 20 20 23 19 24 30 23 24 24 12 7 16 19 31 24 15 31 14 27 18 20 15 20 12 14 30 11 32 5 27 42 16 22 24 22 28 33 23 17 21 14 21 24 19 19 20 30 36 24 24 29 
41 26 15 16 38 18 27 18 27 11 23 27 29 15 19 18 29 39 18 14 26 23 20 22 31 17 10 11 35 34 21 25 15 30 27 30 17 21 15 27 15 23 18 27 16 23 26 19 24 20 14 32 31 16 26 14 24 22 25 16 21 24 15 26 27 21 18 16 22 37 27 18 40 19 26 22 32 27 22 14 
31 32 13 16 24 8 44 12 28 19 8 16 28 22 16 29 21 38 19 14 33 14 25 34 19 15 36 15 38 24 30 27 14 21 36 18 34 27 20 19 14 20 15 33 14 12 24 33 11 14 34 24 29 22 21 14 20 18 9 24 15 15 20 12 26 23 23 16 27 10 15 14 31 20 40 38 34 20 24 31 
30 37 20 19 21 17 28 30 21 31 26 19 32 28 19 20 33 25 11 16 21 17 32 32 18 13 27 15 29 15 34 26 27 15 34 20 14 20 14 29 15 14 19 29 20 21 26 20 30 26 15 30 31 19 25 24 19 31 19 20 16 24 22 29 27 22 17 12 13 18 19 14 25 29 24 24 31 10 20 26 
41 21 19 13 11 17 30 20 38 33 34 16 46 22 12 31 12 22 20 17 23 16 7 27 14 24 36 13 27 35 14 18 29 30 44 7 24 35 18 47 15 22 18 17 21 31 23 31 16 7 28 29 40 22 30 20 28 24 22 25 18 7 12 21 31 25 27 13 31 36 28 21 34 16 27 34 26 34 12 18 
33 15 20 9 32 19 25 20 24 38 19 20 25 13 15 23 36 23 10 19 31 19 18 35 21 13 23 16 17 26 23 28 29 13 34 10 21 31 14 27 12 15 34 25 19 18 19 24 23 24 16 26 38 17 20 20 25 8 18 25 24 22 19 15 16 34 21 16 16 16 31 21 41 18 22 46 18 22 25 20 
38 28 10 15 42 12 28 27 29 23 18 25 34 16 18 28 31 20 13 17 15 15 34 32 18 20 31 12 33 16 34 25 32 25 46 32 16 34 15 43 19 14 10 20 21 20 18 36 24 14 17 19 37 13 28 28 18 24 26 21 19 19 18 32 14 6 26 12 31 18 17 15 26 24 21 23 27 24 19 27 
31 38 20 15 31 19 30 19 32 31 22 19 33 14 24 8 30 17 10 22 23 17 14 28 22 19 18 17 45 28 28 57 16 14 40 21 19 26 10 20 12 23 23 26 14 34 22 37 22 18 15 31 28 11 23 13 19 21 31 22 14 21 19 32 15 17 23 13 22 25 20 13 34 17 27 10 21 26 21 21 
29 34 11 15 16 19 15 19 16 26 12 22 32 16 18 15 15 38 15 15 27 12 18 36 15 32 19 17 36 7 21 33 23 23 25 24 18 12 13 19 9 12 31 19 22 23 15 41 17 25 16 22 39 19 24 17 17 17 15 18 16 21 20 22 36 19 32 16 21 32 30 14 25 26 29 29 16 35 28 18 
28 30 9 10 26 24 19 18 28 7 16 20 31 10 16 25 22 30 18 17 8 19 29 40 24 31 21 7 46 17 27 24 36 21 19 32 18 12 8 36 26 14 21 25 19 27 21 29 26 18 10 31 34 12 27 13 16 15 19 30 15 14 14 35 21 31 29 12 13 33 25 17 35 23 22 41 24 36 23 16 
38 25 23 21 23 15 32 20 35 31 23 26 22 19 16 12 38 38 14 15 22 11 13 42 21 25 37 12 21 23 24 41 25 23 19 23 19 28 10 9 13 14 27 49 24 24 12 33 30 20 31 38 29 10 18 21 23 11 23 23 18 13 11 33 25 13 12 10 28 31 26 22 31 23 30 33 28 29 16 23 
28 32 14 23 24 12 14 22 27 35 15 23 24 7 19 32 9 35 24 16 21 27 29 22 15 21 22 19 24 6 34 36 37 24 32 9 27 33 22 34 16 20 22 21 19 21 28 24 18 8 19 15 37 18 21 14 14 14 19 17 14 27 20 29 25 25 17 13 21 25 18 21 40 34 22 34 28 40 28 14 
31 22 17 27 12 13 20 14 26 19 9 22 38 26 20 30 31 22 19 15 28 17 15 23 26 28 37 19 43 19 20 34 36 18 20 23 25 32 11 40 16 15 18 26 21 24 30 17 29 18 17 28 25 12 26 9 19 16 18 16 15 21 16 21 28 26 27 9 21 22 24 16 22 11 30 40 42 30 24 23 
30 32 20 15 37 13 36 20 34 23 24 17 19 22 26 24 21 28 15 20 18 28 27 29 15 25 35 15 39 20 22 27 25 18 28 30 34 23 11 29 15 14 17 31 12 17 24 16 25 24 21 19 19 19 21 14 37 11 12 31 17 33 17 35 25 9 23 17 28 29 19 22 19 36 28 39 28 35 26 33 
42 25 21 12 30 16 16 23 18 14 22 18 36 18 9 22 27 32 22 13 19 15 20 29 11 25 30 12 24 13 28 36 13 17 38 32 11 29 14 24 12 25 10 29 25 26 17 25 20 24 15 22 21 20 30 12 34 26 20 31 13 16 13 37 12 18 21 22 28 36 27 17 31 8 23 23 25 29 15 12 
31 36 22 19 26 16 39 23 35 26 23 18 30 20 12 14 36 19 18 20 12 21 15 21 25 25 27 13 39 27 29 41 15 20 15 27 34 31 13 21 14 20 29 18 24 36 16 42 23 15 20 19 10 24 26 30 23 11 20 19 23 40 21 37 29 35 23 17 20 25 27 16 28 34 32 38 35 32 23 29 
34 36 11 15 25 15 31 6 27 13 16 20 2 24 21 22 20 39 19 10 9 11 22 31 18 22 22 19 27 27 25 36 29 21 40 20 21 28 21 13 10 27 31 36 16 36 15 22 22 23 14 30 29 19 23 15 18 22 16 37 21 31 21 38 19 21 20 5 20 17 20 25 24 29 28 14 29 27 17 21 
20 31 16 13 30 21 10 19 24 24 20 13 26 12 12 30 29 19 16 13 25 13 16 29 17 20 16 13 18 7 25 41 34 23 24 23 27 17 18 39 18 19 18 35 22 23 17 31 17 19 33 18 33 21 17 18 20 19 23 24 15 22 15 36 14 12 23 17 26 29 15 20 28 18 31 30 19 22 21 25 
38 45 16 29 23 24 40 24 17 29 16 18 27 15 22 21 21 15 24 17 20 21 19 20 27 11 25 19 24 23 41 34 24 20 30 19 17 22 23 31 15 16 12 25 18 20 12 37 26 9 10 30 31 16 25 8 34 20 25 11 14 27 15 27 16 14 24 10 34 34 19 20 25 35 26 18 19 8 23 24 

MachineCapacities:
MachineID Capacity
0 10
1 10
2 10
3 10
