NumTasks NumMachines NumScenarios
20 4 500
TaskDetails:
TaskID ReleaseTime ResourceConsumption SuccessorsCount Successors...
0 0 7 6 2 6 1 1 
1 0 5 7 2 6 2 3 4 
2 0 6 4 4 5 2 3 4 
3 0 2 3 8 6 2 5 6 
4 0 8 7 7 10 2 5 6 
5 0 2 7 8 5 1 7 
6 0 6 10 2 4 0 
7 0 8 3 7 2 0 
8 0 1 8 2 6 2 11 12 
9 0 7 7 5 10 1 10 
10 0 5 5 9 1 2 11 12 
11 0 6 6 9 4 2 13 14 
12 0 3 8 9 9 2 13 14 
13 0 4 7 9 3 2 15 16 
14 0 7 3 7 3 3 15 16 17 
15 0 8 7 2 1 1 19 
16 0 6 3 2 8 1 18 
17 0 6 6 3 3 1 19 
18 0 10 8 6 5 1 19 
19 0 2 3 7 9 0 

28 33 18 20 20 24 15 18 21 23 33 26 23 19 14 24 15 36 29 30 18 23 26 16 21 28 22 14 20 31 7 15 19 28 29 33 13 19 23 43 14 10 20 13 11 27 34 39 24 21 16 16 27 19 25 21 5 16 36 23 24 46 22 15 8 28 16 26 22 20 23 12 31 15 35 32 14 20 33 16 
21 12 17 32 11 22 29 17 25 29 25 21 23 26 17 20 22 25 22 28 29 31 17 21 11 21 36 21 14 27 16 21 29 7 31 29 9 16 24 42 13 32 30 19 19 21 26 28 19 23 17 11 30 21 11 29 13 20 35 24 26 30 25 23 15 41 11 26 25 30 30 34 25 11 19 43 18 24 23 12 
19 42 44 42 21 19 21 23 15 7 21 28 19 25 18 24 21 40 21 30 24 24 16 13 25 19 39 23 41 39 18 34 26 19 13 26 23 18 17 28 20 32 29 27 16 32 29 26 16 23 25 17 28 26 20 23 9 24 35 18 17 35 30 16 11 33 12 31 28 25 32 19 18 12 46 39 17 35 19 18 
17 14 30 35 21 24 14 13 13 20 35 22 13 19 26 33 19 28 29 37 26 27 29 26 18 25 26 19 32 32 17 28 18 43 18 35 17 15 27 32 16 39 11 12 26 19 31 37 14 26 17 15 31 22 15 31 21 22 17 33 28 31 25 20 12 31 20 36 17 31 33 22 29 18 32 20 16 40 18 18 
28 35 32 26 21 19 15 18 21 28 28 25 7 19 18 25 12 36 31 34 24 28 15 25 28 17 32 9 30 18 15 17 31 15 25 27 14 34 18 13 16 28 25 16 27 26 18 16 24 17 18 18 26 27 20 28 18 18 36 28 19 41 18 10 7 34 16 21 34 34 26 22 16 16 48 30 22 31 34 23 
27 31 17 26 19 26 29 6 28 23 34 28 13 20 20 29 27 31 41 13 9 24 17 21 22 22 55 12 33 34 15 23 10 32 19 48 12 13 25 40 9 23 19 20 23 22 21 40 19 40 4 16 24 9 21 26 36 10 26 32 16 25 35 20 21 33 17 26 25 33 31 12 25 29 30 35 16 42 31 13 
13 20 18 26 20 30 24 14 17 29 17 16 12 17 20 28 17 28 13 40 27 19 25 17 17 16 27 18 11 21 21 16 17 22 26 37 11 17 22 30 17 28 13 12 8 27 21 22 18 27 23 30 34 12 18 17 25 15 37 28 19 25 21 17 13 24 17 21 27 14 52 28 31 24 18 30 11 30 31 16 
8 22 27 23 15 16 14 20 19 40 24 16 22 31 16 20 27 22 21 44 29 32 20 16 25 14 9 18 28 24 9 15 27 44 29 23 16 25 25 20 24 28 14 19 17 18 29 19 27 26 16 17 32 17 10 22 23 14 13 29 22 19 16 9 19 29 16 34 23 23 26 14 20 25 28 16 16 19 31 18 
17 23 29 27 15 29 26 19 22 16 27 19 17 19 27 33 18 31 28 33 22 17 24 14 23 20 33 12 30 32 17 42 10 32 17 42 16 22 28 43 15 30 29 18 26 28 33 18 18 32 20 16 28 16 9 28 36 16 29 33 22 28 22 15 14 24 11 33 7 21 19 14 29 15 25 20 21 27 25 18 
23 12 26 32 12 16 12 18 17 32 30 16 14 24 30 24 26 13 17 37 22 12 13 9 24 18 24 17 33 32 13 26 14 26 26 45 16 24 23 30 11 40 21 20 22 18 31 27 28 31 21 19 24 30 24 19 28 10 38 24 25 44 21 22 19 33 25 44 17 22 40 32 20 22 27 19 29 34 26 27 
25 9 31 28 21 12 16 13 21 32 31 17 18 16 23 36 17 48 23 25 31 26 26 17 27 21 19 27 29 25 19 39 25 24 25 23 16 29 22 17 23 29 28 15 28 20 24 22 19 27 22 19 30 25 19 20 25 27 38 33 12 37 32 10 16 30 12 31 13 27 32 18 12 24 29 42 16 42 35 19 
19 19 22 29 17 31 11 15 15 22 6 15 15 21 13 22 8 18 26 38 15 38 12 19 13 22 28 27 30 28 18 21 25 28 9 34 16 27 18 13 15 43 14 14 25 20 27 34 18 19 17 14 15 19 19 32 26 23 25 24 17 29 16 16 20 27 17 31 17 22 40 26 16 23 42 25 14 35 26 14 
29 27 21 30 13 19 7 14 26 4 33 26 17 18 17 13 21 34 32 39 35 27 29 11 29 22 35 28 16 39 23 16 16 22 8 31 10 14 14 31 18 12 16 22 24 20 22 23 26 39 17 14 16 20 15 13 33 15 28 24 20 38 17 15 13 29 12 33 20 31 22 14 22 18 42 25 12 42 24 10 
23 25 33 28 12 19 24 19 26 22 15 27 22 18 25 5 23 24 23 34 15 31 27 18 26 18 52 24 16 24 20 27 24 30 27 45 13 16 24 28 8 28 28 13 17 28 18 32 20 29 22 20 24 17 16 27 28 20 20 19 16 33 19 14 15 31 8 44 18 22 26 24 22 15 26 31 12 30 21 17 
18 24 41 30 25 19 11 21 11 31 25 26 19 13 16 20 15 11 29 25 27 35 29 19 24 20 36 19 19 25 17 21 35 31 21 35 14 19 15 31 16 29 34 6 34 15 24 26 24 34 19 12 25 10 15 20 22 18 37 19 14 23 16 12 18 16 14 33 31 31 36 24 23 22 21 27 14 31 13 11 
17 21 27 29 13 28 15 18 16 18 19 19 12 17 19 14 19 22 23 44 20 25 23 17 14 24 24 24 23 13 26 24 27 27 18 25 19 32 16 39 15 24 19 17 25 17 43 15 22 36 20 19 34 22 12 25 26 20 39 14 19 36 17 17 19 29 14 14 14 29 19 26 6 18 28 35 17 30 30 19 
10 30 26 33 17 14 12 14 27 31 32 26 9 34 17 31 22 28 37 24 33 25 17 14 24 15 36 19 23 26 21 21 22 40 7 18 16 25 28 30 21 45 26 17 21 22 23 40 24 38 16 15 28 26 18 17 26 19 31 16 25 44 10 17 12 18 14 20 15 29 21 32 14 16 26 21 20 25 21 17 
17 25 30 25 16 30 21 12 17 36 37 18 15 29 22 18 21 25 15 39 23 22 28 11 28 17 32 27 31 12 22 25 25 29 21 36 17 26 19 17 15 25 13 11 25 21 19 16 14 28 9 19 29 21 21 18 29 15 24 22 24 19 27 18 14 22 22 34 30 20 27 24 27 18 29 29 16 31 31 11 
32 29 30 40 6 15 19 22 15 41 22 25 20 26 17 17 25 25 39 22 19 36 23 13 30 14 27 16 16 25 18 22 28 35 21 38 17 21 14 29 20 40 24 18 21 22 17 38 21 36 20 20 46 22 22 23 23 25 31 17 25 34 24 14 12 19 16 26 26 35 35 18 30 18 36 31 13 30 23 11 
17 18 24 20 12 22 21 21 16 18 31 27 9 11 12 18 28 27 25 30 16 31 30 18 22 16 20 22 31 32 6 22 20 22 17 26 17 19 18 20 21 23 10 18 32 25 21 15 16 10 14 13 22 22 19 25 24 17 37 35 25 39 26 23 13 35 15 21 28 23 16 16 42 17 19 19 18 17 22 16 
13 18 31 26 18 17 14 14 12 22 24 15 17 16 26 37 22 42 28 30 15 42 35 21 25 11 26 17 26 35 22 21 17 29 21 30 14 22 34 27 13 46 23 18 19 17 19 19 27 23 13 12 12 32 10 24 28 24 34 23 28 36 20 16 15 44 14 40 14 18 30 33 29 11 30 39 8 27 31 18 
21 33 37 29 13 19 14 25 20 25 35 24 17 22 29 24 27 34 14 34 24 27 33 25 17 11 35 24 20 13 20 22 17 31 29 28 13 14 29 32 15 28 24 14 19 16 30 31 20 24 18 16 29 17 21 26 24 21 25 13 24 31 23 19 16 30 15 22 35 29 15 28 30 14 50 33 22 25 27 20 
13 32 42 23 18 25 20 22 17 32 16 30 8 23 22 23 14 15 38 48 14 30 12 14 19 22 35 24 40 16 20 19 24 27 16 18 21 23 23 13 16 31 5 23 9 25 28 27 23 31 22 8 23 22 26 21 13 27 30 24 26 27 23 17 17 25 10 38 19 23 22 20 28 16 34 23 9 14 30 12 
21 17 30 18 23 16 8 17 12 22 14 19 15 24 22 19 19 32 26 34 30 24 7 24 26 17 14 26 21 24 17 16 17 37 21 20 20 14 31 16 22 22 12 11 27 24 30 26 20 18 13 22 27 20 26 15 21 29 18 25 31 27 26 14 15 44 14 33 24 31 35 22 27 17 27 32 13 30 29 19 
13 24 27 32 16 18 17 21 20 30 40 13 24 13 16 29 22 20 29 24 21 21 15 24 31 6 35 20 8 22 20 31 19 29 19 33 13 18 16 41 17 37 24 19 26 22 13 34 29 27 14 21 35 28 7 20 31 24 36 21 27 17 22 20 17 15 14 26 18 30 16 25 16 16 25 4 23 28 20 14 
10 36 38 26 21 25 17 9 23 29 17 18 20 18 7 28 21 45 27 24 29 39 22 15 19 15 52 14 36 27 17 35 25 20 26 27 13 15 17 22 9 31 22 16 34 26 24 10 28 27 22 16 36 14 16 20 24 25 32 15 14 41 16 19 19 27 17 17 24 14 36 17 28 6 24 31 22 14 19 13 
30 13 32 33 15 28 26 24 20 25 24 29 21 13 26 31 19 21 33 35 23 32 36 22 23 21 21 17 29 23 18 38 22 29 15 27 14 18 11 16 8 45 32 24 23 19 17 21 24 35 12 11 26 14 14 22 22 20 34 26 30 34 16 23 18 18 11 31 19 30 24 23 23 13 30 30 20 28 28 23 
18 30 24 18 16 17 12 19 10 16 20 20 19 19 21 21 15 26 22 41 25 30 16 16 22 21 31 16 15 31 30 29 14 30 16 40 12 15 19 24 23 24 21 15 24 14 20 30 24 27 21 14 24 17 14 22 18 14 27 22 18 23 39 24 15 21 16 25 17 25 31 21 38 6 41 44 23 37 21 20 
31 10 34 25 12 26 18 13 24 15 23 22 13 22 16 31 21 30 29 38 10 30 21 20 24 18 33 19 22 30 19 26 35 21 14 26 17 24 26 45 19 5 15 17 34 17 25 16 23 28 14 18 34 24 19 8 31 15 47 33 21 31 16 21 10 23 17 30 14 28 19 31 34 15 28 16 18 39 27 19 
34 36 31 34 12 30 19 12 17 37 31 25 14 14 27 20 22 23 28 54 30 25 7 14 27 17 48 16 41 31 19 22 18 29 16 39 12 27 15 33 19 37 19 25 20 19 28 27 17 25 15 11 26 18 20 22 22 26 26 34 21 41 30 18 15 29 18 13 17 36 25 24 13 11 40 31 18 31 26 15 
26 28 24 27 16 16 22 16 13 29 29 19 16 17 26 20 25 26 18 32 20 42 22 20 27 18 43 25 21 28 18 31 27 23 27 17 17 18 12 27 19 33 27 14 23 21 34 25 15 31 12 19 29 24 13 22 18 24 39 17 14 39 21 17 9 24 19 20 21 17 35 26 13 13 21 34 16 40 18 16 
21 24 35 32 20 27 20 17 14 24 23 26 15 20 28 22 9 46 36 36 22 32 26 34 16 18 27 17 20 22 14 22 25 33 23 27 14 21 29 32 17 35 28 9 21 23 17 21 24 40 22 14 18 30 19 23 24 22 47 21 22 31 26 15 18 33 9 32 26 22 28 19 23 20 37 34 19 30 29 20 
26 23 23 18 14 26 28 25 18 29 27 12 13 21 26 24 20 22 25 25 23 25 16 18 21 11 27 19 27 32 22 31 25 22 19 23 15 32 18 40 15 25 17 10 21 26 34 28 26 10 15 9 25 22 18 16 40 25 30 22 25 35 24 12 20 34 15 18 25 18 35 18 34 15 29 22 7 31 28 12 
24 35 23 30 15 21 20 17 25 14 11 18 24 23 19 20 21 28 41 43 29 29 29 16 11 16 46 39 33 37 10 14 25 31 22 39 14 13 14 37 15 32 20 20 25 21 24 26 33 17 22 20 46 26 17 23 27 18 19 14 30 27 9 18 21 20 17 36 26 17 19 25 25 27 36 40 23 42 15 18 
19 24 28 23 15 23 19 20 17 23 17 19 16 29 16 20 25 21 27 25 25 32 35 23 26 21 32 22 21 34 18 21 26 34 20 38 16 23 27 29 14 28 27 20 35 21 30 19 20 24 20 15 41 18 19 4 31 25 19 23 26 32 21 17 17 25 15 36 12 28 39 27 29 19 28 27 25 32 16 13 
15 28 17 11 14 16 16 16 19 28 23 18 15 22 23 23 35 34 30 32 31 24 23 15 25 16 37 24 30 25 10 23 20 35 29 45 14 24 18 10 19 33 27 22 12 35 21 24 16 26 23 6 30 14 14 15 27 20 35 15 30 32 17 14 15 20 13 20 18 39 23 13 22 9 30 24 12 21 29 24 
21 18 26 19 17 21 24 22 15 28 34 18 17 14 21 32 19 30 24 32 19 32 30 26 30 12 39 25 17 28 20 32 20 8 12 36 21 31 29 41 17 16 18 16 31 39 26 23 21 43 16 18 28 26 12 20 36 26 26 26 34 9 33 23 12 27 19 24 11 34 42 26 29 10 32 32 25 28 23 17 
10 26 32 29 13 18 21 26 13 19 26 14 23 33 29 31 19 53 20 29 19 25 30 20 24 26 23 37 30 30 17 34 19 48 20 33 12 15 20 30 20 15 26 24 16 15 24 16 21 33 24 18 39 21 12 19 15 24 35 17 21 26 17 16 20 32 11 38 25 38 35 35 16 18 26 13 17 10 26 15 
16 27 23 24 13 22 11 15 18 13 27 19 20 26 12 21 16 34 32 46 12 38 18 14 16 23 45 26 39 24 26 31 21 24 20 26 10 26 20 36 13 40 9 29 10 15 16 19 26 36 19 20 24 21 14 17 14 29 31 19 27 26 33 18 17 10 12 19 17 22 29 17 32 12 26 36 14 12 28 15 
10 30 24 19 14 29 16 24 24 15 25 19 11 13 28 33 31 26 29 31 21 40 15 14 20 19 40 28 32 15 10 29 5 8 19 21 3 13 20 29 22 31 26 18 23 17 15 15 18 34 23 24 38 21 15 10 23 19 33 37 27 10 25 18 23 25 13 43 31 29 24 17 17 16 25 26 18 36 20 18 
7 32 25 29 20 20 13 16 6 19 24 4 18 13 21 27 21 46 16 16 19 26 22 16 22 10 33 19 26 27 27 23 27 16 28 36 15 30 22 7 18 35 21 23 8 22 18 19 23 38 24 13 40 20 22 26 20 27 24 25 15 32 28 18 16 40 20 26 31 28 17 29 19 15 26 23 22 34 34 28 
18 22 47 18 14 17 31 11 14 24 28 25 14 19 26 20 21 40 26 25 28 25 14 18 22 15 46 13 45 29 9 34 18 28 16 16 20 12 25 28 22 28 21 10 17 23 35 17 27 28 13 15 10 28 10 20 23 16 34 19 13 36 23 21 16 16 14 34 25 20 41 23 20 15 32 21 26 25 18 10 
22 23 21 32 18 21 18 21 27 20 34 14 16 15 15 16 24 29 41 37 11 40 35 20 33 23 34 25 27 19 20 25 25 19 17 36 20 26 22 37 17 48 18 11 23 26 21 32 17 24 21 18 29 21 19 22 11 22 47 29 20 34 16 14 17 23 16 40 23 27 31 29 22 9 24 37 16 34 16 16 
15 26 32 33 16 32 23 20 12 23 28 21 20 20 9 26 17 27 23 27 31 29 34 24 21 18 12 25 26 26 17 19 19 24 25 23 7 28 17 20 16 32 18 18 23 23 29 20 13 25 19 21 33 11 18 25 21 19 27 28 22 16 24 14 13 26 16 39 24 18 42 23 36 21 21 24 19 21 20 20 
26 30 28 27 7 18 25 12 18 21 47 19 23 30 10 23 17 14 34 24 23 35 20 16 22 16 36 22 27 24 18 30 14 28 20 34 20 19 16 32 15 32 26 18 18 27 14 20 24 17 25 10 21 19 20 31 28 15 36 34 18 45 4 12 16 26 11 34 35 30 27 20 23 23 35 34 26 30 22 17 
20 20 31 13 16 27 19 18 25 24 16 22 19 23 13 27 13 28 28 14 17 26 24 16 25 19 15 25 28 11 15 28 15 20 17 28 13 17 21 26 19 31 30 16 27 16 29 31 26 21 12 18 26 27 21 24 14 37 13 25 26 27 20 18 16 38 17 18 18 23 32 18 30 18 27 37 27 23 26 19 
18 25 30 27 16 13 15 17 24 29 26 20 23 22 15 28 22 37 22 36 29 35 24 29 24 22 28 25 30 37 16 31 29 25 18 38 18 30 21 32 16 15 25 12 23 17 14 29 25 21 11 24 29 14 13 17 31 20 17 27 14 30 27 18 15 11 14 33 36 31 42 9 29 21 28 24 23 28 21 24 
18 19 24 19 8 16 25 22 23 16 19 16 24 34 15 23 21 2 22 44 16 30 17 25 33 14 37 32 20 37 27 29 8 37 12 20 19 19 19 27 10 24 23 18 21 33 30 31 19 13 23 28 40 32 18 20 22 25 32 22 22 28 27 15 13 23 24 22 21 26 41 19 24 18 25 36 25 46 23 17 
30 13 50 14 15 18 26 13 8 22 28 26 20 20 18 34 15 15 32 40 23 36 23 21 13 20 30 29 10 24 13 30 21 24 12 15 16 29 16 25 20 24 28 17 34 24 27 24 19 35 14 11 27 20 11 17 23 31 48 17 14 30 36 15 12 30 21 32 36 21 22 19 22 17 28 25 13 13 30 16 
18 19 33 22 11 24 22 16 14 28 31 20 14 24 11 26 29 32 25 41 13 21 25 18 25 18 34 16 29 36 27 20 24 17 16 32 17 23 23 23 18 26 22 27 22 18 29 19 27 27 11 12 20 5 12 20 19 28 20 30 16 39 10 17 13 17 23 29 20 19 34 25 25 17 23 35 16 23 25 16 
6 28 27 33 15 24 17 21 20 37 29 18 18 14 17 28 17 26 23 34 22 24 30 18 27 28 31 25 24 32 24 38 16 27 10 22 11 30 18 33 15 16 30 13 19 18 25 24 16 29 20 14 30 27 23 21 35 19 48 21 24 37 25 9 10 29 16 37 16 33 16 28 32 18 35 34 17 38 29 15 
17 21 33 12 20 35 16 16 19 37 28 22 11 20 23 15 18 26 37 35 19 18 17 19 16 19 16 14 19 27 18 19 30 21 15 32 18 17 27 27 16 34 32 17 9 15 35 29 30 20 16 12 26 20 21 28 28 18 36 31 18 19 17 12 13 15 19 34 21 22 25 29 29 6 17 25 21 26 29 20 
25 21 39 21 19 15 11 22 20 31 25 23 29 27 15 29 20 28 27 30 27 28 21 26 24 8 32 18 29 33 26 18 28 38 17 24 18 19 26 31 19 20 3 21 11 19 26 37 23 27 18 21 17 26 19 20 27 24 39 18 24 46 31 12 21 41 17 36 30 22 30 24 25 17 35 40 16 26 25 25 
23 34 22 39 14 31 14 17 12 17 27 27 5 26 13 25 18 30 20 34 37 30 17 22 23 17 20 20 26 19 18 26 25 24 25 16 16 20 21 33 16 27 17 13 37 28 28 31 25 26 27 20 25 19 16 23 24 30 38 20 22 41 11 16 15 19 17 38 24 17 34 24 29 23 24 30 20 12 25 15 
23 22 27 29 22 25 29 19 14 7 24 17 18 30 28 17 20 20 30 38 26 37 39 19 21 17 22 24 26 33 6 28 14 30 17 20 16 27 30 31 13 22 23 18 17 19 26 28 22 19 19 20 24 20 15 26 27 20 25 13 24 16 28 14 16 13 14 19 17 30 30 23 39 22 28 23 19 12 31 22 
20 1 45 24 14 18 14 16 17 19 27 25 6 25 21 21 16 27 26 23 23 17 34 19 14 13 25 16 23 31 16 36 26 35 18 39 15 20 23 9 19 42 14 16 21 27 27 21 25 31 19 14 27 11 24 21 25 20 30 23 28 13 37 19 18 39 7 21 28 23 26 15 33 27 46 14 25 34 29 23 
27 17 21 32 24 14 24 15 19 20 10 27 11 26 15 30 26 24 17 26 22 37 23 21 28 23 26 36 18 31 13 41 12 38 20 26 15 19 22 24 17 29 23 17 28 18 7 32 18 32 14 20 36 2 15 24 15 23 12 26 16 33 29 19 10 30 17 36 29 35 32 29 18 16 40 38 11 41 25 10 
1 31 30 18 17 20 16 15 22 23 12 24 13 16 14 26 14 32 32 46 25 24 34 24 29 16 21 20 28 19 21 34 21 29 5 46 15 11 29 46 13 25 16 7 21 18 15 22 27 37 34 13 31 20 21 18 16 24 40 24 17 17 19 15 18 25 11 35 29 23 19 13 45 17 20 33 17 45 17 8 
21 19 25 27 15 32 26 19 18 30 29 16 18 24 15 32 36 31 37 39 11 21 23 27 23 21 38 34 22 26 21 14 21 36 19 46 9 26 29 22 18 46 27 10 30 26 16 22 32 19 16 23 43 9 19 31 29 20 38 25 25 33 23 13 20 25 15 46 25 44 28 18 13 22 41 26 19 24 23 20 
36 21 26 30 10 22 15 15 18 25 25 19 25 9 13 25 25 36 25 24 13 35 24 20 22 25 39 20 20 19 10 25 25 19 23 36 16 25 26 29 16 27 24 20 29 22 22 20 13 14 27 16 38 22 17 15 31 16 36 41 19 33 24 19 20 28 14 35 18 28 24 31 25 12 12 22 13 25 16 19 
21 30 36 20 23 21 31 23 8 24 28 22 21 26 18 32 11 33 22 22 20 36 29 21 24 20 21 27 22 13 5 21 20 32 16 34 21 27 20 21 17 33 29 18 23 17 20 16 28 34 20 20 21 18 11 14 18 11 48 25 22 44 24 18 17 35 19 31 27 27 18 24 21 20 20 17 18 33 17 21 
20 6 31 28 15 21 25 32 16 24 15 24 17 26 13 42 21 24 21 30 15 45 27 21 35 21 30 20 27 26 13 21 24 27 15 32 13 18 23 26 17 37 19 16 20 24 24 26 24 29 22 15 24 22 15 17 24 25 13 20 17 20 25 19 15 24 22 42 27 26 27 27 31 23 27 39 18 15 17 19 
19 25 26 35 19 15 28 13 14 23 21 24 22 14 13 23 35 31 19 40 25 14 24 18 21 8 25 22 25 21 25 20 17 37 28 25 19 24 15 34 11 34 29 22 17 25 25 28 22 36 24 18 35 22 25 26 17 31 27 15 16 29 27 19 23 36 15 31 27 18 30 17 24 16 17 34 12 26 36 7 
35 24 45 20 23 17 14 20 23 9 28 23 13 23 31 26 26 33 21 32 22 24 18 16 20 8 21 30 26 3 17 24 18 25 15 36 10 19 18 29 17 28 9 11 23 6 26 30 30 24 12 17 35 23 18 15 19 31 43 19 22 27 24 13 10 25 14 26 25 33 38 18 48 27 28 29 14 35 34 16 
25 18 33 23 16 31 21 19 22 19 23 26 14 23 11 20 12 30 15 13 16 37 29 27 14 18 23 34 31 33 13 30 20 32 26 25 8 26 23 51 18 29 24 18 27 29 31 13 23 32 22 24 20 21 14 17 23 25 23 17 15 29 15 12 13 21 17 31 16 28 23 26 21 8 23 26 24 21 29 23 
19 17 26 19 14 20 14 12 15 39 27 16 17 14 20 32 22 30 24 31 18 44 31 19 4 17 41 18 30 29 8 31 13 42 22 16 15 21 24 29 16 34 21 18 29 27 18 22 32 21 13 17 29 17 14 16 35 21 46 18 32 27 21 14 15 30 10 29 20 33 23 10 28 11 23 29 22 32 24 16 
8 25 27 34 14 28 16 15 19 17 17 16 16 17 14 23 22 29 48 23 8 19 27 29 27 27 30 26 28 10 18 24 21 23 16 18 16 9 31 33 13 26 20 21 30 15 30 28 21 13 23 12 27 23 13 14 12 22 26 22 26 25 14 15 16 22 22 13 21 27 28 24 28 19 23 33 18 27 36 16 
24 10 18 18 22 11 19 16 25 21 33 20 14 23 36 21 30 29 27 36 22 42 21 16 25 23 22 26 37 26 19 18 14 31 26 32 13 23 27 35 17 29 30 16 25 25 23 35 16 35 15 22 23 12 15 22 28 21 36 22 30 36 30 18 15 31 17 37 23 23 20 15 30 11 26 37 21 27 20 15 
25 20 31 21 13 20 15 22 20 28 26 29 12 29 23 23 19 18 16 25 9 48 19 19 26 19 32 19 24 20 16 22 29 27 17 33 20 17 23 38 24 29 16 14 17 16 24 28 29 46 12 21 39 10 18 16 25 27 29 18 33 28 34 16 12 28 17 31 16 31 27 24 28 21 24 21 23 30 20 12 
22 27 33 29 15 15 15 12 24 22 24 18 10 23 14 21 20 24 18 37 17 20 38 26 24 21 36 18 27 39 14 18 29 38 17 27 17 22 25 15 12 35 24 22 20 26 40 29 16 21 19 25 24 12 16 15 32 11 22 21 23 21 24 12 12 24 15 12 18 32 21 17 22 11 33 30 15 28 15 20 
17 24 51 17 18 18 24 8 17 18 22 23 23 22 26 26 28 40 24 38 26 20 18 23 28 21 42 18 34 30 20 22 17 21 13 20 21 25 30 22 19 35 18 18 26 22 23 19 33 24 14 20 26 25 14 36 25 28 21 43 30 18 18 18 12 28 18 36 22 31 33 28 24 18 32 37 22 20 14 18 
20 21 32 25 10 18 23 14 12 17 36 18 24 20 18 22 23 34 14 36 28 32 21 16 24 15 21 24 23 24 22 13 29 17 11 21 17 17 24 38 8 31 33 17 20 32 30 30 22 15 14 16 20 17 25 29 8 29 21 23 24 30 13 13 13 19 14 15 27 15 19 12 28 31 22 21 13 22 13 18 
14 11 21 27 8 10 11 16 20 17 30 29 24 16 25 26 18 26 15 49 26 33 16 17 32 18 33 14 11 15 13 22 21 27 30 38 8 26 25 16 8 45 29 24 28 26 27 20 23 19 7 18 31 16 19 22 35 12 34 26 24 33 20 19 12 32 15 15 24 4 24 23 26 17 13 51 17 32 40 25 
19 23 25 18 15 26 16 21 21 29 28 22 22 18 22 20 22 22 21 32 25 37 29 17 30 19 22 20 10 30 14 28 22 44 20 20 14 23 20 26 15 40 14 10 26 17 26 25 44 37 14 12 29 24 24 18 25 25 22 16 9 40 25 18 17 28 15 36 22 28 42 32 25 12 31 19 18 16 31 18 
16 22 14 22 19 24 14 10 18 20 31 16 26 21 13 20 21 18 28 24 12 29 21 14 25 17 30 11 14 15 18 31 32 22 17 34 16 25 30 22 20 38 29 22 26 6 13 25 25 13 22 23 28 16 20 21 25 23 26 25 20 24 26 19 15 34 14 35 17 15 19 13 36 17 17 15 20 26 25 20 
7 12 21 12 20 21 25 11 14 30 31 24 21 26 25 18 17 29 33 38 28 29 9 20 23 13 36 19 17 15 11 19 14 15 12 41 21 29 28 44 17 46 23 10 15 25 27 32 23 36 9 23 27 23 16 28 21 19 24 22 15 16 14 17 14 40 7 35 28 15 21 18 28 15 31 36 9 35 15 17 
25 25 29 22 11 22 18 18 16 15 18 13 20 19 10 23 30 26 15 26 24 30 27 19 27 16 43 13 30 17 21 11 21 31 18 25 14 26 17 32 19 41 18 16 30 16 25 26 23 23 17 14 22 12 10 16 25 19 19 18 26 36 19 15 16 17 15 23 13 19 35 25 16 13 49 18 15 45 21 14 
12 18 39 24 14 25 28 19 23 13 36 10 22 22 23 25 22 27 30 34 26 32 12 17 26 16 24 10 19 25 16 27 20 37 22 25 21 22 16 28 15 29 35 16 15 27 35 21 22 24 14 16 30 12 22 20 19 16 30 23 15 31 22 14 14 21 20 48 24 48 26 27 21 13 28 27 28 35 38 13 
10 22 21 9 13 23 18 18 18 25 37 22 7 19 17 34 31 10 24 25 32 30 25 24 24 16 11 19 25 12 27 29 28 19 6 34 12 19 23 27 12 38 28 15 18 22 10 13 18 27 19 19 20 14 22 24 21 18 35 25 23 37 30 14 14 25 12 28 14 33 20 22 15 17 29 34 20 30 19 16 
19 38 36 26 20 28 27 12 24 18 14 24 32 15 19 18 24 19 22 33 22 23 17 16 21 14 40 21 27 26 19 37 32 30 25 27 18 22 20 34 10 32 26 20 21 28 27 19 13 29 13 16 24 17 25 25 28 24 27 26 34 39 28 21 15 28 16 25 20 29 33 39 29 9 33 26 22 39 26 17 
31 32 18 29 11 28 14 24 23 25 21 29 15 33 30 28 19 25 38 19 23 30 15 20 31 21 12 19 23 19 18 4 18 28 29 35 18 27 17 40 17 22 20 24 20 30 20 21 15 20 17 9 28 14 20 32 17 14 24 23 34 9 21 14 17 19 16 39 19 22 34 6 12 19 26 25 13 33 17 11 
21 16 23 28 19 21 17 21 7 5 31 19 17 16 7 20 29 27 21 28 17 41 25 29 20 21 32 22 29 26 22 23 20 30 20 40 9 20 22 36 21 18 29 13 23 21 24 27 15 36 20 17 39 13 18 25 30 16 47 25 19 46 28 22 12 24 14 41 19 20 24 23 28 18 7 41 19 22 23 15 
16 20 11 33 14 27 21 28 25 27 31 34 16 31 17 25 20 36 30 25 13 27 31 30 20 27 19 15 36 38 16 24 20 20 16 41 20 22 26 24 21 20 26 25 35 32 32 33 25 11 14 19 34 21 21 15 30 26 30 25 12 24 20 18 11 35 21 42 15 20 30 20 32 17 30 29 14 35 23 21 
6 22 13 33 17 21 15 21 24 28 19 19 20 16 13 27 17 24 36 26 20 6 22 17 25 20 31 9 17 24 17 30 11 22 17 30 12 15 33 16 20 43 23 5 25 25 26 38 20 23 22 22 22 19 18 28 21 22 31 25 18 22 18 22 20 26 19 40 21 23 54 26 31 15 26 18 15 29 21 15 
31 25 32 31 18 22 19 19 19 20 21 21 12 17 20 26 17 33 43 33 25 27 23 27 18 17 36 23 25 16 17 28 20 37 22 37 12 23 19 25 14 19 19 10 26 30 20 23 22 12 21 16 19 15 22 17 20 24 43 26 26 12 24 16 15 35 16 42 28 25 27 23 24 23 24 34 25 33 40 18 
18 21 24 13 14 30 27 11 22 28 34 10 17 31 19 20 15 23 35 33 25 39 27 26 20 15 24 24 20 25 12 28 20 33 21 23 17 5 23 34 25 37 13 22 36 22 31 31 23 15 23 21 30 34 26 12 22 21 33 30 22 24 18 12 12 20 17 36 24 26 16 21 29 17 28 35 19 36 28 22 
26 32 24 27 21 19 23 15 18 17 23 24 18 25 11 23 19 35 24 23 14 40 23 9 15 18 18 12 17 27 18 38 26 11 27 26 14 23 20 31 21 24 20 16 31 32 23 14 28 16 19 25 37 12 18 18 26 30 36 34 27 12 42 23 21 32 19 12 24 24 9 29 33 12 20 28 18 12 34 14 
14 21 31 24 11 22 15 19 4 13 22 25 17 27 35 22 20 16 20 29 28 30 22 18 26 20 35 29 29 21 15 29 12 16 27 41 19 24 31 32 15 33 25 22 29 18 36 25 29 27 16 11 28 24 15 30 20 26 40 30 30 35 27 12 14 22 21 37 15 33 12 15 24 21 35 30 13 36 14 14 
34 24 20 26 14 24 19 11 19 18 20 25 19 21 31 27 21 33 14 22 24 23 33 16 26 19 44 29 22 24 13 35 19 25 16 35 9 16 30 22 17 21 27 19 8 13 28 21 20 21 24 20 25 18 28 25 21 20 32 17 22 35 22 15 15 4 8 34 34 25 38 21 11 20 41 26 20 34 10 20 
11 31 11 28 16 22 20 17 24 32 31 22 19 18 11 16 26 33 33 37 19 28 23 19 35 12 26 17 5 9 7 30 33 33 28 39 15 29 13 38 14 30 16 13 21 24 20 31 20 27 25 20 19 15 20 24 29 28 35 19 31 34 27 18 14 32 25 49 27 33 15 15 15 19 29 22 15 39 21 20 
13 18 30 27 18 15 18 14 26 24 18 23 20 22 36 34 33 24 31 37 24 15 27 25 32 17 33 34 18 11 19 34 24 27 23 34 13 22 14 25 25 42 10 18 29 20 22 20 27 24 15 21 22 16 8 18 21 26 32 25 28 24 21 17 18 25 19 16 22 33 31 7 25 24 43 48 15 25 9 8 
24 24 35 21 21 22 23 17 22 27 18 25 29 32 19 31 27 9 41 31 33 28 30 19 26 20 22 14 38 17 15 28 23 41 20 32 11 10 23 24 14 9 17 10 23 25 35 30 23 14 11 17 25 29 19 9 28 19 50 23 19 30 22 13 18 37 19 10 26 35 43 32 36 20 30 26 18 32 14 10 
24 31 23 20 11 24 23 17 25 11 31 15 23 27 21 15 25 28 27 54 31 16 22 24 22 19 9 22 23 34 15 27 20 27 21 33 10 28 25 35 12 30 15 16 21 14 36 14 18 26 19 11 39 22 17 17 16 16 34 30 26 30 21 13 19 21 9 27 26 26 33 20 20 13 49 26 25 18 10 8 
29 24 32 25 15 13 17 21 23 32 21 22 11 23 20 26 21 27 46 22 17 20 35 18 26 15 36 23 27 31 24 20 19 29 28 43 20 16 22 35 24 46 18 16 22 18 25 43 22 25 22 13 20 14 17 31 15 19 24 28 28 28 22 17 15 23 18 51 21 8 14 18 12 21 28 31 10 23 28 12 
24 27 26 28 17 25 22 9 16 29 21 28 24 16 14 22 18 26 17 35 25 34 17 15 22 7 42 25 43 25 26 22 26 27 27 36 12 20 16 26 17 35 17 11 19 15 20 38 12 23 13 9 22 24 18 28 22 32 30 15 19 22 15 20 18 36 13 30 20 21 19 19 17 23 39 24 18 23 31 13 
22 25 19 37 17 17 21 11 15 31 28 26 9 18 17 17 18 10 32 42 31 29 19 23 18 20 29 14 24 26 14 21 17 30 20 31 19 25 29 7 13 25 20 14 25 21 11 36 19 26 22 12 15 18 15 24 22 24 17 18 24 35 24 16 20 28 13 24 28 22 24 15 26 20 27 29 15 24 20 16 
29 16 25 30 19 15 9 23 20 20 15 28 18 37 14 8 21 38 27 32 15 18 31 24 23 22 37 27 25 18 26 19 18 25 17 22 16 21 7 26 16 36 16 24 29 32 28 24 23 31 10 11 18 13 16 22 21 30 26 31 19 18 9 20 12 30 18 17 29 19 25 20 24 17 33 31 20 36 29 24 
13 25 18 20 21 26 13 11 19 17 28 22 13 13 33 33 10 29 36 17 21 47 27 19 26 16 38 26 21 22 20 24 15 24 29 37 17 22 35 21 16 27 22 14 37 20 23 28 12 25 16 10 22 17 24 25 25 27 41 24 18 27 23 14 12 22 21 30 16 13 28 24 27 13 36 33 17 38 21 23 
20 29 39 13 12 12 18 26 32 22 21 15 18 18 23 28 10 24 18 24 27 33 30 22 35 14 47 13 29 19 20 37 36 33 13 11 19 20 16 35 12 30 8 19 21 22 26 15 22 31 19 21 23 12 16 27 22 14 17 17 14 22 21 7 18 16 16 37 27 33 30 23 31 11 17 44 22 20 41 15 
17 25 31 18 14 27 17 22 13 31 18 17 28 16 13 24 15 30 36 33 28 35 23 17 21 13 22 18 31 21 21 25 33 30 15 27 18 20 25 40 12 25 9 21 25 34 27 32 25 33 21 14 33 25 18 22 23 26 28 29 22 29 31 16 18 23 16 16 14 25 28 16 22 23 31 28 21 29 24 17 
19 31 23 27 14 16 22 18 11 12 42 23 21 11 20 20 29 17 19 35 14 30 32 22 20 17 14 16 25 26 19 27 23 34 27 18 12 27 28 32 15 28 14 7 12 24 30 23 29 9 17 16 28 21 11 16 18 25 39 10 17 27 16 11 15 15 14 45 4 23 29 26 33 12 46 22 24 25 19 13 
22 27 34 25 13 26 17 13 22 31 22 17 17 19 22 32 12 20 22 42 18 17 25 25 27 23 41 20 23 15 19 23 19 20 18 31 18 27 11 18 17 25 26 9 23 22 19 38 10 47 19 13 32 17 21 28 17 8 25 19 14 43 21 8 15 18 14 41 29 24 27 32 21 16 26 27 11 40 27 21 
26 34 24 8 20 10 23 12 22 26 30 22 20 28 19 19 20 30 33 21 22 21 22 17 15 14 52 23 25 25 24 27 22 38 19 33 16 6 31 22 15 30 12 19 20 22 19 29 25 31 24 11 37 16 28 25 14 21 39 17 28 26 33 18 10 19 18 23 36 22 28 11 24 21 44 27 21 39 28 23 
21 18 24 28 10 14 18 13 24 26 23 30 20 18 25 30 19 31 33 21 21 22 18 27 19 17 25 23 34 31 13 29 27 30 16 31 8 28 21 25 19 14 25 28 32 24 30 28 23 32 25 17 26 13 4 30 27 18 46 15 13 41 22 21 9 21 11 41 26 32 26 20 21 16 9 37 16 51 20 16 
27 33 18 17 13 21 20 9 6 14 18 15 14 13 22 25 20 14 29 39 26 26 33 22 28 34 48 18 35 27 22 28 15 41 27 40 23 36 26 21 12 39 18 20 16 21 28 19 19 26 15 17 34 12 24 26 37 16 16 29 26 32 20 16 17 27 15 43 21 37 27 19 26 14 37 22 26 21 18 25 
21 14 32 23 17 20 8 15 22 28 18 24 14 27 24 24 20 22 33 34 19 33 24 14 17 25 40 16 21 29 12 20 18 35 22 28 16 23 23 47 11 34 26 10 21 32 26 17 23 22 15 24 22 7 24 18 27 21 41 16 11 48 28 19 16 33 18 31 28 24 34 20 21 17 42 37 17 26 37 34 
18 20 20 26 19 10 27 22 20 33 37 19 15 19 17 19 21 42 27 26 38 32 21 28 31 14 26 18 37 19 21 36 16 41 32 29 19 18 16 41 11 40 19 11 27 20 38 19 27 9 13 18 20 29 6 18 5 22 10 32 28 16 11 19 16 22 10 6 30 21 25 30 15 16 28 39 20 21 18 16 
18 34 38 22 14 17 19 18 18 16 31 27 11 30 11 21 27 23 23 28 27 29 24 17 23 13 28 28 22 27 14 32 38 15 17 43 19 12 27 27 17 42 19 19 20 26 15 35 17 23 24 13 33 21 25 27 32 17 17 23 27 42 28 17 13 26 20 29 34 33 10 29 22 15 19 28 14 34 36 5 
27 31 32 25 16 20 19 10 18 30 21 23 21 23 10 28 18 17 39 18 29 20 21 15 21 17 15 12 24 28 14 33 16 33 24 43 19 22 28 32 14 16 25 16 24 19 25 12 14 22 22 10 17 19 20 22 16 16 35 20 23 17 23 22 15 34 16 32 21 24 35 23 17 12 38 36 13 33 26 11 
11 21 44 27 13 22 11 19 19 16 33 20 17 20 22 30 19 18 36 23 20 23 16 27 10 18 41 21 26 34 18 19 27 28 15 30 17 21 25 46 19 37 26 15 29 27 32 11 24 47 17 20 29 15 17 15 25 26 28 26 19 17 24 20 13 21 15 32 31 28 24 27 15 19 31 9 24 29 19 21 
31 14 19 29 18 17 18 17 19 10 27 18 13 36 21 15 24 16 21 33 23 24 24 22 23 17 23 22 28 27 25 24 16 19 19 24 23 13 22 19 15 20 13 18 24 20 25 33 20 33 17 18 47 19 20 19 25 20 21 25 27 27 14 18 13 30 17 29 31 29 15 18 26 9 32 39 24 34 26 11 
13 37 14 23 17 22 23 19 24 27 36 20 12 18 17 30 29 13 24 25 26 11 36 18 16 12 32 22 22 25 19 11 33 38 24 32 20 21 24 20 7 27 25 16 26 24 22 30 21 21 10 9 34 23 19 34 24 22 41 31 28 33 18 16 13 39 22 42 11 30 27 18 18 18 37 25 15 33 19 22 
23 25 28 23 15 23 20 20 22 30 17 20 14 18 21 30 24 27 17 50 17 23 9 24 20 12 41 24 32 27 24 20 22 17 19 30 17 20 28 18 14 12 26 15 21 25 28 28 24 33 6 23 18 28 18 29 28 20 12 26 15 25 17 12 14 31 20 18 29 22 36 16 17 19 35 20 13 40 24 17 
24 21 28 20 10 14 17 21 19 17 18 11 18 27 22 21 24 28 15 35 23 33 25 17 15 20 20 13 25 23 18 23 33 34 15 28 22 13 23 22 27 35 25 20 28 18 26 30 27 22 16 19 27 27 14 19 17 26 27 18 23 18 26 18 16 28 11 30 22 29 32 9 32 28 31 33 18 39 19 19 
21 33 24 35 21 24 23 23 17 22 20 17 13 25 12 15 23 20 19 23 21 37 21 23 19 16 19 16 22 34 22 29 18 33 19 4 12 18 24 34 15 37 15 23 20 16 33 17 28 31 13 11 28 23 17 27 28 17 36 27 26 29 22 16 21 23 23 33 25 24 25 26 34 13 36 32 20 33 34 14 
14 15 38 23 19 28 21 16 16 26 12 14 21 22 14 30 24 33 16 36 12 35 29 23 33 15 43 25 19 10 14 17 9 26 13 15 16 15 22 35 22 31 22 18 22 25 24 33 29 15 22 6 30 22 14 22 16 7 24 24 16 38 30 10 17 28 11 27 22 33 33 24 24 21 30 30 20 4 26 17 
27 24 35 9 17 23 29 7 12 24 23 25 20 14 25 32 13 23 29 12 22 26 14 22 30 21 46 19 33 28 16 24 21 24 9 28 21 15 20 23 15 27 10 8 29 22 24 23 20 11 20 26 36 14 17 20 24 7 34 41 26 30 28 10 18 12 8 17 26 30 37 18 26 20 31 36 24 28 28 13 
22 40 28 23 15 21 25 13 21 30 34 23 23 18 23 14 15 36 19 23 23 29 38 18 14 21 24 23 23 24 8 25 23 40 28 43 21 15 26 24 17 22 29 15 17 16 32 27 19 19 16 5 27 13 30 27 24 13 33 22 25 28 19 14 16 26 12 17 30 20 28 23 26 13 34 23 23 31 14 13 
27 17 31 16 16 22 18 13 24 21 34 34 16 23 13 26 25 32 35 39 24 28 9 17 28 12 34 30 28 29 16 23 29 31 18 30 7 13 21 37 17 18 19 12 39 32 24 16 23 27 13 21 20 17 25 21 23 26 28 18 18 20 17 19 14 35 13 35 22 30 20 34 39 15 31 32 16 12 23 10 
24 14 20 31 22 19 21 18 23 31 26 30 12 24 20 17 26 36 24 26 22 39 23 27 23 19 36 21 35 24 15 16 24 26 17 31 20 28 20 16 9 26 24 16 16 23 20 26 23 16 18 13 24 23 17 15 13 22 27 23 16 33 29 17 13 24 20 40 23 21 30 18 33 20 26 46 22 36 30 17 
22 32 26 38 13 10 23 19 17 18 34 22 17 28 14 25 21 22 21 30 26 20 35 20 32 19 18 17 21 40 24 25 25 34 26 26 18 10 19 27 15 25 10 21 29 17 23 39 20 33 11 11 28 26 18 18 24 26 29 18 29 28 29 17 13 27 10 23 24 27 36 18 28 14 33 25 21 30 34 17 
22 31 50 21 13 24 25 23 15 24 26 16 15 18 25 18 23 29 25 23 33 29 29 20 17 20 31 28 13 21 13 28 21 25 17 23 17 14 36 39 18 19 29 22 17 20 16 16 16 22 26 15 25 21 17 35 23 14 45 17 20 22 25 15 16 33 17 34 18 36 20 29 28 16 45 28 18 19 28 20 
26 22 33 33 25 20 15 19 16 24 29 13 25 21 14 27 21 35 26 42 23 33 23 12 27 25 24 22 33 32 12 29 15 8 20 42 10 17 43 28 20 38 19 19 21 23 24 25 18 9 7 12 29 12 25 17 17 19 34 20 23 28 23 23 11 39 14 19 29 36 33 28 22 17 30 25 15 37 30 22 
14 21 26 30 19 18 23 13 21 25 23 26 21 24 19 40 14 24 38 35 22 34 25 21 16 18 31 13 33 23 25 18 24 26 18 31 21 15 19 31 23 35 22 24 27 22 23 26 27 40 22 19 26 20 21 18 21 18 20 33 20 27 12 13 13 28 22 23 39 30 33 18 11 19 26 24 12 37 18 18 
19 29 17 19 18 22 16 17 21 20 38 15 17 19 19 24 25 27 33 25 20 7 16 23 32 26 29 25 25 28 12 31 15 27 17 20 15 24 27 38 13 28 23 29 30 18 13 37 18 22 18 16 38 29 11 25 28 26 33 22 22 29 20 24 17 23 19 39 36 28 38 11 13 11 37 31 19 41 38 7 
19 19 14 30 18 22 12 16 22 9 22 14 16 16 28 26 17 12 32 25 25 48 26 20 29 19 28 17 10 33 20 29 23 45 21 44 12 33 19 30 18 23 17 13 21 35 30 28 15 26 15 12 35 22 17 23 20 25 26 15 26 31 20 17 15 24 16 26 20 30 27 15 32 17 42 43 14 22 31 18 
29 23 25 19 6 18 14 14 23 34 26 23 11 15 16 20 20 19 25 21 25 36 24 27 13 19 36 18 14 32 16 22 15 31 24 22 15 24 18 27 14 26 27 21 10 27 19 27 25 16 14 5 31 16 17 19 18 20 24 17 32 20 25 10 15 29 14 37 22 16 37 21 26 7 36 31 15 21 20 18 
15 18 26 23 12 21 20 21 14 24 27 24 12 15 23 15 12 30 38 35 14 25 35 7 31 23 38 14 28 14 13 20 23 23 19 16 14 20 18 23 18 29 25 21 28 12 21 18 27 18 18 19 28 18 18 27 19 28 49 21 26 28 20 15 16 36 13 25 30 26 31 15 20 13 24 13 13 36 24 10 
33 38 26 22 20 21 23 23 19 23 21 17 17 19 19 21 30 23 26 32 32 10 13 33 30 21 30 18 31 18 14 23 23 29 26 27 13 25 32 29 18 26 26 17 31 22 35 23 23 21 23 25 33 20 16 28 29 13 20 39 27 46 25 12 19 30 9 36 11 36 19 30 13 21 28 27 16 32 27 19 
24 27 32 33 14 20 20 16 18 36 32 28 22 22 34 31 20 31 23 30 32 17 32 20 16 30 36 19 23 25 24 21 14 35 20 41 12 20 35 24 6 26 19 22 25 18 28 22 26 29 23 17 30 16 15 27 12 19 29 28 21 18 19 19 17 15 14 63 43 26 19 26 35 11 33 26 23 21 31 21 
16 30 13 33 14 25 20 27 23 18 30 26 12 20 16 16 22 19 31 28 20 37 18 12 36 17 20 19 18 34 14 12 17 24 26 31 11 15 20 31 23 29 15 8 23 32 19 25 15 32 18 18 20 20 18 20 17 20 40 29 29 23 18 15 16 33 16 31 20 24 30 22 17 9 33 23 22 41 20 19 
16 32 19 26 16 24 11 14 19 19 15 25 18 10 22 38 16 28 22 12 16 26 21 23 35 23 36 25 27 26 19 35 15 28 6 10 17 25 29 26 14 24 15 13 22 24 29 32 26 25 14 10 25 28 19 13 26 30 27 32 22 33 23 15 19 27 17 27 31 32 43 32 17 17 28 31 20 29 18 11 
23 22 25 16 17 18 17 13 21 27 13 21 20 22 20 26 30 33 28 37 23 29 33 13 28 13 22 28 23 25 9 27 29 8 19 31 19 20 25 25 16 34 20 18 21 39 18 30 20 36 15 20 14 21 13 22 15 23 38 18 25 33 21 19 9 15 15 34 18 30 34 20 19 23 39 19 20 39 21 12 
23 16 30 33 21 23 23 18 19 34 39 28 22 17 18 38 16 16 24 33 20 24 21 23 26 15 22 10 25 33 19 25 16 36 20 36 16 20 13 47 19 40 29 19 28 22 23 19 19 22 22 11 33 25 20 17 20 23 37 17 30 17 28 15 11 16 16 38 28 23 25 25 22 21 32 20 20 25 21 19 
12 26 16 30 17 27 15 7 28 19 25 15 23 12 14 27 26 27 43 24 19 29 26 31 26 19 31 14 27 26 21 23 28 25 16 28 6 25 16 29 19 35 16 12 9 27 27 14 18 25 15 7 12 29 16 24 24 25 29 26 14 37 15 14 13 23 25 30 24 28 22 19 26 19 26 35 11 29 30 4 
23 24 13 19 12 26 18 15 17 15 24 23 19 23 23 24 16 36 17 46 27 37 17 18 25 25 22 21 27 21 25 28 19 34 22 40 16 18 26 30 20 23 17 8 20 26 24 20 17 20 16 18 15 16 12 17 31 19 29 41 19 26 29 20 14 27 17 30 28 37 36 32 15 24 24 30 20 40 14 17 
13 15 7 15 12 30 22 23 21 17 32 21 10 15 19 22 27 37 33 22 16 35 20 20 24 15 33 21 35 31 27 19 25 25 21 26 13 30 29 38 14 34 20 16 29 25 40 36 15 21 25 22 32 22 21 24 22 18 15 34 29 32 9 13 17 26 14 23 15 26 30 23 29 18 52 18 18 19 32 5 
21 24 31 29 11 35 19 19 19 47 28 34 20 28 13 27 21 22 24 35 25 35 33 21 29 21 45 31 31 20 22 23 18 31 12 33 11 8 23 22 9 38 23 11 20 29 37 18 21 22 19 21 28 21 14 20 22 19 36 23 25 24 18 13 11 11 17 42 25 30 30 25 29 22 30 34 25 28 34 19 
28 22 22 26 26 23 18 14 16 26 25 35 18 27 21 10 17 31 33 23 20 44 25 25 16 13 19 28 29 32 12 35 17 30 20 24 11 24 23 35 21 24 19 10 14 34 35 20 21 35 16 21 19 11 16 18 23 27 26 32 29 14 25 14 9 12 9 27 16 21 23 29 18 24 25 38 8 32 22 19 
26 27 17 23 16 19 21 16 17 19 24 29 24 14 18 26 28 32 50 27 35 41 14 24 32 17 42 25 42 21 22 14 14 30 18 35 13 21 17 17 22 34 12 19 29 26 25 25 24 26 25 17 33 7 18 30 24 11 39 32 19 26 12 19 7 35 11 24 19 22 28 32 21 16 40 35 21 34 33 22 
21 18 29 31 14 25 21 15 19 32 22 20 14 15 33 27 23 18 31 31 16 33 31 14 29 10 25 25 14 26 21 32 8 33 30 27 9 26 19 32 7 36 20 14 24 22 21 29 24 23 19 26 17 21 11 24 30 23 42 12 27 15 27 14 19 27 21 30 33 30 19 15 34 15 9 25 21 33 21 16 
25 18 33 19 22 32 19 20 18 29 23 21 18 24 24 19 19 26 38 34 30 30 27 21 37 23 38 24 30 32 9 22 17 22 17 40 12 24 22 30 15 17 21 16 18 21 5 15 11 15 24 13 21 19 15 24 24 17 17 21 28 32 10 18 17 26 14 34 26 28 36 29 32 16 25 20 24 26 38 17 
15 15 34 34 18 26 28 11 15 25 22 38 20 20 21 3 22 26 27 33 14 25 19 19 23 14 37 23 23 27 19 26 14 37 12 18 16 24 27 33 16 20 26 28 19 6 33 22 24 19 25 18 14 21 23 12 24 16 48 21 18 13 28 21 12 26 8 26 35 20 21 19 25 15 25 39 9 41 34 15 
26 26 40 32 21 14 15 16 22 26 35 18 15 17 7 39 17 12 32 29 18 23 24 17 25 22 30 25 34 28 17 41 19 33 15 26 15 27 27 33 11 24 14 25 17 22 25 29 22 20 16 17 32 19 18 26 20 25 38 14 22 23 19 15 16 17 14 32 26 28 30 20 26 18 30 33 11 21 16 15 
19 22 24 28 18 23 22 10 7 19 25 19 22 17 28 34 26 22 22 33 25 19 30 17 22 21 28 20 19 34 12 30 27 34 14 25 9 21 21 25 21 34 17 18 29 16 19 16 16 24 9 9 37 18 18 30 20 18 31 25 26 36 20 17 18 32 10 28 22 22 17 16 26 20 28 33 24 38 23 22 
20 29 37 22 13 25 24 11 22 29 28 19 16 16 24 22 30 27 27 41 31 35 18 16 17 22 24 21 22 23 23 17 25 35 17 23 19 23 17 36 15 32 15 14 2 20 36 40 18 26 25 16 40 10 27 22 18 18 37 8 20 25 25 15 20 36 17 22 22 20 20 20 23 17 36 28 24 29 22 12 
31 14 31 31 17 26 21 5 20 23 30 26 20 31 23 31 26 26 34 37 16 32 17 17 22 25 36 11 22 22 12 32 20 37 15 32 18 19 31 15 21 31 29 25 36 15 30 31 10 22 17 18 19 18 17 22 33 33 38 28 18 29 17 16 17 28 12 28 30 24 23 13 33 18 36 26 17 26 17 11 
28 18 27 14 17 24 18 19 13 14 16 17 13 18 17 26 20 28 26 37 16 32 20 22 31 15 35 25 26 20 21 15 20 20 7 30 14 10 15 18 11 28 37 21 29 26 16 25 28 21 22 19 29 14 17 31 37 17 40 27 27 40 27 13 18 25 10 36 31 30 37 19 20 16 40 34 13 34 23 16 
23 30 35 28 16 24 23 11 18 26 13 19 19 32 13 23 21 27 33 34 17 37 29 18 22 21 25 21 29 22 10 28 21 30 27 37 15 23 18 34 13 44 29 17 13 26 21 25 21 28 19 15 39 16 18 31 19 11 35 28 19 29 25 20 17 18 18 26 30 20 26 13 35 21 47 12 13 17 14 9 
22 20 25 34 13 16 17 12 21 29 35 14 19 23 23 17 27 30 45 46 12 27 28 13 20 13 32 12 23 24 10 32 7 30 16 22 13 19 30 29 16 44 25 22 31 21 28 21 18 27 10 23 21 15 23 37 30 17 28 30 20 19 22 13 16 17 16 42 23 25 27 25 32 11 41 33 12 19 20 15 
16 21 17 24 14 15 17 18 21 19 22 17 25 18 16 28 15 23 23 26 15 25 22 26 17 26 40 24 25 16 26 38 29 37 20 38 20 17 9 25 18 15 22 23 11 19 36 35 24 20 19 15 24 18 24 19 22 13 53 39 20 27 26 16 16 9 9 13 22 22 22 23 26 13 33 30 11 26 24 19 
21 12 25 13 16 14 20 9 12 21 18 15 9 28 30 11 20 27 46 39 23 24 37 27 25 17 21 21 26 21 19 34 26 25 17 33 9 29 15 10 16 30 12 26 26 12 27 21 17 15 15 16 18 20 17 17 20 18 25 21 19 22 19 19 14 36 15 16 21 14 51 20 33 27 37 10 22 34 29 13 
10 29 33 27 9 15 18 20 19 33 17 28 22 20 16 13 18 14 44 22 22 24 29 19 27 20 33 14 26 24 17 29 32 23 20 36 16 19 20 25 16 27 8 8 22 31 19 19 34 46 16 8 42 15 22 30 10 16 21 20 30 16 18 15 15 35 9 35 29 27 20 23 28 24 25 40 17 44 32 10 
18 34 31 18 15 30 18 20 22 21 26 15 27 16 27 39 20 20 22 37 17 39 19 21 13 9 29 19 26 23 14 21 23 25 13 17 13 13 18 28 14 37 36 18 25 18 15 34 20 28 21 24 28 21 18 15 24 24 29 23 30 25 22 9 12 30 8 27 5 27 33 26 26 17 31 40 16 14 11 13 
14 28 48 34 20 21 28 19 16 18 32 21 17 12 19 28 32 29 35 38 19 12 18 19 21 30 27 17 20 23 17 35 27 24 21 35 15 20 22 18 8 9 22 23 28 17 25 28 23 33 19 11 25 24 19 31 27 24 30 10 22 26 27 15 9 34 19 27 19 22 15 22 25 20 28 28 15 31 18 23 
15 33 33 23 16 13 20 13 14 28 25 25 18 23 31 18 29 20 21 35 23 12 28 17 25 21 52 23 28 31 9 26 20 25 19 32 18 12 16 36 27 32 22 15 38 21 19 21 27 18 27 18 39 12 22 27 24 12 26 22 18 29 27 14 16 29 19 18 22 28 24 18 13 17 21 34 18 21 19 17 
30 35 20 17 19 24 19 23 22 21 29 18 13 32 12 40 20 25 14 25 18 23 16 24 22 27 20 20 29 11 21 33 20 33 14 53 10 17 23 44 13 27 23 17 20 11 26 34 11 37 21 24 24 15 24 13 18 26 25 24 26 15 19 20 9 23 17 33 23 23 25 29 29 9 26 32 15 43 22 10 
18 38 34 35 20 23 18 16 20 31 11 27 6 9 21 20 27 30 31 43 25 19 15 11 21 7 31 16 19 27 17 36 18 37 29 14 11 16 29 18 20 33 31 15 17 23 25 14 13 38 14 13 32 22 14 11 14 19 34 18 27 31 23 7 12 27 12 32 28 22 30 22 37 11 38 27 18 24 16 15 
19 29 26 36 14 16 25 20 24 18 20 23 20 22 16 24 19 39 39 29 17 15 27 20 26 21 26 17 31 19 14 28 19 38 23 26 17 19 29 33 17 15 21 21 30 27 23 34 21 17 16 29 30 27 20 26 31 35 23 32 28 27 13 21 17 24 15 19 30 27 33 24 32 15 34 19 24 45 21 16 
30 18 32 21 14 25 14 21 17 20 32 9 14 22 10 24 9 30 26 30 21 33 22 18 26 6 47 19 16 22 26 30 21 25 25 30 9 25 24 33 12 38 17 22 24 23 26 23 21 23 25 17 30 16 8 24 22 22 19 34 26 44 22 20 15 22 18 19 7 33 30 21 23 16 49 30 14 46 33 22 
22 19 27 24 15 14 16 17 13 27 32 24 22 21 28 26 15 29 20 48 16 27 27 18 27 16 22 21 35 34 22 21 30 32 19 29 15 19 21 26 20 7 26 11 14 29 29 33 15 20 19 21 31 16 17 20 23 23 36 20 16 34 30 13 18 27 12 17 17 16 31 22 17 14 33 41 17 33 33 20 
20 31 21 23 17 19 16 23 16 19 22 18 15 25 21 22 32 26 33 26 22 16 27 18 12 18 29 16 20 29 28 32 23 21 22 32 19 22 29 35 12 36 19 20 20 19 21 36 28 15 22 14 24 15 16 26 34 12 28 27 25 37 19 16 12 25 17 26 29 28 31 21 23 14 33 27 22 23 21 18 
32 12 20 27 24 23 22 22 18 33 21 18 11 18 25 16 14 19 13 33 19 26 30 27 21 20 30 11 28 28 12 29 24 27 14 32 16 21 13 30 19 14 36 11 24 23 26 28 29 28 15 25 21 14 22 22 14 22 37 21 15 40 17 9 16 31 19 47 19 29 37 38 29 13 23 33 21 29 23 21 
23 13 27 13 12 20 16 15 19 21 28 10 18 16 13 5 17 30 22 22 22 40 19 24 16 14 29 26 37 23 13 23 16 27 20 17 11 22 32 20 11 39 29 7 13 27 29 27 16 31 15 17 33 23 13 28 24 24 29 11 24 28 21 21 14 35 14 17 27 21 17 20 24 19 23 27 19 23 18 22 
23 25 24 24 18 20 21 14 21 16 36 33 20 25 25 17 5 23 24 28 22 15 22 25 29 15 30 26 25 39 7 21 24 33 32 35 15 23 12 27 19 27 23 18 11 30 26 37 19 35 24 23 28 22 20 27 22 17 25 18 31 26 24 18 16 27 14 33 33 26 34 17 23 12 21 31 17 28 28 14 
22 30 45 6 16 26 14 26 16 30 17 27 16 24 19 12 19 29 18 31 24 33 25 23 26 15 20 16 32 30 16 23 15 30 24 26 15 23 22 41 23 55 22 22 28 38 38 29 31 32 16 16 22 24 16 26 31 19 28 8 17 31 14 19 18 29 14 24 21 27 30 21 22 12 29 30 21 14 24 22 
15 30 37 27 15 23 16 15 10 25 23 21 9 20 16 28 29 24 19 23 11 40 28 13 23 22 26 19 20 20 17 22 25 33 18 31 20 31 26 29 10 34 21 18 26 38 32 26 20 16 18 10 39 32 21 29 27 17 19 29 28 32 24 15 22 29 11 35 17 29 25 22 22 18 25 21 13 43 18 12 
22 28 47 14 13 7 18 13 21 41 16 21 13 19 24 32 24 13 27 36 22 29 26 35 22 22 31 25 24 25 11 29 23 29 19 27 18 15 21 29 16 32 28 18 26 16 23 21 11 29 18 11 24 24 18 20 21 27 38 37 26 27 21 22 15 36 14 15 25 16 25 33 30 21 23 25 14 25 28 16 
28 25 36 32 20 30 21 6 23 21 25 8 17 23 9 19 27 21 29 38 22 25 28 19 16 15 42 23 32 22 16 29 14 31 25 19 12 24 25 33 16 25 18 15 19 30 26 24 15 27 12 16 12 18 20 28 26 28 33 22 26 26 21 21 13 15 18 19 27 18 42 24 24 23 26 19 19 9 12 15 
18 35 18 30 11 18 25 19 24 39 23 23 15 27 30 26 24 13 32 29 30 29 26 16 9 14 40 22 26 22 14 20 13 10 14 51 11 20 28 27 16 34 8 22 32 27 21 23 13 30 7 15 56 33 23 16 24 23 43 17 20 21 18 13 13 23 19 29 21 30 32 27 25 20 12 35 23 34 15 14 
15 27 34 34 15 18 26 8 22 31 29 30 17 27 10 24 23 14 27 33 20 19 44 15 25 11 18 9 20 28 12 27 18 28 18 22 15 25 17 36 18 14 21 17 28 22 19 40 34 18 21 21 22 15 12 37 25 25 31 26 16 37 29 15 15 19 12 30 28 31 19 24 27 6 34 34 24 24 32 15 
31 27 27 26 23 30 17 16 23 19 15 24 15 13 18 21 15 16 37 28 23 21 29 15 17 19 29 20 17 30 8 36 30 26 23 23 23 19 30 27 14 19 25 24 18 18 22 27 28 21 20 17 26 17 20 27 18 20 26 18 29 35 20 16 24 29 13 22 13 30 45 26 27 15 39 33 20 23 18 16 
24 28 33 29 12 30 24 4 25 23 10 24 17 23 12 29 25 39 17 42 32 26 28 17 13 18 43 27 19 23 27 20 12 36 11 49 15 12 19 25 11 41 27 23 25 24 22 25 22 27 23 26 34 26 11 20 15 21 27 20 27 31 28 14 12 27 17 13 26 20 21 33 32 18 32 28 17 19 20 20 
15 22 23 17 10 8 19 20 16 38 34 27 10 19 34 29 14 26 30 26 33 29 37 10 21 10 25 22 25 29 22 27 20 33 26 18 17 18 22 38 17 35 25 16 27 26 31 35 16 13 17 11 18 24 11 11 20 22 16 18 24 32 20 16 18 21 21 38 16 24 35 18 25 24 18 27 19 36 13 8 
22 18 16 35 13 18 8 22 22 19 11 33 13 7 23 27 11 33 24 35 33 31 19 20 37 18 36 22 5 32 13 23 21 26 27 21 14 25 30 25 16 32 26 11 27 35 16 25 25 18 24 15 31 22 8 22 21 27 32 16 27 42 20 10 15 12 16 30 14 26 19 24 29 18 16 19 20 44 28 18 
16 22 26 23 19 20 18 19 18 26 28 10 22 26 19 19 30 33 32 33 20 31 34 10 24 20 49 25 28 29 13 14 22 26 29 23 13 14 22 29 17 22 26 20 16 10 16 19 24 31 25 20 27 29 22 23 26 20 26 19 30 26 31 11 17 32 8 37 22 24 16 17 23 14 18 46 9 13 23 29 
21 34 8 25 13 5 26 19 21 18 38 16 18 25 13 22 30 36 39 19 28 19 27 12 18 10 28 12 33 17 17 20 24 40 17 38 19 27 28 27 15 44 14 24 22 25 30 26 31 24 24 21 17 14 26 31 22 17 29 37 18 30 26 14 17 13 19 36 15 26 51 16 20 28 36 15 24 37 16 11 
19 15 22 29 20 20 19 26 22 27 6 19 19 30 18 25 24 19 43 48 23 32 32 21 26 19 7 16 38 29 18 25 19 5 22 48 12 25 25 50 15 32 19 17 21 31 41 35 23 15 18 23 21 32 20 17 25 18 41 24 28 35 24 15 15 37 7 47 23 24 39 23 40 17 11 30 24 26 23 16 
18 4 29 33 15 26 21 14 11 29 18 32 13 24 16 33 24 10 39 25 11 28 35 21 17 15 40 18 7 27 22 20 21 35 11 31 12 28 24 18 19 45 16 24 30 30 15 22 19 26 22 10 38 15 30 20 19 29 41 34 30 29 47 7 22 34 11 27 23 29 23 5 12 22 26 35 18 26 29 16 
11 27 28 29 10 28 28 17 19 28 39 19 9 25 23 26 25 32 36 38 15 30 23 27 18 19 29 17 20 11 23 31 21 41 19 30 15 25 20 39 18 46 15 7 31 17 26 17 27 21 16 14 31 16 17 26 12 20 27 29 25 34 23 18 18 26 9 27 20 29 16 21 23 12 32 33 24 27 27 24 
24 32 28 27 14 22 20 23 23 23 40 19 17 37 18 14 22 29 16 32 26 29 28 14 25 15 37 16 15 29 16 33 15 26 18 14 16 21 15 37 19 12 23 16 15 30 30 21 20 28 9 13 25 17 25 34 27 17 30 31 26 36 22 22 22 24 12 34 28 20 37 17 33 18 38 31 24 37 24 11 
20 35 28 29 15 16 20 22 13 7 18 23 13 35 19 26 21 21 32 16 37 37 24 18 27 13 12 20 31 35 19 31 16 27 24 33 21 21 30 35 15 39 14 19 25 23 29 23 26 32 18 13 23 21 17 17 28 17 46 9 23 13 33 20 17 14 9 51 21 22 33 20 23 18 30 37 14 34 23 22 
35 26 44 30 12 21 22 23 21 21 18 22 25 21 12 20 6 31 21 26 21 34 14 18 22 21 21 24 18 22 27 27 22 20 23 23 13 12 25 30 27 30 21 19 19 24 29 20 16 36 3 15 17 30 17 27 31 24 42 18 21 23 13 19 13 28 21 14 25 32 30 22 20 25 31 21 13 34 29 19 
21 29 40 25 16 18 18 26 20 26 22 24 13 25 16 24 27 32 27 29 20 37 24 24 27 22 35 21 36 22 11 25 26 23 20 25 18 14 20 24 21 20 22 22 19 17 14 22 23 30 12 14 25 25 19 22 29 14 27 23 22 33 30 12 14 21 16 40 18 28 24 19 36 21 28 25 15 27 31 12 
17 36 11 23 16 18 23 20 18 16 26 29 19 26 25 19 25 27 24 30 18 28 23 19 30 22 24 15 19 28 20 20 22 33 21 39 15 27 23 26 20 16 22 13 18 21 33 29 26 29 26 10 33 18 25 25 30 25 17 16 16 23 23 18 15 21 16 6 31 24 7 20 41 17 44 31 21 37 32 12 
18 26 33 24 16 26 14 19 23 16 31 27 14 28 22 19 17 25 23 34 15 34 24 17 24 12 29 23 23 22 20 29 26 28 15 29 19 26 25 25 16 26 16 16 24 26 21 20 24 33 18 11 17 19 20 24 28 25 35 17 18 22 18 16 10 25 23 19 29 16 33 20 25 23 39 35 13 31 16 19 
16 28 18 25 14 26 11 9 16 39 24 25 14 16 26 16 20 36 36 27 25 31 18 24 20 31 41 22 7 21 17 19 26 16 14 29 22 23 19 41 20 41 16 19 17 26 14 18 27 16 20 21 34 23 25 35 22 25 42 8 22 21 29 13 17 21 10 20 30 18 16 32 19 21 31 24 18 46 29 19 
13 15 27 27 19 27 9 21 21 16 26 20 11 25 13 24 7 28 37 25 23 30 27 16 16 19 33 17 25 25 19 30 28 23 24 29 14 16 24 47 8 33 12 20 6 20 24 22 15 20 16 16 30 27 18 27 11 14 23 18 24 31 21 17 12 30 17 37 20 17 37 20 31 21 21 26 14 19 26 21 
24 16 30 14 19 26 18 24 21 18 26 20 18 29 19 22 16 47 27 29 23 27 25 23 18 15 32 17 19 25 14 22 30 42 17 33 10 23 23 44 7 26 17 21 31 16 28 32 23 21 23 9 33 29 24 33 24 28 30 25 17 18 31 15 12 24 12 25 33 25 33 28 10 9 18 33 15 18 19 12 
25 17 21 34 15 23 21 18 9 15 34 15 23 23 17 40 23 22 17 32 25 12 19 24 23 11 31 23 12 26 20 24 25 46 9 38 10 11 19 46 16 39 32 21 30 22 25 28 25 53 24 18 19 26 15 29 29 30 29 30 33 19 22 17 14 24 15 46 15 26 32 13 22 21 28 25 15 36 16 15 
29 28 37 7 16 32 19 25 16 22 22 17 15 32 29 18 22 26 22 34 17 36 12 25 22 19 10 21 22 28 14 12 13 27 19 20 8 24 26 37 15 42 15 22 22 23 18 23 28 23 10 14 24 10 19 13 26 19 28 31 17 32 31 14 10 21 12 36 24 30 35 25 25 14 46 37 20 22 30 9 
16 19 23 27 19 29 24 10 19 30 22 30 24 18 16 15 16 26 21 19 20 33 27 21 33 8 36 24 34 21 22 32 13 36 19 44 15 17 28 36 19 27 21 17 16 34 19 21 22 29 17 4 22 21 4 34 26 27 27 31 23 37 23 14 13 15 17 36 22 25 22 14 27 17 29 22 18 32 24 19 
34 35 25 26 16 21 13 19 20 12 29 16 13 27 20 29 9 15 21 24 14 29 30 30 25 14 38 18 30 13 16 24 30 37 26 24 15 15 14 41 13 40 20 8 31 22 23 12 26 8 23 12 21 28 23 21 24 26 29 40 18 34 17 17 13 14 10 36 22 13 30 24 22 16 22 37 19 38 30 19 
21 22 25 22 21 27 21 12 17 27 14 27 19 22 18 18 23 33 34 39 18 27 5 13 23 18 30 26 24 28 1 25 16 24 19 37 18 25 12 22 20 33 20 7 25 12 29 32 22 43 30 21 20 16 19 32 25 29 24 18 23 38 27 18 17 32 6 23 9 40 25 24 16 11 15 34 25 25 20 23 
19 34 29 19 13 15 19 13 27 18 22 23 12 29 24 21 28 33 25 29 24 19 11 19 16 23 30 11 36 31 4 27 33 33 31 34 16 8 25 31 26 24 20 21 22 16 24 37 25 24 18 10 32 8 26 19 31 22 29 30 4 26 16 16 20 34 15 31 25 22 35 24 28 11 37 25 22 19 26 21 
22 35 26 33 17 25 14 12 20 37 23 22 15 22 20 24 31 17 25 28 14 25 20 15 22 11 43 21 28 19 21 18 25 23 17 26 14 22 20 40 25 25 21 23 11 25 23 23 35 23 12 16 34 25 20 35 16 28 28 11 20 30 21 17 11 25 17 43 20 27 33 13 19 22 34 18 20 23 34 20 
9 28 28 27 20 22 22 18 24 27 23 16 19 28 21 37 32 19 10 45 31 15 31 24 28 18 40 30 22 30 17 21 30 34 30 21 13 12 23 23 12 31 29 22 22 20 22 38 29 28 20 14 23 22 13 26 12 23 36 26 28 41 26 13 14 24 16 36 11 31 39 26 18 21 26 13 13 40 18 20 
12 18 6 23 21 26 9 21 13 18 22 16 14 14 26 25 28 12 29 36 27 24 31 16 20 30 27 19 21 35 15 18 26 31 21 35 12 18 17 24 19 37 17 12 21 22 30 22 19 23 8 17 33 29 16 16 12 25 45 20 26 25 15 14 13 20 11 38 14 33 40 20 24 10 19 7 18 29 23 13 
16 38 26 21 15 24 21 25 23 25 28 21 17 19 20 27 23 14 30 23 29 27 22 25 21 23 29 16 27 24 15 18 25 35 17 27 20 14 31 38 15 1 23 9 16 18 18 22 12 29 25 25 30 29 16 25 29 20 33 29 25 19 21 22 16 26 13 17 13 17 24 30 19 27 33 30 14 28 18 15 
30 23 42 28 11 11 18 15 14 18 25 22 14 23 11 28 23 30 18 13 17 36 35 21 20 18 33 28 34 32 12 18 23 27 16 19 17 31 29 18 21 27 28 21 24 30 21 18 14 3 29 21 17 16 11 17 16 21 16 30 26 21 25 16 12 17 14 37 20 25 38 26 24 16 32 27 23 43 26 15 
27 25 12 26 17 24 22 18 6 20 12 22 16 26 27 28 23 23 27 21 17 34 24 28 37 26 25 15 21 28 15 30 14 32 21 36 13 21 19 33 19 36 21 22 30 19 22 25 23 41 24 14 20 16 25 17 31 24 30 33 23 28 17 17 17 29 7 31 32 30 36 22 12 17 50 30 17 37 17 17 
22 24 34 28 12 19 22 24 22 34 31 16 20 17 23 14 25 22 36 30 24 24 25 15 28 19 37 25 15 31 27 22 27 33 27 20 17 16 18 26 14 18 22 28 26 13 22 29 19 31 21 22 26 23 22 21 28 14 39 20 24 28 16 18 15 34 17 37 16 21 20 13 22 19 32 27 24 38 18 14 
14 23 23 27 27 20 24 12 19 8 24 16 22 33 7 25 20 28 34 36 15 48 33 22 24 20 22 23 22 27 20 24 14 11 18 47 20 29 36 27 18 33 32 18 19 21 30 27 26 30 21 15 29 29 8 23 22 21 37 23 25 28 19 14 13 21 16 18 24 30 23 17 17 22 19 25 16 26 26 11 
15 22 28 35 18 18 25 22 19 20 21 30 14 16 23 31 24 35 24 39 42 24 21 15 13 19 43 17 31 27 16 26 22 29 27 36 19 18 25 24 18 30 21 8 18 22 34 21 19 36 12 18 18 7 19 15 25 11 15 21 24 32 18 17 16 26 14 12 33 39 37 14 30 18 39 39 11 40 24 15 
16 26 21 20 12 23 20 21 26 31 19 22 11 18 12 26 17 35 27 35 26 20 31 13 25 19 46 24 37 26 14 24 26 33 27 20 17 20 19 38 17 50 28 20 24 17 26 38 30 20 18 12 30 8 30 27 16 8 41 16 21 38 28 17 17 30 17 30 22 25 41 32 33 22 24 34 21 43 25 19 
18 26 29 35 17 18 17 14 22 21 22 15 6 25 14 13 32 22 8 27 20 18 27 16 25 22 26 23 34 21 13 28 25 29 26 31 12 17 18 29 15 41 16 19 29 29 31 29 23 13 9 12 34 20 25 21 23 20 45 26 8 30 10 18 17 15 12 21 33 21 15 17 32 30 34 10 14 29 23 16 
16 24 30 29 13 25 22 13 15 12 33 18 14 27 21 17 33 28 15 18 24 22 23 14 37 5 30 25 24 23 18 32 22 35 23 31 17 20 15 20 18 27 26 25 26 24 26 34 25 26 14 9 32 15 26 32 26 21 33 32 17 40 27 7 17 32 10 19 21 16 35 22 32 17 33 34 20 19 16 16 
25 17 31 19 20 23 16 10 12 10 34 24 19 9 18 22 23 42 24 35 10 18 28 26 17 8 35 19 34 18 17 23 21 22 14 21 14 24 24 22 18 41 23 20 27 26 23 29 15 42 19 13 29 13 20 4 21 18 44 23 19 37 32 13 10 25 11 29 19 19 23 29 28 12 34 27 21 22 30 18 
28 11 12 35 20 19 15 20 26 21 22 20 18 18 13 34 23 33 24 19 18 28 26 15 35 10 21 18 31 17 13 19 22 22 20 38 21 19 25 22 15 20 17 25 22 19 21 29 14 24 20 16 31 19 23 19 22 12 23 25 16 25 24 16 21 25 22 23 40 29 24 17 15 9 21 42 14 32 19 16 
16 18 28 17 17 13 25 13 21 25 25 8 13 18 2 23 25 30 35 29 17 41 18 19 23 24 16 25 29 22 17 31 19 28 16 34 15 23 18 35 12 39 21 17 22 24 29 20 19 18 15 14 44 10 18 24 24 19 24 37 17 20 22 21 20 23 18 32 27 27 30 16 30 23 24 27 24 28 27 17 
30 25 44 32 9 21 26 6 23 21 19 27 11 24 25 16 28 36 33 35 18 31 27 23 23 8 23 28 29 21 26 24 24 34 30 23 12 27 28 19 23 31 24 17 7 33 17 27 20 29 22 22 43 22 20 19 15 23 8 21 21 37 5 22 14 22 11 40 22 25 23 25 23 22 28 25 17 20 31 22 
20 16 26 15 18 19 30 22 13 19 22 20 13 21 21 37 6 15 29 39 24 29 20 18 20 27 38 23 21 23 19 20 24 31 25 30 15 31 21 35 19 42 18 28 20 24 32 30 20 41 13 18 35 21 13 23 40 24 36 32 35 38 35 18 24 28 16 35 24 16 27 17 10 11 32 25 10 17 14 18 
31 26 19 37 8 23 20 14 14 25 31 21 18 26 22 28 21 21 28 26 28 33 24 25 33 16 18 18 20 23 5 22 19 26 19 16 9 18 13 17 17 30 23 18 18 28 23 49 16 20 18 23 32 30 20 18 16 19 35 25 27 30 30 12 25 32 23 28 22 35 28 24 5 9 28 29 21 28 29 13 
24 26 22 20 19 23 15 21 18 27 24 19 19 26 22 17 12 27 20 16 20 27 27 27 30 17 14 34 20 25 21 37 25 30 16 38 23 31 24 37 17 40 15 17 21 27 14 29 24 23 19 19 28 10 21 22 18 20 41 22 22 35 43 20 13 26 15 27 34 30 24 17 11 21 19 36 23 30 33 13 
27 8 34 18 10 27 18 9 22 35 18 10 15 29 31 24 18 42 35 30 28 27 21 19 17 9 28 19 20 25 22 25 21 28 10 46 17 24 22 19 10 47 31 13 21 28 25 24 8 30 15 28 32 16 17 17 33 29 26 21 10 38 29 24 19 29 14 30 23 25 17 28 29 19 12 28 14 38 28 23 
30 11 21 32 15 16 24 10 26 23 17 23 21 23 23 15 13 25 34 34 22 33 16 25 19 16 25 26 27 18 22 14 27 23 24 40 7 32 18 13 16 17 17 17 16 12 16 18 17 15 20 27 18 13 19 25 18 21 40 22 17 27 21 8 18 37 20 8 15 20 32 23 28 20 17 26 20 42 18 12 
17 17 32 32 21 24 17 9 27 32 24 26 12 16 22 25 23 27 44 40 17 21 31 25 30 12 23 21 21 34 17 51 30 35 9 24 17 17 6 37 13 26 24 19 13 17 27 32 30 14 5 29 26 22 19 14 26 19 18 36 14 19 12 18 20 26 13 36 38 24 35 21 28 25 23 35 25 19 29 21 
21 21 14 14 19 31 8 4 23 31 17 23 15 14 19 25 21 15 26 27 27 34 20 16 13 15 48 22 14 23 13 32 23 33 27 23 17 6 25 15 25 39 19 19 21 28 17 16 17 33 19 22 36 9 24 14 23 13 18 26 14 25 22 20 10 30 14 41 27 16 16 14 28 14 39 22 24 27 17 19 
21 21 13 24 19 25 20 20 28 36 16 28 22 23 25 30 28 28 19 15 8 30 26 20 23 24 14 19 34 29 13 34 23 39 21 34 17 24 32 21 11 21 16 15 29 31 18 30 18 27 19 19 36 24 19 18 17 22 20 27 17 28 26 19 15 30 11 25 25 24 40 28 16 19 22 31 18 31 28 17 
11 30 30 22 15 24 16 14 13 20 21 19 17 22 12 24 13 24 40 30 18 24 33 18 18 16 40 24 23 22 23 18 18 18 35 21 15 22 17 49 17 41 21 19 31 22 31 35 9 30 23 11 19 13 16 25 33 29 40 25 29 39 18 21 23 27 15 39 35 32 29 25 22 25 8 26 17 35 22 14 
25 31 32 16 22 16 17 18 14 21 31 22 13 21 24 21 15 21 11 17 24 34 20 25 18 19 42 34 30 24 21 27 18 32 21 33 20 13 17 28 18 25 25 14 15 29 35 22 39 33 14 28 36 18 22 27 15 21 39 5 29 29 25 21 17 26 7 31 21 32 34 24 27 20 22 33 14 24 14 18 
17 16 20 34 13 16 19 21 21 18 12 19 1 24 14 37 15 31 31 15 16 34 19 25 27 11 37 8 39 22 12 38 26 27 26 24 14 11 19 31 18 28 21 18 26 15 27 26 25 31 21 19 34 31 22 24 11 27 31 19 12 40 26 14 11 13 19 23 22 29 26 21 23 18 32 25 24 45 28 17 
11 12 23 32 15 20 19 11 18 30 30 11 17 20 30 20 10 42 12 19 23 35 14 19 28 21 20 30 29 29 17 23 24 36 31 33 19 21 16 32 20 24 28 17 25 30 19 18 18 19 14 17 22 18 21 24 16 18 41 23 18 35 28 6 23 25 16 38 22 23 35 28 23 19 38 38 21 27 25 21 
17 28 20 16 23 19 23 14 23 23 36 25 17 23 17 14 20 11 50 12 21 37 29 15 10 19 35 25 23 40 17 26 18 47 13 18 11 18 23 28 7 15 25 21 35 18 30 35 25 26 17 10 27 18 21 17 22 29 48 17 25 26 14 14 13 33 23 16 16 19 10 26 21 7 39 34 7 20 22 10 
30 27 26 26 16 23 18 10 14 24 31 14 14 19 18 22 31 19 28 8 19 34 27 20 30 13 27 33 20 29 14 22 6 24 20 49 14 22 10 43 18 31 17 7 17 30 23 29 23 28 17 21 27 18 13 14 16 22 11 16 31 15 26 24 7 21 16 23 19 21 25 28 18 11 24 35 26 33 25 22 
17 25 14 21 20 21 22 20 11 28 14 18 15 32 18 31 19 19 32 17 13 23 27 21 14 18 31 17 29 22 21 26 15 26 14 24 11 16 14 33 13 40 22 7 12 16 18 22 23 9 21 10 32 16 17 19 19 15 36 28 25 33 13 14 12 23 12 30 29 25 26 22 26 16 10 24 18 28 26 21 
11 13 26 16 16 27 26 19 27 30 15 23 10 15 18 20 29 23 30 22 21 38 28 13 27 30 34 16 40 27 19 29 26 38 9 36 13 26 25 39 21 25 20 15 22 17 25 28 12 24 18 21 32 4 15 19 34 21 21 29 23 25 25 19 19 30 14 37 29 46 32 11 19 20 35 31 18 25 22 16 
12 28 24 31 17 22 11 20 18 14 28 18 15 24 16 27 18 33 31 32 25 48 26 16 26 16 17 27 37 16 23 23 15 31 18 39 19 20 21 38 11 27 19 14 21 29 24 18 29 23 18 20 38 12 15 17 14 16 28 17 28 35 37 9 19 30 10 28 8 26 22 21 23 10 28 36 16 20 27 13 
23 21 24 12 12 17 23 9 16 29 33 32 14 27 25 29 14 44 32 7 12 30 19 13 33 26 14 36 28 41 26 10 19 30 19 50 19 16 24 38 16 31 17 22 19 14 27 17 21 18 21 25 35 17 13 17 24 15 20 21 24 26 26 13 13 27 18 21 29 28 23 17 29 15 42 22 19 23 32 16 
14 21 36 36 7 20 22 5 20 33 35 15 20 24 16 27 27 26 25 36 28 33 29 22 14 13 39 16 28 30 16 27 9 38 27 23 23 16 21 33 14 29 34 15 26 23 31 26 23 24 4 17 22 12 19 10 22 18 21 30 26 36 10 14 12 18 15 39 25 21 17 21 28 14 34 21 18 29 35 17 
21 5 27 23 14 29 22 30 11 20 20 21 18 13 27 35 22 29 38 32 19 42 20 24 16 24 29 24 33 24 22 33 27 24 18 40 16 16 12 29 19 29 15 18 28 30 17 22 22 27 25 18 36 14 20 30 35 27 33 29 26 15 18 12 13 33 17 49 34 26 21 20 20 21 34 37 22 50 16 20 
13 5 43 16 23 34 22 23 25 23 26 19 8 20 18 33 29 36 37 41 18 35 25 20 20 18 40 24 36 22 21 27 31 15 18 44 22 16 8 39 11 31 20 21 15 18 30 23 22 26 18 15 21 13 15 12 18 21 22 25 21 41 22 17 18 13 16 22 30 21 21 34 23 15 17 34 25 24 18 15 
11 23 9 33 13 18 15 14 18 20 35 22 22 22 16 25 17 35 32 21 16 26 15 11 32 14 37 19 28 25 16 25 23 42 34 31 15 37 20 28 8 25 27 19 27 18 28 36 25 27 22 19 27 20 23 22 21 28 44 26 32 25 25 12 15 29 11 39 27 30 17 17 24 8 35 30 30 15 33 11 
10 16 33 25 14 25 17 24 25 22 16 23 6 18 13 21 21 18 24 26 33 13 10 29 27 14 27 20 40 35 13 17 20 37 12 41 20 21 26 24 16 14 32 13 27 36 23 26 11 20 28 26 30 15 11 15 18 26 19 34 29 30 26 15 16 32 14 36 30 22 28 21 27 13 29 45 25 35 28 17 
20 20 19 26 24 18 11 17 19 16 31 25 8 19 16 33 21 27 34 38 28 32 30 26 20 20 17 30 29 29 27 36 19 36 20 41 17 21 17 41 16 23 27 24 27 31 29 38 15 32 23 18 43 22 12 19 29 23 38 17 26 33 23 16 16 30 16 49 22 31 28 29 24 13 33 24 21 46 21 12 
25 30 31 32 23 21 20 13 20 14 18 17 11 25 21 14 17 24 21 19 31 18 27 22 24 27 34 25 19 26 16 21 22 35 13 31 17 22 17 38 15 49 20 13 16 26 22 31 21 31 17 21 29 21 21 27 29 18 28 23 26 12 26 9 12 15 15 24 31 17 29 9 16 23 40 24 18 19 19 6 
31 26 38 18 17 21 27 16 15 34 29 21 16 24 20 25 22 27 31 15 21 32 23 20 23 11 34 24 23 23 19 24 16 23 24 46 16 23 18 30 19 26 5 21 21 24 25 28 24 35 23 23 35 22 19 25 32 11 37 30 24 36 20 12 18 34 11 36 24 22 35 23 32 14 13 25 20 16 23 17 
21 35 21 19 23 23 15 17 16 15 6 15 28 23 20 25 18 32 39 21 23 25 34 20 35 14 31 23 35 17 24 22 23 31 18 26 10 20 22 42 20 30 24 7 30 21 24 28 24 26 22 20 28 22 26 17 25 25 49 20 15 39 19 15 10 24 16 26 20 23 27 14 33 23 20 27 18 44 21 22 
24 25 29 30 23 23 23 20 14 21 26 21 12 26 22 16 30 20 37 26 25 23 18 27 19 27 20 15 30 20 22 30 26 19 18 33 13 17 26 49 17 25 14 9 12 27 38 28 17 24 16 14 27 25 26 29 27 21 32 30 17 24 34 14 17 27 23 25 31 32 36 20 26 17 20 27 17 33 17 21 
10 21 31 33 25 16 16 24 12 30 26 25 21 27 18 25 17 16 29 30 15 13 14 22 13 17 33 20 26 34 6 18 14 25 20 25 11 17 18 21 19 17 23 21 32 23 24 22 26 11 15 25 26 14 16 26 31 23 44 31 31 31 34 18 15 26 11 39 13 20 24 15 24 20 19 23 17 15 24 12 
15 23 19 31 21 23 25 17 22 39 16 20 17 21 9 13 29 16 22 25 22 27 18 20 20 15 46 28 31 32 22 23 20 34 22 34 20 19 26 18 16 33 21 14 22 25 22 32 12 13 14 13 35 16 18 27 32 17 36 26 22 31 22 22 14 32 10 37 30 11 31 20 37 15 28 31 18 30 19 23 
24 34 22 22 14 20 18 21 20 12 23 14 11 24 9 17 30 22 31 18 26 22 24 11 14 19 28 20 25 25 31 27 12 33 23 34 20 29 20 27 14 30 12 14 24 27 26 30 23 33 17 22 38 21 6 30 22 27 26 19 30 28 27 17 21 13 20 37 18 24 22 10 30 12 36 19 18 25 14 16 
17 13 21 17 21 13 14 20 13 20 25 18 12 21 21 30 17 21 28 33 25 41 25 28 32 15 34 13 26 30 13 24 26 36 15 32 13 20 18 40 16 12 18 25 17 20 22 15 26 21 13 13 34 19 15 19 21 20 29 18 16 41 15 15 10 26 17 48 20 33 28 22 32 11 33 28 12 26 29 28 
27 39 19 20 16 26 17 16 18 29 13 30 23 24 15 30 11 30 34 36 16 20 35 20 23 23 38 17 19 33 12 28 37 30 22 25 12 11 17 34 16 20 32 8 18 18 24 24 23 20 16 28 22 12 22 15 13 22 36 28 32 39 41 20 9 38 17 12 26 12 32 21 21 20 17 32 18 22 32 21 
20 26 41 32 11 32 15 20 18 37 19 18 15 28 21 22 15 45 33 31 23 36 18 19 28 20 32 12 15 14 29 27 35 18 21 21 16 24 25 32 20 38 12 18 18 24 26 27 24 22 20 12 40 25 20 13 20 12 31 14 13 5 25 14 20 21 19 50 29 23 27 28 26 20 35 11 12 41 21 18 
15 40 34 19 7 14 11 19 25 18 20 15 24 10 22 25 17 29 30 31 21 14 23 18 25 19 38 25 32 32 23 24 22 22 9 28 20 21 20 28 15 37 20 9 23 23 34 34 10 36 12 17 23 12 20 27 27 16 31 28 17 11 16 11 19 12 10 33 28 25 18 22 20 14 22 25 31 28 27 20 
20 13 25 31 22 27 21 13 15 29 26 12 13 17 17 36 27 24 27 21 26 16 24 21 29 5 24 22 22 21 20 22 21 11 25 30 17 20 29 41 16 26 27 19 14 31 22 17 28 30 25 17 32 21 12 22 19 32 23 21 19 38 17 14 18 22 22 21 25 24 17 28 27 8 28 22 22 37 22 27 
23 24 41 23 22 17 27 15 19 33 20 17 8 23 35 31 25 39 37 34 19 40 26 19 25 21 26 22 16 21 14 18 12 26 16 29 18 26 18 21 13 22 22 11 25 12 41 28 8 28 12 21 33 21 25 22 16 18 28 21 20 26 7 14 20 24 18 30 27 16 29 25 26 16 30 31 19 41 18 13 
21 23 19 16 13 16 40 12 18 28 17 18 19 28 20 13 21 11 37 31 22 29 29 29 24 18 15 17 28 30 15 34 26 46 22 12 9 18 27 32 19 22 17 22 16 19 18 39 26 15 16 19 42 26 16 19 18 18 23 24 19 26 20 10 12 22 12 39 22 28 33 20 32 16 26 25 24 26 12 19 
20 33 19 28 10 17 29 21 22 17 35 22 24 32 21 26 26 22 28 19 28 27 27 19 18 20 47 26 27 28 14 39 20 33 22 42 18 21 21 19 15 20 11 12 25 27 21 27 21 28 22 18 33 22 8 27 28 28 25 31 22 36 21 8 15 21 12 41 28 24 19 11 33 17 31 27 15 17 20 19 
22 27 42 42 12 20 22 15 19 25 14 25 17 22 25 28 19 15 39 34 7 28 35 21 27 24 36 24 19 18 17 15 22 21 17 29 17 17 21 31 20 25 13 25 22 31 16 37 25 41 10 17 23 28 11 17 15 15 37 10 19 26 23 18 14 13 18 26 37 25 46 32 28 10 28 40 20 46 25 12 
21 17 24 35 14 31 21 23 20 16 3 25 23 10 21 25 28 25 17 12 19 26 24 18 24 19 21 24 32 19 22 14 20 18 17 28 12 27 12 24 17 49 10 12 27 18 17 20 24 42 19 32 25 18 23 21 31 16 23 22 21 48 15 11 16 17 15 38 26 24 39 17 28 23 27 37 17 45 22 19 
22 21 42 22 16 25 20 21 18 28 26 28 11 26 11 24 17 9 26 30 25 37 10 13 14 12 33 22 15 40 19 25 20 30 27 30 17 13 19 24 12 39 26 14 27 26 16 13 16 29 19 20 25 21 21 22 25 10 30 17 25 18 19 10 12 23 17 31 19 27 26 15 28 11 41 31 20 30 33 24 
32 25 27 21 23 21 24 16 8 17 23 19 16 20 15 30 24 30 29 34 27 33 22 12 15 19 36 18 24 40 9 27 18 30 20 1 20 24 23 39 11 28 23 7 23 19 38 25 18 18 20 11 32 33 20 32 30 28 33 20 28 32 18 14 18 19 12 23 9 35 39 28 27 19 23 34 15 23 20 9 
12 20 25 21 17 30 14 13 22 19 29 15 20 23 20 34 29 29 21 39 25 19 18 23 19 22 35 6 35 25 20 36 18 29 22 44 15 24 17 33 20 13 26 16 16 27 29 16 27 33 21 16 25 28 13 31 21 26 45 16 22 24 19 11 16 32 13 33 33 25 32 24 15 15 32 36 14 31 6 19 
12 24 30 24 15 39 16 8 17 26 28 13 15 31 20 24 35 32 33 30 27 51 22 9 19 21 23 10 34 24 19 21 24 27 15 28 10 25 20 30 18 26 10 16 8 37 28 23 27 38 21 22 39 11 20 28 18 22 41 14 28 27 33 19 13 35 22 40 16 29 34 19 26 21 16 31 14 33 32 12 
12 11 30 34 22 19 18 18 14 17 20 18 16 22 26 25 9 34 31 31 26 29 32 20 20 12 15 19 39 15 19 27 31 39 17 32 15 25 28 30 18 37 19 21 23 31 22 19 22 36 22 19 20 15 18 14 33 24 40 29 25 31 19 24 14 27 20 27 29 26 39 24 15 6 16 18 15 40 25 13 
36 15 24 23 12 19 23 16 20 25 30 29 8 23 33 14 17 29 23 39 15 22 25 18 21 27 23 26 18 22 18 40 14 19 19 21 12 22 16 31 15 19 15 12 32 29 29 39 22 26 23 12 30 12 21 23 26 20 34 20 13 27 25 18 14 27 10 25 19 18 15 23 25 13 21 23 23 42 24 7 
24 24 32 12 19 6 16 10 12 13 12 20 26 15 22 25 28 30 29 23 31 37 37 17 15 19 25 14 33 24 17 31 26 5 31 26 17 5 31 30 13 25 22 19 23 19 40 24 29 24 15 15 20 18 13 15 12 17 31 21 31 37 30 17 10 30 23 27 23 21 19 27 27 4 35 33 12 21 21 13 
27 31 26 22 21 19 13 11 7 30 14 30 17 30 32 26 23 19 34 18 20 24 29 22 19 23 37 17 19 25 15 26 29 37 15 30 11 17 17 31 17 13 16 13 13 13 31 17 12 42 18 23 28 19 12 34 23 25 25 24 19 24 15 13 19 34 12 30 27 26 23 31 31 22 14 41 17 34 15 20 
19 27 31 30 22 5 9 2 15 21 36 20 20 19 7 19 28 36 24 23 12 23 38 18 23 16 36 22 21 39 22 25 25 37 26 35 9 18 12 25 12 32 28 13 12 25 19 16 18 21 17 8 33 23 24 26 27 15 25 35 21 21 28 25 10 28 18 32 22 23 32 21 25 12 15 31 16 55 17 20 
19 25 30 21 26 23 26 16 32 21 19 23 17 25 21 25 16 26 29 37 27 18 30 14 31 9 39 18 29 33 15 28 13 42 14 32 13 28 29 22 22 30 24 15 23 17 35 25 17 5 23 21 17 22 32 21 32 14 24 9 26 25 31 23 15 15 15 14 24 27 33 22 27 20 18 15 15 42 20 1 
35 24 19 13 20 20 17 19 16 29 22 7 22 23 22 26 23 8 29 25 22 37 24 20 23 27 44 11 24 23 20 27 25 27 21 40 20 25 19 21 16 39 23 19 34 22 19 31 9 27 18 12 21 17 15 12 27 33 25 13 24 26 23 21 18 33 20 38 37 16 28 24 27 20 31 29 20 40 32 9 
24 15 24 34 16 14 12 17 18 15 6 29 32 35 24 32 28 21 39 34 20 36 24 24 22 4 30 25 21 30 12 24 27 30 19 42 14 18 7 19 11 44 19 19 21 20 36 31 18 37 15 22 37 21 20 22 23 28 34 25 24 30 36 16 13 20 13 26 19 28 39 27 18 17 14 20 22 30 37 11 
23 25 30 30 25 27 17 25 16 20 19 24 19 23 23 27 16 32 32 19 23 9 20 22 17 21 33 16 21 27 32 34 15 37 28 43 15 26 12 29 13 28 15 14 30 18 28 12 21 44 15 14 11 19 22 25 23 7 29 26 19 30 19 10 12 15 18 35 21 21 33 23 20 20 26 21 16 21 29 18 
20 20 40 28 21 27 18 8 13 18 25 12 18 15 23 16 23 25 30 40 13 24 39 18 18 15 33 22 21 23 16 34 26 40 22 29 11 28 25 24 13 30 16 22 22 23 38 32 23 33 22 30 30 29 21 20 27 14 30 23 33 20 30 11 19 29 14 31 20 29 28 29 33 16 21 22 25 33 29 20 
15 23 25 40 15 25 25 15 19 33 19 34 11 15 22 26 33 30 23 20 25 18 25 16 22 16 36 17 25 26 22 19 21 23 19 29 15 21 38 20 6 23 22 13 22 20 31 29 29 29 16 14 16 16 22 17 23 11 42 24 8 33 36 15 15 32 4 15 34 29 38 25 19 13 20 24 10 29 31 17 
20 27 28 20 11 28 17 15 17 14 22 7 19 14 28 27 25 28 32 37 25 35 13 15 18 24 28 19 19 13 19 30 15 37 18 30 13 25 20 35 12 26 14 17 18 34 32 38 27 14 25 20 21 17 21 14 22 15 44 37 21 35 18 18 13 23 16 34 24 27 28 26 32 27 24 29 22 28 31 16 
19 36 33 32 10 23 17 16 25 9 23 21 21 17 24 28 23 15 34 30 23 28 10 19 19 26 31 17 35 24 30 16 28 23 15 25 13 25 21 23 16 41 24 15 30 19 7 30 25 23 21 23 9 14 16 30 32 23 37 31 15 20 25 19 18 18 22 37 16 20 18 23 33 16 32 34 18 25 22 6 
6 14 19 26 23 22 15 15 20 17 37 29 8 16 6 15 12 15 22 19 21 32 33 17 27 18 25 23 21 25 23 13 16 28 13 31 14 22 23 24 17 29 14 14 19 28 29 28 13 24 17 24 35 22 26 26 25 19 35 19 29 21 28 16 11 10 16 24 39 12 35 21 42 15 43 40 10 34 25 11 
14 31 36 17 20 15 13 10 23 27 24 9 11 24 16 25 20 23 28 45 21 30 32 23 26 11 36 21 18 32 20 16 24 35 23 33 18 13 13 22 17 13 14 9 19 30 15 20 25 21 24 18 29 18 18 8 23 24 23 23 28 28 25 17 14 24 14 40 29 23 29 32 23 22 32 19 20 34 19 15 
27 14 29 30 17 23 13 19 21 33 29 28 9 14 22 28 14 32 22 34 20 36 16 25 27 10 22 29 15 29 18 29 26 20 23 26 15 30 20 34 16 14 5 19 26 30 25 21 26 28 20 12 31 18 21 28 35 18 17 22 24 29 23 12 21 38 17 37 23 32 21 16 16 22 26 35 22 17 31 20 
11 28 29 34 15 14 14 28 23 32 21 25 23 27 18 21 18 22 25 30 17 39 35 20 27 30 34 25 1 28 15 21 25 25 17 48 15 20 16 32 19 41 21 25 16 19 27 32 17 20 21 12 29 19 24 22 29 26 21 15 25 31 28 7 17 38 15 26 23 33 32 21 29 19 20 21 29 39 10 11 
29 28 30 18 13 17 14 20 12 19 25 21 17 16 16 32 23 20 28 24 21 24 25 18 7 13 35 13 12 7 25 25 23 24 25 28 11 33 18 10 21 34 21 16 30 24 29 20 25 15 26 9 30 18 21 26 22 31 30 11 24 25 4 5 18 11 13 12 30 22 27 26 30 17 17 12 22 50 15 15 
8 23 20 33 13 16 24 23 16 20 19 29 21 21 18 41 17 30 27 31 33 29 15 15 29 13 45 18 30 15 18 22 23 39 22 31 10 24 19 34 10 17 20 20 23 19 29 35 20 30 24 25 35 16 20 19 18 19 25 27 23 29 29 16 7 12 18 26 21 26 31 22 24 12 30 11 15 31 31 24 
20 29 26 28 18 16 26 13 22 18 17 30 16 21 26 25 26 19 27 46 25 32 24 22 30 23 25 13 31 17 25 30 14 23 30 29 11 19 12 8 16 35 26 16 33 26 34 20 18 28 18 14 25 19 21 22 26 27 17 12 30 36 20 11 14 25 16 32 14 18 36 22 21 18 19 30 14 21 21 10 
17 21 23 25 13 37 29 26 21 19 20 10 12 20 25 35 39 27 31 26 15 18 22 24 17 13 42 20 26 32 21 26 30 38 16 33 17 15 22 52 12 30 29 21 21 15 25 16 16 38 17 16 30 14 11 23 16 26 36 30 30 27 21 23 17 35 7 40 30 30 46 25 25 9 26 34 22 22 36 20 
18 20 25 26 20 23 23 7 27 32 20 23 10 19 29 26 26 35 24 43 28 24 24 16 32 24 34 19 24 34 22 26 31 29 16 26 16 33 28 34 10 39 23 18 25 30 21 37 25 19 24 26 34 12 15 36 30 17 34 12 23 41 29 16 16 28 9 26 21 34 35 22 34 32 43 32 27 28 22 17 
18 27 22 27 9 30 14 13 16 27 27 9 26 26 28 29 28 21 32 30 21 37 22 30 15 17 18 7 17 16 17 31 21 22 17 25 18 22 22 8 15 28 23 20 7 13 10 17 21 30 14 19 33 22 24 30 18 17 22 39 30 38 14 15 20 29 12 24 39 24 18 24 28 15 13 35 22 43 30 15 
26 26 33 23 11 12 15 18 11 35 28 24 19 21 15 11 21 16 29 18 23 21 17 31 19 20 29 14 33 35 28 16 19 22 5 46 8 21 24 28 17 25 26 9 31 25 27 23 19 38 15 16 24 14 25 28 6 10 31 24 24 53 20 17 21 21 21 43 15 26 18 22 22 20 36 17 4 20 13 17 
15 23 32 16 16 25 13 19 20 17 23 25 13 39 15 27 16 41 32 31 30 37 23 25 26 21 19 19 22 23 14 21 23 35 24 31 18 14 21 24 8 31 17 14 25 29 36 27 18 31 17 17 34 24 24 22 16 13 37 24 23 35 32 17 17 31 12 33 19 28 30 22 21 22 20 49 22 29 26 20 
24 15 35 41 16 26 21 20 20 13 27 20 17 18 33 9 23 12 37 26 24 19 14 29 26 20 30 24 30 32 11 25 26 21 16 22 18 20 34 23 24 38 27 19 26 25 17 31 4 10 9 14 12 20 15 28 12 30 30 33 13 44 10 18 18 23 16 40 35 27 41 26 21 17 24 21 20 21 12 24 
29 24 26 37 13 16 20 11 12 31 19 17 18 26 17 17 19 41 31 34 29 27 21 17 29 22 22 24 22 24 18 12 19 30 23 30 19 24 21 25 17 36 21 17 31 23 28 22 23 16 17 22 12 21 33 27 15 23 21 26 17 30 9 12 16 40 12 31 26 23 26 14 23 15 31 22 26 30 39 10 
11 22 34 22 13 27 11 10 15 28 13 21 19 16 17 29 17 25 21 39 14 31 8 14 21 21 29 23 23 4 30 35 21 38 9 28 19 21 18 25 17 30 16 16 27 12 28 20 23 32 12 24 41 18 11 17 26 24 30 28 14 33 20 19 15 20 13 38 25 19 17 32 21 19 29 38 26 35 35 16 
23 21 24 37 12 13 12 15 25 30 27 26 15 29 27 35 28 28 25 28 32 23 16 23 12 16 26 16 7 29 11 34 20 25 13 45 11 22 27 27 19 39 13 22 29 13 20 30 25 31 22 18 33 15 6 25 18 25 33 12 18 20 16 17 20 36 9 41 22 25 13 27 24 11 29 32 20 25 24 18 
27 20 29 32 18 17 18 22 20 35 30 29 27 32 29 29 22 18 30 44 30 22 19 19 15 15 17 13 30 23 22 30 16 30 9 28 15 22 22 30 16 40 26 23 24 17 17 13 28 12 13 17 43 24 18 13 11 14 23 29 21 27 26 15 18 30 19 22 20 30 11 23 28 9 35 29 23 34 27 11 
24 28 19 26 16 13 18 12 18 25 24 17 22 24 19 24 24 29 34 25 17 27 32 18 26 17 19 27 25 36 17 23 15 26 19 23 8 23 22 26 17 26 25 13 28 18 23 25 18 40 19 19 31 19 9 19 15 14 24 35 14 16 14 18 13 29 15 41 8 16 28 21 45 27 31 30 17 24 28 17 
31 23 20 17 17 19 18 14 25 28 30 22 16 22 9 16 24 29 29 24 28 41 16 26 19 14 42 22 34 29 27 21 21 15 23 27 12 22 15 31 19 24 20 18 24 33 25 20 32 15 17 12 23 9 14 26 16 27 41 19 28 25 22 23 18 36 16 17 23 25 24 23 12 19 36 23 17 31 2 13 
20 15 21 31 18 19 15 17 22 25 25 18 19 22 22 20 11 19 29 15 21 18 26 22 28 15 28 30 28 28 13 22 21 32 15 32 17 26 23 22 17 16 26 21 26 18 20 22 21 31 15 12 38 23 23 19 21 21 25 24 28 44 24 20 13 28 13 10 25 27 7 29 25 15 20 25 11 12 27 17 
26 38 11 21 16 28 24 18 21 27 31 16 14 28 19 16 14 39 16 38 20 16 26 13 25 12 28 32 21 25 20 14 24 24 20 23 8 15 28 41 14 43 23 22 32 24 21 20 30 32 20 22 28 26 14 23 21 23 39 27 29 29 24 16 9 28 7 32 31 34 14 14 22 23 45 27 16 23 14 18 
29 30 34 32 24 27 25 17 9 28 26 19 27 21 24 22 14 29 26 21 19 29 20 16 31 9 29 22 17 31 19 33 23 24 16 30 14 22 33 21 18 27 23 19 12 27 24 26 7 30 20 17 29 18 18 22 21 17 28 29 20 16 26 13 16 27 22 37 27 29 24 23 19 18 43 39 17 42 16 27 
19 19 22 15 16 24 20 18 25 25 12 17 17 23 22 39 23 21 35 21 20 39 25 24 29 19 28 17 24 35 15 19 17 35 16 53 9 34 15 20 18 19 31 13 34 29 36 15 22 26 18 26 44 26 18 19 29 12 35 23 34 33 26 16 9 31 18 41 20 19 27 20 28 13 28 26 20 27 28 18 
25 22 28 19 22 16 19 17 18 26 18 17 21 22 27 31 21 24 22 33 17 30 19 18 26 16 32 17 23 40 24 28 21 21 23 37 11 23 20 34 15 31 22 8 25 16 17 24 31 25 22 14 34 14 19 24 19 23 12 28 24 21 32 17 15 14 17 47 29 5 31 21 38 15 33 20 14 35 24 6 
19 22 19 16 20 16 32 20 18 21 32 17 9 25 17 17 15 9 23 24 29 28 22 18 23 19 32 27 36 24 29 24 21 24 15 43 15 23 38 27 14 22 21 22 21 28 43 19 11 36 18 28 27 20 23 30 15 8 24 16 21 22 11 14 12 35 19 30 26 17 24 14 15 19 25 34 18 43 33 26 
19 27 30 27 26 12 22 16 18 22 24 20 14 15 20 15 22 32 31 39 25 19 22 21 27 6 25 29 14 19 14 29 12 25 29 40 16 25 24 28 18 25 14 15 21 15 39 11 15 25 18 18 14 21 15 19 21 13 26 25 12 36 7 22 18 28 14 26 14 27 17 27 25 21 32 34 18 23 27 16 
19 27 27 27 19 25 30 17 20 26 14 17 21 23 27 20 13 28 22 26 22 43 27 18 20 17 23 18 13 16 7 27 12 20 21 20 14 20 14 43 15 43 10 28 21 23 36 37 16 22 15 15 29 10 17 24 16 20 36 30 28 30 23 15 17 22 18 25 31 21 24 29 29 20 43 27 15 24 23 12 
26 28 27 34 9 17 14 16 23 26 26 23 13 31 15 21 20 23 16 33 22 52 27 15 21 17 32 26 36 37 14 17 20 23 17 18 16 27 25 31 16 14 21 10 21 17 29 31 24 26 21 19 33 14 16 28 15 24 42 15 23 12 26 9 13 36 9 26 18 23 38 24 18 16 31 42 19 43 33 23 
16 29 35 32 9 22 21 18 13 17 39 22 15 14 24 35 34 19 22 49 12 42 27 7 19 15 34 20 29 22 19 26 23 13 31 30 13 22 28 29 16 28 29 14 16 23 21 28 29 23 26 22 39 14 22 23 31 18 39 44 25 23 32 21 14 27 17 34 29 31 28 25 24 17 19 33 14 39 30 2 
24 25 34 30 15 20 15 24 9 17 26 16 20 23 15 23 25 27 21 29 25 13 24 14 17 17 39 22 23 22 18 4 24 24 19 33 14 22 20 23 13 35 23 15 28 24 25 20 24 35 18 16 29 24 22 20 26 22 29 20 17 34 25 21 12 33 11 12 30 23 22 18 33 20 27 21 18 11 29 12 
27 27 31 29 12 25 20 19 19 33 23 17 15 20 16 27 24 17 16 22 23 34 24 7 31 23 23 33 34 34 18 30 27 22 19 19 15 17 19 27 21 30 18 18 17 24 13 25 17 16 20 25 34 19 15 29 22 25 34 18 28 38 17 20 19 21 20 24 30 20 23 14 28 17 26 31 19 23 33 20 
23 19 25 29 13 21 19 1 19 28 31 21 15 19 21 27 23 37 19 33 32 40 9 14 21 23 27 30 25 25 17 39 33 29 22 23 10 8 28 28 25 36 13 14 25 17 27 18 29 17 24 22 43 18 20 27 29 17 34 29 29 33 18 11 7 30 14 27 41 31 16 30 24 12 24 29 23 31 17 9 
17 19 21 18 21 26 19 22 20 24 19 29 15 31 10 19 21 33 22 30 25 38 21 9 16 15 28 25 30 25 15 35 29 27 19 23 15 20 25 37 11 26 12 16 19 18 17 29 26 29 9 17 42 20 13 28 13 19 25 14 13 25 28 11 12 15 22 25 13 27 40 18 27 23 18 22 19 37 18 15 
20 39 20 26 13 24 14 8 16 19 23 21 14 22 19 30 40 29 32 29 25 36 17 16 43 21 29 19 19 36 22 27 27 23 22 23 4 17 21 17 11 35 21 18 24 22 27 25 15 17 18 9 16 22 25 23 21 29 25 19 31 38 24 14 14 33 17 34 19 22 18 34 23 22 47 36 14 27 32 14 
19 14 12 25 27 19 18 17 17 27 22 19 16 20 28 30 26 24 25 38 27 34 25 12 25 17 25 13 35 32 28 35 21 29 16 28 15 32 27 36 17 16 13 16 29 24 28 32 14 45 18 9 23 21 16 22 27 31 37 27 26 39 19 21 18 17 14 35 18 32 21 25 9 21 33 22 23 40 31 15 
25 24 31 34 16 20 18 14 23 21 39 28 25 22 20 27 22 48 27 26 30 34 15 26 10 18 40 7 36 18 19 32 18 29 17 15 11 27 24 34 9 21 14 15 19 30 18 33 32 25 17 14 22 24 16 8 19 16 28 22 18 19 22 18 18 18 14 42 26 25 25 26 21 17 40 27 26 21 35 11 
19 19 33 24 18 22 15 20 17 24 25 13 26 25 29 25 30 28 37 34 18 35 15 18 14 16 22 18 19 32 22 28 26 23 28 35 19 29 22 27 15 20 32 13 35 30 27 27 25 21 19 13 28 21 17 31 27 22 26 15 40 37 17 11 17 39 18 31 19 28 23 20 22 14 34 30 9 43 29 21 
24 26 26 37 23 23 7 15 18 25 12 22 20 23 27 21 9 17 8 25 26 32 24 11 25 21 33 15 32 18 26 32 13 30 21 27 19 13 16 35 11 19 20 9 26 29 23 26 23 28 22 22 25 21 18 17 29 18 38 26 30 32 23 18 22 24 17 30 27 26 33 15 23 11 24 34 25 34 34 16 
17 12 33 15 17 30 17 10 27 20 24 26 17 23 21 29 16 21 25 17 20 33 22 10 24 15 33 29 16 24 16 36 23 18 22 38 15 26 34 19 13 28 28 16 31 20 25 27 42 18 21 18 22 22 12 25 23 15 33 36 24 30 13 18 18 28 12 36 13 28 28 30 29 23 36 14 20 31 24 12 
19 18 22 27 15 15 20 14 20 18 33 26 13 15 23 19 23 21 11 26 25 38 20 17 27 19 31 26 11 24 21 29 12 34 23 8 20 15 24 46 15 29 31 17 26 14 27 29 21 18 19 13 36 29 12 3 24 31 27 22 18 29 19 16 24 30 11 32 37 35 15 29 18 5 29 9 17 25 28 12 
21 32 45 21 12 26 25 17 29 24 19 18 13 25 17 26 21 24 27 30 14 37 22 22 17 40 32 18 25 29 27 38 29 26 17 37 21 14 20 36 13 50 25 13 26 28 26 33 33 22 17 29 31 20 19 25 26 25 23 23 22 28 30 15 21 27 16 19 24 25 8 17 26 13 35 48 16 29 18 17 
10 19 26 7 13 35 18 11 21 22 8 21 16 16 24 28 15 26 20 37 32 26 38 24 26 26 29 24 21 24 16 17 21 35 16 34 8 24 37 29 21 34 17 19 26 23 23 19 22 35 31 23 21 20 15 26 18 33 34 34 24 14 26 10 10 31 16 26 25 34 28 21 13 7 31 31 23 32 26 13 
21 20 25 19 17 16 17 20 17 18 33 17 24 12 14 22 19 20 36 38 33 21 5 28 37 18 38 24 19 30 20 25 18 24 10 46 18 21 28 14 19 32 35 11 26 25 34 32 30 20 16 19 33 22 13 17 25 20 24 23 23 25 29 11 10 19 11 28 25 27 20 26 18 21 40 28 15 30 31 9 
14 30 21 35 7 18 20 22 8 19 20 18 10 6 16 18 27 16 28 35 29 24 20 18 27 18 35 15 24 17 18 35 23 28 23 43 9 13 16 25 17 41 24 17 13 20 26 19 27 28 20 30 22 16 19 22 22 23 32 36 20 38 20 20 13 28 24 36 34 23 35 25 28 14 21 13 18 25 28 5 
26 18 36 18 22 22 23 34 18 26 26 17 16 20 14 15 28 20 34 33 28 33 36 16 18 14 25 25 24 14 21 21 20 17 24 40 13 9 19 24 16 27 23 11 29 26 28 17 31 27 21 15 41 19 22 27 14 26 34 25 23 25 9 17 11 22 16 30 23 28 35 14 27 18 29 19 21 20 32 14 
21 32 34 32 19 33 13 17 23 34 30 30 21 24 25 27 18 39 38 38 16 23 29 15 25 19 30 24 22 23 21 27 21 33 21 27 17 26 32 34 19 31 21 16 18 22 22 25 19 23 24 19 25 16 28 22 35 24 27 15 23 22 15 19 10 36 19 37 23 16 8 22 34 15 40 31 20 24 28 8 
23 23 24 19 18 22 21 20 21 23 27 21 11 19 11 21 12 33 28 12 28 24 20 18 17 17 45 16 33 17 17 23 28 27 25 33 20 13 20 6 19 17 25 28 25 16 29 35 20 25 11 15 34 11 24 21 30 24 37 41 22 18 29 14 17 15 13 40 25 33 35 19 16 12 18 13 15 52 19 5 
19 24 33 28 14 17 16 13 19 17 20 29 17 16 18 14 21 28 25 20 30 28 13 23 16 17 24 16 20 26 15 24 19 29 17 38 18 25 21 21 12 16 25 14 27 17 26 25 13 23 18 15 38 24 20 16 33 21 40 35 30 24 26 18 13 28 12 33 17 21 28 17 25 14 37 27 8 38 29 24 
18 16 38 24 14 11 12 15 22 29 23 19 20 29 19 22 27 27 29 39 22 38 15 11 26 14 33 23 26 22 30 22 17 31 21 25 14 11 20 27 11 33 28 17 17 14 24 26 28 28 19 20 29 27 17 17 19 14 22 34 24 30 13 19 21 37 20 39 18 18 28 19 18 19 40 31 17 44 40 20 
27 28 18 17 16 19 17 18 23 23 27 25 20 25 27 15 20 37 33 16 16 24 22 25 28 13 25 18 31 39 23 19 24 35 25 13 15 23 29 26 17 19 29 11 24 15 33 34 24 17 17 24 34 19 27 31 39 25 22 24 16 39 28 18 15 30 18 29 33 27 38 16 26 24 19 24 21 27 27 12 
13 11 34 33 14 31 13 8 10 23 19 16 28 12 26 21 26 12 21 39 18 32 18 21 23 13 26 26 30 27 22 33 23 18 20 25 19 27 22 25 15 24 18 17 35 26 28 7 24 13 16 20 26 21 26 29 28 27 35 23 25 35 14 10 10 29 10 33 20 29 33 16 24 11 32 26 15 17 23 19 
18 23 18 30 14 18 25 8 14 24 18 24 21 12 10 15 22 36 23 46 29 42 31 22 18 23 39 24 31 25 18 29 12 14 20 21 20 22 22 26 16 26 20 27 21 26 15 18 27 32 12 19 15 26 9 26 32 22 43 21 16 31 24 11 13 25 18 26 26 30 24 18 22 16 22 20 20 22 16 12 
22 22 40 16 19 13 26 23 17 18 20 21 16 25 24 28 14 23 31 31 21 25 28 25 27 19 24 20 29 21 19 23 28 36 12 33 19 16 19 33 24 23 20 13 21 28 26 12 28 41 21 18 25 30 11 21 15 29 37 17 20 26 22 14 17 30 13 29 21 14 25 25 16 17 33 37 13 27 23 17 
29 24 30 37 13 21 19 11 19 22 26 28 15 14 22 19 18 27 17 30 14 37 22 23 14 23 27 29 18 24 22 15 29 28 18 18 16 21 24 38 10 33 20 21 25 24 19 28 15 11 22 15 19 27 18 15 10 15 41 22 29 35 16 16 14 11 17 30 37 34 29 25 18 18 53 27 24 35 35 10 
16 28 27 37 14 25 6 19 10 15 22 22 21 18 37 37 17 28 20 26 38 30 31 13 29 15 38 21 24 26 20 19 27 28 26 39 18 17 30 33 14 14 25 16 32 24 22 27 27 36 17 14 32 21 12 31 29 23 21 20 19 41 23 12 13 28 25 12 30 21 25 15 21 23 45 27 14 31 19 16 
22 29 33 36 10 25 21 9 24 34 23 29 15 37 16 17 22 19 35 51 29 15 22 18 22 12 8 23 30 27 21 10 11 33 18 27 12 26 26 22 16 36 20 17 21 14 29 30 8 20 17 25 32 22 23 18 12 21 31 35 36 32 32 18 11 23 14 33 32 27 18 23 41 14 31 38 15 27 19 18 
28 36 30 29 13 26 15 15 17 41 20 24 24 18 31 20 10 17 44 31 30 30 24 19 29 19 22 21 13 23 27 22 26 35 27 31 19 21 14 33 20 31 23 17 25 21 24 28 30 39 12 18 19 13 13 13 33 30 27 24 35 30 41 19 12 42 12 29 19 26 29 17 32 18 12 14 16 38 33 15 
8 28 19 27 27 15 13 16 16 22 11 29 13 25 23 29 19 44 34 25 28 44 9 8 23 23 15 24 26 30 26 16 28 28 24 43 15 19 13 16 13 33 17 25 31 27 28 33 20 27 26 18 33 20 17 16 27 26 34 23 24 30 25 16 15 27 7 44 27 25 50 35 18 18 20 35 22 32 23 24 
23 30 41 23 16 20 26 22 14 24 14 21 24 14 29 20 29 22 17 24 18 34 17 23 20 24 37 21 25 14 20 31 28 30 24 33 12 8 21 20 20 46 22 21 17 19 21 16 19 19 15 26 33 22 23 18 22 18 46 20 37 32 21 24 15 29 16 24 20 34 14 29 16 18 28 18 23 38 15 8 
12 35 27 30 26 27 23 30 13 17 34 22 24 23 20 20 17 39 38 27 24 32 32 5 30 19 33 25 21 23 21 17 25 33 16 38 17 20 20 33 13 32 13 16 28 14 32 32 16 26 18 15 22 14 17 23 26 33 38 24 27 31 31 19 22 18 13 22 31 14 25 28 20 15 25 31 27 30 19 14 
20 32 15 22 13 20 24 12 14 19 27 25 11 26 42 24 23 18 16 18 29 27 28 15 22 28 39 16 32 25 20 29 28 29 28 43 12 33 10 26 16 32 24 13 36 14 19 26 22 22 26 6 33 12 16 14 37 22 35 24 16 35 15 13 15 12 9 44 26 19 20 22 20 19 21 22 14 30 33 13 
19 24 29 33 8 13 14 29 25 31 16 19 22 19 29 12 18 32 30 34 10 42 23 21 25 11 33 31 23 27 7 36 18 23 20 26 20 23 14 41 9 19 9 15 31 15 24 21 18 27 21 19 15 12 20 24 24 20 26 23 23 25 24 13 21 22 18 43 26 29 29 30 34 6 28 36 19 33 21 17 
23 34 22 26 16 26 27 30 25 18 26 21 22 23 25 14 19 16 28 35 14 34 21 14 24 15 9 22 22 22 24 31 27 16 17 5 9 25 22 26 20 20 22 18 40 19 12 24 34 32 25 11 24 22 17 26 33 31 33 29 35 27 19 19 17 24 15 32 23 25 43 29 26 25 26 22 20 38 29 6 
35 12 27 26 9 27 29 24 24 25 26 21 7 26 20 31 26 29 22 31 23 32 10 22 16 14 51 18 21 36 27 33 22 30 20 44 13 17 25 32 13 25 21 14 26 21 25 19 15 28 11 16 20 18 20 18 24 12 30 33 26 34 23 18 17 25 13 27 12 36 44 16 19 17 32 27 16 30 23 9 
25 32 20 35 17 22 17 16 30 33 31 24 18 23 26 25 21 31 34 27 27 23 19 28 20 15 21 21 28 34 13 21 24 16 15 22 20 17 21 37 10 15 22 22 12 23 24 22 14 23 25 21 36 32 17 23 16 16 32 24 16 36 33 16 15 29 19 33 21 27 41 19 21 12 37 32 24 32 24 17 
14 28 28 20 9 13 13 17 15 13 36 15 17 20 13 25 34 13 26 23 30 17 17 25 11 14 43 18 39 19 18 26 28 39 20 34 13 14 24 30 24 42 20 20 15 27 20 19 18 23 24 13 23 31 15 23 23 17 17 16 19 21 12 17 12 13 18 41 25 12 32 28 32 17 10 14 10 18 31 21 
20 20 40 23 24 15 16 11 18 20 28 21 18 28 19 31 29 20 21 42 35 29 22 18 29 21 36 12 6 27 18 28 24 39 20 29 12 23 28 32 15 29 26 16 25 13 29 39 31 32 21 21 32 29 16 26 11 20 45 31 26 29 22 13 12 32 15 17 20 23 22 23 19 14 25 24 18 10 26 18 
22 22 24 27 14 17 21 21 25 38 21 17 14 12 28 20 34 25 18 24 27 26 20 9 24 14 19 17 28 36 13 24 11 37 19 34 19 21 20 37 17 33 25 12 26 18 22 32 26 18 27 14 22 21 17 33 25 26 18 20 29 31 24 16 19 37 16 26 33 25 26 23 24 18 38 25 20 39 34 16 
21 32 27 27 15 20 18 12 12 27 25 14 22 21 24 24 20 24 24 28 23 26 29 18 20 27 39 18 26 17 20 36 22 28 24 26 16 25 31 40 16 32 23 25 25 24 15 24 17 41 17 15 25 15 15 33 22 27 40 15 17 21 10 21 15 14 13 29 34 22 20 27 25 18 21 34 15 24 26 18 
23 14 16 25 10 17 18 17 12 24 31 24 15 28 13 16 15 14 29 24 24 42 21 23 18 22 29 17 42 23 13 29 18 25 25 24 14 18 20 41 13 40 24 15 38 15 25 27 20 22 17 17 27 20 22 22 22 10 18 40 19 35 12 14 13 38 19 27 14 22 26 15 16 11 36 28 13 34 37 24 
13 15 29 26 12 13 28 15 17 14 25 23 18 26 23 18 30 28 26 30 25 37 37 17 31 19 61 17 38 21 16 18 28 37 20 22 12 22 22 40 19 25 21 22 21 17 16 25 30 22 16 12 23 20 22 21 21 11 12 9 17 43 18 15 16 25 19 26 13 7 17 22 25 16 31 27 23 38 22 12 
24 29 21 37 17 17 23 16 22 31 20 19 21 16 17 26 24 18 26 28 23 22 28 26 23 16 31 23 36 15 21 30 31 31 14 27 13 18 25 16 11 28 11 21 31 24 25 24 17 26 17 14 32 31 11 17 31 27 20 31 33 17 23 21 17 24 14 32 25 24 21 12 25 20 22 35 18 30 28 13 
15 22 18 15 19 13 15 8 17 20 31 15 11 31 21 11 16 30 20 15 24 19 14 21 20 10 32 24 15 21 20 33 22 24 27 29 13 26 20 34 18 28 22 20 18 13 17 31 24 22 19 13 34 14 9 24 21 11 30 19 29 22 20 19 12 30 11 18 21 14 23 12 23 17 21 18 23 40 29 25 
23 15 35 28 16 21 5 15 18 31 16 24 24 20 19 23 20 23 28 22 25 33 26 22 19 18 21 14 19 20 22 21 22 26 5 21 20 22 35 43 13 27 18 7 28 24 39 26 21 24 20 8 24 19 17 23 26 8 29 31 17 29 24 21 11 18 8 46 22 17 16 16 21 14 34 23 22 25 22 11 
24 18 21 32 20 17 22 13 13 25 18 22 19 16 16 18 19 26 15 22 26 40 33 15 35 24 40 13 38 28 23 34 18 25 21 31 14 18 15 46 14 23 19 22 12 26 23 31 19 30 21 20 19 18 19 25 17 25 36 26 26 36 16 20 15 28 16 29 19 14 24 27 21 14 18 45 24 38 26 24 
26 30 36 14 18 27 23 18 15 23 17 20 8 18 25 27 32 25 29 31 11 28 12 10 22 12 19 23 37 21 17 23 23 24 17 19 14 23 25 21 21 40 23 12 30 21 20 44 24 29 23 14 43 17 23 15 24 24 37 31 17 26 12 14 15 23 19 22 7 19 23 25 28 12 29 27 14 32 18 21 
24 23 26 24 14 28 25 12 24 26 21 20 20 27 12 24 11 25 28 30 22 32 32 19 26 17 44 17 35 30 26 32 21 15 25 21 23 34 23 37 18 24 25 19 23 30 20 34 16 19 20 22 26 18 14 27 28 25 24 42 23 30 8 5 12 29 20 26 23 24 22 23 27 17 19 34 13 25 29 17 
21 27 26 17 20 22 26 24 15 18 27 24 20 18 17 30 19 34 16 24 18 25 30 19 20 21 26 21 30 13 21 38 9 32 19 31 17 21 25 34 18 27 27 9 22 31 28 18 22 39 25 17 23 14 16 19 19 17 25 23 34 32 22 13 14 25 13 26 35 31 30 15 22 19 36 37 19 38 36 14 
32 16 38 30 12 15 17 17 24 26 26 24 13 13 13 20 10 38 23 32 30 22 21 20 26 16 25 27 28 13 13 22 30 34 23 26 19 26 24 20 18 32 17 23 20 32 27 42 18 23 16 21 31 19 17 22 19 25 21 19 16 27 20 16 12 18 11 30 17 30 21 25 26 23 26 53 19 29 28 16 
20 28 28 30 15 25 17 21 23 23 26 19 20 27 13 29 25 33 25 12 23 20 29 16 24 18 32 12 24 13 22 40 14 28 20 32 15 9 28 22 19 34 15 13 36 18 30 20 19 23 18 10 34 7 12 23 17 16 45 22 13 17 19 16 13 23 20 20 28 36 30 30 27 26 27 8 21 50 24 10 
28 34 31 35 14 22 19 18 23 18 31 27 14 25 16 37 18 24 24 32 12 34 25 17 27 10 27 22 19 26 16 16 21 32 8 41 14 13 23 36 17 16 17 23 34 16 16 23 20 24 17 18 27 12 20 28 30 22 42 18 28 16 21 18 20 27 13 19 20 23 19 20 28 24 40 23 13 36 33 15 
26 26 4 23 20 23 23 15 9 21 25 16 15 18 13 25 23 36 29 30 19 23 18 13 25 20 21 17 20 31 16 31 14 24 21 42 21 21 19 39 19 25 27 9 22 23 23 16 17 28 20 20 22 11 19 26 15 22 29 15 27 32 36 14 16 29 17 25 33 30 31 23 15 15 29 19 20 30 14 22 
21 21 37 19 13 31 16 20 22 27 18 16 19 22 21 22 11 36 45 32 18 20 21 20 27 15 25 21 18 35 14 34 16 21 28 32 7 21 29 21 12 36 30 11 19 8 23 42 19 19 7 13 20 19 22 19 22 20 43 31 18 36 17 16 19 26 13 22 32 26 26 27 30 12 23 23 15 32 23 14 
34 16 29 17 16 14 19 22 24 8 13 22 14 23 22 25 19 26 26 35 20 30 31 22 16 22 29 23 30 39 9 31 28 39 20 26 11 14 15 26 18 30 22 14 16 23 24 28 25 23 19 21 29 6 16 29 26 16 19 16 25 30 26 22 9 26 19 22 16 14 30 17 23 11 32 21 26 27 30 10 
15 18 41 29 16 15 16 20 22 14 18 23 20 27 14 25 23 23 30 19 22 37 24 18 14 15 15 21 36 16 22 28 26 26 15 37 18 23 19 53 21 22 27 11 29 36 31 18 30 35 16 12 27 23 20 22 17 14 22 28 19 29 28 25 14 24 13 18 21 16 30 19 18 17 37 26 16 33 14 14 
29 33 34 24 14 24 14 21 19 26 15 18 19 16 12 32 26 28 33 30 20 25 28 21 14 11 29 21 18 29 11 18 19 27 19 39 20 19 27 40 13 28 31 12 13 27 32 33 32 35 25 14 24 21 19 24 32 5 27 23 26 25 17 17 14 31 17 21 19 29 22 17 24 25 37 17 16 25 31 14 
12 15 23 20 19 19 19 15 18 36 33 26 14 17 17 36 18 23 16 42 16 38 30 21 21 18 39 16 10 18 20 32 20 21 15 31 18 21 15 22 14 21 11 10 30 29 17 24 23 32 16 15 28 11 17 23 16 18 30 13 27 35 30 15 12 13 9 25 25 23 11 16 32 14 45 12 19 42 23 11 
13 17 25 27 11 25 18 17 13 25 30 21 21 27 29 18 14 33 23 14 12 37 29 13 33 11 27 14 26 34 15 26 17 16 18 27 16 24 5 53 17 42 22 17 28 11 18 34 9 32 9 21 22 24 21 17 19 28 27 23 20 36 27 16 10 12 11 32 28 30 22 9 17 8 32 23 13 31 22 18 
21 18 34 18 19 11 9 21 23 27 27 24 15 21 26 25 24 7 30 44 14 27 29 19 12 15 25 24 28 7 22 28 24 35 6 20 6 24 22 23 25 40 17 14 28 28 15 38 19 25 16 8 29 15 26 29 21 22 28 10 21 34 27 17 15 18 16 35 21 32 31 11 26 19 29 26 26 29 26 17 
17 17 47 30 11 22 25 15 17 16 19 27 16 19 15 19 18 25 21 14 26 37 20 19 23 20 41 25 16 13 26 20 18 33 24 25 15 17 30 22 22 12 27 18 25 25 23 20 25 31 9 9 24 21 26 30 32 18 29 19 27 24 22 11 14 30 18 42 27 32 28 23 29 20 39 33 17 17 18 9 
12 20 25 33 18 14 26 16 23 26 16 15 23 22 16 14 20 14 29 41 19 28 14 21 15 19 31 18 22 27 19 25 17 22 19 43 14 30 25 22 13 35 24 22 40 25 22 18 17 6 23 16 28 20 22 21 20 22 24 25 23 29 37 16 21 36 14 51 22 35 21 27 24 19 27 28 20 24 19 20 
25 20 22 32 11 24 24 20 21 30 36 17 20 15 17 37 17 26 25 25 26 18 20 16 27 10 20 22 23 33 20 27 25 42 17 33 14 12 26 33 17 34 27 15 16 19 28 20 3 20 25 15 28 20 18 26 20 26 28 28 22 41 24 14 9 27 15 35 22 27 35 29 45 6 23 18 23 24 26 29 
18 17 35 27 8 20 21 21 17 28 25 20 27 24 26 31 21 27 12 21 10 31 19 28 15 21 38 29 28 27 24 17 16 20 18 25 14 25 23 46 14 32 20 17 18 27 33 15 24 34 15 18 24 34 19 27 26 13 29 29 20 30 23 14 10 9 17 22 24 32 30 15 24 17 23 32 9 37 27 17 
21 12 35 33 17 12 16 13 10 20 14 23 18 25 25 22 25 34 34 32 9 31 12 25 21 19 8 23 19 14 10 27 18 32 31 29 8 34 34 25 26 28 13 11 28 25 31 37 25 32 23 14 41 12 20 21 26 18 25 9 25 28 13 17 27 12 12 12 15 38 47 26 19 4 31 36 19 38 20 21 
7 28 34 28 14 25 20 14 20 24 28 23 12 16 22 29 20 30 30 23 10 23 19 25 22 15 33 26 33 32 17 27 18 21 17 10 13 20 23 26 11 17 21 17 25 23 25 21 13 25 16 16 29 30 23 18 22 19 23 24 25 15 20 19 8 9 18 28 27 24 19 32 23 16 27 27 14 25 27 14 
24 32 25 29 15 19 25 16 23 23 27 21 19 23 16 25 15 26 20 29 22 34 27 16 9 12 50 15 19 28 8 39 14 46 27 30 9 14 20 30 11 42 27 12 34 22 22 32 20 28 28 13 44 24 18 28 24 21 35 13 23 22 25 21 15 22 16 38 30 25 28 17 27 13 40 32 16 30 27 11 
21 22 33 27 22 28 19 16 24 14 29 22 18 18 25 33 20 38 30 27 18 37 24 11 30 19 37 27 21 23 15 31 21 36 26 45 10 26 14 27 14 23 27 7 20 25 30 27 30 32 10 17 22 19 21 27 30 18 45 24 30 35 25 9 15 26 19 32 27 25 16 18 26 24 30 24 19 24 30 18 
19 23 29 26 16 19 24 9 10 21 29 27 18 22 23 16 26 27 19 26 33 24 30 14 15 10 42 23 29 20 11 23 17 29 13 20 11 29 24 31 12 29 10 12 15 28 30 21 11 31 13 10 26 18 15 5 34 26 29 18 22 27 20 19 17 29 11 19 20 24 30 21 15 12 17 30 15 38 19 19 
21 20 40 15 17 21 15 27 18 33 29 16 19 20 23 15 17 32 24 23 26 21 35 19 26 10 14 13 19 35 21 32 25 36 31 32 14 20 36 43 22 44 22 14 13 25 26 24 16 28 15 18 22 24 17 19 23 22 30 35 28 33 21 7 6 24 13 36 30 28 24 12 26 2 20 33 21 43 27 24 
19 24 42 30 8 20 19 17 16 26 33 19 13 25 19 28 20 33 26 41 26 35 21 14 26 15 26 16 33 13 8 26 29 30 23 11 12 18 21 12 12 19 16 13 26 22 22 38 12 26 12 12 28 21 14 24 22 25 60 26 19 27 24 16 12 30 16 29 12 27 40 28 34 12 38 23 12 23 25 21 
12 30 32 25 12 24 22 19 20 22 19 15 20 22 29 35 20 22 25 35 33 37 35 19 24 21 33 14 24 24 21 21 21 40 29 32 13 8 10 30 19 29 26 12 24 21 20 22 30 33 20 23 20 32 14 20 14 13 28 12 35 43 20 21 14 21 24 31 34 37 23 37 21 14 31 30 14 39 19 22 
30 22 32 17 18 18 15 19 16 20 30 12 19 32 13 30 19 20 32 34 23 22 24 28 21 19 14 29 15 33 20 39 28 28 18 17 15 31 24 38 17 25 12 15 23 26 18 20 27 10 20 17 40 12 13 17 8 24 30 17 21 31 36 13 18 33 17 27 13 7 44 23 25 14 28 38 17 29 14 19 
21 9 26 23 19 27 17 22 14 31 16 16 21 16 22 16 25 29 45 39 13 20 29 27 21 18 19 11 19 25 23 17 28 30 15 27 20 23 18 27 16 40 20 14 25 23 26 31 22 33 29 16 41 21 23 18 20 13 53 27 37 21 25 13 7 27 12 39 27 35 21 20 31 14 15 23 30 42 30 17 
26 23 19 21 13 17 23 24 21 25 28 22 4 27 14 30 14 31 24 46 18 38 25 8 24 15 26 16 35 32 22 40 17 26 31 31 8 22 28 46 12 30 25 18 32 20 26 8 24 34 8 15 30 27 9 15 26 29 35 26 24 23 30 16 13 24 16 30 21 20 27 31 24 9 34 22 23 29 29 17 
30 22 36 30 19 13 20 23 19 20 26 20 12 22 31 17 16 26 32 35 23 27 25 17 29 23 45 25 24 25 17 23 22 31 24 32 17 9 18 36 14 44 26 15 26 17 31 19 25 22 21 12 36 14 12 18 29 17 31 26 30 29 26 17 16 36 21 36 29 46 26 25 34 19 38 41 18 28 40 15 
12 31 29 50 15 9 25 24 24 27 33 24 17 29 21 32 21 20 20 22 21 17 33 11 28 8 17 26 16 21 25 33 28 29 33 25 16 11 19 34 18 42 20 9 26 27 12 40 28 34 26 16 31 27 10 21 29 38 28 22 21 22 30 15 15 27 10 21 31 29 38 26 26 13 23 34 22 44 24 19 
23 20 24 23 14 18 16 8 17 26 23 18 26 20 25 29 4 40 21 22 16 28 35 23 19 10 17 16 24 22 22 36 36 33 19 26 11 15 24 50 12 31 19 24 25 27 21 25 25 28 12 24 27 15 11 24 14 18 35 22 19 35 26 15 15 25 17 22 29 24 35 24 24 20 25 27 15 35 40 23 
12 22 23 23 13 26 26 9 20 16 33 25 16 25 20 28 18 40 27 33 14 25 22 22 19 12 38 10 27 38 19 36 15 32 17 30 20 15 23 26 10 40 26 10 38 26 16 21 29 37 19 13 21 9 18 22 18 12 36 15 18 43 28 19 9 26 14 37 37 24 22 27 29 13 39 21 16 34 22 19 
18 20 43 17 16 13 14 10 22 30 23 25 19 16 16 29 24 24 31 50 21 26 22 19 19 15 30 23 31 17 15 26 27 21 23 36 14 12 23 22 12 33 20 16 20 20 19 25 21 36 20 22 30 6 25 23 20 14 35 30 13 32 17 18 13 29 14 36 19 30 46 21 25 17 20 24 20 25 25 16 
27 23 29 30 13 29 23 20 18 44 34 22 12 23 18 30 20 35 38 12 15 25 30 18 22 23 31 22 35 20 20 14 25 23 15 19 11 29 28 44 15 22 14 14 19 26 14 25 15 36 27 16 24 20 20 31 16 19 36 48 15 18 16 20 17 23 17 21 23 24 19 15 30 13 21 13 20 24 27 16 
21 22 23 22 15 24 19 11 20 11 31 19 12 34 18 11 20 22 22 38 21 31 36 24 3 17 25 4 40 27 11 20 8 9 17 33 16 15 16 42 18 15 22 17 28 26 24 10 24 20 15 24 34 28 10 21 20 21 29 27 29 30 14 16 12 29 22 46 18 45 35 20 21 17 17 23 20 40 27 28 
27 29 44 30 21 26 21 13 4 32 28 16 17 19 23 32 15 31 23 36 31 24 23 15 23 23 49 27 27 35 12 36 18 28 25 41 17 28 36 29 19 34 28 9 32 26 26 27 20 27 20 15 32 24 14 21 15 28 40 29 21 22 23 21 9 19 14 22 36 29 21 30 32 11 36 31 29 27 27 16 
27 21 27 28 17 16 22 20 19 34 25 22 9 14 16 32 18 23 15 20 19 31 33 20 21 28 33 18 29 17 15 34 28 21 25 14 11 19 19 29 17 26 20 15 33 14 21 18 18 41 21 17 21 25 21 28 29 21 26 32 33 19 26 14 20 17 13 35 27 23 27 23 32 15 24 26 8 24 9 21 
26 18 28 29 15 22 19 12 18 29 17 27 18 20 22 13 29 17 20 42 14 14 22 24 35 16 33 29 28 24 17 42 22 28 19 42 15 22 26 27 15 21 26 18 24 28 15 24 22 24 24 17 25 22 21 23 28 17 34 22 16 34 19 14 18 23 15 35 17 18 18 27 22 15 37 31 25 39 37 23 
19 22 11 23 15 21 22 13 27 29 32 20 19 20 23 32 33 26 26 40 20 26 18 16 24 17 38 25 27 28 19 23 25 26 13 37 19 23 21 30 23 36 20 17 32 27 35 19 21 18 20 14 23 23 20 12 26 30 35 32 18 31 17 16 12 24 8 30 25 21 19 19 20 20 25 28 11 30 33 11 
34 44 20 28 11 26 14 7 14 32 21 15 18 22 19 21 19 26 32 19 17 40 26 17 13 16 15 20 27 37 11 33 28 38 11 28 12 25 25 40 18 35 27 24 24 22 33 23 10 21 23 18 23 18 10 27 32 21 35 27 15 29 24 19 16 40 16 21 30 31 15 34 38 17 32 22 22 28 23 16 
26 29 29 13 11 20 11 8 17 23 18 11 21 33 19 31 20 9 25 36 25 24 30 22 31 13 34 19 12 18 19 14 31 31 18 44 14 18 28 23 9 36 27 16 20 17 42 22 25 27 12 19 24 16 26 22 28 25 27 30 25 31 18 15 14 31 14 38 20 36 23 22 23 22 11 4 15 34 25 24 
7 25 37 30 9 22 11 7 9 20 21 19 18 16 21 36 22 21 20 29 19 31 29 16 29 22 15 11 33 22 27 25 23 35 14 50 15 33 34 31 19 43 29 21 15 18 16 20 13 27 21 17 28 27 24 29 23 29 35 22 14 31 20 15 14 28 13 22 23 20 24 16 25 14 40 23 17 41 24 22 
27 15 25 4 8 27 30 19 22 22 16 23 12 23 26 28 24 20 27 7 20 33 28 13 19 22 26 31 24 30 26 16 23 32 15 25 13 21 16 45 19 19 30 11 24 26 31 32 26 18 18 18 27 21 22 23 31 28 39 16 15 29 15 14 17 30 15 21 22 21 8 13 28 17 34 29 21 26 19 21 
27 29 37 31 22 17 25 17 30 13 21 19 19 36 21 37 20 21 33 20 22 34 31 16 25 25 24 32 26 33 23 36 22 26 18 33 18 27 23 19 9 44 15 4 19 30 36 34 32 38 18 17 41 20 19 21 23 28 10 21 20 20 28 18 10 8 10 23 14 23 42 25 9 18 15 30 15 34 28 20 
13 19 31 16 15 16 15 20 22 32 23 18 21 26 17 22 16 32 15 22 11 31 24 19 20 23 29 17 31 39 15 17 14 41 19 29 15 29 26 24 12 38 16 20 19 15 20 26 24 35 13 24 23 18 19 19 22 21 32 23 17 41 24 12 12 17 18 25 19 25 30 34 28 20 43 33 22 20 37 21 
21 20 29 37 10 13 18 17 18 16 30 28 20 28 24 22 22 18 34 21 20 39 23 23 17 16 21 20 21 31 22 34 16 32 8 42 21 15 14 37 11 43 20 13 34 30 29 26 12 12 28 20 32 19 10 28 24 13 48 22 34 30 24 19 13 22 18 29 19 33 26 34 23 26 28 15 25 42 16 14 
17 24 21 22 20 21 18 17 17 24 27 18 25 25 16 24 33 37 33 17 33 25 25 23 21 9 22 17 24 35 20 36 28 31 22 35 12 21 28 10 19 31 20 16 41 29 17 18 15 32 18 17 23 14 18 31 29 17 42 31 15 27 31 11 10 28 8 47 26 28 25 12 32 15 39 36 21 27 29 23 
24 28 39 17 17 33 21 18 14 19 27 23 9 31 19 18 28 28 19 32 12 41 24 20 27 21 20 27 41 29 15 23 28 26 23 20 17 14 23 35 16 37 9 13 30 15 24 39 14 31 12 15 20 16 19 29 20 17 24 30 13 25 20 14 19 28 15 16 18 34 26 27 19 17 27 23 12 27 16 18 
21 10 31 28 12 22 14 24 14 26 17 22 21 19 23 30 19 23 33 38 30 31 20 25 18 16 26 23 25 14 13 20 23 28 20 12 18 18 23 20 17 40 24 9 21 28 27 18 21 27 25 19 35 23 26 22 17 31 26 31 14 35 22 11 19 20 14 35 17 32 19 18 35 21 29 10 21 19 27 13 
33 24 19 32 9 21 21 23 19 27 17 31 15 20 15 34 32 31 36 40 27 39 20 19 24 17 42 32 37 25 19 35 22 22 18 31 18 26 12 35 11 33 23 17 28 23 24 13 18 21 20 11 35 21 14 27 24 25 32 26 32 22 15 14 22 27 13 40 16 14 37 31 30 17 23 15 26 38 23 18 
19 15 24 26 11 12 11 11 16 14 12 24 17 14 23 33 28 21 23 35 20 30 29 17 30 18 23 19 31 26 16 24 22 41 27 21 16 16 24 25 16 40 15 27 19 31 37 28 16 31 14 11 25 22 9 10 20 23 30 30 34 28 22 19 13 21 15 19 26 23 26 27 14 22 30 17 13 7 22 8 
13 20 19 9 22 12 26 14 20 21 33 23 8 12 31 17 18 41 16 40 17 22 25 22 27 26 27 23 31 26 18 32 16 24 22 23 26 11 25 40 14 19 28 14 20 26 31 22 20 10 14 10 27 20 26 29 22 20 28 27 22 34 27 14 20 25 18 36 31 27 26 6 24 16 40 20 9 31 31 11 
24 26 22 28 23 30 15 9 20 25 26 15 25 17 12 36 13 34 26 26 23 22 25 26 10 21 37 23 32 19 12 33 24 19 30 27 8 28 12 37 18 36 19 13 31 21 25 26 16 29 19 11 13 30 20 24 14 20 43 38 29 20 29 17 10 15 13 20 17 20 34 27 24 8 14 25 23 27 40 23 
18 30 24 29 15 29 17 22 18 29 32 20 17 24 28 26 14 32 33 27 15 45 25 27 25 22 19 18 18 33 12 35 19 29 25 28 7 20 21 36 15 51 14 9 12 21 25 36 19 28 25 11 22 18 13 12 27 23 30 20 18 44 21 8 13 24 17 26 31 15 19 22 20 25 19 27 25 41 12 15 
23 31 24 33 18 31 20 11 13 15 27 20 12 20 13 20 22 34 11 12 35 30 27 23 22 17 32 18 31 19 25 26 21 53 19 29 15 24 35 40 8 29 25 18 9 31 32 20 22 33 16 23 20 24 12 23 33 26 28 18 21 31 28 20 24 25 20 31 23 25 19 23 7 11 41 37 24 31 28 17 
24 29 10 20 11 17 17 15 19 20 22 27 11 29 12 20 7 21 36 41 29 22 22 21 18 25 35 24 27 21 9 26 17 33 18 44 15 29 23 38 20 15 17 29 24 20 36 29 22 36 14 17 21 13 12 29 26 20 32 24 23 39 26 19 13 30 13 30 30 12 43 22 33 19 22 23 24 23 31 18 
5 22 29 12 16 22 24 13 16 23 27 11 7 22 18 22 22 17 29 51 31 31 28 18 24 21 26 31 29 26 16 18 11 31 27 26 15 25 13 55 15 16 23 21 25 34 28 29 25 45 16 23 40 19 14 16 15 20 20 19 31 31 24 11 18 23 12 42 21 20 45 23 32 19 40 27 21 29 31 19 
23 26 19 20 16 16 34 14 17 31 22 14 16 21 23 25 22 25 19 32 28 28 21 17 29 17 38 34 29 28 22 37 26 28 14 28 17 16 38 33 16 33 25 19 22 24 20 36 23 35 15 11 30 20 9 29 20 11 40 20 26 25 17 12 18 32 16 38 12 28 25 32 24 13 24 18 16 24 17 11 
18 23 21 37 18 11 15 17 13 27 34 14 25 24 15 32 22 29 10 27 23 32 22 13 21 3 18 23 20 31 15 24 15 35 21 19 19 16 17 17 14 36 16 8 22 22 16 34 24 33 25 11 28 18 17 23 28 25 32 31 12 37 29 13 22 15 19 47 32 14 43 20 28 18 42 40 21 16 13 21 
22 29 19 18 17 29 26 21 19 19 21 19 17 26 21 24 22 26 19 32 24 31 19 11 19 16 39 21 25 28 21 29 25 40 20 50 20 21 29 25 12 31 12 17 18 17 25 31 33 22 23 21 37 17 22 23 19 17 21 27 21 30 18 16 18 31 14 29 31 24 11 25 28 15 31 22 27 20 28 13 
19 24 46 18 19 15 14 9 16 27 44 13 16 12 15 27 25 34 31 27 16 50 34 11 29 21 48 15 26 39 14 19 24 27 34 25 23 33 15 16 22 34 13 27 13 19 30 33 29 36 21 22 32 26 12 20 17 21 33 34 27 35 22 17 16 10 19 30 28 26 39 9 29 15 23 18 25 44 20 20 
26 21 36 32 19 17 17 16 19 29 20 29 19 24 24 25 17 30 26 29 28 34 27 22 29 25 26 26 23 27 17 36 20 36 22 36 12 7 24 30 15 29 19 15 24 29 26 21 19 18 16 9 22 29 17 24 14 21 31 23 21 34 27 18 14 38 9 28 27 11 27 12 20 25 43 38 23 28 22 16 
16 17 16 41 16 23 27 15 20 25 26 19 17 20 18 28 19 26 20 16 20 23 27 15 27 22 9 10 31 30 19 35 13 28 18 26 19 20 28 38 15 26 26 20 28 13 31 36 23 35 17 18 24 17 26 9 24 30 32 16 28 25 30 16 15 29 20 45 19 24 27 21 17 12 27 36 26 32 16 15 
19 34 21 27 19 24 23 20 22 23 30 16 15 19 19 20 28 29 34 21 27 37 18 18 16 24 23 21 29 31 14 30 20 42 13 35 23 42 16 34 18 24 20 16 25 21 26 20 28 34 19 21 28 16 24 26 26 22 23 21 19 30 13 22 9 22 14 35 16 20 29 19 16 8 38 31 15 34 26 24 
25 21 30 19 24 31 21 22 11 38 28 24 19 20 15 17 30 34 22 37 9 37 31 14 18 19 32 26 6 28 17 21 14 24 21 37 6 19 26 19 20 26 18 18 29 20 23 27 28 34 23 20 28 18 20 27 30 24 24 28 25 23 16 18 19 38 12 31 24 29 25 15 28 12 24 35 14 35 12 14 
14 17 16 23 16 26 9 18 19 35 18 20 16 28 16 22 27 22 42 16 23 14 26 15 26 30 34 21 36 15 21 18 26 33 20 30 11 30 29 33 14 44 30 20 25 20 27 30 21 30 6 16 15 4 23 21 18 22 27 24 26 29 23 7 22 38 13 27 25 27 34 20 34 22 32 24 12 32 23 15 
29 21 25 48 12 25 24 20 26 4 26 20 24 18 13 31 31 19 12 45 22 19 34 20 16 18 33 26 25 28 11 39 26 30 16 25 8 17 22 23 17 33 31 10 20 25 24 32 23 19 18 14 27 11 23 23 22 18 5 17 29 25 22 15 15 25 22 27 17 33 28 24 34 18 27 30 17 21 32 13 
18 9 29 26 19 20 24 13 13 34 36 24 12 16 25 37 20 21 28 39 22 30 24 18 23 16 53 26 22 20 14 35 21 23 9 39 6 12 28 38 10 39 23 18 20 17 24 21 18 28 20 16 38 18 17 18 25 12 22 26 27 25 25 10 13 27 15 35 22 23 24 27 33 22 32 33 17 13 29 15 
12 25 30 19 21 22 25 16 15 29 28 9 12 25 16 18 30 32 30 30 18 41 22 23 23 21 37 22 24 10 25 13 17 23 23 35 13 18 19 30 20 26 9 13 12 31 24 20 23 8 22 6 24 21 26 24 20 25 20 7 14 25 21 23 19 34 17 29 22 28 27 33 28 13 28 27 13 36 41 20 
17 34 18 21 11 33 21 24 16 34 14 24 16 22 19 25 15 31 25 30 17 54 24 25 18 15 34 17 32 19 22 26 23 40 25 45 8 28 21 29 19 32 14 15 34 24 29 30 20 29 21 16 23 17 21 20 31 24 46 31 23 38 17 10 13 41 18 25 23 26 24 20 14 14 26 26 29 44 33 23 
12 25 23 24 15 23 20 23 27 22 32 27 13 23 22 46 15 42 14 30 17 34 15 19 17 24 15 12 27 17 11 32 13 36 24 40 14 21 22 31 13 30 21 11 17 16 39 31 27 29 13 11 29 23 20 27 26 21 14 25 16 41 27 11 12 23 7 35 35 28 28 21 21 14 33 41 17 10 14 14 
25 18 26 18 8 22 18 14 19 29 15 25 18 32 3 18 26 17 27 35 19 22 21 21 11 14 24 18 18 14 16 33 21 19 13 26 13 24 31 28 25 28 17 16 30 20 18 20 29 18 25 22 21 19 15 17 16 42 29 35 31 35 24 14 21 21 17 35 25 26 23 26 28 13 34 16 25 28 25 21 
17 20 27 22 10 22 8 15 10 37 34 18 14 30 15 26 19 34 36 25 26 25 28 20 21 19 21 18 21 37 19 25 24 37 12 27 13 28 17 24 16 41 15 24 31 24 20 31 24 32 18 22 26 10 21 31 28 17 44 24 17 25 10 18 10 26 14 30 22 22 27 21 36 11 34 39 14 34 13 13 
13 14 30 27 14 18 23 19 20 22 21 16 15 18 23 26 19 48 39 33 20 34 29 25 15 22 15 30 34 23 17 26 9 39 17 30 12 20 19 32 14 26 15 17 26 32 30 20 23 39 19 10 18 12 22 21 39 14 24 27 16 43 22 13 15 28 14 27 29 15 22 20 15 7 40 43 17 32 13 12 
15 19 28 40 17 18 18 13 24 25 24 31 12 8 28 21 17 16 35 17 17 33 40 14 20 18 27 25 26 16 3 19 23 29 22 28 15 19 16 30 16 8 21 19 18 18 18 23 22 20 15 15 20 15 19 22 17 24 35 20 19 25 17 17 10 18 14 20 26 24 22 12 33 16 33 21 15 43 31 16 
26 25 23 13 16 26 10 20 19 9 35 25 7 18 17 24 17 46 26 26 19 30 27 23 21 16 39 21 24 22 20 23 19 22 20 19 15 22 33 26 18 45 24 13 24 28 18 20 23 21 16 20 23 20 13 33 18 25 28 25 17 18 34 11 11 29 12 32 24 21 33 20 28 13 44 27 18 24 11 18 
9 30 22 30 13 25 21 15 16 23 16 24 10 24 23 36 22 42 37 36 17 38 22 25 20 13 23 19 33 28 20 21 24 28 27 31 19 15 15 21 18 32 31 16 33 18 31 28 25 28 21 20 24 19 22 25 30 10 36 25 24 49 28 12 13 18 15 23 23 32 22 31 35 22 41 29 26 40 27 7 
12 23 30 20 11 24 14 14 20 26 28 18 24 22 25 31 24 27 37 12 28 31 34 18 14 19 26 23 14 25 21 23 13 27 24 22 19 18 28 38 17 33 21 13 22 21 20 19 27 25 16 22 37 15 11 22 28 11 34 19 12 31 28 18 13 29 20 10 19 32 38 22 24 19 28 24 12 51 22 20 
13 30 29 20 11 18 25 19 15 35 10 25 18 16 21 31 17 27 24 44 16 31 22 18 13 25 23 36 29 19 21 23 14 26 12 54 14 12 17 17 15 30 19 14 21 23 33 42 33 41 18 12 24 25 24 19 25 16 36 28 23 23 18 9 10 27 10 37 31 24 15 18 31 27 25 37 5 28 26 22 
29 21 31 26 14 13 15 19 18 25 23 26 9 15 17 21 3 46 40 33 20 24 23 22 21 26 33 27 24 18 10 24 22 21 26 39 18 33 31 39 13 40 23 14 37 29 23 19 24 23 29 18 21 16 17 17 15 22 39 25 27 29 26 11 16 21 16 38 24 14 23 24 22 22 21 32 14 23 19 18 
11 21 19 11 19 20 14 13 16 34 11 21 13 16 13 26 20 27 34 43 21 18 34 24 27 23 27 19 33 14 16 19 8 25 20 32 17 26 23 43 16 22 32 26 20 25 29 26 17 22 19 8 2 21 22 20 30 27 23 15 26 29 18 18 24 33 13 18 38 16 17 19 25 16 33 21 21 41 20 19 
16 26 29 24 11 18 17 21 15 27 22 18 10 10 19 32 23 35 25 27 12 27 22 22 22 10 21 17 38 28 23 38 17 31 20 14 24 21 16 29 19 23 20 25 19 15 23 21 19 27 18 16 27 25 12 30 36 27 23 23 20 27 26 21 15 27 11 23 27 36 26 19 23 15 31 32 18 29 18 14 
20 33 25 35 16 28 22 10 17 28 16 23 8 27 19 29 16 32 34 27 15 25 36 23 26 17 23 18 18 18 18 31 15 37 20 35 9 26 16 31 11 22 14 24 26 19 28 33 19 37 12 15 22 18 23 24 24 27 17 13 23 46 20 15 23 12 17 35 24 19 26 19 19 13 23 35 10 32 21 11 
34 14 30 40 19 22 27 14 26 39 25 14 22 33 25 29 22 36 26 30 20 21 24 15 26 22 35 19 25 27 12 39 28 15 12 34 13 20 20 32 12 10 18 16 30 29 30 25 26 33 18 14 18 38 19 24 25 27 38 39 24 42 22 12 8 29 13 27 30 28 32 18 26 10 32 25 7 19 23 19 
6 20 25 33 16 24 25 21 9 26 23 25 25 21 18 17 26 34 36 24 16 23 30 27 12 17 10 22 24 30 12 23 24 29 13 23 21 16 33 35 19 26 32 25 24 17 27 23 12 30 16 13 30 18 20 30 26 14 19 19 27 27 19 17 22 32 18 14 30 26 20 14 17 20 47 36 14 27 23 17 
27 15 19 30 22 16 18 12 12 30 31 24 9 23 23 18 26 29 18 38 18 22 17 21 16 17 37 17 39 24 17 15 29 29 8 31 15 18 11 15 17 42 19 26 3 25 15 24 22 23 20 17 28 11 20 33 18 28 39 24 32 25 30 18 22 21 17 24 29 32 34 32 15 22 25 30 11 18 26 13 
23 26 45 14 8 23 11 19 28 34 29 31 19 29 14 26 16 19 34 32 28 39 28 13 20 15 28 16 32 34 23 10 15 25 21 31 6 25 13 37 10 25 25 16 35 22 19 43 26 30 23 15 29 21 11 17 24 19 29 25 29 27 30 19 13 37 22 32 38 28 21 17 27 20 25 22 24 33 38 19 
27 26 34 8 22 15 16 15 21 21 18 16 16 28 24 27 20 20 43 31 24 27 19 24 29 15 26 22 19 21 17 25 29 20 15 33 18 19 23 24 18 21 24 18 22 32 16 39 27 35 15 14 29 10 19 25 17 15 45 24 19 30 15 23 19 33 13 36 26 36 26 22 31 28 30 32 18 31 25 20 
29 27 40 23 14 24 27 14 20 23 34 22 16 29 19 39 32 19 28 29 16 30 31 17 24 29 29 21 18 28 22 23 23 33 16 25 12 19 25 30 14 31 23 18 8 32 31 35 19 21 13 15 17 10 19 26 27 13 30 24 22 21 20 18 7 34 9 28 27 21 9 21 36 16 28 42 27 17 24 16 
31 31 42 21 9 25 17 22 17 23 22 25 11 21 27 26 24 21 25 27 17 23 11 18 22 16 27 25 20 35 19 29 27 29 23 38 17 20 17 19 22 28 14 15 15 24 30 34 33 36 14 24 16 22 16 37 28 17 23 17 23 49 25 11 22 26 14 26 22 35 28 26 23 7 54 36 20 20 13 16 
20 39 29 24 18 20 26 25 21 30 17 23 8 27 12 31 20 35 19 36 18 29 23 11 19 13 18 24 27 19 16 22 18 20 21 31 15 21 27 30 18 27 11 26 27 16 12 27 25 47 15 24 11 18 26 21 23 16 27 26 24 17 23 14 13 25 18 29 20 23 33 31 16 12 23 26 14 23 9 17 
27 13 22 20 15 9 30 11 23 26 37 21 17 20 15 33 27 40 35 28 26 32 15 19 16 13 10 26 21 26 16 30 23 19 15 30 15 10 32 42 14 38 22 11 24 24 35 43 23 32 25 21 18 21 20 23 11 15 28 28 31 36 20 16 15 24 16 40 24 28 19 28 26 23 28 32 25 20 24 13 
19 20 17 11 21 13 17 15 25 15 16 37 17 29 21 29 24 39 28 28 20 31 2 14 15 22 33 23 30 17 11 29 17 22 12 16 13 30 19 31 10 35 21 22 20 22 31 21 27 21 20 21 27 10 16 26 23 29 34 34 18 28 25 22 16 30 9 38 28 21 31 16 20 19 13 31 16 31 21 18 
22 28 35 33 12 27 24 18 28 29 18 26 14 18 5 30 31 15 25 29 20 34 17 28 14 34 26 5 22 17 21 22 29 42 15 26 10 15 21 40 7 39 31 13 25 12 21 32 24 17 20 20 21 26 19 16 28 16 20 28 27 39 14 15 5 23 14 10 23 8 23 23 26 19 27 9 12 22 22 19 
11 22 41 25 24 18 21 25 17 24 19 16 15 21 9 23 17 34 19 26 18 17 21 23 29 23 36 20 19 29 26 24 26 22 20 20 12 17 18 20 16 39 18 25 34 23 20 27 33 25 15 11 30 25 18 16 32 16 21 9 20 29 21 19 10 30 14 31 14 26 27 12 31 22 37 18 16 31 34 20 
24 28 40 31 18 18 18 14 23 23 20 24 23 26 22 22 21 24 30 26 31 33 33 18 31 20 19 24 31 34 8 10 14 33 24 31 11 27 23 37 13 18 27 14 33 13 20 27 12 26 12 22 21 29 20 20 19 25 36 14 27 43 19 14 13 33 12 31 29 23 25 17 32 23 30 3 17 30 21 3 
28 25 29 30 19 29 29 16 17 31 37 21 19 18 17 29 20 23 6 33 27 30 16 15 24 19 30 25 39 21 21 24 13 15 13 35 24 19 20 26 19 28 14 12 20 31 24 30 15 30 14 15 35 21 23 22 19 15 28 36 33 26 17 20 22 28 19 40 22 29 29 33 28 17 24 20 22 39 21 14 
15 27 39 31 15 16 20 28 21 27 19 18 13 21 18 16 21 23 31 31 24 25 35 16 25 17 38 11 20 25 19 24 18 9 16 22 17 3 16 15 20 18 24 22 25 23 38 37 20 26 19 12 24 6 21 28 28 29 33 21 29 27 23 12 17 21 16 34 43 23 22 30 20 4 37 27 20 10 14 22 
17 30 15 26 16 28 25 11 18 27 15 13 11 22 20 26 17 30 28 41 14 24 30 11 22 13 23 24 35 16 14 34 21 34 14 37 17 23 30 30 13 27 27 19 17 18 28 18 21 25 15 21 24 24 25 30 22 23 41 30 23 30 15 12 18 24 10 25 23 29 25 21 31 16 19 26 18 25 29 23 
20 10 37 36 11 19 23 18 13 20 18 15 19 34 31 29 22 26 44 38 23 50 33 13 14 26 44 16 19 36 16 33 11 27 13 26 15 21 14 29 18 26 15 17 24 8 30 27 23 23 18 8 19 20 24 25 19 23 38 25 24 31 16 18 9 21 11 19 15 17 36 9 32 28 32 34 25 30 30 14 
27 23 25 16 12 25 14 24 21 29 16 26 17 20 23 19 16 20 17 24 26 47 21 16 27 17 34 21 12 32 25 17 28 19 20 16 23 20 29 34 17 43 24 7 10 21 28 25 24 40 11 19 23 14 28 27 31 19 39 26 18 33 30 28 11 16 14 26 22 19 25 17 26 17 37 45 25 25 27 25 
25 20 33 21 21 27 18 18 21 31 17 35 13 22 20 15 24 24 29 20 21 27 29 18 30 24 24 27 25 31 20 21 16 12 21 30 12 16 22 28 16 31 22 23 20 27 8 25 19 13 14 24 33 27 18 23 30 25 24 20 22 33 25 22 15 34 12 20 24 15 29 13 17 10 20 20 13 32 28 21 
19 24 26 27 12 24 17 18 22 22 25 13 8 26 27 19 19 23 12 30 10 29 26 17 22 22 17 14 14 20 10 30 22 27 19 38 17 18 31 24 12 27 22 20 19 14 19 28 27 11 13 18 32 34 18 11 29 17 43 18 17 49 24 19 17 25 26 20 20 19 46 17 29 14 47 28 19 28 22 14 
15 18 25 22 15 14 21 15 14 21 27 20 16 31 23 17 17 21 30 12 15 29 28 19 18 23 19 21 27 23 18 12 13 21 5 31 13 14 32 31 30 34 21 18 27 13 19 26 19 23 19 16 30 15 24 22 34 29 34 17 34 32 20 19 14 22 14 8 18 27 17 33 35 11 26 30 12 33 26 5 
13 15 23 22 12 30 27 20 31 34 26 32 5 29 23 23 20 21 29 32 17 37 17 17 10 19 36 11 39 33 16 32 11 25 23 46 10 29 25 25 22 35 22 19 24 23 29 24 21 30 17 15 26 25 17 21 19 18 53 31 20 26 28 17 13 26 16 33 29 20 23 23 23 23 37 45 11 23 19 19 
26 13 29 25 19 32 19 15 22 29 20 21 19 22 17 22 25 22 38 44 20 33 26 16 32 11 23 22 20 27 25 15 17 40 19 42 12 17 21 22 13 27 16 18 24 22 24 27 27 35 23 22 45 27 19 31 25 21 25 30 25 15 30 14 14 25 16 35 19 28 11 31 26 24 14 22 21 25 33 13 
16 30 36 27 19 23 17 15 13 16 15 31 20 24 10 32 34 23 27 24 14 29 34 24 24 19 26 28 22 34 15 27 24 17 21 36 13 20 12 28 15 20 18 12 18 14 26 28 25 24 19 24 22 17 16 24 9 20 33 19 29 30 24 21 18 26 17 40 21 25 29 22 35 14 34 26 14 21 28 17 
19 15 31 35 9 24 20 18 7 27 30 15 25 18 17 25 23 31 23 34 25 29 29 22 33 10 33 23 13 36 22 30 20 35 19 28 23 10 19 32 18 29 18 21 27 29 31 22 21 27 9 13 48 24 22 15 14 35 50 23 23 21 28 13 18 19 18 36 31 28 25 13 32 8 31 39 13 29 30 16 
22 33 26 10 9 34 26 16 12 30 31 8 10 20 22 28 19 22 38 34 29 26 11 27 20 18 23 24 25 28 22 32 24 28 9 22 13 20 16 21 18 26 21 19 32 12 22 37 18 38 10 15 27 25 19 18 22 23 32 18 26 25 24 9 22 29 19 42 17 34 26 33 17 17 19 41 14 11 36 26 
19 18 17 24 15 26 21 18 27 25 12 14 19 28 16 14 17 28 20 34 18 33 34 23 23 20 37 30 29 18 25 22 26 35 21 40 14 10 24 28 15 25 20 19 22 24 11 33 19 32 25 20 25 13 14 21 11 20 38 16 11 27 23 17 14 26 10 41 27 21 34 22 18 18 21 29 23 31 14 25 
15 14 21 32 17 27 24 15 28 16 23 14 18 16 30 24 28 14 16 42 30 31 29 23 25 16 26 18 21 8 19 19 23 35 26 21 12 24 24 7 13 16 30 20 31 25 29 29 19 22 14 15 24 16 17 19 26 24 39 35 19 39 16 21 9 27 17 22 29 23 41 17 26 16 30 23 20 24 24 15 
20 18 27 32 17 23 16 14 21 21 19 16 19 34 30 32 20 26 33 30 18 41 21 20 27 17 32 20 20 27 19 34 16 30 16 31 14 22 31 38 4 30 34 27 9 18 15 24 22 37 14 21 24 18 23 23 34 26 35 30 22 40 26 8 16 41 16 36 30 33 32 26 25 6 29 39 17 23 16 19 
21 30 29 29 24 25 25 13 16 13 34 21 18 25 19 17 18 19 26 32 28 31 24 21 32 12 17 25 33 25 20 27 18 36 5 24 16 23 27 23 17 21 27 24 30 19 15 41 18 16 10 20 28 10 23 19 27 20 28 28 28 35 25 11 20 14 14 31 22 48 28 22 25 23 31 20 13 27 20 25 
11 34 15 27 18 24 13 15 18 25 19 22 8 30 9 22 32 27 33 35 35 31 27 14 31 20 40 18 21 26 20 35 24 31 9 29 11 21 37 22 16 27 20 16 14 14 26 21 22 39 11 27 23 12 16 13 18 24 38 22 18 42 27 14 14 22 24 23 21 28 21 20 28 17 43 8 17 25 12 19 
13 34 33 28 19 24 20 18 19 29 30 23 26 18 15 30 24 33 42 39 9 20 38 21 27 20 20 20 28 25 16 37 26 35 30 35 17 23 23 33 14 41 6 23 26 25 18 24 16 30 11 14 21 20 20 34 23 16 26 27 22 23 15 10 16 18 19 38 20 26 32 26 18 20 37 27 23 37 27 18 
8 21 24 36 11 18 20 16 14 30 15 21 15 25 17 19 26 29 38 24 20 15 17 25 22 16 27 20 28 24 15 34 20 28 18 25 9 15 19 37 9 15 25 15 37 18 22 24 19 13 25 22 27 13 16 22 29 16 27 19 28 27 25 9 12 22 13 22 22 13 37 22 25 15 32 27 20 30 30 12 
28 22 20 29 10 21 19 23 24 36 32 22 16 25 18 35 17 13 24 29 20 30 26 22 28 19 44 29 22 31 18 27 9 31 28 33 16 21 22 29 16 43 31 26 30 27 33 24 22 26 20 14 31 13 18 24 30 16 12 27 17 25 10 15 21 31 13 45 21 26 40 16 29 11 30 39 9 40 33 13 
25 35 31 22 21 25 17 23 29 30 11 22 23 9 22 22 29 27 26 37 34 19 29 20 26 15 32 18 24 12 16 22 14 42 20 25 12 14 34 24 20 24 22 21 14 20 26 18 27 35 13 12 31 23 22 27 16 17 19 34 15 13 29 19 12 27 10 44 31 34 49 25 21 12 42 28 8 22 20 11 
15 24 28 22 12 16 25 19 12 11 22 14 19 18 21 14 9 19 18 50 26 24 28 13 12 10 10 13 35 15 17 36 17 28 21 32 16 13 20 33 16 21 26 9 21 25 29 21 23 15 22 16 34 21 19 29 20 20 29 19 29 27 26 16 8 20 16 35 27 21 23 15 26 18 23 33 14 23 18 21 
32 29 33 19 7 22 23 11 13 20 30 17 18 28 23 24 11 29 15 23 24 35 33 20 15 18 36 24 19 19 24 32 20 40 19 27 16 24 28 36 8 36 17 9 16 29 16 29 27 26 21 11 18 25 14 30 10 24 37 28 35 31 27 18 20 34 16 29 25 25 24 19 29 26 42 27 24 38 17 19 
23 35 22 31 23 33 18 22 20 29 35 22 19 16 20 18 31 34 18 25 34 18 23 23 27 26 35 14 24 22 15 24 25 33 31 41 19 16 28 31 12 33 28 15 34 13 21 30 17 8 13 12 37 24 17 34 24 21 28 13 22 24 19 19 18 25 5 28 20 26 38 27 23 9 28 46 13 30 30 22 
18 22 27 34 22 23 29 17 25 28 20 19 11 19 25 32 22 28 13 35 16 35 28 15 25 6 46 21 33 31 28 35 25 27 22 26 7 17 26 31 24 26 27 18 37 34 18 17 18 27 28 13 33 19 27 24 16 19 35 33 25 34 24 22 20 17 12 10 24 32 32 8 27 19 40 34 24 29 33 16 
28 18 32 41 13 32 21 20 23 20 29 21 19 24 24 30 17 33 10 36 22 38 20 7 21 15 38 31 28 38 20 22 20 26 7 21 18 22 29 22 14 10 16 11 19 22 15 28 15 28 12 15 23 15 22 24 25 30 13 20 26 28 11 14 11 11 11 16 24 28 25 13 23 22 7 26 16 35 12 24 
17 23 31 31 10 31 9 26 16 19 28 21 21 22 21 33 18 34 28 34 27 42 26 17 20 23 20 22 28 36 22 27 8 37 22 31 18 19 10 37 14 29 26 20 16 33 16 25 18 32 16 16 43 30 28 27 14 28 29 30 35 33 19 17 15 38 16 26 37 14 30 22 22 21 31 25 15 22 26 16 
21 30 27 29 16 24 27 14 16 31 16 22 15 8 15 26 24 35 18 43 26 39 31 15 13 12 17 29 31 29 10 34 29 32 24 32 12 24 14 16 18 37 31 9 31 20 16 33 20 27 25 12 19 18 19 34 32 29 41 18 34 35 13 18 17 26 12 14 21 24 32 13 27 13 37 32 28 23 23 12 
26 25 18 33 15 13 21 13 15 14 23 17 2 23 18 34 21 23 29 15 22 25 22 23 20 15 28 20 20 45 11 23 11 25 13 48 12 21 18 28 11 35 16 11 27 26 29 20 20 12 13 19 22 14 14 15 18 22 49 21 23 31 27 14 13 24 16 18 29 32 21 20 30 19 29 21 13 28 21 23 
19 33 38 19 20 27 18 16 27 29 15 12 20 24 22 33 26 38 25 29 23 25 27 25 19 24 30 31 17 19 9 28 20 19 13 38 12 22 26 26 20 25 18 24 23 24 17 16 25 29 25 12 29 22 2 15 30 22 34 25 20 36 19 17 9 35 22 42 27 31 33 25 32 26 24 29 8 22 27 16 
20 14 41 17 16 22 17 11 15 18 25 16 21 18 12 30 7 31 17 38 11 23 25 13 17 13 11 27 17 29 23 26 25 22 15 32 22 19 26 30 18 28 13 18 24 29 23 27 15 34 10 5 25 22 20 32 21 21 38 24 18 29 20 16 21 35 22 41 32 34 40 18 27 13 26 34 26 31 23 25 
32 25 28 21 15 24 11 18 18 23 32 18 16 26 18 23 19 26 19 26 26 23 21 24 26 15 23 18 40 32 22 24 20 31 21 25 14 19 31 13 15 39 18 19 23 18 13 16 29 43 20 21 38 14 18 19 30 25 15 25 19 31 14 24 17 33 10 35 22 15 18 23 27 18 20 14 14 46 33 12 
17 27 27 20 19 17 21 9 21 38 32 7 13 17 21 23 20 31 39 28 27 31 32 22 23 11 4 21 22 13 16 23 16 24 16 27 16 11 19 22 19 26 20 16 23 16 26 25 13 18 18 17 34 23 24 16 16 22 30 12 21 24 20 14 20 29 17 39 11 15 39 31 17 8 28 23 21 39 24 14 
26 35 26 10 10 24 19 14 10 34 14 22 11 20 18 25 13 27 21 24 19 17 16 28 19 17 30 29 44 20 19 27 24 40 22 45 12 17 27 34 17 34 25 17 31 23 17 29 28 36 19 13 38 10 18 17 32 16 26 22 31 23 19 16 9 20 19 22 21 32 14 22 21 9 51 33 19 23 25 15 
15 22 45 19 15 22 10 16 19 29 23 21 17 15 30 35 28 18 37 14 28 13 19 14 11 16 43 26 21 29 23 28 18 29 27 18 14 31 19 30 22 31 8 19 32 13 20 23 25 34 27 14 22 23 17 17 24 20 48 24 21 26 26 21 12 29 19 14 15 22 36 30 33 20 16 37 19 39 24 14 
17 26 30 29 18 15 14 20 18 28 17 20 17 20 16 25 31 26 19 46 25 24 21 18 16 22 20 25 21 29 21 14 21 40 29 52 13 28 21 33 13 21 27 11 28 16 26 31 27 15 17 12 26 41 16 21 13 16 43 29 24 33 23 8 18 16 18 47 29 26 22 12 14 23 26 33 8 30 26 7 
28 30 37 28 20 27 20 12 19 29 27 13 16 34 16 18 16 34 17 29 24 22 14 13 36 20 25 25 37 30 17 37 27 35 24 43 11 21 26 45 15 7 24 24 5 17 6 17 23 45 19 16 22 16 22 10 19 12 30 27 22 34 19 14 13 19 12 39 18 19 14 28 19 13 17 14 19 19 29 15 
18 23 24 26 18 11 21 18 19 22 29 25 16 23 27 27 21 26 15 30 23 26 29 21 21 17 41 15 33 13 9 33 14 24 17 32 7 25 24 41 21 41 17 17 25 18 18 20 27 28 9 4 44 8 19 22 10 19 10 26 19 31 10 12 10 29 21 25 24 42 34 31 23 19 22 29 25 24 22 12 
16 34 32 37 15 20 23 13 13 18 31 20 21 19 30 15 17 17 29 35 28 30 31 13 29 17 22 19 27 20 13 18 26 22 24 21 16 27 22 32 21 30 15 21 22 31 22 34 30 24 27 27 28 22 12 20 19 31 35 36 29 41 28 21 13 21 8 21 25 32 26 23 35 21 25 33 20 33 26 11 
15 24 39 21 11 12 17 4 15 31 15 19 16 18 26 21 21 19 17 12 16 24 27 15 29 22 27 22 24 16 14 24 23 26 26 31 15 19 2 32 20 22 26 20 30 19 19 21 36 30 15 12 24 22 16 19 20 19 38 24 26 29 7 18 13 24 12 30 32 27 23 30 27 14 31 24 18 30 31 22 
22 21 25 31 18 17 20 14 29 15 32 34 21 22 27 23 13 33 35 28 25 32 18 23 21 12 30 26 21 20 17 16 20 31 20 28 11 14 17 32 17 50 6 19 21 25 18 31 22 29 26 6 44 15 26 28 13 30 38 22 16 32 18 22 15 28 13 28 36 29 15 19 20 13 37 34 9 21 18 19 
27 24 24 23 10 24 14 24 23 37 38 25 13 22 22 20 24 22 33 29 26 41 35 26 15 26 28 26 27 15 17 19 27 26 21 44 10 26 19 38 10 30 19 12 22 16 28 19 23 26 24 19 24 21 20 21 29 24 32 29 12 47 33 12 17 23 20 21 17 22 30 4 25 18 32 32 12 49 25 18 
15 20 32 30 14 17 19 21 22 36 11 20 23 28 23 31 16 35 26 31 23 17 25 14 19 2 38 19 35 26 14 25 14 16 20 28 16 21 24 24 21 38 24 20 21 27 18 22 25 32 21 20 29 18 15 21 29 15 30 25 21 37 24 13 12 29 16 28 29 23 29 23 30 24 46 39 6 26 30 22 
22 30 29 24 19 25 22 13 18 34 26 14 12 33 17 32 15 16 30 44 30 28 26 20 21 16 27 21 21 34 27 26 21 44 17 21 12 24 21 41 18 18 7 13 39 23 16 20 20 20 4 12 36 27 8 24 30 25 24 27 16 27 18 14 18 20 19 33 20 24 33 25 21 14 34 32 23 22 27 17 
13 23 27 27 20 25 21 12 4 20 25 26 17 36 31 25 17 22 29 32 21 14 34 19 26 20 25 17 31 17 16 28 17 40 29 34 5 26 26 39 13 43 40 18 24 25 21 19 24 20 18 19 32 22 9 21 28 26 41 27 29 34 30 14 15 27 19 26 20 17 30 27 24 5 24 31 23 31 23 19 
24 28 20 32 19 22 19 21 14 19 35 30 18 16 17 27 26 23 15 25 28 29 33 23 15 17 24 23 14 25 15 32 20 16 16 26 12 27 14 40 11 23 20 20 37 21 24 30 35 36 19 16 36 28 18 23 24 15 37 36 22 29 22 11 17 13 18 31 25 27 31 14 32 18 27 30 21 17 22 16 
20 39 20 11 24 23 21 23 18 32 32 20 25 35 15 19 16 41 18 21 27 30 26 22 26 26 36 13 17 26 11 27 13 34 26 42 22 25 21 27 17 16 21 20 27 15 33 13 27 21 11 18 33 36 19 27 20 14 20 24 21 43 25 21 17 31 15 36 20 18 35 26 19 15 31 24 17 18 19 22 
28 18 33 28 19 22 22 18 18 21 37 17 17 22 17 33 25 36 30 32 28 33 30 14 21 23 34 27 35 23 15 35 15 20 30 26 14 25 29 19 13 27 17 26 22 16 15 13 23 24 26 22 23 24 23 9 26 17 33 21 17 38 23 18 10 45 21 28 26 20 25 15 30 9 55 47 13 22 22 16 
22 18 30 23 21 25 14 27 20 26 24 23 23 32 15 18 17 28 29 43 21 22 35 24 14 16 38 25 22 20 21 25 19 29 16 37 17 13 11 12 10 38 17 21 35 23 30 27 11 28 13 20 19 18 14 26 12 16 27 28 24 35 30 21 16 22 10 19 24 21 49 25 25 21 11 33 22 17 21 22 
25 30 30 22 15 21 5 20 21 24 25 22 15 21 24 28 28 24 19 30 15 22 27 11 16 14 34 20 33 28 16 39 27 38 23 43 14 16 19 30 15 52 30 25 19 25 31 29 26 20 20 17 26 16 20 21 36 21 35 24 14 23 17 18 17 22 14 34 31 18 17 21 37 20 33 30 20 37 15 24 
26 26 21 18 20 14 25 22 18 27 30 35 15 20 12 10 19 29 14 40 16 38 28 19 24 22 35 21 22 25 22 16 13 25 27 29 23 17 17 26 20 33 24 17 20 21 27 28 16 22 20 21 20 15 20 14 22 20 25 28 26 19 18 16 23 34 15 34 25 32 18 16 15 12 18 27 17 12 28 14 
14 30 29 27 25 20 12 17 13 23 16 28 17 22 13 18 27 19 33 36 9 28 32 24 27 17 23 27 31 26 20 33 23 29 26 27 14 18 26 24 19 21 21 15 30 23 22 28 30 33 19 15 39 18 21 20 13 26 24 21 21 37 22 14 19 30 13 20 22 18 21 21 33 17 23 27 13 19 26 14 
22 22 23 9 10 26 26 26 23 25 27 23 20 17 24 30 24 17 21 29 19 22 32 25 16 14 16 18 31 26 21 25 12 30 25 24 16 23 27 37 17 27 18 9 22 15 25 25 28 46 18 21 14 19 19 19 29 18 27 27 21 25 16 20 12 13 17 39 22 25 26 25 19 18 29 33 13 32 15 10 
15 14 19 32 21 15 15 20 20 20 21 25 18 18 8 31 22 37 27 29 15 37 30 19 26 28 30 8 27 16 24 12 22 28 23 18 17 18 20 53 17 42 16 18 15 28 34 23 13 31 25 14 40 14 13 20 22 15 24 19 16 25 27 17 17 23 14 14 29 35 30 26 22 16 38 31 10 37 21 17 
19 23 17 29 22 18 15 14 17 29 23 35 12 20 25 27 11 22 25 19 26 26 21 24 21 22 24 16 30 32 24 26 13 26 14 31 14 17 19 23 19 14 24 17 22 36 29 24 26 25 17 24 14 10 18 25 18 22 31 34 17 17 18 14 18 29 12 25 24 11 16 28 12 21 43 29 16 23 24 25 
16 22 23 24 12 21 13 13 23 19 30 19 17 25 17 20 24 33 30 11 28 30 17 6 10 17 27 23 25 20 15 27 26 39 18 14 13 28 5 9 11 19 23 20 17 18 37 23 27 29 29 10 32 29 23 25 15 18 29 23 25 29 31 13 8 25 18 30 15 26 29 11 18 18 34 29 18 30 22 19 
24 14 39 15 14 22 11 11 26 29 22 15 26 20 16 21 20 20 38 36 24 26 20 16 18 16 21 18 30 23 19 26 18 29 31 32 16 24 16 33 17 22 20 22 14 23 17 20 11 23 22 19 25 22 19 11 21 19 19 29 23 33 27 21 19 13 15 20 25 29 27 26 24 18 20 32 20 21 44 21 
23 25 24 21 7 29 30 19 18 24 24 25 20 30 23 21 29 25 24 11 27 31 31 31 22 17 39 27 29 23 19 30 20 22 23 29 16 30 13 44 22 21 16 19 38 28 28 25 25 19 16 24 36 17 14 18 29 30 30 16 24 25 19 17 20 22 18 35 15 16 31 19 26 19 36 21 18 37 27 25 

MachineCapacities:
MachineID Capacity
0 10
1 10
2 10
3 10
