NumTasks NumMachines NumScenarios
25 2 1000
TaskDetails:
TaskID ReleaseTime ResourceConsumption SuccessorsCount Successors...
0 0 4 7 1 1 
1 0 9 7 2 2 4 
2 0 6 3 1 3 
3 0 9 3 0 
4 0 7 4 0 
5 0 2 3 2 6 8 
6 0 1 7 3 9 10 11 
7 0 2 6 3 9 11 12 
8 0 7 7 4 9 10 11 12 
9 0 9 8 3 13 14 15 
10 0 5 3 3 13 14 15 
11 0 2 3 2 14 16 
12 0 2 4 2 13 14 
13 0 4 7 1 16 
14 0 4 4 2 18 20 
15 0 1 9 1 17 
16 0 6 3 1 17 
17 0 2 5 2 18 20 
18 0 9 7 1 19 
19 0 2 6 1 21 
20 0 7 4 1 21 
21 0 5 10 2 22 23 
22 0 7 5 0 
23 0 5 4 1 24 
24 0 8 7 0 

14 24 14 24 29 29 9 27 39 16 14 11 24 21 15 19 11 20 25 21 10 21 27 19 19 25 39 22 15 18 18 18 18 16 25 9 29 16 37 11 16 26 28 15 22 21 24 18 18 17 
9 30 33 24 43 27 23 16 26 11 18 21 18 32 22 18 26 17 22 13 25 15 16 16 20 15 34 11 20 13 20 15 21 37 23 21 22 15 26 19 16 33 39 21 13 37 29 29 20 27 
9 25 20 21 37 19 19 32 19 13 14 15 14 19 22 33 9 31 29 32 15 19 20 25 13 32 17 10 19 17 34 23 27 28 22 22 26 14 26 17 31 31 6 21 26 26 28 20 9 22 
28 25 35 17 24 27 14 25 19 19 20 20 11 18 21 17 17 27 30 21 20 27 31 15 6 28 44 12 11 21 25 11 22 29 34 22 20 22 30 23 21 34 47 19 24 35 36 19 17 26 
19 27 19 18 28 28 16 28 19 17 15 18 17 30 21 29 16 27 30 20 13 22 19 19 14 34 38 15 20 14 19 28 17 29 29 24 19 17 32 33 22 24 34 20 16 17 36 27 15 26 
21 31 24 15 25 22 11 17 32 11 16 18 13 36 34 19 13 26 18 11 11 26 33 23 11 22 29 17 13 16 21 10 18 27 30 17 24 19 36 35 36 37 13 14 27 23 29 25 16 23 
24 23 32 13 27 33 15 35 18 15 19 18 19 45 25 23 17 25 25 18 16 26 25 13 15 20 34 17 16 15 26 14 19 20 31 20 28 13 43 24 34 21 40 17 21 28 22 27 12 18 
21 19 16 19 29 9 22 22 32 11 16 22 15 29 29 42 13 29 26 27 17 26 19 15 13 15 46 13 26 11 33 15 23 17 28 21 22 22 23 18 18 21 30 18 17 39 38 29 26 19 
30 7 17 8 29 23 11 33 23 16 18 16 10 19 14 31 19 27 8 13 21 21 31 19 11 35 14 9 19 14 19 12 9 15 30 12 18 16 39 24 22 20 18 13 27 16 36 24 13 26 
26 45 12 19 30 19 18 33 25 13 9 9 15 32 27 13 19 28 20 14 18 29 17 11 18 31 19 21 20 19 28 13 22 38 20 21 13 12 32 10 35 40 28 23 40 22 37 22 18 19 
23 32 12 17 28 28 15 12 11 18 7 17 12 32 24 24 23 32 31 9 13 21 24 19 11 24 43 13 16 17 20 9 22 24 24 14 16 9 28 16 25 30 39 23 28 39 15 33 18 27 
17 34 15 20 11 27 19 39 24 9 25 17 8 26 24 22 25 27 19 27 17 26 32 15 19 24 30 14 18 20 24 13 28 26 31 17 23 13 36 31 25 17 33 16 25 32 23 26 23 23 
13 23 9 14 36 16 11 19 26 13 8 18 16 34 26 5 24 27 31 24 9 23 30 9 10 16 36 17 15 11 25 22 17 38 35 18 32 21 38 29 34 26 32 25 26 24 17 26 20 23 
21 25 27 24 50 29 9 22 15 15 13 25 14 22 38 27 18 31 26 29 21 22 21 16 12 27 23 20 12 18 14 17 16 37 27 18 10 15 32 40 24 25 18 17 27 31 43 38 25 27 
27 32 18 17 40 28 21 20 37 13 22 24 13 29 24 46 20 28 20 22 15 35 27 18 19 19 20 21 16 19 27 14 16 23 44 20 23 20 34 25 17 34 40 27 19 34 32 19 28 24 
16 32 15 12 28 23 20 29 30 17 14 16 19 36 13 33 30 7 25 30 13 25 18 12 11 43 33 9 1 18 40 22 25 21 27 14 12 22 19 21 20 26 17 17 22 47 39 24 18 19 
17 26 17 18 43 27 21 32 32 19 18 26 17 23 17 45 31 28 25 28 10 30 24 22 8 29 23 22 16 19 31 13 22 26 27 18 24 16 24 26 33 29 32 29 26 32 26 13 18 22 
25 39 14 15 31 21 13 38 23 14 18 17 10 22 23 18 28 31 27 2 16 9 37 21 15 15 31 14 11 18 31 17 20 21 31 19 26 19 24 21 26 41 32 20 19 24 38 31 14 30 
13 35 25 20 20 20 19 31 31 16 14 12 27 50 20 13 22 27 17 22 14 18 29 20 12 25 23 17 24 16 40 11 10 34 25 17 35 18 30 29 26 45 20 17 26 21 21 14 14 21 
22 26 25 15 36 21 15 20 37 13 12 18 29 31 27 25 27 31 20 34 13 17 14 18 15 24 45 20 20 12 27 23 17 15 10 18 23 17 23 36 26 27 41 13 16 21 25 20 17 24 
21 20 22 12 27 27 10 32 19 20 26 18 14 21 32 30 15 30 36 15 17 30 17 24 13 17 25 16 14 22 21 21 24 22 18 20 20 19 33 18 24 24 34 22 31 22 16 26 17 12 
25 30 23 12 28 21 12 26 20 21 13 17 15 43 26 31 24 36 13 17 18 31 22 25 3 29 29 17 14 16 26 22 23 23 32 20 28 13 36 29 34 40 33 14 28 10 38 9 13 30 
19 25 22 14 33 23 11 24 21 17 18 18 16 30 28 24 22 11 20 17 4 30 15 20 14 21 31 16 14 19 40 19 14 32 27 12 28 10 36 23 21 36 31 19 24 32 31 16 22 21 
20 27 9 28 17 32 9 15 22 15 15 14 19 17 13 25 30 9 24 19 12 35 15 13 14 18 36 12 22 20 33 18 17 30 26 22 16 19 27 32 12 36 24 19 21 31 37 17 26 17 
19 19 28 15 33 25 14 35 23 16 17 14 25 33 26 29 30 38 20 24 14 18 29 19 20 23 31 13 15 17 25 20 14 23 36 16 11 9 29 38 33 21 25 12 19 23 26 24 25 17 
20 5 12 14 37 24 11 19 17 11 19 18 12 37 27 29 20 31 32 12 20 29 39 19 19 22 12 20 20 16 37 16 23 11 25 14 25 9 25 24 26 16 23 23 15 41 34 20 20 19 
16 18 15 25 39 21 21 22 22 14 11 19 17 27 23 20 16 37 16 18 26 17 33 21 13 21 16 15 20 21 19 9 22 24 29 21 26 20 36 32 18 23 43 26 33 29 28 24 18 28 
13 19 24 20 19 21 17 15 15 18 14 19 22 20 30 16 17 37 34 26 18 13 27 22 10 23 30 20 15 17 25 14 11 42 22 23 32 23 36 36 17 26 18 22 11 26 30 18 18 28 
27 18 38 16 24 17 24 33 26 14 19 19 15 44 14 31 18 26 25 18 12 27 26 14 18 33 32 16 15 23 33 20 19 29 23 22 22 15 21 25 30 14 37 23 12 29 24 14 15 21 
26 23 24 25 28 20 23 23 17 20 23 24 10 28 12 20 18 37 26 17 11 32 35 22 8 32 30 13 25 12 11 21 22 43 21 16 25 17 39 31 21 25 32 25 18 29 28 27 16 20 
23 34 28 19 25 20 20 32 18 14 16 18 27 32 26 22 17 37 16 7 14 31 29 11 17 38 24 14 8 20 20 16 23 41 39 15 26 22 14 13 30 16 26 19 33 26 36 39 6 15 
14 29 18 27 29 17 15 22 26 9 16 23 25 34 13 20 23 28 45 17 18 24 30 22 17 22 31 16 9 22 36 10 20 22 32 19 17 22 30 22 23 35 39 22 22 17 38 33 4 29 
23 26 14 22 34 16 18 23 29 20 15 15 18 35 16 17 11 18 17 17 13 30 24 21 20 29 27 17 12 11 20 12 22 38 32 22 10 11 28 27 13 34 36 17 17 18 35 25 11 25 
14 16 19 24 28 18 3 29 32 16 19 18 20 20 26 19 12 21 15 29 21 24 32 18 17 13 6 15 25 20 7 12 11 22 30 16 20 26 43 20 19 32 21 29 21 34 32 23 18 16 
16 35 19 14 25 20 7 21 17 17 15 12 25 30 28 30 19 36 27 18 15 18 21 14 14 15 18 21 8 17 39 11 22 43 35 26 31 22 37 34 29 12 23 20 21 20 29 35 19 22 
8 32 29 17 34 25 16 30 35 14 17 13 13 23 28 34 17 14 44 18 6 16 26 17 15 19 32 18 15 13 18 19 15 23 23 22 19 12 19 29 18 15 30 28 9 32 22 25 16 23 
29 10 18 17 18 16 25 23 15 23 12 27 9 11 34 33 8 19 22 16 20 21 24 18 14 17 18 17 17 12 23 18 11 22 32 22 25 20 28 24 18 29 25 28 24 28 27 29 15 29 
31 22 17 20 39 19 30 32 31 14 20 14 11 27 32 19 21 15 22 17 14 25 25 11 11 17 38 22 18 13 27 25 16 24 34 15 22 13 24 21 25 37 32 15 23 41 16 5 19 33 
14 25 26 15 34 14 12 33 19 17 12 19 19 18 24 20 28 28 22 17 17 32 30 26 15 26 20 18 19 12 38 21 3 19 41 23 19 17 25 34 30 24 38 18 31 15 32 15 17 25 
30 18 26 15 25 26 12 22 34 16 25 21 23 33 28 24 25 31 31 16 15 11 33 18 13 32 21 5 20 17 34 14 21 18 41 15 22 19 43 21 13 23 32 23 19 12 33 26 12 20 
16 18 14 20 42 23 12 16 18 12 14 18 25 44 31 20 17 23 32 20 22 23 27 13 14 22 38 11 16 12 43 11 24 25 23 21 26 12 37 17 31 25 33 15 20 38 29 14 15 27 
17 51 34 21 32 32 26 22 23 16 16 31 22 33 27 16 23 28 17 20 21 30 23 13 14 30 49 12 19 22 22 15 22 31 26 20 29 16 19 30 40 26 24 15 21 24 42 26 4 26 
27 27 17 10 16 30 15 32 13 17 14 15 12 38 16 21 28 8 37 31 17 32 16 16 20 29 13 12 20 14 39 29 24 33 18 15 18 13 25 26 20 20 36 18 24 37 28 17 23 19 
21 20 24 26 19 16 18 29 11 18 16 23 26 40 31 25 14 20 19 20 19 36 33 12 16 18 33 23 21 20 23 25 20 14 25 14 25 20 34 36 30 28 32 18 13 43 30 23 24 23 
11 28 24 17 33 16 11 30 19 27 10 25 16 27 15 25 32 21 26 20 8 27 31 20 12 34 34 14 13 21 29 22 25 25 31 16 31 17 31 22 34 41 31 26 24 38 24 21 15 22 
15 26 16 10 19 12 18 30 28 12 10 20 15 19 18 28 28 20 21 20 17 28 21 17 19 24 43 14 20 14 33 21 27 21 32 12 29 26 34 31 26 21 22 25 28 16 19 29 19 18 
21 22 16 16 32 18 12 36 18 19 18 7 18 43 27 34 18 26 32 23 17 27 20 16 16 17 30 19 15 16 25 12 20 31 35 23 17 16 20 27 22 27 30 18 23 32 29 26 11 14 
15 19 18 12 25 29 28 31 23 16 17 13 23 15 15 37 20 30 17 25 22 25 24 18 15 31 28 18 18 15 30 7 17 25 23 20 30 11 29 34 41 34 29 12 24 39 21 46 15 19 
20 31 17 16 20 29 17 18 14 22 16 21 9 26 11 28 16 27 32 25 19 31 27 21 17 31 33 15 16 10 33 15 23 35 21 27 20 19 30 30 24 15 39 18 12 24 20 33 22 18 
27 28 16 18 22 27 15 24 25 17 17 21 16 28 29 24 8 25 24 25 17 32 18 10 18 34 30 12 13 15 17 28 22 32 25 11 19 17 31 24 33 33 32 23 26 23 30 25 25 25 
6 23 18 16 29 25 9 27 12 15 17 12 23 30 28 18 25 23 27 29 15 31 28 4 17 27 20 16 9 15 21 19 19 33 18 21 33 13 20 31 31 18 30 20 19 39 30 29 15 17 
29 30 25 25 35 16 20 38 24 11 16 25 13 48 14 30 11 38 39 17 20 36 15 25 21 22 28 17 23 16 25 23 19 18 22 17 17 17 22 38 19 25 33 31 23 39 33 22 10 21 
32 29 17 21 19 13 15 27 18 13 15 23 24 23 24 27 24 23 30 17 20 19 37 15 17 29 18 15 15 17 44 18 23 17 27 22 18 19 30 16 30 25 27 23 26 26 28 17 13 22 
25 27 23 11 42 21 15 24 28 16 14 18 22 24 26 21 27 28 24 31 8 31 23 21 16 38 27 16 24 20 23 16 17 25 33 17 42 17 54 22 26 30 41 27 24 33 28 20 17 14 
23 35 40 23 43 20 19 25 19 18 16 17 19 22 19 23 29 26 24 20 17 22 15 14 18 25 30 19 17 18 25 17 22 25 29 14 26 20 15 35 18 38 27 22 17 19 29 28 27 31 
18 22 15 12 30 37 11 25 31 17 11 19 29 39 14 32 26 35 27 32 19 27 15 14 14 31 40 18 15 14 30 19 23 17 27 17 24 15 33 32 25 38 37 23 24 36 38 24 10 29 
20 17 21 26 30 24 17 6 23 19 15 14 25 15 17 32 20 16 23 18 17 23 31 25 17 24 35 14 21 22 23 22 19 25 26 18 20 20 23 24 18 16 20 23 30 30 31 36 20 36 
28 29 29 5 17 29 17 11 14 14 9 17 27 36 22 24 18 25 28 12 15 18 22 16 17 33 41 15 14 23 26 19 24 23 23 20 20 14 27 16 27 35 24 12 16 26 39 20 11 34 
30 36 28 15 37 15 13 25 12 14 10 15 30 50 31 29 18 35 30 26 15 18 14 19 20 33 31 13 19 25 17 10 24 26 27 21 26 18 38 23 14 26 14 30 27 23 22 29 14 17 
27 21 15 20 19 13 18 23 30 15 6 23 26 46 23 9 20 26 28 14 19 9 28 25 18 26 29 15 8 14 29 10 19 26 21 33 20 12 46 51 24 12 32 20 29 22 27 33 12 25 
25 26 31 18 26 27 15 19 12 22 21 12 22 32 23 21 17 40 24 26 11 32 26 16 11 31 31 12 19 19 19 23 12 16 12 22 24 18 28 18 21 33 28 9 26 44 24 16 17 22 
29 28 17 18 20 28 15 30 31 19 11 19 21 38 19 27 31 31 21 30 23 36 27 28 18 19 41 11 17 18 29 22 16 23 24 14 29 21 35 29 23 41 20 17 10 32 32 16 16 30 
37 19 24 21 22 9 24 15 34 21 14 21 20 28 25 34 21 41 32 15 21 24 40 17 16 13 33 19 18 16 29 10 31 17 29 23 27 18 31 34 16 26 21 23 22 30 28 23 18 20 
26 23 26 10 40 27 16 17 34 20 19 25 20 28 20 25 23 20 28 29 9 18 29 15 10 24 26 15 8 17 28 23 22 29 23 19 19 19 31 24 22 37 35 16 4 20 38 29 17 12 
22 27 35 9 25 18 17 22 24 12 13 15 27 21 24 14 12 31 39 16 19 28 28 16 12 24 31 22 33 17 27 25 15 20 25 17 21 20 8 27 20 41 21 16 20 23 36 21 18 21 
31 44 28 20 33 24 19 21 24 15 16 21 22 37 24 26 17 26 8 16 18 24 19 28 21 21 22 17 20 17 30 14 21 27 36 9 24 15 30 24 31 32 24 14 27 25 34 24 24 20 
13 44 32 17 6 15 27 28 29 19 16 17 15 36 30 31 14 25 31 9 15 22 39 18 12 28 29 18 16 16 28 18 20 20 34 18 27 16 33 31 26 13 19 24 19 25 31 27 18 19 
17 40 21 13 32 18 20 26 27 13 17 16 13 29 18 29 17 47 32 25 12 18 36 24 17 24 41 12 23 21 38 14 22 27 27 20 27 20 40 34 20 39 12 22 27 19 28 27 11 30 
17 26 12 17 25 24 12 19 22 21 20 12 24 29 25 34 9 25 28 19 20 37 47 18 19 23 35 19 17 14 32 17 17 32 28 16 33 18 40 28 20 31 41 20 16 36 32 8 21 26 
32 31 18 7 25 23 16 25 25 14 20 32 18 28 14 27 21 24 15 15 13 23 30 22 8 23 20 11 23 14 30 24 23 29 18 22 23 12 26 27 23 25 25 18 26 34 19 26 26 33 
16 39 23 19 30 16 16 24 19 13 6 25 22 30 29 23 24 46 13 24 13 27 14 24 7 21 28 11 9 19 23 24 26 38 39 12 29 21 16 34 29 46 35 17 40 43 26 26 12 26 
7 13 24 25 23 29 10 30 27 16 6 15 24 39 27 20 20 23 31 20 18 13 15 11 13 20 23 17 25 23 30 15 23 19 29 14 31 16 29 39 38 29 28 22 25 22 20 24 25 35 
22 30 27 19 11 25 25 20 20 14 19 13 23 36 21 36 35 17 18 18 12 28 12 21 9 25 23 13 12 15 40 23 10 22 34 31 13 20 33 33 29 33 38 21 20 33 16 13 16 24 
24 47 26 19 35 19 23 18 23 19 11 24 6 36 26 26 25 21 32 26 13 28 27 13 5 34 20 19 19 14 9 27 20 24 39 20 23 15 10 38 24 32 14 17 24 35 19 33 11 26 
29 15 19 21 29 19 16 28 27 21 18 20 16 17 20 27 16 26 29 19 15 14 29 12 17 38 15 18 22 12 30 10 27 31 24 20 15 15 37 21 21 20 30 21 21 14 29 15 24 14 
38 33 15 13 24 32 19 29 18 14 18 20 16 41 21 23 24 27 33 29 16 30 32 17 15 25 41 11 12 12 30 15 15 33 25 28 23 13 19 24 17 37 26 25 26 32 18 24 19 21 
10 27 27 26 31 22 10 21 19 14 9 32 19 29 22 33 22 37 17 24 13 27 27 11 17 19 31 18 16 13 31 16 11 34 25 12 25 12 25 28 22 32 32 16 23 44 28 24 10 28 
24 42 14 11 38 26 4 27 20 12 20 18 26 43 14 9 16 35 30 18 15 22 29 16 12 37 25 23 24 20 39 22 17 15 34 13 21 18 29 24 25 23 18 14 21 26 32 22 20 15 
20 11 23 10 30 22 24 33 10 14 19 21 8 25 20 23 16 19 25 18 16 21 33 18 11 13 34 16 24 16 24 24 9 31 29 26 23 14 27 25 16 28 25 20 30 30 43 25 17 16 
27 37 19 25 31 17 19 23 15 14 15 16 22 34 19 23 17 22 25 16 15 39 23 21 18 19 26 17 16 17 30 20 25 33 38 24 18 16 31 31 17 35 26 14 21 15 27 34 25 28 
27 39 16 19 14 25 13 29 31 13 17 26 25 36 27 15 25 24 29 30 20 28 9 25 12 25 28 19 22 7 26 19 20 30 36 23 12 11 27 41 20 31 30 17 29 24 30 29 14 26 
22 35 23 20 20 23 13 16 20 18 6 20 22 36 15 29 14 24 31 21 12 19 25 24 20 29 33 18 13 16 10 23 18 33 24 18 17 18 23 38 16 42 43 16 22 46 31 28 18 12 
12 26 21 14 33 10 17 28 34 13 18 19 12 32 26 19 19 36 31 15 13 18 30 18 20 24 22 6 23 18 26 13 17 24 26 22 14 16 37 23 20 20 37 29 27 28 29 22 14 24 
16 22 35 23 16 12 15 29 11 22 14 21 18 27 27 21 24 21 34 25 17 32 28 10 9 24 32 12 21 17 22 16 24 27 23 20 31 12 29 42 22 22 28 27 14 22 38 25 25 17 
11 31 18 13 38 17 12 23 23 15 13 22 20 23 23 35 13 29 45 16 11 17 38 10 14 25 27 9 20 22 38 12 14 17 26 23 17 9 11 18 20 32 30 23 19 29 28 25 10 13 
18 27 30 11 23 21 19 30 15 17 11 10 19 53 38 30 18 34 24 24 16 28 23 16 19 35 11 20 14 16 35 9 20 21 23 17 14 26 32 21 20 20 40 16 27 15 36 17 19 16 
28 29 18 16 25 26 24 21 23 23 17 9 20 40 24 21 21 21 37 14 16 19 32 21 13 26 26 13 15 23 32 19 29 32 18 18 12 24 45 29 26 36 18 20 25 40 39 18 29 22 
20 35 17 28 24 18 13 27 23 18 19 13 16 37 34 26 25 34 25 19 15 14 20 23 4 30 19 10 11 13 11 21 19 23 27 16 37 14 24 31 21 25 30 23 19 20 41 31 16 16 
23 23 27 19 25 28 24 34 32 17 9 10 16 33 35 25 20 33 26 15 18 27 36 20 7 24 37 7 10 9 22 21 13 35 39 25 15 22 48 23 23 24 24 15 30 48 32 29 11 20 
19 27 27 20 39 25 17 15 21 13 11 7 16 40 26 29 21 28 19 15 18 26 17 14 20 28 28 16 17 23 23 10 24 31 20 22 29 16 34 32 29 26 29 19 23 28 56 25 17 19 
19 29 28 21 30 14 10 18 26 20 12 15 16 26 15 23 25 40 13 22 13 18 23 20 20 35 27 12 14 15 32 21 24 39 19 12 22 17 29 30 28 24 40 16 23 17 31 23 16 16 
18 28 9 25 31 17 4 29 21 15 17 25 20 26 26 38 24 30 25 20 12 34 28 11 14 27 11 14 10 12 13 27 18 32 41 15 13 16 26 17 34 18 36 22 18 19 21 17 9 17 
19 33 12 18 35 26 18 34 17 17 17 21 13 20 22 23 16 21 30 27 14 15 30 19 16 30 38 11 10 17 26 8 18 28 33 22 21 16 24 24 24 45 16 24 16 27 37 30 16 30 
27 38 12 12 14 10 16 33 22 14 10 20 21 41 27 20 21 24 20 18 13 27 26 12 21 28 52 21 20 16 22 16 15 33 26 19 20 13 25 36 24 33 30 17 31 20 22 27 20 26 
27 35 22 11 15 10 12 23 32 17 17 19 13 28 17 41 17 27 21 26 9 22 25 17 12 24 33 17 20 17 18 21 18 24 23 16 29 20 14 32 21 31 29 18 26 13 32 20 20 23 
22 18 25 22 31 20 13 22 16 16 13 16 12 36 30 13 21 34 33 11 10 38 28 13 17 17 32 13 14 16 17 20 23 21 31 19 19 16 23 19 27 24 45 23 17 26 15 20 13 11 
28 28 19 17 38 20 19 32 17 19 20 22 14 44 28 16 20 20 28 22 17 15 37 20 15 9 28 14 22 14 26 21 24 22 19 8 17 14 31 34 24 24 31 16 13 26 26 15 27 25 
11 37 16 17 51 24 19 30 25 16 16 19 7 39 27 25 30 25 26 23 13 29 17 19 23 45 11 8 16 19 27 19 19 32 23 30 20 16 32 36 24 24 37 14 19 27 27 29 18 19 
20 34 20 23 36 12 19 20 24 17 14 18 20 20 17 31 24 43 26 18 13 19 30 25 10 22 27 15 17 24 16 19 15 17 14 23 13 15 31 28 11 23 33 23 21 24 22 22 23 27 
14 25 6 22 19 12 21 31 25 18 17 22 24 16 26 25 23 26 25 19 18 25 17 22 15 30 20 13 17 12 34 14 21 29 13 18 16 16 31 20 21 24 26 8 17 28 33 19 6 25 
23 39 24 19 24 34 17 27 28 7 15 10 26 32 12 39 23 31 29 31 16 31 24 26 18 24 25 11 17 19 25 14 12 36 31 13 23 14 20 26 28 34 35 22 25 30 23 17 19 33 
32 28 22 16 33 21 13 24 23 16 15 12 14 26 21 21 41 33 20 19 18 18 28 20 17 40 23 15 17 12 36 17 15 24 22 13 13 8 27 28 20 27 31 17 30 20 25 35 7 25 
26 27 16 15 41 15 12 37 34 20 17 24 20 33 25 30 14 25 36 8 14 29 41 16 15 28 42 13 16 19 27 14 24 28 26 20 27 18 39 21 26 31 26 37 25 38 46 18 17 35 
29 32 33 22 26 16 17 37 16 20 14 17 17 23 25 31 13 13 15 25 13 33 21 14 9 32 34 14 11 17 15 12 15 20 22 10 21 14 30 37 19 35 19 14 30 28 26 24 15 15 
14 21 23 20 27 16 18 19 24 12 11 19 21 31 25 23 13 11 17 17 19 29 17 15 20 27 41 17 8 16 30 18 10 17 22 26 27 20 38 28 14 26 20 10 21 32 21 21 17 29 
15 34 27 19 27 21 11 29 24 19 14 22 26 28 31 43 25 26 26 12 15 14 28 15 20 28 20 8 17 24 31 19 21 27 28 16 25 15 20 14 29 35 32 25 15 27 28 16 10 19 
22 28 30 19 47 20 24 15 19 22 16 9 17 28 33 36 15 17 15 9 16 17 34 13 18 32 15 12 19 14 23 20 23 21 40 28 31 17 32 16 16 17 38 10 26 33 17 24 23 31 
7 20 17 24 36 32 20 14 28 15 14 16 21 36 28 29 22 36 29 34 19 28 34 16 13 24 37 15 18 16 34 17 23 27 20 11 22 18 45 32 35 19 28 25 26 51 20 28 15 21 
22 33 12 20 36 25 22 20 31 20 11 19 23 29 19 43 23 41 27 15 17 24 22 24 15 29 43 13 24 17 28 16 26 25 39 19 18 15 26 20 26 21 46 13 32 23 30 35 19 18 
19 45 15 14 27 23 10 24 20 24 9 18 8 22 24 34 15 24 35 31 19 15 19 25 16 18 28 18 22 9 30 14 15 20 23 20 21 18 31 23 25 29 29 29 23 46 31 34 15 26 
28 22 22 15 13 14 20 33 34 13 17 20 9 25 14 19 24 13 26 21 5 13 30 12 17 20 14 18 28 18 27 16 11 34 17 16 18 17 14 20 14 22 29 26 25 27 10 24 19 31 
20 13 19 21 26 25 20 18 21 22 17 19 23 27 19 27 24 27 32 21 9 18 24 21 12 20 19 18 12 12 18 26 16 26 29 21 18 21 31 31 19 22 23 22 22 13 29 27 12 14 
17 18 21 16 29 28 11 36 23 19 17 9 14 28 18 16 25 34 20 11 21 28 22 10 11 23 40 14 15 13 19 20 25 27 26 20 29 16 43 20 24 25 19 24 28 41 20 37 8 23 
20 23 25 15 42 20 16 30 17 18 12 15 19 20 34 33 16 27 22 20 20 18 25 19 7 29 31 14 8 10 29 16 16 25 23 27 26 16 22 17 20 24 13 15 24 44 32 19 24 12 
26 20 30 17 24 18 23 25 29 17 14 20 22 39 24 14 23 21 9 23 12 22 23 23 20 16 22 16 20 19 26 18 25 33 37 24 26 24 25 15 16 22 40 15 25 17 29 19 17 24 
16 29 15 18 21 25 21 16 12 15 13 21 23 23 20 25 19 36 32 20 16 29 28 12 20 29 21 21 16 15 19 18 8 33 30 15 19 16 34 28 19 31 26 23 24 21 17 26 11 24 
28 30 17 23 30 12 21 24 19 19 15 8 21 32 23 30 17 35 25 26 15 22 14 17 10 35 38 22 18 16 27 25 17 26 31 22 25 15 25 35 28 26 33 20 14 32 26 25 14 19 
21 27 27 24 41 20 10 30 21 15 11 23 10 20 8 37 12 22 18 13 10 30 34 13 15 27 30 19 24 19 27 10 19 30 35 8 18 17 37 33 23 19 34 23 17 28 30 26 19 22 
30 26 21 19 32 25 18 22 30 21 11 21 20 29 20 36 13 23 29 29 14 30 26 18 14 12 12 15 20 17 13 13 17 35 32 10 22 16 16 21 19 37 27 19 8 27 30 24 17 24 
22 16 23 15 24 28 21 13 22 15 18 14 16 31 31 26 19 39 20 21 10 23 28 15 14 18 23 12 10 11 24 10 22 27 21 13 18 22 17 43 30 32 25 24 21 20 29 12 20 21 
21 27 19 9 39 27 20 23 19 15 18 12 13 42 23 26 13 28 24 25 13 23 25 22 14 23 19 10 24 15 23 21 17 29 31 19 22 19 32 24 25 33 30 24 25 28 27 29 12 24 
13 17 24 9 29 14 13 22 28 19 6 19 11 35 22 38 20 25 17 20 18 9 33 19 11 34 16 15 13 27 32 14 28 29 20 12 23 11 22 18 24 32 36 25 32 14 15 36 22 21 
21 31 19 23 24 26 19 29 25 10 16 16 18 44 29 32 22 41 33 22 19 18 41 18 14 31 41 15 18 10 21 16 11 20 34 16 15 13 32 29 20 16 37 25 28 29 20 32 16 8 
23 27 22 27 24 19 18 31 29 21 18 22 21 31 21 24 28 16 33 19 13 19 21 19 15 17 27 18 29 26 31 27 19 21 18 17 25 19 27 28 12 35 17 12 26 29 34 31 15 9 
16 38 30 14 15 13 3 22 24 18 15 25 13 46 21 34 16 29 22 12 16 27 29 17 12 30 34 15 15 19 21 20 12 18 25 18 26 9 10 31 24 25 33 23 26 28 29 32 15 31 
9 27 27 18 21 30 21 24 15 16 23 21 20 27 12 20 6 36 26 17 12 30 20 20 15 9 32 16 21 9 34 9 20 30 25 18 26 18 32 35 39 25 20 20 29 25 33 30 23 14 
25 31 27 23 29 28 14 23 27 24 17 16 18 18 18 20 24 29 20 26 16 23 25 18 22 34 32 10 18 16 24 18 12 38 33 16 24 20 32 47 39 38 37 16 15 41 26 28 14 27 
17 21 23 10 26 28 18 3 32 16 12 15 14 34 27 23 19 20 34 22 14 21 26 16 11 38 13 21 11 13 31 20 26 9 23 18 23 14 35 26 19 31 21 20 16 31 18 34 21 24 
33 35 17 25 41 24 25 32 16 18 13 14 16 31 22 24 19 17 20 15 16 20 27 16 17 21 23 14 21 16 31 17 15 23 27 18 28 16 34 36 18 12 25 28 34 28 34 11 16 25 
16 35 14 20 28 24 14 30 23 18 11 18 22 27 19 28 25 16 13 9 15 33 28 20 20 18 25 9 18 5 16 14 30 30 34 26 20 15 46 19 11 35 26 24 14 20 22 25 25 27 
29 38 18 11 29 20 22 38 27 17 16 15 9 25 23 32 25 22 38 27 15 18 26 15 19 22 18 20 16 19 27 20 12 27 32 14 17 15 34 24 24 25 36 18 6 34 28 17 15 24 
15 36 26 21 40 23 19 27 38 13 17 20 18 33 27 28 21 20 24 19 18 27 35 12 14 31 21 18 13 11 13 18 21 18 26 19 23 15 44 24 25 19 21 25 16 33 31 19 13 15 
17 32 22 14 27 18 21 30 17 12 17 24 21 28 32 25 30 27 17 21 20 22 23 18 10 24 22 9 23 19 33 22 20 21 37 25 18 14 21 27 23 23 19 19 26 34 30 18 7 21 
34 14 21 17 38 24 23 21 25 17 14 23 22 24 35 24 12 28 29 26 9 23 39 11 13 25 15 9 15 18 38 15 21 27 49 24 23 13 34 44 17 13 26 11 23 33 22 30 24 24 
21 36 15 18 26 23 12 39 28 13 5 20 14 33 26 20 9 31 16 22 10 21 36 18 15 31 24 16 15 8 16 11 19 20 31 19 9 19 35 20 21 27 31 18 38 24 32 38 18 31 
7 22 24 16 13 16 22 31 20 20 17 17 15 35 20 25 30 25 13 14 10 33 17 15 18 17 27 11 15 23 29 26 27 24 38 17 24 16 47 47 28 38 31 26 27 15 38 21 16 25 
29 27 19 20 44 19 13 27 19 14 13 21 20 11 33 17 23 23 30 19 16 36 15 18 14 27 23 14 12 16 20 11 22 34 24 19 26 15 27 29 23 30 25 11 21 33 25 21 19 16 
32 34 19 22 35 31 14 33 24 12 19 17 7 28 28 41 32 16 21 21 13 31 34 14 18 32 29 14 20 17 30 10 13 14 22 17 19 16 40 24 15 13 18 22 27 21 27 21 18 31 
29 25 12 27 36 16 19 37 21 20 14 19 10 26 32 38 22 34 29 24 12 23 16 24 12 30 12 16 20 13 37 26 28 29 28 19 30 17 22 2 27 24 29 19 22 38 31 28 16 25 
11 23 22 15 37 19 25 20 24 16 12 17 22 42 19 25 17 28 24 18 13 16 37 25 18 23 27 17 20 16 33 24 25 28 22 16 34 19 37 33 25 43 34 13 18 31 35 32 9 9 
21 35 20 15 27 24 19 37 16 16 15 24 24 22 22 25 16 21 24 15 16 25 25 31 17 23 14 20 23 16 26 22 21 19 32 20 33 16 16 12 17 31 26 28 20 34 33 18 17 8 
25 14 25 23 46 16 23 16 15 12 13 22 15 42 19 24 20 25 28 16 10 16 31 22 17 29 41 13 32 12 23 16 26 18 9 29 22 13 35 38 27 30 22 16 18 23 42 22 20 14 
21 21 25 10 37 22 20 31 22 18 23 21 10 35 28 23 25 36 18 18 11 31 18 18 8 33 23 15 18 16 29 10 13 32 23 23 16 16 36 23 32 18 21 26 22 32 35 17 8 16 
23 20 29 13 21 30 19 40 23 20 17 22 22 34 23 25 13 36 21 22 15 34 20 19 18 32 25 17 10 19 34 5 22 34 12 25 25 16 32 19 18 14 31 26 25 34 27 29 23 16 
16 24 15 12 33 16 6 16 29 14 12 14 28 33 25 43 34 18 25 18 18 10 23 11 23 23 37 19 15 14 19 23 22 19 30 21 27 15 20 40 25 37 23 17 21 27 20 25 21 18 
15 14 30 22 42 21 13 33 15 19 20 19 15 17 31 25 27 25 17 20 17 27 24 15 21 20 32 14 8 15 29 20 15 42 4 14 20 13 23 29 21 44 43 16 28 25 40 12 23 23 
19 40 27 22 33 24 18 23 20 19 18 18 17 27 31 34 18 41 26 31 19 28 28 12 17 22 13 15 25 11 43 15 24 29 33 27 25 16 47 41 17 28 32 20 11 24 30 17 21 17 
23 27 22 19 10 22 26 27 22 8 19 22 27 23 25 17 25 6 25 25 18 27 21 26 19 33 18 14 15 11 20 16 18 33 27 30 17 12 36 18 22 17 33 18 18 23 31 22 14 23 
25 26 29 15 30 26 19 33 26 10 11 20 24 30 14 28 29 39 33 25 17 26 19 19 15 36 26 15 17 9 30 15 25 31 14 14 19 8 50 29 22 35 31 23 22 27 22 20 24 13 
26 31 25 15 53 14 18 36 19 20 9 24 21 18 29 34 10 24 16 24 14 26 23 24 9 25 27 15 20 18 15 14 23 22 31 27 28 13 23 22 23 30 28 20 25 35 28 21 18 21 
25 7 23 8 17 24 20 17 28 23 16 13 22 12 32 31 22 20 21 15 26 30 38 19 13 33 44 10 16 15 18 16 24 18 32 15 21 18 18 32 22 43 38 24 14 9 17 20 24 17 
17 16 24 17 44 11 20 40 31 12 11 16 22 28 29 26 19 20 29 22 12 21 27 18 16 27 17 16 16 21 23 21 19 28 21 23 21 13 38 20 32 21 36 16 32 27 28 17 23 23 
27 30 12 10 31 24 23 35 12 14 8 12 23 29 22 32 17 35 23 33 12 18 26 16 16 28 29 16 11 14 38 19 19 25 29 20 20 14 36 12 19 36 32 13 22 35 24 22 24 15 
13 27 16 19 36 29 12 9 27 14 13 21 21 43 26 14 33 27 22 25 12 15 9 13 18 31 39 16 24 13 27 22 20 36 26 29 21 16 34 24 19 21 15 14 30 13 35 15 17 21 
15 28 21 20 39 15 14 26 30 24 11 20 20 28 29 17 14 29 21 17 8 29 20 18 11 23 22 16 26 7 22 14 26 24 27 16 25 16 36 9 13 14 22 23 24 20 29 26 12 14 
18 37 19 27 38 13 13 24 24 15 20 23 16 38 12 34 29 23 29 21 14 16 23 20 20 29 21 13 22 13 21 14 18 29 40 11 30 17 32 28 33 33 20 14 14 20 26 22 9 21 
20 27 18 20 33 19 11 16 21 21 10 15 22 36 30 33 16 29 20 21 14 20 22 13 9 30 27 18 17 17 20 19 18 30 38 18 27 13 28 32 26 30 22 19 22 24 20 16 24 29 
26 20 17 19 37 23 15 24 4 9 16 10 16 23 28 16 23 24 29 13 13 24 25 13 20 15 29 18 23 17 16 14 19 15 22 21 28 14 24 25 33 31 38 18 22 27 24 22 27 20 
19 27 26 24 32 21 7 13 18 8 11 21 22 30 22 22 17 36 18 21 11 23 25 14 16 29 30 11 16 19 33 24 25 18 38 17 26 14 32 26 28 31 30 29 15 20 42 22 23 21 
19 24 18 10 23 23 6 33 24 23 18 24 13 29 31 23 13 41 15 30 6 28 25 22 17 32 41 13 7 25 34 24 20 25 26 21 31 16 36 29 15 14 34 15 22 28 5 24 17 24 
31 30 14 16 24 18 7 28 30 21 13 26 15 17 20 33 20 27 22 28 14 27 10 17 14 27 37 10 19 7 32 14 19 34 12 14 13 16 23 14 22 25 30 20 22 24 41 20 23 19 
20 22 22 24 41 33 10 26 19 16 20 12 19 25 18 25 24 31 20 36 14 12 25 27 20 17 34 16 21 16 25 24 20 23 33 23 24 24 28 20 19 37 22 19 22 37 18 33 21 20 
25 18 24 11 21 31 13 39 20 26 14 14 21 14 19 37 24 19 32 10 23 12 25 18 14 27 29 15 13 26 46 18 14 29 28 19 23 15 31 24 29 38 34 23 21 36 18 24 5 20 
38 43 19 8 23 21 20 29 24 15 11 19 7 17 21 31 25 47 30 19 16 27 23 14 14 31 28 7 22 17 40 28 9 25 38 17 17 15 38 14 20 31 36 19 16 29 22 24 19 24 
23 36 17 18 38 21 24 32 26 15 14 13 25 26 19 26 15 25 27 15 22 30 18 11 14 30 21 9 6 23 23 4 20 26 39 20 31 17 44 38 25 22 36 22 26 36 22 12 8 36 
26 26 20 19 25 33 17 22 28 17 15 23 17 31 16 35 14 26 26 15 9 14 25 17 14 21 20 16 12 20 27 14 11 25 21 27 18 18 47 23 25 16 28 19 14 32 26 23 24 23 
26 30 10 24 15 19 12 39 25 16 24 15 17 14 24 29 23 23 39 20 23 23 26 17 14 25 31 14 25 15 27 15 30 35 33 30 26 16 30 17 22 32 28 35 30 38 37 26 15 22 
21 30 23 14 9 19 5 23 19 20 15 21 12 33 21 40 25 37 21 24 13 19 30 12 16 14 27 14 21 9 25 22 24 27 36 30 28 18 32 29 7 40 25 23 30 25 38 15 17 17 
32 39 26 22 17 18 18 32 13 23 9 18 14 24 17 30 28 29 37 28 12 22 32 15 17 26 24 12 10 17 17 14 29 28 31 27 33 14 19 11 23 23 16 16 20 31 30 26 26 27 
32 19 15 13 43 22 23 26 34 13 17 28 20 24 33 30 28 32 17 15 18 21 26 15 12 31 12 19 28 15 31 10 26 22 27 16 14 7 18 22 16 18 30 21 26 33 31 26 16 23 
22 24 26 14 22 10 16 33 19 16 20 18 17 26 19 12 26 33 29 11 17 15 32 11 14 12 39 14 23 15 26 15 23 28 30 20 17 14 33 41 17 18 38 8 27 39 16 30 16 25 
23 14 18 17 25 28 18 26 18 18 14 26 18 19 28 12 6 35 28 27 9 9 31 19 14 22 18 21 25 19 17 16 19 21 18 20 28 18 36 16 15 25 23 20 16 34 31 33 7 22 
15 25 19 15 30 31 12 26 25 20 19 21 14 25 24 27 15 17 25 36 9 17 11 12 12 28 33 14 22 22 28 7 13 39 34 16 18 10 33 24 18 32 27 24 18 32 31 22 25 11 
22 28 23 20 33 25 17 32 12 15 12 21 22 36 25 31 15 23 25 36 13 35 20 21 7 39 36 12 21 14 26 16 17 13 33 15 19 12 29 33 33 9 31 25 27 31 35 20 21 23 
29 32 24 3 17 22 15 19 29 14 12 12 17 39 20 15 19 30 21 14 16 25 28 14 13 27 23 11 24 12 34 14 18 35 24 28 13 18 44 35 17 17 32 22 29 21 35 44 21 27 
23 24 24 20 44 16 14 28 20 15 9 17 13 41 25 22 20 30 21 16 12 19 33 16 17 17 31 19 17 23 24 19 27 31 30 14 30 21 32 8 23 32 24 17 21 26 22 11 5 23 
25 25 19 18 26 30 17 31 32 11 18 8 23 32 11 21 21 26 19 24 15 19 29 14 11 27 14 6 27 14 34 15 34 31 30 25 28 12 24 43 23 37 35 24 32 22 36 15 12 26 
26 16 27 17 23 34 18 19 24 14 18 9 25 36 31 22 29 24 24 12 12 7 31 9 22 23 46 12 22 15 26 9 17 22 26 9 19 14 30 43 18 27 39 25 29 42 43 10 19 24 
21 37 25 11 43 23 24 19 25 15 11 20 28 31 27 28 25 35 32 13 8 24 23 27 17 16 21 9 13 12 17 21 13 9 28 28 26 17 24 39 45 25 31 16 36 26 34 28 20 24 
33 33 21 27 43 25 22 26 20 18 12 23 22 37 22 21 13 24 22 8 18 33 29 7 19 31 28 22 26 16 19 10 20 16 43 18 24 22 27 26 16 23 27 27 24 21 31 23 15 17 
21 31 32 31 19 4 19 20 20 10 20 27 23 45 29 25 21 30 29 24 15 38 33 28 18 25 38 12 5 21 22 16 18 35 13 19 9 13 39 27 16 35 19 14 20 31 25 35 15 17 
22 12 20 14 37 12 15 37 24 10 13 24 14 45 33 28 13 32 21 22 8 22 38 21 19 35 44 19 15 7 23 8 28 30 28 24 22 16 27 47 14 20 34 29 29 31 35 19 14 14 
17 26 26 13 14 18 18 22 19 19 12 22 17 20 20 27 12 33 23 22 14 33 27 4 17 17 23 25 17 18 26 13 14 17 18 28 29 12 35 34 27 32 44 31 24 33 23 39 14 22 
29 29 22 11 19 26 18 32 20 17 21 15 19 19 24 34 18 31 19 21 21 23 20 13 18 33 31 12 18 16 20 22 19 38 31 15 5 13 38 20 32 34 29 18 26 31 29 25 23 20 
22 27 23 25 29 28 22 26 26 18 12 19 18 33 18 15 25 23 37 22 19 29 17 23 16 36 15 19 20 16 15 19 14 27 23 17 24 12 19 23 11 22 34 19 27 39 33 23 22 17 
16 16 21 19 17 30 23 24 25 14 14 20 16 40 15 22 17 20 14 12 21 18 21 18 12 27 14 16 22 23 33 16 17 20 21 22 15 19 48 29 28 26 30 21 29 30 23 20 19 27 
8 34 28 19 22 23 13 29 16 16 16 21 21 30 31 21 28 22 17 18 8 25 20 16 19 18 15 17 23 19 15 17 25 35 25 21 25 20 22 20 19 31 24 19 25 27 33 20 23 8 
21 33 28 12 29 31 16 25 19 20 7 18 11 41 26 29 24 37 26 20 17 30 33 31 15 19 42 22 22 17 29 12 16 28 26 19 19 16 32 19 26 33 31 22 40 29 28 20 18 20 
14 31 26 17 34 13 24 19 17 10 22 29 20 33 20 21 14 22 26 17 15 34 18 18 15 25 20 14 21 14 25 17 14 27 29 25 23 13 50 36 15 34 33 21 30 37 25 26 17 20 
18 27 32 18 38 24 26 18 25 8 13 20 29 26 19 25 8 10 25 24 19 29 15 30 9 38 23 16 14 9 33 18 20 39 23 24 21 20 27 33 20 32 16 33 26 32 25 28 19 26 
29 40 19 21 35 18 26 16 24 15 23 17 26 35 24 26 24 19 18 17 14 35 45 24 13 26 28 12 16 17 17 11 20 38 27 22 16 23 21 16 14 30 26 24 23 20 39 31 18 5 
18 29 19 2 31 13 7 21 20 21 7 17 6 30 17 23 18 26 30 20 18 16 12 13 13 15 28 17 15 11 31 19 21 24 24 23 28 13 28 21 22 32 28 21 22 36 35 20 21 29 
23 30 24 10 23 29 16 23 25 10 15 17 11 14 26 26 21 32 14 20 14 24 33 16 18 33 20 19 23 11 36 7 17 27 18 12 19 13 22 16 15 36 41 20 17 26 14 27 19 20 
19 28 26 18 34 19 16 26 27 18 11 21 17 29 20 14 19 24 36 22 17 15 36 20 15 29 33 14 19 24 34 18 25 30 29 22 31 17 38 32 32 18 20 24 9 32 35 26 21 28 
33 34 27 26 43 25 16 30 26 19 21 21 11 33 13 23 21 31 16 20 20 18 27 18 13 19 27 11 21 12 31 17 28 28 18 23 23 8 32 22 23 32 31 31 28 9 16 25 15 23 
18 32 30 25 39 16 22 29 25 17 17 16 21 26 24 28 32 29 26 25 17 26 29 22 13 21 23 18 17 22 27 20 17 14 27 19 19 17 28 31 30 25 19 17 27 33 37 20 26 22 
24 21 20 21 32 26 19 24 18 22 12 14 17 19 26 32 34 29 19 25 16 9 14 9 13 22 38 13 17 9 14 15 16 25 22 17 19 17 38 30 33 22 24 21 26 35 37 19 14 17 
12 34 25 20 20 24 15 20 17 15 17 13 17 18 16 15 22 33 26 32 11 23 24 12 13 20 28 8 16 10 35 25 15 14 24 27 22 19 38 22 22 30 31 21 25 25 23 27 22 29 
28 23 30 12 17 23 13 28 22 11 16 26 9 27 32 26 17 30 31 15 11 30 28 24 12 17 36 15 22 20 23 18 13 28 39 30 30 6 32 36 12 34 37 23 24 32 18 22 15 20 
27 29 18 14 36 22 19 26 25 9 16 23 18 26 23 17 15 33 25 25 12 42 27 20 20 24 30 18 14 16 34 20 15 20 32 14 12 12 30 26 35 21 17 15 22 33 29 42 19 20 
9 21 19 25 20 29 25 21 19 25 18 26 19 21 24 29 20 31 21 14 9 13 21 14 11 21 37 16 8 16 36 18 17 40 18 18 25 14 27 37 40 29 20 17 13 38 23 22 6 15 
19 27 10 22 31 23 17 19 32 17 11 24 16 37 22 18 29 26 27 21 18 26 13 18 19 24 29 8 14 17 29 25 12 30 23 22 22 19 29 20 17 25 45 31 15 22 20 22 23 18 
17 29 11 18 17 23 12 28 32 16 8 8 23 33 26 25 15 35 21 16 20 21 25 12 10 36 33 13 10 18 26 22 13 20 27 15 16 20 38 18 32 18 39 20 17 20 24 10 11 22 
25 22 16 19 33 27 11 25 12 17 17 20 16 36 40 27 17 23 31 23 23 28 24 16 16 19 29 5 18 19 36 8 24 35 21 21 21 17 33 30 23 26 24 30 22 32 25 24 13 28 
16 20 20 15 22 16 18 25 22 19 10 17 14 43 15 33 10 19 26 20 12 20 30 27 16 24 32 12 14 25 25 12 13 31 39 19 34 19 33 29 27 29 44 19 15 20 32 17 20 15 
35 26 33 14 21 18 23 30 22 17 9 17 18 30 19 17 23 28 23 13 5 23 22 13 14 25 31 16 11 14 22 16 28 19 19 11 25 18 21 15 27 50 32 26 25 24 27 29 18 27 
18 22 13 17 21 21 16 29 31 16 17 11 15 33 19 33 13 27 27 21 10 33 23 22 18 26 32 14 26 13 29 23 16 32 20 15 26 18 29 42 28 35 36 27 26 41 18 28 8 26 
21 18 19 16 46 17 15 28 20 20 12 19 17 28 29 26 18 41 28 22 21 16 29 13 14 11 17 20 12 23 6 22 23 20 16 30 35 23 23 46 16 19 35 22 25 29 46 28 21 15 
10 40 11 20 37 26 14 31 27 16 14 26 20 29 21 34 17 42 26 25 13 35 27 23 22 35 26 24 7 10 18 18 22 30 38 19 18 17 39 28 24 22 33 28 17 21 41 18 14 27 
20 23 13 26 24 14 10 27 17 18 14 17 18 32 23 26 14 5 23 19 15 17 34 12 12 31 40 15 17 19 27 9 22 32 28 15 13 17 41 31 22 26 19 25 33 31 37 28 15 13 
28 37 19 29 32 20 19 37 20 21 10 21 20 33 29 17 21 36 17 21 20 34 32 13 14 20 26 14 23 12 34 13 25 20 22 25 22 20 19 28 28 33 20 23 17 20 23 29 14 20 
22 29 19 13 28 23 10 20 19 16 22 13 27 37 19 24 21 15 28 23 16 25 27 23 13 27 20 12 19 19 39 20 12 28 23 21 13 12 20 38 22 24 34 20 29 27 30 24 20 25 
20 17 12 11 21 28 20 17 20 9 17 8 17 34 28 23 16 22 30 18 15 41 28 15 15 35 24 20 27 22 32 14 8 21 19 19 23 20 26 32 8 22 42 14 22 36 27 22 19 28 
22 29 22 17 23 13 16 23 26 18 16 17 17 24 32 31 25 20 35 25 12 28 20 18 9 44 42 15 10 12 16 17 22 23 28 24 26 12 28 21 20 31 23 27 21 23 22 38 10 18 
19 20 23 25 21 21 16 31 22 12 12 20 18 40 18 30 22 30 29 14 14 25 27 22 13 22 31 11 15 11 31 28 17 22 37 21 15 14 24 40 30 35 28 22 20 26 18 18 16 23 
20 16 18 26 33 16 22 33 17 19 15 15 17 36 30 29 19 22 36 16 6 29 24 21 15 25 36 15 19 20 20 11 14 28 34 17 28 17 25 17 14 36 40 26 24 21 28 25 18 27 
21 34 24 20 33 27 18 22 24 18 8 26 21 38 19 25 16 21 21 23 14 28 34 19 13 22 36 12 10 10 33 20 18 17 23 21 31 19 42 22 35 14 31 34 22 26 47 20 20 21 
20 34 21 16 48 20 17 30 20 17 12 18 13 22 19 29 24 21 22 23 18 19 24 18 6 33 38 17 20 16 25 14 23 24 28 19 25 21 18 32 26 20 37 20 31 37 32 30 10 30 
20 32 11 24 44 11 27 18 21 16 11 19 9 32 32 25 30 29 24 17 10 16 27 17 9 19 38 19 21 21 19 16 25 32 25 22 17 19 39 31 13 24 44 20 19 27 12 21 11 29 
31 17 12 10 29 35 17 22 10 15 21 15 25 42 9 36 4 33 10 11 13 26 22 11 11 42 26 9 20 7 32 23 22 27 24 15 27 14 30 25 18 33 26 15 21 20 24 27 14 17 
20 31 19 16 39 8 9 40 20 17 22 23 13 39 17 32 15 30 34 15 17 30 31 24 17 22 37 9 22 14 11 11 19 24 26 16 27 20 28 17 19 26 26 29 37 29 20 28 13 31 
23 28 13 20 36 16 23 30 28 16 24 19 21 39 22 31 21 34 19 23 11 17 30 25 23 16 35 12 22 17 31 10 26 33 27 18 11 14 31 27 24 24 23 26 22 23 24 23 14 35 
20 10 24 9 29 15 16 27 19 14 12 15 22 36 30 30 10 26 27 15 7 21 26 19 16 50 37 17 13 17 26 26 20 30 18 16 28 13 35 28 43 30 44 27 30 31 21 28 30 21 
20 24 24 15 34 10 11 28 27 11 18 19 11 23 29 18 20 19 37 15 8 14 20 17 15 26 31 12 28 11 24 22 24 29 34 18 20 19 41 30 15 24 26 34 21 25 30 17 19 25 
21 34 30 17 31 15 13 42 36 23 19 17 24 23 18 22 15 18 23 25 13 25 15 14 18 31 30 14 1 19 31 21 20 33 32 26 23 18 35 49 23 33 38 24 26 26 40 28 12 25 
17 12 25 25 35 20 20 35 28 8 17 15 18 17 9 16 19 31 25 26 12 32 21 14 14 13 13 17 14 17 24 17 24 32 15 22 17 18 38 40 22 28 20 13 28 27 30 17 15 29 
16 19 26 17 36 24 18 5 22 8 14 6 15 42 20 21 31 22 28 14 10 19 36 9 15 41 28 18 9 20 27 11 12 29 28 20 22 24 21 23 27 30 34 18 18 19 28 31 17 11 
11 29 16 21 34 22 17 32 11 9 13 10 20 34 21 37 23 21 29 22 11 25 31 15 15 38 18 21 10 19 24 19 13 26 27 18 24 21 14 26 26 36 24 24 15 16 27 35 21 24 
22 24 20 17 35 21 15 30 26 18 8 17 20 27 24 24 23 18 29 30 16 21 31 15 10 25 34 12 14 16 29 17 18 27 31 19 28 23 30 31 37 25 27 24 24 8 42 33 23 37 
23 39 25 20 45 29 22 32 18 17 11 21 20 41 23 21 24 14 33 17 18 31 23 20 17 34 30 7 12 21 47 13 22 31 32 12 27 16 32 38 19 33 15 16 21 42 38 12 18 17 
23 19 22 19 36 15 17 30 23 19 19 20 17 22 26 33 12 22 18 17 12 27 15 27 14 31 26 11 18 12 34 11 21 25 31 19 22 20 16 38 9 22 20 19 17 34 38 24 14 32 
17 44 22 17 20 33 19 24 23 25 13 18 7 37 20 38 26 17 23 20 19 33 29 18 16 23 24 16 22 15 35 16 20 28 26 20 20 11 36 42 24 38 30 15 24 27 30 17 17 34 
25 28 26 18 28 29 20 21 17 13 13 18 19 39 21 26 18 17 9 19 15 32 19 23 7 29 35 6 5 22 26 18 26 20 35 14 15 16 20 22 23 40 25 17 21 53 36 22 11 17 
32 17 21 20 18 27 22 27 29 15 20 23 26 39 14 18 13 33 27 6 17 25 32 19 17 36 45 11 16 15 27 19 20 34 32 19 25 16 25 21 25 29 25 10 18 42 13 13 17 27 
25 22 21 24 16 20 17 36 25 20 13 23 25 23 30 22 24 26 26 12 18 25 29 10 17 39 21 23 20 18 22 15 16 36 35 21 25 21 27 21 19 24 25 19 23 29 40 31 22 21 
20 26 26 21 26 22 12 21 21 18 18 12 16 13 27 34 21 28 20 18 15 18 24 19 10 23 39 24 20 11 26 30 20 29 26 19 20 15 32 34 8 35 30 17 32 42 37 25 19 28 
33 25 26 23 33 26 16 30 26 20 17 26 21 46 17 35 20 26 32 25 17 24 24 21 11 32 30 14 17 14 14 20 11 23 22 14 21 17 20 31 19 36 15 11 22 39 19 20 14 22 
14 20 24 10 30 29 20 18 14 22 23 13 13 18 21 22 22 29 29 25 19 20 36 20 16 26 32 15 18 16 26 26 20 24 24 16 22 10 35 28 28 35 36 19 39 21 50 27 11 22 
10 20 21 23 10 26 23 29 22 20 11 24 17 33 28 24 26 16 21 14 14 16 21 23 13 17 25 18 15 10 33 21 19 19 23 17 24 19 30 33 19 42 41 13 18 32 15 19 18 27 
10 26 24 8 21 32 11 17 21 13 19 20 16 14 18 19 22 24 16 25 14 25 20 18 22 23 29 17 19 17 25 27 18 26 27 19 22 16 37 28 32 25 36 14 16 29 26 29 15 29 
12 30 20 18 50 26 14 16 22 23 17 22 28 24 33 19 20 31 25 12 16 32 21 23 6 45 40 12 9 21 32 20 20 37 11 17 22 18 25 24 17 16 28 29 19 14 24 21 16 8 
14 24 28 15 33 20 17 27 28 18 16 19 18 34 25 35 11 20 31 15 16 20 29 18 17 22 30 13 17 22 41 10 20 20 30 14 21 10 28 34 19 19 25 23 22 31 29 23 25 20 
21 36 19 15 47 27 16 19 21 13 15 6 15 21 14 31 25 16 30 15 21 17 22 13 19 32 23 14 18 24 26 25 13 18 32 18 21 15 25 19 22 32 24 30 14 38 37 18 22 25 
22 32 26 13 49 22 20 28 26 22 14 19 22 22 19 26 22 31 29 11 15 10 25 15 11 19 32 19 11 13 30 7 21 31 37 13 30 12 33 19 19 38 29 17 35 40 34 18 33 23 
21 24 26 23 30 16 22 21 17 20 18 11 15 25 23 33 12 18 23 24 15 16 37 19 15 15 34 10 16 18 29 12 19 18 23 22 30 15 18 28 30 29 30 26 23 20 25 18 9 16 
16 43 18 8 36 28 14 24 34 12 8 20 16 18 9 25 23 32 20 19 16 29 23 20 18 33 24 12 23 18 30 18 23 28 22 19 20 14 49 21 30 16 30 13 27 27 37 20 15 13 
26 35 26 21 35 17 17 29 13 17 8 21 19 26 34 31 14 28 23 16 17 24 29 21 10 27 19 12 18 13 35 21 16 25 25 16 22 18 22 23 10 22 19 32 12 26 24 28 17 16 
22 21 9 15 39 26 17 35 17 20 9 11 21 32 24 25 16 16 29 15 17 33 38 10 12 35 42 16 18 15 19 21 26 29 31 21 28 30 40 37 20 27 30 24 28 31 25 13 18 32 
33 36 22 17 27 20 13 23 21 10 9 14 12 41 36 22 22 21 34 11 16 29 21 18 13 26 24 13 15 14 35 9 26 35 41 16 24 6 27 39 35 31 16 16 17 23 28 22 20 29 
19 8 26 24 22 15 21 25 19 16 16 24 15 37 19 25 21 11 22 27 11 24 29 16 18 40 46 14 14 16 29 24 25 27 30 17 19 18 32 40 34 22 36 20 25 28 16 28 17 17 
20 33 5 23 43 20 20 21 17 26 20 13 9 13 22 25 16 22 33 29 19 23 30 19 20 14 37 15 22 19 14 16 29 8 28 13 24 11 27 32 23 45 36 23 27 24 27 20 14 25 
29 28 29 14 29 24 23 35 39 25 12 21 13 44 17 30 32 15 26 20 15 20 23 19 19 37 18 19 23 21 27 23 10 23 28 16 19 15 37 27 35 25 23 25 32 24 13 28 20 29 
21 26 12 15 42 21 17 15 20 13 20 11 23 32 19 26 22 40 23 17 10 33 19 25 13 22 30 16 19 17 30 18 25 27 35 17 15 21 25 8 29 30 39 25 28 45 28 13 9 27 
29 31 18 16 41 16 22 28 18 9 11 15 16 24 28 23 23 26 24 11 10 9 28 14 14 19 25 22 16 23 10 11 12 26 28 11 28 11 23 27 22 27 38 26 26 32 18 19 13 18 
24 35 15 21 34 22 7 28 21 11 16 13 9 32 36 25 15 26 25 29 12 35 23 12 11 28 27 13 15 15 24 16 15 27 30 12 17 20 38 33 23 16 32 21 23 27 33 30 10 23 
15 34 15 18 38 28 20 23 27 16 14 20 17 30 29 17 18 12 21 30 23 21 35 22 19 16 29 15 11 19 31 25 18 21 25 17 15 14 50 23 18 20 28 11 9 37 30 24 18 23 
13 40 22 16 41 25 24 37 17 14 11 24 15 22 26 34 12 25 28 23 17 30 29 13 17 28 20 13 14 12 15 15 20 41 9 15 35 15 41 5 27 36 27 24 20 22 20 38 16 17 
24 22 26 14 27 19 12 28 16 18 16 15 20 24 19 33 27 35 25 24 15 36 42 20 20 28 41 17 20 12 31 20 17 34 32 17 23 9 42 39 32 47 26 17 32 23 32 22 19 22 
17 28 27 20 21 16 20 24 17 6 16 15 18 29 22 29 22 34 21 31 18 32 11 22 16 23 13 11 13 15 30 13 21 28 25 18 15 18 17 27 31 18 14 17 23 33 34 27 20 24 
25 15 24 23 10 25 21 34 12 10 13 19 19 33 28 17 17 29 10 12 9 30 22 26 14 23 15 16 16 22 44 13 21 30 31 23 19 15 39 15 17 44 19 28 21 33 25 27 19 23 
25 32 35 19 35 19 21 28 29 13 13 18 21 41 14 20 36 22 34 22 10 16 27 20 13 27 25 4 17 18 29 20 20 36 24 18 9 18 33 23 27 25 23 20 17 48 28 27 15 20 
22 24 28 11 30 25 19 24 13 12 15 22 10 7 27 26 26 21 26 25 18 32 35 14 12 31 23 17 16 15 36 15 13 28 31 14 28 24 42 31 17 17 16 10 20 28 22 17 13 19 
23 27 34 11 21 30 9 17 23 11 17 17 17 36 28 21 32 17 26 25 12 27 30 23 12 16 33 8 14 21 34 20 15 17 30 23 24 11 30 21 20 21 20 26 33 23 23 27 26 23 
22 35 25 8 34 35 22 21 33 10 18 12 22 30 24 26 21 10 26 20 15 24 20 22 11 29 17 18 11 12 23 14 13 27 28 23 13 19 32 21 22 26 40 23 15 24 40 28 11 13 
20 23 24 13 18 28 28 20 32 15 19 21 19 52 25 18 5 22 24 21 15 27 24 15 17 32 38 11 11 20 23 14 23 30 25 23 28 16 17 45 28 28 32 21 20 17 17 23 19 27 
25 43 22 19 33 9 15 21 25 16 11 26 14 36 22 27 17 9 25 7 12 19 31 15 18 14 37 18 24 22 24 19 20 26 16 21 19 11 21 29 23 34 22 9 17 27 29 30 17 12 
26 31 14 20 21 26 30 30 21 12 13 25 17 31 14 34 15 31 22 13 6 23 17 9 17 34 32 21 18 24 27 15 16 31 22 16 20 16 29 23 32 23 24 13 24 28 20 19 21 22 
25 27 27 24 13 21 10 33 27 13 14 11 11 21 26 9 30 45 30 17 20 29 24 18 16 25 32 24 15 14 30 16 12 26 34 20 18 15 37 30 32 30 33 18 25 24 24 21 27 21 
23 36 26 13 34 24 9 35 24 15 19 7 15 36 33 6 31 31 16 21 6 32 27 18 9 19 31 19 14 20 26 21 12 32 8 23 33 20 33 21 19 11 33 35 26 25 26 43 12 24 
24 16 16 18 27 10 8 21 27 16 15 13 16 34 21 26 14 17 35 30 16 31 29 18 22 19 29 15 13 12 37 28 18 18 23 27 20 9 30 40 25 27 35 23 24 29 31 11 20 23 
19 23 27 15 20 28 18 21 38 11 13 27 27 50 26 29 25 38 24 21 18 19 21 12 15 25 35 11 14 14 32 12 17 25 12 25 22 17 27 22 23 34 24 28 24 40 24 47 28 10 
26 18 26 19 25 21 15 38 32 17 14 14 22 27 17 27 17 43 23 19 16 24 15 24 15 25 29 8 21 17 26 25 16 24 38 15 19 10 23 35 19 36 48 24 30 16 38 28 23 26 
16 32 23 14 28 25 2 15 36 21 14 21 20 12 19 25 17 27 24 20 14 22 32 23 16 36 33 14 20 17 26 27 17 16 24 20 28 9 19 26 25 21 47 22 21 12 22 29 19 32 
23 11 13 20 37 19 26 28 28 19 27 25 17 19 25 26 12 23 22 30 22 12 21 23 17 27 22 12 18 25 53 17 24 27 41 11 21 22 24 32 33 33 30 30 30 17 26 22 12 31 
18 31 24 27 38 17 24 25 10 7 17 21 25 31 27 16 23 33 29 15 14 14 21 19 11 24 20 5 23 18 35 18 17 23 18 10 32 20 26 41 16 40 28 24 22 33 24 21 16 26 
5 13 23 23 38 6 17 28 23 12 17 24 26 44 20 29 18 31 23 16 12 32 32 22 15 37 32 20 20 8 22 23 24 26 20 19 20 13 25 33 23 36 14 29 25 26 28 23 11 34 
23 24 23 16 29 23 24 26 26 15 7 16 15 26 21 16 15 34 31 14 15 24 19 13 17 32 37 8 17 12 31 17 17 20 31 9 24 18 44 41 22 7 27 21 11 32 29 27 17 16 
25 28 20 12 39 18 15 24 22 18 16 23 25 34 19 22 18 30 19 24 20 12 18 14 10 28 39 24 19 14 32 12 18 29 24 12 30 20 24 32 18 17 24 19 20 22 19 28 20 18 
24 27 23 17 32 27 30 21 20 8 11 22 13 26 20 19 9 19 18 24 23 26 24 23 13 21 28 19 23 14 22 22 13 29 29 21 22 19 20 28 27 36 23 16 17 27 29 30 13 9 
25 31 23 12 27 7 15 28 28 23 11 17 17 42 26 30 13 47 34 28 20 36 34 14 19 35 36 13 20 12 14 16 23 32 37 19 30 17 45 37 22 42 27 24 16 19 42 26 18 11 
27 20 16 11 41 29 13 21 26 20 11 24 20 28 26 36 20 22 27 26 13 18 28 20 10 29 18 8 13 21 11 16 17 31 31 23 22 10 32 30 32 35 34 19 22 14 39 28 16 24 
26 28 25 16 29 21 16 31 28 16 7 23 22 31 19 20 15 21 13 19 12 18 24 28 13 32 23 15 12 23 31 13 15 29 26 10 29 20 43 20 32 19 14 24 24 18 41 23 22 21 
25 30 25 14 42 24 14 30 17 20 7 13 18 38 27 32 16 30 23 31 13 32 17 16 16 29 28 15 10 20 33 21 11 25 29 18 26 16 35 18 28 36 23 20 18 36 37 28 11 25 
23 43 22 14 41 22 13 13 16 13 13 24 20 31 14 19 22 16 27 13 16 35 31 23 14 28 8 11 19 16 11 29 23 28 38 26 30 14 29 36 27 49 33 17 24 33 37 13 22 28 
18 39 15 25 37 16 27 23 17 13 10 27 11 17 21 25 16 29 18 16 13 39 24 15 14 38 24 7 13 13 19 11 17 7 22 20 17 22 38 27 39 21 36 19 20 41 24 33 23 7 
19 24 27 25 36 25 19 32 31 13 11 20 17 30 19 37 13 24 9 13 16 26 23 15 24 36 27 21 12 11 26 19 14 33 30 22 29 23 47 10 19 15 43 21 11 19 21 20 25 23 
27 21 18 20 40 18 17 41 25 23 14 12 20 38 19 21 19 12 25 12 8 27 19 19 13 19 20 17 16 13 29 12 19 36 30 19 39 17 35 13 34 25 18 16 21 26 29 25 14 24 
20 25 13 21 35 29 19 27 30 17 19 14 10 19 29 16 30 22 26 26 11 34 37 10 20 28 35 16 21 17 26 8 12 22 27 18 24 17 29 38 31 13 38 17 21 26 24 5 11 24 
23 22 14 26 34 26 14 23 21 18 17 24 26 30 33 17 13 33 19 14 14 18 33 20 13 28 54 17 15 19 30 18 27 16 14 22 22 16 33 33 31 23 30 21 24 25 28 44 15 35 
23 36 15 11 22 25 24 17 24 18 16 20 23 32 20 27 21 45 22 24 22 34 28 23 10 20 26 17 16 19 37 26 20 15 33 17 21 15 29 22 25 26 27 22 25 21 26 16 11 27 
18 20 32 31 35 34 9 12 23 20 13 21 16 25 18 22 26 33 27 28 9 32 14 17 16 23 32 17 9 18 18 10 17 21 20 17 21 19 28 22 29 15 23 21 28 19 48 15 13 34 
17 23 22 19 28 26 8 32 32 12 9 19 10 33 30 24 33 17 25 13 14 26 26 16 10 25 21 12 11 17 30 23 14 25 35 13 19 18 27 15 23 28 34 21 22 38 39 10 19 20 
13 32 21 21 20 27 10 23 16 17 18 16 22 26 19 16 13 13 13 17 15 21 18 25 4 23 26 8 12 13 34 12 10 27 20 17 20 17 28 29 28 25 31 33 14 33 25 23 12 5 
23 41 27 18 29 35 17 15 6 16 14 16 30 25 14 33 18 16 13 30 7 23 23 16 18 23 26 20 24 17 17 17 23 15 16 19 23 16 33 27 31 34 35 18 32 30 22 27 23 19 
12 16 14 14 37 31 16 24 33 12 17 21 19 40 30 27 21 34 17 20 14 31 25 26 20 26 27 15 20 11 29 19 22 22 22 25 20 20 47 38 16 21 33 16 16 32 39 17 14 28 
30 27 19 14 17 13 19 23 24 10 20 18 19 37 17 36 20 30 18 37 12 25 17 14 17 19 20 15 21 16 27 19 21 28 29 20 22 14 28 30 18 17 26 30 19 23 31 26 9 31 
25 24 4 19 27 32 25 38 14 20 17 22 18 20 24 24 21 28 26 22 18 12 3 17 18 32 18 18 23 18 20 14 25 22 29 13 29 16 38 33 20 30 34 16 11 46 24 21 19 17 
26 29 18 17 20 30 11 22 23 18 13 8 19 36 30 14 21 13 8 13 15 10 20 14 15 25 34 18 23 15 46 6 24 20 31 14 26 15 21 31 34 17 29 25 26 28 21 30 13 19 
14 26 29 22 31 30 18 24 23 21 14 19 22 29 22 19 12 34 18 22 18 25 24 15 15 30 23 11 16 17 25 26 3 23 22 12 13 9 41 40 20 24 22 12 26 37 33 17 13 16 
27 30 7 9 37 10 23 24 24 12 17 18 25 16 24 34 25 32 22 25 25 36 22 18 15 25 23 18 17 18 5 17 21 35 23 23 22 14 39 40 23 30 28 25 30 20 24 19 24 22 
14 39 32 17 32 22 9 26 27 19 14 13 28 24 33 25 28 33 26 28 9 23 29 20 16 33 20 20 13 17 35 11 17 24 34 25 27 15 24 16 30 27 31 20 25 26 31 14 15 6 
38 26 22 22 23 23 21 24 22 16 20 22 12 30 27 47 13 27 25 24 12 32 22 14 12 22 35 9 15 22 32 15 16 40 38 13 21 12 35 24 12 41 21 16 20 17 50 34 22 17 
24 18 27 15 25 28 17 23 24 14 7 20 14 19 14 15 21 43 17 23 15 26 37 27 20 12 27 21 10 18 24 19 21 23 35 16 14 15 23 28 28 32 14 15 24 31 39 37 15 20 
26 28 32 19 38 23 11 27 19 15 17 12 18 36 27 28 21 26 27 19 20 21 32 10 12 30 44 14 15 10 32 21 17 24 20 14 27 12 18 33 24 18 19 18 23 39 26 28 22 11 
23 28 21 19 39 26 15 23 27 14 14 10 21 33 19 23 21 27 30 24 15 22 25 20 15 15 22 16 19 13 23 4 15 22 34 16 24 19 32 17 12 39 23 26 8 33 29 14 15 17 
28 23 29 24 33 34 14 37 27 14 19 13 22 28 31 29 34 20 17 28 11 19 23 19 14 31 28 17 14 17 23 26 2 28 33 11 24 16 35 41 11 45 33 10 20 27 12 29 22 24 
20 31 26 24 26 11 13 31 13 20 19 20 24 37 26 34 24 24 14 26 13 31 34 26 18 23 37 12 16 13 24 23 14 30 26 17 21 17 26 21 13 17 27 20 22 36 30 32 19 14 
11 33 23 13 35 27 24 31 34 15 18 28 16 17 19 30 26 32 19 13 11 33 14 20 10 24 16 15 19 17 25 25 15 32 23 17 31 14 40 31 12 31 28 17 34 35 18 28 16 26 
17 26 28 16 44 18 9 20 27 17 15 19 10 27 23 22 27 21 32 32 17 33 37 14 17 20 36 15 22 12 29 15 16 15 28 20 15 12 26 22 17 25 28 10 25 20 19 27 17 18 
22 25 21 19 16 25 20 29 40 14 6 24 21 34 18 22 17 20 9 18 16 16 32 14 16 26 32 13 11 13 38 10 8 35 23 18 21 12 27 24 28 27 27 27 18 36 22 21 19 16 
20 25 12 13 32 18 26 29 25 11 18 23 18 15 24 24 22 28 36 13 15 39 30 20 13 29 14 16 16 12 39 20 21 27 23 17 17 17 32 45 34 32 40 20 27 29 41 30 20 7 
20 29 25 17 39 23 9 18 22 14 17 7 20 37 30 23 9 30 38 29 13 27 25 15 11 30 19 10 17 21 30 12 18 33 24 28 18 16 22 36 20 23 35 20 20 21 17 13 18 22 
23 38 14 18 25 25 13 23 27 13 13 14 18 22 18 15 9 29 34 19 15 5 11 16 20 27 33 11 13 15 28 25 13 38 34 19 30 13 36 27 25 46 21 28 21 30 38 30 13 22 
7 27 24 28 32 32 23 41 27 18 14 22 18 36 23 22 24 36 27 25 13 20 21 27 21 30 30 15 17 25 18 16 26 21 44 16 23 10 24 29 28 20 21 12 26 23 17 37 23 20 
22 28 18 20 54 18 19 21 20 10 11 19 12 28 16 27 29 27 27 19 13 19 30 25 17 33 17 20 12 19 32 15 13 20 33 17 30 18 28 44 32 30 34 26 26 37 15 7 17 21 
22 22 18 20 29 18 3 23 25 19 12 17 16 29 22 33 11 15 21 25 14 18 23 21 13 20 32 17 14 19 30 7 29 25 34 21 19 20 25 24 26 21 27 22 32 22 21 16 17 21 
6 23 26 20 9 23 12 28 24 24 17 7 12 36 24 26 17 31 19 19 11 27 22 24 14 23 43 17 15 10 34 19 19 28 33 21 27 16 19 22 32 37 30 24 27 33 28 32 18 19 
27 32 20 17 33 18 19 31 26 19 22 23 30 32 22 28 11 25 29 23 21 35 24 13 12 30 25 12 5 4 21 18 21 24 19 27 23 20 27 29 19 22 27 17 32 35 36 28 17 24 
30 35 15 13 33 16 17 27 17 13 12 21 18 25 23 23 19 18 24 24 16 17 23 13 15 16 45 14 9 16 30 21 3 33 19 27 28 13 40 26 29 25 48 19 16 27 24 30 20 20 
20 33 20 15 33 12 12 16 24 21 13 17 18 28 22 30 14 17 22 25 13 24 26 17 20 27 34 17 19 19 26 15 18 38 38 17 29 15 9 29 18 23 23 23 22 17 15 21 19 16 
15 44 15 25 12 20 23 12 33 18 12 22 20 32 27 29 15 23 30 21 11 13 29 17 11 13 25 12 10 11 34 18 19 24 20 18 21 14 32 24 26 33 25 25 19 23 13 23 26 25 
10 35 17 18 24 24 14 24 22 19 19 10 16 26 20 19 22 22 33 23 15 38 30 10 13 25 34 16 16 14 34 15 15 29 21 22 17 19 37 35 18 17 35 22 26 22 34 22 25 21 
25 31 22 18 35 12 19 37 23 16 14 15 19 28 24 18 19 28 22 24 14 23 19 7 10 38 22 17 14 17 31 11 20 22 16 27 22 21 24 29 25 30 28 31 24 9 32 26 20 25 
24 25 23 18 31 19 16 20 21 17 15 12 13 31 27 29 18 16 21 26 14 25 42 10 16 26 33 19 13 16 21 20 10 26 21 18 24 14 30 25 26 29 17 22 17 31 21 24 22 22 
13 23 30 16 54 18 26 30 26 17 8 13 25 33 28 23 33 34 30 22 16 35 37 23 10 28 32 15 17 22 30 22 22 23 21 24 11 14 29 28 36 38 30 20 31 41 40 28 11 26 
21 29 18 11 18 29 25 26 11 20 16 27 21 29 24 20 19 37 25 21 15 30 23 22 18 34 19 17 17 13 14 19 18 27 26 17 13 12 15 35 28 34 36 23 27 27 19 16 7 13 
29 15 18 17 20 27 11 38 34 20 12 20 22 13 37 27 21 41 23 23 14 21 11 12 19 28 27 22 7 13 31 11 5 26 26 24 32 23 24 30 25 23 25 12 19 26 29 30 19 24 
22 3 11 19 41 26 18 16 20 14 17 22 17 27 21 25 12 25 22 13 14 22 23 21 22 24 34 8 15 14 34 12 24 27 27 9 36 18 34 22 22 24 11 24 19 25 29 23 21 23 
24 17 24 18 38 20 16 14 21 18 12 16 17 29 26 33 19 34 21 26 15 22 10 16 18 23 21 19 21 18 13 11 20 31 33 15 31 19 26 28 36 23 29 22 30 18 32 18 10 16 
20 35 25 13 29 23 20 21 26 16 17 16 7 28 22 26 24 33 23 15 21 21 14 20 16 23 29 15 17 20 32 18 23 26 30 29 20 11 35 18 20 44 29 28 31 19 28 19 17 27 
27 11 26 18 24 15 15 22 20 9 7 23 21 21 18 23 15 31 32 3 21 22 23 15 22 39 16 11 13 12 27 27 17 27 23 20 21 20 26 29 15 16 22 16 29 34 27 42 22 10 
25 37 23 19 33 33 23 27 19 22 16 20 25 25 24 19 16 26 35 26 15 30 31 15 16 30 29 12 20 22 8 17 17 28 35 16 17 16 25 31 19 41 23 24 18 6 22 33 14 15 
30 25 12 20 42 20 11 31 31 17 10 19 8 21 15 37 23 35 22 16 17 18 26 22 16 31 31 11 18 14 40 18 13 31 13 18 22 13 34 30 12 26 21 22 33 16 34 26 12 17 
24 29 22 17 17 17 23 34 16 20 15 28 16 22 31 38 21 19 26 20 11 29 31 14 3 25 13 19 11 16 30 13 20 29 35 14 24 11 54 36 31 38 16 25 17 34 22 31 21 30 
34 22 19 25 20 15 20 33 24 19 16 13 20 43 19 21 24 22 32 21 9 23 21 11 16 18 22 17 19 17 25 12 20 11 31 28 17 20 19 37 31 36 25 16 16 26 25 18 11 29 
16 10 18 22 24 23 12 37 31 16 17 19 24 35 29 9 15 28 26 23 18 26 32 19 18 23 28 21 12 11 25 7 33 28 13 19 32 17 28 25 26 23 20 18 22 25 34 14 18 19 
15 37 32 20 33 30 18 24 24 15 13 14 21 42 23 19 33 25 16 20 16 30 23 15 9 41 18 15 16 9 36 9 27 26 36 21 26 15 47 39 18 34 9 18 15 22 30 20 21 26 
16 29 26 14 30 21 24 27 19 14 16 15 13 22 14 16 15 33 15 21 14 26 28 21 16 19 26 18 15 8 25 13 16 34 25 18 24 18 38 27 24 25 25 24 25 18 28 23 20 29 
24 44 21 6 26 24 19 20 17 14 16 12 15 41 20 28 7 27 29 18 11 30 33 30 23 38 19 16 13 15 30 18 19 31 29 18 25 17 25 21 31 32 34 33 18 33 33 26 24 24 
12 30 15 18 17 14 23 21 22 18 19 18 20 9 18 20 15 20 12 21 22 25 28 18 20 35 29 16 16 9 31 3 20 29 41 8 28 17 32 6 23 18 27 22 22 31 24 21 23 18 
20 36 26 14 21 15 17 28 16 18 16 14 17 30 25 18 24 40 26 21 17 22 22 26 11 12 22 13 26 20 25 18 27 14 28 18 25 24 23 46 25 21 21 25 24 31 15 28 14 13 
22 22 22 15 25 27 15 20 24 18 18 7 18 17 22 27 25 12 34 29 13 25 32 13 15 25 18 20 10 22 28 25 19 23 20 12 29 20 26 35 26 18 21 23 28 19 32 24 19 32 
12 28 16 15 24 14 19 26 25 19 7 20 21 36 17 16 19 31 30 16 5 6 31 16 18 22 37 23 12 17 21 17 24 17 42 16 25 15 29 40 24 25 15 18 23 41 30 26 12 22 
26 27 24 22 20 25 23 28 27 16 20 9 23 32 17 22 27 37 21 25 9 31 36 20 14 41 18 14 20 21 19 21 22 31 28 18 15 24 9 35 31 25 28 21 7 30 22 32 24 22 
19 29 21 18 38 26 19 21 20 12 16 24 19 36 16 28 22 42 16 19 14 29 34 23 14 33 21 16 14 19 13 18 17 25 44 12 30 24 22 26 28 28 45 29 23 36 30 27 25 22 
22 34 17 23 17 19 13 15 23 11 11 13 17 33 24 26 24 32 28 23 15 31 10 24 18 26 24 10 23 15 34 19 9 25 28 13 22 18 16 20 20 28 20 22 25 41 35 29 17 17 
36 25 40 20 30 22 14 35 25 22 15 21 11 35 31 31 21 27 23 28 12 14 18 26 15 28 35 15 21 21 33 21 21 30 21 16 14 15 39 25 22 32 34 17 21 29 27 12 23 14 
25 24 7 22 33 33 18 29 15 14 16 17 20 27 26 32 23 18 27 19 19 23 31 19 14 23 38 19 13 18 34 20 21 14 37 24 37 20 40 25 24 29 12 22 23 26 32 21 12 10 
16 23 28 17 27 27 13 30 34 18 19 16 16 25 34 20 24 33 30 13 18 19 23 21 14 38 28 19 29 25 25 23 13 25 13 16 23 17 24 35 9 32 50 26 26 40 39 22 26 29 
17 16 20 18 31 26 11 26 24 13 14 17 21 48 24 21 19 21 24 22 13 28 25 16 8 23 27 17 21 24 22 13 17 15 29 11 22 17 33 24 31 42 32 19 20 31 25 12 22 25 
24 36 37 17 29 19 21 23 13 14 12 12 21 10 22 25 21 24 13 20 17 20 5 24 22 31 26 11 16 15 20 15 16 24 32 16 15 12 38 19 14 26 32 21 20 24 30 25 11 23 
30 35 18 22 19 19 36 29 33 18 18 14 8 31 20 23 10 33 20 19 17 27 18 11 15 31 35 15 17 18 33 13 26 23 22 19 20 23 22 19 13 24 33 35 22 24 25 21 16 37 
16 28 26 22 34 29 18 16 30 19 21 21 25 35 18 24 16 30 33 16 27 23 22 19 15 26 30 12 7 10 29 14 19 30 29 25 28 19 32 22 18 34 28 17 19 30 28 19 10 11 
18 33 30 15 36 19 17 19 31 18 14 20 14 28 18 28 14 27 34 27 14 21 24 12 13 20 11 5 14 19 32 12 19 27 26 20 26 17 38 21 17 21 29 12 28 23 17 24 17 23 
16 44 25 14 49 16 21 24 30 17 19 18 28 25 33 34 14 20 30 10 11 29 29 34 15 30 12 20 28 17 14 15 18 19 17 14 27 15 41 29 13 18 41 18 12 34 24 35 16 28 
21 31 18 23 43 24 12 30 25 17 20 15 19 41 18 29 26 15 33 18 11 23 31 19 10 30 39 18 15 22 16 24 26 24 23 19 24 27 35 18 29 34 28 17 32 32 14 37 27 19 
10 30 27 17 30 17 23 21 24 22 15 24 19 30 21 30 16 36 25 30 20 40 32 23 12 20 34 15 13 10 23 12 22 29 39 22 34 14 28 49 20 29 44 25 18 24 30 35 10 22 
17 24 29 14 32 14 18 20 27 13 10 16 30 15 17 31 26 26 32 27 5 11 22 22 15 25 31 15 19 13 35 18 22 31 32 17 25 11 28 17 19 26 20 28 19 22 28 23 15 17 
20 33 24 22 16 24 15 34 33 14 10 21 28 32 20 31 7 31 13 21 16 27 25 12 15 35 41 8 15 14 25 21 26 22 40 19 24 19 16 21 24 23 31 25 28 26 29 28 24 13 
21 35 27 15 40 19 27 29 21 20 12 22 23 46 35 31 16 33 19 18 9 24 25 20 14 18 31 23 11 14 30 18 25 35 34 17 30 19 24 32 24 36 39 7 23 29 19 17 11 16 
16 28 14 23 26 15 12 22 36 22 17 14 25 37 31 16 22 33 25 16 16 22 39 22 9 30 32 14 10 25 31 14 15 18 25 18 22 14 35 27 22 24 30 18 25 38 38 11 17 25 
29 20 36 26 27 27 29 30 27 18 24 10 19 22 32 22 21 20 22 14 13 29 31 16 18 31 36 11 13 19 20 17 21 27 28 21 23 10 41 35 17 12 39 30 24 25 39 19 16 31 
28 21 17 11 28 2 9 34 21 15 16 24 26 46 31 20 17 16 23 22 16 26 27 21 13 20 23 15 10 23 29 24 21 22 34 19 32 19 34 31 14 24 38 19 27 31 31 30 25 24 
16 25 32 13 25 21 25 26 22 17 17 21 17 34 23 19 2 20 35 14 18 13 16 23 13 17 22 15 18 15 33 12 18 15 24 24 21 20 4 30 33 40 20 35 22 35 46 6 18 22 
13 30 24 14 40 28 22 19 35 22 7 10 15 49 16 35 17 33 28 29 19 21 25 7 17 34 27 16 20 16 19 19 21 18 14 15 26 15 33 18 15 33 24 25 32 22 20 30 13 28 
4 28 14 14 36 19 19 16 30 17 15 18 14 23 27 34 28 31 31 15 26 24 40 25 15 23 41 13 14 21 26 20 22 33 33 13 25 19 39 24 31 18 30 22 18 22 23 26 14 16 
14 38 11 17 39 28 22 30 18 13 14 19 27 34 18 17 25 41 27 20 15 7 20 23 12 34 28 16 20 21 18 20 21 15 30 11 19 18 38 17 33 32 30 21 10 22 37 19 18 23 
26 40 26 6 28 13 30 16 21 22 18 12 12 29 26 27 20 29 24 12 13 33 26 20 13 23 42 14 18 17 32 18 17 32 24 16 20 14 24 23 16 22 17 16 19 29 19 17 8 17 
20 32 29 12 45 17 12 29 31 17 17 17 20 17 33 24 20 32 35 12 11 28 13 19 19 51 26 12 14 16 35 21 26 15 35 25 17 19 21 19 21 16 21 13 31 39 43 16 18 17 
16 13 19 22 46 25 20 22 22 16 17 26 19 38 27 31 4 14 21 21 9 17 29 11 13 28 26 7 11 10 38 17 17 27 21 21 24 21 19 16 27 35 31 32 23 23 25 24 24 28 
23 24 21 21 33 24 21 37 35 12 11 27 15 31 14 40 25 10 14 10 26 11 18 18 15 23 26 13 17 14 20 10 25 25 19 15 27 13 38 20 28 16 32 18 23 37 25 29 8 25 
20 29 26 14 36 29 24 25 23 13 24 21 12 18 15 28 26 40 31 28 7 28 24 13 15 23 34 13 18 13 22 18 26 25 20 24 21 14 29 32 11 31 33 24 33 17 39 23 9 20 
26 26 10 21 30 25 26 21 26 15 15 21 21 32 21 21 22 4 28 29 13 23 27 12 10 20 24 15 14 12 30 14 18 18 28 20 25 19 41 29 6 35 11 19 27 19 30 34 18 21 
16 13 14 13 28 23 24 33 31 4 19 21 13 24 25 38 17 33 31 15 14 18 26 20 10 15 46 16 14 20 27 20 19 35 24 15 29 16 30 25 18 28 25 31 21 18 28 24 16 21 
26 27 26 21 18 25 16 31 20 18 13 29 14 22 6 42 28 32 25 16 17 23 20 10 19 26 34 19 28 9 37 18 25 28 21 18 22 14 39 32 27 23 30 18 20 31 25 29 14 15 
24 31 9 14 25 33 13 28 29 6 14 18 20 47 31 24 28 28 18 13 11 24 34 15 10 35 16 23 28 17 44 13 19 29 39 22 14 20 20 37 19 21 33 27 15 16 34 25 11 26 
22 32 16 16 45 15 21 16 21 18 16 15 17 29 31 31 23 26 13 19 18 29 23 19 11 29 35 13 14 13 28 10 14 17 32 30 19 8 39 19 15 36 43 11 32 23 37 20 17 29 
18 39 27 17 25 20 18 26 12 15 11 24 23 44 22 30 26 14 25 23 17 13 31 16 19 20 25 8 17 15 21 18 26 33 31 21 27 14 50 29 19 25 39 19 39 29 23 18 17 24 
10 29 20 20 13 24 25 29 15 12 13 21 8 29 23 6 19 28 26 17 12 24 22 13 12 29 35 14 22 16 32 21 24 29 23 23 15 26 54 26 27 16 33 31 32 11 35 34 18 19 
19 34 23 8 28 19 17 28 12 18 18 20 22 27 32 28 23 36 30 27 16 23 23 17 15 34 38 15 20 18 20 18 23 33 32 5 20 16 21 31 14 35 28 27 21 31 22 33 14 12 
19 30 32 22 15 21 20 35 18 21 17 13 16 21 24 31 22 29 33 20 14 19 37 23 19 20 35 13 17 17 25 16 25 37 42 19 16 17 45 29 29 30 21 13 28 23 40 29 20 21 
20 25 18 17 25 26 9 27 21 9 13 18 22 30 25 27 21 8 27 33 21 28 34 24 10 17 27 9 8 15 10 22 29 18 30 17 32 8 13 14 20 36 27 28 27 36 29 28 9 27 
24 35 30 20 31 19 11 17 17 19 20 24 17 23 31 22 17 26 31 12 13 16 31 23 17 21 18 18 11 11 29 21 16 15 28 27 11 10 18 45 27 17 27 12 21 35 30 28 19 19 
3 28 16 23 18 24 21 21 31 8 19 12 25 27 30 20 23 22 21 18 11 22 19 15 14 22 27 17 22 15 25 21 14 23 25 26 21 10 26 40 30 24 26 18 24 37 31 26 16 14 
27 17 34 22 31 28 14 22 26 11 13 16 10 20 28 31 21 33 24 15 13 24 25 21 18 30 28 24 21 15 28 16 16 26 22 20 17 16 32 36 33 25 11 23 21 26 44 21 17 30 
19 21 21 13 36 23 17 29 20 12 20 15 18 34 16 28 14 29 30 18 18 21 26 17 10 39 34 14 26 13 25 16 17 34 23 19 20 15 21 35 20 8 22 17 10 21 28 17 24 23 
26 18 14 20 24 22 18 17 26 17 14 19 16 27 28 13 20 16 25 18 10 25 21 16 6 12 35 20 12 9 25 10 9 26 28 25 11 19 28 21 33 33 35 19 13 30 15 21 25 26 
29 26 32 21 35 23 14 35 34 19 20 22 8 15 24 16 25 27 24 32 16 22 14 14 18 26 43 11 14 13 24 17 26 40 36 15 26 21 43 18 13 12 25 18 26 27 21 22 9 19 
26 28 19 14 38 21 9 29 24 15 21 14 21 21 23 14 11 16 28 21 10 32 26 10 15 33 26 18 19 10 28 16 14 11 37 22 29 14 45 37 23 13 25 19 23 29 32 21 21 30 
22 17 26 20 42 13 20 30 31 13 11 11 21 29 28 34 19 3 33 26 14 23 29 20 14 34 29 15 22 14 42 14 16 33 25 26 18 10 31 19 11 20 19 30 16 23 18 23 17 24 
31 44 30 17 37 22 17 9 18 17 12 18 16 29 24 36 23 29 26 16 13 31 30 15 18 14 25 24 11 19 32 10 22 24 28 14 23 6 27 20 32 29 25 27 28 32 38 32 9 20 
14 30 14 10 30 22 12 33 17 11 21 21 15 29 26 31 26 27 22 22 11 25 24 13 17 28 27 13 21 10 40 9 17 39 31 20 23 17 44 29 25 27 39 17 38 39 42 25 22 15 
16 15 20 17 10 24 22 37 21 15 16 12 19 38 28 23 20 39 23 22 10 43 26 16 16 28 8 12 17 16 23 16 19 33 9 20 26 16 45 33 31 32 14 24 10 34 26 23 18 24 
14 32 22 23 13 24 16 26 28 16 21 16 12 36 21 23 13 35 22 23 14 9 26 12 15 40 31 25 18 14 26 12 21 21 19 18 27 16 39 18 25 12 25 17 32 29 40 22 17 18 
18 20 28 9 54 18 19 37 26 11 18 14 19 22 23 24 23 23 20 23 15 20 31 20 19 18 26 21 9 14 27 21 21 21 27 17 29 18 39 19 27 22 20 28 18 19 14 22 20 21 
22 32 20 15 35 10 14 21 19 20 18 17 8 32 31 14 18 29 24 16 19 25 15 8 26 34 20 11 26 13 29 18 15 28 29 12 10 25 35 25 38 42 27 29 33 19 38 24 14 22 
23 32 27 10 8 22 24 28 29 17 7 16 17 31 28 25 25 35 38 14 13 19 22 26 16 29 36 15 16 12 37 17 28 26 28 17 28 12 40 26 38 42 24 20 24 32 33 23 12 21 
19 32 14 20 26 21 20 28 32 17 21 14 10 48 23 21 7 22 32 22 18 29 22 14 16 16 24 8 23 19 30 14 17 32 43 15 22 17 33 23 25 34 28 13 27 40 23 36 13 29 
24 29 40 14 54 26 19 18 19 13 22 21 6 28 34 24 22 19 31 24 10 21 17 15 21 29 28 5 18 16 30 20 26 18 22 21 21 12 35 16 15 22 29 35 26 32 25 38 11 10 
15 10 30 17 11 25 23 24 17 16 12 17 17 37 29 17 15 34 16 30 15 14 32 11 10 23 30 16 18 18 28 11 16 16 35 26 29 11 26 15 15 35 20 20 29 21 19 13 27 25 
30 28 20 18 16 19 7 31 18 12 19 17 17 28 21 19 19 29 12 15 21 28 36 14 15 28 29 12 15 20 32 24 23 27 31 27 19 19 32 31 15 27 34 26 19 28 15 16 14 8 
30 27 15 19 38 24 17 29 18 20 11 14 12 23 19 21 18 26 33 21 9 18 32 19 16 27 24 16 18 19 31 15 29 34 16 19 17 18 33 17 41 32 30 19 31 22 19 29 24 13 
30 29 17 28 27 22 20 38 22 14 14 21 22 31 23 28 5 34 18 17 13 21 31 8 4 29 41 12 19 6 31 19 23 13 35 23 19 24 18 40 20 33 36 9 20 28 15 17 17 32 
22 36 20 14 40 31 16 28 18 24 17 18 13 37 21 28 7 22 26 22 23 19 23 16 11 24 30 11 20 10 28 14 24 34 26 24 19 15 35 17 29 33 53 18 38 26 35 17 21 13 
14 27 15 17 36 25 22 23 32 14 15 10 17 43 14 25 22 28 36 22 15 26 22 12 15 15 28 11 24 26 41 15 29 18 35 18 20 16 25 19 32 25 24 33 28 54 30 28 13 23 
19 25 32 18 21 19 17 18 28 19 21 19 21 27 14 14 13 31 22 27 15 9 27 25 18 23 29 10 24 12 21 11 21 14 34 15 28 18 12 35 23 27 18 20 42 19 11 27 15 24 
26 20 17 30 19 25 17 36 31 16 10 11 22 21 26 35 12 35 22 10 14 25 30 29 22 26 42 16 19 11 36 13 15 17 42 13 21 11 19 26 26 29 20 19 29 31 27 22 16 16 
21 12 22 10 39 19 13 35 21 21 17 10 24 37 27 33 20 31 20 15 12 28 19 11 22 28 42 22 12 16 25 14 23 17 27 15 20 17 43 16 22 29 19 23 17 30 38 32 21 11 
29 15 18 15 23 35 21 26 19 14 17 16 16 31 18 24 14 35 30 19 18 26 20 19 12 20 18 14 26 17 33 12 15 26 28 18 27 14 33 33 12 44 23 12 11 34 29 33 17 17 
27 26 25 16 18 30 14 27 29 15 14 15 18 24 24 17 2 40 9 5 17 26 26 18 22 27 25 20 15 9 38 15 14 23 25 15 23 19 39 23 21 8 41 16 12 12 22 30 22 27 
24 26 25 14 31 24 18 24 29 12 6 13 15 27 15 38 14 30 23 29 16 30 20 16 12 13 29 17 12 16 31 21 21 21 38 18 25 9 51 33 32 19 31 12 13 31 14 20 16 29 
28 30 26 19 42 24 16 21 9 18 17 24 14 33 30 30 23 34 27 15 10 32 14 23 9 32 30 16 12 12 18 19 9 32 32 15 20 13 34 17 25 15 37 17 14 17 4 31 20 23 
23 23 29 21 41 13 18 35 19 19 10 17 25 21 28 22 23 28 30 24 15 21 20 20 16 23 34 16 15 14 32 16 20 22 24 14 18 23 40 20 21 33 38 32 22 16 34 26 17 22 
18 42 22 20 16 36 25 23 26 17 16 14 16 29 28 39 25 22 20 25 20 19 16 17 14 26 34 14 12 18 35 14 18 27 29 9 26 23 35 26 23 28 11 23 17 20 20 31 30 23 
14 29 17 11 34 26 8 37 24 16 16 15 11 39 23 34 22 39 22 25 20 25 23 17 16 25 35 7 13 22 28 25 15 30 23 24 26 18 41 35 31 35 16 21 16 22 23 20 13 10 
24 33 23 14 31 23 14 23 16 16 15 25 23 48 34 25 15 19 23 21 16 6 14 20 14 28 23 14 17 21 12 15 17 20 25 20 13 15 43 32 21 31 29 22 29 27 34 11 11 27 
21 25 17 10 26 26 12 23 26 27 19 18 19 27 18 21 32 28 11 23 22 27 30 21 14 29 23 18 9 12 21 20 22 17 12 18 27 18 32 21 25 33 29 24 28 34 37 23 19 21 
14 47 15 21 10 25 24 24 31 9 23 17 11 37 27 25 25 16 40 25 14 25 24 25 15 25 31 16 23 20 43 16 23 35 26 13 18 17 23 27 24 25 42 27 14 29 45 43 25 29 
13 33 15 23 30 21 10 36 27 24 21 22 13 29 18 25 17 31 24 20 18 35 39 22 10 22 32 17 14 17 29 19 21 33 22 19 30 18 35 29 18 45 22 19 31 17 30 35 19 20 
26 33 20 15 21 27 16 37 22 10 7 11 23 34 12 21 21 24 30 15 14 30 36 17 13 23 26 21 20 18 25 12 20 25 31 14 31 22 28 29 23 23 17 27 22 30 44 25 16 21 
26 27 29 29 32 27 18 11 17 19 17 7 24 43 16 44 21 31 14 31 20 22 16 18 20 33 28 18 17 18 34 13 12 32 17 21 26 10 24 34 27 22 28 25 28 22 36 21 12 17 
16 11 28 21 27 18 17 21 28 13 17 12 26 23 33 13 17 28 28 18 13 31 27 15 19 28 26 15 8 13 20 21 16 35 21 14 23 13 14 26 27 17 23 32 31 21 26 28 17 29 
39 30 16 16 28 36 23 30 29 15 12 11 15 14 15 26 17 30 15 18 18 16 23 21 12 33 32 15 25 13 30 25 16 21 40 11 31 14 48 27 30 13 22 23 19 18 20 18 23 18 
8 22 30 20 22 18 14 27 19 16 17 22 21 26 24 23 20 33 30 17 16 38 33 14 18 32 17 17 20 18 24 14 25 23 20 16 10 19 43 24 12 27 27 17 21 39 29 31 20 20 
24 33 30 25 31 30 24 19 22 16 16 24 26 29 21 25 23 35 41 21 12 15 29 20 19 25 17 9 14 13 17 18 27 30 35 24 32 14 28 31 34 28 28 24 25 20 33 37 18 26 
22 29 28 18 20 34 20 23 16 22 17 10 21 38 20 22 18 50 33 13 23 15 14 26 17 19 38 13 19 15 33 19 27 25 18 25 22 13 35 23 30 10 21 20 27 25 39 20 20 17 
18 27 23 26 21 19 15 34 11 20 9 25 16 44 33 21 15 20 26 19 21 22 27 20 13 30 26 11 15 17 37 28 24 40 8 22 21 16 31 25 16 23 25 15 19 22 25 12 22 30 
16 45 27 19 33 13 24 18 16 18 11 14 24 30 30 25 14 23 29 24 16 37 28 12 12 38 35 15 22 15 30 19 18 27 40 16 23 10 38 27 19 47 29 28 21 20 20 14 23 35 
26 31 9 17 25 18 21 29 19 16 5 22 19 22 23 27 28 25 23 16 15 18 22 18 14 34 22 20 16 9 44 23 13 22 30 15 26 15 28 32 6 41 32 27 28 16 19 27 14 17 
16 24 15 13 28 27 15 24 27 20 19 13 16 23 21 31 28 23 25 26 13 14 19 15 16 32 32 20 26 18 26 19 21 23 31 16 15 14 31 15 10 7 20 29 23 14 34 19 16 28 
14 39 22 23 13 25 18 30 19 25 19 17 9 26 18 28 13 24 18 16 19 16 31 15 8 30 41 6 22 19 13 9 15 40 26 13 26 18 53 25 25 38 29 23 33 38 18 30 19 23 
20 33 35 17 20 14 16 43 27 19 17 15 17 43 20 27 24 18 10 28 17 24 31 15 5 19 34 7 14 18 24 25 22 25 19 23 25 14 19 24 21 32 26 24 27 21 26 26 15 15 
24 35 19 16 17 24 12 24 23 14 13 19 27 32 17 25 12 39 9 22 13 18 13 24 15 15 44 17 22 17 30 9 28 27 25 20 25 7 36 21 24 34 25 20 32 37 23 30 23 17 
24 17 24 14 34 25 15 20 16 13 11 22 19 29 21 14 21 24 28 22 16 21 38 9 20 25 27 13 21 11 28 11 18 36 27 13 13 18 26 36 11 33 32 20 18 19 23 27 16 7 
27 37 29 22 23 6 17 39 19 21 13 23 22 28 21 17 23 39 13 16 20 32 25 23 12 28 32 15 15 10 32 12 21 31 31 19 22 18 23 33 28 27 33 18 27 44 42 18 12 24 
15 43 16 21 19 32 21 26 23 14 16 16 17 32 20 22 29 40 32 19 20 23 9 23 11 31 39 17 23 11 31 21 29 29 26 17 27 18 38 34 17 24 17 21 20 31 34 23 15 29 
11 27 8 17 38 17 23 21 30 17 8 20 24 37 21 32 22 24 26 23 15 17 30 17 23 31 26 15 16 8 17 11 19 17 32 27 19 18 26 38 27 47 18 11 29 29 28 21 13 15 
22 38 20 11 48 27 19 23 20 10 15 29 16 37 29 25 26 37 28 15 11 31 21 18 11 36 24 17 16 18 30 17 19 18 37 16 29 20 24 17 10 19 29 21 32 26 39 18 15 19 
23 10 24 19 26 29 27 32 32 14 13 12 12 30 26 19 12 21 26 19 13 33 27 17 12 23 28 15 26 14 29 14 29 31 22 20 22 16 34 15 22 26 25 26 28 29 24 23 20 21 
20 24 24 25 24 13 9 28 20 9 14 17 19 28 25 25 29 34 26 14 17 31 16 16 11 30 36 14 14 14 25 9 17 40 22 16 34 19 58 11 21 27 29 10 17 33 30 29 13 9 
27 25 22 22 30 27 15 32 21 21 14 17 22 21 29 22 22 30 22 16 16 20 26 10 13 32 27 20 13 21 21 8 22 26 24 19 24 26 36 25 16 28 22 19 33 21 22 31 17 21 
15 26 21 20 16 27 17 19 23 18 20 22 22 11 24 24 19 31 26 21 8 28 20 12 20 17 18 12 14 18 34 6 19 33 45 14 23 20 14 26 24 20 18 23 12 39 33 25 12 23 
22 20 12 12 23 31 20 23 30 10 7 16 28 31 11 28 23 25 22 8 17 27 23 23 15 8 38 18 11 13 19 22 18 28 33 23 23 14 27 28 32 14 26 16 24 32 40 27 23 26 
17 28 20 9 30 36 18 26 29 11 16 13 16 25 12 36 20 28 12 19 21 22 13 22 18 17 22 17 13 11 38 20 17 34 24 7 25 18 30 24 31 16 28 18 25 25 44 26 19 28 
11 31 32 23 29 18 19 25 30 21 17 20 12 37 15 25 18 29 28 19 17 21 30 17 13 12 19 11 20 19 43 17 16 27 15 11 24 13 28 23 17 26 35 26 16 33 30 23 11 14 
22 26 23 22 21 21 14 21 10 15 11 18 23 18 26 13 16 28 29 12 17 9 34 15 22 27 29 13 16 19 25 13 22 26 21 21 25 19 19 28 23 38 26 18 13 29 32 22 20 27 
27 22 20 22 33 31 24 34 26 14 6 21 24 40 23 35 21 47 23 26 22 19 13 14 13 35 37 11 18 19 24 21 25 19 38 14 19 13 44 44 19 34 24 28 15 17 18 19 21 18 
15 19 23 15 22 18 18 19 18 17 13 16 16 39 27 15 18 25 35 26 13 20 30 20 21 23 32 19 16 19 16 17 16 16 39 19 18 16 37 26 27 27 30 29 22 28 40 26 18 37 
24 34 16 11 28 23 18 35 25 14 17 17 13 39 40 24 4 36 22 15 12 21 40 21 14 33 27 17 24 21 25 11 14 24 25 24 25 23 42 28 23 29 26 28 19 28 32 22 10 18 
13 40 26 15 29 17 14 32 11 11 21 20 16 36 27 23 20 27 28 20 11 27 17 19 14 38 37 14 14 15 34 17 15 28 33 20 21 15 18 29 31 28 27 29 33 12 39 20 13 16 
34 27 29 16 32 15 11 29 33 14 20 17 24 28 22 26 20 23 26 16 9 26 31 22 5 22 39 26 19 19 42 22 21 23 31 13 12 16 25 30 16 19 22 21 8 28 20 18 11 21 
24 29 37 17 26 12 16 26 22 13 19 23 22 39 19 25 19 23 24 21 13 13 12 19 14 18 29 13 19 13 16 16 27 28 26 21 22 22 37 19 28 13 30 23 28 23 31 27 21 28 
29 45 21 17 27 24 18 22 11 17 13 21 13 35 22 21 25 32 27 32 15 34 29 27 17 20 36 12 23 16 38 14 20 28 41 22 20 12 33 25 34 40 22 24 17 40 28 21 20 27 
21 20 6 28 40 14 13 30 19 16 11 9 22 39 28 29 7 31 29 14 18 36 27 21 4 28 36 22 18 15 37 10 14 26 25 15 15 20 36 29 17 21 36 16 24 28 18 31 18 33 
28 15 33 30 42 16 18 30 27 18 11 22 5 42 19 11 23 49 28 21 15 19 30 21 9 22 20 14 24 20 24 25 22 26 19 22 22 8 32 15 25 31 30 15 29 16 26 18 12 13 
20 37 20 15 41 22 17 27 22 11 13 11 24 15 29 20 11 24 30 29 14 29 29 17 16 24 12 11 24 15 27 20 19 28 26 24 22 16 21 26 21 22 22 21 26 25 23 34 15 21 
20 25 24 15 31 23 23 20 23 14 9 9 14 19 14 18 21 28 13 24 16 23 29 13 18 20 20 23 17 13 22 13 20 20 29 20 16 20 39 25 36 21 14 24 12 13 34 30 17 17 
8 27 26 12 37 26 14 16 26 20 14 12 31 24 29 29 18 21 26 20 15 28 30 6 18 25 37 21 19 18 22 16 21 26 24 24 24 14 40 29 19 31 31 21 20 29 42 36 22 12 
17 32 31 20 22 20 13 29 26 19 15 22 25 35 20 37 30 22 25 8 18 17 39 22 23 27 19 16 29 19 19 16 20 10 33 26 21 16 37 18 29 32 33 26 28 25 44 15 20 20 
22 30 26 23 24 26 22 29 19 17 12 19 17 23 30 36 13 42 15 23 12 30 30 24 15 37 23 14 16 17 33 25 21 33 29 16 22 18 37 22 26 48 34 24 23 20 24 24 17 26 
26 24 21 15 27 28 13 22 26 14 13 22 14 40 21 26 28 29 36 14 18 25 17 21 17 26 7 9 14 21 29 21 25 27 18 17 17 16 31 11 20 38 23 21 17 4 25 29 21 24 
21 41 24 10 40 18 15 16 30 17 20 21 19 13 25 37 24 35 19 23 16 25 12 23 17 30 15 19 13 19 28 13 17 25 27 12 22 21 37 15 18 33 21 20 23 34 35 17 25 18 
31 25 30 23 23 28 15 45 20 18 7 21 15 35 37 32 22 50 20 18 10 34 22 16 10 10 32 13 18 16 21 20 16 39 18 16 26 13 46 21 29 33 24 27 17 33 31 24 15 26 
17 28 17 14 29 24 20 17 26 16 20 12 16 29 22 35 27 28 27 19 16 23 22 27 21 21 35 15 23 17 27 17 22 20 24 22 19 13 33 20 31 33 26 27 20 38 31 30 17 23 
17 26 20 13 21 23 10 24 29 17 16 26 24 26 17 27 8 21 37 14 12 20 30 16 13 27 27 20 19 17 22 14 20 16 27 21 14 14 48 35 33 25 32 23 12 35 38 31 12 14 
20 17 23 21 21 34 18 41 23 17 14 21 16 46 26 28 26 36 36 19 18 25 18 19 16 25 35 15 24 14 36 14 17 27 23 23 19 7 27 24 25 45 32 18 27 33 26 28 17 17 
25 28 26 14 42 20 21 15 24 17 20 19 20 15 27 27 20 36 18 23 22 37 10 23 15 22 21 13 27 19 19 18 24 15 25 15 19 16 16 22 20 34 18 16 29 30 38 21 21 25 
19 32 14 29 17 22 16 31 14 14 18 14 17 26 14 26 21 31 21 26 16 31 26 20 12 20 24 14 13 16 24 18 16 32 22 29 27 18 23 29 12 22 30 33 24 28 34 20 10 10 
15 28 11 24 36 22 18 30 23 9 15 14 28 44 27 32 24 31 23 13 23 29 24 20 15 24 27 16 19 21 23 19 24 34 34 31 22 17 28 32 16 36 40 22 24 33 41 29 17 26 
27 22 27 16 19 29 15 26 27 13 15 19 16 25 29 18 12 37 27 24 17 15 20 27 17 39 28 7 14 16 33 17 10 24 36 20 14 16 37 39 15 23 24 23 21 27 41 17 26 24 
22 40 13 21 21 20 25 26 26 19 10 18 19 25 25 28 32 29 29 12 20 11 25 11 17 33 24 19 13 13 29 15 21 29 32 13 20 19 26 17 41 42 34 16 26 18 43 27 26 29 
20 28 23 11 22 19 14 28 20 21 8 11 22 17 26 28 25 36 31 20 14 13 18 14 12 33 31 12 19 15 19 15 29 17 20 29 20 15 19 33 24 22 34 22 22 32 21 22 22 28 
19 36 26 22 20 20 23 28 21 13 12 20 24 39 21 21 25 21 28 19 9 28 27 19 17 18 12 15 13 15 42 15 13 20 37 16 17 11 30 26 26 35 32 27 33 22 36 32 30 19 
19 24 19 14 16 15 11 22 17 22 13 13 19 32 25 35 28 34 24 19 20 36 24 18 9 23 9 8 9 11 25 17 20 33 23 14 27 14 28 32 17 32 28 27 24 39 38 24 21 15 
14 19 16 16 20 24 12 40 18 17 14 26 10 34 24 39 26 32 16 19 22 18 18 17 8 25 31 11 10 16 31 16 20 23 27 12 20 17 37 32 15 25 37 20 24 17 37 20 13 14 
18 34 26 14 30 16 14 28 11 11 22 19 10 42 26 24 26 24 25 15 6 24 22 8 16 36 27 15 12 15 19 17 27 24 20 19 26 18 37 20 35 21 28 19 39 9 33 21 15 20 
20 38 32 25 32 21 16 19 19 14 13 17 21 39 26 18 14 20 30 12 13 27 14 13 14 15 22 24 13 18 25 16 17 25 31 26 23 20 19 22 13 34 28 35 17 26 29 24 14 22 
29 26 31 19 24 21 18 28 25 15 17 16 23 16 19 39 7 22 24 17 24 24 26 23 16 28 34 9 19 17 17 19 25 29 37 17 18 15 31 20 23 36 23 25 19 25 28 17 22 16 
28 21 21 14 27 22 21 30 21 18 21 14 17 26 18 27 12 21 15 25 23 28 35 14 13 14 29 18 21 16 30 14 18 31 30 22 24 16 31 28 29 36 20 24 19 12 33 18 17 18 
9 36 22 23 27 23 27 27 27 19 13 27 28 42 28 22 17 32 21 16 18 33 36 13 19 27 41 18 19 15 24 23 22 34 22 25 8 18 24 27 19 41 26 27 16 27 30 25 18 25 
21 30 21 15 27 25 18 23 24 16 7 15 11 29 19 34 21 35 29 14 15 11 25 24 16 21 40 15 8 21 29 18 16 26 18 15 14 21 44 22 29 26 29 20 31 27 39 14 25 21 
24 40 14 33 37 27 19 22 24 19 19 29 23 39 15 22 18 23 29 19 15 26 22 18 20 25 21 8 18 18 31 20 20 26 17 18 14 19 38 26 36 26 20 8 23 17 26 25 17 18 
30 22 26 15 22 17 22 33 15 17 15 14 19 21 35 33 21 33 16 24 12 13 27 15 17 17 28 16 17 17 27 17 17 41 29 23 23 13 15 25 35 17 31 26 34 28 21 25 12 24 
12 22 17 22 32 12 17 28 15 22 11 23 17 19 25 16 21 40 17 21 14 41 23 23 18 22 37 16 23 17 34 8 22 33 27 11 22 14 24 27 11 28 11 30 16 23 39 24 18 27 
16 35 23 24 18 24 17 22 23 14 9 19 17 38 24 24 26 37 9 23 12 26 29 14 14 23 35 12 20 11 41 13 21 29 27 26 20 24 30 33 18 29 26 15 26 11 37 31 18 34 
16 45 31 10 32 20 11 27 12 20 11 17 25 30 26 32 31 42 18 16 21 30 28 17 10 27 32 13 22 15 36 17 22 22 28 14 29 21 6 29 26 21 30 26 12 35 27 18 21 27 
22 26 16 14 34 19 20 28 22 21 18 24 19 25 21 21 13 21 28 39 17 36 29 13 10 30 31 14 15 20 30 18 10 25 40 19 22 19 31 31 20 34 19 20 27 40 23 31 11 21 
23 18 20 19 22 17 18 23 25 19 16 17 13 31 27 16 14 20 27 30 21 32 22 23 22 32 25 13 24 21 21 22 26 29 18 17 15 14 34 35 30 30 33 19 27 45 37 19 6 24 
30 41 19 24 20 16 17 25 21 19 20 23 20 24 22 23 13 29 21 37 16 21 28 15 21 25 32 16 19 7 35 16 17 17 17 10 26 18 57 14 23 31 32 18 16 47 28 38 18 24 
13 40 12 15 43 15 17 22 27 14 14 16 20 36 18 34 21 34 17 15 10 20 25 8 13 13 23 13 20 19 24 18 19 33 29 18 20 14 36 36 38 36 28 28 25 40 34 5 18 25 
4 33 22 19 34 26 19 16 19 16 15 25 24 36 21 30 11 31 31 25 16 21 13 20 20 32 31 10 13 15 13 13 16 21 18 18 21 12 10 22 20 26 25 19 24 28 27 25 14 24 
23 25 21 20 27 20 19 27 23 17 14 10 13 15 24 40 29 33 23 15 17 34 28 20 9 32 24 8 23 17 16 9 13 21 33 18 42 10 45 26 32 22 37 23 28 21 27 27 22 29 
17 16 17 9 22 14 21 30 20 11 14 20 18 29 15 29 10 33 28 25 17 22 28 16 7 12 11 15 22 14 32 25 21 27 31 17 27 15 34 35 18 24 26 31 13 23 27 26 17 28 
16 36 25 16 26 27 19 16 34 17 11 14 23 24 12 18 19 12 19 14 13 18 28 20 13 28 11 17 17 12 41 11 11 16 31 16 22 12 34 27 16 32 34 28 18 28 30 25 12 19 
24 27 31 24 36 28 14 31 23 17 17 19 20 45 13 14 27 21 30 18 13 23 29 11 14 28 21 17 7 20 21 14 17 23 40 19 33 21 38 29 22 41 35 23 20 23 34 38 17 17 
19 28 22 16 33 27 16 26 20 10 10 23 16 35 22 30 27 40 28 20 10 27 31 19 9 34 33 10 19 20 39 14 22 38 29 18 11 15 25 30 19 36 36 20 35 30 21 22 14 20 
15 34 27 17 39 32 20 24 18 17 23 15 22 35 28 29 25 31 8 28 22 34 20 13 13 22 36 14 20 19 32 11 19 20 28 21 26 9 51 21 33 27 16 21 24 28 20 21 17 34 
13 12 30 6 20 19 16 36 31 15 9 17 21 29 20 15 13 26 31 19 7 24 23 17 12 35 23 18 10 24 35 19 18 32 11 29 28 13 39 30 24 30 37 16 25 18 29 18 11 11 
25 27 31 22 22 24 16 31 33 16 12 10 21 34 24 24 32 39 25 23 12 17 31 15 16 25 36 10 20 10 29 18 13 21 44 19 27 8 49 37 6 30 35 27 21 22 13 33 18 19 
20 28 29 17 28 17 16 35 23 15 12 20 20 22 27 20 19 39 8 27 21 42 25 6 17 33 35 12 10 12 27 22 16 35 27 27 20 16 21 12 33 35 30 20 28 42 15 21 3 25 
26 35 16 21 28 20 24 27 18 12 16 28 21 28 17 32 20 6 24 20 16 29 32 11 16 26 24 13 17 26 26 19 29 32 36 22 23 17 45 31 29 31 25 19 21 40 38 19 16 24 
25 28 19 17 41 15 9 28 24 11 24 27 16 38 14 21 22 29 19 23 14 29 16 22 16 40 32 11 23 11 35 21 26 31 24 16 32 11 35 20 26 24 36 23 25 26 35 22 20 17 
17 16 17 22 41 19 16 28 13 16 17 18 25 19 29 29 22 20 24 16 9 27 26 24 14 22 32 11 14 15 11 24 17 31 21 19 23 13 24 36 27 29 21 21 27 32 38 21 13 22 
25 11 25 17 19 33 15 32 33 17 19 24 24 35 15 29 27 25 18 22 14 27 27 21 13 31 15 17 18 17 25 14 13 32 28 16 27 10 25 12 20 33 31 9 23 19 35 24 14 25 
24 19 16 17 11 24 17 22 22 16 17 11 19 39 14 27 7 27 23 25 21 35 29 22 14 38 25 20 22 19 29 20 29 23 35 26 21 13 16 17 33 15 36 17 18 32 19 28 23 25 
21 14 25 22 28 22 19 27 20 13 14 17 19 30 29 28 30 21 33 25 10 28 30 21 15 22 43 15 17 21 17 25 31 29 27 24 25 13 19 21 28 6 39 26 17 34 34 17 14 17 
29 25 20 26 27 27 22 39 27 12 10 12 17 29 22 20 26 16 20 20 18 19 24 22 14 30 22 15 9 15 28 14 23 31 25 20 23 17 13 35 30 34 26 38 27 30 18 7 20 28 
10 25 18 15 32 21 14 29 31 17 12 20 10 21 17 23 21 17 32 24 15 19 23 19 16 31 25 12 19 21 29 28 16 18 26 20 28 17 45 22 18 21 31 26 18 34 27 13 15 25 
29 18 16 16 42 27 16 45 25 14 19 22 19 9 29 10 12 22 15 24 18 20 20 26 17 21 33 10 14 18 28 20 18 11 35 19 25 17 35 29 18 23 14 16 27 22 28 20 13 18 
22 21 20 14 38 24 17 18 13 21 16 24 8 37 13 22 21 40 20 20 16 27 33 23 15 18 9 16 28 11 19 12 18 24 30 16 22 13 21 21 25 32 25 34 21 18 30 23 22 25 
26 13 12 23 23 22 16 17 20 11 16 4 16 49 26 20 14 23 7 21 17 21 25 13 13 25 27 19 15 9 20 18 18 25 24 21 27 18 30 26 29 34 30 21 16 19 24 31 4 25 
20 32 20 21 31 13 18 12 19 13 18 17 15 38 17 25 23 24 39 16 10 29 28 9 15 32 21 19 21 15 31 24 22 28 19 20 28 19 28 27 34 23 34 30 19 32 31 24 14 20 
14 7 29 24 27 25 14 11 35 15 15 12 16 25 20 31 19 49 32 11 16 32 31 34 13 20 25 15 13 15 29 16 14 31 39 16 30 16 17 21 24 28 24 16 24 27 37 22 10 28 
23 31 23 16 28 22 16 23 27 11 10 27 23 26 23 32 28 24 33 23 18 21 36 11 21 27 47 19 25 10 37 25 26 18 28 9 16 15 41 32 17 30 34 15 37 17 17 25 19 15 
11 32 26 16 39 17 16 42 27 21 8 24 18 32 29 25 15 28 31 15 22 27 29 13 18 11 29 13 14 15 16 21 10 25 21 19 23 14 27 38 20 39 33 26 9 39 33 8 12 25 
24 9 15 23 30 19 29 17 20 13 22 18 19 30 29 33 17 28 23 14 11 28 23 19 8 34 27 10 18 17 18 22 12 24 4 28 27 21 41 7 18 34 21 14 29 25 24 19 18 25 
20 36 37 22 27 25 14 15 9 18 20 21 30 32 25 29 27 34 22 22 10 23 17 16 10 30 24 20 18 11 22 22 24 14 31 21 37 16 39 31 26 30 17 17 14 29 24 31 25 21 
26 33 14 13 36 17 17 24 20 10 9 17 26 30 25 19 19 22 19 20 14 32 11 18 22 30 28 17 13 14 35 15 16 31 25 25 18 20 28 27 22 38 27 26 29 27 13 28 22 19 
19 37 24 28 36 31 17 29 26 25 16 25 24 22 31 19 6 29 28 35 21 30 19 21 5 27 31 13 14 15 32 6 26 15 27 22 20 12 17 42 31 29 27 34 22 28 24 21 15 27 
20 20 12 16 41 32 24 34 24 18 12 20 16 34 12 23 19 26 24 23 10 27 26 20 11 36 22 13 22 11 17 14 20 34 21 11 17 13 26 29 28 29 38 28 10 15 35 34 18 28 
21 29 18 22 28 29 17 23 24 21 16 21 13 45 25 33 22 28 27 19 11 18 26 11 11 15 33 14 15 28 25 12 13 31 16 24 15 21 32 47 23 31 37 10 32 32 27 21 19 20 
26 34 24 12 22 25 6 31 22 17 12 17 12 36 38 22 14 33 17 24 14 17 25 19 17 36 23 10 14 14 24 14 23 28 31 22 22 12 25 31 28 37 27 22 29 24 29 17 16 17 
21 34 25 22 20 21 20 28 17 11 17 25 23 48 25 36 19 26 22 12 17 13 20 12 23 17 27 10 9 9 22 14 7 27 29 24 20 18 38 28 20 27 33 23 34 20 30 27 22 17 
35 34 18 22 14 20 25 22 11 17 14 22 15 41 30 25 24 28 19 22 11 20 27 12 10 31 36 18 12 13 16 10 16 31 33 19 38 16 38 33 23 31 25 18 15 34 19 26 24 15 
20 35 29 15 13 21 12 31 18 7 10 19 20 18 32 18 23 38 30 16 15 20 26 16 12 33 32 21 16 16 17 5 19 16 31 23 20 16 13 30 23 18 31 32 26 35 31 19 25 26 
23 30 36 17 40 11 11 27 28 13 18 16 19 28 18 29 35 29 20 23 25 35 21 12 16 23 21 11 11 18 25 20 25 18 32 16 23 9 9 29 24 31 49 26 16 32 22 27 13 29 
18 28 16 22 19 21 18 26 23 15 12 15 11 26 21 22 16 22 14 36 13 14 38 24 17 21 32 14 23 18 33 21 21 38 32 14 25 17 36 34 9 21 26 29 17 37 31 21 16 15 
17 26 34 24 27 26 20 26 22 12 13 13 16 25 18 25 25 10 10 17 16 19 26 18 15 27 11 14 14 21 33 18 23 28 40 21 28 16 26 17 42 28 14 29 28 37 29 17 22 22 
28 36 18 20 42 23 15 38 15 10 9 15 11 36 11 15 18 19 18 25 19 26 29 13 11 40 18 8 17 16 22 19 21 30 34 23 14 12 25 23 16 16 33 16 21 51 26 17 9 13 
12 32 18 27 48 21 18 19 16 19 15 15 10 39 25 32 24 34 12 27 21 21 36 14 14 22 34 19 17 20 19 23 14 30 34 16 25 17 23 34 33 23 32 21 24 26 35 12 27 31 
8 24 24 28 44 25 13 29 20 14 14 24 16 34 16 33 21 14 21 7 22 16 38 19 19 39 34 14 17 14 26 22 13 17 13 23 36 17 30 27 21 36 29 8 22 33 19 17 11 16 
27 34 27 9 28 14 11 14 33 17 10 18 15 26 22 26 15 26 25 29 13 18 41 14 15 18 31 19 24 11 22 18 13 30 28 24 19 13 32 26 33 20 42 25 18 30 31 26 17 31 
14 33 22 25 25 17 14 28 19 16 13 23 17 43 11 31 14 33 27 33 15 24 22 12 11 30 18 13 19 17 20 24 20 24 29 16 30 20 32 38 15 16 30 13 28 28 15 16 16 24 
16 32 11 14 34 25 26 14 32 15 21 8 16 31 25 22 21 34 29 18 17 30 28 10 13 4 19 15 21 15 22 10 14 20 34 14 26 16 26 24 29 22 28 21 36 19 29 19 19 20 
23 23 20 6 28 24 18 19 28 18 11 17 22 23 15 35 34 11 24 30 13 33 29 26 13 20 15 15 19 14 25 17 26 24 13 12 13 17 19 24 19 33 33 18 29 38 39 33 16 27 
21 38 26 22 34 15 14 27 16 18 21 17 15 28 24 22 27 37 33 24 12 18 33 15 8 27 26 14 13 17 15 24 17 26 29 13 22 13 34 31 28 31 38 24 29 40 32 22 26 27 
7 27 22 22 13 14 14 29 30 15 12 14 21 29 19 35 25 23 37 4 16 24 26 20 19 30 38 22 12 21 35 16 22 30 31 25 33 18 25 30 20 34 11 20 21 33 26 14 15 19 
16 16 22 20 36 29 17 33 24 13 13 18 15 27 20 8 25 30 27 23 13 35 23 21 22 25 28 15 20 17 39 12 17 32 30 23 28 10 25 32 22 35 28 23 35 19 19 25 22 16 
28 18 17 26 51 18 20 37 13 18 17 26 5 29 25 28 23 42 26 22 17 17 27 22 20 29 23 12 21 16 18 15 24 22 30 22 15 15 36 17 27 39 36 30 22 25 24 23 17 22 
20 27 30 18 25 14 18 31 24 15 13 14 22 42 33 19 23 23 16 18 20 29 20 13 14 33 11 16 19 17 14 17 24 20 31 17 29 10 27 32 30 17 19 6 22 14 37 25 22 33 
18 16 17 26 46 13 13 28 17 4 18 21 8 47 33 34 7 13 36 24 17 18 33 23 17 16 32 17 12 11 29 18 14 22 32 16 30 18 19 21 20 30 36 21 37 30 33 17 28 9 
25 22 21 13 34 17 24 33 24 20 14 15 16 34 37 16 21 10 21 24 18 26 21 24 16 14 37 16 22 13 29 14 16 18 14 22 20 13 31 34 38 22 34 18 33 39 38 21 13 19 
15 35 16 17 44 11 19 32 29 22 14 26 17 6 19 37 18 37 22 28 18 27 32 25 14 22 31 23 23 19 18 6 19 34 24 28 19 12 24 23 28 31 20 12 22 23 42 27 13 34 
18 33 21 19 29 26 19 20 26 13 18 23 14 26 29 36 21 23 20 25 20 17 23 20 19 41 24 13 18 13 30 21 22 29 36 22 30 11 19 30 25 29 32 27 27 36 16 37 20 27 
27 30 12 21 42 19 20 25 22 17 19 19 25 36 34 10 17 21 14 31 17 28 30 18 15 25 23 15 27 13 20 13 22 32 25 15 19 18 23 29 36 13 33 19 32 37 19 21 13 23 
28 23 19 22 16 28 13 28 31 11 24 23 23 34 19 32 16 35 37 11 10 22 27 16 16 33 22 12 15 18 25 14 11 23 32 18 27 14 43 37 25 32 29 28 26 20 39 19 20 18 
32 18 13 19 47 21 21 20 29 18 20 15 18 35 28 16 12 28 29 25 18 28 21 16 9 21 16 19 12 11 26 14 23 26 27 21 32 17 35 23 5 20 36 16 16 34 25 26 15 16 
23 42 34 15 36 24 5 22 23 17 18 11 26 21 24 32 15 41 27 16 18 26 29 22 16 17 29 14 11 16 32 21 14 28 25 19 28 13 39 27 27 21 21 24 22 22 45 34 20 17 
20 36 24 13 37 20 13 19 25 21 21 21 5 36 20 13 18 17 17 23 12 23 26 20 10 13 30 19 20 22 23 10 13 24 32 18 32 17 33 17 21 38 32 26 21 25 18 23 22 25 
21 35 28 21 19 22 17 26 22 14 13 18 25 17 27 28 31 13 29 23 13 22 41 17 16 26 28 17 16 23 32 6 24 10 39 13 27 15 23 24 15 20 36 25 25 45 19 29 14 27 
18 26 27 22 31 30 10 25 29 18 14 14 14 20 19 29 12 33 31 17 19 34 31 14 17 21 31 18 15 15 23 21 22 20 28 21 24 20 28 22 30 35 33 20 32 35 31 18 19 17 
23 20 34 18 36 7 17 23 22 18 12 9 24 23 24 19 18 28 13 24 14 23 34 34 13 35 9 15 23 18 34 20 16 30 31 20 27 15 44 19 13 12 39 23 31 28 29 26 19 19 
35 24 24 14 25 29 6 27 26 16 13 26 13 36 36 31 18 26 27 19 23 27 23 16 13 18 32 13 20 21 19 11 23 21 24 22 26 14 29 25 26 41 37 18 21 27 38 35 18 18 
27 27 18 10 24 19 15 22 31 14 12 26 22 18 9 28 16 20 30 29 17 23 29 10 14 24 28 20 11 22 36 19 20 24 36 7 26 15 18 30 21 20 45 16 23 22 21 19 26 23 
36 24 21 15 37 23 11 26 23 26 19 25 18 26 23 23 23 34 21 17 15 21 16 22 17 22 22 18 22 16 25 14 19 24 12 17 16 12 30 35 25 32 30 20 37 18 40 22 25 23 
18 41 22 20 54 25 23 9 24 22 19 16 20 30 14 16 8 23 29 24 15 20 31 18 15 32 18 13 24 25 36 15 25 21 40 26 19 18 27 30 32 23 24 21 25 31 34 28 15 13 
32 29 14 26 28 27 19 24 17 16 6 15 20 29 18 26 23 21 27 11 12 19 29 19 18 36 32 11 15 10 24 9 16 15 21 17 24 18 40 23 16 37 29 29 25 17 25 27 11 10 
16 46 26 20 34 33 17 22 20 13 18 25 22 41 17 33 11 27 20 16 20 17 34 19 9 31 24 17 15 11 29 21 19 40 30 17 19 13 45 48 18 31 22 15 23 23 45 35 27 23 
26 19 19 18 14 26 24 27 35 17 16 11 18 16 26 20 16 25 22 21 6 24 36 12 10 14 18 18 24 16 24 26 21 6 30 24 22 23 38 20 26 10 30 17 26 38 27 30 25 26 
29 23 19 10 39 19 18 23 13 17 11 17 28 46 21 23 19 26 13 25 14 28 27 11 20 29 36 16 19 11 23 16 19 30 13 29 23 19 41 22 13 23 23 13 22 28 33 19 3 27 
22 37 24 15 39 22 22 31 23 21 16 20 18 35 23 26 26 40 24 19 18 35 21 14 11 29 37 16 23 9 21 19 12 17 30 16 19 16 34 24 23 25 41 19 16 35 24 34 16 33 
20 33 18 30 24 25 10 21 35 9 15 13 25 34 30 30 3 30 24 16 17 31 18 13 15 18 23 16 24 11 28 11 27 22 33 20 33 18 30 25 22 34 21 33 20 18 31 33 11 30 
13 33 17 25 13 23 20 29 13 15 15 21 22 40 17 31 31 25 27 26 16 26 30 11 15 17 38 17 20 17 15 19 17 14 27 18 20 15 29 18 21 27 34 23 24 34 27 18 25 17 
19 31 25 15 30 19 19 32 21 16 17 22 12 31 25 25 17 25 28 18 17 19 19 18 8 25 38 14 9 24 26 23 25 23 29 21 22 17 21 25 22 38 37 25 21 29 27 20 19 20 
21 38 23 16 44 22 24 33 21 25 10 16 16 20 25 27 22 21 11 16 12 24 36 22 16 26 40 15 23 14 26 29 16 36 38 17 33 7 42 30 20 29 29 34 26 29 32 20 16 19 
25 27 28 8 29 24 21 19 11 11 13 20 19 31 24 27 5 30 13 23 13 26 28 16 21 38 29 14 15 14 17 14 12 21 35 18 18 17 24 13 6 33 27 23 26 25 29 28 14 28 
15 26 29 10 45 25 22 21 18 18 7 21 19 17 14 18 19 23 18 19 13 18 26 16 14 22 28 10 29 18 13 9 18 32 34 19 19 14 32 30 13 25 26 32 31 25 39 25 19 20 
29 24 26 11 23 25 16 32 30 17 18 18 21 22 23 8 19 3 18 21 14 33 18 18 24 14 26 13 19 16 27 19 21 42 18 17 20 13 28 12 20 25 19 22 6 25 35 28 23 20 
27 8 27 22 29 34 21 29 24 15 19 26 17 27 17 43 22 32 22 24 16 23 14 30 13 13 21 17 5 13 36 16 24 17 38 11 17 20 22 23 21 38 36 12 19 35 19 19 19 30 
14 16 22 18 35 21 22 14 23 20 18 19 14 30 19 29 16 11 28 2 13 9 38 21 21 25 13 17 21 20 27 15 11 7 27 19 22 14 19 28 15 30 18 19 24 29 35 29 21 26 
19 30 30 21 12 33 20 25 28 14 18 18 19 31 29 27 14 28 31 13 16 18 26 13 15 23 25 12 18 10 36 16 16 31 27 14 22 21 52 19 17 35 31 15 32 20 26 30 8 16 
24 24 22 18 20 27 24 20 28 17 17 12 20 22 20 31 22 46 37 18 9 14 25 20 14 31 30 21 3 15 14 17 18 22 28 16 21 18 32 19 20 33 45 26 28 24 27 27 13 16 
13 36 21 11 17 24 10 29 33 18 11 11 20 26 20 34 15 32 34 30 16 17 29 19 22 28 20 14 17 14 28 29 10 33 29 15 27 22 26 23 21 27 16 20 18 27 28 23 14 22 
27 38 15 8 27 24 19 26 20 19 16 14 18 23 30 25 21 28 19 23 12 13 18 24 14 18 45 11 18 14 25 17 24 28 31 28 28 14 39 34 24 37 39 28 14 21 28 31 12 18 
27 25 23 20 27 24 14 28 13 14 15 13 10 15 21 32 26 26 36 19 15 15 29 22 18 24 27 19 21 17 44 20 18 35 19 18 34 20 20 13 30 31 12 29 24 42 36 25 14 22 
28 34 14 10 26 21 20 21 26 19 17 10 17 27 26 30 14 33 23 26 15 20 22 26 11 30 14 10 11 17 24 12 23 32 29 14 25 11 32 27 22 23 37 21 28 39 43 23 16 35 
25 23 18 16 30 23 26 23 32 17 20 26 20 27 31 20 15 19 19 17 18 26 29 19 13 29 25 12 14 14 16 18 21 18 13 15 25 16 23 38 22 26 37 14 27 29 26 22 11 25 
15 28 24 12 24 34 17 32 21 17 22 16 30 29 21 19 23 38 51 29 12 35 27 20 11 29 22 17 16 25 40 18 17 31 35 20 22 12 35 33 24 12 36 23 25 25 20 14 22 32 
29 21 35 14 31 21 16 28 16 15 17 16 14 40 22 35 15 23 23 15 13 30 22 11 15 35 25 19 17 26 12 20 20 23 23 28 27 16 34 14 19 16 6 20 18 37 21 26 25 26 
17 32 16 29 42 21 17 34 26 15 18 28 23 27 19 18 25 23 28 23 19 21 30 12 14 22 17 16 10 15 24 9 12 31 22 16 34 16 33 35 23 19 25 22 28 43 35 28 12 24 
17 44 15 19 37 23 22 22 15 11 20 16 20 25 20 33 23 16 20 27 21 9 29 21 13 35 16 13 18 14 26 23 19 39 21 21 20 19 25 34 21 36 31 28 21 31 27 15 21 31 
24 25 21 16 44 16 17 13 16 16 10 14 19 56 34 34 25 38 29 15 18 18 19 13 15 27 12 15 20 13 30 17 17 28 20 20 22 20 27 20 15 21 25 25 25 27 27 20 27 23 
21 24 29 8 47 23 11 35 24 11 20 19 18 26 18 19 30 25 20 11 22 14 26 20 13 28 39 17 18 16 30 22 19 36 11 19 27 10 26 27 21 33 25 23 10 32 18 19 17 28 
20 21 27 18 23 17 16 37 25 10 14 15 17 22 20 16 27 25 28 16 16 22 34 21 10 39 27 20 21 15 21 17 16 25 27 20 24 15 28 29 30 27 18 33 21 30 25 18 20 13 
20 40 20 20 50 32 19 17 21 16 10 9 11 32 22 28 23 24 28 22 14 27 15 15 10 29 26 12 15 20 18 15 8 29 27 21 20 12 29 30 30 27 20 25 23 24 39 29 25 23 
29 27 27 12 60 22 23 25 18 16 16 16 21 20 23 31 15 32 33 17 8 23 16 13 15 19 19 15 16 21 34 21 22 18 25 21 30 11 14 23 26 19 37 23 14 28 27 26 9 30 
31 36 30 14 31 21 15 25 23 15 18 25 17 8 21 23 17 14 20 30 15 28 31 21 16 15 32 11 16 18 15 16 17 29 31 22 22 12 44 31 27 30 29 26 26 32 43 32 21 10 
21 25 9 17 15 18 22 31 25 16 13 20 24 22 29 21 25 29 17 19 16 21 27 19 19 30 29 18 22 16 23 22 15 6 37 17 21 9 22 24 19 29 21 13 24 45 22 23 20 20 
29 28 18 20 27 12 7 17 24 19 11 12 23 38 24 26 10 29 26 19 17 29 28 13 12 15 29 6 11 20 24 13 17 39 41 21 22 7 29 40 27 22 31 12 18 37 21 25 19 27 
26 5 28 15 42 30 18 19 31 12 18 18 15 37 33 22 23 30 23 30 12 16 20 22 13 27 26 20 18 15 25 15 9 21 37 14 33 19 39 26 19 22 15 21 18 30 23 27 20 24 
32 22 16 19 19 25 23 28 28 20 13 26 17 6 25 25 27 34 24 20 19 19 22 23 11 16 24 15 16 14 36 9 18 36 32 26 19 15 34 26 25 27 14 14 29 33 26 25 17 13 
10 33 15 17 9 24 24 26 33 17 17 21 23 23 13 38 23 29 14 24 15 22 24 8 14 38 20 7 16 7 11 9 15 22 16 18 17 15 21 32 24 23 24 20 23 22 22 32 18 30 
18 10 22 20 32 13 14 23 27 8 7 24 29 17 25 27 24 21 36 16 16 15 22 14 14 38 40 19 14 13 22 24 17 27 25 18 18 20 27 29 14 18 29 26 30 22 42 34 13 23 
15 23 22 19 24 29 11 31 19 13 14 26 24 21 19 31 12 22 33 21 21 17 33 17 25 18 32 11 16 13 27 13 15 22 25 23 25 15 27 14 19 32 35 15 28 38 38 33 26 18 
21 24 24 11 15 29 27 36 32 18 20 19 19 35 22 20 19 11 20 18 11 32 11 8 13 19 33 12 20 18 33 19 15 19 48 13 30 15 26 16 23 28 19 25 24 43 30 14 22 33 
36 16 19 13 29 16 17 38 19 15 15 23 23 33 17 28 24 27 31 30 14 26 23 22 13 23 33 19 25 19 24 10 23 27 17 28 23 15 25 26 34 29 31 23 20 28 28 26 22 20 
17 30 13 19 50 8 21 20 31 12 10 13 21 43 22 37 19 41 28 16 19 34 24 19 9 35 21 14 20 11 27 17 26 33 23 17 16 18 25 29 30 27 38 12 20 27 21 15 19 18 
18 25 16 13 13 15 23 36 20 11 8 14 15 32 22 32 22 35 36 18 15 38 25 15 19 31 16 22 19 16 26 13 20 22 22 23 21 14 34 18 29 30 35 17 28 43 33 25 19 19 
26 28 28 21 26 25 24 17 23 18 11 18 9 30 20 5 27 29 32 24 15 21 21 10 23 34 40 13 20 17 31 20 30 38 39 20 25 20 34 39 24 35 24 22 14 24 40 29 16 9 
22 14 18 17 37 22 19 19 23 15 13 19 17 15 26 17 16 34 12 12 15 11 26 23 13 12 30 7 23 16 26 11 24 25 21 20 24 16 38 29 37 18 15 21 24 13 25 14 12 26 
18 25 36 15 37 22 16 36 23 10 15 19 17 39 20 25 20 39 19 25 8 30 28 18 10 26 26 18 20 16 33 12 15 25 23 22 26 9 33 15 20 26 30 21 34 43 34 19 25 28 
14 31 23 30 24 19 18 29 29 17 15 20 14 33 29 36 21 19 16 20 17 30 22 19 11 18 31 22 15 17 37 10 25 36 21 13 26 10 41 24 23 19 33 20 8 11 27 24 21 34 
31 30 18 15 42 31 15 22 21 23 10 28 17 27 24 35 24 32 23 24 21 23 21 16 24 34 17 15 14 21 31 16 19 27 20 22 22 23 29 37 20 29 35 18 30 32 38 19 12 13 
21 21 17 23 34 25 19 26 29 15 16 22 17 38 19 17 16 25 28 26 19 16 29 21 14 18 36 10 12 21 30 24 23 28 39 31 27 18 38 35 26 36 20 20 28 23 30 21 18 19 
25 41 15 14 49 24 15 18 12 20 11 17 19 45 21 25 18 14 20 20 13 20 18 26 18 29 25 13 16 18 24 15 24 12 23 16 25 14 38 32 32 24 27 29 34 20 25 20 27 35 
12 40 22 12 21 12 18 31 34 6 18 22 16 35 26 24 21 30 32 27 13 28 29 17 13 32 35 19 19 22 25 21 12 20 38 20 13 19 44 38 29 22 28 10 18 24 27 28 20 22 
18 34 21 21 29 26 18 13 27 20 15 16 18 45 20 18 21 31 16 21 22 26 21 23 18 22 30 22 17 15 22 11 17 29 16 22 22 18 14 37 21 32 32 29 16 29 36 32 20 15 
10 35 22 9 28 21 24 30 19 13 15 23 24 17 16 26 21 35 26 16 13 25 17 26 15 33 31 14 27 17 28 15 15 24 25 20 15 11 35 26 22 18 39 30 31 42 30 25 16 28 
18 23 18 24 37 37 16 25 19 22 18 9 19 30 18 14 14 33 12 24 23 23 26 16 20 20 28 7 12 19 29 22 15 25 22 20 26 12 20 27 12 22 32 12 22 23 27 29 12 20 
23 19 28 11 24 30 23 25 18 20 8 12 12 29 8 29 17 37 26 20 13 18 36 26 10 38 29 19 17 17 32 15 21 21 27 11 24 15 22 28 19 33 34 15 26 28 21 21 26 26 
20 26 18 18 23 20 17 22 26 13 17 14 27 44 26 12 15 41 35 25 14 24 36 22 16 17 32 18 17 16 32 21 17 39 22 23 17 13 40 24 16 26 48 23 20 32 45 20 24 20 
25 18 25 25 47 26 17 14 24 17 14 22 17 33 26 34 30 24 25 12 14 30 31 20 17 21 25 10 15 13 26 15 22 14 32 22 19 18 27 30 28 29 24 23 29 12 30 28 19 21 
25 28 7 12 29 30 13 16 17 15 15 16 18 35 21 27 22 19 32 14 18 24 37 16 21 16 20 17 17 18 33 22 24 27 16 13 27 20 33 31 24 25 24 15 28 39 33 15 14 18 
22 34 15 29 45 23 22 33 16 17 12 8 12 19 14 29 30 16 24 28 20 32 37 17 14 41 28 10 24 20 38 14 20 23 22 12 25 17 27 36 11 24 26 20 12 25 36 34 24 13 
28 39 30 21 30 8 27 33 29 15 18 19 18 22 23 24 20 33 28 22 12 27 35 14 15 34 24 17 19 19 30 13 19 10 35 12 9 14 14 22 19 28 26 18 23 33 39 25 17 23 
24 11 15 17 18 26 18 33 15 24 20 14 22 25 22 18 31 24 14 16 12 21 31 20 12 28 23 17 18 12 16 17 25 16 37 17 30 14 31 25 30 28 30 18 20 42 11 20 10 11 
22 17 12 25 6 26 8 22 23 22 13 15 15 34 27 14 34 27 31 16 2 26 14 22 12 33 22 23 18 16 32 17 17 28 16 14 20 23 40 22 25 17 38 16 25 21 23 35 19 23 
22 30 26 20 26 26 22 28 13 11 12 11 21 25 19 28 25 28 32 30 17 22 28 27 11 21 30 14 14 14 42 16 13 18 30 27 19 13 20 33 21 28 29 23 17 18 38 27 24 21 
19 21 21 9 33 26 26 16 31 17 18 12 20 35 21 15 25 25 16 15 22 19 23 24 13 11 31 20 18 16 11 16 23 11 18 21 24 21 24 26 15 15 26 21 29 37 21 12 19 27 
19 32 18 21 29 18 14 29 28 13 19 23 16 33 19 41 34 19 25 25 14 12 32 12 17 13 28 17 27 18 25 15 27 36 22 25 34 17 35 20 32 31 23 20 20 28 30 31 23 32 
10 27 17 25 6 28 18 24 27 18 18 17 11 37 11 24 20 30 23 16 16 18 36 17 12 36 24 11 21 8 40 18 20 34 28 14 17 11 36 28 24 22 39 16 25 30 26 26 24 13 
20 28 24 12 19 21 18 22 20 20 10 23 25 38 12 12 15 28 19 23 22 32 31 21 11 26 37 16 19 20 33 17 23 16 25 15 32 13 43 20 12 37 29 20 27 19 30 19 20 22 
19 16 30 17 26 24 9 17 24 11 2 25 11 30 14 28 14 29 40 33 15 21 20 12 12 30 29 17 11 13 17 15 24 29 21 18 23 15 38 22 27 34 27 22 27 26 27 8 11 16 
12 34 23 21 20 13 18 33 15 13 15 11 26 15 21 27 29 25 21 8 16 26 28 9 16 23 16 16 16 12 36 21 12 21 24 21 34 14 20 32 22 30 32 13 31 34 36 29 15 23 
7 31 34 16 26 20 15 23 22 16 20 13 21 16 22 33 16 22 27 19 19 22 26 24 12 31 22 10 22 14 34 13 20 20 31 16 31 20 23 23 28 34 38 24 28 24 32 32 20 22 
24 36 15 12 35 13 17 25 19 19 18 12 9 38 22 36 27 21 26 22 16 23 21 20 12 18 32 20 11 16 35 8 20 32 32 20 22 17 37 37 17 36 32 12 16 36 42 26 24 27 
25 26 16 23 10 34 16 18 30 20 13 14 17 50 25 37 30 14 24 24 20 35 32 20 9 48 39 14 27 15 21 17 12 20 35 25 23 21 19 22 15 41 41 23 21 34 36 33 16 23 
23 18 25 30 38 25 10 29 17 14 14 12 20 21 21 30 20 33 11 20 14 30 31 18 17 23 32 9 14 17 19 19 21 32 21 19 26 18 42 26 24 36 41 35 35 31 34 30 13 24 
22 24 25 23 19 21 14 26 20 4 14 12 20 36 28 32 23 27 20 23 13 26 33 32 15 35 20 18 20 18 24 14 33 19 27 25 32 16 8 24 16 21 19 16 16 30 31 21 17 18 
28 35 24 22 35 10 14 40 21 22 17 21 13 44 12 21 23 25 23 23 16 25 32 13 12 21 28 21 14 21 31 29 24 24 29 12 11 15 23 40 26 24 29 23 25 20 27 31 21 13 
25 22 29 20 33 27 23 32 31 9 23 22 8 27 32 18 26 31 21 31 19 30 31 13 18 24 38 18 24 13 32 17 24 30 16 21 18 17 33 20 21 54 33 23 22 35 41 24 20 36 
25 34 16 20 21 28 25 23 24 9 19 12 24 23 21 33 32 23 24 12 7 17 27 19 23 23 37 16 12 12 42 19 18 24 28 15 21 10 37 29 24 29 24 25 20 29 31 24 14 22 
15 22 9 13 11 23 22 34 12 7 19 21 17 42 27 22 19 36 11 27 15 31 28 16 13 19 32 20 23 14 25 17 14 50 39 21 23 17 4 22 25 16 30 30 5 37 33 26 11 15 
17 28 8 18 22 21 17 41 21 15 17 11 28 27 26 24 15 39 33 22 16 19 26 17 18 30 25 11 7 16 24 20 29 29 32 22 24 11 18 36 24 19 29 17 29 24 20 21 14 16 
24 21 19 20 27 21 19 24 17 16 11 20 20 25 30 21 24 28 18 25 17 32 17 13 16 27 21 16 19 16 22 12 15 42 21 23 21 16 52 28 21 28 22 15 11 33 9 20 15 21 
18 19 26 19 37 30 18 45 23 19 15 20 16 29 25 22 16 39 17 14 13 30 18 15 23 22 27 14 13 15 37 13 23 20 27 24 22 20 16 34 10 22 25 22 11 41 24 30 20 19 
21 18 26 11 27 21 18 29 13 21 19 16 25 21 17 24 14 24 43 24 19 39 23 25 22 19 40 15 19 17 25 15 11 41 24 12 31 20 24 20 42 30 32 12 26 32 32 13 18 13 
25 26 27 20 29 29 21 28 19 18 18 12 20 21 28 27 14 28 22 29 14 21 22 14 20 37 13 25 21 13 25 20 18 35 15 25 24 11 39 25 20 16 18 23 29 19 30 32 20 26 
12 36 30 13 29 17 22 33 19 15 17 13 18 43 27 16 20 30 28 16 18 33 29 16 18 37 28 14 17 19 37 20 17 22 13 24 20 14 23 26 19 48 36 14 10 36 25 17 17 30 
9 27 35 14 18 31 18 29 27 11 11 24 12 27 25 20 18 36 34 16 22 29 35 23 15 17 25 16 15 14 31 24 25 31 31 13 17 11 30 39 19 29 28 14 22 34 24 22 27 21 
25 39 17 12 16 28 22 33 22 21 16 23 20 28 17 32 19 28 29 14 20 25 23 16 19 25 18 14 15 20 22 13 15 37 20 14 21 16 42 29 27 29 34 27 18 32 28 19 21 26 
24 13 25 10 25 25 18 39 15 13 13 22 16 25 29 21 7 21 27 20 16 27 22 6 5 17 31 15 18 11 33 17 32 18 13 16 20 17 25 24 19 41 23 19 21 31 37 27 17 17 
17 20 23 19 30 26 17 17 22 24 12 18 20 20 12 31 10 28 36 29 16 26 23 13 21 25 27 15 18 13 29 27 24 19 37 17 26 15 28 36 20 17 25 14 20 39 27 26 8 23 
11 23 29 13 31 23 19 25 20 16 14 21 15 32 20 18 24 29 21 18 13 26 23 18 17 29 41 16 6 16 26 17 19 6 20 23 33 16 18 28 19 36 20 13 19 30 37 24 16 23 
27 18 22 25 37 20 14 15 26 15 14 19 10 39 19 34 34 36 27 11 13 23 33 18 17 23 22 17 27 8 32 16 15 33 22 18 33 14 47 20 19 36 23 21 35 19 32 24 16 20 
15 24 23 19 29 30 13 25 26 9 16 13 21 37 27 18 16 28 17 14 22 32 28 17 15 26 31 11 11 17 24 16 11 17 23 21 24 16 20 22 27 30 25 27 21 37 37 19 15 29 
11 33 31 23 31 18 19 31 12 20 11 12 14 19 15 32 21 19 30 19 14 31 12 12 13 21 35 13 17 14 25 17 12 23 30 19 22 15 31 24 32 20 36 17 31 24 15 17 20 24 
13 36 18 18 38 17 9 20 18 15 16 15 18 24 15 28 19 17 28 13 15 29 19 12 18 32 33 14 17 17 18 18 25 30 24 20 29 25 26 24 23 34 25 27 27 11 19 28 12 25 
16 40 24 14 36 22 16 32 18 23 22 17 14 29 20 34 18 21 25 12 11 24 32 23 8 31 30 13 20 15 24 12 20 22 43 9 25 17 28 23 30 38 18 28 20 20 39 21 17 22 
17 25 15 19 40 22 15 31 37 14 13 19 10 49 19 27 23 10 40 22 17 26 22 16 15 28 22 16 8 17 31 16 15 23 25 21 25 12 4 40 16 30 20 32 11 44 17 41 17 11 
14 23 34 16 26 29 15 16 26 14 21 21 24 35 31 22 23 16 16 23 13 28 38 22 17 29 36 15 17 17 27 13 21 23 29 20 19 11 29 27 11 29 28 22 18 14 22 25 15 14 
11 17 26 16 38 26 27 28 18 13 21 20 22 31 39 32 19 33 11 27 16 17 27 17 12 37 33 5 16 16 25 24 18 20 32 26 18 15 28 34 18 22 25 11 28 29 28 25 16 14 
23 25 31 18 44 16 4 30 28 18 16 12 19 20 29 20 10 24 15 13 4 20 34 22 20 18 29 13 10 19 30 22 25 12 16 31 27 13 44 36 24 26 27 15 22 32 34 21 19 14 
13 24 19 24 35 33 26 25 23 16 17 12 13 28 16 33 27 25 17 12 16 36 29 20 13 25 28 17 18 16 44 11 13 14 21 19 28 13 18 25 31 29 23 13 23 12 30 30 13 20 
15 20 13 21 22 26 9 33 26 20 16 17 9 31 25 29 27 29 29 6 4 24 24 20 17 24 25 20 15 13 32 19 27 29 16 17 15 12 31 26 20 46 45 26 16 33 41 26 21 22 
26 33 24 16 45 33 24 25 23 17 11 15 10 34 15 22 22 37 17 23 18 25 32 14 14 28 31 9 12 9 36 22 14 22 23 13 26 15 30 35 22 29 30 30 30 36 26 16 12 26 
24 30 21 27 34 15 23 33 20 17 18 19 12 18 32 39 25 25 29 18 11 16 29 29 17 27 39 20 20 12 33 8 14 19 16 15 26 14 38 32 31 31 28 21 27 18 37 9 16 23 
18 35 22 14 34 33 8 21 23 21 12 19 15 26 12 16 26 26 14 20 14 23 16 14 15 33 19 15 16 15 34 20 18 29 32 18 13 16 27 47 26 32 34 19 39 47 27 27 15 23 
32 20 26 26 30 17 24 34 28 17 14 10 23 27 14 25 17 31 34 26 19 21 31 20 18 8 26 15 14 14 22 12 23 25 19 27 33 14 22 16 18 17 26 24 18 31 35 16 20 11 
24 52 22 21 41 15 19 32 39 15 24 21 23 37 26 32 20 24 20 20 15 27 10 9 20 14 29 17 15 16 17 9 19 33 31 20 28 18 25 14 25 34 16 16 24 24 24 20 22 16 
18 7 16 19 29 30 17 16 21 24 12 9 20 32 24 29 9 17 20 21 10 25 19 15 6 21 34 19 14 15 26 24 27 27 15 19 21 19 32 31 29 44 41 27 14 32 24 38 9 22 
19 14 26 16 27 21 21 21 27 15 21 20 21 28 28 24 11 21 9 16 20 24 40 19 10 34 29 21 15 17 24 15 14 25 27 20 21 19 25 33 28 37 39 16 33 38 49 25 18 23 
20 25 17 31 29 13 16 34 21 17 17 13 25 25 23 22 25 34 36 27 14 19 32 22 14 16 20 16 16 10 25 18 13 23 26 7 17 16 27 26 25 24 29 16 16 22 39 29 15 23 
19 29 25 13 20 27 21 16 17 12 10 10 25 42 24 27 19 36 19 20 15 24 29 19 18 28 33 7 9 18 21 17 16 24 33 15 28 11 44 34 16 44 31 22 24 34 30 23 26 24 
11 40 21 11 34 21 11 26 17 20 18 16 15 45 18 42 24 24 26 14 13 27 28 21 7 34 22 15 17 11 38 16 22 25 27 24 23 14 39 38 31 25 38 17 17 34 41 22 13 19 
27 39 25 18 27 14 20 40 19 17 12 14 18 22 25 24 21 22 29 24 15 20 15 21 13 15 33 17 18 17 13 11 21 32 24 17 16 15 29 17 24 25 20 18 24 35 29 20 21 10 
20 34 16 28 26 17 12 36 18 20 17 24 12 31 24 25 21 31 25 18 20 29 23 10 19 35 26 13 16 18 36 18 28 28 30 14 20 19 41 22 24 37 20 26 13 23 29 22 15 23 
22 23 42 16 16 24 19 24 19 22 15 20 10 26 24 33 19 28 25 29 13 38 13 26 19 18 26 17 11 14 22 19 16 19 10 24 28 15 30 7 14 30 34 19 28 41 45 20 20 14 
19 45 29 19 11 15 17 24 19 16 18 12 18 28 16 18 11 37 31 24 21 19 22 13 16 31 22 13 22 17 28 17 25 17 23 12 21 20 40 27 25 21 36 15 24 27 32 23 23 28 
31 23 29 26 22 23 20 27 19 19 11 24 18 16 11 21 21 37 18 35 17 12 31 21 14 26 23 12 22 18 29 6 23 33 19 13 15 12 35 18 35 28 25 17 30 28 33 16 16 32 
27 29 21 19 29 31 14 18 19 13 11 23 23 36 16 41 21 26 23 14 14 23 29 5 15 29 29 14 20 13 31 27 30 30 23 7 26 14 22 23 20 41 18 24 27 23 36 23 15 28 
13 14 18 16 17 17 12 23 23 18 19 23 20 33 28 10 24 37 14 25 12 28 20 21 18 30 11 10 27 14 26 12 14 33 27 15 17 14 25 27 9 16 20 23 30 24 30 28 13 25 
16 41 18 16 31 11 10 29 24 27 19 15 28 22 28 20 24 21 23 19 11 19 21 21 17 24 24 7 21 25 28 18 14 24 35 17 26 18 32 27 14 33 27 23 30 17 47 16 17 32 
19 23 20 16 43 24 18 34 19 20 19 20 11 26 26 21 15 17 28 17 16 28 37 17 14 28 34 13 20 8 21 12 22 18 18 27 27 10 29 24 19 25 10 20 20 21 43 25 21 30 
28 27 15 29 28 19 12 11 25 17 11 23 17 16 18 24 17 33 15 24 23 20 40 18 17 25 24 10 19 19 21 17 25 35 26 14 21 14 40 40 5 28 35 23 30 26 24 36 7 22 
11 22 17 23 20 26 32 27 38 17 15 14 16 35 16 37 13 34 32 26 21 20 25 27 19 31 41 11 19 16 26 25 29 21 27 17 25 14 21 31 14 27 16 17 29 13 31 20 9 26 
13 32 32 17 19 23 25 21 15 12 13 31 18 28 33 13 24 33 12 18 14 9 18 24 20 22 36 17 17 16 27 23 16 34 33 20 21 7 27 35 31 28 53 26 21 33 27 34 21 25 
27 26 17 16 38 29 14 33 35 14 18 17 26 16 29 26 14 18 25 27 6 18 26 30 12 29 22 23 23 15 18 17 15 29 33 20 17 12 29 19 27 25 26 25 22 26 28 22 12 21 
11 23 27 19 44 16 17 26 22 16 14 17 11 35 29 24 15 22 26 16 16 23 26 24 17 26 38 23 20 16 20 13 26 17 33 24 22 15 35 35 21 25 23 27 24 25 30 14 22 32 
22 44 27 20 36 27 22 31 19 17 13 19 16 28 18 26 16 32 28 23 17 28 28 17 17 31 25 21 15 23 24 20 23 21 23 16 21 19 30 31 14 25 33 21 32 32 32 23 17 16 
11 36 17 10 21 17 25 29 20 9 8 18 18 31 21 32 20 36 17 22 16 19 30 19 19 33 26 19 13 21 30 15 12 27 26 21 24 13 45 25 8 25 28 19 8 22 12 35 12 16 
23 33 30 18 18 28 8 24 12 14 20 12 18 27 12 11 14 17 35 11 12 22 19 27 10 18 38 18 20 10 35 8 30 19 30 17 28 21 33 37 28 23 32 19 24 15 42 24 19 32 
22 33 17 22 26 27 16 17 31 25 19 10 16 41 14 27 19 25 28 26 17 24 20 22 12 28 28 20 7 11 26 18 12 26 30 13 17 22 39 28 18 49 21 30 31 24 42 33 12 23 
15 17 30 8 30 27 14 31 22 16 11 31 18 34 22 28 25 19 22 15 16 33 34 24 12 38 38 20 14 16 34 15 30 34 47 15 23 21 29 14 25 30 26 26 17 24 33 31 18 27 
9 33 19 23 37 31 12 28 17 22 22 18 17 38 15 27 5 18 28 29 11 25 19 12 10 22 32 17 22 14 28 9 28 27 29 25 25 16 17 22 29 39 23 17 26 47 17 22 16 26 
24 10 29 17 31 17 18 21 29 14 22 18 19 29 19 11 23 26 18 18 25 30 18 27 15 37 42 14 18 12 17 13 13 26 24 19 18 9 23 38 16 30 23 15 12 27 15 30 18 30 
15 34 15 18 29 19 19 31 25 13 18 24 19 28 31 22 15 23 21 19 9 16 28 21 15 27 36 21 10 18 39 18 24 12 30 17 25 20 31 21 31 37 32 26 37 31 34 27 19 20 
31 20 19 21 31 18 18 26 11 10 13 18 32 19 16 22 23 37 20 18 16 20 30 16 17 30 16 8 14 14 15 6 12 30 20 17 31 11 36 32 25 36 37 23 18 32 44 28 15 23 
18 18 5 14 26 14 31 31 27 10 11 17 22 25 21 24 23 40 18 20 19 15 33 14 13 40 43 15 12 22 34 20 27 30 44 14 17 17 33 28 20 31 41 18 21 31 25 22 9 22 
20 38 19 13 13 26 14 23 18 17 13 14 21 47 27 21 22 22 19 21 22 20 19 15 14 29 19 17 23 16 33 20 18 30 40 21 10 20 34 20 26 32 27 20 21 31 37 22 16 27 
29 34 21 17 35 25 18 16 30 26 9 23 25 41 33 30 19 35 19 17 16 32 18 18 10 25 38 20 26 14 21 21 17 34 28 14 22 18 26 28 24 34 31 25 15 27 29 32 11 31 
14 31 16 17 41 23 8 21 26 18 21 18 11 29 25 31 37 37 16 21 11 21 26 25 16 22 36 11 13 15 28 25 22 22 29 29 24 21 10 29 23 33 24 29 33 29 19 20 18 27 
22 29 22 22 44 19 24 25 22 15 10 19 16 13 28 24 26 26 33 16 21 35 27 14 14 32 27 24 12 19 18 11 15 34 27 15 12 17 19 27 17 23 27 17 26 26 24 17 11 21 
24 27 32 8 26 25 22 29 17 17 14 19 13 29 26 24 17 14 19 18 18 25 28 5 11 15 29 12 13 12 29 20 16 32 23 32 14 17 32 36 25 19 33 21 22 45 39 21 24 24 
27 22 21 29 15 33 19 19 21 14 17 16 17 26 28 31 17 27 21 19 14 16 28 21 19 24 33 14 10 13 26 15 15 33 40 22 15 19 31 16 41 14 40 15 19 23 33 26 17 16 
32 36 21 16 38 26 17 35 21 21 13 26 30 31 25 34 34 18 15 24 17 21 23 27 18 24 32 13 12 11 23 17 17 27 36 24 21 21 32 42 20 41 30 22 36 30 32 17 14 17 
8 35 21 19 24 20 11 21 25 16 14 26 17 27 24 25 15 18 16 28 17 28 29 25 18 23 14 16 22 15 36 11 19 27 30 20 29 16 29 25 29 34 30 34 33 31 33 12 16 24 
18 24 36 22 37 20 13 23 23 21 20 17 17 24 19 29 27 33 13 20 16 14 28 19 14 25 30 11 19 18 32 19 19 25 20 21 24 16 15 32 23 19 39 28 31 21 16 23 12 30 
28 23 23 14 28 21 15 19 18 14 15 18 13 20 20 26 19 45 22 26 17 35 18 12 9 16 33 19 20 17 19 11 19 38 29 17 21 16 21 44 30 24 40 38 30 24 23 29 20 27 
27 31 31 14 24 28 18 11 24 11 20 15 24 32 20 23 27 31 22 31 11 36 18 17 18 37 34 7 11 19 22 19 14 26 18 17 18 12 27 34 22 15 11 24 19 28 12 22 28 26 
28 14 19 21 30 17 13 29 23 19 18 20 27 24 10 6 27 23 22 27 24 18 20 19 20 21 13 16 19 16 28 23 21 22 32 20 27 15 32 27 15 42 35 21 16 28 25 17 15 22 
26 25 17 13 28 35 14 23 32 14 12 18 9 36 23 18 26 23 31 20 19 26 28 31 19 20 34 9 14 13 28 19 24 23 21 14 31 8 27 25 27 19 21 20 17 29 23 15 20 20 
17 34 27 25 31 16 15 21 16 18 15 15 15 23 28 16 19 16 22 12 22 19 30 21 15 33 19 9 29 19 15 14 14 21 24 20 18 14 42 21 33 39 20 16 26 23 39 7 21 31 
16 30 37 26 48 28 14 30 28 19 12 13 18 28 16 24 20 27 23 16 27 12 25 26 13 21 32 13 17 17 26 23 21 21 38 14 12 17 33 20 23 12 30 18 9 41 31 15 19 23 
15 36 21 20 34 25 18 22 8 20 15 18 17 32 17 17 20 16 20 24 15 17 19 10 17 21 23 15 10 15 30 26 22 28 19 24 16 15 28 38 23 40 29 11 27 22 42 11 17 24 
32 31 18 22 20 22 15 22 22 17 20 19 12 25 30 18 17 15 11 28 12 18 28 13 17 26 44 16 16 15 35 27 14 28 12 14 24 16 41 30 20 21 30 19 34 22 21 31 20 17 
14 29 16 6 40 26 18 29 26 8 19 18 14 32 24 20 16 22 26 27 13 31 38 12 20 23 23 9 23 18 27 11 14 19 26 23 19 18 42 28 18 32 22 10 26 23 28 25 17 22 
18 45 22 15 25 28 9 21 27 14 18 15 24 33 17 28 13 27 24 12 20 9 36 20 15 19 30 15 14 11 26 6 15 47 26 27 29 22 28 12 29 29 39 20 31 31 34 25 17 23 
20 22 23 8 49 18 21 29 21 12 14 20 12 36 31 28 16 24 23 16 15 28 22 20 22 39 24 19 23 18 27 15 21 28 14 22 24 12 22 24 20 30 35 32 24 44 36 16 16 27 
19 25 30 26 36 23 17 17 32 27 18 17 15 39 20 25 21 26 25 18 20 19 30 16 9 26 38 18 9 18 20 12 21 20 33 19 20 17 23 28 11 20 42 34 20 32 31 20 20 15 
21 40 22 14 15 18 12 26 23 17 17 8 15 30 16 24 29 27 15 15 19 22 30 14 13 23 47 14 19 13 33 20 9 25 39 20 24 16 17 24 20 20 19 21 22 31 23 21 15 24 
25 22 22 16 44 19 12 25 23 12 15 12 19 51 16 33 28 20 30 18 6 31 19 23 12 28 33 19 18 20 16 24 19 25 46 19 33 17 27 19 30 31 35 11 24 34 28 28 24 23 
22 37 24 9 20 19 23 27 18 19 17 19 25 10 18 34 21 29 14 20 18 5 18 17 10 7 19 16 22 24 21 11 24 31 15 10 18 10 15 29 30 34 24 8 28 35 38 19 10 29 
15 28 19 21 23 12 20 17 25 20 20 26 21 26 26 23 26 28 24 25 11 20 32 16 16 29 21 18 16 16 26 19 19 24 31 17 26 20 30 29 19 36 37 26 35 20 20 26 17 27 
16 16 22 18 40 22 21 21 25 16 14 14 27 33 20 35 13 24 28 30 16 16 34 19 16 45 30 12 4 14 19 19 20 19 26 22 23 20 30 20 24 20 24 21 23 41 27 31 21 31 
21 24 17 22 37 30 19 23 16 17 15 17 23 31 27 18 18 41 38 17 15 33 26 23 18 24 31 16 24 20 31 23 18 34 34 14 30 17 25 22 30 32 27 29 21 23 21 29 23 29 
24 31 39 22 24 17 11 40 21 14 19 18 9 24 21 26 15 29 28 23 20 24 25 19 15 31 39 12 23 23 36 9 16 27 27 23 21 13 49 26 25 43 36 10 22 33 26 20 22 16 
11 13 23 17 24 27 13 32 24 23 19 19 15 26 22 22 24 27 23 31 13 32 22 12 18 26 18 17 19 18 35 15 20 24 21 29 16 15 26 29 11 22 33 14 16 17 24 20 18 22 
19 34 29 22 19 10 18 25 29 15 18 26 19 14 9 18 24 31 30 19 18 26 26 13 21 19 22 15 16 20 31 21 22 27 26 18 15 17 29 18 28 21 22 18 20 26 40 19 19 26 
14 35 29 10 29 28 28 30 21 18 19 13 21 37 25 32 21 29 23 21 17 31 11 15 20 14 23 16 17 15 23 14 6 37 27 19 24 16 23 16 31 30 40 21 28 25 42 23 14 23 
22 30 14 15 41 13 24 23 26 17 15 12 15 38 27 8 17 40 34 14 15 40 36 14 20 27 29 14 23 21 16 25 21 37 24 12 20 18 27 33 14 28 26 23 28 32 27 22 14 22 
17 28 21 11 25 29 26 28 20 15 20 30 16 27 25 30 15 30 39 13 10 19 38 18 17 26 27 18 26 20 11 23 27 26 31 13 22 11 14 12 22 35 37 24 27 36 31 33 18 15 
28 30 23 13 21 19 23 16 29 18 7 14 19 28 23 26 25 22 20 24 16 14 23 14 12 41 22 15 18 14 25 22 28 30 33 11 18 19 24 17 24 26 33 17 26 27 34 37 19 21 
19 27 15 22 25 22 15 26 31 18 15 19 11 31 22 34 13 29 17 30 17 19 18 20 17 16 24 17 17 15 32 23 26 43 12 13 24 13 27 35 27 42 39 20 25 43 24 25 16 23 
23 26 9 28 29 13 24 39 29 14 11 14 21 38 32 32 34 17 31 20 9 22 28 15 22 31 16 16 12 13 17 21 16 22 19 23 13 18 28 20 33 48 36 27 27 42 35 27 21 23 
16 15 3 17 33 30 22 22 19 14 8 19 21 34 18 33 14 33 24 22 12 35 22 30 8 22 17 14 8 19 37 10 24 30 37 22 19 20 24 22 33 18 33 11 25 26 25 27 21 25 
19 28 15 14 34 12 22 19 32 15 12 16 19 36 15 31 23 42 26 25 18 16 20 12 22 36 22 13 16 17 17 19 16 26 29 22 22 21 32 29 33 28 35 21 19 26 36 21 20 12 
14 35 19 13 27 26 10 12 25 12 19 21 13 13 38 22 19 47 22 21 16 33 29 20 16 21 34 20 29 20 26 22 20 17 30 18 23 15 21 14 18 28 24 22 22 27 29 34 22 12 
21 30 24 20 37 11 16 24 25 18 16 22 24 28 16 27 26 18 25 30 8 20 28 14 16 33 20 10 13 12 20 12 15 35 29 22 23 17 14 34 15 31 44 19 25 27 43 21 20 26 
19 14 31 14 28 17 11 22 16 10 16 15 18 28 22 31 26 38 33 23 18 23 33 17 18 16 23 22 20 22 13 15 21 34 20 16 23 17 24 29 12 33 22 21 17 45 31 35 14 19 
26 42 18 20 34 27 12 19 23 15 18 12 19 22 18 21 24 26 26 27 16 22 21 17 7 47 17 12 24 14 26 18 9 28 23 16 23 15 21 19 24 23 31 17 29 37 30 49 16 25 
16 21 18 23 21 20 26 29 23 25 17 17 21 29 31 22 18 16 26 27 21 36 31 20 16 22 22 15 16 17 23 9 20 32 22 20 30 10 17 28 22 22 17 31 17 19 48 23 21 26 
12 29 27 14 34 30 10 41 27 19 15 18 26 45 30 17 19 31 32 24 19 34 18 18 20 20 27 9 22 21 18 15 16 24 29 17 18 7 35 15 29 15 12 12 25 29 22 23 14 26 
12 23 22 14 15 29 18 40 22 16 13 18 18 29 21 20 17 35 38 23 16 17 35 27 5 24 22 17 20 20 15 18 14 20 24 19 22 8 24 14 35 22 32 21 19 21 39 24 13 17 
10 28 22 20 32 12 15 21 29 21 14 18 8 33 30 29 15 27 20 17 18 48 37 21 21 36 29 18 25 7 14 17 23 17 21 12 19 18 41 38 26 25 28 32 27 45 27 17 17 25 
25 32 25 10 23 23 19 35 31 18 12 19 19 31 23 21 16 21 20 16 19 30 32 10 13 20 39 12 16 20 24 17 9 21 29 21 26 16 17 21 25 36 42 27 15 22 18 14 22 19 
30 20 22 14 44 20 15 30 25 18 22 25 19 3 26 28 25 23 27 26 15 30 27 13 21 11 25 14 21 22 24 24 20 28 31 15 25 8 20 25 25 46 37 21 13 40 29 16 24 25 
23 15 33 10 44 30 10 21 26 10 20 24 20 13 26 17 20 27 24 16 13 18 21 19 11 35 15 16 14 9 38 24 18 15 29 21 22 13 36 28 28 26 28 10 19 32 31 14 14 18 
9 30 22 18 33 28 11 25 29 17 11 9 19 32 20 30 17 25 26 17 17 40 18 11 11 29 17 17 16 11 43 12 18 19 29 13 23 16 46 32 28 38 9 21 30 36 37 18 17 18 
23 25 28 13 15 12 17 27 24 23 13 22 24 39 18 16 22 42 29 21 13 29 15 20 18 35 17 15 24 14 32 13 19 29 15 15 25 21 40 22 32 33 30 24 10 31 28 32 16 8 
14 27 12 11 29 16 11 32 16 15 13 18 16 24 20 30 28 26 32 23 12 26 17 20 11 28 25 16 13 16 28 8 20 27 36 21 13 15 19 16 25 29 33 21 22 33 34 34 14 28 
15 26 22 21 22 26 20 27 33 15 23 20 19 43 31 29 23 31 23 16 15 24 24 10 12 15 27 20 23 23 20 20 18 30 37 11 23 25 22 40 22 46 40 24 25 30 23 26 18 19 
22 28 14 18 24 36 16 27 15 14 14 23 15 25 15 25 28 37 25 13 10 22 21 14 15 19 35 14 28 20 18 21 27 42 34 29 22 15 34 16 29 25 11 21 19 33 33 16 21 12 
21 44 28 24 29 37 18 24 14 12 12 19 13 26 27 28 29 22 31 21 16 16 23 16 15 25 36 11 19 16 34 17 23 19 19 18 25 17 15 25 16 27 24 14 28 20 22 39 13 19 
33 35 20 18 42 27 11 36 37 12 12 27 20 29 24 42 27 31 26 31 10 19 29 18 19 35 21 19 17 4 30 24 24 16 22 25 23 17 35 33 33 33 35 29 11 20 42 23 9 25 
14 29 19 24 38 29 13 5 5 7 15 23 15 26 20 21 12 12 33 18 17 11 28 24 12 24 21 18 7 16 31 16 22 25 25 20 34 10 17 33 21 30 25 14 29 18 34 42 25 19 
18 27 28 10 37 18 17 25 36 10 18 19 19 42 21 21 23 30 34 25 15 21 13 10 13 11 27 16 12 12 27 11 11 29 10 19 37 12 32 10 18 25 20 24 27 23 26 25 15 24 
25 32 20 14 26 17 7 34 24 18 14 9 20 35 30 20 20 32 23 28 17 18 38 20 17 31 25 14 24 19 33 23 18 30 38 20 22 18 19 23 37 31 36 33 23 20 48 32 12 20 
19 29 24 20 35 27 26 28 25 16 11 22 22 37 7 34 19 31 25 29 13 18 15 15 18 18 34 22 20 14 43 23 19 26 36 14 8 8 27 29 33 31 26 13 32 23 27 18 15 28 
19 24 26 21 32 21 11 29 28 10 21 18 11 31 29 33 24 35 24 23 17 28 26 12 11 29 24 17 14 12 31 12 16 26 36 18 23 16 29 6 28 31 11 21 18 31 10 18 24 28 
18 30 22 16 24 14 18 29 28 16 19 29 23 26 26 25 28 27 34 28 11 32 27 9 14 22 15 15 14 19 30 24 18 29 24 25 30 15 41 31 26 14 30 21 30 32 31 23 16 17 
16 19 32 16 30 16 12 26 22 17 17 13 21 42 13 34 19 23 23 14 15 27 23 15 10 33 32 8 10 13 24 11 22 26 27 21 20 20 33 27 29 40 22 24 21 11 33 17 24 26 
26 30 17 18 18 24 18 24 12 8 14 20 18 42 25 28 22 2 12 20 17 31 20 18 12 43 31 12 13 20 32 23 17 18 25 24 19 17 33 27 25 26 32 26 26 18 31 22 21 18 
20 23 27 21 34 27 28 24 26 11 18 16 19 38 22 33 18 24 25 14 8 25 24 24 10 32 33 18 12 15 30 22 16 35 37 18 21 13 31 24 27 33 27 18 32 34 43 17 17 28 
18 10 22 18 45 25 15 21 18 12 17 16 18 26 23 32 12 30 25 20 15 28 22 8 9 37 24 18 25 26 35 15 18 39 23 13 30 17 21 36 19 28 44 22 22 7 14 16 17 21 
16 19 30 15 24 31 17 17 22 19 16 19 22 27 30 29 23 37 35 25 7 33 31 17 13 29 36 9 20 16 16 17 28 18 29 16 21 14 24 13 25 29 41 25 25 33 35 19 29 26 
24 26 23 26 32 23 15 46 11 15 11 26 20 31 22 40 30 31 35 23 13 8 27 19 17 25 23 10 22 14 15 27 24 25 31 15 33 22 38 35 24 29 30 22 14 44 29 26 15 25 
18 29 20 10 13 31 16 31 26 19 19 12 24 29 37 23 22 41 33 31 15 22 30 29 21 20 30 18 23 14 36 22 15 30 25 16 24 14 31 22 16 20 24 22 26 30 26 29 13 23 
17 22 26 15 37 16 25 25 22 8 18 17 13 36 19 17 19 22 38 26 12 22 18 21 10 32 18 12 16 17 39 17 24 32 28 9 24 23 36 21 27 35 35 24 26 16 36 26 11 23 
26 22 28 19 23 27 15 23 19 17 8 12 23 38 28 35 17 25 36 18 14 21 28 11 24 24 36 13 15 22 26 14 15 33 36 13 16 20 31 19 24 22 33 27 24 15 35 18 9 26 
14 34 22 24 32 25 25 20 17 17 17 24 16 35 27 28 18 35 15 18 10 32 20 3 16 33 30 18 8 17 28 19 19 31 23 24 17 23 34 29 36 27 38 16 24 16 46 25 17 12 
12 23 23 19 25 22 17 26 28 16 19 22 21 31 14 32 26 47 25 25 20 19 13 21 15 28 16 6 16 13 24 17 21 10 34 14 20 19 16 28 27 24 36 19 11 36 31 33 16 26 
22 22 30 11 16 25 24 25 30 14 16 25 8 25 13 25 24 23 17 17 20 22 27 19 20 39 31 18 22 10 32 10 20 12 33 10 11 14 26 32 25 37 30 26 34 20 31 35 17 9 
16 36 23 17 36 22 15 30 21 17 17 27 24 37 31 18 23 40 37 16 9 28 23 20 13 15 19 14 13 13 43 10 23 27 21 23 23 19 36 23 22 32 21 21 14 32 31 24 14 19 
30 18 24 21 37 17 22 31 22 15 19 13 13 42 35 26 23 49 12 17 18 28 24 18 18 20 24 16 9 26 32 25 16 25 28 16 30 20 27 18 22 25 41 22 18 31 27 9 18 23 
13 13 21 20 26 30 23 25 32 9 15 21 20 30 32 32 12 38 32 16 16 11 27 18 14 36 35 22 19 17 30 13 23 27 34 22 29 14 21 28 28 13 20 18 29 17 34 45 9 20 
18 26 18 17 19 21 16 22 18 15 13 14 16 5 32 20 6 26 12 13 11 20 28 20 22 17 31 10 10 16 27 17 22 22 22 25 19 22 35 29 21 25 26 13 14 35 38 18 18 26 
16 30 15 18 30 23 5 30 24 16 14 16 25 28 18 11 9 32 26 21 13 19 29 19 11 35 34 19 14 13 24 23 18 28 27 28 18 8 35 41 19 32 38 26 21 42 23 18 17 26 
14 23 28 10 27 23 22 20 25 19 13 14 15 33 22 20 27 11 30 26 10 22 32 27 20 17 42 12 7 10 20 15 18 17 28 25 18 19 25 28 13 35 32 32 24 16 36 34 15 24 
21 41 20 19 19 23 14 21 19 13 16 20 23 33 26 26 21 16 18 24 14 13 20 14 16 22 16 13 18 21 26 24 26 22 31 15 31 15 22 28 24 36 22 37 28 29 26 21 15 28 
34 36 29 28 16 16 22 23 19 19 17 17 17 24 22 18 10 20 21 20 10 24 32 17 14 22 50 9 13 14 34 18 29 29 23 18 32 14 35 26 17 16 33 26 8 44 35 23 19 22 
29 33 15 13 34 13 23 35 19 11 11 20 19 27 28 35 29 30 34 9 16 24 31 14 12 19 24 18 21 13 35 19 23 16 37 21 26 11 32 32 24 21 35 16 35 18 7 20 11 32 
19 16 20 17 25 13 11 30 34 14 12 13 15 27 22 15 19 43 28 12 14 19 16 24 18 29 30 13 24 12 13 14 10 13 39 18 27 16 50 38 26 20 46 21 18 27 47 28 21 20 
23 20 20 12 26 22 18 24 19 17 8 24 20 15 28 21 21 24 19 23 16 26 20 7 21 27 46 19 15 18 12 16 12 31 42 24 12 20 35 23 34 11 33 28 33 29 36 23 20 25 
25 19 26 15 36 18 16 26 21 14 21 21 23 23 32 20 16 21 22 28 10 12 18 23 17 32 32 13 17 12 32 19 11 30 26 18 14 25 35 13 27 12 25 36 10 30 22 22 16 21 
26 31 22 12 30 17 7 30 28 14 15 15 20 38 27 16 16 20 28 21 13 21 22 18 16 29 32 11 12 18 39 19 22 28 35 22 37 19 42 32 14 28 27 22 30 24 35 27 17 18 
22 24 27 13 28 23 23 23 24 19 11 15 26 31 31 24 14 30 33 13 12 26 29 25 19 25 19 20 26 15 40 19 12 29 41 19 30 15 25 21 34 31 37 23 28 25 38 30 24 16 
17 27 35 18 34 23 15 35 19 20 12 20 13 23 26 42 15 32 14 25 18 24 28 6 14 25 16 21 17 11 24 13 10 34 27 28 29 14 22 19 16 42 16 23 28 18 19 24 14 23 
19 44 17 27 26 23 8 26 21 17 12 20 22 29 11 20 24 19 37 14 16 19 12 14 16 17 39 12 16 9 6 15 20 26 20 24 18 19 26 30 31 40 39 15 21 23 26 18 14 23 
25 9 19 13 34 22 25 26 14 15 16 14 19 26 14 21 15 20 27 20 11 28 25 22 14 27 20 15 10 18 24 9 18 23 31 15 29 16 40 29 33 18 18 21 28 7 36 18 12 14 
17 26 27 18 37 15 20 40 17 13 20 10 13 39 33 24 24 28 32 18 14 20 31 28 15 24 29 13 16 14 37 12 19 33 34 9 23 18 39 23 14 22 34 14 16 22 18 25 18 31 
14 35 20 13 12 19 6 16 33 18 12 12 21 44 28 28 14 23 16 16 12 30 16 19 19 23 32 14 8 19 22 11 17 35 25 23 27 22 34 27 26 37 38 12 21 14 39 26 12 31 
16 24 15 19 31 27 15 17 32 24 16 14 24 36 13 14 30 39 21 15 5 26 34 25 7 15 32 10 23 17 27 17 13 33 35 18 25 17 48 29 19 33 30 22 32 34 26 32 18 29 
13 29 12 20 24 21 10 12 15 20 11 17 20 31 24 17 17 23 10 21 11 25 20 20 26 22 36 8 24 10 28 12 16 29 25 23 33 23 29 20 23 24 46 23 30 27 27 5 16 35 
10 34 18 17 30 16 19 27 25 25 18 23 21 15 22 27 10 29 24 25 17 24 24 19 21 27 31 20 25 12 27 15 20 32 35 14 26 18 38 29 22 34 16 19 21 25 35 14 24 22 
23 36 19 18 26 22 23 17 25 17 14 16 15 44 37 22 26 22 15 15 17 21 32 22 19 29 36 11 11 15 23 16 18 25 24 21 25 13 28 34 16 33 28 28 34 25 47 28 19 21 
17 38 31 20 20 21 26 28 27 22 20 15 10 22 25 31 14 23 32 28 16 26 23 17 20 12 18 19 14 20 22 19 13 33 19 14 17 8 39 41 30 21 42 24 29 32 19 32 16 19 
19 29 20 19 31 26 16 19 31 11 20 6 24 38 28 29 24 29 17 21 17 19 25 19 12 32 23 15 21 17 38 13 15 21 33 17 13 15 36 30 30 17 30 24 23 12 30 39 22 21 
18 35 21 25 28 21 20 16 20 23 16 22 24 22 17 28 11 37 25 19 16 19 34 17 11 27 36 10 19 15 41 20 18 19 34 24 22 15 15 37 34 36 33 28 29 40 32 12 16 20 
18 30 12 11 23 24 29 31 29 18 14 27 22 28 30 23 20 20 20 22 22 35 19 15 17 32 39 19 14 12 26 8 21 25 31 12 25 21 12 18 11 25 23 12 30 27 29 25 17 3 
15 23 18 23 32 30 15 8 31 11 12 27 11 18 19 29 20 34 19 29 8 25 24 17 23 21 25 11 17 13 36 8 20 35 24 14 26 22 32 40 20 37 27 26 15 17 35 18 20 17 
21 33 25 16 26 27 19 33 16 9 18 25 22 35 23 37 18 34 21 27 21 27 39 18 16 19 26 13 20 13 24 13 25 25 32 18 22 19 26 32 32 13 35 18 17 28 16 29 15 29 
24 40 22 25 16 21 15 27 18 15 8 17 19 42 17 35 16 9 28 22 14 24 24 13 15 35 20 20 15 17 36 12 15 25 11 17 13 18 28 36 29 38 35 27 18 28 37 11 17 25 
32 29 21 25 21 31 11 27 12 13 16 22 24 39 29 24 30 34 21 29 12 20 29 12 15 38 22 19 20 17 20 6 13 27 40 21 28 17 37 14 34 26 28 28 20 25 36 17 12 22 
21 32 18 20 36 14 23 40 20 17 19 16 11 22 21 41 20 24 21 23 14 29 24 18 16 21 33 16 13 18 33 11 25 31 33 15 32 11 31 20 25 39 28 22 21 19 35 20 17 20 
23 22 27 15 21 28 14 33 27 9 22 16 16 40 15 20 26 36 17 20 12 23 25 13 15 25 41 16 13 17 29 12 21 21 11 18 24 8 42 35 16 26 34 7 24 34 48 18 17 26 
14 22 28 16 34 31 12 29 14 18 13 26 19 53 28 25 31 34 24 26 10 20 30 17 19 9 17 16 2 23 24 20 15 24 35 20 27 18 12 34 17 34 29 16 19 28 28 28 15 17 
25 32 16 24 33 17 12 16 23 13 13 17 17 19 15 32 19 22 25 26 17 19 46 24 16 40 28 12 12 17 37 10 16 25 32 23 11 15 36 27 26 38 45 32 21 25 26 23 15 13 
23 10 18 12 38 25 16 30 26 17 9 18 12 38 27 25 24 33 31 16 18 21 46 19 13 39 31 16 17 17 26 22 20 21 25 19 25 17 29 8 24 34 23 18 14 25 33 23 18 23 
19 41 21 23 22 21 25 27 35 19 10 16 26 43 25 16 22 22 29 20 15 29 28 21 19 26 27 17 20 14 21 25 27 33 38 24 15 18 27 26 19 30 42 32 31 37 30 26 12 19 
24 23 24 6 31 23 17 26 32 14 12 20 16 25 23 24 15 30 22 11 9 23 21 22 3 18 30 15 19 13 35 12 15 38 38 10 30 19 25 26 9 44 21 25 17 29 34 32 27 24 
4 36 20 12 24 30 23 29 26 19 15 18 14 42 25 33 21 19 28 14 13 29 40 21 16 15 26 12 12 21 23 15 25 26 34 21 29 15 15 38 34 29 23 21 15 36 28 20 12 22 
21 32 22 19 30 18 28 36 16 14 16 12 18 36 29 24 13 23 17 19 13 28 42 19 14 26 38 11 17 7 27 17 19 5 34 24 20 13 32 28 40 31 27 22 24 24 21 29 14 21 
17 19 17 24 30 16 20 29 23 10 19 12 11 22 19 35 21 27 18 19 14 24 21 14 17 22 23 12 13 15 27 19 9 16 18 21 17 10 24 19 12 26 22 16 16 36 23 19 27 24 
9 37 13 13 30 13 6 33 14 12 19 19 12 22 20 24 22 23 28 21 21 30 17 14 13 17 35 12 15 15 34 20 26 18 31 25 37 21 24 41 24 21 17 24 25 28 30 27 18 26 
16 24 24 10 21 23 16 22 8 8 13 18 17 29 28 28 19 23 30 21 14 23 24 14 11 31 21 9 13 21 26 22 21 23 27 19 29 13 28 8 28 29 30 17 21 30 24 27 22 15 
26 35 27 21 29 17 11 25 22 13 11 21 15 44 21 42 30 12 27 17 19 20 30 22 17 34 19 14 17 13 27 27 23 30 31 17 13 14 21 43 19 29 20 15 25 27 17 35 15 23 
15 28 20 13 22 28 21 37 17 9 18 21 14 31 28 29 14 34 14 15 13 14 20 22 15 32 22 16 18 14 20 22 12 29 22 13 21 13 36 41 26 14 31 19 30 15 24 18 4 34 
31 19 26 17 31 26 15 27 27 19 16 15 20 27 16 28 23 25 21 22 7 22 14 19 11 20 16 22 10 16 20 28 16 23 21 26 16 15 28 19 41 15 20 15 13 26 35 17 22 21 
21 13 20 24 34 28 23 27 20 26 12 8 25 26 21 25 14 38 17 24 13 30 23 18 17 45 25 24 13 12 29 22 22 30 22 19 18 19 31 21 15 37 41 27 20 30 35 20 16 25 
14 13 17 23 39 22 17 22 25 16 14 23 21 13 23 24 21 21 22 18 17 13 28 11 14 25 38 13 20 14 43 9 21 26 26 16 32 22 39 25 8 28 33 34 24 31 21 21 27 20 
19 30 31 19 27 24 15 35 18 16 18 23 10 33 28 33 20 24 14 16 16 18 22 24 18 27 23 14 9 14 17 17 18 22 38 25 23 11 21 27 27 36 32 11 21 31 27 32 17 20 
32 40 10 21 18 28 8 30 8 12 18 19 24 31 28 21 17 19 24 26 14 20 24 16 15 30 21 24 21 16 34 27 20 23 45 23 28 26 35 37 26 36 31 15 18 33 20 24 13 17 
22 33 20 22 26 34 17 26 31 17 6 24 15 38 31 34 22 24 30 20 10 32 9 12 18 27 25 18 16 20 44 11 21 21 39 23 23 16 36 39 30 28 33 14 29 21 16 27 31 26 
21 15 22 21 33 18 16 24 21 16 14 10 20 28 16 41 21 16 21 13 22 16 19 20 9 37 38 18 13 13 35 10 25 41 26 20 30 9 31 31 28 35 42 22 33 28 38 32 16 33 
25 24 24 12 23 23 15 24 26 12 11 27 16 31 20 34 32 12 32 27 17 31 24 15 16 17 36 19 6 13 18 19 20 31 33 19 28 18 39 39 23 35 32 18 31 36 40 20 11 16 
25 36 28 17 29 17 11 13 26 19 20 19 13 27 27 14 15 32 27 22 10 24 34 24 8 38 33 14 6 12 24 14 31 32 32 20 27 21 27 39 24 33 30 30 17 30 34 28 25 27 
23 37 17 24 29 28 14 33 20 24 16 13 3 23 19 29 27 10 30 17 15 14 21 17 13 24 45 16 17 14 23 14 19 22 37 12 26 16 35 34 15 31 31 20 27 25 18 26 20 23 
34 27 9 15 28 22 20 19 21 15 10 25 21 39 31 23 31 29 27 19 17 20 16 11 10 38 25 26 22 14 33 15 17 25 32 23 20 17 37 25 26 14 33 16 22 24 49 28 11 16 
28 26 25 12 18 25 15 32 15 16 19 21 12 30 21 26 12 27 11 8 13 28 19 16 10 16 28 10 12 14 20 14 19 34 24 23 26 13 24 12 27 32 42 14 15 23 37 35 15 23 
22 15 16 19 24 15 12 23 16 20 15 14 19 36 16 30 32 34 15 31 18 24 31 15 10 28 40 13 27 22 35 19 18 29 31 22 27 20 27 37 13 20 22 31 28 32 34 14 17 14 
18 33 26 19 25 19 14 9 23 13 8 22 19 30 24 29 17 21 12 26 14 22 27 18 17 19 33 15 23 20 33 15 24 27 19 15 25 16 27 13 26 27 23 21 23 29 9 39 14 27 
29 29 27 20 41 17 16 17 13 12 9 20 21 21 22 28 23 27 27 10 9 27 33 12 24 27 30 13 24 10 25 13 20 29 17 20 23 7 37 13 23 17 29 21 27 30 17 32 10 21 
24 27 19 26 34 19 9 21 20 19 15 17 25 23 25 34 16 20 19 10 8 17 27 27 16 30 29 20 17 17 43 15 21 35 24 14 30 11 48 27 22 29 38 19 18 15 41 17 18 33 
15 32 20 20 39 22 12 26 25 19 10 18 22 21 16 21 23 23 30 12 17 30 36 29 12 36 30 11 15 15 36 15 24 28 23 13 23 15 32 42 22 16 21 20 27 32 31 22 19 26 
17 23 18 30 18 11 16 24 25 15 10 20 18 27 19 16 23 19 27 19 9 29 24 23 12 23 23 21 39 25 27 18 13 29 29 19 29 13 21 20 28 28 18 13 23 28 43 37 10 16 
26 36 29 20 38 26 18 14 26 17 17 26 18 45 13 26 21 30 32 23 13 11 29 12 20 31 33 17 14 18 31 15 30 13 27 22 17 13 35 27 32 33 31 26 29 22 18 35 23 24 
11 31 16 17 35 25 31 37 28 11 15 15 17 35 28 30 5 32 14 20 19 18 21 20 18 27 26 13 20 20 30 16 10 30 28 17 14 18 39 21 24 31 21 18 24 34 32 41 9 29 
17 28 26 20 24 16 19 25 16 14 15 16 16 52 25 31 18 40 30 21 11 32 28 18 15 28 28 22 11 16 8 13 15 23 22 20 30 19 31 35 20 34 21 15 33 18 36 25 10 26 
14 32 14 12 31 19 15 28 20 17 18 29 18 29 24 23 31 23 7 11 19 35 9 22 10 20 44 5 14 22 17 19 15 28 31 11 30 14 23 43 25 28 24 14 27 40 29 21 20 29 
25 15 24 21 31 22 18 26 18 20 23 20 19 27 15 17 10 32 21 29 13 25 29 19 17 40 29 12 21 10 24 20 24 23 20 16 33 14 20 29 24 27 33 26 31 27 29 30 14 21 
26 23 27 23 27 22 27 34 31 17 15 15 12 30 22 30 20 31 6 27 15 23 26 17 17 25 40 21 16 15 31 23 22 35 32 20 7 13 31 28 27 35 26 20 28 32 25 22 29 17 
26 40 28 14 31 23 13 16 13 11 12 15 31 33 22 28 17 32 28 22 13 21 14 13 11 10 32 16 10 18 32 7 16 25 4 15 20 13 36 25 35 24 45 3 26 28 29 29 12 19 
24 25 13 15 16 25 4 27 18 19 13 16 21 29 33 31 19 30 17 15 13 23 24 19 20 34 31 16 15 11 21 15 13 30 28 25 20 18 45 27 28 18 28 28 30 28 30 34 17 19 
18 20 23 22 13 33 13 15 24 14 11 24 9 24 25 19 29 28 11 15 6 16 32 20 16 18 20 17 12 20 18 12 20 28 33 21 27 20 17 28 21 14 26 22 19 37 21 28 17 20 
28 14 20 10 47 25 17 19 11 15 8 20 15 31 19 29 27 47 17 31 13 42 30 16 16 23 38 16 13 16 22 18 9 20 27 17 32 14 33 37 26 28 37 27 30 35 22 21 26 20 
18 26 27 25 36 25 14 27 18 7 8 21 15 35 30 20 21 26 23 14 17 22 30 19 20 24 38 17 15 15 23 20 27 24 30 20 23 12 35 33 27 20 21 31 25 35 22 32 27 25 
19 33 28 19 12 33 16 21 15 21 19 17 27 32 31 8 14 40 20 24 14 28 25 28 12 20 31 9 21 17 35 18 17 21 36 22 20 16 30 22 26 32 28 23 20 34 33 19 17 25 
27 28 33 21 33 16 11 36 20 17 10 26 16 31 26 42 19 16 23 23 17 21 26 17 14 29 24 16 16 15 26 14 22 20 29 5 15 17 25 21 19 23 35 33 26 33 32 30 29 29 
16 30 27 22 39 28 19 13 17 11 21 20 20 26 24 28 20 27 21 12 20 17 22 10 18 22 22 6 12 16 33 9 18 16 25 28 18 24 36 36 26 35 49 16 26 30 13 38 11 11 
23 28 26 24 28 18 15 23 15 18 16 15 19 36 15 22 17 19 36 17 18 22 31 13 14 28 34 16 20 16 26 15 20 38 44 16 42 18 32 26 24 16 36 12 29 30 33 43 21 30 
23 25 14 21 17 20 16 11 19 14 19 11 19 23 24 14 34 35 22 33 15 16 33 17 13 27 21 15 14 21 17 9 15 14 20 22 25 17 33 29 16 18 43 11 23 39 38 17 18 20 
13 17 27 19 18 13 15 19 23 18 16 20 22 33 23 34 17 23 32 27 22 14 21 22 14 38 17 11 16 17 32 22 15 31 32 15 34 19 36 31 13 22 27 20 20 8 39 30 2 24 
20 22 13 19 22 18 11 21 24 19 18 29 18 28 21 37 19 14 17 10 8 21 32 11 13 35 30 15 15 11 20 9 19 29 35 28 23 17 27 25 34 36 21 24 32 28 30 32 18 25 
20 21 12 13 27 25 27 34 15 17 13 20 20 26 26 18 23 12 27 23 13 23 23 23 11 36 12 8 25 13 27 21 26 12 28 22 15 23 27 43 25 16 26 16 15 21 43 20 19 24 
23 27 26 20 21 35 19 24 26 9 19 20 14 37 28 37 21 24 26 21 18 39 27 28 17 24 39 13 17 9 29 15 21 34 24 19 30 15 24 43 31 27 24 28 22 37 32 16 5 13 
24 37 33 24 46 43 16 21 13 16 15 21 16 30 23 34 14 29 29 16 11 31 31 21 17 24 31 21 27 9 28 15 21 20 14 21 27 17 22 28 26 28 31 23 16 39 41 22 23 15 
24 26 32 27 33 18 12 36 15 20 13 22 25 39 18 24 15 26 19 20 16 17 23 20 19 14 28 18 16 15 21 10 24 31 38 15 27 13 21 14 28 10 30 20 20 31 26 19 26 27 
25 29 14 17 31 13 9 30 24 19 14 19 16 32 26 22 21 39 27 19 18 24 28 23 16 26 32 16 33 14 19 14 22 31 18 27 30 17 34 41 21 44 36 22 24 27 39 12 18 27 
19 23 18 18 32 9 15 23 27 8 17 17 17 29 13 21 28 31 18 14 11 24 34 25 20 22 29 18 21 13 27 18 14 21 32 23 18 13 45 27 27 21 18 24 28 26 39 5 16 24 
22 32 18 17 19 16 16 22 16 10 12 14 13 16 18 29 17 24 24 27 21 15 21 21 18 15 23 14 12 13 17 20 15 12 22 19 30 17 31 20 19 30 19 23 20 17 36 25 21 22 
28 27 24 19 41 18 16 25 26 18 5 17 15 30 22 32 15 40 27 21 20 28 17 20 20 34 22 12 26 22 16 19 16 30 23 16 19 13 28 22 26 22 23 11 16 24 29 27 10 18 
23 17 19 15 29 23 16 29 23 13 21 3 29 20 8 22 19 28 24 20 10 19 26 17 14 34 25 17 18 19 36 26 24 20 37 17 25 17 23 22 51 27 26 28 32 23 34 23 19 23 
16 31 20 26 21 26 20 34 14 18 24 16 25 48 23 36 23 29 34 25 9 14 28 15 16 31 31 18 13 12 24 20 23 31 35 17 25 12 30 37 26 7 16 29 24 37 41 22 17 28 
21 36 36 15 19 19 14 22 22 20 15 29 20 12 25 40 13 39 18 24 12 22 43 25 17 31 28 23 16 10 21 21 21 29 29 28 26 18 27 34 13 27 23 19 20 28 28 13 23 21 
24 26 21 15 29 19 21 31 18 22 14 15 20 17 17 23 13 25 21 23 16 35 19 20 11 32 34 14 9 16 21 19 23 31 27 19 19 15 29 21 21 21 18 19 26 21 31 35 22 20 
18 25 16 15 43 25 20 29 37 12 14 20 15 21 18 34 22 29 26 20 12 19 30 14 10 20 30 12 16 14 15 15 12 30 29 20 11 20 36 31 30 26 28 28 31 44 33 22 13 19 
23 37 19 17 35 39 8 36 12 15 15 13 17 16 22 28 30 26 34 18 14 13 23 15 19 20 27 8 17 19 37 20 24 20 22 16 15 27 30 25 22 38 37 20 27 18 26 21 14 31 
24 21 28 20 29 26 16 32 19 20 8 19 11 23 32 25 21 25 40 27 22 36 26 17 12 17 13 13 14 14 18 16 13 29 35 26 16 20 29 27 25 34 24 31 15 29 31 38 17 26 
27 27 22 21 31 25 17 22 29 18 7 12 19 31 28 22 24 27 33 26 13 23 33 17 11 24 29 13 20 13 25 18 23 13 29 14 35 18 25 18 19 29 30 15 30 16 27 14 8 14 
24 21 24 16 32 24 11 30 38 18 15 16 23 21 24 31 17 12 41 23 11 9 27 27 17 37 17 15 11 15 35 11 18 12 14 21 31 15 21 27 23 35 38 20 19 28 41 32 20 28 
24 34 20 20 38 35 20 32 34 20 11 17 25 37 26 37 16 28 18 18 13 16 15 30 23 13 30 13 6 17 31 13 24 19 37 16 20 19 29 19 19 24 40 19 21 23 25 19 22 25 
20 23 15 17 34 29 7 20 19 17 16 21 20 27 24 27 20 24 25 21 16 18 43 17 11 17 36 10 9 27 21 15 7 30 26 14 18 8 36 9 23 42 41 24 19 26 11 24 9 9 
22 39 21 20 32 20 12 36 22 18 11 15 25 27 26 38 27 39 10 17 16 31 20 31 16 31 15 13 17 20 26 19 17 32 29 17 20 17 33 44 17 30 32 33 18 24 8 24 5 25 
23 35 17 19 35 19 10 29 24 20 19 18 11 26 27 32 13 34 23 14 16 17 24 19 23 33 44 11 13 12 25 13 9 22 37 23 32 22 42 19 25 23 44 35 21 20 20 29 19 27 
18 17 13 18 24 18 15 32 14 19 17 14 20 38 23 30 12 12 16 19 19 30 31 20 22 29 20 21 16 22 24 16 16 14 29 21 22 7 30 30 30 17 22 23 19 32 25 20 10 33 
15 40 23 20 44 27 15 36 23 23 18 13 22 30 30 20 14 38 15 35 14 30 26 16 20 28 23 12 13 13 30 24 24 23 17 21 27 9 40 37 25 34 29 19 24 32 14 30 13 18 
25 17 20 17 27 24 9 28 22 22 16 15 15 30 35 29 30 21 22 21 13 18 17 21 18 18 25 18 21 10 33 15 24 17 26 20 25 13 26 25 6 37 18 24 26 17 31 22 18 28 
25 24 20 18 35 9 13 28 20 16 14 19 20 55 28 20 22 21 25 26 16 40 39 16 17 20 22 15 10 10 25 23 18 17 27 17 26 19 43 16 22 20 26 17 26 25 31 37 14 26 
22 31 22 10 30 33 15 26 30 21 12 18 19 44 23 12 34 20 28 14 15 27 31 19 4 32 26 21 17 20 20 21 18 19 8 27 9 15 30 21 29 24 30 26 21 26 17 25 17 27 
20 19 26 19 32 20 15 23 34 19 9 15 11 25 24 10 16 26 25 27 20 25 21 7 14 29 26 17 16 12 40 14 18 26 46 21 21 13 40 35 17 20 35 27 32 26 20 22 16 26 
26 23 37 23 33 16 20 34 19 18 15 19 16 45 18 39 27 28 34 16 14 14 20 29 14 25 26 18 13 17 24 8 22 15 35 29 20 25 31 32 34 34 13 32 25 20 25 28 20 21 
21 21 19 16 33 20 19 17 14 19 10 17 20 43 23 25 18 24 20 14 20 21 17 1 21 24 27 16 19 17 23 19 19 30 40 24 29 15 30 15 15 28 25 18 23 34 35 32 18 31 
19 37 21 8 17 25 11 29 25 8 13 25 27 30 29 13 19 36 24 20 22 32 23 17 15 24 30 10 18 16 21 21 20 37 26 27 27 12 28 17 3 46 18 12 29 38 29 29 23 24 
27 16 14 15 34 24 14 25 18 14 15 12 26 27 14 32 23 29 23 15 11 3 27 15 20 20 17 14 15 8 35 17 15 24 31 19 20 17 44 30 26 28 41 28 38 42 47 21 14 15 
21 37 25 22 37 29 5 24 31 16 15 18 22 33 24 38 23 20 22 9 13 34 16 19 23 24 25 21 20 19 36 14 25 11 18 19 26 14 46 25 26 32 19 13 27 33 33 20 15 21 
24 13 27 25 18 22 8 23 17 10 14 21 19 21 25 17 24 27 23 14 18 22 17 17 11 19 32 21 10 18 19 20 24 24 29 26 22 22 25 33 26 23 33 15 22 33 26 24 21 12 
17 25 20 23 34 19 13 30 20 21 16 22 16 27 27 40 20 19 26 19 11 24 20 22 16 39 13 20 19 13 10 16 21 21 34 18 35 18 30 20 35 20 20 20 21 34 32 34 16 34 
21 46 23 16 45 15 20 25 28 16 21 16 16 16 26 35 18 32 23 15 20 21 32 23 14 39 21 11 12 23 33 17 11 25 7 9 9 13 41 32 33 32 37 22 33 31 20 20 20 27 
26 25 28 13 31 34 16 37 17 17 11 13 18 15 26 22 22 24 15 19 16 31 28 15 15 23 17 19 18 18 27 25 20 23 31 20 28 24 34 26 23 35 17 17 29 22 39 46 13 25 
19 32 21 20 53 22 16 21 30 18 13 23 24 35 18 36 24 14 24 11 11 24 24 19 11 20 27 14 12 12 28 20 19 20 26 5 20 25 32 29 16 19 32 27 20 31 22 27 11 22 
27 23 26 16 27 17 20 25 19 23 15 15 20 19 22 18 24 36 20 20 14 27 33 22 16 10 20 15 14 14 39 21 14 29 40 21 27 16 32 34 12 33 25 28 19 30 18 17 21 25 
26 44 25 14 29 22 17 22 18 16 9 14 14 27 11 17 18 6 15 26 12 23 36 22 13 33 24 17 22 17 40 15 19 28 22 20 28 13 20 33 23 25 25 25 15 27 24 20 18 26 
18 20 21 22 29 24 13 38 31 13 19 10 18 15 18 25 18 28 15 17 18 14 23 17 19 29 28 13 11 14 9 14 20 29 35 12 22 21 21 29 26 39 18 33 30 29 37 25 11 28 
25 37 10 25 22 15 18 35 21 16 17 21 19 25 31 13 29 18 17 18 14 34 26 21 14 23 31 7 22 16 29 24 23 17 32 14 19 19 30 20 33 23 25 39 17 13 40 18 9 16 
21 25 13 21 20 26 23 17 30 12 12 20 16 40 21 23 25 48 25 22 16 15 17 16 11 31 28 18 19 18 34 21 28 32 16 27 16 12 24 18 21 32 24 16 20 25 36 16 12 24 
20 26 17 25 41 24 15 26 13 12 3 18 14 29 29 28 23 31 47 24 6 16 25 16 14 13 25 14 11 10 37 12 11 28 14 15 8 13 40 22 24 32 37 13 26 29 23 24 18 21 
23 27 21 28 29 17 16 29 28 13 15 20 22 19 12 36 24 31 31 5 12 19 23 33 11 24 20 17 14 21 30 23 17 31 37 16 18 13 32 28 13 4 22 22 24 28 47 20 19 21 
13 25 22 24 34 32 17 23 29 16 18 14 26 23 31 20 23 25 21 22 14 30 29 22 18 29 26 21 19 18 23 13 17 24 17 22 9 21 26 36 24 26 30 26 19 28 34 21 17 33 
22 26 28 25 37 17 17 23 21 21 13 14 18 23 38 35 23 16 21 21 13 19 17 16 20 30 36 13 21 9 35 11 12 25 33 20 10 17 25 21 16 26 24 21 22 46 26 20 11 12 
23 37 24 19 25 27 18 34 31 4 13 18 19 25 17 41 24 15 30 13 17 14 30 14 5 19 40 11 11 15 30 19 19 34 12 14 20 17 12 23 18 21 22 25 20 25 39 13 17 35 
21 23 17 22 26 25 14 14 16 17 14 18 10 31 24 29 19 30 17 23 14 26 32 15 14 21 34 16 18 22 16 23 16 35 22 27 31 15 37 19 25 27 33 26 21 31 36 35 19 30 
21 26 15 20 24 21 21 14 18 18 18 21 17 46 11 33 21 35 29 20 19 31 30 22 12 16 26 11 18 20 37 24 15 33 27 17 21 8 22 33 24 25 47 20 18 32 26 14 13 24 
19 31 18 18 38 25 15 27 25 15 17 24 20 11 22 14 20 35 19 12 25 20 21 21 12 22 24 8 22 16 20 13 20 24 26 18 22 14 31 13 23 31 23 10 12 35 29 28 18 27 
24 34 25 19 43 22 24 20 22 22 19 24 21 15 18 26 19 31 22 25 12 27 20 15 20 28 33 15 15 21 15 20 13 21 17 13 16 14 22 15 33 38 38 22 20 27 35 29 17 26 
16 24 24 10 27 28 24 20 17 20 14 14 24 28 22 34 16 22 21 24 9 19 17 26 15 15 34 11 13 21 34 27 12 33 42 16 18 16 35 22 33 18 17 27 22 17 29 21 21 17 
15 42 32 16 45 21 23 22 25 18 14 14 31 33 16 15 18 16 26 19 10 30 17 12 16 31 31 9 13 17 14 23 29 20 25 18 26 12 32 22 25 36 25 21 18 21 30 11 19 13 
28 23 31 19 27 26 13 18 21 21 9 22 7 37 22 30 17 6 37 18 10 21 20 19 7 24 28 10 17 5 34 16 21 25 37 17 16 23 18 29 30 34 34 28 18 24 36 26 19 29 
14 25 25 29 37 25 11 15 25 16 21 19 15 23 15 19 8 13 24 24 9 29 27 20 15 23 20 16 17 11 38 10 20 41 10 13 25 18 22 42 25 19 25 17 15 34 34 24 13 18 
36 29 19 13 24 30 14 29 18 6 15 30 19 21 24 40 15 23 28 23 17 30 28 23 19 25 27 19 23 16 23 20 20 23 39 21 24 15 43 28 20 34 34 21 21 12 35 19 9 25 
19 35 28 22 34 36 11 49 18 11 18 32 18 14 20 39 20 18 27 11 20 19 14 25 12 23 14 22 16 21 26 13 20 28 39 13 31 25 21 20 28 35 14 14 28 20 31 32 15 16 
21 34 7 17 37 28 23 30 24 15 18 20 21 30 26 17 30 36 32 25 26 21 27 18 13 33 23 13 13 22 35 18 24 30 35 28 38 14 36 24 18 31 30 20 18 18 28 25 14 20 
18 23 18 14 16 13 21 23 22 20 11 21 17 23 16 22 24 30 22 20 19 17 33 19 17 24 32 11 14 17 29 25 18 29 23 20 27 15 30 19 23 26 37 12 17 27 41 18 10 24 
15 34 21 18 28 29 23 32 31 15 18 15 14 25 22 21 22 39 22 16 20 29 38 10 16 34 10 12 7 20 34 15 18 29 22 14 6 18 34 29 30 41 21 22 13 29 13 13 18 19 
20 29 28 19 31 20 21 18 20 12 14 21 19 21 28 19 20 39 9 23 16 21 24 14 5 39 19 6 13 11 24 15 19 13 26 18 30 15 29 22 37 29 29 25 28 36 35 29 16 36 
23 28 25 16 30 21 10 30 18 8 10 32 14 40 23 31 16 28 22 19 17 32 35 26 19 17 29 19 18 18 28 17 18 31 28 15 26 24 23 8 25 20 41 17 26 20 27 23 6 17 
24 26 25 7 40 22 17 16 29 14 12 16 21 17 24 31 21 14 20 29 20 17 27 20 15 29 30 11 26 18 41 22 23 28 29 16 32 15 42 33 23 35 33 24 14 33 25 26 8 24 
9 23 19 19 50 21 20 30 22 11 9 16 16 46 30 21 10 29 27 24 20 15 34 10 22 30 33 11 16 16 29 21 17 18 22 22 19 12 33 18 17 28 22 14 27 22 31 21 22 17 
22 19 19 20 44 20 26 20 27 20 18 16 17 28 25 14 31 37 20 23 13 14 30 16 14 24 17 12 9 15 43 25 9 32 30 18 27 13 31 14 27 26 13 23 11 46 21 23 23 24 
17 30 25 17 24 25 17 33 21 11 13 20 18 29 24 29 20 35 29 21 21 25 19 18 15 35 38 19 29 13 27 15 19 31 38 25 31 12 23 30 25 27 15 19 22 28 21 13 16 19 
17 39 18 22 23 22 27 25 18 13 7 5 23 39 33 34 23 15 27 15 17 17 32 13 18 31 23 12 21 21 25 12 23 28 33 20 23 12 26 20 29 26 23 25 30 19 49 29 17 26 
23 35 21 9 32 18 17 27 26 11 9 29 10 39 33 18 17 29 31 19 9 13 25 17 15 24 19 14 14 15 25 24 24 20 40 21 37 18 18 27 16 18 30 24 16 32 33 8 13 28 
19 44 17 23 24 22 13 24 25 10 18 23 23 40 30 9 14 12 26 18 22 24 23 16 8 41 26 18 11 16 25 16 22 32 29 21 25 15 26 13 29 29 28 21 21 23 32 11 18 17 
18 21 30 14 20 11 17 21 27 12 13 18 24 26 18 23 19 22 23 9 11 20 21 10 17 27 38 12 22 16 34 8 28 30 30 19 24 20 30 21 28 34 21 24 15 22 21 14 21 21 
20 28 25 26 34 25 19 30 24 10 14 25 17 30 16 11 28 29 12 20 19 10 17 24 18 34 21 13 16 23 25 18 18 26 30 23 27 14 38 25 17 35 35 19 19 35 26 15 18 37 
35 26 28 25 20 14 25 42 24 15 14 26 20 31 23 37 27 25 23 12 10 30 15 4 14 23 34 13 20 8 29 18 19 31 17 22 25 16 18 21 18 24 35 19 19 34 27 27 11 34 
10 38 20 12 29 19 13 31 13 11 16 20 13 29 24 33 24 24 33 26 19 26 31 26 15 27 34 21 11 16 34 15 20 18 38 25 26 17 43 37 28 20 41 16 13 24 33 34 12 25 
19 31 19 26 32 27 16 19 23 17 18 20 19 24 22 23 14 21 31 24 10 25 17 19 8 23 30 14 19 19 37 17 27 18 27 24 20 14 36 19 16 35 25 26 24 19 50 31 17 24 
20 26 9 15 22 28 28 28 22 21 10 22 25 34 17 29 22 28 33 22 16 32 31 18 16 21 29 13 19 10 41 15 24 30 20 24 5 20 35 34 40 27 30 24 13 38 36 26 18 31 
18 37 26 24 24 22 24 23 24 14 13 23 21 30 25 33 25 30 26 13 15 17 29 21 11 33 22 16 23 15 41 16 21 26 32 23 19 15 30 28 42 26 27 26 32 16 25 21 22 24 
18 23 24 25 37 18 10 19 32 15 19 21 15 23 25 32 20 18 23 22 20 21 20 16 21 29 21 12 14 12 15 21 28 23 21 22 23 18 25 35 24 20 24 26 25 30 31 28 17 13 
18 26 24 11 33 18 15 18 16 8 16 15 21 46 22 37 22 20 23 18 18 26 30 23 13 29 25 15 10 21 29 26 11 14 30 15 16 17 36 18 18 26 31 16 18 24 20 26 22 25 
12 27 28 20 18 29 12 19 16 15 11 11 15 36 32 40 15 16 21 14 13 28 26 14 13 34 39 9 22 16 29 20 17 23 19 24 23 9 5 23 28 23 36 15 25 45 30 33 24 19 
17 23 30 24 33 12 18 21 20 10 11 16 18 26 20 15 25 29 28 11 14 23 20 16 19 22 33 18 19 16 26 19 15 26 27 25 14 14 34 33 38 30 37 16 21 38 35 20 17 25 
28 24 15 13 39 32 18 26 25 12 11 18 11 43 21 26 18 13 28 23 10 22 39 27 24 27 46 11 15 16 33 19 19 27 34 19 21 17 30 21 28 18 31 21 19 31 19 21 26 23 
15 21 24 18 21 22 8 23 23 14 17 23 21 48 26 23 19 29 39 16 11 15 39 14 17 23 34 20 14 17 17 24 25 22 29 25 23 11 26 27 17 41 32 19 16 30 38 21 15 23 
31 26 18 12 22 19 22 35 24 12 15 19 19 44 25 36 16 27 28 16 16 20 29 9 11 18 25 19 19 16 35 13 17 22 27 16 19 19 33 29 35 30 29 25 28 17 28 10 19 21 
23 25 20 17 38 31 19 32 20 19 16 21 19 33 24 30 13 30 16 21 12 33 17 13 13 11 33 13 13 14 29 15 32 30 26 16 20 20 48 36 32 42 25 28 22 28 34 33 25 25 
14 22 36 22 29 22 17 22 14 13 17 16 12 37 18 24 20 34 18 14 20 14 27 23 19 25 26 19 20 8 30 22 13 41 30 24 18 16 25 35 26 27 24 27 19 40 30 27 32 30 
28 17 18 24 21 16 16 23 27 14 12 13 22 23 22 43 11 27 17 12 15 37 38 21 15 22 28 15 16 21 36 20 29 29 32 14 19 14 28 28 39 27 33 34 23 44 34 33 16 25 
22 32 22 17 20 28 21 29 18 15 15 12 15 27 21 20 23 36 10 20 16 16 24 20 8 32 33 17 14 20 33 12 19 30 23 20 17 15 43 31 31 33 21 24 23 28 38 22 20 32 
30 32 14 8 36 19 26 24 22 11 11 27 22 31 29 17 24 21 27 24 10 34 34 22 9 17 19 9 16 13 26 17 20 26 32 16 27 20 49 28 18 23 45 18 18 33 38 23 11 24 
18 35 19 12 25 12 10 33 19 14 15 13 17 31 37 26 20 34 22 21 19 26 14 20 15 18 25 12 20 16 20 19 12 19 25 16 24 18 40 25 16 17 38 17 27 23 38 35 17 24 
28 24 22 22 29 27 11 40 23 9 13 33 4 41 10 31 13 26 31 26 4 28 27 18 16 35 34 14 18 10 44 20 17 18 25 25 25 14 31 27 25 39 27 24 23 17 26 6 11 16 
25 27 29 19 38 20 19 17 26 15 10 19 13 27 33 24 13 25 28 16 12 12 26 15 12 30 29 15 24 22 29 20 13 20 29 21 18 14 38 28 27 33 34 27 25 23 28 35 25 29 
21 21 19 23 18 25 13 26 27 11 16 16 20 38 15 30 15 39 16 29 12 24 11 28 8 33 28 8 25 11 24 19 20 27 24 21 28 15 44 30 28 33 29 22 25 26 21 15 17 20 
22 18 30 17 29 35 22 33 26 14 14 17 17 22 24 29 10 21 30 29 19 24 27 24 14 37 41 14 16 17 38 8 19 33 28 22 16 15 33 29 18 24 24 27 23 25 20 21 22 24 
17 22 26 15 33 17 10 25 21 18 10 13 22 41 10 34 21 32 18 21 21 27 29 20 20 29 29 20 20 12 22 18 17 26 26 15 29 24 30 22 31 36 40 24 24 20 40 18 19 30 
34 29 12 16 21 27 7 25 26 23 20 26 22 25 23 15 28 26 19 5 11 25 12 15 7 20 23 12 22 24 28 16 30 34 23 20 20 15 10 18 26 26 27 23 19 25 23 22 14 15 
30 22 30 19 23 32 22 32 22 20 16 14 13 36 20 23 33 29 27 27 14 30 21 7 21 20 28 10 14 11 28 9 22 15 19 24 13 14 32 37 15 17 48 26 30 43 35 23 16 25 
19 19 14 16 28 22 13 27 38 16 20 21 22 22 12 25 23 30 30 28 23 27 28 14 13 22 36 13 12 9 33 20 20 11 27 13 26 21 13 29 35 27 12 15 21 32 20 23 12 20 
18 20 22 20 33 18 17 21 23 9 16 19 16 46 25 23 13 31 33 25 20 34 25 14 16 28 22 24 15 19 28 15 16 29 37 19 17 8 41 32 30 27 21 26 21 30 36 38 19 19 
20 27 21 13 45 19 14 30 25 17 12 24 23 28 27 30 17 34 23 18 17 11 10 18 11 37 24 14 20 11 21 21 18 31 12 16 18 20 34 25 23 28 23 23 24 16 32 17 17 29 
26 27 28 20 43 13 26 35 17 20 19 23 21 34 17 23 33 21 29 27 8 23 42 18 11 24 41 18 13 10 31 15 17 21 38 28 24 13 29 37 27 34 29 31 21 25 19 29 21 18 
22 34 17 19 29 16 22 18 14 22 15 24 22 27 35 27 10 31 34 17 15 21 30 16 9 31 26 11 9 9 24 17 16 30 22 19 21 20 18 32 32 24 29 21 30 30 23 15 18 14 
30 16 24 19 35 14 15 20 25 17 14 19 11 28 25 38 27 42 15 11 13 31 36 10 16 25 27 16 18 12 24 13 16 27 23 26 19 17 16 26 27 25 26 21 22 23 26 15 15 16 
12 31 25 18 40 24 9 28 17 13 15 18 24 28 26 22 12 40 17 23 23 18 30 15 14 18 23 18 20 15 34 21 11 30 25 26 32 9 48 30 22 33 24 14 26 28 37 32 18 21 
23 35 24 13 19 25 16 40 22 13 11 7 16 28 31 33 13 46 24 23 20 33 35 19 19 31 32 17 15 16 31 18 14 43 15 18 24 7 29 10 19 33 31 18 25 22 32 21 12 21 
21 29 18 20 38 20 10 33 18 15 24 13 28 27 26 17 19 24 20 11 13 33 20 18 20 17 10 18 17 11 32 11 12 30 30 17 18 15 23 29 24 34 30 27 28 31 33 29 15 23 
21 15 29 25 40 22 15 18 18 21 18 22 20 8 16 21 30 32 29 21 14 30 28 27 16 23 10 12 20 13 28 25 20 17 26 16 21 14 33 40 23 37 39 19 26 29 37 15 5 29 
16 26 27 12 21 16 7 23 30 23 14 25 18 27 18 18 8 36 30 23 12 30 34 15 8 34 33 17 15 17 36 20 21 27 35 14 21 23 48 41 18 22 27 15 25 28 25 31 15 21 
25 18 23 10 19 16 25 35 19 13 8 15 20 26 29 27 13 15 30 17 20 32 37 22 18 12 35 12 6 22 31 7 14 18 39 22 10 11 33 13 26 37 19 30 22 37 17 15 8 13 
34 28 23 17 37 19 18 15 21 10 13 8 9 18 30 17 22 23 24 26 13 23 24 21 13 18 16 9 17 12 42 10 11 31 29 14 14 20 26 30 14 36 26 22 24 18 23 27 15 17 
18 17 29 22 30 24 22 32 26 18 15 13 21 27 21 26 27 17 16 17 8 31 32 22 17 21 30 12 12 16 34 19 11 37 22 18 24 13 30 27 14 28 33 24 23 37 34 24 17 19 
21 12 22 16 35 24 19 23 29 9 17 20 7 33 17 29 15 36 21 21 18 24 31 9 14 29 33 24 22 19 39 24 17 36 31 19 21 19 46 25 14 34 37 11 24 21 28 23 13 16 
20 22 23 13 20 23 20 18 30 18 20 19 10 30 21 30 17 22 29 9 9 29 35 22 14 22 16 18 24 17 10 24 10 24 42 23 23 17 38 22 23 40 37 20 28 30 29 33 17 23 
13 20 18 16 23 18 19 27 26 20 16 22 22 20 26 36 8 47 17 23 11 22 25 15 10 22 14 19 28 14 20 13 28 32 18 25 22 17 37 30 10 30 21 17 23 27 24 39 15 20 
7 30 20 17 41 27 17 26 22 17 17 26 18 35 15 24 23 31 23 22 15 29 29 25 14 24 16 15 8 20 36 19 13 31 24 17 23 19 24 14 18 23 21 21 19 13 49 31 29 16 
15 11 26 31 22 19 8 37 25 9 19 23 20 27 18 31 27 36 21 19 20 33 28 15 5 28 27 12 12 11 19 18 19 19 12 20 28 15 39 24 30 32 31 22 23 37 28 27 17 23 
23 27 28 22 23 14 26 24 25 15 9 8 15 27 19 28 17 40 28 29 12 26 28 11 20 24 38 20 19 19 40 19 16 32 28 21 14 10 23 27 27 16 18 26 30 36 29 25 6 10 
14 25 12 23 11 27 19 30 26 18 19 16 26 38 22 21 14 25 28 24 14 21 22 10 14 34 22 13 15 14 32 20 16 27 29 27 14 15 29 30 20 20 25 10 38 31 18 30 20 24 
13 23 22 27 28 24 25 28 23 10 11 14 28 6 10 27 21 32 24 24 19 31 37 10 14 30 26 11 21 18 28 14 17 35 21 15 20 16 13 27 37 29 42 20 15 26 35 23 17 32 
28 11 34 16 11 18 17 27 15 17 17 18 8 20 24 35 17 20 22 22 14 30 14 11 19 36 33 13 17 15 22 20 27 19 37 13 18 19 28 29 23 28 27 14 20 22 34 30 19 25 
16 28 18 24 35 18 17 26 24 19 12 19 22 44 26 27 13 20 31 19 21 10 25 16 13 23 43 12 21 17 33 8 18 19 16 9 23 12 38 22 26 35 31 25 22 25 35 27 15 20 
28 45 18 11 35 24 18 19 26 15 18 16 17 10 33 22 11 15 25 28 23 28 31 13 13 28 32 8 15 19 29 21 16 45 31 7 20 17 31 27 23 25 26 25 26 16 25 24 23 23 
20 27 24 15 29 28 16 17 18 12 8 19 14 31 17 29 8 28 30 16 18 28 32 25 16 24 34 22 27 18 34 23 24 31 22 13 24 13 43 35 33 27 36 25 27 30 31 25 13 29 
22 41 21 27 39 21 18 32 29 11 15 11 20 16 25 28 17 37 27 33 8 16 23 19 13 33 23 16 9 15 18 15 18 11 23 27 25 24 42 35 21 33 22 18 26 21 28 26 21 33 
10 24 17 17 21 29 14 16 27 18 14 19 7 24 29 28 25 26 31 31 11 21 30 20 21 25 42 16 6 15 33 24 21 25 10 17 18 15 31 22 26 16 35 27 28 17 29 34 26 27 
18 26 24 12 37 22 11 30 31 17 11 16 22 47 27 28 20 42 24 14 17 29 16 20 20 19 25 14 22 12 19 25 19 19 25 16 29 14 28 32 19 26 38 17 20 11 38 19 18 23 
34 28 21 26 26 26 24 24 11 20 17 23 22 19 27 17 18 37 15 8 15 19 17 23 15 32 24 19 22 21 36 16 18 12 17 24 19 13 17 31 25 24 39 31 27 29 29 18 8 26 
25 32 30 19 54 29 14 17 22 13 16 18 22 29 28 24 16 27 25 18 14 16 42 16 14 23 23 21 18 14 24 22 29 35 28 14 21 20 40 27 22 33 24 25 12 16 30 23 18 25 
22 13 24 22 34 23 17 28 23 15 18 16 19 30 25 24 25 28 22 18 9 26 27 19 15 28 18 19 22 10 37 13 20 18 38 17 20 7 27 41 30 27 25 32 23 42 31 35 15 13 
18 24 26 16 37 19 7 17 23 15 14 14 18 21 24 26 26 22 34 25 12 6 26 19 15 21 24 17 16 13 44 14 20 26 41 13 28 21 23 24 27 25 49 28 31 33 29 23 19 18 
20 18 25 19 46 23 21 39 22 18 13 19 11 34 31 23 27 31 32 12 8 17 23 18 16 38 27 12 13 14 5 11 17 19 31 11 21 14 20 43 24 21 10 20 13 21 33 25 15 23 
39 30 27 26 18 15 11 22 15 16 18 13 21 17 31 13 13 46 22 25 17 31 37 15 12 28 28 22 25 18 28 22 11 34 26 17 25 16 16 8 32 26 40 15 35 29 26 27 9 8 
13 40 15 22 11 18 19 22 17 9 19 10 20 41 30 22 25 40 23 17 13 37 27 19 12 19 33 13 13 13 11 19 8 16 10 16 16 16 39 25 15 29 26 19 16 21 34 22 12 22 
26 47 18 26 40 29 10 32 26 16 19 27 29 39 29 33 19 45 17 29 22 36 33 20 14 24 21 18 27 20 31 18 23 29 24 32 21 16 29 38 22 26 26 15 30 30 35 29 19 23 
23 38 20 11 36 25 14 25 14 15 19 23 9 33 21 33 19 40 19 23 20 15 24 15 12 21 27 10 28 14 31 20 17 16 20 23 17 19 19 27 26 28 16 32 28 17 29 28 19 23 
23 39 16 9 31 23 16 37 34 12 19 15 10 22 25 18 20 15 23 37 20 21 33 14 20 22 20 13 16 18 20 18 21 8 12 20 21 13 31 38 8 24 42 8 30 21 20 24 13 22 
24 25 23 19 32 17 13 35 32 18 9 18 18 31 23 25 19 34 21 16 15 15 25 13 12 39 31 15 15 15 19 16 24 20 27 13 23 21 40 35 23 33 21 22 21 30 43 6 12 15 
23 44 32 16 32 20 9 26 15 23 16 22 22 43 27 26 11 38 24 26 3 34 27 20 5 23 34 17 23 19 31 22 19 2 15 22 16 18 37 39 16 28 19 22 21 18 29 26 21 20 
26 30 22 17 23 19 12 19 23 17 6 17 12 28 25 26 28 39 18 19 12 27 24 16 13 32 14 12 15 14 32 17 14 16 21 26 27 19 28 20 30 17 30 20 27 40 10 44 14 24 
26 26 20 11 34 17 16 20 24 13 16 21 22 27 36 25 25 11 27 23 13 32 32 20 14 22 25 21 19 19 10 25 22 38 24 25 15 12 36 28 17 37 25 17 21 13 40 22 15 27 
18 24 24 24 13 28 19 17 21 6 18 15 16 15 21 27 15 20 38 10 22 35 26 9 9 21 28 18 25 29 17 18 24 25 34 30 25 14 27 34 28 36 31 20 32 24 30 26 17 24 
32 15 15 18 35 18 20 41 31 17 11 15 19 24 25 20 27 49 32 22 21 20 29 23 14 29 36 16 20 26 27 16 23 21 42 15 19 23 32 29 32 20 26 25 15 38 19 27 21 21 
20 26 19 13 32 20 16 33 24 16 16 17 20 30 17 32 21 21 26 19 16 29 22 12 10 28 38 19 16 16 22 22 12 17 18 17 17 12 33 36 31 21 26 19 35 34 32 33 13 11 
23 36 20 23 43 12 10 36 27 18 17 22 15 28 18 33 25 19 24 18 19 31 32 21 9 17 36 15 16 23 22 23 17 31 43 21 19 23 31 16 27 13 21 11 24 31 14 35 29 23 
20 29 27 20 34 34 7 18 23 15 20 17 13 28 20 27 20 20 25 26 11 18 20 15 19 40 25 14 16 16 37 19 21 22 27 24 23 17 17 24 27 16 24 25 23 25 34 28 13 29 
27 20 24 28 21 24 14 39 7 19 10 23 19 30 24 27 20 27 18 16 12 24 22 23 12 33 27 16 21 12 28 3 12 18 30 24 17 17 39 32 16 18 27 28 23 34 19 22 24 26 
31 32 30 16 27 25 12 34 18 18 13 16 23 38 26 23 25 26 35 33 18 25 12 18 13 21 30 14 12 19 31 17 18 32 22 21 26 19 37 18 25 9 21 24 20 33 32 10 20 25 
18 30 13 19 40 35 13 22 25 21 16 15 17 35 22 32 14 36 25 23 17 22 18 16 16 25 33 14 11 14 17 11 26 21 25 25 27 22 25 17 30 34 26 14 31 31 37 22 10 11 
23 17 23 11 29 29 13 29 20 13 16 22 28 40 32 22 24 31 24 23 12 26 21 18 21 28 27 16 20 19 32 17 15 25 20 15 30 12 30 37 28 38 27 26 28 19 29 26 17 24 
22 30 26 24 20 25 24 38 23 14 11 23 25 29 24 11 17 38 32 15 14 22 21 24 11 29 13 20 17 15 16 8 13 12 25 18 18 8 32 23 24 41 17 24 28 14 12 14 21 20 
30 19 33 28 32 23 23 31 21 16 9 9 25 36 18 23 18 28 30 12 16 11 20 12 14 20 29 12 22 22 21 14 16 17 23 17 28 23 45 7 22 11 28 17 21 25 21 23 12 20 
16 30 11 18 33 29 19 30 16 15 15 14 20 14 33 12 35 35 27 18 14 21 25 17 14 28 30 7 21 20 27 14 20 17 36 8 19 10 32 21 24 29 39 14 25 19 15 22 22 16 
18 18 20 11 37 20 23 25 17 21 15 21 21 40 26 27 4 29 18 22 19 28 30 19 18 29 31 18 19 15 33 12 24 31 37 22 4 21 38 33 27 32 28 15 26 29 18 18 24 22 
13 20 19 13 39 30 12 44 26 12 15 20 20 40 30 31 13 32 18 14 14 19 13 15 13 21 35 19 19 16 33 16 14 18 29 5 14 12 32 34 15 33 32 21 27 36 32 24 16 20 
30 26 22 21 29 27 21 16 24 10 24 15 19 41 18 26 29 15 12 21 17 36 18 21 13 33 37 20 13 13 41 13 15 22 24 11 31 21 20 5 27 13 26 24 29 6 32 18 24 19 
28 27 13 18 27 25 9 31 20 22 20 15 18 28 33 32 20 36 17 22 16 24 30 24 13 26 31 13 19 17 35 17 12 31 27 27 20 13 42 22 13 22 21 25 28 29 31 12 16 30 
22 22 22 24 44 29 13 32 38 22 21 22 22 33 27 21 33 26 16 26 21 24 23 32 16 30 44 14 16 21 28 16 26 26 36 21 30 23 19 17 24 20 20 11 29 28 25 24 26 25 

MachineCapacities:
MachineID Capacity
0 10
1 10
