NumTasks NumMachines NumScenarios
25 4 1000
TaskDetails:
TaskID ReleaseTime ResourceConsumption SuccessorsCount Successors...
0 0 5 9 4 2 3 14 17 19 
1 0 10 10 6 7 1 16 
2 0 9 8 2 7 3 6 17 19 
3 0 4 5 8 8 3 12 14 18 
4 0 4 1 9 2 3 12 17 19 
5 0 9 8 5 9 1 14 
6 0 10 2 5 7 0 
7 0 10 7 5 5 2 11 13 
8 0 1 4 8 2 1 18 
9 0 7 9 3 4 0 
10 0 8 9 3 10 0 
11 0 2 6 1 2 1 19 
12 0 6 2 7 9 0 
13 0 7 3 1 5 0 
14 0 2 2 3 2 0 
15 0 3 3 3 1 0 
16 0 4 8 10 4 1 18 
17 0 3 2 5 10 0 
18 0 2 4 9 7 0 
19 0 9 6 4 4 0 
20 0 9 9 1 3 1 24 
21 0 9 6 2 6 0 
22 0 9 10 8 6 1 24 
23 0 2 7 8 5 0 
24 0 3 2 9 3 0 

28 38 14 34 13 38 13 27 20 6 26 19 25 13 13 31 25 54 9 34 13 21 21 19 25 15 20 26 28 39 19 45 23 32 16 34 13 19 24 5 37 17 7 11 20 26 20 31 13 16 28 26 35 12 20 14 14 39 23 22 39 23 17 16 28 9 28 13 32 17 13 27 29 24 12 20 30 31 14 18 12 13 33 18 19 28 31 32 20 8 9 22 18 21 42 18 17 24 25 42 
27 23 15 30 20 19 14 23 17 16 27 26 17 15 14 30 35 35 20 15 7 23 26 25 29 18 25 19 21 20 9 17 16 15 27 20 17 16 33 29 29 9 25 26 8 29 17 32 17 30 36 44 38 22 24 14 21 31 8 21 18 16 11 20 20 32 32 26 19 24 33 21 20 21 16 21 42 43 18 35 14 48 34 22 17 33 8 29 19 19 10 25 15 19 42 21 16 16 23 27 
43 24 21 45 14 29 19 14 19 9 19 26 29 13 25 12 12 20 23 30 20 12 19 17 26 24 26 16 19 24 39 31 14 24 28 29 11 11 31 9 26 23 30 18 25 32 22 18 17 19 21 47 35 18 15 12 24 26 14 21 15 19 17 15 26 26 34 16 24 24 23 29 22 33 8 13 45 15 17 10 23 24 4 19 16 33 25 32 13 17 29 14 22 21 25 22 9 19 32 30 
31 36 13 15 11 43 16 16 19 14 32 17 20 23 16 29 28 22 17 41 11 23 27 18 16 19 29 14 19 19 24 27 13 26 20 17 24 12 24 25 39 18 37 20 9 31 16 21 21 20 12 29 30 17 22 21 17 56 24 25 31 16 24 20 9 20 19 12 37 25 30 31 14 23 20 14 26 42 7 32 18 43 32 22 28 37 30 19 16 17 17 17 28 23 29 15 18 25 17 43 
27 21 14 37 25 31 21 26 21 18 31 13 29 18 24 24 15 37 18 37 15 21 25 10 21 12 30 13 26 37 14 25 18 32 22 36 29 21 32 21 33 21 18 27 22 32 16 10 21 30 18 23 41 17 14 18 22 17 23 23 14 20 17 17 24 24 20 17 27 27 19 39 24 27 15 25 24 30 13 39 18 34 24 33 27 19 26 21 19 14 7 21 22 11 20 19 25 25 28 27 
31 43 19 24 8 49 9 24 21 12 29 16 27 14 22 28 37 17 10 40 21 19 23 17 37 8 23 19 24 13 29 36 14 36 32 41 35 7 26 19 26 25 33 32 15 22 17 43 14 14 16 44 21 17 18 20 22 21 33 22 25 22 17 12 24 26 29 26 44 25 28 23 15 13 15 13 26 36 16 30 14 32 16 31 25 33 31 24 14 16 13 21 15 14 20 26 15 32 21 17 
31 24 16 28 14 38 13 27 9 18 24 18 24 14 15 18 21 21 11 29 15 24 32 25 31 16 21 20 18 31 22 13 19 21 25 21 32 19 23 21 17 21 34 23 22 19 8 14 18 19 22 41 34 8 22 16 24 27 19 39 14 12 16 10 31 28 27 16 29 23 23 33 28 24 20 12 17 29 13 26 13 19 28 32 22 41 35 35 21 11 19 20 25 23 23 20 14 20 26 37 
30 31 15 34 13 29 10 11 12 11 29 14 15 13 29 17 18 36 8 35 12 22 31 23 23 16 29 24 26 37 20 41 19 18 27 33 15 14 26 23 26 21 29 22 20 19 11 51 20 27 17 17 31 25 27 18 16 30 20 28 20 15 13 16 31 32 23 20 30 21 31 21 28 33 14 25 34 21 14 39 17 39 35 25 27 37 22 25 9 9 21 22 21 19 35 25 19 22 15 15 
39 31 14 26 17 26 13 24 11 13 34 29 26 25 14 21 18 38 15 37 11 22 16 19 24 23 22 16 20 21 40 30 21 41 25 28 21 16 27 23 39 21 29 22 21 13 20 25 17 33 41 30 34 18 17 19 20 25 21 20 43 25 16 17 28 27 17 22 47 23 26 22 43 24 13 21 16 25 14 26 17 31 27 34 28 29 12 19 27 26 27 24 28 23 31 26 18 12 28 33 
33 35 12 22 12 30 12 23 7 12 27 10 40 20 18 18 29 26 16 22 21 16 21 18 29 11 34 23 27 25 38 25 28 18 30 28 29 17 23 22 35 11 29 33 16 23 17 15 16 31 20 16 33 12 21 23 17 29 30 30 18 20 14 20 28 28 23 14 34 19 19 31 16 26 8 26 29 21 12 21 13 21 29 10 31 28 29 31 17 8 26 26 30 24 30 21 26 22 15 15 
33 29 19 32 24 35 15 12 17 15 25 17 18 22 29 27 30 41 14 29 18 15 30 20 36 18 38 18 22 27 36 28 24 25 16 17 13 18 24 17 35 24 37 22 30 21 9 31 23 12 31 42 25 18 34 21 19 40 29 44 13 9 20 15 25 22 33 24 28 9 22 22 25 33 16 19 34 22 15 36 20 35 25 36 12 38 33 26 15 14 24 13 16 17 30 19 17 34 28 21 
23 27 21 25 24 27 22 12 25 19 22 26 20 19 14 27 17 33 20 23 15 19 28 20 38 17 46 19 24 30 31 36 22 32 30 28 26 17 20 18 29 24 20 22 19 20 22 21 19 32 31 48 33 11 22 18 14 20 32 19 18 23 11 6 30 24 13 20 33 22 19 15 20 24 12 11 11 33 20 38 14 29 31 34 20 22 24 38 16 17 20 25 20 20 30 25 16 19 35 41 
20 41 20 36 22 23 20 31 15 11 34 13 16 16 28 18 25 41 15 40 17 24 31 22 30 13 37 12 16 34 40 32 22 29 30 36 27 17 29 9 34 13 27 28 23 3 15 36 21 30 33 30 41 18 36 7 19 34 27 30 29 11 13 17 23 26 30 10 20 32 10 29 28 27 13 10 23 16 15 14 18 34 22 37 19 29 34 28 9 16 14 22 28 29 35 23 19 24 23 28 
26 34 17 24 23 31 15 20 6 16 34 28 20 16 19 24 31 37 13 19 14 14 27 20 27 10 19 22 17 24 32 27 21 35 19 29 21 18 21 20 10 17 26 21 23 25 21 16 12 32 26 39 20 19 26 22 22 28 11 19 29 25 13 10 16 22 21 18 44 22 18 18 17 37 18 18 30 35 16 25 13 18 18 8 23 36 36 18 11 14 15 15 31 22 31 24 13 22 27 21 
26 20 18 25 19 19 15 16 14 17 14 22 24 26 28 21 30 41 8 20 14 12 20 22 49 8 35 16 19 32 21 26 19 32 28 11 23 16 25 22 31 3 26 26 19 21 17 17 17 23 7 35 29 21 6 22 17 39 26 26 20 8 11 16 15 15 23 13 23 15 20 26 20 29 6 9 30 13 17 25 13 15 20 23 28 14 24 32 21 18 26 21 20 19 14 17 15 28 25 33 
24 22 18 28 24 33 18 24 20 14 23 13 25 15 19 23 23 36 16 13 17 15 38 18 40 18 19 11 24 42 34 35 24 16 33 34 32 21 23 18 34 33 38 18 29 22 11 38 27 22 36 30 44 14 19 25 11 33 31 20 19 20 17 20 29 16 38 30 34 17 27 38 22 34 17 12 30 19 8 28 13 33 25 40 35 38 24 17 18 18 23 14 21 13 37 24 8 23 31 26 
38 15 21 23 26 32 19 20 17 11 25 18 18 21 22 30 27 38 13 37 16 18 19 14 16 13 30 25 23 23 29 29 19 40 19 26 18 20 24 16 34 7 21 20 16 36 8 25 24 26 15 29 27 16 23 26 14 38 28 21 22 16 15 18 33 31 23 17 36 22 27 15 18 23 18 21 28 49 15 9 18 26 33 23 29 30 36 28 23 12 14 28 6 12 25 26 32 17 14 26 
27 20 19 6 7 41 19 22 14 19 18 11 27 23 19 26 31 26 20 27 7 17 13 16 48 15 37 22 16 26 37 19 23 12 23 28 33 17 19 20 34 15 36 28 28 28 9 46 9 22 35 29 25 9 22 22 17 16 23 19 12 14 12 15 29 31 21 10 25 21 29 29 34 8 11 24 27 17 16 16 17 31 23 20 25 36 22 27 18 17 25 31 28 14 32 23 14 21 10 16 
27 12 19 31 19 36 15 30 7 23 35 19 24 23 23 23 19 30 15 41 12 19 28 25 44 14 42 19 23 28 25 31 17 27 23 18 31 12 13 6 29 8 30 29 20 24 19 39 15 26 27 18 37 19 27 16 19 13 22 19 24 19 18 17 23 25 28 19 38 26 32 27 24 39 15 12 25 22 22 47 17 30 23 28 17 29 20 34 24 13 26 31 21 15 30 38 23 15 20 25 
26 25 19 29 20 35 21 16 13 16 32 26 33 8 18 25 23 38 18 29 13 18 24 11 34 21 26 14 13 25 38 25 14 36 17 26 17 19 17 22 36 27 27 30 29 32 15 25 15 34 28 18 16 20 22 20 21 25 23 29 26 21 20 10 29 27 23 25 44 19 11 32 18 41 16 14 32 23 11 29 19 10 19 39 34 25 41 33 29 14 20 26 29 20 32 25 20 22 27 16 
21 24 20 26 14 42 6 23 12 14 21 28 29 13 20 33 26 37 13 39 13 14 36 20 4 19 16 12 25 42 22 36 10 8 32 21 32 9 20 22 23 3 29 22 23 24 18 34 23 27 27 33 14 18 31 29 19 24 16 38 36 12 14 15 37 35 21 31 36 10 21 28 21 27 11 14 11 24 17 30 15 23 25 21 18 38 10 16 27 13 19 15 16 8 45 13 13 12 20 30 
36 9 21 39 15 30 21 17 22 21 47 29 36 21 16 25 20 40 13 27 17 26 25 28 39 20 23 27 23 29 26 29 15 35 26 28 27 13 26 10 16 15 45 32 16 26 21 38 22 17 24 28 19 15 19 10 26 21 22 23 24 20 14 22 27 26 33 13 23 25 29 21 23 30 14 16 36 30 17 35 16 11 23 32 21 30 29 26 16 15 10 16 30 24 35 24 14 32 21 12 
21 27 18 20 17 28 8 14 17 18 22 25 28 11 12 32 23 45 11 29 17 19 30 15 23 13 25 22 10 21 22 22 23 27 25 24 26 13 26 31 31 15 25 18 20 42 21 21 19 28 26 35 15 18 32 21 12 46 17 31 24 8 18 21 17 20 27 18 23 25 25 24 40 20 15 13 41 33 10 32 15 35 27 27 27 38 29 18 22 20 19 16 17 27 34 27 29 16 13 34 
17 32 14 24 20 25 14 12 14 7 19 12 20 19 20 31 27 34 11 48 14 16 20 18 32 14 17 16 20 35 26 29 24 27 8 25 27 11 14 26 29 20 29 16 19 31 15 37 12 27 24 23 22 13 29 7 16 48 22 11 12 21 17 15 18 23 23 8 33 23 21 34 20 33 11 21 42 36 21 19 15 33 22 27 25 45 40 35 21 6 15 28 36 21 36 23 21 23 25 24 
29 26 21 25 20 15 11 16 21 16 8 22 34 20 16 9 31 25 19 17 14 20 27 18 40 22 34 18 36 17 23 36 15 35 25 24 26 11 28 20 38 14 22 21 26 29 19 41 15 30 18 25 40 20 21 21 9 23 14 33 26 19 14 14 22 27 30 15 24 31 31 24 27 34 10 23 22 34 14 36 17 27 25 23 30 49 23 19 17 10 16 16 22 18 36 26 19 29 24 33 
35 33 18 14 19 23 19 26 23 11 30 29 25 19 19 18 22 24 20 31 21 18 35 21 28 17 30 21 24 33 22 25 10 29 29 14 25 15 18 13 38 18 29 29 24 21 11 26 12 23 20 29 31 19 23 23 25 30 18 43 19 15 21 18 24 19 22 21 27 25 25 29 37 12 19 14 45 30 16 26 11 27 20 27 12 17 22 39 17 20 27 26 16 21 25 8 16 27 24 39 
27 16 15 30 12 29 13 19 14 15 24 17 27 21 13 20 11 18 13 28 18 19 28 22 29 15 35 21 19 25 31 32 19 24 27 33 28 12 25 21 36 17 30 20 13 28 10 34 21 18 34 33 28 21 17 14 21 23 30 26 17 15 9 20 23 7 24 21 30 19 20 17 24 28 17 19 28 31 17 23 12 30 24 29 26 38 22 7 14 20 27 30 19 14 26 25 20 23 19 31 
44 59 20 26 21 30 7 32 20 20 25 9 28 17 20 15 35 36 13 32 19 14 18 19 10 20 19 24 30 31 15 21 24 26 29 16 10 18 20 22 19 21 37 23 10 19 17 18 8 24 28 24 32 14 19 19 16 22 30 21 24 19 17 20 28 14 30 21 34 24 38 12 24 25 11 22 36 28 15 31 19 27 21 14 17 30 34 27 23 6 19 19 26 14 35 29 10 24 23 24 
24 30 21 27 15 28 3 21 16 14 25 16 16 17 22 29 20 27 13 11 11 19 25 26 23 20 24 11 22 28 36 26 16 41 24 34 37 23 19 19 20 30 17 14 17 30 18 31 18 25 32 39 15 10 32 19 26 35 16 29 24 20 18 13 25 15 17 20 27 19 14 32 15 12 11 20 34 35 16 23 19 34 30 23 31 18 31 19 15 17 21 12 19 13 20 15 16 27 28 29 
37 24 20 30 13 29 15 31 16 12 22 24 25 22 11 18 15 29 13 18 24 28 30 22 32 14 36 12 20 18 22 29 13 35 35 19 24 22 26 10 37 27 36 28 18 31 14 36 24 27 30 26 37 19 20 14 25 35 21 27 20 27 9 16 16 22 21 18 28 29 37 7 12 23 14 10 23 6 22 24 7 19 27 27 32 42 35 17 12 17 18 17 17 9 29 40 18 28 26 21 
28 22 15 29 20 31 10 29 6 5 32 22 20 19 28 24 22 25 10 21 15 18 29 21 20 19 27 17 16 24 41 36 23 23 41 35 20 10 29 21 20 11 26 34 22 27 13 62 18 30 20 24 29 20 30 23 19 29 25 35 28 20 19 19 24 29 31 20 33 30 39 38 37 30 13 14 29 39 10 16 18 40 31 18 29 34 34 26 21 14 17 17 22 11 47 11 20 9 18 25 
31 28 16 31 20 26 18 16 10 14 29 33 26 18 28 29 22 34 17 22 14 24 26 26 38 7 21 21 15 22 27 26 23 42 25 19 17 15 23 12 31 19 37 25 17 8 21 43 18 22 32 32 22 20 29 24 18 39 24 24 30 16 15 15 16 27 20 21 20 19 28 28 30 16 23 12 22 19 16 17 18 29 27 23 32 26 18 38 20 9 17 19 33 20 7 30 18 28 12 39 
18 27 15 20 15 21 20 21 13 16 30 25 11 12 22 31 33 31 23 24 8 24 19 26 37 17 21 9 25 28 26 26 17 16 37 28 22 14 21 18 25 20 21 20 9 31 17 34 18 23 25 38 17 16 31 15 22 27 19 26 33 26 9 15 26 30 35 21 34 27 22 33 29 14 14 26 21 24 20 33 13 23 28 34 21 30 39 34 19 16 26 24 11 15 24 22 12 28 31 25 
39 29 14 24 10 29 16 27 14 20 17 12 22 9 23 12 17 36 4 32 19 24 16 14 24 19 33 14 22 30 36 36 14 18 30 35 14 12 28 14 34 23 23 24 15 26 7 47 10 22 23 37 14 13 20 14 11 40 18 30 26 25 19 11 30 25 19 17 38 20 25 28 15 24 15 14 38 20 15 26 15 38 10 24 30 41 51 22 13 18 15 20 22 23 19 21 16 29 17 28 
35 27 20 20 16 21 14 16 21 20 34 20 22 21 31 25 29 34 5 32 17 15 25 18 18 15 28 30 23 25 21 23 27 45 39 25 21 16 22 29 40 29 42 25 19 27 21 4 27 27 15 27 16 10 19 17 21 40 31 28 28 19 14 14 17 26 22 21 33 17 34 28 19 33 15 12 26 23 15 36 19 28 22 21 17 26 27 22 18 12 17 13 18 13 37 19 20 23 24 19 
18 42 21 42 17 34 21 17 19 17 27 11 31 18 27 17 38 32 16 36 22 18 12 18 34 15 30 25 22 34 32 22 24 22 21 42 10 19 29 23 40 24 28 19 17 24 19 29 15 25 26 40 34 19 25 17 15 41 32 21 31 10 9 16 37 25 15 29 33 13 31 26 26 26 14 21 33 24 19 26 13 32 26 28 25 29 30 17 14 14 17 23 25 26 33 12 12 20 18 33 
29 38 20 29 11 16 13 20 12 8 32 13 21 16 24 13 30 21 16 32 22 22 19 13 13 12 27 16 18 28 26 29 19 30 32 17 11 12 13 15 33 13 42 28 15 27 14 33 27 27 30 28 17 11 28 20 15 36 24 14 25 26 20 18 27 27 36 24 26 18 23 37 24 27 12 11 34 27 10 27 14 23 47 23 19 37 21 19 18 11 24 25 22 33 42 24 11 26 20 26 
30 39 12 24 15 36 12 20 17 18 26 21 44 20 21 17 28 28 17 40 14 19 14 15 42 14 32 15 18 24 30 28 22 19 24 19 26 9 13 24 34 31 32 20 15 26 15 44 14 20 23 53 22 13 33 15 10 27 21 22 24 19 11 21 29 21 20 13 21 27 15 35 27 16 18 13 29 20 17 34 12 13 27 20 18 15 28 34 11 17 19 35 23 19 40 22 23 16 28 26 
32 37 18 28 26 29 14 16 25 13 31 19 24 17 22 26 21 21 11 23 23 8 24 21 37 14 29 20 18 40 24 29 24 23 35 23 33 10 24 12 26 25 26 31 13 26 19 28 25 27 33 13 41 12 16 18 19 44 31 27 21 17 10 19 23 25 11 21 23 23 9 23 32 15 23 18 25 39 23 30 20 18 34 23 21 10 11 27 21 10 20 24 20 13 29 24 7 15 20 37 
35 22 11 14 23 26 15 20 22 24 34 24 22 17 22 31 30 7 14 15 15 21 23 24 38 13 45 19 14 29 31 29 22 35 23 35 20 15 31 17 13 22 30 31 17 34 7 33 15 22 26 25 36 19 25 16 22 30 31 28 24 16 11 13 21 28 20 16 14 18 17 20 14 26 17 15 15 36 15 37 9 37 23 22 27 22 36 18 14 24 19 23 34 19 29 26 16 21 27 21 
37 35 8 24 19 24 12 25 23 10 6 10 18 25 25 32 20 20 10 42 13 17 18 19 48 15 27 10 22 27 34 25 15 22 20 19 23 15 30 11 34 22 22 22 25 20 22 26 17 34 40 28 36 12 28 15 25 22 19 20 35 12 16 10 43 22 29 22 39 26 24 26 37 16 14 30 23 25 11 26 17 18 17 14 21 34 27 35 21 16 21 20 25 20 30 20 19 32 26 33 
39 27 15 28 25 35 15 23 15 15 17 17 19 13 15 25 17 31 25 19 16 10 34 21 38 12 21 19 14 26 24 24 21 24 22 24 20 12 15 14 20 12 25 27 24 20 16 29 11 17 13 34 27 25 22 9 15 32 27 17 21 13 11 17 20 20 23 23 37 19 35 20 14 26 14 21 27 27 13 33 15 18 14 23 22 26 33 17 26 12 13 21 27 20 32 13 20 16 31 28 
30 37 7 20 12 39 15 20 22 13 19 20 29 22 22 36 31 32 12 20 16 21 20 12 40 19 32 21 25 19 30 10 24 24 27 23 8 11 21 12 37 19 31 18 21 28 14 36 22 29 30 38 31 17 32 24 16 28 28 26 16 19 15 15 26 28 12 29 25 14 34 20 24 26 14 12 21 25 14 36 17 39 22 34 27 38 29 14 27 16 31 6 16 20 26 20 13 34 14 19 
32 21 14 25 15 33 15 32 17 19 27 22 17 27 23 9 19 22 20 35 20 22 24 20 27 14 32 21 31 29 35 29 18 41 30 35 19 23 15 28 30 20 23 18 30 27 15 28 20 31 25 26 18 21 26 16 19 22 24 29 31 11 22 11 17 12 29 20 26 18 31 33 26 37 11 17 34 39 17 22 13 23 21 18 27 29 22 25 18 16 21 33 19 15 38 19 21 8 17 38 
23 15 15 22 27 25 17 27 11 14 33 23 36 17 12 20 34 41 16 13 13 21 24 14 34 18 22 22 20 16 11 36 18 34 13 20 31 20 16 15 24 27 29 23 14 23 19 21 12 37 30 29 32 16 26 18 17 29 19 22 25 23 18 17 32 16 22 19 37 16 27 32 18 14 20 23 21 20 12 39 13 19 15 26 23 35 27 17 14 24 10 20 20 16 34 24 14 15 28 26 
41 39 20 19 17 32 18 23 17 13 25 23 35 17 13 19 21 26 18 25 8 20 17 22 25 16 34 12 11 18 32 16 18 49 26 29 23 16 21 13 26 19 28 26 19 33 18 21 22 31 27 39 44 11 15 5 25 30 26 31 29 22 11 16 31 25 27 37 14 16 23 23 20 35 17 16 35 16 11 42 15 32 25 26 23 19 32 33 11 12 21 31 15 23 52 17 14 31 26 24 
30 24 18 19 20 19 18 16 15 11 20 19 33 17 17 27 22 35 16 41 18 17 16 22 24 16 38 14 18 23 29 35 19 31 19 37 26 5 32 19 12 29 33 29 12 31 18 13 17 25 29 45 44 15 18 19 18 30 14 31 37 20 16 20 31 16 38 29 15 23 33 24 25 27 18 20 28 28 15 28 10 14 17 25 38 30 27 23 26 16 26 21 17 35 17 14 23 26 14 26 
23 35 18 28 18 21 16 28 23 25 26 19 38 20 19 27 30 40 16 37 21 19 19 11 40 21 22 15 10 27 34 33 23 34 23 12 10 10 24 22 28 32 27 33 24 23 13 23 24 33 20 28 31 18 24 22 30 32 21 19 18 22 17 19 35 36 19 22 18 28 34 37 36 25 19 21 45 31 16 31 13 27 36 18 27 31 26 24 26 9 13 19 17 16 39 14 28 14 12 27 
31 39 14 30 12 25 16 20 12 12 16 17 26 13 24 34 23 34 18 31 16 3 33 25 36 20 31 12 16 31 25 25 19 23 10 30 32 17 22 17 25 22 32 16 14 27 15 31 17 18 19 36 26 22 31 21 10 37 19 20 20 19 11 16 22 34 26 15 32 17 37 31 18 24 16 18 29 28 9 30 18 27 21 15 32 33 39 22 25 13 14 18 17 28 28 30 12 24 28 40 
28 34 12 23 28 35 20 17 17 24 25 19 29 11 22 31 16 36 19 48 9 19 26 10 29 14 22 18 20 42 35 26 18 34 18 29 29 17 39 20 40 12 34 26 32 17 17 28 11 26 20 35 28 12 21 21 14 30 16 23 22 16 14 23 15 17 29 18 30 26 13 19 23 25 16 16 26 29 19 21 16 18 28 26 26 24 37 20 21 16 26 21 12 13 33 12 23 21 24 30 
26 21 19 29 20 18 16 20 15 17 12 9 32 16 22 18 18 37 21 36 16 17 18 8 32 12 39 26 20 41 37 24 23 19 23 26 18 13 17 29 36 20 34 29 22 26 21 23 22 36 13 30 47 16 24 16 16 33 29 18 31 17 21 21 28 30 32 18 43 23 22 20 25 30 11 20 26 10 26 44 16 17 41 27 25 33 26 23 18 20 17 23 29 18 36 19 17 16 21 22 
38 39 18 22 16 34 14 18 23 14 27 26 31 20 25 28 15 45 6 34 14 13 27 15 33 13 29 20 27 30 26 31 16 17 19 26 29 15 26 24 18 14 34 24 25 19 25 28 15 22 20 39 35 21 31 21 18 23 28 36 20 13 19 15 25 30 28 19 35 17 26 31 20 26 8 13 17 41 18 39 14 20 27 13 23 35 28 15 14 15 16 22 19 14 12 25 15 23 27 28 
28 24 15 16 17 22 10 15 20 12 21 24 31 22 19 17 21 35 12 14 15 22 29 18 29 18 26 18 11 32 24 28 21 21 32 24 27 15 21 18 33 14 33 24 17 17 17 20 19 38 19 31 41 16 25 27 25 19 24 26 27 27 13 16 40 21 21 21 41 10 30 33 27 29 13 15 32 32 14 26 19 34 23 10 15 25 26 27 15 17 15 16 24 31 27 27 33 20 19 27 
35 40 17 15 6 36 11 26 19 17 31 19 16 23 22 24 24 32 17 16 22 8 28 19 43 12 23 17 15 33 41 36 15 36 24 22 22 19 20 24 44 15 26 19 12 22 17 27 19 30 21 25 29 11 18 17 23 20 22 31 25 11 22 15 26 21 30 23 25 26 28 33 27 33 9 16 22 17 17 17 10 17 29 19 26 34 34 25 31 18 24 21 20 23 48 24 15 18 20 24 
16 28 11 35 16 27 17 14 14 11 27 28 19 21 27 26 24 38 15 26 21 23 23 9 32 15 38 17 21 30 30 24 11 13 42 28 31 14 25 21 24 5 40 30 19 21 20 35 18 28 30 23 21 17 19 19 23 22 22 17 28 19 14 18 20 25 20 12 17 26 27 25 24 32 17 16 16 27 15 26 20 32 23 26 20 17 45 22 16 21 25 30 13 28 17 31 18 31 31 34 
30 26 20 26 17 14 13 27 17 13 24 13 25 17 19 30 27 42 18 52 26 20 31 16 45 19 45 13 19 13 32 31 19 28 24 25 33 12 15 25 22 15 24 26 24 20 19 10 22 26 21 29 18 11 26 19 16 37 24 23 23 12 16 11 19 19 28 27 33 17 24 31 32 24 8 14 19 36 18 24 15 17 36 19 25 21 30 27 22 12 30 35 13 25 29 14 18 25 28 25 
35 29 23 29 25 34 9 12 22 14 39 18 26 29 27 20 23 12 2 15 12 17 21 18 31 7 25 23 19 40 32 32 14 19 29 30 28 21 9 13 37 12 28 33 17 34 18 35 25 29 26 19 31 17 20 29 23 24 17 25 27 12 15 13 18 21 19 11 32 23 31 20 32 20 6 16 36 39 12 30 18 43 36 20 17 35 34 35 17 17 22 26 17 22 37 12 15 22 12 32 
26 26 6 32 28 24 11 11 19 17 15 14 22 23 22 20 27 28 11 30 23 25 25 27 21 20 26 20 18 17 28 28 13 43 29 33 25 9 24 20 34 25 38 32 21 29 20 38 19 42 32 34 17 17 26 29 23 20 27 21 31 19 20 18 25 10 15 21 27 11 32 27 15 27 19 11 24 33 18 20 11 17 30 19 30 22 38 27 10 14 12 31 21 8 33 23 14 25 25 40 
43 13 19 18 20 38 14 16 12 17 35 26 22 19 29 15 28 44 16 43 17 17 14 19 16 17 24 17 8 32 34 31 22 41 31 40 18 20 21 22 48 23 28 23 27 32 11 32 16 29 36 17 39 21 14 22 22 31 24 22 27 8 18 17 26 28 20 19 38 19 37 26 30 28 5 14 29 47 21 20 19 18 20 23 23 20 33 24 20 15 15 17 20 23 24 20 10 26 21 30 
31 12 19 16 17 23 14 12 19 20 38 19 22 26 21 29 41 16 8 22 14 13 23 22 27 16 33 12 27 39 37 28 20 25 35 21 29 15 27 18 31 10 28 33 16 29 8 32 24 27 19 38 26 16 25 23 21 20 20 24 31 21 17 15 25 20 23 32 16 18 21 31 34 15 17 18 20 10 11 19 14 17 20 25 29 37 44 19 24 21 17 34 24 14 23 21 14 26 15 21 
35 35 12 18 25 25 12 13 25 15 37 5 30 23 23 23 24 30 11 22 20 11 21 17 26 12 40 17 12 27 24 17 21 18 27 12 25 11 19 11 37 14 17 28 15 20 16 37 18 28 21 36 16 19 25 18 10 24 24 15 21 7 14 15 31 28 18 14 33 21 36 28 25 19 15 9 21 15 14 30 20 36 19 35 21 14 16 30 17 9 15 22 16 16 27 17 16 23 21 22 
19 28 17 22 19 36 15 28 23 9 25 17 33 20 20 24 30 36 12 44 18 25 26 21 43 18 29 21 21 22 29 28 23 43 18 25 18 18 15 24 21 18 31 23 16 19 18 49 20 13 26 27 32 17 12 23 12 39 28 21 32 12 22 12 23 21 24 18 31 15 35 24 37 24 23 16 30 30 7 26 14 31 15 24 29 30 37 20 28 17 17 22 18 21 20 10 23 28 25 44 
47 30 11 28 18 25 8 19 16 12 24 20 29 27 34 29 26 25 16 41 23 15 24 13 11 19 28 21 13 32 28 28 23 34 21 25 30 13 32 12 22 11 24 15 17 15 18 28 15 35 30 26 30 16 26 17 19 28 29 31 22 18 15 16 28 20 30 20 37 15 27 31 17 21 9 16 19 23 20 25 17 24 35 33 21 46 24 34 22 18 21 27 15 14 32 24 26 25 27 20 
23 36 23 29 22 41 17 18 16 14 14 13 35 19 30 32 16 26 9 22 15 15 25 17 38 14 19 22 7 23 45 3 21 29 28 21 48 17 39 22 42 15 31 20 25 10 13 36 15 27 17 40 24 18 17 23 31 29 22 31 18 32 18 19 27 39 24 24 12 25 25 34 11 17 16 19 26 22 25 27 24 44 15 16 14 22 38 11 17 15 21 20 23 15 28 22 24 24 28 39 
25 18 14 19 22 30 21 23 25 14 29 27 31 3 18 22 19 23 19 21 15 18 20 25 3 20 29 32 28 36 23 21 24 28 15 28 15 19 18 14 23 11 22 31 30 17 18 39 21 17 17 34 32 13 28 25 12 28 23 21 33 16 22 12 34 28 26 20 28 20 26 27 18 22 13 12 25 33 13 21 15 30 35 25 19 43 36 12 26 12 14 17 10 11 33 13 29 30 23 32 
17 28 23 21 23 25 15 19 15 7 31 24 24 13 26 25 32 28 16 33 15 20 17 18 15 22 20 15 21 27 30 22 17 27 13 22 25 13 29 9 47 19 37 26 23 22 19 31 17 29 23 42 41 19 22 19 12 23 24 17 27 15 25 17 30 35 19 27 33 20 22 36 19 20 14 13 21 41 17 33 22 23 31 35 20 22 31 16 20 19 23 17 27 18 33 25 23 27 15 34 
26 19 16 27 24 33 16 17 24 9 33 8 34 16 29 26 35 39 12 19 17 24 25 12 36 19 34 16 14 30 28 41 19 35 15 15 32 16 15 20 37 12 31 29 12 21 19 38 15 32 23 26 34 14 11 14 24 27 25 33 32 12 12 16 14 19 24 28 25 21 32 27 31 24 10 11 29 31 12 23 14 23 28 34 22 31 18 29 12 23 18 22 24 15 37 14 12 25 26 30 
14 38 19 28 20 35 13 9 17 20 38 11 17 20 22 17 23 31 23 27 13 20 16 17 20 16 27 16 11 26 20 22 21 11 26 25 27 20 25 11 21 6 33 32 18 26 5 30 14 32 17 32 28 17 26 19 16 52 23 19 31 25 16 13 20 27 17 26 32 7 10 24 36 19 16 18 30 28 20 37 16 31 17 27 28 31 22 24 24 16 32 13 19 15 21 25 17 27 12 22 
25 26 11 26 15 31 10 16 19 16 22 25 24 20 23 36 31 27 23 20 12 10 27 21 34 19 35 13 20 34 27 23 19 24 24 31 29 15 15 14 25 10 25 24 31 24 11 33 12 29 19 34 42 19 25 21 25 34 20 32 20 12 23 11 19 22 18 26 24 22 34 30 14 25 19 14 22 23 16 32 21 20 24 47 26 26 20 21 20 17 26 17 28 22 30 20 9 26 21 25 
30 36 17 28 17 22 13 27 24 12 25 16 24 19 17 24 21 37 9 29 18 7 17 26 46 17 18 14 33 19 32 28 15 20 16 27 7 19 27 16 36 21 38 30 22 14 5 11 18 17 31 25 23 9 23 16 12 34 22 16 21 13 21 15 20 26 30 32 19 16 33 26 24 23 21 12 15 32 11 31 14 25 28 18 17 26 35 26 16 12 21 22 23 20 46 25 8 28 24 29 
36 50 15 35 20 31 20 20 20 16 21 18 25 23 25 19 25 30 14 35 17 19 30 16 36 24 15 9 23 22 37 14 15 31 29 33 30 13 10 13 30 17 30 24 13 42 19 34 12 40 26 31 24 13 22 19 21 24 28 28 29 17 25 7 20 17 21 19 23 16 38 21 12 40 8 16 28 17 9 25 12 27 27 29 19 33 36 32 13 16 22 26 21 13 31 23 10 29 21 17 
27 26 10 28 18 31 17 22 28 12 21 30 36 16 30 27 23 46 15 11 19 16 19 24 21 15 20 20 24 33 31 31 16 37 24 26 22 22 19 22 33 26 18 30 25 20 9 27 23 17 31 22 28 18 14 21 16 21 20 24 26 27 13 15 30 25 16 24 41 23 20 21 26 27 13 21 8 42 15 31 18 16 11 37 25 45 16 16 22 17 19 15 14 25 32 24 15 32 31 22 
33 26 24 37 13 20 12 22 11 6 25 22 21 20 27 26 38 20 16 40 11 27 14 8 23 13 22 8 26 46 48 32 23 13 25 32 18 19 33 26 24 27 27 26 18 22 17 24 8 29 31 25 29 22 23 17 17 23 17 31 26 17 17 18 30 22 14 22 32 28 22 29 30 33 8 11 37 32 10 31 6 22 26 24 27 29 39 17 23 17 22 25 20 20 33 29 19 12 17 32 
23 36 16 22 10 34 10 24 19 20 32 20 26 11 16 28 35 33 13 31 15 13 34 18 29 7 25 23 20 26 13 48 22 33 23 29 35 17 23 18 36 10 33 34 12 32 19 36 16 21 27 35 40 15 28 16 22 36 27 19 16 14 16 15 20 25 25 29 28 21 22 27 16 31 18 14 15 17 17 19 20 30 20 38 31 29 53 22 24 18 15 22 30 22 29 21 20 23 31 35 
34 36 15 24 18 49 9 21 14 23 28 22 32 16 23 22 24 25 20 25 20 15 22 16 24 12 20 19 25 21 31 26 21 23 20 30 29 7 11 18 24 15 13 30 19 18 17 30 17 38 22 28 30 17 12 27 15 18 13 27 20 10 19 13 36 9 28 41 18 18 20 19 34 22 5 13 43 34 12 41 18 29 30 21 31 24 29 20 4 20 17 24 4 17 27 22 9 33 36 21 
29 26 14 26 14 46 22 17 20 14 26 15 15 19 17 40 41 33 17 34 14 18 17 16 32 12 40 19 21 23 20 20 19 30 27 16 17 18 24 22 51 20 13 28 22 18 21 37 8 25 30 35 42 12 30 10 14 25 20 25 31 12 10 17 31 16 18 23 38 26 38 25 31 18 22 15 38 11 13 28 17 22 10 22 27 30 36 21 21 19 18 20 25 14 30 11 20 21 13 26 
19 33 22 23 23 42 7 28 17 12 28 19 37 27 22 29 29 38 13 9 13 17 23 12 37 14 28 19 24 33 20 26 14 31 35 28 25 11 15 21 33 33 27 29 28 38 16 19 23 28 34 9 27 16 24 20 18 17 26 25 36 12 9 22 19 36 35 25 16 24 27 16 39 27 15 22 14 39 12 47 14 33 29 25 30 19 27 18 19 17 24 31 16 19 32 33 16 26 19 34 
19 44 15 27 10 28 14 18 21 19 33 14 33 15 30 18 25 34 15 46 20 17 15 17 28 17 23 21 24 25 37 22 10 29 22 25 27 15 19 15 48 26 46 31 15 21 20 25 10 30 39 19 31 17 16 17 21 34 30 14 31 15 15 9 18 20 55 21 35 24 29 32 25 17 13 8 16 27 19 40 18 13 19 49 17 40 32 25 17 17 19 16 25 16 39 19 23 18 18 47 
45 33 14 24 11 23 12 15 14 17 34 29 33 20 20 17 29 34 15 29 25 15 27 23 28 17 13 23 24 24 25 43 24 21 32 16 26 15 22 22 35 28 31 27 22 20 20 32 21 20 20 32 28 15 38 21 21 18 22 16 30 27 11 11 25 22 28 25 25 23 18 29 16 17 7 19 28 28 17 31 18 38 16 9 17 35 19 24 17 22 18 19 20 24 26 21 12 19 24 25 
26 26 21 27 19 22 16 35 21 15 35 17 25 24 17 23 37 31 17 44 21 19 22 27 30 17 20 25 26 24 21 10 16 31 21 26 19 17 20 18 35 24 22 28 25 29 11 20 21 19 26 33 14 12 10 11 15 29 18 18 21 18 18 9 23 22 35 26 30 22 22 23 22 31 16 14 46 26 16 28 8 24 32 33 30 45 25 27 22 17 16 25 33 14 34 19 17 24 25 18 
36 22 19 27 21 25 19 26 11 16 35 27 23 27 20 26 28 27 22 32 7 15 22 22 29 12 30 15 30 28 23 21 19 26 24 33 20 7 27 24 30 23 30 18 36 22 15 26 21 30 34 27 35 15 24 18 25 31 23 17 24 10 23 18 22 18 21 19 33 26 29 40 14 21 13 15 26 31 14 20 10 23 29 28 16 18 16 30 25 17 14 21 24 19 18 3 18 28 18 20 
16 51 15 32 17 45 13 20 27 16 23 15 30 16 21 27 20 33 15 31 19 14 12 22 27 11 30 19 19 41 24 24 25 18 29 26 12 15 30 18 24 11 27 17 5 14 18 31 10 17 25 23 7 17 29 18 25 34 20 21 36 22 20 22 46 31 23 19 27 21 35 23 22 21 11 9 43 32 11 33 13 11 24 24 23 22 20 19 27 19 17 11 29 22 27 17 26 31 25 28 
47 26 22 32 19 34 14 19 17 11 27 18 38 6 25 19 28 35 20 28 22 18 12 15 33 17 24 21 19 29 23 41 13 34 24 28 21 15 14 20 26 12 33 24 23 32 13 26 15 15 32 38 29 18 25 12 30 28 29 7 26 20 20 16 35 17 29 26 26 20 31 25 24 29 18 13 30 27 19 31 13 25 34 24 25 29 28 37 18 16 25 20 23 19 36 19 18 16 20 18 
18 32 14 17 16 37 9 26 10 19 34 22 30 17 24 18 27 33 11 47 18 17 26 23 34 11 29 18 17 24 30 37 21 30 20 19 31 14 30 27 21 11 33 15 9 25 21 25 21 30 13 6 38 15 29 18 22 22 22 29 27 17 19 28 30 27 22 26 40 23 12 25 31 27 8 13 24 32 17 26 21 42 24 28 23 26 36 37 25 24 11 11 15 15 17 28 22 36 20 29 
32 42 20 42 17 42 14 25 19 16 31 9 31 22 22 36 37 22 15 25 16 22 33 24 26 21 16 23 26 27 20 30 18 25 25 28 24 6 21 19 27 23 39 29 10 17 17 32 20 35 11 46 33 17 22 16 16 20 19 24 20 16 17 24 18 14 25 25 32 21 24 34 27 31 20 14 37 29 12 27 22 32 21 37 10 31 22 14 15 13 16 21 31 23 40 19 26 38 16 19 
33 16 20 26 13 28 15 25 13 11 19 13 39 12 19 31 26 33 16 30 22 23 28 14 37 15 11 16 22 32 36 23 24 20 38 35 13 19 28 26 22 9 23 26 21 31 18 32 21 18 21 38 34 18 23 26 12 47 29 32 38 16 15 20 31 24 28 24 34 22 35 23 43 29 15 16 32 39 10 38 16 20 32 35 15 44 34 29 18 19 24 25 25 20 23 22 23 14 31 26 
31 41 10 40 18 29 18 13 19 14 33 11 14 22 14 21 14 38 12 14 23 14 25 22 12 21 26 11 20 26 25 17 7 36 26 29 19 11 32 27 40 22 32 13 11 30 13 23 17 29 24 36 26 16 16 18 20 30 25 36 30 16 23 14 29 37 16 38 30 15 37 39 3 25 15 15 32 38 9 31 16 38 16 23 28 32 38 21 18 13 17 30 30 20 16 17 27 22 29 23 
28 41 13 30 13 26 11 22 18 18 31 19 13 17 15 27 20 39 17 24 19 17 23 19 6 14 25 18 20 24 37 29 33 21 30 12 30 18 25 23 33 10 15 21 28 19 17 40 19 36 27 24 24 18 29 11 15 25 14 13 20 9 25 19 18 18 27 25 12 20 37 15 27 8 20 29 28 20 19 32 19 30 23 26 30 22 59 25 25 21 28 21 13 14 21 23 9 17 17 28 
27 33 14 20 11 42 17 20 21 20 16 10 21 15 27 23 23 29 11 37 15 13 16 28 48 17 35 14 24 20 31 30 22 27 33 29 29 15 14 22 39 21 22 27 24 34 16 23 14 22 18 14 33 17 27 24 20 27 15 30 14 20 23 12 35 28 14 23 21 16 35 24 15 29 10 19 30 4 18 28 20 18 25 21 20 19 25 23 7 14 22 19 32 16 30 10 17 15 14 24 
27 22 16 24 12 43 19 34 22 12 9 9 17 14 19 36 27 28 9 37 16 8 17 18 25 26 40 13 29 34 30 29 14 42 27 27 32 21 29 26 9 7 17 28 18 31 16 40 19 31 21 20 44 9 25 26 21 18 26 26 19 21 16 13 20 20 7 26 34 13 25 27 18 23 14 21 19 26 21 23 14 30 33 30 27 30 20 39 14 19 29 25 15 13 38 12 16 24 21 24 
22 45 19 30 16 24 18 11 17 15 16 10 34 12 23 30 20 39 17 25 19 27 14 15 35 22 21 15 6 50 28 33 18 9 33 19 26 16 16 24 25 24 24 35 27 12 10 53 23 31 31 46 29 9 18 14 15 27 25 26 14 16 21 11 34 16 28 22 19 23 24 21 15 26 7 15 14 29 6 25 9 33 25 29 13 25 29 21 13 26 24 28 24 13 39 19 10 27 20 35 
36 39 16 23 12 31 17 17 17 16 23 21 33 18 14 23 37 35 11 30 18 12 22 15 19 19 28 19 14 37 27 16 21 36 26 22 21 9 22 21 39 21 18 13 14 22 20 30 13 22 29 30 42 17 17 21 18 27 27 27 31 16 22 15 16 13 28 26 41 20 20 27 14 15 9 25 35 31 14 21 17 26 27 13 18 23 31 32 20 16 22 15 23 20 37 19 16 24 20 40 
27 36 17 16 25 43 18 17 12 10 44 17 25 20 22 17 31 47 15 21 12 27 31 15 12 18 29 23 19 30 30 9 7 26 25 39 24 16 9 20 31 22 31 20 24 27 18 48 28 30 21 31 28 14 20 26 24 33 30 25 30 20 13 12 29 26 26 17 28 22 19 31 29 33 15 29 24 40 20 26 10 31 11 35 13 33 41 30 21 16 19 4 17 24 28 25 18 13 19 30 
41 54 17 31 16 28 14 15 13 11 30 28 16 20 17 39 31 42 12 24 17 17 23 22 29 14 31 19 23 27 16 26 11 30 33 23 28 12 32 17 30 23 33 25 26 28 10 42 11 18 23 19 22 10 24 16 16 43 26 22 32 14 23 12 23 17 20 20 21 24 18 26 25 24 19 17 23 17 18 31 17 19 27 33 23 32 25 24 19 13 9 18 24 12 26 16 21 11 28 15 
42 44 15 17 17 23 12 20 15 23 24 20 44 17 12 15 19 8 17 42 19 19 32 8 31 19 27 23 26 40 22 26 16 13 24 23 35 7 25 24 27 17 24 9 15 31 17 33 13 29 27 22 40 20 29 17 16 30 29 26 24 11 15 16 27 31 32 21 24 26 28 20 28 29 16 13 21 40 10 40 18 36 21 29 33 43 50 21 14 13 18 22 28 11 35 20 20 20 18 28 
12 12 14 23 11 20 14 19 25 14 31 9 22 21 20 32 26 25 17 37 18 20 26 16 26 20 34 17 13 33 22 27 17 29 30 25 27 16 35 12 22 21 35 25 29 37 20 23 17 20 34 27 26 21 17 20 25 31 23 25 27 10 12 9 14 23 19 21 24 28 27 17 27 33 12 17 36 33 16 33 17 21 21 17 21 35 48 25 11 13 19 26 28 14 34 13 11 20 13 32 
36 45 15 27 14 27 19 26 17 16 32 23 21 17 25 25 42 43 16 29 16 15 21 16 29 20 34 12 23 16 24 29 21 10 21 10 16 16 11 10 13 28 31 9 16 32 15 44 22 27 24 24 25 14 32 14 14 30 23 19 25 16 20 19 23 14 22 20 1 26 40 27 23 25 17 11 29 35 12 18 18 20 19 23 19 36 39 29 23 11 22 19 20 25 18 20 17 26 24 36 
32 37 12 44 17 31 11 17 21 17 18 20 15 17 26 28 23 34 17 27 10 16 29 18 44 19 29 5 18 30 20 21 11 36 23 28 28 14 24 25 42 21 31 24 28 32 15 29 11 20 33 19 43 17 30 13 38 28 28 12 21 21 15 19 10 16 24 15 26 29 24 32 27 30 17 21 14 37 18 30 20 40 26 19 17 14 24 23 6 21 20 9 27 14 37 20 25 29 15 35 
17 25 13 24 21 25 13 21 16 13 22 26 36 24 23 19 21 49 11 52 3 26 28 13 22 15 32 24 20 30 14 19 20 23 25 24 27 17 30 19 31 20 35 21 17 31 13 52 23 8 16 26 4 12 26 15 11 27 24 27 36 18 9 11 28 27 28 25 36 18 30 17 20 28 23 13 28 41 17 37 15 31 12 34 27 32 30 38 29 12 23 21 21 15 52 4 21 22 25 34 
30 31 17 37 17 16 15 18 18 11 33 10 22 26 9 35 29 16 7 48 17 23 22 14 19 18 28 20 17 29 46 39 15 38 27 22 23 12 28 15 47 13 21 21 19 27 8 43 11 25 23 33 30 15 28 18 14 21 20 29 15 12 9 18 20 30 29 23 20 22 21 32 32 29 17 16 23 29 17 27 14 30 21 19 24 30 25 28 23 9 18 40 36 17 37 29 19 25 19 37 
17 25 19 26 23 37 10 19 16 14 25 15 26 21 24 29 20 25 18 28 14 11 31 24 40 23 32 14 14 25 22 19 27 27 32 26 18 17 22 21 27 17 29 24 14 22 11 19 12 19 30 19 36 17 26 17 8 17 24 30 17 19 11 16 18 31 21 28 27 21 28 18 20 17 18 10 33 35 12 34 14 29 28 32 32 49 25 41 17 12 29 18 22 22 16 23 13 23 18 28 
14 35 19 22 24 24 12 28 11 13 28 18 28 19 28 21 20 25 18 32 12 18 29 16 36 17 29 23 20 28 34 16 14 39 28 35 34 16 19 19 35 24 27 27 18 29 16 33 15 22 30 40 20 19 9 10 24 25 24 30 18 16 18 19 32 19 23 16 32 18 26 39 27 24 22 9 10 29 14 30 16 41 35 26 21 36 20 38 14 22 20 30 24 22 36 21 21 17 22 29 
47 32 9 23 23 27 17 33 20 13 17 29 13 18 28 19 25 43 7 24 18 23 13 29 37 16 30 22 23 27 35 32 20 40 22 24 27 7 22 11 29 18 40 31 27 25 9 34 21 29 30 16 23 14 19 22 12 24 16 31 30 16 6 21 28 26 13 32 26 11 24 30 21 20 19 27 33 34 19 46 20 31 32 31 17 30 29 29 21 17 21 18 24 17 22 30 17 25 24 27 
26 34 17 21 17 15 9 24 18 13 27 5 24 23 15 24 26 28 11 23 13 15 19 17 28 16 35 18 18 26 30 35 19 31 20 24 26 27 17 26 36 23 19 22 17 29 22 23 18 34 19 23 19 13 19 18 17 17 36 23 38 17 14 16 24 19 47 29 6 21 29 29 20 24 21 15 17 27 14 44 19 15 26 18 34 30 39 30 19 11 17 20 33 23 25 27 7 22 25 24 
38 29 21 23 22 36 16 28 23 14 20 19 25 25 18 21 25 22 11 47 18 14 27 20 27 22 27 15 13 36 27 23 19 21 31 18 32 17 13 21 31 18 11 26 13 18 16 38 18 31 23 32 22 11 22 15 15 35 26 30 22 24 22 19 16 26 19 23 34 28 34 31 21 21 17 18 28 29 9 31 16 37 23 32 15 26 32 28 15 23 11 27 20 16 28 18 16 18 21 21 
35 38 18 28 18 34 18 18 13 17 39 23 28 28 22 28 36 26 14 28 25 21 27 13 28 19 42 12 29 21 8 23 16 7 23 33 21 16 25 20 40 14 32 30 13 19 21 14 7 36 23 30 26 13 25 17 16 40 27 25 27 22 16 18 33 17 14 25 26 23 35 23 13 15 20 7 30 48 13 34 7 19 23 23 20 35 38 32 26 14 21 26 17 14 23 20 10 22 18 32 
18 34 21 28 18 13 15 23 20 21 19 17 29 16 25 15 24 26 13 33 24 18 20 17 27 17 32 20 22 35 25 32 21 29 26 33 32 10 17 18 34 18 44 24 12 18 14 40 23 17 34 39 33 22 28 16 23 49 18 16 15 26 16 18 37 19 28 24 28 24 39 27 18 23 17 16 25 30 20 27 8 27 22 24 11 32 26 12 20 19 15 24 14 19 24 25 18 26 15 26 
31 34 17 31 12 19 9 16 15 12 34 29 17 16 19 25 17 34 18 23 6 23 29 18 18 19 28 24 17 45 27 41 21 40 24 26 29 11 19 18 33 21 14 29 24 14 11 30 24 33 25 39 41 10 25 18 17 28 24 34 24 21 11 10 28 25 15 31 30 31 33 28 20 28 17 12 29 36 22 39 12 21 29 26 15 29 40 31 27 12 23 18 25 11 43 25 11 31 27 25 
23 34 10 20 25 33 16 12 19 19 37 18 23 21 13 26 33 47 14 32 15 29 22 16 17 8 34 1 28 47 41 25 20 36 30 47 25 14 20 26 21 21 42 31 23 30 16 27 15 29 34 30 18 17 24 17 19 36 24 18 35 24 21 24 27 21 18 24 34 27 20 21 30 17 14 20 24 16 14 33 20 44 30 30 26 24 21 44 13 19 15 15 18 16 50 12 18 25 26 41 
43 29 15 34 14 27 18 14 23 12 21 16 27 21 18 27 25 34 22 39 23 16 22 21 7 11 15 14 11 19 28 32 31 32 12 24 7 11 32 20 20 17 27 34 22 23 19 44 14 30 23 40 50 15 19 31 24 51 15 20 25 17 14 12 8 19 28 13 25 25 18 26 26 21 11 24 27 31 17 16 21 20 27 30 11 41 24 32 18 18 24 22 27 18 36 15 11 27 18 27 
31 22 13 30 14 27 12 15 19 10 24 23 32 17 19 24 17 34 17 26 10 21 26 11 38 12 17 18 9 39 33 14 22 26 32 27 23 14 11 23 18 24 33 20 22 23 14 39 16 31 18 21 17 13 6 15 25 25 25 23 51 18 17 16 24 10 22 21 30 23 24 20 21 33 8 21 38 26 17 36 13 28 23 34 3 44 33 23 26 13 14 25 14 13 39 18 8 24 17 26 
28 14 14 21 21 31 14 16 12 11 24 16 29 20 17 40 30 24 22 32 20 8 27 18 27 14 25 23 20 28 27 16 22 20 40 22 24 17 12 21 27 22 31 26 16 16 22 37 8 20 35 25 25 18 24 3 24 31 22 17 27 14 13 10 38 17 19 13 20 22 27 33 27 39 18 14 30 38 15 30 14 1 36 17 31 39 33 19 19 19 26 21 29 21 24 15 17 26 32 32 
14 25 14 27 23 36 14 19 14 12 35 24 19 19 22 34 25 11 14 23 10 14 28 32 34 15 31 15 21 21 23 26 21 30 35 27 24 11 26 19 42 26 39 27 18 23 12 28 10 30 20 14 18 14 28 23 15 36 26 30 35 21 20 16 21 23 34 22 22 15 33 52 20 34 15 18 17 25 14 31 15 33 34 33 22 21 25 23 14 13 22 19 22 15 36 28 21 36 25 29 
35 40 18 21 24 25 14 22 15 21 31 17 29 18 19 38 33 35 14 20 10 15 30 18 50 12 23 12 34 10 27 19 13 27 41 26 26 16 23 29 38 16 40 34 21 21 17 47 17 16 28 37 32 15 32 20 25 21 20 6 14 16 23 15 31 18 41 26 39 18 34 21 23 34 20 10 16 36 14 23 16 26 31 35 26 28 27 14 16 10 20 27 28 19 28 29 9 23 18 36 
14 35 11 30 22 20 15 19 18 20 26 21 26 12 15 14 14 40 11 23 12 30 30 17 14 21 18 17 21 25 25 43 19 19 19 24 14 15 10 20 25 17 32 25 21 19 15 24 23 30 28 18 24 18 30 19 16 21 23 22 23 18 20 16 39 23 27 24 22 29 42 20 24 29 14 26 16 20 20 27 15 21 31 25 25 43 24 27 18 17 14 32 18 26 24 16 21 26 23 32 
27 23 14 29 20 38 16 18 15 10 19 23 33 19 20 30 17 14 18 26 20 12 26 18 30 19 32 23 17 16 40 28 21 31 22 26 28 11 18 25 36 14 27 18 28 19 21 35 25 37 28 35 31 21 22 14 20 47 31 23 8 7 25 16 29 33 15 22 20 36 23 2 39 22 12 13 36 41 20 24 16 36 24 23 31 38 36 15 14 9 22 14 16 15 52 14 15 15 28 37 
18 9 19 30 20 32 15 18 16 18 30 23 30 20 17 21 29 34 16 26 13 12 21 23 11 21 35 17 31 12 23 22 23 17 23 20 34 18 25 22 23 29 30 22 23 16 20 43 10 22 24 20 23 14 12 9 19 17 22 32 28 17 18 14 20 25 22 16 28 11 36 21 27 22 9 22 21 30 11 42 17 8 16 33 19 21 44 36 23 17 13 21 27 11 46 34 21 26 22 21 
29 48 15 29 17 36 14 27 20 21 27 19 19 19 20 22 29 32 13 12 9 20 26 12 35 17 41 14 24 30 31 22 14 29 31 28 21 11 21 15 29 21 31 18 24 13 14 45 12 34 36 21 39 17 27 19 18 21 32 26 29 19 16 13 20 27 33 18 25 30 26 40 29 19 13 11 30 35 17 38 13 23 12 11 24 16 30 29 12 10 22 13 21 26 42 12 20 20 31 14 
17 32 11 21 13 29 12 28 13 18 25 16 20 20 10 19 29 15 15 35 16 16 20 20 13 18 25 18 29 26 25 30 20 20 25 34 13 17 19 12 16 25 23 28 32 28 7 31 13 37 28 43 40 20 22 11 24 29 27 41 15 18 20 12 32 20 12 20 27 17 34 16 35 19 20 21 23 18 20 35 21 18 29 27 27 21 26 24 13 15 22 26 15 13 22 6 24 25 16 32 
34 38 18 36 14 16 18 21 20 15 34 23 25 18 23 19 27 33 11 31 17 30 22 16 28 13 21 21 13 23 40 28 18 31 41 27 29 18 21 13 34 14 38 18 29 26 7 38 20 15 30 24 32 9 18 33 14 13 17 32 18 14 11 18 31 30 27 18 26 21 27 27 36 38 29 15 12 20 12 28 20 21 23 32 21 43 26 20 17 16 18 22 19 14 30 23 20 21 20 20 
34 24 10 19 23 27 13 14 22 12 24 27 27 14 19 24 32 25 10 31 17 18 18 13 18 4 24 21 26 39 35 21 18 43 26 30 34 19 22 16 38 21 29 17 16 16 19 33 5 42 30 23 25 24 24 21 29 22 13 23 26 18 17 13 29 19 19 31 21 26 35 35 20 20 14 18 23 30 14 23 16 31 15 24 17 20 23 24 25 7 16 23 30 17 36 21 23 24 29 29 
35 26 28 26 24 21 14 23 18 15 29 16 46 20 23 24 14 23 12 22 21 18 14 18 42 23 18 21 11 39 24 23 16 25 33 16 18 15 29 17 14 26 30 21 13 19 23 28 17 21 12 20 33 21 22 20 22 35 21 22 33 21 23 19 23 28 24 25 30 28 24 23 27 31 14 17 14 29 20 33 20 18 37 24 20 38 17 37 15 16 19 21 20 15 21 13 12 27 20 32 
37 36 12 24 22 34 15 25 18 17 31 22 32 21 21 26 26 29 9 33 21 12 22 23 37 17 33 23 13 24 24 24 27 30 15 31 36 18 20 21 30 9 39 25 23 19 22 16 19 33 25 21 20 16 20 25 19 29 31 32 33 13 17 21 18 18 23 19 26 28 14 24 48 14 15 20 32 36 9 30 13 23 17 29 28 26 23 16 20 10 22 14 15 20 32 21 14 21 25 17 
24 32 18 30 11 32 18 25 14 13 40 23 16 16 13 22 30 20 8 35 7 11 25 21 14 8 38 16 19 17 38 42 12 35 41 27 11 15 19 21 36 28 39 17 24 15 16 20 16 40 22 35 22 12 17 19 21 31 31 20 35 21 20 19 26 22 34 22 31 23 38 31 24 22 13 21 39 22 18 19 14 10 28 22 29 28 36 21 14 20 20 21 21 15 25 29 18 20 20 25 
33 38 26 35 17 13 21 20 12 10 28 12 26 18 23 34 27 21 19 33 15 21 21 18 45 18 25 18 18 21 40 30 14 30 34 13 25 18 31 23 37 12 14 15 13 29 21 20 20 28 25 21 37 18 17 14 15 35 19 26 39 21 15 15 11 27 14 22 34 9 34 36 35 20 11 17 25 12 15 36 17 24 28 22 31 48 28 24 13 17 17 22 11 22 30 20 10 28 32 36 
47 32 20 9 24 27 12 10 15 15 49 7 16 4 15 35 34 32 16 29 14 18 20 19 39 20 34 19 12 22 28 32 23 25 44 22 21 20 29 24 33 26 17 17 20 27 13 24 20 29 28 34 30 19 27 10 21 28 33 17 19 19 18 20 40 19 27 15 28 8 34 26 40 25 13 9 20 27 16 25 9 33 34 36 20 25 32 33 20 13 16 10 23 21 27 20 27 23 28 23 
40 24 18 12 18 37 18 20 11 7 20 13 26 24 18 24 25 24 20 33 13 17 20 23 19 20 23 15 17 21 35 34 26 12 27 18 15 11 20 32 34 15 23 13 17 38 13 40 19 24 33 45 28 16 28 12 18 27 23 17 28 16 15 26 25 23 22 17 32 16 21 17 35 21 18 12 11 17 20 20 19 31 21 36 24 51 34 28 16 14 11 27 25 13 28 18 8 15 13 21 
31 33 10 10 28 24 13 29 15 14 47 9 17 14 21 9 30 36 14 12 16 17 19 27 45 17 33 16 28 37 30 36 27 16 33 25 25 13 21 18 35 24 41 14 19 16 14 28 18 24 26 21 34 15 22 20 23 24 30 20 26 18 17 16 23 9 26 16 33 21 32 35 15 24 20 13 31 36 18 23 21 17 23 31 29 44 29 35 13 7 22 29 21 27 42 25 12 28 25 30 
25 25 16 31 16 27 11 12 18 19 11 28 13 26 20 24 32 34 18 21 8 17 21 13 32 17 37 20 18 15 23 24 9 35 32 25 15 14 16 21 27 15 36 22 20 32 9 27 15 27 13 37 19 19 9 22 19 22 21 28 16 20 22 11 32 21 24 27 26 21 28 29 30 18 13 15 25 28 15 23 17 37 28 23 24 24 33 24 26 18 22 28 20 13 16 21 18 25 17 30 
25 33 25 33 18 49 11 29 20 12 30 10 27 24 24 11 19 45 10 15 19 17 22 19 33 15 28 14 27 18 34 28 16 14 24 21 30 27 25 25 36 16 18 23 32 30 17 34 11 33 32 24 24 6 29 18 20 26 20 12 24 20 18 11 22 20 15 10 32 14 24 37 15 12 18 15 29 24 17 40 13 24 27 16 29 24 40 23 11 9 22 17 19 23 20 21 23 28 21 29 
16 41 17 33 25 54 12 13 22 12 23 27 18 12 32 17 29 20 11 34 27 23 19 18 33 18 25 19 26 31 28 41 12 24 36 30 35 17 19 16 10 24 29 22 21 23 20 14 22 19 27 25 51 18 24 20 21 30 20 25 23 7 12 15 22 27 21 23 31 12 32 35 29 12 12 20 23 35 16 42 11 40 23 42 26 24 15 34 14 17 16 20 25 17 26 16 17 19 8 25 
29 37 13 19 28 26 19 22 23 19 21 32 31 20 22 25 22 28 18 36 9 14 36 14 32 21 29 22 8 16 39 27 13 29 36 20 23 10 23 21 24 10 35 22 17 16 11 52 5 24 25 45 24 12 20 14 19 23 28 24 24 14 12 11 14 24 34 16 21 16 22 35 30 39 17 14 21 29 8 24 22 43 25 25 10 20 24 25 24 18 16 22 20 13 24 26 16 29 21 18 
23 40 18 26 18 19 9 19 17 17 30 21 33 13 10 23 26 20 22 36 14 19 31 19 52 13 20 11 12 28 19 28 30 27 20 32 39 10 24 16 15 31 24 31 15 32 18 35 24 37 25 22 37 14 21 24 24 29 32 27 15 24 21 18 46 37 17 21 27 27 15 39 28 38 8 16 35 33 6 30 13 26 26 27 25 35 24 18 16 15 10 21 16 22 19 9 14 23 20 23 
28 16 22 21 21 22 25 23 14 16 33 18 11 18 29 21 30 41 11 32 18 26 20 13 26 23 37 10 16 38 11 22 19 31 17 19 34 15 14 20 27 13 25 21 19 28 20 24 8 28 23 21 24 15 16 17 29 35 30 29 20 28 7 16 23 14 23 21 15 12 21 25 35 22 13 16 27 33 17 26 11 36 21 25 25 30 14 25 23 17 17 21 23 17 26 29 13 30 23 15 
30 46 18 35 15 24 14 23 17 17 24 24 11 22 11 33 24 30 21 36 18 21 24 22 44 13 34 28 29 40 22 23 20 22 33 26 23 15 18 26 42 20 27 44 28 17 13 25 14 28 27 25 36 16 18 18 27 26 7 16 33 16 16 17 44 26 22 26 9 23 17 21 17 31 20 21 27 13 16 44 17 27 17 38 31 32 29 16 13 16 11 14 29 23 34 21 20 16 28 27 
30 26 15 26 19 19 6 17 14 19 24 27 17 13 35 36 20 37 17 10 21 20 20 14 34 18 28 18 19 31 21 41 18 22 17 35 38 19 17 24 27 19 38 24 19 27 15 43 12 21 21 31 30 20 23 22 24 44 30 15 30 14 8 24 21 26 30 23 35 29 18 18 40 15 19 12 24 11 14 35 13 24 32 34 21 34 37 33 25 14 23 20 33 14 29 21 11 19 16 23 
21 20 23 27 9 34 10 24 24 18 36 10 29 18 22 25 26 27 10 28 16 18 16 25 36 17 28 24 19 25 15 33 22 31 19 16 30 13 28 25 31 19 39 28 17 26 20 21 13 32 28 21 28 19 29 24 21 20 20 25 37 12 14 16 33 17 18 24 17 25 31 19 27 11 12 17 26 42 16 23 19 35 30 39 17 23 32 24 16 15 23 29 21 11 34 31 16 21 26 19 
36 33 17 18 19 27 19 25 10 24 26 12 31 16 27 17 18 29 6 33 19 15 33 10 19 14 28 16 22 31 21 23 7 25 25 15 16 17 22 25 36 20 36 30 23 18 16 16 9 26 33 46 31 14 36 10 19 25 21 23 25 20 19 18 22 21 30 28 37 19 27 23 31 23 18 21 51 31 20 28 7 39 38 20 19 42 34 31 20 14 16 29 23 10 20 8 10 19 25 33 
17 26 19 27 13 26 17 20 25 18 26 16 38 14 17 28 30 22 15 20 21 17 25 19 26 20 27 18 16 27 23 30 21 17 20 25 34 13 24 25 27 15 26 28 14 21 14 31 18 31 22 26 29 19 23 11 17 30 21 22 20 21 25 18 21 25 24 20 19 9 33 35 30 13 10 23 20 22 11 45 16 28 38 32 30 44 27 12 22 11 11 21 28 19 28 14 17 27 25 28 
35 15 16 30 14 40 13 25 14 19 34 18 20 19 27 29 19 39 15 24 10 19 9 22 23 18 29 22 20 24 23 20 20 40 20 18 30 10 17 18 28 20 37 38 25 35 16 39 19 21 31 32 30 14 23 22 26 21 15 21 23 18 13 17 26 21 21 18 24 26 25 12 18 21 16 4 27 29 17 36 17 38 19 19 29 26 35 23 22 17 15 15 24 24 15 13 14 14 35 34 
27 25 11 36 21 33 7 13 22 15 37 24 32 14 18 35 14 24 11 33 17 21 32 12 36 14 30 13 20 13 30 30 20 31 28 22 29 15 19 24 24 24 18 18 20 34 18 33 27 24 16 49 29 16 12 23 16 38 44 27 15 17 17 12 27 21 15 22 30 15 30 39 20 28 16 14 25 34 13 25 19 20 38 27 22 24 32 28 21 9 15 27 30 10 21 20 19 22 32 29 
30 24 11 33 18 31 18 23 23 13 25 19 14 13 12 16 33 30 22 35 16 10 21 15 35 17 29 24 22 23 28 24 17 26 22 15 20 21 17 13 29 23 22 14 26 4 14 21 16 27 29 30 33 11 21 11 18 22 29 38 24 16 16 20 21 20 25 25 54 12 28 32 28 35 20 17 37 21 16 21 18 32 29 34 19 41 35 11 21 11 16 25 14 21 40 19 20 24 30 22 
30 24 13 33 17 23 9 18 16 18 26 19 34 26 7 29 26 31 22 17 16 18 25 23 29 17 35 21 23 13 38 27 13 30 28 29 34 18 25 20 48 12 40 16 27 22 14 30 31 23 25 27 25 10 39 19 17 29 13 20 15 21 6 17 32 20 26 25 45 4 30 25 27 26 15 15 19 29 11 42 17 43 39 22 26 32 34 19 22 12 12 28 26 23 33 13 7 29 22 17 
30 46 11 23 21 35 18 14 20 13 27 20 42 23 25 28 22 39 7 18 14 23 23 14 32 21 40 4 15 32 20 35 23 12 36 31 19 14 21 25 23 12 38 40 19 19 27 28 15 22 31 32 40 15 26 14 17 35 21 17 33 21 9 13 29 9 29 17 31 14 26 29 32 27 15 9 9 36 13 39 15 17 28 23 28 36 24 31 18 17 21 24 27 10 19 17 24 32 34 30 
22 23 8 26 25 42 15 15 27 17 34 13 20 17 14 15 30 16 11 30 18 18 12 13 34 16 28 26 23 23 23 41 25 13 21 26 19 13 22 30 24 17 27 26 17 29 17 31 13 35 32 24 31 10 17 23 28 35 20 23 25 15 19 18 20 29 22 33 47 23 33 25 23 29 10 15 25 32 13 24 17 24 18 41 16 48 12 22 18 19 17 12 27 15 21 15 22 18 23 23 
38 32 18 16 15 22 13 23 16 17 20 22 25 10 23 16 16 31 16 26 16 14 22 11 34 12 42 26 22 27 22 23 17 31 31 29 25 16 20 27 21 16 37 18 13 31 16 39 18 26 19 27 32 16 25 27 37 37 26 17 27 8 23 20 28 30 14 22 16 32 13 48 24 25 14 16 31 42 16 22 9 39 26 30 15 17 22 26 13 16 19 16 26 11 36 24 8 19 35 18 
36 32 9 35 16 41 14 26 13 7 32 23 27 15 19 23 27 32 12 25 20 13 23 7 30 18 46 26 14 19 21 18 21 12 34 27 31 14 28 33 30 29 36 21 31 18 18 40 16 21 27 33 39 15 28 15 18 35 17 24 32 13 17 24 20 18 19 18 39 28 22 12 19 25 18 21 31 28 12 29 19 22 29 23 29 40 25 24 15 11 22 25 29 23 35 29 16 28 24 30 
28 3 16 20 14 32 15 14 24 22 14 9 27 21 26 22 29 21 15 27 11 26 23 15 19 18 19 17 32 38 28 14 16 30 23 28 37 15 20 23 46 17 32 23 17 27 18 22 24 33 18 30 19 24 23 18 19 37 20 14 22 25 15 16 19 34 7 21 30 10 23 26 19 25 26 16 13 35 23 32 16 37 30 39 27 19 39 28 16 19 18 23 18 17 9 5 16 20 28 41 
24 37 14 27 14 15 16 24 16 17 33 23 17 15 26 24 28 37 15 28 15 16 18 19 31 10 32 25 17 37 29 37 17 18 25 23 33 13 22 5 34 29 32 24 34 31 18 35 22 37 24 24 36 15 33 12 21 7 23 38 22 17 28 17 11 14 17 17 30 28 24 25 27 34 19 18 28 24 20 25 15 25 36 37 11 32 29 24 28 21 12 12 22 12 28 17 8 38 23 34 
35 35 12 13 18 31 17 28 28 15 22 20 34 15 26 31 34 21 9 22 20 25 15 18 39 14 31 10 12 19 31 38 19 21 24 16 18 16 18 16 35 14 37 15 16 28 22 31 22 35 10 25 27 21 17 20 16 26 26 32 32 13 16 15 39 30 20 28 22 25 30 31 28 24 23 11 30 30 10 26 17 10 40 6 24 40 40 26 13 14 24 20 21 16 37 19 18 21 26 13 
17 29 22 26 19 28 17 27 14 18 17 28 37 14 24 16 29 40 11 33 22 14 18 14 29 16 21 24 18 23 31 36 15 21 21 32 28 19 27 25 24 10 18 26 25 18 27 12 13 31 28 24 31 19 17 16 20 17 25 19 18 17 11 19 35 26 31 14 25 24 30 34 29 32 9 17 30 28 15 36 10 29 23 26 24 12 27 24 21 10 13 24 17 18 42 29 10 27 10 43 
36 32 12 29 9 35 13 29 22 7 26 15 43 22 15 19 24 40 17 33 20 16 24 20 29 7 42 14 17 20 22 26 13 28 19 14 38 20 26 21 36 28 38 22 24 15 8 39 13 16 25 16 19 12 23 22 14 30 18 25 30 24 17 20 31 27 25 26 26 28 31 26 27 21 10 13 31 18 14 27 18 19 24 33 18 35 42 22 15 12 28 18 25 20 33 25 19 31 19 23 
35 30 19 32 11 29 10 24 20 23 35 15 33 22 21 20 29 28 12 33 13 18 5 22 13 10 32 19 20 25 31 20 9 21 22 29 29 16 20 10 26 30 23 20 20 27 19 25 17 17 23 28 37 9 21 13 16 39 13 19 36 13 17 16 25 25 15 20 23 15 38 25 41 20 17 23 32 31 13 29 14 16 28 22 22 26 26 11 18 16 18 14 26 18 42 14 22 21 16 22 
30 33 22 30 25 39 13 17 16 12 28 23 25 19 9 23 30 38 16 42 14 24 22 15 36 11 20 15 9 34 33 24 20 25 32 31 22 18 18 8 19 23 29 20 19 20 15 44 14 33 19 34 27 15 16 17 28 20 31 25 19 19 15 14 21 30 37 18 29 22 31 20 28 22 18 20 29 19 7 25 14 28 12 26 21 13 28 20 14 20 13 16 18 17 27 18 20 23 19 40 
26 29 9 16 18 29 9 15 13 9 24 23 43 18 24 16 21 32 17 21 14 23 10 3 17 22 18 15 25 23 5 37 16 29 14 29 21 18 28 15 20 27 31 15 23 30 16 33 16 35 31 12 31 23 24 16 23 41 17 24 14 19 15 17 21 13 20 29 20 28 21 16 32 17 20 17 27 24 17 41 17 28 14 17 12 42 22 22 18 14 27 17 9 17 29 27 26 27 11 24 
23 34 12 29 23 39 9 15 18 14 34 5 22 21 28 14 23 30 15 28 18 15 23 11 33 21 34 21 27 28 47 29 30 21 43 24 22 11 22 25 40 25 34 23 24 24 14 46 14 35 26 33 46 20 14 13 15 40 34 16 21 19 17 14 27 22 16 14 30 23 27 19 24 19 15 23 23 29 23 27 11 37 16 28 24 42 42 22 16 12 17 29 18 14 25 21 17 15 30 11 
30 34 14 26 18 33 18 20 22 15 21 19 31 22 25 15 28 39 9 25 19 16 26 17 25 17 30 12 15 35 17 26 12 26 22 27 14 15 13 18 36 26 31 20 30 22 12 50 12 36 31 29 31 17 16 6 15 28 27 31 31 17 24 16 40 14 22 30 18 30 28 26 26 28 15 21 23 31 18 38 12 20 21 24 21 24 27 30 15 10 24 21 16 21 10 12 16 24 24 22 
17 28 15 29 22 18 15 6 22 6 20 18 29 11 22 30 28 16 15 38 14 19 22 7 34 11 31 16 23 28 33 27 20 26 21 25 15 18 23 19 36 19 34 30 28 24 19 28 12 36 12 18 36 20 29 18 14 18 22 35 25 18 30 17 29 24 22 20 19 16 27 31 17 24 14 18 26 34 16 25 20 22 14 19 17 35 29 32 20 15 28 33 24 27 43 17 18 19 23 26 
30 29 23 25 22 29 23 19 15 13 29 24 23 22 22 25 33 33 14 23 23 25 25 15 28 15 37 21 16 23 27 29 15 34 23 26 8 14 28 26 50 6 27 27 20 18 8 35 18 16 29 37 32 16 23 18 20 31 18 32 30 13 20 15 26 38 19 30 30 20 30 15 14 20 13 18 23 32 9 38 10 24 35 28 14 36 23 27 21 18 13 30 25 20 35 23 19 20 21 30 
31 30 14 33 18 34 3 21 22 9 14 16 18 19 19 33 11 35 15 25 20 22 11 19 18 16 35 19 20 29 14 24 21 42 17 23 21 16 16 12 39 18 14 30 13 27 17 27 20 25 22 14 44 18 13 14 13 28 24 29 19 22 20 10 24 29 22 16 20 20 19 24 34 40 16 17 29 33 20 29 15 26 28 45 28 14 42 34 9 13 19 18 19 8 32 10 20 26 26 28 
22 44 9 37 22 35 19 33 13 23 37 25 25 8 16 31 33 34 13 17 19 20 25 20 20 7 38 15 19 29 21 31 14 14 32 30 28 23 22 17 17 24 15 15 21 15 16 30 11 31 21 25 23 15 16 13 18 23 11 26 26 11 24 13 35 23 19 21 22 17 30 28 34 20 11 9 33 22 19 22 16 27 30 31 22 18 30 16 14 16 12 14 22 17 31 23 18 15 30 36 
18 40 19 18 20 27 16 26 13 13 35 16 32 21 25 35 22 36 18 33 19 21 18 22 25 17 32 8 13 30 32 36 13 25 36 26 16 13 21 10 23 20 23 6 11 28 11 39 21 23 17 16 32 25 30 22 14 35 17 25 23 18 24 17 32 13 16 8 29 27 19 29 17 27 19 27 31 19 16 50 12 31 17 33 25 34 32 31 16 18 20 25 22 12 28 25 14 24 16 45 
22 23 24 35 20 32 12 18 19 18 19 16 25 20 25 28 21 30 17 31 11 21 31 27 28 15 35 8 19 28 27 38 22 34 34 23 34 22 23 29 16 14 35 27 20 12 21 27 13 24 18 22 22 18 19 13 23 39 15 22 17 16 8 19 28 24 27 23 18 25 18 31 32 11 15 27 10 32 17 28 18 33 24 37 17 35 29 26 12 28 16 22 25 19 25 17 22 26 25 34 
21 19 10 35 21 39 15 26 15 17 29 15 34 25 19 26 30 18 13 44 16 12 22 23 17 10 35 15 19 35 38 35 22 28 20 27 20 17 31 23 12 18 30 22 18 25 27 23 23 20 12 45 23 16 18 15 31 41 13 21 17 22 29 15 29 28 28 20 28 25 28 20 41 25 13 14 21 19 19 32 19 33 35 20 27 31 28 22 26 11 20 26 24 23 36 15 20 30 17 14 
30 46 19 33 15 33 11 28 15 8 28 14 19 13 23 20 28 22 12 37 16 16 23 19 32 20 34 15 27 19 45 31 20 31 25 18 18 16 14 21 26 28 36 18 15 9 13 15 20 28 26 13 30 16 25 19 24 14 20 36 27 21 17 16 39 26 27 23 31 20 26 25 11 12 14 10 26 31 11 20 24 14 37 37 23 38 18 28 18 7 12 20 21 19 27 13 21 33 23 26 
36 23 22 14 15 29 8 28 17 9 31 10 34 19 30 23 20 38 18 36 13 12 23 19 37 11 28 19 28 25 37 13 20 38 14 20 21 14 21 20 21 21 35 30 23 28 10 36 17 15 35 39 27 15 22 18 17 30 18 23 12 13 25 10 36 24 24 31 28 25 30 34 18 23 10 21 29 29 15 27 10 26 33 25 16 39 22 15 23 20 23 26 16 16 23 34 20 25 30 31 
26 34 18 41 25 32 9 31 12 15 17 19 28 16 28 29 38 24 19 24 20 18 30 26 31 14 19 15 16 19 29 19 20 36 31 32 20 15 25 17 39 9 17 27 19 27 22 43 17 29 24 55 32 13 23 14 7 24 33 26 26 13 27 10 22 25 34 20 15 19 21 41 28 23 16 20 28 42 19 16 19 29 24 23 25 31 23 22 15 13 26 28 22 21 25 27 23 21 25 16 
34 11 15 18 18 20 13 30 15 20 26 16 36 16 16 23 31 31 14 29 19 18 21 22 40 7 14 15 31 13 26 26 10 25 24 25 23 14 27 30 31 14 41 16 26 32 13 37 13 24 38 42 22 17 32 10 12 38 19 10 32 27 19 10 31 15 28 14 28 11 22 21 12 17 20 18 18 30 6 38 18 36 16 33 24 20 33 15 22 17 13 22 26 15 46 5 16 25 26 31 
35 42 15 14 16 24 19 22 20 13 26 23 31 6 15 27 17 25 17 25 21 21 32 19 37 12 23 17 19 11 21 28 13 31 26 32 25 5 29 14 24 13 18 20 29 34 17 26 12 27 23 47 18 12 25 21 17 49 20 22 32 19 15 14 30 26 23 23 32 25 15 22 19 39 16 13 34 31 15 30 15 18 26 33 28 22 29 19 16 19 17 28 12 25 28 11 13 28 26 32 
24 26 14 21 21 20 20 18 10 12 28 20 26 16 15 37 15 19 13 29 9 27 18 35 34 15 31 29 15 15 21 40 17 17 25 32 29 19 26 20 14 11 19 30 24 15 15 45 16 26 23 41 44 19 23 18 21 25 28 14 8 17 19 12 14 24 32 30 37 16 25 21 30 17 9 18 6 24 14 23 13 30 28 33 32 12 41 32 15 18 17 14 37 20 36 15 14 24 26 33 
34 33 16 22 20 30 10 6 26 19 35 29 23 19 26 21 35 27 19 21 11 21 16 19 20 11 24 25 14 22 37 28 13 38 29 17 34 14 20 24 36 20 31 19 18 31 13 29 25 10 27 37 36 12 19 14 16 30 26 16 28 23 14 19 44 26 29 21 41 25 21 17 20 25 16 22 21 21 10 20 20 15 37 35 19 30 38 24 16 4 19 23 23 19 33 21 21 28 11 22 
28 40 16 25 19 29 12 21 14 15 26 22 38 32 26 29 28 23 12 29 19 22 29 16 31 19 35 20 31 27 20 26 25 19 17 38 27 19 19 15 20 29 32 26 28 24 19 32 23 27 23 11 24 18 29 18 24 23 26 38 31 6 22 10 31 23 15 17 32 24 21 29 27 34 14 11 33 46 17 33 20 19 36 25 23 28 42 32 15 14 18 17 15 22 33 32 22 21 8 36 
23 21 18 26 16 43 19 12 13 13 15 30 31 18 19 28 29 43 15 48 17 22 23 19 29 14 54 18 17 46 34 38 19 20 33 23 9 10 25 28 29 28 24 28 13 31 11 16 13 41 30 19 42 12 21 7 16 35 22 23 28 27 22 21 21 21 31 16 23 6 19 29 35 42 14 14 20 23 12 28 16 27 30 22 34 34 39 27 21 15 16 22 24 15 26 16 15 18 30 25 
38 40 17 21 11 24 8 31 21 8 10 14 27 18 15 33 36 44 12 44 17 18 31 16 26 18 39 17 24 25 24 38 21 16 23 27 26 17 18 19 29 14 27 28 23 26 14 45 22 29 38 22 28 16 23 19 15 40 27 21 35 19 16 18 32 23 20 14 37 31 21 34 35 25 10 8 23 21 14 32 20 36 25 21 16 29 33 22 27 23 29 21 16 9 44 19 15 24 12 22 
17 39 17 32 21 34 21 29 18 18 27 15 29 29 22 22 27 35 17 43 22 10 32 18 32 18 22 25 12 29 36 38 15 32 39 34 21 11 33 24 32 16 35 35 15 16 20 35 25 28 36 27 22 17 15 20 18 41 15 28 27 14 14 11 27 13 23 19 34 21 20 26 29 13 17 14 22 18 16 23 18 39 19 32 21 34 18 24 23 17 14 23 25 16 40 19 10 25 29 21 
36 29 19 19 9 23 20 30 16 17 27 13 22 16 12 24 35 32 14 21 18 13 29 21 16 19 32 17 29 28 34 12 18 20 32 22 26 14 15 23 34 25 38 20 17 27 16 35 23 26 30 29 26 13 24 29 17 35 21 38 36 15 16 14 17 10 26 26 28 21 30 32 28 28 20 22 25 30 20 21 22 34 27 32 18 24 29 17 21 18 18 17 27 15 9 15 7 17 20 11 
33 7 20 31 19 31 21 16 8 20 33 18 9 15 23 27 32 32 15 24 19 13 13 19 50 13 42 13 27 27 20 14 28 29 29 21 28 19 23 22 39 22 21 22 20 32 23 40 16 33 20 35 19 15 25 16 21 47 27 22 29 13 20 8 35 17 23 20 31 26 30 14 21 17 14 10 23 50 15 23 11 38 17 35 29 26 21 27 13 14 25 21 33 23 25 24 19 25 12 24 
30 27 15 22 20 36 11 23 14 14 37 24 24 8 23 11 32 50 9 16 17 27 18 20 38 16 33 11 8 28 17 23 28 14 16 24 23 19 30 17 38 25 14 14 20 21 16 33 26 36 27 38 32 12 36 19 28 15 20 20 32 19 17 25 10 29 28 25 14 20 22 26 30 30 16 18 34 39 10 24 15 30 24 34 18 38 47 25 20 11 22 14 25 21 22 23 18 18 23 19 
23 37 19 12 20 28 21 19 19 10 9 25 37 17 16 20 27 28 12 27 13 16 38 11 42 17 34 29 13 33 11 20 14 27 23 25 37 15 26 21 27 15 40 20 19 34 10 37 30 21 19 25 27 19 30 13 14 24 29 27 20 13 16 12 23 23 27 23 27 18 33 37 26 25 19 7 29 15 13 19 21 34 19 26 19 15 25 23 21 8 13 23 21 24 26 22 11 24 19 38 
42 24 20 34 10 20 15 16 27 10 29 15 15 16 28 22 32 34 10 31 23 11 17 10 23 21 26 15 28 30 26 29 21 27 20 18 19 21 14 24 44 19 26 35 23 25 18 25 9 12 29 28 14 10 25 15 19 16 36 25 31 19 15 12 19 19 19 28 33 18 21 27 22 23 11 14 22 33 17 26 19 19 21 30 27 24 32 45 24 10 21 16 17 29 22 17 17 19 28 24 
27 37 17 34 13 25 20 24 27 14 26 12 27 25 17 23 43 43 18 29 11 16 28 12 27 14 28 12 26 24 34 19 21 24 24 18 34 19 21 19 30 25 22 17 23 24 13 29 23 29 25 26 44 11 26 19 28 45 22 33 31 17 17 13 29 32 24 27 35 26 15 31 15 19 15 18 36 38 17 25 19 34 36 16 10 12 37 30 20 21 22 19 11 18 43 14 21 19 19 31 
23 36 16 24 20 24 15 22 16 24 27 25 25 15 20 29 17 16 22 20 16 23 16 9 26 20 8 11 24 26 34 27 15 22 29 30 26 13 20 24 16 19 25 14 28 21 17 31 22 24 30 8 18 12 24 18 19 20 19 33 32 15 23 14 24 20 23 21 33 11 27 28 28 21 14 21 16 39 18 46 21 18 21 10 18 9 34 16 15 16 19 36 17 21 35 13 25 21 19 30 
23 27 19 32 16 27 12 12 17 15 35 25 26 21 25 33 20 34 10 30 16 19 34 20 34 14 28 14 16 25 43 21 10 31 11 23 23 13 31 13 28 16 34 27 25 18 17 34 30 28 25 45 28 7 16 12 20 23 23 21 20 18 18 9 21 20 22 16 32 21 30 16 25 19 10 18 18 25 7 32 17 20 36 29 15 43 43 21 18 15 21 20 14 12 38 19 22 27 24 34 
20 32 13 29 16 25 14 25 10 13 36 11 24 13 20 17 29 49 20 34 21 25 21 19 22 10 34 25 18 19 27 26 29 23 12 25 21 8 23 25 25 19 19 29 23 29 14 31 24 31 25 34 27 17 18 17 18 23 29 24 21 10 18 22 34 23 16 24 16 12 12 34 29 27 15 14 34 24 12 26 9 22 20 31 19 33 45 17 20 18 14 28 27 11 28 27 3 31 25 29 
26 41 11 19 11 13 16 18 11 19 28 23 37 14 10 20 18 32 17 18 15 12 20 14 29 16 14 19 22 32 13 17 17 33 33 30 15 13 11 18 24 21 13 13 20 30 20 9 21 25 33 34 33 12 35 20 22 35 22 27 28 16 19 17 20 33 16 16 26 12 16 21 21 32 17 13 27 32 11 17 9 25 37 24 27 31 35 36 11 12 27 19 30 24 36 23 15 13 19 21 
30 18 18 25 17 19 17 20 26 10 14 17 34 10 21 29 32 28 22 30 18 20 18 17 29 12 45 9 28 32 25 14 23 27 24 19 19 15 21 13 38 19 31 20 23 21 23 41 20 22 28 30 33 10 30 20 16 27 33 26 18 9 16 21 23 33 16 18 30 14 35 29 26 25 16 15 30 21 13 35 14 33 20 21 11 36 22 22 17 13 15 29 25 23 28 26 12 21 16 40 
26 50 13 37 13 19 9 21 9 19 15 15 21 23 26 27 30 19 11 47 17 14 23 27 41 17 35 17 20 30 27 33 16 23 14 39 30 8 21 17 39 23 16 27 15 22 18 31 15 21 37 29 14 10 24 16 19 27 27 22 30 12 11 12 31 29 27 18 28 26 23 29 32 32 13 25 29 32 12 5 21 32 22 27 6 27 14 30 18 19 24 21 17 11 22 16 14 24 27 32 
42 31 26 25 12 34 15 31 23 15 38 26 32 28 3 26 29 32 10 34 15 14 25 12 37 15 22 23 25 46 10 20 19 25 22 38 21 20 27 17 23 14 47 8 28 16 12 26 16 28 23 42 25 12 28 16 15 38 19 25 23 17 20 11 17 21 19 24 20 19 31 29 30 28 18 19 10 21 18 24 18 27 28 35 27 26 25 17 20 16 13 31 22 19 23 23 16 23 20 29 
25 19 18 21 14 30 16 19 4 15 31 23 34 21 29 33 22 38 20 25 17 19 31 19 30 17 20 21 13 25 19 28 20 11 31 23 22 13 24 18 37 18 46 22 8 22 14 49 12 9 17 29 14 13 22 14 14 35 28 25 26 13 29 12 37 9 31 15 32 20 32 13 28 21 19 15 33 26 22 20 15 25 24 21 29 34 42 29 21 12 12 16 21 14 30 17 23 31 19 24 
31 26 14 36 12 46 16 12 15 6 23 26 23 26 21 31 23 25 16 16 22 16 22 26 41 17 38 24 7 25 20 17 13 17 22 29 22 15 19 29 36 18 34 23 14 31 20 32 25 34 19 42 24 17 22 17 19 34 19 16 32 22 17 18 28 33 28 28 16 25 26 24 29 24 7 24 32 20 18 24 16 25 22 37 20 29 30 23 13 18 21 25 16 26 11 26 16 27 27 34 
38 30 11 27 19 19 15 19 27 11 15 16 27 24 13 20 29 38 14 25 15 18 17 14 40 14 30 11 16 12 31 36 25 23 32 42 27 12 35 7 34 10 30 20 18 19 17 44 29 29 31 29 15 18 27 18 11 33 17 22 15 19 18 20 26 16 22 21 25 16 15 37 33 29 10 14 34 37 18 31 17 31 30 15 17 29 29 28 23 20 20 15 12 18 29 23 17 25 19 18 
44 27 17 21 26 41 12 16 19 10 33 15 17 24 21 24 28 30 11 41 14 23 18 16 56 11 34 12 19 17 34 41 22 36 27 29 27 18 14 26 24 16 34 20 19 24 13 25 17 18 23 39 22 20 16 27 12 31 7 34 30 13 24 13 31 26 22 19 30 21 28 21 18 25 12 17 37 32 18 30 11 29 23 23 21 34 11 24 17 19 14 29 20 24 27 18 15 22 28 24 
12 28 20 18 14 37 18 22 19 9 29 21 27 21 24 30 8 38 17 25 14 15 18 20 21 12 55 23 13 32 20 32 21 23 25 31 29 9 23 22 20 25 33 13 16 32 22 33 16 28 39 30 34 15 27 9 17 37 22 23 31 15 10 18 35 24 13 15 40 21 18 19 16 16 24 19 20 25 13 29 14 40 29 27 34 53 37 15 11 14 22 14 22 17 31 9 14 19 22 26 
9 34 16 27 13 28 14 10 23 24 21 9 33 15 16 41 20 15 14 28 16 14 19 21 38 21 27 23 20 22 37 22 21 27 18 26 15 18 26 19 25 25 26 33 24 20 19 35 24 13 25 40 24 14 22 20 23 35 18 23 24 6 25 22 39 19 18 24 45 22 23 13 22 24 10 19 25 20 12 24 15 23 21 34 42 38 34 26 15 14 23 19 21 25 38 17 12 19 23 27 
28 31 17 31 15 27 18 22 21 16 23 28 28 16 21 27 10 24 11 23 20 11 34 19 42 16 20 10 18 40 36 32 19 28 19 35 26 20 14 15 20 22 41 28 17 28 15 25 21 22 24 50 35 15 35 23 22 36 20 24 18 22 26 20 25 22 23 21 26 24 24 28 33 26 15 15 15 34 15 32 15 29 26 14 21 22 15 19 14 16 20 16 19 8 31 22 16 25 35 29 
28 39 17 28 23 19 12 6 17 17 17 11 12 17 32 22 26 30 18 40 18 17 23 18 22 13 38 22 29 31 23 26 21 37 22 24 31 16 24 20 19 27 27 18 30 16 13 22 16 26 17 24 27 16 20 14 18 38 21 15 32 15 18 17 30 19 28 20 34 12 23 18 29 35 12 21 29 41 15 32 22 25 36 30 25 42 29 26 23 14 27 21 34 11 23 15 14 14 22 32 
31 22 13 21 21 26 18 31 19 13 26 19 30 26 24 30 26 12 17 46 15 25 21 20 30 17 32 17 15 10 24 39 7 21 23 27 26 16 15 24 33 14 35 33 13 20 28 19 21 33 33 39 21 15 14 24 13 18 15 38 37 14 25 17 20 35 29 14 20 8 23 20 18 23 18 21 38 32 18 24 21 25 26 34 21 39 36 29 19 23 25 22 29 15 40 11 14 17 21 21 
23 22 10 21 25 37 21 18 14 21 21 21 26 14 26 23 29 34 16 25 22 29 19 17 35 14 29 19 26 46 26 19 14 24 24 22 26 19 19 22 28 23 41 19 9 26 16 23 18 6 21 41 27 16 30 13 32 27 23 19 29 21 25 10 29 21 34 30 22 16 26 31 15 13 18 14 18 29 14 26 19 20 18 20 21 20 28 26 21 14 10 20 28 16 40 16 25 20 21 28 
43 20 15 32 23 25 13 21 16 16 23 25 16 15 18 22 17 26 10 28 13 27 14 20 27 9 30 17 13 36 36 19 19 37 23 24 31 11 26 18 38 12 34 28 18 33 15 43 19 38 17 25 22 18 15 15 13 27 23 34 23 16 14 22 24 22 25 14 32 24 28 25 31 19 14 21 32 17 12 33 25 34 26 27 18 23 43 20 15 14 18 26 18 19 25 23 27 18 31 19 
20 26 22 24 18 33 10 32 18 19 19 17 22 14 22 23 25 40 14 34 16 15 16 19 48 14 28 17 20 38 42 28 15 30 29 24 29 16 20 10 23 17 21 16 25 15 19 21 21 25 31 22 29 18 19 14 13 31 33 26 16 12 8 12 20 24 31 18 20 13 30 33 25 29 14 11 42 23 19 39 12 40 30 23 27 27 37 29 20 16 16 20 19 23 18 21 17 31 28 20 
29 21 15 35 23 6 9 37 18 15 26 21 35 28 28 23 29 28 14 32 20 16 21 17 36 25 20 14 9 29 30 28 16 25 22 25 46 8 28 15 23 32 26 18 28 15 11 44 18 39 36 33 17 18 17 21 20 16 14 31 29 19 11 13 25 14 19 17 33 14 26 31 31 18 18 26 15 12 13 31 15 12 22 23 9 40 33 19 19 11 13 18 19 25 36 13 13 25 15 24 
38 24 18 21 21 15 21 13 20 15 31 24 25 19 22 37 36 43 15 23 16 17 26 17 29 21 18 14 19 29 29 14 22 22 31 25 23 14 31 20 34 17 26 17 28 25 18 39 16 24 15 39 16 17 27 22 22 30 25 37 32 19 7 14 25 32 11 10 25 13 19 36 26 35 11 7 16 35 14 33 21 19 27 38 14 43 20 23 22 11 17 11 24 18 20 15 14 27 20 31 
32 31 14 30 22 27 15 21 20 9 22 10 12 21 21 25 28 31 11 32 12 26 27 15 27 19 29 21 19 30 37 29 18 28 28 26 25 14 30 16 40 8 21 27 21 20 19 30 18 34 29 23 26 17 24 9 11 23 21 16 22 17 13 16 34 32 32 23 12 33 25 26 20 19 18 21 35 40 15 50 15 21 34 19 32 13 20 25 21 11 20 30 8 12 30 24 12 30 24 23 
33 30 16 28 20 31 16 18 10 13 19 17 33 13 9 41 18 24 15 27 12 18 17 25 28 17 24 20 23 37 37 25 9 34 18 12 28 7 21 16 27 24 26 34 22 13 17 23 22 17 30 30 34 14 26 18 17 35 20 31 28 19 6 17 18 20 35 24 27 21 26 35 16 30 13 14 35 40 18 20 11 35 22 38 24 43 44 12 17 10 23 25 26 14 30 25 21 24 27 23 
23 40 14 23 17 33 22 31 15 17 28 16 31 21 16 15 19 45 19 44 15 16 32 19 41 22 23 15 21 12 20 36 23 28 21 30 14 5 20 28 32 26 33 23 24 22 26 29 17 21 28 21 32 13 26 11 9 24 24 24 4 16 20 13 23 19 19 24 32 25 24 31 23 16 11 24 30 19 9 22 19 33 35 35 26 31 32 26 24 20 23 17 29 21 22 6 19 17 29 21 
18 16 18 30 15 38 14 18 16 14 27 21 16 22 33 21 23 37 21 20 18 19 18 22 26 19 17 17 16 21 37 42 24 30 26 34 24 11 23 16 32 17 32 15 19 25 17 23 13 26 23 44 24 17 16 22 13 37 14 25 26 18 15 19 20 19 18 30 35 26 41 27 28 33 14 19 28 38 16 16 17 28 22 23 14 18 32 30 27 13 24 26 24 19 38 18 21 25 23 17 
33 48 16 19 15 27 18 20 15 13 34 22 19 20 19 24 21 33 14 32 8 19 25 20 51 18 33 14 24 42 19 21 13 39 16 27 22 17 22 22 26 19 42 42 15 26 19 28 19 29 15 40 35 16 29 17 19 31 17 19 32 10 19 24 16 26 27 22 39 19 23 43 28 20 9 12 22 40 14 35 13 16 23 27 27 28 30 22 20 16 15 21 14 24 26 11 22 23 26 25 
20 25 15 27 24 28 14 24 17 15 23 23 28 24 13 28 23 37 13 29 11 23 24 27 17 17 12 20 17 35 31 26 24 33 17 26 35 22 13 27 26 27 27 28 16 16 18 30 22 4 33 37 28 19 26 15 21 38 31 10 28 16 15 14 24 17 27 17 40 16 27 35 22 30 18 17 33 28 13 33 19 29 33 32 29 33 24 24 15 17 15 18 15 26 28 26 19 21 31 31 
15 46 10 18 17 28 20 22 21 15 18 27 18 24 16 23 33 21 27 39 5 15 12 20 26 15 49 19 25 24 25 19 23 31 31 19 22 11 30 25 23 22 22 44 28 29 13 20 26 16 19 20 30 12 25 9 29 19 15 23 34 20 20 23 17 33 17 22 35 13 10 24 10 18 16 9 32 29 18 34 13 24 41 36 17 24 25 20 23 16 20 17 24 24 29 15 21 13 23 26 
28 37 14 24 16 20 14 20 14 12 24 20 16 26 12 28 22 41 12 33 26 16 22 26 32 16 35 22 26 29 23 15 23 24 26 33 18 15 24 26 12 19 26 21 17 35 11 26 12 29 34 20 39 18 27 21 18 27 14 21 30 9 22 16 34 24 28 17 31 16 16 19 18 22 13 13 31 36 15 26 15 25 25 36 24 32 32 18 12 17 18 16 19 34 30 17 24 29 11 28 
32 29 16 20 18 30 23 27 16 12 25 24 28 19 22 15 20 21 14 31 13 12 33 21 20 17 38 24 21 30 33 25 16 9 26 38 22 16 21 17 34 29 33 14 28 22 18 32 20 27 24 25 29 9 14 23 24 20 23 22 1 14 20 19 28 17 16 34 22 16 38 20 32 23 15 12 38 16 15 25 16 24 19 36 23 40 34 16 15 25 21 22 11 23 19 26 12 13 25 29 
27 21 22 28 16 25 23 22 16 21 27 26 32 16 17 21 19 28 16 38 22 26 26 9 51 16 23 25 17 46 32 40 23 25 37 23 23 15 20 8 33 21 16 19 20 16 12 26 20 30 19 31 39 18 25 15 16 28 19 42 27 19 18 17 27 23 22 24 32 18 36 38 18 22 15 20 37 43 17 26 18 31 18 25 18 32 11 29 15 4 22 14 11 35 26 28 17 30 22 28 
34 24 18 20 22 35 20 17 21 15 25 19 33 18 27 28 25 59 18 31 18 11 25 18 50 13 24 28 17 40 32 34 14 32 14 19 30 9 21 17 42 11 39 19 18 25 23 32 19 13 22 25 22 13 22 24 15 42 36 15 27 18 22 12 29 28 25 25 27 25 41 28 26 22 14 14 22 29 12 30 16 27 20 31 23 13 42 20 12 19 25 18 17 19 28 21 14 29 22 18 
28 20 15 26 17 38 8 21 22 12 18 18 26 9 10 31 18 32 24 24 16 24 31 18 39 18 20 23 19 29 31 25 15 33 29 29 32 29 24 24 36 24 29 35 17 20 6 42 15 23 20 18 31 22 16 12 30 31 24 24 19 17 10 22 33 32 16 24 20 26 16 15 35 27 14 21 28 46 7 31 12 27 22 37 31 30 37 24 20 17 21 25 5 20 37 25 19 24 23 38 
29 40 12 21 11 17 13 20 15 13 34 31 26 14 29 22 31 23 18 35 16 14 21 14 28 16 27 14 22 35 33 33 22 28 28 15 43 10 33 21 29 23 25 28 33 24 20 26 24 15 37 24 17 17 19 19 29 21 8 31 23 14 27 14 27 27 10 13 25 20 27 24 39 27 11 11 15 31 13 42 17 16 30 32 20 32 40 28 16 17 28 13 23 13 5 20 17 32 22 39 
30 27 22 36 19 10 14 27 14 16 22 25 29 13 18 21 21 14 20 40 13 16 20 10 45 15 33 16 26 22 30 23 22 35 18 37 22 15 18 15 20 18 12 24 18 29 15 32 13 13 25 38 31 19 24 13 20 30 15 26 27 13 12 17 22 18 33 20 13 18 19 41 13 21 17 22 30 30 15 29 23 21 20 24 33 30 39 37 11 14 22 12 31 18 30 28 19 27 29 31 
38 24 14 29 22 36 20 25 23 16 36 20 23 19 20 26 24 27 20 32 13 26 33 30 22 16 27 25 34 20 14 18 23 43 26 28 14 19 26 16 27 25 27 30 11 27 12 17 25 33 24 20 31 14 19 23 19 44 24 19 27 17 14 13 21 24 25 24 13 18 14 25 20 27 20 24 35 38 14 49 18 21 22 33 13 39 36 25 20 19 22 26 17 24 42 21 21 24 25 29 
24 25 21 36 16 41 17 26 14 19 26 10 13 13 25 29 24 28 21 19 11 20 25 22 17 12 35 17 22 34 32 24 14 38 31 30 31 18 16 16 28 21 30 30 13 35 19 48 17 30 13 42 37 15 23 14 23 40 32 33 27 21 17 18 26 29 21 19 17 16 35 36 37 36 14 17 28 34 13 29 15 13 27 22 28 41 41 30 27 15 15 23 15 28 27 24 10 30 22 34 
21 15 16 32 19 26 15 16 20 13 35 29 21 20 12 30 18 31 14 24 17 18 29 17 28 19 42 20 9 24 35 22 20 22 23 29 29 13 33 19 25 21 39 26 19 6 12 11 12 16 27 16 50 11 23 20 12 31 13 23 36 23 22 9 27 14 28 23 26 15 28 21 21 31 16 17 30 34 21 35 10 26 24 40 27 31 21 32 19 20 24 25 17 19 12 31 12 28 17 24 
21 31 24 30 8 31 22 26 23 16 24 19 30 10 23 30 19 38 12 36 18 21 21 20 28 17 29 9 23 22 30 39 22 33 28 22 27 19 31 24 7 19 28 31 20 32 9 39 10 30 10 35 37 12 14 18 18 38 9 26 30 12 12 23 24 13 26 19 18 21 29 19 28 17 21 9 40 43 20 36 18 20 25 13 28 30 16 29 19 13 11 27 32 20 39 21 25 30 18 40 
26 34 14 11 26 26 16 15 22 18 20 21 30 11 28 29 30 24 18 34 19 15 25 14 44 19 28 24 21 29 30 33 18 33 32 38 27 11 18 23 25 30 38 28 15 19 18 31 22 26 10 25 40 17 8 26 21 18 22 16 25 25 18 10 29 7 29 24 33 17 37 20 15 26 9 20 25 29 19 36 13 19 32 32 22 30 20 48 15 11 23 32 18 13 33 20 16 24 28 34 
20 39 22 29 22 33 20 17 17 15 17 23 26 20 27 16 28 35 14 40 20 21 23 29 9 17 26 14 21 46 14 22 11 28 24 23 35 14 19 17 24 16 41 19 9 29 16 16 24 22 40 34 35 13 37 17 17 32 23 35 20 13 10 16 27 23 19 20 21 27 30 30 21 31 3 10 29 38 19 22 22 40 22 33 28 47 28 32 17 11 15 22 17 20 14 20 17 22 16 31 
30 32 14 23 14 32 11 26 11 19 21 21 17 11 29 33 22 45 15 30 13 12 16 20 30 19 18 26 13 30 26 14 17 32 23 35 28 10 38 24 23 23 15 9 22 30 18 32 6 40 24 38 38 25 13 18 15 40 25 27 27 17 24 12 19 29 11 20 36 22 19 21 32 36 21 11 28 24 22 20 15 33 33 30 18 22 35 38 24 13 21 15 27 12 37 23 13 23 14 19 
43 32 9 45 19 37 14 23 23 16 18 19 7 19 25 29 16 41 17 29 17 25 16 25 18 11 26 17 15 44 41 18 25 29 29 24 15 18 15 10 21 23 28 32 20 22 16 30 26 23 27 32 30 13 21 15 20 31 25 24 30 8 16 16 32 30 20 17 16 22 33 34 29 43 19 16 45 33 16 32 16 36 41 27 25 54 12 42 26 18 20 21 25 7 46 14 22 32 32 40 
34 19 15 28 8 25 5 16 18 18 24 24 35 25 9 19 31 39 15 39 12 18 10 18 21 11 28 18 23 25 19 25 15 15 27 41 28 18 27 23 30 21 29 11 13 26 11 30 19 22 26 25 33 13 18 15 20 30 11 40 45 12 20 8 25 20 32 20 42 23 26 20 17 19 17 18 35 30 16 41 11 33 23 33 19 37 10 22 23 19 20 18 22 18 27 18 18 23 17 25 
35 20 21 31 16 27 20 20 22 13 35 16 42 12 20 33 31 33 14 37 18 18 20 20 29 9 37 21 21 28 24 22 22 38 30 36 28 20 20 14 37 23 42 21 22 23 19 28 21 32 24 40 34 19 24 17 10 12 26 23 35 18 17 19 24 17 27 16 15 25 19 33 26 22 14 18 25 28 16 30 21 26 14 24 34 34 26 14 18 11 25 20 32 20 27 17 18 8 15 10 
31 27 14 34 3 41 14 22 14 18 15 29 22 14 23 21 27 40 12 18 12 14 28 17 24 25 31 8 14 28 28 38 22 24 28 26 33 9 26 25 36 31 56 18 30 34 15 16 9 13 32 33 29 15 27 21 24 42 20 19 22 13 25 16 24 10 27 24 24 25 29 20 17 27 17 16 29 30 17 28 20 16 10 32 24 34 11 21 12 18 25 20 12 22 34 20 7 31 27 23 
20 25 21 25 20 33 18 24 21 18 22 29 10 12 35 28 6 25 9 37 23 26 37 16 20 15 18 16 11 32 43 22 13 22 27 37 25 20 31 27 46 26 13 14 26 25 16 14 9 32 35 34 26 18 13 17 11 18 22 26 23 10 32 19 18 26 20 13 35 17 23 7 19 20 14 19 32 30 9 24 16 38 27 36 18 29 21 26 24 20 19 27 14 21 28 18 20 27 24 23 
36 46 7 25 15 27 15 24 17 18 19 21 27 11 26 27 35 32 19 34 17 21 28 22 32 14 39 18 22 30 23 22 25 15 22 19 31 17 30 27 25 13 39 21 30 27 3 30 10 16 24 35 16 6 28 16 10 22 20 33 26 19 11 15 19 14 26 24 26 25 25 20 29 15 8 23 38 30 12 37 28 19 28 24 23 29 21 29 15 12 26 17 22 17 34 16 19 16 25 19 
17 12 16 25 17 20 10 12 19 18 26 29 35 18 17 32 18 11 13 30 23 14 35 18 27 13 17 19 16 22 15 30 15 26 28 19 29 20 25 32 36 19 36 26 30 22 20 37 26 17 32 23 33 11 31 19 22 23 15 33 15 15 25 15 34 25 13 28 20 26 27 34 29 22 12 20 27 32 12 19 16 25 39 40 26 15 32 38 19 16 20 25 17 8 34 23 17 12 28 17 
32 34 13 24 16 37 7 29 15 12 26 22 32 22 17 23 18 24 11 28 18 20 27 20 36 17 57 15 22 12 33 18 17 25 25 23 26 21 7 19 19 12 30 30 16 21 22 19 20 27 28 28 17 22 31 25 24 31 12 22 15 14 18 16 34 19 26 25 37 20 23 26 24 31 13 16 21 32 17 25 17 30 22 22 31 24 33 40 17 16 26 27 15 20 14 19 10 7 27 25 
35 17 17 27 8 10 17 21 7 16 19 30 24 8 23 40 20 12 14 26 18 14 18 30 43 19 35 26 21 23 32 18 22 16 24 10 25 12 20 18 23 15 31 22 13 24 15 22 22 28 24 43 28 11 32 12 19 35 24 30 25 20 20 13 25 27 24 23 32 22 37 15 30 19 15 21 12 30 7 29 14 24 26 29 18 38 41 22 20 21 24 22 24 17 24 19 20 21 17 35 
33 26 20 23 8 32 13 26 18 20 36 31 23 10 21 22 23 32 16 32 17 21 27 11 32 20 26 16 22 29 27 16 24 18 21 11 4 16 22 17 19 20 31 21 9 26 15 35 18 20 27 26 35 14 22 24 23 4 18 17 24 24 11 17 31 25 35 19 40 13 25 6 35 16 6 14 22 26 15 27 16 31 33 33 26 19 22 27 12 12 10 28 18 12 43 25 11 35 26 22 
39 35 14 26 17 19 21 19 17 13 39 15 28 11 17 22 19 16 13 32 15 18 21 11 39 22 16 20 12 33 23 32 15 48 28 33 22 18 18 14 29 21 34 14 15 28 17 35 11 24 33 40 33 23 23 25 22 21 21 30 36 27 16 21 34 24 17 21 24 12 20 33 30 19 13 23 20 29 22 22 15 3 30 17 26 21 26 40 20 12 14 26 30 16 17 19 17 21 14 21 
18 40 10 21 23 24 15 28 23 27 23 20 18 9 13 26 34 32 17 40 16 19 24 12 44 22 30 21 28 25 26 45 16 23 27 30 27 17 34 18 29 30 33 30 17 35 13 39 23 26 21 25 14 11 24 13 20 16 21 20 22 18 22 13 24 33 28 19 23 36 13 26 26 21 21 15 41 43 14 35 15 11 17 42 19 24 32 17 15 15 10 21 21 21 21 16 19 32 20 29 
26 40 18 40 23 34 11 24 18 21 27 18 33 20 22 29 28 27 13 27 23 8 27 24 27 18 27 19 13 35 29 11 27 33 38 26 27 13 14 9 23 18 33 13 19 22 16 48 13 19 22 21 30 17 21 15 28 32 24 11 17 15 26 24 38 8 31 18 29 15 21 32 23 30 8 19 39 24 25 25 10 24 25 24 33 30 39 24 24 17 30 21 23 22 30 21 14 33 26 23 
25 27 12 27 28 34 9 23 21 19 26 16 28 7 18 22 30 25 18 28 12 16 30 23 42 14 32 26 12 44 22 23 27 27 21 20 25 18 9 22 42 19 20 35 16 33 11 39 25 26 24 39 35 20 11 19 21 27 14 32 25 10 22 22 21 20 23 16 29 21 43 31 13 23 23 11 19 32 22 37 12 25 27 13 23 20 37 26 19 21 21 18 20 16 40 19 26 14 17 31 
50 32 16 28 18 24 13 37 15 19 31 9 32 16 18 25 18 29 15 41 7 9 25 19 44 20 23 21 22 20 31 33 17 27 28 28 22 13 15 15 41 17 41 24 26 18 12 24 11 42 30 30 31 22 21 17 27 23 26 24 25 22 15 15 37 20 23 17 29 24 29 36 33 33 18 12 28 15 14 23 9 29 30 26 20 22 41 25 23 19 21 16 25 16 23 22 14 14 22 24 
26 40 25 31 22 38 17 25 20 14 26 11 29 12 25 9 23 34 13 47 9 20 16 10 34 19 28 20 21 9 37 38 19 20 30 18 28 11 25 22 40 9 41 17 22 25 17 25 19 27 33 32 30 13 21 16 17 24 19 43 21 24 24 10 29 21 37 20 22 21 23 15 24 18 15 27 31 26 17 29 7 33 32 34 17 26 28 29 27 16 28 26 34 23 27 9 14 23 32 39 
27 34 9 18 17 36 21 19 15 16 24 16 29 13 17 27 28 28 21 23 12 16 15 22 32 15 40 9 6 17 30 31 11 23 43 14 23 14 14 19 23 15 20 21 19 13 7 41 14 26 18 39 21 9 30 26 21 41 5 9 23 19 18 13 39 17 28 22 28 24 17 42 34 30 5 17 29 45 13 39 16 15 22 30 10 35 39 25 24 26 15 27 21 27 21 21 17 38 18 31 
32 36 14 30 21 27 16 14 18 18 12 23 11 18 25 24 20 28 21 23 9 14 13 21 36 11 42 19 21 33 40 31 26 30 35 33 19 15 25 16 43 24 32 25 24 22 21 29 23 7 37 42 17 12 22 21 18 31 25 35 16 14 22 13 28 23 28 26 26 23 15 26 16 22 17 21 28 26 11 37 16 37 38 19 13 32 24 14 21 14 21 29 18 19 28 25 24 28 28 28 
33 26 9 17 22 30 18 12 18 16 19 25 27 14 24 18 19 31 23 27 21 26 21 19 27 12 31 21 20 28 27 32 21 12 27 25 22 10 17 18 31 29 21 28 19 31 12 25 14 28 27 35 35 14 18 14 6 41 24 32 21 27 20 8 21 26 25 29 33 23 19 29 27 28 15 13 20 25 15 24 18 38 22 21 23 34 34 16 14 14 12 15 35 19 38 13 23 25 21 38 
43 32 14 30 14 17 7 21 16 13 35 26 35 21 13 22 38 33 16 43 17 21 22 17 31 19 29 19 20 33 39 25 19 26 26 27 23 15 20 26 29 22 22 12 20 18 20 31 11 23 39 38 42 10 27 18 17 44 16 11 27 17 13 22 48 28 19 16 36 16 24 11 30 24 18 20 20 29 17 38 17 25 38 31 30 10 25 29 20 15 15 12 26 14 42 15 10 18 21 34 
21 36 19 19 6 25 12 28 19 13 24 22 25 13 28 32 17 19 22 42 19 18 30 14 13 12 23 21 28 32 42 26 5 40 18 26 28 18 26 25 28 21 22 9 21 20 19 28 18 15 21 38 29 10 27 14 23 35 23 15 14 18 24 13 27 29 27 22 18 23 39 24 23 27 13 20 22 40 12 38 17 19 21 21 24 54 40 32 16 11 18 18 17 27 42 14 25 21 19 36 
36 26 11 23 12 45 16 26 21 15 25 7 24 14 31 22 27 21 14 29 18 20 29 3 32 17 20 19 14 28 10 23 21 18 22 24 24 15 22 28 16 18 27 25 21 31 10 20 29 27 20 30 50 14 18 15 13 35 32 26 36 22 16 19 35 20 20 19 27 18 14 43 21 25 10 26 22 29 14 33 21 32 17 28 12 37 36 41 26 10 11 28 24 11 31 32 21 19 15 32 
31 33 20 25 16 41 9 14 17 17 33 11 34 16 21 28 41 34 16 24 19 21 15 20 26 14 32 13 17 44 34 40 20 20 20 31 31 13 31 20 51 13 28 28 15 20 13 46 10 31 29 25 26 19 26 17 16 22 21 14 22 15 15 18 35 27 24 18 23 15 23 30 32 33 18 20 40 20 16 30 15 29 10 26 22 31 21 32 19 23 27 23 21 21 19 23 14 17 21 14 
38 38 15 20 14 39 16 23 21 23 21 23 17 15 14 32 15 34 22 39 21 15 16 18 46 11 27 13 18 23 22 11 18 31 33 23 21 23 26 14 41 28 33 28 21 24 18 39 18 20 31 27 18 14 23 12 27 24 19 26 39 16 16 13 30 16 28 19 28 27 26 22 17 24 13 13 31 28 12 30 9 33 21 36 21 27 32 27 17 13 23 17 22 23 31 8 22 22 20 29 
22 25 19 21 15 38 16 20 23 15 21 26 22 5 33 23 31 35 14 21 18 25 27 28 18 18 17 20 12 27 28 40 23 13 36 20 25 5 22 22 16 16 43 38 16 16 18 32 22 27 14 28 28 17 24 13 14 41 21 27 18 17 14 6 33 30 23 15 39 32 25 28 31 18 15 16 9 46 18 29 19 18 25 13 34 25 19 20 11 16 23 19 19 16 24 13 16 21 18 22 
22 26 16 23 19 33 16 33 12 14 21 10 21 13 25 24 28 40 14 26 16 14 25 12 47 19 34 22 21 22 33 24 15 36 18 15 26 2 18 26 31 14 25 31 17 23 12 40 16 16 28 38 28 19 25 18 20 35 17 28 19 19 16 15 23 26 33 26 22 27 13 44 29 32 10 15 24 37 7 30 19 35 18 32 37 19 22 22 11 15 19 29 19 18 48 22 28 21 31 30 
9 34 20 22 20 22 6 18 17 11 27 17 16 11 25 28 37 39 8 27 15 15 29 21 29 14 27 14 16 34 23 36 18 28 25 27 28 7 18 23 34 30 29 28 23 19 22 26 22 28 24 29 29 12 25 20 17 23 20 34 23 11 16 12 33 20 11 21 33 25 17 26 26 30 15 9 33 34 14 26 13 26 23 25 27 36 23 36 20 14 23 30 24 24 43 30 18 35 28 24 
20 31 17 29 21 16 12 21 24 17 25 26 22 11 24 24 31 13 10 36 21 23 20 12 27 15 23 19 9 40 23 38 22 45 37 31 30 15 24 29 23 21 31 18 25 16 10 23 25 36 23 30 36 13 29 17 26 34 25 29 34 14 12 18 25 21 22 24 33 24 17 11 34 22 7 18 29 56 16 18 20 36 40 19 17 37 39 16 13 15 21 19 28 19 27 21 23 20 19 37 
32 28 20 15 22 40 17 18 7 14 28 24 28 16 21 34 23 30 9 25 18 24 21 18 22 17 17 16 22 22 42 28 15 30 30 27 20 13 29 20 31 17 31 25 14 29 13 23 15 35 24 45 37 22 20 23 22 35 21 19 27 12 18 21 30 29 21 13 30 21 24 11 6 34 24 16 33 13 18 21 18 39 27 24 16 27 42 20 29 17 18 16 25 24 24 10 14 11 18 40 
31 14 15 23 17 27 10 16 23 15 30 21 24 13 24 21 29 22 19 27 19 12 24 12 36 15 14 13 30 23 28 26 16 48 31 36 36 12 27 16 27 23 35 27 8 26 16 20 24 32 40 32 31 12 34 25 21 16 20 33 23 20 19 17 27 16 37 27 26 24 31 17 31 39 16 22 18 34 8 26 17 31 12 19 20 28 36 24 25 9 16 24 21 8 31 18 22 13 24 32 
28 34 10 23 27 20 18 15 10 12 24 14 24 17 18 18 21 41 17 10 19 18 18 17 29 19 31 15 16 30 29 32 23 40 29 18 23 8 23 11 31 11 30 19 20 14 16 45 18 16 20 42 25 26 20 13 18 15 21 29 22 15 10 19 34 27 35 29 25 15 31 34 30 31 17 25 33 34 13 29 15 18 20 22 29 31 33 30 20 18 17 28 23 10 39 18 19 21 19 29 
22 24 14 28 15 21 13 17 26 16 27 8 25 20 16 22 17 16 11 24 15 24 17 22 26 20 34 16 8 30 41 32 20 18 34 13 19 17 5 16 27 15 20 32 18 18 12 38 16 15 9 48 21 19 27 26 16 28 17 33 19 19 19 14 21 31 14 16 22 19 28 32 26 16 21 14 10 31 10 23 12 20 23 33 26 21 38 35 22 24 16 15 24 12 16 22 13 19 30 25 
19 34 20 22 5 16 21 17 11 19 23 30 38 24 21 11 16 20 9 30 12 12 22 16 17 14 29 16 26 20 24 26 16 25 23 34 25 14 31 13 31 21 32 18 13 28 21 31 25 19 35 20 39 9 23 24 22 38 18 32 28 17 5 22 37 12 13 11 29 31 23 24 31 39 15 20 52 15 11 29 17 29 30 24 32 29 15 19 18 16 18 19 29 14 33 23 20 8 26 24 
32 32 18 30 9 41 16 28 7 14 28 32 37 16 19 32 27 24 18 25 15 10 3 25 17 16 33 12 24 31 27 20 23 22 38 15 21 17 29 23 39 28 31 31 24 15 15 37 21 27 30 30 34 23 21 15 24 24 18 19 24 7 15 13 23 27 11 21 27 31 30 38 36 14 27 17 17 33 19 21 18 13 38 37 22 63 43 29 12 21 12 30 20 17 41 16 28 14 17 19 
31 39 13 38 11 26 17 24 12 18 24 23 22 22 29 30 27 36 11 33 15 19 19 16 33 16 23 15 4 13 22 33 22 29 29 26 20 13 24 17 40 32 27 29 30 31 18 17 25 28 26 30 40 22 20 18 17 36 30 23 15 24 17 11 27 24 23 21 6 22 22 25 34 21 17 25 45 19 17 30 11 48 22 29 21 30 32 34 13 15 28 13 17 8 26 19 21 28 20 38 
28 29 18 9 26 35 14 26 20 21 31 35 34 23 14 17 28 32 14 43 12 25 17 23 37 20 43 24 14 26 19 24 17 25 38 25 27 9 23 21 37 18 20 25 19 26 18 30 13 24 35 19 41 15 25 20 18 32 31 26 25 20 14 10 42 22 22 8 31 19 26 37 35 26 21 17 23 39 18 29 7 23 32 23 35 48 44 18 29 8 21 25 19 14 28 17 16 22 24 27 
40 25 14 32 14 22 15 21 13 19 25 21 16 21 21 18 33 35 17 51 13 20 22 24 41 18 28 26 22 28 40 20 19 40 23 25 31 11 18 35 24 29 37 30 27 44 13 29 18 27 28 32 9 15 29 18 16 41 18 33 28 17 20 15 29 16 24 25 37 17 23 35 36 19 19 16 29 25 12 35 25 25 32 36 25 16 20 26 16 23 16 11 24 23 42 21 21 15 22 19 
26 23 17 37 23 39 13 21 24 8 23 20 23 16 19 22 30 37 14 29 14 19 29 22 28 19 45 16 17 12 31 17 24 22 32 28 26 6 14 18 33 23 29 33 18 43 15 22 21 27 17 26 38 22 19 17 10 27 21 24 22 22 16 13 34 12 26 8 27 19 29 24 10 23 17 17 24 24 10 29 18 26 22 36 26 28 31 22 20 16 25 24 17 13 42 19 21 21 22 21 
29 43 12 26 15 30 13 25 21 16 34 19 32 13 26 30 23 31 14 32 11 18 20 14 33 18 33 24 25 14 20 27 11 27 31 25 12 15 14 23 46 13 31 35 24 20 17 20 17 23 22 29 20 20 25 23 21 29 24 29 20 20 8 14 20 17 21 34 46 21 26 27 42 32 18 22 23 18 12 20 9 28 27 15 17 39 32 32 21 13 20 27 20 19 47 21 16 17 19 23 
27 28 10 32 27 34 19 18 15 14 17 21 34 23 17 14 25 35 17 46 21 20 24 17 32 17 24 16 16 17 21 24 24 31 26 28 27 11 27 21 31 11 19 21 21 19 7 45 18 12 16 21 36 14 19 16 30 42 10 22 33 13 18 18 23 10 25 19 25 11 35 17 16 39 7 16 30 43 16 25 12 9 18 18 20 30 35 14 23 15 20 33 21 17 29 15 21 23 19 28 
30 26 14 23 13 26 8 20 20 17 29 24 22 18 8 20 31 36 15 27 13 16 20 11 28 20 39 11 13 28 28 29 19 20 26 19 26 14 22 19 31 27 33 38 19 37 16 21 9 19 29 39 36 14 23 23 19 24 21 24 25 15 14 11 35 26 19 17 30 21 30 23 27 29 11 10 35 38 17 28 20 38 26 39 26 35 26 41 19 17 15 21 24 9 28 22 24 24 16 44 
23 30 15 47 18 46 15 12 9 12 25 26 12 16 15 32 27 2 5 19 22 21 28 12 24 20 39 16 24 23 39 30 20 21 16 30 31 15 13 18 22 16 30 19 20 38 16 18 26 13 19 35 37 11 22 15 21 33 30 15 20 25 29 10 12 13 13 32 38 22 22 37 16 15 20 18 33 31 12 39 14 28 18 24 14 23 22 25 14 15 17 31 29 13 36 27 25 26 23 35 
19 15 12 21 13 17 14 22 19 13 22 16 14 20 27 16 24 32 16 37 13 22 35 19 40 17 42 25 20 31 28 28 16 32 31 44 28 22 18 24 49 21 21 23 11 25 12 28 17 33 33 25 34 16 30 26 21 37 28 7 41 13 27 23 25 33 17 19 30 20 27 32 30 30 23 11 22 32 17 19 13 21 27 37 16 22 31 21 15 22 15 21 26 15 54 13 18 26 26 32 
31 32 18 15 11 33 6 14 14 10 18 25 31 19 24 20 23 32 13 22 15 8 19 17 35 20 32 12 28 27 11 17 20 31 28 20 14 18 21 13 21 23 20 16 15 12 14 39 18 21 27 22 35 9 18 15 16 46 27 24 17 18 18 14 25 32 21 12 44 13 28 27 21 19 8 14 15 19 16 27 18 37 12 20 13 23 36 27 13 14 10 26 29 14 29 26 16 16 21 11 
38 38 19 21 16 37 13 19 15 20 32 20 28 26 6 31 41 15 19 31 18 24 35 20 41 14 31 20 26 25 47 45 20 35 17 29 31 6 18 23 32 20 35 23 21 24 16 34 19 30 33 39 13 22 22 23 15 30 19 33 26 17 16 16 32 23 33 9 15 20 30 31 41 32 17 12 28 33 14 37 16 29 29 30 23 43 18 24 19 14 15 22 17 24 28 19 19 23 33 23 
29 32 25 21 21 18 18 23 9 21 33 25 28 22 12 17 41 33 12 15 8 22 28 23 39 17 35 16 20 25 27 37 11 26 30 30 24 13 36 17 31 25 34 25 21 21 15 42 24 22 21 23 29 18 26 20 22 31 16 19 33 18 17 18 17 16 17 35 25 30 24 26 35 38 15 17 17 22 17 37 14 24 25 30 23 50 35 24 24 13 18 22 16 21 38 3 25 17 13 10 
22 15 11 37 20 43 10 17 23 16 29 21 24 19 14 19 19 40 19 40 14 10 19 29 29 19 25 12 23 27 45 28 23 21 16 25 29 18 27 25 34 19 40 32 27 26 10 23 15 18 31 51 34 18 29 18 12 39 13 30 26 9 19 15 21 29 23 18 27 20 38 21 24 35 15 13 35 28 20 9 14 29 28 24 13 27 35 27 19 19 18 13 21 17 36 11 22 25 34 25 
15 30 16 29 21 33 16 31 7 15 22 33 19 18 26 21 8 19 16 35 16 19 18 14 36 14 27 20 16 33 28 22 22 24 32 23 11 9 18 15 23 20 26 11 24 25 19 29 20 31 13 23 26 19 40 17 16 36 23 26 20 12 19 19 24 20 29 22 25 17 39 39 24 25 14 16 32 17 17 36 17 24 37 28 22 30 44 36 23 19 27 26 19 18 34 26 21 19 27 37 
31 12 20 27 17 31 12 23 17 8 28 17 16 20 26 16 23 40 13 26 19 12 25 23 33 20 39 19 18 28 36 35 22 41 23 30 28 19 27 24 20 22 18 29 17 44 17 13 21 27 32 28 39 13 20 14 15 26 16 28 32 16 18 6 21 17 26 24 33 14 28 30 27 26 22 22 34 47 23 26 23 27 30 31 18 30 38 25 16 21 25 23 22 15 21 24 21 27 26 35 
26 15 13 23 12 23 21 24 11 21 21 13 23 23 27 12 21 20 12 28 21 14 15 22 54 23 10 18 19 25 28 39 14 38 25 18 15 10 30 10 29 23 35 27 25 25 16 36 12 19 34 33 22 16 32 22 25 48 22 33 22 14 12 22 26 27 21 14 35 21 31 34 30 23 19 25 34 37 15 28 10 23 15 13 25 24 31 20 23 17 26 20 22 13 45 28 23 12 27 26 
38 23 14 23 25 24 16 20 13 19 24 18 13 14 15 14 28 36 14 33 15 13 26 10 24 13 28 22 25 22 26 26 15 32 23 33 33 14 23 20 28 18 31 23 21 29 15 30 19 8 28 46 32 17 14 13 22 18 24 22 39 19 12 19 18 27 17 19 37 13 32 24 25 16 8 4 31 31 9 35 17 18 16 29 25 20 10 31 7 20 21 25 27 13 33 12 23 14 17 29 
42 33 14 28 20 35 17 18 18 13 29 8 18 13 22 23 20 46 19 41 24 8 24 15 22 16 21 27 20 29 26 26 22 32 28 23 19 15 16 28 36 18 21 26 25 16 19 18 21 13 21 16 36 19 16 21 13 39 25 30 26 15 21 17 20 9 29 19 38 27 22 17 30 12 14 24 24 28 11 35 21 23 22 29 18 42 8 34 18 22 16 20 25 12 19 39 25 26 21 23 
22 42 14 33 17 20 14 20 20 18 32 20 24 17 19 30 24 24 17 37 14 24 17 20 41 21 30 14 13 30 20 23 15 36 23 24 34 15 19 24 37 17 37 28 17 35 7 35 13 22 24 27 28 13 31 23 13 29 24 19 18 12 17 20 24 14 30 16 7 22 32 16 39 20 6 15 34 32 13 24 11 29 37 35 21 38 26 29 17 6 18 33 14 20 36 17 15 30 20 50 
33 31 15 29 19 32 20 17 14 8 25 6 25 24 28 28 29 28 15 32 13 12 27 14 20 16 23 20 26 30 18 32 18 33 22 34 30 16 16 18 25 30 30 17 17 23 14 35 16 38 17 40 34 15 23 18 20 5 24 31 27 20 21 23 27 3 9 18 18 19 38 21 24 25 13 20 23 22 16 16 19 23 34 23 28 43 46 26 21 21 13 22 16 18 31 14 25 27 19 38 
24 35 14 26 22 19 19 21 15 14 20 16 36 17 7 20 20 29 16 31 17 10 10 24 23 19 44 18 19 51 26 28 29 39 42 21 31 15 33 25 20 27 18 19 30 23 18 28 18 25 28 21 31 14 22 18 23 27 20 23 20 13 16 16 38 28 16 28 26 28 32 37 23 16 12 14 37 32 19 30 9 19 36 37 22 18 24 16 21 20 24 20 15 26 27 18 10 24 29 15 
13 20 11 31 26 28 13 20 24 16 23 16 33 19 19 26 28 37 7 29 11 17 35 18 24 16 21 11 21 31 30 37 21 31 27 31 26 21 26 12 34 31 36 28 19 22 18 31 21 35 28 31 37 15 30 15 23 33 14 32 30 10 14 11 21 26 19 24 37 27 32 26 28 33 19 16 12 44 17 26 18 26 31 29 19 23 43 27 22 18 14 10 24 13 21 16 20 32 38 34 
40 32 12 22 12 10 14 18 20 13 28 28 37 17 20 31 27 46 10 14 12 17 8 14 43 19 31 16 31 26 23 29 23 16 18 16 25 20 21 29 29 8 19 25 20 22 13 37 13 25 20 14 32 12 23 10 8 51 20 20 15 13 22 18 34 28 29 12 21 24 31 23 30 29 14 20 23 37 13 32 16 23 23 24 26 23 25 24 9 17 23 15 19 12 35 26 24 24 36 28 
30 15 12 21 15 44 12 25 18 17 27 17 19 11 24 26 35 31 14 37 12 10 27 21 42 15 44 14 22 37 28 39 21 34 27 25 34 10 25 21 38 9 50 12 18 24 10 37 12 21 17 32 30 16 34 12 20 46 18 35 27 25 23 19 15 15 19 32 35 37 38 35 28 23 12 12 30 25 13 30 17 28 32 37 16 41 27 25 20 16 28 18 22 17 43 10 14 18 18 18 
27 23 13 33 16 23 12 31 16 10 33 33 32 20 24 37 32 23 17 19 14 18 36 22 24 12 17 17 24 17 32 24 32 33 18 21 34 24 21 31 22 8 30 14 33 43 18 7 23 19 21 10 30 14 20 21 27 15 9 22 22 19 13 17 19 18 38 18 36 29 34 26 25 20 9 15 32 24 16 42 18 19 31 30 20 36 33 29 15 11 17 18 19 14 39 26 9 18 21 34 
52 22 19 38 20 35 19 22 16 13 30 22 23 20 19 18 15 35 13 38 12 14 6 19 23 17 25 13 24 15 19 27 28 23 18 33 27 16 19 21 12 27 40 27 11 22 13 20 17 40 30 54 28 12 25 21 13 25 18 30 31 17 22 16 24 20 22 14 28 10 21 36 25 20 14 22 39 37 19 28 22 31 19 13 22 41 30 36 22 16 27 18 13 24 37 20 17 16 22 25 
30 30 17 16 27 33 17 22 13 17 17 21 29 13 21 28 20 20 16 24 13 20 26 12 32 13 37 19 23 20 20 29 21 25 19 24 46 21 20 24 16 27 29 21 19 28 20 38 23 24 20 20 33 7 25 11 17 19 23 24 21 21 11 16 30 24 24 28 22 28 24 28 29 27 16 18 34 42 22 40 17 18 20 42 18 36 22 32 20 12 18 22 24 15 17 18 17 20 36 26 
21 35 21 28 21 35 19 15 24 14 22 14 32 9 25 20 34 31 10 29 16 12 25 30 14 22 39 15 38 33 34 18 18 39 21 38 20 27 16 28 31 29 32 27 16 18 23 40 27 29 31 27 19 20 17 13 19 27 15 27 19 17 19 23 28 28 18 23 39 26 33 16 25 23 12 18 30 42 14 29 18 37 15 25 17 33 22 17 22 17 29 24 22 18 37 20 14 22 21 17 
30 36 20 43 21 31 13 28 21 16 25 24 33 23 25 16 42 19 11 43 10 16 27 17 39 17 32 9 25 26 34 17 26 28 29 31 19 13 8 12 10 28 34 29 18 18 15 36 16 24 25 39 31 20 23 10 17 27 15 37 24 6 24 20 23 27 32 12 39 28 37 32 25 33 17 19 22 39 18 36 22 23 27 13 34 21 22 24 19 11 16 12 17 16 23 29 12 27 17 28 
33 21 22 23 22 44 12 24 7 12 20 20 27 14 18 35 26 42 15 36 15 12 26 21 13 13 41 19 21 38 22 28 19 22 23 23 29 18 28 16 13 23 29 35 20 18 12 31 23 22 21 17 25 11 22 9 16 24 27 21 31 11 19 12 32 31 18 26 21 27 20 34 33 19 8 17 29 21 16 26 10 35 20 36 20 32 32 33 18 20 19 21 22 10 37 12 13 21 13 17 
36 25 7 33 11 33 17 20 15 16 33 23 39 11 30 17 22 33 12 27 14 20 22 18 26 18 31 25 26 43 29 29 19 35 37 23 9 20 31 18 25 22 38 21 34 37 16 16 21 17 13 29 26 19 29 17 17 28 25 9 7 16 12 23 23 32 25 18 26 19 17 36 18 21 18 17 22 26 8 46 13 22 33 28 21 29 43 31 21 14 29 18 24 21 36 23 18 25 26 12 
39 16 16 8 23 22 11 16 13 19 38 20 35 12 13 32 20 39 17 25 22 22 28 17 45 14 11 21 23 38 40 42 13 24 25 22 24 11 22 16 41 34 34 30 17 21 14 34 32 21 26 21 34 17 30 26 23 43 18 33 33 11 16 16 30 29 26 15 28 31 25 3 32 40 14 20 33 33 18 18 7 22 19 23 13 28 28 29 26 16 15 26 19 15 27 26 12 17 25 27 
28 25 14 21 31 36 9 31 20 12 35 24 24 19 27 33 32 31 14 23 18 24 26 27 41 16 37 28 18 28 25 35 27 12 27 26 21 20 17 22 15 23 29 21 33 30 22 23 25 20 37 42 29 17 16 15 23 29 28 25 39 25 22 20 17 26 12 20 26 25 31 22 11 22 15 19 20 32 16 15 12 20 24 14 26 29 31 23 29 14 24 26 17 19 39 15 8 25 17 35 
31 22 15 29 20 33 18 13 20 12 24 15 44 24 12 19 42 35 14 29 24 16 6 18 25 13 28 19 4 20 22 26 16 40 24 41 13 12 26 26 15 12 29 23 19 23 13 36 10 29 19 13 26 13 23 25 12 25 11 33 25 21 13 12 26 22 14 21 19 6 8 31 22 19 10 24 29 28 30 34 18 25 33 27 19 18 28 31 10 12 23 26 12 8 33 34 18 26 24 43 
27 27 16 31 17 21 7 28 19 16 29 11 31 22 19 22 29 44 12 28 17 20 29 18 30 13 24 23 2 22 31 30 17 18 27 38 13 22 33 19 29 14 30 26 18 23 17 39 13 27 29 19 32 21 23 13 17 43 11 23 17 23 21 22 17 18 24 32 32 16 28 32 25 21 18 15 28 15 16 28 12 45 32 10 19 24 37 29 21 18 23 27 17 20 26 13 20 19 15 23 
26 48 22 33 12 23 17 11 12 15 23 13 24 17 23 22 21 22 14 36 14 21 25 23 32 14 39 24 15 23 42 21 25 51 39 22 37 15 13 25 25 17 28 23 18 23 14 13 20 35 23 15 24 15 24 16 20 27 21 29 21 20 18 19 21 22 18 21 31 17 18 33 19 12 23 10 31 20 11 26 17 40 37 21 5 52 39 34 20 12 12 18 19 17 44 31 22 32 12 41 
31 43 19 25 15 54 22 22 19 14 19 18 22 19 7 20 25 32 13 28 13 20 27 20 35 19 32 17 15 20 22 22 18 26 31 21 24 16 26 17 19 21 44 28 25 24 22 18 25 31 18 30 26 20 25 21 19 28 15 13 21 20 6 14 26 17 31 25 28 21 31 22 28 19 13 13 17 28 10 38 13 20 29 21 19 30 27 28 14 23 16 19 21 17 21 33 13 27 19 35 
21 31 19 24 19 29 16 16 22 18 23 23 36 17 25 20 37 35 18 24 11 23 11 18 39 15 33 26 10 34 16 36 22 34 34 16 18 15 19 22 30 20 34 20 21 29 12 32 21 32 21 26 20 7 28 23 21 18 26 26 25 16 9 18 26 21 27 28 19 15 29 24 21 29 16 19 33 22 15 31 9 48 20 17 34 27 31 21 20 10 17 23 23 16 35 18 22 19 21 36 
42 28 13 21 11 27 12 23 20 18 32 18 28 17 33 15 29 18 20 41 11 21 27 12 32 14 24 12 18 33 24 22 17 32 36 21 22 22 22 22 35 32 28 11 27 23 16 31 15 22 29 28 27 18 20 18 23 28 14 15 34 14 23 18 28 24 25 18 37 18 21 29 10 21 14 23 14 32 12 28 20 30 20 37 21 35 29 23 14 12 22 32 22 22 22 14 14 23 13 25 
24 51 18 26 12 27 11 24 13 13 20 13 40 17 25 22 23 25 13 25 19 17 21 21 33 17 26 17 12 40 31 26 19 31 29 28 21 17 16 28 37 21 28 25 23 25 17 28 27 23 32 32 9 19 26 22 25 20 21 26 28 25 23 17 24 27 33 10 27 28 27 14 14 22 15 16 26 11 18 22 15 14 31 24 18 26 49 31 21 7 20 21 19 11 18 29 22 25 22 38 
21 31 15 30 18 23 15 17 14 21 44 17 18 12 18 22 33 38 16 29 15 20 11 21 29 19 15 14 12 24 32 45 25 26 27 33 23 18 25 25 11 24 46 21 32 15 19 30 13 12 19 24 27 18 20 18 20 37 16 23 32 19 12 18 29 30 29 27 28 13 25 22 25 34 15 12 26 26 12 23 13 28 23 19 11 32 43 30 18 14 18 11 22 11 30 17 16 24 27 24 
28 46 13 29 15 28 16 13 17 17 31 13 28 17 18 21 22 34 16 26 14 16 25 14 20 23 21 14 23 28 17 41 25 31 25 28 24 16 22 16 35 26 28 18 24 15 20 33 23 17 12 30 18 12 24 16 18 21 23 32 28 13 17 19 22 25 23 18 31 18 38 19 30 25 17 17 16 42 15 37 14 25 21 21 19 29 34 18 8 8 25 31 25 18 33 30 6 24 16 30 
40 17 10 24 16 41 19 24 25 19 27 31 17 19 26 26 38 36 6 42 19 24 22 18 33 25 24 16 17 37 22 31 30 33 23 27 18 14 20 23 35 18 45 30 15 17 14 23 15 31 22 35 19 17 17 14 22 20 26 22 27 20 17 17 26 18 30 27 33 31 31 26 15 23 17 16 25 29 23 38 16 35 26 19 21 20 18 16 23 17 24 25 17 11 21 15 21 23 22 30 
27 39 10 39 22 34 20 34 17 12 14 14 29 18 24 25 20 23 18 27 16 21 16 26 40 14 37 18 19 34 16 13 11 32 24 31 22 17 18 22 25 21 20 7 29 21 17 39 16 13 38 6 8 21 28 11 14 42 22 20 24 21 16 17 26 19 22 13 31 21 36 34 25 28 17 15 14 41 8 28 19 27 20 42 36 32 35 26 30 17 27 15 14 19 34 22 19 28 29 35 
32 39 14 22 15 21 14 28 14 13 32 27 31 12 18 34 25 20 22 28 12 11 20 20 29 12 37 16 26 29 24 30 24 21 30 22 33 14 23 19 45 23 36 32 20 26 18 18 17 27 40 29 22 12 21 21 21 12 13 21 24 20 10 22 28 22 23 26 32 20 24 53 27 31 12 21 35 38 14 16 18 32 24 25 23 34 43 22 23 11 8 21 30 9 37 10 18 21 22 28 
26 26 17 33 16 19 10 20 22 16 42 19 17 15 27 28 53 44 20 22 21 9 26 12 28 18 32 13 28 34 31 9 25 23 22 30 30 15 17 22 38 17 22 14 14 31 23 36 19 18 20 28 12 17 22 16 18 33 25 22 26 13 15 13 25 24 28 20 35 30 39 22 23 26 16 21 33 36 16 37 13 25 16 18 20 23 16 31 18 12 29 20 12 17 21 25 15 23 10 36 
33 23 12 36 24 34 3 29 17 20 28 20 29 13 35 36 29 25 13 48 28 17 27 17 50 18 26 19 19 15 45 35 19 40 20 25 21 20 16 14 32 11 27 27 22 17 17 28 13 20 16 19 31 18 25 15 19 33 23 21 24 12 11 15 25 22 30 12 28 27 18 30 22 36 18 23 27 33 15 28 19 17 35 29 15 29 30 28 22 18 26 19 19 13 14 24 23 19 16 37 
34 15 10 24 14 28 9 16 22 11 30 24 37 29 21 26 28 26 21 18 22 15 35 19 20 14 33 19 30 19 22 34 21 38 28 30 6 11 19 9 12 20 35 28 16 24 18 26 24 17 31 34 34 16 32 16 32 25 19 16 30 18 8 18 23 23 40 28 22 15 12 46 34 21 14 22 32 26 17 28 21 26 26 28 21 37 26 35 23 13 10 19 13 12 34 20 21 31 13 26 
13 29 26 20 18 14 10 21 14 17 28 24 23 23 23 18 20 40 15 36 17 13 29 14 33 17 39 22 11 26 20 30 27 27 38 27 23 15 26 26 21 18 39 30 22 32 14 40 22 31 26 27 27 17 22 25 24 31 28 35 40 9 17 17 22 15 21 28 25 22 25 21 26 15 16 12 14 17 17 17 14 34 23 32 20 34 28 25 18 13 22 23 24 9 23 17 12 20 30 30 
20 26 19 20 9 49 11 22 22 16 17 22 18 21 20 21 20 23 22 24 15 20 24 14 46 18 29 18 13 27 32 26 20 14 16 21 34 22 35 26 22 15 19 19 17 17 13 46 18 33 35 31 27 10 24 16 17 15 25 9 31 17 14 14 20 23 29 27 23 21 27 31 27 25 17 24 18 24 21 23 17 36 25 28 21 27 27 25 22 12 16 24 19 13 17 13 18 16 23 24 
29 33 18 28 21 23 15 22 17 13 25 18 23 11 17 25 27 23 17 45 17 13 26 15 24 15 34 19 25 21 36 23 15 21 26 17 27 14 21 18 30 22 26 9 20 21 12 31 19 33 24 50 29 19 19 23 14 26 23 16 32 8 23 11 31 15 12 19 29 18 27 31 32 20 16 21 20 43 13 34 5 14 14 29 21 39 30 35 23 10 24 29 14 15 41 24 14 24 17 27 
51 18 25 29 18 38 16 18 11 18 27 28 22 13 23 26 20 24 18 31 12 16 26 24 32 17 27 13 21 14 39 14 23 30 17 21 34 20 25 19 37 22 38 34 12 28 15 34 15 42 20 25 29 6 19 18 9 21 16 17 24 23 20 14 24 19 18 12 24 20 12 45 32 11 8 7 16 20 14 19 20 33 13 26 23 20 25 23 8 14 20 25 17 11 43 19 13 22 9 29 
11 25 12 30 18 41 20 20 15 9 22 24 28 17 15 32 34 38 13 29 12 16 22 10 24 12 28 20 22 27 24 19 24 28 27 14 33 14 25 28 29 17 34 29 18 23 12 24 27 21 31 30 39 15 16 19 22 27 25 14 32 13 22 16 38 27 26 22 48 32 28 18 40 18 18 11 21 23 19 35 11 17 25 36 24 30 23 22 17 16 21 25 24 12 35 19 10 24 20 28 
40 39 20 27 16 30 8 15 16 19 27 11 23 17 22 25 19 22 4 39 11 24 14 15 30 19 20 16 22 24 18 23 18 31 20 24 30 14 24 17 22 26 28 21 21 11 13 37 17 24 19 33 36 19 30 16 13 38 28 26 29 17 12 15 29 14 19 29 34 17 25 15 20 31 19 19 31 29 11 22 13 32 31 25 12 28 23 24 16 14 16 24 19 27 26 21 23 14 20 32 
30 39 20 36 22 20 17 19 18 13 21 16 32 17 18 14 9 38 14 27 20 19 20 22 21 15 25 20 14 40 27 22 26 33 33 28 17 13 25 18 30 25 36 33 36 31 17 44 23 23 16 28 32 23 17 13 23 33 25 36 21 14 11 15 37 23 9 26 25 17 31 27 25 21 14 16 27 21 15 27 16 17 25 24 17 30 29 29 11 19 24 16 20 22 16 26 16 35 28 23 
21 34 14 31 18 24 17 15 13 15 36 21 20 20 25 27 26 18 14 41 15 27 22 16 29 19 48 17 26 32 29 29 22 35 20 24 28 21 32 13 19 32 35 29 24 24 21 33 25 33 27 32 30 13 21 26 22 32 20 19 15 16 13 21 23 27 21 16 26 19 42 26 31 25 9 22 40 26 20 21 16 42 18 46 25 29 36 21 24 18 9 24 22 21 32 16 9 23 28 30 
36 40 13 28 16 20 16 17 6 10 18 12 13 21 22 17 35 24 13 28 10 12 25 21 20 21 20 17 26 20 17 22 20 17 35 23 29 11 31 18 10 25 22 32 25 34 8 29 13 26 26 38 25 15 24 17 23 32 13 24 28 11 17 19 31 17 26 21 34 17 12 19 26 29 16 12 28 39 13 27 17 30 30 27 17 44 42 28 33 5 15 22 24 15 25 17 28 28 23 37 
44 28 15 26 17 24 10 29 17 16 32 23 21 9 28 26 30 31 13 28 19 20 11 11 47 17 18 13 32 37 44 34 22 19 30 29 36 16 19 25 30 27 31 29 18 34 20 39 22 28 17 27 34 24 25 9 20 29 28 8 35 17 20 18 26 23 16 16 31 25 25 23 25 26 11 25 27 26 11 26 16 18 19 30 21 29 25 33 19 18 26 34 15 23 37 14 10 25 15 31 
23 34 15 36 24 10 14 23 21 11 22 24 19 18 22 27 33 33 18 32 15 22 20 21 35 17 35 23 19 28 20 26 20 32 29 22 24 16 18 16 37 22 29 27 30 28 15 20 18 37 35 34 38 15 33 16 16 31 32 30 29 10 22 16 26 24 28 23 17 21 22 33 28 19 17 19 37 35 18 20 12 25 34 19 21 33 31 32 25 9 20 24 22 20 45 29 12 24 24 14 
14 39 12 32 17 35 15 19 16 6 35 33 32 15 23 21 25 41 17 25 14 20 9 20 29 18 34 28 26 25 28 28 19 36 30 26 24 19 18 7 31 14 35 38 15 30 12 35 18 20 16 36 24 16 25 11 25 38 24 22 33 17 15 18 22 20 24 12 30 22 26 34 13 18 17 23 16 23 6 19 20 24 29 12 21 32 40 26 14 17 12 15 26 21 26 28 27 9 14 38 
27 23 24 22 14 25 14 19 16 7 31 27 33 7 13 7 23 20 14 37 11 17 29 28 31 20 24 27 10 29 33 31 26 22 25 22 31 11 23 14 32 15 29 29 25 30 15 32 29 29 23 24 21 18 29 22 24 19 35 41 25 13 15 14 17 23 13 26 27 19 25 16 21 20 17 12 34 25 19 21 17 25 21 33 22 30 23 12 17 21 20 23 30 20 30 13 14 28 33 29 
34 31 19 39 17 21 16 20 9 21 32 21 26 13 20 18 29 29 15 27 11 20 24 18 40 16 20 21 11 14 14 21 17 23 24 29 25 16 24 18 40 28 28 21 15 44 20 37 27 18 27 33 25 16 23 28 24 33 25 21 24 12 22 17 28 20 20 30 39 14 24 18 17 25 20 20 34 18 14 34 12 35 15 24 14 39 26 31 19 20 15 26 27 24 37 20 21 21 20 43 
26 19 13 15 22 39 10 22 23 16 16 37 32 21 13 21 31 32 14 42 20 14 28 15 21 15 29 21 28 32 34 22 23 36 27 28 28 11 16 10 41 26 28 27 29 21 15 29 19 9 38 23 35 14 30 18 21 25 20 32 33 16 23 16 33 24 20 25 28 29 11 31 24 14 15 16 36 46 20 44 20 40 15 22 20 31 33 27 19 14 23 29 21 11 24 21 22 12 28 33 
30 30 15 19 11 28 19 25 17 15 30 13 17 17 16 37 34 30 18 36 23 18 16 26 27 24 34 16 28 31 38 35 15 32 26 30 33 18 21 25 33 22 23 24 4 22 26 28 19 20 32 33 27 17 32 22 8 22 7 17 38 24 7 16 36 29 18 34 29 25 29 29 26 29 17 8 23 22 9 17 9 28 15 41 22 24 38 27 19 15 16 15 18 13 36 28 19 21 18 25 
19 38 19 14 25 44 17 24 26 17 15 20 21 22 20 35 35 35 17 34 21 17 17 18 25 8 32 23 25 25 27 25 25 16 22 19 29 10 30 11 34 15 27 18 17 16 15 34 12 40 17 32 31 12 27 22 9 26 13 27 22 13 10 16 19 19 29 22 26 17 22 29 24 19 9 19 13 27 13 18 16 16 29 23 18 23 26 15 20 16 23 22 21 22 23 22 19 22 26 30 
34 30 19 23 14 20 19 23 24 9 16 25 15 21 24 23 22 24 14 21 10 24 19 17 45 24 14 14 25 31 27 43 26 13 22 28 20 21 24 21 7 11 26 7 23 32 15 34 16 29 25 31 29 21 36 23 27 44 22 10 31 17 15 17 35 20 12 19 32 16 18 33 18 15 17 15 21 24 12 41 17 19 34 35 15 35 36 29 18 15 19 23 20 16 27 23 25 16 23 24 
27 20 15 39 13 24 17 29 17 17 30 26 19 17 20 21 35 41 13 24 14 21 24 18 25 13 22 16 17 24 34 25 26 35 13 34 33 11 24 23 33 25 37 20 11 37 25 32 22 22 23 24 26 16 19 14 13 29 16 31 21 11 18 16 31 19 38 22 21 9 28 27 18 21 16 24 27 37 24 34 17 28 15 36 22 46 30 36 18 10 11 23 21 23 41 6 15 25 19 19 
30 47 19 31 14 23 14 25 13 12 27 20 20 22 16 28 22 23 15 25 13 11 28 19 30 17 39 20 15 33 17 24 15 30 14 34 17 10 13 21 34 8 18 31 14 15 10 20 23 18 30 13 37 14 28 17 22 36 14 19 22 18 12 15 28 18 32 27 36 18 18 30 21 28 13 13 40 17 12 22 15 19 18 22 22 29 32 33 28 19 20 24 21 17 25 15 20 11 19 39 
35 24 13 25 20 34 5 9 22 14 35 20 35 25 10 26 37 30 20 33 13 15 24 32 33 19 36 20 13 28 24 39 15 22 22 28 22 19 31 20 42 21 14 28 21 27 16 13 18 35 28 30 25 20 17 17 23 33 30 33 28 13 6 12 26 38 28 31 45 17 16 26 31 30 17 17 20 23 23 17 18 32 28 18 21 14 28 33 18 16 17 28 22 9 30 22 21 21 20 31 
37 36 18 38 18 35 14 35 17 16 25 21 30 27 34 28 15 24 11 32 13 23 23 19 30 16 28 13 26 19 44 44 16 25 29 20 22 18 14 13 32 26 56 37 8 32 26 26 15 19 16 32 28 11 24 21 15 45 26 22 17 16 16 15 23 26 24 27 19 18 31 15 32 24 12 17 36 41 12 22 18 24 31 24 32 29 34 26 22 15 15 16 30 20 28 19 8 17 27 35 
28 41 20 38 16 39 13 25 14 18 30 21 22 14 16 26 17 34 20 33 18 24 26 21 44 8 25 20 13 13 24 25 23 43 31 27 27 17 34 10 36 14 39 13 14 27 20 19 12 39 25 29 36 10 30 18 16 35 22 17 20 14 20 12 31 14 19 18 39 31 37 13 30 27 17 16 25 36 15 21 16 29 30 23 14 13 24 30 16 11 12 19 31 17 42 24 17 30 25 23 
36 33 20 28 16 43 15 35 16 9 25 14 23 12 29 15 26 43 14 23 15 10 18 19 39 14 35 17 12 49 45 28 16 24 23 30 29 14 19 23 34 20 32 19 23 22 5 26 21 26 23 31 22 12 16 19 17 41 29 20 18 15 10 14 36 17 27 31 27 19 25 42 31 32 22 19 38 17 15 36 19 23 31 19 25 21 39 34 15 13 20 16 26 13 30 21 29 26 14 39 
28 23 8 16 25 39 15 14 25 14 45 27 24 21 13 29 16 31 11 30 18 26 25 14 15 13 26 12 22 30 26 19 19 34 25 37 21 14 13 20 26 12 18 32 23 22 13 21 19 22 36 49 30 13 11 18 18 12 16 30 24 14 14 16 11 16 24 19 23 20 23 35 31 32 15 18 16 45 13 28 16 31 27 26 19 28 22 29 20 15 17 24 13 22 43 23 10 16 18 22 
17 40 17 27 20 31 18 23 19 13 36 17 31 20 35 20 32 33 11 44 16 18 16 19 33 15 26 19 3 38 34 33 19 34 20 31 20 14 23 22 31 14 35 30 20 24 15 29 23 22 29 40 26 17 19 14 18 27 21 20 21 17 19 14 31 20 26 21 27 13 20 28 16 26 17 23 27 21 17 25 9 25 9 34 30 32 35 36 14 14 25 24 31 17 29 17 19 21 20 41 
42 31 25 40 14 25 18 22 21 11 15 21 30 17 20 31 30 26 14 20 22 24 24 17 50 14 27 14 16 7 20 28 19 12 25 32 38 9 13 6 40 19 32 26 32 15 19 41 20 41 17 24 23 20 15 18 13 37 31 9 28 18 13 19 33 22 16 19 29 17 27 24 31 16 16 22 33 30 17 29 16 31 25 20 18 23 44 32 19 15 20 22 30 28 43 22 19 31 28 28 
43 16 18 29 19 30 8 26 15 9 19 25 27 22 21 23 25 39 23 34 15 17 17 22 28 17 33 11 30 39 8 20 10 49 25 21 23 17 33 23 36 29 21 32 18 17 15 26 17 5 38 32 27 19 26 14 29 25 25 22 16 14 16 18 16 20 24 26 27 18 20 27 26 32 19 18 10 29 12 26 12 30 31 21 26 43 24 34 25 19 18 15 30 21 51 16 13 32 22 30 
39 27 16 22 12 30 23 21 24 3 29 26 34 20 20 31 27 26 11 37 9 12 22 18 31 12 30 24 25 29 33 17 19 24 18 22 25 19 22 31 18 24 24 15 27 13 8 32 29 19 20 26 28 12 16 19 21 34 18 24 21 8 18 20 28 25 12 30 19 21 29 33 27 32 17 16 15 25 11 30 17 15 35 31 25 33 25 19 20 10 22 25 27 16 39 26 18 23 35 24 
26 25 21 19 22 32 16 17 19 15 18 15 20 21 33 24 27 38 15 21 16 20 32 23 16 13 44 5 16 20 32 36 15 30 35 24 23 11 23 14 43 20 26 31 23 33 18 19 20 29 18 33 35 11 29 17 21 30 19 44 31 18 17 13 27 26 23 19 37 20 31 13 21 24 16 17 29 33 19 35 21 37 42 28 23 26 32 33 27 11 18 30 11 12 28 22 14 1 23 14 
37 27 11 34 19 35 16 31 23 21 15 19 25 11 28 21 20 32 15 32 9 21 19 21 34 19 33 22 18 35 35 26 20 25 22 18 33 18 23 19 17 14 17 32 26 26 17 50 18 24 17 30 31 11 42 17 14 32 18 26 23 22 16 15 31 16 28 16 22 22 26 25 32 31 12 21 28 44 18 36 16 36 27 29 23 38 19 47 24 12 15 24 28 12 24 18 20 37 24 29 
28 59 18 33 22 24 14 12 23 14 27 33 17 12 26 24 24 20 18 26 11 14 35 23 28 16 32 20 23 15 38 36 22 32 10 18 29 10 23 6 45 7 29 43 15 30 16 28 19 29 28 29 26 11 29 25 19 20 31 26 27 19 20 25 35 31 22 16 27 22 23 37 31 30 16 11 29 47 15 39 17 27 25 33 22 20 44 15 14 11 17 28 23 18 23 15 14 23 24 27 
30 28 15 23 27 31 18 5 12 11 19 25 21 17 25 9 17 22 8 25 18 24 13 21 29 23 34 16 29 29 27 17 13 29 32 31 28 17 27 13 31 25 21 12 19 12 11 25 22 26 33 23 33 14 22 17 20 26 23 33 17 11 15 19 37 25 19 27 29 11 20 30 31 27 14 23 34 24 14 29 18 32 23 20 13 38 25 26 15 20 18 34 27 13 41 16 18 26 31 30 
24 25 16 40 17 24 10 29 10 12 22 10 25 18 22 19 19 35 7 17 20 17 16 17 39 15 36 9 28 20 38 9 15 32 30 19 12 8 24 20 45 10 29 29 25 24 16 22 16 33 38 24 40 19 32 20 22 22 19 30 16 17 20 18 22 21 25 32 25 30 24 38 25 29 15 18 26 20 14 20 10 12 22 33 21 31 24 24 19 17 25 22 27 19 43 30 10 29 11 30 
33 25 10 23 21 27 16 6 19 12 33 18 20 15 24 32 15 32 19 31 15 22 17 18 37 21 19 22 11 22 15 27 19 23 25 41 26 11 20 10 27 14 26 26 24 31 15 26 17 37 22 28 36 16 30 20 12 23 29 10 19 6 2 19 11 24 24 15 25 29 28 28 10 29 9 21 24 24 16 26 18 22 16 26 35 35 24 25 25 11 23 18 21 14 34 29 15 30 32 33 
31 40 16 20 23 35 16 14 23 21 26 31 22 21 33 11 27 26 20 34 17 15 19 6 34 13 26 27 24 32 26 38 30 20 19 17 17 11 24 19 31 7 30 13 30 9 15 20 21 30 26 30 24 16 26 13 13 29 32 29 29 25 19 18 27 23 20 26 15 30 28 38 24 17 12 20 9 30 11 31 13 28 13 20 22 27 17 22 19 14 16 13 25 17 30 22 20 21 25 26 
21 41 13 26 11 30 17 19 15 20 19 23 30 11 27 29 24 37 20 34 13 21 18 24 40 11 24 28 16 38 21 23 14 43 17 20 23 17 25 17 25 24 26 18 26 22 20 42 18 26 27 41 42 14 29 18 27 32 16 18 40 20 21 15 22 28 24 24 31 22 26 24 26 30 18 23 20 23 16 10 14 8 18 22 26 31 29 18 20 14 18 24 29 16 28 19 6 21 21 31 
34 39 14 30 11 26 14 17 26 13 30 12 23 22 12 8 26 26 14 24 15 15 26 10 26 18 32 13 15 32 30 21 21 29 21 17 38 16 21 15 27 19 34 18 21 26 16 36 17 24 25 38 19 17 15 24 14 18 32 11 21 28 14 17 27 23 36 12 28 27 25 27 22 26 18 22 26 35 15 29 14 29 28 25 22 38 26 26 15 20 13 21 26 18 38 17 17 17 32 23 
23 60 10 32 27 37 11 16 28 9 41 18 31 18 29 27 24 24 14 39 18 20 28 18 27 17 33 16 26 34 22 23 14 32 30 34 15 18 18 32 27 16 21 28 15 24 11 35 16 40 28 27 32 23 22 18 21 26 8 19 20 14 12 13 28 31 25 21 29 19 36 31 29 15 18 11 37 34 18 31 20 35 38 39 22 31 30 27 24 12 24 17 24 23 27 18 17 25 17 24 
34 42 13 25 11 27 11 23 24 20 28 10 28 11 22 37 24 22 17 36 10 13 27 26 42 20 32 15 23 20 27 31 22 13 37 23 28 18 15 10 28 21 12 20 10 28 16 14 11 28 24 30 33 14 33 17 20 15 17 25 31 15 10 17 33 9 21 19 23 15 35 36 15 35 8 8 19 37 20 27 13 44 34 3 22 56 39 33 18 16 10 31 22 21 29 27 16 22 20 50 
15 46 21 26 23 19 11 15 18 14 25 24 31 17 11 17 27 36 14 18 15 19 14 18 40 15 23 19 21 31 21 29 21 45 28 25 19 18 21 15 25 17 27 29 25 22 22 19 21 26 23 30 25 15 19 15 8 47 22 17 18 12 16 16 34 26 20 19 24 14 22 33 36 30 11 14 24 36 18 27 18 21 27 23 31 18 27 21 20 12 23 25 22 19 38 15 25 23 24 32 
31 32 12 26 27 20 13 20 20 10 30 15 23 22 17 26 33 19 15 25 18 26 29 20 28 15 33 16 10 33 25 25 17 12 28 30 36 20 32 19 34 21 35 20 21 27 15 41 23 25 29 40 25 14 22 11 20 40 26 17 30 19 24 14 22 13 21 28 31 24 31 27 35 20 17 20 18 27 18 29 19 37 19 24 23 26 41 25 16 15 21 19 26 20 35 21 12 29 9 28 
34 22 18 29 14 36 15 25 12 23 22 20 26 19 25 21 28 23 14 44 16 16 37 22 22 14 44 22 24 30 28 20 23 19 30 29 14 16 18 26 48 11 24 25 17 31 18 21 25 34 23 33 34 16 27 4 26 43 18 27 18 10 19 18 43 32 31 27 28 25 17 26 30 24 15 18 13 24 14 32 13 32 8 16 27 33 28 17 21 16 23 24 39 23 32 20 22 18 23 26 
23 33 14 39 16 26 18 28 26 21 29 29 21 26 12 31 23 60 16 20 10 18 20 16 21 20 33 18 29 39 23 32 12 21 22 21 24 13 19 21 43 20 24 23 23 30 16 29 13 28 33 38 26 25 24 25 11 16 29 13 23 14 22 16 34 31 26 22 23 6 35 23 36 29 14 18 36 30 14 22 9 28 19 17 22 38 26 25 25 20 22 26 29 18 18 23 21 21 26 12 
33 38 26 7 17 27 13 18 15 15 24 24 16 18 23 24 23 22 15 43 14 20 24 6 48 15 26 18 24 26 26 25 21 21 28 38 23 14 16 18 20 15 30 30 21 25 16 17 14 23 26 25 31 16 18 29 16 29 15 14 31 27 16 18 10 20 28 16 36 18 27 12 7 20 21 21 31 41 7 25 18 35 26 29 22 21 33 27 19 10 15 25 33 18 25 23 27 31 27 23 
18 15 10 23 12 16 16 18 27 17 29 23 29 12 17 17 25 22 17 26 17 17 23 17 36 15 37 24 20 45 26 36 17 20 21 30 30 14 31 25 46 17 14 18 20 39 18 34 13 24 21 22 26 18 26 17 25 25 19 33 12 22 17 14 29 33 33 18 25 19 41 19 26 18 20 11 9 30 15 34 12 25 24 35 17 28 26 20 17 11 18 12 13 6 37 35 16 24 6 24 
19 21 17 24 20 33 14 18 19 13 35 15 36 10 12 29 35 32 18 21 16 18 29 29 39 15 24 20 27 32 26 34 15 21 24 25 34 15 25 29 42 20 22 23 28 29 15 26 22 27 23 24 35 10 24 17 14 39 26 19 14 12 20 19 29 19 20 31 35 28 22 14 19 15 16 21 32 22 12 41 18 24 24 31 18 38 16 18 18 14 27 34 20 17 18 12 13 23 26 24 
41 43 17 26 20 29 13 26 14 12 26 25 26 28 17 25 28 15 11 36 11 20 18 16 22 10 31 16 28 19 23 42 18 31 29 39 19 14 34 19 33 24 19 26 22 28 14 30 18 21 32 49 26 14 25 10 21 30 22 21 26 20 11 20 27 27 26 14 25 11 30 20 24 23 21 21 21 45 11 32 21 23 37 18 24 25 26 32 19 14 19 13 21 20 39 17 2 28 24 19 
50 35 13 26 14 20 15 13 24 16 17 23 15 15 23 30 18 22 9 22 17 20 28 21 28 24 35 11 12 28 18 30 13 27 23 19 50 18 13 29 35 19 28 29 25 19 15 32 19 16 34 25 25 16 31 18 17 28 34 32 36 9 22 17 31 14 27 30 30 25 22 40 21 25 11 22 32 18 17 29 9 36 10 39 19 29 21 27 23 19 19 25 12 17 42 18 18 19 16 32 
29 43 17 25 19 45 16 22 23 24 32 13 19 23 20 19 32 22 21 32 15 12 24 24 8 8 33 14 17 24 25 33 10 22 24 20 24 15 32 28 16 19 18 26 17 11 11 15 27 25 15 38 16 20 8 14 19 34 11 9 23 23 18 12 32 18 24 24 25 13 29 32 34 22 17 19 18 27 11 40 13 26 22 24 26 35 41 27 16 17 33 13 15 13 27 28 16 15 17 37 
28 26 12 13 21 23 15 24 17 19 20 10 27 20 24 19 26 7 17 31 22 25 22 21 31 20 25 16 21 31 31 21 15 29 31 27 17 15 27 11 19 17 23 27 19 18 18 36 22 22 26 31 37 14 31 26 23 28 33 32 14 15 15 18 37 27 27 22 31 22 35 20 35 29 13 21 37 31 12 33 11 21 19 23 20 32 20 24 19 11 24 23 16 21 21 13 13 22 8 17 
46 25 16 37 23 25 16 18 20 14 19 30 23 25 32 32 35 32 12 43 19 15 17 15 29 23 34 13 17 34 26 23 21 21 18 35 23 15 33 22 27 31 28 17 13 22 19 42 25 28 20 27 16 17 31 18 23 44 28 20 30 25 19 18 36 14 30 16 20 26 33 22 26 27 12 22 21 27 8 32 17 29 27 36 26 42 23 28 21 15 17 17 28 18 22 20 13 26 24 18 
32 23 21 29 23 20 12 28 18 17 32 12 21 20 30 25 27 40 14 18 13 22 28 26 32 15 21 17 9 32 33 24 9 27 23 34 38 18 17 18 12 15 28 29 27 29 19 33 17 23 7 52 23 13 25 21 22 33 25 21 24 18 27 16 27 27 26 5 33 23 20 34 27 29 13 15 29 16 11 33 21 28 33 23 23 28 32 31 24 14 19 21 27 21 28 21 18 26 22 18 
29 35 16 10 20 37 8 25 20 7 23 9 26 18 24 9 28 39 20 29 15 19 23 11 22 18 26 20 28 30 32 50 16 31 18 30 20 13 20 24 29 27 29 18 28 25 13 35 20 23 25 46 40 14 33 15 25 28 20 28 33 18 22 17 20 24 23 28 43 15 25 9 20 27 8 14 25 28 13 26 33 18 29 26 22 40 38 36 20 23 13 27 19 23 7 11 26 19 25 29 
19 23 15 28 18 26 21 25 17 20 29 27 34 20 23 28 25 21 9 22 17 14 26 15 25 19 32 27 25 45 16 26 26 31 30 19 13 12 22 30 35 18 28 26 21 31 24 19 16 26 22 28 19 7 26 25 17 19 13 35 15 21 15 16 38 23 23 26 26 16 19 21 33 33 21 10 22 38 17 23 16 20 18 26 20 35 34 40 14 12 22 14 20 17 37 13 21 13 25 29 
32 43 15 42 22 32 15 18 11 15 29 19 43 21 25 19 23 30 12 34 15 20 23 20 27 17 40 30 13 12 28 14 19 26 18 16 30 17 25 15 23 19 32 14 18 22 18 31 27 27 32 27 15 25 19 21 16 41 20 11 15 20 17 20 29 17 22 15 39 18 35 19 21 23 22 17 29 33 16 21 9 40 25 19 20 18 25 28 15 25 12 20 23 18 34 23 13 22 17 20 
23 38 19 19 21 32 17 34 9 22 21 27 34 17 16 23 30 34 16 28 15 16 27 15 30 13 31 14 27 25 25 24 26 17 29 26 28 18 36 10 39 35 16 16 32 30 18 29 24 24 18 31 49 21 17 18 11 22 19 30 35 6 20 22 22 18 17 22 46 28 21 27 26 36 18 21 23 40 7 20 11 22 29 13 23 37 8 30 19 22 24 27 34 19 24 17 20 22 10 42 
25 29 21 38 18 28 12 23 13 19 30 12 26 23 22 29 38 30 18 42 16 17 18 21 16 8 15 12 12 39 35 26 19 25 25 20 28 8 19 23 13 13 32 21 26 25 22 28 17 30 31 27 33 16 17 8 23 14 21 21 18 10 9 28 19 22 25 26 24 19 18 31 25 34 19 13 20 35 13 17 15 27 18 26 21 38 18 26 18 18 22 23 25 23 29 26 20 26 19 21 
23 16 16 12 20 30 15 20 6 12 21 22 25 17 20 27 24 14 21 40 16 6 23 20 16 15 32 16 22 19 30 39 19 15 24 24 17 16 25 25 9 20 27 25 13 30 15 37 20 27 11 37 31 11 22 22 21 32 22 37 26 25 12 14 31 14 26 11 15 26 35 33 24 26 4 18 24 25 12 30 10 30 37 39 32 46 17 27 16 15 19 25 22 14 38 16 19 17 18 29 
21 43 21 28 18 29 11 18 12 15 16 23 27 17 20 15 22 40 20 23 15 17 24 17 32 16 32 35 15 28 27 27 20 27 32 23 25 18 31 28 29 11 11 17 22 19 24 28 10 20 36 47 42 19 29 19 17 24 11 26 21 14 20 16 24 20 12 11 13 31 16 35 25 31 6 16 27 44 17 20 13 16 29 40 23 16 31 22 16 12 13 16 18 15 15 14 21 21 15 26 
28 20 17 24 14 41 11 22 20 17 29 17 32 16 26 31 22 36 17 30 16 28 28 28 32 14 43 16 20 18 35 25 17 41 38 30 30 12 21 16 32 12 32 18 19 32 11 13 14 37 23 20 21 17 27 5 25 35 17 17 18 17 17 13 32 14 15 13 33 12 27 14 27 14 7 23 39 31 14 32 12 30 14 40 17 33 36 33 17 16 17 31 18 7 26 21 13 16 18 24 
22 24 19 33 19 33 8 28 12 16 15 12 15 20 25 31 26 27 17 23 17 21 22 21 36 13 38 21 17 29 26 35 20 22 21 24 43 8 26 30 22 20 32 23 15 31 12 17 21 21 23 21 20 19 30 15 18 49 28 22 31 21 22 19 31 19 25 18 18 27 44 18 24 31 14 17 26 38 10 28 9 40 24 20 37 36 26 25 10 13 14 26 7 17 18 16 25 21 19 41 
22 22 15 35 23 19 21 18 18 9 18 11 24 18 29 23 23 31 19 29 16 17 14 20 42 18 28 18 24 26 22 27 15 20 27 16 15 21 21 20 17 12 8 19 24 19 13 30 24 16 33 29 15 13 19 15 12 28 23 16 31 7 16 19 52 26 26 24 35 18 21 32 20 16 20 11 32 18 16 20 15 37 26 30 17 20 28 23 25 15 20 20 19 18 27 18 24 23 17 22 
41 26 18 27 18 21 13 18 15 14 13 24 25 23 20 38 20 37 23 30 26 18 21 15 17 18 36 20 19 40 24 31 18 21 25 22 30 16 20 31 24 20 32 36 29 31 15 32 16 32 20 35 30 22 23 21 19 14 38 33 29 9 22 14 39 16 23 16 25 26 32 20 32 16 20 20 25 30 10 24 13 17 31 28 10 21 18 31 14 26 17 19 35 17 28 19 25 30 20 21 
17 24 13 26 18 13 16 16 21 17 32 17 21 23 9 24 28 28 12 31 13 19 33 27 42 19 24 29 18 19 30 43 18 37 19 26 28 17 32 31 28 18 19 31 25 21 23 43 17 28 28 22 22 19 26 15 27 34 23 21 33 11 14 18 21 15 11 21 38 16 27 17 26 17 21 18 27 22 18 25 14 21 31 25 24 50 28 22 20 13 21 27 26 13 23 12 29 12 14 47 
25 6 13 27 7 33 16 33 10 19 17 20 19 5 13 22 28 25 22 26 19 21 24 16 29 14 38 15 23 33 35 26 14 14 43 31 24 15 15 22 25 10 24 32 20 29 12 35 20 14 23 30 15 17 22 25 20 27 20 26 26 26 14 10 22 11 19 13 31 26 23 20 8 30 23 15 36 33 19 40 22 23 14 7 19 31 25 31 17 16 23 18 21 20 24 25 21 21 18 28 
22 23 16 23 23 11 13 24 17 8 27 32 17 16 22 20 28 29 15 21 26 20 17 7 36 9 38 18 26 46 17 24 24 16 31 26 17 17 19 16 49 22 22 25 5 26 13 22 20 29 21 38 17 11 28 12 27 22 22 26 19 16 17 11 29 29 30 30 30 31 25 13 15 30 8 24 35 46 17 38 20 27 29 31 13 29 43 42 29 15 28 30 12 11 44 17 18 17 27 31 
27 34 14 49 25 36 15 24 25 14 31 23 28 14 29 33 33 29 12 30 18 25 11 22 25 10 27 6 14 35 11 35 24 25 32 28 25 22 28 23 29 17 24 35 18 24 13 23 16 30 20 33 19 16 30 20 21 47 25 29 26 19 18 14 27 29 13 21 36 27 14 36 36 12 16 15 14 32 20 21 12 22 30 34 27 32 23 18 19 17 17 24 23 9 20 17 13 28 28 27 
12 10 19 32 22 31 19 22 12 23 29 20 19 15 21 33 23 41 10 38 11 20 28 13 33 23 27 21 20 17 45 36 18 24 17 35 13 20 23 13 31 22 26 26 36 27 13 34 17 23 27 26 35 11 18 15 20 24 21 22 36 23 22 12 29 18 23 24 37 13 24 20 27 32 9 20 23 38 11 30 9 32 23 35 24 24 27 33 16 10 25 16 22 27 47 26 19 30 28 30 
32 27 16 29 25 29 17 14 12 15 18 21 20 19 14 23 32 14 18 37 12 17 20 17 28 17 23 13 17 41 13 22 8 30 19 39 28 14 16 12 40 23 21 20 23 22 15 26 11 29 12 17 28 16 18 20 29 50 15 32 27 27 16 15 22 25 25 17 35 15 27 28 23 23 19 30 39 29 15 41 17 23 44 36 25 44 32 35 30 15 19 30 25 20 37 32 13 22 23 22 
31 23 13 37 12 16 12 22 22 16 24 13 33 13 22 22 31 22 20 24 17 13 13 12 41 11 23 17 25 27 38 39 17 23 21 28 14 21 22 21 32 32 40 30 18 16 17 30 19 16 25 22 27 11 26 18 20 34 24 26 32 12 20 20 22 15 22 9 29 22 27 25 15 34 17 7 36 26 11 26 11 23 25 19 23 26 43 15 26 15 21 19 15 15 41 22 16 27 14 32 
26 30 11 27 17 32 8 17 21 11 26 28 27 12 21 21 30 35 17 27 12 11 25 17 26 13 40 15 10 12 29 33 13 15 24 27 32 13 25 27 22 23 21 19 25 34 10 37 15 24 32 25 24 28 18 19 15 16 21 26 25 24 18 15 36 10 19 19 39 17 42 31 31 26 14 12 16 28 16 25 9 25 27 30 21 24 11 28 14 8 13 8 13 15 43 24 17 14 21 27 
40 45 16 37 17 33 11 27 16 17 28 22 12 15 22 24 37 37 20 46 18 19 24 17 40 10 32 20 9 31 24 28 25 26 41 38 26 14 23 14 10 14 21 27 24 26 14 40 13 21 28 49 22 25 34 23 15 27 20 21 20 16 23 15 33 26 27 17 37 15 26 26 23 26 18 28 25 35 14 25 9 27 40 34 23 46 44 27 18 17 13 19 21 15 46 16 24 28 22 20 
10 37 25 34 21 39 14 22 26 18 15 23 27 17 19 28 25 31 10 37 18 14 14 22 25 16 24 26 33 27 32 27 25 29 23 31 24 18 21 12 28 18 34 34 31 17 7 32 24 15 27 5 24 14 25 20 26 9 23 21 23 11 15 14 41 30 11 24 23 24 17 33 26 28 19 24 23 18 19 36 19 45 33 31 12 40 38 28 19 15 22 21 24 23 32 24 20 20 8 26 
29 33 11 22 20 24 18 18 12 17 34 35 11 15 15 31 34 55 11 29 14 28 24 26 35 18 25 19 18 38 29 33 19 16 30 20 20 11 21 14 16 17 24 20 18 31 18 20 20 16 18 46 31 11 16 25 22 36 22 29 19 22 14 18 28 24 16 16 14 8 33 25 37 37 9 32 25 19 23 29 20 29 23 34 24 24 38 18 25 10 13 15 26 18 26 30 8 20 19 38 
34 33 18 36 22 39 14 14 22 10 25 31 30 16 22 24 20 31 17 14 13 15 13 19 16 19 21 17 22 32 23 35 15 39 42 21 12 14 20 28 37 13 25 25 25 14 19 23 17 30 11 39 40 19 18 15 13 36 15 17 9 24 9 15 29 34 22 21 17 27 14 10 21 33 16 12 29 22 14 19 12 20 27 13 14 29 45 24 17 11 19 13 18 10 34 17 15 20 11 21 
30 15 10 24 19 30 16 22 15 10 17 25 25 19 27 17 9 7 13 29 6 19 24 16 31 24 28 11 14 11 37 34 19 24 37 23 23 7 24 22 29 13 36 11 15 32 15 35 18 20 20 15 25 16 20 18 21 26 24 25 21 21 12 19 27 17 24 13 41 24 18 38 17 23 11 9 31 33 14 16 18 31 27 31 12 40 40 27 24 19 29 28 29 17 36 15 8 26 25 31 
20 41 18 28 20 25 12 21 9 12 27 29 34 18 15 35 16 42 18 19 16 16 19 21 13 22 30 17 14 20 16 26 22 38 27 28 22 27 24 28 40 23 30 27 18 23 14 22 11 24 34 38 38 21 30 18 29 31 22 22 35 12 15 17 33 28 21 22 30 29 19 14 17 31 20 16 23 24 13 30 11 12 32 23 24 43 29 30 18 19 13 10 13 15 23 23 22 19 27 33 
35 38 21 22 17 23 13 20 29 19 19 25 27 16 17 30 9 13 20 41 17 10 23 13 19 6 29 15 13 17 28 23 12 25 19 33 12 16 27 27 18 27 20 33 18 29 12 37 13 30 23 16 24 15 19 12 26 22 25 28 24 14 19 11 31 24 27 30 30 28 36 28 27 27 16 16 12 20 16 11 15 25 19 23 28 24 34 33 12 16 25 27 15 23 32 21 15 34 12 30 
43 28 16 23 21 31 12 26 18 21 38 33 18 23 31 16 25 31 14 15 16 16 14 13 18 21 29 21 18 16 42 26 11 38 26 22 36 16 11 27 41 28 34 24 25 26 11 12 19 37 22 37 42 18 36 23 22 31 34 23 19 16 19 14 27 15 36 17 31 16 31 22 31 13 10 15 13 24 15 26 18 31 30 40 23 25 34 36 7 11 13 23 14 21 37 13 12 16 26 31 
37 30 25 40 27 32 11 22 22 11 22 21 20 17 18 16 33 38 12 39 22 15 35 28 41 14 20 17 23 35 34 34 19 38 28 19 17 20 34 27 27 8 28 31 28 23 12 31 23 26 13 33 17 15 29 11 11 28 16 26 27 21 12 13 28 27 19 15 40 20 23 39 35 24 14 14 27 46 10 22 17 28 40 20 36 44 36 14 17 12 16 23 25 26 39 22 8 20 26 14 
34 20 14 25 23 41 14 26 22 7 26 20 14 22 24 25 24 38 14 30 23 17 24 22 23 13 23 19 19 44 33 27 21 25 28 31 23 18 19 22 23 15 49 39 14 29 17 32 17 25 20 28 48 14 31 22 23 35 31 20 19 11 19 17 30 29 24 23 23 22 15 37 29 26 23 19 33 24 17 42 22 34 31 20 21 30 39 25 8 21 27 23 32 10 17 26 18 26 14 27 
27 20 12 39 12 20 9 28 12 15 19 25 19 21 27 25 25 26 17 20 20 19 29 23 17 15 7 24 20 24 18 26 19 23 22 28 40 12 20 11 34 30 38 12 23 22 14 20 8 26 38 29 17 18 14 10 19 24 19 26 29 15 21 18 8 18 27 31 31 20 27 22 29 18 9 25 26 29 15 22 17 16 22 23 19 34 12 24 19 18 27 25 8 21 24 27 20 15 18 32 
28 51 23 31 17 20 14 27 22 16 28 23 33 20 25 11 35 32 15 38 12 22 36 25 31 11 35 15 24 28 21 38 19 33 28 23 25 19 17 18 36 26 37 16 21 21 14 35 16 13 15 36 22 16 34 16 32 15 35 22 29 23 28 13 29 18 24 22 12 33 24 30 25 23 20 5 30 28 19 19 19 30 25 26 25 8 28 25 30 19 20 28 20 24 5 16 23 19 26 29 
34 37 9 28 15 35 15 18 17 15 36 16 22 19 11 28 20 8 13 22 12 17 31 21 26 13 20 31 15 12 30 19 18 35 30 29 32 15 25 29 34 14 32 25 29 19 12 33 20 25 12 27 37 23 31 23 19 33 26 22 18 26 18 14 24 28 15 15 21 18 26 28 22 33 7 8 41 15 5 27 8 32 17 32 11 41 36 36 11 9 24 29 20 30 33 18 23 19 11 36 
15 41 22 18 24 32 13 15 16 17 26 31 31 15 15 45 23 38 16 24 11 23 26 24 41 18 28 21 19 29 15 37 20 26 39 30 8 11 13 14 30 24 29 26 19 9 15 18 9 11 19 28 26 12 16 20 22 52 12 22 29 16 13 24 10 23 10 22 32 21 28 12 20 34 16 14 35 35 11 35 7 39 15 40 26 26 14 27 19 16 24 30 23 24 37 24 23 13 18 36 
24 36 18 31 14 25 13 27 17 20 20 20 22 19 25 21 20 33 23 34 19 19 35 19 33 12 9 12 23 26 19 18 20 36 39 25 26 21 15 12 27 22 26 20 14 31 15 34 10 25 15 29 35 13 26 23 13 20 18 16 26 21 17 17 13 13 26 10 15 27 26 36 24 33 20 21 21 41 14 23 18 28 25 38 16 27 29 35 13 16 20 28 19 11 38 22 23 17 11 24 
18 25 20 24 18 37 19 22 14 8 10 20 20 14 14 15 33 31 13 26 15 12 28 13 36 16 14 17 21 33 25 37 21 27 25 25 22 15 22 23 36 17 30 34 13 24 17 46 18 19 24 27 33 11 25 8 9 19 25 17 34 18 12 17 20 24 31 23 17 14 28 21 25 20 15 22 38 21 12 28 15 27 30 18 33 24 22 33 24 17 16 27 27 23 37 20 24 15 22 16 
42 36 10 22 22 19 18 19 23 11 22 16 25 22 10 28 22 38 14 12 18 16 30 9 14 15 34 19 13 26 26 14 29 32 42 20 20 15 23 11 41 22 26 13 26 31 13 35 17 16 25 28 37 11 27 15 13 32 27 19 40 21 22 13 28 20 28 27 49 19 35 24 34 37 13 10 29 31 18 23 11 24 28 42 22 37 25 38 16 10 24 22 23 12 31 15 29 27 32 25 
21 27 13 29 17 18 20 19 15 11 22 28 20 17 19 12 38 28 14 28 10 18 23 18 20 16 27 24 19 27 38 22 21 36 21 23 34 12 30 11 18 16 31 18 15 31 18 25 22 31 28 23 34 14 26 19 12 19 16 12 28 14 20 11 33 22 16 19 35 24 22 25 27 27 11 22 16 23 19 26 21 21 31 28 21 38 29 18 18 18 13 20 23 21 36 22 25 28 25 24 
32 24 13 15 24 30 6 20 22 21 23 11 41 19 21 23 36 13 11 35 20 16 9 18 44 20 14 23 19 24 29 19 16 30 34 36 32 9 35 21 28 14 17 23 9 30 15 8 14 23 20 41 36 13 21 17 14 39 18 23 22 22 13 16 29 32 25 29 18 24 29 31 35 24 15 23 28 29 16 47 20 21 13 23 14 38 40 23 19 15 18 24 17 18 28 22 21 19 27 15 
31 9 20 21 12 26 17 23 20 11 25 21 9 16 29 32 20 38 16 23 18 22 28 8 31 19 36 29 17 27 21 26 18 29 30 18 10 15 27 20 30 19 21 21 14 27 19 30 11 23 12 35 23 15 25 10 25 20 9 19 24 31 17 11 20 22 23 23 22 22 28 27 21 22 23 17 31 22 15 29 25 28 24 27 10 31 29 27 11 13 23 20 22 10 27 10 20 22 26 31 
39 42 17 27 19 34 10 21 21 18 31 19 28 15 22 28 16 44 15 39 14 24 10 16 30 13 23 25 25 16 36 39 15 35 28 21 21 12 29 17 24 21 40 16 27 25 16 29 19 13 31 25 42 29 13 22 20 31 31 21 20 19 23 15 20 27 24 18 21 24 25 21 23 19 18 17 41 33 16 32 12 29 22 31 27 20 20 17 19 18 18 20 29 18 30 14 23 24 24 20 
29 35 15 26 20 35 17 22 20 16 31 18 23 24 23 35 14 14 21 16 16 24 30 18 27 10 12 23 16 24 33 50 22 25 11 34 27 16 36 14 22 30 34 27 28 29 14 20 17 24 5 17 25 20 21 29 26 33 27 19 30 22 20 19 21 16 23 12 26 25 21 22 31 30 17 14 31 39 11 26 9 27 21 33 21 23 14 24 17 17 22 21 10 14 24 29 17 16 25 19 
29 38 14 36 25 22 15 21 8 6 27 10 35 28 20 35 36 33 12 46 12 19 25 14 37 15 41 19 14 29 21 26 20 25 25 24 33 18 17 12 21 15 25 32 28 9 16 29 25 33 21 27 23 19 24 24 24 18 24 21 27 25 20 15 19 30 22 21 21 19 36 25 16 20 13 15 35 44 16 30 16 36 26 35 27 35 27 19 12 19 20 16 31 20 35 23 20 26 27 32 
29 38 20 16 2 22 18 27 28 13 21 20 23 20 25 31 25 20 25 28 21 15 18 20 27 12 31 20 23 34 21 20 16 22 24 33 39 22 20 19 31 22 40 25 9 22 12 31 21 30 20 29 36 17 30 25 20 21 37 32 26 17 19 17 23 13 27 23 36 14 39 17 22 34 15 19 29 30 13 33 15 38 34 31 23 25 30 34 25 12 12 27 16 18 15 26 15 28 25 35 
38 40 15 19 20 17 11 22 16 16 30 10 17 20 33 23 29 34 19 25 21 17 17 19 24 19 51 17 18 33 31 37 19 33 22 35 30 15 20 17 46 12 21 37 21 25 20 33 18 22 41 36 24 18 22 12 17 26 29 21 10 17 19 15 35 31 24 24 38 20 17 30 31 27 16 8 26 29 15 35 12 26 17 32 30 20 29 33 22 14 19 19 25 22 40 14 19 26 20 27 
21 33 19 29 12 27 10 21 15 9 24 12 24 18 9 27 27 22 5 32 14 21 23 14 27 17 36 18 21 20 12 27 23 20 30 24 39 22 20 16 34 14 21 20 24 22 8 22 23 40 22 32 22 19 21 15 16 29 20 32 29 17 20 13 28 26 25 16 30 23 29 28 22 20 13 14 24 29 14 27 18 35 26 30 28 39 31 32 20 7 16 28 26 23 35 20 21 24 20 14 
26 32 8 35 22 30 19 14 11 10 28 17 24 16 19 29 26 32 13 28 20 11 26 15 31 17 20 10 22 26 35 31 22 37 37 28 23 18 26 31 36 16 30 27 27 40 14 18 15 11 30 32 19 14 29 21 23 34 20 27 24 6 10 16 24 8 22 25 24 11 24 20 34 19 16 14 32 40 8 28 16 15 28 23 25 34 45 28 17 20 17 26 16 25 23 26 27 10 15 25 
37 39 11 32 17 23 10 15 14 9 45 15 12 21 11 11 26 6 18 20 14 24 25 19 43 13 33 19 16 19 18 26 23 22 32 21 29 15 24 21 21 17 18 29 22 34 20 41 16 18 21 34 36 16 26 13 18 26 15 21 22 12 16 16 16 20 27 19 19 16 30 26 17 27 12 20 20 25 12 39 18 41 21 31 11 12 22 30 15 23 11 29 18 24 16 18 18 34 13 23 
19 27 26 29 16 36 17 21 7 21 31 23 32 16 31 28 25 29 11 17 11 22 13 20 42 11 37 12 11 23 40 42 13 17 14 19 15 10 29 10 46 30 34 21 25 11 21 28 16 17 33 26 41 8 19 18 28 28 15 28 22 16 10 15 33 25 23 19 37 24 43 18 25 12 11 25 18 38 9 33 18 30 35 42 24 31 53 24 22 17 21 21 25 19 29 17 15 20 25 29 
27 31 17 28 17 21 16 15 12 18 26 11 22 21 22 34 24 34 15 28 21 22 25 16 29 10 36 18 27 20 28 21 23 26 41 30 17 16 25 19 28 11 42 14 31 28 18 26 12 25 30 40 40 18 26 19 22 13 31 13 29 16 20 11 23 29 30 24 39 25 17 39 36 28 18 23 27 31 4 27 18 33 27 25 16 35 27 29 14 25 16 32 18 14 27 7 16 24 3 17 
26 30 17 28 18 27 16 24 11 12 20 18 8 20 20 21 21 27 11 24 17 18 21 19 32 19 29 23 21 20 26 34 16 23 30 26 20 17 18 24 37 20 16 33 33 19 19 16 12 30 18 35 30 17 16 20 13 36 16 32 29 33 29 14 26 24 30 17 17 22 27 33 38 27 19 13 17 23 18 28 13 20 20 17 23 45 37 16 13 9 15 25 19 19 14 21 20 33 23 28 
26 44 14 22 24 39 10 18 12 12 24 27 37 17 21 30 22 28 17 22 20 17 26 19 14 25 39 14 11 24 24 26 21 31 33 31 26 11 32 13 20 13 30 22 25 23 13 33 14 17 26 33 37 18 28 22 16 20 23 27 31 17 17 19 30 28 11 24 36 20 21 28 27 30 9 18 22 29 14 28 16 21 15 24 17 25 12 29 15 11 23 24 16 18 15 16 13 16 20 16 
32 39 14 27 33 21 14 19 13 19 16 21 18 20 14 26 17 51 19 23 17 26 14 20 26 15 32 18 28 23 34 19 23 35 16 27 25 15 27 16 35 20 40 29 19 28 20 30 19 28 17 15 32 18 28 6 12 33 18 21 21 19 24 20 25 24 23 32 19 24 24 25 13 24 8 13 22 25 17 32 25 37 25 21 15 19 31 25 20 17 20 27 31 11 30 26 18 25 22 12 
1 35 16 12 18 29 17 24 23 22 10 22 35 19 17 15 21 20 14 31 13 19 25 20 27 17 31 18 23 20 11 35 13 6 21 15 24 8 19 11 35 20 28 22 28 30 19 41 10 38 22 18 11 13 20 22 16 19 18 16 23 17 13 17 32 20 14 24 26 29 18 31 34 21 22 14 41 28 11 12 14 35 20 27 28 44 40 29 14 10 22 26 25 20 29 28 19 23 27 30 
31 32 20 28 19 35 21 24 9 11 30 32 35 14 24 15 28 31 16 36 13 20 22 20 20 20 31 16 2 21 25 30 17 24 24 18 25 17 23 21 40 12 23 26 14 29 16 21 17 33 20 26 31 21 23 14 22 39 25 35 19 20 10 20 31 27 27 28 26 27 27 30 17 25 18 16 17 35 16 27 17 35 25 25 17 31 42 26 18 18 15 21 21 20 30 22 13 31 28 30 
34 20 10 37 21 24 13 30 13 9 22 14 37 12 24 33 31 31 20 20 19 25 24 22 30 15 33 15 29 37 36 25 33 26 25 24 19 16 18 21 34 19 31 28 14 14 13 25 19 23 29 35 30 14 23 15 22 25 26 16 32 17 12 11 34 20 26 28 34 23 25 31 28 16 8 16 10 43 12 31 19 13 35 32 16 31 36 35 14 18 21 16 32 17 29 27 21 27 26 22 
26 30 21 19 24 15 15 25 28 11 22 28 12 16 21 21 39 25 18 36 16 14 20 24 23 20 41 20 15 25 27 33 25 32 25 19 21 19 16 20 31 15 19 32 19 25 18 28 17 36 29 35 25 15 28 23 20 17 21 36 21 20 2 16 38 22 21 26 32 13 26 25 35 23 20 13 18 28 11 39 11 32 23 40 21 42 24 19 14 16 20 27 21 20 22 20 22 23 22 26 
21 41 14 34 21 22 21 20 18 9 29 21 17 26 23 18 22 33 14 44 14 18 27 16 37 14 7 11 23 27 25 18 17 20 14 33 31 18 14 10 29 15 24 25 27 26 9 29 22 28 12 34 31 13 25 22 21 17 20 15 20 12 13 13 34 16 10 20 25 21 16 34 32 16 15 18 24 20 22 28 8 21 32 29 31 30 29 27 14 17 8 33 20 18 23 24 16 27 12 26 
28 25 15 35 18 16 13 26 22 16 18 14 41 17 25 23 33 44 14 38 22 15 24 10 37 18 34 17 23 24 40 26 23 27 33 38 42 13 35 17 47 21 31 30 19 21 14 37 15 31 25 35 17 16 24 19 16 45 28 26 17 10 16 17 31 27 13 21 20 20 27 40 19 24 11 14 34 33 11 36 16 34 19 32 19 30 34 22 27 20 21 21 21 18 28 22 18 19 10 35 
25 37 18 31 11 43 21 26 17 18 28 13 21 19 29 32 31 24 7 33 14 15 25 15 26 13 24 19 13 35 33 20 18 15 27 25 34 18 26 20 27 11 27 20 31 36 24 26 21 23 17 29 30 12 21 19 16 32 16 19 37 21 10 17 39 24 31 22 25 30 24 22 31 31 11 8 25 13 21 22 16 17 22 30 35 26 19 32 28 13 19 18 10 24 29 14 13 19 32 32 
38 47 18 19 11 35 13 27 20 13 29 6 36 18 18 26 14 18 19 20 17 21 21 15 27 20 19 22 11 17 28 28 19 22 26 27 19 12 22 12 15 16 31 17 20 12 8 29 22 22 25 27 30 6 14 22 25 37 16 27 17 23 16 19 31 22 30 23 22 27 20 25 36 21 8 17 20 36 17 22 19 23 20 32 21 45 37 32 19 16 19 20 24 21 41 25 24 20 20 15 
26 41 18 31 6 16 19 24 13 19 30 24 35 16 34 24 17 35 14 20 14 19 24 22 42 15 25 18 30 24 30 32 24 15 26 21 22 22 13 14 28 17 33 26 15 30 9 25 17 30 32 37 39 11 31 14 12 26 16 25 22 22 17 15 31 40 27 14 32 18 35 31 29 36 19 22 33 25 17 34 13 23 32 13 19 31 60 34 23 16 12 23 31 16 22 13 17 24 26 30 
31 27 19 29 13 27 15 18 15 8 18 26 18 20 13 29 29 39 11 22 19 19 17 21 30 17 20 11 3 14 23 42 16 18 23 17 22 14 9 27 36 28 26 37 30 25 8 28 25 22 23 29 18 12 23 24 13 45 14 31 38 18 19 10 31 33 31 29 21 21 32 26 18 22 18 11 28 22 9 28 17 41 46 41 28 26 27 30 12 19 12 14 11 16 47 28 22 19 12 24 
26 34 25 24 25 37 20 29 14 13 26 22 34 23 18 10 34 20 20 25 21 21 27 26 35 17 29 11 21 36 29 31 21 36 15 28 25 15 22 25 23 5 27 25 25 22 19 21 11 30 28 34 39 22 29 25 25 24 4 36 29 10 15 11 21 26 15 27 31 18 23 7 29 17 12 20 38 23 14 26 11 28 19 24 23 26 11 38 19 20 21 21 15 12 45 26 15 12 19 34 
36 12 22 41 13 46 17 22 18 22 26 15 21 13 20 24 14 26 13 26 18 22 26 18 24 18 37 14 13 22 39 33 23 17 24 17 28 17 33 14 30 15 40 29 33 35 21 24 21 30 25 35 25 16 22 5 23 34 22 29 26 17 21 12 37 16 29 22 21 21 20 30 25 7 13 11 28 29 13 17 18 17 20 34 37 28 39 41 9 11 23 16 32 19 18 12 20 22 14 30 
32 40 14 22 26 19 12 31 19 19 29 21 31 18 11 31 28 37 25 42 17 15 28 20 38 12 36 16 21 13 44 31 29 25 20 23 27 17 26 20 41 22 22 12 11 29 13 28 25 31 27 11 37 11 22 27 14 22 19 16 34 9 18 10 19 15 32 18 22 16 36 42 12 32 13 22 29 30 21 23 18 12 25 38 24 26 23 38 16 10 19 26 23 13 17 12 16 27 25 28 
20 22 16 31 12 36 11 20 5 13 35 2 27 16 13 7 15 38 17 34 19 27 25 19 40 25 23 25 26 42 25 27 23 33 33 18 40 17 18 22 42 16 31 18 14 30 16 28 26 16 17 21 23 19 25 22 20 34 17 27 26 15 21 13 23 17 13 24 39 20 21 25 30 30 14 21 28 19 13 29 25 29 10 24 22 41 25 34 10 21 16 27 28 7 8 23 16 17 29 33 
33 26 19 17 11 21 15 21 15 10 24 16 28 17 23 16 30 34 16 42 13 19 12 21 41 17 39 12 28 35 41 21 13 32 14 29 30 9 18 13 33 28 28 17 16 38 12 53 25 13 33 40 33 16 21 20 15 24 19 19 23 13 24 13 29 26 22 19 11 30 32 30 20 14 23 5 34 46 20 43 18 16 16 8 10 19 23 21 20 12 19 22 25 11 27 16 29 29 18 30 
28 45 13 32 18 35 23 25 9 19 30 19 37 24 15 34 20 36 21 33 22 7 27 22 20 8 28 20 18 24 29 24 21 33 32 29 26 15 11 15 28 19 43 30 14 33 16 39 20 30 22 6 23 21 15 21 17 31 32 16 32 30 16 23 23 15 15 30 28 33 23 34 23 31 13 12 24 30 8 27 15 28 24 30 32 27 21 33 15 17 21 31 13 19 26 21 12 29 23 27 
28 38 17 26 18 35 15 6 17 19 35 25 34 25 20 29 30 34 19 34 14 17 27 18 50 21 24 16 20 35 21 30 19 37 35 16 36 11 26 20 27 13 14 13 23 29 7 24 14 34 15 24 36 13 11 21 17 18 23 28 39 21 23 14 16 43 18 34 42 20 22 23 21 26 14 23 31 9 11 26 11 24 23 36 16 17 34 16 16 9 22 29 16 14 42 19 17 33 26 18 
38 36 17 19 15 34 12 14 14 11 26 18 35 21 9 22 28 21 8 23 14 27 30 12 37 17 20 18 23 33 32 14 14 30 23 29 25 23 31 31 26 16 28 29 29 28 11 25 14 18 27 26 27 17 19 12 16 38 29 29 35 12 11 17 29 33 23 31 22 18 15 24 33 24 11 10 37 36 11 31 20 22 24 33 35 15 27 26 19 10 27 28 20 12 30 19 18 29 25 26 
34 48 15 35 16 32 11 17 12 15 25 18 33 20 26 24 29 40 11 26 15 18 30 24 50 19 26 22 26 28 32 17 22 31 36 21 37 10 17 26 35 19 11 21 21 33 12 37 23 26 20 25 44 17 19 14 21 23 27 38 19 19 21 10 33 26 5 22 27 23 29 24 35 33 16 15 15 29 16 35 14 26 34 40 22 30 28 18 24 18 16 12 39 14 22 20 13 27 21 22 
21 46 23 34 14 29 22 29 17 5 33 27 23 14 24 27 43 47 17 29 19 20 21 19 27 17 22 24 13 25 27 21 19 26 29 30 20 5 21 24 43 21 34 25 11 37 14 18 9 22 25 24 30 16 33 24 19 31 21 25 33 25 22 18 15 32 26 15 31 10 34 20 18 17 10 19 24 31 15 22 19 29 17 31 27 35 25 19 21 11 20 14 23 16 40 22 21 20 23 27 
29 16 16 38 15 19 10 23 18 17 34 15 23 18 15 25 20 28 17 15 15 20 21 9 27 17 37 21 13 19 27 43 18 27 29 19 9 19 27 14 23 18 28 24 14 26 21 22 13 23 38 32 26 21 31 17 15 55 9 29 5 17 15 15 43 31 33 18 26 21 18 20 14 43 25 16 30 9 13 30 19 12 29 24 31 28 33 29 20 11 15 12 18 12 47 16 16 18 20 31 
39 22 9 35 21 34 17 30 17 16 23 19 26 22 24 17 28 23 12 34 20 20 28 18 37 10 15 14 30 36 21 10 13 24 24 28 17 15 29 23 43 35 30 25 29 24 18 27 22 35 13 19 21 18 22 14 24 34 28 35 25 24 11 11 21 17 18 20 24 23 26 16 28 25 17 15 36 42 20 39 13 35 24 23 25 9 10 25 18 15 10 26 32 21 24 18 13 24 26 30 
12 16 10 23 11 24 12 16 16 11 20 4 29 16 25 26 27 15 16 18 15 22 21 26 29 19 47 16 22 26 26 26 27 40 28 18 27 17 24 25 34 12 20 24 19 24 17 44 19 19 22 46 16 15 30 14 21 48 24 21 34 29 22 24 29 18 20 22 21 22 22 39 20 26 16 9 29 48 9 17 15 19 19 32 10 30 21 17 18 17 17 25 18 15 19 17 16 15 25 24 
38 29 18 38 18 41 16 20 15 17 27 26 28 10 15 34 31 43 17 17 10 5 12 23 20 16 20 14 17 30 23 40 25 14 33 23 27 9 28 16 41 15 41 10 14 27 16 54 13 21 27 28 24 19 25 20 23 22 22 20 25 17 20 20 29 21 31 13 28 16 29 24 17 10 17 23 30 25 19 21 21 36 24 24 25 37 47 39 25 25 25 16 24 12 21 15 25 18 17 17 
25 29 19 21 28 22 15 22 13 14 33 31 36 22 22 26 18 25 13 30 11 20 21 22 32 10 29 18 22 26 21 32 27 20 31 28 27 12 35 28 31 17 29 25 18 24 10 30 26 35 23 32 12 17 32 15 17 25 23 23 30 19 25 22 13 34 22 25 41 16 34 23 28 26 12 18 32 19 14 28 17 29 41 24 21 34 27 36 12 12 22 21 12 17 31 18 23 26 26 37 
29 23 11 29 17 30 12 16 17 17 17 20 30 20 24 29 21 21 21 31 14 21 34 12 28 15 27 25 28 35 13 22 11 33 14 28 16 8 23 11 28 19 42 20 18 19 20 22 20 26 29 34 38 21 35 16 15 37 19 18 30 25 20 23 33 27 30 18 24 10 31 27 11 20 14 12 29 33 7 21 19 26 37 17 13 34 31 13 19 18 22 27 27 17 26 13 7 19 17 18 
28 35 16 28 26 27 15 25 13 18 23 15 20 23 21 25 25 22 7 21 13 24 34 16 31 17 23 8 22 24 15 29 20 28 31 30 38 16 17 7 37 15 36 24 14 12 20 44 6 31 25 35 38 15 17 19 17 36 33 25 25 23 5 11 9 33 12 17 40 31 29 20 23 21 14 11 11 37 17 13 8 20 30 43 17 33 29 30 25 18 17 20 24 21 26 16 16 15 20 37 
22 15 12 4 18 17 19 20 16 11 33 27 28 16 23 16 20 24 20 25 11 23 20 21 14 15 26 24 17 28 19 37 15 23 15 24 7 10 18 13 17 32 26 25 16 28 17 31 20 29 23 40 24 17 25 27 18 47 19 19 10 10 14 12 18 16 10 18 8 32 18 25 27 30 20 20 26 21 12 40 16 38 34 32 22 53 29 25 22 14 12 18 33 19 34 20 6 14 26 37 
16 12 9 30 26 16 7 14 13 15 32 23 17 19 31 25 21 24 18 25 19 15 22 11 34 21 31 17 14 30 37 25 17 26 27 20 23 11 22 4 18 31 24 30 16 30 19 39 17 25 25 30 29 24 24 19 18 18 23 32 28 19 15 14 24 25 20 27 22 23 31 23 25 15 9 17 21 34 13 23 9 26 21 47 6 19 33 28 19 16 25 31 27 19 37 25 13 31 18 20 
28 34 21 23 23 45 17 25 18 10 28 22 25 19 13 20 24 33 12 15 18 19 30 26 25 21 26 19 8 41 48 26 22 40 14 32 21 20 37 19 32 14 35 27 20 21 17 29 12 18 26 33 36 19 23 16 13 26 26 30 34 23 17 18 37 11 21 19 29 16 30 31 17 32 18 24 34 30 15 22 11 4 30 24 12 46 19 21 25 12 10 26 27 19 21 21 21 20 25 21 
37 6 13 31 16 34 14 17 10 20 35 19 25 24 15 27 38 31 20 30 15 24 17 21 23 18 36 19 29 36 23 29 27 30 30 35 42 13 28 17 24 17 47 18 24 23 14 32 9 33 25 26 30 18 26 14 20 32 27 27 27 16 11 11 7 30 24 18 19 22 39 15 20 11 11 12 38 21 12 25 12 6 29 15 30 41 40 20 22 10 23 20 26 27 36 19 20 12 16 9 
42 32 19 30 11 26 15 27 20 10 33 25 29 12 22 14 17 31 12 32 22 16 29 16 24 22 35 18 24 9 20 40 22 34 17 32 36 13 24 35 41 19 18 26 27 21 18 38 12 23 25 31 37 22 23 21 12 35 21 22 28 17 8 20 29 32 20 20 21 24 21 12 28 34 13 19 23 27 10 43 18 28 30 30 18 29 41 31 20 9 17 27 17 9 34 21 13 32 26 22 
23 40 12 21 10 23 12 26 15 13 20 20 31 19 25 28 30 48 23 31 18 20 30 22 32 11 13 15 15 33 21 28 15 41 19 24 13 15 36 23 23 17 34 30 13 33 16 27 20 14 18 21 22 15 28 17 21 15 16 30 21 22 14 11 25 25 25 12 25 7 25 28 24 32 12 13 22 33 7 35 23 35 20 16 16 32 63 31 26 17 19 27 27 21 27 18 21 33 22 36 
21 14 14 33 22 43 16 25 24 27 24 22 25 12 23 34 12 33 19 33 18 20 18 11 8 13 33 19 18 30 20 29 6 20 28 25 15 8 20 19 25 21 13 22 22 26 12 3 20 20 25 30 28 13 14 28 23 26 14 26 29 21 21 14 23 47 25 14 34 12 23 12 15 24 10 14 12 32 10 31 24 12 26 29 15 52 38 35 16 11 22 18 20 21 33 11 18 21 22 35 
20 29 18 29 14 35 19 15 16 14 13 9 31 8 17 30 24 30 20 34 20 23 20 23 30 10 24 15 12 37 33 47 14 33 34 28 24 10 31 22 44 13 26 52 18 22 18 39 15 32 29 39 31 17 30 19 25 32 19 22 22 14 8 18 27 23 29 13 32 23 33 23 24 25 17 14 21 19 13 39 10 31 24 15 24 33 14 34 18 17 16 23 25 20 37 11 23 21 13 31 
17 11 14 16 18 15 8 28 18 15 31 22 30 19 14 16 18 17 25 27 16 13 13 20 32 23 37 23 19 27 25 10 19 33 25 33 35 12 22 10 30 20 32 33 25 14 14 21 18 18 25 33 25 16 30 21 17 9 15 36 11 15 17 11 34 14 27 29 33 18 19 38 30 19 12 20 34 24 13 31 19 27 26 15 19 28 23 34 12 17 21 18 22 17 22 23 18 23 16 24 
23 32 14 33 23 28 13 30 9 10 18 15 22 10 27 26 37 36 14 36 21 28 24 22 46 17 46 22 22 37 32 16 20 27 15 26 17 15 27 11 34 22 40 20 12 15 19 44 21 29 31 47 36 15 23 19 21 6 31 29 28 20 24 18 27 25 27 26 39 24 31 30 29 25 14 20 34 26 19 27 15 10 35 20 31 15 31 38 12 16 27 19 20 11 17 21 16 24 19 23 
28 29 16 35 17 19 22 34 26 22 18 32 24 21 35 14 14 21 15 42 18 23 16 16 26 16 27 27 16 31 30 33 17 34 28 25 25 10 33 15 12 15 28 30 13 20 15 24 13 33 18 29 25 11 23 14 24 29 31 24 24 17 14 17 28 33 21 18 27 15 31 27 25 26 15 10 44 30 19 27 15 11 19 17 29 22 35 31 14 19 11 12 22 21 33 18 10 32 25 25 
36 44 21 32 16 25 16 19 17 16 29 11 18 19 22 33 26 30 11 30 8 17 23 18 19 13 42 23 23 32 35 28 5 27 27 12 32 9 24 29 27 24 25 28 22 24 14 30 22 32 29 45 36 19 19 20 24 21 22 17 14 21 17 19 22 19 19 25 31 17 25 28 45 23 18 8 18 35 12 41 19 37 32 18 27 32 40 16 17 21 19 17 19 16 27 14 22 17 15 37 
11 24 14 19 11 29 18 13 24 15 26 14 31 20 31 33 35 31 17 21 14 19 26 19 50 15 27 22 24 31 45 29 18 35 22 23 22 13 21 22 33 21 30 18 13 25 28 36 21 31 28 25 37 14 16 18 19 37 30 31 28 23 13 10 21 13 18 24 18 27 22 26 32 26 14 23 38 15 15 42 21 21 29 32 24 39 19 32 13 13 22 28 21 16 37 15 20 27 19 22 
21 27 12 29 23 32 12 23 8 13 21 24 24 25 24 22 24 27 17 22 10 15 24 24 40 19 22 14 14 28 31 26 23 35 39 11 30 22 35 22 12 16 38 14 21 30 22 17 14 36 31 25 45 11 16 7 28 34 16 31 33 18 23 17 31 26 21 10 35 21 25 18 28 16 14 13 32 15 22 31 16 37 19 32 18 36 38 23 22 17 19 30 22 20 34 26 23 21 18 23 
28 46 18 23 17 34 11 11 18 16 13 27 22 26 20 24 28 24 15 19 25 25 22 20 29 11 20 24 10 29 25 20 17 30 16 23 23 16 19 34 22 18 22 21 24 37 16 28 18 22 30 31 22 16 21 15 25 39 31 28 22 15 10 19 32 23 15 20 39 17 20 40 35 24 23 17 28 19 15 39 18 32 11 17 21 38 15 22 12 17 13 38 23 18 31 22 20 21 22 32 
30 31 16 26 13 19 13 27 10 20 22 11 26 14 25 26 24 27 22 12 15 20 18 24 22 16 33 18 17 25 26 44 16 31 12 32 38 15 25 21 28 22 31 38 26 16 13 22 26 23 23 32 32 17 23 20 21 28 23 31 28 19 22 17 20 23 27 8 30 18 19 25 12 15 13 13 21 24 15 34 9 30 15 23 29 22 38 26 20 10 25 28 27 18 26 21 26 22 11 26 
39 20 22 23 10 28 16 16 6 18 29 15 33 14 37 28 24 36 21 40 17 22 15 14 37 20 16 19 24 31 16 42 18 17 30 26 26 15 18 24 28 23 40 20 16 29 18 41 14 30 30 34 20 18 30 26 25 27 22 23 17 14 16 20 23 39 17 12 46 27 18 20 22 31 16 24 37 31 17 13 7 25 25 25 17 37 18 29 15 12 21 22 23 20 22 21 19 27 17 24 
36 42 13 25 23 29 12 20 8 26 29 19 29 19 15 24 34 44 17 45 22 14 16 19 30 16 20 19 20 24 26 29 20 30 14 31 16 15 31 10 30 7 33 27 19 13 20 24 27 31 29 26 18 16 21 21 12 31 16 23 28 9 16 21 24 22 30 20 35 22 16 27 32 17 10 10 39 25 15 23 14 26 23 30 16 26 32 22 18 14 20 27 21 17 21 11 18 16 14 30 
31 38 13 27 22 31 16 22 10 23 39 32 27 15 19 26 27 26 18 34 15 25 17 14 38 13 36 17 18 19 13 31 14 26 9 33 24 13 20 25 37 28 37 22 12 22 17 35 12 34 20 29 35 15 30 25 20 32 29 19 27 11 8 12 32 24 24 22 34 28 29 17 10 18 17 14 11 21 16 29 21 39 28 28 21 31 31 29 31 19 10 17 7 15 35 16 10 22 14 26 
20 32 11 28 17 45 13 22 21 11 36 17 29 18 20 29 29 33 15 27 14 19 18 18 23 15 33 29 33 20 24 27 18 16 18 33 26 5 28 25 7 16 30 36 19 26 19 19 22 9 26 25 29 14 19 16 33 37 21 29 24 28 17 16 27 20 22 18 37 19 24 23 15 21 15 12 26 16 13 22 19 28 24 25 20 26 12 28 21 14 17 25 12 15 35 18 18 19 15 23 
24 27 15 33 25 8 17 24 16 15 30 12 29 11 30 24 23 34 18 29 18 17 35 18 20 14 26 20 23 30 29 28 15 28 41 23 39 5 24 14 12 29 30 25 23 26 18 24 13 27 27 16 31 13 29 20 22 29 21 28 25 20 18 19 25 22 30 8 28 7 19 25 31 27 9 16 41 29 22 35 15 29 18 43 21 25 34 33 18 20 31 21 31 21 30 14 25 24 20 29 
38 33 13 18 15 30 19 19 15 16 33 16 31 18 20 26 24 25 19 20 9 19 15 18 33 14 42 21 33 26 21 31 24 45 39 31 16 16 27 17 30 19 28 24 17 15 25 23 23 20 25 15 30 15 17 26 19 41 24 20 30 25 14 16 10 20 29 11 27 15 26 30 28 22 15 22 43 19 16 32 13 33 25 24 27 38 12 24 7 14 13 24 20 22 38 25 17 22 26 37 
35 27 20 22 27 24 18 21 15 7 41 30 12 18 23 14 31 59 16 34 16 14 19 14 35 15 31 25 22 21 33 25 17 30 29 14 32 9 19 20 33 13 24 16 13 35 12 21 18 40 37 33 34 13 30 22 25 35 23 22 18 16 18 15 38 25 20 24 29 19 26 38 20 12 11 21 27 32 14 29 22 30 14 27 32 25 18 25 16 17 13 31 18 9 47 29 9 20 21 16 
20 16 7 14 24 34 12 29 19 18 27 18 14 18 12 8 28 25 16 34 15 11 32 14 18 14 16 12 17 37 47 21 23 27 26 27 26 17 22 23 27 23 39 29 17 34 11 25 23 27 19 21 40 14 28 19 14 28 21 25 26 19 23 15 34 16 22 25 32 12 17 29 26 30 13 21 33 30 11 25 14 19 39 24 31 36 41 26 14 17 25 28 18 18 24 6 24 17 26 30 
27 45 19 17 14 33 11 33 11 19 28 11 20 15 23 10 36 25 11 24 20 26 20 20 36 11 37 16 19 38 22 33 15 30 35 38 22 15 25 27 38 27 28 24 10 15 16 21 23 25 26 18 31 14 27 17 28 35 18 13 38 16 20 11 17 19 33 15 31 22 12 12 30 18 22 26 31 43 15 19 17 17 21 22 24 38 26 23 15 14 23 17 20 15 35 19 17 16 21 37 
32 28 10 21 19 47 14 22 22 19 24 28 25 12 18 36 26 38 20 30 18 30 16 15 31 15 37 20 17 20 27 30 25 24 24 29 29 20 11 20 21 20 28 17 18 19 9 31 21 32 24 16 25 17 28 16 15 40 12 19 18 12 14 14 21 14 33 15 27 23 36 38 25 32 10 23 16 23 15 20 10 45 15 15 24 16 40 30 19 16 28 33 26 23 21 12 14 29 13 19 
25 20 17 29 24 28 7 26 15 13 34 25 38 19 18 15 29 34 20 41 15 16 23 13 17 13 27 20 28 25 36 41 20 23 17 30 23 12 32 23 22 20 38 15 22 25 17 22 16 33 36 31 31 16 16 23 19 36 23 25 38 12 13 19 16 17 14 30 33 14 15 35 23 30 13 7 38 30 13 24 26 27 23 16 23 31 30 26 21 17 11 27 25 17 27 34 14 21 13 29 
40 38 17 30 20 22 13 5 19 11 32 28 30 17 15 17 20 44 17 28 10 20 24 15 34 18 50 19 25 24 32 33 26 27 17 29 19 17 17 18 23 22 42 18 17 24 16 35 8 36 25 19 35 23 20 19 28 23 24 29 25 14 22 10 22 14 25 23 29 29 26 37 21 26 11 23 36 29 13 27 12 19 31 26 25 36 25 38 21 21 16 19 23 16 25 18 17 13 15 18 
31 34 16 39 16 27 14 14 20 25 33 18 22 21 27 19 28 19 19 17 18 23 24 18 27 18 51 21 11 32 22 34 13 27 27 37 16 18 15 26 34 17 30 23 24 21 11 34 27 18 13 22 33 15 20 18 26 21 25 18 11 20 14 24 32 24 23 29 21 16 45 26 15 21 16 12 32 23 9 14 13 29 27 27 22 23 40 23 15 9 20 30 32 11 26 23 24 22 26 34 
25 34 25 35 18 33 13 19 14 7 10 13 30 24 32 18 45 29 13 25 14 15 12 19 21 16 31 14 23 22 19 31 25 26 16 33 36 24 20 16 32 21 22 35 23 21 20 19 21 40 21 44 29 10 21 12 11 33 28 30 28 20 22 18 25 21 27 11 30 22 30 20 24 26 15 25 26 38 17 26 5 30 25 32 21 30 41 29 21 11 14 23 21 19 32 22 16 16 26 14 
38 21 14 20 23 30 14 12 20 19 42 18 23 9 18 16 21 37 13 29 17 15 20 21 13 21 16 21 19 33 27 32 14 27 35 19 34 17 16 24 18 20 30 23 17 29 19 25 21 28 21 32 37 11 41 11 21 31 27 33 29 15 25 17 31 32 21 10 33 31 18 18 30 23 17 8 28 14 13 34 20 32 35 44 19 28 28 32 14 25 22 22 23 14 50 27 18 21 31 28 
25 19 23 13 11 32 12 29 14 23 26 11 26 11 22 30 23 12 12 29 23 14 14 26 28 12 20 5 9 14 40 23 12 21 32 32 24 16 16 17 27 23 26 19 27 28 8 31 22 24 27 59 26 14 30 5 17 37 28 28 32 9 9 20 18 25 21 28 36 26 25 26 25 15 19 12 23 35 17 9 21 21 21 27 18 14 43 30 15 16 22 27 23 14 36 22 19 21 25 21 
27 25 18 25 5 28 20 25 22 17 30 22 25 22 25 26 25 45 16 36 14 23 18 24 35 11 43 15 29 34 29 30 15 33 37 30 18 17 19 20 44 23 30 27 20 24 17 31 17 33 23 27 36 13 34 17 20 30 33 18 10 13 23 21 36 18 22 8 30 19 35 22 6 32 18 18 34 35 14 28 20 33 32 28 19 36 39 34 14 8 22 23 24 30 39 8 18 27 21 39 
37 35 22 20 11 41 20 33 14 20 13 17 26 21 18 20 31 28 20 42 18 24 28 26 43 19 37 14 25 36 23 25 18 29 22 25 18 13 27 13 38 24 35 24 22 18 21 19 18 20 19 25 44 14 21 14 22 24 20 22 18 19 14 16 29 23 21 23 26 23 33 18 17 10 21 15 36 33 13 20 18 31 20 23 22 40 41 23 22 17 18 27 18 13 41 25 18 27 31 25 
46 28 11 23 14 19 10 20 12 17 17 21 21 18 30 37 31 20 18 35 16 16 27 20 22 17 35 12 25 13 31 28 14 24 19 26 22 15 23 18 39 6 37 28 19 25 13 25 10 17 29 35 22 13 34 9 24 29 18 34 27 21 18 15 20 21 31 24 37 22 20 34 31 17 8 24 29 24 14 22 12 24 30 18 19 41 25 42 10 17 10 18 16 12 32 29 15 31 34 23 
24 28 11 16 16 28 11 27 23 20 32 23 16 22 17 19 26 22 12 22 20 17 35 15 18 26 26 26 21 19 36 24 24 49 37 30 40 9 23 17 17 20 25 27 16 23 16 31 20 31 28 26 35 13 19 9 24 12 27 25 26 10 18 7 18 23 25 21 29 18 23 35 25 23 18 18 27 24 16 30 22 24 24 27 19 38 28 31 25 18 26 20 21 19 20 10 26 22 21 30 
31 33 17 21 12 23 12 24 14 19 33 22 25 22 29 29 25 14 19 33 19 14 23 21 25 13 39 17 19 34 49 28 26 21 20 38 37 16 21 13 39 14 33 32 25 32 18 46 22 17 29 20 24 15 21 19 11 42 24 29 30 15 20 18 43 18 16 33 31 25 29 12 30 24 21 19 28 30 24 25 14 19 25 35 29 36 23 31 26 16 24 29 22 14 48 18 10 16 21 21 
35 30 15 28 15 27 17 25 14 19 33 30 22 18 24 13 24 27 15 34 16 24 28 18 40 15 42 5 16 21 32 21 18 24 28 16 30 6 24 21 25 11 35 22 20 27 13 37 20 20 28 32 37 17 22 24 14 31 7 29 30 14 18 18 21 27 19 14 32 20 36 25 25 27 6 24 14 21 14 25 19 12 42 29 17 23 17 22 15 16 16 25 20 22 19 16 16 22 30 20 
31 28 13 34 19 24 14 16 3 15 21 29 29 14 35 26 25 48 18 39 16 24 22 17 38 15 34 23 16 14 35 29 22 25 28 24 32 9 27 21 24 30 28 18 16 25 17 30 20 33 13 24 22 22 31 17 19 40 24 24 23 24 19 22 37 5 34 19 21 19 19 24 32 31 15 15 25 29 22 33 13 41 26 34 17 47 43 31 22 18 12 16 12 17 35 21 25 27 22 21 
32 30 19 24 26 43 14 11 14 16 44 18 16 20 18 22 25 37 16 22 17 24 29 14 24 22 29 9 33 26 28 42 15 25 33 37 23 14 18 26 33 4 39 17 10 14 16 29 18 8 22 36 25 18 9 18 21 31 20 18 25 11 18 16 16 23 33 28 32 25 19 24 27 28 9 20 28 28 15 36 16 32 26 27 17 26 40 23 13 22 17 32 40 19 41 15 26 23 25 16 
24 36 21 17 18 29 16 21 16 15 34 17 12 17 17 32 21 47 15 28 22 24 18 32 45 19 13 27 8 29 31 21 19 41 26 25 24 16 24 22 25 29 33 39 26 23 13 23 20 20 19 42 37 23 16 17 15 40 12 27 20 13 15 18 29 17 27 16 30 26 24 18 29 26 9 17 29 28 14 23 11 35 24 12 14 38 33 26 12 10 24 30 16 12 29 14 14 17 18 18 
16 45 22 25 9 32 12 27 17 18 31 29 28 15 15 30 12 26 17 32 16 24 29 22 24 16 13 15 11 25 21 32 18 10 29 25 23 16 25 14 36 32 27 19 14 30 23 16 15 20 22 38 34 13 23 20 19 22 21 21 25 23 16 22 18 28 25 21 21 18 29 36 30 27 15 20 44 39 15 34 12 36 18 31 23 25 29 24 27 20 24 20 18 17 24 23 23 19 26 37 
19 41 25 26 17 29 20 17 11 23 22 22 9 19 22 21 30 47 12 35 15 17 32 11 14 19 32 18 23 31 35 21 20 30 30 30 5 9 27 24 26 5 35 32 33 29 27 22 9 28 23 35 39 16 20 18 24 34 24 23 26 15 12 15 20 24 20 29 22 28 20 34 30 24 17 20 38 44 19 15 21 30 25 17 19 23 32 28 12 19 18 24 19 20 38 25 19 27 18 27 
37 29 10 26 19 26 23 18 26 18 27 12 31 21 29 23 23 30 15 25 20 7 17 20 34 18 16 13 25 39 31 22 18 21 23 35 29 11 19 10 39 24 19 27 26 28 18 36 21 13 22 27 32 15 11 23 19 30 19 19 10 14 23 23 15 25 38 11 24 17 19 32 29 20 10 15 26 25 20 34 21 15 29 13 29 37 36 33 11 19 23 27 22 13 27 14 20 23 20 12 
15 30 10 23 16 34 12 24 22 11 18 10 29 21 12 20 23 39 13 30 13 23 20 17 22 14 25 18 19 31 26 33 14 33 28 35 17 3 29 18 32 17 36 36 26 26 12 33 33 20 19 26 29 20 20 12 23 7 29 31 17 17 18 16 31 19 35 30 22 23 36 18 28 30 8 13 33 23 12 18 15 20 19 27 35 41 40 32 19 16 25 26 24 13 25 19 13 10 29 27 
44 38 15 21 17 35 21 7 19 15 24 18 24 16 21 15 31 24 15 33 17 14 16 20 11 12 26 17 35 20 39 37 21 37 32 17 28 10 19 30 37 19 48 28 15 30 15 34 16 31 23 18 35 14 27 23 32 25 26 30 26 17 9 16 31 17 21 30 27 27 23 35 27 14 15 21 17 33 15 32 25 21 25 26 15 45 35 31 15 13 16 30 17 11 24 18 17 18 12 37 
21 22 23 17 16 24 10 22 18 18 29 26 28 25 19 9 28 35 16 21 16 15 22 15 29 18 25 17 15 42 31 20 25 16 28 25 29 8 15 25 31 8 30 15 24 25 18 27 21 28 11 28 15 17 23 13 8 33 25 26 27 18 19 13 29 26 29 20 25 20 26 16 13 20 10 18 32 23 19 15 17 23 19 34 18 26 32 22 25 11 24 27 19 17 32 21 19 16 18 35 
35 25 19 20 16 33 12 6 12 21 17 16 45 24 18 27 25 27 8 26 8 6 30 24 28 21 25 18 16 30 45 20 19 25 42 25 21 21 21 21 26 14 23 18 12 26 20 28 14 22 28 32 45 15 34 15 24 37 26 25 25 16 18 15 24 22 28 15 17 22 31 20 30 29 20 13 30 44 14 20 13 9 22 26 18 13 28 15 24 11 26 23 34 23 32 24 23 28 18 22 
43 43 16 28 23 35 11 13 12 15 9 15 27 17 23 34 24 20 23 31 11 22 17 23 19 15 39 11 27 26 43 26 17 20 29 26 31 19 24 17 18 24 28 29 21 20 20 26 21 35 12 32 23 19 25 22 17 31 24 18 30 19 17 17 23 21 25 31 35 25 21 36 20 25 20 18 34 26 14 33 14 26 21 26 15 19 40 16 20 11 20 24 21 11 32 15 21 19 16 29 
36 39 15 30 25 24 24 31 20 10 38 13 24 20 28 21 25 16 14 30 18 14 18 16 55 16 24 12 18 31 37 24 20 23 19 19 27 14 24 23 32 24 29 30 23 22 13 26 24 36 14 31 30 12 32 9 21 27 13 23 16 18 15 24 36 30 8 26 42 33 13 31 26 32 15 18 17 28 12 16 21 27 22 17 22 35 42 35 15 11 16 30 30 15 21 25 20 25 22 29 
11 23 14 26 16 33 17 18 25 16 15 26 24 22 15 20 30 27 11 36 15 19 17 19 43 20 35 12 17 34 37 43 17 28 16 34 16 18 26 24 25 20 41 33 19 27 23 39 18 25 32 42 27 13 22 23 18 24 16 19 33 18 15 10 26 17 30 26 20 21 30 33 30 21 11 11 32 21 10 27 22 32 31 22 21 23 18 20 27 12 19 27 26 23 29 24 7 26 8 20 
27 14 18 28 18 26 24 22 12 14 40 20 24 11 12 22 33 36 15 34 17 21 23 21 31 20 27 21 20 14 36 34 14 30 32 29 28 17 13 9 30 22 28 32 21 33 19 34 25 35 20 41 37 21 30 25 25 34 24 26 34 12 16 17 25 23 30 27 47 34 26 33 26 28 20 11 29 35 10 48 20 23 25 33 28 32 36 32 27 14 23 23 25 26 33 8 12 27 36 26 
41 32 16 34 17 13 14 24 19 11 19 21 17 18 26 18 25 43 10 34 9 21 19 19 25 19 36 19 27 20 23 40 31 30 39 25 15 14 21 18 32 28 30 16 24 22 18 29 20 24 21 23 39 9 21 15 24 34 18 10 23 28 12 19 20 18 22 15 36 22 38 18 17 12 21 10 35 31 20 31 20 31 25 30 15 26 25 23 26 18 15 19 16 12 35 22 25 26 23 23 
36 33 13 25 19 23 16 26 14 14 28 18 30 17 33 29 32 33 18 12 17 25 17 29 17 26 31 15 21 27 15 14 20 22 26 23 27 23 23 16 38 24 43 34 13 27 19 31 15 25 26 41 30 12 31 27 21 13 27 22 31 19 19 16 20 25 18 19 25 26 16 20 26 18 20 9 35 24 20 26 21 23 36 23 17 41 12 29 20 9 23 19 17 21 35 16 8 27 20 32 
31 47 23 22 19 35 13 20 14 17 29 21 30 15 32 21 44 32 12 21 15 17 34 11 27 15 27 19 22 23 11 19 25 21 33 29 14 18 17 21 35 10 16 28 11 12 17 25 15 19 26 36 31 21 29 24 21 31 10 18 21 25 12 11 26 10 25 23 21 22 37 26 16 21 11 11 19 47 17 17 16 44 25 15 26 23 44 30 15 18 13 23 31 15 35 18 35 18 14 23 
22 24 17 29 17 34 12 14 26 19 33 19 22 15 23 39 33 40 12 47 17 21 16 20 29 14 38 22 22 22 16 23 26 21 23 16 24 17 27 15 32 22 33 17 25 32 19 23 12 29 28 40 31 19 33 26 15 33 17 18 32 27 15 10 30 27 30 18 16 30 26 19 29 26 14 15 20 39 15 28 11 18 36 28 16 23 37 34 18 10 17 25 14 17 35 22 21 21 27 26 
22 49 19 21 21 34 14 14 19 13 24 23 28 14 21 32 26 36 11 20 17 16 23 10 13 15 29 12 15 21 29 47 17 25 29 14 28 16 33 14 30 21 32 27 26 27 17 26 5 27 17 32 25 16 22 16 16 48 21 29 24 11 21 17 31 27 35 32 31 20 34 26 26 33 12 19 23 29 13 21 17 32 30 29 23 9 39 30 15 16 16 24 29 24 36 8 17 33 21 23 
26 30 14 25 16 48 14 23 18 20 29 24 43 11 11 40 27 32 22 25 17 26 18 20 36 19 37 17 15 34 23 22 25 22 27 29 26 3 27 9 26 20 31 33 20 32 16 38 21 23 24 21 22 15 27 25 29 20 10 19 35 16 21 9 23 29 32 32 33 27 41 26 18 20 15 23 13 34 18 33 17 19 14 38 12 34 31 32 19 10 27 23 12 19 40 17 21 26 30 30 
20 25 11 39 3 36 12 22 15 14 21 27 35 24 25 23 26 38 15 25 16 11 22 18 28 20 36 12 14 31 46 16 14 21 18 23 22 6 22 16 38 23 22 24 31 23 10 36 25 25 29 31 32 13 20 9 23 29 17 24 5 11 19 15 32 26 25 17 30 34 9 24 15 20 11 17 38 38 16 31 19 39 22 42 16 17 34 23 21 18 16 13 22 22 28 22 12 20 12 10 
24 16 21 28 19 35 11 27 20 8 37 24 31 17 29 32 23 31 9 22 10 21 28 22 31 22 22 20 16 32 30 22 16 36 14 46 21 12 16 31 35 20 25 17 11 39 17 46 5 24 30 29 37 14 16 17 17 7 23 14 13 23 10 14 33 21 18 21 42 20 34 21 26 31 14 15 29 42 14 30 11 30 28 37 24 23 49 31 10 11 14 28 11 16 21 20 21 23 20 34 
35 23 17 35 20 30 12 25 15 14 25 27 14 15 20 33 34 39 14 25 19 11 20 13 37 18 28 18 21 24 27 26 19 33 25 18 21 13 21 22 11 17 29 7 24 29 11 42 18 22 29 33 24 8 23 12 16 41 24 26 30 17 23 13 32 25 26 22 36 9 27 27 21 24 16 19 5 12 14 30 19 39 22 22 25 23 27 28 15 22 20 17 14 4 22 17 10 21 28 40 
38 46 19 29 15 35 7 24 20 17 25 25 34 15 15 31 24 17 21 26 12 14 29 24 32 21 38 18 15 26 20 20 20 23 32 19 35 11 18 18 31 22 38 18 3 30 16 39 19 24 12 47 22 19 15 16 17 28 26 23 23 15 11 21 27 15 17 15 30 24 17 26 25 15 12 20 30 22 11 27 15 17 30 34 12 28 33 27 23 16 19 15 22 19 33 27 19 31 18 26 
43 14 16 24 8 24 14 38 12 15 31 7 46 17 20 38 22 40 11 34 17 20 19 17 13 17 36 16 14 30 28 36 18 39 27 33 16 18 14 20 37 27 32 24 31 20 11 27 15 29 21 33 29 24 25 15 24 32 20 25 18 16 22 12 27 17 32 29 17 17 35 34 22 26 15 26 26 30 16 22 17 26 25 34 30 38 50 25 22 18 17 29 27 18 23 10 27 27 15 24 
20 28 11 20 21 31 23 18 25 14 24 9 34 19 19 17 21 41 15 37 16 19 23 20 36 24 35 19 16 28 35 24 18 24 14 22 16 11 18 23 19 21 39 25 27 22 13 27 21 29 28 40 35 10 27 15 24 33 27 18 31 15 23 15 26 40 23 25 17 16 17 25 23 23 16 17 24 14 13 18 14 16 29 30 22 26 37 25 19 16 30 26 32 16 39 23 13 31 18 29 
35 24 21 31 21 38 10 17 17 12 26 25 41 23 26 12 33 41 11 14 8 24 22 20 30 17 30 18 23 29 30 31 24 25 26 17 27 12 35 23 33 14 35 26 13 34 17 36 9 29 24 38 39 18 19 22 14 25 31 30 15 16 18 10 18 25 28 28 18 31 19 19 31 27 9 22 12 35 10 25 17 21 20 36 14 29 19 33 22 10 17 22 28 24 31 19 13 25 33 29 
40 22 11 14 11 29 8 16 17 12 18 16 28 18 17 37 22 25 14 18 21 13 24 23 36 15 39 27 20 32 16 48 15 20 30 23 27 18 29 14 35 13 30 20 31 28 24 37 22 23 15 37 40 16 14 23 10 28 23 25 24 21 16 18 39 14 11 16 34 27 32 32 22 22 13 24 28 27 21 22 4 18 23 26 16 24 19 32 11 21 12 24 20 14 27 29 21 27 28 28 
27 35 19 21 20 31 17 24 22 18 26 22 34 10 16 34 33 37 17 30 16 26 16 9 27 19 48 22 25 24 26 29 13 15 31 39 29 16 14 27 31 24 19 20 25 17 24 27 18 31 14 25 24 7 27 20 21 22 23 17 13 9 22 12 27 22 21 26 34 22 28 25 26 28 10 15 23 24 10 17 13 35 24 16 17 20 26 11 12 9 14 17 32 19 48 20 24 22 20 28 
38 32 13 33 19 20 15 19 23 10 30 18 22 14 15 31 33 30 15 40 16 15 34 18 33 12 34 23 11 39 32 20 18 28 19 20 23 19 31 6 22 20 27 20 6 33 19 34 6 36 23 15 20 12 18 12 15 25 21 32 22 14 11 15 36 28 23 24 32 31 38 39 15 34 16 20 25 42 16 29 14 23 31 25 24 29 39 14 18 15 23 22 24 13 22 13 23 26 31 19 
30 40 20 17 22 19 11 9 18 17 5 25 19 20 22 21 37 25 18 4 16 24 13 30 22 18 32 18 20 17 26 25 19 26 23 35 29 13 24 8 39 11 34 25 28 28 16 39 14 22 23 29 39 11 26 19 28 34 27 13 18 16 10 16 22 21 19 24 27 27 32 22 36 27 17 13 35 30 17 31 20 28 20 25 17 23 31 22 17 8 9 23 13 12 13 13 20 15 25 13 
39 32 23 47 28 28 7 27 17 13 20 13 27 22 12 15 32 30 20 17 12 18 22 20 33 16 40 19 10 24 37 18 14 30 22 40 25 14 28 17 31 16 23 24 19 32 10 22 23 33 26 28 10 16 31 23 16 22 26 20 22 18 28 24 35 11 22 13 34 22 29 42 22 22 15 10 26 31 20 35 23 25 12 24 10 29 39 32 20 16 23 37 16 22 39 22 24 19 20 22 
28 35 9 27 20 27 15 22 15 11 17 22 31 20 20 28 32 33 8 33 22 11 16 24 21 17 43 18 22 28 31 34 16 18 24 33 21 18 30 19 32 15 27 33 15 16 21 36 15 35 32 29 19 17 30 21 19 36 26 26 20 18 17 16 32 16 18 27 20 38 19 37 20 19 18 12 18 30 12 30 12 30 24 25 23 37 47 31 22 11 11 28 17 22 27 19 15 18 31 27 
26 23 18 31 18 9 18 19 24 13 23 24 17 19 16 30 23 9 15 32 18 16 39 23 63 14 29 15 23 25 36 30 11 38 20 29 34 11 27 17 43 14 28 31 27 25 17 26 24 32 24 33 24 16 19 13 14 37 29 29 19 15 13 11 32 31 34 17 49 18 18 26 23 22 16 9 35 35 15 38 13 22 32 22 21 31 21 39 22 17 8 12 26 14 30 26 13 20 22 18 
26 18 18 30 12 44 18 26 19 13 24 23 16 23 14 28 29 27 21 31 19 14 13 16 41 18 26 5 27 14 29 25 11 22 12 35 16 12 29 25 19 20 19 27 19 13 18 28 10 37 21 30 20 15 22 20 18 18 17 29 28 12 10 13 27 13 24 23 24 15 16 16 21 23 18 25 25 5 5 33 13 31 39 28 10 38 37 15 18 20 11 9 18 24 18 32 20 22 14 29 
27 24 15 21 21 32 12 21 18 19 29 40 25 18 23 30 25 29 23 32 20 25 30 25 21 15 32 21 13 37 25 27 14 30 24 26 27 16 14 5 29 23 28 24 19 32 19 29 15 12 26 19 23 26 13 15 22 27 15 29 24 18 21 14 24 21 29 21 37 32 23 28 25 22 15 18 34 16 15 34 10 7 35 15 14 21 20 27 18 13 24 34 23 14 12 21 20 21 18 25 
34 29 19 28 19 12 16 20 20 20 25 25 37 15 19 28 32 29 9 40 10 17 18 18 18 20 27 14 11 35 34 29 17 28 35 23 21 12 18 28 29 21 24 18 18 27 15 33 15 27 17 22 29 12 25 22 20 37 28 42 23 19 20 17 30 32 16 28 38 18 24 29 34 21 7 20 31 32 8 26 13 31 15 37 20 19 28 25 12 19 24 41 10 19 16 20 23 16 23 25 
17 32 25 32 18 23 13 15 20 16 28 28 16 18 23 28 24 16 11 38 19 15 19 17 16 24 38 23 21 24 38 35 24 34 33 21 27 17 27 15 29 32 33 24 26 23 20 15 19 22 25 27 29 7 25 22 19 24 24 25 22 17 15 13 46 29 30 25 20 22 25 38 26 17 10 13 23 26 14 20 14 28 24 28 22 25 33 8 14 11 23 19 25 13 27 15 22 19 23 30 
24 33 15 25 18 34 16 20 16 13 20 6 28 13 27 34 39 23 14 38 25 25 14 12 32 15 19 16 24 24 19 30 13 24 33 21 20 8 22 18 42 31 27 17 17 30 17 16 15 25 18 24 34 16 12 15 6 13 28 23 35 26 14 18 23 28 32 8 25 17 35 14 25 21 18 12 16 25 14 35 19 24 31 34 18 48 41 13 17 19 20 21 16 10 36 28 16 23 18 27 
21 34 16 28 9 32 21 25 13 9 17 14 25 19 25 19 38 10 11 43 18 24 19 23 31 10 36 12 25 28 34 33 16 36 29 29 24 15 36 25 35 14 38 15 19 29 21 33 12 28 36 39 42 21 19 15 12 45 20 42 26 15 15 18 24 28 7 24 32 16 27 27 29 20 17 14 25 49 17 33 19 24 14 20 13 30 22 21 19 21 16 19 16 10 31 32 6 18 22 18 
39 16 10 39 11 20 15 30 20 13 28 19 15 19 15 29 29 21 11 34 16 23 25 22 34 13 25 9 18 15 42 23 23 34 22 17 20 12 13 33 24 14 30 26 16 45 15 32 9 27 21 29 27 27 27 7 17 36 18 25 21 13 17 14 14 29 16 23 41 17 24 32 21 22 16 18 30 25 14 14 20 8 32 21 20 24 24 29 15 19 9 33 28 24 41 23 20 19 18 8 
17 33 12 14 17 35 12 22 13 30 32 13 18 19 25 28 20 38 9 42 13 20 34 26 23 15 21 20 17 21 18 28 19 28 25 21 27 18 22 18 32 14 34 19 26 17 14 31 11 25 30 42 21 14 22 17 20 22 25 29 30 11 13 20 25 27 13 22 12 19 20 43 28 19 20 21 31 15 15 32 20 34 40 14 25 29 20 42 15 17 17 21 21 22 26 14 16 12 17 20 
21 37 15 18 14 28 17 22 17 17 35 23 34 28 24 21 31 33 16 21 12 17 8 23 37 19 17 14 13 18 29 41 16 22 29 36 19 13 24 27 16 14 17 33 16 31 18 36 15 39 24 32 28 18 26 21 21 34 27 35 28 20 10 9 39 20 25 25 35 14 22 34 31 31 8 21 29 30 17 34 8 27 25 34 30 32 19 35 12 12 22 28 31 26 24 22 16 24 38 8 
30 32 2 23 8 33 11 26 15 16 41 12 29 24 27 22 22 46 16 36 16 13 18 17 24 8 24 15 23 21 15 29 12 29 38 24 19 16 25 23 38 21 25 9 31 31 18 17 17 28 22 27 24 12 25 15 19 19 26 41 28 11 17 10 15 18 29 22 22 26 20 38 28 50 12 11 27 41 6 22 15 17 31 18 19 40 15 20 10 20 19 14 23 18 34 15 17 32 16 16 
35 12 11 24 28 36 14 21 17 23 24 21 19 21 19 29 23 23 20 17 17 22 38 17 24 16 30 20 11 46 6 30 22 35 26 35 21 10 26 10 21 29 27 23 24 31 13 14 8 32 14 38 22 14 24 7 18 36 9 33 23 10 15 10 25 21 8 12 26 16 32 23 17 21 19 19 28 28 18 29 19 27 16 23 23 42 27 25 21 20 21 22 23 22 26 20 20 15 28 29 
27 34 17 20 20 35 6 14 16 15 19 22 24 13 17 24 20 31 16 25 10 15 30 15 33 6 30 17 19 21 25 41 21 21 17 23 30 16 22 20 42 24 30 22 29 22 23 28 7 15 19 17 24 17 20 26 27 20 21 28 36 19 20 17 38 34 24 8 40 19 25 37 21 21 15 14 35 23 18 33 15 26 37 33 20 36 35 34 20 14 15 23 13 20 22 21 24 19 23 28 
34 33 16 34 27 22 11 27 9 22 22 21 40 27 27 33 16 15 14 30 20 19 20 19 18 18 14 19 23 19 23 22 18 24 15 17 30 21 18 26 2 19 34 31 13 22 11 39 15 36 30 23 32 16 15 15 11 39 20 22 24 11 25 22 24 15 26 32 33 18 13 22 20 25 18 15 25 28 11 21 18 18 28 15 13 21 40 42 24 14 19 27 27 19 19 23 17 20 36 34 
36 45 16 29 17 23 18 20 12 18 31 23 22 14 28 19 34 42 10 32 19 21 14 12 22 10 24 22 20 23 28 23 18 21 23 24 23 10 25 23 37 20 31 23 22 25 12 38 24 28 21 17 22 17 21 16 21 37 16 21 29 21 18 26 26 21 27 22 16 18 28 31 24 18 14 13 37 32 11 13 19 41 34 23 33 34 28 20 15 12 20 18 20 6 27 24 21 16 31 40 
23 31 13 20 15 47 13 17 15 11 30 15 26 20 22 14 27 35 17 6 21 21 22 21 31 6 25 15 13 18 17 33 12 30 17 35 19 14 29 29 27 19 42 29 13 25 19 45 15 24 29 39 29 24 28 27 17 18 22 21 17 11 21 16 28 26 24 27 31 20 23 14 15 29 8 13 36 22 12 33 17 17 19 28 17 28 18 14 25 15 23 12 17 21 19 24 20 22 28 31 
54 39 18 23 12 25 10 20 18 15 23 30 24 19 28 13 36 19 14 34 12 23 29 16 25 15 41 20 14 32 36 35 25 21 30 20 23 15 21 17 22 24 36 29 25 24 19 43 28 12 26 23 19 26 21 15 23 19 21 28 28 22 15 15 31 29 29 26 29 27 8 29 29 22 16 21 23 27 17 14 16 34 25 9 29 33 50 28 20 21 6 23 28 21 34 21 16 27 11 37 
30 28 15 25 23 56 19 24 10 11 19 31 30 18 19 21 25 35 22 21 19 21 22 21 33 21 26 21 14 25 29 15 17 11 28 11 25 23 22 24 34 15 35 19 13 35 15 24 19 27 26 50 39 12 42 18 15 37 22 26 37 22 12 14 21 13 26 16 45 22 28 32 20 21 14 31 35 39 13 22 20 28 31 36 24 28 35 26 13 15 15 17 18 20 34 18 22 16 16 32 
50 21 11 32 24 31 19 18 15 25 34 19 20 29 24 28 36 15 17 20 15 12 20 13 36 14 29 18 19 29 13 31 23 51 41 26 29 15 23 13 35 37 28 41 28 32 16 21 22 28 26 33 38 15 27 16 23 21 24 21 25 15 16 22 13 26 18 12 41 25 24 29 27 22 11 17 33 28 14 36 20 19 18 24 19 29 26 33 14 12 8 29 10 17 41 15 8 12 18 42 
32 28 22 1 29 19 16 23 11 12 16 24 22 24 12 9 13 36 12 25 18 20 29 12 39 19 26 19 18 36 30 39 13 23 22 38 35 14 26 18 29 19 33 25 8 29 16 39 20 15 17 34 26 13 17 22 14 27 14 24 17 17 17 18 24 16 25 25 28 31 37 34 17 20 16 21 17 38 13 33 16 33 26 30 27 32 27 31 10 5 21 19 19 19 22 10 7 25 24 37 
19 32 17 19 27 36 18 29 23 17 26 22 25 24 14 27 32 20 16 27 13 18 30 21 25 16 30 13 17 27 26 25 17 31 21 29 32 13 29 20 35 17 40 19 26 28 15 48 19 14 26 34 20 17 26 28 21 22 20 24 21 14 24 22 19 23 25 26 23 15 24 41 20 24 11 19 20 34 8 25 9 13 29 25 21 21 50 27 15 14 12 24 11 16 16 23 19 28 17 13 
26 20 15 37 18 21 14 33 18 9 26 14 18 15 22 13 25 22 20 26 14 16 25 17 21 14 44 25 19 35 27 23 22 28 23 22 10 13 18 24 36 19 28 30 25 35 18 48 10 13 18 41 30 14 25 27 20 18 13 21 17 19 16 13 21 22 21 34 14 24 29 26 18 32 11 30 31 32 11 37 13 23 35 32 31 25 33 32 19 15 28 18 23 12 35 25 18 20 28 20 
38 41 16 26 22 19 15 27 16 11 32 22 34 20 27 31 19 24 15 20 11 10 24 17 14 16 30 12 26 36 26 26 22 29 23 24 19 18 30 23 29 25 27 31 28 41 17 22 21 23 22 31 34 19 18 16 23 37 23 34 27 19 24 18 19 25 30 17 21 22 21 21 17 36 13 19 25 39 14 17 17 14 21 29 18 41 48 21 10 14 9 21 4 14 19 21 18 20 33 41 
40 19 12 36 16 32 10 19 16 9 12 19 24 17 33 18 23 29 17 26 15 15 18 13 33 13 33 25 21 36 37 23 24 27 22 26 24 13 30 13 44 13 25 31 19 30 18 29 11 43 13 17 16 20 17 19 10 29 10 36 26 19 17 9 22 37 21 26 33 19 16 31 33 27 8 22 32 18 11 33 21 20 35 23 23 44 25 24 16 15 14 21 14 18 30 23 18 21 24 24 
33 34 15 30 16 32 11 11 17 18 21 22 27 19 24 25 19 29 10 28 19 13 12 22 32 14 14 19 22 27 33 19 21 47 22 20 26 13 24 19 12 25 21 14 19 26 21 35 13 29 17 41 32 22 20 14 19 22 27 19 26 22 19 14 25 26 24 19 16 22 20 28 26 24 13 21 36 41 17 25 17 24 24 26 25 28 23 28 15 23 18 20 29 18 26 12 20 24 21 24 
18 21 12 30 16 19 15 20 21 18 29 16 34 18 14 28 32 27 16 33 18 14 12 9 35 27 18 13 11 23 29 44 18 23 24 31 24 13 16 25 23 19 35 18 26 22 11 37 12 26 29 28 29 19 21 19 19 37 24 19 20 23 10 19 23 33 22 20 34 18 23 24 28 28 14 20 17 41 10 21 14 24 20 30 20 31 24 31 29 14 21 12 25 21 32 17 21 31 24 27 
33 37 20 24 16 30 22 14 9 13 16 12 33 14 20 17 26 36 11 39 16 11 25 8 37 17 43 16 16 31 35 35 28 27 23 29 22 17 29 16 37 8 37 25 23 21 6 41 22 27 25 16 25 22 22 17 20 44 26 30 28 15 11 14 28 27 19 23 44 18 22 26 26 36 13 22 26 27 14 24 17 20 18 34 26 33 31 35 13 9 30 23 17 22 27 23 29 11 26 17 
28 39 10 25 12 43 10 33 15 20 36 23 20 20 18 17 21 23 18 30 14 16 34 16 16 23 39 14 19 21 18 39 28 22 19 24 26 16 22 22 46 21 32 14 18 11 11 33 16 22 32 9 40 16 31 21 23 38 13 18 23 17 13 17 16 16 36 25 34 16 39 20 30 41 16 6 35 34 16 24 12 25 21 21 16 43 41 29 17 8 14 26 23 9 26 13 23 19 11 29 
29 18 15 34 20 29 10 20 14 17 27 23 25 20 20 16 19 29 14 22 21 23 27 13 44 19 20 14 23 36 23 31 16 20 30 36 24 13 23 42 12 17 29 34 20 34 11 39 19 28 32 32 29 14 20 21 10 33 16 30 16 13 16 13 29 31 21 15 21 29 22 17 21 34 18 21 35 32 18 19 13 43 13 21 32 32 16 35 7 10 27 26 23 29 15 28 13 23 31 38 
26 29 14 24 21 21 8 17 17 14 11 24 18 26 19 26 28 27 15 19 17 15 23 22 40 12 37 16 15 13 16 34 16 28 23 25 23 19 22 15 50 19 23 24 22 27 13 35 15 29 22 20 37 14 23 13 16 30 25 29 20 16 19 16 18 33 31 28 28 32 23 35 28 29 14 17 26 26 19 19 23 21 21 17 19 33 30 21 27 7 19 16 32 15 34 12 15 25 28 21 
31 33 12 17 16 13 14 26 25 12 30 16 22 22 26 11 39 29 21 33 20 13 21 19 25 18 27 25 15 40 39 26 25 16 28 17 23 8 23 17 31 26 25 26 31 25 16 26 12 38 14 44 37 14 20 22 22 15 31 10 14 14 20 16 36 18 30 31 16 13 21 31 15 23 21 17 16 16 19 26 11 33 36 25 13 48 40 21 18 12 31 28 21 12 38 20 19 20 24 30 
22 28 14 34 17 30 15 28 12 17 24 13 33 16 18 20 22 33 16 39 22 22 27 4 47 15 24 24 19 15 27 40 18 27 20 23 21 17 24 15 23 27 26 18 25 23 14 48 18 23 28 33 39 16 22 20 25 46 35 33 28 19 11 17 17 22 28 21 37 21 22 40 29 31 21 10 19 42 16 27 17 36 15 41 21 32 24 33 19 15 10 12 18 23 36 9 25 19 25 32 
42 32 23 24 15 24 15 20 12 19 28 29 20 23 31 39 30 26 16 37 11 26 31 24 37 21 27 17 19 37 30 32 19 20 32 30 23 17 23 19 26 19 27 21 23 27 5 5 25 26 18 33 35 16 23 6 22 25 21 28 34 21 19 11 43 28 33 28 22 22 12 32 36 24 7 23 14 28 19 23 21 34 32 39 23 42 30 33 29 13 21 20 21 23 20 29 17 22 34 26 
33 39 16 19 17 28 15 24 16 19 30 26 42 21 14 33 40 40 17 28 11 12 38 12 39 15 16 16 21 18 29 29 18 33 23 22 30 14 26 18 43 24 31 29 22 25 14 37 24 25 23 26 23 21 30 7 17 38 19 33 36 27 23 22 27 17 30 24 33 24 35 44 18 22 18 24 16 44 16 35 14 35 33 23 21 27 46 38 18 11 22 21 23 24 26 19 14 22 28 23 
31 18 14 22 20 33 16 11 13 15 35 17 25 18 16 29 36 21 17 31 13 20 25 16 26 19 29 28 21 33 14 17 26 27 35 37 23 15 13 10 27 22 29 26 16 20 9 35 19 34 32 40 33 13 18 19 20 15 23 26 18 16 22 23 27 18 14 23 23 17 38 28 43 15 9 12 45 20 19 25 19 21 21 19 26 38 33 36 20 20 21 19 20 15 20 11 26 26 26 10 
19 35 18 26 20 29 16 23 16 14 32 16 18 25 23 25 30 19 21 33 17 20 29 20 39 12 29 15 21 33 19 28 22 41 24 28 34 17 22 15 33 28 27 37 20 32 14 30 18 28 30 26 40 20 25 19 18 21 28 35 9 23 16 22 27 32 35 17 20 28 23 16 36 22 15 23 31 34 16 9 17 31 19 22 16 39 33 13 24 20 17 21 12 22 35 12 14 16 19 18 
36 42 11 24 11 40 11 27 21 15 28 16 41 15 19 14 21 31 15 37 16 22 18 17 30 21 32 26 21 18 32 37 18 37 33 28 20 12 12 13 35 30 22 21 23 19 16 23 19 33 33 46 17 13 25 14 19 14 18 41 25 21 17 15 15 22 13 20 34 27 28 28 34 19 9 16 26 33 24 40 24 29 17 32 19 45 15 31 17 16 13 25 14 25 48 23 14 30 21 24 
34 29 12 24 19 44 18 28 20 9 23 17 36 24 24 29 31 31 17 47 13 24 24 19 14 18 22 13 20 21 15 33 18 26 39 25 13 15 27 20 31 10 24 18 26 28 14 42 20 32 17 36 22 19 12 28 23 27 23 28 35 14 11 15 25 33 21 29 36 21 31 45 26 19 13 20 26 39 14 27 15 23 13 27 23 21 17 29 29 15 11 25 29 17 43 26 11 15 24 35 
29 41 10 30 21 24 12 17 19 17 32 27 30 14 11 24 24 60 15 41 17 19 21 17 38 19 38 22 13 27 24 33 20 24 14 37 19 19 30 11 40 20 28 20 31 24 24 13 21 30 24 35 24 18 28 9 19 27 26 18 17 17 21 17 31 25 24 20 23 17 25 18 12 43 13 23 26 35 8 24 17 33 30 34 17 30 34 17 20 13 15 26 28 20 35 30 9 30 18 22 
21 16 18 27 20 31 17 21 17 14 17 26 22 11 31 9 19 29 13 37 18 21 17 21 12 11 35 12 23 33 28 30 20 18 16 40 15 15 25 24 47 19 27 17 29 26 18 35 15 23 30 21 36 25 28 20 16 29 18 24 20 19 8 16 17 16 36 28 20 27 29 21 22 14 13 20 35 24 21 26 12 28 21 15 17 33 24 28 14 16 17 29 18 17 30 17 18 11 21 29 
37 29 27 25 25 39 23 13 9 1 41 23 38 18 18 29 18 31 9 32 15 24 20 27 26 21 21 27 18 34 23 37 17 33 27 30 30 10 24 23 32 13 39 21 15 33 10 19 15 19 20 31 25 13 18 13 23 42 25 22 25 23 20 23 27 20 24 26 14 16 24 22 23 27 13 13 24 32 16 33 16 37 21 20 30 43 31 45 16 6 19 34 13 10 21 34 15 20 13 38 
37 30 19 24 22 37 19 18 14 14 21 13 26 27 24 27 30 30 13 28 20 17 24 12 37 15 21 21 20 31 29 33 15 23 36 24 33 19 20 26 34 21 32 32 35 29 17 29 14 40 18 32 21 15 17 22 23 36 37 20 32 13 16 8 29 22 10 20 34 22 23 14 20 37 6 17 37 48 17 29 13 29 32 19 13 26 38 23 19 12 32 14 22 14 14 29 17 20 31 36 
19 45 18 26 21 30 10 25 18 9 23 14 28 20 21 25 20 9 19 39 11 33 18 26 27 13 40 24 6 17 34 27 33 24 21 22 35 16 22 22 21 20 29 22 26 21 16 24 28 28 26 43 35 17 16 14 25 17 24 27 24 23 18 19 26 24 25 27 28 29 26 18 35 30 17 16 17 29 17 21 24 30 35 31 21 12 31 35 22 10 14 26 31 20 40 22 15 29 16 35 
38 20 18 39 17 28 21 29 8 12 21 26 25 12 15 12 19 44 12 37 14 16 22 15 20 18 26 12 19 29 30 21 21 30 24 25 19 13 30 10 22 19 27 20 17 13 15 28 16 24 13 38 35 19 21 26 22 40 18 24 20 11 22 14 30 16 24 15 45 28 23 18 42 12 21 19 30 28 18 26 15 42 32 29 31 36 28 22 20 21 8 28 22 9 40 24 13 15 27 46 
36 15 15 9 21 19 17 17 17 23 35 17 26 18 16 24 22 35 13 29 14 25 29 17 42 10 28 16 23 32 33 38 24 28 42 34 25 20 16 18 26 15 33 31 22 16 13 34 15 35 19 37 20 18 30 13 15 14 29 28 14 10 19 14 20 20 30 20 16 8 17 34 26 16 11 11 26 41 8 12 18 25 18 18 28 26 23 33 11 16 26 22 23 22 22 23 18 21 22 31 
27 34 7 40 20 23 14 25 32 13 13 28 37 18 34 19 34 49 15 23 8 20 23 17 31 12 39 18 25 29 14 13 23 20 20 10 26 17 27 15 40 29 18 18 25 36 19 29 15 19 27 21 37 17 20 15 15 10 21 19 37 16 24 13 17 29 34 30 27 26 21 15 18 33 24 23 9 41 16 21 20 12 26 24 27 32 33 19 19 19 24 36 29 20 30 30 18 26 25 24 
21 32 12 28 19 10 15 24 16 17 26 26 23 19 9 22 24 44 12 43 24 7 33 21 41 19 31 13 22 42 32 26 21 29 35 30 20 21 13 22 37 19 27 13 27 32 16 28 16 36 23 18 34 12 23 19 19 29 23 22 23 24 4 16 23 18 36 25 29 16 25 15 27 21 17 11 39 35 14 32 13 33 23 18 24 12 39 38 13 14 15 22 28 13 33 24 16 13 23 38 
28 27 17 25 13 29 13 20 11 10 25 25 5 12 38 18 19 45 20 56 14 17 25 20 16 14 27 12 18 20 29 25 24 38 39 30 26 15 22 12 41 12 32 27 20 29 16 20 19 36 20 31 26 14 31 17 19 31 25 22 27 23 18 18 18 19 22 27 28 18 27 31 19 18 9 14 19 37 14 36 17 21 42 33 25 25 24 27 25 14 11 15 25 26 28 12 23 13 27 32 
36 28 21 21 16 36 17 22 25 16 36 19 19 15 26 30 17 38 12 24 19 20 18 17 33 24 30 12 22 36 27 25 16 32 34 18 32 20 18 18 41 14 33 20 22 34 17 35 28 26 23 26 24 17 31 17 14 31 27 16 28 22 10 11 19 28 15 16 24 19 29 28 25 42 13 20 17 3 15 27 18 12 32 27 15 34 28 38 22 14 16 21 17 17 41 23 14 26 16 24 
31 18 10 23 11 23 15 20 7 11 26 17 26 21 20 15 31 25 17 33 20 21 29 12 20 18 28 28 7 29 18 31 19 36 17 35 23 19 21 22 23 12 22 26 19 24 18 33 15 30 20 47 33 13 23 18 21 29 36 23 38 19 24 20 32 23 34 18 32 21 41 15 16 25 13 21 40 23 13 38 11 32 28 36 28 40 24 20 14 20 24 31 15 13 22 22 12 21 16 22 
43 31 22 17 16 31 15 34 15 24 27 19 16 19 32 36 19 36 14 42 22 13 32 25 21 19 25 20 19 36 31 36 20 26 19 32 23 21 27 24 17 24 18 36 21 33 21 44 13 33 19 22 32 18 20 18 4 30 22 17 21 11 22 14 35 22 23 25 29 14 22 28 23 32 14 15 28 27 15 7 11 32 29 34 27 34 24 31 22 15 11 26 20 16 29 12 27 18 19 23 
47 33 23 16 10 32 18 25 19 7 15 13 51 11 24 29 36 26 10 40 16 16 14 8 29 19 17 22 9 34 33 23 24 13 7 28 33 23 23 24 39 11 34 29 16 34 15 15 23 42 26 15 24 22 17 23 29 33 28 31 25 20 15 19 20 13 35 14 5 10 22 34 21 30 12 10 32 33 19 26 17 37 17 23 20 35 33 23 19 12 23 24 28 23 18 18 15 19 18 30 
31 26 11 17 14 29 13 14 16 23 39 22 29 21 19 15 23 31 15 37 17 21 18 23 7 14 30 19 18 24 24 40 19 8 26 16 13 16 23 18 33 12 32 9 21 23 7 34 22 31 19 39 38 13 29 28 21 56 19 37 26 11 19 15 23 25 24 16 43 17 3 36 22 30 19 16 33 37 17 21 8 20 20 36 21 29 11 27 11 12 20 12 17 24 41 16 21 33 25 21 
17 21 12 28 13 35 6 25 20 17 25 9 25 27 26 11 26 34 20 28 9 4 20 22 21 22 32 15 12 27 24 35 13 19 27 14 21 16 15 20 33 29 38 35 19 23 22 22 13 35 27 39 33 15 26 20 13 30 21 22 26 10 17 19 15 21 22 22 27 27 23 27 27 19 10 16 12 34 18 14 19 34 37 16 17 43 36 25 30 16 15 21 5 25 35 19 22 14 18 35 
36 50 17 23 14 39 17 21 18 17 21 6 36 21 12 31 35 37 19 26 11 12 17 23 36 11 24 17 6 23 19 17 23 23 29 31 30 19 28 21 32 25 40 20 22 21 23 24 14 29 16 24 22 15 18 7 21 21 20 29 28 22 13 14 45 16 22 9 45 21 27 25 13 15 17 19 19 33 12 29 12 26 25 27 20 35 19 19 19 9 18 16 22 9 36 23 9 30 16 36 
29 28 16 13 22 33 16 18 16 12 15 23 38 16 23 29 34 37 19 26 13 17 21 12 22 17 32 28 13 20 32 28 18 19 25 33 22 19 32 23 21 15 29 22 24 32 11 24 25 19 15 29 27 19 22 15 22 30 24 23 23 13 20 15 41 23 19 22 35 34 34 35 24 39 15 14 32 24 10 30 15 33 29 19 29 17 11 24 26 18 8 20 8 16 21 13 28 12 26 17 
19 28 15 23 17 29 15 23 16 12 24 14 35 23 23 19 22 28 14 33 18 22 22 27 31 12 33 25 20 24 37 19 17 11 38 32 34 9 33 25 20 20 22 18 20 35 21 48 23 12 26 18 37 15 22 18 14 39 18 30 36 19 11 12 27 25 24 25 27 28 21 37 32 40 14 5 19 19 18 34 8 27 35 29 28 40 30 20 27 16 28 25 13 13 26 22 16 29 24 36 
35 25 25 21 23 32 21 17 15 12 26 15 25 21 24 34 35 24 17 30 15 14 14 19 34 8 20 21 24 22 22 22 20 35 35 51 29 21 28 25 30 14 32 33 30 25 13 36 22 36 20 39 22 17 28 14 23 34 31 25 34 19 5 20 34 17 21 30 34 24 30 20 27 28 11 17 38 16 10 26 15 35 21 40 23 37 31 24 17 12 11 19 25 17 28 25 16 20 21 38 
28 39 21 17 18 28 6 15 14 12 20 25 27 22 22 21 27 30 12 30 15 13 25 21 36 16 25 15 23 22 26 19 17 38 29 17 25 18 22 26 15 13 33 28 22 33 10 43 20 29 20 24 29 11 19 18 20 34 22 12 18 15 15 17 22 29 34 27 28 10 27 28 27 21 17 14 31 20 22 37 8 23 27 28 20 26 38 33 15 17 20 19 23 22 28 21 16 17 27 30 
23 36 12 19 21 29 9 9 13 12 29 10 13 9 14 25 42 34 13 28 19 25 17 18 19 15 25 22 15 13 24 37 15 30 31 28 28 23 20 18 31 28 23 28 19 17 24 26 16 35 21 33 21 8 22 14 25 43 23 32 21 17 16 14 24 23 25 21 40 16 32 32 16 35 15 20 20 37 17 19 8 32 28 17 20 45 44 21 12 16 25 35 29 12 34 24 6 23 24 20 
25 50 11 24 13 24 11 22 17 21 26 20 39 21 23 15 21 35 13 24 19 19 29 17 32 13 24 19 17 26 28 25 22 29 22 41 26 19 23 19 31 20 26 16 34 16 11 31 16 12 41 31 34 19 20 14 23 46 22 14 31 15 19 8 13 21 16 21 17 26 20 24 20 10 19 23 31 24 23 26 12 26 23 19 37 31 18 29 23 11 20 17 22 15 14 21 22 6 12 22 
29 27 17 19 19 28 19 14 14 22 26 25 22 18 15 20 32 33 12 44 16 27 24 18 22 20 15 14 32 29 33 23 22 23 26 29 23 16 22 15 27 28 24 22 21 26 16 30 11 41 37 26 26 9 31 28 22 34 15 21 8 22 20 20 22 23 39 26 34 12 21 1 19 26 9 19 26 26 6 24 16 32 31 26 21 44 18 36 22 24 26 32 30 20 34 22 26 22 25 26 
28 36 13 16 21 36 11 30 15 17 18 23 26 22 16 41 20 18 8 31 17 12 37 20 31 18 36 22 24 27 30 9 21 27 21 27 27 10 15 11 12 15 38 29 21 13 15 32 19 28 27 16 29 18 24 19 26 24 29 18 28 14 12 17 34 18 32 19 41 23 24 21 38 28 17 12 38 35 17 32 13 25 48 20 14 28 23 27 18 15 10 16 21 14 22 16 13 32 26 15 
24 24 17 33 14 32 20 17 11 10 23 18 32 18 19 20 27 34 11 41 24 21 21 19 5 21 33 19 25 28 34 31 16 21 29 17 24 13 26 32 29 14 22 24 17 33 16 40 16 33 32 37 37 16 18 18 23 25 14 30 39 17 21 9 24 26 19 20 37 15 24 20 26 28 26 22 36 21 19 29 12 28 19 19 33 38 28 28 16 6 18 19 43 22 37 22 17 28 14 34 
23 40 22 30 23 9 20 20 26 14 18 24 22 26 29 23 26 26 18 26 17 10 21 11 45 13 41 22 26 37 38 27 35 30 30 19 34 16 34 22 29 26 20 23 22 16 12 31 17 14 23 52 46 13 23 20 14 21 22 20 27 18 16 19 29 19 24 13 24 25 32 26 18 26 17 13 30 25 11 17 14 26 31 16 15 33 25 18 20 18 10 18 31 10 27 22 11 14 20 27 
38 20 11 28 20 23 5 14 20 18 11 17 20 18 15 40 29 26 10 20 11 19 27 20 27 27 20 22 25 42 24 33 17 35 27 28 16 9 23 24 29 27 28 25 23 18 19 44 16 23 15 17 21 18 15 14 16 18 14 14 21 5 21 23 27 16 17 21 33 27 29 17 30 21 14 12 35 48 11 33 22 31 32 26 22 53 25 37 14 18 20 28 13 11 22 33 7 13 14 11 
23 27 21 33 16 34 11 30 15 6 28 6 30 7 17 31 31 35 23 41 15 17 20 13 45 10 35 17 18 36 32 37 17 17 29 22 18 13 29 14 46 14 28 23 14 23 17 27 11 19 22 46 19 13 31 10 22 37 28 20 25 22 15 14 21 24 35 22 40 22 24 28 30 13 16 6 20 31 13 32 27 27 31 28 27 36 32 25 22 17 20 13 15 21 44 16 21 9 26 26 
34 35 14 33 20 25 16 15 17 13 36 29 20 16 18 34 35 33 15 39 16 15 22 29 25 12 46 23 13 15 28 34 23 34 12 31 21 7 20 28 44 9 36 21 28 17 13 41 25 23 20 20 31 10 32 8 15 27 29 29 21 12 22 19 28 33 19 27 28 22 28 25 25 23 9 22 20 30 24 26 18 31 21 22 31 22 21 27 19 19 15 17 33 17 25 17 13 10 16 31 
24 35 12 20 31 18 18 21 17 13 16 13 30 12 25 34 29 40 24 20 16 24 14 14 42 16 23 16 23 31 33 19 17 31 6 15 14 9 18 19 37 34 41 35 17 27 15 15 23 41 26 27 14 22 23 14 15 15 30 29 17 16 15 25 29 32 28 12 26 10 27 27 27 15 13 21 27 27 13 22 11 38 43 19 23 19 28 20 20 14 14 24 17 23 46 21 19 17 28 30 
34 32 15 12 17 35 20 18 17 12 31 25 14 21 28 21 27 39 13 45 17 18 19 12 47 25 31 22 17 32 19 28 15 24 19 33 39 11 22 15 44 18 33 19 24 29 15 28 23 37 22 20 25 16 35 15 24 23 19 30 22 11 11 6 19 27 22 22 21 34 17 31 36 11 14 12 31 32 9 22 14 32 25 18 29 32 28 7 20 15 21 24 18 22 31 15 24 25 30 34 
20 45 18 35 20 24 17 23 19 17 23 15 36 21 13 16 21 30 18 26 21 18 28 17 28 17 32 17 29 28 30 45 23 31 23 27 21 22 20 12 32 20 37 38 15 37 22 40 17 20 11 39 26 7 34 11 22 48 27 25 26 11 18 21 24 29 16 9 28 16 34 33 26 23 13 17 23 35 15 24 12 16 23 42 21 20 31 24 22 17 11 16 11 20 40 23 21 11 19 29 
31 42 17 21 10 36 22 22 15 17 33 14 47 13 25 12 32 38 12 24 14 25 34 23 21 20 23 17 16 25 29 16 23 29 30 23 24 16 25 20 42 13 28 29 17 22 15 28 17 14 26 23 36 13 17 19 15 47 29 13 21 14 24 18 32 34 24 22 24 13 42 28 35 39 22 19 24 44 14 27 15 29 22 36 24 28 44 24 16 15 23 25 20 24 24 12 13 27 22 21 
13 44 13 37 18 29 13 26 6 9 16 27 29 14 26 24 33 36 15 35 29 24 19 14 42 15 34 11 22 39 25 24 13 9 40 26 27 18 18 26 39 24 15 26 22 31 9 37 17 19 21 37 30 18 23 14 25 19 26 35 32 18 20 11 18 27 17 20 18 13 29 38 14 27 11 20 22 23 15 21 15 32 22 23 29 42 28 23 14 13 8 18 18 9 31 15 15 30 33 21 
42 30 13 16 22 31 16 22 17 12 34 23 23 16 33 22 28 33 12 34 21 27 25 27 37 19 26 27 29 27 30 31 19 26 22 29 24 20 21 19 18 14 39 19 28 15 13 24 20 26 32 24 20 13 28 17 16 25 7 31 19 17 24 19 24 18 32 34 19 21 9 24 25 36 13 25 36 24 9 22 18 29 25 27 38 30 27 29 19 14 20 38 22 18 19 26 29 17 28 25 
35 20 14 31 19 36 16 13 16 17 24 20 32 16 38 15 27 35 9 20 12 28 26 17 23 17 31 20 22 36 32 28 33 23 31 29 21 12 35 21 37 26 20 23 21 27 18 27 24 30 33 21 21 21 22 26 15 26 17 30 26 20 16 12 30 18 7 26 24 17 16 35 26 19 13 16 14 34 10 24 11 33 25 41 25 20 34 15 23 18 16 19 23 18 39 23 17 26 28 26 
31 33 23 14 20 39 20 20 13 17 19 25 21 15 18 19 20 30 7 21 15 26 27 20 29 19 38 15 11 30 32 18 20 33 19 37 29 19 20 30 16 6 25 23 21 21 19 45 14 11 18 33 35 11 24 14 19 47 13 27 32 16 12 18 27 33 32 23 27 22 27 30 27 23 13 17 35 10 16 30 21 41 33 19 15 18 34 36 11 19 8 23 14 22 32 26 20 15 27 27 
42 29 14 28 20 41 17 33 28 9 29 28 38 23 17 26 14 22 14 22 15 25 20 24 34 17 27 18 9 30 26 38 20 29 26 23 33 14 30 15 33 28 18 17 20 24 21 16 5 33 21 39 31 16 18 17 19 37 16 23 18 14 25 18 29 7 34 24 51 25 20 18 31 41 11 14 26 43 25 20 17 25 28 29 17 48 16 19 20 16 13 19 17 19 13 15 14 26 28 38 
23 22 19 32 18 37 14 31 18 12 24 11 30 11 37 22 39 26 16 11 11 9 27 18 20 17 38 26 11 32 32 11 18 20 16 24 26 18 23 24 35 12 24 16 21 33 23 22 13 28 31 38 25 18 26 19 24 25 24 23 37 14 18 16 22 11 26 25 35 25 23 33 21 29 19 14 29 31 12 13 15 37 32 37 16 28 32 21 18 16 22 20 27 16 28 23 12 28 23 32 
24 42 11 27 23 27 10 27 16 14 33 24 28 17 24 23 15 14 19 33 19 14 30 17 47 19 10 15 15 27 23 44 6 28 23 31 18 18 35 21 39 19 41 30 14 18 23 13 23 19 29 34 24 15 21 18 16 25 21 17 26 13 17 12 26 29 20 24 17 19 27 19 18 28 15 14 38 28 21 23 22 33 21 29 19 33 24 21 23 21 21 30 29 22 23 20 15 12 18 38 
24 33 17 27 22 46 11 20 22 14 25 18 34 18 26 27 26 26 15 29 19 21 23 18 34 13 47 19 18 8 30 24 15 28 16 26 23 14 23 20 24 27 41 14 17 40 15 23 13 20 29 23 27 6 16 23 20 22 17 32 21 14 15 21 30 24 23 21 16 16 36 36 19 18 14 21 27 26 24 39 10 19 28 14 19 42 23 31 26 17 18 23 22 19 35 9 21 23 17 22 
15 35 23 19 26 21 15 25 10 16 21 14 15 26 25 19 31 22 19 25 15 25 21 18 40 15 29 26 16 26 35 35 18 18 25 17 29 13 19 6 28 27 24 32 28 31 16 28 8 25 28 29 35 12 15 20 27 35 15 17 28 21 22 14 25 18 11 19 24 23 23 16 24 24 22 24 24 39 16 28 19 29 26 31 14 24 42 32 19 10 12 18 26 15 41 25 24 23 29 22 
32 38 11 26 9 24 12 20 12 12 34 18 40 22 19 15 9 31 13 17 13 19 18 17 26 15 25 17 24 19 33 18 13 12 30 19 30 12 25 28 35 19 34 23 19 29 11 28 25 25 22 32 18 21 21 24 21 26 17 19 25 26 14 16 25 23 17 22 22 17 8 31 8 25 19 14 21 21 20 10 15 22 25 16 14 30 20 27 15 8 23 13 26 12 27 25 12 31 18 8 
35 25 15 35 19 43 17 23 23 24 22 21 26 17 17 22 21 29 15 37 10 25 21 11 28 10 35 18 22 46 23 40 18 19 21 20 29 15 24 22 33 33 20 39 24 35 6 28 12 22 22 20 19 24 23 14 16 19 22 20 34 17 12 20 24 24 24 21 43 12 27 38 25 22 20 22 21 42 8 36 19 26 26 22 31 32 30 22 13 19 20 15 26 26 17 17 21 21 22 12 
16 38 22 29 20 52 18 24 17 8 18 5 39 10 15 13 28 33 13 26 19 8 13 25 55 17 41 18 25 34 24 17 16 27 24 26 31 20 22 21 33 21 33 23 20 43 21 36 26 31 34 24 33 5 12 19 21 34 21 33 19 14 19 8 27 21 13 32 24 14 25 33 25 24 21 12 32 17 13 35 17 18 24 30 14 43 19 14 22 20 19 26 25 13 27 13 7 28 15 33 
23 30 18 28 18 39 12 31 13 21 15 29 21 14 23 34 27 36 19 25 21 16 27 15 35 16 38 12 20 30 34 15 16 37 20 21 16 10 17 30 35 24 28 35 4 17 19 38 24 20 26 38 34 23 30 16 11 31 19 27 20 21 10 19 12 18 18 18 36 21 39 29 37 21 17 19 30 21 16 38 16 19 24 25 23 27 25 40 20 9 19 21 24 14 3 27 15 28 20 15 
35 34 18 26 19 30 11 20 22 11 15 17 24 16 23 22 28 20 10 33 22 21 29 18 31 13 27 22 7 25 19 31 14 32 30 27 34 17 22 12 45 17 20 22 25 15 10 24 22 27 23 41 24 17 38 17 12 15 26 20 20 15 19 13 28 14 29 17 30 19 25 17 18 24 12 21 21 35 10 32 15 41 17 14 22 35 14 26 24 20 15 19 23 11 18 19 20 22 34 25 
38 30 10 25 13 31 19 5 17 17 18 32 23 15 18 29 32 25 15 20 19 14 17 15 28 18 30 26 24 30 31 33 17 31 38 25 27 16 25 18 38 22 30 26 19 36 15 25 15 17 27 37 47 12 28 17 17 32 23 14 21 21 22 22 25 12 26 15 16 25 26 28 25 29 13 17 33 11 7 20 16 37 24 31 25 46 66 26 9 6 13 19 18 18 24 29 14 20 21 40 
32 38 17 25 15 43 17 20 25 10 19 22 17 18 16 26 30 11 16 35 10 30 23 12 28 23 29 14 24 23 27 20 23 29 41 12 19 11 22 16 15 14 32 31 18 23 14 27 22 23 32 24 31 18 22 19 14 47 23 31 29 8 13 15 23 24 28 22 16 13 27 34 32 19 13 17 28 22 10 29 22 19 21 25 10 36 33 26 20 19 13 18 24 20 33 24 18 22 24 20 
29 9 13 29 12 31 2 16 15 13 27 12 27 12 35 23 20 23 16 36 16 23 20 16 32 9 31 17 10 24 43 18 23 18 27 34 38 12 14 19 27 18 35 24 24 17 17 25 12 24 25 30 29 21 20 25 18 19 32 26 24 14 12 16 33 24 40 21 44 26 18 42 8 21 13 19 8 15 13 36 18 26 33 32 24 30 26 22 26 13 21 30 17 17 26 31 16 12 21 28 
25 15 15 24 13 33 17 26 12 2 27 29 24 21 21 23 24 49 21 19 15 24 28 26 13 10 30 22 17 34 15 29 16 35 20 24 26 19 27 27 37 22 34 37 19 20 14 37 17 21 28 32 30 20 26 19 19 23 29 25 28 20 10 14 28 13 34 26 24 14 28 18 25 18 16 21 36 29 11 30 16 20 30 34 21 37 24 20 24 19 6 30 16 16 17 17 9 23 21 15 
28 21 14 31 19 49 17 25 9 14 36 13 20 18 14 31 35 16 19 33 8 11 28 22 31 18 23 24 23 26 35 39 20 26 31 28 35 9 20 13 25 20 23 20 30 32 12 31 20 15 14 30 29 23 27 20 19 23 17 11 37 22 10 18 29 21 24 21 41 23 29 21 35 10 19 14 36 26 15 35 20 20 15 26 18 33 29 19 23 13 26 22 27 16 10 13 7 10 16 34 
26 16 16 10 22 26 12 22 15 16 30 15 23 15 22 36 17 45 21 34 16 20 29 18 21 19 24 20 15 32 38 34 22 23 25 34 35 17 16 35 36 24 37 18 21 27 21 30 18 22 23 23 32 11 24 21 24 30 18 20 14 15 11 19 31 24 24 20 28 24 46 32 34 27 15 10 11 17 26 33 20 18 33 24 30 26 22 9 10 13 12 17 32 21 35 29 18 27 27 27 
33 47 11 26 21 37 14 10 16 22 24 29 18 24 22 20 26 15 19 36 21 18 17 18 30 16 26 21 17 20 30 50 11 16 39 20 25 15 20 19 5 22 23 29 24 31 14 35 15 13 25 27 45 15 18 16 29 16 15 15 21 20 12 18 8 17 28 26 27 17 17 5 38 20 9 11 27 28 6 19 15 37 38 34 14 11 26 31 23 13 27 17 26 22 29 18 19 25 14 24 
29 39 14 22 18 27 8 20 22 14 17 27 35 29 11 26 33 39 9 31 12 23 14 19 19 14 49 18 15 16 22 40 10 52 16 28 30 20 23 29 13 18 29 22 26 18 12 37 20 31 17 47 33 19 14 25 23 34 12 18 13 10 3 14 22 22 21 23 29 11 14 19 23 32 8 20 28 33 17 29 22 29 36 24 14 36 27 16 18 9 21 19 22 10 21 15 23 31 21 16 
34 40 18 26 11 32 11 18 17 16 25 26 19 16 14 31 35 32 9 24 12 18 26 23 36 25 30 12 22 29 25 29 20 37 38 31 33 17 27 19 35 17 22 40 28 25 15 31 17 34 11 50 32 18 32 12 21 30 11 26 28 23 8 12 28 16 36 25 29 25 22 17 32 35 15 19 24 31 12 26 17 40 27 32 21 37 24 29 25 18 23 20 27 22 49 27 14 23 28 18 
44 27 15 30 15 40 10 26 11 14 32 16 21 14 21 22 36 31 18 33 12 14 17 18 21 21 28 14 14 34 25 35 20 33 21 23 18 16 19 16 37 23 19 35 10 29 16 16 16 39 34 39 37 19 23 28 24 19 24 27 36 14 18 22 28 24 24 22 33 21 19 25 30 35 15 9 28 33 11 20 16 25 33 27 31 26 35 25 21 10 21 30 11 21 30 21 11 9 36 35 
21 29 10 21 20 27 19 17 17 9 17 25 23 17 27 23 14 34 16 31 21 25 12 19 26 16 41 12 19 21 28 26 21 20 23 26 25 8 25 15 20 19 28 24 20 24 18 38 19 26 38 29 29 23 28 17 31 27 27 22 21 15 21 17 24 34 5 16 26 18 20 14 32 33 15 10 29 37 19 47 11 25 26 28 27 31 28 26 14 16 21 37 20 22 27 26 18 20 24 37 
41 40 18 25 7 32 9 26 24 9 20 16 20 17 16 16 22 37 12 28 13 23 29 16 3 12 32 15 19 18 28 21 24 31 24 16 32 16 15 19 36 22 29 22 18 28 17 26 15 26 36 16 20 15 23 15 16 33 19 32 16 18 22 20 27 32 35 8 24 21 19 29 23 31 15 20 18 29 21 28 17 43 20 18 27 25 39 32 20 15 13 13 31 24 31 21 23 37 24 15 
23 38 15 20 16 32 10 19 16 21 22 36 27 22 15 25 32 23 15 33 10 10 23 19 29 22 30 28 21 28 21 20 31 32 22 21 24 17 14 33 26 15 29 12 25 14 17 27 14 27 24 26 33 17 21 29 28 27 12 24 11 22 11 16 26 23 31 18 27 30 29 14 26 24 13 15 25 22 14 14 6 25 22 22 25 35 20 29 12 19 27 17 23 13 18 19 12 19 28 34 
31 26 13 32 13 13 17 22 3 4 15 26 26 24 21 33 25 28 17 34 17 13 25 20 42 19 32 20 28 37 21 16 16 21 35 21 22 17 21 16 10 14 40 23 25 30 17 39 19 16 26 53 26 9 27 20 20 26 24 36 31 4 26 11 20 25 13 19 31 23 30 24 32 31 19 11 25 23 11 42 13 20 30 21 16 25 32 26 18 16 10 21 24 20 35 12 23 27 25 26 
32 28 13 33 14 22 10 15 20 10 29 22 15 17 19 39 35 37 12 32 16 21 31 24 34 19 25 23 27 35 27 30 16 34 25 22 28 19 21 20 30 22 33 34 15 30 15 33 13 20 24 18 36 14 19 19 23 41 18 15 26 18 17 19 32 23 32 21 24 6 20 30 38 29 19 8 27 32 14 27 16 34 21 29 27 28 31 29 24 16 15 25 23 26 22 13 23 18 19 37 
25 37 13 26 15 25 11 25 12 8 36 16 40 9 19 18 15 22 9 20 10 24 31 21 26 16 27 15 20 20 30 32 8 7 14 18 21 21 15 22 26 18 26 22 25 29 17 19 22 34 19 29 37 19 21 14 20 37 35 35 38 24 17 15 20 22 24 24 35 13 22 18 11 37 18 15 25 25 21 22 15 28 22 24 19 20 27 23 16 24 15 19 26 22 24 29 12 23 14 26 
34 36 26 11 10 40 12 15 25 12 24 13 29 25 16 14 27 29 14 24 11 23 20 17 23 13 28 13 29 23 18 26 14 18 30 28 29 10 32 28 30 27 14 22 20 7 20 17 16 20 13 29 31 12 28 17 32 19 24 22 16 22 18 16 23 20 27 26 35 18 31 28 32 18 19 17 30 24 14 30 12 25 24 34 17 27 22 25 15 12 27 15 10 20 18 15 16 24 22 23 
26 26 2 25 12 21 17 20 18 12 30 14 27 20 26 31 26 28 10 17 20 20 26 11 42 13 28 11 29 28 26 35 21 24 21 35 23 17 24 18 23 20 31 36 16 20 16 23 9 21 23 23 33 14 20 23 23 33 28 23 27 17 22 16 26 15 34 22 44 16 14 18 27 33 9 19 29 33 15 25 21 18 21 8 16 42 44 30 18 9 30 22 24 12 20 18 17 25 22 33 
31 37 18 34 18 18 17 34 15 11 16 25 38 26 12 36 25 23 16 24 19 22 20 18 21 21 18 19 21 41 25 26 10 12 32 21 21 18 25 18 25 16 39 14 20 18 24 31 26 27 37 42 28 19 16 18 20 40 8 33 32 19 17 20 31 22 10 6 20 25 29 44 25 31 14 21 20 39 17 16 10 28 31 24 19 23 25 21 16 17 13 24 29 14 28 9 28 21 25 45 
28 28 17 30 15 37 10 18 19 16 36 23 21 6 27 25 15 37 18 25 17 13 28 18 33 16 41 19 24 34 13 33 9 25 31 37 20 18 15 19 45 20 37 22 16 21 17 31 16 23 22 52 39 18 25 14 20 20 18 22 17 13 12 14 26 22 37 26 27 22 25 29 24 25 15 18 27 34 17 25 17 30 24 21 12 31 38 33 25 16 15 19 25 17 41 29 13 19 28 19 
39 24 20 31 21 31 11 26 18 15 16 28 7 15 22 19 19 18 18 31 13 17 32 20 12 14 42 8 19 40 17 29 19 27 15 33 35 13 18 27 33 31 31 41 22 22 13 32 20 20 15 29 26 25 23 12 10 34 19 7 18 15 9 15 29 30 23 22 34 20 34 14 30 25 11 19 24 28 21 26 22 14 20 31 23 27 39 23 12 14 18 22 21 12 18 18 15 24 26 31 
41 39 16 17 22 37 22 23 12 20 43 24 29 18 17 24 15 35 16 30 18 30 24 12 34 22 28 18 24 32 30 37 22 19 14 31 30 4 24 17 26 18 28 29 22 30 10 38 12 18 25 40 34 18 14 22 22 31 33 15 22 9 23 17 23 29 32 21 28 27 35 29 19 33 4 19 33 41 13 46 26 18 25 11 24 29 31 20 14 18 17 23 25 17 27 22 24 21 16 27 
24 28 9 16 17 23 16 15 16 16 15 28 31 12 19 25 19 41 14 20 18 16 20 14 28 19 42 28 20 19 31 23 28 16 19 28 27 19 17 22 31 25 25 22 20 29 14 19 16 30 23 33 32 18 24 22 24 32 18 13 31 16 19 15 27 27 11 26 33 22 30 15 22 35 19 20 33 39 12 22 9 23 29 36 20 21 34 38 17 17 20 27 18 13 56 17 16 19 21 28 
28 35 22 27 23 37 18 21 20 17 23 13 29 17 11 33 24 30 10 35 17 14 17 8 32 19 19 19 25 42 33 30 17 26 22 26 33 16 28 17 28 12 36 42 19 15 13 20 7 17 16 23 24 17 21 11 18 32 33 11 26 16 18 15 33 13 19 16 26 20 23 29 43 28 11 13 20 28 14 24 13 32 27 25 14 27 22 19 23 14 23 25 18 20 10 23 22 23 25 37 
30 18 13 22 19 31 12 25 23 18 17 11 20 19 23 34 27 35 8 38 19 25 24 16 25 17 33 18 34 6 25 20 24 27 30 18 23 13 19 15 35 25 19 25 20 30 18 22 21 18 25 21 32 14 37 30 15 14 31 22 29 20 19 15 18 14 30 23 24 17 25 43 29 24 16 22 18 32 8 28 17 29 18 19 14 37 33 17 18 23 19 25 25 22 38 15 15 22 33 27 
33 32 18 25 23 33 20 23 13 11 35 28 26 22 30 18 35 15 12 40 16 18 19 21 22 10 40 24 12 24 34 8 20 14 28 27 21 8 29 15 28 14 27 31 22 21 18 26 24 29 20 30 35 18 29 14 13 20 28 20 28 23 22 15 15 22 29 21 28 26 37 32 11 26 20 19 28 28 13 19 22 24 31 36 18 32 24 22 23 18 16 32 36 18 45 27 4 22 10 16 
42 4 9 17 14 32 8 15 19 13 25 29 38 15 24 25 21 13 18 33 14 25 19 16 34 22 31 19 29 25 17 38 24 23 24 24 32 19 24 13 37 16 32 34 10 40 20 22 23 23 30 23 44 19 28 16 23 26 20 36 8 10 13 19 26 29 14 13 26 14 15 21 20 29 15 16 39 32 5 28 14 25 27 34 23 32 28 35 17 12 12 35 22 24 21 22 19 23 25 37 
28 36 10 26 22 29 14 21 13 16 29 18 29 15 16 19 28 32 19 22 8 18 26 26 37 15 24 15 4 23 28 35 12 24 27 27 12 9 25 30 31 23 31 17 17 23 15 29 5 29 4 31 25 10 21 18 24 38 28 22 24 17 21 16 32 16 23 9 28 8 21 15 32 24 18 18 11 46 17 24 20 27 31 15 14 22 43 15 18 12 18 28 19 14 29 23 23 14 21 27 
25 32 16 25 23 29 16 21 15 6 33 25 25 27 23 31 29 21 24 39 20 14 19 12 36 16 35 15 14 31 18 26 20 22 25 33 31 14 15 19 47 28 26 29 29 19 12 41 21 25 23 31 42 15 32 12 20 27 25 24 26 11 18 19 31 20 23 17 30 12 36 38 20 5 16 22 14 52 20 33 12 23 16 28 21 31 14 17 13 13 7 25 27 21 28 16 17 29 28 20 
36 28 7 19 17 28 19 15 16 14 24 15 18 18 34 15 25 39 6 32 15 18 18 12 33 14 16 22 18 23 26 14 15 30 37 22 23 11 32 13 29 10 20 27 17 26 16 45 17 26 33 26 41 18 20 15 20 21 31 25 27 16 24 17 14 19 24 9 16 15 26 38 17 40 15 15 26 30 14 26 14 33 35 26 27 42 44 28 17 21 15 20 29 24 25 13 15 24 24 29 
33 15 14 23 21 26 15 22 15 16 15 8 24 18 27 26 32 43 14 16 19 19 30 15 34 20 28 16 26 21 31 44 35 31 26 35 30 15 35 28 30 19 22 22 30 27 14 23 16 21 32 36 30 14 14 14 23 42 30 24 25 16 18 11 33 18 15 25 34 8 22 20 17 32 14 23 29 21 15 26 15 35 22 16 18 32 16 22 23 16 24 25 15 17 47 14 14 24 33 19 
26 35 15 16 13 32 9 21 15 16 26 17 27 19 16 7 20 37 16 45 16 21 18 17 39 16 20 22 22 20 27 21 14 27 19 17 31 20 16 15 44 16 30 33 22 33 13 43 19 32 17 31 24 18 19 11 22 21 24 16 27 10 23 22 22 31 27 17 31 8 33 33 26 37 22 15 37 35 18 38 9 29 29 21 21 17 26 32 19 16 17 28 18 19 36 19 7 29 20 26 
16 23 20 34 17 32 16 21 28 15 33 23 35 20 25 15 31 47 11 23 13 15 19 20 27 10 39 27 19 36 36 35 21 12 23 25 26 17 15 19 29 14 36 21 24 22 16 40 11 22 25 27 21 14 12 13 21 31 25 26 29 20 20 12 24 17 26 31 15 26 28 27 35 35 16 24 30 24 8 30 16 23 30 33 31 26 14 21 17 9 24 18 17 16 24 19 16 23 24 18 
46 29 18 25 24 23 15 23 19 8 25 17 29 19 27 31 25 39 11 48 11 21 17 17 30 15 40 11 21 27 23 30 12 27 34 26 28 12 21 31 27 23 24 24 14 19 13 28 15 39 30 13 27 17 33 17 18 47 15 35 6 14 17 18 17 33 27 28 29 11 11 21 27 16 10 15 21 29 17 10 20 30 23 25 21 15 32 20 20 13 17 19 21 19 13 12 14 24 21 20 
34 40 16 22 16 38 14 16 10 15 16 21 37 24 12 25 19 34 18 27 13 15 23 16 36 22 30 19 17 19 29 24 21 28 33 25 26 13 29 19 42 16 41 13 13 26 15 18 13 16 25 35 25 17 26 20 21 41 15 18 29 23 19 15 24 23 18 19 28 10 36 15 17 12 13 18 20 39 13 39 14 23 28 32 27 30 35 35 17 17 14 24 23 28 42 17 6 10 28 30 
32 33 17 28 19 31 20 18 19 13 23 19 34 15 20 32 32 31 11 36 17 19 22 15 35 22 26 13 26 18 33 27 26 27 24 39 27 16 21 11 27 15 34 23 20 14 21 33 18 24 35 26 32 12 23 24 15 44 26 30 27 18 16 20 29 11 29 35 23 20 29 13 37 21 10 16 14 20 9 39 18 35 27 34 10 37 29 19 15 11 18 27 19 20 26 29 15 25 32 30 
25 30 19 27 24 28 13 17 12 9 26 22 29 25 27 33 17 53 17 23 20 25 24 13 32 19 38 19 12 27 40 28 26 37 26 25 26 11 38 26 29 26 34 2 12 23 11 31 16 31 28 43 22 16 16 25 21 17 9 26 25 22 15 12 25 34 29 30 32 17 20 12 38 16 17 29 27 35 11 21 14 30 15 28 25 31 30 34 16 16 24 23 36 15 25 13 14 26 33 27 
32 25 13 17 10 44 17 18 19 14 27 24 26 19 25 30 22 36 15 26 17 21 29 16 18 9 25 26 20 23 20 21 18 15 26 21 29 9 10 20 27 6 29 26 23 20 19 28 10 28 20 36 19 18 22 15 12 26 23 26 16 19 13 14 21 25 18 19 18 24 31 28 24 21 11 21 20 13 11 33 21 27 19 21 23 8 30 24 19 16 16 18 22 19 27 22 23 16 25 25 
20 43 14 20 27 45 6 24 23 15 28 24 32 15 11 22 30 21 16 24 17 18 29 19 30 23 21 20 19 32 40 35 15 32 28 15 32 12 21 25 23 18 24 24 29 25 15 47 5 20 28 47 32 14 25 21 21 31 31 12 20 18 20 20 33 20 18 17 10 23 19 28 20 30 15 13 33 27 18 41 15 18 44 29 29 29 32 22 18 17 10 26 13 26 28 18 15 27 30 34 
26 39 12 32 10 27 14 13 19 13 30 15 17 24 25 18 28 34 17 26 16 5 31 14 37 20 21 11 28 31 37 30 23 27 29 27 23 13 23 23 28 26 25 24 19 20 18 13 14 20 27 32 7 14 16 21 20 22 25 20 27 18 22 21 34 28 27 29 32 28 22 34 26 26 13 16 41 49 11 26 17 38 25 25 19 25 29 32 19 14 4 18 26 19 30 19 10 27 13 22 
49 23 12 32 23 38 20 14 18 20 26 26 33 19 13 31 33 28 11 41 20 24 16 19 35 19 22 14 30 45 28 21 19 36 13 16 21 16 11 22 20 27 17 19 23 26 15 40 16 39 31 22 26 17 16 1 18 26 18 24 36 16 22 17 29 17 11 8 13 25 36 18 16 34 15 25 27 31 15 24 18 21 18 31 8 38 24 18 15 23 20 22 33 16 29 12 14 13 11 16 
37 31 17 18 19 31 21 26 18 18 42 23 26 14 22 15 26 33 14 30 17 12 18 19 37 21 30 15 32 21 20 28 20 29 15 29 19 9 26 16 11 26 58 18 24 13 19 30 19 36 35 32 12 16 17 13 9 36 22 31 19 16 12 14 22 23 17 14 43 20 28 10 16 24 12 25 31 34 20 33 19 21 25 30 25 22 29 22 10 25 24 27 24 11 37 32 26 6 19 31 
12 21 15 40 23 31 12 35 23 13 25 20 26 11 24 28 29 31 16 19 19 16 30 19 36 17 42 11 22 22 33 30 31 27 26 19 34 19 30 18 30 22 29 24 22 21 18 45 10 23 33 38 30 14 16 14 24 16 31 23 17 23 12 15 21 22 26 18 29 17 23 27 15 19 18 17 28 44 15 37 14 28 31 30 22 27 43 28 20 18 18 22 21 20 31 19 18 30 26 43 
23 19 23 23 14 22 18 20 8 19 32 21 23 21 30 31 34 42 11 12 17 21 23 14 32 16 35 17 34 31 35 32 18 35 24 24 21 13 29 21 22 17 30 20 24 20 10 30 23 11 25 26 38 17 22 24 21 38 25 23 31 24 6 8 25 14 24 15 26 30 38 19 32 30 21 23 21 29 18 28 14 27 27 28 23 20 37 25 17 16 18 18 30 21 24 22 20 24 29 23 
26 23 18 36 20 24 17 23 21 16 24 12 27 20 16 40 38 8 13 39 19 16 23 20 39 12 38 26 19 26 31 42 23 28 25 24 27 15 12 9 36 23 24 27 17 9 17 24 17 24 27 54 17 16 23 15 16 22 20 24 13 20 16 9 22 17 10 21 41 11 35 31 24 21 11 11 35 30 17 27 18 22 22 29 19 34 23 41 15 14 18 6 13 15 28 9 19 21 37 21 
9 34 15 24 19 30 22 15 17 17 27 6 34 21 23 33 22 50 21 24 21 12 30 27 18 12 38 15 22 31 28 22 11 16 21 36 32 14 25 18 31 19 25 23 24 33 17 31 11 32 26 33 44 22 18 14 19 29 30 25 14 17 21 9 40 17 16 15 26 36 26 29 15 27 14 19 35 43 20 49 19 43 28 22 25 24 42 24 18 12 8 22 24 10 39 16 20 28 12 23 
18 32 8 45 16 22 13 28 25 21 30 20 20 19 22 8 31 38 18 44 15 21 17 17 33 16 26 17 23 31 28 23 19 30 30 45 31 9 20 13 37 19 25 36 27 14 18 31 22 34 24 27 35 9 25 11 11 23 26 23 20 14 20 16 24 15 25 14 19 31 20 17 24 33 9 18 24 32 14 25 23 25 38 29 23 21 33 34 17 19 21 31 13 11 12 19 17 27 19 24 
29 39 16 27 18 29 15 21 8 15 42 25 29 14 20 26 19 26 15 27 16 15 21 11 28 21 18 22 18 37 20 28 24 25 19 23 22 11 23 28 31 10 23 27 30 15 10 22 20 27 26 34 25 14 23 17 17 28 16 26 20 27 22 18 21 26 19 10 39 17 32 29 28 30 5 15 25 23 11 35 11 20 22 39 22 17 22 32 24 15 23 22 30 13 41 24 17 17 17 33 
22 26 20 41 22 30 20 17 16 19 30 26 32 12 11 18 44 27 15 11 21 19 18 25 29 14 26 21 23 27 38 39 15 34 25 26 23 14 13 12 32 11 26 26 22 21 16 22 18 31 34 21 30 14 26 18 21 33 20 26 19 13 11 13 24 18 22 16 25 28 19 33 26 26 16 21 13 17 15 24 15 16 26 31 20 43 37 18 25 13 10 26 24 20 50 17 17 18 21 28 
22 53 26 22 8 32 15 27 3 15 22 13 17 17 24 35 19 45 20 25 18 9 18 22 21 21 26 10 23 32 41 43 18 32 21 27 21 5 26 23 31 23 30 30 30 26 17 26 20 24 43 23 29 11 21 19 14 27 24 28 37 20 6 14 30 31 29 21 21 22 30 14 29 28 13 20 32 29 16 23 13 23 27 27 22 20 26 32 16 17 24 28 11 27 24 13 7 27 22 16 
28 27 23 11 21 40 19 22 13 22 29 28 19 20 12 20 30 40 12 30 20 12 27 13 35 21 40 24 18 29 20 19 17 27 17 26 27 15 22 6 35 31 31 18 24 35 15 18 18 18 40 35 41 8 37 29 20 32 23 35 26 13 14 17 24 17 29 21 33 24 29 21 22 21 15 13 30 38 14 42 11 32 30 28 25 23 32 14 20 12 18 32 18 9 25 12 22 17 12 27 
21 20 18 27 13 38 12 25 10 21 12 12 22 19 25 23 26 38 14 29 15 19 25 13 18 20 39 25 13 34 27 31 14 33 23 29 30 20 21 27 21 26 38 22 19 26 15 17 19 14 40 37 24 10 25 21 24 8 19 25 19 22 15 11 24 19 18 18 19 21 32 24 21 18 12 9 25 27 16 23 10 34 27 46 19 15 48 18 13 20 25 28 16 11 33 8 20 14 29 35 
27 24 20 23 18 31 12 14 12 11 34 18 28 18 29 27 29 48 19 36 11 15 25 14 28 14 39 12 11 27 14 19 18 18 41 26 41 6 22 33 21 15 22 33 17 35 20 10 18 17 27 35 22 16 26 22 16 21 20 32 34 18 13 10 16 21 20 28 29 13 30 16 23 28 13 24 19 15 17 28 18 18 28 24 23 23 23 20 21 10 18 15 25 13 30 9 14 20 24 34 
34 35 21 24 17 30 15 19 21 17 25 23 35 12 19 29 29 31 12 39 14 17 21 17 33 10 45 18 18 33 31 7 19 34 17 25 19 9 33 25 44 23 22 26 30 29 14 27 14 34 26 37 29 16 34 12 27 39 26 23 23 23 20 21 26 27 6 16 28 6 26 21 16 33 12 26 33 47 9 43 16 34 27 38 23 29 23 31 18 10 23 20 27 18 33 20 12 14 23 40 
22 32 19 19 16 30 17 23 21 16 27 21 28 20 28 27 27 43 17 33 22 19 25 17 34 22 22 20 14 24 31 24 20 27 34 35 33 8 16 23 29 16 36 21 23 24 13 27 15 37 25 28 10 12 18 8 19 28 22 16 30 16 10 15 20 21 20 29 21 32 18 18 29 22 20 20 22 20 19 23 11 27 23 40 21 39 20 21 25 8 20 27 16 19 39 27 6 19 22 45 
34 27 23 17 20 38 20 23 18 15 23 25 30 12 30 19 18 19 15 37 16 14 16 26 20 21 34 20 16 28 39 42 23 19 17 13 21 13 22 14 25 31 36 24 16 35 11 35 6 31 41 17 38 22 15 18 26 29 20 23 10 5 12 16 30 12 23 8 30 23 31 25 24 24 12 26 19 37 18 23 23 27 19 29 30 33 21 41 18 18 27 23 15 21 21 13 18 29 23 31 
32 16 15 18 15 28 20 40 9 16 23 20 26 13 15 20 16 19 22 23 8 17 17 19 45 14 23 23 23 25 11 18 18 23 20 21 30 15 19 19 19 15 31 16 28 31 18 19 16 37 37 28 39 14 23 24 29 23 15 16 28 3 6 19 23 36 26 11 31 23 29 35 27 32 23 15 33 21 12 37 20 33 13 37 30 11 26 24 21 11 22 20 20 12 39 26 14 27 20 35 
27 18 12 15 18 28 18 14 21 9 19 15 28 14 16 16 22 17 14 26 18 18 34 17 35 7 23 16 20 25 13 25 10 23 25 31 21 19 21 19 34 16 17 10 19 8 20 29 22 29 32 13 18 10 22 24 15 17 16 33 38 22 23 13 26 33 28 24 34 16 26 27 22 23 18 9 15 24 12 39 18 31 35 27 22 25 39 18 14 11 20 24 16 20 26 23 23 21 25 39 
23 45 17 22 25 34 18 25 21 9 35 11 25 19 16 8 28 40 14 18 20 16 23 16 35 20 24 22 22 49 35 49 20 20 16 30 26 18 11 20 24 22 20 18 28 16 29 41 10 48 36 44 17 20 19 10 12 31 26 16 28 25 16 22 20 23 24 15 20 25 21 33 25 19 11 23 25 18 12 26 11 35 20 27 23 19 33 28 17 10 26 26 25 18 33 12 16 17 22 40 
25 20 16 31 22 44 11 26 23 16 33 22 29 17 27 33 24 30 12 32 18 19 21 14 28 20 7 23 23 28 31 16 11 28 26 25 12 14 25 21 43 31 16 27 20 15 16 31 24 30 19 19 32 11 26 14 22 29 19 30 30 19 16 19 19 31 18 21 30 16 37 23 20 15 16 10 6 27 9 45 17 18 22 21 23 43 36 27 15 15 13 13 28 19 29 23 18 28 28 21 
22 32 19 29 17 31 14 16 15 16 28 12 23 22 23 25 22 25 19 21 20 14 32 18 25 15 34 22 20 30 20 25 22 28 26 25 25 18 21 24 13 25 36 24 23 25 19 20 15 24 21 42 29 21 24 13 23 39 26 18 38 11 18 14 21 16 24 22 26 23 21 31 29 39 15 15 17 28 18 31 17 27 22 18 24 43 16 28 17 16 18 12 28 27 15 8 22 20 14 26 
19 33 17 27 13 26 21 15 15 19 22 14 21 19 20 15 29 48 11 32 16 17 11 19 29 12 21 17 15 15 23 42 24 28 32 23 29 13 30 30 28 25 26 27 19 25 20 22 15 27 24 37 37 11 27 14 23 19 19 17 35 19 14 13 23 24 31 18 35 24 24 27 13 34 15 15 13 21 12 23 19 24 36 13 31 28 27 26 20 10 18 35 29 6 31 25 29 19 19 24 
33 29 16 31 19 26 12 22 22 17 29 27 26 12 18 27 32 45 17 33 18 26 28 13 48 9 30 20 18 26 23 16 30 38 30 29 29 14 34 19 51 23 33 27 29 30 16 32 14 27 28 32 26 16 9 18 30 34 30 26 34 24 10 13 35 24 46 29 28 21 27 29 27 21 14 13 32 29 13 38 19 39 37 34 27 27 30 31 34 10 28 30 26 22 43 17 20 26 26 26 
24 35 21 28 13 53 17 20 24 11 28 17 25 12 24 28 19 47 14 11 15 25 19 15 27 23 29 12 24 36 24 34 14 34 24 22 24 17 23 25 9 15 29 28 21 21 14 27 23 33 21 26 35 14 30 18 18 34 18 25 28 25 23 17 26 15 33 29 35 27 15 49 13 23 19 22 29 28 16 13 16 25 24 21 22 30 35 38 21 13 22 24 25 21 22 23 16 23 13 16 
29 42 19 26 23 24 13 16 15 13 6 21 22 18 18 16 40 45 16 22 10 29 22 21 27 13 29 13 9 32 21 24 8 6 28 36 23 9 30 26 37 9 18 31 29 29 17 12 15 32 24 24 42 12 23 17 11 40 25 14 27 18 6 21 27 18 19 10 20 21 22 28 25 25 18 17 20 30 24 41 18 29 20 24 21 24 25 7 17 10 12 23 32 21 25 14 13 24 24 29 
26 31 18 31 19 29 18 18 9 16 23 20 32 17 24 31 35 37 12 21 13 22 18 22 22 19 29 15 16 31 33 23 21 28 24 31 23 13 23 16 34 13 38 21 25 19 16 36 19 25 25 34 18 15 24 16 20 33 19 17 35 16 17 11 22 29 20 21 20 20 32 34 17 30 11 13 25 46 17 30 12 28 19 8 30 46 31 22 13 10 10 21 16 17 28 14 12 44 25 39 
33 38 11 22 15 25 15 27 14 13 33 28 18 16 26 14 26 40 9 44 18 16 27 22 20 28 40 14 27 17 22 21 20 45 30 26 23 11 30 23 29 21 55 18 16 33 9 15 22 21 35 36 22 20 22 23 25 8 23 14 19 18 11 13 25 23 27 30 24 9 29 25 7 28 8 19 34 43 17 26 18 26 18 29 11 32 37 22 14 14 36 31 24 15 52 27 24 23 14 25 
42 26 14 19 17 13 13 18 24 20 22 16 28 18 33 41 25 35 17 36 29 13 32 15 50 22 28 30 23 31 40 30 18 19 34 18 27 13 23 19 29 13 31 19 28 13 14 20 16 27 22 32 33 12 27 21 22 26 11 17 32 17 16 6 36 28 30 18 37 27 30 29 13 23 10 20 34 24 8 23 13 28 28 9 28 44 23 27 24 17 21 23 28 19 39 22 21 22 26 35 
18 35 12 6 16 23 17 18 16 8 28 19 20 13 19 15 25 28 16 26 10 20 27 7 32 21 40 15 25 26 29 28 19 22 24 19 13 15 16 26 8 18 20 32 25 17 15 33 19 30 24 23 39 16 31 17 15 40 25 26 35 10 12 18 28 29 31 22 27 17 28 34 31 28 11 17 32 43 21 14 14 25 29 26 31 39 20 21 24 14 20 26 21 25 24 21 7 17 20 37 
32 31 14 18 17 23 13 19 15 20 35 12 28 9 18 32 19 40 13 19 17 19 21 15 24 20 33 23 20 24 28 14 15 11 33 16 25 18 36 14 26 19 26 21 21 35 14 37 20 29 19 15 40 18 36 22 27 36 27 20 24 22 18 19 35 17 23 25 30 27 25 33 35 26 14 22 27 24 15 27 14 13 18 30 26 29 41 34 12 19 18 35 29 22 18 11 16 22 27 31 
28 26 15 18 19 30 16 16 18 6 16 23 32 22 23 30 32 29 15 23 21 11 17 15 37 13 40 19 22 37 23 10 20 24 24 10 30 12 22 26 23 25 26 22 16 32 13 36 13 28 20 31 18 17 23 9 21 29 29 23 30 19 14 16 31 18 31 19 33 29 41 27 23 31 14 19 24 33 16 13 18 35 26 24 20 43 27 25 29 17 18 18 19 14 18 21 18 20 26 23 
28 31 21 20 12 31 15 27 12 15 32 13 16 16 11 28 30 39 22 31 12 22 19 18 33 13 28 14 20 25 29 36 22 33 32 34 33 19 23 15 44 18 34 31 15 22 9 22 10 35 27 28 25 15 26 24 19 21 22 20 25 23 23 10 29 21 21 23 39 12 21 30 31 13 19 17 17 40 14 36 13 29 12 20 21 28 29 25 30 11 19 25 14 21 26 29 20 19 24 39 
27 9 19 31 11 36 14 20 17 12 26 13 34 30 16 28 27 49 14 26 14 27 34 16 38 13 30 15 26 21 27 30 15 22 25 24 20 15 20 19 48 15 23 23 22 38 18 27 18 20 28 46 40 10 23 17 22 33 26 15 19 19 22 23 26 30 27 27 23 27 20 37 15 18 15 13 18 41 19 38 13 33 23 14 13 36 21 23 18 16 9 28 24 6 44 27 9 18 25 35 
16 26 19 33 15 28 19 16 15 18 22 13 20 25 22 26 22 28 10 30 13 19 31 25 38 19 21 16 21 33 14 34 22 31 13 31 24 18 21 16 35 10 24 28 23 31 16 15 30 15 23 25 37 18 25 28 19 23 26 26 17 14 13 26 18 23 20 18 39 11 23 33 22 21 11 20 35 40 10 20 12 28 26 35 19 36 24 17 21 19 24 23 19 13 46 29 14 15 19 23 
28 52 20 21 21 18 16 19 13 13 31 20 29 17 22 32 21 36 18 28 16 19 11 21 59 15 30 19 24 31 35 32 11 15 13 25 22 17 20 20 22 22 26 33 24 26 17 18 17 23 32 33 20 16 11 14 16 43 25 19 30 25 15 14 40 17 19 26 33 17 38 22 31 24 12 13 30 27 13 12 16 9 20 24 17 23 23 27 31 11 18 17 26 21 34 26 16 24 25 30 
31 38 19 25 23 32 16 25 15 12 30 27 25 11 18 31 33 44 17 54 19 16 12 16 44 10 23 17 10 20 35 41 28 22 26 15 34 18 32 11 45 24 21 14 24 18 12 31 13 30 26 28 16 11 29 23 20 38 17 18 33 22 18 14 29 20 24 15 31 16 25 22 14 31 22 9 35 16 23 22 12 39 24 38 23 38 34 23 14 23 14 25 20 23 42 16 24 21 19 17 
49 31 16 45 22 12 13 22 20 16 28 20 25 7 21 20 20 43 22 34 16 17 9 15 32 18 29 16 12 36 31 28 16 32 19 15 14 17 19 9 41 23 28 33 12 31 17 45 17 22 34 43 27 17 39 16 17 31 18 33 16 24 21 14 18 29 33 17 34 18 43 42 34 27 12 13 28 30 17 34 16 18 33 26 27 42 23 23 24 12 15 31 19 14 26 21 21 14 17 28 
33 20 9 22 12 39 12 17 19 11 16 19 22 11 12 13 19 20 19 22 19 15 37 13 35 17 29 19 13 26 23 30 31 42 19 34 17 14 31 37 25 21 25 33 15 22 19 13 15 26 24 15 27 16 19 20 16 16 15 16 34 14 20 16 24 18 19 40 30 23 19 41 26 36 13 17 37 24 15 14 19 44 24 27 26 17 36 27 15 10 26 23 34 19 35 26 16 29 23 31 
23 31 22 26 15 37 17 18 15 12 27 22 28 19 14 27 30 28 14 48 16 20 23 21 16 21 29 22 25 32 14 33 7 32 17 33 26 13 26 24 35 13 22 21 21 37 19 34 17 15 28 29 19 20 18 14 23 32 24 17 20 16 15 15 22 26 14 29 15 27 24 22 25 28 15 14 28 17 15 20 20 36 17 18 22 31 22 26 22 16 19 23 31 17 41 20 16 10 30 16 
8 40 13 41 22 40 15 16 24 16 15 20 25 26 16 30 35 40 8 28 19 16 18 30 25 15 43 16 19 27 29 31 22 15 23 32 33 19 16 19 32 30 17 21 25 25 13 38 16 12 23 28 37 12 19 13 17 23 25 25 26 7 10 19 25 18 19 16 22 21 30 54 23 37 10 25 26 34 15 43 21 47 9 22 8 29 26 33 20 15 16 21 33 14 40 11 13 25 30 41 
33 25 22 21 22 36 22 23 20 15 30 15 24 10 11 10 28 39 18 20 23 12 26 12 51 14 32 26 23 36 23 20 12 20 26 22 17 21 34 14 30 16 14 33 21 29 16 16 10 18 30 28 25 19 24 25 10 44 23 16 43 15 17 15 29 23 18 26 19 28 34 19 12 24 12 25 19 25 19 25 14 42 23 22 30 23 17 28 27 9 17 26 30 21 31 11 19 20 38 32 
25 17 20 19 16 29 13 25 13 11 34 14 38 27 23 33 21 34 14 26 10 17 23 15 39 18 44 17 13 10 29 23 20 16 29 12 22 11 26 11 26 31 44 20 21 30 17 27 14 45 37 41 27 12 20 12 24 36 18 6 30 18 15 16 35 32 28 14 21 26 30 28 32 25 12 13 39 40 15 26 20 40 25 19 17 25 30 27 8 19 14 18 25 16 27 15 21 23 24 39 
27 9 14 10 17 36 18 22 6 23 31 10 26 23 37 24 25 41 16 22 23 24 30 23 22 14 16 17 22 23 33 22 18 27 18 20 26 15 34 17 50 17 21 24 14 33 8 28 20 10 23 37 26 13 24 23 16 36 16 22 30 22 20 17 22 25 26 32 22 23 28 20 28 16 16 23 38 29 15 35 14 20 13 38 17 24 25 10 16 23 31 22 26 10 33 16 18 16 17 11 
30 38 17 31 21 28 12 23 19 20 31 21 23 18 23 20 29 30 16 35 13 20 16 24 39 15 20 20 13 27 21 23 25 22 19 22 24 18 22 20 34 15 37 21 24 13 15 18 27 26 29 35 27 26 19 17 18 22 18 26 9 15 8 15 2 27 28 31 23 24 25 35 14 23 14 21 23 33 21 30 16 42 31 16 20 18 18 30 11 17 17 16 30 21 28 26 23 34 18 22 
41 34 16 27 24 40 18 20 21 20 32 24 37 16 20 32 34 23 14 20 20 19 26 22 33 7 26 16 18 13 34 24 24 34 25 26 32 11 24 26 26 19 31 29 20 36 14 27 20 17 16 33 15 15 32 22 21 15 16 26 22 21 15 15 21 20 16 19 26 26 35 27 19 30 12 13 12 32 14 26 22 30 16 42 23 23 21 27 10 15 26 25 26 17 37 11 20 22 24 16 
32 30 14 29 15 28 13 26 24 21 32 14 28 25 26 24 27 39 17 17 13 18 16 20 28 18 34 21 26 25 42 34 12 43 20 26 33 15 20 17 39 20 13 13 28 29 11 31 24 19 14 35 21 19 15 18 14 36 13 21 23 11 13 17 35 27 27 30 38 13 24 31 33 30 17 26 24 28 15 30 16 24 29 30 17 26 21 39 17 14 9 22 19 19 45 18 23 27 25 36 
26 36 13 31 20 18 12 19 13 9 19 12 16 18 15 22 24 37 19 35 17 23 18 26 19 17 27 21 22 18 33 35 22 23 21 15 33 14 26 23 26 33 27 19 25 29 10 31 21 23 21 47 37 16 19 7 19 26 23 31 22 20 19 11 28 21 34 17 12 16 26 27 13 23 16 19 26 18 16 33 11 20 37 22 30 26 32 14 25 9 17 17 16 19 31 12 15 26 25 36 
18 32 23 33 20 25 18 9 15 20 21 24 36 21 13 32 18 37 19 20 18 20 24 14 46 19 26 23 22 36 19 19 20 24 32 27 18 22 17 30 40 20 48 25 14 25 17 45 14 27 16 25 30 15 32 20 22 26 25 10 17 13 19 17 22 20 18 21 15 21 28 22 20 15 10 10 28 34 19 31 12 20 19 24 26 26 32 17 18 13 26 13 25 17 36 24 16 22 25 20 
33 28 17 24 15 29 16 23 17 18 24 21 21 18 29 25 26 19 23 31 16 20 31 13 29 16 34 25 24 40 23 36 15 17 16 17 31 12 26 19 29 22 29 35 15 22 13 34 23 27 30 21 33 19 27 18 22 31 23 20 22 9 5 15 25 23 26 12 20 26 30 31 30 20 19 24 41 18 15 28 7 37 36 33 18 34 18 23 20 13 11 18 23 17 34 26 16 25 27 27 
21 26 15 18 15 40 19 24 21 16 27 22 39 17 28 28 35 21 20 18 24 15 13 23 33 19 19 23 13 6 12 36 21 34 32 14 23 16 27 12 20 21 37 29 23 30 15 18 28 39 27 40 42 12 28 13 17 26 7 23 21 14 34 22 8 23 27 28 29 15 20 32 24 21 11 13 34 34 17 24 13 28 25 19 20 43 38 17 30 16 7 25 17 21 44 19 16 26 18 36 
26 23 11 22 20 25 12 17 22 19 34 20 14 21 20 35 46 33 19 32 13 17 24 23 42 27 35 25 20 35 28 22 19 17 22 23 24 12 15 16 28 23 18 28 23 32 14 26 27 30 39 31 38 21 20 20 23 42 31 28 26 18 22 15 23 21 28 14 13 14 17 26 25 24 13 14 34 44 8 21 9 21 26 12 16 8 21 29 21 22 23 24 24 14 31 23 16 27 18 27 
23 51 10 32 19 33 22 25 9 17 30 34 20 16 14 24 34 26 11 38 11 20 28 13 40 18 28 19 24 20 22 35 12 13 37 22 12 11 25 19 33 19 33 21 36 19 26 18 7 20 40 23 27 17 24 16 18 33 23 19 26 18 17 19 27 28 33 25 20 17 16 20 12 29 12 15 32 41 18 40 11 23 16 47 22 29 36 30 21 20 18 25 15 23 33 14 16 28 29 27 
43 30 15 32 30 28 14 17 21 10 19 26 27 14 27 30 19 44 17 44 21 13 19 16 35 19 28 14 20 23 21 28 24 28 35 17 32 18 32 19 44 23 24 25 28 20 19 16 23 20 30 27 29 16 18 21 25 35 17 18 5 18 20 8 30 27 14 24 20 20 24 24 20 24 15 11 29 26 11 34 21 31 5 22 37 42 37 14 23 18 13 28 25 21 33 7 15 27 19 29 
45 25 12 14 22 39 9 19 22 17 32 32 36 11 20 12 35 36 18 28 18 15 20 11 23 17 32 12 18 29 24 23 17 16 13 36 22 9 27 14 22 23 32 20 34 34 9 33 30 22 22 34 25 22 30 18 18 10 20 23 29 17 16 15 25 25 30 24 21 25 32 29 17 18 22 26 15 35 16 23 12 34 20 27 31 38 30 32 21 9 26 17 24 14 36 30 18 27 23 28 
35 38 19 25 24 15 21 32 16 15 39 14 18 20 20 18 19 24 24 21 16 15 31 19 27 14 46 17 24 21 27 29 13 17 26 30 34 10 29 20 33 15 29 28 22 17 13 16 13 26 18 38 21 17 14 15 16 20 17 23 42 14 11 17 25 17 26 24 25 22 32 43 26 33 15 18 25 24 22 24 20 21 30 30 19 23 15 23 17 16 13 23 16 30 32 19 14 21 24 23 
33 27 12 20 15 15 14 25 21 18 18 25 23 11 11 26 31 36 15 30 13 28 30 21 34 22 40 11 5 33 33 29 16 28 32 21 26 12 32 27 47 23 51 8 23 7 20 37 17 23 27 35 38 17 15 16 24 50 20 25 20 13 17 10 34 20 17 19 23 14 22 31 12 31 22 26 31 26 13 26 5 20 20 28 19 27 24 30 17 10 15 15 13 25 28 6 15 17 27 5 
33 26 15 39 13 26 14 25 26 14 26 30 24 15 24 30 24 34 8 32 20 16 20 19 38 11 42 18 16 42 25 32 18 18 26 27 39 13 18 24 26 27 30 20 25 27 11 18 20 37 22 13 32 19 20 16 17 21 27 30 23 19 20 13 26 19 23 19 28 25 32 8 33 21 12 22 25 29 9 22 17 12 34 28 27 37 24 22 14 20 27 31 23 8 24 22 25 20 16 38 
21 29 19 32 20 31 16 22 19 13 37 23 21 15 14 26 23 34 15 43 21 13 20 23 38 12 27 15 15 29 39 28 22 25 14 27 36 21 24 24 29 22 15 15 20 38 21 30 25 25 17 40 20 21 7 22 13 30 22 28 24 16 15 9 30 27 17 20 32 18 24 30 34 21 22 10 29 29 9 37 10 36 28 54 28 33 10 38 17 14 18 20 25 13 31 11 15 24 18 14 
35 29 16 37 10 20 17 19 13 13 27 23 31 16 31 14 25 18 15 35 19 25 12 29 18 13 13 18 15 30 28 29 21 19 26 19 18 17 30 27 39 21 23 21 19 30 14 39 16 26 34 22 36 14 19 18 17 44 25 24 32 19 15 13 28 19 24 19 28 30 25 35 20 35 17 23 25 28 19 34 14 27 27 24 15 26 17 26 23 9 14 20 22 20 19 24 18 16 21 27 
40 37 12 22 21 30 16 19 30 16 39 11 37 17 22 24 28 34 16 29 21 22 15 18 27 23 35 15 19 26 26 24 23 32 20 24 40 14 20 22 23 17 30 34 23 28 20 31 21 38 33 42 34 17 25 18 20 32 28 36 26 12 21 11 24 26 25 11 31 24 25 18 22 25 14 8 36 27 15 35 14 29 9 27 29 27 24 28 18 15 20 21 28 20 40 11 10 27 12 28 
20 31 10 30 21 15 14 24 24 8 26 18 24 15 16 16 30 35 20 35 17 25 25 19 37 15 27 23 23 29 22 16 18 29 24 31 21 22 19 15 31 20 33 33 31 27 8 32 15 17 33 40 15 18 16 17 19 25 9 21 29 26 8 18 26 27 13 20 23 29 21 34 20 27 13 16 34 30 10 32 10 20 20 38 25 30 32 21 18 17 17 12 26 16 45 30 22 26 15 39 
39 29 13 19 8 25 15 15 19 19 32 27 22 10 19 18 38 32 16 27 14 20 21 19 30 13 21 19 17 24 14 35 20 37 21 28 31 20 23 11 36 25 42 12 25 32 19 25 17 18 21 18 33 13 24 18 15 22 33 15 21 25 25 9 36 16 7 11 40 15 26 23 26 33 15 13 12 38 16 31 15 29 18 30 22 33 26 18 21 14 19 20 26 16 19 23 13 17 14 20 
40 30 22 30 19 16 23 17 12 17 22 13 26 22 25 18 46 37 20 29 24 22 10 16 41 14 35 16 19 30 20 28 12 37 18 30 18 21 17 20 23 23 26 9 22 41 15 8 21 34 36 43 48 12 21 18 15 42 9 21 30 27 17 24 23 17 21 16 25 20 26 23 22 33 13 15 36 43 16 47 15 10 27 23 30 21 31 30 21 14 11 27 22 27 10 17 14 16 24 34 
6 27 19 36 19 34 18 16 19 16 33 23 24 24 24 20 23 13 8 17 15 16 31 7 30 14 27 15 13 23 27 41 22 34 31 17 22 23 20 18 31 15 22 17 23 34 10 19 18 34 31 18 39 17 34 17 23 27 20 16 21 12 24 16 24 36 33 34 41 29 22 35 28 27 22 16 15 14 19 30 19 17 13 32 20 26 30 32 14 22 20 20 30 23 13 14 11 33 30 22 
12 18 7 20 33 33 18 14 19 12 25 26 28 11 17 19 34 23 9 35 16 10 23 19 27 11 34 19 11 30 42 11 19 27 28 26 17 10 21 32 19 19 22 11 15 12 15 20 17 28 23 35 20 23 27 22 27 15 20 29 21 17 16 10 30 20 24 18 33 17 27 27 17 30 13 17 33 43 25 25 12 30 24 45 18 27 20 25 20 12 10 15 31 18 49 20 15 30 32 26 
45 30 19 21 11 33 14 23 18 10 20 19 46 15 27 34 23 38 17 34 16 19 28 26 17 18 18 24 13 13 24 23 14 37 35 22 20 25 28 37 29 25 31 23 25 18 14 30 15 26 23 40 25 15 27 22 27 40 23 42 26 18 14 16 34 20 13 16 22 13 30 15 24 24 6 8 21 11 18 43 14 37 22 39 23 29 27 17 19 17 20 31 23 11 41 19 20 32 17 25 
29 26 7 30 15 26 12 14 13 12 23 24 13 23 17 18 25 19 15 17 17 18 15 17 31 15 36 21 11 34 26 23 6 43 36 25 20 9 14 28 41 26 40 22 23 30 19 17 5 27 36 30 32 18 21 5 29 26 21 21 17 19 15 11 17 12 19 26 29 26 24 36 36 34 18 23 17 21 14 18 18 21 23 33 23 48 32 23 14 19 26 12 22 15 46 30 17 16 28 18 
27 12 16 15 11 19 11 16 11 18 16 28 19 11 21 24 33 26 12 20 13 23 33 16 16 20 36 13 15 17 26 28 16 27 25 28 27 11 27 23 20 24 19 16 17 25 14 42 18 25 46 34 38 18 27 19 26 24 26 14 20 23 18 15 27 20 16 15 31 28 31 27 24 28 14 21 16 27 10 18 14 17 20 38 24 13 23 22 23 15 13 19 29 29 24 23 15 21 22 18 
39 29 12 33 18 17 14 22 10 11 19 14 34 11 37 28 21 24 7 31 14 23 21 13 14 16 31 19 27 26 36 33 20 15 19 17 25 18 28 16 34 12 38 29 29 30 15 32 9 18 24 17 23 16 26 21 22 23 17 22 24 17 7 10 37 30 31 23 26 19 32 17 11 26 12 21 19 39 16 31 23 25 38 14 23 31 29 34 17 14 25 34 24 20 23 24 23 28 16 35 
29 26 18 23 18 38 12 33 10 22 23 13 30 15 21 23 16 32 14 41 17 26 37 25 15 11 30 16 32 22 17 22 21 10 40 40 22 13 34 17 33 22 33 23 13 27 17 22 18 24 29 30 40 17 27 27 16 47 25 23 19 13 24 21 24 16 25 17 36 24 22 24 30 28 18 23 19 33 19 20 10 27 12 33 25 29 34 36 22 18 18 27 12 19 37 19 20 24 18 32 
30 31 14 28 20 25 18 18 13 21 15 9 29 23 12 27 31 30 14 36 16 15 26 20 45 14 27 16 20 24 17 41 20 26 30 36 23 12 18 13 26 18 25 27 27 24 19 32 16 16 15 14 30 10 20 18 19 26 25 22 25 14 20 14 26 19 13 21 18 23 27 17 31 27 20 22 28 20 18 22 21 20 20 27 8 21 25 21 23 20 23 25 28 20 34 17 17 30 31 36 
36 25 22 23 21 16 7 28 14 12 27 24 16 22 25 26 25 38 14 30 15 14 16 18 34 14 29 15 13 14 42 31 19 25 24 25 27 21 17 17 23 15 34 27 19 30 18 28 17 27 40 19 7 15 18 17 27 19 5 27 23 14 11 18 37 19 31 12 31 19 29 33 34 10 11 10 26 49 19 21 17 26 29 27 19 18 46 25 19 13 13 23 24 22 24 22 21 19 17 25 
33 26 18 24 16 34 11 19 23 12 38 29 27 17 23 16 38 26 14 44 22 20 30 21 31 14 27 18 16 32 29 40 21 31 10 40 41 19 19 23 34 18 32 19 26 32 19 45 12 28 35 14 16 10 19 21 19 30 23 28 24 12 20 19 27 17 26 22 41 21 19 15 23 20 17 19 19 27 12 32 14 29 31 26 19 19 38 29 10 15 20 30 23 19 43 19 26 26 15 24 
25 34 19 29 19 22 21 14 17 18 16 20 22 18 16 24 36 45 6 25 10 15 24 19 36 12 50 19 34 44 18 23 20 21 20 27 22 9 26 20 35 16 34 33 25 31 13 36 19 21 28 25 25 15 31 22 15 35 29 23 25 15 12 14 24 40 13 25 27 24 25 26 19 23 11 21 28 22 21 21 10 41 19 16 25 34 29 30 16 21 20 23 28 19 29 10 18 24 24 23 
22 23 16 19 17 30 19 21 16 20 33 24 16 25 19 32 23 36 12 24 9 24 21 29 19 18 21 24 17 26 32 33 25 16 15 32 15 7 21 16 24 20 45 27 11 21 17 42 19 36 27 34 30 18 28 17 27 18 25 26 28 20 7 12 22 15 22 19 22 21 15 33 15 29 15 13 20 34 16 31 15 42 25 29 26 31 36 22 13 11 26 18 30 17 19 32 12 26 30 29 
31 27 17 25 19 21 18 21 20 11 36 19 33 12 25 27 23 43 9 33 19 21 22 21 43 24 35 15 12 36 18 49 28 32 27 27 25 11 17 23 24 23 20 25 25 21 19 33 24 33 17 17 40 17 9 18 25 30 24 15 35 19 3 18 33 26 25 28 15 26 17 21 26 23 12 19 30 8 12 35 14 33 29 15 16 36 40 17 11 12 31 23 25 25 42 20 20 9 17 28 
22 16 15 22 6 42 19 22 18 8 28 18 27 27 25 35 10 34 14 18 15 17 29 12 45 16 24 19 19 28 21 33 27 35 23 30 25 5 25 11 25 23 9 25 30 20 18 26 15 22 23 33 20 19 26 22 28 28 27 19 22 15 18 17 34 25 35 18 18 20 16 32 32 20 6 20 20 16 6 27 18 23 20 29 23 29 32 28 19 11 11 19 15 9 20 21 20 28 26 26 
33 27 19 43 17 29 16 22 25 17 19 16 22 20 19 25 18 30 15 18 20 15 29 14 28 11 20 15 15 34 22 19 8 25 33 26 26 7 20 26 31 27 31 39 12 17 5 25 16 30 20 16 22 16 26 19 18 27 24 10 20 13 11 18 28 15 18 14 46 17 30 13 27 40 10 13 29 33 10 34 25 43 21 32 18 18 41 22 19 10 8 23 6 22 40 28 14 13 22 24 
20 36 17 19 20 16 18 16 15 19 25 25 35 17 24 25 28 34 17 37 19 26 19 17 30 14 20 19 25 28 43 23 24 38 24 31 21 5 22 27 61 13 26 26 32 24 16 36 13 20 26 45 21 16 29 22 16 35 30 18 28 10 8 21 20 23 28 30 33 19 23 24 18 25 13 19 44 36 17 30 16 22 21 37 34 21 24 37 9 16 23 17 19 20 26 12 17 20 23 31 
37 21 19 34 22 41 18 25 8 10 30 30 35 14 22 31 26 32 12 27 20 16 12 27 18 19 36 14 17 19 31 17 13 23 26 17 23 15 26 24 14 21 27 23 19 21 23 26 20 27 31 48 36 18 24 23 18 48 18 27 33 15 17 15 35 12 31 9 20 29 29 21 21 26 16 24 35 15 18 19 15 40 15 30 11 31 24 25 18 16 21 33 24 20 43 27 10 21 28 28 
24 35 20 16 15 37 2 29 21 17 19 16 20 26 16 26 24 23 19 18 11 16 24 12 20 10 18 19 20 31 25 37 16 30 32 18 24 14 15 25 29 20 25 19 19 20 16 40 19 23 23 30 26 14 21 21 16 28 14 33 19 12 18 14 29 37 26 28 29 20 32 30 31 26 19 23 22 23 12 30 22 18 36 9 18 42 33 32 20 23 22 18 14 20 30 21 17 21 27 19 
44 30 14 33 14 22 13 18 18 19 28 12 16 19 24 6 27 18 11 25 18 7 18 16 30 15 14 16 20 32 17 17 25 18 24 32 19 11 28 15 26 19 37 21 19 18 13 21 8 32 25 36 19 14 23 15 15 19 33 36 19 16 12 7 27 21 26 13 26 22 25 30 24 27 16 23 22 30 7 16 16 37 30 33 17 31 29 22 12 10 18 17 22 18 32 33 26 30 4 31 
37 19 22 17 19 29 20 19 23 8 21 19 29 21 20 37 28 23 14 28 15 19 28 16 35 23 26 11 10 21 33 35 17 34 17 28 29 22 19 19 37 20 32 24 23 20 18 21 19 33 15 34 27 17 20 8 23 38 21 23 19 24 16 10 27 24 28 7 45 13 31 16 18 26 18 11 30 34 21 27 14 3 35 16 28 30 14 25 9 20 13 25 28 16 20 24 12 15 17 31 
11 24 20 15 15 29 9 16 19 12 28 26 15 23 33 16 14 32 16 26 17 13 32 22 39 14 14 19 23 36 26 33 28 33 22 38 30 10 28 30 14 20 31 23 26 32 13 23 15 17 13 8 22 12 28 26 16 33 22 31 32 14 17 17 18 31 18 21 40 20 36 44 27 35 15 15 28 19 11 39 17 16 27 25 26 28 19 15 23 16 17 25 16 13 38 19 15 22 27 34 
32 27 10 31 9 46 15 23 21 13 30 24 22 16 20 13 23 27 16 29 23 26 23 18 32 16 36 18 23 24 29 43 15 29 22 43 18 13 28 23 24 24 26 14 13 25 14 32 13 25 18 43 40 9 18 31 26 43 22 19 25 20 25 16 29 35 40 24 19 11 24 29 21 27 21 20 33 25 15 32 12 20 21 36 23 28 11 19 24 14 15 27 23 16 24 25 23 22 27 22 
38 20 10 25 23 25 15 21 9 13 38 30 42 19 12 22 9 36 15 33 16 10 29 26 39 13 44 15 24 19 27 30 21 27 26 22 19 14 20 26 31 27 40 16 12 30 10 17 14 32 28 17 43 11 15 18 20 34 23 23 26 22 22 12 22 22 16 21 45 14 20 42 24 12 20 18 19 39 13 28 13 17 34 30 18 36 36 17 15 17 15 23 24 17 23 19 16 28 11 36 
19 25 13 36 29 20 17 29 13 17 30 13 26 18 18 19 22 41 17 41 17 18 17 25 27 22 29 14 30 25 15 26 26 14 42 32 16 24 21 29 16 24 35 35 33 21 13 32 17 16 21 34 43 16 18 14 21 15 32 19 20 10 20 18 23 29 28 15 19 30 24 25 19 28 13 8 20 35 16 32 15 11 33 21 21 34 28 39 13 15 18 36 30 21 26 16 17 23 20 22 
32 30 19 21 20 36 17 31 20 17 28 20 31 7 19 17 28 20 16 27 21 15 16 13 41 12 21 19 18 20 13 23 23 29 26 20 22 18 23 24 33 17 26 25 20 31 10 33 13 37 28 19 38 20 14 5 25 15 19 20 23 22 21 19 31 31 28 13 30 20 25 39 15 29 15 20 15 35 20 26 15 21 25 19 26 36 17 31 21 16 17 24 22 17 15 18 14 25 17 29 
30 34 15 29 12 18 12 23 21 14 19 7 26 26 21 29 32 20 13 28 21 9 17 21 38 11 17 30 15 37 28 18 26 28 26 19 25 17 15 21 29 20 29 37 17 19 20 23 13 19 19 17 34 15 25 21 23 10 22 31 25 17 18 16 34 27 26 22 37 16 28 11 37 41 20 8 23 31 6 19 16 20 20 32 14 37 32 32 17 8 22 20 20 13 35 22 10 23 22 18 
27 39 12 21 24 21 16 26 8 15 12 15 26 28 8 21 28 28 16 24 9 23 21 21 28 9 26 18 15 34 31 18 28 28 21 28 32 12 19 24 34 16 25 26 21 21 13 24 13 27 14 20 13 12 29 16 20 19 25 24 27 12 16 9 22 26 7 9 20 11 17 23 33 19 18 26 30 27 6 27 16 21 23 38 22 27 17 37 22 17 19 24 25 22 30 20 19 24 22 33 
24 27 14 27 28 25 14 25 16 23 17 22 29 11 20 18 34 30 15 18 21 19 6 27 11 14 36 8 16 29 24 30 30 40 20 22 23 14 19 30 29 13 34 20 26 28 12 35 23 35 38 31 27 23 30 19 21 31 21 23 30 14 8 9 18 16 24 9 24 26 25 27 24 33 12 13 25 25 18 32 23 27 22 19 13 18 17 26 20 16 16 19 21 13 30 25 23 33 23 10 
26 36 17 40 19 22 20 16 10 17 8 19 22 24 14 17 25 38 9 22 14 15 33 26 29 14 43 21 30 31 22 22 18 15 30 25 35 16 18 11 20 23 24 29 21 26 18 24 22 25 22 37 17 13 19 28 16 35 23 24 27 18 11 23 21 30 24 27 36 30 18 14 27 22 17 21 26 50 9 14 8 20 29 10 10 21 13 17 18 15 16 32 24 12 33 28 10 25 29 27 
16 31 13 23 19 23 16 15 21 18 35 21 27 17 28 14 24 22 13 28 14 15 27 16 31 14 43 13 19 29 33 31 20 23 24 33 31 17 16 21 38 21 20 28 18 21 11 16 18 21 35 23 21 21 29 19 13 22 21 17 28 20 17 23 25 30 20 15 50 25 21 54 19 31 15 17 22 37 15 29 16 23 33 22 34 33 27 31 7 17 12 18 13 14 23 26 16 20 19 36 
26 37 17 30 10 30 14 27 22 18 26 16 15 15 15 28 34 27 13 17 11 23 20 19 20 18 19 9 19 15 30 14 11 39 16 20 18 8 26 23 30 15 29 27 13 21 21 12 19 20 30 30 34 18 33 14 20 30 13 27 23 17 16 15 27 31 15 11 22 22 34 15 12 27 18 12 42 53 14 23 18 16 32 26 14 30 32 24 18 10 23 31 19 29 26 12 13 18 20 24 
24 31 13 28 19 24 16 21 9 21 26 10 38 12 22 25 13 32 18 17 13 11 37 15 24 21 39 18 17 11 22 31 18 49 27 33 25 14 17 17 31 21 31 28 24 14 12 31 20 12 24 25 29 19 38 20 19 31 23 29 32 17 14 15 40 21 21 18 34 29 33 19 24 27 14 5 36 32 13 24 13 39 35 23 31 24 44 30 20 13 14 20 26 15 35 26 19 19 32 32 
35 38 15 25 22 44 2 21 14 17 25 23 26 18 18 21 28 13 19 26 15 30 19 8 26 17 38 19 15 27 33 16 16 29 32 20 24 19 26 13 55 15 16 34 19 34 24 17 16 17 37 29 41 22 20 19 10 27 20 25 31 9 17 11 25 33 17 19 29 27 22 28 24 12 14 29 37 32 14 46 14 30 28 25 24 24 25 22 19 17 13 22 21 22 31 27 14 27 22 33 
28 30 13 26 23 47 12 16 15 14 25 20 20 18 14 16 36 30 21 23 17 19 22 16 28 17 44 22 13 25 17 35 20 35 16 35 19 24 30 22 35 12 35 9 27 33 17 32 18 25 36 36 35 14 26 18 12 20 26 35 21 17 22 16 21 12 36 20 24 9 11 24 25 21 17 12 22 49 17 31 9 27 23 30 14 31 24 26 13 10 18 19 22 16 43 12 24 22 21 26 
31 24 12 31 25 18 16 17 20 7 12 13 35 19 35 19 20 41 17 20 11 15 29 16 30 14 33 19 19 21 26 19 17 23 28 34 24 18 20 15 28 17 25 24 20 25 19 19 11 27 47 26 18 13 35 25 17 21 27 28 22 12 22 13 31 26 33 15 29 25 33 31 29 28 17 20 26 27 12 21 15 32 29 10 13 18 44 21 30 15 7 26 29 18 23 16 11 30 21 41 
41 23 15 7 16 25 16 20 14 8 25 16 30 15 26 17 26 21 18 28 17 12 34 28 20 14 34 21 15 24 24 23 14 29 30 34 32 16 30 13 32 21 29 34 20 21 18 22 22 32 20 38 13 18 18 2 18 30 24 21 19 18 6 9 17 15 14 17 38 15 31 27 41 20 17 11 18 23 15 47 18 27 38 22 22 28 26 29 18 15 13 28 29 26 35 23 15 11 19 29 
37 25 16 32 18 18 14 21 18 10 19 25 18 23 21 28 24 47 15 30 15 15 20 11 20 15 21 21 24 38 30 26 20 43 25 29 28 11 29 26 48 27 25 22 29 27 14 28 16 31 32 33 26 11 24 20 17 21 28 24 29 14 10 17 24 18 24 31 25 21 31 23 36 34 13 32 37 41 16 27 13 20 24 25 24 31 32 26 22 13 16 28 24 15 33 25 20 16 19 24 
39 33 18 23 12 48 8 23 16 12 17 28 23 15 21 21 36 19 21 37 15 23 25 16 30 16 16 16 3 25 32 32 19 36 24 31 20 14 17 19 32 25 32 33 23 30 9 30 8 27 28 27 37 4 25 27 28 29 27 27 26 14 18 12 26 4 30 18 36 19 29 17 36 21 8 15 28 38 9 36 17 46 26 22 26 19 40 26 17 14 30 32 27 12 35 25 16 12 26 34 
20 28 18 26 16 33 10 11 15 13 23 27 22 22 27 36 14 40 15 25 13 17 31 18 29 13 20 12 13 32 29 33 15 22 24 28 12 11 23 21 16 24 5 39 22 28 21 42 10 20 24 33 29 15 24 18 15 39 21 18 35 19 9 17 25 30 31 24 38 26 17 15 28 23 20 29 22 39 15 36 21 25 33 35 4 15 31 25 17 12 20 23 35 25 34 18 23 17 19 29 
29 30 14 7 14 30 23 19 26 17 29 23 27 15 22 39 23 26 21 32 15 25 16 20 32 17 26 15 13 33 30 28 27 40 12 15 25 13 26 26 16 27 23 35 27 21 14 47 17 22 12 22 20 17 21 24 13 36 32 12 20 11 21 15 27 36 37 17 23 19 26 24 19 35 9 16 31 33 16 36 15 19 25 32 12 26 25 35 21 15 31 18 22 12 27 27 27 17 16 28 
29 28 14 20 21 29 23 32 14 10 36 20 21 22 20 30 20 27 17 32 17 18 24 20 24 16 44 16 30 42 21 21 27 35 13 30 24 14 20 26 15 17 23 14 6 26 18 22 19 25 37 24 37 15 18 20 19 37 21 23 36 14 11 13 18 25 18 5 20 16 32 44 28 17 11 15 20 29 16 14 17 22 16 22 15 28 36 20 17 17 15 21 26 22 33 26 16 33 21 13 
37 23 14 27 18 13 14 6 11 14 20 25 21 9 19 29 29 23 11 26 11 17 25 17 21 23 38 20 20 17 28 21 26 15 24 23 38 17 25 18 43 28 34 25 24 31 14 39 17 32 30 25 20 19 22 16 12 35 20 15 25 20 19 11 34 21 24 18 29 20 23 33 25 30 19 24 23 25 20 34 7 39 14 23 32 25 28 22 20 9 23 19 20 18 33 28 18 34 14 7 
29 36 21 19 22 28 15 26 10 15 31 22 25 12 14 36 27 32 18 23 7 19 25 25 23 8 35 19 12 36 29 43 20 16 19 17 28 17 27 23 34 21 23 36 33 30 12 45 11 33 27 32 20 16 21 19 18 28 31 17 30 14 19 12 38 30 25 14 34 34 42 35 29 26 20 16 37 42 15 38 16 29 16 33 26 31 43 33 17 17 28 25 34 25 21 23 21 19 29 40 
19 31 14 34 18 31 16 23 16 15 27 27 21 18 17 23 16 41 15 16 16 20 31 12 26 12 20 17 3 40 22 29 16 23 24 15 20 11 25 30 40 20 20 18 15 18 18 36 16 25 17 42 36 12 25 21 20 21 15 36 38 15 15 15 28 24 28 19 30 26 21 38 17 29 16 15 28 38 13 29 15 32 22 36 22 29 14 39 10 25 20 14 19 19 39 15 15 24 18 18 
37 37 18 17 12 26 20 31 15 9 19 19 23 20 12 28 33 31 7 41 16 20 7 17 38 17 37 15 34 23 31 32 26 24 12 30 25 19 25 31 41 19 20 19 30 22 12 44 24 26 23 35 21 13 17 25 16 29 17 36 25 20 21 16 27 21 29 17 21 28 15 28 20 29 9 23 33 16 8 27 14 27 26 30 26 20 37 40 25 12 16 20 38 18 35 27 8 26 28 17 
32 32 16 21 10 17 21 17 23 12 16 34 31 20 26 29 36 28 9 41 11 23 22 17 27 17 35 14 12 26 14 33 21 14 23 25 35 10 19 29 33 14 20 37 22 30 14 30 16 26 26 36 41 14 19 11 30 31 22 28 25 16 13 17 37 17 15 23 32 20 33 37 19 29 15 19 19 33 25 29 13 36 26 21 18 25 36 18 20 23 20 27 20 18 29 24 25 22 29 15 
26 42 22 27 23 31 19 21 20 17 24 17 36 22 26 21 26 12 11 27 13 12 26 19 41 16 37 14 18 13 29 14 20 28 33 33 13 20 24 26 29 16 29 44 22 27 23 12 24 28 26 32 32 20 26 25 18 34 25 25 20 11 21 17 35 19 31 29 36 13 29 28 27 7 25 14 24 19 5 26 20 23 28 43 25 23 22 31 25 24 20 26 23 15 16 14 20 10 28 24 
45 31 12 30 18 36 13 19 12 12 23 35 27 20 18 16 24 24 21 36 17 23 17 21 35 14 2 14 20 23 29 31 25 23 28 31 15 10 15 29 30 22 34 15 30 30 13 27 16 18 16 49 32 19 24 8 18 39 23 26 30 15 19 23 30 20 30 27 19 21 28 26 18 21 18 21 31 25 15 30 14 33 29 32 21 20 35 36 17 15 18 14 23 16 28 25 25 25 31 26 
19 26 21 21 24 38 12 28 14 11 30 18 16 23 22 23 32 15 18 30 15 16 15 19 36 19 46 21 17 34 28 38 19 26 18 26 17 13 18 24 25 18 34 25 16 21 15 39 22 20 26 27 28 10 26 21 10 27 18 22 32 16 21 21 34 19 22 28 32 20 29 19 16 27 15 16 18 38 19 43 14 38 29 20 22 45 29 33 26 19 16 11 22 20 50 14 16 16 23 38 
30 35 9 33 15 32 17 13 19 17 17 9 20 28 19 21 23 29 19 39 8 11 23 12 26 16 22 21 21 22 47 37 26 40 24 33 18 11 27 10 32 22 15 38 22 30 24 27 18 37 30 38 39 10 22 15 18 44 17 19 23 16 20 18 19 30 25 19 33 21 26 40 14 22 14 14 34 20 20 31 10 28 27 30 29 33 42 29 15 16 18 22 20 18 40 26 12 19 5 41 
28 31 19 20 7 41 19 28 17 18 35 19 27 13 16 23 34 34 8 40 8 16 28 8 43 18 35 16 12 22 31 27 15 20 23 28 24 23 21 25 29 18 25 27 29 25 17 16 27 20 32 28 26 13 35 28 23 25 24 34 33 21 7 16 25 26 27 16 25 28 28 18 27 30 27 20 33 35 15 34 18 34 31 28 24 15 34 35 21 19 17 15 24 11 36 17 8 23 26 21 
36 36 18 30 19 23 12 28 15 16 38 23 28 34 17 34 27 22 12 27 10 18 23 19 42 13 28 27 20 26 20 15 15 29 30 35 38 16 20 24 27 21 28 24 29 27 16 34 22 35 18 28 23 15 24 22 15 25 11 19 21 3 7 21 28 26 29 15 28 18 29 15 10 37 12 19 22 17 19 26 11 29 35 26 22 40 32 29 16 17 17 20 33 19 36 30 11 20 24 39 
30 25 17 30 15 24 17 26 12 11 27 11 21 22 10 17 30 42 12 38 7 18 31 25 40 18 30 15 15 28 31 13 10 15 21 23 21 15 14 14 12 12 33 29 14 11 13 22 14 40 18 35 25 16 33 16 14 35 14 26 14 17 15 19 21 27 26 29 31 23 24 25 32 19 16 18 31 27 20 29 17 38 22 22 25 30 12 15 23 14 20 30 25 14 36 28 17 24 21 40 
38 32 19 31 29 28 15 19 16 18 28 31 21 16 22 27 33 33 16 22 16 19 12 20 23 15 35 25 11 32 27 17 24 23 34 15 29 11 23 21 24 23 19 39 25 18 12 28 9 15 30 32 22 22 8 19 7 31 25 41 20 12 22 13 26 23 16 27 32 11 31 12 18 26 11 15 31 14 12 38 15 34 29 26 30 26 22 30 9 13 24 20 18 13 37 11 16 19 17 26 
35 36 21 20 21 21 13 15 19 10 19 26 22 23 26 32 21 25 15 17 18 12 22 15 33 22 27 22 20 38 28 29 22 35 31 35 23 17 24 15 24 25 31 45 31 36 18 10 25 23 25 17 26 16 24 27 16 27 11 20 24 14 20 17 27 29 30 24 32 28 39 28 29 27 12 17 25 35 13 19 15 20 32 14 17 34 17 30 19 20 24 16 18 18 49 25 15 20 18 16 
38 14 14 25 27 22 12 19 13 20 33 11 23 17 19 16 25 23 12 44 9 19 27 16 17 12 30 14 22 35 19 38 20 25 33 30 42 20 21 22 40 26 29 20 13 27 18 27 25 32 24 11 24 19 22 22 22 28 22 22 38 2 24 13 19 27 14 21 22 13 30 13 28 29 21 9 28 35 13 13 16 50 29 26 29 21 31 37 17 13 32 11 29 22 39 19 22 25 28 40 
25 15 9 34 25 18 17 24 19 11 18 34 20 13 37 22 24 36 20 27 18 26 27 22 12 9 22 23 17 34 37 35 17 40 21 39 34 19 26 23 35 21 15 23 25 44 13 55 26 23 26 41 26 16 28 27 19 38 25 29 24 16 19 10 27 18 30 17 26 19 22 27 18 18 10 19 32 34 23 43 13 17 10 33 13 15 43 24 17 14 22 27 23 21 36 18 24 13 24 40 
29 25 13 28 17 34 13 22 16 17 24 37 23 15 27 26 19 19 14 34 6 15 18 17 36 16 27 25 25 38 41 25 13 26 29 20 29 16 18 22 19 19 32 16 21 20 13 24 16 21 20 27 37 19 28 23 18 33 18 28 25 7 17 23 23 23 22 22 27 29 25 34 36 32 16 16 40 26 15 47 22 24 26 34 22 20 30 18 23 14 12 14 20 14 39 16 20 29 28 20 
15 28 20 19 20 18 20 21 10 12 26 24 24 16 13 11 21 33 19 31 10 17 19 17 33 27 12 22 19 32 30 21 5 18 26 30 26 10 23 19 21 29 16 24 18 24 18 21 18 27 27 28 24 16 10 8 21 47 30 30 31 15 16 16 20 18 14 19 28 16 31 42 18 23 15 19 36 30 13 18 16 20 24 19 26 29 20 34 16 14 19 18 12 26 33 26 34 20 11 27 
22 18 14 38 21 35 20 15 23 14 24 28 21 21 9 16 24 34 16 21 20 14 14 14 29 13 22 24 22 47 27 30 14 28 26 22 18 11 23 20 26 27 26 27 30 29 19 43 10 27 30 40 23 18 32 17 19 37 19 15 22 10 16 21 37 26 4 30 22 24 16 30 34 27 16 26 17 27 14 34 14 28 19 37 30 16 30 36 24 14 22 23 13 18 14 28 21 24 22 26 
30 23 18 23 13 38 16 22 16 17 25 23 23 27 26 30 31 29 14 32 13 19 21 18 30 18 39 22 21 31 26 27 12 29 42 24 14 17 20 23 25 20 29 8 26 21 14 18 14 24 23 23 29 15 26 4 8 36 17 30 22 17 12 17 22 19 23 18 29 29 29 24 28 28 12 17 28 39 11 30 14 18 22 26 18 29 45 9 17 13 18 21 22 20 17 13 21 17 21 22 
29 38 10 29 22 25 23 14 23 14 26 26 22 21 21 24 14 21 20 37 24 12 17 14 26 7 21 14 19 15 36 34 23 28 33 24 26 22 18 32 11 22 26 25 22 29 16 52 13 29 11 19 29 22 19 10 22 30 16 28 25 14 13 13 27 22 28 22 38 17 28 27 26 25 10 10 22 29 19 28 17 37 29 26 21 42 31 22 14 23 25 24 22 12 27 30 17 7 20 26 
18 15 18 32 21 35 12 23 16 16 28 22 27 12 33 29 29 33 18 35 16 25 34 24 25 13 38 26 20 30 16 36 20 17 15 12 33 21 21 14 30 29 28 34 4 29 24 32 25 22 29 15 25 9 24 14 25 18 20 22 22 18 16 17 20 28 33 25 25 23 28 30 16 22 15 25 39 26 24 18 13 15 25 37 21 36 29 27 16 18 12 30 27 17 26 17 30 27 23 27 
23 8 18 26 15 23 22 22 7 21 26 16 27 19 19 21 21 28 13 32 11 14 27 16 31 15 28 19 26 29 39 29 8 26 28 27 29 17 19 31 37 20 43 22 19 30 11 38 20 22 30 19 33 25 17 23 20 28 23 17 24 16 14 15 22 18 17 17 23 25 22 18 30 23 7 11 28 27 14 51 13 21 29 36 19 43 31 27 17 18 21 21 28 15 26 20 6 17 24 22 
31 44 15 22 13 31 14 27 21 17 33 25 26 25 14 19 16 21 13 21 23 23 23 16 37 16 22 21 24 37 28 20 25 19 34 32 26 21 16 15 16 14 42 25 18 20 15 32 15 28 27 39 42 17 22 16 21 31 20 26 12 17 17 18 24 27 30 17 24 25 24 6 24 29 14 16 26 37 24 36 18 33 30 29 18 34 21 25 21 15 11 16 23 6 38 11 17 21 17 42 
35 14 16 32 17 19 18 10 15 11 22 27 13 20 15 5 30 25 14 10 10 17 23 21 29 16 28 26 23 14 26 25 16 29 33 26 34 12 25 27 37 15 25 26 23 24 17 37 28 27 31 22 21 15 34 24 15 12 20 31 27 13 13 15 33 27 27 21 28 21 18 18 24 22 9 28 24 33 12 28 17 33 33 21 16 34 28 21 6 13 6 21 15 19 24 13 29 19 23 15 
25 23 14 24 13 33 14 14 12 12 29 6 23 23 17 31 19 40 11 34 21 14 19 21 33 18 36 18 15 27 28 33 18 21 24 32 28 11 24 17 23 17 43 22 35 34 20 30 17 29 25 15 20 14 25 29 22 38 20 18 26 22 15 9 17 33 26 24 24 25 32 25 31 33 14 19 32 24 12 32 21 22 45 41 24 14 38 17 23 12 17 18 18 14 22 18 21 7 18 26 
19 33 19 42 22 32 16 24 5 11 33 21 24 15 12 29 11 36 13 44 16 17 20 17 20 21 37 30 13 21 36 20 13 26 34 28 25 15 29 22 24 15 35 24 20 20 16 34 17 27 19 22 23 15 18 17 21 15 19 18 23 28 9 11 22 24 22 19 35 13 27 33 26 22 10 17 21 24 26 20 21 31 18 12 19 22 23 34 20 14 28 11 25 21 16 16 14 32 29 30 
44 20 22 30 16 34 14 19 25 14 17 13 15 18 21 23 13 27 17 28 13 15 10 17 42 9 25 20 28 34 24 36 16 35 38 35 37 11 28 21 47 14 31 18 14 23 18 33 21 42 26 44 26 10 25 18 19 31 28 27 19 20 17 16 17 23 23 21 24 25 31 28 28 28 23 9 27 18 13 30 18 21 17 38 22 25 25 24 12 13 21 11 16 12 14 19 21 32 23 28 
30 23 12 27 26 45 12 30 12 11 21 18 27 16 39 13 30 28 13 16 15 15 18 18 24 14 17 19 23 24 36 42 12 28 31 23 19 13 18 15 49 10 39 29 15 28 16 31 16 22 25 35 31 11 29 13 22 31 17 22 33 8 23 15 27 20 19 19 25 9 29 39 10 27 11 14 37 48 19 35 15 37 22 28 29 32 21 24 17 14 23 22 28 26 41 18 16 19 26 24 
44 45 11 22 13 36 17 18 19 10 13 20 21 25 33 16 19 26 22 44 16 31 22 17 22 16 32 22 17 38 29 14 22 35 26 26 20 10 24 22 28 16 36 33 15 23 21 32 18 19 23 23 26 17 10 15 24 27 26 28 33 20 19 20 30 8 32 21 35 17 18 24 22 14 15 11 25 36 5 28 15 35 37 25 20 30 22 23 27 18 22 29 23 15 19 19 20 24 22 22 
27 30 25 18 19 20 20 22 20 14 24 27 27 17 15 31 31 22 3 40 22 11 22 8 19 21 31 12 13 29 33 32 25 19 26 19 27 13 8 19 32 19 22 19 29 16 13 51 15 23 27 37 34 14 22 16 17 39 25 27 21 23 20 17 27 25 25 18 33 17 24 32 27 36 11 19 31 24 9 21 10 42 24 35 24 33 27 21 24 21 24 25 29 21 27 19 14 25 11 27 
32 40 16 15 16 23 9 28 15 22 21 20 28 6 20 16 37 43 11 34 12 21 19 21 29 14 26 14 14 15 13 31 14 20 27 29 22 14 20 20 37 14 46 18 18 32 20 26 15 27 32 49 21 16 32 18 23 26 30 21 30 12 8 12 30 17 25 29 25 34 35 36 34 18 15 13 29 25 12 36 11 28 17 27 18 25 21 39 30 15 13 26 23 22 32 23 15 17 19 28 
26 25 19 32 22 26 14 18 18 11 34 16 33 12 19 25 24 34 13 35 11 18 23 20 37 16 40 24 24 20 25 43 26 14 26 14 29 27 34 23 24 26 40 19 8 24 13 37 19 25 19 36 26 12 20 18 17 35 16 12 20 15 16 20 29 18 33 11 33 23 14 25 37 28 16 18 38 41 18 38 15 9 22 28 21 23 36 27 18 12 8 24 34 20 32 17 18 23 23 27 
20 27 19 24 12 12 12 18 11 14 51 18 40 13 28 29 29 22 16 34 23 10 19 20 33 13 31 17 27 29 25 18 17 21 10 30 26 15 9 21 25 18 22 24 26 31 21 37 12 35 26 42 43 14 28 14 13 20 26 43 21 25 17 14 29 18 21 28 34 21 24 23 13 16 17 17 18 19 14 31 10 40 34 27 21 22 35 26 21 6 18 28 30 27 28 22 19 21 11 25 
31 30 13 28 16 35 10 16 25 12 27 19 32 22 18 19 25 34 13 13 8 22 20 23 34 10 25 14 20 34 22 27 23 20 44 21 25 18 18 16 23 33 31 7 27 24 18 26 15 29 18 36 37 16 20 17 11 20 22 15 26 16 7 19 23 22 9 29 29 23 23 10 27 24 16 20 31 38 11 37 19 25 23 33 5 35 51 29 20 13 20 43 17 19 12 32 17 16 23 12 
23 37 19 26 18 31 12 21 20 13 7 23 17 13 30 17 22 29 14 33 18 16 26 16 24 12 34 22 13 23 28 35 22 13 35 18 31 7 30 13 29 24 26 21 20 14 16 31 15 18 16 37 33 14 29 8 21 28 18 18 24 25 19 17 14 20 20 22 27 25 25 25 22 26 10 21 28 13 19 28 12 24 33 28 18 37 34 41 23 16 21 19 22 25 35 19 15 15 21 27 
30 20 8 24 16 39 10 30 14 18 30 24 14 14 24 27 30 27 12 42 14 5 33 13 31 11 10 26 11 23 19 20 11 29 30 26 25 17 23 20 43 25 40 23 25 20 11 19 14 17 21 22 27 5 21 19 25 31 24 38 31 18 17 18 20 20 39 17 27 18 14 22 27 12 5 23 33 23 13 31 16 37 25 31 26 27 36 26 22 18 20 27 19 16 30 18 25 21 22 26 
31 31 27 23 15 18 18 19 19 16 19 17 19 25 22 18 18 29 15 33 20 22 15 22 11 14 30 20 27 26 31 22 14 21 19 16 28 16 20 15 29 9 26 9 18 25 12 39 17 33 26 29 32 22 17 23 14 36 27 17 31 15 18 22 32 33 19 29 27 23 30 16 27 22 19 14 23 35 12 28 14 30 19 26 7 20 29 37 14 16 27 24 33 7 41 36 12 20 24 40 
33 16 21 28 16 40 13 21 12 16 37 18 17 21 18 12 32 34 19 41 14 24 11 21 43 13 31 12 21 30 18 28 25 13 21 22 39 15 13 22 20 18 32 37 19 28 15 33 15 28 21 35 26 14 27 15 15 32 29 20 26 28 22 13 39 16 22 15 33 19 21 17 28 20 20 17 39 29 14 30 11 24 22 14 35 29 29 23 22 18 17 27 20 15 48 31 16 23 18 36 
24 21 9 24 15 7 13 18 11 21 24 23 33 10 20 20 37 25 16 37 17 18 25 26 34 7 34 12 7 18 44 22 27 39 27 27 24 12 26 16 24 23 23 25 21 21 16 33 20 21 21 30 15 18 20 16 22 36 26 30 33 19 19 7 21 25 25 23 22 19 27 30 18 21 21 19 23 35 16 18 18 33 17 12 18 26 43 26 15 18 21 17 21 14 41 29 16 16 27 20 
29 36 14 12 29 27 21 18 22 13 17 19 26 11 23 21 23 36 12 36 19 15 30 20 25 17 23 18 23 52 21 30 20 36 29 18 23 13 25 28 39 22 25 30 26 17 13 22 27 15 30 30 26 13 25 28 11 26 21 30 42 13 11 21 29 23 33 30 22 30 28 22 34 20 16 19 31 29 16 18 17 18 30 26 19 39 28 17 20 15 28 17 36 16 43 25 16 23 28 26 
37 35 13 23 19 24 11 29 17 14 31 20 38 19 17 18 28 26 18 37 9 18 14 16 41 18 20 13 17 40 21 49 27 21 19 28 37 8 25 17 26 22 40 35 21 38 19 35 27 28 25 26 32 18 18 25 23 33 34 19 32 13 17 14 27 25 30 19 32 29 22 12 25 25 10 30 34 46 17 27 12 37 17 29 24 13 39 32 21 14 25 22 21 21 19 25 13 18 19 36 
35 32 11 21 20 33 13 30 16 15 21 27 35 14 26 15 19 52 12 30 18 15 27 25 51 23 32 11 23 18 29 27 16 26 28 26 33 22 23 20 14 16 39 24 24 22 6 12 14 41 36 17 35 19 16 20 26 44 25 20 35 21 21 21 21 36 26 28 30 20 28 36 34 20 15 15 11 34 15 30 11 24 18 12 19 32 23 33 13 12 17 19 28 23 55 10 19 24 20 38 
14 31 13 27 15 31 19 22 13 18 27 17 35 21 18 18 32 45 21 31 15 17 17 25 36 22 46 27 12 36 38 7 20 31 25 26 30 15 21 26 16 18 22 29 22 26 14 35 20 19 19 28 20 14 26 16 17 50 21 26 33 20 8 22 30 27 31 28 30 25 23 23 29 23 10 8 47 42 19 19 12 44 20 14 29 37 34 35 19 7 23 10 14 12 20 7 25 35 15 26 
30 19 20 32 16 32 18 29 18 16 21 25 27 13 23 27 30 31 16 13 19 19 27 23 34 19 43 18 22 30 26 23 15 38 39 29 17 16 23 11 16 22 35 18 28 28 13 35 13 34 20 20 38 17 25 18 11 44 24 28 40 23 16 17 26 19 23 18 41 19 30 26 28 27 14 17 24 34 13 30 3 39 26 37 22 43 28 21 25 13 23 16 6 12 45 18 8 15 25 34 
41 18 12 19 15 26 16 26 24 17 18 2 39 28 20 22 18 28 18 33 13 20 27 20 35 15 41 25 20 29 31 28 19 26 30 28 24 13 26 24 46 19 32 25 28 33 11 45 15 19 44 11 38 21 23 11 23 15 29 35 26 10 23 19 27 23 32 12 32 19 22 22 19 32 8 13 25 21 13 25 12 35 21 44 14 17 46 21 15 17 20 15 16 14 13 25 21 29 23 25 
26 36 18 28 20 25 15 18 19 20 25 28 32 14 30 20 28 30 11 29 13 14 24 22 12 22 35 19 14 27 32 29 19 38 27 37 13 15 28 11 27 17 26 17 21 30 21 38 10 22 27 32 36 18 29 19 14 35 30 21 43 21 19 12 40 20 38 19 32 13 30 23 34 23 12 18 33 31 16 34 20 33 23 43 30 15 47 30 22 17 17 25 20 17 42 25 7 38 19 32 
25 20 21 13 19 27 21 23 14 8 23 27 32 21 14 20 24 14 14 26 18 19 13 16 36 21 26 17 18 27 23 36 24 23 30 28 28 18 30 14 34 30 28 40 22 20 28 28 28 34 24 34 20 14 23 19 17 37 25 25 27 17 25 12 29 18 31 9 34 9 26 30 28 21 18 25 25 25 16 44 20 37 22 28 19 28 16 22 16 15 22 22 21 18 34 11 21 34 23 12 
22 45 13 38 20 48 20 21 12 15 25 16 34 14 23 25 19 27 17 40 18 23 27 20 29 16 32 15 23 32 40 44 25 27 34 19 33 13 24 24 35 17 26 20 15 27 17 37 18 18 37 27 25 15 28 20 26 38 16 18 16 17 14 17 28 35 20 34 23 24 22 32 27 18 11 16 34 40 17 22 17 25 31 35 24 33 32 35 21 10 18 18 31 20 38 20 10 35 30 36 
36 23 20 37 21 36 20 24 5 10 25 12 26 15 24 25 24 33 14 12 19 24 22 16 39 10 17 17 30 8 17 31 22 29 28 13 31 13 22 14 30 18 21 31 13 25 8 14 19 32 24 36 25 9 20 16 29 19 34 12 16 14 14 16 40 25 26 19 31 16 28 22 13 29 10 19 17 16 11 35 16 24 28 24 21 30 31 23 21 18 17 18 18 23 20 30 18 26 15 15 
30 48 15 24 24 29 19 3 25 13 16 15 23 16 18 30 29 45 12 40 14 22 16 20 32 23 25 14 21 26 19 21 12 19 21 29 24 9 17 18 38 24 25 35 27 16 15 41 24 23 17 23 22 15 18 16 36 26 26 36 30 24 20 12 20 23 35 20 29 21 23 29 21 18 11 11 23 24 12 28 10 25 21 4 17 33 22 33 26 14 16 21 28 14 41 13 23 16 26 32 
29 30 13 22 13 35 9 27 19 17 29 20 16 16 28 19 20 37 16 35 16 19 32 22 38 17 36 22 22 32 24 32 14 23 18 25 40 15 16 36 30 21 34 32 23 11 15 43 17 29 16 15 28 14 12 23 24 30 27 28 37 21 27 18 26 27 34 17 24 21 22 31 27 37 15 18 25 22 15 24 16 22 10 36 27 42 36 13 24 19 18 19 11 9 29 11 11 22 22 20 
37 22 22 26 22 27 20 29 15 19 36 21 34 20 10 22 25 21 17 24 11 21 12 18 26 13 27 23 25 34 31 30 20 19 31 28 39 8 26 14 21 9 33 21 24 18 14 31 14 32 22 14 27 17 23 19 25 48 23 22 18 23 18 11 30 22 13 23 24 24 19 39 22 18 14 22 46 34 10 27 12 41 27 37 21 33 30 23 15 13 18 28 20 24 26 28 8 23 25 25 
32 35 8 20 13 16 12 4 13 20 15 20 35 15 32 19 30 28 19 38 11 20 33 16 41 11 37 18 17 26 26 17 27 29 17 27 26 17 24 14 33 18 28 23 24 27 16 20 12 37 30 34 36 21 31 11 17 23 36 25 17 17 24 15 14 19 24 16 20 23 14 26 43 25 10 17 33 33 21 35 16 19 8 23 22 24 17 18 17 19 18 15 24 20 46 21 18 18 22 23 
39 36 13 29 11 19 17 24 25 14 15 24 17 22 26 15 26 48 12 41 16 24 25 21 21 20 32 11 23 25 34 21 18 39 33 29 26 18 23 30 42 23 37 34 24 23 15 15 28 23 26 39 28 15 16 14 19 31 19 30 20 4 19 11 29 19 20 21 37 17 7 37 20 34 18 13 17 25 22 24 17 29 22 16 21 36 39 31 19 10 25 4 10 28 24 20 18 19 23 27 
39 23 15 29 15 25 18 27 11 15 13 16 18 19 12 28 20 29 20 32 19 11 26 26 29 20 12 26 21 35 17 12 16 31 28 20 26 15 17 21 16 28 20 26 28 36 15 31 23 32 16 25 36 10 24 19 22 18 17 17 20 24 18 17 23 19 9 9 26 24 16 24 26 28 15 15 37 35 14 11 17 15 38 25 18 24 36 27 23 15 7 17 9 20 14 17 17 17 28 18 
24 21 16 28 27 39 16 18 13 17 17 27 20 22 19 17 26 20 11 38 21 18 20 7 36 13 35 16 14 45 24 37 21 29 32 18 36 16 15 16 34 18 21 25 17 30 12 22 10 44 35 33 27 11 33 24 22 17 16 35 19 27 15 16 34 23 22 29 25 18 32 39 16 24 13 23 29 41 17 29 15 23 19 17 15 17 7 17 25 22 19 26 23 21 42 25 11 20 29 18 
36 20 17 31 21 24 12 35 18 11 25 15 16 12 31 24 29 25 16 31 24 13 19 18 33 20 26 14 15 26 20 33 18 27 38 22 27 17 34 15 41 32 36 18 21 21 16 30 8 24 18 28 29 13 16 17 12 32 23 31 26 20 16 17 33 25 31 21 48 22 20 28 20 33 11 18 15 38 14 36 14 28 28 33 9 29 35 38 21 19 14 34 24 16 45 19 12 21 19 22 
25 16 16 21 19 21 12 19 15 19 38 25 35 18 23 28 27 41 15 44 18 11 31 20 38 10 31 24 18 24 31 31 32 34 31 27 30 11 11 27 29 22 41 29 24 19 14 15 17 26 29 31 20 19 23 21 16 52 32 32 21 18 11 11 31 28 18 31 25 14 25 22 37 18 19 19 20 36 18 31 19 41 21 34 23 26 29 28 19 10 20 12 17 21 23 23 14 27 33 25 
22 30 11 33 20 27 23 18 23 19 14 15 36 17 28 16 40 32 11 26 12 20 21 23 42 10 33 28 26 29 32 11 13 26 30 35 40 12 35 17 25 19 35 28 24 38 21 34 17 33 21 35 11 21 21 20 23 42 32 18 24 19 11 13 18 16 20 21 17 26 28 27 24 20 13 19 25 32 17 33 18 30 23 20 22 37 23 33 13 16 22 29 18 13 30 19 21 31 20 39 
34 25 18 23 15 30 14 30 20 9 25 11 27 20 28 25 28 21 18 45 22 20 13 10 20 21 45 11 20 30 36 25 26 25 29 27 21 16 16 18 36 15 24 26 22 25 18 32 15 16 31 35 42 19 29 22 19 35 29 9 19 9 17 17 39 7 25 19 26 23 33 32 25 39 13 9 39 40 16 36 9 35 29 38 15 35 25 25 20 17 16 20 32 18 26 23 13 14 32 36 
32 24 17 4 16 33 6 25 20 16 32 25 34 16 19 17 23 24 14 30 17 11 32 20 22 14 19 15 17 19 16 14 20 22 16 18 22 18 14 27 21 21 38 9 23 30 16 23 9 25 18 54 19 12 16 18 13 31 35 20 26 22 22 9 17 14 20 27 22 4 17 16 26 26 12 15 29 25 17 30 20 15 13 32 20 33 22 19 17 19 15 19 20 15 42 21 10 24 18 22 
28 10 21 24 18 14 20 17 23 11 18 15 21 20 24 22 22 10 22 32 12 19 26 15 27 12 39 20 30 24 25 34 12 10 26 34 29 13 23 23 47 13 31 25 24 21 16 42 20 35 23 35 11 15 24 16 20 17 33 27 15 18 12 13 24 29 28 35 17 30 26 42 33 21 16 17 33 38 23 47 14 37 28 32 28 24 43 15 23 13 24 34 25 18 37 33 19 26 27 30 
28 29 17 14 15 43 12 26 18 10 27 19 36 14 24 23 36 30 20 27 23 22 26 19 33 17 29 11 15 23 33 33 15 37 28 20 19 19 27 20 31 21 33 9 25 21 10 13 22 20 33 53 36 13 23 24 14 26 26 20 31 19 20 14 15 13 15 23 26 14 17 46 15 33 17 27 19 31 21 23 16 31 19 32 22 45 21 30 20 17 25 29 24 17 23 31 7 8 33 42 
33 27 11 18 17 30 16 17 20 17 30 12 24 15 14 34 35 17 12 35 20 11 20 24 47 14 29 23 21 28 24 18 15 27 33 26 22 13 28 30 33 26 23 34 14 29 12 38 21 25 13 30 39 19 26 5 22 29 17 23 26 14 15 20 22 34 32 15 36 29 31 8 23 20 16 12 21 29 19 25 22 14 34 32 17 24 27 20 24 14 17 26 11 21 27 22 20 18 25 29 
35 30 15 23 17 44 10 17 21 14 23 24 38 24 17 27 23 30 13 22 16 17 22 20 32 19 29 18 19 28 19 13 23 21 35 35 26 16 17 22 26 19 12 24 27 35 11 19 32 14 27 37 7 18 26 16 20 13 33 20 25 21 24 16 24 29 12 16 33 18 27 28 18 17 20 23 32 45 11 30 18 33 19 15 27 20 54 20 22 14 20 24 19 22 28 26 18 18 23 34 
42 27 19 21 22 21 16 22 17 19 28 25 32 20 11 22 25 41 13 35 14 17 33 26 39 10 22 16 19 36 31 37 11 30 19 5 17 10 31 31 23 12 38 24 14 24 19 25 20 39 28 30 25 17 13 16 23 23 27 25 22 24 8 16 40 23 33 19 26 27 17 13 28 22 15 13 36 33 10 21 22 13 23 26 20 30 22 35 13 14 30 34 24 19 32 12 19 15 27 43 
35 26 18 37 14 31 20 22 21 13 31 25 22 14 15 22 16 37 13 25 10 17 19 28 23 16 29 24 19 28 41 27 10 29 15 24 32 13 26 24 37 26 36 20 16 20 14 38 18 22 26 21 34 16 14 15 27 15 30 14 30 10 15 19 41 16 28 26 24 28 29 23 41 24 15 24 19 26 17 32 12 22 33 22 25 32 28 16 21 14 21 35 12 25 42 22 22 24 21 36 
27 41 10 24 28 25 17 23 27 15 30 12 24 22 13 25 27 16 15 22 10 11 23 17 36 10 33 20 20 24 17 33 17 38 29 22 24 19 20 21 47 17 21 15 20 31 17 25 24 10 25 36 31 13 22 21 12 31 24 13 21 18 7 16 35 21 16 25 21 21 24 30 34 21 17 18 30 27 14 35 17 35 22 37 28 34 37 16 30 16 13 19 23 18 33 17 21 27 25 21 
19 46 12 14 16 29 13 11 24 13 28 7 30 9 21 16 20 22 15 32 19 20 23 16 14 10 29 20 22 31 24 25 20 42 23 23 16 8 31 15 16 27 30 27 19 19 17 42 21 35 35 32 23 19 17 13 17 31 26 33 17 10 20 15 31 17 15 12 26 22 30 28 27 21 13 13 21 35 21 28 12 30 30 29 20 42 36 32 30 14 25 16 23 17 35 15 16 16 30 26 
41 36 14 29 17 22 16 18 15 20 13 18 49 22 31 26 28 27 21 34 18 12 21 21 31 11 36 22 24 21 22 27 8 16 23 21 30 11 27 31 26 30 22 22 22 37 18 24 21 25 27 20 38 15 31 18 14 33 22 22 26 21 18 9 23 29 32 10 35 21 21 55 15 4 11 23 34 33 21 27 19 46 25 20 21 36 33 27 19 12 18 25 17 25 35 15 27 18 33 37 
20 42 17 33 16 38 13 28 17 12 15 12 22 12 31 27 28 36 17 22 10 10 22 18 36 16 32 19 29 22 29 15 21 18 36 25 33 12 20 29 49 21 30 16 17 27 19 38 12 42 30 40 28 20 27 22 7 38 16 19 32 15 24 16 31 24 15 21 22 21 18 26 16 19 11 17 27 24 9 28 21 18 26 29 29 43 33 27 17 15 20 30 20 21 21 19 16 31 16 36 
33 36 18 35 17 34 19 31 16 19 23 16 13 24 18 27 30 29 15 30 18 21 20 16 15 16 25 14 28 28 24 25 24 17 26 24 29 17 17 17 14 12 26 37 33 21 20 29 18 36 18 34 34 7 19 15 21 25 16 32 24 12 12 20 35 15 31 18 30 26 28 45 24 22 14 16 23 13 13 42 21 10 33 28 19 49 22 16 26 14 24 21 36 11 46 15 23 18 23 31 
25 42 12 17 13 38 9 16 24 19 27 38 36 20 17 9 21 29 10 31 11 18 26 15 18 18 5 12 20 29 23 33 12 28 32 36 24 16 12 13 36 16 31 26 22 18 12 51 14 18 25 44 40 17 17 24 16 12 22 22 15 17 9 14 30 25 40 16 31 13 23 29 41 25 20 19 42 34 12 26 14 26 30 49 12 24 37 31 12 12 18 26 13 19 39 12 11 31 20 33 
30 10 18 36 15 23 16 29 20 8 23 27 15 20 33 23 30 36 21 32 20 20 19 15 31 18 25 7 30 44 38 19 21 34 40 26 14 15 17 21 17 22 36 9 18 22 15 25 15 38 23 26 30 21 20 25 22 36 17 37 29 22 21 16 15 24 22 10 26 12 28 26 28 30 19 21 30 31 19 37 8 15 39 25 15 29 41 17 25 17 15 30 18 20 32 18 13 29 22 34 
21 25 17 31 19 25 19 31 19 14 18 27 27 24 19 31 27 31 10 25 17 18 41 16 26 14 37 23 26 31 30 33 19 36 28 21 34 17 25 8 36 22 25 42 21 28 20 34 18 23 35 21 29 20 20 14 23 43 24 26 23 21 17 13 25 23 18 23 27 22 26 33 27 33 16 14 36 24 19 23 14 30 31 31 32 37 36 28 13 20 19 19 30 19 24 17 16 12 13 21 
38 15 13 30 27 18 17 14 15 18 32 10 17 19 26 30 20 16 20 31 12 19 24 19 26 17 32 20 19 23 39 17 18 22 18 25 24 16 25 21 26 18 34 24 30 15 13 24 15 42 38 34 34 18 17 16 24 41 31 12 24 16 25 15 24 19 25 23 20 20 38 25 18 21 6 15 24 27 16 42 23 14 27 19 30 31 39 24 30 16 14 16 17 22 30 25 22 13 21 28 
30 43 15 32 14 15 14 20 20 30 29 24 25 8 20 32 25 32 21 27 18 19 26 18 22 12 34 28 19 14 22 31 21 39 25 28 29 20 27 28 33 18 29 8 14 27 13 23 26 31 28 35 36 23 30 15 9 28 27 28 20 16 14 20 19 11 11 13 24 15 40 29 24 16 17 20 32 24 17 14 17 9 38 45 16 24 19 38 10 12 20 17 20 15 33 18 24 16 20 20 
17 36 15 33 16 29 15 16 22 20 30 24 19 18 27 31 32 44 17 27 15 14 19 16 22 16 26 23 27 20 17 36 26 27 30 12 26 20 27 17 28 17 20 22 16 27 11 44 23 18 24 18 19 22 25 14 14 14 24 34 19 11 20 13 27 19 24 23 30 23 22 24 28 39 20 16 39 28 14 46 16 11 24 18 18 41 22 15 29 17 21 16 13 22 28 30 25 25 26 35 
27 35 19 14 9 28 21 18 22 21 34 27 23 17 28 30 44 25 9 34 18 21 24 25 22 8 30 19 13 27 34 21 27 52 14 13 26 21 28 9 21 24 19 21 22 27 15 27 20 27 18 4 31 18 28 21 18 37 14 28 30 17 27 18 29 27 28 19 37 23 18 31 37 23 14 14 27 21 9 30 12 30 19 38 13 36 22 17 21 20 15 25 23 19 32 9 27 17 20 29 
36 18 18 27 19 27 11 29 26 18 28 24 25 21 17 27 31 19 12 25 15 15 23 26 25 12 21 23 11 31 29 39 16 24 27 25 24 15 30 21 28 27 30 25 20 19 14 30 22 20 13 10 27 21 19 20 16 46 24 28 30 27 17 15 31 22 19 21 40 33 17 39 13 23 10 19 23 32 11 34 18 16 32 24 28 25 18 32 21 13 21 28 20 15 27 24 14 33 24 17 
25 23 15 25 14 38 15 20 18 16 28 13 25 12 27 38 31 38 9 40 18 13 14 16 17 18 31 13 23 14 12 40 19 30 16 34 29 13 24 23 28 8 30 39 23 17 17 21 14 31 25 39 14 18 33 14 13 23 32 23 37 14 18 18 30 26 10 22 36 16 26 30 8 36 15 16 32 36 17 14 19 28 33 31 23 19 27 29 17 15 10 8 20 6 12 32 15 27 20 16 
36 26 16 19 18 34 18 6 19 13 35 25 26 14 21 24 32 37 17 21 14 22 28 15 42 22 34 5 15 31 17 23 13 23 19 24 26 26 32 23 10 15 26 22 32 25 17 37 19 27 14 29 32 22 34 15 27 45 23 26 30 24 19 19 11 25 27 22 22 22 39 27 24 37 20 14 37 31 22 25 21 31 20 27 14 36 27 23 11 18 21 13 23 21 34 23 23 26 29 22 
41 39 8 36 14 42 20 9 20 15 36 18 36 19 21 16 28 36 6 22 18 12 21 19 21 8 41 17 22 29 28 20 15 28 19 29 28 13 15 23 45 14 27 21 18 16 14 41 18 24 33 34 30 13 34 26 21 41 23 30 25 8 19 20 28 18 31 20 35 22 17 24 18 29 14 11 31 28 16 34 18 15 29 27 30 38 34 24 14 12 17 15 29 19 19 25 21 20 25 28 
29 46 9 36 16 37 15 25 12 9 27 25 12 17 24 23 36 21 11 16 14 20 27 14 32 20 37 23 21 16 20 34 19 16 18 36 26 5 17 27 41 20 26 16 27 18 13 10 20 23 24 45 28 17 20 7 7 37 14 28 18 24 29 14 40 18 14 16 27 29 22 33 37 19 17 16 7 39 23 42 18 37 5 30 19 34 29 27 20 16 19 27 29 21 38 20 15 29 24 22 
23 21 16 22 13 35 16 32 27 13 41 20 29 13 18 32 29 28 30 19 7 21 30 19 49 17 36 18 15 34 25 24 19 25 21 22 17 17 25 27 41 26 30 29 12 30 15 31 15 39 13 52 25 17 29 10 24 15 24 21 13 14 11 15 8 14 20 21 24 15 36 35 18 13 17 15 32 45 16 45 13 7 32 11 19 29 23 34 22 12 18 26 25 21 23 23 17 16 24 42 
21 49 17 26 13 31 13 19 18 23 23 24 29 26 24 18 35 12 20 42 19 15 23 17 42 16 34 25 8 28 26 31 23 23 24 30 12 13 24 15 31 17 30 26 19 12 14 35 23 17 30 26 34 12 29 16 19 40 38 36 36 8 11 13 31 29 38 16 41 20 24 34 24 11 19 12 24 31 20 30 13 35 26 17 23 34 29 23 19 12 27 26 21 22 17 8 13 14 25 15 
31 33 18 31 15 30 10 19 15 13 23 25 27 20 11 25 23 41 9 27 18 23 16 21 26 13 26 11 16 45 37 24 13 33 38 19 35 10 27 19 21 15 33 26 25 25 12 27 14 38 19 29 37 22 22 25 19 29 25 26 20 23 15 11 22 20 23 18 18 23 23 29 18 15 17 22 27 28 15 20 17 27 24 34 38 36 16 36 19 20 22 23 24 14 26 17 19 18 17 28 
28 26 14 30 19 24 20 23 30 18 21 17 40 19 21 32 25 35 15 26 26 10 13 25 18 16 29 15 20 30 27 34 25 30 18 21 20 21 31 16 32 25 39 28 25 23 11 27 19 28 24 37 44 9 22 24 22 21 23 28 21 10 16 17 22 23 19 15 19 29 19 22 29 32 12 15 30 16 9 38 9 14 32 41 24 19 19 22 14 21 23 19 32 22 31 22 20 22 15 27 
36 29 19 35 14 12 14 35 17 13 27 18 44 17 29 25 28 34 22 16 21 15 2 11 30 16 23 12 24 22 25 26 16 26 32 26 19 19 20 17 42 16 32 31 24 11 16 26 18 39 22 32 41 17 17 20 20 43 12 24 20 15 18 21 26 14 31 24 30 17 23 27 42 28 22 10 18 14 17 23 24 8 26 28 23 52 20 26 15 12 13 11 26 14 23 19 13 28 16 41 
39 41 19 23 25 25 18 16 10 10 30 17 34 17 16 27 28 31 20 26 13 19 22 24 36 16 28 13 24 28 28 16 19 34 44 22 45 8 24 18 19 22 44 19 25 27 20 27 20 32 27 19 38 13 26 27 21 25 7 30 18 17 18 15 33 28 21 23 25 15 25 11 24 21 18 14 31 47 19 41 14 27 30 16 23 31 16 27 18 11 11 24 29 31 25 19 23 23 26 31 
20 32 8 29 27 38 16 28 14 15 22 20 30 12 25 28 35 39 14 32 18 14 20 24 31 15 28 22 18 44 21 33 22 21 33 39 21 9 16 11 34 23 36 23 31 14 14 27 22 25 18 33 19 14 24 13 25 38 20 19 29 22 12 17 24 24 28 14 23 10 27 17 31 24 8 19 20 16 16 13 18 32 23 2 22 38 20 25 14 18 18 21 21 20 30 15 22 19 27 36 
16 42 21 29 12 29 12 20 23 19 32 20 36 24 22 20 31 31 13 22 15 11 10 16 23 11 48 18 17 22 37 24 26 41 22 28 30 6 37 26 30 23 17 32 7 11 11 19 20 30 28 33 31 13 27 21 30 17 17 37 28 14 18 10 30 23 23 28 22 21 28 26 19 13 18 18 15 25 14 31 17 22 14 30 14 19 31 20 16 18 16 34 34 19 44 18 18 12 18 26 
28 36 19 18 29 25 17 14 8 6 22 24 34 7 13 26 11 21 10 50 14 14 27 18 32 9 10 16 13 34 36 27 13 36 17 21 39 14 22 20 42 14 45 16 21 13 20 33 17 31 37 40 29 19 26 13 18 31 32 32 29 14 18 18 26 30 34 18 31 12 27 15 27 35 18 18 39 17 16 44 17 19 16 35 36 32 33 24 23 11 21 24 12 18 45 10 22 37 31 31 
31 16 18 28 19 46 18 20 12 9 25 16 20 14 26 16 34 31 14 27 17 22 27 15 21 17 24 14 28 21 56 28 15 27 24 25 35 21 29 12 24 21 40 26 29 27 16 22 13 16 27 43 32 18 23 16 17 36 31 25 19 20 21 18 37 26 23 24 40 18 27 35 15 36 12 8 15 23 18 39 16 31 36 26 26 27 23 27 24 19 32 32 22 22 30 10 27 22 30 27 
25 27 24 21 15 29 6 14 25 23 15 10 19 20 27 29 27 25 16 32 17 19 35 24 20 14 23 18 13 22 19 31 23 28 14 24 22 12 24 16 21 22 36 29 15 22 21 28 27 34 19 24 24 12 25 15 30 18 19 21 26 23 20 17 24 9 29 34 28 17 26 22 22 20 13 12 39 20 10 27 17 15 23 33 17 32 42 19 22 19 24 28 12 17 37 16 16 17 29 23 
30 34 16 23 15 25 7 22 15 16 20 15 21 23 26 40 27 40 12 34 15 14 21 14 29 13 14 17 13 27 31 23 14 27 27 25 26 15 9 28 26 32 36 23 21 22 19 27 27 24 27 34 32 17 26 19 18 25 18 28 19 22 23 22 36 22 36 15 21 22 22 23 21 35 16 19 22 36 11 18 13 23 24 26 19 46 26 29 28 13 17 25 9 15 33 12 20 26 32 26 
20 37 18 7 11 35 13 17 26 17 23 30 29 22 14 14 29 29 19 46 21 17 26 23 35 8 33 16 16 29 30 32 30 26 18 25 18 12 9 30 32 18 17 23 27 26 18 34 14 21 31 33 24 14 32 19 30 52 19 20 23 16 5 17 11 20 29 14 26 17 24 28 21 24 16 14 29 40 14 36 16 23 26 41 32 49 24 27 18 12 18 21 29 25 29 10 15 17 12 38 
21 32 13 31 18 31 15 22 28 15 23 13 43 17 20 26 18 30 20 38 20 12 26 17 13 17 25 16 16 31 23 15 20 24 22 31 28 13 25 15 41 25 27 22 18 21 14 24 7 16 23 25 17 18 20 23 22 35 17 27 25 26 15 28 28 23 29 21 36 14 30 24 16 21 16 21 37 39 19 20 19 32 30 26 28 31 39 25 26 15 18 27 16 7 29 15 16 19 14 32 
12 21 10 24 17 35 18 20 13 17 23 22 20 17 15 30 26 33 15 44 18 18 20 22 31 19 35 16 15 35 23 30 16 37 23 28 19 14 16 21 28 17 19 23 23 20 4 29 13 35 37 18 35 15 28 22 15 44 21 26 19 13 11 23 30 24 23 19 33 19 32 26 27 22 18 13 26 17 11 28 22 11 21 30 28 40 20 16 20 9 27 25 30 23 32 12 16 15 29 29 
26 41 18 23 18 17 16 15 16 18 31 13 40 6 19 23 18 29 11 26 14 15 25 16 24 15 13 15 22 23 19 33 11 42 19 22 41 15 30 21 39 10 15 36 21 21 16 36 20 20 25 23 40 21 23 25 17 33 15 16 19 13 15 16 33 24 31 26 21 15 28 29 16 36 15 17 10 27 19 14 17 30 31 24 15 33 35 26 19 20 17 24 33 21 29 20 10 21 28 28 
34 23 17 33 15 24 11 19 22 14 28 25 13 24 15 15 20 31 5 33 19 15 26 15 43 22 24 15 16 28 16 31 27 39 32 26 24 18 14 15 30 9 28 23 23 29 14 38 17 29 31 50 5 11 31 4 17 32 19 9 21 15 13 18 28 15 30 16 26 25 31 32 25 29 8 15 34 17 11 39 17 33 41 25 15 31 44 35 25 22 14 20 25 19 28 23 13 21 31 27 
35 17 19 37 24 22 8 25 20 13 17 21 35 24 18 23 27 7 13 11 15 23 21 28 31 8 33 22 4 11 27 20 20 39 17 21 23 7 30 23 20 28 29 20 19 27 12 36 11 24 21 27 54 13 27 12 24 35 25 23 14 22 14 13 30 15 19 22 37 27 42 20 27 19 15 20 12 35 10 28 17 21 32 28 20 14 33 30 12 12 17 21 15 20 33 4 30 17 12 37 
21 35 21 35 16 27 16 17 20 16 29 20 13 14 23 31 30 36 15 15 17 19 2 24 17 18 26 15 12 29 33 33 18 36 35 23 15 15 29 17 35 39 34 21 16 26 17 21 17 35 7 22 37 13 23 29 19 29 16 26 30 24 18 15 36 13 21 24 26 25 33 14 30 29 9 20 21 49 19 32 18 22 37 25 9 21 37 25 16 18 17 11 22 20 36 24 9 18 21 39 
38 47 19 16 24 32 8 8 19 16 31 17 33 20 24 24 16 17 12 30 16 21 19 13 34 16 30 19 19 28 26 26 19 13 21 30 28 13 23 13 29 17 31 19 12 23 9 23 18 26 24 31 24 21 19 15 25 25 29 29 24 12 14 17 35 17 18 25 31 19 25 22 30 26 12 6 36 33 22 36 19 21 26 25 29 22 40 33 23 22 13 20 39 16 44 11 12 10 10 38 
31 17 16 17 20 27 15 20 17 19 27 17 24 28 22 24 25 28 20 34 18 24 20 19 42 17 36 21 33 31 16 30 18 27 33 33 28 19 23 11 49 14 30 21 7 25 10 37 16 41 19 34 20 17 27 17 17 31 19 16 17 17 20 10 33 22 21 31 28 21 28 19 20 25 15 20 36 35 19 29 20 21 17 29 19 33 45 34 18 15 11 22 29 17 20 21 18 17 30 29 
28 23 14 20 16 17 11 17 5 15 22 22 15 20 14 24 22 29 14 33 19 16 22 22 24 19 29 23 22 26 26 24 18 28 35 23 35 17 32 13 32 25 22 18 23 24 22 25 17 19 30 31 21 10 26 13 16 39 12 29 25 15 23 20 25 14 22 16 37 27 25 20 14 26 17 21 21 29 14 33 15 23 34 31 25 41 37 32 22 16 19 15 21 13 40 24 17 27 21 20 
28 34 20 35 19 26 18 24 8 12 26 23 29 13 17 32 17 8 12 28 23 16 24 15 23 14 25 20 19 17 14 24 17 40 27 24 34 13 16 16 33 21 8 30 24 29 16 18 20 28 29 28 21 9 14 20 19 32 17 28 14 16 10 18 21 25 25 6 34 28 22 32 18 15 13 21 33 30 17 29 6 35 44 25 19 49 22 30 29 12 23 18 25 3 22 17 22 26 24 31 
30 23 15 18 9 26 11 23 19 9 22 30 38 13 12 13 32 32 15 24 20 12 27 20 26 11 35 22 24 22 30 38 27 27 26 19 30 17 25 6 20 20 19 23 28 13 22 26 13 22 24 18 15 16 33 16 8 32 21 19 21 18 17 12 25 16 28 25 25 33 27 22 38 13 20 19 30 19 10 32 15 32 18 39 25 42 46 20 13 13 8 20 23 21 13 20 22 23 15 26 
23 20 12 29 24 39 15 20 14 12 23 11 20 21 19 25 27 33 19 36 22 17 31 16 38 17 45 15 16 23 28 28 16 35 11 36 23 19 8 21 18 13 25 36 21 29 6 39 24 24 32 19 30 18 26 14 19 30 22 22 29 18 11 17 22 26 17 21 30 22 24 24 26 20 16 20 34 21 20 31 14 28 26 40 19 11 19 25 17 17 25 4 22 17 25 24 18 19 22 37 
22 22 14 36 16 36 15 26 10 17 35 23 45 21 19 16 27 26 10 33 19 22 21 15 42 12 18 22 19 15 36 41 15 30 12 30 17 14 22 27 31 18 31 13 25 32 6 28 16 22 34 40 25 14 17 19 21 31 16 28 24 14 21 18 30 18 32 25 28 11 29 28 24 24 14 22 30 25 14 41 8 37 10 21 26 35 29 20 25 14 17 26 22 14 18 13 23 34 21 32 
20 36 15 38 9 19 17 19 10 17 30 12 25 13 26 26 24 40 18 25 18 19 23 21 44 7 20 18 10 24 31 31 22 24 28 23 26 13 17 11 17 19 15 18 25 12 26 21 22 41 23 19 31 15 22 16 13 22 23 27 27 23 20 20 28 22 21 16 31 27 28 30 29 26 23 16 38 37 17 28 18 18 12 31 21 35 22 22 19 11 25 16 17 18 44 19 25 27 18 16 
30 40 16 30 4 27 15 32 15 13 16 27 32 16 33 34 18 23 19 30 20 21 25 14 31 20 34 8 27 14 40 27 22 21 20 19 24 16 34 22 37 15 28 38 14 14 19 14 12 23 23 31 33 19 27 18 21 27 9 19 28 25 13 15 33 24 34 22 37 25 34 22 4 29 15 21 51 29 17 26 18 41 31 18 19 30 35 16 17 19 15 29 12 8 29 25 18 21 23 13 
39 33 14 24 19 16 19 18 13 18 34 21 14 17 23 30 31 29 21 29 19 8 19 26 44 13 36 21 21 26 20 39 19 23 33 29 18 16 27 26 29 21 15 25 24 18 11 27 19 20 21 34 46 17 20 18 18 39 18 25 29 14 20 14 12 19 21 24 22 22 25 23 35 21 13 17 43 42 14 19 18 28 27 11 23 38 23 32 27 20 22 29 20 17 23 13 17 17 15 2 
24 31 17 19 19 22 16 13 15 13 39 15 19 20 19 26 28 30 14 26 12 19 29 21 29 19 25 24 24 28 22 40 13 37 28 21 25 17 14 19 40 9 25 28 21 29 17 35 21 24 30 43 23 17 20 15 19 31 25 17 29 22 11 12 30 25 23 19 25 22 38 22 29 25 12 14 30 24 18 23 18 32 28 24 26 35 41 22 19 12 20 26 12 19 36 14 22 20 27 11 
35 29 20 13 17 27 12 22 15 19 25 27 25 16 27 31 29 34 18 30 17 24 22 19 38 13 23 30 17 41 29 35 25 26 21 22 28 17 25 14 44 20 22 12 13 26 15 34 18 24 34 36 33 13 21 22 15 38 28 27 27 19 12 17 29 24 29 16 23 19 29 28 25 39 21 23 13 47 20 36 5 16 16 35 26 17 26 16 15 16 26 28 19 24 27 16 27 30 17 29 
32 37 19 26 25 37 21 19 25 22 28 13 26 21 25 18 20 49 20 28 17 15 35 17 30 21 31 15 9 32 28 33 24 28 46 29 34 12 24 26 28 20 23 17 23 23 12 51 12 27 27 22 33 11 18 7 26 26 25 17 25 26 20 14 20 39 17 21 21 18 21 13 13 20 16 19 36 33 10 27 11 35 21 34 28 27 27 28 12 20 25 24 22 17 54 31 20 18 27 19 
16 28 13 25 20 36 10 30 22 18 33 22 25 18 22 9 17 38 16 18 16 18 30 10 32 13 29 21 18 23 31 23 18 25 21 38 26 10 18 16 44 13 29 20 25 34 19 11 14 18 35 7 29 17 27 16 18 17 18 39 33 16 11 16 31 19 16 17 27 23 22 30 33 39 13 21 35 43 14 44 18 22 30 24 22 45 34 33 20 13 25 17 29 16 51 13 32 19 30 11 
33 17 23 21 19 36 17 19 20 14 35 25 17 21 20 31 13 17 9 32 14 16 19 12 35 25 31 31 23 30 15 8 12 17 28 22 23 16 17 21 20 20 33 17 17 4 15 14 21 47 20 28 26 18 26 23 22 40 21 20 16 19 16 12 31 24 23 13 22 19 39 21 21 30 13 21 8 27 14 48 13 22 39 21 20 27 26 16 27 17 18 14 24 24 29 16 15 16 28 29 
25 33 19 12 21 14 13 14 22 17 25 17 37 16 22 32 39 39 18 43 20 21 30 16 32 12 26 13 17 18 23 22 19 19 32 33 28 11 18 24 34 14 20 10 19 16 16 34 18 30 15 45 18 20 28 15 6 44 15 20 23 16 14 20 30 26 21 13 33 26 23 16 30 27 11 14 29 41 12 53 13 18 25 29 7 32 51 29 18 10 11 28 22 26 40 13 10 15 13 25 
32 45 12 26 17 47 19 29 11 11 20 20 19 20 17 20 26 44 11 36 19 23 27 13 45 15 26 21 24 29 26 29 21 32 15 31 31 17 17 13 45 17 30 25 17 21 14 34 8 20 46 31 25 19 23 14 20 34 21 25 32 15 13 8 13 28 8 23 27 27 22 23 18 13 11 14 32 32 13 26 21 41 19 33 22 40 25 19 10 17 24 19 30 15 21 17 12 25 29 47 
30 19 6 22 22 49 15 25 12 16 28 18 26 19 29 27 32 25 15 48 17 19 14 21 26 15 26 15 14 33 32 13 20 16 25 29 27 15 19 26 21 20 24 19 18 30 19 11 23 28 25 45 30 22 20 17 12 39 31 18 10 17 21 10 30 25 30 30 34 34 25 33 24 21 14 10 23 44 11 41 16 37 18 33 25 15 48 40 13 23 14 14 24 17 23 20 12 29 16 31 
23 29 25 37 3 18 14 17 14 22 28 31 19 18 21 18 19 39 14 21 21 26 23 17 32 18 37 20 29 26 31 35 20 12 14 17 25 5 20 19 34 29 24 27 19 29 19 28 23 27 29 41 30 25 25 13 29 24 22 22 20 10 21 12 16 26 31 24 21 24 20 38 22 38 16 18 33 21 16 16 24 24 26 35 24 13 33 33 21 17 15 20 13 19 32 31 23 27 19 20 
27 22 9 24 26 27 18 23 29 24 21 23 27 25 20 27 27 21 11 15 15 16 25 13 33 11 26 18 11 34 26 33 10 35 16 23 27 16 22 13 8 23 29 29 27 37 9 33 16 37 26 28 30 19 20 20 16 22 27 32 30 20 19 16 19 30 32 10 31 24 24 31 17 13 16 12 16 51 10 25 13 36 25 30 23 29 37 28 25 15 22 16 23 14 24 15 17 23 31 27 
32 33 13 25 21 29 18 17 26 17 25 25 30 27 12 26 28 35 4 28 14 26 15 13 19 6 42 12 16 32 23 42 24 39 36 21 18 18 19 21 42 20 32 23 21 26 12 34 22 34 14 52 39 15 15 12 10 31 30 19 26 13 16 19 23 15 37 24 28 25 29 29 22 21 16 18 26 24 10 2 18 27 29 27 15 20 32 21 18 14 18 17 25 29 36 27 20 17 25 19 
26 23 15 24 20 26 17 23 13 12 22 14 29 22 23 21 27 44 15 42 21 17 20 24 42 14 24 16 23 26 29 30 22 31 27 20 30 22 21 19 26 16 39 30 17 22 22 40 22 12 20 32 27 19 21 19 12 17 22 23 25 26 19 15 37 20 21 13 18 25 24 26 26 17 16 25 28 20 12 18 11 31 27 31 12 31 27 19 13 13 22 15 32 12 40 31 15 26 15 18 
28 22 16 44 19 27 12 25 16 10 18 25 26 18 25 18 17 26 17 30 14 19 37 30 29 19 31 26 22 25 29 5 17 13 31 36 29 20 31 23 37 17 33 28 24 22 12 21 18 40 17 34 30 16 16 15 7 28 30 31 20 25 11 8 35 18 13 31 47 20 30 24 37 27 8 13 38 43 14 25 17 33 26 28 29 34 22 26 25 15 13 22 28 30 37 29 25 23 15 39 
38 23 18 12 19 20 11 22 16 9 24 26 36 30 24 17 22 39 11 28 14 29 19 15 35 9 35 25 20 39 18 29 21 6 20 31 29 15 28 17 21 16 24 23 24 22 14 31 22 17 25 38 31 11 28 18 20 28 25 19 39 11 15 12 35 16 15 23 44 21 24 39 16 34 19 15 21 23 9 44 8 19 23 23 19 32 19 28 11 18 13 21 28 14 39 15 17 12 26 36 
31 21 9 24 22 45 11 15 12 9 19 23 37 18 19 23 23 37 16 4 12 17 17 14 45 19 25 19 19 26 35 18 14 24 21 31 36 10 23 21 31 21 18 29 20 24 22 5 16 22 31 26 40 9 22 21 22 36 27 17 24 20 16 23 22 25 20 12 33 19 32 17 25 25 20 17 33 39 13 22 16 33 31 30 32 32 31 33 25 12 17 36 23 6 30 31 21 23 18 21 
26 52 19 31 10 28 14 22 22 17 19 19 32 22 21 14 15 23 16 30 25 10 28 11 42 17 27 20 24 35 18 25 18 17 30 25 18 7 31 22 21 17 27 19 22 31 15 37 15 27 31 30 37 15 28 22 24 23 20 33 38 16 25 18 18 30 32 32 28 24 30 18 35 13 15 3 21 31 7 45 14 34 18 34 25 35 41 33 16 14 10 22 26 17 34 17 16 35 28 33 
28 40 13 24 25 29 15 27 11 15 37 20 19 25 17 13 30 29 20 23 16 19 36 16 37 21 32 11 24 35 23 30 21 23 23 38 24 16 21 24 34 9 43 25 21 25 14 41 22 30 24 42 26 22 25 22 22 33 23 25 26 9 17 17 18 15 40 24 30 17 30 25 28 23 18 16 29 32 14 27 18 36 15 21 20 20 18 18 14 13 15 25 20 27 32 10 22 24 28 29 
13 19 15 29 27 26 11 22 15 7 28 22 26 21 14 19 6 35 12 28 15 27 22 23 14 15 24 10 18 18 25 39 18 42 34 29 19 11 20 24 41 25 21 21 21 18 19 37 22 18 15 39 31 14 18 22 19 32 21 21 18 18 16 12 21 26 22 15 28 23 32 21 32 34 18 12 23 42 22 20 16 27 32 51 13 30 30 19 19 15 12 22 27 23 33 14 19 25 29 24 
35 26 21 30 22 39 11 24 14 9 31 21 24 22 16 24 28 27 12 22 22 24 21 12 20 21 24 21 15 39 35 37 18 33 31 30 17 15 20 15 39 22 16 15 26 19 17 33 25 27 36 29 28 14 16 17 24 42 27 16 22 14 16 17 25 25 25 21 29 18 30 39 19 25 13 16 36 26 10 33 10 25 18 27 24 42 23 23 17 23 19 25 25 20 40 23 22 16 20 32 
31 29 16 23 22 17 17 17 17 12 34 22 30 20 9 25 29 43 11 37 14 27 24 13 34 13 33 21 27 41 28 30 21 38 26 33 22 19 22 14 21 20 40 24 32 12 13 15 15 24 23 44 24 17 26 13 8 27 17 27 22 20 17 17 31 40 27 24 30 14 14 46 23 36 12 20 20 36 18 28 16 24 22 25 24 40 27 48 23 15 17 13 22 18 35 11 26 24 20 27 
22 37 11 34 13 35 11 20 10 21 19 18 24 15 23 25 24 26 21 16 16 13 27 18 34 16 24 13 19 27 26 40 29 37 34 17 21 9 21 20 30 29 34 21 21 23 19 39 22 13 25 25 23 19 32 23 13 32 27 46 18 18 20 18 28 24 19 19 32 27 21 32 34 9 15 9 18 43 14 32 14 22 23 32 17 19 32 42 13 16 19 20 19 15 35 12 16 29 23 27 
20 36 18 30 22 35 14 17 19 14 23 28 13 14 18 11 22 33 17 17 14 19 15 22 30 23 32 24 21 23 26 24 12 15 17 39 31 20 27 15 28 25 35 24 15 26 9 32 16 14 28 44 26 18 22 24 21 19 32 29 21 17 20 17 40 29 22 28 28 23 25 32 43 23 17 18 25 28 16 35 19 22 28 27 29 37 20 22 21 18 12 22 22 9 29 23 18 24 20 24 
34 48 10 19 17 37 17 17 11 12 29 28 18 19 21 30 21 35 15 21 12 9 31 22 40 16 21 16 11 33 26 27 25 19 37 21 13 17 25 15 31 21 20 27 26 14 23 20 12 26 33 37 38 13 12 11 28 24 24 33 24 22 18 19 27 36 31 19 20 18 32 36 27 22 22 13 24 44 19 26 13 26 35 34 21 27 32 19 23 9 15 26 27 26 25 23 23 22 36 27 
11 47 15 25 13 42 14 16 20 14 13 20 37 24 28 18 24 22 13 42 25 13 32 18 28 15 20 19 28 30 21 32 16 24 20 26 28 20 33 17 37 10 51 24 14 30 13 18 14 19 23 27 26 21 16 18 16 44 23 26 31 13 22 11 32 20 32 18 31 19 30 23 15 26 20 15 36 21 21 23 16 19 27 19 16 29 31 36 22 15 20 14 22 25 33 24 21 29 15 8 
44 25 15 31 21 16 8 21 17 9 24 11 27 19 23 11 17 28 14 29 12 14 17 10 36 16 35 23 20 30 21 21 13 31 23 30 38 8 22 4 30 28 34 19 21 23 20 20 21 33 34 21 17 20 31 24 22 26 15 31 11 17 20 15 34 14 26 23 26 23 18 25 35 28 14 11 26 38 13 36 10 21 37 28 18 24 37 29 17 16 14 23 33 16 30 25 22 14 23 39 
30 20 13 27 14 24 14 22 9 13 25 32 28 14 21 19 32 32 18 30 13 23 24 21 28 22 23 18 21 34 33 23 16 30 20 31 26 15 28 13 37 18 29 19 17 26 15 25 23 31 30 29 18 9 21 20 21 26 17 34 35 17 24 17 34 14 21 9 31 27 30 26 23 34 16 12 33 27 18 25 16 13 23 29 22 19 22 25 14 13 8 20 18 21 37 11 7 13 28 29 
25 46 19 33 12 25 14 24 17 16 27 9 23 17 21 25 32 43 18 43 14 25 15 19 42 12 31 13 17 32 37 24 15 44 33 29 16 21 35 14 33 28 22 21 26 24 15 17 14 20 21 29 27 20 27 28 18 29 26 29 23 15 15 22 21 32 17 25 26 21 27 17 22 33 9 10 21 23 10 23 18 32 36 42 21 21 24 22 24 11 26 18 19 15 60 21 18 30 24 24 
22 21 8 36 22 38 7 25 17 17 23 17 19 8 23 6 19 29 11 30 11 10 23 22 18 23 23 24 26 36 16 32 21 25 35 30 27 15 24 28 47 33 34 21 26 29 19 32 25 27 11 50 36 11 18 21 14 24 23 17 20 15 11 21 37 27 21 19 26 19 29 27 40 34 16 11 45 17 9 18 16 35 28 30 23 20 18 22 18 18 32 28 7 21 33 21 19 15 29 26 
31 29 20 38 17 21 19 18 12 16 33 14 21 17 29 29 33 20 15 38 9 14 13 19 35 13 14 17 9 30 22 24 20 35 25 24 21 18 28 10 54 20 33 11 25 24 14 33 18 22 33 30 15 22 8 10 24 22 24 15 21 19 28 26 33 23 16 13 35 11 24 20 15 24 20 9 10 27 14 37 23 28 16 18 11 29 14 26 17 19 16 30 24 26 40 15 16 24 28 18 
16 27 14 22 23 23 20 16 12 17 41 26 38 23 22 31 25 32 15 31 14 14 33 16 31 15 26 18 25 18 35 35 13 29 25 8 28 17 25 23 45 19 22 24 15 21 14 23 11 19 11 42 34 12 20 11 25 26 37 21 18 17 10 16 29 18 26 14 27 6 27 31 34 18 20 20 21 27 16 32 18 14 25 18 17 24 33 44 23 13 14 17 19 17 22 6 18 30 16 31 
32 36 9 27 19 27 15 17 22 25 18 17 19 11 23 27 27 23 14 30 17 11 14 11 38 18 24 15 26 28 26 29 15 32 29 28 22 12 31 24 32 17 35 21 17 16 17 36 21 23 28 20 27 18 19 14 14 22 8 24 27 15 22 18 39 28 21 16 19 24 28 36 21 26 17 20 23 16 17 28 10 23 35 20 30 34 23 30 19 17 24 16 21 26 33 10 21 26 26 29 
23 37 21 24 17 34 18 13 15 19 16 23 26 19 11 2 25 36 14 31 19 8 27 28 34 10 31 15 3 29 32 24 23 7 27 31 38 15 25 18 35 13 40 39 21 28 20 37 12 23 15 32 32 17 34 15 21 33 24 20 25 17 12 17 16 33 27 27 34 19 25 38 24 28 8 13 22 27 11 18 18 37 29 21 34 29 38 30 30 12 27 23 28 14 37 20 18 14 29 33 
34 34 18 20 24 36 14 24 10 16 14 20 33 16 29 17 29 17 8 30 16 19 31 20 40 19 25 19 22 28 43 24 17 38 14 21 43 16 30 25 33 28 38 23 32 27 14 27 20 32 30 23 14 19 20 21 24 37 22 14 20 23 13 15 33 16 34 16 35 22 30 26 21 23 14 17 26 32 14 31 12 35 38 40 22 26 23 33 17 13 14 32 24 21 31 13 21 24 14 39 
26 32 16 28 20 32 15 21 10 13 27 18 15 10 22 18 13 12 16 19 19 17 34 11 41 12 19 22 16 24 26 25 19 29 35 29 12 20 28 7 39 25 33 18 25 24 17 27 16 29 21 39 29 13 13 17 31 23 23 25 19 11 17 18 35 21 39 30 41 28 32 28 36 26 18 6 31 28 16 33 16 26 24 20 30 36 31 22 16 16 22 20 10 29 33 15 15 18 20 31 
25 46 15 30 18 17 18 17 23 17 24 16 26 16 18 25 29 17 9 39 21 17 32 19 34 21 39 21 28 18 22 13 19 43 31 16 26 16 30 29 40 24 24 28 25 32 20 37 15 13 24 43 31 13 23 12 22 30 32 24 13 19 18 16 35 20 22 22 27 14 30 22 34 17 9 24 25 10 17 27 24 34 32 41 24 40 16 13 10 15 14 25 15 17 31 14 13 17 33 31 
6 21 14 28 22 38 18 22 17 7 33 20 18 21 26 21 30 18 11 36 20 21 18 14 17 20 32 20 10 30 16 23 18 22 26 37 31 10 30 15 13 19 25 22 26 19 16 28 16 35 32 30 20 12 16 10 22 44 27 27 18 11 23 14 26 37 21 17 36 19 35 28 20 26 8 20 30 23 22 25 13 35 18 28 28 13 14 25 19 14 22 21 22 13 18 11 16 28 21 28 
27 36 11 23 18 18 17 22 10 11 36 9 25 18 11 10 38 30 20 30 15 14 23 21 33 18 39 26 15 20 21 33 20 19 38 33 41 17 22 23 7 24 30 37 32 29 15 29 29 30 25 42 25 12 28 24 23 43 30 1 33 21 7 20 26 32 27 34 24 30 21 34 36 25 16 23 29 20 11 37 18 16 29 21 28 7 32 32 20 15 21 20 11 13 32 23 19 18 16 26 
33 46 16 20 21 14 18 39 25 18 16 19 29 21 14 32 20 26 20 28 24 20 22 19 40 22 24 11 19 29 17 39 23 25 31 31 14 17 21 44 24 21 30 21 15 21 18 8 27 24 28 13 25 16 30 15 15 46 26 22 24 18 11 12 17 27 23 25 42 28 30 29 16 24 21 12 31 28 11 36 18 21 31 36 21 29 40 16 16 12 18 16 32 14 8 20 26 21 26 37 
43 35 21 38 14 29 12 22 19 9 26 27 29 12 33 35 28 25 14 32 17 9 38 17 28 8 21 16 25 29 22 22 17 34 26 35 24 15 20 21 18 19 26 25 18 28 16 18 17 35 25 27 24 11 17 24 9 29 26 27 19 21 19 20 26 25 20 18 31 19 27 38 33 16 17 10 37 25 18 29 10 34 23 21 26 26 26 25 14 16 24 24 25 26 29 12 23 31 18 19 
42 40 11 32 8 21 19 18 10 12 24 19 21 15 30 27 46 29 16 33 17 14 18 15 38 17 46 9 18 35 24 32 21 17 25 25 28 18 19 18 20 19 19 19 14 30 16 16 12 32 27 13 40 15 14 21 12 38 15 29 13 15 20 18 30 27 28 11 34 21 28 27 25 22 18 21 42 25 13 25 14 43 34 33 23 21 21 22 23 15 23 24 26 19 24 21 23 13 28 43 
41 24 20 25 27 29 16 25 7 9 23 15 32 7 21 18 28 42 19 32 24 18 15 24 33 18 28 16 26 25 32 20 24 32 26 23 24 14 17 25 25 13 29 33 18 24 20 35 15 32 24 31 44 26 32 11 25 23 22 34 13 9 7 22 31 23 33 25 25 24 20 29 22 33 15 26 28 44 18 34 20 22 21 17 17 45 35 32 24 16 26 22 21 5 33 21 16 38 20 10 
27 28 15 35 28 22 19 18 19 12 23 16 33 16 21 31 29 35 15 26 15 27 21 12 27 14 28 21 26 22 17 28 13 12 20 27 20 21 40 10 30 23 36 26 24 25 13 25 21 28 28 32 35 15 17 18 17 28 24 17 25 21 15 20 25 13 26 20 38 20 29 23 26 28 14 17 29 21 13 32 18 31 27 25 19 50 26 27 21 18 16 21 28 24 32 22 13 20 22 31 
36 17 20 19 22 37 11 10 18 15 30 29 29 20 13 14 16 32 15 26 16 26 26 12 36 15 21 19 24 35 21 13 19 27 36 25 18 15 41 14 31 29 32 22 23 20 15 21 16 31 27 32 19 18 14 19 17 11 22 20 15 20 13 20 21 18 29 22 39 18 20 23 24 27 20 17 38 17 11 43 23 7 25 18 14 27 8 29 17 13 23 16 20 9 42 19 18 25 25 31 
23 49 21 31 19 36 12 21 13 11 5 19 25 21 23 27 35 26 12 42 23 16 20 15 23 20 17 28 15 25 25 23 11 25 16 41 21 18 29 24 25 12 40 25 24 26 5 12 19 33 25 42 35 13 25 20 21 40 26 29 32 17 21 15 30 18 25 20 20 24 33 17 21 22 15 27 22 23 14 35 20 24 23 23 16 32 31 28 25 19 20 17 21 23 27 32 14 22 29 24 
37 8 16 24 14 21 22 18 19 19 18 21 31 13 24 37 18 35 10 27 18 18 10 14 40 19 28 16 15 33 35 30 14 19 26 27 18 16 19 21 47 17 24 32 17 18 14 32 16 31 20 25 48 18 15 22 9 27 30 22 19 15 9 15 17 15 23 28 33 19 28 29 20 21 9 26 27 20 21 35 17 18 27 27 22 16 28 17 18 25 23 22 17 18 31 12 13 27 22 27 
37 29 19 27 22 39 15 14 16 12 24 19 25 18 25 13 23 26 12 38 13 12 20 24 34 13 16 25 29 30 18 21 16 17 22 20 14 15 24 7 40 8 25 44 29 23 8 26 14 15 24 20 21 17 11 18 19 28 30 42 24 18 14 22 23 23 24 24 33 20 43 25 34 37 14 9 40 37 16 43 14 18 35 27 25 26 36 29 21 16 29 28 20 18 34 28 28 15 20 44 
28 32 16 36 24 9 17 19 14 11 33 22 18 10 18 24 28 22 16 39 10 9 24 18 27 13 30 16 24 29 38 36 16 31 34 18 26 20 27 19 24 20 28 32 23 23 14 42 20 28 18 33 34 18 21 29 29 21 20 32 28 25 11 14 39 24 30 21 25 18 30 32 27 31 10 6 29 25 10 23 19 45 33 21 22 13 24 12 19 10 17 11 20 19 24 20 23 30 10 16 
39 17 16 34 20 36 16 18 22 15 18 22 32 19 17 26 22 16 16 21 13 15 22 15 37 8 29 12 25 25 31 34 18 21 20 30 17 15 34 16 33 14 32 22 21 14 11 24 18 26 24 25 30 16 20 15 15 15 20 24 28 15 9 12 24 17 28 19 30 18 26 17 18 33 22 25 16 36 10 30 13 40 17 27 13 18 38 26 26 18 24 22 11 21 28 7 14 26 27 34 
23 34 18 20 3 20 16 17 15 16 28 26 17 24 8 28 36 20 18 46 8 21 18 18 32 17 30 19 18 19 32 23 24 36 26 21 15 15 30 26 23 16 27 10 25 27 19 13 15 27 25 26 25 13 24 16 8 25 15 31 20 20 20 21 19 32 22 21 32 13 24 22 39 33 15 23 34 15 17 30 15 33 35 35 31 29 46 28 10 12 20 28 29 15 34 20 12 19 28 33 
33 33 14 20 10 16 13 22 13 14 22 22 23 21 30 20 20 29 15 7 16 21 15 27 19 22 40 26 18 31 21 34 14 43 33 22 39 17 18 27 31 22 15 22 16 13 18 39 15 33 27 29 22 17 33 23 23 38 17 13 17 22 14 21 30 18 28 20 24 14 22 35 16 21 12 18 25 24 17 20 9 36 25 8 25 22 32 17 28 12 23 22 19 27 36 29 16 12 36 40 
23 27 15 26 20 45 6 22 20 9 31 21 36 17 20 20 26 42 17 33 13 18 15 17 16 18 23 23 10 32 26 31 15 28 29 34 18 19 19 20 28 13 37 7 22 12 12 36 17 28 36 16 15 15 24 13 21 37 32 40 31 18 13 17 42 22 32 21 19 18 25 24 23 20 18 23 41 32 21 26 10 21 23 29 19 14 26 23 14 16 23 14 17 13 27 21 22 23 8 38 
39 40 12 31 11 28 15 19 22 21 21 21 25 18 22 31 31 29 19 31 14 22 19 20 31 21 25 9 19 18 21 33 21 45 22 34 27 8 41 22 37 16 20 26 23 23 12 15 20 29 39 34 25 14 20 24 18 46 32 13 25 17 17 14 26 21 22 23 33 30 21 29 29 26 19 19 25 17 15 39 17 29 24 34 28 22 34 28 14 22 18 34 20 23 41 5 14 31 25 23 
20 24 22 31 21 31 12 14 23 22 31 20 20 11 28 26 27 20 19 25 17 21 17 21 27 15 29 20 10 31 20 33 16 22 21 28 40 19 21 18 45 16 21 13 13 31 21 38 11 22 29 36 18 13 17 19 16 35 21 29 22 23 9 12 24 30 21 19 34 26 28 22 21 26 12 14 22 29 14 33 22 35 27 20 23 37 12 29 22 18 18 19 25 17 37 18 14 28 24 31 
22 46 25 37 26 32 11 23 19 14 29 23 31 15 38 22 30 20 14 17 18 18 25 16 43 14 31 19 18 30 26 32 18 25 43 17 31 11 18 14 21 15 30 24 26 20 11 37 18 22 24 34 18 22 13 19 17 37 33 32 23 11 18 7 46 22 5 20 31 17 17 24 21 29 15 15 27 44 9 36 13 35 23 10 23 37 9 24 14 11 22 32 12 10 36 25 20 11 22 15 
34 26 14 22 25 40 17 30 20 19 23 22 33 18 21 19 26 32 16 34 14 18 28 19 31 18 20 28 22 6 47 18 20 19 36 28 29 18 20 33 47 23 28 32 22 28 14 41 15 35 37 38 16 18 19 15 22 34 17 24 21 14 23 15 34 31 25 23 27 31 19 14 37 33 21 8 40 10 13 31 17 28 30 25 24 16 30 36 11 18 16 19 20 24 32 16 26 20 18 27 
29 32 17 27 24 38 16 19 27 13 24 24 22 18 19 36 23 27 20 27 9 18 33 27 27 17 25 26 22 21 15 33 17 30 21 24 29 17 25 14 31 13 24 34 23 24 19 22 20 26 15 41 29 15 27 11 8 31 25 16 27 22 16 12 34 27 25 14 33 13 23 41 36 23 18 14 29 14 15 23 17 28 31 13 14 25 24 13 17 16 19 18 20 22 27 24 16 33 28 27 
25 32 15 39 18 29 14 11 14 12 8 16 26 16 25 27 22 26 9 26 19 19 30 24 42 19 28 24 32 37 32 19 19 24 25 30 27 15 24 27 22 23 39 22 16 23 15 33 19 33 27 27 26 12 24 30 17 23 21 24 6 17 12 19 25 20 17 14 25 25 21 32 29 40 20 11 34 27 16 39 17 34 30 23 28 35 45 31 25 16 19 14 36 21 36 27 17 28 13 23 
34 38 13 36 16 38 13 18 16 16 24 23 25 18 18 29 26 26 9 36 14 15 25 15 37 20 25 17 16 29 30 21 21 24 29 25 16 15 24 21 22 16 19 30 9 17 20 33 22 29 33 43 18 19 37 22 20 16 20 9 25 16 5 19 24 17 20 21 36 25 28 27 17 23 21 13 10 16 23 19 14 31 25 29 21 34 44 31 20 20 10 17 12 15 34 16 14 26 23 23 
31 47 11 23 22 27 10 23 12 16 19 13 25 13 21 15 22 13 12 37 18 21 27 14 27 11 42 23 14 33 25 33 8 28 17 30 26 9 17 26 26 11 49 27 13 22 16 24 22 35 16 49 35 14 23 17 18 38 31 32 17 20 18 15 15 20 19 6 27 22 31 22 24 18 15 16 29 33 12 41 12 31 40 10 18 41 30 19 21 16 17 24 28 12 30 16 13 19 26 35 
27 35 14 13 13 42 15 23 18 15 22 13 24 10 37 16 33 32 17 21 23 18 25 16 10 10 28 11 32 20 21 26 15 30 21 29 32 8 26 13 36 23 25 19 24 19 13 38 17 32 18 30 35 16 20 17 20 18 16 30 35 12 14 17 2 28 16 29 30 19 28 25 16 39 21 7 33 25 19 21 12 16 35 26 22 26 23 31 19 23 20 16 14 19 26 25 19 18 13 37 
30 26 22 30 25 28 17 23 13 21 32 22 32 12 11 31 31 31 17 20 20 17 16 11 41 11 39 24 22 26 20 26 22 33 26 24 34 20 22 21 34 25 23 26 21 25 22 2 26 32 25 36 42 15 26 5 23 20 20 32 14 14 19 19 36 14 28 27 22 21 24 26 23 23 15 13 25 46 19 22 12 20 38 43 42 35 23 30 16 8 19 17 15 19 40 26 16 24 14 38 
40 36 20 24 20 37 18 26 10 16 38 16 34 22 21 24 28 23 18 45 15 24 23 27 21 13 34 18 17 45 29 36 13 22 28 24 26 15 27 17 37 22 20 29 26 45 19 22 17 23 35 34 35 12 21 10 14 23 20 24 35 13 19 14 18 25 19 27 24 9 43 37 15 24 14 16 25 23 12 47 16 20 29 25 23 21 32 30 20 15 16 24 24 15 25 25 14 31 25 35 
30 31 16 34 24 19 18 21 3 16 25 16 35 13 15 16 16 32 17 26 24 16 21 18 15 16 35 21 22 35 31 34 17 42 27 22 20 8 27 22 39 25 32 18 25 21 14 27 16 23 21 33 35 19 17 15 20 19 30 27 26 16 21 13 19 24 19 31 31 29 26 4 20 26 17 14 29 47 12 36 21 33 18 28 21 33 44 27 15 19 30 24 25 14 35 16 17 22 15 22 
17 29 19 30 16 26 16 22 15 14 27 24 29 16 21 30 26 46 19 32 13 15 25 20 35 18 34 20 18 20 20 18 22 28 24 35 28 14 28 24 20 22 39 19 15 32 22 31 22 23 22 43 44 12 25 18 22 44 21 22 19 16 10 10 22 28 27 19 15 12 27 24 28 18 19 18 34 30 20 27 18 30 23 14 25 26 30 33 22 14 19 20 19 12 35 19 11 16 18 16 
25 17 9 21 20 18 8 7 23 12 23 13 11 21 19 13 34 44 22 11 21 15 25 20 41 18 30 15 12 43 17 24 19 24 30 26 24 16 29 31 14 17 33 31 20 26 22 22 22 24 30 49 35 12 21 20 14 8 16 26 26 28 21 17 21 19 17 18 21 35 19 24 43 18 17 11 32 34 13 19 17 25 25 12 18 21 53 40 21 15 20 22 26 14 23 25 22 29 29 20 
24 25 20 30 12 37 15 25 10 20 30 10 16 13 27 31 18 25 18 29 16 14 18 15 32 12 23 14 30 28 36 38 25 33 22 30 33 15 11 25 26 20 25 23 19 25 15 33 18 24 11 19 30 12 18 22 26 30 26 23 41 14 18 28 35 17 30 25 17 19 38 33 18 25 18 21 28 12 12 44 13 20 22 36 24 33 45 37 13 20 15 22 20 17 28 20 9 27 17 32 
30 27 17 22 28 33 12 24 22 21 41 18 23 13 23 20 32 47 8 40 13 24 26 14 39 19 39 18 13 32 39 19 19 21 19 28 19 12 22 18 35 14 30 17 11 18 15 15 20 30 24 31 29 22 15 20 21 46 16 25 26 17 21 12 20 26 30 16 27 24 40 29 25 17 20 14 31 25 22 21 14 26 25 34 32 29 41 25 31 11 20 28 18 11 33 23 18 19 19 44 
22 28 22 33 12 37 21 23 21 19 29 15 19 21 17 36 34 42 5 24 11 23 23 25 18 17 27 13 19 23 30 26 15 25 25 24 20 14 22 14 38 10 27 16 20 25 11 30 19 35 34 27 26 13 23 20 12 37 26 21 32 20 21 15 25 18 30 29 37 13 26 33 15 23 9 15 33 27 21 42 11 30 30 37 21 40 39 17 20 13 17 18 18 16 26 17 21 16 16 25 
36 12 15 28 19 44 17 26 25 14 27 26 34 16 17 14 28 18 11 18 13 19 23 15 21 18 17 21 18 34 20 17 21 13 23 29 27 19 17 23 32 12 27 26 33 20 17 18 17 31 30 40 32 11 26 18 32 26 22 29 17 9 23 10 24 26 20 25 22 16 22 15 21 20 21 13 39 30 11 42 21 18 27 25 27 21 20 27 18 15 18 30 19 16 27 15 20 18 8 23 
29 36 15 21 25 24 18 30 25 18 11 24 18 20 26 35 15 29 22 30 13 17 11 21 24 18 30 24 20 27 33 34 18 35 36 14 19 11 25 24 40 26 34 24 24 7 16 32 6 18 14 42 28 18 34 24 27 37 19 10 16 24 19 14 22 21 31 26 29 19 31 29 21 20 19 22 30 52 15 38 12 34 28 31 19 26 26 33 23 14 19 22 20 28 11 20 20 20 41 32 
41 39 16 37 18 37 15 15 20 14 22 29 22 15 15 33 30 38 18 41 8 16 31 11 35 10 31 22 20 24 38 14 12 50 23 30 28 19 27 29 47 36 31 29 31 26 12 28 23 25 34 41 28 16 30 13 19 16 29 32 25 27 11 13 20 29 34 20 34 13 28 29 13 22 11 20 29 20 15 14 18 39 11 38 25 21 32 35 17 7 6 17 25 26 30 16 21 32 22 23 
41 14 16 32 9 52 11 13 16 17 16 26 15 23 25 20 31 44 18 38 14 29 22 24 36 18 24 19 26 32 38 32 14 25 28 28 17 13 23 16 20 23 16 12 30 31 23 38 18 18 23 22 41 17 27 18 22 24 14 15 30 23 24 11 39 22 24 22 28 23 24 23 25 24 19 10 34 9 21 25 15 33 30 30 27 31 23 24 18 13 13 30 23 17 30 23 9 15 39 25 
19 45 14 20 14 32 16 15 24 14 36 26 9 16 13 24 29 29 14 40 15 14 22 19 36 18 36 20 19 39 8 25 24 7 28 21 28 13 27 13 31 23 48 11 16 25 15 33 18 33 14 31 27 9 26 15 21 29 41 22 19 18 18 20 10 25 29 10 18 36 36 39 23 30 16 12 15 22 21 16 13 23 17 38 18 36 19 17 21 16 19 26 25 21 32 23 16 30 18 21 
27 24 22 29 4 21 13 17 14 15 28 20 24 17 22 30 24 49 19 33 22 12 20 11 18 13 40 14 15 34 33 25 22 25 22 33 29 11 18 20 18 23 28 35 19 32 8 40 18 29 18 43 29 12 15 20 16 25 23 25 21 12 22 17 30 25 6 17 44 28 20 39 26 29 16 17 27 37 23 21 14 14 25 40 14 45 49 29 11 11 7 23 18 26 16 22 23 28 18 20 
33 36 16 20 19 40 14 14 28 16 26 32 24 20 22 21 27 25 18 30 16 18 31 15 17 20 18 18 12 35 33 33 22 27 19 30 33 17 22 17 27 10 29 28 16 24 15 42 20 35 23 23 26 17 21 17 16 37 26 32 26 21 24 19 26 17 34 20 26 18 21 22 4 23 20 14 32 45 20 33 19 38 21 26 12 33 27 22 19 18 32 20 26 21 31 24 18 20 15 39 
17 35 13 18 22 25 15 20 17 11 29 20 25 16 25 19 28 24 14 40 9 29 19 18 48 19 23 29 16 22 29 17 22 43 27 27 23 19 29 26 23 12 31 25 13 21 25 37 17 23 32 23 29 23 20 18 14 38 20 14 30 4 15 15 12 26 20 22 29 22 29 21 17 34 17 3 33 33 12 43 17 33 23 25 16 23 18 34 18 14 20 20 20 19 28 21 17 23 12 22 
24 29 18 39 28 29 17 27 15 14 23 10 34 22 24 20 19 36 18 24 14 16 12 11 32 21 23 14 17 32 39 20 21 38 36 27 25 11 18 27 23 20 26 19 25 34 20 31 18 23 14 29 49 12 19 23 18 32 23 16 20 16 12 15 21 18 31 25 15 19 33 20 15 22 10 20 44 18 14 29 13 25 19 26 25 34 13 31 15 20 22 33 21 11 31 23 20 21 32 21 
25 37 15 24 20 27 14 30 15 12 35 25 28 17 34 11 35 37 17 38 17 16 32 16 29 14 40 15 26 20 25 43 21 35 22 19 20 19 21 14 15 24 30 18 30 15 17 37 27 23 32 38 29 18 23 17 18 21 30 21 7 14 16 23 21 37 21 22 26 24 27 28 33 26 8 11 40 29 17 32 7 18 23 29 27 18 33 39 13 20 16 23 17 11 22 24 28 20 19 22 
23 34 11 24 23 30 11 9 17 11 28 19 30 14 21 18 29 44 13 33 12 17 32 20 21 18 38 13 23 32 31 39 25 43 38 9 23 9 22 33 21 18 39 25 18 23 17 41 14 33 19 41 35 18 17 8 17 38 18 20 31 17 14 21 15 14 37 23 37 17 36 18 25 31 17 19 16 46 10 12 13 33 23 30 33 24 24 16 17 18 11 18 23 19 34 22 21 28 25 18 
20 27 18 36 13 23 21 19 18 17 24 16 30 11 19 28 33 51 10 41 15 22 25 22 33 20 29 17 18 33 17 37 26 32 35 20 25 18 26 21 49 14 38 23 16 46 13 28 15 36 27 6 30 21 38 26 17 41 21 25 16 10 15 24 23 16 17 15 27 19 39 30 37 17 12 20 27 24 19 52 14 26 25 31 26 29 20 32 19 11 18 29 24 19 23 10 20 17 24 21 
30 36 16 17 14 32 16 31 21 13 20 16 12 15 17 30 16 21 17 24 10 10 32 17 31 16 33 24 29 35 32 29 17 20 29 18 29 13 36 23 46 16 44 28 19 22 12 25 12 26 27 33 26 15 30 24 20 19 12 30 13 14 15 10 26 21 16 16 16 25 38 28 32 20 12 20 30 50 20 25 15 21 22 27 17 24 29 30 24 16 15 12 23 21 27 27 27 16 14 41 
32 22 15 20 20 18 12 17 21 14 25 21 20 18 28 19 24 20 13 38 19 24 30 21 24 16 42 23 13 26 36 30 24 34 31 28 27 18 16 20 16 26 21 15 20 21 15 33 30 30 30 22 32 24 14 22 23 42 17 30 16 13 16 11 25 12 22 16 36 25 20 28 30 30 16 15 36 22 15 34 18 32 20 25 29 24 13 31 23 10 15 28 19 15 37 16 24 12 22 24 
30 37 13 24 24 20 12 22 27 13 23 28 28 17 27 19 15 17 20 23 19 15 26 21 21 11 34 16 24 21 22 14 16 30 24 30 28 21 17 16 32 26 28 22 14 32 16 38 13 29 11 40 32 20 29 16 10 27 13 34 9 18 21 17 18 28 31 15 27 17 41 33 24 21 23 21 25 35 15 12 20 33 16 15 13 24 13 20 18 18 16 21 25 23 32 8 19 27 18 33 
31 37 16 28 16 32 17 36 13 16 27 19 22 18 21 15 25 26 22 48 20 26 23 19 35 17 26 19 22 29 36 29 20 34 32 34 29 13 18 2 24 7 28 24 17 26 14 24 25 29 29 43 25 24 17 16 12 37 28 22 32 10 22 19 30 10 20 16 36 21 13 19 20 36 12 11 21 24 11 30 10 13 21 24 19 26 25 25 19 13 6 33 25 12 33 16 15 20 22 8 
34 39 20 20 19 27 12 11 16 17 40 33 32 18 27 23 26 31 17 41 14 24 8 14 23 23 26 12 16 26 31 20 18 20 9 31 11 12 16 24 30 22 40 20 21 31 26 32 21 19 20 34 35 9 20 20 23 29 23 15 17 14 10 22 25 20 20 19 26 18 36 15 29 28 12 19 27 38 14 40 18 27 26 23 18 27 22 11 16 15 21 28 14 15 22 29 9 23 25 31 
28 18 18 25 21 35 18 23 15 10 32 18 19 23 30 24 30 39 15 36 11 24 20 16 35 16 39 21 22 35 37 30 20 13 22 29 28 15 29 23 41 23 36 19 23 15 19 40 21 32 19 10 17 13 29 14 15 41 21 17 26 20 19 10 31 26 20 19 28 23 23 32 26 23 21 19 27 47 17 45 7 28 7 30 23 41 25 32 15 16 15 32 12 20 30 11 14 25 22 29 
39 16 17 21 18 29 11 22 13 11 35 20 22 26 35 36 19 33 23 28 15 12 23 13 31 15 14 24 25 30 32 16 23 35 22 14 18 15 15 17 41 20 30 15 24 21 14 30 12 33 10 30 39 10 26 12 17 34 19 16 30 16 15 14 40 25 25 21 17 21 36 24 30 22 19 19 15 48 15 22 25 14 33 28 18 19 54 26 28 9 29 22 23 21 30 7 19 29 22 24 
17 31 16 31 30 28 16 23 21 15 32 11 20 19 17 42 23 24 14 43 18 10 23 12 33 14 23 17 25 35 30 29 14 31 12 28 28 16 25 20 17 25 39 21 12 21 11 31 14 23 44 27 43 20 27 14 24 35 19 21 23 12 17 13 23 21 28 23 21 13 32 12 13 27 15 16 41 40 17 30 14 20 46 18 30 39 33 30 19 16 23 14 16 20 40 18 19 26 14 32 
27 37 22 28 14 9 16 16 22 22 31 26 21 13 16 32 22 29 12 41 19 26 16 21 48 14 32 9 25 24 34 28 24 33 20 31 19 9 26 23 23 17 27 28 24 29 13 36 17 26 19 35 33 13 26 27 20 14 14 21 8 14 17 13 30 37 27 28 30 23 25 23 25 31 26 13 12 43 20 31 17 25 14 22 24 33 43 17 25 15 23 14 20 14 22 21 22 25 17 25 
28 27 17 34 24 23 23 26 19 20 30 23 24 17 10 20 29 22 13 33 18 23 24 27 47 17 36 20 31 30 19 13 25 25 29 30 27 15 19 16 45 8 16 37 30 22 23 23 12 26 19 42 16 16 21 12 16 23 20 21 26 20 20 22 28 15 23 23 33 22 24 32 13 31 18 13 23 10 10 38 21 26 26 18 25 39 13 33 16 5 13 24 24 14 21 10 27 16 11 31 
21 25 14 33 21 27 19 26 12 13 29 30 32 15 18 24 34 18 16 34 13 10 22 17 24 13 23 26 19 21 25 32 29 19 40 30 35 11 25 18 18 21 26 24 19 23 8 41 20 30 38 20 36 19 31 19 13 30 14 23 29 17 10 14 17 27 10 23 32 18 24 28 10 25 22 16 31 45 12 28 18 15 26 17 21 34 42 33 28 22 19 24 15 15 29 24 4 22 18 16 
22 35 13 33 18 34 15 20 21 16 30 24 19 12 28 21 37 17 20 22 14 18 38 15 33 9 36 29 23 41 39 26 25 30 31 24 20 14 31 19 43 20 36 29 33 27 21 20 21 17 40 49 30 18 18 23 25 40 18 21 23 10 19 21 26 12 39 16 36 17 25 19 30 29 14 17 22 28 11 29 21 35 22 16 24 31 5 24 19 14 20 17 20 20 32 25 19 27 23 34 
36 40 16 20 16 34 13 20 24 26 28 19 18 23 26 24 13 35 16 26 13 20 25 15 39 18 40 19 29 33 27 19 18 32 21 38 33 9 20 30 23 19 30 20 22 23 20 37 26 35 27 24 35 14 18 19 16 32 22 26 25 30 24 9 23 24 19 14 13 23 23 46 36 33 22 18 39 37 15 39 15 37 25 26 14 22 36 30 16 24 11 20 26 20 35 16 22 37 37 26 
30 45 7 28 24 23 21 8 23 17 30 23 8 19 32 23 24 29 18 18 16 19 21 13 40 8 35 12 20 32 22 18 17 34 27 22 24 14 16 23 24 24 21 17 23 20 15 37 14 20 32 16 30 21 28 15 19 45 22 34 23 11 6 13 24 9 23 24 40 15 20 22 19 29 16 9 23 41 12 32 21 12 30 21 22 31 20 20 20 9 26 21 23 21 26 21 22 22 14 33 
19 34 15 17 15 27 12 23 14 13 23 21 35 24 22 24 20 46 16 27 20 13 24 18 57 15 31 27 18 10 30 29 14 22 22 12 35 10 21 27 51 21 40 17 24 29 17 30 16 21 12 36 26 10 27 21 15 21 23 19 23 13 21 12 19 24 20 20 30 17 21 33 23 19 18 17 26 37 20 28 9 18 34 14 23 9 16 24 9 12 22 24 12 22 47 19 12 25 26 22 
25 31 17 31 20 31 18 29 15 14 30 21 35 26 28 20 30 27 13 43 11 14 25 18 25 12 19 5 25 23 43 14 23 35 35 28 17 14 18 25 35 18 19 24 22 30 19 29 16 41 41 21 29 16 21 17 24 25 18 51 33 21 14 13 24 30 19 15 27 20 27 35 20 19 13 18 22 28 7 29 12 39 30 12 16 40 16 21 25 8 14 15 17 18 35 17 17 14 30 32 
32 26 11 18 18 28 13 28 21 22 22 20 31 13 20 15 19 20 16 17 18 20 27 19 8 14 31 21 17 32 20 25 12 15 28 10 18 15 29 30 13 22 31 16 16 35 10 29 20 19 8 35 22 17 31 18 19 31 15 12 27 19 22 14 22 29 26 19 39 18 21 29 29 11 5 20 24 33 20 24 16 30 33 29 16 31 33 38 23 15 17 24 18 16 33 25 15 23 22 21 
35 12 20 30 18 13 7 24 17 11 18 33 36 16 27 28 25 25 7 34 20 21 21 21 37 12 28 14 20 30 22 30 18 25 20 22 26 11 12 22 34 18 43 26 27 20 9 31 19 14 23 28 28 18 21 15 18 36 24 26 21 26 18 14 31 20 25 21 20 26 22 23 22 30 16 14 25 31 17 24 14 33 22 31 20 25 21 27 15 21 18 26 31 17 48 21 20 16 30 21 
10 37 11 25 13 34 19 12 19 14 30 21 21 15 19 15 39 39 17 14 17 4 25 10 29 21 36 15 13 28 18 28 17 34 19 26 22 13 30 20 32 24 23 31 19 39 14 34 18 21 23 36 35 21 29 15 21 26 9 23 12 17 16 15 29 23 33 22 28 29 20 11 17 26 7 16 27 24 17 26 12 41 16 20 17 27 17 38 8 15 25 20 23 22 28 24 18 22 20 38 
30 44 10 11 13 14 18 21 17 13 24 19 29 8 19 16 3 57 14 31 15 14 27 17 23 17 31 20 11 31 34 39 15 32 18 25 40 25 21 20 32 27 35 21 22 25 15 29 21 27 13 13 9 13 31 11 16 31 17 28 34 20 20 16 21 23 29 15 30 36 30 24 28 19 23 17 31 25 12 31 15 27 21 23 18 35 22 36 21 9 16 13 28 29 43 24 15 30 29 21 
32 31 12 35 13 25 19 25 19 10 33 23 27 14 23 25 23 16 16 27 19 17 28 29 20 16 35 20 23 38 18 23 21 31 27 15 21 14 17 20 44 7 32 32 28 34 20 16 29 18 17 36 39 17 20 12 23 29 11 33 26 17 18 18 8 24 37 15 8 23 30 19 17 23 20 8 17 17 15 29 14 19 29 36 31 30 25 31 19 14 16 22 32 13 36 16 8 27 15 22 
30 16 15 29 18 30 17 17 20 12 34 9 31 17 27 32 16 22 4 20 18 20 19 21 37 20 34 18 15 31 32 21 20 26 18 28 28 10 25 21 38 17 26 47 25 19 14 17 17 41 19 33 40 18 20 25 20 28 27 38 21 18 19 17 29 36 28 16 31 19 21 18 24 20 16 22 15 20 24 24 16 18 28 36 14 35 36 32 32 17 20 23 30 22 32 10 18 22 30 22 
22 38 18 23 33 36 11 25 17 11 34 21 27 15 25 24 27 26 8 25 17 22 26 18 37 23 23 16 22 35 26 36 14 33 16 21 19 14 25 24 22 22 28 26 27 19 17 23 12 25 20 25 35 20 30 20 21 21 27 19 27 15 16 16 26 32 26 13 29 30 29 23 23 34 7 15 30 33 8 30 18 35 29 12 20 19 25 28 27 10 17 17 29 19 18 11 23 31 27 38 
16 16 18 30 26 33 17 14 21 10 12 20 50 14 29 32 13 22 10 9 21 17 24 23 24 18 35 14 8 16 33 31 12 27 33 27 30 18 31 15 23 22 18 24 25 35 16 28 8 24 25 38 33 10 27 27 14 17 19 14 33 21 19 24 24 33 17 20 25 26 15 24 22 19 16 14 17 33 15 37 4 20 27 38 18 25 21 31 16 20 17 27 19 21 42 25 22 26 18 30 
36 26 21 25 28 29 9 24 12 19 34 16 17 30 18 20 19 16 15 24 16 14 21 17 26 19 31 16 27 24 31 24 19 39 23 33 33 18 33 20 27 32 42 17 14 14 18 36 22 31 21 30 43 15 23 17 26 26 25 17 33 15 8 10 26 16 19 25 32 15 21 27 30 20 17 13 20 30 14 24 15 37 34 22 19 35 30 26 13 16 25 13 11 14 36 41 10 23 18 31 
31 19 15 25 16 29 12 23 19 12 24 16 36 17 27 21 22 25 16 29 13 13 28 19 28 12 29 21 27 33 29 24 14 21 29 36 27 14 31 17 33 28 30 30 21 22 13 36 24 21 18 15 28 22 36 12 27 41 26 31 23 17 14 12 39 34 29 18 30 22 23 28 24 16 14 25 24 43 16 22 20 19 27 26 26 23 33 38 27 12 22 16 18 20 25 22 21 15 22 23 
47 36 14 18 14 25 22 12 23 13 44 23 35 16 18 31 16 49 10 21 18 13 27 5 35 12 35 11 17 35 23 29 8 21 25 35 40 12 26 15 30 17 29 15 16 22 15 41 13 28 17 38 26 8 24 22 25 33 12 26 27 25 10 16 36 19 28 10 39 14 18 24 24 25 12 21 27 28 10 26 17 24 25 31 16 23 29 19 17 19 24 39 30 24 33 17 21 19 24 27 
25 35 15 17 17 23 11 21 22 13 24 2 25 12 21 17 17 42 17 32 14 20 24 24 30 14 24 12 20 32 20 24 21 28 23 6 21 12 6 20 25 14 19 15 21 35 14 37 9 30 26 33 27 14 20 20 24 40 23 29 27 18 7 11 15 19 35 28 39 17 30 9 17 30 23 19 25 40 8 27 21 31 23 36 16 36 36 19 14 15 10 18 23 18 30 24 20 27 21 21 
34 37 11 30 13 33 22 24 17 11 35 20 18 14 14 33 23 38 9 34 23 30 34 21 38 14 39 3 15 16 36 26 12 19 24 31 24 15 20 14 28 22 27 22 23 19 20 31 14 31 26 28 20 14 18 22 21 18 20 22 25 17 10 15 24 28 37 19 23 37 24 30 26 15 13 39 30 28 15 27 15 35 37 36 24 32 31 38 18 14 31 28 23 20 28 31 16 21 29 20 
24 32 6 28 14 26 18 15 3 17 19 25 22 10 8 23 24 33 19 28 14 12 20 12 40 14 39 25 5 25 30 21 16 31 31 28 16 14 20 17 21 16 44 15 4 14 16 24 19 22 24 41 37 13 26 22 23 36 18 29 30 23 9 18 18 23 14 16 31 18 15 25 29 21 20 19 20 35 18 29 16 21 17 30 20 22 35 37 18 16 19 23 18 25 29 24 12 26 27 25 
24 7 22 27 28 30 8 15 16 12 22 22 28 15 18 13 34 11 19 20 13 10 21 20 18 16 25 25 21 21 37 27 20 30 32 16 24 19 26 19 33 30 37 37 9 11 10 31 15 18 40 42 22 15 15 15 16 29 11 24 22 18 25 16 26 29 24 16 27 17 23 21 27 20 13 13 39 29 15 38 19 26 25 36 24 31 37 38 20 16 23 26 20 24 29 16 12 21 20 26 
33 25 16 30 21 20 13 23 13 16 20 23 41 20 18 27 29 28 24 38 7 20 14 14 28 20 23 21 22 26 23 28 14 17 31 22 28 12 33 20 34 22 18 20 16 27 6 22 20 30 25 19 31 14 31 17 26 22 23 24 22 25 21 18 28 30 26 14 24 24 18 34 14 20 10 17 13 30 11 18 16 21 20 26 32 37 54 32 19 12 22 20 23 16 37 7 22 25 27 28 
17 20 18 14 30 36 18 28 24 9 13 21 29 14 24 22 23 26 11 23 18 17 20 12 39 18 20 26 13 43 3 22 22 16 29 24 34 18 18 20 37 27 32 20 15 18 22 30 22 33 6 33 29 20 15 17 10 27 21 6 21 9 12 17 33 14 17 20 30 23 23 41 24 33 11 16 49 32 15 21 15 37 23 31 28 37 32 13 10 11 19 24 20 14 28 28 24 22 26 31 
26 22 20 20 19 33 10 18 17 27 22 22 31 20 24 23 33 45 14 52 12 21 27 14 30 22 19 7 21 38 22 31 16 23 26 28 19 12 33 26 18 21 21 28 19 20 13 27 21 25 39 36 27 15 26 20 30 25 30 15 22 22 15 14 16 17 20 10 19 10 21 21 14 34 20 16 40 27 11 31 17 21 29 17 19 23 25 21 12 11 23 34 27 21 39 19 12 13 22 27 
27 35 19 33 20 24 13 32 19 18 33 22 31 16 27 21 33 34 14 39 13 20 19 18 24 12 27 17 16 38 32 32 16 16 20 13 17 12 21 23 21 31 32 26 21 22 15 35 9 21 18 18 29 16 27 13 17 23 12 42 18 19 17 13 21 24 30 14 34 17 25 28 14 14 13 21 23 34 15 18 17 25 26 27 21 19 22 22 19 11 13 34 26 23 34 25 16 33 26 21 
20 17 20 33 23 40 13 19 14 6 23 16 30 15 19 14 31 27 19 52 18 15 10 18 26 13 37 11 9 19 20 29 16 24 33 29 15 21 15 20 17 14 45 20 16 19 13 27 12 37 19 38 25 23 30 30 17 20 23 12 27 24 15 22 44 17 21 15 15 11 24 29 8 39 5 23 40 16 9 37 19 27 24 24 19 35 50 27 30 18 11 20 27 11 12 22 17 24 27 31 
36 38 19 33 24 29 15 27 8 16 35 27 26 20 26 37 17 34 10 28 19 13 21 22 16 15 43 13 23 23 23 35 18 31 35 28 14 14 28 5 27 23 27 30 20 11 21 18 12 30 33 43 24 21 26 26 21 23 18 28 26 18 12 11 26 24 15 15 26 17 13 21 10 45 16 27 49 44 11 27 17 26 27 27 17 30 32 28 19 8 15 30 23 20 25 25 14 21 21 28 
26 28 17 27 6 27 17 32 18 16 29 4 31 21 30 10 28 25 14 22 9 27 20 22 29 16 28 17 17 22 17 34 17 20 30 18 10 17 24 22 29 17 24 22 23 16 10 36 15 27 29 28 30 16 19 16 23 42 21 22 35 14 18 20 28 30 26 19 22 15 34 22 22 27 16 16 36 42 8 18 12 26 33 22 17 34 48 27 22 20 19 27 21 14 31 31 14 18 34 17 
24 25 19 28 11 23 12 17 8 9 27 22 39 3 20 11 26 33 16 29 15 9 17 17 30 14 11 17 17 28 25 23 19 21 28 26 30 17 27 20 27 15 33 20 27 32 19 30 22 25 18 13 21 17 23 24 16 38 24 18 22 27 23 17 22 27 25 20 24 21 26 32 24 30 12 15 30 28 9 23 19 28 33 41 22 15 42 26 21 22 24 24 26 20 10 25 14 18 16 27 
35 21 17 28 17 44 18 17 20 20 23 23 20 10 19 21 26 27 18 32 15 18 27 21 11 10 36 20 18 31 39 22 20 25 22 34 27 9 19 10 37 12 29 35 20 27 15 43 20 24 28 39 28 18 22 17 15 34 20 19 26 10 13 17 22 22 21 10 33 22 27 17 36 32 10 23 25 35 13 34 13 27 16 23 19 34 22 25 23 15 14 30 17 15 35 21 20 19 16 27 
37 28 15 9 17 42 13 24 14 17 15 14 18 9 23 15 18 37 6 19 14 20 26 20 25 11 24 22 19 27 40 36 17 38 26 29 17 17 16 42 18 28 41 21 12 21 16 37 12 34 18 34 21 17 20 15 17 30 23 23 24 21 11 16 31 21 36 15 37 26 14 19 22 28 15 29 32 26 14 29 17 19 10 40 25 39 29 26 15 19 16 31 21 18 28 15 30 19 19 24 
23 26 21 30 27 22 10 22 20 10 18 19 26 24 12 32 16 30 17 30 11 21 28 20 30 17 26 17 9 26 14 29 16 38 24 16 15 9 16 17 23 12 20 23 14 21 21 9 22 36 29 34 25 10 30 5 26 22 25 28 28 16 20 7 34 29 32 19 18 34 18 40 23 19 11 20 25 35 12 34 14 30 37 18 28 37 26 27 26 16 28 22 27 26 38 34 10 21 18 37 
15 35 14 32 18 24 13 27 16 9 25 20 33 6 24 25 17 25 6 36 15 13 27 18 39 18 32 13 27 40 25 38 15 19 31 27 15 19 22 21 33 19 28 28 26 33 16 37 18 17 26 33 30 18 20 15 21 24 22 20 17 20 13 21 35 18 14 24 33 19 22 36 23 32 18 22 29 25 15 29 18 23 25 29 27 34 42 26 31 5 19 14 28 16 44 12 11 20 15 34 
25 30 19 36 16 27 10 20 15 14 32 21 16 19 4 21 29 38 20 43 13 20 19 18 40 22 29 15 25 32 24 38 9 37 13 23 20 18 13 18 20 17 36 31 11 20 20 42 19 31 33 28 40 10 23 17 14 33 18 19 27 17 24 17 10 31 13 19 32 21 28 30 19 36 19 19 37 13 14 24 20 27 24 20 19 40 34 19 20 13 14 15 26 24 41 23 19 15 22 22 
15 43 22 26 30 43 15 13 11 16 33 22 25 11 24 13 35 27 14 30 17 25 28 21 40 15 38 18 19 33 25 33 23 14 22 24 27 22 11 15 28 26 33 28 16 24 8 12 20 32 33 30 30 13 26 22 16 15 22 25 35 15 21 11 24 21 18 27 36 14 21 26 12 26 20 18 30 45 15 27 17 26 31 30 19 27 33 34 10 19 22 19 30 17 15 12 11 26 27 23 
41 23 14 19 17 18 16 9 26 10 23 19 25 17 16 29 20 21 15 29 21 15 25 16 27 14 21 27 24 24 30 17 22 19 32 39 27 15 17 10 34 23 22 27 9 20 15 47 19 22 24 19 38 15 20 21 22 33 32 14 25 15 12 14 19 22 32 18 24 25 35 21 24 22 21 18 41 31 19 32 14 26 28 32 30 25 28 24 22 7 34 4 22 26 22 21 17 20 26 20 
34 18 14 21 29 24 14 31 19 19 30 28 36 25 27 25 38 28 14 24 16 15 23 12 24 20 25 9 24 2 26 37 15 30 32 37 25 12 19 15 39 28 21 24 20 30 20 29 25 29 15 21 19 13 15 18 24 8 25 24 40 10 13 14 24 31 29 21 27 13 19 22 27 26 21 20 38 29 15 32 10 32 23 32 18 13 34 33 22 13 16 19 20 18 28 20 14 18 15 15 
41 16 15 29 18 8 19 31 16 11 17 19 25 17 22 13 24 29 15 34 14 14 16 20 50 13 18 13 22 39 24 45 15 30 28 25 24 16 28 19 30 28 26 16 18 27 11 33 17 28 28 35 33 12 19 19 10 21 26 29 13 16 17 19 22 15 26 24 32 26 25 32 37 11 16 19 25 17 17 25 19 25 20 30 21 48 32 25 18 21 18 12 28 19 14 21 18 18 24 42 
15 23 17 34 9 35 7 22 12 10 21 17 30 15 22 31 31 24 19 30 17 19 16 12 25 9 27 12 23 22 28 32 25 26 31 22 25 12 19 18 19 29 27 18 25 27 18 36 24 20 42 36 26 13 19 17 24 39 25 16 30 20 12 14 22 26 21 11 27 17 23 24 20 39 18 15 30 11 19 31 14 19 35 37 22 28 39 33 15 13 21 29 16 15 35 26 16 27 25 39 
30 13 20 33 23 21 17 23 15 13 42 16 23 20 18 30 34 44 15 22 15 17 12 24 34 8 20 20 22 18 19 20 20 32 18 23 26 14 32 22 23 12 25 22 27 21 17 23 15 22 22 24 40 20 30 11 14 34 29 17 21 16 24 17 31 19 21 24 23 15 29 32 31 23 13 10 24 27 15 22 16 32 35 37 29 15 35 26 21 10 19 18 25 24 20 34 15 22 18 20 
20 31 20 28 25 23 11 18 6 19 10 13 23 17 25 23 26 31 12 45 12 17 20 22 28 13 27 31 16 49 48 39 18 35 32 31 24 16 11 19 46 23 26 20 25 21 17 24 23 30 32 22 35 19 23 31 13 30 35 18 21 22 10 17 36 25 21 15 22 24 29 21 8 34 20 15 34 34 10 23 14 19 18 38 28 23 21 29 21 18 20 22 22 16 39 19 18 8 26 24 
33 23 13 18 19 31 14 17 17 17 28 27 29 23 24 29 26 31 15 23 11 16 28 14 36 7 31 13 17 36 25 22 20 22 27 25 22 18 32 24 22 21 54 24 16 27 14 27 8 9 29 41 25 20 22 12 27 42 21 19 23 9 18 18 18 24 17 21 34 18 16 29 28 35 18 20 21 24 17 40 14 23 18 30 27 29 29 27 27 10 21 23 31 28 38 20 18 22 27 20 
29 36 20 31 20 30 16 18 26 12 41 10 16 17 34 27 31 18 10 31 16 17 24 14 44 15 33 19 20 42 31 23 14 37 17 25 26 16 27 11 28 27 26 21 11 27 8 37 12 25 25 21 30 17 20 5 19 29 22 43 18 15 14 10 17 19 39 21 33 26 27 26 30 12 21 7 19 33 10 40 21 29 24 30 28 25 32 22 18 18 25 23 22 26 22 22 11 10 18 27 
21 28 15 24 20 25 12 16 19 18 22 26 17 25 19 33 18 25 7 31 15 21 30 27 35 25 27 17 11 27 20 36 13 32 25 12 23 16 11 27 34 27 29 17 22 14 20 15 20 30 23 48 37 18 20 17 17 36 25 23 25 14 30 14 18 20 25 21 31 7 28 15 6 32 13 20 44 26 19 34 17 32 29 24 19 50 24 31 23 17 16 13 17 13 29 12 14 19 19 28 
25 29 19 30 13 45 15 26 18 15 32 13 34 13 27 16 28 29 14 8 24 17 30 19 38 19 27 16 27 37 23 26 16 15 20 37 35 23 33 6 24 20 29 21 18 31 20 23 20 33 20 18 34 23 29 23 19 36 25 32 22 19 15 15 25 31 15 23 22 16 32 31 15 20 14 4 32 25 15 16 15 34 21 14 21 19 35 27 19 13 12 25 16 17 23 17 14 18 19 22 
30 21 20 19 25 28 10 19 24 12 34 16 31 10 14 26 34 27 14 18 17 17 27 27 30 20 21 23 21 20 15 25 27 21 24 35 27 9 31 12 26 16 44 21 24 16 15 26 13 26 23 49 23 19 30 24 19 18 19 27 21 25 25 18 22 29 35 25 30 27 21 25 29 17 21 20 31 36 10 20 11 15 19 20 23 29 39 26 16 16 23 17 29 15 40 21 19 25 27 35 
41 28 7 30 16 32 7 17 33 18 24 17 25 11 30 23 17 33 16 28 15 19 11 17 29 14 33 17 16 31 43 39 21 29 26 29 33 15 18 13 31 20 31 17 23 31 4 9 13 27 31 8 24 11 19 25 30 37 19 12 16 20 12 20 26 32 13 27 18 27 23 23 17 31 8 20 32 31 14 27 19 32 26 31 20 38 23 12 25 20 13 32 23 22 34 22 18 25 14 35 
31 39 18 27 24 25 16 22 15 20 24 23 10 19 18 17 19 24 22 50 17 15 28 21 33 21 40 20 17 27 43 23 7 20 39 29 20 16 18 24 28 20 29 23 29 15 17 35 15 38 19 17 29 19 24 19 27 40 19 16 35 15 23 11 22 18 29 14 21 20 28 27 25 33 15 9 18 20 15 41 10 35 25 7 26 24 24 28 23 15 14 24 20 18 28 13 15 16 15 23 
35 27 12 28 16 32 16 23 21 19 22 23 25 18 17 14 17 30 16 17 6 14 19 15 24 21 35 21 20 27 32 18 14 30 33 33 32 12 21 14 24 17 24 30 22 16 14 34 13 29 22 21 27 21 21 13 24 24 21 34 20 23 21 22 35 24 24 24 23 23 26 28 29 12 12 10 27 32 11 27 7 25 25 25 30 37 21 21 20 10 24 19 22 17 29 13 22 19 22 17 
16 23 13 34 15 29 20 17 25 10 26 18 25 15 23 5 16 38 14 34 19 20 22 18 38 13 32 15 18 28 29 24 21 31 33 26 20 19 31 24 44 21 37 12 21 30 13 36 21 17 33 38 38 16 21 15 15 38 17 11 30 11 10 16 32 27 22 36 35 29 22 23 37 35 17 23 29 16 16 27 13 29 19 23 25 26 23 25 29 15 15 33 27 22 29 14 16 26 25 35 
28 40 18 26 24 39 10 25 13 17 39 28 31 12 28 34 18 23 12 27 14 21 25 14 43 19 42 9 13 16 27 28 24 31 20 34 12 16 20 27 27 10 27 25 25 20 17 35 22 44 31 18 21 20 25 17 18 58 28 19 20 19 19 16 25 28 15 27 23 13 32 16 38 27 22 19 28 26 14 35 10 13 24 23 13 27 32 31 16 17 18 27 18 21 33 18 19 33 29 20 
27 30 15 32 21 44 11 31 26 11 10 32 20 21 24 33 16 33 13 38 17 29 26 11 34 15 36 27 19 33 27 29 12 27 29 24 28 16 24 24 33 16 40 23 19 27 20 37 21 26 25 28 31 16 27 22 11 20 30 35 22 9 17 14 26 15 27 17 23 21 25 23 13 26 23 20 22 41 8 23 15 27 24 18 22 37 23 23 17 14 15 26 24 18 44 16 17 26 18 32 
23 39 19 29 17 23 17 21 12 13 29 22 17 18 20 22 33 36 14 24 16 21 11 18 38 12 31 18 26 19 30 16 16 25 32 29 44 14 28 23 33 26 29 34 27 21 9 45 13 23 28 37 38 13 25 21 21 27 26 24 20 12 12 24 40 24 23 20 34 15 33 25 13 14 17 19 28 41 15 41 22 26 29 25 19 41 21 33 16 11 10 19 21 19 28 18 28 19 21 31 
18 28 17 20 22 28 13 24 20 16 21 24 22 23 24 25 34 45 22 31 19 11 28 20 32 15 33 15 16 26 22 9 19 21 24 26 18 8 17 29 36 20 19 23 26 19 14 55 24 15 20 38 30 12 26 20 34 27 30 23 28 18 19 16 18 26 19 25 13 26 35 30 26 23 14 5 25 25 10 29 11 33 22 35 32 45 33 32 28 17 19 22 32 26 21 20 12 16 22 27 
20 8 9 27 15 52 16 23 19 15 26 18 20 21 23 19 21 19 12 14 19 12 25 15 29 24 17 18 13 11 30 47 24 46 33 39 14 20 14 26 28 17 15 25 20 7 13 38 19 24 26 25 30 18 18 23 23 31 27 27 19 32 16 18 19 22 15 28 32 21 39 34 27 27 18 11 22 34 17 29 15 25 19 20 23 39 22 25 19 16 14 34 14 28 30 16 12 31 18 22 
30 36 7 32 20 43 20 22 7 14 31 24 21 27 15 31 25 43 15 26 14 20 23 23 25 18 33 21 20 32 22 24 21 47 26 13 21 17 24 38 27 23 15 9 17 27 13 27 14 16 27 43 27 15 21 21 27 27 21 29 30 16 14 14 22 20 15 5 36 32 25 36 14 40 6 16 20 28 18 40 20 30 17 16 17 40 30 20 20 17 16 27 15 17 40 20 23 26 18 28 
25 44 16 21 16 31 16 23 18 14 35 24 24 23 27 31 22 32 13 30 22 21 27 15 25 14 9 14 12 20 24 22 19 26 26 35 23 17 23 16 32 23 40 30 9 25 11 40 15 28 30 36 20 19 20 14 25 43 13 36 33 19 17 13 34 22 34 27 36 22 22 36 15 19 24 16 47 29 15 32 13 24 28 25 12 38 29 26 18 13 17 30 13 20 30 29 15 25 27 20 
16 30 14 28 20 35 18 8 22 10 15 20 27 23 25 30 25 50 16 38 14 15 27 14 18 19 35 17 10 34 29 33 25 29 21 29 20 16 23 16 43 22 28 24 19 28 17 25 16 26 27 46 28 14 28 26 24 39 32 32 31 26 24 7 20 26 20 19 25 19 29 25 25 33 16 18 23 22 12 32 11 25 15 37 24 46 26 33 22 14 17 30 20 20 42 19 20 25 20 27 

MachineCapacities:
MachineID Capacity
0 10
1 10
2 10
3 10
