NumTasks NumMachines NumScenarios
25 2 1000
TaskDetails:
TaskID ReleaseTime ResourceConsumption SuccessorsCount Successors...
0 0 3 8 1 2 
1 0 4 6 0 
2 0 10 3 0 
3 0 8 3 1 5 
4 0 6 4 0 
5 0 7 5 0 
6 0 5 7 0 
7 0 9 3 7 12 16 17 18 19 22 24 
8 0 2 6 1 19 
9 0 8 9 1 21 
10 0 3 3 0 
11 0 4 8 2 16 24 
12 0 5 2 1 21 
13 0 2 1 0 
14 0 6 6 0 
15 0 4 1 0 
16 0 8 8 0 
17 0 5 7 0 
18 0 6 4 1 23 
19 0 9 3 0 
20 0 3 4 0 
21 0 9 3 0 
22 0 2 3 0 
23 0 3 8 0 
24 0 2 8 0 

31 22 19 21 20 29 20 18 33 45 26 28 37 21 25 23 32 20 17 19 32 18 23 14 26 7 19 13 15 13 26 18 33 35 18 28 21 29 24 39 18 30 18 26 24 26 10 14 26 28 
35 38 17 20 17 17 21 17 25 27 21 27 29 18 32 21 31 20 22 23 35 17 13 13 19 14 20 12 14 14 15 22 16 27 14 11 35 14 22 27 23 11 18 27 33 21 24 16 16 31 
23 35 23 19 23 25 19 30 11 37 13 28 16 16 27 18 41 17 11 34 28 25 19 24 21 18 16 19 13 25 34 22 29 28 28 32 28 29 21 32 28 21 33 43 19 33 24 21 22 17 
22 44 22 16 24 27 14 16 16 24 13 15 14 25 11 36 35 22 31 13 54 18 27 20 23 20 23 20 18 10 31 19 44 18 39 33 41 29 20 28 24 21 26 36 29 32 12 34 14 36 
35 29 17 18 19 14 12 10 20 29 15 16 17 5 20 20 41 12 19 22 30 16 19 20 32 18 15 13 15 23 31 25 36 24 19 31 35 17 17 30 17 25 24 21 27 29 19 25 22 22 
15 34 14 21 26 22 20 27 28 38 21 8 20 17 23 32 30 22 26 21 30 14 23 14 32 19 9 18 15 23 8 31 46 13 26 25 35 27 23 37 33 24 34 35 31 17 28 28 19 30 
31 23 22 14 16 20 7 26 35 31 21 18 25 15 24 14 28 19 30 15 35 24 30 5 28 14 12 20 27 14 23 16 29 13 15 28 29 36 29 12 25 23 18 28 19 33 18 20 29 38 
22 24 20 9 8 27 19 25 25 39 28 24 20 14 25 19 24 6 25 11 26 14 12 16 24 10 5 18 23 25 25 25 25 23 28 25 17 26 12 19 19 11 23 34 14 12 23 22 24 30 
22 40 11 10 14 27 7 19 28 19 15 23 26 14 26 32 39 13 11 22 18 20 15 27 19 16 15 7 22 28 29 29 27 22 29 22 19 35 27 17 25 25 25 36 23 22 14 21 25 34 
38 8 21 11 19 13 23 22 23 29 12 25 20 12 2 25 30 14 16 41 22 11 18 13 26 12 12 10 15 13 16 28 36 10 22 35 29 17 7 34 25 11 20 20 28 19 20 14 28 32 
27 22 16 15 16 25 26 22 23 38 9 13 32 25 9 25 26 17 22 15 34 27 18 14 17 20 16 17 19 22 24 29 28 25 48 14 2 38 19 19 24 24 20 25 24 23 22 15 30 39 
29 29 11 15 20 27 24 18 32 14 22 15 34 15 20 26 34 20 21 22 21 18 26 13 20 19 21 20 18 13 15 30 20 25 17 27 28 22 19 28 14 13 24 30 30 22 19 15 23 9 
34 35 17 13 15 27 13 23 11 42 22 14 16 22 15 14 40 25 26 25 24 18 27 15 32 16 14 9 21 15 30 22 27 25 31 25 36 35 23 35 35 20 27 24 37 29 25 21 23 21 
30 27 24 14 16 24 15 24 37 26 13 19 29 16 12 22 24 18 22 30 17 23 20 15 23 16 15 13 15 7 33 22 23 28 23 23 23 26 25 34 47 30 26 29 22 30 27 16 7 36 
20 26 20 21 3 23 15 28 28 28 13 25 23 14 26 15 31 18 18 18 10 29 16 13 33 19 12 21 21 19 31 14 19 21 29 28 22 34 23 23 22 20 28 15 28 19 22 28 27 40 
37 38 20 20 12 22 13 21 18 27 12 29 20 13 26 27 17 15 18 21 33 12 18 11 34 20 14 20 18 13 29 17 23 33 34 28 18 41 17 35 21 10 16 26 30 29 22 26 28 37 
30 17 27 13 20 8 17 8 36 27 14 23 35 15 30 21 33 15 21 21 13 20 26 21 34 16 16 21 22 17 25 28 17 18 26 23 27 29 33 28 26 24 17 22 33 21 16 20 18 36 
41 29 20 19 19 15 19 22 13 25 26 17 16 14 24 20 27 15 26 32 32 19 24 23 32 24 21 21 22 21 24 29 28 26 33 25 11 32 36 18 27 12 17 28 28 25 15 24 28 26 
19 28 13 18 14 36 12 24 26 27 22 37 24 23 23 19 29 16 22 21 33 18 21 10 24 16 16 13 18 22 25 27 36 31 19 20 28 26 18 36 29 15 29 44 33 26 15 34 24 45 
39 20 13 10 19 15 11 23 21 25 15 27 23 16 27 22 31 17 20 21 29 15 16 17 9 13 13 7 28 21 29 21 17 28 24 39 32 22 27 38 19 19 27 42 21 19 26 21 22 25 
26 18 21 15 16 17 10 31 30 28 17 20 29 20 31 27 33 17 30 17 21 22 24 19 15 18 19 20 19 19 36 18 17 25 22 24 37 34 22 25 23 16 20 29 19 19 19 20 30 38 
31 28 20 14 12 25 14 21 22 36 25 22 16 19 24 27 33 15 29 13 44 18 32 14 43 19 13 12 27 20 30 27 22 20 28 36 34 37 29 25 40 22 27 10 20 34 16 25 23 21 
49 17 15 13 24 23 19 17 25 18 16 33 30 10 18 28 28 17 16 22 22 16 20 19 31 9 15 22 29 13 23 28 22 24 14 28 37 39 18 29 30 18 36 24 37 33 16 21 36 28 
18 10 16 14 22 11 17 26 31 20 25 30 17 13 20 37 29 14 17 18 26 17 24 22 29 22 11 11 19 23 25 16 20 49 33 16 20 19 17 15 40 23 34 11 30 27 20 14 12 41 
23 30 24 18 22 10 16 25 32 26 16 29 17 25 9 24 19 15 29 28 24 25 23 25 25 18 9 15 15 13 33 32 22 28 33 41 32 35 20 29 39 21 22 32 19 20 17 22 23 16 
15 13 13 15 22 16 19 28 33 30 19 21 31 18 27 20 31 11 37 18 26 24 23 16 25 21 13 12 10 33 15 15 30 25 27 18 27 27 25 27 31 22 25 29 27 26 21 13 24 31 
20 6 27 14 14 22 25 19 39 22 18 18 19 16 33 26 28 14 16 17 12 17 11 16 29 17 9 18 10 18 24 18 30 12 27 38 29 45 19 19 40 22 18 18 22 28 24 24 27 32 
39 24 23 18 20 20 22 19 36 53 20 28 12 17 18 20 23 20 17 29 42 28 17 12 23 11 6 13 12 20 14 12 22 29 26 34 16 23 36 47 22 11 16 32 32 25 15 32 23 40 
37 29 16 19 23 28 16 22 25 39 14 26 21 16 17 26 29 21 30 19 36 17 20 16 12 24 10 8 11 18 26 28 43 24 29 26 29 45 18 23 24 14 19 43 21 11 14 22 30 38 
30 35 11 19 15 14 14 4 35 27 16 27 22 17 28 23 14 15 16 24 30 19 31 13 18 25 18 19 15 9 18 26 21 26 30 33 34 29 9 35 25 24 21 27 29 29 16 22 37 14 
26 22 7 17 28 34 13 25 33 35 22 22 22 21 14 21 30 11 24 23 28 22 25 22 28 20 15 18 19 16 30 32 38 18 26 15 29 30 16 29 25 17 11 29 36 18 24 14 23 20 
31 23 22 17 13 17 14 21 20 25 9 30 17 21 23 25 38 8 21 31 30 6 14 14 20 16 19 19 14 21 26 31 26 32 20 31 34 38 34 38 36 16 33 35 25 23 10 10 14 44 
32 29 19 15 18 29 11 11 16 23 23 23 29 16 18 34 26 14 21 17 20 8 23 16 14 12 18 18 36 21 23 24 34 20 26 22 26 32 22 35 23 29 24 21 10 19 19 17 23 27 
33 24 18 16 11 38 20 20 31 26 11 20 31 17 11 18 30 12 20 20 32 12 21 18 21 14 17 12 15 20 35 18 28 33 23 23 38 16 33 23 25 21 37 28 19 29 17 25 19 29 
21 23 23 13 11 18 16 21 22 6 19 18 19 12 10 24 23 21 15 26 46 18 20 18 32 18 11 24 12 21 30 31 26 29 17 35 36 27 24 19 21 23 18 21 19 22 12 25 21 33 
27 26 13 24 12 38 12 14 23 35 14 26 15 21 20 17 34 20 35 17 16 23 24 16 16 10 19 10 23 14 31 29 10 18 26 34 37 33 18 25 25 21 10 29 20 33 16 27 31 27 
19 6 14 17 13 27 16 25 23 18 11 23 30 18 19 30 24 25 30 30 29 28 17 23 24 16 15 11 15 19 19 27 24 17 15 37 29 33 18 24 28 23 32 34 28 25 15 14 25 28 
8 21 21 18 23 30 22 9 30 28 16 8 45 18 15 19 30 17 21 27 38 22 26 16 17 11 14 18 21 16 22 17 33 21 41 37 38 29 18 37 23 15 23 25 37 25 16 13 15 25 
22 20 14 15 8 18 13 24 28 30 9 25 12 16 15 18 27 16 31 20 24 18 23 26 33 18 12 15 22 22 29 25 35 23 29 12 33 29 17 29 24 23 35 42 27 16 21 24 19 24 
27 26 14 14 21 23 16 15 26 20 18 25 11 17 17 28 14 17 22 12 24 21 23 22 34 17 13 9 14 10 33 26 31 23 18 28 37 27 20 21 42 13 3 33 19 17 12 17 2 30 
26 35 23 15 16 14 8 20 28 24 11 19 20 12 16 27 12 15 7 17 31 23 25 19 33 16 12 26 28 13 37 27 27 16 32 30 21 33 30 23 29 14 20 32 28 21 26 30 29 25 
22 38 18 17 16 17 18 18 20 28 20 32 20 18 28 13 30 14 18 22 12 19 27 19 24 25 17 8 30 18 30 20 34 39 23 28 31 21 24 31 33 24 24 27 31 20 11 17 24 22 
24 38 24 18 17 26 27 20 26 23 25 15 23 18 27 22 31 17 26 10 20 27 24 15 37 19 19 13 10 16 25 33 29 19 41 26 42 46 32 20 25 22 30 25 26 23 16 13 29 38 
26 27 16 13 19 20 16 19 42 20 24 27 34 14 23 22 28 19 29 21 23 18 26 11 20 15 15 17 21 17 34 14 43 21 21 25 33 22 29 15 25 27 32 12 20 20 21 22 13 18 
19 12 7 19 15 23 15 23 32 23 22 23 30 18 30 26 24 14 20 19 31 21 32 17 20 22 17 14 28 15 18 14 24 30 44 30 20 33 38 20 34 15 30 35 32 7 22 22 23 22 
15 25 13 16 21 31 17 21 34 36 12 27 19 6 26 28 36 16 22 25 19 17 20 24 34 18 22 19 16 16 24 25 23 32 33 12 36 11 22 26 38 27 23 25 27 21 20 10 26 31 
24 18 14 17 27 16 22 26 32 31 28 27 29 22 14 20 15 18 33 31 32 24 22 16 14 20 18 12 17 17 22 25 25 10 23 28 30 23 17 23 20 13 16 17 17 31 21 25 27 26 
33 39 15 18 12 29 10 25 38 20 32 13 27 11 14 20 28 10 20 40 39 15 25 13 34 22 8 20 17 18 32 26 31 25 39 33 39 21 29 7 29 15 38 24 37 29 19 30 14 23 
37 25 12 21 28 17 17 17 19 28 20 25 18 14 37 25 39 19 15 32 27 19 22 11 23 14 18 10 18 16 23 26 30 13 37 27 36 37 22 32 23 21 27 40 15 30 22 17 15 36 
27 34 20 9 27 24 19 25 19 33 22 25 17 12 24 20 28 10 19 14 27 23 20 9 16 16 12 20 23 11 24 23 26 25 23 26 15 27 16 17 26 23 30 25 31 17 17 22 17 36 
22 32 20 23 21 30 21 23 13 22 20 20 22 16 25 29 12 13 23 30 20 23 29 21 21 24 16 17 25 17 31 21 21 31 32 21 25 44 31 34 26 19 24 33 21 26 23 11 24 41 
34 24 20 15 19 18 16 28 30 26 24 34 26 14 16 17 34 17 5 21 42 9 38 22 29 21 8 25 21 17 24 24 27 12 34 36 22 40 11 27 15 11 35 29 22 19 16 9 16 20 
24 12 21 14 13 19 16 17 18 29 26 20 9 16 26 30 39 7 20 29 36 22 32 15 26 24 14 22 18 23 21 29 43 21 31 35 24 23 23 4 26 21 36 24 18 28 21 20 29 32 
21 12 13 21 22 27 11 20 23 44 24 13 10 7 23 20 41 23 25 23 50 17 26 21 31 26 12 12 9 16 32 28 30 22 24 12 32 13 21 20 38 11 24 36 24 30 13 21 31 18 
32 29 14 20 19 11 22 23 32 39 15 15 27 8 27 24 34 20 26 17 37 24 18 16 25 15 18 17 15 14 33 25 31 20 43 21 21 27 32 35 39 24 10 36 30 26 8 8 26 32 
21 45 20 14 25 22 16 29 29 40 20 16 20 14 21 23 32 15 32 18 36 22 19 15 14 31 21 21 14 19 30 23 22 20 21 32 20 31 29 30 27 20 7 32 23 25 20 25 33 33 
29 38 14 19 18 23 18 21 35 33 19 26 25 15 19 20 16 15 34 25 35 15 20 15 13 17 19 25 19 18 25 24 28 27 25 27 29 26 27 13 30 18 24 27 26 35 18 12 28 34 
38 29 24 16 14 33 13 9 26 31 17 26 11 18 17 24 36 13 19 23 33 11 16 21 13 13 20 17 20 10 26 29 24 19 34 34 34 21 14 21 30 20 29 24 17 18 19 29 35 28 
29 21 16 14 13 17 15 18 21 11 15 17 26 13 23 20 35 15 22 20 42 20 29 23 15 19 12 11 23 20 29 26 30 26 23 27 28 34 19 35 40 19 23 14 33 28 22 18 23 38 
40 36 23 19 14 20 20 11 29 33 21 26 21 21 21 18 43 22 16 32 24 19 22 19 24 25 20 23 27 20 18 11 35 29 25 41 27 29 32 26 43 23 25 48 14 20 18 23 24 30 
30 22 21 18 17 22 12 28 25 23 14 25 25 17 14 17 35 13 20 8 23 18 20 21 25 25 16 24 17 17 23 22 27 29 25 29 27 37 30 37 21 10 27 11 23 22 9 21 24 43 
26 12 20 17 26 28 21 15 28 35 13 14 20 16 25 18 36 18 18 27 33 24 35 20 22 14 16 17 15 21 23 20 30 17 34 31 18 15 31 29 32 17 13 26 27 22 17 27 30 43 
29 35 13 11 32 21 19 16 16 38 19 23 29 18 27 28 25 16 18 19 40 29 32 14 21 25 18 5 22 5 42 14 12 16 30 33 32 26 25 29 14 21 25 21 34 28 17 21 19 40 
45 24 17 11 25 20 12 27 32 26 18 31 19 22 16 25 22 19 19 36 33 25 15 20 35 20 16 24 16 19 11 16 17 37 21 26 26 33 20 28 21 25 28 19 22 34 16 24 14 28 
27 38 19 19 21 11 16 37 34 21 17 21 21 16 22 28 38 16 20 21 34 16 29 9 27 22 16 14 20 17 20 30 29 24 19 32 25 25 30 24 27 23 31 31 28 21 17 25 18 38 
26 25 13 23 11 19 14 18 14 32 20 20 23 16 31 16 33 12 27 23 28 22 25 11 26 15 13 14 20 29 33 32 36 20 25 55 20 31 18 30 37 25 19 34 30 17 14 20 21 28 
42 13 12 22 13 21 15 15 23 18 20 17 18 18 19 25 26 15 9 20 31 12 23 17 25 19 20 15 17 28 12 32 23 14 26 43 19 24 27 34 23 16 29 26 31 15 22 15 22 34 
39 23 27 16 14 24 19 17 23 44 26 20 33 21 21 23 32 16 26 29 33 20 24 10 39 8 18 16 15 21 21 29 34 8 23 34 31 34 14 34 21 16 23 35 28 22 28 22 17 30 
27 20 19 14 15 27 9 23 28 26 16 26 23 13 10 33 27 14 29 25 24 22 32 20 24 23 20 16 27 22 23 31 33 23 27 18 15 38 24 24 25 20 26 38 29 18 7 15 20 33 
25 30 16 9 13 26 18 29 29 16 32 23 35 19 21 25 12 19 15 33 24 14 29 30 28 22 18 22 20 23 35 25 35 27 22 25 32 25 14 28 40 21 20 31 26 26 16 19 13 29 
35 18 17 18 13 16 13 13 19 33 22 21 24 19 27 21 22 8 17 22 23 14 14 12 32 24 13 29 8 15 8 28 24 39 39 40 16 26 20 26 16 22 8 30 21 31 20 14 23 34 
34 28 16 25 7 17 19 14 13 36 19 34 8 13 20 18 9 21 23 25 31 23 26 14 27 26 15 20 21 16 40 18 29 14 37 35 21 17 21 23 36 24 17 34 33 25 19 19 26 36 
24 34 20 13 17 19 18 25 25 17 18 27 20 14 15 26 20 13 22 24 36 29 26 5 21 21 18 20 10 25 27 18 28 31 30 15 24 26 19 25 22 19 21 36 31 12 23 23 24 27 
28 45 18 19 14 17 19 24 29 31 15 17 11 19 28 27 25 11 18 31 37 20 18 19 29 9 21 20 16 13 22 30 34 28 33 16 23 13 17 26 24 25 31 45 32 16 18 16 23 18 
20 30 13 21 20 29 11 15 19 24 16 21 21 17 25 21 26 18 34 25 26 17 28 18 18 18 16 27 15 20 32 17 18 21 32 33 16 46 23 28 25 24 21 44 27 30 30 29 27 30 
26 22 19 21 18 28 16 23 42 30 19 22 24 17 19 28 29 21 29 22 32 20 29 16 18 7 12 16 18 17 29 34 16 14 28 31 21 35 7 26 38 15 20 45 16 29 13 15 29 4 
25 45 15 17 16 22 15 8 13 18 15 30 22 18 18 31 6 13 12 26 41 17 28 15 12 25 18 25 7 15 15 22 32 23 34 37 21 29 33 20 29 20 28 34 28 18 12 21 17 27 
22 34 20 15 19 29 15 39 14 48 22 20 35 22 27 14 28 10 22 28 37 17 38 16 25 14 26 12 13 9 25 30 25 27 23 15 32 25 21 35 31 25 29 28 28 31 21 23 39 41 
17 22 17 17 27 32 16 23 26 36 17 15 18 19 2 23 22 13 27 21 17 26 23 15 15 19 19 16 25 6 20 22 5 34 32 23 29 24 27 30 30 21 20 32 45 13 26 26 27 21 
28 14 24 18 17 22 13 23 24 31 17 28 23 17 21 24 42 9 27 32 23 21 26 23 9 22 23 13 22 17 10 15 24 22 37 38 22 34 36 20 21 15 28 29 13 20 11 21 18 7 
20 30 20 19 17 23 18 18 19 29 17 29 25 16 4 25 25 15 24 32 17 19 23 23 22 23 20 16 15 14 31 14 46 20 8 17 25 31 18 34 22 17 26 16 31 35 6 19 24 14 
41 36 17 15 18 12 14 26 29 33 23 25 28 13 24 30 28 16 11 12 38 23 25 18 26 16 11 21 33 19 22 36 33 34 25 31 35 33 12 38 15 28 40 25 18 16 28 28 29 34 
20 37 7 17 21 23 10 20 25 27 19 24 25 16 25 24 42 18 15 22 33 29 25 21 11 15 22 22 17 18 19 18 31 16 21 31 49 32 16 18 26 21 29 30 15 16 19 24 24 36 
24 33 10 15 28 26 13 19 17 21 17 24 17 13 20 20 25 16 26 34 26 24 24 10 19 16 14 19 13 22 29 20 38 25 24 17 38 29 18 32 27 16 15 27 6 33 16 26 20 14 
29 30 17 21 13 28 14 17 24 32 13 25 23 14 27 24 27 24 31 14 43 17 26 14 30 19 12 19 14 18 25 17 31 15 32 29 30 37 23 32 37 16 19 27 24 26 15 18 26 35 
35 23 19 17 21 31 16 27 11 35 12 36 23 20 12 26 23 17 30 9 24 15 32 16 14 15 19 13 25 14 17 24 25 31 22 14 20 28 25 21 20 26 27 37 25 25 15 11 28 24 
26 36 18 24 22 8 12 23 31 34 16 19 25 12 11 24 32 16 21 15 27 22 21 20 29 25 18 26 20 13 19 19 30 23 30 32 25 24 30 38 31 14 26 28 17 29 24 21 20 27 
42 28 10 17 23 26 17 18 26 23 25 29 27 16 22 25 28 14 17 27 30 26 20 26 35 16 6 20 14 22 25 32 24 13 24 14 35 36 24 27 26 18 29 25 22 21 27 19 15 29 
26 27 12 14 18 32 16 7 21 34 14 21 30 18 21 6 19 9 18 15 30 20 20 20 30 13 11 12 20 18 18 27 14 22 29 18 16 23 27 17 16 19 23 19 36 28 19 29 24 18 
27 28 23 10 20 14 18 29 13 24 18 26 29 20 20 36 25 20 13 16 27 10 15 18 26 22 11 19 13 14 19 23 27 23 8 20 17 29 16 34 45 13 11 35 23 21 21 19 25 28 
38 20 22 17 13 26 19 15 26 26 18 34 26 19 13 31 28 17 25 23 21 12 11 25 33 14 21 19 19 20 15 31 25 30 24 37 38 28 23 26 30 14 26 16 31 20 21 23 17 36 
32 46 16 13 21 22 11 9 27 38 10 16 20 18 16 19 23 16 23 29 36 22 26 28 19 10 26 20 20 19 23 30 23 23 36 22 36 42 22 26 14 13 32 36 21 22 17 13 27 34 
24 17 21 19 24 14 15 30 31 40 14 19 33 20 20 26 31 19 35 28 35 27 16 24 19 26 18 20 14 16 29 19 16 17 24 39 17 24 22 28 31 16 14 23 16 29 19 28 24 38 
31 15 17 17 16 19 11 7 30 32 12 18 32 11 26 30 28 23 23 37 16 17 17 15 24 18 25 27 20 10 33 27 42 30 16 41 41 24 16 33 18 19 22 32 27 15 22 8 26 19 
18 28 20 15 17 23 16 29 36 23 19 19 32 18 17 31 9 22 28 25 28 20 33 16 30 23 20 10 15 22 22 26 35 30 25 40 30 37 15 31 28 17 19 26 33 28 19 23 20 38 
8 17 17 24 10 28 9 18 21 26 21 27 29 18 15 22 21 18 20 27 32 20 28 18 27 27 14 9 22 18 24 16 26 32 18 20 32 38 22 15 21 16 24 29 23 36 14 24 26 22 
31 29 20 16 23 26 14 17 23 27 21 25 14 11 14 17 28 23 24 26 42 15 18 11 26 25 20 12 10 27 28 15 32 24 32 29 14 32 13 21 40 19 38 27 8 18 19 18 27 37 
38 40 16 8 20 18 14 19 40 35 24 30 34 18 5 21 28 16 26 26 36 17 33 17 36 17 14 21 23 17 20 28 29 19 11 10 29 24 23 20 27 22 37 30 19 20 19 16 33 18 
34 26 15 18 18 19 20 26 26 23 14 13 35 25 22 19 13 12 20 19 32 19 32 19 23 15 18 17 20 11 28 20 20 36 34 34 32 16 16 48 31 11 23 13 37 26 26 20 24 25 
35 36 10 11 14 27 8 26 34 37 29 30 12 15 21 26 41 13 19 18 14 22 18 19 7 19 20 20 29 25 33 21 18 31 30 36 19 26 23 38 29 24 48 21 14 26 21 17 24 21 
29 26 12 15 22 19 13 29 36 37 18 29 28 10 17 22 33 22 23 30 22 21 29 14 12 25 13 5 20 18 23 31 38 28 22 33 30 30 19 34 40 19 20 32 27 23 8 16 4 32 
5 36 21 16 27 28 18 32 11 18 27 21 33 19 17 24 20 11 28 20 24 12 34 17 13 12 20 15 27 18 24 22 33 30 34 32 14 27 15 48 36 27 33 21 20 17 15 18 23 18 
28 35 20 18 19 13 15 31 35 18 20 21 28 19 13 16 30 20 20 13 23 13 22 14 25 21 13 19 20 20 14 17 14 34 36 28 24 50 12 30 37 17 24 24 22 16 17 19 21 37 
39 46 23 17 19 18 18 12 27 25 18 25 23 15 20 20 26 16 18 26 30 17 26 15 23 17 17 11 15 13 26 30 25 23 26 25 42 43 24 19 18 23 23 24 32 25 14 30 16 21 
21 21 18 13 26 15 14 22 37 27 20 19 20 17 20 30 33 13 23 20 27 18 29 23 27 9 20 15 16 21 42 25 29 26 29 17 36 36 21 23 17 20 26 23 22 16 15 11 21 43 
36 18 19 9 19 23 13 23 22 23 23 37 20 10 15 27 12 18 19 19 34 15 21 14 14 20 14 13 17 25 13 24 24 27 21 23 35 18 16 36 38 21 25 24 30 23 14 26 17 23 
18 37 24 18 16 24 15 16 29 27 25 28 31 22 14 14 22 23 20 28 29 18 17 17 23 13 14 12 27 17 25 28 36 26 19 35 36 34 24 20 27 15 29 22 23 27 14 14 27 32 
33 23 9 14 15 27 15 40 22 31 24 24 26 7 13 28 36 14 17 17 12 12 23 18 28 19 17 17 19 19 25 13 25 41 32 32 25 38 18 26 28 17 34 28 23 19 21 21 26 20 
15 27 15 18 20 25 20 19 16 36 17 18 25 11 25 18 33 16 16 25 20 24 30 22 12 21 17 20 17 15 21 32 30 21 29 23 24 36 27 21 22 19 22 33 18 30 15 24 27 30 
45 34 23 19 28 21 24 29 33 30 19 22 23 22 22 31 28 18 24 20 19 20 22 19 12 14 14 13 23 21 32 21 25 10 27 33 16 34 22 28 27 13 39 26 17 20 14 21 26 33 
36 26 22 19 11 24 13 28 22 25 20 13 31 14 22 19 31 18 17 20 37 24 21 30 29 20 17 20 20 11 27 19 29 26 34 22 24 38 22 25 27 21 24 29 11 32 21 17 20 28 
40 22 11 12 16 21 23 27 31 38 24 30 22 15 21 23 33 18 22 17 34 19 39 23 34 19 19 11 19 13 40 27 38 15 28 31 26 30 25 16 28 18 30 41 37 19 30 20 37 27 
28 27 23 24 12 30 7 22 25 43 25 36 22 13 8 20 21 17 25 40 27 21 28 16 34 21 8 13 20 22 21 14 31 21 23 22 46 33 14 23 17 22 10 31 20 14 14 19 26 33 
26 30 14 19 22 28 15 17 22 32 15 14 25 16 32 21 42 11 20 32 17 17 24 22 25 23 11 25 26 10 36 23 27 25 40 24 34 34 30 31 29 18 30 39 20 27 17 18 27 30 
32 26 24 16 14 24 16 31 24 35 25 21 18 11 17 25 26 15 22 29 54 22 19 19 32 26 13 3 26 19 18 10 27 26 21 21 19 24 22 27 11 13 30 23 29 25 13 18 24 30 
27 20 23 18 14 20 22 19 26 36 14 19 23 16 23 16 19 18 14 19 23 26 15 15 20 22 15 14 16 14 21 15 22 22 23 29 23 34 22 39 10 25 25 30 28 23 17 18 17 14 
27 31 17 12 18 20 18 27 23 27 25 26 16 21 26 29 39 17 35 16 24 22 26 17 23 13 19 24 19 17 30 21 51 25 36 29 30 45 29 16 24 17 16 38 23 25 17 23 12 16 
26 12 17 20 14 33 11 28 11 33 14 30 23 22 23 21 24 16 26 24 26 9 22 12 30 33 17 12 23 17 24 32 31 8 26 19 25 26 26 32 10 27 33 25 37 23 21 25 24 32 
33 15 17 19 22 19 17 24 30 29 13 23 19 20 16 23 36 14 20 21 24 11 25 15 32 20 15 11 22 15 21 22 20 27 24 18 29 32 15 26 45 6 33 43 13 29 10 16 24 25 
17 41 25 13 20 21 10 26 28 27 26 20 19 21 19 18 25 27 32 16 31 22 18 15 31 17 9 8 12 18 22 29 27 28 27 20 33 25 22 31 31 22 26 28 26 15 15 19 25 42 
39 38 18 15 13 24 21 30 28 21 14 26 27 15 23 20 31 15 29 24 26 19 23 21 17 14 11 24 6 19 22 24 39 25 38 23 26 36 19 24 30 24 18 23 21 24 21 23 18 24 
43 28 20 15 21 23 16 27 45 21 16 24 27 13 26 29 20 17 36 20 23 15 19 23 22 17 16 9 23 11 24 18 13 27 28 31 32 13 30 29 25 16 22 37 31 22 21 11 35 20 
39 27 22 19 21 17 20 8 25 27 15 27 20 17 19 23 19 23 17 22 14 16 28 11 20 17 16 18 24 17 32 16 31 20 24 27 18 17 24 22 9 24 34 32 23 22 18 24 13 35 
19 35 17 19 20 20 15 27 33 20 25 20 20 19 18 14 35 20 32 19 23 23 14 18 29 18 13 21 15 23 25 20 36 25 19 36 42 26 27 28 15 16 27 34 29 17 10 16 16 26 
37 26 19 17 13 26 10 25 20 26 19 34 11 17 19 16 26 21 25 15 27 21 23 17 29 6 15 14 23 16 26 17 20 34 15 32 37 32 28 28 29 28 29 29 22 19 15 23 21 39 
24 24 23 14 20 21 21 24 24 34 18 24 23 15 18 28 20 14 20 16 25 16 25 23 23 18 13 21 17 16 23 18 34 25 34 32 34 33 26 21 32 20 24 28 26 10 15 26 25 29 
31 31 24 19 21 24 17 21 23 34 21 28 29 14 18 20 23 23 27 27 31 22 19 9 23 13 16 14 13 13 27 39 23 32 31 25 41 18 22 40 31 20 33 40 25 24 19 24 22 39 
21 41 19 17 21 25 19 27 32 18 26 20 21 11 6 5 10 14 22 18 30 27 31 15 22 16 17 19 10 14 39 16 27 15 18 22 28 26 20 22 18 22 28 43 14 22 1 22 14 27 
18 20 10 18 20 28 11 31 38 16 21 14 25 17 13 23 22 17 25 18 32 22 26 12 23 9 13 12 23 10 32 14 26 22 37 27 28 41 27 27 32 16 27 37 29 18 17 26 22 23 
20 16 20 17 23 28 17 16 22 20 20 25 23 14 16 19 33 12 15 13 28 22 24 9 18 10 17 16 19 22 34 23 46 25 28 31 23 35 28 37 19 15 14 34 33 22 12 15 18 39 
27 21 16 17 16 18 13 26 21 24 22 17 21 13 23 19 24 18 15 20 33 25 21 18 17 10 10 22 11 17 21 27 19 18 16 22 32 28 11 25 36 26 30 29 23 28 15 19 35 18 
33 26 28 12 9 18 19 25 33 32 25 18 29 16 20 29 24 28 25 24 19 20 24 11 37 20 17 20 25 26 24 28 36 24 25 31 11 34 31 38 42 27 13 17 23 19 16 17 30 35 
21 22 17 23 12 33 21 20 26 31 8 22 23 17 17 25 14 19 27 23 25 18 34 9 20 19 16 12 21 16 19 23 37 18 18 29 31 33 22 18 32 13 25 36 29 26 19 14 21 22 
27 23 14 22 18 27 15 34 16 23 19 18 30 17 24 29 22 16 32 18 35 18 19 22 14 17 7 20 23 13 14 21 14 23 34 29 36 21 19 21 24 20 27 29 32 25 21 30 30 32 
27 33 15 11 15 14 14 18 19 30 25 24 22 16 20 29 29 17 19 24 25 20 18 12 18 22 19 9 13 13 31 30 25 23 19 23 39 27 26 35 40 21 33 38 23 29 16 19 23 19 
13 32 10 17 14 20 17 13 25 27 21 11 12 13 18 26 40 16 22 27 41 19 15 18 13 23 3 15 25 19 18 21 17 20 24 25 23 25 15 40 31 15 19 14 18 33 19 28 29 31 
21 23 14 14 18 29 21 19 15 27 19 23 33 19 28 29 14 22 21 26 33 18 13 22 15 12 15 15 21 21 30 18 18 14 28 29 34 24 31 36 28 16 18 36 31 16 13 14 20 37 
13 5 15 11 18 18 20 25 20 26 9 20 28 15 18 27 20 14 31 34 22 20 16 9 15 21 11 18 12 17 21 27 29 24 18 28 44 29 19 25 29 21 25 30 25 23 20 40 15 28 
19 22 21 21 18 15 20 23 28 32 26 20 15 17 25 14 34 16 22 13 37 25 16 23 30 23 11 15 16 16 35 16 19 32 21 29 33 15 29 13 28 19 29 25 39 29 26 28 29 46 
26 20 16 12 18 19 26 22 33 36 14 17 27 14 17 19 27 15 7 37 30 23 27 10 35 21 10 20 18 18 20 20 33 28 45 8 23 30 20 30 38 21 26 22 32 20 14 19 27 20 
28 30 18 12 16 24 20 27 23 26 19 22 30 17 18 29 40 20 27 28 25 19 21 13 23 14 21 22 19 18 29 14 26 32 16 36 29 34 23 35 14 14 31 26 23 18 20 14 31 28 
16 31 23 11 15 14 12 24 34 31 23 29 20 18 21 17 22 13 26 23 40 8 20 13 27 13 20 21 7 21 15 26 42 22 29 13 28 6 14 25 26 27 21 29 21 21 10 27 24 22 
24 14 19 17 24 27 16 12 27 39 15 14 23 20 6 33 38 18 22 29 30 22 7 11 29 18 14 19 22 21 37 11 45 30 19 28 22 33 20 38 28 18 16 32 19 23 22 34 11 17 
28 36 15 16 22 35 15 24 23 24 21 22 26 20 21 13 26 13 27 26 18 16 22 20 20 20 21 17 24 11 23 29 30 34 25 28 13 32 12 19 20 17 23 28 15 28 17 12 19 30 
24 36 13 14 21 20 10 19 23 31 18 25 20 17 27 18 34 16 22 31 38 16 25 13 23 14 14 22 12 21 37 20 27 15 41 36 29 39 24 37 31 21 26 12 18 10 19 19 13 44 
18 25 8 18 13 22 18 16 19 25 21 24 17 4 22 14 41 5 2 25 28 23 32 19 28 16 16 24 13 19 13 23 20 27 27 37 31 37 20 31 30 15 23 34 27 31 24 25 18 18 
17 37 17 16 16 22 20 31 26 23 21 29 16 7 24 21 37 13 25 26 45 12 18 19 32 17 24 16 19 15 19 20 26 28 40 13 31 47 24 23 20 12 32 28 4 12 14 23 14 28 
34 24 20 15 20 25 20 33 22 26 12 31 25 19 14 18 25 17 18 11 24 27 25 22 23 11 6 19 15 20 23 22 23 32 38 28 30 34 15 23 31 26 35 32 24 21 12 20 27 23 
29 14 15 21 26 20 19 24 24 41 14 26 29 22 27 31 19 10 25 33 32 16 18 17 29 24 20 17 21 20 28 20 33 11 21 29 19 40 15 22 35 26 30 27 32 23 23 7 30 42 
18 13 19 17 23 27 9 19 36 32 15 28 21 15 26 26 31 9 19 21 46 16 26 13 26 15 18 21 19 19 29 28 35 30 29 22 35 15 29 23 24 21 25 26 26 32 15 23 32 43 
46 26 22 21 21 16 23 20 29 18 18 23 31 18 26 23 49 14 19 24 29 14 23 13 20 9 17 20 25 17 14 14 31 14 36 16 39 23 23 35 25 14 28 14 23 20 20 23 31 28 
22 46 24 15 15 20 14 16 26 17 16 21 10 15 26 20 22 15 32 15 17 18 10 23 27 16 16 9 18 15 19 26 35 32 23 39 14 31 23 8 25 21 32 28 29 26 14 25 13 30 
24 21 19 15 26 21 15 22 15 28 10 28 27 20 20 30 25 17 26 20 45 21 22 14 19 14 20 14 25 19 42 21 27 33 39 20 24 32 19 36 22 14 20 30 27 18 15 26 26 19 
21 34 16 19 18 33 23 19 21 39 27 26 21 19 12 21 40 16 23 34 31 12 17 20 24 17 18 24 28 16 28 21 21 27 32 9 22 27 26 26 28 13 36 32 13 26 20 23 25 31 
28 23 24 15 13 32 19 30 23 27 24 26 24 15 7 22 23 16 26 26 23 10 20 21 17 14 20 19 15 17 32 17 32 19 24 24 19 36 25 23 32 13 26 26 30 25 19 15 18 10 
19 9 21 20 20 24 15 23 30 26 16 27 18 19 18 18 37 22 21 18 38 19 19 23 16 14 19 18 21 19 25 22 18 22 23 22 29 16 30 24 32 25 30 26 13 24 18 17 17 27 
19 15 20 16 20 19 19 24 36 8 15 27 24 8 5 24 34 12 20 30 10 15 14 13 28 27 23 11 23 18 33 28 23 27 31 29 23 27 27 24 28 28 33 18 19 28 21 20 22 34 
29 28 23 11 15 28 17 19 23 41 21 20 33 24 21 24 30 15 27 20 17 21 25 19 24 16 23 5 15 10 30 14 29 29 30 28 23 30 26 30 20 17 25 21 23 25 20 16 31 25 
36 23 14 16 7 36 16 19 18 39 23 1 24 19 15 29 34 19 20 28 38 21 32 26 26 14 16 16 23 15 23 17 37 20 5 30 28 34 22 21 22 11 28 22 19 28 16 20 22 41 
22 33 23 22 19 29 8 20 33 23 18 21 23 17 33 21 25 13 36 29 19 16 31 16 23 15 10 15 23 16 16 21 28 36 10 27 22 25 14 32 26 16 16 25 25 18 17 8 30 31 
27 36 19 17 14 28 12 21 32 33 14 23 24 20 20 27 29 23 35 24 13 15 15 12 22 17 15 17 21 22 23 30 29 11 15 26 27 19 30 34 27 16 42 24 20 31 12 31 24 18 
30 30 20 16 27 25 15 11 21 31 22 27 21 17 13 15 31 15 23 21 28 18 25 9 30 24 12 8 18 12 19 24 11 19 29 24 26 16 7 41 23 20 40 35 24 24 5 20 19 36 
36 31 20 12 19 21 19 19 33 31 12 20 28 16 12 15 34 10 31 35 24 17 31 17 30 19 13 15 18 13 20 26 45 35 10 31 27 31 32 29 34 20 24 8 25 27 26 22 14 32 
23 39 16 11 20 18 20 21 27 31 22 29 17 8 25 18 22 25 27 18 41 17 19 17 34 14 20 14 19 17 27 20 34 33 33 29 35 30 22 26 19 19 42 18 36 29 13 12 19 18 
44 17 20 14 13 18 26 24 27 39 22 17 24 20 24 23 29 20 20 22 25 21 20 17 20 21 18 21 23 10 20 24 18 25 36 31 29 37 32 33 26 8 21 36 35 28 10 17 26 29 
23 16 11 23 12 23 23 22 36 47 19 21 21 16 31 20 27 15 29 30 30 13 20 25 21 26 11 12 23 19 29 28 31 19 26 32 20 27 24 48 28 26 29 29 9 24 25 9 16 23 
37 26 26 13 12 23 17 23 34 30 19 23 17 15 9 23 25 20 16 14 31 19 15 20 19 22 9 24 21 12 35 17 26 22 39 23 36 43 23 21 25 15 23 21 20 33 14 21 20 5 
30 28 16 13 16 19 9 23 17 19 15 23 17 15 16 15 44 15 15 14 25 14 29 19 29 9 14 15 24 23 33 25 27 21 32 23 43 31 23 17 23 25 30 19 30 24 14 13 24 41 
47 23 22 13 14 24 17 17 28 28 25 25 22 17 21 27 29 21 29 23 27 24 21 5 10 24 11 22 12 36 18 22 20 16 24 33 24 40 25 32 28 10 18 29 11 20 15 16 20 27 
33 15 9 19 8 14 20 25 26 27 18 11 18 14 28 27 27 15 23 19 24 22 39 18 13 18 25 13 10 22 21 18 33 46 23 20 38 30 18 37 43 12 17 39 23 27 14 23 23 27 
27 10 22 15 23 11 12 25 21 28 19 29 25 12 20 15 31 14 20 20 39 9 28 22 22 23 14 12 17 10 28 20 39 25 38 10 29 34 17 25 13 18 30 26 25 18 14 23 28 41 
19 21 14 12 14 26 15 26 35 32 16 27 19 10 27 24 19 13 21 18 38 24 18 20 22 26 20 21 17 17 13 29 29 16 32 15 22 25 28 15 41 24 34 34 5 28 21 25 32 18 
25 38 17 19 20 22 20 26 29 28 28 25 13 19 14 24 29 13 17 28 29 14 33 19 14 19 13 12 16 25 20 18 38 12 30 16 26 26 21 18 25 24 18 18 33 25 26 12 24 18 
24 30 30 27 17 25 18 27 25 19 18 25 24 13 28 27 40 12 20 22 31 21 20 21 24 9 17 24 23 22 23 22 32 24 17 23 28 29 43 33 25 13 33 26 22 19 28 8 17 19 
31 38 17 16 24 19 12 11 29 31 18 20 22 10 12 26 9 14 19 17 21 16 21 15 18 13 19 16 16 15 33 27 44 20 24 28 29 29 23 21 27 19 30 28 28 7 18 24 28 32 
30 23 19 17 12 20 15 27 39 32 16 20 25 18 28 11 22 17 32 26 16 19 23 15 22 21 20 20 22 6 27 20 41 14 22 31 16 23 13 31 34 6 20 18 34 25 18 25 31 37 
8 39 20 20 7 17 23 12 43 34 14 5 8 15 18 20 24 20 22 24 20 16 15 21 31 23 10 31 19 25 27 11 23 27 31 36 26 30 5 22 26 18 30 26 24 23 20 11 19 41 
27 36 24 20 24 23 22 24 25 23 28 23 20 22 25 21 25 19 24 24 25 20 18 18 16 23 15 13 21 22 25 34 24 20 22 26 25 19 22 29 27 19 15 34 40 17 18 15 36 18 
23 29 13 16 25 20 19 23 19 27 20 23 19 16 18 17 35 14 18 20 26 29 29 10 15 13 11 18 18 23 26 27 20 19 35 41 33 28 17 19 24 13 16 14 27 11 12 20 20 43 
31 38 10 19 14 25 16 30 20 26 21 19 17 17 20 27 27 22 31 26 30 9 21 19 30 12 11 22 15 15 28 12 22 35 24 36 36 37 18 28 42 13 39 28 32 27 19 19 18 25 
29 24 22 25 22 32 19 28 22 21 29 25 21 18 17 21 35 16 25 16 35 27 19 18 18 17 16 19 14 16 28 23 35 37 23 32 26 37 27 33 27 14 26 7 32 17 17 17 37 31 
34 36 21 17 21 21 17 20 18 34 22 27 20 21 23 11 32 12 20 26 7 19 21 13 19 17 14 17 8 27 33 15 35 23 17 24 31 42 19 24 29 13 20 33 26 28 19 25 29 19 
26 26 28 10 19 23 22 15 25 28 21 30 22 14 28 26 19 20 25 13 41 15 12 17 13 17 16 15 18 26 30 23 30 23 32 37 34 36 23 26 25 21 21 30 35 32 17 16 26 17 
21 31 19 18 20 17 16 29 40 46 23 15 17 16 16 30 47 18 24 13 21 30 33 24 29 14 6 18 16 8 24 26 25 29 27 21 34 30 24 14 13 20 18 36 31 21 25 8 29 54 
32 52 23 24 9 13 11 11 21 29 31 22 10 14 23 31 33 16 19 26 33 25 29 20 34 31 20 25 17 17 25 28 21 33 19 29 39 13 22 20 12 20 21 31 30 33 12 11 27 21 
21 29 11 22 20 25 19 21 26 41 17 18 25 19 23 23 20 17 19 25 31 23 23 28 16 15 15 10 25 16 26 26 26 38 31 36 25 40 23 35 26 15 20 33 28 19 16 21 24 23 
12 25 18 17 17 25 19 26 26 24 21 17 29 24 11 27 36 15 26 24 24 18 24 9 19 19 14 13 28 18 33 25 26 27 27 15 28 33 31 35 28 29 22 33 20 23 9 21 26 29 
27 35 21 14 4 19 12 22 29 33 17 30 19 8 8 14 29 15 18 19 29 17 20 13 33 14 19 21 22 18 19 25 21 22 39 14 15 20 15 24 29 12 27 15 22 25 14 30 21 27 
40 33 16 22 17 32 14 24 26 26 20 26 17 18 23 20 29 17 24 11 27 21 29 21 30 24 13 25 10 13 30 28 26 10 24 25 23 30 23 21 12 16 24 23 26 17 19 24 26 23 
22 28 23 24 13 30 8 17 30 44 12 27 22 15 21 29 23 18 24 20 25 31 32 12 31 19 16 16 23 20 15 30 34 16 24 41 33 25 18 29 25 20 25 6 43 24 17 21 21 31 
21 16 19 16 11 28 18 26 14 14 12 24 25 17 20 24 16 8 21 22 35 18 18 19 29 13 16 20 19 16 27 30 31 26 38 21 35 35 24 30 28 17 23 37 18 21 21 20 22 33 
23 31 25 19 20 22 24 17 40 37 14 26 16 14 33 18 25 20 9 24 35 27 27 15 41 15 14 16 22 18 28 15 22 29 24 23 11 30 28 27 26 19 15 30 14 15 25 22 37 27 
21 21 13 12 13 13 10 15 18 29 25 15 25 23 22 23 29 16 26 22 33 27 21 13 32 20 6 12 22 11 18 20 47 20 23 24 23 38 18 22 20 18 34 42 33 23 19 24 30 31 
34 42 18 13 18 28 18 31 19 32 14 32 25 15 21 23 44 15 23 11 38 21 25 23 19 15 14 17 20 12 26 22 21 5 31 23 31 35 24 21 25 19 25 23 28 28 24 23 27 23 
37 35 23 22 11 19 14 11 25 23 13 21 35 17 31 17 29 10 14 20 22 18 11 27 16 16 18 19 23 13 28 19 31 10 12 21 19 27 23 38 10 20 21 37 23 17 20 22 24 31 
30 22 12 14 22 20 15 8 34 14 19 35 22 13 16 15 46 17 20 18 25 18 25 18 11 9 18 21 18 17 25 26 30 28 34 33 25 26 20 37 32 18 27 41 10 26 18 16 25 23 
41 29 22 17 18 23 19 23 20 22 14 21 21 10 30 25 22 8 36 19 37 24 37 22 27 22 12 18 14 24 26 26 13 34 25 28 13 33 32 31 34 12 16 32 23 23 25 18 28 33 
24 26 25 14 14 16 9 21 33 26 21 20 28 19 23 24 18 16 21 20 16 21 25 16 28 16 13 23 29 2 22 24 10 32 22 40 41 33 18 14 27 18 14 32 16 19 24 19 34 18 
47 27 13 15 20 16 16 24 26 31 20 28 18 18 19 23 22 16 22 33 28 21 14 15 29 23 4 17 11 15 26 26 46 22 15 29 29 38 21 15 22 15 23 25 25 22 20 18 18 31 
18 29 18 13 22 32 26 20 26 45 10 30 17 26 7 20 27 14 22 28 33 18 22 20 24 27 13 23 15 17 24 25 18 18 29 28 33 24 25 31 20 12 20 17 36 18 24 21 26 23 
30 23 20 18 12 15 29 23 30 11 21 33 22 18 6 22 11 16 29 25 31 14 18 15 18 18 12 18 28 22 18 20 32 26 24 37 26 30 27 24 32 29 29 25 27 18 15 15 17 37 
20 39 15 19 21 12 19 21 15 27 17 19 23 9 30 19 24 18 15 21 24 21 16 18 27 7 14 18 15 23 25 17 20 20 41 22 16 25 23 40 26 22 15 27 14 30 18 11 14 17 
41 34 15 24 17 18 13 13 21 25 19 25 23 18 19 29 22 24 21 22 37 7 26 18 31 17 19 13 24 21 30 12 29 24 20 23 18 25 31 34 8 24 27 31 17 26 14 23 25 23 
22 47 16 10 25 13 13 22 18 42 20 16 22 15 16 22 28 12 21 22 33 23 32 12 23 12 12 9 17 17 25 23 28 30 18 16 31 30 22 18 20 21 32 32 29 26 19 26 21 33 
36 15 14 15 12 26 15 16 27 36 21 17 22 15 30 23 26 14 30 18 13 8 17 15 26 21 9 15 24 24 22 27 23 16 3 34 25 37 28 38 21 19 27 16 26 20 12 13 16 33 
36 32 22 13 21 35 17 23 13 23 24 26 30 24 23 28 30 20 17 28 29 23 17 18 17 22 18 17 17 15 15 28 26 30 31 17 21 21 18 15 26 23 33 25 18 23 15 21 15 27 
31 21 20 23 17 34 16 28 15 22 12 27 31 14 25 26 42 12 32 21 27 16 38 19 18 18 10 11 22 13 37 17 27 29 22 35 30 32 20 36 28 13 32 19 30 23 28 18 28 33 
17 25 18 18 16 17 11 24 37 21 15 23 27 15 19 26 21 26 22 9 30 22 25 23 13 13 16 27 10 15 31 23 36 36 23 35 28 34 28 20 17 22 29 33 21 24 16 16 24 36 
27 29 13 19 25 35 27 27 14 33 20 25 17 15 28 15 24 18 30 30 39 15 12 9 22 16 13 17 21 12 37 26 24 31 39 20 25 15 25 34 22 24 21 32 28 26 23 21 21 21 
17 28 23 25 19 18 21 29 25 24 19 24 23 14 21 23 36 16 17 18 35 14 33 14 41 12 21 16 6 12 40 24 32 26 27 37 31 31 28 16 18 17 21 17 17 29 20 23 25 26 
43 26 23 16 26 13 9 12 29 47 23 25 31 17 8 24 24 18 18 25 20 18 24 9 26 14 17 12 19 20 18 13 42 31 9 44 15 21 32 31 23 26 13 10 11 18 23 23 16 37 
31 21 17 14 15 30 19 21 22 24 21 34 14 17 24 17 33 11 28 23 27 25 25 34 22 15 14 20 20 16 23 21 17 22 25 27 38 24 19 28 23 31 35 29 33 22 26 28 22 30 
42 27 17 13 11 24 27 22 35 20 18 20 30 18 20 18 30 16 21 14 42 10 34 16 22 23 18 11 31 7 33 25 10 21 30 32 32 12 33 26 34 16 21 37 26 18 24 20 22 33 
41 30 16 16 17 30 16 23 28 38 14 33 29 19 21 16 26 17 23 27 30 18 22 13 25 24 17 18 12 15 26 18 24 27 27 12 24 29 22 21 29 17 16 30 22 15 15 20 24 25 
30 24 20 14 18 32 8 22 37 17 12 22 21 17 26 21 38 13 23 24 21 11 28 10 18 15 18 16 19 19 29 35 39 36 17 40 31 32 28 15 23 21 24 25 32 9 22 17 18 27 
33 26 15 20 20 21 18 22 17 26 13 12 14 18 20 18 18 16 19 28 22 31 19 14 39 8 16 10 20 15 24 26 31 14 26 18 18 30 12 20 24 20 21 18 28 24 24 36 19 38 
30 23 13 13 11 15 22 33 26 26 34 17 15 14 12 23 33 11 32 25 32 32 24 18 23 21 16 20 19 33 28 18 35 22 35 17 27 14 23 27 12 18 27 28 28 12 9 22 28 26 
36 17 26 16 18 20 15 15 21 33 17 22 20 13 16 24 29 20 23 18 24 18 19 12 34 15 18 13 21 20 19 20 28 32 46 24 35 40 28 15 29 16 17 19 29 27 25 28 19 41 
29 30 31 9 17 18 12 22 41 9 18 20 14 12 16 21 25 15 11 27 31 19 22 20 8 32 17 16 18 9 17 16 33 27 13 10 29 15 19 32 33 20 19 39 31 18 23 9 22 25 
34 38 24 18 13 23 14 13 27 24 16 22 30 19 15 32 11 19 21 33 29 23 25 24 31 23 12 19 20 19 21 34 38 35 26 33 38 31 19 27 28 21 25 36 25 23 24 25 31 34 
28 34 22 15 24 18 21 18 25 29 19 28 26 13 12 18 29 16 32 19 15 22 20 11 15 22 14 18 18 26 32 21 38 24 38 21 23 28 24 28 20 17 27 24 25 33 13 20 19 33 
31 24 17 24 15 19 18 24 30 28 17 19 26 14 16 29 13 11 25 29 26 23 29 18 16 14 15 16 13 13 27 30 15 15 23 39 22 35 30 27 15 28 25 18 22 32 13 15 19 27 
14 17 16 8 22 19 15 23 17 15 16 23 28 12 17 24 37 16 21 23 26 20 25 14 23 16 10 19 18 24 25 13 17 19 7 25 26 31 26 33 51 17 22 40 26 14 21 23 18 30 
21 36 11 13 23 20 16 16 26 26 23 19 32 8 13 11 24 13 22 24 21 11 26 20 31 23 14 26 26 20 28 19 19 35 23 49 21 34 21 40 10 24 27 25 25 22 18 12 23 32 
34 26 26 18 22 27 14 21 35 34 25 24 27 16 26 21 38 14 25 18 38 13 22 17 18 19 14 16 17 25 28 31 45 18 24 24 21 26 29 18 11 21 46 28 18 25 23 25 28 22 
19 27 9 16 18 29 16 28 28 37 17 24 17 13 19 17 40 16 23 23 32 21 27 12 23 19 18 6 25 21 16 14 24 33 43 35 23 27 22 41 27 16 35 20 28 17 17 15 24 17 
14 20 17 8 12 14 13 19 32 22 22 11 23 23 18 36 20 9 25 24 34 22 18 10 24 18 15 17 22 15 39 8 36 13 35 13 30 38 33 21 15 16 22 33 30 16 13 31 31 33 
28 27 18 15 18 29 8 17 20 31 18 19 32 18 18 33 28 13 20 19 16 13 21 15 23 14 11 19 19 18 28 27 26 18 19 24 39 26 14 39 40 21 27 26 22 26 22 15 19 14 
34 26 13 18 16 22 16 21 25 36 21 29 27 20 18 24 32 18 15 22 41 23 21 21 18 24 6 17 15 20 18 25 35 20 33 26 45 14 15 22 24 10 22 42 26 25 18 19 18 38 
23 24 19 18 17 29 24 17 25 24 11 29 26 19 14 24 32 20 28 18 36 24 25 19 30 11 11 21 25 20 32 32 19 19 19 17 36 19 17 32 9 24 29 22 21 28 13 18 18 35 
33 30 19 9 15 22 10 18 39 35 12 30 29 12 24 27 28 12 19 28 25 24 20 24 34 12 16 10 11 18 19 20 42 12 31 20 24 15 19 17 20 20 18 18 18 18 11 26 23 25 
37 27 16 22 16 27 15 25 17 29 23 34 20 14 24 24 41 13 30 8 28 25 29 27 31 17 19 17 22 10 23 11 23 24 16 25 33 35 21 32 8 13 49 29 31 17 13 26 17 28 
12 28 20 19 19 24 21 18 28 36 17 19 22 18 24 20 42 16 20 28 20 22 27 15 25 18 7 27 9 13 24 25 21 19 17 42 27 36 27 38 30 11 23 26 20 26 23 18 28 18 
33 38 16 21 22 16 16 18 33 31 13 25 29 12 19 16 37 13 20 23 16 30 24 18 15 23 14 7 13 24 40 15 43 21 20 21 25 33 23 29 20 12 31 29 29 24 10 31 18 42 
21 21 13 16 16 9 17 26 8 27 15 28 19 15 26 29 34 18 31 32 18 21 26 19 19 21 15 15 28 11 36 28 31 26 28 20 40 43 21 32 33 17 15 32 27 29 27 23 29 23 
25 41 17 20 17 21 13 14 26 16 22 25 34 13 16 27 18 15 29 23 45 19 18 20 29 19 7 14 17 16 29 29 28 31 30 31 30 44 17 22 42 17 24 23 25 17 17 10 20 30 
40 32 13 19 10 23 20 21 16 28 13 22 21 15 22 32 33 25 26 26 25 28 28 21 23 12 10 14 31 10 23 37 23 27 32 21 30 22 16 27 29 21 28 27 26 30 21 12 28 30 
43 27 14 16 20 23 18 21 34 17 26 27 28 18 10 23 19 14 13 35 17 21 18 18 19 23 18 20 15 17 28 19 25 12 30 36 30 22 33 29 28 16 21 27 22 13 19 25 31 16 
25 30 18 17 20 12 17 24 28 20 15 26 17 14 14 25 31 18 23 21 27 15 29 13 28 17 12 22 23 14 24 24 32 12 10 23 37 35 24 37 17 28 24 29 23 29 16 20 30 32 
26 28 14 14 25 31 16 14 30 31 15 22 21 11 21 30 28 22 12 14 11 30 25 19 31 16 19 27 19 26 21 21 19 32 36 33 21 34 33 19 19 21 36 12 25 24 14 25 14 27 
22 36 16 13 18 21 5 15 24 14 26 18 14 15 15 22 31 16 15 33 33 14 17 14 40 9 6 13 32 20 27 30 35 22 16 21 31 40 25 28 36 15 19 25 9 31 22 19 25 32 
29 28 17 10 21 25 18 21 18 19 9 9 27 15 21 22 22 21 35 12 36 19 27 14 39 15 11 10 21 19 28 19 33 24 34 37 30 24 21 31 30 23 28 28 29 24 25 17 17 28 
28 32 14 17 14 37 16 13 17 34 24 20 13 13 17 17 34 16 25 14 27 14 28 16 25 13 17 24 16 18 32 32 26 24 29 34 32 40 22 43 16 22 29 13 26 25 19 11 34 26 
25 25 14 7 18 24 9 34 20 22 21 24 28 19 13 18 22 17 23 33 19 17 26 19 21 16 16 13 17 25 28 21 34 24 19 25 32 42 14 22 36 26 25 30 25 24 13 14 22 35 
37 18 25 12 15 26 22 21 28 28 13 27 33 8 25 28 35 21 24 30 32 16 23 9 18 23 16 18 25 20 30 16 27 30 15 27 27 31 24 34 27 11 19 20 32 21 25 27 31 25 
13 27 15 13 16 21 17 20 26 36 24 23 28 20 20 28 24 13 19 29 19 14 24 20 29 11 7 19 23 13 13 23 36 18 31 34 36 28 17 36 31 13 21 37 24 36 22 14 16 33 
26 16 19 8 27 29 10 11 29 47 17 20 20 17 16 16 22 15 36 20 25 13 23 18 25 16 13 7 20 19 31 18 8 15 20 34 39 29 23 9 28 19 21 31 26 29 18 14 29 12 
26 30 13 17 22 14 13 21 27 19 22 32 30 18 15 23 27 15 26 24 28 16 15 8 19 7 13 20 31 12 29 14 29 14 26 7 24 23 22 29 35 17 17 16 23 24 27 29 20 27 
30 20 28 18 24 19 14 19 22 23 17 32 25 20 20 17 38 15 26 25 58 9 36 12 11 16 12 18 21 10 35 14 41 33 38 32 30 34 18 24 21 19 17 20 52 23 17 11 25 24 
18 26 15 12 20 22 15 18 20 17 8 29 29 18 18 31 42 17 32 32 25 14 27 11 17 16 7 22 18 14 30 25 38 29 11 38 25 29 24 16 11 21 26 40 34 31 11 25 21 23 
29 42 20 9 7 27 14 11 27 24 26 23 22 11 13 18 19 22 18 28 34 10 29 17 34 23 16 14 14 20 20 29 25 24 27 25 19 35 16 16 49 19 24 23 21 30 16 20 15 40 
11 40 26 19 19 21 15 10 29 39 17 17 21 12 17 28 37 16 28 31 18 13 17 10 27 19 14 12 16 12 27 10 35 17 27 36 22 28 25 28 24 18 23 18 26 28 13 18 15 39 
30 26 20 10 25 22 15 31 36 28 19 26 33 14 7 22 19 14 15 24 31 26 39 14 17 18 10 22 22 22 23 23 40 7 28 23 38 22 31 29 25 15 28 27 13 12 26 26 35 17 
22 13 15 24 22 30 13 15 34 19 17 21 38 21 14 12 38 18 19 26 29 20 36 16 38 17 14 17 12 16 15 15 41 23 35 30 32 43 30 38 24 19 23 22 35 21 15 22 35 37 
20 29 17 12 18 21 15 24 20 24 24 23 25 15 22 34 18 15 14 27 38 16 28 20 21 18 9 21 24 9 24 26 34 26 25 30 34 29 16 38 10 22 25 9 29 25 23 15 24 19 
46 25 29 17 14 39 19 13 34 35 18 18 25 14 12 19 25 18 30 26 29 23 25 13 32 23 9 14 16 21 36 19 28 21 36 20 28 26 29 33 50 17 32 16 22 25 10 21 18 34 
25 35 17 26 24 22 13 24 25 15 15 26 20 12 26 22 15 18 27 18 43 20 27 24 16 14 23 15 17 23 26 24 26 33 35 15 25 31 10 27 18 15 26 32 28 28 21 15 23 21 
35 38 13 15 18 24 16 27 28 41 15 18 30 21 17 23 25 19 22 33 24 18 30 14 27 18 17 24 19 12 15 17 27 19 38 17 21 37 29 32 27 19 32 32 25 33 20 24 21 42 
28 36 22 18 12 29 12 24 38 38 22 24 29 18 25 24 31 14 25 21 29 16 20 18 25 20 16 16 12 18 18 26 33 35 21 30 29 40 30 35 26 11 27 24 21 19 19 6 17 34 
27 26 20 22 15 9 13 22 26 13 5 31 21 20 25 19 20 16 16 16 24 21 24 23 31 20 13 11 21 15 18 29 28 27 15 19 15 20 26 30 40 24 39 30 31 12 32 25 20 42 
29 13 17 22 15 24 19 14 26 41 21 21 20 24 19 14 27 19 26 25 27 20 27 23 20 8 18 16 20 13 19 25 30 28 36 26 22 36 30 26 31 18 31 32 24 29 21 15 21 42 
21 24 17 14 25 21 13 15 27 27 11 18 22 14 24 25 34 15 14 22 26 21 17 23 26 26 7 19 13 17 25 20 20 19 25 39 27 12 30 45 22 23 30 38 18 19 15 20 23 32 
26 26 16 19 19 29 10 22 27 36 14 35 22 19 14 19 38 18 28 25 29 22 19 15 17 21 10 21 18 18 25 14 26 22 24 34 36 27 24 26 43 25 14 16 27 28 27 24 25 32 
26 29 25 12 22 21 18 27 24 38 16 23 20 10 16 23 35 17 23 38 37 21 18 13 17 24 18 15 17 15 28 27 17 25 17 21 34 25 26 36 13 8 16 27 27 34 12 14 17 42 
31 29 13 13 26 24 15 34 31 38 20 24 21 19 16 14 30 11 28 27 42 19 22 10 19 10 21 24 12 19 25 8 34 28 27 23 25 22 23 32 27 13 27 36 29 22 17 26 24 34 
35 30 15 17 21 17 9 23 29 32 21 23 6 19 17 27 25 18 19 27 19 25 29 15 11 9 20 20 16 12 29 33 39 17 28 20 34 24 23 33 21 17 25 35 13 17 17 21 12 24 
33 30 25 19 19 29 31 21 25 29 9 24 27 13 22 21 37 12 21 23 30 12 17 17 30 17 13 4 24 22 16 22 29 30 14 42 31 30 22 25 23 20 39 29 25 19 21 24 21 21 
34 27 18 14 20 28 12 26 24 29 24 20 20 19 19 27 23 16 33 23 28 18 14 11 31 14 10 19 12 13 35 23 28 27 32 26 25 17 19 46 23 20 16 18 16 23 24 19 24 26 
39 13 18 10 23 22 16 32 23 16 18 23 21 14 16 18 22 12 10 22 39 24 24 20 19 9 18 16 24 13 35 19 32 39 35 35 40 28 24 32 28 17 16 45 35 27 18 21 30 32 
11 21 21 19 16 22 15 25 16 26 15 25 13 18 12 25 25 13 30 23 31 12 12 19 19 12 15 22 20 19 33 24 44 4 33 30 23 28 11 19 46 14 21 44 36 25 23 19 21 20 
36 22 31 14 18 25 20 17 31 34 16 26 25 14 12 26 28 13 12 31 33 17 27 15 38 20 20 24 15 20 16 28 20 28 37 23 19 40 36 18 24 8 31 27 24 18 26 30 30 37 
28 20 18 20 25 19 14 18 35 13 21 21 22 12 23 24 37 19 19 17 27 20 22 13 28 15 9 28 11 19 27 29 23 28 30 34 23 20 14 35 25 25 25 27 20 26 23 24 14 19 
32 30 25 16 14 30 21 29 35 28 16 25 5 24 14 12 33 11 20 21 20 18 14 18 30 16 22 12 25 13 23 24 36 19 34 25 34 33 21 26 19 21 24 26 25 25 20 29 11 29 
17 34 8 11 24 21 16 18 27 27 19 15 21 11 15 30 23 11 26 32 29 17 20 13 32 27 14 18 14 14 17 20 23 27 31 3 40 17 19 16 20 25 27 32 15 28 18 22 11 29 
22 36 24 19 26 20 17 22 16 33 18 21 14 15 17 25 29 12 25 33 23 21 18 11 21 21 18 19 9 9 33 34 37 26 37 34 26 36 26 23 44 16 21 23 14 11 22 28 22 11 
37 32 16 16 15 20 20 14 29 34 28 20 32 15 16 18 34 16 17 21 32 14 33 19 20 13 23 18 21 18 23 26 20 25 20 37 28 21 22 16 42 23 33 28 33 21 19 19 27 24 
15 20 21 8 15 25 25 25 15 33 16 34 30 16 18 28 25 13 17 18 22 18 25 19 29 22 18 10 29 12 25 9 28 10 21 13 34 18 16 24 32 12 12 18 18 20 16 12 18 20 
28 30 21 16 20 15 14 24 31 35 19 17 30 22 17 13 27 14 20 24 21 21 14 13 20 23 10 17 17 16 17 25 28 25 20 13 33 37 20 39 13 11 23 31 18 21 19 19 23 32 
29 27 17 22 4 27 16 13 27 32 13 31 17 16 21 21 23 11 21 21 41 27 15 19 14 27 19 8 28 14 19 18 32 16 18 35 31 49 27 26 26 18 34 32 36 20 13 29 16 25 
33 33 10 17 28 31 13 25 25 36 20 30 17 15 19 28 20 15 31 20 29 22 37 18 27 29 18 22 18 14 38 19 30 24 38 38 28 33 27 38 26 15 29 29 11 9 17 26 19 29 
35 29 18 14 13 19 14 16 17 25 23 23 14 6 29 33 27 15 25 16 7 14 30 14 21 9 14 14 13 20 32 16 18 33 23 37 23 28 22 33 33 21 22 31 31 32 11 17 24 34 
30 25 14 11 14 32 14 27 34 28 11 26 21 17 19 28 19 11 32 17 28 13 17 17 17 10 17 10 10 10 14 19 46 26 55 26 36 21 18 48 36 20 25 34 38 19 7 12 24 27 
26 41 17 14 18 24 20 21 27 35 12 30 22 15 13 9 16 19 11 27 36 17 17 8 26 18 14 29 24 13 45 14 30 25 18 33 38 13 28 27 28 19 20 30 22 26 20 15 28 26 
23 15 17 21 23 28 17 23 25 22 22 18 27 15 16 18 31 11 25 20 38 14 30 25 19 22 10 14 16 22 16 21 13 22 21 33 37 35 7 24 14 17 18 25 31 30 15 23 19 24 
31 34 20 13 25 22 19 21 12 29 10 34 18 14 23 38 25 16 30 20 33 15 25 16 26 9 13 17 21 21 17 24 43 25 21 21 34 34 25 38 30 19 24 24 33 17 7 20 18 40 
15 32 17 13 17 20 11 9 30 25 11 36 34 17 22 11 19 13 20 24 13 18 33 17 32 21 18 22 21 16 34 25 25 34 34 29 35 51 21 26 20 26 33 28 22 27 23 11 19 42 
21 26 24 22 17 38 18 23 34 21 15 22 14 18 18 22 29 16 16 20 34 18 21 16 17 20 15 19 26 15 31 22 17 18 19 38 43 31 28 25 19 14 16 25 16 10 20 27 24 40 
28 29 16 16 20 34 20 21 38 20 22 22 25 16 25 23 35 11 12 29 34 13 30 19 28 12 17 16 11 24 24 15 31 21 26 22 21 31 20 15 30 28 20 33 18 26 15 20 35 33 
30 36 26 15 20 32 10 8 25 23 10 16 19 16 16 24 39 21 17 20 25 12 22 11 30 20 14 16 19 15 30 16 38 17 21 37 35 26 22 29 21 22 23 27 34 21 19 25 28 13 
44 29 20 16 26 25 17 23 28 29 23 23 16 15 28 18 34 16 22 19 36 25 25 23 25 16 15 16 19 19 28 32 27 21 26 35 23 30 19 34 30 21 14 28 18 22 23 22 22 23 
14 23 17 16 13 23 17 31 27 27 19 17 20 19 16 13 31 5 16 26 38 7 24 17 22 19 21 23 31 26 36 28 33 26 26 32 32 18 13 26 25 17 31 16 30 24 21 26 28 21 
27 40 14 15 12 23 14 26 32 40 18 22 23 12 21 14 28 19 31 22 36 35 19 20 12 28 15 21 26 18 14 39 34 19 27 29 37 36 21 17 27 21 26 33 21 20 15 15 22 35 
16 27 25 12 28 22 10 24 29 20 17 23 21 17 26 20 21 16 21 31 31 22 18 16 36 20 21 16 20 22 24 22 21 30 34 26 33 25 25 23 31 20 25 23 15 28 15 16 19 19 
21 12 22 25 14 13 10 21 25 41 16 24 16 20 27 23 33 19 19 13 32 20 27 19 24 19 10 25 24 14 27 28 21 22 21 43 22 34 20 29 26 25 32 30 42 21 18 10 18 20 
26 27 21 11 18 27 12 25 26 33 26 21 33 21 24 34 22 14 25 20 25 14 31 19 34 6 16 25 20 17 22 22 35 23 33 32 28 36 24 28 36 16 25 46 13 28 21 20 14 42 
14 9 14 9 18 28 16 22 27 35 16 28 21 16 24 26 9 19 19 26 45 21 21 25 8 16 8 28 24 29 37 15 20 20 17 29 26 37 25 21 35 20 26 32 16 15 18 16 28 21 
23 22 15 13 13 38 12 14 34 33 13 24 29 15 25 28 24 15 19 28 31 16 31 20 31 9 14 20 9 17 27 14 40 24 29 27 26 31 23 23 24 21 29 34 31 18 17 11 28 38 
33 34 15 18 15 20 13 25 18 24 23 26 24 12 12 17 27 19 19 29 28 23 18 12 19 20 17 12 26 32 30 33 34 25 28 43 26 34 24 23 31 15 21 28 27 20 19 22 18 27 
30 33 21 16 17 13 18 22 15 29 28 16 18 16 21 21 37 19 35 14 27 22 21 17 23 31 12 15 21 10 21 25 28 24 34 29 34 25 21 32 42 17 30 35 33 16 29 14 25 20 
37 34 15 21 22 20 21 21 23 38 21 25 30 20 29 14 35 21 28 25 21 28 19 19 25 17 13 15 19 15 15 21 37 20 21 39 20 20 21 14 25 19 23 8 28 27 2 11 19 22 
40 23 11 16 20 26 21 23 21 33 11 23 31 14 23 25 14 14 24 26 28 13 23 25 26 29 16 16 20 17 27 35 22 28 42 33 36 28 17 25 35 22 22 30 23 29 22 23 25 38 
25 36 16 15 24 24 18 15 30 21 22 34 16 19 20 29 30 14 25 36 21 18 17 29 24 21 10 15 18 19 29 24 22 18 25 26 42 27 24 17 27 21 23 27 22 18 17 27 10 35 
24 34 16 17 15 17 24 20 30 43 25 24 28 17 25 32 31 15 25 27 36 17 28 11 22 13 14 18 23 20 19 19 23 12 26 22 26 25 16 25 16 28 34 28 22 28 14 13 27 33 
32 15 19 11 12 27 23 23 28 29 18 28 21 17 14 21 32 17 31 20 32 18 23 18 44 20 10 10 20 16 41 24 35 25 29 29 39 23 24 18 24 14 29 23 28 26 21 18 22 22 
28 39 24 12 17 21 13 22 22 38 25 12 21 15 17 19 18 18 27 23 50 20 22 13 18 16 14 10 14 22 10 25 30 26 30 29 26 21 28 37 25 15 27 36 35 22 8 17 22 23 
27 17 22 20 19 14 17 25 36 30 24 20 18 13 25 27 26 14 13 28 32 22 18 17 9 13 22 19 24 21 11 19 25 16 29 30 10 34 23 16 16 8 34 29 25 32 18 25 15 21 
23 31 14 21 10 32 15 12 27 23 5 26 22 14 23 19 19 13 22 11 35 18 26 21 32 10 13 13 15 8 26 17 13 35 21 11 25 37 20 36 17 20 23 30 17 26 27 40 21 32 
21 21 23 15 18 23 10 28 25 28 30 23 20 19 31 17 19 18 26 23 27 18 29 19 29 23 24 12 20 20 34 29 16 15 39 38 35 23 10 25 16 17 34 31 27 31 21 18 34 25 
37 28 4 18 21 22 17 24 18 46 19 19 19 14 27 35 32 12 17 23 28 14 22 17 27 25 11 14 28 16 22 36 27 24 21 23 33 20 32 26 41 26 30 24 27 27 20 13 28 32 
23 34 22 9 10 23 15 22 38 41 20 29 18 17 18 23 25 23 24 31 24 24 24 18 23 17 17 20 24 17 25 26 21 29 17 30 30 17 23 28 16 21 26 28 37 28 26 28 26 19 
23 31 17 16 11 20 9 17 23 34 14 31 18 14 19 23 26 18 14 29 34 21 16 16 34 22 20 27 12 20 15 23 16 13 34 29 28 33 10 31 12 16 35 34 10 21 16 18 15 12 
14 28 13 23 16 27 13 30 23 42 15 23 24 12 16 23 48 12 23 31 27 17 15 15 22 21 21 13 29 21 19 20 16 34 32 24 34 39 15 43 28 28 31 19 32 7 11 25 26 34 
19 28 16 15 18 18 11 26 27 21 16 28 15 14 8 22 11 9 18 32 21 18 26 18 25 16 10 23 21 19 30 11 19 22 31 24 33 21 32 33 50 19 13 21 31 28 13 15 28 37 
21 25 28 12 18 21 13 17 21 29 17 25 22 15 24 30 33 15 16 20 26 20 23 16 26 9 13 16 17 9 24 30 19 34 28 29 22 32 20 38 29 15 46 29 28 27 20 25 23 35 
25 18 13 16 26 28 14 10 30 28 17 24 33 17 29 26 30 16 18 22 12 15 19 19 29 19 18 16 18 24 30 27 44 12 23 21 29 40 20 14 25 21 13 32 20 23 18 17 30 22 
8 39 19 11 14 22 17 24 31 26 16 16 23 22 19 17 24 17 22 28 44 20 23 12 35 19 15 19 17 19 20 18 22 30 32 41 38 15 14 24 37 15 35 29 21 24 18 19 14 22 
22 43 26 16 14 22 19 26 21 41 19 20 2 11 19 31 30 15 22 25 29 22 23 13 14 16 14 26 19 14 33 27 30 23 39 29 28 33 18 17 38 11 12 31 28 28 27 24 6 23 
40 39 22 20 16 24 19 26 17 34 10 24 23 17 29 21 26 14 20 14 23 19 16 15 34 16 10 27 12 22 30 11 26 33 28 38 34 37 18 49 35 23 19 24 28 29 17 10 34 23 
26 33 16 28 15 26 22 30 34 13 17 31 19 10 21 20 26 16 20 14 24 22 27 21 33 20 17 9 17 22 22 12 20 18 33 37 16 27 20 32 34 16 25 30 12 22 17 20 35 27 
28 28 18 16 20 29 18 17 30 38 28 20 26 18 23 16 30 12 26 19 29 21 17 14 17 18 15 21 12 15 29 23 33 28 27 24 36 35 30 38 20 16 22 12 21 32 23 27 27 38 
34 25 22 18 4 24 18 19 21 25 14 19 22 12 16 30 31 17 26 17 25 18 27 21 25 18 21 16 16 11 34 28 35 34 27 31 29 36 21 22 34 16 20 19 28 19 28 20 32 26 
30 30 21 21 19 21 18 18 32 29 12 22 25 21 12 20 16 9 31 28 37 21 26 12 27 8 11 21 25 17 31 13 32 28 25 42 25 27 11 23 22 19 19 34 21 21 21 26 29 26 
27 25 19 11 20 9 22 25 35 29 16 25 26 18 17 25 22 21 19 11 36 20 12 20 22 11 12 25 15 22 27 36 32 19 18 25 31 31 23 22 20 22 33 39 32 26 21 29 27 42 
15 29 16 17 15 31 13 20 19 19 19 21 30 21 21 25 24 19 18 21 16 25 25 18 38 17 12 16 18 16 42 29 29 19 18 35 19 34 18 34 22 21 22 13 42 21 14 21 26 19 
30 33 22 14 19 33 18 22 27 36 21 18 22 15 19 26 41 20 23 28 40 14 18 15 33 22 5 19 24 16 28 29 23 17 48 26 17 33 24 26 31 27 22 32 11 23 18 8 26 26 
29 44 6 23 30 12 16 27 16 35 14 28 17 8 28 23 24 20 23 25 38 19 23 25 15 26 17 20 15 18 32 25 26 31 24 14 35 20 31 27 27 20 13 28 25 25 20 12 19 27 
28 29 19 15 15 14 6 20 38 38 15 33 24 13 22 25 17 18 19 25 26 17 29 25 27 25 9 14 28 15 21 26 43 29 30 35 23 34 28 33 32 17 26 39 28 24 20 26 27 18 
25 31 24 11 17 22 20 17 30 23 15 27 13 14 21 18 25 10 16 27 30 18 19 22 15 25 20 18 16 24 29 21 25 32 18 21 51 38 17 24 30 15 32 21 13 31 18 23 38 25 
25 38 13 14 15 27 13 31 27 25 9 27 32 18 26 24 26 19 10 27 32 22 25 19 28 16 23 22 15 12 18 19 22 31 34 31 23 16 17 38 24 14 31 24 34 17 11 21 8 24 
26 39 18 12 25 13 13 22 30 23 20 17 23 16 18 32 10 19 26 20 39 15 16 22 28 9 13 16 21 16 23 20 27 14 20 39 36 36 21 25 21 18 25 25 5 32 18 23 23 43 
28 16 19 12 18 25 23 30 24 23 29 36 23 15 16 18 19 19 16 29 36 33 28 18 26 26 19 22 10 26 24 15 33 31 39 37 30 32 25 25 33 18 35 18 25 19 11 20 16 45 
37 28 15 9 20 30 16 21 17 17 22 22 24 17 22 23 24 23 22 12 26 2 20 19 17 17 17 20 20 23 14 26 28 20 20 37 12 36 16 29 23 17 14 29 21 26 20 22 16 14 
36 15 27 16 29 23 17 20 18 20 21 8 15 14 27 18 22 15 19 21 24 19 28 20 28 22 12 7 24 26 36 12 30 18 13 21 18 35 23 31 35 16 22 24 22 23 12 18 9 38 
37 18 16 8 18 29 13 29 23 29 18 19 29 13 22 14 25 14 31 23 27 16 29 14 16 17 6 17 10 18 26 28 19 26 29 33 25 31 22 51 36 15 30 29 28 18 12 25 31 36 
14 25 17 15 19 21 18 33 19 34 20 25 15 13 16 32 28 15 12 30 33 20 22 17 24 18 16 13 24 18 38 33 39 34 25 22 12 21 27 36 29 14 26 29 28 21 16 19 26 25 
40 22 11 15 19 17 15 17 33 30 11 28 29 14 16 32 32 15 14 14 33 13 23 17 22 20 15 15 20 15 33 19 26 29 28 41 23 31 29 31 11 15 36 28 22 17 19 26 26 28 
26 19 25 19 24 18 16 14 24 28 20 25 28 16 20 27 22 15 16 19 39 23 24 16 37 15 10 21 14 19 17 23 37 24 17 30 24 33 28 35 23 22 23 33 21 32 10 26 22 26 
28 30 24 16 20 13 18 15 25 37 20 20 32 20 26 32 21 13 22 15 40 21 36 16 31 13 17 28 9 22 28 23 12 23 36 26 49 25 23 10 37 9 34 28 30 22 20 30 25 18 
27 31 12 14 17 23 14 36 29 20 25 29 25 14 17 35 25 13 21 23 30 22 15 12 35 21 20 17 16 21 25 25 30 29 26 14 22 36 20 26 20 22 31 38 30 29 18 18 15 27 
27 27 27 15 19 32 21 22 37 32 17 22 23 13 19 20 32 16 27 19 44 20 31 19 37 17 15 15 13 15 24 24 21 17 38 28 32 19 24 10 24 25 20 39 28 33 22 16 24 25 
35 21 18 15 12 22 22 25 43 28 18 14 21 12 29 29 32 21 25 26 34 20 24 16 27 12 23 24 16 22 18 31 28 20 33 20 32 11 26 39 21 15 27 30 23 35 6 15 16 24 
29 37 27 19 20 27 14 18 23 21 27 24 24 18 13 20 19 22 19 28 35 25 26 20 25 18 14 20 25 18 23 28 41 9 25 20 16 28 21 21 30 23 33 12 25 30 20 14 17 24 
31 15 18 13 27 25 11 28 26 27 16 20 19 18 20 31 30 19 17 22 41 22 10 22 27 18 15 22 22 17 23 25 13 30 24 31 35 17 14 31 23 16 34 46 18 29 16 17 28 35 
22 28 13 13 18 26 15 16 31 25 18 16 19 18 19 28 6 18 26 38 16 22 30 22 22 14 12 18 15 13 26 22 33 31 26 34 42 22 20 17 35 19 10 18 10 35 12 7 25 29 
36 16 18 20 15 19 13 23 13 31 22 29 24 19 29 23 25 19 15 26 34 20 20 21 15 12 11 13 18 23 24 23 15 27 17 37 21 29 21 30 39 13 16 22 20 20 21 20 29 27 
23 9 26 9 24 17 18 22 38 27 23 25 28 11 23 27 23 16 26 20 35 17 25 31 18 23 15 14 22 24 28 14 30 36 42 11 24 32 28 15 20 18 15 18 24 19 22 8 19 27 
22 33 10 12 24 14 11 25 22 31 17 26 19 16 19 23 22 11 19 20 22 6 8 20 31 19 13 16 16 19 27 20 28 20 30 19 27 20 22 18 38 20 37 16 19 29 15 23 24 46 
15 25 17 11 19 17 18 17 9 28 14 20 28 14 23 22 33 18 24 21 36 16 16 12 14 17 6 25 30 15 29 31 24 32 27 36 28 35 13 36 39 12 16 27 24 25 10 21 24 33 
18 17 25 15 9 29 18 19 41 37 16 14 42 18 24 23 19 15 22 28 28 18 16 19 14 22 19 20 19 8 26 18 21 36 34 29 33 24 14 31 29 8 24 40 15 16 13 24 34 5 
25 31 13 17 16 26 9 16 44 25 25 18 28 19 17 30 23 14 17 17 29 19 23 14 21 17 20 21 28 20 28 25 36 27 43 27 30 30 12 30 11 16 27 29 25 27 16 12 25 15 
17 38 17 17 13 26 13 24 26 46 14 36 29 18 20 23 21 13 26 17 24 21 20 13 17 20 9 11 19 18 31 31 21 26 22 20 23 22 20 18 18 21 15 23 28 41 18 25 21 30 
19 35 22 16 16 22 15 25 34 36 21 23 21 26 10 25 27 12 15 19 31 10 23 20 22 21 13 20 14 22 12 23 35 30 26 26 37 23 28 33 37 22 37 23 24 13 17 22 27 44 
36 23 16 24 21 20 14 30 27 18 18 19 27 18 22 15 20 19 28 13 16 25 26 23 21 25 22 17 14 23 29 17 37 24 24 30 36 39 17 24 25 16 36 19 11 12 13 23 26 33 
34 29 25 17 15 35 20 15 22 32 22 27 13 15 23 19 31 18 24 17 49 18 20 19 11 12 13 20 12 15 34 12 17 25 40 31 40 25 15 28 26 19 24 34 24 18 21 21 16 27 
25 34 19 18 13 22 15 22 25 40 24 25 16 15 14 34 16 22 31 21 23 15 14 16 26 26 13 18 23 9 25 14 16 22 16 16 29 25 35 20 56 12 22 43 37 30 19 36 24 29 
22 24 13 17 13 18 12 34 14 26 25 18 24 16 18 16 18 22 26 26 32 21 21 21 30 14 11 7 16 24 29 27 23 19 23 9 22 25 20 28 23 21 32 25 16 23 14 24 20 31 
44 21 15 21 18 19 16 19 25 36 14 30 39 20 18 27 32 16 23 17 35 18 16 25 23 24 15 20 21 21 32 21 33 21 20 18 40 44 19 38 25 17 31 28 34 23 14 30 28 31 
29 28 21 18 16 27 17 22 28 25 10 24 21 16 13 23 15 24 21 26 29 18 35 10 29 17 17 16 16 13 19 11 26 22 29 30 14 30 11 33 38 10 13 31 18 20 15 18 14 46 
14 34 16 20 26 28 12 10 22 30 11 25 22 11 29 28 36 14 21 23 31 30 17 8 30 8 10 24 16 24 23 36 20 26 24 25 31 30 27 27 30 23 33 28 24 28 7 30 16 29 
24 25 19 20 17 20 15 13 22 26 28 22 31 14 21 22 32 19 22 20 33 11 26 16 33 26 11 21 9 20 13 18 32 21 29 34 23 35 26 30 30 18 33 35 36 13 20 18 14 41 
26 33 16 12 17 31 23 10 21 38 12 31 18 15 32 18 27 15 25 26 41 11 15 27 23 16 10 4 20 13 20 20 24 13 29 33 17 23 29 34 33 29 30 34 21 19 19 20 15 27 
15 41 14 10 10 21 20 9 25 18 18 22 17 19 7 24 14 14 12 24 23 21 28 15 21 21 15 25 17 20 27 33 15 24 12 17 35 29 24 39 32 23 27 20 14 17 21 18 30 22 
17 21 18 11 21 26 15 16 39 16 13 23 28 22 23 18 33 19 20 17 30 21 27 21 27 12 9 17 16 13 19 20 28 29 22 30 5 28 41 19 36 19 24 29 33 27 20 19 26 41 
24 39 21 15 21 19 17 27 26 23 19 14 18 12 15 21 30 14 27 18 32 29 30 15 36 13 19 7 22 24 31 29 47 18 22 32 29 37 23 33 21 26 10 36 44 20 23 23 19 12 
28 30 16 17 11 21 20 5 41 29 16 25 27 14 18 19 38 8 28 25 20 15 9 21 25 25 20 17 12 13 22 18 27 17 40 39 22 25 20 39 28 21 33 31 30 20 19 24 18 26 
25 11 18 10 20 22 21 18 33 37 20 22 23 6 20 21 36 7 25 16 17 21 22 22 32 10 15 16 19 20 40 24 21 28 32 34 35 24 18 24 25 22 21 21 11 21 16 17 21 22 
33 25 25 8 24 19 26 22 28 33 23 21 25 19 19 18 37 16 36 26 12 29 21 14 14 15 21 27 18 18 7 22 44 27 12 34 24 39 14 38 27 19 18 23 25 26 21 26 18 31 
44 19 6 5 21 20 10 8 37 32 17 13 19 26 19 24 31 19 26 24 47 19 12 18 13 19 16 30 20 16 36 22 25 23 32 33 28 28 21 26 23 20 13 32 38 24 28 24 27 22 
24 30 22 12 14 24 25 27 26 28 17 19 37 13 12 16 24 10 19 26 29 16 22 19 28 18 6 30 23 22 23 17 20 45 24 39 19 22 26 41 31 17 31 26 18 25 24 14 17 29 
7 28 17 9 18 31 12 18 5 28 19 14 19 21 20 24 32 23 18 16 25 21 19 16 17 12 15 5 18 9 15 33 37 19 28 24 21 23 17 10 28 14 22 24 25 10 14 22 22 29 
37 18 23 12 15 27 13 30 21 32 15 28 23 22 24 26 30 11 21 26 23 21 33 27 18 14 11 21 21 25 33 34 32 18 40 25 32 34 25 21 35 13 25 34 25 20 16 23 9 14 
26 25 19 8 14 12 15 23 32 28 17 23 38 17 16 30 27 15 24 20 26 17 26 22 15 15 16 13 29 13 41 13 23 22 27 31 38 20 19 15 28 21 27 26 19 19 15 27 21 19 
11 26 13 14 28 21 11 25 23 16 23 22 22 13 27 21 37 5 10 22 23 13 31 12 25 19 13 16 20 20 26 18 39 12 30 31 44 13 20 27 25 27 21 28 9 28 15 11 14 27 
17 25 26 20 16 24 16 11 20 30 23 21 24 14 8 21 38 18 18 26 31 9 16 20 29 17 11 16 21 22 24 28 32 17 24 36 36 18 22 38 21 24 28 24 20 16 17 26 18 20 
22 9 18 17 13 16 16 30 23 37 24 28 28 10 23 25 8 18 22 15 37 7 25 16 37 17 13 15 19 10 20 25 22 17 35 25 41 34 35 25 33 18 20 38 31 17 21 25 26 22 
29 19 10 7 22 28 22 22 14 36 16 21 24 22 13 30 33 15 22 22 21 8 38 27 24 11 15 18 26 16 30 21 22 21 28 33 24 25 22 26 13 18 27 14 24 17 18 25 33 33 
26 13 25 16 14 24 14 21 21 19 21 16 29 17 27 23 32 13 28 31 41 15 11 26 24 21 13 11 16 19 24 26 26 29 27 18 31 39 14 42 30 18 36 25 23 17 6 16 22 33 
23 29 23 14 24 11 11 24 20 21 20 26 18 12 7 28 25 17 23 24 25 11 19 9 19 19 11 22 20 24 15 20 28 26 19 28 31 30 24 35 30 17 19 34 31 36 13 11 24 21 
39 30 18 22 26 30 16 21 30 24 13 14 19 17 24 22 27 22 20 26 27 18 26 23 14 17 9 18 20 25 33 26 21 22 31 15 27 22 24 19 29 18 39 5 29 20 15 25 19 25 
30 34 20 14 22 20 19 22 28 28 18 21 22 17 10 18 28 11 18 13 20 17 30 16 31 23 14 16 19 13 25 21 32 21 33 18 40 40 26 24 17 25 29 41 31 20 11 7 16 33 
28 17 14 17 25 29 19 30 20 21 29 23 24 23 22 31 35 19 27 24 20 15 35 33 22 24 18 23 24 17 21 26 21 33 32 46 34 31 15 26 38 17 29 27 31 27 16 19 14 25 
26 27 17 18 20 22 14 32 18 46 13 33 21 15 24 22 29 11 21 24 30 20 22 19 29 19 13 29 10 10 24 15 17 25 25 23 32 41 33 40 31 13 38 15 35 17 24 19 34 32 
27 18 23 12 19 32 13 19 24 27 23 22 22 19 25 23 22 16 24 15 35 28 20 16 26 25 12 20 24 26 31 26 38 21 25 20 30 31 16 30 23 19 41 27 17 22 20 19 22 26 
45 48 8 20 14 12 19 17 23 32 21 26 22 21 30 25 27 15 27 31 24 12 31 16 25 29 18 6 17 18 15 22 32 19 24 17 19 34 20 16 19 17 20 25 38 28 16 13 11 39 
26 39 12 12 21 25 18 31 28 26 19 21 18 18 16 29 21 16 32 21 34 23 18 13 19 19 12 13 25 21 19 24 36 24 27 27 24 29 18 38 28 19 32 30 23 23 17 15 20 14 
30 32 16 17 11 28 17 23 34 46 22 25 22 24 28 12 23 24 23 29 25 23 31 12 30 26 14 22 14 16 24 23 22 32 20 26 47 30 25 22 28 24 20 47 24 16 19 29 11 14 
28 18 22 21 14 34 18 19 28 28 25 21 21 21 23 16 28 26 32 25 34 22 34 20 20 14 22 11 19 25 32 20 28 28 29 13 30 24 29 27 13 20 28 27 18 10 18 27 22 33 
27 30 21 8 13 12 12 22 19 23 24 20 33 14 15 26 38 22 16 31 30 17 29 17 21 22 20 20 18 15 25 28 35 19 36 37 23 34 9 29 38 18 33 36 29 26 14 18 14 23 
25 20 13 11 21 30 11 14 27 35 20 16 18 6 15 35 32 12 24 25 37 19 13 18 22 17 18 23 16 24 17 26 31 16 26 22 17 31 28 38 21 15 11 34 22 19 18 16 18 22 
21 16 19 17 14 24 17 25 21 25 16 14 25 20 34 12 36 16 18 17 24 15 24 16 21 19 12 9 18 9 27 22 21 27 35 26 24 29 22 39 20 27 24 20 20 23 31 20 12 12 
28 24 20 10 16 29 15 15 30 31 18 27 22 20 22 17 24 16 27 20 34 14 15 17 23 17 12 20 26 23 17 28 22 29 25 24 13 25 30 20 17 18 22 24 32 14 12 16 25 31 
25 22 25 13 17 14 25 25 25 31 11 27 25 17 17 34 27 16 18 29 29 17 33 17 18 18 13 6 18 20 43 29 35 43 24 23 39 14 31 19 25 14 31 26 29 23 18 11 20 16 
19 23 20 18 27 29 14 25 34 21 20 25 21 15 20 31 39 14 24 21 33 7 21 22 24 9 14 19 16 6 22 33 30 22 19 13 32 13 24 32 17 23 21 25 40 11 15 14 16 28 
29 21 18 10 17 17 14 27 26 24 12 18 26 19 24 23 29 17 22 20 26 20 20 11 30 17 10 19 24 22 17 27 30 22 15 24 34 17 15 22 17 21 15 23 43 20 20 21 19 27 
32 28 19 24 19 30 15 21 35 34 18 17 22 11 26 29 26 20 23 30 40 21 23 15 24 30 12 14 11 17 31 23 38 22 28 26 29 29 26 9 34 19 39 36 23 15 14 21 20 24 
33 26 24 13 19 23 12 20 26 41 26 24 27 18 26 26 36 15 31 28 35 17 27 24 14 16 15 15 20 22 30 19 36 26 32 22 29 27 8 19 17 25 13 26 21 22 21 27 15 32 
25 25 9 21 17 24 25 23 24 32 18 30 20 16 23 31 27 16 28 25 32 20 20 15 19 19 17 17 21 14 29 28 27 40 31 28 20 46 16 32 30 17 16 27 28 16 20 19 27 32 
17 34 23 20 19 25 21 30 11 21 17 18 25 11 18 21 25 15 31 21 40 17 36 18 24 17 14 20 19 11 27 27 28 26 26 38 26 34 28 34 30 16 14 27 26 33 20 20 38 35 
29 27 14 16 18 21 17 23 26 39 16 30 24 15 28 21 36 20 21 21 25 29 20 14 12 16 13 13 23 17 37 31 40 28 34 26 27 26 23 28 28 22 20 34 28 23 24 33 16 37 
26 27 10 18 15 33 20 23 30 36 21 29 27 13 20 29 31 17 17 25 30 16 4 6 33 19 15 11 19 15 20 23 30 25 26 52 29 18 23 28 30 27 29 44 21 17 15 15 32 20 
21 30 15 17 21 24 15 23 21 22 13 25 26 18 8 34 11 17 27 12 30 24 18 16 30 22 10 16 27 17 27 27 38 15 22 22 19 35 30 33 30 18 32 45 16 21 17 10 18 24 
39 32 15 17 15 24 15 26 18 28 18 21 16 19 5 19 29 22 19 25 17 19 17 18 19 23 13 15 19 21 18 19 28 26 19 26 17 15 16 14 30 18 17 26 33 23 19 15 33 36 
20 23 23 18 25 13 13 31 22 38 25 30 15 16 23 27 27 15 28 25 29 17 23 12 17 18 12 18 21 15 23 12 29 29 20 30 36 25 20 38 33 24 32 34 22 19 21 32 25 40 
14 27 26 19 19 23 12 10 33 23 23 21 24 18 22 18 18 18 33 24 35 19 20 11 14 13 16 21 22 16 29 26 29 25 24 27 34 28 24 31 30 25 13 20 26 30 15 25 22 26 
32 28 11 17 27 20 15 27 24 27 18 12 21 14 28 23 25 14 25 22 24 23 26 17 30 31 22 18 11 15 29 29 13 23 25 40 33 32 20 30 25 19 34 30 24 25 24 24 18 20 
21 39 22 19 18 17 16 13 35 27 13 19 23 17 17 29 40 21 17 28 42 23 25 17 27 17 20 16 19 8 35 21 31 31 26 24 38 13 28 26 27 13 26 36 24 19 22 23 25 29 
19 29 16 16 14 28 12 20 24 45 17 20 26 19 12 19 33 12 28 15 20 23 12 22 21 29 13 16 18 7 25 26 22 23 32 41 16 23 20 11 22 14 36 14 20 20 32 23 32 29 
24 18 10 14 21 21 18 28 35 33 21 15 23 16 19 15 23 15 29 29 26 18 29 22 17 19 18 12 16 14 27 22 43 23 19 28 27 29 24 33 25 15 42 31 24 23 20 20 24 30 
24 14 6 16 26 19 26 10 27 23 9 18 18 12 20 15 36 12 16 27 35 22 26 16 31 15 9 22 20 12 28 25 33 23 13 31 36 15 21 31 25 23 32 24 25 25 19 14 36 32 
20 21 15 21 24 26 17 31 22 29 17 24 21 17 28 19 13 16 27 26 19 18 26 15 20 22 14 20 17 21 27 21 39 28 21 32 39 27 28 23 36 26 27 1 20 30 6 32 26 34 
26 22 16 16 18 20 15 18 22 33 25 19 36 21 23 22 20 11 16 11 39 24 25 15 24 23 16 25 16 17 20 37 31 15 24 35 37 28 30 29 24 22 21 11 22 22 18 14 29 28 
35 28 21 14 13 21 19 22 21 26 16 25 34 9 11 19 25 17 25 23 21 23 25 16 19 20 19 18 19 17 18 18 24 30 33 27 36 30 17 16 25 23 29 25 20 25 23 12 37 30 
24 15 22 11 13 16 19 19 42 22 17 22 27 17 27 28 29 12 17 25 23 13 21 22 14 14 11 26 23 20 24 31 33 20 34 29 23 20 23 27 47 15 28 17 30 30 19 19 24 32 
31 23 8 9 22 22 17 17 34 26 25 11 23 17 24 27 31 16 30 17 36 22 25 17 16 13 18 18 30 21 30 14 27 30 38 26 35 28 11 32 13 23 11 27 20 27 23 23 27 26 
34 32 5 19 15 22 15 17 21 35 14 31 21 13 20 21 29 18 17 21 26 9 30 16 12 15 14 15 23 20 26 32 21 14 31 20 41 24 20 31 30 11 30 21 27 12 22 22 25 34 
24 23 25 10 22 29 17 26 41 23 24 18 21 22 12 25 21 21 27 31 31 12 26 24 25 24 13 14 11 8 26 18 29 31 27 29 23 24 27 18 24 8 25 27 34 19 22 25 25 31 
13 41 22 16 21 25 22 28 29 31 23 27 17 22 17 22 18 17 22 21 30 15 23 18 26 16 12 10 15 18 27 21 26 28 8 24 25 31 12 31 24 21 22 28 28 26 15 17 18 43 
28 28 26 14 14 23 13 21 22 31 16 27 28 18 14 15 37 15 22 28 31 10 22 7 13 19 23 9 26 26 24 25 30 28 41 16 11 29 24 28 28 25 18 21 18 19 15 23 24 39 
20 24 14 13 15 29 13 20 27 25 20 20 29 7 19 20 19 16 30 28 6 13 21 9 29 20 11 20 18 14 40 18 19 12 18 32 23 23 30 26 21 20 35 26 11 28 21 20 18 28 
18 28 14 15 14 25 15 14 22 17 24 22 41 13 12 23 40 16 17 36 29 30 18 16 26 16 15 8 23 19 25 24 34 15 27 35 18 25 23 40 37 19 23 29 14 11 16 21 27 36 
24 29 23 16 20 21 20 21 24 18 25 22 27 24 21 20 21 13 20 24 33 10 21 15 21 28 11 7 29 15 41 17 34 28 22 27 25 21 19 30 12 16 26 23 24 15 23 29 24 22 
20 28 7 19 15 20 17 18 33 25 24 18 29 10 26 24 29 14 24 23 26 19 18 16 25 10 19 17 22 14 20 16 16 17 25 26 31 26 25 35 32 20 34 28 25 31 22 16 17 22 
29 33 27 8 12 25 13 30 19 29 24 25 24 20 20 15 45 13 22 20 26 21 33 18 30 12 21 19 21 10 23 22 32 27 33 46 17 18 24 34 23 18 23 33 24 11 19 19 30 35 
42 34 19 9 22 20 13 17 22 40 22 26 26 13 16 19 12 16 28 27 31 16 29 13 28 18 21 11 12 24 31 25 26 28 41 36 35 27 25 19 24 29 37 32 15 17 29 23 23 25 
33 12 17 13 22 25 18 6 26 19 19 30 13 16 26 22 31 16 19 23 37 12 24 24 17 28 10 20 24 10 10 22 8 22 23 29 31 26 16 22 34 26 22 30 26 20 8 28 37 28 
32 24 15 10 25 26 19 13 31 15 20 37 23 20 22 31 20 13 22 25 28 16 28 16 30 17 9 21 24 15 29 33 32 15 45 32 26 33 24 31 22 19 28 26 29 23 19 14 17 43 
35 28 18 14 17 20 17 18 37 25 10 12 25 20 17 22 18 14 23 24 45 20 35 18 26 29 22 19 19 10 29 19 32 24 27 25 29 33 21 36 32 27 21 24 18 22 12 17 23 30 
25 24 10 17 12 24 10 22 24 30 22 20 28 21 15 25 27 22 24 17 21 20 25 18 19 7 16 16 17 21 31 20 29 21 27 26 27 15 19 19 35 21 21 29 16 19 24 14 15 8 
11 19 11 19 16 23 19 23 11 26 19 5 26 14 15 24 30 19 26 21 26 22 26 23 18 18 21 18 12 15 24 25 28 23 37 19 28 27 14 20 25 9 26 34 34 21 26 17 26 28 
36 28 10 20 19 21 13 18 10 39 22 25 22 21 17 25 29 16 22 38 47 19 36 14 24 25 18 19 14 13 34 26 27 28 41 15 31 20 20 38 33 26 25 44 20 21 23 29 20 49 
42 17 12 16 10 29 19 18 25 45 20 26 21 14 18 21 23 14 26 21 9 19 28 11 28 20 18 14 23 17 24 22 24 34 31 23 18 23 32 35 33 10 34 32 29 14 17 18 25 42 
24 27 16 19 12 31 16 16 40 33 19 20 31 9 11 35 22 17 16 22 21 14 21 20 22 17 18 13 15 24 12 28 37 25 30 17 20 19 23 32 26 31 21 26 25 29 12 20 20 47 
37 35 26 19 16 29 16 21 8 17 10 25 17 17 16 21 26 15 12 22 18 21 19 16 16 17 19 29 16 10 11 24 29 29 39 34 36 20 34 14 42 22 21 20 16 20 14 15 29 14 
30 26 7 15 16 33 14 20 17 31 23 20 23 17 16 23 23 17 33 31 19 19 27 17 26 23 15 17 19 13 13 22 21 27 48 29 44 51 19 28 38 19 23 36 30 21 19 19 22 28 
16 19 16 9 16 21 13 24 20 21 23 22 24 13 13 17 9 14 23 19 34 23 24 13 32 24 11 17 21 8 30 31 35 30 22 42 27 28 25 29 35 14 29 25 38 28 33 7 32 23 
27 38 10 20 14 26 13 32 25 16 18 19 24 16 21 18 30 15 14 18 40 7 27 10 24 14 19 17 17 21 39 13 39 29 14 43 18 20 17 36 23 28 12 38 27 28 25 14 19 25 
19 36 21 22 21 27 18 23 17 41 23 4 30 18 15 20 23 16 24 30 16 31 26 22 28 22 18 20 20 21 21 14 26 26 38 22 32 19 25 22 35 23 25 26 27 28 21 20 23 38 
30 22 18 9 7 16 23 12 15 36 21 26 38 15 15 12 26 15 21 24 29 22 36 31 13 24 12 17 13 21 19 14 42 18 23 34 33 31 17 17 28 20 21 27 30 20 18 24 21 38 
25 45 24 11 10 21 20 19 21 33 13 22 23 21 16 35 25 16 30 19 24 11 12 19 33 16 8 16 26 16 24 21 38 22 27 27 24 23 28 32 27 23 27 38 12 23 19 32 23 27 
28 34 25 23 12 28 20 29 27 38 27 30 17 11 21 28 20 22 31 23 18 23 32 13 24 20 14 13 25 17 21 18 18 30 28 24 21 24 23 30 23 24 26 9 34 18 16 27 22 30 
32 45 17 10 22 24 14 24 9 30 22 22 20 18 21 27 29 19 37 34 14 18 13 15 35 24 17 10 12 18 21 10 32 27 27 40 23 33 23 50 31 17 35 33 25 17 22 18 20 26 
27 23 24 19 18 20 16 20 10 19 25 20 17 15 27 22 40 15 20 21 12 17 17 16 21 19 13 26 19 27 24 32 31 34 23 34 24 28 12 32 25 19 19 17 24 31 15 28 23 22 
31 32 20 10 19 23 21 21 31 19 20 22 29 12 20 22 37 12 28 24 20 17 24 17 28 16 10 18 28 24 27 20 21 26 14 21 22 14 15 17 37 19 27 24 28 13 21 18 20 17 
30 28 16 19 23 25 6 28 38 38 22 20 30 27 17 30 27 16 4 25 18 22 23 16 31 13 10 24 12 13 19 17 39 19 41 27 26 24 12 34 23 21 16 33 14 25 24 23 30 38 
23 32 27 17 19 16 17 21 34 33 22 28 27 8 17 17 16 9 19 21 28 22 9 13 25 16 20 21 24 22 30 28 21 18 27 19 37 34 23 42 20 9 32 35 17 14 24 6 30 28 
34 33 26 9 15 28 23 18 31 29 17 19 22 26 27 11 22 8 31 21 36 13 15 13 35 23 17 13 20 10 18 29 24 36 23 43 16 31 18 10 34 16 28 28 23 17 19 19 30 25 
18 26 26 16 10 16 11 18 29 19 23 28 22 17 13 24 32 17 24 20 22 14 30 21 21 17 9 25 15 21 22 29 35 29 41 22 31 46 28 28 26 19 17 55 26 16 20 21 25 25 
42 36 19 18 6 21 20 27 15 30 25 32 11 25 21 13 40 22 24 11 19 19 25 19 31 28 17 6 14 20 24 33 36 15 49 37 29 22 29 26 21 29 32 27 34 32 17 31 17 31 
13 23 17 13 17 19 11 26 26 36 18 24 17 11 20 17 22 16 14 25 37 19 27 20 12 8 18 23 18 17 24 19 26 28 21 23 22 25 17 28 26 25 34 24 19 11 24 17 23 31 
21 36 13 16 23 24 7 17 28 25 17 20 39 19 19 23 29 16 24 16 22 16 18 29 33 20 13 16 28 17 18 25 26 23 32 31 20 13 26 33 31 23 28 38 14 31 19 18 19 29 
28 15 13 17 13 16 17 15 29 22 20 27 26 10 29 18 22 19 18 21 33 8 24 20 22 16 5 12 22 21 26 20 22 16 25 34 28 26 22 25 20 15 17 26 20 21 21 21 21 22 
19 29 30 14 15 23 9 28 36 20 10 26 14 16 25 36 30 23 23 29 34 12 14 15 19 21 19 10 19 25 28 21 15 34 27 21 27 23 21 23 23 25 27 37 34 17 28 19 20 21 
28 36 14 17 19 28 19 14 34 31 22 19 20 12 25 28 26 16 26 20 20 24 29 22 27 11 18 19 15 17 33 24 30 25 18 49 21 23 24 30 24 12 15 38 18 19 24 24 27 35 
29 29 11 19 8 26 16 21 23 34 28 23 25 17 15 27 40 12 27 29 24 15 18 14 17 9 25 15 16 20 19 26 36 30 34 22 33 29 22 28 23 17 32 32 27 25 30 9 19 36 
45 43 28 20 7 36 15 19 34 18 15 21 24 22 14 13 25 15 22 26 25 18 21 14 26 16 14 20 20 22 27 22 22 33 31 32 25 19 23 27 36 20 27 29 19 26 14 29 21 31 
14 26 11 17 14 21 23 31 19 32 20 24 32 18 28 33 21 17 27 8 35 26 22 17 21 20 9 16 15 21 30 26 23 17 25 36 29 16 25 21 39 17 32 22 32 21 22 4 27 29 
28 36 24 14 19 23 16 25 25 13 14 16 17 25 26 23 38 16 17 14 25 24 26 20 13 10 16 11 20 23 22 29 16 33 28 28 40 28 22 35 23 13 35 18 29 19 15 14 26 26 
29 46 23 14 23 21 14 18 7 42 24 23 25 19 13 22 26 14 13 19 34 14 23 13 20 15 17 15 12 11 33 34 38 25 19 30 27 28 26 32 18 15 15 32 28 26 17 22 23 25 
36 28 13 18 17 12 14 23 34 27 22 32 25 15 29 15 27 11 15 12 19 21 36 16 20 20 14 25 22 10 33 23 19 21 28 27 30 18 33 28 25 14 23 28 29 21 20 28 24 29 
35 33 21 15 13 24 10 17 25 20 23 12 24 10 17 18 38 12 21 15 44 16 27 17 23 22 12 15 23 24 20 15 33 27 26 21 24 27 29 16 34 16 12 28 17 29 10 26 26 35 
26 30 18 11 9 18 20 15 19 26 16 21 22 11 19 24 23 14 21 29 26 20 20 13 20 22 20 18 20 21 11 23 17 28 21 24 40 36 19 45 31 24 28 30 24 26 17 25 27 34 
37 16 15 15 22 30 23 21 20 35 16 18 24 11 23 23 37 18 23 16 28 19 24 29 14 17 11 14 25 26 24 16 23 26 20 24 27 30 29 29 36 23 23 18 27 20 28 9 15 13 
25 32 22 13 23 14 17 32 22 17 23 24 33 17 15 31 17 12 24 22 18 26 34 16 27 26 24 17 13 6 16 19 21 9 43 34 34 39 28 27 27 14 17 24 16 26 22 17 25 26 
32 25 12 13 23 42 20 19 20 28 13 29 21 15 15 23 35 17 20 14 20 13 33 17 17 28 16 20 23 15 19 26 31 28 34 25 23 38 19 28 40 17 28 27 25 18 19 20 15 36 
32 23 17 17 13 25 12 23 24 30 27 21 30 18 20 17 24 7 27 19 37 21 20 28 24 11 21 10 20 26 20 27 29 16 29 25 25 30 12 31 30 16 22 34 19 18 12 22 20 31 
28 40 21 16 3 34 11 15 33 31 33 14 22 21 25 20 25 17 19 21 35 16 18 14 22 7 16 22 23 12 29 26 14 17 34 18 35 38 20 18 36 20 31 25 24 30 20 15 33 33 
22 33 16 22 13 30 15 29 29 23 18 28 21 12 16 19 34 14 22 29 31 18 22 20 20 11 19 26 21 15 28 23 34 19 23 35 22 20 23 33 28 14 30 29 10 26 23 18 21 24 
36 21 17 15 15 15 17 20 35 16 25 19 20 11 18 21 26 22 29 18 31 9 24 24 18 17 13 30 26 15 30 37 31 23 26 23 26 46 21 22 28 15 27 28 29 24 21 20 13 34 
41 43 21 13 25 24 16 24 21 38 21 17 21 12 22 14 34 16 12 22 27 17 25 15 29 6 21 9 17 11 42 23 30 21 26 17 31 25 21 28 17 17 26 24 26 31 14 16 19 20 
40 26 9 15 14 22 14 25 32 36 15 18 8 16 26 16 42 14 17 33 24 8 18 26 30 25 11 10 20 15 29 20 25 37 24 36 16 20 15 38 20 26 27 50 19 24 4 17 16 30 
22 38 17 10 26 28 15 33 23 28 12 23 21 16 13 25 27 10 29 26 13 20 22 8 29 8 15 7 23 7 21 18 28 22 32 52 31 46 30 30 29 27 21 41 38 26 16 26 26 34 
30 12 22 18 14 24 19 12 23 39 20 19 23 22 21 20 21 23 32 22 29 15 25 23 32 19 7 14 18 20 24 25 44 21 23 9 15 35 16 31 33 18 22 36 35 19 29 20 20 15 
23 34 25 9 20 28 17 25 32 34 10 23 29 11 24 32 21 13 24 23 34 15 24 22 31 14 13 18 21 15 27 22 33 22 26 23 24 33 23 30 41 18 27 29 21 27 11 16 21 28 
31 17 22 16 6 34 23 21 20 34 15 18 32 20 12 41 21 13 28 26 23 23 28 23 23 13 8 19 21 20 28 33 24 33 21 32 22 34 19 23 35 34 20 31 20 21 15 29 27 34 
27 19 19 17 16 23 19 21 13 34 12 10 23 17 14 22 48 20 24 26 31 14 28 12 23 19 15 9 18 18 29 21 35 22 24 26 32 44 26 29 17 12 30 27 22 26 18 22 24 32 
41 36 13 14 13 25 7 27 11 23 11 22 26 25 25 4 20 12 27 26 16 25 35 21 36 24 15 18 19 15 16 13 22 20 26 25 29 40 23 10 40 13 24 24 24 37 15 12 10 33 
22 26 25 16 13 33 24 21 35 25 24 19 6 20 23 22 35 18 18 35 39 23 23 22 28 16 21 16 26 22 27 26 33 29 32 23 26 33 28 20 24 22 25 28 31 28 17 19 30 27 
23 31 20 12 14 27 20 15 38 27 14 16 21 12 21 24 45 19 36 25 24 17 26 18 17 12 13 20 24 19 19 25 16 17 33 27 32 39 15 23 13 22 18 35 25 32 13 24 18 15 
21 24 17 26 18 20 16 17 28 30 24 27 17 16 30 27 47 24 26 32 21 19 17 15 22 22 10 18 19 14 35 32 31 14 23 16 26 36 18 25 25 15 25 37 25 27 11 29 34 29 
37 42 20 14 22 19 8 21 21 32 17 20 16 16 6 27 29 20 17 17 33 13 19 16 41 15 13 21 17 21 33 25 24 20 40 34 41 28 18 36 30 18 39 28 17 16 15 10 38 29 
15 34 13 16 17 27 15 26 24 36 16 28 21 15 8 26 27 14 27 10 22 27 28 23 23 19 15 14 25 25 19 18 33 25 38 22 31 25 17 30 16 15 22 44 19 33 13 21 27 30 
23 36 16 18 15 18 22 15 22 29 22 26 22 13 22 24 34 18 21 21 19 21 14 13 24 15 19 13 15 17 31 24 25 28 32 46 32 20 25 30 35 19 24 43 38 30 13 21 32 18 
30 18 19 18 16 13 23 29 19 27 24 18 20 11 30 18 17 16 4 24 28 16 12 11 26 24 14 14 13 8 19 19 28 20 38 46 32 21 24 21 25 22 35 19 26 30 17 22 12 13 
24 33 18 19 23 20 22 18 26 18 9 25 20 6 6 27 27 17 8 25 9 16 22 18 23 22 14 15 10 14 22 25 30 20 32 21 33 34 17 27 27 26 24 25 31 15 10 17 21 8 
21 39 21 15 22 33 20 25 11 31 27 27 30 4 27 26 22 14 20 23 32 27 12 28 24 20 6 13 21 7 22 21 35 31 21 11 38 31 26 21 33 28 33 31 26 18 21 17 26 23 
22 32 26 13 14 16 9 22 22 23 15 19 36 10 11 20 29 19 25 29 28 15 15 12 11 16 25 5 22 22 24 21 26 40 35 17 17 24 27 34 35 21 18 30 32 15 20 20 25 32 
14 23 22 15 15 31 14 23 34 36 14 26 16 14 34 33 55 14 28 20 29 21 18 4 14 20 17 18 20 16 31 21 29 17 29 39 28 38 33 41 39 11 18 39 6 19 22 21 26 23 
27 23 20 19 19 19 20 20 17 37 18 13 26 15 28 22 31 17 22 23 35 20 11 16 20 22 11 19 20 17 34 29 38 27 21 36 38 33 18 20 13 24 40 39 27 25 18 15 29 24 
16 33 17 15 16 24 15 22 22 22 14 26 20 15 26 31 30 17 25 24 13 19 18 16 21 3 15 21 22 16 24 29 21 8 19 27 29 14 28 9 44 14 28 29 33 21 21 14 24 31 
21 26 23 17 12 19 23 19 31 15 29 23 15 16 10 24 30 15 26 33 35 17 25 17 36 22 16 13 23 9 33 17 26 13 19 17 41 20 28 29 28 20 29 16 25 24 22 17 29 33 
31 15 18 10 23 28 12 22 39 16 29 29 26 9 16 25 27 11 13 24 12 21 37 15 22 13 15 20 21 18 25 24 25 27 17 23 29 37 20 32 26 17 40 10 27 30 14 29 25 31 
31 22 8 19 16 16 20 17 3 20 9 36 28 21 15 18 37 11 25 26 23 20 29 17 29 22 17 15 24 18 9 29 26 13 23 20 33 31 23 30 20 20 26 16 24 27 20 19 14 27 
7 21 19 23 13 27 15 25 26 25 24 21 11 15 14 9 21 17 27 15 37 14 32 15 18 20 13 17 20 13 29 18 37 17 24 22 46 13 28 28 30 24 28 38 20 15 18 27 20 22 
14 19 12 12 13 16 18 15 18 41 16 21 25 16 22 24 25 19 25 14 29 16 24 22 28 18 20 14 19 10 44 16 36 25 29 19 29 31 11 26 30 15 11 21 28 24 29 22 28 8 
43 28 24 16 25 25 20 15 31 31 22 20 23 14 22 22 28 16 16 22 35 18 26 12 22 14 12 25 15 19 27 16 25 31 26 37 21 20 28 15 11 15 19 30 22 14 18 18 30 12 
32 22 17 15 18 13 6 20 26 40 24 28 20 11 15 27 35 13 32 26 32 14 27 13 22 20 17 14 24 14 30 25 16 26 21 18 16 13 12 26 17 19 22 23 11 22 24 25 21 28 
24 34 22 17 23 18 11 23 12 18 17 23 16 10 13 16 35 19 14 26 11 20 29 26 23 11 19 22 29 9 19 24 24 12 21 31 18 34 22 19 18 27 22 28 37 30 18 20 28 27 
32 19 15 16 18 20 14 15 37 24 22 16 16 19 27 21 39 23 12 27 34 30 17 19 21 20 9 11 26 21 12 16 23 27 20 30 34 27 15 22 24 21 32 22 20 11 8 27 23 31 
18 16 8 21 20 30 19 18 25 26 20 17 25 14 18 24 35 18 29 25 32 11 29 17 21 18 12 14 15 20 23 20 30 18 47 32 27 26 21 30 30 20 18 29 16 25 18 25 19 19 
24 19 15 20 29 28 12 29 15 27 28 26 28 14 14 26 29 14 27 19 33 11 17 23 27 13 11 14 21 16 31 25 32 29 47 22 27 18 22 32 6 25 22 21 18 9 19 14 19 26 
32 35 19 16 19 19 11 20 14 37 6 18 26 11 12 17 23 12 23 36 25 26 13 14 23 23 14 20 16 13 18 24 13 35 11 30 16 24 12 27 31 12 21 26 22 19 9 15 26 31 
36 29 16 16 12 19 18 31 28 29 21 17 12 13 10 32 10 10 23 28 37 24 25 17 25 20 15 22 14 15 27 21 45 41 45 20 29 31 26 30 15 19 40 30 33 25 12 32 25 25 
22 19 15 19 12 25 10 16 19 32 25 16 23 17 17 26 26 16 25 28 26 23 22 14 24 18 8 19 13 25 35 27 36 27 30 22 15 34 35 27 25 18 31 26 29 23 19 21 29 37 
34 29 22 17 19 10 18 22 20 27 29 24 32 18 21 17 33 20 24 21 24 19 22 17 18 18 18 18 20 6 32 23 27 18 29 36 38 28 18 23 25 18 20 25 23 29 15 19 20 43 
22 10 15 17 14 29 13 26 22 27 18 25 36 17 15 27 37 16 32 22 29 20 20 13 25 28 11 14 14 18 33 13 26 26 37 24 31 29 26 35 21 17 24 26 23 15 11 21 29 19 
24 36 21 13 17 19 17 23 26 36 19 33 20 14 21 26 27 15 21 23 28 11 28 19 23 15 13 17 27 20 31 28 34 35 31 26 29 37 16 11 19 17 31 28 32 21 21 25 31 30 
14 36 14 18 11 16 18 16 43 25 23 28 30 22 13 17 40 13 24 32 27 21 25 18 25 20 18 6 14 14 22 24 31 16 31 32 38 25 16 10 31 18 21 29 18 17 23 25 27 28 
36 24 17 19 22 23 24 21 27 22 21 24 34 22 22 20 31 12 17 25 32 21 11 17 20 26 15 12 25 20 18 21 28 25 26 12 34 36 30 32 34 22 23 33 21 25 13 27 18 29 
18 25 23 19 18 15 19 14 26 26 16 21 36 11 28 19 29 9 23 19 19 22 26 14 22 18 13 14 16 18 23 24 29 25 25 11 22 18 19 35 33 29 17 32 28 22 18 24 27 38 
25 26 22 24 15 26 18 9 27 29 16 20 35 28 29 27 15 19 21 26 29 21 21 10 11 22 13 25 13 29 20 39 15 28 25 26 35 28 16 24 15 21 33 25 28 27 19 24 16 32 
20 26 20 14 18 27 20 20 35 33 27 15 15 16 17 28 30 20 28 36 30 22 25 21 15 22 5 22 27 11 28 22 37 17 23 28 12 10 26 25 45 21 27 33 33 22 16 16 28 11 
41 15 19 17 12 27 27 31 30 30 17 20 20 16 22 31 26 5 19 24 30 12 30 22 30 17 14 21 19 21 14 20 29 21 23 19 56 30 29 31 19 21 24 31 25 28 14 26 25 8 
26 25 15 10 15 32 12 30 28 46 19 28 26 15 24 24 9 15 37 28 28 12 19 17 17 22 19 15 10 26 20 27 23 21 24 21 17 38 24 23 17 15 20 24 43 25 30 25 15 34 
25 26 20 15 19 36 13 21 24 22 12 34 26 15 23 23 13 15 14 20 32 10 19 10 34 17 22 19 17 17 16 25 45 21 27 24 16 20 17 27 22 32 21 46 30 20 22 23 25 40 
31 22 7 9 17 19 14 30 30 34 21 9 22 19 22 15 25 17 14 17 35 12 31 15 37 16 11 17 23 17 26 25 17 7 37 33 30 35 29 26 23 19 25 33 24 27 8 22 11 40 
34 27 25 12 15 15 14 34 19 29 20 12 29 19 16 25 25 16 18 27 25 20 24 18 19 23 17 22 16 13 28 28 29 14 31 34 24 30 38 21 26 23 31 23 6 12 8 23 40 18 
23 38 22 18 14 22 17 23 17 22 24 22 21 9 22 20 27 18 28 26 17 21 28 12 31 18 21 21 19 19 24 23 22 28 22 36 13 32 31 31 16 20 24 25 27 15 17 13 27 44 
19 20 14 19 25 13 16 18 38 34 22 32 29 13 23 32 31 9 22 21 25 19 24 20 29 16 12 9 23 19 49 28 37 30 28 22 39 35 39 34 38 21 18 24 24 23 19 13 24 45 
24 28 14 10 18 19 21 28 5 35 21 23 29 14 14 23 16 18 13 19 37 11 22 16 12 18 19 21 16 25 40 28 33 20 34 20 7 31 31 32 27 17 22 30 26 16 7 21 25 37 
27 16 24 12 20 22 12 25 29 26 20 16 21 16 23 20 35 16 34 22 43 25 16 17 24 23 23 14 29 18 25 30 34 14 35 38 23 21 7 21 12 20 25 21 15 18 14 11 31 40 
26 24 20 16 20 29 15 23 31 43 18 33 11 19 22 27 20 10 25 26 37 17 22 17 14 16 25 5 10 22 25 29 47 28 27 26 15 23 25 22 22 16 24 25 30 28 12 23 27 31 
26 40 32 16 18 20 19 21 15 21 11 14 9 17 22 25 18 16 24 16 22 12 30 25 19 20 13 19 18 18 28 10 24 20 31 24 36 12 22 46 42 18 6 37 33 26 18 19 23 22 
23 32 11 19 23 27 16 15 29 33 12 27 26 19 26 25 27 20 15 25 27 8 20 20 30 18 24 16 22 15 26 22 29 39 17 35 22 20 17 31 21 17 15 24 41 22 14 22 22 34 
33 35 14 14 20 21 13 19 25 37 27 16 20 18 16 22 26 17 21 17 32 14 21 17 30 20 9 22 6 21 27 22 43 26 35 24 37 18 21 29 17 16 22 28 39 24 23 13 29 23 
35 19 24 14 16 17 10 25 33 26 20 29 9 24 17 22 25 17 17 24 11 11 22 16 36 25 13 18 24 20 19 29 32 29 14 18 31 16 23 15 34 13 29 19 22 25 14 22 33 23 
33 34 16 18 17 33 22 17 29 29 16 12 20 23 22 25 39 11 26 25 43 9 20 14 20 25 18 24 15 20 27 34 19 21 39 15 24 22 37 32 16 21 23 33 32 25 17 18 22 35 
12 29 18 14 17 19 18 12 29 32 21 25 24 10 11 21 42 18 22 29 27 17 21 19 31 23 10 10 23 5 21 31 41 40 26 23 20 23 30 36 50 16 21 18 24 24 18 27 14 26 
26 23 9 9 15 29 15 31 25 37 30 29 15 20 17 21 29 16 21 23 26 20 32 8 31 18 17 21 25 10 27 34 45 29 19 15 34 28 31 47 17 15 29 32 31 23 16 22 18 41 
25 23 28 14 21 30 13 23 26 28 16 20 19 11 22 20 25 16 29 24 26 23 20 24 30 21 20 4 22 17 24 22 36 30 41 26 25 27 17 33 31 19 33 25 29 30 24 29 33 18 
13 24 14 17 29 23 19 35 27 35 31 19 23 22 16 25 30 23 20 27 27 23 26 14 25 18 14 20 19 22 25 22 27 43 37 17 39 33 19 24 33 19 19 22 20 34 13 22 34 49 
30 21 16 16 6 14 14 19 26 15 19 26 26 20 21 24 24 8 12 32 32 17 22 18 31 19 16 15 15 19 26 20 23 26 27 37 22 34 35 32 24 15 25 24 24 20 19 32 28 16 
22 34 16 13 20 24 18 14 31 39 24 33 26 19 25 31 23 23 25 19 28 16 27 10 35 19 20 17 23 14 27 17 35 36 33 28 20 18 19 35 30 25 40 19 22 11 18 25 27 25 
46 27 15 18 20 12 15 18 32 33 17 30 27 22 26 19 12 16 20 23 21 18 18 22 22 16 14 24 16 16 21 24 31 24 25 32 44 33 22 35 23 13 15 5 12 23 18 21 21 30 
16 43 19 13 25 29 17 18 26 33 15 23 27 12 14 32 27 12 19 23 29 16 11 29 36 15 14 25 21 22 24 24 30 29 25 30 21 18 19 15 20 24 20 23 18 25 27 23 20 33 
24 20 21 19 26 10 18 29 28 28 20 26 22 17 11 26 32 12 31 21 38 20 26 21 28 25 15 29 16 11 24 27 35 17 35 34 37 32 24 25 33 17 32 37 36 13 19 24 28 27 
32 26 21 21 17 31 19 20 30 39 16 15 23 17 21 16 36 25 24 27 41 14 19 13 31 16 23 15 26 22 36 25 31 27 39 35 18 35 22 31 32 23 36 19 24 28 21 11 15 38 
31 15 21 24 10 27 20 23 18 35 17 22 32 20 21 9 30 17 16 24 28 22 18 7 28 18 11 15 14 17 30 15 21 20 35 29 23 37 23 31 20 10 29 20 35 19 17 16 18 30 
28 38 14 18 14 29 21 14 28 15 24 23 21 19 15 22 25 18 18 28 20 22 12 25 19 24 20 25 9 10 33 16 30 24 34 36 34 30 19 26 18 18 24 29 12 33 25 25 31 19 
35 25 15 16 6 18 18 21 25 33 17 27 32 16 21 21 28 21 21 27 27 19 25 19 34 18 9 16 16 10 36 22 27 15 23 29 28 24 27 12 36 18 20 40 30 16 23 27 27 34 
41 22 16 7 17 34 15 24 24 40 12 31 32 17 20 29 24 18 18 23 38 13 25 15 11 17 21 26 22 15 29 22 31 24 18 25 33 40 18 32 20 8 22 38 15 17 21 27 14 23 
31 28 19 18 19 20 14 19 24 31 15 22 21 17 20 26 35 18 27 22 15 23 23 17 24 14 14 5 6 10 20 23 32 34 19 21 12 27 18 31 22 20 14 26 23 22 18 26 15 28 
28 14 18 11 12 30 13 27 30 27 12 17 24 19 20 21 24 13 23 34 42 14 28 13 28 21 17 21 12 19 18 31 15 23 21 29 31 42 28 16 11 15 15 17 7 11 23 37 18 39 
40 37 22 19 18 15 21 20 22 49 25 10 7 13 16 24 30 16 25 27 6 21 32 22 18 20 18 16 24 13 38 26 25 26 22 28 23 22 10 8 28 27 28 28 29 23 20 16 24 29 
35 17 27 18 18 20 17 17 31 35 17 22 22 13 13 21 29 16 17 16 29 26 19 21 28 24 15 20 21 23 29 22 22 20 26 34 35 36 15 26 35 23 23 47 21 24 23 25 21 22 
20 22 27 9 25 22 11 28 39 23 16 21 20 12 22 22 16 15 26 24 32 20 20 25 23 21 16 15 20 20 24 22 28 37 24 33 23 26 17 41 28 20 32 27 31 25 14 19 24 27 
23 19 25 18 20 32 9 20 13 18 20 20 27 19 27 20 29 17 17 22 39 18 24 22 16 26 15 17 20 23 24 25 27 27 26 36 25 41 41 29 27 21 29 29 25 28 25 19 18 21 
17 21 25 11 19 22 17 19 24 33 18 10 23 12 27 19 31 18 23 20 26 23 19 13 32 17 11 16 26 15 48 13 34 33 29 27 39 29 20 20 20 24 30 29 27 30 18 24 9 38 
29 29 20 14 20 25 16 25 31 29 21 19 35 16 17 17 30 21 19 27 27 12 30 19 33 8 21 16 23 23 27 27 31 32 28 19 28 30 29 9 31 19 22 27 30 28 16 18 31 28 
26 33 18 24 19 28 10 33 29 17 20 23 25 19 26 24 49 10 29 26 41 17 29 13 33 13 15 24 17 16 26 20 23 9 38 30 20 33 22 44 20 26 16 23 18 18 17 13 25 32 
35 24 12 15 15 22 23 24 19 26 15 33 31 8 20 12 32 12 29 24 36 23 18 11 20 8 18 21 16 20 27 24 17 18 30 35 27 21 31 24 32 20 28 24 29 25 23 27 19 30 
32 27 15 17 18 27 20 16 23 24 13 24 22 14 18 23 28 16 23 26 24 12 26 23 20 16 11 17 16 22 21 18 29 30 26 26 27 22 27 33 40 13 9 45 37 20 16 11 21 23 
39 19 9 23 20 25 15 15 29 14 14 17 28 18 23 17 24 13 10 18 36 20 27 15 20 27 15 11 17 18 12 21 30 26 40 39 14 25 28 14 13 17 27 27 42 24 19 16 30 33 
35 37 20 13 24 24 17 32 29 28 12 26 25 26 24 18 34 8 24 25 27 16 28 18 25 25 12 26 21 17 32 18 33 34 13 24 17 27 8 26 29 6 32 13 20 23 24 27 19 39 
30 41 14 21 19 23 22 21 26 35 19 27 24 14 29 21 41 14 25 30 41 16 26 14 27 18 13 9 21 8 25 29 25 23 25 33 35 10 28 22 20 15 22 28 20 31 12 24 26 18 
48 26 17 9 15 26 20 22 23 43 18 23 21 19 25 23 19 14 14 26 34 13 24 8 23 24 16 14 24 21 22 24 50 27 13 34 23 32 22 16 30 19 29 24 16 32 13 11 11 30 
40 26 15 24 24 16 13 17 30 38 22 23 30 24 25 35 23 8 26 22 23 29 25 19 32 18 18 22 24 20 26 23 38 20 28 39 17 25 12 25 25 13 22 50 29 14 25 23 17 26 
25 19 16 14 20 19 15 21 24 26 16 22 17 13 24 25 30 19 22 24 30 12 23 23 27 11 11 16 17 15 23 21 32 25 20 32 25 36 15 20 19 12 22 23 31 28 14 28 29 26 
9 22 18 21 17 33 12 20 28 37 19 36 19 18 13 32 14 15 14 27 22 13 7 17 17 10 23 12 16 20 30 27 36 26 35 21 27 9 24 40 23 25 21 25 32 18 8 32 28 34 
30 15 22 22 25 11 12 26 15 32 25 12 19 13 25 24 14 14 20 31 28 9 13 21 31 20 10 17 27 11 32 28 34 26 18 17 29 27 16 36 34 13 23 42 46 24 19 31 23 26 
29 31 16 12 11 12 20 23 25 37 17 22 18 19 18 20 28 16 20 18 45 19 20 18 27 19 21 17 21 15 17 16 32 20 4 27 32 33 18 26 35 10 28 28 28 31 12 18 19 34 
17 28 29 17 19 23 14 13 24 21 22 31 29 21 16 20 22 17 15 26 32 21 32 23 31 21 14 13 23 21 23 19 29 15 28 14 17 20 20 19 36 17 23 37 39 26 19 29 30 38 
26 32 17 22 26 31 21 16 20 28 7 22 22 16 17 25 30 14 22 24 27 22 23 20 11 24 14 24 17 16 3 19 20 25 26 21 11 26 23 33 15 20 19 32 16 20 25 22 30 21 
11 28 20 20 6 17 15 15 14 21 11 19 20 19 20 17 28 20 19 34 26 21 16 24 32 19 16 17 28 21 30 25 29 10 17 24 26 16 19 22 16 20 28 26 28 18 14 20 26 40 
32 30 17 21 19 40 19 23 24 34 19 19 13 12 12 19 11 24 19 17 21 34 30 20 25 13 23 13 15 22 21 8 33 39 23 30 22 33 23 39 40 20 15 43 18 28 24 21 33 29 
21 24 10 16 10 16 14 11 26 28 12 17 24 18 8 29 29 14 14 26 41 19 25 21 29 13 15 21 18 14 20 28 34 11 29 38 29 31 27 11 21 17 28 32 10 22 18 16 24 21 
25 25 25 20 19 23 17 21 15 28 14 16 20 16 19 20 43 16 23 18 24 10 24 16 22 18 17 7 24 18 20 26 27 18 28 31 14 18 22 33 31 16 14 28 25 25 13 19 26 36 
47 26 16 19 20 27 18 19 27 24 6 16 24 18 19 29 23 11 27 38 34 22 25 13 33 25 16 19 27 19 21 21 16 29 11 15 19 26 11 30 20 17 27 30 18 19 15 17 19 41 
21 29 13 19 19 12 15 13 29 26 20 27 16 10 21 31 37 13 19 25 28 14 21 21 11 15 23 8 25 15 30 28 29 13 22 19 37 6 16 30 26 6 32 25 27 22 20 17 32 35 
32 27 14 17 27 24 21 27 31 35 23 10 22 15 22 24 22 13 27 14 35 23 31 26 27 16 14 18 11 18 26 25 23 27 25 30 12 28 24 39 13 25 34 22 23 20 16 19 22 18 
18 26 12 13 16 20 15 23 29 32 27 26 27 2 23 22 9 23 26 28 23 25 26 16 22 19 15 18 21 18 24 26 34 30 27 32 22 38 17 34 18 27 20 37 33 28 13 28 27 29 
28 27 9 13 13 19 14 16 28 36 19 26 26 13 22 25 32 10 27 17 15 26 25 24 23 16 18 25 22 14 18 33 23 11 28 30 44 33 22 29 25 21 16 24 30 19 16 18 21 43 
33 13 21 18 18 34 17 19 27 40 9 24 37 16 14 22 27 13 25 24 44 18 27 9 31 12 11 16 25 18 36 17 33 27 31 23 27 36 19 12 29 14 7 27 28 24 18 23 19 17 
26 38 17 18 2 19 21 19 25 17 21 19 9 22 18 21 35 15 24 25 21 23 18 24 22 28 13 14 18 18 23 26 34 22 33 35 30 26 22 26 29 8 28 23 34 24 28 21 14 18 
24 36 16 17 16 11 17 21 34 38 19 22 28 16 19 22 37 13 14 17 43 11 15 17 26 19 18 16 19 12 33 33 29 26 35 27 40 19 16 21 34 8 28 18 38 22 18 27 21 21 
34 34 24 9 13 31 14 23 27 7 20 24 18 16 18 22 29 13 22 28 30 18 22 16 25 22 15 16 24 15 18 20 32 29 25 34 25 46 23 29 31 27 25 30 24 17 18 15 9 38 
35 35 14 20 17 27 18 19 29 22 19 22 26 12 25 18 32 17 15 31 29 20 27 17 28 21 15 15 23 16 36 14 25 26 36 34 30 47 24 32 31 14 24 35 28 11 19 14 26 38 
25 5 31 20 16 23 17 17 40 35 24 17 18 10 16 12 29 14 23 39 29 24 21 7 21 9 15 17 27 12 27 41 27 17 29 40 40 31 31 33 24 21 22 38 11 24 21 29 23 49 
28 31 26 9 8 19 16 22 35 31 21 20 27 20 22 27 30 8 19 22 22 19 30 8 15 20 16 13 21 14 30 32 18 26 11 40 35 25 14 49 24 16 23 33 25 35 18 14 15 31 
31 33 19 21 9 34 23 18 17 20 20 19 17 18 17 18 29 15 29 30 30 13 26 14 28 17 17 21 21 13 23 27 19 14 16 18 37 31 25 33 37 26 27 20 20 27 17 19 30 27 
16 29 26 10 34 24 16 14 27 44 21 26 31 22 13 33 21 29 31 27 23 13 26 15 23 20 18 28 18 16 31 29 35 12 22 13 41 27 22 12 28 17 28 22 31 31 18 15 14 26 
23 30 19 13 10 29 15 16 36 29 18 28 34 17 22 30 34 20 23 26 28 19 19 11 30 12 17 23 12 14 31 15 20 26 28 22 33 43 16 31 30 16 35 29 27 26 10 20 20 34 
25 29 16 21 19 20 20 23 35 24 26 23 17 21 17 27 17 19 21 25 25 17 20 14 27 11 17 18 21 10 33 19 37 32 19 29 43 21 27 22 30 15 32 30 26 21 17 32 21 16 
19 27 25 13 22 21 22 19 23 25 14 27 28 13 14 22 22 19 18 33 28 17 26 16 26 17 7 13 22 20 19 21 31 26 33 22 34 26 7 29 28 16 24 34 27 21 18 6 28 20 
24 22 17 16 22 19 14 25 24 44 16 26 15 16 23 20 21 17 23 8 21 23 29 21 30 13 20 20 13 7 28 31 11 23 20 16 21 18 27 27 27 19 16 33 19 18 19 30 27 34 
40 39 12 13 23 25 19 22 28 38 14 27 22 11 10 20 30 13 29 13 16 22 27 12 33 19 17 18 14 33 15 21 23 23 35 21 22 26 22 27 19 24 26 15 22 22 16 28 15 14 
35 27 26 9 7 21 12 27 29 35 17 21 32 19 19 27 29 12 8 15 35 15 13 15 28 13 10 11 17 16 23 12 32 26 28 25 29 33 29 21 27 15 33 18 23 19 15 10 19 37 
15 29 15 13 18 23 6 15 17 31 19 28 16 18 25 31 19 19 28 26 32 22 22 12 23 18 15 19 18 26 36 28 17 28 33 45 37 18 21 27 33 25 39 28 20 20 31 28 25 32 
16 29 17 8 18 25 17 16 27 28 21 21 25 20 22 30 26 17 19 22 14 22 34 19 27 9 12 23 14 26 16 28 26 29 17 24 22 37 27 31 32 7 41 20 27 16 22 13 22 13 
32 28 21 17 16 23 19 30 21 29 20 18 26 21 12 19 38 12 19 15 20 22 17 15 22 19 14 20 22 20 29 22 32 20 33 23 36 32 21 29 42 20 24 37 35 10 13 16 20 24 
22 41 15 20 28 24 6 13 34 23 19 13 36 23 18 25 29 20 17 19 23 20 30 14 29 19 17 19 17 17 38 15 40 21 25 17 29 52 15 24 24 25 22 31 19 19 22 25 25 35 
29 12 19 15 19 28 15 27 28 33 18 27 17 13 24 19 37 18 35 19 39 19 33 15 23 22 15 10 22 28 30 13 19 18 25 33 37 28 22 26 39 22 21 29 23 11 23 28 21 30 
20 37 19 18 21 23 14 17 25 22 19 24 27 21 21 17 30 18 19 15 44 29 26 9 24 14 12 15 26 18 31 17 35 22 25 30 27 36 26 31 26 25 15 22 22 32 24 6 25 26 
11 17 20 13 21 21 9 22 34 35 15 22 27 12 7 18 33 18 16 20 29 9 26 22 27 15 19 10 22 23 31 24 18 26 25 32 37 20 23 21 16 24 27 50 26 24 8 10 25 26 
28 18 14 14 20 30 18 30 37 25 25 28 14 14 19 20 32 18 28 14 28 22 15 22 18 9 12 22 21 15 32 31 33 20 31 27 24 26 20 23 13 9 18 41 7 20 17 22 14 38 
9 27 15 15 13 30 23 22 14 14 17 21 23 10 8 25 34 22 12 26 35 21 23 17 14 23 17 22 28 8 33 22 28 23 29 30 24 29 25 21 31 17 25 33 24 18 25 26 18 19 
29 34 16 20 18 17 12 25 27 42 14 29 29 23 5 25 44 15 22 21 18 12 15 24 10 9 17 19 24 12 27 16 40 26 14 37 29 35 25 27 34 23 30 28 19 21 18 25 17 22 
36 20 19 22 17 27 14 27 28 32 22 31 24 26 19 21 36 27 32 21 8 23 23 7 20 16 16 19 16 18 21 30 20 23 21 27 19 37 17 18 12 18 21 32 30 15 21 27 34 34 
35 19 16 21 14 30 19 23 36 46 14 16 22 21 21 28 13 15 22 25 14 18 18 18 19 23 22 21 13 20 27 19 31 21 31 16 36 27 16 17 36 16 13 28 29 22 25 22 19 27 
37 29 24 10 23 23 20 25 29 33 15 14 12 17 15 19 16 14 26 23 41 18 13 18 18 15 14 19 20 16 16 22 35 26 19 23 28 40 16 25 33 16 29 31 15 28 19 11 14 29 
25 35 19 12 16 9 18 19 26 22 16 28 19 10 21 28 23 21 7 21 24 17 20 14 24 14 11 12 20 11 17 24 37 25 30 25 26 32 17 10 20 5 19 21 21 30 17 20 29 39 
32 33 23 15 11 15 19 13 29 44 17 12 24 10 19 14 42 15 6 20 24 17 10 10 23 14 12 15 20 16 28 25 28 25 32 37 32 28 26 24 24 18 18 22 22 26 21 9 23 41 
32 25 12 19 13 20 16 28 15 18 16 29 29 20 11 27 45 10 17 35 27 14 25 16 26 32 13 6 18 16 30 29 29 17 22 34 43 31 21 32 31 18 30 21 16 23 17 15 24 31 
27 22 21 14 13 24 13 10 24 40 14 29 23 15 16 20 32 22 28 33 16 7 24 15 15 16 13 13 18 15 30 10 39 12 8 20 26 23 19 44 53 26 17 35 26 24 23 28 25 31 
26 16 23 12 20 14 21 25 22 30 14 32 16 13 17 16 29 21 25 24 36 28 14 24 22 10 12 15 23 17 23 37 32 28 25 32 17 35 38 22 24 14 39 23 32 30 15 22 22 33 
22 30 21 15 27 23 9 14 20 24 16 23 21 14 28 17 34 13 23 27 6 17 31 17 21 12 12 16 30 6 26 21 33 30 31 32 16 30 11 35 20 21 39 27 8 21 11 13 23 26 
25 35 13 12 19 18 12 21 25 24 23 26 29 14 25 25 21 17 27 12 37 27 29 16 27 26 15 21 18 12 35 24 31 23 36 35 33 39 21 27 19 14 36 25 37 19 33 11 34 41 
33 39 17 16 13 34 14 21 23 33 28 24 28 19 21 21 36 9 18 20 39 21 28 22 29 20 18 22 16 10 26 26 48 28 38 30 30 24 28 27 29 26 38 28 21 18 20 16 13 29 
25 11 27 19 12 23 20 31 38 26 16 23 30 17 17 31 28 11 27 24 25 16 17 16 21 15 13 17 11 20 32 19 36 29 29 24 30 34 32 20 24 28 34 30 21 30 16 14 24 15 
34 27 20 10 11 19 15 13 16 28 21 24 23 9 25 22 25 17 29 28 32 13 22 23 24 14 14 11 16 22 16 18 29 20 17 37 19 20 23 35 36 17 19 43 31 20 12 24 31 29 
36 26 13 8 17 15 18 23 26 26 12 16 26 13 26 24 24 22 22 22 30 14 32 11 22 14 26 14 22 11 26 18 27 28 30 34 27 26 25 16 39 8 18 32 23 19 15 14 26 11 
36 20 21 18 19 33 11 19 37 37 13 20 22 22 20 14 24 17 16 32 23 22 32 23 22 6 17 11 17 13 30 20 24 20 24 33 30 15 24 31 35 20 19 27 26 13 14 22 20 26 
9 27 32 15 19 20 15 29 28 32 14 13 13 13 14 24 29 23 28 15 22 20 15 17 25 26 17 18 17 18 29 20 32 27 28 20 36 30 25 20 20 10 26 24 16 27 10 13 18 20 
22 12 20 18 18 29 12 22 25 38 24 26 21 16 29 19 18 21 23 25 17 11 16 13 30 15 26 16 15 20 18 30 30 20 41 26 21 22 20 39 25 20 23 35 20 33 22 24 12 36 
34 35 19 21 12 23 15 30 28 22 20 20 12 16 16 24 44 13 25 17 41 11 28 29 25 14 16 16 24 11 24 29 40 29 32 33 32 23 25 26 35 17 29 21 29 21 17 18 22 13 
23 33 26 15 6 22 22 30 24 34 17 21 30 18 17 23 29 12 23 25 39 10 15 13 23 12 17 25 16 30 34 27 45 26 35 25 28 45 22 30 17 23 24 23 31 17 24 20 27 28 
23 31 10 8 11 21 16 17 22 32 13 27 33 12 12 34 29 14 22 26 34 26 27 16 28 20 18 14 24 16 32 27 32 30 21 22 31 33 27 36 22 15 30 29 24 29 24 8 23 24 
9 17 22 9 2 26 12 29 28 40 18 22 33 20 22 21 37 15 12 18 23 9 31 11 25 11 16 19 13 21 25 19 27 33 38 33 33 27 32 27 33 23 20 33 29 30 29 21 21 19 
12 28 14 15 16 24 16 27 40 31 19 27 29 18 21 25 29 18 26 23 26 19 20 10 30 26 12 16 19 20 31 29 32 13 34 27 27 34 27 31 27 23 37 43 33 27 17 23 19 21 
28 34 16 19 22 19 22 11 22 28 26 14 38 18 26 11 41 18 20 20 44 14 23 15 24 18 16 17 18 16 38 22 21 22 21 28 26 23 17 37 43 21 26 24 32 17 24 26 26 43 
21 22 19 24 10 26 15 28 26 23 10 21 17 21 17 29 21 14 22 25 37 28 26 22 27 28 17 25 15 25 15 19 28 18 20 22 32 19 27 45 16 24 21 27 22 21 15 21 25 35 
22 26 19 16 26 30 19 25 20 27 21 20 30 16 18 23 32 13 5 24 32 16 18 22 25 17 17 12 22 17 27 31 28 24 22 45 19 24 22 28 38 16 30 40 20 23 10 21 24 29 
21 37 27 12 22 13 21 28 31 34 27 29 34 12 23 23 47 13 23 15 25 27 24 17 33 24 21 16 22 17 21 23 49 28 35 21 32 41 24 23 10 14 20 38 22 30 15 23 29 27 
28 22 16 19 24 25 17 34 20 19 21 25 10 14 16 30 29 18 27 23 14 14 20 18 35 22 6 18 19 4 30 23 33 29 30 47 23 33 20 25 32 23 26 32 7 24 13 15 22 9 
18 41 14 14 18 19 12 12 23 15 19 19 27 12 20 26 21 21 27 18 36 18 31 15 20 18 22 21 8 18 29 21 24 20 29 36 13 29 14 30 28 21 35 17 25 28 16 29 23 36 
17 19 11 21 16 30 11 10 40 36 24 31 23 10 10 27 26 12 23 27 26 12 22 10 19 20 16 16 20 19 21 19 30 32 40 36 25 23 22 33 11 14 21 29 26 23 23 18 29 42 
23 28 23 17 14 22 10 22 22 40 14 18 26 18 21 32 42 16 25 28 22 12 21 15 19 21 13 28 14 15 21 19 27 30 30 7 43 35 17 24 35 14 32 19 21 37 24 28 21 25 
41 43 16 10 26 17 21 13 17 21 15 9 26 21 18 29 32 9 18 29 36 19 13 13 24 23 21 9 26 16 27 14 38 24 22 30 38 37 21 35 31 20 25 33 24 28 17 19 17 21 
25 15 11 16 16 30 11 19 22 27 18 27 33 19 14 31 15 13 24 19 13 21 30 21 19 26 18 16 19 16 27 11 35 20 14 28 17 14 23 19 21 17 23 31 24 12 26 6 35 25 
31 41 11 13 15 22 18 11 24 47 20 21 29 18 21 23 27 18 23 30 26 21 19 13 32 7 11 13 19 10 24 27 41 23 28 30 30 41 20 37 32 17 21 22 24 17 10 14 31 37 
24 32 15 22 11 30 11 16 21 18 23 27 17 14 15 21 30 31 20 24 24 26 30 15 14 17 13 23 16 17 26 27 16 17 25 34 14 29 22 29 32 19 20 36 19 28 20 18 17 32 
37 20 7 17 12 12 20 27 26 22 17 17 24 22 21 14 37 18 24 21 23 17 28 20 28 20 15 9 18 23 11 19 30 22 24 24 11 24 22 30 33 7 32 21 37 26 21 22 14 20 
23 24 16 17 11 20 15 28 37 21 23 21 29 16 20 21 28 13 22 19 32 24 26 16 32 25 13 14 26 16 22 16 23 24 30 26 22 9 12 31 27 13 33 39 16 17 9 21 36 34 
32 35 17 17 13 25 11 24 28 31 15 23 22 19 17 22 20 28 16 34 21 19 20 24 33 17 18 12 21 22 22 32 21 28 7 32 35 39 15 28 22 32 27 25 27 23 11 31 32 27 
25 29 19 18 17 23 10 24 18 34 22 13 27 8 23 29 33 14 11 27 34 26 18 16 31 20 10 15 18 32 28 21 22 19 19 13 10 37 17 23 53 27 26 21 14 30 18 21 32 35 
23 21 12 19 20 29 12 9 29 7 12 21 22 14 26 32 36 15 32 26 25 21 27 8 24 20 14 15 23 18 27 23 24 16 28 18 31 26 23 17 27 24 19 15 15 22 16 19 12 34 
23 23 22 15 12 19 16 29 29 23 27 24 20 19 21 21 39 17 16 16 30 28 17 10 26 10 19 22 18 20 14 20 35 24 31 25 12 36 32 27 26 15 21 29 29 27 20 24 28 29 
34 26 11 18 17 23 19 30 31 40 19 23 27 17 15 24 17 16 21 18 34 17 25 20 24 18 13 6 19 9 14 24 34 7 24 15 24 39 23 25 25 13 29 26 30 21 15 34 24 24 
24 29 23 17 21 12 16 20 28 23 15 26 26 18 20 22 39 23 28 23 17 30 26 14 26 14 13 16 17 22 20 24 25 12 17 18 38 29 23 29 32 37 28 18 31 29 13 13 21 36 
23 26 11 14 18 22 18 22 35 34 24 22 26 16 23 24 25 13 30 22 14 12 28 13 34 20 10 21 18 19 27 12 34 21 50 29 39 29 9 38 14 23 23 23 27 22 24 20 22 32 
10 33 20 14 8 15 14 24 30 35 29 24 25 15 25 8 24 18 31 15 31 25 21 18 28 20 18 16 21 20 25 24 27 31 25 20 26 35 25 23 22 14 18 21 31 20 16 17 9 23 
21 24 16 23 11 27 13 16 34 51 20 12 27 15 18 11 21 16 26 24 35 22 21 13 21 11 14 14 22 10 16 20 42 19 44 19 43 35 18 26 15 22 28 32 24 17 27 27 28 34 
22 34 24 15 20 22 18 11 25 39 23 21 19 13 17 25 34 8 22 16 32 17 27 14 26 13 11 17 18 19 17 22 34 30 35 13 28 29 22 23 28 15 12 25 22 23 25 14 17 11 
35 15 22 14 16 18 16 33 27 24 17 25 17 19 25 34 31 17 9 33 34 23 16 19 24 14 7 11 18 19 29 28 16 15 17 29 44 23 19 20 34 16 14 22 24 29 17 23 29 22 
39 22 16 16 17 25 13 25 39 26 15 14 16 20 10 26 27 17 22 26 44 19 23 24 16 15 18 25 13 21 21 24 15 28 35 29 37 36 17 10 27 24 30 26 16 12 20 23 23 34 
28 22 21 10 16 22 17 24 30 19 19 25 11 7 29 20 31 21 20 30 29 13 26 17 24 14 17 15 19 15 29 29 18 34 30 26 35 21 18 20 46 20 24 13 20 21 16 25 15 22 
37 21 21 15 12 23 13 29 37 29 28 17 19 19 14 17 26 16 26 14 25 9 9 16 24 17 14 20 22 21 23 33 27 27 38 27 26 13 27 30 21 21 26 30 39 20 11 17 26 29 
33 7 20 16 17 25 20 10 32 19 7 23 32 11 26 23 45 17 25 29 17 20 23 22 27 12 19 13 18 12 23 20 29 19 13 34 32 27 31 26 13 9 30 28 19 26 15 18 31 29 
26 32 28 15 18 18 17 7 23 23 22 18 30 16 16 16 49 14 26 29 13 21 20 18 31 19 18 19 20 19 34 27 42 13 36 37 32 32 12 36 13 14 27 23 28 28 15 29 15 42 
19 12 17 20 21 7 12 25 19 27 21 24 32 14 7 23 11 17 12 21 22 15 23 17 27 19 16 18 23 21 40 27 17 21 26 30 19 23 32 40 39 21 24 18 21 17 7 18 23 57 
5 34 18 14 13 30 18 13 36 41 15 18 10 11 20 15 37 14 21 23 34 24 37 13 19 18 18 30 12 20 29 18 30 33 29 27 46 30 26 29 24 21 29 29 26 22 14 34 28 22 
41 34 12 17 17 33 13 21 20 31 19 17 25 24 10 28 34 16 19 29 24 23 12 14 21 15 12 11 18 21 29 24 35 34 24 32 33 27 29 29 40 24 25 14 22 19 20 12 26 31 
32 17 18 20 24 26 18 19 27 4 23 23 11 8 23 19 23 19 20 21 30 16 14 17 18 20 16 10 13 12 41 30 24 18 33 28 30 25 13 39 38 25 29 28 31 28 22 12 27 28 
33 32 22 17 13 30 15 8 23 39 21 19 26 17 20 17 34 6 19 18 28 17 35 19 27 7 14 17 22 14 20 25 41 25 33 13 42 35 32 22 30 16 22 28 30 35 22 7 22 38 
44 12 23 15 18 17 14 12 25 35 22 20 25 15 21 19 39 17 32 20 14 23 34 22 19 25 8 15 28 25 28 17 10 30 27 25 36 30 30 33 26 15 27 26 26 15 17 23 18 36 
22 38 17 14 15 23 11 21 30 31 21 23 30 8 31 20 31 20 19 19 11 16 11 7 33 21 18 16 17 12 25 29 33 25 25 11 27 21 15 20 30 24 23 26 24 22 24 23 19 28 
22 42 16 17 16 30 12 25 15 33 17 28 33 16 10 23 24 18 28 25 28 12 17 11 25 8 11 14 20 19 33 18 25 30 24 22 41 19 21 19 24 24 22 29 28 27 24 16 16 26 
28 36 16 15 21 26 17 22 36 19 25 32 11 13 23 18 26 20 17 18 31 23 27 28 14 17 16 16 25 20 29 36 32 14 30 35 16 21 28 30 29 18 25 26 26 18 17 21 20 16 
18 20 23 12 22 22 20 31 23 27 20 25 21 19 22 17 29 12 19 9 32 29 21 18 20 13 17 11 24 21 35 24 39 43 40 35 54 28 19 26 29 6 17 32 34 20 13 12 26 30 
42 35 15 12 16 10 19 16 13 39 25 28 22 15 16 26 14 18 19 28 32 19 21 18 26 18 8 22 21 17 21 14 34 27 15 27 17 31 30 22 19 17 25 22 22 30 16 14 24 36 
26 23 23 12 10 29 16 29 31 29 16 29 14 17 8 26 21 18 15 19 17 15 19 13 28 17 17 17 22 20 24 23 29 34 32 32 20 36 25 23 39 20 22 20 35 21 27 18 25 38 
25 38 12 18 18 15 12 22 32 26 15 16 20 14 23 19 30 9 14 22 33 17 18 8 21 12 14 16 18 15 30 14 30 26 36 23 25 25 23 33 23 22 24 45 27 21 22 23 26 31 
33 29 23 14 23 23 13 29 34 33 20 38 16 12 18 23 41 17 16 17 27 12 25 21 33 13 18 17 19 13 22 15 31 26 30 21 35 54 23 24 25 15 31 32 20 18 11 21 29 33 
24 38 10 21 20 33 10 22 28 29 19 31 18 16 9 24 21 16 9 13 39 27 19 15 29 23 17 23 20 13 20 27 22 26 10 9 50 41 19 36 39 22 22 40 40 24 18 23 25 21 
23 34 17 14 20 25 11 5 28 20 20 28 30 17 20 21 30 12 20 24 36 24 15 17 29 33 16 14 20 10 36 21 26 25 21 26 25 20 24 32 28 21 18 43 29 17 12 15 19 33 
21 27 13 14 9 12 23 36 19 17 15 24 26 17 20 16 38 10 13 24 40 17 22 22 13 17 15 15 10 5 32 24 23 4 25 25 25 34 15 22 30 18 29 25 26 21 14 16 25 16 
18 24 16 16 23 14 21 29 20 42 15 29 34 23 14 33 35 19 27 18 42 17 17 11 17 9 11 22 13 16 19 31 24 28 40 33 25 27 33 32 20 19 29 23 21 26 20 13 31 18 
21 36 21 16 22 25 15 20 34 41 23 24 34 12 20 21 36 9 9 27 27 24 21 16 21 22 19 17 23 25 23 24 37 43 48 25 25 29 22 37 34 26 15 28 29 20 10 19 14 15 
33 22 21 21 25 19 13 24 24 25 29 19 25 14 22 25 33 14 23 21 22 15 34 17 19 17 15 16 17 16 20 38 27 21 27 35 34 36 21 17 29 11 17 54 11 29 12 30 18 34 
32 25 18 18 20 23 16 16 19 31 23 37 25 17 22 18 30 18 22 25 39 16 23 18 35 26 19 16 17 20 33 28 35 19 20 18 30 28 31 37 13 21 18 26 32 23 17 27 24 15 
14 32 17 20 16 22 16 21 20 21 23 18 24 18 24 29 33 20 15 35 31 7 28 21 28 18 17 20 15 16 35 18 18 20 31 28 17 24 20 22 30 12 16 27 23 27 10 19 33 24 
43 23 14 14 23 20 12 15 31 26 30 12 17 19 24 18 25 9 13 15 23 18 31 16 22 20 24 18 22 26 32 18 22 24 25 27 21 29 23 41 47 21 24 29 20 18 17 26 31 29 
30 33 17 17 16 20 25 25 25 32 27 27 21 16 22 18 27 14 19 25 31 14 28 18 29 19 19 12 18 18 31 32 13 28 45 34 31 33 32 32 11 23 28 30 14 27 15 16 35 31 
23 25 27 11 17 15 5 19 23 31 14 8 22 13 13 30 11 11 22 26 29 16 25 11 25 16 18 12 13 10 24 23 31 16 31 28 38 24 21 28 28 14 24 17 12 20 6 22 24 23 
31 12 21 13 12 34 10 28 20 20 17 32 23 19 17 28 40 19 26 30 32 8 26 16 24 6 13 33 13 16 25 16 24 20 24 19 27 41 13 25 36 22 34 30 31 25 23 13 20 22 
30 32 21 16 17 32 14 36 32 24 17 25 24 15 20 30 42 16 21 20 36 21 12 15 17 16 20 20 25 20 28 32 26 17 24 22 38 42 28 32 24 14 26 25 26 30 23 15 9 22 
28 25 19 14 16 34 18 5 30 29 15 15 15 12 10 22 30 21 18 26 14 19 27 20 12 13 19 14 18 19 24 17 29 41 28 30 24 41 24 33 41 21 30 34 30 25 19 19 16 30 
30 20 16 11 18 16 14 20 21 38 24 16 21 21 26 42 27 18 22 28 21 18 15 18 18 12 12 9 24 20 17 20 28 22 43 19 28 29 30 24 26 23 27 18 24 17 15 19 21 20 
33 17 19 8 19 25 23 26 28 26 19 23 18 12 20 23 37 17 32 19 22 24 26 17 25 9 14 4 17 12 28 21 29 23 37 32 25 25 15 29 17 25 19 46 28 26 23 4 23 26 
29 19 23 25 23 23 12 17 25 31 25 25 17 13 16 20 25 16 23 23 22 21 15 14 29 15 12 12 20 13 15 28 35 28 32 27 35 35 22 35 18 21 38 35 25 31 20 21 27 34 
28 18 18 20 25 26 19 27 37 31 23 16 14 18 26 23 9 10 21 29 29 13 23 21 21 10 10 22 18 20 31 30 31 25 18 35 17 35 30 22 24 14 16 35 31 33 19 15 39 22 
19 28 21 13 22 18 24 20 34 32 21 15 23 14 25 20 24 13 21 31 25 21 13 19 33 20 17 15 23 9 31 13 28 34 32 29 25 35 20 27 38 16 21 37 34 26 17 26 15 36 
39 27 12 13 13 12 17 24 29 23 20 28 25 19 8 26 28 18 33 29 23 19 24 12 24 20 17 15 18 23 30 19 18 32 25 29 28 26 17 24 12 12 24 45 26 21 20 10 22 21 
23 28 25 10 16 20 20 26 30 33 16 24 22 13 15 26 15 2 21 26 27 22 24 14 26 21 10 19 16 29 13 27 28 25 36 35 21 26 23 40 27 24 35 23 31 16 22 20 31 22 
25 31 11 15 16 30 18 13 26 23 21 24 22 14 20 26 41 11 33 26 31 25 28 7 24 29 17 25 23 10 25 25 24 15 31 20 27 30 33 30 30 26 23 25 30 17 23 27 23 38 
39 17 16 14 16 17 18 24 32 33 29 25 29 17 23 12 6 18 13 24 18 16 21 14 29 19 19 17 22 24 36 19 30 34 27 35 35 24 25 33 25 14 23 23 24 20 18 22 31 20 
14 28 22 19 12 24 15 18 19 22 11 26 29 11 15 15 21 16 25 19 22 23 31 14 27 29 10 25 25 23 28 27 13 24 8 22 33 35 21 36 25 22 38 40 22 16 16 12 12 28 
33 19 19 11 22 24 19 20 29 31 20 32 22 10 22 13 19 24 25 22 24 21 19 24 15 15 19 6 19 12 31 22 28 21 38 34 30 35 27 33 35 17 48 32 34 24 15 20 16 24 
20 44 16 22 16 31 27 17 29 24 16 15 23 22 23 30 24 17 22 26 31 22 17 18 12 25 18 12 12 21 21 40 19 26 23 37 43 40 18 26 20 20 30 42 39 17 18 23 17 22 
31 36 20 16 21 25 14 18 14 36 20 13 20 19 15 22 26 24 23 20 19 18 22 17 30 22 13 17 16 22 34 27 37 27 15 19 29 25 23 24 29 20 29 35 34 18 18 22 27 35 
25 27 19 14 15 26 18 17 28 40 26 34 19 11 3 31 37 13 25 15 20 24 21 13 28 21 15 16 18 12 23 18 22 16 18 37 30 39 29 25 20 16 30 35 22 20 17 20 27 15 
36 30 19 20 17 18 23 29 33 29 20 24 36 18 18 20 37 16 27 24 39 29 25 12 20 23 14 22 21 13 23 10 27 20 29 29 34 26 14 22 31 14 26 41 22 26 16 15 7 17 
23 10 29 13 24 32 17 21 28 24 19 20 23 14 22 33 31 13 41 17 32 21 29 22 21 22 11 9 14 15 30 29 28 19 20 37 24 41 20 20 27 23 22 23 35 25 13 4 34 31 
40 17 17 15 21 25 18 17 23 14 22 16 27 16 32 25 21 14 32 21 23 24 22 22 41 22 18 16 21 18 29 18 26 21 10 24 34 37 21 22 30 21 34 30 27 18 16 11 15 29 
35 30 15 16 16 22 17 7 27 19 17 24 20 16 7 25 30 14 24 23 28 21 16 21 18 15 13 20 26 15 14 18 29 33 43 36 24 17 22 26 21 18 25 31 36 21 18 8 28 24 
32 21 22 19 26 25 15 20 12 27 19 18 14 10 17 25 24 22 19 20 42 15 27 18 18 20 17 19 16 17 25 24 28 28 28 39 36 10 11 36 40 24 34 29 24 26 28 35 24 28 
42 5 8 17 24 23 18 18 20 45 21 22 23 21 30 19 32 14 31 30 23 14 21 25 11 11 14 8 13 5 30 22 27 14 32 33 25 23 16 23 23 14 17 35 20 26 15 20 29 31 
19 21 23 15 16 19 21 29 24 28 18 28 24 12 17 19 27 12 23 19 25 19 27 8 17 17 13 15 18 14 21 23 23 21 23 23 10 27 20 25 41 19 29 30 35 19 17 25 28 33 
23 26 18 19 30 25 9 11 23 21 20 26 28 22 33 23 33 12 23 12 33 23 20 10 22 14 13 22 8 16 32 19 47 19 32 23 23 22 34 45 27 12 17 19 33 31 17 19 34 20 
35 27 9 14 17 32 17 23 28 13 20 23 27 11 30 23 30 12 29 21 30 22 12 23 21 14 10 11 23 23 23 19 28 24 19 30 20 33 13 35 29 13 31 29 22 23 9 16 31 32 
29 9 27 14 14 31 15 28 16 30 19 28 22 16 5 24 31 23 15 20 25 11 26 18 20 16 17 14 23 10 21 25 6 31 24 28 34 31 20 21 43 13 23 39 21 31 21 21 22 38 
28 22 16 18 11 19 18 8 30 41 18 22 31 14 18 26 29 13 31 33 24 19 20 2 16 21 14 24 21 14 22 23 28 24 22 28 16 22 17 17 33 16 16 18 38 29 22 17 17 37 
21 27 19 14 14 31 21 14 26 21 21 22 30 19 12 28 22 8 13 22 35 14 22 26 30 16 21 19 21 22 27 17 43 18 34 39 41 27 23 19 28 14 35 28 20 28 18 24 22 38 
23 25 17 17 14 31 18 28 19 35 17 22 27 13 19 26 35 19 16 20 23 21 21 22 13 10 16 8 28 8 33 17 11 10 22 28 20 23 26 31 31 20 4 29 34 25 25 34 23 32 
28 39 10 13 20 16 11 13 29 21 23 32 22 17 21 11 40 11 27 21 26 9 24 13 24 17 15 17 26 14 42 18 35 31 14 29 37 27 15 22 31 23 28 18 10 30 12 21 23 26 
28 25 27 17 13 23 11 27 26 40 14 32 14 18 33 21 20 14 14 18 36 20 33 18 25 17 15 10 20 18 29 22 29 18 19 35 31 34 13 42 10 16 39 32 28 34 13 13 23 47 
17 19 18 8 15 28 6 20 45 29 18 29 28 8 18 18 28 17 15 23 35 22 19 19 19 21 15 11 17 21 18 20 29 29 27 23 31 25 26 39 26 8 40 24 20 14 20 26 30 24 
15 28 27 11 22 22 19 22 7 28 20 27 28 19 6 25 23 18 19 23 27 15 18 16 28 20 17 15 14 13 19 26 32 14 12 26 34 27 25 25 22 16 27 42 24 34 22 17 19 35 
35 31 17 11 13 19 17 26 31 17 21 25 32 17 14 15 44 22 22 24 18 23 28 13 23 19 14 14 21 19 24 30 38 22 18 40 32 45 22 21 27 16 30 13 26 23 23 19 37 32 
35 26 17 12 22 23 12 22 31 17 20 30 28 14 15 25 40 13 22 28 23 16 17 15 29 25 11 13 13 12 24 28 39 32 32 32 32 35 16 29 40 12 26 40 22 26 25 22 28 40 
20 26 16 16 21 26 18 32 25 30 27 27 17 22 24 21 30 19 26 24 39 24 29 19 36 10 20 22 18 14 18 16 23 19 26 29 42 34 24 29 26 15 23 26 31 27 20 17 23 32 
43 32 17 12 20 21 16 23 32 24 20 27 25 17 15 23 30 6 20 19 26 16 14 23 19 15 12 23 15 25 25 22 22 21 20 43 29 15 29 23 33 27 26 27 32 26 14 13 23 33 
26 21 24 15 22 29 24 28 25 37 15 23 18 11 20 15 29 15 24 20 19 20 24 11 27 14 11 15 21 14 27 18 32 23 41 32 20 29 17 24 10 24 23 17 34 28 18 24 23 32 
34 32 22 14 15 26 18 26 40 52 17 16 26 18 25 16 31 9 15 20 27 21 27 20 27 14 14 15 7 17 19 20 31 16 30 22 41 28 20 33 24 22 34 34 29 32 15 20 18 34 
30 34 21 17 15 21 18 23 27 32 24 24 21 15 16 18 13 11 21 24 37 15 25 20 26 26 22 26 24 17 7 20 42 29 21 13 38 28 17 20 20 24 29 42 29 29 25 18 19 30 
34 29 17 19 22 17 7 21 11 12 21 12 26 18 20 28 25 18 23 19 22 11 22 17 10 28 16 18 23 29 35 23 42 35 52 18 50 45 28 22 25 24 9 12 29 32 22 37 13 28 
27 42 23 15 22 16 12 15 31 42 14 21 18 15 27 23 35 20 22 21 23 13 22 22 32 17 22 18 8 20 19 18 19 22 8 25 39 26 25 29 20 13 29 24 18 23 18 29 27 40 
32 33 10 24 13 33 16 15 25 41 25 17 20 17 13 18 31 15 20 16 48 20 18 20 22 9 13 19 12 21 30 16 25 29 28 32 23 31 22 11 27 23 26 17 28 25 17 16 15 27 
40 37 22 16 22 13 21 22 30 21 12 14 27 14 22 23 23 15 22 27 37 23 32 22 29 15 16 20 13 19 20 17 16 13 17 30 27 34 21 16 42 22 21 36 43 20 18 28 15 26 
34 36 11 16 24 28 15 27 24 27 12 28 14 22 18 23 25 13 21 24 26 24 24 10 29 27 10 26 26 17 35 18 31 19 27 25 19 23 25 26 26 31 14 27 35 28 33 23 7 19 
36 33 21 18 25 18 13 23 37 22 23 25 20 14 19 22 18 19 25 30 39 17 19 16 35 17 13 17 18 19 27 26 29 24 31 19 37 28 24 27 13 19 18 24 19 22 24 12 30 24 
25 20 18 14 17 20 14 34 23 16 15 23 20 17 15 17 33 23 9 20 39 15 20 11 29 14 21 9 15 16 29 28 45 19 23 35 33 26 21 19 36 19 20 24 30 15 22 7 27 30 
40 25 19 18 24 29 15 32 28 25 18 23 25 15 35 23 37 16 6 15 25 12 34 13 26 21 15 12 20 14 26 30 31 38 27 34 28 34 24 35 25 13 24 37 26 25 19 33 30 15 
18 24 32 13 23 26 7 3 31 28 10 22 22 17 25 13 36 11 23 34 35 22 31 16 24 17 20 20 17 15 28 26 24 19 25 32 39 25 20 38 18 22 42 21 26 27 16 24 28 38 
20 30 15 11 18 23 11 18 21 12 15 33 22 18 13 17 27 23 20 26 39 20 16 24 26 14 12 16 17 9 28 29 9 18 30 31 25 40 12 26 24 22 30 33 19 31 20 22 21 15 
28 21 23 16 15 28 23 21 17 28 15 16 23 14 29 23 30 14 21 22 20 16 28 12 18 9 11 23 23 20 13 24 24 18 18 29 22 24 24 31 11 11 26 21 28 22 19 22 20 31 
37 15 21 11 14 21 20 18 25 35 12 24 21 15 23 25 26 15 14 23 22 18 28 19 20 14 14 24 15 22 13 18 11 29 41 39 31 31 23 34 45 18 31 22 44 24 14 19 29 26 
21 20 18 17 23 28 15 25 35 25 28 21 22 10 13 15 42 17 22 23 32 25 19 16 41 11 11 9 18 19 16 25 35 15 28 34 36 34 15 40 30 13 9 30 35 12 16 14 25 39 
35 13 23 8 16 23 15 27 32 19 18 29 24 9 23 26 28 18 24 21 29 16 36 25 13 20 18 18 17 23 37 26 34 25 18 21 38 32 29 31 44 18 26 30 36 20 15 30 24 24 
18 40 19 12 16 25 16 16 29 17 18 21 20 16 15 20 26 12 18 24 24 23 15 17 39 13 18 17 15 10 15 14 32 29 31 36 19 36 11 18 23 25 27 33 19 33 12 19 17 44 
13 18 15 13 13 16 7 28 27 40 16 16 26 12 25 32 32 23 26 24 33 26 17 21 25 8 22 20 21 20 30 25 23 30 15 21 43 30 25 35 25 27 29 41 21 22 20 30 15 17 
32 15 11 17 15 18 15 27 26 30 21 24 18 18 22 22 39 18 23 32 32 19 33 19 28 23 15 10 24 15 33 22 31 28 19 36 25 36 30 20 29 28 22 21 17 11 7 22 24 30 
25 25 23 8 19 38 14 17 32 31 15 17 24 18 16 22 21 19 23 38 35 18 16 17 17 22 15 18 13 18 26 24 30 21 37 33 54 21 30 25 11 12 43 24 21 19 21 20 25 27 
25 48 23 15 24 16 17 24 20 24 23 17 25 7 35 26 40 16 19 26 33 24 21 23 21 25 9 16 21 5 26 28 27 9 25 16 28 28 27 35 36 19 27 53 24 30 20 20 30 38 
34 37 17 25 19 29 17 30 23 13 21 28 27 10 20 22 19 8 26 14 12 3 14 15 18 14 18 30 20 21 30 26 25 20 19 34 37 16 20 27 28 18 12 20 17 23 21 14 16 12 
23 22 19 16 20 36 17 15 26 40 24 24 23 14 10 17 19 21 21 22 39 22 24 19 32 16 14 18 16 19 18 15 29 22 32 38 33 28 22 38 35 24 24 24 30 17 19 14 18 41 
29 21 23 17 11 28 27 27 15 47 19 20 19 15 24 31 29 11 21 15 40 4 27 18 25 19 15 15 16 22 20 16 34 28 13 25 27 20 26 21 27 20 29 31 24 24 11 21 25 28 
29 22 18 18 14 20 16 15 42 31 19 17 14 15 28 11 31 11 35 20 36 19 25 21 23 22 12 10 16 11 32 37 13 22 17 32 32 27 16 42 39 21 22 17 23 21 17 13 27 32 
35 16 22 23 22 21 17 10 24 29 18 22 32 15 20 36 33 17 23 27 30 12 18 19 30 17 9 18 13 16 31 16 38 26 33 31 19 28 17 15 24 20 25 39 28 22 18 15 25 38 
21 27 11 16 18 16 17 26 8 27 22 11 26 17 22 20 23 15 27 20 39 28 15 13 17 19 18 11 19 18 32 25 35 31 22 22 38 34 20 31 16 12 30 17 23 34 17 29 22 16 
26 42 23 15 11 33 19 22 33 39 24 23 21 15 22 25 22 11 23 30 30 23 26 20 25 15 11 19 18 19 20 23 28 21 26 35 35 26 19 32 30 16 29 35 21 38 16 30 20 29 
40 38 23 12 24 17 18 16 26 26 19 21 29 17 19 24 26 20 15 34 35 29 25 12 21 14 17 12 19 13 23 23 23 28 32 33 29 42 20 27 25 15 24 23 23 30 21 14 22 22 
26 14 22 18 16 33 16 15 19 19 19 23 24 8 21 26 23 11 24 26 20 14 25 17 18 15 15 17 12 20 20 16 29 24 26 5 21 38 19 26 17 22 23 37 17 20 20 24 26 36 
43 30 12 12 22 28 20 26 36 23 18 30 16 23 22 30 35 15 33 22 20 23 12 13 25 19 14 14 26 22 16 20 16 27 29 19 30 22 14 25 45 25 39 18 26 19 22 23 28 28 
19 37 24 14 22 16 21 16 23 41 13 19 23 18 23 29 23 15 37 32 23 19 18 18 18 22 16 17 17 9 36 30 22 29 30 22 40 39 21 30 20 18 17 31 30 15 21 20 26 23 
24 24 13 19 17 27 14 26 27 24 24 33 18 19 14 18 38 20 27 28 41 20 19 19 12 24 18 12 14 11 30 29 37 26 30 25 24 26 27 23 36 25 29 40 29 12 19 22 24 37 
23 11 17 22 13 23 21 26 27 20 14 19 29 16 32 26 24 14 30 28 36 14 17 28 14 27 11 22 11 17 32 24 28 26 19 32 28 38 27 37 31 23 34 28 33 17 18 21 30 31 
23 18 14 17 21 19 14 15 31 28 31 25 21 14 23 25 29 15 32 18 34 18 32 18 17 30 17 15 24 15 23 21 27 20 27 40 34 26 24 28 40 27 18 21 12 29 17 25 24 17 
30 32 13 16 17 34 22 22 24 26 14 23 30 17 17 23 36 20 26 18 21 22 15 9 24 10 17 19 21 23 19 19 40 27 28 44 40 23 25 35 29 14 21 32 18 34 23 22 21 23 
35 49 9 10 10 21 18 19 39 22 8 6 33 13 21 35 13 15 24 29 19 15 21 24 22 13 18 11 24 18 34 29 29 17 31 31 34 24 20 48 19 18 34 14 27 17 14 28 22 24 
23 26 19 14 15 22 19 12 35 22 18 31 19 19 17 20 25 14 15 21 37 19 34 17 34 21 17 20 10 23 29 12 19 23 32 31 19 19 21 21 32 14 23 27 30 18 16 20 19 32 
36 25 25 11 16 22 14 17 21 35 10 28 29 18 26 18 47 17 27 28 22 20 32 11 25 24 15 25 26 21 27 19 25 27 41 50 39 25 18 15 25 16 30 20 13 19 17 15 19 20 
37 27 19 17 17 18 16 13 16 35 11 19 26 22 16 25 38 14 29 27 28 10 17 7 25 11 17 19 25 11 23 31 24 11 22 32 29 36 29 31 25 15 19 26 25 25 20 18 27 29 
21 18 23 19 25 17 14 18 36 35 13 26 18 15 17 21 30 15 17 11 34 22 33 21 18 16 12 20 26 23 36 26 32 15 34 20 27 28 12 41 32 25 27 32 9 18 22 24 29 31 
30 24 26 16 20 24 9 38 35 26 28 24 16 18 18 19 16 13 30 23 22 9 25 18 34 27 11 20 28 14 29 28 20 22 28 32 32 27 28 20 21 18 20 32 29 19 10 19 26 36 
33 26 16 16 25 38 17 18 22 18 19 24 36 21 27 22 40 17 30 22 21 19 19 7 18 12 7 18 15 19 30 25 36 24 15 24 25 33 18 32 12 25 22 41 24 21 13 17 10 24 
32 28 14 18 11 24 12 17 30 24 18 14 31 14 15 18 37 13 15 16 25 21 21 20 26 14 18 10 11 20 32 22 27 24 26 24 14 40 23 29 34 18 31 20 12 20 19 16 8 31 
32 20 19 12 15 25 16 32 32 40 19 25 16 14 25 21 32 14 4 20 40 29 20 22 17 11 15 14 12 18 18 31 32 25 30 29 36 21 18 31 32 22 34 28 17 21 22 30 18 33 
25 19 21 20 17 18 17 29 29 31 22 15 30 19 26 20 32 11 19 33 29 15 20 24 30 23 15 7 25 23 14 29 25 31 27 21 41 31 24 24 20 16 31 19 29 26 22 19 23 37 
25 28 22 18 25 16 20 20 22 20 18 30 19 16 13 21 30 9 22 32 35 15 25 10 26 27 21 24 10 17 32 30 35 26 22 25 28 30 24 25 30 19 32 28 25 24 10 19 19 32 
28 13 14 26 21 26 11 18 32 26 23 28 11 13 11 30 28 13 18 18 31 18 8 15 29 27 9 11 15 18 28 20 29 19 38 14 50 28 25 24 29 19 17 43 31 16 19 16 21 23 
33 17 20 11 9 12 10 20 14 16 23 29 21 11 23 25 20 16 21 24 26 11 29 25 14 23 6 22 18 19 23 8 21 23 34 27 36 30 37 41 25 11 15 28 28 27 19 30 16 24 
38 31 11 13 16 23 23 28 24 36 14 20 11 16 21 28 27 14 16 16 32 17 24 15 19 28 20 20 16 15 26 27 28 28 27 35 33 22 34 38 30 7 33 37 13 26 8 22 22 38 
30 39 20 18 15 32 17 26 24 30 14 23 21 23 15 24 27 21 8 24 38 19 18 21 20 21 9 17 17 11 20 22 24 23 35 42 37 24 17 21 27 12 20 32 28 31 11 11 23 23 
17 35 15 22 25 28 16 26 19 17 22 24 27 13 24 17 25 18 20 24 33 15 16 6 33 12 10 11 16 16 18 17 30 28 20 30 44 26 18 41 31 21 20 18 27 30 27 19 25 27 
28 37 23 11 21 24 13 20 15 27 20 17 27 12 15 24 19 20 18 17 24 19 28 13 18 19 18 14 24 14 22 21 29 14 26 22 26 22 17 26 23 22 32 34 27 32 12 9 35 26 
33 17 16 18 26 21 18 20 30 26 18 21 12 20 19 19 16 9 19 21 20 15 20 11 31 11 15 16 24 20 37 15 15 18 19 25 29 21 32 17 24 14 20 25 11 39 18 21 27 24 
35 22 16 18 26 27 17 12 39 28 16 16 10 17 16 16 17 12 19 28 40 14 14 15 30 17 23 20 26 13 28 15 37 21 31 17 22 34 17 30 35 30 29 34 28 25 11 31 15 52 
48 42 25 20 23 26 18 16 23 24 15 25 12 11 15 23 22 12 23 22 30 18 25 15 25 23 11 29 16 15 27 21 31 19 21 21 26 26 25 25 27 19 16 35 31 25 12 17 21 30 
19 20 23 18 27 21 9 20 32 21 20 23 15 11 20 27 20 17 21 27 26 24 32 19 21 26 24 12 9 20 24 21 19 27 18 31 26 26 24 30 26 28 33 30 31 26 15 20 23 20 
37 26 22 15 20 26 21 24 32 39 21 20 27 13 25 25 24 19 16 19 24 15 23 18 26 21 7 21 21 25 25 29 25 29 24 33 21 38 21 37 25 12 19 28 31 30 13 22 13 27 
30 22 17 25 17 23 15 13 21 30 12 27 15 16 13 16 17 22 24 28 21 21 19 11 20 17 10 14 15 15 20 15 20 23 32 27 40 26 27 25 12 16 13 17 17 23 21 20 24 36 
30 21 15 13 17 14 18 24 21 37 24 14 32 14 32 16 26 12 34 28 27 17 27 9 15 11 20 19 23 15 29 22 42 17 25 32 35 44 22 34 26 13 30 21 20 29 23 21 15 28 
28 24 16 19 21 25 26 28 42 16 24 20 20 18 19 27 28 16 13 34 32 24 19 27 27 30 13 18 17 6 24 25 23 30 32 18 37 39 18 35 22 22 33 27 30 31 20 20 20 34 
34 31 20 16 23 17 17 27 32 34 25 29 19 18 22 17 35 17 15 18 22 23 36 27 32 19 8 11 26 18 27 21 28 25 15 18 24 28 23 33 19 17 22 23 31 21 16 20 30 15 
23 28 14 22 23 16 16 17 25 18 16 32 21 16 13 23 32 15 17 23 43 17 24 27 28 14 18 20 22 18 26 20 13 18 15 36 25 38 16 30 5 17 28 23 25 16 18 12 22 31 
32 32 13 21 15 18 12 22 27 21 15 15 17 16 20 34 16 17 22 22 26 14 25 21 20 25 18 17 19 20 22 27 33 18 26 41 49 37 28 20 27 22 24 20 32 14 17 18 19 42 
23 25 22 8 20 25 18 20 11 25 17 17 28 12 11 31 4 15 17 25 21 19 21 16 33 25 13 23 11 26 31 29 6 14 35 26 35 33 23 25 20 24 21 33 15 29 16 22 17 18 
31 19 17 18 27 20 10 30 34 27 24 26 15 16 12 13 41 15 20 17 21 14 27 19 19 8 14 14 22 16 27 22 24 26 46 23 26 32 24 53 27 11 24 22 30 26 13 20 11 33 
19 22 17 17 27 17 17 11 34 29 20 37 12 17 18 21 39 17 32 33 22 21 21 22 22 15 21 21 27 10 34 21 35 20 28 38 20 38 20 31 16 21 28 20 21 18 21 13 29 15 
33 31 16 16 16 17 15 17 19 27 18 28 28 7 19 24 13 15 24 24 29 28 11 15 31 21 17 15 17 15 24 24 24 26 15 28 22 48 25 22 21 20 16 27 34 19 16 24 23 19 
27 29 21 17 24 24 12 22 23 26 21 21 15 22 18 25 47 22 17 27 24 20 29 16 26 23 13 16 10 19 36 13 17 15 18 33 27 17 30 19 34 21 21 18 6 22 16 20 30 33 
33 16 20 13 15 29 16 31 28 52 20 32 20 10 26 17 25 19 15 21 36 19 21 19 2 17 9 13 27 16 14 23 33 22 35 32 40 45 21 16 21 14 25 32 21 29 16 26 27 19 
34 30 23 16 12 37 23 25 43 37 19 24 12 20 14 17 36 12 5 20 28 20 20 24 15 16 9 10 18 23 21 13 18 19 40 28 26 39 19 26 22 23 27 20 16 24 14 13 29 30 
38 29 13 21 21 14 12 18 38 26 20 28 9 17 27 22 32 20 27 17 37 9 22 21 8 24 12 4 12 13 24 30 33 33 21 26 37 35 20 32 36 15 21 20 29 30 18 20 25 53 
35 24 25 27 21 18 9 25 37 41 7 20 32 18 17 28 31 19 28 15 25 20 33 13 29 15 21 13 22 14 39 21 18 37 31 37 22 46 18 14 32 15 23 18 22 35 25 26 23 29 
33 21 16 7 18 34 14 28 25 44 18 29 30 14 19 20 31 20 26 21 34 16 27 9 27 25 16 24 17 22 27 28 32 32 37 27 48 25 26 27 23 24 33 20 25 24 23 30 20 26 
27 22 17 13 20 22 26 9 27 18 10 14 29 14 18 24 19 16 20 18 18 24 23 18 25 14 15 16 9 17 27 29 23 24 25 20 37 33 14 21 23 22 32 21 31 21 20 20 19 25 
34 16 17 10 24 21 14 22 36 35 28 20 24 22 29 21 40 12 28 16 29 12 30 10 13 14 26 18 9 17 23 18 24 24 20 30 36 56 24 18 21 16 21 26 14 8 25 21 30 41 
18 15 19 15 23 16 11 24 21 21 19 22 27 13 13 26 26 18 28 25 27 21 22 23 19 22 11 8 25 22 26 21 38 25 38 22 39 40 12 11 40 10 26 26 22 23 24 22 31 34 
24 37 14 5 20 38 17 24 30 37 21 9 21 18 14 15 49 15 18 35 11 21 18 14 31 17 15 25 18 11 20 23 16 31 23 22 23 27 25 28 45 21 24 38 27 30 21 12 17 22 
33 33 20 17 16 33 20 16 26 24 22 20 14 12 17 23 29 24 19 31 29 11 35 27 31 23 22 11 25 19 41 21 11 23 18 28 38 28 18 15 17 15 38 38 29 18 7 19 13 22 
31 24 17 14 16 31 14 18 24 27 24 27 20 22 12 21 18 13 31 16 20 15 20 26 25 22 15 22 21 18 31 29 30 30 27 30 23 40 28 24 40 14 16 16 24 14 17 22 21 25 
39 22 21 14 12 31 17 10 25 34 24 15 29 9 23 22 39 15 25 17 29 22 20 18 33 23 20 23 18 15 31 15 29 25 18 39 19 35 21 15 10 11 18 13 34 20 10 29 17 41 
16 24 17 16 19 17 22 12 19 42 10 28 24 20 13 34 28 13 31 19 29 14 14 18 28 27 11 18 13 20 18 39 18 31 36 25 32 36 18 22 27 18 38 21 15 15 26 18 26 35 
28 42 8 19 28 22 19 21 21 40 10 12 18 13 23 26 13 10 19 26 39 26 25 19 24 23 9 17 15 7 26 27 23 11 31 24 32 28 18 26 19 17 31 15 23 26 16 15 25 31 
29 28 11 15 26 18 18 18 27 18 23 29 20 17 27 21 49 15 27 30 40 20 26 17 19 7 10 13 12 9 25 22 33 32 30 30 28 24 25 31 31 19 17 27 23 19 9 21 34 11 
20 20 18 6 19 21 18 8 18 25 17 19 17 13 21 18 23 22 33 27 34 27 18 15 19 12 18 18 18 14 25 17 26 11 20 40 30 31 19 41 32 34 26 26 25 17 23 18 21 32 
31 28 26 14 22 20 16 18 35 18 12 26 14 10 20 26 18 13 24 28 20 20 24 27 23 17 14 14 19 11 25 28 32 16 34 19 30 24 24 43 22 22 29 27 34 27 18 20 20 25 
21 30 12 12 16 27 15 22 31 26 26 32 20 14 27 21 28 14 19 30 23 24 30 15 20 15 16 24 19 22 21 22 21 30 25 28 39 21 15 27 25 14 36 16 26 33 15 23 22 43 
42 23 22 18 15 20 14 22 44 18 15 15 19 12 20 20 36 21 31 12 26 23 23 25 25 18 19 17 13 7 13 25 30 15 16 40 25 17 17 31 32 15 23 35 22 15 22 15 18 20 
34 14 16 16 21 14 17 18 24 17 11 24 20 20 20 27 29 16 17 20 35 21 18 19 29 27 16 26 23 5 13 20 15 23 16 36 33 32 17 22 31 16 24 16 26 27 11 34 19 31 
33 28 18 23 11 27 11 31 27 18 13 25 27 12 30 17 27 16 26 21 38 17 26 13 25 23 17 14 21 22 19 16 30 20 20 33 43 18 20 27 28 23 27 36 17 18 13 22 28 36 
27 46 21 22 6 30 13 19 42 26 18 37 25 15 13 14 25 21 17 20 25 25 24 16 22 25 17 13 19 23 16 19 38 25 30 30 18 23 13 46 26 27 23 33 29 27 8 26 22 33 
40 40 18 15 19 23 18 12 25 21 26 11 11 11 28 23 16 21 19 25 32 15 19 13 25 6 8 21 16 11 13 17 22 28 35 31 45 24 16 30 30 26 11 8 27 24 22 17 23 26 
30 28 17 10 18 16 20 21 17 30 21 23 26 15 14 19 30 23 13 10 20 32 12 19 20 19 13 17 25 16 25 33 33 16 24 19 26 20 17 28 24 15 40 29 19 22 20 19 24 19 
25 19 26 21 24 32 13 28 23 28 14 29 28 17 34 19 42 19 25 17 21 19 28 23 18 11 18 16 31 8 29 11 27 27 24 23 39 34 14 32 25 20 20 22 22 28 21 14 24 23 
26 22 9 15 24 10 21 23 29 24 19 20 30 15 9 24 18 17 18 17 39 27 10 17 23 26 10 12 16 21 31 20 26 21 12 30 38 24 19 26 26 30 19 20 28 16 17 18 24 31 
25 39 16 13 7 31 11 18 35 33 7 28 20 23 18 9 35 15 40 31 20 13 25 10 23 14 4 14 24 26 34 28 25 26 36 36 30 33 16 28 45 12 18 30 34 28 20 11 32 17 
20 28 9 14 18 20 17 19 17 25 10 28 28 16 14 24 35 16 23 17 31 26 16 18 27 11 11 19 18 15 28 23 28 28 30 38 31 32 28 44 36 18 26 36 23 20 20 17 17 23 
31 30 17 19 10 32 11 28 31 45 16 28 18 22 33 14 37 11 31 24 18 29 20 14 31 14 21 18 17 24 26 24 26 32 13 22 32 31 25 29 24 22 34 24 15 36 14 21 18 26 
41 19 14 21 23 23 9 21 33 29 15 13 23 19 15 29 17 20 13 18 32 14 17 19 25 19 22 9 6 17 25 22 22 24 32 18 41 11 21 32 25 16 25 21 20 34 13 17 23 39 
35 30 16 16 5 26 17 13 38 24 17 29 27 15 21 23 13 22 22 21 35 15 24 18 19 29 12 21 24 26 14 16 15 23 18 23 18 36 23 37 24 17 34 28 31 27 14 18 22 43 
25 25 24 14 14 23 12 23 17 36 23 30 29 12 10 34 26 23 16 31 35 21 30 18 34 17 15 22 23 14 28 23 30 30 25 25 15 31 27 29 34 16 21 27 31 15 20 30 20 32 
38 35 21 18 9 30 21 22 31 27 23 29 16 20 20 24 24 16 26 19 31 8 31 18 27 17 11 13 21 22 33 12 38 19 26 24 23 37 25 42 32 20 34 18 32 29 26 15 20 31 
18 12 26 13 17 25 15 28 26 25 20 30 28 16 22 18 18 12 17 34 21 19 18 15 24 22 18 19 20 16 30 29 33 42 21 34 18 33 32 42 27 27 28 17 32 27 20 29 20 19 
30 7 20 19 13 26 14 17 40 40 20 28 19 20 18 33 25 20 25 22 41 36 23 18 24 13 20 18 22 18 26 30 11 32 14 21 40 28 16 25 40 16 21 28 16 16 24 11 26 26 
40 30 12 24 17 21 13 26 23 24 25 29 29 18 19 25 21 18 32 18 32 9 19 9 13 16 7 15 25 18 30 20 24 20 34 34 12 36 19 34 15 12 26 26 13 23 16 22 29 34 
18 24 16 20 23 29 16 20 24 35 16 21 26 15 20 34 28 17 20 14 26 30 19 11 10 11 16 17 19 10 18 15 34 18 30 17 31 39 27 16 32 25 19 20 25 17 16 8 22 25 
25 35 21 13 11 19 22 14 18 33 18 23 25 12 20 12 36 21 18 29 20 21 11 11 28 21 20 16 22 13 32 23 20 22 28 34 30 36 30 23 24 18 28 38 26 25 16 25 24 26 
30 32 21 15 16 18 10 28 29 24 25 13 23 18 20 21 25 19 26 22 25 20 33 17 18 15 18 20 30 20 26 30 17 25 26 29 31 31 29 19 40 18 21 32 14 30 22 23 17 17 
34 31 19 10 13 26 13 27 21 44 17 19 19 24 20 19 31 12 21 16 23 19 22 20 29 20 12 17 17 19 42 16 29 22 50 26 33 33 17 33 23 21 23 21 22 19 20 24 24 33 
22 10 26 14 13 20 13 22 20 37 27 14 22 13 24 15 33 21 26 32 20 20 28 7 16 17 20 9 14 14 29 20 26 18 22 22 31 41 22 37 42 16 21 29 28 18 9 19 24 23 
29 12 18 17 9 5 12 21 22 20 23 26 17 22 17 29 22 15 21 14 28 20 27 15 19 13 15 25 16 23 23 22 31 33 44 31 21 18 34 23 26 23 23 20 34 27 13 24 14 27 
42 42 22 16 16 25 16 11 41 49 10 27 24 21 18 25 20 16 28 26 35 14 28 14 24 18 21 16 12 17 16 19 47 22 38 20 30 40 29 47 40 22 25 27 27 26 22 27 17 35 
32 16 9 16 20 23 10 25 41 32 20 14 42 16 22 25 24 10 16 28 14 12 20 11 16 24 18 22 14 22 24 15 28 30 22 20 44 35 23 33 18 22 25 39 26 17 21 20 18 27 
27 30 19 21 13 21 17 22 34 37 17 17 16 7 33 15 26 17 23 22 35 19 25 22 21 23 19 17 19 11 36 24 31 29 32 11 31 31 5 28 33 20 28 26 20 18 30 18 22 36 
30 29 14 18 22 15 20 10 32 39 28 22 26 16 19 25 27 5 26 12 40 20 22 14 29 22 13 2 12 14 13 25 21 29 27 18 27 35 16 33 39 16 34 39 18 23 25 16 30 29 
19 21 7 16 16 19 14 17 19 31 21 30 30 12 17 26 14 13 24 29 29 16 28 8 32 20 17 16 15 9 30 9 25 26 31 20 29 33 24 24 32 22 22 31 16 33 12 19 24 33 
25 17 11 15 19 21 20 12 25 16 24 23 21 6 23 35 33 15 31 21 23 26 8 8 22 17 13 21 23 15 41 22 25 30 30 33 25 15 20 24 35 11 22 23 22 17 16 12 25 34 
29 26 12 23 16 23 14 13 20 36 22 34 19 16 21 22 21 15 26 23 24 13 25 18 22 21 11 25 15 11 33 17 28 27 19 25 32 37 22 32 23 15 25 37 41 23 24 26 27 32 
45 24 24 20 22 22 15 29 30 23 24 16 30 17 11 8 13 19 15 22 9 18 25 13 25 17 14 8 13 21 34 23 27 34 34 30 37 30 28 15 25 28 31 20 24 28 13 7 25 24 
25 18 28 16 22 35 24 25 23 30 21 22 23 16 22 24 29 15 13 28 45 19 15 17 21 16 26 21 13 23 22 31 42 33 39 30 33 35 20 31 26 22 20 19 28 5 23 33 29 40 
39 2 14 13 25 11 17 11 26 26 22 17 25 16 27 18 37 11 21 21 22 17 27 25 18 15 16 20 23 19 21 27 25 26 14 26 29 17 30 37 39 29 26 32 47 29 26 15 34 24 
26 19 6 20 16 35 20 22 39 17 17 25 12 13 20 15 39 16 25 33 43 14 31 21 28 15 21 17 18 12 27 11 23 20 24 34 35 30 27 23 8 10 32 30 25 25 30 15 24 9 
19 10 19 15 16 30 15 24 16 33 20 31 24 15 26 30 16 14 20 38 28 11 21 16 29 16 10 25 22 27 21 31 28 24 17 29 33 23 25 23 35 15 23 23 19 32 20 23 16 38 
26 30 19 23 23 12 19 21 40 27 14 22 22 13 23 22 15 20 29 14 24 17 28 13 23 19 15 13 30 14 27 19 24 30 35 50 34 39 27 24 28 17 26 29 11 13 24 27 35 32 
13 45 18 22 18 21 15 26 25 28 25 30 31 20 20 21 39 16 24 15 33 22 28 17 23 9 16 14 20 18 25 17 29 30 25 40 13 33 18 21 23 17 32 17 24 28 17 18 22 22 
24 10 24 19 14 25 13 17 24 18 16 19 22 19 17 34 42 15 18 25 24 28 28 21 27 20 23 13 27 21 32 20 15 29 25 26 22 22 16 27 18 29 31 39 20 15 25 14 26 23 
45 41 25 15 10 15 22 17 14 17 27 13 35 15 28 24 38 25 24 15 28 10 11 23 28 21 16 22 29 14 20 18 31 22 21 28 37 9 11 34 33 18 22 23 22 22 21 26 16 30 
23 33 20 21 21 18 17 25 20 30 16 20 16 20 14 16 18 17 16 21 36 14 15 24 35 16 16 16 13 11 32 20 43 38 17 30 36 28 17 25 39 23 21 31 13 21 15 24 26 42 
35 25 21 14 17 22 16 15 27 32 28 19 30 17 23 22 17 11 25 24 32 19 16 25 23 22 25 28 13 23 23 14 21 25 11 16 28 31 18 45 33 6 23 41 20 26 26 12 21 38 
30 31 25 15 27 27 19 24 28 37 18 15 17 18 32 30 38 18 28 20 16 6 29 13 23 19 17 18 21 15 13 28 17 17 26 21 49 32 22 30 33 25 26 27 22 22 11 32 28 35 
11 20 19 16 16 26 15 16 16 31 23 17 24 13 9 23 35 24 28 22 31 20 25 20 30 18 17 18 16 20 25 20 26 21 20 28 24 29 18 26 31 19 25 25 18 30 23 18 23 36 
26 33 22 18 12 27 16 18 19 27 22 28 34 13 31 37 19 14 19 33 21 24 26 19 25 14 17 18 14 18 35 25 30 30 29 34 29 45 24 28 23 25 15 26 29 27 23 14 30 14 
41 21 17 19 17 16 18 16 8 37 21 27 17 16 28 28 31 11 12 27 28 17 21 15 28 14 9 15 17 20 38 22 32 26 35 38 44 35 14 31 21 9 11 30 28 23 19 26 22 35 
25 25 7 14 20 14 19 19 33 40 17 33 18 17 7 20 29 14 29 32 31 18 22 21 22 22 14 11 11 18 33 24 28 18 23 45 33 39 19 29 24 24 34 29 33 14 18 22 12 36 
24 35 22 16 27 21 18 14 25 30 12 28 18 11 14 29 28 17 17 30 25 23 25 22 31 18 11 15 21 9 19 12 7 19 21 39 28 28 24 17 34 19 23 29 21 33 24 19 36 42 
23 31 15 15 20 28 21 14 30 15 20 24 24 16 29 15 37 15 23 29 24 16 23 15 24 20 26 15 21 7 26 13 13 20 23 35 32 27 18 14 26 21 30 31 32 11 20 8 21 32 
35 33 15 12 12 25 22 14 29 29 23 15 28 13 22 29 40 14 16 18 17 25 18 14 23 21 22 14 26 21 17 20 31 26 25 26 28 31 21 28 21 31 29 15 14 22 14 16 21 32 
32 11 20 18 18 24 19 27 15 21 25 19 17 20 17 26 27 18 11 19 32 20 16 20 26 12 13 23 25 22 22 22 19 25 32 18 32 41 8 27 40 21 14 23 29 22 13 19 16 30 
36 39 23 18 19 21 20 10 24 12 19 20 13 17 13 38 22 14 19 11 24 17 26 18 28 20 11 12 20 22 32 35 21 31 28 16 35 30 25 40 36 25 22 24 28 17 19 25 18 16 
34 6 22 12 22 28 15 28 19 25 20 24 22 14 15 17 26 12 14 27 35 18 35 21 27 20 16 9 23 19 19 35 18 31 15 27 41 26 27 37 27 24 27 31 23 31 21 27 27 13 
30 20 26 14 11 33 15 17 21 19 17 28 19 19 15 26 29 19 25 19 29 16 40 25 20 21 19 9 28 18 19 27 20 34 27 24 36 35 17 23 41 20 18 15 35 19 22 29 28 25 
16 45 24 21 14 23 13 30 25 43 23 21 24 11 20 17 21 19 20 23 24 16 23 19 17 27 10 20 28 22 17 12 22 25 28 21 16 26 24 22 35 19 22 32 19 19 24 13 19 28 
36 36 21 17 18 28 12 28 26 29 24 23 28 13 13 13 25 14 21 27 37 28 22 21 37 23 9 13 10 18 29 17 42 16 33 25 25 29 20 26 31 11 21 29 24 25 12 23 27 28 
16 26 24 11 17 22 17 16 26 16 22 17 22 24 14 30 18 15 21 21 20 14 21 17 19 17 11 12 16 24 25 28 16 20 18 27 16 32 17 30 46 18 24 31 17 18 21 19 17 37 
30 39 29 9 18 30 13 21 25 39 25 27 19 7 23 31 27 17 22 24 40 15 26 18 24 23 20 10 25 12 22 27 29 28 27 26 28 21 14 18 31 26 34 30 26 23 29 20 29 32 
21 26 18 21 29 21 14 28 21 30 21 25 24 18 23 31 23 16 22 31 36 17 29 16 30 6 12 12 18 12 25 32 25 26 28 16 34 36 9 34 26 19 16 15 18 28 17 18 22 23 
16 28 15 20 16 15 10 16 28 17 21 22 14 21 21 28 34 19 30 29 26 12 23 15 29 15 16 21 22 14 30 35 14 39 28 37 27 23 23 21 17 19 27 22 36 30 25 23 23 33 
15 32 18 13 11 15 8 12 16 27 24 30 18 20 26 20 26 12 17 24 22 12 18 9 21 26 11 12 22 16 36 22 23 29 31 19 33 19 24 25 21 17 24 28 17 19 20 12 13 33 
20 17 11 20 18 22 10 24 19 23 19 26 24 11 22 34 29 14 23 23 34 9 28 11 22 15 15 11 15 23 17 13 36 13 25 29 35 29 26 36 24 19 20 37 35 27 23 25 31 31 
24 24 14 21 21 31 16 7 25 15 13 21 25 9 28 21 40 11 22 21 24 14 24 12 28 10 23 6 19 25 32 21 31 24 31 38 37 12 23 25 35 24 23 28 24 14 21 31 22 45 
19 30 22 17 16 26 16 20 34 32 25 29 34 16 24 23 35 16 21 24 28 19 22 21 16 18 13 22 12 21 34 13 30 19 22 36 28 32 33 27 20 13 28 40 12 18 23 29 28 38 
34 19 23 22 23 21 15 27 10 27 28 23 21 19 27 27 36 16 32 31 21 25 23 10 23 10 18 21 26 21 33 17 33 29 18 26 39 33 21 50 21 19 19 28 28 20 17 20 21 27 
42 23 19 19 28 22 15 21 17 21 24 10 24 14 34 26 29 21 12 34 34 14 19 22 27 22 16 15 9 24 33 19 25 19 30 32 33 20 17 30 36 18 26 27 35 24 23 15 20 25 
31 32 16 17 16 16 22 26 29 34 29 9 31 15 18 25 22 19 30 22 26 25 21 11 34 7 10 18 22 11 37 29 29 39 30 33 30 18 19 24 25 9 29 35 26 21 18 17 28 32 
20 20 23 19 16 13 11 15 25 40 13 24 20 9 23 15 35 18 29 26 47 13 23 12 10 13 10 10 13 20 16 23 28 22 19 25 27 24 18 22 14 16 29 25 22 20 18 23 20 26 
30 21 20 16 26 26 17 21 30 28 17 23 31 21 27 17 39 14 9 23 23 18 24 8 27 19 18 13 23 12 31 20 24 12 19 38 28 32 23 21 27 9 26 22 22 21 13 18 13 31 
32 26 20 18 22 8 24 23 24 25 11 18 29 16 23 26 20 18 15 29 24 21 24 13 29 15 15 21 20 22 25 27 21 23 30 36 27 23 29 18 23 19 37 33 26 16 10 18 24 20 
24 39 14 17 11 21 14 22 28 21 16 21 23 18 24 21 24 24 25 23 33 29 11 8 35 24 12 19 14 20 33 24 38 19 25 18 32 18 16 40 29 16 44 26 23 16 16 19 28 19 
15 30 16 11 15 30 18 9 23 28 18 28 24 18 21 35 28 20 24 19 25 23 22 10 25 16 18 9 24 14 18 21 27 24 25 28 34 21 21 21 27 23 29 26 19 14 15 21 28 22 
18 31 25 12 27 22 15 17 28 26 24 18 26 16 25 24 25 8 22 20 25 13 28 18 36 7 17 21 10 17 34 32 37 18 33 19 48 23 24 8 30 21 19 32 40 24 20 14 35 22 
36 23 22 17 16 9 15 20 16 27 22 31 21 18 19 22 32 17 26 22 42 19 30 7 34 19 18 14 27 26 30 26 20 18 30 32 21 38 21 33 25 18 23 29 28 29 12 27 25 33 
27 45 27 10 20 27 15 22 19 36 17 18 23 11 15 8 36 11 29 18 26 19 19 8 26 21 14 10 16 28 33 30 39 31 19 27 39 22 27 44 41 18 27 47 21 17 9 19 32 16 
37 27 27 17 15 33 15 12 31 20 21 25 22 15 31 14 29 8 26 24 40 22 14 20 38 19 14 19 22 10 24 29 31 10 8 26 27 37 28 23 31 20 23 25 21 30 20 15 35 25 
24 40 18 12 17 16 15 34 37 36 19 31 30 14 12 27 32 14 24 25 24 20 20 18 41 14 16 20 19 22 30 13 29 26 15 18 46 27 8 12 29 28 28 23 18 25 16 15 28 37 
11 23 18 13 24 16 18 23 29 26 18 13 27 18 23 24 20 13 29 24 22 17 22 21 29 20 20 18 27 4 27 10 25 24 32 22 24 25 20 36 31 20 36 21 29 20 16 16 32 28 
35 10 16 16 20 35 9 14 30 29 12 24 21 17 19 23 36 16 22 20 33 22 23 12 12 22 10 11 18 14 19 19 38 24 20 21 23 31 24 26 25 28 26 42 25 15 20 15 24 38 
26 22 8 6 17 31 21 23 23 23 13 26 38 18 30 15 36 18 12 31 18 22 27 21 25 17 18 18 20 13 30 24 40 35 25 33 12 31 22 22 36 18 25 38 24 34 15 19 22 21 
41 33 17 13 20 30 13 21 23 26 13 26 20 9 14 23 27 20 22 31 24 22 21 17 14 22 15 11 29 15 25 33 32 24 19 30 24 39 22 34 26 15 24 7 28 31 24 22 18 18 
29 18 19 11 13 21 17 23 21 23 24 11 24 20 21 21 40 8 24 27 38 20 25 19 30 32 8 23 8 18 36 19 36 26 14 28 30 24 24 19 28 11 32 31 27 10 19 17 17 31 
31 25 32 16 10 31 7 22 26 40 24 24 23 12 23 16 29 11 22 20 31 17 20 16 24 20 18 23 21 15 30 25 32 21 32 22 31 19 26 16 36 21 23 28 22 17 13 12 28 23 
15 7 10 17 17 20 16 22 26 40 18 21 31 17 16 14 28 15 23 29 22 16 25 12 14 16 13 18 13 7 21 25 26 25 29 32 11 16 26 40 25 10 27 12 35 21 16 17 24 19 
31 16 13 27 10 19 9 16 22 22 25 20 24 17 11 38 35 18 30 19 22 25 15 19 26 28 14 12 13 22 37 32 33 18 19 29 47 26 22 22 42 24 39 22 28 26 18 24 12 32 
31 15 21 17 17 19 19 27 32 24 26 28 25 23 22 16 16 21 26 28 24 13 29 14 26 12 13 18 19 24 41 21 29 25 33 17 36 32 23 23 28 20 24 22 37 32 20 27 25 24 
7 17 15 20 25 16 23 24 30 39 28 19 15 9 20 30 28 19 25 10 25 16 26 20 22 19 8 29 10 17 29 24 23 32 35 33 30 32 20 26 30 11 26 19 39 30 21 14 22 25 
37 23 11 17 17 26 18 26 24 16 31 31 21 14 26 24 34 12 25 11 42 17 22 13 28 16 12 15 18 22 17 28 37 30 29 27 27 20 19 37 24 21 20 23 41 22 18 22 27 18 
35 27 21 16 16 21 23 28 24 22 23 27 38 10 24 19 26 16 21 24 20 17 26 14 19 21 18 21 9 18 28 32 27 23 19 36 24 38 22 18 38 24 24 25 22 18 23 15 31 31 
29 36 15 18 23 25 15 16 19 34 13 28 25 23 10 26 15 12 22 26 17 16 11 15 12 20 18 18 18 20 29 21 14 20 22 28 30 27 14 39 18 14 18 26 22 27 9 21 25 18 
24 15 26 13 9 24 20 15 26 32 16 12 16 16 22 17 22 18 19 25 35 20 29 18 11 23 16 12 20 21 42 24 13 20 28 34 48 31 21 31 20 31 27 30 22 15 23 27 25 13 
16 32 19 9 23 27 18 24 28 33 17 33 33 18 19 28 24 14 19 38 27 7 31 7 32 28 12 19 10 23 41 14 30 25 16 28 25 35 24 33 19 14 34 8 19 28 18 26 22 21 
35 20 20 13 17 18 17 32 32 23 17 17 23 17 19 13 19 14 17 19 23 27 25 12 23 14 15 23 16 11 30 28 17 21 24 39 28 30 30 35 15 13 27 40 24 26 17 7 33 15 
23 36 14 16 23 25 18 19 27 30 19 12 28 9 19 32 30 13 29 22 33 22 22 13 20 19 13 21 26 16 35 24 28 29 18 29 24 24 23 18 45 15 35 23 23 22 19 16 25 41 
37 25 14 19 15 28 17 17 34 28 16 23 35 17 24 24 24 21 19 19 32 19 22 19 28 11 17 20 20 19 32 24 28 29 8 27 23 24 30 26 35 17 20 37 29 28 21 25 21 26 
23 26 16 17 21 15 17 24 27 48 18 21 21 18 11 27 37 16 24 14 31 16 29 18 22 20 18 16 20 11 33 12 28 13 22 29 33 33 36 18 20 22 24 20 29 24 17 20 30 33 
34 41 23 12 10 30 15 18 23 33 15 15 20 17 16 19 24 17 33 22 23 22 20 9 23 19 13 20 16 17 24 22 35 18 30 31 27 37 24 22 23 23 35 30 25 19 16 22 26 22 
30 18 21 15 15 27 19 18 19 23 16 21 24 23 27 22 15 20 11 17 33 16 21 28 15 26 12 18 16 14 12 18 26 33 19 38 35 18 29 18 29 14 25 30 23 9 16 17 15 31 
47 31 21 17 17 19 23 12 41 27 24 26 24 22 20 20 25 18 23 33 17 33 26 18 23 23 15 17 20 16 16 21 29 34 30 37 28 28 22 26 11 22 15 28 33 21 17 14 24 21 
27 37 11 16 8 14 17 18 24 21 22 27 19 13 22 11 23 7 28 28 30 18 19 16 39 15 12 12 22 12 26 25 30 17 20 15 23 25 16 13 25 21 25 29 18 24 16 34 17 38 
30 26 25 12 24 17 18 27 28 25 13 24 17 18 20 31 28 21 23 30 28 23 19 23 22 24 19 11 18 6 25 28 44 18 28 5 39 44 26 20 30 20 27 24 25 15 20 14 25 27 
32 39 18 21 12 30 20 22 30 32 21 13 33 20 14 28 42 20 14 20 23 23 32 20 33 14 16 19 24 14 32 30 29 22 25 17 32 25 23 24 26 18 39 36 22 21 17 15 22 31 
31 27 17 16 21 22 10 11 5 21 18 15 12 12 26 19 18 19 16 32 27 24 23 14 30 21 11 13 12 15 24 24 39 28 38 32 26 34 26 14 33 13 21 20 30 13 17 15 21 23 
17 13 17 12 6 24 14 27 22 13 24 21 34 10 17 28 33 16 22 38 23 22 28 17 23 21 15 15 17 13 31 14 15 25 17 22 40 40 18 26 25 21 24 25 12 30 14 19 14 20 
19 27 20 19 26 16 14 19 13 29 24 28 24 13 23 26 19 19 20 22 28 21 28 26 22 19 18 17 17 21 16 15 29 31 18 22 34 4 20 18 33 12 16 39 23 24 13 27 28 33 
21 28 13 16 17 28 17 20 10 37 27 20 19 17 15 20 34 20 34 26 46 13 21 11 22 17 16 23 21 18 19 26 17 24 20 38 14 25 26 25 22 18 19 25 26 19 17 17 10 46 
23 31 16 17 11 37 18 14 35 26 15 32 19 19 23 32 28 15 34 30 25 14 31 18 19 19 14 15 13 16 18 26 27 25 29 31 20 37 22 35 26 26 43 23 14 23 21 19 23 31 
27 21 12 21 24 17 12 35 35 18 17 35 25 27 13 21 26 14 13 23 37 18 30 12 23 14 11 19 17 14 18 24 35 24 37 18 20 28 15 20 31 12 29 31 19 24 20 16 23 28 
22 17 14 15 19 26 16 30 20 29 16 24 29 24 25 22 29 15 23 24 22 14 17 20 32 17 17 16 20 19 32 18 19 16 21 33 34 1 25 23 25 20 28 24 22 13 9 18 13 24 
21 28 17 20 17 29 21 20 12 24 22 16 28 14 21 29 35 20 20 18 18 26 10 19 20 16 13 20 10 16 31 23 34 36 18 29 31 25 28 39 26 15 24 11 26 23 14 27 28 26 
17 29 17 16 20 25 9 29 27 20 14 23 12 19 17 24 17 13 18 23 22 12 27 22 23 24 14 12 15 15 19 23 25 27 28 33 27 32 33 38 29 23 18 24 27 24 13 29 18 37 
29 23 19 10 4 32 9 21 28 32 15 22 28 12 27 17 25 14 23 25 21 19 25 13 26 17 15 20 20 8 36 19 15 37 15 27 35 36 28 32 9 18 28 23 30 9 21 23 27 40 
38 34 26 10 19 27 21 28 33 26 21 25 17 11 25 32 28 11 19 25 29 20 16 11 28 23 18 15 17 20 28 33 29 27 22 47 10 18 13 18 13 20 37 15 19 24 7 14 20 27 
38 33 9 19 14 29 15 13 13 27 15 30 36 13 31 26 5 15 27 29 27 9 22 11 18 14 10 17 19 17 20 35 17 15 30 27 33 31 18 26 33 23 25 30 32 27 11 25 21 31 
43 32 8 11 10 25 19 19 25 18 18 22 23 15 26 26 23 15 16 16 30 18 21 12 26 20 10 19 24 15 34 22 37 24 25 43 33 36 21 27 30 7 19 36 29 28 15 20 16 24 
22 16 16 17 18 17 17 20 31 32 25 26 32 18 16 26 26 16 21 18 30 14 27 16 31 17 18 22 25 10 13 16 17 25 17 19 29 41 13 26 32 18 24 40 15 31 18 23 26 17 
20 32 15 17 12 29 14 25 20 25 24 16 25 19 24 16 34 17 15 14 31 25 32 16 21 21 16 21 14 32 18 24 21 35 30 12 28 29 29 13 42 21 18 28 32 24 19 19 20 17 
39 25 27 15 27 21 18 26 29 17 21 16 23 16 16 19 19 10 28 28 24 16 22 16 17 18 16 10 18 22 22 14 36 35 31 31 28 33 19 29 27 17 21 35 24 17 15 20 34 30 
32 10 16 14 15 27 17 15 28 30 21 24 23 15 14 35 25 30 12 22 16 20 26 16 32 15 17 19 12 12 36 25 25 28 24 38 16 17 17 40 38 6 31 28 25 32 26 14 20 34 
27 19 17 14 26 18 22 23 33 27 29 32 22 18 20 25 22 22 41 29 24 18 19 17 28 27 17 14 24 24 16 23 27 19 37 15 19 32 15 23 28 16 17 22 17 20 20 13 25 26 
28 27 17 9 18 22 19 14 39 25 16 32 19 21 12 34 22 20 18 9 25 12 23 19 22 22 10 26 18 14 22 20 30 18 17 19 30 20 20 18 18 32 22 25 31 20 26 23 19 24 
18 19 21 13 21 27 20 22 23 33 11 21 24 16 24 31 24 18 31 28 27 14 30 20 25 15 15 11 18 28 32 24 25 28 15 35 40 30 29 24 13 17 30 33 27 32 26 28 17 29 
39 35 14 17 18 18 18 22 19 44 19 33 22 14 33 22 22 18 20 22 15 23 21 20 27 13 12 22 15 14 46 26 21 23 28 31 25 16 16 20 33 18 9 32 24 13 9 14 23 31 
35 27 21 20 17 25 16 25 29 19 18 27 25 16 13 30 38 13 17 36 34 11 19 11 22 24 16 18 26 9 36 30 25 16 17 31 19 39 29 19 34 22 26 29 23 24 20 21 25 21 
25 33 27 12 24 14 11 23 32 29 16 29 22 27 17 29 34 21 15 29 16 18 21 21 28 21 19 19 26 16 31 31 36 24 24 32 24 30 14 32 19 21 19 32 36 21 21 11 26 27 
26 8 17 17 15 11 17 27 34 21 25 19 19 10 21 28 20 18 23 24 13 18 17 14 27 9 26 14 17 12 30 21 30 39 27 42 43 25 23 33 37 9 31 25 31 22 26 18 17 29 
30 26 10 15 19 37 18 15 17 26 18 37 18 11 23 16 24 19 26 26 32 13 17 11 25 18 19 10 16 19 32 18 29 32 32 30 24 20 15 27 29 24 4 45 18 19 23 15 27 17 
16 13 10 11 15 16 13 20 40 30 19 24 17 18 22 25 23 20 20 23 31 24 28 15 19 16 17 20 23 20 30 22 34 34 30 25 36 16 24 14 32 16 11 21 32 22 16 29 25 17 
29 45 18 27 17 16 17 17 23 28 17 27 30 20 25 18 25 14 1 28 24 13 28 17 19 25 17 17 20 8 20 24 31 21 36 41 37 27 24 24 23 20 15 37 22 20 28 11 21 21 
28 22 18 12 25 25 10 14 25 28 24 18 26 16 18 22 33 13 22 12 32 19 29 37 25 14 17 12 18 12 26 13 41 14 35 35 47 38 16 40 37 20 37 39 13 23 18 18 23 22 
31 25 23 13 15 22 19 16 24 24 23 21 24 13 10 20 30 7 26 29 28 19 18 25 34 11 23 17 27 12 22 14 32 25 30 32 26 31 14 8 22 18 37 21 12 29 11 14 20 45 
30 28 18 15 12 35 17 22 16 26 17 31 14 21 30 26 23 21 27 35 43 12 27 27 33 14 17 18 22 9 31 24 30 15 20 26 24 30 29 32 20 24 32 27 29 27 17 21 32 25 
31 38 17 13 23 22 13 16 26 31 20 18 25 17 19 30 29 12 21 33 39 16 20 5 32 27 17 15 19 25 26 9 25 22 25 36 50 40 25 28 26 20 17 16 27 19 19 14 30 27 
29 13 15 13 20 30 19 21 23 35 25 26 23 16 29 19 26 12 19 19 30 14 8 13 23 20 13 19 27 19 19 14 32 29 10 29 43 27 25 30 31 23 27 41 25 19 17 20 27 17 
31 25 19 15 12 30 23 11 14 31 27 24 31 27 25 16 29 13 27 19 38 15 22 17 23 20 17 15 18 21 29 25 32 29 24 34 40 31 16 27 31 14 7 24 21 21 16 21 18 22 
12 25 15 13 17 31 19 14 16 18 23 32 32 12 28 29 11 17 20 30 41 19 22 14 12 25 14 12 25 19 13 21 35 15 29 16 30 36 25 21 27 31 18 36 24 25 25 12 24 31 
35 36 16 13 10 25 20 25 30 36 18 25 16 19 16 28 18 14 18 19 28 25 19 18 27 20 13 18 16 16 29 22 41 25 19 26 28 41 24 32 30 16 18 28 26 21 15 29 26 28 
35 27 21 14 8 19 9 14 22 25 30 26 21 13 23 23 31 17 22 30 37 30 27 25 29 25 13 14 15 19 18 15 13 25 33 23 39 30 16 28 38 16 19 32 32 33 16 13 23 30 
27 34 21 11 18 23 11 24 42 39 11 22 19 7 11 19 21 15 18 10 38 13 31 17 20 12 16 15 18 20 15 24 22 24 21 32 30 18 24 41 29 12 13 29 28 31 26 26 26 30 
33 31 24 14 25 26 21 33 27 17 21 31 29 23 11 19 42 15 24 17 37 23 18 14 21 19 10 19 19 25 23 23 18 19 23 22 31 41 18 33 28 21 29 27 20 26 20 24 22 27 
20 23 24 12 27 28 17 24 27 30 20 20 25 20 18 24 31 19 30 22 19 29 23 21 34 13 8 15 14 13 25 24 31 29 15 39 39 27 35 39 42 18 40 22 22 19 18 16 21 30 
32 27 25 13 17 23 16 27 18 29 14 27 24 19 19 22 13 15 22 19 34 11 17 20 19 26 15 21 20 21 32 24 35 18 21 28 35 37 16 22 40 11 15 31 26 36 13 23 24 26 
24 10 16 23 14 30 9 35 29 38 20 26 21 13 19 33 40 20 12 22 33 17 23 10 16 28 19 23 25 19 18 18 15 23 23 25 23 27 20 37 37 17 31 33 19 25 14 16 26 22 
21 38 26 13 21 29 17 31 16 25 19 26 28 13 27 25 37 17 21 25 30 20 32 15 39 9 12 16 13 15 30 21 34 22 26 27 25 28 38 25 35 16 14 22 33 26 21 24 27 31 
17 17 3 25 9 26 11 24 13 25 23 26 29 24 11 21 26 12 29 23 28 25 6 13 30 13 25 11 18 14 25 14 30 22 37 44 36 26 21 29 23 18 36 34 27 17 20 17 16 26 
22 16 22 17 16 15 18 15 16 23 12 30 22 24 15 20 29 22 29 28 23 26 22 22 21 19 17 14 16 19 18 20 39 24 37 31 31 31 22 24 21 15 24 22 27 20 20 28 17 24 
29 31 22 21 13 23 23 23 23 29 24 20 29 16 6 23 16 24 22 18 25 15 21 11 25 14 10 17 19 15 18 26 24 14 18 20 39 22 19 14 16 19 31 17 37 23 18 20 22 19 
28 35 18 21 23 21 18 16 35 25 25 34 24 20 10 24 32 19 26 23 36 20 31 15 32 18 11 15 17 6 32 21 19 19 34 23 28 27 12 32 26 28 34 32 30 22 18 12 18 30 
36 21 13 16 15 21 20 23 25 22 21 21 25 9 10 23 34 20 19 20 38 17 22 21 28 22 14 11 28 15 29 22 29 27 33 33 46 30 23 24 28 26 30 28 27 12 15 26 25 37 
43 13 18 12 27 22 11 22 25 37 17 30 15 13 18 25 27 15 22 31 21 25 7 14 13 19 16 25 18 13 25 13 34 20 27 33 28 28 27 5 28 17 29 25 20 20 22 29 26 27 
27 34 14 14 17 23 25 28 30 21 13 16 29 12 20 22 37 14 27 27 19 24 19 18 25 15 19 16 17 10 24 18 27 28 27 19 36 19 26 28 20 21 27 17 39 32 14 24 23 26 
32 23 20 19 21 27 24 22 22 27 24 24 19 16 25 9 8 16 15 27 17 14 15 14 16 27 12 15 16 23 26 29 25 24 26 33 23 26 23 34 16 10 21 33 37 32 26 14 30 26 
28 38 17 16 23 24 19 19 14 29 29 21 23 14 26 7 24 9 25 24 32 21 26 15 21 22 15 20 12 9 27 23 18 34 21 33 44 39 21 37 26 17 17 40 23 19 25 28 35 30 
15 41 14 20 16 20 10 26 31 27 21 21 20 15 31 20 16 15 21 17 27 11 28 18 13 24 11 21 12 11 24 34 29 13 30 40 36 29 12 15 23 16 33 22 33 15 24 33 21 30 
37 22 19 18 10 18 13 23 28 29 26 23 25 16 20 28 38 5 22 16 28 17 26 9 20 28 15 15 18 13 34 34 21 10 30 20 21 32 31 24 25 20 23 52 8 26 24 17 19 27 
8 31 21 17 16 20 19 15 23 42 18 23 22 15 19 21 30 16 26 21 27 23 18 13 21 20 17 16 16 16 15 32 32 24 27 20 32 11 30 29 19 28 30 26 25 35 14 17 22 33 
29 26 16 21 18 29 8 14 23 26 19 19 29 16 21 21 35 17 27 25 31 25 30 20 15 5 19 19 22 19 19 26 35 28 10 26 27 26 17 21 18 13 21 37 22 26 13 22 23 29 
30 32 15 19 14 16 13 11 21 17 21 25 17 12 21 22 29 17 27 16 34 22 23 25 11 28 4 23 19 25 18 20 28 33 17 36 35 19 10 24 29 15 27 35 29 23 13 22 19 31 
30 37 9 17 21 18 10 23 20 36 12 22 21 9 21 25 22 15 14 24 21 16 24 18 20 10 16 13 26 15 26 17 35 30 26 17 34 18 11 4 32 13 31 29 29 26 26 19 23 23 
19 9 20 12 10 27 14 21 36 21 15 20 24 7 24 32 30 18 22 25 45 20 16 17 26 15 18 21 18 12 24 33 27 25 7 6 41 27 14 37 31 15 28 38 37 32 20 18 31 16 
34 34 20 19 22 19 14 21 25 29 13 24 25 17 24 19 44 21 25 29 19 16 13 22 31 21 12 25 16 16 15 28 23 26 28 23 19 31 12 47 32 12 19 28 32 34 25 24 25 25 
25 22 20 16 22 20 23 23 29 24 22 31 22 15 27 16 20 19 23 27 22 17 16 17 13 19 17 13 20 14 17 23 26 33 24 18 27 29 5 43 18 28 34 21 29 26 17 22 20 38 
19 9 28 19 16 18 12 20 24 39 18 17 18 11 22 33 29 14 19 20 28 18 22 8 20 18 21 15 28 15 20 15 37 27 24 22 25 22 21 20 32 21 19 26 33 31 19 14 24 33 
32 13 15 16 22 22 28 21 29 33 15 37 13 18 15 27 28 12 12 22 57 20 22 19 36 20 13 19 23 26 31 27 27 23 10 39 23 21 29 29 18 27 25 31 30 30 15 26 22 18 
25 25 24 12 26 19 26 22 28 28 16 25 27 16 29 30 24 18 21 8 32 15 25 17 28 29 9 15 19 35 18 19 35 26 25 30 34 27 22 28 25 13 26 37 19 24 16 14 17 32 
32 37 21 15 21 21 13 14 41 44 23 32 14 20 18 26 27 17 25 23 23 16 19 21 29 20 15 14 11 15 32 22 23 34 14 27 43 33 13 27 20 22 24 28 29 30 15 25 19 14 
28 24 13 15 14 29 14 23 23 28 16 29 29 24 21 30 26 19 13 18 28 21 35 22 18 17 24 17 21 11 35 43 22 20 39 24 33 25 22 20 23 19 27 33 27 10 22 23 24 27 
31 28 21 16 23 26 21 22 28 27 17 31 34 18 24 13 21 14 30 26 36 14 24 9 13 23 17 17 14 10 25 27 26 24 12 29 12 34 24 10 25 17 28 32 29 24 12 27 19 36 
23 17 25 7 15 17 11 6 37 27 21 16 16 18 8 20 35 17 9 25 42 24 28 17 25 25 13 13 21 22 29 22 22 10 27 11 34 28 34 33 14 20 28 29 10 13 15 34 18 23 
33 15 18 18 14 22 11 36 28 38 18 28 21 21 23 15 24 19 20 25 35 16 17 19 20 22 19 21 10 21 28 25 32 21 22 22 28 34 24 32 34 24 21 23 30 7 23 22 10 14 
32 27 13 16 10 23 15 14 20 16 22 22 27 14 19 21 34 18 21 34 19 20 40 15 24 13 12 21 31 13 16 24 21 41 35 36 37 22 20 35 31 14 30 26 24 26 9 30 26 30 
36 36 23 15 16 25 25 20 21 30 14 18 28 17 12 16 25 15 14 37 16 22 27 16 21 26 18 12 15 18 34 22 38 24 20 30 23 24 20 22 29 25 15 22 35 23 16 19 21 19 
34 41 15 19 13 15 14 21 30 29 22 16 19 11 23 18 18 24 18 26 44 21 22 16 16 20 13 13 25 16 22 29 24 32 25 30 35 24 21 43 27 19 25 18 24 18 15 21 18 27 
29 46 18 16 15 25 16 15 13 40 20 10 26 17 30 22 32 16 26 21 15 16 23 19 27 17 14 14 22 20 20 21 22 18 11 14 25 43 12 30 32 15 26 34 18 16 15 23 24 35 
34 36 14 18 24 21 19 25 23 30 13 23 19 12 30 30 21 15 16 22 21 21 20 10 27 20 11 16 25 13 35 20 31 30 28 20 28 16 42 23 31 17 24 15 25 27 13 34 25 29 
20 26 19 22 22 27 15 28 30 30 29 19 23 13 17 21 21 11 18 14 32 20 22 17 29 8 14 17 21 22 19 23 12 13 17 15 26 16 31 26 18 25 27 27 30 22 15 19 23 35 
34 27 18 19 12 28 21 26 24 16 12 12 25 2 25 21 30 18 28 20 24 18 22 11 38 21 25 21 17 22 25 30 28 16 38 23 46 27 21 24 31 22 23 22 29 28 15 14 28 37 
25 27 16 12 27 26 8 18 19 28 19 27 27 15 24 25 21 11 36 23 27 15 20 17 30 19 7 15 28 9 25 22 18 17 32 24 41 18 34 20 33 17 12 27 27 19 24 24 16 23 
28 21 14 8 20 34 18 13 31 27 20 12 22 17 13 19 27 19 28 21 32 17 23 9 37 18 19 15 14 18 28 21 32 26 20 37 27 29 31 18 38 20 33 31 30 12 24 17 28 21 
33 19 20 17 22 36 13 11 28 31 20 16 23 18 9 31 21 17 22 14 39 21 17 20 17 18 15 16 24 14 36 18 25 25 26 33 29 32 10 39 28 20 23 38 33 28 7 12 29 31 
18 39 16 29 15 23 17 38 29 26 20 14 20 15 17 22 26 17 24 31 20 11 14 21 13 14 18 14 22 11 27 23 28 19 25 11 17 17 12 36 37 24 26 42 29 22 17 27 21 29 
21 26 16 12 7 28 15 27 23 22 27 27 26 15 13 23 29 18 22 28 39 12 27 15 22 16 12 14 18 15 35 18 29 26 24 31 25 30 4 15 15 18 22 27 22 25 27 17 17 37 
21 23 20 13 21 23 17 24 19 12 11 20 20 23 9 19 19 25 30 30 27 18 19 18 20 12 15 17 23 15 43 27 31 31 20 6 25 37 22 43 30 17 29 23 23 27 16 31 11 20 
23 21 17 19 17 22 13 23 32 21 22 15 36 18 24 22 21 20 26 21 31 25 25 18 28 17 16 22 22 16 25 24 25 36 9 35 36 38 11 37 20 29 24 16 28 24 7 20 26 24 
34 36 23 26 12 20 15 31 23 32 22 18 33 17 6 13 16 21 9 7 26 25 19 20 39 14 9 16 21 19 15 28 19 23 30 30 24 27 19 20 32 13 21 20 20 25 14 27 17 24 
30 21 13 20 16 26 14 14 33 27 18 30 17 21 10 27 19 15 9 18 25 27 27 23 32 24 15 19 27 16 33 24 13 28 34 21 32 40 29 27 32 9 33 28 19 21 9 13 29 34 
35 25 18 15 12 17 11 18 28 26 21 20 23 19 24 26 39 17 25 28 36 26 19 13 27 24 12 15 18 9 19 25 29 31 23 21 46 24 14 23 10 26 40 31 18 17 28 22 31 34 
55 34 11 14 12 21 15 27 9 32 17 22 28 12 17 20 45 20 31 18 36 8 19 25 24 20 12 13 21 8 24 28 38 24 24 16 29 33 22 24 21 17 22 29 6 28 24 18 22 24 
37 19 32 14 19 25 15 14 29 36 17 16 16 13 15 17 38 14 20 32 50 13 24 17 29 24 19 10 16 15 25 25 23 19 16 28 36 28 20 26 41 26 14 23 36 17 16 23 21 18 
21 33 9 14 8 9 15 26 32 34 11 15 23 12 23 29 19 19 14 25 26 14 14 9 29 18 15 11 17 22 25 19 32 23 20 22 19 48 21 19 21 9 24 43 13 36 20 24 29 33 
45 22 16 21 14 19 20 27 27 34 13 22 25 19 16 23 31 14 11 30 17 12 16 19 27 19 20 16 17 30 40 25 26 6 31 35 32 36 16 21 15 26 37 29 13 21 20 13 14 29 
34 17 17 16 18 26 19 26 27 23 24 19 26 16 10 24 23 26 17 32 27 17 32 12 6 12 16 14 12 26 30 28 33 19 43 29 24 26 22 17 19 25 26 31 30 7 19 17 20 31 
32 18 21 11 30 36 14 19 22 31 19 17 25 13 31 30 25 13 17 21 38 23 21 20 33 7 16 17 22 28 35 20 34 36 9 26 44 32 22 13 31 14 23 22 22 28 17 13 27 37 
39 41 11 17 22 25 18 22 32 37 26 14 24 20 17 32 22 18 8 32 26 24 14 11 30 22 13 11 23 22 42 25 26 27 32 38 39 29 25 23 29 22 21 34 41 28 16 15 20 23 
20 42 16 13 6 24 8 21 18 34 16 30 23 12 14 26 25 15 23 25 17 22 26 9 24 13 13 19 16 17 25 29 33 24 13 25 24 16 19 31 18 26 32 15 18 32 26 20 14 30 
31 28 14 18 12 21 18 27 28 19 21 20 32 8 29 32 23 13 26 18 25 10 11 19 26 25 20 14 15 10 25 9 33 20 27 28 30 16 24 33 19 23 22 22 26 20 17 7 16 26 
38 12 26 14 14 26 10 14 23 24 13 17 25 14 12 20 33 9 30 20 31 20 29 18 15 23 12 20 20 21 34 16 25 17 9 25 27 34 22 21 41 26 24 25 22 28 17 25 29 33 
35 27 14 10 33 27 14 23 29 40 16 27 27 17 36 18 34 13 21 14 36 22 24 27 32 13 18 17 21 18 36 15 38 21 35 33 12 30 27 24 48 15 22 20 13 29 31 11 30 24 
26 43 11 14 26 34 19 34 15 27 20 18 15 13 18 19 39 11 23 17 30 25 20 19 27 17 16 20 19 17 37 24 24 22 20 19 42 30 31 34 28 25 13 17 23 22 19 22 28 21 
25 34 25 20 19 20 10 13 29 35 24 24 27 17 18 29 20 10 25 19 37 22 19 9 25 19 20 20 26 12 27 28 30 31 23 35 20 28 28 29 20 21 15 33 20 21 18 15 15 37 
34 34 21 22 17 26 19 15 24 28 22 14 30 10 28 29 32 12 24 6 26 21 28 20 24 17 17 16 19 16 32 23 30 29 25 23 23 38 19 24 36 20 32 36 23 21 21 25 28 26 

MachineCapacities:
MachineID Capacity
0 10
1 10
