NumTasks NumMachines NumScenarios
15 3 1000
TaskDetails:
TaskID ReleaseTime ResourceConsumption SuccessorsCount Successors...
0 0 6 6 8 2 2 3 
1 0 10 9 8 1 2 
2 0 5 7 8 3 4 5 6 
3 0 4 2 2 2 4 5 
4 0 1 8 6 2 7 8 
5 0 5 1 7 1 8 
6 0 10 2 8 2 7 8 
7 0 9 5 3 0 
8 0 2 3 1 0 
9 0 6 6 4 1 12 
10 0 4 4 6 1 11 
11 0 9 4 7 1 12 
12 0 7 4 3 1 13 
13 0 2 9 4 1 14 
14 0 3 3 5 0 

24 29 25 10 31 16 34 20 22 23 25 13 19 13 28 15 5 36 17 13 16 11 31 31 31 25 33 22 31 27 13 13 38 18 25 18 18 22 21 21 23 20 24 39 31 
23 30 28 16 31 25 29 28 25 42 13 16 8 20 30 29 18 13 14 22 28 13 14 13 29 28 38 17 18 19 17 17 18 12 25 20 28 24 15 16 22 24 34 26 27 
14 39 38 17 41 22 17 30 23 30 35 18 10 23 35 23 24 20 16 19 20 14 21 30 16 23 34 20 31 27 15 18 20 22 13 9 18 29 15 19 34 23 24 20 30 
23 27 25 19 34 15 15 30 19 35 9 13 25 21 32 27 18 35 23 22 16 13 18 28 15 19 45 12 24 20 14 14 16 15 32 20 20 33 18 22 26 10 37 27 19 
20 24 36 17 41 26 8 16 5 10 28 15 16 20 30 36 16 26 16 15 11 17 21 30 25 31 36 13 15 23 26 14 21 17 29 22 28 21 7 19 22 16 31 37 32 
11 32 23 13 31 13 38 33 23 32 25 14 28 13 27 19 20 28 24 14 17 17 12 13 20 27 34 7 26 22 24 20 29 16 22 15 13 37 15 24 21 16 30 32 31 
24 19 23 13 22 32 15 27 25 27 22 17 17 12 49 29 30 24 19 20 22 12 23 33 16 36 33 19 22 30 13 19 30 8 21 7 23 36 20 10 17 11 28 22 28 
13 33 21 11 12 23 22 17 15 28 22 14 29 18 22 25 28 15 17 19 35 16 12 46 24 20 19 19 31 29 14 20 28 9 13 25 31 22 18 22 23 17 34 28 37 
16 26 24 14 24 25 27 37 14 22 24 20 27 19 17 32 13 32 6 16 15 19 14 33 26 24 27 15 15 8 7 11 29 13 33 10 24 25 8 8 30 21 34 22 25 
20 34 30 21 47 32 12 30 21 36 13 15 19 16 29 21 23 29 17 19 12 16 23 29 22 32 29 22 16 21 16 17 32 19 24 22 20 28 14 21 11 15 16 20 24 
20 28 20 17 15 9 24 18 23 29 26 22 14 17 41 27 19 37 22 18 20 14 15 29 7 31 18 21 28 21 15 20 23 23 14 23 23 10 12 14 32 19 27 16 31 
20 22 24 12 26 18 13 33 20 25 28 18 25 13 28 28 15 32 16 22 23 17 10 24 25 31 36 11 22 17 18 16 31 10 25 17 33 19 8 22 24 21 36 36 37 
14 20 35 13 24 21 23 15 16 18 19 20 19 19 29 21 25 17 14 13 17 18 21 30 21 20 53 20 17 33 15 21 25 12 29 21 29 27 15 16 36 18 44 36 29 
11 26 21 15 40 13 24 20 15 11 21 11 17 19 38 25 26 27 19 14 24 19 18 38 30 42 35 22 22 8 22 12 20 16 28 19 34 22 8 19 22 18 37 17 30 
22 24 28 16 38 22 18 20 26 25 15 15 19 16 9 20 13 27 21 10 16 17 26 18 23 34 34 19 6 19 14 20 23 17 25 24 14 24 19 13 29 15 22 34 28 
13 23 29 17 24 15 17 19 14 23 19 20 21 18 30 24 30 25 15 12 17 9 23 21 26 17 39 17 14 18 13 11 36 16 23 21 27 29 17 16 26 21 21 44 27 
24 33 24 15 14 24 27 26 21 27 24 13 16 16 27 24 16 38 20 17 28 16 14 21 19 27 30 4 29 17 13 15 28 16 19 20 25 35 19 20 25 18 16 24 19 
20 29 12 23 22 24 25 30 20 24 39 8 23 23 19 54 18 40 17 19 21 16 25 30 26 37 29 21 26 24 22 19 22 15 9 15 28 37 23 23 18 24 34 29 23 
20 32 33 13 40 9 14 28 9 31 22 16 22 19 31 28 20 23 21 17 21 13 23 22 26 26 27 20 39 22 6 11 34 19 18 21 25 26 16 17 37 18 36 23 38 
18 30 23 15 26 18 16 26 16 38 25 17 14 11 31 47 17 34 12 21 16 12 13 26 19 24 8 21 18 16 18 13 26 16 33 23 21 31 15 25 21 22 39 27 29 
22 29 27 17 19 20 24 21 26 24 22 13 16 16 25 34 32 32 24 10 18 18 23 26 16 40 26 17 21 27 17 10 31 12 29 24 30 27 14 29 9 19 22 36 22 
14 27 16 14 27 10 29 8 24 36 19 16 26 18 27 41 14 21 16 16 17 18 11 15 5 45 2 19 25 17 13 20 19 13 29 11 18 32 16 14 22 13 18 35 39 
22 20 30 18 24 15 27 29 23 30 23 7 26 15 29 26 27 31 17 16 21 23 15 34 27 15 47 23 22 17 9 12 20 17 25 23 13 25 14 20 34 21 36 29 28 
23 24 29 14 38 24 25 23 16 33 16 17 29 20 20 18 23 28 15 14 19 12 14 27 24 19 30 16 27 13 14 20 23 20 22 17 27 34 9 16 30 21 38 37 20 
17 39 33 16 40 19 18 21 24 25 29 15 18 16 23 31 23 27 19 19 17 14 11 24 18 32 30 20 22 19 7 10 25 6 16 18 29 18 16 17 27 21 37 23 36 
10 36 23 11 25 26 30 15 23 24 28 11 27 15 37 18 22 27 16 23 11 20 20 32 26 35 29 11 16 21 17 10 21 18 25 18 16 36 10 20 27 19 20 34 31 
25 14 17 22 22 32 23 26 3 40 19 10 17 8 19 29 18 15 17 25 17 14 16 30 23 29 33 20 16 29 11 16 24 15 24 18 22 29 19 27 31 18 25 36 30 
13 42 38 22 23 17 33 17 20 25 27 14 33 11 25 34 21 33 13 8 22 20 15 33 31 34 45 27 25 27 17 19 24 17 23 21 15 24 12 10 29 30 36 37 26 
18 28 17 14 30 22 15 25 13 23 33 22 24 18 30 21 19 24 12 19 16 16 15 42 35 26 37 23 17 13 12 21 36 18 14 21 25 33 27 19 29 8 35 9 18 
21 31 16 16 46 14 26 24 23 22 18 19 26 6 16 35 12 28 18 15 17 9 18 27 19 24 30 13 15 23 9 13 20 7 32 16 16 25 16 25 31 22 48 27 22 
21 27 44 10 8 17 19 15 21 26 26 16 13 19 25 44 33 27 23 16 24 19 18 32 24 17 31 19 22 24 14 13 20 14 20 10 15 29 17 23 24 14 36 24 31 
18 37 28 19 35 22 27 24 21 14 32 21 9 13 4 9 20 27 13 13 14 7 21 22 27 18 38 7 8 23 12 10 17 16 18 21 22 16 18 19 36 10 30 34 11 
17 19 30 16 34 26 13 26 27 23 18 11 20 13 14 26 20 27 20 18 30 12 20 25 19 21 36 13 19 23 21 9 20 18 25 21 30 27 19 15 41 15 19 19 12 
20 27 12 19 29 26 23 18 12 28 35 19 28 22 35 25 28 23 14 13 22 14 22 43 7 22 11 19 20 18 18 14 30 13 22 30 30 24 29 13 42 20 31 21 25 
20 17 24 22 26 18 25 20 19 29 22 14 30 15 23 40 20 24 16 24 16 13 18 26 4 16 29 24 20 30 13 12 36 18 26 10 23 25 24 22 23 6 33 34 29 
23 29 43 17 24 22 32 35 26 16 23 11 19 21 31 35 17 26 18 16 7 17 21 25 14 25 37 18 21 31 13 9 35 17 16 21 16 30 9 14 34 22 27 30 24 
23 37 43 14 22 17 24 26 14 33 24 9 5 16 36 29 5 40 18 15 15 13 15 23 24 18 31 18 33 27 13 11 14 12 13 17 22 32 21 27 12 27 44 37 24 
31 32 19 13 25 30 31 17 28 18 24 14 24 20 19 53 22 32 18 20 21 18 19 19 16 23 38 18 33 20 23 16 29 12 24 17 20 23 15 18 44 10 24 24 36 
19 28 29 15 18 22 11 19 20 35 13 13 19 16 26 16 19 19 15 15 29 17 14 15 23 36 42 18 17 20 13 10 20 17 25 19 36 32 11 14 42 22 41 36 33 
22 27 24 11 31 29 28 28 22 42 31 16 23 24 38 36 21 25 19 20 26 18 11 38 33 34 26 23 30 25 26 12 17 20 21 22 26 25 26 19 32 14 38 25 30 
15 37 13 12 39 32 22 26 18 27 25 9 22 18 35 20 21 28 19 11 8 9 19 18 17 17 30 15 22 28 16 17 20 14 32 18 19 21 16 13 31 23 19 31 24 
14 34 26 20 29 13 30 25 15 25 20 21 18 20 27 20 26 37 17 18 12 9 20 38 22 26 33 20 23 26 17 21 20 19 25 18 33 32 20 21 40 13 20 25 19 
17 35 23 18 18 18 26 24 11 32 20 14 19 16 30 16 22 14 20 13 12 17 32 28 31 25 38 14 27 23 17 9 25 15 12 23 23 30 24 20 32 19 24 22 33 
25 33 28 13 23 20 27 22 24 19 20 14 23 18 30 29 18 36 21 17 11 15 21 27 38 14 33 17 20 27 17 11 24 19 28 24 4 31 19 21 25 22 38 23 22 
19 23 22 18 30 21 28 29 30 41 26 12 21 10 26 24 14 25 20 12 22 16 24 25 16 30 19 15 28 25 17 12 20 18 35 24 22 31 2 11 29 21 39 16 23 
22 41 13 11 29 22 15 24 19 15 17 16 13 14 16 33 6 33 10 16 8 19 13 36 21 19 29 14 27 24 17 21 20 15 14 29 28 34 21 16 22 19 34 27 27 
20 32 19 21 29 32 19 14 16 25 20 18 21 16 32 23 33 23 17 15 22 16 23 24 35 24 26 18 29 26 11 12 27 18 21 20 21 32 12 23 31 14 32 30 14 
17 25 22 20 29 22 14 19 17 41 26 13 19 14 25 37 18 28 18 17 18 16 20 27 18 30 9 18 17 24 15 7 30 13 22 23 27 10 18 14 29 16 24 30 29 
19 32 35 13 35 29 21 26 27 22 18 12 19 18 20 28 20 31 18 10 21 13 18 27 28 26 34 17 29 10 13 12 29 17 13 27 14 43 20 30 28 10 32 24 31 
14 33 24 13 25 25 23 11 16 32 25 15 11 19 35 31 17 19 6 16 28 21 21 24 23 17 6 24 16 18 15 16 28 14 25 28 28 15 24 19 10 9 22 20 18 
18 27 24 20 35 20 35 17 22 21 25 16 18 19 40 27 22 24 15 12 15 9 12 40 21 13 36 19 18 26 16 15 27 13 23 15 21 24 19 17 13 14 44 25 34 
26 23 34 15 20 18 26 13 21 31 25 14 32 10 37 23 21 13 14 19 26 17 21 41 32 23 52 19 26 25 20 19 26 18 24 14 30 33 10 17 5 22 50 23 50 
24 40 20 17 28 11 15 28 21 24 26 24 19 10 20 32 20 28 12 16 28 11 14 26 16 40 26 23 23 26 17 11 20 21 8 15 21 32 16 11 48 31 31 35 23 
21 41 34 12 5 25 28 15 21 29 36 19 30 13 22 35 23 31 16 18 18 11 26 35 16 22 34 16 23 23 11 12 19 11 30 14 22 19 19 18 25 21 24 35 41 
16 34 23 17 29 27 20 24 15 22 30 22 25 19 39 51 21 28 20 13 25 11 23 4 30 31 37 15 25 28 14 14 29 18 20 16 18 14 12 22 34 26 29 21 26 
18 35 14 15 21 17 13 17 13 33 29 18 16 18 17 33 16 28 17 16 32 15 15 23 23 20 37 13 13 21 13 13 22 18 21 13 35 33 18 10 22 20 15 34 28 
22 34 29 20 27 17 23 20 18 29 27 17 9 14 26 22 17 26 20 16 22 9 12 25 37 27 35 21 17 15 11 11 28 16 15 16 28 43 24 23 18 20 21 29 16 
14 37 21 9 14 22 23 17 17 26 14 12 16 17 44 20 14 35 20 17 23 13 15 25 32 28 32 6 26 16 12 9 23 11 20 19 39 17 7 15 39 28 33 27 24 
24 24 24 18 18 14 30 13 19 23 24 11 19 16 29 31 22 22 15 18 22 21 19 20 22 23 36 25 13 26 8 10 13 12 29 29 18 33 19 16 27 24 34 23 30 
20 35 23 17 32 14 25 28 29 14 21 19 24 16 21 43 17 36 15 17 16 15 20 9 14 31 21 19 25 15 11 11 18 21 20 24 22 29 20 23 25 27 31 19 32 
14 21 17 17 21 15 9 17 19 34 32 20 18 16 27 35 32 25 15 16 20 16 27 24 29 28 34 16 23 26 14 6 15 16 34 24 28 25 19 18 23 27 23 17 42 
19 30 22 16 26 29 22 27 27 28 35 13 18 13 39 21 16 31 15 17 18 13 15 27 26 35 28 22 21 16 7 17 31 19 17 31 8 19 20 22 21 16 17 41 29 
14 25 27 22 31 20 27 15 24 23 28 9 22 14 11 39 37 27 10 8 25 15 14 22 19 29 29 13 20 12 18 15 11 19 28 20 14 25 24 14 28 23 18 26 30 
13 40 24 11 31 17 18 8 22 33 33 10 27 17 21 32 19 24 14 22 23 19 22 14 26 36 30 12 6 18 10 9 30 15 30 23 29 22 14 17 18 9 46 35 27 
18 45 36 16 26 22 34 24 11 34 24 13 27 16 26 21 32 14 18 15 13 19 15 33 13 34 21 24 21 12 16 15 32 16 11 16 32 32 13 25 33 17 33 21 24 
12 34 27 16 31 28 15 11 22 23 14 20 8 12 31 34 12 34 13 17 12 19 24 15 28 12 44 15 12 30 21 19 31 19 24 15 13 21 13 8 20 14 23 37 26 
23 34 18 16 25 19 11 21 22 30 23 20 26 8 27 47 22 15 13 16 28 14 18 35 17 45 38 20 21 14 16 20 18 13 21 14 31 25 27 26 30 16 12 26 31 
23 34 26 16 28 31 29 23 25 25 27 20 19 20 37 22 26 33 19 13 22 17 12 24 17 36 11 16 19 20 11 13 26 16 32 16 15 17 18 19 19 16 22 33 33 
15 32 24 28 25 17 21 30 6 24 26 13 21 11 23 43 12 37 21 16 30 16 26 43 15 19 30 23 21 16 12 15 32 20 27 20 22 25 24 25 18 23 15 26 28 
18 51 26 20 15 20 48 19 23 28 13 12 22 17 30 54 17 31 13 13 17 10 8 28 21 18 15 18 11 21 16 17 35 18 26 16 16 26 15 16 36 24 23 19 26 
24 30 35 24 32 18 21 29 24 32 22 19 29 13 26 36 21 27 16 14 22 14 27 22 14 29 30 18 16 25 12 12 20 19 28 6 35 24 19 14 41 13 41 14 30 
14 31 30 14 33 10 18 11 19 38 20 17 12 12 32 33 18 23 16 17 18 13 21 31 22 27 27 20 20 22 18 20 20 10 26 22 25 25 13 20 15 23 46 40 27 
20 46 31 20 43 36 21 9 16 19 24 17 25 16 13 22 18 35 15 20 9 19 17 11 22 20 30 18 22 19 17 19 22 13 19 22 16 37 12 26 29 19 16 26 20 
10 42 17 14 25 33 18 19 12 32 27 16 30 18 34 25 10 20 16 13 24 7 26 28 28 34 52 17 22 22 14 14 30 16 21 13 24 30 5 14 34 17 28 30 35 
12 17 14 14 26 17 18 30 14 37 23 20 29 19 10 42 29 32 14 17 21 15 16 11 15 42 46 10 16 16 9 17 23 15 32 22 14 27 16 29 20 8 41 20 43 
13 18 22 6 27 22 33 29 19 18 20 16 13 20 23 49 9 23 15 16 20 9 21 28 28 23 24 24 19 28 17 5 19 24 16 30 16 34 19 16 29 17 32 23 34 
19 16 30 22 44 21 17 22 20 17 11 6 22 25 33 10 23 34 18 12 16 13 19 32 8 37 35 18 11 15 17 14 23 14 23 19 23 20 17 22 30 13 38 33 29 
26 19 32 19 31 10 16 28 20 37 32 19 16 15 36 30 30 26 17 15 18 18 21 33 13 14 32 11 9 25 13 14 16 16 24 11 25 15 23 20 38 28 25 20 33 
20 34 32 15 31 26 19 22 21 32 9 14 22 11 30 23 30 38 18 22 24 16 20 30 30 22 18 15 21 21 12 10 21 21 26 20 34 28 11 17 7 19 29 38 32 
16 19 19 18 32 18 26 22 13 18 20 14 23 14 22 19 25 27 23 15 15 17 18 50 23 38 36 15 17 29 21 14 23 17 20 15 29 23 12 12 24 13 28 29 26 
12 23 23 15 29 17 26 33 17 29 30 13 9 17 25 37 13 33 9 13 25 23 16 30 21 36 31 28 26 30 17 14 16 11 24 23 8 37 25 9 28 14 39 32 43 
26 23 24 12 33 14 23 26 22 24 25 18 19 18 30 31 18 24 12 21 24 18 19 18 23 28 29 16 32 30 14 19 23 12 21 21 38 16 12 24 20 23 35 34 18 
17 31 23 13 9 17 31 20 21 41 30 13 32 13 26 38 11 24 14 14 11 20 14 26 24 22 29 21 17 27 18 18 22 19 25 16 20 28 20 23 39 18 33 25 32 
19 28 38 15 42 11 25 32 21 29 14 19 12 17 17 28 24 22 11 15 16 17 17 44 39 36 41 18 18 23 10 13 16 12 24 16 27 24 19 24 33 31 31 29 38 
20 25 27 10 37 6 33 19 8 34 30 15 15 22 19 24 24 32 13 9 21 14 23 28 13 34 38 6 8 31 13 21 31 13 14 26 30 27 14 23 27 18 26 23 27 
24 24 24 13 24 10 22 20 23 35 20 10 29 13 17 45 19 17 12 16 13 18 14 11 25 36 37 23 11 25 17 15 19 12 30 9 27 28 13 17 27 19 19 17 19 
18 24 22 18 33 15 26 20 25 18 32 17 31 12 25 19 23 29 12 13 35 19 20 15 22 15 22 20 8 24 11 10 19 25 22 11 19 26 13 11 20 22 41 17 26 
22 30 27 11 30 22 38 18 26 24 26 19 14 18 28 18 25 21 21 17 20 16 14 35 28 27 33 14 26 16 17 17 25 10 26 22 26 30 17 20 24 17 41 38 21 
16 18 16 10 14 28 26 17 20 28 24 12 17 15 30 23 22 24 19 18 24 15 21 34 29 22 61 17 28 26 17 20 29 12 19 19 15 26 15 16 26 24 35 12 32 
22 13 31 14 22 21 27 20 25 20 15 17 20 21 21 31 13 27 18 19 24 13 13 36 23 28 31 17 17 22 16 17 30 18 26 14 17 31 12 12 24 26 45 9 45 
18 22 31 16 18 24 23 16 21 24 27 14 16 11 38 38 16 9 16 13 21 15 22 36 25 29 24 12 20 27 11 14 16 19 18 24 26 32 13 18 24 12 10 22 28 
11 18 30 20 41 18 20 21 16 22 23 11 24 10 33 46 11 28 21 14 31 11 27 47 19 31 32 21 23 10 12 11 31 17 27 21 22 31 5 25 26 15 30 22 24 
26 18 17 21 35 17 15 24 19 41 25 17 26 20 23 35 12 24 18 13 24 18 23 41 20 21 22 14 20 35 21 12 20 12 22 22 25 25 21 17 40 10 28 15 26 
18 30 32 13 33 20 18 28 23 22 18 8 10 18 29 20 16 34 11 15 19 20 21 19 32 33 23 23 5 37 12 17 23 20 24 22 43 20 16 18 25 19 45 29 30 
20 32 28 20 33 25 15 27 28 24 17 7 27 14 23 26 22 23 19 23 27 18 16 20 22 16 15 24 27 23 14 17 22 16 21 20 23 24 18 20 23 17 33 35 38 
14 35 30 16 17 18 28 11 25 18 31 20 30 21 33 32 21 28 12 13 12 18 22 23 16 28 40 11 9 22 11 12 23 14 25 17 23 38 19 21 35 20 29 23 30 
21 39 30 20 29 11 28 26 15 32 21 16 14 14 27 18 17 20 17 22 28 13 22 34 24 21 38 16 17 25 11 17 27 24 22 27 30 21 13 13 25 23 22 23 22 
15 17 26 18 45 23 30 14 21 37 21 10 10 16 16 47 26 16 15 19 18 10 22 20 28 23 40 24 14 20 18 14 24 17 24 24 28 21 17 25 29 19 21 23 20 
16 20 28 19 26 27 46 9 25 39 23 14 32 17 16 43 26 37 16 13 29 21 13 28 24 34 11 23 13 18 16 14 36 9 28 23 28 27 11 21 33 11 22 35 32 
20 14 18 14 28 23 18 23 20 46 19 19 20 12 15 28 9 43 17 15 29 15 28 15 25 23 13 16 15 24 13 8 12 14 21 19 19 36 13 16 16 17 29 38 21 
19 37 23 20 32 32 37 30 19 23 26 18 30 15 41 27 6 30 19 7 30 5 23 26 20 31 37 16 19 33 16 11 23 23 14 11 30 46 21 25 23 18 24 31 34 
26 30 32 25 28 14 21 13 22 22 22 17 18 25 25 37 11 25 18 20 27 15 5 40 35 42 37 12 22 21 12 18 35 15 35 16 23 23 14 17 28 14 41 19 29 
21 32 18 14 21 12 23 21 19 5 22 9 25 15 24 30 26 36 15 21 14 19 17 34 17 22 34 13 25 38 11 13 26 30 41 21 33 19 22 33 34 20 27 27 8 
16 28 26 20 22 30 15 21 14 27 19 17 23 22 22 39 26 28 10 15 17 14 24 18 32 27 27 19 12 23 19 17 22 17 32 23 30 5 9 19 14 18 29 33 34 
14 40 28 11 28 19 21 22 14 19 20 19 26 9 28 33 22 28 18 10 25 17 15 27 26 38 35 11 16 30 24 15 13 15 22 21 17 30 13 14 19 17 30 23 17 
13 36 33 22 27 17 20 18 19 24 21 13 13 25 35 30 35 26 12 21 23 10 15 35 24 31 28 13 26 23 9 11 5 21 25 23 28 23 13 27 30 16 36 26 30 
16 39 19 15 35 17 28 23 19 35 31 8 14 14 41 33 29 39 9 14 23 11 15 33 21 27 34 14 22 18 20 10 12 18 31 25 23 13 8 15 23 21 24 16 15 
19 17 29 20 38 16 29 23 14 23 25 6 9 24 34 37 14 26 18 15 16 17 30 18 32 30 16 22 22 19 10 16 18 24 24 12 39 29 17 20 3 10 24 27 32 
11 23 14 18 30 17 28 13 18 24 29 12 17 9 30 30 13 30 12 21 18 15 18 20 23 19 28 15 21 21 11 15 35 9 41 15 24 24 18 10 30 23 22 15 44 
20 28 32 14 26 16 21 24 13 30 17 21 21 19 11 26 15 30 19 14 13 13 14 44 22 20 30 20 22 12 21 12 21 17 27 20 16 25 17 12 32 17 26 22 25 
13 26 25 13 16 22 39 18 22 35 20 23 18 18 22 24 20 25 17 12 18 19 13 22 22 18 39 24 22 19 11 16 12 17 32 23 21 27 20 17 35 13 26 32 34 
6 33 22 18 23 13 16 26 23 24 21 11 26 11 42 31 25 34 13 22 23 15 13 26 18 17 32 16 17 31 17 19 27 22 17 21 29 36 19 14 26 28 40 28 29 
22 38 25 16 40 20 29 28 33 23 22 15 22 16 31 35 10 27 11 17 20 10 16 35 25 11 30 23 16 15 18 18 29 20 23 29 19 32 21 23 27 12 37 29 39 
21 34 19 22 30 15 24 23 12 11 27 11 14 13 23 29 25 24 18 13 23 15 16 34 34 35 34 14 28 19 18 16 23 14 32 15 35 34 13 24 25 23 37 24 32 
15 6 26 13 27 12 23 15 21 25 31 12 13 8 35 27 26 31 12 18 18 17 18 34 20 27 21 24 21 25 14 14 30 13 20 15 23 37 13 13 26 4 32 39 29 
19 20 30 20 27 14 22 26 21 47 28 13 16 12 20 40 17 26 16 12 25 17 6 33 26 36 29 14 25 15 18 23 28 18 20 19 25 38 18 28 33 23 15 31 25 
21 23 30 9 29 21 26 23 20 25 30 10 26 20 27 24 13 17 20 21 7 18 27 30 23 7 39 19 15 20 12 16 24 9 22 19 33 17 12 24 30 17 37 16 41 
23 28 26 19 42 21 29 18 20 15 19 15 21 17 19 27 18 27 13 15 30 12 30 24 32 21 35 20 20 19 17 13 24 15 9 22 35 33 20 33 17 21 42 21 39 
14 47 22 16 35 30 28 23 11 29 20 16 24 15 25 32 27 13 19 22 10 18 26 18 23 33 42 13 12 27 17 10 28 15 29 15 32 22 24 13 30 24 24 37 18 
15 24 30 14 23 23 32 25 10 45 25 17 19 17 17 30 30 30 16 19 16 16 19 30 22 36 27 15 13 12 9 11 15 11 32 20 34 24 15 19 28 11 28 34 24 
9 32 20 22 27 20 20 21 17 31 15 21 21 17 32 47 18 19 20 13 24 17 16 15 14 23 32 25 19 24 14 16 35 12 19 19 20 30 20 27 32 23 28 16 33 
17 31 20 16 39 24 30 19 24 29 26 14 19 15 23 32 22 21 14 15 13 18 13 34 19 27 20 20 36 18 15 14 37 18 18 11 32 24 13 26 28 19 43 20 20 
35 29 29 15 31 18 30 26 22 24 21 14 27 18 21 15 14 35 20 9 18 15 10 15 23 25 34 16 21 26 20 8 38 14 19 25 20 37 15 18 26 26 30 32 20 
30 42 24 16 36 23 31 13 22 35 16 10 20 12 29 25 19 25 16 22 28 15 19 21 19 24 30 16 18 32 18 9 20 16 32 20 26 2 18 16 23 14 10 34 35 
11 38 21 17 25 27 33 25 14 25 26 20 28 18 30 30 18 36 11 16 17 20 17 20 15 37 43 18 23 23 11 15 31 19 22 16 21 29 20 32 36 7 31 31 46 
22 27 23 13 21 25 45 9 22 41 25 10 24 16 30 21 24 26 12 18 18 15 17 13 24 10 23 21 23 19 21 9 24 18 17 22 42 13 19 21 23 14 25 30 20 
27 30 17 12 21 14 24 18 21 23 22 19 15 14 34 18 32 39 20 20 11 17 14 31 22 18 46 17 18 31 9 15 32 18 21 19 16 42 10 21 44 16 38 19 12 
17 28 20 24 17 24 33 23 23 37 24 7 43 20 27 48 14 17 6 16 16 11 21 39 23 35 39 11 30 19 16 9 7 17 32 12 22 39 18 25 20 26 25 34 31 
18 31 32 21 22 26 24 24 13 18 25 7 18 17 29 43 12 26 15 12 22 18 20 30 20 21 32 24 24 34 13 10 19 12 35 19 10 23 16 25 36 14 45 24 22 
28 32 24 17 19 25 16 18 10 36 22 12 17 15 35 19 15 37 17 12 21 15 14 25 13 29 32 13 29 30 17 17 30 21 23 22 25 26 25 13 17 28 28 23 30 
15 19 26 14 17 22 28 22 25 29 18 13 23 16 28 27 13 33 20 17 28 13 25 32 23 28 19 20 29 21 20 12 34 21 24 14 26 33 19 20 31 22 25 22 43 
13 27 22 12 30 17 38 32 23 26 20 9 20 14 28 11 21 32 11 19 14 8 28 24 27 32 28 17 22 19 12 18 25 13 25 22 25 21 20 25 26 19 36 23 20 
16 28 24 20 37 29 28 20 25 36 26 17 11 18 25 42 20 18 14 18 15 12 27 31 13 26 25 16 20 24 17 9 33 10 16 21 26 17 24 19 35 18 23 33 19 
18 25 21 17 34 30 15 17 12 27 22 8 25 22 24 42 8 14 14 15 17 9 26 36 17 19 6 23 29 13 15 15 32 16 22 24 25 14 22 13 31 22 21 10 21 
13 27 28 12 33 21 18 26 15 15 21 14 25 11 27 31 25 14 15 11 20 11 12 31 16 33 18 18 32 27 15 16 20 21 30 22 22 33 11 19 10 24 35 29 24 
16 24 31 16 30 20 24 21 16 28 17 8 28 16 26 40 15 25 16 15 25 19 29 30 24 17 42 13 24 23 13 17 34 10 28 21 16 21 19 13 44 25 32 31 19 
18 26 20 22 32 28 28 20 22 23 24 9 17 12 28 30 18 33 11 19 15 15 13 28 24 12 42 25 17 28 5 10 29 23 23 25 22 19 19 29 32 22 13 16 38 
26 26 19 16 10 12 21 17 15 18 18 11 17 21 33 41 9 34 11 21 17 12 13 17 17 25 57 15 19 15 21 14 31 17 32 19 17 8 24 22 28 28 27 17 30 
23 14 14 20 44 17 22 19 12 19 28 8 17 14 23 38 28 12 20 15 30 17 9 32 22 16 37 26 24 20 14 17 25 10 25 21 18 13 15 10 30 20 31 26 30 
15 30 44 14 38 17 22 25 25 45 28 10 19 12 30 37 26 23 20 15 16 12 14 32 18 14 37 34 27 14 15 18 36 25 21 16 8 36 19 18 32 18 30 28 25 
20 15 20 15 19 38 15 14 15 32 17 10 16 14 31 38 26 33 16 23 30 17 18 37 14 45 25 9 27 20 17 14 21 10 20 22 32 8 12 27 21 21 21 31 27 
19 34 10 10 36 23 23 22 20 18 32 11 19 15 31 40 28 24 13 15 22 15 15 24 15 30 39 22 11 32 16 12 24 16 14 20 27 25 17 13 27 17 44 31 19 
12 28 26 16 23 19 30 35 12 26 27 15 23 16 43 24 15 24 18 20 22 19 19 23 26 27 32 23 27 23 15 7 33 18 26 20 20 34 14 19 34 14 17 32 29 
17 30 39 15 16 26 19 22 14 30 25 14 18 23 34 43 9 27 17 23 19 9 15 43 18 36 10 24 26 19 13 19 23 15 26 22 20 35 15 16 25 17 16 32 30 
20 39 33 9 23 28 22 21 18 15 28 11 30 22 12 30 29 23 21 21 14 12 27 24 22 20 31 23 17 16 20 16 26 21 16 8 25 24 21 17 43 22 26 41 27 
24 31 39 20 19 18 11 30 9 32 21 16 27 20 23 44 20 34 19 11 13 15 26 13 21 31 26 18 23 23 10 17 30 23 9 23 32 26 14 16 35 17 42 8 33 
18 33 17 20 48 18 18 18 22 37 23 14 23 20 36 33 16 28 16 19 28 21 20 30 23 33 25 18 22 27 16 19 37 14 21 11 24 33 23 20 33 16 37 27 23 
14 41 38 10 28 24 32 13 12 41 26 17 15 16 30 19 10 34 9 15 18 17 35 21 17 30 37 24 18 12 10 14 29 17 21 12 37 41 19 18 25 13 32 25 31 
20 29 24 25 39 23 22 15 21 17 18 20 17 13 16 20 17 34 8 21 33 13 18 44 27 22 27 18 22 29 17 15 31 19 29 13 32 28 19 24 20 16 17 17 17 
9 27 16 8 33 27 18 29 18 32 29 15 18 17 27 25 20 27 8 18 20 16 24 36 22 27 30 8 21 18 16 20 39 17 26 14 19 27 5 16 29 25 21 10 36 
17 35 29 19 26 24 17 23 18 44 14 15 19 16 27 27 14 29 12 8 29 12 22 23 7 29 37 15 21 21 16 9 40 14 32 15 17 19 23 15 25 23 36 32 28 
30 28 12 16 25 25 20 25 17 25 33 13 21 18 30 32 15 31 15 14 18 6 22 37 10 24 39 15 29 27 12 13 31 19 17 20 22 26 17 16 31 18 9 33 31 
23 26 28 15 32 21 22 1 19 19 25 14 11 17 30 33 15 31 23 17 17 18 16 20 22 28 22 5 20 37 15 17 27 17 33 20 37 31 12 12 33 15 42 30 19 
20 29 19 17 27 13 12 31 21 31 30 22 8 7 25 23 18 12 17 14 14 21 18 44 17 30 46 21 29 17 4 15 22 16 41 16 24 34 20 15 30 14 21 38 24 
16 33 28 20 27 24 17 22 12 24 13 11 16 15 25 27 18 9 19 18 20 14 9 31 29 23 25 20 27 19 14 13 32 9 16 24 25 28 15 22 34 22 17 29 37 
21 19 26 25 19 3 21 13 17 18 31 10 23 9 9 26 20 23 20 19 13 11 16 28 19 28 52 22 29 27 14 21 37 17 25 22 40 26 15 18 42 20 23 31 19 
19 28 15 18 35 10 26 29 30 18 23 7 19 24 37 29 30 21 16 18 29 17 22 22 20 25 35 22 20 20 12 22 17 17 19 25 16 27 22 12 29 20 31 20 29 
21 26 23 16 25 16 24 16 30 37 20 11 25 19 21 50 22 29 18 19 20 11 17 37 15 28 34 15 16 28 13 14 36 19 28 24 21 31 19 29 16 12 12 14 20 
26 25 31 21 23 12 19 12 22 31 19 10 21 13 33 24 27 32 15 11 20 13 19 28 19 28 13 11 20 21 15 16 32 14 27 15 30 32 22 18 15 20 24 39 33 
17 25 21 15 27 21 34 17 19 33 21 7 16 12 23 16 16 26 12 22 31 9 24 30 18 23 15 24 22 29 22 11 37 20 13 19 36 34 20 19 28 26 15 29 26 
28 29 23 16 41 20 9 26 23 27 24 14 18 21 30 12 16 25 16 22 22 12 23 37 15 27 18 11 34 26 11 17 30 22 15 20 18 22 22 23 26 21 20 30 30 
21 45 42 21 16 20 24 26 18 29 26 14 11 14 31 40 19 21 13 14 15 14 19 25 25 25 32 15 17 21 11 7 34 17 20 23 26 21 17 23 23 21 36 37 27 
24 36 22 16 26 16 12 28 19 22 26 18 13 11 24 38 23 26 8 13 20 16 21 35 20 29 32 18 26 14 14 8 24 15 27 9 18 27 24 28 35 18 35 28 30 
20 29 25 14 31 13 24 21 18 12 7 16 28 9 18 36 22 15 13 18 24 13 27 31 22 33 29 19 30 24 15 20 14 18 25 25 23 36 15 19 26 16 50 35 24 
17 32 29 11 27 19 14 24 21 22 23 20 32 13 15 24 13 23 15 16 13 20 12 29 23 28 26 14 18 21 21 17 26 18 29 10 24 32 10 17 38 17 15 28 35 
18 23 18 14 25 10 21 24 21 21 30 17 19 15 35 42 20 24 13 16 16 18 22 30 14 33 27 23 16 13 12 15 26 17 31 27 26 38 24 21 26 19 37 30 38 
21 27 22 21 34 21 15 29 25 31 16 23 19 11 27 27 13 22 13 17 17 16 17 43 20 19 12 19 24 27 18 15 9 17 24 16 29 35 9 15 29 15 34 31 39 
10 10 6 16 27 14 34 23 15 41 27 14 25 10 28 25 23 29 21 12 20 13 20 19 31 31 40 25 8 29 13 15 38 16 15 20 19 29 13 14 34 18 39 41 27 
28 39 13 18 37 22 17 29 22 37 21 17 14 14 31 27 6 37 21 18 27 18 12 33 30 46 25 23 27 20 16 14 22 8 24 23 40 21 12 11 24 25 28 30 25 
29 29 23 15 35 11 23 29 21 22 29 16 23 14 16 28 12 25 21 19 28 17 22 33 21 17 34 13 23 25 12 13 26 14 32 31 27 15 20 16 25 19 23 22 42 
19 34 20 15 37 25 38 23 17 29 13 22 17 19 40 24 24 29 23 15 14 12 25 30 10 20 30 15 22 25 25 19 13 14 17 17 10 23 12 20 24 16 37 28 38 
12 31 25 15 25 16 24 26 11 35 23 14 20 19 20 57 29 28 15 16 16 15 24 21 11 23 34 21 24 27 18 18 35 17 30 16 30 8 25 22 17 17 28 14 23 
18 14 30 18 37 16 29 25 21 31 26 13 21 15 17 27 27 17 10 19 18 13 18 18 15 28 37 21 20 15 15 8 38 22 28 16 12 26 18 19 10 23 27 20 26 
14 32 30 14 35 17 29 26 23 27 33 15 16 19 24 26 13 36 18 19 5 15 14 17 25 24 31 5 32 30 18 14 40 15 30 17 12 26 6 12 29 14 26 26 12 
26 39 35 12 37 20 18 24 17 20 12 10 15 9 23 18 26 33 16 29 26 10 14 42 35 27 33 14 19 25 15 14 21 16 16 14 23 26 15 19 20 17 20 23 28 
22 32 25 12 29 11 21 23 12 12 19 19 27 22 21 28 6 26 14 18 22 18 16 50 16 25 29 10 27 13 17 14 20 26 10 11 22 30 17 20 21 14 40 9 21 
19 31 24 20 25 16 21 30 24 37 19 9 20 19 25 39 18 31 13 27 19 17 20 33 22 29 20 16 23 33 16 18 11 19 29 18 11 31 12 22 25 20 28 22 29 
21 27 20 25 40 15 25 9 24 11 39 14 22 17 40 26 34 28 20 10 15 24 10 21 27 31 27 17 22 24 16 21 34 18 12 16 32 32 27 23 23 22 31 25 29 
23 24 33 14 54 21 29 22 19 38 23 10 21 15 28 33 22 33 16 13 23 20 13 22 20 38 25 19 9 26 21 12 25 16 25 21 27 19 11 20 35 16 30 13 26 
15 15 22 14 41 16 21 18 16 38 30 24 31 18 25 19 23 20 15 15 18 11 19 27 32 22 23 14 19 22 23 22 17 20 14 14 17 30 19 6 24 16 9 31 25 
21 31 22 16 23 27 28 8 22 22 17 19 19 16 30 38 11 30 17 17 20 14 25 21 24 36 19 12 20 17 23 7 43 14 26 22 27 26 26 28 34 29 36 32 11 
31 40 25 19 28 24 22 24 26 31 26 15 23 14 24 17 18 32 16 17 12 14 27 18 22 38 40 15 23 20 17 22 37 15 14 24 23 34 21 19 38 28 17 32 29 
31 40 28 16 31 16 39 12 21 40 17 12 21 18 37 29 24 29 18 16 16 16 15 36 18 29 21 21 26 24 17 12 33 17 30 12 22 31 11 30 28 23 34 22 30 
29 24 13 16 28 15 35 18 19 31 20 19 34 13 32 28 21 33 15 22 29 16 6 33 16 21 10 12 32 27 16 18 19 10 31 27 24 22 21 21 41 16 33 23 30 
15 30 15 11 30 13 30 26 21 23 15 22 16 11 26 31 24 29 13 13 22 10 27 38 14 33 36 20 29 32 14 13 24 14 24 16 31 35 22 30 22 17 26 35 23 
14 31 35 14 30 24 25 24 19 25 26 10 27 21 37 14 15 37 22 12 20 14 24 32 15 30 32 23 18 22 13 16 39 13 28 27 28 29 16 17 20 24 23 27 39 
20 24 29 8 35 29 28 28 13 27 23 14 19 20 28 23 18 34 16 16 17 21 20 29 28 8 20 10 20 25 20 16 19 11 16 15 26 32 19 21 25 22 24 16 28 
23 46 26 13 35 21 29 20 17 21 22 10 16 14 21 36 25 28 11 10 21 11 17 26 30 27 20 18 20 23 14 12 16 19 35 20 33 40 13 21 12 19 12 30 27 
11 35 33 11 27 13 18 23 24 34 31 17 2 11 19 28 21 32 18 18 15 13 10 32 36 40 21 12 26 20 14 15 24 13 22 29 37 38 20 18 38 23 21 32 27 
29 19 29 21 19 16 21 16 13 18 26 19 13 17 48 30 21 30 13 20 17 16 12 27 14 29 29 21 27 19 18 19 26 19 33 22 30 18 26 17 25 13 39 24 44 
14 17 18 20 33 18 15 24 20 42 21 10 22 19 24 21 5 32 16 20 18 16 16 33 23 19 39 18 17 16 13 16 24 14 10 16 35 25 20 26 34 22 25 17 23 
17 21 24 20 32 16 19 29 15 28 20 16 15 16 14 22 27 25 17 19 29 13 18 22 16 35 31 12 13 23 18 17 14 11 31 13 31 32 22 23 35 22 30 29 28 
17 27 31 17 33 17 17 9 21 33 23 24 19 22 16 38 2 21 18 15 13 11 18 35 21 41 37 12 9 21 18 11 21 23 19 16 30 35 13 9 16 15 34 29 37 
18 40 27 18 47 14 24 20 13 29 31 20 12 16 34 34 23 28 15 14 19 14 23 18 5 30 27 20 12 24 17 18 39 14 34 29 22 35 24 17 14 22 30 26 18 
17 24 23 10 27 15 28 23 22 20 27 11 20 10 10 26 32 27 12 19 24 16 21 19 36 12 38 22 27 25 25 10 24 19 21 18 38 4 20 24 29 7 21 24 3 
12 13 46 17 30 21 26 32 13 27 24 20 19 19 27 34 22 18 18 15 25 17 25 28 12 23 45 13 26 23 14 9 33 17 23 16 22 28 18 21 12 17 24 27 34 
20 32 11 15 41 11 27 14 17 19 22 16 18 22 30 14 12 28 21 20 24 11 19 22 21 24 33 19 28 21 14 20 31 24 13 25 15 16 24 17 23 14 52 24 28 
20 45 28 14 27 17 34 25 12 29 26 15 20 23 37 26 17 22 15 12 21 16 20 23 24 36 30 11 11 26 16 12 33 13 14 13 40 23 20 14 42 15 26 39 16 
19 44 24 15 41 24 13 10 22 27 19 15 23 18 28 31 9 16 17 18 12 18 20 43 23 19 22 10 20 15 17 14 31 19 15 14 24 39 15 18 26 16 40 25 20 
14 25 22 14 30 26 23 17 22 41 16 19 28 17 18 27 18 20 19 17 12 28 16 10 24 30 24 24 17 13 17 15 29 16 31 17 29 36 22 20 15 21 37 20 34 
13 28 18 14 26 15 23 25 31 33 28 17 18 17 23 28 22 25 15 17 19 18 22 28 31 18 32 18 30 20 17 21 18 20 23 15 34 28 19 14 43 16 26 27 30 
28 39 26 15 39 19 22 22 15 18 20 20 26 14 31 19 14 28 13 19 13 17 15 22 26 39 36 11 20 16 16 20 27 18 22 18 14 27 19 6 16 13 25 19 14 
17 23 32 12 25 30 23 8 17 21 24 6 26 18 36 33 24 27 14 25 22 15 18 17 32 42 37 12 28 28 12 19 23 12 18 17 9 34 16 23 26 28 20 39 25 
20 24 33 21 23 19 15 18 28 36 20 22 15 19 35 33 31 22 19 14 18 12 12 23 23 21 29 18 25 36 18 20 13 16 29 15 22 39 12 23 24 15 17 27 25 
19 17 31 13 31 16 39 27 35 14 21 16 25 20 40 45 14 29 15 7 17 19 17 17 17 30 40 25 15 27 15 17 26 11 31 16 26 34 25 26 38 24 38 46 24 
15 25 36 16 22 21 38 14 12 43 30 15 17 15 25 31 24 16 12 15 18 13 9 22 17 39 31 18 23 26 15 12 31 13 16 20 20 29 17 20 35 32 29 32 33 
21 37 11 24 20 20 33 23 20 28 11 12 7 13 17 27 10 23 11 15 27 17 27 35 17 12 27 12 24 32 15 15 22 17 27 18 14 17 14 20 26 15 35 21 32 
23 10 21 23 31 31 20 24 28 35 35 11 18 15 18 33 18 27 21 15 23 13 23 21 19 38 38 21 15 21 17 12 26 19 27 19 26 18 16 19 22 31 45 26 40 
12 33 7 22 28 27 25 15 25 25 20 13 16 14 24 14 16 39 14 18 18 12 12 28 24 22 20 22 22 22 15 12 32 17 18 19 9 21 9 16 29 15 21 34 28 
5 29 28 15 21 30 25 32 14 17 26 16 22 22 19 31 32 26 10 23 15 21 22 14 26 16 30 12 13 13 11 20 26 15 24 22 32 23 21 21 26 12 22 16 36 
13 22 21 13 22 12 22 24 16 29 32 12 14 14 40 29 11 23 9 14 17 23 30 31 23 42 44 17 21 25 13 20 16 12 35 20 17 27 16 22 24 17 45 26 17 
21 23 19 22 28 23 32 34 25 35 22 17 20 22 38 37 17 32 19 18 20 15 16 20 25 39 40 25 21 34 19 13 22 16 22 12 24 29 26 16 28 20 41 24 33 
23 32 30 13 9 26 20 20 20 28 21 23 25 15 29 21 18 32 10 26 20 9 16 22 16 16 26 16 30 30 12 15 32 15 31 22 18 37 9 13 21 27 29 44 20 
17 20 31 21 26 25 27 29 22 23 32 23 18 16 28 41 32 33 10 19 15 17 15 38 25 29 25 23 31 27 10 21 30 13 19 27 30 33 5 25 20 17 32 30 35 
20 55 28 20 34 32 12 26 19 34 29 20 15 5 17 28 18 26 9 17 29 7 13 22 19 18 27 13 13 24 15 16 27 13 22 11 20 15 7 19 17 12 42 25 22 
23 22 20 21 29 18 16 26 19 29 17 13 25 17 28 34 21 36 17 19 26 19 11 37 23 23 25 24 27 22 18 21 5 14 21 22 16 26 20 17 40 8 31 33 27 
17 21 32 7 29 12 7 31 8 24 17 19 14 21 24 26 28 28 13 20 25 17 9 36 21 23 46 11 35 37 14 13 23 18 21 21 29 25 12 24 34 14 27 15 40 
13 36 25 19 26 19 28 15 17 29 32 14 27 15 41 27 22 24 17 24 23 18 22 31 13 38 32 20 18 20 13 10 37 16 32 24 20 12 15 28 35 10 34 31 6 
19 34 17 23 24 21 33 14 18 28 22 12 18 8 37 35 11 33 17 13 21 19 20 28 18 23 36 26 23 22 14 13 37 20 17 24 18 33 16 15 39 19 30 10 33 
31 32 15 14 20 21 17 25 23 26 17 22 20 15 26 37 27 20 11 14 23 14 24 37 28 25 36 22 15 34 19 17 35 19 23 13 38 15 12 16 30 23 28 27 38 
20 28 28 19 36 22 27 27 13 32 32 11 24 14 27 36 23 19 18 20 19 18 24 28 10 27 30 14 27 23 19 10 26 15 29 23 30 21 19 26 38 17 28 24 13 
26 26 30 21 34 18 27 23 13 25 20 19 24 13 37 20 17 32 13 20 25 17 24 35 23 30 35 14 27 26 17 8 28 21 32 20 24 31 22 18 19 13 33 24 19 
14 20 40 18 35 7 12 17 23 36 20 16 15 17 32 36 16 25 18 7 18 17 18 32 24 18 27 23 13 25 17 15 24 19 25 17 16 31 23 17 1 24 53 17 29 
29 25 18 10 36 12 36 20 27 25 16 15 2 15 27 34 15 29 22 8 13 14 15 48 24 31 16 14 20 25 17 19 37 12 20 16 35 18 20 32 22 22 51 25 34 
18 28 29 17 29 22 16 25 18 26 27 15 28 15 34 21 20 21 16 13 20 14 21 23 24 26 36 19 13 27 19 7 29 11 17 16 25 40 20 25 33 15 34 14 22 
18 24 22 12 17 26 38 33 19 25 30 16 17 16 31 13 19 21 19 19 17 15 13 17 20 24 29 16 12 22 11 9 17 20 32 27 31 23 23 19 32 18 45 19 29 
24 31 28 13 35 33 37 22 27 35 23 16 19 9 22 31 12 14 16 13 20 15 17 27 23 33 31 12 25 19 13 17 25 12 28 22 21 27 24 24 34 12 21 19 14 
19 33 33 15 18 16 22 26 19 26 9 15 21 22 22 27 18 28 22 17 18 13 16 40 24 37 28 15 19 18 20 13 21 20 21 15 17 33 22 23 24 15 57 31 20 
16 34 33 22 30 17 31 10 16 9 23 20 26 11 22 13 18 23 19 20 29 15 23 21 16 23 33 16 30 21 11 19 34 17 35 21 31 29 13 25 33 16 36 22 23 
18 33 20 19 39 7 19 25 12 21 23 19 19 21 35 30 28 30 16 9 12 13 21 35 30 33 46 12 27 12 18 13 29 14 35 13 19 36 12 20 28 19 33 30 16 
32 39 29 16 29 15 11 33 27 25 18 20 27 19 39 7 7 27 24 16 15 12 23 34 27 20 30 23 14 25 10 23 6 17 25 18 28 29 11 13 23 18 19 24 20 
15 13 18 18 31 10 10 18 18 26 14 13 13 11 11 33 15 18 22 16 15 5 19 32 22 38 42 18 29 30 18 18 29 19 29 15 29 24 22 17 23 19 25 26 8 
17 25 38 16 33 15 15 24 26 34 35 12 19 15 27 30 26 29 17 14 13 18 24 30 15 26 27 16 18 27 18 19 33 12 15 29 27 33 20 7 23 20 50 19 24 
20 18 21 21 44 22 29 23 19 21 18 20 20 17 31 35 19 37 17 12 11 14 28 29 23 19 30 21 13 18 22 16 37 19 21 20 24 26 25 16 23 16 20 18 20 
21 19 17 17 30 12 18 32 22 27 25 13 21 12 31 28 19 28 20 19 27 17 11 29 19 28 43 13 19 21 9 24 32 21 29 24 22 26 16 17 30 28 39 34 12 
16 37 15 11 21 9 24 13 17 40 24 9 10 10 26 47 28 10 20 14 22 26 24 21 26 31 10 18 20 30 20 19 25 20 15 17 20 31 17 30 25 27 17 18 11 
10 19 15 14 17 20 21 19 17 53 22 6 17 13 18 32 18 14 15 11 26 15 18 24 22 23 43 24 33 31 19 17 18 16 32 23 26 40 19 17 26 15 30 32 25 
11 29 37 23 29 19 29 34 26 33 11 13 27 14 29 34 30 24 9 17 18 15 26 24 29 27 39 16 24 18 17 18 39 19 22 17 32 19 12 12 23 25 24 39 21 
24 23 26 12 31 7 20 19 13 22 22 9 19 17 26 45 25 18 19 14 24 12 19 30 33 31 13 15 21 29 13 16 13 11 30 17 16 10 19 23 8 21 27 20 14 
10 35 23 14 36 21 21 15 21 18 29 12 12 13 33 34 17 28 12 23 27 13 22 12 18 27 31 8 9 24 17 13 31 13 19 19 26 21 16 21 32 12 52 17 28 
17 39 8 16 26 26 29 23 21 26 28 14 17 15 30 41 23 22 17 7 15 13 19 22 9 18 34 14 27 25 12 10 21 15 26 14 19 19 20 15 29 17 27 33 45 
16 29 26 17 18 19 34 20 19 32 34 9 23 17 33 29 17 17 12 15 19 13 16 25 22 26 46 22 15 24 8 17 22 11 24 10 16 27 14 20 6 19 18 40 34 
12 14 22 16 42 24 38 16 18 41 22 18 18 21 38 41 19 31 17 20 29 11 20 28 24 29 47 19 26 16 17 20 27 16 22 16 31 38 18 13 19 13 36 14 28 
19 24 29 16 30 21 28 27 18 33 26 8 7 18 22 40 17 26 11 11 18 20 15 32 20 47 22 23 17 22 12 11 24 17 24 19 18 19 13 17 25 19 31 34 47 
25 36 16 11 26 20 19 17 17 15 20 16 18 16 23 22 23 22 17 22 18 11 24 29 25 33 26 13 21 15 21 23 26 14 26 20 30 33 11 9 13 27 21 9 31 
28 23 32 15 44 20 19 36 21 33 20 17 17 11 14 22 23 21 18 14 27 18 16 31 22 37 33 23 11 29 13 18 28 20 7 17 20 24 15 26 22 23 13 39 27 
28 25 28 19 31 16 30 25 25 32 26 13 13 19 35 39 11 31 12 16 32 13 15 14 27 39 23 11 20 19 17 21 23 17 21 15 17 43 22 19 28 18 25 34 28 
14 25 34 16 34 15 33 24 21 37 26 22 23 12 15 40 18 32 15 10 23 16 15 31 19 27 19 10 29 21 12 22 29 18 28 19 35 23 22 14 34 25 25 24 35 
23 33 35 14 19 16 19 11 16 27 23 21 23 16 26 26 10 35 18 20 18 17 24 16 24 41 23 23 32 20 12 16 35 19 27 17 18 35 11 13 33 23 30 26 21 
19 31 23 13 19 15 18 27 14 32 20 9 11 20 35 36 20 35 17 21 14 19 18 15 28 29 39 23 20 26 9 13 23 18 25 25 28 13 21 21 34 15 39 30 30 
27 37 24 18 35 8 13 26 18 25 31 13 22 10 20 45 21 21 19 13 19 18 18 28 19 14 41 31 15 20 13 13 36 21 30 25 27 28 7 22 28 13 34 29 24 
21 20 21 15 34 20 28 11 19 19 17 23 6 10 23 23 27 25 17 14 17 17 18 31 19 27 27 19 18 26 18 11 19 20 25 17 24 20 14 19 14 23 45 33 47 
16 10 23 12 24 25 11 26 19 24 26 14 21 20 17 22 13 23 11 16 25 19 17 21 25 25 38 14 19 21 17 13 22 20 25 13 33 13 12 11 24 8 21 27 35 
14 31 36 16 27 20 31 16 17 8 21 10 10 17 34 32 10 28 17 15 23 16 15 33 21 25 24 22 10 15 19 11 26 12 26 5 16 44 18 20 39 18 32 24 22 
19 27 21 15 28 18 31 29 21 23 15 16 13 18 26 37 19 31 20 13 21 14 18 35 19 38 22 15 18 27 14 12 24 16 29 21 27 39 11 16 37 27 13 30 31 
15 28 24 15 33 33 24 25 17 26 30 17 15 20 24 46 9 19 18 10 21 12 11 17 26 28 33 16 18 18 15 17 44 15 22 14 22 26 29 24 29 17 34 24 35 
20 37 20 20 28 16 21 21 21 31 25 6 23 15 36 26 15 21 12 19 33 13 15 28 23 30 30 9 17 12 18 20 19 20 18 11 34 26 13 16 37 22 43 14 34 
14 34 27 23 11 21 21 22 21 50 26 7 27 17 36 47 31 28 9 14 24 17 15 29 24 39 25 18 24 23 12 16 33 15 16 13 29 35 16 24 29 20 41 37 35 
14 37 44 9 24 12 31 20 25 40 31 15 16 12 40 25 17 31 12 17 19 18 28 21 19 25 39 33 11 22 9 7 14 13 19 16 15 32 17 19 40 12 42 32 26 
21 32 34 14 34 14 30 21 17 23 26 18 26 14 22 30 25 32 21 14 14 23 18 31 21 18 36 16 27 11 12 15 37 11 10 21 14 18 15 25 24 16 25 20 30 
14 35 10 12 35 39 21 29 18 32 35 15 29 10 27 35 28 22 15 14 15 13 24 14 29 35 24 20 33 20 13 12 22 25 21 19 17 14 9 16 16 23 24 19 31 
20 26 22 11 31 28 20 16 17 18 15 16 34 18 35 34 14 24 20 12 24 15 27 41 7 29 21 20 28 23 8 8 15 17 23 15 30 28 22 6 23 17 32 29 12 
9 20 36 9 33 17 19 20 24 15 24 10 18 20 9 34 26 29 16 19 23 11 21 20 19 31 32 19 11 13 12 16 31 17 33 10 18 18 7 20 39 24 45 28 35 
14 14 15 17 21 18 25 13 36 20 19 16 31 17 15 29 29 23 19 19 14 6 13 28 18 16 42 18 23 23 20 17 23 12 27 29 13 23 29 13 36 12 33 26 36 
18 26 31 16 38 31 16 30 25 40 24 19 27 22 7 25 22 20 17 20 17 16 21 29 19 23 19 22 19 29 17 11 27 14 23 19 21 32 21 23 15 15 43 19 34 
25 15 32 21 26 25 32 33 12 40 26 15 22 11 45 36 29 17 19 12 18 18 20 21 23 18 19 15 29 34 13 19 34 11 24 17 12 23 15 11 27 14 35 33 37 
21 37 15 18 21 13 27 25 21 47 20 12 13 14 28 32 19 24 16 16 33 14 20 28 11 33 33 17 28 17 16 16 25 13 25 18 16 20 24 28 29 14 26 32 28 
18 27 25 18 10 13 31 35 5 28 23 10 20 19 22 40 27 18 16 12 18 18 23 37 25 45 42 12 22 24 8 14 37 13 30 15 35 21 8 27 21 15 28 32 18 
19 36 34 21 36 24 13 26 23 36 27 9 4 14 37 31 13 22 23 11 17 12 22 34 28 7 28 19 25 29 18 15 24 19 30 16 19 23 25 19 23 13 33 31 33 
23 26 30 15 22 13 20 29 15 22 13 19 12 18 36 21 24 16 10 15 27 12 18 35 37 15 15 24 20 13 19 10 40 15 27 19 28 18 11 17 28 26 26 21 19 
18 26 40 20 55 28 15 15 13 31 17 10 25 15 13 30 9 19 17 14 19 12 18 34 23 14 24 22 24 22 15 7 27 20 30 11 30 38 12 27 25 22 29 15 38 
16 23 24 22 18 10 23 37 23 24 17 15 15 18 33 24 8 32 23 18 23 7 16 20 29 20 34 12 26 19 19 15 34 18 13 19 33 6 14 14 13 22 12 25 28 
21 27 21 24 28 5 35 9 27 26 31 7 12 14 31 29 24 25 20 13 21 19 24 27 18 29 18 16 24 15 19 15 29 13 22 22 27 14 13 11 29 20 35 31 33 
7 33 30 18 34 20 24 21 17 28 25 18 24 17 17 37 16 28 12 17 29 14 18 25 21 14 22 24 21 22 21 20 26 17 24 21 16 27 16 14 30 23 19 18 27 
20 26 29 13 36 21 16 18 14 23 27 7 23 13 34 17 25 24 15 10 20 13 21 36 22 38 29 15 16 23 15 10 22 13 18 10 33 23 14 21 29 15 29 15 18 
15 13 36 22 25 18 32 17 16 31 13 15 26 16 28 26 9 25 21 20 10 19 15 20 24 30 27 26 18 28 7 9 28 21 33 28 28 30 14 18 23 17 16 30 17 
22 37 19 18 25 17 38 21 21 27 20 17 12 10 35 20 22 27 16 23 26 15 15 26 19 33 29 24 23 20 21 17 19 19 14 27 27 19 13 22 21 19 30 30 22 
16 27 22 8 25 17 21 28 17 23 19 10 22 13 23 16 19 19 13 27 7 11 21 19 16 25 34 17 22 16 19 22 24 17 13 12 13 21 16 18 35 22 33 30 29 
24 35 21 15 36 20 24 28 19 41 19 15 18 14 12 41 15 31 16 15 19 18 17 34 26 25 28 22 29 13 11 15 33 22 18 15 20 27 14 26 24 17 36 32 45 
26 26 22 12 31 22 19 15 15 24 20 15 13 9 40 15 14 32 23 19 25 15 18 26 18 31 32 15 20 12 14 16 22 15 16 21 34 29 21 12 18 24 39 34 48 
24 32 26 22 32 30 29 22 31 25 21 18 14 9 22 18 30 19 13 17 21 17 16 20 36 26 51 21 20 16 15 14 18 19 16 9 24 22 17 7 35 25 37 34 23 
14 23 22 21 20 26 14 27 18 38 21 11 29 19 35 39 15 22 18 14 18 14 19 29 22 20 42 16 32 32 18 20 21 16 21 18 15 29 20 27 29 23 36 27 35 
18 20 32 12 39 23 19 12 27 31 21 20 22 14 20 38 19 37 12 11 17 14 18 34 24 17 21 13 21 29 6 15 30 22 10 22 26 25 17 19 28 18 30 33 29 
27 36 28 19 28 20 16 15 16 17 29 13 21 11 20 28 13 28 21 12 14 14 16 29 18 23 37 9 14 23 10 14 40 11 18 23 29 22 11 22 32 23 43 31 35 
16 30 33 17 25 20 26 40 14 16 22 11 12 3 23 11 21 26 17 13 15 18 19 32 28 15 12 23 29 27 18 17 28 15 24 25 18 28 15 14 18 17 25 32 16 
15 32 26 11 25 21 20 27 30 36 22 16 19 18 32 25 24 25 18 18 21 25 15 29 13 33 33 12 28 16 12 14 17 15 18 23 27 19 20 24 27 17 39 33 36 
17 38 27 13 38 19 21 17 24 43 12 11 12 26 18 18 26 23 21 19 15 17 18 33 17 23 39 20 21 26 9 17 34 22 20 21 25 16 20 20 15 19 37 43 27 
17 16 16 17 15 16 28 20 18 23 25 13 20 6 32 30 30 23 16 15 18 18 14 24 14 43 37 16 16 27 21 5 27 21 20 10 29 24 16 22 33 22 38 21 32 
21 24 9 18 47 22 25 28 20 26 22 18 13 18 11 16 23 32 14 17 21 14 18 25 25 34 44 21 20 15 12 14 21 10 24 25 33 35 22 19 23 23 38 25 39 
21 27 28 16 23 24 13 27 18 33 24 22 21 18 19 22 25 28 11 24 15 8 17 23 11 24 18 20 27 36 19 14 14 17 32 4 17 18 12 21 23 11 31 18 39 
13 36 28 18 20 6 27 25 16 22 17 14 28 23 37 28 19 29 14 18 22 16 15 27 14 30 25 24 12 26 14 17 27 15 32 20 33 35 15 17 31 26 41 29 22 
21 19 24 18 17 17 21 28 16 35 28 9 26 20 9 38 28 40 16 17 18 10 21 32 27 7 30 18 23 27 17 15 21 12 33 8 24 26 18 22 17 21 41 26 35 
16 9 17 17 14 13 30 32 19 23 16 14 30 14 12 25 13 27 17 7 20 13 24 28 38 38 30 10 8 35 19 12 36 18 22 28 39 39 16 20 17 20 29 22 34 
20 48 31 16 18 19 27 32 18 25 26 19 18 16 32 30 14 31 18 14 17 18 17 27 18 33 29 24 19 20 19 17 28 8 29 27 31 22 24 11 37 13 43 9 32 
12 27 23 7 31 14 26 18 18 30 22 17 18 13 40 20 27 31 13 19 13 13 23 23 17 33 27 22 22 32 13 11 33 18 18 13 33 33 25 22 15 15 35 17 30 
22 24 28 25 26 17 26 30 21 30 15 8 28 14 29 10 11 24 12 22 5 12 13 30 6 37 25 19 25 26 8 13 20 21 18 20 28 49 19 17 19 21 29 30 15 
15 32 33 18 31 18 22 19 15 13 28 14 16 21 33 37 6 18 18 20 20 14 20 25 17 12 33 16 26 22 17 15 17 20 36 19 40 46 15 21 26 23 35 25 20 
12 37 34 15 25 27 28 20 15 15 35 17 26 17 29 20 12 14 13 14 20 24 18 37 31 19 19 16 24 22 15 23 43 13 29 21 36 32 14 26 30 13 36 33 32 
17 29 35 17 28 18 18 24 19 32 23 16 19 13 22 26 13 26 22 13 31 16 25 28 20 32 27 18 26 14 12 14 26 16 16 14 18 25 20 17 28 18 28 25 34 
14 22 23 13 17 17 18 23 17 24 9 17 25 15 33 29 18 27 11 14 22 10 26 29 25 21 30 27 24 18 6 12 31 14 9 12 29 24 10 19 29 29 28 24 33 
21 30 25 23 14 24 21 23 23 24 32 15 5 19 31 46 16 26 20 14 21 19 14 18 26 37 20 16 12 16 15 20 31 16 17 15 27 35 14 20 26 20 23 24 18 
14 36 21 8 35 15 14 32 17 39 29 19 7 23 29 34 28 13 16 16 24 12 26 21 17 38 57 16 28 25 19 15 29 18 32 19 10 37 16 18 28 22 29 40 32 
9 18 24 12 28 25 35 42 12 24 23 12 33 21 29 34 24 27 10 19 23 13 21 25 31 19 33 23 22 23 17 12 26 11 31 13 18 37 14 17 28 22 23 46 24 
26 29 12 18 32 14 24 18 5 31 26 19 21 3 27 29 16 29 17 17 22 13 19 38 31 24 14 12 20 28 7 22 35 18 28 10 36 17 24 22 22 20 34 11 28 
16 43 30 8 29 29 26 13 21 23 18 13 26 15 43 23 27 25 14 13 9 15 11 24 16 16 34 24 17 26 14 8 20 20 28 12 17 32 16 20 27 15 15 36 23 
22 39 12 14 43 19 15 22 23 26 27 15 23 16 25 49 6 21 16 14 15 15 25 14 16 18 49 6 24 23 15 11 25 17 21 18 34 12 20 21 23 13 18 30 36 
25 43 26 13 33 12 28 26 14 28 22 12 25 19 24 24 16 22 17 27 23 18 14 18 25 16 29 15 22 20 10 11 29 23 22 22 23 26 10 20 33 20 38 31 28 
21 18 38 13 27 16 27 20 28 19 25 11 31 19 25 33 21 22 10 13 19 16 16 23 36 34 25 30 24 28 23 16 17 11 21 13 29 22 21 15 27 7 20 30 13 
23 29 30 13 25 18 23 20 11 27 26 23 17 21 32 44 24 48 11 16 11 17 21 18 14 26 22 17 19 22 12 12 16 15 35 13 31 30 16 16 22 16 33 14 21 
18 25 32 13 24 12 26 25 17 39 20 22 31 14 23 35 13 15 19 13 27 11 17 30 10 35 36 16 28 31 20 13 35 19 28 26 31 32 15 17 19 20 29 18 21 
24 32 32 17 13 22 30 16 20 42 20 17 14 12 28 22 25 21 18 16 15 21 20 45 21 48 33 11 11 17 14 16 33 9 18 10 36 24 15 16 13 22 30 27 19 
16 31 12 14 27 16 15 16 20 45 15 17 16 13 40 32 30 31 23 18 20 10 21 27 28 36 25 15 12 23 15 15 31 15 27 25 27 32 13 19 27 20 24 13 31 
9 30 25 17 46 20 21 26 17 46 24 16 25 12 32 15 20 22 13 14 11 10 15 33 26 28 45 18 16 34 15 8 14 22 30 21 24 29 10 25 35 22 28 33 28 
20 20 27 17 38 28 13 32 10 23 23 17 21 17 21 28 19 19 19 10 21 23 15 29 30 28 39 17 32 26 19 13 21 16 32 18 34 33 19 14 36 13 35 27 38 
14 32 12 15 5 17 22 17 13 14 26 17 17 21 29 41 16 30 15 9 34 14 10 34 23 52 34 21 23 21 20 13 31 15 33 19 26 29 23 20 38 10 29 19 27 
27 37 7 18 13 21 19 21 17 21 26 14 19 19 27 37 13 29 19 17 17 16 27 23 20 18 26 18 24 23 17 15 27 10 24 18 27 26 16 15 43 14 38 27 19 
14 33 32 15 33 21 24 19 17 31 18 12 19 15 19 23 9 36 14 10 23 14 29 28 17 27 22 21 26 24 12 16 14 15 25 20 32 23 15 24 17 14 31 23 19 
23 21 25 23 40 20 37 31 25 15 15 16 22 20 25 48 18 31 13 17 29 10 28 26 14 32 29 24 27 25 9 11 35 11 25 21 20 33 13 21 27 21 22 34 29 
18 15 27 14 29 17 26 20 19 30 21 17 24 10 32 21 15 23 13 16 20 10 14 23 28 25 43 18 25 19 15 22 37 13 19 13 25 17 21 20 12 21 14 18 18 
28 29 16 11 27 26 15 30 15 16 26 10 17 18 32 34 14 26 13 16 21 16 9 38 26 32 29 13 20 7 15 24 30 19 22 22 21 30 26 27 27 16 26 4 29 
15 35 29 15 36 25 21 29 17 32 31 13 19 16 17 36 17 29 19 11 17 10 28 32 20 20 32 18 24 22 10 10 32 12 26 22 25 23 8 17 13 9 23 6 15 
13 23 17 11 23 24 12 13 20 16 30 14 24 16 28 21 15 37 19 19 22 16 22 33 23 33 17 12 22 21 18 11 30 21 30 16 6 21 21 16 28 24 34 35 17 
25 28 20 15 25 29 32 31 24 37 25 12 30 19 27 30 22 34 18 15 31 15 13 37 21 28 26 28 21 23 16 15 25 25 19 13 27 18 18 18 17 11 36 18 16 
19 30 22 14 24 23 30 22 22 33 16 19 32 15 16 32 40 30 13 20 26 13 21 21 26 33 39 8 28 18 14 16 20 12 16 9 18 21 9 12 28 22 33 26 37 
26 26 17 17 13 23 27 17 28 30 20 18 20 20 36 33 15 27 13 19 24 16 21 26 15 14 31 15 10 20 18 11 31 15 23 18 32 38 20 22 54 25 30 19 24 
17 19 25 22 23 17 22 13 18 24 23 15 22 16 45 31 20 20 12 10 23 15 18 31 23 29 33 10 16 17 15 13 26 15 28 23 29 27 14 16 19 13 35 22 24 
18 19 28 18 32 18 22 12 19 29 25 11 19 13 21 38 18 13 16 25 18 13 18 28 14 21 28 23 27 18 16 7 27 11 23 22 10 19 15 22 21 7 16 33 27 
23 32 22 20 12 18 29 18 16 29 25 19 13 15 31 32 30 24 18 9 19 17 11 21 25 31 20 24 19 22 10 19 23 17 33 24 17 29 25 15 18 13 25 28 30 
10 40 41 17 27 24 24 28 11 35 11 17 23 21 27 32 12 14 11 9 19 12 11 41 13 34 29 18 18 21 14 17 20 11 23 22 33 16 25 23 21 12 18 31 38 
26 25 34 18 36 19 22 21 27 34 14 11 24 16 9 29 20 20 12 11 20 18 23 36 22 25 25 18 16 29 17 14 37 20 34 20 19 35 20 24 23 24 45 32 37 
17 30 16 15 38 26 27 24 17 22 40 14 21 16 31 33 30 28 15 14 20 19 18 23 25 26 41 16 17 33 10 13 22 16 27 29 21 24 17 21 15 14 23 34 26 
13 38 27 19 23 9 26 13 25 32 22 10 16 14 26 36 26 36 23 13 19 24 17 26 12 35 16 17 18 22 16 20 36 14 25 18 25 20 20 22 30 22 37 25 36 
16 35 33 25 23 20 32 29 28 48 20 17 23 18 16 38 18 36 14 18 19 16 19 27 25 27 36 18 27 14 14 14 12 17 15 28 30 40 21 27 21 12 27 41 26 
16 31 28 21 21 22 42 19 14 29 29 15 14 17 26 34 22 22 8 11 24 20 26 28 26 33 30 17 27 19 13 16 32 17 37 17 16 29 27 26 22 27 34 16 32 
17 31 27 15 23 23 18 24 23 40 24 8 25 8 14 27 25 41 17 13 20 15 22 24 28 19 30 10 23 11 20 21 21 9 31 22 21 31 19 19 16 20 23 21 26 
12 19 25 25 24 20 20 26 21 21 21 13 25 22 24 18 19 29 9 13 19 13 19 35 23 27 32 12 20 26 13 12 21 21 27 16 26 22 21 21 33 13 17 32 38 
14 17 34 17 29 18 31 22 31 29 13 5 19 13 29 44 28 22 22 22 32 11 19 42 16 29 34 21 22 26 16 26 19 21 29 20 25 19 14 27 26 27 25 23 26 
16 29 24 17 30 18 15 21 21 33 18 20 31 17 18 23 22 24 15 20 25 21 19 31 25 27 37 27 22 25 16 18 27 12 12 20 21 25 17 20 27 22 38 18 31 
9 25 27 19 23 21 18 16 8 18 27 12 23 17 35 42 30 25 22 17 24 13 18 40 24 18 27 23 31 30 15 9 28 10 21 13 14 28 3 17 26 12 23 42 24 
21 41 12 13 32 32 16 19 15 33 27 15 25 12 30 50 16 30 18 23 26 18 18 38 32 38 25 17 22 33 10 16 22 14 27 29 36 36 13 17 32 24 25 34 16 
13 18 38 15 22 20 22 21 20 29 3 14 24 11 25 23 17 34 22 10 25 15 21 26 19 26 44 14 23 24 10 6 28 11 25 11 28 23 12 15 23 19 39 29 24 
15 24 31 11 27 18 34 30 13 32 9 18 15 17 33 23 17 23 23 19 32 13 20 31 23 33 16 19 18 26 12 17 22 20 28 10 27 28 21 21 16 22 19 26 26 
16 22 14 12 42 26 25 24 24 24 23 14 27 17 23 49 23 30 22 9 21 13 13 35 24 29 34 19 22 24 18 17 32 13 25 20 26 26 19 24 26 19 15 21 33 
9 20 30 13 23 21 16 17 18 42 28 15 12 17 30 25 11 9 13 15 28 14 16 28 20 18 40 11 21 28 14 23 30 5 23 17 32 30 17 21 30 13 39 27 25 
13 15 25 21 24 22 10 14 25 2 29 17 23 19 23 28 10 3 24 21 21 20 23 32 28 28 45 13 25 28 12 14 22 18 33 19 21 30 21 23 31 16 19 30 23 
17 27 20 12 47 21 26 26 14 27 24 21 20 22 31 27 21 24 14 15 25 13 20 26 22 16 28 21 26 24 11 11 27 18 34 16 24 33 26 21 27 32 40 31 31 
12 36 26 19 27 19 18 21 19 11 21 19 16 12 17 48 17 24 17 15 19 20 20 8 21 27 34 26 19 23 19 18 22 24 27 20 23 27 21 18 28 17 33 33 9 
23 29 25 17 25 22 34 17 13 39 19 6 14 20 14 30 17 13 17 16 14 11 28 18 31 39 29 15 6 14 10 17 35 16 26 22 24 27 14 20 28 16 26 25 21 
24 37 18 11 19 24 14 10 12 26 27 17 13 13 24 36 14 19 15 17 17 14 25 26 27 23 36 16 21 29 10 15 26 14 26 7 13 33 6 25 20 20 34 18 31 
21 27 25 16 31 32 35 29 24 22 10 16 15 15 27 18 9 24 17 19 18 20 18 34 25 30 43 19 26 14 11 14 37 12 30 13 25 21 23 23 31 11 31 22 24 
10 29 22 5 41 27 15 23 7 40 31 12 25 18 24 39 26 23 23 13 22 13 12 43 21 37 39 18 13 17 21 12 30 19 27 20 33 32 13 19 36 21 25 26 33 
26 32 35 21 32 21 45 31 25 41 15 17 27 15 19 41 26 30 15 14 25 13 12 23 30 21 30 18 10 24 11 20 24 20 22 18 33 23 13 20 24 15 40 37 30 
11 43 31 13 28 16 19 17 19 28 28 22 18 15 30 27 21 27 14 17 24 14 20 22 20 34 24 23 32 18 18 14 43 17 25 22 17 8 18 18 37 19 41 26 34 
23 16 20 17 25 18 26 32 19 36 28 13 21 13 20 29 24 40 10 14 17 17 23 23 24 32 23 13 21 26 17 22 23 14 21 18 24 28 23 16 35 21 25 18 37 
24 23 41 19 21 22 18 25 24 27 30 13 31 17 17 26 16 20 14 11 24 19 22 21 23 28 32 23 22 23 12 18 38 13 25 19 27 41 18 24 34 14 15 28 37 
23 28 21 17 36 23 25 10 15 50 31 6 19 17 26 20 19 32 16 20 28 19 17 19 22 25 31 17 16 18 13 17 25 9 31 16 25 35 13 23 16 16 25 10 25 
10 29 26 13 34 15 32 24 19 26 31 13 17 12 28 42 15 18 7 15 20 13 24 31 30 19 28 16 16 25 14 4 26 18 32 27 33 24 14 21 14 20 42 23 4 
17 45 21 15 40 12 29 24 25 17 22 17 8 13 23 26 22 34 18 16 18 17 12 34 21 36 36 12 22 13 21 14 32 18 19 24 21 26 21 15 18 19 25 27 31 
20 23 31 14 31 18 26 27 17 30 18 15 16 15 30 31 19 22 10 18 19 18 15 28 25 32 36 12 22 28 15 11 27 17 42 14 17 25 21 12 33 19 18 18 40 
18 32 28 17 27 10 25 23 22 21 20 14 15 23 41 35 20 26 18 17 18 19 14 29 23 24 31 24 13 16 17 14 34 10 12 17 38 25 20 18 15 30 32 9 31 
13 29 31 16 21 32 28 21 18 39 24 7 20 12 15 19 26 29 19 12 26 21 19 38 21 38 25 15 26 22 13 17 21 14 35 19 28 22 16 18 28 18 32 28 22 
25 28 31 19 32 22 21 19 14 27 32 11 19 25 28 23 19 15 13 21 26 19 21 21 16 30 36 12 16 27 18 16 9 24 16 16 34 39 21 13 31 19 30 28 36 
25 27 26 18 18 23 30 19 18 38 13 17 23 18 28 21 18 26 20 11 19 15 15 20 24 14 31 20 22 24 17 11 21 20 14 26 30 14 18 25 34 20 36 22 29 
11 21 22 12 29 13 26 24 14 30 19 10 18 17 26 39 28 24 18 20 22 16 19 24 25 46 30 19 26 19 7 17 20 20 26 21 18 25 18 9 26 26 32 29 36 
19 28 31 13 33 19 23 23 24 22 23 15 21 15 38 30 18 24 16 15 21 6 14 20 18 29 34 9 23 30 12 12 45 20 29 22 29 31 15 20 30 31 45 41 21 
22 28 22 16 28 22 27 15 8 29 27 18 21 17 40 25 23 21 19 19 23 9 19 30 24 36 37 14 10 28 17 17 32 17 31 11 23 11 16 15 27 23 23 16 23 
19 30 13 15 33 15 12 17 15 24 25 13 25 20 47 32 17 37 14 16 14 19 20 35 11 19 35 19 19 13 16 10 31 11 24 18 36 28 18 20 27 12 34 21 20 
27 29 21 15 44 25 25 24 18 26 17 10 23 20 28 25 15 29 10 16 28 19 11 27 16 26 18 24 23 28 17 16 29 16 26 25 28 16 15 18 24 14 27 28 11 
16 32 22 8 32 25 32 19 14 38 27 17 27 11 21 35 17 30 20 12 28 20 20 23 18 27 28 16 9 19 16 5 24 17 27 23 18 40 18 16 23 6 54 32 35 
23 32 21 18 34 32 25 24 28 34 25 12 8 10 27 20 23 45 18 14 23 15 18 34 23 17 36 24 26 17 25 13 22 20 24 16 25 43 13 13 24 20 22 29 18 
24 36 31 15 42 18 27 29 14 18 21 14 32 18 27 26 20 14 22 18 22 17 23 31 19 31 33 12 31 19 4 13 26 16 26 20 32 42 17 20 33 5 37 32 33 
22 21 24 18 31 16 18 25 14 36 20 15 11 20 12 28 13 20 17 14 21 8 19 16 26 25 21 15 14 20 17 10 26 16 17 22 38 18 23 10 31 23 22 28 27 
24 24 35 17 27 23 28 26 15 19 15 11 18 13 28 33 32 33 15 15 21 16 19 29 27 24 19 16 21 34 12 19 13 14 23 17 25 24 10 26 36 13 3 30 44 
19 16 30 13 34 25 20 24 22 27 16 21 31 12 20 35 10 25 20 16 7 18 23 29 18 31 23 18 16 23 17 12 35 14 24 19 23 21 24 15 32 7 17 16 31 
22 33 26 17 27 23 10 29 13 30 26 22 16 20 33 35 19 22 13 10 26 16 12 20 22 23 44 23 16 27 15 13 35 19 24 21 40 29 13 16 38 16 27 32 28 
20 16 23 9 38 28 20 21 20 29 31 16 25 24 25 36 23 28 21 19 33 12 16 24 20 19 29 14 33 28 11 16 26 18 15 7 21 20 20 16 13 24 24 22 40 
9 31 30 15 35 11 24 13 17 20 19 14 27 16 35 37 23 19 13 14 19 18 15 35 7 29 32 13 8 27 21 9 27 18 17 26 27 33 16 17 28 21 22 14 21 
24 37 17 17 33 28 29 18 11 34 23 17 29 11 30 34 23 20 13 21 23 17 16 44 24 24 34 18 26 28 9 6 34 20 24 31 19 23 13 13 31 19 35 34 9 
11 27 21 18 27 23 26 26 17 36 20 11 21 21 20 15 24 42 23 16 20 16 13 18 18 36 33 17 24 29 7 21 29 16 11 18 30 20 13 15 39 28 28 30 30 
21 37 24 17 25 17 19 20 36 20 14 9 16 17 7 52 23 20 15 20 22 20 30 27 19 34 37 21 16 12 15 13 30 14 34 26 27 29 13 18 19 27 10 32 21 
20 34 35 17 26 33 21 14 21 36 32 11 27 14 26 31 16 31 14 11 27 18 17 28 38 21 33 23 20 25 17 13 16 9 20 22 31 39 12 18 31 22 32 36 33 
15 29 21 16 33 16 17 22 14 29 29 7 19 20 24 46 19 32 11 8 18 19 21 21 9 29 16 19 15 16 7 18 23 20 19 13 23 7 9 21 24 15 32 28 37 
15 26 29 17 24 24 16 30 17 14 26 20 19 24 17 47 21 25 13 19 14 17 19 38 21 37 50 11 32 18 14 16 34 11 32 25 28 30 20 13 33 24 46 31 32 
28 26 26 20 37 19 38 20 16 17 25 16 22 14 22 29 9 19 19 17 23 11 20 36 29 31 34 26 24 18 12 10 34 15 44 22 32 23 8 25 28 28 30 26 32 
18 43 32 16 32 23 17 26 27 30 14 14 18 6 25 14 25 33 8 24 8 15 15 31 16 35 10 9 24 23 16 15 32 11 18 12 24 39 21 15 47 21 25 26 12 
22 32 28 20 39 17 17 25 16 28 17 15 14 19 25 26 31 34 12 15 20 11 24 28 25 21 32 17 24 28 13 9 21 21 8 17 18 33 26 11 24 20 33 34 34 
12 21 20 8 44 18 21 27 16 33 12 15 14 10 30 39 24 21 20 15 15 10 13 24 23 25 29 19 14 28 17 17 22 17 19 17 25 23 20 23 22 23 29 21 23 
27 30 25 16 32 18 30 24 19 35 13 19 21 15 24 22 13 29 19 20 13 22 14 40 23 23 25 22 16 29 11 10 32 17 28 17 21 21 16 14 37 12 29 21 27 
9 18 17 17 19 21 24 22 15 28 11 19 14 21 26 28 19 27 17 14 33 18 23 46 17 24 28 18 27 16 10 11 30 19 27 22 32 8 22 24 32 25 29 21 27 
5 30 35 18 20 13 31 20 19 18 24 14 15 17 28 32 22 26 16 17 17 12 22 19 17 23 30 18 12 20 8 15 18 21 30 17 30 25 16 21 34 15 27 24 25 
17 22 11 17 34 14 26 31 14 34 23 21 24 15 27 31 15 35 17 16 21 12 20 39 26 35 22 16 25 17 19 19 33 20 12 15 30 25 20 21 27 16 40 18 13 
11 43 23 20 26 23 24 19 12 21 27 13 22 21 30 21 16 17 22 17 19 11 22 20 26 16 25 17 21 19 17 13 17 15 24 24 37 32 17 14 20 10 31 28 24 
19 21 21 10 30 27 24 18 25 29 21 11 24 23 37 42 20 28 17 12 22 13 21 15 27 16 35 23 17 31 18 17 26 16 15 27 36 17 21 18 32 21 38 29 33 
21 28 18 20 35 28 36 27 21 16 19 13 10 17 28 32 24 27 11 16 24 11 20 17 32 37 40 16 25 19 12 14 21 13 28 22 29 21 12 15 33 17 34 20 19 
21 26 22 17 19 39 33 27 16 29 14 17 28 14 26 22 21 27 13 16 14 14 14 21 20 21 19 13 21 12 19 14 22 18 29 10 22 31 15 24 27 15 42 25 27 
19 36 19 18 31 16 25 33 21 20 20 11 37 12 32 16 27 27 12 16 24 24 27 34 25 23 35 15 10 21 18 9 45 14 27 22 20 34 20 25 43 21 28 30 32 
11 25 25 20 22 17 26 20 17 20 11 15 21 16 24 28 18 34 18 10 24 22 12 31 19 37 25 14 20 22 23 16 15 17 23 13 33 48 15 13 27 18 40 38 43 
6 28 26 20 16 6 12 20 15 39 31 13 21 10 21 30 16 31 14 18 15 13 20 25 15 25 24 12 28 27 16 10 27 8 38 15 18 33 13 9 22 19 37 32 36 
14 36 28 19 27 30 31 27 23 32 15 17 21 22 23 26 23 19 25 16 23 12 18 23 24 33 22 14 19 29 13 10 39 9 23 18 23 34 21 19 32 17 36 18 25 
22 26 21 17 28 18 19 34 22 17 20 13 13 13 35 34 21 27 22 19 14 21 9 40 25 48 41 30 26 15 20 14 32 24 28 20 26 26 15 25 31 14 24 38 38 
26 28 20 10 35 21 21 16 19 40 26 14 17 17 30 24 21 25 16 7 30 22 20 24 23 27 8 8 28 21 16 18 37 23 29 20 20 17 22 16 34 23 27 26 29 
18 29 28 20 34 17 10 26 24 32 9 21 20 17 30 45 19 28 18 13 36 14 20 26 20 18 36 17 20 13 18 9 24 10 35 18 18 32 18 18 27 24 43 38 34 
19 34 21 14 20 25 31 23 20 19 20 15 23 10 21 25 23 24 15 12 16 15 12 35 25 24 23 6 18 18 20 14 29 15 29 18 23 30 24 16 24 12 35 32 44 
17 20 16 17 37 27 30 25 22 29 26 22 27 18 31 32 19 28 18 18 19 16 13 37 28 26 37 21 11 21 11 12 29 19 25 15 18 21 17 13 15 21 12 26 34 
26 19 29 15 26 13 27 26 10 29 21 21 11 13 17 37 22 32 22 21 14 15 27 29 33 20 31 25 30 19 19 8 23 18 20 10 25 25 21 24 10 20 4 25 35 
20 28 22 20 29 23 27 15 10 26 17 18 28 12 23 20 19 40 16 14 19 11 21 24 27 25 36 19 18 28 10 13 22 15 31 24 30 25 20 15 20 16 33 43 24 
22 38 15 20 33 12 12 12 20 20 25 11 9 12 29 29 17 33 18 12 10 14 15 43 19 27 18 9 34 27 13 19 27 23 28 30 19 24 18 22 29 19 26 25 35 
13 16 27 20 18 20 26 25 11 19 35 17 14 9 29 30 36 42 12 16 20 10 15 26 17 30 32 24 25 18 10 11 26 18 29 23 31 22 13 14 24 22 24 38 19 
13 42 24 25 35 15 41 23 20 22 33 14 14 22 28 31 26 36 15 15 21 20 24 23 25 14 27 20 20 16 7 17 17 18 41 13 36 34 16 16 20 12 46 27 33 
20 26 22 18 32 17 23 26 27 33 20 15 21 25 28 17 21 26 14 14 29 10 26 33 25 34 30 23 16 24 22 12 22 17 32 23 12 16 24 27 17 15 26 46 45 
24 44 20 9 34 24 24 27 11 35 18 9 23 19 29 14 18 22 12 19 20 14 25 22 19 26 1 13 21 23 18 19 32 17 25 19 33 33 28 14 24 17 34 33 24 
28 27 30 14 33 12 12 18 19 25 39 16 24 9 15 34 18 36 11 16 23 22 18 18 36 21 35 19 17 30 11 11 26 15 22 21 29 31 13 11 33 16 27 30 26 
21 48 17 17 24 26 17 25 17 20 29 18 30 24 24 20 16 29 16 12 6 18 21 18 12 23 23 18 27 24 19 16 29 12 24 26 20 14 21 24 32 18 25 23 35 
15 27 33 15 18 20 17 24 17 24 32 16 28 11 31 31 28 23 8 16 13 12 16 26 21 27 37 12 21 15 19 19 19 21 21 19 24 30 22 25 42 16 41 27 33 
14 30 20 11 36 14 27 15 22 43 16 22 22 15 31 21 20 31 19 17 17 19 23 28 23 16 20 18 17 29 11 14 31 18 28 19 13 26 23 25 27 23 21 37 25 
20 37 19 14 40 22 29 28 16 33 28 17 15 17 26 30 19 18 12 21 14 11 16 21 37 24 39 18 17 24 19 21 19 22 27 18 16 27 13 17 34 21 25 37 28 
16 21 21 24 30 17 9 18 22 22 17 18 12 8 28 27 24 24 14 7 19 19 17 16 17 5 28 17 20 28 17 16 31 20 26 19 29 19 20 30 28 12 15 21 25 
22 38 22 21 23 16 20 40 12 29 27 20 26 19 24 42 21 36 16 19 16 17 23 29 23 32 23 21 12 23 19 12 20 18 6 26 25 20 22 28 31 13 8 26 26 
18 30 31 17 27 18 21 18 21 24 17 19 10 15 13 35 23 17 15 16 30 17 9 25 26 30 17 9 18 24 18 17 30 14 23 24 27 19 14 20 27 31 31 34 22 
23 15 25 15 26 24 27 25 14 31 24 10 20 17 35 36 31 20 20 20 16 10 20 29 21 27 28 26 20 17 21 5 34 21 32 27 30 28 16 19 20 17 14 19 30 
20 41 19 16 17 18 35 27 19 24 16 10 20 16 30 45 21 25 17 6 17 20 16 42 13 36 39 27 15 25 12 13 24 11 21 29 21 24 20 26 31 20 23 26 34 
12 29 23 20 38 17 24 24 18 38 23 22 30 14 28 18 12 27 11 14 27 13 18 44 22 35 39 11 12 25 13 22 28 20 20 26 18 19 20 19 17 23 33 16 22 
11 36 16 16 31 17 37 25 24 24 28 12 33 20 28 15 1 29 16 19 18 15 21 19 18 23 41 20 20 16 10 14 29 19 30 12 27 26 21 23 26 18 41 28 42 
19 25 28 17 30 15 20 29 14 27 26 16 30 18 21 34 19 35 21 27 20 13 14 33 24 6 39 17 17 21 21 18 15 16 29 14 25 16 16 12 31 22 36 34 37 
19 24 11 14 39 24 30 30 13 30 32 15 11 14 14 21 18 29 13 17 20 17 20 23 15 31 15 15 13 13 16 11 30 22 24 23 29 17 14 13 27 20 25 25 26 
19 11 28 16 34 19 22 34 19 31 29 13 30 14 16 35 24 21 17 15 12 13 24 42 30 29 29 21 20 18 13 15 27 13 21 14 23 20 8 19 33 16 37 21 42 
24 43 10 16 13 27 17 22 20 32 30 10 12 18 16 37 26 26 17 22 15 14 17 30 27 39 21 20 20 22 14 17 23 19 25 16 29 28 13 21 25 19 25 30 25 
10 28 30 18 35 6 16 30 11 55 18 25 20 20 30 33 23 21 16 18 19 16 21 41 10 21 30 19 16 20 7 15 39 22 25 19 18 21 20 27 26 21 34 24 47 
17 34 18 24 33 16 28 24 29 27 26 15 25 15 24 43 23 36 18 18 25 15 24 23 24 11 24 31 31 17 17 13 25 13 31 21 32 19 16 8 40 20 42 16 29 
21 32 26 16 20 17 32 24 21 32 33 13 20 14 26 37 31 31 9 19 24 17 19 29 18 25 25 18 11 22 15 10 23 13 20 16 34 26 12 22 25 19 30 12 40 
18 23 33 19 26 21 20 26 19 25 27 10 12 22 16 37 26 19 18 15 18 19 19 27 14 33 52 21 27 33 17 12 26 15 14 21 19 21 22 15 25 23 40 24 29 
15 25 23 19 40 17 17 13 22 29 19 7 19 19 25 13 16 37 18 9 22 13 19 23 15 33 33 16 16 20 14 15 21 17 25 16 14 18 14 17 39 20 26 31 35 
18 37 19 19 34 24 23 28 17 17 26 10 16 9 30 25 22 19 23 12 13 16 20 20 29 33 43 21 15 16 17 19 29 17 26 23 24 24 21 20 24 13 38 37 23 
22 39 31 15 43 20 22 21 22 28 26 14 16 17 25 21 19 19 14 18 18 13 23 22 29 24 31 17 23 19 13 18 30 21 24 17 27 20 18 19 17 15 24 15 27 
24 29 14 17 24 18 33 16 17 25 7 17 22 15 37 22 16 28 10 19 17 8 24 40 26 17 20 16 15 21 12 17 20 16 16 15 11 26 11 25 39 13 23 29 17 
17 33 26 15 32 24 31 15 25 24 18 6 16 21 27 33 17 40 12 12 18 14 18 19 35 25 18 17 17 24 15 17 30 23 14 12 23 34 25 16 21 21 33 34 28 
27 32 36 19 19 26 16 11 16 32 23 13 26 17 29 29 26 30 15 20 28 18 14 25 30 31 22 10 26 22 20 10 14 16 34 10 38 27 16 17 21 25 32 27 32 
16 22 30 17 40 20 21 25 15 31 21 14 8 7 37 47 19 25 18 10 17 11 11 10 24 24 29 18 21 21 20 15 15 14 24 18 14 20 19 17 29 18 35 38 13 
29 35 24 14 31 28 25 27 19 23 28 13 16 15 29 23 21 32 18 15 24 17 25 35 24 13 29 16 21 23 12 17 32 14 19 9 28 29 18 17 39 20 39 34 3 
14 29 20 17 21 28 27 24 23 25 25 20 12 22 22 53 18 34 18 21 17 10 18 43 29 22 24 24 26 17 20 13 1 25 15 22 26 21 15 14 38 26 43 31 27 
19 26 8 19 41 21 27 24 19 22 15 22 30 19 31 34 15 13 11 12 17 15 28 31 20 24 33 13 30 14 6 15 25 21 22 28 24 28 14 21 35 18 39 30 35 
33 37 31 17 13 26 22 22 22 31 28 11 17 8 28 22 33 19 14 16 16 19 10 44 20 36 55 17 16 14 15 20 31 17 23 13 23 29 14 14 22 15 26 28 35 
25 22 24 16 43 12 28 30 23 25 37 15 15 18 29 25 19 19 12 16 37 9 11 37 13 33 40 25 25 24 10 14 16 20 20 10 24 20 22 24 32 14 12 33 35 
17 28 21 22 30 32 21 17 32 30 25 11 22 16 18 31 12 16 18 11 18 13 20 22 24 25 31 16 21 19 26 11 21 17 19 15 19 14 13 19 29 16 22 24 25 
18 26 22 17 26 24 23 18 29 41 20 9 10 14 24 32 7 12 13 14 17 11 24 25 32 16 20 13 24 21 12 17 24 16 24 15 20 32 22 28 14 14 39 31 20 
16 29 35 23 30 29 24 34 19 29 22 6 19 21 21 21 13 32 15 18 12 13 20 40 17 30 44 17 21 19 10 13 50 9 34 30 35 17 17 21 43 23 45 15 22 
15 16 20 11 21 15 25 24 22 34 32 19 26 23 21 33 23 32 19 25 23 11 14 24 28 27 35 19 24 23 16 17 16 14 20 25 37 25 18 18 29 24 29 36 28 
17 32 31 13 17 16 24 11 21 27 17 16 27 14 24 29 17 23 18 15 20 18 19 28 25 22 32 13 23 13 13 13 31 13 17 21 31 24 23 12 19 16 44 22 31 
19 18 14 15 17 18 24 21 20 19 27 23 21 17 36 39 16 35 21 21 25 16 9 30 15 28 35 16 15 19 21 11 23 9 24 13 27 19 12 18 20 17 35 33 32 
26 35 17 15 29 14 29 31 29 18 22 14 27 13 33 33 22 17 10 14 21 17 17 18 16 32 35 23 18 12 15 15 20 18 28 20 19 27 12 22 25 18 20 28 21 
23 29 20 19 29 11 28 23 26 27 17 13 20 16 34 46 15 20 15 14 16 5 27 15 29 23 22 23 28 24 17 11 20 16 29 16 20 29 18 22 18 21 43 24 37 
20 37 37 17 30 17 15 24 20 24 12 23 14 14 14 22 28 33 15 19 14 18 18 33 24 27 43 16 19 25 12 20 20 18 25 21 37 17 7 25 43 14 26 28 27 
18 46 26 18 24 19 25 20 11 39 25 9 24 20 32 17 27 24 16 20 12 15 11 22 24 34 32 19 29 26 13 16 24 11 26 25 30 38 9 15 31 21 45 36 24 
14 20 21 13 39 24 22 17 21 25 13 21 25 20 28 37 15 26 10 14 27 16 20 14 22 34 33 21 15 30 8 17 22 14 24 24 20 23 17 20 41 10 28 29 40 
16 38 19 18 18 20 23 22 22 29 19 18 12 17 27 21 25 26 16 16 19 20 17 26 24 23 43 16 23 11 15 13 35 21 23 19 31 14 13 12 15 21 22 26 28 
17 43 23 14 27 16 38 12 24 29 10 19 25 13 31 30 20 36 13 25 20 18 9 29 25 34 18 30 15 27 13 14 31 14 27 15 17 22 22 10 29 22 28 39 17 
18 39 26 18 33 14 19 22 16 31 19 16 16 26 38 27 17 22 10 17 27 16 22 18 16 22 23 23 33 19 16 10 29 10 23 27 27 30 10 24 36 11 30 38 17 
23 20 14 22 24 19 32 23 19 36 33 15 18 13 21 41 24 33 13 12 20 15 20 30 10 21 34 18 16 26 14 14 27 13 17 18 38 20 19 20 22 13 23 35 32 
21 13 34 18 44 19 25 23 17 7 17 20 20 15 22 37 28 34 19 18 20 11 12 30 26 44 37 24 23 33 14 11 29 20 28 16 24 29 17 18 15 13 37 23 20 
15 16 40 11 36 17 15 31 16 33 10 8 13 19 38 49 9 29 16 15 18 12 22 19 19 24 35 14 22 20 14 15 23 16 25 19 18 21 10 22 36 18 13 34 28 
23 46 20 14 37 31 24 18 24 31 28 18 25 10 21 10 23 17 14 11 22 19 19 35 21 32 9 14 29 25 20 8 38 12 30 17 26 17 16 23 19 25 32 37 21 
20 38 21 19 30 28 16 20 20 41 31 16 28 19 26 25 22 29 23 15 34 10 18 29 24 23 23 23 21 18 15 19 17 16 24 25 32 35 20 15 27 11 41 35 18 
16 20 32 17 23 29 19 15 16 40 30 12 22 12 30 29 16 31 22 16 31 11 12 9 26 29 31 7 11 18 19 21 19 12 24 17 25 9 19 21 30 9 18 11 32 
27 27 30 20 26 14 31 21 21 18 21 13 10 13 30 16 2 17 21 17 32 12 25 36 6 28 29 18 12 28 15 18 14 11 14 16 27 22 7 17 19 12 36 18 28 
19 22 25 19 45 14 34 23 16 23 24 16 22 17 20 20 17 30 14 16 19 14 21 21 21 25 21 16 26 19 22 22 26 16 15 15 24 25 20 26 19 18 36 36 25 
22 28 25 15 28 20 14 28 19 16 30 8 19 17 30 20 22 25 14 19 22 16 16 43 19 30 32 21 18 14 16 15 25 11 31 18 25 24 12 23 22 18 40 39 28 
22 24 24 18 34 18 15 20 17 29 32 17 13 17 29 53 15 22 18 21 9 8 12 33 19 28 26 9 18 22 14 17 32 22 11 20 5 27 12 23 22 19 19 20 33 
20 32 22 20 13 27 22 16 22 30 22 11 24 15 31 34 26 25 10 8 18 17 10 22 20 32 44 16 25 23 16 18 28 16 32 26 10 30 18 18 35 18 54 25 42 
18 15 17 17 23 5 25 24 15 28 25 19 31 14 26 34 16 30 18 14 18 17 19 23 6 34 30 17 36 23 20 16 19 15 31 20 20 24 13 21 44 14 25 23 28 
18 29 14 15 32 24 35 23 20 24 19 12 22 15 38 24 22 22 21 14 20 13 20 30 17 39 17 17 27 15 21 16 22 14 31 17 24 18 14 9 40 27 37 19 32 
14 25 26 13 35 21 21 20 26 42 26 13 21 15 32 36 19 24 15 19 29 14 29 20 22 30 34 9 31 16 13 25 30 22 24 12 24 27 18 21 36 18 34 22 45 
23 31 38 13 13 16 21 21 19 40 24 11 14 14 24 52 22 20 14 13 25 18 12 41 23 31 9 18 21 18 17 17 29 19 30 21 32 15 18 21 22 16 46 16 34 
10 18 38 14 28 22 28 28 17 28 19 10 24 14 29 34 20 29 15 16 20 15 17 14 25 38 25 25 22 25 10 16 17 13 25 10 14 25 19 22 28 28 29 32 28 
20 33 33 9 32 28 14 27 18 20 23 17 15 14 17 36 25 32 14 16 14 17 16 25 25 15 3 19 27 17 11 18 23 11 13 19 23 29 13 23 36 17 33 7 22 
12 26 15 18 38 29 23 15 17 29 24 14 20 16 25 14 29 21 11 14 8 16 17 34 25 22 15 15 17 16 16 16 34 21 23 22 16 11 12 12 23 21 27 32 42 
21 30 20 14 39 17 23 22 26 29 16 18 16 14 12 28 13 38 12 17 15 15 22 13 16 37 17 13 20 34 18 16 28 14 14 20 29 23 25 23 32 26 31 19 22 
16 35 34 22 33 23 14 20 14 34 27 13 17 20 35 30 18 26 20 12 26 18 11 38 11 36 40 20 24 28 17 10 30 15 37 28 32 35 16 19 45 16 23 18 28 
22 24 25 22 26 16 25 20 28 26 31 20 11 20 15 36 7 22 16 15 11 15 28 24 30 27 18 11 24 21 15 13 23 19 27 27 26 20 22 15 27 18 16 31 24 
15 40 33 22 29 24 14 23 26 40 16 4 14 19 33 28 19 29 13 10 25 17 10 27 23 23 30 15 15 15 12 13 27 12 30 14 18 25 21 21 14 20 21 30 28 
25 41 26 10 31 10 29 30 23 24 30 11 11 15 36 32 20 27 13 14 32 14 18 21 21 34 38 25 15 12 6 11 22 26 29 16 24 39 23 16 40 15 43 37 28 
21 31 32 20 16 12 20 19 10 19 18 15 15 23 21 16 20 32 16 19 19 18 23 39 17 37 23 16 31 18 16 16 28 14 22 21 19 18 20 16 43 18 37 24 19 
19 34 41 12 36 21 34 22 24 27 21 21 19 18 29 45 24 20 16 20 23 21 25 29 17 21 30 21 12 18 14 15 28 22 20 18 29 37 18 18 26 23 28 40 27 
20 36 32 11 31 12 28 16 18 38 24 19 31 12 31 32 8 34 11 22 28 18 20 32 25 18 47 25 29 16 16 9 26 19 20 15 22 17 18 19 32 23 29 30 31 
17 41 23 15 24 32 25 28 12 31 27 15 21 16 21 23 14 29 17 18 21 6 10 25 17 25 49 15 23 19 10 14 34 16 39 20 21 27 18 17 23 20 26 29 27 
14 54 27 14 12 16 20 23 27 17 22 23 17 19 22 25 17 27 21 21 37 15 24 35 31 16 31 15 20 17 15 18 19 17 13 14 24 29 20 13 31 24 11 24 39 
19 24 28 19 40 21 31 29 23 24 34 17 21 11 29 42 13 41 20 17 21 19 18 29 21 14 30 19 23 13 17 20 31 12 16 22 32 29 21 21 19 25 50 19 36 
22 28 27 11 10 22 27 22 20 32 24 15 29 19 22 36 25 23 18 16 23 17 23 19 32 28 11 11 23 23 14 12 8 22 27 26 30 30 15 19 26 19 25 32 35 
26 30 39 11 41 14 22 17 11 29 26 22 20 18 22 29 26 18 17 15 25 11 20 26 21 34 22 14 20 15 9 22 26 15 29 24 27 30 16 19 17 14 30 18 44 
16 37 20 16 24 23 26 26 14 24 22 13 20 17 24 40 28 29 23 15 24 19 16 31 22 33 38 18 36 19 17 12 28 14 25 21 39 35 15 25 22 22 36 14 18 
21 20 32 12 32 25 18 22 15 19 24 15 29 16 33 51 28 27 9 14 24 15 23 30 30 15 43 20 22 27 14 15 17 14 27 15 30 13 14 24 16 25 39 22 16 
19 23 30 13 18 21 21 22 12 25 26 23 22 17 25 27 12 28 12 15 25 13 10 24 26 23 30 22 28 23 21 13 38 18 20 18 6 26 19 10 17 22 27 16 40 
18 27 43 20 16 17 22 25 25 39 34 16 19 20 22 19 24 23 15 15 24 10 18 24 16 26 18 19 22 18 20 13 30 17 27 23 21 31 19 18 33 15 49 35 37 
25 41 19 12 39 23 18 35 13 38 31 13 24 18 30 25 20 26 11 13 23 15 18 35 32 35 25 16 22 16 14 13 23 21 19 27 25 23 22 22 30 16 4 32 34 
14 8 24 18 36 21 24 15 13 32 29 13 17 21 27 35 19 24 25 16 23 13 17 19 20 32 30 23 27 24 17 17 17 13 29 20 35 28 18 20 42 27 39 28 26 
21 26 25 18 48 14 21 23 19 45 23 16 20 13 39 24 25 26 10 11 19 20 14 29 25 31 28 13 12 22 18 8 21 11 28 16 42 26 14 21 25 25 18 23 39 
27 41 26 15 27 29 25 33 23 19 17 15 26 16 29 23 26 16 10 19 18 11 20 15 21 20 34 20 17 23 8 19 22 21 16 10 21 19 16 18 36 13 21 33 36 
21 30 35 16 28 17 23 19 21 22 20 16 15 13 41 25 14 24 16 19 13 10 22 16 30 29 34 9 18 24 19 17 30 18 17 15 19 26 21 19 26 24 30 33 32 
19 37 34 10 28 16 28 23 28 39 24 15 26 15 33 36 28 49 17 18 23 19 23 24 25 22 29 25 20 31 12 16 20 8 30 13 25 40 12 22 42 25 32 16 28 
17 31 23 13 36 22 42 32 23 32 8 21 11 16 33 34 14 26 22 10 16 13 17 19 21 20 13 12 32 19 9 12 27 20 27 8 22 32 20 17 26 25 23 18 36 
14 40 23 13 23 27 20 21 15 29 22 8 25 16 22 25 18 26 17 24 18 13 12 19 28 31 17 13 31 25 13 18 23 17 22 11 28 28 25 17 23 10 25 20 22 
16 34 14 12 31 16 18 19 19 40 16 17 4 17 20 40 20 30 12 9 26 11 13 19 25 25 28 16 21 32 18 17 23 11 23 19 37 27 20 13 25 18 24 11 26 
23 31 18 11 15 21 12 35 30 36 28 10 17 20 15 34 21 25 17 18 19 15 12 31 29 21 30 26 24 19 15 18 25 19 26 15 39 31 18 27 29 22 15 30 29 
18 29 41 13 24 29 27 15 24 23 20 16 19 23 27 14 20 24 17 22 21 13 18 18 12 18 19 21 32 28 17 14 15 12 27 16 30 30 15 20 31 16 31 9 32 
25 42 21 16 47 23 16 26 16 26 30 19 15 21 31 38 13 36 24 20 19 14 18 26 24 22 13 13 18 24 13 12 26 16 24 15 28 23 10 22 13 22 20 25 30 
14 9 28 19 23 21 21 26 18 25 28 18 17 15 45 40 18 26 18 16 12 16 20 13 23 34 38 11 11 11 18 9 29 14 18 21 16 38 28 24 34 17 42 35 12 
27 33 29 10 27 24 37 20 19 29 15 10 12 15 23 30 31 30 14 17 17 15 16 32 40 36 38 11 11 22 18 13 19 18 27 24 23 21 19 12 15 24 21 29 22 
25 33 25 17 36 16 40 25 15 15 15 22 14 17 40 27 11 31 16 18 28 10 16 14 20 24 35 18 25 23 16 15 24 22 37 28 12 42 12 23 43 20 47 18 30 
17 33 21 13 29 20 26 24 23 40 27 15 23 15 45 13 20 34 14 20 13 14 12 33 19 23 44 24 22 25 17 17 16 16 27 22 22 20 19 13 15 12 38 30 22 
16 35 27 24 30 20 23 22 23 28 20 17 19 20 35 30 30 25 21 18 29 13 18 32 28 32 32 20 23 24 14 10 25 15 41 13 33 31 17 26 40 20 36 29 26 
17 33 36 13 28 18 30 19 22 31 33 16 17 18 25 39 17 23 24 17 20 16 14 30 22 25 29 23 24 36 10 21 32 14 30 21 33 41 24 18 30 16 19 36 29 
17 26 22 19 36 23 12 21 18 31 30 19 28 16 30 32 26 25 13 16 21 14 11 33 32 17 44 17 15 25 15 12 25 21 32 18 32 23 24 18 41 19 27 35 53 
17 28 20 14 30 16 17 6 13 29 15 19 9 19 36 45 22 20 21 13 23 17 27 16 32 35 35 17 30 15 11 17 24 24 24 18 14 27 14 17 30 25 42 22 33 
27 24 26 20 18 22 33 9 24 33 23 20 16 9 10 51 19 27 20 21 27 15 26 29 24 19 32 9 24 21 4 6 35 19 27 14 35 32 11 17 23 13 40 27 41 
24 31 25 19 38 22 27 28 18 27 29 15 18 13 16 41 21 19 11 11 13 12 18 34 17 34 25 17 31 24 14 19 29 10 21 19 23 23 18 23 25 14 32 31 24 
25 24 14 20 46 16 14 22 16 33 16 14 18 19 32 43 19 26 18 20 17 14 18 27 20 26 49 8 27 21 14 17 41 18 28 14 17 27 23 25 25 19 19 27 20 
19 26 26 21 30 31 22 27 19 26 15 14 28 15 38 17 25 23 17 21 13 20 19 31 32 20 37 16 22 14 21 21 36 14 39 22 36 22 26 16 39 27 29 18 39 
18 34 13 17 19 23 23 13 23 32 25 17 10 14 30 30 18 32 11 20 21 14 26 13 35 21 38 13 22 10 13 7 24 12 19 18 38 42 22 25 27 18 37 20 16 
18 28 27 12 31 33 25 23 12 28 26 22 21 14 32 35 22 35 11 16 30 15 24 20 25 25 25 20 16 29 16 11 27 18 26 20 30 27 21 19 14 20 29 18 15 
20 22 25 14 28 22 21 24 21 26 21 21 12 15 31 41 28 28 15 14 12 13 23 13 25 25 42 15 22 25 20 11 16 11 9 13 28 10 17 21 19 13 30 32 22 
22 33 25 19 37 17 18 19 22 9 21 15 18 19 13 7 12 26 14 24 14 16 16 33 23 26 32 10 31 27 12 14 17 14 20 17 25 32 6 17 48 14 40 31 42 
22 32 22 17 27 21 12 21 18 34 28 13 18 19 20 21 21 15 14 17 14 13 21 23 22 17 22 20 20 17 19 14 20 8 16 18 35 28 22 17 31 24 31 21 31 
24 36 21 19 42 18 17 19 21 42 32 12 17 16 32 25 27 30 15 11 25 16 23 41 23 23 25 15 21 21 18 21 23 18 22 17 17 31 20 19 39 18 21 21 20 
23 23 20 14 23 24 21 13 14 37 31 11 16 22 32 38 19 20 13 20 12 17 16 34 20 39 31 21 10 21 16 17 26 18 34 16 21 15 26 18 29 13 31 27 33 
31 40 17 15 28 22 28 34 16 34 15 14 20 12 30 17 28 9 23 17 21 13 17 33 31 13 35 10 19 22 21 21 23 19 31 18 10 29 18 21 27 13 37 28 22 
17 23 19 18 40 9 16 32 27 23 28 16 25 23 20 29 21 33 9 15 18 16 21 25 32 36 24 10 15 34 13 23 27 19 27 27 15 24 16 18 36 22 22 22 14 
17 28 16 17 24 13 31 22 13 30 29 15 20 20 14 28 29 7 24 17 16 21 28 29 22 19 31 28 19 25 21 12 22 14 20 26 5 25 18 13 28 19 41 23 27 
20 29 32 24 36 18 19 29 26 24 22 18 18 12 22 42 16 27 13 14 24 17 13 37 27 22 29 19 35 24 9 13 35 14 34 21 17 31 27 20 13 18 29 13 37 
22 36 26 14 42 25 20 26 18 38 29 19 15 21 34 13 17 10 7 16 27 11 18 40 20 23 26 21 14 19 18 16 17 19 11 18 28 36 10 17 17 24 33 30 32 
18 25 19 14 46 29 33 25 22 24 16 15 14 13 38 37 22 17 8 12 16 7 21 19 17 31 15 10 22 19 24 14 42 21 14 19 25 34 14 19 18 20 42 26 41 
18 26 29 20 35 20 30 21 22 28 23 14 20 15 25 37 22 23 18 19 23 12 23 37 25 35 36 24 23 20 17 16 21 16 19 19 28 19 26 20 16 22 20 31 31 
32 26 13 19 29 22 16 36 22 53 15 14 9 19 26 38 24 31 4 15 32 6 28 18 25 22 44 23 22 21 11 17 32 13 25 21 26 15 13 10 16 21 24 24 18 
23 13 25 19 25 25 28 22 8 21 19 9 13 14 15 21 22 7 16 8 32 14 20 27 19 31 34 15 20 33 13 18 29 15 21 14 36 30 15 15 30 11 33 26 35 
14 36 23 14 19 20 11 24 25 39 19 13 18 10 35 40 26 24 12 13 19 11 24 27 38 28 37 17 23 29 11 21 33 21 21 21 31 22 19 24 31 25 28 20 19 
22 23 35 18 25 13 41 24 29 34 13 21 17 15 34 26 20 36 18 13 24 16 33 25 25 27 24 21 26 22 8 14 31 15 30 17 21 40 17 22 24 22 45 16 34 
22 35 26 20 28 13 21 15 19 26 29 16 15 19 31 30 22 29 18 10 21 17 10 32 23 26 20 11 25 14 10 10 23 10 20 15 28 34 21 23 37 15 40 22 24 
24 36 20 18 34 17 35 18 30 37 23 10 13 14 19 21 25 25 18 18 14 13 19 32 25 32 21 16 18 30 17 12 22 11 35 22 24 20 20 20 31 14 22 32 25 
22 18 15 19 17 22 19 40 27 43 11 14 20 13 25 25 23 38 18 13 22 12 12 18 28 24 28 22 15 22 13 15 28 19 27 12 22 25 19 17 28 16 30 30 27 
12 40 29 16 32 21 11 29 23 23 6 14 14 19 34 29 24 31 17 16 23 18 18 29 20 9 36 13 19 31 9 13 25 14 21 16 32 19 14 12 31 12 29 38 34 
10 32 29 16 31 13 24 30 20 42 35 14 14 17 42 43 20 19 16 9 28 18 21 48 26 42 23 20 30 25 10 14 28 15 11 17 23 12 20 17 34 14 25 29 39 
21 31 29 20 33 27 33 21 13 25 11 21 32 18 33 31 23 31 24 14 29 10 22 35 27 23 29 20 16 23 14 17 22 17 20 19 39 28 20 17 29 28 24 37 17 
24 32 25 11 19 17 26 27 17 31 30 15 10 19 24 26 11 23 18 19 18 11 14 19 10 27 35 12 14 27 20 18 39 17 26 24 20 25 22 18 36 21 41 22 46 
20 24 34 15 45 19 16 21 24 24 27 16 16 18 26 31 17 26 17 11 28 18 17 23 28 19 30 28 20 32 12 12 27 16 26 19 21 28 17 16 38 19 23 26 34 
27 36 42 19 36 27 28 19 25 33 21 22 18 20 23 20 15 27 14 11 13 21 27 21 24 24 26 23 21 26 11 18 22 17 15 17 24 24 15 10 9 26 33 38 28 
21 24 20 13 25 16 28 11 13 19 26 14 24 16 30 42 20 29 6 18 26 18 31 40 21 34 18 22 35 24 9 11 26 13 31 20 32 45 21 21 17 24 23 17 40 
15 22 29 18 27 20 25 14 25 37 34 14 24 22 27 40 18 35 13 13 19 14 17 30 17 25 37 12 26 14 23 18 27 20 33 19 18 19 10 20 29 20 39 36 25 
22 25 29 11 15 20 20 21 17 31 23 19 11 21 14 33 23 37 11 14 21 11 24 22 18 25 18 17 30 19 14 13 28 14 32 21 28 22 20 15 19 22 23 14 22 
19 35 15 15 24 19 24 14 18 27 25 18 18 13 26 49 29 26 10 15 20 13 24 35 23 24 34 18 20 29 15 16 26 19 27 21 37 28 22 18 37 27 30 18 19 
29 30 12 12 27 23 30 26 24 26 28 17 11 14 39 17 16 23 16 18 15 5 20 33 20 35 36 21 26 26 11 20 11 16 17 21 28 27 15 9 24 27 28 31 29 
21 25 30 19 37 19 13 30 14 38 28 18 20 12 25 29 29 21 18 16 22 14 18 36 17 22 40 19 26 19 18 10 24 21 27 7 28 8 19 19 37 21 43 25 33 
20 33 18 17 44 15 33 19 22 22 28 12 21 15 17 34 19 24 24 25 18 19 23 17 35 40 31 10 18 19 14 10 24 18 32 18 33 31 25 13 42 20 32 21 22 
22 38 32 23 17 10 32 9 22 38 29 17 21 18 10 39 17 22 23 18 15 19 12 47 16 31 32 29 21 19 15 9 33 18 37 22 25 27 20 21 39 29 35 34 32 
16 28 24 17 15 24 30 24 19 20 22 15 21 18 17 21 12 32 14 12 28 17 19 22 30 16 37 20 28 10 20 20 37 21 12 14 16 16 21 17 17 15 21 27 19 
18 35 42 15 32 17 19 8 18 35 33 12 23 16 22 33 23 27 14 15 25 16 16 28 14 34 33 30 13 23 15 17 21 17 17 20 33 16 10 11 17 14 27 20 24 
25 31 14 21 23 24 32 21 21 16 16 21 14 17 32 12 21 41 16 17 32 14 17 23 24 31 37 19 23 28 17 19 27 20 39 22 37 24 11 23 26 14 13 32 33 
18 21 23 11 27 20 16 15 25 17 14 14 23 12 36 32 24 10 18 13 23 14 18 42 17 22 28 11 24 18 15 11 28 13 19 26 20 37 21 16 30 21 42 33 17 
22 46 25 16 22 20 24 25 19 24 23 15 6 14 34 32 19 27 17 16 30 20 23 28 31 30 31 6 16 23 13 18 22 14 20 19 32 23 14 15 33 17 33 24 11 
30 32 21 17 36 26 20 20 19 27 16 19 25 14 28 27 22 31 21 11 21 17 12 33 18 35 41 13 11 22 19 10 34 14 22 19 29 14 21 11 28 14 25 34 33 
14 28 27 24 28 28 29 20 23 37 28 16 11 12 38 52 20 35 15 11 28 17 17 35 6 22 20 11 18 23 14 21 29 15 37 15 21 24 14 19 17 7 10 37 40 
17 39 27 17 43 25 24 25 18 34 23 9 26 15 36 32 19 33 16 12 17 18 23 22 29 28 33 27 20 21 17 8 31 16 22 16 37 17 15 24 27 14 22 29 50 
14 36 11 22 37 16 32 5 21 41 22 17 13 18 35 23 22 33 15 15 13 18 14 17 4 14 24 18 17 21 17 21 22 10 16 13 27 15 16 16 19 21 20 35 14 
21 23 37 17 34 20 11 22 14 36 31 17 16 13 26 27 8 43 19 19 20 13 12 30 16 1 36 30 22 17 21 14 19 17 19 16 13 26 20 19 27 19 29 19 33 
22 22 29 16 36 21 35 23 13 29 22 17 23 16 26 30 26 38 9 15 27 14 16 24 18 19 41 18 24 23 20 19 20 15 17 16 30 26 11 18 18 15 25 37 37 
11 37 17 20 25 29 21 20 22 27 21 21 31 18 22 37 22 25 13 17 14 16 29 45 26 33 29 17 19 24 13 11 31 13 30 10 19 31 9 26 17 14 26 30 5 
30 38 40 17 21 21 24 28 14 21 20 16 26 9 26 18 14 18 16 17 23 10 20 30 26 21 23 16 18 16 13 8 18 18 20 16 16 25 14 18 22 21 17 34 21 
17 34 13 17 16 17 20 16 13 32 22 11 22 22 27 32 26 31 17 21 27 13 20 23 20 18 45 19 32 18 13 22 23 23 23 17 18 23 23 9 37 20 42 47 7 
25 22 15 20 18 20 35 13 16 26 22 11 13 18 31 30 25 20 17 22 20 23 20 33 14 20 26 21 20 13 12 19 35 9 8 19 11 31 18 5 40 18 26 40 27 
15 37 27 21 30 27 25 16 28 21 33 25 28 16 26 33 16 34 12 22 22 15 19 40 26 27 36 11 16 8 21 24 25 20 28 25 22 16 19 20 17 24 43 38 44 
22 30 17 14 41 20 29 18 24 22 24 16 17 20 18 38 17 28 13 12 24 9 22 34 29 28 25 20 21 22 18 6 31 15 30 15 25 24 16 11 34 15 15 30 29 
13 25 23 17 21 18 15 16 16 31 31 25 18 17 26 34 24 16 10 15 19 20 19 25 16 32 27 14 19 29 9 18 29 6 28 20 27 23 18 11 30 24 27 31 26 
29 31 31 14 31 17 11 24 29 30 25 25 22 16 28 18 29 28 16 16 25 14 26 29 21 30 29 17 25 23 21 10 30 16 11 23 25 22 7 19 17 19 26 22 26 
18 35 30 10 19 26 19 28 12 34 19 11 22 21 17 46 25 30 16 17 33 11 17 25 13 31 24 26 18 19 16 17 12 14 31 20 21 32 12 18 18 16 18 11 36 
16 27 36 16 29 12 27 20 16 30 24 19 16 20 25 40 21 15 19 11 10 16 22 19 24 27 39 11 20 27 10 20 24 11 24 16 22 33 20 9 18 21 40 32 33 
17 21 37 20 28 23 29 30 23 34 23 12 19 15 23 35 21 16 17 17 7 19 24 24 19 24 40 21 17 18 14 20 27 21 25 21 32 16 16 19 26 20 33 23 31 
26 28 33 16 33 14 31 17 22 27 22 17 29 15 24 44 34 24 14 13 16 15 14 25 25 24 16 11 19 17 22 15 28 22 19 20 16 25 13 25 14 14 16 33 25 
16 20 28 20 41 29 21 12 27 22 25 12 27 19 20 25 20 27 10 14 30 18 16 37 29 20 26 21 24 40 11 12 17 15 21 17 37 38 13 17 23 15 17 21 34 
19 30 26 18 35 18 19 19 17 27 29 15 17 14 32 27 14 29 18 9 14 21 13 36 24 35 32 12 18 22 14 15 20 17 29 11 23 25 21 25 16 14 33 19 29 
17 34 30 9 39 21 30 17 22 39 16 15 18 15 32 27 9 18 13 11 19 12 16 44 27 29 28 14 21 18 18 18 31 10 24 17 23 23 16 19 14 18 29 19 18 
20 35 29 13 26 23 24 32 17 32 19 16 24 14 28 24 17 35 19 21 16 22 19 39 18 18 38 20 21 20 8 21 28 10 31 24 37 33 23 21 34 17 33 35 36 
12 36 21 15 13 17 22 26 27 25 26 14 23 18 15 27 20 41 17 20 23 14 24 37 17 25 30 18 25 21 22 9 39 21 37 14 26 27 7 23 34 14 26 34 32 
18 27 28 13 28 11 15 25 15 38 21 17 27 16 22 26 13 16 20 11 21 9 27 17 31 31 27 18 15 11 18 15 32 16 19 26 2 18 25 19 33 18 24 22 21 
9 33 31 13 33 20 24 29 19 15 19 20 18 15 36 32 21 26 22 13 18 6 14 29 27 22 26 24 21 27 10 16 28 14 5 18 29 31 14 20 13 16 38 28 24 
23 27 26 21 27 21 21 30 17 38 19 15 23 15 21 18 17 23 16 15 18 10 25 31 26 24 40 16 34 29 16 9 24 21 27 19 24 15 16 22 24 11 22 26 46 
21 34 28 21 49 21 27 14 18 34 22 18 14 21 28 29 21 27 18 14 15 9 22 23 26 13 39 15 27 34 20 11 36 19 34 16 20 33 17 15 21 19 39 30 38 
23 33 33 18 31 13 30 27 6 28 21 10 27 15 28 36 27 31 16 11 18 19 19 32 15 26 27 18 26 24 23 20 27 25 28 22 15 25 17 16 22 15 39 22 30 
27 28 23 17 36 26 18 19 21 19 19 27 8 9 19 25 26 39 20 19 16 17 16 23 22 36 33 14 16 31 19 19 12 15 21 12 23 28 18 30 28 12 21 20 21 
18 28 21 16 8 11 13 21 22 39 27 18 16 12 30 51 17 27 14 12 24 11 23 29 27 22 28 14 18 23 17 16 39 15 33 11 26 26 22 17 25 34 15 17 17 
23 40 32 13 16 7 9 27 19 21 16 20 14 10 24 16 18 23 18 20 30 14 13 24 18 23 34 28 13 13 18 17 16 17 17 18 23 19 17 26 35 18 30 34 32 
25 36 32 15 31 26 25 25 21 37 18 15 24 13 28 23 26 25 9 10 20 15 21 25 18 21 26 23 23 22 13 9 28 15 23 19 31 25 13 15 48 23 52 26 29 
21 24 17 19 43 22 27 29 21 15 31 9 12 14 28 33 24 36 12 15 6 14 25 28 20 19 27 20 12 26 21 17 30 19 33 21 17 23 19 32 27 19 41 27 20 
12 18 32 19 31 17 24 25 20 24 26 13 19 22 10 37 29 15 15 18 18 5 20 33 16 16 10 22 29 22 18 18 19 20 24 15 28 22 12 23 28 27 38 30 20 
23 23 35 18 30 20 19 27 20 26 27 12 16 21 30 8 21 30 8 9 13 18 23 17 14 34 42 22 19 24 20 17 36 6 25 19 24 37 18 13 12 25 29 27 22 
14 32 29 18 32 13 27 13 21 17 31 16 19 20 36 32 30 30 15 18 24 11 16 19 18 32 27 22 7 28 16 12 36 17 16 25 28 19 21 27 23 14 41 24 25 
15 19 28 12 43 23 23 30 27 31 22 10 20 15 34 29 14 30 13 9 19 23 14 36 17 32 34 18 29 21 18 17 39 12 23 23 23 32 21 19 52 19 21 30 33 
20 39 31 23 30 13 30 20 17 35 15 11 23 16 27 30 29 23 14 12 28 16 26 16 33 20 29 18 19 26 17 14 23 15 22 22 12 19 20 18 26 18 28 36 41 
19 21 29 14 32 20 25 32 26 37 37 11 23 2 27 30 12 24 17 15 25 14 13 25 14 24 50 16 21 22 14 14 31 16 25 15 29 28 12 20 25 15 25 22 28 
15 14 35 10 21 18 22 30 20 13 23 13 13 16 40 21 31 33 19 20 16 22 20 27 20 22 26 9 31 24 17 16 13 20 25 12 28 21 17 13 13 10 30 26 31 
23 36 21 17 40 20 24 34 8 32 21 15 10 15 24 11 11 26 13 18 20 14 21 25 13 28 41 14 19 19 15 10 25 15 27 13 20 25 13 22 17 20 44 26 35 
18 32 17 16 29 13 31 18 24 24 16 8 15 17 35 27 23 31 7 16 29 14 17 29 23 36 32 18 24 22 24 18 17 14 24 17 28 22 14 17 27 17 21 37 31 
9 32 30 15 11 24 23 25 13 27 22 16 15 15 43 26 13 29 13 16 19 11 20 29 20 30 33 24 32 26 17 12 24 16 12 21 20 25 23 19 14 23 33 23 40 
14 32 19 15 40 34 13 17 16 43 33 20 28 9 25 23 23 13 12 21 7 11 18 18 26 33 15 22 29 18 14 16 37 8 16 23 22 26 23 12 29 12 18 25 30 
18 23 25 12 31 11 17 15 14 35 24 15 23 13 27 29 28 29 15 18 19 16 11 33 17 41 19 17 25 31 22 19 28 23 8 18 16 33 14 14 17 18 39 30 33 
17 29 32 23 34 23 20 21 14 22 16 16 17 14 31 37 15 22 13 12 21 8 29 32 22 18 34 21 21 15 21 14 31 16 5 31 26 20 19 22 31 18 26 18 21 
17 29 29 19 17 25 29 22 19 30 19 12 22 15 17 29 19 18 20 6 15 16 16 22 27 19 33 19 21 23 7 18 35 19 27 23 35 23 22 18 33 15 33 25 23 
15 12 27 16 33 18 10 27 15 27 31 12 24 19 29 26 22 30 11 18 31 20 18 28 17 23 32 19 21 18 16 17 28 20 29 24 28 29 10 15 32 19 21 31 24 
16 26 29 19 24 27 30 17 22 16 25 20 24 20 22 13 14 25 20 13 19 26 9 26 18 37 23 14 25 18 9 14 23 14 17 22 22 32 20 16 25 12 24 31 21 
19 32 22 12 24 23 29 19 16 36 29 13 23 12 27 43 26 18 18 18 35 17 18 28 11 31 33 11 24 22 17 10 18 10 32 15 23 40 18 18 32 8 23 20 32 
17 29 19 14 30 23 24 19 15 31 20 20 25 10 19 25 26 34 19 14 28 12 21 33 6 19 41 11 22 25 15 16 29 10 16 23 27 36 8 17 34 30 26 29 43 
25 33 22 20 27 24 27 33 25 30 19 10 14 16 37 36 9 31 16 15 17 10 20 28 26 23 21 23 27 19 10 16 21 20 25 20 25 30 18 23 36 20 34 28 26 
20 35 21 15 22 26 33 27 23 23 20 9 26 16 35 9 6 31 16 14 14 14 18 22 18 34 27 22 32 16 15 15 15 18 27 24 23 32 12 25 46 24 34 29 21 
24 35 22 14 24 20 26 25 21 10 24 11 11 19 22 36 23 15 17 13 19 26 15 40 19 15 41 28 12 29 15 15 33 9 15 22 28 34 21 24 34 22 7 42 20 
15 32 22 21 25 10 17 29 21 23 22 13 17 16 26 22 13 33 14 10 30 21 20 33 22 25 13 20 20 24 24 12 33 20 18 22 29 30 22 18 34 21 36 36 15 
17 45 9 17 28 23 26 26 15 22 33 18 14 10 29 27 26 34 9 17 18 9 21 36 22 25 31 18 17 31 20 13 38 22 21 15 14 15 23 21 24 14 46 20 22 
19 23 30 14 39 35 27 27 16 53 23 16 9 21 17 39 25 31 9 20 16 19 13 24 16 26 24 17 22 21 22 18 29 10 20 21 26 38 23 23 22 18 37 50 14 
20 38 18 15 29 22 13 16 19 32 11 18 11 18 32 29 26 20 16 16 27 17 16 5 10 33 34 23 13 32 14 18 15 9 19 22 34 26 23 22 26 21 36 21 29 
22 27 27 13 18 20 29 21 21 19 24 7 30 12 25 22 23 19 17 17 16 19 29 20 20 19 27 21 18 25 18 21 34 9 17 22 29 23 16 17 30 17 27 20 27 
17 28 10 12 31 34 29 24 14 19 29 13 26 14 33 19 21 30 19 16 29 14 12 31 23 30 29 17 19 21 15 10 32 14 20 19 18 24 22 22 36 22 26 18 20 
23 31 26 16 24 29 30 15 23 22 19 21 16 14 32 34 12 27 17 21 17 16 19 21 27 25 10 28 21 31 19 15 18 26 20 15 33 29 20 20 32 25 44 24 19 
18 32 25 21 32 16 23 31 18 13 35 16 16 19 36 46 22 26 14 14 18 25 18 31 24 24 30 13 30 19 18 17 22 4 22 23 21 31 16 14 21 16 33 25 30 
26 46 29 18 39 24 37 12 19 27 19 21 27 15 29 32 18 32 22 16 19 11 14 46 19 21 26 10 29 27 16 12 24 18 22 11 17 29 17 16 30 16 23 30 34 
28 19 28 21 38 15 27 16 21 25 27 18 23 22 37 33 23 30 10 21 25 22 20 16 14 9 11 20 19 20 23 14 31 15 11 23 24 23 18 17 35 12 30 21 29 
18 37 34 22 41 13 10 23 17 23 16 12 25 20 28 25 12 20 18 10 23 13 10 47 31 25 33 20 18 25 11 12 22 16 20 26 22 22 13 21 39 7 20 15 30 
13 27 29 10 25 26 11 21 20 19 22 14 27 13 24 32 19 33 18 17 31 20 19 23 20 31 26 19 19 28 15 19 28 14 39 20 22 31 12 19 35 19 33 42 17 
20 30 21 10 37 18 28 14 18 36 35 11 32 11 22 22 18 23 19 20 17 13 20 27 18 11 35 17 24 15 14 16 30 16 21 18 38 29 20 25 13 19 20 24 24 
10 37 26 17 39 17 16 19 24 30 33 18 14 14 33 25 16 24 15 14 30 10 25 42 10 42 29 15 31 17 14 13 18 19 29 12 23 27 19 20 19 18 40 22 31 
19 46 22 16 25 13 29 26 10 33 24 18 16 22 13 43 26 26 16 15 15 16 15 29 14 36 27 11 25 16 21 17 25 19 29 23 20 12 17 14 28 13 43 15 31 
20 35 34 14 32 22 13 25 10 24 20 14 19 22 17 28 16 24 12 16 17 19 18 30 28 28 26 16 30 12 16 14 20 15 20 17 18 29 22 13 36 20 30 19 27 
20 33 36 28 33 24 33 28 12 36 15 18 18 14 44 27 21 36 20 16 27 13 22 17 2 42 27 12 21 10 16 17 40 18 30 23 17 31 20 17 36 25 32 25 15 
9 24 21 15 11 31 23 13 15 47 22 15 15 11 28 28 19 29 17 17 24 15 24 18 18 25 35 18 13 21 18 16 38 13 37 17 32 18 19 17 29 15 41 33 30 
12 26 35 13 28 27 21 30 27 29 15 10 15 17 34 42 28 25 13 18 19 15 15 31 17 26 24 12 18 20 10 12 22 11 32 22 23 17 13 16 30 19 9 18 21 
22 32 16 18 30 12 31 26 20 40 19 17 13 18 20 32 32 21 16 14 17 10 19 19 16 31 31 18 19 28 19 9 13 20 21 19 24 34 7 16 24 20 37 34 28 
21 39 37 15 9 16 11 22 19 33 19 10 21 17 29 18 21 25 20 18 18 11 19 32 22 24 31 21 19 24 19 17 30 23 28 15 20 22 21 20 32 18 21 36 25 
21 28 20 19 25 18 32 21 25 35 25 14 22 16 35 29 35 20 15 15 25 12 16 25 17 23 30 13 18 24 21 19 26 15 17 13 14 4 17 18 40 24 42 28 20 
17 23 23 17 22 13 30 23 26 24 16 14 21 26 27 9 26 26 21 15 22 11 22 31 26 38 25 11 20 26 12 16 15 17 33 15 13 36 20 20 19 15 26 35 25 
19 26 16 15 42 16 26 25 19 20 25 16 25 22 34 27 24 30 16 24 13 13 25 31 25 29 41 15 24 22 18 17 41 18 31 11 21 12 14 21 24 21 28 39 30 
28 35 22 22 24 14 26 16 18 27 21 16 22 17 12 26 22 20 12 18 9 14 23 16 23 21 15 19 28 23 18 11 34 9 26 21 28 19 17 21 28 13 51 19 24 
13 24 21 20 31 24 31 21 22 23 30 12 17 18 20 44 29 31 11 16 19 15 11 44 9 23 39 22 22 14 15 13 37 9 20 30 18 42 19 20 18 23 23 31 28 
16 31 21 22 24 18 21 29 22 42 28 20 17 16 31 36 19 29 18 16 22 15 19 22 30 28 37 17 14 19 15 17 22 14 27 16 33 40 22 15 31 31 35 16 15 
19 34 16 16 34 9 29 22 18 32 26 13 25 19 39 26 16 14 22 15 25 14 20 20 19 32 20 23 24 29 18 19 30 16 30 15 25 31 12 19 25 20 33 10 24 
19 26 36 12 31 29 12 21 17 27 25 14 25 18 38 27 21 32 18 13 19 21 17 24 17 29 24 23 27 23 18 21 27 9 26 16 23 14 14 23 16 17 28 20 29 
10 29 35 16 31 29 26 24 16 33 19 15 25 22 16 31 26 38 17 17 22 8 22 28 29 22 22 21 26 15 21 16 25 14 19 20 19 19 17 14 25 22 26 32 31 
15 26 22 11 14 19 32 25 19 26 22 12 25 19 26 10 15 30 16 17 15 13 12 30 24 15 26 26 16 21 20 6 28 19 25 24 28 33 14 15 20 22 21 24 17 
12 30 33 21 43 15 17 19 18 29 29 14 21 17 23 24 21 23 12 16 18 10 22 27 15 24 38 20 13 9 17 13 19 9 24 21 31 32 16 17 24 34 30 12 17 
24 32 21 8 27 27 5 23 26 39 22 17 28 17 27 48 19 22 18 19 22 7 19 39 23 23 42 26 17 24 19 17 35 17 14 19 31 25 17 23 23 25 23 28 26 
14 18 16 11 36 15 18 15 16 47 27 13 14 15 9 14 22 13 24 19 17 18 18 25 30 30 51 16 25 31 14 4 27 4 33 28 28 28 12 17 25 15 40 12 34 
23 22 23 17 28 24 22 20 25 37 27 8 28 10 26 19 21 25 14 16 19 15 22 26 22 34 21 19 5 18 12 12 32 10 15 16 19 28 22 19 41 15 19 25 30 
21 27 30 18 34 16 21 15 19 28 32 18 14 14 26 21 18 29 23 19 17 20 18 17 16 19 30 23 23 24 18 22 33 19 25 18 17 23 19 16 35 16 30 16 32 
19 36 34 14 44 22 18 6 11 30 27 4 23 16 15 22 7 26 23 21 24 12 15 23 19 26 20 19 25 27 15 20 19 10 19 16 23 38 9 21 33 10 26 12 23 
17 29 26 19 27 21 23 20 12 26 16 12 18 13 21 29 15 18 17 14 24 23 18 34 17 28 28 28 18 25 13 10 32 15 22 21 21 19 18 15 28 21 21 24 21 
26 32 24 22 21 17 17 26 27 33 26 10 17 20 32 39 27 35 11 6 27 23 20 25 26 27 17 23 21 26 14 7 25 13 24 17 21 30 26 14 27 16 35 27 25 
30 28 25 20 35 14 34 31 20 45 23 14 12 17 25 25 11 24 13 20 24 14 16 29 21 29 28 24 24 19 15 14 37 16 25 19 21 25 16 16 31 15 26 39 26 
19 33 23 19 33 22 21 18 22 8 17 12 23 9 19 32 19 29 16 23 9 21 21 23 23 26 37 23 20 14 12 17 24 16 20 13 34 25 13 16 27 24 25 36 18 
20 26 30 20 26 19 24 24 15 25 20 11 17 14 51 25 23 42 15 21 17 22 15 19 27 34 11 26 22 23 16 20 28 17 22 9 19 32 8 23 17 21 39 34 43 
21 29 28 12 27 33 20 29 21 31 19 19 30 6 25 31 22 34 23 20 23 13 22 22 30 33 38 20 16 18 17 15 29 14 32 27 27 38 23 13 19 5 20 25 23 
24 30 26 10 35 21 22 21 29 31 29 9 15 16 24 47 24 28 12 13 17 15 28 24 30 30 23 21 29 32 17 7 32 12 15 8 38 42 18 22 31 19 34 33 18 
21 37 35 12 38 31 22 16 17 37 22 20 16 19 19 44 24 18 16 16 23 17 20 25 33 30 24 16 7 5 20 16 17 16 30 13 24 26 24 28 21 20 20 27 27 
12 44 25 20 41 26 29 27 10 26 25 14 15 17 21 25 27 29 20 19 21 20 25 29 20 17 27 14 14 24 13 11 23 20 38 26 27 45 16 16 39 28 45 25 18 
15 32 19 19 31 23 21 9 18 35 26 9 17 14 16 17 28 17 18 19 22 10 21 32 23 28 36 22 24 23 16 16 23 15 27 21 17 30 18 28 28 20 40 25 29 
4 29 17 28 41 21 40 15 24 32 24 14 22 11 27 35 11 20 16 12 19 11 20 30 26 23 26 27 24 28 17 12 34 16 26 12 31 33 17 24 12 12 33 35 38 
27 37 21 17 20 6 20 28 21 29 27 17 19 20 21 36 19 25 13 15 10 18 27 43 27 23 20 14 17 17 20 12 26 14 28 14 22 26 26 26 10 15 33 19 33 
25 25 31 22 35 18 27 16 17 32 19 13 25 17 10 31 15 24 21 16 16 16 15 28 12 49 36 25 20 14 13 16 19 17 13 9 22 20 18 11 21 25 18 32 20 
27 35 20 18 33 15 28 22 27 34 28 14 18 14 31 29 23 34 11 22 15 11 19 14 17 23 25 19 19 19 11 19 25 5 34 15 29 28 27 21 24 23 34 25 20 
14 42 25 17 14 17 17 23 19 32 25 13 26 20 21 33 18 21 23 11 26 15 15 30 26 29 20 20 15 14 19 8 22 14 21 18 27 19 16 12 36 23 47 44 31 
26 29 22 15 26 12 21 27 12 13 27 12 18 17 22 20 5 31 24 26 23 17 19 35 18 10 43 20 26 24 10 18 18 15 7 23 29 23 14 20 21 24 39 31 19 
21 19 29 17 30 22 28 29 17 28 29 9 20 18 37 38 25 24 14 23 30 24 9 24 21 42 14 24 16 18 12 13 22 15 15 23 35 37 6 8 18 25 42 18 26 
23 28 29 9 33 24 22 24 22 29 17 14 25 15 29 43 18 33 12 18 34 12 21 26 26 42 48 17 29 23 14 9 34 12 14 24 29 19 16 20 37 9 25 30 20 
20 30 16 16 36 18 37 17 16 32 19 16 15 16 36 36 16 27 17 10 16 16 11 26 23 19 47 20 22 22 11 10 32 15 10 20 38 27 22 16 22 15 30 27 33 
10 18 29 22 23 20 31 31 24 24 27 16 16 18 22 25 23 35 14 14 23 13 21 27 11 25 25 19 31 28 12 18 21 17 19 19 27 20 15 16 30 27 36 33 20 
20 33 23 17 33 16 22 18 22 25 25 13 27 18 21 49 29 28 22 15 12 14 18 26 20 31 30 23 30 28 14 20 24 15 18 18 14 22 16 19 34 22 45 17 22 
13 25 39 22 41 28 28 18 21 37 23 12 32 13 30 26 20 18 19 19 26 22 19 42 22 27 13 13 20 26 12 13 22 21 12 20 16 33 10 20 42 26 23 23 28 
13 35 20 9 32 11 22 20 17 26 28 20 21 13 21 37 16 21 13 15 22 14 18 35 21 20 32 22 27 14 16 13 33 10 27 30 22 30 4 24 28 9 40 29 30 
17 27 21 21 29 26 7 22 20 23 16 23 25 20 21 18 19 23 18 19 22 16 26 32 20 15 42 22 14 21 15 17 13 14 22 15 35 23 19 25 24 11 25 11 7 
22 28 20 11 31 21 26 18 25 18 22 16 18 16 25 36 26 30 16 12 22 6 21 28 17 24 24 28 23 24 16 21 27 22 32 18 16 24 16 14 42 24 32 36 8 
14 41 24 21 25 26 9 14 15 19 14 14 28 20 31 23 22 38 12 13 23 13 18 32 22 25 32 14 26 16 19 12 27 19 22 29 29 13 12 25 25 19 13 32 30 
24 38 21 25 30 19 24 15 23 26 17 13 11 20 18 28 26 31 14 11 27 17 21 26 18 24 32 21 31 18 18 18 27 18 31 23 25 23 18 26 31 9 40 23 34 
18 23 24 23 36 12 28 34 20 24 21 11 27 17 24 32 18 23 17 13 25 16 16 21 25 21 27 12 28 18 14 14 22 20 21 21 16 34 23 20 23 18 52 30 25 
19 44 32 13 26 28 19 22 4 30 18 13 22 13 29 34 18 25 14 17 15 19 15 25 26 23 23 17 19 20 17 14 25 14 34 19 17 36 15 27 38 26 21 37 13 
21 37 23 16 34 23 25 21 17 36 25 16 19 18 9 25 23 17 14 18 9 22 17 28 14 15 27 21 28 16 12 18 18 18 33 26 38 24 15 12 34 23 41 33 30 
23 27 25 20 16 20 28 22 18 9 20 15 19 16 24 36 14 31 18 11 19 15 17 21 17 19 17 11 14 17 14 20 17 10 31 14 24 21 11 20 39 16 35 32 27 
20 30 31 18 32 12 31 18 11 23 30 12 24 11 32 38 11 24 13 18 16 17 23 24 32 43 27 19 19 17 13 16 26 18 22 16 21 33 18 25 39 21 17 43 16 
14 40 22 19 31 16 24 21 7 38 14 9 21 14 40 34 22 25 12 22 21 16 12 37 37 24 21 13 25 17 16 19 23 19 28 16 31 33 19 14 28 13 35 33 36 
11 32 29 12 16 25 21 30 18 28 8 13 33 19 23 25 17 26 21 18 19 7 18 31 25 27 51 15 27 28 11 15 12 19 22 27 21 22 20 24 30 16 26 36 30 
17 35 20 13 28 24 30 19 28 38 31 17 23 8 26 33 20 31 11 19 20 18 20 26 35 41 29 15 26 30 17 6 34 12 26 19 39 34 13 23 24 20 44 14 12 
20 24 39 22 34 30 20 26 14 38 9 18 28 7 31 34 16 26 18 13 20 15 20 24 36 22 30 14 19 20 17 9 20 14 29 18 21 32 15 30 17 16 35 24 29 
17 20 34 14 22 20 15 28 18 23 29 19 18 17 26 29 17 30 16 21 23 10 13 39 30 12 40 16 23 26 4 16 27 14 32 11 33 19 15 17 19 24 39 50 24 
18 38 17 16 32 23 21 16 18 20 18 8 15 17 31 24 22 35 11 17 12 17 24 10 27 25 32 21 25 28 12 19 27 17 34 18 24 30 11 10 37 21 31 22 23 
11 36 36 6 25 26 29 25 16 27 26 13 21 17 23 44 15 27 15 9 18 17 16 33 27 29 28 18 21 19 20 11 21 19 20 10 24 28 17 18 20 15 30 25 29 
15 32 29 12 21 19 22 12 13 33 18 13 30 9 23 41 19 16 22 11 18 24 25 6 22 29 27 18 21 21 7 9 22 15 40 10 26 35 19 15 20 10 39 25 34 
19 27 8 19 32 16 22 28 22 16 13 13 23 16 23 46 17 28 17 15 18 19 21 25 13 18 44 18 22 25 14 20 22 12 6 10 27 28 18 23 18 21 27 31 17 
20 20 23 11 32 15 28 14 18 14 23 9 26 13 31 20 28 30 21 14 26 13 15 27 22 28 33 24 26 24 15 16 27 15 18 7 12 41 20 14 28 20 29 22 19 
19 22 38 18 29 31 23 11 18 15 19 14 19 17 12 23 19 36 21 17 13 21 24 33 27 28 32 25 15 22 23 18 17 14 23 20 10 46 11 16 17 17 35 32 23 
20 24 26 16 31 22 28 21 17 7 20 21 20 9 37 30 15 16 14 16 27 14 16 34 19 37 26 23 17 21 19 11 39 25 23 23 27 8 24 21 22 15 48 36 30 
24 34 12 15 31 10 34 26 16 16 26 16 20 13 28 43 18 23 22 14 32 14 27 26 31 31 22 20 17 24 16 13 15 24 26 21 26 26 17 21 30 30 48 33 38 
14 18 31 22 35 18 11 35 24 22 28 14 20 18 26 35 19 22 16 21 26 16 25 38 18 30 25 20 26 21 20 20 21 17 30 20 26 24 18 21 19 24 34 12 36 
21 34 20 20 40 18 26 29 15 32 29 15 16 9 31 33 17 34 19 10 26 19 12 32 22 34 42 21 12 17 13 17 29 20 32 15 36 20 14 24 29 15 35 24 38 
22 25 20 10 19 16 26 19 21 19 38 11 17 17 33 11 18 12 15 16 10 25 21 42 23 24 33 20 13 28 14 7 30 15 37 18 25 27 16 20 30 12 21 26 32 
18 30 25 13 35 13 12 28 22 29 28 9 22 18 15 27 34 40 15 14 16 18 17 33 6 28 33 11 19 28 12 12 25 16 25 23 21 40 11 14 32 13 16 25 24 
19 33 36 9 32 17 38 31 21 31 24 13 18 24 36 30 24 28 9 25 18 19 23 34 27 24 16 15 13 28 18 16 30 16 20 19 21 19 29 28 11 13 33 28 29 
10 30 37 16 28 24 27 16 21 32 29 18 11 9 17 30 11 27 13 21 17 10 14 15 24 20 24 17 33 19 22 12 44 17 20 14 19 24 20 30 30 16 38 28 30 
15 24 16 10 35 30 34 22 26 25 14 14 22 18 15 39 27 32 17 16 18 15 19 22 13 23 29 25 21 18 14 17 21 14 23 21 23 30 17 13 20 21 29 33 39 
18 34 33 16 13 12 14 14 18 30 28 14 10 20 26 17 31 17 18 12 20 17 16 19 16 30 33 25 8 27 13 10 28 18 28 17 28 32 22 29 18 12 34 30 27 
17 39 35 12 19 21 24 23 19 25 24 17 16 15 22 39 21 35 19 10 16 12 17 25 26 18 18 25 19 27 23 19 22 19 19 22 13 28 17 23 25 17 28 29 24 
23 22 18 14 35 22 16 29 11 28 20 21 21 16 43 29 29 18 20 17 21 10 24 12 28 29 17 20 20 20 19 15 19 10 36 20 34 34 19 15 38 23 17 31 30 
19 13 27 17 33 8 12 26 22 27 15 14 20 19 28 25 28 33 19 13 16 19 20 27 21 21 31 13 30 18 17 19 35 16 22 17 30 33 23 28 30 22 15 22 31 
23 26 21 13 26 31 21 33 20 17 12 13 19 8 30 24 17 28 21 10 14 14 16 36 30 21 15 9 28 25 15 17 25 15 16 16 28 26 23 9 17 19 36 27 36 
9 20 29 13 27 17 30 37 19 33 20 20 11 12 25 33 19 28 11 25 10 14 25 18 22 23 31 11 24 20 8 17 29 17 26 12 27 15 16 14 23 13 28 41 42 
24 13 22 14 36 11 37 22 16 32 15 10 22 18 27 33 29 13 15 14 20 7 19 31 19 16 39 21 27 26 20 10 34 17 15 13 20 21 16 11 37 29 35 30 14 
23 26 13 19 31 16 29 26 13 47 5 16 8 18 19 39 25 16 13 18 23 20 18 29 18 18 24 21 15 31 17 11 24 13 17 27 25 27 16 23 21 22 36 33 30 
34 26 35 15 21 15 33 12 7 18 24 21 16 15 6 33 22 27 18 17 5 21 16 27 30 23 31 24 10 9 19 24 28 14 14 20 11 32 19 21 26 17 31 32 26 
21 42 26 11 26 30 19 15 21 30 23 17 26 12 19 19 33 24 15 12 7 11 20 35 25 9 28 21 18 16 20 19 40 9 17 14 28 27 15 23 21 12 37 15 25 
18 38 36 21 31 25 30 21 22 27 15 13 26 17 25 26 17 26 13 13 18 10 30 19 27 37 24 24 18 32 20 12 28 14 25 33 18 22 18 23 23 22 15 29 31 
18 34 15 18 34 26 23 25 14 18 21 17 17 20 36 23 21 35 16 13 20 9 16 16 23 20 33 23 14 18 21 15 22 20 28 15 14 19 14 19 23 17 18 43 30 
25 21 27 13 26 27 21 22 31 33 12 18 21 16 14 32 15 21 12 20 19 19 16 25 19 17 28 14 22 23 16 11 21 16 33 19 9 21 24 12 35 13 32 16 20 
25 24 28 13 24 19 32 14 16 36 26 15 28 18 38 20 20 28 12 19 21 18 14 28 22 23 41 13 14 12 20 11 35 17 26 25 8 34 10 14 11 13 36 20 37 
12 31 25 20 36 22 35 17 11 34 14 14 17 16 26 9 22 26 11 13 15 16 15 25 17 27 31 22 20 22 14 9 25 14 29 15 22 31 21 21 21 23 33 34 18 
33 32 40 8 29 23 26 27 22 21 25 20 25 11 28 33 32 33 18 26 23 14 29 40 10 34 55 22 25 21 14 13 32 18 34 19 19 35 13 21 25 16 32 18 18 
9 34 22 26 27 22 21 27 26 17 25 16 17 17 36 10 19 26 9 19 17 17 24 34 29 28 19 16 24 20 13 15 27 11 24 13 26 31 18 30 11 11 35 28 10 
21 28 32 19 28 18 25 24 26 32 29 19 13 15 19 35 19 20 10 22 19 18 19 27 35 36 44 16 28 21 20 10 13 22 27 16 30 14 14 21 23 34 2 36 22 
17 36 19 17 29 15 22 35 15 20 35 22 6 10 20 34 22 25 8 18 9 20 27 20 17 38 35 13 26 19 13 18 27 15 23 27 27 24 16 18 26 13 36 26 31 
13 26 18 19 31 18 39 16 15 19 14 12 26 19 38 52 24 22 17 16 22 12 19 39 18 35 37 17 8 28 19 22 25 18 22 23 25 25 20 19 27 23 22 24 29 
21 36 18 18 31 29 25 23 21 46 24 22 19 18 20 24 23 25 13 14 22 15 11 48 26 26 23 9 22 23 13 14 18 20 36 20 23 30 11 14 34 22 23 17 31 
18 38 12 22 26 22 35 35 7 26 28 16 28 7 40 31 8 33 11 16 19 19 15 21 17 18 30 18 18 24 14 11 22 18 34 16 17 30 11 15 12 12 32 32 44 
6 13 26 16 44 25 22 34 11 24 17 17 12 14 29 29 13 35 10 12 18 13 17 24 24 24 33 15 7 27 22 14 17 13 27 20 37 33 15 27 10 14 39 23 36 
24 10 21 19 33 12 16 8 23 32 23 17 30 18 38 31 32 36 17 14 22 17 28 23 21 35 42 23 21 31 15 10 17 20 26 21 21 16 19 28 16 15 44 27 36 
13 20 16 16 29 10 36 24 14 22 24 7 19 9 34 26 11 36 17 18 21 10 24 41 34 41 18 13 12 16 16 15 34 14 25 29 31 32 18 17 24 22 30 19 36 
21 33 34 16 24 23 7 18 20 20 28 14 16 22 28 13 17 22 23 13 17 9 10 20 27 38 38 11 20 10 22 13 28 17 29 16 24 34 19 26 18 25 33 42 31 
32 24 30 10 23 25 31 25 15 28 34 14 31 15 13 48 22 21 9 20 13 18 19 17 20 26 21 25 15 19 13 12 30 11 21 23 22 19 17 22 29 19 39 31 30 
21 30 19 19 49 39 26 14 15 23 16 14 18 19 35 22 17 32 18 10 14 13 22 31 13 33 19 19 26 14 13 18 25 18 28 21 28 29 20 12 24 16 30 24 28 
17 23 18 21 39 26 22 17 23 21 21 23 17 14 34 35 21 25 8 16 24 12 25 19 30 26 26 17 16 18 21 12 28 13 23 20 35 21 23 23 37 16 28 34 15 
19 29 26 19 8 13 32 29 12 44 17 20 19 16 28 46 16 23 17 13 22 14 16 39 21 27 34 17 22 20 11 12 27 22 37 27 21 29 22 23 32 14 40 21 37 
17 45 32 16 34 16 23 17 20 38 23 14 9 14 39 8 20 26 11 16 17 19 14 12 32 27 33 16 23 23 20 17 28 11 27 19 29 19 26 12 18 21 43 32 19 
23 35 17 19 30 24 36 23 18 35 25 13 9 15 33 45 19 29 20 21 25 13 21 25 22 27 18 9 21 24 16 15 17 18 14 19 35 33 9 12 15 12 35 27 46 
20 26 15 19 36 20 20 26 27 39 34 10 33 17 21 27 15 23 17 15 26 18 21 27 27 23 39 22 19 16 17 17 25 13 11 22 15 18 14 20 37 26 34 19 27 
27 22 15 18 37 17 26 26 13 32 18 10 23 18 16 23 23 22 18 22 21 18 30 22 30 37 21 25 22 25 15 19 28 20 18 13 22 19 20 24 40 23 38 28 34 
23 51 36 16 37 22 30 24 18 26 18 11 31 16 20 38 23 24 19 13 16 18 17 25 19 29 22 7 21 14 20 25 19 12 22 26 19 47 14 9 22 15 28 28 30 
16 25 24 16 31 15 27 24 14 39 9 16 21 21 42 28 20 25 13 20 17 12 22 34 14 39 34 20 22 23 11 19 27 17 15 24 20 40 20 18 26 18 52 29 33 
22 27 31 20 23 17 16 26 19 30 36 11 14 19 11 12 19 26 18 19 16 15 6 29 21 30 38 23 26 26 16 14 32 20 18 23 32 24 23 21 18 21 53 28 16 
11 31 13 13 24 16 26 20 15 21 19 15 21 21 34 29 24 27 21 17 17 16 15 20 24 30 34 10 31 17 17 13 17 19 23 28 32 31 14 22 23 19 20 33 29 
22 20 12 18 25 19 29 19 19 29 16 10 24 15 26 39 19 38 16 20 26 10 19 29 43 27 27 17 13 13 15 16 35 13 28 18 29 39 15 17 30 17 25 36 16 
19 34 15 17 24 17 17 23 15 33 23 16 22 9 18 50 21 17 18 17 28 12 16 25 22 29 43 19 11 23 14 16 20 9 25 18 36 28 8 21 21 7 40 35 19 
22 35 24 19 32 13 22 20 18 28 12 16 15 21 28 29 19 23 20 11 31 15 20 29 25 7 23 24 17 19 10 6 17 20 38 22 22 27 18 26 5 18 23 16 17 
22 19 34 9 24 28 27 17 20 26 19 20 13 21 18 15 24 25 18 12 19 14 26 19 26 29 32 19 11 21 12 22 20 15 29 18 41 22 12 17 27 22 36 25 29 
7 33 22 17 10 26 37 17 27 39 23 20 31 18 29 33 13 22 20 18 31 22 24 30 17 21 18 12 16 24 15 17 33 9 23 22 35 31 21 19 42 20 37 30 39 
19 27 25 20 41 17 20 27 19 42 20 16 17 10 33 9 12 45 20 18 10 20 14 22 22 30 30 14 16 31 17 12 21 10 28 15 25 13 14 26 19 26 32 27 33 
19 25 40 18 26 24 29 21 20 14 9 13 16 20 27 33 31 33 16 18 20 14 17 26 20 22 16 20 25 18 11 25 27 16 34 28 27 36 25 20 13 22 28 36 35 
18 26 20 13 31 21 18 25 20 27 16 17 19 16 29 19 25 27 14 14 26 16 18 34 22 24 29 19 11 26 10 14 24 23 23 26 13 19 8 25 13 31 32 24 30 
17 31 39 23 33 17 16 26 14 18 12 12 26 14 27 29 14 33 26 18 17 12 13 27 21 19 25 19 27 21 9 14 26 15 27 16 29 31 25 16 31 16 33 29 29 
29 33 24 15 37 23 18 17 24 24 24 22 27 17 25 23 15 23 20 17 22 14 20 26 15 22 32 17 22 13 16 16 24 10 25 22 39 20 21 28 17 22 44 24 25 
19 37 28 11 25 30 19 26 20 26 18 13 21 19 19 39 24 29 18 22 8 16 18 28 34 14 35 15 28 18 17 14 18 14 15 25 24 19 20 26 17 22 65 27 39 
20 19 42 12 30 19 15 26 22 31 23 20 21 12 30 43 15 28 16 18 15 22 18 37 19 47 11 24 24 19 17 23 28 22 24 14 33 30 22 20 29 22 41 34 20 
25 39 21 17 23 23 23 31 26 22 21 15 32 13 15 25 31 35 20 18 7 18 17 30 20 24 24 20 19 26 10 15 30 10 21 9 16 38 17 7 27 19 36 16 17 
27 8 5 7 23 20 26 14 13 37 36 15 13 17 21 40 15 28 17 18 24 17 22 22 25 18 37 22 15 15 18 13 20 17 30 9 14 39 19 19 13 26 33 32 22 
22 28 24 16 25 19 25 24 18 33 28 14 16 17 29 32 19 26 16 20 13 11 22 28 32 22 28 19 18 17 13 13 34 13 20 21 23 19 17 12 18 14 38 34 21 
20 17 27 11 19 14 19 24 14 24 26 12 25 20 27 24 9 27 14 19 17 16 17 27 15 30 15 25 29 19 18 10 37 14 27 25 18 32 11 17 28 14 20 28 28 
26 23 30 17 37 26 32 24 25 23 20 13 16 15 30 39 19 35 9 13 24 11 18 39 18 14 47 22 20 31 7 16 32 20 31 14 19 17 13 21 25 22 38 17 26 
14 19 22 13 40 12 25 20 25 31 19 13 23 16 45 36 21 26 11 10 29 8 8 13 17 10 31 25 14 21 12 16 26 12 29 20 26 33 11 23 21 23 32 35 44 
27 34 26 21 17 22 28 28 30 27 21 12 25 13 24 37 17 23 19 23 25 19 17 43 21 43 21 16 20 20 13 19 28 16 42 17 30 16 21 22 28 27 26 18 10 
26 29 16 15 25 31 25 19 27 36 31 19 25 13 30 23 25 27 12 15 17 7 24 20 18 22 43 21 19 21 15 23 23 8 13 17 25 32 18 27 28 14 33 12 16 
16 22 33 19 34 21 27 24 22 37 16 16 32 10 24 39 18 28 14 19 15 21 26 32 19 26 17 15 18 19 16 17 34 20 25 22 10 25 18 20 20 17 24 27 14 
21 23 20 15 41 29 26 29 24 36 24 10 9 17 38 37 12 24 23 16 26 10 22 25 27 25 15 15 21 24 17 12 32 18 23 15 26 26 11 16 13 22 20 11 29 
14 31 35 12 30 31 23 26 18 28 21 15 21 16 48 27 16 33 16 20 29 15 19 33 21 25 41 18 24 23 12 14 20 17 29 24 37 18 12 26 8 24 26 32 30 
22 21 25 16 33 25 9 17 15 48 28 14 22 19 38 20 26 18 22 8 29 16 15 29 27 26 16 16 25 19 19 9 28 8 32 17 31 30 16 18 23 22 31 19 23 
25 35 6 12 30 24 29 23 12 21 25 13 20 14 19 36 8 29 19 15 36 9 26 14 25 22 28 17 24 16 12 15 25 11 22 24 26 34 21 22 32 16 46 17 28 
16 35 17 19 12 22 29 20 21 29 18 10 21 16 33 41 31 33 12 15 20 9 15 24 31 43 20 16 20 15 11 15 29 10 23 11 29 29 6 32 26 29 15 44 30 
17 20 31 15 20 26 22 18 23 40 23 21 15 16 18 31 22 23 26 16 20 15 17 26 27 34 27 16 25 26 18 17 47 16 25 25 28 28 22 24 18 10 18 21 26 
22 28 22 14 30 21 31 8 18 44 15 14 31 18 15 40 20 23 21 18 18 4 27 31 17 35 30 23 26 35 17 8 27 10 27 22 25 24 15 18 29 16 28 36 31 
18 9 34 16 34 25 23 23 16 38 29 16 20 14 27 26 16 38 16 22 26 15 18 39 25 28 44 21 18 26 16 11 36 16 22 21 12 14 18 14 25 14 39 42 19 
27 34 29 15 29 20 25 19 21 33 12 11 13 18 25 38 15 34 20 16 30 22 23 33 28 31 34 14 13 19 13 17 34 23 22 26 29 26 18 20 30 22 35 27 35 
17 32 23 12 25 21 20 27 27 18 23 7 17 13 29 21 18 21 14 25 27 11 24 30 24 30 26 21 20 24 19 13 42 21 14 23 27 18 10 19 33 28 40 20 17 
13 27 16 13 29 27 25 24 14 28 28 8 11 15 32 27 15 26 16 19 24 21 23 39 22 6 31 28 16 19 15 12 24 18 20 25 26 24 19 18 30 19 32 33 32 
19 28 27 18 27 26 33 21 19 27 21 11 18 10 33 24 24 25 16 22 26 21 18 38 29 20 52 8 17 25 15 8 29 11 27 16 16 25 13 12 32 20 30 37 22 
14 32 20 14 28 17 27 21 19 22 33 11 28 14 22 30 23 19 16 15 27 17 16 26 24 23 37 15 14 31 11 18 30 20 27 18 19 18 16 19 25 19 16 26 18 
11 27 39 19 21 24 23 26 20 36 25 15 19 10 31 32 26 20 9 11 26 18 12 16 25 30 22 20 24 18 6 12 31 11 36 8 23 27 20 25 11 17 24 21 27 
20 27 28 14 31 21 14 26 20 28 18 10 19 19 24 13 18 31 12 17 33 20 22 19 18 37 23 20 15 22 13 21 29 5 18 19 25 15 12 22 40 26 9 20 42 
17 18 37 10 26 11 28 28 20 35 33 17 34 8 19 19 23 32 10 17 15 18 29 21 37 26 29 17 13 22 18 10 24 17 25 19 30 16 8 22 30 24 43 23 34 
21 42 29 18 23 17 36 13 24 36 22 19 10 23 33 42 31 33 16 10 24 11 24 29 17 39 30 29 10 11 16 16 22 13 30 23 12 12 14 24 10 16 29 26 40 
25 31 24 21 30 30 25 24 13 24 11 18 21 10 43 62 19 30 17 20 18 13 22 38 15 32 17 12 17 23 12 16 23 13 23 13 28 22 18 13 25 20 42 23 39 
21 31 31 13 27 18 33 21 18 14 24 19 28 19 26 29 21 42 18 22 13 12 15 21 16 27 39 14 18 12 15 13 27 17 23 13 24 35 12 16 36 20 31 29 27 
14 21 38 11 27 17 24 18 10 24 28 12 20 17 12 35 28 35 11 13 16 21 15 28 6 31 16 18 24 13 21 23 33 11 26 15 17 30 15 10 42 18 36 38 18 
14 28 26 14 29 18 31 27 17 28 17 13 24 17 39 22 17 18 18 17 25 15 9 32 16 27 27 26 12 22 25 18 22 17 23 14 15 26 18 14 28 22 20 23 38 
24 38 26 21 20 17 24 15 18 16 24 17 28 12 18 32 25 24 16 20 24 20 21 40 29 28 22 22 19 18 14 11 19 7 28 13 34 18 12 10 24 20 47 16 38 
16 42 19 13 28 21 26 18 23 24 30 19 19 16 26 26 24 12 15 13 13 12 33 28 18 35 19 28 20 20 10 13 12 17 19 21 26 25 20 15 15 17 5 23 47 
11 34 16 15 38 14 24 22 25 28 26 11 31 17 18 44 36 12 19 16 22 14 21 26 16 36 41 17 21 23 21 18 15 19 24 22 23 32 15 14 38 8 23 24 23 
23 30 13 20 24 13 17 18 23 33 24 12 21 16 19 35 11 31 16 18 28 15 14 23 23 25 13 14 30 27 15 12 25 20 25 14 14 32 17 23 26 7 32 23 41 
18 20 25 13 42 20 20 19 23 13 12 19 30 21 18 49 35 28 13 15 14 9 22 33 33 33 26 15 16 20 25 18 31 16 31 16 36 30 15 29 40 22 41 7 32 
15 25 23 15 28 16 29 25 18 24 21 19 12 15 25 26 26 19 16 20 15 16 22 24 28 27 41 16 23 26 19 9 24 9 12 9 34 34 28 25 38 13 23 27 18 
11 26 16 7 14 7 29 25 24 23 9 10 9 13 34 28 26 13 17 16 20 10 23 33 7 25 33 20 29 25 11 21 25 17 19 30 32 22 15 15 25 25 38 13 18 
23 42 29 11 30 17 25 28 23 43 33 23 19 14 18 33 15 37 19 17 17 21 19 37 12 22 29 29 15 24 13 12 24 12 24 24 19 20 12 29 18 25 20 31 25 
20 20 25 12 33 17 36 28 18 29 29 8 16 11 33 26 18 15 9 23 21 12 17 40 17 31 23 19 30 14 10 19 27 16 38 10 28 32 7 24 35 20 38 31 30 
13 21 12 18 20 29 29 19 18 17 18 18 20 12 33 37 28 26 21 13 23 11 26 31 22 29 21 15 22 17 22 13 21 13 26 20 21 27 16 20 19 14 24 14 30 
17 42 34 6 33 19 19 29 28 35 35 11 22 9 36 37 19 28 17 17 21 19 12 22 26 38 44 20 19 27 10 19 25 14 29 26 33 21 23 25 34 23 30 2 28 
23 32 24 20 16 17 14 21 22 25 24 16 26 9 18 21 29 27 21 16 21 14 24 22 23 32 33 27 14 8 17 11 28 26 13 22 19 25 24 16 27 17 35 20 24 
23 24 16 19 26 27 21 24 13 21 30 10 26 11 22 38 7 30 17 19 17 16 17 32 27 19 38 20 31 15 21 16 22 13 24 24 22 30 18 17 27 19 44 27 20 
22 32 23 19 28 22 21 27 21 18 29 11 20 13 34 19 17 12 15 19 20 15 17 24 17 19 13 17 9 22 12 9 25 11 18 19 36 31 9 19 31 19 34 33 30 
12 22 31 13 25 19 30 15 23 31 27 22 23 17 24 32 20 26 11 17 29 20 29 17 14 13 29 17 20 22 17 17 9 20 15 15 22 26 28 9 21 26 32 20 37 
25 17 23 16 48 18 36 23 19 37 21 21 9 16 31 26 35 35 13 17 13 13 25 17 30 27 46 17 15 18 15 9 25 17 19 22 10 24 10 19 26 18 31 25 12 
18 24 21 13 27 21 12 27 19 33 18 22 24 17 21 17 28 21 17 15 18 12 16 14 26 32 29 21 18 29 13 12 24 14 33 22 25 28 17 22 37 21 21 34 25 
11 35 26 13 31 34 23 19 26 21 28 16 23 21 39 17 21 10 9 16 13 10 23 28 23 30 35 21 22 34 14 17 22 17 15 24 35 42 25 17 20 22 39 26 9 
11 16 23 14 33 21 23 9 17 36 17 18 29 13 30 32 20 30 18 23 15 13 16 38 19 31 41 22 30 26 10 12 27 17 20 9 30 28 11 12 27 23 34 35 24 
21 20 21 19 12 17 25 25 19 39 19 14 12 15 38 20 15 26 16 14 15 20 23 18 18 33 32 23 25 21 18 17 11 10 23 22 28 21 24 13 19 21 25 37 16 
23 27 26 19 35 15 19 15 34 16 22 11 24 14 21 32 24 16 11 6 19 14 12 27 27 33 9 16 28 25 15 20 18 18 18 19 24 41 24 26 29 26 41 28 39 
12 37 16 15 32 23 28 29 29 16 24 13 23 19 38 34 19 26 16 14 27 12 20 34 27 32 30 15 17 17 15 9 25 20 24 16 41 31 21 12 19 9 28 28 37 
17 29 29 14 28 32 24 21 23 28 23 13 11 10 28 21 22 29 12 19 23 14 12 34 24 22 44 10 14 18 17 14 24 15 17 12 21 18 19 25 15 15 43 24 18 
11 35 22 14 32 17 26 22 18 16 29 14 22 14 34 21 19 29 21 17 21 13 20 34 18 15 34 12 20 28 13 12 42 10 6 27 21 22 16 17 20 14 39 22 29 
24 30 26 16 26 19 30 24 27 29 24 5 10 17 27 23 21 18 17 13 17 17 17 25 21 37 45 21 23 23 13 13 10 10 32 15 33 10 12 26 29 17 35 22 20 
15 27 19 14 27 19 20 27 15 22 25 16 20 12 22 34 10 21 21 16 17 14 23 31 28 10 36 21 12 22 10 9 17 13 28 20 29 26 6 18 31 14 29 41 18 
13 36 28 19 44 22 34 26 17 43 26 13 24 20 20 38 24 22 9 25 23 17 26 33 21 40 21 19 30 27 14 15 24 8 25 20 23 23 19 22 22 19 41 34 12 
20 37 12 20 31 21 25 36 19 34 29 12 19 23 39 21 19 25 15 11 30 19 11 24 21 30 39 21 25 26 21 10 35 11 28 20 28 34 22 21 31 19 24 35 26 
20 23 27 21 28 25 12 16 17 45 13 16 23 16 28 27 19 24 17 9 10 11 22 35 21 28 33 10 14 19 10 17 34 24 29 12 30 6 21 22 20 20 26 22 37 
16 25 22 15 39 27 27 13 14 28 24 19 17 20 24 36 22 28 10 9 21 22 22 10 21 40 31 8 23 19 22 12 29 17 26 23 28 20 15 28 36 11 32 19 29 
15 23 27 11 30 24 20 26 14 24 24 11 22 11 25 37 11 32 16 16 25 17 19 25 20 24 24 14 4 27 11 14 22 17 28 9 30 28 17 18 17 17 14 30 25 
20 26 23 13 30 7 20 20 13 33 21 14 16 21 26 30 25 19 7 19 3 16 29 16 14 32 39 14 20 20 15 14 34 17 26 19 18 25 19 16 9 25 31 16 30 
18 14 22 26 35 20 15 20 15 33 24 21 9 16 26 40 22 18 8 16 21 12 19 17 17 31 26 25 26 14 19 15 21 13 20 24 36 24 8 15 17 19 31 29 31 
17 45 24 18 18 22 24 24 14 20 24 21 18 19 40 27 30 32 18 13 20 21 25 40 24 28 17 10 22 20 10 19 37 19 17 16 36 31 25 19 26 25 23 14 26 
25 30 23 17 28 24 28 25 23 22 20 10 25 17 31 28 17 28 12 16 16 15 23 37 21 46 29 17 32 19 16 10 31 16 16 18 23 23 17 22 21 20 27 28 35 
18 29 27 18 29 17 17 25 24 22 30 11 12 16 29 29 22 21 15 10 18 18 19 25 17 18 32 23 20 24 13 13 22 16 20 20 21 24 12 20 27 21 27 21 34 
15 20 22 14 30 19 15 31 11 20 25 18 11 14 37 44 22 25 22 18 21 18 9 40 14 30 25 16 26 23 14 15 22 12 29 13 20 39 21 21 32 18 42 24 30 
10 17 24 17 38 28 26 29 23 34 29 16 32 16 23 34 16 28 9 22 15 16 19 22 19 39 29 20 33 20 17 16 26 16 21 23 24 26 10 23 27 11 17 6 23 
16 24 30 24 40 10 31 29 27 32 22 18 33 14 23 37 17 7 23 20 28 12 14 18 22 24 37 7 22 26 17 23 42 24 18 12 21 28 24 14 30 7 32 31 25 
19 22 22 18 16 24 43 31 18 29 26 15 32 13 26 43 21 31 32 19 22 13 16 37 12 19 22 21 17 28 20 22 27 11 14 24 15 21 21 19 15 29 43 16 37 
19 38 16 19 18 9 25 26 35 36 24 14 19 16 42 49 29 34 16 14 29 18 18 34 25 50 20 19 21 26 9 16 30 9 24 21 39 23 26 15 38 22 25 29 24 
25 14 30 12 22 23 27 25 13 20 32 16 24 19 21 31 26 17 8 14 16 15 21 25 15 21 15 14 32 17 15 12 22 13 37 20 25 30 18 22 19 26 25 22 6 
22 32 25 15 32 29 24 26 16 28 11 10 20 12 19 39 16 31 22 16 23 7 15 29 26 22 12 13 32 23 13 9 29 22 28 14 17 21 19 25 23 25 50 7 32 
24 30 25 23 26 22 24 24 17 29 29 19 25 16 32 34 28 27 23 11 17 17 23 25 26 31 23 14 28 15 10 14 35 23 28 17 16 16 14 26 17 23 45 39 48 
20 15 23 15 26 18 22 20 17 21 20 16 16 17 25 30 20 18 19 20 21 21 16 28 22 36 17 18 15 21 10 10 33 13 17 27 19 15 8 23 34 25 20 11 45 
20 37 27 11 32 27 15 18 18 21 25 13 20 27 31 38 21 41 15 14 13 25 15 44 30 40 39 19 17 22 11 17 30 15 25 8 36 30 19 6 33 15 23 39 44 
14 19 24 20 37 24 21 31 24 39 22 18 21 28 26 25 18 26 13 14 17 9 24 11 27 24 37 13 25 18 15 10 30 20 19 14 16 33 17 16 13 28 30 36 29 
20 4 12 15 38 26 14 28 22 27 43 12 25 15 27 25 24 31 12 9 15 15 15 26 31 31 41 25 27 11 13 14 31 13 26 10 24 29 21 25 21 21 37 20 25 
14 36 20 16 19 26 22 15 23 27 29 8 21 19 38 36 29 22 12 8 22 19 21 22 19 29 19 17 27 22 13 21 33 16 13 14 32 34 17 15 29 16 20 45 32 
18 39 27 18 30 26 25 25 19 28 16 16 21 13 18 30 16 29 17 15 8 14 19 18 21 18 21 20 24 20 21 13 23 10 25 24 41 36 16 18 30 23 36 20 24 
17 42 17 12 22 25 31 32 24 19 16 17 17 21 32 46 34 29 15 16 18 13 17 31 13 53 18 13 16 23 14 15 30 21 18 21 22 23 16 15 27 12 29 34 34 
14 43 28 19 33 23 28 18 16 27 13 14 20 10 28 38 9 38 13 19 25 13 17 34 24 29 38 21 22 23 14 18 31 18 35 22 28 21 10 17 24 12 14 25 22 
17 26 25 23 24 13 22 26 22 35 41 15 12 17 26 33 14 21 15 15 24 18 14 45 22 50 28 19 28 23 22 20 28 19 27 21 16 29 21 16 30 16 31 29 44 
19 15 30 15 26 25 32 27 29 33 35 11 18 20 36 35 19 25 11 18 7 13 13 35 23 29 54 24 23 28 14 13 33 11 31 17 28 32 16 24 21 23 36 25 17 
19 35 29 21 25 28 22 25 21 27 28 15 17 15 12 25 21 15 15 17 15 14 20 41 28 29 32 12 23 33 9 9 28 16 20 23 37 20 23 20 23 18 34 42 28 
21 25 31 7 31 5 14 27 32 24 26 15 20 24 30 35 16 9 17 20 22 19 12 25 21 17 43 19 27 25 15 14 21 15 18 17 33 26 6 15 25 17 36 30 30 
17 36 18 11 33 18 16 23 28 37 19 20 19 22 33 19 14 25 16 18 13 15 14 26 33 29 20 29 28 18 11 16 34 19 34 23 17 27 11 23 15 19 40 20 23 
16 22 27 14 28 25 23 18 15 35 28 9 26 13 28 41 12 18 16 13 18 11 14 30 23 24 18 15 26 31 16 17 30 19 22 24 14 17 18 16 25 28 31 29 10 
15 41 19 22 35 28 32 32 19 33 14 18 14 9 18 32 24 28 16 17 30 20 31 27 25 27 36 23 27 27 14 13 23 12 27 26 29 25 23 23 36 20 21 32 29 
25 17 19 6 39 19 23 21 11 42 19 12 21 19 28 24 15 30 19 25 16 14 22 16 25 35 24 13 26 40 16 8 30 22 30 25 35 27 18 20 28 17 35 32 32 
18 19 32 16 22 27 29 11 26 28 27 14 9 12 27 20 19 28 12 14 11 14 21 23 13 33 17 13 28 20 15 11 31 16 25 23 25 24 15 21 30 17 27 30 20 
21 27 33 20 31 17 39 28 19 34 19 15 25 12 20 35 15 24 15 22 12 14 19 28 24 30 30 23 22 12 17 22 40 17 23 28 18 20 15 18 32 25 32 24 30 
18 31 26 18 22 29 32 24 16 28 26 23 10 17 23 23 12 24 20 16 23 22 13 33 25 34 31 12 26 12 17 15 13 12 32 7 27 32 11 14 23 21 36 39 26 
19 15 24 12 31 28 22 20 24 26 30 11 36 14 20 19 17 17 20 16 29 21 14 30 10 34 27 8 40 24 15 18 24 14 35 13 35 29 17 14 32 17 33 29 39 
24 32 29 17 28 23 20 26 20 33 23 18 24 16 24 35 14 23 15 20 30 9 25 24 19 35 34 26 17 25 16 8 21 7 24 26 32 27 14 15 30 14 24 2 15 
21 32 18 23 16 11 16 20 19 14 23 22 13 10 14 41 22 32 15 11 7 17 21 25 23 23 41 11 22 20 22 22 32 21 21 18 29 35 7 21 29 8 23 35 32 
26 24 15 15 35 23 20 18 15 34 35 14 15 17 14 33 23 38 15 14 20 18 17 28 30 25 39 29 23 17 22 17 29 15 26 24 15 25 29 18 26 17 28 25 17 
6 33 22 21 20 17 19 20 19 31 22 14 21 19 26 43 16 31 21 11 18 18 20 22 17 24 30 10 27 23 20 10 36 8 27 17 15 25 16 23 24 20 33 13 19 
20 26 26 21 32 18 21 19 16 27 22 11 23 18 35 38 15 20 16 20 20 21 15 18 25 24 21 23 23 22 9 17 27 18 17 16 30 30 16 21 21 28 17 17 32 
13 16 25 12 28 25 25 19 23 34 17 17 17 16 28 26 16 22 12 8 13 17 28 26 24 39 35 19 24 33 14 10 23 17 19 24 26 22 28 14 44 19 27 11 33 
22 27 36 14 30 20 20 19 14 34 5 12 21 19 22 40 17 34 19 13 18 13 27 44 27 24 30 9 22 13 17 15 24 26 15 23 14 9 18 7 22 24 54 20 22 
19 24 24 22 26 10 26 24 13 28 32 6 14 16 17 22 28 16 15 17 9 18 16 17 28 33 41 15 13 18 24 10 25 16 28 26 33 37 22 20 19 17 18 26 36 
27 16 24 14 30 20 33 27 20 38 22 13 12 15 24 31 21 27 20 9 23 10 20 32 30 40 37 18 17 13 15 18 13 16 29 18 22 21 16 19 27 15 23 25 46 
27 18 20 17 33 25 20 10 18 25 19 14 19 21 33 38 33 20 21 21 15 19 21 39 21 22 23 25 31 20 10 12 26 17 10 15 18 25 8 31 28 17 36 23 28 
29 23 40 18 24 27 12 21 11 31 29 8 13 18 18 27 19 29 15 19 29 13 23 34 21 20 30 12 19 23 20 24 29 14 22 9 24 22 15 22 34 17 22 38 17 
18 21 16 18 19 22 16 25 20 12 26 19 9 15 26 41 22 25 17 21 21 12 16 23 14 26 23 12 29 33 18 23 33 11 34 16 14 41 17 35 32 18 30 18 30 
24 16 35 19 38 34 24 33 25 33 32 14 25 14 37 18 19 18 15 13 21 12 23 25 24 14 22 10 19 12 10 16 38 22 26 19 26 26 19 26 10 30 38 25 22 
25 25 27 19 15 19 27 22 13 40 29 10 27 11 25 33 17 26 16 16 23 8 20 35 25 38 18 24 27 14 18 20 26 11 27 25 19 30 19 15 41 17 49 34 29 
21 22 21 16 35 19 25 30 18 33 25 19 16 12 21 28 21 28 20 23 12 12 21 27 21 17 22 31 16 26 18 15 27 13 35 23 27 30 19 24 25 18 21 28 11 
23 36 28 22 33 18 20 27 25 31 24 22 24 18 14 21 31 24 20 15 30 12 21 36 18 34 38 10 20 14 7 13 22 14 37 12 34 40 14 16 21 23 12 30 42 
19 12 34 19 31 23 11 20 20 25 17 11 23 14 18 21 14 27 12 20 25 14 19 20 16 24 37 19 18 15 12 14 33 14 27 16 30 29 1 17 18 20 43 28 32 
24 33 38 14 42 34 32 25 22 23 18 16 21 20 10 44 13 25 19 20 16 21 24 28 21 18 27 17 18 19 11 17 23 13 22 19 25 20 17 14 36 18 33 36 17 
20 28 19 13 33 20 35 15 18 30 33 18 16 16 19 20 22 22 23 18 21 17 19 22 9 8 32 19 16 24 12 20 31 17 31 23 27 24 4 20 25 21 27 29 32 
19 22 12 21 29 16 39 25 16 31 18 15 25 21 22 22 17 24 20 15 16 17 15 37 21 34 43 21 18 19 16 9 38 15 21 21 29 25 13 14 32 20 41 22 30 
14 30 19 16 27 23 25 20 12 23 25 17 26 15 21 43 10 23 10 14 35 18 24 36 22 21 35 19 20 23 10 11 27 18 27 25 10 15 13 22 24 23 37 23 22 
20 37 16 17 30 37 23 19 20 34 26 20 24 21 17 40 19 16 13 9 22 13 18 26 29 39 35 26 25 26 13 17 32 23 21 21 27 27 20 7 38 23 18 35 23 
16 32 17 13 25 12 17 27 23 20 26 12 27 13 39 23 14 23 14 20 22 17 15 25 27 34 48 20 14 25 12 18 24 17 23 20 17 46 16 16 25 17 41 36 32 
16 23 14 19 27 22 16 20 15 27 13 12 8 19 23 38 21 42 12 12 10 17 15 30 15 34 32 20 22 24 14 14 15 16 11 16 28 25 18 20 25 19 43 30 48 
17 38 31 17 24 27 22 15 17 32 21 17 29 20 24 36 20 24 18 24 16 16 27 29 22 23 24 23 18 19 10 14 38 22 41 21 18 23 14 22 41 15 28 28 35 
26 35 21 13 35 14 21 17 22 23 25 14 11 13 26 35 18 21 20 15 16 17 19 8 18 7 26 15 26 26 21 8 27 14 23 13 23 16 13 16 36 26 27 17 41 
21 32 32 12 45 22 36 27 23 30 32 17 21 13 32 36 22 27 16 8 29 17 18 32 13 42 35 24 17 14 11 11 30 17 27 24 29 36 24 22 22 16 27 19 30 
14 31 24 19 27 10 17 14 16 37 34 15 14 10 46 38 25 26 10 18 31 19 20 24 26 21 18 19 23 28 21 18 40 16 28 19 23 29 10 21 18 19 21 27 39 
7 36 31 15 35 13 22 22 8 38 35 24 10 13 38 21 18 12 15 9 17 12 13 25 22 28 41 14 31 23 15 17 26 14 18 20 20 43 14 19 32 20 29 23 35 
9 40 21 10 37 31 25 16 12 17 22 16 23 16 21 23 31 33 22 14 16 15 24 23 30 22 33 25 33 23 18 19 33 14 20 16 23 31 13 21 21 13 33 29 32 
18 37 35 12 37 21 20 26 27 32 33 19 22 14 38 37 13 22 22 21 27 14 20 36 16 17 14 12 20 29 13 13 23 14 26 20 41 35 16 20 15 22 36 37 35 
20 30 20 22 18 20 24 26 19 29 22 17 17 2 30 44 21 31 15 19 6 18 15 28 30 36 23 14 20 12 16 17 32 9 25 15 19 36 16 21 24 19 21 8 19 
23 29 26 25 7 18 13 17 11 34 24 13 28 19 19 37 25 16 16 22 20 14 22 20 24 36 37 29 24 29 13 20 35 15 18 19 28 1 8 20 34 20 35 13 28 
23 36 32 15 38 20 19 34 12 17 23 23 21 18 29 38 12 14 26 12 19 15 19 36 20 38 8 12 20 16 18 21 29 16 23 18 28 29 28 23 20 21 33 40 31 
20 34 19 15 27 15 28 28 15 25 10 15 27 17 17 37 22 32 15 19 18 18 19 31 19 35 33 27 17 26 16 12 24 17 31 14 17 24 26 27 30 13 33 17 10 
25 24 38 9 38 11 28 24 19 32 28 11 11 19 30 38 14 23 17 7 9 11 9 15 21 22 35 23 26 32 22 17 36 21 39 22 26 31 14 16 24 22 14 27 24 
23 30 24 20 24 20 27 22 22 24 24 11 18 11 27 36 18 26 16 17 8 11 25 22 28 44 19 25 25 25 14 10 18 16 33 15 35 31 10 17 12 15 40 37 17 
15 32 24 16 19 29 29 31 11 22 17 15 24 13 28 31 9 23 14 13 21 15 9 33 22 22 42 24 19 28 12 15 32 15 27 13 26 33 17 22 31 24 24 23 29 
22 38 32 15 24 27 14 17 14 32 35 14 20 15 18 25 28 18 12 14 24 20 19 21 23 26 33 25 26 16 17 15 18 8 16 16 8 33 15 12 14 16 24 25 35 
13 39 41 14 48 27 23 18 18 18 20 9 14 11 21 30 25 26 15 19 18 19 13 36 15 36 29 21 26 19 15 12 22 15 21 20 23 11 8 15 29 18 37 28 27 
24 17 21 13 33 13 28 20 13 33 26 19 20 18 23 15 23 20 14 15 13 12 25 29 28 23 11 25 26 11 15 18 29 23 24 14 19 13 10 23 31 18 34 30 24 
26 31 35 10 31 26 23 26 13 31 21 19 10 20 31 25 18 23 7 18 15 8 22 31 19 33 10 20 16 21 19 17 23 16 11 11 19 32 20 27 19 19 39 27 20 
23 22 31 12 32 25 19 29 16 30 23 18 26 15 31 25 18 24 20 21 21 18 16 32 35 19 32 19 20 22 18 15 30 17 34 16 39 36 15 23 19 19 24 26 25 
16 20 32 18 29 15 20 19 17 41 27 16 16 11 30 43 26 20 10 11 25 10 16 32 22 39 52 15 11 13 12 17 35 15 33 11 39 36 23 15 29 31 30 15 33 
21 36 30 20 31 20 25 28 9 32 26 17 21 16 34 39 21 28 12 15 8 20 24 34 29 29 36 10 13 30 17 16 24 19 21 18 13 17 17 15 32 18 24 27 34 
20 34 36 27 30 22 14 13 17 28 16 14 15 15 24 38 14 27 16 15 15 18 20 27 8 12 41 15 15 26 11 19 38 14 11 14 30 32 13 15 34 20 23 24 11 
11 49 25 16 37 21 22 18 19 25 18 9 17 14 31 13 20 30 17 16 8 12 18 25 22 35 24 11 13 20 10 14 41 12 28 14 24 13 18 21 22 28 34 34 31 
14 41 21 12 24 25 13 15 14 33 9 11 19 14 37 38 22 28 18 18 22 13 23 25 31 27 43 19 25 20 16 12 26 18 22 12 7 38 17 9 6 20 30 38 23 
22 49 23 17 36 14 29 26 21 17 7 20 25 18 20 40 20 29 13 18 16 19 23 29 34 17 48 19 22 23 20 10 35 15 20 20 39 12 16 21 30 22 32 26 23 
14 25 21 17 28 26 37 20 19 22 26 26 24 16 21 16 9 22 17 15 16 9 26 41 24 24 34 19 16 26 16 14 24 16 21 21 37 29 25 10 20 15 24 21 35 
15 22 22 11 37 24 16 19 9 25 22 12 21 17 29 48 19 29 23 16 10 19 26 47 27 15 20 18 15 23 15 16 20 19 30 11 13 22 10 23 33 26 24 25 28 
24 21 31 13 27 15 26 16 17 37 21 11 14 10 9 39 25 20 25 10 16 15 18 28 21 31 34 11 9 26 24 14 17 7 21 22 26 31 20 20 9 19 27 12 32 
20 31 29 20 39 22 26 23 13 35 21 15 14 15 22 29 26 34 20 16 20 9 9 40 14 28 12 24 37 31 16 16 30 22 30 13 24 21 18 18 24 21 37 28 33 
22 39 19 15 22 2 35 26 13 23 19 9 21 20 41 35 15 39 22 19 18 16 24 37 26 32 26 25 24 20 11 15 26 14 24 14 27 7 18 23 9 17 27 29 22 
25 24 18 24 33 19 17 34 21 24 30 15 29 18 24 29 27 30 17 12 16 13 21 26 18 29 29 8 17 18 20 25 22 25 24 17 37 43 16 7 35 13 32 21 30 
8 26 27 12 23 34 38 13 28 38 14 19 28 20 34 20 23 18 16 13 17 14 16 24 34 15 28 20 13 29 18 13 24 25 36 21 25 22 18 22 16 17 39 17 36 
20 37 13 12 38 14 24 17 23 24 19 11 24 15 29 25 15 12 21 12 19 14 22 26 26 26 32 6 12 22 11 18 16 17 19 14 18 26 26 12 17 17 14 11 30 
11 17 15 17 34 21 24 27 20 12 33 11 26 9 39 24 26 12 17 26 19 13 10 37 20 20 42 17 14 18 8 13 20 15 18 19 25 25 24 15 45 19 46 38 26 
21 39 23 16 43 26 25 28 22 40 20 23 27 15 23 24 19 15 18 19 21 20 17 35 22 36 36 23 12 22 14 19 33 17 36 16 17 26 13 23 25 15 24 19 45 
14 32 15 17 28 13 15 13 20 38 28 14 22 17 27 33 16 31 15 12 26 15 23 30 23 28 21 26 30 30 6 19 25 15 18 9 24 23 11 14 18 19 23 30 33 
25 26 20 11 14 13 27 21 17 36 17 18 19 24 36 29 9 34 14 15 24 18 18 40 32 10 34 12 24 25 22 15 27 15 24 24 24 31 19 22 34 22 43 20 32 
22 27 26 21 34 29 37 24 17 27 28 25 20 21 27 47 18 32 16 15 26 18 21 19 20 26 30 23 20 5 22 16 29 18 16 13 28 28 12 25 20 14 32 17 23 
26 31 32 20 19 17 23 30 12 36 21 17 20 13 26 48 14 35 19 19 25 18 20 18 21 33 33 19 23 23 21 13 15 17 18 14 20 27 15 17 29 16 30 32 32 
19 24 28 14 32 8 23 19 27 20 23 13 14 21 20 32 13 33 12 16 24 15 17 19 21 30 34 20 19 15 15 18 15 22 27 24 17 36 21 16 30 21 32 36 23 
15 30 34 16 28 18 17 17 20 28 24 14 23 6 38 18 26 29 19 14 21 8 14 25 17 38 18 18 23 28 24 18 29 12 17 21 25 21 23 19 15 17 42 43 30 
11 23 22 11 18 28 23 20 22 18 34 18 22 21 38 34 25 22 15 21 25 11 21 19 22 25 20 18 21 10 18 18 20 15 33 20 19 25 21 20 30 21 32 27 22 
21 40 19 15 22 17 35 25 15 18 26 11 19 22 27 28 15 20 14 12 16 17 21 28 30 30 41 17 24 16 12 16 22 20 16 13 32 18 15 24 29 22 30 27 40 
18 19 24 24 39 26 21 22 25 33 15 15 21 15 49 42 23 36 16 9 22 16 29 44 27 17 26 12 24 22 20 6 28 17 29 15 18 11 19 20 25 23 20 35 14 
16 39 37 12 49 25 15 14 16 30 19 15 27 17 15 20 23 26 15 15 17 10 24 26 27 40 29 25 31 24 7 15 18 14 15 9 30 41 22 29 27 15 40 26 20 
25 28 28 19 45 20 31 17 16 19 24 11 17 17 20 28 14 17 17 13 14 12 22 23 14 15 22 18 12 13 14 15 25 16 22 28 19 37 19 24 33 20 16 15 27 
23 27 31 10 15 28 6 28 20 28 27 21 27 14 14 33 30 35 12 17 27 11 18 34 37 32 33 15 20 16 16 9 20 16 8 24 33 30 18 30 27 12 39 30 43 
19 29 34 15 19 23 20 21 22 22 20 15 16 15 22 35 28 29 20 15 18 7 17 30 18 13 30 15 19 23 20 19 29 10 33 23 20 18 16 14 40 12 45 36 28 
21 20 25 19 25 15 16 24 17 34 15 20 21 8 30 40 13 39 10 20 17 16 28 39 26 26 33 17 11 15 14 12 28 14 36 22 27 21 17 16 17 10 23 30 17 
12 23 31 17 38 16 24 7 12 29 27 12 26 13 24 35 8 12 19 19 20 17 19 22 16 36 27 17 16 31 24 19 29 16 31 16 20 15 25 29 30 16 28 27 25 
15 37 27 22 28 19 20 37 13 22 23 8 24 23 29 39 16 22 15 17 26 10 9 36 26 9 25 13 15 16 14 18 28 23 28 15 21 22 9 15 37 16 28 24 27 
22 25 28 13 32 34 24 24 22 26 20 20 14 12 29 35 28 18 14 17 19 14 30 28 27 27 29 23 27 29 16 20 20 13 25 25 18 37 23 10 18 7 40 28 23 
13 31 25 16 33 13 32 20 21 24 24 13 36 18 32 42 24 32 19 16 23 20 21 20 28 18 28 20 13 10 17 23 26 13 22 14 13 29 13 18 18 17 17 17 23 
15 30 32 20 30 19 37 15 22 22 26 15 31 14 40 38 30 30 17 16 19 15 29 23 13 44 18 24 29 21 21 19 39 22 19 19 23 30 20 22 27 19 44 37 41 
19 27 30 14 27 22 32 5 22 30 17 11 29 15 28 33 20 19 13 15 20 15 17 33 7 32 27 4 24 26 15 20 27 9 18 21 22 30 16 17 20 15 44 26 26 
16 41 22 21 34 27 35 26 24 20 19 11 21 15 33 35 28 27 16 17 21 14 19 27 22 29 47 11 19 18 14 17 27 12 23 19 24 17 26 17 14 17 37 20 20 
11 27 33 15 41 27 20 13 13 15 27 16 20 14 29 26 13 37 11 14 13 8 17 34 21 28 37 15 21 26 19 9 34 16 26 13 18 31 17 23 35 24 13 27 33 
12 37 26 16 27 29 25 28 15 25 19 17 23 14 33 15 15 31 21 22 19 17 17 24 19 23 22 16 27 27 12 14 24 19 23 14 26 20 14 18 25 22 30 35 18 
13 24 22 26 38 19 17 25 21 30 13 19 12 16 35 33 20 23 22 13 24 24 17 27 22 21 22 21 16 15 11 15 30 24 27 17 41 21 27 11 35 20 44 30 27 
23 29 20 13 26 14 35 19 19 24 19 15 25 17 21 55 23 20 22 14 7 14 17 25 21 34 32 27 16 30 8 12 21 18 17 19 23 32 13 20 21 20 30 40 28 
21 39 30 13 24 26 29 13 24 19 30 19 10 16 10 26 27 23 21 12 25 16 24 33 20 14 37 23 26 16 19 17 11 14 24 20 25 22 15 17 32 15 41 22 26 
20 41 24 13 49 20 10 22 26 45 31 15 20 21 34 31 25 33 21 9 23 13 19 33 22 37 29 15 19 22 13 12 18 24 21 20 30 37 21 23 37 10 25 26 25 
10 32 10 21 23 21 17 16 16 22 25 13 23 11 29 40 20 28 18 17 8 17 16 31 18 16 26 24 27 18 17 19 39 14 35 14 18 23 14 19 30 21 21 26 50 
18 28 24 19 31 29 29 19 14 38 29 17 19 14 18 38 25 38 21 17 25 12 15 41 26 21 16 20 26 28 11 10 15 22 29 20 12 23 18 14 18 19 29 22 31 
21 25 25 23 30 14 14 20 17 37 31 13 17 11 35 31 28 25 9 12 14 18 13 31 24 41 33 18 22 16 15 9 35 23 26 21 24 30 23 23 19 18 26 6 35 
8 32 22 18 23 16 26 20 16 23 30 16 17 14 12 29 14 25 8 22 21 12 23 17 24 23 36 8 9 24 26 10 28 12 17 17 26 24 21 20 40 23 26 15 35 
21 33 34 23 28 29 25 24 19 27 27 19 22 7 40 21 12 35 13 19 16 20 17 30 17 35 37 20 13 22 15 16 11 16 21 9 15 33 10 21 27 15 22 37 36 
22 32 24 18 25 13 17 25 14 32 13 10 15 18 38 39 10 23 17 14 17 18 20 29 14 25 24 25 22 22 17 8 30 10 17 18 28 39 18 27 21 22 34 8 32 
16 31 34 15 23 28 30 20 16 43 20 22 20 13 27 18 22 42 22 22 14 14 18 33 29 11 27 25 17 22 15 18 30 16 18 20 26 33 25 21 17 16 23 33 24 
13 25 23 8 29 14 20 27 16 36 15 18 18 18 26 42 15 17 19 10 25 7 19 22 21 54 43 15 7 19 20 10 21 17 26 25 28 17 14 22 45 23 38 41 16 
14 31 31 12 20 28 34 20 14 26 26 14 21 9 28 39 17 37 14 22 19 17 17 36 28 28 37 17 25 22 11 14 17 15 31 15 26 12 26 20 22 21 26 29 30 
18 41 27 18 35 20 33 19 18 33 16 22 20 11 35 4 15 33 25 20 21 16 19 27 30 30 30 9 20 19 15 20 26 16 20 16 20 35 17 24 28 23 27 33 24 
27 27 15 10 46 32 30 19 17 22 34 23 24 8 19 31 24 29 21 18 12 17 10 30 24 18 19 28 25 25 8 12 18 15 24 11 12 30 11 12 20 18 19 33 26 
21 27 26 16 23 18 22 22 20 45 26 19 22 16 38 32 17 20 11 13 19 13 9 23 16 40 32 19 18 22 17 23 24 21 20 20 37 19 15 22 23 29 33 21 11 
11 37 24 15 35 20 19 17 12 34 18 15 20 11 22 49 23 27 14 17 18 16 13 16 20 42 26 23 24 30 14 9 26 10 17 17 19 38 15 20 24 16 36 35 34 
22 9 24 18 19 24 33 27 9 18 17 10 19 16 26 24 16 17 21 14 12 8 29 20 30 33 34 22 31 24 15 12 26 15 28 14 29 31 20 25 13 15 36 28 13 
29 32 20 21 35 27 29 17 24 47 25 19 16 17 33 28 13 32 21 14 17 11 22 28 25 40 26 19 28 36 16 18 17 12 18 14 35 39 18 19 15 19 26 28 44 
23 39 33 16 35 9 26 22 21 31 16 12 31 11 21 29 16 22 20 11 21 13 21 20 14 32 37 15 15 28 14 16 25 8 17 25 5 21 20 20 33 15 25 23 21 
17 16 28 15 28 14 24 29 16 19 28 16 18 11 16 37 21 8 19 9 15 15 19 30 29 22 27 22 28 6 15 17 29 14 19 17 16 46 20 22 38 20 24 34 27 
14 34 33 26 36 22 22 23 16 33 24 20 16 12 23 32 24 36 19 19 28 11 15 33 17 22 18 17 23 25 18 15 18 16 16 19 29 25 15 26 30 30 20 29 22 
25 19 25 13 33 19 15 33 14 25 30 18 25 17 11 35 15 24 16 16 5 11 29 32 21 21 35 14 23 22 14 19 24 18 31 17 26 45 19 27 19 22 33 24 20 
24 41 26 19 44 15 4 7 20 20 24 12 21 11 17 14 14 26 17 18 25 17 15 30 26 27 27 21 15 25 18 12 36 20 29 12 9 19 12 27 33 18 39 17 32 
16 37 35 19 21 23 29 18 18 29 30 8 19 15 29 37 20 42 18 11 23 13 28 19 20 26 26 14 11 21 16 17 36 16 27 12 21 38 22 16 27 13 19 11 30 
18 28 37 24 20 27 21 25 18 29 24 16 32 17 26 29 22 36 17 9 10 11 22 36 21 40 32 19 34 14 16 15 31 13 11 21 22 21 20 27 21 16 22 25 28 
16 29 23 19 15 15 25 16 18 34 28 20 20 18 15 27 21 30 10 14 12 15 17 19 22 22 23 18 27 25 12 9 42 18 25 17 18 32 18 18 20 18 28 12 23 
17 45 22 7 30 27 23 21 21 33 21 17 30 15 31 38 28 31 19 12 26 15 14 16 31 27 31 12 15 18 9 17 27 17 23 21 40 29 17 17 21 19 22 38 14 
13 34 13 18 27 23 30 24 26 22 24 12 20 17 20 43 24 30 22 19 23 12 14 31 21 27 27 23 21 18 16 21 27 12 28 18 35 39 12 26 32 20 19 36 29 
17 32 18 16 31 12 30 21 21 36 29 19 16 18 31 40 17 27 16 14 14 15 23 33 25 35 43 21 12 34 16 15 28 20 25 29 29 20 20 16 29 19 26 40 32 
22 31 25 16 39 15 25 26 18 28 23 14 2 11 11 19 26 29 24 19 26 18 22 21 29 41 36 19 17 24 14 18 30 12 26 19 28 35 24 17 12 14 26 22 12 
24 33 16 19 34 32 19 21 14 29 15 19 18 18 45 21 22 31 14 15 25 19 18 21 21 24 33 20 19 17 14 21 19 8 25 19 22 23 29 16 41 25 34 23 28 
13 35 37 18 31 17 27 15 12 27 27 17 33 25 24 29 20 17 10 21 11 13 9 37 32 24 45 13 23 29 19 16 31 18 20 20 17 48 16 12 20 26 26 23 29 
17 34 27 18 23 19 35 19 28 25 22 15 20 15 37 40 10 26 19 18 20 14 16 27 20 27 9 20 22 20 19 6 30 17 31 20 24 21 14 15 39 14 21 24 37 
19 39 18 16 21 28 16 12 24 17 33 9 17 17 13 43 17 31 21 11 16 8 28 29 19 37 31 18 27 20 13 16 38 15 22 26 30 24 14 13 34 32 32 43 40 
23 31 22 18 31 28 20 33 19 21 13 16 16 13 31 29 16 17 11 18 10 4 12 19 23 39 40 20 16 21 13 15 25 10 20 25 27 30 15 19 35 13 28 20 24 
12 36 22 13 29 17 20 21 25 31 10 13 21 14 24 35 31 30 16 8 21 12 18 39 19 24 26 11 30 13 21 15 24 22 29 19 27 20 18 20 41 24 34 26 29 
27 29 27 12 20 17 25 33 19 26 13 12 27 12 20 44 10 24 20 21 20 10 11 31 31 28 22 9 25 13 15 14 30 10 25 15 19 19 27 17 29 15 40 34 14 
14 22 30 16 36 20 14 30 23 46 20 13 20 12 26 29 14 42 7 18 25 18 17 36 17 40 35 17 28 20 10 10 25 18 26 19 17 26 12 11 28 20 35 20 19 
23 42 28 19 41 18 26 24 20 26 23 10 26 21 30 15 28 28 21 14 22 15 19 36 10 41 37 20 14 23 13 15 17 22 16 16 13 25 21 20 34 13 28 31 22 
21 41 15 16 26 23 32 25 21 22 22 15 16 12 27 34 7 17 16 13 20 16 18 23 23 29 24 13 28 29 10 18 32 25 31 19 18 20 16 26 38 16 39 20 31 
20 22 20 16 32 16 22 23 13 29 17 17 27 19 33 22 16 13 22 23 19 14 23 41 30 44 44 15 21 21 19 21 29 18 22 19 39 25 17 23 36 18 28 37 14 
6 22 34 15 33 17 14 24 14 30 21 12 35 17 24 20 15 25 16 17 11 9 11 27 35 22 15 11 23 17 19 11 35 16 10 16 28 29 12 16 32 25 12 36 23 
20 28 33 14 26 26 33 29 19 30 17 13 8 14 14 29 19 24 20 8 14 15 22 22 25 28 27 25 28 12 8 5 27 16 17 18 30 25 13 14 33 15 33 29 28 
13 34 24 9 34 24 25 22 17 18 20 10 20 20 31 45 22 34 17 14 22 19 16 30 29 18 39 19 20 21 18 13 29 20 20 15 16 16 15 21 37 16 30 31 21 
21 39 23 14 40 16 26 28 18 37 21 17 29 12 39 24 28 27 16 16 17 12 27 35 25 11 37 16 24 23 18 16 25 17 23 20 18 27 7 15 39 19 21 42 19 
20 41 25 12 20 19 21 29 20 25 22 16 26 17 36 24 14 20 17 11 19 13 17 31 23 31 32 20 25 20 15 11 34 13 34 17 24 26 21 14 9 24 24 29 29 
20 23 25 18 27 12 22 19 25 32 16 15 25 14 21 36 13 23 6 12 20 10 28 30 19 32 37 15 28 21 19 15 26 15 26 23 30 19 19 23 34 17 31 22 21 
15 35 26 18 24 14 19 14 20 26 19 23 14 11 24 45 30 27 12 17 16 16 13 45 16 29 30 21 28 24 14 15 38 21 20 26 19 21 23 21 16 23 38 24 15 
21 19 15 18 16 8 26 21 10 32 30 18 19 15 31 33 20 25 20 12 15 21 14 33 22 25 39 12 28 26 25 10 27 14 18 23 22 30 13 20 28 10 30 32 28 
13 24 14 17 32 22 25 9 23 24 27 16 14 13 25 34 33 43 7 20 31 19 11 34 12 26 34 19 31 21 6 16 25 9 20 22 22 16 11 21 6 21 24 40 34 
11 33 24 22 27 21 20 27 23 38 15 14 24 22 26 44 24 28 22 22 20 18 20 30 28 22 46 22 35 9 16 14 16 9 19 19 33 23 11 22 31 19 15 21 32 
15 30 14 18 44 26 20 20 29 20 19 18 33 18 29 30 16 23 19 19 18 20 19 33 17 31 27 17 10 25 18 23 11 17 18 24 28 38 18 16 22 13 49 31 37 
25 42 26 11 26 10 20 16 27 27 17 15 16 11 37 31 13 22 14 17 21 13 15 9 20 35 19 19 27 24 14 12 8 18 27 21 29 26 18 21 28 17 26 18 30 
29 34 27 14 41 19 26 22 15 31 31 20 26 18 27 42 27 28 23 23 20 5 14 21 18 39 20 22 16 11 17 8 24 14 25 16 17 31 13 14 24 8 34 27 20 
17 20 32 22 37 14 18 21 15 23 24 13 22 5 16 27 22 25 15 17 27 15 15 25 21 34 21 25 25 25 14 20 17 23 10 19 16 32 30 15 35 26 15 26 35 
23 24 35 16 21 18 29 19 25 27 19 16 21 17 33 28 27 24 10 24 18 20 18 28 21 27 44 18 24 27 15 15 16 13 14 23 23 17 20 22 35 17 19 24 35 
19 33 38 19 24 19 31 26 20 13 22 22 18 15 25 37 10 39 13 16 35 16 17 29 25 31 29 16 21 17 16 18 21 17 32 15 25 30 16 30 27 24 31 34 34 
16 18 26 14 31 12 27 18 21 38 12 8 10 15 25 22 25 31 23 13 29 18 20 29 35 36 29 22 31 22 15 13 14 19 9 20 27 22 24 26 23 12 40 18 15 
22 36 16 19 27 25 29 31 12 12 20 10 21 21 20 29 18 21 18 16 25 10 18 16 22 22 14 15 21 28 17 18 26 12 31 19 24 16 17 15 21 22 34 22 31 
18 18 22 13 28 30 33 11 24 28 31 17 31 19 29 33 23 36 18 27 32 13 22 19 29 30 39 21 23 25 14 5 14 16 23 12 30 23 20 9 27 20 29 30 31 
19 36 25 13 32 22 24 23 17 33 22 11 1 13 12 28 19 34 18 17 7 10 18 33 22 31 32 21 27 23 12 14 31 18 27 14 18 29 13 18 27 21 18 36 41 
16 35 35 21 29 28 26 28 16 31 30 21 21 14 23 35 17 27 13 19 18 18 29 33 20 31 35 22 28 20 13 19 25 17 17 15 23 30 16 18 27 15 35 33 10 
17 38 28 17 39 23 15 24 23 34 35 12 17 13 29 43 18 38 11 17 14 19 22 14 15 18 46 11 12 27 20 22 25 13 20 12 23 9 15 15 11 16 34 29 42 
22 30 21 20 33 31 23 26 15 28 17 12 18 12 21 42 27 28 14 16 14 7 18 17 19 20 45 17 18 20 15 8 24 12 20 19 36 26 19 15 29 22 45 33 23 
14 24 26 14 24 18 17 19 16 26 23 14 36 11 38 22 17 22 16 21 16 20 12 29 29 26 29 21 26 20 15 7 29 10 34 22 18 35 14 18 29 22 39 26 19 
21 19 21 16 24 18 9 17 20 12 20 8 26 20 15 25 15 39 15 21 25 14 14 22 26 23 25 11 15 22 12 11 30 18 23 19 22 37 19 17 32 21 23 11 35 
17 30 22 21 16 23 33 30 19 28 29 19 18 16 23 27 15 20 10 21 29 18 21 42 25 30 28 19 17 28 9 15 20 18 40 17 23 16 17 29 23 13 34 19 16 
22 25 36 13 22 27 18 29 26 21 21 15 14 15 36 24 11 28 23 16 20 17 18 21 29 23 20 15 32 18 16 20 28 22 27 12 26 28 11 19 34 13 8 21 38 
30 27 31 21 25 21 12 25 18 36 28 13 13 18 42 37 19 25 17 12 21 8 21 26 14 30 31 29 24 23 12 22 32 12 24 15 18 38 20 16 23 12 24 38 12 
25 15 28 7 14 14 16 21 25 21 23 19 10 23 20 41 19 17 12 11 16 15 7 13 24 40 33 17 22 18 21 6 22 18 23 19 20 18 10 22 36 20 21 22 16 
23 30 18 11 40 24 25 14 18 40 23 20 24 14 25 28 18 22 9 22 20 11 34 27 25 34 44 26 31 26 18 12 25 11 16 16 17 18 15 24 36 20 21 21 14 
25 28 38 17 31 26 26 21 25 25 25 21 22 17 33 9 23 31 17 20 21 9 21 26 14 36 17 15 28 19 16 18 25 18 33 20 30 40 14 21 26 20 37 31 21 
20 34 27 13 18 3 18 20 9 29 32 11 27 10 36 31 24 29 8 18 20 15 21 34 14 24 18 18 23 12 15 13 29 11 23 21 24 36 19 24 36 21 34 14 25 
21 22 22 13 27 15 28 20 21 27 23 22 23 21 36 58 13 32 9 22 21 11 16 12 14 32 26 12 25 16 19 7 31 16 19 14 21 33 9 17 31 14 19 33 31 

MachineCapacities:
MachineID Capacity
0 10
1 10
2 10
