instance_path,tasks,machines,scenarios,psc,instance_index,solve_time_seconds,lower_bound,upper_bound,gap_percent,optimal,iterations,cp_calls,cut_count
10_2_10/os_0_com_0_time_0_rcom_0/0.txt,10,2,10,L,0,0.42,565,565,0,1,1,30,0
10_2_10/os_0_com_0_time_0_rcom_0/1.txt,10,2,10,L,1,0.23,513,513,0,1,8,241,42
10_2_10/os_0_com_0_time_0_rcom_0/2.txt,10,2,10,L,2,0.23,646,646,0,1,8,178,24
10_2_10/os_0_com_0_time_0_rcom_0/3.txt,10,2,10,L,3,0.06,770,770,0,1,2,39,2
10_2_10/os_0_com_0_time_0_rcom_0/4.txt,10,2,10,L,4,0.12,620,620,0,1,4,113,37
10_2_10/os_0_com_0_time_0_rcom_0/5.txt,10,2,10,L,5,0.22,534,534,0,1,8,209,60
10_2_10/os_0_com_0_time_0_rcom_0/6.txt,10,2,10,L,6,0.08,496,496,0,1,3,113,13
10_2_10/os_0_com_0_time_0_rcom_0/7.txt,10,2,10,L,7,0.3,641,641,0,1,12,390,78
10_2_10/os_0_com_0_time_0_rcom_0/8.txt,10,2,10,L,8,0.26,532,532,0,1,10,307,41
10_2_10/os_0_com_0_time_0_rcom_0/9.txt,10,2,10,L,9,0.24,647,647,0,1,9,252,44
10_2_10/os_1_com_0_time_0_rcom_0/0.txt,10,2,10,H,0,0.04,750,750,0,1,1,30,0
10_2_10/os_1_com_0_time_0_rcom_0/1.txt,10,2,10,H,1,0.02,690,690,0,1,1,30,0
10_2_10/os_1_com_0_time_0_rcom_0/2.txt,10,2,10,H,2,0.19,725,725,0,1,8,259,40
10_2_10/os_1_com_0_time_0_rcom_0/3.txt,10,2,10,H,3,0.36,861,861,0,1,10,374,90
10_2_10/os_1_com_0_time_0_rcom_0/4.txt,10,2,10,H,4,0.06,814,814,0,1,3,69,5
10_2_10/os_1_com_0_time_0_rcom_0/5.txt,10,2,10,H,5,0.11,700,700,0,1,3,113,11
10_2_10/os_1_com_0_time_0_rcom_0/6.txt,10,2,10,H,6,0.07,714,714,0,1,2,65,3
10_2_10/os_1_com_0_time_0_rcom_0/7.txt,10,2,10,H,7,0.13,846,846,0,1,3,111,13
10_2_10/os_1_com_0_time_0_rcom_0/8.txt,10,2,10,H,8,0.09,648,648,0,1,4,88,8
10_2_10/os_1_com_0_time_0_rcom_0/9.txt,10,2,10,H,9,0.12,724,724,0,1,2,69,2
10_2_30/os_0_com_0_time_0_rcom_0/0.txt,10,2,30,L,0,0.25,1654,1654,0,1,4,212,33
10_2_30/os_0_com_0_time_0_rcom_0/1.txt,10,2,30,L,1,0.53,1433,1433,0,1,6,620,181
10_2_30/os_0_com_0_time_0_rcom_0/2.txt,10,2,30,L,2,0.46,1925,1925,0,1,5,402,158
10_2_30/os_0_com_0_time_0_rcom_0/3.txt,10,2,30,L,3,0.79,1407,1407,0,1,10,1003,189
10_2_30/os_0_com_0_time_0_rcom_0/4.txt,10,2,30,L,4,0.68,1642,1642,0,1,8,593,113
10_2_30/os_0_com_0_time_0_rcom_0/5.txt,10,2,30,L,5,0.76,1867,1867,0,1,10,798,160
10_2_30/os_0_com_0_time_0_rcom_0/6.txt,10,2,30,L,6,0.33,1653,1653,0,1,4,393,58
10_2_30/os_0_com_0_time_0_rcom_0/7.txt,10,2,30,L,7,0.44,2142,2142,0,1,4,262,69
10_2_30/os_0_com_0_time_0_rcom_0/8.txt,10,2,30,L,8,0.35,1936,1936,0,1,4,259,26
10_2_30/os_0_com_0_time_0_rcom_0/9.txt,10,2,30,L,9,1.34,1670,1670,0,1,14,1475,477
10_2_30/os_1_com_0_time_0_rcom_0/0.txt,10,2,30,H,0,1.23,2181,2181,0,1,9,982,192
10_2_30/os_1_com_0_time_0_rcom_0/1.txt,10,2,30,H,1,0.27,2230,2230,0,1,1,90,0
10_2_30/os_1_com_0_time_0_rcom_0/2.txt,10,2,30,H,2,0.36,2192,2192,0,1,3,215,10
10_2_30/os_1_com_0_time_0_rcom_0/3.txt,10,2,30,H,3,0.32,1857,1857,0,1,3,278,13
10_2_30/os_1_com_0_time_0_rcom_0/4.txt,10,2,30,H,4,1.36,2366,2366,0,1,16,1647,284
10_2_30/os_1_com_0_time_0_rcom_0/5.txt,10,2,30,H,5,0.32,2599,2599,0,1,5,353,17
10_2_30/os_1_com_0_time_0_rcom_0/6.txt,10,2,30,H,6,0.53,2003,2003,0,1,6,573,65
10_2_30/os_1_com_0_time_0_rcom_0/7.txt,10,2,30,H,7,0.89,2673,2673,0,1,8,916,146
10_2_30/os_1_com_0_time_0_rcom_0/8.txt,10,2,30,H,8,0.35,2528,2528,0,1,3,205,17
10_2_30/os_1_com_0_time_0_rcom_0/9.txt,10,2,30,H,9,0.63,2303,2303,0,1,8,708,80
10_2_50/os_0_com_0_time_0_rcom_0/0.txt,10,2,50,L,0,0.39,2068,2068,0,1,4,504,109
10_2_50/os_0_com_0_time_0_rcom_0/1.txt,10,2,50,L,1,1.78,2966,2966,0,1,14,2251,469
10_2_50/os_0_com_0_time_0_rcom_0/2.txt,10,2,50,L,2,2.23,3688,3688,0,1,15,2260,805
10_2_50/os_0_com_0_time_0_rcom_0/3.txt,10,2,50,L,3,0.46,3263,3263,0,1,3,362,11
10_2_50/os_0_com_0_time_0_rcom_0/4.txt,10,2,50,L,4,0.65,2941,2941,0,1,4,516,166
10_2_50/os_0_com_0_time_0_rcom_0/5.txt,10,2,50,L,5,0.65,2649,2649,0,1,6,845,123
10_2_50/os_0_com_0_time_0_rcom_0/6.txt,10,2,50,L,6,0.63,2688,2688,0,1,4,889,189
10_2_50/os_0_com_0_time_0_rcom_0/7.txt,10,2,50,L,7,1.2,2665,2665,0,1,12,1522,239
10_2_50/os_0_com_0_time_0_rcom_0/8.txt,10,2,50,L,8,1.14,2621,2621,0,1,9,1539,323
10_2_50/os_0_com_0_time_0_rcom_0/9.txt,10,2,50,L,9,0.22,2044,2044,0,1,3,369,46
10_2_50/os_1_com_0_time_0_rcom_0/0.txt,10,2,50,H,0,0.26,3258,3258,0,1,3,312,31
10_2_50/os_1_com_0_time_0_rcom_0/1.txt,10,2,50,H,1,1.12,3861,3861,0,1,6,1103,125
10_2_50/os_1_com_0_time_0_rcom_0/2.txt,10,2,50,H,2,1.25,4454,4454,0,1,5,1015,121
10_2_50/os_1_com_0_time_0_rcom_0/3.txt,10,2,50,H,3,2.64,4170,4170,0,1,13,2643,609
10_2_50/os_1_com_0_time_0_rcom_0/4.txt,10,2,50,H,4,0.34,3800,3800,0,1,3,264,2
10_2_50/os_1_com_0_time_0_rcom_0/5.txt,10,2,50,H,5,0.42,3698,3698,0,1,1,150,0
10_2_50/os_1_com_0_time_0_rcom_0/6.txt,10,2,50,H,6,1,4210,4210,0,1,4,853,90
10_2_50/os_1_com_0_time_0_rcom_0/7.txt,10,2,50,H,7,0.67,3993,3993,0,1,8,968,21
10_2_50/os_1_com_0_time_0_rcom_0/8.txt,10,2,50,H,8,0.43,3920,3920,0,1,2,202,1
10_2_50/os_1_com_0_time_0_rcom_0/9.txt,10,2,50,H,9,0.35,3164,3164,0,1,3,346,25
10_2_100/os_0_com_0_time_0_rcom_0/0.txt,10,2,100,L,0,2.745,7126,7126,0,1,10,1867,236
10_2_100/os_0_com_0_time_0_rcom_0/1.txt,10,2,100,L,1,6.42,5695,5695,0,1,17,5110,1293
10_2_100/os_0_com_0_time_0_rcom_0/2.txt,10,2,100,L,2,4.383,6610,6610,0,1,10,2554,1035
10_2_100/os_0_com_0_time_0_rcom_0/3.txt,10,2,100,L,3,1.656,5874,5874,0,1,4,852,265
10_2_100/os_0_com_0_time_0_rcom_0/4.txt,10,2,100,L,4,3.394,6414,6414,0,1,8,2359,819
10_2_100/os_0_com_0_time_0_rcom_0/5.txt,10,2,100,L,5,1.572,7360,7360,0,1,4,1032,44
10_2_100/os_0_com_0_time_0_rcom_0/6.txt,10,2,100,L,6,1.891,6804,6804,0,1,4,1040,294
10_2_100/os_0_com_0_time_0_rcom_0/7.txt,10,2,100,L,7,2.009,6797,6797,0,1,5,1592,388
10_2_100/os_0_com_0_time_0_rcom_0/8.txt,10,2,100,L,8,2.346,5371,5371,0,1,7,2064,201
10_2_100/os_0_com_0_time_0_rcom_0/9.txt,10,2,100,L,9,7.046,7568,7568,0,1,16,3498,956
10_2_100/os_1_com_0_time_0_rcom_0/0.txt,10,2,100,H,0,8.29,9433,9433,0,1,9,3703,763
10_2_100/os_1_com_0_time_0_rcom_0/1.txt,10,2,100,H,1,3.07,9703,9703,0,1,6,1928,296
10_2_100/os_1_com_0_time_0_rcom_0/2.txt,10,2,100,H,2,4.807,9022,9022,0,1,10,3015,440
10_2_100/os_1_com_0_time_0_rcom_0/3.txt,10,2,100,H,3,3.363,8395,8395,0,1,5,1275,116
10_2_100/os_1_com_0_time_0_rcom_0/4.txt,10,2,100,H,4,2.888,7917,7917,0,1,3,747,70
10_2_100/os_1_com_0_time_0_rcom_0/5.txt,10,2,100,H,5,5.294,8921,8921,0,1,7,2934,488
10_2_100/os_1_com_0_time_0_rcom_0/6.txt,10,2,100,H,6,3.81,9537,9537,0,1,5,1410,161
10_2_100/os_1_com_0_time_0_rcom_0/7.txt,10,2,100,H,7,2.327,9212,9212,0,1,2,602,1
10_2_100/os_1_com_0_time_0_rcom_0/8.txt,10,2,100,H,8,2.405,7150,7150,0,1,4,877,27
10_2_100/os_1_com_0_time_0_rcom_0/9.txt,10,2,100,H,9,4.304,9853,9853,0,1,7,2341,400
10_2_500/os_0_com_0_time_0_rcom_0/0.txt,10,2,500,L,0,22.318,33440,33440,0,1,6,7752,2291
10_2_500/os_0_com_0_time_0_rcom_0/1.txt,10,2,500,L,1,11.007,26828,26828,0,1,3,3714,433
10_2_500/os_0_com_0_time_0_rcom_0/2.txt,10,2,500,L,2,29.868,34587,34587,0,1,8,10549,5207
10_2_500/os_0_com_0_time_0_rcom_0/3.txt,10,2,500,L,3,16.893,30367,30367,0,1,4,3724,1186
10_2_500/os_0_com_0_time_0_rcom_0/4.txt,10,2,500,L,4,32.467,31955,31955,0,1,11,16035,5832
10_2_500/os_0_com_0_time_0_rcom_0/5.txt,10,2,500,L,5,7.672,35503,35503,0,1,2,2020,21
10_2_500/os_0_com_0_time_0_rcom_0/6.txt,10,2,500,L,6,82.158,37004,37004,0,1,27,40624,10196
10_2_500/os_0_com_0_time_0_rcom_0/7.txt,10,2,500,L,7,29.889,34879,34879,0,1,9,14171,5009
10_2_500/os_0_com_0_time_0_rcom_0/8.txt,10,2,500,L,8,17.532,26787,26787,0,1,7,7706,611
10_2_500/os_0_com_0_time_0_rcom_0/9.txt,10,2,500,L,9,19.103,37372,37372,0,1,5,4674,835
10_2_500/os_1_com_0_time_0_rcom_0/0.txt,10,2,500,H,0,60.868,44784,44784,0,1,9,17597,2598
10_2_500/os_1_com_0_time_0_rcom_0/1.txt,10,2,500,H,1,25.237,46856,46856,0,1,5,6681,769
10_2_500/os_1_com_0_time_0_rcom_0/2.txt,10,2,500,H,2,51.147,46205,46205,0,1,7,13171,2796
10_2_500/os_1_com_0_time_0_rcom_0/3.txt,10,2,500,H,3,26.827,41787,41787,0,1,5,6414,473
10_2_500/os_1_com_0_time_0_rcom_0/4.txt,10,2,500,H,4,35.949,39798,39798,0,1,5,7779,1390
10_2_500/os_1_com_0_time_0_rcom_0/5.txt,10,2,500,H,5,46.887,41801,41801,0,1,6,7635,723
10_2_500/os_1_com_0_time_0_rcom_0/6.txt,10,2,500,H,6,65.52,48131,48131,0,1,14,21178,2696
10_2_500/os_1_com_0_time_0_rcom_0/7.txt,10,2,500,H,7,31.419,47849,47849,0,1,4,5099,284
10_2_500/os_1_com_0_time_0_rcom_0/8.txt,10,2,500,H,8,17.091,35579,35579,0,1,4,4151,58
10_2_500/os_1_com_0_time_0_rcom_0/9.txt,10,2,500,H,9,43.759,47590,47590,0,1,7,10082,1098
10_2_1000/os_0_com_0_time_0_rcom_0/0.txt,10,2,1000,L,0,36.495,68086,68086,0,1,6,12932,2556
10_2_1000/os_0_com_0_time_0_rcom_0/1.txt,10,2,1000,L,1,94.124,55509,55509,0,1,19,52384,13066
10_2_1000/os_0_com_0_time_0_rcom_0/2.txt,10,2,1000,L,2,46.236,60864,60864,0,1,3,5901,1309
10_2_1000/os_0_com_0_time_0_rcom_0/3.txt,10,2,1000,L,3,51.336,60645,60645,0,1,7,14555,5745
10_2_1000/os_0_com_0_time_0_rcom_0/4.txt,10,2,1000,L,4,79.367,61429,61429,0,1,13,32595,12615
10_2_1000/os_0_com_0_time_0_rcom_0/5.txt,10,2,1000,L,5,45.225,72425,72432,0.0097,0,4,8414,2002
10_2_1000/os_0_com_0_time_0_rcom_0/6.txt,10,2,1000,L,6,132.329,71158,71158,0,1,19,53672,15172
10_2_1000/os_0_com_0_time_0_rcom_0/7.txt,10,2,1000,L,7,33.24,66637,66637,0,1,7,19366,5478
10_2_1000/os_0_com_0_time_0_rcom_0/8.txt,10,2,1000,L,8,37.279,53596,53596,0,1,3,7150,393
10_2_1000/os_0_com_0_time_0_rcom_0/9.txt,10,2,1000,L,9,43.054,70871,70871,0,1,3,6903,2668
10_2_1000/os_1_com_0_time_0_rcom_0/0.txt,10,2,1000,H,0,72.558,87961,87961,0,1,4,9691,798
10_2_1000/os_1_com_0_time_0_rcom_0/1.txt,10,2,1000,H,1,76.186,96795,96795,0,1,4,12135,1190
10_2_1000/os_1_com_0_time_0_rcom_0/2.txt,10,2,1000,H,2,259.504,95066,95066,0,1,12,58020,8096
10_2_1000/os_1_com_0_time_0_rcom_0/3.txt,10,2,1000,H,3,18.643,82074,82074,0,1,2,4166,37
10_2_1000/os_1_com_0_time_0_rcom_0/4.txt,10,2,1000,H,4,86.715,76607,76607,0,1,3,6993,623
10_2_1000/os_1_com_0_time_0_rcom_0/5.txt,10,2,1000,H,5,107.806,88034,88034,0,1,6,19896,4163
10_2_1000/os_1_com_0_time_0_rcom_0/6.txt,10,2,1000,H,6,143.081,94566,94566,0,1,8,24694,2798
10_2_1000/os_1_com_0_time_0_rcom_0/7.txt,10,2,1000,H,7,53.454,92287,92287,0,1,7,13177,525
10_2_1000/os_1_com_0_time_0_rcom_0/8.txt,10,2,1000,H,8,27.58,70553,70553,0,1,3,7260,81
10_2_1000/os_1_com_0_time_0_rcom_0/9.txt,10,2,1000,H,9,114.114,96559,96559,0,1,10,37891,6447
10_3_10/os_0_com_0_time_0_rcom_0/0.txt,10,3,10,L,0,0.07,469,469,0,1,2,68,8
10_3_10/os_0_com_0_time_0_rcom_0/1.txt,10,3,10,L,1,0.08,485,485,0,1,2,50,2
10_3_10/os_0_com_0_time_0_rcom_0/2.txt,10,3,10,L,2,0.22,514,514,0,1,5,251,36
10_3_10/os_0_com_0_time_0_rcom_0/3.txt,10,3,10,L,3,0.04,343,343,0,1,3,74,10
10_3_10/os_0_com_0_time_0_rcom_0/4.txt,10,3,10,L,4,0.03,385,385,0,1,1,40,0
10_3_10/os_0_com_0_time_0_rcom_0/5.txt,10,3,10,L,5,0.11,496,496,0,1,2,74,7
10_3_10/os_0_com_0_time_0_rcom_0/6.txt,10,3,10,L,6,0.18,463,463,0,1,5,230,39
10_3_10/os_0_com_0_time_0_rcom_0/7.txt,10,3,10,L,7,0.03,362,362,0,1,2,51,1
10_3_10/os_0_com_0_time_0_rcom_0/8.txt,10,3,10,L,8,0.21,350,350,0,1,10,320,77
10_3_10/os_0_com_0_time_0_rcom_0/9.txt,10,3,10,L,9,0.07,454,454,0,1,4,109,12
10_3_10/os_1_com_0_time_0_rcom_0/0.txt,10,3,10,H,0,0.21,749,749,0,1,9,302,19
10_3_10/os_1_com_0_time_0_rcom_0/1.txt,10,3,10,H,1,0.13,698,698,0,1,5,122,6
10_3_10/os_1_com_0_time_0_rcom_0/2.txt,10,3,10,H,2,0.16,762,762,0,1,1,40,0
10_3_10/os_1_com_0_time_0_rcom_0/3.txt,10,3,10,H,3,0.11,635,635,0,1,3,97,1
10_3_10/os_1_com_0_time_0_rcom_0/4.txt,10,3,10,H,4,0.07,592,592,0,1,2,74,3
10_3_10/os_1_com_0_time_0_rcom_0/5.txt,10,3,10,H,5,0.06,683,683,0,1,1,40,0
10_3_10/os_1_com_0_time_0_rcom_0/6.txt,10,3,10,H,6,0.19,590,590,0,1,2,106,7
10_3_10/os_1_com_0_time_0_rcom_0/7.txt,10,3,10,H,7,0.2,650,650,0,1,3,139,7
10_3_10/os_1_com_0_time_0_rcom_0/8.txt,10,3,10,H,8,0.13,495,495,0,1,4,161,13
10_3_10/os_1_com_0_time_0_rcom_0/9.txt,10,3,10,H,9,0.05,570,570,0,1,1,40,0
10_3_30/os_0_com_0_time_0_rcom_0/0.txt,10,3,30,L,0,0.82,1469,1469,0,1,11,869,76
10_3_30/os_0_com_0_time_0_rcom_0/1.txt,10,3,30,L,1,0.37,1262,1262,0,1,2,248,44
10_3_30/os_0_com_0_time_0_rcom_0/2.txt,10,3,30,L,2,0.1,1102,1102,0,1,2,150,2
10_3_30/os_0_com_0_time_0_rcom_0/3.txt,10,3,30,L,3,0.49,1225,1225,0,1,6,643,106
10_3_30/os_0_com_0_time_0_rcom_0/4.txt,10,3,30,L,4,0.14,1283,1283,0,1,3,238,2
10_3_30/os_0_com_0_time_0_rcom_0/5.txt,10,3,30,L,5,0.49,1561,1561,0,1,3,333,58
10_3_30/os_0_com_0_time_0_rcom_0/6.txt,10,3,30,L,6,0.35,1444,1444,0,1,4,386,51
10_3_30/os_0_com_0_time_0_rcom_0/7.txt,10,3,30,L,7,0.39,1379,1379,0,1,3,375,18
10_3_30/os_0_com_0_time_0_rcom_0/8.txt,10,3,30,L,8,0.55,1408,1408,0,1,3,277,35
10_3_30/os_0_com_0_time_0_rcom_0/9.txt,10,3,30,L,9,0.53,1364,1364,0,1,4,487,84
10_3_30/os_1_com_0_time_0_rcom_0/0.txt,10,3,30,H,0,1.39,1778,1778,0,1,8,1043,70
10_3_30/os_1_com_0_time_0_rcom_0/1.txt,10,3,30,H,1,1.13,1794,1794,0,1,7,856,100
10_3_30/os_1_com_0_time_0_rcom_0/2.txt,10,3,30,H,2,0.45,1905,1905,0,1,2,153,5
10_3_30/os_1_com_0_time_0_rcom_0/3.txt,10,3,30,H,3,0.72,1552,1552,0,1,6,617,57
10_3_30/os_1_com_0_time_0_rcom_0/4.txt,10,3,30,H,4,0.15,1261,1261,0,1,3,183,2
10_3_30/os_1_com_0_time_0_rcom_0/5.txt,10,3,30,H,5,0.46,2134,2134,0,1,5,359,17
10_3_30/os_1_com_0_time_0_rcom_0/6.txt,10,3,30,H,6,1.59,1889,1889,0,1,8,1042,136
10_3_30/os_1_com_0_time_0_rcom_0/7.txt,10,3,30,H,7,0.93,1839,1839,0,1,4,452,51
10_3_30/os_1_com_0_time_0_rcom_0/8.txt,10,3,30,H,8,0.72,2063,2063,0,1,5,537,50
10_3_30/os_1_com_0_time_0_rcom_0/9.txt,10,3,30,H,9,0.25,2429,2429,0,1,2,213,2
10_3_50/os_0_com_0_time_0_rcom_0/0.txt,10,3,50,L,0,0.77,1883,1883,0,1,3,428,64
10_3_50/os_0_com_0_time_0_rcom_0/1.txt,10,3,50,L,1,1.17,2326,2326,0,1,3,655,127
10_3_50/os_0_com_0_time_0_rcom_0/2.txt,10,3,50,L,2,1.38,2377,2377,0,1,5,860,80
10_3_50/os_0_com_0_time_0_rcom_0/3.txt,10,3,50,L,3,0.14,2283,2283,0,1,1,200,0
10_3_50/os_0_com_0_time_0_rcom_0/4.txt,10,3,50,L,4,0.3,1618,1618,0,1,4,591,72
10_3_50/os_0_com_0_time_0_rcom_0/5.txt,10,3,50,L,5,1.06,2255,2255,0,1,7,958,78
10_3_50/os_0_com_0_time_0_rcom_0/6.txt,10,3,50,L,6,0.5,2015,2015,0,1,3,624,73
10_3_50/os_0_com_0_time_0_rcom_0/7.txt,10,3,50,L,7,0.71,2299,2299,0,1,4,607,86
10_3_50/os_0_com_0_time_0_rcom_0/8.txt,10,3,50,L,8,0.75,2279,2279,0,1,6,929,118
10_3_50/os_0_com_0_time_0_rcom_0/9.txt,10,3,50,L,9,0.18,2212,2212,0,1,1,200,0
10_3_50/os_1_com_0_time_0_rcom_0/0.txt,10,3,50,H,0,0.97,3104,3104,0,1,2,374,10
10_3_50/os_1_com_0_time_0_rcom_0/1.txt,10,3,50,H,1,2.86,3325,3325,0,1,8,1643,278
10_3_50/os_1_com_0_time_0_rcom_0/2.txt,10,3,50,H,2,1.31,3533,3533,0,1,5,915,81
10_3_50/os_1_com_0_time_0_rcom_0/3.txt,10,3,50,H,3,1.77,3039,3039,0,1,4,990,89
10_3_50/os_1_com_0_time_0_rcom_0/4.txt,10,3,50,H,4,0.88,2809,2809,0,1,5,940,50
10_3_50/os_1_com_0_time_0_rcom_0/5.txt,10,3,50,H,5,1.41,3404,3404,0,1,6,1068,112
10_3_50/os_1_com_0_time_0_rcom_0/6.txt,10,3,50,H,6,0.83,3453,3453,0,1,1,200,0
10_3_50/os_1_com_0_time_0_rcom_0/7.txt,10,3,50,H,7,0.88,3231,3231,0,1,2,254,5
10_3_50/os_1_com_0_time_0_rcom_0/8.txt,10,3,50,H,8,0.83,3661,3661,0,1,1,200,0
10_3_50/os_1_com_0_time_0_rcom_0/9.txt,10,3,50,H,9,0.2,3253,3253,0,1,1,200,0
10_3_100/os_0_com_0_time_0_rcom_0/0.txt,10,3,100,L,0,3.54,5155,5155,0,1,8,2101,230
10_3_100/os_0_com_0_time_0_rcom_0/1.txt,10,3,100,L,1,3.383,4092,4092,0,1,8,2647,528
10_3_100/os_0_com_0_time_0_rcom_0/2.txt,10,3,100,L,2,4.688,5415,5415,0,1,7,2430,511
10_3_100/os_0_com_0_time_0_rcom_0/3.txt,10,3,100,L,3,1.7,5112,5112,0,1,3,906,94
10_3_100/os_0_com_0_time_0_rcom_0/4.txt,10,3,100,L,4,3.372,5154,5154,0,1,7,2366,303
10_3_100/os_0_com_0_time_0_rcom_0/5.txt,10,3,100,L,5,1.629,5155,5155,0,1,3,809,91
10_3_100/os_0_com_0_time_0_rcom_0/6.txt,10,3,100,L,6,3.215,5280,5280,0,1,5,1687,73
10_3_100/os_0_com_0_time_0_rcom_0/7.txt,10,3,100,L,7,2.467,4407,4407,0,1,4,1363,274
10_3_100/os_0_com_0_time_0_rcom_0/8.txt,10,3,100,L,8,3.233,4285,4285,0,1,6,2200,380
10_3_100/os_0_com_0_time_0_rcom_0/9.txt,10,3,100,L,9,2.419,4760,4760,0,1,6,1535,57
10_3_100/os_1_com_0_time_0_rcom_0/0.txt,10,3,100,H,0,10.113,8431,8431,0,1,20,5689,432
10_3_100/os_1_com_0_time_0_rcom_0/1.txt,10,3,100,H,1,5.804,7646,7646,0,1,4,1717,147
10_3_100/os_1_com_0_time_0_rcom_0/2.txt,10,3,100,H,2,5.59,8365,8365,0,1,6,2346,179
10_3_100/os_1_com_0_time_0_rcom_0/3.txt,10,3,100,H,3,3.802,7325,7325,0,1,2,899,78
10_3_100/os_1_com_0_time_0_rcom_0/4.txt,10,3,100,H,4,7.83,7193,7193,0,1,7,2411,207
10_3_100/os_1_com_0_time_0_rcom_0/5.txt,10,3,100,H,5,2.68,7750,7750,0,1,1,400,0
10_3_100/os_1_com_0_time_0_rcom_0/6.txt,10,3,100,H,6,4.223,8871,8871,0,1,4,1038,31
10_3_100/os_1_com_0_time_0_rcom_0/7.txt,10,3,100,H,7,1.586,7936,7936,0,1,2,507,1
10_3_100/os_1_com_0_time_0_rcom_0/8.txt,10,3,100,H,8,2.406,6392,6392,0,1,1,400,0
10_3_100/os_1_com_0_time_0_rcom_0/9.txt,10,3,100,H,9,1.137,8073,8073,0,1,1,400,0
10_3_500/os_0_com_0_time_0_rcom_0/0.txt,10,3,500,L,0,22.363,25116,25116,0,1,1,2000,0
10_3_500/os_0_com_0_time_0_rcom_0/1.txt,10,3,500,L,1,37.193,20188,20188,0,1,17,23337,3283
10_3_500/os_0_com_0_time_0_rcom_0/2.txt,10,3,500,L,2,73.682,27232,27232,0,1,16,21885,4167
10_3_500/os_0_com_0_time_0_rcom_0/3.txt,10,3,500,L,3,33.002,24509,24509,0,1,10,13628,1119
10_3_500/os_0_com_0_time_0_rcom_0/4.txt,10,3,500,L,4,35.195,25915,25915,0,1,8,15143,2357
10_3_500/os_0_com_0_time_0_rcom_0/5.txt,10,3,500,L,5,20.517,25173,25173,0,1,2,2506,9
10_3_500/os_0_com_0_time_0_rcom_0/6.txt,10,3,500,L,6,37.51,26419,26419,0,1,7,8646,328
10_3_500/os_0_com_0_time_0_rcom_0/7.txt,10,3,500,L,7,23.796,22773,22773,0,1,6,8682,1842
10_3_500/os_0_com_0_time_0_rcom_0/8.txt,10,3,500,L,8,24.025,21231,21233,0.0094,0,5,8705,1564
10_3_500/os_0_com_0_time_0_rcom_0/9.txt,10,3,500,L,9,29.249,23364,23364,0,1,7,7966,713
10_3_500/os_1_com_0_time_0_rcom_0/0.txt,10,3,500,H,0,89.638,41711,41711,0,1,4,6345,323
10_3_500/os_1_com_0_time_0_rcom_0/1.txt,10,3,500,H,1,123.158,38892,38892,0,1,11,22956,2151
10_3_500/os_1_com_0_time_0_rcom_0/2.txt,10,3,500,H,2,62.267,42166,42166,0,1,3,5295,200
10_3_500/os_1_com_0_time_0_rcom_0/3.txt,10,3,500,H,3,76.392,36910,36910,0,1,3,6682,521
10_3_500/os_1_com_0_time_0_rcom_0/4.txt,10,3,500,H,4,74.084,35626,35626,0,1,3,3579,130
10_3_500/os_1_com_0_time_0_rcom_0/5.txt,10,3,500,H,5,37.354,38516,38516,0,1,2,2501,5
10_3_500/os_1_com_0_time_0_rcom_0/6.txt,10,3,500,H,6,44.183,44890,44890,0,1,1,2000,0
10_3_500/os_1_com_0_time_0_rcom_0/7.txt,10,3,500,H,7,62.231,40502,40502,0,1,8,14194,1277
10_3_500/os_1_com_0_time_0_rcom_0/8.txt,10,3,500,H,8,45.896,33594,33594,0,1,2,3943,278
10_3_500/os_1_com_0_time_0_rcom_0/9.txt,10,3,500,H,9,18.265,39942,39942,0,1,3,3098,21
10_3_1000/os_0_com_0_time_0_rcom_0/0.txt,10,3,1000,L,0,91.856,50257,50257,0,1,8,22585,3168
10_3_1000/os_0_com_0_time_0_rcom_0/1.txt,10,3,1000,L,1,49.816,39649,39649,0,1,6,19150,2757
10_3_1000/os_0_com_0_time_0_rcom_0/2.txt,10,3,1000,L,2,80.702,51870,51870,0,1,6,17747,3329
10_3_1000/os_0_com_0_time_0_rcom_0/3.txt,10,3,1000,L,3,48.672,47831,47831,0,1,3,8195,284
10_3_1000/os_0_com_0_time_0_rcom_0/4.txt,10,3,1000,L,4,46.485,51832,51832,0,1,5,15890,1734
10_3_1000/os_0_com_0_time_0_rcom_0/5.txt,10,3,1000,L,5,81.206,53035,53035,0,1,3,6201,260
10_3_1000/os_0_com_0_time_0_rcom_0/6.txt,10,3,1000,L,6,55.5,51856,51856,0,1,6,17888,835
10_3_1000/os_0_com_0_time_0_rcom_0/7.txt,10,3,1000,L,7,69.443,47213,47213,0,1,10,28742,4131
10_3_1000/os_0_com_0_time_0_rcom_0/8.txt,10,3,1000,L,8,65.134,42635,42635,0,1,7,21225,2431
10_3_1000/os_0_com_0_time_0_rcom_0/9.txt,10,3,1000,L,9,9.671,45356,45356,0,1,2,5035,79
10_3_1000/os_1_com_0_time_0_rcom_0/0.txt,10,3,1000,H,0,230.566,82684,82684,0,1,4,15853,1122
10_3_1000/os_1_com_0_time_0_rcom_0/1.txt,10,3,1000,H,1,238.56,78353,78353,0,1,7,26722,2593
10_3_1000/os_1_com_0_time_0_rcom_0/2.txt,10,3,1000,H,2,104.104,82812,82812,0,1,5,12968,414
10_3_1000/os_1_com_0_time_0_rcom_0/3.txt,10,3,1000,H,3,87.213,72432,72432,0,1,3,8966,138
10_3_1000/os_1_com_0_time_0_rcom_0/4.txt,10,3,1000,H,4,126.56,70068,70068,0,1,3,9787,598
10_3_1000/os_1_com_0_time_0_rcom_0/5.txt,10,3,1000,H,5,176.357,79677,79677,0,1,7,18572,1012
10_3_1000/os_1_com_0_time_0_rcom_0/6.txt,10,3,1000,H,6,120.286,88788,88788,0,1,3,6908,154
10_3_1000/os_1_com_0_time_0_rcom_0/7.txt,10,3,1000,H,7,31.103,77236,77236,0,1,2,6999,1
10_3_1000/os_1_com_0_time_0_rcom_0/8.txt,10,3,1000,H,8,70.534,66942,66942,0,1,1,4000,0
10_3_1000/os_1_com_0_time_0_rcom_0/9.txt,10,3,1000,H,9,59.787,79377,79377,0,1,3,8297,117
10_4_10/os_0_com_0_time_0_rcom_0/0.txt,10,4,10,L,0,0.05,398,398,0,1,1,50,0
10_4_10/os_0_com_0_time_0_rcom_0/1.txt,10,4,10,L,1,0.07,429,429,0,1,2,90,0
10_4_10/os_0_com_0_time_0_rcom_0/2.txt,10,4,10,L,2,0.02,341,341,0,1,1,50,0
10_4_10/os_0_com_0_time_0_rcom_0/3.txt,10,4,10,L,3,0.06,407,407,0,1,1,50,0
10_4_10/os_0_com_0_time_0_rcom_0/4.txt,10,4,10,L,4,0.04,406,406,0,1,1,50,0
10_4_10/os_0_com_0_time_0_rcom_0/5.txt,10,4,10,L,5,0.09,327,327,0,1,3,140,24
10_4_10/os_0_com_0_time_0_rcom_0/6.txt,10,4,10,L,6,0.05,359,359,0,1,2,89,5
10_4_10/os_0_com_0_time_0_rcom_0/7.txt,10,4,10,L,7,0.08,381,381,0,1,3,130,14
10_4_10/os_0_com_0_time_0_rcom_0/8.txt,10,4,10,L,8,0.04,335,335,0,1,1,50,0
10_4_10/os_0_com_0_time_0_rcom_0/9.txt,10,4,10,L,9,0.12,339,339,0,1,5,164,23
10_4_10/os_1_com_0_time_0_rcom_0/0.txt,10,4,10,H,0,0.07,646,646,0,1,1,50,0
10_4_10/os_1_com_0_time_0_rcom_0/1.txt,10,4,10,H,1,0.06,564,564,0,1,1,50,0
10_4_10/os_1_com_0_time_0_rcom_0/2.txt,10,4,10,H,2,0.06,628,628,0,1,1,50,0
10_4_10/os_1_com_0_time_0_rcom_0/3.txt,10,4,10,H,3,0.17,540,540,0,1,1,50,0
10_4_10/os_1_com_0_time_0_rcom_0/4.txt,10,4,10,H,4,0.14,683,683,0,1,2,80,0
10_4_10/os_1_com_0_time_0_rcom_0/5.txt,10,4,10,H,5,0.07,579,579,0,1,1,50,0
10_4_10/os_1_com_0_time_0_rcom_0/6.txt,10,4,10,H,6,0.06,572,572,0,1,1,50,0
10_4_10/os_1_com_0_time_0_rcom_0/7.txt,10,4,10,H,7,0.27,630,630,0,1,1,50,0
10_4_10/os_1_com_0_time_0_rcom_0/8.txt,10,4,10,H,8,0.07,449,449,0,1,1,50,0
10_4_10/os_1_com_0_time_0_rcom_0/9.txt,10,4,10,H,9,0.07,504,504,0,1,1,50,0
10_4_30/os_0_com_0_time_0_rcom_0/0.txt,10,4,30,L,0,0.33,1070,1070,0,1,4,412,52
10_4_30/os_0_com_0_time_0_rcom_0/1.txt,10,4,30,L,1,0.73,1216,1216,0,1,9,898,71
10_4_30/os_0_com_0_time_0_rcom_0/2.txt,10,4,30,L,2,0.43,1241,1241,0,1,4,360,13
10_4_30/os_0_com_0_time_0_rcom_0/3.txt,10,4,30,L,3,0.23,970,970,0,1,2,244,13
10_4_30/os_0_com_0_time_0_rcom_0/4.txt,10,4,30,L,4,0.62,1482,1482,0,1,4,520,17
10_4_30/os_0_com_0_time_0_rcom_0/5.txt,10,4,30,L,5,0.66,1005,1005,0,1,7,582,35
10_4_30/os_0_com_0_time_0_rcom_0/6.txt,10,4,30,L,6,0.4,1371,1371,0,1,4,381,6
10_4_30/os_0_com_0_time_0_rcom_0/7.txt,10,4,30,L,7,0.22,1252,1252,0,1,2,179,3
10_4_30/os_0_com_0_time_0_rcom_0/8.txt,10,4,30,L,8,0.64,1194,1194,0,1,2,244,16
10_4_30/os_0_com_0_time_0_rcom_0/9.txt,10,4,30,L,9,0.11,1070,1070,0,1,1,150,0
10_4_30/os_1_com_0_time_0_rcom_0/0.txt,10,4,30,H,0,0.18,1402,1402,0,1,1,150,0
10_4_30/os_1_com_0_time_0_rcom_0/1.txt,10,4,30,H,1,0.28,1798,1798,0,1,3,237,10
10_4_30/os_1_com_0_time_0_rcom_0/2.txt,10,4,30,H,2,0.72,1828,1828,0,1,3,312,15
10_4_30/os_1_com_0_time_0_rcom_0/3.txt,10,4,30,H,3,0.38,1332,1332,0,1,2,283,28
10_4_30/os_1_com_0_time_0_rcom_0/4.txt,10,4,30,H,4,0.29,1728,1728,0,1,1,150,0
10_4_30/os_1_com_0_time_0_rcom_0/5.txt,10,4,30,H,5,0.28,1531,1531,0,1,2,262,41
10_4_30/os_1_com_0_time_0_rcom_0/6.txt,10,4,30,H,6,1.01,1817,1817,0,1,2,270,0
10_4_30/os_1_com_0_time_0_rcom_0/7.txt,10,4,30,H,7,0.52,1494,1494,0,1,1,150,0
10_4_30/os_1_com_0_time_0_rcom_0/8.txt,10,4,30,H,8,0.19,1734,1734,0,1,1,120,0
10_4_30/os_1_com_0_time_0_rcom_0/9.txt,10,4,30,H,9,0.37,1561,1561,0,1,1,150,0
10_4_50/os_0_com_0_time_0_rcom_0/0.txt,10,4,50,L,0,0.39,2088,2088,0,1,2,304,4
10_4_50/os_0_com_0_time_0_rcom_0/1.txt,10,4,50,L,1,0.26,2008,2008,0,1,3,451,7
10_4_50/os_0_com_0_time_0_rcom_0/2.txt,10,4,50,L,2,0.26,1787,1787,0,1,1,250,0
10_4_50/os_0_com_0_time_0_rcom_0/3.txt,10,4,50,L,3,0.93,2080,2080,0,1,5,950,12
10_4_50/os_0_com_0_time_0_rcom_0/4.txt,10,4,50,L,4,0.29,1872,1872,0,1,2,400,2
10_4_50/os_0_com_0_time_0_rcom_0/5.txt,10,4,50,L,5,0.2,1577,1577,0,1,1,250,0
10_4_50/os_0_com_0_time_0_rcom_0/6.txt,10,4,50,L,6,0.34,2624,2624,0,1,2,399,1
10_4_50/os_0_com_0_time_0_rcom_0/7.txt,10,4,50,L,7,1.11,2273,2273,0,1,3,881,45
10_4_50/os_0_com_0_time_0_rcom_0/8.txt,10,4,50,L,8,0.71,1812,1812,0,1,3,566,55
10_4_50/os_0_com_0_time_0_rcom_0/9.txt,10,4,50,L,9,0.28,1741,1741,0,1,2,301,2
10_4_50/os_1_com_0_time_0_rcom_0/0.txt,10,4,50,H,0,0.29,3197,3197,0,1,1,200,0
10_4_50/os_1_com_0_time_0_rcom_0/1.txt,10,4,50,H,1,1.2,2793,2793,0,1,2,307,1
10_4_50/os_1_com_0_time_0_rcom_0/2.txt,10,4,50,H,2,0.53,2811,2811,0,1,2,411,12
10_4_50/os_1_com_0_time_0_rcom_0/3.txt,10,4,50,H,3,2.46,2797,2797,0,1,5,1250,143
10_4_50/os_1_com_0_time_0_rcom_0/4.txt,10,4,50,H,4,0.29,3111,3111,0,1,1,250,0
10_4_50/os_1_com_0_time_0_rcom_0/5.txt,10,4,50,H,5,1.05,2622,2622,0,1,3,466,8
10_4_50/os_1_com_0_time_0_rcom_0/6.txt,10,4,50,H,6,0.79,3327,3327,0,1,2,321,3
10_4_50/os_1_com_0_time_0_rcom_0/7.txt,10,4,50,H,7,1.99,3189,3189,0,1,3,608,30
10_4_50/os_1_com_0_time_0_rcom_0/8.txt,10,4,50,H,8,1.39,3192,3192,0,1,3,798,70
10_4_50/os_1_com_0_time_0_rcom_0/9.txt,10,4,50,H,9,0.67,2678,2678,0,1,1,200,0
10_4_100/os_0_com_0_time_0_rcom_0/0.txt,10,4,100,L,0,3.388,4277,4277,0,1,10,2680,320
10_4_100/os_0_com_0_time_0_rcom_0/1.txt,10,4,100,L,1,0.841,3809,3809,0,1,1,500,0
10_4_100/os_0_com_0_time_0_rcom_0/2.txt,10,4,100,L,2,2.686,4126,4126,0,1,1,500,0
10_4_100/os_0_com_0_time_0_rcom_0/3.txt,10,4,100,L,3,3.579,4313,4313,0,1,5,1720,51
10_4_100/os_0_com_0_time_0_rcom_0/4.txt,10,4,100,L,4,4.101,4197,4197,0,1,7,2494,310
10_4_100/os_0_com_0_time_0_rcom_0/5.txt,10,4,100,L,5,4.113,4260,4260,0,1,6,2469,228
10_4_100/os_0_com_0_time_0_rcom_0/6.txt,10,4,100,L,6,2.21,4157,4157,0,1,3,1064,136
10_4_100/os_0_com_0_time_0_rcom_0/7.txt,10,4,100,L,7,3.635,4266,4266,0,1,9,3300,475
10_4_100/os_0_com_0_time_0_rcom_0/8.txt,10,4,100,L,8,1.907,4425,4425,0,1,2,925,73
10_4_100/os_0_com_0_time_0_rcom_0/9.txt,10,4,100,L,9,2.413,4910,4910,0,1,5,1296,52
10_4_100/os_1_com_0_time_0_rcom_0/0.txt,10,4,100,H,0,3.022,7321,7321,0,1,1,500,0
10_4_100/os_1_com_0_time_0_rcom_0/1.txt,10,4,100,H,1,3.248,7239,7239,0,1,3,789,21
10_4_100/os_1_com_0_time_0_rcom_0/2.txt,10,4,100,H,2,4.663,7050,7050,0,1,2,800,0
10_4_100/os_1_com_0_time_0_rcom_0/3.txt,10,4,100,H,3,5.243,7199,7199,0,1,1,500,0
10_4_100/os_1_com_0_time_0_rcom_0/4.txt,10,4,100,H,4,8.573,6346,6346,0,1,1,500,0
10_4_100/os_1_com_0_time_0_rcom_0/5.txt,10,4,100,H,5,7.211,7100,7100,0,1,4,2207,162
10_4_100/os_1_com_0_time_0_rcom_0/6.txt,10,4,100,H,6,2.291,7282,7282,0,1,1,500,0
10_4_100/os_1_com_0_time_0_rcom_0/7.txt,10,4,100,H,7,4.792,6788,6788,0,1,2,614,2
10_4_100/os_1_com_0_time_0_rcom_0/8.txt,10,4,100,H,8,8.141,6493,6493,0,1,2,749,23
10_4_100/os_1_com_0_time_0_rcom_0/9.txt,10,4,100,H,9,5.269,8505,8505,0,1,5,2846,259
10_4_500/os_0_com_0_time_0_rcom_0/0.txt,10,4,500,L,0,23.864,21514,21514,0,1,3,6621,675
10_4_500/os_0_com_0_time_0_rcom_0/1.txt,10,4,500,L,1,4.082,18299,18299,0,1,2,2996,56
10_4_500/os_0_com_0_time_0_rcom_0/2.txt,10,4,500,L,2,71.886,21614,21614,0,1,10,15319,2099
10_4_500/os_0_com_0_time_0_rcom_0/3.txt,10,4,500,L,3,38.765,21256,21256,0,1,5,9423,1500
10_4_500/os_0_com_0_time_0_rcom_0/4.txt,10,4,500,L,4,21.436,20484,20484,0,1,2,3004,4
10_4_500/os_0_com_0_time_0_rcom_0/5.txt,10,4,500,L,5,17.289,21204,21204,0,1,2,4208,452
10_4_500/os_0_com_0_time_0_rcom_0/6.txt,10,4,500,L,6,86.129,22400,22400,0,1,14,23847,3490
10_4_500/os_0_com_0_time_0_rcom_0/7.txt,10,4,500,L,7,26.198,21062,21062,0,1,3,4549,321
10_4_500/os_0_com_0_time_0_rcom_0/8.txt,10,4,500,L,8,42.672,22658,22658,0,1,9,16392,1747
10_4_500/os_0_com_0_time_0_rcom_0/9.txt,10,4,500,L,9,37.814,24407,24407,0,1,5,9125,1016
10_4_500/os_1_com_0_time_0_rcom_0/0.txt,10,4,500,H,0,73.013,37676,37676,0,1,4,8271,431
10_4_500/os_1_com_0_time_0_rcom_0/1.txt,10,4,500,H,1,32.348,36210,36210,0,1,2,4499,83
10_4_500/os_1_com_0_time_0_rcom_0/2.txt,10,4,500,H,2,53.645,35837,35837,0,1,2,3056,8
10_4_500/os_1_com_0_time_0_rcom_0/3.txt,10,4,500,H,3,93.959,35660,35660,0,1,1,2500,0
10_4_500/os_1_com_0_time_0_rcom_0/4.txt,10,4,500,H,4,118.615,31230,31230,0,1,3,5618,114
10_4_500/os_1_com_0_time_0_rcom_0/5.txt,10,4,500,H,5,67.198,35371,35371,0,1,4,5139,21
10_4_500/os_1_com_0_time_0_rcom_0/6.txt,10,4,500,H,6,125.665,38475,38475,0,1,6,15039,1496
10_4_500/os_1_com_0_time_0_rcom_0/7.txt,10,4,500,H,7,209.835,34803,34803,0,1,11,26303,3730
10_4_500/os_1_com_0_time_0_rcom_0/8.txt,10,4,500,H,8,93.468,32029,32029,0,1,3,5395,265
10_4_500/os_1_com_0_time_0_rcom_0/9.txt,10,4,500,H,9,84.639,41996,41996,0,1,9,17854,879
10_4_1000/os_0_com_0_time_0_rcom_0/0.txt,10,4,1000,L,0,67.241,43220,43220,0,1,4,14166,515
10_4_1000/os_0_com_0_time_0_rcom_0/1.txt,10,4,1000,L,1,35.301,39746,39748,0.005,0,4,13306,2750
10_4_1000/os_0_com_0_time_0_rcom_0/2.txt,10,4,1000,L,2,125.827,42717,42717,0,1,6,19701,2713
10_4_1000/os_0_com_0_time_0_rcom_0/3.txt,10,4,1000,L,3,94.099,42400,42400,0,1,4,16114,2704
10_4_1000/os_0_com_0_time_0_rcom_0/4.txt,10,4,1000,L,4,73.933,41656,41659,0.0072,0,10,26991,3745
10_4_1000/os_0_com_0_time_0_rcom_0/5.txt,10,4,1000,L,5,86.878,42662,42662,0,1,2,9000,0
10_4_1000/os_0_com_0_time_0_rcom_0/6.txt,10,4,1000,L,6,36.979,41510,41510,0,1,2,8000,0
10_4_1000/os_0_com_0_time_0_rcom_0/7.txt,10,4,1000,L,7,121.798,42866,42866,0,1,11,36390,2731
10_4_1000/os_0_com_0_time_0_rcom_0/8.txt,10,4,1000,L,8,28.789,42434,42434,0,1,1,5000,0
10_4_1000/os_0_com_0_time_0_rcom_0/9.txt,10,4,1000,L,9,49.204,48882,48882,0,1,3,7002,3
10_4_1000/os_1_com_0_time_0_rcom_0/0.txt,10,4,1000,H,0,67.191,74299,74299,0,1,1,5000,0
10_4_1000/os_1_com_0_time_0_rcom_0/1.txt,10,4,1000,H,1,221.067,73676,73676,0,1,5,16987,645
10_4_1000/os_1_com_0_time_0_rcom_0/2.txt,10,4,1000,H,2,524.343,73062,73066,0.0055,0,7,32387,2804
10_4_1000/os_1_com_0_time_0_rcom_0/3.txt,10,4,1000,H,3,132.153,69962,69962,0,1,1,5000,0
10_4_1000/os_1_com_0_time_0_rcom_0/4.txt,10,4,1000,H,4,315.732,62903,62908,0.0079,0,11,28191,629
10_4_1000/os_1_com_0_time_0_rcom_0/5.txt,10,4,1000,H,5,125.306,70126,70126,0,1,2,6091,13
10_4_1000/os_1_com_0_time_0_rcom_0/6.txt,10,4,1000,H,6,249.84,74825,74825,0,1,6,22723,1356
10_4_1000/os_1_com_0_time_0_rcom_0/7.txt,10,4,1000,H,7,131.849,67701,67701,0,1,7,21834,1439
10_4_1000/os_1_com_0_time_0_rcom_0/8.txt,10,4,1000,H,8,105.18,63536,63536,0,1,1,5000,0
10_4_1000/os_1_com_0_time_0_rcom_0/9.txt,10,4,1000,H,9,109.837,83676,83676,0,1,3,7000,0
15_2_10/os_0_com_0_time_0_rcom_0/0.txt,15,2,10,L,0,0.51,529,529,0,1,12,605,120
15_2_10/os_0_com_0_time_0_rcom_0/1.txt,15,2,10,L,1,0.21,803,803,0,1,7,173,23
15_2_10/os_0_com_0_time_0_rcom_0/2.txt,15,2,10,L,2,0.4,871,871,0,1,7,210,38
15_2_10/os_0_com_0_time_0_rcom_0/3.txt,15,2,10,L,3,1.13,700,700,0,1,22,905,295
15_2_10/os_0_com_0_time_0_rcom_0/4.txt,15,2,10,L,4,1.05,707,707,0,1,21,1269,250
15_2_10/os_0_com_0_time_0_rcom_0/5.txt,15,2,10,L,5,0.73,658,658,0,1,18,690,188
15_2_10/os_0_com_0_time_0_rcom_0/6.txt,15,2,10,L,6,1.59,786,786,0,1,33,987,437
15_2_10/os_0_com_0_time_0_rcom_0/7.txt,15,2,10,L,7,2.6,656,656,0,1,53,2054,577
15_2_10/os_0_com_0_time_0_rcom_0/8.txt,15,2,10,L,8,1.25,612,612,0,1,33,1002,292
15_2_10/os_0_com_0_time_0_rcom_0/9.txt,15,2,10,L,9,1.12,618,618,0,1,26,1277,321
15_2_10/os_1_com_0_time_0_rcom_0/0.txt,15,2,10,H,0,0.31,959,959,0,1,5,280,26
15_2_10/os_1_com_0_time_0_rcom_0/1.txt,15,2,10,H,1,1.84,886,886,0,1,29,1575,260
15_2_10/os_1_com_0_time_0_rcom_0/2.txt,15,2,10,H,2,0.42,1125,1125,0,1,5,262,29
15_2_10/os_1_com_0_time_0_rcom_0/3.txt,15,2,10,H,3,2.64,1064,1064,0,1,40,2835,398
15_2_10/os_1_com_0_time_0_rcom_0/4.txt,15,2,10,H,4,0.49,1095,1095,0,1,10,493,59
15_2_10/os_1_com_0_time_0_rcom_0/5.txt,15,2,10,H,5,0.22,1147,1147,0,1,5,155,16
15_2_10/os_1_com_0_time_0_rcom_0/6.txt,15,2,10,H,6,3.25,1211,1211,0,1,44,3340,518
15_2_10/os_1_com_0_time_0_rcom_0/7.txt,15,2,10,H,7,0.62,910,910,0,1,5,431,53
15_2_10/os_1_com_0_time_0_rcom_0/8.txt,15,2,10,H,8,0.08,1085,1085,0,1,1,30,0
15_2_10/os_1_com_0_time_0_rcom_0/9.txt,15,2,10,H,9,0.84,994,994,0,1,16,798,88
15_2_30/os_0_com_0_time_0_rcom_0/0.txt,15,2,30,L,0,1.4,2329,2329,0,1,9,617,105
15_2_30/os_0_com_0_time_0_rcom_0/1.txt,15,2,30,L,1,2.22,2480,2480,0,1,9,619,157
15_2_30/os_0_com_0_time_0_rcom_0/2.txt,15,2,30,L,2,4,2040,2040,0,1,29,3200,1107
15_2_30/os_0_com_0_time_0_rcom_0/3.txt,15,2,30,L,3,2.93,2009,2009,0,1,17,2574,575
15_2_30/os_0_com_0_time_0_rcom_0/4.txt,15,2,30,L,4,2.91,2119,2119,0,1,23,2907,721
15_2_30/os_0_com_0_time_0_rcom_0/5.txt,15,2,30,L,5,2.14,2353,2353,0,1,13,1861,325
15_2_30/os_0_com_0_time_0_rcom_0/6.txt,15,2,30,L,6,4.19,2577,2577,0,1,30,2879,946
15_2_30/os_0_com_0_time_0_rcom_0/7.txt,15,2,30,L,7,1.8,1904,1904,0,1,15,1770,362
15_2_30/os_0_com_0_time_0_rcom_0/8.txt,15,2,30,L,8,6.59,2790,2790,0,1,31,2945,1108
15_2_30/os_0_com_0_time_0_rcom_0/9.txt,15,2,30,L,9,2.35,2393,2393,0,1,17,2380,667
15_2_30/os_1_com_0_time_0_rcom_0/0.txt,15,2,30,H,0,12.15,3184,3184,0,1,62,10564,1815
15_2_30/os_1_com_0_time_0_rcom_0/1.txt,15,2,30,H,1,2.16,3252,3252,0,1,9,1091,171
15_2_30/os_1_com_0_time_0_rcom_0/2.txt,15,2,30,H,2,0.77,3115,3115,0,1,5,617,33
15_2_30/os_1_com_0_time_0_rcom_0/3.txt,15,2,30,H,3,1.94,2799,2799,0,1,6,1058,113
15_2_30/os_1_com_0_time_0_rcom_0/4.txt,15,2,30,H,4,2.27,3577,3577,0,1,12,1599,235
15_2_30/os_1_com_0_time_0_rcom_0/5.txt,15,2,30,H,5,3.58,3187,3187,0,1,19,2608,422
15_2_30/os_1_com_0_time_0_rcom_0/6.txt,15,2,30,H,6,3.01,3113,3113,0,1,13,2209,273
15_2_30/os_1_com_0_time_0_rcom_0/7.txt,15,2,30,H,7,0.57,3183,3183,0,1,2,122,2
15_2_30/os_1_com_0_time_0_rcom_0/8.txt,15,2,30,H,8,4.97,3488,3488,0,1,16,2957,513
15_2_30/os_1_com_0_time_0_rcom_0/9.txt,15,2,30,H,9,2.3,3035,3035,0,1,7,975,175
15_2_50/os_0_com_0_time_0_rcom_0/0.txt,15,2,50,L,0,7.98,3425,3425,0,1,31,5376,1935
15_2_50/os_0_com_0_time_0_rcom_0/1.txt,15,2,50,L,1,6.29,4293,4293,0,1,26,4073,1678
15_2_50/os_0_com_0_time_0_rcom_0/2.txt,15,2,50,L,2,41.75,4465,4465,0,1,103,14234,7081
15_2_50/os_0_com_0_time_0_rcom_0/3.txt,15,2,50,L,3,1.12,3627,3627,0,1,6,858,155
15_2_50/os_0_com_0_time_0_rcom_0/4.txt,15,2,50,L,4,7.43,3461,3461,0,1,37,7941,1822
15_2_50/os_0_com_0_time_0_rcom_0/5.txt,15,2,50,L,5,2.33,3067,3067,0,1,10,1745,444
15_2_50/os_0_com_0_time_0_rcom_0/6.txt,15,2,50,L,6,4.44,3694,3694,0,1,19,3848,932
15_2_50/os_0_com_0_time_0_rcom_0/7.txt,15,2,50,L,7,7.83,4212,4212,0,1,25,6380,1448
15_2_50/os_0_com_0_time_0_rcom_0/8.txt,15,2,50,L,8,3,3587,3587,0,1,17,3273,531
15_2_50/os_0_com_0_time_0_rcom_0/9.txt,15,2,50,L,9,12.58,3174,3174,0,1,51,8193,2960
15_2_50/os_1_com_0_time_0_rcom_0/0.txt,15,2,50,H,0,3.33,4360,4360,0,1,7,1905,180
15_2_50/os_1_com_0_time_0_rcom_0/1.txt,15,2,50,H,1,3.76,6062,6062,0,1,6,1508,137
15_2_50/os_1_com_0_time_0_rcom_0/2.txt,15,2,50,H,2,27.48,6266,6266,0,1,72,23021,3562
15_2_50/os_1_com_0_time_0_rcom_0/3.txt,15,2,50,H,3,1.34,7245,7245,0,1,3,356,1
15_2_50/os_1_com_0_time_0_rcom_0/4.txt,15,2,50,H,4,3.23,4910,4910,0,1,10,1688,149
15_2_50/os_1_com_0_time_0_rcom_0/5.txt,15,2,50,H,5,7.02,4335,4335,0,1,35,6770,951
15_2_50/os_1_com_0_time_0_rcom_0/6.txt,15,2,50,H,6,1.9,6598,6598,0,1,5,840,65
15_2_50/os_1_com_0_time_0_rcom_0/7.txt,15,2,50,H,7,5.67,6691,6691,0,1,19,3717,408
15_2_50/os_1_com_0_time_0_rcom_0/8.txt,15,2,50,H,8,1.06,6068,6068,0,1,3,378,3
15_2_50/os_1_com_0_time_0_rcom_0/9.txt,15,2,50,H,9,13.03,4500,4500,0,1,25,8220,961
15_2_100/os_0_com_0_time_0_rcom_0/0.txt,15,2,100,L,0,41.707,8894,8894,0,1,48,14262,4420
15_2_100/os_0_com_0_time_0_rcom_0/1.txt,15,2,100,L,1,46.653,7957,7957,0,1,57,21316,6995
15_2_100/os_0_com_0_time_0_rcom_0/2.txt,15,2,100,L,2,10.677,7682,7682,0,1,10,2711,1154
15_2_100/os_0_com_0_time_0_rcom_0/3.txt,15,2,100,L,3,3.592,9277,9277,0,1,4,769,140
15_2_100/os_0_com_0_time_0_rcom_0/4.txt,15,2,100,L,4,60.437,9434,9434,0,1,57,19048,7213
15_2_100/os_0_com_0_time_0_rcom_0/5.txt,15,2,100,L,5,10.554,6767,6767,0,1,18,5796,1027
15_2_100/os_0_com_0_time_0_rcom_0/6.txt,15,2,100,L,6,21.564,8889,8889,0,1,20,5657,2323
15_2_100/os_0_com_0_time_0_rcom_0/7.txt,15,2,100,L,7,12.527,7277,7277,0,1,10,2826,1262
15_2_100/os_0_com_0_time_0_rcom_0/8.txt,15,2,100,L,8,13.687,7334,7334,0,1,19,6347,1460
15_2_100/os_0_com_0_time_0_rcom_0/9.txt,15,2,100,L,9,16.776,8232,8232,0,1,17,5461,1753
15_2_100/os_1_com_0_time_0_rcom_0/0.txt,15,2,100,H,0,20.175,13976,13976,0,1,17,8289,1054
15_2_100/os_1_com_0_time_0_rcom_0/1.txt,15,2,100,H,1,2.056,14179,14179,0,1,2,672,10
15_2_100/os_1_com_0_time_0_rcom_0/2.txt,15,2,100,H,2,39.403,11491,11491,0,1,18,11779,1898
15_2_100/os_1_com_0_time_0_rcom_0/3.txt,15,2,100,H,3,45.658,13569,13569,0,1,42,18664,1862
15_2_100/os_1_com_0_time_0_rcom_0/4.txt,15,2,100,H,4,40.667,13022,13022,0,1,22,13000,1570
15_2_100/os_1_com_0_time_0_rcom_0/5.txt,15,2,100,H,5,1.583,12172,12172,0,1,2,641,6
15_2_100/os_1_com_0_time_0_rcom_0/6.txt,15,2,100,H,6,39.308,13212,13212,0,1,19,13666,1674
15_2_100/os_1_com_0_time_0_rcom_0/7.txt,15,2,100,H,7,26.866,12682,12682,0,1,21,9885,1720
15_2_100/os_1_com_0_time_0_rcom_0/8.txt,15,2,100,H,8,6.569,12918,12918,0,1,4,1525,98
15_2_100/os_1_com_0_time_0_rcom_0/9.txt,15,2,100,H,9,49.575,12700,12700,0,1,54,28885,4307
15_2_500/os_0_com_0_time_0_rcom_0/0.txt,15,2,500,L,0,169.397,40628,40628,0,1,18,22445,10350
15_2_500/os_0_com_0_time_0_rcom_0/1.txt,15,2,500,L,1,620.468,41182,41182,0,1,100,172665,64754
15_2_500/os_0_com_0_time_0_rcom_0/2.txt,15,2,500,L,2,118.998,40454,40454,0,1,14,20224,10288
15_2_500/os_0_com_0_time_0_rcom_0/3.txt,15,2,500,L,3,92.78,45411,45411,0,1,11,14511,6137
15_2_500/os_0_com_0_time_0_rcom_0/4.txt,15,2,500,L,4,495.648,49005,49005,0,1,68,114815,34816
15_2_500/os_0_com_0_time_0_rcom_0/5.txt,15,2,500,L,5,41.608,34326,34326,0,1,8,16548,3090
15_2_500/os_0_com_0_time_0_rcom_0/6.txt,15,2,500,L,6,47.504,42677,42677,0,1,7,6790,1062
15_2_500/os_0_com_0_time_0_rcom_0/7.txt,15,2,500,L,7,71.417,34549,34549,0,1,11,18253,7127
15_2_500/os_0_com_0_time_0_rcom_0/8.txt,15,2,500,L,8,106.179,35051,35051,0,1,17,30717,8698
15_2_500/os_0_com_0_time_0_rcom_0/9.txt,15,2,500,L,9,49.025,39550,39550,0,1,7,11324,3322
15_2_500/os_1_com_0_time_0_rcom_0/0.txt,15,2,500,H,0,141.906,67449,67449,0,1,10,21958,2496
15_2_500/os_1_com_0_time_0_rcom_0/1.txt,15,2,500,H,1,50.805,71648,71652,0.0056,0,8,13375,609
15_2_500/os_1_com_0_time_0_rcom_0/2.txt,15,2,500,H,2,355.498,57145,57145,0,1,14,40847,4634
15_2_500/os_1_com_0_time_0_rcom_0/3.txt,15,2,500,H,3,197.436,66419,66419,0,1,8,19013,2556
15_2_500/os_1_com_0_time_0_rcom_0/4.txt,15,2,500,H,4,747.328,66208,66213,0.0076,0,41,122041,14910
15_2_500/os_1_com_0_time_0_rcom_0/5.txt,15,2,500,H,5,40.154,61825,61829,0.0065,0,7,11139,367
15_2_500/os_1_com_0_time_0_rcom_0/6.txt,15,2,500,H,6,832.19,65824,65824,0,1,42,153640,20417
15_2_500/os_1_com_0_time_0_rcom_0/7.txt,15,2,500,H,7,224.376,62142,62142,0,1,20,41691,5032
15_2_500/os_1_com_0_time_0_rcom_0/8.txt,15,2,500,H,8,134.856,64528,64528,0,1,7,17236,1400
15_2_500/os_1_com_0_time_0_rcom_0/9.txt,15,2,500,H,9,392.013,63601,63601,0,1,28,75734,10232
15_2_1000/os_0_com_0_time_0_rcom_0/0.txt,15,2,1000,L,0,484.995,85803,85803,0,1,34,113691,43888
15_2_1000/os_0_com_0_time_0_rcom_0/1.txt,15,2,1000,L,1,242.568,80686,80686,0,1,14,57675,14521
15_2_1000/os_0_com_0_time_0_rcom_0/2.txt,15,2,1000,L,2,511.955,79403,79403,0,1,22,61869,34786
15_2_1000/os_0_com_0_time_0_rcom_0/3.txt,15,2,1000,L,3,254.117,90506,90506,0,1,13,32198,13728
15_2_1000/os_0_com_0_time_0_rcom_0/4.txt,15,2,1000,L,4,1888.811,95319,95319,0,1,109,366160,130959
15_2_1000/os_0_com_0_time_0_rcom_0/5.txt,15,2,1000,L,5,196.409,68623,68623,0,1,15,54239,8809
15_2_1000/os_0_com_0_time_0_rcom_0/6.txt,15,2,1000,L,6,334.609,86411,86411,0,1,29,81243,25149
15_2_1000/os_0_com_0_time_0_rcom_0/7.txt,15,2,1000,L,7,526.374,74649,74649,0,1,38,126440,49603
15_2_1000/os_0_com_0_time_0_rcom_0/8.txt,15,2,1000,L,8,467.593,71064,71064,0,1,22,89199,27334
15_2_1000/os_0_com_0_time_0_rcom_0/9.txt,15,2,1000,L,9,108.436,77677,77677,0,1,5,13122,3275
15_2_1000/os_1_com_0_time_0_rcom_0/0.txt,15,2,1000,H,0,327.128,136347,136360,0.0095,0,4,13331,993
15_2_1000/os_1_com_0_time_0_rcom_0/1.txt,15,2,1000,H,1,309.963,142172,142172,0,1,6,17846,880
15_2_1000/os_1_com_0_time_0_rcom_0/2.txt,15,2,1000,H,2,656.551,112550,112550,0,1,7,32019,3427
15_2_1000/os_1_com_0_time_0_rcom_0/3.txt,15,2,1000,H,3,833.048,131887,131887,0,1,5,15487,1382
15_2_1000/os_1_com_0_time_0_rcom_0/4.txt,15,2,1000,H,4,2243.469,132664,132664,0,1,29,221804,28935
15_2_1000/os_1_com_0_time_0_rcom_0/5.txt,15,2,1000,H,5,77.879,122773,122780,0.0057,0,6,14976,147
15_2_1000/os_1_com_0_time_0_rcom_0/6.txt,15,2,1000,H,6,3289.979,131645,131645,0,1,50,355776,46982
15_2_1000/os_1_com_0_time_0_rcom_0/7.txt,15,2,1000,H,7,724.636,125031,125031,0,1,10,64044,8177
15_2_1000/os_1_com_0_time_0_rcom_0/8.txt,15,2,1000,H,8,346.43,127380,127380,0,1,9,34849,2402
15_2_1000/os_1_com_0_time_0_rcom_0/9.txt,15,2,1000,H,9,391.32,125220,125225,0.004,0,8,42393,5142
15_3_10/os_0_com_0_time_0_rcom_0/0.txt,15,3,10,L,0,0.54,522,522,0,1,8,447,77
15_3_10/os_0_com_0_time_0_rcom_0/1.txt,15,3,10,L,1,0.47,661,661,0,1,17,548,47
15_3_10/os_0_com_0_time_0_rcom_0/2.txt,15,3,10,L,2,0.63,519,519,0,1,11,505,135
15_3_10/os_0_com_0_time_0_rcom_0/3.txt,15,3,10,L,3,0.67,514,514,0,1,11,539,120
15_3_10/os_0_com_0_time_0_rcom_0/4.txt,15,3,10,L,4,1.27,532,532,0,1,11,547,99
15_3_10/os_0_com_0_time_0_rcom_0/5.txt,15,3,10,L,5,0.54,498,498,0,1,9,485,107
15_3_10/os_0_com_0_time_0_rcom_0/6.txt,15,3,10,L,6,0.06,559,559,0,1,1,40,0
15_3_10/os_0_com_0_time_0_rcom_0/7.txt,15,3,10,L,7,0.6,494,494,0,1,22,819,99
15_3_10/os_0_com_0_time_0_rcom_0/8.txt,15,3,10,L,8,2.18,587,587,0,1,34,1619,376
15_3_10/os_0_com_0_time_0_rcom_0/9.txt,15,3,10,L,9,3.11,547,547,0,1,64,2698,642
15_3_10/os_1_com_0_time_0_rcom_0/0.txt,15,3,10,H,0,0.37,823,823,0,1,3,96,5
15_3_10/os_1_com_0_time_0_rcom_0/1.txt,15,3,10,H,1,2.92,812,812,0,1,29,1452,200
15_3_10/os_1_com_0_time_0_rcom_0/2.txt,15,3,10,H,2,0.66,886,886,0,1,13,593,53
15_3_10/os_1_com_0_time_0_rcom_0/3.txt,15,3,10,H,3,0.64,832,832,0,1,7,324,35
15_3_10/os_1_com_0_time_0_rcom_0/4.txt,15,3,10,H,4,1.38,824,824,0,1,14,905,145
15_3_10/os_1_com_0_time_0_rcom_0/5.txt,15,3,10,H,5,0.3,853,853,0,1,6,287,22
15_3_10/os_1_com_0_time_0_rcom_0/6.txt,15,3,10,H,6,0.43,886,886,0,1,4,187,15
15_3_10/os_1_com_0_time_0_rcom_0/7.txt,15,3,10,H,7,0.3,757,757,0,1,2,87,3
15_3_10/os_1_com_0_time_0_rcom_0/8.txt,15,3,10,H,8,0.36,863,863,0,1,5,214,13
15_3_10/os_1_com_0_time_0_rcom_0/9.txt,15,3,10,H,9,1.7,844,844,0,1,16,1028,125
15_3_30/os_0_com_0_time_0_rcom_0/0.txt,15,3,30,L,0,1.55,1738,1738,0,1,4,449,38
15_3_30/os_0_com_0_time_0_rcom_0/1.txt,15,3,30,L,1,3.83,1411,1411,0,1,19,2605,589
15_3_30/os_0_com_0_time_0_rcom_0/2.txt,15,3,30,L,2,1.47,1661,1661,0,1,5,666,101
15_3_30/os_0_com_0_time_0_rcom_0/3.txt,15,3,30,L,3,1.21,1729,1729,0,1,6,705,51
15_3_30/os_0_com_0_time_0_rcom_0/4.txt,15,3,30,L,4,1.83,1706,1706,0,1,8,679,120
15_3_30/os_0_com_0_time_0_rcom_0/5.txt,15,3,30,L,5,4.54,1749,1749,0,1,41,4129,778
15_3_30/os_0_com_0_time_0_rcom_0/6.txt,15,3,30,L,6,10.62,1990,1990,0,1,68,7855,1825
15_3_30/os_0_com_0_time_0_rcom_0/7.txt,15,3,30,L,7,3.33,1620,1620,0,1,17,2082,303
15_3_30/os_0_com_0_time_0_rcom_0/8.txt,15,3,30,L,8,2.33,1697,1697,0,1,13,1718,365
15_3_30/os_0_com_0_time_0_rcom_0/9.txt,15,3,30,L,9,1.24,1471,1471,0,1,8,749,81
15_3_30/os_1_com_0_time_0_rcom_0/0.txt,15,3,30,H,0,8.5,2838,2838,0,1,28,4745,468
15_3_30/os_1_com_0_time_0_rcom_0/1.txt,15,3,30,H,1,2.19,2905,2905,0,1,7,1013,88
15_3_30/os_1_com_0_time_0_rcom_0/2.txt,15,3,30,H,2,0.73,2722,2722,0,1,3,197,3
15_3_30/os_1_com_0_time_0_rcom_0/3.txt,15,3,30,H,3,4.74,2339,2339,0,1,9,1421,113
15_3_30/os_1_com_0_time_0_rcom_0/4.txt,15,3,30,H,4,2.12,2495,2495,0,1,11,1670,159
15_3_30/os_1_com_0_time_0_rcom_0/5.txt,15,3,30,H,5,5.38,2819,2819,0,1,6,1042,98
15_3_30/os_1_com_0_time_0_rcom_0/6.txt,15,3,30,H,6,0.49,3497,3497,0,1,2,246,9
15_3_30/os_1_com_0_time_0_rcom_0/7.txt,15,3,30,H,7,2.9,2617,2617,0,1,6,1098,159
15_3_30/os_1_com_0_time_0_rcom_0/8.txt,15,3,30,H,8,0.52,2924,2924,0,1,1,120,0
15_3_30/os_1_com_0_time_0_rcom_0/9.txt,15,3,30,H,9,1.73,2174,2174,0,1,2,232,8
15_3_50/os_0_com_0_time_0_rcom_0/0.txt,15,3,50,L,0,11.8,2540,2540,0,1,27,6549,1116
15_3_50/os_0_com_0_time_0_rcom_0/1.txt,15,3,50,L,1,42.91,3407,3407,0,1,58,12546,3842
15_3_50/os_0_com_0_time_0_rcom_0/2.txt,15,3,50,L,2,0.9,2246,2246,0,1,5,757,70
15_3_50/os_0_com_0_time_0_rcom_0/3.txt,15,3,50,L,3,0.48,3146,3146,0,1,4,672,32
15_3_50/os_0_com_0_time_0_rcom_0/4.txt,15,3,50,L,4,3.46,2504,2504,0,1,8,1511,116
15_3_50/os_0_com_0_time_0_rcom_0/5.txt,15,3,50,L,5,8.12,2783,2783,0,1,17,3902,890
15_3_50/os_0_com_0_time_0_rcom_0/6.txt,15,3,50,L,6,8.79,2571,2571,0,1,29,5687,1092
15_3_50/os_0_com_0_time_0_rcom_0/7.txt,15,3,50,L,7,7.65,2993,2993,0,1,20,3924,715
15_3_50/os_0_com_0_time_0_rcom_0/8.txt,15,3,50,L,8,2.54,2466,2466,0,1,7,1715,284
15_3_50/os_0_com_0_time_0_rcom_0/9.txt,15,3,50,L,9,3.85,2626,2626,0,1,10,1919,401
15_3_50/os_1_com_0_time_0_rcom_0/0.txt,15,3,50,H,0,4.38,4148,4148,0,1,4,943,49
15_3_50/os_1_com_0_time_0_rcom_0/1.txt,15,3,50,H,1,5.43,5538,5538,0,1,4,1178,143
15_3_50/os_1_com_0_time_0_rcom_0/2.txt,15,3,50,H,2,0.87,4749,4749,0,1,1,200,0
15_3_50/os_1_com_0_time_0_rcom_0/3.txt,15,3,50,H,3,1.63,6046,6046,0,1,2,375,6
15_3_50/os_1_com_0_time_0_rcom_0/4.txt,15,3,50,H,4,5.63,4025,4025,0,1,6,1598,106
15_3_50/os_1_com_0_time_0_rcom_0/5.txt,15,3,50,H,5,6.17,4515,4515,0,1,5,1294,85
15_3_50/os_1_com_0_time_0_rcom_0/6.txt,15,3,50,H,6,2.69,5364,5364,0,1,6,1090,44
15_3_50/os_1_com_0_time_0_rcom_0/7.txt,15,3,50,H,7,9.83,5814,5814,0,1,12,3855,363
15_3_50/os_1_com_0_time_0_rcom_0/8.txt,15,3,50,H,8,2.4,5342,5342,0,1,3,471,2
15_3_50/os_1_com_0_time_0_rcom_0/9.txt,15,3,50,H,9,7.97,4014,4014,0,1,9,1972,199
15_3_100/os_0_com_0_time_0_rcom_0/0.txt,15,3,100,L,0,79.311,5688,5688,0,1,16,6415,1035
15_3_100/os_0_com_0_time_0_rcom_0/1.txt,15,3,100,L,1,33.436,6908,6908,0,1,20,10601,2121
15_3_100/os_0_com_0_time_0_rcom_0/2.txt,15,3,100,L,2,20.792,5141,5141,0,1,31,11959,3552
15_3_100/os_0_com_0_time_0_rcom_0/3.txt,15,3,100,L,3,27.473,7295,7295,0,1,40,14660,2360
15_3_100/os_0_com_0_time_0_rcom_0/4.txt,15,3,100,L,4,17.867,6103,6103,0,1,9,4282,624
15_3_100/os_0_com_0_time_0_rcom_0/5.txt,15,3,100,L,5,10.706,5958,5958,0,1,14,4683,563
15_3_100/os_0_com_0_time_0_rcom_0/6.txt,15,3,100,L,6,29.291,6965,6965,0,1,33,14219,2800
15_3_100/os_0_com_0_time_0_rcom_0/7.txt,15,3,100,L,7,13.044,5642,5642,0,1,14,5759,1138
15_3_100/os_0_com_0_time_0_rcom_0/8.txt,15,3,100,L,8,44.267,7134,7134,0,1,32,13094,3172
15_3_100/os_0_com_0_time_0_rcom_0/9.txt,15,3,100,L,9,26.985,5793,5793,0,1,43,13472,2516
15_3_100/os_1_com_0_time_0_rcom_0/0.txt,15,3,100,H,0,5.142,13173,13173,0,1,2,1011,52
15_3_100/os_1_com_0_time_0_rcom_0/1.txt,15,3,100,H,1,9.478,13530,13530,0,1,6,2410,77
15_3_100/os_1_com_0_time_0_rcom_0/2.txt,15,3,100,H,2,60.711,10141,10141,0,1,20,16541,1459
15_3_100/os_1_com_0_time_0_rcom_0/3.txt,15,3,100,H,3,13.575,14916,14916,0,1,4,3329,294
15_3_100/os_1_com_0_time_0_rcom_0/4.txt,15,3,100,H,4,38.725,11812,11812,0,1,16,7848,741
15_3_100/os_1_com_0_time_0_rcom_0/5.txt,15,3,100,H,5,18.512,11155,11155,0,1,13,6866,704
15_3_100/os_1_com_0_time_0_rcom_0/6.txt,15,3,100,H,6,74.761,12086,12086,0,1,23,13634,1177
15_3_100/os_1_com_0_time_0_rcom_0/7.txt,15,3,100,H,7,25.837,11950,11951,0.0084,0,7,4171,326
15_3_100/os_1_com_0_time_0_rcom_0/8.txt,15,3,100,H,8,26.252,12342,12342,0,1,10,5976,352
15_3_100/os_1_com_0_time_0_rcom_0/9.txt,15,3,100,H,9,16.248,9356,9356,0,1,6,2541,210
15_3_500/os_0_com_0_time_0_rcom_0/0.txt,15,3,500,L,0,136.597,29310,29310,0,1,19,36989,7322
15_3_500/os_0_com_0_time_0_rcom_0/1.txt,15,3,500,L,1,350.476,34801,34801,0,1,20,48015,9466
15_3_500/os_0_com_0_time_0_rcom_0/2.txt,15,3,500,L,2,419.215,26605,26605,0,1,35,70268,25311
15_3_500/os_0_com_0_time_0_rcom_0/3.txt,15,3,500,L,3,254.871,36033,36033,0,1,32,56180,11513
15_3_500/os_0_com_0_time_0_rcom_0/4.txt,15,3,500,L,4,296.322,30623,30623,0,1,5,15317,3056
15_3_500/os_0_com_0_time_0_rcom_0/5.txt,15,3,500,L,5,209.566,29892,29892,0,1,24,49183,8721
15_3_500/os_0_com_0_time_0_rcom_0/6.txt,15,3,500,L,6,154.646,33263,33263,0,1,13,23401,4481
15_3_500/os_0_com_0_time_0_rcom_0/7.txt,15,3,500,L,7,90.068,26990,26990,0,1,9,14465,1399
15_3_500/os_0_com_0_time_0_rcom_0/8.txt,15,3,500,L,8,478.433,34171,34171,0,1,28,54579,12723
15_3_500/os_0_com_0_time_0_rcom_0/9.txt,15,3,500,L,9,211.721,29458,29458,0,1,33,48550,8973
15_3_500/os_1_com_0_time_0_rcom_0/0.txt,15,3,500,H,0,216.604,65031,65037,0.0092,0,13,22125,992
15_3_500/os_1_com_0_time_0_rcom_0/1.txt,15,3,500,H,1,163.937,66964,66970,0.009,0,5,7113,12
15_3_500/os_1_com_0_time_0_rcom_0/2.txt,15,3,500,H,2,695.293,50056,50056,0,1,27,77455,6687
15_3_500/os_1_com_0_time_0_rcom_0/3.txt,15,3,500,H,3,379.812,70812,70819,0.0099,0,12,19126,498
15_3_500/os_1_com_0_time_0_rcom_0/4.txt,15,3,500,H,4,335.219,58715,58715,0,1,4,8173,677
15_3_500/os_1_com_0_time_0_rcom_0/5.txt,15,3,500,H,5,69.054,55464,55469,0.009,0,6,11290,187
15_3_500/os_1_com_0_time_0_rcom_0/6.txt,15,3,500,H,6,640.943,61112,61112,0,1,14,39801,3417
15_3_500/os_1_com_0_time_0_rcom_0/7.txt,15,3,500,H,7,339.479,59888,59888,0,1,10,20370,1231
15_3_500/os_1_com_0_time_0_rcom_0/8.txt,15,3,500,H,8,409.83,62355,62355,0,1,9,23432,2054
15_3_500/os_1_com_0_time_0_rcom_0/9.txt,15,3,500,H,9,169.945,46593,46593,0,1,3,4468,66
15_3_1000/os_0_com_0_time_0_rcom_0/0.txt,15,3,1000,L,0,458.75,57809,57809,0,1,9,37068,7031
15_3_1000/os_0_com_0_time_0_rcom_0/1.txt,15,3,1000,L,1,2708.148,68151,68152,0.0015,0,38,174406,31024
15_3_1000/os_0_com_0_time_0_rcom_0/2.txt,15,3,1000,L,2,842.598,52714,52714,0,1,26,117418,34170
15_3_1000/os_0_com_0_time_0_rcom_0/3.txt,15,3,1000,L,3,663.987,72238,72242,0.0055,0,27,86978,12204
15_3_1000/os_0_com_0_time_0_rcom_0/4.txt,15,3,1000,L,4,969.341,62287,62287,0,1,6,35455,4568
15_3_1000/os_0_com_0_time_0_rcom_0/5.txt,15,3,1000,L,5,198.583,56412,56412,0,1,10,29735,3356
15_3_1000/os_0_com_0_time_0_rcom_0/6.txt,15,3,1000,L,6,1832.47,69439,69439,0,1,75,252800,45104
15_3_1000/os_0_com_0_time_0_rcom_0/7.txt,15,3,1000,L,7,539.735,55291,55291,0,1,12,39551,6221
15_3_1000/os_0_com_0_time_0_rcom_0/8.txt,15,3,1000,L,8,1052.28,67461,67461,0,1,13,60256,10466
15_3_1000/os_0_com_0_time_0_rcom_0/9.txt,15,3,1000,L,9,3100.089,59027,59032,0.0085,0,43,136886,26629
15_3_1000/os_1_com_0_time_0_rcom_0/0.txt,15,3,1000,H,0,1134.962,131386,131389,0.0023,0,18,74269,5015
15_3_1000/os_1_com_0_time_0_rcom_0/1.txt,15,3,1000,H,1,525.962,134570,134583,0.0097,0,8,29549,657
15_3_1000/os_1_com_0_time_0_rcom_0/2.txt,15,3,1000,H,2,3600,99993,102294,2.2494,0,18,137396,13688
15_3_1000/os_1_com_0_time_0_rcom_0/3.txt,15,3,1000,H,3,884.931,143135,143145,0.007,0,10,37431,2537
15_3_1000/os_1_com_0_time_0_rcom_0/4.txt,15,3,1000,H,4,3600,119438,120975,1.2705,0,22,141764,14453
15_3_1000/os_1_com_0_time_0_rcom_0/5.txt,15,3,1000,H,5,789.785,111919,111926,0.0063,0,17,52403,2286
15_3_1000/os_1_com_0_time_0_rcom_0/6.txt,15,3,1000,H,6,1622.447,119422,119422,0,1,11,60299,5443
15_3_1000/os_1_com_0_time_0_rcom_0/7.txt,15,3,1000,H,7,2902.868,121629,121640,0.009,0,29,191590,14929
15_3_1000/os_1_com_0_time_0_rcom_0/8.txt,15,3,1000,H,8,1206.411,125598,125598,0,1,9,51066,3724
15_3_1000/os_1_com_0_time_0_rcom_0/9.txt,15,3,1000,H,9,712.938,95659,95661,0.0021,0,6,25934,2577
15_4_10/os_0_com_0_time_0_rcom_0/0.txt,15,4,10,L,0,0.83,483,483,0,1,6,361,48
15_4_10/os_0_com_0_time_0_rcom_0/1.txt,15,4,10,L,1,0.13,450,450,0,1,3,111,3
15_4_10/os_0_com_0_time_0_rcom_0/2.txt,15,4,10,L,2,1.01,450,450,0,1,13,481,100
15_4_10/os_0_com_0_time_0_rcom_0/3.txt,15,4,10,L,3,0.44,518,518,0,1,7,301,23
15_4_10/os_0_com_0_time_0_rcom_0/4.txt,15,4,10,L,4,0.16,565,565,0,1,1,50,0
15_4_10/os_0_com_0_time_0_rcom_0/5.txt,15,4,10,L,5,1.44,505,505,0,1,21,867,145
15_4_10/os_0_com_0_time_0_rcom_0/6.txt,15,4,10,L,6,0.11,467,467,0,1,3,134,15
15_4_10/os_0_com_0_time_0_rcom_0/7.txt,15,4,10,L,7,0.44,468,468,0,1,5,201,26
15_4_10/os_0_com_0_time_0_rcom_0/8.txt,15,4,10,L,8,0.17,680,680,0,1,3,159,9
15_4_10/os_0_com_0_time_0_rcom_0/9.txt,15,4,10,L,9,0.34,533,533,0,1,3,213,19
15_4_10/os_1_com_0_time_0_rcom_0/0.txt,15,4,10,H,0,0.34,846,846,0,1,4,183,2
15_4_10/os_1_com_0_time_0_rcom_0/1.txt,15,4,10,H,1,0.2,988,988,0,1,1,50,0
15_4_10/os_1_com_0_time_0_rcom_0/2.txt,15,4,10,H,2,0.24,829,829,0,1,1,50,0
15_4_10/os_1_com_0_time_0_rcom_0/3.txt,15,4,10,H,3,0.59,667,667,0,1,2,132,6
15_4_10/os_1_com_0_time_0_rcom_0/4.txt,15,4,10,H,4,1.54,782,782,0,1,6,277,19
15_4_10/os_1_com_0_time_0_rcom_0/5.txt,15,4,10,H,5,0.65,669,669,0,1,6,203,9
15_4_10/os_1_com_0_time_0_rcom_0/6.txt,15,4,10,H,6,2.28,824,824,0,1,33,1661,186
15_4_10/os_1_com_0_time_0_rcom_0/7.txt,15,4,10,H,7,0.14,927,927,0,1,1,50,0
15_4_10/os_1_com_0_time_0_rcom_0/8.txt,15,4,10,H,8,0.38,706,706,0,1,2,85,2
15_4_10/os_1_com_0_time_0_rcom_0/9.txt,15,4,10,H,9,1.93,894,894,0,1,12,905,79
15_4_30/os_0_com_0_time_0_rcom_0/0.txt,15,4,30,L,0,0.84,1556,1556,0,1,4,477,37
15_4_30/os_0_com_0_time_0_rcom_0/1.txt,15,4,30,L,1,2.29,1755,1755,0,1,28,2202,135
15_4_30/os_0_com_0_time_0_rcom_0/2.txt,15,4,30,L,2,5.38,1510,1510,0,1,30,3863,434
15_4_30/os_0_com_0_time_0_rcom_0/3.txt,15,4,30,L,3,3.84,1604,1604,0,1,12,1862,268
15_4_30/os_0_com_0_time_0_rcom_0/4.txt,15,4,30,L,4,0.31,1401,1401,0,1,2,245,3
15_4_30/os_0_com_0_time_0_rcom_0/5.txt,15,4,30,L,5,1.03,1409,1409,0,1,3,427,33
15_4_30/os_0_com_0_time_0_rcom_0/6.txt,15,4,30,L,6,0.91,1199,1199,0,1,2,282,10
15_4_30/os_0_com_0_time_0_rcom_0/7.txt,15,4,30,L,7,3.03,1474,1474,0,1,14,1670,214
15_4_30/os_0_com_0_time_0_rcom_0/8.txt,15,4,30,L,8,2.99,1435,1435,0,1,17,1812,152
15_4_30/os_0_com_0_time_0_rcom_0/9.txt,15,4,30,L,9,1.59,1712,1712,0,1,9,944,48
15_4_30/os_1_com_0_time_0_rcom_0/0.txt,15,4,30,H,0,6.86,2310,2310,0,1,8,1411,102
15_4_30/os_1_com_0_time_0_rcom_0/1.txt,15,4,30,H,1,0.89,2818,2818,0,1,2,260,3
15_4_30/os_1_com_0_time_0_rcom_0/2.txt,15,4,30,H,2,15.95,2263,2263,0,1,24,5338,523
15_4_30/os_1_com_0_time_0_rcom_0/3.txt,15,4,30,H,3,2.73,2264,2264,0,1,7,613,29
15_4_30/os_1_com_0_time_0_rcom_0/4.txt,15,4,30,H,4,1.65,2466,2466,0,1,1,150,0
15_4_30/os_1_com_0_time_0_rcom_0/5.txt,15,4,30,H,5,2.8,2349,2349,0,1,9,821,89
15_4_30/os_1_com_0_time_0_rcom_0/6.txt,15,4,30,H,6,4.64,1824,1824,0,1,13,1929,149
15_4_30/os_1_com_0_time_0_rcom_0/7.txt,15,4,30,H,7,1.34,2545,2545,0,1,2,257,11
15_4_30/os_1_com_0_time_0_rcom_0/8.txt,15,4,30,H,8,3.94,2246,2246,0,1,9,1424,75
15_4_30/os_1_com_0_time_0_rcom_0/9.txt,15,4,30,H,9,4.85,2132,2132,0,1,5,892,74
15_4_50/os_0_com_0_time_0_rcom_0/0.txt,15,4,50,L,0,18.71,2269,2269,0,1,30,5599,1053
15_4_50/os_0_com_0_time_0_rcom_0/1.txt,15,4,50,L,1,4,2426,2426,0,1,4,820,64
15_4_50/os_0_com_0_time_0_rcom_0/2.txt,15,4,50,L,2,2.42,2698,2698,0,1,16,3202,151
15_4_50/os_0_com_0_time_0_rcom_0/3.txt,15,4,50,L,3,1.08,2888,2888,0,1,7,1243,59
15_4_50/os_0_com_0_time_0_rcom_0/4.txt,15,4,50,L,4,5.03,2975,2975,0,1,12,2389,184
15_4_50/os_0_com_0_time_0_rcom_0/5.txt,15,4,50,L,5,10.35,2675,2675,0,1,8,1741,274
15_4_50/os_0_com_0_time_0_rcom_0/6.txt,15,4,50,L,6,0.84,1961,1961,0,1,2,470,44
15_4_50/os_0_com_0_time_0_rcom_0/7.txt,15,4,50,L,7,1.42,2221,2221,0,1,4,675,25
15_4_50/os_0_com_0_time_0_rcom_0/8.txt,15,4,50,L,8,2.45,2701,2701,0,1,3,840,64
15_4_50/os_0_com_0_time_0_rcom_0/9.txt,15,4,50,L,9,9.4,2186,2186,0,1,26,5283,1027
15_4_50/os_1_com_0_time_0_rcom_0/0.txt,15,4,50,H,0,4.15,3591,3591,0,1,2,470,6
15_4_50/os_1_com_0_time_0_rcom_0/1.txt,15,4,50,H,1,3.96,4398,4398,0,1,6,768,15
15_4_50/os_1_com_0_time_0_rcom_0/2.txt,15,4,50,H,2,2.5,4685,4685,0,1,3,647,7
15_4_50/os_1_com_0_time_0_rcom_0/3.txt,15,4,50,H,3,3.31,5193,5193,0,1,3,678,7
15_4_50/os_1_com_0_time_0_rcom_0/4.txt,15,4,50,H,4,4.28,4698,4698,0,1,3,1164,77
15_4_50/os_1_com_0_time_0_rcom_0/5.txt,15,4,50,H,5,15.24,4264,4264,0,1,14,4500,416
15_4_50/os_1_com_0_time_0_rcom_0/6.txt,15,4,50,H,6,1.47,5292,5292,0,1,1,250,0
15_4_50/os_1_com_0_time_0_rcom_0/7.txt,15,4,50,H,7,1.74,4458,4458,0,1,1,250,0
15_4_50/os_1_com_0_time_0_rcom_0/8.txt,15,4,50,H,8,1.89,4947,4947,0,1,2,440,11
15_4_50/os_1_com_0_time_0_rcom_0/9.txt,15,4,50,H,9,16.75,3314,3314,0,1,10,3413,381
15_4_100/os_0_com_0_time_0_rcom_0/0.txt,15,4,100,L,0,12.321,4837,4837,0,1,9,3299,379
15_4_100/os_0_com_0_time_0_rcom_0/1.txt,15,4,100,L,1,12.357,5655,5655,0,1,12,4323,369
15_4_100/os_0_com_0_time_0_rcom_0/2.txt,15,4,100,L,2,24.256,4460,4460,0,1,26,8872,1753
15_4_100/os_0_com_0_time_0_rcom_0/3.txt,15,4,100,L,3,3.546,6176,6176,0,1,4,1435,16
15_4_100/os_0_com_0_time_0_rcom_0/4.txt,15,4,100,L,4,10.175,4782,4782,0,1,4,1472,178
15_4_100/os_0_com_0_time_0_rcom_0/5.txt,15,4,100,L,5,14.028,5715,5715,0,1,15,4775,478
15_4_100/os_0_com_0_time_0_rcom_0/6.txt,15,4,100,L,6,9.649,5833,5833,0,1,20,5945,366
15_4_100/os_0_com_0_time_0_rcom_0/7.txt,15,4,100,L,7,30.45,5332,5332,0,1,10,4712,952
15_4_100/os_0_com_0_time_0_rcom_0/8.txt,15,4,100,L,8,14.851,5165,5165,0,1,5,3144,622
15_4_100/os_0_com_0_time_0_rcom_0/9.txt,15,4,100,L,9,10.088,4963,4963,0,1,8,2856,286
15_4_100/os_1_com_0_time_0_rcom_0/0.txt,15,4,100,H,0,8.627,11293,11293,0,1,4,1345,31
15_4_100/os_1_com_0_time_0_rcom_0/1.txt,15,4,100,H,1,11.217,12184,12184,0,1,3,1709,90
15_4_100/os_1_com_0_time_0_rcom_0/2.txt,15,4,100,H,2,16.449,9102,9102,0,1,2,1095,62
15_4_100/os_1_com_0_time_0_rcom_0/3.txt,15,4,100,H,3,9.125,12768,12768,0,1,2,1003,15
15_4_100/os_1_com_0_time_0_rcom_0/4.txt,15,4,100,H,4,13.929,9497,9497,0,1,2,1367,103
15_4_100/os_1_com_0_time_0_rcom_0/5.txt,15,4,100,H,5,5.357,10634,10634,0,1,4,1647,52
15_4_100/os_1_com_0_time_0_rcom_0/6.txt,15,4,100,H,6,10.567,10695,10696,0.0093,0,2,834,3
15_4_100/os_1_com_0_time_0_rcom_0/7.txt,15,4,100,H,7,61.127,10804,10804,0,1,10,6666,799
15_4_100/os_1_com_0_time_0_rcom_0/8.txt,15,4,100,H,8,20.398,10868,10868,0,1,4,2274,132
15_4_100/os_1_com_0_time_0_rcom_0/9.txt,15,4,100,H,9,22.781,10265,10265,0,1,4,2069,125
15_4_500/os_0_com_0_time_0_rcom_0/0.txt,15,4,500,L,0,84.193,22805,22806,0.0044,0,6,7867,288
15_4_500/os_0_com_0_time_0_rcom_0/1.txt,15,4,500,L,1,123.301,28137,28137,0,1,6,13115,1926
15_4_500/os_0_com_0_time_0_rcom_0/2.txt,15,4,500,L,2,106.354,21829,21829,0,1,32,50887,8837
15_4_500/os_0_com_0_time_0_rcom_0/3.txt,15,4,500,L,3,45.558,30384,30387,0.0099,0,3,6125,52
15_4_500/os_0_com_0_time_0_rcom_0/4.txt,15,4,500,L,4,145.429,24748,24748,0,1,3,5621,119
15_4_500/os_0_com_0_time_0_rcom_0/5.txt,15,4,500,L,5,92.43,28420,28420,0,1,5,8562,815
15_4_500/os_0_com_0_time_0_rcom_0/6.txt,15,4,500,L,6,104.118,28607,28608,0.0035,0,17,28068,2353
15_4_500/os_0_com_0_time_0_rcom_0/7.txt,15,4,500,L,7,312.152,25366,25366,0,1,6,9523,1383
15_4_500/os_0_com_0_time_0_rcom_0/8.txt,15,4,500,L,8,586.602,26491,26492,0.0038,0,15,34502,6067
15_4_500/os_0_com_0_time_0_rcom_0/9.txt,15,4,500,L,9,234.123,25179,25179,0,1,32,49205,6993
15_4_500/os_1_com_0_time_0_rcom_0/0.txt,15,4,500,H,0,130.163,57096,57096,0,1,2,4026,5
15_4_500/os_1_com_0_time_0_rcom_0/1.txt,15,4,500,H,1,217.09,61362,61362,0,1,4,10731,702
15_4_500/os_1_com_0_time_0_rcom_0/2.txt,15,4,500,H,2,309.352,45626,45626,0,1,6,12061,340
15_4_500/os_1_com_0_time_0_rcom_0/3.txt,15,4,500,H,3,115.248,63821,63821,0,1,2,6695,217
15_4_500/os_1_com_0_time_0_rcom_0/4.txt,15,4,500,H,4,316.43,48081,48084,0.0062,0,7,14588,742
15_4_500/os_1_com_0_time_0_rcom_0/5.txt,15,4,500,H,5,186.889,53049,53054,0.0094,0,7,14658,624
15_4_500/os_1_com_0_time_0_rcom_0/6.txt,15,4,500,H,6,128.997,52283,52283,0,1,2,3043,4
15_4_500/os_1_com_0_time_0_rcom_0/7.txt,15,4,500,H,7,308.986,52086,52086,0,1,4,6426,342
15_4_500/os_1_com_0_time_0_rcom_0/8.txt,15,4,500,H,8,217.151,54361,54363,0.0037,0,5,9735,224
15_4_500/os_1_com_0_time_0_rcom_0/9.txt,15,4,500,H,9,342.374,51662,51662,0,1,6,16187,1753
15_4_1000/os_0_com_0_time_0_rcom_0/0.txt,15,4,1000,L,0,393.538,47243,47243,0,1,6,23102,2776
15_4_1000/os_0_com_0_time_0_rcom_0/1.txt,15,4,1000,L,1,396.287,56306,56306,0,1,5,22438,1675
15_4_1000/os_0_com_0_time_0_rcom_0/2.txt,15,4,1000,L,2,284.479,43753,43755,0.0046,0,9,29403,4888
15_4_1000/os_0_com_0_time_0_rcom_0/3.txt,15,4,1000,L,3,193.002,61330,61335,0.0082,0,7,24926,437
15_4_1000/os_0_com_0_time_0_rcom_0/4.txt,15,4,1000,L,4,394.395,48404,48404,0,1,5,21975,4862
15_4_1000/os_0_com_0_time_0_rcom_0/5.txt,15,4,1000,L,5,474.69,57580,57580,0,1,10,33992,2734
15_4_1000/os_0_com_0_time_0_rcom_0/6.txt,15,4,1000,L,6,214.111,56752,56753,0.0018,0,8,25829,1154
15_4_1000/os_0_com_0_time_0_rcom_0/7.txt,15,4,1000,L,7,1230.513,53652,53652,0,1,13,45239,7354
15_4_1000/os_0_com_0_time_0_rcom_0/8.txt,15,4,1000,L,8,1246.643,53082,53082,0,1,32,115675,17616
15_4_1000/os_0_com_0_time_0_rcom_0/9.txt,15,4,1000,L,9,252.916,49386,49390,0.0081,0,6,20989,2486
15_4_1000/os_1_com_0_time_0_rcom_0/0.txt,15,4,1000,H,0,1179.907,113855,113861,0.0053,0,8,21586,187
15_4_1000/os_1_com_0_time_0_rcom_0/1.txt,15,4,1000,H,1,435.935,120893,120893,0,1,2,13525,460
15_4_1000/os_1_com_0_time_0_rcom_0/2.txt,15,4,1000,H,2,993.536,92601,92601,0,1,8,24727,1055
15_4_1000/os_1_com_0_time_0_rcom_0/3.txt,15,4,1000,H,3,449.755,126444,126447,0.0024,0,3,12348,758
15_4_1000/os_1_com_0_time_0_rcom_0/4.txt,15,4,1000,H,4,444.38,95393,95400,0.0073,0,3,11051,97
15_4_1000/os_1_com_0_time_0_rcom_0/5.txt,15,4,1000,H,5,818.465,106241,106246,0.0047,0,21,68233,3533
15_4_1000/os_1_com_0_time_0_rcom_0/6.txt,15,4,1000,H,6,423.278,105371,105376,0.0047,0,1,5000,0
15_4_1000/os_1_com_0_time_0_rcom_0/7.txt,15,4,1000,H,7,1784.397,105796,105805,0.0085,0,6,34265,3671
15_4_1000/os_1_com_0_time_0_rcom_0/8.txt,15,4,1000,H,8,895.28,109601,109601,0,1,7,36578,1963
15_4_1000/os_1_com_0_time_0_rcom_0/9.txt,15,4,1000,H,9,741.736,102624,102624,0,1,6,27290,2286
20_2_10/os_0_com_0_time_0_rcom_0/0.txt,20,2,10,L,0,5.04,811,811,0,1,41,1675,712
20_2_10/os_0_com_0_time_0_rcom_0/1.txt,20,2,10,L,1,6.5,927,927,0,1,60,2372,652
20_2_10/os_0_com_0_time_0_rcom_0/2.txt,20,2,10,L,2,16.65,725,725,0,1,127,4199,1974
20_2_10/os_0_com_0_time_0_rcom_0/3.txt,20,2,10,L,3,11.59,906,906,0,1,74,3189,983
20_2_10/os_0_com_0_time_0_rcom_0/4.txt,20,2,10,L,4,10.75,875,875,0,1,109,4661,1841
20_2_10/os_0_com_0_time_0_rcom_0/5.txt,20,2,10,L,5,13.03,873,873,0,1,121,5159,1859
20_2_10/os_0_com_0_time_0_rcom_0/6.txt,20,2,10,L,6,10.85,962,962,0,1,76,4041,1222
20_2_10/os_0_com_0_time_0_rcom_0/7.txt,20,2,10,L,7,5.36,717,717,0,1,51,2004,666
20_2_10/os_0_com_0_time_0_rcom_0/8.txt,20,2,10,L,8,3.98,680,680,0,1,28,1591,461
20_2_10/os_0_com_0_time_0_rcom_0/9.txt,20,2,10,L,9,2.96,1019,1019,0,1,27,1557,383
20_2_10/os_1_com_0_time_0_rcom_0/0.txt,20,2,10,H,0,0.55,1257,1257,0,1,1,30,0
20_2_10/os_1_com_0_time_0_rcom_0/1.txt,20,2,10,H,1,2.57,1055,1055,0,1,25,1523,236
20_2_10/os_1_com_0_time_0_rcom_0/2.txt,20,2,10,H,2,0.61,1281,1281,0,1,4,218,18
20_2_10/os_1_com_0_time_0_rcom_0/3.txt,20,2,10,H,3,3.9,1207,1207,0,1,24,1900,254
20_2_10/os_1_com_0_time_0_rcom_0/4.txt,20,2,10,H,4,7.58,1106,1106,0,1,61,4981,665
20_2_10/os_1_com_0_time_0_rcom_0/5.txt,20,2,10,H,5,5.45,1416,1416,0,1,35,3103,316
20_2_10/os_1_com_0_time_0_rcom_0/6.txt,20,2,10,H,6,1.05,1232,1232,0,1,10,585,75
20_2_10/os_1_com_0_time_0_rcom_0/7.txt,20,2,10,H,7,0.83,1158,1158,0,1,5,239,9
20_2_10/os_1_com_0_time_0_rcom_0/8.txt,20,2,10,H,8,4.5,1343,1343,0,1,62,2578,434
20_2_10/os_1_com_0_time_0_rcom_0/9.txt,20,2,10,H,9,5.51,1711,1711,0,1,56,3353,341
20_2_30/os_0_com_0_time_0_rcom_0/0.txt,20,2,30,L,0,187.01,2946,2946,0,1,127,13756,5503
20_2_30/os_0_com_0_time_0_rcom_0/1.txt,20,2,30,L,1,10.38,2124,2124,0,1,40,6745,1393
20_2_30/os_0_com_0_time_0_rcom_0/2.txt,20,2,30,L,2,24.36,3173,3173,0,1,44,4238,1879
20_2_30/os_0_com_0_time_0_rcom_0/3.txt,20,2,30,L,3,44.18,2727,2727,0,1,68,8536,3061
20_2_30/os_0_com_0_time_0_rcom_0/4.txt,20,2,30,L,4,38.06,2585,2585,0,1,115,14735,4608
20_2_30/os_0_com_0_time_0_rcom_0/5.txt,20,2,30,L,5,27.25,2821,2821,0,1,45,4275,1464
20_2_30/os_0_com_0_time_0_rcom_0/6.txt,20,2,30,L,6,25.21,2472,2472,0,1,37,4190,1751
20_2_30/os_0_com_0_time_0_rcom_0/7.txt,20,2,30,L,7,7.22,3343,3343,0,1,9,1042,341
20_2_30/os_0_com_0_time_0_rcom_0/8.txt,20,2,30,L,8,26.25,2711,2711,0,1,89,13748,3868
20_2_30/os_0_com_0_time_0_rcom_0/9.txt,20,2,30,L,9,41.29,3192,3192,0,1,84,11029,4051
20_2_30/os_1_com_0_time_0_rcom_0/0.txt,20,2,30,H,0,119.57,3638,3638,0,1,247,46943,9143
20_2_30/os_1_com_0_time_0_rcom_0/1.txt,20,2,30,H,1,2.95,3257,3257,0,1,11,1607,98
20_2_30/os_1_com_0_time_0_rcom_0/2.txt,20,2,30,H,2,68.23,4483,4483,0,1,86,29530,3185
20_2_30/os_1_com_0_time_0_rcom_0/3.txt,20,2,30,H,3,5.32,4127,4127,0,1,20,2810,221
20_2_30/os_1_com_0_time_0_rcom_0/4.txt,20,2,30,H,4,12.51,3961,3961,0,1,20,6460,558
20_2_30/os_1_com_0_time_0_rcom_0/5.txt,20,2,30,H,5,38.85,3859,3859,0,1,92,25668,2349
20_2_30/os_1_com_0_time_0_rcom_0/6.txt,20,2,30,H,6,55.27,3579,3579,0,1,85,28857,2893
20_2_30/os_1_com_0_time_0_rcom_0/7.txt,20,2,30,H,7,30.79,3948,3948,0,1,49,10100,2002
20_2_30/os_1_com_0_time_0_rcom_0/8.txt,20,2,30,H,8,61.81,4469,4469,0,1,86,29068,3094
20_2_30/os_1_com_0_time_0_rcom_0/9.txt,20,2,30,H,9,72.91,4681,4681,0,1,200,39077,5267
20_2_50/os_0_com_0_time_0_rcom_0/0.txt,20,2,50,L,0,83.94,4584,4584,0,1,87,17959,6766
20_2_50/os_0_com_0_time_0_rcom_0/1.txt,20,2,50,L,1,1515.7,5814,5814,0,1,115,16587,9031
20_2_50/os_0_com_0_time_0_rcom_0/2.txt,20,2,50,L,2,76.24,4724,4724,0,1,104,29024,7382
20_2_50/os_0_com_0_time_0_rcom_0/3.txt,20,2,50,L,3,77.31,4356,4356,0,1,193,37131,12483
20_2_50/os_0_com_0_time_0_rcom_0/4.txt,20,2,50,L,4,39.89,4428,4428,0,1,66,12177,4204
20_2_50/os_0_com_0_time_0_rcom_0/5.txt,20,2,50,L,5,70.48,4604,4604,0,1,128,31322,9605
20_2_50/os_0_com_0_time_0_rcom_0/6.txt,20,2,50,L,6,57.11,4761,4761,0,1,90,14148,6494
20_2_50/os_0_com_0_time_0_rcom_0/7.txt,20,2,50,L,7,78.65,5118,5118,0,1,126,26964,9697
20_2_50/os_0_com_0_time_0_rcom_0/8.txt,20,2,50,L,8,45.72,4916,4916,0,1,83,17488,6085
20_2_50/os_0_com_0_time_0_rcom_0/9.txt,20,2,50,L,9,115.41,4757,4757,0,1,239,40101,13421
20_2_50/os_1_com_0_time_0_rcom_0/0.txt,20,2,50,H,0,37.98,7052,7052,0,1,77,19433,1841
20_2_50/os_1_com_0_time_0_rcom_0/1.txt,20,2,50,H,1,378.98,8111,8111,0,1,249,129206,14576
20_2_50/os_1_com_0_time_0_rcom_0/2.txt,20,2,50,H,2,40.73,6271,6271,0,1,38,16375,1788
20_2_50/os_1_com_0_time_0_rcom_0/3.txt,20,2,50,H,3,1.49,8780,8780,0,1,2,234,2
20_2_50/os_1_com_0_time_0_rcom_0/4.txt,20,2,50,H,4,18.13,6330,6330,0,1,20,7489,630
20_2_50/os_1_com_0_time_0_rcom_0/5.txt,20,2,50,H,5,5.25,8339,8339,0,1,5,854,41
20_2_50/os_1_com_0_time_0_rcom_0/6.txt,20,2,50,H,6,36.48,6654,6654,0,1,30,10979,1205
20_2_50/os_1_com_0_time_0_rcom_0/7.txt,20,2,50,H,7,14.61,9390,9390,0,1,23,6091,309
20_2_50/os_1_com_0_time_0_rcom_0/8.txt,20,2,50,H,8,10.36,6657,6657,0,1,7,3155,312
20_2_50/os_1_com_0_time_0_rcom_0/9.txt,20,2,50,H,9,11.69,7346,7346,0,1,19,4893,600
20_2_100/os_0_com_0_time_0_rcom_0/0.txt,20,2,100,L,0,1246.534,9639,9639,0,1,94,28021,13874
20_2_100/os_0_com_0_time_0_rcom_0/1.txt,20,2,100,L,1,769.085,11109,11109,0,1,210,91983,31958
20_2_100/os_0_com_0_time_0_rcom_0/2.txt,20,2,100,L,2,1778.003,11803,11803,0,1,72,18048,9331
20_2_100/os_0_com_0_time_0_rcom_0/3.txt,20,2,100,L,3,2458.538,11938,11938,0,1,168,45756,26456
20_2_100/os_0_com_0_time_0_rcom_0/4.txt,20,2,100,L,4,480.871,10435,10435,0,1,180,57296,28298
20_2_100/os_0_com_0_time_0_rcom_0/5.txt,20,2,100,L,5,112.937,8803,8803,0,1,53,30668,8860
20_2_100/os_0_com_0_time_0_rcom_0/6.txt,20,2,100,L,6,529.249,8737,8737,0,1,159,44877,26625
20_2_100/os_0_com_0_time_0_rcom_0/7.txt,20,2,100,L,7,45.256,9596,9596,0,1,31,18024,4275
20_2_100/os_0_com_0_time_0_rcom_0/8.txt,20,2,100,L,8,222.046,8793,8793,0,1,41,15539,5877
20_2_100/os_0_com_0_time_0_rcom_0/9.txt,20,2,100,L,9,818.601,11767,11767,0,1,92,23929,14612
20_2_100/os_1_com_0_time_0_rcom_0/0.txt,20,2,100,H,0,38.829,17618,17618,0,1,20,12705,1010
20_2_100/os_1_com_0_time_0_rcom_0/1.txt,20,2,100,H,1,343.475,15403,15403,0,1,86,75859,10157
20_2_100/os_1_com_0_time_0_rcom_0/2.txt,20,2,100,H,2,76.274,20353,20355,0.0098,0,25,21907,1601
20_2_100/os_1_com_0_time_0_rcom_0/3.txt,20,2,100,H,3,3600,15827,15828,0.0063,0,913,733240,127730
20_2_100/os_1_com_0_time_0_rcom_0/4.txt,20,2,100,H,4,2193.419,16271,16271,0,1,595,388292,50394
20_2_100/os_1_com_0_time_0_rcom_0/5.txt,20,2,100,H,5,31.857,17543,17544,0.0057,0,28,11969,507
20_2_100/os_1_com_0_time_0_rcom_0/6.txt,20,2,100,H,6,17.628,17305,17306,0.0058,0,5,2748,162
20_2_100/os_1_com_0_time_0_rcom_0/7.txt,20,2,100,H,7,55.659,15481,15481,0,1,28,18484,1552
20_2_100/os_1_com_0_time_0_rcom_0/8.txt,20,2,100,H,8,51.82,14680,14681,0.0068,0,18,14950,1308
20_2_100/os_1_com_0_time_0_rcom_0/9.txt,20,2,100,H,9,72.723,17244,17244,0,1,11,9133,1111
20_2_500/os_0_com_0_time_0_rcom_0/0.txt,20,2,500,L,0,2606.446,47821,47821,0,1,95,139259,65594
20_2_500/os_0_com_0_time_0_rcom_0/1.txt,20,2,500,L,1,3600,56379,56379,0,1,385,690711,335475
20_2_500/os_0_com_0_time_0_rcom_0/2.txt,20,2,500,L,2,3600,59800,59800,0,1,63,80862,43601
20_2_500/os_0_com_0_time_0_rcom_0/3.txt,20,2,500,L,3,3600,60018,60023,0.0083,0,63,109377,36679
20_2_500/os_0_com_0_time_0_rcom_0/4.txt,20,2,500,L,4,3600,49138,53608,8.3383,0,82,140978,70413
20_2_500/os_0_com_0_time_0_rcom_0/5.txt,20,2,500,L,5,929.826,43209,43209,0,1,34,81466,25415
20_2_500/os_0_com_0_time_0_rcom_0/6.txt,20,2,500,L,6,3600,40014,45134,11.344,0,44,68481,38830
20_2_500/os_0_com_0_time_0_rcom_0/7.txt,20,2,500,L,7,1383.033,50201,50201,0,1,94,299736,59371
20_2_500/os_0_com_0_time_0_rcom_0/8.txt,20,2,500,L,8,1320.145,45209,45209,0,1,81,158553,62436
20_2_500/os_0_com_0_time_0_rcom_0/9.txt,20,2,500,L,9,3600,56299,59327,5.1039,0,66,84043,57501
20_2_500/os_1_com_0_time_0_rcom_0/0.txt,20,2,500,H,0,345.284,87590,87593,0.0034,0,7,18726,920
20_2_500/os_1_com_0_time_0_rcom_0/1.txt,20,2,500,H,1,3600,73853,78555,5.9856,0,109,502498,69436
20_2_500/os_1_com_0_time_0_rcom_0/2.txt,20,2,500,H,2,1572.833,101695,101702,0.0069,0,35,149153,11345
20_2_500/os_1_com_0_time_0_rcom_0/3.txt,20,2,500,H,3,3600,72656,79575,8.6949,0,145,613909,109153
20_2_500/os_1_com_0_time_0_rcom_0/4.txt,20,2,500,H,4,3600,75072,84401,11.0532,0,126,545877,82528
20_2_500/os_1_com_0_time_0_rcom_0/5.txt,20,2,500,H,5,87.768,85284,85292,0.0094,0,5,7237,92
20_2_500/os_1_com_0_time_0_rcom_0/6.txt,20,2,500,H,6,255.329,85536,85536,0,1,5,9226,343
20_2_500/os_1_com_0_time_0_rcom_0/7.txt,20,2,500,H,7,407.589,76592,76592,0,1,12,37430,3381
20_2_500/os_1_com_0_time_0_rcom_0/8.txt,20,2,500,H,8,775.955,75188,75190,0.0027,0,24,97353,7697
20_2_500/os_1_com_0_time_0_rcom_0/9.txt,20,2,500,H,9,3600,83772,90163,7.0883,0,134,659771,85137
20_2_1000/os_0_com_0_time_0_rcom_0/0.txt,20,2,1000,L,0,3600,89167,93391,4.5229,0,42,117196,65617
20_2_1000/os_0_com_0_time_0_rcom_0/1.txt,20,2,1000,L,1,3600,105178,116963,10.0758,0,53,255791,77496
20_2_1000/os_0_com_0_time_0_rcom_0/2.txt,20,2,1000,L,2,3600,117062,124355,5.8647,0,28,73171,37864
20_2_1000/os_0_com_0_time_0_rcom_0/3.txt,20,2,1000,L,3,3600,110788,117957,6.0776,0,37,93655,50877
20_2_1000/os_0_com_0_time_0_rcom_0/4.txt,20,2,1000,L,4,3600,99611,104487,4.6666,0,51,134747,65907
20_2_1000/os_0_com_0_time_0_rcom_0/5.txt,20,2,1000,L,5,3463.598,89560,89560,0,1,86,446572,134649
20_2_1000/os_0_com_0_time_0_rcom_0/6.txt,20,2,1000,L,6,3600,83067,91991,9.7009,0,80,250547,130672
20_2_1000/os_0_com_0_time_0_rcom_0/7.txt,20,2,1000,L,7,2187.485,100895,100895,0,1,72,453630,96617
20_2_1000/os_0_com_0_time_0_rcom_0/8.txt,20,2,1000,L,8,3600,84695,93229,9.1538,0,86,352447,148815
20_2_1000/os_0_com_0_time_0_rcom_0/9.txt,20,2,1000,L,9,3600,111289,121101,8.1023,0,27,69945,41866
20_2_1000/os_1_com_0_time_0_rcom_0/0.txt,20,2,1000,H,0,851.255,177281,177281,0,1,17,110095,6419
20_2_1000/os_1_com_0_time_0_rcom_0/1.txt,20,2,1000,H,1,3600,148347,155081,4.3422,0,46,458179,56652
20_2_1000/os_1_com_0_time_0_rcom_0/2.txt,20,2,1000,H,2,3600,203132,207325,2.0224,0,37,429141,37673
20_2_1000/os_1_com_0_time_0_rcom_0/3.txt,20,2,1000,H,3,3600,144417,155399,7.067,0,44,375313,75311
20_2_1000/os_1_com_0_time_0_rcom_0/4.txt,20,2,1000,H,4,3600,149971,163047,8.0198,0,59,527835,69251
20_2_1000/os_1_com_0_time_0_rcom_0/5.txt,20,2,1000,H,5,527.731,170545,170561,0.0094,0,12,34352,541
20_2_1000/os_1_com_0_time_0_rcom_0/6.txt,20,2,1000,H,6,967.835,169545,169558,0.0077,0,8,34297,1561
20_2_1000/os_1_com_0_time_0_rcom_0/7.txt,20,2,1000,H,7,896.298,151846,151846,0,1,19,101632,8608
20_2_1000/os_1_com_0_time_0_rcom_0/8.txt,20,2,1000,H,8,2535.09,150241,150241,0,1,33,280222,22740
20_2_1000/os_1_com_0_time_0_rcom_0/9.txt,20,2,1000,H,9,3600,167235,176418,5.2053,0,45,485892,60097
20_3_10/os_0_com_0_time_0_rcom_0/0.txt,20,3,10,L,0,4.27,617,617,0,1,34,1983,470
20_3_10/os_0_com_0_time_0_rcom_0/1.txt,20,3,10,L,1,3.13,592,592,0,1,34,2022,373
20_3_10/os_0_com_0_time_0_rcom_0/2.txt,20,3,10,L,2,0.7,489,489,0,1,12,501,88
20_3_10/os_0_com_0_time_0_rcom_0/3.txt,20,3,10,L,3,2.64,687,687,0,1,42,2122,271
20_3_10/os_0_com_0_time_0_rcom_0/4.txt,20,3,10,L,4,1.47,768,768,0,1,17,1170,168
20_3_10/os_0_com_0_time_0_rcom_0/5.txt,20,3,10,L,5,4.12,676,676,0,1,36,2146,326
20_3_10/os_0_com_0_time_0_rcom_0/6.txt,20,3,10,L,6,1.51,758,758,0,1,14,876,96
20_3_10/os_0_com_0_time_0_rcom_0/7.txt,20,3,10,L,7,1.3,604,604,0,1,21,965,131
20_3_10/os_0_com_0_time_0_rcom_0/8.txt,20,3,10,L,8,3.66,575,575,0,1,43,2893,576
20_3_10/os_0_com_0_time_0_rcom_0/9.txt,20,3,10,L,9,0.94,712,712,0,1,13,524,72
20_3_10/os_1_com_0_time_0_rcom_0/0.txt,20,3,10,H,0,3.31,1168,1168,0,1,14,1156,97
20_3_10/os_1_com_0_time_0_rcom_0/1.txt,20,3,10,H,1,1.3,1106,1106,0,1,5,301,18
20_3_10/os_1_com_0_time_0_rcom_0/2.txt,20,3,10,H,2,0.56,1333,1333,0,1,1,40,0
20_3_10/os_1_com_0_time_0_rcom_0/3.txt,20,3,10,H,3,0.22,1052,1052,0,1,1,40,0
20_3_10/os_1_com_0_time_0_rcom_0/4.txt,20,3,10,H,4,12.42,986,986,0,1,45,4792,602
20_3_10/os_1_com_0_time_0_rcom_0/5.txt,20,3,10,H,5,49.56,1177,1177,0,1,128,12527,1035
20_3_10/os_1_com_0_time_0_rcom_0/6.txt,20,3,10,H,6,2.47,1039,1039,0,1,6,522,38
20_3_10/os_1_com_0_time_0_rcom_0/7.txt,20,3,10,H,7,2.46,1130,1130,0,1,19,1251,95
20_3_10/os_1_com_0_time_0_rcom_0/8.txt,20,3,10,H,8,1.38,1094,1094,0,1,13,741,65
20_3_10/os_1_com_0_time_0_rcom_0/9.txt,20,3,10,H,9,0.44,1268,1268,0,1,2,86,2
20_3_30/os_0_com_0_time_0_rcom_0/0.txt,20,3,30,L,0,194.8,1900,1900,0,1,141,22034,7677
20_3_30/os_0_com_0_time_0_rcom_0/1.txt,20,3,30,L,1,34.98,2031,2031,0,1,141,16773,2650
20_3_30/os_0_com_0_time_0_rcom_0/2.txt,20,3,30,L,2,4.96,1795,1795,0,1,16,2584,407
20_3_30/os_0_com_0_time_0_rcom_0/3.txt,20,3,30,L,3,76.34,2096,2096,0,1,232,24503,4946
20_3_30/os_0_com_0_time_0_rcom_0/4.txt,20,3,30,L,4,51.65,2009,2009,0,1,110,14847,4057
20_3_30/os_0_com_0_time_0_rcom_0/5.txt,20,3,30,L,5,48.77,1927,1927,0,1,83,14552,3728
20_3_30/os_0_com_0_time_0_rcom_0/6.txt,20,3,30,L,6,21.8,1919,1919,0,1,79,10608,2483
20_3_30/os_0_com_0_time_0_rcom_0/7.txt,20,3,30,L,7,7.09,1839,1839,0,1,12,2131,221
20_3_30/os_0_com_0_time_0_rcom_0/8.txt,20,3,30,L,8,30.98,2263,2263,0,1,48,7278,1447
20_3_30/os_0_com_0_time_0_rcom_0/9.txt,20,3,30,L,9,7.18,1635,1635,0,1,12,2350,382
20_3_30/os_1_com_0_time_0_rcom_0/0.txt,20,3,30,H,0,78.55,2633,2633,0,1,57,12870,1392
20_3_30/os_1_com_0_time_0_rcom_0/1.txt,20,3,30,H,1,4.57,2610,2610,0,1,5,553,34
20_3_30/os_1_com_0_time_0_rcom_0/2.txt,20,3,30,H,2,19.33,3540,3540,0,1,18,4034,274
20_3_30/os_1_com_0_time_0_rcom_0/3.txt,20,3,30,H,3,7.16,3901,3901,0,1,8,1629,89
20_3_30/os_1_com_0_time_0_rcom_0/4.txt,20,3,30,H,4,86.29,3313,3313,0,1,71,19186,2252
20_3_30/os_1_com_0_time_0_rcom_0/5.txt,20,3,30,H,5,3.28,3080,3080,0,1,7,1288,70
20_3_30/os_1_com_0_time_0_rcom_0/6.txt,20,3,30,H,6,202.77,3177,3177,0,1,36,10789,1178
20_3_30/os_1_com_0_time_0_rcom_0/7.txt,20,3,30,H,7,21.97,2954,2954,0,1,26,5297,385
20_3_30/os_1_com_0_time_0_rcom_0/8.txt,20,3,30,H,8,16.41,3641,3641,0,1,11,1681,101
20_3_30/os_1_com_0_time_0_rcom_0/9.txt,20,3,30,H,9,7.35,3166,3166,0,1,37,3179,105
20_3_50/os_0_com_0_time_0_rcom_0/0.txt,20,3,50,L,0,46.2,3279,3279,0,1,57,12827,1992
20_3_50/os_0_com_0_time_0_rcom_0/1.txt,20,3,50,L,1,30.98,2810,2810,0,1,33,8299,2645
20_3_50/os_0_com_0_time_0_rcom_0/2.txt,20,3,50,L,2,9.89,3797,3797,0,1,27,6335,484
20_3_50/os_0_com_0_time_0_rcom_0/3.txt,20,3,50,L,3,20.31,2942,2942,0,1,26,6336,1155
20_3_50/os_0_com_0_time_0_rcom_0/4.txt,20,3,50,L,4,45.49,3226,3226,0,1,69,13409,2155
20_3_50/os_0_com_0_time_0_rcom_0/5.txt,20,3,50,L,5,16.15,3659,3659,0,1,16,4295,682
20_3_50/os_0_com_0_time_0_rcom_0/6.txt,20,3,50,L,6,101.1,3350,3350,0,1,94,23044,4050
20_3_50/os_0_com_0_time_0_rcom_0/7.txt,20,3,50,L,7,56.46,3296,3296,0,1,95,20768,2401
20_3_50/os_0_com_0_time_0_rcom_0/8.txt,20,3,50,L,8,37.35,3301,3301,0,1,35,10758,2052
20_3_50/os_0_com_0_time_0_rcom_0/9.txt,20,3,50,L,9,150.95,4040,4040,0,1,192,44431,9123
20_3_50/os_1_com_0_time_0_rcom_0/0.txt,20,3,50,H,0,2.73,6714,6714,0,1,2,395,3
20_3_50/os_1_com_0_time_0_rcom_0/1.txt,20,3,50,H,1,8.95,5118,5118,0,1,6,1468,71
20_3_50/os_1_com_0_time_0_rcom_0/2.txt,20,3,50,H,2,20.4,5096,5096,0,1,27,7659,508
20_3_50/os_1_com_0_time_0_rcom_0/3.txt,20,3,50,H,3,4.9,7470,7470,0,1,1,200,0
20_3_50/os_1_com_0_time_0_rcom_0/4.txt,20,3,50,H,4,56.1,5809,5809,0,1,45,18965,1130
20_3_50/os_1_com_0_time_0_rcom_0/5.txt,20,3,50,H,5,6.17,7670,7670,0,1,1,200,0
20_3_50/os_1_com_0_time_0_rcom_0/6.txt,20,3,50,H,6,8.34,5132,5132,0,1,3,322,3
20_3_50/os_1_com_0_time_0_rcom_0/7.txt,20,3,50,H,7,94.27,5645,5645,0,1,34,15492,1258
20_3_50/os_1_com_0_time_0_rcom_0/8.txt,20,3,50,H,8,48.33,5580,5580,0,1,40,18842,1455
20_3_50/os_1_com_0_time_0_rcom_0/9.txt,20,3,50,H,9,5.74,7833,7833,0,1,6,1632,98
20_3_100/os_0_com_0_time_0_rcom_0/0.txt,20,3,100,L,0,237.853,6643,6643,0,1,75,33833,12310
20_3_100/os_0_com_0_time_0_rcom_0/1.txt,20,3,100,L,1,180.325,7886,7886,0,1,61,32565,6910
20_3_100/os_0_com_0_time_0_rcom_0/2.txt,20,3,100,L,2,278.285,7771,7771,0,1,92,39812,10173
20_3_100/os_0_com_0_time_0_rcom_0/3.txt,20,3,100,L,3,438.194,7535,7535,0,1,144,68664,12247
20_3_100/os_0_com_0_time_0_rcom_0/4.txt,20,3,100,L,4,113.873,6476,6476,0,1,58,21988,4860
20_3_100/os_0_com_0_time_0_rcom_0/5.txt,20,3,100,L,5,58.662,6788,6788,0,1,23,14120,1914
20_3_100/os_0_com_0_time_0_rcom_0/6.txt,20,3,100,L,6,294.732,7401,7401,0,1,75,36814,12022
20_3_100/os_0_com_0_time_0_rcom_0/7.txt,20,3,100,L,7,448.774,8089,8089,0,1,138,81743,13170
20_3_100/os_0_com_0_time_0_rcom_0/8.txt,20,3,100,L,8,192.427,8270,8270,0,1,97,44953,9006
20_3_100/os_0_com_0_time_0_rcom_0/9.txt,20,3,100,L,9,327.358,6632,6632,0,1,131,58041,15542
20_3_100/os_1_com_0_time_0_rcom_0/0.txt,20,3,100,H,0,28.451,16812,16812,0,1,6,4090,230
20_3_100/os_1_com_0_time_0_rcom_0/1.txt,20,3,100,H,1,479.867,12429,12429,0,1,31,30311,2128
20_3_100/os_1_com_0_time_0_rcom_0/2.txt,20,3,100,H,2,27.236,20083,20083,0,1,2,914,11
20_3_100/os_1_com_0_time_0_rcom_0/3.txt,20,3,100,H,3,740.006,12919,12920,0.0077,0,41,36434,3866
20_3_100/os_1_com_0_time_0_rcom_0/4.txt,20,3,100,H,4,156.139,12721,12721,0,1,22,13609,1128
20_3_100/os_1_com_0_time_0_rcom_0/5.txt,20,3,100,H,5,13.106,18153,18153,0,1,3,1101,14
20_3_100/os_1_com_0_time_0_rcom_0/6.txt,20,3,100,H,6,95.272,16791,16792,0.006,0,13,9344,554
20_3_100/os_1_com_0_time_0_rcom_0/7.txt,20,3,100,H,7,121.524,13168,13169,0.0076,0,48,33024,2344
20_3_100/os_1_com_0_time_0_rcom_0/8.txt,20,3,100,H,8,182.146,14796,14797,0.0068,0,19,15839,1138
20_3_100/os_1_com_0_time_0_rcom_0/9.txt,20,3,100,H,9,47.908,14736,14737,0.0068,0,16,8019,251
20_3_500/os_0_com_0_time_0_rcom_0/0.txt,20,3,500,L,0,3600,32958,34215,3.6738,0,48,133775,44709
20_3_500/os_0_com_0_time_0_rcom_0/1.txt,20,3,500,L,1,3600,38348,39525,2.9779,0,64,187350,41905
20_3_500/os_0_com_0_time_0_rcom_0/2.txt,20,3,500,L,2,3600,38396,39230,2.1259,0,102,228261,72791
20_3_500/os_0_com_0_time_0_rcom_0/3.txt,20,3,500,L,3,1572.718,36487,36489,0.0055,0,69,141879,32959
20_3_500/os_0_com_0_time_0_rcom_0/4.txt,20,3,500,L,4,1241.807,32111,32114,0.0093,0,39,97482,23555
20_3_500/os_0_com_0_time_0_rcom_0/5.txt,20,3,500,L,5,932.228,34719,34719,0,1,18,52169,7297
20_3_500/os_0_com_0_time_0_rcom_0/6.txt,20,3,500,L,6,1884.204,36852,36852,0,1,57,136047,41375
20_3_500/os_0_com_0_time_0_rcom_0/7.txt,20,3,500,L,7,2020.853,38634,38634,0,1,38,122232,20936
20_3_500/os_0_com_0_time_0_rcom_0/8.txt,20,3,500,L,8,2164.539,40764,40767,0.0074,0,131,243032,55114
20_3_500/os_0_com_0_time_0_rcom_0/9.txt,20,3,500,L,9,1686.726,33720,33720,0,1,66,132801,34120
20_3_500/os_1_com_0_time_0_rcom_0/0.txt,20,3,500,H,0,480.988,83716,83724,0.0096,0,6,13320,489
20_3_500/os_1_com_0_time_0_rcom_0/1.txt,20,3,500,H,1,3600,60557,63955,5.3131,0,25,147329,16616
20_3_500/os_1_com_0_time_0_rcom_0/2.txt,20,3,500,H,2,1146.253,100618,100628,0.0099,0,41,69046,2704
20_3_500/os_1_com_0_time_0_rcom_0/3.txt,20,3,500,H,3,3600,62545,63029,0.7679,0,42,184844,16219
20_3_500/os_1_com_0_time_0_rcom_0/4.txt,20,3,500,H,4,3209.796,64649,64649,0,1,29,82919,5362
20_3_500/os_1_com_0_time_0_rcom_0/5.txt,20,3,500,H,5,511.221,91858,91865,0.0076,0,19,40035,1164
20_3_500/os_1_com_0_time_0_rcom_0/6.txt,20,3,500,H,6,3170.157,84289,84295,0.0071,0,45,153312,7843
20_3_500/os_1_com_0_time_0_rcom_0/7.txt,20,3,500,H,7,832.055,67291,67297,0.0089,0,14,35539,2096
20_3_500/os_1_com_0_time_0_rcom_0/8.txt,20,3,500,H,8,3600,74409,74839,0.5746,0,21,88715,6533
20_3_500/os_1_com_0_time_0_rcom_0/9.txt,20,3,500,H,9,233.446,72606,72608,0.0028,0,1,2000,0
20_3_1000/os_0_com_0_time_0_rcom_0/0.txt,20,3,1000,L,0,3600,65129,71287,8.6383,0,64,323455,120913
20_3_1000/os_0_com_0_time_0_rcom_0/1.txt,20,3,1000,L,1,3600,71138,77909,8.6909,0,28,209535,47751
20_3_1000/os_0_com_0_time_0_rcom_0/2.txt,20,3,1000,L,2,3600,74495,82344,9.532,0,48,251380,77905
20_3_1000/os_0_com_0_time_0_rcom_0/3.txt,20,3,1000,L,3,3600,71399,75581,5.5331,0,50,288021,75151
20_3_1000/os_0_com_0_time_0_rcom_0/4.txt,20,3,1000,L,4,3600,63483,65882,3.6414,0,43,206323,45992
20_3_1000/os_0_com_0_time_0_rcom_0/5.txt,20,3,1000,L,5,3600,68096,69137,1.5057,0,15,101018,16799
20_3_1000/os_0_com_0_time_0_rcom_0/6.txt,20,3,1000,L,6,3600,66884,77651,13.8659,0,61,340906,114779
20_3_1000/os_0_com_0_time_0_rcom_0/7.txt,20,3,1000,L,7,3600,72347,82669,12.4859,0,37,289665,52024
20_3_1000/os_0_com_0_time_0_rcom_0/8.txt,20,3,1000,L,8,688.376,78172,78172,0,1,7,32179,5957
20_3_1000/os_0_com_0_time_0_rcom_0/9.txt,20,3,1000,L,9,3600,63691,69313,8.111,0,68,363946,110868
20_3_1000/os_1_com_0_time_0_rcom_0/0.txt,20,3,1000,H,0,2652.546,167338,167354,0.0096,0,24,92109,3778
20_3_1000/os_1_com_0_time_0_rcom_0/1.txt,20,3,1000,H,1,3600,119854,124136,3.4494,0,4,42604,4502
20_3_1000/os_1_com_0_time_0_rcom_0/2.txt,20,3,1000,H,2,2580.918,201111,201129,0.0089,0,8,37143,1629
20_3_1000/os_1_com_0_time_0_rcom_0/3.txt,20,3,1000,H,3,3600,121589,130253,6.6517,0,7,82940,10564
20_3_1000/os_1_com_0_time_0_rcom_0/4.txt,20,3,1000,H,4,3600,127535,129496,1.5143,0,7,61974,6083
20_3_1000/os_1_com_0_time_0_rcom_0/5.txt,20,3,1000,H,5,1851.747,182646,182664,0.0099,0,50,197019,7871
20_3_1000/os_1_com_0_time_0_rcom_0/6.txt,20,3,1000,H,6,3600,167681,170859,1.86,0,7,100970,7929
20_3_1000/os_1_com_0_time_0_rcom_0/7.txt,20,3,1000,H,7,3600,133143,136300,2.3162,0,14,155609,12215
20_3_1000/os_1_com_0_time_0_rcom_0/8.txt,20,3,1000,H,8,3600,148055,149963,1.2723,0,24,173568,10674
20_3_1000/os_1_com_0_time_0_rcom_0/9.txt,20,3,1000,H,9,2892.163,147811,147825,0.0095,0,28,188389,9941
20_4_10/os_0_com_0_time_0_rcom_0/0.txt,20,4,10,L,0,0.98,511,511,0,1,19,888,81
20_4_10/os_0_com_0_time_0_rcom_0/1.txt,20,4,10,L,1,1.72,469,469,0,1,11,630,107
20_4_10/os_0_com_0_time_0_rcom_0/2.txt,20,4,10,L,2,0.76,487,487,0,1,9,508,54
20_4_10/os_0_com_0_time_0_rcom_0/3.txt,20,4,10,L,3,1.46,565,565,0,1,12,649,68
20_4_10/os_0_com_0_time_0_rcom_0/4.txt,20,4,10,L,4,0.47,649,649,0,1,7,396,29
20_4_10/os_0_com_0_time_0_rcom_0/5.txt,20,4,10,L,5,6.82,587,587,0,1,152,4330,676
20_4_10/os_0_com_0_time_0_rcom_0/6.txt,20,4,10,L,6,2.75,666,666,0,1,94,1903,174
20_4_10/os_0_com_0_time_0_rcom_0/7.txt,20,4,10,L,7,2.71,603,603,0,1,27,998,110
20_4_10/os_0_com_0_time_0_rcom_0/8.txt,20,4,10,L,8,2.8,503,503,0,1,21,1287,315
20_4_10/os_0_com_0_time_0_rcom_0/9.txt,20,4,10,L,9,1.32,624,624,0,1,19,989,102
20_4_10/os_1_com_0_time_0_rcom_0/0.txt,20,4,10,H,0,1.82,965,965,0,1,10,754,56
20_4_10/os_1_com_0_time_0_rcom_0/1.txt,20,4,10,H,1,4.27,832,832,0,1,9,791,77
20_4_10/os_1_com_0_time_0_rcom_0/2.txt,20,4,10,H,2,17.44,882,882,0,1,41,4669,396
20_4_10/os_1_com_0_time_0_rcom_0/3.txt,20,4,10,H,3,1.07,1182,1182,0,1,1,50,0
20_4_10/os_1_com_0_time_0_rcom_0/4.txt,20,4,10,H,4,1.36,1026,1026,0,1,8,557,34
20_4_10/os_1_com_0_time_0_rcom_0/5.txt,20,4,10,H,5,2.44,823,823,0,1,13,927,57
20_4_10/os_1_com_0_time_0_rcom_0/6.txt,20,4,10,H,6,5.82,870,870,0,1,13,1389,140
20_4_10/os_1_com_0_time_0_rcom_0/7.txt,20,4,10,H,7,0.87,1114,1114,0,1,1,50,0
20_4_10/os_1_com_0_time_0_rcom_0/8.txt,20,4,10,H,8,0.45,1092,1092,0,1,1,50,0
20_4_10/os_1_com_0_time_0_rcom_0/9.txt,20,4,10,H,9,1.46,1146,1146,0,1,4,289,25
20_4_30/os_0_com_0_time_0_rcom_0/0.txt,20,4,30,L,0,3.75,1510,1510,0,1,15,2161,237
20_4_30/os_0_com_0_time_0_rcom_0/1.txt,20,4,30,L,1,10.26,1684,1684,0,1,9,1546,174
20_4_30/os_0_com_0_time_0_rcom_0/2.txt,20,4,30,L,2,9.91,1527,1527,0,1,27,3883,454
20_4_30/os_0_com_0_time_0_rcom_0/3.txt,20,4,30,L,3,23.83,1774,1774,0,1,22,4750,1001
20_4_30/os_0_com_0_time_0_rcom_0/4.txt,20,4,30,L,4,10.91,1615,1615,0,1,19,2706,344
20_4_30/os_0_com_0_time_0_rcom_0/5.txt,20,4,30,L,5,15.9,1513,1513,0,1,14,2861,618
20_4_30/os_0_com_0_time_0_rcom_0/6.txt,20,4,30,L,6,12.03,1887,1887,0,1,41,7608,829
20_4_30/os_0_com_0_time_0_rcom_0/7.txt,20,4,30,L,7,9.21,1569,1569,0,1,19,3290,293
20_4_30/os_0_com_0_time_0_rcom_0/8.txt,20,4,30,L,8,10.98,1638,1638,0,1,16,2790,293
20_4_30/os_0_com_0_time_0_rcom_0/9.txt,20,4,30,L,9,18.79,1599,1599,0,1,25,4225,635
20_4_30/os_1_com_0_time_0_rcom_0/0.txt,20,4,30,H,0,13.38,2392,2392,0,1,6,1145,46
20_4_30/os_1_com_0_time_0_rcom_0/1.txt,20,4,30,H,1,3.76,2662,2662,0,1,2,212,2
20_4_30/os_1_com_0_time_0_rcom_0/2.txt,20,4,30,H,2,27.44,3302,3302,0,1,23,6979,419
20_4_30/os_1_com_0_time_0_rcom_0/3.txt,20,4,30,H,3,17.44,3358,3358,0,1,25,5363,329
20_4_30/os_1_com_0_time_0_rcom_0/4.txt,20,4,30,H,4,39.05,3381,3381,0,1,17,6029,483
20_4_30/os_1_com_0_time_0_rcom_0/5.txt,20,4,30,H,5,19.83,2743,2743,0,1,12,3868,298
20_4_30/os_1_com_0_time_0_rcom_0/6.txt,20,4,30,H,6,115.24,3027,3027,0,1,42,10503,865
20_4_30/os_1_com_0_time_0_rcom_0/7.txt,20,4,30,H,7,24.77,2462,2462,0,1,16,4085,258
20_4_30/os_1_com_0_time_0_rcom_0/8.txt,20,4,30,H,8,7.89,3297,3297,0,1,9,1303,56
20_4_30/os_1_com_0_time_0_rcom_0/9.txt,20,4,30,H,9,6.48,3632,3632,0,1,2,388,10
20_4_50/os_0_com_0_time_0_rcom_0/0.txt,20,4,50,L,0,47.42,3287,3287,0,1,213,25475,1578
20_4_50/os_0_com_0_time_0_rcom_0/1.txt,20,4,50,L,1,4.1,2566,2566,0,1,8,1839,146
20_4_50/os_0_com_0_time_0_rcom_0/2.txt,20,4,50,L,2,29.02,2583,2583,0,1,40,10072,1034
20_4_50/os_0_com_0_time_0_rcom_0/3.txt,20,4,50,L,3,26.74,3022,3022,0,1,11,2986,228
20_4_50/os_0_com_0_time_0_rcom_0/4.txt,20,4,50,L,4,3.3,2487,2487,0,1,6,1674,151
20_4_50/os_0_com_0_time_0_rcom_0/5.txt,20,4,50,L,5,320.19,3300,3300,0,1,81,22965,2729
20_4_50/os_0_com_0_time_0_rcom_0/6.txt,20,4,50,L,6,221.74,2929,2929,0,1,242,42063,5349
20_4_50/os_0_com_0_time_0_rcom_0/7.txt,20,4,50,L,7,9.78,2908,2908,0,1,22,4784,373
20_4_50/os_0_com_0_time_0_rcom_0/8.txt,20,4,50,L,8,9.76,2795,2795,0,1,10,2887,461
20_4_50/os_0_com_0_time_0_rcom_0/9.txt,20,4,50,L,9,24.22,2890,2890,0,1,66,13614,1440
20_4_50/os_1_com_0_time_0_rcom_0/0.txt,20,4,50,H,0,5.39,6834,6834,0,1,4,1034,41
20_4_50/os_1_com_0_time_0_rcom_0/1.txt,20,4,50,H,1,27.14,4960,4960,0,1,19,6632,409
20_4_50/os_1_com_0_time_0_rcom_0/2.txt,20,4,50,H,2,36.46,4083,4083,0,1,13,4817,325
20_4_50/os_1_com_0_time_0_rcom_0/3.txt,20,4,50,H,3,6.72,7048,7048,0,1,3,843,17
20_4_50/os_1_com_0_time_0_rcom_0/4.txt,20,4,50,H,4,14.34,4974,4974,0,1,7,2320,99
20_4_50/os_1_com_0_time_0_rcom_0/5.txt,20,4,50,H,5,12.28,7232,7232,0,1,2,585,38
20_4_50/os_1_com_0_time_0_rcom_0/6.txt,20,4,50,H,6,20.31,5095,5095,0,1,2,537,12
20_4_50/os_1_com_0_time_0_rcom_0/7.txt,20,4,50,H,7,32.2,6241,6241,0,1,24,7118,450
20_4_50/os_1_com_0_time_0_rcom_0/8.txt,20,4,50,H,8,25.64,5028,5028,0,1,18,4453,400
20_4_50/os_1_com_0_time_0_rcom_0/9.txt,20,4,50,H,9,7.55,6139,6139,0,1,4,645,8
20_4_100/os_0_com_0_time_0_rcom_0/0.txt,20,4,100,L,0,72.018,4958,4958,0,1,13,6817,1382
20_4_100/os_0_com_0_time_0_rcom_0/1.txt,20,4,100,L,1,151.123,6813,6813,0,1,58,25987,3315
20_4_100/os_0_com_0_time_0_rcom_0/2.txt,20,4,100,L,2,218.882,6058,6058,0,1,46,25336,2790
20_4_100/os_0_com_0_time_0_rcom_0/3.txt,20,4,100,L,3,21.632,6061,6061,0,1,13,6773,708
20_4_100/os_0_com_0_time_0_rcom_0/4.txt,20,4,100,L,4,37.172,5728,5728,0,1,13,6126,676
20_4_100/os_0_com_0_time_0_rcom_0/5.txt,20,4,100,L,5,52.868,6637,6637,0,1,18,9538,1128
20_4_100/os_0_com_0_time_0_rcom_0/6.txt,20,4,100,L,6,652.096,5485,5485,0,1,62,26507,6006
20_4_100/os_0_com_0_time_0_rcom_0/7.txt,20,4,100,L,7,254.885,6810,6810,0,1,44,30207,3326
20_4_100/os_0_com_0_time_0_rcom_0/8.txt,20,4,100,L,8,74.402,6534,6534,0,1,17,8403,1410
20_4_100/os_0_com_0_time_0_rcom_0/9.txt,20,4,100,L,9,72.529,6433,6433,0,1,64,25612,3367
20_4_100/os_1_com_0_time_0_rcom_0/0.txt,20,4,100,H,0,62.136,13858,13858,0,1,6,3604,171
20_4_100/os_1_com_0_time_0_rcom_0/1.txt,20,4,100,H,1,615.143,11631,11632,0.0086,0,14,18045,1335
20_4_100/os_1_com_0_time_0_rcom_0/2.txt,20,4,100,H,2,36.245,18017,18017,0,1,1,500,0
20_4_100/os_1_com_0_time_0_rcom_0/3.txt,20,4,100,H,3,130.883,11185,11186,0.0089,0,23,15656,930
20_4_100/os_1_com_0_time_0_rcom_0/4.txt,20,4,100,H,4,106.308,11985,11985,0,1,5,3846,241
20_4_100/os_1_com_0_time_0_rcom_0/5.txt,20,4,100,H,5,27.626,15577,15577,0,1,10,6071,259
20_4_100/os_1_com_0_time_0_rcom_0/6.txt,20,4,100,H,6,93.901,14544,14544,0,1,10,8713,388
20_4_100/os_1_com_0_time_0_rcom_0/7.txt,20,4,100,H,7,49.426,13969,13969,0,1,12,6423,193
20_4_100/os_1_com_0_time_0_rcom_0/8.txt,20,4,100,H,8,1161.977,13238,13239,0.0076,0,33,32983,2361
20_4_100/os_1_com_0_time_0_rcom_0/9.txt,20,4,100,H,9,18.308,14960,14960,0,1,7,2835,43
20_4_500/os_0_com_0_time_0_rcom_0/0.txt,20,4,500,L,0,373.521,24557,24557,0,1,8,16320,2203
20_4_500/os_0_com_0_time_0_rcom_0/1.txt,20,4,500,L,1,3600,34537,35497,2.7045,0,20,82080,17096
20_4_500/os_0_com_0_time_0_rcom_0/2.txt,20,4,500,L,2,3600,29297,30456,3.8055,0,31,96034,16239
20_4_500/os_0_com_0_time_0_rcom_0/3.txt,20,4,500,L,3,809.697,30639,30641,0.0065,0,52,92410,6305
20_4_500/os_0_com_0_time_0_rcom_0/4.txt,20,4,500,L,4,826.406,29704,29705,0.0034,0,19,44002,4154
20_4_500/os_0_com_0_time_0_rcom_0/5.txt,20,4,500,L,5,635.709,33485,33485,0,1,11,33329,3065
20_4_500/os_0_com_0_time_0_rcom_0/6.txt,20,4,500,L,6,3600,25985,27588,5.8105,0,26,74621,22757
20_4_500/os_0_com_0_time_0_rcom_0/7.txt,20,4,500,L,7,790.773,32634,32636,0.0061,0,10,32506,3941
20_4_500/os_0_com_0_time_0_rcom_0/8.txt,20,4,500,L,8,3527.242,32000,32001,0.0031,0,59,143160,23379
20_4_500/os_0_com_0_time_0_rcom_0/9.txt,20,4,500,L,9,1416.079,32068,32070,0.0062,0,74,135857,14069
20_4_500/os_1_com_0_time_0_rcom_0/0.txt,20,4,500,H,0,483.017,69669,69672,0.0043,0,2,4174,17
20_4_500/os_1_com_0_time_0_rcom_0/1.txt,20,4,500,H,1,3600,56994,58184,2.0452,0,11,45947,3187
20_4_500/os_1_com_0_time_0_rcom_0/2.txt,20,4,500,H,2,1000.948,90428,90428,0,1,1,2500,0
20_4_500/os_1_com_0_time_0_rcom_0/3.txt,20,4,500,H,3,845.894,55671,55672,0.0018,0,5,13405,729
20_4_500/os_1_com_0_time_0_rcom_0/4.txt,20,4,500,H,4,2747.322,60751,60751,0,1,5,12371,586
20_4_500/os_1_com_0_time_0_rcom_0/5.txt,20,4,500,H,5,614.03,78388,78388,0,1,9,18390,312
20_4_500/os_1_com_0_time_0_rcom_0/6.txt,20,4,500,H,6,2840.858,73379,73379,0,1,14,56193,3163
20_4_500/os_1_com_0_time_0_rcom_0/7.txt,20,4,500,H,7,849.695,69077,69077,0,1,16,26825,302
20_4_500/os_1_com_0_time_0_rcom_0/8.txt,20,4,500,H,8,1455.801,63792,63798,0.0094,0,7,14877,645
20_4_500/os_1_com_0_time_0_rcom_0/9.txt,20,4,500,H,9,1038.877,76064,76071,0.0092,0,7,15992,319
20_4_1000/os_0_com_0_time_0_rcom_0/0.txt,20,4,1000,L,0,3600,51341,53255,3.594,0,32,161099,28739
20_4_1000/os_0_com_0_time_0_rcom_0/1.txt,20,4,1000,L,1,3600,66658,72167,7.6337,0,21,146199,30424
20_4_1000/os_0_com_0_time_0_rcom_0/2.txt,20,4,1000,L,2,3600,57354,61505,6.749,0,13,105249,17339
20_4_1000/os_0_com_0_time_0_rcom_0/3.txt,20,4,1000,L,3,2380.126,61605,61611,0.0097,0,57,203525,19617
20_4_1000/os_0_com_0_time_0_rcom_0/4.txt,20,4,1000,L,4,1187.091,58035,58040,0.0086,0,8,41272,4163
20_4_1000/os_0_com_0_time_0_rcom_0/5.txt,20,4,1000,L,5,3600,66407,69007,3.7677,0,26,184434,28173
20_4_1000/os_0_com_0_time_0_rcom_0/6.txt,20,4,1000,L,6,3600,50349,55312,8.9727,0,14,84744,24304
20_4_1000/os_0_com_0_time_0_rcom_0/7.txt,20,4,1000,L,7,3600,66508,68611,3.0651,0,19,124132,19163
20_4_1000/os_0_com_0_time_0_rcom_0/8.txt,20,4,1000,L,8,3600,61714,66551,7.2681,0,13,98619,19952
20_4_1000/os_0_com_0_time_0_rcom_0/9.txt,20,4,1000,L,9,3600,63982,66183,3.3256,0,24,137177,28141
20_4_1000/os_1_com_0_time_0_rcom_0/0.txt,20,4,1000,H,0,3554.085,140120,140120,0,1,5,28742,813
20_4_1000/os_1_com_0_time_0_rcom_0/1.txt,20,4,1000,H,1,3600,112290,116069,3.2558,0,6,49520,2682
20_4_1000/os_1_com_0_time_0_rcom_0/2.txt,20,4,1000,H,2,2604.277,181360,181360,0,1,2,12599,310
20_4_1000/os_1_com_0_time_0_rcom_0/3.txt,20,4,1000,H,3,3600,110932,111821,0.795,0,7,49682,2673
20_4_1000/os_1_com_0_time_0_rcom_0/4.txt,20,4,1000,H,4,3600,119747,120798,0.87,0,4,39386,3737
20_4_1000/os_1_com_0_time_0_rcom_0/5.txt,20,4,1000,H,5,2801.439,160866,160866,0,1,6,71106,5554
20_4_1000/os_1_com_0_time_0_rcom_0/6.txt,20,4,1000,H,6,3600,143963,144383,0.2909,0,3,11837,222
20_4_1000/os_1_com_0_time_0_rcom_0/7.txt,20,4,1000,H,7,3600,138470,139626,0.8279,0,2,24677,1011
20_4_1000/os_1_com_0_time_0_rcom_0/8.txt,20,4,1000,H,8,3600,127527,128501,0.758,0,3,34653,2258
20_4_1000/os_1_com_0_time_0_rcom_0/9.txt,20,4,1000,H,9,2313.463,152969,152984,0.0098,0,12,42194,976
25_2_10/os_0_com_0_time_0_rcom_0/0.txt,25,2,10,L,0,7.77,922,922,0,1,44,1793,710
25_2_10/os_0_com_0_time_0_rcom_0/1.txt,25,2,10,L,1,9.72,1084,1084,0,1,39,3159,537
25_2_10/os_0_com_0_time_0_rcom_0/2.txt,25,2,10,L,2,19.53,1015,1015,0,1,124,8582,1745
25_2_10/os_0_com_0_time_0_rcom_0/3.txt,25,2,10,L,3,256.52,1008,1008,0,1,222,10661,3901
25_2_10/os_0_com_0_time_0_rcom_0/4.txt,25,2,10,L,4,62.15,1166,1166,0,1,178,9794,2519
25_2_10/os_0_com_0_time_0_rcom_0/5.txt,25,2,10,L,5,3280.25,1072,1072,0,1,1617,50593,29897
25_2_10/os_0_com_0_time_0_rcom_0/6.txt,25,2,10,L,6,7.25,916,916,0,1,31,3165,356
25_2_10/os_0_com_0_time_0_rcom_0/7.txt,25,2,10,L,7,124.57,1058,1058,0,1,56,2044,949
25_2_10/os_0_com_0_time_0_rcom_0/8.txt,25,2,10,L,8,98.19,1046,1046,0,1,177,7306,2647
25_2_10/os_0_com_0_time_0_rcom_0/9.txt,25,2,10,L,9,222.58,1043,1043,0,1,503,23049,8709
25_2_10/os_1_com_0_time_0_rcom_0/0.txt,25,2,10,H,0,35.17,1447,1447,0,1,136,14630,1581
25_2_10/os_1_com_0_time_0_rcom_0/1.txt,25,2,10,H,1,2.25,1960,1960,0,1,7,409,38
25_2_10/os_1_com_0_time_0_rcom_0/2.txt,25,2,10,H,2,32.6,1508,1508,0,1,98,14585,1254
25_2_10/os_1_com_0_time_0_rcom_0/3.txt,25,2,10,H,3,39.52,1554,1554,0,1,124,17022,1297
25_2_10/os_1_com_0_time_0_rcom_0/4.txt,25,2,10,H,4,20.36,1802,1802,0,1,125,9929,1034
25_2_10/os_1_com_0_time_0_rcom_0/5.txt,25,2,10,H,5,51.49,1546,1546,0,1,156,20800,1611
25_2_10/os_1_com_0_time_0_rcom_0/6.txt,25,2,10,H,6,3.62,1562,1562,0,1,14,1895,98
25_2_10/os_1_com_0_time_0_rcom_0/7.txt,25,2,10,H,7,6.52,1844,1844,0,1,38,2703,146
25_2_10/os_1_com_0_time_0_rcom_0/8.txt,25,2,10,H,8,4.36,1387,1387,0,1,22,1542,79
25_2_10/os_1_com_0_time_0_rcom_0/9.txt,25,2,10,H,9,5.16,1540,1540,0,1,19,1793,136
25_2_30/os_0_com_0_time_0_rcom_0/0.txt,25,2,30,L,0,219.3,2716,2716,0,1,227,34483,11155
25_2_30/os_0_com_0_time_0_rcom_0/1.txt,25,2,30,L,1,525.53,2803,2803,0,1,308,41858,14829
25_2_30/os_0_com_0_time_0_rcom_0/2.txt,25,2,30,L,2,336.87,3741,3741,0,1,252,32918,12576
25_2_30/os_0_com_0_time_0_rcom_0/3.txt,25,2,30,L,3,1765.15,3437,3437,0,1,129,10831,6317
25_2_30/os_0_com_0_time_0_rcom_0/4.txt,25,2,30,L,4,103.24,4137,4137,0,1,37,2960,1257
25_2_30/os_0_com_0_time_0_rcom_0/5.txt,25,2,30,L,5,533.89,3609,3609,0,1,56,4972,2828
25_2_30/os_0_com_0_time_0_rcom_0/6.txt,25,2,30,L,6,1632.78,3657,3657,0,1,790,170469,37100
25_2_30/os_0_com_0_time_0_rcom_0/7.txt,25,2,30,L,7,587.7,3386,3386,0,1,338,95950,18095
25_2_30/os_0_com_0_time_0_rcom_0/8.txt,25,2,30,L,8,3601.78,3818,3956,3.4884,0,1264,110508,62612
25_2_30/os_0_com_0_time_0_rcom_0/9.txt,25,2,30,L,9,3600.58,3016,3067,1.6629,0,1025,124613,57742
25_2_30/os_1_com_0_time_0_rcom_0/0.txt,25,2,30,H,0,36.26,4203,4203,0,1,20,8370,686
25_2_30/os_1_com_0_time_0_rcom_0/1.txt,25,2,30,H,1,90.61,4131,4131,0,1,144,31172,2615
25_2_30/os_1_com_0_time_0_rcom_0/2.txt,25,2,30,H,2,1601.97,5392,5392,0,1,649,284375,25748
25_2_30/os_1_com_0_time_0_rcom_0/3.txt,25,2,30,H,3,396.84,4197,4197,0,1,313,90664,13401
25_2_30/os_1_com_0_time_0_rcom_0/4.txt,25,2,30,H,4,3300.38,5242,5242,0,1,1320,561302,58562
25_2_30/os_1_com_0_time_0_rcom_0/5.txt,25,2,30,H,5,1656.62,4698,4698,0,1,1472,285196,58299
25_2_30/os_1_com_0_time_0_rcom_0/6.txt,25,2,30,H,6,82.8,6236,6236,0,1,92,28819,2111
25_2_30/os_1_com_0_time_0_rcom_0/7.txt,25,2,30,H,7,36.36,5148,5148,0,1,27,9875,621
25_2_30/os_1_com_0_time_0_rcom_0/8.txt,25,2,30,H,8,97.51,6171,6171,0,1,122,31522,3044
25_2_30/os_1_com_0_time_0_rcom_0/9.txt,25,2,30,H,9,4.97,5660,5660,0,1,2,197,1
25_2_50/os_0_com_0_time_0_rcom_0/0.txt,25,2,50,L,0,2568.32,5057,5057,0,1,440,100037,36040
25_2_50/os_0_com_0_time_0_rcom_0/1.txt,25,2,50,L,1,3399.68,7356,7356,0,1,102,16833,6678
25_2_50/os_0_com_0_time_0_rcom_0/2.txt,25,2,50,L,2,508.85,4702,4702,0,1,453,112774,30471
25_2_50/os_0_com_0_time_0_rcom_0/3.txt,25,2,50,L,3,3603.18,4774,4968,3.905,0,478,86116,41066
25_2_50/os_0_com_0_time_0_rcom_0/4.txt,25,2,50,L,4,1498.93,6061,6061,0,1,603,106054,53215
25_2_50/os_0_com_0_time_0_rcom_0/5.txt,25,2,50,L,5,1117.07,4731,4731,0,1,528,206672,44642
25_2_50/os_0_com_0_time_0_rcom_0/6.txt,25,2,50,L,6,3235.27,5696,5696,0,1,441,84666,40109
25_2_50/os_0_com_0_time_0_rcom_0/7.txt,25,2,50,L,7,303.31,5365,5365,0,1,54,7693,3996
25_2_50/os_0_com_0_time_0_rcom_0/8.txt,25,2,50,L,8,1752.93,5524,5524,0,1,855,243776,71447
25_2_50/os_0_com_0_time_0_rcom_0/9.txt,25,2,50,L,9,857.89,5525,5525,0,1,279,68716,23318
25_2_50/os_1_com_0_time_0_rcom_0/0.txt,25,2,50,H,0,56.87,8423,8423,0,1,72,18083,1603
25_2_50/os_1_com_0_time_0_rcom_0/1.txt,25,2,50,H,1,3600.11,9239,9861,6.3077,0,1297,720238,94876
25_2_50/os_1_com_0_time_0_rcom_0/2.txt,25,2,50,H,2,6.33,7196,7196,0,1,2,222,1
25_2_50/os_1_com_0_time_0_rcom_0/3.txt,25,2,50,H,3,575.01,7212,7212,0,1,188,129685,12969
25_2_50/os_1_com_0_time_0_rcom_0/4.txt,25,2,50,H,4,3600.14,8540,8773,2.6559,0,1659,786091,91304
25_2_50/os_1_com_0_time_0_rcom_0/5.txt,25,2,50,H,5,30.6,6812,6812,0,1,23,9600,541
25_2_50/os_1_com_0_time_0_rcom_0/6.txt,25,2,50,H,6,46.97,8924,8924,0,1,22,9268,683
25_2_50/os_1_com_0_time_0_rcom_0/7.txt,25,2,50,H,7,115.78,7252,7252,0,1,41,29245,2573
25_2_50/os_1_com_0_time_0_rcom_0/8.txt,25,2,50,H,8,245.42,8346,8346,0,1,99,53167,4757
25_2_50/os_1_com_0_time_0_rcom_0/9.txt,25,2,50,H,9,15.4,10189,10189,0,1,3,1125,78
25_2_100/os_0_com_0_time_0_rcom_0/0.txt,25,2,100,L,0,608.179,11317,11317,0,1,63,16055,10385
25_2_100/os_0_com_0_time_0_rcom_0/1.txt,25,2,100,L,1,3600,12905,13892,7.1048,0,46,12513,6956
25_2_100/os_0_com_0_time_0_rcom_0/2.txt,25,2,100,L,2,3600,14498,15243,4.8875,0,21,5224,3154
25_2_100/os_0_com_0_time_0_rcom_0/3.txt,25,2,100,L,3,1132.032,11739,11739,0,1,82,27337,14006
25_2_100/os_0_com_0_time_0_rcom_0/4.txt,25,2,100,L,4,3600,10452,10735,2.6362,0,200,53144,33245
25_2_100/os_0_com_0_time_0_rcom_0/5.txt,25,2,100,L,5,3600,10504,10934,3.9327,0,61,26092,9013
25_2_100/os_0_com_0_time_0_rcom_0/6.txt,25,2,100,L,6,1558.624,9978,9978,0,1,124,62996,20641
25_2_100/os_0_com_0_time_0_rcom_0/7.txt,25,2,100,L,7,3600,12224,13246,7.7155,0,107,48971,19760
25_2_100/os_0_com_0_time_0_rcom_0/8.txt,25,2,100,L,8,3600,11195,11694,4.2671,0,49,10648,7930
25_2_100/os_0_com_0_time_0_rcom_0/9.txt,25,2,100,L,9,1262.807,10676,10676,0,1,24,5561,4411
25_2_100/os_1_com_0_time_0_rcom_0/0.txt,25,2,100,H,0,198.649,17996,17996,0,1,53,52790,4486
25_2_100/os_1_com_0_time_0_rcom_0/1.txt,25,2,100,H,1,3600,18761,19777,5.1373,0,360,513867,57804
25_2_100/os_1_com_0_time_0_rcom_0/2.txt,25,2,100,H,2,3600,16455,19054,13.6402,0,849,495125,142061
25_2_100/os_1_com_0_time_0_rcom_0/3.txt,25,2,100,H,3,30.858,22196,22196,0,1,4,2792,176
25_2_100/os_1_com_0_time_0_rcom_0/4.txt,25,2,100,H,4,81.876,19984,19984,0,1,31,16884,1162
25_2_100/os_1_com_0_time_0_rcom_0/5.txt,25,2,100,H,5,1141.633,16855,16856,0.0059,0,120,122454,15577
25_2_100/os_1_com_0_time_0_rcom_0/6.txt,25,2,100,H,6,439.813,18458,18459,0.0054,0,108,142418,9343
25_2_100/os_1_com_0_time_0_rcom_0/7.txt,25,2,100,H,7,3600,17692,17734,0.2368,0,496,443257,51197
25_2_100/os_1_com_0_time_0_rcom_0/8.txt,25,2,100,H,8,143.815,25316,25317,0.0039,0,41,54779,3076
25_2_100/os_1_com_0_time_0_rcom_0/9.txt,25,2,100,H,9,109.969,21376,21378,0.0094,0,32,21925,1049
25_2_500/os_0_com_0_time_0_rcom_0/0.txt,25,2,500,L,0,3600,57828,63273,8.6056,0,35,69768,25312
25_2_500/os_0_com_0_time_0_rcom_0/1.txt,25,2,500,L,1,3600,63717,71092,10.3739,0,4,4943,3942
25_2_500/os_0_com_0_time_0_rcom_0/2.txt,25,2,500,L,2,3600,71164,77795,8.5237,0,11,16071,7616
25_2_500/os_0_com_0_time_0_rcom_0/3.txt,25,2,500,L,3,3600,56373,62772,10.194,0,25,43959,19025
25_2_500/os_0_com_0_time_0_rcom_0/4.txt,25,2,500,L,4,3600,50486,56454,10.5714,0,34,45675,31784
25_2_500/os_0_com_0_time_0_rcom_0/5.txt,25,2,500,L,5,2184.197,54357,54357,0,1,43,90080,34817
25_2_500/os_0_com_0_time_0_rcom_0/6.txt,25,2,500,L,6,3600,47090,52917,11.0116,0,47,120628,42527
25_2_500/os_0_com_0_time_0_rcom_0/7.txt,25,2,500,L,7,3600,62177,66820,6.9485,0,26,43603,22250
25_2_500/os_0_com_0_time_0_rcom_0/8.txt,25,2,500,L,8,3600,55697,59587,6.5283,0,15,17381,13048
25_2_500/os_0_com_0_time_0_rcom_0/9.txt,25,2,500,L,9,3600,51143,52449,2.49,0,8,6476,2607
25_2_500/os_1_com_0_time_0_rcom_0/0.txt,25,2,500,H,0,3600,91222,97186,6.1367,0,71,455284,50743
25_2_500/os_1_com_0_time_0_rcom_0/1.txt,25,2,500,H,1,3600,91216,102627,11.1189,0,12,81724,10632
25_2_500/os_1_com_0_time_0_rcom_0/2.txt,25,2,500,H,2,3600,77501,92808,16.4932,0,96,347131,83989
25_2_500/os_1_com_0_time_0_rcom_0/3.txt,25,2,500,H,3,1064.401,113681,113682,0.0009,0,12,44215,3087
25_2_500/os_1_com_0_time_0_rcom_0/4.txt,25,2,500,H,4,3600,100685,101433,0.7374,0,41,133280,13051
25_2_500/os_1_com_0_time_0_rcom_0/5.txt,25,2,500,H,5,3600,80323,83453,3.7506,0,34,229120,22786
25_2_500/os_1_com_0_time_0_rcom_0/6.txt,25,2,500,H,6,3600,90394,91586,1.3015,0,87,529063,36042
25_2_500/os_1_com_0_time_0_rcom_0/7.txt,25,2,500,H,7,3600,85017,90663,6.2275,0,38,195700,29487
25_2_500/os_1_com_0_time_0_rcom_0/8.txt,25,2,500,H,8,2232.914,125573,125573,0,1,38,207778,11708
25_2_500/os_1_com_0_time_0_rcom_0/9.txt,25,2,500,H,9,1477.723,106346,106356,0.0094,0,18,70479,3870
25_2_1000/os_0_com_0_time_0_rcom_0/0.txt,25,2,1000,L,0,3600,109778,122111,10.0998,0,17,36852,24504
25_2_1000/os_0_com_0_time_0_rcom_0/1.txt,25,2,1000,L,1,3600,126634,139662,9.3282,0,5,17189,8618
25_2_1000/os_0_com_0_time_0_rcom_0/2.txt,25,2,1000,L,2,3600,143114,159963,10.5331,0,3,7938,5012
25_2_1000/os_0_com_0_time_0_rcom_0/3.txt,25,2,1000,L,3,3600,113884,124349,8.4158,0,4,12269,7597
25_2_1000/os_0_com_0_time_0_rcom_0/4.txt,25,2,1000,L,4,3600,100326,109713,8.556,0,20,52326,35308
25_2_1000/os_0_com_0_time_0_rcom_0/5.txt,25,2,1000,L,5,3600,103041,113809,9.4615,0,16,87736,28936
25_2_1000/os_0_com_0_time_0_rcom_0/6.txt,25,2,1000,L,6,3600,93693,98431,4.8135,0,23,126315,35335
25_2_1000/os_0_com_0_time_0_rcom_0/7.txt,25,2,1000,L,7,3600,121001,137189,11.7998,0,22,62198,41082
25_2_1000/os_0_com_0_time_0_rcom_0/8.txt,25,2,1000,L,8,3600,111201,123411,9.8938,0,5,11431,9910
25_2_1000/os_0_com_0_time_0_rcom_0/9.txt,25,2,1000,L,9,3600,105102,115803,9.2407,0,3,7958,4702
25_2_1000/os_1_com_0_time_0_rcom_0/0.txt,25,2,1000,H,0,3600,179957,188199,4.3794,0,5,71725,8471
25_2_1000/os_1_com_0_time_0_rcom_0/1.txt,25,2,1000,H,1,3600,181100,205782,11.9942,0,3,41663,4782
25_2_1000/os_1_com_0_time_0_rcom_0/2.txt,25,2,1000,H,2,3600,151913,181012,16.0757,0,11,72200,20074
25_2_1000/os_1_com_0_time_0_rcom_0/3.txt,25,2,1000,H,3,3600,219852,224515,2.0769,0,5,45955,3083
25_2_1000/os_1_com_0_time_0_rcom_0/4.txt,25,2,1000,H,4,3600,199832,200085,0.1264,0,30,118097,6604
25_2_1000/os_1_com_0_time_0_rcom_0/5.txt,25,2,1000,H,5,3600,157748,171505,8.0213,0,10,156654,15369
25_2_1000/os_1_com_0_time_0_rcom_0/6.txt,25,2,1000,H,6,3600,177641,187221,5.1169,0,19,267258,23418
25_2_1000/os_1_com_0_time_0_rcom_0/7.txt,25,2,1000,H,7,3600,168337,181466,7.235,0,23,215325,38766
25_2_1000/os_1_com_0_time_0_rcom_0/8.txt,25,2,1000,H,8,3600,246132,253394,2.8659,0,5,67343,5537
25_2_1000/os_1_com_0_time_0_rcom_0/9.txt,25,2,1000,H,9,3600,210995,213372,1.114,0,9,104707,5738
25_3_10/os_0_com_0_time_0_rcom_0/0.txt,25,3,10,L,0,16.1,678,678,0,1,102,4674,1398
25_3_10/os_0_com_0_time_0_rcom_0/1.txt,25,3,10,L,1,16.39,846,846,0,1,140,8824,966
25_3_10/os_0_com_0_time_0_rcom_0/2.txt,25,3,10,L,2,137.56,846,846,0,1,192,15212,2631
25_3_10/os_0_com_0_time_0_rcom_0/3.txt,25,3,10,L,3,34.6,810,810,0,1,100,9528,1543
25_3_10/os_0_com_0_time_0_rcom_0/4.txt,25,3,10,L,4,11.8,757,757,0,1,86,5685,915
25_3_10/os_0_com_0_time_0_rcom_0/5.txt,25,3,10,L,5,45.29,833,833,0,1,317,21779,3197
25_3_10/os_0_com_0_time_0_rcom_0/6.txt,25,3,10,L,6,10.88,791,791,0,1,101,6600,786
25_3_10/os_0_com_0_time_0_rcom_0/7.txt,25,3,10,L,7,4.57,857,857,0,1,54,2001,216
25_3_10/os_0_com_0_time_0_rcom_0/8.txt,25,3,10,L,8,14.55,731,731,0,1,95,5764,1057
25_3_10/os_0_com_0_time_0_rcom_0/9.txt,25,3,10,L,9,54.55,702,702,0,1,191,14135,3093
25_3_10/os_1_com_0_time_0_rcom_0/0.txt,25,3,10,H,0,22.43,1108,1108,0,1,36,4841,295
25_3_10/os_1_com_0_time_0_rcom_0/1.txt,25,3,10,H,1,5.88,1293,1293,0,1,18,2213,151
25_3_10/os_1_com_0_time_0_rcom_0/2.txt,25,3,10,H,2,56.27,1328,1328,0,1,133,18110,1264
25_3_10/os_1_com_0_time_0_rcom_0/3.txt,25,3,10,H,3,43.96,1323,1323,0,1,104,13061,904
25_3_10/os_1_com_0_time_0_rcom_0/4.txt,25,3,10,H,4,17.94,1265,1265,0,1,54,6420,425
25_3_10/os_1_com_0_time_0_rcom_0/5.txt,25,3,10,H,5,26.46,1042,1042,0,1,134,9891,954
25_3_10/os_1_com_0_time_0_rcom_0/6.txt,25,3,10,H,6,2.02,1547,1547,0,1,1,40,0
25_3_10/os_1_com_0_time_0_rcom_0/7.txt,25,3,10,H,7,4.5,1329,1329,0,1,16,851,46
25_3_10/os_1_com_0_time_0_rcom_0/8.txt,25,3,10,H,8,21.98,1200,1200,0,1,133,7650,829
25_3_10/os_1_com_0_time_0_rcom_0/9.txt,25,3,10,H,9,5.11,1234,1234,0,1,21,1991,151
25_3_30/os_0_com_0_time_0_rcom_0/0.txt,25,3,30,L,0,462.44,2139,2139,0,1,311,59489,11581
25_3_30/os_0_com_0_time_0_rcom_0/1.txt,25,3,30,L,1,446.57,2313,2313,0,1,313,70527,9175
25_3_30/os_0_com_0_time_0_rcom_0/2.txt,25,3,30,L,2,385.34,2530,2530,0,1,265,52120,9662
25_3_30/os_0_com_0_time_0_rcom_0/3.txt,25,3,30,L,3,405.74,2188,2188,0,1,295,42049,16158
25_3_30/os_0_com_0_time_0_rcom_0/4.txt,25,3,30,L,4,1092.43,2086,2086,0,1,323,51180,16618
25_3_30/os_0_com_0_time_0_rcom_0/5.txt,25,3,30,L,5,226.99,2029,2029,0,1,240,35995,9538
25_3_30/os_0_com_0_time_0_rcom_0/6.txt,25,3,30,L,6,348.07,2756,2756,0,1,306,48899,6534
25_3_30/os_0_com_0_time_0_rcom_0/7.txt,25,3,30,L,7,78.19,2043,2043,0,1,32,8838,1229
25_3_30/os_0_com_0_time_0_rcom_0/8.txt,25,3,30,L,8,106.39,2302,2302,0,1,114,20340,3057
25_3_30/os_0_com_0_time_0_rcom_0/9.txt,25,3,30,L,9,222.07,2523,2523,0,1,157,36170,5189
25_3_30/os_1_com_0_time_0_rcom_0/0.txt,25,3,30,H,0,471.67,3792,3792,0,1,131,44680,3376
25_3_30/os_1_com_0_time_0_rcom_0/1.txt,25,3,30,H,1,47.96,4321,4321,0,1,90,15137,847
25_3_30/os_1_com_0_time_0_rcom_0/2.txt,25,3,30,H,2,2468.9,3840,3840,0,1,486,160794,12538
25_3_30/os_1_com_0_time_0_rcom_0/3.txt,25,3,30,H,3,1504.41,3053,3053,0,1,136,44171,6131
25_3_30/os_1_com_0_time_0_rcom_0/4.txt,25,3,30,H,4,332.77,3388,3388,0,1,150,56253,3802
25_3_30/os_1_com_0_time_0_rcom_0/5.txt,25,3,30,H,5,1399.41,3344,3344,0,1,565,139533,16344
25_3_30/os_1_com_0_time_0_rcom_0/6.txt,25,3,30,H,6,26.29,5766,5766,0,1,13,4249,190
25_3_30/os_1_com_0_time_0_rcom_0/7.txt,25,3,30,H,7,10.11,4643,4643,0,1,8,984,29
25_3_30/os_1_com_0_time_0_rcom_0/8.txt,25,3,30,H,8,8.79,4940,4940,0,1,6,869,26
25_3_30/os_1_com_0_time_0_rcom_0/9.txt,25,3,30,H,9,20.2,4782,4782,0,1,6,1146,38
25_3_50/os_0_com_0_time_0_rcom_0/0.txt,25,3,50,L,0,945.45,4315,4315,0,1,410,94177,17931
25_3_50/os_0_com_0_time_0_rcom_0/1.txt,25,3,50,L,1,263.1,3746,3746,0,1,150,44210,7758
25_3_50/os_0_com_0_time_0_rcom_0/2.txt,25,3,50,L,2,187.58,3333,3333,0,1,99,28188,5360
25_3_50/os_0_com_0_time_0_rcom_0/3.txt,25,3,50,L,3,3526.12,3741,3741,0,1,808,241205,54782
25_3_50/os_0_com_0_time_0_rcom_0/4.txt,25,3,50,L,4,428.84,3468,3468,0,1,134,44708,8881
25_3_50/os_0_com_0_time_0_rcom_0/5.txt,25,3,50,L,5,515.38,4037,4037,0,1,76,37643,4085
25_3_50/os_0_com_0_time_0_rcom_0/6.txt,25,3,50,L,6,528,3983,3983,0,1,242,68503,15270
25_3_50/os_0_com_0_time_0_rcom_0/7.txt,25,3,50,L,7,1093.92,3447,3447,0,1,219,53719,16863
25_3_50/os_0_com_0_time_0_rcom_0/8.txt,25,3,50,L,8,51.9,4013,4013,0,1,39,10773,1630
25_3_50/os_0_com_0_time_0_rcom_0/9.txt,25,3,50,L,9,208.74,3641,3641,0,1,138,47022,7590
25_3_50/os_1_com_0_time_0_rcom_0/0.txt,25,3,50,H,0,22.07,8512,8512,0,1,3,518,3
25_3_50/os_1_com_0_time_0_rcom_0/1.txt,25,3,50,H,1,97.76,8046,8046,0,1,122,26232,1482
25_3_50/os_1_com_0_time_0_rcom_0/2.txt,25,3,50,H,2,302.89,5766,5766,0,1,67,38673,2670
25_3_50/os_1_com_0_time_0_rcom_0/3.txt,25,3,50,H,3,271.29,6454,6454,0,1,80,47837,3216
25_3_50/os_1_com_0_time_0_rcom_0/4.txt,25,3,50,H,4,282.94,7104,7104,0,1,54,25244,1232
25_3_50/os_1_com_0_time_0_rcom_0/5.txt,25,3,50,H,5,47.25,6432,6432,0,1,24,7784,384
25_3_50/os_1_com_0_time_0_rcom_0/6.txt,25,3,50,H,6,18.84,9410,9410,0,1,4,1724,77
25_3_50/os_1_com_0_time_0_rcom_0/7.txt,25,3,50,H,7,1348.77,6157,6157,0,1,194,125041,7760
25_3_50/os_1_com_0_time_0_rcom_0/8.txt,25,3,50,H,8,1215.71,7276,7276,0,1,103,64364,4190
25_3_50/os_1_com_0_time_0_rcom_0/9.txt,25,3,50,H,9,10.14,7690,7690,0,1,2,385,19
25_3_100/os_0_com_0_time_0_rcom_0/0.txt,25,3,100,L,0,3600,7952,8523,6.6995,0,564,235654,92092
25_3_100/os_0_com_0_time_0_rcom_0/1.txt,25,3,100,L,1,3600,7726,8326,7.2063,0,355,237250,71003
25_3_100/os_0_com_0_time_0_rcom_0/2.txt,25,3,100,L,2,2949.08,8395,8395,0,1,290,185555,45639
25_3_100/os_0_com_0_time_0_rcom_0/3.txt,25,3,100,L,3,3600,8150,8377,2.7098,0,329,176256,43918
25_3_100/os_0_com_0_time_0_rcom_0/4.txt,25,3,100,L,4,3600,8375,8566,2.2297,0,511,214518,62788
25_3_100/os_0_com_0_time_0_rcom_0/5.txt,25,3,100,L,5,1543.817,7978,7978,0,1,259,148607,38593
25_3_100/os_0_com_0_time_0_rcom_0/6.txt,25,3,100,L,6,272.93,8886,8886,0,1,53,31094,6471
25_3_100/os_0_com_0_time_0_rcom_0/7.txt,25,3,100,L,7,3600,8219,8333,1.3681,0,200,147043,28107
25_3_100/os_0_com_0_time_0_rcom_0/8.txt,25,3,100,L,8,3571.545,8500,8500,0,1,204,83115,40493
25_3_100/os_0_com_0_time_0_rcom_0/9.txt,25,3,100,L,9,3600,7525,7841,4.0301,0,480,206661,74203
25_3_100/os_1_com_0_time_0_rcom_0/0.txt,25,3,100,H,0,652.82,17012,17013,0.0059,0,135,130791,9665
25_3_100/os_1_com_0_time_0_rcom_0/1.txt,25,3,100,H,1,3600,14793,14957,1.0965,0,82,117042,8392
25_3_100/os_1_com_0_time_0_rcom_0/2.txt,25,3,100,H,2,242.564,13972,13973,0.0072,0,31,22813,1298
25_3_100/os_1_com_0_time_0_rcom_0/3.txt,25,3,100,H,3,68.576,21427,21427,0,1,7,6260,287
25_3_100/os_1_com_0_time_0_rcom_0/4.txt,25,3,100,H,4,68.84,21201,21201,0,1,3,1241,32
25_3_100/os_1_com_0_time_0_rcom_0/5.txt,25,3,100,H,5,929.733,15099,15100,0.0066,0,66,62069,3441
25_3_100/os_1_com_0_time_0_rcom_0/6.txt,25,3,100,H,6,3600,16115,16365,1.5277,0,90,114884,6623
25_3_100/os_1_com_0_time_0_rcom_0/7.txt,25,3,100,H,7,159.588,15562,15562,0,1,41,32372,1618
25_3_100/os_1_com_0_time_0_rcom_0/8.txt,25,3,100,H,8,97.672,21502,21503,0.0047,0,13,7123,260
25_3_100/os_1_com_0_time_0_rcom_0/9.txt,25,3,100,H,9,3238.346,20282,20284,0.0099,0,300,395699,21555
25_3_500/os_0_com_0_time_0_rcom_0/0.txt,25,3,500,L,0,3600,37765,42833,11.832,0,29,84930,37164
25_3_500/os_0_com_0_time_0_rcom_0/1.txt,25,3,500,L,1,3600,38367,43095,10.9711,0,46,164188,57713
25_3_500/os_0_com_0_time_0_rcom_0/2.txt,25,3,500,L,2,3600,38160,42790,10.8203,0,58,256101,68047
25_3_500/os_0_com_0_time_0_rcom_0/3.txt,25,3,500,L,3,3600,39401,40774,3.3673,0,41,122451,29254
25_3_500/os_0_com_0_time_0_rcom_0/4.txt,25,3,500,L,4,3600,40822,43377,5.8902,0,108,285548,84060
25_3_500/os_0_com_0_time_0_rcom_0/5.txt,25,3,500,L,5,3600,37255,40839,8.7759,0,113,376309,108305
25_3_500/os_0_com_0_time_0_rcom_0/6.txt,25,3,500,L,6,3600,43460,47082,7.693,0,34,111300,33830
25_3_500/os_0_com_0_time_0_rcom_0/7.txt,25,3,500,L,7,3600,38606,43288,10.8159,0,56,257255,62492
25_3_500/os_0_com_0_time_0_rcom_0/8.txt,25,3,500,L,8,3600,40506,42850,5.4702,0,104,206856,89397
25_3_500/os_0_com_0_time_0_rcom_0/9.txt,25,3,500,L,9,3600,36271,40196,9.7647,0,54,163989,63332
25_3_500/os_1_com_0_time_0_rcom_0/0.txt,25,3,500,H,0,3600,86034,86421,0.4478,0,53,231841,18998
25_3_500/os_1_com_0_time_0_rcom_0/1.txt,25,3,500,H,1,3600,72066,73645,2.1441,0,10,84474,7218
25_3_500/os_1_com_0_time_0_rcom_0/2.txt,25,3,500,H,2,3600,69764,72073,3.2037,0,12,76008,6045
25_3_500/os_1_com_0_time_0_rcom_0/3.txt,25,3,500,H,3,1117.327,106927,106927,0,1,3,7592,190
25_3_500/os_1_com_0_time_0_rcom_0/4.txt,25,3,500,H,4,1755.752,104609,104610,0.001,0,11,24037,1000
25_3_500/os_1_com_0_time_0_rcom_0/5.txt,25,3,500,H,5,3600,73507,76524,3.9426,0,2,17942,1402
25_3_500/os_1_com_0_time_0_rcom_0/6.txt,25,3,500,H,6,3600,79646,82378,3.3164,0,18,139500,10984
25_3_500/os_1_com_0_time_0_rcom_0/7.txt,25,3,500,H,7,1644.245,77640,77640,0,1,15,57797,2637
25_3_500/os_1_com_0_time_0_rcom_0/8.txt,25,3,500,H,8,3600,107102,109091,1.8232,0,6,43228,2935
25_3_500/os_1_com_0_time_0_rcom_0/9.txt,25,3,500,H,9,3600,97367,100252,2.8777,0,11,102935,7908
25_3_1000/os_0_com_0_time_0_rcom_0/0.txt,25,3,1000,L,0,3600,77401,90252,14.239,0,25,164172,67803
25_3_1000/os_0_com_0_time_0_rcom_0/1.txt,25,3,1000,L,1,3600,75685,85977,11.9706,0,11,84725,24212
25_3_1000/os_0_com_0_time_0_rcom_0/2.txt,25,3,1000,L,2,3600,73442,86872,15.4595,0,23,182325,56770
25_3_1000/os_0_com_0_time_0_rcom_0/3.txt,25,3,1000,L,3,3600,76537,81287,5.8435,0,22,144600,48449
25_3_1000/os_0_com_0_time_0_rcom_0/4.txt,25,3,1000,L,4,3600,80592,85664,5.9208,0,43,222200,62633
25_3_1000/os_0_com_0_time_0_rcom_0/5.txt,25,3,1000,L,5,3600,73713,81361,9.4001,0,32,232553,67885
25_3_1000/os_0_com_0_time_0_rcom_0/6.txt,25,3,1000,L,6,3600,84705,93009,8.9282,0,33,219670,64084
25_3_1000/os_0_com_0_time_0_rcom_0/7.txt,25,3,1000,L,7,3600,76249,84870,10.1579,0,18,177877,38594
25_3_1000/os_0_com_0_time_0_rcom_0/8.txt,25,3,1000,L,8,3600,78703,90012,12.5639,0,28,149486,69414
25_3_1000/os_0_com_0_time_0_rcom_0/9.txt,25,3,1000,L,9,3600,71707,80469,10.8887,0,37,209523,88411
25_3_1000/os_1_com_0_time_0_rcom_0/0.txt,25,3,1000,H,0,3600,170662,171308,0.3771,0,6,54491,4275
25_3_1000/os_1_com_0_time_0_rcom_0/1.txt,25,3,1000,H,1,3600,124762,152913,18.4098,0,0,0,0
25_3_1000/os_1_com_0_time_0_rcom_0/2.txt,25,3,1000,H,2,3600,138161,144285,4.2444,0,4,58219,5715
25_3_1000/os_1_com_0_time_0_rcom_0/3.txt,25,3,1000,H,3,3432.681,212974,212974,0,1,3,16805,469
25_3_1000/os_1_com_0_time_0_rcom_0/4.txt,25,3,1000,H,4,3600,179950,210844,14.6525,0,0,0,0
25_3_1000/os_1_com_0_time_0_rcom_0/5.txt,25,3,1000,H,5,3600,145825,151462,3.7217,0,3,59148,4378
25_3_1000/os_1_com_0_time_0_rcom_0/6.txt,25,3,1000,H,6,3600,158696,166532,4.7054,0,6,79090,6710
25_3_1000/os_1_com_0_time_0_rcom_0/7.txt,25,3,1000,H,7,3600,155034,156131,0.7026,0,0,0,0
25_3_1000/os_1_com_0_time_0_rcom_0/8.txt,25,3,1000,H,8,3600,215097,216946,0.8523,0,3,39860,2249
25_3_1000/os_1_com_0_time_0_rcom_0/9.txt,25,3,1000,H,9,3600,193487,196522,1.5444,0,1,16790,1618
25_4_10/os_0_com_0_time_0_rcom_0/0.txt,25,4,10,L,0,26.25,521,521,0,1,69,5546,1075
25_4_10/os_0_com_0_time_0_rcom_0/1.txt,25,4,10,L,1,19.94,610,610,0,1,63,4635,750
25_4_10/os_0_com_0_time_0_rcom_0/2.txt,25,4,10,L,2,3.93,702,702,0,1,36,1568,113
25_4_10/os_0_com_0_time_0_rcom_0/3.txt,25,4,10,L,3,12.91,596,596,0,1,77,4992,727
25_4_10/os_0_com_0_time_0_rcom_0/4.txt,25,4,10,L,4,4.45,617,617,0,1,30,1938,275
25_4_10/os_0_com_0_time_0_rcom_0/5.txt,25,4,10,L,5,1,672,672,0,1,7,342,35
25_4_10/os_0_com_0_time_0_rcom_0/6.txt,25,4,10,L,6,14.18,584,584,0,1,91,5747,793
25_4_10/os_0_com_0_time_0_rcom_0/7.txt,25,4,10,L,7,13.71,693,693,0,1,96,7254,879
25_4_10/os_0_com_0_time_0_rcom_0/8.txt,25,4,10,L,8,4.4,515,515,0,1,20,1748,339
25_4_10/os_0_com_0_time_0_rcom_0/9.txt,25,4,10,L,9,0.99,581,581,0,1,7,437,54
25_4_10/os_1_com_0_time_0_rcom_0/0.txt,25,4,10,H,0,8.5,1045,1045,0,1,28,2759,160
25_4_10/os_1_com_0_time_0_rcom_0/1.txt,25,4,10,H,1,6.16,1220,1220,0,1,34,2634,122
25_4_10/os_1_com_0_time_0_rcom_0/2.txt,25,4,10,H,2,69.52,1033,1033,0,1,90,9113,615
25_4_10/os_1_com_0_time_0_rcom_0/3.txt,25,4,10,H,3,1.9,985,985,0,1,1,50,0
25_4_10/os_1_com_0_time_0_rcom_0/4.txt,25,4,10,H,4,3.69,1481,1481,0,1,1,50,0
25_4_10/os_1_com_0_time_0_rcom_0/5.txt,25,4,10,H,5,80.61,965,965,0,1,113,13077,842
25_4_10/os_1_com_0_time_0_rcom_0/6.txt,25,4,10,H,6,33.7,907,907,0,1,87,7333,547
25_4_10/os_1_com_0_time_0_rcom_0/7.txt,25,4,10,H,7,5.86,1091,1091,0,1,21,1536,125
25_4_10/os_1_com_0_time_0_rcom_0/8.txt,25,4,10,H,8,5.25,1403,1403,0,1,4,443,36
25_4_10/os_1_com_0_time_0_rcom_0/9.txt,25,4,10,H,9,6.33,1077,1077,0,1,12,1428,99
25_4_30/os_0_com_0_time_0_rcom_0/0.txt,25,4,30,L,0,580.54,1723,1723,0,1,150,30853,6735
25_4_30/os_0_com_0_time_0_rcom_0/1.txt,25,4,30,L,1,18.02,2199,2199,0,1,25,3183,210
25_4_30/os_0_com_0_time_0_rcom_0/2.txt,25,4,30,L,2,21.55,2040,2040,0,1,46,6870,676
25_4_30/os_0_com_0_time_0_rcom_0/3.txt,25,4,30,L,3,83.68,1805,1805,0,1,55,11871,1335
25_4_30/os_0_com_0_time_0_rcom_0/4.txt,25,4,30,L,4,79.23,2036,2036,0,1,58,10225,1279
25_4_30/os_0_com_0_time_0_rcom_0/5.txt,25,4,30,L,5,30.25,1549,1549,0,1,60,10618,1207
25_4_30/os_0_com_0_time_0_rcom_0/6.txt,25,4,30,L,6,1404.4,2042,2042,0,1,244,68039,7146
25_4_30/os_0_com_0_time_0_rcom_0/7.txt,25,4,30,L,7,169.73,1860,1860,0,1,65,17407,2603
25_4_30/os_0_com_0_time_0_rcom_0/8.txt,25,4,30,L,8,628.07,2149,2149,0,1,360,58948,8613
25_4_30/os_0_com_0_time_0_rcom_0/9.txt,25,4,30,L,9,792.26,2171,2171,0,1,123,28168,4583
25_4_30/os_1_com_0_time_0_rcom_0/0.txt,25,4,30,H,0,19.61,3213,3213,0,1,6,1756,74
25_4_30/os_1_com_0_time_0_rcom_0/1.txt,25,4,30,H,1,9.21,4869,4869,0,1,3,634,19
25_4_30/os_1_com_0_time_0_rcom_0/2.txt,25,4,30,H,2,12.65,3395,3395,0,1,5,800,28
25_4_30/os_1_com_0_time_0_rcom_0/3.txt,25,4,30,H,3,4.94,3855,3855,0,1,1,150,0
25_4_30/os_1_com_0_time_0_rcom_0/4.txt,25,4,30,H,4,22.56,3920,3920,0,1,31,4969,227
25_4_30/os_1_com_0_time_0_rcom_0/5.txt,25,4,30,H,5,93.89,3096,3096,0,1,45,12378,808
25_4_30/os_1_com_0_time_0_rcom_0/6.txt,25,4,30,H,6,22.27,4039,4039,0,1,18,4230,241
25_4_30/os_1_com_0_time_0_rcom_0/7.txt,25,4,30,H,7,17.49,4200,4200,0,1,8,1785,95
25_4_30/os_1_com_0_time_0_rcom_0/8.txt,25,4,30,H,8,13.25,3454,3454,0,1,12,2897,168
25_4_30/os_1_com_0_time_0_rcom_0/9.txt,25,4,30,H,9,20.7,3713,3713,0,1,10,2507,142
25_4_50/os_0_com_0_time_0_rcom_0/0.txt,25,4,50,L,0,856.38,4098,4098,0,1,494,97698,11038
25_4_50/os_0_com_0_time_0_rcom_0/1.txt,25,4,50,L,1,280.3,2956,2956,0,1,111,32102,3803
25_4_50/os_0_com_0_time_0_rcom_0/2.txt,25,4,50,L,2,324.06,3406,3406,0,1,226,51220,6066
25_4_50/os_0_com_0_time_0_rcom_0/3.txt,25,4,50,L,3,1233.02,3447,3447,0,1,363,122373,15316
25_4_50/os_0_com_0_time_0_rcom_0/4.txt,25,4,50,L,4,259.99,3233,3233,0,1,130,39496,5372
25_4_50/os_0_com_0_time_0_rcom_0/5.txt,25,4,50,L,5,118.7,3680,3680,0,1,51,13346,1013
25_4_50/os_0_com_0_time_0_rcom_0/6.txt,25,4,50,L,6,691.31,3151,3151,0,1,116,39619,5523
25_4_50/os_0_com_0_time_0_rcom_0/7.txt,25,4,50,L,7,3042.07,2950,2950,0,1,113,38417,7713
25_4_50/os_0_com_0_time_0_rcom_0/8.txt,25,4,50,L,8,697.47,3287,3287,0,1,98,30340,2491
25_4_50/os_0_com_0_time_0_rcom_0/9.txt,25,4,50,L,9,219.45,3000,3000,0,1,52,17363,1401
25_4_50/os_1_com_0_time_0_rcom_0/0.txt,25,4,50,H,0,22.91,7185,7185,0,1,5,1345,50
25_4_50/os_1_com_0_time_0_rcom_0/1.txt,25,4,50,H,1,55.47,7052,7052,0,1,37,12572,580
25_4_50/os_1_com_0_time_0_rcom_0/2.txt,25,4,50,H,2,52.18,6571,6571,0,1,10,6216,323
25_4_50/os_1_com_0_time_0_rcom_0/3.txt,25,4,50,H,3,789.45,6173,6173,0,1,196,95528,6420
25_4_50/os_1_com_0_time_0_rcom_0/4.txt,25,4,50,H,4,50.36,6560,6560,0,1,23,5058,184
25_4_50/os_1_com_0_time_0_rcom_0/5.txt,25,4,50,H,5,40.09,6396,6396,0,1,16,6239,247
25_4_50/os_1_com_0_time_0_rcom_0/6.txt,25,4,50,H,6,117.41,7260,7260,0,1,75,14144,577
25_4_50/os_1_com_0_time_0_rcom_0/7.txt,25,4,50,H,7,850.12,5049,5049,0,1,86,56633,3224
25_4_50/os_1_com_0_time_0_rcom_0/8.txt,25,4,50,H,8,3600.2,6157,6288,2.0833,0,345,203798,14841
25_4_50/os_1_com_0_time_0_rcom_0/9.txt,25,4,50,H,9,19.05,7000,7000,0,1,2,614,16
25_4_100/os_0_com_0_time_0_rcom_0/0.txt,25,4,100,L,0,3181.553,6446,6446,0,1,109,59176,11758
25_4_100/os_0_com_0_time_0_rcom_0/1.txt,25,4,100,L,1,3600,6524,6773,3.6764,0,81,67578,10649
25_4_100/os_0_com_0_time_0_rcom_0/2.txt,25,4,100,L,2,3600,7412,8022,7.6041,0,279,287157,40327
25_4_100/os_0_com_0_time_0_rcom_0/3.txt,25,4,100,L,3,176.831,7008,7008,0,1,62,29610,2536
25_4_100/os_0_com_0_time_0_rcom_0/4.txt,25,4,100,L,4,160.446,7114,7114,0,1,63,31965,3366
25_4_100/os_0_com_0_time_0_rcom_0/5.txt,25,4,100,L,5,3600,6688,6768,1.182,0,83,72079,12706
25_4_100/os_0_com_0_time_0_rcom_0/6.txt,25,4,100,L,6,246.427,8225,8225,0,1,127,48757,3257
25_4_100/os_0_com_0_time_0_rcom_0/7.txt,25,4,100,L,7,393.069,6963,6963,0,1,55,37856,3485
25_4_100/os_0_com_0_time_0_rcom_0/8.txt,25,4,100,L,8,485.506,6469,6469,0,1,99,36817,4259
25_4_100/os_0_com_0_time_0_rcom_0/9.txt,25,4,100,L,9,185.28,6665,6665,0,1,86,36644,5827
25_4_100/os_1_com_0_time_0_rcom_0/0.txt,25,4,100,H,0,508.668,14815,14815,0,1,67,58345,3670
25_4_100/os_1_com_0_time_0_rcom_0/1.txt,25,4,100,H,1,885.338,14678,14679,0.0068,0,51,59196,3033
25_4_100/os_1_com_0_time_0_rcom_0/2.txt,25,4,100,H,2,1587.822,13447,13448,0.0074,0,119,91933,5287
25_4_100/os_1_com_0_time_0_rcom_0/3.txt,25,4,100,H,3,85.159,20177,20177,0,1,5,5247,286
25_4_100/os_1_com_0_time_0_rcom_0/4.txt,25,4,100,H,4,89.901,18252,18252,0,1,5,2239,48
25_4_100/os_1_com_0_time_0_rcom_0/5.txt,25,4,100,H,5,1506.511,14195,14195,0,1,99,105412,6630
25_4_100/os_1_com_0_time_0_rcom_0/6.txt,25,4,100,H,6,3600,15695,15786,0.5765,0,66,95003,5474
25_4_100/os_1_com_0_time_0_rcom_0/7.txt,25,4,100,H,7,79.962,15188,15189,0.0066,0,13,9816,322
25_4_100/os_1_com_0_time_0_rcom_0/8.txt,25,4,100,H,8,75.864,19550,19551,0.0051,0,5,6648,342
25_4_100/os_1_com_0_time_0_rcom_0/9.txt,25,4,100,H,9,128.159,18347,18347,0,1,9,9514,489
25_4_500/os_0_com_0_time_0_rcom_0/0.txt,25,4,500,L,0,3600,30472,35098,13.1802,0,36,175424,43084
25_4_500/os_0_com_0_time_0_rcom_0/1.txt,25,4,500,L,1,3600,30730,34250,10.2774,0,7,43705,9461
25_4_500/os_0_com_0_time_0_rcom_0/2.txt,25,4,500,L,2,3600,36350,38586,5.7948,0,28,141266,21157
25_4_500/os_0_com_0_time_0_rcom_0/3.txt,25,4,500,L,3,3600,34097,34726,1.8113,0,32,115224,17194
25_4_500/os_0_com_0_time_0_rcom_0/4.txt,25,4,500,L,4,3600,35976,36356,1.0452,0,51,141027,13078
25_4_500/os_0_com_0_time_0_rcom_0/5.txt,25,4,500,L,5,3600,30713,34006,9.6836,0,18,103340,21837
25_4_500/os_0_com_0_time_0_rcom_0/6.txt,25,4,500,L,6,3600,40512,40876,0.8905,0,32,141848,15082
25_4_500/os_0_com_0_time_0_rcom_0/7.txt,25,4,500,L,7,3600,33844,35251,3.9914,0,30,121800,17967
25_4_500/os_0_com_0_time_0_rcom_0/8.txt,25,4,500,L,8,2198.983,31832,31834,0.0063,0,48,104943,12992
25_4_500/os_0_com_0_time_0_rcom_0/9.txt,25,4,500,L,9,3600,32972,35008,5.8158,0,42,151897,31315
25_4_500/os_1_com_0_time_0_rcom_0/0.txt,25,4,500,H,0,3600,73185,73667,0.6543,0,10,54327,3874
25_4_500/os_1_com_0_time_0_rcom_0/1.txt,25,4,500,H,1,3600,72876,73363,0.6638,0,4,30068,1990
25_4_500/os_1_com_0_time_0_rcom_0/2.txt,25,4,500,H,2,3600,66172,66777,0.906,0,14,77739,4970
25_4_500/os_1_com_0_time_0_rcom_0/3.txt,25,4,500,H,3,1546.926,100901,100901,0,1,2,5001,58
25_4_500/os_1_com_0_time_0_rcom_0/4.txt,25,4,500,H,4,3009.079,91657,91665,0.0087,0,7,16093,231
25_4_500/os_1_com_0_time_0_rcom_0/5.txt,25,4,500,H,5,3600,69069,71985,4.0508,0,16,138246,10008
25_4_500/os_1_com_0_time_0_rcom_0/6.txt,25,4,500,H,6,3600,78165,79015,1.0757,0,11,86987,4739
25_4_500/os_1_com_0_time_0_rcom_0/7.txt,25,4,500,H,7,3600,75652,75693,0.0542,0,17,58128,1644
25_4_500/os_1_com_0_time_0_rcom_0/8.txt,25,4,500,H,8,2629.898,96929,96929,0,1,11,39887,1484
25_4_500/os_1_com_0_time_0_rcom_0/9.txt,25,4,500,H,9,3600,90657,92630,2.13,0,21,104794,5200
25_4_1000/os_0_com_0_time_0_rcom_0/0.txt,25,4,1000,L,0,3600,59815,66922,10.6198,0,1,13788,2555
25_4_1000/os_0_com_0_time_0_rcom_0/1.txt,25,4,1000,L,1,3600,62153,69216,10.2043,0,4,48377,11476
25_4_1000/os_0_com_0_time_0_rcom_0/2.txt,25,4,1000,L,2,3600,71635,79574,9.9769,0,20,227600,34014
25_4_1000/os_0_com_0_time_0_rcom_0/3.txt,25,4,1000,L,3,3600,66238,69395,4.5493,0,3,27478,5212
25_4_1000/os_0_com_0_time_0_rcom_0/4.txt,25,4,1000,L,4,3600,71667,72615,1.3055,0,15,100999,9718
25_4_1000/os_0_com_0_time_0_rcom_0/5.txt,25,4,1000,L,5,3600,59091,65480,9.7572,0,4,44597,12150
25_4_1000/os_0_com_0_time_0_rcom_0/6.txt,25,4,1000,L,6,3600,83054,83909,1.019,0,2,12688,812
25_4_1000/os_0_com_0_time_0_rcom_0/7.txt,25,4,1000,L,7,3600,67087,68465,2.0127,0,9,86522,14950
25_4_1000/os_0_com_0_time_0_rcom_0/8.txt,25,4,1000,L,8,3600,63229,64717,2.2992,0,33,194693,29944
25_4_1000/os_0_com_0_time_0_rcom_0/9.txt,25,4,1000,L,9,3600,63947,70454,9.2358,0,7,60093,17260
25_4_1000/os_1_com_0_time_0_rcom_0/0.txt,25,4,1000,H,0,3600,147002,147190,0.1277,0,0,0,0
25_4_1000/os_1_com_0_time_0_rcom_0/1.txt,25,4,1000,H,1,3600,143769,149100,3.5755,0,0,0,0
25_4_1000/os_1_com_0_time_0_rcom_0/2.txt,25,4,1000,H,2,3600,131578,132232,0.4946,0,3,37883,1716
25_4_1000/os_1_com_0_time_0_rcom_0/3.txt,25,4,1000,H,3,3600,170809,202497,15.6486,0,0,0,0
25_4_1000/os_1_com_0_time_0_rcom_0/4.txt,25,4,1000,H,4,3600,154054,184413,16.4625,0,0,0,0
25_4_1000/os_1_com_0_time_0_rcom_0/5.txt,25,4,1000,H,5,3600,136946,140039,2.2087,0,0,0,0
25_4_1000/os_1_com_0_time_0_rcom_0/6.txt,25,4,1000,H,6,3600,156492,161788,3.2734,0,0,0,0
25_4_1000/os_1_com_0_time_0_rcom_0/7.txt,25,4,1000,H,7,3600,151422,151552,0.0858,0,16,84289,1504
25_4_1000/os_1_com_0_time_0_rcom_0/8.txt,25,4,1000,H,8,3600,161545,195141,17.2163,0,0,0,0
25_4_1000/os_1_com_0_time_0_rcom_0/9.txt,25,4,1000,H,9,3600,154665,182888,15.4318,0,0,0,0
30_2_10/os_0_com_0_time_0_rcom_0/0.txt,30,2,10,L,0,3600,1530,1555,1.6077,0,188,4969,3217
30_2_10/os_0_com_0_time_0_rcom_0/1.txt,30,2,10,L,1,1318.677,1624,1624,0,1,196,5817,3253
30_2_10/os_0_com_0_time_0_rcom_0/2.txt,30,2,10,L,2,3600,1481,1549,4.3899,0,175,6053,3205
30_2_10/os_0_com_0_time_0_rcom_0/3.txt,30,2,10,L,3,3600,1327,1350,1.7037,0,42,999,758
30_2_10/os_0_com_0_time_0_rcom_0/4.txt,30,2,10,L,4,1105.514,1137,1137,0,1,157,6198,2661
30_2_10/os_0_com_0_time_0_rcom_0/5.txt,30,2,10,L,5,3600,1290,1355,4.797,0,36,840,508
30_2_10/os_0_com_0_time_0_rcom_0/6.txt,30,2,10,L,6,3600,1582,1659,4.6414,0,33,714,472
30_2_10/os_0_com_0_time_0_rcom_0/7.txt,30,2,10,L,7,2724.009,1451,1451,0,1,287,9743,4778
30_2_10/os_0_com_0_time_0_rcom_0/8.txt,30,2,10,L,8,1426.208,1257,1257,0,1,299,9336,5574
30_2_10/os_0_com_0_time_0_rcom_0/9.txt,30,2,10,L,9,3600,1270,1313,3.2749,0,61,2069,1057
30_2_10/os_1_com_0_time_0_rcom_0/0.txt,30,2,10,H,0,3600,2000,2225,10.1124,0,5044,761413,73561
30_2_10/os_1_com_0_time_0_rcom_0/1.txt,30,2,10,H,1,51.566,2431,2431,0,1,136,21668,1463
30_2_10/os_1_com_0_time_0_rcom_0/2.txt,30,2,10,H,2,1315.574,2612,2612,0,1,2793,277477,33100
30_2_10/os_1_com_0_time_0_rcom_0/3.txt,30,2,10,H,3,3600,1842,1925,4.3117,0,3373,398997,53496
30_2_10/os_1_com_0_time_0_rcom_0/4.txt,30,2,10,H,4,22.325,2667,2667,0,1,86,11648,583
30_2_10/os_1_com_0_time_0_rcom_0/5.txt,30,2,10,H,5,182.3,2164,2164,0,1,395,75868,4293
30_2_10/os_1_com_0_time_0_rcom_0/6.txt,30,2,10,H,6,400.106,2449,2449,0,1,951,122666,11091
30_2_10/os_1_com_0_time_0_rcom_0/7.txt,30,2,10,H,7,546.712,2077,2077,0,1,1082,157671,14294
30_2_10/os_1_com_0_time_0_rcom_0/8.txt,30,2,10,H,8,2795.544,1964,1964,0,1,1734,322423,24615
30_2_10/os_1_com_0_time_0_rcom_0/9.txt,30,2,10,H,9,42.839,2265,2265,0,1,117,17165,1168
30_2_30/os_0_com_0_time_0_rcom_0/0.txt,30,2,30,L,0,3600,4532,4956,8.5553,0,4,365,146
30_2_30/os_0_com_0_time_0_rcom_0/1.txt,30,2,30,L,1,3600,4703,4762,1.239,0,107,8122,4970
30_2_30/os_0_com_0_time_0_rcom_0/2.txt,30,2,30,L,2,3600,4685,4841,3.2225,0,36,3265,1799
30_2_30/os_0_com_0_time_0_rcom_0/3.txt,30,2,30,L,3,3600,3907,4159,6.0591,0,16,1056,687
30_2_30/os_0_com_0_time_0_rcom_0/4.txt,30,2,30,L,4,1463.596,3360,3360,0,1,109,13523,5526
30_2_30/os_0_com_0_time_0_rcom_0/5.txt,30,2,30,L,5,3600,3800,3992,4.8096,0,33,3174,1584
30_2_30/os_0_com_0_time_0_rcom_0/6.txt,30,2,30,L,6,3600,4691,4995,6.0861,0,22,1438,1179
30_2_30/os_0_com_0_time_0_rcom_0/7.txt,30,2,30,L,7,3600,4313,4579,5.8091,0,73,6801,2952
30_2_30/os_0_com_0_time_0_rcom_0/8.txt,30,2,30,L,8,3600,3943,3984,1.0291,0,285,27529,15360
30_2_30/os_0_com_0_time_0_rcom_0/9.txt,30,2,30,L,9,3600,3932,4033,2.5043,0,49,4538,2102
30_2_30/os_1_com_0_time_0_rcom_0/0.txt,30,2,30,H,0,3600,6003,6530,8.0704,0,1544,749421,75220
30_2_30/os_1_com_0_time_0_rcom_0/1.txt,30,2,30,H,1,3600,7325,7559,3.0956,0,1520,822739,55392
30_2_30/os_1_com_0_time_0_rcom_0/2.txt,30,2,30,H,2,2698.623,7844,7844,0,1,1162,399669,41395
30_2_30/os_1_com_0_time_0_rcom_0/3.txt,30,2,30,H,3,3600,5471,5926,7.678,0,1638,690238,71229
30_2_30/os_1_com_0_time_0_rcom_0/4.txt,30,2,30,H,4,114.38,8292,8292,0,1,60,31389,1642
30_2_30/os_1_com_0_time_0_rcom_0/5.txt,30,2,30,H,5,304.286,6484,6484,0,1,152,74904,4117
30_2_30/os_1_com_0_time_0_rcom_0/6.txt,30,2,30,H,6,1189.104,7427,7427,0,1,645,320381,23491
30_2_30/os_1_com_0_time_0_rcom_0/7.txt,30,2,30,H,7,1473.465,6296,6296,0,1,440,197359,17630
30_2_30/os_1_com_0_time_0_rcom_0/8.txt,30,2,30,H,8,625.684,5850,5850,0,1,173,84103,6642
30_2_30/os_1_com_0_time_0_rcom_0/9.txt,30,2,30,H,9,450.056,7022,7022,0,1,361,163072,9936
30_2_50/os_0_com_0_time_0_rcom_0/0.txt,30,2,50,L,0,3600,7785,8047,3.2559,0,38,4778,2796
30_2_50/os_0_com_0_time_0_rcom_0/1.txt,30,2,50,L,1,3600,7700,7883,2.3215,0,69,9875,5061
30_2_50/os_0_com_0_time_0_rcom_0/2.txt,30,2,50,L,2,3600,7385,7885,6.3412,0,65,9153,5711
30_2_50/os_0_com_0_time_0_rcom_0/3.txt,30,2,50,L,3,3600,6568,6893,4.7149,0,14,1523,1089
30_2_50/os_0_com_0_time_0_rcom_0/4.txt,30,2,50,L,4,3600,5450,5762,5.4148,0,66,13088,5552
30_2_50/os_0_com_0_time_0_rcom_0/5.txt,30,2,50,L,5,3600,6536,6920,5.5491,0,15,1680,1121
30_2_50/os_0_com_0_time_0_rcom_0/6.txt,30,2,50,L,6,3600,7895,8374,5.7201,0,13,1949,779
30_2_50/os_0_com_0_time_0_rcom_0/7.txt,30,2,50,L,7,3600,6982,7333,4.7866,0,61,8718,4560
30_2_50/os_0_com_0_time_0_rcom_0/8.txt,30,2,50,L,8,3464.307,6488,6488,0,1,155,19271,14425
30_2_50/os_0_com_0_time_0_rcom_0/9.txt,30,2,50,L,9,3600,6539,6790,3.6966,0,13,2956,1053
30_2_50/os_1_com_0_time_0_rcom_0/0.txt,30,2,50,H,0,3600,10115,11439,11.5744,0,1118,838534,87872
30_2_50/os_1_com_0_time_0_rcom_0/1.txt,30,2,50,H,1,748.111,12050,12051,0.0083,0,201,139020,9190
30_2_50/os_1_com_0_time_0_rcom_0/2.txt,30,2,50,H,2,3600,12956,13320,2.7327,0,1574,846390,96451
30_2_50/os_1_com_0_time_0_rcom_0/3.txt,30,2,50,H,3,3600,9120,9792,6.8627,0,808,504777,68327
30_2_50/os_1_com_0_time_0_rcom_0/4.txt,30,2,50,H,4,270.864,13797,13798,0.0072,0,169,114466,5340
30_2_50/os_1_com_0_time_0_rcom_0/5.txt,30,2,50,H,5,1209.085,11116,11117,0.009,0,412,369913,19938
30_2_50/os_1_com_0_time_0_rcom_0/6.txt,30,2,50,H,6,3110.792,12366,12367,0.0081,0,810,590023,47781
30_2_50/os_1_com_0_time_0_rcom_0/7.txt,30,2,50,H,7,3600,10173,10689,4.8274,0,1251,901940,85136
30_2_50/os_1_com_0_time_0_rcom_0/8.txt,30,2,50,H,8,3600,9777,10191,4.0624,0,541,511523,37098
30_2_50/os_1_com_0_time_0_rcom_0/9.txt,30,2,50,H,9,287.906,11750,11751,0.0085,0,138,102360,6792
30_2_100/os_0_com_0_time_0_rcom_0/0.txt,30,2,100,L,0,3600,13158,14108,6.7338,0,37,8561,6907
30_2_100/os_0_com_0_time_0_rcom_0/1.txt,30,2,100,L,1,3600,15415,16866,8.6031,0,1,276,196
30_2_100/os_0_com_0_time_0_rcom_0/2.txt,30,2,100,L,2,3600,15836,16466,3.8261,0,8,1690,886
30_2_100/os_0_com_0_time_0_rcom_0/3.txt,30,2,100,L,3,3600,13090,14750,11.2542,0,7,1616,1279
30_2_100/os_0_com_0_time_0_rcom_0/4.txt,30,2,100,L,4,3600,12317,12693,2.9623,0,13,4122,2070
30_2_100/os_0_com_0_time_0_rcom_0/5.txt,30,2,100,L,5,3600,10333,11277,8.371,0,1,258,156
30_2_100/os_0_com_0_time_0_rcom_0/6.txt,30,2,100,L,6,3600,14605,16775,12.9359,0,2,465,384
30_2_100/os_0_com_0_time_0_rcom_0/7.txt,30,2,100,L,7,3600,13605,14909,8.7464,0,2,514,355
30_2_100/os_0_com_0_time_0_rcom_0/8.txt,30,2,100,L,8,3600,13399,15436,13.1964,0,6,1443,1167
30_2_100/os_0_com_0_time_0_rcom_0/9.txt,30,2,100,L,9,3600,14039,14590,3.7766,0,12,2555,1746
30_2_100/os_1_com_0_time_0_rcom_0/0.txt,30,2,100,H,0,3600,18436,20139,8.4562,0,484,711620,72320
30_2_100/os_1_com_0_time_0_rcom_0/1.txt,30,2,100,H,1,3600,20632,21699,4.9173,0,442,668486,55294
30_2_100/os_1_com_0_time_0_rcom_0/2.txt,30,2,100,H,2,3600,26006,26657,2.4421,0,509,877685,57170
30_2_100/os_1_com_0_time_0_rcom_0/3.txt,30,2,100,H,3,3600,20522,21077,2.6332,0,209,439790,27704
30_2_100/os_1_com_0_time_0_rcom_0/4.txt,30,2,100,H,4,288.534,24328,24330,0.0082,0,45,42943,2033
30_2_100/os_1_com_0_time_0_rcom_0/5.txt,30,2,100,H,5,2320.487,19046,19047,0.0053,0,139,233535,12819
30_2_100/os_1_com_0_time_0_rcom_0/6.txt,30,2,100,H,6,3600,21214,23957,11.4497,0,265,439847,46775
30_2_100/os_1_com_0_time_0_rcom_0/7.txt,30,2,100,H,7,3600,19229,21711,11.432,0,261,460349,45938
30_2_100/os_1_com_0_time_0_rcom_0/8.txt,30,2,100,H,8,3600,19218,20910,8.0918,0,409,586482,62772
30_2_100/os_1_com_0_time_0_rcom_0/9.txt,30,2,100,H,9,3600,21945,22950,4.3791,0,271,423507,40990
30_2_500/os_0_com_0_time_0_rcom_0/0.txt,30,2,500,L,0,3600,66453,74025,10.229,0,10,12655,9534
30_2_500/os_0_com_0_time_0_rcom_0/1.txt,30,2,500,L,1,3600,78446,87200,10.039,0,1,1424,800
30_2_500/os_0_com_0_time_0_rcom_0/2.txt,30,2,500,L,2,3600,78829,86709,9.0879,0,1,1514,780
30_2_500/os_0_com_0_time_0_rcom_0/3.txt,30,2,500,L,3,3600,65106,73924,11.9285,0,6,7512,5395
30_2_500/os_0_com_0_time_0_rcom_0/4.txt,30,2,500,L,4,3600,61508,70528,12.7892,0,4,7472,3494
30_2_500/os_0_com_0_time_0_rcom_0/5.txt,30,2,500,L,5,3600,50783,55689,8.8096,0,3,5958,2766
30_2_500/os_0_com_0_time_0_rcom_0/6.txt,30,2,500,L,6,3600,73939,83117,11.0423,0,1,1124,870
30_2_500/os_0_com_0_time_0_rcom_0/7.txt,30,2,500,L,7,3600,68599,76104,9.8615,0,1,1154,911
30_2_500/os_0_com_0_time_0_rcom_0/8.txt,30,2,500,L,8,3600,66396,73264,9.3743,0,3,3604,2518
30_2_500/os_0_com_0_time_0_rcom_0/9.txt,30,2,500,L,9,3600,68785,75634,9.0555,0,2,2685,1793
30_2_500/os_1_com_0_time_0_rcom_0/0.txt,30,2,500,H,0,3600,89915,99554,9.6822,0,33,262357,28823
30_2_500/os_1_com_0_time_0_rcom_0/1.txt,30,2,500,H,1,3600,100619,111341,9.6299,0,34,263543,26863
30_2_500/os_1_com_0_time_0_rcom_0/2.txt,30,2,500,H,2,3600,127077,135922,6.5074,0,43,389978,27250
30_2_500/os_1_com_0_time_0_rcom_0/3.txt,30,2,500,H,3,3600,97037,107419,9.665,0,13,135314,11456
30_2_500/os_1_com_0_time_0_rcom_0/4.txt,30,2,500,H,4,3600,121406,122061,0.5366,0,34,227102,12736
30_2_500/os_1_com_0_time_0_rcom_0/5.txt,30,2,500,H,5,3600,90606,93247,2.8323,0,28,269086,18115
30_2_500/os_1_com_0_time_0_rcom_0/6.txt,30,2,500,H,6,3600,104777,119429,12.2684,0,13,124623,12328
30_2_500/os_1_com_0_time_0_rcom_0/7.txt,30,2,500,H,7,3600,94489,102262,7.6011,0,24,208381,19164
30_2_500/os_1_com_0_time_0_rcom_0/8.txt,30,2,500,H,8,3600,95073,100348,5.2567,0,26,199602,20249
30_2_500/os_1_com_0_time_0_rcom_0/9.txt,30,2,500,H,9,3600,110468,115878,4.6687,0,17,157406,13660
30_2_1000/os_0_com_0_time_0_rcom_0/0.txt,30,2,1000,L,0,3600,132311,147850,10.51,0,6,12384,9845
30_2_1000/os_0_com_0_time_0_rcom_0/1.txt,30,2,1000,L,1,3600,159225,172653,7.7774,0,1,2649,1243
30_2_1000/os_0_com_0_time_0_rcom_0/2.txt,30,2,1000,L,2,3600,158358,176633,10.3463,0,1,2475,1574
30_2_1000/os_0_com_0_time_0_rcom_0/3.txt,30,2,1000,L,3,3600,132432,148859,11.0353,0,2,4769,3832
30_2_1000/os_0_com_0_time_0_rcom_0/4.txt,30,2,1000,L,4,3600,130131,138273,5.8884,0,2,7195,3444
30_2_1000/os_0_com_0_time_0_rcom_0/5.txt,30,2,1000,L,5,3600,103834,114499,9.3145,0,1,3925,1583
30_2_1000/os_0_com_0_time_0_rcom_0/6.txt,30,2,1000,L,6,3600,147709,164960,10.4577,0,1,55,0
30_2_1000/os_0_com_0_time_0_rcom_0/7.txt,30,2,1000,L,7,3600,135424,154971,12.6133,0,1,2471,1563
30_2_1000/os_0_com_0_time_0_rcom_0/8.txt,30,2,1000,L,8,3600,132162,146562,9.8252,0,1,2515,1596
30_2_1000/os_0_com_0_time_0_rcom_0/9.txt,30,2,1000,L,9,3600,140320,154400,9.1192,0,2,3121,1548
30_2_1000/os_1_com_0_time_0_rcom_0/0.txt,30,2,1000,H,0,3600,175513,196574,10.714,0,1,16516,1906
30_2_1000/os_1_com_0_time_0_rcom_0/1.txt,30,2,1000,H,1,3600,200987,223177,9.9428,0,0,0,0
30_2_1000/os_1_com_0_time_0_rcom_0/2.txt,30,2,1000,H,2,3600,252548,267248,5.5005,0,0,0,0
30_2_1000/os_1_com_0_time_0_rcom_0/3.txt,30,2,1000,H,3,3600,175099,213233,17.8837,0,0,0,0
30_2_1000/os_1_com_0_time_0_rcom_0/4.txt,30,2,1000,H,4,3600,215226,242564,11.2704,0,0,0,0
30_2_1000/os_1_com_0_time_0_rcom_0/5.txt,30,2,1000,H,5,3600,180013,192395,6.4357,0,0,0,0
30_2_1000/os_1_com_0_time_0_rcom_0/6.txt,30,2,1000,H,6,3600,187293,242016,22.6113,0,0,0,0
30_2_1000/os_1_com_0_time_0_rcom_0/7.txt,30,2,1000,H,7,3600,185979,203232,8.4893,0,0,0,0
30_2_1000/os_1_com_0_time_0_rcom_0/8.txt,30,2,1000,H,8,3600,186985,207183,9.7489,0,0,0,0
30_2_1000/os_1_com_0_time_0_rcom_0/9.txt,30,2,1000,H,9,3600,198017,230209,13.9838,0,0,0,0
30_3_10/os_0_com_0_time_0_rcom_0/0.txt,30,3,10,L,0,964.612,886,886,0,1,786,39604,16505
30_3_10/os_0_com_0_time_0_rcom_0/1.txt,30,3,10,L,1,3600,828,847,2.2432,0,2389,131342,45457
30_3_10/os_0_com_0_time_0_rcom_0/2.txt,30,3,10,L,2,308.644,900,900,0,1,500,42767,7408
30_3_10/os_0_com_0_time_0_rcom_0/3.txt,30,3,10,L,3,178.684,937,937,0,1,325,20378,6450
30_3_10/os_0_com_0_time_0_rcom_0/4.txt,30,3,10,L,4,338.389,929,929,0,1,834,44870,15127
30_3_10/os_0_com_0_time_0_rcom_0/5.txt,30,3,10,L,5,512.685,981,981,0,1,589,44646,9024
30_3_10/os_0_com_0_time_0_rcom_0/6.txt,30,3,10,L,6,3600,917,951,3.5752,0,2226,120852,40424
30_3_10/os_0_com_0_time_0_rcom_0/7.txt,30,3,10,L,7,277.007,1025,1025,0,1,535,31040,8675
30_3_10/os_0_com_0_time_0_rcom_0/8.txt,30,3,10,L,8,3600,960,990,3.0303,0,1384,112250,27863
30_3_10/os_0_com_0_time_0_rcom_0/9.txt,30,3,10,L,9,698.537,805,805,0,1,862,42732,14823
30_3_10/os_1_com_0_time_0_rcom_0/0.txt,30,3,10,H,0,440.339,1841,1841,0,1,599,88408,5178
30_3_10/os_1_com_0_time_0_rcom_0/1.txt,30,3,10,H,1,8.659,2026,2026,0,1,31,3359,146
30_3_10/os_1_com_0_time_0_rcom_0/2.txt,30,3,10,H,2,257.864,2145,2145,0,1,381,43510,2680
30_3_10/os_1_com_0_time_0_rcom_0/3.txt,30,3,10,H,3,3600,1716,1727,0.6369,0,480,81453,6754
30_3_10/os_1_com_0_time_0_rcom_0/4.txt,30,3,10,H,4,3.45,2496,2496,0,1,4,459,15
30_3_10/os_1_com_0_time_0_rcom_0/5.txt,30,3,10,H,5,91.048,2236,2236,0,1,352,36790,2640
30_3_10/os_1_com_0_time_0_rcom_0/6.txt,30,3,10,H,6,3.201,2132,2132,0,1,6,308,12
30_3_10/os_1_com_0_time_0_rcom_0/7.txt,30,3,10,H,7,3600,1782,1812,1.6556,0,909,169697,11188
30_3_10/os_1_com_0_time_0_rcom_0/8.txt,30,3,10,H,8,3600,1697,1744,2.695,0,2003,286654,24923
30_3_10/os_1_com_0_time_0_rcom_0/9.txt,30,3,10,H,9,3.198,1975,1975,0,1,10,780,24
30_3_30/os_0_com_0_time_0_rcom_0/0.txt,30,3,30,L,0,3600,2554,2679,4.6659,0,1470,199919,77467
30_3_30/os_0_com_0_time_0_rcom_0/1.txt,30,3,30,L,1,3600,2434,2587,5.9142,0,1218,193185,69462
30_3_30/os_0_com_0_time_0_rcom_0/2.txt,30,3,30,L,2,3600,2757,2815,2.0604,0,805,163421,37458
30_3_30/os_0_com_0_time_0_rcom_0/3.txt,30,3,30,L,3,1728.115,2834,2834,0,1,599,112466,32189
30_3_30/os_0_com_0_time_0_rcom_0/4.txt,30,3,30,L,4,291.383,2866,2866,0,1,231,38884,9931
30_3_30/os_0_com_0_time_0_rcom_0/5.txt,30,3,30,L,5,1120.056,2900,2900,0,1,464,72772,21022
30_3_30/os_0_com_0_time_0_rcom_0/6.txt,30,3,30,L,6,722.719,2758,2758,0,1,235,49022,12448
30_3_30/os_0_com_0_time_0_rcom_0/7.txt,30,3,30,L,7,1525.442,3174,3174,0,1,646,100554,27031
30_3_30/os_0_com_0_time_0_rcom_0/8.txt,30,3,30,L,8,3600,2871,3099,7.3572,0,1022,251543,59582
30_3_30/os_0_com_0_time_0_rcom_0/9.txt,30,3,30,L,9,916.478,2373,2373,0,1,508,66180,24200
30_3_30/os_1_com_0_time_0_rcom_0/0.txt,30,3,30,H,0,2384.684,5519,5519,0,1,327,176884,10393
30_3_30/os_1_com_0_time_0_rcom_0/1.txt,30,3,30,H,1,18.758,6269,6269,0,1,19,4887,212
30_3_30/os_1_com_0_time_0_rcom_0/2.txt,30,3,30,H,2,86.61,6720,6720,0,1,46,21033,1080
30_3_30/os_1_com_0_time_0_rcom_0/3.txt,30,3,30,H,3,3600,5136,5403,4.9417,0,533,294982,25094
30_3_30/os_1_com_0_time_0_rcom_0/4.txt,30,3,30,H,4,26.059,7387,7387,0,1,11,4724,218
30_3_30/os_1_com_0_time_0_rcom_0/5.txt,30,3,30,H,5,106.953,6916,6916,0,1,94,42534,2604
30_3_30/os_1_com_0_time_0_rcom_0/6.txt,30,3,30,H,6,34.77,6328,6328,0,1,39,7846,380
30_3_30/os_1_com_0_time_0_rcom_0/7.txt,30,3,30,H,7,3600,5459,5562,1.8519,0,79,44215,3629
30_3_30/os_1_com_0_time_0_rcom_0/8.txt,30,3,30,H,8,3600,5061,5459,7.2907,0,1088,498867,51059
30_3_30/os_1_com_0_time_0_rcom_0/9.txt,30,3,30,H,9,8.698,5898,5898,0,1,6,1754,56
30_3_50/os_0_com_0_time_0_rcom_0/0.txt,30,3,50,L,0,3600,4257,4442,4.1648,0,735,181312,69685
30_3_50/os_0_com_0_time_0_rcom_0/1.txt,30,3,50,L,1,3600,3968,4277,7.2247,0,1039,273115,100793
30_3_50/os_0_com_0_time_0_rcom_0/2.txt,30,3,50,L,2,2086.43,4509,4509,0,1,372,143339,26224
30_3_50/os_0_com_0_time_0_rcom_0/3.txt,30,3,50,L,3,2886.389,4733,4733,0,1,519,155597,46207
30_3_50/os_0_com_0_time_0_rcom_0/4.txt,30,3,50,L,4,3600,4780,4834,1.1171,0,589,168747,47285
30_3_50/os_0_com_0_time_0_rcom_0/5.txt,30,3,50,L,5,3600,4823,4839,0.3306,0,826,218500,56073
30_3_50/os_0_com_0_time_0_rcom_0/6.txt,30,3,50,L,6,3600,4464,4863,8.2048,0,915,276769,83861
30_3_50/os_0_com_0_time_0_rcom_0/7.txt,30,3,50,L,7,1679.836,5247,5247,0,1,269,95400,24038
30_3_50/os_0_com_0_time_0_rcom_0/8.txt,30,3,50,L,8,3600,4817,5067,4.9339,0,491,208175,50883
30_3_50/os_0_com_0_time_0_rcom_0/9.txt,30,3,50,L,9,3600,3927,4005,1.9476,0,585,139659,52378
30_3_50/os_1_com_0_time_0_rcom_0/0.txt,30,3,50,H,0,3600,8976,9153,1.9338,0,516,403857,27420
30_3_50/os_1_com_0_time_0_rcom_0/1.txt,30,3,50,H,1,106.247,10404,10405,0.0096,0,53,22868,887
30_3_50/os_1_com_0_time_0_rcom_0/2.txt,30,3,50,H,2,1078.201,11304,11305,0.0088,0,289,140118,8254
30_3_50/os_1_com_0_time_0_rcom_0/3.txt,30,3,50,H,3,3600,8677,8847,1.9216,0,143,120529,8881
30_3_50/os_1_com_0_time_0_rcom_0/4.txt,30,3,50,H,4,37.803,12408,12408,0,1,13,3620,145
30_3_50/os_1_com_0_time_0_rcom_0/5.txt,30,3,50,H,5,1324.664,11353,11354,0.0088,0,578,323564,17293
30_3_50/os_1_com_0_time_0_rcom_0/6.txt,30,3,50,H,6,38.558,10562,10562,0,1,18,4590,354
30_3_50/os_1_com_0_time_0_rcom_0/7.txt,30,3,50,H,7,3600,9048,9390,3.6422,0,313,313286,21103
30_3_50/os_1_com_0_time_0_rcom_0/8.txt,30,3,50,H,8,3600,8333,8961,7.0081,0,677,505169,51421
30_3_50/os_1_com_0_time_0_rcom_0/9.txt,30,3,50,H,9,22.446,10095,10095,0,1,12,3473,86
30_3_100/os_0_com_0_time_0_rcom_0/0.txt,30,3,100,L,0,3600,9564,10782,11.2966,0,360,265750,75722
30_3_100/os_0_com_0_time_0_rcom_0/1.txt,30,3,100,L,1,3600,8697,9391,7.3901,0,413,293374,82672
30_3_100/os_0_com_0_time_0_rcom_0/2.txt,30,3,100,L,2,3600,7877,8171,3.5981,0,352,183763,51404
30_3_100/os_0_com_0_time_0_rcom_0/3.txt,30,3,100,L,3,3600,8282,8991,7.8857,0,486,313775,92284
30_3_100/os_0_com_0_time_0_rcom_0/4.txt,30,3,100,L,4,3600,8990,9401,4.3719,0,307,139097,63916
30_3_100/os_0_com_0_time_0_rcom_0/5.txt,30,3,100,L,5,3600,9233,10004,7.7069,0,292,200121,65398
30_3_100/os_0_com_0_time_0_rcom_0/6.txt,30,3,100,L,6,3600,8153,9013,9.5418,0,335,175140,72988
30_3_100/os_0_com_0_time_0_rcom_0/7.txt,30,3,100,L,7,3600,9678,10564,8.387,0,211,93051,46622
30_3_100/os_0_com_0_time_0_rcom_0/8.txt,30,3,100,L,8,3600,8370,8576,2.4021,0,267,199435,43938
30_3_100/os_0_com_0_time_0_rcom_0/9.txt,30,3,100,L,9,3600,9204,9775,5.8414,0,349,134336,66609
30_3_100/os_1_com_0_time_0_rcom_0/0.txt,30,3,100,H,0,3600,16844,17816,5.4558,0,156,280685,22639
30_3_100/os_1_com_0_time_0_rcom_0/1.txt,30,3,100,H,1,3600,17717,19117,7.3233,0,360,605082,36270
30_3_100/os_1_com_0_time_0_rcom_0/2.txt,30,3,100,H,2,1611.212,21216,21218,0.0094,0,151,231683,11963
30_3_100/os_1_com_0_time_0_rcom_0/3.txt,30,3,100,H,3,793.996,19282,19283,0.0052,0,48,54484,2202
30_3_100/os_1_com_0_time_0_rcom_0/4.txt,30,3,100,H,4,1918.79,23213,23214,0.0043,0,79,116589,5503
30_3_100/os_1_com_0_time_0_rcom_0/5.txt,30,3,100,H,5,3600,16710,18214,8.2574,0,169,292784,24889
30_3_100/os_1_com_0_time_0_rcom_0/6.txt,30,3,100,H,6,146.404,21554,21555,0.0046,0,12,11356,400
30_3_100/os_1_com_0_time_0_rcom_0/7.txt,30,3,100,H,7,3600,17841,19448,8.2631,0,171,342580,29023
30_3_100/os_1_com_0_time_0_rcom_0/8.txt,30,3,100,H,8,3600,16618,17789,6.5827,0,228,451219,32349
30_3_100/os_1_com_0_time_0_rcom_0/9.txt,30,3,100,H,9,421.058,21355,21357,0.0094,0,43,36383,1274
30_3_500/os_0_com_0_time_0_rcom_0/0.txt,30,3,500,L,0,3600,47735,55744,14.3675,0,41,159910,56675
30_3_500/os_0_com_0_time_0_rcom_0/1.txt,30,3,500,L,1,3600,43037,48447,11.1668,0,36,155249,46032
30_3_500/os_0_com_0_time_0_rcom_0/2.txt,30,3,500,L,2,3600,38813,42050,7.698,0,79,287267,79300
30_3_500/os_0_com_0_time_0_rcom_0/3.txt,30,3,500,L,3,3600,39561,44419,10.9368,0,42,171897,50434
30_3_500/os_0_com_0_time_0_rcom_0/4.txt,30,3,500,L,4,3600,43332,50137,13.5728,0,18,59868,23891
30_3_500/os_0_com_0_time_0_rcom_0/5.txt,30,3,500,L,5,3600,45434,48926,7.1373,0,71,232942,85628
30_3_500/os_0_com_0_time_0_rcom_0/6.txt,30,3,500,L,6,3600,40486,47320,14.4421,0,62,188228,78924
30_3_500/os_0_com_0_time_0_rcom_0/7.txt,30,3,500,L,7,3600,46513,50875,8.574,0,16,37291,19060
30_3_500/os_0_com_0_time_0_rcom_0/8.txt,30,3,500,L,8,3600,40526,44857,9.6551,0,54,279916,62067
30_3_500/os_0_com_0_time_0_rcom_0/9.txt,30,3,500,L,9,3600,46258,51610,10.3701,0,26,52189,26314
30_3_500/os_1_com_0_time_0_rcom_0/0.txt,30,3,500,H,0,3600,83353,91027,8.4305,0,0,0,0
30_3_500/os_1_com_0_time_0_rcom_0/1.txt,30,3,500,H,1,3600,88060,94635,6.9477,0,8,82847,5276
30_3_500/os_1_com_0_time_0_rcom_0/2.txt,30,3,500,H,2,3600,105381,107978,2.4051,0,12,113116,8836
30_3_500/os_1_com_0_time_0_rcom_0/3.txt,30,3,500,H,3,3600,94576,96422,1.9145,0,0,0,0
30_3_500/os_1_com_0_time_0_rcom_0/4.txt,30,3,500,H,4,3600,112994,116004,2.5947,0,1,10918,752
30_3_500/os_1_com_0_time_0_rcom_0/5.txt,30,3,500,H,5,3600,82793,88904,6.8737,0,5,41820,4283
30_3_500/os_1_com_0_time_0_rcom_0/6.txt,30,3,500,H,6,3600,109870,110044,0.1581,0,1,7742,310
30_3_500/os_1_com_0_time_0_rcom_0/7.txt,30,3,500,H,7,3600,88563,94499,6.2815,0,2,16513,2085
30_3_500/os_1_com_0_time_0_rcom_0/8.txt,30,3,500,H,8,3600,83483,86748,3.7638,0,8,91413,6810
30_3_500/os_1_com_0_time_0_rcom_0/9.txt,30,3,500,H,9,3600,105629,106059,0.4054,0,4,30265,1982
30_3_1000/os_0_com_0_time_0_rcom_0/0.txt,30,3,1000,L,0,3600,94332,111638,15.5019,0,8,65735,18046
30_3_1000/os_0_com_0_time_0_rcom_0/1.txt,30,3,1000,L,1,3600,86020,98838,12.9687,0,27,201689,57223
30_3_1000/os_0_com_0_time_0_rcom_0/2.txt,30,3,1000,L,2,3600,75869,83674,9.3279,0,26,183235,56127
30_3_1000/os_0_com_0_time_0_rcom_0/3.txt,30,3,1000,L,3,3600,78442,87477,10.3284,0,16,107722,37447
30_3_1000/os_0_com_0_time_0_rcom_0/4.txt,30,3,1000,L,4,3600,86009,99135,13.2405,0,14,87268,38275
30_3_1000/os_0_com_0_time_0_rcom_0/5.txt,30,3,1000,L,5,3600,89497,103289,13.3528,0,12,83097,33498
30_3_1000/os_0_com_0_time_0_rcom_0/6.txt,30,3,1000,L,6,3600,81201,93512,13.1652,0,29,183025,75293
30_3_1000/os_0_com_0_time_0_rcom_0/7.txt,30,3,1000,L,7,3600,92324,104146,11.3514,0,13,73153,35205
30_3_1000/os_0_com_0_time_0_rcom_0/8.txt,30,3,1000,L,8,3600,79527,92789,14.2926,0,18,171197,48653
30_3_1000/os_0_com_0_time_0_rcom_0/9.txt,30,3,1000,L,9,3600,89445,99764,10.3434,0,25,101305,49352
30_3_1000/os_1_com_0_time_0_rcom_0/0.txt,30,3,1000,H,0,3600,140268,176683,20.6104,0,0,0,0
30_3_1000/os_1_com_0_time_0_rcom_0/1.txt,30,3,1000,H,1,3600,177102,193073,8.272,0,0,0,0
30_3_1000/os_1_com_0_time_0_rcom_0/2.txt,30,3,1000,H,2,3600,182966,219976,16.8246,0,0,0,0
30_3_1000/os_1_com_0_time_0_rcom_0/3.txt,30,3,1000,H,3,3600,164043,194172,15.5167,0,0,0,0
30_3_1000/os_1_com_0_time_0_rcom_0/4.txt,30,3,1000,H,4,3600,193834,229605,15.5794,0,0,0,0
30_3_1000/os_1_com_0_time_0_rcom_0/5.txt,30,3,1000,H,5,3600,141404,176178,19.738,0,0,0,0
30_3_1000/os_1_com_0_time_0_rcom_0/6.txt,30,3,1000,H,6,3600,190787,220972,13.6601,0,0,0,0
30_3_1000/os_1_com_0_time_0_rcom_0/7.txt,30,3,1000,H,7,3600,150532,187286,19.6245,0,0,0,0
30_3_1000/os_1_com_0_time_0_rcom_0/8.txt,30,3,1000,H,8,3600,163603,177161,7.6529,0,0,0,0
30_3_1000/os_1_com_0_time_0_rcom_0/9.txt,30,3,1000,H,9,3600,183651,212606,13.6191,0,0,0,0
30_4_10/os_0_com_0_time_0_rcom_0/0.txt,30,4,10,L,0,987.798,794,794,0,1,1665,93525,21097
30_4_10/os_0_com_0_time_0_rcom_0/1.txt,30,4,10,L,1,749.172,709,709,0,1,341,28784,7011
30_4_10/os_0_com_0_time_0_rcom_0/2.txt,30,4,10,L,2,1857.195,752,752,0,1,834,68394,12468
30_4_10/os_0_com_0_time_0_rcom_0/3.txt,30,4,10,L,3,792.62,667,667,0,1,740,62057,12399
30_4_10/os_0_com_0_time_0_rcom_0/4.txt,30,4,10,L,4,37.591,836,836,0,1,132,12823,1778
30_4_10/os_0_com_0_time_0_rcom_0/5.txt,30,4,10,L,5,245.375,764,764,0,1,768,59122,9740
30_4_10/os_0_com_0_time_0_rcom_0/6.txt,30,4,10,L,6,79.954,748,748,0,1,162,12694,2924
30_4_10/os_0_com_0_time_0_rcom_0/7.txt,30,4,10,L,7,103.836,790,790,0,1,595,35524,5509
30_4_10/os_0_com_0_time_0_rcom_0/8.txt,30,4,10,L,8,3010.315,797,797,0,1,459,52175,9133
30_4_10/os_0_com_0_time_0_rcom_0/9.txt,30,4,10,L,9,51.901,734,734,0,1,173,9699,2334
30_4_10/os_1_com_0_time_0_rcom_0/0.txt,30,4,10,H,0,87.908,1572,1572,0,1,140,22532,1243
30_4_10/os_1_com_0_time_0_rcom_0/1.txt,30,4,10,H,1,12.281,1980,1980,0,1,16,2872,138
30_4_10/os_1_com_0_time_0_rcom_0/2.txt,30,4,10,H,2,76.012,2004,2004,0,1,234,34303,1679
30_4_10/os_1_com_0_time_0_rcom_0/3.txt,30,4,10,H,3,548.43,1559,1559,0,1,408,80381,3902
30_4_10/os_1_com_0_time_0_rcom_0/4.txt,30,4,10,H,4,4.932,2218,2218,0,1,6,374,11
30_4_10/os_1_com_0_time_0_rcom_0/5.txt,30,4,10,H,5,37.504,1935,1935,0,1,84,13225,592
30_4_10/os_1_com_0_time_0_rcom_0/6.txt,30,4,10,H,6,7.219,1970,1970,0,1,14,1193,82
30_4_10/os_1_com_0_time_0_rcom_0/7.txt,30,4,10,H,7,21.246,1489,1489,0,1,29,5217,272
30_4_10/os_1_com_0_time_0_rcom_0/8.txt,30,4,10,H,8,1613.076,1653,1653,0,1,759,150526,8202
30_4_10/os_1_com_0_time_0_rcom_0/9.txt,30,4,10,H,9,4.828,1988,1988,0,1,8,1239,55
30_4_30/os_0_com_0_time_0_rcom_0/0.txt,30,4,30,L,0,3151.989,2312,2312,0,1,625,107097,21303
30_4_30/os_0_com_0_time_0_rcom_0/1.txt,30,4,30,L,1,3600,2171,2295,5.4031,0,218,65041,16459
30_4_30/os_0_com_0_time_0_rcom_0/2.txt,30,4,30,L,2,3600,2278,2420,5.8678,0,264,90660,14219
30_4_30/os_0_com_0_time_0_rcom_0/3.txt,30,4,30,L,3,1136.01,1995,1995,0,1,293,62284,10329
30_4_30/os_0_com_0_time_0_rcom_0/4.txt,30,4,30,L,4,541.907,2599,2599,0,1,400,90027,13588
30_4_30/os_0_com_0_time_0_rcom_0/5.txt,30,4,30,L,5,3600,2416,2446,1.2265,0,427,115269,20562
30_4_30/os_0_com_0_time_0_rcom_0/6.txt,30,4,30,L,6,1093.848,2275,2275,0,1,352,72425,14423
30_4_30/os_0_com_0_time_0_rcom_0/7.txt,30,4,30,L,7,1566.282,2368,2368,0,1,640,137616,22559
30_4_30/os_0_com_0_time_0_rcom_0/8.txt,30,4,30,L,8,3600,2287,2449,6.6149,0,220,86990,14063
30_4_30/os_0_com_0_time_0_rcom_0/9.txt,30,4,30,L,9,3600,2230,2334,4.4559,0,930,161680,38338
30_4_30/os_1_com_0_time_0_rcom_0/0.txt,30,4,30,H,0,162.685,4887,4887,0,1,41,18054,805
30_4_30/os_1_com_0_time_0_rcom_0/1.txt,30,4,30,H,1,151.762,6146,6146,0,1,68,25922,1099
30_4_30/os_1_com_0_time_0_rcom_0/2.txt,30,4,30,H,2,2014.943,6286,6286,0,1,1196,269138,15847
30_4_30/os_1_com_0_time_0_rcom_0/3.txt,30,4,30,H,3,3600,4671,4678,0.1496,0,149,82633,3849
30_4_30/os_1_com_0_time_0_rcom_0/4.txt,30,4,30,H,4,199.993,7169,7169,0,1,42,20878,840
30_4_30/os_1_com_0_time_0_rcom_0/5.txt,30,4,30,H,5,56.145,6023,6023,0,1,44,21678,904
30_4_30/os_1_com_0_time_0_rcom_0/6.txt,30,4,30,H,6,80.727,6200,6200,0,1,34,12925,582
30_4_30/os_1_com_0_time_0_rcom_0/7.txt,30,4,30,H,7,216.81,4381,4381,0,1,24,8451,433
30_4_30/os_1_com_0_time_0_rcom_0/8.txt,30,4,30,H,8,746.297,5074,5074,0,1,173,88963,4741
30_4_30/os_1_com_0_time_0_rcom_0/9.txt,30,4,30,H,9,64.889,5780,5780,0,1,134,25537,1160
30_4_50/os_0_com_0_time_0_rcom_0/0.txt,30,4,50,L,0,2009.201,3863,3863,0,1,150,45052,9362
30_4_50/os_0_com_0_time_0_rcom_0/1.txt,30,4,50,L,1,3600,3473,3802,8.6533,0,251,123051,25355
30_4_50/os_0_com_0_time_0_rcom_0/2.txt,30,4,50,L,2,3600,3770,4040,6.6832,0,141,81240,14296
30_4_50/os_0_com_0_time_0_rcom_0/3.txt,30,4,50,L,3,3600,3405,3554,4.1925,0,185,84060,14503
30_4_50/os_0_com_0_time_0_rcom_0/4.txt,30,4,50,L,4,360.007,4298,4298,0,1,200,44127,3484
30_4_50/os_0_com_0_time_0_rcom_0/5.txt,30,4,50,L,5,915.051,3919,3919,0,1,200,75220,10695
30_4_50/os_0_com_0_time_0_rcom_0/6.txt,30,4,50,L,6,2197.598,3899,3899,0,1,181,72436,13122
30_4_50/os_0_com_0_time_0_rcom_0/7.txt,30,4,50,L,7,1493.779,3886,3886,0,1,633,167940,23503
30_4_50/os_0_com_0_time_0_rcom_0/8.txt,30,4,50,L,8,3600,3755,4008,6.3124,0,54,37564,7516
30_4_50/os_0_com_0_time_0_rcom_0/9.txt,30,4,50,L,9,676.1,3825,3825,0,1,274,83974,15103
30_4_50/os_1_com_0_time_0_rcom_0/0.txt,30,4,50,H,0,1239.476,8261,8261,0,1,120,79169,3658
30_4_50/os_1_com_0_time_0_rcom_0/1.txt,30,4,50,H,1,466.648,10115,10115,0,1,77,69160,3096
30_4_50/os_1_com_0_time_0_rcom_0/2.txt,30,4,50,H,2,3600,10396,10432,0.3451,0,783,520684,24299
30_4_50/os_1_com_0_time_0_rcom_0/3.txt,30,4,50,H,3,3600,7747,7773,0.3345,0,70,61690,3467
30_4_50/os_1_com_0_time_0_rcom_0/4.txt,30,4,50,H,4,50.048,11763,11763,0,1,15,3842,94
30_4_50/os_1_com_0_time_0_rcom_0/5.txt,30,4,50,H,5,174.907,9704,9704,0,1,15,12871,548
30_4_50/os_1_com_0_time_0_rcom_0/6.txt,30,4,50,H,6,619.257,10545,10546,0.0095,0,20,19957,950
30_4_50/os_1_com_0_time_0_rcom_0/7.txt,30,4,50,H,7,670.259,7421,7421,0,1,75,46082,2108
30_4_50/os_1_com_0_time_0_rcom_0/8.txt,30,4,50,H,8,3600,8087,8262,2.1181,0,206,214981,12412
30_4_50/os_1_com_0_time_0_rcom_0/9.txt,30,4,50,H,9,116.204,9851,9851,0,1,31,23585,1129
30_4_100/os_0_com_0_time_0_rcom_0/0.txt,30,4,100,L,0,2846.893,8114,8114,0,1,158,107701,12455
30_4_100/os_0_com_0_time_0_rcom_0/1.txt,30,4,100,L,1,3600,6143,6552,6.2424,0,253,189996,41339
30_4_100/os_0_com_0_time_0_rcom_0/2.txt,30,4,100,L,2,3600,5972,6180,3.3657,0,135,95489,17201
30_4_100/os_0_com_0_time_0_rcom_0/3.txt,30,4,100,L,3,3600,6586,6974,5.5635,0,143,124827,19504
30_4_100/os_0_com_0_time_0_rcom_0/4.txt,30,4,100,L,4,3600,6594,7493,11.9979,0,183,209811,45033
30_4_100/os_0_com_0_time_0_rcom_0/5.txt,30,4,100,L,5,3600,7111,7761,8.3752,0,207,196101,42449
30_4_100/os_0_com_0_time_0_rcom_0/6.txt,30,4,100,L,6,2053.243,7180,7180,0,1,213,91836,15047
30_4_100/os_0_com_0_time_0_rcom_0/7.txt,30,4,100,L,7,3600,6098,6354,4.029,0,83,64757,18065
30_4_100/os_0_com_0_time_0_rcom_0/8.txt,30,4,100,L,8,2689.686,7639,7639,0,1,208,100058,15150
30_4_100/os_0_com_0_time_0_rcom_0/9.txt,30,4,100,L,9,3600,6566,6984,5.9851,0,309,206403,59238
30_4_100/os_1_com_0_time_0_rcom_0/0.txt,30,4,100,H,0,3600,15624,15751,0.8063,0,50,87013,4005
30_4_100/os_1_com_0_time_0_rcom_0/1.txt,30,4,100,H,1,375.501,16049,16050,0.0062,0,16,17116,717
30_4_100/os_1_com_0_time_0_rcom_0/2.txt,30,4,100,H,2,605.275,19756,19757,0.0051,0,102,56359,1725
30_4_100/os_1_com_0_time_0_rcom_0/3.txt,30,4,100,H,3,860.945,18368,18368,0,1,183,124890,5115
30_4_100/os_1_com_0_time_0_rcom_0/4.txt,30,4,100,H,4,398.411,21710,21710,0,1,39,24678,769
30_4_100/os_1_com_0_time_0_rcom_0/5.txt,30,4,100,H,5,3600,15390,15688,1.8995,0,39,66248,3552
30_4_100/os_1_com_0_time_0_rcom_0/6.txt,30,4,100,H,6,219.378,20683,20685,0.0097,0,10,8035,220
30_4_100/os_1_com_0_time_0_rcom_0/7.txt,30,4,100,H,7,3600,15389,15669,1.787,0,30,66551,3999
30_4_100/os_1_com_0_time_0_rcom_0/8.txt,30,4,100,H,8,3600,15404,15846,2.7893,0,146,253789,12303
30_4_100/os_1_com_0_time_0_rcom_0/9.txt,30,4,100,H,9,116.357,20468,20468,0,1,14,7252,228
30_4_500/os_0_com_0_time_0_rcom_0/0.txt,30,4,500,L,0,3600,39321,42252,6.9369,0,25,160439,28431
30_4_500/os_0_com_0_time_0_rcom_0/1.txt,30,4,500,L,1,3600,31415,33407,5.9628,0,30,187833,33609
30_4_500/os_0_com_0_time_0_rcom_0/2.txt,30,4,500,L,2,3600,28932,31968,9.497,0,17,99481,21027
30_4_500/os_0_com_0_time_0_rcom_0/3.txt,30,4,500,L,3,3600,31954,34518,7.428,0,19,112009,21245
30_4_500/os_0_com_0_time_0_rcom_0/4.txt,30,4,500,L,4,3600,32580,39737,18.0109,0,55,306139,86781
30_4_500/os_0_com_0_time_0_rcom_0/5.txt,30,4,500,L,5,3600,33800,38457,12.1096,0,16,77634,21597
30_4_500/os_0_com_0_time_0_rcom_0/6.txt,30,4,500,L,6,3600,34491,36882,6.4828,0,30,161480,34791
30_4_500/os_0_com_0_time_0_rcom_0/7.txt,30,4,500,L,7,3600,30255,33925,10.818,0,42,189294,60315
30_4_500/os_0_com_0_time_0_rcom_0/8.txt,30,4,500,L,8,3600,38061,38662,1.5545,0,59,247660,29878
30_4_500/os_0_com_0_time_0_rcom_0/9.txt,30,4,500,L,9,3600,32439,36051,10.0191,0,15,72435,23335
30_4_500/os_1_com_0_time_0_rcom_0/0.txt,30,4,500,H,0,3600,77818,79239,1.7933,0,2,19183,1369
30_4_500/os_1_com_0_time_0_rcom_0/1.txt,30,4,500,H,1,3600,80136,80513,0.4682,0,5,48258,2409
30_4_500/os_1_com_0_time_0_rcom_0/2.txt,30,4,500,H,2,3600,97964,98075,0.1132,0,3,23115,868
30_4_500/os_1_com_0_time_0_rcom_0/3.txt,30,4,500,H,3,3600,90721,91669,1.0342,0,7,55849,2941
30_4_500/os_1_com_0_time_0_rcom_0/4.txt,30,4,500,H,4,3600,108011,108190,0.1654,0,1,8621,324
30_4_500/os_1_com_0_time_0_rcom_0/5.txt,30,4,500,H,5,3600,75853,81657,7.1078,0,2,21450,1300
30_4_500/os_1_com_0_time_0_rcom_0/6.txt,30,4,500,H,6,3600,102223,103044,0.7967,0,4,39483,1588
30_4_500/os_1_com_0_time_0_rcom_0/7.txt,30,4,500,H,7,3600,74544,79027,5.6727,0,3,31004,2616
30_4_500/os_1_com_0_time_0_rcom_0/8.txt,30,4,500,H,8,3600,76856,79357,3.1516,0,1,11547,721
30_4_500/os_1_com_0_time_0_rcom_0/9.txt,30,4,500,H,9,3600,85132,102690,17.0981,0,0,0,0
30_4_1000/os_0_com_0_time_0_rcom_0/0.txt,30,4,1000,L,0,3600,79042,86081,8.1772,0,4,60873,10460
30_4_1000/os_0_com_0_time_0_rcom_0/1.txt,30,4,1000,L,1,3600,61374,68416,10.2929,0,11,115574,26306
30_4_1000/os_0_com_0_time_0_rcom_0/2.txt,30,4,1000,L,2,3600,57073,64868,12.0167,0,11,132723,29903
30_4_1000/os_0_com_0_time_0_rcom_0/3.txt,30,4,1000,L,3,3600,62833,69565,9.6773,0,1,14556,3506
30_4_1000/os_0_com_0_time_0_rcom_0/4.txt,30,4,1000,L,4,3600,62944,74800,15.8503,0,7,85655,21697
30_4_1000/os_0_com_0_time_0_rcom_0/5.txt,30,4,1000,L,5,3600,67351,77830,13.464,0,4,52892,10757
30_4_1000/os_0_com_0_time_0_rcom_0/6.txt,30,4,1000,L,6,3600,68518,76539,10.4796,0,8,93333,25987
30_4_1000/os_0_com_0_time_0_rcom_0/7.txt,30,4,1000,L,7,3600,58172,65889,11.7121,0,9,77163,22817
30_4_1000/os_0_com_0_time_0_rcom_0/8.txt,30,4,1000,L,8,3600,74291,78742,5.6526,0,8,95020,18190
30_4_1000/os_0_com_0_time_0_rcom_0/9.txt,30,4,1000,L,9,3600,63679,74655,14.7023,0,6,58379,19674
30_4_1000/os_1_com_0_time_0_rcom_0/0.txt,30,4,1000,H,0,3600,129979,160251,18.8904,0,0,0,0
30_4_1000/os_1_com_0_time_0_rcom_0/1.txt,30,4,1000,H,1,3600,135264,160584,15.7674,0,0,0,0
30_4_1000/os_1_com_0_time_0_rcom_0/2.txt,30,4,1000,H,2,3600,162832,197534,17.5676,0,0,0,0
30_4_1000/os_1_com_0_time_0_rcom_0/3.txt,30,4,1000,H,3,3600,150088,180888,17.0271,0,0,0,0
30_4_1000/os_1_com_0_time_0_rcom_0/4.txt,30,4,1000,H,4,3600,177173,220306,19.5787,0,0,0,0
30_4_1000/os_1_com_0_time_0_rcom_0/5.txt,30,4,1000,H,5,3600,126715,158490,20.0486,0,0,0,0
30_4_1000/os_1_com_0_time_0_rcom_0/6.txt,30,4,1000,H,6,3600,168099,206594,18.6332,0,0,0,0
30_4_1000/os_1_com_0_time_0_rcom_0/7.txt,30,4,1000,H,7,3600,128290,156312,17.927,0,0,0,0
30_4_1000/os_1_com_0_time_0_rcom_0/8.txt,30,4,1000,H,8,3600,127135,157624,19.3429,0,0,0,0
30_4_1000/os_1_com_0_time_0_rcom_0/9.txt,30,4,1000,H,9,3600,170983,206834,17.3332,0,0,0,0
