NumTasks NumMachines NumScenarios
20 4 500
TaskDetails:
TaskID ReleaseTime ResourceConsumption SuccessorsCount Successors...
0 0 4 7 6 2 4 3 4 10 12 
1 0 3 1 2 1 2 7 12 
2 0 7 8 3 2 1 12 
3 0 9 3 10 5 0 
4 0 5 4 2 9 0 
5 0 7 10 10 6 0 
6 0 9 7 2 8 1 10 
7 0 8 4 5 8 0 
8 0 4 1 2 9 1 12 
9 0 9 5 8 9 0 
10 0 7 5 10 2 0 
11 0 5 10 5 7 0 
12 0 1 8 4 2 0 
13 0 7 4 9 3 4 14 17 18 19 
14 0 3 8 10 9 0 
15 0 1 2 2 6 0 
16 0 2 7 6 9 0 
17 0 3 1 7 5 0 
18 0 2 2 2 3 0 
19 0 1 3 3 3 0 

10 21 17 26 28 24 26 29 23 26 30 19 16 29 36 19 13 12 29 10 14 21 15 30 27 18 32 32 25 15 20 34 15 18 15 15 22 20 14 17 36 14 14 40 11 15 37 20 15 29 28 39 21 16 14 28 25 14 26 19 12 31 29 33 22 22 29 19 16 36 15 23 32 50 32 20 15 25 24 13 
16 21 22 10 24 28 36 18 32 18 10 25 15 18 38 22 21 34 36 15 16 24 9 25 22 17 38 25 12 29 35 17 19 22 7 16 32 22 17 12 25 15 27 41 23 13 36 16 18 22 20 39 22 18 10 30 23 21 36 30 18 20 21 25 17 15 28 25 23 29 22 16 19 27 37 31 10 31 15 23 
25 33 24 18 19 23 15 22 34 37 27 35 11 22 32 15 20 20 22 17 12 33 14 20 30 15 28 36 20 29 22 16 20 13 19 14 33 26 27 11 20 11 32 27 23 8 27 21 15 19 31 35 18 27 16 35 28 15 28 13 19 25 29 26 18 22 23 23 40 37 24 18 5 23 42 16 10 32 21 11 
22 35 24 24 29 22 18 38 22 21 21 19 8 20 30 29 19 30 25 16 15 19 10 20 34 8 18 33 23 21 18 35 22 21 23 19 33 32 16 31 13 15 14 24 16 9 34 19 17 27 15 23 42 12 12 37 19 26 33 37 11 22 35 24 15 20 27 19 37 29 15 21 19 27 42 22 17 27 26 22 
30 26 27 23 20 20 21 28 35 28 44 20 24 25 36 20 20 26 41 12 17 33 14 36 15 20 35 20 23 14 38 27 14 15 17 18 17 22 17 15 35 13 36 25 15 16 39 13 17 38 24 39 17 24 16 34 36 20 24 13 13 28 22 26 9 14 25 28 40 28 19 22 22 42 37 26 20 29 10 13 
17 15 29 26 25 19 30 28 30 33 16 18 14 17 27 25 25 33 47 20 22 39 14 24 29 17 30 40 23 21 43 35 13 20 17 14 30 35 21 16 14 18 25 29 23 14 27 13 16 33 26 33 28 20 17 22 19 28 28 36 19 30 28 28 15 26 33 22 27 46 15 20 17 33 41 13 15 45 22 21 
20 23 16 27 26 14 35 24 24 29 18 19 15 33 34 17 28 29 20 16 17 21 18 37 39 14 23 40 22 21 42 28 18 23 16 20 32 27 22 7 20 10 29 33 25 15 43 10 21 23 23 26 43 28 19 22 26 6 21 22 13 29 33 24 24 17 27 14 36 24 15 16 27 20 36 29 19 24 21 10 
17 25 30 22 18 22 15 29 36 27 21 17 22 25 30 22 23 15 18 18 14 31 6 23 25 19 32 26 15 19 37 31 14 25 17 17 19 20 28 18 30 5 30 28 28 12 22 12 21 29 19 40 30 17 16 31 23 28 26 22 15 21 42 22 23 19 28 25 13 27 20 33 18 18 41 29 19 35 27 24 
21 18 21 20 28 19 28 21 24 29 30 42 18 16 29 19 22 14 19 19 19 26 18 24 29 17 27 32 19 21 17 15 24 30 24 10 21 18 17 14 23 14 26 40 13 14 37 15 7 32 22 35 29 18 20 23 24 17 27 26 15 36 21 20 11 21 36 38 31 30 8 17 25 14 29 18 13 19 25 16 
16 35 20 15 16 12 19 41 36 34 25 33 22 18 31 17 17 22 27 17 16 23 13 35 22 18 37 41 26 17 22 22 14 11 24 12 11 22 34 13 12 22 31 19 19 27 27 24 4 35 26 29 16 12 19 30 38 15 36 32 12 35 32 16 20 23 18 20 21 29 17 16 24 27 28 29 17 37 13 17 
12 22 18 13 12 22 23 51 18 35 20 39 12 16 30 14 21 22 37 19 18 29 17 35 19 16 15 26 24 17 28 15 18 20 23 22 31 31 18 13 35 16 13 29 14 20 29 21 15 19 23 36 25 23 21 28 30 18 11 55 15 31 24 18 27 27 33 17 37 21 15 26 30 17 36 23 13 14 19 16 
25 20 24 18 25 17 34 37 14 26 25 13 15 20 40 28 18 26 31 20 12 19 16 19 32 12 24 29 27 26 47 40 15 20 22 19 32 27 16 18 20 17 34 19 16 14 36 17 14 29 25 40 27 19 15 9 42 20 36 20 20 32 30 29 24 23 24 20 45 29 24 20 21 24 28 24 16 21 19 20 
20 17 26 14 18 25 29 20 30 25 22 28 16 19 22 28 21 26 24 12 13 24 16 39 34 21 36 33 14 16 21 29 14 18 23 10 20 16 32 20 13 9 26 31 15 16 41 9 21 27 27 13 45 21 7 30 37 18 29 34 20 18 26 18 22 16 6 15 31 28 15 24 20 12 32 25 16 28 24 30 
19 17 20 18 23 13 21 36 29 40 39 31 16 13 10 27 33 19 25 19 19 10 12 26 21 17 39 29 16 24 4 19 17 18 10 23 23 12 24 17 18 21 33 34 19 16 21 20 27 28 32 46 20 19 22 31 18 17 24 31 13 20 19 26 22 22 26 19 41 29 17 24 21 29 22 21 15 30 22 18 
6 17 16 24 25 19 26 19 33 39 18 23 17 28 7 20 20 13 42 15 18 15 11 45 28 8 30 41 15 15 33 39 10 11 14 12 18 29 27 21 33 13 13 29 21 10 15 18 13 27 23 28 39 23 23 23 29 20 41 23 19 22 16 30 7 28 25 20 21 33 16 16 35 37 38 21 10 28 21 21 
18 22 22 23 24 20 36 36 42 33 35 26 26 18 21 29 13 27 18 23 14 22 22 27 13 14 29 33 30 20 19 31 18 28 18 18 17 30 21 28 38 17 32 26 21 8 28 17 16 31 38 40 23 21 21 43 5 20 27 43 16 23 26 26 17 16 17 13 27 30 26 26 26 22 34 36 16 21 33 22 
25 16 25 11 25 14 28 19 24 33 26 23 9 31 26 25 2 27 21 18 11 19 3 29 34 13 19 32 23 18 31 25 17 22 14 16 29 3 23 21 20 15 23 17 23 21 22 15 13 27 22 23 31 28 19 30 29 23 41 15 23 24 31 16 24 16 14 27 39 25 11 19 29 34 28 32 23 28 24 18 
19 17 18 19 15 8 39 16 22 31 34 24 21 24 25 20 26 32 24 19 11 19 21 23 25 16 37 24 18 16 25 31 15 21 10 17 29 23 24 25 25 17 19 23 21 19 16 22 17 27 36 31 29 6 24 30 28 25 49 38 13 38 22 5 18 26 30 24 43 37 13 27 11 20 24 21 21 35 20 13 
16 29 2 20 31 24 33 29 43 22 35 26 8 20 23 18 10 32 31 17 13 22 20 27 24 12 34 21 19 21 44 25 17 13 24 15 21 27 19 20 35 8 27 39 19 12 44 15 19 38 28 16 32 23 11 25 27 14 36 30 17 26 29 28 25 23 38 11 25 39 9 24 25 38 42 19 16 31 25 24 
24 38 21 18 19 28 23 38 38 27 24 23 19 18 30 26 9 18 27 23 9 26 15 28 26 15 10 40 8 19 39 42 6 12 21 15 30 28 22 16 34 11 27 20 10 13 41 14 12 36 32 33 27 19 15 28 23 20 31 26 12 18 21 24 8 16 23 19 11 21 16 29 37 23 30 34 11 45 18 11 
25 14 21 14 20 11 21 35 21 33 29 21 20 24 28 26 18 32 26 15 18 33 12 23 29 15 23 33 25 22 34 26 10 21 22 18 28 21 19 11 42 19 36 33 10 16 34 20 16 40 18 26 25 20 11 40 17 14 24 25 8 39 28 33 15 17 24 10 36 35 15 24 17 33 32 16 14 31 20 14 
15 19 23 16 29 28 33 35 30 29 31 24 17 26 23 21 35 23 35 26 14 21 20 32 37 19 19 26 20 20 23 35 15 25 15 17 40 14 20 13 19 11 26 18 17 15 23 29 21 34 14 41 33 26 8 28 26 21 26 36 15 28 24 16 17 17 25 12 16 29 20 15 20 33 26 21 18 23 23 6 
17 27 9 19 29 13 21 20 31 18 30 10 17 29 29 15 14 38 28 11 15 30 8 36 25 15 29 34 31 23 42 21 16 24 22 12 26 25 25 21 36 17 23 26 29 20 17 20 22 24 28 21 24 19 17 35 22 16 26 27 15 31 13 24 16 17 25 22 29 25 18 19 26 28 17 33 18 19 20 22 
13 23 27 18 25 26 33 24 26 22 21 41 14 9 42 23 30 31 26 23 2 11 21 26 24 15 31 35 24 21 33 37 13 16 20 12 25 10 20 26 30 12 24 21 20 19 39 23 17 24 24 50 27 9 18 38 27 18 24 24 14 18 26 18 20 25 28 41 29 24 16 24 32 29 35 23 16 28 27 16 
25 27 25 16 18 28 33 40 22 27 29 27 10 15 23 14 15 20 30 17 15 20 16 35 38 21 40 34 22 17 24 14 17 12 15 21 22 27 24 14 21 18 21 27 14 16 23 26 19 30 27 16 20 19 19 25 22 18 26 29 16 32 17 27 24 19 23 24 44 32 19 36 22 28 31 18 16 35 26 16 
22 23 21 19 16 28 32 30 32 29 16 16 17 12 19 17 8 26 20 12 17 19 12 24 27 16 32 17 20 24 38 27 20 19 17 22 19 12 26 22 32 14 27 43 19 17 15 13 23 26 17 28 21 20 12 31 12 25 17 18 17 15 26 21 31 29 42 25 40 46 20 27 32 7 25 21 17 20 15 12 
8 30 22 19 25 31 30 10 34 19 38 14 17 12 27 16 24 26 29 14 19 13 17 31 20 19 11 39 25 21 34 14 13 20 19 23 10 32 14 8 10 16 24 33 18 15 36 23 16 37 20 25 41 15 10 13 29 15 23 38 21 29 21 17 9 31 30 18 35 28 16 17 17 36 31 38 19 16 15 20 
24 14 30 23 14 25 22 24 29 25 38 30 16 21 31 21 33 16 31 17 17 28 13 34 15 7 42 30 25 20 43 42 14 18 6 19 22 18 28 16 28 22 24 44 15 18 26 18 15 33 26 35 20 2 12 19 13 26 27 20 15 33 31 19 18 25 26 26 40 30 14 16 29 25 34 26 7 26 24 21 
12 29 15 16 23 11 43 27 24 31 28 32 16 29 33 29 32 28 22 16 16 31 11 52 31 17 12 31 21 26 41 27 15 16 23 14 41 21 18 16 22 20 37 39 13 19 23 14 17 37 19 35 22 20 17 37 36 19 30 29 15 34 23 26 20 14 37 16 32 26 19 29 22 27 24 25 18 38 23 20 
20 25 27 17 23 16 35 27 19 24 39 27 15 16 22 23 19 18 29 16 15 19 20 22 32 13 30 15 17 18 32 34 14 29 16 13 23 20 24 23 26 16 29 28 15 13 31 25 14 37 29 15 21 13 19 17 27 23 34 25 12 27 40 23 17 19 16 13 36 23 10 15 19 30 35 24 25 36 17 14 
28 21 35 22 7 29 22 18 23 21 27 22 14 30 35 27 18 33 26 19 9 18 15 25 25 16 35 36 27 23 18 21 15 26 17 9 27 24 15 26 27 19 27 45 20 16 28 15 19 29 26 26 19 18 22 29 33 21 37 25 19 32 25 21 13 22 29 25 29 35 17 12 30 33 23 28 15 28 20 23 
21 29 21 15 22 23 26 24 30 24 42 11 8 21 30 20 18 12 35 18 19 31 13 39 19 16 36 24 22 17 36 15 9 21 22 22 15 31 21 20 30 17 31 25 24 12 23 18 17 25 16 33 30 22 18 38 25 20 20 38 17 23 20 23 25 15 25 27 36 33 11 8 31 36 26 27 22 17 22 14 
12 27 19 16 32 19 33 17 36 35 31 28 7 31 42 18 16 28 23 14 15 30 15 30 28 14 25 37 20 14 47 31 8 11 14 12 30 23 19 19 35 11 25 23 17 12 40 22 24 35 30 35 18 27 21 25 28 14 34 31 9 32 19 26 25 22 23 28 36 18 11 19 32 22 35 24 19 31 20 12 
18 34 18 21 20 28 32 16 30 36 18 15 9 22 25 13 19 22 31 18 16 20 14 23 24 21 31 16 29 17 36 26 22 23 10 21 21 26 21 24 31 16 33 28 27 12 11 13 24 16 31 30 29 14 17 37 11 22 37 33 12 27 27 20 18 24 28 31 20 10 15 12 23 41 36 33 19 30 17 19 
28 14 31 20 26 11 14 31 31 22 15 23 20 17 26 27 25 22 32 20 20 31 15 34 31 16 31 23 21 26 36 13 14 23 14 19 34 32 26 19 27 17 32 34 11 17 23 18 19 40 27 21 32 24 15 40 21 15 31 26 14 19 20 18 15 30 27 10 25 30 15 29 13 18 25 42 13 34 18 20 
11 27 17 12 18 19 12 31 34 22 39 16 22 23 27 21 26 11 31 18 14 24 10 38 29 20 11 27 21 18 21 32 14 18 14 18 23 29 13 23 23 14 26 32 22 19 32 13 20 24 21 23 38 28 20 25 38 26 14 30 16 19 11 34 20 12 26 19 26 26 12 18 17 22 25 31 15 40 24 27 
27 23 27 18 22 22 26 19 39 29 33 28 8 24 22 24 19 9 34 16 27 24 20 24 17 22 37 19 21 19 14 42 15 19 16 19 27 24 21 22 31 20 18 22 21 17 26 11 23 24 31 20 28 19 15 33 36 20 20 41 15 28 15 28 21 16 13 29 33 36 16 20 34 18 23 26 17 16 22 23 
15 22 22 17 13 22 28 30 32 33 31 36 17 28 32 23 15 27 41 16 17 31 13 32 31 10 32 37 24 24 25 30 14 29 18 14 7 22 21 11 23 15 39 31 15 17 31 14 13 24 32 41 25 17 14 24 25 16 39 25 12 31 21 13 18 20 29 31 30 31 16 14 29 18 22 20 13 24 26 17 
14 22 29 20 23 20 27 25 32 28 26 29 19 8 12 15 18 28 34 17 17 29 13 17 23 22 41 24 23 9 25 30 14 13 20 10 41 31 15 25 20 12 36 30 23 16 35 8 13 39 26 27 23 13 13 27 27 16 35 38 15 32 30 11 17 17 35 29 24 28 17 21 23 32 32 20 22 37 15 21 
17 24 25 16 15 13 43 21 21 31 31 32 25 17 37 14 14 19 35 18 18 29 18 21 23 18 30 25 20 20 21 30 12 31 17 9 16 27 21 12 32 12 28 27 16 13 34 12 18 21 22 26 35 21 15 41 23 14 23 31 12 13 36 21 10 23 22 36 33 26 24 29 20 25 27 18 15 26 22 20 
23 25 14 18 20 18 24 25 19 41 22 31 11 28 26 20 19 44 25 17 21 21 15 24 19 17 20 22 25 24 35 32 10 10 22 10 22 17 7 15 28 14 33 16 12 15 23 19 16 23 24 26 33 14 17 10 27 14 27 28 12 16 27 24 8 13 17 35 33 35 12 18 28 19 21 30 15 19 16 20 
24 19 27 16 24 23 32 30 25 18 19 27 18 26 28 14 22 20 19 12 13 29 6 38 12 19 28 25 22 13 29 36 11 9 20 16 40 15 19 20 29 13 40 39 17 15 22 11 23 39 20 52 18 25 19 36 12 11 28 29 7 25 21 33 29 32 31 21 7 31 19 16 27 23 30 22 19 26 29 18 
27 22 14 18 21 18 39 23 37 35 29 31 24 14 20 21 24 29 23 16 12 14 15 27 23 16 34 19 16 21 28 31 9 17 21 10 27 23 16 12 9 13 26 27 23 14 20 13 18 22 28 14 37 14 14 42 34 13 25 17 18 31 13 22 27 23 30 35 27 31 10 32 30 28 34 22 17 9 26 22 
18 24 21 15 21 22 28 7 28 27 24 20 6 13 24 21 30 16 28 10 10 40 10 29 28 14 25 43 21 27 35 40 14 32 13 22 39 31 23 18 23 12 41 24 13 14 26 25 21 15 12 27 28 16 16 43 31 26 30 31 6 27 36 33 23 20 37 28 45 14 17 9 21 10 23 35 14 33 22 16 
14 21 24 15 23 17 39 26 19 23 17 7 13 23 25 29 20 28 17 23 15 21 17 31 14 17 20 21 11 30 42 30 6 12 23 12 31 23 27 23 24 13 25 35 16 17 27 24 21 36 22 27 31 27 14 12 21 26 38 25 7 23 24 25 20 11 33 28 34 25 16 20 25 35 18 42 11 40 8 22 
24 28 23 32 16 23 24 37 26 27 24 32 19 18 15 25 10 28 36 25 12 32 19 34 31 10 25 22 15 11 41 20 21 22 11 11 34 17 15 11 13 10 26 34 25 12 26 20 20 23 27 21 19 12 15 33 24 19 34 27 21 22 31 20 13 18 17 29 33 30 23 24 31 24 34 27 25 28 25 10 
14 29 15 19 16 22 36 31 31 20 9 13 21 22 28 25 28 23 30 12 9 29 16 49 24 17 32 36 28 16 40 24 16 24 12 13 29 33 17 34 35 14 30 37 28 17 38 14 19 34 17 28 11 13 16 22 31 20 29 29 17 25 17 33 16 20 48 21 38 28 16 15 29 34 23 27 9 33 25 21 
21 27 20 14 23 25 33 29 34 23 33 41 21 17 26 21 9 17 13 15 13 28 22 29 20 14 49 21 15 15 29 36 11 7 20 14 18 22 11 21 34 16 22 12 27 12 21 21 24 35 18 26 21 21 20 23 25 13 17 23 7 18 14 21 14 15 37 36 25 29 19 15 26 21 39 19 11 31 20 25 
24 9 33 16 12 26 13 22 21 33 28 32 19 14 34 25 17 34 25 18 17 38 11 27 19 22 25 37 21 16 38 36 13 22 7 15 30 17 21 19 30 16 21 30 24 24 49 20 22 30 25 22 5 19 19 18 30 17 35 30 16 21 15 28 20 21 46 24 12 36 13 34 23 27 40 17 18 37 25 20 
22 27 35 26 26 21 27 37 40 39 22 28 17 25 37 16 25 13 28 10 14 27 18 18 30 17 28 28 20 9 24 29 12 21 11 13 30 33 14 18 34 9 19 22 15 18 9 13 17 12 25 27 8 28 18 23 26 20 19 17 13 34 23 24 18 18 23 25 38 32 23 25 29 29 22 29 14 22 17 16 
22 20 25 17 20 21 18 31 22 24 31 27 21 30 33 26 25 29 23 15 17 29 16 22 21 16 33 16 24 18 31 32 11 21 14 12 29 31 19 13 27 16 26 23 17 17 19 21 15 34 17 14 22 25 9 25 32 14 41 32 17 19 27 40 16 24 25 25 32 33 21 18 34 26 23 26 22 28 28 17 
14 27 30 18 22 7 31 30 33 32 24 43 17 8 31 20 13 8 34 18 10 32 8 20 20 14 34 20 22 19 36 17 14 14 10 21 37 37 22 24 37 12 14 23 26 14 42 20 15 33 28 31 20 18 13 37 21 22 29 36 18 15 33 32 12 17 51 22 38 29 14 18 13 28 26 13 14 23 25 17 
9 20 18 16 32 19 27 30 19 24 20 26 17 14 21 22 20 24 37 14 13 17 16 24 20 11 22 31 19 27 27 19 15 17 21 18 28 23 34 13 22 20 20 32 17 15 32 17 10 31 18 23 29 18 17 39 34 27 25 40 13 28 19 20 20 20 41 23 26 25 13 25 17 31 34 10 19 38 26 20 
13 16 20 23 19 20 32 20 30 27 27 21 21 14 22 23 12 28 30 11 15 23 11 18 31 17 35 26 25 19 29 45 18 28 23 17 10 29 18 17 26 14 27 27 17 12 15 19 17 27 20 15 30 18 12 30 14 17 35 39 22 25 15 20 27 16 18 18 41 46 16 21 29 17 46 17 14 36 28 13 
21 17 32 18 20 26 21 21 27 34 12 17 19 19 33 26 19 18 39 21 17 27 18 17 23 21 31 40 14 24 34 29 17 23 32 14 30 24 14 14 31 14 13 23 21 18 23 16 8 31 17 39 32 24 17 26 30 8 27 18 23 25 29 28 19 29 24 32 30 37 17 16 25 33 20 26 19 23 22 18 
13 27 23 28 24 17 42 29 21 26 30 17 16 24 32 22 26 34 20 14 16 29 16 26 30 13 41 33 27 20 18 24 13 22 21 11 29 36 18 18 36 11 14 37 22 12 15 21 13 42 27 20 32 25 18 32 14 18 32 14 16 21 24 18 30 31 50 21 26 27 12 33 31 27 15 23 18 39 16 16 
14 23 26 25 19 26 28 24 16 31 30 24 22 11 36 25 17 23 29 8 20 23 17 15 26 17 29 49 22 15 28 28 12 23 18 19 31 27 26 12 30 11 19 12 17 16 25 16 17 25 24 16 17 21 16 42 7 25 35 24 17 28 27 37 17 15 34 19 31 22 12 26 25 22 22 28 19 41 26 19 
15 27 35 24 22 16 29 21 46 15 20 19 13 36 12 22 27 21 34 8 12 24 13 32 27 21 30 32 8 14 35 24 16 15 17 11 23 28 17 14 22 14 30 35 8 18 48 14 11 34 16 54 23 20 15 26 32 22 40 21 8 27 20 24 19 15 23 23 30 43 14 26 25 27 41 31 12 19 25 16 
17 22 19 4 12 32 31 39 33 30 13 29 17 28 21 30 14 27 22 13 23 26 13 37 22 24 35 18 31 16 25 30 21 9 21 15 22 27 16 18 27 14 28 23 27 22 28 27 17 13 27 40 25 26 17 44 34 21 31 24 19 29 22 31 17 21 33 30 30 15 14 27 34 21 35 25 18 34 33 28 
17 19 17 23 18 20 24 30 40 33 28 35 18 21 22 25 21 24 22 15 7 27 17 36 23 18 25 24 21 11 26 33 22 22 14 11 26 30 20 21 30 13 35 23 17 22 22 22 23 31 27 29 38 14 21 42 18 19 33 27 14 28 27 27 14 15 14 21 25 18 17 18 32 34 45 29 17 28 34 23 
21 29 24 17 12 23 28 51 26 23 35 25 17 27 39 28 24 27 27 21 16 22 17 26 37 20 26 43 26 28 21 17 12 17 18 12 24 26 4 18 29 12 22 35 16 14 21 17 26 33 26 36 29 26 20 25 18 20 30 14 17 13 21 19 14 22 29 41 19 33 14 34 13 15 18 26 15 21 36 21 
22 26 23 13 16 24 25 19 28 10 39 22 11 20 29 29 27 34 48 17 15 34 11 30 23 24 26 26 23 11 53 32 16 24 10 12 18 33 32 20 21 23 33 47 27 12 36 22 25 23 25 38 21 26 15 17 16 26 24 21 14 21 16 22 30 10 19 25 38 23 9 29 20 21 30 34 16 26 20 12 
20 19 20 19 20 17 31 32 23 36 24 22 16 29 18 22 25 22 32 12 17 32 16 27 29 13 33 8 26 20 36 32 9 29 21 14 29 34 17 14 30 17 31 23 18 20 42 14 19 24 29 18 23 35 16 21 29 15 19 36 20 30 29 17 33 23 9 11 34 26 10 14 30 26 18 19 17 31 27 14 
10 19 13 18 17 19 36 19 31 31 16 35 17 17 32 26 16 35 33 16 20 25 12 32 16 19 38 39 39 16 11 38 15 20 19 13 23 28 12 15 23 19 31 38 17 10 30 19 12 37 36 17 35 21 13 43 26 20 40 32 18 21 24 14 29 20 20 22 20 24 17 23 10 30 33 35 5 27 27 15 
16 24 21 16 26 28 37 30 19 27 37 31 18 23 28 19 14 27 34 10 13 20 13 32 49 25 34 23 27 22 28 21 20 24 21 18 26 29 25 16 33 14 22 32 21 18 43 18 21 23 35 23 24 24 17 33 22 18 40 28 14 17 41 27 14 12 39 27 33 35 11 8 27 12 30 32 13 17 34 13 
18 20 15 20 22 17 39 21 31 20 39 33 15 17 24 23 24 17 36 14 18 33 18 21 26 18 34 40 18 18 40 43 13 27 13 8 28 17 10 16 24 9 16 20 21 17 36 13 20 21 26 28 32 20 12 33 22 21 39 9 9 43 25 20 19 18 24 21 38 30 14 20 25 23 39 17 23 37 22 11 
20 21 25 11 24 17 32 19 31 35 23 41 22 17 32 24 30 24 30 14 17 26 14 22 34 11 35 32 26 12 44 25 15 29 19 19 47 30 16 22 26 7 18 27 22 16 52 14 24 26 27 29 22 13 19 19 28 24 36 37 17 28 19 28 30 20 40 25 23 30 17 18 29 28 33 15 13 22 26 15 
20 13 26 23 33 25 29 19 23 9 33 23 14 30 30 22 17 21 38 16 15 21 22 30 22 17 40 32 26 8 40 43 21 18 17 17 24 25 21 24 9 14 15 41 27 15 35 10 17 41 20 34 22 24 25 34 22 23 31 25 13 42 30 30 26 15 17 31 27 19 17 33 15 34 30 32 18 19 24 23 
27 29 23 17 22 22 41 26 25 16 20 16 17 21 27 23 30 21 33 19 14 26 16 23 25 24 35 33 32 17 35 26 19 18 18 19 30 25 21 19 30 15 27 23 15 18 28 20 17 21 17 38 33 18 13 28 28 16 31 27 9 19 33 25 17 19 20 24 36 37 25 19 22 29 31 36 10 39 24 23 
19 32 23 18 30 17 23 27 27 17 42 27 17 27 24 22 12 30 24 22 18 26 17 22 20 9 33 19 23 25 23 25 11 16 23 17 27 36 30 24 24 11 25 26 16 15 21 13 26 31 12 35 16 14 13 34 31 13 26 19 15 21 19 23 26 28 26 30 32 27 18 17 18 22 20 19 17 35 25 15 
16 21 18 20 19 17 37 34 32 19 25 23 16 22 31 21 8 18 17 15 14 27 19 17 30 18 32 35 32 22 21 33 21 14 27 15 26 18 21 30 28 14 18 25 22 18 22 20 16 28 25 39 14 28 14 21 19 18 24 29 17 23 30 33 24 12 39 28 29 31 17 24 22 21 25 17 12 35 19 22 
20 30 20 13 29 35 36 30 11 39 34 22 17 17 30 16 17 30 28 16 17 7 21 37 23 9 10 38 20 13 22 36 19 21 16 14 14 23 28 23 21 13 20 32 24 19 26 19 9 21 24 26 18 22 12 34 42 26 38 22 15 10 35 24 14 20 25 18 30 30 11 19 34 28 16 20 12 34 26 11 
18 25 13 29 20 17 34 36 25 30 34 27 12 23 29 27 19 36 22 15 10 6 12 30 32 11 33 32 26 17 27 30 21 20 19 19 24 19 24 26 22 20 18 37 27 12 46 13 9 32 15 30 35 23 13 34 20 16 31 27 20 22 31 15 29 24 15 21 29 32 14 17 21 30 34 32 8 26 23 16 
18 20 26 17 29 25 37 46 34 24 14 28 18 30 18 28 22 22 18 20 17 15 18 39 42 22 23 25 7 30 35 27 13 28 24 16 31 20 12 13 32 16 24 30 18 8 42 24 22 24 25 25 21 17 20 20 22 23 30 20 8 26 15 22 23 17 30 29 24 30 16 22 24 26 27 32 26 31 23 18 
13 18 27 17 32 26 53 26 39 19 36 21 18 23 29 20 10 37 29 15 20 13 11 32 29 25 26 39 18 14 18 34 9 16 19 13 32 23 26 20 34 18 30 30 25 14 31 13 10 33 15 42 21 20 21 31 23 18 33 37 15 26 24 16 24 18 28 13 45 9 13 21 22 23 47 19 18 21 23 11 
19 24 29 14 26 22 40 32 27 25 26 31 20 17 34 19 29 19 36 19 20 20 13 23 31 11 28 29 21 22 44 26 11 15 19 19 38 25 21 10 30 13 32 28 11 16 59 18 16 21 18 44 32 27 16 7 24 15 31 39 10 20 6 27 16 25 30 38 23 38 15 18 14 31 32 21 15 35 22 21 
22 25 24 22 23 21 37 26 18 33 32 22 18 27 35 22 24 21 29 18 10 27 12 20 27 11 56 40 21 12 28 25 11 16 18 17 22 32 23 20 23 14 36 46 21 20 44 27 19 37 27 17 38 21 18 22 27 25 36 27 10 25 19 27 34 16 24 41 22 20 19 18 23 20 31 23 19 33 34 12 
20 29 25 13 23 27 39 40 31 20 26 30 21 20 34 16 18 19 41 17 13 28 9 23 23 20 37 46 18 17 14 27 13 13 14 23 25 25 16 18 24 18 25 32 18 10 29 15 15 32 19 30 29 16 19 29 23 19 17 33 21 29 33 34 31 24 34 38 23 27 19 20 11 16 29 30 17 26 19 10 
10 31 29 11 31 30 25 34 26 20 23 27 21 26 29 21 26 15 33 15 10 26 18 33 15 12 35 32 12 16 27 23 16 26 16 16 23 18 18 20 16 17 27 21 23 21 31 29 18 13 29 47 15 16 17 34 33 14 17 35 19 30 25 28 26 29 47 18 20 27 10 30 23 26 35 26 14 37 32 9 
21 21 22 13 29 15 31 36 27 25 20 35 11 23 31 19 3 25 34 9 12 35 12 26 23 15 19 38 19 15 15 47 7 26 12 16 24 26 19 19 27 11 34 29 12 7 20 14 16 26 30 32 19 29 16 23 31 10 38 29 19 24 29 20 18 28 18 18 19 26 15 25 20 32 37 23 15 32 28 18 
18 30 24 21 25 22 31 13 34 37 21 24 17 32 26 22 22 15 15 14 14 37 15 25 33 15 41 18 27 15 20 25 19 35 16 18 30 24 28 30 20 9 28 42 21 16 40 24 20 27 23 11 29 21 19 43 38 16 21 42 15 17 20 33 10 13 23 15 45 25 10 24 33 18 35 26 19 32 26 19 
23 28 17 19 21 17 38 33 28 28 32 27 14 27 24 21 29 37 26 15 15 26 19 12 35 9 32 30 27 17 24 30 21 12 26 23 24 34 12 19 25 14 22 24 13 18 29 18 11 23 21 35 21 13 22 22 19 17 39 31 13 18 31 35 15 14 48 25 35 32 14 24 44 28 25 23 10 40 22 16 
17 10 33 23 27 14 39 28 20 20 40 21 20 15 25 26 25 22 39 18 9 21 8 11 28 11 11 36 20 29 29 40 12 28 18 15 24 28 29 23 23 20 23 12 10 11 21 18 13 28 12 36 22 27 15 27 11 11 20 32 19 29 30 23 10 17 51 22 17 25 11 9 20 27 29 22 14 42 19 18 
24 17 21 25 33 20 39 35 25 28 32 26 22 14 20 29 27 33 30 18 16 25 16 27 29 14 24 21 12 7 22 46 18 28 16 14 37 24 20 23 26 18 15 35 11 12 24 18 15 36 23 35 31 26 13 26 23 15 29 22 13 28 32 24 17 26 14 27 33 22 19 21 30 17 12 22 18 23 18 21 
24 21 21 15 33 18 25 26 43 28 39 26 19 20 16 22 19 23 28 11 10 22 13 21 28 20 41 28 15 24 19 33 13 30 17 12 13 15 13 16 34 15 19 29 18 14 37 19 23 26 28 20 39 22 15 22 26 16 37 18 16 23 21 21 16 10 39 19 37 40 14 20 19 17 36 25 20 19 18 7 
15 11 18 28 23 23 24 38 34 22 20 29 16 20 47 21 9 40 25 12 14 21 14 31 33 13 37 28 24 15 18 42 11 24 18 21 26 14 21 24 37 13 25 42 23 15 14 24 24 28 17 30 28 36 17 23 28 13 10 27 16 25 21 24 32 21 35 30 26 14 14 21 18 30 30 21 23 27 21 17 
22 27 38 19 14 15 27 18 27 34 30 30 16 25 23 24 28 26 32 16 20 28 16 30 35 11 32 23 20 25 45 34 10 10 18 15 36 22 21 20 45 11 25 22 13 21 22 7 25 12 28 39 26 21 19 20 18 17 26 30 15 14 32 22 10 27 32 14 13 23 22 31 30 25 47 33 17 21 23 20 
31 25 22 20 19 31 38 22 39 22 26 24 22 25 30 35 24 25 33 18 13 34 5 33 21 15 13 23 27 17 58 25 21 25 11 10 26 26 19 12 24 18 38 33 30 16 24 16 12 31 21 36 38 21 12 15 20 14 23 25 25 33 22 18 21 32 26 28 38 17 6 20 27 37 21 24 14 36 23 23 
10 11 20 28 17 14 40 7 33 39 39 14 15 17 33 14 14 25 33 16 13 41 12 30 19 18 22 20 28 8 37 25 21 10 11 16 29 16 16 22 23 16 32 41 14 20 34 15 9 31 24 11 31 27 16 20 20 20 37 29 11 39 29 14 35 24 44 28 33 23 20 14 22 23 35 28 15 33 37 25 
22 16 23 16 28 21 34 27 30 23 32 13 23 16 22 32 20 25 27 15 16 29 15 41 24 13 21 21 26 21 19 37 10 21 18 13 19 28 9 21 20 16 36 27 15 14 36 15 19 35 28 46 36 27 20 36 21 18 34 47 18 12 30 27 31 22 50 27 20 18 18 20 20 23 26 32 18 26 15 18 
18 36 28 15 23 31 27 35 26 19 23 27 19 11 25 25 29 25 24 12 11 17 17 17 40 18 46 27 14 28 33 24 22 13 29 18 31 24 24 20 20 17 36 7 22 14 30 25 17 34 23 16 10 7 21 26 24 22 24 22 14 21 38 23 25 33 31 27 36 36 10 23 33 19 37 26 23 30 14 14 
20 21 32 25 19 19 28 22 28 27 19 21 14 18 22 31 17 23 22 16 17 27 18 27 26 9 25 33 17 20 18 21 14 8 15 12 21 33 31 16 28 14 18 32 20 14 19 11 22 12 22 23 9 25 22 33 26 13 25 34 13 40 23 18 21 29 31 31 41 34 11 21 21 27 34 20 21 43 20 21 
7 24 18 28 21 22 21 36 37 31 41 20 14 21 24 27 25 24 23 20 15 22 15 39 33 11 44 20 19 12 33 20 10 18 16 16 34 17 25 17 25 14 17 26 15 10 29 29 22 43 21 27 20 18 16 27 29 23 28 40 19 15 25 22 29 11 16 21 35 23 18 15 28 32 36 24 12 36 25 17 
13 29 12 16 24 27 32 35 23 30 27 13 11 26 19 20 27 14 37 15 23 12 15 36 38 20 21 34 18 18 29 28 17 23 18 21 37 17 22 14 24 10 29 31 9 20 27 22 13 33 22 12 33 30 12 33 35 18 32 19 13 26 31 28 16 16 10 24 21 22 16 26 29 39 33 27 12 39 21 22 
10 21 25 21 24 25 33 16 43 33 24 34 13 23 32 13 13 33 23 20 17 13 16 22 29 17 40 35 22 23 23 27 11 12 16 12 16 14 20 11 25 17 29 36 24 13 32 20 14 30 23 31 23 28 14 23 15 20 20 10 14 25 26 24 24 17 31 34 14 36 9 20 28 27 29 22 14 38 25 19 
16 33 22 11 18 18 27 22 33 29 34 20 21 8 14 22 19 20 31 16 13 30 23 37 35 26 22 35 23 16 30 27 18 13 17 18 31 40 35 22 26 8 27 49 22 13 42 12 24 20 18 31 30 27 14 29 27 23 27 19 19 37 28 34 33 15 47 19 23 35 5 23 32 26 39 23 17 27 25 18 
18 19 20 20 14 41 28 30 37 18 19 29 20 10 24 22 18 23 36 25 16 35 18 30 28 12 26 39 19 18 29 19 9 21 13 10 23 26 21 19 26 14 32 29 12 11 34 18 22 36 36 35 40 21 21 37 40 23 25 15 18 39 14 32 29 19 17 22 29 35 19 18 37 38 18 38 12 18 34 9 
10 27 16 23 19 26 32 33 38 17 32 12 17 12 28 23 16 31 14 17 14 26 17 16 24 22 22 33 31 23 41 13 20 22 20 22 24 19 21 25 31 11 29 40 21 16 28 27 25 26 18 43 14 25 21 34 20 24 20 30 13 21 19 14 21 17 40 16 43 37 20 19 33 47 51 22 19 34 19 23 
18 28 33 16 24 23 32 28 30 30 30 25 18 22 16 14 9 30 29 11 14 7 20 14 21 18 26 17 23 28 45 30 10 20 11 21 36 28 12 30 8 9 29 33 21 16 29 11 18 39 16 31 33 23 20 30 32 15 35 20 13 31 14 34 5 20 27 31 23 31 24 7 31 11 32 22 17 37 27 13 
17 27 23 2 27 17 30 32 33 23 37 16 12 20 13 25 16 27 36 13 15 27 10 28 28 10 37 41 18 19 36 19 17 16 17 15 21 24 28 26 22 22 8 58 18 12 17 13 19 38 27 12 25 29 24 47 31 18 31 39 14 20 23 20 20 25 12 7 39 31 15 23 23 34 35 25 22 24 25 27 
20 21 16 15 23 25 45 22 50 27 38 22 17 19 25 31 26 18 30 12 20 29 21 17 29 17 30 34 10 12 40 27 13 27 17 18 30 26 19 18 19 12 22 35 16 16 23 23 25 28 25 35 17 21 20 24 27 23 31 25 15 10 30 33 14 17 24 30 43 36 18 23 25 34 17 38 17 41 23 16 
16 23 31 16 18 19 21 23 25 17 25 33 16 30 28 31 14 20 16 16 21 30 17 34 29 19 26 28 17 20 24 24 17 18 20 19 11 29 15 17 21 11 35 45 25 16 25 15 16 26 29 17 16 26 16 32 25 11 35 31 22 26 36 21 26 9 32 11 46 18 15 14 30 25 23 28 16 30 20 11 
20 14 21 12 23 27 38 28 28 30 26 29 25 23 23 31 18 27 32 19 9 13 11 27 29 17 34 44 32 15 28 30 20 25 19 16 24 17 19 20 23 14 13 25 18 13 33 16 22 44 26 38 40 5 16 26 43 19 33 37 11 22 14 29 26 20 34 23 28 29 20 21 23 21 25 25 17 40 30 18 
26 16 21 19 21 17 16 38 37 22 20 18 11 18 14 33 38 29 18 12 16 37 14 26 27 18 43 30 33 19 34 26 9 18 17 9 20 15 19 16 39 10 15 34 15 17 33 8 23 44 19 19 31 17 19 15 24 21 34 23 14 38 34 23 21 24 23 29 34 16 14 41 20 15 19 18 18 25 32 19 
11 19 35 20 30 21 24 39 20 30 16 30 13 21 27 16 23 26 20 15 12 26 11 23 25 15 40 36 26 23 36 35 12 27 15 16 19 15 24 24 29 21 19 31 21 20 38 21 26 33 25 28 22 23 14 21 25 15 29 27 15 15 24 20 9 26 22 23 26 35 21 18 33 31 25 22 23 31 28 14 
21 26 29 16 26 15 22 35 22 25 13 17 18 21 29 33 32 26 33 21 12 28 13 36 20 15 27 26 23 11 46 18 11 22 19 21 30 19 27 22 35 11 21 37 12 10 40 22 12 27 20 31 5 21 14 32 30 21 22 19 12 40 21 24 16 34 51 33 36 37 14 30 25 28 37 27 10 21 16 19 
16 27 21 22 20 23 25 32 35 48 21 45 14 20 29 18 21 29 45 17 12 44 16 24 27 18 35 30 26 21 43 35 21 22 24 15 31 24 16 19 31 16 32 33 19 14 30 16 15 34 13 33 38 17 19 19 18 19 34 29 19 27 18 24 11 9 22 29 39 32 16 11 31 28 24 33 12 24 28 16 
23 16 20 22 22 14 26 28 22 16 34 13 18 26 38 20 24 37 31 22 22 21 15 39 32 12 33 19 29 19 25 25 21 20 26 18 24 37 24 9 25 12 22 36 7 15 38 18 25 32 27 23 22 26 14 40 22 17 32 21 19 27 23 23 29 21 19 7 7 36 19 13 26 30 12 24 14 40 27 23 
17 20 27 16 22 19 31 26 20 41 27 22 6 30 19 32 21 25 33 10 16 10 13 33 17 24 19 37 15 18 29 31 16 14 15 16 36 35 13 20 18 13 22 46 23 9 31 15 13 25 42 30 36 22 25 28 13 12 22 23 12 28 25 33 21 23 21 32 12 33 15 17 26 22 35 34 16 33 31 16 
16 22 33 21 24 32 30 16 41 28 16 21 15 32 19 18 22 35 41 18 18 20 14 31 20 14 34 27 21 18 31 36 15 14 16 8 25 30 14 22 24 15 24 26 15 16 22 9 28 29 27 40 30 29 18 26 27 11 32 38 13 32 32 23 22 16 43 16 49 40 17 19 27 13 33 12 22 29 20 12 
25 11 28 19 33 12 16 43 39 22 30 33 12 18 38 24 22 20 31 16 19 27 15 39 34 16 23 21 24 19 28 20 16 14 29 15 11 10 21 24 28 23 22 37 16 14 50 22 16 37 18 30 34 16 13 43 30 16 14 26 22 23 15 18 13 29 34 36 34 24 17 24 24 28 29 38 12 36 23 19 
20 12 39 21 30 15 32 31 25 24 27 21 16 20 32 15 20 28 18 17 17 19 12 32 27 21 38 19 13 24 28 35 11 24 11 19 36 21 18 24 30 17 15 33 22 14 47 11 19 20 14 30 21 19 22 24 37 13 13 26 13 32 27 12 16 32 30 23 26 29 10 30 32 31 34 15 20 17 27 15 
24 31 29 15 22 24 41 28 17 21 31 25 14 21 10 20 28 22 31 21 12 31 14 28 23 18 24 27 19 4 35 15 18 7 18 14 36 30 8 9 28 8 24 34 13 14 43 25 19 27 28 42 31 12 9 31 18 21 24 39 17 13 27 27 13 24 30 20 36 30 16 16 19 29 34 22 16 43 13 21 
18 21 13 21 24 36 24 23 30 42 5 30 24 24 22 23 5 25 32 12 19 28 19 33 41 21 24 42 29 24 21 39 16 18 24 15 27 21 29 28 35 13 29 32 13 16 27 20 12 24 21 46 25 17 9 37 23 18 24 31 16 13 19 40 23 13 46 30 40 30 24 31 22 26 32 7 16 35 14 5 
19 19 24 12 21 24 34 24 23 22 31 21 25 14 37 29 16 22 14 12 15 16 15 17 5 13 33 22 23 22 28 25 21 11 4 23 41 10 24 11 29 8 21 32 21 13 30 16 24 36 22 14 24 32 15 38 39 25 31 31 14 30 16 23 17 26 35 13 35 23 24 17 29 25 11 10 26 33 24 19 
20 29 26 19 25 25 40 26 43 21 15 33 20 21 15 29 19 27 40 16 15 19 8 45 17 13 15 24 10 15 37 18 16 24 13 19 32 22 27 24 24 20 16 23 12 20 24 19 21 17 25 15 24 15 18 25 30 18 26 21 21 18 23 18 11 21 35 23 22 33 13 20 27 31 40 35 14 27 14 26 
29 22 29 17 30 22 40 22 32 24 38 31 11 19 28 17 18 25 35 14 14 37 12 44 21 13 11 18 19 29 21 25 13 19 15 21 13 34 6 13 37 10 22 24 22 20 37 20 17 39 20 27 31 11 25 25 28 22 28 24 4 26 19 19 16 21 7 32 33 36 10 22 14 28 24 28 18 32 24 15 
13 25 22 19 31 27 30 26 27 29 17 27 17 17 48 26 23 29 33 8 17 27 16 28 8 15 34 22 36 18 29 14 6 18 16 16 26 23 16 17 26 20 25 30 17 21 31 18 20 30 24 28 29 21 20 33 26 16 25 25 12 22 24 16 14 22 34 23 52 36 15 25 32 30 25 26 16 34 14 18 
20 16 18 16 11 18 24 27 30 38 47 23 13 16 27 20 26 16 26 19 12 16 16 25 37 20 31 27 22 22 39 46 17 19 9 20 21 16 30 11 21 13 33 32 21 17 20 22 17 24 21 31 17 22 15 31 20 19 28 34 20 20 16 22 30 14 44 33 26 40 16 19 23 30 21 15 19 46 27 21 
20 31 14 9 10 16 31 34 29 20 25 29 17 20 26 21 24 30 28 18 16 43 15 44 13 17 27 9 24 24 34 30 12 16 18 16 11 25 19 14 31 16 31 33 19 15 30 18 19 46 15 40 39 25 17 25 26 12 31 34 14 33 25 29 26 10 39 30 41 25 18 23 33 18 35 30 20 35 18 20 
16 28 18 20 17 15 32 33 31 23 21 24 11 21 32 20 13 34 48 21 14 22 20 32 24 25 29 17 22 15 15 26 7 17 19 14 24 25 12 19 22 13 37 32 22 20 15 23 24 41 29 32 29 14 13 21 31 23 11 17 8 21 31 23 14 20 37 28 36 34 14 10 28 23 22 24 5 32 34 20 
21 29 14 14 26 23 36 35 21 25 29 41 16 26 22 16 18 24 33 15 16 24 9 26 28 21 22 27 17 19 21 20 13 26 7 15 28 23 22 13 26 17 34 48 18 11 37 17 7 39 27 32 38 15 15 32 28 21 31 28 7 25 37 11 14 23 41 23 33 31 18 28 16 19 33 41 19 22 24 17 
23 16 5 18 22 16 37 24 22 24 28 26 21 23 27 27 17 39 32 15 16 27 23 27 27 23 28 25 26 13 21 22 12 20 17 16 16 8 17 21 28 13 28 39 27 15 35 21 20 26 15 27 38 14 10 37 23 13 29 28 12 33 24 25 21 26 37 37 23 32 11 22 20 29 38 23 17 22 26 13 
22 23 22 22 21 19 25 13 34 41 22 23 23 23 22 22 17 20 25 16 7 26 4 22 24 16 28 26 23 11 28 24 17 21 16 23 28 23 19 14 38 18 32 18 20 11 35 21 23 27 23 19 30 17 17 43 32 19 24 38 12 26 24 20 15 22 20 19 28 32 19 21 18 16 43 20 17 30 16 24 
19 17 19 17 22 19 36 34 43 21 21 28 17 9 41 28 13 32 41 22 15 38 20 21 17 13 27 26 12 20 25 38 14 30 29 20 9 19 24 14 20 15 27 34 21 16 39 22 22 26 29 34 27 19 22 29 25 20 23 37 17 24 17 27 17 19 31 15 32 33 10 22 24 44 31 27 14 26 23 12 
23 22 19 23 23 9 10 31 19 18 30 39 6 22 20 19 28 19 23 16 20 30 12 18 22 23 40 29 20 25 22 35 19 5 22 10 12 29 18 23 26 11 29 31 19 14 40 13 21 35 24 35 32 19 15 35 40 18 27 26 15 33 24 20 26 16 39 20 20 23 10 30 19 22 32 29 18 36 30 22 
17 28 24 21 24 18 36 44 29 43 22 34 12 26 29 12 20 17 19 16 14 24 18 32 30 12 28 18 18 26 36 36 12 25 22 19 23 21 19 13 23 16 14 37 21 17 24 14 23 22 18 31 14 14 11 26 16 30 36 27 16 22 18 14 20 30 18 21 23 19 20 23 41 21 37 29 18 20 28 21 
13 24 25 17 25 25 22 14 17 26 28 10 9 31 10 27 18 22 33 15 19 27 10 43 20 17 11 22 22 25 51 40 17 29 13 11 30 10 16 22 27 11 19 28 25 12 34 27 23 30 18 24 40 27 11 29 22 22 25 33 11 37 27 17 27 19 30 33 19 30 14 23 19 29 28 27 21 33 23 19 
22 20 22 19 25 20 36 40 28 45 6 29 24 26 19 24 24 32 16 19 17 19 7 32 28 19 14 35 18 20 23 20 12 25 15 15 26 23 31 21 22 14 23 30 18 13 45 17 19 46 25 28 30 18 12 19 31 17 24 22 11 26 26 19 12 25 24 16 21 27 10 15 32 28 38 32 24 33 26 18 
15 12 26 16 15 24 31 32 27 33 20 37 17 17 28 34 24 31 29 16 20 20 14 19 26 10 15 41 19 24 24 19 8 27 28 13 38 26 12 14 20 8 31 53 27 22 51 21 16 29 15 14 20 23 20 31 29 13 13 30 12 26 26 27 16 25 20 34 34 23 12 22 44 32 26 24 10 37 28 19 
20 28 22 7 20 33 30 19 31 13 32 29 14 31 19 20 23 29 27 13 14 31 16 33 26 10 32 31 19 13 37 19 15 26 9 17 27 18 31 23 18 16 37 15 19 12 27 24 18 18 20 35 17 28 20 23 27 15 41 28 13 18 18 17 1 26 48 37 15 31 10 22 27 25 43 24 18 22 15 23 
13 26 18 19 19 29 29 17 13 30 39 29 12 25 32 19 37 18 39 20 16 29 6 40 22 21 28 35 15 19 22 25 19 12 19 18 21 25 20 20 17 14 26 42 26 7 40 13 17 31 16 14 28 13 16 42 7 24 29 14 17 25 17 26 11 20 22 19 28 25 10 29 29 15 27 25 13 36 24 13 
21 23 29 18 28 23 32 24 27 37 23 27 15 17 36 26 17 16 24 19 21 39 13 11 34 15 44 30 12 5 20 31 18 20 18 17 32 26 19 8 23 14 28 30 19 13 29 26 25 21 28 38 36 20 12 28 32 13 21 23 13 35 36 27 23 28 17 30 17 30 9 9 23 23 25 30 15 32 28 12 
17 23 34 17 22 23 31 33 26 43 39 20 14 28 33 25 18 23 37 11 13 31 17 20 14 17 37 40 34 21 22 20 20 29 24 13 20 12 20 16 29 17 25 32 19 14 27 11 26 28 26 25 27 19 19 19 40 30 17 35 17 17 29 26 15 18 14 19 47 22 10 25 18 20 41 25 19 9 27 21 
15 30 28 25 34 21 21 28 10 31 24 12 13 22 28 23 17 24 18 20 24 15 11 31 14 14 17 46 33 22 26 30 15 15 15 12 27 31 16 16 25 10 28 22 26 16 15 18 21 36 21 48 34 15 20 27 36 25 17 30 15 26 31 17 17 24 25 12 41 34 18 25 28 27 27 28 19 22 31 26 
23 28 18 17 21 14 27 38 30 32 3 28 16 14 35 22 19 24 32 13 20 37 10 39 37 11 32 33 26 14 29 27 12 15 24 17 31 28 29 20 31 21 25 22 24 13 29 17 13 20 14 31 38 24 23 12 27 21 35 15 15 22 25 19 24 8 27 35 31 22 18 13 25 27 25 23 17 43 26 17 
11 17 21 19 20 12 26 38 28 39 28 28 23 25 31 17 27 25 27 13 19 31 11 25 36 17 25 30 13 21 21 29 13 19 9 14 24 37 15 23 28 16 30 30 15 20 23 14 23 15 20 38 35 28 18 15 30 22 40 22 10 23 21 23 24 16 17 20 19 26 17 16 18 19 35 15 17 33 26 27 
17 23 20 20 23 27 33 16 13 28 27 25 19 17 17 22 20 26 34 18 24 33 18 29 33 24 29 19 24 15 33 41 23 24 24 17 34 27 23 19 27 11 25 13 30 14 30 17 12 34 24 30 34 15 19 31 36 16 31 24 13 29 34 15 28 16 22 12 36 44 15 17 29 28 26 32 13 23 26 17 
17 12 21 17 31 17 25 15 27 30 29 31 19 27 25 16 16 19 23 14 16 20 16 38 19 20 35 20 30 14 32 38 16 14 16 15 32 28 20 16 33 16 21 29 20 17 19 23 25 37 25 22 12 10 17 21 17 28 23 33 14 20 26 19 15 16 36 13 33 23 24 29 15 17 35 25 14 16 12 19 
17 27 15 24 27 16 39 21 14 28 35 30 17 20 28 25 19 30 26 18 20 29 16 20 32 18 14 16 12 8 23 49 15 16 16 13 39 24 24 14 27 13 24 21 15 18 44 14 9 20 24 30 32 22 21 24 31 23 16 29 10 28 18 23 20 17 37 12 41 33 19 30 25 24 30 25 16 26 24 27 
22 25 24 17 23 24 32 30 35 28 40 22 9 19 30 28 14 15 29 18 18 30 15 42 22 12 21 32 14 25 36 9 19 20 17 14 12 19 25 25 25 14 29 40 16 20 20 15 12 27 19 30 29 19 24 37 22 21 32 37 22 22 26 22 15 20 43 19 27 31 16 29 29 24 36 21 12 34 34 13 
20 27 23 17 11 17 21 27 13 37 20 17 18 26 15 23 16 28 34 6 15 29 15 44 23 17 35 37 28 13 41 34 8 17 15 14 29 29 18 23 37 18 16 36 22 15 31 17 8 34 17 38 24 20 18 18 28 22 26 22 19 20 30 26 18 19 32 40 46 32 19 43 27 20 17 30 20 28 26 12 
20 24 25 12 28 21 13 26 33 26 27 18 14 16 47 20 18 37 43 20 20 31 12 29 38 5 26 31 19 11 20 38 14 27 23 11 19 28 24 13 16 11 29 32 11 15 34 17 15 48 25 35 21 29 9 16 29 15 27 22 11 22 26 16 25 23 39 29 42 23 12 18 14 30 36 13 18 29 20 20 
17 26 19 13 27 19 37 36 29 27 30 42 19 15 26 31 16 31 9 22 16 34 12 34 23 12 27 29 29 10 22 26 11 18 20 15 37 24 15 20 28 7 17 25 12 15 33 22 5 38 15 40 26 29 21 22 19 19 16 28 13 25 27 23 31 26 18 27 36 44 22 9 26 34 20 23 17 29 30 28 
17 17 39 20 27 16 40 24 14 30 36 25 20 11 17 19 25 27 32 16 17 36 19 10 33 20 32 32 24 13 42 27 17 32 24 16 28 35 17 20 49 14 34 33 18 20 35 27 14 28 22 35 20 17 18 17 26 30 28 44 18 20 18 20 19 34 26 27 26 31 11 24 19 42 36 33 15 31 14 16 
17 19 26 19 20 18 51 31 29 30 35 36 17 25 26 22 21 32 26 14 13 40 20 26 36 19 28 23 17 16 17 32 22 15 11 12 21 33 12 14 27 16 27 28 21 17 42 28 9 30 17 42 24 19 18 33 22 10 28 32 17 41 26 30 23 23 42 30 34 31 18 25 29 19 24 22 17 29 31 15 
19 26 22 12 28 30 32 27 29 34 11 14 13 24 13 18 26 25 28 9 19 17 11 41 15 20 42 44 13 25 38 32 17 23 15 16 28 20 16 18 38 20 29 33 8 19 14 24 18 26 24 16 34 13 10 35 36 22 28 23 14 26 23 20 18 22 34 16 35 28 19 16 21 15 25 29 11 27 28 25 
22 26 18 15 29 27 36 31 26 20 30 27 19 19 36 27 18 32 34 26 16 37 18 36 17 18 26 35 26 21 28 34 14 10 18 12 28 23 22 17 35 10 29 32 19 19 30 22 21 28 27 26 17 29 16 28 24 21 27 12 20 29 32 22 10 27 41 35 36 20 21 22 20 32 35 26 14 31 30 9 
21 22 36 20 13 30 34 31 29 14 31 17 12 12 29 25 25 32 29 20 16 25 11 27 25 22 29 40 17 20 30 32 14 26 19 17 41 34 13 24 27 11 36 20 24 14 22 19 22 24 13 32 22 22 18 40 23 19 30 34 15 27 37 21 22 25 29 20 24 26 20 24 18 17 15 17 17 43 22 16 
17 22 35 19 23 32 37 41 19 21 26 35 20 29 27 23 20 14 16 11 11 23 14 38 19 17 41 34 23 8 35 28 13 27 21 11 15 14 24 20 36 15 23 34 14 17 33 18 20 36 22 31 26 23 10 18 28 14 31 26 19 23 22 21 19 12 19 36 39 25 9 15 19 25 24 36 16 20 26 24 
10 19 25 14 37 24 37 29 34 36 31 23 12 24 21 24 4 19 31 17 19 29 13 31 23 17 26 19 22 21 27 43 6 21 18 17 19 30 19 13 33 23 18 26 18 19 21 23 20 17 17 26 31 24 6 32 28 26 28 27 12 23 21 30 21 11 41 27 31 16 18 21 25 26 15 27 18 35 28 26 
22 22 16 19 29 15 22 21 32 41 24 35 19 24 41 17 17 21 15 16 13 14 14 24 25 14 28 34 16 22 37 28 8 19 13 18 39 20 15 16 37 18 20 29 19 17 40 23 26 23 30 33 30 12 18 31 14 19 31 20 17 31 22 15 20 16 18 22 29 26 15 16 21 10 17 29 20 22 37 19 
17 23 32 20 23 21 43 21 19 17 27 30 24 14 27 21 23 28 41 15 12 36 15 28 32 19 23 22 18 19 15 43 19 10 14 18 15 18 26 14 30 11 22 7 23 16 27 18 23 27 18 28 32 21 16 29 18 24 22 24 15 25 24 21 26 25 18 21 35 44 15 16 22 15 37 22 15 41 18 21 
20 22 31 18 24 21 17 26 28 37 37 32 15 21 30 29 17 25 39 15 16 24 15 37 26 16 34 24 23 12 37 17 19 17 17 19 19 9 26 24 23 15 35 28 13 16 32 17 24 17 30 21 40 16 22 31 18 5 19 30 22 31 20 20 24 26 20 28 16 31 17 16 30 26 29 33 16 23 20 18 
20 23 15 13 25 19 22 31 38 48 29 27 16 20 32 20 9 14 23 24 17 15 18 23 20 18 26 35 25 19 31 25 24 13 8 18 19 19 16 22 7 12 27 32 11 14 53 19 12 27 24 32 28 20 21 21 25 25 30 37 14 23 28 15 5 20 33 30 32 21 13 15 26 27 19 25 19 43 20 14 
9 25 19 19 14 28 14 37 30 26 29 23 19 20 24 14 35 26 40 11 14 17 7 42 31 12 27 26 19 17 39 33 17 15 19 19 26 30 15 11 37 21 19 25 19 10 21 26 20 28 28 22 24 18 13 32 32 24 40 30 7 31 25 22 20 23 30 16 23 24 13 23 23 30 39 26 17 26 23 20 
20 21 21 17 12 17 42 33 21 17 40 30 14 17 32 35 14 20 17 12 8 27 14 23 24 20 39 24 22 14 32 31 16 20 22 16 31 18 21 15 35 14 13 26 19 23 35 16 12 22 18 25 17 14 16 23 32 25 29 22 14 15 13 27 16 30 30 29 35 24 16 27 27 30 30 30 16 26 22 15 
26 15 14 16 9 31 27 22 18 18 31 30 14 25 16 26 26 20 20 11 15 22 15 22 32 15 31 15 18 15 23 39 12 20 15 21 37 28 21 25 39 22 16 23 25 10 23 16 16 38 19 25 42 13 17 33 33 16 31 23 11 16 14 24 22 17 17 25 34 31 22 24 22 12 22 30 18 18 23 16 
17 20 13 31 33 23 55 39 21 33 40 35 9 16 30 33 9 23 26 21 15 23 18 35 32 16 36 22 13 21 34 36 12 10 21 13 22 27 8 6 29 16 33 38 17 18 27 12 12 31 23 33 24 17 17 27 24 21 28 17 11 24 31 25 17 18 44 18 34 32 23 17 25 33 23 11 17 24 26 13 
26 22 12 15 18 20 46 26 27 22 38 27 11 24 13 19 21 31 38 16 10 26 20 21 32 17 13 41 22 17 31 29 12 22 24 15 18 11 26 22 32 17 26 30 14 14 39 21 19 34 31 27 26 15 14 31 23 30 22 22 12 29 24 13 26 23 25 24 14 30 18 14 21 15 37 20 17 33 27 19 
19 23 21 14 26 22 13 10 30 35 27 35 15 26 20 34 15 20 45 24 19 11 24 10 48 22 26 14 22 23 21 16 11 21 11 13 20 29 25 9 21 13 10 19 15 23 43 9 18 38 25 32 28 19 15 20 24 16 33 21 21 29 34 25 16 23 29 20 38 21 10 23 25 27 30 33 17 21 24 18 
15 26 31 14 22 24 15 29 40 39 28 25 16 18 30 23 11 26 33 11 15 32 12 17 24 25 27 25 26 13 38 24 18 37 9 14 26 23 14 25 30 17 24 45 21 20 34 22 19 34 14 31 36 28 15 28 22 23 30 31 14 24 29 26 7 23 23 8 16 33 9 21 22 29 23 12 19 39 34 20 
22 32 23 18 28 28 45 37 32 22 29 23 17 25 36 21 15 23 41 16 17 32 11 45 28 14 33 23 27 27 24 27 20 22 26 14 18 25 22 25 25 11 22 25 15 16 37 19 19 14 32 34 7 22 10 23 30 22 33 23 15 25 35 35 16 20 33 23 34 30 18 32 22 30 33 33 14 30 24 27 
22 26 20 13 10 17 28 22 26 37 30 33 20 29 30 21 25 28 42 21 15 32 25 16 31 24 29 36 21 10 44 42 10 23 13 10 25 25 31 25 20 15 33 48 13 16 28 20 22 19 20 23 16 18 15 28 41 13 32 25 19 22 23 27 24 27 25 13 33 25 19 13 24 35 24 32 16 22 21 23 
14 33 27 24 17 18 39 28 26 23 32 27 15 22 31 9 38 25 33 16 17 22 20 24 33 20 27 35 23 20 41 35 21 25 22 14 17 28 28 15 28 14 27 19 13 17 38 19 20 24 15 25 28 30 18 12 33 24 19 38 18 29 30 19 18 25 32 23 27 27 11 27 28 31 43 26 13 34 29 13 
18 23 14 23 24 19 33 20 45 24 25 25 24 7 26 26 6 22 41 9 11 18 14 24 15 22 35 27 28 18 25 17 18 19 15 9 29 36 24 18 18 26 29 33 12 16 31 19 21 12 15 28 27 16 20 18 25 2 30 41 13 23 19 17 30 21 34 36 29 26 13 28 29 15 26 21 18 18 12 21 
23 24 10 14 25 17 32 36 42 37 32 21 16 22 35 21 19 17 31 15 17 19 14 38 18 16 25 25 27 16 19 28 15 28 15 12 21 32 17 19 23 10 18 32 16 18 13 17 19 36 18 31 32 15 15 27 25 9 27 25 12 16 22 14 17 18 28 28 22 33 10 26 20 26 27 23 9 33 22 16 
19 16 15 19 17 21 30 17 33 24 31 23 19 24 26 15 7 16 12 20 12 21 8 31 31 23 21 37 9 19 33 6 14 19 18 18 22 27 32 16 33 20 24 44 19 16 31 16 25 37 17 27 25 25 15 34 19 18 28 29 8 32 17 12 23 23 31 17 14 28 6 17 24 25 41 24 17 28 14 21 
24 28 33 16 20 23 21 20 38 21 20 23 13 30 25 18 21 21 27 20 20 21 19 38 27 20 21 22 32 11 22 23 15 9 18 4 34 29 15 26 35 15 10 36 15 18 32 29 8 19 24 32 28 13 8 27 29 22 13 30 17 19 23 19 19 26 32 23 30 28 21 30 25 26 8 23 18 32 19 13 
12 25 35 17 22 9 32 36 43 13 46 32 9 23 23 17 27 6 35 17 18 8 19 32 36 12 26 31 19 21 27 41 10 11 18 21 32 25 16 22 13 12 36 32 18 21 27 17 15 33 27 41 22 24 25 49 23 14 27 40 22 35 21 24 21 19 41 19 22 33 15 21 28 24 21 27 19 36 23 14 
16 18 29 21 22 14 31 13 17 15 27 31 17 21 31 13 14 29 38 15 8 31 11 36 28 13 37 28 22 17 28 35 12 17 6 21 23 24 15 15 27 11 23 32 12 12 37 22 8 25 33 39 26 33 21 23 20 17 18 26 16 13 32 19 20 24 40 24 30 13 15 23 41 38 30 33 9 32 13 11 
17 22 7 16 23 15 41 11 39 35 28 31 12 20 32 18 15 32 31 8 21 29 15 27 17 16 35 28 24 22 22 20 14 18 14 17 36 36 21 20 37 9 27 50 23 13 27 10 11 21 22 29 43 19 13 25 18 13 24 16 21 12 33 25 24 20 14 30 32 42 19 7 34 28 13 22 15 25 22 13 
23 34 17 19 4 24 32 30 36 36 38 28 15 20 35 18 20 25 37 17 21 39 17 19 26 13 39 40 13 23 35 30 19 25 7 21 33 12 19 8 35 10 36 33 16 17 24 13 23 33 21 36 32 19 17 32 28 25 32 12 15 23 20 19 22 19 27 19 33 35 15 20 26 31 41 23 19 26 17 8 
19 20 16 18 27 23 30 19 18 32 41 23 13 26 40 17 22 11 25 8 9 22 15 34 32 17 25 33 25 14 30 18 15 30 22 12 23 19 22 12 21 13 18 33 13 7 13 5 17 28 26 30 15 15 7 37 31 26 28 21 12 31 22 19 22 30 23 23 28 29 20 10 12 20 29 26 23 47 12 15 
10 10 20 16 15 25 35 40 35 27 18 30 13 19 25 23 29 25 34 8 20 28 19 20 18 17 26 37 24 16 34 37 20 24 10 9 29 11 16 7 24 9 21 25 26 14 14 17 18 30 37 33 27 29 11 42 20 20 31 27 14 29 37 15 22 14 18 18 10 34 15 23 26 24 39 26 17 30 14 24 
21 31 31 24 25 16 25 27 34 41 23 30 9 22 14 34 16 29 34 18 19 25 19 30 22 15 45 33 14 21 32 28 14 25 13 13 30 26 32 21 18 16 31 31 19 16 29 18 21 22 23 21 22 13 16 28 38 16 22 24 17 21 50 26 15 24 33 29 26 27 16 14 37 21 47 33 18 34 35 16 
19 12 38 15 14 15 36 28 41 31 31 38 13 22 26 31 23 28 31 12 12 23 14 20 25 21 29 22 26 15 29 21 16 31 19 17 38 33 14 22 25 16 15 26 18 17 33 12 20 20 22 18 23 20 13 37 16 23 32 23 21 46 27 21 30 30 36 10 37 29 7 29 35 15 23 34 19 17 25 17 
27 27 12 33 29 23 24 26 11 18 18 23 17 21 30 35 19 42 8 22 13 27 15 16 17 18 24 27 22 21 26 17 13 21 22 12 33 19 20 17 34 18 27 51 17 25 32 16 15 29 20 22 33 16 13 15 31 11 39 28 20 18 24 28 17 22 28 24 50 38 15 21 19 25 19 20 18 37 21 12 
22 20 20 22 14 8 44 28 34 22 34 19 20 24 23 26 20 38 24 20 13 30 12 15 32 15 20 23 22 26 24 31 11 12 14 19 27 7 16 16 28 17 15 33 10 11 15 22 21 26 29 35 32 20 21 41 25 11 26 37 18 37 29 6 10 15 21 18 35 33 22 28 16 40 28 10 10 25 15 18 
23 30 23 30 24 29 24 30 35 19 22 28 15 22 35 18 16 18 17 19 29 20 18 14 39 22 36 24 16 15 35 32 11 19 25 11 16 14 29 8 33 13 18 33 15 10 27 7 16 24 20 26 28 23 16 31 16 20 16 38 9 34 31 22 18 14 40 19 20 33 25 35 31 20 39 27 20 42 20 24 
19 28 21 17 11 14 29 27 40 24 19 28 23 20 33 34 18 30 30 16 18 25 15 21 28 11 26 11 25 10 34 24 24 14 25 10 25 36 15 17 41 18 34 25 18 15 36 24 17 20 32 22 40 35 11 20 16 25 23 21 14 11 31 26 23 22 39 23 39 19 17 17 22 35 35 23 19 27 21 12 
21 27 25 20 14 16 28 24 39 21 18 22 19 25 33 15 26 28 35 16 15 18 14 32 19 22 16 34 11 24 18 37 16 17 21 16 11 23 22 11 21 4 32 36 21 16 31 15 16 22 9 23 14 19 16 8 35 18 21 15 14 25 12 28 9 28 32 18 32 26 21 11 18 28 30 28 13 33 29 20 
10 30 29 20 26 30 31 25 43 35 25 20 14 28 33 14 22 15 36 12 15 17 11 39 29 6 31 33 18 12 63 32 10 19 15 11 20 24 24 17 23 19 19 30 27 11 23 11 15 38 36 28 34 27 19 21 38 14 18 24 22 25 24 18 25 15 21 24 19 23 5 16 28 29 27 17 9 46 24 20 
9 24 32 26 18 13 24 13 42 35 28 32 9 27 17 21 11 33 41 16 15 34 19 32 13 11 24 27 28 15 16 18 18 17 16 19 23 22 21 18 19 13 17 7 16 16 34 22 16 33 30 37 28 11 22 29 31 20 28 14 10 20 16 21 30 31 30 23 42 29 19 16 27 24 23 26 15 35 13 19 
18 28 22 13 19 25 29 24 44 21 27 29 10 26 24 41 29 29 19 21 14 24 16 22 21 14 28 41 22 16 28 25 15 27 18 17 31 38 20 11 35 19 20 28 15 18 28 16 17 35 24 8 32 10 21 15 13 6 31 21 17 19 30 16 18 15 38 35 17 22 19 23 18 17 28 28 13 35 20 13 
18 16 32 12 19 20 33 15 19 25 44 20 19 15 37 24 4 28 33 22 10 27 2 21 28 22 31 38 22 17 6 17 17 36 20 11 22 32 16 28 21 12 33 26 18 19 30 20 23 18 21 29 33 27 14 31 31 23 31 47 17 21 32 26 26 12 37 12 28 26 12 19 26 18 20 31 12 36 32 23 
19 27 25 16 26 10 22 31 16 35 32 31 11 30 32 25 17 27 23 10 11 32 13 28 30 16 16 38 22 24 32 34 19 16 18 17 29 15 20 15 28 18 21 44 11 16 35 12 20 29 14 29 27 13 12 37 31 16 18 31 13 32 24 26 16 18 36 23 29 37 15 18 16 30 24 42 10 30 17 19 
18 32 17 15 26 24 35 35 25 35 29 24 23 24 31 12 24 40 29 13 15 11 6 10 15 6 29 31 26 20 17 26 15 22 14 9 25 24 24 21 24 26 22 34 14 20 29 19 20 35 28 30 29 19 12 13 38 10 23 10 18 47 30 19 21 17 23 19 44 23 18 13 35 33 35 17 14 30 21 22 
10 24 15 20 20 22 22 20 28 32 17 32 11 21 23 20 29 16 19 16 20 28 6 27 20 13 24 23 15 21 25 28 14 35 22 13 32 17 26 23 15 16 34 35 11 14 42 25 14 37 24 21 18 25 19 30 28 20 35 26 7 27 26 25 15 17 23 22 39 19 16 17 22 12 24 21 18 28 25 16 
22 29 25 23 20 13 35 23 28 36 36 23 17 24 25 28 25 23 38 12 24 12 18 30 26 16 29 17 16 14 37 30 6 29 16 13 14 7 29 15 30 12 27 33 8 14 50 21 9 29 19 45 27 18 16 13 31 18 33 18 17 32 14 29 23 15 19 17 27 21 13 31 27 23 43 33 11 19 21 22 
21 24 32 27 30 17 36 43 11 30 27 27 20 23 30 29 19 23 33 17 17 18 17 32 27 14 38 38 26 31 28 28 23 18 7 13 19 18 21 23 32 12 25 27 15 14 33 15 23 14 23 34 21 30 18 23 21 15 22 20 16 30 12 16 20 18 28 28 31 29 14 24 25 24 40 26 16 37 16 20 
19 18 26 16 19 18 24 25 20 27 32 25 20 37 26 17 17 25 29 19 21 21 14 31 29 17 34 36 24 24 22 25 14 9 23 19 37 25 21 10 28 22 19 21 16 18 13 16 20 18 25 30 33 21 13 28 26 10 26 33 17 31 23 10 19 24 32 9 24 27 11 30 21 27 16 30 11 23 11 18 
29 24 8 18 23 28 33 24 27 27 23 22 12 29 8 21 30 26 23 18 18 36 18 34 16 26 38 37 28 16 21 25 16 31 17 11 21 26 17 14 25 19 7 28 20 16 22 18 17 30 26 27 29 24 15 48 30 15 32 21 19 14 25 21 25 25 16 21 42 39 16 19 33 6 12 34 10 33 26 17 
19 25 23 14 28 32 43 38 28 15 32 14 19 25 28 19 20 18 17 15 22 27 8 21 34 18 39 20 27 17 24 25 16 22 16 13 37 34 19 9 33 15 34 27 23 11 30 21 20 26 19 21 21 36 13 27 28 20 28 10 18 31 34 34 19 29 20 31 32 41 20 26 36 19 23 21 7 32 29 21 
23 17 17 18 21 26 24 28 25 31 14 28 22 22 32 25 14 9 31 16 11 29 18 39 30 20 30 23 16 9 39 23 23 27 14 20 33 34 25 13 38 12 32 31 25 17 19 15 22 35 20 8 25 4 19 34 27 24 24 20 12 12 35 26 27 15 36 16 22 33 18 14 19 26 39 27 17 34 26 14 
18 27 16 20 19 19 27 39 39 40 32 27 17 25 31 25 24 20 28 9 11 15 17 37 15 13 28 27 24 26 27 39 21 17 21 15 30 13 19 14 28 15 22 33 9 19 34 24 24 42 24 38 33 11 13 32 10 8 31 20 14 36 26 25 15 17 25 26 36 29 14 13 24 21 45 29 11 13 25 26 
16 20 21 19 26 28 26 21 29 31 47 32 13 13 26 23 19 28 31 18 18 33 16 44 17 19 36 34 23 16 31 30 15 14 19 19 21 33 18 20 21 14 31 13 26 14 24 19 26 26 32 17 32 22 16 20 25 29 42 31 16 29 12 24 20 16 21 20 14 24 16 26 13 35 27 21 14 28 22 17 
16 26 32 11 19 21 30 27 35 36 38 36 23 19 18 19 25 28 30 17 14 24 15 31 25 11 31 22 20 27 21 34 11 20 26 12 22 29 8 19 19 17 34 32 20 18 27 15 13 28 29 23 27 24 12 36 18 12 38 37 9 22 36 16 27 22 28 31 30 20 22 27 13 24 49 24 11 29 31 18 
21 23 28 18 33 20 22 31 31 16 42 25 16 27 27 23 28 29 30 14 28 35 12 32 17 23 36 43 22 13 29 31 24 11 18 15 16 31 20 21 26 16 37 43 22 18 48 17 25 37 27 17 23 25 14 23 24 20 25 10 23 23 36 19 19 18 34 21 31 39 9 13 15 20 47 12 18 32 26 13 
19 21 16 21 26 23 53 20 24 30 33 16 14 33 35 27 22 43 21 12 13 20 18 22 28 15 34 31 26 19 29 29 18 19 26 19 22 29 33 18 35 9 37 36 11 20 18 22 10 43 23 21 21 17 18 25 26 20 29 29 14 17 20 24 26 14 44 21 27 35 21 11 28 29 28 30 14 15 30 22 
18 20 27 20 16 18 19 13 23 33 25 23 14 26 37 24 16 43 34 17 13 29 23 37 30 14 29 25 20 17 30 38 17 13 23 10 26 25 31 16 29 16 29 26 13 18 13 29 14 30 29 31 28 21 19 37 21 20 19 31 20 24 44 20 22 14 15 21 37 13 19 10 26 25 22 30 23 40 23 16 
21 24 34 17 25 12 27 39 27 35 27 43 18 13 25 24 18 22 36 17 25 26 14 32 30 8 12 27 16 19 39 28 14 23 19 15 24 24 26 20 39 9 28 35 27 19 4 18 19 35 26 50 34 16 18 40 28 24 26 34 21 23 27 32 18 20 31 31 31 39 20 25 26 25 20 12 18 31 12 25 
16 24 16 21 12 19 39 28 28 22 29 27 18 25 16 22 19 25 35 19 12 20 13 19 32 21 21 34 17 12 37 39 16 33 16 17 21 26 28 11 24 12 27 24 21 15 28 14 13 19 17 28 29 25 4 21 32 13 25 11 23 30 22 28 19 20 27 20 30 31 17 23 30 20 30 18 16 33 36 18 
21 25 25 20 18 26 27 36 22 24 27 18 17 23 33 17 24 22 22 24 10 22 13 24 28 10 38 28 17 15 31 30 13 20 13 17 42 30 26 21 37 15 29 32 26 23 37 15 15 16 17 30 20 13 19 34 17 29 27 49 14 45 33 22 13 18 30 26 44 31 22 24 14 24 41 23 13 22 24 21 
26 23 26 19 17 15 39 29 30 13 29 42 10 19 24 28 27 12 30 13 18 24 17 23 21 14 36 33 19 20 34 35 10 27 20 15 32 34 16 6 30 21 22 36 15 17 34 23 22 20 25 29 42 26 17 50 23 29 24 21 16 26 9 23 28 17 43 24 39 22 21 22 35 24 15 24 22 34 17 11 
24 37 15 22 30 20 23 39 31 16 28 37 10 14 26 18 20 21 21 13 16 35 19 30 27 15 22 13 24 15 36 13 19 22 18 13 27 18 20 17 26 12 25 36 20 14 33 22 13 35 25 32 50 33 13 23 30 23 33 25 13 17 26 22 14 17 37 12 30 25 22 24 27 13 34 15 11 22 14 14 
24 18 28 18 27 24 25 45 26 41 19 31 15 27 22 29 15 16 28 15 16 29 14 34 26 11 39 42 6 15 24 29 21 11 7 17 36 29 35 18 32 11 35 27 18 27 12 23 20 38 28 35 23 19 14 36 25 18 16 26 19 27 26 23 22 10 19 20 29 30 21 16 28 24 49 22 17 30 32 21 
20 25 20 13 23 20 38 30 13 23 44 19 16 12 25 16 19 29 15 14 19 19 19 20 18 18 33 28 21 14 26 22 19 17 22 13 34 24 29 16 30 17 25 27 15 23 12 25 17 31 18 35 26 31 19 47 22 15 38 19 17 24 30 16 23 23 30 19 21 24 8 17 42 26 38 15 11 28 21 19 
19 26 30 21 24 23 19 30 43 21 35 31 20 25 37 23 13 19 26 12 10 30 15 37 34 13 27 34 20 18 39 37 14 17 24 15 24 22 18 16 38 12 22 29 20 26 25 13 6 22 20 19 38 12 17 28 22 20 24 21 13 20 19 34 17 6 28 29 25 18 17 21 26 28 42 20 22 25 27 19 
10 27 21 12 19 32 30 33 11 21 27 21 19 14 37 23 11 20 40 12 20 22 19 42 30 17 17 15 18 18 45 36 17 20 18 18 30 15 27 13 37 13 23 36 6 12 23 16 16 34 31 20 37 19 14 23 23 21 27 15 12 44 23 30 21 32 38 13 44 34 18 31 30 25 42 33 18 20 29 29 
24 26 19 15 25 30 33 29 17 29 15 26 17 17 30 15 20 21 33 18 15 30 14 41 27 20 27 29 24 22 23 29 10 21 11 22 32 32 28 31 20 19 30 61 21 12 46 19 23 35 19 23 19 17 22 29 35 25 22 39 9 34 32 24 32 13 37 21 42 29 8 19 26 27 35 29 17 31 28 22 
26 26 28 16 18 17 33 38 25 14 22 33 18 20 33 17 12 33 20 14 15 21 11 29 32 20 34 21 18 20 37 30 16 21 18 13 21 23 23 18 21 12 28 29 20 11 25 25 20 29 11 21 21 12 18 38 30 24 25 32 23 28 10 24 25 16 39 13 33 32 12 30 22 35 34 19 19 30 29 11 
18 14 19 15 21 23 30 26 39 28 28 20 12 24 32 8 18 25 38 17 11 24 16 17 28 20 46 31 4 28 33 19 10 19 25 22 35 32 19 19 35 20 18 40 20 17 25 18 16 47 16 20 34 20 15 35 25 19 32 32 11 25 24 23 17 19 21 21 40 30 22 13 12 31 16 23 13 41 29 26 
20 24 29 20 21 27 19 37 25 22 38 33 14 33 36 22 28 23 30 18 20 30 10 29 31 16 23 36 17 15 24 33 18 15 22 16 33 8 24 15 24 15 25 29 20 15 23 11 12 34 26 20 32 19 16 24 24 32 47 26 17 32 23 22 13 23 36 11 23 32 16 30 23 18 37 33 9 53 25 20 
17 24 23 3 18 18 20 22 30 23 36 21 19 15 20 30 16 20 3 16 16 13 13 45 31 19 25 26 21 21 27 13 12 20 17 15 29 31 23 19 18 14 20 26 17 19 30 16 16 52 32 33 19 17 17 29 29 20 23 21 10 22 21 10 15 24 21 25 46 38 22 34 29 33 26 12 17 30 26 19 
13 33 24 13 31 24 25 28 19 20 26 27 15 30 26 23 19 40 40 16 16 28 14 32 19 16 26 37 23 23 23 20 22 22 15 19 26 21 20 24 19 21 26 36 20 15 27 26 19 29 16 16 38 23 18 11 26 23 34 36 21 35 17 20 18 18 20 26 28 38 8 20 31 26 19 30 16 30 21 16 
26 32 30 18 28 23 35 24 21 30 24 24 14 21 29 25 22 27 41 18 18 31 19 19 23 15 45 24 29 18 33 29 10 19 15 15 26 18 16 12 24 11 23 31 14 24 23 20 20 27 22 50 31 15 17 30 28 25 30 12 21 24 18 18 24 14 38 27 25 27 18 21 21 23 30 21 21 34 20 18 
20 17 24 17 21 28 17 36 35 34 21 18 17 22 23 15 15 28 34 11 14 31 21 24 16 15 30 37 17 17 28 19 15 23 18 19 26 24 22 22 31 12 15 35 27 8 29 16 19 26 28 17 32 15 16 27 19 17 34 10 12 21 17 25 20 18 40 23 17 28 21 26 17 25 41 29 18 32 18 23 
15 24 34 28 17 22 17 17 12 38 19 21 24 16 16 23 18 24 18 14 18 32 16 37 31 16 33 31 22 25 24 21 16 19 17 11 24 30 29 23 32 17 32 13 12 21 13 23 19 36 24 22 13 24 14 19 24 23 19 29 11 24 25 26 33 16 29 19 46 27 15 21 27 30 25 5 15 25 22 12 
15 32 8 12 16 9 35 14 26 23 22 20 15 22 33 15 14 23 39 26 14 15 18 29 27 21 24 39 17 22 25 24 23 18 15 16 30 24 21 22 29 11 25 23 20 19 35 15 20 37 23 28 26 30 20 17 33 18 29 19 18 32 9 19 15 26 30 25 19 49 19 21 28 19 27 30 13 18 19 17 
27 24 20 17 26 27 34 33 27 25 34 23 18 40 27 25 15 34 25 18 17 29 8 21 21 20 31 26 33 14 37 38 17 15 13 9 36 21 15 15 21 20 22 39 20 17 31 14 9 30 27 7 45 15 19 23 22 20 25 26 18 17 24 17 23 15 33 39 33 21 8 14 22 26 32 23 21 36 31 19 
20 28 32 17 20 19 39 33 19 29 21 27 15 24 28 18 20 25 27 14 17 37 10 10 24 16 34 34 25 18 10 24 12 24 18 9 23 28 9 20 20 16 34 13 25 11 31 25 27 35 30 29 25 22 9 29 19 20 24 16 14 22 30 20 23 26 19 36 39 20 19 20 24 39 25 14 19 19 39 22 
25 24 37 15 16 27 22 13 17 49 31 25 15 27 20 27 26 30 45 12 23 20 19 31 22 10 35 31 24 19 42 30 17 25 20 18 40 24 26 23 22 14 18 27 16 18 41 15 17 31 20 24 24 16 9 26 33 15 37 28 17 28 29 24 14 19 29 31 27 20 17 25 23 35 31 10 15 30 25 16 
14 20 21 18 21 8 23 25 38 27 25 16 17 17 31 18 22 31 38 15 14 25 9 37 30 13 31 22 24 16 39 19 17 15 15 15 25 22 22 20 41 15 22 27 25 16 36 17 11 27 26 31 15 13 12 25 32 18 42 33 14 22 4 19 9 21 30 28 23 12 9 25 28 28 27 24 13 29 23 12 
20 18 25 19 24 32 40 13 45 15 24 21 10 25 30 17 28 27 29 16 9 29 19 45 23 15 32 38 31 10 27 14 21 19 18 16 30 24 27 21 23 17 22 29 11 12 32 17 9 37 28 43 17 6 19 29 32 12 26 24 8 19 34 19 21 11 12 30 20 35 16 23 31 25 27 22 16 33 34 27 
25 30 23 16 15 18 30 34 23 31 28 34 9 13 50 25 25 29 26 14 22 13 16 42 34 16 38 33 33 23 35 40 17 19 8 22 22 21 22 14 26 16 17 29 18 13 25 22 15 27 18 22 31 12 14 33 35 23 35 26 13 28 10 32 31 19 15 24 27 34 21 16 29 22 23 17 25 46 22 16 
17 18 26 22 15 21 34 33 35 6 10 14 16 19 17 18 19 18 28 12 13 23 15 28 31 11 40 28 27 18 35 52 18 16 23 17 36 21 27 22 16 15 31 33 16 19 39 11 20 28 19 50 35 19 15 36 32 18 32 24 22 29 21 18 17 14 22 18 15 28 19 24 16 32 35 25 19 27 21 18 
26 26 27 22 26 13 34 14 31 27 25 23 16 15 33 28 25 26 39 17 12 28 19 33 21 10 21 22 18 17 41 31 18 21 25 16 39 31 18 16 20 8 25 23 19 17 28 14 26 35 30 29 38 21 14 37 19 18 28 33 10 37 14 23 27 13 38 21 34 20 18 13 20 30 31 31 17 29 15 22 
10 20 20 12 27 20 19 42 34 16 21 18 11 30 35 12 21 31 33 14 11 21 15 22 22 13 34 27 27 23 39 26 8 25 18 19 29 22 15 18 27 17 19 25 15 10 36 17 18 40 25 20 36 26 17 19 13 21 40 20 18 29 21 24 16 7 25 11 45 29 15 21 28 14 40 27 13 13 44 16 
20 22 27 15 20 23 35 17 22 19 35 20 14 24 49 23 26 28 28 9 13 33 20 35 15 19 32 24 20 22 18 16 13 32 7 12 17 24 19 10 28 19 26 33 11 11 37 18 22 24 20 39 19 11 15 35 22 19 20 24 21 23 22 28 24 21 20 16 32 16 11 21 34 33 20 26 14 26 20 11 
13 21 32 17 35 24 21 6 29 18 17 23 17 16 17 30 23 25 16 15 7 23 13 37 25 19 26 27 17 15 28 34 17 18 16 20 30 20 26 13 20 15 36 53 18 10 33 14 24 28 22 59 21 26 22 30 27 18 23 23 19 14 20 36 23 29 14 42 39 17 23 20 25 27 19 33 19 17 26 8 
24 18 28 12 11 20 22 14 39 26 37 19 12 19 28 21 29 28 27 11 12 29 12 27 30 18 24 33 18 19 28 43 14 12 17 11 18 23 18 16 28 15 23 23 13 17 42 24 12 22 21 50 10 16 18 20 19 24 19 31 15 30 26 19 13 8 25 29 27 23 18 19 39 31 49 36 19 21 26 10 
16 18 16 10 24 23 32 21 24 22 44 27 8 23 34 27 28 26 20 16 21 24 13 32 25 14 15 30 18 18 29 28 13 31 14 15 20 19 25 10 20 19 13 32 23 20 29 31 20 26 31 50 27 27 19 29 35 17 29 24 14 41 17 17 16 6 37 22 31 27 10 22 13 39 27 31 16 34 28 23 
22 27 23 21 28 24 45 20 29 29 29 30 10 11 36 23 23 28 27 15 18 27 16 34 23 20 39 31 24 13 25 16 19 38 7 17 31 17 18 27 24 15 27 41 12 18 39 18 8 14 21 36 41 28 10 26 18 21 41 35 10 38 18 15 22 30 46 26 44 29 14 27 28 33 37 23 16 36 17 12 
25 16 20 18 20 27 36 25 20 29 34 20 17 12 38 17 17 29 31 21 23 24 13 36 34 21 38 32 18 8 33 31 16 17 19 23 21 8 23 14 31 13 35 32 19 16 37 19 13 28 23 38 35 12 15 28 38 13 29 34 22 35 22 29 22 23 29 31 39 29 14 18 31 15 20 33 9 21 32 17 
20 9 27 17 16 14 38 19 21 25 32 33 18 37 31 20 21 32 16 18 12 29 18 17 28 16 31 24 20 24 29 23 10 24 18 9 35 18 24 16 35 16 38 46 29 17 34 17 21 34 26 15 23 12 15 32 41 12 27 35 12 29 26 15 8 16 38 30 30 42 18 15 33 25 20 33 15 21 20 20 
16 17 39 27 19 20 31 20 16 14 15 30 14 16 27 27 25 14 20 17 16 33 12 21 23 12 38 29 31 19 42 28 12 22 16 17 17 28 21 9 18 14 24 22 25 22 30 14 21 35 31 23 16 13 14 18 39 19 32 15 11 18 18 24 18 15 33 27 37 17 17 21 25 27 27 30 12 15 25 15 
19 17 19 17 24 20 29 33 37 26 14 28 17 25 14 21 24 24 27 13 17 20 11 29 21 16 28 24 23 16 30 25 12 32 21 9 22 37 22 20 23 13 41 4 10 16 25 22 21 37 16 27 19 19 23 29 21 24 34 25 14 33 25 20 10 31 35 20 25 46 19 15 17 30 35 27 15 29 29 22 
23 34 15 20 29 16 29 34 43 34 12 27 16 22 12 27 19 36 28 19 17 36 14 13 23 13 21 27 20 22 26 18 11 8 17 12 32 24 29 11 24 18 23 29 10 12 25 19 18 37 14 29 29 25 18 13 35 22 27 34 10 29 18 31 29 20 24 23 37 45 16 25 26 31 41 24 15 20 10 21 
22 13 16 24 9 12 39 26 27 18 21 27 10 24 21 21 15 25 19 18 19 20 12 33 13 19 36 34 16 24 26 19 17 16 21 18 31 19 23 18 24 10 27 23 22 24 38 18 18 25 25 22 28 15 15 21 28 20 33 24 7 32 33 25 15 12 27 28 34 42 15 13 26 24 33 35 14 6 25 20 
14 20 29 25 29 11 31 25 32 17 23 25 11 28 27 12 20 23 27 24 17 24 20 26 26 20 30 9 24 17 10 19 20 21 18 10 15 34 22 19 16 15 26 35 30 20 32 21 13 21 16 40 32 25 17 16 27 22 33 33 12 12 16 25 26 6 32 21 35 44 19 22 8 31 24 27 24 15 21 16 
23 24 21 17 22 25 28 30 30 15 21 36 16 29 12 28 27 20 42 14 16 26 16 29 21 20 25 12 19 18 27 27 15 17 11 17 24 28 17 9 24 14 35 42 18 15 27 21 15 33 19 36 23 16 12 23 20 27 43 36 16 35 12 13 7 25 14 26 20 26 16 17 11 18 12 10 16 28 30 14 
17 24 34 18 24 29 17 17 41 37 30 30 19 19 18 21 25 21 31 15 24 31 12 10 28 16 28 25 26 17 49 27 18 15 11 17 25 13 21 16 27 18 33 16 16 12 30 24 15 23 20 26 10 23 16 21 22 19 31 13 8 33 28 27 11 23 29 25 16 27 20 13 10 24 32 43 18 33 29 18 
18 25 27 26 20 20 24 18 46 17 18 29 12 15 40 18 19 7 19 13 20 33 10 31 26 12 32 36 37 20 49 26 19 10 19 13 27 25 23 23 18 16 26 20 14 17 32 15 20 26 17 25 30 21 18 23 33 19 24 19 17 40 24 26 13 19 23 18 40 28 22 28 19 28 32 38 16 42 32 8 
16 20 16 28 22 29 29 38 33 17 19 26 20 22 38 31 31 18 41 12 20 26 18 16 19 18 30 28 14 13 35 35 9 24 17 10 23 21 24 13 34 12 19 26 22 17 23 18 15 29 27 42 39 3 6 31 26 23 19 22 20 26 26 20 35 19 24 20 25 31 17 21 16 30 34 25 11 35 12 24 
15 22 25 17 27 17 34 27 15 26 25 7 12 24 23 25 25 26 20 13 29 23 18 24 24 17 42 10 26 24 39 43 19 19 23 11 24 28 14 19 17 14 18 26 25 18 37 17 17 31 32 16 29 13 13 22 33 16 40 34 22 26 20 27 16 17 37 21 27 35 18 22 14 25 20 24 21 32 27 23 
18 20 35 20 20 22 23 32 40 21 26 31 16 21 16 31 29 10 18 20 14 16 20 28 23 11 32 19 10 19 19 44 13 23 22 16 31 35 26 18 22 19 33 43 11 15 13 15 21 35 34 19 22 27 18 17 16 20 36 36 18 24 35 28 20 31 41 17 19 38 12 17 12 17 17 25 17 35 27 24 
11 24 25 17 14 22 18 31 19 17 37 28 17 20 36 19 22 23 18 25 19 17 13 35 25 17 46 20 16 11 24 34 15 17 15 21 22 25 19 12 33 15 17 29 21 11 35 23 20 23 22 34 37 16 11 25 36 17 30 10 18 20 23 21 18 16 13 22 34 30 18 20 24 21 39 20 25 23 24 17 
12 28 35 24 22 18 27 27 36 29 26 21 22 24 31 23 28 33 46 14 18 29 15 27 24 19 23 34 19 24 49 46 16 29 16 17 29 33 13 17 37 22 31 22 10 9 22 20 23 12 30 32 34 24 17 43 31 20 14 28 9 21 30 24 18 21 41 30 49 27 15 15 38 40 20 29 26 32 19 23 
14 28 19 21 22 17 19 26 16 39 19 23 19 17 31 18 24 19 11 21 15 26 16 21 18 18 38 21 23 11 35 38 12 19 16 17 25 33 26 17 30 18 37 30 18 20 15 17 14 23 18 32 30 31 17 35 35 16 20 37 17 16 31 22 24 20 26 18 23 33 11 21 45 37 6 37 20 39 19 12 
17 23 23 20 26 27 28 23 38 21 37 26 16 24 30 22 25 20 36 15 19 33 8 20 24 21 38 21 13 18 25 31 19 26 22 7 26 22 22 16 37 14 19 30 28 21 32 19 21 46 19 33 33 25 17 34 29 18 28 42 13 30 33 26 15 20 25 19 11 17 16 24 32 22 18 26 15 15 26 8 
22 15 18 19 28 17 44 43 33 21 23 20 21 20 28 25 15 32 22 25 11 16 17 29 34 13 30 27 32 17 33 35 23 20 13 18 30 24 17 23 23 10 31 35 15 19 25 28 21 27 23 47 13 19 19 26 28 19 33 25 10 20 28 17 16 4 24 35 22 30 16 17 16 21 36 31 18 16 33 12 
16 14 37 24 24 24 28 21 20 23 16 27 22 21 33 13 4 35 44 16 17 33 9 41 40 17 26 46 16 22 29 28 3 29 25 18 24 18 27 10 18 14 29 20 26 19 30 15 15 33 24 23 32 15 17 24 26 23 19 37 18 17 30 27 10 19 23 30 34 13 16 24 27 45 22 19 14 33 22 24 
8 16 25 5 10 16 28 37 28 31 19 16 16 25 35 18 14 26 32 15 17 26 14 13 19 16 36 36 16 15 20 29 14 31 14 19 35 19 24 13 28 10 30 22 16 14 26 15 17 24 17 47 39 8 11 23 36 18 38 27 18 39 36 28 13 22 47 28 35 48 16 8 38 26 39 21 16 36 14 17 
19 34 22 21 17 19 40 25 48 27 34 25 19 27 31 23 26 15 44 14 19 35 20 31 11 11 27 30 13 15 23 40 11 15 20 20 22 27 22 19 32 11 39 31 8 16 36 19 14 26 20 20 17 10 18 16 11 16 24 23 16 26 24 20 23 14 24 21 33 17 13 29 23 21 43 24 18 30 17 16 
24 23 24 9 29 27 18 27 27 27 34 28 14 31 47 23 20 24 42 15 24 17 15 22 24 14 30 31 11 16 32 20 12 24 17 12 31 16 16 14 23 19 38 36 19 20 22 22 21 16 31 18 30 24 12 29 11 27 47 18 15 27 36 17 20 21 49 25 25 18 14 15 31 24 27 24 16 22 25 12 
16 22 8 17 28 38 28 34 52 47 34 13 19 28 30 25 12 13 21 16 17 27 17 38 30 18 40 27 27 18 30 23 12 15 23 16 30 32 25 19 33 13 12 40 10 14 35 20 13 29 18 20 27 18 22 20 39 25 18 29 12 40 12 12 12 13 18 31 40 28 17 19 18 21 40 26 17 24 24 13 
24 15 32 16 20 35 31 28 31 39 39 18 20 14 16 20 23 23 37 19 20 20 13 18 22 15 37 19 23 14 42 16 9 20 19 14 33 15 15 24 24 12 37 32 16 24 37 14 27 29 15 34 27 18 16 35 25 20 37 32 20 20 24 15 18 12 36 13 27 30 20 19 26 25 18 24 19 17 30 15 
19 31 23 13 13 9 36 24 36 19 33 17 16 32 35 28 24 20 12 18 17 27 15 20 44 18 43 21 15 17 37 34 21 24 17 6 31 29 24 20 32 9 20 20 16 16 16 5 25 33 36 28 40 22 14 32 27 10 37 17 15 41 21 23 23 15 25 20 44 34 13 14 21 30 29 26 20 33 22 11 
19 24 24 15 13 17 20 19 29 32 23 39 16 19 20 17 16 14 37 23 17 27 12 24 31 13 29 34 15 17 15 24 16 25 19 12 20 16 17 17 19 19 34 31 15 15 26 16 27 37 26 27 32 21 19 32 28 16 17 35 20 33 26 21 23 23 27 29 29 27 15 21 19 16 32 30 20 38 16 22 
23 24 24 16 15 24 44 32 22 19 17 32 18 21 33 26 19 22 32 12 9 24 10 30 39 16 31 24 20 9 28 34 14 18 14 12 27 30 16 21 22 11 32 41 9 25 38 18 21 32 24 14 37 32 19 34 24 20 29 18 3 24 27 19 18 15 14 26 34 33 18 20 37 16 32 18 24 30 17 20 
13 21 24 21 21 24 41 30 30 11 35 27 19 28 41 20 9 10 31 17 21 22 10 39 28 16 23 22 13 16 18 49 17 24 23 15 18 26 20 19 28 17 16 34 19 16 27 15 19 31 19 43 28 22 22 26 17 31 40 32 19 22 19 14 17 25 38 18 37 31 13 18 20 27 20 31 18 25 17 12 
28 22 17 16 32 28 37 36 36 14 26 20 21 27 24 21 29 36 37 13 18 15 15 24 23 13 26 23 17 20 30 43 10 24 19 16 36 31 27 14 30 14 25 20 26 13 18 20 17 31 23 37 28 21 13 18 22 30 20 29 12 19 19 24 28 21 20 19 29 36 19 20 20 32 24 21 14 37 21 24 
13 22 30 20 23 12 30 29 35 12 21 45 20 11 23 17 19 16 25 19 16 21 18 24 29 12 34 26 25 12 37 27 19 27 16 9 25 18 24 12 22 9 25 36 14 11 38 20 26 34 32 33 22 19 14 29 20 19 29 26 15 19 17 30 20 24 34 19 23 27 24 22 37 26 37 27 19 35 13 13 
19 28 23 20 25 17 28 29 17 23 23 33 16 24 25 20 11 19 33 20 16 22 19 20 20 21 18 25 20 23 34 26 12 25 25 20 25 20 33 24 24 9 21 16 22 16 28 26 9 24 16 31 20 20 18 26 13 20 19 17 15 14 21 22 23 19 36 35 39 19 18 23 24 32 33 18 21 34 31 17 
16 29 25 16 27 17 33 32 29 28 33 20 15 14 34 19 12 19 24 16 9 22 15 37 21 13 19 18 17 25 33 26 19 18 31 16 29 27 29 19 22 15 25 30 18 22 38 13 16 31 20 28 26 25 13 28 30 17 27 22 16 28 18 15 22 19 26 27 28 37 15 14 19 17 27 26 17 21 33 22 
26 20 15 13 20 17 22 19 21 38 31 25 14 28 13 30 23 42 19 14 16 31 22 23 23 19 30 32 29 15 12 41 20 7 18 12 24 16 22 19 14 22 27 40 18 11 38 20 13 24 20 37 41 23 22 25 32 20 15 28 20 26 13 22 14 19 35 21 29 24 11 25 21 23 28 21 19 27 29 23 
17 10 21 19 16 18 28 27 13 22 19 22 23 17 21 27 13 18 36 19 11 28 23 14 24 18 19 25 14 13 16 24 16 8 20 26 29 34 30 16 22 20 24 26 19 9 33 13 5 41 33 31 13 17 18 38 28 16 18 41 10 22 25 30 20 23 29 25 31 28 20 35 26 22 29 26 19 31 30 21 
16 20 29 16 29 23 33 14 30 22 22 16 11 28 27 22 17 42 17 17 16 27 17 29 30 13 44 32 18 18 27 35 13 14 23 18 17 27 15 12 27 9 25 27 15 23 23 21 22 38 20 10 19 23 13 41 30 16 30 23 8 36 21 21 18 18 29 19 25 30 10 14 41 25 30 40 13 31 24 20 
21 16 25 20 26 29 37 25 21 22 9 45 16 28 28 18 20 25 28 17 15 35 10 16 27 10 30 34 15 15 40 33 17 30 22 11 20 10 20 12 26 17 17 32 16 20 33 19 23 40 28 17 29 24 15 24 16 16 43 33 8 45 22 15 20 22 20 28 24 35 11 20 27 15 23 33 14 42 17 15 
19 22 30 18 17 12 41 26 42 37 27 26 18 20 22 21 15 22 33 13 25 30 17 34 31 20 29 23 19 24 41 30 6 19 24 16 25 24 24 27 36 17 31 29 16 17 18 16 14 34 23 35 24 21 16 28 26 14 43 15 19 35 21 35 22 17 34 27 33 21 7 24 25 31 21 26 15 26 22 16 
16 29 25 20 9 29 21 22 30 23 18 28 12 20 24 27 22 20 26 9 18 21 21 37 35 21 33 33 13 12 35 31 10 19 17 13 20 31 22 25 21 14 30 23 12 15 26 15 11 28 11 42 28 31 9 25 35 16 43 24 17 30 20 26 21 29 31 9 27 44 22 24 18 41 24 25 23 36 20 18 
12 13 32 14 17 18 29 32 25 17 21 32 15 28 13 22 11 32 25 14 12 28 15 39 24 11 19 38 19 12 28 31 15 15 15 14 26 27 23 12 20 8 27 42 16 17 24 21 24 37 16 32 28 18 21 28 18 16 29 17 17 29 26 18 18 11 22 22 37 33 6 24 20 26 48 25 12 19 19 19 
19 27 32 22 18 16 28 36 36 31 10 16 18 24 37 21 30 29 30 16 25 20 21 21 24 13 31 30 29 13 41 26 16 20 20 8 22 33 12 30 26 16 24 23 23 14 16 11 24 24 18 31 20 20 22 29 19 29 28 29 17 21 24 17 13 20 38 16 25 45 7 25 21 26 36 23 12 26 20 25 
12 30 29 18 28 27 25 10 27 25 28 24 21 25 23 25 29 17 22 18 18 30 30 32 19 20 29 17 20 24 27 29 8 29 13 14 33 27 22 23 27 11 27 22 11 14 30 18 15 21 25 8 24 17 21 41 31 26 27 27 14 32 22 21 25 24 19 31 24 29 18 15 22 26 23 23 23 32 25 13 
20 23 18 21 36 20 33 22 24 33 12 16 19 29 24 21 17 24 37 15 18 22 17 25 24 8 27 39 15 11 47 35 21 21 15 10 14 29 21 14 16 12 19 44 18 10 29 21 16 18 25 31 23 16 23 40 26 29 30 30 9 28 18 22 24 23 38 21 19 32 18 38 21 16 2 13 19 39 22 14 
24 21 34 22 32 20 27 24 34 24 27 37 13 18 18 19 12 12 31 13 15 22 16 42 24 19 34 25 21 23 24 30 16 16 18 10 24 26 22 15 28 17 8 36 14 11 3 27 20 21 24 28 44 17 12 20 11 21 29 27 15 30 19 20 27 19 33 26 27 18 20 17 22 15 33 34 12 24 26 25 
28 25 20 15 23 9 25 27 23 27 33 34 28 29 21 9 22 33 22 16 21 20 10 30 26 17 20 21 31 25 24 25 24 18 22 22 27 25 23 20 41 12 24 25 22 16 27 18 24 34 27 27 19 24 16 16 28 5 29 27 20 36 20 34 24 20 21 34 32 30 13 20 17 29 35 22 20 47 27 18 
8 26 19 17 20 30 26 29 24 30 29 30 12 22 35 29 27 24 26 19 18 17 9 38 25 13 42 17 28 18 37 37 15 26 15 18 34 20 23 17 34 21 24 27 24 16 20 20 18 27 23 25 20 22 15 31 21 30 39 33 13 21 37 27 18 28 31 22 33 29 17 25 23 22 34 20 18 13 17 21 
18 30 27 23 27 26 31 33 13 25 32 30 22 30 26 19 22 28 34 17 14 18 9 18 26 18 25 28 14 22 32 35 14 18 13 19 33 30 16 26 27 16 32 24 17 18 33 6 20 44 31 31 31 16 9 35 28 13 21 26 11 23 20 23 28 19 33 29 47 24 19 27 18 31 22 20 17 22 12 25 
10 24 28 19 20 19 42 25 29 27 26 34 22 23 25 23 18 18 30 9 13 19 16 24 22 12 24 28 21 16 30 25 13 24 10 13 36 21 11 16 25 13 22 39 17 11 25 20 4 28 19 46 31 26 16 15 30 15 32 35 13 28 23 12 15 13 39 23 16 32 21 30 23 21 33 29 8 42 15 14 
21 27 25 14 16 22 30 27 31 19 22 30 16 20 20 19 17 29 26 19 16 24 20 37 26 18 23 21 16 14 26 23 12 25 16 18 30 29 15 17 29 10 33 42 13 14 20 14 15 23 33 44 24 18 15 24 22 18 37 23 19 24 25 21 14 18 17 22 49 32 18 14 29 8 27 12 21 26 24 15 
18 22 35 16 20 32 27 38 18 31 26 10 20 22 26 31 20 15 25 11 10 17 10 29 36 16 28 26 14 11 28 20 12 16 17 13 40 17 26 15 32 14 33 42 24 16 24 14 25 29 20 21 22 30 14 30 43 19 28 33 20 19 30 16 10 27 23 15 32 35 17 26 32 29 41 21 21 28 23 19 
19 19 28 7 13 22 27 25 18 28 28 29 20 13 36 22 10 16 27 18 19 20 15 31 35 12 26 30 30 20 23 30 18 18 13 13 33 16 16 16 26 11 25 33 22 25 36 17 22 49 11 26 36 30 21 32 18 20 15 25 15 25 26 17 22 20 33 16 10 33 13 9 22 23 48 27 10 35 20 21 
21 24 24 18 16 25 31 12 25 19 28 34 10 18 33 21 21 17 31 20 16 19 11 47 28 19 32 38 25 14 34 38 16 22 14 16 25 25 21 19 26 16 29 47 20 24 26 25 15 35 20 30 22 22 19 35 28 25 26 16 21 28 29 21 25 13 29 14 27 39 12 16 25 24 40 22 24 27 27 13 
22 25 21 11 29 32 27 31 32 24 31 19 15 21 29 24 14 18 45 16 15 25 14 34 15 19 39 34 22 18 24 29 19 18 23 13 34 29 25 24 32 16 30 24 14 18 26 21 23 42 24 29 29 8 18 27 32 26 24 30 21 28 30 15 15 24 36 18 27 24 9 20 40 20 48 36 17 36 21 16 
18 19 26 14 16 17 19 29 25 27 37 18 19 14 30 16 24 25 22 19 17 19 12 31 16 13 24 27 24 17 35 29 16 8 25 8 10 15 24 15 39 19 25 45 19 12 39 22 24 40 30 27 35 23 16 20 29 19 38 16 12 23 32 34 28 39 39 29 33 39 20 22 17 32 32 25 18 26 18 17 
21 24 27 17 29 11 33 31 31 24 23 38 18 22 23 32 23 17 26 17 12 30 17 31 17 18 27 30 18 20 33 33 16 17 24 19 30 23 19 14 26 12 25 26 15 18 39 13 11 26 22 28 45 24 20 38 38 19 33 28 10 22 24 24 24 27 41 25 30 19 12 33 34 19 17 29 10 34 24 12 
27 17 49 18 27 32 39 27 16 21 43 29 20 33 22 27 19 12 31 17 21 26 9 25 24 14 35 21 17 21 19 43 8 22 19 12 28 20 18 20 20 16 9 22 18 17 28 20 21 15 9 40 23 15 24 32 19 17 33 44 15 31 21 16 32 24 13 17 25 20 13 19 17 14 42 14 19 18 18 17 
22 18 35 6 14 28 26 28 45 31 40 20 23 20 33 28 20 18 27 18 17 28 11 28 38 17 44 35 16 21 46 44 14 27 7 19 27 30 20 19 21 11 27 34 14 16 25 17 23 42 9 22 28 12 11 36 20 21 36 24 18 25 25 25 16 19 34 24 16 46 17 21 34 18 29 32 17 23 28 14 
23 27 31 21 18 30 44 25 30 23 22 31 14 21 22 20 21 35 34 14 16 29 20 24 12 19 33 27 29 20 29 17 18 22 16 19 19 14 18 23 32 22 24 30 24 16 40 26 17 43 23 35 24 27 10 19 33 22 31 23 11 21 25 30 23 9 31 31 24 46 15 16 36 35 33 19 11 54 31 21 
19 17 30 15 13 24 42 34 18 21 32 31 7 26 19 26 19 28 21 17 24 19 12 24 37 15 29 22 20 16 35 29 14 20 19 12 32 26 26 14 23 6 28 44 19 12 21 16 12 31 36 34 35 17 14 29 26 21 25 10 15 28 23 15 26 21 38 8 31 14 21 20 19 26 36 17 15 9 26 15 
22 24 29 16 31 13 43 35 20 23 29 35 15 24 19 30 16 30 18 14 19 28 22 34 27 22 36 18 17 10 15 30 14 13 18 18 35 24 12 6 30 21 16 14 24 24 28 20 24 34 23 19 25 29 14 18 25 22 24 23 14 35 24 15 25 17 33 32 17 28 16 19 26 29 42 36 23 21 21 16 
18 16 20 12 15 19 39 6 43 29 32 30 20 19 9 26 21 20 20 11 18 26 10 24 24 19 29 37 12 17 29 22 17 26 19 16 21 24 23 12 19 15 25 29 15 13 18 20 19 9 22 42 35 24 13 38 31 14 26 27 13 11 20 20 21 16 34 21 39 34 17 21 35 33 28 28 14 37 16 11 
19 25 29 18 23 9 29 14 28 21 28 31 22 19 44 27 26 28 44 11 25 33 16 31 15 12 24 31 17 16 33 16 10 21 8 12 31 25 16 26 22 12 37 31 24 19 22 17 24 28 22 32 24 24 18 24 29 22 29 30 18 30 25 21 19 21 25 26 51 15 18 23 26 30 20 19 13 23 27 20 
16 18 32 28 8 21 29 29 32 20 34 29 9 16 25 13 20 34 23 13 18 15 18 35 29 7 26 30 38 23 38 23 17 20 19 7 23 23 25 15 26 25 22 23 24 16 34 17 10 22 26 28 35 22 21 29 27 14 28 26 21 29 22 31 12 25 31 29 38 19 21 28 16 35 33 31 9 32 20 14 
13 24 37 19 26 15 30 43 35 21 17 17 16 19 27 25 18 26 27 14 18 20 15 38 36 16 30 25 20 21 25 14 12 18 16 17 38 18 15 14 29 21 18 30 15 23 29 23 26 18 20 33 24 7 10 43 33 26 10 20 22 26 26 26 24 29 23 24 36 13 20 16 19 38 25 29 20 20 31 26 
19 29 11 23 29 23 37 27 33 22 20 26 14 24 20 19 26 26 27 12 15 37 10 34 22 17 21 21 28 17 29 35 12 14 12 19 28 25 20 12 30 11 18 23 15 12 28 20 28 31 27 24 31 20 10 28 16 33 21 29 16 26 34 19 14 16 22 16 48 42 15 14 20 23 25 28 21 39 16 23 
17 30 29 15 19 32 40 30 39 17 24 24 18 19 29 20 22 7 29 20 13 29 19 19 29 13 25 37 22 16 34 27 14 20 10 16 23 36 10 16 15 15 28 20 26 21 27 23 18 36 20 29 24 18 9 31 24 9 30 30 16 34 33 24 18 23 25 20 36 33 15 23 21 31 23 35 19 36 17 15 
12 15 21 18 30 27 46 26 31 22 21 38 16 19 20 16 16 36 34 16 20 16 12 18 25 14 35 30 20 23 38 22 16 14 15 5 34 22 29 28 21 11 24 39 13 23 30 19 21 28 18 41 21 20 16 39 31 30 18 19 16 27 26 17 27 20 40 22 35 38 16 29 22 18 37 12 12 32 16 15 
15 30 26 15 12 18 23 25 28 52 23 27 15 16 38 27 29 29 28 20 14 26 20 27 28 14 34 30 31 11 32 40 14 11 12 12 20 24 15 18 36 18 17 31 16 15 27 22 18 24 16 24 22 28 8 40 21 32 11 3 16 36 33 20 21 16 25 22 43 21 11 23 14 33 28 29 20 37 35 23 
24 27 30 13 24 23 24 23 25 27 32 41 13 20 32 25 23 22 32 17 13 31 10 30 16 10 27 18 8 23 21 13 17 15 18 20 26 13 18 8 25 14 31 21 14 16 20 15 12 21 26 26 26 15 22 28 5 18 44 27 19 18 31 19 23 16 39 21 23 21 17 17 30 29 34 20 10 35 23 21 
27 16 19 15 21 11 24 14 28 45 26 40 18 32 30 27 9 28 43 11 19 26 16 24 35 18 20 16 19 18 22 22 8 16 16 12 45 24 22 20 30 18 37 9 28 19 39 27 19 29 28 22 32 18 18 31 25 18 32 22 18 25 36 25 14 29 34 29 30 34 24 29 25 23 27 32 12 39 21 24 
23 33 16 15 25 17 41 26 22 20 14 12 18 14 12 19 9 31 20 18 20 17 14 35 25 15 28 37 17 16 33 37 14 20 23 18 31 29 12 22 19 15 24 28 18 8 25 22 19 27 27 36 27 28 12 16 24 14 13 25 19 20 22 19 24 27 28 23 27 40 16 31 25 25 31 17 11 8 29 13 
15 24 21 17 15 26 43 31 32 24 18 28 19 32 22 36 27 22 32 13 14 22 18 35 18 13 30 42 16 5 32 22 12 15 10 19 32 29 16 14 27 14 21 34 20 19 32 21 7 32 18 37 51 17 22 24 28 15 36 45 28 32 13 38 13 25 38 23 29 24 15 25 25 27 13 20 15 33 17 24 
23 20 19 20 33 24 27 25 36 43 33 23 9 21 23 24 21 24 43 15 17 22 14 26 27 20 27 28 20 21 42 35 21 28 19 16 30 28 17 24 27 8 26 26 18 24 36 24 15 11 22 25 27 14 17 36 29 28 24 35 13 24 35 30 19 16 42 22 19 27 12 21 38 16 34 22 14 15 18 22 
18 18 22 19 21 22 29 35 25 31 31 23 15 16 19 27 23 31 41 15 11 26 22 24 32 14 32 37 23 15 32 41 21 20 12 11 22 28 26 9 29 14 39 57 15 15 46 15 25 34 30 20 19 13 15 31 25 19 12 21 14 24 30 26 24 24 17 24 19 20 24 16 9 31 37 9 18 18 18 28 
12 25 18 12 22 23 30 26 23 23 31 22 8 11 46 26 18 23 46 15 18 32 9 34 23 11 19 18 13 23 29 20 11 18 23 15 16 19 28 9 20 15 26 28 23 17 22 18 19 33 24 11 37 21 21 16 18 25 32 22 21 39 36 18 9 21 37 21 32 27 11 13 25 22 11 19 15 31 31 23 
18 19 19 11 26 10 32 34 37 30 29 27 14 8 41 21 16 29 51 19 13 36 17 18 19 21 34 32 18 12 26 43 13 26 14 8 32 28 18 23 30 14 17 26 15 21 30 17 13 29 16 34 25 22 15 33 19 24 41 17 8 37 20 26 16 34 17 23 41 37 14 14 40 34 53 30 15 32 26 20 
11 30 20 14 30 22 27 39 39 31 13 16 13 26 28 24 11 27 28 24 14 29 14 26 24 8 43 29 23 21 32 13 11 17 27 11 20 19 14 17 40 20 21 41 20 17 32 9 25 18 26 32 32 14 15 35 27 22 36 35 9 26 22 20 26 20 39 25 27 32 14 25 25 38 37 15 23 30 17 16 
8 24 22 26 31 22 40 35 35 32 36 33 9 19 26 29 24 32 25 13 14 15 22 35 23 18 27 33 23 24 29 25 18 30 18 18 18 25 19 12 18 19 23 20 24 18 26 13 18 39 35 23 16 14 18 28 31 17 16 20 16 23 29 20 22 26 29 22 30 37 19 26 19 18 47 26 11 27 23 22 
17 3 21 17 28 21 31 24 27 37 35 28 20 15 34 18 29 33 35 19 18 20 18 39 25 21 29 35 19 17 33 27 7 19 25 10 34 27 26 16 31 21 40 30 24 18 24 25 23 23 35 33 32 23 18 34 31 16 32 28 11 33 18 29 29 18 26 15 15 43 19 18 33 25 34 10 17 27 31 22 
18 28 34 20 24 17 20 43 24 38 16 28 20 22 26 22 17 27 32 12 16 41 12 19 28 12 33 35 26 19 36 34 15 28 23 10 26 19 15 30 29 10 10 50 19 15 32 14 13 25 21 34 29 13 13 36 34 18 37 28 11 14 32 25 21 28 25 32 43 43 12 24 30 17 24 23 11 24 19 23 
16 28 37 13 21 23 15 23 33 40 29 27 16 30 27 26 21 23 34 22 14 24 19 27 28 18 42 28 20 14 44 37 13 25 13 23 14 24 26 11 22 14 28 32 22 12 25 18 15 38 20 28 20 14 24 24 19 15 22 41 24 18 31 12 20 15 30 29 31 39 16 19 8 40 31 14 18 32 32 19 
25 15 31 26 25 14 28 16 44 21 21 31 11 24 18 27 10 11 20 17 20 18 17 33 23 15 40 35 21 19 34 42 14 20 22 12 17 23 18 15 31 13 23 23 21 16 33 13 14 28 28 33 39 18 15 27 26 20 42 26 10 32 21 29 19 22 22 22 42 40 14 27 29 35 27 26 14 16 25 20 
17 20 22 13 21 18 26 21 35 28 35 15 18 25 40 15 19 16 22 20 22 25 23 27 32 5 34 32 32 11 35 27 10 19 14 10 29 21 28 16 20 11 39 41 23 18 40 29 21 24 22 20 42 24 22 40 23 10 24 35 23 32 26 23 18 12 26 24 26 31 16 20 28 25 49 16 13 31 20 20 
19 28 4 13 31 16 26 23 29 27 22 19 19 3 26 21 10 33 22 16 22 22 13 36 28 18 29 17 24 22 45 47 19 32 23 19 22 20 26 23 26 19 27 15 10 15 39 17 23 31 18 28 23 20 14 23 32 23 36 22 8 21 13 20 12 18 27 14 31 23 15 16 28 33 19 29 16 17 17 19 
15 28 24 15 23 21 35 22 35 23 36 29 13 15 45 32 13 6 28 18 17 27 13 35 16 15 24 32 27 11 48 19 11 17 10 16 12 31 14 15 18 7 28 31 26 16 36 13 25 26 35 37 26 13 9 23 26 27 20 16 14 33 28 25 18 15 30 21 30 22 19 27 23 20 16 19 19 34 28 28 
18 25 18 15 21 18 25 21 39 23 33 29 14 18 32 14 26 32 27 10 19 18 13 27 20 18 28 26 25 11 40 30 13 35 17 9 26 20 19 23 26 18 31 39 18 17 21 15 19 16 24 23 28 19 13 18 30 12 31 32 16 24 24 12 18 18 35 21 43 28 6 16 20 25 23 30 16 40 29 21 
15 21 25 19 19 27 16 12 27 29 19 27 13 27 23 26 25 7 24 16 20 26 9 21 26 17 25 27 16 14 27 19 14 19 9 16 35 14 18 7 32 13 28 34 12 13 24 14 21 38 19 29 35 7 15 24 31 19 20 25 10 36 12 25 14 18 30 20 34 27 13 21 34 33 17 27 18 32 21 13 
23 19 31 19 21 15 33 27 34 30 34 34 18 31 7 30 19 12 26 16 16 30 18 34 16 21 25 41 28 17 32 25 17 14 20 14 22 27 12 21 28 17 26 39 14 15 34 21 18 36 28 25 21 23 13 18 25 23 38 38 10 27 27 28 9 21 37 36 28 24 16 17 22 32 36 30 9 33 18 16 
14 14 18 19 30 19 48 23 27 18 32 25 15 16 33 22 22 14 29 10 13 29 21 31 30 15 30 31 13 26 31 34 13 12 8 18 39 22 16 14 26 19 25 28 16 20 43 23 17 24 23 36 27 14 14 39 27 15 32 32 16 34 17 26 27 24 30 16 29 41 22 23 39 22 22 20 18 33 19 18 
15 18 25 20 27 18 37 19 33 20 14 32 16 22 50 27 8 32 17 16 23 28 20 30 41 21 28 23 23 16 33 23 19 20 16 16 24 26 16 16 28 15 25 33 11 17 31 14 23 36 18 24 37 29 16 32 24 22 25 42 12 31 26 24 12 26 35 26 35 43 18 12 15 23 37 7 16 20 23 24 
13 21 25 30 13 18 19 43 19 22 24 19 13 17 26 12 16 19 31 20 14 29 14 35 31 10 26 31 16 18 35 39 15 22 21 15 21 43 18 8 24 16 24 19 15 12 27 21 15 43 16 23 31 18 25 23 24 12 21 32 11 17 16 29 26 21 49 32 27 42 13 17 26 26 28 28 9 28 23 19 
28 22 29 16 14 18 23 27 26 46 37 26 14 21 29 24 17 17 22 16 16 26 17 37 20 14 28 36 22 24 15 16 9 23 19 6 28 13 22 23 28 13 36 28 15 16 22 12 27 28 29 21 24 15 17 23 29 18 28 22 19 23 29 31 14 24 28 21 27 27 18 22 19 22 29 23 21 39 23 12 
17 24 27 22 16 21 43 35 15 22 33 18 28 26 24 12 12 21 25 12 11 32 22 15 29 11 27 25 25 23 33 23 13 21 19 18 18 25 19 18 25 17 35 15 16 14 29 19 25 43 23 32 29 20 13 28 25 21 38 27 13 19 34 35 25 30 41 24 33 27 20 16 21 24 26 22 13 26 12 28 
12 33 23 10 23 23 39 25 26 36 18 26 13 13 25 33 16 19 31 19 8 22 12 23 31 22 47 25 23 14 31 21 12 14 16 16 13 25 16 15 25 14 28 27 18 17 33 18 24 54 26 41 31 22 20 42 25 11 17 35 18 22 24 23 17 16 16 18 20 36 10 12 28 38 34 34 18 16 18 13 
16 24 20 14 10 15 30 36 25 29 24 24 19 18 36 23 23 17 34 22 17 24 12 29 26 20 32 45 24 12 37 28 12 14 11 20 26 21 20 20 13 17 17 35 11 13 27 19 19 37 11 46 28 10 18 26 31 18 30 36 16 26 34 23 13 26 25 34 48 30 13 13 26 41 37 23 14 37 20 24 
15 9 27 20 30 25 22 16 33 32 23 23 23 22 37 15 12 27 34 18 15 30 10 40 30 19 16 14 28 19 17 23 15 25 8 19 27 19 18 24 26 19 28 30 25 19 32 18 13 29 16 47 28 24 12 31 25 19 37 22 22 30 17 25 22 22 34 26 29 22 15 28 27 24 34 35 12 37 23 15 
19 24 22 20 23 26 24 25 22 30 32 32 24 27 27 20 23 25 33 15 17 23 10 31 21 15 27 26 18 14 36 20 18 27 12 21 19 28 23 20 20 17 37 38 14 13 22 16 19 28 28 19 19 26 19 19 35 21 33 24 15 28 27 20 25 12 37 29 44 19 13 12 37 6 24 16 17 24 14 16 
17 19 16 22 27 27 35 36 25 17 23 26 11 17 31 6 32 40 29 16 13 36 11 24 28 18 30 35 25 18 30 27 20 32 20 22 20 7 12 24 24 16 32 35 15 20 28 19 16 28 20 38 28 18 19 36 39 22 25 28 23 26 27 27 23 19 21 13 35 28 17 30 26 32 31 39 21 32 37 15 
19 27 26 25 25 20 29 28 20 31 33 21 17 21 22 25 18 24 50 10 9 46 18 43 22 13 29 25 32 24 26 30 18 18 25 13 24 24 30 15 20 13 29 29 14 20 26 16 22 35 25 27 38 30 16 26 17 22 26 13 13 31 21 18 20 23 26 17 45 22 13 28 29 37 26 13 13 28 27 13 
15 23 23 18 26 22 31 24 34 24 33 26 16 3 16 24 24 36 31 12 9 25 24 24 13 12 41 31 27 22 23 26 11 16 23 11 41 22 21 26 30 15 22 41 13 20 33 22 19 28 19 23 21 12 17 44 30 18 35 52 17 20 21 37 23 21 24 29 11 16 14 16 29 32 21 24 22 21 18 12 
23 16 32 24 25 21 29 30 29 32 19 22 19 5 29 18 24 14 23 12 18 34 8 32 29 19 31 28 23 14 45 28 18 18 14 16 33 28 14 13 7 16 27 26 22 18 16 14 17 20 22 26 13 21 11 23 15 29 24 12 11 31 29 15 10 16 36 22 30 44 16 18 12 23 30 33 18 42 25 18 
18 27 25 20 29 24 17 33 24 30 35 24 16 33 19 29 27 17 34 24 21 27 11 20 22 24 22 29 18 11 29 35 13 25 25 20 19 15 19 20 19 16 33 20 18 12 13 13 19 38 24 36 11 20 15 41 30 23 31 19 19 18 26 31 27 28 15 16 18 37 22 24 12 29 24 33 18 38 30 13 
16 20 14 22 24 21 30 32 28 22 34 16 10 26 29 14 32 29 19 19 17 30 14 38 17 16 27 39 12 12 26 35 16 18 10 13 30 20 14 18 22 18 34 49 17 18 37 19 9 31 24 41 42 31 12 27 37 20 43 22 25 25 23 25 16 20 38 23 40 27 20 9 18 37 30 9 20 26 23 20 
8 22 30 18 13 18 15 13 28 38 13 36 16 22 28 23 28 21 42 19 13 20 6 34 31 14 27 38 22 20 16 34 16 12 18 14 26 23 12 22 35 16 32 34 15 16 34 30 13 32 33 17 29 32 20 15 39 19 34 37 8 29 20 13 15 25 41 25 40 37 19 14 24 31 30 33 14 24 29 13 
14 19 21 22 37 17 38 38 15 22 15 30 19 24 33 31 10 16 23 9 19 19 12 36 17 16 23 37 27 18 19 25 17 27 15 16 19 30 19 18 21 21 28 34 16 17 56 23 19 20 28 37 24 11 10 27 20 16 23 9 13 16 27 12 37 23 26 24 42 31 22 20 26 24 19 21 18 31 18 22 
22 22 28 21 17 23 41 23 37 22 41 17 21 23 15 27 11 24 24 17 13 30 20 27 32 20 30 21 20 19 14 41 9 15 28 15 19 22 17 12 23 25 36 23 16 13 24 17 9 23 38 13 21 6 15 35 22 12 27 25 14 33 18 31 19 19 21 25 19 32 12 23 37 16 36 34 9 27 22 21 
14 17 23 15 31 21 31 16 29 21 42 15 18 23 24 29 18 22 32 18 17 41 14 24 20 13 27 38 15 20 48 31 21 9 27 21 22 17 21 22 18 18 28 24 5 19 22 25 24 36 27 35 22 35 21 25 18 20 27 38 15 25 19 23 23 26 38 20 40 16 14 26 33 27 15 29 12 24 20 23 
17 15 36 15 22 11 43 34 33 21 20 25 16 25 5 16 28 29 29 13 15 38 14 36 19 18 39 32 22 14 32 34 15 29 21 12 13 7 37 24 31 16 24 40 13 21 38 22 12 38 21 30 28 29 18 11 33 17 48 12 16 25 31 25 10 20 27 26 44 36 16 21 12 25 40 18 13 18 28 23 
15 18 23 21 23 15 23 26 32 10 25 27 19 27 16 24 15 26 17 21 18 39 11 15 27 16 27 22 14 24 11 24 15 9 8 12 31 18 32 18 28 18 28 48 23 12 11 17 12 11 20 27 30 21 19 28 19 16 36 32 7 17 30 25 15 22 24 26 22 42 22 15 26 25 38 34 23 23 28 13 
24 20 21 19 23 23 20 37 36 39 29 28 14 16 25 13 11 20 27 18 18 26 8 23 34 14 36 33 14 20 15 41 19 17 9 15 16 28 12 17 21 18 29 10 13 19 38 21 13 19 27 28 30 20 21 37 23 14 32 23 13 28 19 16 12 26 27 20 32 21 13 21 27 33 38 33 13 32 21 18 
15 28 32 16 30 20 26 33 32 24 26 22 15 20 30 21 28 33 21 17 16 26 12 38 30 18 6 30 22 12 31 45 17 11 19 17 35 34 26 12 34 16 25 49 13 13 28 17 21 29 26 29 24 24 18 22 31 21 35 36 16 20 29 14 23 16 24 31 24 28 11 18 31 29 31 32 14 23 13 13 
26 19 25 29 20 16 21 20 35 32 27 22 16 29 40 25 22 25 37 13 14 21 21 38 21 15 28 30 9 24 32 34 17 19 16 12 31 16 18 14 31 19 27 31 14 14 25 10 14 40 24 29 38 13 16 39 25 10 20 36 18 24 37 18 15 15 17 23 3 31 20 24 16 30 43 26 15 27 22 17 
14 19 25 20 7 17 28 36 31 20 30 27 16 23 17 23 25 29 64 19 18 18 12 27 41 16 40 35 12 19 20 38 15 30 29 14 16 33 15 18 29 17 25 45 25 13 31 25 9 40 15 32 24 21 21 26 35 12 19 30 14 31 28 24 11 19 32 21 43 25 22 24 25 26 33 24 21 23 31 10 
15 26 14 28 23 17 29 35 14 38 22 28 20 26 23 21 18 30 33 17 18 17 10 42 37 22 27 26 29 21 47 29 15 29 22 12 19 19 22 22 25 10 20 24 19 11 9 18 19 41 23 34 17 18 11 30 31 25 29 29 18 17 29 20 11 23 31 24 37 30 24 18 25 34 25 23 21 37 20 27 
28 27 23 17 21 29 29 24 29 23 26 31 14 24 15 23 27 18 29 22 15 23 13 30 29 14 31 38 24 23 43 22 4 31 13 14 17 23 26 15 25 17 30 52 14 14 40 16 15 30 32 25 34 19 13 28 19 18 34 22 16 27 33 22 7 35 16 21 45 29 15 16 25 31 41 23 16 33 29 17 
14 22 18 16 28 23 28 19 39 25 26 18 12 26 34 27 22 23 39 16 14 29 18 39 20 8 27 28 29 18 25 33 17 21 20 12 17 37 30 25 39 13 24 20 19 9 39 25 22 41 28 37 36 17 9 32 26 22 36 19 20 27 37 28 26 28 30 23 31 38 23 18 33 40 23 13 18 24 29 28 
28 18 19 14 20 22 15 30 30 30 11 20 20 25 37 13 25 26 23 15 16 22 19 21 28 13 17 35 18 16 30 23 14 13 12 15 27 27 28 21 24 12 28 23 24 21 15 20 19 49 25 30 31 25 11 29 31 17 21 23 11 27 30 22 17 28 24 28 36 34 13 31 19 22 32 22 13 30 27 15 
19 23 23 22 27 16 16 30 33 33 28 40 18 28 24 24 24 29 32 18 16 21 13 29 21 18 17 37 30 19 28 16 16 19 11 18 21 28 27 22 27 12 17 46 11 20 22 17 22 28 29 29 20 20 21 31 23 23 32 39 15 27 35 19 32 21 25 34 35 33 15 16 42 26 33 20 8 20 12 13 
16 33 20 22 12 17 32 28 34 38 32 28 13 21 22 17 26 18 41 10 15 37 9 26 13 18 19 29 14 18 27 39 22 15 22 12 20 20 20 22 32 23 33 34 21 11 24 24 19 18 31 30 41 24 12 35 32 28 23 26 21 36 16 17 18 17 30 37 25 28 15 18 24 39 23 30 13 33 16 17 
12 16 29 17 36 26 43 26 37 36 36 17 12 29 18 21 14 25 21 21 9 19 14 25 15 21 19 39 21 4 25 26 11 20 11 7 18 23 21 18 30 12 35 26 22 16 25 16 18 20 17 39 13 10 19 19 35 19 22 34 18 18 25 31 20 20 29 29 27 39 22 19 32 20 30 33 21 26 24 20 
23 14 31 22 23 43 26 17 27 35 22 32 21 19 23 21 23 26 42 19 23 26 16 31 36 13 12 28 13 16 21 35 16 18 20 10 33 22 12 14 16 15 6 35 15 21 38 10 13 32 31 27 36 35 11 27 19 18 30 45 17 19 13 27 22 18 32 26 32 27 17 21 19 26 25 20 18 27 27 22 
16 19 17 23 25 15 30 29 23 39 42 23 7 18 21 18 22 16 25 6 15 28 10 31 20 28 29 42 19 23 22 27 13 28 15 8 41 30 26 15 31 16 31 36 12 16 26 23 25 44 16 23 27 19 13 41 25 17 26 36 19 31 29 31 13 16 20 16 34 30 12 21 23 22 25 21 21 23 20 20 
30 29 29 21 31 23 24 20 25 33 29 25 16 30 23 37 24 28 33 21 9 20 19 36 22 12 25 21 21 6 25 29 10 25 14 23 32 13 19 18 29 5 32 6 15 20 28 11 19 31 28 30 42 13 17 41 25 16 36 29 18 12 28 18 17 18 35 10 15 24 13 12 28 27 44 20 23 25 24 19 
28 26 32 18 24 22 15 29 45 30 21 23 15 19 23 20 23 17 34 20 9 22 23 19 34 14 25 21 21 12 32 31 10 27 18 19 31 32 24 20 30 15 36 45 14 12 27 22 21 31 36 36 28 16 13 50 28 20 27 38 15 19 13 18 13 15 40 23 43 9 17 18 22 15 31 30 28 23 29 18 
16 32 15 15 25 15 33 36 33 39 24 22 9 27 24 15 13 25 32 13 14 24 16 35 24 11 31 15 9 20 41 33 19 18 10 17 32 10 14 9 28 13 33 33 10 13 31 16 17 31 30 26 26 23 17 30 33 18 26 34 22 32 16 27 19 29 20 23 23 36 14 22 25 33 33 43 20 32 18 18 
13 22 21 22 25 20 29 25 33 30 31 35 17 17 37 16 18 23 22 15 19 32 15 25 23 27 30 29 18 19 19 33 10 19 15 25 21 25 34 14 33 13 34 37 15 16 25 17 15 27 25 26 31 20 10 30 29 18 44 32 19 25 27 27 22 10 27 21 22 8 9 27 22 32 29 13 21 38 22 22 
18 25 14 19 24 17 27 33 39 35 30 19 21 19 27 16 9 15 29 17 14 23 13 28 20 21 30 29 27 11 36 41 21 17 20 7 31 27 12 12 28 15 29 22 16 19 29 17 17 45 28 21 32 27 10 35 10 16 41 29 12 14 22 21 14 27 17 32 28 37 9 16 34 31 39 19 11 18 25 22 
8 17 25 14 24 11 19 22 27 13 33 15 18 26 26 15 18 23 16 17 20 17 14 13 23 19 28 29 9 17 37 29 9 23 13 16 22 29 23 24 39 13 36 33 16 19 21 17 26 16 17 19 25 29 18 15 25 18 25 17 13 24 32 21 20 15 35 9 31 31 21 30 23 21 51 32 23 19 29 13 
27 23 29 17 29 24 26 42 43 30 18 24 16 17 32 14 11 19 29 15 14 18 14 24 35 14 32 33 25 22 32 36 17 23 25 8 31 27 14 19 21 11 19 22 16 12 18 13 19 24 23 20 26 25 19 29 26 16 34 17 24 31 26 17 12 21 33 28 30 31 19 22 23 32 32 27 16 25 27 13 
11 18 27 21 26 27 23 27 23 33 36 22 15 17 27 13 15 11 27 15 14 32 14 25 27 12 25 14 28 20 29 34 18 18 15 17 24 16 22 17 23 15 30 10 21 19 24 21 16 24 26 29 17 18 23 35 23 26 42 18 12 26 13 29 31 20 32 30 39 35 20 23 26 17 17 37 9 32 26 29 
13 25 28 14 12 16 30 26 17 29 20 18 23 19 26 25 11 22 36 18 23 8 23 28 15 13 31 46 24 16 21 26 17 20 12 16 26 13 20 24 29 14 7 23 20 20 21 12 20 26 19 39 23 26 14 11 18 17 33 27 17 26 27 32 15 22 30 24 36 26 19 14 21 24 12 28 18 42 17 19 
15 23 26 14 14 16 40 25 26 27 25 27 18 13 20 25 19 28 29 20 13 29 7 21 35 21 31 22 13 23 47 29 21 12 19 20 40 34 16 17 34 11 33 28 15 10 36 11 16 43 24 19 31 23 17 40 35 19 38 22 16 22 23 30 36 17 44 36 19 20 18 13 33 21 29 16 15 31 32 10 
21 29 12 22 20 23 31 32 29 32 26 18 18 22 36 21 22 19 26 12 15 39 19 28 18 17 25 29 26 24 38 30 16 29 22 16 26 17 28 22 33 22 19 19 13 17 23 9 23 45 26 37 21 24 25 14 14 20 44 26 11 22 30 29 23 19 17 20 21 23 9 26 20 35 20 30 17 32 21 12 
18 18 19 19 21 5 22 29 27 24 26 19 17 29 25 26 18 34 32 20 11 27 18 34 32 9 31 32 21 15 27 35 10 27 14 19 31 24 22 9 31 14 34 33 18 20 21 23 18 38 32 32 28 22 20 21 33 21 24 35 13 22 30 17 20 23 29 23 47 21 17 16 34 20 37 26 19 8 35 24 
24 14 29 20 27 25 25 24 30 27 31 32 15 31 23 17 14 29 27 16 19 30 15 30 27 13 33 19 21 17 31 36 13 18 14 10 34 28 10 22 15 19 33 35 17 19 35 12 21 29 26 31 24 19 15 18 30 17 25 22 10 22 27 16 20 16 12 31 28 17 9 26 23 27 31 16 18 28 24 15 
12 26 28 32 35 21 32 24 23 32 22 13 11 17 29 31 24 27 19 18 15 24 19 26 34 19 43 38 22 22 20 32 16 22 26 14 24 24 30 9 30 7 30 27 19 18 36 22 13 36 16 24 25 28 14 43 25 16 17 17 10 37 21 24 17 19 57 24 44 40 9 23 30 26 17 25 18 25 28 23 
17 20 39 13 14 18 35 24 19 30 41 22 9 28 39 30 24 19 22 16 15 25 13 19 25 23 33 43 13 24 30 35 13 24 15 12 42 23 19 17 35 9 24 27 22 16 32 17 17 39 20 49 32 11 16 32 23 19 33 23 18 32 28 23 30 17 45 35 39 37 17 23 26 30 16 43 14 27 36 24 
13 17 21 18 17 25 20 36 38 18 29 24 24 23 29 19 19 22 21 16 16 18 22 40 15 18 24 21 26 15 26 34 22 32 16 12 31 28 22 16 12 18 18 23 18 22 26 23 16 37 23 36 32 18 16 23 30 22 34 34 22 28 22 24 16 19 38 25 26 28 24 17 21 28 40 30 14 33 21 20 
16 23 17 25 28 14 34 28 26 16 41 29 16 19 22 21 31 36 39 19 15 15 13 25 23 23 32 38 26 25 30 28 8 19 21 15 6 14 24 17 20 21 23 35 15 18 24 12 22 25 27 22 30 26 16 31 26 23 32 28 21 27 30 23 11 20 25 15 29 17 18 26 18 38 28 31 11 32 24 11 
22 24 24 14 31 28 40 35 40 29 32 26 19 38 31 16 31 19 23 19 21 16 20 38 13 14 31 37 19 28 30 10 21 31 15 10 38 29 18 16 23 16 17 36 23 14 34 16 16 15 9 28 32 15 6 36 16 18 28 44 15 27 22 11 22 11 11 32 39 22 19 28 22 28 25 23 22 31 28 19 
23 19 23 20 25 17 17 24 35 26 34 41 15 10 27 20 23 20 32 19 16 25 18 17 29 18 37 35 13 16 33 43 14 16 14 17 24 4 20 26 26 15 17 39 19 22 14 13 13 30 21 27 35 25 10 22 23 19 29 26 8 23 17 30 13 22 29 36 41 24 20 26 22 32 35 26 16 18 23 12 
16 14 38 23 17 10 42 21 26 24 37 17 13 30 36 26 18 15 23 21 9 26 16 37 30 17 12 30 13 14 33 27 11 22 24 18 29 17 19 16 19 17 19 20 26 15 25 21 17 22 12 27 23 11 19 30 20 16 22 24 13 21 22 28 28 27 16 16 14 29 12 13 24 20 18 22 12 31 17 15 
24 26 36 19 15 19 31 21 25 24 34 33 15 26 30 21 26 22 28 15 12 40 18 30 12 14 38 25 25 7 35 32 22 35 21 18 31 36 16 23 30 16 26 41 12 17 32 19 17 19 24 44 27 16 15 30 29 19 37 29 16 26 20 15 17 23 27 18 18 19 18 12 35 33 31 25 16 37 25 9 
17 22 19 14 6 17 21 14 25 34 16 26 15 16 38 24 26 22 33 18 18 19 15 25 25 16 29 17 23 15 18 33 10 20 20 16 35 32 27 10 16 19 36 31 10 13 5 16 19 24 19 12 29 22 11 27 18 27 35 30 20 37 32 28 10 30 31 31 40 21 18 28 23 32 37 26 20 32 29 22 
21 21 17 19 13 23 39 21 28 26 14 10 9 22 34 30 16 43 36 20 15 18 17 25 24 22 42 29 24 20 33 27 15 24 17 12 30 7 9 20 18 15 33 24 8 11 52 15 23 35 37 34 18 10 18 33 27 11 32 42 13 28 15 21 24 20 41 30 13 29 10 25 25 23 26 34 27 31 26 7 
18 26 24 17 27 31 20 22 31 28 26 35 19 29 23 16 16 27 33 9 21 21 16 22 21 17 26 31 19 12 27 30 15 22 23 13 27 18 6 9 31 17 25 50 23 27 49 9 15 33 20 32 17 19 16 27 27 26 48 40 19 22 25 32 22 18 43 16 18 41 17 21 20 23 31 26 10 20 34 20 
11 21 22 17 27 13 24 10 26 27 38 21 20 38 29 20 11 15 16 15 10 33 13 29 29 12 29 29 25 19 21 26 16 25 17 8 22 22 29 19 18 19 25 43 23 26 27 23 23 8 29 45 23 21 15 33 20 13 52 29 21 24 26 32 26 13 26 22 41 22 15 23 38 28 44 17 15 30 33 17 
15 16 35 22 27 16 29 24 30 34 13 38 12 20 25 20 21 21 21 17 18 33 15 34 13 14 39 22 14 15 23 16 15 19 12 10 25 24 20 19 29 16 25 38 11 22 31 11 8 19 14 21 25 19 27 24 14 22 34 31 24 32 25 23 13 13 38 17 15 36 17 19 34 30 33 35 11 24 29 15 
18 21 28 16 18 12 24 27 33 50 20 23 11 5 24 34 23 39 22 17 20 27 16 37 20 13 34 36 19 15 34 36 16 26 22 18 19 29 24 21 27 15 26 21 15 17 22 10 15 27 28 30 35 20 14 37 23 19 22 28 17 28 43 22 21 12 35 33 16 29 13 21 26 24 28 22 12 37 14 25 
21 17 16 12 30 25 49 36 21 24 29 25 17 25 20 28 17 27 46 10 17 27 10 24 21 18 39 12 27 30 27 39 19 26 20 13 28 23 18 17 31 11 24 13 10 14 30 17 8 28 15 37 32 20 16 27 26 19 28 35 20 19 33 17 18 21 40 19 31 27 4 26 41 14 38 21 18 26 22 18 
18 27 23 18 12 29 20 24 23 29 29 20 18 28 33 16 29 27 20 12 10 32 19 26 21 15 17 33 22 17 34 28 5 17 15 12 29 21 15 11 42 19 20 40 13 19 22 5 24 26 9 11 45 11 16 33 22 13 26 16 18 25 10 20 19 24 19 21 29 43 19 10 27 30 31 21 25 21 23 17 
17 32 24 8 29 15 36 30 36 23 25 29 16 20 32 27 9 23 30 17 25 29 20 17 32 18 27 23 25 11 45 45 17 27 14 17 30 22 21 23 24 5 16 38 15 15 13 10 17 41 24 20 28 32 22 25 27 21 23 25 22 27 29 18 19 15 28 26 29 40 17 33 29 43 37 17 7 23 29 17 
23 28 12 26 29 16 42 31 27 33 23 20 19 24 29 17 22 28 35 18 15 30 17 30 28 21 44 32 21 18 25 29 14 33 20 16 20 31 32 21 28 17 23 51 19 13 30 18 23 20 21 27 30 20 20 29 23 20 37 23 15 26 20 19 18 30 14 26 23 15 19 19 34 29 37 27 10 15 13 19 
23 34 21 12 14 17 30 32 24 12 21 24 18 23 42 22 14 28 23 14 12 35 17 10 22 19 36 30 29 11 34 26 17 14 20 15 35 28 19 18 22 11 18 24 19 18 30 17 23 30 28 37 31 31 19 37 27 16 30 23 23 32 36 23 28 11 33 28 25 20 13 30 23 29 28 25 13 26 33 17 
19 28 29 18 16 12 18 21 40 30 26 41 15 17 18 27 18 24 22 18 15 14 11 10 15 17 30 28 17 11 21 39 16 19 17 24 30 26 21 13 20 18 15 29 25 16 26 17 16 18 21 17 32 17 18 22 26 24 34 31 13 24 31 28 32 17 31 32 19 41 19 28 25 32 24 27 14 36 27 19 
28 24 26 15 13 21 38 35 18 35 32 33 17 29 17 27 25 18 27 16 9 10 11 22 34 9 26 41 29 19 48 27 16 26 23 17 31 9 16 32 38 15 21 16 15 21 24 12 21 33 15 24 41 26 19 21 29 23 28 30 13 19 27 9 15 22 46 13 56 27 17 26 25 23 23 31 13 21 22 21 
27 32 26 10 32 24 28 28 32 24 40 21 15 14 25 28 20 27 29 14 19 16 19 31 30 11 22 32 27 6 31 26 16 22 23 14 17 29 25 19 27 20 20 22 27 21 42 20 16 37 25 28 39 15 19 28 46 11 24 17 13 33 19 12 21 23 47 11 28 31 17 19 36 15 30 32 16 31 22 7 
19 23 21 23 18 23 28 17 36 18 35 29 14 27 17 27 9 27 22 13 16 24 17 22 20 12 29 16 10 25 41 29 24 6 24 11 21 27 20 21 35 11 31 38 18 15 30 14 22 35 24 22 30 12 22 40 23 17 37 28 17 29 19 40 19 27 43 17 1 39 10 18 20 34 20 26 20 20 26 19 
24 23 36 11 29 16 28 32 31 36 11 26 12 30 23 15 22 17 20 19 28 21 21 30 15 17 24 36 24 21 29 26 18 21 18 17 31 5 12 22 23 15 21 33 15 17 40 16 27 23 23 24 18 22 18 36 28 10 36 26 10 23 19 18 23 12 29 28 32 37 19 18 22 21 14 39 16 21 31 21 
21 20 30 20 18 21 30 31 18 21 33 23 20 25 18 22 24 24 31 16 16 22 10 30 23 17 27 35 25 22 20 34 24 15 17 19 15 10 15 21 30 7 21 28 15 19 33 14 15 31 14 33 39 18 22 35 15 11 43 35 13 28 29 21 33 27 25 33 51 36 16 12 31 10 34 26 20 37 32 20 
20 15 15 19 17 24 28 21 33 22 27 39 15 24 47 29 37 28 25 15 12 18 18 28 24 11 23 22 21 25 44 34 16 33 11 16 35 23 25 25 28 18 25 27 23 16 19 11 4 29 20 28 29 27 13 8 27 24 35 37 16 16 19 18 11 26 36 21 24 32 18 26 32 22 25 20 14 36 18 6 
10 23 27 11 25 11 24 4 33 35 30 30 18 21 25 23 13 37 36 15 22 29 15 16 43 11 32 33 16 14 45 40 16 21 10 13 24 19 12 14 30 12 21 12 26 17 22 15 6 38 18 43 19 27 16 24 28 22 43 33 20 28 28 27 27 23 18 18 27 41 23 33 10 16 35 7 11 22 14 19 
25 23 34 14 23 31 25 26 36 25 43 27 13 10 15 19 9 21 24 17 15 21 18 43 27 16 26 31 31 22 36 24 15 7 22 13 19 32 18 13 35 10 16 30 21 14 22 12 12 28 22 25 33 15 20 35 18 25 40 24 14 36 13 40 14 16 38 18 13 22 23 28 18 27 43 20 13 20 23 13 
16 17 29 24 16 31 30 23 20 29 29 7 17 21 39 26 9 22 25 19 16 22 14 24 28 13 24 32 17 15 29 20 21 16 19 18 21 36 24 19 30 11 20 20 19 22 26 17 15 29 26 38 41 15 19 22 45 16 30 19 16 36 31 24 19 9 29 26 37 10 20 25 14 19 22 19 10 28 18 15 
20 17 16 18 20 17 24 9 11 29 24 26 17 22 26 21 21 19 44 19 25 12 9 25 25 17 31 38 19 17 30 40 22 24 9 22 15 18 18 22 23 15 17 40 17 22 23 23 10 10 20 47 31 16 18 34 13 23 26 23 16 19 20 18 37 15 34 37 29 43 16 25 23 46 35 31 9 25 15 29 
18 28 27 18 23 24 19 21 25 24 29 26 20 31 40 21 29 33 26 14 16 24 11 23 33 11 32 37 34 27 48 27 11 16 9 12 13 9 22 12 31 12 25 44 11 10 27 18 27 27 15 26 28 16 19 26 26 27 34 17 21 22 33 15 11 11 17 30 22 28 16 21 32 35 26 37 12 36 22 26 
23 26 19 18 22 27 27 32 49 16 18 21 25 13 28 20 27 20 29 18 14 34 7 31 30 14 29 33 20 24 28 20 23 10 16 13 17 18 13 15 24 7 12 39 12 15 36 17 20 18 29 25 29 12 12 34 33 21 31 33 13 21 24 21 19 17 15 21 31 15 20 19 36 25 45 21 14 12 34 14 
9 18 13 19 23 26 29 36 31 29 7 10 17 14 22 20 20 12 20 15 12 27 20 27 23 16 28 23 20 22 34 35 16 17 17 22 37 31 20 15 17 20 22 23 15 15 25 19 18 26 22 27 42 22 14 36 22 27 34 31 10 42 28 20 14 6 34 21 20 21 21 24 38 36 41 26 13 43 21 17 
18 14 17 19 17 26 30 23 27 27 43 30 24 21 20 16 9 36 38 18 17 17 16 45 27 20 20 27 21 8 13 30 14 15 19 13 37 10 20 23 13 15 29 25 16 9 17 12 16 39 18 28 29 21 17 27 29 10 38 23 19 29 18 21 19 7 29 26 29 37 16 33 21 27 34 19 9 47 28 15 
18 15 20 18 43 18 30 24 39 36 31 19 15 22 38 10 17 27 27 12 15 23 18 28 19 9 28 38 15 32 15 24 17 18 16 7 34 12 24 24 26 13 38 41 13 23 25 17 19 26 20 20 27 14 22 34 23 24 21 29 12 29 25 25 14 22 41 40 29 35 12 19 16 24 38 15 17 38 26 15 
28 26 27 15 14 22 34 33 32 32 29 37 16 13 31 22 15 26 41 13 12 31 19 33 31 19 36 25 33 14 43 28 8 14 15 14 29 31 22 18 34 20 12 16 10 13 49 16 25 33 17 24 24 16 18 32 20 14 31 22 15 36 26 23 16 32 17 17 38 42 18 23 37 32 37 19 18 35 28 20 
21 27 30 7 33 20 23 21 32 7 26 30 23 21 31 32 32 25 30 17 18 21 14 44 24 22 26 18 21 19 28 30 13 18 20 15 24 32 23 23 41 12 27 33 17 10 28 15 24 28 22 21 18 22 14 39 23 15 29 38 20 35 26 28 18 20 28 19 28 23 17 19 26 27 10 25 13 33 21 10 
15 31 31 15 16 30 28 30 16 32 24 27 16 20 16 21 23 31 42 22 7 29 15 33 33 18 14 30 20 10 40 19 16 22 25 18 17 12 21 11 21 18 18 29 20 21 31 15 13 36 22 34 31 24 13 23 26 17 38 29 8 30 17 17 22 20 25 36 24 39 12 19 21 20 36 12 17 31 18 14 
16 25 23 19 20 22 16 25 34 29 23 38 13 18 39 33 27 32 24 11 22 36 14 38 31 11 26 30 19 20 28 30 14 15 21 20 23 24 27 22 15 16 21 23 14 15 34 18 26 30 8 24 25 13 17 21 28 24 15 44 17 33 26 18 22 21 32 32 15 20 14 22 16 32 28 18 22 34 20 9 
20 34 34 25 19 18 26 20 31 9 20 25 11 32 34 23 15 22 30 15 23 34 14 30 21 18 32 18 26 21 50 19 20 12 20 25 24 30 19 25 23 8 19 31 15 19 17 19 14 23 35 39 28 15 11 16 32 20 19 31 15 18 24 23 17 19 31 29 17 22 13 14 27 30 34 15 20 25 10 14 
30 23 34 17 14 25 29 23 30 23 17 27 14 6 22 25 19 35 21 19 22 25 21 16 26 18 22 24 27 10 35 26 11 28 10 8 44 31 18 19 35 20 17 32 23 20 20 19 15 24 18 22 34 26 17 20 32 18 35 26 11 25 33 26 20 25 37 15 30 35 19 24 29 33 31 27 15 30 28 14 
15 32 21 14 24 22 30 42 33 21 16 24 16 25 53 24 23 40 20 13 18 26 19 24 17 10 49 50 16 28 41 39 12 17 25 11 35 25 18 17 23 12 12 23 25 12 31 18 12 25 24 27 29 7 11 33 19 23 42 27 16 20 25 25 11 20 18 17 37 23 11 16 26 28 23 21 19 18 21 19 
13 23 34 16 15 17 39 26 24 18 31 25 18 16 12 21 27 29 32 18 19 25 5 21 38 16 34 29 24 18 25 35 19 25 11 11 26 5 22 17 29 8 16 30 12 17 34 8 12 28 26 29 23 10 16 32 18 24 28 19 13 38 27 20 9 17 30 22 27 29 11 21 22 32 14 27 23 23 29 26 
15 15 23 17 20 19 34 38 33 21 39 33 21 22 30 16 29 33 28 14 19 18 18 29 20 19 21 29 27 16 22 30 12 13 20 16 28 33 13 14 28 18 27 27 10 11 31 9 17 27 5 29 27 23 18 15 32 14 28 29 13 23 18 16 7 18 22 17 53 30 11 19 14 29 22 26 19 43 27 24 
16 15 25 19 12 25 30 15 34 26 24 37 10 13 39 21 19 23 33 18 13 18 22 34 16 14 14 28 16 16 29 28 15 23 18 18 24 19 26 29 34 13 14 26 23 12 24 21 21 38 16 46 30 19 19 33 32 18 24 36 15 20 16 22 19 25 18 15 35 21 17 29 30 24 19 20 17 34 20 22 
17 24 29 18 19 19 32 30 35 43 31 26 22 31 24 28 25 15 42 21 15 24 12 45 30 17 26 41 21 16 45 50 15 21 19 15 30 23 29 16 34 13 36 26 18 20 44 10 14 25 16 42 23 24 20 18 25 8 21 25 20 16 22 20 22 22 19 21 24 33 17 32 29 31 27 18 20 34 20 9 
18 21 24 20 22 23 24 35 29 21 20 18 18 24 5 13 19 21 32 22 24 20 17 29 22 10 30 39 22 16 37 24 20 23 16 19 32 21 18 14 31 13 28 16 12 14 22 12 17 40 18 20 38 25 14 40 36 22 33 15 19 23 13 16 16 9 28 36 38 24 17 18 24 27 39 26 11 18 29 25 
20 28 21 16 15 21 17 37 32 26 39 16 11 25 37 25 16 37 26 13 14 19 21 27 17 16 19 30 18 18 25 29 3 29 18 16 26 26 16 15 19 17 34 33 15 18 38 16 13 38 20 23 24 10 17 32 18 21 25 31 13 28 39 20 21 21 30 21 37 21 19 25 28 29 52 22 17 31 23 17 
24 25 28 17 11 27 14 12 22 9 30 25 14 18 31 32 22 21 24 16 20 33 14 27 23 22 43 29 31 8 34 26 12 17 14 20 19 34 20 16 16 10 27 39 20 15 37 19 13 27 25 23 32 21 11 35 27 18 26 27 13 29 16 23 5 25 34 26 28 24 11 18 20 36 28 28 22 32 22 26 
24 28 36 22 18 25 9 26 16 34 30 30 15 19 32 30 21 32 27 22 17 40 16 20 25 19 15 13 14 12 35 16 13 18 20 19 27 23 7 19 15 9 16 25 19 18 16 13 19 45 25 20 33 27 13 26 35 25 25 16 11 20 21 28 23 23 41 29 49 12 17 27 10 36 32 29 19 13 16 17 
21 23 15 22 20 25 31 28 10 26 36 24 21 25 38 19 20 7 34 13 21 30 19 26 20 15 39 37 19 14 45 23 21 14 7 22 1 27 33 13 19 16 20 48 15 13 35 22 17 23 10 25 39 14 21 15 29 14 17 21 11 29 26 8 19 27 31 21 23 36 18 22 28 21 31 20 19 36 25 19 
26 33 11 11 24 28 28 34 42 32 33 29 11 28 19 28 20 36 26 21 13 20 12 2 24 12 36 27 26 14 25 16 9 22 22 4 38 24 11 7 19 14 31 33 19 18 19 20 14 23 29 18 31 14 14 30 29 16 27 32 17 41 32 34 15 23 11 32 38 31 17 30 30 22 26 20 16 34 37 26 
24 21 11 15 23 21 33 26 18 38 26 26 9 15 36 33 11 33 39 20 13 29 10 38 25 14 25 20 20 20 53 41 12 28 14 11 12 22 20 20 32 10 30 40 22 20 34 23 13 31 28 32 39 20 10 35 28 21 22 40 26 26 32 13 29 21 40 24 23 30 17 34 24 26 17 32 14 34 25 19 
26 24 14 20 20 22 24 6 7 27 27 18 14 11 19 17 26 23 24 14 19 18 14 35 23 19 32 21 21 22 36 36 17 11 22 23 37 30 28 24 20 19 34 30 20 16 39 8 24 35 19 28 17 17 8 19 28 20 38 25 13 12 30 16 18 15 30 21 32 27 16 18 25 22 25 21 19 30 13 19 
10 22 23 15 23 22 21 26 54 12 18 26 21 21 20 30 17 19 37 23 24 30 17 37 28 15 27 37 18 18 33 24 13 18 21 16 31 11 17 21 34 18 30 44 16 23 36 8 17 30 28 29 25 22 13 35 31 28 25 39 22 39 9 28 28 18 20 24 32 29 18 15 26 25 22 24 15 39 19 15 
25 22 18 17 31 29 32 17 27 21 35 14 23 23 36 14 20 31 21 14 16 19 16 25 17 12 23 16 14 14 38 29 18 32 16 23 27 18 26 19 20 15 21 22 10 17 35 24 17 22 32 27 24 21 20 50 24 16 30 28 14 34 26 20 22 32 47 28 32 16 17 22 21 32 24 22 5 41 25 24 
21 23 18 12 24 16 23 30 15 26 39 20 18 24 29 20 20 24 31 17 17 40 16 26 22 16 25 29 29 14 21 23 16 19 14 16 26 21 22 16 32 14 27 50 16 15 24 20 21 29 22 45 40 21 12 20 26 17 36 26 25 21 15 27 18 17 35 30 39 27 10 17 28 33 31 27 23 34 30 19 
22 15 12 17 20 14 36 18 34 38 41 30 16 24 36 27 17 36 26 20 22 22 20 30 20 19 29 20 27 13 37 27 18 23 17 23 27 20 18 18 19 22 31 37 17 19 33 15 16 53 26 27 37 29 18 34 26 16 31 29 21 26 22 35 27 42 33 25 26 20 19 22 21 25 40 22 14 35 23 26 
13 30 28 20 33 17 41 29 45 23 20 26 18 21 33 20 22 21 26 20 14 25 14 39 15 11 25 27 20 21 30 40 21 26 25 17 25 25 20 20 27 13 19 49 18 13 32 20 15 36 26 26 22 34 14 27 25 15 33 10 10 31 25 22 15 16 33 37 39 13 23 15 24 27 35 26 14 35 13 19 
28 26 21 20 16 20 28 29 21 22 21 18 14 28 29 20 19 20 39 14 19 23 16 28 21 22 31 30 22 18 33 32 16 22 31 12 39 19 30 11 18 11 28 37 15 9 26 11 14 9 14 38 33 20 20 34 18 14 56 23 17 24 36 26 19 25 44 29 29 22 24 21 15 22 33 19 20 31 24 22 
16 26 29 21 8 22 37 33 32 24 35 18 21 23 39 14 19 21 24 11 12 7 12 53 43 18 26 19 22 16 40 37 14 13 19 16 29 28 25 21 28 10 38 32 24 19 31 19 26 22 23 31 28 26 8 24 31 19 27 30 14 17 30 31 17 32 36 27 35 31 12 21 10 41 39 26 20 22 24 25 
17 28 27 21 26 24 27 34 28 46 34 13 23 21 17 21 22 23 31 11 16 25 12 34 24 14 31 25 21 16 37 20 18 18 20 14 18 24 14 16 16 14 16 33 21 15 31 26 20 40 26 33 12 20 17 18 26 18 25 28 18 27 18 20 14 24 43 22 36 34 26 12 16 24 38 26 15 57 20 23 
23 21 34 20 33 27 26 24 23 23 38 21 17 27 33 30 19 36 30 19 25 21 17 23 30 14 31 23 30 22 31 22 5 23 15 19 17 22 18 23 26 14 30 25 16 18 44 15 21 34 20 34 48 27 22 26 42 22 22 22 24 32 19 31 16 16 18 29 41 29 19 19 32 27 23 30 15 24 28 30 
23 27 35 18 25 33 24 30 34 35 12 30 11 14 34 15 9 30 30 11 16 19 15 33 25 10 40 37 10 25 26 27 10 16 22 24 20 27 26 24 23 17 24 21 12 14 35 16 16 32 22 28 32 25 19 20 22 20 36 10 16 38 28 18 18 26 35 25 15 38 18 19 14 20 36 26 5 24 20 13 
18 27 23 11 23 20 31 35 22 16 20 17 20 14 32 16 18 22 31 21 17 24 14 20 22 19 14 20 16 22 27 21 10 18 12 18 13 18 16 24 31 17 33 28 25 19 25 22 21 26 25 25 23 28 20 22 18 18 28 31 18 17 20 23 21 19 12 4 20 17 19 22 20 25 38 23 17 25 21 25 
22 28 32 16 7 13 28 26 35 27 33 12 15 29 26 19 23 26 32 13 11 27 17 26 22 14 33 27 28 21 41 19 10 17 18 20 29 30 20 22 33 9 20 24 19 12 43 25 25 25 28 21 8 33 10 33 29 22 36 17 15 15 22 21 20 20 32 32 24 35 18 12 29 22 32 28 12 35 22 11 
18 29 15 20 20 17 16 29 34 38 26 26 18 14 42 23 23 23 30 22 16 19 22 37 13 10 38 20 19 21 41 37 21 16 14 10 24 19 25 20 20 13 27 35 20 18 15 17 18 29 28 45 14 18 17 26 18 21 28 21 17 24 35 29 15 21 24 21 38 25 20 22 36 25 33 18 7 44 7 15 
22 24 23 18 26 31 36 22 31 27 11 31 16 25 30 24 17 21 17 14 13 31 10 27 42 12 28 26 29 15 39 30 12 20 20 18 19 21 20 15 28 12 23 43 15 16 32 18 26 30 20 25 20 16 19 34 20 14 39 39 18 17 24 12 19 23 31 16 32 25 21 20 32 24 23 8 10 17 18 20 
21 20 31 16 30 22 27 27 20 18 23 24 14 31 22 20 17 26 41 21 20 13 20 19 28 20 22 29 27 23 37 12 15 23 10 14 26 28 21 19 10 15 24 17 19 10 38 30 21 30 30 39 42 22 13 11 28 15 27 20 16 19 20 31 19 19 11 21 41 35 13 21 42 31 44 25 16 38 24 22 
12 14 14 17 24 20 26 21 31 27 35 27 20 26 28 17 20 27 14 17 18 27 15 49 25 16 27 23 26 15 25 18 15 29 13 13 26 28 25 8 36 15 25 27 19 26 32 22 22 26 27 21 22 17 16 26 38 13 23 27 15 34 31 22 12 11 23 23 24 34 20 23 26 34 30 20 14 29 22 16 
24 23 39 20 23 23 21 25 19 21 29 38 18 30 18 25 12 30 34 18 17 22 15 21 28 21 25 27 11 19 43 26 14 19 30 20 25 26 19 11 20 13 41 24 22 22 34 16 21 19 26 48 31 26 16 18 45 15 32 33 12 21 20 19 27 14 27 27 9 22 13 31 24 26 39 33 13 34 20 14 
23 20 29 21 23 21 18 26 29 22 35 22 14 33 30 27 27 24 28 17 11 27 10 24 32 23 20 9 14 14 31 30 9 28 14 15 34 32 19 28 34 15 33 26 9 10 23 20 14 42 18 30 37 31 20 16 19 20 21 31 20 31 25 16 31 14 29 25 25 25 12 19 27 29 22 34 11 22 22 15 
15 19 21 20 20 26 29 29 37 42 28 28 14 25 31 22 5 26 29 22 10 42 16 25 25 12 36 23 28 22 38 28 9 25 13 20 21 15 9 20 21 16 26 28 15 18 20 12 24 39 24 29 30 12 7 28 22 18 44 27 15 25 25 32 11 31 24 25 30 24 15 28 28 20 15 20 16 26 21 13 
18 23 27 15 22 16 14 26 31 27 17 16 17 26 34 27 18 32 16 19 17 24 15 26 24 8 26 43 16 17 16 30 15 13 17 14 31 22 18 19 38 14 33 23 14 6 25 23 16 30 22 31 21 23 19 21 22 22 13 28 14 24 18 28 24 14 34 26 26 26 13 20 32 31 18 34 12 37 21 7 
18 22 38 13 26 19 31 30 45 39 27 37 19 4 28 24 17 29 38 21 17 41 25 23 26 11 41 17 13 14 31 29 19 28 17 15 27 12 27 22 35 17 38 38 18 11 24 25 19 33 12 42 19 28 15 34 29 10 33 24 11 16 26 12 24 28 52 18 48 27 15 22 26 30 26 17 22 32 29 19 
14 22 22 22 31 23 22 37 29 31 36 25 9 23 33 30 17 18 38 15 22 16 16 28 28 15 37 41 20 16 44 30 15 18 20 17 24 45 20 15 28 19 24 20 19 15 36 22 21 19 16 20 22 21 20 28 32 25 17 7 17 30 37 26 15 11 35 24 21 21 20 25 31 29 32 34 15 41 32 14 
20 14 28 9 14 16 24 20 28 39 30 21 14 28 33 24 20 24 35 14 13 15 9 36 22 16 31 23 15 20 43 30 15 25 16 19 25 24 24 17 26 13 34 27 20 12 31 13 17 29 29 26 19 27 21 28 28 17 30 25 11 37 27 14 21 21 40 36 18 21 17 8 18 16 23 31 16 23 26 24 
21 24 19 12 32 28 30 28 27 19 33 25 16 11 13 14 13 31 22 11 21 29 17 26 31 10 27 34 21 17 41 11 18 26 12 16 26 16 13 23 24 16 37 40 5 16 20 15 5 28 23 31 29 20 19 17 26 20 36 46 12 17 24 36 12 19 29 20 53 29 22 9 26 26 23 19 16 43 27 24 
20 18 26 21 27 27 32 33 36 34 30 33 19 17 30 19 26 35 26 22 17 29 13 28 26 5 22 27 21 30 25 33 13 19 13 7 21 38 32 15 23 14 37 36 17 12 35 13 13 35 22 26 27 26 19 13 35 20 31 38 10 36 26 29 27 20 33 27 8 15 16 31 13 35 18 26 19 40 21 23 
13 25 12 19 28 30 20 28 33 22 24 25 25 24 26 18 11 36 22 20 16 32 19 38 27 15 28 16 12 21 38 32 15 23 17 13 22 24 21 26 20 11 30 33 15 14 37 12 20 34 9 40 43 21 13 19 45 25 34 30 11 30 34 21 19 13 34 20 24 20 15 32 32 24 34 17 9 24 18 27 
21 20 19 17 32 26 22 27 38 22 25 17 16 31 17 12 37 34 29 15 14 22 17 44 27 17 24 33 21 18 48 31 10 24 13 11 15 27 26 19 28 15 23 24 17 16 41 14 21 25 20 30 34 29 12 26 14 26 20 29 12 20 22 35 17 29 11 12 27 41 15 15 32 41 21 4 28 23 15 19 
22 21 19 13 14 28 32 6 34 27 35 25 18 22 24 25 18 18 41 13 22 24 8 27 19 15 35 33 17 17 36 35 13 26 18 12 22 14 16 19 21 13 14 21 20 12 26 15 28 44 20 31 51 32 14 35 29 14 28 31 17 17 23 17 10 11 34 27 28 31 20 20 29 40 15 32 19 26 17 14 
13 30 18 22 23 14 45 37 30 15 5 19 15 24 35 21 12 30 25 19 12 20 15 37 32 10 21 28 23 28 37 45 12 26 27 14 24 33 16 14 26 12 21 20 15 19 16 22 21 26 24 35 30 24 12 22 32 14 25 19 19 11 20 24 22 9 13 29 27 37 11 21 29 29 43 21 13 34 31 24 
24 19 27 19 25 21 8 28 33 33 27 29 20 21 31 22 28 18 25 22 22 27 15 19 33 21 23 23 19 19 36 39 17 17 10 20 25 36 14 13 25 13 28 36 18 22 27 20 21 28 20 37 34 31 19 42 24 18 27 24 11 39 31 17 27 27 33 18 32 22 15 16 20 27 22 18 7 34 15 21 
18 28 25 22 22 31 40 26 43 18 34 23 15 24 13 15 19 33 19 12 17 19 18 39 17 8 41 32 20 25 17 20 18 28 16 12 21 23 19 23 27 22 23 31 17 18 28 21 22 37 26 35 44 21 19 27 22 18 24 28 16 25 22 29 19 10 9 13 30 27 18 22 13 31 21 15 16 29 21 18 
19 30 26 13 11 22 23 22 22 29 26 31 11 18 24 31 11 21 17 17 24 26 19 37 20 19 42 32 19 19 37 23 16 28 13 17 28 25 25 11 24 21 25 29 20 14 35 13 19 30 31 34 21 23 17 23 34 26 30 34 13 35 26 23 24 17 15 22 17 23 18 30 31 17 25 20 14 45 37 16 
16 23 11 15 19 17 37 25 35 26 31 27 14 17 38 19 27 19 15 16 8 29 8 14 23 14 25 24 20 20 28 34 11 25 11 15 25 36 22 23 25 13 28 30 19 12 23 14 16 38 25 43 23 33 15 14 22 27 24 33 10 22 32 25 22 19 41 27 32 26 16 10 26 27 20 12 15 24 23 20 
14 16 24 12 33 18 34 43 40 32 31 32 13 28 35 19 22 35 24 13 13 17 20 35 30 23 34 28 24 21 41 23 17 20 20 12 28 10 22 19 22 20 16 30 14 20 42 22 21 32 28 28 41 23 18 31 45 21 37 15 14 32 29 25 26 18 41 32 29 42 18 19 29 27 27 31 20 39 29 18 
16 23 16 17 23 20 27 19 37 13 31 36 16 28 2 24 19 10 28 14 8 39 16 29 26 11 30 16 29 17 37 33 17 31 22 21 12 27 39 19 20 13 25 33 17 15 15 15 22 46 22 31 17 23 14 33 28 9 31 30 17 37 28 13 22 7 43 18 35 32 14 31 27 33 29 24 17 26 23 11 
20 27 25 27 23 17 36 18 29 30 38 17 18 22 31 26 14 34 38 12 15 19 15 29 28 16 29 51 34 18 29 33 16 15 15 18 22 24 26 19 23 17 35 36 13 19 29 11 16 36 21 42 22 22 19 26 31 16 22 17 18 22 31 14 21 26 28 28 21 37 16 13 28 17 36 29 13 43 29 25 
23 27 24 15 20 25 18 19 33 49 31 25 25 35 22 21 13 27 32 25 21 18 14 40 31 16 26 39 20 20 31 19 18 26 17 16 26 33 16 18 24 15 27 34 16 15 47 16 21 40 21 31 27 14 19 24 30 25 39 26 17 23 16 22 24 23 28 24 30 17 11 22 28 26 26 33 17 29 25 20 
25 28 29 19 30 15 30 14 24 25 17 23 18 23 21 16 16 21 27 16 10 33 15 15 30 19 37 42 23 17 21 38 19 21 18 20 9 36 11 26 29 12 32 31 23 16 23 22 22 18 25 35 27 16 18 31 30 27 47 25 11 32 31 29 20 7 27 22 32 35 18 9 29 28 36 21 17 34 15 13 
18 17 16 12 27 24 32 23 33 23 22 27 19 27 22 19 14 22 23 15 12 19 17 32 30 19 24 23 12 19 28 38 13 15 12 14 34 28 27 13 30 18 34 27 25 17 29 27 12 23 23 21 27 21 18 50 22 23 19 35 5 30 25 27 16 13 44 21 18 23 21 18 21 26 34 28 10 11 19 21 
10 30 34 25 20 25 34 21 27 30 31 27 21 12 25 24 16 25 15 25 16 22 15 21 25 17 7 14 19 22 33 15 17 25 19 15 22 20 31 13 18 20 26 24 15 11 35 11 23 33 24 38 29 10 24 22 22 17 31 33 16 27 21 28 13 22 38 18 12 26 12 25 31 40 20 19 14 25 26 25 
21 34 23 24 27 26 32 17 32 26 15 21 18 14 22 21 23 30 22 21 16 16 19 33 16 13 27 30 18 19 19 23 14 19 13 17 24 23 30 7 29 17 35 27 22 25 20 19 18 40 25 44 35 23 21 36 26 18 14 24 14 28 31 15 20 25 16 23 41 26 15 25 27 27 30 9 13 24 25 16 
16 21 24 23 16 24 42 10 28 26 21 32 22 16 28 22 24 33 38 20 14 29 17 28 29 21 27 43 29 14 17 36 18 14 14 15 29 31 28 14 31 15 33 31 22 14 19 13 14 34 27 35 23 29 13 32 21 16 15 32 14 31 25 32 16 25 41 39 64 47 21 24 22 27 8 29 14 31 18 20 
30 33 20 10 24 22 33 22 28 12 22 18 21 18 21 28 30 26 35 22 14 25 13 37 28 25 22 28 21 10 22 18 15 29 26 16 24 28 19 18 27 22 29 44 16 9 30 21 20 39 11 41 23 21 18 28 27 23 29 38 13 19 17 21 24 20 33 21 24 30 8 26 24 31 27 27 13 36 28 14 
18 23 22 17 24 7 28 21 28 22 16 14 20 22 35 25 22 28 25 12 19 37 14 42 26 18 29 34 19 23 10 33 10 8 18 9 21 18 21 14 45 12 28 27 15 22 27 23 10 38 23 35 18 21 13 34 28 17 38 33 21 15 17 25 28 20 22 20 40 33 11 23 24 17 17 35 10 43 29 14 
9 25 21 17 20 11 42 32 42 26 25 22 8 24 24 24 16 10 31 11 10 25 7 34 30 18 28 34 16 11 16 35 12 10 13 17 38 20 21 20 25 16 22 16 17 13 41 19 23 27 34 19 23 27 13 18 30 18 20 27 18 19 26 22 20 21 34 35 12 26 21 26 29 22 36 28 20 40 17 5 
15 28 30 21 17 21 26 20 25 18 33 25 24 15 9 34 22 18 30 14 15 30 19 43 33 24 33 38 20 18 23 32 11 9 20 16 19 20 24 23 18 13 19 23 17 14 20 17 8 16 20 39 24 35 17 30 36 23 21 30 12 45 27 25 17 27 12 23 34 26 19 24 36 30 23 18 14 19 33 18 
7 24 29 17 23 9 33 19 21 46 18 16 11 22 25 26 15 35 30 13 20 12 27 16 19 15 26 32 25 23 39 32 15 16 18 20 26 20 22 25 38 11 20 27 28 25 37 23 14 33 10 18 40 23 18 44 43 20 40 32 13 29 17 18 9 18 36 22 33 38 20 5 24 31 34 18 15 36 27 16 
10 25 33 15 37 29 24 32 42 25 38 18 17 20 35 10 32 26 51 15 21 30 12 35 18 12 34 25 20 21 37 41 17 22 17 16 19 21 22 9 31 15 16 42 11 13 39 16 22 25 25 35 43 28 14 28 28 14 38 23 8 28 18 19 17 23 37 30 19 39 16 16 26 21 22 31 14 33 17 17 
14 30 30 20 19 16 40 23 30 34 25 25 17 29 29 23 21 30 38 17 16 35 22 31 23 19 35 29 24 12 22 31 12 14 22 19 26 30 16 26 25 15 28 27 19 16 30 13 16 22 26 22 40 14 14 13 44 13 26 13 15 15 17 21 15 25 36 36 39 26 19 17 29 34 35 25 19 30 26 18 
15 22 36 19 31 19 22 23 41 21 39 29 21 20 34 17 22 18 42 15 12 23 11 31 29 14 24 26 19 26 37 37 20 18 22 18 29 35 25 19 29 11 36 18 15 11 34 15 18 30 26 38 32 33 14 29 28 25 26 29 18 34 21 17 15 23 28 22 23 35 17 17 26 23 28 20 15 25 26 14 
27 28 27 18 13 24 36 21 25 14 33 26 12 19 35 28 18 28 29 20 17 26 17 40 25 17 36 39 24 14 32 30 22 17 17 14 39 24 19 24 26 5 33 32 12 16 16 9 17 47 23 30 28 16 15 25 18 18 32 19 12 27 19 26 25 26 29 32 38 27 14 25 21 20 23 19 18 27 28 10 
19 24 13 35 15 26 34 30 42 21 23 12 12 12 25 25 19 30 16 15 17 20 9 27 25 20 23 25 16 20 22 21 21 7 18 9 18 40 26 15 28 13 24 30 11 15 32 24 18 27 27 41 31 13 16 33 30 19 39 13 11 20 32 19 15 25 20 15 29 25 12 19 33 14 27 24 20 27 25 15 
19 21 12 20 22 17 21 18 39 23 15 27 17 18 31 24 29 24 22 11 16 6 19 24 18 18 21 35 32 18 16 27 13 12 21 17 30 28 27 16 38 15 35 35 15 17 35 18 20 33 17 26 40 18 18 27 24 16 19 20 9 20 25 23 12 15 25 18 31 28 14 29 14 24 25 15 10 31 22 17 
18 29 31 16 20 23 35 16 13 41 29 32 15 21 20 16 21 16 17 20 18 23 16 33 19 18 27 43 4 22 31 32 14 26 14 15 44 19 30 7 33 18 27 15 30 13 26 20 24 26 25 21 16 20 20 33 29 16 14 26 16 31 21 29 21 19 41 34 47 33 14 25 21 33 20 29 15 31 18 15 
16 15 19 10 15 24 43 19 14 18 39 27 15 20 22 18 29 30 15 12 18 28 16 31 29 16 33 35 27 21 37 33 11 25 19 8 33 32 30 20 32 18 24 32 21 13 30 16 25 40 36 25 39 13 12 37 28 20 30 21 9 27 32 20 19 12 14 29 28 38 22 24 33 20 25 21 18 14 26 20 
18 13 19 7 23 12 25 28 57 18 27 18 22 17 23 18 19 30 24 15 16 20 20 23 23 16 26 42 13 14 38 26 7 18 17 10 32 30 28 14 24 14 27 17 18 15 37 22 15 21 20 27 26 18 19 23 23 20 27 33 12 32 28 26 26 21 23 22 26 29 6 23 31 27 16 22 16 28 28 17 
24 21 29 16 27 14 26 17 25 13 27 13 12 25 29 23 27 23 32 17 16 26 12 39 28 13 31 33 25 17 33 27 10 21 21 9 36 25 12 15 39 17 20 27 16 20 30 9 19 37 27 47 35 25 17 25 31 17 36 27 24 32 31 30 20 23 29 14 39 32 14 25 30 11 33 13 18 29 28 12 
25 26 10 20 17 28 27 33 27 18 23 23 13 15 26 13 24 30 25 23 12 25 10 32 23 16 22 20 28 8 36 38 10 20 20 19 33 25 17 13 30 15 30 44 24 10 23 29 22 20 17 48 22 25 6 25 34 19 20 32 14 20 27 25 20 11 36 10 52 40 15 19 23 21 33 28 15 30 20 19 
27 9 20 22 26 18 25 23 39 25 30 17 11 11 39 29 18 24 26 24 9 28 18 24 25 15 33 30 24 23 36 24 16 26 8 15 30 35 29 22 34 16 24 22 24 19 20 17 21 22 26 39 22 33 15 25 22 19 26 33 11 33 38 33 21 17 26 12 27 19 11 16 21 26 33 25 19 30 19 19 
18 23 23 15 22 18 38 37 35 31 32 25 21 16 17 13 20 20 29 15 13 10 13 27 25 11 26 23 14 18 16 22 15 29 5 12 18 18 28 12 24 13 38 49 18 14 27 22 18 19 24 30 33 30 17 34 20 18 29 21 16 14 35 32 21 16 48 28 20 9 15 21 28 29 34 21 19 16 18 26 
18 24 23 17 19 21 27 28 32 24 27 34 18 21 32 31 19 34 15 13 7 14 15 23 26 17 39 34 19 12 19 31 9 20 15 20 27 26 25 16 15 15 25 21 18 13 39 20 23 35 23 46 24 29 13 34 32 15 28 18 18 21 31 22 19 19 39 18 25 24 9 28 31 25 26 10 13 26 32 28 
20 27 30 21 24 23 35 17 38 19 16 23 21 15 34 30 15 25 33 16 15 29 13 28 29 13 34 33 29 22 15 24 20 17 14 14 22 31 15 24 24 8 38 28 19 12 24 11 24 26 24 44 24 29 14 23 42 22 30 33 12 23 25 24 17 18 29 14 18 34 15 21 14 23 41 25 20 33 28 20 
18 20 23 12 16 15 22 27 31 15 33 31 16 22 24 24 15 39 25 27 15 21 13 26 29 9 31 20 26 9 41 23 13 33 15 11 29 16 23 21 35 14 28 32 17 13 17 15 16 38 22 38 31 21 14 32 38 25 13 27 19 28 12 27 22 13 30 20 37 30 15 26 38 34 37 20 19 22 28 13 
23 25 22 14 14 15 37 26 33 34 40 25 14 18 33 22 27 6 23 17 12 24 15 31 40 14 33 39 30 19 18 29 8 10 25 16 28 25 22 30 33 13 36 24 17 9 27 29 28 22 23 26 31 19 21 9 30 19 26 43 19 24 17 20 20 25 11 24 29 27 16 24 22 30 26 30 12 35 24 15 
18 33 31 19 19 28 26 28 28 35 23 25 15 32 18 23 21 16 31 16 18 29 15 43 22 22 13 44 18 16 45 20 23 26 20 16 22 14 26 23 23 11 29 33 18 19 39 17 11 17 9 22 24 21 13 9 19 20 32 14 14 22 21 30 17 26 22 33 17 7 16 25 17 25 25 25 22 24 23 6 
13 23 37 14 9 24 36 29 37 24 29 22 14 10 55 19 13 24 31 13 13 26 6 38 24 14 32 32 18 24 28 30 14 22 23 6 35 19 28 24 17 14 24 24 19 12 27 15 17 30 21 19 30 15 13 22 21 14 24 37 9 31 22 21 29 17 43 24 17 35 15 16 14 25 21 26 18 12 28 13 
19 32 36 16 29 21 33 32 39 22 30 28 16 21 23 10 17 24 28 17 26 34 10 32 28 11 37 38 28 16 20 39 13 13 9 11 31 26 17 16 24 12 17 41 15 18 32 17 16 16 23 18 28 24 18 31 21 21 40 28 12 35 21 25 23 20 49 31 37 31 21 20 22 25 23 29 9 28 24 13 
23 27 15 20 31 20 28 34 36 32 35 29 13 25 23 8 21 34 48 15 13 15 18 28 40 19 31 20 10 20 37 23 14 11 14 17 27 21 13 18 32 15 26 41 15 13 36 17 14 26 33 19 37 40 21 39 28 22 13 29 11 18 27 22 20 14 27 30 33 36 15 28 33 16 37 14 18 28 27 13 
22 21 14 11 18 11 45 33 20 37 28 38 15 16 16 25 21 21 34 23 16 20 19 25 16 19 6 34 20 19 8 28 23 26 24 20 28 24 26 12 35 13 26 30 23 18 33 21 18 24 22 22 36 19 16 27 33 13 28 29 13 22 41 22 16 12 35 38 36 27 21 20 27 16 30 39 22 30 21 19 
24 27 25 27 28 15 25 24 29 15 22 33 17 25 34 14 20 29 18 14 24 13 11 31 21 17 37 33 19 11 45 29 17 15 19 18 16 19 31 17 26 7 21 30 19 20 20 20 14 16 30 40 30 17 14 34 31 30 32 48 8 25 21 16 21 14 30 44 38 33 13 26 20 25 25 27 24 29 36 22 
22 25 29 18 36 17 26 22 29 22 23 29 16 14 24 26 18 14 39 13 25 20 8 22 34 14 36 21 27 19 42 31 14 27 19 22 22 20 24 8 36 16 16 26 20 14 36 20 14 39 32 18 26 22 20 34 29 13 27 19 17 18 28 26 13 11 24 36 19 43 17 24 28 22 36 32 23 35 17 7 
20 20 22 22 24 17 20 27 35 32 14 28 16 24 37 16 18 18 19 21 22 21 11 31 37 12 16 34 23 22 23 34 13 21 19 10 18 26 24 21 19 15 31 28 15 13 36 14 21 36 29 36 27 18 19 31 31 17 29 38 18 35 33 19 18 16 38 22 52 26 19 25 27 37 27 22 14 27 30 18 
21 25 27 16 31 22 35 40 18 27 33 24 16 16 11 25 24 23 26 12 16 21 21 19 28 18 11 23 14 12 14 29 16 24 22 12 36 27 21 16 16 15 16 19 20 18 37 23 11 31 25 28 34 15 17 30 26 22 5 19 24 20 8 30 24 20 40 23 20 36 11 17 31 27 27 21 20 30 9 11 
19 17 16 17 18 22 33 26 36 28 35 26 15 17 27 33 22 28 16 7 15 25 18 44 23 13 24 39 20 16 32 30 10 31 12 19 31 24 24 11 24 22 36 48 18 10 27 22 8 27 27 35 39 32 8 26 24 23 40 33 17 22 33 16 19 16 33 27 35 36 17 11 24 23 29 32 12 12 20 23 
19 18 35 20 22 25 30 20 38 46 28 25 5 23 30 35 23 29 25 19 16 20 12 31 24 18 45 44 20 8 26 33 15 24 16 19 26 19 16 15 35 19 22 10 26 22 46 20 15 28 28 22 39 15 19 27 23 11 30 23 21 31 20 26 22 27 21 31 10 29 8 23 19 37 21 29 15 23 16 12 
20 30 29 16 30 13 47 31 34 33 32 30 16 22 29 22 21 28 30 12 20 28 14 20 30 13 37 18 32 12 39 33 18 18 25 16 23 18 26 27 29 13 13 31 23 19 29 18 11 14 22 46 11 16 22 31 16 26 27 20 18 31 33 31 24 31 28 25 28 33 14 27 13 23 26 27 19 23 19 18 
8 31 16 24 19 14 13 29 21 18 14 22 16 21 29 16 27 28 17 16 22 39 16 36 34 13 35 25 29 24 26 34 10 11 15 16 8 24 17 20 20 18 20 34 21 19 32 20 21 24 28 29 17 17 16 18 20 13 19 24 8 14 27 28 21 14 25 34 40 21 17 21 28 27 37 27 10 15 20 14 
17 24 22 9 6 15 25 23 25 40 28 13 17 29 21 26 28 30 44 18 20 18 12 32 36 18 35 13 16 23 53 30 6 23 25 21 19 32 19 23 25 12 41 27 21 16 49 16 17 34 32 29 22 19 14 43 28 6 31 30 13 35 33 19 20 18 26 30 36 18 18 17 14 25 23 25 15 24 24 13 

MachineCapacities:
MachineID Capacity
0 10
1 10
2 10
3 10
