NumTasks NumMachines NumScenarios
25 3 500
TaskDetails:
TaskID ReleaseTime ResourceConsumption SuccessorsCount Successors...
0 0 9 6 8 3 6 13 15 
1 0 10 5 7 8 8 9 10 11 12 13 14 15 
2 0 8 7 3 5 5 10 13 14 15 
3 0 4 10 8 2 12 13 
4 0 2 2 4 5 6 7 10 13 15 
5 0 5 3 3 1 11 
6 0 10 7 10 1 14 
7 0 6 1 1 1 14 
8 0 9 4 5 0 
9 0 6 4 7 0 
10 0 2 7 2 0 
11 0 6 4 4 0 
12 0 7 1 4 0 
13 0 8 8 3 0 
14 0 9 3 1 0 
15 0 10 6 5 0 
16 0 10 3 7 3 21 23 24 
17 0 4 7 6 1 23 
18 0 2 7 9 2 20 24 
19 0 4 5 3 0 
20 0 8 3 2 0 
21 0 4 4 8 0 
22 0 3 7 7 0 
23 0 6 9 7 0 
24 0 7 7 5 0 

32 18 7 23 35 18 28 24 16 31 25 15 22 16 24 15 17 30 21 20 37 11 28 16 41 23 12 23 23 21 29 26 30 28 15 23 32 12 20 19 18 25 31 13 15 27 14 15 20 23 9 25 30 32 24 22 15 27 38 26 18 30 18 24 13 14 15 13 20 17 33 19 28 34 35 
30 12 16 31 46 13 26 24 26 25 21 25 5 26 37 18 16 27 39 25 23 18 15 25 21 33 17 23 23 30 40 32 32 7 16 23 21 18 23 17 32 36 19 14 13 18 36 17 23 21 22 33 18 26 20 25 25 28 34 24 15 32 13 23 25 17 34 13 15 23 29 28 22 17 34 
20 13 10 20 50 32 29 19 24 39 33 17 19 20 41 17 27 31 32 27 31 18 19 16 32 18 16 21 18 35 11 24 37 32 15 16 38 25 10 18 13 23 24 16 14 17 4 25 26 17 19 28 20 27 12 20 15 17 31 26 27 23 18 19 15 12 35 19 16 22 30 16 31 24 15 
30 13 16 28 29 19 24 25 25 41 32 19 17 21 47 15 29 41 36 34 16 25 11 15 24 22 11 16 19 23 34 15 24 13 17 22 26 20 9 24 18 25 23 15 20 30 35 15 30 20 15 28 21 31 15 16 21 20 21 12 16 39 12 22 15 15 28 20 20 17 25 36 21 22 31 
23 12 14 21 27 19 32 18 28 29 21 33 22 32 28 20 19 26 27 33 14 23 21 21 29 25 17 17 20 19 24 17 20 21 28 19 15 9 10 20 22 11 21 18 17 21 24 16 12 19 23 15 18 19 13 11 18 22 11 27 18 29 14 10 14 13 19 11 17 24 17 39 22 25 24 
31 17 13 12 37 19 40 27 25 15 33 19 26 23 28 22 35 23 28 33 26 26 28 27 37 26 14 19 18 10 19 26 37 17 20 30 13 20 15 17 27 29 22 14 26 21 18 10 15 24 26 23 26 10 11 19 18 31 33 21 23 19 12 13 13 27 46 11 18 21 38 26 25 28 25 
17 17 17 39 54 32 35 20 24 38 28 20 11 26 31 15 19 43 31 14 20 22 21 17 26 29 17 14 32 14 18 28 18 20 24 24 22 14 14 26 23 12 35 18 14 16 18 25 24 15 26 24 20 22 13 17 10 16 32 20 18 22 23 25 25 25 23 13 22 26 24 14 27 32 14 
20 15 16 22 8 22 26 21 23 23 31 22 21 15 44 20 28 19 23 13 24 19 30 18 25 23 10 11 21 17 24 27 24 16 16 27 19 23 13 26 29 37 23 19 8 36 22 27 24 22 34 25 14 24 16 21 12 16 20 20 13 29 10 23 8 21 39 9 27 17 25 39 22 37 34 
32 22 16 32 26 25 41 22 18 9 13 15 19 20 20 18 16 19 36 35 29 21 38 18 29 21 18 22 14 25 28 20 25 19 18 34 24 25 10 14 25 36 30 10 19 34 18 21 23 27 15 21 25 22 18 24 14 25 24 34 29 24 18 21 19 10 35 17 27 23 26 37 21 27 36 
20 15 17 15 25 24 27 25 24 28 29 19 24 18 22 15 22 30 31 27 33 16 31 15 34 15 13 21 23 23 23 25 31 22 8 23 32 13 19 15 23 10 30 15 9 30 20 23 20 5 17 31 24 32 14 14 15 31 28 30 26 33 10 9 21 20 49 20 17 21 31 30 19 24 40 
30 15 20 23 24 18 20 23 13 37 31 19 17 18 23 21 10 30 24 25 24 18 24 21 40 27 24 23 28 15 21 25 24 15 20 28 20 13 17 25 15 28 20 14 17 16 26 22 22 23 32 29 12 17 17 23 16 31 24 23 22 28 17 19 9 14 22 16 16 16 21 39 22 26 42 
19 24 18 14 47 24 34 22 23 30 42 18 28 15 22 14 18 30 21 19 28 15 25 21 22 26 9 24 33 11 34 19 22 31 15 20 32 16 17 32 30 25 14 18 15 22 22 21 22 15 18 29 22 19 28 15 19 34 18 24 17 27 20 23 18 10 31 17 20 21 32 21 18 52 21 
35 16 17 13 18 14 38 31 13 34 19 25 25 15 33 26 24 11 32 19 24 31 26 28 25 18 17 18 19 27 30 17 37 14 17 18 20 17 16 22 21 18 19 14 20 30 5 23 23 25 21 31 20 23 24 19 16 32 22 24 7 40 19 27 23 16 32 15 21 6 32 35 24 33 22 
19 16 15 26 51 23 34 25 12 36 28 26 19 11 25 13 31 46 34 29 23 21 15 24 20 26 12 17 20 22 36 13 42 24 18 19 19 24 16 29 17 18 22 16 16 42 29 8 17 26 15 37 18 17 13 13 15 28 27 20 9 26 16 26 15 14 24 15 21 16 19 25 21 21 26 
22 18 18 22 23 13 22 30 15 24 22 27 14 15 30 20 27 28 31 30 32 26 10 21 25 27 17 17 21 31 19 26 34 17 12 20 22 12 21 14 36 20 17 11 13 34 23 14 25 16 26 32 21 30 10 23 21 28 36 23 13 29 13 17 25 18 25 19 23 26 28 25 22 22 23 
23 14 26 25 20 17 34 22 31 30 29 19 19 15 30 18 24 32 28 30 20 20 22 16 27 19 21 18 24 26 31 21 30 19 17 25 27 13 8 27 20 6 27 14 13 24 34 18 17 15 7 30 28 23 14 12 18 28 21 11 20 34 10 14 14 18 17 12 23 27 26 36 32 29 18 
25 19 16 16 30 10 18 22 8 40 31 19 23 20 28 20 19 34 27 12 36 21 17 14 12 18 12 14 38 24 27 18 22 10 25 35 28 13 20 27 25 28 21 16 17 24 15 20 26 27 18 30 27 26 22 11 16 33 16 18 16 26 11 27 23 19 24 9 17 28 29 26 29 20 28 
21 5 19 27 11 15 29 24 21 21 22 16 24 17 32 27 19 35 36 19 26 3 34 17 23 16 21 16 12 24 44 27 34 18 17 35 14 21 16 19 18 25 17 15 17 17 27 16 20 28 33 21 6 32 19 19 18 34 24 19 14 13 15 15 13 21 39 11 23 16 27 27 20 24 32 
30 11 22 33 43 22 12 27 20 30 23 23 16 17 34 15 26 30 35 28 19 20 16 14 39 19 9 16 20 23 25 37 23 11 23 25 21 13 25 21 28 25 17 11 13 32 30 24 14 28 22 22 19 21 12 18 17 28 27 22 14 17 17 13 25 24 26 15 25 19 27 37 19 17 36 
23 17 7 15 10 28 12 26 22 23 16 21 27 15 38 16 15 38 12 25 44 16 17 17 29 17 18 23 37 24 33 24 36 18 24 28 21 20 22 24 17 24 31 16 13 36 43 28 26 16 9 24 17 35 17 19 16 34 21 21 19 33 14 35 15 16 22 14 17 15 27 22 23 28 35 
27 18 12 21 32 26 23 14 19 22 31 19 16 2 15 14 26 27 25 25 26 22 23 17 19 19 17 29 28 22 24 20 26 6 17 19 32 9 19 23 19 22 15 16 18 34 29 21 12 27 24 20 22 29 13 17 14 23 19 26 22 17 11 22 15 17 38 15 15 15 18 26 18 18 35 
38 10 20 31 29 14 32 29 22 23 14 33 19 16 31 19 20 22 24 15 37 20 32 23 30 21 17 22 16 39 30 25 30 26 19 23 27 12 22 26 26 28 19 17 14 37 28 24 21 21 21 31 17 21 20 10 10 7 35 26 20 22 7 26 12 16 33 13 18 32 23 20 16 25 41 
26 14 19 24 15 28 36 28 20 34 41 21 22 22 28 20 20 46 32 24 41 17 14 13 21 13 18 16 21 16 21 27 16 19 18 19 27 10 27 15 27 16 21 9 23 25 37 24 20 19 18 22 12 17 18 22 21 33 28 36 19 43 15 19 24 15 19 8 14 29 21 26 23 37 26 
26 21 16 28 20 26 41 27 19 13 21 21 14 17 12 7 31 25 20 21 17 23 22 22 19 26 15 18 22 18 24 15 34 18 17 24 24 21 15 19 17 11 12 19 17 22 32 26 27 26 22 22 22 17 14 25 20 25 32 12 25 26 19 19 13 13 42 11 7 14 24 29 24 33 43 
15 14 14 30 26 22 30 14 29 30 30 17 17 15 27 18 38 38 28 22 38 15 22 18 29 19 12 31 25 27 40 22 26 26 25 26 31 13 14 22 28 23 29 14 8 24 25 11 27 29 21 29 12 25 13 17 10 30 26 20 27 25 19 25 17 16 34 19 19 18 29 42 33 27 33 
23 5 20 43 18 11 23 27 14 39 44 9 17 22 26 19 36 36 24 23 27 21 28 22 34 30 8 18 22 20 39 22 15 19 17 24 26 15 11 16 12 31 23 13 18 35 35 25 21 22 28 28 24 25 23 18 10 18 27 22 24 37 7 30 16 13 26 14 23 19 21 40 8 32 28 
25 18 11 17 26 22 42 26 18 35 31 23 8 19 35 13 27 30 20 43 35 17 25 10 22 22 25 9 22 18 23 29 32 20 28 14 16 8 14 24 22 24 21 19 13 22 30 17 24 24 7 28 12 20 26 21 23 28 22 30 11 20 14 13 14 12 28 17 25 24 22 32 16 35 37 
19 14 19 25 32 23 46 18 22 29 27 20 16 20 16 20 20 32 24 27 30 23 26 17 26 25 20 14 33 21 16 18 29 15 13 32 7 17 22 12 29 21 27 19 14 29 19 20 26 27 22 18 24 18 14 24 16 27 12 19 16 22 16 24 17 11 24 18 31 6 28 28 29 33 15 
32 23 14 17 27 27 37 32 21 33 29 22 7 12 33 20 19 33 38 28 26 30 23 18 40 16 19 15 17 18 14 24 28 10 24 31 30 23 14 20 19 18 14 22 15 20 24 26 14 22 12 26 14 27 28 14 14 28 33 13 16 31 8 25 17 12 20 15 12 25 24 14 20 41 31 
44 12 13 13 25 19 41 23 29 33 19 20 26 22 24 12 25 43 31 15 28 18 32 10 33 17 16 33 28 20 12 22 29 18 13 30 23 23 14 22 31 20 14 13 14 23 33 23 22 10 16 20 23 18 22 24 21 22 31 27 17 31 15 21 21 12 30 10 23 25 25 32 27 21 23 
24 30 13 23 24 12 23 16 23 34 19 18 23 19 14 17 33 27 34 30 22 21 25 19 37 24 11 26 29 21 24 16 36 28 13 28 25 18 5 25 20 25 28 14 12 38 16 22 21 20 22 25 23 2 19 19 16 32 22 26 15 21 17 18 13 18 27 15 18 18 17 23 29 30 40 
22 17 18 29 44 22 26 13 21 17 16 27 22 21 28 17 26 24 26 27 30 18 13 27 35 23 12 27 21 18 29 9 41 22 14 19 28 25 10 19 23 31 16 21 18 17 29 21 18 26 21 28 21 18 18 21 12 28 28 29 25 35 19 23 25 10 20 16 15 21 28 38 12 27 25 
25 16 19 25 47 23 25 25 13 41 20 19 11 8 28 20 9 42 27 17 28 30 12 17 30 36 14 24 19 33 32 23 11 17 14 9 17 20 11 21 24 23 33 16 10 25 18 19 10 18 30 31 22 13 12 20 14 25 35 30 23 17 19 15 12 9 28 19 22 17 30 26 24 20 21 
18 13 18 24 27 27 23 28 21 36 20 20 20 21 25 22 19 39 35 25 16 22 32 15 35 31 9 14 23 26 19 28 15 40 9 17 22 17 15 29 20 23 29 20 21 25 19 18 29 20 14 31 19 16 19 11 16 41 32 20 16 28 16 23 28 25 22 18 15 22 32 21 27 17 31 
18 18 11 24 31 19 48 16 22 23 28 9 12 26 40 23 12 29 36 38 33 23 8 21 31 26 17 8 39 19 24 24 23 21 20 20 29 14 20 24 28 33 15 8 17 12 18 23 26 20 19 24 21 32 11 21 22 16 16 23 17 20 15 22 20 12 36 16 16 19 21 37 32 28 22 
32 15 21 31 30 17 40 29 31 46 27 22 26 19 25 15 21 21 35 32 23 9 12 8 18 16 10 17 25 22 23 30 44 8 23 20 19 24 12 18 25 15 25 19 14 34 31 26 14 28 28 28 21 17 18 24 14 30 26 16 20 29 15 24 16 19 7 11 18 24 35 26 31 23 41 
15 18 16 33 37 22 14 29 28 43 28 23 21 17 38 23 25 16 19 24 32 7 15 16 30 20 19 30 21 25 25 30 28 26 22 35 17 19 15 21 15 20 28 24 19 29 25 21 22 11 13 24 13 18 14 21 11 15 30 28 20 22 20 20 26 24 48 23 16 17 22 43 19 29 25 
26 17 24 28 22 22 28 19 18 31 27 26 16 26 33 20 16 34 14 35 16 24 20 14 12 33 19 26 21 23 36 33 24 23 18 22 25 17 13 27 25 30 10 15 26 32 22 16 27 18 20 30 15 21 22 19 8 14 22 11 20 23 12 29 20 11 37 13 17 21 21 60 9 25 29 
33 16 16 28 31 21 44 31 9 21 22 19 21 15 28 13 25 34 34 31 27 32 22 17 35 24 14 28 42 24 43 23 15 21 17 23 28 22 11 24 20 17 25 13 9 36 20 20 14 14 21 20 26 26 20 18 19 39 36 22 27 17 14 11 15 11 36 7 14 22 21 29 37 22 19 
23 18 14 23 30 30 20 35 23 36 20 19 31 19 23 16 17 27 28 30 14 15 17 16 31 23 18 16 24 23 39 16 28 18 17 28 27 12 20 32 31 27 29 16 21 17 24 19 19 13 19 25 16 24 24 12 15 16 28 15 16 23 11 6 19 14 23 15 3 24 29 41 24 36 22 
25 12 10 19 43 34 31 14 25 48 29 22 23 16 37 20 13 32 33 34 31 6 20 23 30 27 18 23 21 19 28 16 32 26 15 19 13 17 14 28 23 25 25 11 18 19 29 25 25 27 23 31 20 29 17 16 13 34 19 30 12 26 18 12 22 5 30 10 22 21 23 19 27 28 37 
24 21 21 29 37 24 13 20 26 33 8 10 19 16 20 28 24 29 33 17 23 32 20 17 28 35 21 21 25 14 24 22 36 24 11 20 24 18 14 20 9 15 18 11 20 23 21 25 22 30 12 21 19 11 12 12 17 23 33 29 13 13 10 16 16 18 37 15 24 15 28 13 9 20 29 
16 7 16 34 16 14 25 29 21 23 27 26 10 20 21 25 22 23 31 18 29 26 21 20 31 15 20 30 31 22 20 25 17 29 23 18 24 14 18 16 47 5 24 9 16 30 29 30 5 17 37 17 22 23 14 19 19 27 20 24 27 26 22 9 14 17 40 10 17 21 22 34 25 10 21 
8 24 11 22 38 26 21 20 12 19 8 20 23 17 39 28 28 23 16 28 42 14 25 32 28 17 11 13 24 23 28 28 25 27 20 27 20 18 8 25 18 23 15 16 20 33 21 25 17 21 12 35 24 19 10 11 21 10 29 29 18 26 16 20 9 20 44 16 19 17 26 23 25 20 32 
29 6 9 23 29 27 25 23 32 15 29 15 22 12 25 19 27 50 17 31 28 26 18 12 42 17 15 25 25 16 32 15 47 32 16 39 29 15 3 25 34 22 20 21 15 22 19 25 13 25 25 24 24 29 19 21 17 13 31 30 10 28 11 22 8 19 36 12 21 25 23 45 30 30 19 
24 15 22 22 35 26 48 17 22 35 17 15 33 23 40 18 26 23 40 20 33 26 16 26 34 25 15 13 14 18 35 22 28 8 17 29 23 19 20 26 16 20 30 16 15 18 30 30 20 32 27 30 7 19 13 16 16 12 17 17 14 28 16 21 18 11 24 5 23 19 36 29 14 31 16 
34 12 11 28 28 11 32 32 22 22 32 22 25 29 31 20 18 34 23 29 16 19 21 24 15 30 14 22 17 20 36 29 29 17 14 19 22 19 13 15 23 23 16 13 14 26 18 31 21 26 25 18 18 35 17 25 18 27 32 24 12 29 18 23 15 18 41 20 14 19 23 28 22 27 31 
22 16 17 39 18 18 37 20 21 23 22 15 27 30 18 21 32 24 24 20 41 17 18 12 25 25 14 21 32 26 41 19 24 19 21 32 24 12 17 13 32 20 16 16 17 34 21 17 26 30 20 23 19 13 17 13 14 22 37 28 23 34 21 23 19 25 40 13 15 17 30 31 9 32 34 
29 24 18 28 19 34 31 27 15 16 22 26 22 12 32 23 21 30 37 42 31 16 23 30 42 31 16 21 27 25 22 25 47 21 22 19 26 11 21 32 29 17 22 13 15 26 37 22 8 25 12 25 6 27 11 24 9 15 25 35 4 10 14 38 19 9 16 9 19 18 15 14 21 15 38 
30 12 19 30 20 19 31 21 29 20 9 28 14 19 24 25 20 28 16 31 32 10 14 10 24 25 13 18 27 8 36 29 38 17 20 37 26 23 17 22 19 23 23 20 9 17 25 11 24 25 10 40 17 19 17 25 13 19 20 31 16 23 13 19 14 18 31 13 21 17 17 44 22 26 39 
24 13 14 39 41 19 33 37 22 26 35 19 15 14 14 17 24 38 39 24 30 23 24 17 41 21 6 21 25 18 38 16 21 22 17 39 22 25 15 28 24 25 23 16 12 35 16 11 16 24 20 37 17 18 11 20 18 27 25 26 29 38 17 23 21 20 9 12 14 24 16 35 21 34 16 
29 13 17 11 41 19 36 22 24 32 33 26 19 11 34 16 35 22 35 11 29 21 12 26 31 25 13 22 31 23 42 19 28 11 10 13 26 17 23 12 16 24 27 16 10 28 28 19 18 19 16 28 22 27 9 23 8 34 29 21 13 27 17 7 19 15 35 18 22 25 32 47 25 26 31 
24 14 15 15 22 21 21 7 26 14 30 23 27 19 19 16 20 17 31 40 31 18 21 12 20 24 17 13 31 11 38 29 32 25 14 30 26 18 17 9 28 17 22 10 10 13 29 20 37 26 28 25 12 15 13 21 22 25 27 18 17 15 13 22 14 12 20 16 31 26 33 24 31 12 29 
25 21 22 25 40 23 38 32 22 40 35 28 18 19 10 9 23 17 33 28 24 21 21 12 16 21 15 19 21 29 49 25 39 15 20 16 15 24 13 28 25 33 30 13 18 23 22 25 26 16 15 33 20 28 26 17 18 20 29 32 21 29 13 21 18 24 20 18 31 25 36 27 27 38 24 
25 6 14 25 27 14 25 28 33 29 21 20 23 24 26 8 21 36 23 40 24 33 14 20 29 21 21 8 41 28 34 19 44 26 20 22 6 14 17 24 25 27 18 23 10 24 18 9 18 23 18 27 20 15 23 11 14 20 19 32 20 27 12 17 18 15 18 4 16 22 15 35 25 29 25 
24 24 14 21 44 32 24 23 27 23 21 35 14 21 29 24 23 18 33 35 38 25 22 18 22 29 15 21 23 23 31 29 37 13 13 25 34 13 15 21 17 20 20 10 20 29 18 16 18 21 15 28 31 19 15 31 13 37 32 13 11 34 18 26 11 15 36 10 19 27 27 17 26 30 30 
12 18 19 17 24 31 31 24 23 29 29 27 12 18 20 14 32 40 25 30 27 28 25 21 28 17 21 20 32 24 23 24 41 12 21 26 20 16 22 25 12 34 31 23 18 36 27 9 17 22 25 30 21 18 13 31 13 29 33 22 22 32 7 10 20 20 16 21 13 5 17 35 23 34 30 
27 18 8 20 30 8 31 21 22 40 28 29 24 16 28 8 19 29 25 23 28 18 30 21 30 27 11 23 33 28 23 19 48 26 19 23 39 18 10 26 12 20 25 20 14 28 12 13 17 22 23 14 23 25 16 31 19 36 30 15 16 26 20 18 18 23 17 13 10 25 24 27 23 19 32 
32 21 19 9 23 28 28 6 20 39 40 24 25 16 29 26 8 24 35 27 20 18 31 17 36 28 17 16 27 17 36 29 21 26 13 19 31 11 18 28 20 14 18 10 16 25 20 27 22 26 20 37 26 24 11 23 21 23 28 18 25 36 9 25 17 17 28 15 20 26 11 46 23 32 29 
31 22 19 40 46 29 43 27 20 37 28 29 21 14 31 17 22 25 35 31 32 15 14 3 29 30 13 17 18 32 34 29 28 13 17 22 24 17 15 27 10 27 13 12 14 19 15 13 24 24 7 23 25 16 15 23 10 18 22 23 19 35 18 17 22 16 24 7 14 19 32 28 27 29 27 
25 17 19 18 38 20 30 30 29 19 26 26 21 20 22 28 11 31 28 33 25 26 15 15 31 17 25 21 28 22 25 30 23 13 24 22 20 16 18 26 16 27 28 17 14 23 16 17 24 29 9 29 19 19 4 19 14 23 25 31 19 23 19 12 17 17 25 17 17 8 32 30 30 21 35 
20 12 17 13 41 20 35 16 23 30 22 13 30 19 9 16 27 38 24 34 38 31 20 24 21 11 12 25 25 19 18 17 21 16 28 28 24 16 11 24 17 20 24 20 12 25 25 25 20 25 23 33 13 29 26 24 24 19 30 19 18 26 21 11 25 21 22 26 29 30 26 20 13 18 27 
32 13 16 25 34 21 22 18 20 36 25 28 11 11 30 13 20 28 27 18 42 21 22 16 20 26 12 26 28 22 44 30 46 9 14 34 32 15 11 23 26 33 26 14 15 19 22 9 17 25 24 24 31 18 19 27 19 22 20 26 12 40 23 16 19 15 33 8 22 16 29 36 23 39 31 
16 18 18 32 32 17 32 30 25 17 22 20 22 15 45 10 25 38 34 21 23 14 23 23 31 28 13 20 25 17 32 34 44 22 31 22 17 24 15 17 25 27 24 24 12 30 21 20 13 21 30 21 12 35 12 17 16 19 31 25 27 21 18 15 23 28 26 11 19 18 34 24 38 37 29 
28 20 24 29 30 24 20 23 20 37 22 19 18 15 21 19 21 41 36 27 23 7 19 22 32 17 14 25 30 30 29 24 27 13 20 20 21 18 20 28 30 22 26 12 21 18 31 23 20 30 20 31 28 22 12 17 13 29 21 30 17 32 19 20 23 28 26 18 23 21 29 29 25 40 25 
25 25 22 27 32 24 33 30 18 36 15 20 21 24 17 11 21 30 38 36 20 22 25 20 18 29 12 18 29 23 23 32 49 13 12 40 29 16 16 25 23 23 31 15 14 15 26 11 28 30 23 15 18 17 23 24 17 11 17 21 19 28 19 19 23 18 17 18 22 22 32 25 32 16 37 
40 24 13 10 32 16 40 27 32 36 11 2 22 20 25 13 33 28 39 24 26 13 13 14 26 22 13 21 26 11 26 25 44 20 14 32 21 17 10 26 22 34 24 13 15 29 20 15 18 23 26 16 12 23 23 26 14 23 22 30 22 29 11 19 21 21 36 16 15 18 16 32 27 28 27 
30 16 15 22 30 16 30 35 23 39 36 18 27 20 40 15 25 26 30 29 36 16 14 17 46 23 11 26 20 23 18 23 40 15 23 21 16 16 15 16 34 20 21 15 15 26 33 29 21 11 10 17 22 20 12 15 18 24 34 42 18 22 14 23 23 21 19 16 22 27 28 34 21 19 32 
25 17 16 26 35 19 15 21 24 33 18 23 11 25 17 22 28 38 47 10 31 19 22 15 35 31 16 25 23 21 28 28 23 14 20 30 14 22 21 28 27 12 21 18 22 18 37 16 25 16 17 33 13 17 17 20 16 32 31 22 25 41 18 28 26 16 34 20 21 17 34 38 21 29 22 
26 8 7 31 32 27 40 28 29 25 22 31 25 23 22 10 16 19 31 26 33 14 21 27 37 23 18 23 32 22 16 34 32 23 4 17 31 31 13 18 26 22 22 16 20 39 27 30 18 23 11 26 21 23 20 21 15 25 39 19 24 18 15 14 13 20 9 17 16 16 19 34 20 40 31 
29 20 16 20 38 22 10 24 18 29 35 36 19 21 23 21 21 24 19 28 40 20 23 25 33 34 19 8 20 33 29 34 15 29 9 26 19 12 17 18 21 24 20 16 13 30 14 14 21 21 21 30 18 26 21 17 16 31 34 24 24 34 5 15 18 18 13 10 20 28 22 23 21 43 23 
23 15 11 25 27 14 32 20 24 33 23 25 12 27 19 15 31 30 31 23 19 27 19 12 31 24 21 19 15 16 32 26 41 12 15 20 29 19 22 19 15 23 18 15 18 17 35 5 25 32 26 37 20 22 20 14 13 14 28 37 21 19 10 24 17 16 16 15 16 29 27 32 27 30 39 
45 14 14 38 46 19 20 14 19 28 38 24 15 27 40 17 26 38 53 20 30 31 16 13 18 28 14 21 35 31 35 16 23 12 15 17 15 14 17 13 21 20 21 16 13 20 19 16 17 27 13 17 17 28 16 12 16 22 41 26 20 23 17 23 16 18 31 13 18 22 16 29 25 41 24 
31 15 24 25 33 25 24 22 29 20 24 25 23 12 19 20 24 25 18 26 20 17 19 24 36 15 21 17 17 23 21 27 40 22 16 32 34 17 17 31 21 17 20 17 14 16 20 19 28 18 21 20 18 29 15 16 17 13 15 12 9 22 12 32 16 17 42 13 20 19 38 30 28 33 25 
32 12 14 28 36 13 25 13 19 17 26 24 16 30 34 18 35 32 40 28 30 18 27 15 29 21 21 14 24 30 31 20 19 21 22 23 26 16 17 23 14 26 5 7 8 37 16 20 21 28 20 27 19 29 16 15 23 25 14 31 14 28 18 15 16 7 30 14 19 22 24 34 21 42 31 
22 14 19 22 37 20 33 20 26 15 15 15 25 20 26 13 24 26 38 36 26 8 26 15 33 15 15 28 20 13 44 32 24 10 18 37 26 21 19 17 14 16 27 18 14 20 32 24 22 25 15 25 18 12 28 15 16 25 31 13 15 44 16 21 24 12 29 10 16 20 33 26 28 24 21 
30 19 10 32 12 16 33 18 26 28 31 28 20 8 31 15 16 38 38 22 26 16 15 19 21 24 14 20 36 13 24 26 7 12 17 30 19 24 15 7 21 17 32 16 20 25 22 20 22 14 28 30 15 13 15 19 12 26 21 19 15 39 8 13 20 22 29 17 18 16 27 21 18 28 20 
37 6 23 20 20 32 38 24 23 22 22 8 25 19 24 20 26 31 32 23 21 16 21 8 36 25 18 22 35 22 35 30 34 15 14 7 15 16 20 19 35 35 34 21 10 24 22 16 26 26 11 30 22 20 16 7 13 27 33 15 21 24 17 21 15 24 26 12 17 21 43 28 31 38 33 
18 13 18 19 36 16 21 15 25 19 17 16 22 16 31 23 20 25 36 27 38 20 15 15 24 17 14 18 25 15 37 33 38 7 7 19 39 23 13 29 17 25 18 16 18 33 27 24 7 23 18 14 21 28 21 13 22 15 16 35 14 28 12 10 16 11 29 17 14 27 22 37 38 28 31 
24 18 14 31 36 18 18 20 31 26 37 29 19 22 35 12 17 37 34 25 10 27 32 14 14 16 16 26 16 26 33 18 53 12 11 28 19 17 14 18 14 17 26 17 18 22 32 25 22 22 30 25 13 27 14 21 18 29 17 35 16 24 17 13 20 20 30 16 19 21 18 29 23 40 33 
24 21 16 32 29 19 26 13 19 20 16 28 35 19 28 19 16 35 33 31 18 9 12 18 20 23 18 11 32 28 30 19 32 22 30 17 29 23 7 23 25 19 16 12 16 17 17 28 27 28 19 8 19 18 15 20 15 39 22 17 16 13 21 18 17 18 41 12 16 28 23 26 16 11 37 
21 18 9 20 36 27 22 26 23 23 34 19 17 15 34 21 24 24 29 27 34 11 10 16 18 7 15 17 22 17 50 26 34 18 20 14 19 13 15 19 28 18 24 16 17 42 30 24 27 18 20 23 22 10 20 24 20 23 24 25 20 49 7 26 15 9 46 10 23 29 17 36 26 19 32 
29 14 15 23 28 23 27 9 25 39 34 11 17 16 17 19 17 32 23 22 23 23 16 24 25 26 15 7 21 31 33 32 20 21 23 27 15 15 13 27 23 22 19 11 8 30 23 17 24 25 27 23 21 13 13 17 12 21 32 25 16 31 19 28 17 17 40 16 18 23 21 16 24 28 25 
18 20 20 26 32 17 25 20 18 22 32 19 25 17 37 21 21 37 23 23 30 22 19 14 40 21 13 24 28 20 31 35 25 25 15 29 19 16 11 32 31 17 24 15 18 23 28 27 21 24 31 37 13 14 10 15 8 18 31 34 13 29 8 19 13 12 17 16 16 29 14 25 22 24 23 
25 8 14 15 27 21 25 31 30 27 22 14 25 15 37 18 25 17 29 14 24 26 19 20 41 22 12 21 26 21 25 20 37 26 25 34 23 19 19 20 22 26 17 16 17 27 38 13 33 19 21 25 22 22 11 24 21 20 13 11 20 32 11 14 19 19 50 8 17 22 34 32 12 27 31 
17 18 11 22 27 21 36 20 29 19 27 18 5 28 31 18 19 25 26 24 30 11 14 12 36 21 21 21 17 11 36 16 33 12 14 18 26 17 16 18 18 21 19 12 15 33 32 27 26 21 14 19 29 22 11 12 23 16 33 10 21 30 11 18 18 10 27 23 25 24 21 42 33 24 31 
36 14 18 35 18 20 22 16 18 19 20 22 14 20 21 21 14 37 28 33 51 15 15 17 39 18 11 26 24 17 35 35 37 13 19 26 27 11 12 24 23 25 21 15 17 22 35 13 21 25 25 25 19 33 23 21 9 26 32 29 15 35 11 24 21 22 37 11 8 16 23 35 22 15 38 
24 13 23 15 42 21 16 20 22 34 15 27 19 13 37 16 26 33 26 25 24 13 23 20 28 21 13 24 32 18 28 24 21 13 25 22 15 26 13 16 23 20 29 19 12 26 32 20 15 18 31 21 19 29 27 17 14 22 35 23 18 32 12 22 25 18 29 14 11 21 22 21 17 12 22 
32 23 14 24 36 26 35 22 20 34 16 13 14 13 40 17 36 28 45 25 28 28 21 23 24 17 11 25 30 18 43 25 34 21 19 25 27 18 11 20 20 13 25 19 16 28 31 31 25 15 23 28 9 25 15 26 21 27 16 20 17 19 12 34 17 18 31 19 20 16 32 23 25 25 35 
21 20 13 18 30 28 37 26 15 9 32 21 21 26 32 26 26 43 20 35 39 19 19 27 30 18 20 24 29 23 34 30 25 29 10 16 24 16 19 23 13 17 25 18 11 43 30 19 32 24 25 22 17 16 14 16 22 32 18 22 15 18 17 28 18 15 40 16 8 27 29 34 16 27 22 
43 17 20 36 33 19 35 29 29 42 30 21 22 19 33 11 14 31 37 35 34 15 22 18 27 17 18 15 26 24 21 37 20 28 16 37 36 19 14 21 15 18 21 17 20 29 22 15 33 21 32 34 21 22 19 20 16 20 25 33 22 43 15 16 18 24 40 12 24 20 12 26 20 38 40 
28 18 22 26 32 12 20 20 26 28 16 22 24 22 19 28 25 35 22 30 41 33 9 19 17 25 14 19 15 26 27 24 36 13 20 29 27 25 19 16 21 19 22 6 13 30 13 19 19 16 14 14 21 19 8 14 18 30 30 19 20 30 15 18 13 13 26 15 17 24 12 35 30 21 36 
30 24 18 37 34 24 34 19 24 15 29 20 16 16 40 22 26 14 38 26 34 14 9 32 30 27 8 16 23 21 31 24 25 26 23 12 27 20 15 14 33 13 25 19 16 34 15 19 28 13 23 32 14 20 8 18 19 30 33 23 20 29 8 9 23 14 44 19 14 17 33 28 18 41 25 
32 20 20 23 26 23 37 29 6 30 32 18 20 20 28 24 20 31 21 29 31 16 24 17 33 26 15 25 18 16 32 23 25 23 12 39 17 21 5 25 22 28 30 15 14 23 25 26 42 27 27 21 13 20 19 19 18 15 22 21 9 24 14 9 13 10 31 11 23 22 32 44 27 28 28 
11 10 12 22 36 19 23 31 22 31 26 30 18 19 26 19 25 28 36 25 22 6 4 16 30 30 12 20 40 22 28 32 19 22 21 19 19 17 10 27 22 32 30 6 9 23 29 21 13 20 19 45 34 17 9 15 14 12 30 25 18 32 6 22 13 24 35 12 13 10 32 15 27 6 30 
22 25 14 31 28 21 16 27 19 36 30 16 34 16 37 21 19 28 18 23 17 19 26 20 26 24 7 21 19 15 16 23 26 16 4 30 25 13 18 15 12 21 25 14 16 28 23 15 19 15 16 29 25 18 19 16 13 27 21 33 8 32 11 16 20 13 24 15 17 28 19 39 27 38 30 
20 19 17 12 29 22 21 19 16 32 25 20 15 28 18 14 27 30 26 36 24 30 4 18 40 17 10 17 18 20 39 37 49 28 24 22 14 22 13 21 16 27 21 9 17 29 26 24 21 25 12 29 23 23 9 5 16 29 29 25 12 22 15 21 19 20 33 20 17 19 24 35 18 29 22 
20 25 16 29 20 25 19 20 30 41 29 19 24 24 25 21 2 19 29 33 30 25 28 20 34 14 15 13 30 20 31 27 25 13 10 22 29 22 13 22 20 20 24 13 14 21 22 16 25 20 28 40 23 32 21 26 10 32 27 32 14 22 22 23 21 15 24 12 21 16 31 28 24 31 30 
24 16 9 19 24 16 20 23 28 28 24 23 26 26 37 29 17 26 24 11 46 26 32 26 22 23 15 11 42 24 28 37 25 25 19 28 18 15 20 29 21 30 10 14 10 32 20 18 18 26 18 19 17 19 23 17 23 25 31 25 10 29 18 16 23 21 11 24 18 24 21 27 22 21 30 
29 23 17 14 36 25 26 31 20 49 22 23 22 18 41 12 21 37 27 14 29 24 16 13 25 21 12 18 6 22 42 28 32 17 17 10 18 24 18 24 24 16 29 12 17 46 20 26 28 23 23 32 24 27 20 10 23 20 27 21 13 21 22 31 19 15 16 15 18 13 27 22 25 20 25 
35 22 12 18 39 16 27 22 27 31 23 12 20 25 18 16 31 27 33 32 30 34 13 16 28 15 21 23 23 10 32 27 41 25 22 22 34 14 16 32 28 25 22 13 17 20 19 20 19 12 21 29 19 15 22 8 16 15 21 27 15 20 10 21 14 12 32 21 13 28 31 32 19 43 33 
35 17 19 36 36 22 36 17 23 11 35 26 23 13 11 19 13 23 31 25 31 26 23 19 19 25 17 14 20 25 11 22 26 14 24 19 22 19 11 26 31 22 31 18 10 38 21 20 32 29 18 21 15 20 25 17 12 31 17 24 18 29 12 12 20 17 23 19 17 24 25 36 29 23 32 
17 23 13 22 41 11 37 28 24 21 15 22 19 12 38 21 21 22 35 26 17 7 15 17 32 19 15 26 27 24 12 23 29 16 22 18 15 18 13 14 28 20 15 15 18 29 24 18 19 31 28 24 11 34 18 18 15 26 25 29 22 29 20 18 14 21 22 15 22 12 18 24 26 14 21 
32 22 13 24 35 22 23 13 22 13 25 11 20 18 12 7 21 34 42 30 23 29 21 12 35 23 12 24 23 24 32 12 27 21 15 19 18 12 11 30 14 20 34 21 12 30 35 18 28 21 16 26 19 23 13 15 10 23 30 12 19 28 15 21 20 24 17 10 23 25 12 30 18 32 34 
38 14 10 22 36 15 24 19 25 13 29 32 28 18 34 24 26 30 27 11 40 20 17 14 27 12 14 17 20 24 29 24 33 23 17 25 22 24 19 22 37 24 16 13 21 15 33 26 23 24 37 22 16 23 20 18 21 27 26 20 11 47 15 14 27 8 41 15 18 22 31 28 23 26 39 
33 19 16 19 32 25 25 14 23 22 26 18 17 23 19 23 11 32 20 38 25 29 11 15 44 26 13 22 21 29 17 25 31 16 20 33 14 29 11 15 29 33 12 18 16 27 23 20 21 17 22 30 21 20 17 23 21 32 25 30 16 25 21 31 20 24 33 15 22 31 37 39 24 26 39 
23 19 24 28 41 25 20 28 17 16 26 22 20 28 21 15 25 35 39 35 33 18 17 33 17 15 14 10 28 23 41 31 31 23 15 8 28 19 19 28 23 19 24 16 15 17 20 20 26 20 17 27 18 6 26 23 18 26 20 26 17 18 12 21 26 15 38 16 22 25 33 30 20 36 34 
23 17 16 21 29 22 29 32 18 25 22 19 20 25 22 11 21 8 28 31 25 7 18 19 29 26 15 15 18 21 18 20 40 24 21 30 19 17 26 21 23 39 28 16 13 43 27 18 21 22 23 18 14 24 16 32 29 35 27 21 13 21 9 24 20 19 17 13 20 26 16 31 27 28 32 
17 20 14 21 32 22 22 15 15 28 37 30 17 15 31 10 28 29 24 27 14 15 23 14 30 29 19 10 32 13 16 14 38 16 15 33 19 20 20 18 18 19 24 26 12 28 27 14 10 26 26 31 21 27 21 15 19 23 15 14 20 34 9 24 20 14 30 20 18 28 30 29 30 30 36 
34 22 18 14 39 19 19 7 35 27 30 22 22 18 33 18 35 15 15 13 30 17 11 18 38 25 13 24 23 16 24 13 29 24 22 28 22 21 17 20 29 19 32 20 14 31 37 31 32 23 19 31 18 21 17 12 17 33 26 31 16 31 5 14 20 21 39 10 11 22 12 37 18 33 36 
24 19 16 30 28 21 20 26 16 39 33 15 8 16 12 16 29 23 23 34 24 14 20 18 27 21 17 23 21 17 24 17 15 17 13 26 31 16 16 24 29 24 22 17 14 24 16 9 35 15 9 21 22 32 14 18 18 17 25 34 15 26 11 19 24 16 22 13 9 14 19 9 24 30 24 
29 17 9 21 24 24 29 27 21 36 32 23 22 15 32 29 25 37 23 28 42 23 22 17 15 22 13 20 24 20 31 30 19 17 16 31 24 14 18 22 17 27 15 9 14 17 27 14 12 30 14 11 13 25 21 20 20 29 41 23 16 30 6 31 16 15 37 13 11 18 19 28 36 15 29 
40 17 15 22 42 24 11 25 28 27 45 29 15 18 23 14 33 28 28 25 34 27 18 13 28 19 21 21 22 26 45 21 20 22 21 35 32 10 14 15 27 26 18 17 19 20 29 27 18 13 26 17 20 25 13 15 8 25 26 21 21 29 13 22 12 12 27 11 15 29 23 25 23 30 26 
26 19 14 36 40 25 25 27 21 37 18 25 19 8 23 16 28 46 22 32 20 12 10 19 17 19 14 21 20 24 26 32 30 19 17 24 27 20 18 19 18 22 29 16 20 26 24 23 24 24 28 25 17 15 13 11 18 25 16 37 21 27 17 25 15 16 27 11 20 27 13 30 32 38 23 
18 9 16 18 31 31 40 22 21 11 23 18 18 19 27 21 12 24 19 45 25 15 17 13 30 23 17 19 25 26 46 24 38 14 9 19 17 20 17 31 24 18 24 11 14 28 25 12 13 29 11 22 22 30 16 29 7 43 23 26 24 34 14 27 24 22 47 14 22 32 33 24 28 30 46 
22 17 15 18 31 27 20 23 23 18 15 30 28 23 34 25 13 20 18 25 22 16 24 18 30 16 14 27 20 14 28 17 16 22 14 32 30 13 18 27 26 18 29 9 12 28 31 20 13 18 28 17 15 17 17 24 15 27 15 24 15 28 9 16 15 17 28 18 20 15 28 45 26 32 12 
24 17 11 13 30 31 31 19 20 24 24 33 14 25 28 22 17 13 29 18 28 14 24 14 44 12 16 9 33 18 34 25 35 21 27 35 33 15 7 18 19 18 13 8 17 28 20 17 20 19 26 23 15 15 5 28 8 31 20 14 8 31 6 26 13 10 10 8 15 23 20 37 16 39 30 
18 16 20 32 32 17 24 35 27 16 25 12 24 22 13 18 18 40 40 15 38 27 32 23 24 17 18 30 30 11 24 21 22 20 20 33 25 16 14 19 20 27 19 14 14 20 30 10 28 14 18 31 19 10 19 20 7 28 30 34 9 34 18 18 18 14 28 11 19 31 34 24 21 31 36 
27 22 19 29 29 27 33 28 27 11 36 21 27 30 29 24 15 32 30 43 32 17 14 27 29 17 20 15 36 24 50 15 37 19 22 22 18 12 18 19 26 27 29 18 18 25 18 15 9 13 17 18 14 20 17 35 16 29 35 13 20 22 15 20 20 16 28 14 21 25 29 20 26 40 21 
24 16 8 32 37 20 23 37 18 40 29 26 23 20 46 18 24 25 16 32 17 31 4 20 26 27 10 27 18 23 44 20 23 22 18 27 23 19 14 18 19 35 15 22 12 38 32 28 18 19 15 40 8 26 20 17 16 34 30 17 19 34 13 24 19 13 22 19 10 25 16 36 30 30 16 
27 12 15 28 34 8 34 33 20 32 29 26 30 15 15 23 20 28 30 19 32 13 20 21 28 27 16 11 13 22 54 23 17 16 25 30 27 13 22 23 22 18 25 14 13 21 22 22 18 16 29 24 16 13 22 23 18 23 29 26 19 22 13 26 18 6 24 13 21 18 23 26 31 34 25 
29 14 20 20 27 30 24 21 22 15 23 24 18 13 33 23 29 28 34 28 38 14 26 18 32 19 15 14 27 22 49 15 20 19 23 28 21 11 18 23 27 23 32 19 20 28 24 21 28 21 26 35 21 10 20 15 12 11 24 27 7 23 15 18 18 18 30 8 17 15 26 28 17 30 31 
41 20 21 13 18 25 31 16 18 34 21 14 23 23 43 5 28 34 39 26 31 14 13 19 17 25 13 16 33 22 34 14 19 14 9 28 18 13 17 24 22 19 34 14 17 36 16 21 28 18 32 34 21 11 14 13 13 19 33 38 20 39 12 4 27 15 38 16 11 16 20 43 19 27 25 
32 18 15 15 30 24 45 23 31 26 20 20 22 20 31 9 22 26 35 16 19 16 21 16 38 28 12 20 7 20 21 26 25 24 20 24 16 16 20 26 17 25 14 11 20 35 34 23 19 25 25 18 16 15 14 6 18 19 27 25 10 24 15 25 10 13 34 15 18 16 25 34 21 39 33 
30 15 18 39 28 26 32 22 7 29 26 13 21 28 46 20 24 25 34 22 23 29 21 23 22 31 15 28 28 29 28 22 26 27 18 10 37 14 17 16 16 28 18 20 14 22 35 13 28 21 20 16 17 32 15 9 19 22 40 14 29 24 21 27 24 14 43 16 18 11 24 19 17 36 20 
20 17 13 32 38 24 17 16 25 20 26 22 15 23 23 18 24 31 39 31 29 19 26 17 35 15 15 17 37 22 41 31 28 20 16 25 13 20 19 23 23 29 29 22 13 51 14 11 28 25 22 13 23 19 14 23 11 19 20 33 20 20 10 30 18 18 27 11 16 18 25 22 20 24 36 
28 20 15 25 32 18 30 30 33 23 29 17 33 11 26 16 20 25 22 15 41 20 23 18 12 14 15 11 24 23 24 32 23 12 19 28 15 18 9 28 15 23 23 10 13 26 24 28 21 15 10 29 13 19 13 20 19 38 41 17 20 20 11 25 19 17 34 19 13 24 20 35 7 27 32 
30 19 17 27 32 9 34 16 19 34 23 20 19 27 28 17 11 39 20 34 30 13 23 20 30 21 12 22 17 31 27 29 24 18 18 29 29 19 17 20 19 25 24 6 15 42 24 31 23 26 12 18 17 26 23 12 14 24 31 28 17 28 12 27 18 19 26 15 16 22 26 34 12 36 31 
31 27 13 27 31 31 36 24 30 29 24 14 15 25 20 19 13 27 28 23 25 22 22 17 38 29 19 18 20 19 35 16 26 13 14 12 34 17 12 19 22 19 26 16 16 15 21 28 29 17 20 33 17 25 14 29 22 29 17 27 13 18 16 15 24 18 41 12 16 14 8 9 29 43 33 
35 12 14 24 31 22 42 25 20 26 21 19 18 18 16 10 26 27 18 18 34 22 15 27 40 20 8 22 26 13 19 30 32 13 23 28 11 17 14 17 23 37 31 22 15 24 28 22 17 29 17 25 23 28 24 19 18 27 31 29 25 13 14 21 19 13 39 12 17 12 28 28 15 25 18 
28 23 20 13 45 22 36 22 22 23 22 19 19 20 27 19 18 23 25 36 32 22 15 14 37 31 14 29 31 17 14 23 20 16 22 28 19 19 12 30 31 21 18 9 17 20 25 20 23 19 19 38 24 17 15 22 17 20 13 21 17 19 17 33 19 20 19 14 17 18 28 20 16 28 11 
36 20 15 13 37 29 31 28 21 26 34 5 25 15 23 23 24 32 20 16 28 18 16 20 30 18 11 15 32 35 19 11 47 14 25 22 33 21 22 18 11 22 26 11 16 17 29 9 25 19 19 15 30 25 11 25 14 20 33 27 21 26 20 23 20 23 32 21 15 14 26 30 22 22 45 
32 16 21 20 20 12 29 17 14 36 34 19 21 16 51 14 8 40 45 25 27 18 16 20 32 21 20 28 22 20 40 28 25 23 21 23 43 15 15 29 24 26 28 14 15 42 18 15 21 23 34 28 10 7 25 20 19 24 28 32 20 23 11 20 24 18 32 16 22 28 32 32 35 31 35 
35 19 22 24 50 26 14 24 24 38 20 30 13 16 28 19 24 34 23 34 14 13 12 9 38 23 21 15 44 16 19 15 19 12 20 29 35 14 17 33 21 19 25 17 19 23 30 29 36 17 28 20 14 23 15 17 16 16 24 21 18 34 11 23 17 15 49 16 11 19 31 35 13 44 29 
37 24 21 16 30 19 26 26 15 26 25 21 20 25 26 9 30 32 29 31 34 19 23 25 32 24 14 19 32 17 28 21 35 28 16 26 18 16 18 17 32 15 29 20 16 19 23 16 29 10 15 14 23 29 17 10 21 37 22 22 16 25 7 18 18 20 30 17 20 16 27 35 45 35 17 
26 19 19 14 18 20 28 15 28 40 21 34 13 11 17 15 28 23 18 26 23 20 26 10 30 21 12 15 32 22 13 30 22 15 12 35 35 21 16 24 14 24 19 15 18 11 33 23 2 28 23 29 19 30 12 23 11 36 16 19 8 28 14 3 17 15 32 15 16 22 30 15 37 27 24 
28 13 15 36 25 11 23 23 29 27 35 22 11 16 30 16 10 21 24 19 26 25 22 20 22 13 11 31 23 22 33 15 24 27 24 19 30 18 14 31 26 20 19 18 17 31 23 21 23 28 16 28 21 19 12 22 14 29 26 26 19 24 16 11 14 11 12 16 17 29 21 24 15 29 15 
24 28 14 31 30 22 29 30 26 29 27 21 24 16 30 18 19 34 36 17 31 31 15 14 19 15 16 20 15 17 47 21 34 14 25 17 28 16 15 10 23 23 16 19 12 30 14 16 20 18 38 41 20 27 17 26 15 17 15 31 25 31 9 28 12 22 31 13 10 29 23 35 19 26 21 
32 23 16 20 42 31 25 13 16 18 25 25 16 21 27 20 21 20 17 22 23 22 20 21 40 17 16 12 35 25 28 34 38 24 10 7 23 21 12 19 25 21 22 7 18 33 29 31 26 27 24 21 13 23 15 12 17 18 17 24 12 24 7 30 16 16 33 13 13 21 36 28 33 30 27 
14 9 15 23 23 17 22 9 20 17 18 9 26 22 24 18 20 47 34 28 25 29 14 21 37 17 17 29 14 16 18 23 13 13 18 23 28 20 20 19 21 16 26 22 24 35 23 24 26 21 21 34 21 28 15 20 19 14 21 22 18 34 12 20 15 15 29 17 14 35 34 36 21 22 29 
21 15 17 30 35 20 25 17 19 30 14 20 20 17 25 23 24 22 40 28 43 14 30 12 42 27 11 19 37 21 32 22 27 22 22 19 26 25 18 26 20 30 28 25 14 29 17 6 16 21 23 28 4 14 13 13 17 27 30 28 22 24 14 22 12 23 22 10 27 24 26 41 16 29 28 
32 17 16 32 12 31 27 25 25 16 19 16 28 25 25 23 26 25 28 22 42 25 15 14 33 25 20 23 35 22 33 34 27 20 21 18 23 14 8 27 18 28 23 19 12 37 18 17 29 23 15 31 19 23 23 30 13 17 20 36 19 33 13 25 19 27 29 14 11 21 17 39 34 33 37 
30 15 20 36 32 20 9 23 28 38 28 26 19 23 45 11 23 24 30 22 44 22 18 16 10 26 17 17 26 27 26 20 34 7 19 33 29 22 16 23 27 23 29 12 20 33 29 11 35 21 12 14 14 23 5 18 21 22 19 20 13 23 16 19 18 16 24 20 25 12 21 24 13 30 15 
33 12 17 21 27 34 25 22 19 36 32 21 14 25 22 22 26 30 18 33 29 15 18 16 38 16 11 22 30 31 33 21 23 14 18 23 22 18 14 25 25 19 19 14 17 23 15 32 24 17 20 23 14 14 19 23 20 22 35 24 10 42 15 18 26 23 17 12 25 27 33 52 27 32 32 
29 21 19 17 26 21 22 19 24 21 12 22 19 24 39 13 10 22 27 41 28 19 25 20 34 18 15 20 27 18 34 37 47 17 15 33 27 16 10 29 15 27 24 7 10 22 17 24 15 22 7 9 10 10 13 26 16 20 25 10 21 24 20 21 16 17 32 20 8 22 28 38 23 28 36 
18 16 16 31 35 16 25 16 20 13 16 15 18 17 21 25 11 30 34 26 23 20 9 23 34 16 22 35 31 23 21 38 17 16 12 37 33 12 12 21 24 24 32 15 11 36 16 17 23 31 18 30 28 24 15 20 17 28 21 40 19 22 17 18 16 21 30 12 9 12 19 22 21 34 31 
21 17 17 20 30 26 28 18 30 42 32 10 32 16 15 20 18 25 29 28 21 26 28 15 28 21 18 23 34 24 31 27 49 21 15 24 32 14 20 19 33 33 28 11 17 39 30 19 26 28 26 29 15 18 17 23 17 14 31 19 18 41 13 15 16 13 38 8 13 13 26 31 29 41 31 
33 20 18 30 32 19 25 27 15 34 29 16 24 32 34 17 24 22 34 28 20 17 21 21 38 25 9 9 17 24 24 21 36 13 15 23 19 18 17 19 25 25 23 18 23 32 22 12 18 9 9 27 15 23 13 19 15 28 22 27 23 12 13 22 18 22 11 19 18 17 12 38 17 29 36 
26 14 13 15 11 28 34 27 30 44 27 21 25 20 21 26 16 41 26 28 37 30 23 15 30 22 9 11 25 23 40 28 19 17 15 25 25 18 16 20 20 21 26 13 17 28 33 22 23 23 27 25 22 20 21 19 17 32 29 12 20 31 13 17 13 12 42 12 16 18 26 25 33 39 25 
30 22 12 21 26 20 37 24 19 30 31 29 20 14 24 13 31 39 33 29 24 18 16 19 12 18 16 15 38 28 25 21 28 21 16 18 40 14 13 8 34 16 17 13 18 27 25 29 27 23 12 29 24 28 27 24 17 31 12 8 15 27 16 22 18 10 33 16 23 28 39 21 30 30 34 
14 12 10 28 24 22 24 18 19 26 28 20 27 18 23 16 31 25 28 35 18 14 17 21 37 13 15 17 23 27 11 36 38 23 25 25 30 19 8 15 18 22 17 15 18 26 27 28 22 31 15 30 16 13 9 19 12 34 33 28 17 23 16 20 20 17 31 16 23 14 28 26 10 28 35 
27 18 16 18 29 11 24 8 26 31 43 25 19 17 41 9 22 23 33 24 23 22 12 7 26 21 11 23 42 31 21 20 26 23 20 25 23 23 12 22 14 23 29 24 24 37 38 19 27 22 22 3 22 23 15 20 11 29 26 24 24 6 20 28 22 16 26 20 26 27 20 33 30 28 15 
37 17 21 12 33 22 25 29 21 34 34 25 27 19 15 26 16 31 42 23 17 24 8 16 26 22 16 15 26 14 27 24 23 21 17 15 31 17 25 24 25 13 23 10 15 29 21 35 16 13 19 29 17 25 15 18 16 23 37 20 21 21 19 24 15 27 38 13 19 27 28 37 23 35 27 
33 20 13 29 37 19 20 24 16 19 34 21 20 28 33 19 31 22 20 17 42 19 13 17 27 18 13 19 26 22 27 34 38 13 6 29 22 16 12 21 29 23 20 21 16 27 22 16 20 13 13 25 17 14 14 19 10 18 19 18 11 20 18 22 17 16 35 10 23 23 15 32 20 45 22 
34 21 19 32 26 28 39 23 21 17 26 20 22 26 9 24 23 14 36 23 23 22 20 18 18 12 13 12 34 23 30 18 30 25 20 17 16 10 11 22 18 29 27 17 18 34 25 19 20 30 24 22 21 25 16 19 16 17 30 38 19 14 19 16 16 10 21 15 18 34 21 31 27 33 37 
33 12 20 13 18 28 21 26 25 27 34 22 19 20 17 14 19 21 40 27 36 26 25 23 43 21 6 16 33 17 25 36 17 17 13 14 29 11 12 23 14 24 30 12 14 9 35 18 20 20 22 22 19 9 16 24 13 26 15 31 12 23 13 17 20 17 36 13 26 35 10 39 23 14 36 
12 19 15 33 42 8 17 22 12 28 19 21 25 20 25 19 24 31 18 26 24 15 23 21 37 27 12 22 19 19 30 18 27 23 19 21 36 12 14 19 28 24 17 13 12 19 41 24 20 18 23 26 24 13 3 20 19 28 20 19 20 18 16 7 18 15 27 8 15 23 23 26 29 19 34 
40 18 21 27 51 25 20 18 24 28 22 22 22 25 20 18 10 32 17 19 33 21 13 18 16 26 15 11 22 33 32 19 23 16 18 23 23 19 14 32 23 18 21 12 21 37 35 27 16 29 19 26 22 27 22 15 9 22 16 27 18 12 13 13 22 22 27 19 7 16 17 38 22 17 29 
18 25 19 26 38 17 33 29 14 35 14 20 20 25 27 25 27 28 33 37 23 25 30 15 35 21 16 23 16 30 45 27 24 17 18 30 26 25 16 23 28 20 28 12 13 23 19 15 18 39 26 30 23 20 18 27 17 24 35 20 21 26 17 16 16 17 40 16 14 24 26 35 13 34 24 
29 17 18 27 39 18 23 14 24 14 29 16 23 26 39 7 14 28 35 24 24 19 12 16 15 15 25 25 20 8 25 31 35 26 20 35 26 26 16 15 18 24 32 18 15 28 33 23 29 31 18 25 14 26 22 14 9 21 34 26 15 26 16 29 23 12 23 11 16 27 30 42 27 24 34 
28 14 24 35 45 19 27 16 30 27 35 17 18 18 33 20 33 29 41 21 21 31 21 14 29 25 14 13 21 14 40 24 34 28 20 24 17 14 15 26 19 14 31 23 20 37 22 15 22 18 14 24 22 21 15 11 21 33 16 29 18 26 11 15 25 22 22 9 22 15 14 32 25 25 33 
30 18 16 26 51 20 45 17 23 33 35 11 15 13 8 12 30 18 45 18 21 33 16 18 24 27 16 20 28 15 36 12 25 24 19 35 19 14 20 24 34 18 20 18 18 36 21 25 23 20 20 34 23 31 19 26 14 14 26 16 16 35 16 22 16 23 33 19 14 10 42 17 15 31 27 
29 21 13 22 24 15 35 23 14 21 27 20 8 24 31 17 17 27 26 19 28 23 24 20 18 24 14 19 29 18 33 26 29 20 14 18 24 26 19 21 26 22 22 16 23 40 24 14 25 25 11 22 12 30 21 21 18 28 17 25 20 20 21 13 16 14 25 9 18 10 18 28 25 34 25 
30 18 18 18 34 16 22 31 25 29 34 20 22 16 47 22 21 32 23 38 25 14 38 22 38 30 16 16 30 16 25 27 28 11 19 36 16 24 13 25 15 29 24 16 20 26 22 16 16 8 21 23 11 28 11 22 14 25 20 35 23 32 12 18 19 20 42 18 19 29 37 44 33 33 31 
35 19 19 28 24 11 32 23 27 24 21 22 14 12 24 24 25 16 43 22 41 21 23 21 28 7 14 13 33 26 23 25 34 18 18 19 18 25 19 24 20 17 22 17 17 34 22 24 23 19 17 27 24 22 18 22 13 39 28 29 30 34 17 13 21 9 25 13 19 20 25 19 29 31 31 
24 18 16 20 54 20 31 15 19 25 21 16 11 27 20 16 29 26 17 31 11 21 20 18 32 22 17 26 17 20 31 26 27 18 17 29 30 13 11 22 25 18 19 11 19 27 24 20 31 23 23 25 22 19 24 6 15 40 16 23 15 39 13 19 18 17 38 15 15 24 26 38 16 18 32 
37 20 23 28 45 24 33 28 24 27 39 14 22 19 26 20 19 15 31 17 34 22 26 15 23 25 16 14 25 32 14 24 10 11 22 31 32 12 17 27 25 30 18 11 10 30 30 22 28 14 17 28 17 13 20 26 16 23 5 28 16 36 18 10 18 21 31 15 17 11 17 30 25 33 20 
30 9 24 37 42 19 31 23 20 7 39 27 28 19 39 20 29 32 13 20 36 16 24 16 45 20 14 11 28 17 42 19 21 18 16 16 41 16 13 23 24 27 19 15 20 36 29 24 23 17 19 35 16 22 17 23 20 26 32 28 15 31 17 31 9 17 14 22 9 22 17 17 4 29 45 
23 16 15 10 22 22 30 13 22 42 24 15 24 16 29 8 16 38 45 33 31 19 18 20 32 29 11 19 32 22 23 31 27 20 22 32 18 18 21 17 27 17 21 22 11 48 26 26 29 25 33 24 15 13 10 23 13 21 21 21 18 22 24 25 16 17 39 10 21 5 21 27 30 26 40 
41 18 14 25 34 27 36 37 20 17 40 25 8 15 30 26 27 20 23 32 26 16 13 12 35 18 10 18 28 16 41 37 26 26 15 31 15 15 12 27 29 28 18 16 20 35 17 19 21 25 14 15 18 29 16 24 11 28 28 20 21 29 26 32 15 19 35 14 9 15 22 24 37 27 30 
30 13 4 33 23 30 30 25 13 37 29 23 8 24 24 19 20 33 41 18 38 21 24 19 28 23 18 21 26 24 23 20 35 18 17 20 18 18 19 27 20 32 21 15 8 28 22 17 32 26 12 21 18 21 13 18 23 18 26 43 18 18 22 29 18 9 35 18 20 17 30 17 17 21 35 
19 12 12 37 25 25 17 25 18 18 28 16 19 21 22 24 25 29 31 32 34 17 19 25 25 17 18 20 27 9 12 6 36 18 20 29 24 15 16 25 29 26 28 13 12 32 20 19 15 22 24 15 11 21 22 25 12 22 21 39 19 20 17 27 8 19 21 13 27 14 30 38 31 39 30 
25 26 14 22 24 21 28 28 26 27 30 16 16 18 44 20 17 32 37 20 21 15 29 16 37 25 15 15 29 12 36 36 17 20 7 22 30 20 15 30 21 16 25 12 11 41 28 12 30 26 20 21 20 28 21 22 15 32 23 20 15 14 18 23 20 13 43 13 20 24 33 25 17 35 26 
29 33 16 19 29 27 17 20 17 41 13 33 22 18 40 25 16 12 29 20 39 31 15 16 16 13 12 24 17 19 33 24 19 17 23 8 20 10 17 25 32 30 20 8 17 45 24 27 20 19 21 32 12 25 17 29 16 15 28 36 24 28 17 26 22 12 42 17 26 16 17 30 28 21 36 
13 15 12 18 22 26 23 25 26 31 22 29 15 20 36 16 21 11 32 24 33 10 18 13 30 19 18 13 33 19 26 18 25 11 17 30 20 14 10 27 12 24 37 18 16 33 19 28 27 22 15 35 30 23 10 18 11 24 31 29 21 22 17 15 18 16 25 16 17 18 27 29 30 24 23 
33 19 23 17 19 25 13 19 33 34 17 27 19 12 32 15 24 14 49 27 39 15 29 23 32 23 13 13 20 20 42 22 39 22 13 23 20 25 11 11 26 20 18 16 10 14 30 24 19 16 16 35 12 27 21 16 7 16 30 18 20 16 16 31 15 20 22 14 20 18 19 39 22 27 30 
18 18 12 24 34 21 30 16 23 32 31 18 27 19 32 18 14 24 32 22 16 21 25 16 30 15 14 18 25 28 36 27 47 19 9 19 33 25 15 28 18 28 22 18 11 14 33 19 19 26 22 39 12 40 13 4 15 29 39 22 17 30 20 28 16 16 33 12 34 16 31 28 23 23 21 
27 19 10 26 22 16 25 28 20 28 26 20 18 7 20 29 18 14 34 26 29 37 18 19 33 34 21 16 36 20 38 17 31 17 19 24 24 16 20 18 29 23 25 17 13 19 27 14 27 22 16 19 15 23 16 17 13 30 23 25 16 23 15 16 22 17 13 19 17 20 29 12 30 24 22 
26 17 14 20 40 27 29 26 18 32 32 31 25 20 25 26 12 12 32 16 28 27 13 14 32 22 7 21 19 18 39 26 41 26 16 34 22 19 17 13 19 30 24 15 16 8 24 15 12 14 14 24 15 21 14 23 12 26 25 34 17 24 17 23 19 11 17 13 24 21 14 35 15 38 22 
31 25 19 22 40 29 34 23 22 32 36 18 18 21 25 11 26 20 27 26 32 27 22 7 13 25 16 13 36 20 38 16 28 11 26 27 23 13 14 11 23 15 19 12 13 31 23 27 19 13 8 38 17 26 18 27 22 26 26 17 16 30 18 13 9 24 32 7 21 19 34 20 25 24 41 
27 13 20 25 54 23 42 16 17 27 41 20 19 18 17 18 23 23 43 14 39 17 21 5 41 30 15 24 19 17 22 30 27 24 22 27 36 21 13 29 26 17 36 17 16 22 20 11 23 24 21 27 20 17 13 30 22 30 27 19 21 33 14 15 13 22 26 10 25 16 21 33 24 14 31 
24 22 7 8 15 13 36 24 31 33 34 28 25 15 26 23 34 27 34 9 37 12 18 21 33 19 24 18 30 20 20 18 17 13 21 18 14 22 12 23 25 19 23 17 11 22 24 18 29 18 11 26 20 22 12 19 21 25 30 30 27 28 14 26 20 8 23 12 19 8 18 30 22 33 42 
30 18 19 38 35 19 38 27 27 32 11 20 19 11 31 18 26 34 30 31 27 14 7 22 37 21 9 18 21 20 8 28 35 21 24 24 36 27 15 23 21 26 33 16 15 33 26 29 24 20 21 32 7 24 23 19 10 32 24 26 21 24 18 21 15 20 28 15 18 17 31 23 15 6 24 
33 20 20 33 20 20 17 25 20 25 19 17 23 24 15 23 21 28 35 19 24 22 16 21 31 30 15 9 32 29 17 30 9 14 22 11 33 14 10 34 21 30 30 10 16 25 14 24 18 20 2 22 21 27 19 13 18 14 35 24 20 27 12 20 18 12 28 14 18 24 13 33 19 37 27 
18 14 20 23 27 21 17 19 25 37 14 25 16 23 37 21 27 19 19 30 27 14 27 17 18 29 13 20 37 13 40 28 42 24 20 34 25 12 14 24 26 13 24 7 9 29 25 12 15 16 16 23 23 14 15 22 23 30 30 16 21 32 14 17 30 22 26 6 16 26 23 34 28 29 37 
22 16 19 22 36 9 33 36 31 21 12 22 26 27 20 8 21 36 31 16 35 18 18 19 30 17 14 22 37 17 14 32 23 18 20 23 37 14 11 18 13 23 30 20 13 26 35 21 28 18 21 29 21 23 16 21 15 29 25 23 14 20 19 18 25 22 23 16 14 28 26 29 15 17 31 
31 13 10 21 41 12 28 27 21 27 21 17 15 23 29 19 32 32 36 24 32 13 19 26 12 29 14 15 20 30 28 30 31 14 20 16 37 22 16 20 23 22 23 15 19 38 22 21 27 24 23 19 20 24 17 14 15 15 30 36 25 24 25 18 13 23 24 8 16 12 18 39 21 24 29 
15 14 18 29 27 32 48 28 8 29 13 30 19 25 33 14 23 20 28 28 24 9 27 16 25 25 12 16 39 15 25 23 33 9 6 30 18 11 15 13 25 16 35 13 18 19 20 23 19 20 9 19 13 26 17 17 11 25 32 27 19 23 13 14 22 18 22 13 9 22 13 35 19 28 27 
24 10 15 27 27 21 18 20 23 25 26 21 27 12 38 15 11 27 13 28 32 27 8 17 34 29 11 9 15 24 37 33 35 16 22 29 23 19 18 22 25 36 16 16 12 42 21 21 19 19 19 31 17 31 25 27 16 28 34 29 22 20 14 17 18 17 27 14 14 15 19 26 23 28 23 
11 12 21 11 34 18 31 27 25 26 31 19 13 18 30 18 23 29 42 29 25 22 25 15 29 27 11 27 18 23 39 17 28 14 20 50 29 19 13 23 24 18 14 18 17 24 30 13 20 31 34 18 11 21 12 29 15 29 16 35 6 20 15 14 20 16 30 20 21 10 32 26 4 29 30 
21 8 13 29 35 25 31 31 19 43 20 14 18 16 29 17 16 32 27 15 31 23 24 23 36 19 15 33 6 19 37 36 21 17 25 38 31 21 18 28 25 20 27 16 19 28 14 20 21 23 18 22 14 15 18 19 23 7 35 13 13 26 17 32 28 11 47 13 10 21 20 32 21 17 14 
16 17 16 30 30 16 29 27 24 13 31 21 25 23 24 20 19 32 41 25 32 16 33 21 46 27 17 23 24 20 25 22 35 19 7 20 29 22 16 21 25 28 20 21 24 41 18 11 26 22 17 32 30 20 12 16 18 29 27 26 22 19 9 31 11 13 31 20 18 11 32 42 24 38 30 
28 17 15 25 33 17 19 27 31 27 35 27 12 17 26 14 11 36 30 17 10 21 38 19 36 21 21 20 13 8 20 40 34 21 6 31 24 11 16 12 32 21 30 15 15 36 36 21 18 23 23 31 17 25 21 24 15 29 26 22 18 24 20 20 14 13 30 13 17 22 15 23 25 21 31 
9 22 20 19 14 20 23 17 25 37 36 30 20 20 36 23 23 24 33 26 32 30 21 16 27 18 21 15 34 20 41 20 29 17 20 26 19 20 20 38 26 19 13 16 18 40 26 23 20 35 19 18 26 33 13 18 16 15 25 28 11 37 17 28 25 15 29 22 16 18 25 33 24 26 45 
35 19 17 24 24 27 18 21 21 19 25 16 20 17 22 20 29 34 27 26 17 22 19 16 27 32 15 26 25 27 26 10 22 24 15 16 11 18 13 24 21 16 19 19 13 32 25 19 19 19 19 26 17 18 19 14 15 27 28 23 26 27 13 21 20 17 27 17 17 19 15 28 28 34 36 
28 13 14 9 38 21 28 23 24 19 24 25 20 19 27 20 22 14 46 36 32 20 20 10 43 30 13 16 18 18 26 27 29 19 16 36 22 20 17 35 15 16 25 14 18 28 22 25 23 8 23 31 21 17 15 21 19 26 17 22 18 26 18 22 18 13 28 12 13 24 22 35 19 24 44 
19 24 15 41 29 27 37 28 21 30 31 22 19 10 23 22 16 28 34 31 32 29 25 17 23 16 7 17 20 28 38 22 28 27 4 21 27 18 16 26 14 27 18 13 16 30 29 31 29 17 32 12 24 24 21 19 9 21 32 23 24 27 16 25 25 15 23 17 18 28 23 29 24 33 32 
24 18 18 22 31 26 25 26 29 16 29 12 19 27 10 14 17 19 26 19 34 19 22 16 22 30 18 20 33 22 12 28 31 17 15 25 33 13 20 17 28 28 21 18 16 25 26 24 34 29 21 33 27 16 24 20 15 25 26 31 19 29 14 12 18 11 34 12 17 23 28 41 37 34 30 
27 25 13 17 34 17 24 17 20 41 40 28 18 10 24 23 25 20 32 25 32 20 21 22 23 23 18 16 37 31 33 24 22 19 15 26 18 16 18 23 26 21 34 15 19 39 27 28 17 20 26 32 11 28 23 11 14 28 18 33 18 26 15 26 21 15 29 21 28 18 19 54 10 18 18 
29 19 15 15 37 21 30 21 20 31 24 25 9 14 24 10 17 32 25 27 26 29 16 16 21 17 10 24 31 22 32 30 31 15 26 25 23 24 17 17 39 26 23 21 8 16 27 16 21 16 19 19 10 19 24 23 19 15 24 14 21 25 21 6 18 15 40 15 17 17 21 33 22 29 46 
8 19 11 22 19 20 22 28 29 28 16 31 25 16 26 10 30 39 23 23 36 32 25 12 35 23 13 18 31 23 40 28 32 17 24 28 16 21 6 20 19 22 24 12 17 21 28 30 23 21 14 14 34 21 22 20 20 18 36 24 14 22 12 12 14 24 29 15 12 15 35 40 17 13 25 
30 22 17 28 24 18 24 19 26 35 32 25 16 26 28 26 28 37 32 26 26 4 14 12 23 11 11 25 34 18 22 35 32 26 17 29 28 19 16 35 22 16 25 18 20 43 25 33 20 25 19 29 24 18 26 14 16 25 21 33 11 35 19 18 21 20 44 10 15 27 19 34 33 23 8 
33 18 14 38 55 13 29 21 35 29 26 15 17 14 20 15 13 29 26 30 35 17 16 21 17 24 16 27 34 27 13 19 31 15 20 22 27 12 22 30 25 23 27 12 16 16 39 10 29 21 18 19 20 16 15 12 12 23 16 39 22 32 11 18 7 19 33 12 15 21 21 30 31 30 26 
23 19 18 35 27 29 30 24 32 42 23 13 3 21 20 23 18 33 40 35 23 18 17 19 24 27 15 23 17 30 27 32 37 18 19 14 15 15 11 22 25 28 33 16 18 28 34 16 12 26 18 33 18 27 17 12 15 21 33 32 8 22 17 22 29 14 5 11 19 21 25 35 24 30 25 
26 15 18 28 17 17 31 20 26 31 36 32 11 15 27 23 22 17 38 30 40 17 26 13 20 21 15 17 28 21 31 26 38 18 18 16 25 17 16 25 22 24 12 14 12 27 19 13 21 24 14 41 22 30 22 26 12 8 28 27 17 25 9 24 18 10 30 18 12 27 35 37 29 32 32 
24 19 20 32 29 25 27 30 20 39 34 29 23 17 32 19 26 28 30 13 26 19 36 12 33 31 14 25 15 30 38 24 34 19 17 25 21 15 10 31 15 24 11 14 20 46 42 22 16 11 15 18 28 12 19 14 13 19 21 18 22 22 24 25 21 17 16 16 15 20 23 42 29 9 27 
18 11 21 34 43 24 19 19 22 20 38 32 10 15 20 22 18 21 30 22 36 18 20 19 25 29 20 20 34 15 33 28 23 13 16 22 26 25 16 36 33 21 30 19 21 21 30 12 21 10 11 29 14 19 18 19 15 24 14 26 15 21 20 18 17 21 25 11 13 20 29 8 24 27 36 
29 13 13 24 14 20 28 22 27 23 26 26 26 22 35 26 22 32 17 41 30 27 19 28 29 21 15 18 20 19 31 20 24 24 14 27 22 21 13 28 18 22 25 18 26 25 18 22 22 33 18 12 19 20 15 28 16 30 25 26 13 22 21 14 7 21 25 20 19 10 24 21 23 29 29 
32 20 18 14 12 23 22 30 23 19 33 20 26 18 39 21 27 34 35 26 29 16 19 25 23 20 14 24 21 15 19 36 23 14 21 15 23 18 15 21 23 19 28 12 15 43 28 24 24 21 23 42 21 18 13 27 20 25 19 18 13 31 22 20 22 15 37 10 24 16 31 38 29 19 26 
29 12 14 26 39 32 19 31 18 32 21 31 10 22 31 28 21 34 30 25 20 17 34 23 26 21 15 18 9 23 25 25 24 20 23 36 29 10 26 29 19 19 20 21 17 40 23 14 25 22 13 30 10 24 27 20 6 35 24 24 13 16 14 24 22 8 19 16 19 26 25 20 29 24 28 
29 23 15 30 31 22 20 27 18 37 28 24 23 18 16 25 18 32 34 24 35 26 31 20 42 27 9 9 26 24 27 27 34 15 21 39 29 21 11 23 23 18 14 19 17 30 19 28 14 20 26 27 15 24 17 25 16 30 43 14 12 17 23 21 26 12 22 17 25 24 22 33 19 15 27 
10 23 18 35 26 35 26 14 16 21 22 19 25 16 10 7 20 21 42 25 33 26 21 18 28 12 13 25 25 21 28 32 34 13 25 29 21 19 14 25 24 27 36 11 16 37 12 21 23 25 17 23 17 21 24 25 14 21 31 22 25 30 12 22 19 12 20 16 20 23 30 41 25 35 30 
30 20 18 38 50 25 29 24 18 18 41 31 27 14 14 21 29 36 19 10 45 17 23 16 25 28 11 26 32 18 23 17 30 16 18 31 38 20 12 21 27 27 28 18 20 29 33 21 31 29 22 19 5 25 20 24 16 33 17 33 11 32 10 15 16 21 27 18 16 18 33 25 14 34 41 
28 13 16 27 30 27 34 16 19 14 29 27 12 13 20 20 19 23 27 29 47 28 22 14 23 27 11 26 27 24 18 17 44 17 13 24 15 12 9 16 28 25 28 22 14 24 20 21 18 24 14 34 9 12 15 22 6 22 25 27 17 19 16 20 20 19 31 15 19 13 12 33 31 18 29 
30 10 16 22 32 11 26 26 24 26 40 24 11 21 15 14 18 24 46 22 32 15 15 11 20 19 23 19 26 21 34 16 37 27 17 35 22 22 14 19 25 26 22 18 15 28 27 23 26 21 20 7 20 17 24 27 15 9 11 25 21 20 13 33 30 19 40 11 23 19 19 25 26 27 39 
21 7 16 27 35 18 25 28 28 29 8 21 20 31 39 13 17 24 22 26 23 19 16 13 20 19 9 12 19 19 46 36 28 18 20 7 23 29 20 18 20 29 30 15 16 26 15 30 20 20 24 24 9 20 19 20 20 27 28 32 19 35 17 23 24 10 21 19 9 19 16 29 13 24 30 
22 24 10 10 30 25 24 5 23 18 26 28 12 8 29 27 17 29 21 43 36 26 26 16 22 24 11 23 26 24 47 20 27 28 21 37 35 20 12 25 24 30 24 14 17 20 31 24 25 21 22 26 23 24 25 20 19 28 23 23 18 18 14 20 16 24 27 12 22 15 25 17 21 28 42 
27 18 17 33 29 18 25 18 19 33 24 22 17 15 17 20 22 35 21 40 39 29 25 20 33 25 18 20 15 19 20 23 35 27 12 30 27 23 16 16 22 28 22 15 20 50 23 20 16 30 31 17 15 22 12 18 15 23 13 17 21 4 15 34 16 10 21 13 28 13 28 14 20 29 31 
32 19 13 29 16 25 44 14 23 31 11 25 20 23 39 30 20 47 37 32 26 23 11 23 15 27 6 13 22 15 32 18 27 10 22 31 19 17 17 20 23 21 22 17 15 35 11 11 18 22 10 31 12 17 18 31 17 26 20 33 15 21 11 16 20 16 16 16 22 24 20 56 37 30 21 
39 15 15 24 33 16 24 20 26 20 19 23 24 16 40 13 22 30 34 29 36 16 16 28 18 34 8 21 36 19 19 30 32 23 24 35 29 22 14 10 16 21 15 13 16 16 30 10 15 20 20 33 20 25 14 14 18 16 35 15 5 40 13 25 15 25 24 5 17 16 25 33 26 27 35 
33 18 19 22 18 20 26 20 26 11 32 14 23 20 28 21 26 32 26 28 27 24 18 22 44 27 19 22 27 32 33 21 34 18 11 25 14 30 11 17 20 20 21 22 9 24 19 16 32 19 15 15 20 16 13 20 13 35 20 20 14 27 11 11 11 22 41 14 18 21 15 47 22 29 18 
31 19 21 14 19 17 28 15 28 34 21 25 17 20 31 16 28 30 31 30 37 19 18 20 25 16 12 28 35 21 19 31 26 11 25 19 24 21 16 27 25 23 24 21 16 25 39 25 24 20 20 19 18 18 26 17 20 18 37 18 15 25 20 18 16 18 39 9 11 18 22 20 18 25 34 
29 5 19 25 49 26 32 21 24 24 17 19 26 21 29 16 18 29 22 33 30 33 12 18 26 13 11 21 31 9 17 18 27 15 23 13 12 9 15 14 20 15 19 8 13 33 15 16 15 19 29 40 17 21 16 33 13 25 23 32 18 18 6 27 22 17 35 21 23 20 22 18 27 38 34 
29 9 9 21 32 20 31 26 13 32 33 17 20 21 40 14 23 31 24 22 28 23 21 19 24 24 18 24 22 26 36 29 31 20 22 32 20 3 11 24 26 28 22 17 14 35 19 24 15 20 18 34 21 18 3 17 13 22 19 30 23 31 15 25 16 24 40 5 19 23 21 14 24 29 11 
31 16 7 22 21 26 27 26 26 24 29 6 19 18 28 12 25 33 41 35 29 24 20 23 32 24 19 19 23 20 31 22 25 5 30 17 23 18 17 14 31 13 20 17 20 28 16 19 2 21 27 22 9 24 17 18 15 12 29 26 17 26 8 26 17 21 21 13 11 24 40 34 22 14 32 
17 28 16 17 23 19 23 21 30 34 21 18 37 14 16 16 30 28 30 32 31 18 30 21 25 23 16 22 18 22 16 19 32 19 15 25 26 22 12 21 31 33 17 12 19 31 26 27 26 25 30 14 20 13 27 16 13 32 16 33 21 19 19 16 24 17 48 21 12 26 33 30 34 21 21 
24 14 13 19 35 16 22 16 23 27 30 26 12 20 18 18 33 30 41 21 30 18 18 16 34 27 16 31 25 31 28 35 44 20 18 24 22 18 11 14 32 22 33 24 20 37 26 8 24 28 11 25 13 23 22 22 19 17 33 27 22 11 14 23 19 13 29 18 13 18 30 31 17 29 11 
24 9 7 24 36 29 15 15 29 28 16 25 24 15 18 16 19 41 21 27 23 9 18 19 28 19 14 12 17 18 10 38 33 21 16 29 11 16 15 23 33 14 17 15 18 22 26 13 13 25 15 18 27 28 8 16 18 25 29 17 27 21 15 30 26 14 18 14 21 20 18 24 16 35 29 
22 25 11 22 37 26 36 33 23 27 13 32 21 21 31 13 20 33 32 35 33 25 14 25 28 18 21 15 22 19 12 31 14 16 17 21 18 16 17 15 21 25 34 15 19 29 11 26 21 21 17 34 17 35 18 28 16 26 31 19 19 27 21 19 16 14 28 19 20 9 20 18 17 25 36 
20 16 26 23 22 28 23 21 17 38 31 5 20 17 36 25 20 21 39 34 46 20 22 28 40 28 16 22 17 28 30 30 32 16 17 21 42 5 25 12 25 23 25 14 19 24 28 14 37 32 10 28 12 30 21 18 2 40 22 18 14 24 14 21 16 22 35 14 6 21 27 20 14 29 28 
24 22 20 20 26 9 33 15 24 34 33 21 13 19 29 9 28 44 31 31 30 23 22 20 27 28 11 19 25 23 36 29 33 23 16 29 21 22 18 24 23 16 24 19 18 24 23 20 27 33 25 20 20 21 11 28 17 18 25 21 14 27 21 26 26 21 43 18 24 30 12 40 34 32 27 
38 14 14 19 29 25 46 30 16 48 24 25 23 19 31 14 27 21 23 29 24 15 5 23 11 12 15 18 25 12 28 25 25 12 23 24 28 18 13 19 21 23 31 18 10 23 14 26 20 23 12 25 21 17 24 14 18 31 17 24 8 31 14 29 17 12 25 14 12 12 21 31 23 31 23 
34 19 19 25 29 20 16 17 29 22 27 19 22 22 30 31 21 31 45 20 38 24 14 19 35 27 11 26 24 29 30 26 25 15 13 33 27 10 9 24 26 17 19 20 20 31 21 21 22 25 16 23 20 28 17 11 23 12 24 28 23 37 19 10 12 24 30 16 21 21 30 29 20 26 34 
29 21 13 18 27 19 30 21 14 30 27 14 14 20 23 17 19 41 23 21 30 18 21 11 16 31 11 18 20 19 29 22 39 27 31 21 21 15 12 23 27 29 23 14 14 40 40 16 22 6 22 22 29 16 13 16 18 29 21 31 29 36 14 19 8 17 31 14 23 22 33 34 29 26 19 
25 15 17 22 26 21 17 21 21 22 26 31 13 29 26 21 25 36 33 24 26 19 23 13 47 22 16 31 26 10 24 33 10 21 20 33 22 14 17 19 26 30 7 6 25 32 18 9 22 24 18 35 18 17 14 13 17 21 33 33 13 18 15 16 16 14 22 9 23 16 15 21 19 22 34 
33 14 16 37 21 23 29 22 25 13 26 17 17 17 12 25 27 29 29 29 27 27 32 16 30 18 19 18 26 21 31 32 24 14 18 19 24 16 16 24 25 27 27 13 14 13 34 18 15 22 18 23 18 21 25 14 17 26 40 8 15 22 23 20 20 24 23 16 17 22 17 35 19 36 40 
16 7 15 35 31 18 32 24 21 25 23 22 16 17 23 24 24 29 31 37 22 19 18 15 28 10 14 20 25 15 25 23 24 22 26 21 25 22 13 19 25 16 31 23 23 27 34 16 24 18 15 28 17 17 7 18 19 5 33 31 13 23 14 19 19 13 33 18 19 17 32 31 38 33 30 
24 4 16 24 45 25 35 20 19 18 36 17 29 16 22 11 20 33 21 33 24 24 11 16 24 22 20 17 25 23 24 28 10 22 24 28 22 17 19 18 23 34 20 22 20 29 33 15 15 33 20 35 13 24 21 19 16 30 36 26 20 38 8 16 12 20 25 14 15 18 21 30 28 37 23 
27 21 21 32 16 23 22 30 19 12 16 35 25 26 21 14 24 33 25 32 41 28 15 11 32 16 17 26 22 23 21 26 36 14 9 20 21 19 11 22 19 26 21 16 15 42 19 31 22 18 18 20 14 13 9 8 7 24 17 5 12 17 21 14 7 20 26 19 23 23 18 46 13 26 43 
9 18 11 35 26 19 28 18 30 30 40 17 11 13 38 14 38 27 26 19 32 40 16 17 37 18 15 19 13 29 35 36 38 21 14 28 27 24 15 17 28 20 28 16 16 38 23 26 10 21 22 27 19 23 19 14 11 18 43 28 11 23 15 30 12 16 29 19 20 21 19 23 23 13 37 
26 19 16 23 23 23 25 13 8 38 28 19 17 16 23 22 15 23 24 24 26 21 20 28 27 21 15 21 35 16 30 35 48 25 10 23 28 14 15 34 22 17 16 15 12 29 15 24 30 25 20 20 20 26 16 20 14 27 32 22 14 34 16 15 12 17 13 12 21 30 28 26 19 24 45 
12 19 9 26 27 27 30 24 22 29 19 19 15 26 29 18 25 14 37 35 31 30 26 23 32 20 12 17 23 13 23 26 30 17 12 35 16 15 19 33 14 24 18 17 15 29 24 20 16 19 19 23 29 25 16 17 16 24 34 7 27 28 13 35 23 12 11 16 20 21 23 17 36 32 21 
22 14 13 12 24 31 18 23 22 35 13 14 11 28 26 13 12 31 37 23 21 18 18 8 43 25 13 23 19 20 36 26 28 14 25 18 38 17 20 20 16 29 30 17 20 25 27 12 16 9 20 22 12 15 21 16 17 31 24 21 20 12 20 23 18 15 37 21 13 14 19 42 30 38 12 
24 20 18 22 26 18 47 22 24 35 20 15 12 15 41 24 26 31 39 27 8 19 14 22 29 23 15 21 28 17 40 33 35 20 21 31 25 17 11 21 26 14 27 17 20 29 24 14 22 24 20 25 18 15 25 25 20 22 30 9 11 20 18 28 20 15 39 13 21 8 37 34 14 18 35 
28 27 10 19 22 20 26 30 23 21 20 11 25 16 31 21 18 36 29 29 36 25 23 6 19 32 20 10 18 22 51 22 28 18 15 26 12 23 13 15 27 24 21 23 14 38 23 34 23 17 16 29 15 30 16 16 10 32 24 24 4 28 15 17 13 17 22 14 19 11 28 24 18 27 31 
42 13 9 25 38 14 22 21 23 28 14 28 25 33 28 16 26 48 28 42 26 26 27 22 40 27 10 26 21 31 45 18 42 25 17 29 23 17 22 18 23 21 28 12 12 24 33 23 20 24 18 23 16 24 18 25 16 23 24 26 16 12 19 32 24 20 49 17 17 4 23 33 25 25 35 
34 25 16 21 33 13 25 21 24 16 24 15 14 19 32 16 31 27 21 22 29 26 22 28 30 17 13 19 24 24 39 19 23 22 23 19 20 17 23 19 20 24 29 14 14 28 36 14 15 12 19 18 22 28 15 12 20 31 15 22 22 30 11 15 18 23 15 15 16 18 26 37 19 18 17 
25 19 16 29 39 15 20 17 17 24 20 20 29 23 30 11 24 40 39 19 27 17 19 26 27 9 21 26 22 29 33 30 26 17 25 13 18 20 20 30 18 9 25 24 14 23 13 28 20 28 22 28 23 23 15 30 13 34 32 20 19 20 14 19 16 9 23 8 22 20 23 16 12 23 40 
17 15 18 22 14 22 27 21 25 23 34 17 15 19 28 24 21 28 29 22 30 19 22 24 20 26 12 14 14 29 30 10 27 21 13 20 24 16 19 32 21 33 23 14 15 46 29 24 24 30 17 29 17 23 17 27 14 11 14 16 22 27 18 13 22 14 44 17 15 35 24 19 29 24 42 
30 17 11 17 13 26 37 28 25 16 24 19 28 25 30 14 10 29 17 31 27 24 18 26 36 14 15 26 18 20 25 34 60 15 20 20 23 9 11 20 20 23 16 19 16 34 32 27 21 26 18 22 23 25 7 20 15 31 28 30 22 25 16 31 24 16 29 9 8 21 18 45 33 22 29 
31 12 17 20 31 17 34 31 24 31 31 22 26 18 26 19 31 24 37 22 26 34 10 13 35 23 20 29 26 31 37 35 29 25 14 21 23 17 9 12 27 18 37 20 24 24 24 16 15 18 13 34 15 32 22 23 17 15 41 30 18 30 15 30 13 19 25 15 14 19 20 20 27 32 31 
26 13 17 20 40 22 29 18 31 31 22 13 17 26 14 15 25 12 26 21 28 21 22 16 36 26 19 14 24 22 19 28 27 27 30 26 26 17 12 23 28 4 26 21 19 48 23 22 26 27 11 19 17 11 14 20 18 15 29 30 22 24 18 18 26 23 34 17 13 18 16 28 16 23 29 
26 21 20 19 32 14 30 24 21 38 26 34 23 15 32 20 24 31 36 26 30 22 24 25 35 29 17 18 31 26 24 26 26 21 10 21 42 18 18 20 14 17 19 17 13 35 25 35 11 19 8 26 23 15 20 19 16 22 32 33 19 29 14 23 21 12 47 18 22 29 34 26 17 27 42 
31 20 17 13 39 15 33 20 18 24 25 30 18 23 47 26 22 28 15 30 26 23 12 11 12 26 27 20 32 16 28 18 18 15 22 20 17 19 9 35 8 7 22 18 11 31 22 13 26 18 10 44 15 15 18 20 18 22 18 29 24 15 15 16 13 12 23 19 18 28 22 35 18 30 22 
19 13 18 24 27 27 23 25 17 34 21 14 16 27 39 19 21 35 21 19 18 26 17 17 25 7 7 31 18 17 39 35 31 21 11 19 32 17 18 16 19 29 16 15 14 31 27 26 20 24 26 19 11 17 23 14 12 23 23 23 20 17 15 18 17 17 41 13 13 16 24 34 38 31 26 
36 16 14 29 24 28 33 19 20 30 36 18 32 16 22 23 18 41 30 25 16 27 16 18 30 34 7 23 37 24 36 17 23 18 13 30 38 22 9 17 23 23 27 13 9 17 38 16 27 21 31 26 8 23 17 18 17 36 24 29 12 25 15 20 19 14 27 16 22 15 32 20 29 28 25 
12 13 16 23 32 24 18 20 31 17 28 15 16 19 37 14 29 33 23 30 27 21 25 9 25 11 8 31 24 31 35 17 26 18 23 35 40 14 16 16 28 29 34 16 13 34 26 28 14 14 24 28 13 18 11 22 17 29 31 26 21 12 12 25 17 17 30 17 12 27 24 33 22 29 39 
25 24 15 12 44 25 24 22 21 14 12 18 25 22 25 22 24 24 30 28 30 16 14 21 22 29 10 15 25 17 50 38 31 13 7 21 29 15 14 12 13 18 22 19 16 28 35 9 15 24 14 28 21 20 12 18 11 16 21 26 18 36 20 11 21 16 34 17 21 20 15 28 25 31 29 
42 12 20 27 21 36 23 25 20 27 25 17 21 19 29 16 18 50 27 14 41 12 19 19 35 27 22 16 31 21 39 17 37 30 16 34 21 14 10 27 24 20 23 14 9 22 26 12 23 22 6 34 14 17 17 25 21 26 11 27 15 12 16 32 10 15 33 16 8 13 22 30 31 16 31 
20 14 16 29 15 13 33 21 19 34 31 29 25 24 29 16 26 30 29 32 34 23 28 22 34 23 22 9 29 13 17 41 26 17 20 31 31 18 22 28 29 23 27 16 14 31 40 11 25 20 19 22 20 10 20 18 23 17 19 20 27 27 12 18 17 19 14 13 14 31 27 31 25 23 39 
14 22 16 25 47 11 26 11 28 28 12 14 9 18 18 9 17 34 38 21 26 14 15 24 31 18 9 19 26 21 44 38 21 24 16 22 33 23 15 22 33 17 29 18 20 24 12 22 27 43 20 39 13 19 13 25 8 29 34 20 21 29 11 17 15 15 18 9 27 17 22 36 24 11 23 
21 11 10 17 17 24 14 19 32 31 25 15 16 22 28 22 33 31 17 35 24 12 17 17 37 26 13 23 40 36 13 15 23 16 17 24 39 16 6 17 27 17 26 9 15 38 35 15 13 25 26 25 18 21 14 28 13 26 28 29 14 19 15 33 19 25 28 22 22 13 23 27 28 37 27 
33 8 15 14 35 17 31 20 3 39 26 22 31 17 24 23 9 19 28 27 31 19 23 18 22 22 7 26 24 19 37 28 53 25 20 24 23 26 13 16 18 23 10 12 19 33 30 13 24 20 14 28 18 30 16 14 16 42 19 15 23 27 11 27 12 16 36 9 22 23 37 26 21 36 17 
28 12 16 21 30 20 39 21 17 21 36 27 12 22 34 18 25 34 32 28 32 13 25 20 40 24 15 21 39 19 33 21 33 23 25 25 40 29 16 34 23 25 17 9 20 25 35 15 20 17 11 38 16 24 15 21 18 20 31 27 15 34 14 20 25 12 30 14 11 15 27 28 30 35 30 
29 21 13 31 24 27 27 24 30 14 26 29 16 18 39 27 26 24 17 42 18 23 21 28 34 19 6 11 23 20 24 32 40 26 17 17 32 18 20 14 15 26 19 19 15 22 35 29 29 24 27 24 22 14 23 28 15 25 15 12 19 37 27 17 11 23 36 11 17 17 25 19 38 15 36 
22 24 17 22 15 22 35 17 18 29 21 19 19 16 34 7 24 35 22 22 29 22 21 15 24 20 6 27 26 34 33 27 18 17 9 28 27 24 8 41 18 20 27 27 19 39 28 17 28 13 13 36 21 9 18 20 16 26 25 27 15 18 9 21 15 17 21 11 14 24 28 27 30 22 34 
22 15 23 13 45 25 42 16 23 19 29 16 25 16 27 14 26 23 33 30 16 29 11 14 33 35 13 19 28 19 39 14 31 20 16 10 27 19 10 16 22 31 19 17 17 37 17 18 20 19 19 26 24 31 17 31 15 27 31 32 24 37 7 18 14 18 31 12 22 17 27 37 25 31 27 
31 20 21 35 31 21 14 26 28 27 29 19 29 12 16 17 31 13 18 31 20 18 19 20 22 22 26 30 14 17 30 22 26 16 14 34 32 21 12 23 21 31 15 10 16 19 30 19 14 22 26 24 18 22 20 21 22 16 25 14 20 23 16 14 15 10 22 6 20 25 25 25 48 35 13 
24 16 12 23 30 19 30 33 19 17 22 23 23 16 22 23 20 32 37 25 33 20 16 24 34 23 10 13 22 23 37 30 33 22 30 24 27 27 13 18 20 24 28 18 9 43 25 26 19 21 26 27 10 19 15 14 12 25 28 28 15 22 12 26 25 20 24 13 22 21 29 22 25 23 27 
25 6 11 27 27 14 21 23 28 39 25 18 19 20 26 28 19 27 30 33 42 18 22 26 20 11 21 18 38 22 24 41 33 20 14 16 21 16 10 33 27 26 19 18 21 22 14 10 22 28 10 32 11 23 22 27 22 24 19 31 17 25 15 18 18 11 41 16 14 13 19 19 17 29 22 
29 23 18 17 27 20 34 10 22 11 34 18 20 27 25 7 30 19 34 16 44 21 13 24 25 25 8 15 24 14 41 21 42 17 21 22 14 16 16 28 20 32 26 14 11 25 27 20 19 31 20 23 18 13 13 33 18 26 30 28 21 28 23 21 17 21 34 14 19 28 40 30 30 36 32 
33 17 13 28 24 24 28 15 31 27 28 26 15 14 34 20 21 32 24 22 26 22 25 20 40 29 15 33 21 29 16 36 32 16 10 22 22 23 18 19 18 20 22 11 14 17 46 23 25 20 30 25 18 16 28 21 19 27 36 23 18 44 12 24 19 24 19 11 33 19 33 28 25 22 36 
28 8 12 16 24 14 39 27 23 21 30 25 23 27 21 24 32 20 35 25 25 30 20 19 40 19 13 14 29 22 23 33 36 24 18 26 24 35 21 19 16 26 15 18 14 18 39 19 31 23 17 31 19 30 16 31 17 39 26 18 18 28 21 24 21 14 37 18 25 22 22 42 12 30 26 
12 6 15 28 28 19 30 23 15 37 21 17 9 21 25 27 24 30 30 25 42 27 23 11 31 14 10 20 24 8 18 20 35 9 9 23 26 15 12 25 15 14 19 9 15 20 22 30 17 11 19 26 19 20 26 20 16 23 26 14 17 29 16 15 11 16 20 14 16 28 17 24 23 11 33 
21 21 21 13 31 22 18 24 33 34 24 28 12 19 30 14 25 43 29 15 41 15 20 13 29 31 14 25 20 22 24 20 26 19 15 20 32 18 14 17 23 16 20 18 20 17 31 17 19 25 26 27 22 28 13 22 19 20 30 27 17 23 9 19 17 15 31 18 8 20 22 28 25 18 25 
36 19 16 21 39 19 26 23 22 39 35 23 19 13 26 22 19 24 15 25 36 20 32 15 27 16 16 25 43 18 28 24 41 20 21 20 23 22 14 24 29 12 24 24 16 32 19 30 23 16 16 18 13 30 19 16 17 29 21 30 29 20 13 31 20 22 44 19 18 21 29 38 28 25 42 
32 9 21 19 24 20 36 31 16 22 25 30 20 13 27 13 16 45 25 27 28 6 14 18 22 36 13 22 22 23 29 16 30 18 20 27 25 16 16 17 4 19 26 14 18 28 30 18 15 26 14 30 23 9 13 23 17 22 22 41 10 22 13 19 20 12 40 11 22 22 26 57 22 45 26 
16 20 17 22 21 31 20 23 28 14 29 12 31 22 26 19 28 8 33 13 49 16 15 9 24 14 18 19 10 15 19 18 27 25 15 12 19 18 14 34 25 23 18 14 18 12 14 20 23 15 31 29 13 21 22 23 18 26 18 22 10 19 13 20 23 17 23 10 17 26 21 25 27 17 21 
29 16 23 23 40 27 45 23 29 36 21 23 22 15 37 20 20 31 26 32 26 22 29 24 29 34 10 20 36 16 39 14 20 21 16 21 27 21 13 24 23 26 21 22 18 15 18 21 22 22 12 18 18 23 14 14 9 42 34 24 21 34 19 23 18 15 17 15 25 19 16 37 26 31 18 
31 19 21 20 34 27 20 25 23 33 20 21 25 9 13 10 16 41 24 37 45 17 18 13 19 38 9 24 28 31 30 12 46 18 21 19 23 14 18 28 29 29 20 15 9 30 27 9 21 28 22 32 19 21 33 22 19 34 26 23 15 35 16 11 20 14 22 12 27 11 25 31 28 40 10 
26 25 18 27 41 15 26 30 16 28 29 22 26 16 41 11 22 19 39 32 23 14 16 15 9 27 18 9 31 24 21 23 22 19 11 28 28 12 20 25 16 24 14 15 14 25 37 12 15 18 14 31 16 18 22 22 13 25 27 8 26 30 24 24 12 26 35 13 17 18 32 35 22 33 41 
23 10 24 23 21 22 13 13 26 32 31 23 23 16 26 20 18 31 30 20 24 8 22 15 30 19 10 16 21 28 31 27 31 21 22 23 19 14 16 23 29 21 31 18 20 35 30 10 30 27 30 21 21 28 13 13 13 27 28 34 22 26 12 20 22 11 28 18 23 21 18 11 36 17 30 
25 16 13 27 14 21 16 16 24 30 22 17 16 23 22 17 26 32 36 28 27 20 16 12 45 24 15 27 24 18 39 20 24 25 14 20 13 15 10 23 23 25 25 21 13 26 31 16 19 26 22 13 24 22 14 24 15 36 31 33 13 19 23 15 24 11 52 9 15 18 36 26 30 43 31 
28 18 12 24 23 6 30 17 28 26 13 20 20 11 30 10 28 24 30 27 24 20 13 11 35 22 24 26 34 22 22 12 37 25 13 32 35 18 16 20 25 16 24 15 22 32 36 9 23 27 19 37 18 26 13 20 15 14 15 23 25 38 15 25 14 23 18 17 16 17 32 36 19 14 34 
26 20 16 23 34 29 14 20 14 13 32 17 12 10 38 19 24 27 31 26 29 8 31 12 35 24 12 24 33 15 26 25 24 26 19 33 25 14 10 21 27 17 18 15 13 19 27 26 24 19 28 29 21 22 19 24 9 37 22 23 18 21 19 23 12 21 39 18 12 17 21 19 25 17 24 
26 27 15 23 25 16 39 26 21 11 30 18 23 14 10 20 23 26 39 22 20 18 17 24 28 33 16 17 31 11 28 27 22 21 13 20 24 16 13 20 24 29 23 10 13 28 22 25 25 19 27 28 12 29 9 3 24 34 32 20 31 23 14 14 11 22 29 11 25 24 26 32 23 22 26 
20 7 18 18 24 22 38 15 19 36 21 33 22 22 22 16 29 17 33 30 32 24 21 27 25 27 14 24 17 16 15 29 29 17 11 30 21 18 18 18 35 27 25 23 14 21 22 21 27 16 18 36 19 31 17 12 23 34 13 30 18 16 15 27 19 18 18 16 15 21 25 51 18 13 31 
30 18 11 10 39 14 41 35 27 30 23 26 17 9 21 19 13 24 40 19 19 24 20 16 31 21 13 24 18 15 19 11 33 13 18 23 16 8 13 25 19 30 22 16 15 36 29 28 30 19 16 29 18 23 18 30 21 24 27 16 18 25 15 24 16 20 31 8 18 14 30 38 14 30 33 
22 14 14 24 13 21 21 38 20 22 8 15 17 24 36 15 21 34 28 31 33 18 25 23 33 19 13 16 29 21 21 25 40 25 21 23 9 28 20 23 19 12 22 13 12 44 23 22 21 27 23 30 24 22 22 19 19 20 24 31 20 32 16 8 20 17 47 15 19 17 30 19 20 27 30 
36 13 16 17 30 14 23 17 14 32 23 18 15 17 32 7 10 30 27 31 22 31 19 13 48 23 19 22 20 18 37 31 38 18 6 24 17 9 14 29 13 25 26 18 11 36 14 28 24 16 19 22 28 20 10 17 14 12 36 24 16 16 17 23 21 16 28 20 14 23 19 16 30 32 31 
18 17 9 23 28 19 27 21 18 25 12 23 9 10 19 17 22 37 25 29 30 19 21 20 33 17 19 18 38 7 27 24 45 24 11 11 21 21 13 26 12 23 23 18 13 29 7 18 22 31 15 33 15 16 20 17 18 30 30 14 16 20 22 29 22 13 30 17 24 20 23 39 4 31 31 
22 20 15 45 22 38 8 13 20 33 21 26 19 11 38 15 21 32 16 33 27 8 23 18 26 19 18 26 20 24 42 30 22 18 16 24 28 30 15 26 11 21 25 15 15 33 22 16 31 17 25 29 21 22 17 25 7 25 22 37 17 13 24 17 13 9 12 8 13 10 38 15 16 26 18 
31 11 15 25 26 16 22 23 12 30 28 26 20 16 22 14 25 30 8 24 35 17 21 20 38 20 12 18 8 28 11 19 32 22 16 25 28 19 14 16 18 24 12 17 19 27 28 23 30 20 27 26 19 27 18 16 20 37 32 23 17 36 9 16 24 9 33 17 26 29 17 48 25 26 28 
37 18 16 15 35 15 22 15 19 22 28 20 13 14 17 22 28 23 50 15 28 19 18 24 38 21 14 5 28 17 41 24 15 19 17 31 26 15 14 21 35 22 17 11 8 33 25 25 29 15 15 31 18 27 12 21 9 30 27 21 17 32 15 21 17 11 27 19 16 20 21 15 23 24 31 
23 16 18 20 45 22 28 24 31 34 32 22 25 26 25 21 20 28 6 19 27 20 14 20 44 21 15 18 12 19 33 29 21 28 20 27 11 10 10 17 21 14 29 11 15 26 28 20 24 15 25 31 16 35 8 15 16 20 26 34 23 37 17 23 21 16 29 17 18 16 33 51 24 20 25 
30 8 16 17 34 21 31 23 27 29 15 15 21 22 30 24 24 19 18 24 31 17 20 15 34 19 21 24 32 15 33 25 28 19 17 19 23 23 8 24 32 31 20 14 17 15 19 11 23 20 11 43 19 26 17 16 18 33 22 20 18 34 18 17 8 10 40 17 17 14 30 51 17 32 26 
19 15 18 27 23 25 21 23 18 28 22 19 12 13 28 20 22 34 22 26 38 27 18 19 12 20 19 27 25 22 39 36 25 14 16 15 12 9 14 11 25 24 30 20 19 41 17 19 25 22 22 34 16 21 16 8 12 22 30 18 12 26 15 21 17 15 33 21 16 22 29 26 26 29 46 
18 18 16 17 21 14 29 29 27 33 32 25 24 19 21 21 22 31 30 24 31 24 19 22 24 15 15 20 24 22 41 23 30 20 19 15 29 15 12 23 37 17 16 15 20 25 25 16 24 27 27 23 16 19 11 18 23 26 27 34 15 29 11 17 24 16 33 8 27 33 25 27 18 23 27 
30 23 7 22 20 28 33 27 28 35 29 33 27 12 23 15 26 30 43 20 23 15 12 18 31 25 14 32 38 28 16 31 37 14 13 29 25 20 15 13 25 25 13 15 17 37 21 14 25 28 11 24 16 11 15 18 13 27 33 31 22 21 17 29 20 20 30 16 21 28 37 22 20 8 21 
30 12 18 34 39 20 26 27 16 27 21 28 15 18 30 17 28 29 38 33 27 29 27 25 33 24 16 20 18 22 36 28 26 17 23 26 33 9 10 26 16 19 29 21 22 27 34 24 9 27 23 27 26 26 18 15 15 22 15 29 21 19 14 18 19 19 36 11 28 30 21 34 23 19 25 
24 14 9 24 38 23 31 23 22 25 28 25 25 22 27 24 22 36 30 36 25 12 31 23 34 32 16 24 32 12 36 25 31 27 13 26 21 20 15 23 24 31 16 18 15 29 39 22 25 29 23 29 29 16 23 18 18 26 26 21 12 22 9 17 13 26 8 14 24 22 29 23 18 30 32 
22 22 9 24 33 19 40 16 24 40 28 26 13 25 23 11 27 25 39 39 25 11 4 19 34 30 19 36 16 20 20 22 26 22 17 34 22 12 11 24 22 18 28 11 16 25 35 19 27 16 29 22 18 28 13 29 18 21 31 22 7 30 18 12 25 7 44 13 18 13 19 44 18 29 42 
24 14 19 27 22 14 34 27 22 34 26 16 22 22 30 16 23 26 31 38 39 20 18 22 10 32 19 12 34 23 40 23 35 22 17 32 24 17 14 19 32 19 26 9 12 12 12 30 31 24 23 31 22 10 14 18 21 11 21 25 10 28 17 18 9 13 40 18 19 23 34 37 22 20 13 
20 27 22 27 30 18 31 30 24 33 24 25 23 16 23 25 28 33 42 26 32 18 35 13 33 18 17 16 20 24 27 25 28 22 23 15 23 15 12 21 25 23 26 20 15 33 25 22 19 22 14 28 20 23 17 24 22 35 22 21 15 21 20 20 27 18 43 18 22 19 20 26 19 38 21 
27 18 20 19 20 14 13 20 30 13 25 30 15 19 16 17 35 39 18 26 23 17 20 14 37 15 13 26 24 24 26 21 33 26 18 24 31 16 19 24 22 34 28 15 15 32 30 14 24 21 18 43 28 18 12 25 16 15 32 16 18 30 18 29 24 17 40 17 8 24 34 46 32 28 29 
34 16 12 22 17 29 19 23 30 25 29 24 17 20 30 17 22 30 19 25 29 11 24 19 41 22 15 18 11 12 33 16 34 7 24 17 27 24 23 35 26 24 26 13 15 26 18 28 26 27 31 14 15 18 15 10 19 20 22 30 25 18 14 19 21 10 22 19 19 24 15 13 19 29 31 
32 16 21 14 34 28 29 29 21 36 27 29 19 22 24 25 29 32 35 33 21 5 13 17 24 21 16 20 25 17 25 27 46 22 15 20 20 15 18 25 31 19 30 19 19 28 13 19 27 17 25 29 13 28 16 19 15 22 28 25 22 29 22 27 21 25 21 15 21 21 13 35 23 33 30 
13 11 17 34 31 23 34 19 21 21 34 25 22 17 38 17 21 23 32 25 25 25 15 18 25 23 16 15 27 29 27 37 34 25 17 19 23 15 15 27 29 23 25 20 15 20 28 23 18 23 6 38 16 17 16 21 11 19 20 43 15 27 17 13 11 21 27 15 14 31 26 25 25 16 34 
29 19 22 18 33 29 47 20 18 35 25 14 21 11 37 19 20 29 38 24 18 30 17 19 20 14 19 18 25 16 32 24 35 15 21 23 29 21 15 18 32 18 24 14 20 29 30 7 21 18 21 30 19 27 14 17 15 22 35 34 14 45 10 15 18 23 22 15 17 23 33 26 29 24 19 
15 17 11 14 24 15 25 16 26 33 33 25 24 17 23 23 29 23 23 18 36 13 13 13 22 9 5 25 29 13 32 29 22 8 20 31 26 14 19 19 18 25 24 23 15 24 32 15 32 28 26 22 16 15 16 20 11 22 5 27 23 22 11 9 18 10 37 15 15 27 29 18 20 36 26 
38 22 8 26 33 18 39 20 19 22 25 30 12 18 27 15 28 22 34 23 40 21 13 26 36 21 15 20 18 16 20 22 31 19 16 20 22 13 20 19 28 20 21 13 11 41 10 32 21 32 28 27 23 29 19 18 7 17 21 41 18 38 13 13 17 27 29 3 10 22 26 38 8 24 35 
25 17 15 21 24 10 29 25 25 33 35 9 28 16 29 7 19 31 34 27 16 14 12 12 26 29 13 28 27 28 29 26 29 15 17 16 23 22 15 30 24 26 24 13 14 23 24 18 24 22 21 26 19 25 22 11 15 26 20 31 18 29 25 22 22 15 19 13 24 15 10 17 22 39 29 
15 21 17 31 35 16 30 29 23 23 31 14 28 19 27 15 17 21 46 42 33 22 27 13 24 37 16 31 20 23 30 31 24 16 21 26 34 22 16 18 32 19 25 15 15 30 34 20 27 23 15 15 22 21 12 13 20 25 20 36 11 20 15 20 20 31 19 16 21 18 24 26 26 28 32 
22 18 17 37 35 20 29 22 29 32 17 27 31 20 32 21 17 30 26 23 17 24 17 10 25 23 15 19 31 18 38 34 35 22 27 33 22 20 25 25 26 28 14 11 16 42 32 18 33 11 14 25 17 27 11 21 17 20 37 34 20 29 16 30 20 15 36 7 23 19 17 43 31 31 39 
26 17 19 31 37 20 31 21 23 21 26 14 20 24 28 14 27 34 33 17 39 18 18 17 28 17 11 21 30 32 27 25 48 21 17 15 22 21 19 17 27 27 20 16 15 32 21 11 21 15 19 15 17 28 20 22 17 32 25 29 14 16 19 14 15 14 15 18 15 22 19 25 29 22 42 
40 17 12 19 48 21 22 18 37 21 15 30 22 21 27 14 29 21 32 26 20 18 11 21 23 25 16 10 32 22 26 2 37 18 15 24 26 19 15 21 27 24 37 22 18 29 27 19 25 32 21 16 17 19 15 17 12 15 27 28 19 33 14 14 13 10 30 14 17 30 21 38 33 18 27 
29 18 12 20 31 22 21 21 28 37 21 16 20 30 27 17 20 33 33 27 41 19 15 22 39 23 21 22 27 18 22 21 40 20 13 30 22 20 19 23 24 18 27 18 8 36 41 14 20 24 24 24 10 30 9 12 19 15 16 18 16 31 14 30 15 23 18 18 16 26 27 38 12 20 28 
34 20 20 27 28 17 11 26 15 34 17 20 30 15 33 26 27 36 22 30 31 27 17 20 32 22 13 19 27 25 4 27 24 13 17 12 19 20 18 29 30 16 23 7 15 28 27 21 26 25 17 32 11 21 15 18 20 20 21 29 15 19 12 18 19 15 41 14 20 32 25 26 30 7 39 
25 15 7 25 29 23 38 21 19 21 23 18 16 22 29 24 12 28 25 23 43 19 19 21 28 19 15 19 27 13 29 27 31 21 28 15 31 13 9 32 23 20 25 21 15 27 23 20 23 20 19 30 15 21 21 24 17 34 20 32 18 34 14 19 19 12 28 19 22 21 23 31 19 20 36 
19 12 20 44 24 24 35 22 37 52 34 20 23 21 26 21 15 33 35 23 27 15 16 20 21 26 18 19 11 16 27 23 41 18 12 27 32 25 17 21 22 17 18 19 6 22 18 23 21 16 17 17 28 22 17 16 19 24 31 35 20 15 17 17 13 25 36 11 19 17 31 8 30 25 46 
39 17 18 26 25 21 26 24 16 29 26 19 30 27 28 12 17 45 35 25 16 7 7 21 36 17 22 24 35 14 32 20 28 27 17 18 25 31 19 22 9 25 19 14 20 27 19 14 13 29 23 32 16 34 16 10 25 29 35 18 16 25 11 13 18 16 27 8 15 17 18 32 19 28 38 
21 19 15 27 38 34 22 30 18 18 34 24 16 18 25 20 16 30 32 39 38 26 13 8 30 16 11 15 33 28 36 20 42 15 23 28 22 18 12 27 21 35 14 18 15 34 18 20 17 16 12 23 12 19 24 21 14 29 28 29 15 22 15 26 18 10 16 12 13 22 22 23 29 29 32 
17 16 17 30 33 25 23 9 26 18 24 28 35 10 21 17 23 32 22 7 30 17 28 27 30 12 18 22 24 23 29 28 30 9 15 41 30 19 20 15 23 24 6 12 21 17 31 21 14 26 19 23 15 27 15 5 13 22 36 15 17 24 17 20 13 27 31 16 15 14 18 21 19 22 38 
23 5 25 3 5 14 25 21 27 18 26 26 19 24 19 13 25 34 24 34 29 21 24 23 38 28 17 18 24 22 27 17 22 14 15 23 18 34 14 16 9 22 19 9 10 37 29 12 25 24 17 37 18 23 17 33 21 26 28 16 12 9 12 20 18 6 25 19 13 20 20 21 25 25 27 
23 20 18 26 42 13 8 28 28 20 21 27 15 23 6 17 28 7 10 34 25 37 18 15 30 27 22 22 23 23 41 28 26 17 22 16 12 17 18 16 29 24 18 9 19 27 32 21 24 29 20 27 14 18 11 26 15 30 12 20 15 28 16 14 19 17 30 17 25 16 29 29 14 27 25 
26 21 15 27 41 15 24 14 14 22 27 15 14 26 35 25 30 25 25 19 27 22 24 9 23 25 20 6 14 23 30 37 8 25 15 26 12 18 18 24 33 25 31 17 8 35 23 12 17 23 27 28 24 22 13 15 17 34 30 30 27 21 16 28 14 25 20 19 25 24 32 21 22 27 50 
23 23 18 22 26 17 30 12 19 22 31 22 18 16 19 18 30 24 33 22 35 25 20 18 24 22 20 18 30 27 20 18 33 16 10 25 22 20 15 24 20 20 22 11 10 32 24 15 13 22 21 21 25 24 18 1 19 38 31 26 24 29 18 15 9 21 31 18 29 16 28 27 24 45 40 
31 16 17 22 40 20 35 21 32 39 16 23 21 26 32 14 19 40 38 34 35 21 25 21 26 20 18 15 24 35 35 36 22 25 17 22 13 16 16 31 29 18 39 16 10 37 31 16 17 27 20 18 22 27 15 22 21 32 16 24 13 25 12 25 20 23 38 15 14 11 25 31 25 29 30 
28 19 16 15 12 18 36 15 31 12 24 19 13 15 32 19 16 30 39 35 30 23 11 9 16 24 16 34 41 30 26 11 41 25 18 29 38 21 18 26 22 27 29 15 12 22 20 20 14 20 22 29 18 19 24 23 14 28 25 13 17 30 13 25 21 16 24 16 13 19 31 32 12 12 34 
33 16 17 25 26 11 29 21 22 22 28 15 15 16 43 25 9 34 16 30 25 11 33 16 29 18 16 16 30 17 41 14 29 25 11 14 15 26 15 20 21 29 27 14 25 26 24 14 10 29 23 23 16 17 10 27 17 27 14 30 12 30 13 21 14 20 23 18 21 25 30 34 25 28 39 
34 22 18 24 26 16 36 28 26 34 27 23 13 11 32 10 33 47 21 27 29 14 22 26 22 32 14 20 21 23 32 13 27 17 21 33 26 28 11 26 26 25 19 14 22 17 11 28 25 13 8 49 15 22 11 12 17 29 32 30 22 31 14 19 7 7 19 12 16 18 15 22 22 21 26 
35 16 14 20 30 34 38 13 22 33 21 11 15 12 31 12 21 38 35 22 21 27 21 15 41 11 16 18 18 19 51 24 19 11 29 26 23 19 17 25 29 26 25 16 15 32 19 20 15 28 28 18 10 31 5 23 17 23 30 17 21 23 18 27 20 14 24 16 13 28 20 31 31 38 32 
42 24 19 22 29 14 29 17 11 40 31 41 10 14 34 19 19 15 24 38 33 32 20 14 27 13 28 18 21 20 23 24 14 12 27 32 17 14 16 23 13 16 17 21 12 25 17 16 24 13 22 25 18 26 23 31 9 22 15 21 20 14 8 15 27 23 24 15 5 26 19 38 14 34 21 
27 13 14 23 22 13 36 23 30 22 26 30 11 19 32 21 27 38 30 21 14 23 15 21 33 25 14 19 24 33 27 25 27 9 21 31 26 24 19 21 26 23 25 17 14 26 29 15 31 28 16 25 13 25 16 35 14 14 21 22 22 20 11 11 16 15 15 16 20 19 27 58 33 27 29 
18 21 13 21 5 28 33 19 28 19 15 6 16 16 20 13 31 27 28 21 24 19 18 27 37 16 9 15 17 28 40 28 24 26 33 18 34 22 17 16 22 27 24 13 20 9 24 30 20 24 25 30 17 27 16 29 14 17 20 18 15 14 12 23 26 15 60 10 9 20 30 29 27 28 25 
27 19 17 15 32 21 28 21 18 24 27 20 19 13 22 13 18 31 23 27 34 22 21 21 31 22 15 24 23 31 40 26 37 21 13 20 31 10 9 27 21 19 22 20 16 21 24 11 23 24 20 31 23 16 11 25 19 34 18 26 16 26 14 25 16 21 24 21 22 24 29 36 16 31 37 
21 28 25 18 44 25 26 26 16 20 35 31 21 18 14 9 22 17 24 30 23 16 24 21 20 16 13 14 14 25 37 23 36 23 13 27 29 25 6 33 22 27 19 16 23 21 26 12 16 14 30 35 23 29 19 12 20 29 26 25 22 15 19 27 20 19 32 15 11 22 11 48 25 12 34 
18 18 14 19 32 14 42 21 18 25 34 23 22 15 36 15 21 37 34 25 23 20 22 12 30 23 13 8 26 19 34 33 19 18 13 12 22 11 20 33 19 24 12 16 16 31 21 14 26 16 26 21 14 14 22 13 21 27 25 19 24 16 13 21 27 26 28 12 20 17 34 33 3 34 25 
31 21 27 23 29 30 27 16 9 19 22 11 14 26 28 21 21 22 28 18 38 21 15 17 36 28 14 25 23 26 33 23 30 19 15 23 27 23 13 34 27 16 21 16 15 37 18 25 20 27 18 26 19 18 22 7 8 21 20 33 17 22 20 22 26 13 39 12 15 24 37 41 23 39 26 
29 24 20 26 26 21 15 28 29 25 24 15 20 17 17 17 15 16 51 27 21 23 15 10 31 28 12 30 27 29 43 30 27 8 23 23 31 25 18 23 22 23 16 21 12 26 23 26 27 15 19 19 25 19 20 9 16 16 21 19 15 18 24 19 16 18 28 14 28 23 29 29 26 24 18 
32 24 21 26 34 18 39 21 15 34 14 19 18 18 23 24 16 23 27 28 33 26 21 18 37 18 19 25 39 19 30 16 30 13 22 21 30 12 16 22 19 18 20 16 19 21 33 18 11 20 27 23 24 20 9 23 16 20 35 33 17 13 23 26 19 20 24 25 19 23 21 31 24 19 29 
34 10 16 33 36 25 28 27 26 35 22 16 15 7 27 11 8 18 22 50 29 15 21 17 43 27 15 20 23 14 24 26 31 21 13 14 26 18 16 20 35 19 24 12 15 14 15 22 18 27 12 43 22 30 11 21 6 12 23 28 14 22 14 20 23 14 40 8 12 31 41 15 26 29 25 
18 16 13 17 22 31 23 19 18 13 28 26 14 21 27 14 17 24 33 19 18 17 19 13 27 22 15 24 34 28 25 13 34 24 15 18 19 18 21 13 27 17 31 19 17 32 16 15 24 21 21 25 12 24 15 28 13 32 27 32 10 22 20 20 20 16 37 9 21 14 24 24 30 25 39 
22 14 18 25 27 26 24 31 20 22 23 6 22 25 31 17 25 40 38 16 29 24 19 23 37 26 15 25 28 18 24 16 27 21 19 23 32 24 20 27 28 29 22 12 12 17 22 23 25 23 27 29 22 15 18 31 20 27 34 30 15 20 14 17 19 22 24 24 15 26 18 29 16 25 38 
27 24 17 25 37 21 34 11 15 26 29 18 12 16 29 25 13 31 20 14 24 13 28 20 30 27 6 23 25 14 41 26 33 19 22 23 24 18 17 23 29 26 21 11 20 33 17 19 23 28 25 19 21 36 19 22 22 11 35 13 14 26 15 17 7 14 24 14 14 20 35 31 18 25 33 
17 21 16 18 28 17 35 15 29 43 22 32 22 21 25 23 12 24 22 27 25 28 29 13 32 26 14 14 31 11 21 22 26 23 11 35 22 20 18 29 28 23 26 15 15 20 19 18 26 27 24 20 16 27 11 21 18 13 23 27 5 31 13 11 17 19 47 12 14 14 24 26 28 24 22 
36 17 18 23 25 18 14 23 26 22 23 20 21 20 18 24 24 20 30 33 21 21 18 22 30 24 20 24 29 16 47 35 34 20 12 25 21 14 18 19 31 29 24 19 21 23 28 16 11 19 23 40 19 15 22 15 16 16 20 31 17 25 11 18 8 1 38 11 23 20 20 40 22 41 39 
25 13 12 25 21 28 41 27 36 18 36 27 20 27 44 17 18 28 15 28 14 27 20 8 10 27 13 28 26 28 41 19 29 25 6 24 29 13 10 14 26 19 23 8 19 27 13 20 19 22 15 22 16 22 20 17 13 29 20 25 21 32 13 27 23 8 20 13 11 21 16 41 18 42 14 
32 27 19 26 33 22 38 15 17 15 35 29 14 13 30 11 18 36 24 35 45 30 12 16 27 21 23 16 15 21 50 38 16 23 21 21 6 17 17 31 10 19 29 22 11 26 22 19 17 34 21 16 10 23 10 12 17 21 23 25 27 41 18 22 20 17 28 19 17 16 13 18 29 30 20 
17 20 15 12 13 25 29 25 19 33 25 18 17 27 27 27 24 36 28 15 34 21 9 27 37 27 19 22 27 19 27 18 27 13 20 12 31 18 13 27 29 16 20 18 14 14 20 19 25 20 13 21 10 32 14 8 12 20 16 18 23 4 17 19 19 22 37 13 16 16 23 32 23 46 26 
31 16 14 19 32 26 16 21 15 32 30 28 25 23 23 22 20 31 35 29 33 14 23 16 37 20 15 23 17 18 40 18 21 16 19 26 48 16 13 18 22 23 22 18 16 19 36 16 29 17 16 28 17 20 16 18 13 12 27 31 8 20 9 25 17 25 25 15 15 21 31 33 18 17 32 
39 12 11 14 26 11 29 16 12 19 25 25 19 25 18 14 17 31 34 34 35 18 10 20 36 27 13 23 25 8 46 26 37 16 15 32 29 24 19 15 16 23 17 23 14 29 35 23 20 16 14 30 14 24 21 25 18 33 32 20 15 28 15 24 13 18 28 12 21 30 14 37 16 41 21 
23 23 13 25 42 26 31 10 17 34 16 27 20 30 26 17 22 28 24 26 44 22 20 19 35 12 16 10 27 21 21 27 30 31 8 24 29 21 17 21 27 25 14 7 15 26 27 21 22 17 22 33 25 29 25 18 16 19 25 21 15 30 15 23 17 14 14 13 14 10 37 28 29 23 14 
35 24 16 25 37 18 27 29 23 28 25 16 23 11 32 11 16 41 23 21 20 21 25 16 28 12 11 33 13 26 27 40 23 19 20 21 22 18 14 21 37 24 32 11 13 35 31 8 29 24 21 25 30 23 23 14 26 15 28 36 13 22 10 22 30 18 24 21 24 17 15 41 13 34 30 
27 11 20 11 31 29 12 15 12 43 37 11 21 14 37 20 26 25 32 15 24 22 6 25 20 26 16 21 22 22 35 25 38 16 20 22 16 15 12 20 18 20 18 20 19 34 30 27 18 18 24 24 23 20 21 11 20 32 27 25 21 33 12 17 30 14 29 12 12 14 30 32 13 40 47 
25 15 2 30 30 16 29 18 26 24 36 23 16 27 26 21 20 29 19 10 23 18 14 17 36 10 14 19 21 16 23 24 13 18 19 16 25 17 10 23 18 29 14 11 18 43 28 15 26 18 21 22 21 15 17 11 16 33 25 29 15 44 8 19 18 22 28 18 17 13 32 29 17 20 30 
23 18 18 26 28 21 23 18 19 41 20 9 21 20 26 14 12 22 38 19 44 13 26 16 26 17 15 24 24 19 24 23 27 17 17 33 9 15 13 20 24 21 20 11 16 34 18 17 20 30 19 27 11 24 11 20 18 18 9 21 19 27 14 17 15 14 35 16 17 21 25 38 29 31 26 
34 14 11 15 21 25 29 19 33 32 25 33 17 29 42 27 26 30 23 26 20 24 15 12 29 26 11 26 25 22 23 22 29 18 18 29 9 18 22 26 11 29 17 12 14 28 28 22 20 17 20 44 23 14 17 12 15 16 25 22 15 27 19 20 11 17 32 11 6 25 26 21 36 29 26 
20 15 21 21 9 24 29 15 22 29 25 24 19 23 39 21 22 27 19 36 16 19 23 16 19 23 12 19 17 23 29 20 16 14 17 33 18 19 15 31 37 31 15 18 14 31 31 23 15 28 25 30 17 12 22 16 21 19 27 35 25 17 17 19 4 9 30 16 26 18 28 19 14 34 23 
34 19 11 33 33 30 29 25 21 32 22 28 18 23 22 11 20 30 26 26 5 20 18 23 36 30 5 24 30 14 25 16 28 24 18 29 19 8 12 14 30 15 23 19 26 25 22 14 26 26 17 13 21 14 18 19 10 32 23 24 7 18 15 18 18 11 45 11 17 20 21 29 18 19 34 
31 16 20 23 21 20 27 30 26 24 20 18 21 20 23 16 25 27 18 17 41 25 25 21 22 22 18 26 17 25 24 15 26 15 19 29 11 16 15 30 15 16 22 19 13 31 21 19 15 17 19 27 15 28 17 23 19 32 21 25 14 15 10 18 19 20 35 18 27 24 35 36 32 33 22 
20 18 23 13 32 19 26 26 22 20 32 20 12 26 24 17 27 29 21 13 19 25 21 19 27 21 11 19 16 15 30 12 34 16 27 21 30 6 18 18 23 15 22 11 11 26 28 25 23 24 25 31 20 16 15 21 20 37 25 39 28 27 11 24 21 15 16 16 14 25 29 29 32 35 22 
26 15 19 44 18 34 35 19 15 21 33 19 17 21 2 21 27 48 23 31 32 22 17 16 26 14 17 19 27 25 17 35 25 20 27 29 18 19 8 32 27 24 20 14 12 22 23 27 23 26 14 23 17 13 28 13 12 27 37 37 13 29 14 19 16 12 36 16 17 16 26 31 31 33 22 
12 14 18 27 30 14 26 17 27 28 33 22 17 18 23 19 23 17 22 22 39 32 7 16 31 13 22 19 31 25 40 26 32 24 22 54 9 23 17 21 20 13 35 10 19 30 20 23 40 30 25 12 28 22 14 33 16 29 23 27 15 32 15 24 21 16 29 9 21 8 22 25 21 20 28 
21 15 18 4 24 26 25 17 18 40 24 29 26 6 24 15 22 14 32 14 31 20 19 22 22 12 15 22 31 21 20 32 41 21 12 25 32 15 15 24 20 15 22 20 13 26 17 26 26 32 23 27 10 25 14 23 13 22 21 23 19 12 20 21 16 17 29 10 11 26 13 37 23 31 27 
23 19 18 29 37 23 28 20 14 31 33 23 17 24 21 29 18 27 30 22 28 7 19 16 27 15 13 20 28 18 25 28 23 16 19 38 40 20 11 10 27 24 14 10 11 23 25 20 19 21 29 26 16 14 14 15 13 25 45 42 16 33 21 17 19 9 46 15 14 16 20 25 25 40 38 
35 13 9 28 52 24 23 22 18 29 32 24 6 17 19 21 25 32 19 21 34 17 18 13 45 25 18 16 17 24 23 13 24 19 9 21 25 13 17 17 30 27 31 17 13 27 28 17 20 21 14 19 29 35 15 15 15 30 28 19 15 26 17 22 23 22 39 17 10 18 22 31 18 28 39 
16 15 15 37 11 27 21 20 29 20 22 20 27 25 20 24 12 25 35 27 26 25 19 10 42 17 20 29 28 23 31 16 32 16 17 25 15 24 12 23 18 14 18 16 20 30 39 23 20 20 24 24 21 9 11 22 14 14 24 33 5 29 12 21 20 9 33 18 25 21 38 36 23 18 35 
26 21 16 15 24 26 42 25 19 33 37 24 13 18 23 23 31 26 31 16 47 20 17 19 30 9 11 19 17 25 11 31 25 21 25 32 22 18 16 19 23 21 13 13 7 35 14 22 30 30 22 29 21 19 16 27 16 26 42 31 21 15 18 21 18 14 22 6 21 22 23 41 15 37 13 
27 21 18 28 27 26 35 21 20 25 24 25 13 18 21 14 13 42 26 17 26 20 28 19 32 27 15 11 26 12 42 27 19 24 25 30 31 26 17 17 25 18 16 18 12 25 28 13 21 20 21 29 15 19 17 14 16 20 37 31 17 47 9 10 10 14 16 18 25 33 19 18 33 30 12 
29 20 19 21 38 19 38 21 19 21 21 24 21 18 22 25 28 25 39 30 50 28 18 18 48 32 10 23 26 19 32 26 27 16 22 29 31 18 24 4 19 26 31 12 10 28 28 7 11 18 21 12 18 20 12 26 14 32 6 30 13 27 6 22 18 20 34 15 8 7 26 25 24 26 38 
30 22 23 22 43 17 21 21 14 28 18 24 24 31 39 12 20 24 24 32 25 21 23 10 28 18 20 8 27 15 22 26 26 22 15 28 20 19 13 26 21 26 19 11 15 25 36 20 20 19 23 29 15 25 8 12 21 9 24 14 23 24 13 19 26 14 18 13 17 35 27 37 20 8 34 
38 25 18 11 31 15 26 20 24 26 30 23 21 17 29 16 25 25 23 20 30 21 25 10 30 26 14 13 36 36 38 17 32 19 6 32 31 22 17 37 16 25 15 22 14 31 15 22 21 23 23 16 6 24 26 24 20 36 28 23 24 33 12 18 12 17 29 15 17 13 25 43 32 37 29 
27 11 16 26 37 30 21 27 26 35 32 27 20 26 24 21 16 38 33 26 22 15 26 7 29 21 9 8 28 17 47 19 37 17 17 44 34 10 15 23 33 20 8 16 17 31 22 17 18 26 6 28 16 20 17 22 14 36 21 26 17 27 19 16 20 22 38 17 14 23 38 36 22 25 31 
26 13 12 21 23 21 26 18 29 10 28 18 19 32 28 23 21 34 21 38 23 27 16 24 35 33 24 20 40 13 38 29 23 16 19 11 19 19 10 15 25 17 29 21 17 36 14 22 26 5 28 25 18 22 30 18 17 33 27 18 13 16 19 21 16 18 26 11 13 9 29 33 24 36 37 
26 20 14 29 45 19 31 22 26 31 35 23 17 13 43 9 33 14 32 36 12 23 17 13 25 30 17 18 8 29 27 16 21 22 16 37 18 26 18 27 24 18 23 21 18 33 34 20 28 21 23 25 19 10 21 22 16 30 32 22 22 13 20 15 17 8 31 21 9 16 31 28 23 40 32 
25 19 18 34 39 25 29 9 15 27 27 9 16 15 36 14 29 27 20 32 21 18 17 11 34 22 18 21 23 23 36 25 29 14 18 24 18 20 16 25 20 26 16 10 18 16 24 30 23 20 25 23 25 21 28 32 18 20 26 21 16 24 14 17 13 18 37 18 16 13 26 26 18 37 33 
36 7 15 30 18 13 32 21 22 26 27 16 20 15 27 9 17 33 25 28 20 14 22 14 21 28 16 16 22 21 33 19 29 22 23 23 29 10 9 27 31 19 33 13 16 30 20 15 24 20 18 17 10 30 21 16 12 21 24 16 17 43 16 26 15 12 18 20 14 25 25 20 24 33 35 
26 13 12 21 30 21 22 30 15 37 28 21 28 22 32 17 22 35 42 31 55 27 20 18 32 25 23 15 32 18 36 24 18 8 22 12 29 21 18 21 19 22 21 20 17 32 21 16 39 18 18 26 28 24 13 22 17 30 30 28 18 24 17 20 24 8 32 18 21 18 25 22 36 26 24 
22 10 19 35 25 18 12 10 27 19 28 14 25 19 40 22 32 35 25 27 29 23 18 15 35 33 15 14 33 13 38 23 24 17 8 15 24 19 11 23 22 20 20 17 13 34 17 25 26 15 23 36 21 18 18 22 14 18 8 17 14 31 10 8 26 10 15 22 18 21 31 40 32 26 15 
21 21 18 21 44 25 21 28 25 17 20 28 22 16 17 21 24 19 29 38 31 16 18 21 13 25 21 28 29 23 38 24 25 18 18 18 23 18 10 25 21 21 28 16 17 24 31 28 29 21 14 23 22 18 17 13 19 15 19 28 13 21 16 14 19 20 33 12 19 12 32 35 25 27 31 
35 14 18 21 25 22 24 27 24 31 29 25 20 9 14 21 25 36 39 18 34 19 17 23 30 21 22 21 32 28 35 10 41 12 10 27 27 16 18 19 20 13 10 18 23 30 18 21 31 21 22 22 16 24 16 23 19 21 25 21 17 25 23 15 18 30 41 15 15 17 14 28 17 32 50 
17 15 20 29 33 23 37 21 31 22 18 23 25 11 31 19 16 33 25 31 27 13 7 15 26 21 22 28 26 20 25 29 19 22 13 26 47 29 13 20 23 27 12 23 19 28 28 18 13 25 13 28 15 14 17 22 14 27 33 31 14 31 17 23 19 22 34 11 23 15 33 24 32 12 36 
17 16 16 19 20 28 26 29 15 31 21 10 9 26 20 12 22 14 16 25 40 28 16 18 17 25 13 16 23 25 39 36 26 20 14 27 21 20 18 17 21 4 31 16 17 35 27 28 14 28 25 31 17 17 19 15 17 24 30 25 11 31 14 20 13 19 46 21 20 20 39 22 28 30 39 
19 18 14 24 36 16 41 25 24 34 25 20 20 20 31 18 21 24 30 22 32 24 18 23 20 24 14 17 29 10 27 29 25 20 11 24 24 19 11 18 27 11 25 14 8 25 17 16 18 23 20 25 20 24 21 16 18 30 23 18 17 21 17 9 22 17 18 6 21 21 17 24 28 35 23 
21 12 17 19 32 10 22 21 9 36 29 28 34 18 31 33 23 28 15 21 23 15 21 23 31 21 10 14 19 31 31 16 47 26 24 19 23 15 14 17 31 26 23 16 14 42 23 21 23 25 22 20 20 23 22 25 14 26 26 32 13 29 15 25 16 26 38 15 20 22 28 37 25 30 34 
18 14 17 23 37 18 25 20 21 31 45 21 12 17 24 24 17 27 30 27 25 13 23 19 31 13 8 26 10 28 34 12 13 17 26 15 30 21 13 21 31 26 17 21 14 32 34 18 29 28 32 29 13 31 13 13 20 23 36 34 15 25 14 31 16 15 46 12 16 32 28 21 35 40 25 
16 14 17 21 27 13 25 25 18 31 12 22 19 10 30 16 20 33 18 21 33 35 28 22 48 18 13 24 19 29 30 13 40 19 15 26 22 19 16 14 10 35 23 15 19 41 24 15 13 27 20 13 17 21 15 16 17 33 21 23 18 28 15 23 14 14 17 20 19 20 26 34 10 13 29 
29 8 16 30 23 19 26 17 31 34 37 20 12 27 17 18 24 23 32 13 29 26 21 17 37 16 12 17 20 31 35 27 30 25 24 13 19 22 17 22 21 22 28 25 14 43 12 20 23 20 15 24 14 15 23 9 23 32 26 17 21 18 17 22 15 15 49 19 16 28 18 34 37 20 10 
14 11 18 26 57 17 26 24 27 38 21 17 15 23 33 20 16 30 33 16 34 26 22 11 29 11 16 19 8 17 29 16 46 17 17 27 25 18 15 19 23 13 24 12 15 19 27 20 29 29 22 33 31 17 13 7 28 27 19 24 22 26 15 19 16 16 26 5 30 31 30 35 19 35 35 
21 22 12 16 22 17 17 23 14 26 42 18 21 19 39 22 18 11 34 20 23 31 25 19 37 22 14 22 22 19 34 37 28 26 13 29 31 22 10 29 34 18 16 17 15 37 17 26 28 16 19 18 17 27 19 18 14 27 22 26 3 18 9 22 13 29 32 13 14 21 28 32 28 36 33 
31 18 13 25 18 22 23 14 24 32 36 18 34 19 23 20 22 31 17 26 33 12 17 22 35 13 17 18 30 14 23 11 39 23 23 24 19 16 15 19 6 26 30 22 12 28 32 23 20 18 21 27 16 17 9 25 16 33 30 23 13 27 20 21 21 13 33 11 15 26 15 30 27 31 34 
18 17 12 32 41 25 30 21 21 29 40 20 23 15 34 15 19 19 25 23 31 6 30 15 24 18 20 19 29 20 32 33 39 15 16 24 25 20 17 26 26 11 18 11 13 29 25 22 15 19 30 8 22 12 11 27 14 38 20 22 9 18 17 22 24 27 17 16 28 21 30 14 15 20 38 
31 6 14 30 16 9 35 11 20 35 26 26 19 13 16 16 21 34 29 24 22 14 23 17 20 35 15 16 27 20 33 27 24 21 13 32 26 23 13 24 30 16 23 13 15 30 20 26 31 19 11 21 19 19 17 16 31 30 43 22 18 32 17 23 23 17 23 21 20 27 19 28 18 36 32 
30 27 21 20 23 15 30 16 27 22 30 20 17 26 7 14 19 33 30 28 20 27 23 21 22 34 11 31 42 30 33 31 26 22 24 22 17 17 9 26 25 25 22 17 15 28 24 26 30 21 18 29 29 36 22 17 12 28 23 24 14 19 13 18 6 20 27 18 17 22 27 33 29 25 30 
29 21 20 22 19 17 39 24 16 25 17 24 14 27 33 14 17 30 46 20 25 7 10 16 21 32 19 23 16 24 35 11 21 31 11 24 26 21 14 32 20 18 32 16 18 26 39 22 21 15 5 31 10 22 19 16 10 24 18 19 19 37 17 13 14 22 35 20 18 19 14 11 16 44 29 
31 18 15 20 25 28 27 24 29 25 26 17 15 19 14 14 25 26 25 22 34 11 11 13 24 27 13 25 27 37 25 25 29 20 16 23 18 17 13 23 26 29 23 11 16 24 30 23 17 21 21 23 13 16 22 13 19 36 33 28 13 36 17 25 23 22 32 14 27 26 11 32 27 29 41 
23 17 20 21 22 36 25 19 9 40 16 24 20 13 19 23 13 23 31 27 30 14 15 20 31 14 12 15 33 29 25 23 25 19 20 30 20 16 16 20 21 27 28 21 17 30 30 10 23 28 21 18 17 24 17 19 10 20 37 20 24 26 13 20 19 22 31 18 18 13 15 17 18 45 28 
20 18 22 22 41 17 26 22 18 24 40 22 7 20 35 30 30 16 28 19 16 9 34 23 32 17 21 18 23 21 42 26 37 21 19 36 35 18 19 22 22 27 19 25 18 38 18 12 23 20 29 17 21 20 21 21 22 20 20 23 19 37 16 23 15 18 48 12 17 12 21 28 29 20 24 
15 6 18 24 29 23 25 6 16 37 21 25 30 21 30 8 38 27 42 27 34 30 12 22 44 24 15 19 38 19 41 20 40 17 18 37 19 13 21 30 18 28 32 20 19 50 39 18 25 24 16 35 25 26 22 18 16 29 17 20 22 23 20 16 18 14 26 10 10 13 40 38 39 14 29 
27 20 18 20 34 20 29 24 20 32 22 25 27 21 42 26 20 32 40 17 33 20 14 28 33 29 7 14 37 23 17 21 22 18 15 32 24 19 13 27 25 19 26 18 9 20 31 20 25 22 23 31 18 22 12 21 18 39 29 29 9 16 16 20 8 19 14 13 21 22 19 45 29 21 33 
34 21 11 19 22 28 37 29 22 30 15 25 24 16 29 29 12 27 32 19 22 24 15 14 25 20 8 24 19 21 31 16 32 19 22 30 12 13 12 16 23 26 20 15 14 41 22 8 27 27 8 16 20 13 13 26 16 36 28 26 23 24 14 21 15 17 24 16 12 25 22 41 20 20 18 
36 5 19 33 30 20 26 16 22 23 22 15 25 12 12 17 16 36 26 28 42 20 31 13 25 22 12 17 11 13 24 19 34 14 13 28 25 16 13 21 23 13 24 19 8 27 17 26 25 15 23 22 27 11 19 34 16 21 26 17 16 25 7 27 24 7 9 17 22 20 17 24 18 25 16 
32 18 17 14 25 24 18 26 22 34 21 21 22 20 25 15 28 28 25 8 31 17 19 13 38 28 13 17 22 15 23 39 28 20 23 25 27 20 21 16 26 20 23 15 20 35 37 11 15 19 31 33 15 36 15 22 16 30 17 24 13 45 12 24 24 10 25 12 22 11 11 18 12 22 27 
29 20 15 14 34 28 21 27 16 14 34 26 21 18 21 16 14 25 30 31 32 17 15 19 33 22 9 29 27 32 22 34 27 18 13 12 2 18 8 26 21 24 33 15 14 33 20 10 18 25 16 27 21 28 23 25 18 8 31 23 15 25 17 14 19 16 41 19 15 3 28 32 17 23 37 
12 16 13 25 30 27 38 25 24 18 23 23 27 14 28 22 23 27 25 29 15 25 18 8 29 16 11 18 27 20 41 29 34 25 16 19 20 18 24 31 28 23 21 16 20 45 27 25 13 24 22 24 15 24 19 13 18 31 29 15 16 35 22 22 12 16 24 18 23 22 14 33 19 34 28 
45 14 12 28 20 31 22 25 19 23 13 22 13 8 26 17 29 36 17 28 31 23 17 10 33 26 14 15 18 25 32 20 33 17 24 25 26 8 7 25 27 23 19 13 14 22 23 14 21 11 12 12 18 22 17 21 14 41 26 21 19 33 17 22 20 26 32 16 15 24 23 32 27 28 36 
33 12 13 25 35 24 29 24 19 34 18 14 28 21 36 12 22 45 18 24 40 22 29 20 19 21 11 13 37 12 36 28 45 22 16 26 23 17 17 23 22 20 32 14 17 53 33 18 21 21 22 27 13 26 26 11 15 30 10 23 19 25 13 23 14 14 24 16 7 24 22 33 18 39 42 
33 19 21 30 22 19 36 27 23 28 22 27 20 26 35 18 34 24 13 23 20 18 23 16 38 23 16 19 24 28 19 30 32 8 12 36 22 17 13 26 16 23 23 18 13 35 20 19 35 22 23 26 25 27 21 21 21 14 32 26 21 28 7 9 24 16 46 22 19 20 30 16 8 36 29 
33 14 22 26 33 34 27 28 21 25 26 19 15 16 20 6 23 35 40 31 41 19 14 20 30 27 15 22 38 14 30 31 21 22 19 22 17 14 12 21 25 25 19 19 20 37 18 14 16 15 23 26 19 18 20 20 9 21 29 20 24 13 15 29 22 20 40 14 10 11 33 30 27 26 19 
24 20 13 26 33 20 18 16 31 25 19 19 23 22 31 17 26 32 29 25 18 24 14 26 25 24 16 16 28 27 40 8 31 20 13 27 23 23 18 25 31 30 22 18 17 32 20 13 14 18 17 21 17 25 18 22 17 30 28 25 18 20 19 10 23 17 25 15 10 24 22 32 25 28 32 
28 21 17 8 24 20 34 15 16 34 27 21 22 13 27 19 21 34 36 22 31 22 18 18 22 20 16 14 26 13 25 22 22 28 25 24 22 16 9 32 34 13 27 21 12 23 21 20 20 24 25 24 23 19 20 14 17 31 23 18 13 28 14 20 16 12 31 20 20 30 35 23 22 29 29 
8 21 16 25 22 23 39 25 13 14 35 26 16 24 18 21 27 38 48 20 33 21 24 13 28 19 15 23 35 21 40 14 19 18 16 14 20 19 18 32 26 24 20 15 18 26 32 20 21 14 25 29 29 17 14 11 21 17 34 28 14 20 12 16 22 17 30 15 23 29 37 27 33 26 23 
46 15 19 28 39 27 25 17 26 28 24 21 20 25 23 16 22 22 40 36 36 23 37 13 35 22 16 27 19 16 18 17 28 14 21 28 26 20 11 17 21 25 33 11 10 25 23 20 24 29 21 17 18 10 13 18 24 13 21 21 14 28 13 17 16 13 29 18 16 27 18 24 37 33 27 
35 15 17 19 34 18 29 22 24 20 29 29 29 19 25 7 20 38 22 19 44 15 18 8 42 21 11 21 26 25 29 25 27 24 22 22 23 16 16 20 16 20 26 17 14 27 31 26 46 23 17 9 21 23 14 9 16 35 29 25 26 37 20 22 19 18 42 11 20 28 19 29 20 23 23 
17 13 12 17 24 24 28 24 21 33 30 26 13 17 20 13 10 30 33 46 30 23 18 19 26 16 9 25 33 25 34 31 24 19 24 17 27 7 14 16 18 28 32 18 16 31 44 19 22 4 20 21 9 5 22 20 16 21 24 30 20 18 10 18 17 11 22 14 18 19 40 30 30 28 36 
25 14 20 24 43 32 34 14 33 19 16 17 22 18 26 12 19 27 27 32 31 14 17 16 41 21 22 22 30 31 38 25 46 24 22 25 28 20 12 24 18 28 12 18 11 36 26 28 19 16 24 10 24 33 13 22 12 33 33 28 14 18 11 15 15 15 24 19 26 19 28 32 23 38 22 
32 7 19 17 41 24 18 26 24 32 25 21 20 7 27 9 33 23 27 16 37 25 14 23 40 18 20 27 23 36 22 26 36 16 23 29 30 19 12 19 28 31 19 16 15 28 41 8 21 25 24 21 15 23 12 20 21 24 17 32 23 32 9 28 19 20 18 19 15 23 30 27 19 21 38 
27 17 19 23 41 27 22 28 22 27 22 35 21 31 6 20 25 21 28 17 22 20 9 15 30 21 16 18 32 30 37 45 37 11 19 35 29 21 11 20 14 23 31 14 16 24 21 13 23 23 30 20 15 24 19 20 19 33 18 26 17 21 13 17 12 10 29 8 18 36 21 9 27 22 29 
29 23 13 31 38 22 14 9 18 12 33 25 28 15 35 27 15 29 25 32 29 22 21 14 31 19 13 12 16 32 34 28 28 15 30 28 21 11 11 29 24 22 15 7 22 42 20 14 22 15 18 35 22 15 24 26 10 9 32 32 20 15 12 17 16 17 16 17 33 17 25 32 22 27 31 
28 28 17 22 21 31 23 19 14 35 30 26 14 20 29 20 20 35 27 22 24 26 22 18 35 26 8 17 39 18 26 33 33 17 21 31 13 24 16 20 19 19 19 19 14 43 34 12 16 22 13 24 24 20 14 17 19 16 26 26 24 14 7 19 19 18 9 8 17 14 33 39 22 15 27 
30 13 14 32 24 23 18 16 11 30 27 23 23 26 25 22 26 20 29 22 32 14 21 19 17 27 18 22 30 28 29 25 10 18 22 19 13 15 14 7 16 23 14 21 18 37 32 19 19 17 13 21 20 29 23 31 11 16 13 26 23 22 13 17 16 15 41 22 19 19 25 17 18 33 41 
30 16 17 11 31 26 29 21 27 27 27 12 23 16 21 18 19 23 21 25 32 22 23 16 32 27 16 28 30 25 35 21 27 20 10 27 21 14 14 23 29 22 15 21 20 39 34 22 27 10 15 34 16 22 10 9 21 38 42 33 8 26 14 22 21 26 21 22 15 28 27 17 18 30 26 
31 17 17 14 45 26 22 23 29 23 26 20 28 25 31 13 16 28 28 29 15 14 17 18 39 21 11 15 29 19 44 41 29 16 12 16 16 17 11 18 27 20 14 11 12 33 36 20 20 22 19 15 9 23 23 17 15 21 19 26 14 26 10 27 21 16 42 15 13 15 26 14 28 29 27 
13 14 11 21 27 15 13 23 25 26 20 7 18 21 13 14 24 43 19 20 23 19 26 7 36 12 20 16 29 29 26 23 23 15 21 27 21 22 14 21 25 23 26 16 8 29 23 33 21 23 29 22 25 18 10 7 19 26 31 21 17 32 19 28 15 19 25 8 13 14 25 30 12 34 26 
17 16 12 22 43 20 19 28 27 44 38 21 20 14 27 17 23 20 32 34 30 29 23 22 19 27 20 15 26 22 18 30 25 23 23 29 7 20 21 25 17 29 24 17 20 36 22 21 31 17 18 28 14 24 13 11 14 18 26 33 20 27 17 10 19 16 43 13 21 30 29 37 20 31 27 
27 7 9 28 52 27 28 22 27 32 31 16 18 11 18 25 18 24 28 15 34 25 16 12 30 18 11 27 4 5 37 32 27 17 20 17 26 17 17 15 12 17 25 18 14 27 28 15 28 25 26 28 30 20 16 24 11 28 33 22 24 27 10 30 13 14 27 14 15 28 28 22 23 26 30 
21 11 18 33 35 34 17 9 25 24 25 24 26 9 8 13 23 27 19 23 21 19 19 17 17 17 15 9 35 13 54 18 22 24 8 29 33 17 20 17 29 12 23 14 10 24 27 13 26 23 21 32 17 23 18 12 17 19 34 12 14 36 10 25 18 11 19 12 22 12 23 30 7 32 30 
29 16 16 17 38 28 23 28 17 19 21 26 18 22 18 14 25 23 27 22 5 12 22 18 31 23 14 20 28 17 13 32 27 24 11 30 33 12 16 27 14 18 24 10 18 47 25 24 21 20 5 21 23 20 18 21 21 27 20 28 21 38 15 12 15 19 34 13 17 21 19 38 26 12 40 
19 24 17 20 41 10 24 28 12 32 26 11 31 22 20 10 28 29 24 26 50 23 21 15 37 18 12 18 36 15 25 15 25 22 20 15 30 22 22 13 28 30 13 13 15 31 17 16 21 10 17 32 22 26 18 13 18 31 33 32 8 35 16 28 12 18 40 17 14 31 28 32 26 29 27 
17 18 20 25 36 28 34 17 23 17 33 18 15 14 15 12 26 27 35 35 32 19 28 21 31 18 10 23 32 23 15 16 35 27 24 30 12 25 10 22 17 17 27 12 15 47 33 24 18 24 26 34 14 12 17 20 22 30 23 29 19 30 16 26 15 20 37 11 20 28 23 30 29 30 20 
33 14 18 34 30 31 26 27 19 32 43 30 18 24 15 17 15 35 22 30 16 19 26 24 38 33 15 19 18 22 23 31 36 16 14 21 23 17 18 28 13 21 17 22 18 40 22 17 31 23 22 31 22 28 21 25 16 28 21 32 17 28 12 20 21 18 32 20 14 9 25 23 24 27 36 
34 27 14 13 35 23 26 17 22 24 32 25 27 17 29 19 20 37 24 24 26 15 26 23 11 23 20 18 38 11 29 28 30 22 9 14 25 20 17 20 25 20 25 18 21 38 17 16 21 16 13 27 23 21 12 7 13 32 28 26 17 34 15 18 17 18 31 10 17 23 13 29 32 14 35 
23 10 15 17 23 15 17 17 15 26 22 27 12 22 29 15 24 31 20 28 24 24 18 25 30 29 22 24 14 31 23 15 19 15 20 16 35 18 12 23 19 12 26 14 15 30 12 30 19 16 9 32 24 21 17 34 12 27 29 32 3 22 15 25 12 26 30 17 19 19 22 43 23 32 39 
30 15 21 25 28 23 41 22 25 18 26 19 13 17 27 13 23 21 26 24 43 10 15 15 20 20 21 27 30 22 36 33 15 18 15 30 20 21 12 16 27 19 27 21 3 32 38 20 14 18 17 25 12 28 13 19 20 22 23 32 14 4 8 31 30 15 35 8 20 27 9 19 34 18 18 
26 7 19 34 40 26 43 16 22 26 20 24 21 24 26 10 29 23 26 24 42 22 22 19 18 21 19 23 28 23 43 17 19 21 24 31 18 17 19 18 17 25 6 13 18 25 20 14 17 16 24 24 14 23 7 14 18 22 30 27 21 15 15 17 19 11 21 15 20 23 31 19 25 37 36 
26 23 17 12 21 32 29 25 26 25 37 17 16 17 4 21 17 35 38 20 24 22 26 18 28 28 16 19 20 22 24 14 36 27 18 34 29 16 14 18 29 23 40 11 22 55 21 28 19 14 19 28 17 16 15 20 12 22 35 31 16 23 12 27 17 18 30 9 16 25 16 35 23 22 33 
14 19 16 19 32 31 26 12 27 30 12 12 12 17 27 10 24 47 32 21 36 8 33 18 23 24 15 18 41 23 18 9 34 24 16 36 15 17 25 28 21 20 29 17 10 20 30 12 27 13 17 29 22 22 19 13 15 22 25 30 25 30 16 16 9 18 36 13 14 21 23 37 26 38 29 
27 10 21 8 39 22 35 21 25 27 39 25 22 14 28 21 11 37 17 25 30 13 35 24 23 18 17 23 31 27 26 22 28 24 29 27 26 18 20 13 26 23 26 13 12 26 26 32 37 23 25 30 10 18 11 24 12 14 21 16 17 22 18 23 19 18 28 13 29 16 14 38 12 14 26 
26 22 18 19 24 26 23 25 13 12 19 15 10 20 32 20 18 29 44 33 17 20 19 19 32 17 15 11 27 20 31 18 27 23 17 20 8 19 11 23 23 13 22 20 14 29 9 24 15 29 24 29 20 28 19 24 17 26 24 19 20 29 10 26 24 16 28 16 16 21 16 31 20 28 33 
24 17 17 27 38 19 23 17 25 28 28 31 13 24 18 15 20 31 40 26 40 21 26 15 26 26 13 22 20 25 25 27 26 16 9 22 33 17 12 16 27 22 18 23 12 33 33 19 20 22 6 30 20 14 20 17 13 31 27 17 19 13 8 15 10 22 30 13 14 20 26 22 31 26 19 
26 19 11 27 28 24 29 26 26 31 21 25 16 14 31 20 22 31 37 20 35 17 21 18 36 24 18 24 33 14 32 12 36 14 17 22 23 24 16 19 36 21 15 16 17 36 25 9 25 26 19 29 21 17 10 16 10 23 26 28 11 29 17 25 16 18 30 20 21 23 25 34 18 46 7 
25 16 18 32 20 19 37 23 36 30 17 18 23 27 24 13 12 40 23 27 23 22 18 17 30 22 18 26 33 19 21 30 22 16 9 26 21 17 20 20 19 28 29 15 10 33 28 23 23 38 18 26 14 17 17 26 13 26 32 28 18 31 20 20 26 26 29 13 24 24 27 16 32 21 22 
47 21 11 18 27 15 23 26 12 14 19 21 18 18 25 20 21 22 30 18 34 30 10 20 26 25 16 25 27 27 22 27 29 13 13 25 26 23 17 12 20 25 24 13 19 24 23 23 8 29 17 36 16 22 14 20 18 28 42 16 21 17 10 29 16 18 39 14 24 22 28 32 17 38 35 
29 18 22 19 31 14 27 23 25 28 25 14 20 18 23 19 11 37 24 22 33 27 26 12 35 16 16 26 43 20 27 22 35 16 25 32 32 19 11 24 23 14 17 14 22 26 41 17 12 23 23 27 22 21 15 10 15 24 21 14 19 28 18 13 19 19 26 23 14 19 25 39 22 31 33 
21 19 15 25 24 31 36 22 23 18 15 17 19 19 24 21 22 27 38 16 30 12 16 18 33 21 14 20 25 18 21 35 32 16 17 16 26 27 18 27 18 24 30 11 14 39 22 19 13 22 22 33 18 24 21 12 15 28 26 28 25 20 20 19 19 16 27 14 21 17 27 35 15 11 22 
13 22 21 28 31 13 14 30 18 42 26 19 26 24 41 9 17 38 22 23 27 23 15 22 27 19 12 21 22 26 38 31 40 22 19 35 28 21 5 18 17 21 24 6 8 24 29 22 20 14 20 16 23 23 22 28 11 25 27 18 24 25 16 30 15 19 33 17 16 26 33 34 30 31 17 
34 16 10 16 26 13 24 17 12 29 20 19 6 21 28 24 21 30 34 28 33 35 28 27 36 21 19 27 27 26 35 30 22 14 15 21 26 23 18 23 21 23 16 22 18 18 32 14 5 20 16 30 17 26 10 22 12 21 25 34 20 25 15 21 28 12 40 20 16 25 18 35 22 26 26 
26 17 19 24 26 25 30 20 23 26 28 26 28 18 23 11 22 25 31 10 23 29 26 19 34 20 18 23 20 27 16 32 36 19 12 34 16 28 22 19 24 23 19 16 13 38 19 15 22 23 16 18 25 23 10 17 20 39 31 22 15 25 13 20 18 23 41 10 18 14 19 44 25 19 39 
39 15 10 26 21 14 25 31 23 24 16 36 14 14 26 23 25 23 32 27 28 28 15 15 28 27 16 14 22 23 30 21 27 11 20 20 25 21 15 25 21 16 22 15 21 39 26 13 25 12 23 7 17 19 17 20 13 11 30 27 24 26 18 26 21 23 49 17 23 22 22 24 31 45 31 
20 16 11 24 24 31 23 10 22 35 32 19 21 8 20 28 23 29 24 32 34 26 22 14 36 23 17 31 21 15 31 14 21 17 13 12 30 15 8 27 22 20 14 13 9 37 17 26 14 14 11 20 24 12 14 23 21 26 24 34 22 26 10 20 25 11 13 14 25 19 24 41 21 33 26 
22 14 19 9 36 19 19 25 19 29 11 22 17 21 23 12 26 27 34 31 39 21 20 14 24 24 12 21 19 21 28 32 14 29 20 7 38 24 16 26 28 26 21 19 13 18 22 15 20 21 18 18 17 21 16 10 11 40 12 22 29 21 12 21 11 16 9 17 13 25 18 26 25 24 32 
25 17 21 4 28 25 32 21 26 34 14 28 18 15 17 18 22 27 32 34 32 19 25 17 36 29 10 9 21 17 33 26 35 10 13 34 33 18 16 20 25 16 35 11 8 9 25 29 17 15 24 30 15 6 17 19 9 30 24 33 20 19 20 25 20 17 37 18 11 22 28 52 25 29 23 
20 12 20 35 37 24 42 27 29 34 19 26 22 16 8 27 23 28 22 29 17 6 26 23 28 25 14 13 23 11 28 37 33 15 23 21 31 17 10 35 14 15 25 18 17 31 27 25 26 24 16 29 17 27 21 29 17 30 29 19 19 21 17 25 20 9 35 14 26 25 18 36 17 32 26 
32 29 9 27 39 13 27 26 24 44 32 19 19 16 24 29 20 24 39 24 31 21 20 12 31 18 18 20 34 27 28 20 17 19 22 36 22 19 20 20 21 21 22 22 19 33 22 19 27 22 25 10 18 16 23 15 17 29 24 38 16 25 19 14 24 10 35 17 22 30 31 32 20 33 21 
29 25 14 21 31 23 37 10 20 29 34 19 26 29 23 14 18 22 42 18 37 10 18 18 21 23 14 27 25 22 43 24 30 26 11 26 31 19 9 32 27 19 25 14 15 25 12 22 22 20 6 18 22 26 10 23 13 39 34 28 26 32 13 13 23 26 22 15 20 15 26 41 23 28 20 
32 24 6 16 32 15 31 27 24 35 30 8 17 19 22 12 18 43 32 28 32 13 26 17 14 15 12 15 23 16 45 32 36 18 18 27 23 19 17 17 17 31 23 20 15 40 30 20 17 26 27 20 17 25 18 19 19 26 17 23 7 19 10 22 26 18 47 8 22 14 38 25 31 35 44 
31 20 11 20 24 20 31 26 15 42 32 26 22 17 31 12 22 27 39 25 35 21 31 23 20 25 16 26 26 24 34 35 29 21 22 16 21 8 9 14 17 18 28 12 13 23 7 25 23 21 27 21 14 15 17 11 12 25 36 13 17 22 12 28 17 28 38 13 20 23 31 42 38 23 26 
19 24 15 21 16 16 26 19 29 31 17 27 17 30 22 20 28 25 9 21 35 19 31 18 18 21 7 26 25 27 37 19 27 19 11 11 27 15 11 16 24 25 13 12 18 18 26 20 18 29 18 18 25 34 9 20 9 25 19 23 16 40 10 19 25 17 20 9 20 35 22 55 26 22 19 
27 20 10 24 22 27 31 13 35 18 19 22 33 25 33 21 26 41 21 20 34 25 12 13 37 29 10 18 27 18 15 22 35 11 15 35 31 20 18 30 30 24 29 18 20 36 33 28 27 27 22 19 16 16 25 28 15 20 27 14 13 23 16 20 22 15 32 15 26 16 25 28 27 22 33 
28 24 15 20 46 24 26 31 33 22 33 27 26 10 36 20 16 45 26 30 32 17 19 15 17 22 7 13 33 15 29 19 40 25 23 40 10 17 14 24 27 26 26 19 15 35 23 8 34 12 20 26 18 25 14 18 14 22 31 32 13 16 16 19 19 15 26 9 22 16 36 39 33 29 28 
21 14 17 28 30 16 37 24 21 18 32 18 25 20 31 25 29 31 34 23 25 31 23 21 28 27 22 15 18 18 29 22 29 13 24 24 37 15 11 20 16 26 31 20 20 33 17 24 26 24 20 33 17 27 19 20 13 30 21 19 19 13 15 10 15 13 18 15 21 22 27 29 28 37 25 
27 21 17 16 33 21 12 16 36 16 28 23 15 12 40 29 28 37 22 21 17 25 24 17 34 13 15 16 13 18 32 38 22 10 19 30 21 17 16 32 22 24 18 18 21 34 18 26 26 19 24 17 19 18 13 15 15 37 22 29 12 34 18 17 15 24 18 12 16 13 39 40 20 34 37 
34 18 17 27 42 17 16 25 24 14 26 20 20 24 38 22 16 22 36 40 28 24 11 16 44 22 17 23 22 25 29 29 27 17 21 27 18 12 15 21 25 13 31 14 18 29 19 19 16 18 31 26 11 28 16 20 13 34 28 26 18 31 7 32 13 24 38 16 20 29 21 40 22 25 38 
44 9 11 21 35 18 34 26 17 24 20 25 11 20 5 23 28 27 18 19 18 28 16 19 36 19 19 24 24 23 25 17 31 18 25 29 30 23 12 17 18 19 24 13 14 31 25 17 20 21 24 24 17 21 10 14 17 25 17 29 9 34 19 26 20 17 20 8 20 19 20 32 12 38 30 
31 15 9 23 39 16 39 12 16 32 18 14 17 20 24 23 31 35 33 26 37 21 11 10 22 22 11 17 19 23 38 2 23 23 20 13 19 26 11 17 22 24 20 15 14 40 29 13 20 25 20 34 26 30 16 19 14 29 25 9 28 20 11 21 24 27 21 20 20 11 20 29 29 26 25 
37 15 23 31 41 19 46 19 11 19 25 17 7 15 24 28 22 38 24 18 38 22 18 20 28 20 11 35 17 22 16 40 39 10 12 15 20 18 9 16 26 21 24 12 14 25 32 18 24 20 27 33 15 18 26 18 17 27 27 9 22 28 19 20 18 15 17 15 24 15 14 31 19 30 25 
21 16 19 34 44 22 32 16 30 30 27 18 14 22 35 14 23 38 18 27 35 31 14 17 34 22 13 25 21 4 40 20 28 30 20 20 17 16 16 17 27 25 22 6 15 19 29 14 24 26 23 31 24 19 15 25 14 30 39 28 18 29 11 19 11 15 21 12 16 16 25 51 17 32 42 
24 22 16 32 43 20 15 21 17 33 26 35 28 25 14 21 31 20 28 27 29 23 16 14 26 20 18 21 17 31 29 21 33 23 22 15 27 15 13 25 22 18 20 21 7 24 35 25 27 18 31 32 24 19 7 19 20 29 17 24 20 23 20 15 7 20 38 15 24 21 29 38 34 38 30 
33 4 14 36 30 30 37 27 20 30 19 24 14 23 18 27 19 25 40 13 17 27 15 24 26 21 14 14 25 34 44 23 26 23 18 19 24 19 16 31 27 20 14 15 14 8 28 13 24 25 22 22 14 18 17 32 16 22 40 25 16 22 23 28 15 24 44 15 22 22 20 25 23 30 47 
40 17 17 28 34 24 13 21 35 25 21 32 15 17 28 15 27 29 38 39 29 31 26 15 33 22 12 20 28 20 26 30 32 24 18 23 25 3 18 13 16 25 21 23 11 38 25 17 7 27 6 29 20 19 18 24 19 23 41 33 18 25 11 8 20 13 24 17 24 26 25 27 30 32 19 
30 11 16 24 17 16 19 31 31 18 21 15 30 21 23 16 15 35 22 30 25 22 20 18 39 23 15 15 17 26 19 21 33 21 14 38 22 24 17 28 29 15 26 9 17 28 20 27 7 16 13 24 13 23 10 22 18 20 21 34 19 36 13 21 16 21 32 16 20 23 24 23 33 22 19 
21 22 21 28 33 17 23 11 24 18 30 21 18 28 30 21 14 27 34 30 22 23 24 22 25 23 18 24 24 22 28 10 32 24 24 31 13 19 12 15 27 20 20 21 9 32 19 12 28 16 19 29 18 27 17 20 20 25 26 21 20 27 11 21 17 16 49 11 21 18 34 28 25 10 29 
28 14 18 29 42 31 35 19 18 33 22 15 24 14 12 17 21 32 20 29 16 15 14 18 32 21 15 19 20 14 35 35 53 19 15 6 24 19 22 27 21 10 21 11 20 23 18 20 26 25 16 37 18 26 9 19 15 24 28 23 17 30 33 17 20 28 33 8 16 13 25 22 13 24 44 
18 16 20 22 24 20 22 30 24 17 16 18 21 21 14 22 16 38 34 21 22 31 27 12 26 23 19 22 30 21 42 35 43 19 20 20 19 15 17 19 29 22 19 17 9 28 33 33 20 20 30 37 16 18 14 22 15 20 21 22 22 41 8 19 26 21 24 19 14 14 19 24 21 33 27 
11 14 7 26 25 20 16 26 16 17 33 13 9 16 34 12 34 27 41 12 22 12 28 14 29 27 15 17 26 29 32 16 34 16 25 30 34 17 19 29 35 22 26 22 18 29 31 25 13 35 20 26 19 25 30 21 14 35 24 28 26 27 20 12 12 17 33 10 23 14 20 26 25 23 37 
28 12 15 20 24 25 34 4 24 25 19 17 15 19 32 17 19 17 31 4 38 19 18 15 20 22 12 9 24 30 24 29 27 11 11 14 13 15 16 33 31 28 24 21 10 21 16 13 21 12 22 22 21 19 18 19 9 37 29 18 15 27 15 25 16 13 32 13 14 16 21 34 21 34 24 
26 14 15 18 24 27 24 8 25 34 17 19 22 24 21 22 15 27 34 25 34 19 27 22 28 23 27 16 16 29 35 28 21 18 16 25 25 16 16 27 28 17 33 20 14 36 38 20 30 14 18 30 12 15 15 17 22 23 31 32 12 25 10 19 18 21 22 11 21 12 26 29 21 26 42 
26 13 15 12 22 18 27 25 24 30 28 18 31 23 25 28 40 38 19 31 28 10 21 13 27 25 19 17 20 14 24 25 36 19 15 27 18 17 21 19 16 26 34 11 16 24 18 26 23 25 27 18 18 23 14 30 21 30 24 19 22 27 14 36 20 26 18 12 18 19 20 33 7 30 28 
36 18 11 16 32 20 21 32 22 6 19 11 2 16 22 13 26 39 26 26 41 20 13 16 36 22 14 17 20 34 37 21 29 7 18 16 29 13 11 22 21 19 27 14 18 39 19 24 24 24 26 41 27 31 18 12 14 26 24 35 23 34 22 24 26 15 22 15 21 30 25 24 28 33 21 
17 26 14 21 34 35 25 21 17 20 39 29 24 14 40 23 7 30 20 21 37 28 11 13 28 9 11 15 27 23 30 24 25 22 17 25 22 19 12 32 33 16 22 20 16 33 19 14 23 22 25 20 16 23 14 14 13 31 22 17 16 29 16 21 26 16 37 12 19 22 23 28 12 27 21 
24 13 16 22 42 22 20 26 25 8 24 21 16 27 16 30 14 27 21 27 32 17 24 11 33 23 18 23 20 18 17 32 25 16 18 22 23 17 11 19 21 17 27 15 8 34 28 27 24 21 19 32 19 28 12 20 18 29 27 24 19 40 21 20 16 16 22 17 19 27 35 24 28 19 20 
18 7 21 25 47 30 33 29 21 29 37 23 29 13 28 7 24 41 31 37 25 12 21 12 41 21 18 23 11 26 25 21 22 12 15 32 13 23 20 28 14 23 15 22 14 29 22 21 23 19 19 23 25 26 21 23 21 33 25 22 20 29 23 21 21 13 33 18 19 30 33 27 23 30 26 
28 14 14 17 24 25 31 25 30 26 23 29 28 26 26 15 31 38 2 18 34 13 21 14 28 24 9 19 21 13 34 31 14 25 23 29 28 15 19 26 18 27 30 19 20 15 24 18 25 23 21 18 13 23 19 25 18 27 27 22 15 18 11 9 18 13 34 8 14 27 10 24 9 24 36 
19 13 19 22 25 24 29 23 25 28 23 22 31 17 28 12 24 37 32 32 22 20 21 10 24 44 9 22 19 24 32 25 40 23 16 28 15 13 13 26 15 21 24 14 13 27 21 20 15 24 9 26 26 29 8 18 9 19 17 33 18 32 14 28 24 15 25 10 19 12 18 17 34 36 33 
23 11 13 30 23 25 30 32 24 34 25 29 6 14 25 12 22 27 7 36 23 28 20 19 27 14 14 15 28 26 34 25 21 12 18 25 22 19 11 33 26 16 20 17 13 36 20 26 15 10 18 20 23 24 11 16 13 20 25 17 20 28 22 21 20 13 27 10 12 23 31 39 16 33 31 
23 15 10 28 33 26 34 17 22 26 33 11 24 17 34 13 10 24 45 32 22 22 30 20 40 8 13 30 20 24 45 25 32 13 12 26 15 21 16 22 25 31 27 24 17 44 28 13 28 26 17 31 20 31 12 20 13 26 35 20 14 30 14 33 19 18 23 14 26 19 30 27 30 32 41 
32 13 19 20 19 31 28 26 18 10 30 29 9 15 41 12 28 27 34 28 35 7 18 18 38 18 13 24 41 13 24 24 34 17 17 28 23 15 9 33 19 30 21 15 9 28 21 10 28 28 14 24 22 21 19 16 17 18 25 23 24 18 17 14 17 7 41 16 19 20 36 22 30 33 8 
31 17 14 36 42 17 34 19 28 28 7 25 21 25 31 22 20 27 32 24 41 14 16 15 38 13 17 20 26 17 32 18 25 16 10 22 25 19 16 24 28 27 19 17 14 36 24 21 30 24 25 22 23 32 19 17 23 45 24 25 12 26 19 21 16 18 41 15 23 20 15 25 22 17 32 
23 15 16 42 29 10 30 30 27 33 12 24 13 22 26 18 35 17 42 19 12 20 13 20 20 15 15 13 21 28 33 27 28 23 22 23 26 15 17 22 30 29 26 19 11 31 25 20 27 19 25 15 25 35 12 14 11 26 27 31 16 25 20 25 11 9 39 15 26 4 20 21 24 29 30 
14 18 20 21 28 21 47 32 31 15 36 24 13 14 23 7 16 10 26 35 16 28 22 25 31 16 16 16 18 36 31 25 43 23 18 26 17 9 17 20 28 14 22 16 10 20 28 28 21 17 19 22 16 16 17 19 12 29 23 29 14 23 14 18 20 20 33 15 24 14 25 34 22 38 18 
34 21 23 25 32 23 29 28 16 22 31 25 24 18 26 28 20 37 33 30 45 14 17 11 35 25 17 22 24 28 31 20 31 19 18 41 26 20 21 19 25 21 28 24 16 17 38 16 25 26 11 32 18 18 13 28 22 27 21 29 29 32 14 26 14 19 34 17 11 23 32 27 24 36 30 
32 18 14 25 21 29 35 18 24 30 16 24 27 22 27 16 19 37 37 28 24 16 30 16 25 11 14 26 29 25 30 17 16 19 14 30 22 16 16 19 26 21 28 23 8 22 19 17 23 19 21 21 19 25 18 21 9 20 34 34 23 37 19 26 18 18 35 15 19 18 19 24 17 25 23 
11 26 20 24 30 16 32 13 27 28 22 23 35 14 24 16 25 39 24 22 44 19 18 22 40 32 11 25 14 24 11 28 38 18 11 46 37 6 17 18 25 26 42 15 15 27 25 19 34 26 25 28 26 18 18 20 19 22 26 32 14 17 12 23 16 17 38 15 11 21 31 38 36 11 15 
26 19 14 25 45 18 26 29 30 23 29 12 15 19 29 22 20 37 41 21 29 24 22 27 39 21 13 15 32 18 37 26 21 20 8 24 29 22 16 21 25 20 23 10 16 29 24 23 21 32 15 17 19 20 12 16 18 33 21 28 22 20 16 39 12 23 24 13 24 8 22 26 19 35 31 
32 15 19 37 42 20 14 26 28 44 26 31 21 18 42 30 16 8 42 22 23 29 15 19 43 22 18 29 24 19 19 27 18 19 20 23 29 15 19 27 22 26 18 19 18 28 24 18 16 20 15 28 16 37 13 18 11 14 22 36 20 43 19 25 21 21 12 15 15 6 24 43 29 32 19 
27 5 22 27 31 23 32 21 22 37 30 12 24 12 42 12 15 29 31 32 26 19 20 20 39 15 13 17 32 17 34 16 21 22 5 20 14 13 10 18 22 24 29 18 12 34 29 32 16 20 19 29 25 21 13 19 18 16 19 20 18 28 11 14 16 22 24 12 23 13 24 19 27 32 32 
25 14 17 18 55 27 27 32 19 28 24 20 23 20 17 12 25 35 33 28 18 15 7 10 25 23 12 16 25 32 19 20 28 20 19 23 11 8 17 17 30 13 31 16 17 15 36 9 24 28 17 35 23 18 14 30 19 29 13 34 17 23 17 21 21 11 29 17 13 5 20 30 39 31 31 
25 17 11 20 17 27 33 29 24 23 25 27 15 14 29 14 24 23 31 29 38 27 18 17 39 25 18 20 27 31 26 29 39 25 17 25 37 26 19 18 35 22 22 11 16 33 13 11 19 26 21 23 22 20 22 22 18 26 28 25 18 37 12 31 24 15 33 11 23 18 17 26 29 35 25 
18 11 21 23 31 19 22 16 30 19 32 16 23 17 20 15 14 20 29 32 17 17 19 24 27 20 13 22 18 22 36 16 32 19 23 26 16 10 12 21 27 12 27 17 9 32 29 27 30 20 16 19 17 22 23 10 19 33 23 10 15 27 15 25 18 13 17 14 20 28 35 50 32 20 42 

MachineCapacities:
MachineID Capacity
0 10
1 10
2 10
