NumTasks NumMachines NumScenarios
10 4 1000
TaskDetails:
TaskID ReleaseTime ResourceConsumption SuccessorsCount Successors...
0 0 7 5 7 3 1 1 
1 0 8 2 6 10 2 2 4 
2 0 10 3 5 9 1 3 
3 0 5 3 1 5 0 
4 0 6 1 1 3 0 
5 0 6 5 6 4 1 6 
6 0 3 7 7 9 2 7 8 
7 0 1 6 3 5 0 
8 0 6 2 9 6 1 9 
9 0 5 3 8 4 0 

26 25 15 20 38 23 43 20 27 31 12 24 23 21 16 30 45 32 16 13 15 13 21 20 18 24 20 11 18 20 36 28 37 29 21 21 29 16 20 45 
25 42 14 10 29 16 21 12 17 11 29 16 17 11 15 29 27 29 26 4 23 20 31 24 14 20 27 16 32 20 21 34 25 23 22 23 20 25 13 29 
37 27 14 15 33 17 28 29 15 16 24 14 21 25 17 29 13 27 12 21 28 20 21 31 17 19 29 12 31 27 33 24 19 9 27 11 21 20 15 32 
30 35 19 19 33 14 17 24 28 23 18 19 25 15 11 22 39 28 8 19 14 16 28 33 17 20 32 19 22 16 21 30 27 14 25 14 20 30 17 45 
32 33 17 14 15 20 24 22 36 49 21 15 26 15 18 17 22 26 16 8 24 23 28 20 23 13 11 15 27 16 35 29 30 28 34 19 25 23 9 26 
25 33 23 15 16 24 29 11 36 27 9 20 36 17 13 15 26 29 18 20 29 13 4 37 24 18 32 13 29 14 21 38 31 26 33 19 25 25 16 33 
19 23 20 22 27 14 22 23 30 30 18 24 35 12 10 24 17 33 21 19 20 19 22 12 4 24 25 15 44 25 25 25 33 21 27 19 11 28 15 26 
29 45 18 5 41 7 13 9 33 28 19 15 43 18 22 27 19 21 21 15 26 15 30 33 26 31 27 12 34 23 22 33 8 15 26 21 25 32 8 28 
29 24 18 18 26 13 28 18 17 25 30 7 43 25 15 31 30 36 28 8 15 18 19 23 21 14 38 13 23 27 19 34 46 19 20 10 17 32 15 28 
34 29 14 18 26 14 33 17 38 32 29 12 14 13 13 16 41 25 14 20 30 17 29 36 30 14 34 15 19 21 20 37 33 26 17 15 31 24 18 16 
19 20 12 16 24 16 23 13 39 30 27 21 31 22 19 20 32 13 19 15 19 17 27 35 17 25 32 20 25 31 25 25 31 26 30 17 36 19 7 24 
20 33 17 12 22 13 24 23 34 31 27 9 31 15 21 29 26 36 12 14 28 23 29 34 10 26 33 17 22 14 25 39 27 20 29 17 36 25 15 24 
21 29 16 20 23 9 15 17 37 24 22 21 41 12 17 22 32 35 20 11 14 9 28 15 29 16 48 12 27 20 21 32 21 31 37 14 26 28 6 35 
37 19 23 17 23 17 24 25 25 26 19 14 35 28 28 33 26 40 11 17 24 11 22 28 17 19 41 14 17 17 28 31 35 17 39 23 22 23 19 40 
23 33 13 20 39 11 20 18 42 10 19 11 30 25 18 36 16 32 13 12 21 10 24 26 19 13 21 17 23 23 9 27 29 15 31 26 26 30 15 54 
32 38 8 10 35 13 29 26 18 28 22 26 27 11 21 26 30 10 19 15 20 16 25 37 21 16 23 6 38 19 32 39 28 2 24 17 29 12 12 25 
30 18 15 11 37 24 28 36 21 31 27 20 49 22 13 20 19 21 23 14 23 9 24 28 18 22 27 15 39 11 31 36 44 16 35 14 16 26 14 27 
31 15 24 20 29 17 29 19 31 21 15 21 28 19 15 9 19 23 17 12 22 14 21 42 24 13 33 18 41 19 18 24 12 27 21 22 18 21 14 36 
31 34 17 9 22 20 27 23 21 24 19 23 29 21 18 23 33 29 14 16 18 29 22 15 23 21 20 17 42 21 23 56 37 23 40 28 25 36 14 28 
35 9 12 13 32 12 34 28 31 20 28 26 35 18 17 31 26 33 22 16 3 16 24 30 18 27 17 11 14 15 25 22 31 18 22 19 9 30 17 27 
21 31 19 19 20 19 36 21 31 34 20 20 13 13 10 23 18 32 19 12 20 20 27 37 17 29 30 14 25 10 28 31 23 20 33 21 24 33 14 15 
26 41 19 23 27 14 30 22 30 19 19 22 45 17 23 21 23 45 24 20 19 10 17 18 19 21 32 8 17 14 26 28 28 14 22 23 21 23 18 29 
39 25 30 25 40 15 29 19 28 28 13 12 21 17 27 30 21 34 12 19 23 18 33 15 16 17 28 22 24 18 31 27 30 23 26 31 24 18 18 31 
23 20 22 9 38 17 26 20 31 9 23 23 18 21 15 20 36 40 16 13 15 10 8 40 17 13 21 17 38 18 26 32 30 22 19 16 33 23 15 24 
28 30 20 18 27 14 18 29 30 18 19 20 40 23 14 18 39 17 21 13 21 21 27 26 11 20 29 13 36 17 12 24 31 17 36 27 27 37 15 30 
35 41 11 13 31 14 34 28 16 19 9 24 25 22 20 31 23 29 9 15 21 22 20 24 20 20 20 23 43 20 22 33 25 13 29 10 32 20 15 24 
47 25 11 21 34 10 19 24 36 37 24 16 43 11 19 26 43 32 17 19 23 22 32 28 23 19 27 19 14 30 21 33 30 11 34 20 28 19 13 32 
40 41 25 20 32 20 26 18 18 31 22 15 33 23 17 28 33 34 20 17 32 13 27 24 18 12 16 14 32 17 17 26 25 30 19 13 26 32 16 30 
29 23 13 17 32 17 23 21 21 18 19 18 34 19 15 35 28 23 20 9 12 15 22 32 15 23 32 18 29 17 16 31 39 23 20 23 29 17 19 18 
34 12 10 27 35 8 37 20 26 22 21 23 33 18 15 13 29 20 15 21 23 25 23 25 25 21 26 11 23 25 25 20 33 22 22 18 26 26 18 30 
19 31 19 15 42 21 42 6 27 39 14 23 38 17 20 19 27 42 21 11 30 20 29 38 23 14 30 14 41 27 33 51 29 11 26 23 8 28 19 39 
16 27 11 26 19 20 43 27 9 24 17 16 35 20 14 24 25 36 20 24 21 12 19 16 17 9 14 8 24 15 16 32 31 10 20 24 13 30 16 35 
36 43 27 23 27 11 32 18 32 33 22 19 29 18 22 30 17 30 13 13 24 17 30 27 27 29 39 18 27 19 13 29 32 15 20 20 17 26 16 14 
33 33 12 18 17 21 29 4 30 25 26 23 22 17 21 23 22 50 22 19 23 18 17 32 23 16 20 5 36 21 29 17 29 16 16 29 21 21 13 33 
28 28 16 23 21 17 30 11 31 6 11 20 34 17 20 26 21 20 13 10 21 27 33 31 10 13 33 14 30 23 27 25 35 22 36 20 21 24 15 33 
37 27 19 21 44 16 33 22 22 18 18 13 27 18 25 19 22 38 15 15 21 17 16 39 29 20 30 9 26 15 22 16 29 22 20 23 19 31 18 32 
24 44 13 12 39 13 33 17 36 26 24 9 34 14 19 32 25 32 25 16 29 27 38 31 14 11 36 12 32 21 28 43 34 23 19 18 19 29 10 21 
31 20 16 12 20 9 33 21 21 19 17 19 25 11 21 30 18 28 11 17 23 15 17 24 5 14 22 13 37 24 35 11 27 13 26 27 32 31 18 26 
27 29 17 18 21 19 19 19 25 24 23 16 37 24 12 20 14 33 18 14 32 15 20 11 31 23 13 12 28 31 12 34 27 8 34 14 31 27 16 39 
33 30 15 18 40 18 28 17 28 37 16 23 37 13 15 20 8 29 31 12 11 19 17 22 14 13 28 17 12 11 18 37 33 23 24 31 30 21 16 26 
39 30 23 21 27 14 15 28 28 25 24 10 26 24 20 28 36 37 19 17 31 18 34 12 30 20 24 13 35 27 15 34 32 28 39 19 31 27 15 37 
29 23 17 16 23 20 32 11 11 20 19 16 35 13 5 26 29 29 15 15 31 18 22 22 14 8 22 8 17 22 31 40 13 23 17 19 23 29 14 35 
29 46 22 19 22 17 27 18 34 18 27 19 38 18 15 20 24 35 17 8 24 16 27 30 18 19 20 15 44 23 41 26 22 21 13 18 31 22 16 23 
24 38 21 22 28 20 29 11 19 23 22 9 21 15 19 20 31 40 15 13 28 17 21 38 27 16 32 21 27 17 26 29 32 18 37 24 14 20 11 37 
34 26 20 16 21 8 11 18 26 13 28 24 33 28 18 25 27 47 25 20 5 25 26 24 25 19 22 15 27 20 31 23 30 22 28 23 25 25 21 30 
44 34 17 13 31 17 25 21 32 36 21 23 33 12 11 18 25 26 25 18 21 20 19 39 9 15 26 14 46 8 20 12 37 18 51 20 17 42 19 43 
26 23 16 22 36 20 31 12 24 22 23 18 17 19 24 18 24 36 9 17 19 22 36 26 15 8 21 8 7 17 35 20 18 27 31 16 21 23 19 25 
21 47 21 14 30 13 27 27 36 23 23 23 46 16 13 19 28 37 10 24 19 13 9 17 13 21 23 11 29 20 28 26 21 9 10 12 43 13 12 31 
8 29 14 15 8 20 24 22 28 25 21 20 32 21 11 25 40 26 9 12 23 17 19 24 11 3 28 19 18 30 18 18 29 27 33 7 28 27 14 32 
26 21 14 7 17 20 28 23 43 28 16 16 24 12 19 27 27 28 19 22 18 22 30 29 27 12 41 15 17 23 33 36 26 13 13 14 33 32 17 41 
33 23 25 18 25 21 23 27 17 25 20 23 25 15 9 20 32 28 18 11 31 16 13 19 15 17 39 12 16 27 23 10 34 23 33 17 23 24 16 38 
24 24 12 13 34 19 19 20 30 29 21 16 34 16 17 14 30 16 21 15 23 20 18 32 19 17 19 12 49 29 13 29 27 14 30 14 31 22 13 36 
10 28 21 15 31 16 19 18 25 15 17 22 15 25 15 35 28 24 7 20 28 16 22 28 25 12 22 12 20 16 21 20 34 21 13 14 19 30 11 34 
38 36 17 15 26 16 23 29 41 33 21 18 28 20 18 19 39 24 18 15 31 17 21 30 22 20 24 4 35 11 22 40 32 28 31 25 17 35 13 38 
38 20 14 12 29 18 22 22 41 23 13 6 37 26 23 38 26 30 19 13 18 7 23 19 25 12 24 23 40 9 21 24 43 18 26 21 19 20 14 43 
30 35 20 16 27 18 24 24 25 24 14 17 37 11 26 25 14 31 25 11 18 19 27 25 13 23 25 15 40 21 28 40 37 15 37 28 28 19 8 28 
21 19 11 13 26 14 27 25 33 28 32 11 36 22 20 20 25 40 18 20 17 17 23 41 14 17 27 11 45 25 22 40 26 25 25 11 20 15 14 27 
27 12 26 20 29 14 7 27 20 26 27 22 31 17 17 21 27 40 19 14 17 23 26 17 20 21 36 21 36 25 33 40 23 22 28 29 20 24 12 29 
23 41 13 7 34 16 26 25 30 14 18 15 24 25 10 14 32 17 19 12 22 14 26 25 18 23 30 15 40 11 3 38 26 30 33 16 27 29 18 19 
25 31 9 12 22 21 20 11 31 31 16 27 24 23 20 31 20 33 15 17 12 25 25 28 31 13 30 19 39 15 19 36 32 22 22 26 18 36 10 36 
28 27 17 17 20 19 26 26 33 29 12 11 18 13 8 36 24 24 20 25 31 23 27 24 30 20 17 17 34 12 13 20 22 22 30 22 31 30 16 25 
20 24 19 21 18 13 19 33 17 14 17 26 29 13 10 25 46 46 18 11 28 16 23 29 13 9 27 13 35 27 20 28 28 18 33 22 20 23 14 29 
35 8 18 17 29 15 20 16 32 47 34 17 41 13 17 29 28 21 23 24 23 16 26 36 13 30 17 9 15 17 23 36 31 20 33 12 33 29 17 13 
43 57 20 18 25 8 22 16 35 31 26 19 34 15 12 15 48 28 26 18 18 18 32 24 29 14 32 17 50 13 39 43 24 11 38 25 24 25 5 32 
32 41 14 19 28 14 19 26 20 21 29 19 18 17 14 24 27 32 14 11 13 18 17 28 25 32 32 14 34 21 24 18 37 27 34 30 30 20 12 24 
34 45 19 15 32 17 32 14 35 26 16 11 27 20 21 24 30 26 14 21 25 18 15 35 27 11 28 13 36 20 22 16 26 19 28 25 36 14 18 30 
27 39 22 17 36 21 23 26 32 29 32 18 32 15 26 24 26 25 14 17 23 17 39 28 18 24 16 9 19 11 35 32 46 24 39 9 32 19 10 38 
33 20 15 12 28 17 32 25 36 5 23 20 31 18 12 38 26 13 13 14 20 24 23 27 23 22 41 16 35 20 19 21 19 16 19 16 22 31 19 39 
35 36 21 15 17 17 22 28 24 30 14 23 26 13 22 28 25 38 19 15 16 20 25 33 34 10 31 17 28 27 29 19 24 18 38 20 22 35 21 34 
40 38 15 29 22 22 20 23 24 25 15 17 25 22 12 18 23 34 21 13 33 13 24 24 22 27 38 16 28 21 19 25 26 15 30 26 30 25 17 32 
23 36 17 17 38 13 29 26 30 15 15 19 25 26 27 31 9 43 17 14 27 14 24 32 18 19 26 17 32 24 23 35 32 26 19 12 19 28 14 41 
25 18 19 20 29 19 25 19 18 19 19 27 26 21 23 18 43 27 20 8 27 19 11 45 26 27 17 18 44 10 20 30 28 24 29 22 30 11 16 35 
31 17 9 21 27 17 17 25 26 38 23 10 38 25 21 32 24 34 18 13 16 21 20 24 17 30 24 9 32 16 27 32 22 17 25 17 31 22 18 32 
21 28 22 23 19 16 14 19 25 31 20 11 30 20 7 17 28 21 21 11 16 10 25 23 14 20 20 16 31 27 23 49 21 23 27 19 13 19 18 41 
37 36 12 18 22 20 27 28 32 29 28 15 34 18 19 21 26 21 21 10 22 10 17 32 23 29 19 14 43 18 19 18 29 20 30 18 12 12 15 40 
34 20 21 15 28 13 12 21 8 27 8 12 37 16 19 15 41 29 19 10 17 26 35 21 14 20 31 19 33 20 19 25 28 26 22 10 20 29 19 35 
31 36 15 20 25 15 29 31 32 25 22 20 35 16 13 13 17 32 23 13 19 14 23 36 17 23 33 14 37 25 17 37 28 24 41 18 29 38 22 18 
24 22 15 14 25 12 14 10 27 25 17 13 35 17 21 26 28 33 18 24 18 18 20 31 36 15 24 15 15 18 39 43 30 24 22 19 34 32 21 33 
23 21 16 14 17 17 28 19 38 17 16 21 34 18 23 25 30 27 2 11 14 16 20 30 21 24 37 12 31 22 28 22 28 17 28 13 27 32 15 26 
32 34 17 17 28 15 25 20 23 30 24 14 32 13 22 22 26 37 22 10 21 17 22 8 23 18 35 22 42 23 21 49 41 11 18 11 32 23 18 31 
11 20 23 9 22 21 34 20 25 34 24 17 39 28 26 26 26 17 22 10 30 12 26 20 9 28 15 20 32 16 19 27 31 25 25 24 34 21 16 33 
32 29 15 8 31 11 21 25 35 37 22 19 23 22 16 22 40 26 15 18 29 20 19 37 17 20 28 17 28 19 29 20 20 22 30 27 27 28 15 4 
35 40 18 11 26 15 33 25 32 19 20 21 32 15 13 17 38 36 21 23 18 15 24 35 22 8 24 22 21 31 36 36 33 24 38 21 24 31 13 28 
20 49 22 15 23 17 15 25 29 30 16 21 35 13 25 21 16 25 19 20 16 18 25 27 20 18 21 11 37 12 19 35 27 22 24 24 8 25 17 31 
35 33 17 16 44 15 18 25 23 41 23 10 44 12 29 19 32 55 25 16 25 16 33 27 13 13 20 11 35 15 31 21 21 16 16 16 29 37 15 27 
40 47 19 12 2 15 27 22 29 25 11 14 20 11 21 25 28 32 17 15 14 17 10 19 18 19 28 14 5 11 27 35 31 26 19 20 28 19 10 34 
22 38 27 19 22 16 17 20 24 15 25 12 35 23 20 26 22 33 10 9 17 24 22 28 15 29 32 10 29 14 16 32 32 7 26 21 26 25 17 36 
33 32 14 15 28 20 26 22 35 21 17 17 27 23 15 15 33 35 12 14 21 19 30 18 18 16 36 15 23 22 20 18 24 25 24 14 34 21 13 24 
25 30 20 8 22 21 19 15 35 27 27 19 33 20 15 17 34 21 21 13 19 13 21 42 23 25 33 11 41 25 38 34 41 27 33 16 13 23 17 23 
28 31 14 25 30 8 22 17 25 23 22 12 28 14 17 31 20 24 26 11 18 24 15 35 21 22 37 16 35 34 24 24 21 25 27 16 42 24 11 41 
25 20 21 18 33 22 25 18 28 22 21 22 32 28 14 30 8 38 16 18 20 25 32 38 22 17 11 12 24 27 25 22 28 18 31 25 25 22 19 18 
28 25 18 15 19 17 29 13 31 39 18 27 54 11 8 38 38 31 24 12 16 16 25 39 17 26 29 17 46 16 40 26 24 18 39 25 16 20 20 27 
31 19 20 21 26 12 29 24 22 32 19 14 23 11 26 12 17 47 12 13 21 11 23 38 24 31 38 12 50 22 17 26 32 27 30 17 14 15 19 22 
35 27 14 26 30 21 23 24 41 21 20 21 22 19 22 22 27 36 22 21 18 15 19 39 9 15 26 14 23 23 29 24 25 20 13 20 28 18 12 48 
30 33 14 14 38 11 29 17 25 20 28 18 20 15 16 27 27 30 19 16 15 11 14 37 18 19 24 14 34 23 18 42 39 18 19 19 19 30 12 25 
28 28 18 19 34 21 22 27 23 27 24 14 25 20 23 19 53 39 16 17 26 27 24 36 16 21 30 11 28 8 17 31 22 25 28 21 27 28 14 20 
42 24 17 27 23 20 24 20 19 29 27 15 31 10 20 25 32 32 20 13 17 18 27 33 23 24 22 18 50 27 19 29 25 9 18 8 24 20 16 45 
29 22 15 30 19 12 21 19 35 17 7 22 26 12 15 13 32 38 19 12 10 26 17 21 24 28 31 12 26 15 26 39 23 19 18 12 21 11 11 16 
26 20 13 21 40 14 25 24 19 26 16 24 22 12 18 20 38 36 5 20 20 8 28 13 17 14 32 16 38 24 16 38 30 17 38 17 28 27 22 22 
27 21 24 15 35 16 22 26 35 22 22 9 28 21 12 23 29 33 19 12 22 23 35 46 23 25 27 16 22 3 24 36 18 24 24 25 28 27 12 17 
35 30 18 26 27 8 31 15 46 23 21 24 20 20 22 25 31 34 21 21 31 20 23 27 29 28 37 12 34 21 29 41 18 25 13 19 14 21 16 37 
18 35 18 16 26 16 13 16 28 20 21 13 25 21 23 16 27 38 9 11 17 14 26 10 15 18 11 17 27 5 34 34 23 20 29 14 16 22 20 27 
30 28 15 13 29 20 28 31 33 29 22 14 33 15 12 17 23 33 14 16 21 15 23 18 24 15 23 17 33 28 34 36 32 25 31 15 23 26 17 32 
22 24 17 19 14 18 24 21 31 19 21 16 23 20 22 21 20 30 18 15 17 16 24 19 25 16 30 11 14 15 31 14 25 26 19 29 29 29 11 32 
52 25 20 14 28 17 29 28 24 34 20 15 31 25 17 28 26 21 20 19 22 17 9 31 23 23 30 13 53 22 9 34 24 13 8 24 29 15 18 13 
20 22 15 20 18 17 26 24 16 24 14 12 41 26 26 24 36 42 13 8 18 25 19 39 23 17 29 18 31 14 23 23 37 16 31 20 33 30 8 41 
41 19 15 28 25 20 25 17 25 13 22 17 15 16 13 25 26 13 14 11 19 26 21 27 23 13 23 12 31 22 15 23 27 20 25 26 22 19 10 33 
24 23 11 12 29 15 38 18 18 25 17 23 36 19 16 36 18 24 24 12 24 16 21 30 20 10 28 12 23 21 23 33 39 27 40 18 36 22 16 23 
25 30 17 23 26 14 21 16 34 17 24 21 12 22 23 26 30 19 11 13 28 14 22 32 16 21 26 15 25 27 16 24 27 12 30 21 17 23 13 21 
18 36 18 21 24 19 26 19 44 30 28 25 32 7 20 20 25 29 15 15 20 16 17 16 22 19 24 13 15 22 22 21 30 10 23 25 36 38 15 18 
25 41 14 10 20 21 40 20 28 29 12 28 20 16 21 28 20 33 12 20 23 15 28 21 16 18 32 8 19 25 22 37 33 19 19 27 34 27 16 37 
17 27 23 18 38 12 33 23 28 29 23 34 26 21 17 16 20 35 16 7 17 20 26 22 18 8 28 11 39 23 30 33 26 23 10 19 17 38 14 35 
36 28 25 13 36 16 32 21 21 25 26 13 30 22 13 22 27 19 21 15 34 19 19 42 22 14 25 17 20 20 27 35 26 26 38 13 21 25 17 32 
26 35 14 25 31 20 28 12 23 22 22 23 22 20 26 20 27 41 12 8 27 21 18 15 25 14 37 18 20 23 31 34 32 10 26 23 13 27 12 29 
22 45 26 28 24 14 23 15 44 31 21 11 26 21 23 16 24 21 17 16 31 15 28 28 18 10 30 16 28 29 12 40 30 17 25 20 12 32 13 34 
15 30 18 17 47 17 20 19 27 21 23 20 36 21 19 28 18 33 12 11 10 16 23 24 18 18 23 16 16 12 26 30 42 4 37 25 22 28 16 33 
48 26 13 19 21 16 19 14 35 25 17 15 32 22 25 26 29 23 20 21 29 17 18 29 16 33 16 11 22 15 41 13 27 27 23 24 11 19 14 26 
32 31 23 18 30 7 20 23 23 27 15 19 22 16 20 19 21 25 15 17 25 7 25 45 16 11 31 10 54 16 25 28 26 25 32 29 20 14 15 23 
30 28 13 13 25 16 37 18 35 25 20 25 36 13 11 25 23 25 16 12 6 8 34 31 30 23 28 8 36 21 32 23 37 14 29 14 19 37 15 25 
37 24 27 21 16 23 23 16 29 35 9 23 28 15 19 18 27 30 16 16 17 26 32 27 32 19 12 17 40 17 32 31 44 27 30 22 22 32 17 26 
39 25 18 19 34 16 13 17 37 34 16 22 29 21 20 33 43 25 14 11 28 14 22 24 23 28 31 15 43 23 24 24 30 21 26 15 23 9 16 35 
36 26 19 14 22 16 15 17 32 36 22 16 21 18 21 22 32 34 15 20 17 16 31 22 25 26 28 17 29 28 18 41 42 13 26 23 25 23 16 33 
35 22 13 8 24 14 15 21 23 32 27 28 34 19 16 34 35 33 22 15 21 9 25 28 39 17 22 19 30 22 31 43 35 24 29 19 33 24 13 35 
26 44 22 15 41 19 39 14 16 20 17 20 23 16 18 6 27 33 14 13 25 15 20 21 19 29 29 17 36 21 32 38 25 13 28 21 13 28 7 25 
23 21 19 17 47 11 28 17 45 13 10 12 30 16 12 36 31 34 19 14 16 12 26 25 15 19 11 21 26 13 22 32 36 27 37 35 27 24 20 20 
30 27 27 15 24 17 16 35 31 27 24 12 24 12 23 34 30 23 27 19 33 26 18 35 25 29 21 16 38 15 32 28 17 12 38 17 19 24 12 19 
28 45 9 11 28 20 20 10 38 20 15 19 39 18 15 20 18 30 14 12 23 15 19 31 24 15 34 14 26 20 33 20 27 25 24 22 17 27 19 33 
27 34 13 20 6 19 28 24 31 14 29 23 27 20 24 19 20 33 19 18 18 17 29 39 16 21 22 19 18 16 42 30 21 22 21 14 33 34 17 35 
21 49 20 5 12 18 22 11 19 30 20 13 22 20 19 27 21 15 14 9 22 13 21 36 15 22 29 10 43 21 19 36 32 16 39 23 26 33 14 22 
32 17 21 22 37 28 22 7 37 25 20 21 25 16 20 14 22 25 22 18 27 16 14 29 22 12 33 24 17 25 26 24 43 20 28 29 29 30 12 28 
18 43 17 11 24 12 21 21 31 10 23 21 40 4 16 27 23 24 18 13 19 21 30 37 23 13 26 20 37 24 27 31 22 14 29 24 14 19 12 25 
32 60 28 20 21 20 30 19 20 34 24 23 35 18 21 27 24 37 16 13 23 20 26 40 21 23 21 23 23 17 29 32 33 16 25 29 26 23 10 51 
35 20 11 22 30 18 31 13 11 27 8 19 37 14 9 34 19 28 15 10 24 17 19 39 16 22 19 21 40 19 19 26 28 24 18 25 22 29 19 37 
21 30 20 20 38 14 25 26 42 21 27 15 15 19 12 12 24 27 10 9 16 20 25 34 15 23 19 17 28 23 25 21 33 16 31 28 9 15 25 30 
25 28 15 14 24 20 26 17 27 25 17 24 20 26 22 22 16 31 15 16 14 19 19 32 15 22 33 13 51 29 19 36 29 30 25 21 21 27 15 28 
22 40 11 21 30 19 16 29 24 25 29 21 37 33 21 18 33 29 6 11 20 21 23 49 16 27 23 18 29 16 17 37 19 21 35 26 34 29 16 23 
36 45 17 23 28 13 26 22 24 29 22 21 17 14 13 26 22 30 9 16 28 26 27 29 15 16 10 18 28 17 34 34 26 17 22 26 25 23 12 47 
30 25 18 24 30 19 11 27 42 35 18 19 34 16 18 23 36 9 15 9 30 26 22 34 12 19 36 13 34 15 30 50 34 16 34 22 23 21 24 37 
38 39 13 10 35 15 16 22 44 15 27 19 37 21 11 24 35 42 22 14 21 17 24 41 21 17 16 12 18 21 24 30 28 30 22 23 30 22 15 31 
23 29 27 21 31 24 24 23 25 32 18 20 37 21 18 23 28 34 17 16 17 14 26 27 23 18 19 11 38 24 23 23 28 21 23 23 25 15 11 41 
31 26 16 11 27 19 32 33 25 22 22 20 41 10 23 24 35 29 24 14 22 24 19 23 21 18 17 23 33 22 31 26 27 12 33 16 35 28 15 35 
22 22 9 20 17 18 34 15 24 17 16 25 33 19 25 32 36 27 12 14 19 15 22 21 14 30 28 7 35 11 18 22 34 24 17 19 18 25 12 22 
29 39 24 15 34 17 24 23 22 18 17 14 22 20 21 25 22 23 15 12 25 14 19 37 26 22 19 14 28 20 25 35 26 8 19 11 23 21 16 39 
17 35 20 19 33 23 30 14 32 35 14 29 29 18 13 23 47 31 16 10 18 21 27 22 23 18 25 16 39 10 35 25 21 14 25 17 27 29 13 37 
42 36 10 22 32 15 27 22 32 22 16 16 20 13 21 19 34 31 23 13 16 23 37 36 23 7 37 18 26 22 19 33 18 17 33 19 26 27 4 43 
37 26 9 5 36 15 18 15 35 31 21 18 27 10 16 30 35 24 14 11 23 23 27 25 22 9 19 15 26 12 27 20 34 34 38 28 20 25 6 42 
30 20 17 14 20 16 26 13 25 34 22 11 24 13 20 26 17 27 19 9 35 15 19 34 28 17 29 18 33 14 26 32 33 19 39 15 23 14 4 24 
30 38 11 20 30 19 24 18 29 35 20 21 37 16 14 26 40 25 23 10 26 26 16 43 16 9 29 10 30 25 29 22 34 15 23 22 25 34 13 37 
18 43 20 9 23 16 28 18 22 21 24 21 37 8 15 23 24 27 15 16 20 23 27 37 35 24 23 8 34 23 35 20 35 22 24 12 31 26 9 36 
39 50 25 13 23 7 41 23 26 22 28 26 31 21 14 14 19 36 19 14 22 17 11 40 28 25 21 16 25 15 22 39 20 17 34 21 19 12 15 17 
28 34 14 17 33 13 26 21 29 24 20 17 36 30 18 23 27 20 13 17 21 25 28 53 20 28 19 19 24 23 26 33 24 10 40 20 23 31 7 21 
32 34 28 15 37 14 20 12 33 14 16 21 26 22 16 28 30 38 21 17 22 24 21 30 15 11 30 10 42 15 25 40 31 18 25 24 34 26 15 29 
20 36 15 16 14 23 7 15 28 22 18 29 22 20 12 23 16 29 18 18 17 20 24 40 25 19 24 14 37 26 19 37 22 29 20 25 31 33 12 26 
23 37 11 17 27 16 30 30 25 18 15 21 38 26 17 23 14 34 14 18 21 10 22 55 21 18 19 12 44 23 33 30 7 18 20 22 36 16 11 5 
35 24 21 17 43 13 33 19 24 14 24 20 24 16 21 22 31 34 19 15 26 18 23 37 20 12 32 17 26 23 31 39 26 24 23 20 29 15 15 23 
20 31 10 34 38 16 17 19 24 18 16 20 33 15 23 25 30 25 15 20 32 20 29 41 32 21 33 18 17 28 26 35 22 20 36 26 25 17 15 22 
35 52 14 14 46 12 17 24 24 23 15 19 26 22 20 34 17 31 22 16 17 18 29 39 31 21 20 14 37 27 22 38 19 18 20 29 26 20 16 17 
23 26 23 22 44 14 24 9 26 21 13 16 46 17 18 18 27 27 21 15 24 17 14 28 18 16 29 12 30 21 21 37 29 18 27 12 30 36 17 40 
44 46 20 19 43 13 23 24 26 11 11 18 34 19 15 19 14 14 24 18 14 25 32 25 26 18 20 13 33 28 30 32 26 26 15 23 23 14 15 36 
33 16 13 20 30 10 22 18 22 27 26 18 32 16 13 20 30 18 20 16 16 22 30 30 34 21 12 19 47 10 21 32 34 26 20 11 32 32 17 29 
36 38 24 26 20 11 24 12 40 23 20 22 30 16 22 32 12 33 15 14 16 23 17 31 28 18 24 11 43 12 26 34 22 3 27 24 12 18 20 23 
26 27 16 11 36 15 20 10 46 10 26 14 31 16 19 21 29 30 12 20 21 11 10 20 16 18 23 20 32 13 36 29 23 24 12 28 27 32 14 36 
26 27 24 10 20 11 22 18 33 20 25 23 26 17 19 28 27 28 23 15 26 20 24 31 11 24 34 12 28 21 37 29 26 22 15 9 21 22 22 29 
25 39 16 25 16 20 21 14 24 32 35 18 36 21 17 30 46 22 9 16 30 20 22 38 28 22 25 15 11 21 26 36 43 31 22 15 38 26 10 23 
42 15 11 13 17 23 21 11 33 33 14 22 30 22 19 26 29 35 21 11 23 16 19 38 25 19 27 18 33 17 31 27 26 29 40 18 24 24 15 39 
12 42 9 19 28 20 24 16 29 35 12 28 45 16 24 14 28 28 16 13 18 12 26 28 21 12 21 13 35 15 17 44 22 14 25 29 29 22 10 38 
45 23 12 27 28 18 28 16 32 44 21 16 26 10 24 22 24 25 6 20 28 21 16 39 22 13 20 22 25 26 16 27 33 25 23 28 29 13 12 14 
11 32 11 5 34 15 40 20 39 20 28 20 30 17 20 31 35 25 24 13 10 9 15 21 21 14 25 7 36 16 33 27 27 7 14 14 30 32 17 36 
29 15 15 29 25 10 21 13 12 20 21 19 26 15 25 19 28 37 12 13 30 26 22 39 27 17 27 17 31 30 16 22 36 27 36 21 29 26 14 32 
27 33 15 14 19 10 9 14 45 29 28 18 27 26 17 22 35 29 20 9 25 10 17 24 21 16 32 15 35 22 32 22 26 18 20 21 20 21 16 39 
30 26 22 8 30 17 19 25 28 30 13 9 26 20 13 18 32 36 15 13 19 26 20 25 20 30 27 21 31 25 23 17 27 19 25 19 16 15 12 25 
21 33 22 24 26 12 33 13 32 21 30 19 23 9 10 15 24 38 18 11 21 17 20 35 22 26 23 19 20 29 28 27 22 20 23 27 17 26 13 25 
26 25 9 22 22 19 35 18 27 19 12 22 29 23 11 18 9 22 7 11 34 18 25 24 29 24 22 12 35 20 22 53 25 9 44 17 19 22 12 27 
31 39 13 22 26 18 21 12 41 18 24 20 41 18 10 23 36 42 15 15 30 22 22 15 29 27 25 11 30 20 44 32 23 22 17 7 25 27 14 25 
31 47 18 20 34 14 12 18 28 18 23 19 24 27 16 21 26 34 20 23 23 10 17 27 15 18 32 16 36 21 29 25 29 28 28 22 25 31 16 32 
30 42 11 19 21 15 35 30 33 16 10 20 29 25 16 23 30 51 12 14 16 12 31 21 8 28 12 19 39 19 26 37 20 13 23 19 28 26 8 39 
28 15 23 18 16 8 20 29 41 30 19 28 38 19 12 23 31 48 19 14 24 15 33 38 17 28 21 14 29 29 29 33 45 24 27 23 28 20 20 7 
33 23 15 7 21 20 23 39 24 36 25 13 18 18 19 21 17 27 20 22 24 29 23 24 19 12 27 14 36 27 26 21 15 15 19 17 24 42 19 26 
23 32 27 15 32 19 15 5 26 27 29 14 27 15 21 23 35 14 7 12 34 13 16 40 6 23 37 21 16 18 19 37 16 14 27 23 26 20 23 23 
30 20 19 13 18 21 11 25 24 35 10 13 31 20 11 18 34 26 19 18 29 13 28 33 18 9 28 16 11 22 33 29 20 15 29 27 27 18 22 35 
17 52 20 25 31 17 20 26 19 22 17 22 32 16 19 37 38 34 11 15 19 22 23 34 21 21 22 17 14 31 18 24 40 20 26 18 24 26 17 29 
41 27 14 12 19 20 29 13 36 17 21 20 25 13 20 11 32 22 19 21 20 14 20 34 17 22 31 18 46 26 34 40 36 15 25 25 42 31 7 36 
34 47 18 28 31 12 15 23 27 20 17 17 37 20 15 15 27 28 28 17 18 18 33 27 27 18 19 13 33 24 12 28 30 29 27 16 19 16 10 34 
17 48 19 28 25 11 40 22 23 37 13 31 36 22 17 26 30 22 19 20 7 21 20 29 29 19 30 15 16 6 10 42 26 18 31 17 21 23 12 46 
29 38 28 17 30 19 31 11 31 33 14 23 30 26 18 14 21 30 15 20 30 15 21 28 17 19 26 11 25 17 20 24 38 17 25 14 25 27 16 37 
27 29 8 14 31 13 28 12 20 23 8 17 23 14 24 33 24 31 15 10 23 19 20 19 13 25 11 14 23 6 30 44 33 20 18 18 32 21 23 28 
22 31 25 18 35 21 29 13 28 21 21 21 23 24 26 20 31 9 17 11 34 16 24 21 28 26 30 22 23 16 24 26 33 25 26 15 31 22 13 30 
39 39 11 26 18 15 16 22 19 17 18 18 32 24 12 27 25 27 16 10 19 14 13 28 34 25 39 14 27 14 23 31 27 23 33 20 36 32 9 30 
27 44 10 9 23 18 20 23 20 28 25 23 28 13 22 25 26 20 22 8 19 19 29 32 27 16 29 15 14 13 29 21 25 27 15 26 24 37 7 30 
36 46 22 12 32 14 25 20 27 29 23 20 42 26 12 24 21 26 11 17 23 8 28 26 26 13 29 14 12 23 37 21 33 27 26 23 18 21 15 38 
35 23 14 6 28 12 19 20 35 29 31 21 32 12 23 21 33 14 15 16 26 19 27 33 13 30 31 13 42 15 26 36 15 13 36 16 32 26 7 32 
22 34 18 24 33 17 32 15 26 18 12 18 23 11 10 22 16 28 20 17 26 23 19 31 24 15 27 15 31 16 35 26 23 10 29 14 10 24 14 31 
31 36 14 18 38 9 32 10 27 28 21 18 26 15 23 25 29 24 25 14 13 14 20 27 17 23 28 18 24 28 9 15 27 19 21 21 26 19 17 48 
37 42 29 12 33 17 22 20 26 30 13 19 34 22 28 37 34 29 9 16 34 21 19 40 14 27 18 12 31 22 33 26 29 21 33 19 18 31 21 34 
44 49 13 26 21 13 30 3 31 32 20 24 26 20 16 25 27 27 14 13 25 10 43 28 23 26 19 11 36 26 11 26 27 18 25 25 41 25 20 36 
30 32 12 15 37 15 25 19 18 15 21 15 19 16 18 23 29 29 16 19 21 11 15 33 21 25 32 24 35 29 26 41 37 32 33 17 14 30 22 16 
42 44 16 10 24 16 30 24 24 37 31 13 44 13 10 34 13 15 20 10 28 14 28 32 26 27 18 17 14 21 13 31 29 16 33 8 27 21 15 35 
16 28 25 13 31 23 31 27 12 33 22 22 42 16 13 23 38 34 12 17 29 20 22 27 32 28 23 12 43 9 31 41 34 15 34 14 27 22 12 22 
18 32 15 22 17 22 32 26 25 33 38 30 26 21 20 19 36 27 21 20 19 19 25 32 21 21 29 16 31 22 25 18 16 9 33 20 16 21 4 40 
14 24 19 15 15 17 39 30 29 16 20 13 41 25 20 14 46 9 9 17 24 20 23 28 13 20 34 10 31 23 28 39 30 25 21 26 19 21 18 15 
44 8 17 15 35 13 26 32 9 31 7 20 25 19 22 27 19 26 20 14 3 21 19 30 25 23 22 20 19 14 22 15 31 16 29 25 19 23 16 19 
28 33 10 22 39 14 27 24 18 28 16 19 29 15 17 30 41 24 26 4 40 17 17 18 15 21 34 17 12 18 35 48 47 25 26 22 36 23 12 28 
25 30 21 7 8 20 27 19 31 23 27 22 29 25 14 25 41 30 15 10 18 18 27 45 17 35 26 20 26 22 21 27 39 26 19 21 18 32 16 44 
17 34 18 18 32 9 16 26 26 22 27 19 34 21 18 21 26 21 13 13 25 15 23 23 27 28 25 16 35 12 26 39 24 21 33 23 23 24 6 36 
42 20 14 14 33 22 31 24 31 25 27 12 43 19 25 23 24 24 17 19 20 14 21 21 18 17 17 14 40 20 35 31 38 14 21 10 25 34 17 34 
34 34 21 15 26 13 28 16 23 29 18 22 36 7 21 17 25 23 12 20 32 24 23 25 17 18 24 19 17 11 32 30 32 20 13 25 29 38 15 44 
26 40 8 18 13 23 15 18 19 30 19 15 32 18 18 20 15 30 10 13 14 18 29 38 22 19 29 15 36 33 26 26 39 18 29 23 31 12 7 21 
27 34 18 20 42 23 21 18 29 33 25 21 30 17 12 21 30 26 15 7 19 17 19 31 18 24 39 17 38 29 8 30 26 35 27 24 34 18 13 16 
37 38 17 19 26 15 25 25 28 23 16 16 30 19 24 30 27 40 11 13 23 16 19 16 30 26 22 11 21 13 20 16 41 38 32 12 18 26 21 28 
26 32 20 26 28 24 27 22 25 15 18 19 17 14 11 21 23 43 11 9 24 14 24 32 9 26 39 13 19 22 22 38 15 18 30 25 21 23 22 41 
30 32 20 13 32 18 14 16 55 20 10 13 21 20 14 32 29 17 14 21 24 23 23 24 30 13 29 9 37 15 23 30 19 23 28 13 24 17 15 20 
23 28 16 24 34 19 32 24 34 20 27 17 31 13 11 26 37 33 24 11 22 20 28 36 24 29 30 16 28 15 29 25 21 19 20 21 25 24 9 28 
26 13 22 13 26 14 30 27 24 33 24 16 25 27 18 28 20 32 20 18 19 21 17 22 27 15 24 8 20 23 23 33 42 32 29 23 34 19 16 25 
36 22 16 16 24 17 15 31 17 18 22 21 40 21 14 29 34 39 12 12 27 11 14 38 25 13 24 13 31 3 26 25 32 23 31 16 18 19 23 25 
30 24 28 29 38 19 32 18 40 25 22 23 32 11 12 16 29 24 21 14 27 15 25 25 24 25 45 12 55 17 22 32 21 21 32 32 27 19 25 32 
24 31 19 21 28 19 29 29 34 35 22 26 30 22 17 18 29 35 18 19 24 18 20 29 18 17 30 9 33 27 21 37 19 13 27 24 27 32 15 22 
31 16 8 12 33 20 27 20 15 31 22 16 39 13 14 28 24 36 11 13 27 17 16 26 22 15 17 19 14 23 30 43 24 24 40 22 36 35 12 31 
39 37 12 19 17 21 26 17 24 35 20 28 35 16 26 26 13 28 14 13 26 6 21 36 21 29 29 18 23 15 32 25 40 17 24 23 20 32 16 28 
29 44 18 11 8 6 31 24 18 26 23 9 28 15 24 27 35 26 15 17 20 17 21 31 20 13 38 15 27 6 35 21 39 21 27 23 15 24 6 26 
33 18 27 11 35 12 26 19 30 27 14 17 31 25 25 15 31 20 15 13 33 22 13 30 17 14 23 28 30 26 27 51 28 9 16 16 21 19 16 30 
42 31 19 12 36 8 29 18 22 26 16 22 40 18 19 31 25 25 16 20 25 18 34 30 13 29 27 10 25 19 37 21 21 22 38 29 29 29 11 27 
31 22 14 20 25 16 25 21 35 24 14 18 15 17 21 16 34 26 17 14 19 14 23 22 10 32 26 18 40 21 35 35 26 21 14 23 34 22 18 39 
29 34 14 24 18 25 35 21 25 27 9 21 14 26 17 20 18 38 7 17 24 26 14 16 33 27 21 17 41 14 20 42 29 22 22 21 25 30 15 30 
39 40 17 13 19 18 27 19 19 28 14 31 29 7 7 23 37 32 27 13 26 15 19 47 26 18 33 12 30 25 21 24 43 23 22 9 24 36 13 18 
22 20 24 19 40 18 21 22 33 24 22 19 44 13 22 23 28 30 8 24 25 24 17 32 24 17 23 15 24 20 22 35 18 20 30 12 27 26 11 24 
32 31 23 22 17 11 33 19 34 18 24 13 37 25 15 20 37 34 20 9 24 21 20 44 12 21 18 9 30 14 24 44 24 29 17 9 24 22 18 33 
15 24 27 17 26 14 25 11 40 32 24 21 18 23 9 27 22 37 23 18 18 17 26 41 21 11 21 17 30 16 24 11 24 28 23 21 34 18 18 28 
28 26 19 14 25 15 6 23 14 31 7 20 28 25 21 10 12 31 9 14 25 12 20 41 29 21 24 19 42 23 16 15 31 13 30 17 36 28 7 33 
34 20 20 17 23 19 26 20 21 19 23 21 26 17 26 13 32 28 15 9 25 19 38 24 18 20 39 4 36 33 28 25 27 5 27 22 17 31 16 40 
33 49 23 14 40 21 33 14 38 27 18 26 28 19 15 31 43 39 15 17 23 12 23 27 24 13 22 14 46 18 21 14 37 18 25 17 28 27 8 22 
52 35 11 26 34 20 26 32 41 22 20 20 9 18 21 14 5 29 14 15 14 16 26 34 19 15 22 17 25 33 16 41 36 16 24 9 19 24 10 29 
17 3 13 19 20 17 31 18 24 35 11 6 44 28 7 26 15 32 8 12 23 20 19 29 19 27 33 14 14 17 39 27 38 31 37 22 28 24 17 19 
30 26 22 20 14 18 20 32 23 29 19 8 12 30 19 24 28 30 22 16 23 19 27 40 20 31 21 9 41 25 24 16 36 19 29 28 25 23 11 14 
45 19 14 9 22 9 21 25 17 27 24 15 36 22 16 29 37 26 24 9 17 11 29 24 22 24 15 17 15 17 19 34 25 24 26 19 19 36 10 27 
22 16 18 20 26 13 29 16 27 27 24 25 40 15 16 14 40 46 16 18 20 24 24 40 17 22 24 21 38 13 21 31 20 18 27 24 21 21 21 23 
44 23 13 6 16 15 40 14 24 22 19 17 41 9 24 8 19 42 11 13 18 21 30 36 23 19 35 13 27 22 15 50 25 22 32 20 22 5 15 22 
24 24 17 4 36 17 31 10 29 14 22 15 32 21 19 24 23 19 19 14 23 25 29 30 20 18 28 10 33 22 20 53 32 23 32 23 10 26 16 32 
28 7 16 20 20 26 26 20 13 9 18 18 30 18 16 18 26 29 24 15 22 16 30 30 21 22 27 16 28 21 26 40 33 20 22 18 23 20 13 29 
20 22 19 19 26 26 31 18 33 32 24 16 30 17 20 14 26 31 11 11 20 8 20 24 21 21 35 25 28 16 18 30 24 26 16 18 30 17 9 32 
25 44 22 18 25 17 30 26 45 29 19 11 38 14 11 32 16 24 14 19 24 20 24 20 26 19 21 14 31 12 27 29 31 15 28 20 31 33 11 18 
27 44 12 25 37 14 35 21 25 23 24 14 18 22 27 27 32 31 23 10 11 7 18 31 26 20 20 14 35 22 22 29 26 24 33 19 29 24 25 31 
44 14 19 16 7 18 33 23 29 19 16 20 31 7 17 21 20 35 19 18 24 18 22 29 21 21 41 9 40 28 31 31 25 20 16 22 31 23 19 30 
37 38 8 22 34 21 21 23 31 33 13 22 35 22 21 18 31 24 21 11 25 13 17 32 26 21 22 12 29 12 24 35 24 13 37 35 34 21 13 41 
32 28 28 17 15 17 21 10 25 12 17 21 28 16 17 14 29 24 15 21 23 21 29 15 27 27 37 19 32 21 18 24 21 24 34 7 16 14 12 38 
29 21 17 21 31 19 29 18 14 28 17 14 28 4 19 34 30 33 22 9 17 21 25 36 27 14 24 16 50 20 30 25 19 18 26 23 24 25 14 17 
26 33 23 13 25 13 26 14 19 22 26 9 30 19 16 24 19 29 20 20 34 17 15 35 19 7 35 18 32 27 19 28 32 21 30 22 26 12 14 45 
13 21 20 23 26 18 26 23 38 16 14 21 47 21 12 24 26 35 11 4 22 17 18 37 19 15 24 15 31 27 27 30 34 17 44 22 22 25 16 48 
27 32 26 16 23 19 18 14 21 21 20 19 31 11 5 19 31 31 15 16 28 26 21 33 25 23 23 10 27 27 19 17 37 17 17 21 26 20 19 29 
31 32 22 21 42 13 28 12 29 20 23 23 27 19 13 26 19 34 17 14 27 16 21 25 11 24 38 13 27 30 26 24 26 17 21 17 26 9 15 6 
22 28 17 17 24 18 15 19 23 28 21 18 44 19 16 21 21 43 21 18 14 19 16 33 24 26 24 15 19 21 22 33 43 26 27 17 35 20 15 29 
25 22 18 11 22 15 28 25 28 18 11 26 23 20 18 16 36 28 12 12 21 17 21 36 26 30 21 12 33 21 10 46 34 13 35 29 36 23 22 40 
21 18 13 15 24 10 27 17 37 23 30 31 39 6 14 26 21 22 17 15 25 20 23 37 26 25 24 19 34 20 24 43 29 19 29 16 34 28 14 20 
34 26 16 17 16 17 28 11 29 24 35 20 32 15 15 23 17 36 16 12 27 18 11 10 24 13 18 16 48 5 25 22 22 28 21 15 25 31 17 24 
18 24 26 24 27 15 35 15 34 33 5 24 18 8 20 20 36 29 12 16 22 18 20 38 15 23 32 16 35 23 24 28 35 32 25 19 24 25 19 29 
25 39 13 22 22 12 20 11 40 19 17 20 33 20 22 30 33 25 21 15 26 19 20 36 34 20 40 13 41 14 30 32 14 20 18 12 24 21 14 36 
32 35 12 17 16 14 36 24 35 19 25 24 37 16 15 21 19 25 18 8 26 20 25 24 16 26 20 12 31 10 18 20 26 11 45 26 25 26 13 21 
17 30 25 10 24 13 16 27 31 41 16 23 34 20 11 28 32 19 18 16 20 20 27 22 11 11 26 15 11 10 35 11 34 18 23 23 23 30 15 19 
43 22 19 6 20 16 34 34 39 29 29 15 21 21 7 18 34 31 12 11 21 24 17 33 32 26 27 12 24 29 33 20 29 17 31 18 31 19 22 33 
21 40 16 17 37 11 26 16 30 19 23 18 31 24 20 23 28 34 15 14 23 20 22 36 31 19 42 4 35 32 30 21 29 24 35 10 30 27 11 13 
32 33 20 8 33 14 28 15 19 20 25 17 29 18 16 33 32 25 16 13 22 17 19 42 20 21 41 16 28 21 22 21 19 24 24 17 21 18 15 31 
24 18 21 14 18 12 24 11 20 32 22 24 37 28 19 26 27 22 8 16 19 12 26 31 25 18 31 12 45 22 19 31 42 24 34 20 25 31 11 27 
19 30 10 8 39 15 33 16 18 14 27 30 25 26 19 14 20 23 8 18 37 26 32 48 24 18 26 9 14 14 29 39 31 22 17 8 28 19 15 31 
35 24 21 11 39 18 20 14 30 44 25 17 28 11 22 28 29 30 21 14 9 15 35 30 15 22 14 18 35 17 35 21 25 23 31 18 20 21 18 33 
33 30 9 19 29 15 18 25 18 25 26 11 32 19 13 33 34 20 18 21 12 18 17 26 28 20 16 13 35 12 34 39 23 21 20 30 26 21 11 20 
21 2 22 27 42 9 26 11 29 27 19 26 27 21 13 15 34 20 19 11 23 15 31 29 13 8 28 21 36 14 29 36 23 37 19 28 33 25 17 9 
40 25 23 16 33 12 26 15 24 32 12 21 36 14 18 22 30 19 16 15 30 25 10 38 15 19 28 10 14 20 17 30 42 4 35 21 14 28 15 20 
33 16 17 13 21 15 22 11 39 29 10 17 29 15 22 24 20 32 17 18 22 22 25 32 19 19 35 13 32 19 19 40 33 17 16 16 31 34 22 26 
11 40 16 27 28 10 6 13 30 31 20 20 33 22 19 21 11 26 16 16 22 18 19 28 30 28 19 18 38 26 25 22 28 25 17 15 21 22 20 45 
34 34 24 10 33 10 26 10 12 23 18 16 35 17 19 28 17 26 17 21 20 17 25 31 25 18 40 21 23 17 32 37 30 18 25 26 15 21 18 34 
20 15 18 22 38 24 30 14 19 34 29 26 24 14 8 22 23 32 19 15 23 18 20 27 13 30 26 17 25 20 24 37 19 32 45 12 32 29 10 35 
32 22 16 8 21 23 19 11 33 18 15 25 29 22 5 27 31 22 23 18 30 27 23 21 22 6 29 13 14 16 25 31 28 17 26 12 32 39 9 21 
31 15 15 10 44 24 31 17 29 25 15 17 24 18 22 18 23 28 11 16 17 25 23 16 20 23 33 14 48 25 20 40 27 28 36 12 27 24 15 37 
21 25 20 14 13 21 30 22 33 28 21 17 33 22 13 31 40 36 21 11 20 16 16 27 29 21 30 3 33 21 16 39 27 19 25 22 20 32 21 18 
39 45 10 19 31 20 20 19 26 19 15 26 32 22 20 31 30 35 25 14 17 23 19 28 19 14 18 9 31 28 30 47 12 21 30 25 14 26 13 30 
24 36 7 15 39 17 18 23 17 25 21 16 26 20 26 26 26 16 12 14 23 15 14 26 30 19 37 15 34 30 29 34 20 27 27 18 19 30 18 21 
25 43 18 15 28 11 29 14 28 22 19 11 28 16 26 17 35 31 18 17 22 14 29 23 16 26 14 13 38 25 35 35 15 24 31 29 21 16 13 25 
30 36 14 10 22 11 23 21 21 18 14 22 17 19 20 26 42 26 17 13 25 18 29 33 13 8 27 15 29 25 19 18 26 20 28 24 28 39 19 36 
29 38 27 17 17 18 21 22 40 38 24 26 32 24 19 25 29 30 12 15 11 29 20 29 20 13 30 16 30 25 19 36 31 28 22 22 23 21 17 41 
19 41 14 13 13 19 38 19 23 29 22 17 37 15 13 26 26 26 8 13 21 25 19 25 12 18 29 16 38 24 30 27 18 16 20 16 21 25 11 32 
38 21 22 21 18 22 20 21 37 26 14 18 30 23 20 22 23 37 18 12 21 19 24 19 27 29 33 16 22 8 14 31 21 12 41 16 31 23 12 32 
23 22 14 20 14 18 20 32 39 15 12 22 29 16 9 12 29 25 20 10 30 21 18 39 17 9 27 19 36 22 23 32 31 19 33 17 28 32 17 32 
20 37 20 7 14 10 11 15 48 24 16 18 25 27 17 26 20 31 14 14 16 14 25 42 16 10 18 16 30 23 28 40 24 25 33 11 27 15 16 21 
29 30 14 21 13 21 28 25 39 25 18 19 29 18 15 24 41 34 19 15 21 18 26 32 23 25 27 21 26 10 22 33 35 14 16 20 29 29 17 30 
42 25 12 12 30 11 34 24 8 32 20 19 26 8 13 27 38 28 16 17 29 15 29 20 18 13 24 12 30 21 24 49 37 17 31 23 34 37 13 32 
27 22 17 24 21 15 27 19 39 29 19 22 24 13 20 34 19 31 21 14 20 8 19 21 21 8 34 12 19 23 30 17 28 16 30 24 7 24 16 31 
44 26 19 21 35 20 18 28 33 14 17 17 27 20 21 20 35 42 21 9 26 21 22 30 19 8 30 11 38 17 25 35 18 22 32 19 21 31 12 36 
33 27 16 18 46 23 28 25 57 27 14 12 34 23 16 26 17 30 18 15 14 22 23 13 20 23 25 15 21 17 17 53 24 18 41 31 33 33 18 23 
29 45 4 15 29 14 15 14 37 23 27 25 21 13 20 26 19 18 12 17 24 10 21 33 19 16 43 16 35 15 35 14 16 23 21 19 21 18 13 31 
20 38 20 22 32 21 20 15 24 14 24 22 15 21 17 20 31 25 19 12 16 21 21 37 28 20 26 17 51 25 17 28 39 16 34 5 36 25 19 24 
34 27 12 16 27 21 14 15 25 18 18 22 29 26 17 17 29 31 7 10 18 11 22 32 25 5 34 10 40 19 35 40 22 14 26 11 25 22 15 33 
29 46 22 10 30 19 38 28 13 26 27 14 26 20 17 30 42 25 12 24 24 22 18 40 19 9 29 19 30 25 12 18 23 25 30 22 26 26 20 40 
10 40 22 19 30 18 18 28 26 29 32 26 32 20 25 19 31 55 16 20 24 17 29 33 32 15 25 14 35 14 21 34 17 20 44 20 40 30 11 21 
25 28 28 15 30 14 26 12 32 19 34 22 38 16 18 14 24 26 14 16 23 15 20 51 24 20 28 19 44 21 29 29 26 21 34 18 22 20 23 41 
26 43 21 16 21 14 22 12 31 37 15 13 24 14 23 14 20 30 19 16 21 20 25 39 33 10 27 11 42 17 24 34 33 17 12 20 29 28 24 31 
39 35 20 24 34 18 26 22 34 29 14 16 25 19 17 31 22 28 19 14 15 22 32 32 21 20 32 7 16 16 27 15 21 26 27 19 14 30 10 22 
41 15 22 25 42 10 34 25 31 29 23 17 32 20 14 18 27 43 23 17 24 7 28 15 29 20 23 16 16 25 17 16 35 29 31 20 22 23 15 28 
25 28 19 19 18 18 25 24 21 21 11 16 34 11 16 28 38 33 19 12 19 23 29 36 24 18 20 17 32 25 21 40 34 18 35 24 42 26 21 37 
36 19 20 15 33 20 29 19 33 24 10 20 23 19 16 24 25 39 11 17 23 18 27 29 26 24 25 18 26 12 36 30 28 19 31 19 12 34 17 39 
28 16 23 23 40 19 17 27 30 20 25 22 30 16 18 30 13 32 16 22 25 9 32 34 24 20 14 17 19 14 14 32 31 25 35 20 31 25 15 22 
27 29 25 17 38 14 27 20 31 23 26 21 32 29 24 15 37 30 12 21 15 23 20 21 23 24 21 9 32 15 27 34 40 17 27 21 31 26 16 46 
26 34 21 16 22 13 22 26 33 18 12 11 20 19 26 22 24 26 16 22 23 17 34 37 31 12 20 14 43 26 33 30 28 20 15 10 15 17 13 27 
38 21 18 25 32 18 11 23 27 22 27 23 22 10 10 26 31 41 17 14 25 13 25 32 22 22 32 14 31 18 29 17 18 22 19 22 24 32 13 26 
26 28 11 11 41 20 21 10 19 19 19 16 41 18 12 26 36 15 13 15 17 29 26 37 22 24 34 17 28 15 27 24 29 4 20 22 26 29 17 26 
31 26 18 15 17 16 29 18 42 9 21 20 32 13 21 21 19 37 27 11 19 17 27 21 27 22 15 11 26 22 29 8 32 21 39 20 25 19 13 25 
39 31 9 23 30 17 14 22 28 25 20 11 31 20 21 28 39 34 17 10 23 23 17 22 17 22 38 14 43 24 28 46 21 17 22 9 24 19 8 28 
24 28 14 17 32 13 30 24 27 13 19 15 35 27 14 17 24 41 21 12 22 18 24 37 27 30 20 19 33 21 16 35 31 10 27 23 19 28 18 27 
19 30 14 11 25 15 22 18 21 21 7 12 34 23 13 37 28 26 17 20 25 17 23 43 16 12 18 15 37 32 16 30 26 23 30 29 24 18 21 30 
28 38 21 13 20 14 26 10 42 32 10 16 35 10 13 28 20 33 12 13 7 22 24 26 21 27 24 12 28 23 27 31 29 13 35 15 23 25 14 28 
26 39 21 10 23 18 39 18 22 22 11 23 25 17 25 18 32 30 16 19 21 19 23 17 20 19 34 20 39 18 23 33 36 17 27 28 23 25 14 30 
37 30 17 20 22 17 17 24 16 33 17 19 37 13 6 28 37 26 17 20 21 12 23 31 20 27 15 20 21 29 20 43 31 13 5 13 27 37 18 24 
25 36 22 12 31 10 27 21 21 30 20 19 38 18 13 20 27 31 17 10 16 20 21 22 24 27 44 16 33 20 22 35 24 9 15 15 38 27 9 37 
23 22 20 15 33 18 27 21 24 41 13 10 35 13 13 18 34 8 13 15 23 10 20 50 22 12 25 15 32 20 25 41 21 19 37 22 33 23 13 33 
18 7 17 19 33 17 18 16 21 26 21 13 29 22 26 20 21 12 19 12 24 10 30 14 29 21 25 16 27 25 22 26 17 35 28 28 16 22 10 12 
42 37 12 16 24 15 24 26 32 29 15 21 37 18 21 17 16 42 24 11 19 18 15 21 30 23 25 18 22 17 23 23 32 26 34 29 27 10 18 31 
28 30 20 17 18 13 21 15 30 23 23 24 30 19 15 23 29 31 16 14 21 9 19 42 25 14 17 22 37 18 19 36 44 14 21 11 18 11 15 27 
23 27 22 23 22 17 20 21 30 26 20 24 31 21 12 23 22 39 16 8 19 18 33 33 19 13 20 12 25 12 18 29 23 25 37 21 20 24 9 15 
35 24 25 17 32 18 21 19 36 27 23 19 35 18 15 22 22 41 11 9 19 6 33 27 17 12 18 17 37 17 28 18 31 26 21 14 16 23 13 30 
22 37 16 18 13 14 21 15 38 20 20 17 41 26 20 23 38 43 26 9 18 24 15 23 19 17 34 12 25 30 17 33 33 26 23 22 21 17 10 16 
30 33 15 10 28 18 27 29 32 22 8 14 35 20 10 23 24 26 15 9 38 26 25 55 30 14 31 22 43 10 18 34 41 9 25 18 34 24 13 36 
35 37 17 22 20 11 29 23 35 19 10 23 26 15 19 10 7 33 19 19 27 16 26 26 14 13 27 15 33 17 22 33 27 19 30 20 16 19 14 38 
31 25 15 25 21 18 27 31 23 25 26 15 13 19 14 26 19 40 16 8 18 13 22 46 20 18 22 20 33 12 28 14 23 21 33 27 24 15 15 42 
21 38 18 7 39 16 24 20 28 20 22 26 29 12 8 28 33 36 20 15 22 13 20 37 25 21 30 21 27 19 19 26 31 18 45 15 20 19 17 29 
16 39 20 14 27 9 26 24 19 21 11 23 24 19 19 27 28 29 17 13 17 20 24 13 8 21 33 15 43 19 30 22 43 15 21 32 39 31 7 50 
10 58 24 15 12 17 33 14 15 18 21 13 26 14 21 27 13 24 15 6 15 14 33 41 10 20 34 17 32 20 24 29 20 18 22 24 20 35 17 42 
32 25 19 17 22 20 18 11 30 25 21 19 38 20 12 24 27 22 19 19 18 17 26 15 22 28 37 16 30 20 20 34 29 11 28 23 17 24 18 23 
17 28 28 16 23 19 17 25 23 29 37 11 26 18 16 16 38 34 19 14 32 20 29 33 25 21 30 9 31 26 35 29 28 17 33 22 29 24 14 35 
34 11 20 13 9 10 29 10 28 22 23 15 14 22 23 34 30 34 24 14 22 22 30 45 28 22 21 16 28 22 29 41 25 15 24 29 25 27 18 22 
45 32 14 20 21 20 38 16 26 33 22 28 26 12 18 24 38 28 12 13 19 14 23 35 22 21 13 21 34 5 27 16 23 24 32 24 22 25 15 43 
46 23 17 19 26 18 26 24 42 22 24 21 38 15 18 24 42 34 20 13 16 7 19 28 17 18 35 16 40 26 33 33 25 25 31 29 34 23 18 51 
16 36 27 17 34 16 13 29 41 16 23 15 18 18 18 33 38 22 17 19 34 12 22 27 23 24 17 13 23 11 23 28 28 33 18 23 23 32 12 27 
35 37 23 14 15 17 22 25 17 24 28 16 37 18 13 21 35 22 25 17 29 12 20 39 21 18 22 18 32 19 25 34 10 38 27 23 24 27 13 41 
24 39 22 16 33 17 28 27 34 35 25 24 28 12 20 30 22 32 16 16 15 12 24 36 22 22 22 10 25 20 36 36 12 26 35 14 35 30 17 36 
23 27 21 18 26 15 23 12 36 28 24 26 30 14 20 29 18 27 17 9 28 19 21 33 16 32 23 14 30 32 8 29 32 6 24 29 14 16 10 29 
24 15 24 21 25 21 25 16 16 30 19 17 16 20 26 26 27 20 31 17 24 11 24 30 22 24 11 10 28 19 21 38 18 19 34 15 24 8 14 34 
28 28 14 12 23 20 30 15 32 25 29 25 42 20 22 18 16 25 17 22 35 11 22 27 21 21 18 18 26 19 25 39 13 11 22 21 28 20 12 29 
16 29 15 13 35 17 4 27 41 23 16 23 17 17 17 23 32 28 9 12 15 9 31 44 20 17 31 19 31 26 27 36 26 7 29 14 31 24 15 32 
24 39 24 11 30 10 21 18 13 35 27 11 20 18 11 26 34 36 21 14 18 19 25 31 14 25 22 18 11 35 22 17 30 27 39 10 17 23 14 22 
22 32 16 11 22 17 30 27 26 19 15 23 45 20 16 25 18 32 24 15 22 21 30 37 35 18 25 9 36 25 23 37 20 19 27 21 13 31 11 14 
33 34 17 12 13 16 7 16 27 24 27 18 32 17 10 27 35 36 23 13 20 19 17 22 27 16 20 14 23 28 24 22 29 16 25 27 33 20 19 40 
30 39 12 13 42 10 19 15 28 13 21 5 39 22 12 32 37 29 5 18 18 19 24 47 9 12 27 16 30 13 10 29 32 23 12 22 29 18 14 24 
27 39 18 16 27 15 33 29 28 25 5 17 32 20 14 17 15 32 25 14 22 7 26 38 32 9 43 19 14 21 21 22 38 4 33 21 29 7 19 33 
40 20 15 18 25 19 22 29 17 14 22 26 35 19 13 27 12 22 24 16 22 23 21 28 17 23 31 20 23 24 40 53 24 14 26 30 37 34 13 32 
30 28 23 13 20 18 24 20 32 23 14 21 35 22 17 18 22 23 21 18 22 11 25 15 12 11 26 18 33 19 29 15 21 24 36 19 12 30 11 37 
32 24 22 17 28 16 23 25 21 22 6 27 26 18 12 19 28 21 15 16 15 12 27 36 9 17 37 19 27 33 34 24 21 17 17 19 28 12 19 24 
29 36 23 17 27 8 24 22 46 37 20 25 15 20 8 14 24 28 5 14 23 12 32 13 29 26 27 18 21 18 30 23 21 26 29 8 34 28 15 28 
19 31 21 16 31 19 18 13 26 22 17 22 40 26 17 26 39 17 18 24 28 13 21 16 12 14 25 15 47 19 19 26 19 13 23 12 36 11 19 34 
35 30 8 22 29 22 31 6 38 27 9 17 26 16 16 17 33 44 12 16 4 19 25 32 26 27 36 17 27 18 32 23 28 20 35 22 33 38 17 19 
29 24 23 24 16 20 29 21 36 31 8 27 37 9 16 11 37 18 24 16 20 18 19 20 27 23 24 18 35 19 27 34 30 28 31 9 25 22 12 24 
31 28 16 14 29 19 24 19 29 30 27 18 36 16 12 11 28 26 12 15 27 19 24 21 13 24 38 14 23 24 37 20 31 8 23 8 12 21 15 36 
36 33 14 20 32 13 25 12 28 37 26 16 26 14 18 16 21 26 11 16 16 6 11 8 20 19 29 15 16 15 9 40 34 28 27 16 20 30 13 24 
32 44 13 16 25 16 32 9 13 19 19 20 43 29 8 19 12 11 14 13 15 20 28 42 25 20 19 18 24 17 23 30 40 20 32 8 32 27 19 20 
20 33 15 22 31 14 28 26 39 30 12 11 32 9 12 10 25 17 13 13 31 15 12 27 21 21 43 16 29 29 16 46 21 21 30 20 24 28 22 18 
32 21 10 13 9 19 23 22 29 23 26 20 31 19 9 30 31 39 22 20 25 13 20 29 25 30 22 18 15 20 14 47 23 23 32 23 30 24 19 32 
24 28 27 19 18 18 26 19 26 31 15 16 33 19 26 26 17 30 21 15 23 17 22 29 24 14 26 11 23 13 26 30 42 17 21 18 28 20 30 34 
23 35 18 21 24 15 24 13 42 20 31 25 33 21 27 20 27 15 27 13 14 12 28 30 30 23 29 22 22 20 24 41 33 22 29 14 19 22 14 20 
28 42 17 12 33 14 24 14 29 38 23 21 42 24 11 27 26 30 9 13 22 18 25 19 23 13 25 10 24 20 20 40 16 24 31 17 35 45 16 27 
42 45 21 7 33 16 9 28 39 14 15 26 34 10 19 22 40 34 8 27 29 18 19 28 8 14 18 14 33 19 27 48 26 34 6 29 20 26 15 15 
18 34 14 16 29 18 22 11 24 26 26 15 37 14 16 22 36 35 18 24 21 28 25 25 18 20 23 12 35 16 20 15 33 10 38 21 34 17 14 38 
25 34 16 17 44 20 23 20 21 24 13 16 33 23 15 16 32 25 14 18 14 6 35 30 24 16 32 12 40 22 22 34 28 31 22 26 20 29 12 14 
35 27 11 13 28 23 20 22 20 15 16 24 30 6 13 20 29 32 9 16 12 10 13 35 25 18 33 17 35 20 34 44 26 11 25 27 30 36 17 5 
15 23 12 13 31 18 35 27 17 39 19 8 17 16 10 24 33 38 16 25 24 24 19 32 26 14 21 17 29 20 32 23 23 14 15 25 48 19 18 13 
44 44 21 14 20 14 29 22 20 24 29 14 17 11 24 11 35 26 12 16 18 10 21 12 19 16 22 13 30 23 25 34 16 22 15 28 14 33 19 28 
27 21 23 14 18 18 40 34 35 19 26 21 37 26 14 30 27 36 15 14 11 12 23 29 29 18 19 17 46 18 30 46 25 24 28 21 29 24 15 22 
32 18 15 6 32 10 28 16 47 18 29 13 28 26 12 22 44 35 23 13 22 15 27 39 20 13 36 12 44 35 17 21 17 27 22 16 23 10 18 34 
33 34 22 16 35 11 27 16 24 34 23 18 35 17 15 16 30 34 18 16 14 13 22 26 28 16 18 13 37 23 30 18 36 22 33 20 23 17 14 34 
20 43 9 20 14 21 16 26 30 21 24 20 12 17 18 14 21 7 22 18 26 17 24 24 19 15 10 12 14 19 26 8 38 18 20 11 23 24 7 37 
14 42 18 13 29 15 34 10 20 27 20 21 24 21 22 25 13 39 21 17 26 25 25 27 31 26 24 12 25 26 30 16 31 11 34 14 23 16 11 42 
32 8 18 19 23 11 51 22 18 24 17 14 22 18 20 22 23 38 12 15 33 11 18 19 17 27 42 14 37 27 30 22 42 14 17 17 38 24 14 22 
36 22 12 17 17 13 6 15 31 28 18 13 15 29 18 26 11 30 23 21 18 10 19 15 30 26 27 19 15 25 16 27 16 27 39 20 23 33 19 33 
15 19 14 16 37 14 14 11 35 22 19 24 26 16 17 23 19 25 11 5 20 17 25 36 19 23 34 18 30 11 35 31 33 21 27 10 16 19 10 28 
42 46 17 16 37 16 30 15 31 23 15 20 27 21 9 25 26 36 16 11 19 20 23 26 32 16 26 18 16 24 23 57 40 23 17 27 21 23 16 23 
24 26 16 25 28 15 24 17 28 33 22 21 35 28 16 14 38 36 13 14 18 19 21 27 20 24 28 5 35 10 33 15 14 5 30 16 29 18 18 20 
27 22 21 25 16 12 30 22 21 16 19 21 22 22 14 17 25 20 23 10 19 16 26 17 14 18 41 12 36 13 34 31 7 23 31 28 14 26 2 20 
31 43 18 23 28 15 7 11 31 44 23 14 24 24 13 36 21 23 22 13 22 21 23 32 27 12 24 15 36 27 22 33 34 25 30 35 28 20 19 35 
37 18 21 9 25 14 18 18 30 17 13 23 22 22 24 29 27 35 18 13 26 8 18 33 12 26 31 19 20 28 29 32 24 21 21 11 16 31 13 29 
33 30 9 23 29 21 27 24 36 20 21 21 33 11 16 19 29 35 13 21 14 17 26 19 23 20 15 15 29 13 18 41 34 17 17 23 21 31 15 35 
23 27 20 16 26 20 23 17 18 29 16 31 17 19 12 24 25 41 12 12 26 19 28 37 18 26 28 14 45 22 28 14 34 33 27 15 23 10 6 8 
16 8 17 18 34 18 15 17 29 27 17 11 28 18 20 27 25 51 14 17 18 22 23 31 24 24 32 15 31 19 17 13 42 9 22 8 30 46 18 25 
30 26 13 14 39 13 28 12 40 32 23 13 26 19 16 28 13 30 11 16 20 18 18 22 21 24 18 19 20 19 22 26 40 12 17 19 32 27 6 27 
22 23 14 13 19 18 21 19 26 43 26 16 36 13 21 29 15 31 23 17 14 14 31 41 16 26 27 11 18 25 30 32 30 21 34 19 11 26 16 32 
22 26 13 15 35 11 25 16 25 11 16 16 33 18 19 21 31 37 18 19 20 11 28 25 20 27 34 14 33 22 23 37 35 18 36 13 38 11 18 31 
29 31 17 9 21 13 31 20 10 36 19 16 15 6 23 20 31 22 18 16 10 14 36 33 10 20 21 22 29 18 24 13 34 19 32 14 28 31 9 39 
33 22 11 12 24 12 20 30 30 22 29 25 19 12 15 28 30 30 23 22 30 13 28 45 8 22 26 16 38 21 27 39 27 18 31 21 27 17 17 34 
30 25 22 23 33 27 24 19 45 23 9 16 22 14 17 29 34 24 16 14 18 15 25 24 27 9 26 17 22 30 29 24 22 15 21 15 26 29 7 20 
29 27 16 20 28 16 22 23 27 23 26 20 29 23 12 25 26 22 18 14 19 15 19 27 14 20 30 15 40 35 24 21 24 20 27 25 34 20 14 32 
33 33 20 21 31 21 19 17 26 12 27 24 42 19 17 14 30 42 12 11 20 20 12 26 23 12 28 15 35 21 20 30 28 9 25 24 28 30 14 11 
28 36 18 6 21 15 16 29 23 26 11 22 20 14 7 23 44 30 5 15 23 23 26 26 19 20 22 14 22 27 8 27 41 21 21 23 28 35 18 35 
18 52 23 22 36 15 18 17 30 38 20 14 23 19 13 19 26 37 4 14 25 17 18 28 20 20 30 14 32 24 23 52 33 15 31 15 31 13 15 26 
35 38 9 15 37 21 25 18 37 5 8 25 16 21 19 22 28 32 16 11 28 26 33 40 20 11 30 9 36 23 26 24 28 14 15 18 35 26 8 21 
38 36 23 11 36 15 20 17 30 28 19 17 42 25 15 12 35 28 23 14 29 11 23 33 23 18 21 11 23 36 21 29 30 22 27 7 30 30 20 46 
28 43 11 22 29 22 32 25 41 18 15 16 10 20 22 26 34 21 12 15 21 21 20 30 18 23 14 17 43 20 29 32 20 6 29 21 17 28 18 41 
33 38 18 13 21 9 32 15 44 34 16 25 37 25 21 17 41 23 21 15 30 18 16 24 26 25 22 5 27 4 31 36 29 26 23 15 19 11 21 35 
38 22 20 11 20 18 29 13 21 25 26 20 30 21 20 18 25 34 12 17 19 16 22 41 29 30 31 16 31 23 29 34 34 15 26 10 16 14 17 40 
16 24 16 16 31 22 23 27 40 21 25 19 34 10 15 19 29 28 14 16 11 20 26 39 28 30 27 19 36 11 19 35 10 7 30 15 23 35 16 33 
22 25 14 18 32 16 21 12 27 20 30 22 20 8 19 32 23 26 15 16 26 22 20 23 21 23 44 19 22 11 24 30 27 23 29 24 29 32 16 46 
19 37 22 20 30 14 26 21 28 18 23 24 24 24 14 25 22 26 20 7 32 14 19 31 31 18 36 9 35 22 26 21 27 33 41 23 27 28 8 31 
29 24 12 14 13 14 26 25 14 34 18 16 24 17 16 21 23 33 23 10 19 17 24 29 26 27 35 21 45 17 17 24 35 23 28 22 22 23 15 32 
28 18 19 13 26 24 18 24 21 25 30 15 25 21 6 24 19 32 23 16 25 20 21 23 15 19 33 12 29 24 18 39 19 12 37 28 14 21 21 19 
39 32 16 22 27 12 36 26 14 23 33 18 18 18 23 23 31 29 20 15 33 16 18 33 23 12 39 15 31 25 25 30 38 23 28 16 46 34 12 33 
18 45 21 26 28 12 2 19 43 28 18 19 35 23 14 25 23 17 7 11 25 15 21 35 33 9 39 13 31 18 20 24 25 21 24 7 38 22 21 24 
28 26 19 15 28 21 13 12 17 19 31 10 32 20 20 17 27 26 11 18 26 18 41 22 17 22 31 10 26 31 32 37 30 35 19 14 20 19 18 22 
31 28 20 18 33 17 24 20 35 24 31 24 25 22 27 23 37 17 25 18 13 23 15 35 11 31 26 11 22 17 28 26 28 21 28 21 24 16 12 32 
38 21 25 15 24 19 34 10 32 28 18 22 26 9 23 28 26 26 19 17 16 15 16 15 17 25 25 14 25 24 34 31 22 36 32 22 19 28 23 39 
33 25 17 14 26 16 25 27 32 17 28 13 29 19 26 21 30 31 19 13 15 19 12 46 17 21 33 15 31 21 29 40 23 21 18 23 34 23 26 25 
31 21 9 15 34 8 29 9 29 24 14 22 42 25 17 20 30 30 24 14 25 10 21 41 19 26 26 25 35 11 23 31 25 17 34 22 40 25 14 33 
33 12 6 16 20 17 32 19 25 28 23 19 27 18 21 26 42 18 18 17 33 20 6 29 22 25 30 24 36 16 28 43 30 25 25 25 35 22 16 44 
27 30 18 22 28 21 32 24 29 24 14 9 33 19 8 32 23 30 11 17 12 15 31 30 20 16 28 16 34 23 15 28 26 20 33 25 17 19 13 19 
36 40 12 20 21 12 30 28 29 40 19 22 23 20 23 15 25 23 18 12 25 16 22 23 15 13 19 14 31 25 5 22 35 13 24 8 39 29 13 37 
28 29 15 14 27 17 27 22 33 19 20 14 30 20 27 24 30 31 18 17 18 21 21 38 16 18 26 11 33 21 30 21 34 18 20 32 15 21 13 25 
31 17 23 17 21 14 26 21 23 25 15 21 48 22 21 27 39 30 19 16 31 26 27 24 17 10 19 15 21 13 31 37 18 32 26 37 23 44 19 28 
20 28 17 19 39 17 35 23 15 23 28 17 23 14 18 27 39 28 19 15 17 12 30 31 22 9 28 25 15 17 23 37 38 9 28 15 28 23 17 23 
23 25 21 20 24 17 28 24 18 33 23 19 36 25 13 9 31 40 14 18 18 19 26 37 26 13 28 15 46 26 27 55 24 32 23 16 27 25 6 31 
39 26 24 17 35 13 34 21 39 23 10 18 40 21 12 15 35 48 11 18 30 16 18 41 22 12 26 22 16 12 24 22 28 17 19 16 26 34 19 31 
31 29 13 7 31 14 30 8 35 27 21 17 31 14 16 22 27 24 16 18 24 14 25 36 15 24 28 16 54 33 21 24 32 24 32 19 21 16 16 28 
21 26 21 9 27 14 35 23 30 12 23 12 19 14 10 18 35 23 20 15 27 19 20 47 19 31 19 18 27 25 21 39 21 13 26 19 25 28 14 36 
29 19 23 25 8 14 20 20 40 15 8 22 40 22 29 23 34 20 24 14 22 31 11 36 24 27 32 17 24 19 21 39 27 19 15 19 32 26 15 30 
32 14 11 14 26 16 34 15 32 23 33 17 32 18 25 27 29 31 14 11 23 16 30 32 9 17 41 11 29 10 23 19 26 23 13 18 29 18 19 20 
20 35 19 16 28 12 22 15 35 21 26 16 38 18 24 20 31 34 16 14 18 26 11 40 20 22 21 17 28 31 30 52 24 16 37 14 29 23 18 19 
33 34 17 13 19 14 10 16 47 25 26 12 18 17 16 24 27 33 22 17 24 18 15 32 32 15 33 19 38 23 34 31 18 15 24 13 14 29 15 40 
38 23 16 20 26 16 32 26 25 21 28 20 27 17 14 21 41 24 14 15 24 29 20 21 6 15 22 10 41 12 26 30 24 21 23 16 22 19 12 47 
25 9 16 20 22 10 27 20 30 27 28 15 42 15 20 24 13 34 15 10 19 26 24 35 7 15 26 12 38 12 33 30 16 16 38 13 31 21 19 45 
33 33 10 8 23 16 37 25 32 25 21 23 33 12 22 17 39 26 15 18 8 12 18 25 19 24 36 11 40 19 22 24 24 22 26 11 19 43 14 40 
30 48 21 9 39 19 28 30 34 24 28 25 34 12 22 36 35 33 14 12 25 24 26 31 12 21 16 16 32 15 27 18 28 16 31 23 24 29 14 44 
30 38 16 17 31 19 19 20 19 26 13 27 36 24 23 38 21 36 20 29 26 12 34 31 27 25 21 12 20 17 35 31 38 28 21 29 15 33 19 32 
45 19 21 15 38 16 11 18 29 26 23 22 31 19 21 28 37 34 20 14 18 14 26 40 18 10 22 20 34 18 30 21 17 27 18 16 23 20 11 30 
36 39 20 12 23 18 31 21 31 26 21 16 23 18 19 23 21 23 18 15 24 10 19 40 23 20 12 11 22 12 29 41 32 26 24 24 38 27 6 31 
35 25 22 9 29 18 19 29 24 34 23 15 36 19 22 14 25 17 14 13 21 19 24 28 29 21 27 12 21 22 30 8 25 20 36 21 17 23 16 16 
31 39 28 18 4 24 27 13 19 24 30 28 39 24 15 24 38 38 11 19 25 18 20 29 19 34 18 11 36 20 23 38 26 20 31 24 19 24 14 31 
25 28 12 15 35 16 36 12 14 30 11 17 23 26 22 33 28 31 21 17 21 22 16 39 18 17 35 19 26 31 33 29 39 18 28 22 32 29 10 30 
35 29 13 22 22 14 20 23 34 19 26 20 38 7 20 20 24 28 16 14 25 16 18 18 14 24 30 11 35 19 26 25 25 35 46 19 29 31 14 29 
19 35 20 8 21 18 24 29 26 17 25 24 16 33 19 26 24 30 16 3 18 15 16 24 22 17 34 13 38 13 19 40 22 15 1 19 25 12 13 48 
35 37 14 15 27 19 23 8 22 25 20 19 33 23 19 24 18 27 13 13 21 21 23 26 19 37 36 16 19 17 27 31 32 22 22 16 16 21 13 10 
23 36 12 18 42 21 36 33 32 32 17 10 30 19 20 25 17 42 17 11 31 19 20 30 13 15 25 16 29 28 24 29 27 33 38 20 25 27 14 33 
21 31 15 22 29 20 20 14 42 27 18 24 29 16 16 30 19 41 17 18 24 16 21 42 22 20 18 9 41 23 28 11 28 25 33 27 36 34 10 25 
26 26 12 18 25 21 11 19 35 25 12 23 29 18 16 21 39 41 21 15 28 18 27 26 15 22 23 14 26 19 27 33 31 22 39 22 28 30 19 19 
25 28 27 14 38 16 27 20 17 24 17 19 29 14 13 16 25 21 15 16 17 27 18 32 23 19 25 24 33 15 27 32 30 27 29 9 36 23 11 23 
34 22 22 19 22 15 28 20 23 22 20 16 39 21 14 23 29 21 17 14 21 23 14 38 26 25 20 11 33 20 21 18 22 22 32 12 21 30 21 25 
17 27 18 22 22 15 24 13 28 29 21 24 30 18 18 28 32 22 9 17 33 6 23 26 23 18 32 9 34 15 25 29 20 18 33 7 19 20 10 33 
28 28 22 16 15 15 33 25 19 24 28 22 33 20 13 29 20 30 24 23 17 18 14 19 8 28 19 12 48 14 15 30 26 19 16 18 28 31 16 39 
35 29 19 18 28 21 20 14 29 24 20 14 27 22 24 29 34 32 21 8 15 23 11 37 23 26 27 11 13 24 21 20 25 24 18 21 19 23 15 34 
46 25 16 13 41 15 23 20 30 29 17 5 26 16 16 16 20 41 5 10 16 7 28 16 19 17 21 12 28 20 30 18 20 18 37 34 21 14 18 30 
30 42 14 23 21 19 21 16 45 23 18 21 34 18 17 28 30 22 16 12 25 21 26 25 23 26 26 14 27 30 33 18 36 19 28 14 30 31 6 23 
22 38 17 18 17 26 30 20 31 18 18 23 23 11 13 21 39 30 14 14 26 22 26 35 20 19 32 14 35 38 25 33 22 28 23 22 26 28 8 21 
24 40 18 15 43 13 30 27 33 19 16 12 41 16 12 20 22 40 14 19 24 18 24 22 10 21 30 5 49 15 30 24 23 21 24 20 30 16 14 21 
33 22 18 28 30 12 12 13 25 25 22 17 38 22 24 25 29 36 23 14 20 16 31 35 13 22 21 16 28 22 26 23 29 20 25 17 28 36 10 8 
27 29 20 20 33 16 9 16 21 30 21 12 26 21 7 25 20 31 23 7 30 11 23 40 32 25 34 15 27 22 13 31 20 21 23 12 24 21 18 26 
33 38 11 25 35 12 31 19 26 38 17 11 35 12 31 27 37 30 26 13 16 22 18 15 12 36 29 15 27 25 19 36 36 25 43 14 38 19 19 33 
25 17 20 18 32 17 34 21 32 31 23 22 45 18 21 29 23 27 11 14 20 20 30 24 20 21 22 12 26 16 13 27 36 16 36 21 28 27 17 32 
21 28 16 22 24 12 26 24 26 34 20 8 27 19 19 20 20 24 15 15 21 6 18 27 28 20 24 10 32 15 28 23 30 26 36 19 21 24 9 40 
33 23 18 12 31 14 32 13 32 19 18 19 28 16 18 26 45 29 14 14 31 17 27 28 12 19 30 16 16 13 18 26 34 19 41 25 23 21 3 24 
14 31 17 20 21 7 12 24 31 27 18 19 22 18 17 16 28 23 17 16 24 26 31 15 33 11 23 13 17 23 28 21 38 22 27 21 12 28 19 48 
26 28 19 22 40 10 23 9 39 24 21 21 34 18 22 27 23 33 14 15 13 11 24 27 11 26 32 21 18 6 31 31 35 11 25 18 13 18 20 24 
31 17 7 21 18 19 24 22 35 24 18 17 28 20 26 33 37 39 16 13 15 15 24 36 16 23 27 20 13 11 45 33 35 23 24 17 35 12 16 44 
38 29 23 19 43 20 29 28 32 24 9 28 24 16 18 18 27 30 11 14 22 14 20 35 17 18 20 12 33 12 21 36 39 25 34 19 21 27 7 44 
44 29 9 17 25 18 34 15 33 21 16 13 48 29 16 21 24 23 18 18 15 17 26 35 25 4 11 8 30 17 16 22 27 14 26 14 20 22 15 29 
35 19 24 16 35 16 29 37 34 20 27 21 41 16 22 27 15 30 20 16 20 21 29 18 24 19 22 24 37 19 23 39 35 19 31 18 37 28 12 23 
24 20 12 13 14 15 31 23 17 31 23 19 35 17 15 23 38 33 19 18 26 10 27 16 22 20 24 14 29 13 30 38 35 21 37 22 17 27 19 35 
23 16 12 13 23 15 34 21 34 27 30 20 44 23 14 21 20 15 16 12 23 18 21 22 30 24 35 15 41 21 21 40 20 19 27 25 16 36 9 31 
39 20 21 15 31 11 28 12 22 29 21 23 31 18 10 28 13 26 14 10 27 16 15 44 25 12 21 11 19 28 32 14 30 25 31 17 16 20 15 22 
24 22 20 16 35 20 32 18 14 31 21 24 32 16 12 23 28 32 12 13 18 9 27 28 21 28 28 10 39 26 26 20 13 23 39 15 30 28 13 32 
23 11 14 8 40 16 24 20 32 13 27 21 22 8 35 21 28 28 19 13 20 19 27 19 16 14 33 12 25 22 45 31 37 23 26 9 20 32 20 37 
16 37 19 14 26 19 16 10 24 39 9 15 19 18 15 13 30 36 17 16 14 10 28 29 26 16 23 19 20 11 23 38 23 20 19 18 36 22 13 37 
35 32 11 11 28 10 16 20 39 32 13 20 24 16 15 15 18 26 22 14 35 19 17 8 21 13 17 14 32 14 16 41 33 20 14 19 10 22 13 39 
28 37 15 16 21 13 24 24 32 23 18 26 34 15 21 17 20 30 24 25 22 10 25 23 29 20 25 28 22 26 36 32 29 19 22 17 32 13 12 49 
33 43 8 30 35 10 37 19 28 26 12 25 34 10 19 11 35 22 20 10 11 16 18 16 29 19 35 11 22 17 25 28 40 23 25 12 18 28 12 28 
33 34 14 19 23 17 23 31 26 16 20 14 20 18 14 20 29 28 15 12 16 18 31 39 14 15 23 24 10 16 28 21 20 26 18 23 26 29 15 25 
20 12 14 20 25 13 28 18 44 30 32 27 35 13 19 14 23 22 11 9 24 19 26 23 17 17 41 16 11 21 31 36 39 20 18 20 34 23 13 33 
28 25 8 18 23 16 24 19 24 38 17 19 22 14 20 13 21 36 8 16 28 22 22 50 24 18 35 24 29 27 30 31 38 18 28 18 23 40 11 21 
24 9 21 16 28 15 15 21 14 38 18 23 30 21 21 29 31 34 16 17 28 20 35 22 21 22 28 18 17 9 33 30 32 22 25 19 28 26 16 36 
26 38 23 18 31 12 21 10 35 47 8 22 34 13 14 34 24 30 18 20 15 20 29 28 9 9 23 18 44 28 14 28 19 22 40 26 17 37 11 17 
32 45 26 19 40 16 22 26 31 32 25 17 28 23 12 16 36 20 14 15 20 22 28 27 14 21 32 12 33 10 34 21 25 24 29 27 37 23 13 38 
39 42 22 19 24 8 27 22 29 21 22 29 24 6 19 18 33 26 23 16 24 16 28 30 15 19 27 19 38 12 24 30 41 13 28 25 37 34 13 39 
31 34 17 22 35 16 21 17 35 14 13 25 14 13 24 21 28 10 19 14 16 11 30 21 15 19 30 20 36 35 29 26 29 26 14 24 18 28 18 16 
31 29 18 14 25 21 24 16 18 29 21 12 39 14 20 21 38 31 26 22 35 18 26 28 25 24 30 9 24 12 23 35 45 12 26 26 20 28 16 18 
13 24 21 21 27 23 28 14 37 24 14 25 27 13 15 25 22 21 28 22 19 16 24 22 11 10 15 18 24 14 25 36 35 11 18 21 25 32 12 21 
25 21 23 17 40 17 35 19 23 28 19 22 18 21 17 12 18 27 15 11 31 25 23 23 24 25 36 12 17 13 22 19 43 20 31 11 17 17 11 31 
26 23 19 19 33 10 27 20 29 26 18 22 21 9 19 19 26 21 13 15 24 16 23 35 27 19 15 17 33 23 13 27 34 19 25 16 27 19 11 30 
23 31 16 14 29 14 25 17 21 39 25 11 25 27 18 25 24 25 27 3 13 17 20 36 24 26 17 14 20 19 37 32 22 26 33 18 24 32 15 26 
16 47 20 14 22 25 31 14 19 29 23 21 27 18 22 28 33 44 11 16 29 13 23 36 32 25 13 16 31 20 12 35 26 29 26 25 27 35 14 12 
26 23 12 16 26 19 22 12 20 11 20 15 36 18 24 15 24 35 15 14 12 12 19 30 21 26 16 15 31 25 29 14 39 23 26 25 17 28 11 43 
40 30 14 16 33 24 25 24 30 30 27 18 26 13 7 26 31 15 11 20 9 10 31 28 19 13 20 16 16 22 20 28 22 20 17 24 30 19 12 34 
14 37 21 20 20 21 22 12 32 20 25 23 34 14 18 23 25 19 17 12 27 28 28 29 21 17 28 11 30 15 24 22 31 22 32 17 11 31 19 33 
22 17 15 20 30 22 23 12 29 23 22 26 26 4 19 25 19 25 20 21 29 9 24 27 24 13 22 15 19 26 25 13 27 18 25 32 27 23 20 27 
29 39 18 5 31 15 9 13 38 26 21 13 17 25 18 24 16 29 17 17 36 22 24 34 15 14 18 19 34 25 26 16 29 23 32 24 19 11 10 33 
37 9 18 15 31 23 31 21 8 30 16 20 44 10 15 20 34 30 15 14 22 20 22 32 21 11 21 21 31 27 12 37 37 15 40 17 24 25 16 30 
24 38 15 6 24 16 23 18 28 21 13 22 26 21 14 12 25 28 23 20 21 16 21 34 18 23 22 18 24 16 18 24 21 30 42 27 27 34 7 15 
12 37 8 18 18 14 24 16 11 17 8 8 30 18 23 18 23 31 24 15 24 24 14 19 30 28 29 18 37 17 17 27 35 17 29 18 38 30 12 9 
32 29 16 15 34 15 40 19 34 19 12 22 28 10 17 20 29 35 22 9 20 12 23 39 18 15 23 13 9 23 26 22 23 20 30 9 12 32 17 36 
17 35 16 18 15 15 33 12 11 23 22 32 34 20 22 24 26 31 19 22 20 16 19 20 33 12 18 17 21 13 36 23 27 4 17 16 31 32 10 33 
29 21 19 21 48 18 39 17 36 14 23 17 30 19 18 29 18 31 17 10 17 18 25 24 24 18 19 13 32 21 28 24 36 20 23 14 28 39 15 35 
20 29 13 13 36 16 36 27 21 27 21 28 29 26 25 11 23 25 11 23 22 24 23 40 24 13 19 16 39 20 35 41 42 14 39 13 33 25 18 15 
21 35 17 16 18 12 29 24 17 30 20 12 26 16 20 17 36 22 12 13 27 18 18 29 17 20 30 20 42 3 7 33 28 25 18 16 34 25 16 26 
49 28 14 14 23 17 27 20 17 29 23 19 19 22 8 30 21 28 17 14 27 14 27 29 11 19 24 5 22 22 22 34 35 21 18 16 47 22 18 24 
27 31 25 5 34 21 32 31 35 24 27 14 26 21 11 24 17 27 11 13 30 20 27 27 20 22 36 9 31 13 20 23 36 16 39 25 37 25 12 35 
23 25 21 15 24 19 29 21 16 24 13 18 38 20 20 29 26 25 25 16 20 18 19 34 29 15 25 19 31 19 15 42 40 7 16 26 22 15 20 29 
26 20 19 10 13 17 16 31 23 29 26 21 34 26 22 23 23 37 22 21 14 16 11 24 24 25 39 10 23 27 28 17 16 21 35 27 31 23 21 38 
29 46 23 12 17 20 19 16 13 16 11 19 32 22 20 31 14 30 17 14 14 18 14 33 13 13 34 17 31 18 33 24 31 18 16 33 30 16 13 37 
28 33 27 11 20 11 21 24 29 22 17 26 25 19 15 16 35 29 10 14 26 11 26 37 23 16 24 17 40 16 16 27 40 18 29 7 30 19 14 27 
27 24 7 15 30 17 29 19 27 20 26 15 47 15 18 22 16 35 25 20 22 14 22 29 26 21 25 12 43 22 29 31 39 27 44 17 28 28 15 27 
27 36 14 20 25 21 40 32 30 35 19 21 33 24 10 22 39 44 20 11 13 8 18 32 27 7 34 16 36 24 27 47 34 21 13 21 15 20 18 31 
26 32 23 21 44 15 23 14 43 39 14 22 49 20 14 29 20 36 14 18 22 13 16 28 11 29 19 14 37 15 29 23 33 15 9 27 23 25 16 21 
20 33 22 12 30 10 29 27 23 24 19 21 28 25 21 22 31 36 25 15 21 22 13 28 16 15 20 16 32 31 27 38 38 17 19 27 28 15 18 29 
35 29 15 13 21 18 17 20 51 36 4 28 37 24 13 16 23 28 16 17 26 22 22 25 28 16 35 16 31 22 27 29 35 16 34 18 29 32 8 20 
27 41 23 12 16 16 21 21 36 32 26 9 29 17 18 20 39 28 12 15 34 24 24 30 24 33 22 16 36 25 26 36 32 19 27 32 22 29 20 34 
23 29 14 13 10 10 26 23 36 21 12 20 28 9 19 11 31 18 13 16 28 14 34 45 24 15 22 12 40 18 26 34 22 26 20 33 16 15 17 29 
38 23 17 16 41 15 27 25 43 25 15 23 34 18 14 29 23 19 21 17 18 21 19 45 25 19 26 23 13 19 30 27 30 20 32 18 17 19 16 22 
23 6 14 25 20 17 26 16 17 20 24 23 34 10 25 16 22 18 26 20 24 20 22 23 14 17 16 16 44 19 30 14 7 29 42 20 27 32 9 44 
44 33 15 27 21 19 24 19 4 35 29 22 27 14 22 14 18 27 19 10 31 20 23 25 17 23 27 12 34 15 27 25 28 25 18 28 31 16 18 36 
16 29 13 22 31 8 25 23 30 44 15 15 26 20 16 31 9 19 18 5 10 13 22 39 20 23 19 10 30 23 32 22 20 21 30 19 27 25 14 12 
20 30 21 22 21 14 17 20 27 38 16 24 40 14 19 17 29 19 20 12 20 14 20 25 20 17 19 23 42 8 17 24 39 19 37 20 30 38 21 37 
19 33 26 20 32 26 26 7 43 25 26 16 28 22 9 22 27 44 15 17 17 15 31 27 35 20 32 15 36 25 29 29 37 11 42 16 30 34 20 32 
12 19 16 18 16 14 19 29 20 20 24 26 25 20 17 25 33 21 26 16 9 17 27 31 17 18 23 11 17 10 29 17 11 17 23 17 27 25 15 26 
33 22 14 15 30 10 19 28 26 20 29 18 34 19 12 20 34 29 17 8 29 22 15 29 20 20 33 17 25 29 43 30 28 19 40 18 39 16 15 22 
27 26 18 18 14 15 27 13 22 29 20 15 35 13 13 19 24 36 25 18 23 22 17 35 25 10 35 10 33 24 17 31 11 30 46 13 26 26 21 21 
30 32 28 18 22 10 22 14 35 23 18 18 28 13 19 16 21 27 6 14 28 31 22 36 39 35 32 8 38 26 28 33 18 10 19 20 27 26 17 40 
33 34 24 16 35 16 25 15 21 19 28 20 34 23 21 25 35 25 7 20 12 14 27 33 15 20 20 11 29 18 35 21 43 27 17 22 19 39 8 14 
18 19 10 22 36 15 26 18 20 20 27 20 31 15 17 18 35 18 23 14 20 29 24 30 22 29 36 11 39 12 15 26 32 19 35 25 32 19 13 17 
25 27 22 11 30 13 35 11 16 25 23 18 37 12 12 30 25 23 25 16 20 27 27 23 32 20 16 17 29 18 26 37 27 21 36 23 34 19 14 18 
26 17 21 9 24 17 32 18 29 24 12 19 35 11 23 20 26 40 16 11 13 7 29 26 26 14 32 10 30 30 32 37 33 16 10 23 27 26 15 20 
50 34 25 12 20 15 30 24 41 30 20 8 35 22 20 26 34 17 13 10 19 17 14 8 30 23 42 14 43 22 21 35 30 10 36 12 24 40 13 30 
33 23 14 14 39 19 20 13 24 29 19 20 36 21 16 14 28 31 17 13 13 14 16 21 21 24 23 23 29 17 19 21 22 11 35 30 27 26 12 24 
35 23 17 20 19 15 13 16 31 31 22 16 22 12 14 22 20 38 23 15 18 16 20 26 32 26 29 14 35 21 31 35 30 16 16 26 34 32 16 26 
33 35 15 21 26 15 23 20 21 15 21 22 38 24 12 28 33 31 17 13 15 19 35 34 16 14 17 19 35 19 30 35 27 17 30 15 13 23 10 31 
44 29 18 14 25 9 23 24 26 22 17 15 30 23 13 27 23 22 21 20 11 28 29 30 25 22 27 8 40 32 30 37 26 21 28 13 5 23 16 23 
26 22 8 19 31 18 28 19 42 15 22 14 46 19 12 26 17 26 17 18 21 20 32 32 22 8 33 16 37 26 37 25 13 7 29 22 34 21 10 42 
31 30 14 13 16 15 15 35 32 29 27 19 20 20 16 24 29 32 10 17 23 17 21 24 23 21 22 21 30 22 35 28 18 34 39 24 31 21 11 17 
25 37 21 13 33 17 21 17 22 26 14 23 32 16 12 15 41 28 12 13 32 23 29 38 27 11 25 12 42 25 22 27 40 29 35 15 28 14 15 24 
26 24 15 13 21 18 25 30 17 30 23 20 40 23 22 18 32 26 17 10 32 13 15 33 19 22 27 18 30 21 19 19 23 34 19 22 20 18 12 31 
39 32 11 14 26 19 31 19 22 31 16 16 25 23 15 30 17 27 21 17 23 10 23 31 26 9 21 26 40 9 21 22 27 13 23 25 25 20 18 24 
33 20 20 15 32 12 30 19 35 33 19 11 27 14 19 15 23 17 17 18 17 11 28 32 30 24 36 16 23 19 22 31 21 20 28 19 25 18 10 41 
29 36 19 13 21 15 40 21 42 25 25 20 36 22 9 17 27 36 16 17 25 13 22 31 12 17 22 20 30 22 23 25 16 15 31 26 26 21 19 20 
22 41 10 14 25 20 28 18 22 31 29 26 27 15 27 30 25 17 14 9 26 17 22 41 10 16 18 15 21 20 28 28 13 21 18 13 25 13 13 29 
33 29 20 25 35 11 28 22 26 31 22 14 39 21 24 22 22 37 18 14 27 14 26 34 21 21 32 12 27 12 31 24 17 15 22 19 14 21 15 39 
24 24 11 10 22 22 27 18 35 22 37 20 32 20 23 24 23 29 17 15 22 24 28 21 19 22 23 14 28 25 19 30 33 17 26 16 27 27 11 18 
32 29 15 19 25 20 24 13 21 16 18 20 31 13 25 28 38 25 11 11 20 13 18 21 15 28 29 15 26 26 13 40 32 35 17 16 24 30 22 24 
26 37 17 19 37 14 11 29 38 10 21 16 26 12 18 24 13 42 18 20 22 11 28 32 15 16 22 18 44 23 36 27 35 22 14 21 34 25 8 29 
21 28 20 15 26 13 17 24 23 22 19 16 35 17 22 29 24 12 15 16 16 15 22 29 9 16 19 13 46 15 20 36 19 14 34 24 17 27 23 14 
27 34 11 14 18 12 14 16 30 11 23 32 32 25 25 20 22 39 16 13 23 8 25 22 5 29 38 15 13 17 29 41 30 16 17 31 17 21 15 40 
30 34 16 18 28 15 32 34 29 21 20 19 34 20 23 26 22 25 21 13 29 19 26 16 22 16 21 10 19 26 25 29 24 35 15 22 25 26 17 29 
34 24 26 19 23 16 23 25 24 18 27 22 19 20 12 15 29 17 16 14 19 25 18 34 25 27 22 6 20 23 20 45 33 17 29 17 12 35 13 27 
26 27 16 13 22 17 14 13 46 24 20 29 23 19 18 26 30 20 18 17 26 24 29 27 15 16 10 26 30 26 26 23 28 20 26 22 24 34 10 16 
30 16 18 20 18 14 32 23 31 37 26 15 22 8 16 16 28 33 11 16 19 22 25 30 27 28 32 9 32 24 23 25 16 16 42 24 13 44 13 18 
29 33 12 20 21 19 16 19 30 14 16 25 24 26 12 19 27 27 21 15 17 10 32 28 31 28 26 16 35 18 20 27 21 18 31 16 40 29 17 36 
35 39 17 13 25 21 34 21 11 24 28 21 28 18 20 34 39 33 21 15 20 19 15 25 16 24 26 17 26 21 24 30 28 14 42 11 32 34 12 49 
32 26 19 19 30 12 9 23 28 30 14 20 26 16 16 21 22 37 18 16 9 23 17 24 22 17 18 17 20 18 23 36 30 16 24 9 28 20 21 39 
39 41 20 19 17 11 29 22 18 24 20 17 22 23 18 31 22 27 20 12 15 15 20 23 13 19 12 20 30 31 14 27 39 16 42 18 28 29 12 34 
30 44 18 6 24 23 35 23 21 40 16 19 43 23 14 23 16 15 23 11 17 15 23 34 18 13 21 19 27 26 12 29 17 26 23 16 18 27 15 41 
27 19 10 23 24 11 24 22 29 19 18 18 29 20 19 16 20 15 17 20 19 18 19 33 28 26 18 16 30 18 34 29 19 17 28 13 28 28 16 22 
27 16 12 16 33 18 8 23 23 25 32 19 22 12 14 24 26 34 23 19 18 13 22 38 26 23 11 10 33 22 34 27 41 24 28 19 41 19 21 21 
27 24 18 18 38 12 33 18 30 25 24 11 24 25 9 37 27 31 15 12 28 15 13 18 28 16 21 16 21 20 35 31 20 32 27 21 28 20 14 21 
19 30 21 11 22 24 8 24 24 25 24 18 21 16 14 31 17 38 21 15 28 22 20 12 20 19 27 14 40 23 22 32 40 13 20 24 28 29 30 33 
21 38 17 9 26 21 23 20 13 35 16 17 37 20 17 29 28 22 18 12 13 15 23 28 17 14 29 5 26 17 33 44 34 28 26 20 23 31 14 27 
35 35 11 22 22 16 29 14 25 25 15 18 42 20 18 17 29 29 12 18 36 16 26 24 17 25 13 10 36 27 22 27 24 19 35 18 29 21 17 25 
27 12 16 23 19 10 38 25 40 27 18 13 15 22 17 18 16 23 12 21 22 9 22 34 19 12 28 15 24 16 37 43 28 32 29 22 14 27 11 29 
34 34 21 15 17 17 28 37 23 15 1 11 36 24 16 18 35 26 24 18 32 16 22 26 25 18 26 22 23 16 17 24 18 8 29 16 22 21 16 45 
26 36 20 15 26 20 21 21 31 21 21 13 26 20 18 19 30 33 4 18 17 11 5 43 23 14 27 14 47 17 18 21 11 22 28 20 26 29 12 26 
38 28 18 18 24 11 32 16 25 14 22 26 21 15 19 31 41 32 14 12 23 7 20 29 17 20 31 20 57 27 20 8 30 27 20 20 33 19 10 31 
29 31 11 12 40 21 21 17 46 22 26 28 31 19 19 25 44 24 16 13 27 18 21 28 29 24 31 13 20 24 26 17 31 3 28 20 34 35 12 47 
35 30 12 24 29 17 20 19 18 28 23 17 37 29 20 23 10 33 14 14 20 24 21 31 17 22 28 18 21 20 32 39 37 19 24 25 28 16 9 40 
28 24 25 10 36 16 30 26 28 32 18 23 38 15 19 22 36 41 16 14 29 17 16 32 21 19 26 13 21 22 23 33 23 33 38 24 22 20 22 36 
26 42 17 16 29 16 27 24 25 21 23 16 34 8 12 26 25 39 19 19 27 21 25 35 9 19 31 18 44 28 24 23 31 22 32 21 22 17 9 17 
29 34 14 16 17 19 27 24 27 22 15 24 36 23 13 33 29 31 21 12 20 19 25 10 23 31 35 15 34 16 13 38 31 13 20 19 17 22 12 30 
40 29 19 20 42 14 31 26 19 30 15 15 31 14 8 31 13 31 20 16 20 15 33 27 21 20 25 20 44 21 23 29 25 14 28 9 20 18 16 24 
24 20 14 16 26 14 25 17 24 30 11 16 41 16 9 21 26 25 14 19 21 10 20 32 4 19 22 22 33 26 25 15 33 16 31 26 22 27 14 14 
22 20 22 16 15 18 33 29 26 20 22 22 12 26 10 19 31 35 18 11 16 18 24 29 23 14 21 18 30 18 19 24 24 24 24 24 25 23 20 39 
29 34 13 12 21 13 22 16 22 31 19 22 34 22 12 22 30 19 22 20 16 14 17 23 17 15 38 21 26 18 23 25 23 18 36 17 32 23 15 27 
22 26 10 16 44 18 28 13 33 7 18 10 38 16 18 19 26 27 25 13 20 26 21 40 12 23 25 6 39 20 24 42 28 12 23 12 14 16 10 30 
41 31 17 15 18 11 23 14 23 21 20 17 45 13 21 20 34 28 22 20 30 17 19 23 29 20 23 11 24 30 22 32 47 20 27 25 34 18 18 20 
16 40 13 11 29 19 26 25 36 28 27 16 38 18 17 24 28 24 20 6 13 18 22 27 13 21 27 17 38 11 33 28 15 12 25 24 30 19 15 32 
40 21 15 17 39 18 20 21 34 22 15 16 37 13 13 21 27 21 16 16 27 29 27 28 25 35 12 13 39 30 33 34 18 21 14 19 25 24 15 21 
32 31 19 11 9 18 19 8 24 22 32 21 17 22 14 27 30 30 17 15 16 21 24 14 18 14 27 20 16 16 30 27 29 13 29 25 25 18 11 50 
31 37 19 23 33 13 28 26 30 28 16 20 28 19 17 24 27 30 19 23 25 27 20 40 17 25 23 15 23 22 31 38 31 27 25 12 36 27 17 27 
36 20 17 10 24 21 17 15 27 23 27 17 46 17 21 17 32 32 15 10 29 26 22 33 23 18 30 12 27 19 27 32 20 14 43 20 24 24 14 36 
16 36 23 20 28 16 20 20 35 23 27 17 38 22 21 31 33 30 20 12 17 19 20 35 28 30 27 14 31 8 28 29 35 29 23 22 35 27 18 18 
22 35 21 13 24 13 13 19 45 19 32 27 31 23 15 20 25 23 18 11 16 14 15 31 18 20 35 11 37 12 27 20 33 20 20 25 27 18 12 32 
17 23 14 16 31 15 29 20 30 10 30 11 11 12 20 19 42 36 16 22 23 12 29 36 28 29 34 14 37 23 24 21 31 20 37 12 20 22 19 46 
39 59 22 21 30 21 31 21 18 31 21 19 33 16 12 22 30 30 19 14 29 9 26 33 23 18 22 23 34 20 22 44 31 13 24 21 18 29 17 33 
19 34 16 17 24 18 27 23 30 22 28 24 34 18 16 18 27 23 16 13 18 20 29 22 13 18 25 14 49 24 32 41 41 20 32 21 17 21 14 31 
34 40 23 17 27 11 18 32 39 18 11 22 17 21 17 15 39 21 35 15 27 26 30 29 11 15 40 17 40 31 20 35 27 8 29 22 35 25 9 26 
27 26 21 12 22 18 17 30 14 27 23 15 31 15 15 25 20 30 5 11 22 19 21 32 25 9 10 20 25 15 39 35 20 17 32 33 26 30 13 19 
45 37 8 12 23 12 20 18 18 13 28 11 36 11 13 22 32 22 25 5 14 23 21 30 33 23 38 12 46 18 30 38 28 14 25 22 27 27 11 29 
42 33 27 21 20 18 38 31 25 33 8 24 31 22 17 25 21 21 18 17 17 17 19 28 26 30 10 11 30 12 17 38 21 23 35 18 30 24 15 33 
24 29 19 17 15 24 27 20 38 17 19 24 30 14 22 18 33 35 22 18 18 25 34 27 22 17 22 19 25 19 20 25 29 29 32 16 26 28 20 24 
13 36 19 16 38 18 24 11 33 27 19 24 21 11 14 29 34 42 16 15 29 17 30 41 20 30 26 17 25 27 14 20 36 24 30 17 17 20 15 40 
33 14 18 22 22 25 22 15 41 34 22 15 20 33 23 27 27 21 21 13 13 19 33 36 13 15 30 18 10 24 18 35 26 23 19 22 40 18 12 24 
42 28 17 13 26 14 29 20 27 25 23 16 36 20 21 18 24 11 19 21 23 12 17 25 14 22 42 17 37 17 21 31 28 22 24 7 25 27 14 19 
37 31 22 6 28 8 35 19 21 25 24 13 27 5 20 19 31 31 20 13 31 11 33 37 14 17 28 21 27 22 18 40 22 25 16 17 31 27 22 35 
30 43 21 10 22 10 13 20 25 17 21 23 40 18 10 9 32 42 10 8 29 27 22 32 28 24 26 10 27 29 22 19 27 24 23 17 24 34 15 18 
36 25 19 22 15 16 25 18 30 28 28 27 43 13 16 20 25 19 14 10 15 15 31 8 32 21 31 18 38 17 9 35 29 16 18 12 29 25 10 25 
26 38 17 22 16 15 24 15 31 31 22 20 23 18 18 16 19 29 17 15 19 13 15 32 22 5 25 20 38 24 19 42 34 14 25 20 22 10 12 26 
30 24 19 15 35 19 26 20 40 32 19 21 25 23 12 14 27 31 20 15 23 7 23 16 20 16 27 18 44 17 40 35 36 22 42 12 40 32 16 32 
16 22 14 18 22 14 27 10 18 27 9 16 34 19 13 33 23 22 25 15 29 21 18 27 28 20 24 16 25 24 28 25 32 23 28 22 30 29 15 26 
28 32 14 18 46 9 29 22 29 29 13 15 23 14 20 26 22 22 23 23 8 17 23 31 23 14 32 17 13 14 23 16 28 28 21 16 29 14 18 36 
32 10 15 17 49 20 31 15 31 25 22 9 26 18 20 19 27 48 14 12 29 17 26 27 12 15 29 14 37 22 33 31 30 14 27 19 35 28 13 42 
18 37 18 21 34 11 35 27 17 34 22 23 15 20 14 18 18 31 26 16 26 12 23 45 25 16 17 10 29 17 25 33 26 21 25 17 29 19 15 40 
40 30 18 14 26 18 21 9 22 22 19 21 42 14 12 18 31 42 11 15 18 26 22 37 30 12 23 16 25 7 14 47 36 28 9 15 36 25 16 34 
34 44 13 17 32 8 31 15 21 37 17 22 37 12 23 32 26 37 8 19 29 19 29 29 24 16 20 15 26 22 19 25 36 21 25 15 24 36 10 35 
24 33 12 12 36 15 25 25 21 18 14 24 31 19 16 15 31 21 11 12 18 12 22 32 33 21 31 12 33 20 15 30 17 37 20 22 27 25 20 24 
21 25 13 11 43 23 23 13 23 22 17 21 38 24 11 29 24 38 20 12 19 26 31 32 29 13 23 14 35 17 27 26 31 4 27 26 20 28 19 19 
32 23 14 22 28 15 28 18 27 25 11 20 26 27 8 21 15 30 18 11 31 23 21 37 21 25 23 15 25 18 13 34 26 9 29 22 28 33 20 31 
27 35 14 14 32 18 23 22 23 30 15 26 35 23 12 19 16 18 15 15 30 22 36 28 22 16 20 23 29 17 19 20 22 29 32 20 32 15 12 17 
28 26 21 18 26 20 31 15 31 18 18 7 39 17 23 36 22 21 16 19 16 26 23 31 25 19 20 20 22 20 24 43 34 33 17 14 27 26 16 22 
39 30 22 15 31 20 24 28 25 17 24 9 21 20 11 19 20 39 18 13 12 15 19 27 21 38 23 16 28 14 34 36 40 23 26 26 22 25 20 28 
31 25 20 17 40 11 27 28 27 14 14 15 23 18 12 23 38 34 10 16 19 16 21 35 21 17 18 13 23 28 10 43 23 36 10 2 26 35 19 26 
30 24 14 16 39 12 15 22 15 32 18 22 37 23 27 29 35 35 21 11 24 19 19 25 18 20 31 24 24 18 29 33 31 18 30 22 19 30 10 31 
18 17 16 10 10 20 18 8 33 20 21 25 29 10 14 11 26 26 20 11 17 17 17 24 14 14 30 13 27 15 35 30 4 19 43 20 32 17 19 24 
32 24 22 15 20 12 26 16 34 28 23 16 16 22 17 26 39 19 13 12 21 8 19 16 20 34 25 24 35 30 28 36 13 23 41 12 29 25 16 25 
39 35 11 9 25 16 19 14 15 20 19 15 51 18 18 26 31 34 25 6 34 21 29 43 22 20 31 11 34 18 28 33 27 19 31 17 29 24 21 34 
21 44 19 21 27 18 38 28 28 22 18 24 21 24 15 30 34 42 11 12 25 14 32 28 16 14 14 8 35 12 12 24 14 25 18 23 31 16 14 37 
28 29 16 22 22 15 27 26 25 25 27 23 35 21 10 27 19 28 16 14 22 7 20 36 23 19 31 18 29 28 17 17 25 15 12 18 31 19 13 25 
34 41 16 16 24 21 25 30 28 24 21 13 18 5 22 17 21 30 15 15 15 21 34 33 23 18 18 17 37 30 20 49 38 18 30 15 21 21 18 36 
20 23 18 25 20 5 27 15 22 19 12 24 36 21 13 18 29 27 13 17 24 21 24 34 8 23 20 18 55 17 36 25 31 16 35 33 48 31 8 53 
20 37 22 16 26 14 23 24 28 26 9 15 27 21 12 30 34 25 13 16 33 20 21 27 26 32 31 14 14 19 22 31 29 19 41 19 26 21 14 27 
30 39 16 16 26 19 34 24 40 35 22 20 34 21 14 30 28 16 17 13 22 27 27 38 17 6 25 13 29 14 27 39 31 31 23 26 21 23 21 41 
27 23 24 16 17 15 18 20 43 15 22 17 26 9 13 28 26 22 15 15 21 18 23 37 18 23 30 14 27 14 18 36 32 25 39 19 17 25 22 24 
36 25 19 22 30 14 27 29 40 25 14 14 25 21 21 13 30 27 26 27 19 16 33 24 29 24 34 10 19 13 23 34 27 20 11 16 24 23 18 35 
34 37 10 17 17 11 39 15 9 30 25 7 34 11 13 35 15 32 13 10 22 19 23 28 17 17 30 13 13 9 41 34 25 18 44 18 28 31 9 36 
25 19 11 10 16 20 24 13 21 23 28 19 18 15 23 13 20 28 17 14 28 18 18 28 22 23 27 7 40 21 33 16 19 27 31 17 35 38 21 22 
15 31 21 15 29 15 16 12 28 21 7 15 28 19 23 29 26 24 13 10 26 8 25 36 27 22 27 16 26 6 37 26 23 23 49 25 19 35 17 17 
21 42 20 19 23 11 22 31 24 32 16 10 35 21 14 29 31 26 10 13 19 24 23 27 15 20 18 17 26 22 23 35 20 26 40 12 14 36 12 35 
23 52 10 17 37 20 22 13 45 33 36 23 27 20 19 26 15 38 14 12 30 18 21 41 29 23 14 10 22 24 26 31 16 22 26 33 22 28 14 26 
27 13 26 17 29 18 26 8 20 21 31 14 22 14 11 22 43 40 13 20 24 19 24 14 30 12 29 16 34 14 23 38 29 24 35 26 15 25 13 25 
37 30 22 17 24 17 21 24 28 37 25 12 42 18 12 21 10 30 15 22 31 18 31 37 26 24 34 20 15 17 25 40 33 26 23 16 21 14 22 37 
26 34 16 19 30 21 24 17 33 36 22 22 20 19 16 16 18 37 15 10 29 20 20 22 22 28 40 12 17 14 29 29 33 18 15 15 27 22 18 25 
32 38 16 16 27 20 30 25 21 17 32 19 19 17 17 28 24 2 15 14 28 17 24 26 20 28 33 17 39 13 31 22 40 27 33 24 29 19 18 41 
28 42 17 21 24 15 27 19 11 23 29 13 38 20 21 20 33 42 27 15 29 19 19 41 27 15 41 16 34 23 29 36 34 16 31 21 19 32 11 39 
41 27 15 11 13 23 30 17 37 24 22 8 30 17 23 27 26 35 24 16 24 13 16 45 17 29 17 17 40 20 24 29 23 21 30 14 26 40 12 19 
32 22 19 21 34 17 30 24 28 34 27 13 29 14 12 37 31 18 6 24 23 16 25 23 15 17 24 17 32 13 20 39 37 19 36 21 18 13 19 33 
30 42 14 22 38 23 18 23 33 16 16 17 20 15 14 29 22 35 26 11 21 19 13 25 24 29 28 16 31 28 25 35 30 19 32 28 22 23 19 28 
31 34 25 16 26 13 36 26 25 30 15 29 15 18 21 14 22 27 19 16 26 12 19 30 17 27 23 14 21 14 38 25 20 15 21 31 40 17 19 14 
29 23 17 21 28 21 25 18 9 39 21 11 33 20 24 24 36 18 22 21 25 11 22 18 32 16 21 19 18 22 17 35 15 8 18 22 31 17 17 35 
26 27 24 21 27 16 28 30 26 25 26 16 19 17 14 20 32 25 15 12 25 17 25 21 17 19 32 16 42 18 23 29 28 22 41 19 16 31 13 39 
27 32 13 15 38 21 22 26 33 34 18 20 25 10 19 25 25 25 15 11 21 15 21 23 26 21 33 9 35 23 36 18 26 12 20 26 35 24 23 28 
36 6 20 19 42 10 29 19 18 24 17 13 32 16 23 21 20 21 26 20 28 19 30 46 24 17 25 11 46 24 35 44 24 9 23 26 39 31 16 30 
26 18 15 17 23 17 24 19 31 24 33 12 23 19 15 25 27 36 3 11 31 13 21 25 21 20 21 12 36 28 24 37 33 21 34 17 27 24 20 12 
45 39 18 24 23 16 26 23 32 19 22 26 17 16 19 28 23 13 16 14 19 17 23 28 21 9 23 18 7 23 18 36 36 26 23 20 32 22 12 33 
23 27 14 19 37 12 21 22 35 36 20 23 28 22 19 18 26 12 12 13 28 13 21 23 29 18 18 22 34 23 26 44 2 29 32 17 34 28 11 38 
17 34 18 15 23 17 32 16 30 12 15 23 29 15 21 23 23 31 22 18 26 14 28 25 19 15 28 22 22 12 24 21 40 24 35 19 25 38 12 27 
31 22 19 14 28 18 38 20 21 29 17 16 24 4 17 27 42 28 10 10 24 16 16 30 26 20 19 14 37 15 28 40 27 25 15 20 35 32 17 23 
23 33 19 29 14 10 11 21 20 13 23 13 36 7 16 21 28 27 16 20 26 17 17 29 18 14 30 5 39 21 15 44 23 17 18 11 21 33 13 39 
36 36 20 13 36 21 26 19 36 43 11 19 21 15 12 21 31 21 13 17 10 20 19 22 20 32 35 19 9 23 31 41 29 12 27 14 25 29 15 32 
33 24 16 21 24 19 25 25 29 24 24 22 18 27 20 24 24 16 13 17 16 18 19 19 32 16 12 15 31 18 23 41 45 18 39 18 15 33 16 34 
32 24 17 20 32 24 19 9 24 19 16 18 17 9 4 24 28 31 24 15 12 17 27 35 9 18 19 16 11 21 30 18 28 15 11 13 21 12 25 37 
36 24 13 21 29 21 22 23 34 18 21 20 25 29 3 24 35 48 13 19 31 20 18 33 18 12 29 11 19 25 32 24 28 17 25 28 15 23 13 30 
31 40 11 20 34 13 24 18 31 25 20 15 26 23 21 22 13 33 12 14 25 20 31 18 23 21 30 11 29 25 14 30 35 23 30 18 26 24 4 26 
13 25 12 14 30 11 45 17 23 37 9 17 35 14 22 17 42 25 20 15 19 21 22 30 26 29 29 16 27 23 27 26 28 31 25 15 34 22 15 23 
41 12 29 11 18 15 21 25 19 27 26 24 34 19 27 26 21 31 21 19 8 20 21 35 24 28 33 7 23 27 26 29 21 16 32 13 33 19 16 33 
24 35 15 23 22 17 34 27 22 15 23 24 28 14 9 24 38 27 21 10 24 7 19 29 29 34 23 12 20 36 30 20 28 24 30 30 19 11 15 31 
26 29 16 24 20 12 40 19 29 19 27 15 25 22 16 27 25 17 23 15 21 19 20 20 9 20 27 13 27 17 31 40 21 27 39 13 26 22 18 38 
23 21 17 20 28 12 31 17 20 13 27 20 20 15 23 16 29 23 13 10 24 14 33 31 21 13 18 10 25 19 30 23 17 17 19 19 21 18 10 35 
26 27 22 20 23 15 19 15 41 23 21 15 29 27 13 22 23 42 30 18 22 10 14 25 19 20 35 20 29 25 27 24 14 21 25 18 32 13 15 31 
23 40 8 19 37 7 24 19 41 31 26 24 35 16 27 39 26 14 14 17 26 12 19 22 20 24 31 13 46 25 24 32 18 19 20 19 29 26 9 30 
28 34 8 24 17 14 31 13 35 20 23 21 25 21 27 29 23 28 14 19 8 9 16 37 33 17 34 21 26 29 28 33 21 17 20 31 25 33 16 34 
32 34 13 22 22 13 28 19 22 34 34 22 11 17 20 32 13 32 18 14 26 10 21 33 18 28 39 14 39 23 31 24 27 22 26 17 24 30 24 39 
34 34 12 20 41 14 31 24 26 28 24 23 27 14 19 26 25 23 7 18 22 18 19 30 31 20 33 21 19 27 19 53 26 20 48 25 31 27 9 24 
30 40 22 16 26 21 9 20 37 28 14 16 22 9 12 30 43 27 18 19 27 27 19 31 14 15 30 17 23 14 28 32 39 28 14 26 14 34 16 38 
21 27 7 17 20 20 17 26 32 31 22 25 23 15 16 29 28 22 23 23 24 12 14 23 20 22 26 11 13 20 27 31 28 26 35 26 22 24 8 33 
24 24 25 17 17 24 22 25 27 26 26 18 27 21 12 22 27 29 26 13 22 23 25 26 17 29 25 15 10 19 23 39 23 21 28 31 39 35 13 14 
30 35 22 18 19 15 16 19 38 26 20 25 40 10 13 24 42 28 7 15 22 16 21 31 19 9 22 11 36 25 14 54 32 21 33 15 35 29 15 31 
34 34 13 19 20 12 26 28 34 27 23 10 39 17 19 24 27 38 11 13 22 17 17 40 22 21 24 19 41 17 18 21 25 8 31 15 26 15 12 28 
27 19 16 21 26 12 10 17 9 36 19 16 44 15 18 21 32 32 10 10 28 20 26 27 20 22 30 11 44 13 28 43 36 25 28 16 18 21 14 34 
41 33 18 14 31 13 23 23 29 35 24 10 34 21 17 25 11 29 14 15 29 10 13 27 16 27 26 21 22 32 27 24 28 25 21 13 30 28 20 19 
34 38 17 19 31 15 17 26 16 26 32 14 26 23 13 21 27 15 16 21 24 18 27 11 25 27 17 9 19 24 17 38 36 19 30 17 24 27 11 29 
38 42 20 18 31 18 21 6 33 31 16 13 18 23 13 21 29 29 9 14 11 16 27 39 20 22 23 14 25 19 26 13 26 24 23 22 19 36 10 40 
17 41 12 16 40 16 18 11 20 24 26 25 38 22 24 18 37 32 14 2 14 15 23 22 14 15 30 20 22 15 25 18 24 27 30 22 28 26 12 39 
28 33 21 27 36 20 36 23 27 33 16 12 20 31 17 23 31 32 15 7 20 11 32 17 24 21 20 15 36 21 27 34 8 26 14 19 14 28 22 31 
16 28 16 22 39 9 25 7 19 32 16 18 32 20 8 30 29 25 19 11 17 21 37 38 13 22 17 23 18 23 19 24 29 29 30 17 32 20 12 40 
28 30 19 14 43 11 26 13 31 29 17 24 19 16 17 26 20 42 14 15 12 22 26 31 16 16 34 10 38 22 22 36 20 22 38 22 28 27 14 32 
49 48 21 14 10 10 22 15 33 31 14 19 41 13 13 15 33 19 23 20 25 17 23 32 21 23 19 13 38 3 27 23 33 11 21 13 29 33 8 33 
33 36 18 17 29 13 36 19 35 23 16 21 37 21 11 17 6 31 18 13 27 19 14 23 20 13 25 13 13 21 17 24 16 32 23 9 18 30 17 18 
16 24 20 16 27 24 25 17 13 22 20 25 33 26 18 23 26 35 18 17 29 20 14 35 17 22 33 15 31 31 18 39 37 13 32 32 34 26 11 20 
25 48 12 17 23 11 24 24 24 31 29 25 21 11 15 25 18 30 22 11 23 12 12 21 22 27 27 18 11 20 24 44 32 24 30 14 32 17 15 42 
38 42 8 11 16 20 35 23 13 28 16 25 33 24 22 17 22 25 10 18 24 17 24 34 21 16 32 10 16 24 26 17 44 24 17 24 27 29 14 40 
19 30 16 23 14 11 22 25 29 23 11 17 34 15 11 23 22 36 23 23 21 20 27 30 10 22 28 20 46 31 18 29 40 21 42 16 43 24 14 32 
23 31 22 16 36 15 31 8 20 36 20 8 36 16 17 25 9 28 21 15 13 14 13 15 20 28 13 21 30 20 26 29 39 17 40 25 20 19 6 36 
35 24 16 23 28 17 14 24 31 15 21 18 29 17 9 28 37 31 21 17 18 17 26 48 16 22 38 9 31 32 32 15 43 20 33 27 12 28 12 15 
22 37 23 17 36 20 31 13 27 30 20 25 25 15 22 17 20 24 15 18 37 14 30 40 10 16 16 18 37 22 30 42 15 12 21 9 31 18 12 37 
18 31 13 22 35 16 17 17 33 33 18 21 21 22 16 22 22 40 18 17 20 18 40 37 22 13 32 18 25 11 14 28 22 16 22 6 22 15 16 14 
52 34 15 17 38 17 35 19 29 23 12 16 33 19 13 28 32 28 20 18 17 18 32 25 27 17 38 11 41 21 14 36 15 19 22 22 20 29 20 28 
35 38 18 12 26 16 13 29 16 19 33 19 21 17 14 16 23 50 24 12 20 14 19 27 10 16 44 8 22 6 23 38 24 11 26 19 23 32 11 42 
28 28 12 18 17 17 18 22 41 15 24 26 14 17 16 26 19 21 16 13 31 17 25 18 21 15 39 9 34 21 22 39 26 18 30 24 27 40 14 25 
22 23 15 22 19 18 39 21 41 12 32 27 24 13 17 27 18 35 18 13 6 21 17 40 28 25 30 17 23 35 33 27 19 21 26 28 26 24 12 31 
32 39 22 14 36 9 22 25 37 26 10 22 21 15 14 29 23 19 25 13 22 9 34 36 24 15 20 15 29 23 6 19 39 24 27 15 23 37 14 38 
21 34 23 19 28 12 26 24 28 35 24 15 14 6 30 30 33 32 15 19 16 23 28 35 13 27 24 15 30 29 29 11 36 18 47 8 27 24 18 34 
16 30 15 19 40 19 25 20 13 24 27 14 22 11 21 29 21 22 16 18 23 12 19 28 23 7 24 16 36 25 15 31 21 21 15 28 28 38 11 14 
30 29 16 13 18 21 10 16 27 13 9 15 34 13 26 23 29 34 18 23 28 12 10 27 14 6 23 14 33 21 31 30 20 16 35 24 12 16 18 33 
22 33 14 18 20 22 36 14 29 24 26 26 43 14 21 18 34 25 15 16 23 19 16 39 26 29 28 17 25 14 23 15 16 16 25 24 28 25 8 23 
38 26 21 20 18 17 13 29 37 21 11 20 17 21 9 21 21 35 19 6 16 21 28 34 15 13 31 14 32 20 34 41 25 14 31 17 21 27 12 19 
18 39 15 14 29 12 21 20 31 32 25 24 22 20 15 23 21 36 23 13 30 16 21 35 24 18 26 13 27 18 27 27 38 27 19 22 25 25 12 41 
34 35 2 18 28 11 26 32 31 15 22 21 40 25 21 16 36 32 16 24 16 13 22 28 25 20 30 15 26 24 28 24 33 22 34 27 27 19 17 16 
33 24 14 22 22 15 17 17 35 28 21 24 24 14 9 17 37 24 18 23 20 13 17 22 26 24 26 13 31 27 36 33 31 20 35 16 22 20 21 40 
23 28 17 18 11 21 27 24 31 24 19 15 35 12 15 18 33 37 17 15 17 14 20 17 16 28 28 15 41 13 25 42 27 9 19 26 29 23 22 23 
23 23 10 17 3 17 31 23 18 29 28 20 27 17 16 22 19 24 18 16 7 13 23 38 23 15 29 16 31 21 16 30 34 23 62 24 28 17 12 28 
46 31 24 21 15 17 18 27 28 36 34 18 18 25 12 23 31 33 16 22 31 13 24 40 10 28 17 16 26 21 34 28 38 12 18 22 24 30 17 32 
17 28 18 15 38 14 36 23 28 25 22 18 38 14 24 13 21 32 10 23 23 14 23 37 10 29 22 17 39 24 21 27 25 25 31 21 29 16 10 45 
41 44 16 15 38 18 38 20 27 35 27 15 21 14 18 28 26 19 13 13 24 11 9 29 22 29 26 17 18 18 17 32 34 28 28 22 31 16 17 26 
17 35 18 17 33 17 40 17 28 33 17 18 39 23 14 34 41 34 16 14 21 23 23 26 21 17 25 18 27 22 15 30 37 14 27 28 23 22 13 31 
32 26 18 22 32 20 35 15 7 38 15 18 19 17 21 20 26 33 20 25 17 15 29 26 18 21 36 13 36 19 20 30 20 19 33 17 27 26 19 28 
12 52 9 15 40 16 24 15 28 30 28 17 29 21 22 22 20 28 13 14 28 19 22 21 29 19 25 11 22 24 31 36 31 18 37 19 22 28 18 41 
22 13 16 16 37 16 21 23 33 26 24 15 18 28 24 31 42 26 15 11 23 8 29 40 25 29 32 18 39 17 14 34 28 23 35 14 34 26 22 37 
37 43 17 17 28 20 38 17 37 39 15 10 34 15 22 34 41 22 13 11 20 18 12 32 21 23 12 12 38 23 34 15 34 21 21 19 26 21 19 21 
32 23 10 21 22 14 25 16 26 17 14 18 30 20 23 27 24 22 19 12 29 23 13 32 23 35 28 15 33 25 16 31 34 18 20 17 18 26 18 28 
25 42 14 20 33 19 19 30 21 21 21 17 24 19 20 19 26 30 16 19 27 12 14 32 24 25 27 23 34 26 22 32 34 23 30 22 25 20 13 30 
24 35 9 22 39 17 23 10 29 23 12 23 23 21 22 28 29 23 10 22 14 22 18 27 26 20 33 14 21 20 34 33 25 25 31 29 24 26 20 24 
44 32 14 24 31 18 24 15 48 25 22 16 13 12 8 17 22 42 14 18 12 14 25 30 25 28 31 17 23 19 21 22 36 14 39 11 24 36 9 27 
14 34 10 17 18 16 23 28 41 19 26 15 22 15 16 28 34 45 22 17 25 10 19 39 22 12 35 15 44 24 18 38 35 31 22 19 35 35 10 21 
27 26 17 27 22 16 23 17 27 38 16 23 22 21 11 22 16 20 21 14 36 21 33 28 27 27 34 11 22 27 17 27 19 20 19 28 12 18 14 26 
16 42 11 23 28 5 21 18 21 25 13 9 20 17 17 23 31 23 24 13 27 17 20 26 21 14 18 19 13 10 30 19 38 20 21 26 30 17 15 42 
29 31 16 21 24 21 36 18 35 19 20 25 39 16 18 25 33 17 22 18 23 35 21 19 20 26 22 19 41 17 21 27 33 21 40 24 37 25 16 33 
40 24 6 17 16 14 18 25 29 23 23 13 37 17 10 18 16 28 3 17 18 23 28 17 15 22 35 14 39 35 16 29 20 19 29 34 29 18 8 36 
31 26 18 19 29 15 26 20 21 25 17 15 34 17 20 28 23 24 12 19 25 12 24 31 16 29 39 14 10 16 20 23 31 12 23 5 23 27 10 32 
22 57 17 25 25 20 19 19 23 35 18 10 46 23 21 20 33 30 20 18 15 17 21 36 29 31 18 12 29 19 19 45 27 18 25 27 33 30 17 42 
20 24 11 11 31 17 18 20 26 21 17 16 39 14 14 25 44 37 20 17 31 18 20 22 18 25 28 15 29 28 21 51 33 22 31 27 13 19 19 38 
25 20 15 12 27 7 21 20 18 31 17 29 36 10 15 23 31 8 21 4 19 22 22 18 22 21 32 15 45 13 27 45 27 17 35 22 30 11 17 23 
24 27 20 7 14 14 19 11 31 26 29 16 44 15 18 24 41 33 23 15 24 18 13 31 33 23 20 14 27 17 21 25 32 13 32 27 12 21 23 19 
38 25 15 12 27 12 27 22 18 33 21 23 34 24 19 26 31 29 24 21 17 12 21 36 25 21 42 18 30 16 19 54 30 21 26 28 25 18 8 23 
19 22 22 16 38 6 28 17 24 14 20 22 54 14 22 23 22 41 11 13 25 12 26 38 24 29 23 13 14 25 22 17 19 20 30 16 21 23 16 36 
27 19 18 8 11 18 33 23 37 23 11 22 36 8 11 13 29 26 22 17 12 13 23 26 19 22 34 13 27 23 27 33 36 19 25 25 37 31 10 36 
27 44 11 16 21 20 22 21 27 32 22 32 37 20 13 23 18 28 15 18 25 16 23 27 24 22 30 21 31 15 34 19 26 18 20 19 30 31 15 26 
26 55 18 17 23 17 17 23 18 24 17 31 23 18 27 19 35 25 23 18 18 17 20 27 18 18 28 13 33 20 15 32 31 19 43 24 32 24 16 36 
32 14 15 15 20 6 13 26 25 31 20 11 38 23 16 28 25 32 10 16 24 14 22 35 29 26 29 11 40 17 25 19 14 11 27 21 22 22 13 29 
22 41 18 17 35 10 29 29 41 21 23 9 35 20 10 15 29 28 19 11 20 20 23 27 20 32 32 11 34 27 14 38 10 17 40 22 21 13 13 27 
20 40 10 23 25 20 13 15 39 30 26 15 20 11 19 27 9 21 17 12 24 8 15 24 20 9 31 9 34 24 24 18 25 18 14 21 31 16 14 12 
25 36 16 17 11 15 31 20 16 28 15 20 24 22 18 30 42 25 24 16 20 20 17 27 31 10 20 10 27 29 28 15 27 19 24 12 21 23 19 26 
29 22 20 6 28 17 33 29 25 20 34 24 43 12 22 17 40 28 21 14 29 19 21 44 31 22 18 14 30 15 29 17 16 15 27 18 21 17 14 24 
39 26 19 19 32 19 27 26 32 29 30 11 34 20 11 24 21 21 12 11 20 12 15 22 22 16 25 11 27 25 31 31 28 16 33 13 40 30 16 21 
19 31 18 20 27 17 31 21 26 31 21 21 30 15 20 17 15 22 19 18 26 22 19 29 17 24 34 14 27 15 25 15 22 8 25 18 21 31 14 26 
30 21 15 7 36 18 24 24 35 23 18 22 27 12 18 22 23 28 20 6 26 21 19 34 18 17 29 14 18 18 38 38 24 28 41 13 19 25 8 38 
44 29 18 21 35 19 33 22 29 16 11 27 15 20 20 36 18 32 20 12 12 13 24 28 12 21 19 11 46 17 25 33 16 18 34 23 38 7 23 29 
16 22 18 27 31 14 18 17 32 25 14 20 29 10 16 30 30 27 4 12 24 22 17 19 24 18 21 19 25 26 22 11 18 18 32 20 29 25 16 44 
23 34 17 17 33 14 30 13 24 23 8 21 32 26 12 24 20 29 19 12 14 13 32 27 19 20 24 16 34 11 19 32 27 22 27 26 20 28 7 21 
40 42 18 13 16 20 39 20 41 15 22 25 45 25 13 21 36 20 22 14 18 10 27 18 19 30 27 10 33 23 27 44 39 20 37 16 27 21 14 40 
51 25 25 25 17 12 28 12 38 20 19 12 27 19 25 13 31 37 8 18 20 19 24 34 21 23 25 11 36 20 33 27 30 14 24 14 23 38 19 29 
20 32 15 17 33 21 31 21 30 36 26 20 29 13 23 28 35 44 12 10 16 18 19 15 27 32 29 18 22 24 41 14 14 21 43 20 18 21 18 40 
33 28 10 14 19 13 14 25 23 34 13 23 31 20 15 16 26 22 13 16 21 4 18 31 20 17 25 12 31 27 23 35 25 28 30 26 17 26 18 35 
36 14 18 19 27 13 23 24 17 34 16 24 35 18 18 13 33 27 22 16 22 22 17 38 22 27 36 16 30 22 33 23 36 22 23 26 22 21 18 21 
29 35 17 16 42 12 27 15 38 19 24 20 35 5 27 30 34 17 21 17 27 20 20 26 22 20 30 19 29 29 21 21 20 23 25 20 31 29 15 31 
31 24 20 11 28 16 26 25 24 23 16 12 39 21 8 28 15 36 22 17 21 21 26 20 25 20 30 16 26 19 23 18 33 18 24 16 16 21 16 19 
28 24 7 22 25 10 13 25 26 26 20 13 32 17 18 20 16 33 20 26 35 17 26 26 17 24 21 8 20 15 27 42 34 21 17 23 24 23 19 26 
39 36 26 22 29 19 17 22 31 27 30 18 27 18 24 12 32 12 20 13 23 19 27 35 15 26 18 12 27 28 22 46 27 16 16 13 15 36 13 31 
26 29 32 17 39 21 12 22 33 25 11 19 32 16 21 29 23 25 27 11 14 14 28 26 13 22 39 13 15 26 36 40 34 14 20 20 23 24 13 19 
27 45 20 25 16 21 25 25 25 29 17 16 47 17 15 22 37 18 16 14 27 17 24 28 20 28 22 24 35 11 25 35 25 20 32 17 30 31 17 29 
42 26 25 25 35 20 27 22 29 29 11 32 25 17 28 31 17 21 15 15 17 20 16 38 28 13 28 14 47 21 27 24 26 18 19 20 25 17 22 42 
16 33 14 12 34 13 22 24 42 39 18 15 35 21 18 21 11 36 11 12 22 25 20 36 19 26 26 18 34 18 26 24 32 24 33 26 38 27 14 31 
23 29 21 17 24 15 38 16 24 27 26 23 25 21 15 25 22 28 12 21 28 11 26 30 19 12 38 17 29 17 20 28 43 29 37 24 23 14 13 25 
26 46 19 23 33 22 25 19 15 24 25 19 6 11 20 22 20 41 15 17 19 19 19 20 26 17 31 11 32 26 25 33 28 24 31 20 35 26 18 30 
18 30 14 10 26 10 29 25 21 37 18 23 19 20 18 15 32 30 17 12 31 23 31 37 29 22 30 15 36 36 29 19 42 15 21 25 33 15 20 41 
14 25 19 22 24 24 25 6 41 38 17 13 42 22 15 21 24 30 11 18 28 15 26 25 18 9 10 14 35 15 8 39 16 19 27 33 25 26 13 12 
31 16 7 23 35 12 31 27 24 27 17 17 42 19 21 25 34 24 16 17 25 13 14 26 26 19 32 24 27 8 25 25 32 15 30 24 24 24 18 16 
33 35 22 20 16 14 28 31 26 20 16 22 27 4 16 33 27 29 10 19 23 24 12 20 16 21 24 14 38 25 15 23 25 20 28 19 13 22 10 41 
19 33 16 26 37 13 32 25 24 31 24 20 29 11 17 16 22 18 27 19 17 8 33 23 19 18 35 11 24 28 33 34 25 12 21 28 12 25 16 39 
34 32 6 18 16 13 27 19 20 27 28 23 32 13 15 21 19 34 12 11 31 16 20 34 20 14 13 14 24 11 31 32 21 16 21 18 22 20 13 37 
40 40 9 11 13 16 18 12 27 19 12 17 22 19 12 19 35 34 26 15 15 15 25 23 18 18 32 19 29 24 28 27 36 18 26 19 17 39 18 32 
13 25 22 15 32 8 29 22 42 42 25 23 35 27 13 28 32 31 17 20 15 18 25 31 20 13 27 21 29 16 24 32 31 20 36 22 26 25 12 17 
25 34 15 13 16 11 28 11 39 32 20 19 29 23 19 13 24 27 14 12 6 14 17 16 18 25 16 16 28 14 35 31 36 17 31 23 29 18 15 26 
28 29 17 10 29 13 16 23 17 25 24 20 40 24 22 13 15 38 24 15 13 13 6 26 22 16 21 7 31 22 16 29 19 29 34 22 34 36 19 37 
16 45 18 22 36 12 29 27 26 31 25 20 36 20 22 28 30 26 12 16 13 19 30 23 20 19 15 7 15 20 31 41 22 36 34 26 23 17 17 26 
26 43 25 17 31 18 27 18 29 29 20 16 33 6 7 26 18 28 22 12 10 11 38 24 27 25 42 17 19 10 29 36 29 10 31 32 22 27 9 27 
34 30 23 21 12 16 15 24 28 22 18 25 52 19 20 9 25 34 17 14 27 25 16 24 22 21 25 21 36 27 22 20 23 22 31 9 34 20 16 22 
23 32 15 18 24 11 22 21 28 27 27 16 30 14 5 13 32 33 17 24 28 31 36 14 17 23 22 16 18 19 25 29 29 29 47 30 33 21 15 44 
31 26 24 11 16 22 26 20 22 22 21 20 17 13 26 26 13 27 15 14 27 11 19 12 19 20 36 13 38 36 27 26 16 12 14 19 15 32 13 30 
32 22 17 17 33 17 18 18 29 31 19 11 25 16 23 24 18 37 17 21 28 30 21 38 27 4 33 22 25 21 23 35 21 13 51 21 36 23 16 43 
37 20 15 16 37 12 23 22 43 27 29 13 27 19 25 21 21 19 25 18 27 13 23 26 22 25 14 23 21 18 23 26 29 17 19 22 28 32 15 36 
14 26 23 13 18 14 20 10 29 23 13 13 28 18 17 25 31 32 16 19 14 25 23 18 9 13 16 11 26 19 44 26 14 23 33 23 40 31 15 30 
20 20 22 12 13 19 28 18 39 29 22 26 19 15 22 19 25 27 20 13 18 10 20 29 24 38 20 14 18 3 22 47 32 32 20 21 32 26 16 39 
22 22 20 22 24 14 28 25 30 32 26 23 21 21 19 27 28 29 17 11 19 18 18 17 17 18 31 15 38 20 21 40 24 20 21 21 29 27 25 28 
30 18 20 23 15 16 19 20 30 23 19 17 22 23 9 32 30 21 11 10 30 20 38 38 15 18 28 15 33 23 19 38 24 22 44 11 27 26 10 25 
24 34 23 6 34 26 23 27 36 32 24 16 31 17 15 22 33 20 16 8 12 14 23 27 9 19 16 18 34 20 25 29 28 20 27 26 33 18 20 20 
26 31 22 14 28 15 3 25 46 13 26 16 33 16 16 23 25 34 16 15 12 23 16 26 17 22 27 12 34 26 30 19 39 22 18 15 14 31 19 27 
24 28 9 19 28 16 28 19 8 21 18 16 32 16 12 15 46 36 12 20 17 21 18 9 28 18 10 7 49 11 26 36 23 12 25 12 31 24 7 25 
28 35 11 15 26 23 31 9 31 29 20 16 47 13 17 22 23 40 17 7 29 12 28 32 26 17 25 17 30 18 29 36 13 18 28 21 41 28 20 17 
36 34 16 13 33 10 37 32 32 33 16 22 34 17 17 29 24 8 10 19 19 16 11 16 20 29 27 11 30 32 36 27 29 23 22 18 37 26 17 22 
28 23 16 18 26 22 27 32 33 42 25 13 10 14 22 22 34 36 8 22 29 13 32 33 20 24 22 12 38 22 26 21 31 23 33 23 24 29 17 31 
32 40 26 19 27 16 21 20 26 40 24 20 22 23 26 26 29 33 15 25 23 14 23 30 26 14 24 14 32 20 31 31 24 21 36 17 25 25 12 24 
26 45 8 19 21 9 30 18 38 28 25 21 17 9 9 25 33 43 15 10 14 14 24 34 17 9 20 14 34 21 38 29 21 23 21 17 19 34 17 8 
25 36 21 18 37 10 28 18 32 18 24 18 39 21 16 23 22 20 11 12 23 20 23 28 27 20 32 18 33 31 31 40 29 16 29 17 39 31 21 30 
39 16 19 20 22 12 20 29 26 28 19 19 23 16 25 22 28 35 20 15 16 10 14 23 29 22 25 24 27 15 17 37 26 19 20 23 24 13 11 9 
17 33 17 16 22 10 18 27 31 24 20 30 34 19 17 16 21 34 9 15 31 16 20 27 19 11 23 9 35 17 29 24 28 26 33 23 21 23 19 38 
45 25 18 23 17 22 30 27 27 31 16 21 26 22 20 24 42 31 19 12 13 17 30 37 13 26 30 20 32 27 16 35 34 14 25 20 12 9 11 22 
38 14 15 24 38 16 39 18 30 32 27 22 34 7 13 40 40 28 13 9 18 24 19 19 25 23 17 12 45 26 30 22 31 25 27 22 21 18 16 9 
23 33 26 9 50 15 26 25 28 22 15 24 22 13 16 26 39 41 19 8 32 19 22 30 23 18 38 12 28 12 23 38 28 21 27 18 31 15 19 32 
33 20 13 19 35 7 26 18 29 27 27 18 18 22 20 24 28 39 12 12 33 23 31 32 19 26 28 14 43 15 29 30 51 10 23 12 22 32 11 13 
31 35 26 8 25 17 27 18 40 14 20 24 30 19 16 9 27 29 15 19 18 18 23 19 26 13 33 17 25 25 16 35 13 22 20 16 26 23 17 22 
22 21 17 9 12 22 34 20 47 9 28 14 23 20 16 27 37 22 20 18 21 16 23 23 26 25 27 11 32 12 36 44 25 17 36 21 28 28 12 55 
28 40 24 12 1 21 14 17 22 33 13 19 36 12 19 24 35 29 26 10 29 13 23 34 22 27 12 16 21 28 21 17 30 13 18 25 47 20 21 31 
17 32 14 22 31 18 24 18 33 26 21 21 34 4 9 27 24 28 13 16 18 19 30 26 32 16 26 12 18 22 29 39 30 10 35 19 17 22 11 22 
32 18 16 20 29 20 31 17 25 20 9 29 29 13 24 27 31 25 21 17 18 17 24 33 13 16 31 14 40 23 17 29 34 19 29 21 25 21 10 31 
25 33 15 20 32 19 17 24 46 20 20 24 17 8 12 26 31 14 13 14 19 21 25 22 17 22 16 16 42 18 35 38 16 11 42 26 22 27 17 27 
46 40 14 24 45 20 26 11 35 9 22 20 38 23 24 25 29 18 11 16 17 19 22 23 24 16 26 23 27 22 42 39 51 23 23 19 18 17 18 29 
27 19 13 12 27 21 36 23 30 41 13 21 40 17 20 31 30 36 16 14 28 17 15 17 4 20 23 14 31 27 19 8 29 25 34 27 26 15 11 22 
18 39 20 15 22 17 28 25 35 21 17 15 25 22 13 8 12 29 19 9 25 9 19 6 24 26 28 18 35 19 23 30 18 30 34 18 36 28 15 16 
49 20 19 19 20 13 37 28 30 26 11 17 27 14 9 19 31 22 13 7 32 18 17 24 7 27 21 21 20 27 24 26 31 23 42 24 34 27 17 36 
39 34 10 13 24 22 37 32 11 15 24 6 20 14 10 24 36 29 24 12 23 25 20 28 26 18 40 16 23 8 15 24 13 16 22 22 24 20 18 46 
31 29 15 18 40 19 30 16 28 10 26 16 21 24 15 17 37 20 10 15 25 15 17 19 13 20 25 13 35 15 33 38 18 28 39 18 23 35 8 55 
21 24 22 13 12 13 38 27 20 26 29 15 24 13 17 17 23 22 20 20 16 25 23 25 14 21 27 5 32 19 36 34 14 17 23 24 25 21 14 25 
32 23 14 19 21 14 24 14 40 20 23 22 23 27 20 24 32 22 13 10 23 25 20 27 17 20 30 19 44 15 31 23 49 17 29 14 27 35 19 31 
27 14 16 19 33 7 33 24 15 18 15 15 16 17 13 19 28 21 11 15 20 14 19 11 8 21 23 16 32 20 24 27 29 15 42 24 40 11 9 26 
28 33 18 22 24 15 25 28 42 30 11 28 16 14 14 28 24 29 11 19 21 25 18 37 12 5 23 23 34 16 29 37 13 25 25 17 27 18 12 22 
51 22 19 26 26 23 26 24 25 45 23 24 14 15 10 36 26 36 19 15 23 20 16 23 18 17 28 16 40 29 37 26 40 27 24 17 24 23 11 23 
37 19 19 22 45 23 39 18 19 20 10 15 14 7 18 15 33 23 17 21 14 10 21 28 32 18 17 13 30 16 30 28 28 30 33 12 36 21 19 19 
16 17 10 22 20 15 26 20 36 34 17 27 21 22 17 33 34 33 14 15 22 22 21 34 36 12 18 13 51 11 25 26 37 16 27 23 22 33 7 32 
33 26 17 20 25 21 23 13 44 14 19 16 18 13 10 20 25 14 7 19 15 16 27 28 24 12 33 13 31 12 19 37 36 22 30 25 21 20 15 27 
28 26 9 15 28 9 32 18 41 24 30 16 26 7 26 18 10 23 9 16 23 21 23 38 23 21 8 6 32 12 20 26 29 9 18 18 18 26 20 28 
26 29 17 13 26 19 28 24 30 22 20 28 42 23 16 20 17 38 14 12 18 15 20 31 21 18 24 14 46 22 21 39 24 29 33 23 17 41 16 25 
21 8 19 15 18 12 34 23 42 35 27 20 24 27 15 22 26 17 12 16 17 21 24 25 20 20 40 18 47 19 19 20 14 29 36 22 27 16 16 48 
30 38 11 16 26 8 12 21 26 20 23 16 42 8 16 29 12 29 19 13 20 9 14 19 19 27 20 14 31 21 27 29 32 9 37 17 32 28 11 27 
28 10 16 18 26 20 25 32 23 26 22 15 16 29 21 20 25 19 14 15 43 14 24 26 28 27 30 11 27 20 35 11 24 22 25 13 23 22 18 29 
20 14 16 23 20 27 14 16 32 23 18 9 39 10 19 30 28 24 26 20 16 26 20 27 22 18 23 11 29 14 35 36 25 26 20 22 20 28 15 33 
21 33 23 28 26 19 19 18 17 23 25 12 30 23 20 20 42 33 19 13 14 18 27 35 23 24 28 22 29 11 28 29 21 21 39 15 19 30 19 34 
35 36 22 14 44 13 35 19 15 19 17 17 33 23 18 23 36 39 7 9 13 13 35 26 30 23 20 12 26 16 29 35 22 13 30 16 26 35 15 30 
24 48 10 12 34 23 29 22 42 31 24 15 34 22 21 25 31 35 21 6 33 16 18 23 23 5 25 18 45 19 28 43 43 20 28 21 29 20 14 47 
26 43 15 10 28 17 23 21 25 22 24 19 26 24 19 28 44 22 18 17 20 10 21 24 28 19 24 11 18 22 22 42 24 15 28 28 33 34 16 37 
27 30 16 13 25 13 27 18 29 26 7 19 23 20 15 13 21 39 22 12 16 25 22 32 11 24 24 16 30 18 15 27 32 25 40 29 8 28 15 34 
37 35 8 17 26 9 33 13 30 27 30 23 18 10 17 15 22 34 11 15 24 23 24 24 15 25 24 17 33 24 19 24 28 18 37 22 13 29 10 21 
32 31 14 25 21 21 18 18 23 19 24 10 31 19 13 18 22 31 16 16 20 18 13 27 25 21 22 22 24 16 35 44 38 26 22 12 35 35 14 40 
35 18 15 18 25 17 24 21 27 19 25 25 25 18 22 28 14 30 13 12 17 16 26 29 30 21 8 12 27 13 26 22 31 26 14 33 29 32 16 22 
32 31 18 22 14 12 22 21 18 31 19 14 41 21 14 12 28 43 24 20 19 15 20 22 23 7 20 15 19 30 31 30 21 17 28 19 38 33 14 32 
23 36 19 10 34 19 40 13 39 16 24 32 27 22 16 31 24 15 12 15 19 20 14 30 17 16 40 19 30 15 17 17 35 21 18 23 24 17 15 30 
25 28 18 21 16 13 20 13 30 29 22 12 36 16 7 18 45 29 24 14 14 20 23 25 22 17 17 16 26 4 21 33 27 28 19 24 35 24 21 15 
28 33 13 14 35 10 29 18 21 35 12 11 50 23 15 25 37 40 10 16 28 22 16 31 18 16 20 11 37 26 27 20 35 19 34 19 19 24 19 34 
29 38 21 10 27 19 31 23 32 32 21 20 27 18 21 18 21 41 15 12 24 18 23 44 24 16 16 14 30 23 48 32 32 33 18 15 29 25 19 25 
19 17 30 30 21 24 33 28 21 21 29 14 40 19 14 21 24 23 7 12 30 12 23 30 13 17 27 13 31 7 16 36 20 24 41 20 27 19 15 34 
17 30 10 12 33 13 15 15 29 27 16 16 36 11 16 25 18 30 24 13 15 14 31 28 17 14 29 15 34 14 12 26 38 23 30 24 30 24 5 21 
43 31 20 17 31 16 21 24 36 31 13 14 29 5 18 22 30 15 10 15 15 18 26 13 13 19 30 14 24 10 26 34 19 26 27 14 22 37 16 25 
15 25 17 16 24 16 17 20 24 31 10 20 42 14 22 33 20 18 16 14 20 15 27 40 24 15 37 19 42 20 27 20 40 27 26 17 30 17 18 29 
22 38 12 17 35 14 19 21 21 17 24 20 32 24 10 18 30 35 18 14 13 11 24 15 20 19 5 15 29 23 28 16 35 14 27 21 22 22 11 19 
12 26 13 12 48 16 15 18 16 28 15 20 35 27 20 30 23 18 17 16 12 20 24 17 24 19 23 22 17 11 35 27 26 19 31 23 20 17 22 35 
17 26 8 16 20 15 24 19 29 28 21 23 26 14 21 36 36 25 8 13 28 11 19 34 25 27 18 22 32 19 31 36 35 18 23 27 25 19 10 29 
28 38 11 10 32 12 26 28 33 23 13 15 30 21 14 28 23 31 20 15 19 16 25 32 25 32 29 16 44 29 22 38 34 12 40 27 24 23 12 49 
34 32 15 25 27 14 36 35 28 27 22 19 33 18 23 21 37 25 24 13 22 22 32 17 17 17 17 20 25 24 32 18 26 7 20 18 33 15 13 25 
32 33 11 15 22 18 27 31 33 30 18 14 37 21 14 12 26 26 17 17 22 18 20 37 21 16 20 11 35 22 6 15 26 17 30 28 38 19 17 30 
24 16 18 23 28 14 31 17 37 29 19 24 36 16 15 18 33 25 18 9 15 14 17 20 20 28 20 11 41 25 21 43 40 23 32 11 31 22 8 20 
24 14 16 26 34 13 27 17 27 26 26 20 18 11 22 31 29 35 15 13 15 17 14 39 23 19 37 10 18 23 34 34 23 30 24 16 21 18 21 28 
18 29 11 17 24 16 21 20 3 35 21 20 29 20 13 20 19 33 23 16 19 20 28 25 15 27 22 12 26 10 27 34 19 22 24 23 22 27 23 25 
30 31 17 15 33 12 31 24 31 28 35 17 31 19 17 22 35 32 20 14 11 22 12 14 16 6 29 15 26 16 29 44 31 17 22 20 32 32 14 28 
26 44 26 17 40 8 28 17 22 21 17 25 21 25 17 20 16 19 17 19 25 15 28 30 16 19 29 12 34 21 17 38 29 19 25 20 21 28 10 30 
9 38 19 18 25 13 16 17 22 35 19 21 40 20 16 33 35 36 26 18 18 20 8 28 11 25 29 18 29 17 30 41 29 26 25 29 28 39 16 20 
28 36 8 7 18 11 29 10 25 23 23 23 30 17 5 25 15 17 10 13 23 20 14 22 22 32 29 10 36 27 20 27 38 27 24 12 19 19 13 37 
33 34 23 20 44 7 26 26 10 35 21 22 34 8 12 21 29 29 11 18 20 21 25 30 7 19 34 15 40 23 35 24 28 4 32 16 34 29 19 27 
22 28 23 22 24 13 36 16 40 18 8 28 31 10 22 21 24 21 17 21 27 12 22 39 36 26 30 9 46 22 35 33 20 20 19 24 27 16 19 34 
24 24 12 17 27 18 37 21 28 13 18 11 35 11 21 32 30 33 8 13 26 21 19 31 22 24 21 9 31 10 12 47 25 33 15 17 23 12 21 24 
30 28 12 8 26 18 16 14 35 19 9 24 27 30 16 15 31 26 29 17 18 19 26 27 17 12 16 8 23 13 21 44 31 12 30 24 21 32 12 30 
23 17 20 12 28 16 29 19 27 28 13 22 23 19 19 29 51 12 18 14 29 13 17 20 19 19 24 13 34 23 16 14 37 27 29 24 25 33 11 26 
25 16 24 16 27 10 23 18 17 19 16 19 23 25 17 28 38 21 22 14 37 18 21 33 23 21 22 15 40 22 12 23 27 16 28 7 19 22 19 26 
13 34 10 27 19 16 17 15 33 13 11 10 39 13 14 22 30 37 15 11 22 13 25 34 14 24 17 15 37 28 27 45 29 25 31 15 29 22 14 47 
26 28 10 15 33 17 29 16 33 21 33 25 16 21 15 20 19 36 12 14 19 18 30 24 15 25 22 16 22 21 31 22 39 22 44 19 19 26 18 41 
36 28 21 9 27 18 27 18 23 28 26 11 31 15 15 29 16 24 7 13 15 13 12 28 22 15 28 14 30 35 32 30 36 24 6 19 22 28 13 30 
31 40 14 17 26 18 27 26 23 24 29 17 17 15 15 29 12 28 12 13 20 20 23 42 27 21 31 14 17 31 29 30 25 24 34 24 28 16 21 32 
44 36 17 30 32 8 30 22 32 20 25 29 38 19 11 16 35 19 13 13 20 21 21 24 13 14 32 8 37 21 28 36 27 17 32 32 28 24 14 37 
23 42 24 12 21 16 24 22 34 16 21 22 37 6 17 23 25 33 17 18 17 19 21 25 11 29 27 15 29 10 11 22 21 14 22 21 23 25 11 27 
24 35 17 15 34 14 14 9 27 26 19 16 23 17 16 23 16 27 15 19 28 15 30 37 20 18 20 13 33 26 22 30 34 18 24 18 17 30 10 33 
28 20 23 18 33 12 22 12 26 21 20 20 22 16 5 16 33 28 19 17 25 17 13 42 17 25 31 13 20 23 44 25 21 27 28 29 11 19 21 27 
29 24 14 19 18 13 18 22 23 13 20 21 33 32 24 12 23 32 23 17 11 20 23 23 17 24 34 14 35 19 32 31 18 24 30 22 40 26 16 42 
15 24 19 16 34 13 30 24 25 26 27 15 42 18 18 16 27 16 11 23 25 14 28 23 31 15 29 14 31 12 28 36 23 21 31 26 16 30 8 31 
32 39 15 14 33 20 28 17 31 29 9 16 44 11 22 22 26 34 14 15 24 14 9 27 23 20 31 15 37 24 29 9 13 27 33 24 20 45 14 24 
38 46 16 10 24 15 15 15 35 37 20 21 33 23 16 19 21 40 19 22 12 17 22 18 19 26 29 11 23 15 20 29 46 12 20 26 32 30 17 33 
33 15 19 21 45 9 24 22 32 34 14 21 23 17 18 26 16 31 11 11 22 16 26 20 18 26 31 13 26 19 25 29 34 29 30 21 24 47 17 40 
30 33 11 18 20 13 27 24 14 25 23 18 27 21 23 26 36 24 18 17 22 23 26 26 25 29 19 18 39 9 20 27 22 29 33 23 26 23 14 33 
25 29 18 28 22 10 35 15 36 28 19 20 15 25 15 26 30 23 24 10 28 24 19 22 26 20 29 22 20 9 14 28 28 30 31 18 28 22 14 19 
26 26 18 23 25 15 21 18 21 20 29 20 29 13 22 18 28 34 14 12 24 9 29 45 25 21 30 10 32 20 27 25 31 26 32 17 28 20 19 17 
38 48 22 22 28 18 17 14 26 15 15 19 25 23 11 19 20 41 24 16 19 18 19 29 17 17 30 12 23 14 23 32 33 24 27 13 32 21 7 8 
27 46 15 21 21 15 25 23 31 27 14 19 20 21 22 13 20 28 25 11 27 20 27 20 18 19 28 24 35 13 20 42 16 19 22 24 13 12 16 41 
33 21 20 14 29 15 19 19 31 25 16 19 27 17 19 35 34 17 12 17 22 21 24 17 35 25 15 15 21 17 35 28 38 21 26 12 15 23 12 24 
27 26 15 5 13 14 21 23 34 31 20 17 19 17 24 19 26 31 18 14 32 9 25 32 27 21 23 17 42 20 28 35 18 19 33 22 25 13 16 31 
27 23 20 13 25 18 32 14 51 27 20 19 31 21 14 32 26 27 20 10 37 14 17 32 23 13 30 13 30 22 23 31 42 22 32 34 34 21 14 41 
20 24 28 18 32 15 25 23 27 7 12 27 26 21 18 12 34 34 19 13 21 18 18 25 25 12 22 22 34 26 20 34 36 38 24 24 31 18 16 14 
25 30 9 15 20 27 27 16 35 26 16 18 26 13 22 17 30 35 16 12 16 24 14 27 26 17 17 10 36 24 17 30 30 22 28 16 31 30 14 32 
23 41 19 19 35 17 36 24 26 29 22 8 40 17 22 26 37 42 15 17 18 19 27 34 15 29 26 15 30 13 31 31 23 22 34 30 19 22 12 49 
23 19 10 24 36 16 31 21 18 29 26 25 22 14 13 24 33 29 18 15 18 16 26 23 21 19 35 13 41 18 31 21 20 19 17 9 19 26 9 22 
28 14 12 14 17 19 39 33 24 17 20 23 25 19 20 22 11 10 17 14 20 16 25 29 18 18 39 6 31 23 23 47 34 23 27 16 33 26 14 30 
35 26 17 20 32 18 11 30 32 20 17 22 34 23 20 24 23 32 18 8 18 16 21 25 12 19 30 17 30 15 14 19 33 23 36 27 26 26 14 26 
16 42 16 24 45 26 28 22 24 23 29 28 30 19 3 22 31 26 18 10 30 14 30 22 12 28 9 21 34 18 40 28 46 21 15 18 18 26 11 34 
28 38 21 15 33 18 50 26 31 38 19 17 35 15 11 32 23 30 13 23 26 22 32 36 23 27 27 19 30 12 21 26 25 7 29 20 22 17 14 25 
23 32 29 18 34 13 15 22 13 32 7 18 14 21 23 19 28 37 16 13 14 15 29 34 23 24 18 17 24 20 22 37 30 10 24 19 21 27 13 30 
35 51 16 22 22 10 24 18 20 32 24 23 23 16 28 25 15 24 19 20 27 17 19 16 34 26 25 20 13 10 36 45 32 9 28 18 21 4 15 33 
19 21 16 19 18 23 29 8 24 21 13 16 33 21 3 16 5 43 27 19 16 22 18 27 16 22 16 6 42 22 27 39 21 8 19 19 18 27 10 29 
29 27 21 14 12 14 19 24 40 16 25 18 31 24 22 32 29 21 15 12 13 17 26 32 28 8 15 12 24 26 22 29 19 15 32 17 25 39 13 20 
35 31 14 14 22 17 23 13 41 3 29 19 27 17 14 25 35 19 14 17 14 17 11 33 19 20 15 13 25 20 12 32 30 16 21 13 26 5 15 21 
22 40 18 18 40 20 21 27 34 21 15 2 34 17 17 17 19 38 17 21 15 20 27 20 31 30 20 17 17 14 37 44 19 24 25 16 19 15 13 11 
33 43 26 13 24 18 18 24 5 20 23 20 19 12 18 19 38 27 11 19 14 17 9 11 24 19 14 14 40 29 22 35 20 12 16 24 20 25 14 24 
26 42 6 10 29 12 36 18 19 29 22 25 38 15 17 15 29 29 12 17 30 11 22 25 28 27 29 10 32 18 21 43 32 25 19 12 34 17 9 32 
25 37 14 20 34 16 25 17 21 26 15 34 30 18 20 21 33 38 16 16 30 20 21 18 19 13 19 11 29 28 31 38 26 15 19 21 25 34 16 40 
30 23 19 20 25 14 21 27 23 18 17 16 42 19 14 30 29 22 21 14 18 10 18 25 19 9 29 15 11 18 26 24 23 27 17 19 26 31 17 50 
21 42 17 17 24 16 36 19 24 37 28 19 34 15 8 8 12 42 3 21 20 26 15 23 15 18 14 21 13 24 31 40 19 14 8 19 26 12 13 27 
33 37 15 13 25 12 36 26 21 24 26 15 13 32 21 28 31 41 6 17 15 17 27 27 30 13 23 14 34 17 23 30 30 16 38 17 29 33 14 39 
23 17 16 25 52 24 26 19 40 21 12 15 32 14 13 19 31 30 19 17 33 19 21 16 14 25 35 18 16 24 19 37 30 15 27 23 26 23 13 27 
25 17 18 18 6 22 16 19 16 24 14 17 21 16 13 21 44 21 28 18 16 9 22 19 23 30 27 18 20 18 17 31 22 18 21 18 18 21 23 32 
11 19 11 13 20 15 20 16 37 34 20 21 18 26 19 25 41 33 28 15 25 21 23 34 21 20 30 8 18 22 17 39 36 28 21 23 31 28 12 48 
19 41 23 19 46 12 22 20 27 13 27 11 28 9 21 25 24 25 10 16 13 14 13 22 22 21 17 19 32 19 36 37 18 14 22 20 27 19 13 31 
30 31 20 24 25 12 15 18 28 24 22 12 51 20 17 29 15 26 22 18 25 31 19 45 19 25 12 16 21 24 19 24 38 17 34 27 37 36 16 34 
18 22 23 13 29 21 16 21 24 31 16 6 46 11 18 28 26 26 11 16 27 10 22 26 28 11 29 19 28 20 16 16 39 26 24 25 21 17 19 31 
29 31 9 12 17 12 34 18 30 23 21 15 23 15 21 23 39 3 12 12 22 26 31 38 16 17 39 16 29 21 24 28 25 16 41 14 33 37 25 25 
25 36 18 22 24 14 34 27 18 36 18 21 23 16 16 35 31 29 23 19 24 28 23 30 21 18 19 12 29 21 25 26 28 16 24 25 23 19 13 29 
25 24 17 16 29 16 21 20 37 14 16 18 24 28 24 21 22 49 11 12 10 18 19 25 18 19 34 9 32 24 20 33 41 12 19 12 23 43 21 29 
37 38 13 13 30 17 24 14 13 30 16 25 23 19 12 18 32 17 23 23 22 14 20 26 23 14 31 9 27 21 32 41 20 25 31 20 25 27 18 36 
29 29 27 20 22 18 11 17 33 29 12 18 36 9 19 27 26 15 18 14 29 22 17 36 16 23 22 21 40 15 32 36 30 13 27 18 28 29 18 27 
35 30 17 18 23 17 21 19 12 30 9 22 18 15 23 23 35 21 16 4 21 16 25 38 21 22 33 12 40 28 19 32 24 10 37 13 32 28 16 24 
40 20 18 23 24 11 33 22 45 22 17 18 33 14 14 21 23 19 10 12 24 16 25 26 23 23 40 13 22 32 24 36 25 17 24 28 17 31 20 24 
26 36 8 22 27 16 24 17 26 20 19 23 43 27 27 26 12 25 26 14 16 14 8 40 25 13 29 12 33 30 31 39 23 8 28 19 22 33 11 23 
37 32 14 13 26 19 18 22 31 24 25 18 50 22 22 15 27 31 18 19 29 9 28 23 17 19 38 14 13 25 25 22 28 23 30 16 24 19 17 28 
32 31 16 17 27 14 32 28 35 31 22 16 46 13 17 18 30 25 19 12 18 24 22 28 18 19 26 14 17 32 32 33 17 28 21 6 32 29 18 44 
24 29 20 17 21 13 34 30 14 20 26 19 25 22 19 22 27 32 23 20 31 17 21 18 23 21 19 13 27 22 27 49 35 22 17 24 16 17 13 32 
36 40 21 15 25 15 20 23 10 26 21 25 21 12 21 20 22 35 24 24 21 17 22 16 20 17 15 18 42 16 23 30 30 15 20 17 33 11 12 37 
38 29 14 17 17 14 27 21 15 10 13 30 26 14 20 13 19 37 14 17 17 19 16 36 23 20 26 12 18 20 9 21 20 21 17 18 26 18 15 36 
30 41 19 16 14 18 13 22 35 29 20 21 28 18 13 23 37 27 13 16 32 16 19 25 30 20 36 15 23 23 17 24 21 17 9 15 25 35 15 44 
6 24 19 15 39 18 22 18 4 25 19 19 25 20 16 20 37 35 15 11 20 16 29 35 24 21 28 20 34 20 28 27 43 27 43 20 30 12 10 28 
29 44 11 9 27 12 12 25 38 29 11 21 14 24 12 25 31 32 16 22 6 19 23 20 26 21 25 17 26 27 27 34 44 24 31 23 29 23 15 27 
26 14 18 21 38 17 14 22 28 27 12 26 39 17 9 31 15 35 14 14 18 21 18 24 21 25 30 20 23 4 19 26 33 16 41 11 33 29 17 25 
39 21 17 20 24 19 37 21 31 30 23 13 39 19 17 27 24 17 21 16 26 10 28 29 18 19 25 12 34 16 23 11 29 27 30 29 21 22 14 33 
38 33 16 14 34 20 31 16 29 33 17 24 27 15 16 20 27 24 18 24 16 22 26 31 31 25 12 17 16 19 17 43 25 20 21 18 37 27 18 48 
31 35 20 18 30 19 30 29 38 29 23 17 22 13 11 22 33 27 9 17 18 15 25 27 13 17 25 12 22 17 28 27 32 7 22 22 21 12 18 5 
27 16 15 17 28 19 18 21 33 34 29 30 33 21 17 25 26 24 16 19 21 17 28 31 16 26 30 19 27 18 39 7 37 14 17 13 30 9 19 13 
12 34 18 24 27 15 33 22 29 31 31 17 28 12 20 25 35 30 9 16 21 7 15 41 20 26 19 14 45 20 20 26 27 20 19 19 34 29 14 25 
33 30 15 13 18 17 23 9 26 36 32 10 30 27 16 22 32 30 16 13 20 19 16 31 18 17 18 18 25 19 24 41 33 12 24 25 29 19 14 36 
31 23 19 16 13 15 26 9 11 16 21 22 35 27 9 17 41 43 26 13 14 29 20 19 17 13 25 17 27 28 8 37 38 20 32 25 28 31 13 42 
21 21 20 25 30 16 31 14 24 27 6 12 43 14 12 15 20 18 15 19 14 19 33 25 27 30 22 15 25 24 31 34 23 17 34 17 22 21 7 30 
16 23 16 23 24 16 24 18 21 24 10 6 37 26 19 22 31 45 16 13 18 19 34 25 21 32 33 13 31 28 30 32 33 19 27 9 24 40 12 22 
25 28 18 18 40 8 19 15 41 21 26 22 14 31 19 23 26 33 13 9 13 13 16 38 21 17 17 16 38 18 25 22 21 14 34 18 14 26 19 23 
47 41 17 9 20 15 21 16 40 27 17 14 31 14 25 32 37 22 19 10 16 19 33 20 16 11 29 13 35 14 26 32 26 6 26 15 27 19 16 35 
40 25 20 13 33 15 28 16 43 13 24 24 28 18 18 14 30 26 18 23 29 16 21 33 18 15 30 15 49 21 21 35 41 22 20 8 9 23 14 20 
26 40 10 7 29 18 22 28 33 30 4 15 26 23 12 24 30 51 19 12 20 19 16 14 15 20 24 18 36 22 31 35 31 21 16 23 28 8 12 32 
28 29 15 11 23 24 31 25 20 23 25 24 24 9 9 8 26 33 15 12 22 18 26 26 23 15 29 16 37 26 20 31 33 17 30 18 24 20 18 45 
30 35 19 21 29 13 24 20 20 17 29 11 30 17 15 19 19 39 21 20 7 18 28 28 17 18 14 14 19 20 22 17 36 12 24 27 18 6 16 19 
19 27 9 23 23 19 14 24 38 24 23 18 13 15 11 21 26 39 14 12 29 14 19 30 21 22 28 20 41 17 22 13 27 26 10 32 21 6 22 22 
29 41 20 23 23 21 25 25 33 34 30 19 34 25 5 18 29 26 20 13 20 18 22 35 17 9 23 22 19 27 30 24 43 10 29 22 19 30 23 29 
32 25 18 17 13 21 30 17 22 27 15 21 40 22 18 27 31 33 14 17 20 10 20 34 19 18 33 21 36 30 27 38 30 27 31 31 26 23 8 27 
26 44 15 25 46 13 18 12 16 33 13 17 33 11 14 29 42 28 23 19 27 19 16 32 21 11 22 17 18 17 23 35 34 14 36 20 15 32 17 17 
23 28 18 15 29 11 20 19 27 20 24 18 27 25 6 25 31 39 15 18 35 12 24 28 29 22 37 18 35 27 32 30 27 10 24 19 27 31 9 29 
36 16 16 23 24 15 29 22 29 25 6 15 24 20 15 19 24 28 22 11 25 25 10 28 20 16 33 21 21 21 24 36 37 26 34 17 28 28 15 34 
40 27 25 24 21 10 31 24 20 21 19 21 37 24 13 28 26 37 18 19 19 11 16 22 25 24 30 12 43 15 28 24 23 10 32 19 30 25 21 24 
36 41 28 36 45 21 29 17 29 8 23 17 31 14 19 36 41 24 9 16 23 20 19 28 10 16 19 20 23 16 31 45 29 25 38 18 24 21 19 32 
47 22 16 17 14 12 15 20 39 38 21 18 33 17 17 24 42 32 25 14 12 17 27 32 29 8 34 13 32 23 25 32 35 21 38 17 18 17 13 36 
28 33 15 14 28 8 31 19 33 23 21 15 36 22 13 22 27 27 16 17 8 16 19 28 17 12 15 19 30 26 27 33 31 17 20 25 36 23 21 30 
32 30 20 15 35 7 29 12 12 26 11 16 22 18 13 39 22 31 15 13 31 15 29 17 28 20 30 10 32 16 30 33 24 28 33 30 14 17 16 42 
29 22 14 23 31 11 28 19 17 15 29 12 43 23 13 11 29 25 16 14 12 25 27 42 20 19 23 7 33 18 26 24 11 21 17 10 24 11 17 36 
32 29 20 13 17 10 31 16 15 20 23 28 25 18 19 22 30 25 9 14 18 23 24 37 20 31 18 13 40 15 16 35 26 14 27 24 18 26 14 30 
31 34 25 7 24 21 31 24 23 29 23 24 40 13 4 18 34 35 20 12 22 15 18 25 14 24 26 23 19 7 38 33 20 21 22 19 29 32 22 38 
44 34 22 16 27 13 27 15 13 30 22 14 25 20 22 16 23 21 13 14 20 11 22 13 11 17 33 13 52 22 27 42 35 15 30 15 44 27 16 25 
38 12 16 19 24 19 28 29 33 20 14 16 19 27 17 9 28 35 16 16 10 20 17 21 36 13 17 10 30 18 28 23 39 21 21 27 11 46 8 21 
28 27 19 21 35 20 28 20 23 26 28 19 24 19 24 33 20 22 15 23 35 21 30 22 24 7 17 21 35 23 39 52 29 29 32 18 28 17 12 14 
26 36 15 19 36 20 6 19 34 28 14 17 36 22 15 12 30 39 14 25 30 14 27 42 20 28 19 16 28 26 10 48 30 36 24 27 29 19 18 20 
20 35 14 16 32 19 36 24 31 25 21 14 25 19 8 27 27 18 24 10 18 22 21 35 18 22 30 22 41 18 25 33 19 28 23 9 27 18 13 26 
33 37 21 11 37 16 19 21 22 19 25 16 33 13 16 17 36 36 19 13 17 24 20 30 26 18 26 16 41 21 25 31 34 27 30 20 34 37 16 27 
34 37 17 20 18 12 27 16 20 32 26 19 36 14 25 22 27 31 15 16 21 17 17 26 16 23 20 21 21 18 12 53 18 18 13 19 14 17 14 22 
35 36 25 22 24 19 20 24 37 29 20 22 30 20 17 19 26 43 18 21 20 13 20 41 16 29 30 20 26 25 18 33 19 30 25 15 22 17 16 34 
24 24 15 15 40 19 32 27 25 32 24 21 41 21 18 25 18 41 10 12 14 19 20 29 22 23 32 17 49 17 26 33 38 19 29 25 33 21 11 23 
33 28 16 13 33 17 20 21 25 23 16 18 25 20 13 32 34 32 17 9 25 21 18 25 11 24 27 11 25 26 31 27 32 20 35 21 25 29 21 29 
30 38 23 19 21 17 26 30 24 25 18 28 29 17 23 23 8 37 18 10 23 9 13 28 34 20 26 15 24 18 23 19 27 23 19 16 26 19 17 37 
37 29 23 21 25 14 30 17 21 19 14 22 27 22 9 23 28 17 34 10 27 20 25 42 17 17 13 11 15 18 28 28 33 11 25 22 19 14 14 28 
37 23 14 13 31 12 18 29 11 26 11 13 47 22 14 24 23 26 17 10 20 18 30 29 19 24 34 16 19 20 29 35 27 29 13 14 19 32 12 23 
36 20 10 16 23 12 22 27 15 23 19 23 27 20 14 23 25 16 19 15 18 12 17 39 18 11 28 16 25 23 26 43 27 15 16 20 5 31 13 20 
32 21 21 27 27 10 23 17 18 31 23 22 33 23 15 34 27 39 20 12 23 20 22 32 24 14 23 21 27 23 25 27 24 13 20 10 19 25 15 19 
22 25 13 18 26 14 34 11 26 21 11 11 31 17 16 22 36 37 15 14 24 21 14 13 31 22 33 14 29 14 17 32 18 11 35 23 22 27 17 21 
32 28 26 3 33 16 28 18 36 21 20 32 24 26 6 29 33 31 9 24 18 15 25 39 19 22 19 9 31 26 29 34 23 10 26 22 30 21 19 31 
27 41 24 26 31 14 29 16 36 17 23 17 31 14 14 20 16 23 9 10 25 25 17 14 15 29 28 14 27 16 19 44 34 10 19 23 27 27 16 33 
30 35 21 22 32 19 29 13 34 27 10 24 38 25 19 28 33 27 18 17 18 17 21 40 29 33 22 21 19 14 33 33 29 22 21 12 26 32 13 29 
18 14 20 16 36 22 28 27 21 21 16 21 14 20 19 22 13 23 6 16 13 14 23 57 14 20 19 21 22 17 19 29 33 17 25 21 19 33 12 26 
28 26 25 10 20 20 22 8 26 25 12 23 36 24 13 21 24 30 10 15 21 21 28 24 15 17 23 14 27 25 20 26 29 19 33 15 31 28 17 39 
30 23 15 15 27 6 27 25 29 14 17 19 28 22 16 29 25 35 15 18 15 15 16 25 10 20 14 11 34 22 25 41 26 22 30 20 25 20 20 32 
23 32 20 20 26 17 23 12 29 31 12 26 30 10 14 34 32 22 15 14 27 17 13 31 27 24 39 18 37 22 22 36 24 26 27 33 31 31 20 31 
33 29 10 22 30 14 30 24 11 28 10 22 29 22 11 30 31 13 19 12 29 16 28 27 14 17 24 12 19 19 13 36 34 17 41 14 24 16 16 26 
30 22 11 23 11 18 33 12 28 30 25 24 30 14 12 26 28 33 25 20 13 13 36 36 14 14 40 12 38 6 22 40 28 14 32 19 19 27 16 31 
17 36 7 29 38 15 23 19 23 27 22 17 30 15 18 32 9 24 21 18 19 15 20 39 19 22 18 10 14 29 32 27 27 18 42 9 27 30 13 29 
27 35 18 20 35 19 21 22 36 12 19 22 41 24 21 29 30 27 12 20 26 11 22 34 16 23 33 12 49 18 22 25 28 18 33 13 32 38 22 32 
25 26 9 15 17 11 19 17 28 28 20 22 30 15 18 22 27 27 14 15 19 23 30 35 24 24 26 20 20 12 14 31 23 20 26 15 9 22 14 29 
19 27 13 11 27 10 19 21 40 9 15 13 22 24 11 22 24 42 28 15 19 15 28 29 14 21 26 17 44 21 30 23 27 21 21 21 13 35 21 32 
23 48 20 11 7 15 25 22 32 28 16 23 16 13 25 22 28 28 16 13 22 15 24 32 19 20 35 17 28 23 34 29 38 9 22 6 13 24 12 29 
32 41 20 15 18 11 27 11 28 23 28 20 31 22 15 13 26 28 12 15 18 22 26 37 26 20 39 13 44 16 30 38 21 20 18 24 20 31 14 29 
28 39 13 14 22 9 33 25 27 22 7 15 26 25 27 24 33 36 20 16 24 21 15 38 15 11 24 20 19 25 33 22 28 23 28 18 28 22 15 33 
24 36 19 23 34 9 21 28 24 21 18 16 37 13 23 21 14 43 16 16 17 14 14 39 19 21 37 13 44 18 21 50 33 21 33 16 22 25 16 25 
26 29 10 10 32 15 25 11 25 34 20 24 33 22 19 22 23 28 11 11 16 13 23 31 12 25 32 15 30 18 27 23 43 17 50 19 20 21 13 34 
15 32 12 21 12 21 20 16 45 22 14 21 20 19 20 30 24 32 18 14 18 10 19 26 28 19 32 16 32 17 28 46 37 9 27 26 27 12 17 33 
20 30 14 21 28 15 31 32 37 31 15 22 22 22 12 28 29 26 13 10 16 22 22 33 26 30 26 13 24 25 24 40 6 15 28 14 23 26 16 48 
25 35 23 25 29 11 25 10 15 36 21 21 31 19 29 29 23 40 14 14 11 15 36 45 16 20 23 16 29 28 9 35 28 19 43 26 23 17 13 29 
36 11 17 17 25 16 28 17 32 22 25 14 35 19 14 21 41 36 18 13 29 15 24 28 27 17 26 14 44 13 25 32 17 21 26 23 28 25 22 25 
41 12 27 15 24 23 17 31 37 30 21 16 18 22 22 21 18 32 18 15 26 22 22 17 12 6 20 13 31 15 8 21 29 23 14 18 21 21 20 26 
37 22 24 10 5 16 29 13 26 21 20 27 24 18 5 15 27 44 13 6 25 22 24 37 19 22 23 13 12 41 21 19 27 21 22 15 25 10 20 27 
25 33 19 15 36 15 26 18 31 34 7 25 24 24 23 16 26 27 14 16 16 15 19 27 22 18 17 16 23 16 20 24 20 17 37 11 30 22 14 43 
25 43 17 10 33 15 19 11 27 18 21 22 12 22 12 23 39 43 15 20 22 20 27 39 17 22 29 15 28 17 10 25 27 20 29 34 33 16 16 33 
19 39 22 23 23 12 34 17 19 13 14 23 31 15 15 21 21 18 23 13 25 18 22 26 11 20 16 15 36 23 28 24 32 29 28 16 34 21 17 34 
29 49 22 21 29 21 24 18 27 19 24 10 28 19 12 28 32 18 19 21 21 16 28 36 25 26 30 12 35 17 8 32 38 34 24 16 14 31 14 48 
35 32 11 8 30 19 20 18 16 20 23 20 25 11 17 29 27 29 23 13 17 20 22 23 19 30 17 19 60 27 35 32 33 9 29 14 17 27 14 30 
21 27 22 19 34 15 33 27 16 30 11 21 28 21 12 27 24 18 10 12 12 27 27 20 29 21 39 14 21 12 28 32 23 24 41 20 19 32 13 17 
35 4 20 16 28 6 24 32 36 34 27 20 29 22 11 31 23 29 17 19 25 19 27 29 17 19 19 19 28 20 24 39 18 20 29 17 21 41 14 25 
18 35 27 20 25 21 24 21 17 25 32 26 30 16 18 29 32 31 26 19 16 14 21 29 12 16 34 16 35 25 15 30 33 11 23 32 12 17 16 23 
30 39 20 15 16 23 25 23 21 28 25 12 23 26 16 23 10 23 17 16 29 11 25 22 12 27 34 16 25 18 30 37 46 23 48 10 24 21 11 32 
20 30 32 21 31 13 31 15 27 21 22 29 29 28 21 27 30 35 17 25 18 15 19 29 17 17 30 15 17 18 28 27 16 28 22 34 19 13 12 40 
26 38 12 22 28 21 27 18 37 28 31 16 25 21 7 32 28 18 15 16 19 20 25 23 28 29 16 14 33 26 30 34 18 20 19 23 17 28 17 19 
18 24 25 11 41 17 29 23 24 30 26 27 35 13 6 24 22 27 21 16 18 11 23 35 25 10 29 15 32 27 17 27 20 12 36 29 20 18 16 45 
20 16 20 19 33 13 30 17 29 28 13 13 32 21 20 17 27 35 16 13 17 20 18 33 26 26 31 15 27 25 28 37 25 21 38 24 34 33 12 28 
23 38 16 29 24 19 30 22 40 23 18 17 27 24 17 26 30 32 15 21 23 21 33 18 21 24 25 15 21 8 27 37 25 18 20 20 20 36 10 32 
32 9 13 12 17 9 25 22 33 32 16 26 33 18 15 14 27 18 11 17 25 21 29 18 23 22 25 18 23 21 27 30 33 3 19 33 19 8 20 36 
29 40 16 12 34 11 20 25 29 22 16 24 30 6 10 23 19 19 16 12 23 20 22 36 22 26 27 14 22 20 37 33 31 11 10 18 24 31 23 26 
23 25 23 17 23 17 26 12 43 18 27 23 29 20 10 21 41 40 27 15 13 15 28 14 20 24 30 20 48 7 23 28 35 29 33 22 21 33 11 29 
24 33 19 20 34 17 14 19 25 24 26 14 12 16 22 23 20 41 19 15 26 18 18 38 35 21 26 4 31 23 39 35 33 17 34 20 19 20 16 27 
32 48 26 16 11 14 29 21 33 24 26 19 23 14 14 30 35 24 6 21 31 26 25 24 20 25 19 21 22 24 24 27 16 21 23 29 30 20 17 33 
39 21 22 6 27 8 27 15 41 18 23 17 23 12 11 25 36 35 15 20 14 28 26 34 26 23 31 15 29 22 24 31 31 21 19 26 27 23 10 36 
22 39 10 26 17 20 29 24 25 36 21 17 22 22 26 25 24 14 18 19 27 16 23 17 10 19 38 6 24 29 28 17 39 19 20 25 30 33 20 36 
43 28 18 16 31 14 33 10 25 22 21 22 23 15 17 10 38 20 23 13 15 7 24 21 15 10 23 15 29 21 17 41 32 11 27 28 38 27 19 41 
23 37 15 24 36 14 29 12 16 22 21 6 29 15 19 18 33 22 19 17 26 18 26 34 17 25 25 9 26 20 16 22 18 13 24 9 13 27 19 32 

MachineCapacities:
MachineID Capacity
0 10
1 10
2 10
3 10
