NumTasks NumMachines NumScenarios
20 2 1000
TaskDetails:
TaskID ReleaseTime ResourceConsumption SuccessorsCount Successors...
0 0 5 2 2 2 3 
1 0 9 7 2 2 3 
2 0 7 5 1 4 
3 0 2 1 1 4 
4 0 3 5 0 
5 0 5 10 1 8 
6 0 2 7 1 7 
7 0 9 9 2 8 9 
8 0 2 2 2 10 14 
9 0 9 6 2 10 14 
10 0 2 8 2 11 12 
11 0 3 2 2 13 15 
12 0 6 7 3 15 16 17 
13 0 7 4 3 16 17 19 
14 0 3 10 3 16 17 19 
15 0 6 2 2 18 19 
16 0 9 3 1 18 
17 0 4 2 0 
18 0 6 2 0 
19 0 2 6 0 

27 21 21 25 18 23 19 33 16 26 7 23 16 29 17 21 23 27 14 24 31 36 16 19 15 30 20 26 28 27 11 9 17 23 13 35 27 18 24 28 
23 30 31 27 17 41 17 18 18 13 15 43 17 28 41 21 15 23 23 34 27 24 18 32 21 27 17 34 47 8 43 19 16 17 23 11 22 23 15 32 
22 16 25 22 13 21 14 27 19 31 12 36 23 30 20 18 12 10 22 27 25 26 18 21 23 33 13 30 35 14 22 13 17 25 11 23 35 17 24 18 
15 28 25 31 22 38 20 22 17 11 16 34 32 42 26 20 15 25 22 26 29 42 16 20 14 11 25 18 36 14 26 14 9 19 18 31 20 10 16 32 
39 28 43 29 15 12 20 10 17 23 16 25 31 28 29 16 20 22 15 33 32 20 13 30 18 23 19 37 35 14 27 7 29 32 13 30 22 19 16 30 
41 21 26 31 13 32 21 24 29 22 15 30 32 10 18 20 19 35 21 24 30 33 17 29 16 20 17 36 27 23 29 23 23 23 17 31 21 23 20 24 
36 23 27 37 12 20 22 23 12 24 20 33 22 30 18 12 18 29 16 30 24 36 17 34 28 31 23 22 37 11 33 18 22 12 5 23 25 16 19 17 
42 34 25 26 16 11 13 18 15 18 21 16 28 35 35 26 18 31 26 24 28 29 19 25 13 37 22 29 43 15 25 19 25 20 17 23 20 18 12 22 
31 20 14 29 17 39 29 37 10 15 13 17 20 24 20 23 23 21 26 20 36 16 11 9 20 26 15 39 21 23 24 17 32 22 20 24 29 12 13 31 
27 33 24 21 12 34 17 26 20 18 11 22 22 36 32 10 13 15 18 24 20 29 19 18 23 23 30 17 23 18 31 20 10 20 17 39 11 15 20 14 
33 25 27 16 18 22 19 30 13 16 11 30 26 33 15 23 16 24 32 34 28 25 11 28 29 25 17 28 34 18 27 30 16 22 13 23 30 22 17 39 
34 25 17 27 19 30 22 31 13 19 13 19 17 28 32 21 16 29 20 40 33 21 14 27 15 13 28 23 23 13 25 18 25 24 11 25 20 14 23 41 
37 18 48 31 18 21 18 20 8 19 14 21 30 33 29 6 23 28 22 36 15 20 19 29 21 27 22 26 26 20 21 17 25 20 22 27 22 14 24 20 
38 28 41 26 19 50 14 24 14 13 12 39 26 28 16 22 23 36 21 26 27 27 17 21 26 19 20 29 13 21 22 12 22 14 11 35 23 19 25 21 
36 31 31 25 9 32 17 36 22 26 9 28 29 40 22 13 22 24 23 30 28 24 14 15 10 6 23 38 7 6 9 12 11 27 25 22 21 17 17 28 
35 20 30 25 16 28 11 14 20 20 19 28 33 29 14 24 11 40 21 29 28 27 13 26 15 22 26 21 32 6 30 12 4 22 22 26 22 26 10 22 
26 31 12 40 16 24 18 32 7 30 16 23 23 30 38 15 14 26 13 27 31 18 13 19 10 33 24 39 35 18 24 13 13 27 14 29 20 11 26 24 
31 30 32 31 18 37 22 29 13 22 20 21 23 22 17 21 25 16 20 23 16 31 16 20 23 18 28 19 13 10 21 22 16 28 22 29 26 16 14 25 
37 26 47 18 20 31 29 24 24 27 14 23 21 24 30 16 12 28 21 26 24 19 8 25 13 40 22 33 27 17 21 16 19 15 24 42 18 21 23 17 
19 18 32 21 18 26 14 24 15 30 17 31 14 26 28 18 26 21 21 36 28 26 16 24 20 31 24 40 26 25 20 11 20 29 13 25 33 22 7 26 
34 29 43 33 14 43 19 20 19 28 25 35 19 23 19 23 19 31 31 36 24 24 19 26 16 30 25 31 21 17 35 25 30 22 14 46 25 20 14 33 
38 26 28 29 6 26 14 23 20 14 20 21 35 24 19 18 17 25 23 47 28 21 21 20 24 41 13 30 29 25 29 11 21 16 23 23 20 19 16 19 
27 29 21 14 26 32 15 16 17 21 13 38 30 20 35 21 20 26 23 36 33 35 17 19 18 18 20 14 27 12 29 23 17 25 23 30 25 21 21 17 
34 17 41 21 23 38 30 27 13 17 19 24 19 20 22 33 21 15 19 34 31 26 14 20 8 15 18 33 17 21 32 25 22 27 20 33 28 21 12 20 
20 38 11 24 13 34 16 20 19 25 11 13 37 27 21 15 20 20 18 30 35 30 20 29 12 36 20 23 29 16 24 19 27 20 17 21 27 23 7 11 
33 25 43 22 17 24 15 32 22 20 15 26 18 21 31 17 16 34 17 14 16 24 10 19 18 21 18 32 25 9 21 8 21 28 20 35 21 13 18 30 
34 27 41 31 21 40 13 17 20 18 18 31 26 29 17 19 19 31 20 26 25 31 16 19 12 22 21 31 28 13 19 19 16 17 21 45 24 23 22 18 
29 28 34 39 18 22 33 17 9 25 10 26 33 26 39 19 23 26 21 37 19 28 18 25 21 25 12 47 36 14 30 21 22 23 28 27 27 19 22 37 
27 33 24 42 10 44 13 20 19 24 22 23 25 27 26 20 26 30 25 22 26 37 18 27 17 24 24 36 18 9 28 18 27 28 14 47 24 15 9 28 
33 38 41 31 14 32 8 22 12 25 20 29 18 23 38 25 9 17 28 35 31 28 15 35 27 14 10 35 28 23 22 23 16 16 14 34 23 24 23 24 
20 23 10 36 7 33 11 22 9 27 18 30 37 25 23 21 18 16 13 22 22 38 19 18 23 34 19 32 12 24 24 26 24 20 23 40 21 20 21 33 
42 25 19 26 13 21 16 36 18 29 16 19 41 36 31 16 19 17 19 39 35 31 13 27 23 25 13 21 33 9 30 14 22 21 17 17 26 16 14 23 
50 34 25 27 27 33 20 36 15 23 11 39 24 18 19 28 16 19 14 37 37 21 19 32 20 30 25 44 47 27 21 21 32 18 20 34 14 19 18 30 
26 37 26 32 24 34 9 37 7 23 25 30 31 36 22 17 23 21 25 30 26 31 20 25 30 35 25 15 32 17 13 23 29 22 18 25 24 21 9 17 
25 27 43 26 17 31 15 28 19 21 20 19 28 21 40 9 16 27 26 24 25 26 20 25 19 39 22 41 21 11 23 10 22 13 12 25 20 24 23 15 
27 27 16 30 20 32 19 24 18 27 11 22 27 29 22 20 16 39 27 23 22 39 7 40 24 25 24 48 35 16 25 20 20 15 19 25 18 11 18 37 
25 31 24 23 11 25 16 30 17 14 15 31 34 31 32 13 16 22 16 29 24 27 17 18 24 15 32 23 31 12 29 15 21 21 21 33 17 22 17 25 
23 32 35 18 13 21 13 27 18 28 6 38 25 32 31 12 23 23 21 21 26 28 16 14 22 28 23 40 45 22 34 16 28 26 18 36 27 15 14 33 
25 25 33 21 17 21 21 22 7 19 10 48 34 22 35 19 17 25 27 11 29 29 13 17 11 22 19 38 31 18 26 11 27 18 17 25 29 19 11 26 
32 16 40 25 13 32 22 30 15 24 24 29 21 34 31 29 19 22 10 29 19 27 18 17 17 25 25 20 32 14 26 17 26 17 23 27 16 21 15 33 
32 15 38 19 8 25 14 34 12 28 21 33 25 31 31 19 16 31 20 35 29 23 22 20 28 23 19 20 28 15 31 17 20 25 8 32 18 13 12 29 
24 26 39 35 11 24 18 38 20 31 20 29 33 28 21 26 13 18 17 34 30 19 5 10 18 19 18 29 21 13 17 20 18 23 17 33 28 20 12 29 
37 29 41 20 18 27 20 32 14 18 20 29 28 27 25 27 16 18 18 29 37 26 23 22 13 31 26 36 20 16 16 20 16 19 14 18 10 14 11 42 
25 21 19 33 18 29 29 20 19 16 15 38 28 32 32 14 15 29 30 14 29 22 10 20 28 23 21 29 15 10 21 21 27 17 13 26 20 13 24 11 
30 26 30 25 27 29 24 27 17 24 15 28 22 18 20 22 19 34 23 14 30 34 15 18 17 31 15 34 32 19 26 14 17 21 22 39 26 23 21 20 
25 22 29 37 15 34 24 17 18 21 6 29 28 12 35 20 15 15 29 19 31 23 15 16 21 20 19 29 37 19 33 18 14 12 21 35 13 29 17 34 
6 26 23 37 17 27 17 44 18 20 18 18 9 38 23 20 19 20 28 28 22 25 20 29 26 12 19 23 18 15 25 20 19 26 14 30 16 16 20 33 
35 19 34 14 16 33 5 23 18 34 17 31 14 23 20 22 28 24 18 39 28 19 21 22 27 19 25 21 37 23 30 15 27 15 24 19 17 13 12 14 
17 29 32 27 12 36 27 27 19 26 13 18 22 20 9 23 17 24 22 45 32 28 20 24 26 23 21 44 33 20 17 17 16 19 23 21 29 13 8 25 
30 38 24 16 13 25 18 30 10 14 9 24 28 22 18 23 13 27 17 50 28 34 23 24 20 40 21 50 34 21 19 16 23 19 24 42 31 16 14 20 
22 22 35 27 9 20 16 25 20 6 11 30 20 25 25 20 16 23 9 18 14 40 12 12 26 27 26 28 42 16 31 16 5 20 15 29 27 19 26 33 
14 27 29 21 14 33 18 15 15 33 16 36 27 14 28 17 19 27 21 31 23 29 12 31 25 24 28 24 21 19 32 16 19 24 13 23 22 11 17 32 
30 18 33 33 18 37 20 23 17 30 12 17 29 30 31 20 13 29 23 20 22 36 19 26 16 21 25 38 25 13 29 7 19 22 20 10 26 15 14 21 
21 23 33 19 27 36 15 26 18 27 13 27 34 27 32 20 10 29 11 24 23 21 16 39 10 28 21 34 28 12 11 21 22 20 13 27 18 14 23 6 
35 29 38 29 11 26 16 17 19 14 12 33 30 29 15 20 17 12 30 28 21 34 22 28 24 33 27 33 39 23 30 23 24 14 11 24 16 22 21 25 
28 28 32 35 13 40 17 29 17 17 20 27 8 29 44 16 18 20 26 25 25 18 17 26 20 29 17 33 29 23 22 19 21 24 18 38 17 17 19 23 
27 35 17 37 22 36 13 26 15 20 11 36 17 35 24 22 16 33 17 19 29 3 9 31 23 20 21 25 29 18 13 20 25 26 16 32 28 16 32 11 
17 32 27 30 21 26 19 23 18 37 21 31 42 25 37 20 15 20 28 27 30 20 14 20 17 34 11 19 37 13 18 22 25 35 16 32 16 29 28 15 
33 19 35 22 17 27 24 15 12 23 15 20 30 27 25 19 17 14 28 39 31 9 20 24 15 24 32 22 34 20 25 13 16 18 16 29 23 14 15 28 
32 16 20 29 27 29 18 22 20 12 18 18 23 23 16 15 18 16 26 36 31 30 14 25 25 30 27 12 37 21 29 16 20 22 21 20 24 15 13 29 
13 27 36 30 19 26 12 32 17 26 11 25 31 20 8 12 19 28 25 28 52 17 6 18 14 36 20 13 21 13 21 25 19 12 22 27 16 19 20 26 
36 30 44 37 12 44 13 18 14 24 11 30 25 27 30 29 11 32 15 34 11 30 10 23 24 36 25 39 31 20 19 20 20 29 20 26 22 16 18 32 
32 30 25 17 15 30 27 20 16 23 11 32 17 18 31 12 22 19 25 22 34 19 22 25 19 32 25 26 19 17 23 19 27 29 6 31 18 17 15 12 
30 18 38 23 21 37 22 29 22 27 17 21 27 21 33 19 18 29 17 46 24 39 21 30 15 34 24 26 33 19 26 22 19 14 22 39 26 27 10 24 
39 28 28 27 10 24 20 23 16 27 17 37 19 23 19 25 19 28 29 31 32 12 14 10 21 30 21 27 26 14 23 21 15 27 13 21 9 30 11 25 
39 30 35 37 14 30 17 24 12 13 17 26 25 15 32 21 15 11 16 15 41 33 13 25 26 31 14 35 45 27 32 19 22 27 24 33 31 29 18 25 
37 30 27 18 14 30 19 40 6 35 20 33 30 19 28 24 22 27 19 37 18 26 16 24 17 28 23 21 39 18 16 18 26 22 13 23 18 23 11 31 
22 32 17 25 17 23 19 21 17 25 14 21 31 25 28 26 26 25 14 37 37 36 17 18 23 33 16 31 25 17 16 17 10 22 24 18 21 13 30 17 
29 25 39 32 12 27 20 21 9 36 13 19 33 38 32 19 18 22 18 37 16 38 18 22 16 28 35 19 30 18 21 17 14 26 21 37 17 10 14 23 
22 32 36 43 15 20 12 47 19 22 17 13 35 22 26 14 15 23 17 32 22 16 18 16 18 31 31 28 27 24 24 8 29 23 18 33 22 15 23 17 
22 26 28 31 19 37 21 29 18 24 15 14 39 13 31 9 13 22 24 20 41 36 17 27 25 16 16 31 29 16 30 28 18 13 16 26 21 11 21 20 
20 20 34 25 23 38 24 33 18 28 13 30 36 20 14 22 12 19 17 23 36 34 20 21 24 22 20 16 28 17 37 24 23 21 25 26 23 24 18 27 
36 21 39 16 18 24 16 15 13 22 19 15 26 15 17 16 12 27 20 25 22 15 12 34 18 30 18 25 37 18 32 15 20 27 14 26 25 22 18 29 
33 48 21 40 21 32 23 29 11 22 9 27 26 25 34 13 16 27 25 19 42 18 18 34 24 7 25 25 19 10 22 18 9 20 21 47 23 19 21 20 
35 44 27 20 15 18 9 19 13 17 19 25 29 26 30 13 19 33 35 25 34 20 16 29 23 29 15 30 15 11 13 25 19 27 15 15 28 16 16 26 
27 16 22 27 22 24 16 35 10 27 17 25 36 20 30 13 16 22 19 35 34 30 14 22 19 32 20 23 21 8 27 25 6 23 16 14 29 16 13 28 
30 18 23 33 15 42 23 27 13 30 16 27 30 24 26 26 26 33 24 28 22 20 12 21 22 25 29 25 14 21 18 12 28 22 11 27 27 21 18 23 
37 28 37 35 21 26 19 24 18 17 11 36 25 27 29 25 16 24 16 17 38 23 16 20 14 25 28 42 36 15 22 22 29 18 10 19 32 15 24 32 
30 21 25 27 18 38 17 31 12 36 15 26 18 23 20 24 20 22 19 38 23 40 15 22 17 29 28 27 36 17 35 19 19 23 21 48 22 15 16 24 
25 30 26 38 19 36 18 23 18 26 10 29 20 22 29 13 11 27 22 29 24 33 3 17 12 29 22 19 25 15 28 23 27 15 15 33 31 10 13 19 
20 37 36 13 23 29 14 31 17 24 18 38 32 16 31 13 21 22 18 16 1 36 18 23 21 24 27 26 35 14 27 16 15 11 19 26 29 20 12 27 
37 28 29 30 21 22 20 31 12 31 14 29 34 14 19 16 11 20 26 34 34 22 9 25 32 28 22 28 29 22 19 18 18 16 16 35 13 25 12 25 
40 25 16 36 17 26 15 23 15 20 14 33 22 29 23 14 17 30 27 27 23 26 16 26 25 32 19 10 22 9 21 19 22 35 16 29 20 18 8 28 
16 14 32 24 19 28 23 18 23 17 16 22 37 8 9 32 17 29 19 29 17 18 17 16 21 27 15 30 24 7 12 13 26 38 16 35 20 21 22 31 
10 27 10 30 20 25 31 30 17 18 19 38 19 14 13 15 20 25 23 24 19 31 13 26 35 28 22 35 15 26 16 23 14 21 12 29 22 26 14 32 
24 28 24 9 17 28 18 22 14 19 16 39 16 30 28 14 13 21 18 36 26 26 15 29 18 24 18 38 26 18 23 9 29 23 20 18 27 11 14 29 
26 28 21 18 14 22 25 26 14 22 16 28 23 34 27 18 17 29 21 24 20 14 13 29 26 30 19 18 18 15 11 19 21 18 18 32 29 19 26 26 
25 11 25 27 13 26 20 30 17 21 10 9 29 26 42 19 21 23 18 22 16 26 18 29 6 34 19 38 22 16 34 18 16 19 26 24 27 20 28 34 
36 21 34 38 17 31 18 28 17 27 18 37 28 32 22 22 20 24 30 22 15 39 14 19 8 26 24 11 30 12 26 11 16 27 16 39 14 15 17 28 
37 31 19 15 32 28 24 29 21 16 12 20 32 12 41 19 23 18 24 35 45 23 13 23 27 35 22 32 25 15 29 25 22 23 19 34 9 20 23 21 
26 30 34 21 20 22 19 30 16 25 15 29 27 24 33 16 10 28 16 28 25 23 18 22 23 29 15 32 35 14 15 20 23 22 28 20 14 15 14 25 
49 20 23 23 12 5 19 24 18 30 20 39 22 20 36 15 21 30 31 24 37 13 18 17 17 21 25 30 22 27 28 22 23 14 22 21 20 20 16 19 
33 32 35 15 19 29 18 21 15 24 18 30 24 30 23 27 15 21 18 11 25 27 18 21 19 25 20 28 27 28 23 24 17 20 14 27 22 17 17 27 
18 20 27 20 26 42 19 37 17 31 19 40 33 43 37 18 11 36 19 22 30 23 9 24 23 30 23 31 22 13 25 21 24 19 17 35 16 14 16 25 
30 32 36 16 24 23 22 20 12 24 15 22 26 20 26 16 18 31 20 28 16 12 20 25 22 24 15 18 38 11 30 26 19 18 16 32 22 15 17 30 
39 36 36 37 24 22 18 20 16 22 16 24 30 27 27 14 19 37 20 36 27 17 25 25 23 30 21 8 33 22 24 13 22 22 13 17 25 21 13 20 
26 31 39 46 19 42 17 20 16 13 13 19 14 46 44 20 15 32 7 39 35 21 17 22 20 17 16 21 19 25 33 16 22 19 29 25 21 29 17 16 
30 38 30 9 20 40 18 21 2 22 16 27 40 24 27 20 12 24 21 38 32 37 23 27 15 29 16 36 32 17 19 17 14 17 20 30 18 19 28 16 
25 33 23 16 18 18 14 30 17 27 9 25 33 30 35 23 23 19 28 41 32 30 15 37 22 32 7 22 17 18 18 25 22 21 19 24 29 11 22 18 
15 26 43 28 12 34 16 25 18 19 18 28 30 25 29 18 20 30 22 26 7 25 15 21 21 31 33 31 28 17 33 14 13 18 18 26 20 16 21 21 
35 30 39 34 23 18 12 25 11 20 18 35 50 19 33 17 11 27 15 23 31 35 14 24 24 32 22 20 18 11 17 21 15 38 16 29 9 23 12 23 
28 14 30 34 13 28 28 32 13 15 21 27 22 26 24 19 16 29 15 35 6 19 17 10 17 27 12 34 40 15 38 16 20 22 19 29 16 20 12 23 
32 34 25 28 19 33 11 26 26 17 18 28 13 29 23 25 10 32 23 48 24 24 11 21 16 17 41 33 30 25 19 19 25 9 28 32 25 14 27 20 
26 36 26 29 19 19 19 20 12 24 13 36 36 25 17 18 13 34 25 37 27 25 16 24 25 32 27 33 24 20 28 9 22 12 19 34 31 23 23 27 
46 27 23 12 18 39 20 28 19 27 15 31 31 20 20 16 24 13 11 25 26 17 14 15 15 24 19 18 47 13 22 28 17 16 19 14 22 23 34 22 
34 31 34 34 15 21 17 32 14 15 16 40 26 21 30 18 15 31 25 26 31 28 15 19 18 36 24 23 33 14 23 18 22 24 17 34 18 25 18 24 
22 27 37 26 16 31 20 23 17 12 12 44 8 24 35 16 24 26 18 17 23 22 22 25 21 33 29 31 32 15 33 19 11 17 27 31 31 19 26 21 
26 30 26 30 27 28 16 27 22 25 11 32 17 24 31 20 14 21 17 26 33 26 21 18 17 27 21 33 34 22 24 12 13 21 10 32 23 20 22 28 
26 18 16 21 20 28 16 21 17 22 15 23 28 27 23 21 20 25 25 23 24 31 15 28 27 28 22 23 32 19 9 15 16 13 17 34 29 17 16 19 
38 35 33 19 14 38 21 15 11 23 11 32 25 30 24 15 23 25 20 41 25 24 13 18 17 21 24 25 34 15 15 18 23 22 23 27 17 20 18 15 
30 24 37 22 11 28 11 22 10 19 11 38 11 36 41 17 17 14 17 22 33 18 15 22 23 30 16 34 16 17 24 16 18 19 17 36 23 21 16 8 
18 25 15 35 27 33 18 34 18 20 7 34 24 20 29 24 7 35 18 18 17 29 13 30 28 19 27 25 28 18 29 17 18 12 24 34 16 20 26 11 
38 32 29 22 29 37 20 35 15 21 18 33 28 34 34 15 17 26 17 27 45 33 6 15 28 23 34 25 23 24 28 12 18 19 18 29 24 20 27 16 
23 33 19 30 23 30 13 33 12 31 15 23 25 15 30 23 14 22 20 19 52 23 12 23 18 29 25 29 16 21 28 20 14 17 15 30 23 16 23 12 
28 28 37 14 16 49 22 31 15 22 21 25 18 22 32 11 17 20 8 26 42 43 24 13 16 27 22 22 25 6 30 19 18 26 18 28 14 23 13 30 
25 35 24 40 21 31 20 32 17 25 15 31 25 25 31 11 13 14 22 23 34 23 10 25 12 39 22 16 35 11 26 10 28 25 6 24 20 19 17 28 
21 31 32 29 21 19 14 21 15 17 13 32 28 26 38 18 22 19 21 29 22 15 11 18 18 32 35 37 31 16 21 13 22 22 19 26 25 26 17 29 
31 23 37 39 11 35 16 14 10 16 14 30 15 20 25 20 14 27 18 36 25 15 9 22 33 28 21 17 31 11 39 19 18 23 19 31 17 27 16 32 
38 33 29 39 20 16 22 28 14 11 12 30 32 30 25 20 14 23 19 33 12 34 9 19 10 35 16 36 21 23 24 16 19 16 17 22 19 15 26 23 
30 19 32 29 23 29 14 35 12 34 9 35 17 32 43 14 17 26 26 21 38 26 15 20 9 38 22 42 35 16 31 25 26 26 24 24 27 14 21 26 
39 29 40 36 21 25 17 17 16 17 13 29 34 17 24 18 19 19 26 40 28 21 11 23 9 36 12 33 31 18 25 17 23 33 17 30 11 22 14 20 
38 28 31 28 13 30 22 31 21 14 12 36 28 29 16 19 11 19 25 24 36 21 14 14 26 31 20 35 28 8 17 19 19 19 14 33 23 17 13 23 
32 20 27 36 25 19 22 28 13 22 16 19 42 19 33 13 10 20 13 27 24 26 14 18 18 21 22 27 27 21 21 18 24 27 21 32 23 18 16 35 
16 35 22 21 11 18 23 16 17 23 11 34 35 23 18 19 18 16 15 23 28 31 15 14 16 23 34 22 17 17 32 26 25 13 22 27 23 15 20 10 
28 26 34 20 21 25 20 34 14 20 16 34 32 35 37 26 19 21 27 34 28 18 17 26 31 29 18 42 31 25 29 26 22 16 27 29 28 23 19 15 
20 28 32 7 19 37 18 27 15 24 13 34 22 29 30 18 15 32 13 26 28 27 21 17 20 23 24 35 23 7 17 24 3 12 19 37 20 18 26 29 
36 27 29 35 20 26 22 16 16 9 14 32 30 25 29 7 17 24 21 19 33 29 17 36 19 31 40 41 45 24 25 23 29 25 15 24 17 17 23 25 
34 27 32 20 27 26 20 20 15 26 6 28 36 25 29 22 20 18 25 28 31 49 14 24 20 38 18 25 26 24 16 21 29 16 17 30 12 25 17 23 
32 25 31 14 19 32 14 42 15 23 19 26 27 31 23 26 19 32 23 31 42 18 12 20 20 27 37 17 35 18 26 13 32 26 11 20 22 23 15 22 
10 31 23 15 10 30 29 24 18 21 18 8 28 34 32 18 16 10 21 23 33 32 13 26 17 22 27 40 25 12 26 15 16 15 16 22 25 14 15 19 
26 38 11 22 25 32 15 37 19 15 12 27 31 32 36 16 18 24 21 28 26 41 15 16 25 23 24 21 29 23 32 22 15 26 18 34 25 14 19 16 
33 26 26 15 14 20 20 18 12 21 19 22 30 27 27 14 17 22 27 32 38 19 21 24 24 29 12 21 21 17 28 18 13 21 18 31 26 19 21 27 
28 25 16 34 13 37 16 24 14 24 9 16 17 26 30 21 15 19 16 23 35 29 7 12 15 36 20 33 32 20 12 24 22 20 14 25 27 23 18 15 
36 19 25 23 17 22 15 24 13 29 10 42 37 23 13 23 27 26 25 26 21 24 10 15 20 16 37 47 45 15 18 17 22 18 9 22 26 28 15 28 
33 27 33 29 20 36 17 20 15 17 9 15 30 28 41 10 23 38 14 26 32 35 19 35 25 21 12 31 25 22 26 17 20 25 15 25 18 17 16 38 
29 31 18 34 22 37 14 22 12 13 22 32 24 27 30 16 22 38 18 26 15 27 16 28 21 28 23 11 20 22 23 18 28 18 20 26 29 22 15 13 
36 37 25 19 29 31 21 16 15 24 18 33 27 29 22 21 20 34 21 31 34 32 18 21 24 30 26 27 21 10 24 13 25 27 23 33 27 23 10 19 
30 24 32 30 18 23 25 19 19 11 20 36 26 34 32 18 22 29 8 41 27 19 14 31 21 18 15 36 24 18 17 16 20 22 19 27 23 20 16 28 
37 18 21 22 18 31 24 28 17 22 14 47 18 28 20 18 26 21 21 43 14 24 18 23 11 30 25 43 26 17 30 13 25 15 20 37 18 22 5 23 
30 28 34 27 12 26 25 23 18 21 19 23 34 27 37 13 17 27 26 24 35 24 15 15 15 26 21 41 22 13 18 27 28 36 15 23 22 19 18 28 
27 27 42 29 19 25 14 31 9 19 12 29 12 29 14 20 16 22 19 39 31 15 18 23 35 36 21 15 35 20 22 13 25 16 16 29 11 18 35 10 
37 31 29 21 29 19 11 26 6 11 14 34 28 22 43 22 12 25 17 22 35 21 18 21 18 33 16 13 31 19 29 11 26 10 23 31 26 23 20 8 
41 18 27 21 8 27 18 23 26 9 18 24 34 32 7 19 9 33 23 22 21 23 15 25 18 24 30 32 23 12 26 21 23 27 22 16 25 27 15 25 
27 23 23 19 16 25 20 18 13 22 14 29 23 21 26 13 5 19 25 25 19 23 18 32 16 27 18 34 24 25 41 18 17 24 20 39 20 13 21 21 
35 19 40 25 14 21 22 18 11 21 12 38 30 33 24 5 9 26 28 19 32 20 11 22 21 28 16 25 35 19 36 24 29 24 22 27 26 21 18 19 
25 28 24 29 21 20 21 27 20 18 23 40 31 18 23 26 24 32 26 29 31 24 16 6 26 36 16 23 23 14 19 15 19 22 12 12 19 18 14 12 
25 26 27 23 25 27 24 28 19 25 13 34 24 19 28 19 14 33 16 19 5 27 15 24 14 26 27 24 30 17 21 28 21 18 23 22 20 24 14 18 
32 27 35 34 19 31 12 27 15 27 8 25 24 26 41 18 21 28 21 26 18 34 10 23 19 25 21 47 22 14 23 33 19 24 17 20 23 24 18 26 
39 27 26 13 19 36 11 34 12 28 14 30 19 25 30 15 9 10 20 18 10 30 13 20 30 26 25 35 14 16 23 20 27 20 22 26 32 24 17 19 
29 23 28 16 16 39 15 24 16 19 14 30 24 23 32 13 17 21 20 52 14 30 15 18 15 35 21 43 31 9 22 18 22 25 9 17 11 17 22 26 
40 33 20 40 3 30 17 18 12 26 11 36 33 22 31 12 16 31 21 37 19 15 22 26 16 28 24 17 26 23 23 20 18 24 15 14 12 19 8 39 
30 34 38 21 24 23 23 24 16 28 11 28 30 29 32 19 17 8 26 13 29 22 9 17 30 19 32 28 20 12 35 19 13 22 7 29 27 17 11 31 
38 42 26 26 18 26 8 22 20 17 11 34 33 19 34 18 17 26 24 38 17 17 17 8 26 29 30 34 34 18 20 20 10 21 20 37 19 22 23 12 
34 22 26 32 17 30 27 32 8 21 15 24 20 24 29 18 20 12 22 33 35 24 17 27 31 33 24 43 15 15 34 20 33 18 26 25 19 16 27 14 
34 40 31 28 18 33 21 18 19 20 15 28 20 17 33 21 16 29 25 24 19 30 13 20 13 13 26 36 18 22 29 17 21 25 21 36 20 13 17 34 
42 14 22 23 17 22 23 14 13 18 24 21 34 20 32 22 13 25 23 28 27 24 26 18 16 17 17 42 19 14 28 7 21 28 18 28 20 12 15 26 
21 23 21 37 4 22 20 14 15 13 17 28 41 18 27 24 16 10 31 25 29 29 13 23 20 30 19 38 27 12 24 8 32 17 18 21 26 25 16 24 
25 36 35 26 22 15 18 28 22 19 15 27 34 33 14 12 16 27 36 23 18 26 14 38 19 29 27 29 25 11 35 13 26 27 32 27 20 19 20 23 
22 28 29 19 21 15 13 24 16 20 13 26 34 30 16 16 8 37 22 22 24 20 11 23 18 30 20 28 33 15 21 10 15 19 22 20 20 17 18 24 
33 29 37 29 21 13 23 24 15 22 18 25 31 23 28 28 15 24 22 30 23 7 14 24 32 35 24 30 29 19 11 17 28 20 19 29 13 26 13 21 
39 31 32 13 13 14 16 16 13 16 17 20 21 24 29 16 22 31 19 30 26 30 16 19 14 23 23 25 32 16 20 19 20 17 14 30 20 17 19 36 
27 33 22 29 9 16 26 29 15 11 24 18 16 22 25 18 17 26 34 14 20 16 16 19 28 16 22 30 33 25 14 6 22 17 20 26 23 12 10 20 
26 17 29 26 22 37 31 15 11 28 12 32 16 24 26 26 20 26 12 35 32 20 10 38 19 23 17 32 34 16 37 23 28 13 28 38 23 27 12 30 
40 29 49 31 15 17 24 10 10 25 16 39 24 24 32 14 31 10 25 23 14 28 7 34 16 33 24 30 32 16 24 15 21 22 24 35 19 17 22 25 
37 24 38 28 20 37 21 18 12 30 21 34 22 36 11 12 20 25 13 33 31 27 12 15 24 33 22 35 18 16 12 6 18 24 12 47 23 22 16 12 
28 30 6 30 27 36 23 29 17 17 12 28 26 18 29 23 12 25 13 25 13 13 11 25 16 36 21 38 36 23 18 19 18 20 13 11 21 11 18 24 
34 19 13 14 14 23 22 29 16 34 19 25 40 25 21 23 24 25 26 21 40 24 16 18 12 15 24 28 32 4 26 18 12 22 15 48 27 14 20 19 
29 32 27 34 15 30 15 25 14 20 17 31 7 30 28 25 12 27 22 23 26 22 18 30 19 21 16 39 31 16 34 17 20 23 21 25 33 25 27 37 
28 10 12 26 16 32 22 31 12 32 19 15 25 28 27 17 15 33 19 27 20 35 18 12 17 24 21 33 17 16 11 19 21 28 14 36 31 14 21 27 
25 28 35 43 21 20 23 25 14 22 15 31 34 27 20 22 23 25 18 22 11 36 13 18 15 41 39 36 37 21 32 20 25 35 18 36 29 21 25 12 
43 31 24 19 28 11 21 19 8 22 16 27 25 29 26 19 14 30 13 43 29 12 5 31 27 22 19 19 28 22 23 17 23 14 15 20 18 25 15 15 
45 21 40 20 16 39 12 23 16 29 15 30 29 16 24 18 17 19 17 48 32 25 16 14 24 21 17 21 24 4 26 15 21 24 5 35 23 14 22 16 
41 33 32 23 15 36 12 21 20 19 17 36 35 21 38 22 15 19 18 44 33 24 21 18 12 27 18 34 21 16 33 9 21 17 13 30 29 17 28 26 
44 26 15 36 11 20 27 29 13 24 17 31 35 30 35 16 18 25 2 22 34 11 16 31 17 27 31 21 23 18 31 23 12 11 18 23 9 23 7 31 
41 23 13 24 15 34 20 28 22 18 18 20 17 26 28 20 21 30 30 33 24 34 20 20 25 29 17 29 31 19 30 19 22 30 15 34 12 19 17 15 
36 5 13 20 12 31 17 33 17 24 13 35 16 25 34 19 18 18 27 33 34 21 5 23 9 21 26 28 7 24 25 17 13 24 24 33 13 18 18 17 
31 28 28 10 11 32 20 28 17 21 16 21 27 29 20 25 10 27 25 26 38 28 8 21 23 37 18 13 13 18 44 13 14 24 23 37 15 24 17 29 
26 36 32 23 24 30 14 19 16 14 26 25 19 25 28 29 17 12 22 22 31 35 16 24 23 22 25 27 24 13 28 17 19 14 18 34 24 20 22 23 
16 29 34 36 14 23 18 19 17 20 19 13 39 21 29 18 9 32 25 8 23 14 16 13 16 20 25 45 26 11 28 16 33 31 22 18 32 18 15 22 
39 31 25 14 15 34 17 31 9 28 17 38 21 32 29 29 27 16 13 20 12 26 18 13 16 29 32 28 31 15 28 17 8 15 18 31 23 20 17 19 
41 12 7 22 12 17 16 41 17 19 8 21 22 24 26 17 21 33 20 19 41 24 11 28 16 20 25 37 26 15 10 19 28 18 23 34 25 21 19 32 
17 22 32 35 16 27 24 20 19 20 14 30 31 26 36 23 15 30 26 33 15 28 15 18 12 16 21 30 27 17 17 18 31 16 22 27 13 22 16 18 
21 20 25 28 19 35 16 19 17 19 9 37 34 32 31 17 25 24 22 22 32 13 11 30 30 26 9 30 29 23 21 15 24 27 15 19 27 16 22 33 
8 35 27 40 11 27 27 25 19 12 11 27 16 28 34 24 13 39 21 37 27 33 25 25 14 30 16 27 35 28 35 20 27 22 12 27 21 17 12 23 
39 24 25 38 16 22 15 24 17 25 10 35 25 23 31 14 24 20 15 25 17 30 14 18 21 34 20 45 40 11 15 11 22 23 22 21 24 14 19 31 
38 42 23 35 19 35 24 30 17 22 7 27 20 21 9 24 19 16 23 32 21 8 21 19 21 23 21 30 14 14 27 16 30 21 20 24 29 24 16 30 
31 21 36 20 15 42 10 37 14 12 14 17 18 43 40 28 25 35 23 31 30 35 12 22 14 28 25 21 20 10 26 23 26 12 28 19 29 24 18 27 
22 19 34 22 22 21 15 23 5 27 13 27 27 28 25 26 18 37 15 27 44 20 10 23 23 31 21 24 33 18 42 3 19 8 20 38 19 14 14 26 
17 28 50 35 5 30 18 41 10 14 9 28 30 34 35 23 17 12 18 24 11 20 15 31 24 26 24 34 28 11 19 18 19 24 19 21 12 29 9 22 
38 36 33 26 20 35 25 30 16 24 10 24 29 24 21 15 20 28 14 22 32 24 15 22 24 31 22 26 25 12 22 16 20 21 21 16 15 9 15 22 
20 45 22 17 9 38 18 29 14 17 18 20 31 26 18 17 11 27 17 23 37 22 10 29 21 34 28 40 17 21 18 22 11 5 14 46 26 15 14 12 
33 17 42 37 26 13 23 23 10 30 21 38 33 20 26 17 17 25 23 34 31 29 14 18 20 29 22 30 19 22 30 11 24 29 17 31 25 17 17 12 
13 32 27 34 18 35 11 19 14 17 17 47 22 27 19 28 22 23 28 27 22 12 13 19 22 27 27 29 41 14 17 18 23 25 15 39 24 24 15 18 
35 33 50 40 26 31 26 25 18 16 12 23 34 27 35 23 5 26 24 33 22 32 12 27 14 40 25 35 32 17 29 15 20 19 19 29 23 21 11 3 
43 27 30 28 22 31 14 17 9 17 17 34 27 25 28 15 21 19 22 42 27 39 12 14 16 37 29 23 24 11 30 24 25 22 26 24 21 16 15 15 
36 33 17 30 26 23 20 28 22 31 15 31 18 31 34 28 9 34 14 38 29 19 18 24 13 10 10 23 22 19 26 22 14 32 23 29 20 21 19 28 
26 27 39 26 21 24 12 28 20 24 16 29 15 21 21 22 19 36 18 24 15 27 17 29 13 28 22 28 29 19 29 17 21 20 18 28 11 22 20 29 
27 22 23 25 10 31 21 30 23 26 15 34 38 23 32 18 17 30 19 18 29 20 16 16 19 22 24 37 23 18 32 23 18 28 29 19 14 13 15 23 
28 35 25 26 30 35 16 24 17 15 10 33 15 34 31 18 24 30 20 35 41 20 22 23 15 25 17 35 21 17 36 26 21 24 16 35 26 12 15 29 
33 34 32 34 14 30 18 29 22 24 21 36 31 33 29 20 17 17 21 25 31 24 16 17 16 17 19 34 36 25 23 19 29 31 18 18 15 23 16 29 
34 27 27 22 19 30 22 37 19 25 19 46 35 19 31 17 15 36 26 25 40 33 12 19 17 29 17 35 27 25 21 14 24 30 23 26 21 21 5 17 
30 43 14 12 12 20 22 30 13 18 17 41 23 28 38 17 15 25 20 25 45 25 14 25 17 36 26 31 23 19 37 18 16 25 22 19 22 27 19 22 
18 25 20 28 14 31 25 26 14 26 13 34 44 29 20 28 21 27 22 15 40 14 19 32 18 22 9 32 27 22 32 17 14 37 17 17 7 9 28 23 
40 27 35 18 18 25 18 33 13 23 14 31 13 32 38 24 12 33 14 34 33 21 17 27 29 19 24 37 27 15 14 13 23 23 23 15 27 12 19 22 
21 33 26 35 20 43 22 23 11 25 19 20 33 27 27 19 8 14 21 28 38 39 16 24 29 27 26 35 14 7 32 17 18 20 12 12 28 20 20 30 
49 21 17 26 23 24 18 39 13 28 21 23 34 39 19 13 13 26 19 29 42 25 20 23 18 30 25 13 30 22 18 18 18 5 17 34 21 23 13 39 
37 23 23 46 15 32 27 28 18 19 11 19 24 33 35 20 13 24 19 12 37 21 16 20 22 19 14 14 26 6 22 21 20 19 10 37 22 21 19 27 
24 17 19 25 21 34 24 33 8 19 17 27 28 19 24 29 22 28 16 23 18 27 14 24 17 34 17 24 23 18 41 19 34 24 19 30 24 22 10 24 
23 30 29 30 22 12 26 28 13 34 14 34 27 29 32 23 11 25 19 28 13 29 13 21 13 14 21 30 27 12 38 13 24 28 10 26 27 18 18 16 
48 27 33 28 21 34 24 18 13 20 23 36 16 25 15 20 14 36 25 36 27 24 9 16 20 16 20 35 23 14 29 15 17 17 18 33 13 16 11 27 
31 17 26 19 9 35 28 19 24 14 15 24 25 16 25 21 24 19 24 22 43 21 26 23 26 23 21 41 37 18 29 17 14 30 19 43 17 29 17 19 
26 33 36 21 21 21 20 18 14 18 17 6 29 33 38 20 17 26 24 25 32 13 14 19 12 26 20 19 14 22 24 18 13 24 10 38 26 13 2 20 
30 26 22 35 16 31 22 21 16 28 20 9 28 27 23 19 6 18 21 36 20 31 12 23 16 22 23 1 30 9 33 24 18 14 7 15 21 27 16 32 
40 17 22 33 13 18 14 35 16 25 12 16 22 30 7 18 18 24 25 26 24 26 20 24 15 34 18 35 44 21 40 16 21 26 15 22 16 19 21 25 
32 30 30 33 15 28 26 27 12 20 21 22 27 34 15 23 15 14 19 31 38 28 19 16 35 25 20 33 22 18 24 16 27 21 25 21 17 19 20 28 
11 30 29 21 23 30 13 30 17 25 22 21 38 29 19 15 14 28 30 29 28 35 11 16 28 32 30 41 33 21 22 12 14 15 22 32 18 24 18 33 
26 37 8 28 21 24 18 23 17 27 13 15 28 16 25 20 20 25 13 38 20 31 12 25 23 33 25 34 26 27 21 16 25 14 22 32 28 18 20 28 
34 34 37 38 17 39 29 34 10 30 12 20 40 7 39 15 15 34 17 17 38 30 14 38 23 22 25 25 36 15 24 10 26 27 25 22 12 19 20 38 
30 26 33 26 13 23 26 28 19 30 13 26 32 32 29 18 20 23 20 21 20 25 13 23 19 11 20 23 33 23 18 20 23 29 15 22 22 31 9 22 
11 25 35 30 22 23 25 24 16 14 8 25 40 21 32 22 21 24 24 23 20 15 15 14 19 41 23 31 25 12 20 22 19 25 24 26 23 20 24 20 
29 32 23 17 11 37 23 21 12 14 10 30 30 21 42 28 19 20 14 27 32 29 13 19 13 25 23 38 30 12 18 21 21 26 10 14 12 18 17 22 
31 12 25 36 23 30 28 14 20 27 12 19 17 28 22 11 16 18 25 38 31 30 19 16 17 36 26 20 22 18 26 18 22 26 21 29 29 15 19 17 
28 34 40 36 13 41 21 20 14 24 11 26 27 12 24 25 14 30 30 25 18 24 11 20 12 21 30 17 19 8 19 20 26 16 15 29 9 17 25 22 
34 29 35 27 22 26 13 21 17 20 14 25 30 29 32 21 13 23 26 24 31 27 14 16 17 23 25 34 27 18 20 20 28 16 25 19 21 24 12 17 
20 28 38 29 19 43 21 29 13 16 18 39 30 11 31 20 22 29 17 28 34 23 14 23 19 24 27 31 9 20 38 14 29 13 29 40 17 13 24 10 
47 35 45 26 12 29 14 11 17 22 10 39 21 24 29 24 22 20 23 30 26 32 14 28 24 21 28 36 22 11 20 21 13 22 27 26 26 22 16 20 
23 13 21 24 21 33 18 32 14 12 11 46 28 27 33 12 2 15 21 28 44 27 11 37 16 15 14 25 31 8 21 11 31 13 6 24 17 11 27 25 
32 20 24 6 27 44 28 19 15 17 19 36 23 33 43 21 17 10 22 31 29 31 14 24 16 33 22 11 15 20 15 18 31 21 18 13 21 20 9 32 
29 22 16 22 20 31 25 19 23 23 13 40 15 33 24 24 24 28 22 36 21 20 16 28 24 30 4 41 38 18 21 19 12 21 19 33 16 28 20 33 
30 17 34 26 23 31 26 27 14 16 9 20 32 24 28 23 17 26 12 17 28 10 19 24 20 19 17 17 27 8 25 17 14 28 3 20 16 24 19 24 
27 24 26 30 21 33 28 22 17 25 15 31 20 12 20 21 18 31 25 24 16 33 12 23 7 19 10 18 20 20 24 15 27 30 23 33 21 15 25 27 
40 26 30 23 25 28 22 28 7 22 15 30 24 23 21 12 13 21 25 25 25 37 19 24 15 21 25 31 25 21 16 16 16 15 13 14 26 18 26 22 
16 24 16 25 24 23 12 13 16 22 14 33 41 27 23 19 21 19 16 27 25 35 15 22 29 18 26 36 33 23 28 17 25 18 20 14 34 22 21 16 
27 18 32 20 16 25 19 28 19 26 12 18 20 17 34 18 15 30 28 20 18 17 29 19 16 21 13 20 26 20 28 14 17 21 18 28 30 11 17 21 
29 44 34 32 14 20 14 25 16 22 14 14 14 30 23 17 26 31 18 42 22 33 13 28 18 15 17 37 36 15 28 18 28 21 22 20 26 16 29 14 
21 33 16 31 22 42 24 9 21 18 16 38 35 34 23 17 20 17 11 34 25 13 14 26 17 31 30 32 21 7 31 16 19 20 24 27 26 15 21 38 
27 20 32 20 13 31 20 14 18 22 14 30 30 31 29 20 13 31 22 46 12 42 10 24 30 28 28 32 32 15 15 18 24 19 23 29 15 21 14 33 
33 15 39 21 18 30 27 30 13 14 13 24 27 31 23 15 19 16 12 28 24 29 10 19 23 22 21 26 27 11 34 21 20 20 26 14 25 16 16 23 
28 21 27 25 19 26 17 24 12 19 22 27 39 19 48 18 13 27 27 23 16 23 22 18 19 20 22 33 16 16 23 14 15 28 30 22 21 21 16 19 
34 27 22 27 17 27 17 37 12 24 12 22 23 22 27 21 19 20 19 33 14 26 15 26 17 23 30 45 28 19 23 27 35 19 19 30 21 21 29 15 
29 17 48 37 20 28 21 35 23 23 15 39 41 23 18 26 11 21 21 34 42 23 13 31 19 27 25 34 23 16 30 22 29 21 20 38 22 19 22 24 
31 29 28 14 27 47 18 26 17 17 17 21 30 30 15 13 12 16 14 29 36 10 12 19 16 23 33 30 42 15 13 13 14 24 33 36 14 15 10 36 
13 31 45 21 17 19 21 24 14 25 18 28 18 27 19 26 19 30 27 15 27 27 18 25 18 29 16 31 11 6 30 20 16 13 12 24 9 18 16 24 
37 21 29 19 17 30 26 18 19 19 21 32 36 34 43 18 16 13 20 26 33 15 17 38 24 17 26 34 19 15 26 14 13 7 12 33 37 10 21 34 
27 26 24 38 19 40 7 30 17 27 12 31 23 30 33 22 21 14 21 22 28 32 16 19 3 36 30 33 23 21 25 25 15 17 20 23 20 20 19 11 
31 33 27 25 19 25 20 26 24 18 21 37 29 26 31 25 13 24 18 33 35 21 15 27 24 13 25 25 28 9 6 13 9 15 29 27 21 29 12 20 
31 32 24 21 18 27 11 10 18 21 16 24 39 39 30 16 17 16 24 29 38 30 7 27 20 21 15 22 37 12 23 25 15 9 28 27 26 16 20 22 
32 29 15 23 25 17 11 24 15 16 14 27 33 37 21 17 23 26 28 20 23 27 14 18 18 28 22 28 32 14 17 14 18 12 15 30 25 20 16 22 
34 22 24 28 26 25 24 22 13 22 16 21 30 37 22 27 18 25 16 31 17 27 14 17 5 28 20 33 28 13 36 18 19 26 24 27 20 21 10 15 
39 38 41 34 13 17 19 31 14 28 14 31 19 31 33 14 11 31 14 28 21 24 17 33 22 32 14 38 28 14 22 18 23 19 21 21 23 20 15 22 
18 22 29 40 12 20 13 29 14 20 17 30 30 13 36 19 15 21 30 34 29 15 9 20 11 31 24 43 35 19 35 11 17 13 21 22 24 8 19 19 
22 16 33 27 16 22 26 6 19 27 21 35 17 27 39 20 17 23 8 41 24 27 11 21 24 32 18 37 29 16 33 10 23 30 30 20 31 17 11 32 
48 25 20 28 16 47 25 23 18 25 11 35 20 32 21 20 17 21 22 32 16 14 13 15 24 34 17 34 32 15 35 8 17 13 18 36 31 28 7 16 
18 20 20 31 14 23 18 29 18 31 17 13 30 38 27 20 13 23 29 34 34 32 16 22 23 21 20 37 35 12 25 20 10 32 21 26 16 26 20 31 
36 30 26 9 20 16 23 36 21 14 10 45 26 44 17 6 24 17 10 35 11 29 20 28 22 32 30 29 31 15 26 16 8 15 17 26 26 15 22 18 
21 37 28 26 8 28 25 30 20 27 19 29 18 35 39 18 26 20 18 52 34 17 18 40 15 27 14 36 19 20 23 21 8 17 25 32 30 22 17 21 
10 14 29 26 17 27 29 21 14 24 13 23 37 31 18 23 13 26 15 23 3 16 7 26 26 27 22 32 24 26 31 24 19 12 18 26 17 17 12 16 
28 29 32 33 13 42 18 28 19 17 17 23 36 43 28 16 18 28 21 23 30 29 14 26 6 25 20 37 10 17 22 13 13 18 13 36 22 29 13 28 
34 30 32 32 20 8 20 30 14 18 14 24 29 28 39 21 20 25 16 36 20 24 11 14 16 28 16 38 33 14 16 13 18 25 14 29 19 20 17 26 
32 22 24 21 21 23 18 19 15 29 18 30 32 26 29 18 14 20 25 40 19 37 18 19 29 18 18 28 36 22 15 18 26 28 19 27 11 20 15 10 
45 17 31 28 13 19 11 19 10 30 13 28 34 25 34 20 18 33 34 47 13 26 13 20 28 23 25 34 26 18 21 9 36 20 13 33 17 16 23 29 
19 31 26 34 19 20 21 16 15 32 15 16 41 25 28 18 16 20 24 24 22 24 21 26 28 22 10 18 31 14 17 15 15 28 16 30 12 19 12 22 
26 25 33 30 9 29 21 27 17 42 11 32 34 14 29 18 15 19 21 28 29 31 17 30 20 25 19 24 35 18 24 12 15 23 11 16 28 24 10 24 
24 18 45 32 16 29 25 31 13 23 22 27 24 22 26 32 16 30 8 8 33 23 12 24 23 16 22 23 23 21 25 10 29 13 31 24 25 26 11 29 
31 32 36 26 21 44 12 25 20 27 10 36 31 18 22 15 13 30 23 32 35 14 22 20 18 11 31 49 26 14 9 17 16 24 30 14 20 28 23 27 
32 28 31 28 17 48 21 20 15 24 19 26 27 27 18 22 8 18 20 23 21 31 10 25 13 23 24 27 22 6 29 17 23 16 11 15 25 21 22 23 
15 30 38 41 12 27 21 21 12 20 15 28 28 20 26 14 19 21 29 28 26 22 20 30 27 24 20 42 24 21 23 18 16 23 18 26 35 15 22 31 
38 24 42 26 22 39 30 26 19 20 13 36 22 17 20 10 23 22 29 31 15 25 13 31 13 30 13 30 31 12 24 22 19 6 26 20 18 14 15 24 
38 24 28 25 21 23 14 11 13 23 18 28 27 42 25 20 16 24 19 32 40 24 13 19 10 24 24 36 34 24 30 15 30 24 17 21 34 21 13 30 
31 46 33 16 14 33 15 16 18 17 14 21 33 39 29 25 24 12 22 41 24 12 17 19 12 35 24 21 42 10 35 25 20 15 14 26 22 26 11 15 
30 26 19 49 17 33 23 24 28 21 7 26 24 36 38 16 25 39 20 36 31 31 15 13 22 27 14 18 20 11 18 18 24 10 18 28 29 20 14 23 
30 21 26 13 17 29 18 15 18 25 15 26 45 11 27 13 15 24 20 26 21 9 14 15 29 21 29 35 22 5 30 21 24 16 25 23 36 22 7 42 
19 30 28 43 19 12 29 16 18 23 8 15 12 25 46 16 15 8 21 24 36 20 11 26 17 36 17 36 44 16 27 25 25 28 23 25 19 18 8 19 
20 31 16 37 17 22 17 33 12 25 10 43 36 13 26 18 19 37 25 33 25 23 9 30 21 7 24 27 22 24 20 21 19 20 20 25 11 22 14 16 
19 19 31 28 6 19 25 10 16 27 12 39 21 28 48 23 20 14 20 32 29 34 7 22 21 34 12 27 27 20 12 16 16 10 21 11 15 18 21 20 
22 25 28 42 18 22 10 23 12 17 14 19 30 23 26 12 18 25 15 41 42 30 23 17 21 30 21 32 27 13 7 26 23 24 18 26 28 16 22 20 
25 27 25 24 19 41 16 27 18 27 16 10 34 28 29 27 25 20 9 40 32 32 12 41 21 30 32 36 36 14 34 23 17 16 26 27 20 15 25 36 
23 33 29 28 9 19 18 32 19 31 22 41 29 23 15 26 12 27 11 18 39 33 14 20 28 17 27 26 29 13 24 28 18 19 18 28 22 15 13 22 
42 15 18 32 20 30 23 21 21 26 14 27 41 16 26 24 20 24 13 31 37 20 16 33 18 40 29 25 31 28 26 16 21 19 25 19 32 19 21 11 
34 23 19 18 22 34 20 29 19 38 14 29 27 26 26 23 23 27 18 24 26 36 15 27 27 32 20 32 22 13 29 13 19 27 22 38 23 19 21 25 
28 24 19 29 17 25 21 26 19 25 21 25 30 22 28 26 16 25 14 21 14 35 5 14 17 26 26 31 31 21 22 23 9 16 21 16 19 15 24 26 
46 29 27 41 7 26 29 29 15 25 16 26 18 18 40 19 14 24 19 26 33 32 12 16 21 25 23 25 31 22 18 12 25 15 21 30 22 13 22 28 
29 35 33 18 18 40 23 36 17 24 19 24 37 23 24 22 2 25 10 32 26 16 13 30 26 21 7 28 30 12 19 21 21 23 19 35 25 23 18 30 
39 33 36 28 17 16 17 18 13 16 11 19 35 38 25 27 22 24 22 21 28 38 15 30 24 31 29 40 18 17 22 19 23 15 22 34 20 24 15 21 
15 11 35 32 20 49 23 31 22 12 26 37 38 31 37 22 21 33 23 23 16 20 20 19 23 32 26 29 35 20 31 13 21 27 21 25 23 24 16 26 
22 27 41 33 20 14 24 22 19 14 10 34 17 19 16 21 13 18 25 34 27 24 12 19 15 26 22 9 26 13 19 18 22 15 14 37 20 17 21 30 
38 21 32 16 9 53 18 22 18 25 19 34 29 21 25 24 20 19 22 46 20 29 22 25 7 25 22 35 26 26 17 24 23 20 24 21 13 15 17 16 
23 24 28 20 22 27 27 23 15 27 19 34 37 32 32 10 20 26 16 36 30 21 18 25 25 23 30 30 25 21 21 8 21 15 15 18 27 21 20 19 
41 35 26 24 15 28 22 25 14 19 17 31 23 20 24 16 15 24 26 24 33 28 12 19 16 32 19 36 19 21 10 20 26 22 24 16 26 15 18 21 
29 39 23 34 18 31 15 25 14 31 18 31 30 27 34 18 19 3 24 35 34 27 16 16 19 27 19 13 25 8 18 22 21 21 17 38 22 14 16 32 
31 18 27 10 28 29 20 25 6 28 14 29 29 16 32 8 20 25 12 22 32 13 15 23 12 25 24 27 34 20 30 12 31 14 14 20 12 19 15 32 
29 26 15 27 10 37 24 33 16 16 17 40 20 33 34 14 12 32 35 30 27 26 10 27 25 15 17 30 29 26 25 13 17 12 20 31 29 27 16 28 
29 28 36 33 16 29 19 23 24 23 15 35 31 31 23 17 12 29 29 29 24 31 10 26 33 20 21 23 25 18 29 19 36 22 24 45 19 14 16 26 
53 23 22 28 11 43 18 30 16 20 11 20 30 34 19 16 16 26 23 48 28 20 13 15 22 28 25 24 17 27 25 24 11 21 20 25 17 25 16 32 
11 27 18 28 24 24 16 23 14 30 19 22 26 16 26 14 26 15 18 23 40 28 8 17 18 27 20 30 34 14 19 15 13 19 19 29 17 15 22 29 
24 17 36 27 20 28 11 18 15 12 7 26 25 17 37 17 13 30 20 47 15 22 6 9 17 27 27 35 11 18 23 9 18 20 20 28 29 21 20 30 
41 25 11 18 21 45 19 25 19 16 16 24 27 29 25 20 20 10 25 32 19 40 11 18 17 27 13 25 11 16 23 23 32 20 19 22 21 22 11 25 
19 24 39 20 18 28 29 46 15 17 15 30 19 25 22 19 31 25 34 29 38 18 16 22 21 26 20 19 31 20 19 25 28 41 19 31 26 17 23 20 
29 26 22 42 18 18 12 9 15 24 11 44 36 13 39 20 21 32 18 39 31 22 15 25 21 13 36 17 34 30 32 11 30 25 20 3 21 24 13 22 
26 31 19 30 21 22 12 12 16 30 18 25 30 20 37 19 21 38 19 25 22 29 19 16 19 14 22 17 44 8 13 13 30 23 15 30 19 20 23 28 
29 16 27 17 24 37 12 17 11 24 15 26 37 28 38 19 11 34 16 33 29 34 13 17 12 33 26 24 21 6 34 15 18 24 14 33 26 21 24 29 
40 12 31 26 22 32 11 23 25 15 10 18 21 27 35 16 22 27 20 28 19 34 11 31 18 17 24 35 38 19 28 25 26 17 25 22 25 10 22 16 
45 21 20 17 20 19 24 20 17 21 13 29 30 20 20 24 24 22 20 32 11 11 16 11 30 17 23 38 32 11 28 17 21 13 8 34 15 28 20 12 
21 22 31 18 29 41 13 27 16 30 14 19 10 12 52 20 21 13 26 30 28 31 12 30 19 20 23 25 28 14 21 10 18 22 19 26 18 15 20 21 
43 19 32 35 21 41 22 33 19 13 14 30 16 23 33 14 21 25 18 27 23 29 17 27 21 30 22 20 29 26 25 13 17 15 19 37 35 14 7 28 
25 30 22 28 21 21 17 21 14 35 14 27 25 22 20 9 17 29 27 32 19 23 20 30 21 15 25 42 25 6 21 18 32 24 14 31 21 22 5 16 
26 24 29 46 17 31 14 41 18 24 13 38 28 30 34 10 11 14 22 16 26 23 9 21 24 16 32 26 36 9 13 22 27 22 28 36 24 18 13 22 
25 32 24 27 20 35 13 31 21 29 18 25 20 25 37 30 26 22 29 22 25 30 9 24 31 24 19 15 27 15 26 18 10 21 17 40 20 20 11 43 
23 31 21 22 22 39 15 23 22 16 21 25 25 29 24 24 21 33 24 19 29 44 11 7 22 30 15 31 34 17 30 20 20 20 15 31 29 17 11 24 
30 17 23 31 16 40 22 24 22 34 15 14 25 34 20 16 18 21 21 13 26 22 14 13 28 37 23 29 14 21 20 19 15 17 19 14 19 17 9 24 
21 27 24 38 19 25 20 25 13 18 14 19 28 29 28 20 12 28 17 23 15 25 13 26 20 37 13 25 26 18 15 18 24 18 14 42 25 29 22 29 
35 30 40 42 23 12 23 34 22 20 10 32 23 36 23 18 22 24 12 16 17 35 7 38 29 13 20 37 24 11 37 26 29 17 22 29 30 11 17 23 
33 22 20 21 14 31 21 32 11 17 15 15 22 25 30 18 20 21 23 36 38 30 15 21 22 39 19 31 20 21 36 22 8 17 18 22 27 16 18 24 
30 18 28 44 18 31 19 32 18 11 9 27 30 21 29 23 19 14 24 33 21 29 22 33 20 34 16 12 27 23 21 25 17 20 20 36 24 18 16 14 
26 21 34 34 11 16 24 13 11 24 18 28 34 22 13 13 10 25 22 20 35 21 11 12 19 36 16 45 20 18 19 25 26 15 23 10 27 15 24 30 
32 24 40 26 7 33 19 32 11 27 17 23 31 26 17 8 17 20 30 30 35 23 12 18 9 23 15 22 32 10 16 13 16 16 22 27 21 16 8 9 
28 24 29 31 19 19 7 16 18 19 17 25 17 29 37 16 16 20 21 29 26 19 22 25 18 23 26 31 35 17 13 21 17 20 19 29 20 9 16 28 
25 18 46 3 14 34 23 31 17 26 20 21 29 37 34 29 13 28 16 37 22 21 24 18 12 35 21 33 41 15 39 17 21 18 26 52 15 15 16 31 
40 30 22 30 24 26 15 15 12 16 19 38 37 30 29 22 21 24 35 38 25 12 16 12 10 29 22 21 41 22 22 19 18 26 13 23 12 20 13 17 
30 31 25 39 12 42 22 32 19 18 11 25 18 26 21 22 29 30 22 33 30 16 12 27 16 25 17 33 24 20 28 24 26 25 11 42 24 10 21 31 
46 35 37 20 26 18 20 36 21 21 17 26 39 38 34 11 16 27 23 15 27 21 16 13 10 22 26 32 27 19 12 19 22 21 11 32 20 25 19 16 
15 22 26 36 21 29 34 21 21 36 12 33 27 27 31 11 16 22 28 36 28 16 15 13 19 39 28 39 34 12 34 3 19 8 18 21 21 16 20 28 
29 16 36 45 16 29 23 31 20 21 14 24 35 26 26 22 22 9 25 22 37 29 22 18 24 21 13 30 39 18 30 16 21 17 24 31 27 21 17 27 
27 23 32 40 19 45 21 23 17 29 13 29 38 20 31 18 21 32 21 23 23 32 10 22 19 30 21 24 31 20 21 9 25 37 22 27 27 20 7 21 
35 26 25 15 23 28 9 21 12 27 15 46 37 31 37 19 20 37 18 17 32 30 18 32 19 41 28 51 27 8 30 21 22 19 17 23 17 13 19 35 
18 18 30 31 25 34 14 23 19 22 11 20 26 20 25 21 21 23 28 10 33 34 10 25 22 20 19 44 15 18 36 10 18 18 13 36 37 13 20 13 
33 32 23 26 25 25 21 33 13 26 15 37 31 16 25 17 15 16 25 10 41 24 9 21 21 22 27 27 17 24 28 28 28 25 24 23 14 30 18 25 
25 34 33 26 28 29 21 18 22 31 17 25 25 24 22 22 13 23 26 36 25 29 11 25 14 12 25 33 30 15 24 14 18 19 22 32 27 23 10 25 
31 21 33 19 16 29 21 19 14 23 10 20 29 21 23 21 19 26 36 18 20 33 14 26 18 29 19 25 28 19 18 17 17 29 16 23 24 16 8 21 
19 26 27 21 17 20 23 28 17 22 17 26 34 24 25 23 16 21 19 35 27 28 19 10 19 29 23 33 24 19 20 20 23 16 13 25 22 21 17 12 
32 39 19 16 14 31 14 28 16 10 11 25 36 22 43 28 31 18 23 21 15 33 15 25 7 14 33 27 33 18 29 15 17 20 18 37 20 20 20 15 
20 24 34 27 22 26 17 14 19 24 15 21 32 16 33 16 22 28 26 34 12 26 14 16 18 29 18 30 41 10 21 20 20 24 18 25 23 13 18 13 
21 20 30 15 21 14 15 29 10 23 10 28 15 35 14 18 23 31 23 27 26 27 21 20 18 45 28 16 31 11 29 14 21 17 26 8 21 17 17 17 
44 35 40 16 26 32 22 29 14 20 17 34 40 26 23 20 9 32 31 23 40 11 26 17 16 21 14 29 44 11 17 28 21 6 23 24 23 20 24 28 
20 23 46 28 11 32 22 25 15 22 16 21 28 38 24 14 21 10 17 27 23 27 15 14 19 35 19 37 18 9 28 20 14 18 13 32 26 19 14 29 
30 25 25 23 15 37 15 39 15 29 17 19 31 34 25 16 29 38 23 39 40 26 12 19 22 24 18 20 20 11 25 23 14 14 21 29 17 23 21 28 
32 23 26 12 23 43 19 30 23 27 10 16 19 22 25 19 13 14 31 32 36 22 22 24 1 22 24 23 22 23 26 25 19 21 20 16 14 17 24 7 
33 36 31 39 13 24 21 17 18 19 18 28 29 22 38 16 20 34 22 25 24 19 15 34 10 22 16 45 26 29 31 22 27 17 26 28 17 14 13 25 
26 23 37 29 22 38 18 19 15 11 15 24 10 32 33 18 21 12 16 23 24 35 18 27 15 28 16 24 18 27 18 15 15 15 20 9 21 22 24 31 
9 17 24 26 14 33 23 26 15 12 11 20 23 36 20 19 28 21 34 40 10 22 9 23 16 37 22 37 35 11 30 16 16 26 22 27 22 18 20 23 
41 32 24 39 17 19 21 20 27 24 13 27 20 33 21 16 25 21 17 27 30 24 17 18 26 30 21 24 42 15 12 17 26 22 21 31 24 21 20 27 
29 35 28 32 17 13 15 23 20 34 21 34 25 27 40 16 20 31 22 17 24 28 16 21 23 23 13 19 40 24 27 20 31 23 22 37 19 15 18 32 
22 23 32 25 21 30 20 21 18 20 16 32 34 22 30 14 12 18 24 30 11 24 20 22 27 19 25 33 44 10 23 25 22 12 19 33 15 16 7 33 
35 30 38 23 18 19 21 20 23 26 12 36 32 23 26 15 19 32 8 32 35 26 21 16 11 37 16 40 40 35 22 18 25 22 26 31 30 21 17 27 
27 24 26 19 21 28 8 35 16 25 20 32 29 30 25 11 15 22 22 32 30 22 12 16 18 22 9 43 32 28 25 14 32 21 22 27 16 15 21 14 
27 17 22 23 6 28 16 29 20 14 20 32 33 34 21 18 16 39 14 27 15 25 17 15 19 33 13 33 17 27 38 26 11 18 21 34 25 16 19 16 
26 24 25 14 11 10 27 17 16 26 11 31 37 30 40 22 14 19 33 27 31 23 13 27 26 42 28 38 19 23 23 11 17 26 20 34 35 13 23 20 
26 27 31 34 22 33 13 31 16 25 10 28 41 29 33 23 17 26 25 28 28 23 7 31 15 28 19 48 29 23 23 22 18 38 13 30 18 17 13 10 
13 29 37 27 18 37 19 20 14 24 21 31 23 28 19 17 19 8 29 32 32 26 21 29 9 35 19 19 24 21 32 26 19 20 14 37 22 14 17 16 
20 32 34 28 15 29 14 34 21 21 21 29 22 26 25 23 13 13 31 27 25 17 12 31 25 21 31 46 22 19 17 16 13 8 12 27 20 22 18 17 
25 22 18 29 13 32 15 18 12 26 17 25 30 32 37 14 19 29 31 21 25 31 13 26 21 25 22 33 27 23 30 17 20 20 17 25 15 19 23 19 
36 25 26 25 26 29 21 30 17 23 15 16 29 19 14 20 14 36 11 18 45 26 12 23 25 42 27 25 11 16 24 20 19 15 19 30 19 11 25 28 
26 20 35 12 18 51 21 23 18 19 16 32 32 9 33 20 8 21 28 29 23 31 15 19 21 18 16 35 21 32 27 4 21 19 15 18 15 20 12 23 
25 29 5 19 26 28 20 28 18 26 13 28 21 32 31 23 24 27 20 26 37 27 18 28 16 26 22 33 22 18 33 9 30 25 17 29 24 18 22 26 
24 41 13 38 18 35 18 23 21 30 15 12 33 15 23 21 19 30 22 24 17 24 13 22 32 37 19 20 34 19 28 18 11 24 22 26 17 31 26 27 
32 20 11 13 21 23 22 39 11 19 19 31 36 29 29 21 25 32 19 40 35 36 16 24 21 10 22 24 21 21 19 20 16 19 22 31 26 28 17 28 
21 20 36 26 23 32 24 8 17 11 11 34 35 29 33 33 22 16 15 21 39 32 13 26 18 32 25 34 32 11 30 28 25 20 24 16 28 15 19 24 
47 19 27 28 21 31 27 25 14 20 20 26 22 35 27 20 20 22 28 43 31 23 18 16 27 27 30 20 41 8 21 15 25 13 27 33 37 24 17 22 
38 29 42 23 33 42 29 37 15 22 4 29 22 19 26 18 17 14 18 22 25 17 9 16 23 15 28 29 39 16 34 20 25 16 21 28 28 17 29 14 
30 21 15 31 20 33 19 28 13 30 11 23 23 18 34 24 25 34 22 28 34 26 11 17 33 21 29 17 20 11 15 24 17 13 19 20 25 25 20 30 
43 23 19 29 26 19 15 32 18 23 19 30 6 28 20 21 12 25 8 38 35 39 14 12 17 27 17 20 29 14 24 18 10 10 19 43 17 16 19 31 
25 26 32 29 24 25 25 23 17 21 24 37 28 14 27 21 9 13 29 26 31 29 23 25 27 25 26 32 27 15 31 28 18 9 18 38 26 21 24 11 
33 19 19 26 9 38 24 26 12 23 20 24 25 32 30 9 20 8 13 27 26 26 10 24 24 31 24 26 20 18 21 25 20 27 24 21 25 24 12 30 
16 12 36 49 24 23 24 15 17 21 18 32 37 24 26 7 18 12 20 25 38 25 15 9 17 28 22 25 24 10 22 12 15 19 11 27 19 23 15 21 
35 30 32 26 16 13 17 28 19 20 18 34 26 13 26 24 17 25 25 21 26 35 13 28 26 30 30 43 24 8 16 15 24 25 18 43 23 13 9 19 
24 28 40 18 13 23 22 23 15 17 20 26 27 27 33 22 23 25 22 39 10 21 13 23 17 19 23 46 20 18 24 17 13 20 18 31 27 27 10 21 
30 21 29 28 20 27 21 32 13 24 14 45 36 17 34 22 11 22 27 38 34 20 16 19 13 22 16 39 21 17 18 18 26 16 22 23 32 14 21 28 
25 34 37 25 6 31 25 29 17 22 14 34 21 28 17 29 16 26 10 33 35 32 16 22 16 26 17 33 19 12 34 12 21 16 15 9 22 13 24 35 
40 25 35 24 14 28 15 28 13 26 9 30 31 34 44 23 22 23 9 32 26 20 16 21 14 27 19 28 13 19 31 14 14 25 18 43 23 22 21 26 
33 26 36 17 26 28 20 26 26 20 14 33 38 33 33 13 20 34 25 23 24 15 12 25 23 29 22 30 35 10 38 23 23 18 20 14 20 6 17 19 
34 30 23 30 15 20 19 34 15 26 17 36 35 30 24 12 21 29 26 27 27 20 20 19 16 27 31 31 25 12 21 9 13 8 22 27 15 17 16 32 
25 30 17 23 16 41 17 14 21 14 19 31 28 33 25 22 21 33 20 14 26 21 14 19 22 28 33 39 36 19 28 6 21 7 26 30 15 16 10 27 
27 17 22 26 21 32 25 23 11 18 21 23 22 20 19 28 12 27 33 36 31 17 13 4 22 20 22 43 31 11 34 16 20 31 19 30 15 17 15 36 
29 24 37 20 23 41 15 26 17 25 13 30 17 26 25 16 17 21 22 25 28 37 20 19 21 31 29 22 7 18 26 20 31 22 21 23 22 17 14 27 
32 36 24 35 20 24 23 10 21 32 11 13 41 25 29 11 24 22 14 31 11 27 10 27 28 28 21 46 29 28 28 18 23 17 13 8 30 26 12 26 
23 23 22 23 16 29 19 30 19 16 9 28 22 23 27 12 12 28 10 38 32 22 13 15 16 35 21 35 42 24 19 7 14 26 16 28 40 10 18 15 
20 33 27 10 19 37 18 23 18 28 19 27 22 16 45 20 20 37 28 34 33 24 18 12 25 17 15 30 26 15 21 22 22 26 15 30 24 23 22 11 
46 25 27 7 17 43 20 14 16 22 11 27 34 17 34 15 17 23 29 30 18 12 17 34 24 26 28 39 27 11 23 24 17 25 23 14 16 23 22 24 
46 31 43 19 12 34 21 12 14 13 14 37 35 26 19 13 17 22 19 31 23 16 8 12 17 25 22 44 19 15 35 7 20 10 18 27 18 22 18 19 
29 33 39 29 23 24 17 40 6 14 14 20 34 21 38 22 21 12 21 27 26 35 17 26 17 23 28 23 25 18 25 23 14 14 23 20 17 13 13 22 
15 22 39 16 19 30 22 25 14 21 12 22 24 19 22 21 22 30 4 34 31 25 12 21 20 27 17 37 16 13 22 22 31 20 14 27 23 26 24 14 
16 21 27 20 15 37 21 37 21 24 12 24 36 24 23 20 22 29 27 26 41 24 15 27 13 26 20 37 27 18 27 16 41 29 17 16 24 21 18 12 
24 30 20 37 20 23 27 26 12 19 7 24 19 17 40 22 11 31 24 33 32 29 20 25 22 24 18 33 45 17 16 21 26 19 10 24 17 12 23 25 
34 38 34 25 16 33 24 24 18 28 24 36 16 31 25 26 12 9 12 34 21 24 20 21 22 31 27 25 35 15 24 16 30 26 21 32 22 19 18 25 
20 24 27 28 23 36 14 42 13 23 11 23 21 15 27 15 13 16 11 46 23 20 11 25 32 19 22 29 15 21 25 12 27 20 25 25 27 9 10 30 
22 20 40 42 19 22 17 29 12 15 9 21 13 29 16 11 17 21 25 25 29 31 15 35 22 33 22 25 33 16 27 12 13 14 15 27 28 24 25 24 
42 39 35 23 14 32 13 24 16 27 10 34 25 23 14 15 19 14 23 34 12 21 11 16 24 19 21 41 23 20 30 24 11 20 23 19 29 21 11 18 
24 32 29 36 12 18 22 40 16 32 20 29 34 21 26 15 23 34 22 21 26 11 22 28 15 37 18 21 31 18 26 25 27 26 24 22 32 18 16 19 
14 26 41 29 16 25 20 20 20 28 14 40 23 38 25 27 15 23 17 23 30 30 21 24 13 28 16 20 26 15 18 28 13 21 10 32 20 18 19 21 
29 27 35 30 27 25 20 42 16 17 12 18 21 34 29 16 16 29 20 30 31 21 14 16 30 33 29 26 19 22 15 11 30 13 17 22 23 20 22 27 
34 31 39 38 12 23 16 31 15 19 15 45 42 28 16 23 20 24 21 28 17 25 15 22 31 25 17 40 40 18 18 12 27 13 20 25 21 14 22 23 
28 29 34 33 12 17 14 19 16 18 11 40 22 26 19 25 16 19 16 17 27 35 8 27 15 19 9 21 35 15 23 20 20 22 20 18 16 7 23 24 
29 29 36 9 18 29 16 25 18 19 20 29 38 29 28 24 21 18 21 28 41 25 14 25 9 27 25 39 22 23 24 18 19 15 19 25 24 15 23 15 
28 32 14 46 28 21 25 30 17 12 6 30 25 18 35 17 26 19 35 34 26 25 18 24 23 32 23 22 45 18 18 15 29 23 14 25 22 13 23 10 
42 13 29 30 24 26 22 16 14 17 24 23 43 25 22 28 18 11 20 35 24 20 17 30 12 35 18 45 16 13 30 11 31 19 26 13 27 21 17 17 
29 23 33 33 24 25 16 25 22 26 19 30 38 28 16 18 5 18 17 11 43 24 20 23 17 27 20 35 31 26 17 14 24 15 21 25 21 20 20 20 
37 36 35 33 15 27 12 30 11 17 19 33 28 4 28 18 13 15 16 25 16 38 11 25 17 24 18 29 42 16 35 25 22 26 23 28 28 28 18 18 
26 24 31 26 18 24 15 26 16 23 15 20 42 25 26 19 5 24 17 24 18 26 14 26 19 29 22 21 32 16 26 16 30 16 12 21 23 28 15 27 
26 23 12 21 21 52 16 26 15 24 9 35 32 43 31 19 10 10 29 27 30 21 14 29 22 29 17 36 35 17 10 12 33 16 19 34 22 20 17 16 
22 34 32 17 16 27 19 16 19 30 17 29 48 28 7 19 17 29 24 24 27 21 12 26 25 30 27 30 6 12 22 19 23 22 19 30 29 21 19 40 
37 23 18 22 21 32 15 19 14 15 22 40 13 22 17 15 13 30 22 26 14 16 19 19 20 30 22 21 22 17 39 23 34 18 25 34 15 22 24 24 
26 19 21 14 24 34 19 27 6 27 12 34 33 24 26 18 19 32 21 32 34 45 13 15 24 30 24 25 33 19 28 21 23 16 13 27 25 20 10 22 
25 23 18 31 10 21 19 37 13 27 10 22 27 42 31 18 18 29 18 34 17 33 14 18 17 19 25 21 33 15 26 19 22 23 19 15 22 19 19 29 
27 35 37 33 13 35 19 32 20 27 20 26 29 25 22 15 20 18 21 22 34 25 13 29 11 31 15 36 30 13 31 24 19 18 25 36 18 17 14 27 
27 29 42 27 16 50 13 28 12 22 24 33 32 30 23 23 18 26 22 22 23 25 16 25 23 28 25 36 40 12 19 19 26 14 20 38 12 11 18 29 
36 21 43 18 19 31 14 25 19 21 9 35 34 28 25 15 16 27 21 42 36 13 11 26 21 16 22 40 16 19 17 21 23 19 17 23 20 24 16 29 
33 23 29 22 12 24 23 13 11 25 18 35 33 24 28 10 18 38 9 41 16 25 13 28 12 31 28 31 22 17 26 17 15 16 12 32 17 26 24 25 
17 19 35 27 15 26 19 26 15 38 7 22 15 29 34 15 25 24 23 24 28 24 13 27 26 32 18 38 24 15 32 18 24 14 14 26 29 17 22 18 
49 26 36 32 16 20 23 16 13 14 25 4 41 31 23 27 10 27 24 19 25 11 18 22 21 19 21 24 32 15 27 19 36 14 16 27 30 16 19 21 
20 19 26 18 24 32 21 23 17 15 12 25 36 19 38 23 20 25 24 21 30 31 11 25 21 29 19 27 39 27 25 28 21 13 28 23 23 13 21 28 
38 27 35 32 14 20 17 36 12 37 21 48 39 11 33 17 10 31 31 20 39 19 20 11 22 25 28 26 23 20 25 24 22 11 19 23 28 14 12 15 
30 39 35 31 6 26 5 24 10 21 16 30 22 16 21 22 15 23 14 24 31 12 20 25 21 33 20 34 22 18 34 23 27 19 15 29 19 13 15 28 
32 21 16 34 13 31 9 29 17 24 18 23 29 28 24 22 21 15 17 28 19 30 8 26 22 19 17 29 44 20 19 22 11 22 11 33 9 16 22 21 
29 21 30 28 17 35 21 31 13 26 19 11 29 20 27 20 14 30 16 32 27 15 18 22 11 23 28 30 22 22 20 23 30 31 15 28 22 21 9 23 
26 32 27 28 20 27 15 26 21 18 19 32 32 31 38 14 8 21 12 26 42 31 22 30 28 40 24 33 29 23 26 17 23 16 5 40 16 16 15 23 
11 21 28 28 16 31 25 16 10 18 16 24 30 25 36 14 10 28 11 29 33 26 11 22 22 19 17 38 25 17 30 9 19 21 16 15 29 36 21 21 
24 33 38 32 16 40 21 21 11 15 23 31 30 20 35 30 19 31 20 30 30 20 11 16 24 26 23 33 33 21 20 13 14 26 23 17 10 20 16 21 
22 35 31 23 25 20 20 36 18 20 19 28 16 42 5 16 15 23 19 41 18 16 19 29 13 17 20 50 33 7 23 25 22 27 14 33 27 24 25 30 
35 23 34 35 14 30 16 39 9 38 17 31 38 15 25 10 19 22 31 29 22 22 13 24 30 19 18 29 30 20 17 9 28 10 15 18 29 23 18 21 
26 11 15 15 13 37 23 17 17 12 20 31 30 43 31 24 14 19 15 31 40 35 18 17 25 34 17 8 17 18 20 19 14 5 14 30 27 16 14 16 
29 26 27 31 21 28 23 27 21 31 17 28 21 35 35 27 19 20 23 25 26 31 16 20 33 27 16 29 30 14 27 23 21 21 22 26 22 28 25 17 
28 22 42 32 20 20 18 34 20 20 9 31 24 37 18 21 22 5 14 32 24 29 20 32 18 31 25 17 26 20 23 24 22 24 22 22 23 25 23 21 
23 23 36 35 17 26 17 21 17 35 15 35 21 28 32 16 21 46 24 20 27 40 18 31 16 21 20 30 20 5 22 30 23 4 19 31 37 15 14 26 
42 42 12 33 14 20 21 33 12 30 9 27 26 25 24 17 8 20 30 42 27 26 10 16 26 26 18 17 41 18 34 19 9 11 9 28 8 7 30 21 
34 33 32 22 18 23 16 19 12 32 17 37 36 23 18 17 15 25 18 28 19 27 17 27 16 38 24 29 28 18 25 21 20 13 6 35 17 20 23 19 
28 28 27 22 15 32 18 20 14 33 20 17 27 22 28 13 18 21 22 19 32 23 19 18 16 24 27 23 33 14 27 3 18 19 15 23 18 21 20 39 
18 17 27 27 19 31 19 26 17 24 16 24 45 23 34 20 10 17 15 39 18 25 17 24 27 24 19 30 38 12 32 22 31 26 21 14 26 20 22 24 
28 27 17 41 18 35 14 30 7 22 12 42 11 34 28 16 20 34 28 20 31 26 12 23 15 27 25 24 20 16 31 22 22 22 9 31 21 18 20 30 
14 29 23 37 28 17 21 25 12 27 11 19 37 25 20 15 26 35 19 42 6 20 12 26 20 24 10 38 17 17 24 18 14 19 23 39 16 24 19 26 
20 27 36 15 15 25 26 29 18 25 15 21 22 16 33 20 20 14 19 4 28 23 20 26 16 21 18 39 39 15 33 13 23 15 13 29 25 29 15 18 
30 14 22 16 26 34 17 31 13 19 11 29 20 33 24 27 15 18 31 39 29 33 14 24 16 22 25 19 28 14 26 21 24 24 16 25 11 20 14 23 
21 34 32 25 9 26 18 16 17 18 18 42 23 23 39 11 18 19 22 30 30 32 22 13 23 32 27 33 22 15 25 18 27 12 23 27 23 20 21 16 
30 21 30 31 16 18 26 29 7 22 14 30 36 30 30 15 23 25 31 32 17 31 13 26 14 20 18 48 32 20 36 27 19 18 18 19 18 19 11 27 
30 22 29 38 18 41 16 13 21 4 16 19 14 34 36 14 23 16 27 26 29 19 17 22 21 30 24 21 19 18 31 17 12 13 24 31 17 24 17 24 
28 25 29 26 14 37 22 17 20 18 13 31 28 27 37 13 23 35 14 18 17 36 16 29 14 26 18 38 27 28 24 19 15 29 25 23 31 8 19 26 
39 28 24 19 19 34 7 24 16 20 17 25 9 21 42 16 23 19 18 12 29 14 14 28 26 18 13 38 31 13 16 18 17 24 25 17 31 22 21 28 
34 22 17 32 26 21 15 50 17 24 21 34 36 15 30 12 12 29 27 29 21 21 16 18 14 25 32 27 8 18 25 24 16 7 11 47 24 24 9 41 
37 34 33 34 19 35 24 32 21 18 13 28 36 17 26 28 13 22 20 32 28 37 8 32 15 27 13 35 26 23 17 22 14 13 21 32 17 15 25 9 
35 30 35 30 19 33 10 37 15 19 11 27 20 26 20 22 29 21 23 30 21 24 16 22 13 28 31 21 37 23 26 21 27 17 20 25 20 26 15 28 
26 31 27 16 18 20 22 30 15 24 9 42 22 31 27 11 18 36 20 39 33 28 10 29 25 24 30 37 33 20 17 12 29 24 13 20 23 18 10 21 
15 18 36 35 20 21 19 20 17 35 14 30 34 31 33 13 21 25 27 36 17 21 18 14 27 21 14 45 41 20 33 18 26 16 17 29 24 22 9 28 
22 30 40 16 17 21 19 30 25 21 9 18 25 33 42 21 24 14 21 35 30 27 15 33 21 22 19 34 31 20 23 16 21 13 20 35 10 21 13 17 
32 21 26 23 22 25 22 26 11 15 13 28 24 24 32 30 15 17 25 27 33 36 22 17 20 35 17 35 38 12 28 11 15 19 19 25 20 15 21 29 
16 24 23 21 20 24 11 21 18 30 14 25 28 20 24 17 14 25 15 21 28 22 18 15 34 40 15 22 35 17 11 15 18 15 14 18 21 20 24 20 
31 28 24 24 24 47 21 20 12 15 16 28 27 26 31 20 21 18 19 29 38 31 15 20 17 20 19 26 42 13 22 29 20 27 22 41 32 21 22 21 
48 23 34 33 19 9 15 18 19 32 15 29 24 15 20 17 8 14 21 23 26 30 18 25 30 23 17 20 39 12 10 26 19 19 18 36 22 25 18 22 
36 17 23 10 19 22 7 23 21 25 10 34 34 27 45 20 22 26 26 29 29 22 15 25 24 18 20 29 28 18 23 13 21 16 14 23 21 13 20 20 
34 24 43 19 17 16 19 11 14 18 19 40 29 26 29 15 22 35 26 33 23 15 15 24 12 25 13 29 30 15 39 17 28 18 18 33 24 15 12 38 
17 21 25 31 31 18 23 30 14 22 13 19 19 30 22 20 7 34 24 25 35 30 10 16 22 34 18 28 37 18 37 16 12 18 27 26 13 19 18 33 
8 24 31 26 10 28 9 20 11 23 16 43 26 31 20 13 20 22 27 39 27 25 14 23 15 25 16 26 32 9 21 17 20 18 26 30 21 22 29 20 
36 17 23 30 23 34 22 19 11 20 21 7 27 18 21 14 15 31 27 34 27 25 17 32 19 12 23 19 39 16 10 9 17 16 25 31 27 17 19 22 
44 17 19 24 24 28 16 19 23 31 10 20 19 26 19 24 19 24 17 26 32 30 22 12 21 23 26 34 33 20 30 13 21 16 8 28 22 23 16 20 
34 28 26 12 22 31 18 21 18 30 14 27 29 44 32 26 15 9 6 48 36 25 14 27 12 26 18 22 30 19 26 13 17 22 19 31 28 9 16 16 
15 20 22 34 19 55 10 24 14 22 13 38 30 28 25 20 21 15 18 33 22 21 18 22 23 14 28 38 26 19 15 13 15 26 18 20 19 10 18 32 
36 35 19 30 19 38 18 16 20 13 15 30 46 31 41 21 19 27 6 18 23 25 10 28 19 25 19 35 14 25 36 12 24 28 19 49 15 16 21 28 
21 29 17 27 15 45 21 30 15 21 18 25 28 17 19 14 19 20 21 29 31 31 17 35 18 28 21 32 14 12 24 11 22 22 13 42 16 15 20 26 
26 22 26 24 22 23 19 15 14 19 10 14 22 26 29 23 15 21 16 21 30 27 13 21 28 8 19 35 44 14 24 27 23 7 13 27 20 23 14 27 
31 32 18 29 14 31 20 12 12 18 12 43 30 33 39 18 16 22 27 36 12 25 18 22 20 16 20 33 30 20 16 14 29 31 11 38 24 20 16 27 
39 18 22 36 14 32 27 31 13 30 10 25 25 18 30 25 22 26 20 31 33 28 21 28 19 26 14 29 20 21 19 17 18 18 15 20 18 12 14 17 
40 21 32 30 15 34 18 20 17 27 12 24 21 15 37 17 17 23 28 29 22 25 25 23 23 30 14 20 26 13 26 22 17 19 25 22 18 20 13 19 
27 24 35 37 16 14 14 31 17 9 16 30 28 33 26 20 27 14 15 33 34 29 12 23 27 38 17 31 30 18 17 18 22 21 35 29 27 18 17 33 
32 42 16 23 26 36 10 29 13 26 14 48 37 24 17 21 28 34 19 25 36 18 5 31 14 29 24 37 30 15 9 19 15 23 22 37 19 24 29 40 
17 36 28 27 21 33 23 26 24 19 18 35 24 27 35 12 14 23 20 30 33 21 21 18 18 28 25 29 32 10 23 20 20 13 14 12 18 22 18 42 
38 25 34 56 21 19 27 21 20 16 12 25 35 23 22 23 13 15 23 38 25 30 20 23 12 12 19 21 26 21 32 11 31 21 24 27 15 20 19 23 
32 24 25 16 27 30 21 29 18 25 16 20 30 25 13 16 16 20 34 20 22 28 18 26 14 22 21 22 23 19 17 16 20 29 17 33 13 14 15 29 
23 23 38 27 20 42 27 20 17 22 13 39 28 19 16 14 16 20 16 26 34 22 17 16 24 17 21 28 23 17 31 16 17 25 20 37 33 14 19 27 
33 32 13 37 11 27 27 27 19 28 10 35 37 22 24 31 17 18 22 26 26 17 12 22 12 35 25 37 34 15 19 17 19 14 13 41 27 26 21 27 
33 25 33 18 22 32 20 31 16 11 17 27 29 31 32 13 22 25 15 43 24 30 18 22 24 23 26 41 35 13 29 15 26 25 17 33 23 23 12 29 
22 20 33 36 17 28 29 20 10 22 17 30 29 23 22 22 20 37 26 37 32 31 13 32 9 27 19 22 21 15 29 17 18 15 12 31 30 21 11 23 
31 15 31 37 21 25 24 24 18 24 12 17 35 24 37 18 16 32 18 28 21 13 22 26 23 31 24 31 24 19 35 15 24 23 12 19 15 21 20 38 
23 24 27 25 20 41 13 29 16 14 21 16 36 36 26 26 12 12 27 27 22 38 9 29 17 35 21 23 39 28 26 23 17 14 27 34 15 22 20 21 
35 22 23 26 27 32 19 30 14 15 20 41 29 22 26 26 17 33 27 33 34 26 13 15 17 29 32 30 24 7 31 21 26 22 20 18 20 14 25 25 
23 27 16 31 12 29 17 12 15 25 7 23 32 23 35 25 10 27 26 40 41 19 11 29 27 26 19 20 33 25 28 15 18 17 15 19 23 12 20 20 
32 26 33 27 24 30 19 27 25 20 4 31 34 24 35 22 10 17 21 29 15 28 19 30 20 33 25 28 18 20 24 17 18 21 15 13 22 12 18 34 
29 13 31 25 16 27 19 27 13 23 16 28 25 29 32 15 21 17 26 24 31 42 17 12 12 21 22 25 34 17 29 15 24 20 21 43 18 19 11 9 
29 41 13 20 12 21 21 15 10 27 12 38 21 33 18 24 23 23 26 19 41 31 11 25 18 39 20 28 29 12 28 19 12 18 25 28 23 7 5 27 
38 20 35 21 16 21 14 29 18 27 12 29 24 25 28 16 14 34 19 17 37 39 11 26 27 25 25 35 21 13 36 14 26 25 18 25 30 18 11 16 
39 34 30 27 18 24 21 33 15 34 19 33 18 34 25 17 15 27 21 42 26 21 7 26 12 36 27 39 36 14 23 12 23 21 29 24 26 17 14 28 
38 31 56 22 13 22 21 21 11 26 19 26 21 25 24 23 26 23 32 40 42 33 13 14 16 33 25 27 26 18 24 18 19 19 23 33 8 19 20 19 
31 36 30 11 17 39 18 41 12 28 13 30 29 28 34 18 18 8 23 18 12 29 22 14 11 19 13 20 16 12 33 19 26 21 10 35 16 18 20 18 
17 29 15 19 15 20 23 17 18 31 13 29 29 32 21 14 16 26 20 46 20 30 13 18 25 20 33 18 28 20 30 16 15 18 19 39 23 7 16 33 
17 35 17 10 27 27 12 32 17 32 15 34 20 8 21 17 20 23 22 29 43 35 11 24 10 21 29 43 30 17 24 18 7 19 29 26 30 23 28 26 
38 24 35 23 18 34 16 32 18 26 5 27 30 30 24 21 22 6 18 35 31 21 7 15 31 32 20 32 37 11 23 23 15 18 19 25 27 19 19 9 
29 16 39 30 17 19 16 28 16 22 19 26 21 22 32 22 11 22 32 29 39 22 17 25 21 17 25 38 40 19 22 7 22 10 31 27 19 23 23 39 
35 25 31 35 17 22 11 31 13 16 13 43 21 14 15 19 19 23 33 40 36 29 13 25 22 26 16 27 22 17 24 12 15 18 15 27 24 9 19 32 
40 31 21 21 13 30 16 30 17 24 14 27 28 16 34 17 16 31 20 28 42 35 10 17 24 26 21 36 15 23 30 25 23 26 20 7 22 28 8 30 
19 29 31 29 12 19 15 37 14 23 14 29 38 25 25 22 9 27 21 33 20 32 17 25 16 42 26 40 45 14 24 11 24 16 20 26 19 9 23 12 
34 19 26 30 25 29 24 33 23 13 19 50 25 32 21 13 13 27 23 14 34 26 11 31 26 26 23 33 32 25 33 18 18 22 24 26 21 13 22 18 
45 24 20 25 15 20 13 29 18 17 12 18 24 23 12 12 17 15 25 39 41 31 16 31 25 32 19 21 31 10 23 7 18 24 14 25 22 13 10 31 
33 30 30 23 17 13 11 27 22 25 17 30 36 24 17 24 10 33 30 37 24 38 13 27 15 20 18 42 21 19 32 17 26 17 23 35 26 19 25 17 
34 15 36 30 14 50 15 27 18 19 15 44 26 18 22 20 13 20 22 41 15 24 14 22 26 17 22 22 26 19 27 20 20 21 17 35 31 15 12 26 
42 32 18 39 15 35 25 24 20 32 7 29 28 41 21 20 11 35 19 24 44 21 16 13 19 24 27 42 28 27 24 13 22 14 14 32 15 24 22 18 
20 31 31 19 20 30 9 19 22 17 18 16 30 43 21 23 23 23 12 27 31 25 16 9 21 24 27 21 34 23 18 15 21 25 22 30 21 16 20 29 
28 24 35 22 18 23 18 26 21 22 20 26 20 26 21 17 10 17 21 31 25 33 25 18 14 29 38 28 15 16 23 27 23 30 23 21 27 20 19 24 
35 18 38 32 24 55 15 21 17 26 12 37 33 22 25 29 16 30 27 30 25 18 16 39 24 25 27 40 30 15 24 28 19 22 18 38 23 24 27 21 
33 25 18 26 22 27 17 24 20 20 18 24 29 7 38 23 11 31 25 25 33 29 10 25 18 36 22 23 36 15 21 20 11 33 22 22 29 15 24 18 
15 21 39 20 10 33 18 29 19 38 12 21 14 33 18 20 14 36 20 25 24 25 14 17 13 27 23 28 22 12 20 32 22 13 17 22 20 23 7 32 
26 29 44 18 15 43 8 24 17 23 17 40 31 37 30 23 14 30 26 18 22 27 18 18 15 36 22 28 36 20 28 20 20 19 19 33 20 17 15 17 
27 35 18 32 14 38 21 31 23 25 15 20 21 23 31 20 17 30 24 26 16 24 11 19 28 39 19 25 28 18 24 20 11 21 9 20 22 18 11 30 
48 39 23 32 17 23 19 14 12 14 22 45 9 18 30 16 18 30 24 12 33 28 13 30 22 24 19 37 27 24 32 19 24 19 20 21 15 25 11 22 
37 32 40 18 16 26 22 17 17 21 9 25 31 19 31 19 12 26 22 25 23 26 21 25 13 25 19 21 24 22 21 15 20 19 25 17 21 20 22 29 
34 28 32 39 19 23 16 29 16 22 16 11 26 4 32 23 13 36 24 25 29 25 15 24 26 15 20 41 9 22 32 26 28 20 16 28 23 18 10 28 
36 34 20 33 17 29 25 21 11 20 15 46 21 28 30 17 12 36 3 35 28 28 14 29 10 21 35 21 17 8 33 18 14 16 13 28 20 23 17 18 
31 33 30 22 16 33 20 30 15 19 12 38 26 14 26 15 13 17 21 23 21 37 13 23 18 29 20 11 43 15 29 18 13 20 8 24 29 13 14 24 
43 18 19 35 20 39 10 25 16 29 14 51 17 21 23 22 15 29 22 26 38 29 16 20 27 30 33 37 26 12 38 16 26 12 18 33 24 18 27 25 
24 31 33 20 18 24 17 21 21 13 22 30 32 26 19 17 19 20 7 27 35 25 20 22 21 22 16 18 17 19 29 12 21 14 17 27 11 14 15 24 
30 26 25 25 17 30 24 27 20 31 13 28 26 22 21 16 18 31 26 31 32 14 18 24 21 27 24 24 36 13 29 23 20 20 17 34 15 15 13 23 
32 38 26 27 22 33 20 28 17 31 12 28 35 18 26 15 7 33 18 43 32 32 18 21 19 28 21 45 29 15 25 12 20 13 29 32 16 12 30 24 
32 39 21 14 13 33 23 28 20 24 19 36 28 41 32 24 16 22 18 28 34 27 22 28 30 18 21 24 29 15 21 12 29 19 22 37 16 10 16 27 
16 23 31 17 22 28 21 23 22 14 10 28 25 34 15 15 19 23 20 26 33 31 15 20 11 10 19 43 27 16 22 12 22 13 20 19 17 18 18 15 
30 19 26 30 16 36 13 29 18 28 15 30 31 29 27 16 15 32 19 34 27 28 22 29 17 24 22 33 31 11 26 20 28 23 23 22 12 16 13 26 
39 27 29 24 23 35 23 15 23 21 23 27 32 23 17 27 15 24 25 29 39 34 23 12 1 18 24 40 24 19 16 15 23 32 13 16 30 18 26 19 
21 21 32 24 19 23 18 12 20 28 12 40 35 24 30 21 14 39 23 22 18 41 23 26 18 31 31 21 27 21 28 22 22 28 14 28 19 25 20 11 
13 22 35 21 21 27 14 32 20 27 20 46 17 27 19 24 13 19 15 48 37 16 15 24 25 21 29 36 14 11 25 23 22 21 20 20 18 22 16 31 
43 22 27 34 17 24 28 22 16 30 10 19 15 14 33 16 22 23 24 41 27 32 13 18 22 21 21 12 25 20 38 26 22 9 21 16 26 14 18 38 
38 25 22 26 17 33 20 20 18 27 13 39 42 25 27 19 16 22 24 23 21 28 11 22 24 26 16 21 23 15 23 23 17 23 16 32 31 23 17 30 
32 31 31 20 25 35 12 32 22 22 16 42 19 15 34 10 19 28 23 21 31 30 11 33 18 16 43 35 20 12 16 19 15 33 18 16 14 24 21 30 
17 24 30 35 16 25 21 25 14 27 18 34 19 26 26 20 17 14 21 37 27 26 11 14 6 18 14 25 25 15 27 28 18 18 28 24 22 13 22 23 
14 17 28 20 14 26 20 27 13 28 21 31 24 34 23 16 23 28 32 27 40 42 6 22 9 23 39 15 27 19 11 18 27 23 16 29 10 22 14 25 
29 15 34 31 20 28 17 18 21 26 15 33 47 20 28 14 15 26 21 19 26 20 16 20 29 30 17 32 34 19 33 22 19 14 21 27 27 21 15 29 
22 32 35 28 10 28 22 16 19 32 11 28 22 29 20 22 14 25 19 32 25 28 13 19 20 28 30 17 36 12 20 15 20 21 11 22 23 21 20 14 
38 20 30 29 23 25 21 40 14 17 17 17 35 26 36 12 22 17 12 39 34 37 18 16 25 34 16 31 32 2 36 22 26 10 13 17 29 20 26 21 
36 19 29 36 18 30 23 22 13 22 22 34 22 24 32 15 13 28 18 25 23 18 17 23 20 25 16 33 24 15 35 20 27 14 22 28 25 24 20 18 
25 30 44 9 14 32 15 25 14 19 15 30 25 19 43 19 14 22 25 25 20 19 21 36 16 30 37 27 18 8 34 14 24 22 16 26 16 17 15 30 
16 23 35 28 30 38 27 35 15 33 15 27 33 23 27 20 18 17 18 35 42 21 15 27 17 23 14 24 30 30 32 24 15 15 26 24 13 23 12 17 
25 25 28 35 21 25 23 25 24 24 18 29 31 22 22 20 15 27 17 29 23 23 14 23 27 22 16 34 28 14 23 23 20 12 19 26 26 17 11 24 
20 20 24 21 22 33 23 17 18 20 18 27 19 29 12 16 19 27 21 35 28 19 5 25 17 23 31 34 27 20 22 22 28 18 15 38 18 8 16 24 
32 15 32 28 19 28 16 31 11 24 13 22 27 9 31 17 13 23 20 19 41 18 3 26 31 29 25 32 38 15 19 19 25 20 23 27 19 21 14 30 
43 26 25 24 23 33 13 38 10 13 13 33 20 34 20 14 7 14 19 35 21 31 7 22 26 15 17 53 41 22 36 18 13 12 15 13 20 29 13 23 
34 24 23 42 22 25 14 42 16 18 17 34 22 26 26 22 20 15 22 46 28 24 14 21 16 27 18 30 23 17 27 12 25 18 20 26 32 21 15 19 
32 20 24 10 16 31 12 24 13 18 20 20 34 24 23 23 20 24 38 17 19 19 15 26 17 15 13 26 26 8 33 27 14 21 19 26 19 28 25 24 
29 39 48 9 11 27 27 32 14 23 19 38 41 22 24 25 24 14 18 23 29 28 9 32 36 16 35 40 23 18 30 19 31 15 20 34 25 21 17 23 
30 15 29 33 29 21 26 30 18 27 15 42 25 27 33 12 18 11 15 37 32 26 21 20 10 21 26 36 22 25 29 16 20 24 25 22 29 27 23 24 
18 16 35 36 22 31 19 10 25 28 11 30 25 17 39 13 17 35 22 20 19 10 12 23 28 17 23 32 16 20 29 14 16 21 20 41 24 28 11 27 
49 25 24 23 14 31 18 27 19 26 17 39 34 27 33 14 13 21 20 20 35 25 10 23 22 16 16 32 37 18 19 18 25 23 20 29 39 22 9 24 
31 21 41 29 21 30 18 23 16 14 20 36 18 13 15 17 21 33 27 45 22 34 19 25 21 24 29 22 24 17 28 20 16 24 13 26 17 26 21 23 
28 32 32 10 18 36 21 26 11 17 15 43 26 21 29 22 13 36 25 27 12 20 21 21 28 17 18 31 24 19 24 10 26 16 15 26 27 26 21 25 
32 9 30 23 19 33 23 25 19 11 17 44 27 26 29 21 20 19 25 35 23 26 10 19 19 25 35 25 22 9 15 20 26 14 25 23 25 18 25 38 
27 29 32 22 20 23 11 30 17 19 14 23 23 28 9 23 15 23 26 33 18 26 9 23 19 29 30 28 16 12 32 22 23 17 21 31 27 20 16 27 
22 37 18 14 19 34 20 26 19 20 12 31 18 20 44 23 29 20 18 41 27 38 16 15 18 19 12 36 29 19 25 16 27 25 17 24 25 16 23 31 
31 26 28 30 12 27 27 18 13 23 21 36 29 24 16 18 21 19 25 27 33 32 12 25 15 32 23 37 14 17 33 20 28 16 11 18 17 30 21 27 
24 23 17 41 12 28 15 32 12 16 14 23 16 30 24 16 17 30 18 22 29 28 12 22 24 31 25 39 16 13 20 29 24 18 16 17 24 12 15 29 
21 24 28 33 28 21 21 19 21 25 15 25 24 28 42 12 11 19 22 22 36 27 17 22 27 13 23 25 36 16 21 22 26 9 22 31 21 24 13 24 
41 21 27 37 12 28 14 43 20 11 9 19 21 39 36 23 11 22 21 20 34 18 14 15 24 27 18 36 24 22 22 11 25 18 16 27 16 13 13 14 
25 20 19 34 23 24 26 27 15 10 15 26 30 24 29 22 24 27 18 35 16 25 18 27 24 28 21 36 31 21 28 14 18 16 10 37 16 22 27 23 
36 30 33 31 16 30 6 38 17 22 13 38 15 20 19 21 21 24 20 24 18 21 19 21 29 24 15 26 16 18 15 18 21 16 15 22 18 17 14 24 
28 35 32 27 13 33 22 31 12 28 8 37 18 16 41 21 19 18 14 28 22 36 17 27 26 17 25 48 27 20 19 18 12 19 18 24 27 17 20 31 
22 25 28 32 13 39 13 20 18 28 10 43 19 47 17 29 14 36 21 26 31 27 15 23 20 12 17 28 32 18 29 14 27 28 21 19 14 20 11 20 
27 35 18 29 17 28 15 15 18 22 19 21 51 31 36 20 10 28 27 29 25 27 18 18 22 25 25 27 34 15 18 15 12 13 21 28 25 21 22 36 
34 21 32 17 20 30 23 19 14 29 16 19 19 28 29 22 10 23 10 27 37 16 6 25 16 32 26 37 34 17 31 20 24 26 17 39 20 20 27 17 
24 24 41 33 22 34 17 28 18 20 9 26 37 13 14 15 17 30 20 25 19 30 14 32 22 26 22 39 38 20 30 15 27 30 23 33 16 27 20 26 
29 23 28 41 19 20 16 31 21 26 17 36 18 30 18 15 19 31 18 11 33 24 12 6 11 35 10 43 23 23 27 20 21 21 27 32 15 21 11 23 
31 35 19 31 19 27 25 20 23 16 11 33 31 22 22 17 18 24 15 30 21 31 20 15 5 36 23 30 36 20 20 9 39 18 18 24 18 27 12 25 
36 18 38 21 20 21 25 37 18 24 12 29 40 22 12 18 12 24 24 29 14 14 15 26 19 28 26 35 28 14 23 15 25 27 13 22 9 15 23 17 
24 26 36 32 24 41 14 27 21 21 13 27 28 28 26 17 18 35 14 39 44 28 17 23 21 12 23 40 17 18 30 12 20 9 13 24 11 28 28 36 
28 26 31 35 16 38 23 38 25 36 18 39 37 11 26 20 11 20 19 22 31 23 15 26 32 26 20 41 29 16 27 15 23 19 21 27 19 12 8 26 
32 23 29 27 31 42 23 27 16 32 14 36 44 33 4 21 19 13 19 25 37 30 18 12 28 27 17 19 24 19 28 14 13 15 21 15 16 19 19 7 
27 32 40 29 28 32 7 33 11 26 17 30 43 15 12 12 11 16 18 15 26 24 18 21 15 34 33 53 17 10 26 16 20 21 28 22 16 15 15 30 
26 16 22 18 26 21 8 26 7 19 13 27 29 24 29 15 19 14 31 24 20 36 20 26 14 22 25 20 36 23 20 19 22 27 26 42 25 26 21 17 
21 20 30 23 23 30 21 32 17 15 18 26 22 16 24 19 7 23 15 20 26 33 13 23 25 33 28 23 38 27 35 23 15 19 22 24 17 11 17 15 
30 33 23 31 10 41 24 17 8 21 4 30 21 25 36 17 18 30 37 42 37 37 11 20 19 25 22 17 33 7 35 22 19 24 23 23 23 17 16 20 
26 33 30 23 15 32 22 32 19 30 14 36 39 22 28 26 23 31 23 20 19 33 22 20 21 28 25 12 33 16 10 19 20 20 30 28 28 16 19 20 
26 21 42 14 18 36 24 29 13 15 14 24 25 28 33 19 18 32 22 22 12 44 16 27 16 40 17 30 40 18 34 14 16 26 25 30 24 22 26 20 
23 15 31 35 12 33 15 24 19 24 15 23 32 22 35 13 29 30 22 26 39 20 15 25 20 30 13 28 24 15 23 23 11 19 25 27 27 19 18 19 
30 32 30 37 16 32 24 28 16 23 22 25 30 22 27 23 10 19 19 26 21 16 15 36 12 34 16 36 35 18 27 23 12 20 26 25 18 22 30 29 
25 19 25 34 18 36 21 26 15 36 14 31 29 31 43 15 15 34 23 37 28 36 20 28 8 20 21 33 21 10 38 18 17 18 25 26 20 16 19 13 
18 24 25 15 21 27 18 29 9 20 9 30 42 25 40 15 16 25 24 16 25 32 20 21 30 28 19 46 22 22 25 15 13 21 19 29 28 25 17 21 
22 22 35 8 21 27 26 28 22 21 15 15 33 27 24 14 11 30 23 20 32 22 10 22 17 25 29 41 24 19 18 25 23 22 9 43 12 16 16 20 
36 33 22 24 19 29 27 13 13 22 15 27 29 15 30 12 20 16 30 29 30 15 18 19 20 25 20 31 31 20 28 19 20 27 17 17 23 12 20 29 
43 18 24 28 16 26 9 20 20 19 14 23 23 27 22 24 12 28 28 17 18 25 14 22 27 23 19 42 10 10 20 14 18 28 17 26 23 18 20 29 
22 25 27 23 23 20 15 17 13 34 21 32 17 24 30 16 12 16 17 33 22 21 18 33 18 31 24 39 28 8 26 11 35 30 16 43 17 26 12 32 
41 27 25 32 20 38 9 22 16 25 19 38 33 32 23 24 20 8 20 29 37 36 19 22 27 36 23 26 28 18 26 16 20 30 19 31 10 23 13 37 
32 24 34 5 13 39 16 20 23 33 25 21 33 28 12 17 15 12 14 36 36 37 22 14 19 27 9 29 32 14 16 14 19 26 24 39 28 27 22 25 
33 32 28 38 13 31 23 33 17 14 12 23 22 24 25 15 29 15 16 26 28 28 19 17 19 22 20 24 27 26 26 9 17 17 30 29 20 13 27 15 
22 22 37 52 20 39 26 18 19 32 16 28 33 28 34 18 13 28 38 21 23 22 13 27 21 26 18 42 29 20 18 15 29 22 13 33 17 16 17 22 
28 16 33 30 26 31 20 28 19 19 15 29 23 32 31 16 22 22 19 18 33 23 10 27 28 18 28 21 37 14 25 8 15 17 17 16 31 14 21 18 
41 30 31 25 28 33 13 23 12 18 19 44 32 35 29 16 12 29 18 33 25 33 13 12 7 24 22 20 17 20 16 16 14 23 16 28 23 23 15 19 
35 21 37 17 12 34 13 13 14 11 17 38 51 26 17 24 20 33 21 22 15 28 9 29 19 24 16 29 29 15 20 17 24 25 18 29 24 22 17 16 
29 36 35 36 21 33 14 21 17 21 13 29 24 17 19 17 21 24 23 34 32 15 15 19 30 20 19 41 34 14 19 14 22 23 19 29 23 22 16 24 
32 31 34 21 17 22 23 25 14 24 21 24 28 29 19 15 14 18 25 17 38 27 14 28 17 28 11 31 18 13 11 23 9 23 25 45 12 18 5 20 
15 22 40 30 10 17 26 21 10 26 19 32 28 34 32 19 13 35 30 31 31 29 13 27 28 24 19 45 22 12 22 11 4 21 21 14 24 25 13 31 
23 25 41 7 12 31 19 29 17 26 13 22 29 35 22 21 20 30 21 25 37 29 12 24 24 33 32 24 16 21 32 15 17 19 14 32 36 17 17 39 
25 30 29 22 20 24 14 27 10 15 23 29 26 18 27 24 20 27 15 34 34 20 14 27 33 29 26 40 33 11 30 18 20 9 18 35 16 26 25 32 
29 41 23 29 20 26 16 18 19 23 15 15 25 24 24 15 13 27 18 40 14 19 17 25 18 23 24 24 33 21 23 14 27 16 15 27 18 16 14 14 
16 20 26 27 13 38 22 35 20 22 22 21 28 27 23 18 20 19 7 27 39 25 18 24 17 27 27 37 38 14 26 25 20 14 17 20 27 14 21 21 
18 34 22 23 20 29 23 12 14 37 16 33 24 30 27 16 9 35 24 33 15 29 13 23 23 29 21 25 38 7 26 19 29 19 22 37 18 27 19 27 
17 29 30 20 23 23 17 37 16 25 11 17 27 38 28 22 22 9 24 28 25 25 17 20 29 22 19 28 36 25 23 20 19 15 11 23 16 13 14 19 
40 39 44 28 21 33 20 22 18 13 14 23 30 27 26 17 18 21 28 30 24 36 17 26 13 24 22 16 39 20 20 16 17 30 19 27 23 16 14 21 
31 29 29 14 27 36 22 29 22 22 10 24 34 32 37 15 8 24 19 25 29 34 11 21 18 28 23 15 17 18 20 12 19 20 17 15 31 18 23 18 
22 45 30 11 23 36 10 16 8 16 9 28 41 38 31 19 11 32 27 14 30 36 15 25 21 47 27 29 25 12 19 16 20 20 24 20 36 24 26 21 
32 18 30 22 20 33 19 31 17 18 12 25 33 31 22 26 18 27 23 26 29 28 21 23 20 33 23 30 26 15 24 31 27 23 25 31 23 24 22 21 
23 18 24 27 24 14 25 24 20 27 8 42 18 47 39 15 17 21 21 25 35 33 12 18 23 31 23 29 22 23 10 9 15 20 11 24 33 16 10 38 
39 25 19 40 14 32 20 27 12 24 14 24 30 32 33 14 18 20 12 23 22 26 13 16 15 27 23 24 22 21 32 20 29 30 19 23 18 21 22 24 
19 22 26 34 22 44 11 19 18 7 16 20 32 27 37 13 18 21 12 37 34 12 27 18 13 24 21 30 30 13 20 15 30 18 12 24 16 13 16 33 
24 23 31 32 14 25 11 31 13 19 23 18 27 16 20 30 19 19 22 30 35 17 15 16 8 27 22 35 24 9 27 19 30 25 18 21 12 25 21 20 
37 34 26 18 20 32 5 19 16 24 15 31 31 18 14 13 13 29 22 17 25 8 10 19 16 32 18 42 28 16 31 20 24 32 20 32 31 18 12 23 
21 31 31 30 18 31 19 24 13 31 14 21 17 28 27 23 22 20 24 31 19 24 18 24 18 29 22 41 30 16 23 14 16 12 17 14 23 16 9 16 
28 27 39 31 15 29 24 27 15 19 17 28 27 18 32 16 20 38 20 34 37 23 16 17 19 18 24 31 41 21 26 6 22 25 14 22 19 20 19 22 
28 22 31 19 5 40 13 22 14 27 18 37 32 34 26 25 26 23 36 27 28 29 16 20 21 30 28 36 11 9 32 16 32 19 24 31 26 25 16 29 
39 21 34 30 25 26 22 20 15 23 10 27 22 22 16 24 12 27 31 26 30 24 20 20 26 24 23 25 35 17 31 17 24 29 22 20 23 24 13 31 
37 41 22 28 16 29 18 26 18 19 13 24 39 27 19 13 17 26 24 27 33 27 16 24 15 23 25 15 30 14 26 28 24 16 20 36 20 18 23 30 
34 34 42 26 16 34 18 24 16 27 16 29 24 29 28 12 17 31 30 41 15 42 13 23 22 19 17 31 24 16 28 23 6 25 10 32 23 20 10 29 
27 28 30 30 23 24 16 25 16 21 5 30 20 33 35 20 14 13 18 9 28 27 23 21 13 26 34 54 26 25 12 31 21 21 15 33 24 14 23 20 
27 27 36 18 16 23 20 30 13 22 14 22 29 31 31 24 17 19 24 36 21 35 17 17 17 29 16 28 20 16 17 16 17 20 21 11 30 14 18 22 
28 32 29 16 14 12 20 28 29 17 7 25 24 20 23 23 19 29 12 27 9 24 12 21 24 43 21 35 32 15 26 19 30 21 13 37 28 22 27 25 
21 25 34 39 21 33 20 39 17 21 10 16 24 25 29 5 8 22 30 23 39 23 22 26 26 24 21 19 18 17 14 22 8 13 12 33 22 24 17 23 
29 33 35 20 13 28 30 25 17 33 14 28 14 35 34 17 20 8 17 21 41 27 12 29 24 27 15 37 8 28 29 14 19 28 25 4 20 16 18 19 
34 26 28 30 14 42 21 19 16 25 18 19 29 23 31 15 21 24 16 41 11 26 16 20 12 29 24 21 31 29 33 25 26 32 20 24 18 15 21 19 
43 23 29 40 10 24 16 26 10 27 12 26 30 27 22 15 15 20 23 18 29 14 14 26 24 22 29 15 18 11 27 18 32 6 18 34 32 17 14 30 
25 21 24 26 12 23 18 36 18 10 14 40 19 32 30 20 20 20 31 42 14 22 7 21 22 1 15 17 30 22 18 19 24 25 12 31 30 16 19 15 
17 33 27 35 12 36 23 33 19 26 9 32 25 31 44 21 13 32 23 24 20 37 11 30 10 21 22 19 34 21 21 15 24 12 21 32 18 22 14 29 
29 32 23 53 24 23 11 15 11 23 8 15 19 15 36 25 14 22 14 31 31 21 15 9 20 29 17 43 34 14 19 13 25 15 9 32 20 25 18 23 
44 36 21 12 16 25 24 27 14 33 12 34 29 36 22 20 22 28 24 35 33 42 13 11 12 33 34 33 23 14 17 20 12 11 22 31 12 24 21 25 
28 16 33 29 23 32 27 34 15 9 15 30 21 39 28 30 21 27 25 27 30 26 11 22 14 16 17 32 29 16 26 12 18 18 16 20 19 11 20 23 
34 17 29 44 29 38 26 23 12 21 13 24 31 21 26 17 24 17 28 39 26 33 11 23 20 24 11 31 22 18 40 20 15 10 17 10 16 18 15 32 
32 24 31 33 21 34 16 27 17 30 12 22 7 32 24 19 16 36 22 28 20 34 11 19 21 26 22 32 39 15 31 18 22 18 18 30 18 18 13 16 
30 17 27 10 16 34 7 35 16 26 9 6 23 22 35 24 21 27 30 27 28 16 14 8 17 26 23 30 15 19 36 9 15 23 19 40 28 27 15 29 
19 24 34 45 27 27 22 27 19 18 8 26 18 32 16 16 14 31 20 15 45 23 17 13 12 24 18 29 39 20 17 25 20 23 19 33 27 18 15 14 
21 19 13 14 22 22 30 18 12 26 23 33 25 27 33 21 19 37 29 27 26 17 22 28 18 38 23 44 28 14 23 13 24 12 18 27 20 20 14 26 
32 33 18 14 19 33 18 29 10 21 15 16 31 13 24 20 21 38 20 29 27 20 14 26 16 17 15 23 18 12 23 9 24 21 20 25 17 24 13 20 
32 24 30 31 13 21 26 34 15 33 10 17 18 18 26 18 14 20 26 32 32 30 17 31 25 22 23 37 28 17 11 9 19 20 24 37 24 12 18 31 
28 18 32 38 17 36 19 21 20 18 21 18 8 31 31 16 12 44 23 21 41 12 15 27 21 32 24 28 26 22 12 10 24 10 14 27 21 9 24 26 
33 35 24 21 20 46 9 28 18 23 20 44 30 38 41 12 19 28 19 28 24 23 13 17 15 27 28 35 23 20 21 19 17 14 17 30 10 20 24 33 
24 29 24 28 19 24 23 24 17 21 18 24 30 36 23 21 15 24 24 33 38 30 15 17 21 25 21 38 19 18 28 14 24 23 22 19 16 24 11 19 
28 25 29 24 18 35 15 20 12 29 13 21 36 16 19 8 20 24 26 31 32 20 15 20 20 16 24 42 38 18 17 20 11 12 26 20 13 16 10 27 
25 27 17 27 15 49 19 28 20 18 16 15 30 19 25 19 16 37 19 24 24 30 19 25 24 26 11 23 29 14 15 18 24 20 25 27 10 23 23 19 
28 21 36 33 15 41 18 27 15 22 15 32 34 29 29 23 10 30 14 37 38 30 10 27 22 15 20 34 28 14 29 5 38 19 18 31 31 22 9 9 
26 28 47 22 18 45 19 35 10 26 15 26 28 28 28 18 27 23 18 31 36 24 10 24 15 44 24 31 28 18 23 28 13 28 19 24 10 12 23 21 
23 24 36 22 11 26 25 30 13 6 17 39 30 24 37 21 17 15 21 36 41 31 15 31 19 20 21 31 24 29 24 15 23 15 9 12 22 17 10 24 
27 28 32 19 16 37 18 19 19 18 16 28 24 22 25 22 19 31 37 30 26 21 9 32 12 39 24 31 36 13 24 12 22 15 16 22 20 22 21 32 
19 28 33 35 18 24 17 22 14 10 14 49 22 21 37 21 19 15 22 13 34 8 15 28 13 23 24 25 25 21 23 9 29 26 14 29 26 23 26 36 
28 33 25 38 22 36 22 32 14 23 14 34 24 29 21 15 21 21 34 43 31 32 17 23 28 28 28 27 17 20 15 16 18 16 21 12 20 24 18 26 
24 27 23 26 24 24 21 24 20 24 9 33 28 17 16 19 18 25 27 47 22 28 22 31 16 38 20 28 33 15 28 27 31 11 18 16 27 21 28 14 
22 31 30 15 18 25 17 27 19 16 9 35 32 30 25 26 17 37 24 34 25 28 20 25 17 13 16 28 25 13 29 21 23 28 17 24 22 17 20 20 
34 27 26 26 15 20 17 23 19 25 18 31 21 28 15 19 11 38 17 20 24 37 18 27 19 36 24 22 31 15 29 14 35 18 17 27 24 19 11 33 
22 15 14 28 16 16 17 20 20 23 15 40 17 27 41 18 16 36 22 25 12 37 8 23 12 20 26 10 30 26 34 23 23 23 18 23 25 22 17 25 
23 27 29 17 23 32 20 27 15 21 12 26 24 38 26 29 20 24 30 33 24 28 22 25 23 34 27 36 15 16 28 14 26 12 18 16 19 24 17 26 
34 30 38 23 23 42 13 36 22 18 11 31 23 17 34 20 18 29 20 27 25 25 12 25 26 18 18 30 31 17 14 14 24 23 24 22 15 8 20 24 
25 26 25 29 18 36 22 29 17 19 18 14 19 31 26 25 18 38 12 33 25 37 12 17 12 33 19 31 24 23 17 26 25 28 11 42 19 18 22 24 
17 19 27 34 13 31 22 26 16 25 12 25 32 39 20 18 17 24 25 23 31 25 9 18 20 17 18 38 33 11 20 17 18 21 20 31 15 16 2 23 
36 16 30 10 15 34 15 26 12 16 15 24 21 27 32 26 11 32 15 34 35 23 11 23 14 24 23 32 17 14 28 27 19 18 17 14 21 13 26 28 
26 21 35 25 16 23 19 21 9 23 16 18 33 39 39 28 23 22 15 16 17 30 18 25 18 32 30 33 23 15 16 20 10 29 22 17 19 31 19 20 
22 17 36 47 18 17 12 20 26 13 15 28 10 24 26 22 26 34 25 37 17 26 12 18 19 20 24 29 24 15 22 17 27 10 16 17 28 19 17 18 
35 32 25 32 24 28 15 25 17 19 16 17 27 18 25 17 19 39 10 32 31 28 15 31 6 32 32 29 29 25 26 17 30 13 12 34 23 12 18 15 
21 22 33 31 16 36 13 33 13 15 19 31 17 28 20 17 10 20 22 36 29 34 13 23 15 18 19 17 36 25 22 25 21 20 14 11 24 19 13 26 
25 33 29 35 14 29 19 26 18 34 14 24 22 30 16 10 15 29 16 42 17 34 13 25 22 25 21 30 25 16 13 15 21 13 21 35 18 20 15 18 
42 30 29 36 18 15 17 17 20 21 11 29 20 26 34 15 18 26 28 21 27 15 13 24 25 35 12 21 20 17 21 20 20 34 15 26 25 17 27 33 
21 31 29 22 16 38 13 40 19 16 13 18 33 25 24 23 28 25 9 17 25 25 24 22 20 18 33 36 18 10 30 11 26 21 25 26 27 16 22 13 
20 32 26 38 16 41 21 18 14 26 20 25 21 24 25 23 14 22 25 31 18 33 7 25 17 35 21 30 24 14 22 11 17 17 10 32 16 20 14 20 
37 26 20 35 31 33 19 35 12 19 20 33 17 10 37 20 13 31 24 33 23 29 17 13 26 25 19 36 31 19 22 12 13 16 24 25 23 16 13 18 
27 26 22 19 15 31 16 32 12 12 14 27 23 34 33 15 17 37 21 18 10 20 24 16 28 39 30 37 39 21 32 24 25 19 17 29 25 17 9 12 
33 26 32 17 15 20 25 37 18 16 15 36 19 36 8 24 20 19 24 27 29 16 14 33 24 25 21 11 42 22 23 20 15 23 21 34 22 23 28 18 
23 27 23 31 18 37 19 26 13 21 16 31 34 33 29 17 15 18 21 21 41 36 15 29 28 27 27 16 36 20 25 16 25 22 15 21 25 17 20 31 
23 24 21 27 18 22 25 15 11 18 21 37 27 29 22 25 19 27 25 26 35 11 15 35 27 38 29 36 29 11 23 15 22 17 11 36 28 25 15 33 
27 31 38 29 12 35 12 28 14 22 19 24 47 35 37 24 22 11 23 32 22 38 15 19 16 3 16 40 21 15 10 19 26 17 22 34 28 23 20 23 
29 28 26 16 19 24 19 29 13 19 20 34 36 25 30 21 21 10 20 31 31 18 18 15 12 31 19 29 29 21 22 25 30 14 18 18 22 19 18 36 
40 25 34 24 9 33 21 18 12 37 16 12 31 31 29 30 19 26 27 38 37 23 19 24 24 16 16 40 30 18 24 10 22 25 21 38 17 20 12 25 
25 25 27 35 17 19 9 21 17 21 16 39 26 24 48 22 20 28 22 45 19 39 20 34 16 21 24 35 32 11 35 22 22 23 19 36 26 23 12 21 
43 30 7 33 20 39 19 17 17 25 19 38 33 29 20 21 17 39 27 26 23 24 12 25 32 31 15 43 22 22 29 19 28 18 15 23 22 27 19 16 
38 41 37 30 19 19 20 21 8 29 14 42 35 34 22 15 17 14 21 27 26 14 17 29 11 31 21 44 34 17 30 16 24 20 21 35 20 20 20 17 
41 27 41 35 21 20 18 25 16 31 18 36 37 22 24 22 10 25 18 28 33 18 22 29 26 39 21 37 26 13 17 19 26 31 7 36 22 24 24 26 
28 23 14 25 14 16 19 25 20 22 18 35 22 18 37 24 14 12 23 30 23 29 16 20 9 13 17 37 9 14 17 13 24 32 17 29 29 15 17 21 
32 20 42 32 23 36 16 26 16 25 14 26 37 36 33 15 20 19 22 34 24 27 25 39 20 21 15 36 43 17 32 24 18 20 17 33 36 15 18 37 
35 43 31 30 33 50 24 22 18 14 19 28 27 24 25 24 19 23 25 27 28 30 17 19 19 20 25 42 19 19 15 30 8 30 16 13 16 15 23 26 
31 22 18 18 13 36 22 21 19 32 13 33 11 18 29 19 25 31 15 27 39 18 10 26 33 26 25 24 36 26 27 25 24 21 17 33 17 20 11 32 
35 16 27 26 22 34 14 28 20 30 20 31 26 29 25 26 14 33 21 17 18 20 12 8 10 23 21 39 15 20 15 24 31 18 17 20 12 13 18 40 
32 32 9 26 15 35 16 29 12 26 15 27 9 15 26 26 16 18 15 41 19 40 20 16 18 35 32 22 33 27 20 19 19 16 18 22 19 25 11 34 
25 19 29 24 21 32 20 32 14 36 15 20 36 23 13 20 25 19 18 35 26 19 19 31 18 40 16 22 18 18 30 22 24 22 10 28 18 21 23 26 
23 24 18 16 22 24 14 26 18 13 18 17 40 30 13 13 21 31 28 30 41 29 16 21 14 29 31 12 28 19 39 29 27 25 26 38 26 17 13 17 
22 30 22 29 12 34 28 19 11 24 19 32 12 27 12 12 21 24 13 27 13 19 10 24 18 20 15 10 24 22 33 14 23 18 10 16 27 19 8 26 
22 23 34 30 28 27 23 23 25 22 18 23 23 31 31 20 23 16 18 39 10 29 18 15 20 42 27 27 35 14 22 17 22 26 20 30 22 17 21 13 
29 19 34 16 21 33 23 29 14 13 16 16 29 18 17 9 22 18 21 37 34 30 13 10 23 29 24 37 28 19 35 22 21 17 19 37 23 21 28 23 
21 28 27 34 17 27 19 34 5 20 15 20 21 24 34 19 15 24 21 24 49 26 17 18 20 28 26 29 39 18 13 15 20 13 24 19 19 11 9 24 
26 29 26 17 14 17 29 29 14 14 7 27 27 35 23 17 15 19 19 48 40 28 10 15 15 25 26 40 28 22 28 21 16 6 15 35 23 18 19 18 
16 21 33 25 13 23 11 31 15 23 18 26 11 20 22 28 10 22 21 29 22 29 13 11 17 19 25 39 20 21 32 22 20 26 17 32 27 24 12 24 
40 23 27 39 29 29 19 28 11 18 17 6 24 31 23 25 19 23 12 21 31 23 17 18 26 36 23 14 27 13 32 22 11 25 18 33 24 11 21 23 
41 28 34 32 24 26 27 11 21 18 17 21 39 22 26 17 21 29 18 24 25 28 21 20 17 28 24 33 18 24 41 11 18 24 20 22 23 24 24 24 
22 30 28 14 21 31 25 25 19 27 11 22 34 47 29 18 13 34 21 22 18 22 13 17 20 17 25 25 19 20 28 21 25 19 22 13 17 15 21 23 
41 23 27 30 24 36 24 22 16 4 14 24 25 27 25 11 23 26 21 29 28 32 15 31 9 28 19 19 15 12 19 10 16 15 8 33 19 18 9 33 
26 33 27 25 17 20 19 29 11 31 19 26 27 24 17 21 13 24 33 28 11 30 12 26 24 32 23 40 23 14 27 12 17 29 32 16 28 22 14 24 
15 46 41 27 16 21 23 32 12 17 13 35 22 22 16 13 14 28 21 27 30 16 15 23 16 33 19 22 37 11 27 13 16 21 15 13 21 16 9 15 
35 22 26 29 14 28 14 9 13 13 17 27 19 25 40 18 16 27 23 43 33 39 17 23 21 17 16 18 39 20 33 14 24 19 16 31 31 18 15 22 
28 22 22 18 20 28 27 30 24 17 9 44 6 26 26 21 25 36 18 17 20 24 13 20 33 19 22 24 18 13 27 24 24 14 9 19 21 8 15 15 
34 17 18 22 23 26 16 17 13 29 19 30 40 24 28 15 24 28 30 29 22 31 18 22 24 37 23 24 29 25 34 16 24 15 13 32 15 33 18 25 
27 28 27 35 17 31 11 30 16 34 10 30 28 35 26 20 18 20 27 36 36 7 10 23 25 22 20 27 24 28 37 12 26 27 22 12 20 18 27 35 
39 27 24 44 17 20 21 22 20 20 13 36 42 34 30 20 13 27 15 26 28 26 19 21 17 24 26 34 28 22 28 16 24 17 12 40 22 17 23 28 
25 29 26 37 20 32 16 35 13 30 15 21 25 32 38 17 21 22 23 26 30 22 16 22 22 25 28 34 27 14 36 16 27 30 20 29 33 20 22 16 
26 25 26 21 10 30 12 41 13 26 12 27 23 16 21 17 14 28 13 37 19 26 15 31 18 15 29 29 30 20 31 17 22 14 18 29 31 15 18 38 
23 28 25 10 25 48 14 31 16 14 9 29 36 11 25 25 21 35 25 20 25 28 14 21 27 25 19 17 19 18 17 19 24 21 20 29 28 22 21 28 
34 33 31 29 22 28 15 23 16 23 14 24 37 26 27 16 15 9 28 30 36 28 13 23 25 14 19 46 36 18 35 22 17 17 20 26 17 18 15 30 
19 16 24 26 22 8 23 24 20 22 18 27 19 28 36 18 19 30 16 33 23 27 9 25 16 25 21 24 33 24 20 23 19 29 15 36 17 25 21 21 
22 22 35 28 12 45 15 31 14 18 17 18 22 26 42 25 18 29 25 38 21 40 17 8 18 3 25 38 33 23 17 14 22 17 18 32 25 15 26 17 
38 30 31 23 11 37 19 19 20 20 17 30 33 21 29 18 26 22 23 40 37 20 11 19 29 21 25 26 35 11 32 15 14 23 25 13 28 19 13 34 
16 22 37 33 21 26 27 19 16 30 16 11 30 22 21 24 25 29 25 26 21 27 12 29 29 18 17 27 17 18 14 18 27 20 24 20 23 25 14 27 
20 29 20 38 23 34 16 27 18 18 26 24 29 18 20 11 18 24 31 28 19 19 17 38 15 26 19 41 25 20 18 20 23 27 14 26 23 23 23 19 
30 26 37 27 20 34 15 26 11 19 15 31 26 27 19 18 14 28 17 7 26 37 17 31 32 27 12 41 23 19 27 21 20 30 15 23 17 13 16 24 
34 27 33 36 15 39 27 22 12 20 10 35 25 22 27 19 7 27 17 26 21 35 15 32 17 22 16 32 31 19 31 18 32 23 21 27 15 16 18 26 
30 34 25 25 24 33 31 34 11 18 15 29 37 33 38 19 12 16 21 30 22 27 15 24 22 18 7 37 18 6 23 18 25 20 13 25 22 20 18 25 
24 32 35 25 15 35 16 26 18 20 12 11 39 28 53 17 18 20 22 38 9 25 12 25 19 21 30 33 29 14 22 22 19 24 28 34 25 15 22 17 
27 33 21 33 18 39 23 35 12 18 15 40 32 22 39 12 17 15 27 28 13 18 11 18 15 23 31 9 26 25 32 17 20 15 17 12 21 17 12 23 
28 35 30 13 18 17 28 25 21 24 17 37 23 18 9 22 8 27 24 28 41 41 14 23 27 41 24 40 18 13 34 8 8 9 20 29 24 24 10 25 
40 18 34 22 5 19 17 20 18 32 14 25 29 32 21 17 24 24 21 26 25 17 22 15 13 23 15 21 28 21 27 17 36 23 13 25 20 18 27 20 
39 28 42 19 16 25 19 23 11 31 12 34 35 34 24 17 13 25 19 12 24 18 12 21 34 28 33 35 37 26 21 24 21 8 21 21 24 18 24 24 
45 36 20 27 18 27 13 40 18 18 14 23 10 21 26 20 16 25 27 27 39 16 13 18 23 12 30 29 41 20 28 14 27 16 23 19 15 12 28 23 
31 27 15 23 23 35 5 21 13 29 17 31 12 16 13 18 16 18 26 51 10 18 15 25 33 27 28 20 32 20 18 11 19 21 15 20 21 15 20 16 
23 26 37 22 19 27 12 29 14 12 19 29 33 27 19 20 20 32 16 37 14 15 17 25 9 33 16 15 28 20 19 21 18 10 26 34 13 18 17 22 
24 23 22 29 20 31 23 21 15 18 16 37 41 17 26 19 14 22 21 30 33 18 18 27 9 25 27 43 24 19 33 13 19 16 15 34 15 20 25 31 
32 14 21 30 24 18 19 11 18 11 11 14 25 28 24 22 13 14 27 30 34 20 18 26 27 27 20 17 18 13 31 21 25 14 22 37 26 22 28 23 
35 10 21 40 17 28 21 19 19 27 13 26 48 33 27 16 18 25 24 29 21 36 10 27 20 42 17 40 18 23 29 18 23 16 20 24 21 16 20 20 
16 41 28 24 16 18 23 16 13 21 18 27 38 22 21 7 9 32 27 23 14 25 22 33 12 30 28 20 30 20 32 14 19 20 23 35 9 12 15 18 
31 27 37 24 23 25 18 34 19 24 13 45 23 38 43 18 29 15 33 36 31 27 13 16 13 30 24 33 30 25 24 22 30 19 20 33 11 18 20 15 
24 43 18 16 15 48 11 28 20 28 17 36 28 19 36 15 23 21 24 32 24 31 12 21 28 41 13 37 25 19 31 28 12 18 12 22 24 13 8 29 
14 26 16 20 23 47 20 30 18 17 15 24 8 30 28 22 21 23 21 29 44 32 14 28 23 28 29 25 44 23 22 18 31 32 18 24 27 22 12 36 
40 45 23 36 22 32 18 30 20 19 20 41 24 24 26 17 14 28 28 20 29 33 10 23 25 11 19 33 39 9 36 5 10 20 21 30 22 16 12 19 
27 25 31 30 18 35 15 16 19 28 10 31 31 21 26 23 15 37 21 40 42 15 11 25 28 21 18 45 19 13 31 17 12 13 18 38 26 17 17 33 
28 32 36 22 19 10 14 31 22 29 16 33 30 16 32 24 18 25 37 11 21 32 11 27 18 38 26 36 31 6 25 17 18 20 22 15 9 17 22 12 
19 19 36 13 17 23 20 34 10 18 13 34 44 23 22 19 6 11 34 36 35 25 18 24 14 25 23 40 26 18 30 21 14 27 12 25 22 25 15 38 
21 20 25 32 21 18 17 29 16 15 7 29 8 13 38 19 9 31 14 22 6 39 14 13 22 27 31 36 36 11 13 12 24 29 7 29 31 22 22 22 
45 33 31 19 17 14 24 28 16 21 19 32 40 16 39 23 13 17 17 26 19 28 9 15 20 31 25 26 32 16 45 13 30 34 19 38 27 20 16 24 
33 28 31 23 22 37 18 33 23 14 15 17 25 24 35 20 14 35 25 38 25 27 9 9 14 27 27 28 35 19 27 23 23 22 13 32 22 16 15 31 
31 25 26 41 19 32 19 18 9 25 11 31 36 38 45 29 17 27 28 31 23 30 19 23 17 25 23 30 24 18 32 22 23 28 14 6 20 19 9 21 
40 24 38 30 13 54 26 35 11 24 11 35 35 30 30 11 21 30 25 27 31 22 14 22 12 24 29 30 34 9 29 14 21 18 22 23 5 8 16 9 
40 28 24 33 20 25 18 18 16 26 15 31 49 27 30 27 17 18 27 43 31 33 12 27 21 20 25 39 53 22 31 22 27 23 23 34 20 22 13 34 
26 21 16 37 26 26 22 30 18 28 19 12 25 21 23 21 22 28 22 30 32 29 14 29 30 21 29 13 32 27 16 16 18 25 29 20 15 15 20 25 
33 33 33 31 15 23 22 33 12 14 16 25 31 10 24 15 20 20 26 17 28 16 15 30 20 32 16 31 29 18 22 25 22 15 22 14 16 16 19 16 
23 26 34 17 23 40 24 29 13 25 16 38 25 31 28 20 25 30 25 35 36 20 18 20 17 36 24 26 25 15 22 18 19 18 19 19 25 17 18 29 
30 15 32 29 13 42 17 33 9 33 19 27 25 17 16 19 18 22 21 27 31 35 22 10 24 20 16 23 28 17 32 26 20 32 15 17 32 14 13 20 
31 28 45 30 25 31 24 36 17 14 19 36 27 27 29 24 15 17 12 19 25 30 20 10 16 14 17 48 20 19 16 20 22 24 17 21 19 29 9 22 
28 27 18 30 23 35 19 27 17 29 8 27 27 23 26 23 14 26 24 26 39 18 14 20 16 38 17 31 47 22 14 17 24 11 23 29 24 30 20 28 
15 31 34 15 18 21 16 29 12 24 16 36 17 25 29 23 9 16 22 42 30 21 14 25 16 13 28 21 26 7 15 16 15 26 18 34 19 15 23 21 
34 27 17 26 18 25 24 29 9 26 10 24 26 23 33 17 17 22 21 20 26 22 17 24 16 26 23 24 30 13 28 21 37 29 20 37 21 27 24 27 
15 18 27 26 10 27 14 42 17 29 16 24 32 29 30 22 19 18 32 46 29 29 15 20 16 17 24 23 28 14 21 10 22 24 18 32 21 20 25 28 
26 31 24 29 19 28 22 30 14 27 9 23 8 25 16 17 16 25 18 34 25 29 17 27 9 22 27 40 44 19 36 22 26 23 28 19 20 20 14 4 
13 38 42 21 22 31 18 29 10 20 17 21 40 30 34 21 17 18 21 24 34 35 21 18 26 34 15 43 28 16 16 13 17 15 25 8 25 22 20 30 
26 23 23 30 21 27 26 29 15 26 12 33 24 28 37 19 11 23 20 29 36 25 13 29 19 19 22 34 26 20 16 26 13 18 16 24 17 14 22 25 
46 29 34 33 20 23 5 22 19 13 17 36 28 23 29 12 9 25 24 32 12 30 19 21 23 26 15 54 24 23 16 13 22 19 19 27 8 22 16 26 
16 26 30 25 14 42 20 22 24 13 14 37 27 1 29 18 20 31 23 17 18 31 12 17 13 21 21 39 36 14 6 26 26 33 13 30 21 19 21 25 
25 26 29 14 12 21 14 25 6 26 22 35 42 36 29 23 19 32 30 25 24 29 16 14 18 32 24 28 27 18 30 20 21 28 18 20 26 25 16 23 
43 35 26 26 25 26 12 20 18 24 17 29 20 9 32 19 10 19 13 19 41 40 16 28 16 25 22 26 35 12 26 28 15 17 19 31 31 20 16 26 
15 22 29 28 15 28 22 13 17 19 14 26 33 28 23 23 15 23 33 26 9 26 26 30 16 30 28 26 44 10 33 1 18 23 13 28 15 12 24 23 
32 29 23 27 17 24 16 18 22 25 20 40 25 27 21 28 20 24 22 36 21 26 11 29 20 20 12 23 18 21 21 14 34 17 25 32 17 19 10 34 
47 26 46 32 21 14 27 24 13 9 15 25 35 27 9 24 17 28 16 29 37 31 12 29 20 38 37 35 22 25 18 14 5 17 29 29 27 23 16 30 
38 22 19 37 16 37 18 20 20 25 14 19 24 13 21 18 18 25 18 38 27 14 21 22 24 26 19 28 34 22 18 15 21 29 15 20 19 18 12 34 
27 34 22 40 19 30 18 31 18 20 14 30 34 21 21 21 15 27 24 28 16 29 9 25 17 37 12 31 35 19 23 24 20 17 19 23 24 16 6 34 
28 28 37 28 24 9 18 24 11 24 11 39 29 27 29 22 16 11 27 43 29 26 18 11 32 21 27 20 28 16 23 22 31 21 23 24 21 11 14 27 
24 37 11 18 19 18 16 23 14 28 11 22 20 35 16 20 24 16 25 11 25 31 18 20 22 23 30 25 20 17 28 20 30 34 23 16 30 26 20 23 
26 7 35 15 7 21 11 24 20 19 23 24 20 23 36 21 19 18 10 30 31 22 16 17 21 16 17 20 28 18 16 13 26 22 28 23 15 16 21 26 
16 26 32 31 19 34 23 23 12 27 14 16 24 34 31 13 22 30 26 39 19 24 18 23 16 38 18 41 37 18 25 25 10 23 18 39 21 21 21 18 
26 27 27 29 26 27 13 28 8 29 19 34 29 33 36 22 13 24 17 39 12 30 13 22 26 27 22 21 24 28 33 14 22 22 26 10 29 13 23 31 
33 44 29 32 10 15 15 27 17 7 14 40 15 31 41 13 19 23 18 20 25 31 13 25 15 32 26 33 19 19 29 24 26 20 13 19 22 15 28 29 
25 33 29 25 13 33 19 32 16 22 11 24 24 29 15 18 20 32 16 31 26 23 13 13 21 32 15 42 34 13 25 22 18 27 12 31 29 26 19 28 
28 30 37 18 21 7 22 11 6 11 14 35 25 10 29 26 14 41 17 27 28 21 13 18 30 12 24 29 32 19 28 13 23 45 14 25 15 11 19 31 
35 28 35 25 21 37 23 22 21 29 10 31 49 35 37 12 22 23 23 25 25 34 16 17 16 23 24 10 47 18 32 15 26 19 19 23 34 8 16 16 
37 33 33 24 18 38 15 29 16 16 10 24 30 31 17 25 17 20 16 41 30 21 27 6 30 25 21 28 22 17 21 9 16 23 18 26 14 19 23 24 
37 18 39 17 16 32 14 40 20 19 9 34 31 19 20 16 28 40 23 33 27 25 16 31 17 30 19 55 23 17 20 22 19 19 19 19 23 18 14 24 
19 23 19 27 13 23 17 29 17 29 16 25 26 15 28 23 22 32 16 18 28 18 20 22 14 30 22 34 38 23 16 8 17 17 20 14 20 28 19 21 
14 22 31 23 22 26 22 21 12 22 14 31 27 32 17 7 12 32 12 22 35 18 13 26 22 21 26 32 32 24 16 15 27 12 22 34 15 16 21 31 
26 26 29 39 17 20 23 20 15 9 13 26 32 35 34 17 19 30 24 34 44 30 16 20 15 23 25 33 28 18 24 14 21 34 13 26 22 21 16 29 
23 27 40 30 10 37 14 41 17 14 15 29 24 33 28 18 21 26 28 33 39 37 11 12 21 30 31 26 11 18 25 26 35 18 21 28 30 14 15 30 
30 33 34 40 21 29 18 34 18 26 23 33 22 12 23 17 13 20 22 21 41 34 11 21 23 30 24 38 42 22 21 24 15 25 17 31 17 11 15 25 
31 30 29 23 16 9 19 25 17 20 16 22 15 36 39 21 22 28 24 31 25 31 19 19 25 31 36 32 45 7 24 23 22 13 11 14 14 11 17 13 
24 29 29 20 17 47 23 32 18 19 12 34 31 23 34 23 12 25 16 29 20 31 12 18 13 16 15 42 36 26 20 24 24 17 20 16 13 23 22 23 
38 21 24 21 24 28 12 16 17 15 15 37 25 30 26 18 16 20 17 25 29 37 15 27 27 17 17 24 17 13 26 14 27 25 6 29 20 23 23 25 
28 34 45 25 6 18 14 29 19 18 18 26 16 28 20 28 15 27 25 39 25 21 15 28 13 47 25 27 17 16 15 22 25 11 23 20 24 18 24 21 
34 30 34 37 19 38 18 29 16 20 10 22 32 39 32 17 12 10 19 13 25 35 17 31 19 32 19 26 19 20 23 20 32 27 16 21 22 16 13 34 
33 39 20 38 16 33 27 20 17 22 14 24 21 26 17 17 22 22 12 17 33 19 19 25 5 40 25 38 18 24 21 16 30 14 25 29 18 15 12 37 
17 22 34 16 20 35 20 45 20 25 19 20 26 20 31 11 17 23 11 20 26 37 16 19 12 37 20 22 29 20 28 24 16 19 20 27 17 18 17 23 
35 34 31 15 19 19 7 22 17 36 14 35 46 30 33 25 15 18 17 20 45 35 13 17 25 24 20 31 22 19 23 17 13 21 21 29 20 15 11 25 
31 35 34 18 15 34 27 29 11 16 14 17 21 39 33 13 13 18 28 39 22 14 17 31 24 24 16 21 32 14 12 16 24 21 18 33 22 13 24 25 
32 30 46 25 21 18 29 28 16 23 16 15 26 14 26 13 21 27 25 37 25 17 15 28 21 23 15 31 31 12 33 17 18 25 15 14 21 24 16 20 
32 32 13 21 14 27 26 32 14 36 16 22 33 29 37 22 17 38 21 33 18 23 13 23 21 29 29 35 31 19 28 21 30 26 18 35 23 17 21 39 
30 28 28 21 16 25 24 27 14 24 14 16 15 35 23 16 13 17 27 33 26 16 15 19 20 31 22 39 21 22 27 9 28 19 9 24 18 19 24 23 
27 21 39 20 19 29 14 13 11 35 18 18 31 18 30 16 10 18 23 35 38 37 10 26 22 22 22 32 34 18 19 19 14 19 12 38 31 19 6 19 
33 22 12 36 14 36 12 22 21 24 6 19 30 35 22 24 14 32 9 21 33 25 5 33 13 23 19 34 34 19 27 13 37 18 23 19 21 22 26 24 
25 35 23 34 22 32 27 20 10 22 10 26 37 23 22 19 15 36 15 34 32 24 16 16 32 30 31 29 21 19 30 21 15 16 21 31 24 10 17 9 
23 29 31 23 14 37 15 32 19 17 10 16 32 22 26 15 13 30 25 22 35 32 14 30 29 18 21 29 25 21 18 12 29 19 17 15 19 12 15 30 
21 23 29 26 21 37 19 25 22 31 16 27 21 22 25 25 5 32 20 26 30 30 13 29 33 31 24 22 21 16 13 19 19 27 20 25 19 17 17 11 
38 24 34 20 18 36 12 34 19 25 14 32 29 21 44 22 9 24 16 19 25 26 17 23 27 24 25 39 33 9 43 11 9 26 17 33 27 32 24 38 
34 24 35 20 16 28 24 25 15 25 11 34 22 18 27 19 6 23 29 27 43 39 19 21 8 46 29 27 23 14 41 25 25 27 28 15 25 29 23 20 
36 30 37 23 16 20 29 29 16 20 17 12 35 20 35 20 16 40 28 26 16 18 4 18 19 28 25 29 18 18 32 20 16 15 17 31 31 16 27 29 
30 24 21 44 16 30 21 25 18 27 17 40 37 20 21 12 21 25 25 40 33 21 10 27 12 21 30 22 34 21 34 21 26 23 24 43 23 23 21 30 
39 27 37 29 20 34 16 33 9 24 10 29 27 34 46 14 17 34 15 35 34 20 20 28 9 41 23 27 24 15 18 15 26 14 24 20 17 14 17 22 
32 22 34 21 15 26 20 30 16 27 7 28 34 20 27 19 15 21 21 27 40 27 9 24 10 33 19 39 18 5 35 16 27 22 23 31 19 22 19 19 
30 17 28 10 20 31 18 33 12 21 15 14 35 41 2 24 14 14 25 24 13 38 9 23 19 38 35 27 34 21 28 19 21 11 32 19 25 23 14 28 
21 24 31 26 16 27 28 36 19 15 20 39 29 30 22 18 23 28 17 24 33 31 15 13 8 29 22 38 25 19 26 22 14 27 11 23 25 13 15 26 
32 24 26 24 17 20 20 21 18 18 16 44 33 19 30 13 20 24 25 29 28 33 11 16 18 18 18 26 37 9 17 17 5 12 24 34 16 16 18 16 
28 32 38 24 16 26 25 21 22 21 17 19 21 19 11 16 18 19 22 40 30 22 14 32 33 29 16 26 29 21 13 23 18 15 28 39 27 17 15 14 
21 33 24 24 24 26 21 22 19 17 17 28 32 19 15 16 14 21 27 29 30 19 21 18 21 22 15 28 19 6 25 18 6 17 16 16 27 22 11 18 
37 25 37 41 22 23 25 32 17 29 13 37 25 30 23 26 23 25 18 20 30 34 17 32 22 31 28 41 35 23 28 14 23 22 26 31 18 26 15 25 
21 28 28 35 10 28 19 21 19 27 18 51 29 20 32 27 19 32 13 35 35 24 18 24 21 28 26 26 36 16 25 21 21 20 12 34 25 19 19 23 
30 22 32 38 17 24 14 33 18 19 10 34 22 33 35 25 15 28 19 31 16 38 13 30 27 28 14 22 24 12 16 18 35 17 18 29 30 10 21 30 
30 25 30 31 27 33 18 17 15 24 1 26 33 23 34 19 17 20 19 18 19 37 17 19 13 15 29 25 31 30 21 20 33 23 25 32 23 21 18 16 
35 24 27 48 20 44 20 30 16 26 16 28 24 21 21 23 17 34 17 32 25 27 10 26 10 18 5 13 20 13 26 19 18 25 23 28 22 25 11 23 
18 31 30 28 20 26 14 20 21 19 11 30 36 29 21 21 14 19 23 25 27 31 14 27 25 29 29 34 28 16 21 15 23 9 14 20 22 21 5 15 
20 12 26 36 20 31 23 32 22 29 12 28 22 28 31 22 22 12 16 42 22 14 17 25 17 38 28 21 42 4 24 17 21 21 21 35 15 12 17 14 
34 20 22 26 19 43 16 14 8 16 21 26 35 24 31 17 13 21 20 32 23 26 18 26 25 34 25 33 24 4 34 20 19 20 11 19 24 13 15 30 
33 26 19 27 23 22 24 26 16 26 13 22 22 31 38 25 9 23 32 22 27 25 15 12 10 37 15 29 32 17 31 15 18 20 14 30 22 8 21 28 
24 17 36 25 14 31 21 27 21 24 12 28 32 26 30 21 16 19 30 24 24 33 15 33 23 24 23 40 27 15 30 15 22 21 18 26 23 19 22 26 
50 20 28 28 21 22 19 29 19 26 15 37 27 24 22 26 18 23 15 23 15 22 14 20 22 34 16 33 31 17 21 20 14 25 23 16 20 17 14 16 
41 26 26 11 21 28 21 28 11 14 20 37 45 26 28 21 15 25 20 21 34 19 21 23 20 28 17 48 34 12 27 1 30 21 24 38 17 16 19 36 
44 20 30 24 14 31 25 20 21 21 21 27 32 28 18 13 19 14 21 28 26 23 21 17 6 9 25 37 30 18 19 20 12 18 24 11 23 17 19 25 
30 33 17 16 20 39 20 21 16 17 5 34 24 13 23 16 17 19 28 36 28 23 11 21 30 16 22 43 30 19 19 21 33 17 26 28 19 12 15 25 
22 26 26 24 17 48 13 28 22 27 14 25 27 38 33 16 19 20 24 35 41 34 12 22 28 30 20 15 27 19 19 14 21 15 19 33 23 14 19 21 
34 24 35 24 25 37 28 34 13 17 13 31 24 21 28 19 16 17 1 22 32 15 11 27 27 36 24 19 25 20 29 6 30 12 20 29 35 14 23 38 
23 33 37 40 15 25 17 31 13 19 7 21 29 30 26 11 24 19 22 32 21 36 17 22 16 20 22 28 26 21 29 17 17 16 18 37 22 20 11 31 
42 33 34 24 26 33 17 26 16 23 22 30 27 33 49 19 24 29 27 27 41 17 16 21 19 42 22 30 28 20 17 16 27 12 24 21 15 13 15 29 
27 28 32 30 23 32 19 27 16 31 10 33 25 26 32 23 20 17 27 36 33 22 19 22 25 35 25 36 28 15 37 18 24 17 21 23 22 13 17 24 
35 30 24 27 16 32 23 16 15 30 22 26 22 15 30 20 16 22 25 37 15 30 17 26 18 32 25 27 15 19 25 13 24 9 18 20 21 14 23 22 
26 21 42 37 14 38 16 26 15 24 21 29 23 31 24 16 15 25 28 26 10 29 12 31 15 24 16 32 41 17 12 22 24 25 20 27 17 14 21 34 
22 12 27 34 20 35 12 32 15 22 22 19 30 32 16 29 16 23 23 21 43 22 18 26 17 26 21 30 28 15 21 13 22 21 22 24 30 26 15 20 
39 21 30 25 15 47 18 20 18 7 17 37 37 19 32 19 18 23 20 32 32 22 14 24 13 39 29 19 20 23 25 18 14 19 18 38 32 7 9 19 
30 27 16 9 19 34 19 32 14 32 11 26 21 39 26 19 24 27 23 38 5 23 23 12 14 25 29 39 43 20 23 20 16 9 19 11 25 22 15 29 
10 28 36 28 18 29 23 17 14 24 15 30 27 30 21 22 17 13 22 40 28 19 19 17 18 33 24 29 39 20 23 26 23 15 18 29 16 27 27 28 
44 33 28 22 7 42 20 22 16 25 17 19 24 28 25 29 7 25 20 25 22 21 12 18 13 20 26 30 21 8 26 19 23 26 23 29 19 13 18 16 
25 22 29 28 21 32 18 25 20 17 15 26 24 19 30 15 16 25 22 36 19 38 7 22 24 32 19 33 21 13 39 19 19 18 5 30 20 24 25 18 
33 40 40 39 16 40 16 15 15 15 15 35 18 26 21 20 17 24 28 30 31 24 17 38 11 19 26 30 42 14 24 25 7 18 12 41 15 24 20 17 
11 28 28 30 18 14 27 32 22 18 17 18 32 21 7 8 21 22 23 35 28 32 13 23 34 26 28 20 36 17 24 15 21 25 20 29 24 19 25 17 
25 29 31 22 14 35 21 30 18 21 6 19 25 21 33 22 20 29 22 29 44 35 7 31 13 26 28 38 25 11 19 16 20 14 24 21 27 15 27 14 
35 20 20 40 14 39 21 32 13 23 15 20 18 35 22 18 18 30 20 29 4 28 9 22 23 26 19 32 34 21 7 15 20 21 20 35 9 14 17 18 
31 32 25 32 21 19 22 24 19 33 11 27 27 39 30 18 16 24 27 26 22 34 15 24 27 32 26 35 33 25 28 14 18 24 21 28 27 19 18 26 
32 27 21 30 16 35 14 41 12 36 10 15 10 28 21 23 20 18 20 28 24 21 14 19 18 35 14 24 28 2 26 18 22 16 16 16 19 29 17 28 
33 29 34 34 23 24 22 22 16 11 15 24 20 31 40 25 21 42 23 34 22 22 21 25 20 33 25 26 27 18 24 11 17 28 20 29 24 21 14 31 
26 35 50 38 23 26 15 25 21 28 15 28 32 33 23 19 10 14 16 26 31 19 13 25 23 42 16 26 12 16 24 11 23 28 20 39 19 18 15 18 
38 24 20 27 16 4 18 17 13 26 20 29 8 27 27 20 14 14 19 38 16 31 20 6 29 22 21 40 28 15 18 18 21 26 20 15 26 6 21 18 
21 27 11 25 9 38 20 27 11 27 10 32 17 33 34 19 29 16 17 31 15 27 17 22 30 32 27 46 18 22 34 22 29 16 19 31 35 11 19 37 
22 26 24 14 20 39 19 30 13 20 14 29 29 30 30 13 13 18 30 35 30 13 14 21 24 30 18 25 17 22 17 25 21 23 19 30 24 26 23 29 
45 27 21 26 11 18 19 35 20 23 15 27 35 36 33 13 24 33 14 31 30 31 20 15 20 25 10 28 34 25 23 17 21 15 12 47 28 17 17 6 
28 18 31 12 17 28 19 20 20 21 16 27 6 20 27 17 25 20 29 14 33 29 12 20 27 33 18 40 35 22 25 25 15 24 29 33 19 17 16 38 
39 28 23 30 15 21 24 12 15 31 8 30 38 42 30 25 3 22 23 29 11 25 17 19 32 27 37 40 10 12 24 21 28 10 17 23 29 29 21 30 
16 23 23 28 13 29 20 34 14 20 16 33 19 34 27 14 17 8 18 28 26 21 12 22 24 31 11 23 37 21 24 19 19 16 26 28 22 10 17 29 
17 20 28 39 16 38 21 23 18 25 15 28 30 14 34 16 27 10 24 22 24 20 13 23 15 24 28 19 19 6 24 24 16 27 22 12 30 15 12 26 
29 21 39 27 19 27 26 25 19 18 11 31 38 12 13 18 16 35 17 39 40 32 10 25 25 13 21 49 25 6 19 11 23 23 16 33 24 22 24 31 
39 34 22 11 27 25 4 30 15 37 11 18 47 17 34 26 19 22 18 26 23 43 18 28 30 31 16 26 21 12 14 17 24 27 18 21 33 12 24 18 
21 25 19 18 16 18 19 27 17 26 21 30 39 29 31 20 16 20 20 31 32 22 16 33 25 25 23 32 22 22 17 8 17 20 19 33 24 13 20 28 
32 20 28 33 26 34 19 23 8 25 12 40 36 16 37 18 21 21 27 29 27 29 16 20 17 24 22 26 36 17 34 6 18 20 20 25 30 23 15 21 
19 32 38 21 27 21 22 23 15 31 19 21 22 32 50 17 10 28 22 24 37 19 17 28 22 31 19 24 26 19 32 18 24 22 20 40 15 25 10 28 
34 28 20 26 14 24 14 22 15 18 13 35 26 27 40 20 22 17 29 39 24 13 14 12 28 27 27 26 37 14 26 18 33 19 18 36 11 17 18 25 
34 31 29 29 14 22 19 31 14 17 15 16 17 40 16 18 14 14 29 33 30 28 14 17 23 25 23 39 27 20 36 11 21 21 24 19 14 12 26 27 
39 19 25 22 26 28 15 23 18 13 19 18 30 29 23 10 17 17 22 28 29 19 10 24 16 21 14 39 24 17 24 16 29 20 27 25 21 17 26 26 
37 14 29 38 30 24 20 28 22 16 16 40 38 23 12 20 25 26 29 33 39 21 12 34 19 24 13 55 22 20 25 19 14 26 17 20 27 12 22 27 
41 21 42 25 17 15 14 10 14 18 15 31 34 22 19 15 29 18 23 23 26 24 12 25 24 24 25 44 11 17 27 21 21 23 17 31 18 18 8 26 
44 21 28 32 12 29 19 25 16 21 8 36 39 21 32 22 17 16 19 10 24 13 19 12 16 23 14 41 22 7 32 10 18 27 9 17 11 23 16 38 
36 25 45 39 20 30 16 21 16 8 10 28 16 23 31 7 23 30 20 41 31 19 16 28 16 22 21 26 27 21 29 8 16 14 14 29 16 20 21 26 
23 20 47 26 22 40 21 28 19 16 11 28 28 21 30 20 14 7 21 32 47 26 14 26 28 43 27 28 25 23 23 17 17 22 25 33 18 20 13 32 
26 22 41 40 16 39 18 18 17 28 10 32 17 12 37 16 22 27 24 32 20 18 7 27 23 32 18 34 36 14 18 14 26 17 6 39 19 24 29 27 
27 25 40 22 29 21 13 37 14 28 13 14 28 34 31 22 13 17 17 36 24 20 20 22 22 23 23 27 18 27 22 16 23 16 31 21 19 17 18 14 
29 19 27 18 13 30 19 17 22 19 13 17 46 23 18 24 20 22 9 45 30 22 14 22 21 22 24 16 27 16 25 17 24 21 9 29 17 23 24 8 
31 29 38 27 27 38 16 22 13 13 20 21 22 20 24 18 19 27 26 27 30 28 16 24 27 22 30 24 33 5 27 22 25 27 25 25 21 18 13 28 
27 31 32 29 10 41 19 27 9 15 15 44 15 15 39 16 25 30 30 27 36 26 19 13 27 27 21 32 35 20 31 23 28 20 24 38 34 25 11 17 
23 30 12 24 18 32 25 23 10 20 19 33 36 24 28 22 19 37 17 29 32 28 16 21 12 30 20 43 21 23 30 10 26 14 21 21 23 28 19 24 
25 27 25 21 19 24 11 28 17 15 12 28 15 38 38 17 13 33 25 29 19 28 13 24 20 29 35 49 16 15 32 15 27 21 13 33 15 18 19 37 
37 14 34 35 19 21 21 28 19 24 18 31 29 16 20 23 18 17 12 27 19 24 17 24 9 37 32 17 32 23 28 20 41 24 16 21 26 14 19 20 
39 22 29 17 19 32 23 26 20 11 17 33 28 31 22 20 14 36 29 28 33 36 11 29 21 40 27 22 20 20 22 19 29 27 8 12 20 16 19 25 
34 13 17 25 13 29 22 32 20 22 21 24 30 18 36 17 21 30 31 34 21 27 10 30 25 20 17 35 32 13 24 13 19 15 15 34 18 23 21 18 
39 33 26 30 15 30 11 26 15 21 10 29 22 32 20 21 14 25 9 36 36 36 13 27 19 27 25 11 29 20 34 21 26 18 16 37 24 24 11 8 
35 42 29 18 10 29 22 18 22 25 14 29 25 31 18 22 25 29 17 33 37 21 10 26 26 37 8 20 13 12 33 12 20 20 24 23 28 26 21 26 
24 30 23 26 16 30 25 23 19 22 17 26 11 12 28 8 16 12 28 24 30 42 18 27 23 29 25 43 26 17 14 22 19 21 19 11 21 13 20 17 
36 12 36 21 10 32 16 21 16 17 16 26 28 21 29 28 14 31 18 41 20 30 18 20 27 26 20 33 41 29 31 16 23 24 16 23 20 8 23 24 
32 36 27 35 21 21 26 34 20 27 14 14 29 28 28 13 6 13 26 32 29 26 11 24 23 17 17 18 23 20 23 17 27 25 12 37 23 24 16 15 
11 33 30 21 21 16 14 14 13 19 13 29 22 19 26 16 6 23 17 35 29 35 13 20 27 31 17 21 32 15 30 19 20 27 15 9 13 21 22 23 
24 36 13 27 21 26 15 18 17 29 15 22 26 6 39 22 10 23 17 22 22 38 17 18 31 29 22 35 37 25 26 15 14 31 21 40 26 11 14 18 
26 38 33 25 22 44 19 26 14 28 9 26 47 23 25 21 13 15 19 30 20 28 15 24 18 28 16 42 25 10 11 18 19 15 29 30 24 18 17 21 
41 23 22 19 26 27 18 20 13 23 18 28 29 20 24 12 13 24 24 40 17 25 10 26 23 25 26 32 6 11 17 17 14 30 12 32 20 17 21 27 
34 32 31 27 20 22 10 32 9 20 20 16 27 30 33 20 9 39 17 27 35 24 19 12 23 31 21 24 28 15 37 14 16 17 13 34 24 27 14 25 
31 26 36 27 24 36 19 12 13 28 24 38 20 39 39 22 15 26 15 21 30 16 12 15 17 31 12 38 22 20 37 12 24 17 17 30 25 22 23 20 
29 30 14 36 24 19 19 30 10 21 20 22 27 33 39 21 15 18 24 26 20 16 16 35 13 21 26 28 26 23 29 7 23 19 18 24 30 18 16 23 
29 25 17 32 16 20 26 31 14 16 17 28 30 30 23 16 16 24 26 39 24 13 20 18 16 37 22 23 23 24 26 18 27 25 10 24 31 22 15 23 
41 18 35 35 22 35 11 21 16 26 16 29 21 23 31 17 16 29 17 22 35 37 17 25 18 14 20 17 23 18 27 16 17 26 21 28 18 19 21 19 
49 33 40 20 17 32 22 25 17 17 10 32 23 34 20 20 14 23 32 26 35 40 14 18 28 30 21 12 30 20 23 14 14 15 23 32 15 15 28 37 
23 29 36 21 15 32 26 30 18 13 17 22 28 32 26 9 24 28 19 21 27 25 24 23 33 27 24 41 29 16 25 23 23 13 20 29 19 19 23 17 
33 37 24 30 22 26 17 25 16 18 12 26 26 22 23 20 14 21 21 23 42 18 20 22 25 21 9 33 48 16 28 14 22 22 18 23 24 28 20 23 
35 15 20 21 26 16 12 27 16 26 18 33 37 25 30 20 26 24 24 22 25 8 10 24 19 19 24 36 34 34 19 8 10 28 19 30 30 14 17 23 
15 32 10 26 14 29 16 13 21 28 19 35 26 19 23 10 14 17 21 25 29 17 14 13 19 28 17 10 24 18 23 22 15 11 9 12 23 20 9 36 
21 25 31 30 17 33 12 32 18 28 23 26 27 24 21 20 19 23 18 29 28 21 17 29 26 26 20 21 23 22 25 21 22 23 21 23 26 15 18 30 
18 23 26 13 12 42 23 21 16 26 9 39 42 30 37 18 13 34 18 21 34 24 11 18 18 41 15 19 29 15 33 22 17 16 17 15 20 16 13 29 
37 33 25 29 20 14 25 32 15 21 13 26 19 25 33 11 26 20 25 17 21 21 9 25 15 24 26 21 31 18 27 19 3 18 15 9 11 18 19 25 
16 29 32 38 23 41 22 20 13 23 8 16 31 35 34 19 11 22 17 43 30 20 20 10 23 33 25 26 30 22 27 18 21 21 27 21 24 20 11 35 
28 25 48 23 23 37 21 19 20 25 19 22 33 38 32 29 19 23 18 36 29 36 21 12 28 19 24 40 22 16 22 16 24 19 18 40 16 16 26 30 
32 20 36 18 18 29 16 27 25 21 12 37 29 23 27 22 23 23 15 38 37 36 19 18 15 26 14 17 46 15 14 17 32 24 15 25 22 23 17 25 
39 24 28 35 14 31 21 22 19 22 12 33 23 23 30 21 4 16 21 37 22 20 15 20 27 25 25 39 32 8 16 25 18 26 19 33 12 15 14 32 
25 33 35 30 20 16 18 17 20 29 20 19 24 33 28 18 11 18 21 28 30 30 20 23 9 26 33 25 24 8 49 24 19 29 13 37 15 28 14 22 
26 27 50 27 18 36 15 11 13 16 19 35 36 26 31 25 14 29 26 29 33 22 23 25 15 17 25 26 24 16 24 24 31 30 19 9 13 10 12 28 
28 28 25 31 14 38 23 18 14 20 12 20 24 36 39 22 15 25 10 30 25 33 11 14 24 21 22 25 28 18 34 7 18 11 21 25 33 16 29 32 
27 22 24 32 19 33 16 32 13 33 18 29 30 31 36 23 19 21 20 31 30 26 16 28 23 22 27 29 19 21 19 29 7 20 16 23 33 24 21 23 
31 27 20 26 17 29 26 16 18 19 16 31 18 26 27 26 24 5 11 30 28 18 14 20 25 18 13 44 9 9 30 20 20 28 22 20 17 24 19 23 
23 39 34 34 16 25 12 23 20 10 16 31 38 17 31 24 20 33 13 28 46 22 12 29 19 33 22 23 27 17 38 23 20 26 23 19 13 31 17 19 
30 21 30 39 13 33 14 15 17 31 20 21 34 20 33 20 12 30 28 31 44 21 20 20 18 29 22 34 29 25 22 24 35 17 18 38 9 20 13 22 
21 29 42 39 26 22 15 26 14 18 13 14 19 19 15 19 20 20 21 25 24 30 19 28 11 30 26 52 36 15 25 17 22 31 24 24 27 11 15 18 
30 30 34 25 16 46 16 31 14 23 19 25 27 31 29 24 15 20 18 31 40 19 18 24 10 28 34 43 36 14 34 21 22 15 20 24 23 16 19 24 
25 37 26 7 14 39 18 33 14 24 16 36 36 33 16 15 25 25 16 30 22 22 18 24 24 27 23 24 32 20 28 21 13 31 17 29 36 19 19 31 
30 9 44 22 22 34 23 24 12 16 17 19 21 16 26 40 26 30 13 43 37 27 18 22 16 35 24 32 26 9 31 11 13 23 27 12 28 16 25 8 
14 20 30 31 20 32 16 17 15 27 11 26 25 19 28 17 18 22 25 16 41 26 7 19 6 28 18 32 23 13 12 25 8 21 24 34 23 14 22 28 
24 29 29 30 20 13 16 23 19 15 5 29 26 24 44 23 12 32 15 31 19 25 20 25 13 22 21 17 25 15 18 18 22 18 16 22 24 20 19 29 
37 27 37 13 11 32 22 28 21 23 13 40 15 22 29 20 24 22 24 30 8 16 15 29 22 21 18 36 24 19 27 24 30 21 15 21 22 13 16 33 
23 38 26 28 19 21 23 28 14 21 18 27 30 36 35 24 15 21 23 34 26 28 18 19 6 9 32 18 32 18 26 13 16 26 13 24 22 17 24 41 
38 31 35 35 14 23 10 23 9 17 16 28 24 29 31 21 14 27 19 21 24 23 15 19 14 27 22 40 42 17 28 13 16 19 10 27 28 17 22 18 
42 23 27 31 12 22 33 24 20 27 13 32 34 21 36 17 16 34 19 30 35 29 7 32 29 31 18 37 48 11 22 15 19 22 8 19 16 27 10 32 
39 38 34 20 12 28 16 40 16 21 20 19 32 23 12 19 16 31 19 23 29 26 14 17 20 28 14 42 15 26 27 16 30 18 11 19 25 5 14 7 
36 18 18 37 21 42 20 22 14 29 14 27 37 15 29 20 20 16 25 31 21 32 13 20 13 27 16 29 20 10 30 18 30 25 15 31 35 29 18 20 
36 29 26 19 23 29 20 18 13 17 13 15 37 20 22 17 4 27 16 25 18 28 16 24 17 31 19 33 27 24 17 24 24 15 23 7 24 25 12 32 
32 23 31 36 22 29 25 23 13 20 16 27 20 26 28 16 24 6 11 25 29 31 10 21 26 34 22 35 24 24 19 16 24 24 22 25 18 15 17 22 
39 31 32 31 16 28 22 37 8 17 16 42 24 37 26 8 19 27 15 48 8 15 11 24 17 27 24 39 15 3 21 5 32 25 21 29 12 19 17 29 
28 25 22 15 30 21 12 26 22 15 23 27 27 21 22 21 17 39 22 11 30 19 9 22 17 43 20 41 30 21 24 21 21 19 20 42 24 20 27 11 
11 29 23 35 2 30 21 25 20 14 13 11 21 29 37 17 13 21 31 26 19 31 19 30 18 31 27 23 21 13 25 17 22 20 17 40 23 9 21 18 
32 17 26 23 22 23 10 26 16 19 18 16 26 36 27 21 22 20 16 35 29 23 17 22 23 19 24 28 23 19 26 9 33 18 22 32 19 13 18 23 
38 25 33 33 22 27 18 31 18 26 17 24 21 18 19 16 16 27 22 20 32 23 17 17 25 26 31 31 31 9 19 27 19 24 26 24 17 30 12 30 
19 24 26 21 13 19 21 16 13 26 14 27 21 34 24 22 16 19 28 30 28 22 19 25 23 21 36 47 27 10 35 17 25 13 24 16 23 20 16 26 
42 22 31 36 13 42 17 22 12 10 15 35 31 16 26 13 20 22 25 34 12 25 10 23 25 29 23 25 19 16 39 17 21 6 30 47 28 26 16 21 
18 30 41 32 13 35 30 33 10 26 17 23 22 24 22 22 19 23 26 29 28 35 15 20 19 19 19 26 44 15 16 27 23 11 19 22 10 24 22 27 
33 30 43 44 18 20 15 10 5 23 13 30 29 32 13 14 25 12 25 26 26 22 17 24 16 35 23 26 25 15 28 15 20 25 14 42 21 23 14 30 
13 25 25 38 22 27 18 27 22 20 15 25 18 35 36 20 19 19 17 19 27 11 17 30 21 15 15 36 28 13 25 15 34 18 15 14 16 26 13 17 
31 24 29 34 13 37 19 24 14 30 13 11 19 34 37 18 17 35 24 29 22 27 21 25 23 25 29 33 18 14 32 18 20 20 20 22 26 18 28 28 
28 18 36 17 27 28 12 26 13 19 7 30 27 28 34 10 21 29 21 27 13 46 14 22 17 35 27 20 30 20 24 28 19 24 17 30 19 17 18 21 
43 37 41 30 13 37 28 34 22 26 19 26 14 22 24 19 13 34 29 25 26 24 10 21 20 32 30 39 29 16 21 13 25 18 26 43 13 22 22 27 
34 17 33 26 27 25 16 25 20 17 12 17 37 24 28 26 18 20 17 39 34 16 19 18 19 23 22 39 29 18 37 17 15 21 23 28 18 15 9 12 
26 13 13 41 12 35 18 28 14 15 18 23 17 23 15 18 18 18 15 27 27 26 10 26 14 33 22 21 34 29 29 20 13 23 17 23 32 26 24 21 
22 31 24 21 15 35 17 28 18 17 11 37 30 13 34 21 8 11 21 28 27 18 19 26 21 27 25 38 30 13 18 17 34 18 17 43 17 17 17 29 
29 28 26 29 18 16 16 36 18 27 12 11 19 33 19 17 16 32 27 41 31 34 15 18 28 33 29 48 41 12 23 21 25 18 10 41 22 19 22 28 
26 22 24 22 27 27 18 33 12 15 15 18 15 25 26 18 14 19 16 48 27 19 20 18 25 29 26 34 19 18 34 10 20 17 15 35 30 13 21 26 
47 39 33 31 21 23 28 35 16 23 14 37 24 33 20 17 18 26 18 34 31 35 14 20 26 20 13 36 21 22 29 18 19 17 24 22 19 23 23 22 
30 23 32 21 23 26 17 26 15 23 14 27 18 37 45 19 15 14 27 34 29 29 6 24 26 32 16 32 40 21 26 13 17 13 23 21 16 17 22 31 
38 25 34 11 21 37 31 32 14 20 20 26 13 24 34 13 7 6 26 26 26 28 21 15 21 26 11 31 30 17 17 13 20 21 13 17 23 16 20 31 
28 28 22 28 16 41 25 19 17 23 15 33 32 20 25 14 21 13 30 36 31 19 13 20 17 19 20 32 16 15 32 27 24 27 16 32 20 27 22 20 
31 21 26 27 21 31 13 23 25 24 21 28 23 38 29 13 16 30 10 21 25 28 11 13 23 36 27 24 26 21 11 17 14 21 25 24 23 14 19 39 
29 26 21 27 15 39 19 18 11 19 20 33 42 21 30 14 16 30 23 26 27 23 19 22 23 23 20 31 36 21 16 12 16 18 28 35 11 15 28 28 
28 18 15 30 19 32 21 32 10 32 12 38 25 39 29 20 14 29 14 23 21 26 16 18 25 32 14 34 33 8 25 14 11 19 19 19 20 21 21 30 
33 20 17 40 16 19 18 14 15 28 17 20 30 25 24 22 15 17 29 29 20 31 23 21 24 35 23 27 45 22 36 15 17 21 18 21 21 6 19 18 
29 29 28 30 15 29 14 28 10 32 19 35 7 34 36 11 17 21 19 27 27 26 8 17 31 31 20 31 25 10 27 13 16 24 14 16 25 26 23 15 
31 40 26 22 20 32 22 15 18 27 19 28 24 25 20 15 21 22 22 21 28 21 18 26 17 21 23 42 32 24 28 23 23 33 21 26 19 28 18 9 
34 37 27 25 16 27 17 23 14 21 17 37 20 37 25 17 22 40 19 36 34 29 10 25 19 35 27 20 31 19 37 17 21 16 24 25 23 22 22 29 
33 10 21 22 20 26 11 35 12 34 11 21 28 20 20 13 18 21 12 40 38 17 12 24 19 21 11 35 12 22 20 12 30 21 23 24 37 16 15 25 
50 19 31 15 20 37 19 33 22 13 14 40 17 38 25 21 19 31 26 25 27 16 11 27 29 19 10 38 42 13 13 8 28 15 25 39 19 20 10 30 
26 22 29 35 23 33 22 26 16 27 13 29 30 30 25 24 20 23 30 33 22 10 17 28 27 11 34 29 42 12 22 16 13 19 25 26 19 24 30 35 
25 29 24 26 29 43 9 17 18 23 17 25 23 22 29 16 18 28 18 36 24 21 19 19 29 16 20 29 22 19 34 23 17 23 15 16 23 27 19 21 
45 24 40 21 18 25 24 5 21 22 8 24 35 19 21 17 14 31 22 23 25 16 18 19 19 26 32 34 29 15 31 20 13 22 18 42 31 22 23 31 
30 22 26 19 17 27 13 33 13 2 23 29 29 34 12 20 15 15 18 38 27 19 19 29 33 29 14 49 18 17 21 15 7 22 20 23 23 27 10 26 
38 30 35 24 13 31 15 24 15 34 15 36 30 19 26 16 16 36 21 27 44 12 19 27 13 29 29 32 13 21 12 19 25 17 15 26 21 14 22 40 
32 31 19 28 19 21 21 37 13 18 13 28 27 22 31 16 22 23 18 25 21 34 19 20 21 26 23 31 14 11 7 18 22 26 15 37 24 17 20 21 
36 32 34 51 11 11 20 32 15 30 15 27 19 25 8 24 18 19 20 34 19 22 14 19 16 24 19 30 37 9 27 30 29 19 15 30 16 25 17 38 
24 35 41 24 15 26 19 19 16 13 21 22 26 24 17 20 18 22 15 26 27 20 18 16 19 29 21 25 26 16 24 24 21 14 13 16 19 17 20 25 
27 23 25 19 18 39 15 27 24 27 16 34 28 32 16 20 22 30 14 29 46 18 16 20 21 26 19 26 24 20 21 15 25 10 11 27 17 17 25 35 
23 22 42 32 17 21 23 24 21 30 17 41 31 28 23 22 19 32 23 32 23 29 14 18 16 25 23 28 34 12 26 11 22 14 20 29 17 12 13 17 
25 31 36 25 27 22 17 33 12 26 19 28 21 24 15 26 23 5 15 22 20 25 18 18 13 27 24 30 37 24 32 16 33 35 21 32 18 12 17 20 
34 26 42 32 12 30 15 32 9 11 18 15 38 29 19 20 26 20 21 32 31 28 8 20 16 35 23 42 40 18 32 13 23 16 15 26 23 18 20 24 
28 27 30 35 27 30 25 17 11 29 12 31 10 24 36 20 16 25 27 34 39 13 21 23 10 38 20 29 31 8 19 16 18 31 9 26 24 25 24 38 
29 23 31 23 12 25 11 26 15 12 16 10 12 20 20 22 22 18 18 24 29 29 18 27 24 20 22 33 20 18 25 22 16 22 5 36 27 18 25 23 
28 30 26 27 19 35 26 22 24 16 17 27 40 34 38 17 18 13 29 29 24 23 13 20 9 22 23 28 21 24 26 22 21 15 12 29 23 21 14 24 
28 19 26 27 19 27 22 32 12 29 11 32 8 26 25 21 28 14 26 24 29 51 17 20 21 31 21 28 33 13 13 14 20 31 8 39 33 15 11 30 
31 24 37 7 12 23 18 10 11 23 17 31 35 25 17 19 10 24 21 36 37 32 15 15 15 11 20 40 31 13 19 18 25 17 24 24 21 13 12 29 
18 22 41 32 15 31 20 34 21 12 13 21 21 12 23 17 31 29 24 19 38 34 22 18 25 24 23 39 30 9 19 20 12 27 16 27 26 11 21 15 
47 34 15 29 21 31 15 18 15 22 11 31 21 37 41 22 15 15 27 15 31 31 17 14 24 34 15 25 11 15 21 16 14 23 18 31 31 23 19 14 
33 27 34 32 22 22 24 19 18 14 9 24 26 18 20 10 20 20 13 23 22 38 21 16 21 26 27 49 29 15 26 11 16 29 18 21 20 25 12 25 
30 50 34 30 26 29 21 15 18 25 21 33 21 24 18 27 23 34 26 15 27 29 12 23 28 27 17 32 32 20 24 13 22 29 12 27 26 21 21 12 
32 33 32 32 23 38 16 16 18 26 15 30 23 20 23 24 18 28 18 31 25 30 20 26 13 45 20 35 25 13 16 15 28 25 16 17 28 14 25 29 
25 36 22 28 20 32 19 22 14 4 16 41 35 27 24 16 17 31 21 17 19 38 18 25 14 27 24 44 21 29 15 21 19 24 12 14 31 20 12 34 
28 20 30 31 22 23 18 25 9 14 13 33 12 31 24 9 21 24 8 33 39 31 16 12 12 24 23 39 40 13 32 17 13 28 23 44 23 10 12 34 
36 35 24 21 20 19 19 30 13 32 18 27 20 38 31 17 16 5 17 19 25 26 16 17 16 28 34 34 17 21 25 16 16 21 18 34 31 22 5 27 
30 27 26 33 16 35 19 37 13 28 11 16 28 32 27 21 22 20 18 28 32 26 15 18 15 26 23 36 33 17 40 13 29 30 22 10 26 17 12 23 
17 20 15 15 22 43 15 31 17 21 23 26 17 14 19 21 20 26 18 19 14 39 12 30 9 23 26 20 22 14 19 32 30 24 21 30 16 24 21 13 
37 11 36 11 22 32 20 34 17 24 14 29 33 21 24 21 28 22 25 34 25 30 16 20 26 33 26 29 30 30 27 16 25 13 12 26 24 27 20 21 
35 23 33 23 13 25 28 33 19 23 20 45 40 22 10 12 12 33 22 27 18 32 9 16 22 26 22 9 31 17 4 17 26 21 20 30 14 12 23 25 
33 24 20 32 18 41 25 24 17 21 14 29 24 33 33 10 9 8 16 38 42 29 15 34 14 23 29 28 21 14 36 20 21 18 26 22 26 20 17 17 
40 24 26 30 23 15 23 36 12 22 19 23 20 37 17 28 24 44 7 26 33 27 15 22 23 23 25 26 38 16 25 20 11 17 13 30 18 15 18 24 
30 27 42 22 15 20 18 16 12 15 13 14 28 25 22 17 20 10 19 22 24 25 14 25 25 23 16 41 16 20 29 11 21 27 14 23 26 14 23 24 
24 28 24 28 17 41 24 16 17 23 14 23 13 23 37 19 19 27 18 23 31 36 21 19 22 45 31 35 22 17 33 13 20 17 24 19 27 14 19 25 
16 21 26 46 23 26 15 20 9 17 19 16 35 12 15 21 28 23 32 26 45 32 17 18 16 37 19 42 34 17 17 11 16 12 16 28 21 21 20 24 
25 27 30 15 18 20 21 20 14 7 12 33 10 20 29 28 14 20 39 28 32 30 9 28 15 24 17 34 12 12 32 20 30 12 20 30 19 16 8 17 
23 33 20 17 23 30 20 19 22 20 10 22 30 20 9 24 10 29 19 33 35 27 13 19 17 30 18 32 36 19 25 24 14 13 17 31 22 21 21 15 
32 12 10 27 16 14 25 23 14 20 11 20 29 25 39 19 20 27 18 41 33 17 15 30 12 24 26 19 13 20 16 16 18 16 10 21 19 19 17 32 
29 22 38 39 24 24 16 19 21 18 14 37 38 22 41 18 20 27 21 23 17 21 15 21 16 19 23 22 23 8 26 15 28 21 20 18 23 17 21 30 
27 31 34 27 22 27 16 27 24 29 17 46 7 26 32 15 19 28 23 30 23 12 17 28 28 39 21 15 28 18 23 21 18 19 17 31 25 22 19 23 
20 29 26 29 14 27 28 29 18 24 9 30 26 16 28 25 13 30 17 28 23 24 16 24 16 33 26 29 26 22 32 15 24 19 17 12 17 14 6 24 
35 26 35 30 14 22 21 26 14 22 14 25 30 15 22 16 19 26 18 36 15 28 13 26 25 28 22 23 14 21 39 19 14 9 15 21 11 18 25 27 
30 23 13 26 19 31 31 34 17 21 18 22 25 30 24 17 13 11 26 28 24 21 15 30 12 25 18 39 18 12 24 8 26 6 27 25 22 21 19 24 
20 20 31 41 18 35 18 17 16 12 16 43 37 30 18 18 19 19 28 28 28 19 15 18 18 13 30 28 19 13 39 21 17 25 16 29 20 19 27 20 
13 23 21 17 21 26 21 20 13 23 12 20 32 31 27 18 7 25 15 30 25 33 9 21 20 22 37 39 29 13 18 23 14 27 18 32 12 27 18 13 
24 23 39 31 21 32 19 19 21 24 13 8 19 17 14 12 23 28 18 38 31 15 17 27 23 20 19 36 19 18 36 13 16 16 21 18 24 17 13 10 
27 14 23 13 17 15 21 30 16 17 20 36 33 38 36 15 8 15 29 46 27 36 17 23 39 31 18 29 30 17 36 13 17 20 18 23 23 8 19 22 
23 26 24 25 14 18 20 22 21 23 5 23 31 32 36 15 13 6 27 28 24 28 12 28 13 24 13 31 33 18 21 27 16 21 20 22 23 21 13 46 
37 19 20 26 21 34 31 27 18 15 17 23 28 42 14 11 15 33 22 42 29 19 8 12 26 39 21 47 24 20 20 19 22 32 16 33 24 18 19 36 
24 18 9 36 21 47 18 33 12 16 15 22 34 23 14 14 24 22 9 27 36 23 11 17 29 28 22 39 26 21 20 15 15 23 12 42 21 17 19 26 
17 18 24 17 23 33 17 33 20 26 9 23 23 27 33 12 23 29 16 29 27 23 15 22 19 22 24 18 24 21 35 25 18 14 19 35 23 17 24 16 
26 21 46 31 5 37 18 15 15 19 6 28 28 21 18 22 20 29 20 38 28 28 16 27 26 31 20 29 25 24 13 10 18 20 11 26 28 17 7 24 
20 19 21 22 22 37 29 20 24 24 16 23 29 31 28 11 14 15 23 33 23 20 16 23 20 16 25 29 39 16 32 9 7 18 20 12 14 22 20 38 
39 26 20 34 17 44 18 36 16 19 18 24 23 19 14 18 14 16 20 33 20 19 18 18 24 38 25 28 30 12 27 22 18 23 9 28 28 15 22 18 
27 16 33 21 17 25 24 31 24 21 13 25 8 17 25 5 18 22 16 27 28 21 15 10 19 29 20 35 36 24 33 12 26 27 21 33 20 20 17 29 
30 26 32 28 22 19 16 29 18 28 13 21 31 15 24 26 12 30 16 26 23 31 20 8 13 21 31 56 28 13 17 15 19 17 25 14 22 19 15 27 
26 18 28 30 14 12 21 25 19 26 14 35 30 28 27 24 9 28 13 42 23 25 16 27 22 27 16 36 29 16 34 21 25 15 22 19 18 23 25 25 
28 38 28 27 12 44 17 21 15 22 10 42 17 30 24 23 14 27 15 33 29 19 19 31 18 30 32 26 32 27 27 18 17 17 17 24 27 9 18 39 
36 27 44 21 32 31 15 29 12 23 16 26 21 21 30 18 25 31 14 32 31 27 14 18 22 28 16 27 49 11 27 6 11 14 17 34 20 13 14 24 
23 13 36 31 21 32 22 35 15 17 13 25 38 38 19 17 12 35 25 30 31 30 16 14 19 21 26 44 17 22 8 24 23 21 12 21 22 17 13 18 
12 34 42 18 18 41 11 29 18 19 16 25 27 47 31 17 19 20 17 35 21 34 15 14 6 23 13 24 24 24 23 19 22 27 16 16 37 6 21 13 
31 37 30 23 18 14 21 27 19 23 12 28 34 38 14 21 16 34 17 40 20 30 14 18 24 22 34 16 31 23 32 13 20 13 19 23 26 16 13 35 
26 24 32 34 10 23 27 17 16 21 17 21 31 20 24 23 28 18 22 43 25 25 10 16 18 18 12 37 27 10 18 21 22 18 17 30 10 19 21 27 
29 16 20 26 16 9 26 22 18 26 15 31 34 33 27 11 21 39 19 29 28 38 15 25 13 34 11 29 22 9 29 7 21 19 16 27 16 33 17 20 
34 36 27 33 11 30 15 30 13 15 18 20 22 25 34 12 18 29 12 37 28 29 12 35 19 35 23 15 25 13 13 20 12 21 10 30 24 10 19 15 
2 24 25 28 20 27 22 14 10 18 4 31 40 41 39 25 17 18 23 28 20 21 17 29 8 22 31 36 35 15 28 18 23 15 19 21 19 34 11 22 
24 30 30 19 18 21 21 29 13 28 16 28 25 16 26 26 20 23 20 34 31 28 13 20 31 10 24 12 36 23 13 12 14 24 9 7 15 19 12 36 
17 23 36 23 20 33 19 30 23 8 14 10 35 38 22 11 22 22 17 33 37 27 16 26 28 26 26 32 35 17 19 15 25 26 24 26 24 9 9 20 
32 32 27 27 17 14 17 25 21 26 19 24 39 30 32 18 26 22 16 38 31 12 12 15 20 21 18 38 23 22 30 16 12 19 11 23 27 14 22 40 

MachineCapacities:
MachineID Capacity
0 10
1 10
