NumTasks NumMachines NumScenarios
20 2 1000
TaskDetails:
TaskID ReleaseTime ResourceConsumption SuccessorsCount Successors...
0 0 7 7 2 3 4 
1 0 2 2 1 3 
2 0 5 7 1 4 
3 0 4 4 1 5 
4 0 8 9 1 5 
5 0 4 1 2 6 7 
6 0 9 10 2 8 9 
7 0 2 8 3 8 9 10 
8 0 6 3 0 
9 0 2 2 0 
10 0 4 6 0 
11 0 6 9 2 14 15 
12 0 7 6 2 13 14 
13 0 8 5 2 15 17 
14 0 7 6 2 16 17 
15 0 7 4 2 16 18 
16 0 9 7 0 
17 0 3 6 1 18 
18 0 3 9 1 19 
19 0 7 4 0 

28 22 20 20 25 28 14 18 28 14 24 19 15 16 20 20 13 32 27 31 16 18 27 33 19 33 26 12 17 14 23 19 23 28 25 29 21 22 18 33 
16 12 32 29 14 21 19 19 32 20 28 23 24 11 27 31 20 28 23 33 26 15 32 19 12 32 20 15 24 20 14 15 31 35 16 32 22 29 13 24 
18 22 20 27 34 33 28 32 19 29 21 22 20 12 31 2 19 27 22 30 17 23 28 23 14 23 32 12 15 28 33 19 31 23 29 34 25 13 14 25 
21 29 23 34 20 20 16 23 27 39 20 23 10 19 28 37 24 33 22 31 26 20 14 16 22 30 34 23 25 22 22 23 27 19 19 28 20 23 12 26 
13 14 30 21 28 26 16 26 26 18 16 26 10 19 20 11 26 20 19 19 18 22 31 18 13 41 18 34 9 21 10 25 23 36 28 25 16 28 11 32 
18 27 29 41 24 24 17 17 18 23 22 28 21 15 26 41 25 18 32 23 18 19 22 19 12 36 29 16 25 24 34 21 26 29 22 34 8 22 11 19 
11 35 10 32 25 23 10 19 33 23 11 11 15 22 30 29 27 21 31 31 27 24 24 22 17 37 13 23 21 13 24 18 42 33 29 25 23 9 11 18 
12 25 6 16 24 12 17 15 18 34 17 19 15 13 27 39 25 32 24 31 20 18 28 29 23 26 36 27 16 23 18 21 14 33 31 27 23 30 11 29 
16 23 18 32 9 23 19 20 24 16 26 16 27 24 20 39 32 23 21 30 20 38 22 21 3 46 28 13 15 28 28 26 18 41 28 24 23 25 17 27 
14 24 37 21 24 28 8 25 29 18 25 19 13 18 17 20 22 29 25 26 17 26 31 41 18 40 31 22 18 25 31 28 32 25 26 26 20 28 12 8 
17 19 26 18 25 36 18 18 23 23 28 9 29 11 19 27 24 29 13 17 27 20 22 45 32 22 23 19 22 31 23 19 26 24 23 26 21 27 20 24 
19 31 14 17 41 39 13 21 20 43 18 16 19 18 24 24 20 24 15 28 10 16 31 24 12 19 30 26 23 24 31 9 16 30 22 25 18 34 19 16 
20 29 23 18 24 14 9 25 15 32 20 21 21 14 27 30 15 36 37 17 17 25 16 33 11 35 31 30 36 24 31 26 34 48 29 47 22 22 14 27 
17 27 23 26 21 33 19 32 12 37 22 15 18 16 36 33 9 32 21 22 17 22 19 28 12 39 32 25 10 30 27 23 22 25 33 38 13 20 20 25 
10 10 19 3 27 40 18 24 29 49 22 21 15 12 19 28 27 13 22 34 31 24 16 40 16 18 29 18 16 19 18 12 27 20 26 36 16 9 30 17 
15 30 29 23 23 32 12 27 28 28 17 12 31 22 25 28 27 8 25 26 33 24 33 31 25 47 12 18 13 18 22 18 35 17 28 33 14 16 26 26 
8 28 13 25 27 34 6 15 21 30 26 18 20 20 20 27 23 25 24 13 13 17 29 29 12 27 22 24 18 29 26 20 29 25 27 32 19 32 21 24 
14 36 28 30 21 12 11 19 33 9 17 20 13 11 14 39 8 10 25 29 16 20 29 27 19 50 20 25 15 23 32 25 16 53 26 20 23 35 15 23 
17 32 16 31 26 36 14 29 26 26 31 15 16 28 24 19 24 28 17 30 23 27 26 31 19 26 30 25 27 22 34 16 31 41 31 28 32 22 17 19 
17 23 28 38 19 16 18 15 30 28 27 12 12 20 24 25 12 20 29 20 20 36 28 22 18 9 18 24 24 20 26 18 24 27 24 22 25 23 11 22 
12 27 11 36 26 23 16 32 28 19 31 35 21 6 19 39 24 23 24 22 29 32 22 26 19 20 32 22 21 14 27 16 26 23 29 31 19 30 16 19 
13 11 22 21 23 13 10 18 20 22 22 26 20 23 24 23 31 6 16 29 25 30 23 27 25 27 35 14 17 25 14 22 26 33 33 21 23 23 20 25 
19 25 28 28 22 16 21 22 32 27 16 24 12 26 18 34 15 12 14 22 19 13 24 23 13 37 33 17 25 10 9 23 33 19 27 28 13 22 17 20 
17 30 17 38 21 25 17 30 30 27 9 32 16 25 23 24 28 36 24 19 22 18 27 25 19 27 27 6 19 17 16 15 14 31 24 24 22 21 23 12 
17 25 28 14 23 25 18 23 22 29 20 20 18 18 18 33 25 26 20 24 5 21 26 35 19 33 30 30 15 18 24 19 45 25 32 24 16 20 22 24 
19 22 29 13 26 25 14 28 24 28 29 18 12 18 18 34 12 26 28 31 24 28 28 22 14 27 30 21 20 6 38 12 38 25 29 30 21 25 20 29 
21 28 31 41 16 30 14 15 20 33 29 10 17 22 20 10 28 26 12 29 30 26 26 43 16 29 18 20 26 26 37 17 20 26 27 32 20 23 25 32 
9 25 28 22 18 43 16 10 23 30 26 7 13 5 26 26 29 30 23 32 26 22 37 35 5 31 12 19 21 10 18 26 24 38 27 18 18 23 18 22 
17 17 22 23 19 38 8 15 26 23 18 15 25 11 15 15 20 28 7 30 23 21 25 39 17 28 30 21 25 16 34 12 34 43 20 27 18 18 18 27 
14 21 20 30 20 28 13 25 27 20 23 20 18 31 22 33 32 25 25 24 22 18 26 32 23 23 19 18 22 18 31 5 32 29 26 27 20 29 16 18 
15 29 32 33 23 20 18 27 38 15 21 25 20 17 12 9 23 24 23 25 9 20 32 25 15 22 30 11 17 21 32 22 39 31 34 36 15 22 14 24 
17 25 22 27 19 15 11 22 28 24 15 11 20 12 16 31 10 29 27 26 24 27 34 33 18 35 31 23 26 15 19 16 14 24 19 32 19 18 21 19 
11 21 11 34 23 16 17 16 19 23 28 15 6 14 17 25 27 29 27 38 15 36 25 36 20 32 28 13 16 18 25 26 28 23 5 22 26 14 20 19 
15 24 11 44 24 41 22 24 34 21 29 23 28 9 18 22 27 26 24 25 17 10 15 21 22 31 21 21 13 19 21 22 26 27 28 32 21 14 26 33 
10 28 30 25 37 25 14 13 30 11 30 22 19 15 21 34 22 27 31 27 11 18 19 31 20 27 26 26 18 28 27 22 27 21 41 22 23 26 19 23 
11 26 24 30 31 38 13 29 26 27 26 12 9 14 26 27 26 32 29 28 21 31 31 40 18 35 31 18 21 17 22 25 30 31 10 36 28 24 21 17 
14 19 31 17 22 35 15 35 21 28 34 18 14 19 19 34 18 27 12 33 19 23 28 28 31 36 27 21 21 22 32 19 11 13 34 24 18 20 22 26 
6 22 22 35 15 31 22 27 27 31 21 27 17 24 24 28 27 25 17 24 16 28 22 14 16 30 20 30 12 23 20 19 38 26 16 18 15 9 11 35 
11 33 32 26 17 34 13 9 18 26 23 26 18 17 22 30 23 29 18 28 35 21 29 12 19 34 17 19 25 18 22 19 31 15 24 12 14 16 17 18 
15 34 25 49 30 34 13 8 36 46 11 30 14 17 21 32 19 31 34 26 13 25 24 15 30 26 28 20 14 21 28 15 31 29 33 29 27 24 20 21 
18 19 29 37 23 22 16 29 27 19 21 22 22 20 16 15 27 17 19 16 24 20 22 23 18 40 39 20 18 12 26 18 32 40 31 17 17 20 8 20 
14 25 17 24 23 52 11 16 22 37 12 24 18 13 21 21 18 11 28 31 13 16 19 32 9 37 28 12 20 26 40 15 27 38 43 31 21 13 19 24 
12 31 24 20 18 22 14 32 23 34 26 20 23 21 25 28 26 45 26 36 27 25 27 22 13 21 21 26 21 26 32 16 19 33 35 27 13 12 19 19 
13 16 14 31 33 22 15 20 26 23 25 8 17 20 15 17 33 31 16 29 24 36 23 27 23 47 18 26 22 25 23 19 33 39 35 24 23 26 29 34 
18 31 30 19 28 20 25 22 17 31 22 29 20 16 23 34 20 28 23 21 11 29 25 37 28 33 14 22 14 24 28 23 32 17 23 40 16 17 12 27 
12 18 18 24 27 19 11 23 38 21 29 22 22 10 28 31 26 30 31 27 29 20 33 28 20 36 35 18 18 26 37 19 35 27 34 35 26 13 15 30 
17 20 28 21 20 32 17 20 24 38 14 12 16 17 16 20 31 27 31 30 23 20 21 28 20 43 22 21 29 32 29 19 29 29 38 28 17 24 18 24 
25 23 32 26 20 40 17 40 11 25 20 25 19 13 20 28 16 31 18 22 18 23 29 18 13 22 29 25 21 14 24 18 35 30 37 21 28 25 27 22 
13 20 26 29 30 24 17 22 25 22 19 24 10 6 27 19 14 32 21 31 14 37 10 21 16 33 26 16 9 22 31 18 13 20 19 31 17 35 18 26 
13 19 24 29 32 33 10 25 24 40 21 17 17 14 16 26 17 30 16 31 15 24 18 34 24 35 31 23 33 12 16 21 27 15 25 14 15 23 18 28 
15 30 25 14 14 19 22 20 29 40 17 21 16 15 16 49 22 25 30 36 23 35 15 27 21 31 26 23 27 27 22 15 22 14 12 28 26 35 17 26 
23 27 19 51 25 32 14 20 14 28 22 20 23 17 28 25 22 30 21 24 15 16 28 24 19 34 22 19 20 7 25 25 24 42 33 2 27 21 20 16 
11 22 20 29 30 22 13 26 29 19 19 20 16 18 28 33 26 26 28 31 26 22 27 24 14 34 40 29 18 31 21 19 24 34 25 38 18 20 17 27 
14 15 22 34 22 36 13 17 24 24 24 25 13 24 20 34 25 48 19 21 27 15 34 30 17 53 11 32 23 21 36 15 5 27 29 27 10 23 25 17 
12 25 44 19 14 29 15 14 28 21 26 19 12 20 23 30 34 11 18 27 15 18 29 25 25 22 30 25 16 34 32 18 37 39 26 31 18 26 22 24 
18 24 16 28 27 13 22 23 20 30 29 22 20 23 19 24 28 25 28 7 15 25 42 36 25 34 29 25 20 19 22 16 42 25 22 34 18 23 16 28 
13 20 22 21 17 34 13 26 11 18 28 34 13 16 18 18 23 36 16 27 30 32 25 16 18 30 15 13 18 21 35 17 10 19 19 48 26 21 18 19 
17 31 44 27 24 34 17 21 36 9 25 14 16 15 23 22 25 26 22 27 17 25 34 29 19 24 17 23 19 7 27 21 30 15 34 15 20 12 16 26 
17 24 29 15 19 22 19 21 20 37 18 27 18 17 22 32 23 19 25 33 15 23 24 23 10 35 23 25 18 24 35 22 28 21 24 28 23 20 20 21 
20 28 21 25 29 41 16 19 29 21 18 16 27 15 35 26 17 38 27 32 17 27 25 28 27 27 13 21 29 20 30 21 33 37 12 20 15 21 22 16 
17 33 34 23 24 12 17 21 23 16 25 18 11 19 15 23 24 30 22 30 14 27 29 24 14 30 36 17 28 13 17 17 28 21 38 27 17 18 18 24 
18 23 23 18 25 25 20 18 30 20 25 18 23 23 26 23 28 35 15 31 18 21 23 33 19 37 33 18 29 18 28 27 40 25 21 26 19 11 23 32 
26 25 14 18 31 26 12 14 30 20 31 21 20 17 33 28 18 15 19 24 29 40 25 23 8 18 28 21 32 26 27 18 29 23 36 25 14 30 25 20 
21 14 32 20 29 27 14 22 16 19 17 25 11 15 21 32 23 33 20 16 24 19 30 30 24 38 29 18 24 21 27 17 41 36 31 34 23 22 18 30 
20 21 35 16 35 25 20 21 21 14 25 22 24 19 32 26 19 35 12 23 23 32 27 12 22 28 27 21 20 28 28 6 25 18 34 22 22 20 23 26 
11 23 20 16 11 30 16 23 22 31 16 21 11 11 25 34 20 36 14 19 15 16 9 21 28 33 24 21 20 22 32 23 31 35 37 19 24 11 21 25 
20 16 22 27 25 26 22 23 21 17 18 18 18 21 19 25 33 44 24 29 18 29 22 22 18 17 24 31 17 27 31 28 25 32 26 28 20 13 4 24 
12 27 31 32 15 34 12 26 32 28 11 12 16 22 19 19 19 27 25 42 12 27 12 5 20 24 15 27 20 26 14 14 32 43 33 28 14 28 22 18 
12 24 16 16 22 34 12 30 32 25 15 22 17 11 15 31 19 30 18 30 25 33 26 26 24 26 31 24 13 27 25 25 31 25 32 21 10 27 11 31 
16 19 21 21 23 20 12 26 24 28 13 19 14 24 15 30 30 24 19 20 26 36 23 41 15 25 27 24 14 16 34 21 18 44 22 43 16 31 20 13 
10 15 21 27 23 17 20 27 31 37 20 21 24 15 29 32 17 28 29 18 14 19 22 32 21 37 26 24 17 19 22 9 23 13 27 35 17 22 14 25 
26 26 22 12 23 32 13 25 20 21 18 30 13 8 22 26 24 23 20 17 20 30 35 37 16 27 23 15 11 22 18 20 32 29 20 28 20 28 11 13 
21 23 24 32 30 33 19 22 30 33 17 25 18 23 15 26 21 24 21 26 17 36 30 30 12 41 34 4 14 14 22 19 30 32 25 30 13 19 7 24 
10 20 20 26 19 33 13 15 10 24 24 23 13 14 14 17 21 31 24 12 29 24 9 20 12 28 33 14 27 25 29 27 40 21 29 22 12 27 21 18 
15 26 19 18 12 31 19 23 29 27 18 13 19 17 23 25 29 30 22 19 36 29 25 30 18 30 32 28 6 23 21 15 31 21 25 19 23 21 25 14 
12 29 21 16 9 32 4 21 24 22 20 27 22 17 21 25 23 24 22 33 26 23 29 32 25 14 18 17 23 14 29 24 23 39 28 30 14 20 18 25 
20 23 18 23 19 11 12 32 16 54 31 23 16 21 11 25 30 25 25 27 23 24 24 29 18 20 40 30 25 31 36 29 34 39 13 48 18 27 16 14 
16 32 22 27 23 31 16 27 16 32 16 25 22 23 24 27 28 31 36 25 38 18 29 18 20 25 33 25 21 15 26 16 16 33 3 42 20 28 27 30 
11 22 29 31 20 18 13 23 25 24 22 12 20 18 26 20 28 29 26 29 18 36 27 41 19 28 32 27 25 17 21 23 34 44 23 22 20 32 23 34 
18 17 34 40 23 38 15 23 29 26 21 22 30 22 16 22 26 42 26 29 22 26 18 26 25 34 27 22 20 18 35 8 29 54 12 38 20 22 15 26 
15 26 21 33 15 24 14 20 27 25 27 22 22 9 17 36 18 40 23 26 21 30 24 18 15 29 21 30 29 15 22 11 23 43 30 27 17 20 17 26 
12 28 23 43 24 34 18 19 21 33 11 14 8 18 17 16 15 16 11 32 21 24 22 39 20 32 25 17 18 13 37 22 23 45 22 22 11 24 12 17 
17 21 27 21 24 29 19 33 41 26 15 21 10 19 15 29 30 10 27 36 24 12 22 20 21 27 20 20 24 25 16 20 26 16 21 22 20 16 12 26 
18 15 18 17 20 29 8 24 18 14 28 29 22 13 14 39 22 51 23 36 15 19 25 28 26 32 27 21 19 7 23 12 38 24 27 33 20 18 17 27 
14 30 25 30 22 48 20 28 33 8 14 20 21 24 34 16 20 22 28 26 18 22 26 32 20 28 20 16 22 20 28 21 21 31 20 31 16 27 17 30 
18 24 24 15 19 25 17 16 30 36 30 19 11 21 29 15 23 30 29 30 15 26 18 26 16 38 27 27 21 19 36 14 28 29 40 18 30 23 18 15 
12 21 27 24 24 24 20 15 19 25 15 22 16 9 6 24 20 30 22 33 22 28 20 22 20 32 10 25 17 28 27 19 20 16 28 33 15 16 25 24 
15 18 27 30 26 56 16 13 25 28 25 19 5 12 23 28 19 22 16 17 27 15 27 20 21 27 13 20 32 27 22 22 24 37 32 32 22 23 22 25 
20 16 34 23 21 29 9 24 25 12 29 16 15 22 29 32 21 7 29 20 26 36 26 37 21 27 28 28 19 21 23 17 29 37 18 19 14 15 18 7 
16 28 23 31 21 33 15 15 21 22 16 24 7 10 28 30 39 28 26 26 24 22 23 19 22 36 26 30 31 27 18 20 31 24 27 26 26 32 16 28 
18 21 19 21 32 38 20 23 33 31 19 15 19 20 27 29 19 36 17 30 30 22 27 26 23 35 24 22 23 27 20 16 28 26 28 30 23 16 15 30 
12 16 28 32 23 37 20 22 28 22 28 27 18 27 20 33 28 11 27 28 28 23 32 23 22 36 21 13 24 13 30 7 37 36 26 30 13 25 29 23 
19 31 21 20 15 27 18 18 42 35 24 20 18 17 19 27 32 36 14 25 25 27 32 21 20 37 31 23 17 14 28 19 24 32 27 29 17 15 24 10 
17 19 23 24 22 37 10 17 19 30 16 24 15 12 29 24 19 22 24 18 17 29 21 27 16 29 20 16 17 16 35 22 27 31 40 49 22 17 11 24 
15 18 22 40 26 35 13 18 28 22 26 26 19 15 22 36 16 21 27 17 10 21 25 10 25 22 23 23 22 20 24 30 27 33 28 30 14 32 14 18 
11 22 28 20 29 26 19 22 31 21 14 17 13 13 26 41 19 27 22 47 24 31 20 22 16 21 30 34 12 16 26 16 39 26 18 21 15 18 11 34 
14 26 29 24 16 29 18 7 29 30 19 23 15 18 20 26 21 34 4 15 16 24 29 14 16 28 30 23 22 22 22 27 40 24 32 29 15 16 18 21 
18 10 39 14 22 24 11 17 27 30 13 25 9 18 19 33 26 27 17 31 21 13 29 23 18 36 19 20 16 29 30 14 33 46 25 28 14 27 25 26 
15 17 27 25 28 28 15 16 31 30 19 17 15 19 28 26 27 49 22 9 14 25 20 44 23 30 11 24 19 29 24 17 36 16 21 41 17 26 11 28 
15 35 37 42 21 52 17 21 6 5 24 15 17 25 14 31 13 6 23 32 20 27 33 35 18 16 13 14 16 29 30 16 16 30 17 29 23 36 22 35 
16 11 18 21 19 28 15 39 11 25 18 35 21 13 15 15 15 28 21 20 9 26 11 32 20 21 16 17 13 29 25 25 31 30 20 22 14 31 20 12 
16 16 21 15 19 24 20 15 30 33 21 24 17 10 23 30 25 23 34 17 11 14 24 34 10 40 31 15 14 17 30 11 26 18 33 34 25 28 14 23 
19 29 18 23 37 30 18 13 40 27 28 11 16 22 30 31 15 28 22 38 17 23 35 20 25 46 20 20 17 17 23 24 35 25 20 28 11 26 16 20 
14 15 29 36 26 29 17 32 20 43 16 19 15 25 29 12 16 44 28 29 19 16 21 32 13 33 30 20 27 14 15 21 28 19 29 20 15 15 19 23 
20 21 20 15 26 23 20 22 24 26 25 14 22 22 22 25 26 32 29 31 28 13 30 17 30 24 19 23 22 17 16 23 19 38 17 27 22 22 18 28 
14 19 22 21 23 15 30 22 25 20 18 14 17 18 12 33 20 15 24 39 24 16 38 32 14 35 30 24 25 22 18 17 36 37 30 35 25 21 17 20 
19 24 25 18 27 34 18 23 31 12 14 26 23 27 14 20 29 30 19 31 16 21 36 29 16 42 34 25 32 11 31 18 31 45 27 33 25 23 21 22 
24 24 32 36 14 27 17 17 27 21 12 28 28 24 31 32 19 12 12 19 12 16 15 26 16 25 29 17 29 25 23 23 20 29 38 28 22 4 22 17 
13 24 28 29 27 32 16 21 25 38 26 23 11 15 28 41 14 14 28 30 30 30 26 30 19 32 26 24 28 35 16 19 30 34 32 32 21 20 23 22 
18 16 24 44 19 41 22 13 17 31 23 14 17 19 14 23 27 36 14 30 16 12 18 22 22 41 24 19 21 15 30 23 25 38 30 15 20 20 25 32 
10 11 17 40 15 20 19 25 18 28 27 17 21 20 22 21 24 25 24 12 26 28 20 23 24 28 39 26 24 14 36 16 28 18 22 23 10 19 14 28 
12 19 22 29 10 27 12 25 27 28 15 20 22 17 22 33 27 20 28 19 8 29 22 28 21 34 32 26 22 15 31 20 34 36 23 18 12 15 15 27 
12 28 24 31 15 33 18 13 28 29 18 20 17 17 22 17 25 29 27 11 22 21 21 26 25 43 19 15 25 34 23 15 36 38 25 26 17 22 14 28 
18 31 7 42 27 30 9 17 16 17 20 13 15 23 13 25 16 24 28 28 25 26 21 46 22 37 20 28 29 29 27 28 32 23 28 28 8 33 22 36 
18 27 24 30 17 31 17 29 18 30 30 22 17 11 31 33 21 23 15 25 12 37 31 20 18 33 32 24 23 23 30 12 28 16 12 23 14 23 23 30 
11 22 22 39 18 32 14 15 25 21 13 6 15 18 14 40 24 23 23 21 24 22 21 24 15 25 37 20 22 31 26 21 30 26 25 27 33 19 9 16 
17 27 26 12 15 13 19 15 29 19 14 11 18 11 25 27 27 26 29 27 14 37 25 26 25 31 19 18 24 18 13 19 38 34 31 26 14 25 21 22 
24 29 30 16 21 34 16 18 33 50 13 27 19 8 26 42 25 31 28 29 19 34 24 7 22 35 33 6 21 26 20 25 37 25 21 10 19 21 24 28 
15 18 40 23 35 41 30 5 31 35 14 12 22 22 24 44 26 38 30 31 25 30 25 29 22 32 21 14 11 15 25 12 31 28 21 20 16 32 11 24 
14 31 20 41 29 14 13 21 23 24 7 9 12 24 27 21 24 23 19 21 21 15 30 40 23 26 27 21 23 19 27 23 28 32 21 31 20 31 18 21 
9 24 24 3 21 29 18 21 33 34 25 18 19 12 22 35 28 41 30 28 19 21 15 23 9 38 31 13 16 18 31 18 20 41 28 19 15 23 22 19 
20 30 31 32 25 34 16 17 16 22 21 26 12 10 26 16 22 42 14 18 20 23 28 34 8 44 29 29 25 9 25 14 31 27 17 36 18 14 19 23 
16 25 31 37 29 17 17 24 20 19 17 18 18 19 26 40 17 32 31 29 17 20 25 22 20 20 30 27 16 22 26 22 20 36 23 42 12 27 27 20 
14 25 41 28 19 35 17 13 15 14 21 23 22 20 13 27 21 24 18 7 20 24 24 23 32 35 28 21 7 20 28 20 25 49 20 19 19 23 18 25 
16 27 28 30 19 32 19 27 33 24 17 23 22 21 26 12 32 23 22 27 24 24 46 34 18 17 29 27 17 24 37 20 21 31 28 33 23 26 25 25 
15 19 31 35 19 21 8 23 20 32 34 40 17 13 14 30 32 16 17 28 26 27 22 34 20 31 27 16 21 22 25 20 49 32 31 18 14 18 24 28 
22 10 33 32 18 34 16 22 36 25 22 36 9 12 21 43 29 20 19 33 16 17 16 13 10 43 23 26 28 15 22 25 32 21 32 18 21 16 24 21 
17 13 22 33 16 42 11 31 17 27 14 26 13 9 24 21 30 30 10 20 31 25 9 41 27 37 16 15 19 10 36 16 28 42 27 27 21 23 23 22 
16 22 22 21 20 43 15 15 29 25 24 29 14 19 26 22 30 40 26 19 21 22 31 31 24 14 21 33 16 22 30 13 21 13 22 15 18 33 14 29 
20 17 21 34 22 36 10 21 21 19 26 19 20 16 17 23 23 18 26 31 4 31 29 23 14 20 18 22 13 17 32 24 38 46 29 20 25 21 27 22 
21 14 23 25 25 29 23 15 21 14 27 24 17 21 17 20 17 35 19 31 19 19 22 29 26 22 23 22 19 23 29 15 26 10 28 17 23 18 22 23 
18 23 22 26 30 22 16 23 17 37 14 15 15 16 25 42 24 19 22 27 28 28 13 34 15 42 36 16 16 16 9 21 23 30 30 18 17 16 14 18 
10 18 24 31 23 36 8 24 19 30 20 9 18 16 34 19 22 30 30 24 15 30 46 12 7 20 9 25 23 19 19 13 35 17 21 32 24 18 23 10 
11 20 18 10 21 35 13 18 34 40 9 18 24 20 30 38 28 36 32 36 25 25 25 21 23 29 29 23 22 29 26 15 46 28 21 26 20 23 22 27 
14 26 39 23 24 28 18 17 19 14 17 25 5 20 16 29 27 36 23 36 17 10 23 34 16 31 19 13 21 27 28 32 24 29 32 36 17 32 22 25 
20 22 22 35 19 40 21 29 26 11 24 16 16 5 18 40 18 28 20 34 18 24 32 39 16 29 24 19 23 21 22 23 41 18 32 33 31 23 33 26 
21 9 27 23 30 38 23 23 17 19 25 24 16 20 20 30 25 30 28 23 25 22 25 27 17 37 28 19 32 21 23 13 26 38 32 19 19 27 14 25 
17 33 28 16 28 23 10 22 19 17 17 12 10 17 10 37 29 18 21 22 31 32 19 18 13 18 19 21 24 20 30 26 31 26 23 35 15 35 23 23 
15 17 21 31 21 24 20 23 17 23 33 26 18 19 23 21 20 28 23 26 22 26 26 24 19 34 29 23 28 15 26 11 31 32 24 40 16 25 19 21 
16 30 35 30 23 19 10 25 17 27 31 15 24 24 21 18 26 30 26 31 26 34 41 26 23 29 19 28 36 38 38 24 24 39 19 27 10 13 19 31 
17 26 30 36 21 30 14 21 21 25 13 26 16 13 20 38 18 22 15 29 21 30 24 30 9 29 18 25 22 14 23 25 16 36 31 26 20 20 17 12 
14 25 33 34 14 22 21 15 31 32 21 12 18 28 21 28 28 15 27 35 26 25 25 11 20 19 32 20 26 23 30 12 27 35 32 14 20 28 16 23 
11 26 14 24 19 21 22 13 25 23 20 32 11 16 19 27 20 23 19 25 23 27 18 23 17 19 39 25 20 20 36 21 39 19 24 36 23 13 15 26 
14 15 25 22 20 32 14 27 26 31 17 20 9 18 27 33 14 31 27 30 18 24 22 35 18 40 19 17 9 12 18 28 25 32 17 26 17 30 15 20 
13 19 35 28 39 26 21 26 26 27 32 21 14 23 9 34 29 23 22 19 20 11 36 25 24 18 54 17 29 12 22 14 41 23 27 45 18 27 19 22 
18 29 28 33 24 31 13 24 22 27 20 23 13 18 23 28 29 26 19 29 18 28 17 38 17 43 15 18 23 21 40 19 24 38 26 30 22 27 20 32 
11 17 20 31 13 33 25 28 15 27 18 17 25 16 22 25 19 26 32 26 24 28 25 9 15 40 35 27 18 16 26 20 34 34 20 27 9 26 22 21 
19 19 29 34 20 34 17 27 32 25 26 14 17 16 11 40 27 21 27 20 20 20 33 29 25 40 35 25 17 29 20 15 43 27 10 32 7 21 13 17 
14 35 24 23 24 39 14 15 22 18 14 24 13 20 20 21 26 29 13 33 26 6 32 27 21 27 42 27 17 19 32 11 38 34 26 23 20 29 20 9 
19 27 25 36 23 18 19 15 37 14 20 11 8 14 13 18 25 33 28 26 28 27 26 28 17 23 20 26 20 27 49 14 21 31 30 39 23 24 24 24 
19 25 27 29 13 48 21 17 19 31 29 15 21 17 14 32 20 27 22 25 15 27 25 19 18 31 35 20 26 26 9 17 33 27 34 37 28 14 15 13 
20 18 34 30 20 26 12 21 33 40 27 16 15 28 34 34 35 34 21 26 23 18 25 17 26 55 25 16 27 27 20 27 23 36 21 29 13 23 17 23 
14 25 48 27 18 27 20 13 40 12 23 19 21 13 20 30 19 30 31 29 28 14 26 33 22 50 7 23 16 14 28 16 28 41 25 37 26 19 30 12 
13 24 17 23 23 18 21 21 32 36 17 21 15 23 28 38 29 36 21 14 18 22 28 3 16 15 30 13 24 15 30 30 35 27 34 38 16 28 22 33 
18 18 32 24 25 30 18 18 22 27 25 16 16 22 20 32 22 21 20 33 19 11 23 20 25 36 32 27 19 19 16 16 25 21 33 37 15 26 24 22 
16 28 21 26 22 33 19 25 34 23 20 11 17 21 23 37 17 15 24 16 25 15 27 20 20 30 24 20 27 13 25 19 25 31 28 36 20 16 15 24 
13 9 28 19 26 44 12 15 35 12 15 32 7 22 12 29 21 26 29 19 11 11 16 33 16 25 22 28 28 12 35 12 44 32 32 33 20 27 23 25 
19 29 30 21 27 25 15 14 27 25 26 22 13 18 18 21 19 27 33 30 22 26 21 35 29 50 18 13 18 20 31 14 29 35 30 31 13 35 26 22 
21 24 39 20 26 36 17 20 39 20 15 19 9 21 20 32 26 29 25 32 23 23 27 40 11 33 35 9 21 21 16 20 14 30 19 29 31 13 17 22 
14 25 21 27 29 28 11 21 28 30 8 21 10 21 11 34 23 25 25 22 30 17 20 31 27 39 12 27 15 24 33 16 24 22 11 13 13 32 27 23 
20 15 37 9 23 46 21 22 34 20 25 12 25 23 31 16 17 27 21 14 13 24 15 26 16 23 6 20 16 34 31 17 16 11 9 27 17 23 19 31 
13 30 16 36 28 14 14 11 30 15 21 6 15 8 20 37 16 30 24 18 27 16 27 23 16 41 12 28 25 19 29 23 26 37 43 15 13 10 14 39 
13 19 18 38 28 26 14 24 26 20 17 17 13 11 25 44 26 32 24 26 19 29 19 14 25 35 20 21 30 11 17 19 28 31 28 27 28 29 18 20 
9 17 12 25 14 24 17 18 12 29 28 17 21 15 25 35 26 35 30 30 16 23 35 32 19 33 23 21 19 31 11 29 27 17 16 39 16 25 27 23 
20 28 34 31 29 28 16 18 29 18 27 18 20 16 17 24 37 33 23 21 26 14 14 40 17 14 26 12 24 27 29 15 26 31 27 22 24 13 26 21 
10 21 20 15 15 25 9 32 17 31 24 30 21 3 21 35 27 16 34 25 20 17 27 28 17 41 21 30 28 31 27 17 17 17 21 41 26 20 20 31 
14 15 27 24 18 30 15 12 33 33 16 19 12 8 32 37 8 15 17 23 31 22 34 35 18 32 13 23 18 28 38 20 31 26 33 23 17 21 20 19 
19 21 25 27 26 21 11 28 22 34 18 18 16 20 21 34 25 16 26 20 22 15 34 35 23 34 20 17 30 19 27 25 33 29 32 16 12 19 21 17 
19 15 11 18 22 39 15 34 14 43 16 23 20 13 23 17 25 40 21 33 27 26 25 23 10 13 15 20 9 16 29 16 30 34 26 24 22 27 4 21 
22 35 31 38 27 13 4 19 26 31 10 31 17 22 24 42 21 10 11 23 22 27 22 35 26 26 27 10 28 35 33 20 27 35 25 32 28 24 28 18 
22 17 38 18 20 34 22 23 25 21 17 19 20 19 28 43 20 27 23 14 21 18 39 4 20 26 35 30 24 26 18 24 21 22 21 36 14 20 23 32 
18 35 22 38 28 25 12 25 31 23 18 21 11 19 18 18 21 29 21 32 19 17 16 24 25 35 23 27 23 31 26 21 27 24 33 13 17 22 16 36 
20 22 21 30 25 26 12 24 26 39 27 23 22 21 21 28 34 27 14 26 4 21 25 18 23 15 26 21 26 26 24 17 35 27 24 40 27 29 13 23 
14 29 24 29 34 32 16 27 27 25 29 15 15 22 16 27 24 17 24 18 27 31 10 14 10 24 25 27 20 21 24 20 23 46 30 27 18 15 13 25 
16 16 12 39 36 32 12 23 37 15 14 11 13 20 30 31 17 39 30 18 17 28 33 16 20 30 20 24 21 21 14 19 42 28 23 13 19 19 14 29 
14 27 30 24 15 30 13 19 22 32 28 28 23 15 25 35 22 35 21 24 21 32 32 20 21 31 33 6 26 26 19 14 29 26 26 37 18 18 16 29 
14 25 22 3 17 34 17 26 33 11 17 24 21 9 18 29 26 20 28 18 22 21 10 18 26 23 28 18 19 15 19 26 14 22 13 33 14 19 26 10 
15 25 31 30 22 18 9 16 23 31 21 21 13 9 24 33 23 30 19 36 12 16 23 47 18 37 21 17 31 29 27 22 32 27 30 28 23 19 20 14 
13 26 17 36 17 13 19 11 44 27 22 8 12 25 29 14 22 31 25 29 14 20 18 44 23 49 32 18 31 21 38 17 26 22 19 30 13 18 16 25 
16 21 27 25 33 39 15 22 17 33 27 15 17 25 23 24 16 20 19 31 28 21 33 25 15 46 35 24 24 22 28 15 24 24 32 30 22 15 13 25 
13 19 27 31 27 23 19 20 25 22 21 24 11 23 21 23 28 15 23 22 15 17 27 31 20 24 15 25 20 23 16 15 22 21 23 20 16 27 16 25 
14 14 29 22 28 25 18 19 23 32 24 19 13 16 13 46 21 31 20 10 23 12 16 25 13 38 29 21 23 27 40 24 34 25 24 29 19 21 15 12 
7 17 21 34 23 37 13 20 13 12 19 18 11 19 25 19 19 19 19 24 33 29 29 31 18 27 20 23 28 25 22 12 35 15 33 16 7 19 16 23 
10 16 22 30 24 32 16 19 24 33 21 27 17 16 27 37 22 26 26 23 20 19 10 24 27 23 23 31 23 25 35 9 19 25 33 16 22 23 16 19 
11 30 26 17 26 15 21 29 19 23 14 20 21 16 30 15 25 22 33 28 12 25 37 32 18 40 31 20 25 11 16 12 38 30 31 23 18 22 27 25 
25 19 25 23 18 36 14 18 17 26 29 16 9 22 24 17 17 16 28 15 28 17 12 30 19 29 11 21 17 22 22 17 21 28 39 16 15 22 13 25 
12 23 19 13 25 22 17 16 27 26 17 16 10 17 29 26 23 36 18 20 20 25 11 47 17 32 17 20 20 19 38 18 25 14 33 37 17 11 21 26 
19 15 18 34 29 37 13 30 18 27 18 18 20 14 10 33 14 29 26 24 27 19 4 31 21 36 37 9 18 19 33 12 35 20 20 26 20 19 20 6 
18 24 26 29 26 23 17 14 37 23 23 7 20 25 15 37 29 36 19 40 21 17 19 17 18 23 17 30 26 29 35 21 24 33 33 37 24 18 21 21 
16 18 12 32 29 38 18 29 16 33 24 7 15 15 18 30 23 27 36 24 16 26 17 32 24 30 27 16 20 23 32 20 22 23 16 35 12 18 29 9 
20 24 32 39 23 34 16 18 29 31 18 22 19 14 21 31 25 23 24 16 14 15 16 35 15 36 26 23 16 19 30 28 30 39 35 27 5 22 29 25 
13 17 13 28 14 37 11 26 19 33 21 32 24 20 24 37 21 16 30 15 25 19 11 23 19 35 32 34 19 17 23 12 18 38 25 27 22 9 15 27 
9 19 26 27 25 30 21 22 25 37 22 16 19 8 20 32 22 41 24 21 32 23 15 26 21 22 18 26 26 23 34 11 28 29 20 42 22 22 12 19 
19 25 26 15 27 33 15 22 24 22 22 9 20 8 14 30 15 38 28 18 11 17 23 26 18 17 37 31 14 18 31 20 27 25 14 35 32 14 24 31 
21 18 33 7 25 44 20 14 13 25 23 20 29 12 21 36 28 22 13 32 26 13 29 29 23 24 33 14 8 19 41 23 28 32 33 29 16 20 17 22 
20 18 27 19 16 31 12 27 20 36 18 15 19 19 20 37 16 19 22 21 31 24 28 35 27 27 35 19 29 17 31 15 31 19 31 37 26 15 21 27 
21 28 31 27 18 30 20 20 27 33 20 23 22 20 15 41 18 34 24 26 22 26 30 32 12 44 25 22 19 26 19 33 34 40 17 37 19 20 16 18 
12 27 24 30 28 39 18 15 13 32 18 35 14 15 21 28 10 27 28 37 30 34 27 32 15 27 28 28 23 13 23 22 33 36 30 32 19 22 21 22 
16 25 18 24 21 14 20 27 37 25 22 21 9 18 14 20 20 29 21 31 13 17 22 17 19 26 34 23 21 22 20 18 29 38 8 21 16 31 23 40 
21 23 19 36 18 19 14 19 23 33 31 21 17 14 26 32 23 2 19 19 16 24 19 14 17 47 16 25 21 15 19 22 23 41 22 28 22 35 13 14 
13 21 25 28 29 19 14 30 24 27 24 28 22 17 17 20 21 29 28 27 17 17 19 27 23 27 42 26 23 22 22 21 27 30 31 22 24 16 15 20 
14 20 25 25 9 26 22 14 27 35 15 26 8 16 20 42 12 17 33 24 12 28 24 33 22 27 30 20 15 32 21 23 23 20 33 29 26 19 16 13 
23 19 23 27 18 14 9 20 11 18 16 13 13 13 17 37 16 43 16 19 21 37 30 33 19 9 33 17 15 22 21 14 42 18 22 38 22 17 25 20 
16 15 26 22 20 11 8 23 26 18 17 26 20 14 25 20 26 21 23 31 20 27 32 42 15 35 14 25 21 18 29 23 44 36 32 13 18 27 14 30 
18 11 27 6 30 18 21 21 31 10 30 19 15 23 26 31 23 10 19 33 10 29 24 44 18 30 43 23 27 29 22 14 42 28 38 39 23 28 8 19 
25 24 19 27 12 22 15 20 15 22 22 12 19 9 23 39 20 39 16 23 30 19 30 21 28 39 19 13 18 17 41 17 20 28 32 9 11 25 19 24 
16 19 25 24 21 18 19 25 12 15 22 33 14 17 18 39 29 19 29 15 32 30 20 35 9 49 18 33 22 30 28 25 33 30 33 21 18 22 32 24 
25 23 25 21 29 24 10 19 24 25 25 19 16 15 21 40 32 24 28 25 27 23 26 29 14 39 38 15 23 16 16 22 26 16 18 32 17 31 20 23 
17 21 38 47 33 22 10 22 27 19 20 20 22 21 20 30 21 32 14 17 23 39 37 25 17 40 24 21 26 20 30 17 38 11 39 39 24 21 17 24 
8 28 27 26 25 30 18 20 24 35 22 25 13 21 27 23 28 28 26 21 17 29 15 33 18 32 18 11 24 20 13 21 32 28 32 36 21 34 20 27 
14 27 13 40 21 24 12 19 27 28 25 17 13 20 21 20 18 19 12 29 11 18 27 37 22 24 40 13 20 25 19 16 18 19 27 36 8 9 9 32 
21 22 31 26 21 24 18 12 31 33 22 16 11 18 20 48 24 34 16 28 26 33 25 29 13 40 31 22 36 17 29 19 19 41 30 29 19 28 17 27 
14 16 28 32 29 46 23 15 18 25 21 13 9 13 30 27 20 19 22 37 18 37 27 50 21 29 29 21 23 23 29 29 39 25 19 17 29 24 13 23 
13 31 33 29 26 26 21 23 34 29 16 13 28 20 16 24 15 34 29 18 16 29 34 24 26 35 30 15 13 22 26 10 27 33 31 31 18 26 18 26 
13 20 17 40 34 29 23 23 14 33 24 20 16 19 23 29 28 31 25 20 28 34 22 39 29 27 24 19 18 19 37 20 35 32 27 33 16 25 11 26 
14 25 26 43 20 42 16 18 21 30 27 17 21 10 28 32 34 21 26 16 30 31 9 40 12 23 16 15 13 13 29 26 33 38 21 23 28 17 27 29 
16 22 31 26 25 28 17 28 20 18 18 17 22 13 17 38 18 17 27 32 21 17 20 18 12 28 33 31 27 23 25 20 30 32 25 30 24 20 20 19 
19 25 18 25 26 19 13 15 29 34 18 27 19 19 15 31 24 38 36 21 24 28 10 25 18 34 32 21 15 17 18 12 14 30 23 20 12 16 17 25 
13 18 33 23 27 28 21 19 35 39 15 19 14 28 25 29 26 21 15 36 22 34 22 21 25 31 18 14 22 27 26 27 28 43 18 28 21 25 16 32 
16 28 20 24 25 24 11 16 21 23 18 24 6 13 31 30 27 28 26 13 23 22 9 21 13 24 25 15 24 17 27 12 23 15 21 17 15 5 28 28 
17 31 17 33 23 19 17 36 32 30 13 15 10 17 16 29 22 22 6 32 28 24 36 23 20 42 14 29 16 25 29 10 28 27 32 30 26 30 28 13 
16 27 8 31 25 26 15 19 26 29 28 17 8 20 22 26 24 35 15 42 15 26 20 22 18 23 18 28 25 23 24 22 34 37 26 31 28 19 22 21 
7 22 23 30 21 17 12 29 17 13 12 8 16 19 16 32 23 31 21 31 23 22 24 29 25 37 28 27 16 15 34 19 27 34 23 31 19 37 23 21 
17 16 36 32 23 36 17 23 19 36 29 18 23 16 27 29 26 25 15 22 20 20 19 31 17 44 27 32 18 21 5 20 23 32 25 29 21 35 21 16 
15 31 33 7 21 27 14 33 22 24 25 23 24 17 26 30 24 27 21 32 20 20 30 20 16 46 23 30 33 25 27 23 17 25 23 23 17 31 13 18 
12 19 17 21 24 17 13 24 22 31 20 13 18 21 31 30 31 38 18 24 29 28 5 40 25 35 13 23 29 32 16 16 43 40 32 23 16 35 25 16 
20 24 20 42 20 29 8 9 26 29 20 31 17 11 25 31 21 26 13 16 21 21 34 25 15 37 29 18 29 25 21 16 26 27 31 30 21 16 15 33 
10 29 16 38 7 33 18 11 34 16 23 23 14 11 16 33 27 20 22 21 27 13 22 26 17 21 26 27 32 15 33 19 21 32 21 28 30 23 3 27 
22 25 23 20 37 44 15 22 25 29 18 17 20 19 25 39 14 19 36 32 21 28 29 20 20 27 33 29 27 20 30 32 18 36 27 28 15 33 11 19 
19 28 27 42 15 26 17 17 34 15 21 23 10 19 20 33 15 26 21 20 9 29 12 30 15 20 39 23 20 19 13 22 31 41 19 36 13 22 18 28 
17 17 18 23 16 29 17 19 22 23 14 16 21 16 29 20 18 15 26 28 22 18 21 44 18 23 23 26 17 20 17 18 20 27 26 33 24 24 18 31 
17 20 17 29 28 33 13 15 16 32 21 19 11 21 27 24 18 39 23 14 27 18 25 36 17 22 12 17 24 25 31 20 38 41 29 27 19 19 21 19 
20 20 25 33 29 36 13 25 26 28 27 17 9 12 29 28 18 38 29 26 23 33 30 46 19 26 31 18 28 35 26 17 20 21 33 11 28 36 24 36 
17 18 34 16 21 25 16 9 38 38 12 3 13 9 25 51 29 39 25 7 20 19 26 22 19 33 25 25 13 17 22 22 30 16 23 36 14 25 21 33 
18 16 29 43 29 30 20 20 36 25 12 13 19 22 18 16 19 19 21 7 22 22 29 25 18 44 28 37 24 25 18 32 20 27 35 18 12 19 20 26 
15 23 23 24 23 44 14 10 18 26 19 25 13 15 20 23 26 21 18 36 25 28 22 24 21 29 13 29 28 15 16 15 29 26 32 30 25 20 12 24 
15 30 32 25 24 22 16 17 35 17 22 19 17 8 22 35 16 22 14 31 17 23 25 15 21 32 24 24 22 32 25 15 24 35 39 31 20 25 26 27 
27 21 20 28 18 31 6 18 16 24 23 22 2 27 24 32 21 23 22 26 25 23 18 18 18 41 32 20 21 27 31 16 15 28 17 30 17 16 27 29 
19 18 21 28 25 25 11 21 23 28 16 19 8 15 17 24 14 30 25 31 14 26 20 17 18 51 28 20 9 26 14 20 24 40 22 51 15 17 9 21 
20 24 31 31 26 23 20 17 42 35 17 17 19 15 20 17 17 28 20 23 14 17 30 26 26 41 12 24 16 15 24 15 31 43 20 38 18 34 21 29 
6 25 23 22 22 24 16 18 22 30 18 20 17 18 30 29 26 20 24 35 24 21 32 29 20 32 26 13 29 24 14 9 28 24 24 40 23 26 22 29 
14 25 16 23 19 28 13 17 29 40 20 26 19 17 23 25 32 17 27 22 29 27 19 19 11 27 29 16 33 16 36 21 31 19 25 27 12 12 22 25 
18 26 35 36 32 19 11 27 29 25 16 20 22 15 24 24 30 28 24 25 21 12 23 37 18 30 29 11 19 24 32 29 36 35 30 32 25 32 21 23 
17 21 29 21 30 29 11 22 28 34 21 29 16 15 25 25 12 27 19 20 20 13 22 36 22 43 31 11 18 31 26 24 35 24 27 23 24 21 17 26 
19 16 26 27 36 27 17 4 23 7 12 17 16 15 30 28 33 16 21 33 20 12 26 30 19 33 19 17 27 21 19 25 32 17 21 21 21 25 24 16 
20 22 21 16 30 35 16 25 33 17 19 20 21 24 32 31 23 26 22 21 19 6 34 25 12 35 27 19 22 28 31 18 41 34 24 24 28 29 19 20 
18 23 29 21 20 30 22 23 16 21 19 17 14 28 20 15 29 24 10 27 10 36 36 32 20 36 16 12 31 26 33 31 14 24 20 28 26 27 16 22 
16 14 21 32 21 31 15 22 35 37 24 16 10 10 14 38 21 44 21 20 11 25 37 9 12 17 32 12 24 13 35 16 20 27 18 27 13 17 20 28 
16 30 33 14 19 33 18 26 31 21 29 15 13 28 14 8 17 24 24 33 28 18 36 22 14 20 38 26 19 31 17 17 30 22 14 29 15 24 21 19 
23 28 17 32 19 33 13 21 21 11 16 12 23 21 24 35 26 42 28 24 22 22 31 32 12 47 15 16 20 12 28 24 27 40 23 26 21 19 17 22 
15 19 27 40 24 45 14 29 23 21 23 19 13 16 21 15 24 22 35 28 14 24 21 19 14 32 28 22 11 25 40 28 24 29 24 43 23 28 23 22 
11 25 25 16 33 29 16 23 24 16 19 17 17 14 11 34 21 17 24 36 18 6 34 27 25 40 25 18 25 17 33 18 33 31 18 31 15 21 14 28 
19 34 29 36 26 26 16 18 38 18 13 16 22 18 28 41 24 22 34 31 16 31 17 16 23 39 31 22 16 31 20 14 20 31 17 28 24 22 15 17 
11 29 27 10 22 24 12 27 15 34 24 25 14 18 17 15 16 32 14 29 17 29 25 20 21 35 29 19 18 13 16 18 29 30 26 26 25 24 35 24 
14 14 12 25 27 37 16 24 26 42 15 24 16 17 23 18 28 21 35 21 17 36 21 18 22 33 31 17 31 22 30 15 18 30 34 26 12 18 13 26 
21 19 30 36 21 15 23 18 16 23 10 17 24 19 21 29 25 24 32 36 19 15 24 46 18 22 22 23 15 17 30 30 30 24 27 11 16 24 11 25 
15 24 15 15 21 31 16 14 15 10 23 23 15 10 21 26 22 30 18 26 27 30 22 27 15 34 21 24 20 18 18 18 33 37 31 20 17 20 17 10 
17 21 34 27 7 23 19 26 27 25 32 13 15 24 14 21 24 28 16 25 11 15 20 25 14 42 21 22 24 21 28 16 25 17 34 27 9 28 18 20 
19 25 22 23 31 44 18 19 27 19 23 30 24 15 29 20 23 26 24 22 25 28 19 20 21 36 37 15 33 16 23 18 36 29 29 25 17 21 18 26 
13 22 26 29 16 30 15 22 39 37 20 17 24 19 18 17 18 16 15 25 21 19 22 25 19 27 30 18 15 14 33 21 20 29 29 27 18 28 17 31 
17 20 23 45 20 24 22 33 24 49 21 24 10 18 27 37 29 36 28 33 20 17 26 36 29 22 22 22 17 29 31 12 15 33 19 22 17 19 17 30 
19 24 18 28 14 20 13 22 28 20 24 33 14 17 18 25 32 34 21 25 28 28 23 21 15 32 29 12 9 18 26 12 32 30 29 23 25 18 16 26 
14 30 27 38 25 30 7 16 25 11 23 20 10 15 23 36 15 25 28 31 13 26 7 27 18 25 25 27 18 22 23 24 37 29 22 18 17 28 16 24 
19 22 29 24 32 22 14 15 19 31 21 16 19 20 26 34 14 34 15 32 27 22 20 16 28 23 29 19 26 16 33 28 37 33 40 18 15 25 12 15 
15 22 26 37 29 32 16 27 7 22 20 21 16 17 22 34 24 22 22 25 18 20 21 21 17 24 32 22 13 26 29 16 21 35 27 29 23 26 12 22 
14 24 29 26 23 28 25 17 27 21 24 28 9 19 15 29 18 28 16 23 24 23 21 19 26 30 20 17 22 22 28 15 27 37 22 30 26 28 20 22 
13 33 24 22 16 23 14 25 45 32 24 31 25 19 21 36 29 32 22 30 13 27 17 24 14 39 22 16 26 20 37 25 39 32 24 13 16 24 17 30 
11 30 17 26 25 26 16 15 27 22 10 18 20 28 24 23 19 38 19 38 17 26 24 26 16 25 37 18 13 19 28 16 14 26 34 34 20 17 12 24 
7 20 20 27 23 16 8 24 16 32 28 22 18 12 31 27 15 10 19 22 19 26 9 27 22 29 27 11 19 8 17 14 19 33 29 28 17 29 17 24 
12 20 10 34 25 24 22 26 19 23 32 14 5 6 26 32 30 28 13 27 29 26 15 36 28 31 26 21 25 14 31 10 23 22 33 27 18 17 22 19 
22 23 38 33 27 34 19 14 9 33 30 24 17 7 20 24 15 20 16 36 17 26 13 15 16 20 19 23 21 25 20 21 23 33 36 18 17 14 24 29 
17 31 29 17 29 8 5 17 21 27 20 10 22 16 28 20 24 38 29 23 24 34 28 28 19 45 33 27 28 34 33 18 32 20 21 21 22 27 16 29 
13 20 21 34 31 25 16 13 26 23 17 15 10 18 18 5 25 30 30 21 38 23 29 30 22 39 24 26 11 17 30 16 30 42 34 19 14 15 5 28 
19 10 13 32 20 25 12 26 22 30 19 20 16 18 20 27 27 22 26 32 35 38 34 16 12 38 25 29 23 22 27 22 20 28 21 35 24 22 22 27 
14 19 30 24 27 37 15 25 12 18 22 25 12 20 18 34 17 34 26 18 29 23 34 38 26 40 34 23 31 19 29 16 31 14 24 13 13 18 16 26 
20 18 18 32 25 34 15 23 12 28 18 22 20 17 28 18 22 27 22 22 23 25 24 31 14 23 26 32 22 20 35 18 42 38 19 23 16 18 25 18 
13 30 25 32 27 26 21 17 24 25 23 18 16 15 20 30 15 25 22 14 5 16 38 15 29 16 22 4 23 18 37 17 30 31 24 51 21 17 22 22 
12 31 33 12 25 26 21 26 27 25 25 14 21 23 33 24 13 41 23 29 28 17 28 24 19 37 25 29 32 17 20 10 26 34 20 23 19 29 26 20 
16 19 31 9 19 25 17 21 21 28 40 22 16 18 33 29 23 39 15 24 17 31 39 22 17 29 26 23 27 18 27 17 34 21 26 22 21 21 21 16 
19 30 26 29 29 43 13 29 29 28 16 20 21 12 21 35 34 11 29 35 21 24 34 22 16 22 10 17 26 7 23 21 14 23 31 27 27 24 19 28 
18 21 19 32 17 30 16 24 31 22 24 20 20 14 21 26 24 18 19 17 17 29 21 30 18 14 30 10 13 22 24 21 42 37 30 27 26 16 28 25 
16 24 23 30 29 26 18 22 28 41 16 23 26 17 30 32 23 23 27 28 22 15 26 17 20 25 14 24 19 20 25 15 16 29 30 26 20 19 17 30 
13 28 21 35 36 19 24 28 30 31 17 30 19 15 17 28 24 27 26 32 27 25 27 29 18 22 29 19 20 26 35 20 27 32 17 21 17 29 15 23 
15 34 33 26 32 28 17 26 20 22 41 30 15 28 17 22 19 22 14 14 30 34 20 35 8 17 21 35 29 30 28 22 27 28 34 28 19 22 23 29 
22 29 29 20 26 20 12 20 17 41 21 19 20 19 15 31 20 34 27 22 16 17 22 37 10 37 19 10 10 20 30 12 29 42 25 31 6 16 17 33 
20 20 22 22 21 29 17 27 33 27 18 27 16 6 17 38 26 19 21 20 23 23 23 31 18 50 24 21 24 20 39 16 20 24 31 31 22 27 24 17 
17 28 29 21 25 32 20 18 24 29 18 25 19 17 27 11 22 38 24 15 18 25 21 16 19 29 34 23 25 26 43 23 32 21 32 21 23 24 15 25 
15 16 20 27 24 30 14 31 33 34 24 14 20 22 22 45 18 32 16 27 23 5 29 21 15 29 25 19 30 19 13 20 34 30 21 37 16 16 18 25 
23 17 20 31 26 36 22 20 22 31 19 19 19 14 22 36 15 15 26 17 24 22 29 21 28 29 10 21 25 25 18 17 21 34 27 22 13 28 19 28 
18 29 23 40 29 29 12 29 23 46 29 18 19 10 19 26 17 16 26 22 30 32 23 36 18 36 32 20 18 30 20 27 23 23 27 25 19 20 21 16 
15 22 24 26 22 32 24 16 22 35 12 17 12 21 20 28 29 44 17 26 26 17 23 31 20 38 21 33 22 27 29 11 41 38 21 17 25 24 16 24 
21 22 29 25 11 23 15 25 16 35 24 17 26 19 20 31 23 10 19 31 14 38 27 37 27 25 19 22 16 10 40 23 28 30 28 33 9 27 10 22 
18 29 25 18 39 31 16 10 31 18 17 18 10 25 24 30 31 27 25 27 20 38 21 19 14 23 25 24 23 22 27 29 28 33 25 36 10 30 18 15 
8 27 23 37 23 41 13 19 12 24 22 19 13 28 19 27 32 26 31 28 15 16 15 30 30 34 11 19 16 16 29 16 25 29 30 18 6 25 30 17 
17 20 27 28 25 24 21 24 29 20 24 21 18 19 29 21 22 30 24 19 25 35 32 26 19 28 21 17 29 26 16 18 35 36 25 20 12 23 16 27 
13 20 29 25 18 24 13 24 23 32 22 21 18 21 18 23 51 24 24 31 19 12 26 26 16 37 22 27 28 27 26 23 29 43 19 30 22 12 24 15 
21 21 33 19 28 8 11 23 29 33 22 13 21 19 20 22 23 35 18 30 33 26 33 17 15 35 26 28 23 26 15 17 34 33 21 23 12 15 26 23 
16 27 35 43 25 33 20 15 34 37 18 22 23 25 21 25 22 27 21 23 29 24 26 27 23 27 32 10 32 19 28 14 30 31 19 20 21 26 22 16 
17 29 17 27 26 25 10 25 32 25 26 21 19 16 24 24 12 45 14 27 26 24 28 25 19 24 37 29 20 24 9 17 33 37 8 36 15 19 15 28 
27 35 32 19 20 28 13 22 19 15 16 14 15 26 26 26 28 25 22 40 23 22 10 50 19 38 22 15 26 20 26 22 19 33 19 27 8 23 20 28 
21 33 23 32 18 30 19 22 21 27 30 23 11 18 26 34 24 35 28 20 14 32 22 34 23 27 30 17 22 8 21 12 33 38 26 19 10 27 14 17 
19 28 19 36 22 41 9 27 21 26 14 17 17 22 23 26 16 28 34 24 11 25 26 19 17 27 29 16 16 23 27 14 39 26 17 31 22 24 14 21 
22 18 19 32 28 25 15 25 25 26 18 24 8 20 28 24 19 18 24 24 23 27 27 35 8 33 26 25 24 22 25 29 21 33 28 47 16 20 15 13 
16 25 27 28 27 28 17 14 27 30 20 24 22 14 27 36 33 29 18 27 12 11 34 12 26 42 27 27 24 27 17 22 18 31 25 21 25 22 15 19 
16 29 18 32 22 19 12 12 21 28 28 34 20 18 25 20 20 28 21 26 28 21 41 34 21 35 15 15 13 23 42 17 35 45 27 28 26 19 17 17 
13 39 11 45 23 46 11 40 10 25 25 22 20 12 27 21 14 24 21 17 18 33 10 26 11 47 22 25 24 25 12 16 44 37 25 31 19 15 27 27 
17 30 23 15 34 30 19 14 29 38 18 11 17 19 29 19 15 41 28 26 10 29 22 46 18 24 16 23 13 32 15 11 29 31 15 25 22 22 22 28 
16 29 20 23 32 29 15 26 26 20 23 23 22 12 34 33 28 26 23 33 27 19 28 43 18 29 31 27 28 15 31 10 35 42 27 7 18 27 15 30 
5 25 12 25 21 24 19 20 19 25 15 26 22 20 18 25 16 27 24 26 14 36 26 28 18 23 40 16 16 19 27 16 36 29 32 33 19 26 17 34 
15 13 16 26 24 34 12 20 31 34 26 13 9 22 22 37 21 33 16 19 12 29 37 27 20 13 14 29 24 16 28 20 28 38 32 30 20 22 19 25 
15 17 20 20 31 37 15 19 19 17 16 14 11 19 14 34 24 26 23 28 7 29 28 36 23 36 31 27 23 27 13 28 26 27 29 21 16 25 13 24 
13 17 31 37 20 26 23 36 28 8 22 18 14 11 16 23 32 19 28 24 22 24 23 26 24 33 28 22 16 25 33 11 26 33 19 14 20 31 19 23 
15 31 26 20 15 38 20 18 18 16 20 26 27 12 24 34 26 26 41 24 18 21 29 34 22 15 35 10 19 25 29 26 39 20 28 23 20 26 22 21 
18 42 21 37 27 22 18 24 20 28 16 18 22 21 22 23 26 12 35 25 14 34 35 24 15 24 21 12 16 25 26 15 27 32 24 27 17 26 15 24 
9 24 38 38 16 23 19 22 23 23 37 23 20 24 26 28 21 32 25 28 26 34 21 28 25 34 33 23 15 25 13 20 30 26 39 20 12 24 15 22 
14 21 27 35 24 30 14 20 33 22 25 22 17 18 21 17 23 23 17 8 26 30 28 34 28 31 25 26 31 16 24 24 21 23 19 29 19 24 20 19 
22 19 29 35 19 26 19 5 26 25 16 17 17 25 21 27 28 28 21 18 26 22 28 24 20 19 30 24 16 19 23 28 11 41 21 37 11 17 22 19 
14 21 20 32 26 29 10 17 29 41 25 26 20 19 15 27 29 32 23 38 19 18 21 24 30 37 35 32 13 19 27 13 23 36 29 32 24 21 18 21 
14 21 25 26 26 30 19 15 25 43 25 29 20 24 27 30 23 25 16 27 13 28 33 10 24 16 26 28 23 3 22 31 39 23 26 33 15 25 15 19 
17 24 18 28 21 26 18 22 24 12 31 14 21 20 25 32 19 22 16 24 13 16 23 19 18 27 8 24 26 31 22 18 28 30 28 32 19 24 21 26 
12 31 36 23 24 33 23 25 27 24 16 32 18 19 28 16 25 32 25 13 21 15 22 28 21 29 9 19 13 19 19 18 30 26 26 36 23 17 11 26 
15 14 24 28 25 31 17 26 19 29 17 21 17 21 33 25 22 27 25 32 17 23 22 33 23 27 22 19 19 17 22 20 36 12 19 35 20 17 21 10 
15 26 34 15 28 35 18 31 27 36 20 26 14 8 26 46 20 46 31 28 13 17 23 21 19 19 31 22 18 17 25 21 24 28 17 40 22 6 14 24 
21 18 15 31 27 30 16 21 24 21 22 21 20 20 24 36 25 38 10 38 21 14 18 24 25 18 29 20 30 16 33 17 23 22 20 32 18 21 20 21 
12 34 27 23 27 27 20 17 33 26 27 25 23 14 23 28 14 17 28 40 12 35 28 21 15 37 19 24 18 21 33 25 28 31 15 43 22 22 20 25 
17 9 30 20 35 29 21 24 39 26 18 8 12 20 19 37 20 38 33 26 27 27 21 17 19 28 24 21 20 17 13 17 34 23 27 29 19 27 20 35 
16 21 15 27 25 35 14 19 22 34 16 24 11 21 16 27 26 22 27 24 20 16 31 14 19 37 25 12 16 16 28 20 27 26 54 36 23 30 18 27 
17 23 10 18 19 30 16 22 38 42 25 22 17 20 18 29 27 18 30 14 22 29 28 23 19 51 36 17 30 16 27 22 36 29 19 34 22 23 23 17 
10 21 28 36 33 33 15 18 16 34 19 20 18 27 14 34 30 26 29 19 27 29 27 29 14 35 12 12 25 15 21 19 37 35 19 20 23 20 17 26 
26 15 23 27 28 37 24 29 21 29 33 25 17 20 27 41 14 11 26 30 14 11 32 37 20 36 16 21 30 19 27 22 40 15 25 17 19 19 21 29 
10 20 18 37 32 24 16 17 23 17 12 27 21 19 32 20 8 40 24 19 19 35 30 29 19 35 20 24 12 21 10 22 24 28 32 34 16 21 19 27 
21 22 23 25 18 16 16 10 32 19 20 16 13 15 30 19 21 35 16 23 22 15 27 34 19 19 21 12 27 18 21 26 28 20 21 34 21 15 22 25 
11 19 19 32 21 18 14 19 29 26 16 15 7 15 15 40 23 32 23 23 17 21 15 29 31 41 35 6 20 23 23 14 35 44 19 32 24 19 22 12 
25 27 22 37 10 45 18 17 30 38 16 15 15 13 25 26 19 24 26 35 24 24 34 43 16 24 29 14 32 18 27 20 23 20 26 30 26 21 28 27 
13 23 12 11 35 31 18 21 19 28 27 17 19 26 24 32 19 15 24 33 24 25 23 36 17 28 31 20 28 26 17 18 28 19 20 27 13 25 21 24 
25 27 27 38 21 26 19 20 33 21 20 17 29 20 31 43 19 8 19 22 10 36 28 25 26 39 25 23 19 21 21 21 41 31 29 21 15 29 17 26 
7 24 23 31 15 27 18 27 31 30 27 11 8 22 12 27 31 24 29 30 21 22 35 15 11 48 21 19 20 16 22 14 19 34 27 20 17 22 11 16 
14 19 16 37 22 22 14 30 24 16 24 24 20 9 17 31 25 28 15 32 27 24 36 19 29 19 24 18 9 15 23 17 21 26 40 35 16 8 15 24 
19 21 23 25 29 34 14 22 28 20 29 13 23 18 24 15 26 26 30 25 27 21 29 30 24 22 20 12 11 23 29 21 41 28 39 19 23 13 14 20 
19 17 34 23 30 40 12 29 27 27 38 10 11 15 18 24 19 43 30 28 31 23 37 22 21 24 42 23 25 6 27 12 29 42 24 34 30 28 19 21 
14 17 14 37 28 33 9 23 32 27 19 23 22 15 26 37 26 26 30 26 16 17 8 19 11 22 21 24 16 20 28 23 34 48 23 20 27 28 18 25 
15 19 33 31 28 11 14 31 29 27 20 25 13 16 25 33 18 11 18 24 20 16 21 17 26 37 32 13 16 22 27 13 32 16 38 35 23 29 27 25 
17 19 33 37 28 22 18 19 17 12 23 22 17 18 15 41 21 22 18 24 16 7 16 24 21 30 24 10 26 22 17 18 24 33 23 40 17 11 20 21 
14 26 21 39 27 18 10 7 26 30 22 28 7 23 25 25 21 48 19 29 29 31 19 20 15 40 18 31 19 22 11 8 31 17 28 32 14 32 17 22 
12 26 19 23 22 9 15 25 36 26 18 26 19 18 22 39 20 20 23 30 27 36 15 46 18 29 33 29 16 26 22 17 35 46 21 32 17 15 19 28 
15 29 5 15 28 39 20 17 8 24 17 23 22 13 26 26 15 23 13 22 24 27 25 32 28 30 16 21 18 17 17 29 36 26 15 33 21 32 19 24 
14 17 23 20 14 21 12 23 20 22 14 16 12 17 17 17 21 28 27 28 22 23 19 17 27 24 26 20 15 33 22 21 32 37 22 26 17 25 15 40 
17 21 32 29 37 35 16 19 28 29 24 19 19 13 26 27 23 22 26 32 28 20 44 27 18 34 10 20 21 28 34 15 30 41 39 26 10 21 28 19 
12 29 23 29 20 22 20 16 18 21 18 15 19 28 16 28 26 26 19 23 28 25 37 27 25 19 21 11 14 23 30 25 33 42 31 27 19 18 17 26 
20 19 8 10 17 21 17 24 18 35 15 16 11 18 20 35 27 22 11 32 23 17 22 27 24 32 22 15 21 23 26 27 25 40 30 21 26 23 12 20 
16 31 27 27 15 11 17 23 26 11 17 18 12 14 32 30 17 21 31 28 18 28 20 39 20 30 26 24 18 17 25 17 22 36 30 32 17 34 16 29 
19 30 27 15 22 19 24 25 19 37 13 17 10 9 25 37 23 28 13 21 21 30 19 23 16 42 20 29 26 15 22 13 42 54 23 18 15 19 21 17 
19 29 16 43 23 43 14 11 19 29 24 20 19 21 15 19 31 35 21 20 25 11 27 24 14 34 22 19 23 18 33 26 44 40 27 40 24 25 23 13 
14 16 30 29 25 39 16 37 15 13 19 19 27 16 27 38 13 30 14 29 20 35 31 27 11 21 15 21 12 16 28 21 18 25 20 49 16 9 21 16 
13 15 41 27 23 21 16 23 25 33 26 18 20 19 13 30 26 10 19 18 19 29 6 32 14 28 38 26 19 30 31 27 28 38 24 16 21 18 32 28 
12 26 21 30 25 25 14 14 30 8 20 18 11 15 31 36 20 25 18 18 20 21 27 32 17 30 19 38 18 17 23 20 23 25 36 17 9 25 24 25 
17 19 23 21 19 35 13 18 21 9 15 14 13 7 20 41 14 18 35 36 17 15 23 30 12 32 25 15 26 19 16 28 28 36 20 28 11 14 20 28 
19 29 33 33 24 31 13 10 29 21 25 18 7 8 11 17 23 36 24 30 28 21 23 18 19 20 28 16 17 20 32 31 28 26 12 17 16 13 26 28 
14 16 26 21 20 41 13 21 32 22 19 12 14 19 23 25 17 34 28 23 20 20 31 29 16 25 13 28 27 23 33 11 36 17 24 29 20 36 15 30 
20 21 14 30 28 22 15 20 43 29 27 17 17 12 17 22 18 31 32 34 25 32 23 35 14 29 41 26 17 20 15 11 31 22 24 11 12 16 25 22 
12 23 42 34 20 39 15 17 20 17 18 17 23 26 19 33 23 20 24 12 11 30 33 29 27 30 22 28 29 26 16 19 30 26 30 39 17 23 10 24 
12 15 18 14 27 25 11 28 33 29 21 16 6 24 21 29 27 24 30 25 3 12 25 39 24 42 30 18 18 17 14 20 22 28 18 19 15 23 29 27 
16 26 36 28 31 22 13 11 19 16 20 20 16 27 12 41 23 31 18 31 14 22 23 26 14 23 18 23 12 7 20 17 36 27 30 31 14 24 28 20 
18 23 18 18 25 42 23 21 34 37 11 18 30 22 29 16 18 42 29 17 14 31 21 38 27 20 28 17 23 26 31 20 10 21 26 28 21 25 10 18 
14 31 26 29 22 20 15 20 21 26 21 13 17 14 16 26 10 37 17 30 22 25 27 26 22 7 26 23 16 31 24 18 29 36 25 39 25 18 11 21 
17 31 25 29 25 38 21 26 14 25 25 19 28 18 25 27 24 26 19 29 17 20 33 21 25 31 27 19 17 26 11 14 48 27 21 24 16 14 24 28 
10 27 22 39 21 28 20 10 23 21 22 13 17 30 21 37 29 9 20 29 16 30 31 37 13 25 15 25 16 22 15 22 34 24 36 30 18 18 20 16 
13 26 22 13 23 33 10 17 26 17 10 12 12 17 31 28 11 33 11 18 29 30 14 39 19 22 21 20 18 18 23 16 19 28 31 22 26 20 11 32 
11 24 17 20 21 31 16 13 28 24 15 17 15 11 21 44 19 31 27 38 17 17 24 15 13 47 30 24 17 16 26 16 36 37 45 28 23 23 4 22 
19 25 28 26 24 33 10 14 27 34 33 22 14 10 18 26 27 27 20 20 25 31 34 16 17 39 23 24 23 20 15 19 32 40 33 24 26 23 21 15 
18 21 15 33 24 37 19 25 33 43 24 24 20 12 13 18 27 31 23 31 25 25 30 15 28 28 30 25 24 21 28 12 28 25 26 21 19 22 21 22 
18 15 29 30 30 17 17 18 28 24 27 11 24 8 26 27 37 19 17 25 20 26 30 25 16 26 25 15 21 22 28 23 18 42 31 6 19 14 24 19 
16 22 26 33 11 22 13 22 27 15 18 14 23 23 24 35 16 24 18 15 19 19 33 29 25 17 20 27 27 37 15 29 36 17 27 44 12 24 20 17 
26 27 26 15 33 36 17 32 22 38 16 22 22 24 31 28 14 24 22 28 17 35 26 26 17 36 29 12 29 36 26 22 21 39 29 19 12 22 19 21 
15 13 26 24 23 19 18 20 18 21 20 31 15 14 18 21 33 27 21 31 15 19 33 37 24 31 16 22 20 33 32 26 31 22 25 34 17 25 16 21 
7 15 19 30 21 24 16 15 25 31 24 13 17 19 29 23 18 35 11 28 25 24 27 23 13 22 30 11 34 22 32 18 17 24 30 32 14 21 15 27 
23 22 24 21 19 32 15 18 18 26 28 18 23 17 26 26 21 29 26 21 14 32 16 19 26 34 27 23 23 24 25 17 32 35 25 36 12 28 15 23 
16 27 16 19 28 23 18 19 17 37 20 22 9 9 21 27 19 27 27 32 33 21 43 17 21 23 26 23 6 23 18 9 33 40 25 30 14 25 25 32 
16 28 27 30 15 15 15 14 35 33 20 19 7 21 24 22 30 29 26 40 17 32 15 5 21 35 31 24 26 17 22 13 23 16 28 28 20 20 23 17 
13 13 28 22 17 35 15 9 23 17 23 23 7 24 18 20 31 37 18 30 23 23 25 20 9 25 25 24 10 30 39 13 40 27 26 28 26 17 15 13 
8 21 23 25 21 10 18 22 11 35 22 18 16 18 18 44 29 22 23 31 26 31 27 29 16 44 21 19 9 21 29 21 39 26 30 33 21 12 16 22 
17 18 24 31 30 31 21 25 28 31 16 17 17 15 19 36 16 22 16 34 4 38 25 23 16 29 25 14 19 16 28 15 27 43 39 36 25 9 13 22 
11 15 33 23 20 22 21 23 29 19 22 18 13 16 11 19 16 17 21 25 27 36 32 16 22 31 20 16 25 20 30 19 19 46 17 47 20 26 10 26 
14 20 22 31 17 31 11 13 19 31 19 16 27 22 22 22 25 32 16 36 28 18 15 26 20 34 28 23 20 28 25 10 25 15 27 31 23 24 26 27 
16 8 8 32 30 29 18 19 31 37 24 15 15 18 17 31 31 10 30 28 17 42 31 23 21 16 22 25 33 24 15 16 54 32 19 9 17 30 7 29 
21 28 25 28 17 28 24 15 30 28 25 22 22 21 16 34 29 27 16 37 20 25 30 42 22 17 20 18 26 29 30 28 48 37 20 21 17 17 24 33 
21 34 29 22 18 30 15 16 12 24 20 23 16 18 30 30 31 32 18 32 13 28 29 26 20 23 22 28 18 25 19 16 60 32 23 37 23 34 28 32 
11 25 27 35 13 28 17 28 14 36 25 21 23 24 26 24 27 23 24 25 7 23 33 12 29 29 31 28 26 25 18 23 8 20 29 25 20 23 23 39 
21 20 12 15 27 25 14 18 31 19 26 10 13 13 18 24 30 17 28 10 24 13 36 30 23 31 25 25 12 17 9 16 23 22 35 24 21 24 11 18 
18 33 14 29 22 28 22 22 27 26 28 12 11 16 16 25 30 27 19 36 27 23 23 27 20 27 26 16 20 21 18 19 32 37 20 30 17 26 17 27 
12 21 39 26 15 27 16 21 30 29 27 35 10 13 20 24 28 27 31 40 23 32 27 22 17 31 19 21 34 22 24 11 32 22 26 10 22 9 20 24 
15 30 18 31 31 40 15 32 17 21 11 18 8 16 24 24 24 26 22 29 12 25 29 32 18 33 31 22 23 17 15 14 36 29 20 25 13 23 24 20 
9 17 28 30 18 23 20 23 26 16 32 25 28 19 25 13 34 23 32 26 20 20 30 28 4 32 28 21 23 15 27 22 14 21 12 37 20 9 20 29 
11 20 18 32 23 20 14 32 14 37 13 19 14 12 8 28 19 17 24 30 14 24 15 24 16 22 25 21 21 27 29 22 35 34 17 37 20 34 14 28 
17 26 35 18 5 28 12 23 15 23 21 17 15 13 23 26 27 24 28 23 24 21 23 20 21 47 30 16 21 13 11 16 10 36 15 7 27 22 28 18 
10 26 23 23 18 33 18 22 28 16 16 17 13 20 20 32 34 29 31 30 15 39 24 26 15 27 17 21 15 11 21 20 22 22 27 16 21 20 28 25 
18 15 26 29 24 31 13 14 27 31 19 13 15 10 30 30 35 25 21 20 24 27 28 39 14 28 22 29 28 10 22 25 34 23 34 34 22 28 25 24 
19 12 24 15 19 39 20 17 28 37 27 18 17 18 27 50 21 22 18 27 23 37 28 23 26 26 34 11 27 19 26 15 16 25 26 25 13 22 17 17 
14 27 30 36 26 14 19 18 27 21 25 17 26 23 18 18 14 28 29 42 13 16 21 20 19 30 36 32 20 20 29 22 39 20 23 44 15 25 22 20 
19 22 37 18 29 20 16 16 14 10 19 34 26 8 17 40 24 30 31 20 22 28 20 35 18 33 18 9 28 24 19 17 46 31 36 27 21 34 21 20 
18 14 15 21 24 33 19 23 30 22 18 26 17 20 22 39 26 22 30 24 13 27 27 8 21 28 30 18 19 12 23 16 15 26 29 28 21 25 25 28 
10 13 16 29 31 31 12 10 30 17 26 28 15 19 16 8 32 29 13 22 19 21 24 13 24 32 26 20 27 22 29 17 29 41 19 18 6 12 18 23 
11 22 32 32 27 48 13 8 30 25 18 16 16 19 25 13 25 26 17 29 30 30 33 29 16 54 26 22 25 22 23 14 35 25 23 29 33 25 16 19 
23 26 32 27 29 30 14 21 30 31 23 28 13 20 18 37 23 35 18 25 20 15 26 19 19 43 19 21 22 18 19 11 42 16 20 30 25 17 15 27 
14 27 38 27 22 24 17 10 31 19 22 22 16 15 29 23 21 43 30 38 21 25 20 19 11 20 23 30 30 25 23 19 21 29 39 27 21 18 25 32 
13 12 21 22 16 33 19 29 17 34 15 21 12 12 29 18 23 24 23 23 29 25 21 36 13 28 28 26 15 15 25 12 23 34 27 37 19 33 6 29 
13 21 27 31 16 7 18 22 32 38 25 24 19 26 12 35 35 14 30 26 20 23 39 33 24 27 23 32 23 35 23 16 18 31 17 25 19 28 12 36 
23 20 42 37 39 23 14 15 28 36 12 27 12 13 15 25 27 20 27 35 17 33 39 35 18 22 42 22 14 21 26 13 21 36 21 18 17 27 25 16 
19 23 19 19 16 35 20 21 37 19 36 28 10 14 14 38 15 17 32 16 13 14 24 22 22 38 35 23 7 20 27 22 20 18 20 36 14 22 24 21 
9 23 25 33 23 44 13 13 14 31 39 28 14 15 13 31 18 22 22 29 18 26 26 30 25 22 29 28 20 26 28 19 34 32 18 49 18 20 19 13 
23 19 19 35 17 34 13 15 20 13 18 18 20 15 26 21 22 30 16 31 24 30 27 9 24 19 38 20 20 25 13 10 43 26 29 28 11 24 19 26 
13 17 31 26 25 49 11 19 39 26 24 22 20 19 21 32 14 39 19 21 31 19 11 32 26 33 27 18 35 26 25 23 18 25 25 31 23 23 20 25 
16 21 21 23 25 26 17 24 28 8 4 29 21 6 22 28 21 20 29 24 27 31 28 21 15 45 33 19 2 25 28 15 38 29 26 20 27 18 20 31 
13 27 19 32 19 32 20 19 17 24 14 28 12 18 17 23 20 31 17 15 20 20 17 15 27 24 16 21 23 7 22 12 29 24 24 40 24 24 26 21 
10 31 21 22 28 29 14 20 26 37 20 20 17 18 13 41 20 35 23 25 11 13 23 33 24 37 20 21 26 11 27 11 36 32 24 25 8 14 20 20 
14 29 39 13 20 23 24 30 42 47 24 23 20 15 26 15 23 21 15 21 22 10 25 36 15 28 29 34 38 25 25 27 29 21 32 28 25 25 25 11 
10 21 31 3 18 24 11 37 23 22 25 5 8 18 17 25 23 36 16 19 13 35 32 38 18 37 26 39 12 20 33 24 38 20 25 29 24 13 21 24 
18 20 27 25 22 32 19 26 28 35 13 14 27 20 20 30 26 27 21 22 24 26 29 22 18 46 23 30 19 23 20 23 30 8 12 22 24 10 20 22 
22 16 31 38 33 24 11 15 30 6 24 9 21 13 29 45 29 21 26 17 24 22 31 6 13 26 19 21 23 19 24 26 27 13 32 28 22 14 15 22 
22 20 26 23 29 21 21 17 28 27 16 11 15 16 24 27 26 30 17 38 22 18 25 22 15 32 30 26 22 27 34 12 15 19 31 42 12 33 22 24 
16 27 30 29 40 17 19 19 28 27 22 23 11 15 14 18 31 34 28 23 25 9 26 28 25 30 24 13 19 16 27 9 25 34 19 17 13 17 11 26 
16 19 24 20 20 22 16 32 28 11 15 16 13 15 12 25 14 17 18 18 22 18 24 27 29 30 28 18 20 22 16 20 21 24 21 35 18 23 22 28 
24 17 21 34 39 13 11 15 22 18 19 25 22 23 27 36 20 35 27 27 18 19 18 21 16 21 23 22 19 23 20 24 27 22 22 24 13 22 20 28 
20 22 21 25 16 31 15 22 20 27 18 23 12 21 22 28 21 29 23 20 25 25 14 22 12 37 18 27 12 21 24 16 20 34 26 7 15 33 33 24 
18 19 28 18 19 18 17 16 16 22 21 21 21 25 25 26 17 25 29 19 19 29 14 29 20 44 24 19 21 10 16 24 19 41 20 27 13 28 19 13 
21 29 20 16 16 22 12 23 22 20 21 19 17 22 28 13 16 26 29 29 30 28 29 29 23 23 24 27 10 11 23 21 34 25 15 36 11 33 16 11 
16 25 20 27 21 32 16 17 26 28 22 26 17 18 27 24 19 21 24 15 13 19 29 39 19 16 36 19 14 10 34 22 30 22 24 34 20 32 18 20 
17 14 28 27 29 35 15 30 36 29 18 15 22 29 9 41 28 29 25 23 21 21 36 26 24 41 23 21 17 12 20 25 30 33 28 26 16 17 21 14 
13 15 41 20 19 28 19 23 31 17 28 21 15 28 35 29 6 20 10 17 30 13 17 33 18 20 33 31 27 19 26 18 19 13 29 26 19 18 11 26 
12 25 27 25 21 42 18 10 19 36 25 28 20 7 20 35 27 17 19 27 20 28 20 29 16 36 13 13 11 25 22 13 33 33 18 44 11 14 19 21 
11 15 24 37 26 23 17 25 32 14 23 18 22 13 20 18 27 19 15 23 5 28 36 22 18 41 22 26 31 23 32 24 44 21 35 28 17 25 21 27 
16 27 28 37 26 31 22 22 29 38 32 24 25 15 24 42 23 32 13 11 25 27 28 31 14 27 20 29 17 14 26 15 31 18 27 32 13 22 17 23 
16 19 26 30 29 31 21 23 42 33 33 27 16 8 25 35 30 28 31 31 33 27 26 35 11 27 20 28 20 13 28 21 21 19 34 18 14 26 18 19 
17 28 16 30 19 12 13 24 24 38 20 31 18 25 26 32 27 41 22 32 20 20 24 44 19 22 27 26 27 16 13 20 46 28 30 25 19 23 19 19 
19 37 16 25 18 23 9 16 21 30 24 24 14 20 22 33 18 16 34 22 7 21 39 28 18 33 22 23 17 18 22 13 20 23 23 26 24 19 22 15 
17 21 28 23 19 39 8 26 13 38 18 31 18 14 16 23 21 27 26 30 20 29 18 36 15 20 15 10 15 16 23 15 36 21 31 23 11 19 18 18 
15 20 12 22 24 28 17 15 28 42 20 12 11 5 29 22 25 20 22 20 24 14 22 14 20 29 25 29 30 19 38 14 44 33 19 41 16 21 18 26 
20 24 30 22 21 26 18 18 33 26 18 22 6 12 23 31 29 39 32 34 28 23 35 20 26 29 23 23 12 22 34 21 19 29 28 36 17 21 27 16 
21 24 21 14 26 28 14 18 24 25 18 16 17 21 13 36 31 21 20 28 11 20 26 33 30 50 34 28 22 41 31 17 31 12 33 22 17 18 13 18 
18 20 26 28 17 36 13 20 27 13 18 13 15 19 25 39 15 26 23 32 21 23 12 29 26 38 27 12 19 21 16 19 23 33 32 27 17 23 27 15 
16 31 23 31 17 23 17 31 26 26 22 8 12 16 20 22 14 24 28 28 20 30 18 26 24 45 33 19 26 10 21 12 20 21 21 31 18 20 16 28 
10 19 34 36 27 38 24 13 22 26 22 26 21 12 29 33 22 25 15 28 28 24 17 12 12 36 27 18 20 32 22 20 2 25 29 23 22 11 16 26 
17 30 15 33 18 30 15 22 32 16 28 25 10 15 22 40 27 20 23 26 5 26 23 22 16 8 23 33 22 32 33 12 15 26 29 20 20 17 12 21 
26 27 36 19 29 26 12 23 27 9 20 28 20 13 23 26 18 16 14 26 23 22 22 27 20 32 30 19 15 13 20 26 31 31 28 27 27 20 18 17 
13 29 25 25 25 21 15 31 23 20 42 29 15 26 18 33 31 34 17 28 22 34 26 22 18 41 36 25 27 26 5 20 32 27 43 36 12 31 19 27 
14 24 21 30 12 29 15 16 25 39 30 24 24 18 19 41 27 30 20 25 22 31 27 38 22 30 25 19 19 21 18 6 14 13 43 16 22 29 12 19 
25 35 15 42 15 40 22 17 22 28 17 14 18 11 25 38 16 23 14 37 28 37 30 35 18 41 14 19 24 25 22 28 14 38 23 29 15 24 21 15 
20 25 24 29 19 30 25 19 10 32 19 20 25 10 12 25 29 24 25 30 14 15 17 40 27 18 8 17 9 23 30 20 13 23 25 32 25 23 19 23 
14 23 34 28 15 32 14 10 27 15 25 21 16 19 35 29 28 27 32 20 17 31 24 28 17 42 10 20 16 20 39 22 38 14 24 30 17 21 17 26 
16 18 26 31 28 30 17 27 25 22 26 22 11 17 14 33 29 23 17 28 15 29 19 26 18 44 23 31 20 15 28 23 27 33 21 22 25 21 20 24 
19 23 27 29 17 15 13 3 24 20 18 7 18 15 21 48 13 24 24 26 28 27 26 35 27 23 12 20 17 14 18 13 28 24 28 33 15 21 30 17 
19 22 32 25 16 43 16 10 18 31 23 14 13 23 21 19 20 28 33 26 24 28 20 25 23 41 20 11 20 18 29 25 28 27 19 33 18 17 10 30 
17 31 11 26 24 35 16 29 11 34 13 16 19 14 7 37 31 21 25 30 30 19 33 34 25 42 25 22 29 27 18 19 30 29 25 21 18 20 18 27 
18 20 20 27 25 35 13 19 4 28 20 30 15 17 13 44 28 14 24 31 11 13 30 31 23 27 27 11 29 22 27 19 26 26 27 36 18 14 17 15 
18 20 28 28 27 33 12 17 25 30 15 26 22 16 24 27 23 26 15 21 15 24 34 9 15 29 18 24 19 26 17 15 41 17 15 22 16 19 13 26 
12 14 27 34 29 47 19 35 30 22 19 24 17 14 21 23 21 31 33 36 25 26 24 28 17 18 16 16 21 38 27 18 10 18 28 24 16 30 22 17 
13 22 10 11 26 21 21 23 37 15 20 8 14 9 20 22 25 15 20 25 27 30 32 24 19 36 30 21 19 22 37 18 30 17 35 20 33 38 14 18 
15 16 30 28 34 41 21 21 31 38 20 17 13 15 30 29 24 39 22 24 30 33 32 45 26 27 16 11 23 15 27 17 27 22 13 37 14 21 23 16 
22 22 20 34 27 21 20 26 26 14 25 28 12 20 20 29 13 33 36 24 27 24 21 19 16 15 9 28 21 21 26 21 25 21 28 28 23 28 22 28 
24 22 22 16 36 34 11 28 11 33 16 14 18 11 21 30 30 26 29 32 17 36 25 39 19 36 29 31 12 12 36 21 24 33 25 28 19 22 21 14 
11 28 35 38 22 31 21 28 39 18 22 20 21 16 29 20 26 30 17 18 20 23 26 19 9 26 26 23 27 24 20 17 38 30 23 29 25 28 22 13 
7 21 8 23 22 21 20 17 9 35 31 16 15 21 28 22 39 26 14 26 16 20 31 21 23 33 34 26 16 20 19 22 37 24 15 37 8 24 17 22 
16 23 26 34 21 23 18 25 19 23 29 17 20 13 24 45 24 22 29 32 20 27 23 39 21 26 21 22 11 22 27 18 38 19 14 33 23 23 25 11 
15 13 17 35 35 27 25 22 30 28 7 27 18 20 23 41 35 24 25 22 17 13 29 36 13 25 21 19 19 12 24 14 38 28 41 27 17 30 16 12 
7 25 19 30 22 17 15 27 6 20 22 22 14 15 13 36 17 22 36 14 25 13 37 28 24 15 21 21 28 8 29 20 35 45 30 27 22 9 24 21 
18 11 30 30 28 37 16 27 13 13 12 13 14 20 31 29 22 24 22 25 31 30 20 31 21 19 27 15 24 31 23 30 38 23 23 25 21 17 17 28 
15 29 19 41 25 24 16 21 21 35 24 20 12 18 23 37 23 25 27 35 27 28 32 40 20 27 20 14 21 26 34 17 28 19 18 27 13 22 13 16 
16 23 19 28 28 30 13 12 32 35 22 18 17 29 24 27 23 31 21 30 27 24 28 8 27 32 28 19 24 18 28 24 37 31 22 19 13 21 17 22 
18 13 27 26 19 39 16 24 24 30 17 21 28 23 23 24 20 15 18 33 12 31 23 7 18 30 17 21 16 12 16 18 31 36 17 17 22 23 22 24 
11 23 23 27 27 27 19 21 23 32 27 31 23 4 28 21 26 15 21 43 30 9 25 29 13 30 21 20 28 16 47 16 27 33 34 27 18 31 11 25 
7 21 24 25 12 38 20 12 42 40 38 22 7 18 15 16 26 22 26 37 15 29 30 24 15 36 28 10 21 21 37 22 23 31 32 30 20 31 19 25 
16 30 34 26 22 43 14 20 18 24 11 20 18 18 23 33 21 9 18 24 24 18 26 27 18 32 25 20 23 14 15 17 29 20 19 15 20 19 31 30 
19 24 21 35 14 21 15 16 18 33 21 26 19 16 33 13 26 34 34 31 30 28 14 24 16 22 19 17 12 24 22 23 15 29 40 14 23 18 20 21 
10 22 17 35 22 23 13 19 40 34 14 23 13 17 23 24 27 24 15 30 23 26 18 32 23 5 31 28 26 24 18 20 45 31 25 30 11 19 26 9 
11 22 30 37 24 41 17 19 21 25 16 28 14 19 24 39 31 33 29 37 23 13 23 37 17 35 41 26 17 20 10 26 40 21 30 29 26 16 19 22 
15 32 18 24 33 29 13 28 23 19 18 18 13 8 22 20 32 21 16 24 20 31 22 25 21 22 31 29 16 20 33 17 38 34 17 24 16 27 28 17 
24 27 21 31 33 23 10 22 17 20 27 25 17 20 25 40 23 27 21 14 26 30 26 32 20 20 26 15 16 21 35 20 13 36 33 24 20 25 13 24 
16 27 21 37 25 32 17 15 17 30 29 13 9 20 24 44 28 30 27 33 15 23 31 27 24 25 30 16 24 22 18 23 21 24 23 22 23 34 16 30 
9 22 27 36 14 9 17 22 9 11 21 15 16 12 26 35 16 21 20 36 23 28 23 29 12 31 15 27 15 16 23 17 44 34 27 28 17 15 14 25 
19 23 19 35 18 17 19 20 31 29 18 21 22 10 24 33 31 19 27 20 17 22 17 34 23 33 28 22 17 22 24 18 26 42 26 46 21 22 22 21 
18 31 26 35 23 23 22 20 22 38 28 21 9 16 22 40 31 22 12 29 15 25 35 18 18 47 21 23 17 11 28 18 40 12 28 28 17 19 21 24 
11 17 21 24 26 24 20 24 23 37 21 18 15 22 21 26 25 27 21 30 10 24 17 29 27 21 29 20 27 22 16 16 26 38 29 28 23 19 25 15 
14 21 41 27 27 43 17 26 23 29 25 14 22 11 21 16 30 12 23 14 22 29 6 33 18 25 22 26 16 15 32 14 19 28 27 39 20 24 35 29 
22 22 18 26 21 27 13 24 33 22 27 6 10 14 26 30 18 18 28 30 16 15 31 37 13 22 24 28 32 25 27 10 20 33 25 24 23 22 22 26 
16 25 20 13 17 16 19 32 25 19 29 26 21 12 8 26 13 18 10 21 22 7 16 17 21 23 20 21 11 31 25 24 19 18 23 33 10 21 22 17 
18 13 18 29 17 29 15 28 18 12 14 28 17 9 19 25 24 50 27 25 23 21 11 35 18 46 17 8 23 15 36 19 19 26 35 36 27 24 17 15 
12 27 27 16 27 36 15 22 26 27 23 25 21 11 16 31 23 27 9 24 20 18 24 18 23 18 27 12 21 23 25 9 18 23 20 20 16 29 28 17 
10 17 30 23 21 38 8 20 8 20 30 23 17 16 28 35 20 36 20 24 24 20 29 33 15 37 12 20 10 14 14 19 19 17 34 44 21 18 20 26 
16 25 41 24 17 35 17 16 37 29 21 14 12 22 17 36 25 28 12 30 15 34 26 29 17 29 24 18 19 22 21 19 24 29 23 16 26 25 13 24 
25 21 15 27 29 30 23 15 33 31 22 29 17 17 17 28 16 30 29 19 16 25 28 27 22 26 29 21 22 24 33 20 25 17 28 43 23 15 12 27 
18 29 16 40 14 30 16 19 15 32 21 29 15 22 28 22 20 18 26 27 12 14 22 27 19 31 28 21 21 27 30 16 21 35 33 14 17 20 20 25 
12 25 32 21 11 28 14 13 38 15 16 22 7 22 31 49 14 11 34 21 12 24 19 36 19 27 30 15 26 22 33 17 33 27 26 28 13 30 22 22 
13 21 35 12 24 36 16 24 29 24 22 20 15 12 19 25 10 30 20 26 16 33 23 36 19 38 23 9 17 17 23 16 36 26 28 26 19 27 22 21 
23 31 17 38 24 22 17 9 26 24 27 19 26 18 26 30 20 27 32 37 28 15 10 21 23 28 10 17 18 26 18 28 11 31 38 18 21 22 24 19 
8 21 7 33 24 23 14 22 22 30 14 16 19 24 28 26 18 33 26 33 22 29 39 17 21 36 17 13 19 25 37 13 33 28 33 37 13 20 11 28 
12 11 24 31 23 34 14 24 25 36 16 21 26 19 23 31 35 20 17 24 29 25 22 33 18 32 30 14 16 27 23 21 28 16 26 25 23 24 12 15 
5 30 25 21 22 40 17 32 33 31 18 16 8 21 25 30 17 17 24 24 18 23 26 28 26 57 28 21 19 20 27 20 43 36 31 26 23 14 14 25 
14 17 13 18 17 28 19 9 27 17 3 13 15 20 11 34 26 41 26 28 26 13 27 21 24 33 25 27 23 25 15 20 22 27 18 38 15 17 22 23 
18 17 29 21 21 36 18 21 25 31 21 24 12 19 24 35 16 26 31 17 17 17 27 19 19 30 12 20 24 32 15 22 34 25 38 27 23 21 15 20 
12 11 20 38 25 27 20 17 20 29 10 16 19 24 26 29 19 17 24 14 21 22 22 26 24 27 26 19 26 25 31 23 28 22 27 14 12 35 20 25 
17 24 17 34 18 28 17 24 30 29 21 14 18 18 16 35 21 41 19 24 15 22 34 24 22 27 9 27 19 14 46 9 42 24 23 29 16 22 19 28 
19 24 29 16 9 40 20 21 36 30 29 21 18 15 30 20 29 9 29 30 17 26 34 34 17 20 29 26 24 32 39 3 23 15 33 6 14 30 18 23 
11 20 43 27 26 39 15 31 32 15 16 21 17 18 30 22 20 24 29 35 15 21 28 21 25 20 35 23 6 26 26 30 15 24 28 24 20 27 21 28 
18 26 27 34 20 38 11 19 27 21 17 19 17 21 23 40 31 23 17 33 11 26 35 28 16 19 41 26 38 19 26 16 28 23 24 15 19 27 21 22 
18 21 14 20 28 31 8 25 27 25 18 18 15 19 16 28 17 26 24 30 29 21 35 24 15 27 10 12 19 22 16 19 26 37 16 29 19 20 23 23 
16 16 14 35 23 24 15 14 25 25 19 22 19 15 24 23 21 40 7 31 12 29 30 29 14 37 28 25 18 15 26 11 27 30 47 33 20 25 33 21 
13 29 33 30 26 11 15 6 20 45 15 27 15 21 20 33 33 36 35 26 20 25 27 33 17 11 35 25 34 13 28 25 18 20 28 21 13 17 16 21 
16 17 15 32 19 28 14 12 30 14 22 20 19 18 30 31 10 35 27 26 13 31 28 40 17 26 29 28 29 27 24 17 17 37 25 32 13 21 17 32 
14 17 23 35 18 19 9 21 30 29 27 23 14 6 21 22 24 28 19 33 32 28 23 31 15 40 20 22 27 20 16 11 33 40 19 38 23 15 18 18 
20 25 15 22 29 23 15 20 22 35 26 11 5 16 22 22 25 32 33 13 28 21 22 33 18 18 35 21 17 20 29 25 26 34 35 20 22 22 19 18 
16 35 19 40 24 18 16 12 24 28 16 22 7 14 22 32 29 28 22 33 17 35 36 19 14 41 23 28 19 25 21 19 25 34 29 31 12 24 26 32 
14 19 10 26 31 27 15 19 23 23 10 15 19 23 23 21 22 49 36 21 16 22 16 18 21 26 13 17 26 25 21 13 35 41 27 33 21 33 17 21 
15 16 30 29 32 22 18 19 22 27 32 20 22 18 30 33 31 19 21 30 23 34 19 25 22 22 33 26 20 22 28 6 30 33 25 34 23 31 17 27 
14 35 11 19 23 34 15 16 21 32 31 25 23 25 24 25 18 31 21 27 15 25 26 4 24 37 29 25 12 30 27 10 42 31 33 24 14 18 26 31 
14 24 25 8 16 22 7 15 29 36 18 23 20 16 16 25 10 23 16 21 13 22 16 23 16 10 18 18 21 19 26 28 17 30 16 26 9 28 14 11 
13 29 19 21 36 10 23 29 19 33 24 19 18 16 31 47 16 32 19 39 15 19 30 31 11 23 32 17 17 22 32 19 29 43 17 21 16 27 18 15 
9 19 19 14 19 42 18 8 29 34 18 14 11 20 26 32 30 32 29 27 29 21 30 16 28 28 33 20 24 26 27 17 28 25 31 32 17 24 16 31 
17 16 31 24 25 35 18 17 33 28 23 16 21 22 20 23 22 20 32 32 24 19 27 31 20 17 26 23 26 30 26 13 30 31 18 29 15 12 21 12 
17 20 33 16 24 34 10 10 17 23 22 23 15 20 20 32 17 21 17 23 16 18 21 28 15 32 31 25 18 26 31 19 27 34 16 11 16 14 20 13 
15 13 18 18 21 13 10 18 24 14 17 33 20 21 29 26 34 28 34 6 15 31 22 28 13 31 36 25 16 15 31 30 29 24 24 28 15 22 20 29 
19 18 33 30 23 23 15 21 20 22 17 21 22 19 23 37 26 24 25 16 25 37 27 31 18 52 33 22 21 16 26 16 26 29 31 32 17 16 31 10 
20 38 17 23 21 29 12 28 32 37 9 26 12 8 16 29 23 29 28 23 33 21 33 48 22 24 33 28 22 22 44 15 23 40 27 25 14 24 11 26 
15 19 28 31 26 19 12 15 29 24 31 31 19 10 26 24 33 23 18 12 30 14 15 30 15 25 17 25 18 31 21 20 19 24 23 28 17 12 15 24 
18 27 26 29 21 27 11 22 25 33 13 15 19 14 14 25 21 30 30 26 26 23 26 33 12 32 27 18 18 29 24 22 30 42 27 31 19 27 27 28 
13 12 29 16 28 28 19 15 27 12 18 23 15 14 21 34 22 22 23 24 15 20 32 13 22 32 32 23 18 27 30 21 21 21 15 27 27 19 22 17 
11 32 24 33 17 17 16 24 22 15 21 25 18 20 29 32 11 27 20 36 32 23 16 19 17 33 25 24 31 30 13 19 21 37 35 18 9 11 17 20 
14 27 43 26 21 30 16 24 27 33 16 27 11 16 19 33 22 24 25 22 25 12 24 22 22 35 11 25 33 14 17 29 32 29 17 39 14 24 19 27 
9 31 25 21 21 27 17 27 25 16 28 25 24 16 23 17 33 28 21 32 21 18 24 40 24 25 14 17 21 20 35 18 23 41 17 31 24 28 20 20 
15 38 16 39 22 39 15 27 29 28 18 7 18 22 23 42 14 32 22 19 21 8 31 31 18 22 18 20 13 22 28 18 19 36 32 22 14 22 19 5 
14 41 30 14 17 30 15 27 10 24 29 24 20 19 22 20 32 22 18 28 15 23 5 29 15 36 16 29 26 17 31 22 31 34 12 40 24 20 30 17 
13 22 12 21 24 34 16 19 17 41 18 34 24 13 22 34 30 22 29 29 15 29 9 20 20 31 16 23 18 21 20 27 28 33 12 30 21 15 27 23 
11 16 26 44 10 34 8 21 28 27 32 17 20 20 24 29 33 9 28 21 18 17 24 40 21 45 17 24 19 28 24 18 19 23 21 22 18 24 22 36 
18 21 22 16 20 18 12 23 28 33 16 14 17 26 27 43 21 29 28 27 22 16 25 32 19 31 19 21 23 19 17 20 30 17 17 32 19 20 23 26 
15 18 19 51 16 34 14 20 17 22 21 22 10 23 25 32 18 24 17 11 24 20 22 23 20 21 20 23 14 12 26 17 36 32 27 36 27 24 30 21 
11 24 16 20 20 33 19 25 16 18 12 21 18 12 24 15 26 37 22 38 16 20 18 24 14 26 20 26 4 16 18 18 34 34 23 38 27 15 11 25 
17 33 32 26 33 38 14 33 16 28 30 22 19 21 23 18 26 31 26 33 7 33 31 26 21 25 15 21 6 30 24 25 25 23 36 16 15 19 14 18 
15 22 13 26 24 45 21 20 16 17 24 13 16 11 11 29 22 34 25 33 17 23 31 30 26 24 36 23 15 29 37 18 28 31 25 31 21 20 16 23 
10 32 39 15 27 35 9 26 35 25 21 24 16 12 26 30 19 21 28 25 17 26 18 29 22 37 21 11 23 22 27 18 50 24 20 29 11 24 16 17 
10 38 31 31 30 22 7 14 22 31 22 26 18 15 19 32 15 25 21 24 22 26 23 17 22 24 28 16 16 14 16 23 33 24 29 24 14 19 21 27 
17 26 11 27 18 41 17 19 29 31 24 24 21 14 14 27 34 29 27 36 25 8 24 30 16 40 25 16 19 28 40 10 22 29 35 26 21 34 14 20 
12 15 29 23 18 20 11 25 30 15 21 20 21 16 31 34 25 32 25 26 6 26 13 23 20 39 30 25 17 35 30 20 30 22 26 28 16 28 16 30 
15 16 31 35 14 20 17 28 20 34 21 1 21 23 23 16 23 34 19 31 21 28 19 28 16 37 33 16 17 26 20 18 31 40 33 20 18 19 14 26 
15 28 10 21 23 40 23 21 21 30 13 12 12 21 7 32 25 23 18 33 6 28 22 21 27 23 15 29 29 21 29 16 24 39 22 28 17 15 18 31 
14 20 26 31 17 18 11 13 18 37 31 20 18 18 16 31 16 21 24 29 12 29 20 36 23 32 17 18 24 19 34 14 28 27 9 36 25 22 15 28 
18 21 24 20 13 35 18 17 41 25 21 15 16 25 27 37 15 29 38 33 14 8 20 16 24 16 27 26 16 26 29 16 28 24 30 23 16 13 22 25 
13 29 40 23 19 23 11 26 20 18 27 21 14 19 40 23 28 26 17 13 27 23 30 31 25 41 19 15 22 22 25 19 28 37 24 32 19 19 29 23 
16 26 16 19 25 35 20 27 19 24 22 3 18 18 22 26 30 19 29 21 20 21 20 22 13 24 27 23 22 15 17 13 41 30 25 29 15 29 13 23 
20 29 19 38 20 36 18 25 24 33 27 22 17 20 20 28 20 36 11 13 19 18 24 44 18 29 22 23 22 18 25 16 32 32 28 29 26 27 17 28 
19 25 29 20 24 31 10 24 34 41 24 27 10 10 18 26 22 20 21 30 31 24 12 11 22 17 23 18 17 27 14 10 33 22 11 26 21 29 32 20 
18 25 10 27 11 30 17 22 27 26 22 16 16 23 28 32 24 21 14 36 26 34 27 12 19 21 19 24 22 20 30 12 22 24 23 31 19 25 17 20 
18 25 23 31 24 34 19 25 22 32 15 29 16 25 17 16 21 38 23 28 12 12 18 23 15 36 26 26 36 23 9 14 23 27 24 26 20 26 21 32 
17 19 37 25 18 35 16 18 33 20 25 22 14 12 28 26 24 19 17 24 27 14 19 28 19 22 23 20 31 16 20 22 34 38 25 32 25 23 18 19 
13 20 24 43 25 28 17 17 22 22 32 25 16 20 25 25 21 21 19 33 23 24 18 28 13 20 32 26 18 21 26 21 33 24 22 25 17 18 12 29 
16 23 18 26 20 25 22 8 26 42 20 10 15 17 22 33 20 40 14 30 26 32 19 18 15 30 31 16 19 28 15 15 8 21 32 16 23 21 18 20 
20 22 23 21 37 22 17 16 23 29 22 9 12 26 24 42 20 30 37 26 12 23 32 26 14 21 31 18 12 10 26 21 25 31 34 27 17 18 9 8 
17 23 41 22 16 13 24 12 13 25 23 24 14 11 21 25 19 8 17 34 8 34 40 32 15 16 28 29 28 23 20 26 32 20 26 28 22 29 15 36 
21 27 17 35 22 41 9 26 35 32 20 15 19 18 16 29 20 13 33 29 26 26 28 27 19 32 14 12 18 25 25 12 21 17 19 22 34 18 13 26 
17 25 26 14 12 33 18 23 18 35 20 25 18 23 26 21 25 24 28 40 31 29 19 36 20 22 22 8 22 33 33 18 29 21 45 30 27 26 21 15 
18 20 34 27 18 31 12 26 21 32 14 23 13 17 24 21 22 27 19 21 20 21 21 22 27 20 22 15 17 10 6 30 15 37 16 44 17 34 23 22 
14 24 32 16 22 21 16 23 15 38 25 21 15 4 24 29 22 18 19 26 18 27 25 29 8 27 41 15 6 18 30 8 17 27 27 19 28 19 8 26 
17 19 24 20 27 30 11 18 34 36 22 17 10 18 23 45 23 22 26 19 25 29 28 56 15 20 40 7 26 16 25 6 45 25 37 30 17 21 21 25 
9 25 22 42 8 29 13 29 21 27 21 25 20 20 21 45 23 43 19 27 13 37 22 30 18 28 22 25 16 26 28 16 31 16 14 35 21 26 24 21 
20 24 36 22 20 30 21 18 21 28 23 14 15 11 22 18 24 26 27 12 24 27 33 30 22 30 25 15 11 26 24 19 14 29 40 14 21 18 18 26 
13 26 20 31 27 34 12 9 23 33 15 16 19 15 15 26 27 29 20 33 23 27 28 29 20 23 34 23 20 22 24 26 28 41 26 16 22 25 18 16 
15 29 24 29 34 33 9 24 12 42 25 15 18 21 12 25 18 22 28 31 27 25 20 28 28 31 23 25 23 33 24 21 9 28 19 29 9 36 20 21 
18 19 24 25 16 24 15 26 29 31 24 23 22 19 26 33 22 37 20 30 16 17 26 35 18 26 26 18 31 20 42 23 28 31 29 32 15 15 15 30 
14 12 27 23 32 31 15 19 32 24 19 18 16 24 12 29 26 35 34 22 23 34 35 31 13 11 29 20 18 25 31 18 22 32 25 7 20 21 21 16 
21 31 41 26 26 29 14 23 13 26 11 30 29 26 6 25 35 21 27 24 36 29 14 10 21 31 35 21 23 25 27 13 17 30 26 14 12 16 29 34 
13 18 28 31 30 34 15 15 35 20 19 20 21 20 23 27 22 21 13 15 13 48 13 16 26 33 30 26 25 18 25 14 6 28 36 21 24 20 25 27 
12 22 22 31 24 31 20 16 29 34 23 18 25 24 21 17 17 13 27 36 20 30 23 36 13 33 30 18 15 11 23 24 26 33 16 31 18 29 20 24 
15 32 18 37 24 31 17 19 33 20 21 28 23 29 17 28 23 17 23 26 22 26 18 37 15 40 39 18 17 16 27 17 36 40 25 39 14 19 19 29 
16 23 22 20 39 36 17 15 18 17 26 25 13 5 19 32 31 38 21 28 24 37 24 32 25 40 31 34 24 26 24 22 35 30 27 34 26 11 12 15 
12 16 28 19 23 19 20 26 23 23 13 26 8 18 26 25 22 30 24 24 14 20 27 38 23 49 27 27 9 26 24 18 28 26 36 30 15 22 22 23 
16 19 23 19 10 35 15 20 21 27 25 11 12 14 18 33 24 36 21 34 15 26 22 17 12 27 39 10 16 21 34 19 28 35 32 29 21 16 11 22 
15 23 12 25 26 27 11 19 29 32 32 16 15 26 23 31 27 27 25 33 20 23 12 31 18 16 31 30 16 15 40 12 38 29 11 41 25 19 12 23 
23 14 28 29 32 25 15 25 29 25 21 12 14 20 23 34 27 20 29 35 12 17 18 19 18 36 29 29 20 12 21 18 10 30 30 37 22 21 17 20 
12 23 27 23 20 35 16 29 28 38 17 20 10 17 31 24 28 39 23 43 17 27 23 25 11 40 31 23 22 20 33 10 30 38 28 21 21 15 16 24 
22 12 33 23 29 30 20 28 30 28 23 17 7 5 21 42 18 14 17 22 20 23 19 24 15 20 29 17 26 19 38 19 26 43 22 32 23 27 15 28 
12 24 25 34 26 29 16 7 28 25 23 10 19 19 33 23 22 19 21 35 33 34 25 23 12 39 27 23 20 5 16 23 30 33 26 30 21 21 12 33 
18 23 31 31 14 15 16 26 19 22 11 23 13 14 23 21 14 18 13 15 30 33 24 26 25 24 18 16 11 32 29 22 9 26 27 22 24 20 20 13 
15 25 24 38 26 15 19 14 33 29 21 23 19 19 15 21 32 32 38 29 29 9 18 32 26 33 17 21 32 29 20 16 39 24 22 25 13 21 22 18 
8 13 20 36 30 30 14 21 34 11 20 26 20 15 31 36 16 22 24 34 9 24 20 29 18 27 14 18 16 11 18 15 34 46 25 30 17 18 18 23 
15 30 19 35 24 22 16 28 29 26 22 11 10 17 12 37 15 28 18 27 13 22 25 32 22 32 20 20 21 16 31 24 24 41 31 27 14 20 18 12 
17 28 23 12 30 28 12 15 20 16 24 19 24 16 32 36 25 18 24 20 23 24 27 20 16 37 17 25 11 15 37 18 24 25 22 35 22 26 7 24 
20 34 25 38 21 21 18 25 32 25 25 19 20 19 13 39 20 29 29 32 31 27 25 8 22 35 19 8 22 21 33 24 25 31 37 32 20 21 24 26 
15 16 26 25 23 36 15 20 25 18 22 17 15 20 22 19 22 20 28 30 19 25 14 27 25 40 28 18 17 27 18 20 18 26 16 17 14 27 17 33 
12 28 26 29 17 30 15 15 22 30 21 24 26 11 24 24 22 27 28 27 22 13 32 23 15 51 18 22 24 10 22 22 17 27 15 31 21 12 18 15 
17 27 28 27 30 27 19 23 30 32 20 18 22 21 23 18 18 33 27 32 19 28 21 43 13 16 17 12 17 27 30 21 33 29 24 41 20 28 23 22 
15 22 22 24 17 20 17 24 19 28 21 28 21 13 26 12 22 35 28 30 22 29 21 30 20 46 17 13 24 27 35 16 31 35 14 50 17 20 12 32 
16 17 22 28 28 22 18 30 18 28 27 23 18 24 30 39 20 29 32 25 25 12 22 38 26 28 28 14 15 35 26 14 18 19 32 38 24 20 23 23 
14 20 26 30 33 40 21 19 26 29 11 29 15 19 22 18 22 36 20 32 17 31 25 20 21 28 33 23 21 12 30 24 29 42 13 30 17 20 21 10 
14 24 27 32 24 24 19 20 31 33 16 23 8 25 17 40 14 11 27 24 24 20 33 12 26 27 25 17 13 20 26 18 20 32 25 39 22 24 19 18 
9 23 21 36 36 41 21 19 24 30 28 22 27 20 13 42 32 16 12 22 9 17 32 29 11 31 29 19 12 22 18 25 24 32 15 23 27 12 13 20 
16 27 30 31 26 33 15 15 30 8 25 17 13 19 34 16 32 25 18 19 13 18 17 20 18 32 33 24 23 14 14 19 19 33 22 46 23 35 17 22 
16 29 22 30 27 41 21 11 29 20 17 26 18 19 25 33 21 21 37 11 19 30 24 32 17 31 25 12 27 27 24 11 19 28 17 32 15 27 13 26 
17 33 33 26 10 26 11 20 20 26 21 23 19 12 17 26 29 36 32 28 16 18 26 34 9 31 27 19 31 16 19 24 23 54 33 33 30 23 22 17 
11 22 18 30 21 26 18 18 28 33 10 20 16 21 8 30 23 28 17 13 16 24 24 37 19 29 25 19 22 32 31 18 37 28 25 25 11 18 12 30 
9 24 18 24 26 24 11 8 16 26 23 24 25 20 21 17 14 32 26 33 8 14 20 21 22 39 30 22 19 17 16 16 33 19 20 27 30 18 14 19 
18 22 21 39 23 30 17 12 11 23 21 26 10 15 24 43 30 20 15 37 23 32 38 33 21 32 43 27 23 30 29 22 42 34 23 22 22 18 17 16 
19 17 13 26 18 21 7 21 30 24 18 22 10 18 12 28 16 17 26 26 23 23 27 28 18 34 30 30 11 20 15 34 30 36 34 20 15 21 18 27 
17 20 17 30 26 33 20 26 28 29 26 21 13 20 26 33 31 21 13 28 26 26 24 14 19 42 7 25 20 26 24 20 20 22 15 24 22 19 18 25 
23 15 24 46 19 20 26 33 22 19 25 15 12 19 34 38 34 22 26 22 19 32 23 30 21 37 26 22 26 25 26 15 28 25 26 4 5 11 23 29 
21 16 31 28 40 20 17 26 20 17 16 26 15 17 31 41 20 20 17 17 25 25 24 37 27 27 22 14 14 30 30 20 32 39 30 38 16 20 27 12 
16 28 28 21 18 29 23 13 21 37 25 10 22 10 23 43 29 21 32 14 17 22 34 25 20 22 27 27 22 32 32 8 32 31 31 28 26 28 24 26 
14 31 31 43 32 34 19 33 36 34 23 34 25 14 22 31 23 34 35 31 16 33 12 27 22 32 19 22 25 19 25 10 19 33 27 21 14 15 24 31 
14 25 20 25 29 18 16 28 40 14 14 15 12 18 33 26 21 34 23 25 18 17 25 30 15 45 24 16 23 13 30 29 31 21 28 26 13 21 19 24 
16 24 28 26 17 24 18 24 22 33 23 18 23 20 22 33 19 22 25 30 23 24 31 29 23 32 24 33 17 14 27 18 24 36 34 27 20 26 18 24 
11 25 23 41 29 25 23 27 35 27 19 14 16 21 18 23 26 15 18 26 19 19 32 36 16 27 25 20 25 21 17 24 26 34 30 26 15 15 17 20 
11 20 17 31 25 31 9 15 31 32 25 26 19 22 17 13 27 31 21 29 25 24 28 31 25 15 23 18 30 21 10 23 30 45 27 37 15 23 12 15 
16 21 28 32 19 39 15 25 15 30 25 27 21 19 21 31 22 39 27 26 17 37 35 30 26 42 45 21 22 18 28 23 44 40 20 41 16 19 23 27 
15 31 32 24 16 47 14 26 28 34 18 28 12 17 38 27 13 25 22 32 27 35 23 27 13 40 24 20 17 18 34 16 36 15 24 41 25 26 13 28 
17 27 20 28 20 36 10 19 30 21 22 18 15 6 29 26 27 21 28 27 27 21 16 30 18 30 12 25 18 29 32 13 18 27 31 34 16 18 25 27 
18 29 28 28 23 22 24 11 26 28 19 20 13 15 25 26 32 25 26 23 24 28 25 39 7 26 22 29 20 27 33 22 30 19 34 27 24 22 26 15 
12 18 24 29 24 16 10 36 24 34 15 19 6 20 39 39 27 39 20 24 27 16 30 30 16 34 28 25 30 17 15 18 46 22 22 26 29 19 20 11 
18 26 29 31 8 24 13 27 43 35 19 26 21 16 18 20 24 21 26 31 13 22 22 32 12 42 18 14 18 20 15 17 29 26 22 31 17 14 17 24 
17 21 27 24 30 24 17 28 26 21 23 17 14 12 27 25 15 24 19 27 21 17 14 17 23 30 14 30 28 26 24 25 25 34 25 36 14 15 15 30 
20 10 22 20 24 28 21 14 41 33 17 13 18 27 11 12 22 29 24 30 15 22 19 37 11 54 15 13 15 20 20 22 19 27 25 26 17 30 16 32 
20 23 35 30 29 36 19 13 22 33 24 26 17 21 15 12 27 19 21 19 18 20 18 22 21 26 27 16 14 31 29 24 25 23 26 29 15 17 12 19 
16 19 29 25 20 35 14 26 32 54 20 16 20 12 17 24 18 32 25 27 19 14 26 18 14 19 25 10 19 12 31 19 23 33 28 24 17 25 10 20 
15 24 25 24 17 37 12 24 15 23 29 23 15 17 31 27 19 23 13 26 20 14 26 19 14 44 26 26 16 27 20 10 28 33 17 33 17 12 19 25 
19 27 37 25 16 23 14 22 26 42 18 20 17 16 18 23 18 24 24 36 23 17 36 23 15 29 42 14 17 12 25 7 36 18 27 43 26 36 23 18 
14 24 22 32 31 34 22 16 21 40 24 11 13 19 20 22 24 32 30 32 27 35 20 22 15 28 23 29 26 30 27 19 19 42 29 26 24 21 25 28 
18 35 32 21 17 36 15 16 28 18 11 18 11 15 28 22 21 27 30 29 22 21 18 31 19 34 29 20 24 28 26 19 31 40 20 29 15 20 24 30 
16 23 22 18 26 22 12 23 37 26 14 15 17 21 23 44 15 18 15 24 30 25 25 32 19 17 21 22 9 25 15 21 20 21 17 30 22 24 20 31 
19 24 35 25 15 24 19 18 20 27 14 22 14 12 16 37 16 36 23 28 22 27 19 20 24 35 29 10 19 31 17 13 25 31 19 44 20 20 6 17 
16 31 26 39 20 17 15 16 22 42 19 15 21 14 21 33 15 26 16 17 25 23 47 21 24 28 26 18 26 26 32 22 29 27 32 28 18 17 30 23 
19 28 25 49 19 38 12 17 29 32 23 22 21 24 22 31 15 41 35 31 16 19 24 32 25 20 31 29 19 27 26 14 43 27 23 24 15 24 24 22 
9 15 23 19 24 41 15 22 29 23 23 20 24 13 16 32 14 21 20 37 19 20 30 30 19 14 15 22 27 18 23 20 35 37 26 24 22 20 14 17 
15 27 28 14 32 29 22 9 31 32 8 22 20 15 27 22 17 26 24 33 14 18 36 27 15 29 22 28 15 21 27 14 20 36 20 32 7 22 14 9 
13 19 24 40 28 28 21 20 23 31 19 17 20 19 32 34 25 17 30 32 23 22 24 40 15 38 4 19 24 23 35 23 20 38 30 12 15 16 14 19 
17 22 29 22 19 14 13 23 22 36 12 9 22 16 27 29 26 21 25 34 22 29 12 25 27 45 23 25 18 6 18 28 24 32 21 28 25 13 11 30 
25 31 17 27 7 40 8 35 28 26 24 29 16 25 25 43 14 33 27 33 27 19 9 34 14 8 17 18 20 19 15 23 28 30 23 25 30 22 13 9 
15 33 15 38 25 32 17 11 19 19 27 19 19 15 22 34 16 13 19 29 18 27 28 28 17 27 23 20 24 12 23 22 38 29 35 17 20 18 9 26 
14 22 24 36 20 22 16 25 9 28 22 20 17 23 11 23 16 30 19 30 32 37 31 33 19 37 17 20 23 21 23 16 16 27 24 15 13 18 10 36 
17 15 12 24 13 25 13 16 18 30 23 14 11 13 29 39 29 26 28 34 13 21 20 24 12 33 11 32 22 19 18 22 38 34 27 21 21 27 11 9 
18 35 31 30 17 23 21 24 23 12 16 34 19 10 19 28 14 34 17 30 26 36 29 30 21 38 25 13 15 31 26 22 30 21 24 33 20 22 21 29 
11 28 24 25 25 26 23 20 27 18 20 25 13 6 25 32 26 27 27 22 20 26 22 35 21 25 14 30 16 14 23 24 24 31 25 32 24 33 23 15 
18 21 25 41 9 40 15 17 20 31 23 18 13 21 23 36 30 35 18 37 23 31 31 24 22 26 15 20 19 16 30 12 19 41 31 22 25 14 17 25 
20 28 27 23 26 31 22 15 30 24 29 28 17 14 10 30 21 20 20 29 18 22 26 26 20 24 25 26 27 21 27 19 30 28 43 45 18 23 21 20 
16 33 19 40 32 24 22 24 28 32 19 21 18 9 24 31 16 34 24 26 12 38 15 19 19 56 22 20 28 22 26 22 33 21 20 36 19 22 24 16 
15 21 34 22 27 35 19 20 36 24 17 14 20 19 32 22 18 32 26 27 17 27 19 22 19 28 30 27 25 17 21 15 28 21 15 33 19 32 8 23 
11 22 29 24 21 34 17 27 21 25 18 16 5 18 19 25 18 27 23 24 22 25 21 40 19 39 26 20 16 24 23 12 13 34 15 13 17 24 21 28 
18 9 31 23 16 16 12 20 28 34 14 21 13 14 25 32 35 15 26 31 30 20 16 22 21 41 16 22 24 20 33 12 33 15 10 21 24 18 24 23 
19 30 33 21 18 27 13 28 21 40 19 16 6 20 14 33 27 18 23 30 22 30 28 23 21 35 24 26 17 14 21 22 43 32 17 20 19 15 17 25 
17 10 24 26 17 33 17 16 30 29 30 20 21 6 15 28 13 28 16 20 25 19 9 19 21 41 40 13 21 22 28 11 23 21 23 25 19 16 22 26 
17 40 20 34 14 22 15 24 16 29 19 24 14 15 19 30 23 19 31 21 22 20 38 21 20 30 9 30 12 42 36 19 22 40 18 37 13 23 12 26 
14 21 29 25 30 28 14 16 40 23 23 23 11 24 21 22 12 7 23 29 19 18 33 42 18 33 21 27 12 18 32 31 27 15 36 26 32 18 19 28 
12 30 36 26 27 36 16 22 39 16 26 10 16 15 19 27 26 32 28 28 22 41 24 18 22 29 28 24 23 21 24 16 40 30 23 34 25 18 12 18 
12 20 27 31 21 30 22 13 23 30 15 16 8 22 29 29 14 29 30 40 21 28 26 30 18 25 26 22 10 20 33 19 34 31 28 24 13 25 20 29 
15 22 20 23 26 33 16 35 27 19 13 15 18 12 9 19 23 33 23 32 22 11 30 12 21 39 18 35 28 16 28 22 32 25 19 26 17 19 25 28 
12 30 30 38 28 19 14 24 15 27 28 15 7 15 20 27 19 29 32 27 28 28 32 32 20 19 19 11 16 18 27 19 22 33 11 49 17 19 22 17 
13 25 30 26 31 28 21 24 25 26 22 17 21 15 16 26 21 28 18 27 15 23 23 21 12 35 24 17 12 21 50 24 33 37 13 32 30 18 13 18 
11 21 23 18 22 36 16 30 24 26 15 15 17 16 17 22 27 19 26 21 17 22 29 34 16 11 23 23 23 35 26 16 29 39 25 37 15 27 27 20 
10 15 41 18 25 21 20 14 33 15 22 25 11 22 22 10 28 34 24 35 21 25 24 12 13 26 23 28 19 13 20 18 18 34 26 33 21 15 20 12 
16 20 12 39 22 36 18 18 27 32 12 12 22 15 15 35 19 26 24 23 30 21 22 38 19 18 25 19 35 31 12 27 26 13 38 32 16 21 22 19 
17 25 29 24 18 28 18 21 34 27 7 21 14 12 26 34 20 24 34 18 19 29 23 36 24 37 19 30 17 33 29 16 26 26 34 25 14 17 15 29 
17 16 39 26 18 35 14 20 14 27 18 21 19 22 21 15 22 33 11 28 15 28 26 24 15 29 23 15 19 23 20 16 17 30 38 23 25 20 14 16 
22 28 20 34 25 28 22 25 19 24 29 16 26 19 27 35 21 45 16 30 21 29 26 20 11 36 15 18 24 25 34 28 31 7 32 16 18 23 23 23 
15 23 24 48 11 23 20 17 21 26 25 19 18 7 21 26 34 27 28 33 25 23 26 24 26 25 17 19 23 27 31 19 28 24 17 21 30 27 10 23 
19 21 32 28 23 21 23 25 33 23 21 25 11 22 29 33 26 19 20 15 14 27 30 27 15 18 22 19 22 19 21 22 25 33 21 34 14 20 20 30 
12 24 18 32 17 18 15 39 25 24 17 24 19 14 20 37 21 23 30 22 15 9 31 16 11 19 30 29 20 26 41 22 34 26 21 31 23 20 12 16 
18 29 32 27 27 28 13 28 18 21 20 14 13 13 19 37 27 36 27 20 23 27 29 28 20 33 19 22 21 19 21 11 26 35 34 38 16 30 14 25 
17 23 25 27 17 16 21 13 38 32 20 17 19 18 20 30 26 24 15 25 14 22 40 27 16 34 25 29 15 24 27 14 49 30 23 32 17 27 18 24 
14 23 11 31 32 34 18 9 30 39 18 26 26 17 23 24 24 26 19 27 24 24 36 37 17 24 18 28 10 26 19 19 22 23 20 48 18 28 19 17 
15 24 24 26 25 28 17 14 17 25 21 27 18 25 24 34 26 18 20 17 22 37 18 27 16 28 14 26 20 19 34 14 43 25 19 40 24 26 17 23 
20 30 27 40 25 21 16 21 27 44 25 30 16 10 24 29 18 29 30 20 21 35 20 25 10 31 16 16 23 13 33 16 20 33 31 38 9 19 15 25 
17 25 20 17 24 17 11 15 16 25 26 21 14 12 31 20 22 31 20 26 14 20 19 13 20 32 25 20 23 13 28 17 24 24 28 22 24 18 28 24 
18 22 21 31 13 29 20 18 29 27 14 11 12 10 34 37 35 11 35 16 29 14 35 27 23 16 20 21 11 28 25 7 35 33 32 37 18 19 11 25 
13 19 20 21 18 24 10 11 21 36 25 7 16 19 25 35 29 35 23 27 19 12 28 29 12 36 38 27 18 25 25 10 39 17 22 37 18 18 16 26 
10 26 18 41 26 15 19 23 13 32 7 24 16 15 32 46 24 22 21 27 16 31 28 41 26 26 29 11 9 33 24 23 20 23 17 23 17 26 25 16 
17 36 16 28 29 29 16 22 21 21 24 29 16 22 19 36 10 14 21 27 23 36 19 27 23 18 38 21 33 16 19 21 29 36 24 12 23 30 19 26 
20 3 20 42 25 27 15 19 19 9 26 20 19 14 27 40 27 31 20 20 5 25 21 23 13 26 31 26 24 24 25 12 28 21 27 30 19 15 18 29 
16 22 14 25 28 34 17 24 28 27 34 24 13 10 26 23 11 30 22 31 23 14 32 21 20 31 34 26 27 33 28 21 50 29 13 34 26 20 17 28 
19 22 31 19 24 30 17 14 14 40 20 14 22 17 32 17 28 28 24 18 19 30 6 17 11 5 18 14 27 19 33 27 32 21 12 39 14 17 22 32 
14 29 10 11 23 31 17 26 18 24 17 24 17 8 25 26 29 39 24 35 11 32 22 19 27 28 20 23 20 18 24 18 34 36 27 36 25 17 7 23 
7 22 42 31 19 27 16 25 20 19 16 20 19 13 22 25 30 20 30 32 19 25 15 33 16 24 27 19 31 22 29 23 29 31 33 28 22 16 10 28 
17 30 22 18 24 34 18 26 19 21 16 21 11 26 25 41 23 43 24 18 11 24 21 25 26 22 34 18 25 17 22 27 29 26 25 10 30 18 23 22 
10 27 13 29 23 16 17 16 22 29 22 20 15 20 20 27 26 30 24 21 17 26 30 28 16 34 28 16 26 14 20 21 33 22 24 9 12 17 10 26 
13 26 27 35 21 43 16 15 27 18 27 22 20 21 29 41 16 23 21 20 25 19 21 23 27 18 22 23 25 24 28 17 18 25 39 17 17 17 24 22 
12 24 31 22 27 33 20 25 22 17 24 19 19 21 17 23 24 26 33 37 21 27 21 11 15 41 8 14 18 20 20 16 20 29 13 14 24 23 26 27 
15 32 22 41 22 28 17 21 12 20 22 26 16 7 29 33 15 22 27 26 25 24 13 36 17 33 35 10 21 17 36 8 13 31 20 18 19 24 13 37 
16 24 38 40 19 29 16 15 15 22 12 25 11 21 22 31 24 28 27 32 17 23 33 24 21 37 35 28 16 12 11 22 22 25 21 24 29 27 15 21 
16 25 14 10 22 45 14 21 20 21 17 17 21 16 11 27 31 37 39 33 28 26 21 28 14 31 33 31 25 31 34 17 41 42 21 27 26 18 22 24 
22 28 28 18 23 14 8 19 35 22 32 14 17 11 20 26 23 20 28 25 20 23 26 23 12 12 22 11 18 25 18 28 35 35 28 10 23 24 20 28 
10 19 23 39 19 26 20 22 11 16 28 20 12 16 21 27 16 21 26 23 17 21 27 18 18 16 24 29 14 19 24 20 16 21 26 29 12 23 15 26 
11 14 17 21 28 22 11 26 24 12 22 19 19 16 20 35 18 26 30 33 17 30 11 37 24 19 17 25 32 21 14 15 28 29 25 35 23 25 11 27 
20 37 30 35 24 37 17 21 41 11 22 16 7 16 11 27 20 23 25 28 23 22 25 14 25 36 12 22 15 21 27 15 26 35 33 31 12 15 20 25 
16 27 38 30 9 28 14 24 27 7 17 19 9 21 30 35 19 38 19 27 28 7 31 29 14 26 24 22 18 20 16 16 37 21 21 27 20 28 17 14 
7 24 32 21 26 26 16 34 18 23 24 19 10 26 21 27 15 19 24 27 21 39 22 34 21 43 25 11 24 24 32 15 21 31 23 17 21 11 17 27 
19 35 22 29 18 27 12 24 30 31 30 23 10 21 21 21 21 18 27 32 17 19 17 18 22 31 37 18 17 30 27 25 26 22 23 38 9 21 22 26 
14 23 19 29 27 33 24 29 36 42 26 17 23 22 20 23 19 23 20 24 26 20 25 31 20 22 24 21 13 17 32 16 26 31 25 36 13 28 20 28 
18 17 21 49 19 40 22 32 28 23 15 21 24 19 21 34 21 32 25 19 16 24 23 24 21 12 7 26 25 11 20 24 37 17 38 27 21 22 14 26 
13 24 15 43 17 38 15 21 23 29 25 10 16 19 22 29 23 40 24 21 13 33 31 29 26 25 36 25 16 18 25 25 26 27 24 21 14 19 26 17 
14 27 25 27 19 31 15 13 34 26 22 27 14 23 21 24 21 15 26 34 29 32 35 21 19 33 12 16 22 31 30 23 27 26 34 19 24 22 22 23 
19 15 31 27 11 20 13 22 35 24 18 18 10 23 35 44 28 27 29 28 14 17 26 25 15 15 37 25 18 15 25 20 26 29 17 37 12 22 18 26 
9 18 34 21 14 22 20 29 27 21 25 27 16 13 18 47 19 22 17 16 16 21 23 32 28 30 19 24 15 20 25 20 30 29 11 29 15 22 21 25 
16 17 25 26 23 36 15 34 23 23 35 16 23 19 33 23 26 17 28 39 18 14 42 41 23 29 15 20 23 17 21 27 23 17 34 30 19 21 24 25 
12 39 27 24 22 37 17 23 19 25 21 15 13 17 33 32 28 38 20 23 21 28 22 32 25 28 32 34 40 29 32 20 34 34 34 34 20 24 33 16 
20 32 31 15 25 25 18 23 19 22 19 16 10 11 31 21 24 17 23 29 36 26 16 28 19 37 28 23 18 16 30 20 43 45 28 15 24 19 22 22 
20 28 32 31 24 27 13 17 15 29 22 18 20 23 19 42 19 41 23 26 22 27 31 35 16 17 17 13 19 40 30 21 40 19 19 23 23 18 25 23 
13 30 36 21 28 33 18 25 22 15 12 24 20 15 11 26 22 16 21 41 24 23 22 18 21 39 41 24 24 21 23 15 28 46 37 39 15 21 15 24 
15 15 24 23 18 37 17 20 25 34 25 22 14 15 23 41 23 34 32 22 14 40 25 25 27 30 34 27 28 22 20 22 23 38 29 45 21 25 8 17 
15 24 33 26 24 26 16 17 17 24 24 23 19 17 16 42 32 30 15 24 13 23 16 34 17 28 38 29 27 14 25 20 30 26 38 17 21 16 23 16 
13 25 13 28 40 31 12 22 38 24 17 19 8 15 29 40 22 14 19 22 18 36 33 30 10 19 36 28 31 19 30 26 16 33 46 29 12 14 13 22 
11 25 48 35 23 30 26 15 21 19 29 37 13 22 13 30 26 30 23 27 27 21 18 29 19 40 24 23 18 23 25 17 23 37 38 23 17 22 17 19 
15 15 27 26 28 34 16 22 15 21 24 21 20 16 30 13 16 27 23 25 17 20 17 39 23 41 29 18 20 20 30 18 31 36 27 24 18 20 13 14 
8 31 27 11 24 26 19 18 23 34 20 14 17 9 23 31 15 25 18 33 22 38 36 7 20 43 33 16 20 17 25 17 21 30 23 32 19 14 20 23 
13 17 15 30 21 27 25 11 33 38 26 16 18 27 24 20 29 31 31 21 27 20 22 24 20 34 28 15 21 24 34 19 30 30 37 33 16 17 14 22 
14 25 24 30 26 9 10 28 28 27 20 25 19 24 16 10 28 25 17 30 22 26 20 26 18 33 20 19 26 16 14 21 31 24 35 33 21 13 21 17 
17 24 20 17 31 30 13 24 28 20 27 18 21 13 23 20 26 15 28 40 28 29 24 22 20 36 25 30 27 13 21 15 25 13 32 26 19 20 16 30 
19 27 22 26 20 17 23 18 28 26 24 16 19 15 29 23 23 18 23 29 17 29 23 18 20 30 15 29 17 27 23 11 34 16 20 36 13 25 26 25 
16 29 25 26 29 20 19 14 22 27 25 28 19 15 13 18 26 52 25 34 17 21 23 20 23 47 26 27 27 30 26 9 21 18 31 35 21 24 22 32 
21 37 39 37 22 35 17 10 28 42 16 19 15 14 20 38 26 26 23 42 19 34 31 24 20 35 20 19 11 32 28 16 38 33 16 30 22 33 25 17 
16 28 16 14 25 35 18 14 16 22 13 16 8 20 28 21 27 27 33 18 23 18 22 11 17 33 33 20 21 31 24 25 20 22 12 29 21 36 12 20 
20 23 31 43 25 21 14 24 29 27 26 28 8 18 26 27 16 27 16 30 12 23 26 18 22 40 20 12 14 14 31 18 28 26 26 26 17 14 18 27 
12 16 29 42 23 11 18 18 21 21 18 8 14 22 15 23 26 23 21 31 14 25 21 18 18 42 24 23 28 26 21 12 14 39 27 35 20 31 11 30 
18 23 28 27 17 29 17 26 24 26 29 18 15 12 14 8 25 32 38 38 18 39 26 25 19 23 27 21 34 24 27 19 33 25 34 35 26 18 17 33 
13 17 35 19 8 37 17 20 24 26 17 20 16 16 15 10 15 30 29 33 26 28 24 23 27 23 29 25 25 28 31 13 21 15 17 47 20 13 19 31 
15 26 24 30 14 42 14 16 32 36 23 11 26 7 23 24 18 18 37 18 21 22 28 37 19 29 31 22 8 22 23 19 34 27 39 32 25 23 31 23 
18 18 20 23 20 16 9 30 34 24 14 28 21 8 27 21 23 23 27 16 16 25 21 28 20 26 39 15 15 21 29 12 55 31 21 34 24 26 15 26 
15 28 29 33 30 15 15 29 31 30 14 14 20 20 18 33 17 23 16 31 21 10 30 21 16 27 26 16 24 22 35 25 34 28 32 30 11 27 18 37 
19 22 26 28 33 20 15 30 21 21 30 27 17 22 11 26 16 29 26 29 19 27 32 29 22 53 18 24 17 13 13 24 25 18 40 24 13 25 23 22 
17 22 23 33 32 40 19 32 23 32 22 12 16 21 19 39 25 25 28 25 14 20 29 13 25 41 23 24 38 21 27 18 28 25 19 22 23 25 16 26 
14 27 28 37 26 34 18 8 28 33 29 18 14 17 25 34 31 15 23 33 23 22 27 15 18 43 32 24 9 14 17 20 47 38 28 31 18 12 19 27 
21 22 32 32 32 21 21 11 26 26 31 23 13 19 20 29 14 25 19 17 25 24 22 35 18 43 17 11 20 6 33 17 30 29 23 20 21 29 11 28 
17 26 21 36 10 24 17 24 25 17 24 16 16 7 15 40 17 35 20 25 23 25 22 10 23 36 27 17 18 12 14 19 26 40 39 26 19 25 17 25 
13 22 18 18 14 27 21 24 23 38 29 16 20 15 19 36 24 35 31 22 24 18 25 34 17 12 23 28 12 23 17 14 23 36 21 17 15 17 25 23 
23 25 30 14 19 27 18 14 33 28 20 2 22 20 20 32 24 15 32 26 32 24 11 23 18 48 19 26 20 19 28 24 33 34 31 36 21 26 20 26 
19 17 18 5 23 30 12 20 35 36 16 28 22 12 26 23 28 36 25 25 16 39 35 17 11 8 25 23 26 23 21 28 28 29 18 42 22 17 16 12 
19 31 18 36 13 17 26 25 17 29 20 19 14 26 24 29 19 28 20 23 17 24 20 7 16 35 26 12 27 26 36 25 20 26 17 23 12 20 12 23 
8 20 21 18 23 16 15 24 31 8 25 17 22 19 16 43 24 31 17 28 18 11 28 41 7 14 17 25 17 12 9 12 30 16 18 39 18 36 26 18 
20 23 30 20 21 31 17 27 27 23 33 23 15 20 22 21 18 34 28 27 30 21 28 37 24 24 29 18 21 28 31 12 35 53 27 19 21 24 13 24 
17 17 25 32 25 32 19 23 24 36 18 17 12 11 29 23 31 22 26 27 29 33 33 26 18 57 35 19 17 15 27 21 25 22 15 32 22 26 13 22 
20 25 36 25 22 12 20 16 29 29 19 20 12 8 23 27 26 24 30 25 13 23 34 24 24 24 18 20 18 15 26 22 18 26 20 33 5 26 13 21 
12 22 21 24 12 18 12 16 38 23 10 16 16 18 14 38 36 33 22 27 15 22 38 24 19 37 20 29 14 21 22 22 30 24 17 39 24 24 20 22 
12 25 30 30 30 28 11 19 19 27 12 20 22 19 22 27 18 35 25 32 18 9 34 27 16 24 21 21 22 24 29 8 22 23 19 31 17 18 15 15 
13 25 36 25 28 24 20 21 23 20 28 23 15 15 17 32 21 26 18 21 32 32 25 26 17 21 24 13 15 12 26 21 39 22 36 27 16 28 22 35 
14 27 18 32 25 30 14 29 25 30 12 21 14 23 26 33 22 27 18 32 16 10 21 26 16 38 24 16 29 21 31 24 25 40 25 36 14 29 24 24 
18 30 42 39 31 45 13 25 24 15 15 15 20 21 27 43 22 14 31 33 18 25 24 34 22 22 24 16 21 19 17 19 34 45 17 28 25 24 5 28 
16 23 25 16 34 19 12 10 28 33 20 28 17 16 23 26 42 24 19 26 33 31 21 33 17 32 24 19 16 28 24 18 23 28 36 22 18 23 21 19 
11 25 24 30 21 24 17 24 33 33 20 19 20 9 13 31 24 43 27 30 11 16 36 21 9 25 22 21 24 16 27 20 26 3 25 17 29 19 24 15 
13 29 15 33 16 25 14 31 37 37 19 22 18 16 28 22 23 29 24 34 8 14 29 29 20 28 27 29 18 24 15 25 40 36 2 39 21 22 16 21 
14 21 11 21 18 30 21 17 29 14 29 15 19 16 24 26 18 35 24 33 19 23 22 36 10 22 25 21 17 22 29 16 32 27 40 26 21 27 19 20 
22 26 25 30 24 33 22 22 21 35 15 25 22 16 16 36 34 26 20 21 16 24 21 22 26 21 27 24 34 22 28 20 38 21 20 19 17 16 20 23 
18 17 30 29 17 39 18 22 28 32 19 22 16 14 31 29 5 29 24 23 16 27 36 20 20 39 8 17 26 27 27 21 28 24 29 33 10 30 12 25 
20 23 31 35 21 35 17 18 35 37 36 21 8 21 18 27 18 25 29 21 8 30 28 11 16 32 16 25 26 12 27 15 27 42 29 20 9 34 12 27 
11 36 26 30 24 25 16 32 19 16 10 14 21 16 24 20 15 30 24 29 21 32 39 32 18 25 30 29 20 7 23 14 40 30 28 12 8 16 18 21 
13 23 15 25 27 24 11 30 29 36 29 16 20 21 11 41 21 42 27 31 16 24 16 34 16 25 16 28 30 20 16 18 27 34 16 33 14 17 20 18 
13 17 27 32 16 31 14 17 23 24 15 26 20 21 13 47 22 31 31 22 22 26 28 17 27 45 37 15 18 28 20 28 20 29 32 39 26 20 20 16 
14 8 28 29 26 26 15 15 25 30 16 27 10 10 18 19 27 16 15 48 22 11 17 21 31 25 37 15 21 22 27 12 40 32 28 22 16 22 17 22 
24 16 11 43 25 35 16 23 36 22 25 21 20 14 38 17 22 35 12 34 25 33 16 47 21 45 27 13 21 28 22 21 28 29 32 16 17 20 16 28 
18 34 31 37 20 45 21 17 23 34 26 20 13 19 13 29 21 36 29 18 15 25 32 24 17 41 13 27 14 22 18 10 44 40 20 16 22 27 15 28 
13 32 21 22 17 46 7 14 17 29 18 20 17 8 28 28 32 24 17 40 30 20 14 23 24 37 22 24 17 15 36 29 39 34 27 34 22 24 16 22 
19 21 17 29 36 12 15 19 29 21 23 25 13 14 20 39 35 28 20 26 20 18 26 13 15 38 23 26 15 12 32 16 21 36 23 22 21 22 29 15 
13 15 30 22 24 24 17 23 33 24 28 22 25 24 21 17 22 29 26 21 14 45 16 28 16 37 19 24 22 30 13 22 22 36 24 22 22 25 16 32 
21 15 25 16 18 26 17 20 21 42 26 25 28 20 18 24 28 23 30 16 19 28 34 18 24 28 31 21 17 31 19 15 26 34 25 25 24 24 18 30 
14 34 16 41 11 17 16 25 25 27 23 24 18 22 30 33 19 18 17 16 28 25 5 27 16 29 44 25 22 8 23 19 29 26 25 20 24 25 11 18 
20 31 11 24 43 24 21 17 35 46 20 18 20 13 16 31 27 19 19 28 17 33 12 25 23 39 30 19 30 13 19 21 28 40 21 30 15 26 19 26 
19 32 21 30 8 11 12 17 22 32 24 19 13 21 23 21 14 36 26 16 15 24 27 10 26 28 30 17 23 27 20 25 26 26 24 9 19 30 17 30 
15 29 14 22 23 35 16 28 10 15 24 25 20 23 25 28 12 35 24 27 19 21 25 20 19 34 32 31 19 28 25 17 28 35 24 35 11 22 17 29 
16 20 25 39 27 19 19 27 30 27 22 12 7 29 19 33 15 35 14 39 26 25 22 34 25 35 22 14 18 14 27 21 20 30 13 26 22 15 16 25 
14 9 46 29 16 24 11 5 29 15 13 22 21 22 22 32 23 30 28 29 32 18 35 16 20 29 33 19 13 25 20 17 20 26 15 45 21 21 26 18 
17 14 23 22 31 28 23 21 29 32 22 20 14 18 20 43 22 27 20 24 16 24 16 21 14 14 18 19 20 15 26 16 16 56 16 38 19 12 25 32 
15 28 17 34 18 25 16 19 17 29 26 23 20 19 22 19 21 21 32 30 29 28 25 31 17 25 31 17 21 15 27 16 30 27 19 31 29 28 23 30 
19 15 16 23 24 25 17 24 25 34 16 8 16 24 26 31 23 30 13 21 27 25 25 24 18 33 20 28 19 20 11 27 43 28 28 40 21 29 11 20 
14 15 28 27 25 33 9 21 18 44 21 25 18 22 23 40 21 2 17 35 24 25 36 28 15 21 29 17 26 28 5 20 21 20 29 21 21 15 24 20 
12 20 24 32 28 12 12 32 24 27 23 15 21 7 20 26 24 35 26 19 23 26 31 38 23 33 10 35 16 18 26 25 30 32 34 35 20 18 19 22 
20 25 25 29 24 27 14 21 26 35 19 28 19 14 32 17 16 10 23 16 23 19 35 34 21 39 19 9 30 22 12 17 29 34 33 23 16 24 27 28 
22 23 23 32 17 18 14 25 24 25 29 18 17 20 28 30 19 39 28 29 24 28 27 27 23 30 47 17 24 24 19 32 25 27 31 25 22 13 19 26 
18 20 33 32 29 33 22 22 27 18 21 21 17 24 19 36 28 12 12 13 19 26 20 38 9 43 19 8 22 22 39 23 28 35 17 34 23 22 15 25 
15 40 22 19 23 34 19 14 25 17 21 16 19 8 28 35 22 36 25 32 27 19 24 19 26 36 33 24 27 15 33 10 25 25 31 30 18 20 28 47 
19 17 20 28 27 21 22 30 7 47 27 27 20 14 23 29 24 21 26 24 16 35 20 23 16 38 22 12 19 7 24 21 19 31 29 34 19 13 18 29 
19 26 27 31 16 38 13 13 26 37 22 24 15 13 11 26 29 45 28 41 21 15 19 28 19 23 14 11 21 18 28 16 36 37 26 14 23 36 22 25 
9 22 24 27 24 21 20 21 28 18 24 27 17 7 30 36 13 23 15 25 24 31 31 38 28 30 28 20 26 14 18 28 27 23 30 21 28 25 21 9 
13 21 20 27 24 18 12 13 29 38 19 18 19 19 22 25 26 18 31 23 26 23 30 9 17 37 20 19 28 24 25 13 26 45 13 24 13 18 25 18 
19 19 35 30 22 44 19 23 32 21 25 24 26 8 16 28 19 18 16 25 16 37 34 29 12 19 37 22 20 28 20 11 43 36 16 39 24 29 17 23 
16 13 21 29 19 23 11 29 31 23 24 16 13 15 20 27 29 28 10 23 16 26 21 36 17 22 24 18 25 27 28 18 29 22 26 32 15 14 22 24 
15 25 30 28 26 27 19 21 33 18 17 28 22 23 13 34 16 26 19 31 20 35 38 24 11 30 24 22 17 25 37 24 11 30 33 30 13 23 10 23 
20 24 39 33 17 38 17 20 23 28 9 15 22 13 29 25 24 33 28 36 14 27 23 17 23 30 23 23 15 17 30 13 24 31 15 16 11 12 14 25 
11 18 32 29 28 22 16 20 20 40 23 24 13 17 28 25 24 13 28 21 17 29 21 39 10 28 18 18 21 14 27 14 36 27 31 35 14 22 13 12 
14 36 27 27 23 30 16 18 31 29 31 16 16 6 16 14 23 31 33 34 38 5 16 15 18 38 23 35 22 22 19 23 26 28 23 28 20 15 15 24 
17 14 15 18 26 36 22 13 18 33 20 18 17 16 36 20 30 18 26 22 22 20 32 26 19 39 27 25 25 12 36 27 26 42 25 34 14 18 28 18 
14 31 24 32 24 24 13 19 33 20 10 28 19 12 20 21 21 14 24 29 26 30 28 18 21 48 24 23 11 20 26 20 30 27 29 17 22 26 13 26 
19 25 34 26 22 26 19 27 28 23 12 28 18 13 29 30 26 25 24 31 18 36 35 24 19 27 28 21 26 15 19 13 25 29 30 39 26 24 14 32 
13 20 26 26 21 20 11 26 25 12 30 27 19 16 23 13 22 26 25 30 26 22 25 19 20 26 21 27 15 18 24 18 40 40 33 28 22 8 17 28 
19 19 33 28 28 32 18 27 9 30 11 8 12 29 19 25 13 26 33 42 22 27 26 32 9 21 25 19 30 20 25 13 35 26 31 22 26 18 14 33 
17 30 30 42 18 25 18 16 39 25 26 20 23 20 22 27 23 22 21 25 18 18 17 15 23 26 25 17 24 15 33 14 20 31 38 24 17 17 21 10 
20 14 25 13 19 9 19 33 29 30 18 26 14 17 21 26 29 35 9 28 26 19 35 42 23 28 23 32 21 12 26 15 26 28 36 27 8 21 18 29 
11 25 21 28 31 38 13 28 26 24 18 17 12 21 22 40 31 19 9 19 22 34 16 37 15 24 18 18 21 34 30 19 26 26 25 27 11 22 22 17 
13 15 19 24 30 28 25 32 30 41 17 13 12 17 25 22 35 25 26 31 16 23 24 15 18 32 20 26 12 26 29 10 31 18 28 41 23 23 20 27 
10 26 22 32 24 34 20 23 25 19 13 12 15 23 23 32 14 26 22 26 19 30 33 24 12 31 13 27 28 20 29 18 41 11 33 19 18 27 16 25 
16 17 25 18 26 33 18 17 19 22 19 35 22 23 19 38 21 28 27 35 14 11 11 26 16 45 21 7 17 31 31 12 21 18 23 35 13 18 20 11 
16 20 25 22 24 30 14 15 32 25 18 21 21 19 14 20 13 36 27 22 23 29 10 22 13 40 23 15 20 21 28 22 22 40 31 32 17 33 22 22 
8 23 31 18 21 26 18 26 22 31 22 23 26 18 25 25 26 21 36 24 17 16 23 20 16 31 24 31 35 27 19 17 16 21 14 44 8 22 18 26 
15 23 23 28 27 28 9 12 32 39 13 24 17 16 38 23 30 25 21 23 20 28 36 29 21 35 19 19 24 21 19 25 26 35 35 21 18 34 20 25 
19 25 29 25 30 27 21 26 27 27 20 18 19 13 21 37 17 21 32 25 19 18 34 25 8 37 23 22 19 19 25 15 14 33 25 19 14 25 22 27 
15 31 38 23 15 34 13 24 21 22 26 16 22 12 29 29 22 26 18 22 12 38 24 35 15 25 33 23 8 31 9 12 29 19 23 42 28 20 12 22 
13 20 24 30 17 26 20 26 24 18 23 21 16 29 23 31 16 19 36 27 32 35 18 30 18 25 22 28 31 17 29 28 19 21 24 34 27 15 23 19 
11 23 35 43 27 29 18 21 25 23 27 25 24 20 19 28 24 28 32 15 12 27 25 20 21 33 24 29 9 30 24 23 27 38 33 40 19 26 22 21 
18 30 33 19 28 31 17 11 30 43 13 19 8 19 34 25 23 31 34 18 23 34 28 32 21 24 40 19 22 14 23 25 25 30 37 30 21 19 22 14 
15 25 16 37 33 33 27 15 13 39 24 23 27 6 26 31 30 36 28 31 23 23 28 20 19 40 27 23 20 19 30 24 17 29 27 25 22 5 12 24 
15 20 28 30 25 25 15 19 22 33 19 21 19 9 28 30 19 33 22 31 18 26 19 21 15 28 23 21 20 18 27 18 17 33 18 25 12 28 25 27 
15 25 32 24 24 25 11 28 21 19 25 8 17 22 26 32 16 27 23 13 11 19 14 18 28 19 24 26 14 13 30 20 34 21 32 40 19 28 17 27 
20 29 20 33 18 26 15 19 33 14 23 30 15 19 16 33 24 29 18 24 22 20 16 36 26 35 27 17 25 27 27 20 28 32 18 31 10 23 17 31 
12 20 27 5 27 44 20 23 21 25 25 28 21 13 22 22 29 14 20 22 16 27 28 26 22 31 25 10 26 24 23 17 21 33 17 8 21 22 13 10 
11 15 30 44 19 17 15 15 31 27 20 14 19 18 23 27 25 39 23 26 12 20 9 35 17 31 39 23 28 14 18 14 19 31 42 28 13 8 20 30 
18 22 22 22 18 21 23 19 23 28 22 23 7 15 18 37 10 22 28 33 18 24 19 20 15 35 23 4 26 23 26 24 30 35 28 26 18 25 18 28 
5 21 28 30 19 41 10 24 35 27 17 23 18 23 19 36 26 32 16 29 31 17 32 20 18 9 22 21 20 26 34 16 47 13 35 33 18 19 26 32 
14 26 28 39 15 41 21 20 30 32 31 28 13 17 23 39 12 40 19 30 31 28 30 21 21 24 10 14 27 21 26 22 25 34 29 26 23 31 25 26 
18 18 34 34 27 31 14 22 15 16 15 21 15 11 29 24 25 29 20 26 27 19 32 27 18 36 34 24 26 28 24 19 19 28 31 39 12 19 22 21 
14 28 28 37 20 38 13 3 23 30 21 31 16 25 28 35 17 15 25 39 21 12 44 23 22 35 21 10 24 18 20 18 27 32 25 20 21 20 16 25 
15 20 23 32 29 40 9 9 17 22 19 19 25 22 27 21 31 46 32 24 28 31 31 24 6 27 26 4 26 23 24 26 35 15 25 15 24 32 19 14 
9 28 27 16 11 20 20 25 13 36 29 14 19 10 24 27 29 21 20 29 17 20 33 35 14 43 26 24 23 7 24 26 21 36 18 21 14 23 22 23 
7 31 24 29 19 30 17 20 20 19 19 20 18 15 22 27 34 31 29 30 26 20 23 34 22 18 30 13 13 23 21 19 22 33 30 10 20 11 26 14 
18 28 31 28 22 26 17 22 26 38 24 29 16 23 21 29 25 18 21 33 20 30 35 26 30 35 11 22 14 22 25 20 41 36 17 19 12 34 22 24 
15 23 26 25 15 39 13 17 17 14 20 9 15 16 21 31 29 12 10 28 17 37 19 24 32 35 25 25 17 23 40 12 10 36 20 33 15 17 16 23 
15 13 20 14 26 33 21 8 39 11 19 15 17 12 31 37 26 37 19 15 31 33 35 32 19 24 11 14 20 22 35 19 22 36 25 14 19 21 14 25 
17 20 32 23 12 30 15 28 30 36 19 24 16 15 29 46 12 20 25 28 11 33 16 22 13 22 32 25 19 20 35 17 29 37 29 24 25 30 20 21 
14 20 33 27 25 24 15 21 22 40 26 20 23 19 31 27 22 21 30 19 24 22 29 42 21 38 28 23 23 18 31 14 25 25 20 30 13 26 15 20 
11 25 26 25 28 27 11 20 15 24 24 13 20 14 21 29 7 44 27 20 16 25 32 18 18 31 23 24 38 31 2 20 28 35 25 22 24 19 15 20 
18 26 21 34 25 25 17 22 14 26 24 18 22 28 13 32 32 16 20 32 24 25 24 22 17 53 24 17 31 19 19 21 27 25 16 16 21 17 16 18 
17 20 26 19 19 24 18 22 31 35 18 12 12 15 22 19 26 28 23 25 26 21 22 21 18 22 18 18 26 21 25 6 15 30 33 42 16 27 16 22 
16 26 31 23 26 30 15 15 28 25 25 12 14 17 32 38 22 18 30 23 19 28 34 37 13 42 25 14 22 12 18 28 29 36 19 20 16 20 13 24 
10 30 19 26 11 30 22 20 28 25 22 17 15 8 23 34 19 29 33 22 17 20 29 52 23 32 20 20 25 11 20 17 26 28 20 27 19 26 12 26 
23 27 21 8 22 36 12 19 15 32 23 23 19 10 25 27 19 43 25 34 17 22 18 16 22 22 33 27 24 20 24 19 29 27 22 22 4 23 24 14 
19 26 22 18 31 27 12 20 31 42 19 32 16 9 24 15 28 47 12 17 23 17 23 40 20 45 22 19 22 32 17 9 25 25 25 22 25 23 23 15 
15 18 30 33 14 38 10 21 32 31 21 19 18 22 13 17 27 42 3 19 17 19 21 29 18 27 16 25 16 19 24 14 29 25 20 36 17 23 13 30 
14 19 30 24 34 6 8 18 23 36 19 23 16 26 20 38 22 6 21 36 18 30 29 25 24 36 12 20 24 13 35 25 33 26 25 49 14 30 18 21 
12 25 29 29 29 11 11 21 35 28 14 28 23 11 19 41 28 25 22 21 15 21 21 27 21 16 14 17 15 18 18 10 18 37 14 39 14 31 13 23 
14 32 14 20 19 36 19 12 36 21 9 29 19 9 16 31 21 40 31 35 17 34 15 27 22 32 25 17 25 11 36 17 26 16 16 23 19 13 26 18 
18 20 25 22 24 34 15 17 31 27 24 13 7 20 17 33 23 46 16 28 13 11 29 15 29 41 32 16 18 19 24 23 20 30 32 24 23 18 17 26 
18 10 35 25 25 23 16 18 11 23 11 13 13 23 25 22 24 30 13 29 25 23 29 27 28 16 26 19 27 21 22 13 28 19 28 32 23 25 22 16 
24 37 18 23 21 31 18 23 23 28 23 19 22 14 27 28 26 31 24 18 15 19 31 27 21 33 30 30 20 24 24 24 18 23 15 30 16 29 26 22 
22 28 26 23 30 22 22 16 20 36 28 22 17 16 28 27 29 13 25 30 25 24 22 27 19 29 26 10 15 19 34 16 40 34 18 26 28 14 25 27 
14 23 25 30 25 28 18 12 25 22 12 20 22 25 21 30 34 30 23 36 19 25 27 28 10 31 18 18 20 19 15 21 31 21 24 18 20 22 25 18 
17 25 13 33 22 8 9 10 16 34 22 17 15 15 12 16 27 38 21 33 29 29 16 31 22 36 40 27 10 12 31 11 38 27 22 32 20 19 20 19 
23 29 14 26 27 37 25 20 22 19 24 16 10 17 23 43 20 16 18 25 29 21 17 22 22 17 25 22 25 12 22 21 36 21 27 35 17 17 19 13 
19 30 25 36 15 31 15 19 19 23 13 21 21 11 20 42 16 28 25 21 14 24 35 21 18 34 24 28 22 17 19 21 30 21 27 34 18 12 14 15 
8 27 19 31 16 32 19 28 24 30 23 12 15 18 27 25 22 35 25 33 27 28 27 22 27 43 14 18 17 31 34 23 29 32 23 27 16 20 18 22 
11 32 29 27 26 36 9 7 15 37 33 18 18 27 22 13 29 22 21 20 14 30 23 36 14 27 24 30 35 25 31 9 36 26 38 17 17 15 23 24 
15 19 13 34 19 21 10 16 42 35 18 20 18 9 22 26 23 33 20 50 18 16 23 27 25 23 25 13 18 18 27 18 15 39 22 33 18 22 14 20 
12 29 20 39 28 33 12 17 28 20 19 26 6 14 31 36 31 19 21 37 19 22 16 16 26 32 23 25 27 16 34 20 22 29 23 23 16 17 13 29 
16 26 20 27 24 19 9 23 14 20 28 16 17 24 14 35 21 24 25 35 27 18 26 26 20 18 35 10 24 33 31 30 39 29 21 24 25 28 19 32 
16 26 23 30 12 32 14 15 23 29 32 17 15 14 33 28 32 27 31 36 20 15 29 36 17 13 10 15 35 20 21 22 38 29 24 19 26 26 20 25 
19 11 38 35 26 47 15 19 19 33 21 18 20 17 26 33 13 34 28 17 23 36 34 25 12 12 30 21 19 24 33 17 34 27 21 25 23 20 16 26 
7 26 26 32 21 25 16 22 20 36 17 27 22 22 17 34 23 39 21 40 19 17 19 24 15 37 39 29 28 27 19 29 27 36 18 33 21 14 24 27 
13 24 35 35 18 44 15 28 30 38 37 16 26 11 20 27 27 13 7 28 19 25 27 33 24 36 35 12 17 25 16 20 35 45 19 27 19 31 20 37 
17 26 44 32 20 14 18 20 23 20 34 23 19 19 17 21 22 24 29 31 13 22 26 22 20 42 21 16 24 20 35 11 24 21 26 36 15 27 14 33 
25 12 21 29 37 30 18 20 10 19 18 22 14 16 31 29 26 35 32 29 29 23 34 29 17 22 27 27 18 24 24 16 44 34 25 34 13 18 15 32 
15 17 33 27 31 25 16 26 22 24 15 23 16 21 28 30 29 27 23 32 9 27 33 16 13 15 28 18 20 30 14 18 20 38 24 34 18 31 14 26 
18 27 30 28 19 15 21 21 28 32 24 21 11 16 20 30 17 28 31 16 17 27 13 24 15 31 19 16 27 24 29 10 20 45 22 23 23 19 14 14 
16 19 23 38 23 31 22 13 19 28 23 7 15 16 17 36 12 14 22 20 30 28 37 16 14 22 7 19 11 9 12 16 35 32 26 34 18 21 20 21 
11 19 26 14 15 23 17 25 17 19 22 9 25 18 37 35 15 27 28 20 15 27 31 14 15 18 25 16 21 23 19 14 25 25 27 37 25 22 13 19 
21 17 32 22 31 25 22 19 35 34 21 19 13 16 26 35 14 26 25 37 17 33 26 31 16 36 23 17 24 23 23 25 25 36 31 27 19 15 20 33 
25 28 21 26 22 43 23 35 25 34 13 13 16 18 24 41 16 29 14 24 16 32 10 22 13 33 29 20 12 28 25 23 33 28 34 35 22 22 19 18 
14 20 31 22 31 26 15 21 18 17 10 16 21 14 19 29 22 31 17 20 25 23 20 27 24 30 17 29 13 26 20 12 29 24 31 25 22 29 27 30 
20 22 28 25 17 30 18 13 27 27 25 13 22 18 32 35 18 24 30 15 11 13 30 26 17 15 30 27 24 23 33 12 40 45 17 26 16 16 28 27 
22 25 20 19 21 25 16 21 31 37 21 10 15 12 23 16 18 33 30 31 23 20 17 33 23 43 32 37 21 23 27 21 14 26 33 36 17 16 21 27 
18 22 29 35 18 26 16 22 33 28 22 32 18 19 23 24 25 18 17 43 24 22 10 25 15 24 20 24 29 12 39 16 7 27 30 33 21 24 24 15 
18 23 24 30 25 32 22 26 12 18 18 25 20 14 26 24 21 29 22 28 20 15 23 38 18 48 21 23 19 19 23 19 35 28 21 30 23 25 13 28 
17 33 30 31 23 24 14 32 15 24 12 18 13 23 21 44 25 23 24 34 9 28 28 16 16 50 17 29 25 19 19 13 22 12 17 21 14 36 19 27 
19 24 16 24 24 38 14 20 18 20 17 17 15 20 25 38 17 25 31 27 23 28 16 18 24 28 24 13 22 27 27 23 32 23 25 31 10 32 15 17 
22 24 10 20 24 17 12 30 19 11 12 23 16 21 21 21 26 29 26 37 37 16 19 25 19 25 29 30 22 17 28 25 29 24 22 25 21 7 19 25 
15 27 31 27 24 18 13 15 15 36 23 22 21 23 29 18 20 21 17 17 24 34 23 27 21 14 38 9 28 25 18 13 26 29 21 21 20 25 24 27 
19 18 11 38 29 20 23 17 28 27 26 25 19 19 26 40 25 24 32 36 20 18 21 36 19 29 23 21 18 27 30 10 22 28 27 38 25 21 13 34 
25 21 26 16 29 17 17 29 35 22 25 22 18 11 32 28 26 42 21 21 14 20 21 41 25 28 24 25 17 25 36 25 35 41 20 34 23 13 24 23 
14 26 25 31 15 37 15 29 25 27 30 17 16 9 21 19 19 19 25 21 12 21 17 28 20 31 22 22 18 12 20 18 24 26 31 35 14 32 15 19 
17 27 32 32 21 37 14 28 27 34 18 22 7 18 23 25 15 38 25 35 8 8 16 29 18 33 21 17 21 23 15 19 21 32 25 23 22 16 15 23 
9 24 11 21 21 26 20 26 23 34 19 27 20 17 25 27 18 48 30 30 23 16 22 23 26 35 16 14 19 19 35 12 42 24 19 24 23 12 12 24 
17 22 12 22 25 27 15 17 22 32 15 23 19 15 20 35 12 27 15 43 28 29 26 33 22 34 16 26 16 22 24 20 27 24 28 28 15 17 20 18 
10 21 29 26 30 42 17 18 24 17 19 20 15 13 20 22 21 15 23 17 17 29 27 24 22 38 26 23 27 25 29 11 33 40 17 24 21 22 23 19 
21 24 26 21 24 20 17 20 28 34 24 5 11 9 8 26 23 25 21 30 28 29 30 40 21 26 32 14 30 24 19 18 20 33 25 18 36 15 14 22 
12 30 32 22 27 33 16 16 34 30 31 28 21 12 17 29 25 20 30 19 30 10 28 20 19 31 31 22 23 11 34 20 31 32 16 46 23 2 22 28 
19 26 41 24 26 26 17 24 28 26 34 22 11 24 20 20 18 41 21 37 22 34 27 22 19 25 30 30 16 25 20 17 36 19 24 30 15 27 21 22 
15 33 37 24 23 45 14 22 24 18 19 13 12 27 26 30 15 21 20 20 21 20 22 23 22 27 25 20 18 21 25 15 37 25 29 35 18 36 27 20 
17 19 24 24 25 14 17 3 20 34 23 22 18 19 23 38 22 11 29 20 26 16 23 12 17 47 35 20 26 21 27 25 43 40 20 37 19 22 19 18 
15 24 24 33 26 10 20 19 25 31 19 3 13 12 18 32 16 37 30 22 27 34 25 13 7 30 23 23 17 22 14 14 34 37 18 36 16 21 15 19 
21 18 14 33 22 32 20 25 33 10 25 18 16 19 24 36 14 30 24 45 34 22 34 31 11 44 16 22 26 26 31 19 30 43 27 31 14 21 15 26 
21 15 32 28 29 28 13 17 25 46 26 14 1 16 33 30 21 15 18 39 22 30 12 43 20 30 24 19 21 22 22 23 26 39 29 41 26 27 20 32 
16 26 25 30 19 27 14 23 34 28 22 21 22 19 15 16 26 20 16 23 12 26 31 27 13 45 9 15 25 26 18 23 30 16 26 34 19 21 20 33 
17 20 38 29 17 31 20 18 18 33 28 20 20 18 17 27 21 30 25 32 24 21 16 42 19 22 30 29 13 23 32 14 29 42 41 29 17 27 10 14 
18 31 27 30 28 25 17 13 24 41 27 20 15 18 28 40 29 42 18 27 32 34 23 21 16 44 27 17 21 16 23 22 24 41 42 27 17 17 19 20 
15 28 21 36 21 33 11 23 14 25 16 9 8 10 22 21 22 31 21 12 12 28 11 17 28 37 19 19 24 28 17 26 25 40 29 13 25 19 22 23 
13 21 26 17 20 33 10 15 28 36 20 17 23 25 21 26 10 22 28 33 26 28 26 18 15 34 31 25 22 20 28 19 36 39 23 38 19 30 17 19 
13 16 22 32 24 42 16 29 19 24 31 9 25 22 41 32 19 23 32 19 23 23 31 29 20 25 20 18 11 15 28 26 39 32 32 17 23 16 19 23 
12 11 20 26 21 33 13 35 24 35 20 21 14 15 24 29 9 30 21 21 18 15 27 29 13 21 17 21 28 22 30 15 23 13 17 17 20 25 14 9 
17 32 19 28 25 22 9 23 28 29 25 20 18 17 4 20 24 26 19 25 29 22 25 28 11 35 14 7 16 23 13 15 12 27 34 30 17 22 18 23 
12 17 17 38 18 15 14 18 25 35 14 23 8 6 25 32 26 24 28 21 17 24 24 25 14 29 25 9 25 14 29 25 30 32 20 40 24 21 25 16 
12 20 25 29 28 21 18 32 30 36 24 25 16 15 25 34 27 18 12 29 17 25 21 37 23 30 28 15 16 18 37 22 36 33 21 22 14 14 22 27 
13 24 29 16 19 37 12 25 19 34 19 11 28 20 16 32 19 44 18 35 28 20 25 20 23 42 11 19 24 15 14 11 31 35 27 35 18 22 10 26 
17 24 28 20 11 30 16 14 24 26 29 13 10 21 15 27 20 31 29 19 27 23 29 40 19 25 43 16 20 21 19 16 42 19 24 31 15 24 14 16 
18 34 26 19 24 23 14 9 28 28 16 5 25 9 25 31 24 23 20 34 31 29 28 8 11 19 29 20 22 24 17 15 24 24 24 25 24 20 22 24 
14 40 36 14 28 48 18 31 25 6 16 23 16 19 17 27 21 25 13 21 26 26 26 15 31 26 34 22 31 18 13 20 25 25 17 31 20 28 15 16 
12 23 37 23 27 23 19 16 34 20 24 18 19 19 30 29 21 27 24 30 29 29 30 13 29 39 22 24 16 22 18 24 29 22 27 36 22 22 23 14 
17 19 16 22 20 29 12 30 24 22 29 15 18 22 16 32 26 22 29 16 20 31 28 37 20 44 20 22 18 9 19 18 32 34 19 36 23 23 22 20 
15 26 28 22 25 23 16 8 24 23 22 23 18 22 34 34 22 22 9 31 23 33 16 22 12 22 34 17 26 24 19 17 37 16 18 20 8 37 21 19 
14 21 26 28 31 23 20 15 29 27 14 15 24 11 23 27 21 24 21 21 19 33 27 16 15 27 14 14 25 11 29 14 20 25 23 24 23 32 18 20 
11 23 20 29 15 35 23 24 30 37 20 9 15 22 17 45 23 21 16 25 23 20 28 22 21 35 28 21 27 17 34 15 34 44 18 11 30 21 17 24 
17 27 36 28 28 39 13 29 24 31 10 14 15 18 18 31 24 33 23 21 3 23 24 32 16 33 42 30 26 20 36 25 35 20 22 23 15 22 16 14 
14 34 27 23 27 28 12 17 30 28 20 24 16 21 20 41 18 28 30 26 22 29 38 28 27 28 31 23 26 30 22 23 16 40 26 17 19 22 24 19 
11 29 28 26 25 22 23 13 15 27 24 31 19 4 21 18 24 20 29 20 10 12 22 37 19 19 33 10 24 15 30 14 29 18 19 29 20 18 16 28 
18 22 21 32 21 39 11 12 23 22 11 6 6 17 14 29 25 30 26 26 25 21 35 22 19 26 15 25 32 20 23 16 35 31 27 17 14 13 17 28 
17 26 23 25 21 40 14 22 6 17 23 25 21 16 19 39 22 30 24 23 19 25 21 33 25 34 37 20 11 27 31 27 26 24 28 41 21 31 16 28 
15 20 12 30 28 17 8 20 20 27 20 22 22 20 23 25 23 27 18 22 25 28 34 25 19 32 24 30 10 37 14 19 37 33 46 47 23 21 24 28 
11 13 28 21 18 39 15 18 33 16 20 21 14 34 12 29 20 19 20 30 25 22 21 19 24 31 21 20 23 21 25 9 40 9 26 16 15 33 22 23 
12 21 16 26 21 18 13 18 31 25 10 15 20 10 28 37 26 39 26 17 29 26 36 34 26 22 26 16 20 18 23 20 24 24 25 37 18 20 15 20 
19 23 23 19 31 31 14 22 25 25 19 20 13 17 29 35 13 25 24 17 23 21 28 38 17 29 31 15 22 25 22 20 25 32 26 24 17 27 21 23 
11 21 29 41 15 25 20 21 24 37 21 22 28 22 17 20 22 32 24 26 8 15 15 32 23 42 30 20 8 28 9 16 31 31 22 23 26 16 16 28 
21 32 29 40 27 18 15 18 24 17 34 29 24 11 16 41 26 34 11 34 33 18 21 29 11 18 26 8 21 19 29 28 31 13 17 29 14 22 15 16 
16 10 22 29 22 34 14 19 31 18 23 15 16 20 25 31 26 36 43 33 19 26 27 30 22 37 28 21 20 31 33 18 24 36 14 30 14 12 14 24 
15 29 24 33 25 29 13 31 35 21 16 25 13 19 25 23 16 26 19 21 22 22 15 26 28 37 13 17 25 26 14 20 14 30 30 22 21 24 16 28 
12 11 15 30 33 32 18 23 30 29 16 25 13 14 20 29 21 25 19 22 19 29 32 8 17 15 40 15 17 17 38 22 18 33 27 28 22 26 16 12 
18 17 22 33 28 40 14 14 35 23 20 11 8 16 19 24 16 31 22 28 36 26 25 31 17 46 31 8 19 12 21 19 40 26 36 29 21 25 27 23 
16 18 18 45 26 27 15 20 33 25 27 25 12 12 27 23 27 19 18 29 20 22 27 27 22 22 22 14 24 16 20 19 34 31 27 34 17 16 16 30 
5 25 19 39 26 40 25 18 18 28 14 15 11 12 24 20 27 26 21 31 16 26 28 25 23 17 16 30 18 16 34 17 24 26 14 30 28 31 27 22 
19 23 32 30 35 31 17 13 29 31 26 26 14 12 28 26 22 16 26 26 25 24 28 43 23 26 26 14 14 33 11 27 24 33 19 41 19 24 21 32 
14 23 21 25 12 21 15 16 21 34 32 18 17 11 23 27 21 23 25 17 27 19 22 29 16 38 16 32 16 26 32 16 20 37 19 28 8 12 21 28 
27 32 22 23 24 20 20 28 22 29 24 19 19 17 19 26 25 36 17 14 8 24 24 31 14 30 29 16 17 15 15 16 32 30 27 32 16 16 21 35 
20 20 11 33 31 24 17 26 26 26 24 25 22 14 15 40 26 30 28 37 12 15 27 15 26 26 26 28 15 29 27 22 32 29 33 26 22 26 13 18 
9 23 24 23 26 36 16 16 25 14 16 19 17 11 24 17 32 27 10 24 31 29 24 21 14 30 24 10 18 15 36 20 37 34 24 33 20 27 22 24 
18 27 26 36 14 33 20 25 27 30 21 22 23 21 14 33 35 36 13 23 20 25 22 24 17 34 29 17 28 15 26 26 35 38 19 23 12 20 15 19 
16 22 17 29 25 14 7 29 34 15 25 22 15 19 31 36 8 14 13 29 15 33 28 30 12 29 23 30 16 27 35 30 21 37 17 19 17 16 21 15 
19 21 24 27 22 34 15 19 27 18 16 27 20 25 32 42 23 34 22 11 27 13 9 40 17 43 26 28 22 25 20 14 13 24 28 24 25 18 15 25 
15 25 24 34 25 25 17 15 26 32 31 17 24 22 28 45 29 42 20 25 14 17 17 27 26 33 24 19 26 23 29 13 11 31 20 36 18 25 13 27 
14 22 24 20 26 27 10 23 30 34 15 18 21 9 30 23 13 32 29 27 23 32 26 33 20 35 30 21 14 21 29 18 31 29 35 28 16 27 15 29 
13 30 28 8 26 45 9 24 25 29 18 17 7 16 29 32 27 31 20 34 28 17 22 11 13 20 23 26 12 21 20 25 26 19 25 22 21 24 15 26 
26 34 25 33 18 18 14 7 10 33 15 28 20 15 17 18 24 23 28 21 27 5 17 32 26 25 15 13 24 24 20 12 23 43 25 18 18 10 16 31 
13 32 25 32 13 15 15 18 28 21 20 17 21 13 17 34 16 27 28 21 18 25 29 29 11 31 18 18 16 20 17 14 39 23 39 35 14 14 29 15 
16 24 14 34 28 36 18 23 21 16 24 22 17 16 15 33 27 34 12 27 15 27 40 32 22 33 32 24 10 21 6 25 30 19 37 28 24 27 21 25 
13 27 26 29 34 42 15 21 5 23 17 27 15 23 22 24 24 48 22 33 23 7 16 32 26 40 21 26 15 37 22 21 40 35 16 29 14 28 25 21 
12 20 18 24 18 8 23 17 30 31 19 12 13 20 28 25 17 28 17 41 19 27 22 29 20 40 33 26 20 13 25 29 21 35 36 38 23 28 25 24 
14 24 14 32 20 28 9 18 30 15 25 26 12 14 13 12 31 30 14 27 23 30 24 27 21 29 18 31 17 23 27 15 30 40 6 29 24 11 22 24 
15 16 34 17 26 39 12 27 36 22 11 13 17 19 15 40 20 25 20 28 22 28 34 19 17 41 24 24 31 17 20 18 23 27 24 24 23 25 18 23 
16 18 43 25 37 17 13 27 29 20 29 23 20 12 22 26 17 32 32 29 21 15 33 46 24 32 30 22 21 28 30 29 22 14 20 28 25 25 10 19 
15 20 36 16 5 13 20 24 10 24 16 17 9 19 12 25 18 29 20 38 17 34 33 37 13 28 8 16 24 21 18 16 31 35 23 24 19 28 19 24 
20 21 23 24 17 33 12 28 21 32 16 23 12 13 29 23 28 25 26 29 24 17 26 22 15 26 22 26 24 31 14 18 30 35 34 43 16 10 12 20 
17 22 19 32 10 14 17 26 19 27 20 22 18 19 26 19 25 32 23 28 23 21 19 35 12 25 28 28 17 20 30 18 12 37 14 23 22 28 22 12 
10 28 18 22 25 45 18 32 24 40 23 20 16 9 25 19 15 12 20 40 23 26 31 23 24 28 23 26 24 23 11 19 27 30 29 23 18 27 18 18 
9 18 35 24 31 28 16 15 27 23 24 26 9 17 21 30 32 30 18 35 18 30 9 24 19 26 22 24 15 26 20 15 22 31 19 30 28 19 16 13 
17 21 26 26 23 31 17 21 41 16 9 13 13 29 21 51 17 26 21 33 23 22 10 35 25 19 18 19 12 27 32 17 44 20 35 26 14 23 20 23 
14 16 24 23 29 24 18 29 18 23 25 24 13 16 20 37 20 44 15 27 22 33 27 36 10 21 17 17 7 21 17 13 21 34 28 19 26 19 22 25 
15 21 18 31 32 22 20 29 26 23 12 26 12 9 23 29 28 29 23 31 18 27 10 31 15 35 24 17 26 24 18 17 26 21 16 16 25 27 25 17 
20 30 8 23 20 38 15 10 19 34 18 15 15 18 26 26 23 19 18 38 18 24 20 36 25 34 30 13 21 26 23 12 36 38 23 20 24 24 21 21 
15 17 19 27 25 25 17 28 29 13 9 12 12 15 19 25 23 33 23 20 20 20 27 25 23 25 24 19 20 25 29 22 23 21 29 39 24 30 13 29 
15 25 24 31 20 31 20 22 30 29 18 14 15 27 20 31 22 21 17 21 12 40 23 32 22 47 27 23 26 13 31 16 13 40 18 32 27 11 19 21 
13 28 33 51 25 16 7 26 33 16 21 19 16 24 25 26 31 11 16 19 20 50 25 27 20 26 32 31 26 20 22 13 26 18 19 39 21 15 26 18 
18 16 26 27 26 28 6 23 23 29 21 17 14 16 27 41 15 31 20 32 20 27 35 10 14 30 34 16 9 21 25 16 26 20 31 7 21 15 18 23 
25 31 35 26 25 16 25 24 12 26 25 24 4 18 15 28 7 39 32 21 31 27 26 23 21 38 24 25 31 23 24 18 34 19 30 24 18 16 25 14 
21 25 33 20 28 14 12 28 30 28 20 21 17 12 22 34 30 25 26 17 25 35 18 36 11 40 24 34 19 37 20 32 41 33 19 39 19 25 22 20 
15 12 28 48 21 38 12 13 22 4 21 14 18 21 13 22 19 24 24 31 17 17 28 11 16 25 33 27 23 27 25 21 31 32 17 24 16 9 11 21 
21 35 41 26 14 32 12 20 22 36 16 20 21 24 20 26 28 26 22 27 22 35 29 26 3 17 31 26 23 20 18 12 36 24 25 32 17 20 20 13 
22 27 17 18 27 17 7 11 29 14 19 35 23 18 30 27 31 28 35 23 24 38 30 20 17 19 13 26 26 21 21 19 20 25 27 29 16 17 20 25 
12 31 24 40 23 37 20 17 45 20 13 17 15 11 18 24 25 22 26 25 12 22 6 27 14 38 19 17 32 24 24 27 23 29 18 24 16 26 17 21 
19 28 34 17 32 24 12 10 28 30 14 24 8 17 24 35 24 16 18 27 21 21 20 28 19 29 26 20 23 14 33 19 26 24 34 30 21 22 21 34 
15 22 22 22 9 39 20 22 27 46 16 21 17 31 18 29 31 5 20 25 26 19 25 37 14 20 31 23 24 16 31 17 26 36 20 34 18 21 13 29 
11 21 30 41 31 33 18 21 30 28 34 12 20 16 29 32 12 31 20 30 8 36 32 37 24 22 22 27 27 8 37 16 17 24 23 23 23 24 20 30 
22 26 19 22 24 22 16 14 17 18 25 16 14 20 29 41 29 32 15 18 20 13 21 25 21 38 22 26 21 32 19 29 36 19 18 12 22 23 20 23 
19 32 27 31 12 29 18 36 34 39 18 15 20 20 22 21 20 39 14 41 22 21 34 15 24 31 11 18 17 14 15 25 27 36 23 29 19 28 20 29 
16 21 36 27 26 12 19 18 16 15 19 22 15 20 22 26 16 22 9 30 27 31 22 42 12 38 19 7 12 31 22 21 26 25 22 20 21 24 21 14 
23 32 34 36 29 23 13 29 22 25 25 18 19 29 21 31 22 24 11 33 22 21 27 17 21 30 20 12 26 8 11 20 38 41 19 24 17 22 22 6 
15 13 35 33 29 22 16 20 20 17 17 22 14 19 25 32 30 14 21 21 8 24 20 32 23 50 24 19 20 10 20 19 30 38 30 28 26 27 25 26 
19 26 29 22 20 44 22 14 16 25 28 8 21 25 22 20 30 44 16 16 13 28 17 18 18 34 23 18 12 28 27 16 16 32 25 12 27 21 20 27 
19 23 26 13 20 22 11 23 32 29 26 26 4 15 22 33 25 13 31 18 21 13 11 42 24 35 22 18 18 22 22 25 26 20 24 27 25 35 11 24 
22 25 35 21 25 29 11 24 27 45 7 20 12 12 31 38 20 18 29 23 18 21 29 19 17 24 26 23 23 24 23 20 19 21 26 42 16 30 12 24 
9 34 21 31 18 46 13 9 16 30 31 18 31 18 19 51 27 15 19 33 15 22 27 23 12 28 14 19 16 24 30 12 28 59 23 26 14 18 21 20 
10 19 31 23 31 35 19 24 31 17 28 23 30 16 19 36 19 22 21 13 21 11 21 28 22 28 20 25 15 21 30 21 37 38 18 45 6 23 29 32 
17 18 17 28 20 34 12 30 12 27 28 23 13 21 6 30 20 31 29 33 35 21 14 31 16 41 26 33 25 23 24 21 20 25 31 26 24 25 15 25 
12 22 18 30 24 26 16 17 20 26 16 32 19 24 17 19 23 10 18 18 38 19 29 17 19 15 24 7 18 15 24 9 22 26 24 30 20 19 17 18 
18 29 36 40 36 26 18 21 23 24 28 24 24 18 30 42 22 15 26 30 24 30 38 34 25 19 23 20 30 24 27 28 22 15 19 19 12 20 14 27 
8 22 26 19 26 31 19 14 38 28 19 18 22 18 18 34 21 31 28 35 24 24 27 15 26 35 33 23 21 21 21 23 20 45 36 27 14 20 17 10 
8 27 28 23 31 20 20 21 31 41 26 16 12 14 14 38 25 32 25 25 14 19 22 25 19 31 30 19 34 21 30 18 14 30 21 40 19 25 19 16 
19 29 26 24 27 20 9 22 24 29 27 23 12 6 13 30 23 15 22 11 16 25 14 28 19 26 27 13 28 23 23 32 30 27 25 26 16 27 16 25 
14 23 24 10 16 19 13 18 31 28 18 20 14 16 23 24 23 40 17 10 15 24 20 19 23 30 18 26 14 23 30 21 36 34 33 18 24 15 12 20 
11 16 25 32 18 30 7 13 13 25 14 20 15 22 32 26 33 35 28 23 24 16 23 36 14 28 32 16 23 17 26 18 33 36 22 48 19 15 21 25 
22 31 24 23 28 32 16 25 19 16 19 13 17 21 19 30 26 18 17 18 13 34 17 32 24 34 28 23 31 27 30 17 38 29 22 22 20 34 11 17 
24 27 29 28 13 31 17 21 27 26 25 15 19 6 21 16 28 10 29 24 14 15 27 24 20 24 34 37 26 18 20 27 28 18 27 34 12 32 14 16 
21 27 22 36 17 15 24 21 17 30 18 20 24 12 20 18 23 23 24 34 20 19 24 25 20 33 30 31 31 23 34 22 20 29 28 23 15 25 23 22 
10 22 28 40 23 23 7 26 24 23 25 26 12 13 27 24 35 14 28 23 15 28 26 33 24 20 19 24 21 17 27 21 31 36 22 9 13 27 15 23 
22 19 35 22 28 32 17 28 23 32 13 27 15 16 26 28 13 33 31 27 23 24 28 13 22 38 27 12 22 26 33 11 33 28 22 28 20 27 27 29 
14 20 20 18 21 31 16 22 23 31 22 13 18 35 33 16 23 11 26 37 23 27 23 38 16 22 22 27 25 33 35 20 35 24 40 36 23 28 25 25 
12 15 26 23 11 31 19 13 18 23 20 20 18 16 22 33 22 27 30 22 33 22 36 39 28 20 24 10 23 15 23 12 16 29 35 34 19 18 18 14 
9 29 31 18 26 33 23 27 31 30 17 27 10 27 16 29 24 21 19 24 19 26 35 30 16 44 31 28 26 21 30 21 20 33 16 28 15 34 17 13 
19 14 13 37 20 18 19 23 30 26 15 22 11 15 21 25 24 24 29 26 13 19 31 21 16 9 28 19 25 20 18 10 31 22 6 25 21 17 19 21 
18 16 35 27 22 34 13 28 22 25 28 22 12 18 28 29 23 23 19 28 16 32 25 31 22 35 23 14 19 37 36 23 33 33 18 18 18 23 30 21 
19 19 24 17 22 25 17 26 30 40 12 16 15 20 20 52 21 29 22 17 2 21 20 15 25 41 27 22 18 33 39 23 28 34 23 39 12 22 26 16 
16 23 16 41 40 24 19 7 23 22 20 18 11 13 32 21 25 21 12 20 32 25 23 31 17 36 18 18 27 14 14 12 17 34 22 31 26 25 12 23 
18 29 29 33 16 35 15 28 27 37 33 16 16 23 20 38 27 17 25 30 17 43 30 33 20 36 30 23 20 19 23 17 33 30 18 28 13 18 16 24 
16 21 29 22 21 33 21 32 18 28 22 22 16 26 21 39 20 25 17 37 24 27 28 35 26 25 32 22 20 28 18 21 37 38 40 12 11 24 26 27 
18 27 25 27 30 20 18 17 23 27 30 27 23 15 26 15 22 29 20 16 28 24 22 25 19 28 30 14 18 27 30 17 29 27 21 29 18 22 17 22 
19 10 29 35 13 31 15 18 12 26 20 18 19 20 30 30 20 26 47 17 35 16 19 25 14 39 16 31 23 34 27 23 25 25 32 24 20 20 17 23 
13 28 20 32 17 22 12 24 21 31 21 29 8 9 27 31 22 25 11 43 25 24 21 28 21 35 36 29 27 22 21 28 31 25 26 32 25 28 33 19 
8 15 24 27 29 29 17 23 12 29 21 15 9 17 22 39 32 32 23 24 20 15 22 26 26 44 21 18 11 28 17 19 23 22 14 21 13 19 20 29 
13 20 18 25 29 26 14 29 14 22 26 23 17 21 27 41 21 28 33 29 20 32 26 12 18 31 20 17 23 19 41 25 20 22 31 29 21 18 22 25 
18 27 29 13 19 20 23 20 22 30 25 15 16 14 28 4 25 31 19 24 15 16 17 13 20 18 9 30 25 32 20 18 27 33 36 35 29 24 23 19 
19 19 25 24 10 31 9 15 24 24 17 24 14 13 20 36 14 38 22 15 11 19 28 32 28 35 17 18 24 29 31 12 31 33 34 31 17 23 26 28 
20 24 33 35 22 28 14 27 24 7 15 18 10 15 20 35 31 38 21 26 30 25 37 35 16 24 25 25 26 26 24 16 15 17 24 22 20 27 17 30 
11 28 19 35 20 28 13 23 26 29 29 16 17 19 30 23 23 30 13 28 17 34 20 15 10 25 31 16 22 17 25 24 26 42 21 25 20 34 14 28 
19 28 9 38 29 36 18 26 31 31 21 27 22 18 27 24 24 35 23 38 28 29 22 17 26 43 21 14 20 15 30 13 27 15 28 36 18 25 26 22 
14 26 34 19 9 30 24 1 16 16 26 20 21 20 17 26 21 12 14 23 22 19 28 28 18 32 35 26 15 17 26 28 41 27 27 43 17 7 18 12 
18 25 25 23 16 26 18 20 27 27 28 23 13 5 28 29 14 27 29 23 18 39 30 36 18 32 35 26 12 30 37 22 14 27 9 24 18 12 22 17 

MachineCapacities:
MachineID Capacity
0 10
1 10
